%global								
	time	=	1980-1-1/1					
								
%climate								
	name	=	KE_Kapiti_climate					
	archive	=	Savannah_East Africa					
	id	=	0.00					
								
%attributes								
	elevation	=	-99.99					
	latitude	=	-1.63					
	longitude	=	37.15					
								
	wind	speed	=	-99.99				
	cloudiness	=	-99.99					
	rainfall	intensity	=	-99.99				
								
	annual	precipitation	=	-99.99				
	temperature	average	=	-99.99				
	temperature	amplitude	=	-99.99				
								
%data	
*	*	tavg	tmin	tmax	grad	prec	rh	wind
1980	1	19.25	14.12	24.18	280.23	0	62.72	4.63
1980	2	17.98	13.75	23.01	211.09	0.1	72.71	4.88
1980	3	17.25	15.45	20.82	214.32	10.62	87.78	5.48
1980	4	16.94	15.21	19.18	103.83	4.8	89.25	4.65
1980	5	17.62	14.54	21.55	274.51	0.2	77.42	4.38
1980	6	19.42	13.57	24.66	376.05	0	56.91	3.87
1980	7	19.6	14.23	24.56	355.46	0	60.44	4.2
1980	8	19.01	13.81	24.6	361.29	0	73.27	4.48
1980	9	19.48	16.27	24.33	277.82	0	74.98	5.09
1980	10	19.17	15.9	23.54	312.8	0	73.78	4.69
1980	11	19.18	14.34	24.06	300.67	0	70.07	4.13
1980	12	19.84	14.59	25.32	365.58	0	64.35	4.95
1980	13	19.68	13.39	25.11	359.62	0	57.99	4.46
1980	14	19.45	13.8	24.51	341.86	0	57.68	3.85
1980	15	19.78	13.98	24.89	349.03	0	53.19	4.17
1980	16	19.6	14.32	24.98	347.23	0	58.45	4.01
1980	17	19.44	13.62	24.81	280.46	0	61.1	4.05
1980	18	21.2	14.54	27.44	350.85	0	39.06	3.88
1980	19	21.45	15.57	27.25	356.5	0	43.76	3.63
1980	20	20.97	15.4	26.66	353.82	0	53.2	4.18
1980	21	20.88	14.6	26.14	356.25	0	51.04	4.37
1980	22	20.5	16.16	24.79	235.94	0	54.3	4.54
1980	23	20.05	16.04	24.84	262.47	0	65.03	4.02
1980	24	20.01	14.81	25.45	300.24	0	64.15	4.56
1980	25	20.9	14.87	26.58	352.5	0	58.19	4.1
1980	26	18.93	14.78	24.08	340.3	1.72	63.2328	3.64
1980	27	18.93	14.78	24.08	340.3	1.72	63.253312	3.64
1980	28	18.93	14.78	24.08	340.3	1.72	62.87504448	3.64
1980	29	18.93	14.78	24.08	340.3	1.72	61.87884626	3.64
1980	30	18.93	14.78	24.08	340.3	1.72	60.78400011	3.64
1980	31	18.93	14.78	24.08	340.3	1.72	60.11856011	3.64
1980	32	18.93	14.78	24.08	340.3	1.72	60.24690252	3.64
1980	33	18.93	14.78	24.08	340.3	1.72	60.23917862	3.64
1980	34	18.93	14.78	24.08	340.3	1.72	59.71794576	3.64
1980	35	18.93	14.78	24.08	340.3	1.72	59.10746359	3.64
1980	36	18.93	14.78	24.08	340.3	1.72	58.52056214	3.64
1980	37	18.93	14.78	24.08	340.3	1.72	58.05858462	3.64
1980	38	18.93	14.78	24.08	340.3	1.72	57.80692801	3.64
1980	39	18.93	14.78	24.08	340.3	1.72	57.79960513	3.64
1980	40	18.93	14.78	24.08	340.3	1.72	57.80438933	3.64
1980	41	18.93	14.78	24.08	340.3	1.72	57.98896491	3.64
1980	42	18.93	14.78	24.08	340.3	1.72	57.9705235	3.64
1980	43	18.93	14.78	24.08	340.3	1.72	57.84534444	3.64
1980	44	18.93	14.78	24.08	340.3	1.72	58.59675822	3.64
1980	45	18.93	14.78	24.08	340.3	1.72	59.19022855	3.64
1980	46	18.93	14.78	24.08	340.3	1.72	59.42983769	3.64
1980	47	18.93	14.78	24.08	340.3	1.72	59.7654312	3.64
1980	48	18.93	14.78	24.08	340.3	1.72	59.98404845	3.64
1980	49	18.93	14.78	24.08	340.3	1.72	59.78221039	3.64
1980	50	18.93	14.78	24.08	340.3	1.72	59.6074988	3.64
1980	51	18.93	14.78	24.08	340.3	1.72	59.66419875	3.64
1980	52	18.93	14.78	24.08	340.3	1.72	59.5214547	3.64
1980	53	18.93	14.78	24.08	340.3	1.72	59.37218041	3.64
1980	54	18.93	14.78	24.08	340.3	1.72	59.23206585	3.64
1980	55	18.93	14.78	24.08	340.3	1.72	59.12619463	3.64
1980	56	18.93	14.78	24.08	340.3	1.72	59.05988241	3.64
1980	57	18.93	14.78	24.08	340.3	1.72	59.01753531	3.64
1980	58	18.93	14.78	24.08	340.3	1.72	58.96836062	3.64
1980	59	18.93	14.78	24.08	340.3	1.72	58.9175279	3.64
1980	60	18.93	14.78	24.08	352.06	1.72	58.88551118	3.47
1980	61	18.93	14.78	24.08	352.06	1.72	58.87663309	3.47
1980	62	18.93	14.78	24.08	352.06	1.72	58.89087592	3.47
1980	63	18.93	14.78	24.08	352.06	1.72	58.92416758	3.47
1980	64	18.93	14.78	24.08	352.06	1.72	58.96885716	3.47
1980	65	18.93	14.78	24.08	352.06	1.72	59.01562724	3.47
1980	66	18.93	14.78	24.08	352.06	1.72	59.06407676	3.47
1980	67	18.93	14.78	24.08	352.06	1.72	59.10708123	3.47
1980	68	18.93	14.78	24.08	352.06	1.72	59.15254354	3.47
1980	69	18.93	14.78	24.08	352.06	1.72	59.2048315	3.47
1980	70	18.93	14.78	24.08	352.06	1.72	59.22915443	3.47
1980	71	18.93	14.78	24.08	352.06	1.72	59.23071147	3.47
1980	72	18.93	14.78	24.08	352.06	1.72	59.22274642	3.47
1980	73	18.93	14.78	24.08	352.06	1.72	59.20103903	3.47
1980	74	18.93	14.78	24.08	352.06	1.72	59.16971865	3.47
1980	75	18.93	14.78	24.08	352.06	1.72	59.14521898	3.47
1980	76	18.93	14.78	24.08	352.06	1.72	59.12672779	3.47
1980	77	18.93	14.78	24.08	352.06	1.72	59.10522895	3.47
1980	78	18.93	14.78	24.08	352.06	1.72	59.08857992	3.47
1980	79	18.93	14.78	24.08	352.06	1.72	59.0772359	3.47
1980	80	18.93	14.78	24.08	352.06	1.72	59.07104271	3.47
1980	81	18.93	14.78	24.08	352.06	1.72	59.06883663	3.47
1980	82	18.93	14.78	24.08	352.06	1.72	59.0691948	3.47
1980	83	18.93	14.78	24.08	352.06	1.72	59.07126118	3.47
1980	84	18.93	14.78	24.08	352.06	1.72	59.0753772	3.47
1980	85	18.93	14.78	24.08	352.06	1.72	59.08169117	3.47
1980	86	18.93	14.78	24.08	352.06	1.72	59.08953837	3.47
1980	87	18.93	14.78	24.08	352.06	1.72	59.09805458	3.47
1980	88	18.93	14.78	24.08	352.06	1.72	59.10634173	3.47
1980	89	18.93	14.78	24.08	352.06	1.72	59.11362869	3.47
1980	90	18.93	14.78	24.08	352.06	1.72	59.11941956	3.47
1980	91	18.93	14.78	24.08	352.06	1.72	59.12357125	3.47
1980	92	18.93	14.78	24.08	352.06	1.72	59.12595103	3.47
1980	93	18.93	14.78	24.08	352.06	1.72	59.12670582	3.47
1980	94	18.93	14.78	24.08	352.06	1.72	59.12567231	3.47
1980	95	18.93	14.78	24.08	352.06	1.72	59.12250594	3.47
1980	96	18.93	14.78	24.08	352.06	1.72	59.11824	3.47
1980	97	18.93	14.78	24.08	352.06	1.72	59.11374114	3.47
1980	98	18.93	14.78	24.08	352.06	1.72	59.10938093	3.47
1980	99	18.93	14.78	24.08	352.06	1.72	59.10571461	3.47
1980	100	18.93	14.78	24.08	352.06	1.72	59.10315445	3.47
1980	101	18.93	14.78	24.08	352.06	1.72	59.10147187	3.47
1980	102	18.93	14.78	24.08	352.06	1.72	59.10046163	3.47
1980	103	18.93	14.78	24.08	352.06	1.72	59.10027094	3.47
1980	104	18.93	14.78	24.08	352.06	1.72	59.10073858	3.47
1980	105	18.93	14.78	24.08	352.06	1.72	59.10167868	3.47
1980	106	18.93	14.78	24.08	352.06	1.72	59.10290412	3.47
1980	107	18.93	14.78	24.08	352.06	1.72	59.10426682	3.47
1980	108	18.93	14.78	24.08	352.06	1.72	59.1056697	3.47
1980	109	22.3	22.3	22.3	352.06	0	64.7	3.47
1980	110	21.07	17	24.09	352.06	0	71.13	3.74
1980	111	20.16	17.07	25.36	352.06	1	80.23	2.82
1980	112	18.06	16.81	19.59	352.06	17.06	92.29	2.83
1980	113	19.19	15.33	23.64	352.06	0	80.92	2.44
1980	114	20.13	17.32	24.31	352.06	0	81.88	2.65
1980	115	18.92	15.95	22.83	352.06	5.1	86.61	2.42
1980	116	18.55	16.41	22.86	352.06	35	89.17	1.62
1980	117	19.06	15.7	23.06	352.06	0.1	80.9	2.39
1980	118	17.85	16.69	20.08	352.06	11.7	90.83	2.03
1980	119	18.04	15.51	21.49	352.06	0	85.63	2.1
1980	120	18.66	16.79	22.47	352.06	14.3	87.36	2.18
1980	121	18.02	16.16	20.28	352.06	22.6	89.17	2.66
1980	122	18.54	14.62	22.18	352.06	0.6	84.6	2.64
1980	123	18.27	16.54	21.52	352.06	0.1	89.09	3.64
1980	124	18.61	15.12	23.36	352.06	0	83.58	1.96
1980	125	18.67	14.48	23.52	352.06	0	82.14	2.29
1980	126	18.86	15.23	23.42	352.06	0	82.42	2.8
1980	127	18.79	15.61	23.07	352.06	0	83.04	2.71
1980	128	19.09	15.8	23.44	352.06	0	81.1	2.44
1980	129	18.17	16.24	21.58	352.06	0.1	86.29	3.69
1980	130	18.56	16.06	22.68	352.06	0	81.82	3.32
1980	131	18.15	15.1	22.15	352.06	0	82.4	3.2
1980	132	18.06	14.02	23.32	352.06	0	80.69	2.41
1980	133	19.24	15.48	24.25	352.06	0	80.52	2.45
1980	134	19.23	16.33	24.04	352.06	0	79.02	3.41
1980	135	18.59	14.77	23.4	352.06	0	80.56	2.58
1980	136	18.6	14.35	23.74	352.06	0	75.81	2.95
1980	137	19.07	15.98	23.06	352.06	0	78.16	2.98
1980	138	18.29	13.91	22.89	352.06	0	81.01	2.73
1980	139	18.37	14.63	23.8	352.06	0	79.61	2.45
1980	140	19.41	13.13	26.12	352.06	0	72.85	2.35
1980	141	19.27	13.3	24.7	352.06	0	73.65	2.67
1980	142	19.83	15.97	25.45	352.06	0	76.68	2.49
1980	143	19.78	16.04	24.78	352.06	0	77.59	3.21
1980	144	18.99	14.96	23.77	352.06	0	73.95	3.17
1980	145	19.11	14.58	23.87	352.06	0	72.29	3.33
1980	146	18	14.1	22.59	352.06	0	75.42	3.35
1980	147	16.64	12.72	21.05	352.06	0.3	82.01	3.15
1980	148	17.5	14.02	22.45	352.06	0.1	80.72	3.26
1980	149	16.53	14.07	19.75	352.06	2.6	89.1	3.74
1980	150	17.26	13.76	20.82	352.06	0	82.09	2.58
1980	151	18.19	15.48	23.03	165.37	0	78.43	2.52
1980	152	19.1	14.83	24.04	252.18	0	74.88	3.37
1980	153	19.11	15.58	23.99	273.08	2.6	76.13	3.6
1980	154	18	14.69	22.03	69.78	0	80.43	3.46
1980	155	17.66	13.89	22.83	199.47	0	79.68	3.11
1980	156	19.15	14.11	24.66	306.03	0	72.1	2.52
1980	157	18.83	15.25	23.88	200.96	0.2	76.26	3.01
1980	158	18.95	13.44	24.91	360.35	0	62.02	2.54
1980	159	19.36	12.31	26.04	365.95	0	64.25	2.55
1980	160	18.79	15.88	23.8	229.63	0	75.18	3.93
1980	161	18.3	13.62	24.32	251.44	0	74.56	2.85
1980	162	19.59	14.98	24.61	351.39	0	63.15	2.73
1980	163	19.64	14.92	24.48	241.6	0.2	63.95	2.52
1980	164	17.84	13.52	22.29	190.26	0	74.48	2.64
1980	165	18.81	14.98	25.01	245.06	0	78.03	2.24
1980	166	17.89	14.88	21.55	141.38	0	77.07	2.1
1980	167	18.54	14.65	23.95	188.56	0	74.76	2.65
1980	168	16.83	14.59	19.37	54.07	0	80.78	3.03
1980	169	17.38	13.35	22.42	172.24	0	74.23	2.81
1980	170	17.84	12.97	22.96	224.37	0	73.04	2.49
1980	171	18.42	14.65	22.7	138.18	0	77.27	2.83
1980	172	17.83	15.91	20.93	191.66	0	79.93	3.14
1980	173	17.11	14.77	20.05	117.71	0	78.53	2.92
1980	174	16.87	15.44	18.65	61.62	0	81.36	3.27
1980	175	17.72	14.23	22.8	198.47	0	69.59	2.7
1980	176	18.16	13.41	24.21	249.27	0	60.96	2.39
1980	177	16.67	13.5	21.31	115.2	0	76.59	2.67
1980	178	16.59	13.91	20.48	94.91	0	79.69	2.63
1980	179	17.33	12.34	22.77	236.09	0	73.82	2.46
1980	180	16.34	13.54	19.66	114.41	0	79.4	2.51
1980	181	17.5	14.71	21.1	109.4	0	75.77	3.1
1980	182	17.09	14.5	20.39	26.13	0	79.28	3.5
1980	183	16.91	14.71	19.95	85.05	0	75.76	3.45
1980	184	17.14	13.46	21.06	61.39	0	73.3	3.53
1980	185	16.5	13.97	19.82	167.11	0	73.98	3.97
1980	186	15.27	12.43	18.94	12.18	0	79.14	2.19
1980	187	18.06	15.84	19.51	95.63	0	66.31	4.78
1980	188	16.23	14.2	18.34	100.56	0	71.89	4.13
1980	189	16.26	12.37	20.81	159.02	0	72.12	3.26
1980	190	16.77	11.2	23.56	248.11	0	72.19	2.32
1980	191	18.69	10.53	26.26	315.31	0	65.96	2.48
1980	192	18.73	13.05	25.43	289.71	0	67.15	2.61
1980	193	16.82	13.68	20.29	189.55	0	74.61	3
1980	194	16.93	12.67	20.86	192.7	0	72.44	3.07
1980	195	18.08	13.39	23.37	212.77	0	65.2	3.12
1980	196	17.13	12.58	22.48	132.91	0	70.3	2.48
1980	197	16.52	12.53	20.62	203.16	0	72.56	2.49
1980	198	15.86	11.93	19.8	67.65	0	73.96	2.59
1980	199	16.31	12.25	21.51	91.4	0	71.79	3.25
1980	200	16.74	12.41	21.45	65.78	0	73.66	2.79
1980	201	18.82	12.14	25.91	312.23	0	61.97	2.95
1980	202	18.53	13.18	24.25	317.92	0	62.06	3.24
1980	203	17.85	14.49	22.47	64.01	0	70.11	3.15
1980	204	17.62	14.85	21.88	183.78	0	74.82	3.76
1980	205	17.38	13.13	21.38	87.99	0	73.91	2.7
1980	206	18.01	15.6	22.06	164.12	0	74.49	3.37
1980	207	16.77	14.22	22.16	164.8	0	75.2	3.05
1980	208	16.96	12.3	21.48	97.12	0	71.97	2.7
1980	209	16.78	14.6	20.27	100.08	0	75.65	3.99
1980	210	16.67	13.6	21.41	84.46	0	77.88	2.76
1980	211	17.75	12.74	24.26	309.83	0	75.95	2.78
1980	212	18.63	12.91	25.69	320.4	0	71.32	2.99
1980	213	17.26	14.02	21.61	108.1	0	75.7	3.71
1980	214	17.03	13.91	20.32	245.22	0.1	76.65	5.05
1980	215	15.78	15.4	16.35	340.3	0	84.12	3.86
1980	216	18.93	14.78	24.08	340.3	1.72	77.88	3.64
1980	217	18.93	14.78	24.08	340.3	1.72	75.95	3.64
1980	218	18.93	14.78	24.08	340.3	1.72	71.32	3.64
1980	219	18.93	14.78	24.08	340.3	1.72	75.7	3.64
1980	220	19.19	16.1	22.77	340.3	0	60.43	3.98
1980	221	16.3	14.35	19.47	99.72	1.5	82.14	3.25
1980	222	17.41	14.54	21.9	340.3	0	74.2	3.32
1980	223	17.26	13.47	21.84	340.3	0	70.81	2.72
1980	224	16.43	11.83	22.03	340.3	0	69.39	2.8
1980	225	17.57	11.74	23.44	340.3	0	67.25	3.53
1980	226	18.23	12.32	24.09	340.3	0	66.17	3.32
1980	227	19.11	13.96	24.68	340.3	0	69.91	3.56
1980	228	18.74	15.68	22.93	340.3	0	69.27	3.69
1980	229	18.19	14.99	22.6	340.3	0	70.44	3.82
1980	230	17.99	14.35	23.52	340.3	0	68.34	4.51
1980	231	18.84	13.73	25.12	340.3	0	60.16	3.04
1980	232	19.25	12.04	25.81	340.3	0	51.77	3.25
1980	233	19.13	12.72	24.83	340.3	0	55.64	3.8
1980	234	20.08	15.13	25.93	340.3	0	60.22	3.34
1980	235	18.24	12.75	24.9	278.29	0	66.35	3.65
1980	236	18.13	13.52	24.14	286.17	0	67.29	3.42
1980	237	18.43	12.48	24.75	339.26	0	67.22	3.85
1980	238	19.73	14.79	25.96	370.39	0	61.21	3.94
1980	239	19.43	14.24	26.09	348.37	0	62.14	3.64
1980	240	18.38	14.17	23.01	204.73	0	66.11	4.3
1980	241	18.08	13.66	22.52	203.21	0	65.33	4.51
1980	242	18.02	15.12	21.84	184.28	0	72.23	4.32
1980	243	18.07	15.24	22.71	132.61	0	72.33	3.66
1980	244	18.87	15.46	23.51	134.25	0	70.98	3.71
1980	245	18.68	15.53	23.49	177.46	0	71.85	3.22
1980	246	18.9	12.73	25.89	309.28	0	65.73	3.63
1980	247	18.78	14.35	24.48	183.69	0	65.77	3.56
1980	248	19.63	13.74	25.63	239.41	0	65.78	3.22
1980	249	20.42	13.62	26.98	276.93	0	59.99	2.42
1980	250	18.55	15.47	24.24	183.01	23.2	79.81	2.36
1980	251	17.83	15.35	20.88	216.31	1.5	84.97	3.37
1980	252	17.63	15.18	20.3	237.69	0	79.53	3.56
1980	253	18.7	13.12	24.8	304.84	0	69.46	3.47
1980	254	19.63	15.06	25.4	286.39	0	68.96	3.1
1980	255	20.1	15.27	26.39	311.18	0	70.71	2.69
1980	256	18.54	15.58	23.43	212.37	0	78.29	3.58
1980	257	19.3	15.09	24.61	303.08	0	61.66	4.59
1980	258	18.25	15.11	22.31	305.08	0	70.57	3.47
1980	259	19.19	13.58	25.41	335.8	0	67.65	3.06
1980	260	20.08	15.78	27.18	352.88	7.9	69.76	3.16
1980	261	19.27	15.2	24.9	296.61	0	71.05	3.53
1980	262	19.43	14.03	24.85	321.49	0	70.28	3.57
1980	263	20.13	15.04	27.25	425.01	0	68.7	2.81
1980	264	20.11	14.46	26.74	335.61	0	68.67	3.61
1980	265	20.33	15.96	25.85	292.61	0	63.45	4.06
1980	266	19.54	15.6	24.75	214.41	0	65.68	4.21
1980	267	18.87	16.08	24.31	306.57	0	72.24	4.2
1980	268	20.51	14.71	27.22	310.98	0	58.63	3.17
1980	269	20.23	13.96	27.28	291.16	0	64.9	2.78
1980	270	20.27	14.8	26.27	303.74	0	67.24	3.51
1980	271	18.89	16.03	22.69	79.8	0	71.98	3.83
1980	272	19.89	13.95	26.59	315.98	0	67.54	3.7
1980	273	19.74	15.23	26.4	221.85	0	71.17	4.05
1980	274	20.87	16.39	27.58	279.48	0	66.11	3.52
1980	275	20.79	14.59	27.58	290.74	0	61.65	3.22
1980	276	18.98	12.25	25.45	355.89	0	61.51	3.36
1980	277	17.97	16.28	21.07	340.3	0	79.37	4.62
1980	278	18.71	15.17	23.32	340.3	0.1	73.05	3.82
1980	279	20.09	15.8	26.43	340.3	0	67.62	4.09
1980	280	20.12	14.92	26.08	340.3	0	59.02	3.57
1980	281	20.74	13.07	27.9	340.3	0	56.38	3.34
1980	282	21.15	14.46	27.94	340.3	0	61.27	4.24
1980	283	20.8	16.31	27.4	340.3	0	66.42	5.2
1980	284	20.65	14.57	26.53	340.3	0	61.27	4.42
1980	285	21.22	14.61	27.95	29.44	0	58.16	4.01
1980	286	22.07	14.44	29.04	427.23	0	57.17	3.61
1980	287	22.09	16.24	28.14	428.3	0	64.39	5.2
1980	288	21.94	17.65	27.56	348.26	0	67.16	5.57
1980	289	20.65	16.41	25.56	391.86	0.5	73	4.75
1980	290	20.59	17	26.7	287.02	0.1	72.18	3.44
1980	291	21.14	17.4	25.88	391.89	0	71.74	4.22
1980	292	19.67	16.88	24.57	333	0.9	79.34	4.75
1980	293	19.63	14.75	24.34	333.2	0	70.86	3.97
1980	294	20.13	15.77	25.43	317.38	0	68.67	4.18
1980	295	21.29	16.21	26.31	335.48	0	56.17	3.38
1980	296	20.92	15.51	26.96	386.79	0	56.58	3.52
1980	297	21.26	15.27	26.84	361.83	0	62.73	3.41
1980	298	21.43	17.08	26.31	373.89	0	67.31	4.54
1980	299	19.75	16.89	24.27	302.02	1.9	76.47	4.64
1980	300	19.99	16.11	24.47	275.17	0	70.49	3.55
1980	301	20.44	15.29	26.18	299.92	0	67.55	3.87
1980	302	20.44	16.2	25.09	293.17	0	66.86	3.74
1980	303	19.84	16.07	25.11	320.12	0	72.71	4.13
1980	304	19.58	16.66	24.13	286.44	4.5	78.4	4.26
1980	305	20.19	15.98	25.04	301.58	0	72.37	3.77
1980	306	18.89	16.55	22.21	304.4	32.9	85.22	3.63
1980	307	18.28	16.62	22.5	326.5	8.3	88.67	3.3
1980	308	18.22	15.53	21.34	294.16	8.6	84.66	3.2
1980	309	18.8	16.42	23.16	313	7.2	85.41	3
1980	310	19.32	16.17	24.13	442.3	28.39	81.98	3.32
1980	311	19.12	15.6	23.81	471.37	35.8	82.53	2.9
1980	312	18.59	16.89	21.94	329.38	3.1	88.16	3.48
1980	313	19.14	15.53	23.06	388.75	0	78.03	3.7
1980	314	18.8	16.01	22.5	265.7	17.8	85.21	3.72
1980	315	18.04	15.14	21.42	278.59	11.1	87.17	4.04
1980	316	18.82	16.5	23.13	342.78	4.4	86.05	3.73
1980	317	18.97	16.48	22.72	418.36	3.9	87.41	4.58
1980	318	18.57	16.33	23.09	332.43	22.2	89.79	2.51
1980	319	18.42	16.63	22.5	327.11	5.7	89.16	3.26
1980	320	18.56	16.26	22.07	379.33	6.6	87.77	3.73
1980	321	18.58	16.27	22.19	301.92	2.5	87.67	3.39
1980	322	19.16	16.24	23.04	360.37	1.74	82.42	3.52
1980	323	19.33	16.45	23.33	426.02	1.4	82.05	3.47
1980	324	18.81	15.89	23.3	398.04	0.4	85.17	3.46
1980	325	18.89	16.91	22.18	319.64	14.2	87.74	3.58
1980	326	18.29	16.52	21.89	360.61	8.7	91.68	4.05
1980	327	18.41	16.01	21.81	332.88	3.6	87.89	4.08
1980	328	18.6	16.2	22.59	392.39	9	87.44	3.59
1980	329	18.63	16.17	22.4	319.92	6.8	87.22	2.76
1980	330	18.31	15.64	21.96	339	8.4	89.85	3.28
1980	331	19.47	15.78	24.04	471.51	2.6	77.23	3.81
1980	332	19.07	16.67	23.43	349.55	0	83.95	3.15
1980	333	19.54	16.52	23.98	498.21	0	75.99	3.76
1980	334	19.2	15.46	23.4	483.41	0	72.17	3.74
1980	335	19.08	14.87	23.94	461.96	0	71.36	3.2
1980	336	19.51	14.76	24.39	411.98	0	75.32	3.14
1980	337	19.26	16.65	23.41	401.68	0	82.54	3.88
1980	338	18.98	15.93	23.5	363.5	0	80.18	3.54
1980	339	19.21	15.7	24.03	404.09	0	75.45	2.89
1980	340	19.08	16.36	23.58	383.18	0	79.45	2.86
1980	341	19.16	13.78	24.68	473.77	0	76.59	2.78
1980	342	19.31	14.63	24.83	446.49	0	70.69	2.85
1980	343	18.69	14.4	23.86	398.57	0	78.08	2.72
1980	344	19.39	16.5	23.57	397.26	0.8	80.59	4.16
1980	345	19.18	15.52	23.85	396.18	0.1	80.1	3.6
1980	346	19.24	15	24.28	353.75	0	81.24	2.85
1980	347	19.64	15.87	24.75	349.7	0	82.55	2.64
1980	348	19.65	17.22	23.88	355.75	0.1	85.12	3.01
1980	349	18.97	16.04	22.86	373.16	4.7	87.32	4.19
1980	350	18.27	16.3	21.59	235.59	0	85.91	4.21
1980	351	18.93	15.66	23.38	376.45	0	79.05	3.99
1980	352	18.79	15.6	23.31	400.29	0.1	80.3	3.54
1980	353	19.29	16.03	23.73	350.94	0	76.19	2.57
1980	354	18.81	14.53	23.85	403.15	0	78.18	2.74
1980	355	19.55	15.62	24.47	407.99	0	74.8	3.57
1980	356	19.31	15.92	23.7	323.94	2.2	83.67	3.45
1980	357	18.94	16.36	23.24	309.77	6.7	86.91	3.82
1980	358	20.22	16.91	24.8	409.78	0.7	81.63	3.41
1980	359	20.3	17.16	25.01	417.6	0	83.61	3.95
1980	360	18.96	16.81	22.36	248.07	0.6	86.86	4.58
1980	361	18.91	14.84	23.14	434.42	0	73.13	3.85
1980	362	19.96	15.72	24.86	444.77	0	68.75	3.05
1980	363	20.22	15.6	25.2	410.62	0	77.61	2.63
1980	364	20.21	16.76	25.21	330.63	0	81.03	3.1
1980	365	20.6	17.19	25.44	386.32	0	78.05	2.63
1981	1	19.25	14.12	24.18	280.23	0	62.72	4.63
1981	2	17.98	13.75	23.01	211.09	0.1	72.71	4.88
1981	3	17.25	15.45	20.82	214.32	10.62	87.78	5.48
1981	4	16.94	15.21	19.18	103.83	4.8	89.25	4.65
1981	5	17.62	14.54	21.55	274.51	0.2	77.42	4.38
1981	6	19.42	13.57	24.66	376.05	0	56.91	3.87
1981	7	19.6	14.23	24.56	355.46	0	60.44	4.2
1981	8	19.01	13.81	24.6	361.29	0	73.27	4.48
1981	9	19.48	16.27	24.33	277.82	0	74.98	5.09
1981	10	19.17	15.9	23.54	312.8	0	73.78	4.69
1981	11	19.18	14.34	24.06	300.67	0	70.07	4.13
1981	12	19.84	14.59	25.32	365.58	0	64.35	4.95
1981	13	19.68	13.39	25.11	359.62	0	57.99	4.46
1981	14	19.45	13.8	24.51	341.86	0	57.68	3.85
1981	15	19.78	13.98	24.89	349.03	0	53.19	4.17
1981	16	19.6	14.32	24.98	347.23	0	58.45	4.01
1981	17	19.44	13.62	24.81	280.46	0	61.1	4.05
1981	18	21.2	14.54	27.44	350.85	0	39.06	3.88
1981	19	21.45	15.57	27.25	356.5	0	43.76	3.63
1981	20	20.97	15.4	26.66	353.82	0	53.2	4.18
1981	21	20.88	14.6	26.14	356.25	0	51.04	4.37
1981	22	20.5	16.16	24.79	235.94	0	54.3	4.54
1981	23	20.05	16.04	24.84	262.47	0	65.03	4.02
1981	24	20.01	14.81	25.45	300.24	0	64.15	4.56
1981	25	20.9	14.87	26.58	352.5	0	58.19	4.1
1981	26	18.93	14.78	24.08	340.3	1.72	63.2328	3.64
1981	27	18.93	14.78	24.08	340.3	1.72	63.253312	3.64
1981	28	18.93	14.78	24.08	340.3	1.72	62.87504448	3.64
1981	29	18.93	14.78	24.08	340.3	1.72	61.87884626	3.64
1981	30	18.93	14.78	24.08	340.3	1.72	60.78400011	3.64
1981	31	18.93	14.78	24.08	340.3	1.72	60.11856011	3.64
1981	32	18.93	14.78	24.08	340.3	1.72	60.24690252	3.64
1981	33	18.93	14.78	24.08	340.3	1.72	60.23917862	3.64
1981	34	18.93	14.78	24.08	340.3	1.72	59.71794576	3.64
1981	35	18.93	14.78	24.08	340.3	1.72	59.10746359	3.64
1981	36	18.93	14.78	24.08	340.3	1.72	58.52056214	3.64
1981	37	18.93	14.78	24.08	340.3	1.72	58.05858462	3.64
1981	38	18.93	14.78	24.08	340.3	1.72	57.80692801	3.64
1981	39	18.93	14.78	24.08	340.3	1.72	57.79960513	3.64
1981	40	18.93	14.78	24.08	340.3	1.72	57.80438933	3.64
1981	41	18.93	14.78	24.08	340.3	1.72	57.98896491	3.64
1981	42	18.93	14.78	24.08	340.3	1.72	57.9705235	3.64
1981	43	18.93	14.78	24.08	340.3	1.72	57.84534444	3.64
1981	44	18.93	14.78	24.08	340.3	1.72	58.59675822	3.64
1981	45	18.93	14.78	24.08	340.3	1.72	59.19022855	3.64
1981	46	18.93	14.78	24.08	340.3	1.72	59.42983769	3.64
1981	47	18.93	14.78	24.08	340.3	1.72	59.7654312	3.64
1981	48	18.93	14.78	24.08	340.3	1.72	59.98404845	3.64
1981	49	18.93	14.78	24.08	340.3	1.72	59.78221039	3.64
1981	50	18.93	14.78	24.08	340.3	1.72	59.6074988	3.64
1981	51	18.93	14.78	24.08	340.3	1.72	59.66419875	3.64
1981	52	18.93	14.78	24.08	340.3	1.72	59.5214547	3.64
1981	53	18.93	14.78	24.08	340.3	1.72	59.37218041	3.64
1981	54	18.93	14.78	24.08	340.3	1.72	59.23206585	3.64
1981	55	18.93	14.78	24.08	340.3	1.72	59.12619463	3.64
1981	56	18.93	14.78	24.08	340.3	1.72	59.05988241	3.64
1981	57	18.93	14.78	24.08	340.3	1.72	59.01753531	3.64
1981	58	18.93	14.78	24.08	340.3	1.72	58.96836062	3.64
1981	59	18.93	14.78	24.08	340.3	1.72	58.9175279	3.64
1981	60	18.93	14.78	24.08	352.06	1.72	58.88551118	3.47
1981	61	18.93	14.78	24.08	352.06	1.72	58.87663309	3.47
1981	62	18.93	14.78	24.08	352.06	1.72	58.89087592	3.47
1981	63	18.93	14.78	24.08	352.06	1.72	58.92416758	3.47
1981	64	18.93	14.78	24.08	352.06	1.72	58.96885716	3.47
1981	65	18.93	14.78	24.08	352.06	1.72	59.01562724	3.47
1981	66	18.93	14.78	24.08	352.06	1.72	59.06407676	3.47
1981	67	18.93	14.78	24.08	352.06	1.72	59.10708123	3.47
1981	68	18.93	14.78	24.08	352.06	1.72	59.15254354	3.47
1981	69	18.93	14.78	24.08	352.06	1.72	59.2048315	3.47
1981	70	18.93	14.78	24.08	352.06	1.72	59.22915443	3.47
1981	71	18.93	14.78	24.08	352.06	1.72	59.23071147	3.47
1981	72	18.93	14.78	24.08	352.06	1.72	59.22274642	3.47
1981	73	18.93	14.78	24.08	352.06	1.72	59.20103903	3.47
1981	74	18.93	14.78	24.08	352.06	1.72	59.16971865	3.47
1981	75	18.93	14.78	24.08	352.06	1.72	59.14521898	3.47
1981	76	18.93	14.78	24.08	352.06	1.72	59.12672779	3.47
1981	77	18.93	14.78	24.08	352.06	1.72	59.10522895	3.47
1981	78	18.93	14.78	24.08	352.06	1.72	59.08857992	3.47
1981	79	18.93	14.78	24.08	352.06	1.72	59.0772359	3.47
1981	80	18.93	14.78	24.08	352.06	1.72	59.07104271	3.47
1981	81	18.93	14.78	24.08	352.06	1.72	59.06883663	3.47
1981	82	18.93	14.78	24.08	352.06	1.72	59.0691948	3.47
1981	83	18.93	14.78	24.08	352.06	1.72	59.07126118	3.47
1981	84	18.93	14.78	24.08	352.06	1.72	59.0753772	3.47
1981	85	18.93	14.78	24.08	352.06	1.72	59.08169117	3.47
1981	86	18.93	14.78	24.08	352.06	1.72	59.08953837	3.47
1981	87	18.93	14.78	24.08	352.06	1.72	59.09805458	3.47
1981	88	18.93	14.78	24.08	352.06	1.72	59.10634173	3.47
1981	89	18.93	14.78	24.08	352.06	1.72	59.11362869	3.47
1981	90	18.93	14.78	24.08	352.06	1.72	59.11941956	3.47
1981	91	18.93	14.78	24.08	352.06	1.72	59.12357125	3.47
1981	92	18.93	14.78	24.08	352.06	1.72	59.12595103	3.47
1981	93	18.93	14.78	24.08	352.06	1.72	59.12670582	3.47
1981	94	18.93	14.78	24.08	352.06	1.72	59.12567231	3.47
1981	95	18.93	14.78	24.08	352.06	1.72	59.12250594	3.47
1981	96	18.93	14.78	24.08	352.06	1.72	59.11824	3.47
1981	97	18.93	14.78	24.08	352.06	1.72	59.11374114	3.47
1981	98	18.93	14.78	24.08	352.06	1.72	59.10938093	3.47
1981	99	18.93	14.78	24.08	352.06	1.72	59.10571461	3.47
1981	100	18.93	14.78	24.08	352.06	1.72	59.10315445	3.47
1981	101	18.93	14.78	24.08	352.06	1.72	59.10147187	3.47
1981	102	18.93	14.78	24.08	352.06	1.72	59.10046163	3.47
1981	103	18.93	14.78	24.08	352.06	1.72	59.10027094	3.47
1981	104	18.93	14.78	24.08	352.06	1.72	59.10073858	3.47
1981	105	18.93	14.78	24.08	352.06	1.72	59.10167868	3.47
1981	106	18.93	14.78	24.08	352.06	1.72	59.10290412	3.47
1981	107	18.93	14.78	24.08	352.06	1.72	59.10426682	3.47
1981	108	18.93	14.78	24.08	352.06	1.72	59.1056697	3.47
1981	109	22.3	22.3	22.3	352.06	0	64.7	3.47
1981	110	21.07	17	24.09	352.06	0	71.13	3.74
1981	111	20.16	17.07	25.36	352.06	1	80.23	2.82
1981	112	18.06	16.81	19.59	352.06	17.06	92.29	2.83
1981	113	19.19	15.33	23.64	352.06	0	80.92	2.44
1981	114	20.13	17.32	24.31	352.06	0	81.88	2.65
1981	115	18.92	15.95	22.83	352.06	5.1	86.61	2.42
1981	116	18.55	16.41	22.86	352.06	35	89.17	1.62
1981	117	19.06	15.7	23.06	352.06	0.1	80.9	2.39
1981	118	17.85	16.69	20.08	352.06	11.7	90.83	2.03
1981	119	18.04	15.51	21.49	352.06	0	85.63	2.1
1981	120	18.66	16.79	22.47	352.06	14.3	87.36	2.18
1981	121	18.02	16.16	20.28	352.06	22.6	89.17	2.66
1981	122	18.54	14.62	22.18	352.06	0.6	84.6	2.64
1981	123	18.27	16.54	21.52	352.06	0.1	89.09	3.64
1981	124	18.61	15.12	23.36	352.06	0	83.58	1.96
1981	125	18.67	14.48	23.52	352.06	0	82.14	2.29
1981	126	18.86	15.23	23.42	352.06	0	82.42	2.8
1981	127	18.79	15.61	23.07	352.06	0	83.04	2.71
1981	128	19.09	15.8	23.44	352.06	0	81.1	2.44
1981	129	18.17	16.24	21.58	352.06	0.1	86.29	3.69
1981	130	18.56	16.06	22.68	352.06	0	81.82	3.32
1981	131	18.15	15.1	22.15	352.06	0	82.4	3.2
1981	132	18.06	14.02	23.32	352.06	0	80.69	2.41
1981	133	19.24	15.48	24.25	352.06	0	80.52	2.45
1981	134	19.23	16.33	24.04	352.06	0	79.02	3.41
1981	135	18.59	14.77	23.4	352.06	0	80.56	2.58
1981	136	18.6	14.35	23.74	352.06	0	75.81	2.95
1981	137	19.07	15.98	23.06	352.06	0	78.16	2.98
1981	138	18.29	13.91	22.89	352.06	0	81.01	2.73
1981	139	18.37	14.63	23.8	352.06	0	79.61	2.45
1981	140	19.41	13.13	26.12	352.06	0	72.85	2.35
1981	141	19.27	13.3	24.7	352.06	0	73.65	2.67
1981	142	19.83	15.97	25.45	352.06	0	76.68	2.49
1981	143	19.78	16.04	24.78	352.06	0	77.59	3.21
1981	144	18.99	14.96	23.77	352.06	0	73.95	3.17
1981	145	19.11	14.58	23.87	352.06	0	72.29	3.33
1981	146	18	14.1	22.59	352.06	0	75.42	3.35
1981	147	16.64	12.72	21.05	352.06	0.3	82.01	3.15
1981	148	17.5	14.02	22.45	352.06	0.1	80.72	3.26
1981	149	16.53	14.07	19.75	352.06	2.6	89.1	3.74
1981	150	17.26	13.76	20.82	352.06	0	82.09	2.58
1981	151	18.19	15.48	23.03	165.37	0	78.43	2.52
1981	152	19.1	14.83	24.04	252.18	0	74.88	3.37
1981	153	19.11	15.58	23.99	273.08	2.6	76.13	3.6
1981	154	18	14.69	22.03	69.78	0	80.43	3.46
1981	155	17.66	13.89	22.83	199.47	0	79.68	3.11
1981	156	19.15	14.11	24.66	306.03	0	72.1	2.52
1981	157	18.83	15.25	23.88	200.96	0.2	76.26	3.01
1981	158	18.95	13.44	24.91	360.35	0	62.02	2.54
1981	159	19.36	12.31	26.04	365.95	0	64.25	2.55
1981	160	18.79	15.88	23.8	229.63	0	75.18	3.93
1981	161	18.3	13.62	24.32	251.44	0	74.56	2.85
1981	162	19.59	14.98	24.61	351.39	0	63.15	2.73
1981	163	19.64	14.92	24.48	241.6	0.2	63.95	2.52
1981	164	17.84	13.52	22.29	190.26	0	74.48	2.64
1981	165	18.81	14.98	25.01	245.06	0	78.03	2.24
1981	166	17.89	14.88	21.55	141.38	0	77.07	2.1
1981	167	18.54	14.65	23.95	188.56	0	74.76	2.65
1981	168	16.83	14.59	19.37	54.07	0	80.78	3.03
1981	169	17.38	13.35	22.42	172.24	0	74.23	2.81
1981	170	17.84	12.97	22.96	224.37	0	73.04	2.49
1981	171	18.42	14.65	22.7	138.18	0	77.27	2.83
1981	172	17.83	15.91	20.93	191.66	0	79.93	3.14
1981	173	17.11	14.77	20.05	117.71	0	78.53	2.92
1981	174	16.87	15.44	18.65	61.62	0	81.36	3.27
1981	175	17.72	14.23	22.8	198.47	0	69.59	2.7
1981	176	18.16	13.41	24.21	249.27	0	60.96	2.39
1981	177	16.67	13.5	21.31	115.2	0	76.59	2.67
1981	178	16.59	13.91	20.48	94.91	0	79.69	2.63
1981	179	17.33	12.34	22.77	236.09	0	73.82	2.46
1981	180	16.34	13.54	19.66	114.41	0	79.4	2.51
1981	181	17.5	14.71	21.1	109.4	0	75.77	3.1
1981	182	17.09	14.5	20.39	26.13	0	79.28	3.5
1981	183	16.91	14.71	19.95	85.05	0	75.76	3.45
1981	184	17.14	13.46	21.06	61.39	0	73.3	3.53
1981	185	16.5	13.97	19.82	167.11	0	73.98	3.97
1981	186	15.27	12.43	18.94	12.18	0	79.14	2.19
1981	187	18.06	15.84	19.51	95.63	0	66.31	4.78
1981	188	16.23	14.2	18.34	100.56	0	71.89	4.13
1981	189	16.26	12.37	20.81	159.02	0	72.12	3.26
1981	190	16.77	11.2	23.56	248.11	0	72.19	2.32
1981	191	18.69	10.53	26.26	315.31	0	65.96	2.48
1981	192	18.73	13.05	25.43	289.71	0	67.15	2.61
1981	193	16.82	13.68	20.29	189.55	0	74.61	3
1981	194	16.93	12.67	20.86	192.7	0	72.44	3.07
1981	195	18.08	13.39	23.37	212.77	0	65.2	3.12
1981	196	17.13	12.58	22.48	132.91	0	70.3	2.48
1981	197	16.52	12.53	20.62	203.16	0	72.56	2.49
1981	198	15.86	11.93	19.8	67.65	0	73.96	2.59
1981	199	16.31	12.25	21.51	91.4	0	71.79	3.25
1981	200	16.74	12.41	21.45	65.78	0	73.66	2.79
1981	201	18.82	12.14	25.91	312.23	0	61.97	2.95
1981	202	18.53	13.18	24.25	317.92	0	62.06	3.24
1981	203	17.85	14.49	22.47	64.01	0	70.11	3.15
1981	204	17.62	14.85	21.88	183.78	0	74.82	3.76
1981	205	17.38	13.13	21.38	87.99	0	73.91	2.7
1981	206	18.01	15.6	22.06	164.12	0	74.49	3.37
1981	207	16.77	14.22	22.16	164.8	0	75.2	3.05
1981	208	16.96	12.3	21.48	97.12	0	71.97	2.7
1981	209	16.78	14.6	20.27	100.08	0	75.65	3.99
1981	210	16.67	13.6	21.41	84.46	0	77.88	2.76
1981	211	17.75	12.74	24.26	309.83	0	75.95	2.78
1981	212	18.63	12.91	25.69	320.4	0	71.32	2.99
1981	213	17.26	14.02	21.61	108.1	0	75.7	3.71
1981	214	17.03	13.91	20.32	245.22	0.1	76.65	5.05
1981	215	15.78	15.4	16.35	340.3	0	84.12	3.86
1981	216	18.93	14.78	24.08	340.3	1.72	77.88	3.64
1981	217	18.93	14.78	24.08	340.3	1.72	75.95	3.64
1981	218	18.93	14.78	24.08	340.3	1.72	71.32	3.64
1981	219	18.93	14.78	24.08	340.3	1.72	75.7	3.64
1981	220	19.19	16.1	22.77	340.3	0	60.43	3.98
1981	221	16.3	14.35	19.47	99.72	1.5	82.14	3.25
1981	222	17.41	14.54	21.9	340.3	0	74.2	3.32
1981	223	17.26	13.47	21.84	340.3	0	70.81	2.72
1981	224	16.43	11.83	22.03	340.3	0	69.39	2.8
1981	225	17.57	11.74	23.44	340.3	0	67.25	3.53
1981	226	18.23	12.32	24.09	340.3	0	66.17	3.32
1981	227	19.11	13.96	24.68	340.3	0	69.91	3.56
1981	228	18.74	15.68	22.93	340.3	0	69.27	3.69
1981	229	18.19	14.99	22.6	340.3	0	70.44	3.82
1981	230	17.99	14.35	23.52	340.3	0	68.34	4.51
1981	231	18.84	13.73	25.12	340.3	0	60.16	3.04
1981	232	19.25	12.04	25.81	340.3	0	51.77	3.25
1981	233	19.13	12.72	24.83	340.3	0	55.64	3.8
1981	234	20.08	15.13	25.93	340.3	0	60.22	3.34
1981	235	18.24	12.75	24.9	278.29	0	66.35	3.65
1981	236	18.13	13.52	24.14	286.17	0	67.29	3.42
1981	237	18.43	12.48	24.75	339.26	0	67.22	3.85
1981	238	19.73	14.79	25.96	370.39	0	61.21	3.94
1981	239	19.43	14.24	26.09	348.37	0	62.14	3.64
1981	240	18.38	14.17	23.01	204.73	0	66.11	4.3
1981	241	18.08	13.66	22.52	203.21	0	65.33	4.51
1981	242	18.02	15.12	21.84	184.28	0	72.23	4.32
1981	243	18.07	15.24	22.71	132.61	0	72.33	3.66
1981	244	18.87	15.46	23.51	134.25	0	70.98	3.71
1981	245	18.68	15.53	23.49	177.46	0	71.85	3.22
1981	246	18.9	12.73	25.89	309.28	0	65.73	3.63
1981	247	18.78	14.35	24.48	183.69	0	65.77	3.56
1981	248	19.63	13.74	25.63	239.41	0	65.78	3.22
1981	249	20.42	13.62	26.98	276.93	0	59.99	2.42
1981	250	18.55	15.47	24.24	183.01	23.2	79.81	2.36
1981	251	17.83	15.35	20.88	216.31	1.5	84.97	3.37
1981	252	17.63	15.18	20.3	237.69	0	79.53	3.56
1981	253	18.7	13.12	24.8	304.84	0	69.46	3.47
1981	254	19.63	15.06	25.4	286.39	0	68.96	3.1
1981	255	20.1	15.27	26.39	311.18	0	70.71	2.69
1981	256	18.54	15.58	23.43	212.37	0	78.29	3.58
1981	257	19.3	15.09	24.61	303.08	0	61.66	4.59
1981	258	18.25	15.11	22.31	305.08	0	70.57	3.47
1981	259	19.19	13.58	25.41	335.8	0	67.65	3.06
1981	260	20.08	15.78	27.18	352.88	7.9	69.76	3.16
1981	261	19.27	15.2	24.9	296.61	0	71.05	3.53
1981	262	19.43	14.03	24.85	321.49	0	70.28	3.57
1981	263	20.13	15.04	27.25	425.01	0	68.7	2.81
1981	264	20.11	14.46	26.74	335.61	0	68.67	3.61
1981	265	20.33	15.96	25.85	292.61	0	63.45	4.06
1981	266	19.54	15.6	24.75	214.41	0	65.68	4.21
1981	267	18.87	16.08	24.31	306.57	0	72.24	4.2
1981	268	20.51	14.71	27.22	310.98	0	58.63	3.17
1981	269	20.23	13.96	27.28	291.16	0	64.9	2.78
1981	270	20.27	14.8	26.27	303.74	0	67.24	3.51
1981	271	18.89	16.03	22.69	79.8	0	71.98	3.83
1981	272	19.89	13.95	26.59	315.98	0	67.54	3.7
1981	273	19.74	15.23	26.4	221.85	0	71.17	4.05
1981	274	20.87	16.39	27.58	279.48	0	66.11	3.52
1981	275	20.79	14.59	27.58	290.74	0	61.65	3.22
1981	276	18.98	12.25	25.45	355.89	0	61.51	3.36
1981	277	17.97	16.28	21.07	340.3	0	79.37	4.62
1981	278	18.71	15.17	23.32	340.3	0.1	73.05	3.82
1981	279	20.09	15.8	26.43	340.3	0	67.62	4.09
1981	280	20.12	14.92	26.08	340.3	0	59.02	3.57
1981	281	20.74	13.07	27.9	340.3	0	56.38	3.34
1981	282	21.15	14.46	27.94	340.3	0	61.27	4.24
1981	283	20.8	16.31	27.4	340.3	0	66.42	5.2
1981	284	20.65	14.57	26.53	340.3	0	61.27	4.42
1981	285	21.22	14.61	27.95	29.44	0	58.16	4.01
1981	286	22.07	14.44	29.04	427.23	0	57.17	3.61
1981	287	22.09	16.24	28.14	428.3	0	64.39	5.2
1981	288	21.94	17.65	27.56	348.26	0	67.16	5.57
1981	289	20.65	16.41	25.56	391.86	0.5	73	4.75
1981	290	20.59	17	26.7	287.02	0.1	72.18	3.44
1981	291	21.14	17.4	25.88	391.89	0	71.74	4.22
1981	292	19.67	16.88	24.57	333	0.9	79.34	4.75
1981	293	19.63	14.75	24.34	333.2	0	70.86	3.97
1981	294	20.13	15.77	25.43	317.38	0	68.67	4.18
1981	295	21.29	16.21	26.31	335.48	0	56.17	3.38
1981	296	20.92	15.51	26.96	386.79	0	56.58	3.52
1981	297	21.26	15.27	26.84	361.83	0	62.73	3.41
1981	298	21.43	17.08	26.31	373.89	0	67.31	4.54
1981	299	19.75	16.89	24.27	302.02	1.9	76.47	4.64
1981	300	19.99	16.11	24.47	275.17	0	70.49	3.55
1981	301	20.44	15.29	26.18	299.92	0	67.55	3.87
1981	302	20.44	16.2	25.09	293.17	0	66.86	3.74
1981	303	19.84	16.07	25.11	320.12	0	72.71	4.13
1981	304	19.58	16.66	24.13	286.44	4.5	78.4	4.26
1981	305	20.19	15.98	25.04	301.58	0	72.37	3.77
1981	306	18.89	16.55	22.21	304.4	32.9	85.22	3.63
1981	307	18.28	16.62	22.5	326.5	8.3	88.67	3.3
1981	308	18.22	15.53	21.34	294.16	8.6	84.66	3.2
1981	309	18.8	16.42	23.16	313	7.2	85.41	3
1981	310	19.32	16.17	24.13	442.3	28.39	81.98	3.32
1981	311	19.12	15.6	23.81	471.37	35.8	82.53	2.9
1981	312	18.59	16.89	21.94	329.38	3.1	88.16	3.48
1981	313	19.14	15.53	23.06	388.75	0	78.03	3.7
1981	314	18.8	16.01	22.5	265.7	17.8	85.21	3.72
1981	315	18.04	15.14	21.42	278.59	11.1	87.17	4.04
1981	316	18.82	16.5	23.13	342.78	4.4	86.05	3.73
1981	317	18.97	16.48	22.72	418.36	3.9	87.41	4.58
1981	318	18.57	16.33	23.09	332.43	22.2	89.79	2.51
1981	319	18.42	16.63	22.5	327.11	5.7	89.16	3.26
1981	320	18.56	16.26	22.07	379.33	6.6	87.77	3.73
1981	321	18.58	16.27	22.19	301.92	2.5	87.67	3.39
1981	322	19.16	16.24	23.04	360.37	1.74	82.42	3.52
1981	323	19.33	16.45	23.33	426.02	1.4	82.05	3.47
1981	324	18.81	15.89	23.3	398.04	0.4	85.17	3.46
1981	325	18.89	16.91	22.18	319.64	14.2	87.74	3.58
1981	326	18.29	16.52	21.89	360.61	8.7	91.68	4.05
1981	327	18.41	16.01	21.81	332.88	3.6	87.89	4.08
1981	328	18.6	16.2	22.59	392.39	9	87.44	3.59
1981	329	18.63	16.17	22.4	319.92	6.8	87.22	2.76
1981	330	18.31	15.64	21.96	339	8.4	89.85	3.28
1981	331	19.47	15.78	24.04	471.51	2.6	77.23	3.81
1981	332	19.07	16.67	23.43	349.55	0	83.95	3.15
1981	333	19.54	16.52	23.98	498.21	0	75.99	3.76
1981	334	19.2	15.46	23.4	483.41	0	72.17	3.74
1981	335	19.08	14.87	23.94	461.96	0	71.36	3.2
1981	336	19.51	14.76	24.39	411.98	0	75.32	3.14
1981	337	19.26	16.65	23.41	401.68	0	82.54	3.88
1981	338	18.98	15.93	23.5	363.5	0	80.18	3.54
1981	339	19.21	15.7	24.03	404.09	0	75.45	2.89
1981	340	19.08	16.36	23.58	383.18	0	79.45	2.86
1981	341	19.16	13.78	24.68	473.77	0	76.59	2.78
1981	342	19.31	14.63	24.83	446.49	0	70.69	2.85
1981	343	18.69	14.4	23.86	398.57	0	78.08	2.72
1981	344	19.39	16.5	23.57	397.26	0.8	80.59	4.16
1981	345	19.18	15.52	23.85	396.18	0.1	80.1	3.6
1981	346	19.24	15	24.28	353.75	0	81.24	2.85
1981	347	19.64	15.87	24.75	349.7	0	82.55	2.64
1981	348	19.65	17.22	23.88	355.75	0.1	85.12	3.01
1981	349	18.97	16.04	22.86	373.16	4.7	87.32	4.19
1981	350	18.27	16.3	21.59	235.59	0	85.91	4.21
1981	351	18.93	15.66	23.38	376.45	0	79.05	3.99
1981	352	18.79	15.6	23.31	400.29	0.1	80.3	3.54
1981	353	19.29	16.03	23.73	350.94	0	76.19	2.57
1981	354	18.81	14.53	23.85	403.15	0	78.18	2.74
1981	355	19.55	15.62	24.47	407.99	0	74.8	3.57
1981	356	19.31	15.92	23.7	323.94	2.2	83.67	3.45
1981	357	18.94	16.36	23.24	309.77	6.7	86.91	3.82
1981	358	20.22	16.91	24.8	409.78	0.7	81.63	3.41
1981	359	20.3	17.16	25.01	417.6	0	83.61	3.95
1981	360	18.96	16.81	22.36	248.07	0.6	86.86	4.58
1981	361	18.91	14.84	23.14	434.42	0	73.13	3.85
1981	362	19.96	15.72	24.86	444.77	0	68.75	3.05
1981	363	20.22	15.6	25.2	410.62	0	77.61	2.63
1981	364	20.21	16.76	25.21	330.63	0	81.03	3.1
1981	365	20.6	17.19	25.44	386.32	0	78.05	2.63
1982	1	19.25	14.12	24.18	280.23	0	62.72	4.63
1982	2	17.98	13.75	23.01	211.09	0.1	72.71	4.88
1982	3	17.25	15.45	20.82	214.32	10.62	87.78	5.48
1982	4	16.94	15.21	19.18	103.83	4.8	89.25	4.65
1982	5	17.62	14.54	21.55	274.51	0.2	77.42	4.38
1982	6	19.42	13.57	24.66	376.05	0	56.91	3.87
1982	7	19.6	14.23	24.56	355.46	0	60.44	4.2
1982	8	19.01	13.81	24.6	361.29	0	73.27	4.48
1982	9	19.48	16.27	24.33	277.82	0	74.98	5.09
1982	10	19.17	15.9	23.54	312.8	0	73.78	4.69
1982	11	19.18	14.34	24.06	300.67	0	70.07	4.13
1982	12	19.84	14.59	25.32	365.58	0	64.35	4.95
1982	13	19.68	13.39	25.11	359.62	0	57.99	4.46
1982	14	19.45	13.8	24.51	341.86	0	57.68	3.85
1982	15	19.78	13.98	24.89	349.03	0	53.19	4.17
1982	16	19.6	14.32	24.98	347.23	0	58.45	4.01
1982	17	19.44	13.62	24.81	280.46	0	61.1	4.05
1982	18	21.2	14.54	27.44	350.85	0	39.06	3.88
1982	19	21.45	15.57	27.25	356.5	0	43.76	3.63
1982	20	20.97	15.4	26.66	353.82	0	53.2	4.18
1982	21	20.88	14.6	26.14	356.25	0	51.04	4.37
1982	22	20.5	16.16	24.79	235.94	0	54.3	4.54
1982	23	20.05	16.04	24.84	262.47	0	65.03	4.02
1982	24	20.01	14.81	25.45	300.24	0	64.15	4.56
1982	25	20.9	14.87	26.58	352.5	0	58.19	4.1
1982	26	18.93	14.78	24.08	340.3	1.72	63.2328	3.64
1982	27	18.93	14.78	24.08	340.3	1.72	63.253312	3.64
1982	28	18.93	14.78	24.08	340.3	1.72	62.87504448	3.64
1982	29	18.93	14.78	24.08	340.3	1.72	61.87884626	3.64
1982	30	18.93	14.78	24.08	340.3	1.72	60.78400011	3.64
1982	31	18.93	14.78	24.08	340.3	1.72	60.11856011	3.64
1982	32	18.93	14.78	24.08	340.3	1.72	60.24690252	3.64
1982	33	18.93	14.78	24.08	340.3	1.72	60.23917862	3.64
1982	34	18.93	14.78	24.08	340.3	1.72	59.71794576	3.64
1982	35	18.93	14.78	24.08	340.3	1.72	59.10746359	3.64
1982	36	18.93	14.78	24.08	340.3	1.72	58.52056214	3.64
1982	37	18.93	14.78	24.08	340.3	1.72	58.05858462	3.64
1982	38	18.93	14.78	24.08	340.3	1.72	57.80692801	3.64
1982	39	18.93	14.78	24.08	340.3	1.72	57.79960513	3.64
1982	40	18.93	14.78	24.08	340.3	1.72	57.80438933	3.64
1982	41	18.93	14.78	24.08	340.3	1.72	57.98896491	3.64
1982	42	18.93	14.78	24.08	340.3	1.72	57.9705235	3.64
1982	43	18.93	14.78	24.08	340.3	1.72	57.84534444	3.64
1982	44	18.93	14.78	24.08	340.3	1.72	58.59675822	3.64
1982	45	18.93	14.78	24.08	340.3	1.72	59.19022855	3.64
1982	46	18.93	14.78	24.08	340.3	1.72	59.42983769	3.64
1982	47	18.93	14.78	24.08	340.3	1.72	59.7654312	3.64
1982	48	18.93	14.78	24.08	340.3	1.72	59.98404845	3.64
1982	49	18.93	14.78	24.08	340.3	1.72	59.78221039	3.64
1982	50	18.93	14.78	24.08	340.3	1.72	59.6074988	3.64
1982	51	18.93	14.78	24.08	340.3	1.72	59.66419875	3.64
1982	52	18.93	14.78	24.08	340.3	1.72	59.5214547	3.64
1982	53	18.93	14.78	24.08	340.3	1.72	59.37218041	3.64
1982	54	18.93	14.78	24.08	340.3	1.72	59.23206585	3.64
1982	55	18.93	14.78	24.08	340.3	1.72	59.12619463	3.64
1982	56	18.93	14.78	24.08	340.3	1.72	59.05988241	3.64
1982	57	18.93	14.78	24.08	340.3	1.72	59.01753531	3.64
1982	58	18.93	14.78	24.08	340.3	1.72	58.96836062	3.64
1982	59	18.93	14.78	24.08	340.3	1.72	58.9175279	3.64
1982	60	18.93	14.78	24.08	352.06	1.72	58.88551118	3.47
1982	61	18.93	14.78	24.08	352.06	1.72	58.87663309	3.47
1982	62	18.93	14.78	24.08	352.06	1.72	58.89087592	3.47
1982	63	18.93	14.78	24.08	352.06	1.72	58.92416758	3.47
1982	64	18.93	14.78	24.08	352.06	1.72	58.96885716	3.47
1982	65	18.93	14.78	24.08	352.06	1.72	59.01562724	3.47
1982	66	18.93	14.78	24.08	352.06	1.72	59.06407676	3.47
1982	67	18.93	14.78	24.08	352.06	1.72	59.10708123	3.47
1982	68	18.93	14.78	24.08	352.06	1.72	59.15254354	3.47
1982	69	18.93	14.78	24.08	352.06	1.72	59.2048315	3.47
1982	70	18.93	14.78	24.08	352.06	1.72	59.22915443	3.47
1982	71	18.93	14.78	24.08	352.06	1.72	59.23071147	3.47
1982	72	18.93	14.78	24.08	352.06	1.72	59.22274642	3.47
1982	73	18.93	14.78	24.08	352.06	1.72	59.20103903	3.47
1982	74	18.93	14.78	24.08	352.06	1.72	59.16971865	3.47
1982	75	18.93	14.78	24.08	352.06	1.72	59.14521898	3.47
1982	76	18.93	14.78	24.08	352.06	1.72	59.12672779	3.47
1982	77	18.93	14.78	24.08	352.06	1.72	59.10522895	3.47
1982	78	18.93	14.78	24.08	352.06	1.72	59.08857992	3.47
1982	79	18.93	14.78	24.08	352.06	1.72	59.0772359	3.47
1982	80	18.93	14.78	24.08	352.06	1.72	59.07104271	3.47
1982	81	18.93	14.78	24.08	352.06	1.72	59.06883663	3.47
1982	82	18.93	14.78	24.08	352.06	1.72	59.0691948	3.47
1982	83	18.93	14.78	24.08	352.06	1.72	59.07126118	3.47
1982	84	18.93	14.78	24.08	352.06	1.72	59.0753772	3.47
1982	85	18.93	14.78	24.08	352.06	1.72	59.08169117	3.47
1982	86	18.93	14.78	24.08	352.06	1.72	59.08953837	3.47
1982	87	18.93	14.78	24.08	352.06	1.72	59.09805458	3.47
1982	88	18.93	14.78	24.08	352.06	1.72	59.10634173	3.47
1982	89	18.93	14.78	24.08	352.06	1.72	59.11362869	3.47
1982	90	18.93	14.78	24.08	352.06	1.72	59.11941956	3.47
1982	91	18.93	14.78	24.08	352.06	1.72	59.12357125	3.47
1982	92	18.93	14.78	24.08	352.06	1.72	59.12595103	3.47
1982	93	18.93	14.78	24.08	352.06	1.72	59.12670582	3.47
1982	94	18.93	14.78	24.08	352.06	1.72	59.12567231	3.47
1982	95	18.93	14.78	24.08	352.06	1.72	59.12250594	3.47
1982	96	18.93	14.78	24.08	352.06	1.72	59.11824	3.47
1982	97	18.93	14.78	24.08	352.06	1.72	59.11374114	3.47
1982	98	18.93	14.78	24.08	352.06	1.72	59.10938093	3.47
1982	99	18.93	14.78	24.08	352.06	1.72	59.10571461	3.47
1982	100	18.93	14.78	24.08	352.06	1.72	59.10315445	3.47
1982	101	18.93	14.78	24.08	352.06	1.72	59.10147187	3.47
1982	102	18.93	14.78	24.08	352.06	1.72	59.10046163	3.47
1982	103	18.93	14.78	24.08	352.06	1.72	59.10027094	3.47
1982	104	18.93	14.78	24.08	352.06	1.72	59.10073858	3.47
1982	105	18.93	14.78	24.08	352.06	1.72	59.10167868	3.47
1982	106	18.93	14.78	24.08	352.06	1.72	59.10290412	3.47
1982	107	18.93	14.78	24.08	352.06	1.72	59.10426682	3.47
1982	108	18.93	14.78	24.08	352.06	1.72	59.1056697	3.47
1982	109	22.3	22.3	22.3	352.06	0	64.7	3.47
1982	110	21.07	17	24.09	352.06	0	71.13	3.74
1982	111	20.16	17.07	25.36	352.06	1	80.23	2.82
1982	112	18.06	16.81	19.59	352.06	17.06	92.29	2.83
1982	113	19.19	15.33	23.64	352.06	0	80.92	2.44
1982	114	20.13	17.32	24.31	352.06	0	81.88	2.65
1982	115	18.92	15.95	22.83	352.06	5.1	86.61	2.42
1982	116	18.55	16.41	22.86	352.06	35	89.17	1.62
1982	117	19.06	15.7	23.06	352.06	0.1	80.9	2.39
1982	118	17.85	16.69	20.08	352.06	11.7	90.83	2.03
1982	119	18.04	15.51	21.49	352.06	0	85.63	2.1
1982	120	18.66	16.79	22.47	352.06	14.3	87.36	2.18
1982	121	18.02	16.16	20.28	352.06	22.6	89.17	2.66
1982	122	18.54	14.62	22.18	352.06	0.6	84.6	2.64
1982	123	18.27	16.54	21.52	352.06	0.1	89.09	3.64
1982	124	18.61	15.12	23.36	352.06	0	83.58	1.96
1982	125	18.67	14.48	23.52	352.06	0	82.14	2.29
1982	126	18.86	15.23	23.42	352.06	0	82.42	2.8
1982	127	18.79	15.61	23.07	352.06	0	83.04	2.71
1982	128	19.09	15.8	23.44	352.06	0	81.1	2.44
1982	129	18.17	16.24	21.58	352.06	0.1	86.29	3.69
1982	130	18.56	16.06	22.68	352.06	0	81.82	3.32
1982	131	18.15	15.1	22.15	352.06	0	82.4	3.2
1982	132	18.06	14.02	23.32	352.06	0	80.69	2.41
1982	133	19.24	15.48	24.25	352.06	0	80.52	2.45
1982	134	19.23	16.33	24.04	352.06	0	79.02	3.41
1982	135	18.59	14.77	23.4	352.06	0	80.56	2.58
1982	136	18.6	14.35	23.74	352.06	0	75.81	2.95
1982	137	19.07	15.98	23.06	352.06	0	78.16	2.98
1982	138	18.29	13.91	22.89	352.06	0	81.01	2.73
1982	139	18.37	14.63	23.8	352.06	0	79.61	2.45
1982	140	19.41	13.13	26.12	352.06	0	72.85	2.35
1982	141	19.27	13.3	24.7	352.06	0	73.65	2.67
1982	142	19.83	15.97	25.45	352.06	0	76.68	2.49
1982	143	19.78	16.04	24.78	352.06	0	77.59	3.21
1982	144	18.99	14.96	23.77	352.06	0	73.95	3.17
1982	145	19.11	14.58	23.87	352.06	0	72.29	3.33
1982	146	18	14.1	22.59	352.06	0	75.42	3.35
1982	147	16.64	12.72	21.05	352.06	0.3	82.01	3.15
1982	148	17.5	14.02	22.45	352.06	0.1	80.72	3.26
1982	149	16.53	14.07	19.75	352.06	2.6	89.1	3.74
1982	150	17.26	13.76	20.82	352.06	0	82.09	2.58
1982	151	18.19	15.48	23.03	165.37	0	78.43	2.52
1982	152	19.1	14.83	24.04	252.18	0	74.88	3.37
1982	153	19.11	15.58	23.99	273.08	2.6	76.13	3.6
1982	154	18	14.69	22.03	69.78	0	80.43	3.46
1982	155	17.66	13.89	22.83	199.47	0	79.68	3.11
1982	156	19.15	14.11	24.66	306.03	0	72.1	2.52
1982	157	18.83	15.25	23.88	200.96	0.2	76.26	3.01
1982	158	18.95	13.44	24.91	360.35	0	62.02	2.54
1982	159	19.36	12.31	26.04	365.95	0	64.25	2.55
1982	160	18.79	15.88	23.8	229.63	0	75.18	3.93
1982	161	18.3	13.62	24.32	251.44	0	74.56	2.85
1982	162	19.59	14.98	24.61	351.39	0	63.15	2.73
1982	163	19.64	14.92	24.48	241.6	0.2	63.95	2.52
1982	164	17.84	13.52	22.29	190.26	0	74.48	2.64
1982	165	18.81	14.98	25.01	245.06	0	78.03	2.24
1982	166	17.89	14.88	21.55	141.38	0	77.07	2.1
1982	167	18.54	14.65	23.95	188.56	0	74.76	2.65
1982	168	16.83	14.59	19.37	54.07	0	80.78	3.03
1982	169	17.38	13.35	22.42	172.24	0	74.23	2.81
1982	170	17.84	12.97	22.96	224.37	0	73.04	2.49
1982	171	18.42	14.65	22.7	138.18	0	77.27	2.83
1982	172	17.83	15.91	20.93	191.66	0	79.93	3.14
1982	173	17.11	14.77	20.05	117.71	0	78.53	2.92
1982	174	16.87	15.44	18.65	61.62	0	81.36	3.27
1982	175	17.72	14.23	22.8	198.47	0	69.59	2.7
1982	176	18.16	13.41	24.21	249.27	0	60.96	2.39
1982	177	16.67	13.5	21.31	115.2	0	76.59	2.67
1982	178	16.59	13.91	20.48	94.91	0	79.69	2.63
1982	179	17.33	12.34	22.77	236.09	0	73.82	2.46
1982	180	16.34	13.54	19.66	114.41	0	79.4	2.51
1982	181	17.5	14.71	21.1	109.4	0	75.77	3.1
1982	182	17.09	14.5	20.39	26.13	0	79.28	3.5
1982	183	16.91	14.71	19.95	85.05	0	75.76	3.45
1982	184	17.14	13.46	21.06	61.39	0	73.3	3.53
1982	185	16.5	13.97	19.82	167.11	0	73.98	3.97
1982	186	15.27	12.43	18.94	12.18	0	79.14	2.19
1982	187	18.06	15.84	19.51	95.63	0	66.31	4.78
1982	188	16.23	14.2	18.34	100.56	0	71.89	4.13
1982	189	16.26	12.37	20.81	159.02	0	72.12	3.26
1982	190	16.77	11.2	23.56	248.11	0	72.19	2.32
1982	191	18.69	10.53	26.26	315.31	0	65.96	2.48
1982	192	18.73	13.05	25.43	289.71	0	67.15	2.61
1982	193	16.82	13.68	20.29	189.55	0	74.61	3
1982	194	16.93	12.67	20.86	192.7	0	72.44	3.07
1982	195	18.08	13.39	23.37	212.77	0	65.2	3.12
1982	196	17.13	12.58	22.48	132.91	0	70.3	2.48
1982	197	16.52	12.53	20.62	203.16	0	72.56	2.49
1982	198	15.86	11.93	19.8	67.65	0	73.96	2.59
1982	199	16.31	12.25	21.51	91.4	0	71.79	3.25
1982	200	16.74	12.41	21.45	65.78	0	73.66	2.79
1982	201	18.82	12.14	25.91	312.23	0	61.97	2.95
1982	202	18.53	13.18	24.25	317.92	0	62.06	3.24
1982	203	17.85	14.49	22.47	64.01	0	70.11	3.15
1982	204	17.62	14.85	21.88	183.78	0	74.82	3.76
1982	205	17.38	13.13	21.38	87.99	0	73.91	2.7
1982	206	18.01	15.6	22.06	164.12	0	74.49	3.37
1982	207	16.77	14.22	22.16	164.8	0	75.2	3.05
1982	208	16.96	12.3	21.48	97.12	0	71.97	2.7
1982	209	16.78	14.6	20.27	100.08	0	75.65	3.99
1982	210	16.67	13.6	21.41	84.46	0	77.88	2.76
1982	211	17.75	12.74	24.26	309.83	0	75.95	2.78
1982	212	18.63	12.91	25.69	320.4	0	71.32	2.99
1982	213	17.26	14.02	21.61	108.1	0	75.7	3.71
1982	214	17.03	13.91	20.32	245.22	0.1	76.65	5.05
1982	215	15.78	15.4	16.35	340.3	0	84.12	3.86
1982	216	18.93	14.78	24.08	340.3	1.72	77.88	3.64
1982	217	18.93	14.78	24.08	340.3	1.72	75.95	3.64
1982	218	18.93	14.78	24.08	340.3	1.72	71.32	3.64
1982	219	18.93	14.78	24.08	340.3	1.72	75.7	3.64
1982	220	19.19	16.1	22.77	340.3	0	60.43	3.98
1982	221	16.3	14.35	19.47	99.72	1.5	82.14	3.25
1982	222	17.41	14.54	21.9	340.3	0	74.2	3.32
1982	223	17.26	13.47	21.84	340.3	0	70.81	2.72
1982	224	16.43	11.83	22.03	340.3	0	69.39	2.8
1982	225	17.57	11.74	23.44	340.3	0	67.25	3.53
1982	226	18.23	12.32	24.09	340.3	0	66.17	3.32
1982	227	19.11	13.96	24.68	340.3	0	69.91	3.56
1982	228	18.74	15.68	22.93	340.3	0	69.27	3.69
1982	229	18.19	14.99	22.6	340.3	0	70.44	3.82
1982	230	17.99	14.35	23.52	340.3	0	68.34	4.51
1982	231	18.84	13.73	25.12	340.3	0	60.16	3.04
1982	232	19.25	12.04	25.81	340.3	0	51.77	3.25
1982	233	19.13	12.72	24.83	340.3	0	55.64	3.8
1982	234	20.08	15.13	25.93	340.3	0	60.22	3.34
1982	235	18.24	12.75	24.9	278.29	0	66.35	3.65
1982	236	18.13	13.52	24.14	286.17	0	67.29	3.42
1982	237	18.43	12.48	24.75	339.26	0	67.22	3.85
1982	238	19.73	14.79	25.96	370.39	0	61.21	3.94
1982	239	19.43	14.24	26.09	348.37	0	62.14	3.64
1982	240	18.38	14.17	23.01	204.73	0	66.11	4.3
1982	241	18.08	13.66	22.52	203.21	0	65.33	4.51
1982	242	18.02	15.12	21.84	184.28	0	72.23	4.32
1982	243	18.07	15.24	22.71	132.61	0	72.33	3.66
1982	244	18.87	15.46	23.51	134.25	0	70.98	3.71
1982	245	18.68	15.53	23.49	177.46	0	71.85	3.22
1982	246	18.9	12.73	25.89	309.28	0	65.73	3.63
1982	247	18.78	14.35	24.48	183.69	0	65.77	3.56
1982	248	19.63	13.74	25.63	239.41	0	65.78	3.22
1982	249	20.42	13.62	26.98	276.93	0	59.99	2.42
1982	250	18.55	15.47	24.24	183.01	23.2	79.81	2.36
1982	251	17.83	15.35	20.88	216.31	1.5	84.97	3.37
1982	252	17.63	15.18	20.3	237.69	0	79.53	3.56
1982	253	18.7	13.12	24.8	304.84	0	69.46	3.47
1982	254	19.63	15.06	25.4	286.39	0	68.96	3.1
1982	255	20.1	15.27	26.39	311.18	0	70.71	2.69
1982	256	18.54	15.58	23.43	212.37	0	78.29	3.58
1982	257	19.3	15.09	24.61	303.08	0	61.66	4.59
1982	258	18.25	15.11	22.31	305.08	0	70.57	3.47
1982	259	19.19	13.58	25.41	335.8	0	67.65	3.06
1982	260	20.08	15.78	27.18	352.88	7.9	69.76	3.16
1982	261	19.27	15.2	24.9	296.61	0	71.05	3.53
1982	262	19.43	14.03	24.85	321.49	0	70.28	3.57
1982	263	20.13	15.04	27.25	425.01	0	68.7	2.81
1982	264	20.11	14.46	26.74	335.61	0	68.67	3.61
1982	265	20.33	15.96	25.85	292.61	0	63.45	4.06
1982	266	19.54	15.6	24.75	214.41	0	65.68	4.21
1982	267	18.87	16.08	24.31	306.57	0	72.24	4.2
1982	268	20.51	14.71	27.22	310.98	0	58.63	3.17
1982	269	20.23	13.96	27.28	291.16	0	64.9	2.78
1982	270	20.27	14.8	26.27	303.74	0	67.24	3.51
1982	271	18.89	16.03	22.69	79.8	0	71.98	3.83
1982	272	19.89	13.95	26.59	315.98	0	67.54	3.7
1982	273	19.74	15.23	26.4	221.85	0	71.17	4.05
1982	274	20.87	16.39	27.58	279.48	0	66.11	3.52
1982	275	20.79	14.59	27.58	290.74	0	61.65	3.22
1982	276	18.98	12.25	25.45	355.89	0	61.51	3.36
1982	277	17.97	16.28	21.07	340.3	0	79.37	4.62
1982	278	18.71	15.17	23.32	340.3	0.1	73.05	3.82
1982	279	20.09	15.8	26.43	340.3	0	67.62	4.09
1982	280	20.12	14.92	26.08	340.3	0	59.02	3.57
1982	281	20.74	13.07	27.9	340.3	0	56.38	3.34
1982	282	21.15	14.46	27.94	340.3	0	61.27	4.24
1982	283	20.8	16.31	27.4	340.3	0	66.42	5.2
1982	284	20.65	14.57	26.53	340.3	0	61.27	4.42
1982	285	21.22	14.61	27.95	29.44	0	58.16	4.01
1982	286	22.07	14.44	29.04	427.23	0	57.17	3.61
1982	287	22.09	16.24	28.14	428.3	0	64.39	5.2
1982	288	21.94	17.65	27.56	348.26	0	67.16	5.57
1982	289	20.65	16.41	25.56	391.86	0.5	73	4.75
1982	290	20.59	17	26.7	287.02	0.1	72.18	3.44
1982	291	21.14	17.4	25.88	391.89	0	71.74	4.22
1982	292	19.67	16.88	24.57	333	0.9	79.34	4.75
1982	293	19.63	14.75	24.34	333.2	0	70.86	3.97
1982	294	20.13	15.77	25.43	317.38	0	68.67	4.18
1982	295	21.29	16.21	26.31	335.48	0	56.17	3.38
1982	296	20.92	15.51	26.96	386.79	0	56.58	3.52
1982	297	21.26	15.27	26.84	361.83	0	62.73	3.41
1982	298	21.43	17.08	26.31	373.89	0	67.31	4.54
1982	299	19.75	16.89	24.27	302.02	1.9	76.47	4.64
1982	300	19.99	16.11	24.47	275.17	0	70.49	3.55
1982	301	20.44	15.29	26.18	299.92	0	67.55	3.87
1982	302	20.44	16.2	25.09	293.17	0	66.86	3.74
1982	303	19.84	16.07	25.11	320.12	0	72.71	4.13
1982	304	19.58	16.66	24.13	286.44	4.5	78.4	4.26
1982	305	20.19	15.98	25.04	301.58	0	72.37	3.77
1982	306	18.89	16.55	22.21	304.4	32.9	85.22	3.63
1982	307	18.28	16.62	22.5	326.5	8.3	88.67	3.3
1982	308	18.22	15.53	21.34	294.16	8.6	84.66	3.2
1982	309	18.8	16.42	23.16	313	7.2	85.41	3
1982	310	19.32	16.17	24.13	442.3	28.39	81.98	3.32
1982	311	19.12	15.6	23.81	471.37	35.8	82.53	2.9
1982	312	18.59	16.89	21.94	329.38	3.1	88.16	3.48
1982	313	19.14	15.53	23.06	388.75	0	78.03	3.7
1982	314	18.8	16.01	22.5	265.7	17.8	85.21	3.72
1982	315	18.04	15.14	21.42	278.59	11.1	87.17	4.04
1982	316	18.82	16.5	23.13	342.78	4.4	86.05	3.73
1982	317	18.97	16.48	22.72	418.36	3.9	87.41	4.58
1982	318	18.57	16.33	23.09	332.43	22.2	89.79	2.51
1982	319	18.42	16.63	22.5	327.11	5.7	89.16	3.26
1982	320	18.56	16.26	22.07	379.33	6.6	87.77	3.73
1982	321	18.58	16.27	22.19	301.92	2.5	87.67	3.39
1982	322	19.16	16.24	23.04	360.37	1.74	82.42	3.52
1982	323	19.33	16.45	23.33	426.02	1.4	82.05	3.47
1982	324	18.81	15.89	23.3	398.04	0.4	85.17	3.46
1982	325	18.89	16.91	22.18	319.64	14.2	87.74	3.58
1982	326	18.29	16.52	21.89	360.61	8.7	91.68	4.05
1982	327	18.41	16.01	21.81	332.88	3.6	87.89	4.08
1982	328	18.6	16.2	22.59	392.39	9	87.44	3.59
1982	329	18.63	16.17	22.4	319.92	6.8	87.22	2.76
1982	330	18.31	15.64	21.96	339	8.4	89.85	3.28
1982	331	19.47	15.78	24.04	471.51	2.6	77.23	3.81
1982	332	19.07	16.67	23.43	349.55	0	83.95	3.15
1982	333	19.54	16.52	23.98	498.21	0	75.99	3.76
1982	334	19.2	15.46	23.4	483.41	0	72.17	3.74
1982	335	19.08	14.87	23.94	461.96	0	71.36	3.2
1982	336	19.51	14.76	24.39	411.98	0	75.32	3.14
1982	337	19.26	16.65	23.41	401.68	0	82.54	3.88
1982	338	18.98	15.93	23.5	363.5	0	80.18	3.54
1982	339	19.21	15.7	24.03	404.09	0	75.45	2.89
1982	340	19.08	16.36	23.58	383.18	0	79.45	2.86
1982	341	19.16	13.78	24.68	473.77	0	76.59	2.78
1982	342	19.31	14.63	24.83	446.49	0	70.69	2.85
1982	343	18.69	14.4	23.86	398.57	0	78.08	2.72
1982	344	19.39	16.5	23.57	397.26	0.8	80.59	4.16
1982	345	19.18	15.52	23.85	396.18	0.1	80.1	3.6
1982	346	19.24	15	24.28	353.75	0	81.24	2.85
1982	347	19.64	15.87	24.75	349.7	0	82.55	2.64
1982	348	19.65	17.22	23.88	355.75	0.1	85.12	3.01
1982	349	18.97	16.04	22.86	373.16	4.7	87.32	4.19
1982	350	18.27	16.3	21.59	235.59	0	85.91	4.21
1982	351	18.93	15.66	23.38	376.45	0	79.05	3.99
1982	352	18.79	15.6	23.31	400.29	0.1	80.3	3.54
1982	353	19.29	16.03	23.73	350.94	0	76.19	2.57
1982	354	18.81	14.53	23.85	403.15	0	78.18	2.74
1982	355	19.55	15.62	24.47	407.99	0	74.8	3.57
1982	356	19.31	15.92	23.7	323.94	2.2	83.67	3.45
1982	357	18.94	16.36	23.24	309.77	6.7	86.91	3.82
1982	358	20.22	16.91	24.8	409.78	0.7	81.63	3.41
1982	359	20.3	17.16	25.01	417.6	0	83.61	3.95
1982	360	18.96	16.81	22.36	248.07	0.6	86.86	4.58
1982	361	18.91	14.84	23.14	434.42	0	73.13	3.85
1982	362	19.96	15.72	24.86	444.77	0	68.75	3.05
1982	363	20.22	15.6	25.2	410.62	0	77.61	2.63
1982	364	20.21	16.76	25.21	330.63	0	81.03	3.1
1982	365	20.6	17.19	25.44	386.32	0	78.05	2.63
1983	1	19.25	14.12	24.18	280.23	0	62.72	4.63
1983	2	17.98	13.75	23.01	211.09	0.1	72.71	4.88
1983	3	17.25	15.45	20.82	214.32	10.62	87.78	5.48
1983	4	16.94	15.21	19.18	103.83	4.8	89.25	4.65
1983	5	17.62	14.54	21.55	274.51	0.2	77.42	4.38
1983	6	19.42	13.57	24.66	376.05	0	56.91	3.87
1983	7	19.6	14.23	24.56	355.46	0	60.44	4.2
1983	8	19.01	13.81	24.6	361.29	0	73.27	4.48
1983	9	19.48	16.27	24.33	277.82	0	74.98	5.09
1983	10	19.17	15.9	23.54	312.8	0	73.78	4.69
1983	11	19.18	14.34	24.06	300.67	0	70.07	4.13
1983	12	19.84	14.59	25.32	365.58	0	64.35	4.95
1983	13	19.68	13.39	25.11	359.62	0	57.99	4.46
1983	14	19.45	13.8	24.51	341.86	0	57.68	3.85
1983	15	19.78	13.98	24.89	349.03	0	53.19	4.17
1983	16	19.6	14.32	24.98	347.23	0	58.45	4.01
1983	17	19.44	13.62	24.81	280.46	0	61.1	4.05
1983	18	21.2	14.54	27.44	350.85	0	39.06	3.88
1983	19	21.45	15.57	27.25	356.5	0	43.76	3.63
1983	20	20.97	15.4	26.66	353.82	0	53.2	4.18
1983	21	20.88	14.6	26.14	356.25	0	51.04	4.37
1983	22	20.5	16.16	24.79	235.94	0	54.3	4.54
1983	23	20.05	16.04	24.84	262.47	0	65.03	4.02
1983	24	20.01	14.81	25.45	300.24	0	64.15	4.56
1983	25	20.9	14.87	26.58	352.5	0	58.19	4.1
1983	26	18.93	14.78	24.08	340.3	1.72	63.2328	3.64
1983	27	18.93	14.78	24.08	340.3	1.72	63.253312	3.64
1983	28	18.93	14.78	24.08	340.3	1.72	62.87504448	3.64
1983	29	18.93	14.78	24.08	340.3	1.72	61.87884626	3.64
1983	30	18.93	14.78	24.08	340.3	1.72	60.78400011	3.64
1983	31	18.93	14.78	24.08	340.3	1.72	60.11856011	3.64
1983	32	18.93	14.78	24.08	340.3	1.72	60.24690252	3.64
1983	33	18.93	14.78	24.08	340.3	1.72	60.23917862	3.64
1983	34	18.93	14.78	24.08	340.3	1.72	59.71794576	3.64
1983	35	18.93	14.78	24.08	340.3	1.72	59.10746359	3.64
1983	36	18.93	14.78	24.08	340.3	1.72	58.52056214	3.64
1983	37	18.93	14.78	24.08	340.3	1.72	58.05858462	3.64
1983	38	18.93	14.78	24.08	340.3	1.72	57.80692801	3.64
1983	39	18.93	14.78	24.08	340.3	1.72	57.79960513	3.64
1983	40	18.93	14.78	24.08	340.3	1.72	57.80438933	3.64
1983	41	18.93	14.78	24.08	340.3	1.72	57.98896491	3.64
1983	42	18.93	14.78	24.08	340.3	1.72	57.9705235	3.64
1983	43	18.93	14.78	24.08	340.3	1.72	57.84534444	3.64
1983	44	18.93	14.78	24.08	340.3	1.72	58.59675822	3.64
1983	45	18.93	14.78	24.08	340.3	1.72	59.19022855	3.64
1983	46	18.93	14.78	24.08	340.3	1.72	59.42983769	3.64
1983	47	18.93	14.78	24.08	340.3	1.72	59.7654312	3.64
1983	48	18.93	14.78	24.08	340.3	1.72	59.98404845	3.64
1983	49	18.93	14.78	24.08	340.3	1.72	59.78221039	3.64
1983	50	18.93	14.78	24.08	340.3	1.72	59.6074988	3.64
1983	51	18.93	14.78	24.08	340.3	1.72	59.66419875	3.64
1983	52	18.93	14.78	24.08	340.3	1.72	59.5214547	3.64
1983	53	18.93	14.78	24.08	340.3	1.72	59.37218041	3.64
1983	54	18.93	14.78	24.08	340.3	1.72	59.23206585	3.64
1983	55	18.93	14.78	24.08	340.3	1.72	59.12619463	3.64
1983	56	18.93	14.78	24.08	340.3	1.72	59.05988241	3.64
1983	57	18.93	14.78	24.08	340.3	1.72	59.01753531	3.64
1983	58	18.93	14.78	24.08	340.3	1.72	58.96836062	3.64
1983	59	18.93	14.78	24.08	340.3	1.72	58.9175279	3.64
1983	60	18.93	14.78	24.08	352.06	1.72	58.88551118	3.47
1983	61	18.93	14.78	24.08	352.06	1.72	58.87663309	3.47
1983	62	18.93	14.78	24.08	352.06	1.72	58.89087592	3.47
1983	63	18.93	14.78	24.08	352.06	1.72	58.92416758	3.47
1983	64	18.93	14.78	24.08	352.06	1.72	58.96885716	3.47
1983	65	18.93	14.78	24.08	352.06	1.72	59.01562724	3.47
1983	66	18.93	14.78	24.08	352.06	1.72	59.06407676	3.47
1983	67	18.93	14.78	24.08	352.06	1.72	59.10708123	3.47
1983	68	18.93	14.78	24.08	352.06	1.72	59.15254354	3.47
1983	69	18.93	14.78	24.08	352.06	1.72	59.2048315	3.47
1983	70	18.93	14.78	24.08	352.06	1.72	59.22915443	3.47
1983	71	18.93	14.78	24.08	352.06	1.72	59.23071147	3.47
1983	72	18.93	14.78	24.08	352.06	1.72	59.22274642	3.47
1983	73	18.93	14.78	24.08	352.06	1.72	59.20103903	3.47
1983	74	18.93	14.78	24.08	352.06	1.72	59.16971865	3.47
1983	75	18.93	14.78	24.08	352.06	1.72	59.14521898	3.47
1983	76	18.93	14.78	24.08	352.06	1.72	59.12672779	3.47
1983	77	18.93	14.78	24.08	352.06	1.72	59.10522895	3.47
1983	78	18.93	14.78	24.08	352.06	1.72	59.08857992	3.47
1983	79	18.93	14.78	24.08	352.06	1.72	59.0772359	3.47
1983	80	18.93	14.78	24.08	352.06	1.72	59.07104271	3.47
1983	81	18.93	14.78	24.08	352.06	1.72	59.06883663	3.47
1983	82	18.93	14.78	24.08	352.06	1.72	59.0691948	3.47
1983	83	18.93	14.78	24.08	352.06	1.72	59.07126118	3.47
1983	84	18.93	14.78	24.08	352.06	1.72	59.0753772	3.47
1983	85	18.93	14.78	24.08	352.06	1.72	59.08169117	3.47
1983	86	18.93	14.78	24.08	352.06	1.72	59.08953837	3.47
1983	87	18.93	14.78	24.08	352.06	1.72	59.09805458	3.47
1983	88	18.93	14.78	24.08	352.06	1.72	59.10634173	3.47
1983	89	18.93	14.78	24.08	352.06	1.72	59.11362869	3.47
1983	90	18.93	14.78	24.08	352.06	1.72	59.11941956	3.47
1983	91	18.93	14.78	24.08	352.06	1.72	59.12357125	3.47
1983	92	18.93	14.78	24.08	352.06	1.72	59.12595103	3.47
1983	93	18.93	14.78	24.08	352.06	1.72	59.12670582	3.47
1983	94	18.93	14.78	24.08	352.06	1.72	59.12567231	3.47
1983	95	18.93	14.78	24.08	352.06	1.72	59.12250594	3.47
1983	96	18.93	14.78	24.08	352.06	1.72	59.11824	3.47
1983	97	18.93	14.78	24.08	352.06	1.72	59.11374114	3.47
1983	98	18.93	14.78	24.08	352.06	1.72	59.10938093	3.47
1983	99	18.93	14.78	24.08	352.06	1.72	59.10571461	3.47
1983	100	18.93	14.78	24.08	352.06	1.72	59.10315445	3.47
1983	101	18.93	14.78	24.08	352.06	1.72	59.10147187	3.47
1983	102	18.93	14.78	24.08	352.06	1.72	59.10046163	3.47
1983	103	18.93	14.78	24.08	352.06	1.72	59.10027094	3.47
1983	104	18.93	14.78	24.08	352.06	1.72	59.10073858	3.47
1983	105	18.93	14.78	24.08	352.06	1.72	59.10167868	3.47
1983	106	18.93	14.78	24.08	352.06	1.72	59.10290412	3.47
1983	107	18.93	14.78	24.08	352.06	1.72	59.10426682	3.47
1983	108	18.93	14.78	24.08	352.06	1.72	59.1056697	3.47
1983	109	22.3	22.3	22.3	352.06	0	64.7	3.47
1983	110	21.07	17	24.09	352.06	0	71.13	3.74
1983	111	20.16	17.07	25.36	352.06	1	80.23	2.82
1983	112	18.06	16.81	19.59	352.06	17.06	92.29	2.83
1983	113	19.19	15.33	23.64	352.06	0	80.92	2.44
1983	114	20.13	17.32	24.31	352.06	0	81.88	2.65
1983	115	18.92	15.95	22.83	352.06	5.1	86.61	2.42
1983	116	18.55	16.41	22.86	352.06	35	89.17	1.62
1983	117	19.06	15.7	23.06	352.06	0.1	80.9	2.39
1983	118	17.85	16.69	20.08	352.06	11.7	90.83	2.03
1983	119	18.04	15.51	21.49	352.06	0	85.63	2.1
1983	120	18.66	16.79	22.47	352.06	14.3	87.36	2.18
1983	121	18.02	16.16	20.28	352.06	22.6	89.17	2.66
1983	122	18.54	14.62	22.18	352.06	0.6	84.6	2.64
1983	123	18.27	16.54	21.52	352.06	0.1	89.09	3.64
1983	124	18.61	15.12	23.36	352.06	0	83.58	1.96
1983	125	18.67	14.48	23.52	352.06	0	82.14	2.29
1983	126	18.86	15.23	23.42	352.06	0	82.42	2.8
1983	127	18.79	15.61	23.07	352.06	0	83.04	2.71
1983	128	19.09	15.8	23.44	352.06	0	81.1	2.44
1983	129	18.17	16.24	21.58	352.06	0.1	86.29	3.69
1983	130	18.56	16.06	22.68	352.06	0	81.82	3.32
1983	131	18.15	15.1	22.15	352.06	0	82.4	3.2
1983	132	18.06	14.02	23.32	352.06	0	80.69	2.41
1983	133	19.24	15.48	24.25	352.06	0	80.52	2.45
1983	134	19.23	16.33	24.04	352.06	0	79.02	3.41
1983	135	18.59	14.77	23.4	352.06	0	80.56	2.58
1983	136	18.6	14.35	23.74	352.06	0	75.81	2.95
1983	137	19.07	15.98	23.06	352.06	0	78.16	2.98
1983	138	18.29	13.91	22.89	352.06	0	81.01	2.73
1983	139	18.37	14.63	23.8	352.06	0	79.61	2.45
1983	140	19.41	13.13	26.12	352.06	0	72.85	2.35
1983	141	19.27	13.3	24.7	352.06	0	73.65	2.67
1983	142	19.83	15.97	25.45	352.06	0	76.68	2.49
1983	143	19.78	16.04	24.78	352.06	0	77.59	3.21
1983	144	18.99	14.96	23.77	352.06	0	73.95	3.17
1983	145	19.11	14.58	23.87	352.06	0	72.29	3.33
1983	146	18	14.1	22.59	352.06	0	75.42	3.35
1983	147	16.64	12.72	21.05	352.06	0.3	82.01	3.15
1983	148	17.5	14.02	22.45	352.06	0.1	80.72	3.26
1983	149	16.53	14.07	19.75	352.06	2.6	89.1	3.74
1983	150	17.26	13.76	20.82	352.06	0	82.09	2.58
1983	151	18.19	15.48	23.03	165.37	0	78.43	2.52
1983	152	19.1	14.83	24.04	252.18	0	74.88	3.37
1983	153	19.11	15.58	23.99	273.08	2.6	76.13	3.6
1983	154	18	14.69	22.03	69.78	0	80.43	3.46
1983	155	17.66	13.89	22.83	199.47	0	79.68	3.11
1983	156	19.15	14.11	24.66	306.03	0	72.1	2.52
1983	157	18.83	15.25	23.88	200.96	0.2	76.26	3.01
1983	158	18.95	13.44	24.91	360.35	0	62.02	2.54
1983	159	19.36	12.31	26.04	365.95	0	64.25	2.55
1983	160	18.79	15.88	23.8	229.63	0	75.18	3.93
1983	161	18.3	13.62	24.32	251.44	0	74.56	2.85
1983	162	19.59	14.98	24.61	351.39	0	63.15	2.73
1983	163	19.64	14.92	24.48	241.6	0.2	63.95	2.52
1983	164	17.84	13.52	22.29	190.26	0	74.48	2.64
1983	165	18.81	14.98	25.01	245.06	0	78.03	2.24
1983	166	17.89	14.88	21.55	141.38	0	77.07	2.1
1983	167	18.54	14.65	23.95	188.56	0	74.76	2.65
1983	168	16.83	14.59	19.37	54.07	0	80.78	3.03
1983	169	17.38	13.35	22.42	172.24	0	74.23	2.81
1983	170	17.84	12.97	22.96	224.37	0	73.04	2.49
1983	171	18.42	14.65	22.7	138.18	0	77.27	2.83
1983	172	17.83	15.91	20.93	191.66	0	79.93	3.14
1983	173	17.11	14.77	20.05	117.71	0	78.53	2.92
1983	174	16.87	15.44	18.65	61.62	0	81.36	3.27
1983	175	17.72	14.23	22.8	198.47	0	69.59	2.7
1983	176	18.16	13.41	24.21	249.27	0	60.96	2.39
1983	177	16.67	13.5	21.31	115.2	0	76.59	2.67
1983	178	16.59	13.91	20.48	94.91	0	79.69	2.63
1983	179	17.33	12.34	22.77	236.09	0	73.82	2.46
1983	180	16.34	13.54	19.66	114.41	0	79.4	2.51
1983	181	17.5	14.71	21.1	109.4	0	75.77	3.1
1983	182	17.09	14.5	20.39	26.13	0	79.28	3.5
1983	183	16.91	14.71	19.95	85.05	0	75.76	3.45
1983	184	17.14	13.46	21.06	61.39	0	73.3	3.53
1983	185	16.5	13.97	19.82	167.11	0	73.98	3.97
1983	186	15.27	12.43	18.94	12.18	0	79.14	2.19
1983	187	18.06	15.84	19.51	95.63	0	66.31	4.78
1983	188	16.23	14.2	18.34	100.56	0	71.89	4.13
1983	189	16.26	12.37	20.81	159.02	0	72.12	3.26
1983	190	16.77	11.2	23.56	248.11	0	72.19	2.32
1983	191	18.69	10.53	26.26	315.31	0	65.96	2.48
1983	192	18.73	13.05	25.43	289.71	0	67.15	2.61
1983	193	16.82	13.68	20.29	189.55	0	74.61	3
1983	194	16.93	12.67	20.86	192.7	0	72.44	3.07
1983	195	18.08	13.39	23.37	212.77	0	65.2	3.12
1983	196	17.13	12.58	22.48	132.91	0	70.3	2.48
1983	197	16.52	12.53	20.62	203.16	0	72.56	2.49
1983	198	15.86	11.93	19.8	67.65	0	73.96	2.59
1983	199	16.31	12.25	21.51	91.4	0	71.79	3.25
1983	200	16.74	12.41	21.45	65.78	0	73.66	2.79
1983	201	18.82	12.14	25.91	312.23	0	61.97	2.95
1983	202	18.53	13.18	24.25	317.92	0	62.06	3.24
1983	203	17.85	14.49	22.47	64.01	0	70.11	3.15
1983	204	17.62	14.85	21.88	183.78	0	74.82	3.76
1983	205	17.38	13.13	21.38	87.99	0	73.91	2.7
1983	206	18.01	15.6	22.06	164.12	0	74.49	3.37
1983	207	16.77	14.22	22.16	164.8	0	75.2	3.05
1983	208	16.96	12.3	21.48	97.12	0	71.97	2.7
1983	209	16.78	14.6	20.27	100.08	0	75.65	3.99
1983	210	16.67	13.6	21.41	84.46	0	77.88	2.76
1983	211	17.75	12.74	24.26	309.83	0	75.95	2.78
1983	212	18.63	12.91	25.69	320.4	0	71.32	2.99
1983	213	17.26	14.02	21.61	108.1	0	75.7	3.71
1983	214	17.03	13.91	20.32	245.22	0.1	76.65	5.05
1983	215	15.78	15.4	16.35	340.3	0	84.12	3.86
1983	216	18.93	14.78	24.08	340.3	1.72	77.88	3.64
1983	217	18.93	14.78	24.08	340.3	1.72	75.95	3.64
1983	218	18.93	14.78	24.08	340.3	1.72	71.32	3.64
1983	219	18.93	14.78	24.08	340.3	1.72	75.7	3.64
1983	220	19.19	16.1	22.77	340.3	0	60.43	3.98
1983	221	16.3	14.35	19.47	99.72	1.5	82.14	3.25
1983	222	17.41	14.54	21.9	340.3	0	74.2	3.32
1983	223	17.26	13.47	21.84	340.3	0	70.81	2.72
1983	224	16.43	11.83	22.03	340.3	0	69.39	2.8
1983	225	17.57	11.74	23.44	340.3	0	67.25	3.53
1983	226	18.23	12.32	24.09	340.3	0	66.17	3.32
1983	227	19.11	13.96	24.68	340.3	0	69.91	3.56
1983	228	18.74	15.68	22.93	340.3	0	69.27	3.69
1983	229	18.19	14.99	22.6	340.3	0	70.44	3.82
1983	230	17.99	14.35	23.52	340.3	0	68.34	4.51
1983	231	18.84	13.73	25.12	340.3	0	60.16	3.04
1983	232	19.25	12.04	25.81	340.3	0	51.77	3.25
1983	233	19.13	12.72	24.83	340.3	0	55.64	3.8
1983	234	20.08	15.13	25.93	340.3	0	60.22	3.34
1983	235	18.24	12.75	24.9	278.29	0	66.35	3.65
1983	236	18.13	13.52	24.14	286.17	0	67.29	3.42
1983	237	18.43	12.48	24.75	339.26	0	67.22	3.85
1983	238	19.73	14.79	25.96	370.39	0	61.21	3.94
1983	239	19.43	14.24	26.09	348.37	0	62.14	3.64
1983	240	18.38	14.17	23.01	204.73	0	66.11	4.3
1983	241	18.08	13.66	22.52	203.21	0	65.33	4.51
1983	242	18.02	15.12	21.84	184.28	0	72.23	4.32
1983	243	18.07	15.24	22.71	132.61	0	72.33	3.66
1983	244	18.87	15.46	23.51	134.25	0	70.98	3.71
1983	245	18.68	15.53	23.49	177.46	0	71.85	3.22
1983	246	18.9	12.73	25.89	309.28	0	65.73	3.63
1983	247	18.78	14.35	24.48	183.69	0	65.77	3.56
1983	248	19.63	13.74	25.63	239.41	0	65.78	3.22
1983	249	20.42	13.62	26.98	276.93	0	59.99	2.42
1983	250	18.55	15.47	24.24	183.01	23.2	79.81	2.36
1983	251	17.83	15.35	20.88	216.31	1.5	84.97	3.37
1983	252	17.63	15.18	20.3	237.69	0	79.53	3.56
1983	253	18.7	13.12	24.8	304.84	0	69.46	3.47
1983	254	19.63	15.06	25.4	286.39	0	68.96	3.1
1983	255	20.1	15.27	26.39	311.18	0	70.71	2.69
1983	256	18.54	15.58	23.43	212.37	0	78.29	3.58
1983	257	19.3	15.09	24.61	303.08	0	61.66	4.59
1983	258	18.25	15.11	22.31	305.08	0	70.57	3.47
1983	259	19.19	13.58	25.41	335.8	0	67.65	3.06
1983	260	20.08	15.78	27.18	352.88	7.9	69.76	3.16
1983	261	19.27	15.2	24.9	296.61	0	71.05	3.53
1983	262	19.43	14.03	24.85	321.49	0	70.28	3.57
1983	263	20.13	15.04	27.25	425.01	0	68.7	2.81
1983	264	20.11	14.46	26.74	335.61	0	68.67	3.61
1983	265	20.33	15.96	25.85	292.61	0	63.45	4.06
1983	266	19.54	15.6	24.75	214.41	0	65.68	4.21
1983	267	18.87	16.08	24.31	306.57	0	72.24	4.2
1983	268	20.51	14.71	27.22	310.98	0	58.63	3.17
1983	269	20.23	13.96	27.28	291.16	0	64.9	2.78
1983	270	20.27	14.8	26.27	303.74	0	67.24	3.51
1983	271	18.89	16.03	22.69	79.8	0	71.98	3.83
1983	272	19.89	13.95	26.59	315.98	0	67.54	3.7
1983	273	19.74	15.23	26.4	221.85	0	71.17	4.05
1983	274	20.87	16.39	27.58	279.48	0	66.11	3.52
1983	275	20.79	14.59	27.58	290.74	0	61.65	3.22
1983	276	18.98	12.25	25.45	355.89	0	61.51	3.36
1983	277	17.97	16.28	21.07	340.3	0	79.37	4.62
1983	278	18.71	15.17	23.32	340.3	0.1	73.05	3.82
1983	279	20.09	15.8	26.43	340.3	0	67.62	4.09
1983	280	20.12	14.92	26.08	340.3	0	59.02	3.57
1983	281	20.74	13.07	27.9	340.3	0	56.38	3.34
1983	282	21.15	14.46	27.94	340.3	0	61.27	4.24
1983	283	20.8	16.31	27.4	340.3	0	66.42	5.2
1983	284	20.65	14.57	26.53	340.3	0	61.27	4.42
1983	285	21.22	14.61	27.95	29.44	0	58.16	4.01
1983	286	22.07	14.44	29.04	427.23	0	57.17	3.61
1983	287	22.09	16.24	28.14	428.3	0	64.39	5.2
1983	288	21.94	17.65	27.56	348.26	0	67.16	5.57
1983	289	20.65	16.41	25.56	391.86	0.5	73	4.75
1983	290	20.59	17	26.7	287.02	0.1	72.18	3.44
1983	291	21.14	17.4	25.88	391.89	0	71.74	4.22
1983	292	19.67	16.88	24.57	333	0.9	79.34	4.75
1983	293	19.63	14.75	24.34	333.2	0	70.86	3.97
1983	294	20.13	15.77	25.43	317.38	0	68.67	4.18
1983	295	21.29	16.21	26.31	335.48	0	56.17	3.38
1983	296	20.92	15.51	26.96	386.79	0	56.58	3.52
1983	297	21.26	15.27	26.84	361.83	0	62.73	3.41
1983	298	21.43	17.08	26.31	373.89	0	67.31	4.54
1983	299	19.75	16.89	24.27	302.02	1.9	76.47	4.64
1983	300	19.99	16.11	24.47	275.17	0	70.49	3.55
1983	301	20.44	15.29	26.18	299.92	0	67.55	3.87
1983	302	20.44	16.2	25.09	293.17	0	66.86	3.74
1983	303	19.84	16.07	25.11	320.12	0	72.71	4.13
1983	304	19.58	16.66	24.13	286.44	4.5	78.4	4.26
1983	305	20.19	15.98	25.04	301.58	0	72.37	3.77
1983	306	18.89	16.55	22.21	304.4	32.9	85.22	3.63
1983	307	18.28	16.62	22.5	326.5	8.3	88.67	3.3
1983	308	18.22	15.53	21.34	294.16	8.6	84.66	3.2
1983	309	18.8	16.42	23.16	313	7.2	85.41	3
1983	310	19.32	16.17	24.13	442.3	28.39	81.98	3.32
1983	311	19.12	15.6	23.81	471.37	35.8	82.53	2.9
1983	312	18.59	16.89	21.94	329.38	3.1	88.16	3.48
1983	313	19.14	15.53	23.06	388.75	0	78.03	3.7
1983	314	18.8	16.01	22.5	265.7	17.8	85.21	3.72
1983	315	18.04	15.14	21.42	278.59	11.1	87.17	4.04
1983	316	18.82	16.5	23.13	342.78	4.4	86.05	3.73
1983	317	18.97	16.48	22.72	418.36	3.9	87.41	4.58
1983	318	18.57	16.33	23.09	332.43	22.2	89.79	2.51
1983	319	18.42	16.63	22.5	327.11	5.7	89.16	3.26
1983	320	18.56	16.26	22.07	379.33	6.6	87.77	3.73
1983	321	18.58	16.27	22.19	301.92	2.5	87.67	3.39
1983	322	19.16	16.24	23.04	360.37	1.74	82.42	3.52
1983	323	19.33	16.45	23.33	426.02	1.4	82.05	3.47
1983	324	18.81	15.89	23.3	398.04	0.4	85.17	3.46
1983	325	18.89	16.91	22.18	319.64	14.2	87.74	3.58
1983	326	18.29	16.52	21.89	360.61	8.7	91.68	4.05
1983	327	18.41	16.01	21.81	332.88	3.6	87.89	4.08
1983	328	18.6	16.2	22.59	392.39	9	87.44	3.59
1983	329	18.63	16.17	22.4	319.92	6.8	87.22	2.76
1983	330	18.31	15.64	21.96	339	8.4	89.85	3.28
1983	331	19.47	15.78	24.04	471.51	2.6	77.23	3.81
1983	332	19.07	16.67	23.43	349.55	0	83.95	3.15
1983	333	19.54	16.52	23.98	498.21	0	75.99	3.76
1983	334	19.2	15.46	23.4	483.41	0	72.17	3.74
1983	335	19.08	14.87	23.94	461.96	0	71.36	3.2
1983	336	19.51	14.76	24.39	411.98	0	75.32	3.14
1983	337	19.26	16.65	23.41	401.68	0	82.54	3.88
1983	338	18.98	15.93	23.5	363.5	0	80.18	3.54
1983	339	19.21	15.7	24.03	404.09	0	75.45	2.89
1983	340	19.08	16.36	23.58	383.18	0	79.45	2.86
1983	341	19.16	13.78	24.68	473.77	0	76.59	2.78
1983	342	19.31	14.63	24.83	446.49	0	70.69	2.85
1983	343	18.69	14.4	23.86	398.57	0	78.08	2.72
1983	344	19.39	16.5	23.57	397.26	0.8	80.59	4.16
1983	345	19.18	15.52	23.85	396.18	0.1	80.1	3.6
1983	346	19.24	15	24.28	353.75	0	81.24	2.85
1983	347	19.64	15.87	24.75	349.7	0	82.55	2.64
1983	348	19.65	17.22	23.88	355.75	0.1	85.12	3.01
1983	349	18.97	16.04	22.86	373.16	4.7	87.32	4.19
1983	350	18.27	16.3	21.59	235.59	0	85.91	4.21
1983	351	18.93	15.66	23.38	376.45	0	79.05	3.99
1983	352	18.79	15.6	23.31	400.29	0.1	80.3	3.54
1983	353	19.29	16.03	23.73	350.94	0	76.19	2.57
1983	354	18.81	14.53	23.85	403.15	0	78.18	2.74
1983	355	19.55	15.62	24.47	407.99	0	74.8	3.57
1983	356	19.31	15.92	23.7	323.94	2.2	83.67	3.45
1983	357	18.94	16.36	23.24	309.77	6.7	86.91	3.82
1983	358	20.22	16.91	24.8	409.78	0.7	81.63	3.41
1983	359	20.3	17.16	25.01	417.6	0	83.61	3.95
1983	360	18.96	16.81	22.36	248.07	0.6	86.86	4.58
1983	361	18.91	14.84	23.14	434.42	0	73.13	3.85
1983	362	19.96	15.72	24.86	444.77	0	68.75	3.05
1983	363	20.22	15.6	25.2	410.62	0	77.61	2.63
1983	364	20.21	16.76	25.21	330.63	0	81.03	3.1
1983	365	20.6	17.19	25.44	386.32	0	78.05	2.63
1984	1	19.25	14.12	24.18	280.23	0	62.72	4.63
1984	2	17.98	13.75	23.01	211.09	0.1	72.71	4.88
1984	3	17.25	15.45	20.82	214.32	10.62	87.78	5.48
1984	4	16.94	15.21	19.18	103.83	4.8	89.25	4.65
1984	5	17.62	14.54	21.55	274.51	0.2	77.42	4.38
1984	6	19.42	13.57	24.66	376.05	0	56.91	3.87
1984	7	19.6	14.23	24.56	355.46	0	60.44	4.2
1984	8	19.01	13.81	24.6	361.29	0	73.27	4.48
1984	9	19.48	16.27	24.33	277.82	0	74.98	5.09
1984	10	19.17	15.9	23.54	312.8	0	73.78	4.69
1984	11	19.18	14.34	24.06	300.67	0	70.07	4.13
1984	12	19.84	14.59	25.32	365.58	0	64.35	4.95
1984	13	19.68	13.39	25.11	359.62	0	57.99	4.46
1984	14	19.45	13.8	24.51	341.86	0	57.68	3.85
1984	15	19.78	13.98	24.89	349.03	0	53.19	4.17
1984	16	19.6	14.32	24.98	347.23	0	58.45	4.01
1984	17	19.44	13.62	24.81	280.46	0	61.1	4.05
1984	18	21.2	14.54	27.44	350.85	0	39.06	3.88
1984	19	21.45	15.57	27.25	356.5	0	43.76	3.63
1984	20	20.97	15.4	26.66	353.82	0	53.2	4.18
1984	21	20.88	14.6	26.14	356.25	0	51.04	4.37
1984	22	20.5	16.16	24.79	235.94	0	54.3	4.54
1984	23	20.05	16.04	24.84	262.47	0	65.03	4.02
1984	24	20.01	14.81	25.45	300.24	0	64.15	4.56
1984	25	20.9	14.87	26.58	352.5	0	58.19	4.1
1984	26	18.93	14.78	24.08	340.3	1.72	63.2328	3.64
1984	27	18.93	14.78	24.08	340.3	1.72	63.253312	3.64
1984	28	18.93	14.78	24.08	340.3	1.72	62.87504448	3.64
1984	29	18.93	14.78	24.08	340.3	1.72	61.87884626	3.64
1984	30	18.93	14.78	24.08	340.3	1.72	60.78400011	3.64
1984	31	18.93	14.78	24.08	340.3	1.72	60.11856011	3.64
1984	32	18.93	14.78	24.08	340.3	1.72	60.24690252	3.64
1984	33	18.93	14.78	24.08	340.3	1.72	60.23917862	3.64
1984	34	18.93	14.78	24.08	340.3	1.72	59.71794576	3.64
1984	35	18.93	14.78	24.08	340.3	1.72	59.10746359	3.64
1984	36	18.93	14.78	24.08	340.3	1.72	58.52056214	3.64
1984	37	18.93	14.78	24.08	340.3	1.72	58.05858462	3.64
1984	38	18.93	14.78	24.08	340.3	1.72	57.80692801	3.64
1984	39	18.93	14.78	24.08	340.3	1.72	57.79960513	3.64
1984	40	18.93	14.78	24.08	340.3	1.72	57.80438933	3.64
1984	41	18.93	14.78	24.08	340.3	1.72	57.98896491	3.64
1984	42	18.93	14.78	24.08	340.3	1.72	57.9705235	3.64
1984	43	18.93	14.78	24.08	340.3	1.72	57.84534444	3.64
1984	44	18.93	14.78	24.08	340.3	1.72	58.59675822	3.64
1984	45	18.93	14.78	24.08	340.3	1.72	59.19022855	3.64
1984	46	18.93	14.78	24.08	340.3	1.72	59.42983769	3.64
1984	47	18.93	14.78	24.08	340.3	1.72	59.7654312	3.64
1984	48	18.93	14.78	24.08	340.3	1.72	59.98404845	3.64
1984	49	18.93	14.78	24.08	340.3	1.72	59.78221039	3.64
1984	50	18.93	14.78	24.08	340.3	1.72	59.6074988	3.64
1984	51	18.93	14.78	24.08	340.3	1.72	59.66419875	3.64
1984	52	18.93	14.78	24.08	340.3	1.72	59.5214547	3.64
1984	53	18.93	14.78	24.08	340.3	1.72	59.37218041	3.64
1984	54	18.93	14.78	24.08	340.3	1.72	59.23206585	3.64
1984	55	18.93	14.78	24.08	340.3	1.72	59.12619463	3.64
1984	56	18.93	14.78	24.08	340.3	1.72	59.05988241	3.64
1984	57	18.93	14.78	24.08	340.3	1.72	59.01753531	3.64
1984	58	18.93	14.78	24.08	340.3	1.72	58.96836062	3.64
1984	59	18.93	14.78	24.08	340.3	1.72	58.9175279	3.64
1984	60	18.93	14.78	24.08	352.06	1.72	58.88551118	3.47
1984	61	18.93	14.78	24.08	352.06	1.72	58.87663309	3.47
1984	62	18.93	14.78	24.08	352.06	1.72	58.89087592	3.47
1984	63	18.93	14.78	24.08	352.06	1.72	58.92416758	3.47
1984	64	18.93	14.78	24.08	352.06	1.72	58.96885716	3.47
1984	65	18.93	14.78	24.08	352.06	1.72	59.01562724	3.47
1984	66	18.93	14.78	24.08	352.06	1.72	59.06407676	3.47
1984	67	18.93	14.78	24.08	352.06	1.72	59.10708123	3.47
1984	68	18.93	14.78	24.08	352.06	1.72	59.15254354	3.47
1984	69	18.93	14.78	24.08	352.06	1.72	59.2048315	3.47
1984	70	18.93	14.78	24.08	352.06	1.72	59.22915443	3.47
1984	71	18.93	14.78	24.08	352.06	1.72	59.23071147	3.47
1984	72	18.93	14.78	24.08	352.06	1.72	59.22274642	3.47
1984	73	18.93	14.78	24.08	352.06	1.72	59.20103903	3.47
1984	74	18.93	14.78	24.08	352.06	1.72	59.16971865	3.47
1984	75	18.93	14.78	24.08	352.06	1.72	59.14521898	3.47
1984	76	18.93	14.78	24.08	352.06	1.72	59.12672779	3.47
1984	77	18.93	14.78	24.08	352.06	1.72	59.10522895	3.47
1984	78	18.93	14.78	24.08	352.06	1.72	59.08857992	3.47
1984	79	18.93	14.78	24.08	352.06	1.72	59.0772359	3.47
1984	80	18.93	14.78	24.08	352.06	1.72	59.07104271	3.47
1984	81	18.93	14.78	24.08	352.06	1.72	59.06883663	3.47
1984	82	18.93	14.78	24.08	352.06	1.72	59.0691948	3.47
1984	83	18.93	14.78	24.08	352.06	1.72	59.07126118	3.47
1984	84	18.93	14.78	24.08	352.06	1.72	59.0753772	3.47
1984	85	18.93	14.78	24.08	352.06	1.72	59.08169117	3.47
1984	86	18.93	14.78	24.08	352.06	1.72	59.08953837	3.47
1984	87	18.93	14.78	24.08	352.06	1.72	59.09805458	3.47
1984	88	18.93	14.78	24.08	352.06	1.72	59.10634173	3.47
1984	89	18.93	14.78	24.08	352.06	1.72	59.11362869	3.47
1984	90	18.93	14.78	24.08	352.06	1.72	59.11941956	3.47
1984	91	18.93	14.78	24.08	352.06	1.72	59.12357125	3.47
1984	92	18.93	14.78	24.08	352.06	1.72	59.12595103	3.47
1984	93	18.93	14.78	24.08	352.06	1.72	59.12670582	3.47
1984	94	18.93	14.78	24.08	352.06	1.72	59.12567231	3.47
1984	95	18.93	14.78	24.08	352.06	1.72	59.12250594	3.47
1984	96	18.93	14.78	24.08	352.06	1.72	59.11824	3.47
1984	97	18.93	14.78	24.08	352.06	1.72	59.11374114	3.47
1984	98	18.93	14.78	24.08	352.06	1.72	59.10938093	3.47
1984	99	18.93	14.78	24.08	352.06	1.72	59.10571461	3.47
1984	100	18.93	14.78	24.08	352.06	1.72	59.10315445	3.47
1984	101	18.93	14.78	24.08	352.06	1.72	59.10147187	3.47
1984	102	18.93	14.78	24.08	352.06	1.72	59.10046163	3.47
1984	103	18.93	14.78	24.08	352.06	1.72	59.10027094	3.47
1984	104	18.93	14.78	24.08	352.06	1.72	59.10073858	3.47
1984	105	18.93	14.78	24.08	352.06	1.72	59.10167868	3.47
1984	106	18.93	14.78	24.08	352.06	1.72	59.10290412	3.47
1984	107	18.93	14.78	24.08	352.06	1.72	59.10426682	3.47
1984	108	18.93	14.78	24.08	352.06	1.72	59.1056697	3.47
1984	109	22.3	22.3	22.3	352.06	0	64.7	3.47
1984	110	21.07	17	24.09	352.06	0	71.13	3.74
1984	111	20.16	17.07	25.36	352.06	1	80.23	2.82
1984	112	18.06	16.81	19.59	352.06	17.06	92.29	2.83
1984	113	19.19	15.33	23.64	352.06	0	80.92	2.44
1984	114	20.13	17.32	24.31	352.06	0	81.88	2.65
1984	115	18.92	15.95	22.83	352.06	5.1	86.61	2.42
1984	116	18.55	16.41	22.86	352.06	35	89.17	1.62
1984	117	19.06	15.7	23.06	352.06	0.1	80.9	2.39
1984	118	17.85	16.69	20.08	352.06	11.7	90.83	2.03
1984	119	18.04	15.51	21.49	352.06	0	85.63	2.1
1984	120	18.66	16.79	22.47	352.06	14.3	87.36	2.18
1984	121	18.02	16.16	20.28	352.06	22.6	89.17	2.66
1984	122	18.54	14.62	22.18	352.06	0.6	84.6	2.64
1984	123	18.27	16.54	21.52	352.06	0.1	89.09	3.64
1984	124	18.61	15.12	23.36	352.06	0	83.58	1.96
1984	125	18.67	14.48	23.52	352.06	0	82.14	2.29
1984	126	18.86	15.23	23.42	352.06	0	82.42	2.8
1984	127	18.79	15.61	23.07	352.06	0	83.04	2.71
1984	128	19.09	15.8	23.44	352.06	0	81.1	2.44
1984	129	18.17	16.24	21.58	352.06	0.1	86.29	3.69
1984	130	18.56	16.06	22.68	352.06	0	81.82	3.32
1984	131	18.15	15.1	22.15	352.06	0	82.4	3.2
1984	132	18.06	14.02	23.32	352.06	0	80.69	2.41
1984	133	19.24	15.48	24.25	352.06	0	80.52	2.45
1984	134	19.23	16.33	24.04	352.06	0	79.02	3.41
1984	135	18.59	14.77	23.4	352.06	0	80.56	2.58
1984	136	18.6	14.35	23.74	352.06	0	75.81	2.95
1984	137	19.07	15.98	23.06	352.06	0	78.16	2.98
1984	138	18.29	13.91	22.89	352.06	0	81.01	2.73
1984	139	18.37	14.63	23.8	352.06	0	79.61	2.45
1984	140	19.41	13.13	26.12	352.06	0	72.85	2.35
1984	141	19.27	13.3	24.7	352.06	0	73.65	2.67
1984	142	19.83	15.97	25.45	352.06	0	76.68	2.49
1984	143	19.78	16.04	24.78	352.06	0	77.59	3.21
1984	144	18.99	14.96	23.77	352.06	0	73.95	3.17
1984	145	19.11	14.58	23.87	352.06	0	72.29	3.33
1984	146	18	14.1	22.59	352.06	0	75.42	3.35
1984	147	16.64	12.72	21.05	352.06	0.3	82.01	3.15
1984	148	17.5	14.02	22.45	352.06	0.1	80.72	3.26
1984	149	16.53	14.07	19.75	352.06	2.6	89.1	3.74
1984	150	17.26	13.76	20.82	352.06	0	82.09	2.58
1984	151	18.19	15.48	23.03	165.37	0	78.43	2.52
1984	152	19.1	14.83	24.04	252.18	0	74.88	3.37
1984	153	19.11	15.58	23.99	273.08	2.6	76.13	3.6
1984	154	18	14.69	22.03	69.78	0	80.43	3.46
1984	155	17.66	13.89	22.83	199.47	0	79.68	3.11
1984	156	19.15	14.11	24.66	306.03	0	72.1	2.52
1984	157	18.83	15.25	23.88	200.96	0.2	76.26	3.01
1984	158	18.95	13.44	24.91	360.35	0	62.02	2.54
1984	159	19.36	12.31	26.04	365.95	0	64.25	2.55
1984	160	18.79	15.88	23.8	229.63	0	75.18	3.93
1984	161	18.3	13.62	24.32	251.44	0	74.56	2.85
1984	162	19.59	14.98	24.61	351.39	0	63.15	2.73
1984	163	19.64	14.92	24.48	241.6	0.2	63.95	2.52
1984	164	17.84	13.52	22.29	190.26	0	74.48	2.64
1984	165	18.81	14.98	25.01	245.06	0	78.03	2.24
1984	166	17.89	14.88	21.55	141.38	0	77.07	2.1
1984	167	18.54	14.65	23.95	188.56	0	74.76	2.65
1984	168	16.83	14.59	19.37	54.07	0	80.78	3.03
1984	169	17.38	13.35	22.42	172.24	0	74.23	2.81
1984	170	17.84	12.97	22.96	224.37	0	73.04	2.49
1984	171	18.42	14.65	22.7	138.18	0	77.27	2.83
1984	172	17.83	15.91	20.93	191.66	0	79.93	3.14
1984	173	17.11	14.77	20.05	117.71	0	78.53	2.92
1984	174	16.87	15.44	18.65	61.62	0	81.36	3.27
1984	175	17.72	14.23	22.8	198.47	0	69.59	2.7
1984	176	18.16	13.41	24.21	249.27	0	60.96	2.39
1984	177	16.67	13.5	21.31	115.2	0	76.59	2.67
1984	178	16.59	13.91	20.48	94.91	0	79.69	2.63
1984	179	17.33	12.34	22.77	236.09	0	73.82	2.46
1984	180	16.34	13.54	19.66	114.41	0	79.4	2.51
1984	181	17.5	14.71	21.1	109.4	0	75.77	3.1
1984	182	17.09	14.5	20.39	26.13	0	79.28	3.5
1984	183	16.91	14.71	19.95	85.05	0	75.76	3.45
1984	184	17.14	13.46	21.06	61.39	0	73.3	3.53
1984	185	16.5	13.97	19.82	167.11	0	73.98	3.97
1984	186	15.27	12.43	18.94	12.18	0	79.14	2.19
1984	187	18.06	15.84	19.51	95.63	0	66.31	4.78
1984	188	16.23	14.2	18.34	100.56	0	71.89	4.13
1984	189	16.26	12.37	20.81	159.02	0	72.12	3.26
1984	190	16.77	11.2	23.56	248.11	0	72.19	2.32
1984	191	18.69	10.53	26.26	315.31	0	65.96	2.48
1984	192	18.73	13.05	25.43	289.71	0	67.15	2.61
1984	193	16.82	13.68	20.29	189.55	0	74.61	3
1984	194	16.93	12.67	20.86	192.7	0	72.44	3.07
1984	195	18.08	13.39	23.37	212.77	0	65.2	3.12
1984	196	17.13	12.58	22.48	132.91	0	70.3	2.48
1984	197	16.52	12.53	20.62	203.16	0	72.56	2.49
1984	198	15.86	11.93	19.8	67.65	0	73.96	2.59
1984	199	16.31	12.25	21.51	91.4	0	71.79	3.25
1984	200	16.74	12.41	21.45	65.78	0	73.66	2.79
1984	201	18.82	12.14	25.91	312.23	0	61.97	2.95
1984	202	18.53	13.18	24.25	317.92	0	62.06	3.24
1984	203	17.85	14.49	22.47	64.01	0	70.11	3.15
1984	204	17.62	14.85	21.88	183.78	0	74.82	3.76
1984	205	17.38	13.13	21.38	87.99	0	73.91	2.7
1984	206	18.01	15.6	22.06	164.12	0	74.49	3.37
1984	207	16.77	14.22	22.16	164.8	0	75.2	3.05
1984	208	16.96	12.3	21.48	97.12	0	71.97	2.7
1984	209	16.78	14.6	20.27	100.08	0	75.65	3.99
1984	210	16.67	13.6	21.41	84.46	0	77.88	2.76
1984	211	17.75	12.74	24.26	309.83	0	75.95	2.78
1984	212	18.63	12.91	25.69	320.4	0	71.32	2.99
1984	213	17.26	14.02	21.61	108.1	0	75.7	3.71
1984	214	17.03	13.91	20.32	245.22	0.1	76.65	5.05
1984	215	15.78	15.4	16.35	340.3	0	84.12	3.86
1984	216	18.93	14.78	24.08	340.3	1.72	77.88	3.64
1984	217	18.93	14.78	24.08	340.3	1.72	75.95	3.64
1984	218	18.93	14.78	24.08	340.3	1.72	71.32	3.64
1984	219	18.93	14.78	24.08	340.3	1.72	75.7	3.64
1984	220	19.19	16.1	22.77	340.3	0	60.43	3.98
1984	221	16.3	14.35	19.47	99.72	1.5	82.14	3.25
1984	222	17.41	14.54	21.9	340.3	0	74.2	3.32
1984	223	17.26	13.47	21.84	340.3	0	70.81	2.72
1984	224	16.43	11.83	22.03	340.3	0	69.39	2.8
1984	225	17.57	11.74	23.44	340.3	0	67.25	3.53
1984	226	18.23	12.32	24.09	340.3	0	66.17	3.32
1984	227	19.11	13.96	24.68	340.3	0	69.91	3.56
1984	228	18.74	15.68	22.93	340.3	0	69.27	3.69
1984	229	18.19	14.99	22.6	340.3	0	70.44	3.82
1984	230	17.99	14.35	23.52	340.3	0	68.34	4.51
1984	231	18.84	13.73	25.12	340.3	0	60.16	3.04
1984	232	19.25	12.04	25.81	340.3	0	51.77	3.25
1984	233	19.13	12.72	24.83	340.3	0	55.64	3.8
1984	234	20.08	15.13	25.93	340.3	0	60.22	3.34
1984	235	18.24	12.75	24.9	278.29	0	66.35	3.65
1984	236	18.13	13.52	24.14	286.17	0	67.29	3.42
1984	237	18.43	12.48	24.75	339.26	0	67.22	3.85
1984	238	19.73	14.79	25.96	370.39	0	61.21	3.94
1984	239	19.43	14.24	26.09	348.37	0	62.14	3.64
1984	240	18.38	14.17	23.01	204.73	0	66.11	4.3
1984	241	18.08	13.66	22.52	203.21	0	65.33	4.51
1984	242	18.02	15.12	21.84	184.28	0	72.23	4.32
1984	243	18.07	15.24	22.71	132.61	0	72.33	3.66
1984	244	18.87	15.46	23.51	134.25	0	70.98	3.71
1984	245	18.68	15.53	23.49	177.46	0	71.85	3.22
1984	246	18.9	12.73	25.89	309.28	0	65.73	3.63
1984	247	18.78	14.35	24.48	183.69	0	65.77	3.56
1984	248	19.63	13.74	25.63	239.41	0	65.78	3.22
1984	249	20.42	13.62	26.98	276.93	0	59.99	2.42
1984	250	18.55	15.47	24.24	183.01	23.2	79.81	2.36
1984	251	17.83	15.35	20.88	216.31	1.5	84.97	3.37
1984	252	17.63	15.18	20.3	237.69	0	79.53	3.56
1984	253	18.7	13.12	24.8	304.84	0	69.46	3.47
1984	254	19.63	15.06	25.4	286.39	0	68.96	3.1
1984	255	20.1	15.27	26.39	311.18	0	70.71	2.69
1984	256	18.54	15.58	23.43	212.37	0	78.29	3.58
1984	257	19.3	15.09	24.61	303.08	0	61.66	4.59
1984	258	18.25	15.11	22.31	305.08	0	70.57	3.47
1984	259	19.19	13.58	25.41	335.8	0	67.65	3.06
1984	260	20.08	15.78	27.18	352.88	7.9	69.76	3.16
1984	261	19.27	15.2	24.9	296.61	0	71.05	3.53
1984	262	19.43	14.03	24.85	321.49	0	70.28	3.57
1984	263	20.13	15.04	27.25	425.01	0	68.7	2.81
1984	264	20.11	14.46	26.74	335.61	0	68.67	3.61
1984	265	20.33	15.96	25.85	292.61	0	63.45	4.06
1984	266	19.54	15.6	24.75	214.41	0	65.68	4.21
1984	267	18.87	16.08	24.31	306.57	0	72.24	4.2
1984	268	20.51	14.71	27.22	310.98	0	58.63	3.17
1984	269	20.23	13.96	27.28	291.16	0	64.9	2.78
1984	270	20.27	14.8	26.27	303.74	0	67.24	3.51
1984	271	18.89	16.03	22.69	79.8	0	71.98	3.83
1984	272	19.89	13.95	26.59	315.98	0	67.54	3.7
1984	273	19.74	15.23	26.4	221.85	0	71.17	4.05
1984	274	20.87	16.39	27.58	279.48	0	66.11	3.52
1984	275	20.79	14.59	27.58	290.74	0	61.65	3.22
1984	276	18.98	12.25	25.45	355.89	0	61.51	3.36
1984	277	17.97	16.28	21.07	340.3	0	79.37	4.62
1984	278	18.71	15.17	23.32	340.3	0.1	73.05	3.82
1984	279	20.09	15.8	26.43	340.3	0	67.62	4.09
1984	280	20.12	14.92	26.08	340.3	0	59.02	3.57
1984	281	20.74	13.07	27.9	340.3	0	56.38	3.34
1984	282	21.15	14.46	27.94	340.3	0	61.27	4.24
1984	283	20.8	16.31	27.4	340.3	0	66.42	5.2
1984	284	20.65	14.57	26.53	340.3	0	61.27	4.42
1984	285	21.22	14.61	27.95	29.44	0	58.16	4.01
1984	286	22.07	14.44	29.04	427.23	0	57.17	3.61
1984	287	22.09	16.24	28.14	428.3	0	64.39	5.2
1984	288	21.94	17.65	27.56	348.26	0	67.16	5.57
1984	289	20.65	16.41	25.56	391.86	0.5	73	4.75
1984	290	20.59	17	26.7	287.02	0.1	72.18	3.44
1984	291	21.14	17.4	25.88	391.89	0	71.74	4.22
1984	292	19.67	16.88	24.57	333	0.9	79.34	4.75
1984	293	19.63	14.75	24.34	333.2	0	70.86	3.97
1984	294	20.13	15.77	25.43	317.38	0	68.67	4.18
1984	295	21.29	16.21	26.31	335.48	0	56.17	3.38
1984	296	20.92	15.51	26.96	386.79	0	56.58	3.52
1984	297	21.26	15.27	26.84	361.83	0	62.73	3.41
1984	298	21.43	17.08	26.31	373.89	0	67.31	4.54
1984	299	19.75	16.89	24.27	302.02	1.9	76.47	4.64
1984	300	19.99	16.11	24.47	275.17	0	70.49	3.55
1984	301	20.44	15.29	26.18	299.92	0	67.55	3.87
1984	302	20.44	16.2	25.09	293.17	0	66.86	3.74
1984	303	19.84	16.07	25.11	320.12	0	72.71	4.13
1984	304	19.58	16.66	24.13	286.44	4.5	78.4	4.26
1984	305	20.19	15.98	25.04	301.58	0	72.37	3.77
1984	306	18.89	16.55	22.21	304.4	32.9	85.22	3.63
1984	307	18.28	16.62	22.5	326.5	8.3	88.67	3.3
1984	308	18.22	15.53	21.34	294.16	8.6	84.66	3.2
1984	309	18.8	16.42	23.16	313	7.2	85.41	3
1984	310	19.32	16.17	24.13	442.3	28.39	81.98	3.32
1984	311	19.12	15.6	23.81	471.37	35.8	82.53	2.9
1984	312	18.59	16.89	21.94	329.38	3.1	88.16	3.48
1984	313	19.14	15.53	23.06	388.75	0	78.03	3.7
1984	314	18.8	16.01	22.5	265.7	17.8	85.21	3.72
1984	315	18.04	15.14	21.42	278.59	11.1	87.17	4.04
1984	316	18.82	16.5	23.13	342.78	4.4	86.05	3.73
1984	317	18.97	16.48	22.72	418.36	3.9	87.41	4.58
1984	318	18.57	16.33	23.09	332.43	22.2	89.79	2.51
1984	319	18.42	16.63	22.5	327.11	5.7	89.16	3.26
1984	320	18.56	16.26	22.07	379.33	6.6	87.77	3.73
1984	321	18.58	16.27	22.19	301.92	2.5	87.67	3.39
1984	322	19.16	16.24	23.04	360.37	1.74	82.42	3.52
1984	323	19.33	16.45	23.33	426.02	1.4	82.05	3.47
1984	324	18.81	15.89	23.3	398.04	0.4	85.17	3.46
1984	325	18.89	16.91	22.18	319.64	14.2	87.74	3.58
1984	326	18.29	16.52	21.89	360.61	8.7	91.68	4.05
1984	327	18.41	16.01	21.81	332.88	3.6	87.89	4.08
1984	328	18.6	16.2	22.59	392.39	9	87.44	3.59
1984	329	18.63	16.17	22.4	319.92	6.8	87.22	2.76
1984	330	18.31	15.64	21.96	339	8.4	89.85	3.28
1984	331	19.47	15.78	24.04	471.51	2.6	77.23	3.81
1984	332	19.07	16.67	23.43	349.55	0	83.95	3.15
1984	333	19.54	16.52	23.98	498.21	0	75.99	3.76
1984	334	19.2	15.46	23.4	483.41	0	72.17	3.74
1984	335	19.08	14.87	23.94	461.96	0	71.36	3.2
1984	336	19.51	14.76	24.39	411.98	0	75.32	3.14
1984	337	19.26	16.65	23.41	401.68	0	82.54	3.88
1984	338	18.98	15.93	23.5	363.5	0	80.18	3.54
1984	339	19.21	15.7	24.03	404.09	0	75.45	2.89
1984	340	19.08	16.36	23.58	383.18	0	79.45	2.86
1984	341	19.16	13.78	24.68	473.77	0	76.59	2.78
1984	342	19.31	14.63	24.83	446.49	0	70.69	2.85
1984	343	18.69	14.4	23.86	398.57	0	78.08	2.72
1984	344	19.39	16.5	23.57	397.26	0.8	80.59	4.16
1984	345	19.18	15.52	23.85	396.18	0.1	80.1	3.6
1984	346	19.24	15	24.28	353.75	0	81.24	2.85
1984	347	19.64	15.87	24.75	349.7	0	82.55	2.64
1984	348	19.65	17.22	23.88	355.75	0.1	85.12	3.01
1984	349	18.97	16.04	22.86	373.16	4.7	87.32	4.19
1984	350	18.27	16.3	21.59	235.59	0	85.91	4.21
1984	351	18.93	15.66	23.38	376.45	0	79.05	3.99
1984	352	18.79	15.6	23.31	400.29	0.1	80.3	3.54
1984	353	19.29	16.03	23.73	350.94	0	76.19	2.57
1984	354	18.81	14.53	23.85	403.15	0	78.18	2.74
1984	355	19.55	15.62	24.47	407.99	0	74.8	3.57
1984	356	19.31	15.92	23.7	323.94	2.2	83.67	3.45
1984	357	18.94	16.36	23.24	309.77	6.7	86.91	3.82
1984	358	20.22	16.91	24.8	409.78	0.7	81.63	3.41
1984	359	20.3	17.16	25.01	417.6	0	83.61	3.95
1984	360	18.96	16.81	22.36	248.07	0.6	86.86	4.58
1984	361	18.91	14.84	23.14	434.42	0	73.13	3.85
1984	362	19.96	15.72	24.86	444.77	0	68.75	3.05
1984	363	20.22	15.6	25.2	410.62	0	77.61	2.63
1984	364	20.21	16.76	25.21	330.63	0	81.03	3.1
1984	365	20.6	17.19	25.44	386.32	0	78.05	2.63
1985	1	19.25	14.12	24.18	280.23	0	62.72	4.63
1985	2	17.98	13.75	23.01	211.09	0.1	72.71	4.88
1985	3	17.25	15.45	20.82	214.32	10.62	87.78	5.48
1985	4	16.94	15.21	19.18	103.83	4.8	89.25	4.65
1985	5	17.62	14.54	21.55	274.51	0.2	77.42	4.38
1985	6	19.42	13.57	24.66	376.05	0	56.91	3.87
1985	7	19.6	14.23	24.56	355.46	0	60.44	4.2
1985	8	19.01	13.81	24.6	361.29	0	73.27	4.48
1985	9	19.48	16.27	24.33	277.82	0	74.98	5.09
1985	10	19.17	15.9	23.54	312.8	0	73.78	4.69
1985	11	19.18	14.34	24.06	300.67	0	70.07	4.13
1985	12	19.84	14.59	25.32	365.58	0	64.35	4.95
1985	13	19.68	13.39	25.11	359.62	0	57.99	4.46
1985	14	19.45	13.8	24.51	341.86	0	57.68	3.85
1985	15	19.78	13.98	24.89	349.03	0	53.19	4.17
1985	16	19.6	14.32	24.98	347.23	0	58.45	4.01
1985	17	19.44	13.62	24.81	280.46	0	61.1	4.05
1985	18	21.2	14.54	27.44	350.85	0	39.06	3.88
1985	19	21.45	15.57	27.25	356.5	0	43.76	3.63
1985	20	20.97	15.4	26.66	353.82	0	53.2	4.18
1985	21	20.88	14.6	26.14	356.25	0	51.04	4.37
1985	22	20.5	16.16	24.79	235.94	0	54.3	4.54
1985	23	20.05	16.04	24.84	262.47	0	65.03	4.02
1985	24	20.01	14.81	25.45	300.24	0	64.15	4.56
1985	25	20.9	14.87	26.58	352.5	0	58.19	4.1
1985	26	18.93	14.78	24.08	340.3	1.72	63.2328	3.64
1985	27	18.93	14.78	24.08	340.3	1.72	63.253312	3.64
1985	28	18.93	14.78	24.08	340.3	1.72	62.87504448	3.64
1985	29	18.93	14.78	24.08	340.3	1.72	61.87884626	3.64
1985	30	18.93	14.78	24.08	340.3	1.72	60.78400011	3.64
1985	31	18.93	14.78	24.08	340.3	1.72	60.11856011	3.64
1985	32	18.93	14.78	24.08	340.3	1.72	60.24690252	3.64
1985	33	18.93	14.78	24.08	340.3	1.72	60.23917862	3.64
1985	34	18.93	14.78	24.08	340.3	1.72	59.71794576	3.64
1985	35	18.93	14.78	24.08	340.3	1.72	59.10746359	3.64
1985	36	18.93	14.78	24.08	340.3	1.72	58.52056214	3.64
1985	37	18.93	14.78	24.08	340.3	1.72	58.05858462	3.64
1985	38	18.93	14.78	24.08	340.3	1.72	57.80692801	3.64
1985	39	18.93	14.78	24.08	340.3	1.72	57.79960513	3.64
1985	40	18.93	14.78	24.08	340.3	1.72	57.80438933	3.64
1985	41	18.93	14.78	24.08	340.3	1.72	57.98896491	3.64
1985	42	18.93	14.78	24.08	340.3	1.72	57.9705235	3.64
1985	43	18.93	14.78	24.08	340.3	1.72	57.84534444	3.64
1985	44	18.93	14.78	24.08	340.3	1.72	58.59675822	3.64
1985	45	18.93	14.78	24.08	340.3	1.72	59.19022855	3.64
1985	46	18.93	14.78	24.08	340.3	1.72	59.42983769	3.64
1985	47	18.93	14.78	24.08	340.3	1.72	59.7654312	3.64
1985	48	18.93	14.78	24.08	340.3	1.72	59.98404845	3.64
1985	49	18.93	14.78	24.08	340.3	1.72	59.78221039	3.64
1985	50	18.93	14.78	24.08	340.3	1.72	59.6074988	3.64
1985	51	18.93	14.78	24.08	340.3	1.72	59.66419875	3.64
1985	52	18.93	14.78	24.08	340.3	1.72	59.5214547	3.64
1985	53	18.93	14.78	24.08	340.3	1.72	59.37218041	3.64
1985	54	18.93	14.78	24.08	340.3	1.72	59.23206585	3.64
1985	55	18.93	14.78	24.08	340.3	1.72	59.12619463	3.64
1985	56	18.93	14.78	24.08	340.3	1.72	59.05988241	3.64
1985	57	18.93	14.78	24.08	340.3	1.72	59.01753531	3.64
1985	58	18.93	14.78	24.08	340.3	1.72	58.96836062	3.64
1985	59	18.93	14.78	24.08	340.3	1.72	58.9175279	3.64
1985	60	18.93	14.78	24.08	352.06	1.72	58.88551118	3.47
1985	61	18.93	14.78	24.08	352.06	1.72	58.87663309	3.47
1985	62	18.93	14.78	24.08	352.06	1.72	58.89087592	3.47
1985	63	18.93	14.78	24.08	352.06	1.72	58.92416758	3.47
1985	64	18.93	14.78	24.08	352.06	1.72	58.96885716	3.47
1985	65	18.93	14.78	24.08	352.06	1.72	59.01562724	3.47
1985	66	18.93	14.78	24.08	352.06	1.72	59.06407676	3.47
1985	67	18.93	14.78	24.08	352.06	1.72	59.10708123	3.47
1985	68	18.93	14.78	24.08	352.06	1.72	59.15254354	3.47
1985	69	18.93	14.78	24.08	352.06	1.72	59.2048315	3.47
1985	70	18.93	14.78	24.08	352.06	1.72	59.22915443	3.47
1985	71	18.93	14.78	24.08	352.06	1.72	59.23071147	3.47
1985	72	18.93	14.78	24.08	352.06	1.72	59.22274642	3.47
1985	73	18.93	14.78	24.08	352.06	1.72	59.20103903	3.47
1985	74	18.93	14.78	24.08	352.06	1.72	59.16971865	3.47
1985	75	18.93	14.78	24.08	352.06	1.72	59.14521898	3.47
1985	76	18.93	14.78	24.08	352.06	1.72	59.12672779	3.47
1985	77	18.93	14.78	24.08	352.06	1.72	59.10522895	3.47
1985	78	18.93	14.78	24.08	352.06	1.72	59.08857992	3.47
1985	79	18.93	14.78	24.08	352.06	1.72	59.0772359	3.47
1985	80	18.93	14.78	24.08	352.06	1.72	59.07104271	3.47
1985	81	18.93	14.78	24.08	352.06	1.72	59.06883663	3.47
1985	82	18.93	14.78	24.08	352.06	1.72	59.0691948	3.47
1985	83	18.93	14.78	24.08	352.06	1.72	59.07126118	3.47
1985	84	18.93	14.78	24.08	352.06	1.72	59.0753772	3.47
1985	85	18.93	14.78	24.08	352.06	1.72	59.08169117	3.47
1985	86	18.93	14.78	24.08	352.06	1.72	59.08953837	3.47
1985	87	18.93	14.78	24.08	352.06	1.72	59.09805458	3.47
1985	88	18.93	14.78	24.08	352.06	1.72	59.10634173	3.47
1985	89	18.93	14.78	24.08	352.06	1.72	59.11362869	3.47
1985	90	18.93	14.78	24.08	352.06	1.72	59.11941956	3.47
1985	91	18.93	14.78	24.08	352.06	1.72	59.12357125	3.47
1985	92	18.93	14.78	24.08	352.06	1.72	59.12595103	3.47
1985	93	18.93	14.78	24.08	352.06	1.72	59.12670582	3.47
1985	94	18.93	14.78	24.08	352.06	1.72	59.12567231	3.47
1985	95	18.93	14.78	24.08	352.06	1.72	59.12250594	3.47
1985	96	18.93	14.78	24.08	352.06	1.72	59.11824	3.47
1985	97	18.93	14.78	24.08	352.06	1.72	59.11374114	3.47
1985	98	18.93	14.78	24.08	352.06	1.72	59.10938093	3.47
1985	99	18.93	14.78	24.08	352.06	1.72	59.10571461	3.47
1985	100	18.93	14.78	24.08	352.06	1.72	59.10315445	3.47
1985	101	18.93	14.78	24.08	352.06	1.72	59.10147187	3.47
1985	102	18.93	14.78	24.08	352.06	1.72	59.10046163	3.47
1985	103	18.93	14.78	24.08	352.06	1.72	59.10027094	3.47
1985	104	18.93	14.78	24.08	352.06	1.72	59.10073858	3.47
1985	105	18.93	14.78	24.08	352.06	1.72	59.10167868	3.47
1985	106	18.93	14.78	24.08	352.06	1.72	59.10290412	3.47
1985	107	18.93	14.78	24.08	352.06	1.72	59.10426682	3.47
1985	108	18.93	14.78	24.08	352.06	1.72	59.1056697	3.47
1985	109	22.3	22.3	22.3	352.06	0	64.7	3.47
1985	110	21.07	17	24.09	352.06	0	71.13	3.74
1985	111	20.16	17.07	25.36	352.06	1	80.23	2.82
1985	112	18.06	16.81	19.59	352.06	17.06	92.29	2.83
1985	113	19.19	15.33	23.64	352.06	0	80.92	2.44
1985	114	20.13	17.32	24.31	352.06	0	81.88	2.65
1985	115	18.92	15.95	22.83	352.06	5.1	86.61	2.42
1985	116	18.55	16.41	22.86	352.06	35	89.17	1.62
1985	117	19.06	15.7	23.06	352.06	0.1	80.9	2.39
1985	118	17.85	16.69	20.08	352.06	11.7	90.83	2.03
1985	119	18.04	15.51	21.49	352.06	0	85.63	2.1
1985	120	18.66	16.79	22.47	352.06	14.3	87.36	2.18
1985	121	18.02	16.16	20.28	352.06	22.6	89.17	2.66
1985	122	18.54	14.62	22.18	352.06	0.6	84.6	2.64
1985	123	18.27	16.54	21.52	352.06	0.1	89.09	3.64
1985	124	18.61	15.12	23.36	352.06	0	83.58	1.96
1985	125	18.67	14.48	23.52	352.06	0	82.14	2.29
1985	126	18.86	15.23	23.42	352.06	0	82.42	2.8
1985	127	18.79	15.61	23.07	352.06	0	83.04	2.71
1985	128	19.09	15.8	23.44	352.06	0	81.1	2.44
1985	129	18.17	16.24	21.58	352.06	0.1	86.29	3.69
1985	130	18.56	16.06	22.68	352.06	0	81.82	3.32
1985	131	18.15	15.1	22.15	352.06	0	82.4	3.2
1985	132	18.06	14.02	23.32	352.06	0	80.69	2.41
1985	133	19.24	15.48	24.25	352.06	0	80.52	2.45
1985	134	19.23	16.33	24.04	352.06	0	79.02	3.41
1985	135	18.59	14.77	23.4	352.06	0	80.56	2.58
1985	136	18.6	14.35	23.74	352.06	0	75.81	2.95
1985	137	19.07	15.98	23.06	352.06	0	78.16	2.98
1985	138	18.29	13.91	22.89	352.06	0	81.01	2.73
1985	139	18.37	14.63	23.8	352.06	0	79.61	2.45
1985	140	19.41	13.13	26.12	352.06	0	72.85	2.35
1985	141	19.27	13.3	24.7	352.06	0	73.65	2.67
1985	142	19.83	15.97	25.45	352.06	0	76.68	2.49
1985	143	19.78	16.04	24.78	352.06	0	77.59	3.21
1985	144	18.99	14.96	23.77	352.06	0	73.95	3.17
1985	145	19.11	14.58	23.87	352.06	0	72.29	3.33
1985	146	18	14.1	22.59	352.06	0	75.42	3.35
1985	147	16.64	12.72	21.05	352.06	0.3	82.01	3.15
1985	148	17.5	14.02	22.45	352.06	0.1	80.72	3.26
1985	149	16.53	14.07	19.75	352.06	2.6	89.1	3.74
1985	150	17.26	13.76	20.82	352.06	0	82.09	2.58
1985	151	18.19	15.48	23.03	165.37	0	78.43	2.52
1985	152	19.1	14.83	24.04	252.18	0	74.88	3.37
1985	153	19.11	15.58	23.99	273.08	2.6	76.13	3.6
1985	154	18	14.69	22.03	69.78	0	80.43	3.46
1985	155	17.66	13.89	22.83	199.47	0	79.68	3.11
1985	156	19.15	14.11	24.66	306.03	0	72.1	2.52
1985	157	18.83	15.25	23.88	200.96	0.2	76.26	3.01
1985	158	18.95	13.44	24.91	360.35	0	62.02	2.54
1985	159	19.36	12.31	26.04	365.95	0	64.25	2.55
1985	160	18.79	15.88	23.8	229.63	0	75.18	3.93
1985	161	18.3	13.62	24.32	251.44	0	74.56	2.85
1985	162	19.59	14.98	24.61	351.39	0	63.15	2.73
1985	163	19.64	14.92	24.48	241.6	0.2	63.95	2.52
1985	164	17.84	13.52	22.29	190.26	0	74.48	2.64
1985	165	18.81	14.98	25.01	245.06	0	78.03	2.24
1985	166	17.89	14.88	21.55	141.38	0	77.07	2.1
1985	167	18.54	14.65	23.95	188.56	0	74.76	2.65
1985	168	16.83	14.59	19.37	54.07	0	80.78	3.03
1985	169	17.38	13.35	22.42	172.24	0	74.23	2.81
1985	170	17.84	12.97	22.96	224.37	0	73.04	2.49
1985	171	18.42	14.65	22.7	138.18	0	77.27	2.83
1985	172	17.83	15.91	20.93	191.66	0	79.93	3.14
1985	173	17.11	14.77	20.05	117.71	0	78.53	2.92
1985	174	16.87	15.44	18.65	61.62	0	81.36	3.27
1985	175	17.72	14.23	22.8	198.47	0	69.59	2.7
1985	176	18.16	13.41	24.21	249.27	0	60.96	2.39
1985	177	16.67	13.5	21.31	115.2	0	76.59	2.67
1985	178	16.59	13.91	20.48	94.91	0	79.69	2.63
1985	179	17.33	12.34	22.77	236.09	0	73.82	2.46
1985	180	16.34	13.54	19.66	114.41	0	79.4	2.51
1985	181	17.5	14.71	21.1	109.4	0	75.77	3.1
1985	182	17.09	14.5	20.39	26.13	0	79.28	3.5
1985	183	16.91	14.71	19.95	85.05	0	75.76	3.45
1985	184	17.14	13.46	21.06	61.39	0	73.3	3.53
1985	185	16.5	13.97	19.82	167.11	0	73.98	3.97
1985	186	15.27	12.43	18.94	12.18	0	79.14	2.19
1985	187	18.06	15.84	19.51	95.63	0	66.31	4.78
1985	188	16.23	14.2	18.34	100.56	0	71.89	4.13
1985	189	16.26	12.37	20.81	159.02	0	72.12	3.26
1985	190	16.77	11.2	23.56	248.11	0	72.19	2.32
1985	191	18.69	10.53	26.26	315.31	0	65.96	2.48
1985	192	18.73	13.05	25.43	289.71	0	67.15	2.61
1985	193	16.82	13.68	20.29	189.55	0	74.61	3
1985	194	16.93	12.67	20.86	192.7	0	72.44	3.07
1985	195	18.08	13.39	23.37	212.77	0	65.2	3.12
1985	196	17.13	12.58	22.48	132.91	0	70.3	2.48
1985	197	16.52	12.53	20.62	203.16	0	72.56	2.49
1985	198	15.86	11.93	19.8	67.65	0	73.96	2.59
1985	199	16.31	12.25	21.51	91.4	0	71.79	3.25
1985	200	16.74	12.41	21.45	65.78	0	73.66	2.79
1985	201	18.82	12.14	25.91	312.23	0	61.97	2.95
1985	202	18.53	13.18	24.25	317.92	0	62.06	3.24
1985	203	17.85	14.49	22.47	64.01	0	70.11	3.15
1985	204	17.62	14.85	21.88	183.78	0	74.82	3.76
1985	205	17.38	13.13	21.38	87.99	0	73.91	2.7
1985	206	18.01	15.6	22.06	164.12	0	74.49	3.37
1985	207	16.77	14.22	22.16	164.8	0	75.2	3.05
1985	208	16.96	12.3	21.48	97.12	0	71.97	2.7
1985	209	16.78	14.6	20.27	100.08	0	75.65	3.99
1985	210	16.67	13.6	21.41	84.46	0	77.88	2.76
1985	211	17.75	12.74	24.26	309.83	0	75.95	2.78
1985	212	18.63	12.91	25.69	320.4	0	71.32	2.99
1985	213	17.26	14.02	21.61	108.1	0	75.7	3.71
1985	214	17.03	13.91	20.32	245.22	0.1	76.65	5.05
1985	215	15.78	15.4	16.35	340.3	0	84.12	3.86
1985	216	18.93	14.78	24.08	340.3	1.72	77.88	3.64
1985	217	18.93	14.78	24.08	340.3	1.72	75.95	3.64
1985	218	18.93	14.78	24.08	340.3	1.72	71.32	3.64
1985	219	18.93	14.78	24.08	340.3	1.72	75.7	3.64
1985	220	19.19	16.1	22.77	340.3	0	60.43	3.98
1985	221	16.3	14.35	19.47	99.72	1.5	82.14	3.25
1985	222	17.41	14.54	21.9	340.3	0	74.2	3.32
1985	223	17.26	13.47	21.84	340.3	0	70.81	2.72
1985	224	16.43	11.83	22.03	340.3	0	69.39	2.8
1985	225	17.57	11.74	23.44	340.3	0	67.25	3.53
1985	226	18.23	12.32	24.09	340.3	0	66.17	3.32
1985	227	19.11	13.96	24.68	340.3	0	69.91	3.56
1985	228	18.74	15.68	22.93	340.3	0	69.27	3.69
1985	229	18.19	14.99	22.6	340.3	0	70.44	3.82
1985	230	17.99	14.35	23.52	340.3	0	68.34	4.51
1985	231	18.84	13.73	25.12	340.3	0	60.16	3.04
1985	232	19.25	12.04	25.81	340.3	0	51.77	3.25
1985	233	19.13	12.72	24.83	340.3	0	55.64	3.8
1985	234	20.08	15.13	25.93	340.3	0	60.22	3.34
1985	235	18.24	12.75	24.9	278.29	0	66.35	3.65
1985	236	18.13	13.52	24.14	286.17	0	67.29	3.42
1985	237	18.43	12.48	24.75	339.26	0	67.22	3.85
1985	238	19.73	14.79	25.96	370.39	0	61.21	3.94
1985	239	19.43	14.24	26.09	348.37	0	62.14	3.64
1985	240	18.38	14.17	23.01	204.73	0	66.11	4.3
1985	241	18.08	13.66	22.52	203.21	0	65.33	4.51
1985	242	18.02	15.12	21.84	184.28	0	72.23	4.32
1985	243	18.07	15.24	22.71	132.61	0	72.33	3.66
1985	244	18.87	15.46	23.51	134.25	0	70.98	3.71
1985	245	18.68	15.53	23.49	177.46	0	71.85	3.22
1985	246	18.9	12.73	25.89	309.28	0	65.73	3.63
1985	247	18.78	14.35	24.48	183.69	0	65.77	3.56
1985	248	19.63	13.74	25.63	239.41	0	65.78	3.22
1985	249	20.42	13.62	26.98	276.93	0	59.99	2.42
1985	250	18.55	15.47	24.24	183.01	23.2	79.81	2.36
1985	251	17.83	15.35	20.88	216.31	1.5	84.97	3.37
1985	252	17.63	15.18	20.3	237.69	0	79.53	3.56
1985	253	18.7	13.12	24.8	304.84	0	69.46	3.47
1985	254	19.63	15.06	25.4	286.39	0	68.96	3.1
1985	255	20.1	15.27	26.39	311.18	0	70.71	2.69
1985	256	18.54	15.58	23.43	212.37	0	78.29	3.58
1985	257	19.3	15.09	24.61	303.08	0	61.66	4.59
1985	258	18.25	15.11	22.31	305.08	0	70.57	3.47
1985	259	19.19	13.58	25.41	335.8	0	67.65	3.06
1985	260	20.08	15.78	27.18	352.88	7.9	69.76	3.16
1985	261	19.27	15.2	24.9	296.61	0	71.05	3.53
1985	262	19.43	14.03	24.85	321.49	0	70.28	3.57
1985	263	20.13	15.04	27.25	425.01	0	68.7	2.81
1985	264	20.11	14.46	26.74	335.61	0	68.67	3.61
1985	265	20.33	15.96	25.85	292.61	0	63.45	4.06
1985	266	19.54	15.6	24.75	214.41	0	65.68	4.21
1985	267	18.87	16.08	24.31	306.57	0	72.24	4.2
1985	268	20.51	14.71	27.22	310.98	0	58.63	3.17
1985	269	20.23	13.96	27.28	291.16	0	64.9	2.78
1985	270	20.27	14.8	26.27	303.74	0	67.24	3.51
1985	271	18.89	16.03	22.69	79.8	0	71.98	3.83
1985	272	19.89	13.95	26.59	315.98	0	67.54	3.7
1985	273	19.74	15.23	26.4	221.85	0	71.17	4.05
1985	274	20.87	16.39	27.58	279.48	0	66.11	3.52
1985	275	20.79	14.59	27.58	290.74	0	61.65	3.22
1985	276	18.98	12.25	25.45	355.89	0	61.51	3.36
1985	277	17.97	16.28	21.07	340.3	0	79.37	4.62
1985	278	18.71	15.17	23.32	340.3	0.1	73.05	3.82
1985	279	20.09	15.8	26.43	340.3	0	67.62	4.09
1985	280	20.12	14.92	26.08	340.3	0	59.02	3.57
1985	281	20.74	13.07	27.9	340.3	0	56.38	3.34
1985	282	21.15	14.46	27.94	340.3	0	61.27	4.24
1985	283	20.8	16.31	27.4	340.3	0	66.42	5.2
1985	284	20.65	14.57	26.53	340.3	0	61.27	4.42
1985	285	21.22	14.61	27.95	29.44	0	58.16	4.01
1985	286	22.07	14.44	29.04	427.23	0	57.17	3.61
1985	287	22.09	16.24	28.14	428.3	0	64.39	5.2
1985	288	21.94	17.65	27.56	348.26	0	67.16	5.57
1985	289	20.65	16.41	25.56	391.86	0.5	73	4.75
1985	290	20.59	17	26.7	287.02	0.1	72.18	3.44
1985	291	21.14	17.4	25.88	391.89	0	71.74	4.22
1985	292	19.67	16.88	24.57	333	0.9	79.34	4.75
1985	293	19.63	14.75	24.34	333.2	0	70.86	3.97
1985	294	20.13	15.77	25.43	317.38	0	68.67	4.18
1985	295	21.29	16.21	26.31	335.48	0	56.17	3.38
1985	296	20.92	15.51	26.96	386.79	0	56.58	3.52
1985	297	21.26	15.27	26.84	361.83	0	62.73	3.41
1985	298	21.43	17.08	26.31	373.89	0	67.31	4.54
1985	299	19.75	16.89	24.27	302.02	1.9	76.47	4.64
1985	300	19.99	16.11	24.47	275.17	0	70.49	3.55
1985	301	20.44	15.29	26.18	299.92	0	67.55	3.87
1985	302	20.44	16.2	25.09	293.17	0	66.86	3.74
1985	303	19.84	16.07	25.11	320.12	0	72.71	4.13
1985	304	19.58	16.66	24.13	286.44	4.5	78.4	4.26
1985	305	20.19	15.98	25.04	301.58	0	72.37	3.77
1985	306	18.89	16.55	22.21	304.4	32.9	85.22	3.63
1985	307	18.28	16.62	22.5	326.5	8.3	88.67	3.3
1985	308	18.22	15.53	21.34	294.16	8.6	84.66	3.2
1985	309	18.8	16.42	23.16	313	7.2	85.41	3
1985	310	19.32	16.17	24.13	442.3	28.39	81.98	3.32
1985	311	19.12	15.6	23.81	471.37	35.8	82.53	2.9
1985	312	18.59	16.89	21.94	329.38	3.1	88.16	3.48
1985	313	19.14	15.53	23.06	388.75	0	78.03	3.7
1985	314	18.8	16.01	22.5	265.7	17.8	85.21	3.72
1985	315	18.04	15.14	21.42	278.59	11.1	87.17	4.04
1985	316	18.82	16.5	23.13	342.78	4.4	86.05	3.73
1985	317	18.97	16.48	22.72	418.36	3.9	87.41	4.58
1985	318	18.57	16.33	23.09	332.43	22.2	89.79	2.51
1985	319	18.42	16.63	22.5	327.11	5.7	89.16	3.26
1985	320	18.56	16.26	22.07	379.33	6.6	87.77	3.73
1985	321	18.58	16.27	22.19	301.92	2.5	87.67	3.39
1985	322	19.16	16.24	23.04	360.37	1.74	82.42	3.52
1985	323	19.33	16.45	23.33	426.02	1.4	82.05	3.47
1985	324	18.81	15.89	23.3	398.04	0.4	85.17	3.46
1985	325	18.89	16.91	22.18	319.64	14.2	87.74	3.58
1985	326	18.29	16.52	21.89	360.61	8.7	91.68	4.05
1985	327	18.41	16.01	21.81	332.88	3.6	87.89	4.08
1985	328	18.6	16.2	22.59	392.39	9	87.44	3.59
1985	329	18.63	16.17	22.4	319.92	6.8	87.22	2.76
1985	330	18.31	15.64	21.96	339	8.4	89.85	3.28
1985	331	19.47	15.78	24.04	471.51	2.6	77.23	3.81
1985	332	19.07	16.67	23.43	349.55	0	83.95	3.15
1985	333	19.54	16.52	23.98	498.21	0	75.99	3.76
1985	334	19.2	15.46	23.4	483.41	0	72.17	3.74
1985	335	19.08	14.87	23.94	461.96	0	71.36	3.2
1985	336	19.51	14.76	24.39	411.98	0	75.32	3.14
1985	337	19.26	16.65	23.41	401.68	0	82.54	3.88
1985	338	18.98	15.93	23.5	363.5	0	80.18	3.54
1985	339	19.21	15.7	24.03	404.09	0	75.45	2.89
1985	340	19.08	16.36	23.58	383.18	0	79.45	2.86
1985	341	19.16	13.78	24.68	473.77	0	76.59	2.78
1985	342	19.31	14.63	24.83	446.49	0	70.69	2.85
1985	343	18.69	14.4	23.86	398.57	0	78.08	2.72
1985	344	19.39	16.5	23.57	397.26	0.8	80.59	4.16
1985	345	19.18	15.52	23.85	396.18	0.1	80.1	3.6
1985	346	19.24	15	24.28	353.75	0	81.24	2.85
1985	347	19.64	15.87	24.75	349.7	0	82.55	2.64
1985	348	19.65	17.22	23.88	355.75	0.1	85.12	3.01
1985	349	18.97	16.04	22.86	373.16	4.7	87.32	4.19
1985	350	18.27	16.3	21.59	235.59	0	85.91	4.21
1985	351	18.93	15.66	23.38	376.45	0	79.05	3.99
1985	352	18.79	15.6	23.31	400.29	0.1	80.3	3.54
1985	353	19.29	16.03	23.73	350.94	0	76.19	2.57
1985	354	18.81	14.53	23.85	403.15	0	78.18	2.74
1985	355	19.55	15.62	24.47	407.99	0	74.8	3.57
1985	356	19.31	15.92	23.7	323.94	2.2	83.67	3.45
1985	357	18.94	16.36	23.24	309.77	6.7	86.91	3.82
1985	358	20.22	16.91	24.8	409.78	0.7	81.63	3.41
1985	359	20.3	17.16	25.01	417.6	0	83.61	3.95
1985	360	18.96	16.81	22.36	248.07	0.6	86.86	4.58
1985	361	18.91	14.84	23.14	434.42	0	73.13	3.85
1985	362	19.96	15.72	24.86	444.77	0	68.75	3.05
1985	363	20.22	15.6	25.2	410.62	0	77.61	2.63
1985	364	20.21	16.76	25.21	330.63	0	81.03	3.1
1985	365	20.6	17.19	25.44	386.32	0	78.05	2.63
1986	1	19.25	14.12	24.18	280.23	0	62.72	4.63
1986	2	17.98	13.75	23.01	211.09	0.1	72.71	4.88
1986	3	17.25	15.45	20.82	214.32	10.62	87.78	5.48
1986	4	16.94	15.21	19.18	103.83	4.8	89.25	4.65
1986	5	17.62	14.54	21.55	274.51	0.2	77.42	4.38
1986	6	19.42	13.57	24.66	376.05	0	56.91	3.87
1986	7	19.6	14.23	24.56	355.46	0	60.44	4.2
1986	8	19.01	13.81	24.6	361.29	0	73.27	4.48
1986	9	19.48	16.27	24.33	277.82	0	74.98	5.09
1986	10	19.17	15.9	23.54	312.8	0	73.78	4.69
1986	11	19.18	14.34	24.06	300.67	0	70.07	4.13
1986	12	19.84	14.59	25.32	365.58	0	64.35	4.95
1986	13	19.68	13.39	25.11	359.62	0	57.99	4.46
1986	14	19.45	13.8	24.51	341.86	0	57.68	3.85
1986	15	19.78	13.98	24.89	349.03	0	53.19	4.17
1986	16	19.6	14.32	24.98	347.23	0	58.45	4.01
1986	17	19.44	13.62	24.81	280.46	0	61.1	4.05
1986	18	21.2	14.54	27.44	350.85	0	39.06	3.88
1986	19	21.45	15.57	27.25	356.5	0	43.76	3.63
1986	20	20.97	15.4	26.66	353.82	0	53.2	4.18
1986	21	20.88	14.6	26.14	356.25	0	51.04	4.37
1986	22	20.5	16.16	24.79	235.94	0	54.3	4.54
1986	23	20.05	16.04	24.84	262.47	0	65.03	4.02
1986	24	20.01	14.81	25.45	300.24	0	64.15	4.56
1986	25	20.9	14.87	26.58	352.5	0	58.19	4.1
1986	26	18.93	14.78	24.08	340.3	1.72	63.2328	3.64
1986	27	18.93	14.78	24.08	340.3	1.72	63.253312	3.64
1986	28	18.93	14.78	24.08	340.3	1.72	62.87504448	3.64
1986	29	18.93	14.78	24.08	340.3	1.72	61.87884626	3.64
1986	30	18.93	14.78	24.08	340.3	1.72	60.78400011	3.64
1986	31	18.93	14.78	24.08	340.3	1.72	60.11856011	3.64
1986	32	18.93	14.78	24.08	340.3	1.72	60.24690252	3.64
1986	33	18.93	14.78	24.08	340.3	1.72	60.23917862	3.64
1986	34	18.93	14.78	24.08	340.3	1.72	59.71794576	3.64
1986	35	18.93	14.78	24.08	340.3	1.72	59.10746359	3.64
1986	36	18.93	14.78	24.08	340.3	1.72	58.52056214	3.64
1986	37	18.93	14.78	24.08	340.3	1.72	58.05858462	3.64
1986	38	18.93	14.78	24.08	340.3	1.72	57.80692801	3.64
1986	39	18.93	14.78	24.08	340.3	1.72	57.79960513	3.64
1986	40	18.93	14.78	24.08	340.3	1.72	57.80438933	3.64
1986	41	18.93	14.78	24.08	340.3	1.72	57.98896491	3.64
1986	42	18.93	14.78	24.08	340.3	1.72	57.9705235	3.64
1986	43	18.93	14.78	24.08	340.3	1.72	57.84534444	3.64
1986	44	18.93	14.78	24.08	340.3	1.72	58.59675822	3.64
1986	45	18.93	14.78	24.08	340.3	1.72	59.19022855	3.64
1986	46	18.93	14.78	24.08	340.3	1.72	59.42983769	3.64
1986	47	18.93	14.78	24.08	340.3	1.72	59.7654312	3.64
1986	48	18.93	14.78	24.08	340.3	1.72	59.98404845	3.64
1986	49	18.93	14.78	24.08	340.3	1.72	59.78221039	3.64
1986	50	18.93	14.78	24.08	340.3	1.72	59.6074988	3.64
1986	51	18.93	14.78	24.08	340.3	1.72	59.66419875	3.64
1986	52	18.93	14.78	24.08	340.3	1.72	59.5214547	3.64
1986	53	18.93	14.78	24.08	340.3	1.72	59.37218041	3.64
1986	54	18.93	14.78	24.08	340.3	1.72	59.23206585	3.64
1986	55	18.93	14.78	24.08	340.3	1.72	59.12619463	3.64
1986	56	18.93	14.78	24.08	340.3	1.72	59.05988241	3.64
1986	57	18.93	14.78	24.08	340.3	1.72	59.01753531	3.64
1986	58	18.93	14.78	24.08	340.3	1.72	58.96836062	3.64
1986	59	18.93	14.78	24.08	340.3	1.72	58.9175279	3.64
1986	60	18.93	14.78	24.08	352.06	1.72	58.88551118	3.47
1986	61	18.93	14.78	24.08	352.06	1.72	58.87663309	3.47
1986	62	18.93	14.78	24.08	352.06	1.72	58.89087592	3.47
1986	63	18.93	14.78	24.08	352.06	1.72	58.92416758	3.47
1986	64	18.93	14.78	24.08	352.06	1.72	58.96885716	3.47
1986	65	18.93	14.78	24.08	352.06	1.72	59.01562724	3.47
1986	66	18.93	14.78	24.08	352.06	1.72	59.06407676	3.47
1986	67	18.93	14.78	24.08	352.06	1.72	59.10708123	3.47
1986	68	18.93	14.78	24.08	352.06	1.72	59.15254354	3.47
1986	69	18.93	14.78	24.08	352.06	1.72	59.2048315	3.47
1986	70	18.93	14.78	24.08	352.06	1.72	59.22915443	3.47
1986	71	18.93	14.78	24.08	352.06	1.72	59.23071147	3.47
1986	72	18.93	14.78	24.08	352.06	1.72	59.22274642	3.47
1986	73	18.93	14.78	24.08	352.06	1.72	59.20103903	3.47
1986	74	18.93	14.78	24.08	352.06	1.72	59.16971865	3.47
1986	75	18.93	14.78	24.08	352.06	1.72	59.14521898	3.47
1986	76	18.93	14.78	24.08	352.06	1.72	59.12672779	3.47
1986	77	18.93	14.78	24.08	352.06	1.72	59.10522895	3.47
1986	78	18.93	14.78	24.08	352.06	1.72	59.08857992	3.47
1986	79	18.93	14.78	24.08	352.06	1.72	59.0772359	3.47
1986	80	18.93	14.78	24.08	352.06	1.72	59.07104271	3.47
1986	81	18.93	14.78	24.08	352.06	1.72	59.06883663	3.47
1986	82	18.93	14.78	24.08	352.06	1.72	59.0691948	3.47
1986	83	18.93	14.78	24.08	352.06	1.72	59.07126118	3.47
1986	84	18.93	14.78	24.08	352.06	1.72	59.0753772	3.47
1986	85	18.93	14.78	24.08	352.06	1.72	59.08169117	3.47
1986	86	18.93	14.78	24.08	352.06	1.72	59.08953837	3.47
1986	87	18.93	14.78	24.08	352.06	1.72	59.09805458	3.47
1986	88	18.93	14.78	24.08	352.06	1.72	59.10634173	3.47
1986	89	18.93	14.78	24.08	352.06	1.72	59.11362869	3.47
1986	90	18.93	14.78	24.08	352.06	1.72	59.11941956	3.47
1986	91	18.93	14.78	24.08	352.06	1.72	59.12357125	3.47
1986	92	18.93	14.78	24.08	352.06	1.72	59.12595103	3.47
1986	93	18.93	14.78	24.08	352.06	1.72	59.12670582	3.47
1986	94	18.93	14.78	24.08	352.06	1.72	59.12567231	3.47
1986	95	18.93	14.78	24.08	352.06	1.72	59.12250594	3.47
1986	96	18.93	14.78	24.08	352.06	1.72	59.11824	3.47
1986	97	18.93	14.78	24.08	352.06	1.72	59.11374114	3.47
1986	98	18.93	14.78	24.08	352.06	1.72	59.10938093	3.47
1986	99	18.93	14.78	24.08	352.06	1.72	59.10571461	3.47
1986	100	18.93	14.78	24.08	352.06	1.72	59.10315445	3.47
1986	101	18.93	14.78	24.08	352.06	1.72	59.10147187	3.47
1986	102	18.93	14.78	24.08	352.06	1.72	59.10046163	3.47
1986	103	18.93	14.78	24.08	352.06	1.72	59.10027094	3.47
1986	104	18.93	14.78	24.08	352.06	1.72	59.10073858	3.47
1986	105	18.93	14.78	24.08	352.06	1.72	59.10167868	3.47
1986	106	18.93	14.78	24.08	352.06	1.72	59.10290412	3.47
1986	107	18.93	14.78	24.08	352.06	1.72	59.10426682	3.47
1986	108	18.93	14.78	24.08	352.06	1.72	59.1056697	3.47
1986	109	22.3	22.3	22.3	352.06	0	64.7	3.47
1986	110	21.07	17	24.09	352.06	0	71.13	3.74
1986	111	20.16	17.07	25.36	352.06	1	80.23	2.82
1986	112	18.06	16.81	19.59	352.06	17.06	92.29	2.83
1986	113	19.19	15.33	23.64	352.06	0	80.92	2.44
1986	114	20.13	17.32	24.31	352.06	0	81.88	2.65
1986	115	18.92	15.95	22.83	352.06	5.1	86.61	2.42
1986	116	18.55	16.41	22.86	352.06	35	89.17	1.62
1986	117	19.06	15.7	23.06	352.06	0.1	80.9	2.39
1986	118	17.85	16.69	20.08	352.06	11.7	90.83	2.03
1986	119	18.04	15.51	21.49	352.06	0	85.63	2.1
1986	120	18.66	16.79	22.47	352.06	14.3	87.36	2.18
1986	121	18.02	16.16	20.28	352.06	22.6	89.17	2.66
1986	122	18.54	14.62	22.18	352.06	0.6	84.6	2.64
1986	123	18.27	16.54	21.52	352.06	0.1	89.09	3.64
1986	124	18.61	15.12	23.36	352.06	0	83.58	1.96
1986	125	18.67	14.48	23.52	352.06	0	82.14	2.29
1986	126	18.86	15.23	23.42	352.06	0	82.42	2.8
1986	127	18.79	15.61	23.07	352.06	0	83.04	2.71
1986	128	19.09	15.8	23.44	352.06	0	81.1	2.44
1986	129	18.17	16.24	21.58	352.06	0.1	86.29	3.69
1986	130	18.56	16.06	22.68	352.06	0	81.82	3.32
1986	131	18.15	15.1	22.15	352.06	0	82.4	3.2
1986	132	18.06	14.02	23.32	352.06	0	80.69	2.41
1986	133	19.24	15.48	24.25	352.06	0	80.52	2.45
1986	134	19.23	16.33	24.04	352.06	0	79.02	3.41
1986	135	18.59	14.77	23.4	352.06	0	80.56	2.58
1986	136	18.6	14.35	23.74	352.06	0	75.81	2.95
1986	137	19.07	15.98	23.06	352.06	0	78.16	2.98
1986	138	18.29	13.91	22.89	352.06	0	81.01	2.73
1986	139	18.37	14.63	23.8	352.06	0	79.61	2.45
1986	140	19.41	13.13	26.12	352.06	0	72.85	2.35
1986	141	19.27	13.3	24.7	352.06	0	73.65	2.67
1986	142	19.83	15.97	25.45	352.06	0	76.68	2.49
1986	143	19.78	16.04	24.78	352.06	0	77.59	3.21
1986	144	18.99	14.96	23.77	352.06	0	73.95	3.17
1986	145	19.11	14.58	23.87	352.06	0	72.29	3.33
1986	146	18	14.1	22.59	352.06	0	75.42	3.35
1986	147	16.64	12.72	21.05	352.06	0.3	82.01	3.15
1986	148	17.5	14.02	22.45	352.06	0.1	80.72	3.26
1986	149	16.53	14.07	19.75	352.06	2.6	89.1	3.74
1986	150	17.26	13.76	20.82	352.06	0	82.09	2.58
1986	151	18.19	15.48	23.03	165.37	0	78.43	2.52
1986	152	19.1	14.83	24.04	252.18	0	74.88	3.37
1986	153	19.11	15.58	23.99	273.08	2.6	76.13	3.6
1986	154	18	14.69	22.03	69.78	0	80.43	3.46
1986	155	17.66	13.89	22.83	199.47	0	79.68	3.11
1986	156	19.15	14.11	24.66	306.03	0	72.1	2.52
1986	157	18.83	15.25	23.88	200.96	0.2	76.26	3.01
1986	158	18.95	13.44	24.91	360.35	0	62.02	2.54
1986	159	19.36	12.31	26.04	365.95	0	64.25	2.55
1986	160	18.79	15.88	23.8	229.63	0	75.18	3.93
1986	161	18.3	13.62	24.32	251.44	0	74.56	2.85
1986	162	19.59	14.98	24.61	351.39	0	63.15	2.73
1986	163	19.64	14.92	24.48	241.6	0.2	63.95	2.52
1986	164	17.84	13.52	22.29	190.26	0	74.48	2.64
1986	165	18.81	14.98	25.01	245.06	0	78.03	2.24
1986	166	17.89	14.88	21.55	141.38	0	77.07	2.1
1986	167	18.54	14.65	23.95	188.56	0	74.76	2.65
1986	168	16.83	14.59	19.37	54.07	0	80.78	3.03
1986	169	17.38	13.35	22.42	172.24	0	74.23	2.81
1986	170	17.84	12.97	22.96	224.37	0	73.04	2.49
1986	171	18.42	14.65	22.7	138.18	0	77.27	2.83
1986	172	17.83	15.91	20.93	191.66	0	79.93	3.14
1986	173	17.11	14.77	20.05	117.71	0	78.53	2.92
1986	174	16.87	15.44	18.65	61.62	0	81.36	3.27
1986	175	17.72	14.23	22.8	198.47	0	69.59	2.7
1986	176	18.16	13.41	24.21	249.27	0	60.96	2.39
1986	177	16.67	13.5	21.31	115.2	0	76.59	2.67
1986	178	16.59	13.91	20.48	94.91	0	79.69	2.63
1986	179	17.33	12.34	22.77	236.09	0	73.82	2.46
1986	180	16.34	13.54	19.66	114.41	0	79.4	2.51
1986	181	17.5	14.71	21.1	109.4	0	75.77	3.1
1986	182	17.09	14.5	20.39	26.13	0	79.28	3.5
1986	183	16.91	14.71	19.95	85.05	0	75.76	3.45
1986	184	17.14	13.46	21.06	61.39	0	73.3	3.53
1986	185	16.5	13.97	19.82	167.11	0	73.98	3.97
1986	186	15.27	12.43	18.94	12.18	0	79.14	2.19
1986	187	18.06	15.84	19.51	95.63	0	66.31	4.78
1986	188	16.23	14.2	18.34	100.56	0	71.89	4.13
1986	189	16.26	12.37	20.81	159.02	0	72.12	3.26
1986	190	16.77	11.2	23.56	248.11	0	72.19	2.32
1986	191	18.69	10.53	26.26	315.31	0	65.96	2.48
1986	192	18.73	13.05	25.43	289.71	0	67.15	2.61
1986	193	16.82	13.68	20.29	189.55	0	74.61	3
1986	194	16.93	12.67	20.86	192.7	0	72.44	3.07
1986	195	18.08	13.39	23.37	212.77	0	65.2	3.12
1986	196	17.13	12.58	22.48	132.91	0	70.3	2.48
1986	197	16.52	12.53	20.62	203.16	0	72.56	2.49
1986	198	15.86	11.93	19.8	67.65	0	73.96	2.59
1986	199	16.31	12.25	21.51	91.4	0	71.79	3.25
1986	200	16.74	12.41	21.45	65.78	0	73.66	2.79
1986	201	18.82	12.14	25.91	312.23	0	61.97	2.95
1986	202	18.53	13.18	24.25	317.92	0	62.06	3.24
1986	203	17.85	14.49	22.47	64.01	0	70.11	3.15
1986	204	17.62	14.85	21.88	183.78	0	74.82	3.76
1986	205	17.38	13.13	21.38	87.99	0	73.91	2.7
1986	206	18.01	15.6	22.06	164.12	0	74.49	3.37
1986	207	16.77	14.22	22.16	164.8	0	75.2	3.05
1986	208	16.96	12.3	21.48	97.12	0	71.97	2.7
1986	209	16.78	14.6	20.27	100.08	0	75.65	3.99
1986	210	16.67	13.6	21.41	84.46	0	77.88	2.76
1986	211	17.75	12.74	24.26	309.83	0	75.95	2.78
1986	212	18.63	12.91	25.69	320.4	0	71.32	2.99
1986	213	17.26	14.02	21.61	108.1	0	75.7	3.71
1986	214	17.03	13.91	20.32	245.22	0.1	76.65	5.05
1986	215	15.78	15.4	16.35	340.3	0	84.12	3.86
1986	216	18.93	14.78	24.08	340.3	1.72	77.88	3.64
1986	217	18.93	14.78	24.08	340.3	1.72	75.95	3.64
1986	218	18.93	14.78	24.08	340.3	1.72	71.32	3.64
1986	219	18.93	14.78	24.08	340.3	1.72	75.7	3.64
1986	220	19.19	16.1	22.77	340.3	0	60.43	3.98
1986	221	16.3	14.35	19.47	99.72	1.5	82.14	3.25
1986	222	17.41	14.54	21.9	340.3	0	74.2	3.32
1986	223	17.26	13.47	21.84	340.3	0	70.81	2.72
1986	224	16.43	11.83	22.03	340.3	0	69.39	2.8
1986	225	17.57	11.74	23.44	340.3	0	67.25	3.53
1986	226	18.23	12.32	24.09	340.3	0	66.17	3.32
1986	227	19.11	13.96	24.68	340.3	0	69.91	3.56
1986	228	18.74	15.68	22.93	340.3	0	69.27	3.69
1986	229	18.19	14.99	22.6	340.3	0	70.44	3.82
1986	230	17.99	14.35	23.52	340.3	0	68.34	4.51
1986	231	18.84	13.73	25.12	340.3	0	60.16	3.04
1986	232	19.25	12.04	25.81	340.3	0	51.77	3.25
1986	233	19.13	12.72	24.83	340.3	0	55.64	3.8
1986	234	20.08	15.13	25.93	340.3	0	60.22	3.34
1986	235	18.24	12.75	24.9	278.29	0	66.35	3.65
1986	236	18.13	13.52	24.14	286.17	0	67.29	3.42
1986	237	18.43	12.48	24.75	339.26	0	67.22	3.85
1986	238	19.73	14.79	25.96	370.39	0	61.21	3.94
1986	239	19.43	14.24	26.09	348.37	0	62.14	3.64
1986	240	18.38	14.17	23.01	204.73	0	66.11	4.3
1986	241	18.08	13.66	22.52	203.21	0	65.33	4.51
1986	242	18.02	15.12	21.84	184.28	0	72.23	4.32
1986	243	18.07	15.24	22.71	132.61	0	72.33	3.66
1986	244	18.87	15.46	23.51	134.25	0	70.98	3.71
1986	245	18.68	15.53	23.49	177.46	0	71.85	3.22
1986	246	18.9	12.73	25.89	309.28	0	65.73	3.63
1986	247	18.78	14.35	24.48	183.69	0	65.77	3.56
1986	248	19.63	13.74	25.63	239.41	0	65.78	3.22
1986	249	20.42	13.62	26.98	276.93	0	59.99	2.42
1986	250	18.55	15.47	24.24	183.01	23.2	79.81	2.36
1986	251	17.83	15.35	20.88	216.31	1.5	84.97	3.37
1986	252	17.63	15.18	20.3	237.69	0	79.53	3.56
1986	253	18.7	13.12	24.8	304.84	0	69.46	3.47
1986	254	19.63	15.06	25.4	286.39	0	68.96	3.1
1986	255	20.1	15.27	26.39	311.18	0	70.71	2.69
1986	256	18.54	15.58	23.43	212.37	0	78.29	3.58
1986	257	19.3	15.09	24.61	303.08	0	61.66	4.59
1986	258	18.25	15.11	22.31	305.08	0	70.57	3.47
1986	259	19.19	13.58	25.41	335.8	0	67.65	3.06
1986	260	20.08	15.78	27.18	352.88	7.9	69.76	3.16
1986	261	19.27	15.2	24.9	296.61	0	71.05	3.53
1986	262	19.43	14.03	24.85	321.49	0	70.28	3.57
1986	263	20.13	15.04	27.25	425.01	0	68.7	2.81
1986	264	20.11	14.46	26.74	335.61	0	68.67	3.61
1986	265	20.33	15.96	25.85	292.61	0	63.45	4.06
1986	266	19.54	15.6	24.75	214.41	0	65.68	4.21
1986	267	18.87	16.08	24.31	306.57	0	72.24	4.2
1986	268	20.51	14.71	27.22	310.98	0	58.63	3.17
1986	269	20.23	13.96	27.28	291.16	0	64.9	2.78
1986	270	20.27	14.8	26.27	303.74	0	67.24	3.51
1986	271	18.89	16.03	22.69	79.8	0	71.98	3.83
1986	272	19.89	13.95	26.59	315.98	0	67.54	3.7
1986	273	19.74	15.23	26.4	221.85	0	71.17	4.05
1986	274	20.87	16.39	27.58	279.48	0	66.11	3.52
1986	275	20.79	14.59	27.58	290.74	0	61.65	3.22
1986	276	18.98	12.25	25.45	355.89	0	61.51	3.36
1986	277	17.97	16.28	21.07	340.3	0	79.37	4.62
1986	278	18.71	15.17	23.32	340.3	0.1	73.05	3.82
1986	279	20.09	15.8	26.43	340.3	0	67.62	4.09
1986	280	20.12	14.92	26.08	340.3	0	59.02	3.57
1986	281	20.74	13.07	27.9	340.3	0	56.38	3.34
1986	282	21.15	14.46	27.94	340.3	0	61.27	4.24
1986	283	20.8	16.31	27.4	340.3	0	66.42	5.2
1986	284	20.65	14.57	26.53	340.3	0	61.27	4.42
1986	285	21.22	14.61	27.95	29.44	0	58.16	4.01
1986	286	22.07	14.44	29.04	427.23	0	57.17	3.61
1986	287	22.09	16.24	28.14	428.3	0	64.39	5.2
1986	288	21.94	17.65	27.56	348.26	0	67.16	5.57
1986	289	20.65	16.41	25.56	391.86	0.5	73	4.75
1986	290	20.59	17	26.7	287.02	0.1	72.18	3.44
1986	291	21.14	17.4	25.88	391.89	0	71.74	4.22
1986	292	19.67	16.88	24.57	333	0.9	79.34	4.75
1986	293	19.63	14.75	24.34	333.2	0	70.86	3.97
1986	294	20.13	15.77	25.43	317.38	0	68.67	4.18
1986	295	21.29	16.21	26.31	335.48	0	56.17	3.38
1986	296	20.92	15.51	26.96	386.79	0	56.58	3.52
1986	297	21.26	15.27	26.84	361.83	0	62.73	3.41
1986	298	21.43	17.08	26.31	373.89	0	67.31	4.54
1986	299	19.75	16.89	24.27	302.02	1.9	76.47	4.64
1986	300	19.99	16.11	24.47	275.17	0	70.49	3.55
1986	301	20.44	15.29	26.18	299.92	0	67.55	3.87
1986	302	20.44	16.2	25.09	293.17	0	66.86	3.74
1986	303	19.84	16.07	25.11	320.12	0	72.71	4.13
1986	304	19.58	16.66	24.13	286.44	4.5	78.4	4.26
1986	305	20.19	15.98	25.04	301.58	0	72.37	3.77
1986	306	18.89	16.55	22.21	304.4	32.9	85.22	3.63
1986	307	18.28	16.62	22.5	326.5	8.3	88.67	3.3
1986	308	18.22	15.53	21.34	294.16	8.6	84.66	3.2
1986	309	18.8	16.42	23.16	313	7.2	85.41	3
1986	310	19.32	16.17	24.13	442.3	28.39	81.98	3.32
1986	311	19.12	15.6	23.81	471.37	35.8	82.53	2.9
1986	312	18.59	16.89	21.94	329.38	3.1	88.16	3.48
1986	313	19.14	15.53	23.06	388.75	0	78.03	3.7
1986	314	18.8	16.01	22.5	265.7	17.8	85.21	3.72
1986	315	18.04	15.14	21.42	278.59	11.1	87.17	4.04
1986	316	18.82	16.5	23.13	342.78	4.4	86.05	3.73
1986	317	18.97	16.48	22.72	418.36	3.9	87.41	4.58
1986	318	18.57	16.33	23.09	332.43	22.2	89.79	2.51
1986	319	18.42	16.63	22.5	327.11	5.7	89.16	3.26
1986	320	18.56	16.26	22.07	379.33	6.6	87.77	3.73
1986	321	18.58	16.27	22.19	301.92	2.5	87.67	3.39
1986	322	19.16	16.24	23.04	360.37	1.74	82.42	3.52
1986	323	19.33	16.45	23.33	426.02	1.4	82.05	3.47
1986	324	18.81	15.89	23.3	398.04	0.4	85.17	3.46
1986	325	18.89	16.91	22.18	319.64	14.2	87.74	3.58
1986	326	18.29	16.52	21.89	360.61	8.7	91.68	4.05
1986	327	18.41	16.01	21.81	332.88	3.6	87.89	4.08
1986	328	18.6	16.2	22.59	392.39	9	87.44	3.59
1986	329	18.63	16.17	22.4	319.92	6.8	87.22	2.76
1986	330	18.31	15.64	21.96	339	8.4	89.85	3.28
1986	331	19.47	15.78	24.04	471.51	2.6	77.23	3.81
1986	332	19.07	16.67	23.43	349.55	0	83.95	3.15
1986	333	19.54	16.52	23.98	498.21	0	75.99	3.76
1986	334	19.2	15.46	23.4	483.41	0	72.17	3.74
1986	335	19.08	14.87	23.94	461.96	0	71.36	3.2
1986	336	19.51	14.76	24.39	411.98	0	75.32	3.14
1986	337	19.26	16.65	23.41	401.68	0	82.54	3.88
1986	338	18.98	15.93	23.5	363.5	0	80.18	3.54
1986	339	19.21	15.7	24.03	404.09	0	75.45	2.89
1986	340	19.08	16.36	23.58	383.18	0	79.45	2.86
1986	341	19.16	13.78	24.68	473.77	0	76.59	2.78
1986	342	19.31	14.63	24.83	446.49	0	70.69	2.85
1986	343	18.69	14.4	23.86	398.57	0	78.08	2.72
1986	344	19.39	16.5	23.57	397.26	0.8	80.59	4.16
1986	345	19.18	15.52	23.85	396.18	0.1	80.1	3.6
1986	346	19.24	15	24.28	353.75	0	81.24	2.85
1986	347	19.64	15.87	24.75	349.7	0	82.55	2.64
1986	348	19.65	17.22	23.88	355.75	0.1	85.12	3.01
1986	349	18.97	16.04	22.86	373.16	4.7	87.32	4.19
1986	350	18.27	16.3	21.59	235.59	0	85.91	4.21
1986	351	18.93	15.66	23.38	376.45	0	79.05	3.99
1986	352	18.79	15.6	23.31	400.29	0.1	80.3	3.54
1986	353	19.29	16.03	23.73	350.94	0	76.19	2.57
1986	354	18.81	14.53	23.85	403.15	0	78.18	2.74
1986	355	19.55	15.62	24.47	407.99	0	74.8	3.57
1986	356	19.31	15.92	23.7	323.94	2.2	83.67	3.45
1986	357	18.94	16.36	23.24	309.77	6.7	86.91	3.82
1986	358	20.22	16.91	24.8	409.78	0.7	81.63	3.41
1986	359	20.3	17.16	25.01	417.6	0	83.61	3.95
1986	360	18.96	16.81	22.36	248.07	0.6	86.86	4.58
1986	361	18.91	14.84	23.14	434.42	0	73.13	3.85
1986	362	19.96	15.72	24.86	444.77	0	68.75	3.05
1986	363	20.22	15.6	25.2	410.62	0	77.61	2.63
1986	364	20.21	16.76	25.21	330.63	0	81.03	3.1
1986	365	20.6	17.19	25.44	386.32	0	78.05	2.63
1987	1	19.25	14.12	24.18	280.23	0	62.72	4.63
1987	2	17.98	13.75	23.01	211.09	0.1	72.71	4.88
1987	3	17.25	15.45	20.82	214.32	10.62	87.78	5.48
1987	4	16.94	15.21	19.18	103.83	4.8	89.25	4.65
1987	5	17.62	14.54	21.55	274.51	0.2	77.42	4.38
1987	6	19.42	13.57	24.66	376.05	0	56.91	3.87
1987	7	19.6	14.23	24.56	355.46	0	60.44	4.2
1987	8	19.01	13.81	24.6	361.29	0	73.27	4.48
1987	9	19.48	16.27	24.33	277.82	0	74.98	5.09
1987	10	19.17	15.9	23.54	312.8	0	73.78	4.69
1987	11	19.18	14.34	24.06	300.67	0	70.07	4.13
1987	12	19.84	14.59	25.32	365.58	0	64.35	4.95
1987	13	19.68	13.39	25.11	359.62	0	57.99	4.46
1987	14	19.45	13.8	24.51	341.86	0	57.68	3.85
1987	15	19.78	13.98	24.89	349.03	0	53.19	4.17
1987	16	19.6	14.32	24.98	347.23	0	58.45	4.01
1987	17	19.44	13.62	24.81	280.46	0	61.1	4.05
1987	18	21.2	14.54	27.44	350.85	0	39.06	3.88
1987	19	21.45	15.57	27.25	356.5	0	43.76	3.63
1987	20	20.97	15.4	26.66	353.82	0	53.2	4.18
1987	21	20.88	14.6	26.14	356.25	0	51.04	4.37
1987	22	20.5	16.16	24.79	235.94	0	54.3	4.54
1987	23	20.05	16.04	24.84	262.47	0	65.03	4.02
1987	24	20.01	14.81	25.45	300.24	0	64.15	4.56
1987	25	20.9	14.87	26.58	352.5	0	58.19	4.1
1987	26	18.93	14.78	24.08	340.3	1.72	63.2328	3.64
1987	27	18.93	14.78	24.08	340.3	1.72	63.253312	3.64
1987	28	18.93	14.78	24.08	340.3	1.72	62.87504448	3.64
1987	29	18.93	14.78	24.08	340.3	1.72	61.87884626	3.64
1987	30	18.93	14.78	24.08	340.3	1.72	60.78400011	3.64
1987	31	18.93	14.78	24.08	340.3	1.72	60.11856011	3.64
1987	32	18.93	14.78	24.08	340.3	1.72	60.24690252	3.64
1987	33	18.93	14.78	24.08	340.3	1.72	60.23917862	3.64
1987	34	18.93	14.78	24.08	340.3	1.72	59.71794576	3.64
1987	35	18.93	14.78	24.08	340.3	1.72	59.10746359	3.64
1987	36	18.93	14.78	24.08	340.3	1.72	58.52056214	3.64
1987	37	18.93	14.78	24.08	340.3	1.72	58.05858462	3.64
1987	38	18.93	14.78	24.08	340.3	1.72	57.80692801	3.64
1987	39	18.93	14.78	24.08	340.3	1.72	57.79960513	3.64
1987	40	18.93	14.78	24.08	340.3	1.72	57.80438933	3.64
1987	41	18.93	14.78	24.08	340.3	1.72	57.98896491	3.64
1987	42	18.93	14.78	24.08	340.3	1.72	57.9705235	3.64
1987	43	18.93	14.78	24.08	340.3	1.72	57.84534444	3.64
1987	44	18.93	14.78	24.08	340.3	1.72	58.59675822	3.64
1987	45	18.93	14.78	24.08	340.3	1.72	59.19022855	3.64
1987	46	18.93	14.78	24.08	340.3	1.72	59.42983769	3.64
1987	47	18.93	14.78	24.08	340.3	1.72	59.7654312	3.64
1987	48	18.93	14.78	24.08	340.3	1.72	59.98404845	3.64
1987	49	18.93	14.78	24.08	340.3	1.72	59.78221039	3.64
1987	50	18.93	14.78	24.08	340.3	1.72	59.6074988	3.64
1987	51	18.93	14.78	24.08	340.3	1.72	59.66419875	3.64
1987	52	18.93	14.78	24.08	340.3	1.72	59.5214547	3.64
1987	53	18.93	14.78	24.08	340.3	1.72	59.37218041	3.64
1987	54	18.93	14.78	24.08	340.3	1.72	59.23206585	3.64
1987	55	18.93	14.78	24.08	340.3	1.72	59.12619463	3.64
1987	56	18.93	14.78	24.08	340.3	1.72	59.05988241	3.64
1987	57	18.93	14.78	24.08	340.3	1.72	59.01753531	3.64
1987	58	18.93	14.78	24.08	340.3	1.72	58.96836062	3.64
1987	59	18.93	14.78	24.08	340.3	1.72	58.9175279	3.64
1987	60	18.93	14.78	24.08	352.06	1.72	58.88551118	3.47
1987	61	18.93	14.78	24.08	352.06	1.72	58.87663309	3.47
1987	62	18.93	14.78	24.08	352.06	1.72	58.89087592	3.47
1987	63	18.93	14.78	24.08	352.06	1.72	58.92416758	3.47
1987	64	18.93	14.78	24.08	352.06	1.72	58.96885716	3.47
1987	65	18.93	14.78	24.08	352.06	1.72	59.01562724	3.47
1987	66	18.93	14.78	24.08	352.06	1.72	59.06407676	3.47
1987	67	18.93	14.78	24.08	352.06	1.72	59.10708123	3.47
1987	68	18.93	14.78	24.08	352.06	1.72	59.15254354	3.47
1987	69	18.93	14.78	24.08	352.06	1.72	59.2048315	3.47
1987	70	18.93	14.78	24.08	352.06	1.72	59.22915443	3.47
1987	71	18.93	14.78	24.08	352.06	1.72	59.23071147	3.47
1987	72	18.93	14.78	24.08	352.06	1.72	59.22274642	3.47
1987	73	18.93	14.78	24.08	352.06	1.72	59.20103903	3.47
1987	74	18.93	14.78	24.08	352.06	1.72	59.16971865	3.47
1987	75	18.93	14.78	24.08	352.06	1.72	59.14521898	3.47
1987	76	18.93	14.78	24.08	352.06	1.72	59.12672779	3.47
1987	77	18.93	14.78	24.08	352.06	1.72	59.10522895	3.47
1987	78	18.93	14.78	24.08	352.06	1.72	59.08857992	3.47
1987	79	18.93	14.78	24.08	352.06	1.72	59.0772359	3.47
1987	80	18.93	14.78	24.08	352.06	1.72	59.07104271	3.47
1987	81	18.93	14.78	24.08	352.06	1.72	59.06883663	3.47
1987	82	18.93	14.78	24.08	352.06	1.72	59.0691948	3.47
1987	83	18.93	14.78	24.08	352.06	1.72	59.07126118	3.47
1987	84	18.93	14.78	24.08	352.06	1.72	59.0753772	3.47
1987	85	18.93	14.78	24.08	352.06	1.72	59.08169117	3.47
1987	86	18.93	14.78	24.08	352.06	1.72	59.08953837	3.47
1987	87	18.93	14.78	24.08	352.06	1.72	59.09805458	3.47
1987	88	18.93	14.78	24.08	352.06	1.72	59.10634173	3.47
1987	89	18.93	14.78	24.08	352.06	1.72	59.11362869	3.47
1987	90	18.93	14.78	24.08	352.06	1.72	59.11941956	3.47
1987	91	18.93	14.78	24.08	352.06	1.72	59.12357125	3.47
1987	92	18.93	14.78	24.08	352.06	1.72	59.12595103	3.47
1987	93	18.93	14.78	24.08	352.06	1.72	59.12670582	3.47
1987	94	18.93	14.78	24.08	352.06	1.72	59.12567231	3.47
1987	95	18.93	14.78	24.08	352.06	1.72	59.12250594	3.47
1987	96	18.93	14.78	24.08	352.06	1.72	59.11824	3.47
1987	97	18.93	14.78	24.08	352.06	1.72	59.11374114	3.47
1987	98	18.93	14.78	24.08	352.06	1.72	59.10938093	3.47
1987	99	18.93	14.78	24.08	352.06	1.72	59.10571461	3.47
1987	100	18.93	14.78	24.08	352.06	1.72	59.10315445	3.47
1987	101	18.93	14.78	24.08	352.06	1.72	59.10147187	3.47
1987	102	18.93	14.78	24.08	352.06	1.72	59.10046163	3.47
1987	103	18.93	14.78	24.08	352.06	1.72	59.10027094	3.47
1987	104	18.93	14.78	24.08	352.06	1.72	59.10073858	3.47
1987	105	18.93	14.78	24.08	352.06	1.72	59.10167868	3.47
1987	106	18.93	14.78	24.08	352.06	1.72	59.10290412	3.47
1987	107	18.93	14.78	24.08	352.06	1.72	59.10426682	3.47
1987	108	18.93	14.78	24.08	352.06	1.72	59.1056697	3.47
1987	109	22.3	22.3	22.3	352.06	0	64.7	3.47
1987	110	21.07	17	24.09	352.06	0	71.13	3.74
1987	111	20.16	17.07	25.36	352.06	1	80.23	2.82
1987	112	18.06	16.81	19.59	352.06	17.06	92.29	2.83
1987	113	19.19	15.33	23.64	352.06	0	80.92	2.44
1987	114	20.13	17.32	24.31	352.06	0	81.88	2.65
1987	115	18.92	15.95	22.83	352.06	5.1	86.61	2.42
1987	116	18.55	16.41	22.86	352.06	35	89.17	1.62
1987	117	19.06	15.7	23.06	352.06	0.1	80.9	2.39
1987	118	17.85	16.69	20.08	352.06	11.7	90.83	2.03
1987	119	18.04	15.51	21.49	352.06	0	85.63	2.1
1987	120	18.66	16.79	22.47	352.06	14.3	87.36	2.18
1987	121	18.02	16.16	20.28	352.06	22.6	89.17	2.66
1987	122	18.54	14.62	22.18	352.06	0.6	84.6	2.64
1987	123	18.27	16.54	21.52	352.06	0.1	89.09	3.64
1987	124	18.61	15.12	23.36	352.06	0	83.58	1.96
1987	125	18.67	14.48	23.52	352.06	0	82.14	2.29
1987	126	18.86	15.23	23.42	352.06	0	82.42	2.8
1987	127	18.79	15.61	23.07	352.06	0	83.04	2.71
1987	128	19.09	15.8	23.44	352.06	0	81.1	2.44
1987	129	18.17	16.24	21.58	352.06	0.1	86.29	3.69
1987	130	18.56	16.06	22.68	352.06	0	81.82	3.32
1987	131	18.15	15.1	22.15	352.06	0	82.4	3.2
1987	132	18.06	14.02	23.32	352.06	0	80.69	2.41
1987	133	19.24	15.48	24.25	352.06	0	80.52	2.45
1987	134	19.23	16.33	24.04	352.06	0	79.02	3.41
1987	135	18.59	14.77	23.4	352.06	0	80.56	2.58
1987	136	18.6	14.35	23.74	352.06	0	75.81	2.95
1987	137	19.07	15.98	23.06	352.06	0	78.16	2.98
1987	138	18.29	13.91	22.89	352.06	0	81.01	2.73
1987	139	18.37	14.63	23.8	352.06	0	79.61	2.45
1987	140	19.41	13.13	26.12	352.06	0	72.85	2.35
1987	141	19.27	13.3	24.7	352.06	0	73.65	2.67
1987	142	19.83	15.97	25.45	352.06	0	76.68	2.49
1987	143	19.78	16.04	24.78	352.06	0	77.59	3.21
1987	144	18.99	14.96	23.77	352.06	0	73.95	3.17
1987	145	19.11	14.58	23.87	352.06	0	72.29	3.33
1987	146	18	14.1	22.59	352.06	0	75.42	3.35
1987	147	16.64	12.72	21.05	352.06	0.3	82.01	3.15
1987	148	17.5	14.02	22.45	352.06	0.1	80.72	3.26
1987	149	16.53	14.07	19.75	352.06	2.6	89.1	3.74
1987	150	17.26	13.76	20.82	352.06	0	82.09	2.58
1987	151	18.19	15.48	23.03	165.37	0	78.43	2.52
1987	152	19.1	14.83	24.04	252.18	0	74.88	3.37
1987	153	19.11	15.58	23.99	273.08	2.6	76.13	3.6
1987	154	18	14.69	22.03	69.78	0	80.43	3.46
1987	155	17.66	13.89	22.83	199.47	0	79.68	3.11
1987	156	19.15	14.11	24.66	306.03	0	72.1	2.52
1987	157	18.83	15.25	23.88	200.96	0.2	76.26	3.01
1987	158	18.95	13.44	24.91	360.35	0	62.02	2.54
1987	159	19.36	12.31	26.04	365.95	0	64.25	2.55
1987	160	18.79	15.88	23.8	229.63	0	75.18	3.93
1987	161	18.3	13.62	24.32	251.44	0	74.56	2.85
1987	162	19.59	14.98	24.61	351.39	0	63.15	2.73
1987	163	19.64	14.92	24.48	241.6	0.2	63.95	2.52
1987	164	17.84	13.52	22.29	190.26	0	74.48	2.64
1987	165	18.81	14.98	25.01	245.06	0	78.03	2.24
1987	166	17.89	14.88	21.55	141.38	0	77.07	2.1
1987	167	18.54	14.65	23.95	188.56	0	74.76	2.65
1987	168	16.83	14.59	19.37	54.07	0	80.78	3.03
1987	169	17.38	13.35	22.42	172.24	0	74.23	2.81
1987	170	17.84	12.97	22.96	224.37	0	73.04	2.49
1987	171	18.42	14.65	22.7	138.18	0	77.27	2.83
1987	172	17.83	15.91	20.93	191.66	0	79.93	3.14
1987	173	17.11	14.77	20.05	117.71	0	78.53	2.92
1987	174	16.87	15.44	18.65	61.62	0	81.36	3.27
1987	175	17.72	14.23	22.8	198.47	0	69.59	2.7
1987	176	18.16	13.41	24.21	249.27	0	60.96	2.39
1987	177	16.67	13.5	21.31	115.2	0	76.59	2.67
1987	178	16.59	13.91	20.48	94.91	0	79.69	2.63
1987	179	17.33	12.34	22.77	236.09	0	73.82	2.46
1987	180	16.34	13.54	19.66	114.41	0	79.4	2.51
1987	181	17.5	14.71	21.1	109.4	0	75.77	3.1
1987	182	17.09	14.5	20.39	26.13	0	79.28	3.5
1987	183	16.91	14.71	19.95	85.05	0	75.76	3.45
1987	184	17.14	13.46	21.06	61.39	0	73.3	3.53
1987	185	16.5	13.97	19.82	167.11	0	73.98	3.97
1987	186	15.27	12.43	18.94	12.18	0	79.14	2.19
1987	187	18.06	15.84	19.51	95.63	0	66.31	4.78
1987	188	16.23	14.2	18.34	100.56	0	71.89	4.13
1987	189	16.26	12.37	20.81	159.02	0	72.12	3.26
1987	190	16.77	11.2	23.56	248.11	0	72.19	2.32
1987	191	18.69	10.53	26.26	315.31	0	65.96	2.48
1987	192	18.73	13.05	25.43	289.71	0	67.15	2.61
1987	193	16.82	13.68	20.29	189.55	0	74.61	3
1987	194	16.93	12.67	20.86	192.7	0	72.44	3.07
1987	195	18.08	13.39	23.37	212.77	0	65.2	3.12
1987	196	17.13	12.58	22.48	132.91	0	70.3	2.48
1987	197	16.52	12.53	20.62	203.16	0	72.56	2.49
1987	198	15.86	11.93	19.8	67.65	0	73.96	2.59
1987	199	16.31	12.25	21.51	91.4	0	71.79	3.25
1987	200	16.74	12.41	21.45	65.78	0	73.66	2.79
1987	201	18.82	12.14	25.91	312.23	0	61.97	2.95
1987	202	18.53	13.18	24.25	317.92	0	62.06	3.24
1987	203	17.85	14.49	22.47	64.01	0	70.11	3.15
1987	204	17.62	14.85	21.88	183.78	0	74.82	3.76
1987	205	17.38	13.13	21.38	87.99	0	73.91	2.7
1987	206	18.01	15.6	22.06	164.12	0	74.49	3.37
1987	207	16.77	14.22	22.16	164.8	0	75.2	3.05
1987	208	16.96	12.3	21.48	97.12	0	71.97	2.7
1987	209	16.78	14.6	20.27	100.08	0	75.65	3.99
1987	210	16.67	13.6	21.41	84.46	0	77.88	2.76
1987	211	17.75	12.74	24.26	309.83	0	75.95	2.78
1987	212	18.63	12.91	25.69	320.4	0	71.32	2.99
1987	213	17.26	14.02	21.61	108.1	0	75.7	3.71
1987	214	17.03	13.91	20.32	245.22	0.1	76.65	5.05
1987	215	15.78	15.4	16.35	340.3	0	84.12	3.86
1987	216	18.93	14.78	24.08	340.3	1.72	77.88	3.64
1987	217	18.93	14.78	24.08	340.3	1.72	75.95	3.64
1987	218	18.93	14.78	24.08	340.3	1.72	71.32	3.64
1987	219	18.93	14.78	24.08	340.3	1.72	75.7	3.64
1987	220	19.19	16.1	22.77	340.3	0	60.43	3.98
1987	221	16.3	14.35	19.47	99.72	1.5	82.14	3.25
1987	222	17.41	14.54	21.9	340.3	0	74.2	3.32
1987	223	17.26	13.47	21.84	340.3	0	70.81	2.72
1987	224	16.43	11.83	22.03	340.3	0	69.39	2.8
1987	225	17.57	11.74	23.44	340.3	0	67.25	3.53
1987	226	18.23	12.32	24.09	340.3	0	66.17	3.32
1987	227	19.11	13.96	24.68	340.3	0	69.91	3.56
1987	228	18.74	15.68	22.93	340.3	0	69.27	3.69
1987	229	18.19	14.99	22.6	340.3	0	70.44	3.82
1987	230	17.99	14.35	23.52	340.3	0	68.34	4.51
1987	231	18.84	13.73	25.12	340.3	0	60.16	3.04
1987	232	19.25	12.04	25.81	340.3	0	51.77	3.25
1987	233	19.13	12.72	24.83	340.3	0	55.64	3.8
1987	234	20.08	15.13	25.93	340.3	0	60.22	3.34
1987	235	18.24	12.75	24.9	278.29	0	66.35	3.65
1987	236	18.13	13.52	24.14	286.17	0	67.29	3.42
1987	237	18.43	12.48	24.75	339.26	0	67.22	3.85
1987	238	19.73	14.79	25.96	370.39	0	61.21	3.94
1987	239	19.43	14.24	26.09	348.37	0	62.14	3.64
1987	240	18.38	14.17	23.01	204.73	0	66.11	4.3
1987	241	18.08	13.66	22.52	203.21	0	65.33	4.51
1987	242	18.02	15.12	21.84	184.28	0	72.23	4.32
1987	243	18.07	15.24	22.71	132.61	0	72.33	3.66
1987	244	18.87	15.46	23.51	134.25	0	70.98	3.71
1987	245	18.68	15.53	23.49	177.46	0	71.85	3.22
1987	246	18.9	12.73	25.89	309.28	0	65.73	3.63
1987	247	18.78	14.35	24.48	183.69	0	65.77	3.56
1987	248	19.63	13.74	25.63	239.41	0	65.78	3.22
1987	249	20.42	13.62	26.98	276.93	0	59.99	2.42
1987	250	18.55	15.47	24.24	183.01	23.2	79.81	2.36
1987	251	17.83	15.35	20.88	216.31	1.5	84.97	3.37
1987	252	17.63	15.18	20.3	237.69	0	79.53	3.56
1987	253	18.7	13.12	24.8	304.84	0	69.46	3.47
1987	254	19.63	15.06	25.4	286.39	0	68.96	3.1
1987	255	20.1	15.27	26.39	311.18	0	70.71	2.69
1987	256	18.54	15.58	23.43	212.37	0	78.29	3.58
1987	257	19.3	15.09	24.61	303.08	0	61.66	4.59
1987	258	18.25	15.11	22.31	305.08	0	70.57	3.47
1987	259	19.19	13.58	25.41	335.8	0	67.65	3.06
1987	260	20.08	15.78	27.18	352.88	7.9	69.76	3.16
1987	261	19.27	15.2	24.9	296.61	0	71.05	3.53
1987	262	19.43	14.03	24.85	321.49	0	70.28	3.57
1987	263	20.13	15.04	27.25	425.01	0	68.7	2.81
1987	264	20.11	14.46	26.74	335.61	0	68.67	3.61
1987	265	20.33	15.96	25.85	292.61	0	63.45	4.06
1987	266	19.54	15.6	24.75	214.41	0	65.68	4.21
1987	267	18.87	16.08	24.31	306.57	0	72.24	4.2
1987	268	20.51	14.71	27.22	310.98	0	58.63	3.17
1987	269	20.23	13.96	27.28	291.16	0	64.9	2.78
1987	270	20.27	14.8	26.27	303.74	0	67.24	3.51
1987	271	18.89	16.03	22.69	79.8	0	71.98	3.83
1987	272	19.89	13.95	26.59	315.98	0	67.54	3.7
1987	273	19.74	15.23	26.4	221.85	0	71.17	4.05
1987	274	20.87	16.39	27.58	279.48	0	66.11	3.52
1987	275	20.79	14.59	27.58	290.74	0	61.65	3.22
1987	276	18.98	12.25	25.45	355.89	0	61.51	3.36
1987	277	17.97	16.28	21.07	340.3	0	79.37	4.62
1987	278	18.71	15.17	23.32	340.3	0.1	73.05	3.82
1987	279	20.09	15.8	26.43	340.3	0	67.62	4.09
1987	280	20.12	14.92	26.08	340.3	0	59.02	3.57
1987	281	20.74	13.07	27.9	340.3	0	56.38	3.34
1987	282	21.15	14.46	27.94	340.3	0	61.27	4.24
1987	283	20.8	16.31	27.4	340.3	0	66.42	5.2
1987	284	20.65	14.57	26.53	340.3	0	61.27	4.42
1987	285	21.22	14.61	27.95	29.44	0	58.16	4.01
1987	286	22.07	14.44	29.04	427.23	0	57.17	3.61
1987	287	22.09	16.24	28.14	428.3	0	64.39	5.2
1987	288	21.94	17.65	27.56	348.26	0	67.16	5.57
1987	289	20.65	16.41	25.56	391.86	0.5	73	4.75
1987	290	20.59	17	26.7	287.02	0.1	72.18	3.44
1987	291	21.14	17.4	25.88	391.89	0	71.74	4.22
1987	292	19.67	16.88	24.57	333	0.9	79.34	4.75
1987	293	19.63	14.75	24.34	333.2	0	70.86	3.97
1987	294	20.13	15.77	25.43	317.38	0	68.67	4.18
1987	295	21.29	16.21	26.31	335.48	0	56.17	3.38
1987	296	20.92	15.51	26.96	386.79	0	56.58	3.52
1987	297	21.26	15.27	26.84	361.83	0	62.73	3.41
1987	298	21.43	17.08	26.31	373.89	0	67.31	4.54
1987	299	19.75	16.89	24.27	302.02	1.9	76.47	4.64
1987	300	19.99	16.11	24.47	275.17	0	70.49	3.55
1987	301	20.44	15.29	26.18	299.92	0	67.55	3.87
1987	302	20.44	16.2	25.09	293.17	0	66.86	3.74
1987	303	19.84	16.07	25.11	320.12	0	72.71	4.13
1987	304	19.58	16.66	24.13	286.44	4.5	78.4	4.26
1987	305	20.19	15.98	25.04	301.58	0	72.37	3.77
1987	306	18.89	16.55	22.21	304.4	32.9	85.22	3.63
1987	307	18.28	16.62	22.5	326.5	8.3	88.67	3.3
1987	308	18.22	15.53	21.34	294.16	8.6	84.66	3.2
1987	309	18.8	16.42	23.16	313	7.2	85.41	3
1987	310	19.32	16.17	24.13	442.3	28.39	81.98	3.32
1987	311	19.12	15.6	23.81	471.37	35.8	82.53	2.9
1987	312	18.59	16.89	21.94	329.38	3.1	88.16	3.48
1987	313	19.14	15.53	23.06	388.75	0	78.03	3.7
1987	314	18.8	16.01	22.5	265.7	17.8	85.21	3.72
1987	315	18.04	15.14	21.42	278.59	11.1	87.17	4.04
1987	316	18.82	16.5	23.13	342.78	4.4	86.05	3.73
1987	317	18.97	16.48	22.72	418.36	3.9	87.41	4.58
1987	318	18.57	16.33	23.09	332.43	22.2	89.79	2.51
1987	319	18.42	16.63	22.5	327.11	5.7	89.16	3.26
1987	320	18.56	16.26	22.07	379.33	6.6	87.77	3.73
1987	321	18.58	16.27	22.19	301.92	2.5	87.67	3.39
1987	322	19.16	16.24	23.04	360.37	1.74	82.42	3.52
1987	323	19.33	16.45	23.33	426.02	1.4	82.05	3.47
1987	324	18.81	15.89	23.3	398.04	0.4	85.17	3.46
1987	325	18.89	16.91	22.18	319.64	14.2	87.74	3.58
1987	326	18.29	16.52	21.89	360.61	8.7	91.68	4.05
1987	327	18.41	16.01	21.81	332.88	3.6	87.89	4.08
1987	328	18.6	16.2	22.59	392.39	9	87.44	3.59
1987	329	18.63	16.17	22.4	319.92	6.8	87.22	2.76
1987	330	18.31	15.64	21.96	339	8.4	89.85	3.28
1987	331	19.47	15.78	24.04	471.51	2.6	77.23	3.81
1987	332	19.07	16.67	23.43	349.55	0	83.95	3.15
1987	333	19.54	16.52	23.98	498.21	0	75.99	3.76
1987	334	19.2	15.46	23.4	483.41	0	72.17	3.74
1987	335	19.08	14.87	23.94	461.96	0	71.36	3.2
1987	336	19.51	14.76	24.39	411.98	0	75.32	3.14
1987	337	19.26	16.65	23.41	401.68	0	82.54	3.88
1987	338	18.98	15.93	23.5	363.5	0	80.18	3.54
1987	339	19.21	15.7	24.03	404.09	0	75.45	2.89
1987	340	19.08	16.36	23.58	383.18	0	79.45	2.86
1987	341	19.16	13.78	24.68	473.77	0	76.59	2.78
1987	342	19.31	14.63	24.83	446.49	0	70.69	2.85
1987	343	18.69	14.4	23.86	398.57	0	78.08	2.72
1987	344	19.39	16.5	23.57	397.26	0.8	80.59	4.16
1987	345	19.18	15.52	23.85	396.18	0.1	80.1	3.6
1987	346	19.24	15	24.28	353.75	0	81.24	2.85
1987	347	19.64	15.87	24.75	349.7	0	82.55	2.64
1987	348	19.65	17.22	23.88	355.75	0.1	85.12	3.01
1987	349	18.97	16.04	22.86	373.16	4.7	87.32	4.19
1987	350	18.27	16.3	21.59	235.59	0	85.91	4.21
1987	351	18.93	15.66	23.38	376.45	0	79.05	3.99
1987	352	18.79	15.6	23.31	400.29	0.1	80.3	3.54
1987	353	19.29	16.03	23.73	350.94	0	76.19	2.57
1987	354	18.81	14.53	23.85	403.15	0	78.18	2.74
1987	355	19.55	15.62	24.47	407.99	0	74.8	3.57
1987	356	19.31	15.92	23.7	323.94	2.2	83.67	3.45
1987	357	18.94	16.36	23.24	309.77	6.7	86.91	3.82
1987	358	20.22	16.91	24.8	409.78	0.7	81.63	3.41
1987	359	20.3	17.16	25.01	417.6	0	83.61	3.95
1987	360	18.96	16.81	22.36	248.07	0.6	86.86	4.58
1987	361	18.91	14.84	23.14	434.42	0	73.13	3.85
1987	362	19.96	15.72	24.86	444.77	0	68.75	3.05
1987	363	20.22	15.6	25.2	410.62	0	77.61	2.63
1987	364	20.21	16.76	25.21	330.63	0	81.03	3.1
1987	365	20.6	17.19	25.44	386.32	0	78.05	2.63
1988	1	19.25	14.12	24.18	280.23	0	62.72	4.63
1988	2	17.98	13.75	23.01	211.09	0.1	72.71	4.88
1988	3	17.25	15.45	20.82	214.32	10.62	87.78	5.48
1988	4	16.94	15.21	19.18	103.83	4.8	89.25	4.65
1988	5	17.62	14.54	21.55	274.51	0.2	77.42	4.38
1988	6	19.42	13.57	24.66	376.05	0	56.91	3.87
1988	7	19.6	14.23	24.56	355.46	0	60.44	4.2
1988	8	19.01	13.81	24.6	361.29	0	73.27	4.48
1988	9	19.48	16.27	24.33	277.82	0	74.98	5.09
1988	10	19.17	15.9	23.54	312.8	0	73.78	4.69
1988	11	19.18	14.34	24.06	300.67	0	70.07	4.13
1988	12	19.84	14.59	25.32	365.58	0	64.35	4.95
1988	13	19.68	13.39	25.11	359.62	0	57.99	4.46
1988	14	19.45	13.8	24.51	341.86	0	57.68	3.85
1988	15	19.78	13.98	24.89	349.03	0	53.19	4.17
1988	16	19.6	14.32	24.98	347.23	0	58.45	4.01
1988	17	19.44	13.62	24.81	280.46	0	61.1	4.05
1988	18	21.2	14.54	27.44	350.85	0	39.06	3.88
1988	19	21.45	15.57	27.25	356.5	0	43.76	3.63
1988	20	20.97	15.4	26.66	353.82	0	53.2	4.18
1988	21	20.88	14.6	26.14	356.25	0	51.04	4.37
1988	22	20.5	16.16	24.79	235.94	0	54.3	4.54
1988	23	20.05	16.04	24.84	262.47	0	65.03	4.02
1988	24	20.01	14.81	25.45	300.24	0	64.15	4.56
1988	25	20.9	14.87	26.58	352.5	0	58.19	4.1
1988	26	18.93	14.78	24.08	340.3	1.72	63.2328	3.64
1988	27	18.93	14.78	24.08	340.3	1.72	63.253312	3.64
1988	28	18.93	14.78	24.08	340.3	1.72	62.87504448	3.64
1988	29	18.93	14.78	24.08	340.3	1.72	61.87884626	3.64
1988	30	18.93	14.78	24.08	340.3	1.72	60.78400011	3.64
1988	31	18.93	14.78	24.08	340.3	1.72	60.11856011	3.64
1988	32	18.93	14.78	24.08	340.3	1.72	60.24690252	3.64
1988	33	18.93	14.78	24.08	340.3	1.72	60.23917862	3.64
1988	34	18.93	14.78	24.08	340.3	1.72	59.71794576	3.64
1988	35	18.93	14.78	24.08	340.3	1.72	59.10746359	3.64
1988	36	18.93	14.78	24.08	340.3	1.72	58.52056214	3.64
1988	37	18.93	14.78	24.08	340.3	1.72	58.05858462	3.64
1988	38	18.93	14.78	24.08	340.3	1.72	57.80692801	3.64
1988	39	18.93	14.78	24.08	340.3	1.72	57.79960513	3.64
1988	40	18.93	14.78	24.08	340.3	1.72	57.80438933	3.64
1988	41	18.93	14.78	24.08	340.3	1.72	57.98896491	3.64
1988	42	18.93	14.78	24.08	340.3	1.72	57.9705235	3.64
1988	43	18.93	14.78	24.08	340.3	1.72	57.84534444	3.64
1988	44	18.93	14.78	24.08	340.3	1.72	58.59675822	3.64
1988	45	18.93	14.78	24.08	340.3	1.72	59.19022855	3.64
1988	46	18.93	14.78	24.08	340.3	1.72	59.42983769	3.64
1988	47	18.93	14.78	24.08	340.3	1.72	59.7654312	3.64
1988	48	18.93	14.78	24.08	340.3	1.72	59.98404845	3.64
1988	49	18.93	14.78	24.08	340.3	1.72	59.78221039	3.64
1988	50	18.93	14.78	24.08	340.3	1.72	59.6074988	3.64
1988	51	18.93	14.78	24.08	340.3	1.72	59.66419875	3.64
1988	52	18.93	14.78	24.08	340.3	1.72	59.5214547	3.64
1988	53	18.93	14.78	24.08	340.3	1.72	59.37218041	3.64
1988	54	18.93	14.78	24.08	340.3	1.72	59.23206585	3.64
1988	55	18.93	14.78	24.08	340.3	1.72	59.12619463	3.64
1988	56	18.93	14.78	24.08	340.3	1.72	59.05988241	3.64
1988	57	18.93	14.78	24.08	340.3	1.72	59.01753531	3.64
1988	58	18.93	14.78	24.08	340.3	1.72	58.96836062	3.64
1988	59	18.93	14.78	24.08	340.3	1.72	58.9175279	3.64
1988	60	18.93	14.78	24.08	352.06	1.72	58.88551118	3.47
1988	61	18.93	14.78	24.08	352.06	1.72	58.87663309	3.47
1988	62	18.93	14.78	24.08	352.06	1.72	58.89087592	3.47
1988	63	18.93	14.78	24.08	352.06	1.72	58.92416758	3.47
1988	64	18.93	14.78	24.08	352.06	1.72	58.96885716	3.47
1988	65	18.93	14.78	24.08	352.06	1.72	59.01562724	3.47
1988	66	18.93	14.78	24.08	352.06	1.72	59.06407676	3.47
1988	67	18.93	14.78	24.08	352.06	1.72	59.10708123	3.47
1988	68	18.93	14.78	24.08	352.06	1.72	59.15254354	3.47
1988	69	18.93	14.78	24.08	352.06	1.72	59.2048315	3.47
1988	70	18.93	14.78	24.08	352.06	1.72	59.22915443	3.47
1988	71	18.93	14.78	24.08	352.06	1.72	59.23071147	3.47
1988	72	18.93	14.78	24.08	352.06	1.72	59.22274642	3.47
1988	73	18.93	14.78	24.08	352.06	1.72	59.20103903	3.47
1988	74	18.93	14.78	24.08	352.06	1.72	59.16971865	3.47
1988	75	18.93	14.78	24.08	352.06	1.72	59.14521898	3.47
1988	76	18.93	14.78	24.08	352.06	1.72	59.12672779	3.47
1988	77	18.93	14.78	24.08	352.06	1.72	59.10522895	3.47
1988	78	18.93	14.78	24.08	352.06	1.72	59.08857992	3.47
1988	79	18.93	14.78	24.08	352.06	1.72	59.0772359	3.47
1988	80	18.93	14.78	24.08	352.06	1.72	59.07104271	3.47
1988	81	18.93	14.78	24.08	352.06	1.72	59.06883663	3.47
1988	82	18.93	14.78	24.08	352.06	1.72	59.0691948	3.47
1988	83	18.93	14.78	24.08	352.06	1.72	59.07126118	3.47
1988	84	18.93	14.78	24.08	352.06	1.72	59.0753772	3.47
1988	85	18.93	14.78	24.08	352.06	1.72	59.08169117	3.47
1988	86	18.93	14.78	24.08	352.06	1.72	59.08953837	3.47
1988	87	18.93	14.78	24.08	352.06	1.72	59.09805458	3.47
1988	88	18.93	14.78	24.08	352.06	1.72	59.10634173	3.47
1988	89	18.93	14.78	24.08	352.06	1.72	59.11362869	3.47
1988	90	18.93	14.78	24.08	352.06	1.72	59.11941956	3.47
1988	91	18.93	14.78	24.08	352.06	1.72	59.12357125	3.47
1988	92	18.93	14.78	24.08	352.06	1.72	59.12595103	3.47
1988	93	18.93	14.78	24.08	352.06	1.72	59.12670582	3.47
1988	94	18.93	14.78	24.08	352.06	1.72	59.12567231	3.47
1988	95	18.93	14.78	24.08	352.06	1.72	59.12250594	3.47
1988	96	18.93	14.78	24.08	352.06	1.72	59.11824	3.47
1988	97	18.93	14.78	24.08	352.06	1.72	59.11374114	3.47
1988	98	18.93	14.78	24.08	352.06	1.72	59.10938093	3.47
1988	99	18.93	14.78	24.08	352.06	1.72	59.10571461	3.47
1988	100	18.93	14.78	24.08	352.06	1.72	59.10315445	3.47
1988	101	18.93	14.78	24.08	352.06	1.72	59.10147187	3.47
1988	102	18.93	14.78	24.08	352.06	1.72	59.10046163	3.47
1988	103	18.93	14.78	24.08	352.06	1.72	59.10027094	3.47
1988	104	18.93	14.78	24.08	352.06	1.72	59.10073858	3.47
1988	105	18.93	14.78	24.08	352.06	1.72	59.10167868	3.47
1988	106	18.93	14.78	24.08	352.06	1.72	59.10290412	3.47
1988	107	18.93	14.78	24.08	352.06	1.72	59.10426682	3.47
1988	108	18.93	14.78	24.08	352.06	1.72	59.1056697	3.47
1988	109	22.3	22.3	22.3	352.06	0	64.7	3.47
1988	110	21.07	17	24.09	352.06	0	71.13	3.74
1988	111	20.16	17.07	25.36	352.06	1	80.23	2.82
1988	112	18.06	16.81	19.59	352.06	17.06	92.29	2.83
1988	113	19.19	15.33	23.64	352.06	0	80.92	2.44
1988	114	20.13	17.32	24.31	352.06	0	81.88	2.65
1988	115	18.92	15.95	22.83	352.06	5.1	86.61	2.42
1988	116	18.55	16.41	22.86	352.06	35	89.17	1.62
1988	117	19.06	15.7	23.06	352.06	0.1	80.9	2.39
1988	118	17.85	16.69	20.08	352.06	11.7	90.83	2.03
1988	119	18.04	15.51	21.49	352.06	0	85.63	2.1
1988	120	18.66	16.79	22.47	352.06	14.3	87.36	2.18
1988	121	18.02	16.16	20.28	352.06	22.6	89.17	2.66
1988	122	18.54	14.62	22.18	352.06	0.6	84.6	2.64
1988	123	18.27	16.54	21.52	352.06	0.1	89.09	3.64
1988	124	18.61	15.12	23.36	352.06	0	83.58	1.96
1988	125	18.67	14.48	23.52	352.06	0	82.14	2.29
1988	126	18.86	15.23	23.42	352.06	0	82.42	2.8
1988	127	18.79	15.61	23.07	352.06	0	83.04	2.71
1988	128	19.09	15.8	23.44	352.06	0	81.1	2.44
1988	129	18.17	16.24	21.58	352.06	0.1	86.29	3.69
1988	130	18.56	16.06	22.68	352.06	0	81.82	3.32
1988	131	18.15	15.1	22.15	352.06	0	82.4	3.2
1988	132	18.06	14.02	23.32	352.06	0	80.69	2.41
1988	133	19.24	15.48	24.25	352.06	0	80.52	2.45
1988	134	19.23	16.33	24.04	352.06	0	79.02	3.41
1988	135	18.59	14.77	23.4	352.06	0	80.56	2.58
1988	136	18.6	14.35	23.74	352.06	0	75.81	2.95
1988	137	19.07	15.98	23.06	352.06	0	78.16	2.98
1988	138	18.29	13.91	22.89	352.06	0	81.01	2.73
1988	139	18.37	14.63	23.8	352.06	0	79.61	2.45
1988	140	19.41	13.13	26.12	352.06	0	72.85	2.35
1988	141	19.27	13.3	24.7	352.06	0	73.65	2.67
1988	142	19.83	15.97	25.45	352.06	0	76.68	2.49
1988	143	19.78	16.04	24.78	352.06	0	77.59	3.21
1988	144	18.99	14.96	23.77	352.06	0	73.95	3.17
1988	145	19.11	14.58	23.87	352.06	0	72.29	3.33
1988	146	18	14.1	22.59	352.06	0	75.42	3.35
1988	147	16.64	12.72	21.05	352.06	0.3	82.01	3.15
1988	148	17.5	14.02	22.45	352.06	0.1	80.72	3.26
1988	149	16.53	14.07	19.75	352.06	2.6	89.1	3.74
1988	150	17.26	13.76	20.82	352.06	0	82.09	2.58
1988	151	18.19	15.48	23.03	165.37	0	78.43	2.52
1988	152	19.1	14.83	24.04	252.18	0	74.88	3.37
1988	153	19.11	15.58	23.99	273.08	2.6	76.13	3.6
1988	154	18	14.69	22.03	69.78	0	80.43	3.46
1988	155	17.66	13.89	22.83	199.47	0	79.68	3.11
1988	156	19.15	14.11	24.66	306.03	0	72.1	2.52
1988	157	18.83	15.25	23.88	200.96	0.2	76.26	3.01
1988	158	18.95	13.44	24.91	360.35	0	62.02	2.54
1988	159	19.36	12.31	26.04	365.95	0	64.25	2.55
1988	160	18.79	15.88	23.8	229.63	0	75.18	3.93
1988	161	18.3	13.62	24.32	251.44	0	74.56	2.85
1988	162	19.59	14.98	24.61	351.39	0	63.15	2.73
1988	163	19.64	14.92	24.48	241.6	0.2	63.95	2.52
1988	164	17.84	13.52	22.29	190.26	0	74.48	2.64
1988	165	18.81	14.98	25.01	245.06	0	78.03	2.24
1988	166	17.89	14.88	21.55	141.38	0	77.07	2.1
1988	167	18.54	14.65	23.95	188.56	0	74.76	2.65
1988	168	16.83	14.59	19.37	54.07	0	80.78	3.03
1988	169	17.38	13.35	22.42	172.24	0	74.23	2.81
1988	170	17.84	12.97	22.96	224.37	0	73.04	2.49
1988	171	18.42	14.65	22.7	138.18	0	77.27	2.83
1988	172	17.83	15.91	20.93	191.66	0	79.93	3.14
1988	173	17.11	14.77	20.05	117.71	0	78.53	2.92
1988	174	16.87	15.44	18.65	61.62	0	81.36	3.27
1988	175	17.72	14.23	22.8	198.47	0	69.59	2.7
1988	176	18.16	13.41	24.21	249.27	0	60.96	2.39
1988	177	16.67	13.5	21.31	115.2	0	76.59	2.67
1988	178	16.59	13.91	20.48	94.91	0	79.69	2.63
1988	179	17.33	12.34	22.77	236.09	0	73.82	2.46
1988	180	16.34	13.54	19.66	114.41	0	79.4	2.51
1988	181	17.5	14.71	21.1	109.4	0	75.77	3.1
1988	182	17.09	14.5	20.39	26.13	0	79.28	3.5
1988	183	16.91	14.71	19.95	85.05	0	75.76	3.45
1988	184	17.14	13.46	21.06	61.39	0	73.3	3.53
1988	185	16.5	13.97	19.82	167.11	0	73.98	3.97
1988	186	15.27	12.43	18.94	12.18	0	79.14	2.19
1988	187	18.06	15.84	19.51	95.63	0	66.31	4.78
1988	188	16.23	14.2	18.34	100.56	0	71.89	4.13
1988	189	16.26	12.37	20.81	159.02	0	72.12	3.26
1988	190	16.77	11.2	23.56	248.11	0	72.19	2.32
1988	191	18.69	10.53	26.26	315.31	0	65.96	2.48
1988	192	18.73	13.05	25.43	289.71	0	67.15	2.61
1988	193	16.82	13.68	20.29	189.55	0	74.61	3
1988	194	16.93	12.67	20.86	192.7	0	72.44	3.07
1988	195	18.08	13.39	23.37	212.77	0	65.2	3.12
1988	196	17.13	12.58	22.48	132.91	0	70.3	2.48
1988	197	16.52	12.53	20.62	203.16	0	72.56	2.49
1988	198	15.86	11.93	19.8	67.65	0	73.96	2.59
1988	199	16.31	12.25	21.51	91.4	0	71.79	3.25
1988	200	16.74	12.41	21.45	65.78	0	73.66	2.79
1988	201	18.82	12.14	25.91	312.23	0	61.97	2.95
1988	202	18.53	13.18	24.25	317.92	0	62.06	3.24
1988	203	17.85	14.49	22.47	64.01	0	70.11	3.15
1988	204	17.62	14.85	21.88	183.78	0	74.82	3.76
1988	205	17.38	13.13	21.38	87.99	0	73.91	2.7
1988	206	18.01	15.6	22.06	164.12	0	74.49	3.37
1988	207	16.77	14.22	22.16	164.8	0	75.2	3.05
1988	208	16.96	12.3	21.48	97.12	0	71.97	2.7
1988	209	16.78	14.6	20.27	100.08	0	75.65	3.99
1988	210	16.67	13.6	21.41	84.46	0	77.88	2.76
1988	211	17.75	12.74	24.26	309.83	0	75.95	2.78
1988	212	18.63	12.91	25.69	320.4	0	71.32	2.99
1988	213	17.26	14.02	21.61	108.1	0	75.7	3.71
1988	214	17.03	13.91	20.32	245.22	0.1	76.65	5.05
1988	215	15.78	15.4	16.35	340.3	0	84.12	3.86
1988	216	18.93	14.78	24.08	340.3	1.72	77.88	3.64
1988	217	18.93	14.78	24.08	340.3	1.72	75.95	3.64
1988	218	18.93	14.78	24.08	340.3	1.72	71.32	3.64
1988	219	18.93	14.78	24.08	340.3	1.72	75.7	3.64
1988	220	19.19	16.1	22.77	340.3	0	60.43	3.98
1988	221	16.3	14.35	19.47	99.72	1.5	82.14	3.25
1988	222	17.41	14.54	21.9	340.3	0	74.2	3.32
1988	223	17.26	13.47	21.84	340.3	0	70.81	2.72
1988	224	16.43	11.83	22.03	340.3	0	69.39	2.8
1988	225	17.57	11.74	23.44	340.3	0	67.25	3.53
1988	226	18.23	12.32	24.09	340.3	0	66.17	3.32
1988	227	19.11	13.96	24.68	340.3	0	69.91	3.56
1988	228	18.74	15.68	22.93	340.3	0	69.27	3.69
1988	229	18.19	14.99	22.6	340.3	0	70.44	3.82
1988	230	17.99	14.35	23.52	340.3	0	68.34	4.51
1988	231	18.84	13.73	25.12	340.3	0	60.16	3.04
1988	232	19.25	12.04	25.81	340.3	0	51.77	3.25
1988	233	19.13	12.72	24.83	340.3	0	55.64	3.8
1988	234	20.08	15.13	25.93	340.3	0	60.22	3.34
1988	235	18.24	12.75	24.9	278.29	0	66.35	3.65
1988	236	18.13	13.52	24.14	286.17	0	67.29	3.42
1988	237	18.43	12.48	24.75	339.26	0	67.22	3.85
1988	238	19.73	14.79	25.96	370.39	0	61.21	3.94
1988	239	19.43	14.24	26.09	348.37	0	62.14	3.64
1988	240	18.38	14.17	23.01	204.73	0	66.11	4.3
1988	241	18.08	13.66	22.52	203.21	0	65.33	4.51
1988	242	18.02	15.12	21.84	184.28	0	72.23	4.32
1988	243	18.07	15.24	22.71	132.61	0	72.33	3.66
1988	244	18.87	15.46	23.51	134.25	0	70.98	3.71
1988	245	18.68	15.53	23.49	177.46	0	71.85	3.22
1988	246	18.9	12.73	25.89	309.28	0	65.73	3.63
1988	247	18.78	14.35	24.48	183.69	0	65.77	3.56
1988	248	19.63	13.74	25.63	239.41	0	65.78	3.22
1988	249	20.42	13.62	26.98	276.93	0	59.99	2.42
1988	250	18.55	15.47	24.24	183.01	23.2	79.81	2.36
1988	251	17.83	15.35	20.88	216.31	1.5	84.97	3.37
1988	252	17.63	15.18	20.3	237.69	0	79.53	3.56
1988	253	18.7	13.12	24.8	304.84	0	69.46	3.47
1988	254	19.63	15.06	25.4	286.39	0	68.96	3.1
1988	255	20.1	15.27	26.39	311.18	0	70.71	2.69
1988	256	18.54	15.58	23.43	212.37	0	78.29	3.58
1988	257	19.3	15.09	24.61	303.08	0	61.66	4.59
1988	258	18.25	15.11	22.31	305.08	0	70.57	3.47
1988	259	19.19	13.58	25.41	335.8	0	67.65	3.06
1988	260	20.08	15.78	27.18	352.88	7.9	69.76	3.16
1988	261	19.27	15.2	24.9	296.61	0	71.05	3.53
1988	262	19.43	14.03	24.85	321.49	0	70.28	3.57
1988	263	20.13	15.04	27.25	425.01	0	68.7	2.81
1988	264	20.11	14.46	26.74	335.61	0	68.67	3.61
1988	265	20.33	15.96	25.85	292.61	0	63.45	4.06
1988	266	19.54	15.6	24.75	214.41	0	65.68	4.21
1988	267	18.87	16.08	24.31	306.57	0	72.24	4.2
1988	268	20.51	14.71	27.22	310.98	0	58.63	3.17
1988	269	20.23	13.96	27.28	291.16	0	64.9	2.78
1988	270	20.27	14.8	26.27	303.74	0	67.24	3.51
1988	271	18.89	16.03	22.69	79.8	0	71.98	3.83
1988	272	19.89	13.95	26.59	315.98	0	67.54	3.7
1988	273	19.74	15.23	26.4	221.85	0	71.17	4.05
1988	274	20.87	16.39	27.58	279.48	0	66.11	3.52
1988	275	20.79	14.59	27.58	290.74	0	61.65	3.22
1988	276	18.98	12.25	25.45	355.89	0	61.51	3.36
1988	277	17.97	16.28	21.07	340.3	0	79.37	4.62
1988	278	18.71	15.17	23.32	340.3	0.1	73.05	3.82
1988	279	20.09	15.8	26.43	340.3	0	67.62	4.09
1988	280	20.12	14.92	26.08	340.3	0	59.02	3.57
1988	281	20.74	13.07	27.9	340.3	0	56.38	3.34
1988	282	21.15	14.46	27.94	340.3	0	61.27	4.24
1988	283	20.8	16.31	27.4	340.3	0	66.42	5.2
1988	284	20.65	14.57	26.53	340.3	0	61.27	4.42
1988	285	21.22	14.61	27.95	29.44	0	58.16	4.01
1988	286	22.07	14.44	29.04	427.23	0	57.17	3.61
1988	287	22.09	16.24	28.14	428.3	0	64.39	5.2
1988	288	21.94	17.65	27.56	348.26	0	67.16	5.57
1988	289	20.65	16.41	25.56	391.86	0.5	73	4.75
1988	290	20.59	17	26.7	287.02	0.1	72.18	3.44
1988	291	21.14	17.4	25.88	391.89	0	71.74	4.22
1988	292	19.67	16.88	24.57	333	0.9	79.34	4.75
1988	293	19.63	14.75	24.34	333.2	0	70.86	3.97
1988	294	20.13	15.77	25.43	317.38	0	68.67	4.18
1988	295	21.29	16.21	26.31	335.48	0	56.17	3.38
1988	296	20.92	15.51	26.96	386.79	0	56.58	3.52
1988	297	21.26	15.27	26.84	361.83	0	62.73	3.41
1988	298	21.43	17.08	26.31	373.89	0	67.31	4.54
1988	299	19.75	16.89	24.27	302.02	1.9	76.47	4.64
1988	300	19.99	16.11	24.47	275.17	0	70.49	3.55
1988	301	20.44	15.29	26.18	299.92	0	67.55	3.87
1988	302	20.44	16.2	25.09	293.17	0	66.86	3.74
1988	303	19.84	16.07	25.11	320.12	0	72.71	4.13
1988	304	19.58	16.66	24.13	286.44	4.5	78.4	4.26
1988	305	20.19	15.98	25.04	301.58	0	72.37	3.77
1988	306	18.89	16.55	22.21	304.4	32.9	85.22	3.63
1988	307	18.28	16.62	22.5	326.5	8.3	88.67	3.3
1988	308	18.22	15.53	21.34	294.16	8.6	84.66	3.2
1988	309	18.8	16.42	23.16	313	7.2	85.41	3
1988	310	19.32	16.17	24.13	442.3	28.39	81.98	3.32
1988	311	19.12	15.6	23.81	471.37	35.8	82.53	2.9
1988	312	18.59	16.89	21.94	329.38	3.1	88.16	3.48
1988	313	19.14	15.53	23.06	388.75	0	78.03	3.7
1988	314	18.8	16.01	22.5	265.7	17.8	85.21	3.72
1988	315	18.04	15.14	21.42	278.59	11.1	87.17	4.04
1988	316	18.82	16.5	23.13	342.78	4.4	86.05	3.73
1988	317	18.97	16.48	22.72	418.36	3.9	87.41	4.58
1988	318	18.57	16.33	23.09	332.43	22.2	89.79	2.51
1988	319	18.42	16.63	22.5	327.11	5.7	89.16	3.26
1988	320	18.56	16.26	22.07	379.33	6.6	87.77	3.73
1988	321	18.58	16.27	22.19	301.92	2.5	87.67	3.39
1988	322	19.16	16.24	23.04	360.37	1.74	82.42	3.52
1988	323	19.33	16.45	23.33	426.02	1.4	82.05	3.47
1988	324	18.81	15.89	23.3	398.04	0.4	85.17	3.46
1988	325	18.89	16.91	22.18	319.64	14.2	87.74	3.58
1988	326	18.29	16.52	21.89	360.61	8.7	91.68	4.05
1988	327	18.41	16.01	21.81	332.88	3.6	87.89	4.08
1988	328	18.6	16.2	22.59	392.39	9	87.44	3.59
1988	329	18.63	16.17	22.4	319.92	6.8	87.22	2.76
1988	330	18.31	15.64	21.96	339	8.4	89.85	3.28
1988	331	19.47	15.78	24.04	471.51	2.6	77.23	3.81
1988	332	19.07	16.67	23.43	349.55	0	83.95	3.15
1988	333	19.54	16.52	23.98	498.21	0	75.99	3.76
1988	334	19.2	15.46	23.4	483.41	0	72.17	3.74
1988	335	19.08	14.87	23.94	461.96	0	71.36	3.2
1988	336	19.51	14.76	24.39	411.98	0	75.32	3.14
1988	337	19.26	16.65	23.41	401.68	0	82.54	3.88
1988	338	18.98	15.93	23.5	363.5	0	80.18	3.54
1988	339	19.21	15.7	24.03	404.09	0	75.45	2.89
1988	340	19.08	16.36	23.58	383.18	0	79.45	2.86
1988	341	19.16	13.78	24.68	473.77	0	76.59	2.78
1988	342	19.31	14.63	24.83	446.49	0	70.69	2.85
1988	343	18.69	14.4	23.86	398.57	0	78.08	2.72
1988	344	19.39	16.5	23.57	397.26	0.8	80.59	4.16
1988	345	19.18	15.52	23.85	396.18	0.1	80.1	3.6
1988	346	19.24	15	24.28	353.75	0	81.24	2.85
1988	347	19.64	15.87	24.75	349.7	0	82.55	2.64
1988	348	19.65	17.22	23.88	355.75	0.1	85.12	3.01
1988	349	18.97	16.04	22.86	373.16	4.7	87.32	4.19
1988	350	18.27	16.3	21.59	235.59	0	85.91	4.21
1988	351	18.93	15.66	23.38	376.45	0	79.05	3.99
1988	352	18.79	15.6	23.31	400.29	0.1	80.3	3.54
1988	353	19.29	16.03	23.73	350.94	0	76.19	2.57
1988	354	18.81	14.53	23.85	403.15	0	78.18	2.74
1988	355	19.55	15.62	24.47	407.99	0	74.8	3.57
1988	356	19.31	15.92	23.7	323.94	2.2	83.67	3.45
1988	357	18.94	16.36	23.24	309.77	6.7	86.91	3.82
1988	358	20.22	16.91	24.8	409.78	0.7	81.63	3.41
1988	359	20.3	17.16	25.01	417.6	0	83.61	3.95
1988	360	18.96	16.81	22.36	248.07	0.6	86.86	4.58
1988	361	18.91	14.84	23.14	434.42	0	73.13	3.85
1988	362	19.96	15.72	24.86	444.77	0	68.75	3.05
1988	363	20.22	15.6	25.2	410.62	0	77.61	2.63
1988	364	20.21	16.76	25.21	330.63	0	81.03	3.1
1988	365	20.6	17.19	25.44	386.32	0	78.05	2.63
1989	1	19.25	14.12	24.18	280.23	0	62.72	4.63
1989	2	17.98	13.75	23.01	211.09	0.1	72.71	4.88
1989	3	17.25	15.45	20.82	214.32	10.62	87.78	5.48
1989	4	16.94	15.21	19.18	103.83	4.8	89.25	4.65
1989	5	17.62	14.54	21.55	274.51	0.2	77.42	4.38
1989	6	19.42	13.57	24.66	376.05	0	56.91	3.87
1989	7	19.6	14.23	24.56	355.46	0	60.44	4.2
1989	8	19.01	13.81	24.6	361.29	0	73.27	4.48
1989	9	19.48	16.27	24.33	277.82	0	74.98	5.09
1989	10	19.17	15.9	23.54	312.8	0	73.78	4.69
1989	11	19.18	14.34	24.06	300.67	0	70.07	4.13
1989	12	19.84	14.59	25.32	365.58	0	64.35	4.95
1989	13	19.68	13.39	25.11	359.62	0	57.99	4.46
1989	14	19.45	13.8	24.51	341.86	0	57.68	3.85
1989	15	19.78	13.98	24.89	349.03	0	53.19	4.17
1989	16	19.6	14.32	24.98	347.23	0	58.45	4.01
1989	17	19.44	13.62	24.81	280.46	0	61.1	4.05
1989	18	21.2	14.54	27.44	350.85	0	39.06	3.88
1989	19	21.45	15.57	27.25	356.5	0	43.76	3.63
1989	20	20.97	15.4	26.66	353.82	0	53.2	4.18
1989	21	20.88	14.6	26.14	356.25	0	51.04	4.37
1989	22	20.5	16.16	24.79	235.94	0	54.3	4.54
1989	23	20.05	16.04	24.84	262.47	0	65.03	4.02
1989	24	20.01	14.81	25.45	300.24	0	64.15	4.56
1989	25	20.9	14.87	26.58	352.5	0	58.19	4.1
1989	26	18.93	14.78	24.08	340.3	1.72	63.2328	3.64
1989	27	18.93	14.78	24.08	340.3	1.72	63.253312	3.64
1989	28	18.93	14.78	24.08	340.3	1.72	62.87504448	3.64
1989	29	18.93	14.78	24.08	340.3	1.72	61.87884626	3.64
1989	30	18.93	14.78	24.08	340.3	1.72	60.78400011	3.64
1989	31	18.93	14.78	24.08	340.3	1.72	60.11856011	3.64
1989	32	18.93	14.78	24.08	340.3	1.72	60.24690252	3.64
1989	33	18.93	14.78	24.08	340.3	1.72	60.23917862	3.64
1989	34	18.93	14.78	24.08	340.3	1.72	59.71794576	3.64
1989	35	18.93	14.78	24.08	340.3	1.72	59.10746359	3.64
1989	36	18.93	14.78	24.08	340.3	1.72	58.52056214	3.64
1989	37	18.93	14.78	24.08	340.3	1.72	58.05858462	3.64
1989	38	18.93	14.78	24.08	340.3	1.72	57.80692801	3.64
1989	39	18.93	14.78	24.08	340.3	1.72	57.79960513	3.64
1989	40	18.93	14.78	24.08	340.3	1.72	57.80438933	3.64
1989	41	18.93	14.78	24.08	340.3	1.72	57.98896491	3.64
1989	42	18.93	14.78	24.08	340.3	1.72	57.9705235	3.64
1989	43	18.93	14.78	24.08	340.3	1.72	57.84534444	3.64
1989	44	18.93	14.78	24.08	340.3	1.72	58.59675822	3.64
1989	45	18.93	14.78	24.08	340.3	1.72	59.19022855	3.64
1989	46	18.93	14.78	24.08	340.3	1.72	59.42983769	3.64
1989	47	18.93	14.78	24.08	340.3	1.72	59.7654312	3.64
1989	48	18.93	14.78	24.08	340.3	1.72	59.98404845	3.64
1989	49	18.93	14.78	24.08	340.3	1.72	59.78221039	3.64
1989	50	18.93	14.78	24.08	340.3	1.72	59.6074988	3.64
1989	51	18.93	14.78	24.08	340.3	1.72	59.66419875	3.64
1989	52	18.93	14.78	24.08	340.3	1.72	59.5214547	3.64
1989	53	18.93	14.78	24.08	340.3	1.72	59.37218041	3.64
1989	54	18.93	14.78	24.08	340.3	1.72	59.23206585	3.64
1989	55	18.93	14.78	24.08	340.3	1.72	59.12619463	3.64
1989	56	18.93	14.78	24.08	340.3	1.72	59.05988241	3.64
1989	57	18.93	14.78	24.08	340.3	1.72	59.01753531	3.64
1989	58	18.93	14.78	24.08	340.3	1.72	58.96836062	3.64
1989	59	18.93	14.78	24.08	340.3	1.72	58.9175279	3.64
1989	60	18.93	14.78	24.08	352.06	1.72	58.88551118	3.47
1989	61	18.93	14.78	24.08	352.06	1.72	58.87663309	3.47
1989	62	18.93	14.78	24.08	352.06	1.72	58.89087592	3.47
1989	63	18.93	14.78	24.08	352.06	1.72	58.92416758	3.47
1989	64	18.93	14.78	24.08	352.06	1.72	58.96885716	3.47
1989	65	18.93	14.78	24.08	352.06	1.72	59.01562724	3.47
1989	66	18.93	14.78	24.08	352.06	1.72	59.06407676	3.47
1989	67	18.93	14.78	24.08	352.06	1.72	59.10708123	3.47
1989	68	18.93	14.78	24.08	352.06	1.72	59.15254354	3.47
1989	69	18.93	14.78	24.08	352.06	1.72	59.2048315	3.47
1989	70	18.93	14.78	24.08	352.06	1.72	59.22915443	3.47
1989	71	18.93	14.78	24.08	352.06	1.72	59.23071147	3.47
1989	72	18.93	14.78	24.08	352.06	1.72	59.22274642	3.47
1989	73	18.93	14.78	24.08	352.06	1.72	59.20103903	3.47
1989	74	18.93	14.78	24.08	352.06	1.72	59.16971865	3.47
1989	75	18.93	14.78	24.08	352.06	1.72	59.14521898	3.47
1989	76	18.93	14.78	24.08	352.06	1.72	59.12672779	3.47
1989	77	18.93	14.78	24.08	352.06	1.72	59.10522895	3.47
1989	78	18.93	14.78	24.08	352.06	1.72	59.08857992	3.47
1989	79	18.93	14.78	24.08	352.06	1.72	59.0772359	3.47
1989	80	18.93	14.78	24.08	352.06	1.72	59.07104271	3.47
1989	81	18.93	14.78	24.08	352.06	1.72	59.06883663	3.47
1989	82	18.93	14.78	24.08	352.06	1.72	59.0691948	3.47
1989	83	18.93	14.78	24.08	352.06	1.72	59.07126118	3.47
1989	84	18.93	14.78	24.08	352.06	1.72	59.0753772	3.47
1989	85	18.93	14.78	24.08	352.06	1.72	59.08169117	3.47
1989	86	18.93	14.78	24.08	352.06	1.72	59.08953837	3.47
1989	87	18.93	14.78	24.08	352.06	1.72	59.09805458	3.47
1989	88	18.93	14.78	24.08	352.06	1.72	59.10634173	3.47
1989	89	18.93	14.78	24.08	352.06	1.72	59.11362869	3.47
1989	90	18.93	14.78	24.08	352.06	1.72	59.11941956	3.47
1989	91	18.93	14.78	24.08	352.06	1.72	59.12357125	3.47
1989	92	18.93	14.78	24.08	352.06	1.72	59.12595103	3.47
1989	93	18.93	14.78	24.08	352.06	1.72	59.12670582	3.47
1989	94	18.93	14.78	24.08	352.06	1.72	59.12567231	3.47
1989	95	18.93	14.78	24.08	352.06	1.72	59.12250594	3.47
1989	96	18.93	14.78	24.08	352.06	1.72	59.11824	3.47
1989	97	18.93	14.78	24.08	352.06	1.72	59.11374114	3.47
1989	98	18.93	14.78	24.08	352.06	1.72	59.10938093	3.47
1989	99	18.93	14.78	24.08	352.06	1.72	59.10571461	3.47
1989	100	18.93	14.78	24.08	352.06	1.72	59.10315445	3.47
1989	101	18.93	14.78	24.08	352.06	1.72	59.10147187	3.47
1989	102	18.93	14.78	24.08	352.06	1.72	59.10046163	3.47
1989	103	18.93	14.78	24.08	352.06	1.72	59.10027094	3.47
1989	104	18.93	14.78	24.08	352.06	1.72	59.10073858	3.47
1989	105	18.93	14.78	24.08	352.06	1.72	59.10167868	3.47
1989	106	18.93	14.78	24.08	352.06	1.72	59.10290412	3.47
1989	107	18.93	14.78	24.08	352.06	1.72	59.10426682	3.47
1989	108	18.93	14.78	24.08	352.06	1.72	59.1056697	3.47
1989	109	22.3	22.3	22.3	352.06	0	64.7	3.47
1989	110	21.07	17	24.09	352.06	0	71.13	3.74
1989	111	20.16	17.07	25.36	352.06	1	80.23	2.82
1989	112	18.06	16.81	19.59	352.06	17.06	92.29	2.83
1989	113	19.19	15.33	23.64	352.06	0	80.92	2.44
1989	114	20.13	17.32	24.31	352.06	0	81.88	2.65
1989	115	18.92	15.95	22.83	352.06	5.1	86.61	2.42
1989	116	18.55	16.41	22.86	352.06	35	89.17	1.62
1989	117	19.06	15.7	23.06	352.06	0.1	80.9	2.39
1989	118	17.85	16.69	20.08	352.06	11.7	90.83	2.03
1989	119	18.04	15.51	21.49	352.06	0	85.63	2.1
1989	120	18.66	16.79	22.47	352.06	14.3	87.36	2.18
1989	121	18.02	16.16	20.28	352.06	22.6	89.17	2.66
1989	122	18.54	14.62	22.18	352.06	0.6	84.6	2.64
1989	123	18.27	16.54	21.52	352.06	0.1	89.09	3.64
1989	124	18.61	15.12	23.36	352.06	0	83.58	1.96
1989	125	18.67	14.48	23.52	352.06	0	82.14	2.29
1989	126	18.86	15.23	23.42	352.06	0	82.42	2.8
1989	127	18.79	15.61	23.07	352.06	0	83.04	2.71
1989	128	19.09	15.8	23.44	352.06	0	81.1	2.44
1989	129	18.17	16.24	21.58	352.06	0.1	86.29	3.69
1989	130	18.56	16.06	22.68	352.06	0	81.82	3.32
1989	131	18.15	15.1	22.15	352.06	0	82.4	3.2
1989	132	18.06	14.02	23.32	352.06	0	80.69	2.41
1989	133	19.24	15.48	24.25	352.06	0	80.52	2.45
1989	134	19.23	16.33	24.04	352.06	0	79.02	3.41
1989	135	18.59	14.77	23.4	352.06	0	80.56	2.58
1989	136	18.6	14.35	23.74	352.06	0	75.81	2.95
1989	137	19.07	15.98	23.06	352.06	0	78.16	2.98
1989	138	18.29	13.91	22.89	352.06	0	81.01	2.73
1989	139	18.37	14.63	23.8	352.06	0	79.61	2.45
1989	140	19.41	13.13	26.12	352.06	0	72.85	2.35
1989	141	19.27	13.3	24.7	352.06	0	73.65	2.67
1989	142	19.83	15.97	25.45	352.06	0	76.68	2.49
1989	143	19.78	16.04	24.78	352.06	0	77.59	3.21
1989	144	18.99	14.96	23.77	352.06	0	73.95	3.17
1989	145	19.11	14.58	23.87	352.06	0	72.29	3.33
1989	146	18	14.1	22.59	352.06	0	75.42	3.35
1989	147	16.64	12.72	21.05	352.06	0.3	82.01	3.15
1989	148	17.5	14.02	22.45	352.06	0.1	80.72	3.26
1989	149	16.53	14.07	19.75	352.06	2.6	89.1	3.74
1989	150	17.26	13.76	20.82	352.06	0	82.09	2.58
1989	151	18.19	15.48	23.03	165.37	0	78.43	2.52
1989	152	19.1	14.83	24.04	252.18	0	74.88	3.37
1989	153	19.11	15.58	23.99	273.08	2.6	76.13	3.6
1989	154	18	14.69	22.03	69.78	0	80.43	3.46
1989	155	17.66	13.89	22.83	199.47	0	79.68	3.11
1989	156	19.15	14.11	24.66	306.03	0	72.1	2.52
1989	157	18.83	15.25	23.88	200.96	0.2	76.26	3.01
1989	158	18.95	13.44	24.91	360.35	0	62.02	2.54
1989	159	19.36	12.31	26.04	365.95	0	64.25	2.55
1989	160	18.79	15.88	23.8	229.63	0	75.18	3.93
1989	161	18.3	13.62	24.32	251.44	0	74.56	2.85
1989	162	19.59	14.98	24.61	351.39	0	63.15	2.73
1989	163	19.64	14.92	24.48	241.6	0.2	63.95	2.52
1989	164	17.84	13.52	22.29	190.26	0	74.48	2.64
1989	165	18.81	14.98	25.01	245.06	0	78.03	2.24
1989	166	17.89	14.88	21.55	141.38	0	77.07	2.1
1989	167	18.54	14.65	23.95	188.56	0	74.76	2.65
1989	168	16.83	14.59	19.37	54.07	0	80.78	3.03
1989	169	17.38	13.35	22.42	172.24	0	74.23	2.81
1989	170	17.84	12.97	22.96	224.37	0	73.04	2.49
1989	171	18.42	14.65	22.7	138.18	0	77.27	2.83
1989	172	17.83	15.91	20.93	191.66	0	79.93	3.14
1989	173	17.11	14.77	20.05	117.71	0	78.53	2.92
1989	174	16.87	15.44	18.65	61.62	0	81.36	3.27
1989	175	17.72	14.23	22.8	198.47	0	69.59	2.7
1989	176	18.16	13.41	24.21	249.27	0	60.96	2.39
1989	177	16.67	13.5	21.31	115.2	0	76.59	2.67
1989	178	16.59	13.91	20.48	94.91	0	79.69	2.63
1989	179	17.33	12.34	22.77	236.09	0	73.82	2.46
1989	180	16.34	13.54	19.66	114.41	0	79.4	2.51
1989	181	17.5	14.71	21.1	109.4	0	75.77	3.1
1989	182	17.09	14.5	20.39	26.13	0	79.28	3.5
1989	183	16.91	14.71	19.95	85.05	0	75.76	3.45
1989	184	17.14	13.46	21.06	61.39	0	73.3	3.53
1989	185	16.5	13.97	19.82	167.11	0	73.98	3.97
1989	186	15.27	12.43	18.94	12.18	0	79.14	2.19
1989	187	18.06	15.84	19.51	95.63	0	66.31	4.78
1989	188	16.23	14.2	18.34	100.56	0	71.89	4.13
1989	189	16.26	12.37	20.81	159.02	0	72.12	3.26
1989	190	16.77	11.2	23.56	248.11	0	72.19	2.32
1989	191	18.69	10.53	26.26	315.31	0	65.96	2.48
1989	192	18.73	13.05	25.43	289.71	0	67.15	2.61
1989	193	16.82	13.68	20.29	189.55	0	74.61	3
1989	194	16.93	12.67	20.86	192.7	0	72.44	3.07
1989	195	18.08	13.39	23.37	212.77	0	65.2	3.12
1989	196	17.13	12.58	22.48	132.91	0	70.3	2.48
1989	197	16.52	12.53	20.62	203.16	0	72.56	2.49
1989	198	15.86	11.93	19.8	67.65	0	73.96	2.59
1989	199	16.31	12.25	21.51	91.4	0	71.79	3.25
1989	200	16.74	12.41	21.45	65.78	0	73.66	2.79
1989	201	18.82	12.14	25.91	312.23	0	61.97	2.95
1989	202	18.53	13.18	24.25	317.92	0	62.06	3.24
1989	203	17.85	14.49	22.47	64.01	0	70.11	3.15
1989	204	17.62	14.85	21.88	183.78	0	74.82	3.76
1989	205	17.38	13.13	21.38	87.99	0	73.91	2.7
1989	206	18.01	15.6	22.06	164.12	0	74.49	3.37
1989	207	16.77	14.22	22.16	164.8	0	75.2	3.05
1989	208	16.96	12.3	21.48	97.12	0	71.97	2.7
1989	209	16.78	14.6	20.27	100.08	0	75.65	3.99
1989	210	16.67	13.6	21.41	84.46	0	77.88	2.76
1989	211	17.75	12.74	24.26	309.83	0	75.95	2.78
1989	212	18.63	12.91	25.69	320.4	0	71.32	2.99
1989	213	17.26	14.02	21.61	108.1	0	75.7	3.71
1989	214	17.03	13.91	20.32	245.22	0.1	76.65	5.05
1989	215	15.78	15.4	16.35	340.3	0	84.12	3.86
1989	216	18.93	14.78	24.08	340.3	1.72	77.88	3.64
1989	217	18.93	14.78	24.08	340.3	1.72	75.95	3.64
1989	218	18.93	14.78	24.08	340.3	1.72	71.32	3.64
1989	219	18.93	14.78	24.08	340.3	1.72	75.7	3.64
1989	220	19.19	16.1	22.77	340.3	0	60.43	3.98
1989	221	16.3	14.35	19.47	99.72	1.5	82.14	3.25
1989	222	17.41	14.54	21.9	340.3	0	74.2	3.32
1989	223	17.26	13.47	21.84	340.3	0	70.81	2.72
1989	224	16.43	11.83	22.03	340.3	0	69.39	2.8
1989	225	17.57	11.74	23.44	340.3	0	67.25	3.53
1989	226	18.23	12.32	24.09	340.3	0	66.17	3.32
1989	227	19.11	13.96	24.68	340.3	0	69.91	3.56
1989	228	18.74	15.68	22.93	340.3	0	69.27	3.69
1989	229	18.19	14.99	22.6	340.3	0	70.44	3.82
1989	230	17.99	14.35	23.52	340.3	0	68.34	4.51
1989	231	18.84	13.73	25.12	340.3	0	60.16	3.04
1989	232	19.25	12.04	25.81	340.3	0	51.77	3.25
1989	233	19.13	12.72	24.83	340.3	0	55.64	3.8
1989	234	20.08	15.13	25.93	340.3	0	60.22	3.34
1989	235	18.24	12.75	24.9	278.29	0	66.35	3.65
1989	236	18.13	13.52	24.14	286.17	0	67.29	3.42
1989	237	18.43	12.48	24.75	339.26	0	67.22	3.85
1989	238	19.73	14.79	25.96	370.39	0	61.21	3.94
1989	239	19.43	14.24	26.09	348.37	0	62.14	3.64
1989	240	18.38	14.17	23.01	204.73	0	66.11	4.3
1989	241	18.08	13.66	22.52	203.21	0	65.33	4.51
1989	242	18.02	15.12	21.84	184.28	0	72.23	4.32
1989	243	18.07	15.24	22.71	132.61	0	72.33	3.66
1989	244	18.87	15.46	23.51	134.25	0	70.98	3.71
1989	245	18.68	15.53	23.49	177.46	0	71.85	3.22
1989	246	18.9	12.73	25.89	309.28	0	65.73	3.63
1989	247	18.78	14.35	24.48	183.69	0	65.77	3.56
1989	248	19.63	13.74	25.63	239.41	0	65.78	3.22
1989	249	20.42	13.62	26.98	276.93	0	59.99	2.42
1989	250	18.55	15.47	24.24	183.01	23.2	79.81	2.36
1989	251	17.83	15.35	20.88	216.31	1.5	84.97	3.37
1989	252	17.63	15.18	20.3	237.69	0	79.53	3.56
1989	253	18.7	13.12	24.8	304.84	0	69.46	3.47
1989	254	19.63	15.06	25.4	286.39	0	68.96	3.1
1989	255	20.1	15.27	26.39	311.18	0	70.71	2.69
1989	256	18.54	15.58	23.43	212.37	0	78.29	3.58
1989	257	19.3	15.09	24.61	303.08	0	61.66	4.59
1989	258	18.25	15.11	22.31	305.08	0	70.57	3.47
1989	259	19.19	13.58	25.41	335.8	0	67.65	3.06
1989	260	20.08	15.78	27.18	352.88	7.9	69.76	3.16
1989	261	19.27	15.2	24.9	296.61	0	71.05	3.53
1989	262	19.43	14.03	24.85	321.49	0	70.28	3.57
1989	263	20.13	15.04	27.25	425.01	0	68.7	2.81
1989	264	20.11	14.46	26.74	335.61	0	68.67	3.61
1989	265	20.33	15.96	25.85	292.61	0	63.45	4.06
1989	266	19.54	15.6	24.75	214.41	0	65.68	4.21
1989	267	18.87	16.08	24.31	306.57	0	72.24	4.2
1989	268	20.51	14.71	27.22	310.98	0	58.63	3.17
1989	269	20.23	13.96	27.28	291.16	0	64.9	2.78
1989	270	20.27	14.8	26.27	303.74	0	67.24	3.51
1989	271	18.89	16.03	22.69	79.8	0	71.98	3.83
1989	272	19.89	13.95	26.59	315.98	0	67.54	3.7
1989	273	19.74	15.23	26.4	221.85	0	71.17	4.05
1989	274	20.87	16.39	27.58	279.48	0	66.11	3.52
1989	275	20.79	14.59	27.58	290.74	0	61.65	3.22
1989	276	18.98	12.25	25.45	355.89	0	61.51	3.36
1989	277	17.97	16.28	21.07	340.3	0	79.37	4.62
1989	278	18.71	15.17	23.32	340.3	0.1	73.05	3.82
1989	279	20.09	15.8	26.43	340.3	0	67.62	4.09
1989	280	20.12	14.92	26.08	340.3	0	59.02	3.57
1989	281	20.74	13.07	27.9	340.3	0	56.38	3.34
1989	282	21.15	14.46	27.94	340.3	0	61.27	4.24
1989	283	20.8	16.31	27.4	340.3	0	66.42	5.2
1989	284	20.65	14.57	26.53	340.3	0	61.27	4.42
1989	285	21.22	14.61	27.95	29.44	0	58.16	4.01
1989	286	22.07	14.44	29.04	427.23	0	57.17	3.61
1989	287	22.09	16.24	28.14	428.3	0	64.39	5.2
1989	288	21.94	17.65	27.56	348.26	0	67.16	5.57
1989	289	20.65	16.41	25.56	391.86	0.5	73	4.75
1989	290	20.59	17	26.7	287.02	0.1	72.18	3.44
1989	291	21.14	17.4	25.88	391.89	0	71.74	4.22
1989	292	19.67	16.88	24.57	333	0.9	79.34	4.75
1989	293	19.63	14.75	24.34	333.2	0	70.86	3.97
1989	294	20.13	15.77	25.43	317.38	0	68.67	4.18
1989	295	21.29	16.21	26.31	335.48	0	56.17	3.38
1989	296	20.92	15.51	26.96	386.79	0	56.58	3.52
1989	297	21.26	15.27	26.84	361.83	0	62.73	3.41
1989	298	21.43	17.08	26.31	373.89	0	67.31	4.54
1989	299	19.75	16.89	24.27	302.02	1.9	76.47	4.64
1989	300	19.99	16.11	24.47	275.17	0	70.49	3.55
1989	301	20.44	15.29	26.18	299.92	0	67.55	3.87
1989	302	20.44	16.2	25.09	293.17	0	66.86	3.74
1989	303	19.84	16.07	25.11	320.12	0	72.71	4.13
1989	304	19.58	16.66	24.13	286.44	4.5	78.4	4.26
1989	305	20.19	15.98	25.04	301.58	0	72.37	3.77
1989	306	18.89	16.55	22.21	304.4	32.9	85.22	3.63
1989	307	18.28	16.62	22.5	326.5	8.3	88.67	3.3
1989	308	18.22	15.53	21.34	294.16	8.6	84.66	3.2
1989	309	18.8	16.42	23.16	313	7.2	85.41	3
1989	310	19.32	16.17	24.13	442.3	28.39	81.98	3.32
1989	311	19.12	15.6	23.81	471.37	35.8	82.53	2.9
1989	312	18.59	16.89	21.94	329.38	3.1	88.16	3.48
1989	313	19.14	15.53	23.06	388.75	0	78.03	3.7
1989	314	18.8	16.01	22.5	265.7	17.8	85.21	3.72
1989	315	18.04	15.14	21.42	278.59	11.1	87.17	4.04
1989	316	18.82	16.5	23.13	342.78	4.4	86.05	3.73
1989	317	18.97	16.48	22.72	418.36	3.9	87.41	4.58
1989	318	18.57	16.33	23.09	332.43	22.2	89.79	2.51
1989	319	18.42	16.63	22.5	327.11	5.7	89.16	3.26
1989	320	18.56	16.26	22.07	379.33	6.6	87.77	3.73
1989	321	18.58	16.27	22.19	301.92	2.5	87.67	3.39
1989	322	19.16	16.24	23.04	360.37	1.74	82.42	3.52
1989	323	19.33	16.45	23.33	426.02	1.4	82.05	3.47
1989	324	18.81	15.89	23.3	398.04	0.4	85.17	3.46
1989	325	18.89	16.91	22.18	319.64	14.2	87.74	3.58
1989	326	18.29	16.52	21.89	360.61	8.7	91.68	4.05
1989	327	18.41	16.01	21.81	332.88	3.6	87.89	4.08
1989	328	18.6	16.2	22.59	392.39	9	87.44	3.59
1989	329	18.63	16.17	22.4	319.92	6.8	87.22	2.76
1989	330	18.31	15.64	21.96	339	8.4	89.85	3.28
1989	331	19.47	15.78	24.04	471.51	2.6	77.23	3.81
1989	332	19.07	16.67	23.43	349.55	0	83.95	3.15
1989	333	19.54	16.52	23.98	498.21	0	75.99	3.76
1989	334	19.2	15.46	23.4	483.41	0	72.17	3.74
1989	335	19.08	14.87	23.94	461.96	0	71.36	3.2
1989	336	19.51	14.76	24.39	411.98	0	75.32	3.14
1989	337	19.26	16.65	23.41	401.68	0	82.54	3.88
1989	338	18.98	15.93	23.5	363.5	0	80.18	3.54
1989	339	19.21	15.7	24.03	404.09	0	75.45	2.89
1989	340	19.08	16.36	23.58	383.18	0	79.45	2.86
1989	341	19.16	13.78	24.68	473.77	0	76.59	2.78
1989	342	19.31	14.63	24.83	446.49	0	70.69	2.85
1989	343	18.69	14.4	23.86	398.57	0	78.08	2.72
1989	344	19.39	16.5	23.57	397.26	0.8	80.59	4.16
1989	345	19.18	15.52	23.85	396.18	0.1	80.1	3.6
1989	346	19.24	15	24.28	353.75	0	81.24	2.85
1989	347	19.64	15.87	24.75	349.7	0	82.55	2.64
1989	348	19.65	17.22	23.88	355.75	0.1	85.12	3.01
1989	349	18.97	16.04	22.86	373.16	4.7	87.32	4.19
1989	350	18.27	16.3	21.59	235.59	0	85.91	4.21
1989	351	18.93	15.66	23.38	376.45	0	79.05	3.99
1989	352	18.79	15.6	23.31	400.29	0.1	80.3	3.54
1989	353	19.29	16.03	23.73	350.94	0	76.19	2.57
1989	354	18.81	14.53	23.85	403.15	0	78.18	2.74
1989	355	19.55	15.62	24.47	407.99	0	74.8	3.57
1989	356	19.31	15.92	23.7	323.94	2.2	83.67	3.45
1989	357	18.94	16.36	23.24	309.77	6.7	86.91	3.82
1989	358	20.22	16.91	24.8	409.78	0.7	81.63	3.41
1989	359	20.3	17.16	25.01	417.6	0	83.61	3.95
1989	360	18.96	16.81	22.36	248.07	0.6	86.86	4.58
1989	361	18.91	14.84	23.14	434.42	0	73.13	3.85
1989	362	19.96	15.72	24.86	444.77	0	68.75	3.05
1989	363	20.22	15.6	25.2	410.62	0	77.61	2.63
1989	364	20.21	16.76	25.21	330.63	0	81.03	3.1
1989	365	20.6	17.19	25.44	386.32	0	78.05	2.63
1990	1	19.25	14.12	24.18	280.23	0	62.72	4.63
1990	2	17.98	13.75	23.01	211.09	0.1	72.71	4.88
1990	3	17.25	15.45	20.82	214.32	10.62	87.78	5.48
1990	4	16.94	15.21	19.18	103.83	4.8	89.25	4.65
1990	5	17.62	14.54	21.55	274.51	0.2	77.42	4.38
1990	6	19.42	13.57	24.66	376.05	0	56.91	3.87
1990	7	19.6	14.23	24.56	355.46	0	60.44	4.2
1990	8	19.01	13.81	24.6	361.29	0	73.27	4.48
1990	9	19.48	16.27	24.33	277.82	0	74.98	5.09
1990	10	19.17	15.9	23.54	312.8	0	73.78	4.69
1990	11	19.18	14.34	24.06	300.67	0	70.07	4.13
1990	12	19.84	14.59	25.32	365.58	0	64.35	4.95
1990	13	19.68	13.39	25.11	359.62	0	57.99	4.46
1990	14	19.45	13.8	24.51	341.86	0	57.68	3.85
1990	15	19.78	13.98	24.89	349.03	0	53.19	4.17
1990	16	19.6	14.32	24.98	347.23	0	58.45	4.01
1990	17	19.44	13.62	24.81	280.46	0	61.1	4.05
1990	18	21.2	14.54	27.44	350.85	0	39.06	3.88
1990	19	21.45	15.57	27.25	356.5	0	43.76	3.63
1990	20	20.97	15.4	26.66	353.82	0	53.2	4.18
1990	21	20.88	14.6	26.14	356.25	0	51.04	4.37
1990	22	20.5	16.16	24.79	235.94	0	54.3	4.54
1990	23	20.05	16.04	24.84	262.47	0	65.03	4.02
1990	24	20.01	14.81	25.45	300.24	0	64.15	4.56
1990	25	20.9	14.87	26.58	352.5	0	58.19	4.1
1990	26	18.93	14.78	24.08	340.3	1.72	63.2328	3.64
1990	27	18.93	14.78	24.08	340.3	1.72	63.253312	3.64
1990	28	18.93	14.78	24.08	340.3	1.72	62.87504448	3.64
1990	29	18.93	14.78	24.08	340.3	1.72	61.87884626	3.64
1990	30	18.93	14.78	24.08	340.3	1.72	60.78400011	3.64
1990	31	18.93	14.78	24.08	340.3	1.72	60.11856011	3.64
1990	32	18.93	14.78	24.08	340.3	1.72	60.24690252	3.64
1990	33	18.93	14.78	24.08	340.3	1.72	60.23917862	3.64
1990	34	18.93	14.78	24.08	340.3	1.72	59.71794576	3.64
1990	35	18.93	14.78	24.08	340.3	1.72	59.10746359	3.64
1990	36	18.93	14.78	24.08	340.3	1.72	58.52056214	3.64
1990	37	18.93	14.78	24.08	340.3	1.72	58.05858462	3.64
1990	38	18.93	14.78	24.08	340.3	1.72	57.80692801	3.64
1990	39	18.93	14.78	24.08	340.3	1.72	57.79960513	3.64
1990	40	18.93	14.78	24.08	340.3	1.72	57.80438933	3.64
1990	41	18.93	14.78	24.08	340.3	1.72	57.98896491	3.64
1990	42	18.93	14.78	24.08	340.3	1.72	57.9705235	3.64
1990	43	18.93	14.78	24.08	340.3	1.72	57.84534444	3.64
1990	44	18.93	14.78	24.08	340.3	1.72	58.59675822	3.64
1990	45	18.93	14.78	24.08	340.3	1.72	59.19022855	3.64
1990	46	18.93	14.78	24.08	340.3	1.72	59.42983769	3.64
1990	47	18.93	14.78	24.08	340.3	1.72	59.7654312	3.64
1990	48	18.93	14.78	24.08	340.3	1.72	59.98404845	3.64
1990	49	18.93	14.78	24.08	340.3	1.72	59.78221039	3.64
1990	50	18.93	14.78	24.08	340.3	1.72	59.6074988	3.64
1990	51	18.93	14.78	24.08	340.3	1.72	59.66419875	3.64
1990	52	18.93	14.78	24.08	340.3	1.72	59.5214547	3.64
1990	53	18.93	14.78	24.08	340.3	1.72	59.37218041	3.64
1990	54	18.93	14.78	24.08	340.3	1.72	59.23206585	3.64
1990	55	18.93	14.78	24.08	340.3	1.72	59.12619463	3.64
1990	56	18.93	14.78	24.08	340.3	1.72	59.05988241	3.64
1990	57	18.93	14.78	24.08	340.3	1.72	59.01753531	3.64
1990	58	18.93	14.78	24.08	340.3	1.72	58.96836062	3.64
1990	59	18.93	14.78	24.08	340.3	1.72	58.9175279	3.64
1990	60	18.93	14.78	24.08	352.06	1.72	58.88551118	3.47
1990	61	18.93	14.78	24.08	352.06	1.72	58.87663309	3.47
1990	62	18.93	14.78	24.08	352.06	1.72	58.89087592	3.47
1990	63	18.93	14.78	24.08	352.06	1.72	58.92416758	3.47
1990	64	18.93	14.78	24.08	352.06	1.72	58.96885716	3.47
1990	65	18.93	14.78	24.08	352.06	1.72	59.01562724	3.47
1990	66	18.93	14.78	24.08	352.06	1.72	59.06407676	3.47
1990	67	18.93	14.78	24.08	352.06	1.72	59.10708123	3.47
1990	68	18.93	14.78	24.08	352.06	1.72	59.15254354	3.47
1990	69	18.93	14.78	24.08	352.06	1.72	59.2048315	3.47
1990	70	18.93	14.78	24.08	352.06	1.72	59.22915443	3.47
1990	71	18.93	14.78	24.08	352.06	1.72	59.23071147	3.47
1990	72	18.93	14.78	24.08	352.06	1.72	59.22274642	3.47
1990	73	18.93	14.78	24.08	352.06	1.72	59.20103903	3.47
1990	74	18.93	14.78	24.08	352.06	1.72	59.16971865	3.47
1990	75	18.93	14.78	24.08	352.06	1.72	59.14521898	3.47
1990	76	18.93	14.78	24.08	352.06	1.72	59.12672779	3.47
1990	77	18.93	14.78	24.08	352.06	1.72	59.10522895	3.47
1990	78	18.93	14.78	24.08	352.06	1.72	59.08857992	3.47
1990	79	18.93	14.78	24.08	352.06	1.72	59.0772359	3.47
1990	80	18.93	14.78	24.08	352.06	1.72	59.07104271	3.47
1990	81	18.93	14.78	24.08	352.06	1.72	59.06883663	3.47
1990	82	18.93	14.78	24.08	352.06	1.72	59.0691948	3.47
1990	83	18.93	14.78	24.08	352.06	1.72	59.07126118	3.47
1990	84	18.93	14.78	24.08	352.06	1.72	59.0753772	3.47
1990	85	18.93	14.78	24.08	352.06	1.72	59.08169117	3.47
1990	86	18.93	14.78	24.08	352.06	1.72	59.08953837	3.47
1990	87	18.93	14.78	24.08	352.06	1.72	59.09805458	3.47
1990	88	18.93	14.78	24.08	352.06	1.72	59.10634173	3.47
1990	89	18.93	14.78	24.08	352.06	1.72	59.11362869	3.47
1990	90	18.93	14.78	24.08	352.06	1.72	59.11941956	3.47
1990	91	18.93	14.78	24.08	352.06	1.72	59.12357125	3.47
1990	92	18.93	14.78	24.08	352.06	1.72	59.12595103	3.47
1990	93	18.93	14.78	24.08	352.06	1.72	59.12670582	3.47
1990	94	18.93	14.78	24.08	352.06	1.72	59.12567231	3.47
1990	95	18.93	14.78	24.08	352.06	1.72	59.12250594	3.47
1990	96	18.93	14.78	24.08	352.06	1.72	59.11824	3.47
1990	97	18.93	14.78	24.08	352.06	1.72	59.11374114	3.47
1990	98	18.93	14.78	24.08	352.06	1.72	59.10938093	3.47
1990	99	18.93	14.78	24.08	352.06	1.72	59.10571461	3.47
1990	100	18.93	14.78	24.08	352.06	1.72	59.10315445	3.47
1990	101	18.93	14.78	24.08	352.06	1.72	59.10147187	3.47
1990	102	18.93	14.78	24.08	352.06	1.72	59.10046163	3.47
1990	103	18.93	14.78	24.08	352.06	1.72	59.10027094	3.47
1990	104	18.93	14.78	24.08	352.06	1.72	59.10073858	3.47
1990	105	18.93	14.78	24.08	352.06	1.72	59.10167868	3.47
1990	106	18.93	14.78	24.08	352.06	1.72	59.10290412	3.47
1990	107	18.93	14.78	24.08	352.06	1.72	59.10426682	3.47
1990	108	18.93	14.78	24.08	352.06	1.72	59.1056697	3.47
1990	109	22.3	22.3	22.3	352.06	0	64.7	3.47
1990	110	21.07	17	24.09	352.06	0	71.13	3.74
1990	111	20.16	17.07	25.36	352.06	1	80.23	2.82
1990	112	18.06	16.81	19.59	352.06	17.06	92.29	2.83
1990	113	19.19	15.33	23.64	352.06	0	80.92	2.44
1990	114	20.13	17.32	24.31	352.06	0	81.88	2.65
1990	115	18.92	15.95	22.83	352.06	5.1	86.61	2.42
1990	116	18.55	16.41	22.86	352.06	35	89.17	1.62
1990	117	19.06	15.7	23.06	352.06	0.1	80.9	2.39
1990	118	17.85	16.69	20.08	352.06	11.7	90.83	2.03
1990	119	18.04	15.51	21.49	352.06	0	85.63	2.1
1990	120	18.66	16.79	22.47	352.06	14.3	87.36	2.18
1990	121	18.02	16.16	20.28	352.06	22.6	89.17	2.66
1990	122	18.54	14.62	22.18	352.06	0.6	84.6	2.64
1990	123	18.27	16.54	21.52	352.06	0.1	89.09	3.64
1990	124	18.61	15.12	23.36	352.06	0	83.58	1.96
1990	125	18.67	14.48	23.52	352.06	0	82.14	2.29
1990	126	18.86	15.23	23.42	352.06	0	82.42	2.8
1990	127	18.79	15.61	23.07	352.06	0	83.04	2.71
1990	128	19.09	15.8	23.44	352.06	0	81.1	2.44
1990	129	18.17	16.24	21.58	352.06	0.1	86.29	3.69
1990	130	18.56	16.06	22.68	352.06	0	81.82	3.32
1990	131	18.15	15.1	22.15	352.06	0	82.4	3.2
1990	132	18.06	14.02	23.32	352.06	0	80.69	2.41
1990	133	19.24	15.48	24.25	352.06	0	80.52	2.45
1990	134	19.23	16.33	24.04	352.06	0	79.02	3.41
1990	135	18.59	14.77	23.4	352.06	0	80.56	2.58
1990	136	18.6	14.35	23.74	352.06	0	75.81	2.95
1990	137	19.07	15.98	23.06	352.06	0	78.16	2.98
1990	138	18.29	13.91	22.89	352.06	0	81.01	2.73
1990	139	18.37	14.63	23.8	352.06	0	79.61	2.45
1990	140	19.41	13.13	26.12	352.06	0	72.85	2.35
1990	141	19.27	13.3	24.7	352.06	0	73.65	2.67
1990	142	19.83	15.97	25.45	352.06	0	76.68	2.49
1990	143	19.78	16.04	24.78	352.06	0	77.59	3.21
1990	144	18.99	14.96	23.77	352.06	0	73.95	3.17
1990	145	19.11	14.58	23.87	352.06	0	72.29	3.33
1990	146	18	14.1	22.59	352.06	0	75.42	3.35
1990	147	16.64	12.72	21.05	352.06	0.3	82.01	3.15
1990	148	17.5	14.02	22.45	352.06	0.1	80.72	3.26
1990	149	16.53	14.07	19.75	352.06	2.6	89.1	3.74
1990	150	17.26	13.76	20.82	352.06	0	82.09	2.58
1990	151	18.19	15.48	23.03	165.37	0	78.43	2.52
1990	152	19.1	14.83	24.04	252.18	0	74.88	3.37
1990	153	19.11	15.58	23.99	273.08	2.6	76.13	3.6
1990	154	18	14.69	22.03	69.78	0	80.43	3.46
1990	155	17.66	13.89	22.83	199.47	0	79.68	3.11
1990	156	19.15	14.11	24.66	306.03	0	72.1	2.52
1990	157	18.83	15.25	23.88	200.96	0.2	76.26	3.01
1990	158	18.95	13.44	24.91	360.35	0	62.02	2.54
1990	159	19.36	12.31	26.04	365.95	0	64.25	2.55
1990	160	18.79	15.88	23.8	229.63	0	75.18	3.93
1990	161	18.3	13.62	24.32	251.44	0	74.56	2.85
1990	162	19.59	14.98	24.61	351.39	0	63.15	2.73
1990	163	19.64	14.92	24.48	241.6	0.2	63.95	2.52
1990	164	17.84	13.52	22.29	190.26	0	74.48	2.64
1990	165	18.81	14.98	25.01	245.06	0	78.03	2.24
1990	166	17.89	14.88	21.55	141.38	0	77.07	2.1
1990	167	18.54	14.65	23.95	188.56	0	74.76	2.65
1990	168	16.83	14.59	19.37	54.07	0	80.78	3.03
1990	169	17.38	13.35	22.42	172.24	0	74.23	2.81
1990	170	17.84	12.97	22.96	224.37	0	73.04	2.49
1990	171	18.42	14.65	22.7	138.18	0	77.27	2.83
1990	172	17.83	15.91	20.93	191.66	0	79.93	3.14
1990	173	17.11	14.77	20.05	117.71	0	78.53	2.92
1990	174	16.87	15.44	18.65	61.62	0	81.36	3.27
1990	175	17.72	14.23	22.8	198.47	0	69.59	2.7
1990	176	18.16	13.41	24.21	249.27	0	60.96	2.39
1990	177	16.67	13.5	21.31	115.2	0	76.59	2.67
1990	178	16.59	13.91	20.48	94.91	0	79.69	2.63
1990	179	17.33	12.34	22.77	236.09	0	73.82	2.46
1990	180	16.34	13.54	19.66	114.41	0	79.4	2.51
1990	181	17.5	14.71	21.1	109.4	0	75.77	3.1
1990	182	17.09	14.5	20.39	26.13	0	79.28	3.5
1990	183	16.91	14.71	19.95	85.05	0	75.76	3.45
1990	184	17.14	13.46	21.06	61.39	0	73.3	3.53
1990	185	16.5	13.97	19.82	167.11	0	73.98	3.97
1990	186	15.27	12.43	18.94	12.18	0	79.14	2.19
1990	187	18.06	15.84	19.51	95.63	0	66.31	4.78
1990	188	16.23	14.2	18.34	100.56	0	71.89	4.13
1990	189	16.26	12.37	20.81	159.02	0	72.12	3.26
1990	190	16.77	11.2	23.56	248.11	0	72.19	2.32
1990	191	18.69	10.53	26.26	315.31	0	65.96	2.48
1990	192	18.73	13.05	25.43	289.71	0	67.15	2.61
1990	193	16.82	13.68	20.29	189.55	0	74.61	3
1990	194	16.93	12.67	20.86	192.7	0	72.44	3.07
1990	195	18.08	13.39	23.37	212.77	0	65.2	3.12
1990	196	17.13	12.58	22.48	132.91	0	70.3	2.48
1990	197	16.52	12.53	20.62	203.16	0	72.56	2.49
1990	198	15.86	11.93	19.8	67.65	0	73.96	2.59
1990	199	16.31	12.25	21.51	91.4	0	71.79	3.25
1990	200	16.74	12.41	21.45	65.78	0	73.66	2.79
1990	201	18.82	12.14	25.91	312.23	0	61.97	2.95
1990	202	18.53	13.18	24.25	317.92	0	62.06	3.24
1990	203	17.85	14.49	22.47	64.01	0	70.11	3.15
1990	204	17.62	14.85	21.88	183.78	0	74.82	3.76
1990	205	17.38	13.13	21.38	87.99	0	73.91	2.7
1990	206	18.01	15.6	22.06	164.12	0	74.49	3.37
1990	207	16.77	14.22	22.16	164.8	0	75.2	3.05
1990	208	16.96	12.3	21.48	97.12	0	71.97	2.7
1990	209	16.78	14.6	20.27	100.08	0	75.65	3.99
1990	210	16.67	13.6	21.41	84.46	0	77.88	2.76
1990	211	17.75	12.74	24.26	309.83	0	75.95	2.78
1990	212	18.63	12.91	25.69	320.4	0	71.32	2.99
1990	213	17.26	14.02	21.61	108.1	0	75.7	3.71
1990	214	17.03	13.91	20.32	245.22	0.1	76.65	5.05
1990	215	15.78	15.4	16.35	340.3	0	84.12	3.86
1990	216	18.93	14.78	24.08	340.3	1.72	77.88	3.64
1990	217	18.93	14.78	24.08	340.3	1.72	75.95	3.64
1990	218	18.93	14.78	24.08	340.3	1.72	71.32	3.64
1990	219	18.93	14.78	24.08	340.3	1.72	75.7	3.64
1990	220	19.19	16.1	22.77	340.3	0	60.43	3.98
1990	221	16.3	14.35	19.47	99.72	1.5	82.14	3.25
1990	222	17.41	14.54	21.9	340.3	0	74.2	3.32
1990	223	17.26	13.47	21.84	340.3	0	70.81	2.72
1990	224	16.43	11.83	22.03	340.3	0	69.39	2.8
1990	225	17.57	11.74	23.44	340.3	0	67.25	3.53
1990	226	18.23	12.32	24.09	340.3	0	66.17	3.32
1990	227	19.11	13.96	24.68	340.3	0	69.91	3.56
1990	228	18.74	15.68	22.93	340.3	0	69.27	3.69
1990	229	18.19	14.99	22.6	340.3	0	70.44	3.82
1990	230	17.99	14.35	23.52	340.3	0	68.34	4.51
1990	231	18.84	13.73	25.12	340.3	0	60.16	3.04
1990	232	19.25	12.04	25.81	340.3	0	51.77	3.25
1990	233	19.13	12.72	24.83	340.3	0	55.64	3.8
1990	234	20.08	15.13	25.93	340.3	0	60.22	3.34
1990	235	18.24	12.75	24.9	278.29	0	66.35	3.65
1990	236	18.13	13.52	24.14	286.17	0	67.29	3.42
1990	237	18.43	12.48	24.75	339.26	0	67.22	3.85
1990	238	19.73	14.79	25.96	370.39	0	61.21	3.94
1990	239	19.43	14.24	26.09	348.37	0	62.14	3.64
1990	240	18.38	14.17	23.01	204.73	0	66.11	4.3
1990	241	18.08	13.66	22.52	203.21	0	65.33	4.51
1990	242	18.02	15.12	21.84	184.28	0	72.23	4.32
1990	243	18.07	15.24	22.71	132.61	0	72.33	3.66
1990	244	18.87	15.46	23.51	134.25	0	70.98	3.71
1990	245	18.68	15.53	23.49	177.46	0	71.85	3.22
1990	246	18.9	12.73	25.89	309.28	0	65.73	3.63
1990	247	18.78	14.35	24.48	183.69	0	65.77	3.56
1990	248	19.63	13.74	25.63	239.41	0	65.78	3.22
1990	249	20.42	13.62	26.98	276.93	0	59.99	2.42
1990	250	18.55	15.47	24.24	183.01	23.2	79.81	2.36
1990	251	17.83	15.35	20.88	216.31	1.5	84.97	3.37
1990	252	17.63	15.18	20.3	237.69	0	79.53	3.56
1990	253	18.7	13.12	24.8	304.84	0	69.46	3.47
1990	254	19.63	15.06	25.4	286.39	0	68.96	3.1
1990	255	20.1	15.27	26.39	311.18	0	70.71	2.69
1990	256	18.54	15.58	23.43	212.37	0	78.29	3.58
1990	257	19.3	15.09	24.61	303.08	0	61.66	4.59
1990	258	18.25	15.11	22.31	305.08	0	70.57	3.47
1990	259	19.19	13.58	25.41	335.8	0	67.65	3.06
1990	260	20.08	15.78	27.18	352.88	7.9	69.76	3.16
1990	261	19.27	15.2	24.9	296.61	0	71.05	3.53
1990	262	19.43	14.03	24.85	321.49	0	70.28	3.57
1990	263	20.13	15.04	27.25	425.01	0	68.7	2.81
1990	264	20.11	14.46	26.74	335.61	0	68.67	3.61
1990	265	20.33	15.96	25.85	292.61	0	63.45	4.06
1990	266	19.54	15.6	24.75	214.41	0	65.68	4.21
1990	267	18.87	16.08	24.31	306.57	0	72.24	4.2
1990	268	20.51	14.71	27.22	310.98	0	58.63	3.17
1990	269	20.23	13.96	27.28	291.16	0	64.9	2.78
1990	270	20.27	14.8	26.27	303.74	0	67.24	3.51
1990	271	18.89	16.03	22.69	79.8	0	71.98	3.83
1990	272	19.89	13.95	26.59	315.98	0	67.54	3.7
1990	273	19.74	15.23	26.4	221.85	0	71.17	4.05
1990	274	20.87	16.39	27.58	279.48	0	66.11	3.52
1990	275	20.79	14.59	27.58	290.74	0	61.65	3.22
1990	276	18.98	12.25	25.45	355.89	0	61.51	3.36
1990	277	17.97	16.28	21.07	340.3	0	79.37	4.62
1990	278	18.71	15.17	23.32	340.3	0.1	73.05	3.82
1990	279	20.09	15.8	26.43	340.3	0	67.62	4.09
1990	280	20.12	14.92	26.08	340.3	0	59.02	3.57
1990	281	20.74	13.07	27.9	340.3	0	56.38	3.34
1990	282	21.15	14.46	27.94	340.3	0	61.27	4.24
1990	283	20.8	16.31	27.4	340.3	0	66.42	5.2
1990	284	20.65	14.57	26.53	340.3	0	61.27	4.42
1990	285	21.22	14.61	27.95	29.44	0	58.16	4.01
1990	286	22.07	14.44	29.04	427.23	0	57.17	3.61
1990	287	22.09	16.24	28.14	428.3	0	64.39	5.2
1990	288	21.94	17.65	27.56	348.26	0	67.16	5.57
1990	289	20.65	16.41	25.56	391.86	0.5	73	4.75
1990	290	20.59	17	26.7	287.02	0.1	72.18	3.44
1990	291	21.14	17.4	25.88	391.89	0	71.74	4.22
1990	292	19.67	16.88	24.57	333	0.9	79.34	4.75
1990	293	19.63	14.75	24.34	333.2	0	70.86	3.97
1990	294	20.13	15.77	25.43	317.38	0	68.67	4.18
1990	295	21.29	16.21	26.31	335.48	0	56.17	3.38
1990	296	20.92	15.51	26.96	386.79	0	56.58	3.52
1990	297	21.26	15.27	26.84	361.83	0	62.73	3.41
1990	298	21.43	17.08	26.31	373.89	0	67.31	4.54
1990	299	19.75	16.89	24.27	302.02	1.9	76.47	4.64
1990	300	19.99	16.11	24.47	275.17	0	70.49	3.55
1990	301	20.44	15.29	26.18	299.92	0	67.55	3.87
1990	302	20.44	16.2	25.09	293.17	0	66.86	3.74
1990	303	19.84	16.07	25.11	320.12	0	72.71	4.13
1990	304	19.58	16.66	24.13	286.44	4.5	78.4	4.26
1990	305	20.19	15.98	25.04	301.58	0	72.37	3.77
1990	306	18.89	16.55	22.21	304.4	32.9	85.22	3.63
1990	307	18.28	16.62	22.5	326.5	8.3	88.67	3.3
1990	308	18.22	15.53	21.34	294.16	8.6	84.66	3.2
1990	309	18.8	16.42	23.16	313	7.2	85.41	3
1990	310	19.32	16.17	24.13	442.3	28.39	81.98	3.32
1990	311	19.12	15.6	23.81	471.37	35.8	82.53	2.9
1990	312	18.59	16.89	21.94	329.38	3.1	88.16	3.48
1990	313	19.14	15.53	23.06	388.75	0	78.03	3.7
1990	314	18.8	16.01	22.5	265.7	17.8	85.21	3.72
1990	315	18.04	15.14	21.42	278.59	11.1	87.17	4.04
1990	316	18.82	16.5	23.13	342.78	4.4	86.05	3.73
1990	317	18.97	16.48	22.72	418.36	3.9	87.41	4.58
1990	318	18.57	16.33	23.09	332.43	22.2	89.79	2.51
1990	319	18.42	16.63	22.5	327.11	5.7	89.16	3.26
1990	320	18.56	16.26	22.07	379.33	6.6	87.77	3.73
1990	321	18.58	16.27	22.19	301.92	2.5	87.67	3.39
1990	322	19.16	16.24	23.04	360.37	1.74	82.42	3.52
1990	323	19.33	16.45	23.33	426.02	1.4	82.05	3.47
1990	324	18.81	15.89	23.3	398.04	0.4	85.17	3.46
1990	325	18.89	16.91	22.18	319.64	14.2	87.74	3.58
1990	326	18.29	16.52	21.89	360.61	8.7	91.68	4.05
1990	327	18.41	16.01	21.81	332.88	3.6	87.89	4.08
1990	328	18.6	16.2	22.59	392.39	9	87.44	3.59
1990	329	18.63	16.17	22.4	319.92	6.8	87.22	2.76
1990	330	18.31	15.64	21.96	339	8.4	89.85	3.28
1990	331	19.47	15.78	24.04	471.51	2.6	77.23	3.81
1990	332	19.07	16.67	23.43	349.55	0	83.95	3.15
1990	333	19.54	16.52	23.98	498.21	0	75.99	3.76
1990	334	19.2	15.46	23.4	483.41	0	72.17	3.74
1990	335	19.08	14.87	23.94	461.96	0	71.36	3.2
1990	336	19.51	14.76	24.39	411.98	0	75.32	3.14
1990	337	19.26	16.65	23.41	401.68	0	82.54	3.88
1990	338	18.98	15.93	23.5	363.5	0	80.18	3.54
1990	339	19.21	15.7	24.03	404.09	0	75.45	2.89
1990	340	19.08	16.36	23.58	383.18	0	79.45	2.86
1990	341	19.16	13.78	24.68	473.77	0	76.59	2.78
1990	342	19.31	14.63	24.83	446.49	0	70.69	2.85
1990	343	18.69	14.4	23.86	398.57	0	78.08	2.72
1990	344	19.39	16.5	23.57	397.26	0.8	80.59	4.16
1990	345	19.18	15.52	23.85	396.18	0.1	80.1	3.6
1990	346	19.24	15	24.28	353.75	0	81.24	2.85
1990	347	19.64	15.87	24.75	349.7	0	82.55	2.64
1990	348	19.65	17.22	23.88	355.75	0.1	85.12	3.01
1990	349	18.97	16.04	22.86	373.16	4.7	87.32	4.19
1990	350	18.27	16.3	21.59	235.59	0	85.91	4.21
1990	351	18.93	15.66	23.38	376.45	0	79.05	3.99
1990	352	18.79	15.6	23.31	400.29	0.1	80.3	3.54
1990	353	19.29	16.03	23.73	350.94	0	76.19	2.57
1990	354	18.81	14.53	23.85	403.15	0	78.18	2.74
1990	355	19.55	15.62	24.47	407.99	0	74.8	3.57
1990	356	19.31	15.92	23.7	323.94	2.2	83.67	3.45
1990	357	18.94	16.36	23.24	309.77	6.7	86.91	3.82
1990	358	20.22	16.91	24.8	409.78	0.7	81.63	3.41
1990	359	20.3	17.16	25.01	417.6	0	83.61	3.95
1990	360	18.96	16.81	22.36	248.07	0.6	86.86	4.58
1990	361	18.91	14.84	23.14	434.42	0	73.13	3.85
1990	362	19.96	15.72	24.86	444.77	0	68.75	3.05
1990	363	20.22	15.6	25.2	410.62	0	77.61	2.63
1990	364	20.21	16.76	25.21	330.63	0	81.03	3.1
1990	365	20.6	17.19	25.44	386.32	0	78.05	2.63
1991	1	19.25	14.12	24.18	280.23	0	62.72	4.63
1991	2	17.98	13.75	23.01	211.09	0.1	72.71	4.88
1991	3	17.25	15.45	20.82	214.32	10.62	87.78	5.48
1991	4	16.94	15.21	19.18	103.83	4.8	89.25	4.65
1991	5	17.62	14.54	21.55	274.51	0.2	77.42	4.38
1991	6	19.42	13.57	24.66	376.05	0	56.91	3.87
1991	7	19.6	14.23	24.56	355.46	0	60.44	4.2
1991	8	19.01	13.81	24.6	361.29	0	73.27	4.48
1991	9	19.48	16.27	24.33	277.82	0	74.98	5.09
1991	10	19.17	15.9	23.54	312.8	0	73.78	4.69
1991	11	19.18	14.34	24.06	300.67	0	70.07	4.13
1991	12	19.84	14.59	25.32	365.58	0	64.35	4.95
1991	13	19.68	13.39	25.11	359.62	0	57.99	4.46
1991	14	19.45	13.8	24.51	341.86	0	57.68	3.85
1991	15	19.78	13.98	24.89	349.03	0	53.19	4.17
1991	16	19.6	14.32	24.98	347.23	0	58.45	4.01
1991	17	19.44	13.62	24.81	280.46	0	61.1	4.05
1991	18	21.2	14.54	27.44	350.85	0	39.06	3.88
1991	19	21.45	15.57	27.25	356.5	0	43.76	3.63
1991	20	20.97	15.4	26.66	353.82	0	53.2	4.18
1991	21	20.88	14.6	26.14	356.25	0	51.04	4.37
1991	22	20.5	16.16	24.79	235.94	0	54.3	4.54
1991	23	20.05	16.04	24.84	262.47	0	65.03	4.02
1991	24	20.01	14.81	25.45	300.24	0	64.15	4.56
1991	25	20.9	14.87	26.58	352.5	0	58.19	4.1
1991	26	18.93	14.78	24.08	340.3	1.72	63.2328	3.64
1991	27	18.93	14.78	24.08	340.3	1.72	63.253312	3.64
1991	28	18.93	14.78	24.08	340.3	1.72	62.87504448	3.64
1991	29	18.93	14.78	24.08	340.3	1.72	61.87884626	3.64
1991	30	18.93	14.78	24.08	340.3	1.72	60.78400011	3.64
1991	31	18.93	14.78	24.08	340.3	1.72	60.11856011	3.64
1991	32	18.93	14.78	24.08	340.3	1.72	60.24690252	3.64
1991	33	18.93	14.78	24.08	340.3	1.72	60.23917862	3.64
1991	34	18.93	14.78	24.08	340.3	1.72	59.71794576	3.64
1991	35	18.93	14.78	24.08	340.3	1.72	59.10746359	3.64
1991	36	18.93	14.78	24.08	340.3	1.72	58.52056214	3.64
1991	37	18.93	14.78	24.08	340.3	1.72	58.05858462	3.64
1991	38	18.93	14.78	24.08	340.3	1.72	57.80692801	3.64
1991	39	18.93	14.78	24.08	340.3	1.72	57.79960513	3.64
1991	40	18.93	14.78	24.08	340.3	1.72	57.80438933	3.64
1991	41	18.93	14.78	24.08	340.3	1.72	57.98896491	3.64
1991	42	18.93	14.78	24.08	340.3	1.72	57.9705235	3.64
1991	43	18.93	14.78	24.08	340.3	1.72	57.84534444	3.64
1991	44	18.93	14.78	24.08	340.3	1.72	58.59675822	3.64
1991	45	18.93	14.78	24.08	340.3	1.72	59.19022855	3.64
1991	46	18.93	14.78	24.08	340.3	1.72	59.42983769	3.64
1991	47	18.93	14.78	24.08	340.3	1.72	59.7654312	3.64
1991	48	18.93	14.78	24.08	340.3	1.72	59.98404845	3.64
1991	49	18.93	14.78	24.08	340.3	1.72	59.78221039	3.64
1991	50	18.93	14.78	24.08	340.3	1.72	59.6074988	3.64
1991	51	18.93	14.78	24.08	340.3	1.72	59.66419875	3.64
1991	52	18.93	14.78	24.08	340.3	1.72	59.5214547	3.64
1991	53	18.93	14.78	24.08	340.3	1.72	59.37218041	3.64
1991	54	18.93	14.78	24.08	340.3	1.72	59.23206585	3.64
1991	55	18.93	14.78	24.08	340.3	1.72	59.12619463	3.64
1991	56	18.93	14.78	24.08	340.3	1.72	59.05988241	3.64
1991	57	18.93	14.78	24.08	340.3	1.72	59.01753531	3.64
1991	58	18.93	14.78	24.08	340.3	1.72	58.96836062	3.64
1991	59	18.93	14.78	24.08	340.3	1.72	58.9175279	3.64
1991	60	18.93	14.78	24.08	352.06	1.72	58.88551118	3.47
1991	61	18.93	14.78	24.08	352.06	1.72	58.87663309	3.47
1991	62	18.93	14.78	24.08	352.06	1.72	58.89087592	3.47
1991	63	18.93	14.78	24.08	352.06	1.72	58.92416758	3.47
1991	64	18.93	14.78	24.08	352.06	1.72	58.96885716	3.47
1991	65	18.93	14.78	24.08	352.06	1.72	59.01562724	3.47
1991	66	18.93	14.78	24.08	352.06	1.72	59.06407676	3.47
1991	67	18.93	14.78	24.08	352.06	1.72	59.10708123	3.47
1991	68	18.93	14.78	24.08	352.06	1.72	59.15254354	3.47
1991	69	18.93	14.78	24.08	352.06	1.72	59.2048315	3.47
1991	70	18.93	14.78	24.08	352.06	1.72	59.22915443	3.47
1991	71	18.93	14.78	24.08	352.06	1.72	59.23071147	3.47
1991	72	18.93	14.78	24.08	352.06	1.72	59.22274642	3.47
1991	73	18.93	14.78	24.08	352.06	1.72	59.20103903	3.47
1991	74	18.93	14.78	24.08	352.06	1.72	59.16971865	3.47
1991	75	18.93	14.78	24.08	352.06	1.72	59.14521898	3.47
1991	76	18.93	14.78	24.08	352.06	1.72	59.12672779	3.47
1991	77	18.93	14.78	24.08	352.06	1.72	59.10522895	3.47
1991	78	18.93	14.78	24.08	352.06	1.72	59.08857992	3.47
1991	79	18.93	14.78	24.08	352.06	1.72	59.0772359	3.47
1991	80	18.93	14.78	24.08	352.06	1.72	59.07104271	3.47
1991	81	18.93	14.78	24.08	352.06	1.72	59.06883663	3.47
1991	82	18.93	14.78	24.08	352.06	1.72	59.0691948	3.47
1991	83	18.93	14.78	24.08	352.06	1.72	59.07126118	3.47
1991	84	18.93	14.78	24.08	352.06	1.72	59.0753772	3.47
1991	85	18.93	14.78	24.08	352.06	1.72	59.08169117	3.47
1991	86	18.93	14.78	24.08	352.06	1.72	59.08953837	3.47
1991	87	18.93	14.78	24.08	352.06	1.72	59.09805458	3.47
1991	88	18.93	14.78	24.08	352.06	1.72	59.10634173	3.47
1991	89	18.93	14.78	24.08	352.06	1.72	59.11362869	3.47
1991	90	18.93	14.78	24.08	352.06	1.72	59.11941956	3.47
1991	91	18.93	14.78	24.08	352.06	1.72	59.12357125	3.47
1991	92	18.93	14.78	24.08	352.06	1.72	59.12595103	3.47
1991	93	18.93	14.78	24.08	352.06	1.72	59.12670582	3.47
1991	94	18.93	14.78	24.08	352.06	1.72	59.12567231	3.47
1991	95	18.93	14.78	24.08	352.06	1.72	59.12250594	3.47
1991	96	18.93	14.78	24.08	352.06	1.72	59.11824	3.47
1991	97	18.93	14.78	24.08	352.06	1.72	59.11374114	3.47
1991	98	18.93	14.78	24.08	352.06	1.72	59.10938093	3.47
1991	99	18.93	14.78	24.08	352.06	1.72	59.10571461	3.47
1991	100	18.93	14.78	24.08	352.06	1.72	59.10315445	3.47
1991	101	18.93	14.78	24.08	352.06	1.72	59.10147187	3.47
1991	102	18.93	14.78	24.08	352.06	1.72	59.10046163	3.47
1991	103	18.93	14.78	24.08	352.06	1.72	59.10027094	3.47
1991	104	18.93	14.78	24.08	352.06	1.72	59.10073858	3.47
1991	105	18.93	14.78	24.08	352.06	1.72	59.10167868	3.47
1991	106	18.93	14.78	24.08	352.06	1.72	59.10290412	3.47
1991	107	18.93	14.78	24.08	352.06	1.72	59.10426682	3.47
1991	108	18.93	14.78	24.08	352.06	1.72	59.1056697	3.47
1991	109	22.3	22.3	22.3	352.06	0	64.7	3.47
1991	110	21.07	17	24.09	352.06	0	71.13	3.74
1991	111	20.16	17.07	25.36	352.06	1	80.23	2.82
1991	112	18.06	16.81	19.59	352.06	17.06	92.29	2.83
1991	113	19.19	15.33	23.64	352.06	0	80.92	2.44
1991	114	20.13	17.32	24.31	352.06	0	81.88	2.65
1991	115	18.92	15.95	22.83	352.06	5.1	86.61	2.42
1991	116	18.55	16.41	22.86	352.06	35	89.17	1.62
1991	117	19.06	15.7	23.06	352.06	0.1	80.9	2.39
1991	118	17.85	16.69	20.08	352.06	11.7	90.83	2.03
1991	119	18.04	15.51	21.49	352.06	0	85.63	2.1
1991	120	18.66	16.79	22.47	352.06	14.3	87.36	2.18
1991	121	18.02	16.16	20.28	352.06	22.6	89.17	2.66
1991	122	18.54	14.62	22.18	352.06	0.6	84.6	2.64
1991	123	18.27	16.54	21.52	352.06	0.1	89.09	3.64
1991	124	18.61	15.12	23.36	352.06	0	83.58	1.96
1991	125	18.67	14.48	23.52	352.06	0	82.14	2.29
1991	126	18.86	15.23	23.42	352.06	0	82.42	2.8
1991	127	18.79	15.61	23.07	352.06	0	83.04	2.71
1991	128	19.09	15.8	23.44	352.06	0	81.1	2.44
1991	129	18.17	16.24	21.58	352.06	0.1	86.29	3.69
1991	130	18.56	16.06	22.68	352.06	0	81.82	3.32
1991	131	18.15	15.1	22.15	352.06	0	82.4	3.2
1991	132	18.06	14.02	23.32	352.06	0	80.69	2.41
1991	133	19.24	15.48	24.25	352.06	0	80.52	2.45
1991	134	19.23	16.33	24.04	352.06	0	79.02	3.41
1991	135	18.59	14.77	23.4	352.06	0	80.56	2.58
1991	136	18.6	14.35	23.74	352.06	0	75.81	2.95
1991	137	19.07	15.98	23.06	352.06	0	78.16	2.98
1991	138	18.29	13.91	22.89	352.06	0	81.01	2.73
1991	139	18.37	14.63	23.8	352.06	0	79.61	2.45
1991	140	19.41	13.13	26.12	352.06	0	72.85	2.35
1991	141	19.27	13.3	24.7	352.06	0	73.65	2.67
1991	142	19.83	15.97	25.45	352.06	0	76.68	2.49
1991	143	19.78	16.04	24.78	352.06	0	77.59	3.21
1991	144	18.99	14.96	23.77	352.06	0	73.95	3.17
1991	145	19.11	14.58	23.87	352.06	0	72.29	3.33
1991	146	18	14.1	22.59	352.06	0	75.42	3.35
1991	147	16.64	12.72	21.05	352.06	0.3	82.01	3.15
1991	148	17.5	14.02	22.45	352.06	0.1	80.72	3.26
1991	149	16.53	14.07	19.75	352.06	2.6	89.1	3.74
1991	150	17.26	13.76	20.82	352.06	0	82.09	2.58
1991	151	18.19	15.48	23.03	165.37	0	78.43	2.52
1991	152	19.1	14.83	24.04	252.18	0	74.88	3.37
1991	153	19.11	15.58	23.99	273.08	2.6	76.13	3.6
1991	154	18	14.69	22.03	69.78	0	80.43	3.46
1991	155	17.66	13.89	22.83	199.47	0	79.68	3.11
1991	156	19.15	14.11	24.66	306.03	0	72.1	2.52
1991	157	18.83	15.25	23.88	200.96	0.2	76.26	3.01
1991	158	18.95	13.44	24.91	360.35	0	62.02	2.54
1991	159	19.36	12.31	26.04	365.95	0	64.25	2.55
1991	160	18.79	15.88	23.8	229.63	0	75.18	3.93
1991	161	18.3	13.62	24.32	251.44	0	74.56	2.85
1991	162	19.59	14.98	24.61	351.39	0	63.15	2.73
1991	163	19.64	14.92	24.48	241.6	0.2	63.95	2.52
1991	164	17.84	13.52	22.29	190.26	0	74.48	2.64
1991	165	18.81	14.98	25.01	245.06	0	78.03	2.24
1991	166	17.89	14.88	21.55	141.38	0	77.07	2.1
1991	167	18.54	14.65	23.95	188.56	0	74.76	2.65
1991	168	16.83	14.59	19.37	54.07	0	80.78	3.03
1991	169	17.38	13.35	22.42	172.24	0	74.23	2.81
1991	170	17.84	12.97	22.96	224.37	0	73.04	2.49
1991	171	18.42	14.65	22.7	138.18	0	77.27	2.83
1991	172	17.83	15.91	20.93	191.66	0	79.93	3.14
1991	173	17.11	14.77	20.05	117.71	0	78.53	2.92
1991	174	16.87	15.44	18.65	61.62	0	81.36	3.27
1991	175	17.72	14.23	22.8	198.47	0	69.59	2.7
1991	176	18.16	13.41	24.21	249.27	0	60.96	2.39
1991	177	16.67	13.5	21.31	115.2	0	76.59	2.67
1991	178	16.59	13.91	20.48	94.91	0	79.69	2.63
1991	179	17.33	12.34	22.77	236.09	0	73.82	2.46
1991	180	16.34	13.54	19.66	114.41	0	79.4	2.51
1991	181	17.5	14.71	21.1	109.4	0	75.77	3.1
1991	182	17.09	14.5	20.39	26.13	0	79.28	3.5
1991	183	16.91	14.71	19.95	85.05	0	75.76	3.45
1991	184	17.14	13.46	21.06	61.39	0	73.3	3.53
1991	185	16.5	13.97	19.82	167.11	0	73.98	3.97
1991	186	15.27	12.43	18.94	12.18	0	79.14	2.19
1991	187	18.06	15.84	19.51	95.63	0	66.31	4.78
1991	188	16.23	14.2	18.34	100.56	0	71.89	4.13
1991	189	16.26	12.37	20.81	159.02	0	72.12	3.26
1991	190	16.77	11.2	23.56	248.11	0	72.19	2.32
1991	191	18.69	10.53	26.26	315.31	0	65.96	2.48
1991	192	18.73	13.05	25.43	289.71	0	67.15	2.61
1991	193	16.82	13.68	20.29	189.55	0	74.61	3
1991	194	16.93	12.67	20.86	192.7	0	72.44	3.07
1991	195	18.08	13.39	23.37	212.77	0	65.2	3.12
1991	196	17.13	12.58	22.48	132.91	0	70.3	2.48
1991	197	16.52	12.53	20.62	203.16	0	72.56	2.49
1991	198	15.86	11.93	19.8	67.65	0	73.96	2.59
1991	199	16.31	12.25	21.51	91.4	0	71.79	3.25
1991	200	16.74	12.41	21.45	65.78	0	73.66	2.79
1991	201	18.82	12.14	25.91	312.23	0	61.97	2.95
1991	202	18.53	13.18	24.25	317.92	0	62.06	3.24
1991	203	17.85	14.49	22.47	64.01	0	70.11	3.15
1991	204	17.62	14.85	21.88	183.78	0	74.82	3.76
1991	205	17.38	13.13	21.38	87.99	0	73.91	2.7
1991	206	18.01	15.6	22.06	164.12	0	74.49	3.37
1991	207	16.77	14.22	22.16	164.8	0	75.2	3.05
1991	208	16.96	12.3	21.48	97.12	0	71.97	2.7
1991	209	16.78	14.6	20.27	100.08	0	75.65	3.99
1991	210	16.67	13.6	21.41	84.46	0	77.88	2.76
1991	211	17.75	12.74	24.26	309.83	0	75.95	2.78
1991	212	18.63	12.91	25.69	320.4	0	71.32	2.99
1991	213	17.26	14.02	21.61	108.1	0	75.7	3.71
1991	214	17.03	13.91	20.32	245.22	0.1	76.65	5.05
1991	215	15.78	15.4	16.35	340.3	0	84.12	3.86
1991	216	18.93	14.78	24.08	340.3	1.72	77.88	3.64
1991	217	18.93	14.78	24.08	340.3	1.72	75.95	3.64
1991	218	18.93	14.78	24.08	340.3	1.72	71.32	3.64
1991	219	18.93	14.78	24.08	340.3	1.72	75.7	3.64
1991	220	19.19	16.1	22.77	340.3	0	60.43	3.98
1991	221	16.3	14.35	19.47	99.72	1.5	82.14	3.25
1991	222	17.41	14.54	21.9	340.3	0	74.2	3.32
1991	223	17.26	13.47	21.84	340.3	0	70.81	2.72
1991	224	16.43	11.83	22.03	340.3	0	69.39	2.8
1991	225	17.57	11.74	23.44	340.3	0	67.25	3.53
1991	226	18.23	12.32	24.09	340.3	0	66.17	3.32
1991	227	19.11	13.96	24.68	340.3	0	69.91	3.56
1991	228	18.74	15.68	22.93	340.3	0	69.27	3.69
1991	229	18.19	14.99	22.6	340.3	0	70.44	3.82
1991	230	17.99	14.35	23.52	340.3	0	68.34	4.51
1991	231	18.84	13.73	25.12	340.3	0	60.16	3.04
1991	232	19.25	12.04	25.81	340.3	0	51.77	3.25
1991	233	19.13	12.72	24.83	340.3	0	55.64	3.8
1991	234	20.08	15.13	25.93	340.3	0	60.22	3.34
1991	235	18.24	12.75	24.9	278.29	0	66.35	3.65
1991	236	18.13	13.52	24.14	286.17	0	67.29	3.42
1991	237	18.43	12.48	24.75	339.26	0	67.22	3.85
1991	238	19.73	14.79	25.96	370.39	0	61.21	3.94
1991	239	19.43	14.24	26.09	348.37	0	62.14	3.64
1991	240	18.38	14.17	23.01	204.73	0	66.11	4.3
1991	241	18.08	13.66	22.52	203.21	0	65.33	4.51
1991	242	18.02	15.12	21.84	184.28	0	72.23	4.32
1991	243	18.07	15.24	22.71	132.61	0	72.33	3.66
1991	244	18.87	15.46	23.51	134.25	0	70.98	3.71
1991	245	18.68	15.53	23.49	177.46	0	71.85	3.22
1991	246	18.9	12.73	25.89	309.28	0	65.73	3.63
1991	247	18.78	14.35	24.48	183.69	0	65.77	3.56
1991	248	19.63	13.74	25.63	239.41	0	65.78	3.22
1991	249	20.42	13.62	26.98	276.93	0	59.99	2.42
1991	250	18.55	15.47	24.24	183.01	23.2	79.81	2.36
1991	251	17.83	15.35	20.88	216.31	1.5	84.97	3.37
1991	252	17.63	15.18	20.3	237.69	0	79.53	3.56
1991	253	18.7	13.12	24.8	304.84	0	69.46	3.47
1991	254	19.63	15.06	25.4	286.39	0	68.96	3.1
1991	255	20.1	15.27	26.39	311.18	0	70.71	2.69
1991	256	18.54	15.58	23.43	212.37	0	78.29	3.58
1991	257	19.3	15.09	24.61	303.08	0	61.66	4.59
1991	258	18.25	15.11	22.31	305.08	0	70.57	3.47
1991	259	19.19	13.58	25.41	335.8	0	67.65	3.06
1991	260	20.08	15.78	27.18	352.88	7.9	69.76	3.16
1991	261	19.27	15.2	24.9	296.61	0	71.05	3.53
1991	262	19.43	14.03	24.85	321.49	0	70.28	3.57
1991	263	20.13	15.04	27.25	425.01	0	68.7	2.81
1991	264	20.11	14.46	26.74	335.61	0	68.67	3.61
1991	265	20.33	15.96	25.85	292.61	0	63.45	4.06
1991	266	19.54	15.6	24.75	214.41	0	65.68	4.21
1991	267	18.87	16.08	24.31	306.57	0	72.24	4.2
1991	268	20.51	14.71	27.22	310.98	0	58.63	3.17
1991	269	20.23	13.96	27.28	291.16	0	64.9	2.78
1991	270	20.27	14.8	26.27	303.74	0	67.24	3.51
1991	271	18.89	16.03	22.69	79.8	0	71.98	3.83
1991	272	19.89	13.95	26.59	315.98	0	67.54	3.7
1991	273	19.74	15.23	26.4	221.85	0	71.17	4.05
1991	274	20.87	16.39	27.58	279.48	0	66.11	3.52
1991	275	20.79	14.59	27.58	290.74	0	61.65	3.22
1991	276	18.98	12.25	25.45	355.89	0	61.51	3.36
1991	277	17.97	16.28	21.07	340.3	0	79.37	4.62
1991	278	18.71	15.17	23.32	340.3	0.1	73.05	3.82
1991	279	20.09	15.8	26.43	340.3	0	67.62	4.09
1991	280	20.12	14.92	26.08	340.3	0	59.02	3.57
1991	281	20.74	13.07	27.9	340.3	0	56.38	3.34
1991	282	21.15	14.46	27.94	340.3	0	61.27	4.24
1991	283	20.8	16.31	27.4	340.3	0	66.42	5.2
1991	284	20.65	14.57	26.53	340.3	0	61.27	4.42
1991	285	21.22	14.61	27.95	29.44	0	58.16	4.01
1991	286	22.07	14.44	29.04	427.23	0	57.17	3.61
1991	287	22.09	16.24	28.14	428.3	0	64.39	5.2
1991	288	21.94	17.65	27.56	348.26	0	67.16	5.57
1991	289	20.65	16.41	25.56	391.86	0.5	73	4.75
1991	290	20.59	17	26.7	287.02	0.1	72.18	3.44
1991	291	21.14	17.4	25.88	391.89	0	71.74	4.22
1991	292	19.67	16.88	24.57	333	0.9	79.34	4.75
1991	293	19.63	14.75	24.34	333.2	0	70.86	3.97
1991	294	20.13	15.77	25.43	317.38	0	68.67	4.18
1991	295	21.29	16.21	26.31	335.48	0	56.17	3.38
1991	296	20.92	15.51	26.96	386.79	0	56.58	3.52
1991	297	21.26	15.27	26.84	361.83	0	62.73	3.41
1991	298	21.43	17.08	26.31	373.89	0	67.31	4.54
1991	299	19.75	16.89	24.27	302.02	1.9	76.47	4.64
1991	300	19.99	16.11	24.47	275.17	0	70.49	3.55
1991	301	20.44	15.29	26.18	299.92	0	67.55	3.87
1991	302	20.44	16.2	25.09	293.17	0	66.86	3.74
1991	303	19.84	16.07	25.11	320.12	0	72.71	4.13
1991	304	19.58	16.66	24.13	286.44	4.5	78.4	4.26
1991	305	20.19	15.98	25.04	301.58	0	72.37	3.77
1991	306	18.89	16.55	22.21	304.4	32.9	85.22	3.63
1991	307	18.28	16.62	22.5	326.5	8.3	88.67	3.3
1991	308	18.22	15.53	21.34	294.16	8.6	84.66	3.2
1991	309	18.8	16.42	23.16	313	7.2	85.41	3
1991	310	19.32	16.17	24.13	442.3	28.39	81.98	3.32
1991	311	19.12	15.6	23.81	471.37	35.8	82.53	2.9
1991	312	18.59	16.89	21.94	329.38	3.1	88.16	3.48
1991	313	19.14	15.53	23.06	388.75	0	78.03	3.7
1991	314	18.8	16.01	22.5	265.7	17.8	85.21	3.72
1991	315	18.04	15.14	21.42	278.59	11.1	87.17	4.04
1991	316	18.82	16.5	23.13	342.78	4.4	86.05	3.73
1991	317	18.97	16.48	22.72	418.36	3.9	87.41	4.58
1991	318	18.57	16.33	23.09	332.43	22.2	89.79	2.51
1991	319	18.42	16.63	22.5	327.11	5.7	89.16	3.26
1991	320	18.56	16.26	22.07	379.33	6.6	87.77	3.73
1991	321	18.58	16.27	22.19	301.92	2.5	87.67	3.39
1991	322	19.16	16.24	23.04	360.37	1.74	82.42	3.52
1991	323	19.33	16.45	23.33	426.02	1.4	82.05	3.47
1991	324	18.81	15.89	23.3	398.04	0.4	85.17	3.46
1991	325	18.89	16.91	22.18	319.64	14.2	87.74	3.58
1991	326	18.29	16.52	21.89	360.61	8.7	91.68	4.05
1991	327	18.41	16.01	21.81	332.88	3.6	87.89	4.08
1991	328	18.6	16.2	22.59	392.39	9	87.44	3.59
1991	329	18.63	16.17	22.4	319.92	6.8	87.22	2.76
1991	330	18.31	15.64	21.96	339	8.4	89.85	3.28
1991	331	19.47	15.78	24.04	471.51	2.6	77.23	3.81
1991	332	19.07	16.67	23.43	349.55	0	83.95	3.15
1991	333	19.54	16.52	23.98	498.21	0	75.99	3.76
1991	334	19.2	15.46	23.4	483.41	0	72.17	3.74
1991	335	19.08	14.87	23.94	461.96	0	71.36	3.2
1991	336	19.51	14.76	24.39	411.98	0	75.32	3.14
1991	337	19.26	16.65	23.41	401.68	0	82.54	3.88
1991	338	18.98	15.93	23.5	363.5	0	80.18	3.54
1991	339	19.21	15.7	24.03	404.09	0	75.45	2.89
1991	340	19.08	16.36	23.58	383.18	0	79.45	2.86
1991	341	19.16	13.78	24.68	473.77	0	76.59	2.78
1991	342	19.31	14.63	24.83	446.49	0	70.69	2.85
1991	343	18.69	14.4	23.86	398.57	0	78.08	2.72
1991	344	19.39	16.5	23.57	397.26	0.8	80.59	4.16
1991	345	19.18	15.52	23.85	396.18	0.1	80.1	3.6
1991	346	19.24	15	24.28	353.75	0	81.24	2.85
1991	347	19.64	15.87	24.75	349.7	0	82.55	2.64
1991	348	19.65	17.22	23.88	355.75	0.1	85.12	3.01
1991	349	18.97	16.04	22.86	373.16	4.7	87.32	4.19
1991	350	18.27	16.3	21.59	235.59	0	85.91	4.21
1991	351	18.93	15.66	23.38	376.45	0	79.05	3.99
1991	352	18.79	15.6	23.31	400.29	0.1	80.3	3.54
1991	353	19.29	16.03	23.73	350.94	0	76.19	2.57
1991	354	18.81	14.53	23.85	403.15	0	78.18	2.74
1991	355	19.55	15.62	24.47	407.99	0	74.8	3.57
1991	356	19.31	15.92	23.7	323.94	2.2	83.67	3.45
1991	357	18.94	16.36	23.24	309.77	6.7	86.91	3.82
1991	358	20.22	16.91	24.8	409.78	0.7	81.63	3.41
1991	359	20.3	17.16	25.01	417.6	0	83.61	3.95
1991	360	18.96	16.81	22.36	248.07	0.6	86.86	4.58
1991	361	18.91	14.84	23.14	434.42	0	73.13	3.85
1991	362	19.96	15.72	24.86	444.77	0	68.75	3.05
1991	363	20.22	15.6	25.2	410.62	0	77.61	2.63
1991	364	20.21	16.76	25.21	330.63	0	81.03	3.1
1991	365	20.6	17.19	25.44	386.32	0	78.05	2.63
1992	1	19.25	14.12	24.18	280.23	0	62.72	4.63
1992	2	17.98	13.75	23.01	211.09	0.1	72.71	4.88
1992	3	17.25	15.45	20.82	214.32	10.62	87.78	5.48
1992	4	16.94	15.21	19.18	103.83	4.8	89.25	4.65
1992	5	17.62	14.54	21.55	274.51	0.2	77.42	4.38
1992	6	19.42	13.57	24.66	376.05	0	56.91	3.87
1992	7	19.6	14.23	24.56	355.46	0	60.44	4.2
1992	8	19.01	13.81	24.6	361.29	0	73.27	4.48
1992	9	19.48	16.27	24.33	277.82	0	74.98	5.09
1992	10	19.17	15.9	23.54	312.8	0	73.78	4.69
1992	11	19.18	14.34	24.06	300.67	0	70.07	4.13
1992	12	19.84	14.59	25.32	365.58	0	64.35	4.95
1992	13	19.68	13.39	25.11	359.62	0	57.99	4.46
1992	14	19.45	13.8	24.51	341.86	0	57.68	3.85
1992	15	19.78	13.98	24.89	349.03	0	53.19	4.17
1992	16	19.6	14.32	24.98	347.23	0	58.45	4.01
1992	17	19.44	13.62	24.81	280.46	0	61.1	4.05
1992	18	21.2	14.54	27.44	350.85	0	39.06	3.88
1992	19	21.45	15.57	27.25	356.5	0	43.76	3.63
1992	20	20.97	15.4	26.66	353.82	0	53.2	4.18
1992	21	20.88	14.6	26.14	356.25	0	51.04	4.37
1992	22	20.5	16.16	24.79	235.94	0	54.3	4.54
1992	23	20.05	16.04	24.84	262.47	0	65.03	4.02
1992	24	20.01	14.81	25.45	300.24	0	64.15	4.56
1992	25	20.9	14.87	26.58	352.5	0	58.19	4.1
1992	26	18.93	14.78	24.08	340.3	1.72	63.2328	3.64
1992	27	18.93	14.78	24.08	340.3	1.72	63.253312	3.64
1992	28	18.93	14.78	24.08	340.3	1.72	62.87504448	3.64
1992	29	18.93	14.78	24.08	340.3	1.72	61.87884626	3.64
1992	30	18.93	14.78	24.08	340.3	1.72	60.78400011	3.64
1992	31	18.93	14.78	24.08	340.3	1.72	60.11856011	3.64
1992	32	18.93	14.78	24.08	340.3	1.72	60.24690252	3.64
1992	33	18.93	14.78	24.08	340.3	1.72	60.23917862	3.64
1992	34	18.93	14.78	24.08	340.3	1.72	59.71794576	3.64
1992	35	18.93	14.78	24.08	340.3	1.72	59.10746359	3.64
1992	36	18.93	14.78	24.08	340.3	1.72	58.52056214	3.64
1992	37	18.93	14.78	24.08	340.3	1.72	58.05858462	3.64
1992	38	18.93	14.78	24.08	340.3	1.72	57.80692801	3.64
1992	39	18.93	14.78	24.08	340.3	1.72	57.79960513	3.64
1992	40	18.93	14.78	24.08	340.3	1.72	57.80438933	3.64
1992	41	18.93	14.78	24.08	340.3	1.72	57.98896491	3.64
1992	42	18.93	14.78	24.08	340.3	1.72	57.9705235	3.64
1992	43	18.93	14.78	24.08	340.3	1.72	57.84534444	3.64
1992	44	18.93	14.78	24.08	340.3	1.72	58.59675822	3.64
1992	45	18.93	14.78	24.08	340.3	1.72	59.19022855	3.64
1992	46	18.93	14.78	24.08	340.3	1.72	59.42983769	3.64
1992	47	18.93	14.78	24.08	340.3	1.72	59.7654312	3.64
1992	48	18.93	14.78	24.08	340.3	1.72	59.98404845	3.64
1992	49	18.93	14.78	24.08	340.3	1.72	59.78221039	3.64
1992	50	18.93	14.78	24.08	340.3	1.72	59.6074988	3.64
1992	51	18.93	14.78	24.08	340.3	1.72	59.66419875	3.64
1992	52	18.93	14.78	24.08	340.3	1.72	59.5214547	3.64
1992	53	18.93	14.78	24.08	340.3	1.72	59.37218041	3.64
1992	54	18.93	14.78	24.08	340.3	1.72	59.23206585	3.64
1992	55	18.93	14.78	24.08	340.3	1.72	59.12619463	3.64
1992	56	18.93	14.78	24.08	340.3	1.72	59.05988241	3.64
1992	57	18.93	14.78	24.08	340.3	1.72	59.01753531	3.64
1992	58	18.93	14.78	24.08	340.3	1.72	58.96836062	3.64
1992	59	18.93	14.78	24.08	340.3	1.72	58.9175279	3.64
1992	60	18.93	14.78	24.08	352.06	1.72	58.88551118	3.47
1992	61	18.93	14.78	24.08	352.06	1.72	58.87663309	3.47
1992	62	18.93	14.78	24.08	352.06	1.72	58.89087592	3.47
1992	63	18.93	14.78	24.08	352.06	1.72	58.92416758	3.47
1992	64	18.93	14.78	24.08	352.06	1.72	58.96885716	3.47
1992	65	18.93	14.78	24.08	352.06	1.72	59.01562724	3.47
1992	66	18.93	14.78	24.08	352.06	1.72	59.06407676	3.47
1992	67	18.93	14.78	24.08	352.06	1.72	59.10708123	3.47
1992	68	18.93	14.78	24.08	352.06	1.72	59.15254354	3.47
1992	69	18.93	14.78	24.08	352.06	1.72	59.2048315	3.47
1992	70	18.93	14.78	24.08	352.06	1.72	59.22915443	3.47
1992	71	18.93	14.78	24.08	352.06	1.72	59.23071147	3.47
1992	72	18.93	14.78	24.08	352.06	1.72	59.22274642	3.47
1992	73	18.93	14.78	24.08	352.06	1.72	59.20103903	3.47
1992	74	18.93	14.78	24.08	352.06	1.72	59.16971865	3.47
1992	75	18.93	14.78	24.08	352.06	1.72	59.14521898	3.47
1992	76	18.93	14.78	24.08	352.06	1.72	59.12672779	3.47
1992	77	18.93	14.78	24.08	352.06	1.72	59.10522895	3.47
1992	78	18.93	14.78	24.08	352.06	1.72	59.08857992	3.47
1992	79	18.93	14.78	24.08	352.06	1.72	59.0772359	3.47
1992	80	18.93	14.78	24.08	352.06	1.72	59.07104271	3.47
1992	81	18.93	14.78	24.08	352.06	1.72	59.06883663	3.47
1992	82	18.93	14.78	24.08	352.06	1.72	59.0691948	3.47
1992	83	18.93	14.78	24.08	352.06	1.72	59.07126118	3.47
1992	84	18.93	14.78	24.08	352.06	1.72	59.0753772	3.47
1992	85	18.93	14.78	24.08	352.06	1.72	59.08169117	3.47
1992	86	18.93	14.78	24.08	352.06	1.72	59.08953837	3.47
1992	87	18.93	14.78	24.08	352.06	1.72	59.09805458	3.47
1992	88	18.93	14.78	24.08	352.06	1.72	59.10634173	3.47
1992	89	18.93	14.78	24.08	352.06	1.72	59.11362869	3.47
1992	90	18.93	14.78	24.08	352.06	1.72	59.11941956	3.47
1992	91	18.93	14.78	24.08	352.06	1.72	59.12357125	3.47
1992	92	18.93	14.78	24.08	352.06	1.72	59.12595103	3.47
1992	93	18.93	14.78	24.08	352.06	1.72	59.12670582	3.47
1992	94	18.93	14.78	24.08	352.06	1.72	59.12567231	3.47
1992	95	18.93	14.78	24.08	352.06	1.72	59.12250594	3.47
1992	96	18.93	14.78	24.08	352.06	1.72	59.11824	3.47
1992	97	18.93	14.78	24.08	352.06	1.72	59.11374114	3.47
1992	98	18.93	14.78	24.08	352.06	1.72	59.10938093	3.47
1992	99	18.93	14.78	24.08	352.06	1.72	59.10571461	3.47
1992	100	18.93	14.78	24.08	352.06	1.72	59.10315445	3.47
1992	101	18.93	14.78	24.08	352.06	1.72	59.10147187	3.47
1992	102	18.93	14.78	24.08	352.06	1.72	59.10046163	3.47
1992	103	18.93	14.78	24.08	352.06	1.72	59.10027094	3.47
1992	104	18.93	14.78	24.08	352.06	1.72	59.10073858	3.47
1992	105	18.93	14.78	24.08	352.06	1.72	59.10167868	3.47
1992	106	18.93	14.78	24.08	352.06	1.72	59.10290412	3.47
1992	107	18.93	14.78	24.08	352.06	1.72	59.10426682	3.47
1992	108	18.93	14.78	24.08	352.06	1.72	59.1056697	3.47
1992	109	22.3	22.3	22.3	352.06	0	64.7	3.47
1992	110	21.07	17	24.09	352.06	0	71.13	3.74
1992	111	20.16	17.07	25.36	352.06	1	80.23	2.82
1992	112	18.06	16.81	19.59	352.06	17.06	92.29	2.83
1992	113	19.19	15.33	23.64	352.06	0	80.92	2.44
1992	114	20.13	17.32	24.31	352.06	0	81.88	2.65
1992	115	18.92	15.95	22.83	352.06	5.1	86.61	2.42
1992	116	18.55	16.41	22.86	352.06	35	89.17	1.62
1992	117	19.06	15.7	23.06	352.06	0.1	80.9	2.39
1992	118	17.85	16.69	20.08	352.06	11.7	90.83	2.03
1992	119	18.04	15.51	21.49	352.06	0	85.63	2.1
1992	120	18.66	16.79	22.47	352.06	14.3	87.36	2.18
1992	121	18.02	16.16	20.28	352.06	22.6	89.17	2.66
1992	122	18.54	14.62	22.18	352.06	0.6	84.6	2.64
1992	123	18.27	16.54	21.52	352.06	0.1	89.09	3.64
1992	124	18.61	15.12	23.36	352.06	0	83.58	1.96
1992	125	18.67	14.48	23.52	352.06	0	82.14	2.29
1992	126	18.86	15.23	23.42	352.06	0	82.42	2.8
1992	127	18.79	15.61	23.07	352.06	0	83.04	2.71
1992	128	19.09	15.8	23.44	352.06	0	81.1	2.44
1992	129	18.17	16.24	21.58	352.06	0.1	86.29	3.69
1992	130	18.56	16.06	22.68	352.06	0	81.82	3.32
1992	131	18.15	15.1	22.15	352.06	0	82.4	3.2
1992	132	18.06	14.02	23.32	352.06	0	80.69	2.41
1992	133	19.24	15.48	24.25	352.06	0	80.52	2.45
1992	134	19.23	16.33	24.04	352.06	0	79.02	3.41
1992	135	18.59	14.77	23.4	352.06	0	80.56	2.58
1992	136	18.6	14.35	23.74	352.06	0	75.81	2.95
1992	137	19.07	15.98	23.06	352.06	0	78.16	2.98
1992	138	18.29	13.91	22.89	352.06	0	81.01	2.73
1992	139	18.37	14.63	23.8	352.06	0	79.61	2.45
1992	140	19.41	13.13	26.12	352.06	0	72.85	2.35
1992	141	19.27	13.3	24.7	352.06	0	73.65	2.67
1992	142	19.83	15.97	25.45	352.06	0	76.68	2.49
1992	143	19.78	16.04	24.78	352.06	0	77.59	3.21
1992	144	18.99	14.96	23.77	352.06	0	73.95	3.17
1992	145	19.11	14.58	23.87	352.06	0	72.29	3.33
1992	146	18	14.1	22.59	352.06	0	75.42	3.35
1992	147	16.64	12.72	21.05	352.06	0.3	82.01	3.15
1992	148	17.5	14.02	22.45	352.06	0.1	80.72	3.26
1992	149	16.53	14.07	19.75	352.06	2.6	89.1	3.74
1992	150	17.26	13.76	20.82	352.06	0	82.09	2.58
1992	151	18.19	15.48	23.03	165.37	0	78.43	2.52
1992	152	19.1	14.83	24.04	252.18	0	74.88	3.37
1992	153	19.11	15.58	23.99	273.08	2.6	76.13	3.6
1992	154	18	14.69	22.03	69.78	0	80.43	3.46
1992	155	17.66	13.89	22.83	199.47	0	79.68	3.11
1992	156	19.15	14.11	24.66	306.03	0	72.1	2.52
1992	157	18.83	15.25	23.88	200.96	0.2	76.26	3.01
1992	158	18.95	13.44	24.91	360.35	0	62.02	2.54
1992	159	19.36	12.31	26.04	365.95	0	64.25	2.55
1992	160	18.79	15.88	23.8	229.63	0	75.18	3.93
1992	161	18.3	13.62	24.32	251.44	0	74.56	2.85
1992	162	19.59	14.98	24.61	351.39	0	63.15	2.73
1992	163	19.64	14.92	24.48	241.6	0.2	63.95	2.52
1992	164	17.84	13.52	22.29	190.26	0	74.48	2.64
1992	165	18.81	14.98	25.01	245.06	0	78.03	2.24
1992	166	17.89	14.88	21.55	141.38	0	77.07	2.1
1992	167	18.54	14.65	23.95	188.56	0	74.76	2.65
1992	168	16.83	14.59	19.37	54.07	0	80.78	3.03
1992	169	17.38	13.35	22.42	172.24	0	74.23	2.81
1992	170	17.84	12.97	22.96	224.37	0	73.04	2.49
1992	171	18.42	14.65	22.7	138.18	0	77.27	2.83
1992	172	17.83	15.91	20.93	191.66	0	79.93	3.14
1992	173	17.11	14.77	20.05	117.71	0	78.53	2.92
1992	174	16.87	15.44	18.65	61.62	0	81.36	3.27
1992	175	17.72	14.23	22.8	198.47	0	69.59	2.7
1992	176	18.16	13.41	24.21	249.27	0	60.96	2.39
1992	177	16.67	13.5	21.31	115.2	0	76.59	2.67
1992	178	16.59	13.91	20.48	94.91	0	79.69	2.63
1992	179	17.33	12.34	22.77	236.09	0	73.82	2.46
1992	180	16.34	13.54	19.66	114.41	0	79.4	2.51
1992	181	17.5	14.71	21.1	109.4	0	75.77	3.1
1992	182	17.09	14.5	20.39	26.13	0	79.28	3.5
1992	183	16.91	14.71	19.95	85.05	0	75.76	3.45
1992	184	17.14	13.46	21.06	61.39	0	73.3	3.53
1992	185	16.5	13.97	19.82	167.11	0	73.98	3.97
1992	186	15.27	12.43	18.94	12.18	0	79.14	2.19
1992	187	18.06	15.84	19.51	95.63	0	66.31	4.78
1992	188	16.23	14.2	18.34	100.56	0	71.89	4.13
1992	189	16.26	12.37	20.81	159.02	0	72.12	3.26
1992	190	16.77	11.2	23.56	248.11	0	72.19	2.32
1992	191	18.69	10.53	26.26	315.31	0	65.96	2.48
1992	192	18.73	13.05	25.43	289.71	0	67.15	2.61
1992	193	16.82	13.68	20.29	189.55	0	74.61	3
1992	194	16.93	12.67	20.86	192.7	0	72.44	3.07
1992	195	18.08	13.39	23.37	212.77	0	65.2	3.12
1992	196	17.13	12.58	22.48	132.91	0	70.3	2.48
1992	197	16.52	12.53	20.62	203.16	0	72.56	2.49
1992	198	15.86	11.93	19.8	67.65	0	73.96	2.59
1992	199	16.31	12.25	21.51	91.4	0	71.79	3.25
1992	200	16.74	12.41	21.45	65.78	0	73.66	2.79
1992	201	18.82	12.14	25.91	312.23	0	61.97	2.95
1992	202	18.53	13.18	24.25	317.92	0	62.06	3.24
1992	203	17.85	14.49	22.47	64.01	0	70.11	3.15
1992	204	17.62	14.85	21.88	183.78	0	74.82	3.76
1992	205	17.38	13.13	21.38	87.99	0	73.91	2.7
1992	206	18.01	15.6	22.06	164.12	0	74.49	3.37
1992	207	16.77	14.22	22.16	164.8	0	75.2	3.05
1992	208	16.96	12.3	21.48	97.12	0	71.97	2.7
1992	209	16.78	14.6	20.27	100.08	0	75.65	3.99
1992	210	16.67	13.6	21.41	84.46	0	77.88	2.76
1992	211	17.75	12.74	24.26	309.83	0	75.95	2.78
1992	212	18.63	12.91	25.69	320.4	0	71.32	2.99
1992	213	17.26	14.02	21.61	108.1	0	75.7	3.71
1992	214	17.03	13.91	20.32	245.22	0.1	76.65	5.05
1992	215	15.78	15.4	16.35	340.3	0	84.12	3.86
1992	216	18.93	14.78	24.08	340.3	1.72	77.88	3.64
1992	217	18.93	14.78	24.08	340.3	1.72	75.95	3.64
1992	218	18.93	14.78	24.08	340.3	1.72	71.32	3.64
1992	219	18.93	14.78	24.08	340.3	1.72	75.7	3.64
1992	220	19.19	16.1	22.77	340.3	0	60.43	3.98
1992	221	16.3	14.35	19.47	99.72	1.5	82.14	3.25
1992	222	17.41	14.54	21.9	340.3	0	74.2	3.32
1992	223	17.26	13.47	21.84	340.3	0	70.81	2.72
1992	224	16.43	11.83	22.03	340.3	0	69.39	2.8
1992	225	17.57	11.74	23.44	340.3	0	67.25	3.53
1992	226	18.23	12.32	24.09	340.3	0	66.17	3.32
1992	227	19.11	13.96	24.68	340.3	0	69.91	3.56
1992	228	18.74	15.68	22.93	340.3	0	69.27	3.69
1992	229	18.19	14.99	22.6	340.3	0	70.44	3.82
1992	230	17.99	14.35	23.52	340.3	0	68.34	4.51
1992	231	18.84	13.73	25.12	340.3	0	60.16	3.04
1992	232	19.25	12.04	25.81	340.3	0	51.77	3.25
1992	233	19.13	12.72	24.83	340.3	0	55.64	3.8
1992	234	20.08	15.13	25.93	340.3	0	60.22	3.34
1992	235	18.24	12.75	24.9	278.29	0	66.35	3.65
1992	236	18.13	13.52	24.14	286.17	0	67.29	3.42
1992	237	18.43	12.48	24.75	339.26	0	67.22	3.85
1992	238	19.73	14.79	25.96	370.39	0	61.21	3.94
1992	239	19.43	14.24	26.09	348.37	0	62.14	3.64
1992	240	18.38	14.17	23.01	204.73	0	66.11	4.3
1992	241	18.08	13.66	22.52	203.21	0	65.33	4.51
1992	242	18.02	15.12	21.84	184.28	0	72.23	4.32
1992	243	18.07	15.24	22.71	132.61	0	72.33	3.66
1992	244	18.87	15.46	23.51	134.25	0	70.98	3.71
1992	245	18.68	15.53	23.49	177.46	0	71.85	3.22
1992	246	18.9	12.73	25.89	309.28	0	65.73	3.63
1992	247	18.78	14.35	24.48	183.69	0	65.77	3.56
1992	248	19.63	13.74	25.63	239.41	0	65.78	3.22
1992	249	20.42	13.62	26.98	276.93	0	59.99	2.42
1992	250	18.55	15.47	24.24	183.01	23.2	79.81	2.36
1992	251	17.83	15.35	20.88	216.31	1.5	84.97	3.37
1992	252	17.63	15.18	20.3	237.69	0	79.53	3.56
1992	253	18.7	13.12	24.8	304.84	0	69.46	3.47
1992	254	19.63	15.06	25.4	286.39	0	68.96	3.1
1992	255	20.1	15.27	26.39	311.18	0	70.71	2.69
1992	256	18.54	15.58	23.43	212.37	0	78.29	3.58
1992	257	19.3	15.09	24.61	303.08	0	61.66	4.59
1992	258	18.25	15.11	22.31	305.08	0	70.57	3.47
1992	259	19.19	13.58	25.41	335.8	0	67.65	3.06
1992	260	20.08	15.78	27.18	352.88	7.9	69.76	3.16
1992	261	19.27	15.2	24.9	296.61	0	71.05	3.53
1992	262	19.43	14.03	24.85	321.49	0	70.28	3.57
1992	263	20.13	15.04	27.25	425.01	0	68.7	2.81
1992	264	20.11	14.46	26.74	335.61	0	68.67	3.61
1992	265	20.33	15.96	25.85	292.61	0	63.45	4.06
1992	266	19.54	15.6	24.75	214.41	0	65.68	4.21
1992	267	18.87	16.08	24.31	306.57	0	72.24	4.2
1992	268	20.51	14.71	27.22	310.98	0	58.63	3.17
1992	269	20.23	13.96	27.28	291.16	0	64.9	2.78
1992	270	20.27	14.8	26.27	303.74	0	67.24	3.51
1992	271	18.89	16.03	22.69	79.8	0	71.98	3.83
1992	272	19.89	13.95	26.59	315.98	0	67.54	3.7
1992	273	19.74	15.23	26.4	221.85	0	71.17	4.05
1992	274	20.87	16.39	27.58	279.48	0	66.11	3.52
1992	275	20.79	14.59	27.58	290.74	0	61.65	3.22
1992	276	18.98	12.25	25.45	355.89	0	61.51	3.36
1992	277	17.97	16.28	21.07	340.3	0	79.37	4.62
1992	278	18.71	15.17	23.32	340.3	0.1	73.05	3.82
1992	279	20.09	15.8	26.43	340.3	0	67.62	4.09
1992	280	20.12	14.92	26.08	340.3	0	59.02	3.57
1992	281	20.74	13.07	27.9	340.3	0	56.38	3.34
1992	282	21.15	14.46	27.94	340.3	0	61.27	4.24
1992	283	20.8	16.31	27.4	340.3	0	66.42	5.2
1992	284	20.65	14.57	26.53	340.3	0	61.27	4.42
1992	285	21.22	14.61	27.95	29.44	0	58.16	4.01
1992	286	22.07	14.44	29.04	427.23	0	57.17	3.61
1992	287	22.09	16.24	28.14	428.3	0	64.39	5.2
1992	288	21.94	17.65	27.56	348.26	0	67.16	5.57
1992	289	20.65	16.41	25.56	391.86	0.5	73	4.75
1992	290	20.59	17	26.7	287.02	0.1	72.18	3.44
1992	291	21.14	17.4	25.88	391.89	0	71.74	4.22
1992	292	19.67	16.88	24.57	333	0.9	79.34	4.75
1992	293	19.63	14.75	24.34	333.2	0	70.86	3.97
1992	294	20.13	15.77	25.43	317.38	0	68.67	4.18
1992	295	21.29	16.21	26.31	335.48	0	56.17	3.38
1992	296	20.92	15.51	26.96	386.79	0	56.58	3.52
1992	297	21.26	15.27	26.84	361.83	0	62.73	3.41
1992	298	21.43	17.08	26.31	373.89	0	67.31	4.54
1992	299	19.75	16.89	24.27	302.02	1.9	76.47	4.64
1992	300	19.99	16.11	24.47	275.17	0	70.49	3.55
1992	301	20.44	15.29	26.18	299.92	0	67.55	3.87
1992	302	20.44	16.2	25.09	293.17	0	66.86	3.74
1992	303	19.84	16.07	25.11	320.12	0	72.71	4.13
1992	304	19.58	16.66	24.13	286.44	4.5	78.4	4.26
1992	305	20.19	15.98	25.04	301.58	0	72.37	3.77
1992	306	18.89	16.55	22.21	304.4	32.9	85.22	3.63
1992	307	18.28	16.62	22.5	326.5	8.3	88.67	3.3
1992	308	18.22	15.53	21.34	294.16	8.6	84.66	3.2
1992	309	18.8	16.42	23.16	313	7.2	85.41	3
1992	310	19.32	16.17	24.13	442.3	28.39	81.98	3.32
1992	311	19.12	15.6	23.81	471.37	35.8	82.53	2.9
1992	312	18.59	16.89	21.94	329.38	3.1	88.16	3.48
1992	313	19.14	15.53	23.06	388.75	0	78.03	3.7
1992	314	18.8	16.01	22.5	265.7	17.8	85.21	3.72
1992	315	18.04	15.14	21.42	278.59	11.1	87.17	4.04
1992	316	18.82	16.5	23.13	342.78	4.4	86.05	3.73
1992	317	18.97	16.48	22.72	418.36	3.9	87.41	4.58
1992	318	18.57	16.33	23.09	332.43	22.2	89.79	2.51
1992	319	18.42	16.63	22.5	327.11	5.7	89.16	3.26
1992	320	18.56	16.26	22.07	379.33	6.6	87.77	3.73
1992	321	18.58	16.27	22.19	301.92	2.5	87.67	3.39
1992	322	19.16	16.24	23.04	360.37	1.74	82.42	3.52
1992	323	19.33	16.45	23.33	426.02	1.4	82.05	3.47
1992	324	18.81	15.89	23.3	398.04	0.4	85.17	3.46
1992	325	18.89	16.91	22.18	319.64	14.2	87.74	3.58
1992	326	18.29	16.52	21.89	360.61	8.7	91.68	4.05
1992	327	18.41	16.01	21.81	332.88	3.6	87.89	4.08
1992	328	18.6	16.2	22.59	392.39	9	87.44	3.59
1992	329	18.63	16.17	22.4	319.92	6.8	87.22	2.76
1992	330	18.31	15.64	21.96	339	8.4	89.85	3.28
1992	331	19.47	15.78	24.04	471.51	2.6	77.23	3.81
1992	332	19.07	16.67	23.43	349.55	0	83.95	3.15
1992	333	19.54	16.52	23.98	498.21	0	75.99	3.76
1992	334	19.2	15.46	23.4	483.41	0	72.17	3.74
1992	335	19.08	14.87	23.94	461.96	0	71.36	3.2
1992	336	19.51	14.76	24.39	411.98	0	75.32	3.14
1992	337	19.26	16.65	23.41	401.68	0	82.54	3.88
1992	338	18.98	15.93	23.5	363.5	0	80.18	3.54
1992	339	19.21	15.7	24.03	404.09	0	75.45	2.89
1992	340	19.08	16.36	23.58	383.18	0	79.45	2.86
1992	341	19.16	13.78	24.68	473.77	0	76.59	2.78
1992	342	19.31	14.63	24.83	446.49	0	70.69	2.85
1992	343	18.69	14.4	23.86	398.57	0	78.08	2.72
1992	344	19.39	16.5	23.57	397.26	0.8	80.59	4.16
1992	345	19.18	15.52	23.85	396.18	0.1	80.1	3.6
1992	346	19.24	15	24.28	353.75	0	81.24	2.85
1992	347	19.64	15.87	24.75	349.7	0	82.55	2.64
1992	348	19.65	17.22	23.88	355.75	0.1	85.12	3.01
1992	349	18.97	16.04	22.86	373.16	4.7	87.32	4.19
1992	350	18.27	16.3	21.59	235.59	0	85.91	4.21
1992	351	18.93	15.66	23.38	376.45	0	79.05	3.99
1992	352	18.79	15.6	23.31	400.29	0.1	80.3	3.54
1992	353	19.29	16.03	23.73	350.94	0	76.19	2.57
1992	354	18.81	14.53	23.85	403.15	0	78.18	2.74
1992	355	19.55	15.62	24.47	407.99	0	74.8	3.57
1992	356	19.31	15.92	23.7	323.94	2.2	83.67	3.45
1992	357	18.94	16.36	23.24	309.77	6.7	86.91	3.82
1992	358	20.22	16.91	24.8	409.78	0.7	81.63	3.41
1992	359	20.3	17.16	25.01	417.6	0	83.61	3.95
1992	360	18.96	16.81	22.36	248.07	0.6	86.86	4.58
1992	361	18.91	14.84	23.14	434.42	0	73.13	3.85
1992	362	19.96	15.72	24.86	444.77	0	68.75	3.05
1992	363	20.22	15.6	25.2	410.62	0	77.61	2.63
1992	364	20.21	16.76	25.21	330.63	0	81.03	3.1
1992	365	20.6	17.19	25.44	386.32	0	78.05	2.63
1993	1	19.25	14.12	24.18	280.23	0	62.72	4.63
1993	2	17.98	13.75	23.01	211.09	0.1	72.71	4.88
1993	3	17.25	15.45	20.82	214.32	10.62	87.78	5.48
1993	4	16.94	15.21	19.18	103.83	4.8	89.25	4.65
1993	5	17.62	14.54	21.55	274.51	0.2	77.42	4.38
1993	6	19.42	13.57	24.66	376.05	0	56.91	3.87
1993	7	19.6	14.23	24.56	355.46	0	60.44	4.2
1993	8	19.01	13.81	24.6	361.29	0	73.27	4.48
1993	9	19.48	16.27	24.33	277.82	0	74.98	5.09
1993	10	19.17	15.9	23.54	312.8	0	73.78	4.69
1993	11	19.18	14.34	24.06	300.67	0	70.07	4.13
1993	12	19.84	14.59	25.32	365.58	0	64.35	4.95
1993	13	19.68	13.39	25.11	359.62	0	57.99	4.46
1993	14	19.45	13.8	24.51	341.86	0	57.68	3.85
1993	15	19.78	13.98	24.89	349.03	0	53.19	4.17
1993	16	19.6	14.32	24.98	347.23	0	58.45	4.01
1993	17	19.44	13.62	24.81	280.46	0	61.1	4.05
1993	18	21.2	14.54	27.44	350.85	0	39.06	3.88
1993	19	21.45	15.57	27.25	356.5	0	43.76	3.63
1993	20	20.97	15.4	26.66	353.82	0	53.2	4.18
1993	21	20.88	14.6	26.14	356.25	0	51.04	4.37
1993	22	20.5	16.16	24.79	235.94	0	54.3	4.54
1993	23	20.05	16.04	24.84	262.47	0	65.03	4.02
1993	24	20.01	14.81	25.45	300.24	0	64.15	4.56
1993	25	20.9	14.87	26.58	352.5	0	58.19	4.1
1993	26	18.93	14.78	24.08	340.3	1.72	63.2328	3.64
1993	27	18.93	14.78	24.08	340.3	1.72	63.253312	3.64
1993	28	18.93	14.78	24.08	340.3	1.72	62.87504448	3.64
1993	29	18.93	14.78	24.08	340.3	1.72	61.87884626	3.64
1993	30	18.93	14.78	24.08	340.3	1.72	60.78400011	3.64
1993	31	18.93	14.78	24.08	340.3	1.72	60.11856011	3.64
1993	32	18.93	14.78	24.08	340.3	1.72	60.24690252	3.64
1993	33	18.93	14.78	24.08	340.3	1.72	60.23917862	3.64
1993	34	18.93	14.78	24.08	340.3	1.72	59.71794576	3.64
1993	35	18.93	14.78	24.08	340.3	1.72	59.10746359	3.64
1993	36	18.93	14.78	24.08	340.3	1.72	58.52056214	3.64
1993	37	18.93	14.78	24.08	340.3	1.72	58.05858462	3.64
1993	38	18.93	14.78	24.08	340.3	1.72	57.80692801	3.64
1993	39	18.93	14.78	24.08	340.3	1.72	57.79960513	3.64
1993	40	18.93	14.78	24.08	340.3	1.72	57.80438933	3.64
1993	41	18.93	14.78	24.08	340.3	1.72	57.98896491	3.64
1993	42	18.93	14.78	24.08	340.3	1.72	57.9705235	3.64
1993	43	18.93	14.78	24.08	340.3	1.72	57.84534444	3.64
1993	44	18.93	14.78	24.08	340.3	1.72	58.59675822	3.64
1993	45	18.93	14.78	24.08	340.3	1.72	59.19022855	3.64
1993	46	18.93	14.78	24.08	340.3	1.72	59.42983769	3.64
1993	47	18.93	14.78	24.08	340.3	1.72	59.7654312	3.64
1993	48	18.93	14.78	24.08	340.3	1.72	59.98404845	3.64
1993	49	18.93	14.78	24.08	340.3	1.72	59.78221039	3.64
1993	50	18.93	14.78	24.08	340.3	1.72	59.6074988	3.64
1993	51	18.93	14.78	24.08	340.3	1.72	59.66419875	3.64
1993	52	18.93	14.78	24.08	340.3	1.72	59.5214547	3.64
1993	53	18.93	14.78	24.08	340.3	1.72	59.37218041	3.64
1993	54	18.93	14.78	24.08	340.3	1.72	59.23206585	3.64
1993	55	18.93	14.78	24.08	340.3	1.72	59.12619463	3.64
1993	56	18.93	14.78	24.08	340.3	1.72	59.05988241	3.64
1993	57	18.93	14.78	24.08	340.3	1.72	59.01753531	3.64
1993	58	18.93	14.78	24.08	340.3	1.72	58.96836062	3.64
1993	59	18.93	14.78	24.08	340.3	1.72	58.9175279	3.64
1993	60	18.93	14.78	24.08	352.06	1.72	58.88551118	3.47
1993	61	18.93	14.78	24.08	352.06	1.72	58.87663309	3.47
1993	62	18.93	14.78	24.08	352.06	1.72	58.89087592	3.47
1993	63	18.93	14.78	24.08	352.06	1.72	58.92416758	3.47
1993	64	18.93	14.78	24.08	352.06	1.72	58.96885716	3.47
1993	65	18.93	14.78	24.08	352.06	1.72	59.01562724	3.47
1993	66	18.93	14.78	24.08	352.06	1.72	59.06407676	3.47
1993	67	18.93	14.78	24.08	352.06	1.72	59.10708123	3.47
1993	68	18.93	14.78	24.08	352.06	1.72	59.15254354	3.47
1993	69	18.93	14.78	24.08	352.06	1.72	59.2048315	3.47
1993	70	18.93	14.78	24.08	352.06	1.72	59.22915443	3.47
1993	71	18.93	14.78	24.08	352.06	1.72	59.23071147	3.47
1993	72	18.93	14.78	24.08	352.06	1.72	59.22274642	3.47
1993	73	18.93	14.78	24.08	352.06	1.72	59.20103903	3.47
1993	74	18.93	14.78	24.08	352.06	1.72	59.16971865	3.47
1993	75	18.93	14.78	24.08	352.06	1.72	59.14521898	3.47
1993	76	18.93	14.78	24.08	352.06	1.72	59.12672779	3.47
1993	77	18.93	14.78	24.08	352.06	1.72	59.10522895	3.47
1993	78	18.93	14.78	24.08	352.06	1.72	59.08857992	3.47
1993	79	18.93	14.78	24.08	352.06	1.72	59.0772359	3.47
1993	80	18.93	14.78	24.08	352.06	1.72	59.07104271	3.47
1993	81	18.93	14.78	24.08	352.06	1.72	59.06883663	3.47
1993	82	18.93	14.78	24.08	352.06	1.72	59.0691948	3.47
1993	83	18.93	14.78	24.08	352.06	1.72	59.07126118	3.47
1993	84	18.93	14.78	24.08	352.06	1.72	59.0753772	3.47
1993	85	18.93	14.78	24.08	352.06	1.72	59.08169117	3.47
1993	86	18.93	14.78	24.08	352.06	1.72	59.08953837	3.47
1993	87	18.93	14.78	24.08	352.06	1.72	59.09805458	3.47
1993	88	18.93	14.78	24.08	352.06	1.72	59.10634173	3.47
1993	89	18.93	14.78	24.08	352.06	1.72	59.11362869	3.47
1993	90	18.93	14.78	24.08	352.06	1.72	59.11941956	3.47
1993	91	18.93	14.78	24.08	352.06	1.72	59.12357125	3.47
1993	92	18.93	14.78	24.08	352.06	1.72	59.12595103	3.47
1993	93	18.93	14.78	24.08	352.06	1.72	59.12670582	3.47
1993	94	18.93	14.78	24.08	352.06	1.72	59.12567231	3.47
1993	95	18.93	14.78	24.08	352.06	1.72	59.12250594	3.47
1993	96	18.93	14.78	24.08	352.06	1.72	59.11824	3.47
1993	97	18.93	14.78	24.08	352.06	1.72	59.11374114	3.47
1993	98	18.93	14.78	24.08	352.06	1.72	59.10938093	3.47
1993	99	18.93	14.78	24.08	352.06	1.72	59.10571461	3.47
1993	100	18.93	14.78	24.08	352.06	1.72	59.10315445	3.47
1993	101	18.93	14.78	24.08	352.06	1.72	59.10147187	3.47
1993	102	18.93	14.78	24.08	352.06	1.72	59.10046163	3.47
1993	103	18.93	14.78	24.08	352.06	1.72	59.10027094	3.47
1993	104	18.93	14.78	24.08	352.06	1.72	59.10073858	3.47
1993	105	18.93	14.78	24.08	352.06	1.72	59.10167868	3.47
1993	106	18.93	14.78	24.08	352.06	1.72	59.10290412	3.47
1993	107	18.93	14.78	24.08	352.06	1.72	59.10426682	3.47
1993	108	18.93	14.78	24.08	352.06	1.72	59.1056697	3.47
1993	109	22.3	22.3	22.3	352.06	0	64.7	3.47
1993	110	21.07	17	24.09	352.06	0	71.13	3.74
1993	111	20.16	17.07	25.36	352.06	1	80.23	2.82
1993	112	18.06	16.81	19.59	352.06	17.06	92.29	2.83
1993	113	19.19	15.33	23.64	352.06	0	80.92	2.44
1993	114	20.13	17.32	24.31	352.06	0	81.88	2.65
1993	115	18.92	15.95	22.83	352.06	5.1	86.61	2.42
1993	116	18.55	16.41	22.86	352.06	35	89.17	1.62
1993	117	19.06	15.7	23.06	352.06	0.1	80.9	2.39
1993	118	17.85	16.69	20.08	352.06	11.7	90.83	2.03
1993	119	18.04	15.51	21.49	352.06	0	85.63	2.1
1993	120	18.66	16.79	22.47	352.06	14.3	87.36	2.18
1993	121	18.02	16.16	20.28	352.06	22.6	89.17	2.66
1993	122	18.54	14.62	22.18	352.06	0.6	84.6	2.64
1993	123	18.27	16.54	21.52	352.06	0.1	89.09	3.64
1993	124	18.61	15.12	23.36	352.06	0	83.58	1.96
1993	125	18.67	14.48	23.52	352.06	0	82.14	2.29
1993	126	18.86	15.23	23.42	352.06	0	82.42	2.8
1993	127	18.79	15.61	23.07	352.06	0	83.04	2.71
1993	128	19.09	15.8	23.44	352.06	0	81.1	2.44
1993	129	18.17	16.24	21.58	352.06	0.1	86.29	3.69
1993	130	18.56	16.06	22.68	352.06	0	81.82	3.32
1993	131	18.15	15.1	22.15	352.06	0	82.4	3.2
1993	132	18.06	14.02	23.32	352.06	0	80.69	2.41
1993	133	19.24	15.48	24.25	352.06	0	80.52	2.45
1993	134	19.23	16.33	24.04	352.06	0	79.02	3.41
1993	135	18.59	14.77	23.4	352.06	0	80.56	2.58
1993	136	18.6	14.35	23.74	352.06	0	75.81	2.95
1993	137	19.07	15.98	23.06	352.06	0	78.16	2.98
1993	138	18.29	13.91	22.89	352.06	0	81.01	2.73
1993	139	18.37	14.63	23.8	352.06	0	79.61	2.45
1993	140	19.41	13.13	26.12	352.06	0	72.85	2.35
1993	141	19.27	13.3	24.7	352.06	0	73.65	2.67
1993	142	19.83	15.97	25.45	352.06	0	76.68	2.49
1993	143	19.78	16.04	24.78	352.06	0	77.59	3.21
1993	144	18.99	14.96	23.77	352.06	0	73.95	3.17
1993	145	19.11	14.58	23.87	352.06	0	72.29	3.33
1993	146	18	14.1	22.59	352.06	0	75.42	3.35
1993	147	16.64	12.72	21.05	352.06	0.3	82.01	3.15
1993	148	17.5	14.02	22.45	352.06	0.1	80.72	3.26
1993	149	16.53	14.07	19.75	352.06	2.6	89.1	3.74
1993	150	17.26	13.76	20.82	352.06	0	82.09	2.58
1993	151	18.19	15.48	23.03	165.37	0	78.43	2.52
1993	152	19.1	14.83	24.04	252.18	0	74.88	3.37
1993	153	19.11	15.58	23.99	273.08	2.6	76.13	3.6
1993	154	18	14.69	22.03	69.78	0	80.43	3.46
1993	155	17.66	13.89	22.83	199.47	0	79.68	3.11
1993	156	19.15	14.11	24.66	306.03	0	72.1	2.52
1993	157	18.83	15.25	23.88	200.96	0.2	76.26	3.01
1993	158	18.95	13.44	24.91	360.35	0	62.02	2.54
1993	159	19.36	12.31	26.04	365.95	0	64.25	2.55
1993	160	18.79	15.88	23.8	229.63	0	75.18	3.93
1993	161	18.3	13.62	24.32	251.44	0	74.56	2.85
1993	162	19.59	14.98	24.61	351.39	0	63.15	2.73
1993	163	19.64	14.92	24.48	241.6	0.2	63.95	2.52
1993	164	17.84	13.52	22.29	190.26	0	74.48	2.64
1993	165	18.81	14.98	25.01	245.06	0	78.03	2.24
1993	166	17.89	14.88	21.55	141.38	0	77.07	2.1
1993	167	18.54	14.65	23.95	188.56	0	74.76	2.65
1993	168	16.83	14.59	19.37	54.07	0	80.78	3.03
1993	169	17.38	13.35	22.42	172.24	0	74.23	2.81
1993	170	17.84	12.97	22.96	224.37	0	73.04	2.49
1993	171	18.42	14.65	22.7	138.18	0	77.27	2.83
1993	172	17.83	15.91	20.93	191.66	0	79.93	3.14
1993	173	17.11	14.77	20.05	117.71	0	78.53	2.92
1993	174	16.87	15.44	18.65	61.62	0	81.36	3.27
1993	175	17.72	14.23	22.8	198.47	0	69.59	2.7
1993	176	18.16	13.41	24.21	249.27	0	60.96	2.39
1993	177	16.67	13.5	21.31	115.2	0	76.59	2.67
1993	178	16.59	13.91	20.48	94.91	0	79.69	2.63
1993	179	17.33	12.34	22.77	236.09	0	73.82	2.46
1993	180	16.34	13.54	19.66	114.41	0	79.4	2.51
1993	181	17.5	14.71	21.1	109.4	0	75.77	3.1
1993	182	17.09	14.5	20.39	26.13	0	79.28	3.5
1993	183	16.91	14.71	19.95	85.05	0	75.76	3.45
1993	184	17.14	13.46	21.06	61.39	0	73.3	3.53
1993	185	16.5	13.97	19.82	167.11	0	73.98	3.97
1993	186	15.27	12.43	18.94	12.18	0	79.14	2.19
1993	187	18.06	15.84	19.51	95.63	0	66.31	4.78
1993	188	16.23	14.2	18.34	100.56	0	71.89	4.13
1993	189	16.26	12.37	20.81	159.02	0	72.12	3.26
1993	190	16.77	11.2	23.56	248.11	0	72.19	2.32
1993	191	18.69	10.53	26.26	315.31	0	65.96	2.48
1993	192	18.73	13.05	25.43	289.71	0	67.15	2.61
1993	193	16.82	13.68	20.29	189.55	0	74.61	3
1993	194	16.93	12.67	20.86	192.7	0	72.44	3.07
1993	195	18.08	13.39	23.37	212.77	0	65.2	3.12
1993	196	17.13	12.58	22.48	132.91	0	70.3	2.48
1993	197	16.52	12.53	20.62	203.16	0	72.56	2.49
1993	198	15.86	11.93	19.8	67.65	0	73.96	2.59
1993	199	16.31	12.25	21.51	91.4	0	71.79	3.25
1993	200	16.74	12.41	21.45	65.78	0	73.66	2.79
1993	201	18.82	12.14	25.91	312.23	0	61.97	2.95
1993	202	18.53	13.18	24.25	317.92	0	62.06	3.24
1993	203	17.85	14.49	22.47	64.01	0	70.11	3.15
1993	204	17.62	14.85	21.88	183.78	0	74.82	3.76
1993	205	17.38	13.13	21.38	87.99	0	73.91	2.7
1993	206	18.01	15.6	22.06	164.12	0	74.49	3.37
1993	207	16.77	14.22	22.16	164.8	0	75.2	3.05
1993	208	16.96	12.3	21.48	97.12	0	71.97	2.7
1993	209	16.78	14.6	20.27	100.08	0	75.65	3.99
1993	210	16.67	13.6	21.41	84.46	0	77.88	2.76
1993	211	17.75	12.74	24.26	309.83	0	75.95	2.78
1993	212	18.63	12.91	25.69	320.4	0	71.32	2.99
1993	213	17.26	14.02	21.61	108.1	0	75.7	3.71
1993	214	17.03	13.91	20.32	245.22	0.1	76.65	5.05
1993	215	15.78	15.4	16.35	340.3	0	84.12	3.86
1993	216	18.93	14.78	24.08	340.3	1.72	77.88	3.64
1993	217	18.93	14.78	24.08	340.3	1.72	75.95	3.64
1993	218	18.93	14.78	24.08	340.3	1.72	71.32	3.64
1993	219	18.93	14.78	24.08	340.3	1.72	75.7	3.64
1993	220	19.19	16.1	22.77	340.3	0	60.43	3.98
1993	221	16.3	14.35	19.47	99.72	1.5	82.14	3.25
1993	222	17.41	14.54	21.9	340.3	0	74.2	3.32
1993	223	17.26	13.47	21.84	340.3	0	70.81	2.72
1993	224	16.43	11.83	22.03	340.3	0	69.39	2.8
1993	225	17.57	11.74	23.44	340.3	0	67.25	3.53
1993	226	18.23	12.32	24.09	340.3	0	66.17	3.32
1993	227	19.11	13.96	24.68	340.3	0	69.91	3.56
1993	228	18.74	15.68	22.93	340.3	0	69.27	3.69
1993	229	18.19	14.99	22.6	340.3	0	70.44	3.82
1993	230	17.99	14.35	23.52	340.3	0	68.34	4.51
1993	231	18.84	13.73	25.12	340.3	0	60.16	3.04
1993	232	19.25	12.04	25.81	340.3	0	51.77	3.25
1993	233	19.13	12.72	24.83	340.3	0	55.64	3.8
1993	234	20.08	15.13	25.93	340.3	0	60.22	3.34
1993	235	18.24	12.75	24.9	278.29	0	66.35	3.65
1993	236	18.13	13.52	24.14	286.17	0	67.29	3.42
1993	237	18.43	12.48	24.75	339.26	0	67.22	3.85
1993	238	19.73	14.79	25.96	370.39	0	61.21	3.94
1993	239	19.43	14.24	26.09	348.37	0	62.14	3.64
1993	240	18.38	14.17	23.01	204.73	0	66.11	4.3
1993	241	18.08	13.66	22.52	203.21	0	65.33	4.51
1993	242	18.02	15.12	21.84	184.28	0	72.23	4.32
1993	243	18.07	15.24	22.71	132.61	0	72.33	3.66
1993	244	18.87	15.46	23.51	134.25	0	70.98	3.71
1993	245	18.68	15.53	23.49	177.46	0	71.85	3.22
1993	246	18.9	12.73	25.89	309.28	0	65.73	3.63
1993	247	18.78	14.35	24.48	183.69	0	65.77	3.56
1993	248	19.63	13.74	25.63	239.41	0	65.78	3.22
1993	249	20.42	13.62	26.98	276.93	0	59.99	2.42
1993	250	18.55	15.47	24.24	183.01	23.2	79.81	2.36
1993	251	17.83	15.35	20.88	216.31	1.5	84.97	3.37
1993	252	17.63	15.18	20.3	237.69	0	79.53	3.56
1993	253	18.7	13.12	24.8	304.84	0	69.46	3.47
1993	254	19.63	15.06	25.4	286.39	0	68.96	3.1
1993	255	20.1	15.27	26.39	311.18	0	70.71	2.69
1993	256	18.54	15.58	23.43	212.37	0	78.29	3.58
1993	257	19.3	15.09	24.61	303.08	0	61.66	4.59
1993	258	18.25	15.11	22.31	305.08	0	70.57	3.47
1993	259	19.19	13.58	25.41	335.8	0	67.65	3.06
1993	260	20.08	15.78	27.18	352.88	7.9	69.76	3.16
1993	261	19.27	15.2	24.9	296.61	0	71.05	3.53
1993	262	19.43	14.03	24.85	321.49	0	70.28	3.57
1993	263	20.13	15.04	27.25	425.01	0	68.7	2.81
1993	264	20.11	14.46	26.74	335.61	0	68.67	3.61
1993	265	20.33	15.96	25.85	292.61	0	63.45	4.06
1993	266	19.54	15.6	24.75	214.41	0	65.68	4.21
1993	267	18.87	16.08	24.31	306.57	0	72.24	4.2
1993	268	20.51	14.71	27.22	310.98	0	58.63	3.17
1993	269	20.23	13.96	27.28	291.16	0	64.9	2.78
1993	270	20.27	14.8	26.27	303.74	0	67.24	3.51
1993	271	18.89	16.03	22.69	79.8	0	71.98	3.83
1993	272	19.89	13.95	26.59	315.98	0	67.54	3.7
1993	273	19.74	15.23	26.4	221.85	0	71.17	4.05
1993	274	20.87	16.39	27.58	279.48	0	66.11	3.52
1993	275	20.79	14.59	27.58	290.74	0	61.65	3.22
1993	276	18.98	12.25	25.45	355.89	0	61.51	3.36
1993	277	17.97	16.28	21.07	340.3	0	79.37	4.62
1993	278	18.71	15.17	23.32	340.3	0.1	73.05	3.82
1993	279	20.09	15.8	26.43	340.3	0	67.62	4.09
1993	280	20.12	14.92	26.08	340.3	0	59.02	3.57
1993	281	20.74	13.07	27.9	340.3	0	56.38	3.34
1993	282	21.15	14.46	27.94	340.3	0	61.27	4.24
1993	283	20.8	16.31	27.4	340.3	0	66.42	5.2
1993	284	20.65	14.57	26.53	340.3	0	61.27	4.42
1993	285	21.22	14.61	27.95	29.44	0	58.16	4.01
1993	286	22.07	14.44	29.04	427.23	0	57.17	3.61
1993	287	22.09	16.24	28.14	428.3	0	64.39	5.2
1993	288	21.94	17.65	27.56	348.26	0	67.16	5.57
1993	289	20.65	16.41	25.56	391.86	0.5	73	4.75
1993	290	20.59	17	26.7	287.02	0.1	72.18	3.44
1993	291	21.14	17.4	25.88	391.89	0	71.74	4.22
1993	292	19.67	16.88	24.57	333	0.9	79.34	4.75
1993	293	19.63	14.75	24.34	333.2	0	70.86	3.97
1993	294	20.13	15.77	25.43	317.38	0	68.67	4.18
1993	295	21.29	16.21	26.31	335.48	0	56.17	3.38
1993	296	20.92	15.51	26.96	386.79	0	56.58	3.52
1993	297	21.26	15.27	26.84	361.83	0	62.73	3.41
1993	298	21.43	17.08	26.31	373.89	0	67.31	4.54
1993	299	19.75	16.89	24.27	302.02	1.9	76.47	4.64
1993	300	19.99	16.11	24.47	275.17	0	70.49	3.55
1993	301	20.44	15.29	26.18	299.92	0	67.55	3.87
1993	302	20.44	16.2	25.09	293.17	0	66.86	3.74
1993	303	19.84	16.07	25.11	320.12	0	72.71	4.13
1993	304	19.58	16.66	24.13	286.44	4.5	78.4	4.26
1993	305	20.19	15.98	25.04	301.58	0	72.37	3.77
1993	306	18.89	16.55	22.21	304.4	32.9	85.22	3.63
1993	307	18.28	16.62	22.5	326.5	8.3	88.67	3.3
1993	308	18.22	15.53	21.34	294.16	8.6	84.66	3.2
1993	309	18.8	16.42	23.16	313	7.2	85.41	3
1993	310	19.32	16.17	24.13	442.3	28.39	81.98	3.32
1993	311	19.12	15.6	23.81	471.37	35.8	82.53	2.9
1993	312	18.59	16.89	21.94	329.38	3.1	88.16	3.48
1993	313	19.14	15.53	23.06	388.75	0	78.03	3.7
1993	314	18.8	16.01	22.5	265.7	17.8	85.21	3.72
1993	315	18.04	15.14	21.42	278.59	11.1	87.17	4.04
1993	316	18.82	16.5	23.13	342.78	4.4	86.05	3.73
1993	317	18.97	16.48	22.72	418.36	3.9	87.41	4.58
1993	318	18.57	16.33	23.09	332.43	22.2	89.79	2.51
1993	319	18.42	16.63	22.5	327.11	5.7	89.16	3.26
1993	320	18.56	16.26	22.07	379.33	6.6	87.77	3.73
1993	321	18.58	16.27	22.19	301.92	2.5	87.67	3.39
1993	322	19.16	16.24	23.04	360.37	1.74	82.42	3.52
1993	323	19.33	16.45	23.33	426.02	1.4	82.05	3.47
1993	324	18.81	15.89	23.3	398.04	0.4	85.17	3.46
1993	325	18.89	16.91	22.18	319.64	14.2	87.74	3.58
1993	326	18.29	16.52	21.89	360.61	8.7	91.68	4.05
1993	327	18.41	16.01	21.81	332.88	3.6	87.89	4.08
1993	328	18.6	16.2	22.59	392.39	9	87.44	3.59
1993	329	18.63	16.17	22.4	319.92	6.8	87.22	2.76
1993	330	18.31	15.64	21.96	339	8.4	89.85	3.28
1993	331	19.47	15.78	24.04	471.51	2.6	77.23	3.81
1993	332	19.07	16.67	23.43	349.55	0	83.95	3.15
1993	333	19.54	16.52	23.98	498.21	0	75.99	3.76
1993	334	19.2	15.46	23.4	483.41	0	72.17	3.74
1993	335	19.08	14.87	23.94	461.96	0	71.36	3.2
1993	336	19.51	14.76	24.39	411.98	0	75.32	3.14
1993	337	19.26	16.65	23.41	401.68	0	82.54	3.88
1993	338	18.98	15.93	23.5	363.5	0	80.18	3.54
1993	339	19.21	15.7	24.03	404.09	0	75.45	2.89
1993	340	19.08	16.36	23.58	383.18	0	79.45	2.86
1993	341	19.16	13.78	24.68	473.77	0	76.59	2.78
1993	342	19.31	14.63	24.83	446.49	0	70.69	2.85
1993	343	18.69	14.4	23.86	398.57	0	78.08	2.72
1993	344	19.39	16.5	23.57	397.26	0.8	80.59	4.16
1993	345	19.18	15.52	23.85	396.18	0.1	80.1	3.6
1993	346	19.24	15	24.28	353.75	0	81.24	2.85
1993	347	19.64	15.87	24.75	349.7	0	82.55	2.64
1993	348	19.65	17.22	23.88	355.75	0.1	85.12	3.01
1993	349	18.97	16.04	22.86	373.16	4.7	87.32	4.19
1993	350	18.27	16.3	21.59	235.59	0	85.91	4.21
1993	351	18.93	15.66	23.38	376.45	0	79.05	3.99
1993	352	18.79	15.6	23.31	400.29	0.1	80.3	3.54
1993	353	19.29	16.03	23.73	350.94	0	76.19	2.57
1993	354	18.81	14.53	23.85	403.15	0	78.18	2.74
1993	355	19.55	15.62	24.47	407.99	0	74.8	3.57
1993	356	19.31	15.92	23.7	323.94	2.2	83.67	3.45
1993	357	18.94	16.36	23.24	309.77	6.7	86.91	3.82
1993	358	20.22	16.91	24.8	409.78	0.7	81.63	3.41
1993	359	20.3	17.16	25.01	417.6	0	83.61	3.95
1993	360	18.96	16.81	22.36	248.07	0.6	86.86	4.58
1993	361	18.91	14.84	23.14	434.42	0	73.13	3.85
1993	362	19.96	15.72	24.86	444.77	0	68.75	3.05
1993	363	20.22	15.6	25.2	410.62	0	77.61	2.63
1993	364	20.21	16.76	25.21	330.63	0	81.03	3.1
1993	365	20.6	17.19	25.44	386.32	0	78.05	2.63
1994	1	19.25	14.12	24.18	280.23	0	62.72	4.63
1994	2	17.98	13.75	23.01	211.09	0.1	72.71	4.88
1994	3	17.25	15.45	20.82	214.32	10.62	87.78	5.48
1994	4	16.94	15.21	19.18	103.83	4.8	89.25	4.65
1994	5	17.62	14.54	21.55	274.51	0.2	77.42	4.38
1994	6	19.42	13.57	24.66	376.05	0	56.91	3.87
1994	7	19.6	14.23	24.56	355.46	0	60.44	4.2
1994	8	19.01	13.81	24.6	361.29	0	73.27	4.48
1994	9	19.48	16.27	24.33	277.82	0	74.98	5.09
1994	10	19.17	15.9	23.54	312.8	0	73.78	4.69
1994	11	19.18	14.34	24.06	300.67	0	70.07	4.13
1994	12	19.84	14.59	25.32	365.58	0	64.35	4.95
1994	13	19.68	13.39	25.11	359.62	0	57.99	4.46
1994	14	19.45	13.8	24.51	341.86	0	57.68	3.85
1994	15	19.78	13.98	24.89	349.03	0	53.19	4.17
1994	16	19.6	14.32	24.98	347.23	0	58.45	4.01
1994	17	19.44	13.62	24.81	280.46	0	61.1	4.05
1994	18	21.2	14.54	27.44	350.85	0	39.06	3.88
1994	19	21.45	15.57	27.25	356.5	0	43.76	3.63
1994	20	20.97	15.4	26.66	353.82	0	53.2	4.18
1994	21	20.88	14.6	26.14	356.25	0	51.04	4.37
1994	22	20.5	16.16	24.79	235.94	0	54.3	4.54
1994	23	20.05	16.04	24.84	262.47	0	65.03	4.02
1994	24	20.01	14.81	25.45	300.24	0	64.15	4.56
1994	25	20.9	14.87	26.58	352.5	0	58.19	4.1
1994	26	18.93	14.78	24.08	340.3	1.72	63.2328	3.64
1994	27	18.93	14.78	24.08	340.3	1.72	63.253312	3.64
1994	28	18.93	14.78	24.08	340.3	1.72	62.87504448	3.64
1994	29	18.93	14.78	24.08	340.3	1.72	61.87884626	3.64
1994	30	18.93	14.78	24.08	340.3	1.72	60.78400011	3.64
1994	31	18.93	14.78	24.08	340.3	1.72	60.11856011	3.64
1994	32	18.93	14.78	24.08	340.3	1.72	60.24690252	3.64
1994	33	18.93	14.78	24.08	340.3	1.72	60.23917862	3.64
1994	34	18.93	14.78	24.08	340.3	1.72	59.71794576	3.64
1994	35	18.93	14.78	24.08	340.3	1.72	59.10746359	3.64
1994	36	18.93	14.78	24.08	340.3	1.72	58.52056214	3.64
1994	37	18.93	14.78	24.08	340.3	1.72	58.05858462	3.64
1994	38	18.93	14.78	24.08	340.3	1.72	57.80692801	3.64
1994	39	18.93	14.78	24.08	340.3	1.72	57.79960513	3.64
1994	40	18.93	14.78	24.08	340.3	1.72	57.80438933	3.64
1994	41	18.93	14.78	24.08	340.3	1.72	57.98896491	3.64
1994	42	18.93	14.78	24.08	340.3	1.72	57.9705235	3.64
1994	43	18.93	14.78	24.08	340.3	1.72	57.84534444	3.64
1994	44	18.93	14.78	24.08	340.3	1.72	58.59675822	3.64
1994	45	18.93	14.78	24.08	340.3	1.72	59.19022855	3.64
1994	46	18.93	14.78	24.08	340.3	1.72	59.42983769	3.64
1994	47	18.93	14.78	24.08	340.3	1.72	59.7654312	3.64
1994	48	18.93	14.78	24.08	340.3	1.72	59.98404845	3.64
1994	49	18.93	14.78	24.08	340.3	1.72	59.78221039	3.64
1994	50	18.93	14.78	24.08	340.3	1.72	59.6074988	3.64
1994	51	18.93	14.78	24.08	340.3	1.72	59.66419875	3.64
1994	52	18.93	14.78	24.08	340.3	1.72	59.5214547	3.64
1994	53	18.93	14.78	24.08	340.3	1.72	59.37218041	3.64
1994	54	18.93	14.78	24.08	340.3	1.72	59.23206585	3.64
1994	55	18.93	14.78	24.08	340.3	1.72	59.12619463	3.64
1994	56	18.93	14.78	24.08	340.3	1.72	59.05988241	3.64
1994	57	18.93	14.78	24.08	340.3	1.72	59.01753531	3.64
1994	58	18.93	14.78	24.08	340.3	1.72	58.96836062	3.64
1994	59	18.93	14.78	24.08	340.3	1.72	58.9175279	3.64
1994	60	18.93	14.78	24.08	352.06	1.72	58.88551118	3.47
1994	61	18.93	14.78	24.08	352.06	1.72	58.87663309	3.47
1994	62	18.93	14.78	24.08	352.06	1.72	58.89087592	3.47
1994	63	18.93	14.78	24.08	352.06	1.72	58.92416758	3.47
1994	64	18.93	14.78	24.08	352.06	1.72	58.96885716	3.47
1994	65	18.93	14.78	24.08	352.06	1.72	59.01562724	3.47
1994	66	18.93	14.78	24.08	352.06	1.72	59.06407676	3.47
1994	67	18.93	14.78	24.08	352.06	1.72	59.10708123	3.47
1994	68	18.93	14.78	24.08	352.06	1.72	59.15254354	3.47
1994	69	18.93	14.78	24.08	352.06	1.72	59.2048315	3.47
1994	70	18.93	14.78	24.08	352.06	1.72	59.22915443	3.47
1994	71	18.93	14.78	24.08	352.06	1.72	59.23071147	3.47
1994	72	18.93	14.78	24.08	352.06	1.72	59.22274642	3.47
1994	73	18.93	14.78	24.08	352.06	1.72	59.20103903	3.47
1994	74	18.93	14.78	24.08	352.06	1.72	59.16971865	3.47
1994	75	18.93	14.78	24.08	352.06	1.72	59.14521898	3.47
1994	76	18.93	14.78	24.08	352.06	1.72	59.12672779	3.47
1994	77	18.93	14.78	24.08	352.06	1.72	59.10522895	3.47
1994	78	18.93	14.78	24.08	352.06	1.72	59.08857992	3.47
1994	79	18.93	14.78	24.08	352.06	1.72	59.0772359	3.47
1994	80	18.93	14.78	24.08	352.06	1.72	59.07104271	3.47
1994	81	18.93	14.78	24.08	352.06	1.72	59.06883663	3.47
1994	82	18.93	14.78	24.08	352.06	1.72	59.0691948	3.47
1994	83	18.93	14.78	24.08	352.06	1.72	59.07126118	3.47
1994	84	18.93	14.78	24.08	352.06	1.72	59.0753772	3.47
1994	85	18.93	14.78	24.08	352.06	1.72	59.08169117	3.47
1994	86	18.93	14.78	24.08	352.06	1.72	59.08953837	3.47
1994	87	18.93	14.78	24.08	352.06	1.72	59.09805458	3.47
1994	88	18.93	14.78	24.08	352.06	1.72	59.10634173	3.47
1994	89	18.93	14.78	24.08	352.06	1.72	59.11362869	3.47
1994	90	18.93	14.78	24.08	352.06	1.72	59.11941956	3.47
1994	91	18.93	14.78	24.08	352.06	1.72	59.12357125	3.47
1994	92	18.93	14.78	24.08	352.06	1.72	59.12595103	3.47
1994	93	18.93	14.78	24.08	352.06	1.72	59.12670582	3.47
1994	94	18.93	14.78	24.08	352.06	1.72	59.12567231	3.47
1994	95	18.93	14.78	24.08	352.06	1.72	59.12250594	3.47
1994	96	18.93	14.78	24.08	352.06	1.72	59.11824	3.47
1994	97	18.93	14.78	24.08	352.06	1.72	59.11374114	3.47
1994	98	18.93	14.78	24.08	352.06	1.72	59.10938093	3.47
1994	99	18.93	14.78	24.08	352.06	1.72	59.10571461	3.47
1994	100	18.93	14.78	24.08	352.06	1.72	59.10315445	3.47
1994	101	18.93	14.78	24.08	352.06	1.72	59.10147187	3.47
1994	102	18.93	14.78	24.08	352.06	1.72	59.10046163	3.47
1994	103	18.93	14.78	24.08	352.06	1.72	59.10027094	3.47
1994	104	18.93	14.78	24.08	352.06	1.72	59.10073858	3.47
1994	105	18.93	14.78	24.08	352.06	1.72	59.10167868	3.47
1994	106	18.93	14.78	24.08	352.06	1.72	59.10290412	3.47
1994	107	18.93	14.78	24.08	352.06	1.72	59.10426682	3.47
1994	108	18.93	14.78	24.08	352.06	1.72	59.1056697	3.47
1994	109	22.3	22.3	22.3	352.06	0	64.7	3.47
1994	110	21.07	17	24.09	352.06	0	71.13	3.74
1994	111	20.16	17.07	25.36	352.06	1	80.23	2.82
1994	112	18.06	16.81	19.59	352.06	17.06	92.29	2.83
1994	113	19.19	15.33	23.64	352.06	0	80.92	2.44
1994	114	20.13	17.32	24.31	352.06	0	81.88	2.65
1994	115	18.92	15.95	22.83	352.06	5.1	86.61	2.42
1994	116	18.55	16.41	22.86	352.06	35	89.17	1.62
1994	117	19.06	15.7	23.06	352.06	0.1	80.9	2.39
1994	118	17.85	16.69	20.08	352.06	11.7	90.83	2.03
1994	119	18.04	15.51	21.49	352.06	0	85.63	2.1
1994	120	18.66	16.79	22.47	352.06	14.3	87.36	2.18
1994	121	18.02	16.16	20.28	352.06	22.6	89.17	2.66
1994	122	18.54	14.62	22.18	352.06	0.6	84.6	2.64
1994	123	18.27	16.54	21.52	352.06	0.1	89.09	3.64
1994	124	18.61	15.12	23.36	352.06	0	83.58	1.96
1994	125	18.67	14.48	23.52	352.06	0	82.14	2.29
1994	126	18.86	15.23	23.42	352.06	0	82.42	2.8
1994	127	18.79	15.61	23.07	352.06	0	83.04	2.71
1994	128	19.09	15.8	23.44	352.06	0	81.1	2.44
1994	129	18.17	16.24	21.58	352.06	0.1	86.29	3.69
1994	130	18.56	16.06	22.68	352.06	0	81.82	3.32
1994	131	18.15	15.1	22.15	352.06	0	82.4	3.2
1994	132	18.06	14.02	23.32	352.06	0	80.69	2.41
1994	133	19.24	15.48	24.25	352.06	0	80.52	2.45
1994	134	19.23	16.33	24.04	352.06	0	79.02	3.41
1994	135	18.59	14.77	23.4	352.06	0	80.56	2.58
1994	136	18.6	14.35	23.74	352.06	0	75.81	2.95
1994	137	19.07	15.98	23.06	352.06	0	78.16	2.98
1994	138	18.29	13.91	22.89	352.06	0	81.01	2.73
1994	139	18.37	14.63	23.8	352.06	0	79.61	2.45
1994	140	19.41	13.13	26.12	352.06	0	72.85	2.35
1994	141	19.27	13.3	24.7	352.06	0	73.65	2.67
1994	142	19.83	15.97	25.45	352.06	0	76.68	2.49
1994	143	19.78	16.04	24.78	352.06	0	77.59	3.21
1994	144	18.99	14.96	23.77	352.06	0	73.95	3.17
1994	145	19.11	14.58	23.87	352.06	0	72.29	3.33
1994	146	18	14.1	22.59	352.06	0	75.42	3.35
1994	147	16.64	12.72	21.05	352.06	0.3	82.01	3.15
1994	148	17.5	14.02	22.45	352.06	0.1	80.72	3.26
1994	149	16.53	14.07	19.75	352.06	2.6	89.1	3.74
1994	150	17.26	13.76	20.82	352.06	0	82.09	2.58
1994	151	18.19	15.48	23.03	165.37	0	78.43	2.52
1994	152	19.1	14.83	24.04	252.18	0	74.88	3.37
1994	153	19.11	15.58	23.99	273.08	2.6	76.13	3.6
1994	154	18	14.69	22.03	69.78	0	80.43	3.46
1994	155	17.66	13.89	22.83	199.47	0	79.68	3.11
1994	156	19.15	14.11	24.66	306.03	0	72.1	2.52
1994	157	18.83	15.25	23.88	200.96	0.2	76.26	3.01
1994	158	18.95	13.44	24.91	360.35	0	62.02	2.54
1994	159	19.36	12.31	26.04	365.95	0	64.25	2.55
1994	160	18.79	15.88	23.8	229.63	0	75.18	3.93
1994	161	18.3	13.62	24.32	251.44	0	74.56	2.85
1994	162	19.59	14.98	24.61	351.39	0	63.15	2.73
1994	163	19.64	14.92	24.48	241.6	0.2	63.95	2.52
1994	164	17.84	13.52	22.29	190.26	0	74.48	2.64
1994	165	18.81	14.98	25.01	245.06	0	78.03	2.24
1994	166	17.89	14.88	21.55	141.38	0	77.07	2.1
1994	167	18.54	14.65	23.95	188.56	0	74.76	2.65
1994	168	16.83	14.59	19.37	54.07	0	80.78	3.03
1994	169	17.38	13.35	22.42	172.24	0	74.23	2.81
1994	170	17.84	12.97	22.96	224.37	0	73.04	2.49
1994	171	18.42	14.65	22.7	138.18	0	77.27	2.83
1994	172	17.83	15.91	20.93	191.66	0	79.93	3.14
1994	173	17.11	14.77	20.05	117.71	0	78.53	2.92
1994	174	16.87	15.44	18.65	61.62	0	81.36	3.27
1994	175	17.72	14.23	22.8	198.47	0	69.59	2.7
1994	176	18.16	13.41	24.21	249.27	0	60.96	2.39
1994	177	16.67	13.5	21.31	115.2	0	76.59	2.67
1994	178	16.59	13.91	20.48	94.91	0	79.69	2.63
1994	179	17.33	12.34	22.77	236.09	0	73.82	2.46
1994	180	16.34	13.54	19.66	114.41	0	79.4	2.51
1994	181	17.5	14.71	21.1	109.4	0	75.77	3.1
1994	182	17.09	14.5	20.39	26.13	0	79.28	3.5
1994	183	16.91	14.71	19.95	85.05	0	75.76	3.45
1994	184	17.14	13.46	21.06	61.39	0	73.3	3.53
1994	185	16.5	13.97	19.82	167.11	0	73.98	3.97
1994	186	15.27	12.43	18.94	12.18	0	79.14	2.19
1994	187	18.06	15.84	19.51	95.63	0	66.31	4.78
1994	188	16.23	14.2	18.34	100.56	0	71.89	4.13
1994	189	16.26	12.37	20.81	159.02	0	72.12	3.26
1994	190	16.77	11.2	23.56	248.11	0	72.19	2.32
1994	191	18.69	10.53	26.26	315.31	0	65.96	2.48
1994	192	18.73	13.05	25.43	289.71	0	67.15	2.61
1994	193	16.82	13.68	20.29	189.55	0	74.61	3
1994	194	16.93	12.67	20.86	192.7	0	72.44	3.07
1994	195	18.08	13.39	23.37	212.77	0	65.2	3.12
1994	196	17.13	12.58	22.48	132.91	0	70.3	2.48
1994	197	16.52	12.53	20.62	203.16	0	72.56	2.49
1994	198	15.86	11.93	19.8	67.65	0	73.96	2.59
1994	199	16.31	12.25	21.51	91.4	0	71.79	3.25
1994	200	16.74	12.41	21.45	65.78	0	73.66	2.79
1994	201	18.82	12.14	25.91	312.23	0	61.97	2.95
1994	202	18.53	13.18	24.25	317.92	0	62.06	3.24
1994	203	17.85	14.49	22.47	64.01	0	70.11	3.15
1994	204	17.62	14.85	21.88	183.78	0	74.82	3.76
1994	205	17.38	13.13	21.38	87.99	0	73.91	2.7
1994	206	18.01	15.6	22.06	164.12	0	74.49	3.37
1994	207	16.77	14.22	22.16	164.8	0	75.2	3.05
1994	208	16.96	12.3	21.48	97.12	0	71.97	2.7
1994	209	16.78	14.6	20.27	100.08	0	75.65	3.99
1994	210	16.67	13.6	21.41	84.46	0	77.88	2.76
1994	211	17.75	12.74	24.26	309.83	0	75.95	2.78
1994	212	18.63	12.91	25.69	320.4	0	71.32	2.99
1994	213	17.26	14.02	21.61	108.1	0	75.7	3.71
1994	214	17.03	13.91	20.32	245.22	0.1	76.65	5.05
1994	215	15.78	15.4	16.35	340.3	0	84.12	3.86
1994	216	18.93	14.78	24.08	340.3	1.72	77.88	3.64
1994	217	18.93	14.78	24.08	340.3	1.72	75.95	3.64
1994	218	18.93	14.78	24.08	340.3	1.72	71.32	3.64
1994	219	18.93	14.78	24.08	340.3	1.72	75.7	3.64
1994	220	19.19	16.1	22.77	340.3	0	60.43	3.98
1994	221	16.3	14.35	19.47	99.72	1.5	82.14	3.25
1994	222	17.41	14.54	21.9	340.3	0	74.2	3.32
1994	223	17.26	13.47	21.84	340.3	0	70.81	2.72
1994	224	16.43	11.83	22.03	340.3	0	69.39	2.8
1994	225	17.57	11.74	23.44	340.3	0	67.25	3.53
1994	226	18.23	12.32	24.09	340.3	0	66.17	3.32
1994	227	19.11	13.96	24.68	340.3	0	69.91	3.56
1994	228	18.74	15.68	22.93	340.3	0	69.27	3.69
1994	229	18.19	14.99	22.6	340.3	0	70.44	3.82
1994	230	17.99	14.35	23.52	340.3	0	68.34	4.51
1994	231	18.84	13.73	25.12	340.3	0	60.16	3.04
1994	232	19.25	12.04	25.81	340.3	0	51.77	3.25
1994	233	19.13	12.72	24.83	340.3	0	55.64	3.8
1994	234	20.08	15.13	25.93	340.3	0	60.22	3.34
1994	235	18.24	12.75	24.9	278.29	0	66.35	3.65
1994	236	18.13	13.52	24.14	286.17	0	67.29	3.42
1994	237	18.43	12.48	24.75	339.26	0	67.22	3.85
1994	238	19.73	14.79	25.96	370.39	0	61.21	3.94
1994	239	19.43	14.24	26.09	348.37	0	62.14	3.64
1994	240	18.38	14.17	23.01	204.73	0	66.11	4.3
1994	241	18.08	13.66	22.52	203.21	0	65.33	4.51
1994	242	18.02	15.12	21.84	184.28	0	72.23	4.32
1994	243	18.07	15.24	22.71	132.61	0	72.33	3.66
1994	244	18.87	15.46	23.51	134.25	0	70.98	3.71
1994	245	18.68	15.53	23.49	177.46	0	71.85	3.22
1994	246	18.9	12.73	25.89	309.28	0	65.73	3.63
1994	247	18.78	14.35	24.48	183.69	0	65.77	3.56
1994	248	19.63	13.74	25.63	239.41	0	65.78	3.22
1994	249	20.42	13.62	26.98	276.93	0	59.99	2.42
1994	250	18.55	15.47	24.24	183.01	23.2	79.81	2.36
1994	251	17.83	15.35	20.88	216.31	1.5	84.97	3.37
1994	252	17.63	15.18	20.3	237.69	0	79.53	3.56
1994	253	18.7	13.12	24.8	304.84	0	69.46	3.47
1994	254	19.63	15.06	25.4	286.39	0	68.96	3.1
1994	255	20.1	15.27	26.39	311.18	0	70.71	2.69
1994	256	18.54	15.58	23.43	212.37	0	78.29	3.58
1994	257	19.3	15.09	24.61	303.08	0	61.66	4.59
1994	258	18.25	15.11	22.31	305.08	0	70.57	3.47
1994	259	19.19	13.58	25.41	335.8	0	67.65	3.06
1994	260	20.08	15.78	27.18	352.88	7.9	69.76	3.16
1994	261	19.27	15.2	24.9	296.61	0	71.05	3.53
1994	262	19.43	14.03	24.85	321.49	0	70.28	3.57
1994	263	20.13	15.04	27.25	425.01	0	68.7	2.81
1994	264	20.11	14.46	26.74	335.61	0	68.67	3.61
1994	265	20.33	15.96	25.85	292.61	0	63.45	4.06
1994	266	19.54	15.6	24.75	214.41	0	65.68	4.21
1994	267	18.87	16.08	24.31	306.57	0	72.24	4.2
1994	268	20.51	14.71	27.22	310.98	0	58.63	3.17
1994	269	20.23	13.96	27.28	291.16	0	64.9	2.78
1994	270	20.27	14.8	26.27	303.74	0	67.24	3.51
1994	271	18.89	16.03	22.69	79.8	0	71.98	3.83
1994	272	19.89	13.95	26.59	315.98	0	67.54	3.7
1994	273	19.74	15.23	26.4	221.85	0	71.17	4.05
1994	274	20.87	16.39	27.58	279.48	0	66.11	3.52
1994	275	20.79	14.59	27.58	290.74	0	61.65	3.22
1994	276	18.98	12.25	25.45	355.89	0	61.51	3.36
1994	277	17.97	16.28	21.07	340.3	0	79.37	4.62
1994	278	18.71	15.17	23.32	340.3	0.1	73.05	3.82
1994	279	20.09	15.8	26.43	340.3	0	67.62	4.09
1994	280	20.12	14.92	26.08	340.3	0	59.02	3.57
1994	281	20.74	13.07	27.9	340.3	0	56.38	3.34
1994	282	21.15	14.46	27.94	340.3	0	61.27	4.24
1994	283	20.8	16.31	27.4	340.3	0	66.42	5.2
1994	284	20.65	14.57	26.53	340.3	0	61.27	4.42
1994	285	21.22	14.61	27.95	29.44	0	58.16	4.01
1994	286	22.07	14.44	29.04	427.23	0	57.17	3.61
1994	287	22.09	16.24	28.14	428.3	0	64.39	5.2
1994	288	21.94	17.65	27.56	348.26	0	67.16	5.57
1994	289	20.65	16.41	25.56	391.86	0.5	73	4.75
1994	290	20.59	17	26.7	287.02	0.1	72.18	3.44
1994	291	21.14	17.4	25.88	391.89	0	71.74	4.22
1994	292	19.67	16.88	24.57	333	0.9	79.34	4.75
1994	293	19.63	14.75	24.34	333.2	0	70.86	3.97
1994	294	20.13	15.77	25.43	317.38	0	68.67	4.18
1994	295	21.29	16.21	26.31	335.48	0	56.17	3.38
1994	296	20.92	15.51	26.96	386.79	0	56.58	3.52
1994	297	21.26	15.27	26.84	361.83	0	62.73	3.41
1994	298	21.43	17.08	26.31	373.89	0	67.31	4.54
1994	299	19.75	16.89	24.27	302.02	1.9	76.47	4.64
1994	300	19.99	16.11	24.47	275.17	0	70.49	3.55
1994	301	20.44	15.29	26.18	299.92	0	67.55	3.87
1994	302	20.44	16.2	25.09	293.17	0	66.86	3.74
1994	303	19.84	16.07	25.11	320.12	0	72.71	4.13
1994	304	19.58	16.66	24.13	286.44	4.5	78.4	4.26
1994	305	20.19	15.98	25.04	301.58	0	72.37	3.77
1994	306	18.89	16.55	22.21	304.4	32.9	85.22	3.63
1994	307	18.28	16.62	22.5	326.5	8.3	88.67	3.3
1994	308	18.22	15.53	21.34	294.16	8.6	84.66	3.2
1994	309	18.8	16.42	23.16	313	7.2	85.41	3
1994	310	19.32	16.17	24.13	442.3	28.39	81.98	3.32
1994	311	19.12	15.6	23.81	471.37	35.8	82.53	2.9
1994	312	18.59	16.89	21.94	329.38	3.1	88.16	3.48
1994	313	19.14	15.53	23.06	388.75	0	78.03	3.7
1994	314	18.8	16.01	22.5	265.7	17.8	85.21	3.72
1994	315	18.04	15.14	21.42	278.59	11.1	87.17	4.04
1994	316	18.82	16.5	23.13	342.78	4.4	86.05	3.73
1994	317	18.97	16.48	22.72	418.36	3.9	87.41	4.58
1994	318	18.57	16.33	23.09	332.43	22.2	89.79	2.51
1994	319	18.42	16.63	22.5	327.11	5.7	89.16	3.26
1994	320	18.56	16.26	22.07	379.33	6.6	87.77	3.73
1994	321	18.58	16.27	22.19	301.92	2.5	87.67	3.39
1994	322	19.16	16.24	23.04	360.37	1.74	82.42	3.52
1994	323	19.33	16.45	23.33	426.02	1.4	82.05	3.47
1994	324	18.81	15.89	23.3	398.04	0.4	85.17	3.46
1994	325	18.89	16.91	22.18	319.64	14.2	87.74	3.58
1994	326	18.29	16.52	21.89	360.61	8.7	91.68	4.05
1994	327	18.41	16.01	21.81	332.88	3.6	87.89	4.08
1994	328	18.6	16.2	22.59	392.39	9	87.44	3.59
1994	329	18.63	16.17	22.4	319.92	6.8	87.22	2.76
1994	330	18.31	15.64	21.96	339	8.4	89.85	3.28
1994	331	19.47	15.78	24.04	471.51	2.6	77.23	3.81
1994	332	19.07	16.67	23.43	349.55	0	83.95	3.15
1994	333	19.54	16.52	23.98	498.21	0	75.99	3.76
1994	334	19.2	15.46	23.4	483.41	0	72.17	3.74
1994	335	19.08	14.87	23.94	461.96	0	71.36	3.2
1994	336	19.51	14.76	24.39	411.98	0	75.32	3.14
1994	337	19.26	16.65	23.41	401.68	0	82.54	3.88
1994	338	18.98	15.93	23.5	363.5	0	80.18	3.54
1994	339	19.21	15.7	24.03	404.09	0	75.45	2.89
1994	340	19.08	16.36	23.58	383.18	0	79.45	2.86
1994	341	19.16	13.78	24.68	473.77	0	76.59	2.78
1994	342	19.31	14.63	24.83	446.49	0	70.69	2.85
1994	343	18.69	14.4	23.86	398.57	0	78.08	2.72
1994	344	19.39	16.5	23.57	397.26	0.8	80.59	4.16
1994	345	19.18	15.52	23.85	396.18	0.1	80.1	3.6
1994	346	19.24	15	24.28	353.75	0	81.24	2.85
1994	347	19.64	15.87	24.75	349.7	0	82.55	2.64
1994	348	19.65	17.22	23.88	355.75	0.1	85.12	3.01
1994	349	18.97	16.04	22.86	373.16	4.7	87.32	4.19
1994	350	18.27	16.3	21.59	235.59	0	85.91	4.21
1994	351	18.93	15.66	23.38	376.45	0	79.05	3.99
1994	352	18.79	15.6	23.31	400.29	0.1	80.3	3.54
1994	353	19.29	16.03	23.73	350.94	0	76.19	2.57
1994	354	18.81	14.53	23.85	403.15	0	78.18	2.74
1994	355	19.55	15.62	24.47	407.99	0	74.8	3.57
1994	356	19.31	15.92	23.7	323.94	2.2	83.67	3.45
1994	357	18.94	16.36	23.24	309.77	6.7	86.91	3.82
1994	358	20.22	16.91	24.8	409.78	0.7	81.63	3.41
1994	359	20.3	17.16	25.01	417.6	0	83.61	3.95
1994	360	18.96	16.81	22.36	248.07	0.6	86.86	4.58
1994	361	18.91	14.84	23.14	434.42	0	73.13	3.85
1994	362	19.96	15.72	24.86	444.77	0	68.75	3.05
1994	363	20.22	15.6	25.2	410.62	0	77.61	2.63
1994	364	20.21	16.76	25.21	330.63	0	81.03	3.1
1994	365	20.6	17.19	25.44	386.32	0	78.05	2.63
1995	1	19.25	14.12	24.18	280.23	0	62.72	4.63
1995	2	17.98	13.75	23.01	211.09	0.1	72.71	4.88
1995	3	17.25	15.45	20.82	214.32	10.62	87.78	5.48
1995	4	16.94	15.21	19.18	103.83	4.8	89.25	4.65
1995	5	17.62	14.54	21.55	274.51	0.2	77.42	4.38
1995	6	19.42	13.57	24.66	376.05	0	56.91	3.87
1995	7	19.6	14.23	24.56	355.46	0	60.44	4.2
1995	8	19.01	13.81	24.6	361.29	0	73.27	4.48
1995	9	19.48	16.27	24.33	277.82	0	74.98	5.09
1995	10	19.17	15.9	23.54	312.8	0	73.78	4.69
1995	11	19.18	14.34	24.06	300.67	0	70.07	4.13
1995	12	19.84	14.59	25.32	365.58	0	64.35	4.95
1995	13	19.68	13.39	25.11	359.62	0	57.99	4.46
1995	14	19.45	13.8	24.51	341.86	0	57.68	3.85
1995	15	19.78	13.98	24.89	349.03	0	53.19	4.17
1995	16	19.6	14.32	24.98	347.23	0	58.45	4.01
1995	17	19.44	13.62	24.81	280.46	0	61.1	4.05
1995	18	21.2	14.54	27.44	350.85	0	39.06	3.88
1995	19	21.45	15.57	27.25	356.5	0	43.76	3.63
1995	20	20.97	15.4	26.66	353.82	0	53.2	4.18
1995	21	20.88	14.6	26.14	356.25	0	51.04	4.37
1995	22	20.5	16.16	24.79	235.94	0	54.3	4.54
1995	23	20.05	16.04	24.84	262.47	0	65.03	4.02
1995	24	20.01	14.81	25.45	300.24	0	64.15	4.56
1995	25	20.9	14.87	26.58	352.5	0	58.19	4.1
1995	26	18.93	14.78	24.08	340.3	1.72	63.2328	3.64
1995	27	18.93	14.78	24.08	340.3	1.72	63.253312	3.64
1995	28	18.93	14.78	24.08	340.3	1.72	62.87504448	3.64
1995	29	18.93	14.78	24.08	340.3	1.72	61.87884626	3.64
1995	30	18.93	14.78	24.08	340.3	1.72	60.78400011	3.64
1995	31	18.93	14.78	24.08	340.3	1.72	60.11856011	3.64
1995	32	18.93	14.78	24.08	340.3	1.72	60.24690252	3.64
1995	33	18.93	14.78	24.08	340.3	1.72	60.23917862	3.64
1995	34	18.93	14.78	24.08	340.3	1.72	59.71794576	3.64
1995	35	18.93	14.78	24.08	340.3	1.72	59.10746359	3.64
1995	36	18.93	14.78	24.08	340.3	1.72	58.52056214	3.64
1995	37	18.93	14.78	24.08	340.3	1.72	58.05858462	3.64
1995	38	18.93	14.78	24.08	340.3	1.72	57.80692801	3.64
1995	39	18.93	14.78	24.08	340.3	1.72	57.79960513	3.64
1995	40	18.93	14.78	24.08	340.3	1.72	57.80438933	3.64
1995	41	18.93	14.78	24.08	340.3	1.72	57.98896491	3.64
1995	42	18.93	14.78	24.08	340.3	1.72	57.9705235	3.64
1995	43	18.93	14.78	24.08	340.3	1.72	57.84534444	3.64
1995	44	18.93	14.78	24.08	340.3	1.72	58.59675822	3.64
1995	45	18.93	14.78	24.08	340.3	1.72	59.19022855	3.64
1995	46	18.93	14.78	24.08	340.3	1.72	59.42983769	3.64
1995	47	18.93	14.78	24.08	340.3	1.72	59.7654312	3.64
1995	48	18.93	14.78	24.08	340.3	1.72	59.98404845	3.64
1995	49	18.93	14.78	24.08	340.3	1.72	59.78221039	3.64
1995	50	18.93	14.78	24.08	340.3	1.72	59.6074988	3.64
1995	51	18.93	14.78	24.08	340.3	1.72	59.66419875	3.64
1995	52	18.93	14.78	24.08	340.3	1.72	59.5214547	3.64
1995	53	18.93	14.78	24.08	340.3	1.72	59.37218041	3.64
1995	54	18.93	14.78	24.08	340.3	1.72	59.23206585	3.64
1995	55	18.93	14.78	24.08	340.3	1.72	59.12619463	3.64
1995	56	18.93	14.78	24.08	340.3	1.72	59.05988241	3.64
1995	57	18.93	14.78	24.08	340.3	1.72	59.01753531	3.64
1995	58	18.93	14.78	24.08	340.3	1.72	58.96836062	3.64
1995	59	18.93	14.78	24.08	340.3	1.72	58.9175279	3.64
1995	60	18.93	14.78	24.08	352.06	1.72	58.88551118	3.47
1995	61	18.93	14.78	24.08	352.06	1.72	58.87663309	3.47
1995	62	18.93	14.78	24.08	352.06	1.72	58.89087592	3.47
1995	63	18.93	14.78	24.08	352.06	1.72	58.92416758	3.47
1995	64	18.93	14.78	24.08	352.06	1.72	58.96885716	3.47
1995	65	18.93	14.78	24.08	352.06	1.72	59.01562724	3.47
1995	66	18.93	14.78	24.08	352.06	1.72	59.06407676	3.47
1995	67	18.93	14.78	24.08	352.06	1.72	59.10708123	3.47
1995	68	18.93	14.78	24.08	352.06	1.72	59.15254354	3.47
1995	69	18.93	14.78	24.08	352.06	1.72	59.2048315	3.47
1995	70	18.93	14.78	24.08	352.06	1.72	59.22915443	3.47
1995	71	18.93	14.78	24.08	352.06	1.72	59.23071147	3.47
1995	72	18.93	14.78	24.08	352.06	1.72	59.22274642	3.47
1995	73	18.93	14.78	24.08	352.06	1.72	59.20103903	3.47
1995	74	18.93	14.78	24.08	352.06	1.72	59.16971865	3.47
1995	75	18.93	14.78	24.08	352.06	1.72	59.14521898	3.47
1995	76	18.93	14.78	24.08	352.06	1.72	59.12672779	3.47
1995	77	18.93	14.78	24.08	352.06	1.72	59.10522895	3.47
1995	78	18.93	14.78	24.08	352.06	1.72	59.08857992	3.47
1995	79	18.93	14.78	24.08	352.06	1.72	59.0772359	3.47
1995	80	18.93	14.78	24.08	352.06	1.72	59.07104271	3.47
1995	81	18.93	14.78	24.08	352.06	1.72	59.06883663	3.47
1995	82	18.93	14.78	24.08	352.06	1.72	59.0691948	3.47
1995	83	18.93	14.78	24.08	352.06	1.72	59.07126118	3.47
1995	84	18.93	14.78	24.08	352.06	1.72	59.0753772	3.47
1995	85	18.93	14.78	24.08	352.06	1.72	59.08169117	3.47
1995	86	18.93	14.78	24.08	352.06	1.72	59.08953837	3.47
1995	87	18.93	14.78	24.08	352.06	1.72	59.09805458	3.47
1995	88	18.93	14.78	24.08	352.06	1.72	59.10634173	3.47
1995	89	18.93	14.78	24.08	352.06	1.72	59.11362869	3.47
1995	90	18.93	14.78	24.08	352.06	1.72	59.11941956	3.47
1995	91	18.93	14.78	24.08	352.06	1.72	59.12357125	3.47
1995	92	18.93	14.78	24.08	352.06	1.72	59.12595103	3.47
1995	93	18.93	14.78	24.08	352.06	1.72	59.12670582	3.47
1995	94	18.93	14.78	24.08	352.06	1.72	59.12567231	3.47
1995	95	18.93	14.78	24.08	352.06	1.72	59.12250594	3.47
1995	96	18.93	14.78	24.08	352.06	1.72	59.11824	3.47
1995	97	18.93	14.78	24.08	352.06	1.72	59.11374114	3.47
1995	98	18.93	14.78	24.08	352.06	1.72	59.10938093	3.47
1995	99	18.93	14.78	24.08	352.06	1.72	59.10571461	3.47
1995	100	18.93	14.78	24.08	352.06	1.72	59.10315445	3.47
1995	101	18.93	14.78	24.08	352.06	1.72	59.10147187	3.47
1995	102	18.93	14.78	24.08	352.06	1.72	59.10046163	3.47
1995	103	18.93	14.78	24.08	352.06	1.72	59.10027094	3.47
1995	104	18.93	14.78	24.08	352.06	1.72	59.10073858	3.47
1995	105	18.93	14.78	24.08	352.06	1.72	59.10167868	3.47
1995	106	18.93	14.78	24.08	352.06	1.72	59.10290412	3.47
1995	107	18.93	14.78	24.08	352.06	1.72	59.10426682	3.47
1995	108	18.93	14.78	24.08	352.06	1.72	59.1056697	3.47
1995	109	22.3	22.3	22.3	352.06	0	64.7	3.47
1995	110	21.07	17	24.09	352.06	0	71.13	3.74
1995	111	20.16	17.07	25.36	352.06	1	80.23	2.82
1995	112	18.06	16.81	19.59	352.06	17.06	92.29	2.83
1995	113	19.19	15.33	23.64	352.06	0	80.92	2.44
1995	114	20.13	17.32	24.31	352.06	0	81.88	2.65
1995	115	18.92	15.95	22.83	352.06	5.1	86.61	2.42
1995	116	18.55	16.41	22.86	352.06	35	89.17	1.62
1995	117	19.06	15.7	23.06	352.06	0.1	80.9	2.39
1995	118	17.85	16.69	20.08	352.06	11.7	90.83	2.03
1995	119	18.04	15.51	21.49	352.06	0	85.63	2.1
1995	120	18.66	16.79	22.47	352.06	14.3	87.36	2.18
1995	121	18.02	16.16	20.28	352.06	22.6	89.17	2.66
1995	122	18.54	14.62	22.18	352.06	0.6	84.6	2.64
1995	123	18.27	16.54	21.52	352.06	0.1	89.09	3.64
1995	124	18.61	15.12	23.36	352.06	0	83.58	1.96
1995	125	18.67	14.48	23.52	352.06	0	82.14	2.29
1995	126	18.86	15.23	23.42	352.06	0	82.42	2.8
1995	127	18.79	15.61	23.07	352.06	0	83.04	2.71
1995	128	19.09	15.8	23.44	352.06	0	81.1	2.44
1995	129	18.17	16.24	21.58	352.06	0.1	86.29	3.69
1995	130	18.56	16.06	22.68	352.06	0	81.82	3.32
1995	131	18.15	15.1	22.15	352.06	0	82.4	3.2
1995	132	18.06	14.02	23.32	352.06	0	80.69	2.41
1995	133	19.24	15.48	24.25	352.06	0	80.52	2.45
1995	134	19.23	16.33	24.04	352.06	0	79.02	3.41
1995	135	18.59	14.77	23.4	352.06	0	80.56	2.58
1995	136	18.6	14.35	23.74	352.06	0	75.81	2.95
1995	137	19.07	15.98	23.06	352.06	0	78.16	2.98
1995	138	18.29	13.91	22.89	352.06	0	81.01	2.73
1995	139	18.37	14.63	23.8	352.06	0	79.61	2.45
1995	140	19.41	13.13	26.12	352.06	0	72.85	2.35
1995	141	19.27	13.3	24.7	352.06	0	73.65	2.67
1995	142	19.83	15.97	25.45	352.06	0	76.68	2.49
1995	143	19.78	16.04	24.78	352.06	0	77.59	3.21
1995	144	18.99	14.96	23.77	352.06	0	73.95	3.17
1995	145	19.11	14.58	23.87	352.06	0	72.29	3.33
1995	146	18	14.1	22.59	352.06	0	75.42	3.35
1995	147	16.64	12.72	21.05	352.06	0.3	82.01	3.15
1995	148	17.5	14.02	22.45	352.06	0.1	80.72	3.26
1995	149	16.53	14.07	19.75	352.06	2.6	89.1	3.74
1995	150	17.26	13.76	20.82	352.06	0	82.09	2.58
1995	151	18.19	15.48	23.03	165.37	0	78.43	2.52
1995	152	19.1	14.83	24.04	252.18	0	74.88	3.37
1995	153	19.11	15.58	23.99	273.08	2.6	76.13	3.6
1995	154	18	14.69	22.03	69.78	0	80.43	3.46
1995	155	17.66	13.89	22.83	199.47	0	79.68	3.11
1995	156	19.15	14.11	24.66	306.03	0	72.1	2.52
1995	157	18.83	15.25	23.88	200.96	0.2	76.26	3.01
1995	158	18.95	13.44	24.91	360.35	0	62.02	2.54
1995	159	19.36	12.31	26.04	365.95	0	64.25	2.55
1995	160	18.79	15.88	23.8	229.63	0	75.18	3.93
1995	161	18.3	13.62	24.32	251.44	0	74.56	2.85
1995	162	19.59	14.98	24.61	351.39	0	63.15	2.73
1995	163	19.64	14.92	24.48	241.6	0.2	63.95	2.52
1995	164	17.84	13.52	22.29	190.26	0	74.48	2.64
1995	165	18.81	14.98	25.01	245.06	0	78.03	2.24
1995	166	17.89	14.88	21.55	141.38	0	77.07	2.1
1995	167	18.54	14.65	23.95	188.56	0	74.76	2.65
1995	168	16.83	14.59	19.37	54.07	0	80.78	3.03
1995	169	17.38	13.35	22.42	172.24	0	74.23	2.81
1995	170	17.84	12.97	22.96	224.37	0	73.04	2.49
1995	171	18.42	14.65	22.7	138.18	0	77.27	2.83
1995	172	17.83	15.91	20.93	191.66	0	79.93	3.14
1995	173	17.11	14.77	20.05	117.71	0	78.53	2.92
1995	174	16.87	15.44	18.65	61.62	0	81.36	3.27
1995	175	17.72	14.23	22.8	198.47	0	69.59	2.7
1995	176	18.16	13.41	24.21	249.27	0	60.96	2.39
1995	177	16.67	13.5	21.31	115.2	0	76.59	2.67
1995	178	16.59	13.91	20.48	94.91	0	79.69	2.63
1995	179	17.33	12.34	22.77	236.09	0	73.82	2.46
1995	180	16.34	13.54	19.66	114.41	0	79.4	2.51
1995	181	17.5	14.71	21.1	109.4	0	75.77	3.1
1995	182	17.09	14.5	20.39	26.13	0	79.28	3.5
1995	183	16.91	14.71	19.95	85.05	0	75.76	3.45
1995	184	17.14	13.46	21.06	61.39	0	73.3	3.53
1995	185	16.5	13.97	19.82	167.11	0	73.98	3.97
1995	186	15.27	12.43	18.94	12.18	0	79.14	2.19
1995	187	18.06	15.84	19.51	95.63	0	66.31	4.78
1995	188	16.23	14.2	18.34	100.56	0	71.89	4.13
1995	189	16.26	12.37	20.81	159.02	0	72.12	3.26
1995	190	16.77	11.2	23.56	248.11	0	72.19	2.32
1995	191	18.69	10.53	26.26	315.31	0	65.96	2.48
1995	192	18.73	13.05	25.43	289.71	0	67.15	2.61
1995	193	16.82	13.68	20.29	189.55	0	74.61	3
1995	194	16.93	12.67	20.86	192.7	0	72.44	3.07
1995	195	18.08	13.39	23.37	212.77	0	65.2	3.12
1995	196	17.13	12.58	22.48	132.91	0	70.3	2.48
1995	197	16.52	12.53	20.62	203.16	0	72.56	2.49
1995	198	15.86	11.93	19.8	67.65	0	73.96	2.59
1995	199	16.31	12.25	21.51	91.4	0	71.79	3.25
1995	200	16.74	12.41	21.45	65.78	0	73.66	2.79
1995	201	18.82	12.14	25.91	312.23	0	61.97	2.95
1995	202	18.53	13.18	24.25	317.92	0	62.06	3.24
1995	203	17.85	14.49	22.47	64.01	0	70.11	3.15
1995	204	17.62	14.85	21.88	183.78	0	74.82	3.76
1995	205	17.38	13.13	21.38	87.99	0	73.91	2.7
1995	206	18.01	15.6	22.06	164.12	0	74.49	3.37
1995	207	16.77	14.22	22.16	164.8	0	75.2	3.05
1995	208	16.96	12.3	21.48	97.12	0	71.97	2.7
1995	209	16.78	14.6	20.27	100.08	0	75.65	3.99
1995	210	16.67	13.6	21.41	84.46	0	77.88	2.76
1995	211	17.75	12.74	24.26	309.83	0	75.95	2.78
1995	212	18.63	12.91	25.69	320.4	0	71.32	2.99
1995	213	17.26	14.02	21.61	108.1	0	75.7	3.71
1995	214	17.03	13.91	20.32	245.22	0.1	76.65	5.05
1995	215	15.78	15.4	16.35	340.3	0	84.12	3.86
1995	216	18.93	14.78	24.08	340.3	1.72	77.88	3.64
1995	217	18.93	14.78	24.08	340.3	1.72	75.95	3.64
1995	218	18.93	14.78	24.08	340.3	1.72	71.32	3.64
1995	219	18.93	14.78	24.08	340.3	1.72	75.7	3.64
1995	220	19.19	16.1	22.77	340.3	0	60.43	3.98
1995	221	16.3	14.35	19.47	99.72	1.5	82.14	3.25
1995	222	17.41	14.54	21.9	340.3	0	74.2	3.32
1995	223	17.26	13.47	21.84	340.3	0	70.81	2.72
1995	224	16.43	11.83	22.03	340.3	0	69.39	2.8
1995	225	17.57	11.74	23.44	340.3	0	67.25	3.53
1995	226	18.23	12.32	24.09	340.3	0	66.17	3.32
1995	227	19.11	13.96	24.68	340.3	0	69.91	3.56
1995	228	18.74	15.68	22.93	340.3	0	69.27	3.69
1995	229	18.19	14.99	22.6	340.3	0	70.44	3.82
1995	230	17.99	14.35	23.52	340.3	0	68.34	4.51
1995	231	18.84	13.73	25.12	340.3	0	60.16	3.04
1995	232	19.25	12.04	25.81	340.3	0	51.77	3.25
1995	233	19.13	12.72	24.83	340.3	0	55.64	3.8
1995	234	20.08	15.13	25.93	340.3	0	60.22	3.34
1995	235	18.24	12.75	24.9	278.29	0	66.35	3.65
1995	236	18.13	13.52	24.14	286.17	0	67.29	3.42
1995	237	18.43	12.48	24.75	339.26	0	67.22	3.85
1995	238	19.73	14.79	25.96	370.39	0	61.21	3.94
1995	239	19.43	14.24	26.09	348.37	0	62.14	3.64
1995	240	18.38	14.17	23.01	204.73	0	66.11	4.3
1995	241	18.08	13.66	22.52	203.21	0	65.33	4.51
1995	242	18.02	15.12	21.84	184.28	0	72.23	4.32
1995	243	18.07	15.24	22.71	132.61	0	72.33	3.66
1995	244	18.87	15.46	23.51	134.25	0	70.98	3.71
1995	245	18.68	15.53	23.49	177.46	0	71.85	3.22
1995	246	18.9	12.73	25.89	309.28	0	65.73	3.63
1995	247	18.78	14.35	24.48	183.69	0	65.77	3.56
1995	248	19.63	13.74	25.63	239.41	0	65.78	3.22
1995	249	20.42	13.62	26.98	276.93	0	59.99	2.42
1995	250	18.55	15.47	24.24	183.01	23.2	79.81	2.36
1995	251	17.83	15.35	20.88	216.31	1.5	84.97	3.37
1995	252	17.63	15.18	20.3	237.69	0	79.53	3.56
1995	253	18.7	13.12	24.8	304.84	0	69.46	3.47
1995	254	19.63	15.06	25.4	286.39	0	68.96	3.1
1995	255	20.1	15.27	26.39	311.18	0	70.71	2.69
1995	256	18.54	15.58	23.43	212.37	0	78.29	3.58
1995	257	19.3	15.09	24.61	303.08	0	61.66	4.59
1995	258	18.25	15.11	22.31	305.08	0	70.57	3.47
1995	259	19.19	13.58	25.41	335.8	0	67.65	3.06
1995	260	20.08	15.78	27.18	352.88	7.9	69.76	3.16
1995	261	19.27	15.2	24.9	296.61	0	71.05	3.53
1995	262	19.43	14.03	24.85	321.49	0	70.28	3.57
1995	263	20.13	15.04	27.25	425.01	0	68.7	2.81
1995	264	20.11	14.46	26.74	335.61	0	68.67	3.61
1995	265	20.33	15.96	25.85	292.61	0	63.45	4.06
1995	266	19.54	15.6	24.75	214.41	0	65.68	4.21
1995	267	18.87	16.08	24.31	306.57	0	72.24	4.2
1995	268	20.51	14.71	27.22	310.98	0	58.63	3.17
1995	269	20.23	13.96	27.28	291.16	0	64.9	2.78
1995	270	20.27	14.8	26.27	303.74	0	67.24	3.51
1995	271	18.89	16.03	22.69	79.8	0	71.98	3.83
1995	272	19.89	13.95	26.59	315.98	0	67.54	3.7
1995	273	19.74	15.23	26.4	221.85	0	71.17	4.05
1995	274	20.87	16.39	27.58	279.48	0	66.11	3.52
1995	275	20.79	14.59	27.58	290.74	0	61.65	3.22
1995	276	18.98	12.25	25.45	355.89	0	61.51	3.36
1995	277	17.97	16.28	21.07	340.3	0	79.37	4.62
1995	278	18.71	15.17	23.32	340.3	0.1	73.05	3.82
1995	279	20.09	15.8	26.43	340.3	0	67.62	4.09
1995	280	20.12	14.92	26.08	340.3	0	59.02	3.57
1995	281	20.74	13.07	27.9	340.3	0	56.38	3.34
1995	282	21.15	14.46	27.94	340.3	0	61.27	4.24
1995	283	20.8	16.31	27.4	340.3	0	66.42	5.2
1995	284	20.65	14.57	26.53	340.3	0	61.27	4.42
1995	285	21.22	14.61	27.95	29.44	0	58.16	4.01
1995	286	22.07	14.44	29.04	427.23	0	57.17	3.61
1995	287	22.09	16.24	28.14	428.3	0	64.39	5.2
1995	288	21.94	17.65	27.56	348.26	0	67.16	5.57
1995	289	20.65	16.41	25.56	391.86	0.5	73	4.75
1995	290	20.59	17	26.7	287.02	0.1	72.18	3.44
1995	291	21.14	17.4	25.88	391.89	0	71.74	4.22
1995	292	19.67	16.88	24.57	333	0.9	79.34	4.75
1995	293	19.63	14.75	24.34	333.2	0	70.86	3.97
1995	294	20.13	15.77	25.43	317.38	0	68.67	4.18
1995	295	21.29	16.21	26.31	335.48	0	56.17	3.38
1995	296	20.92	15.51	26.96	386.79	0	56.58	3.52
1995	297	21.26	15.27	26.84	361.83	0	62.73	3.41
1995	298	21.43	17.08	26.31	373.89	0	67.31	4.54
1995	299	19.75	16.89	24.27	302.02	1.9	76.47	4.64
1995	300	19.99	16.11	24.47	275.17	0	70.49	3.55
1995	301	20.44	15.29	26.18	299.92	0	67.55	3.87
1995	302	20.44	16.2	25.09	293.17	0	66.86	3.74
1995	303	19.84	16.07	25.11	320.12	0	72.71	4.13
1995	304	19.58	16.66	24.13	286.44	4.5	78.4	4.26
1995	305	20.19	15.98	25.04	301.58	0	72.37	3.77
1995	306	18.89	16.55	22.21	304.4	32.9	85.22	3.63
1995	307	18.28	16.62	22.5	326.5	8.3	88.67	3.3
1995	308	18.22	15.53	21.34	294.16	8.6	84.66	3.2
1995	309	18.8	16.42	23.16	313	7.2	85.41	3
1995	310	19.32	16.17	24.13	442.3	28.39	81.98	3.32
1995	311	19.12	15.6	23.81	471.37	35.8	82.53	2.9
1995	312	18.59	16.89	21.94	329.38	3.1	88.16	3.48
1995	313	19.14	15.53	23.06	388.75	0	78.03	3.7
1995	314	18.8	16.01	22.5	265.7	17.8	85.21	3.72
1995	315	18.04	15.14	21.42	278.59	11.1	87.17	4.04
1995	316	18.82	16.5	23.13	342.78	4.4	86.05	3.73
1995	317	18.97	16.48	22.72	418.36	3.9	87.41	4.58
1995	318	18.57	16.33	23.09	332.43	22.2	89.79	2.51
1995	319	18.42	16.63	22.5	327.11	5.7	89.16	3.26
1995	320	18.56	16.26	22.07	379.33	6.6	87.77	3.73
1995	321	18.58	16.27	22.19	301.92	2.5	87.67	3.39
1995	322	19.16	16.24	23.04	360.37	1.74	82.42	3.52
1995	323	19.33	16.45	23.33	426.02	1.4	82.05	3.47
1995	324	18.81	15.89	23.3	398.04	0.4	85.17	3.46
1995	325	18.89	16.91	22.18	319.64	14.2	87.74	3.58
1995	326	18.29	16.52	21.89	360.61	8.7	91.68	4.05
1995	327	18.41	16.01	21.81	332.88	3.6	87.89	4.08
1995	328	18.6	16.2	22.59	392.39	9	87.44	3.59
1995	329	18.63	16.17	22.4	319.92	6.8	87.22	2.76
1995	330	18.31	15.64	21.96	339	8.4	89.85	3.28
1995	331	19.47	15.78	24.04	471.51	2.6	77.23	3.81
1995	332	19.07	16.67	23.43	349.55	0	83.95	3.15
1995	333	19.54	16.52	23.98	498.21	0	75.99	3.76
1995	334	19.2	15.46	23.4	483.41	0	72.17	3.74
1995	335	19.08	14.87	23.94	461.96	0	71.36	3.2
1995	336	19.51	14.76	24.39	411.98	0	75.32	3.14
1995	337	19.26	16.65	23.41	401.68	0	82.54	3.88
1995	338	18.98	15.93	23.5	363.5	0	80.18	3.54
1995	339	19.21	15.7	24.03	404.09	0	75.45	2.89
1995	340	19.08	16.36	23.58	383.18	0	79.45	2.86
1995	341	19.16	13.78	24.68	473.77	0	76.59	2.78
1995	342	19.31	14.63	24.83	446.49	0	70.69	2.85
1995	343	18.69	14.4	23.86	398.57	0	78.08	2.72
1995	344	19.39	16.5	23.57	397.26	0.8	80.59	4.16
1995	345	19.18	15.52	23.85	396.18	0.1	80.1	3.6
1995	346	19.24	15	24.28	353.75	0	81.24	2.85
1995	347	19.64	15.87	24.75	349.7	0	82.55	2.64
1995	348	19.65	17.22	23.88	355.75	0.1	85.12	3.01
1995	349	18.97	16.04	22.86	373.16	4.7	87.32	4.19
1995	350	18.27	16.3	21.59	235.59	0	85.91	4.21
1995	351	18.93	15.66	23.38	376.45	0	79.05	3.99
1995	352	18.79	15.6	23.31	400.29	0.1	80.3	3.54
1995	353	19.29	16.03	23.73	350.94	0	76.19	2.57
1995	354	18.81	14.53	23.85	403.15	0	78.18	2.74
1995	355	19.55	15.62	24.47	407.99	0	74.8	3.57
1995	356	19.31	15.92	23.7	323.94	2.2	83.67	3.45
1995	357	18.94	16.36	23.24	309.77	6.7	86.91	3.82
1995	358	20.22	16.91	24.8	409.78	0.7	81.63	3.41
1995	359	20.3	17.16	25.01	417.6	0	83.61	3.95
1995	360	18.96	16.81	22.36	248.07	0.6	86.86	4.58
1995	361	18.91	14.84	23.14	434.42	0	73.13	3.85
1995	362	19.96	15.72	24.86	444.77	0	68.75	3.05
1995	363	20.22	15.6	25.2	410.62	0	77.61	2.63
1995	364	20.21	16.76	25.21	330.63	0	81.03	3.1
1995	365	20.6	17.19	25.44	386.32	0	78.05	2.63
1996	1	19.25	14.12	24.18	280.23	0	62.72	4.63
1996	2	17.98	13.75	23.01	211.09	0.1	72.71	4.88
1996	3	17.25	15.45	20.82	214.32	10.62	87.78	5.48
1996	4	16.94	15.21	19.18	103.83	4.8	89.25	4.65
1996	5	17.62	14.54	21.55	274.51	0.2	77.42	4.38
1996	6	19.42	13.57	24.66	376.05	0	56.91	3.87
1996	7	19.6	14.23	24.56	355.46	0	60.44	4.2
1996	8	19.01	13.81	24.6	361.29	0	73.27	4.48
1996	9	19.48	16.27	24.33	277.82	0	74.98	5.09
1996	10	19.17	15.9	23.54	312.8	0	73.78	4.69
1996	11	19.18	14.34	24.06	300.67	0	70.07	4.13
1996	12	19.84	14.59	25.32	365.58	0	64.35	4.95
1996	13	19.68	13.39	25.11	359.62	0	57.99	4.46
1996	14	19.45	13.8	24.51	341.86	0	57.68	3.85
1996	15	19.78	13.98	24.89	349.03	0	53.19	4.17
1996	16	19.6	14.32	24.98	347.23	0	58.45	4.01
1996	17	19.44	13.62	24.81	280.46	0	61.1	4.05
1996	18	21.2	14.54	27.44	350.85	0	39.06	3.88
1996	19	21.45	15.57	27.25	356.5	0	43.76	3.63
1996	20	20.97	15.4	26.66	353.82	0	53.2	4.18
1996	21	20.88	14.6	26.14	356.25	0	51.04	4.37
1996	22	20.5	16.16	24.79	235.94	0	54.3	4.54
1996	23	20.05	16.04	24.84	262.47	0	65.03	4.02
1996	24	20.01	14.81	25.45	300.24	0	64.15	4.56
1996	25	20.9	14.87	26.58	352.5	0	58.19	4.1
1996	26	18.93	14.78	24.08	340.3	1.72	63.2328	3.64
1996	27	18.93	14.78	24.08	340.3	1.72	63.253312	3.64
1996	28	18.93	14.78	24.08	340.3	1.72	62.87504448	3.64
1996	29	18.93	14.78	24.08	340.3	1.72	61.87884626	3.64
1996	30	18.93	14.78	24.08	340.3	1.72	60.78400011	3.64
1996	31	18.93	14.78	24.08	340.3	1.72	60.11856011	3.64
1996	32	18.93	14.78	24.08	340.3	1.72	60.24690252	3.64
1996	33	18.93	14.78	24.08	340.3	1.72	60.23917862	3.64
1996	34	18.93	14.78	24.08	340.3	1.72	59.71794576	3.64
1996	35	18.93	14.78	24.08	340.3	1.72	59.10746359	3.64
1996	36	18.93	14.78	24.08	340.3	1.72	58.52056214	3.64
1996	37	18.93	14.78	24.08	340.3	1.72	58.05858462	3.64
1996	38	18.93	14.78	24.08	340.3	1.72	57.80692801	3.64
1996	39	18.93	14.78	24.08	340.3	1.72	57.79960513	3.64
1996	40	18.93	14.78	24.08	340.3	1.72	57.80438933	3.64
1996	41	18.93	14.78	24.08	340.3	1.72	57.98896491	3.64
1996	42	18.93	14.78	24.08	340.3	1.72	57.9705235	3.64
1996	43	18.93	14.78	24.08	340.3	1.72	57.84534444	3.64
1996	44	18.93	14.78	24.08	340.3	1.72	58.59675822	3.64
1996	45	18.93	14.78	24.08	340.3	1.72	59.19022855	3.64
1996	46	18.93	14.78	24.08	340.3	1.72	59.42983769	3.64
1996	47	18.93	14.78	24.08	340.3	1.72	59.7654312	3.64
1996	48	18.93	14.78	24.08	340.3	1.72	59.98404845	3.64
1996	49	18.93	14.78	24.08	340.3	1.72	59.78221039	3.64
1996	50	18.93	14.78	24.08	340.3	1.72	59.6074988	3.64
1996	51	18.93	14.78	24.08	340.3	1.72	59.66419875	3.64
1996	52	18.93	14.78	24.08	340.3	1.72	59.5214547	3.64
1996	53	18.93	14.78	24.08	340.3	1.72	59.37218041	3.64
1996	54	18.93	14.78	24.08	340.3	1.72	59.23206585	3.64
1996	55	18.93	14.78	24.08	340.3	1.72	59.12619463	3.64
1996	56	18.93	14.78	24.08	340.3	1.72	59.05988241	3.64
1996	57	18.93	14.78	24.08	340.3	1.72	59.01753531	3.64
1996	58	18.93	14.78	24.08	340.3	1.72	58.96836062	3.64
1996	59	18.93	14.78	24.08	340.3	1.72	58.9175279	3.64
1996	60	18.93	14.78	24.08	352.06	1.72	58.88551118	3.47
1996	61	18.93	14.78	24.08	352.06	1.72	58.87663309	3.47
1996	62	18.93	14.78	24.08	352.06	1.72	58.89087592	3.47
1996	63	18.93	14.78	24.08	352.06	1.72	58.92416758	3.47
1996	64	18.93	14.78	24.08	352.06	1.72	58.96885716	3.47
1996	65	18.93	14.78	24.08	352.06	1.72	59.01562724	3.47
1996	66	18.93	14.78	24.08	352.06	1.72	59.06407676	3.47
1996	67	18.93	14.78	24.08	352.06	1.72	59.10708123	3.47
1996	68	18.93	14.78	24.08	352.06	1.72	59.15254354	3.47
1996	69	18.93	14.78	24.08	352.06	1.72	59.2048315	3.47
1996	70	18.93	14.78	24.08	352.06	1.72	59.22915443	3.47
1996	71	18.93	14.78	24.08	352.06	1.72	59.23071147	3.47
1996	72	18.93	14.78	24.08	352.06	1.72	59.22274642	3.47
1996	73	18.93	14.78	24.08	352.06	1.72	59.20103903	3.47
1996	74	18.93	14.78	24.08	352.06	1.72	59.16971865	3.47
1996	75	18.93	14.78	24.08	352.06	1.72	59.14521898	3.47
1996	76	18.93	14.78	24.08	352.06	1.72	59.12672779	3.47
1996	77	18.93	14.78	24.08	352.06	1.72	59.10522895	3.47
1996	78	18.93	14.78	24.08	352.06	1.72	59.08857992	3.47
1996	79	18.93	14.78	24.08	352.06	1.72	59.0772359	3.47
1996	80	18.93	14.78	24.08	352.06	1.72	59.07104271	3.47
1996	81	18.93	14.78	24.08	352.06	1.72	59.06883663	3.47
1996	82	18.93	14.78	24.08	352.06	1.72	59.0691948	3.47
1996	83	18.93	14.78	24.08	352.06	1.72	59.07126118	3.47
1996	84	18.93	14.78	24.08	352.06	1.72	59.0753772	3.47
1996	85	18.93	14.78	24.08	352.06	1.72	59.08169117	3.47
1996	86	18.93	14.78	24.08	352.06	1.72	59.08953837	3.47
1996	87	18.93	14.78	24.08	352.06	1.72	59.09805458	3.47
1996	88	18.93	14.78	24.08	352.06	1.72	59.10634173	3.47
1996	89	18.93	14.78	24.08	352.06	1.72	59.11362869	3.47
1996	90	18.93	14.78	24.08	352.06	1.72	59.11941956	3.47
1996	91	18.93	14.78	24.08	352.06	1.72	59.12357125	3.47
1996	92	18.93	14.78	24.08	352.06	1.72	59.12595103	3.47
1996	93	18.93	14.78	24.08	352.06	1.72	59.12670582	3.47
1996	94	18.93	14.78	24.08	352.06	1.72	59.12567231	3.47
1996	95	18.93	14.78	24.08	352.06	1.72	59.12250594	3.47
1996	96	18.93	14.78	24.08	352.06	1.72	59.11824	3.47
1996	97	18.93	14.78	24.08	352.06	1.72	59.11374114	3.47
1996	98	18.93	14.78	24.08	352.06	1.72	59.10938093	3.47
1996	99	18.93	14.78	24.08	352.06	1.72	59.10571461	3.47
1996	100	18.93	14.78	24.08	352.06	1.72	59.10315445	3.47
1996	101	18.93	14.78	24.08	352.06	1.72	59.10147187	3.47
1996	102	18.93	14.78	24.08	352.06	1.72	59.10046163	3.47
1996	103	18.93	14.78	24.08	352.06	1.72	59.10027094	3.47
1996	104	18.93	14.78	24.08	352.06	1.72	59.10073858	3.47
1996	105	18.93	14.78	24.08	352.06	1.72	59.10167868	3.47
1996	106	18.93	14.78	24.08	352.06	1.72	59.10290412	3.47
1996	107	18.93	14.78	24.08	352.06	1.72	59.10426682	3.47
1996	108	18.93	14.78	24.08	352.06	1.72	59.1056697	3.47
1996	109	22.3	22.3	22.3	352.06	0	64.7	3.47
1996	110	21.07	17	24.09	352.06	0	71.13	3.74
1996	111	20.16	17.07	25.36	352.06	1	80.23	2.82
1996	112	18.06	16.81	19.59	352.06	17.06	92.29	2.83
1996	113	19.19	15.33	23.64	352.06	0	80.92	2.44
1996	114	20.13	17.32	24.31	352.06	0	81.88	2.65
1996	115	18.92	15.95	22.83	352.06	5.1	86.61	2.42
1996	116	18.55	16.41	22.86	352.06	35	89.17	1.62
1996	117	19.06	15.7	23.06	352.06	0.1	80.9	2.39
1996	118	17.85	16.69	20.08	352.06	11.7	90.83	2.03
1996	119	18.04	15.51	21.49	352.06	0	85.63	2.1
1996	120	18.66	16.79	22.47	352.06	14.3	87.36	2.18
1996	121	18.02	16.16	20.28	352.06	22.6	89.17	2.66
1996	122	18.54	14.62	22.18	352.06	0.6	84.6	2.64
1996	123	18.27	16.54	21.52	352.06	0.1	89.09	3.64
1996	124	18.61	15.12	23.36	352.06	0	83.58	1.96
1996	125	18.67	14.48	23.52	352.06	0	82.14	2.29
1996	126	18.86	15.23	23.42	352.06	0	82.42	2.8
1996	127	18.79	15.61	23.07	352.06	0	83.04	2.71
1996	128	19.09	15.8	23.44	352.06	0	81.1	2.44
1996	129	18.17	16.24	21.58	352.06	0.1	86.29	3.69
1996	130	18.56	16.06	22.68	352.06	0	81.82	3.32
1996	131	18.15	15.1	22.15	352.06	0	82.4	3.2
1996	132	18.06	14.02	23.32	352.06	0	80.69	2.41
1996	133	19.24	15.48	24.25	352.06	0	80.52	2.45
1996	134	19.23	16.33	24.04	352.06	0	79.02	3.41
1996	135	18.59	14.77	23.4	352.06	0	80.56	2.58
1996	136	18.6	14.35	23.74	352.06	0	75.81	2.95
1996	137	19.07	15.98	23.06	352.06	0	78.16	2.98
1996	138	18.29	13.91	22.89	352.06	0	81.01	2.73
1996	139	18.37	14.63	23.8	352.06	0	79.61	2.45
1996	140	19.41	13.13	26.12	352.06	0	72.85	2.35
1996	141	19.27	13.3	24.7	352.06	0	73.65	2.67
1996	142	19.83	15.97	25.45	352.06	0	76.68	2.49
1996	143	19.78	16.04	24.78	352.06	0	77.59	3.21
1996	144	18.99	14.96	23.77	352.06	0	73.95	3.17
1996	145	19.11	14.58	23.87	352.06	0	72.29	3.33
1996	146	18	14.1	22.59	352.06	0	75.42	3.35
1996	147	16.64	12.72	21.05	352.06	0.3	82.01	3.15
1996	148	17.5	14.02	22.45	352.06	0.1	80.72	3.26
1996	149	16.53	14.07	19.75	352.06	2.6	89.1	3.74
1996	150	17.26	13.76	20.82	352.06	0	82.09	2.58
1996	151	18.19	15.48	23.03	165.37	0	78.43	2.52
1996	152	19.1	14.83	24.04	252.18	0	74.88	3.37
1996	153	19.11	15.58	23.99	273.08	2.6	76.13	3.6
1996	154	18	14.69	22.03	69.78	0	80.43	3.46
1996	155	17.66	13.89	22.83	199.47	0	79.68	3.11
1996	156	19.15	14.11	24.66	306.03	0	72.1	2.52
1996	157	18.83	15.25	23.88	200.96	0.2	76.26	3.01
1996	158	18.95	13.44	24.91	360.35	0	62.02	2.54
1996	159	19.36	12.31	26.04	365.95	0	64.25	2.55
1996	160	18.79	15.88	23.8	229.63	0	75.18	3.93
1996	161	18.3	13.62	24.32	251.44	0	74.56	2.85
1996	162	19.59	14.98	24.61	351.39	0	63.15	2.73
1996	163	19.64	14.92	24.48	241.6	0.2	63.95	2.52
1996	164	17.84	13.52	22.29	190.26	0	74.48	2.64
1996	165	18.81	14.98	25.01	245.06	0	78.03	2.24
1996	166	17.89	14.88	21.55	141.38	0	77.07	2.1
1996	167	18.54	14.65	23.95	188.56	0	74.76	2.65
1996	168	16.83	14.59	19.37	54.07	0	80.78	3.03
1996	169	17.38	13.35	22.42	172.24	0	74.23	2.81
1996	170	17.84	12.97	22.96	224.37	0	73.04	2.49
1996	171	18.42	14.65	22.7	138.18	0	77.27	2.83
1996	172	17.83	15.91	20.93	191.66	0	79.93	3.14
1996	173	17.11	14.77	20.05	117.71	0	78.53	2.92
1996	174	16.87	15.44	18.65	61.62	0	81.36	3.27
1996	175	17.72	14.23	22.8	198.47	0	69.59	2.7
1996	176	18.16	13.41	24.21	249.27	0	60.96	2.39
1996	177	16.67	13.5	21.31	115.2	0	76.59	2.67
1996	178	16.59	13.91	20.48	94.91	0	79.69	2.63
1996	179	17.33	12.34	22.77	236.09	0	73.82	2.46
1996	180	16.34	13.54	19.66	114.41	0	79.4	2.51
1996	181	17.5	14.71	21.1	109.4	0	75.77	3.1
1996	182	17.09	14.5	20.39	26.13	0	79.28	3.5
1996	183	16.91	14.71	19.95	85.05	0	75.76	3.45
1996	184	17.14	13.46	21.06	61.39	0	73.3	3.53
1996	185	16.5	13.97	19.82	167.11	0	73.98	3.97
1996	186	15.27	12.43	18.94	12.18	0	79.14	2.19
1996	187	18.06	15.84	19.51	95.63	0	66.31	4.78
1996	188	16.23	14.2	18.34	100.56	0	71.89	4.13
1996	189	16.26	12.37	20.81	159.02	0	72.12	3.26
1996	190	16.77	11.2	23.56	248.11	0	72.19	2.32
1996	191	18.69	10.53	26.26	315.31	0	65.96	2.48
1996	192	18.73	13.05	25.43	289.71	0	67.15	2.61
1996	193	16.82	13.68	20.29	189.55	0	74.61	3
1996	194	16.93	12.67	20.86	192.7	0	72.44	3.07
1996	195	18.08	13.39	23.37	212.77	0	65.2	3.12
1996	196	17.13	12.58	22.48	132.91	0	70.3	2.48
1996	197	16.52	12.53	20.62	203.16	0	72.56	2.49
1996	198	15.86	11.93	19.8	67.65	0	73.96	2.59
1996	199	16.31	12.25	21.51	91.4	0	71.79	3.25
1996	200	16.74	12.41	21.45	65.78	0	73.66	2.79
1996	201	18.82	12.14	25.91	312.23	0	61.97	2.95
1996	202	18.53	13.18	24.25	317.92	0	62.06	3.24
1996	203	17.85	14.49	22.47	64.01	0	70.11	3.15
1996	204	17.62	14.85	21.88	183.78	0	74.82	3.76
1996	205	17.38	13.13	21.38	87.99	0	73.91	2.7
1996	206	18.01	15.6	22.06	164.12	0	74.49	3.37
1996	207	16.77	14.22	22.16	164.8	0	75.2	3.05
1996	208	16.96	12.3	21.48	97.12	0	71.97	2.7
1996	209	16.78	14.6	20.27	100.08	0	75.65	3.99
1996	210	16.67	13.6	21.41	84.46	0	77.88	2.76
1996	211	17.75	12.74	24.26	309.83	0	75.95	2.78
1996	212	18.63	12.91	25.69	320.4	0	71.32	2.99
1996	213	17.26	14.02	21.61	108.1	0	75.7	3.71
1996	214	17.03	13.91	20.32	245.22	0.1	76.65	5.05
1996	215	15.78	15.4	16.35	340.3	0	84.12	3.86
1996	216	18.93	14.78	24.08	340.3	1.72	77.88	3.64
1996	217	18.93	14.78	24.08	340.3	1.72	75.95	3.64
1996	218	18.93	14.78	24.08	340.3	1.72	71.32	3.64
1996	219	18.93	14.78	24.08	340.3	1.72	75.7	3.64
1996	220	19.19	16.1	22.77	340.3	0	60.43	3.98
1996	221	16.3	14.35	19.47	99.72	1.5	82.14	3.25
1996	222	17.41	14.54	21.9	340.3	0	74.2	3.32
1996	223	17.26	13.47	21.84	340.3	0	70.81	2.72
1996	224	16.43	11.83	22.03	340.3	0	69.39	2.8
1996	225	17.57	11.74	23.44	340.3	0	67.25	3.53
1996	226	18.23	12.32	24.09	340.3	0	66.17	3.32
1996	227	19.11	13.96	24.68	340.3	0	69.91	3.56
1996	228	18.74	15.68	22.93	340.3	0	69.27	3.69
1996	229	18.19	14.99	22.6	340.3	0	70.44	3.82
1996	230	17.99	14.35	23.52	340.3	0	68.34	4.51
1996	231	18.84	13.73	25.12	340.3	0	60.16	3.04
1996	232	19.25	12.04	25.81	340.3	0	51.77	3.25
1996	233	19.13	12.72	24.83	340.3	0	55.64	3.8
1996	234	20.08	15.13	25.93	340.3	0	60.22	3.34
1996	235	18.24	12.75	24.9	278.29	0	66.35	3.65
1996	236	18.13	13.52	24.14	286.17	0	67.29	3.42
1996	237	18.43	12.48	24.75	339.26	0	67.22	3.85
1996	238	19.73	14.79	25.96	370.39	0	61.21	3.94
1996	239	19.43	14.24	26.09	348.37	0	62.14	3.64
1996	240	18.38	14.17	23.01	204.73	0	66.11	4.3
1996	241	18.08	13.66	22.52	203.21	0	65.33	4.51
1996	242	18.02	15.12	21.84	184.28	0	72.23	4.32
1996	243	18.07	15.24	22.71	132.61	0	72.33	3.66
1996	244	18.87	15.46	23.51	134.25	0	70.98	3.71
1996	245	18.68	15.53	23.49	177.46	0	71.85	3.22
1996	246	18.9	12.73	25.89	309.28	0	65.73	3.63
1996	247	18.78	14.35	24.48	183.69	0	65.77	3.56
1996	248	19.63	13.74	25.63	239.41	0	65.78	3.22
1996	249	20.42	13.62	26.98	276.93	0	59.99	2.42
1996	250	18.55	15.47	24.24	183.01	23.2	79.81	2.36
1996	251	17.83	15.35	20.88	216.31	1.5	84.97	3.37
1996	252	17.63	15.18	20.3	237.69	0	79.53	3.56
1996	253	18.7	13.12	24.8	304.84	0	69.46	3.47
1996	254	19.63	15.06	25.4	286.39	0	68.96	3.1
1996	255	20.1	15.27	26.39	311.18	0	70.71	2.69
1996	256	18.54	15.58	23.43	212.37	0	78.29	3.58
1996	257	19.3	15.09	24.61	303.08	0	61.66	4.59
1996	258	18.25	15.11	22.31	305.08	0	70.57	3.47
1996	259	19.19	13.58	25.41	335.8	0	67.65	3.06
1996	260	20.08	15.78	27.18	352.88	7.9	69.76	3.16
1996	261	19.27	15.2	24.9	296.61	0	71.05	3.53
1996	262	19.43	14.03	24.85	321.49	0	70.28	3.57
1996	263	20.13	15.04	27.25	425.01	0	68.7	2.81
1996	264	20.11	14.46	26.74	335.61	0	68.67	3.61
1996	265	20.33	15.96	25.85	292.61	0	63.45	4.06
1996	266	19.54	15.6	24.75	214.41	0	65.68	4.21
1996	267	18.87	16.08	24.31	306.57	0	72.24	4.2
1996	268	20.51	14.71	27.22	310.98	0	58.63	3.17
1996	269	20.23	13.96	27.28	291.16	0	64.9	2.78
1996	270	20.27	14.8	26.27	303.74	0	67.24	3.51
1996	271	18.89	16.03	22.69	79.8	0	71.98	3.83
1996	272	19.89	13.95	26.59	315.98	0	67.54	3.7
1996	273	19.74	15.23	26.4	221.85	0	71.17	4.05
1996	274	20.87	16.39	27.58	279.48	0	66.11	3.52
1996	275	20.79	14.59	27.58	290.74	0	61.65	3.22
1996	276	18.98	12.25	25.45	355.89	0	61.51	3.36
1996	277	17.97	16.28	21.07	340.3	0	79.37	4.62
1996	278	18.71	15.17	23.32	340.3	0.1	73.05	3.82
1996	279	20.09	15.8	26.43	340.3	0	67.62	4.09
1996	280	20.12	14.92	26.08	340.3	0	59.02	3.57
1996	281	20.74	13.07	27.9	340.3	0	56.38	3.34
1996	282	21.15	14.46	27.94	340.3	0	61.27	4.24
1996	283	20.8	16.31	27.4	340.3	0	66.42	5.2
1996	284	20.65	14.57	26.53	340.3	0	61.27	4.42
1996	285	21.22	14.61	27.95	29.44	0	58.16	4.01
1996	286	22.07	14.44	29.04	427.23	0	57.17	3.61
1996	287	22.09	16.24	28.14	428.3	0	64.39	5.2
1996	288	21.94	17.65	27.56	348.26	0	67.16	5.57
1996	289	20.65	16.41	25.56	391.86	0.5	73	4.75
1996	290	20.59	17	26.7	287.02	0.1	72.18	3.44
1996	291	21.14	17.4	25.88	391.89	0	71.74	4.22
1996	292	19.67	16.88	24.57	333	0.9	79.34	4.75
1996	293	19.63	14.75	24.34	333.2	0	70.86	3.97
1996	294	20.13	15.77	25.43	317.38	0	68.67	4.18
1996	295	21.29	16.21	26.31	335.48	0	56.17	3.38
1996	296	20.92	15.51	26.96	386.79	0	56.58	3.52
1996	297	21.26	15.27	26.84	361.83	0	62.73	3.41
1996	298	21.43	17.08	26.31	373.89	0	67.31	4.54
1996	299	19.75	16.89	24.27	302.02	1.9	76.47	4.64
1996	300	19.99	16.11	24.47	275.17	0	70.49	3.55
1996	301	20.44	15.29	26.18	299.92	0	67.55	3.87
1996	302	20.44	16.2	25.09	293.17	0	66.86	3.74
1996	303	19.84	16.07	25.11	320.12	0	72.71	4.13
1996	304	19.58	16.66	24.13	286.44	4.5	78.4	4.26
1996	305	20.19	15.98	25.04	301.58	0	72.37	3.77
1996	306	18.89	16.55	22.21	304.4	32.9	85.22	3.63
1996	307	18.28	16.62	22.5	326.5	8.3	88.67	3.3
1996	308	18.22	15.53	21.34	294.16	8.6	84.66	3.2
1996	309	18.8	16.42	23.16	313	7.2	85.41	3
1996	310	19.32	16.17	24.13	442.3	28.39	81.98	3.32
1996	311	19.12	15.6	23.81	471.37	35.8	82.53	2.9
1996	312	18.59	16.89	21.94	329.38	3.1	88.16	3.48
1996	313	19.14	15.53	23.06	388.75	0	78.03	3.7
1996	314	18.8	16.01	22.5	265.7	17.8	85.21	3.72
1996	315	18.04	15.14	21.42	278.59	11.1	87.17	4.04
1996	316	18.82	16.5	23.13	342.78	4.4	86.05	3.73
1996	317	18.97	16.48	22.72	418.36	3.9	87.41	4.58
1996	318	18.57	16.33	23.09	332.43	22.2	89.79	2.51
1996	319	18.42	16.63	22.5	327.11	5.7	89.16	3.26
1996	320	18.56	16.26	22.07	379.33	6.6	87.77	3.73
1996	321	18.58	16.27	22.19	301.92	2.5	87.67	3.39
1996	322	19.16	16.24	23.04	360.37	1.74	82.42	3.52
1996	323	19.33	16.45	23.33	426.02	1.4	82.05	3.47
1996	324	18.81	15.89	23.3	398.04	0.4	85.17	3.46
1996	325	18.89	16.91	22.18	319.64	14.2	87.74	3.58
1996	326	18.29	16.52	21.89	360.61	8.7	91.68	4.05
1996	327	18.41	16.01	21.81	332.88	3.6	87.89	4.08
1996	328	18.6	16.2	22.59	392.39	9	87.44	3.59
1996	329	18.63	16.17	22.4	319.92	6.8	87.22	2.76
1996	330	18.31	15.64	21.96	339	8.4	89.85	3.28
1996	331	19.47	15.78	24.04	471.51	2.6	77.23	3.81
1996	332	19.07	16.67	23.43	349.55	0	83.95	3.15
1996	333	19.54	16.52	23.98	498.21	0	75.99	3.76
1996	334	19.2	15.46	23.4	483.41	0	72.17	3.74
1996	335	19.08	14.87	23.94	461.96	0	71.36	3.2
1996	336	19.51	14.76	24.39	411.98	0	75.32	3.14
1996	337	19.26	16.65	23.41	401.68	0	82.54	3.88
1996	338	18.98	15.93	23.5	363.5	0	80.18	3.54
1996	339	19.21	15.7	24.03	404.09	0	75.45	2.89
1996	340	19.08	16.36	23.58	383.18	0	79.45	2.86
1996	341	19.16	13.78	24.68	473.77	0	76.59	2.78
1996	342	19.31	14.63	24.83	446.49	0	70.69	2.85
1996	343	18.69	14.4	23.86	398.57	0	78.08	2.72
1996	344	19.39	16.5	23.57	397.26	0.8	80.59	4.16
1996	345	19.18	15.52	23.85	396.18	0.1	80.1	3.6
1996	346	19.24	15	24.28	353.75	0	81.24	2.85
1996	347	19.64	15.87	24.75	349.7	0	82.55	2.64
1996	348	19.65	17.22	23.88	355.75	0.1	85.12	3.01
1996	349	18.97	16.04	22.86	373.16	4.7	87.32	4.19
1996	350	18.27	16.3	21.59	235.59	0	85.91	4.21
1996	351	18.93	15.66	23.38	376.45	0	79.05	3.99
1996	352	18.79	15.6	23.31	400.29	0.1	80.3	3.54
1996	353	19.29	16.03	23.73	350.94	0	76.19	2.57
1996	354	18.81	14.53	23.85	403.15	0	78.18	2.74
1996	355	19.55	15.62	24.47	407.99	0	74.8	3.57
1996	356	19.31	15.92	23.7	323.94	2.2	83.67	3.45
1996	357	18.94	16.36	23.24	309.77	6.7	86.91	3.82
1996	358	20.22	16.91	24.8	409.78	0.7	81.63	3.41
1996	359	20.3	17.16	25.01	417.6	0	83.61	3.95
1996	360	18.96	16.81	22.36	248.07	0.6	86.86	4.58
1996	361	18.91	14.84	23.14	434.42	0	73.13	3.85
1996	362	19.96	15.72	24.86	444.77	0	68.75	3.05
1996	363	20.22	15.6	25.2	410.62	0	77.61	2.63
1996	364	20.21	16.76	25.21	330.63	0	81.03	3.1
1996	365	20.6	17.19	25.44	386.32	0	78.05	2.63
1997	1	19.25	14.12	24.18	280.23	0	62.72	4.63
1997	2	17.98	13.75	23.01	211.09	0.1	72.71	4.88
1997	3	17.25	15.45	20.82	214.32	10.62	87.78	5.48
1997	4	16.94	15.21	19.18	103.83	4.8	89.25	4.65
1997	5	17.62	14.54	21.55	274.51	0.2	77.42	4.38
1997	6	19.42	13.57	24.66	376.05	0	56.91	3.87
1997	7	19.6	14.23	24.56	355.46	0	60.44	4.2
1997	8	19.01	13.81	24.6	361.29	0	73.27	4.48
1997	9	19.48	16.27	24.33	277.82	0	74.98	5.09
1997	10	19.17	15.9	23.54	312.8	0	73.78	4.69
1997	11	19.18	14.34	24.06	300.67	0	70.07	4.13
1997	12	19.84	14.59	25.32	365.58	0	64.35	4.95
1997	13	19.68	13.39	25.11	359.62	0	57.99	4.46
1997	14	19.45	13.8	24.51	341.86	0	57.68	3.85
1997	15	19.78	13.98	24.89	349.03	0	53.19	4.17
1997	16	19.6	14.32	24.98	347.23	0	58.45	4.01
1997	17	19.44	13.62	24.81	280.46	0	61.1	4.05
1997	18	21.2	14.54	27.44	350.85	0	39.06	3.88
1997	19	21.45	15.57	27.25	356.5	0	43.76	3.63
1997	20	20.97	15.4	26.66	353.82	0	53.2	4.18
1997	21	20.88	14.6	26.14	356.25	0	51.04	4.37
1997	22	20.5	16.16	24.79	235.94	0	54.3	4.54
1997	23	20.05	16.04	24.84	262.47	0	65.03	4.02
1997	24	20.01	14.81	25.45	300.24	0	64.15	4.56
1997	25	20.9	14.87	26.58	352.5	0	58.19	4.1
1997	26	18.93	14.78	24.08	340.3	1.72	63.2328	3.64
1997	27	18.93	14.78	24.08	340.3	1.72	63.253312	3.64
1997	28	18.93	14.78	24.08	340.3	1.72	62.87504448	3.64
1997	29	18.93	14.78	24.08	340.3	1.72	61.87884626	3.64
1997	30	18.93	14.78	24.08	340.3	1.72	60.78400011	3.64
1997	31	18.93	14.78	24.08	340.3	1.72	60.11856011	3.64
1997	32	18.93	14.78	24.08	340.3	1.72	60.24690252	3.64
1997	33	18.93	14.78	24.08	340.3	1.72	60.23917862	3.64
1997	34	18.93	14.78	24.08	340.3	1.72	59.71794576	3.64
1997	35	18.93	14.78	24.08	340.3	1.72	59.10746359	3.64
1997	36	18.93	14.78	24.08	340.3	1.72	58.52056214	3.64
1997	37	18.93	14.78	24.08	340.3	1.72	58.05858462	3.64
1997	38	18.93	14.78	24.08	340.3	1.72	57.80692801	3.64
1997	39	18.93	14.78	24.08	340.3	1.72	57.79960513	3.64
1997	40	18.93	14.78	24.08	340.3	1.72	57.80438933	3.64
1997	41	18.93	14.78	24.08	340.3	1.72	57.98896491	3.64
1997	42	18.93	14.78	24.08	340.3	1.72	57.9705235	3.64
1997	43	18.93	14.78	24.08	340.3	1.72	57.84534444	3.64
1997	44	18.93	14.78	24.08	340.3	1.72	58.59675822	3.64
1997	45	18.93	14.78	24.08	340.3	1.72	59.19022855	3.64
1997	46	18.93	14.78	24.08	340.3	1.72	59.42983769	3.64
1997	47	18.93	14.78	24.08	340.3	1.72	59.7654312	3.64
1997	48	18.93	14.78	24.08	340.3	1.72	59.98404845	3.64
1997	49	18.93	14.78	24.08	340.3	1.72	59.78221039	3.64
1997	50	18.93	14.78	24.08	340.3	1.72	59.6074988	3.64
1997	51	18.93	14.78	24.08	340.3	1.72	59.66419875	3.64
1997	52	18.93	14.78	24.08	340.3	1.72	59.5214547	3.64
1997	53	18.93	14.78	24.08	340.3	1.72	59.37218041	3.64
1997	54	18.93	14.78	24.08	340.3	1.72	59.23206585	3.64
1997	55	18.93	14.78	24.08	340.3	1.72	59.12619463	3.64
1997	56	18.93	14.78	24.08	340.3	1.72	59.05988241	3.64
1997	57	18.93	14.78	24.08	340.3	1.72	59.01753531	3.64
1997	58	18.93	14.78	24.08	340.3	1.72	58.96836062	3.64
1997	59	18.93	14.78	24.08	340.3	1.72	58.9175279	3.64
1997	60	18.93	14.78	24.08	352.06	1.72	58.88551118	3.47
1997	61	18.93	14.78	24.08	352.06	1.72	58.87663309	3.47
1997	62	18.93	14.78	24.08	352.06	1.72	58.89087592	3.47
1997	63	18.93	14.78	24.08	352.06	1.72	58.92416758	3.47
1997	64	18.93	14.78	24.08	352.06	1.72	58.96885716	3.47
1997	65	18.93	14.78	24.08	352.06	1.72	59.01562724	3.47
1997	66	18.93	14.78	24.08	352.06	1.72	59.06407676	3.47
1997	67	18.93	14.78	24.08	352.06	1.72	59.10708123	3.47
1997	68	18.93	14.78	24.08	352.06	1.72	59.15254354	3.47
1997	69	18.93	14.78	24.08	352.06	1.72	59.2048315	3.47
1997	70	18.93	14.78	24.08	352.06	1.72	59.22915443	3.47
1997	71	18.93	14.78	24.08	352.06	1.72	59.23071147	3.47
1997	72	18.93	14.78	24.08	352.06	1.72	59.22274642	3.47
1997	73	18.93	14.78	24.08	352.06	1.72	59.20103903	3.47
1997	74	18.93	14.78	24.08	352.06	1.72	59.16971865	3.47
1997	75	18.93	14.78	24.08	352.06	1.72	59.14521898	3.47
1997	76	18.93	14.78	24.08	352.06	1.72	59.12672779	3.47
1997	77	18.93	14.78	24.08	352.06	1.72	59.10522895	3.47
1997	78	18.93	14.78	24.08	352.06	1.72	59.08857992	3.47
1997	79	18.93	14.78	24.08	352.06	1.72	59.0772359	3.47
1997	80	18.93	14.78	24.08	352.06	1.72	59.07104271	3.47
1997	81	18.93	14.78	24.08	352.06	1.72	59.06883663	3.47
1997	82	18.93	14.78	24.08	352.06	1.72	59.0691948	3.47
1997	83	18.93	14.78	24.08	352.06	1.72	59.07126118	3.47
1997	84	18.93	14.78	24.08	352.06	1.72	59.0753772	3.47
1997	85	18.93	14.78	24.08	352.06	1.72	59.08169117	3.47
1997	86	18.93	14.78	24.08	352.06	1.72	59.08953837	3.47
1997	87	18.93	14.78	24.08	352.06	1.72	59.09805458	3.47
1997	88	18.93	14.78	24.08	352.06	1.72	59.10634173	3.47
1997	89	18.93	14.78	24.08	352.06	1.72	59.11362869	3.47
1997	90	18.93	14.78	24.08	352.06	1.72	59.11941956	3.47
1997	91	18.93	14.78	24.08	352.06	1.72	59.12357125	3.47
1997	92	18.93	14.78	24.08	352.06	1.72	59.12595103	3.47
1997	93	18.93	14.78	24.08	352.06	1.72	59.12670582	3.47
1997	94	18.93	14.78	24.08	352.06	1.72	59.12567231	3.47
1997	95	18.93	14.78	24.08	352.06	1.72	59.12250594	3.47
1997	96	18.93	14.78	24.08	352.06	1.72	59.11824	3.47
1997	97	18.93	14.78	24.08	352.06	1.72	59.11374114	3.47
1997	98	18.93	14.78	24.08	352.06	1.72	59.10938093	3.47
1997	99	18.93	14.78	24.08	352.06	1.72	59.10571461	3.47
1997	100	18.93	14.78	24.08	352.06	1.72	59.10315445	3.47
1997	101	18.93	14.78	24.08	352.06	1.72	59.10147187	3.47
1997	102	18.93	14.78	24.08	352.06	1.72	59.10046163	3.47
1997	103	18.93	14.78	24.08	352.06	1.72	59.10027094	3.47
1997	104	18.93	14.78	24.08	352.06	1.72	59.10073858	3.47
1997	105	18.93	14.78	24.08	352.06	1.72	59.10167868	3.47
1997	106	18.93	14.78	24.08	352.06	1.72	59.10290412	3.47
1997	107	18.93	14.78	24.08	352.06	1.72	59.10426682	3.47
1997	108	18.93	14.78	24.08	352.06	1.72	59.1056697	3.47
1997	109	22.3	22.3	22.3	352.06	0	64.7	3.47
1997	110	21.07	17	24.09	352.06	0	71.13	3.74
1997	111	20.16	17.07	25.36	352.06	1	80.23	2.82
1997	112	18.06	16.81	19.59	352.06	17.06	92.29	2.83
1997	113	19.19	15.33	23.64	352.06	0	80.92	2.44
1997	114	20.13	17.32	24.31	352.06	0	81.88	2.65
1997	115	18.92	15.95	22.83	352.06	5.1	86.61	2.42
1997	116	18.55	16.41	22.86	352.06	35	89.17	1.62
1997	117	19.06	15.7	23.06	352.06	0.1	80.9	2.39
1997	118	17.85	16.69	20.08	352.06	11.7	90.83	2.03
1997	119	18.04	15.51	21.49	352.06	0	85.63	2.1
1997	120	18.66	16.79	22.47	352.06	14.3	87.36	2.18
1997	121	18.02	16.16	20.28	352.06	22.6	89.17	2.66
1997	122	18.54	14.62	22.18	352.06	0.6	84.6	2.64
1997	123	18.27	16.54	21.52	352.06	0.1	89.09	3.64
1997	124	18.61	15.12	23.36	352.06	0	83.58	1.96
1997	125	18.67	14.48	23.52	352.06	0	82.14	2.29
1997	126	18.86	15.23	23.42	352.06	0	82.42	2.8
1997	127	18.79	15.61	23.07	352.06	0	83.04	2.71
1997	128	19.09	15.8	23.44	352.06	0	81.1	2.44
1997	129	18.17	16.24	21.58	352.06	0.1	86.29	3.69
1997	130	18.56	16.06	22.68	352.06	0	81.82	3.32
1997	131	18.15	15.1	22.15	352.06	0	82.4	3.2
1997	132	18.06	14.02	23.32	352.06	0	80.69	2.41
1997	133	19.24	15.48	24.25	352.06	0	80.52	2.45
1997	134	19.23	16.33	24.04	352.06	0	79.02	3.41
1997	135	18.59	14.77	23.4	352.06	0	80.56	2.58
1997	136	18.6	14.35	23.74	352.06	0	75.81	2.95
1997	137	19.07	15.98	23.06	352.06	0	78.16	2.98
1997	138	18.29	13.91	22.89	352.06	0	81.01	2.73
1997	139	18.37	14.63	23.8	352.06	0	79.61	2.45
1997	140	19.41	13.13	26.12	352.06	0	72.85	2.35
1997	141	19.27	13.3	24.7	352.06	0	73.65	2.67
1997	142	19.83	15.97	25.45	352.06	0	76.68	2.49
1997	143	19.78	16.04	24.78	352.06	0	77.59	3.21
1997	144	18.99	14.96	23.77	352.06	0	73.95	3.17
1997	145	19.11	14.58	23.87	352.06	0	72.29	3.33
1997	146	18	14.1	22.59	352.06	0	75.42	3.35
1997	147	16.64	12.72	21.05	352.06	0.3	82.01	3.15
1997	148	17.5	14.02	22.45	352.06	0.1	80.72	3.26
1997	149	16.53	14.07	19.75	352.06	2.6	89.1	3.74
1997	150	17.26	13.76	20.82	352.06	0	82.09	2.58
1997	151	18.19	15.48	23.03	165.37	0	78.43	2.52
1997	152	19.1	14.83	24.04	252.18	0	74.88	3.37
1997	153	19.11	15.58	23.99	273.08	2.6	76.13	3.6
1997	154	18	14.69	22.03	69.78	0	80.43	3.46
1997	155	17.66	13.89	22.83	199.47	0	79.68	3.11
1997	156	19.15	14.11	24.66	306.03	0	72.1	2.52
1997	157	18.83	15.25	23.88	200.96	0.2	76.26	3.01
1997	158	18.95	13.44	24.91	360.35	0	62.02	2.54
1997	159	19.36	12.31	26.04	365.95	0	64.25	2.55
1997	160	18.79	15.88	23.8	229.63	0	75.18	3.93
1997	161	18.3	13.62	24.32	251.44	0	74.56	2.85
1997	162	19.59	14.98	24.61	351.39	0	63.15	2.73
1997	163	19.64	14.92	24.48	241.6	0.2	63.95	2.52
1997	164	17.84	13.52	22.29	190.26	0	74.48	2.64
1997	165	18.81	14.98	25.01	245.06	0	78.03	2.24
1997	166	17.89	14.88	21.55	141.38	0	77.07	2.1
1997	167	18.54	14.65	23.95	188.56	0	74.76	2.65
1997	168	16.83	14.59	19.37	54.07	0	80.78	3.03
1997	169	17.38	13.35	22.42	172.24	0	74.23	2.81
1997	170	17.84	12.97	22.96	224.37	0	73.04	2.49
1997	171	18.42	14.65	22.7	138.18	0	77.27	2.83
1997	172	17.83	15.91	20.93	191.66	0	79.93	3.14
1997	173	17.11	14.77	20.05	117.71	0	78.53	2.92
1997	174	16.87	15.44	18.65	61.62	0	81.36	3.27
1997	175	17.72	14.23	22.8	198.47	0	69.59	2.7
1997	176	18.16	13.41	24.21	249.27	0	60.96	2.39
1997	177	16.67	13.5	21.31	115.2	0	76.59	2.67
1997	178	16.59	13.91	20.48	94.91	0	79.69	2.63
1997	179	17.33	12.34	22.77	236.09	0	73.82	2.46
1997	180	16.34	13.54	19.66	114.41	0	79.4	2.51
1997	181	17.5	14.71	21.1	109.4	0	75.77	3.1
1997	182	17.09	14.5	20.39	26.13	0	79.28	3.5
1997	183	16.91	14.71	19.95	85.05	0	75.76	3.45
1997	184	17.14	13.46	21.06	61.39	0	73.3	3.53
1997	185	16.5	13.97	19.82	167.11	0	73.98	3.97
1997	186	15.27	12.43	18.94	12.18	0	79.14	2.19
1997	187	18.06	15.84	19.51	95.63	0	66.31	4.78
1997	188	16.23	14.2	18.34	100.56	0	71.89	4.13
1997	189	16.26	12.37	20.81	159.02	0	72.12	3.26
1997	190	16.77	11.2	23.56	248.11	0	72.19	2.32
1997	191	18.69	10.53	26.26	315.31	0	65.96	2.48
1997	192	18.73	13.05	25.43	289.71	0	67.15	2.61
1997	193	16.82	13.68	20.29	189.55	0	74.61	3
1997	194	16.93	12.67	20.86	192.7	0	72.44	3.07
1997	195	18.08	13.39	23.37	212.77	0	65.2	3.12
1997	196	17.13	12.58	22.48	132.91	0	70.3	2.48
1997	197	16.52	12.53	20.62	203.16	0	72.56	2.49
1997	198	15.86	11.93	19.8	67.65	0	73.96	2.59
1997	199	16.31	12.25	21.51	91.4	0	71.79	3.25
1997	200	16.74	12.41	21.45	65.78	0	73.66	2.79
1997	201	18.82	12.14	25.91	312.23	0	61.97	2.95
1997	202	18.53	13.18	24.25	317.92	0	62.06	3.24
1997	203	17.85	14.49	22.47	64.01	0	70.11	3.15
1997	204	17.62	14.85	21.88	183.78	0	74.82	3.76
1997	205	17.38	13.13	21.38	87.99	0	73.91	2.7
1997	206	18.01	15.6	22.06	164.12	0	74.49	3.37
1997	207	16.77	14.22	22.16	164.8	0	75.2	3.05
1997	208	16.96	12.3	21.48	97.12	0	71.97	2.7
1997	209	16.78	14.6	20.27	100.08	0	75.65	3.99
1997	210	16.67	13.6	21.41	84.46	0	77.88	2.76
1997	211	17.75	12.74	24.26	309.83	0	75.95	2.78
1997	212	18.63	12.91	25.69	320.4	0	71.32	2.99
1997	213	17.26	14.02	21.61	108.1	0	75.7	3.71
1997	214	17.03	13.91	20.32	245.22	0.1	76.65	5.05
1997	215	15.78	15.4	16.35	340.3	0	84.12	3.86
1997	216	18.93	14.78	24.08	340.3	1.72	77.88	3.64
1997	217	18.93	14.78	24.08	340.3	1.72	75.95	3.64
1997	218	18.93	14.78	24.08	340.3	1.72	71.32	3.64
1997	219	18.93	14.78	24.08	340.3	1.72	75.7	3.64
1997	220	19.19	16.1	22.77	340.3	0	60.43	3.98
1997	221	16.3	14.35	19.47	99.72	1.5	82.14	3.25
1997	222	17.41	14.54	21.9	340.3	0	74.2	3.32
1997	223	17.26	13.47	21.84	340.3	0	70.81	2.72
1997	224	16.43	11.83	22.03	340.3	0	69.39	2.8
1997	225	17.57	11.74	23.44	340.3	0	67.25	3.53
1997	226	18.23	12.32	24.09	340.3	0	66.17	3.32
1997	227	19.11	13.96	24.68	340.3	0	69.91	3.56
1997	228	18.74	15.68	22.93	340.3	0	69.27	3.69
1997	229	18.19	14.99	22.6	340.3	0	70.44	3.82
1997	230	17.99	14.35	23.52	340.3	0	68.34	4.51
1997	231	18.84	13.73	25.12	340.3	0	60.16	3.04
1997	232	19.25	12.04	25.81	340.3	0	51.77	3.25
1997	233	19.13	12.72	24.83	340.3	0	55.64	3.8
1997	234	20.08	15.13	25.93	340.3	0	60.22	3.34
1997	235	18.24	12.75	24.9	278.29	0	66.35	3.65
1997	236	18.13	13.52	24.14	286.17	0	67.29	3.42
1997	237	18.43	12.48	24.75	339.26	0	67.22	3.85
1997	238	19.73	14.79	25.96	370.39	0	61.21	3.94
1997	239	19.43	14.24	26.09	348.37	0	62.14	3.64
1997	240	18.38	14.17	23.01	204.73	0	66.11	4.3
1997	241	18.08	13.66	22.52	203.21	0	65.33	4.51
1997	242	18.02	15.12	21.84	184.28	0	72.23	4.32
1997	243	18.07	15.24	22.71	132.61	0	72.33	3.66
1997	244	18.87	15.46	23.51	134.25	0	70.98	3.71
1997	245	18.68	15.53	23.49	177.46	0	71.85	3.22
1997	246	18.9	12.73	25.89	309.28	0	65.73	3.63
1997	247	18.78	14.35	24.48	183.69	0	65.77	3.56
1997	248	19.63	13.74	25.63	239.41	0	65.78	3.22
1997	249	20.42	13.62	26.98	276.93	0	59.99	2.42
1997	250	18.55	15.47	24.24	183.01	23.2	79.81	2.36
1997	251	17.83	15.35	20.88	216.31	1.5	84.97	3.37
1997	252	17.63	15.18	20.3	237.69	0	79.53	3.56
1997	253	18.7	13.12	24.8	304.84	0	69.46	3.47
1997	254	19.63	15.06	25.4	286.39	0	68.96	3.1
1997	255	20.1	15.27	26.39	311.18	0	70.71	2.69
1997	256	18.54	15.58	23.43	212.37	0	78.29	3.58
1997	257	19.3	15.09	24.61	303.08	0	61.66	4.59
1997	258	18.25	15.11	22.31	305.08	0	70.57	3.47
1997	259	19.19	13.58	25.41	335.8	0	67.65	3.06
1997	260	20.08	15.78	27.18	352.88	7.9	69.76	3.16
1997	261	19.27	15.2	24.9	296.61	0	71.05	3.53
1997	262	19.43	14.03	24.85	321.49	0	70.28	3.57
1997	263	20.13	15.04	27.25	425.01	0	68.7	2.81
1997	264	20.11	14.46	26.74	335.61	0	68.67	3.61
1997	265	20.33	15.96	25.85	292.61	0	63.45	4.06
1997	266	19.54	15.6	24.75	214.41	0	65.68	4.21
1997	267	18.87	16.08	24.31	306.57	0	72.24	4.2
1997	268	20.51	14.71	27.22	310.98	0	58.63	3.17
1997	269	20.23	13.96	27.28	291.16	0	64.9	2.78
1997	270	20.27	14.8	26.27	303.74	0	67.24	3.51
1997	271	18.89	16.03	22.69	79.8	0	71.98	3.83
1997	272	19.89	13.95	26.59	315.98	0	67.54	3.7
1997	273	19.74	15.23	26.4	221.85	0	71.17	4.05
1997	274	20.87	16.39	27.58	279.48	0	66.11	3.52
1997	275	20.79	14.59	27.58	290.74	0	61.65	3.22
1997	276	18.98	12.25	25.45	355.89	0	61.51	3.36
1997	277	17.97	16.28	21.07	340.3	0	79.37	4.62
1997	278	18.71	15.17	23.32	340.3	0.1	73.05	3.82
1997	279	20.09	15.8	26.43	340.3	0	67.62	4.09
1997	280	20.12	14.92	26.08	340.3	0	59.02	3.57
1997	281	20.74	13.07	27.9	340.3	0	56.38	3.34
1997	282	21.15	14.46	27.94	340.3	0	61.27	4.24
1997	283	20.8	16.31	27.4	340.3	0	66.42	5.2
1997	284	20.65	14.57	26.53	340.3	0	61.27	4.42
1997	285	21.22	14.61	27.95	29.44	0	58.16	4.01
1997	286	22.07	14.44	29.04	427.23	0	57.17	3.61
1997	287	22.09	16.24	28.14	428.3	0	64.39	5.2
1997	288	21.94	17.65	27.56	348.26	0	67.16	5.57
1997	289	20.65	16.41	25.56	391.86	0.5	73	4.75
1997	290	20.59	17	26.7	287.02	0.1	72.18	3.44
1997	291	21.14	17.4	25.88	391.89	0	71.74	4.22
1997	292	19.67	16.88	24.57	333	0.9	79.34	4.75
1997	293	19.63	14.75	24.34	333.2	0	70.86	3.97
1997	294	20.13	15.77	25.43	317.38	0	68.67	4.18
1997	295	21.29	16.21	26.31	335.48	0	56.17	3.38
1997	296	20.92	15.51	26.96	386.79	0	56.58	3.52
1997	297	21.26	15.27	26.84	361.83	0	62.73	3.41
1997	298	21.43	17.08	26.31	373.89	0	67.31	4.54
1997	299	19.75	16.89	24.27	302.02	1.9	76.47	4.64
1997	300	19.99	16.11	24.47	275.17	0	70.49	3.55
1997	301	20.44	15.29	26.18	299.92	0	67.55	3.87
1997	302	20.44	16.2	25.09	293.17	0	66.86	3.74
1997	303	19.84	16.07	25.11	320.12	0	72.71	4.13
1997	304	19.58	16.66	24.13	286.44	4.5	78.4	4.26
1997	305	20.19	15.98	25.04	301.58	0	72.37	3.77
1997	306	18.89	16.55	22.21	304.4	32.9	85.22	3.63
1997	307	18.28	16.62	22.5	326.5	8.3	88.67	3.3
1997	308	18.22	15.53	21.34	294.16	8.6	84.66	3.2
1997	309	18.8	16.42	23.16	313	7.2	85.41	3
1997	310	19.32	16.17	24.13	442.3	28.39	81.98	3.32
1997	311	19.12	15.6	23.81	471.37	35.8	82.53	2.9
1997	312	18.59	16.89	21.94	329.38	3.1	88.16	3.48
1997	313	19.14	15.53	23.06	388.75	0	78.03	3.7
1997	314	18.8	16.01	22.5	265.7	17.8	85.21	3.72
1997	315	18.04	15.14	21.42	278.59	11.1	87.17	4.04
1997	316	18.82	16.5	23.13	342.78	4.4	86.05	3.73
1997	317	18.97	16.48	22.72	418.36	3.9	87.41	4.58
1997	318	18.57	16.33	23.09	332.43	22.2	89.79	2.51
1997	319	18.42	16.63	22.5	327.11	5.7	89.16	3.26
1997	320	18.56	16.26	22.07	379.33	6.6	87.77	3.73
1997	321	18.58	16.27	22.19	301.92	2.5	87.67	3.39
1997	322	19.16	16.24	23.04	360.37	1.74	82.42	3.52
1997	323	19.33	16.45	23.33	426.02	1.4	82.05	3.47
1997	324	18.81	15.89	23.3	398.04	0.4	85.17	3.46
1997	325	18.89	16.91	22.18	319.64	14.2	87.74	3.58
1997	326	18.29	16.52	21.89	360.61	8.7	91.68	4.05
1997	327	18.41	16.01	21.81	332.88	3.6	87.89	4.08
1997	328	18.6	16.2	22.59	392.39	9	87.44	3.59
1997	329	18.63	16.17	22.4	319.92	6.8	87.22	2.76
1997	330	18.31	15.64	21.96	339	8.4	89.85	3.28
1997	331	19.47	15.78	24.04	471.51	2.6	77.23	3.81
1997	332	19.07	16.67	23.43	349.55	0	83.95	3.15
1997	333	19.54	16.52	23.98	498.21	0	75.99	3.76
1997	334	19.2	15.46	23.4	483.41	0	72.17	3.74
1997	335	19.08	14.87	23.94	461.96	0	71.36	3.2
1997	336	19.51	14.76	24.39	411.98	0	75.32	3.14
1997	337	19.26	16.65	23.41	401.68	0	82.54	3.88
1997	338	18.98	15.93	23.5	363.5	0	80.18	3.54
1997	339	19.21	15.7	24.03	404.09	0	75.45	2.89
1997	340	19.08	16.36	23.58	383.18	0	79.45	2.86
1997	341	19.16	13.78	24.68	473.77	0	76.59	2.78
1997	342	19.31	14.63	24.83	446.49	0	70.69	2.85
1997	343	18.69	14.4	23.86	398.57	0	78.08	2.72
1997	344	19.39	16.5	23.57	397.26	0.8	80.59	4.16
1997	345	19.18	15.52	23.85	396.18	0.1	80.1	3.6
1997	346	19.24	15	24.28	353.75	0	81.24	2.85
1997	347	19.64	15.87	24.75	349.7	0	82.55	2.64
1997	348	19.65	17.22	23.88	355.75	0.1	85.12	3.01
1997	349	18.97	16.04	22.86	373.16	4.7	87.32	4.19
1997	350	18.27	16.3	21.59	235.59	0	85.91	4.21
1997	351	18.93	15.66	23.38	376.45	0	79.05	3.99
1997	352	18.79	15.6	23.31	400.29	0.1	80.3	3.54
1997	353	19.29	16.03	23.73	350.94	0	76.19	2.57
1997	354	18.81	14.53	23.85	403.15	0	78.18	2.74
1997	355	19.55	15.62	24.47	407.99	0	74.8	3.57
1997	356	19.31	15.92	23.7	323.94	2.2	83.67	3.45
1997	357	18.94	16.36	23.24	309.77	6.7	86.91	3.82
1997	358	20.22	16.91	24.8	409.78	0.7	81.63	3.41
1997	359	20.3	17.16	25.01	417.6	0	83.61	3.95
1997	360	18.96	16.81	22.36	248.07	0.6	86.86	4.58
1997	361	18.91	14.84	23.14	434.42	0	73.13	3.85
1997	362	19.96	15.72	24.86	444.77	0	68.75	3.05
1997	363	20.22	15.6	25.2	410.62	0	77.61	2.63
1997	364	20.21	16.76	25.21	330.63	0	81.03	3.1
1997	365	20.6	17.19	25.44	386.32	0	78.05	2.63
1998	1	19.25	14.12	24.18	280.23	0	62.72	4.63
1998	2	17.98	13.75	23.01	211.09	0.1	72.71	4.88
1998	3	17.25	15.45	20.82	214.32	10.62	87.78	5.48
1998	4	16.94	15.21	19.18	103.83	4.8	89.25	4.65
1998	5	17.62	14.54	21.55	274.51	0.2	77.42	4.38
1998	6	19.42	13.57	24.66	376.05	0	56.91	3.87
1998	7	19.6	14.23	24.56	355.46	0	60.44	4.2
1998	8	19.01	13.81	24.6	361.29	0	73.27	4.48
1998	9	19.48	16.27	24.33	277.82	0	74.98	5.09
1998	10	19.17	15.9	23.54	312.8	0	73.78	4.69
1998	11	19.18	14.34	24.06	300.67	0	70.07	4.13
1998	12	19.84	14.59	25.32	365.58	0	64.35	4.95
1998	13	19.68	13.39	25.11	359.62	0	57.99	4.46
1998	14	19.45	13.8	24.51	341.86	0	57.68	3.85
1998	15	19.78	13.98	24.89	349.03	0	53.19	4.17
1998	16	19.6	14.32	24.98	347.23	0	58.45	4.01
1998	17	19.44	13.62	24.81	280.46	0	61.1	4.05
1998	18	21.2	14.54	27.44	350.85	0	39.06	3.88
1998	19	21.45	15.57	27.25	356.5	0	43.76	3.63
1998	20	20.97	15.4	26.66	353.82	0	53.2	4.18
1998	21	20.88	14.6	26.14	356.25	0	51.04	4.37
1998	22	20.5	16.16	24.79	235.94	0	54.3	4.54
1998	23	20.05	16.04	24.84	262.47	0	65.03	4.02
1998	24	20.01	14.81	25.45	300.24	0	64.15	4.56
1998	25	20.9	14.87	26.58	352.5	0	58.19	4.1
1998	26	18.93	14.78	24.08	340.3	1.72	63.2328	3.64
1998	27	18.93	14.78	24.08	340.3	1.72	63.253312	3.64
1998	28	18.93	14.78	24.08	340.3	1.72	62.87504448	3.64
1998	29	18.93	14.78	24.08	340.3	1.72	61.87884626	3.64
1998	30	18.93	14.78	24.08	340.3	1.72	60.78400011	3.64
1998	31	18.93	14.78	24.08	340.3	1.72	60.11856011	3.64
1998	32	18.93	14.78	24.08	340.3	1.72	60.24690252	3.64
1998	33	18.93	14.78	24.08	340.3	1.72	60.23917862	3.64
1998	34	18.93	14.78	24.08	340.3	1.72	59.71794576	3.64
1998	35	18.93	14.78	24.08	340.3	1.72	59.10746359	3.64
1998	36	18.93	14.78	24.08	340.3	1.72	58.52056214	3.64
1998	37	18.93	14.78	24.08	340.3	1.72	58.05858462	3.64
1998	38	18.93	14.78	24.08	340.3	1.72	57.80692801	3.64
1998	39	18.93	14.78	24.08	340.3	1.72	57.79960513	3.64
1998	40	18.93	14.78	24.08	340.3	1.72	57.80438933	3.64
1998	41	18.93	14.78	24.08	340.3	1.72	57.98896491	3.64
1998	42	18.93	14.78	24.08	340.3	1.72	57.9705235	3.64
1998	43	18.93	14.78	24.08	340.3	1.72	57.84534444	3.64
1998	44	18.93	14.78	24.08	340.3	1.72	58.59675822	3.64
1998	45	18.93	14.78	24.08	340.3	1.72	59.19022855	3.64
1998	46	18.93	14.78	24.08	340.3	1.72	59.42983769	3.64
1998	47	18.93	14.78	24.08	340.3	1.72	59.7654312	3.64
1998	48	18.93	14.78	24.08	340.3	1.72	59.98404845	3.64
1998	49	18.93	14.78	24.08	340.3	1.72	59.78221039	3.64
1998	50	18.93	14.78	24.08	340.3	1.72	59.6074988	3.64
1998	51	18.93	14.78	24.08	340.3	1.72	59.66419875	3.64
1998	52	18.93	14.78	24.08	340.3	1.72	59.5214547	3.64
1998	53	18.93	14.78	24.08	340.3	1.72	59.37218041	3.64
1998	54	18.93	14.78	24.08	340.3	1.72	59.23206585	3.64
1998	55	18.93	14.78	24.08	340.3	1.72	59.12619463	3.64
1998	56	18.93	14.78	24.08	340.3	1.72	59.05988241	3.64
1998	57	18.93	14.78	24.08	340.3	1.72	59.01753531	3.64
1998	58	18.93	14.78	24.08	340.3	1.72	58.96836062	3.64
1998	59	18.93	14.78	24.08	340.3	1.72	58.9175279	3.64
1998	60	18.93	14.78	24.08	352.06	1.72	58.88551118	3.47
1998	61	18.93	14.78	24.08	352.06	1.72	58.87663309	3.47
1998	62	18.93	14.78	24.08	352.06	1.72	58.89087592	3.47
1998	63	18.93	14.78	24.08	352.06	1.72	58.92416758	3.47
1998	64	18.93	14.78	24.08	352.06	1.72	58.96885716	3.47
1998	65	18.93	14.78	24.08	352.06	1.72	59.01562724	3.47
1998	66	18.93	14.78	24.08	352.06	1.72	59.06407676	3.47
1998	67	18.93	14.78	24.08	352.06	1.72	59.10708123	3.47
1998	68	18.93	14.78	24.08	352.06	1.72	59.15254354	3.47
1998	69	18.93	14.78	24.08	352.06	1.72	59.2048315	3.47
1998	70	18.93	14.78	24.08	352.06	1.72	59.22915443	3.47
1998	71	18.93	14.78	24.08	352.06	1.72	59.23071147	3.47
1998	72	18.93	14.78	24.08	352.06	1.72	59.22274642	3.47
1998	73	18.93	14.78	24.08	352.06	1.72	59.20103903	3.47
1998	74	18.93	14.78	24.08	352.06	1.72	59.16971865	3.47
1998	75	18.93	14.78	24.08	352.06	1.72	59.14521898	3.47
1998	76	18.93	14.78	24.08	352.06	1.72	59.12672779	3.47
1998	77	18.93	14.78	24.08	352.06	1.72	59.10522895	3.47
1998	78	18.93	14.78	24.08	352.06	1.72	59.08857992	3.47
1998	79	18.93	14.78	24.08	352.06	1.72	59.0772359	3.47
1998	80	18.93	14.78	24.08	352.06	1.72	59.07104271	3.47
1998	81	18.93	14.78	24.08	352.06	1.72	59.06883663	3.47
1998	82	18.93	14.78	24.08	352.06	1.72	59.0691948	3.47
1998	83	18.93	14.78	24.08	352.06	1.72	59.07126118	3.47
1998	84	18.93	14.78	24.08	352.06	1.72	59.0753772	3.47
1998	85	18.93	14.78	24.08	352.06	1.72	59.08169117	3.47
1998	86	18.93	14.78	24.08	352.06	1.72	59.08953837	3.47
1998	87	18.93	14.78	24.08	352.06	1.72	59.09805458	3.47
1998	88	18.93	14.78	24.08	352.06	1.72	59.10634173	3.47
1998	89	18.93	14.78	24.08	352.06	1.72	59.11362869	3.47
1998	90	18.93	14.78	24.08	352.06	1.72	59.11941956	3.47
1998	91	18.93	14.78	24.08	352.06	1.72	59.12357125	3.47
1998	92	18.93	14.78	24.08	352.06	1.72	59.12595103	3.47
1998	93	18.93	14.78	24.08	352.06	1.72	59.12670582	3.47
1998	94	18.93	14.78	24.08	352.06	1.72	59.12567231	3.47
1998	95	18.93	14.78	24.08	352.06	1.72	59.12250594	3.47
1998	96	18.93	14.78	24.08	352.06	1.72	59.11824	3.47
1998	97	18.93	14.78	24.08	352.06	1.72	59.11374114	3.47
1998	98	18.93	14.78	24.08	352.06	1.72	59.10938093	3.47
1998	99	18.93	14.78	24.08	352.06	1.72	59.10571461	3.47
1998	100	18.93	14.78	24.08	352.06	1.72	59.10315445	3.47
1998	101	18.93	14.78	24.08	352.06	1.72	59.10147187	3.47
1998	102	18.93	14.78	24.08	352.06	1.72	59.10046163	3.47
1998	103	18.93	14.78	24.08	352.06	1.72	59.10027094	3.47
1998	104	18.93	14.78	24.08	352.06	1.72	59.10073858	3.47
1998	105	18.93	14.78	24.08	352.06	1.72	59.10167868	3.47
1998	106	18.93	14.78	24.08	352.06	1.72	59.10290412	3.47
1998	107	18.93	14.78	24.08	352.06	1.72	59.10426682	3.47
1998	108	18.93	14.78	24.08	352.06	1.72	59.1056697	3.47
1998	109	22.3	22.3	22.3	352.06	0	64.7	3.47
1998	110	21.07	17	24.09	352.06	0	71.13	3.74
1998	111	20.16	17.07	25.36	352.06	1	80.23	2.82
1998	112	18.06	16.81	19.59	352.06	17.06	92.29	2.83
1998	113	19.19	15.33	23.64	352.06	0	80.92	2.44
1998	114	20.13	17.32	24.31	352.06	0	81.88	2.65
1998	115	18.92	15.95	22.83	352.06	5.1	86.61	2.42
1998	116	18.55	16.41	22.86	352.06	35	89.17	1.62
1998	117	19.06	15.7	23.06	352.06	0.1	80.9	2.39
1998	118	17.85	16.69	20.08	352.06	11.7	90.83	2.03
1998	119	18.04	15.51	21.49	352.06	0	85.63	2.1
1998	120	18.66	16.79	22.47	352.06	14.3	87.36	2.18
1998	121	18.02	16.16	20.28	352.06	22.6	89.17	2.66
1998	122	18.54	14.62	22.18	352.06	0.6	84.6	2.64
1998	123	18.27	16.54	21.52	352.06	0.1	89.09	3.64
1998	124	18.61	15.12	23.36	352.06	0	83.58	1.96
1998	125	18.67	14.48	23.52	352.06	0	82.14	2.29
1998	126	18.86	15.23	23.42	352.06	0	82.42	2.8
1998	127	18.79	15.61	23.07	352.06	0	83.04	2.71
1998	128	19.09	15.8	23.44	352.06	0	81.1	2.44
1998	129	18.17	16.24	21.58	352.06	0.1	86.29	3.69
1998	130	18.56	16.06	22.68	352.06	0	81.82	3.32
1998	131	18.15	15.1	22.15	352.06	0	82.4	3.2
1998	132	18.06	14.02	23.32	352.06	0	80.69	2.41
1998	133	19.24	15.48	24.25	352.06	0	80.52	2.45
1998	134	19.23	16.33	24.04	352.06	0	79.02	3.41
1998	135	18.59	14.77	23.4	352.06	0	80.56	2.58
1998	136	18.6	14.35	23.74	352.06	0	75.81	2.95
1998	137	19.07	15.98	23.06	352.06	0	78.16	2.98
1998	138	18.29	13.91	22.89	352.06	0	81.01	2.73
1998	139	18.37	14.63	23.8	352.06	0	79.61	2.45
1998	140	19.41	13.13	26.12	352.06	0	72.85	2.35
1998	141	19.27	13.3	24.7	352.06	0	73.65	2.67
1998	142	19.83	15.97	25.45	352.06	0	76.68	2.49
1998	143	19.78	16.04	24.78	352.06	0	77.59	3.21
1998	144	18.99	14.96	23.77	352.06	0	73.95	3.17
1998	145	19.11	14.58	23.87	352.06	0	72.29	3.33
1998	146	18	14.1	22.59	352.06	0	75.42	3.35
1998	147	16.64	12.72	21.05	352.06	0.3	82.01	3.15
1998	148	17.5	14.02	22.45	352.06	0.1	80.72	3.26
1998	149	16.53	14.07	19.75	352.06	2.6	89.1	3.74
1998	150	17.26	13.76	20.82	352.06	0	82.09	2.58
1998	151	18.19	15.48	23.03	165.37	0	78.43	2.52
1998	152	19.1	14.83	24.04	252.18	0	74.88	3.37
1998	153	19.11	15.58	23.99	273.08	2.6	76.13	3.6
1998	154	18	14.69	22.03	69.78	0	80.43	3.46
1998	155	17.66	13.89	22.83	199.47	0	79.68	3.11
1998	156	19.15	14.11	24.66	306.03	0	72.1	2.52
1998	157	18.83	15.25	23.88	200.96	0.2	76.26	3.01
1998	158	18.95	13.44	24.91	360.35	0	62.02	2.54
1998	159	19.36	12.31	26.04	365.95	0	64.25	2.55
1998	160	18.79	15.88	23.8	229.63	0	75.18	3.93
1998	161	18.3	13.62	24.32	251.44	0	74.56	2.85
1998	162	19.59	14.98	24.61	351.39	0	63.15	2.73
1998	163	19.64	14.92	24.48	241.6	0.2	63.95	2.52
1998	164	17.84	13.52	22.29	190.26	0	74.48	2.64
1998	165	18.81	14.98	25.01	245.06	0	78.03	2.24
1998	166	17.89	14.88	21.55	141.38	0	77.07	2.1
1998	167	18.54	14.65	23.95	188.56	0	74.76	2.65
1998	168	16.83	14.59	19.37	54.07	0	80.78	3.03
1998	169	17.38	13.35	22.42	172.24	0	74.23	2.81
1998	170	17.84	12.97	22.96	224.37	0	73.04	2.49
1998	171	18.42	14.65	22.7	138.18	0	77.27	2.83
1998	172	17.83	15.91	20.93	191.66	0	79.93	3.14
1998	173	17.11	14.77	20.05	117.71	0	78.53	2.92
1998	174	16.87	15.44	18.65	61.62	0	81.36	3.27
1998	175	17.72	14.23	22.8	198.47	0	69.59	2.7
1998	176	18.16	13.41	24.21	249.27	0	60.96	2.39
1998	177	16.67	13.5	21.31	115.2	0	76.59	2.67
1998	178	16.59	13.91	20.48	94.91	0	79.69	2.63
1998	179	17.33	12.34	22.77	236.09	0	73.82	2.46
1998	180	16.34	13.54	19.66	114.41	0	79.4	2.51
1998	181	17.5	14.71	21.1	109.4	0	75.77	3.1
1998	182	17.09	14.5	20.39	26.13	0	79.28	3.5
1998	183	16.91	14.71	19.95	85.05	0	75.76	3.45
1998	184	17.14	13.46	21.06	61.39	0	73.3	3.53
1998	185	16.5	13.97	19.82	167.11	0	73.98	3.97
1998	186	15.27	12.43	18.94	12.18	0	79.14	2.19
1998	187	18.06	15.84	19.51	95.63	0	66.31	4.78
1998	188	16.23	14.2	18.34	100.56	0	71.89	4.13
1998	189	16.26	12.37	20.81	159.02	0	72.12	3.26
1998	190	16.77	11.2	23.56	248.11	0	72.19	2.32
1998	191	18.69	10.53	26.26	315.31	0	65.96	2.48
1998	192	18.73	13.05	25.43	289.71	0	67.15	2.61
1998	193	16.82	13.68	20.29	189.55	0	74.61	3
1998	194	16.93	12.67	20.86	192.7	0	72.44	3.07
1998	195	18.08	13.39	23.37	212.77	0	65.2	3.12
1998	196	17.13	12.58	22.48	132.91	0	70.3	2.48
1998	197	16.52	12.53	20.62	203.16	0	72.56	2.49
1998	198	15.86	11.93	19.8	67.65	0	73.96	2.59
1998	199	16.31	12.25	21.51	91.4	0	71.79	3.25
1998	200	16.74	12.41	21.45	65.78	0	73.66	2.79
1998	201	18.82	12.14	25.91	312.23	0	61.97	2.95
1998	202	18.53	13.18	24.25	317.92	0	62.06	3.24
1998	203	17.85	14.49	22.47	64.01	0	70.11	3.15
1998	204	17.62	14.85	21.88	183.78	0	74.82	3.76
1998	205	17.38	13.13	21.38	87.99	0	73.91	2.7
1998	206	18.01	15.6	22.06	164.12	0	74.49	3.37
1998	207	16.77	14.22	22.16	164.8	0	75.2	3.05
1998	208	16.96	12.3	21.48	97.12	0	71.97	2.7
1998	209	16.78	14.6	20.27	100.08	0	75.65	3.99
1998	210	16.67	13.6	21.41	84.46	0	77.88	2.76
1998	211	17.75	12.74	24.26	309.83	0	75.95	2.78
1998	212	18.63	12.91	25.69	320.4	0	71.32	2.99
1998	213	17.26	14.02	21.61	108.1	0	75.7	3.71
1998	214	17.03	13.91	20.32	245.22	0.1	76.65	5.05
1998	215	15.78	15.4	16.35	340.3	0	84.12	3.86
1998	216	18.93	14.78	24.08	340.3	1.72	77.88	3.64
1998	217	18.93	14.78	24.08	340.3	1.72	75.95	3.64
1998	218	18.93	14.78	24.08	340.3	1.72	71.32	3.64
1998	219	18.93	14.78	24.08	340.3	1.72	75.7	3.64
1998	220	19.19	16.1	22.77	340.3	0	60.43	3.98
1998	221	16.3	14.35	19.47	99.72	1.5	82.14	3.25
1998	222	17.41	14.54	21.9	340.3	0	74.2	3.32
1998	223	17.26	13.47	21.84	340.3	0	70.81	2.72
1998	224	16.43	11.83	22.03	340.3	0	69.39	2.8
1998	225	17.57	11.74	23.44	340.3	0	67.25	3.53
1998	226	18.23	12.32	24.09	340.3	0	66.17	3.32
1998	227	19.11	13.96	24.68	340.3	0	69.91	3.56
1998	228	18.74	15.68	22.93	340.3	0	69.27	3.69
1998	229	18.19	14.99	22.6	340.3	0	70.44	3.82
1998	230	17.99	14.35	23.52	340.3	0	68.34	4.51
1998	231	18.84	13.73	25.12	340.3	0	60.16	3.04
1998	232	19.25	12.04	25.81	340.3	0	51.77	3.25
1998	233	19.13	12.72	24.83	340.3	0	55.64	3.8
1998	234	20.08	15.13	25.93	340.3	0	60.22	3.34
1998	235	18.24	12.75	24.9	278.29	0	66.35	3.65
1998	236	18.13	13.52	24.14	286.17	0	67.29	3.42
1998	237	18.43	12.48	24.75	339.26	0	67.22	3.85
1998	238	19.73	14.79	25.96	370.39	0	61.21	3.94
1998	239	19.43	14.24	26.09	348.37	0	62.14	3.64
1998	240	18.38	14.17	23.01	204.73	0	66.11	4.3
1998	241	18.08	13.66	22.52	203.21	0	65.33	4.51
1998	242	18.02	15.12	21.84	184.28	0	72.23	4.32
1998	243	18.07	15.24	22.71	132.61	0	72.33	3.66
1998	244	18.87	15.46	23.51	134.25	0	70.98	3.71
1998	245	18.68	15.53	23.49	177.46	0	71.85	3.22
1998	246	18.9	12.73	25.89	309.28	0	65.73	3.63
1998	247	18.78	14.35	24.48	183.69	0	65.77	3.56
1998	248	19.63	13.74	25.63	239.41	0	65.78	3.22
1998	249	20.42	13.62	26.98	276.93	0	59.99	2.42
1998	250	18.55	15.47	24.24	183.01	23.2	79.81	2.36
1998	251	17.83	15.35	20.88	216.31	1.5	84.97	3.37
1998	252	17.63	15.18	20.3	237.69	0	79.53	3.56
1998	253	18.7	13.12	24.8	304.84	0	69.46	3.47
1998	254	19.63	15.06	25.4	286.39	0	68.96	3.1
1998	255	20.1	15.27	26.39	311.18	0	70.71	2.69
1998	256	18.54	15.58	23.43	212.37	0	78.29	3.58
1998	257	19.3	15.09	24.61	303.08	0	61.66	4.59
1998	258	18.25	15.11	22.31	305.08	0	70.57	3.47
1998	259	19.19	13.58	25.41	335.8	0	67.65	3.06
1998	260	20.08	15.78	27.18	352.88	7.9	69.76	3.16
1998	261	19.27	15.2	24.9	296.61	0	71.05	3.53
1998	262	19.43	14.03	24.85	321.49	0	70.28	3.57
1998	263	20.13	15.04	27.25	425.01	0	68.7	2.81
1998	264	20.11	14.46	26.74	335.61	0	68.67	3.61
1998	265	20.33	15.96	25.85	292.61	0	63.45	4.06
1998	266	19.54	15.6	24.75	214.41	0	65.68	4.21
1998	267	18.87	16.08	24.31	306.57	0	72.24	4.2
1998	268	20.51	14.71	27.22	310.98	0	58.63	3.17
1998	269	20.23	13.96	27.28	291.16	0	64.9	2.78
1998	270	20.27	14.8	26.27	303.74	0	67.24	3.51
1998	271	18.89	16.03	22.69	79.8	0	71.98	3.83
1998	272	19.89	13.95	26.59	315.98	0	67.54	3.7
1998	273	19.74	15.23	26.4	221.85	0	71.17	4.05
1998	274	20.87	16.39	27.58	279.48	0	66.11	3.52
1998	275	20.79	14.59	27.58	290.74	0	61.65	3.22
1998	276	18.98	12.25	25.45	355.89	0	61.51	3.36
1998	277	17.97	16.28	21.07	340.3	0	79.37	4.62
1998	278	18.71	15.17	23.32	340.3	0.1	73.05	3.82
1998	279	20.09	15.8	26.43	340.3	0	67.62	4.09
1998	280	20.12	14.92	26.08	340.3	0	59.02	3.57
1998	281	20.74	13.07	27.9	340.3	0	56.38	3.34
1998	282	21.15	14.46	27.94	340.3	0	61.27	4.24
1998	283	20.8	16.31	27.4	340.3	0	66.42	5.2
1998	284	20.65	14.57	26.53	340.3	0	61.27	4.42
1998	285	21.22	14.61	27.95	29.44	0	58.16	4.01
1998	286	22.07	14.44	29.04	427.23	0	57.17	3.61
1998	287	22.09	16.24	28.14	428.3	0	64.39	5.2
1998	288	21.94	17.65	27.56	348.26	0	67.16	5.57
1998	289	20.65	16.41	25.56	391.86	0.5	73	4.75
1998	290	20.59	17	26.7	287.02	0.1	72.18	3.44
1998	291	21.14	17.4	25.88	391.89	0	71.74	4.22
1998	292	19.67	16.88	24.57	333	0.9	79.34	4.75
1998	293	19.63	14.75	24.34	333.2	0	70.86	3.97
1998	294	20.13	15.77	25.43	317.38	0	68.67	4.18
1998	295	21.29	16.21	26.31	335.48	0	56.17	3.38
1998	296	20.92	15.51	26.96	386.79	0	56.58	3.52
1998	297	21.26	15.27	26.84	361.83	0	62.73	3.41
1998	298	21.43	17.08	26.31	373.89	0	67.31	4.54
1998	299	19.75	16.89	24.27	302.02	1.9	76.47	4.64
1998	300	19.99	16.11	24.47	275.17	0	70.49	3.55
1998	301	20.44	15.29	26.18	299.92	0	67.55	3.87
1998	302	20.44	16.2	25.09	293.17	0	66.86	3.74
1998	303	19.84	16.07	25.11	320.12	0	72.71	4.13
1998	304	19.58	16.66	24.13	286.44	4.5	78.4	4.26
1998	305	20.19	15.98	25.04	301.58	0	72.37	3.77
1998	306	18.89	16.55	22.21	304.4	32.9	85.22	3.63
1998	307	18.28	16.62	22.5	326.5	8.3	88.67	3.3
1998	308	18.22	15.53	21.34	294.16	8.6	84.66	3.2
1998	309	18.8	16.42	23.16	313	7.2	85.41	3
1998	310	19.32	16.17	24.13	442.3	28.39	81.98	3.32
1998	311	19.12	15.6	23.81	471.37	35.8	82.53	2.9
1998	312	18.59	16.89	21.94	329.38	3.1	88.16	3.48
1998	313	19.14	15.53	23.06	388.75	0	78.03	3.7
1998	314	18.8	16.01	22.5	265.7	17.8	85.21	3.72
1998	315	18.04	15.14	21.42	278.59	11.1	87.17	4.04
1998	316	18.82	16.5	23.13	342.78	4.4	86.05	3.73
1998	317	18.97	16.48	22.72	418.36	3.9	87.41	4.58
1998	318	18.57	16.33	23.09	332.43	22.2	89.79	2.51
1998	319	18.42	16.63	22.5	327.11	5.7	89.16	3.26
1998	320	18.56	16.26	22.07	379.33	6.6	87.77	3.73
1998	321	18.58	16.27	22.19	301.92	2.5	87.67	3.39
1998	322	19.16	16.24	23.04	360.37	1.74	82.42	3.52
1998	323	19.33	16.45	23.33	426.02	1.4	82.05	3.47
1998	324	18.81	15.89	23.3	398.04	0.4	85.17	3.46
1998	325	18.89	16.91	22.18	319.64	14.2	87.74	3.58
1998	326	18.29	16.52	21.89	360.61	8.7	91.68	4.05
1998	327	18.41	16.01	21.81	332.88	3.6	87.89	4.08
1998	328	18.6	16.2	22.59	392.39	9	87.44	3.59
1998	329	18.63	16.17	22.4	319.92	6.8	87.22	2.76
1998	330	18.31	15.64	21.96	339	8.4	89.85	3.28
1998	331	19.47	15.78	24.04	471.51	2.6	77.23	3.81
1998	332	19.07	16.67	23.43	349.55	0	83.95	3.15
1998	333	19.54	16.52	23.98	498.21	0	75.99	3.76
1998	334	19.2	15.46	23.4	483.41	0	72.17	3.74
1998	335	19.08	14.87	23.94	461.96	0	71.36	3.2
1998	336	19.51	14.76	24.39	411.98	0	75.32	3.14
1998	337	19.26	16.65	23.41	401.68	0	82.54	3.88
1998	338	18.98	15.93	23.5	363.5	0	80.18	3.54
1998	339	19.21	15.7	24.03	404.09	0	75.45	2.89
1998	340	19.08	16.36	23.58	383.18	0	79.45	2.86
1998	341	19.16	13.78	24.68	473.77	0	76.59	2.78
1998	342	19.31	14.63	24.83	446.49	0	70.69	2.85
1998	343	18.69	14.4	23.86	398.57	0	78.08	2.72
1998	344	19.39	16.5	23.57	397.26	0.8	80.59	4.16
1998	345	19.18	15.52	23.85	396.18	0.1	80.1	3.6
1998	346	19.24	15	24.28	353.75	0	81.24	2.85
1998	347	19.64	15.87	24.75	349.7	0	82.55	2.64
1998	348	19.65	17.22	23.88	355.75	0.1	85.12	3.01
1998	349	18.97	16.04	22.86	373.16	4.7	87.32	4.19
1998	350	18.27	16.3	21.59	235.59	0	85.91	4.21
1998	351	18.93	15.66	23.38	376.45	0	79.05	3.99
1998	352	18.79	15.6	23.31	400.29	0.1	80.3	3.54
1998	353	19.29	16.03	23.73	350.94	0	76.19	2.57
1998	354	18.81	14.53	23.85	403.15	0	78.18	2.74
1998	355	19.55	15.62	24.47	407.99	0	74.8	3.57
1998	356	19.31	15.92	23.7	323.94	2.2	83.67	3.45
1998	357	18.94	16.36	23.24	309.77	6.7	86.91	3.82
1998	358	20.22	16.91	24.8	409.78	0.7	81.63	3.41
1998	359	20.3	17.16	25.01	417.6	0	83.61	3.95
1998	360	18.96	16.81	22.36	248.07	0.6	86.86	4.58
1998	361	18.91	14.84	23.14	434.42	0	73.13	3.85
1998	362	19.96	15.72	24.86	444.77	0	68.75	3.05
1998	363	20.22	15.6	25.2	410.62	0	77.61	2.63
1998	364	20.21	16.76	25.21	330.63	0	81.03	3.1
1998	365	20.6	17.19	25.44	386.32	0	78.05	2.63
1999	1	19.25	14.12	24.18	280.23	0	62.72	4.63
1999	2	17.98	13.75	23.01	211.09	0.1	72.71	4.88
1999	3	17.25	15.45	20.82	214.32	10.62	87.78	5.48
1999	4	16.94	15.21	19.18	103.83	4.8	89.25	4.65
1999	5	17.62	14.54	21.55	274.51	0.2	77.42	4.38
1999	6	19.42	13.57	24.66	376.05	0	56.91	3.87
1999	7	19.6	14.23	24.56	355.46	0	60.44	4.2
1999	8	19.01	13.81	24.6	361.29	0	73.27	4.48
1999	9	19.48	16.27	24.33	277.82	0	74.98	5.09
1999	10	19.17	15.9	23.54	312.8	0	73.78	4.69
1999	11	19.18	14.34	24.06	300.67	0	70.07	4.13
1999	12	19.84	14.59	25.32	365.58	0	64.35	4.95
1999	13	19.68	13.39	25.11	359.62	0	57.99	4.46
1999	14	19.45	13.8	24.51	341.86	0	57.68	3.85
1999	15	19.78	13.98	24.89	349.03	0	53.19	4.17
1999	16	19.6	14.32	24.98	347.23	0	58.45	4.01
1999	17	19.44	13.62	24.81	280.46	0	61.1	4.05
1999	18	21.2	14.54	27.44	350.85	0	39.06	3.88
1999	19	21.45	15.57	27.25	356.5	0	43.76	3.63
1999	20	20.97	15.4	26.66	353.82	0	53.2	4.18
1999	21	20.88	14.6	26.14	356.25	0	51.04	4.37
1999	22	20.5	16.16	24.79	235.94	0	54.3	4.54
1999	23	20.05	16.04	24.84	262.47	0	65.03	4.02
1999	24	20.01	14.81	25.45	300.24	0	64.15	4.56
1999	25	20.9	14.87	26.58	352.5	0	58.19	4.1
1999	26	18.93	14.78	24.08	340.3	1.72	63.2328	3.64
1999	27	18.93	14.78	24.08	340.3	1.72	63.253312	3.64
1999	28	18.93	14.78	24.08	340.3	1.72	62.87504448	3.64
1999	29	18.93	14.78	24.08	340.3	1.72	61.87884626	3.64
1999	30	18.93	14.78	24.08	340.3	1.72	60.78400011	3.64
1999	31	18.93	14.78	24.08	340.3	1.72	60.11856011	3.64
1999	32	18.93	14.78	24.08	340.3	1.72	60.24690252	3.64
1999	33	18.93	14.78	24.08	340.3	1.72	60.23917862	3.64
1999	34	18.93	14.78	24.08	340.3	1.72	59.71794576	3.64
1999	35	18.93	14.78	24.08	340.3	1.72	59.10746359	3.64
1999	36	18.93	14.78	24.08	340.3	1.72	58.52056214	3.64
1999	37	18.93	14.78	24.08	340.3	1.72	58.05858462	3.64
1999	38	18.93	14.78	24.08	340.3	1.72	57.80692801	3.64
1999	39	18.93	14.78	24.08	340.3	1.72	57.79960513	3.64
1999	40	18.93	14.78	24.08	340.3	1.72	57.80438933	3.64
1999	41	18.93	14.78	24.08	340.3	1.72	57.98896491	3.64
1999	42	18.93	14.78	24.08	340.3	1.72	57.9705235	3.64
1999	43	18.93	14.78	24.08	340.3	1.72	57.84534444	3.64
1999	44	18.93	14.78	24.08	340.3	1.72	58.59675822	3.64
1999	45	18.93	14.78	24.08	340.3	1.72	59.19022855	3.64
1999	46	18.93	14.78	24.08	340.3	1.72	59.42983769	3.64
1999	47	18.93	14.78	24.08	340.3	1.72	59.7654312	3.64
1999	48	18.93	14.78	24.08	340.3	1.72	59.98404845	3.64
1999	49	18.93	14.78	24.08	340.3	1.72	59.78221039	3.64
1999	50	18.93	14.78	24.08	340.3	1.72	59.6074988	3.64
1999	51	18.93	14.78	24.08	340.3	1.72	59.66419875	3.64
1999	52	18.93	14.78	24.08	340.3	1.72	59.5214547	3.64
1999	53	18.93	14.78	24.08	340.3	1.72	59.37218041	3.64
1999	54	18.93	14.78	24.08	340.3	1.72	59.23206585	3.64
1999	55	18.93	14.78	24.08	340.3	1.72	59.12619463	3.64
1999	56	18.93	14.78	24.08	340.3	1.72	59.05988241	3.64
1999	57	18.93	14.78	24.08	340.3	1.72	59.01753531	3.64
1999	58	18.93	14.78	24.08	340.3	1.72	58.96836062	3.64
1999	59	18.93	14.78	24.08	340.3	1.72	58.9175279	3.64
1999	60	18.93	14.78	24.08	352.06	1.72	58.88551118	3.47
1999	61	18.93	14.78	24.08	352.06	1.72	58.87663309	3.47
1999	62	18.93	14.78	24.08	352.06	1.72	58.89087592	3.47
1999	63	18.93	14.78	24.08	352.06	1.72	58.92416758	3.47
1999	64	18.93	14.78	24.08	352.06	1.72	58.96885716	3.47
1999	65	18.93	14.78	24.08	352.06	1.72	59.01562724	3.47
1999	66	18.93	14.78	24.08	352.06	1.72	59.06407676	3.47
1999	67	18.93	14.78	24.08	352.06	1.72	59.10708123	3.47
1999	68	18.93	14.78	24.08	352.06	1.72	59.15254354	3.47
1999	69	18.93	14.78	24.08	352.06	1.72	59.2048315	3.47
1999	70	18.93	14.78	24.08	352.06	1.72	59.22915443	3.47
1999	71	18.93	14.78	24.08	352.06	1.72	59.23071147	3.47
1999	72	18.93	14.78	24.08	352.06	1.72	59.22274642	3.47
1999	73	18.93	14.78	24.08	352.06	1.72	59.20103903	3.47
1999	74	18.93	14.78	24.08	352.06	1.72	59.16971865	3.47
1999	75	18.93	14.78	24.08	352.06	1.72	59.14521898	3.47
1999	76	18.93	14.78	24.08	352.06	1.72	59.12672779	3.47
1999	77	18.93	14.78	24.08	352.06	1.72	59.10522895	3.47
1999	78	18.93	14.78	24.08	352.06	1.72	59.08857992	3.47
1999	79	18.93	14.78	24.08	352.06	1.72	59.0772359	3.47
1999	80	18.93	14.78	24.08	352.06	1.72	59.07104271	3.47
1999	81	18.93	14.78	24.08	352.06	1.72	59.06883663	3.47
1999	82	18.93	14.78	24.08	352.06	1.72	59.0691948	3.47
1999	83	18.93	14.78	24.08	352.06	1.72	59.07126118	3.47
1999	84	18.93	14.78	24.08	352.06	1.72	59.0753772	3.47
1999	85	18.93	14.78	24.08	352.06	1.72	59.08169117	3.47
1999	86	18.93	14.78	24.08	352.06	1.72	59.08953837	3.47
1999	87	18.93	14.78	24.08	352.06	1.72	59.09805458	3.47
1999	88	18.93	14.78	24.08	352.06	1.72	59.10634173	3.47
1999	89	18.93	14.78	24.08	352.06	1.72	59.11362869	3.47
1999	90	18.93	14.78	24.08	352.06	1.72	59.11941956	3.47
1999	91	18.93	14.78	24.08	352.06	1.72	59.12357125	3.47
1999	92	18.93	14.78	24.08	352.06	1.72	59.12595103	3.47
1999	93	18.93	14.78	24.08	352.06	1.72	59.12670582	3.47
1999	94	18.93	14.78	24.08	352.06	1.72	59.12567231	3.47
1999	95	18.93	14.78	24.08	352.06	1.72	59.12250594	3.47
1999	96	18.93	14.78	24.08	352.06	1.72	59.11824	3.47
1999	97	18.93	14.78	24.08	352.06	1.72	59.11374114	3.47
1999	98	18.93	14.78	24.08	352.06	1.72	59.10938093	3.47
1999	99	18.93	14.78	24.08	352.06	1.72	59.10571461	3.47
1999	100	18.93	14.78	24.08	352.06	1.72	59.10315445	3.47
1999	101	18.93	14.78	24.08	352.06	1.72	59.10147187	3.47
1999	102	18.93	14.78	24.08	352.06	1.72	59.10046163	3.47
1999	103	18.93	14.78	24.08	352.06	1.72	59.10027094	3.47
1999	104	18.93	14.78	24.08	352.06	1.72	59.10073858	3.47
1999	105	18.93	14.78	24.08	352.06	1.72	59.10167868	3.47
1999	106	18.93	14.78	24.08	352.06	1.72	59.10290412	3.47
1999	107	18.93	14.78	24.08	352.06	1.72	59.10426682	3.47
1999	108	18.93	14.78	24.08	352.06	1.72	59.1056697	3.47
1999	109	22.3	22.3	22.3	352.06	0	64.7	3.47
1999	110	21.07	17	24.09	352.06	0	71.13	3.74
1999	111	20.16	17.07	25.36	352.06	1	80.23	2.82
1999	112	18.06	16.81	19.59	352.06	17.06	92.29	2.83
1999	113	19.19	15.33	23.64	352.06	0	80.92	2.44
1999	114	20.13	17.32	24.31	352.06	0	81.88	2.65
1999	115	18.92	15.95	22.83	352.06	5.1	86.61	2.42
1999	116	18.55	16.41	22.86	352.06	35	89.17	1.62
1999	117	19.06	15.7	23.06	352.06	0.1	80.9	2.39
1999	118	17.85	16.69	20.08	352.06	11.7	90.83	2.03
1999	119	18.04	15.51	21.49	352.06	0	85.63	2.1
1999	120	18.66	16.79	22.47	352.06	14.3	87.36	2.18
1999	121	18.02	16.16	20.28	352.06	22.6	89.17	2.66
1999	122	18.54	14.62	22.18	352.06	0.6	84.6	2.64
1999	123	18.27	16.54	21.52	352.06	0.1	89.09	3.64
1999	124	18.61	15.12	23.36	352.06	0	83.58	1.96
1999	125	18.67	14.48	23.52	352.06	0	82.14	2.29
1999	126	18.86	15.23	23.42	352.06	0	82.42	2.8
1999	127	18.79	15.61	23.07	352.06	0	83.04	2.71
1999	128	19.09	15.8	23.44	352.06	0	81.1	2.44
1999	129	18.17	16.24	21.58	352.06	0.1	86.29	3.69
1999	130	18.56	16.06	22.68	352.06	0	81.82	3.32
1999	131	18.15	15.1	22.15	352.06	0	82.4	3.2
1999	132	18.06	14.02	23.32	352.06	0	80.69	2.41
1999	133	19.24	15.48	24.25	352.06	0	80.52	2.45
1999	134	19.23	16.33	24.04	352.06	0	79.02	3.41
1999	135	18.59	14.77	23.4	352.06	0	80.56	2.58
1999	136	18.6	14.35	23.74	352.06	0	75.81	2.95
1999	137	19.07	15.98	23.06	352.06	0	78.16	2.98
1999	138	18.29	13.91	22.89	352.06	0	81.01	2.73
1999	139	18.37	14.63	23.8	352.06	0	79.61	2.45
1999	140	19.41	13.13	26.12	352.06	0	72.85	2.35
1999	141	19.27	13.3	24.7	352.06	0	73.65	2.67
1999	142	19.83	15.97	25.45	352.06	0	76.68	2.49
1999	143	19.78	16.04	24.78	352.06	0	77.59	3.21
1999	144	18.99	14.96	23.77	352.06	0	73.95	3.17
1999	145	19.11	14.58	23.87	352.06	0	72.29	3.33
1999	146	18	14.1	22.59	352.06	0	75.42	3.35
1999	147	16.64	12.72	21.05	352.06	0.3	82.01	3.15
1999	148	17.5	14.02	22.45	352.06	0.1	80.72	3.26
1999	149	16.53	14.07	19.75	352.06	2.6	89.1	3.74
1999	150	17.26	13.76	20.82	352.06	0	82.09	2.58
1999	151	18.19	15.48	23.03	165.37	0	78.43	2.52
1999	152	19.1	14.83	24.04	252.18	0	74.88	3.37
1999	153	19.11	15.58	23.99	273.08	2.6	76.13	3.6
1999	154	18	14.69	22.03	69.78	0	80.43	3.46
1999	155	17.66	13.89	22.83	199.47	0	79.68	3.11
1999	156	19.15	14.11	24.66	306.03	0	72.1	2.52
1999	157	18.83	15.25	23.88	200.96	0.2	76.26	3.01
1999	158	18.95	13.44	24.91	360.35	0	62.02	2.54
1999	159	19.36	12.31	26.04	365.95	0	64.25	2.55
1999	160	18.79	15.88	23.8	229.63	0	75.18	3.93
1999	161	18.3	13.62	24.32	251.44	0	74.56	2.85
1999	162	19.59	14.98	24.61	351.39	0	63.15	2.73
1999	163	19.64	14.92	24.48	241.6	0.2	63.95	2.52
1999	164	17.84	13.52	22.29	190.26	0	74.48	2.64
1999	165	18.81	14.98	25.01	245.06	0	78.03	2.24
1999	166	17.89	14.88	21.55	141.38	0	77.07	2.1
1999	167	18.54	14.65	23.95	188.56	0	74.76	2.65
1999	168	16.83	14.59	19.37	54.07	0	80.78	3.03
1999	169	17.38	13.35	22.42	172.24	0	74.23	2.81
1999	170	17.84	12.97	22.96	224.37	0	73.04	2.49
1999	171	18.42	14.65	22.7	138.18	0	77.27	2.83
1999	172	17.83	15.91	20.93	191.66	0	79.93	3.14
1999	173	17.11	14.77	20.05	117.71	0	78.53	2.92
1999	174	16.87	15.44	18.65	61.62	0	81.36	3.27
1999	175	17.72	14.23	22.8	198.47	0	69.59	2.7
1999	176	18.16	13.41	24.21	249.27	0	60.96	2.39
1999	177	16.67	13.5	21.31	115.2	0	76.59	2.67
1999	178	16.59	13.91	20.48	94.91	0	79.69	2.63
1999	179	17.33	12.34	22.77	236.09	0	73.82	2.46
1999	180	16.34	13.54	19.66	114.41	0	79.4	2.51
1999	181	17.5	14.71	21.1	109.4	0	75.77	3.1
1999	182	17.09	14.5	20.39	26.13	0	79.28	3.5
1999	183	16.91	14.71	19.95	85.05	0	75.76	3.45
1999	184	17.14	13.46	21.06	61.39	0	73.3	3.53
1999	185	16.5	13.97	19.82	167.11	0	73.98	3.97
1999	186	15.27	12.43	18.94	12.18	0	79.14	2.19
1999	187	18.06	15.84	19.51	95.63	0	66.31	4.78
1999	188	16.23	14.2	18.34	100.56	0	71.89	4.13
1999	189	16.26	12.37	20.81	159.02	0	72.12	3.26
1999	190	16.77	11.2	23.56	248.11	0	72.19	2.32
1999	191	18.69	10.53	26.26	315.31	0	65.96	2.48
1999	192	18.73	13.05	25.43	289.71	0	67.15	2.61
1999	193	16.82	13.68	20.29	189.55	0	74.61	3
1999	194	16.93	12.67	20.86	192.7	0	72.44	3.07
1999	195	18.08	13.39	23.37	212.77	0	65.2	3.12
1999	196	17.13	12.58	22.48	132.91	0	70.3	2.48
1999	197	16.52	12.53	20.62	203.16	0	72.56	2.49
1999	198	15.86	11.93	19.8	67.65	0	73.96	2.59
1999	199	16.31	12.25	21.51	91.4	0	71.79	3.25
1999	200	16.74	12.41	21.45	65.78	0	73.66	2.79
1999	201	18.82	12.14	25.91	312.23	0	61.97	2.95
1999	202	18.53	13.18	24.25	317.92	0	62.06	3.24
1999	203	17.85	14.49	22.47	64.01	0	70.11	3.15
1999	204	17.62	14.85	21.88	183.78	0	74.82	3.76
1999	205	17.38	13.13	21.38	87.99	0	73.91	2.7
1999	206	18.01	15.6	22.06	164.12	0	74.49	3.37
1999	207	16.77	14.22	22.16	164.8	0	75.2	3.05
1999	208	16.96	12.3	21.48	97.12	0	71.97	2.7
1999	209	16.78	14.6	20.27	100.08	0	75.65	3.99
1999	210	16.67	13.6	21.41	84.46	0	77.88	2.76
1999	211	17.75	12.74	24.26	309.83	0	75.95	2.78
1999	212	18.63	12.91	25.69	320.4	0	71.32	2.99
1999	213	17.26	14.02	21.61	108.1	0	75.7	3.71
1999	214	17.03	13.91	20.32	245.22	0.1	76.65	5.05
1999	215	15.78	15.4	16.35	340.3	0	84.12	3.86
1999	216	18.93	14.78	24.08	340.3	1.72	77.88	3.64
1999	217	18.93	14.78	24.08	340.3	1.72	75.95	3.64
1999	218	18.93	14.78	24.08	340.3	1.72	71.32	3.64
1999	219	18.93	14.78	24.08	340.3	1.72	75.7	3.64
1999	220	19.19	16.1	22.77	340.3	0	60.43	3.98
1999	221	16.3	14.35	19.47	99.72	1.5	82.14	3.25
1999	222	17.41	14.54	21.9	340.3	0	74.2	3.32
1999	223	17.26	13.47	21.84	340.3	0	70.81	2.72
1999	224	16.43	11.83	22.03	340.3	0	69.39	2.8
1999	225	17.57	11.74	23.44	340.3	0	67.25	3.53
1999	226	18.23	12.32	24.09	340.3	0	66.17	3.32
1999	227	19.11	13.96	24.68	340.3	0	69.91	3.56
1999	228	18.74	15.68	22.93	340.3	0	69.27	3.69
1999	229	18.19	14.99	22.6	340.3	0	70.44	3.82
1999	230	17.99	14.35	23.52	340.3	0	68.34	4.51
1999	231	18.84	13.73	25.12	340.3	0	60.16	3.04
1999	232	19.25	12.04	25.81	340.3	0	51.77	3.25
1999	233	19.13	12.72	24.83	340.3	0	55.64	3.8
1999	234	20.08	15.13	25.93	340.3	0	60.22	3.34
1999	235	18.24	12.75	24.9	278.29	0	66.35	3.65
1999	236	18.13	13.52	24.14	286.17	0	67.29	3.42
1999	237	18.43	12.48	24.75	339.26	0	67.22	3.85
1999	238	19.73	14.79	25.96	370.39	0	61.21	3.94
1999	239	19.43	14.24	26.09	348.37	0	62.14	3.64
1999	240	18.38	14.17	23.01	204.73	0	66.11	4.3
1999	241	18.08	13.66	22.52	203.21	0	65.33	4.51
1999	242	18.02	15.12	21.84	184.28	0	72.23	4.32
1999	243	18.07	15.24	22.71	132.61	0	72.33	3.66
1999	244	18.87	15.46	23.51	134.25	0	70.98	3.71
1999	245	18.68	15.53	23.49	177.46	0	71.85	3.22
1999	246	18.9	12.73	25.89	309.28	0	65.73	3.63
1999	247	18.78	14.35	24.48	183.69	0	65.77	3.56
1999	248	19.63	13.74	25.63	239.41	0	65.78	3.22
1999	249	20.42	13.62	26.98	276.93	0	59.99	2.42
1999	250	18.55	15.47	24.24	183.01	23.2	79.81	2.36
1999	251	17.83	15.35	20.88	216.31	1.5	84.97	3.37
1999	252	17.63	15.18	20.3	237.69	0	79.53	3.56
1999	253	18.7	13.12	24.8	304.84	0	69.46	3.47
1999	254	19.63	15.06	25.4	286.39	0	68.96	3.1
1999	255	20.1	15.27	26.39	311.18	0	70.71	2.69
1999	256	18.54	15.58	23.43	212.37	0	78.29	3.58
1999	257	19.3	15.09	24.61	303.08	0	61.66	4.59
1999	258	18.25	15.11	22.31	305.08	0	70.57	3.47
1999	259	19.19	13.58	25.41	335.8	0	67.65	3.06
1999	260	20.08	15.78	27.18	352.88	7.9	69.76	3.16
1999	261	19.27	15.2	24.9	296.61	0	71.05	3.53
1999	262	19.43	14.03	24.85	321.49	0	70.28	3.57
1999	263	20.13	15.04	27.25	425.01	0	68.7	2.81
1999	264	20.11	14.46	26.74	335.61	0	68.67	3.61
1999	265	20.33	15.96	25.85	292.61	0	63.45	4.06
1999	266	19.54	15.6	24.75	214.41	0	65.68	4.21
1999	267	18.87	16.08	24.31	306.57	0	72.24	4.2
1999	268	20.51	14.71	27.22	310.98	0	58.63	3.17
1999	269	20.23	13.96	27.28	291.16	0	64.9	2.78
1999	270	20.27	14.8	26.27	303.74	0	67.24	3.51
1999	271	18.89	16.03	22.69	79.8	0	71.98	3.83
1999	272	19.89	13.95	26.59	315.98	0	67.54	3.7
1999	273	19.74	15.23	26.4	221.85	0	71.17	4.05
1999	274	20.87	16.39	27.58	279.48	0	66.11	3.52
1999	275	20.79	14.59	27.58	290.74	0	61.65	3.22
1999	276	18.98	12.25	25.45	355.89	0	61.51	3.36
1999	277	17.97	16.28	21.07	340.3	0	79.37	4.62
1999	278	18.71	15.17	23.32	340.3	0.1	73.05	3.82
1999	279	20.09	15.8	26.43	340.3	0	67.62	4.09
1999	280	20.12	14.92	26.08	340.3	0	59.02	3.57
1999	281	20.74	13.07	27.9	340.3	0	56.38	3.34
1999	282	21.15	14.46	27.94	340.3	0	61.27	4.24
1999	283	20.8	16.31	27.4	340.3	0	66.42	5.2
1999	284	20.65	14.57	26.53	340.3	0	61.27	4.42
1999	285	21.22	14.61	27.95	29.44	0	58.16	4.01
1999	286	22.07	14.44	29.04	427.23	0	57.17	3.61
1999	287	22.09	16.24	28.14	428.3	0	64.39	5.2
1999	288	21.94	17.65	27.56	348.26	0	67.16	5.57
1999	289	20.65	16.41	25.56	391.86	0.5	73	4.75
1999	290	20.59	17	26.7	287.02	0.1	72.18	3.44
1999	291	21.14	17.4	25.88	391.89	0	71.74	4.22
1999	292	19.67	16.88	24.57	333	0.9	79.34	4.75
1999	293	19.63	14.75	24.34	333.2	0	70.86	3.97
1999	294	20.13	15.77	25.43	317.38	0	68.67	4.18
1999	295	21.29	16.21	26.31	335.48	0	56.17	3.38
1999	296	20.92	15.51	26.96	386.79	0	56.58	3.52
1999	297	21.26	15.27	26.84	361.83	0	62.73	3.41
1999	298	21.43	17.08	26.31	373.89	0	67.31	4.54
1999	299	19.75	16.89	24.27	302.02	1.9	76.47	4.64
1999	300	19.99	16.11	24.47	275.17	0	70.49	3.55
1999	301	20.44	15.29	26.18	299.92	0	67.55	3.87
1999	302	20.44	16.2	25.09	293.17	0	66.86	3.74
1999	303	19.84	16.07	25.11	320.12	0	72.71	4.13
1999	304	19.58	16.66	24.13	286.44	4.5	78.4	4.26
1999	305	20.19	15.98	25.04	301.58	0	72.37	3.77
1999	306	18.89	16.55	22.21	304.4	32.9	85.22	3.63
1999	307	18.28	16.62	22.5	326.5	8.3	88.67	3.3
1999	308	18.22	15.53	21.34	294.16	8.6	84.66	3.2
1999	309	18.8	16.42	23.16	313	7.2	85.41	3
1999	310	19.32	16.17	24.13	442.3	28.39	81.98	3.32
1999	311	19.12	15.6	23.81	471.37	35.8	82.53	2.9
1999	312	18.59	16.89	21.94	329.38	3.1	88.16	3.48
1999	313	19.14	15.53	23.06	388.75	0	78.03	3.7
1999	314	18.8	16.01	22.5	265.7	17.8	85.21	3.72
1999	315	18.04	15.14	21.42	278.59	11.1	87.17	4.04
1999	316	18.82	16.5	23.13	342.78	4.4	86.05	3.73
1999	317	18.97	16.48	22.72	418.36	3.9	87.41	4.58
1999	318	18.57	16.33	23.09	332.43	22.2	89.79	2.51
1999	319	18.42	16.63	22.5	327.11	5.7	89.16	3.26
1999	320	18.56	16.26	22.07	379.33	6.6	87.77	3.73
1999	321	18.58	16.27	22.19	301.92	2.5	87.67	3.39
1999	322	19.16	16.24	23.04	360.37	1.74	82.42	3.52
1999	323	19.33	16.45	23.33	426.02	1.4	82.05	3.47
1999	324	18.81	15.89	23.3	398.04	0.4	85.17	3.46
1999	325	18.89	16.91	22.18	319.64	14.2	87.74	3.58
1999	326	18.29	16.52	21.89	360.61	8.7	91.68	4.05
1999	327	18.41	16.01	21.81	332.88	3.6	87.89	4.08
1999	328	18.6	16.2	22.59	392.39	9	87.44	3.59
1999	329	18.63	16.17	22.4	319.92	6.8	87.22	2.76
1999	330	18.31	15.64	21.96	339	8.4	89.85	3.28
1999	331	19.47	15.78	24.04	471.51	2.6	77.23	3.81
1999	332	19.07	16.67	23.43	349.55	0	83.95	3.15
1999	333	19.54	16.52	23.98	498.21	0	75.99	3.76
1999	334	19.2	15.46	23.4	483.41	0	72.17	3.74
1999	335	19.08	14.87	23.94	461.96	0	71.36	3.2
1999	336	19.51	14.76	24.39	411.98	0	75.32	3.14
1999	337	19.26	16.65	23.41	401.68	0	82.54	3.88
1999	338	18.98	15.93	23.5	363.5	0	80.18	3.54
1999	339	19.21	15.7	24.03	404.09	0	75.45	2.89
1999	340	19.08	16.36	23.58	383.18	0	79.45	2.86
1999	341	19.16	13.78	24.68	473.77	0	76.59	2.78
1999	342	19.31	14.63	24.83	446.49	0	70.69	2.85
1999	343	18.69	14.4	23.86	398.57	0	78.08	2.72
1999	344	19.39	16.5	23.57	397.26	0.8	80.59	4.16
1999	345	19.18	15.52	23.85	396.18	0.1	80.1	3.6
1999	346	19.24	15	24.28	353.75	0	81.24	2.85
1999	347	19.64	15.87	24.75	349.7	0	82.55	2.64
1999	348	19.65	17.22	23.88	355.75	0.1	85.12	3.01
1999	349	18.97	16.04	22.86	373.16	4.7	87.32	4.19
1999	350	18.27	16.3	21.59	235.59	0	85.91	4.21
1999	351	18.93	15.66	23.38	376.45	0	79.05	3.99
1999	352	18.79	15.6	23.31	400.29	0.1	80.3	3.54
1999	353	19.29	16.03	23.73	350.94	0	76.19	2.57
1999	354	18.81	14.53	23.85	403.15	0	78.18	2.74
1999	355	19.55	15.62	24.47	407.99	0	74.8	3.57
1999	356	19.31	15.92	23.7	323.94	2.2	83.67	3.45
1999	357	18.94	16.36	23.24	309.77	6.7	86.91	3.82
1999	358	20.22	16.91	24.8	409.78	0.7	81.63	3.41
1999	359	20.3	17.16	25.01	417.6	0	83.61	3.95
1999	360	18.96	16.81	22.36	248.07	0.6	86.86	4.58
1999	361	18.91	14.84	23.14	434.42	0	73.13	3.85
1999	362	19.96	15.72	24.86	444.77	0	68.75	3.05
1999	363	20.22	15.6	25.2	410.62	0	77.61	2.63
1999	364	20.21	16.76	25.21	330.63	0	81.03	3.1
1999	365	20.6	17.19	25.44	386.32	0	78.05	2.63
2000	1	20.59	13.91	28.8	276.18	0.04	66	3.78
2000	2	20.74	14.92	28.2	248.29	0.17	68.79	4.08
2000	3	20.33	15.48	27.28	260.33	0.45	70.28	4.35
2000	4	19.64	14.49	26.85	310.77	0.06	67.51	4.45
2000	5	19.9	13.2	27.9	313.2	0.24	63.76	4.1
2000	6	20.65	14.58	28.82	309.5	0.03	64.05	3.76
2000	7	20.8	14.05	28.86	327.43	0.07	63.33	4.04
2000	8	21.07	14.44	28.88	270.28	0.01	57.62	4.38
2000	9	21.3	15.56	28.79	280.34	0.01	59.48	4.36
2000	10	20.73	14.38	28.87	311.58	0.01	55.38	4.26
2000	11	20.77	13.64	29.03	321.53	0.27	59.05	3.84
2000	12	21.33	14.36	29.47	324.89	0.28	61.37	4.57
2000	13	20.96	14.98	28.52	294.11	0.56	64.17	5.04
2000	14	20.17	13.24	28.6	311.93	0.21	55.55	4.59
2000	15	20.09	12.38	28.88	317.02	0.02	52.73	4.41
2000	16	20.53	12.31	30.13	329.05	0.03	46.93	3.93
2000	17	21.11	13.21	30.91	328.24	0.01	48.49	3.62
2000	18	21.68	13.92	30.66	308.22	0.03	53.26	3.63
2000	19	21.45	14.99	29.18	304.87	0.32	60.06	3.86
2000	20	22	14.62	30.76	317.37	0.22	53.09	3.81
2000	21	21.66	15.27	29.63	255.7	0.33	59.33	3.38
2000	22	22.17	15.95	29.98	269.93	0.21	59.8	4.44
2000	23	20.77	16.16	27.43	251.18	1.56	70.2	4.86
2000	24	21.23	16.02	28.45	197.04	0.31	65.06	5.26
2000	25	20.91	15.53	28.18	272.01	1.67	64.05	5.22
2000	26	20.08	12.47	29.57	341.08	0.02	47.28	4.87
2000	27	20.34	11.68	30.53	340.74	0	38.51	4.49
2000	28	21.2	11.99	31.87	341.55	0	36.2	3.69
2000	29	21.88	14.26	31.55	343.63	0	38.32	3.73
2000	30	21.41	13.75	30.8	336.92	0	41.72	4.47
2000	31	20.75	13.6	29.7	316.09	0	44.06	5.13
2000	32	20.65	12.4	29.89	305.33	0	49.91	4.63
2000	33	22.8	14.22	31.97	319.45	0.01	47.57	3.59
2000	34	22.71	17.15	30.37	301.51	0.08	51.84	3.6
2000	35	22.09	15.4	30.81	318.64	0.02	48.45	4.06
2000	36	21.75	15.19	30.65	336.11	0.07	46.13	4.75
2000	37	21.74	13.92	30.97	336.11	0.28	46.59	4.22
2000	38	22.52	14.28	32.23	338.19	0.23	46.93	3.32
2000	39	23.05	15.28	31.67	323.27	0.6	50.51	2.31
2000	40	23.11	17.35	30.74	325.35	0.5	50.87	3
2000	41	22.25	15.42	30.73	288.21	0.03	50.91	4.44
2000	42	21.77	14.82	30.21	314.01	0	49.43	4.96
2000	43	21.51	14.02	30.65	306.14	0	49.9	4.58
2000	44	22.06	13.99	30.81	342.01	0	47.05	3.75
2000	45	23.52	15.07	33.03	341.55	0	40.37	4.03
2000	46	23.2	15.58	32.18	344.9	0	43.32	4.67
2000	47	22.47	14.41	31.09	339	0	43.62	5.06
2000	48	22.37	14.95	31.61	334.49	0	41.18	4.62
2000	49	21.73	14.73	29.7	317.02	0	42.03	4.39
2000	50	22.13	15.38	30.79	273.63	0	41.29	4.62
2000	51	21.49	14.75	29.38	335.3	0	35.28	4.36
2000	52	21.44	14.48	30.13	345.71	0	33.4	4.49
2000	53	22.27	12.73	33.17	328.59	0	28.43	4.03
2000	54	23.08	14.1	33.46	336.11	0	28.52	3.87
2000	55	22.86	14.53	32.69	339	0	35.02	4.46
2000	56	22.56	14.62	32.15	331.13	0.01	44.84	4.27
2000	57	23.36	14.99	33.21	333.68	0.06	43.57	3.72
2000	58	24.76	16.03	34.52	320.72	0	37.7	3.71
2000	59	24.77	17.05	33.79	324.08	0.22	43.25	3.59
2000	60	24.45	17.36	32.99	338.65	0.72	44.26	3.03
2000	61	24.64	17.76	33.1	286.94	2.44	45.63	2.6
2000	62	24.72	17.51	33.57	245.75	0.42	41.57	2.68
2000	63	24.29	16.71	32.92	331.94	0.6	44.67	3.36
2000	64	22.84	17.59	29.38	271.2	1	58.37	3.71
2000	65	23.32	17.58	30.22	257.78	0.84	57.37	4.07
2000	66	23.42	17.37	30.89	319.91	0.6	56.25	3.88
2000	67	23.48	17.26	31.67	320.26	0.35	52.39	4.05
2000	68	23.09	17.25	29.52	284.51	0.21	52.35	3.8
2000	69	23.26	16.42	31.91	295.73	0.11	43.26	3.81
2000	70	24.18	16.51	32.49	326.97	0	41.56	3.31
2000	71	24.05	17.15	32.9	336.57	0.11	48.63	3.95
2000	72	23.57	17.28	32.02	311.58	0.66	54.14	4.59
2000	73	23.93	16.61	33.1	336.11	0.21	49.7	3.96
2000	74	23.39	17.63	31.26	274.44	0.63	57.26	3.83
2000	75	23.59	17.37	31.7	299.89	0.57	53.7	3.87
2000	76	23.34	17.28	31.51	258.71	0.72	56.01	4.08
2000	77	23.47	16.82	32.45	261.6	0.51	53.47	4.18
2000	78	23.67	17.05	32.31	259.05	0.26	54.28	4.53
2000	79	23.42	17.12	31.32	257.43	0.47	54.67	4.67
2000	80	23.57	17.07	32.05	275.37	0.25	52.07	4.48
2000	81	22.34	17.45	30.32	267.85	0.39	60.34	4.69
2000	82	22.41	16.99	30.22	261.6	0.92	58.23	5.36
2000	83	22.68	16.63	31.32	257.78	0.49	53.65	4.66
2000	84	23.2	16.55	32.1	314.47	0.63	54.51	4.31
2000	85	22.61	16.95	30.81	272.01	2.82	59.64	4.55
2000	86	22.3	16.49	30.58	266.11	1.95	59.16	4.48
2000	87	21.41	16.79	28.03	235.33	1.38	65.53	4.46
2000	88	22.36	16.85	30.55	266.57	0.87	59.94	4.78
2000	89	22.3	16.24	30.67	251.18	1.32	59.61	4.5
2000	90	22.66	16.96	30.55	263.22	1.06	60.88	4.19
2000	91	22.47	16.9	30.58	242.85	1.19	62.85	4.37
2000	92	22.04	16.97	29.76	239.04	1.05	65.83	4.7
2000	93	21.98	17	29.47	230.36	2.34	66.28	4.72
2000	94	22.75	16.85	30.97	272.82	1.63	60.48	4.04
2000	95	22.58	17.17	30.13	257.78	2.32	63.59	3.06
2000	96	21.38	17.4	27.07	229.55	7.05	71.93	1.71
2000	97	22	17.29	30.02	242.39	8	64.35	2.64
2000	98	22.24	16.82	30.34	303.6	1.3	62.72	3.08
2000	99	22.03	17.19	29.05	234.87	1.51	67	3.69
2000	100	21.26	17.75	27.03	218.21	4.47	72.5	3.78
2000	101	21.46	17.08	28.51	234.06	5.82	71.78	3.94
2000	102	21.28	17.03	28.01	229.55	3.96	73.32	4.64
2000	103	21.27	16.79	27.97	219.95	1.25	70.9	5.1
2000	104	21.12	15.88	27.95	229.9	0.98	71.68	4.53
2000	105	20.69	16.6	27.3	243.2	0.47	70.52	3.87
2000	106	21.52	14.5	30.27	242.04	0.5	56.31	3.2
2000	107	21.81	16.33	29.57	267.85	0.12	62.89	4.35
2000	108	21.42	15.4	29.67	260.33	0.17	59.09	3.94
2000	109	21.73	15.64	30.57	260.79	0.22	57.18	3.77
2000	110	20.87	13.48	29.56	274.9	0.15	56.47	3.84
2000	111	21.31	13.14	30.71	308.69	0.04	51.66	3.27
2000	112	22.19	15.19	31.2	265.76	0.59	56.48	2.95
2000	113	22.26	16.48	30.36	268.19	3.1	65.26	3.06
2000	114	21.72	15.96	29.47	254.54	1.24	65.73	3.73
2000	115	21.7	15.25	29.99	202.48	0.76	59.59	4.03
2000	116	21.71	15.31	30.39	211.15	0.45	54.3	4
2000	117	21.51	15.62	29.49	228.28	1.29	66.26	4.29
2000	118	21.58	15.57	29.84	235.33	0.35	57.42	4.38
2000	119	21.27	15.62	28.96	238.23	1.81	68.28	4.24
2000	120	21.17	15.29	28.56	228.62	0.76	65.48	4.34
2000	121	21.46	15.16	29.33	227.81	0.24	62.91	4
2000	122	21.69	16.14	29.29	215.32	0.69	66.02	4.23
2000	123	21.35	15.7	29.3	244.94	1.11	66.24	4.53
2000	124	20.54	14.83	27.91	183.73	1.68	69.16	4.16
2000	125	20.76	16.43	27.58	206.99	0.69	72.02	4.5
2000	126	20.91	15.39	28.23	211.62	0.45	69.89	4.38
2000	127	20.94	15.98	28.43	226.54	1.16	72.51	5.02
2000	128	21	15.39	28.79	177.02	0.58	65.29	4.67
2000	129	20.75	15.49	28.5	206.99	3.45	70.6	4.17
2000	130	20.29	15.09	27.84	135.37	1.22	71.89	4.66
2000	131	20.39	14.85	28.01	135.37	1.81	70.01	4.2
2000	132	19.96	15.11	26.63	139.53	1.27	70.83	4.38
2000	133	20.34	14.96	27.69	164.06	1.27	68.76	3.91
2000	134	20.65	14	28.74	273.28	0.48	64.23	4.25
2000	135	20.16	13.74	28.2	266.11	0.2	57.55	4.11
2000	136	20.48	13.16	28.86	283.23	0.32	61.08	3.73
2000	137	20.17	15.47	27.37	203.28	2.34	70.34	3.79
2000	138	21.17	15.37	29.05	184.89	0.32	62.61	3.71
2000	139	21.12	14.58	29.64	207.8	0.2	58.42	3.79
2000	140	21.14	15.09	29.16	175.75	0.34	59.29	3.74
2000	141	20.62	12.91	29.22	261.94	0.46	55.99	3.81
2000	142	21.03	14.8	29.22	203.63	0.14	63.51	4.06
2000	143	21.39	14.96	29.51	202.01	0.02	60.36	3.83
2000	144	21.79	14.81	30.66	249.91	0.01	51.9	3.24
2000	145	21.94	15.52	30.18	227	0.01	55.18	2.89
2000	146	21.77	15.16	30.85	190.79	0	52.62	3.24
2000	147	21.58	14.99	29.8	221.57	0.21	52.97	2.43
2000	148	22.01	15.47	29.93	177.02	0.35	54.16	1.93
2000	149	20.61	15.54	26.81	164.53	0.53	61.81	2.56
2000	150	21.03	15.23	28.82	251.99	0.95	61.89	2.95
2000	151	20.84	14.86	29.61	209.07	0.5	56.11	3.85
2000	152	20.31	13.57	29.41	298.62	0	53.02	3.41
2000	153	20.05	13.51	29.22	241.58	0.03	51.75	3.41
2000	154	19.45	12	28.95	272.36	0.01	46.65	3.33
2000	155	20.3	11.96	29.15	262.41	0.04	54.02	3.71
2000	156	20.71	14.29	28.68	239.04	0.37	62.29	3.94
2000	157	19.93	15.22	26.67	139.53	0.88	67.96	3.81
2000	158	19.94	14.16	27.99	122.87	0.09	53.63	3.6
2000	159	19.96	14.09	27.73	188.24	0.42	62.19	3.9
2000	160	19.64	14.02	27.53	179.91	0.5	64.18	4.02
2000	161	20.2	13.86	28.13	183.73	0.19	57.17	2.79
2000	162	20.26	13.96	27.72	214.05	0.21	59.37	2.23
2000	163	20.18	14.62	27.53	151.22	0.46	60.16	2.95
2000	164	19.32	14.31	26.19	84.58	0.59	63.77	2.67
2000	165	19.22	13.98	25.74	91.17	0.34	63.91	3.61
2000	166	19.42	13.59	27.04	145.32	0.12	60.44	3.72
2000	167	19.29	14.16	26.93	167.42	0.49	63.11	4.28
2000	168	19.35	13.64	27.29	177.83	0.46	66.13	4.34
2000	169	19.56	14.35	27.05	204.9	0.55	65.57	4.63
2000	170	19.95	14.11	27.82	233.25	0.81	67.68	4.12
2000	171	19.93	14.9	26.99	124.49	2.28	68.61	4.41
2000	172	19.84	14.62	27.38	206.18	0.58	62.6	3.28
2000	173	20.02	13.06	28.96	234.06	0.03	55.57	3.03
2000	174	20.31	14.08	28.54	171.58	0.08	56.47	3
2000	175	20.14	14.54	27.31	93.25	0.32	62.17	3.27
2000	176	19.66	14.57	26.99	121.25	1.09	64.07	4.01
2000	177	19.26	12.78	27.43	221.57	0.25	59.91	3.85
2000	178	19.15	13.89	26.1	202.82	0.33	60.88	3.08
2000	179	19.12	13.24	26.22	82.03	0.05	57.62	3.06
2000	180	19.11	13.35	25.85	134.91	0.02	59	2.9
2000	181	19.01	13.24	26.89	139.53	0	55.26	3.41
2000	182	18.32	11.74	27.1	141.15	0.02	51.33	2.84
2000	183	18.38	10.42	26.58	171.24	0.04	51.96	2.94
2000	184	18.76	12.9	25.86	135.37	0.27	60.43	3.47
2000	185	18.48	13.42	24.64	85.39	0.52	61.67	3.47
2000	186	18.07	13.09	24.49	129.93	0.72	61.69	2.78
2000	187	18.95	12.65	26.45	146.24	0.2	58.34	2.67
2000	188	19.44	13.42	26.99	170.31	0.16	58.61	2.68
2000	189	19.8	12.69	28.16	265.76	0.1	50.18	2.62
2000	190	19.36	12.21	27.65	227.81	0.09	51.62	2.48
2000	191	19.05	13.06	26.27	192.87	0.3	59.24	2.9
2000	192	18.97	13.14	25.96	142.43	0.31	56.77	2.99
2000	193	19.04	12.31	27.17	119.52	0.02	54.57	3.28
2000	194	19.06	12.56	26.13	133.75	0.06	55.76	3.1
2000	195	19.41	13.27	27.09	209.88	0.16	57.33	2.69
2000	196	19.06	13.5	25.44	158.28	0.07	59.74	2.58
2000	197	20.21	13.77	28.83	199.47	0.08	56.06	2.85
2000	198	19.91	13.77	28.17	255.35	0.18	56.09	3.3
2000	199	20.01	13	29.34	199.93	0.06	49.69	2.85
2000	200	19.81	12.06	29.08	240.31	0.05	48.03	2.34
2000	201	20.07	12.9	28.32	201.2	0.11	52.42	2.15
2000	202	19.93	13.84	27.41	227	0.4	57.63	2.84
2000	203	20.24	14.04	28.34	209.53	0.46	56.93	2.9
2000	204	20.03	14.04	27.95	178.29	0.58	53.89	2.47
2000	205	19.26	12.5	26.94	169.15	0.15	51.19	3.29
2000	206	18.61	13.3	25.44	115.82	0.62	60.8	4.09
2000	207	18.49	13.26	25.27	122.41	0.23	60.48	4.08
2000	208	18.14	12.8	24.88	128.66	0.67	60.97	3.54
2000	209	18.72	12.4	26.97	172.39	0.23	52.85	3.59
2000	210	19.46	12.37	27.93	196.23	0.06	50.78	3.45
2000	211	19.64	13.73	27.61	219.95	0.84	61.4	3.91
2000	212	19.95	13.41	27.73	259.86	0.4	58.97	4.3
2000	213	19.9	14.42	27.83	194.49	0.48	61.48	4.82
2000	214	20.08	13.49	28.5	256.16	0.32	57.21	3.62
2000	215	19.95	13.63	28.79	239.96	0.22	51.18	3.73
2000	216	19.64	13.51	28.34	260.33	0.24	56.11	4.32
2000	217	19.35	12.05	28.44	270.28	0.34	52.28	3.92
2000	218	18.66	10.94	28.35	199.12	3.41	59.35	3.94
2000	219	19.07	12.98	27.28	218.21	3.04	63.9	3.88
2000	220	19.18	13.63	26.73	238.69	0.46	61.02	3.2
2000	221	19.13	12.87	26.46	209.07	0.72	59.64	2.72
2000	222	19.54	13.04	28.05	147.05	0.25	56.89	3.24
2000	223	19.65	13.51	27.37	241.12	0.22	56.94	2.62
2000	224	20.31	12.43	29.32	294.11	0.05	50.76	2.54
2000	225	20.53	13.69	28.92	281.96	0.03	52.52	3.33
2000	226	19.4	13.97	26.35	204.09	0.09	57.53	3.66
2000	227	18.85	13.94	25.87	186.97	1.28	61.6	4.15
2000	228	18.72	13.28	25.48	70.81	1.53	62.3	3.74
2000	229	18.93	13.31	26.73	134.1	0.19	60.64	4.27
2000	230	19.13	12.81	27.22	151.57	0.54	58.91	3.56
2000	231	19.37	13.46	27.16	157.81	0.55	59.54	3.32
2000	232	19.46	13.25	27.42	198.31	0.26	56.95	3.73
2000	233	19.88	13.12	28.51	167.88	0.12	52.65	3.14
2000	234	19.45	12.1	28.77	217.86	0.04	48.18	3.55
2000	235	19.76	11.11	29.2	322.34	0.01	46.4	3.44
2000	236	20.16	12.53	29.34	299.43	0.03	48.99	3.96
2000	237	20.49	13.81	28.63	211.96	0.28	53.85	3.37
2000	238	20.25	14.2	27.84	185.81	0.41	57.23	3.42
2000	239	19.71	13.98	28.04	108.3	1.44	59.64	4.35
2000	240	18.87	13.5	26.01	95.8	0.74	62.89	4.37
2000	241	18.75	12.17	26.67	173.32	0.52	58.16	4.43
2000	242	18.96	12.92	26.95	207.45	0.59	57.39	4.31
2000	243	19.01	12.79	27.32	177.02	0.16	58.61	4.42
2000	244	19.69	12.75	28.35	213.24	0.48	57.64	3.63
2000	245	20.35	13.27	29.47	197.04	0.34	53.94	4.05
2000	246	20.08	13.34	28.96	133.29	0.16	52.84	4.45
2000	247	20.09	13.53	28.84	215.32	1.25	59.19	4.88
2000	248	20.06	13.88	28.19	224.92	0.91	60.81	4.55
2000	249	20.69	14.15	30.02	301.98	0.34	50.75	4.09
2000	250	20.34	12.29	29.93	307.76	0.28	45.85	3.94
2000	251	20.98	14.44	29.84	295.27	0.33	53.41	3.46
2000	252	20.82	13.8	29.93	257.43	0.43	52.79	4.1
2000	253	20.58	13.92	29.82	325.7	0.16	50.38	4.68
2000	254	19.76	13.03	28.99	328.24	0.37	48.59	4.77
2000	255	19.78	12.78	29.19	314.47	0.23	48.68	4.75
2000	256	19.85	12.71	28.99	323.27	0.21	48.42	4.86
2000	257	19.43	10.87	28.51	231.98	2.74	59.12	5
2000	258	19.88	13.97	27.69	178.64	1.13	62.16	4.88
2000	259	20.31	13.61	29	260.33	0.08	51.49	4.28
2000	260	20.23	12.1	29.72	317.37	0.03	48.25	3.88
2000	261	20.82	14	29.82	313.66	0.38	55.8	4.25
2000	262	21.03	14.39	29.91	268.19	0.33	55.32	4.16
2000	263	21.13	14.23	30.66	243.66	0.28	50.84	4.2
2000	264	20.67	14.56	29.04	102.86	0.21	57.95	4.43
2000	265	20.34	13.95	28.59	197.85	0.43	55.95	4.14
2000	266	20.1	13.83	27.92	146.59	0.21	53.33	3.59
2000	267	20.27	13.36	28.7	229.9	0.09	55.75	4.57
2000	268	20.12	13.99	27.91	222.03	0.22	59.54	4.77
2000	269	19.98	13.95	27.59	225.38	0.44	58.93	4.25
2000	270	20.64	13.94	28.56	228.62	0.12	53.67	3.67
2000	271	20.6	14.29	28.22	199.12	0.23	55.71	4.01
2000	272	20.23	13.74	28.56	197.85	0.14	55.12	4.23
2000	273	20.71	14.11	29.1	151.22	0.1	54.96	3.77
2000	274	21.61	14.22	30.98	270.74	0.29	51.17	3.76
2000	275	22.12	14.1	31.36	318.18	0.04	44.75	3.69
2000	276	21.18	14.68	29.52	229.09	1.23	59.26	4.49
2000	277	21.34	13.88	29.91	241.58	0.57	55.22	4.71
2000	278	20.99	14.02	29.45	329.51	0.04	48.06	4.44
2000	279	21.15	11.98	30.58	315.75	0.39	47.94	4.24
2000	280	21.49	15.43	29.66	269.47	1.95	62.89	4.98
2000	281	21.34	15.95	29.19	215.78	2.1	64.94	5.36
2000	282	20.78	15.59	28.29	220.76	1.16	66.07	5.35
2000	283	20.8	13.3	29.25	260.79	0.66	60.5	4.69
2000	284	21.15	14.88	29.11	250.72	0.56	60.46	4.8
2000	285	21.3	14.78	29.88	279.88	0.14	52.85	4.86
2000	286	19.97	11.45	29.1	297	0.36	57.24	4.85
2000	287	21.21	13.74	30.45	228.28	0.21	50.47	4.3
2000	288	21.17	13.82	30.27	249.45	0.18	50.66	4.23
2000	289	21.13	14.02	30.26	244.47	0.22	48.51	4.57
2000	290	21.83	14.48	30.72	210.34	0.22	51.45	4.29
2000	291	22.41	15.52	31.33	234.52	0.34	52.13	3.96
2000	292	22.49	15.96	30.49	251.99	0.53	54.12	3.8
2000	293	21.48	15.55	28.82	204.56	0.27	53.82	3.37
2000	294	21.92	15.77	29.91	106.21	0.37	52.54	3.91
2000	295	21.38	14.15	29.97	221.57	0.23	48.87	4.13
2000	296	20.99	13.69	29.93	262.41	0.24	44.34	3.77
2000	297	21.09	12.94	30.83	312.39	0.36	45.27	3.71
2000	298	21.83	13.88	31.28	302.44	0.12	46.16	3.77
2000	299	21.86	14.47	31.27	278.61	0.31	44.63	4.23
2000	300	21.7	14.95	30.84	264.95	0.09	45.06	4.13
2000	301	21.35	15.14	29.44	290.29	0.41	52.93	4.39
2000	302	21.9	14.31	30.98	275.37	0.21	48.8	3.98
2000	303	22.06	14.89	31.47	272.36	0.5	43.59	3.8
2000	304	22.13	14.8	31.48	248.29	0.58	45.06	3.65
2000	305	21.82	15.38	29.44	169.15	0.25	53.8	3.96
2000	306	21.89	15.71	29.65	217.4	0.96	57.98	4.41
2000	307	21.88	16.24	29.27	206.18	0.99	60.15	5.06
2000	308	21.58	15.24	29.04	210.81	0.41	57.87	4.46
2000	309	21.99	15.67	30.02	201.2	1.4	59.19	4.57
2000	310	21.83	16.63	29.35	214.97	2.69	63.77	4.93
2000	311	21.26	16.17	28.73	204.09	2.08	63.09	4.73
2000	312	20.48	14.54	28.79	186.97	0.89	53.54	4.18
2000	313	21.24	14.89	29.56	229.9	0.92	56.87	4.41
2000	314	21.28	16.22	28.72	201.2	2.27	63.91	4.71
2000	315	21.42	15.7	28.98	228.62	1.1	60.06	4.75
2000	316	20.55	15.65	27.41	170.31	2.23	65.5	5.15
2000	317	21.43	15.14	29.26	179.91	0.37	60.4	4.47
2000	318	21.33	15.32	29.3	192.41	3.84	65.4	4.07
2000	319	21.55	16.64	28.53	212.43	3.47	66.82	4.3
2000	320	21.48	16.63	28.4	190.33	3.71	70.27	4.34
2000	321	21.65	17.28	28.49	188.24	4.68	71.94	4.23
2000	322	21.97	17.11	28.92	184.89	19.57	72.29	1.45
2000	323	20.68	17	25.68	220.29	9.39	74.9	1.58
2000	324	20.2	17.62	24.79	185.35	2.92	80.75	2.68
2000	325	20.37	17.04	25.41	164.99	5.65	79.19	3.74
2000	326	20.2	16.77	25.56	193.22	7.19	79.68	3.12
2000	327	18.8	16.51	22.12	123.68	4.68	86.02	1.77
2000	328	19.96	15.27	26.41	235.8	5.39	72.13	2.27
2000	329	20.56	15.96	27.46	174.13	3.89	73.8	3.69
2000	330	20.23	15.86	26.75	176.56	3.36	75.42	4.17
2000	331	20.49	14.99	27.72	195.3	5.04	73.05	3.82
2000	332	20.83	16	28.02	299.08	0.74	69.27	3.66
2000	333	20.92	15.11	28.61	253.27	2.58	70.07	3.58
2000	334	20.68	16.76	26.85	227.47	0.69	73.76	4.03
2000	335	20.4	16.41	26.67	242.04	2.99	74.96	3.67
2000	336	21.06	16.85	27.2	240.77	0.75	73.26	3.61
2000	337	21.14	16.96	27.55	220.76	2.21	73.35	3.57
2000	338	21.04	16.26	28.17	241.58	2.58	72.91	3.81
2000	339	20.96	15.76	28.37	225.38	1.65	69.88	3.82
2000	340	20.96	15.59	28.7	251.53	1.32	67.95	3.66
2000	341	21.23	15.82	29.13	242.04	2.18	66.6	3.45
2000	342	21.36	15.7	29.29	234.52	1.1	65.17	3.31
2000	343	21.52	15.96	29.13	249.45	0.73	66.95	2.84
2000	344	21.38	16.92	27.65	219.95	1.81	71.45	2.16
2000	345	21.05	17.62	26.78	211.62	3.6	76.36	2.62
2000	346	21.42	17.58	27.4	244.13	2.99	74.37	2.8
2000	347	21.67	16.63	28.85	247.02	3.83	70.91	3.39
2000	348	21.2	16.18	28.51	249.1	2.59	71.43	3.76
2000	349	21.35	15.52	29.59	278.61	2.1	65.64	3.46
2000	350	21.01	15.1	29.07	244.13	2.06	67.55	3.54
2000	351	20.51	15.37	27.39	223.3	2.75	73.08	3.79
2000	352	20	14.93	26.31	80.41	6.76	75.66	4.73
2000	353	19.38	14.45	26.22	183.27	2.69	73.98	4.67
2000	354	20.12	14.69	27.39	227	1.88	71.81	3.7
2000	355	20.57	15.52	27.54	240.31	9.29	74.91	3.39
2000	356	20.4	16.52	26.44	157.47	7.39	78.22	4.13
2000	357	20.4	16.06	27.14	229.9	0.68	74.66	3.85
2000	358	20	15.3	27.17	260.33	0.77	71.83	3.36
2000	359	20.62	14.14	28.9	267.38	0.17	61	3.32
2000	360	21.09	14.48	29.81	324.08	0.29	56.44	3.14
2000	361	21	13.99	29.23	318.18	0.1	58.43	3.81
2000	362	21.06	14.96	28.46	286.59	0.89	65.82	3.7
2000	363	21.25	16.12	28.79	269.12	0.87	66.58	4.12
2000	364	20.62	14.11	28.83	267.04	1.62	62.8	3.91
2000	365	20.14	13.67	28.48	299.43	1.15	58.51	3.91
2000	366	19.91	14.02	27.49	290.29	0.06	56.44	3.27
2001	1	20.46	14.02	28.28	279.88	0.22	60.9	3.44
2001	2	20.95	14.33	28.9	267.04	0.09	60.96	3.58
2001	3	21.59	14.69	30.17	279.53	1.64	59.24	2.82
2001	4	22.08	16.09	29.79	228.62	5.38	65.7	1.88
2001	5	20.11	17.13	24.33	144.97	12.31	79.31	1.3
2001	6	20.15	16.75	25.1	200.74	16.16	77.81	1.64
2001	7	20.98	16.35	27.45	227	7.37	70.68	1.94
2001	8	20.9	16.62	26.43	177.02	9.04	74.83	1.7
2001	9	19.68	16.92	23.85	161.98	17.65	82.14	1.27
2001	10	19.53	16.68	23.54	205.71	9.44	83.59	1.9
2001	11	19.2	15.67	23.64	176.56	4.44	83.5	3.11
2001	12	19.2	15.34	24.61	229.9	6.94	80.89	2.8
2001	13	19.51	15.16	25.92	190.33	10.11	78.53	2.79
2001	14	19.16	15.42	24.81	232.79	7.2	81.23	3
2001	15	19.41	14.15	25.93	259.86	5.42	78.92	3.26
2001	16	19.48	13.42	27.04	323.27	1.11	69.52	3.51
2001	17	19.44	13.11	27.22	292.37	0.41	66.1	3.18
2001	18	19.89	14.39	27.21	250.72	1.75	69.41	3
2001	19	20.43	14.91	27.98	290.29	1.15	64.98	2.67
2001	20	20.97	14.78	28.89	304.06	1.22	63.36	2.52
2001	21	20.84	15.34	27.67	279.53	2.43	72.8	2.58
2001	22	20.22	16.2	26.23	192.41	3.43	79.81	2.97
2001	23	20.02	16.07	25.22	268.19	12.33	78.93	1.24
2001	24	19.87	16.55	24.38	168.69	7.6	80.69	1.03
2001	25	20.05	16.23	24.77	224.11	15.48	74.17	1.24
2001	26	19.99	14.89	25.02	89.55	7.59	75.32	1.52
2001	27	20.31	16.25	25.41	228.62	4.13	78.86	1.94
2001	28	20.46	16.96	25.37	239.04	1.48	78.69	1.73
2001	29	20.53	15.8	26.82	260.79	1.39	72.88	2.94
2001	30	19.44	14.94	25.84	231.98	1.43	76.22	3.77
2001	31	19.59	12.89	27.49	318.64	0.04	65.96	3.2
2001	32	19.3	13.23	27.45	329.86	0.02	62.51	3.07
2001	33	19.44	12.35	28.1	336.57	0.01	55.8	2.92
2001	34	20	12.44	29.69	336.11	0	49.86	2.86
2001	35	20.68	12.47	29.76	322.8	0.08	52.22	2.54
2001	36	21.11	14.56	29.62	324.08	2.88	60.82	2.47
2001	37	20.75	15.01	28.01	293.65	1.23	70.25	2.75
2001	38	21.04	14.84	28.77	324.42	1.22	66.3	3.05
2001	39	20.6	14.73	28.18	265.3	2.22	67.47	3.03
2001	40	20.53	15.13	27.23	259.05	0.9	70.17	2.93
2001	41	20.61	15.36	27.73	256.97	1.13	70.53	3.84
2001	42	21.08	15.33	28.47	260.33	0.68	65.26	3.68
2001	43	21.34	14.28	29.45	279.07	0.81	63.32	3.34
2001	44	21.34	15.44	28.97	246.21	1.66	66.85	3.69
2001	45	21.11	15.57	28.43	275.71	1.3	67.85	3.89
2001	46	21.76	15.73	29.77	257.43	0.03	63.25	4.03
2001	47	21.29	15.48	29.51	264.49	0	61.73	3.95
2001	48	21.01	13.99	30.03	323.61	0	56.69	3.44
2001	49	21.7	14.26	30.89	306.14	0.02	55.94	2.67
2001	50	22.47	15.56	30.88	311.58	0.02	58.47	3.1
2001	51	22.08	16.36	29.15	289.02	0.37	64.36	3.34
2001	52	22.3	16.99	29.38	303.6	0.36	63.67	3.26
2001	53	22.51	15.65	31.33	319.45	0.15	56.06	2.96
2001	54	22.67	16.14	31.12	286.94	0.1	56.71	3.09
2001	55	22.46	16.67	30.08	280.34	0.1	60.59	3.81
2001	56	22.49	16.38	30.68	270.28	0.27	58.95	3.94
2001	57	22.38	15.56	30.61	279.88	0.32	56.44	4.02
2001	58	22.22	15.62	30.79	292.84	0.05	57.39	4.32
2001	59	21.87	15.86	29.39	259.52	0.42	61.04	4.67
2001	60	21.35	15.77	29	275.71	0.13	58.2	4.23
2001	61	21.23	13.53	30.75	331.94	0.14	46.38	3.85
2001	62	22.04	13.53	31.84	338.65	0.17	41.54	3.48
2001	63	22.19	14.07	31.76	338.19	1	42.14	3.49
2001	64	21.9	15.52	29.73	296.54	1.78	54.89	3.17
2001	65	21.23	16.03	27.89	149.95	13.05	69.74	2.11
2001	66	20.5	16.32	25.76	204.09	0.45	70.83	2.54
2001	67	21.47	15.72	29.57	243.66	0.31	62.01	3.74
2001	68	20.99	14.52	29.9	268.66	0.31	56.04	3.2
2001	69	21.22	13.37	30.85	331.6	0.01	49.7	3.24
2001	70	21.71	13.41	31.36	319.45	0.01	46.58	2.75
2001	71	21.92	15.99	29.91	306.61	0.64	57.73	2.93
2001	72	20.7	15.74	26.8	272.01	1.33	67.56	2.85
2001	73	21.91	16.82	29.75	281.96	0.54	57.72	3.6
2001	74	22.4	16.16	31.33	278.26	0.45	54.87	3.88
2001	75	22.26	15.36	31.36	269.47	0.48	53.04	4.08
2001	76	22.27	16.05	30.72	253.27	0.41	57.58	3.69
2001	77	22.49	15.23	31.7	258.24	0.37	54.31	3.48
2001	78	22.41	15.93	30.7	260.33	0.64	57.42	3.77
2001	79	22.62	16.26	30.44	249.45	0.23	57.66	3.88
2001	80	22.63	15.82	30.92	269.47	0.48	55.75	4.01
2001	81	22.33	16.53	30.54	267.85	0.99	55.76	3.65
2001	82	22.82	15.22	32.25	275.37	2.23	51.64	2.95
2001	83	21.76	16.02	30.21	250.37	10.89	63.9	2.81
2001	84	22.05	16.98	29.31	294.46	7.57	66.8	2.4
2001	85	22.14	17.2	30.05	245.75	6.32	67	2.86
2001	86	21.08	17.23	27.39	221.22	1.36	73.4	3.27
2001	87	21.76	16.82	29.27	281.15	2.13	67.02	3.74
2001	88	20.98	15.77	28.59	274.09	5.26	68.05	2.59
2001	89	21.88	16.8	29.21	233.71	6.99	67.88	2.77
2001	90	21.34	17.27	28.11	245.75	2.71	73.23	2.97
2001	91	20.98	17.18	27	136.99	1.46	75.01	3.81
2001	92	21.71	15.92	30.17	278.61	0.34	62.2	3.51
2001	93	21.97	15.42	30.93	308.69	0.42	59.22	3.06
2001	94	22.45	15.99	31.13	242.85	1.19	61.39	2.96
2001	95	22.19	17.23	29.59	217.4	4.62	68.71	3.03
2001	96	22.26	17.07	29.61	190.33	6.76	69.39	2.67
2001	97	22.08	17.27	29.1	222.38	8.6	72.41	2.66
2001	98	22.01	17.54	28.9	194.14	4.79	71.76	3.25
2001	99	22.06	17.09	29.01	224.11	6.64	72.82	3.14
2001	100	21.61	17.04	28.29	237.42	4.91	73.9	3.34
2001	101	21.53	16.99	28.36	231.98	1.57	71.33	4.13
2001	102	21.49	16.36	28.92	240.77	1.95	67.86	3.63
2001	103	21.45	16.24	29.23	256.16	2.56	67.16	3.4
2001	104	21.31	15.61	29.26	244.47	1.35	66.96	3.69
2001	105	21.37	15.99	29.25	219.95	2.26	66.25	3.97
2001	106	21.17	15.82	28.35	222.38	1.45	68.7	3.88
2001	107	21.71	16.22	29.45	214.05	0.79	63.35	3.56
2001	108	21.71	16.24	29.78	225.73	1.99	62.55	3.53
2001	109	21.39	15.49	28.86	243.66	2.61	65.62	3.87
2001	110	21.43	16.11	28.65	221.22	1.75	65.78	3.56
2001	111	20.71	15.97	28.03	225.73	4.05	68.35	3.33
2001	112	21.2	15.56	29.04	229.9	0.51	66.72	2.95
2001	113	21.54	15.65	29.51	223.65	3.78	67.38	3.28
2001	114	20.86	16.22	27.77	221.22	5.19	76.3	3.55
2001	115	21.19	16.59	28.08	231.63	6.06	72.52	3.51
2001	116	20.99	16.13	28.07	237.42	0.54	66.44	3.47
2001	117	21.22	15.63	28.81	221.57	1.64	68.1	3.4
2001	118	21.48	15.72	29.11	242.39	1.99	69.18	3.15
2001	119	21.59	16.11	29.04	201.2	2.48	71.65	3.42
2001	120	21.49	16.85	28.48	209.88	4.88	74.07	4.18
2001	121	21.03	15.27	28.47	249.91	4.15	70.55	3.7
2001	122	21.26	16.02	28.6	219.95	2.57	70.98	2.86
2001	123	21.19	16.25	28.11	190.33	6.17	73.71	2.01
2001	124	21.05	17.09	27.51	129.93	3.75	75.18	2.88
2001	125	21.44	16.22	28.56	193.22	2.07	71.96	3.5
2001	126	21.55	16.09	29.49	232.79	1.51	65.65	3.36
2001	127	21.55	15.71	29.86	249.45	0.2	59.91	3.33
2001	128	21.2	14.78	29.21	218.67	0.62	65.89	3.59
2001	129	21.11	15.33	28.56	219.95	0.41	68.74	3.93
2001	130	21	14.5	28.76	253.61	0.65	68.07	3.71
2001	131	20.99	16.36	27.89	140.81	1.77	73.75	4.41
2001	132	20.88	15.51	27.98	223.3	0.77	71.36	4.15
2001	133	20.96	15.14	28.38	174.94	0.58	69.88	3.68
2001	134	21.09	15.45	28.54	208.26	2.19	70.16	3.71
2001	135	21.25	15.56	28.83	215.32	0.4	65.64	3.41
2001	136	21.06	15.78	28.48	154.92	0.36	64.41	3.32
2001	137	20.88	15.55	28.79	134.91	0.4	62.66	3.45
2001	138	20.74	14.78	28.56	204.9	0.23	62.13	3.27
2001	139	20.93	15.5	28.35	185.81	0.28	64.77	3.73
2001	140	21.07	14.87	28.53	229.9	0.83	68.2	3.37
2001	141	21.38	15.08	29.35	199.93	0.64	62.02	3.47
2001	142	21.93	16.25	29.69	204.56	0.51	65.86	3.39
2001	143	21.24	16.18	28.05	193.22	1.09	69.18	3.89
2001	144	21.3	15.22	29.2	244.13	0.42	59.83	3.64
2001	145	20.83	14.66	28.3	215.32	0.12	64.44	3.6
2001	146	20.64	14.52	28.26	204.09	0.27	58.38	3.29
2001	147	20.11	14.63	27.05	137.45	3.27	70.93	3.31
2001	148	19.25	15.51	25.4	138.26	4.84	71	3.8
2001	149	19.5	13.36	27.06	249.91	0.3	61.45	2.77
2001	150	19.64	13.63	27.1	204.9	0.15	60.27	2.67
2001	151	20.09	13.25	27.75	210.34	0.04	60.7	2.46
2001	152	19.8	14.86	26.26	126.23	0.1	65.93	2.68
2001	153	20.02	14.67	27.46	163.72	0.11	63.65	3.22
2001	154	20.04	14.19	28.02	209.88	0.08	59.61	2.99
2001	155	20.61	13.7	28.81	220.29	0.06	59.39	2.87
2001	156	20.63	14.98	28.15	177.83	2.25	65.57	2.21
2001	157	19	15.56	24.09	109.57	6.17	74.41	2.42
2001	158	18.66	14.61	24.75	99.96	0.86	69.29	2.65
2001	159	19.28	13.75	26.5	201.2	1.65	68.48	2.99
2001	160	19.25	13.79	26.38	189.05	0.36	65.19	2.98
2001	161	19.34	13.74	26.79	198.66	0.05	61.97	2.59
2001	162	19.19	11.59	27.9	214.97	0.02	56.23	2.61
2001	163	19.19	12.79	27.52	180.72	0.04	59.91	2.23
2001	164	18.88	13.32	26.43	166.15	0.16	57.86	2.16
2001	165	18.71	11.56	26.81	169.96	0.13	57.41	1.75
2001	166	19.04	13.24	25.98	121.25	0.21	60.32	2.75
2001	167	19.21	12.99	27.22	192.41	0.15	57.92	3.45
2001	168	19.67	13.35	27.73	200.74	0.17	59.4	3.34
2001	169	19.81	13.33	27.87	206.18	1.2	64.69	3.08
2001	170	20.26	14.8	27.8	139.07	0.87	66.84	3.03
2001	171	19.75	14.23	27.08	145.78	1.14	66.6	3.94
2001	172	19.33	14.1	26.35	123.68	1.03	71.06	4.34
2001	173	19.38	13.82	26.99	149.48	1.03	69.09	3.9
2001	174	20.07	14	28.29	202.82	0.33	58.82	3.11
2001	175	19.74	13.61	28.21	278.61	0.11	56.01	3
2001	176	20.17	13.85	28.12	182.46	0.35	64.77	2.96
2001	177	19.95	14.94	27.25	154.58	1.62	66.76	3.22
2001	178	19.8	14.37	26.96	88.28	1.39	63.67	2.95
2001	179	19.68	13.86	28.25	117.09	0.22	59.84	3.24
2001	180	19.81	13.59	28.47	204.56	0.09	57.2	2.75
2001	181	20.05	14.52	28.12	202.82	0.2	59.79	3.02
2001	182	19.49	12.69	28.42	144.51	0.12	53.88	2.67
2001	183	19.01	11.72	27.38	109.92	0.08	57.44	3.08
2001	184	19.53	13.3	27.72	157.47	0.18	57.02	3.2
2001	185	18.99	13.56	26.37	160.36	0.22	61.86	3.2
2001	186	19.39	12.73	27.59	201.55	0.06	54.98	2.82
2001	187	19.22	12.31	27.39	178.29	0.09	55.52	3.35
2001	188	19.01	13.26	26.9	163.72	0.38	60.81	4.12
2001	189	19.32	12.72	27.86	179.91	0.13	56.14	3.21
2001	190	19.25	13.77	26.73	176.21	0.14	59.52	2.6
2001	191	18.69	13.8	26.13	204.09	0.04	59.69	2.06
2001	192	19.56	12.92	29.02	222.38	0.07	57.46	2.24
2001	193	19.44	12.95	27.98	210.34	0.14	57.5	2.05
2001	194	19.67	12.1	28	281.15	0.3	53.42	2.22
2001	195	19.04	11.8	27.89	112.92	0.05	51.98	2.51
2001	196	18.54	11.53	28.02	153.65	0.15	51.81	2.86
2001	197	18.28	12.28	26.4	149.95	0.11	58.97	2.58
2001	198	19.18	12.43	27.8	159.55	0.17	59.16	2.55
2001	199	19.42	13.22	27.12	150.76	0.88	60.81	2.18
2001	200	19.85	13.58	27.64	138.72	2	61.83	2.48
2001	201	19.77	14.15	27.34	168.23	3.84	64.84	2.27
2001	202	19.54	14.31	26.96	197.85	2.98	67.53	2.53
2001	203	19.32	13.98	26.45	204.09	1.23	68.71	2.85
2001	204	18.91	13.86	25.71	194.49	0.68	66.48	3.41
2001	205	18.85	12.91	27.18	140	0.45	59.91	3.39
2001	206	18.25	12.13	25.95	109.57	0.54	62.09	2.37
2001	207	17.85	12.67	24.56	129.93	0.48	62.67	3.08
2001	208	18.21	12.76	25.36	108.3	0.83	61.33	2.93
2001	209	18.43	12.63	25.91	160.82	0.71	63.75	2.68
2001	210	18.14	13.04	25.24	73.7	1.08	64.63	2.95
2001	211	18.39	12.01	26.93	138.72	0.39	56.16	2.48
2001	212	18.91	11.18	27.64	199.93	0.58	53.64	3.51
2001	213	18.44	13.08	25.32	102.05	1.78	64.25	3.74
2001	214	18.03	11.3	26.65	123.68	0.61	54.07	3.9
2001	215	17.82	11	26.63	131.2	0.5	57.28	2.44
2001	216	18.78	10.93	28.22	274.9	0.17	54.08	2.57
2001	217	19.83	12.16	29.46	271.55	0.39	50.58	2.49
2001	218	18.95	10.63	28.69	179.57	0.03	45.8	2.59
2001	219	19.68	10.89	29.53	253.27	0.26	45.3	1.85
2001	220	19.6	13.14	27.51	195.76	4.1	58.06	2.21
2001	221	18.51	14.11	24.86	123.34	1.43	65.36	3.47
2001	222	19.27	13.33	26.82	217.05	0.45	61.35	2.63
2001	223	20.45	13	29.1	274.9	0.16	58.38	2.77
2001	224	20.64	14.74	27.66	180.38	1.49	62.62	1.91
2001	225	20.32	14.26	27.36	287.86	1	62.21	3.05
2001	226	20.58	14.33	28.82	174.48	0.71	59.92	3.71
2001	227	20.8	13.85	29.99	185.35	0.6	56	2.7
2001	228	20.36	13.79	28.61	244.13	0.43	58.14	2.99
2001	229	20.91	14.69	29.12	282.77	0.36	55.27	3.62
2001	230	20.5	12.57	29.85	272.36	0.18	50.78	3.6
2001	231	20.33	13.67	30.01	244.94	0.23	43.71	3.67
2001	232	19.68	12.03	29.47	297.35	0.04	46.07	3.44
2001	233	20.83	13.26	30.6	286.94	0.3	50.27	3.53
2001	234	21.07	14.03	30.94	217.05	0.25	50.08	3.2
2001	235	20.39	13.09	30.3	273.63	0	43.58	3.32
2001	236	19.5	11.05	29.69	302.79	0	43.12	2.69
2001	237	19.5	11.34	29.53	254.08	0.1	46.58	2.68
2001	238	20.06	12.02	29.64	251.18	0.43	47.95	2.81
2001	239	20.2	13.63	29.69	236.95	0.91	50.19	3.66
2001	240	18.76	12.29	28.2	203.28	0.34	47.34	3.49
2001	241	18.98	10.02	28.12	289.02	0.02	46.48	3.11
2001	242	19.53	12.1	28.41	217.4	0.24	56.34	3.28
2001	243	19.61	13.66	27.32	159.55	0.18	55.57	3.43
2001	244	20.2	12.11	29.43	199.47	0.16	52.33	2.97
2001	245	20.12	13.59	28.41	137.91	0.29	55.12	3.3
2001	246	20.11	13.46	28.94	131.2	0.2	56.83	3.41
2001	247	19.76	13.99	26.68	119.98	0.39	60.34	3.03
2001	248	20.48	13.99	28.71	280.69	0.17	57.98	3.57
2001	249	21.47	14.32	29.74	274.9	0.42	54.95	2.97
2001	250	21.8	14.47	30.82	251.53	0.41	53.84	3.51
2001	251	21.08	14.97	29.53	229.55	0.27	54.71	4.12
2001	252	20.39	13.61	29.06	253.27	0.39	52.08	4.22
2001	253	20.4	14.08	28.58	224.92	1.35	56.89	4.21
2001	254	20.52	13.47	29.23	264.03	0.17	51.51	4.51
2001	255	20.77	13.52	29.64	308.69	0.15	46.68	4.06
2001	256	21.52	14.14	31.14	308.69	0.36	48.99	3.62
2001	257	21.71	14.45	31.55	296.19	0.29	49.01	3.89
2001	258	20.96	13.23	29.81	318.64	0.14	49.2	4.2
2001	259	20.82	13.83	29.2	244.47	0.14	51.8	3.72
2001	260	20.93	14.47	28.99	212.89	0.53	56.04	3.81
2001	261	21.32	14.44	29.71	249.91	0.64	53.16	3.81
2001	262	21.63	14.97	29.82	236.95	2.3	56.72	4.13
2001	263	21.6	15.38	29.64	247.37	1.78	59.24	3.9
2001	264	21.95	14.83	30.43	286.13	0.71	53.6	3.31
2001	265	21.35	14.46	29.22	288.21	0.71	54.5	3.26
2001	266	21.81	15.06	30.24	276.18	0.55	54.63	3.4
2001	267	21.53	14.75	30.76	254.89	0.06	48.65	4.17
2001	268	21.72	14.36	31.06	317.02	0.04	45.84	3.44
2001	269	21.58	13.17	30.72	322.8	0.01	43.66	3.6
2001	270	22.01	15.24	30.78	298.27	0.1	50.45	4.11
2001	271	21.97	15.2	30.71	245.28	0.42	54.31	3.99
2001	272	21.73	14.84	30.73	258.24	0.33	49.53	4.04
2001	273	20.81	12.3	30.29	242.85	0.06	44.64	3.48
2001	274	21.44	13.69	29.81	236.61	0.34	50.41	2.98
2001	275	21.2	15.06	28.74	143.7	2.92	58.34	3.3
2001	276	20.79	14.37	28.06	126.58	1.21	55.62	3.86
2001	277	20.88	14.11	28.87	192.87	1.03	57.1	4.36
2001	278	21.63	15.33	29.59	166.61	1.28	59.16	3.77
2001	279	20.69	15.42	27.45	239.96	0.48	58.53	3
2001	280	21.75	15.2	30.21	235.33	0.6	55.85	3.89
2001	281	20.92	14.64	29.02	202.48	0.38	58.87	4.44
2001	282	20.96	14.49	29.27	226.54	0.24	55.15	4.48
2001	283	20.82	14.41	28.71	242.39	0.24	59.56	4.67
2001	284	21.4	14.68	30.18	264.95	0.15	55.16	4.33
2001	285	21.65	14.93	30.05	247.37	0.09	54.17	4.41
2001	286	22.16	14.93	31.47	294.92	0.03	48.37	4.2
2001	287	21.63	14.39	30.65	279.07	0.01	46.58	4.36
2001	288	21.25	13.16	30.6	259.05	0.02	47.2	3.96
2001	289	21.73	14.54	30.82	326.16	0.02	51.18	4.25
2001	290	22.46	15.37	31.52	334.03	0.03	50.23	4.12
2001	291	22.36	14.81	31.87	334.84	0.03	46.46	4.01
2001	292	22.11	15.19	31.08	326.51	0.12	48.3	4.21
2001	293	22.09	15.54	30.68	266.11	0.44	53.24	4.86
2001	294	22	14.75	31.16	236.14	0.22	50.77	4.27
2001	295	22.04	14.8	31.01	263.68	0.43	52.48	4.13
2001	296	22.07	15.74	30.43	246.21	1.41	57.9	4.8
2001	297	22.18	15.49	31.05	268.19	0.68	52.88	4.41
2001	298	22.53	16.08	31.38	278.26	0.35	50.01	3.98
2001	299	22.28	15.67	30.62	266.11	0.11	51.16	3.86
2001	300	22.81	15.2	31.48	243.66	0.29	49.38	2.75
2001	301	22.76	15.47	31.12	163.25	1.55	48.12	3.01
2001	302	22.88	15.33	31.29	219.14	1.15	50.03	3.25
2001	303	22.56	16.34	29.95	256.97	2.65	58.9	3.56
2001	304	21.73	16.58	28.92	229.9	7.78	66.54	3.98
2001	305	21.83	16.67	29.58	197.85	5.6	67.5	4.37
2001	306	21.13	17.02	27.12	191.6	11.15	72.73	3.8
2001	307	21.09	16.65	28.05	147.4	8.03	73.01	4.9
2001	308	20.23	15.9	26.81	206.99	17.84	76.57	5.16
2001	309	19.96	15.78	26.27	164.06	13.62	76.27	5.05
2001	310	20.09	15.85	26.55	187.43	3.32	73.48	4.51
2001	311	20.04	14.74	27.72	247.37	1.19	66.16	3.61
2001	312	20.49	14.81	28.52	299.08	0.47	63.35	3.55
2001	313	20.93	15.94	27.99	217.86	4.91	72.84	3.98
2001	314	20.77	15.08	28.65	228.28	2.82	64.64	4.06
2001	315	20.65	15.58	28.27	172.39	3	66.39	3.77
2001	316	20.7	15.71	27.29	185.81	4.86	71.79	2.48
2001	317	19.86	16.35	25.13	101.58	12.83	78.42	3.41
2001	318	20.25	16.23	26.44	157.47	9.19	77.16	3.81
2001	319	20.49	16.04	26.93	145.78	5.13	75.17	3.93
2001	320	19.59	16.23	25.16	213.24	10.15	79.1	3.72
2001	321	19.7	16.06	25.53	211.15	3.41	79.13	3.08
2001	322	20.24	16.33	26.3	239.96	3.66	78.18	3.92
2001	323	20.16	15.16	26.89	245.28	1.03	73.77	3.82
2001	324	19.59	14.18	27.43	247.37	0.28	67.05	3.52
2001	325	19.76	14.63	26.66	223.65	1.39	74.23	3.98
2001	326	20.08	15.98	26.11	144.97	4.16	76.53	4.18
2001	327	20.26	16.18	26.67	246.21	3.31	74.94	4.16
2001	328	20.17	15.9	26.46	263.22	5.62	75.95	4.18
2001	329	20.24	16.17	26.33	181.65	4.98	76.19	4.24
2001	330	19.64	16.2	25.33	159.9	7.72	77.96	4.58
2001	331	19.71	15.57	25.7	237.88	2.73	77.68	4.31
2001	332	19.58	15.73	25.31	215.32	1.76	76.83	3.71
2001	333	20.37	15.43	27.12	241.12	0.89	71.92	3.12
2001	334	19.95	15.22	26.99	217.86	1.17	70.75	3.2
2001	335	20.26	14.82	27.59	211.62	2.11	72.59	2.89
2001	336	20.72	16.35	27.03	222.03	2.77	75.26	3.44
2001	337	20.7	16.37	27.47	237.42	2.84	73.36	3.78
2001	338	20.27	15.07	27.26	259.86	2.08	73.86	4.24
2001	339	20.35	16.07	27.06	234.52	2.36	73.34	4.11
2001	340	20.22	15.63	27.2	234.52	1.87	71.66	3.65
2001	341	20.03	15.03	27.06	237.88	2.07	72.62	3.66
2001	342	20.62	15.54	27.65	230.36	0.67	69.72	4.12
2001	343	20.62	15.14	27.38	252.8	0.65	71.44	4.34
2001	344	21.01	15.79	27.95	241.58	1.23	70.56	3.94
2001	345	21.02	16.15	27.97	223.65	3.05	73.34	4.11
2001	346	20.58	16.81	26.54	177.02	1.87	75.38	4.56
2001	347	19.88	15.71	26.46	170.77	4.21	74.73	4.55
2001	348	19.95	15.53	26.39	161.98	1.81	72.27	4.36
2001	349	20.32	15.91	26.88	206.99	5.91	76.53	4.35
2001	350	20.64	16.76	27.07	175.75	1.79	75.58	4.52
2001	351	20.56	15.87	27.1	157.47	5.3	76.27	4.16
2001	352	20.57	16.51	26.71	134.91	5.82	78.15	4.6
2001	353	20.67	16.76	26.58	154.92	2.32	77.55	4.51
2001	354	20.65	17	26.94	196.57	2.63	76.91	4.83
2001	355	20.28	15.63	27.17	286.59	0.98	71.61	4
2001	356	20.38	14.44	27.85	292.03	0.26	70.89	4.26
2001	357	20.5	15.49	27.4	194.49	0.55	73.79	4.39
2001	358	20.63	15.92	27.63	217.05	0.42	70.37	4.35
2001	359	21.14	15.81	29.14	294.92	0.16	65.65	3.77
2001	360	20.69	14.73	28.37	234.52	0.71	66.23	3.96
2001	361	21.01	15.7	28.23	245.75	0.57	69.07	3.87
2001	362	20.2	15.7	26.32	224.46	0.32	70.51	4.3
2001	363	20.33	14.33	28.07	281.61	0.13	67.33	4.22
2001	364	20.6	14.44	27.9	231.98	0.04	67.31	4.49
2001	365	20.4	15.12	26.47	221.57	0.14	69.37	3.98
2002	1	21.5	15.78	29.4	257.43	1.38	65.23	3.75
2002	2	20.36	16.37	26.35	256.97	4.48	76.5	3.57
2002	3	20.06	16.47	25.22	237.42	2.57	77.87	3.78
2002	4	20.48	16.86	26.47	196.57	1.51	76.2	3.95
2002	5	20.38	16.89	25.72	206.64	1.12	73.67	4.44
2002	6	20.57	15.59	27.63	205.37	0.46	68.43	4.4
2002	7	20.4	14.31	28.2	243.2	0.47	64.7	4.6
2002	8	21.04	13.82	29.19	234.52	0.01	59.38	3.71
2002	9	21.71	16.45	28.98	249.91	0.7	63.52	3.18
2002	10	21.97	15.74	29.76	249.1	0.68	63.7	3.15
2002	11	21.82	17.11	29.02	227.47	3.24	72.02	3.13
2002	12	20.91	17.65	26.48	206.99	11.03	79.59	3.46
2002	13	20.7	17.07	26.65	190.33	4.87	76.44	3.33
2002	14	20.14	16.7	25.82	198.66	4.07	80.26	1.66
2002	15	20.5	16.71	25.85	167.88	6.9	75.62	0.96
2002	16	19.26	16.58	23.57	263.68	1.89	79.11	1.61
2002	17	20.98	15.2	28.51	281.61	0.29	65.32	3.37
2002	18	20.39	15.53	27.91	275.71	0.17	64.85	4.1
2002	19	20.07	13.36	28.77	294.92	0.18	56.47	4.23
2002	20	20.17	13.67	28.29	300.7	0.26	59.19	3.34
2002	21	21.14	13.51	30.59	266.57	0.92	54.16	2.94
2002	22	21.81	14.83	30.65	277.45	3.38	55.83	2.47
2002	23	21.18	16.61	28.15	251.18	5.45	57.92	1.74
2002	24	21.38	15.05	29.86	277.45	1.42	53.79	2.36
2002	25	20.5	14.84	28.16	249.1	0.34	56.05	2.96
2002	26	20.99	14.01	28.55	282.42	0.25	57.44	3.43
2002	27	20.29	16.01	27.07	236.14	0.3	67.09	2.82
2002	28	20.45	15.09	28	302.44	0.12	64.34	3.43
2002	29	21.1	13.85	30.03	289.02	0.03	53.82	4.07
2002	30	20.98	13.25	30.23	296.19	0.02	50.08	4.06
2002	31	20.78	12.51	30.5	326.51	0	46.51	3.72
2002	32	20.96	13.67	29.97	321.53	0	52.63	4.01
2002	33	20.4	13.06	28.86	289.02	0	57.87	4.48
2002	34	20.7	12.9	30.05	322.34	0	48.37	4.1
2002	35	21.08	12.39	31.35	330.32	0	42.57	3.6
2002	36	21.62	13.48	31.77	337.38	0	38.3	3.85
2002	37	21.29	13.88	30.52	329.05	0	45.33	4.29
2002	38	21.13	13	30.8	328.59	0	44.13	4.16
2002	39	21.55	13.61	31.19	324.42	0.01	44.29	3.66
2002	40	22.84	14.86	32.73	321.99	0.13	43.31	3.36
2002	41	22.73	15.23	32.61	336.57	0.29	43.06	3.71
2002	42	22.66	14.71	32.95	330.32	0.16	40.79	3.69
2002	43	22.96	14.17	33.52	311.12	0.05	37.27	3.22
2002	44	22.94	15.12	32.08	293.65	0.61	41.88	3.06
2002	45	22.78	16.44	31.46	275.37	2.51	49.51	3.31
2002	46	22.84	14.82	31.89	294.92	0.21	47.34	3.7
2002	47	23.11	15.68	31.69	274.09	1.14	48.91	3.19
2002	48	22.82	16.87	29.96	239.96	2.45	55.98	2.35
2002	49	22.04	17.11	28.84	297	3	61.85	2.37
2002	50	22.07	15.52	30.35	276.18	0.9	58.42	3.77
2002	51	22.38	14.55	31.34	318.18	0.04	48.44	3.95
2002	52	22.22	14.33	30.99	310.31	0.17	50.69	4.73
2002	53	21.82	15.95	29.65	205.37	1.86	58.71	4.8
2002	54	21.49	16.85	28.79	167.88	1.79	63.08	5.09
2002	55	21.74	15.63	30.11	206.64	0.41	54.89	4.02
2002	56	22.28	15.82	30.33	190.33	0.58	58.36	4.28
2002	57	23.43	16.72	31.77	260.33	0.42	57.4	3.62
2002	58	21.39	17.74	27.02	272.82	1.97	69.96	3.67
2002	59	22.16	16.92	29.94	272.82	1.17	63.47	3.52
2002	60	22.43	16.81	30.66	276.52	0.64	59.35	4.23
2002	61	22.85	16.93	31.78	263.68	1.12	57.12	3.68
2002	62	22.16	16.83	29.98	224.46	8.71	68.37	2.68
2002	63	20.36	17.9	24.01	178.64	13.81	82.76	2.54
2002	64	20.22	17.78	24.7	196.23	7.03	81.75	3.3
2002	65	21.12	16.66	27.29	206.18	4.79	75.66	4.16
2002	66	21.81	16.59	29.43	255.7	3.17	69.71	3.96
2002	67	22.14	16.33	30.35	319.1	1.5	64.74	2.94
2002	68	22.47	16.91	29.89	299.08	2.2	64.58	1.92
2002	69	22.93	16.75	30.68	202.48	4.89	63.43	2.72
2002	70	22.42	17.14	29.46	222.84	3.7	67.96	2.72
2002	71	21.6	16.77	28.7	205.37	3.6	69.88	3.53
2002	72	20.96	15.94	27.27	251.53	0.89	71.62	4.02
2002	73	21.36	17.01	28.25	209.07	0.62	68.22	4.24
2002	74	20.95	16.55	27.4	274.44	1.99	69.69	3.58
2002	75	22.08	16.75	30.09	231.63	0.88	66.03	4.02
2002	76	22.11	16.3	30.58	264.03	0.95	61.25	4.03
2002	77	21.74	16.29	30.32	255.7	5.31	62.6	3.53
2002	78	21.51	16.01	29.07	256.62	6.65	70.39	2.93
2002	79	22.01	17.47	28.93	217.4	3.77	70.99	3.66
2002	80	21.44	17.03	28.33	219.95	4.19	72.7	3.51
2002	81	22.01	16.27	29.74	277.45	0.44	66.05	3.75
2002	82	22.41	16.57	30.4	301.98	0.51	62.39	3.77
2002	83	22.21	16.77	29.66	215.32	0.48	65.49	3.54
2002	84	23.03	15.99	32.02	288.67	0.2	58.3	2.84
2002	85	22.75	16.92	31.23	274.44	1.53	61.48	2.47
2002	86	22.96	17.28	31.37	283.23	1.12	62.01	3.39
2002	87	22.83	17	31.35	283.7	0.49	61.76	3.21
2002	88	22.99	16.9	31.96	280.69	0.59	55.43	3.09
2002	89	22.74	16.56	31.8	273.63	1.15	56.27	3.08
2002	90	22.59	17.25	30.57	273.28	1.53	64.83	3.4
2002	91	22.49	17.31	30.17	202.48	1.96	67.81	4.09
2002	92	22.21	17.57	29.37	244.13	2.09	68.98	4.47
2002	93	22.06	17.18	29.45	236.95	1.91	69.69	4.33
2002	94	22.42	16.95	30.34	268.19	1.15	65.4	4.2
2002	95	21.96	16.31	29.84	254.08	1.96	65.35	4.16
2002	96	22.17	15.99	30.4	259.86	1.36	63.47	4.1
2002	97	21.41	16.74	27.69	231.17	0.94	68.72	4.31
2002	98	21.79	16.98	28.91	234.87	0.75	68.03	4.81
2002	99	22	16.3	29.83	221.57	0.42	61.58	4.4
2002	100	22.58	16.52	30.73	256.97	0.18	60.93	3.97
2002	101	21.7	17.74	29.89	256.62	3.68	71.21	4.03
2002	102	21.15	16.96	28.19	251.18	6.35	72.63	4.36
2002	103	21.03	16.58	27.64	257.43	5	74.02	3.92
2002	104	21.77	16.96	28.85	234.87	4.26	71.89	4.3
2002	105	20.9	17.4	27.15	179.91	8.98	75.73	4.85
2002	106	21.07	16.43	28.05	197.38	2.98	71.62	4.24
2002	107	21.23	16.56	28.17	182.46	4.02	72.74	3.97
2002	108	21.42	16.58	28.47	203.63	2.01	70.97	3.94
2002	109	21.12	16.78	28.13	218.21	6.89	74.91	3.64
2002	110	21.31	16.29	28.49	219.48	4.11	72.41	3.1
2002	111	21.6	16.75	29.14	217.05	9.1	71.34	3.25
2002	112	20.97	17.02	27.3	211.96	5.2	76.36	3.08
2002	113	20.32	16.86	25.95	186.97	5.17	78.34	3.48
2002	114	21.14	15.88	28.4	229.09	3.61	72.03	3.14
2002	115	21.06	16.55	27.68	211.15	2.77	73.39	3.63
2002	116	21.16	16.47	27.68	172.05	3.89	74.56	4.17
2002	117	21.2	15.91	27.9	225.73	1.37	69.94	3.84
2002	118	21.35	16.69	28.44	197.85	5.42	72.53	3.34
2002	119	20.72	16.45	27.19	151.22	9.11	77.95	3.6
2002	120	20.51	16.16	27.02	132.82	6.73	77.75	3.3
2002	121	20.45	16.45	26.69	179.91	7.14	74.32	2.35
2002	122	20.69	16.25	27.38	200.74	6.02	76.16	2.57
2002	123	20.79	15.94	27.81	227.81	4.68	70.27	2.36
2002	124	20.65	15.05	28.1	221.22	3.15	68.69	2.26
2002	125	20.38	15.46	26.86	180.72	2.89	73.77	2.35
2002	126	20.44	16.16	26.67	161.63	2.79	77.12	3
2002	127	18.9	16.6	22.52	170.31	5.81	85.14	1.55
2002	128	20.18	16	26.09	160.82	6.04	80.55	0.91
2002	129	20.78	17.18	25.74	278.61	7.44	78.89	1.42
2002	130	20.86	16.77	26.53	172.86	7.43	74.1	1.85
2002	131	20.39	16.37	25.58	164.06	9.21	77.57	1.4
2002	132	20.6	15.11	27.22	228.62	4.51	73.66	1.29
2002	133	20.28	14.63	27.74	221.22	2.96	74.28	2.16
2002	134	20.25	14.31	27.9	221.57	0.96	72.97	2.21
2002	135	20.49	14.78	27.73	234.06	0.55	72.87	2.27
2002	136	20.92	14.87	28.62	226.19	0.15	69	1.69
2002	137	20.06	14.71	27.13	158.74	0.19	70.6	2.31
2002	138	19.71	14.85	26.29	178.64	0.23	70.96	3.49
2002	139	19.48	13.76	26.35	219.14	0.96	75.67	4.07
2002	140	19.79	15.07	25.99	156.66	0.58	76.82	3.7
2002	141	19.84	15.83	26.21	172.05	0.45	74.41	4.25
2002	142	19.71	14.35	26.92	182	0.23	72.76	3.84
2002	143	19.96	13.4	27.55	258.24	0.19	66.35	2.96
2002	144	20.6	14.68	28.46	219.14	0.07	66.36	3.11
2002	145	20.55	15.24	28.28	202.01	0.11	67.03	3.19
2002	146	20.08	14.68	27.37	213.7	0.29	69.62	3.44
2002	147	20.22	14.77	27.84	235.33	0.4	66.91	3.47
2002	148	20.2	14.75	27.7	211.96	0.24	67.06	3.2
2002	149	20.31	14.66	28.14	229.55	0.17	65.55	3
2002	150	20.03	14.12	28.35	198.31	0.13	63.41	2.94
2002	151	19.88	14.46	28.12	216.13	0.28	64.1	3.13
2002	152	19.89	13.74	28.98	242.39	0.21	58.42	2.21
2002	153	20.41	13.65	29.5	272.36	0.24	60.44	2.21
2002	154	20.73	14.1	29.56	283.23	0.2	58.98	2.6
2002	155	20.62	14.79	28.67	276.18	0.55	62.64	2.27
2002	156	20.15	14.48	27.78	179.91	0.23	63.9	2.52
2002	157	19.49	13.27	27.63	175.4	0.12	61.09	2.49
2002	158	18.87	12.28	27.32	198.31	0.09	58.98	3.48
2002	159	19.32	13.16	27.31	107.02	0.59	69.06	3.61
2002	160	19.34	13.8	26.54	148.33	0.16	62.23	2.89
2002	161	19.56	13.41	27.77	215.32	0.1	59.1	2.42
2002	162	19	13.22	26.87	104.94	0.07	62.2	2.01
2002	163	19.3	12.78	27.58	94.99	0.24	61.51	1.75
2002	164	19.71	12.88	28.15	181.65	0.18	58.41	1.59
2002	165	19.45	13.6	26.53	118.25	0.89	62.5	2.22
2002	166	19.15	13.21	27.12	135.37	1.43	63.2	1.87
2002	167	19.01	13.24	26.92	144.16	1.78	63.64	2.36
2002	168	18.91	13.02	26.13	52.87	0.91	62.12	2.35
2002	169	18.66	11.82	26.81	146.24	0.18	58.82	2.14
2002	170	18.9	11.97	27.06	148.67	0.15	60.53	2.21
2002	171	19.6	14.09	27.09	167.42	0.17	62.39	2.33
2002	172	19.38	13.91	26.14	160.82	0.24	61.81	2.38
2002	173	19.18	13.22	26.37	144.51	0.33	60.87	2.15
2002	174	19.03	12.38	26.74	174.48	0.13	59.51	2.12
2002	175	19.31	12.32	27.64	140.81	0.02	61.48	3.03
2002	176	20.17	13.77	28.43	148.67	0.15	61.4	2.29
2002	177	20.47	13.96	28.82	143.24	0.39	59.63	1.69
2002	178	20.17	13.1	28.91	232.44	0.47	55.17	2.34
2002	179	20.12	13.19	28.54	174.13	0.11	57.29	3.08
2002	180	20.26	13.59	28.12	223.65	0.33	62.16	3.76
2002	181	20.16	14.15	28.14	179.57	0.79	63.62	3.46
2002	182	20.43	14.34	28.21	151.22	1.36	62.87	2.79
2002	183	19.71	14.61	27.38	130.39	0.79	65.86	3.76
2002	184	19.59	13.6	27.71	127.85	0.02	59.62	3.6
2002	185	19.36	13.63	27.16	212.89	1.42	63.96	3.55
2002	186	19.49	13.66	27.61	129.12	0.29	62.54	3.46
2002	187	18.94	13.14	27.56	193.22	0.17	57.68	3.73
2002	188	18.57	11.55	27.5	236.61	0.04	51.57	3.76
2002	189	19.09	11.69	27.62	251.99	0.02	57.75	3.59
2002	190	20.14	13.58	28.62	206.64	0.42	60.43	3.29
2002	191	20.9	14.27	29.37	210.81	0.47	59.17	2.7
2002	192	20.75	14.68	28.62	200.74	1.53	59.69	2.28
2002	193	20.4	14.53	28.43	205.71	0.79	61.26	3.13
2002	194	20.06	14.29	27.65	237.42	0.03	58.23	2.9
2002	195	19.48	12.64	27.7	220.76	0.26	57.39	2.7
2002	196	20.01	13.32	28.63	200.39	0.2	58.66	2.68
2002	197	20.18	13.73	29.36	195.3	0.2	57.13	3.32
2002	198	19.82	13.08	28.8	127.04	0.21	56.35	3.13
2002	199	20.18	13.72	28.18	225.38	0.11	57.4	2.78
2002	200	20.2	13.79	28.37	186.16	0.35	59.15	3.38
2002	201	20.13	14.39	27.82	187.43	0.62	63.93	3.88
2002	202	19.85	13.66	28.43	162.44	0.12	56.61	3.95
2002	203	19.52	12.45	29.28	271.2	0.07	49.34	3.31
2002	204	18.95	11.76	28.55	306.14	0.06	49.33	3.54
2002	205	19.25	12.26	28.32	285.78	0.08	52.39	3.71
2002	206	19.18	12.12	28.53	193.22	0.08	48.11	3.66
2002	207	19.3	11.23	28.74	232.79	0.12	46.06	3.27
2002	208	18.99	12.56	26.43	197.38	0.73	59.17	3.2
2002	209	19.3	13.2	27.31	147.05	0.64	60.39	3.84
2002	210	19.44	12.91	27.08	149.14	0.29	58.27	3.67
2002	211	19.12	14.04	26.03	142.08	0.5	61.58	3.04
2002	212	19.57	13.7	26.69	134.1	0.41	61.75	3.35
2002	213	19.18	13.72	26.28	112	0.49	62.32	3.91
2002	214	19.22	13.54	26.47	167.07	0.36	59.25	3.62
2002	215	19.56	12.27	27.25	129.12	0.44	56.62	3.08
2002	216	19.05	13.44	26.37	117.09	0.75	63.08	3.4
2002	217	19.64	13.5	27.58	146.59	0.28	56.16	3.24
2002	218	19.64	13.02	28.14	138.72	0.07	54.39	3.07
2002	219	19.6	13.35	26.49	187.43	0.55	58.58	2.59
2002	220	19.28	13.99	25.92	143.24	0.72	59.99	3.09
2002	221	19.3	12.55	26.97	134.1	0.29	53.71	2.79
2002	222	19.48	11.97	27.66	202.01	0.16	51.21	2.8
2002	223	19.29	13.24	27.36	130.74	0.16	60.67	4.3
2002	224	19.56	13.15	27.63	228.28	0.09	59.77	4.61
2002	225	20.06	12.85	28.52	239.04	0.21	56.33	4.61
2002	226	19.95	14.9	27.32	158.74	2.13	67.38	4.72
2002	227	20.24	13.49	28.85	292.03	0.44	58.15	3.57
2002	228	20.61	13.66	30.08	159.9	0.15	52.32	3.54
2002	229	20	12.64	28.87	140.34	0.11	52.5	2.98
2002	230	20.05	13.49	28.81	154.58	0.26	57.82	3.79
2002	231	19.85	13.94	28.26	109.92	0.45	60.85	4.13
2002	232	19.82	13.8	28.38	97.88	0.79	58.71	3.96
2002	233	19.6	13.17	28.78	124.15	0.25	53.14	3.77
2002	234	19.29	12.11	28.33	174.94	0.07	50.57	3.44
2002	235	18.82	12.63	26.68	95.8	0.63	54.54	4.22
2002	236	19.11	13.24	27.01	247.83	1.09	64.83	5.06
2002	237	19.49	13.95	26.87	157	1.19	63.8	4.92
2002	238	19.19	12.45	27.26	236.95	1.24	63.98	4.66
2002	239	19.64	12.04	28.87	200.39	0.09	49.84	4.16
2002	240	19.91	13.01	28.72	206.18	0.11	54.81	3.79
2002	241	19.81	13.35	28.08	145.32	0.16	60.11	4.22
2002	242	20.12	13.56	28.09	126.23	0.09	59.03	4.08
2002	243	20.63	13.85	29.4	159.9	0.1	56.46	3.94
2002	244	19.89	13.8	27.66	132.48	0.08	59.54	4.31
2002	245	19.85	13.66	28.25	137.91	0.1	56.05	4.66
2002	246	19.3	13.35	26.76	205.37	1.55	58.55	4.23
2002	247	19.73	12.56	28.59	253.27	0.28	51.19	4.19
2002	248	20.29	13.05	29.15	321.53	0.21	51.77	4.08
2002	249	20.63	12.2	29.77	282.77	1.06	52.44	4.2
2002	250	19.68	15.45	25.75	162.91	8.12	69.49	3.95
2002	251	20.67	14.25	29.31	261.13	0.27	53.81	4.34
2002	252	20.32	12.53	29.49	304.87	0.05	52.08	4.05
2002	253	21.02	13.2	30.43	320.72	0.03	51.29	3.7
2002	254	22	14.93	31.39	282.42	0.21	52.99	3.84
2002	255	21.84	15.3	30.68	264.03	0.36	55.19	4.32
2002	256	21.42	14.42	30.33	284.04	0.3	50.15	4.39
2002	257	20.32	12.22	29.31	282.42	0.57	53.42	4.66
2002	258	20.18	14.27	28.53	202.01	1.21	59.15	4.91
2002	259	19.31	13.37	27.43	239.5	2.22	62.63	5.56
2002	260	19.25	14.67	26.58	153.65	5.3	70.7	6.09
2002	261	18.9	12.79	26.79	195.3	0.73	64.37	5.12
2002	262	19.04	11.92	27.91	244.13	0.2	56.52	4.83
2002	263	19.06	11.29	28.12	199.47	0.17	54.6	4.66
2002	264	19.27	11.47	27.7	325.35	0.74	62.75	4.74
2002	265	20.19	13.27	28.9	245.75	0.38	58.2	4.64
2002	266	20.32	14.43	27.25	269.47	0.36	60.17	3.72
2002	267	21.08	14.15	29.4	282.77	0.06	57.92	4.13
2002	268	21.42	14.15	30.13	311.93	0.03	51.47	4.38
2002	269	20.81	13.62	30.06	334.84	0.08	49.07	4.77
2002	270	20.81	13.36	29.97	324.08	0.04	46.07	4.09
2002	271	20.91	11.58	31	313.2	0.06	42.79	3.65
2002	272	22.15	15.38	30.75	280.34	0.76	56.83	3.95
2002	273	22.35	15.3	31.81	307.76	0.14	49.85	3.93
2002	274	22.35	14.44	31.88	292.84	0.26	45.54	3.39
2002	275	21.98	14.25	31.55	259.86	0.89	47.39	3.69
2002	276	21.81	15.32	30.78	258.71	0.31	48.07	4.17
2002	277	21.48	15.32	30.29	234.87	0.21	49.94	4.57
2002	278	21.74	14.75	30.96	256.16	0.1	47.44	3.9
2002	279	22.12	14.83	31.16	248.29	0.2	51.89	4.25
2002	280	22.05	15.31	30.38	215.32	0.48	57.54	4.58
2002	281	22.01	15.61	30.34	280.69	1.54	57.54	3.92
2002	282	21.64	15.68	29.58	232.44	4.18	61.41	3.74
2002	283	21	15.67	28.13	249.45	0.99	59.73	4.15
2002	284	20.94	13.77	30.22	232.79	0.49	52.05	4.22
2002	285	20.94	14.73	29.52	203.63	0.97	56.54	4.1
2002	286	21.28	14.1	29.85	229.9	0.08	50.93	4.09
2002	287	21.21	14.19	29.95	267.38	0.15	53.17	4.59
2002	288	21.82	15.09	30.86	264.03	1.09	56.55	4.46
2002	289	21.46	15.28	29.55	232.44	1.27	62.76	4.9
2002	290	21.62	15.58	29.95	262.41	1.18	60.34	4.48
2002	291	21.38	14.94	30.02	268.66	0.82	56.17	4.08
2002	292	21.84	15.24	30.81	307.41	0.21	52.3	4.15
2002	293	22.14	15.19	31.19	286.94	0.66	52.24	4.37
2002	294	21.41	15.54	29.55	252.46	1.55	61.34	4.88
2002	295	20.56	13.74	28.76	254.89	3.21	68.34	5.25
2002	296	20.63	16.24	27.59	120.79	7.7	72.88	5.5
2002	297	20.66	15.13	28.24	145.78	2.09	67.43	4.2
2002	298	21.17	15.39	29.72	288.67	1.55	56.59	4.01
2002	299	21.1	15.96	28.7	229.55	3.84	66.69	4.7
2002	300	20.77	15.54	28.12	187.43	5.88	68.72	4.93
2002	301	20.51	14.57	28.03	252.8	3.49	68.26	4.21
2002	302	21.23	15.65	29.23	240.77	11.18	66.45	4.13
2002	303	20.03	16.11	26.05	191.6	9.26	76.63	4.13
2002	304	20.3	15.72	26.96	169.96	11.37	75.77	3.94
2002	305	20.43	15.64	27.46	146.59	5.69	71.09	3.87
2002	306	20.8	15.55	28.61	229.55	0.7	64.83	3.81
2002	307	21.51	15.61	29.51	251.18	1.34	63.93	3.67
2002	308	21.7	16.41	29.08	216.13	4.83	69.07	3.64
2002	309	21.24	17.3	27.62	250.37	7.85	74.1	4.32
2002	310	20.64	16.75	26.63	175.4	13.37	77.67	3.99
2002	311	19.75	17.01	24.17	224.92	5.94	81.88	3.34
2002	312	19.07	15.05	24.79	201.2	1.59	71.07	2.98
2002	313	20.66	14.36	29.4	268.66	0.44	62.42	2.1
2002	314	20.9	15.43	27.95	239.04	2.01	71.25	2.81
2002	315	21.78	17.2	28.89	217.86	2.96	67.37	3.38
2002	316	21.17	17.06	27.85	221.57	1.58	71.46	3.5
2002	317	20.92	16.54	27.22	212.89	5.11	74.3	2.39
2002	318	20.78	17.14	26.54	216.13	8.66	76.72	2.9
2002	319	20.85	16.66	26.81	208.72	8.13	77.18	3.04
2002	320	20.6	17.34	26.41	174.94	3.86	77.56	3.37
2002	321	20.79	16.4	27.28	153.65	1.76	73.34	3.1
2002	322	20.37	16.95	26.29	222.84	4.11	76.82	3.48
2002	323	20.8	16.26	27.65	244.47	2.99	73.08	3.67
2002	324	20.72	16.4	27.32	173.32	4.29	74.78	3.8
2002	325	21.23	16.27	28.53	231.63	2.92	71.16	3.29
2002	326	21.05	17.14	27.2	228.28	1.34	74.57	3.86
2002	327	21.36	16.33	28.61	245.75	0.88	70.83	3.82
2002	328	21.07	16.57	27.91	250.37	0.63	72.26	3.56
2002	329	21.39	15.79	29.35	263.68	1.94	68.92	3.11
2002	330	21.32	16.26	28.68	291.56	2.16	71.31	3.64
2002	331	21.3	16.48	28.45	230.71	0.4	69.81	4.12
2002	332	20.93	16.05	27.86	229.9	0.36	69.69	4.02
2002	333	20.76	16.11	27.25	236.61	0.4	70.75	4.27
2002	334	21.05	16.14	28.38	225.73	0.23	67.57	3.75
2002	335	21.27	15.78	28.51	206.99	0.6	67.53	2.95
2002	336	21.34	16.29	28.52	246.21	2.82	70.48	3.19
2002	337	21.53	16.71	28.67	223.3	2.56	70.29	3.8
2002	338	20.08	16.66	25.01	174.13	3.86	79.2	3.65
2002	339	20.46	17	26.71	182	4.45	78.55	3.95
2002	340	20.46	16.43	27.28	146.59	4.55	75.98	3.61
2002	341	20.78	16.33	27.53	216.59	3.62	73.89	4.01
2002	342	20.55	16.43	27.59	245.75	3.32	74.44	4.02
2002	343	20.08	15.67	26.31	142.89	5.45	78.7	4.36
2002	344	21.01	15.95	28.18	221.57	1.08	72.54	4.16
2002	345	21.19	16.6	28.12	234.87	1.13	73.85	4.42
2002	346	21.38	16.44	28.6	234.06	2.63	72.92	4.26
2002	347	21.54	16.88	28.56	282.77	6.81	73.13	3.88
2002	348	21.3	16.89	27.47	219.48	2.77	75.87	3.78
2002	349	21.46	17.28	28.07	238.69	6.14	74.29	3.76
2002	350	21.44	16.96	27.78	266.57	1.39	74.42	3.67
2002	351	21.18	17.19	27.08	265.76	1.02	75.71	3.41
2002	352	21.15	16.53	28.21	305.33	2.7	74.5	3.46
2002	353	20.87	16.81	26.94	294.92	4.95	77.1	3.21
2002	354	21.28	17.39	27.37	229.55	7.54	76.56	2.21
2002	355	19.82	17.58	23.62	174.48	10.42	85.66	2.02
2002	356	20.83	17.03	26.41	249.91	5.05	77.99	1.64
2002	357	21.08	16.94	27.2	211.62	6.97	77.71	2.2
2002	358	20.1	17.27	24.2	206.18	3.44	80.22	1.08
2002	359	19.94	15.08	25.39	168.23	5.51	78.16	1.34
2002	360	20.25	16.81	25.3	217.86	3.74	80.17	2.23
2002	361	20.61	16.22	26.77	141.15	3.63	78.56	2.68
2002	362	20.13	16.57	25.39	188.24	3.06	79.79	1.48
2002	363	20.19	16.65	25.38	233.25	3.47	80.12	2.52
2002	364	19.88	16.73	24.38	236.14	1.89	83.26	3.43
2002	365	20.16	16.33	25.86	212.89	3.24	79.98	4.28
2003	1	20.07	14.82	27.21	219.48	1.1	73.52	3.42
2003	2	20.48	14.78	27.57	256.16	1.21	71.92	3.25
2003	3	20.59	15.21	27.59	233.71	1.64	73.61	3.1
2003	4	20.95	15.48	27.86	214.97	2.68	73.87	2.66
2003	5	20.82	15.91	27.19	219.14	3.42	75.05	2.79
2003	6	20.38	15.42	27	209.88	0.59	72.57	4.59
2003	7	19.5	14.38	26.97	229.55	0.15	67.04	4.65
2003	8	20.01	12.85	28.11	265.3	0.02	63.74	3.78
2003	9	20.96	13.49	29.49	292.03	0.04	62.2	3.06
2003	10	21.6	14.51	30.08	258.71	0.24	61.74	3.18
2003	11	21.06	14.69	29.17	289.02	0.08	61.21	3.95
2003	12	20.28	13.59	28.64	269.47	0.02	58.21	4.52
2003	13	19.38	11.64	29.09	316.56	0	48.71	3.88
2003	14	19.84	11.33	29.63	324.89	0	47.67	3.47
2003	15	20.87	13.12	29.84	324.42	0	52.72	4.03
2003	16	21.25	13.64	29.49	310.77	0.21	58.69	3.91
2003	17	21.85	15.67	29.86	293.18	0.49	63.86	3.68
2003	18	21.17	16.09	27.91	246.21	0.26	68.55	4.19
2003	19	21.28	15.96	28.32	239.96	0.09	66.36	4.14
2003	20	21.07	15.04	28.96	251.18	0.36	63.03	3.53
2003	21	21.07	14.13	29.5	272.01	0.17	57.39	3.71
2003	22	21.42	15.05	29.36	280.34	0.17	62.19	3.78
2003	23	21.4	15.15	29.67	295.27	0.23	61.71	3.87
2003	24	21.76	14.47	30.53	320.26	0.09	56.74	3.63
2003	25	22.21	14.16	31.97	329.51	0.03	48.7	3.31
2003	26	22.44	14.55	32.2	321.18	0	47.72	3.18
2003	27	22.36	14.46	32.05	329.05	0	48.15	3.49
2003	28	22.29	14.05	32.16	328.24	0	44.83	3.81
2003	29	22.13	13.78	31.94	336.11	0	43.14	3.96
2003	30	21.66	13.13	31.96	338.65	0	38.3	4.04
2003	31	21.56	13.58	30.72	340.27	0	41.12	4.18
2003	32	22.38	13.53	31.85	330.67	0	36.1	4.7
2003	33	21.24	13.6	30.61	329.51	0	44.94	4.96
2003	34	21.13	12.89	30.84	336.11	0	44.67	4.3
2003	35	21.93	12.9	32.35	338.65	0	39.11	3.44
2003	36	23.91	14.11	33.92	311.93	0.21	40.89	2.55
2003	37	24.26	16.05	32.72	266.11	0.55	45.68	2.79
2003	38	24.53	17.34	32.67	305.68	0.37	47.39	3.66
2003	39	23.3	17.62	30.6	268.19	0.79	57.06	4.1
2003	40	23.3	16.36	32.12	329.86	0.26	47.15	3.81
2003	41	24.37	15.99	33.69	291.56	0.48	42.16	2.7
2003	42	24.13	17.38	32.96	246.21	3.72	46.03	2.67
2003	43	23.1	17.12	32.02	255.35	9.25	57.26	2.9
2003	44	22.34	17.16	29.95	243.2	3.18	61.5	2.14
2003	45	22.73	16.22	31.68	214.97	5.09	57.57	2.66
2003	46	23.01	16.11	32.12	294.92	2.71	55.51	2.39
2003	47	23.13	16.27	31.82	296.19	0.97	57.04	3.56
2003	48	22.73	15.09	31.72	328.59	0.02	52.44	4.01
2003	49	22.04	14.73	31.1	326.51	0.3	53.23	4.23
2003	50	22.12	14.46	31.36	333.22	0.12	48.43	4.15
2003	51	21.64	15.12	29.59	339	0	51.25	3.81
2003	52	21.87	15.13	30.73	295.27	0	53.89	4.3
2003	53	21.9	14.03	31.22	316.09	0	45.8	4.29
2003	54	22.9	14.2	32.72	329.51	0	41.71	4.02
2003	55	23.43	15.02	32.55	319.45	0	49.08	3.86
2003	56	23.2	15.94	31.58	280.34	0.32	51.32	4.4
2003	57	23.21	15.79	32.07	293.65	0.18	49.61	4.11
2003	58	23.17	15.1	31.86	302.44	0.23	49.88	3.71
2003	59	23.61	15.93	32.63	293.65	0.19	48.37	3.57
2003	60	23.47	16.52	32.21	310.31	0.25	46.72	3.66
2003	61	23.01	15.15	32.21	326.16	0.35	44.97	4.1
2003	62	21.86	14.52	30.28	275.71	0.02	49.3	4.69
2003	63	22.5	13.75	32.21	335.3	0.02	38.32	4.29
2003	64	22.98	14.61	32.45	330.67	0.01	39.28	4.18
2003	65	23.46	15.39	32.38	312.85	0.08	47.59	3.96
2003	66	23.76	16.38	32.58	291.56	0.14	51.73	4.25
2003	67	24.11	16.68	33.4	307.41	0.06	48.87	3.93
2003	68	24.56	16.9	34.05	296.54	0.12	46.14	3.59
2003	69	24.54	16.74	33.48	304.06	0.04	45.24	3.82
2003	70	24.73	16.95	33.97	289.94	0.11	44.66	3.69
2003	71	24.99	16.92	34.29	298.62	0.31	42.08	3.35
2003	72	23.81	17.65	30.83	294.11	0.31	46.22	3.12
2003	73	24.19	16.65	32.71	260.33	0.15	50.44	4.31
2003	74	23.81	17.49	31.53	258.24	0.16	56.25	5.08
2003	75	23.75	17.21	32.43	270.74	0.17	47.52	4.66
2003	76	23.76	15.87	32.86	304.52	1.55	46.09	4.2
2003	77	23.35	15.73	32.05	276.18	0.28	49.59	4.17
2003	78	23.65	16.7	32.28	284.51	0.08	49.77	4.36
2003	79	23.72	16.47	32.45	267.85	0.1	49.19	4.08
2003	80	24.45	15.5	33.41	312.39	0.08	44.06	3.46
2003	81	24.3	17.34	32.33	259.52	2.03	54.87	3.62
2003	82	23.62	18.26	30.99	275.71	6.32	60.88	3.33
2003	83	22.71	17.65	29.61	230.71	2.26	64.82	3.48
2003	84	22.82	17.78	29.76	255.7	1.69	65.82	3.86
2003	85	21.71	18.08	28.49	219.14	7.61	71.1	4.61
2003	86	21.77	17.11	28.59	190.79	2.15	68.92	3.75
2003	87	22.61	16.37	31.17	279.88	1.47	60.43	4.02
2003	88	21.77	17.52	28.77	272.36	6.59	70.24	3.43
2003	89	21.5	16.83	28.66	173.32	7.04	70.66	2.29
2003	90	22.08	15.89	30.63	248.64	0.74	60.3	3.23
2003	91	22.39	16.74	30.73	247.37	1.3	62.24	3.68
2003	92	22.46	16.76	30.34	259.86	0.46	63.79	3.99
2003	93	22.39	16.49	30.4	244.47	1.4	64.6	4.17
2003	94	23.05	16.8	30.92	242.04	1.03	64.05	4
2003	95	23.37	17.48	31.63	257.43	0.77	59.93	3.69
2003	96	23.67	16.47	32.53	321.99	0.02	53.04	3.12
2003	97	23.56	16.78	32.19	284.85	0.01	55.01	3.93
2003	98	22.73	17.13	30.65	267.85	0	58.32	4.61
2003	99	22.36	15.67	30.49	293.65	0	59.5	4.2
2003	100	23.06	16.8	31.66	314.01	0	55.89	4.01
2003	101	22.41	14.24	31.87	320.26	0.23	48.29	3.65
2003	102	23.1	16.52	31.32	259.52	0.67	58.86	3.88
2003	103	23.56	16.73	31.59	259.86	0.17	52.46	3.88
2003	104	23.02	16.38	31.89	222.38	3.67	58.23	3.71
2003	105	22.14	16.39	29.83	230.36	4.38	66.89	4.5
2003	106	21.45	16.42	28.44	176.56	4.36	71.35	4.25
2003	107	22.06	17.24	29.36	193.68	2.75	68.28	4.22
2003	108	22.34	16.82	30.2	158.74	2.75	67.08	3.97
2003	109	21.66	16.66	29.18	216.13	2.89	67.34	3.96
2003	110	21.5	16.6	29.03	187.9	2.19	69.67	3.27
2003	111	21.78	17.36	28.79	179.57	5.98	72.6	3.61
2003	112	21.76	17.2	28.56	179.57	9.48	71.51	2.1
2003	113	22.03	16.65	29.36	159.9	9.99	69.07	2.7
2003	114	20.96	15.2	28.15	246.21	0.88	66.41	3.44
2003	115	20.98	17.01	27.22	265.76	3.62	72.08	3.29
2003	116	21.28	16.31	28.35	196.57	2.82	67.77	2.43
2003	117	22.31	15.71	30.44	228.28	14.57	63.51	1.78
2003	118	20.82	17.59	26.36	205.71	23.71	78.08	2.4
2003	119	19.9	16.97	24.21	192.41	13.68	80.63	1.46
2003	120	20.31	16.17	25.69	181.19	20.17	79.29	2.03
2003	121	19.11	17.06	22.64	117.09	15.68	87.58	1.54
2003	122	19.36	16.69	24.03	171.24	6.62	84.69	2.66
2003	123	18.37	16.57	21.49	149.48	13.6	88.29	1.65
2003	124	20.14	16.18	25.73	136.99	17.7	82.18	1.81
2003	125	19.11	16.93	22.33	186.16	5.46	87.59	1.47
2003	126	19.58	16.12	24.33	159.9	9.08	82.66	1.35
2003	127	20	15.87	25.59	166.15	14.14	84.55	2.43
2003	128	19.59	15.22	25.04	121.6	17.62	82.84	2
2003	129	20.2	15.25	25.95	256.97	8.75	79.84	1.05
2003	130	20.36	16.12	26.03	203.28	11.02	82.52	2
2003	131	20.54	16.72	25.94	224.11	3.66	83.49	1.96
2003	132	20.13	17.04	24.92	196.23	5.04	85.5	2.87
2003	133	20.18	16.59	25.17	217.05	3.1	84.18	2.16
2003	134	19.88	16	25.52	211.62	5.24	80.16	2.78
2003	135	19.43	15.1	24.93	198.66	5.32	81.44	2.58
2003	136	19.31	15.02	24.95	226.19	3.39	79.37	2.45
2003	137	19.3	14.06	25.29	220.29	1.02	79.91	2.58
2003	138	19.53	15	25.27	197.85	1.84	81.39	2.9
2003	139	19.33	14.86	25.01	157.47	2.18	81.79	3.31
2003	140	19.19	14.68	24.8	178.29	1.2	80.69	3.34
2003	141	18.72	15.89	22.2	122.87	5.38	89.83	3.18
2003	142	19.49	16.41	24.61	139.07	2.05	83.85	3.63
2003	143	19.32	15.67	24.99	180.72	3.33	83.39	3.78
2003	144	18.92	14.64	24.26	129.93	3.1	84.32	2.88
2003	145	19.83	15.47	25.61	209.53	3.22	82.66	3.23
2003	146	19.93	15.55	25.59	193.22	4.72	82.66	3.37
2003	147	19.67	16.29	24.49	182.81	3.68	84.01	3.59
2003	148	19.54	16.38	24.41	204.56	1.55	83.61	3.43
2003	149	18.9	15.1	24.02	166.61	2.71	84.76	3.64
2003	150	18.13	14.27	23.25	112	2.23	85.6	3.99
2003	151	18.44	14.55	23.61	169.96	1.39	82.7	3.7
2003	152	18.47	14.66	24.23	206.18	0.5	78.77	3.05
2003	153	18.74	14.65	24.61	231.63	0.75	79.09	2.52
2003	154	19.41	14.52	25.69	207.45	1.13	78.3	2.27
2003	155	19.49	15.17	26.05	191.6	0.57	77.82	2.6
2003	156	19.4	14.9	25.65	207.45	0.82	77.68	2.5
2003	157	19.39	14.62	25.65	193.22	0.28	77.01	2.33
2003	158	19.41	15.1	25.2	142.89	1.82	80.8	2.43
2003	159	19.52	15.81	25.33	182.81	1.47	80.64	2.56
2003	160	19.81	15.35	25.94	171.58	1.02	78.14	2.1
2003	161	19.22	13.91	26.13	251.99	0.45	72.38	2.05
2003	162	17.99	11.75	25.77	277.8	0.03	65.77	2.16
2003	163	17.91	12.44	24.78	233.71	0.9	75.7	2.35
2003	164	18.22	13.49	24.93	205.71	0.27	73.73	2.48
2003	165	18.26	12.28	25.67	220.29	0.08	68.33	2.16
2003	166	18.16	13.5	24.06	133.29	0.38	75.68	2.29
2003	167	17.69	14.62	22.99	120.33	1	79.85	2.59
2003	168	18.39	13.8	24.84	117.44	0.26	73.54	2.39
2003	169	18.08	13.05	24.85	141.15	0.05	69.66	2.41
2003	170	17.9	11.61	25.61	199.12	0.34	69.05	2.8
2003	171	18.72	13.46	25.51	166.15	0.35	74.02	3.18
2003	172	18.8	13.85	25.45	226.54	0.17	72.8	3.46
2003	173	18.38	12.49	25.12	220.29	0.3	71.04	3.52
2003	174	18.86	13.84	25.78	219.95	0.23	76.19	3.95
2003	175	18.63	13.34	25.55	200.39	0.1	72.53	3.62
2003	176	18.44	13.11	25.48	193.22	0.08	68.35	3.1
2003	177	17.88	13.09	23.61	133.75	0.09	72.93	2.61
2003	178	18.29	13.41	24.94	139.07	0.35	74.16	2.55
2003	179	18.49	13.94	25.24	145.32	0.4	71.31	2.87
2003	180	18.32	13.61	25.43	157.47	0.16	69.84	3.05
2003	181	18.33	13.11	25.96	207.8	0.39	68.51	3.08
2003	182	18.74	12.64	26.46	211.62	0.34	66.59	2.88
2003	183	19.08	13.84	26.48	228.62	0.52	67.78	2.79
2003	184	19.04	12.81	27.06	242.39	0.59	66.68	3.09
2003	185	19.14	14.11	25.9	207.8	0.58	69.8	2.5
2003	186	18.85	14.32	25.16	60.86	1.18	71.02	2.53
2003	187	17.72	12.75	24.19	57.5	0.51	67.12	2.66
2003	188	17.12	10.22	24.93	181.65	0.02	60.13	3.04
2003	189	16.92	10.6	25.14	133.29	0	56.74	2.92
2003	190	17.67	10.26	26.11	230.36	0.01	58.95	3.5
2003	191	18.03	11.7	25.65	70	0.57	71.08	3.61
2003	192	18.37	13.19	25.08	145.78	0.4	68.66	3.86
2003	193	18.4	12.85	25.97	155.73	0.13	65.83	3.22
2003	194	18.86	12.27	26.68	178.29	0.05	59.37	3.69
2003	195	18.82	13.42	26.15	173.67	0.18	64.89	3.3
2003	196	18.52	13.63	25.66	109.11	0.14	64.1	2.92
2003	197	18.17	12.71	25.65	134.1	0.14	63.12	2.77
2003	198	18.16	12.23	26.55	111.65	0.09	61.94	2.38
2003	199	18.7	12.64	26.16	158.74	0.33	62.48	2.47
2003	200	19.83	13.79	28.3	264.49	0.1	59.75	2.9
2003	201	20.29	13.79	28.19	202.48	0.2	60.86	2.16
2003	202	20.27	14.53	27.99	245.75	0.12	61.39	3.37
2003	203	20.16	14.27	28.06	184.89	0.05	61.37	2.9
2003	204	19.32	12.47	28.24	276.52	0.01	54.63	2.79
2003	205	18.95	12.3	27.88	170.77	0.02	56.96	2.24
2003	206	19.39	12.56	27.83	154.92	0.07	57.56	2.18
2003	207	19.31	13.5	26.68	173.32	0.17	61.27	2.53
2003	208	19.43	13.39	27.65	169.15	0.13	60.23	2.43
2003	209	19.65	12.86	28.15	116.16	0.17	60.94	2.41
2003	210	20.14	13.69	28.71	273.28	0.15	59.8	2.17
2003	211	19.64	12.79	29.01	193.22	0.22	52.92	2.19
2003	212	18.74	11.51	28.28	142.89	0.03	50.46	2.87
2003	213	18.87	12.54	27.76	105.75	0.58	56.52	2.85
2003	214	18.6	12.52	25.56	192.87	0.21	61.04	2.43
2003	215	18.44	13.22	25.74	84.58	0.85	62.67	3.33
2003	216	17.8	13.03	24.8	80.76	0.76	66.79	3.54
2003	217	17.66	12.29	25.38	82.03	0.28	64.54	3.48
2003	218	17.9	12	26.14	86.66	0.17	60.46	3.52
2003	219	18.13	11.08	26.71	186.97	0	49.67	3.19
2003	220	18.63	11.67	26.87	197.38	1.02	64.51	4.1
2003	221	19.46	14.1	26.94	163.72	0.7	66.98	4.4
2003	222	19.51	13.76	27	132.48	0.95	65.19	3.64
2003	223	19.44	13.64	26.84	148.33	1.12	64.26	3.21
2003	224	19.79	13.79	27.82	172.05	0.44	62.58	2.97
2003	225	20.2	13.83	28.08	233.25	1.03	60.4	2.31
2003	226	21.12	13.6	30.74	290.75	2.08	57.36	2.93
2003	227	20.47	14.14	28.87	241.58	2.81	59.51	2.4
2003	228	20.27	13.27	29.34	199.93	0.47	53.95	2.35
2003	229	19.87	12.4	28.36	226.19	0.75	53.44	2.12
2003	230	20.03	13.46	27.75	160.82	0.52	58.44	2.5
2003	231	20.04	13.82	27.91	244.47	0.2	57.71	3.2
2003	232	20.64	14.16	28.35	179.1	1.01	60.43	2.87
2003	233	20.28	15.2	27.02	148.67	3.62	66.02	3.36
2003	234	19.39	14.21	25.98	84.58	0.7	62.29	3.94
2003	235	19.53	13.72	27.02	157	0.21	58.23	3.52
2003	236	19.27	12.73	25.93	197.04	0.44	60.25	2.53
2003	237	20.55	14.18	28.63	192.41	2.02	61.34	2.29
2003	238	20.78	14.52	28.8	229.9	3.43	65.26	2.04
2003	239	18.9	15.12	23.83	181.65	2.84	71.73	2.39
2003	240	19.09	12.8	28.04	307.76	0.14	48.25	3.58
2003	241	18.57	10.67	28.17	326.16	0	49.44	2.79
2003	242	19.33	12.28	28.42	294.46	0.09	52.45	2.87
2003	243	19.39	11.41	28.45	272.01	0.02	53.52	3.35
2003	244	19.84	13.55	28.33	156.2	0.27	57.29	4.65
2003	245	19.29	13.63	26.57	164.99	0.49	63.39	4.68
2003	246	19.3	12.38	27.57	167.07	0.22	58.7	4.47
2003	247	20.4	13.37	29.35	268.66	0.3	58.58	3.97
2003	248	21.17	13.98	29.95	261.94	0.21	55.36	3.29
2003	249	22.05	14.17	31.41	256.62	0.3	51.52	3.13
2003	250	20.79	15.15	28.44	171.58	1.99	61.95	3.86
2003	251	20.53	14.55	28.05	191.14	0.13	55.86	3.64
2003	252	20.21	13.27	28.65	237.88	0.15	54.65	3.84
2003	253	20.03	13.51	27.25	196.57	0.36	56.66	3.34
2003	254	21.54	14.33	29.65	242.39	0.46	55.1	3.62
2003	255	21.66	15.2	29.59	206.99	0.46	54.11	4.37
2003	256	21.86	14.87	30.3	262.87	0.73	52.43	3.56
2003	257	21.48	15.43	29.02	218.67	0.35	50.81	3.77
2003	258	21.05	14.06	29.09	259.05	0.09	46.87	3.75
2003	259	20.69	14.46	28.41	200.39	0.76	57.46	4.67
2003	260	20.45	14.83	28.2	164.53	2.52	63.99	5.04
2003	261	20.31	14.12	28.58	202.01	0.57	64.29	4.9
2003	262	20.63	14.01	28.68	251.18	0.17	59.52	4.95
2003	263	21.17	13.01	30.17	308.69	0.09	52.71	4.55
2003	264	21.61	15.34	29.72	288.21	0.9	59.29	4.61
2003	265	21.99	15.47	30.67	267.38	0.21	52.75	4.44
2003	266	21.79	15.08	30.8	301.17	0.04	50.93	4.49
2003	267	21.29	13.47	29.9	291.56	0.08	52.85	4.28
2003	268	21.61	14.85	30.34	241.12	0.09	53.3	4.61
2003	269	21.17	13.6	30.21	280.69	0.01	48.07	4.83
2003	270	20.84	12.53	29.65	265.3	0.09	50.46	4.76
2003	271	21.02	13.85	29.97	247.02	0.3	52.58	4.89
2003	272	21.2	13.78	29.82	310.31	0.19	51.6	4.47
2003	273	20.64	13.91	29.13	124.96	0.19	53.79	4.65
2003	274	20.48	13.56	28.51	185.81	0.12	54.96	4.15
2003	275	20.5	14.63	27.73	161.17	0.77	60.87	4.37
2003	276	20.88	15.21	28.05	202.48	1.64	62.13	4.1
2003	277	21.1	15.64	28.61	213.24	1.79	59.52	4.45
2003	278	21.41	14.65	29.87	256.97	0.24	55.42	4.42
2003	279	22.03	14.72	30.99	288.21	0.12	50.55	4.13
2003	280	22.46	15.64	31.43	277.45	0.26	54.27	4.44
2003	281	22.24	15.34	31.16	291.1	0.25	51.6	3.97
2003	282	21.56	14.2	31.3	264.03	0.12	45.91	3.86
2003	283	21.33	12.81	31.63	317.37	0	40	3.95
2003	284	21.89	14.27	31.69	297	0.06	45.39	3.71
2003	285	22.95	14.76	32.42	276.18	0.08	44.89	2.9
2003	286	22.06	14.04	30.58	234.87	0	41.29	3.49
2003	287	22.27	14.33	31.51	336.11	0	47.21	3.76
2003	288	22.74	15.34	31.38	308.22	0.07	48.04	3.73
2003	289	23.05	15.41	31.79	291.1	0.61	52.99	4.01
2003	290	23.06	17.26	30.93	218.21	2.65	59.56	4.38
2003	291	22.06	17.13	28.42	217.86	1.05	63.71	4.35
2003	292	22.22	16.6	29.96	244.94	1.24	55.59	4.69
2003	293	21.77	15.56	29.95	236.61	0.77	55.65	4.68
2003	294	21.84	15.43	30.2	225.73	2.35	58.76	4.78
2003	295	21.37	16.51	28.72	194.14	6.29	67.44	5.01
2003	296	20.89	14.11	29.17	212.89	2.59	62.08	4.8
2003	297	20.87	16.04	28.01	149.14	9.13	70.17	4.9
2003	298	21.17	15.58	28.77	219.95	4.4	68.47	4.28
2003	299	21.19	16.44	28.27	208.72	3.09	70.11	4.01
2003	300	21.41	16.09	28.81	249.91	2.63	66.9	4.36
2003	301	20.68	14.77	28.18	170.31	3.47	69.46	4.73
2003	302	20.42	15.37	27.5	117.9	3.12	71.46	4.48
2003	303	20.58	16.12	27	180.72	2.54	73.2	4.47
2003	304	20.88	16.38	27.55	168.69	4.88	72.56	4.06
2003	305	20.68	16.58	26.72	229.9	5.02	74.23	3.85
2003	306	20.13	17.18	25.2	152.49	4.13	77.59	3.47
2003	307	20.55	16.63	26.86	198.31	1.6	74.37	4.05
2003	308	20.54	16.65	26.47	164.99	1.02	73.13	4.6
2003	309	20.79	16.21	27.46	192.06	3.51	72.15	4.65
2003	310	20.83	16.08	27.58	208.26	2.73	72.1	4.5
2003	311	21.94	16.07	29.94	294.46	0.76	64.29	4.06
2003	312	21.74	15.98	29.94	251.18	0.25	59.4	4.01
2003	313	21.68	15.49	29.55	321.18	0.66	63.86	3.51
2003	314	21.54	16.07	29.14	220.29	0.61	65.9	4.11
2003	315	21.53	15.93	29.9	271.55	0.36	61	4.26
2003	316	21.28	15.28	29.33	244.94	1.99	64.81	3.91
2003	317	21.95	16.54	29.46	235.33	3.3	66.8	3.54
2003	318	21.66	17.03	28.63	199.47	4.77	70.22	3.84
2003	319	21.37	15	29.81	214.51	2.65	57.59	3.31
2003	320	21.06	14.71	29.41	280.34	0.96	62.52	3.47
2003	321	21.39	15.29	29.83	244.13	1.29	60.71	3.78
2003	322	21.26	14.98	29.91	291.1	1.04	58.42	3.87
2003	323	21.21	15.32	28.93	206.64	2.13	65.51	3.95
2003	324	21.37	16.27	28.78	146.59	5.75	68.26	4.13
2003	325	20.96	16.51	27.74	163.25	6.85	73.37	4.3
2003	326	20.84	16.66	27.34	140	3.05	75.03	4.12
2003	327	21.11	16.93	27.37	214.97	2.63	71.44	3.53
2003	328	21.19	15.84	28.55	229.9	5.18	70.89	3.32
2003	329	21.05	16.87	27.43	245.28	3.33	74.73	4.27
2003	330	21.14	16.76	27.56	242.39	4.56	75.11	4.26
2003	331	21.39	17.14	27.74	228.62	2.79	74.26	4.16
2003	332	21.6	16.86	28.36	246.21	2.12	72.13	3.55
2003	333	21.68	17.07	28.78	221.57	1.68	71.25	3.97
2003	334	21.44	16.48	29.18	236.14	1.63	67.42	3.6
2003	335	21.4	16.47	28.49	222.38	2.58	71.71	3.79
2003	336	21.23	16.69	27.85	203.28	3.71	74.12	4.3
2003	337	21.4	16.95	27.91	244.13	2.16	73.3	4.34
2003	338	21.67	16.47	28.94	194.14	1.08	69.57	3.65
2003	339	21.75	16.32	29.03	223.3	1.64	69.39	3.58
2003	340	21.84	16.07	29.94	232.44	0.59	62.27	3.09
2003	341	22.13	16.09	30.11	237.88	0.97	64.12	2.92
2003	342	21.99	16.34	29.62	239.04	1	66.87	3.68
2003	343	20.86	17.35	26.2	134.56	1.97	77.32	3.97
2003	344	20.93	15.78	28.54	182.81	5.72	70.83	3.96
2003	345	20.12	15.6	25.94	289.94	4.23	77.43	4.02
2003	346	20.77	16.12	27.33	265.76	0.42	71.49	4.32
2003	347	19.86	13.76	27.88	300.7	0.19	56.36	4.27
2003	348	19.53	13.48	27.99	319.1	0.02	56.1	4.62
2003	349	19.33	12.01	28.3	317.02	0.01	54.99	4.21
2003	350	19.72	12.01	28.93	316.56	0.09	52.12	4.02
2003	351	20.64	12.78	30.23	301.98	0.91	54.18	3.32
2003	352	21.05	14.21	29.55	278.26	2.02	62.63	3.58
2003	353	21.48	15.59	29.59	255.7	1.16	64.77	3.9
2003	354	21.7	15.95	29.54	253.27	1.15	65.53	3.8
2003	355	21.61	15.87	29.24	265.3	1.65	66.6	4.27
2003	356	21.69	16.49	28.92	268.19	0.71	65.95	4.61
2003	357	21.25	15.31	28.72	255.7	0.44	65.87	4.85
2003	358	20.65	15	28.6	274.9	0.21	60.62	4.96
2003	359	20.24	12.57	29.18	318.64	0.01	51.79	4.47
2003	360	21.08	13.32	30.76	318.18	0.1	44.7	3.67
2003	361	21.12	13.3	30.83	316.09	0.14	41.63	3.84
2003	362	20.67	13.03	30.41	301.51	0.13	46.16	3.94
2003	363	20.54	12.79	29.81	307.41	0.12	47.38	4.43
2003	364	20.75	13.22	29.03	264.95	0.41	59.83	4.7
2003	365	21.8	16.06	29.43	172.86	0.57	66.15	4.61
2004	1	21.95	17.02	29.34	197.04	2.08	66.68	4.83
2004	2	22.31	16.87	30.17	249.1	2.13	65.42	4.7
2004	3	22.1	17.37	29.24	228.62	2.01	70.28	4.24
2004	4	21.11	17.57	27.3	214.51	4.12	74.45	4.17
2004	5	21.41	17.01	28.16	227.81	1.33	71.54	4.46
2004	6	21.73	16.78	29.07	246.21	0.4	70.8	4.51
2004	7	21.51	16.5	28.61	212.43	0.72	66.16	4.41
2004	8	21.86	16.03	29.15	228.62	1.04	65.99	4.15
2004	9	21.82	16.76	29.25	254.89	2.66	68.97	4.37
2004	10	22.16	15.51	30.28	305.68	0.68	61.56	4.14
2004	11	22.65	17.63	29.81	227.47	0.81	59.73	4.89
2004	12	22.23	15.61	30.31	259.52	0.4	62.24	4.65
2004	13	22.06	17.31	29.37	197.04	3.71	70.26	4.21
2004	14	21.47	17.54	27.54	155.39	4.47	75.23	2.22
2004	15	21.36	17.43	27.65	205.71	14.39	77.52	2.24
2004	16	20.52	17.92	25.33	102.86	8.21	82.05	3.6
2004	17	21.47	17.03	28.04	228.62	2.15	74.69	3.96
2004	18	21.77	17.16	28.64	256.97	2.82	72.83	4.25
2004	19	21.73	16.8	29.13	307.76	0.27	67.83	4.04
2004	20	22.09	15.65	30.61	322.34	0.73	62.1	3.94
2004	21	21.7	15.72	29.58	278.26	0.26	66.21	3.63
2004	22	22.06	15.36	30.51	323.27	0.14	60.37	2.92
2004	23	22.95	15.09	32.14	304.06	2.31	55.1	2.06
2004	24	21.97	16.78	29	227	3.95	67.31	2.09
2004	25	22.63	16.97	30.65	279.07	0.05	64.6	2.97
2004	26	22.42	17.16	29.79	289.02	0.03	63.99	3.92
2004	27	22.44	15.73	30.92	311.12	0.02	58.53	3.76
2004	28	22.49	14.11	32.13	325.7	0	49.39	3.44
2004	29	22.87	15.91	31.69	263.68	0.01	49.44	3.69
2004	30	22.56	16.08	31.16	263.68	0.04	53.92	3.5
2004	31	21.86	15.98	30.13	272.36	1.32	57.05	3.38
2004	32	22.48	17.17	30.57	297.35	2.12	57.95	2.04
2004	33	22.55	17.01	29.6	220.76	4.87	61.82	1.58
2004	34	22.35	17.32	29.51	224.46	4.28	66.59	1.76
2004	35	21.14	18.12	26.02	239.04	9.05	77.95	0.81
2004	36	22.45	16.89	31.08	248.64	1.6	61.25	2.31
2004	37	22.77	16.32	30.81	271.2	1.48	59.35	2.98
2004	38	21.85	16.46	29.12	247.02	1.69	66.4	3.83
2004	39	21.46	15.88	29.15	230.71	1.81	69.23	4.78
2004	40	21.13	16.94	27.74	156.2	0.99	73.17	5.66
2004	41	21.27	16.69	28.31	217.4	0.13	67.78	5.46
2004	42	21.32	16.03	28.97	200.74	0.07	64.25	4.85
2004	43	21.16	14.31	29.54	296.54	0.06	59.22	4.35
2004	44	21.9	14.23	30.46	306.95	0.07	55.96	3.81
2004	45	22.56	15.63	30.68	314.47	0.5	59.53	3.33
2004	46	22.31	16.71	29.93	251.53	3.35	66.24	3.08
2004	47	22.25	16.99	29.77	224.11	2.23	65.05	3.96
2004	48	22.55	16.7	30.48	239.5	1.14	62.31	3.2
2004	49	22.77	16.58	30.62	284.85	1.39	62.5	2.99
2004	50	22.72	17.41	30.84	255.7	2.32	64.4	4.17
2004	51	22.29	16.84	30.47	278.26	1.3	62.11	3.97
2004	52	22.29	15.82	30.88	321.99	2.06	58.83	3.65
2004	53	22.08	16.11	30.3	200.74	7.48	62.62	3.17
2004	54	21.33	16.41	28.37	226.19	2.72	68.03	3.46
2004	55	21.37	16.87	27.89	184.08	1.92	67.95	3.76
2004	56	21.76	16.38	29.7	278.61	0.86	61.59	4.06
2004	57	21.83	14.98	29.55	296.54	0.4	58.21	3.67
2004	58	22.23	16.01	30.56	267.04	1.38	63.13	3.24
2004	59	22.66	16.14	30.34	256.16	0.5	60.33	2.97
2004	60	22.75	16.13	31.3	269.12	1.07	56.98	3.17
2004	61	22.39	16.02	30.24	317.37	1.11	57.91	4.17
2004	62	22.42	15.64	30.66	304.87	0.18	52.93	4.46
2004	63	22.78	15.83	31.3	297.35	0.01	54.2	4.53
2004	64	22.88	15.16	32.34	324.08	0.04	49.93	4.07
2004	65	23.16	15	32.81	332.75	0	44.28	3.37
2004	66	24.5	16.16	34.07	325.35	0.17	40.32	3.14
2004	67	24.4	17.88	33.14	233.71	2.64	42.57	1.9
2004	68	23.07	17.12	31.49	279.53	2.32	49.48	3.16
2004	69	22.23	16.86	29.79	231.98	3.62	63.71	3.51
2004	70	22.63	16.58	30.59	207.45	1.44	62.21	2.9
2004	71	20.94	17.58	26.5	214.97	1.07	75.66	1.16
2004	72	21.68	16.63	28.43	163.72	1.5	64.48	2.39
2004	73	22.01	18.13	28.36	294.92	2.57	68.7	3.09
2004	74	21.73	16.56	29.45	278.26	1.51	61.44	3.93
2004	75	21.57	15.04	31.04	294.11	0.51	54.56	3.7
2004	76	21.7	13.53	31.42	316.56	0.24	50.98	3.17
2004	77	22.86	15.25	31.64	270.28	0.13	55.58	3.39
2004	78	23.65	17.09	31.75	247.37	0.14	57.57	4.07
2004	79	23.64	17.11	31.63	240.31	0.35	54.7	4.09
2004	80	23.36	17.06	31.14	268.19	0.25	59.09	4.36
2004	81	23.7	17.1	32.03	316.56	0.34	54.58	4.21
2004	82	23.75	17.46	32.24	292.03	0.77	56.53	4.35
2004	83	23.87	17.57	32.35	269.47	0.31	55.05	4.33
2004	84	23.6	17.38	31.68	239.04	0.29	56.71	4.05
2004	85	24.23	17.41	32.35	267.04	0.2	54.7	3.58
2004	86	24.15	17.99	31.92	198.66	1.15	57.55	3.48
2004	87	22.97	18.23	28.9	216.59	0.83	62.08	3.35
2004	88	23.07	17.85	31.13	197.38	2.85	63.02	4.5
2004	89	22.85	18.04	30.55	197.04	2.33	67.9	4.41
2004	90	22.77	17.76	30.2	244.94	1.59	66.32	3.76
2004	91	22.41	18.23	29.32	245.75	4.1	69.48	3.7
2004	92	21.74	17.59	28.61	162.44	2.58	69.26	2.89
2004	93	22.24	17.37	30.19	216.59	1.5	67.44	3.9
2004	94	22.45	17.55	30.42	195.3	0.72	61.07	3.94
2004	95	22.52	16.81	30.77	247.37	1.01	61.19	3.9
2004	96	22.41	16.59	30.64	244.47	2.09	62.71	3.63
2004	97	23.18	16.83	31.73	218.21	0.54	58.19	3.57
2004	98	22.31	17.41	29.79	217.4	2.19	66.83	3.88
2004	99	22.57	17.22	30.26	204.09	1.64	64.18	3.71
2004	100	22.45	17.71	30.05	179.57	7.09	68.7	3.39
2004	101	21.76	17.78	27.9	166.61	28.55	74.75	2.72
2004	102	21.51	17.98	27.61	222.03	8.35	77.06	3.01
2004	103	21.17	17.51	27.5	189.05	6.37	76.7	2.95
2004	104	20.95	17.05	27.35	164.06	4.24	75.15	4.27
2004	105	21.01	16.26	28.13	185.81	2.87	67.96	4.26
2004	106	20.92	15.79	28.55	214.97	0.85	64.55	4.11
2004	107	20.96	15.85	28.88	235.33	0.87	64.71	3.84
2004	108	21.68	15.66	29.93	251.99	0.44	61.84	3.18
2004	109	22.55	16.67	30.51	289.94	1.04	64.23	2.73
2004	110	22.31	16.42	29.99	247.37	0.76	66.87	3.44
2004	111	21.65	16.95	28.53	272.36	2.7	72.78	3.6
2004	112	20.91	15.48	27.37	231.98	3.2	72.69	2.77
2004	113	21.99	16.25	29.55	313.2	1.44	67.95	2.72
2004	114	22.35	17.17	30.02	253.61	1.36	69.33	3.35
2004	115	21.19	16.39	28.16	203.63	8.8	74.77	3.51
2004	116	21.34	16.88	28.6	170.31	2.01	68.47	3.26
2004	117	21.73	16.26	29.05	229.09	2.21	70.59	2.77
2004	118	20.86	16.78	27.23	198.66	7.22	76.23	4.57
2004	119	20.71	15.86	27.65	197.04	3.21	71.99	3.51
2004	120	20.65	15.68	27.83	192.06	1.27	69.76	2.21
2004	121	19.93	15.6	25.68	152.03	2.79	73.31	2.3
2004	122	20.35	15.44	26.94	116.63	2.68	72.45	2.14
2004	123	20.66	15.64	27.2	138.26	3.2	72.69	1.9
2004	124	20.28	16.26	26.06	62.94	5.4	76.79	1.61
2004	125	20.58	16.52	26.71	159.9	5.68	75.27	1.8
2004	126	20.91	16.2	27.82	212.43	4.08	74.68	2.25
2004	127	21.03	16.03	27.84	154.92	0.5	70.47	1.66
2004	128	20.89	15.36	28	194.49	0.98	70	1.6
2004	129	21.35	14.56	28.71	252.8	0.9	67.5	0.74
2004	130	21.71	16.68	28.27	260.79	0.61	69.53	1.03
2004	131	20.52	16.83	26.24	256.62	1.28	73.9	1.98
2004	132	21.67	16.29	28.69	262.41	0.34	66.4	1.42
2004	133	21.32	15.99	28.42	197.85	0.1	67.21	2.28
2004	134	21.58	14.99	29.33	225.73	0.11	64.56	2.51
2004	135	21.75	16.22	28.87	210.81	0.21	66.81	2.96
2004	136	21.56	16.07	28.57	201.55	0.1	66.5	2.86
2004	137	21.56	16.07	29.06	227.47	0.39	66.12	2.66
2004	138	21.43	15.49	29.04	285.32	0.23	64.9	2.95
2004	139	21.01	15.77	28.38	181.65	0.56	67.74	3.41
2004	140	20.82	14.86	29.11	254.08	0.31	61.95	2.88
2004	141	20.71	14.62	28.84	261.6	0.03	62.09	2.96
2004	142	20.07	14.47	28.05	254.89	0.13	61.54	2.96
2004	143	19.69	12.9	28.39	237.42	0.04	57.19	3.07
2004	144	19.99	14.34	27.81	178.29	0.08	62.84	2.72
2004	145	20.13	13.84	28.74	220.29	0.03	57.98	2.32
2004	146	19.82	13.38	27.3	190.79	0.02	62	2.65
2004	147	20.23	12.89	29.4	255.7	0.02	51.35	3.04
2004	148	20.13	13.25	28.78	228.62	1.39	65.36	3.03
2004	149	20.33	15.55	27.12	182.46	0.29	65.01	3.72
2004	150	19.85	14.29	27.3	167.88	0.25	60.71	2.73
2004	151	19.89	12.56	28.1	142.43	0.13	59.44	2.09
2004	152	19.98	14.89	27.22	186.97	0.59	65.89	3.55
2004	153	19.97	14.25	27.74	180.72	0.18	64.19	3
2004	154	19.63	14.11	27.22	179.91	0.09	60.42	3.07
2004	155	19.18	12.17	28.4	201.2	0	52.2	2.7
2004	156	18.73	10.72	28.11	251.99	0	50.32	2.83
2004	157	18.54	11.66	27.59	219.95	0	52.19	2.92
2004	158	18.75	10.72	27.5	229.09	0.12	57.19	3.59
2004	159	19.36	13.97	25.38	159.09	0.48	68.88	3.35
2004	160	19.99	14.2	27.18	166.15	0.2	64.65	3.41
2004	161	20.18	13.69	28.99	272.01	0.07	54.37	3.54
2004	162	19.94	13.77	27.95	215.32	0.12	58.67	3.9
2004	163	20.07	14.75	27.39	169.15	0.12	58.27	3.86
2004	164	20.33	12.44	29.47	266.57	0	50.13	2.58
2004	165	20.51	13.38	29.48	286.13	0	51.25	2.25
2004	166	20.59	13.27	29.27	220.29	0.07	52.52	1.78
2004	167	19.53	14.33	26.91	229.09	2.2	66.41	2.4
2004	168	19.11	14.4	26.14	132.48	2.32	69.96	3.06
2004	169	19.04	13.8	25.91	131.67	0.29	65.11	2.95
2004	170	19.31	11.78	27.01	154.58	0.06	54.64	2.6
2004	171	19.41	12.87	26.83	103.67	0.05	56.47	2.72
2004	172	18.46	13.3	25.21	63.29	0.05	59.5	2.59
2004	173	18.54	11.04	27.33	168.69	0	54.56	3.3
2004	174	18.96	11.35	27.53	193.68	0.74	62.57	3.81
2004	175	19.01	13.46	26.29	125.77	0.41	67.29	4.05
2004	176	19.49	13.45	27.41	123.34	0.25	58.75	3.91
2004	177	18.98	13.65	26.45	144.97	0.51	64.54	4.26
2004	178	18.72	12.14	26.5	181.19	0.33	62.89	4.09
2004	179	18.72	11.4	27.11	154.92	0.93	64.45	3.95
2004	180	18.77	13.26	26.6	149.95	0.62	64.36	4.33
2004	181	18.39	12.18	26.28	171.58	0.58	61.65	4.27
2004	182	18.35	11.43	26.47	105.4	0.14	59.18	3.97
2004	183	18.7	12.59	26.85	199.12	0.07	56.42	3.84
2004	184	18.42	11	27.36	137.91	0.05	55.76	3.44
2004	185	18.9	11.88	28.1	273.28	0.01	48.54	3.12
2004	186	18.53	11.31	28.23	214.05	0.01	48.72	2.63
2004	187	19.29	11.41	29.2	286.13	0.01	49.46	2.2
2004	188	18.98	11.01	28.51	269.12	0.05	48.9	2.69
2004	189	19.16	11.65	28.09	206.64	0.01	48.89	2.54
2004	190	18.21	10.75	26.75	193.22	0.02	50.87	2.6
2004	191	18.52	10.73	27.25	135.83	0.01	53.45	2.88
2004	192	19.05	12.57	27.39	91.63	0.01	55.81	2.65
2004	193	19.47	12.11	28.96	210.34	0.01	50.46	2.41
2004	194	18.97	11.43	27.54	265.3	0.01	51.13	2.9
2004	195	19.61	12.75	28.63	252.46	0.02	54.42	2.82
2004	196	19.75	12.46	29.19	281.15	0	53.47	3.41
2004	197	19.5	13.37	27.92	180.72	0.07	54.11	3.4
2004	198	19.25	11.43	28.4	222.84	0.04	45.82	3.08
2004	199	19.48	11.16	28.23	235.8	0.07	54.03	3.56
2004	200	19.98	14.55	27.46	208.72	2.45	64.22	4.07
2004	201	19.32	13.87	26.84	150.76	0.68	62.99	4.07
2004	202	19.46	13.26	27.39	135.83	0.38	60.28	3.4
2004	203	19.43	13.53	26.66	163.25	0.69	61.33	2.66
2004	204	19.44	13.75	26.98	179.91	0.27	57.06	3.28
2004	205	19.4	11.37	28.26	264.03	0.01	52.36	3.73
2004	206	19.81	13.73	27.74	236.95	1.98	59.72	3.5
2004	207	20.01	12.84	28.98	248.29	0.06	56.24	3.09
2004	208	20.34	13.87	29.35	228.28	0.08	53.14	3.23
2004	209	20.16	12.94	29.79	291.1	0	45.9	2.85
2004	210	20.26	12.56	29.81	298.27	0.02	51.01	2.43
2004	211	20.59	14.14	28.58	277.45	0.31	53.09	2.43
2004	212	19.96	12.31	29.24	288.67	0.32	48.52	2.15
2004	213	20.39	12.25	30.28	286.59	0.05	46.71	2.57
2004	214	19.96	12.78	28.05	228.62	0.02	53.23	3.18
2004	215	19.76	14.26	27.25	154.11	0.11	60.36	4.25
2004	216	20.02	13.2	28.52	244.47	0.04	50.9	4.04
2004	217	19.77	13.41	28.26	168.69	0.07	54.07	4.01
2004	218	19.69	13.1	28.15	131.2	0.09	55.81	3.95
2004	219	19.59	13.55	27.8	108.3	0.2	52.86	3.51
2004	220	19.72	11.59	28.89	286.13	0.03	42.15	2.65
2004	221	19.53	12.66	28.61	180.72	0.09	52.1	3.12
2004	222	19.6	12.15	28.84	239.04	0.33	49.75	2.93
2004	223	20.41	12.94	28.85	254.08	0.63	54.31	2.59
2004	224	20.38	14.7	27.99	172.05	2.37	60.25	3.22
2004	225	20.35	14.15	28.73	111.65	0.24	56.87	3.57
2004	226	20.13	13.86	28.59	172.39	0.05	55.93	3.78
2004	227	20.35	13.71	28.79	243.2	0.16	58.99	3.87
2004	228	20.75	13.97	29.74	182.81	0.19	54.64	3.46
2004	229	21.07	13.82	30.63	204.56	0.04	51.48	3.15
2004	230	20.64	13.84	28.96	231.17	0.03	53.13	3.31
2004	231	19.77	13.94	28.45	173.67	0.05	47.07	3.85
2004	232	19.24	12.21	28.13	251.18	0.02	48.66	4.15
2004	233	19.77	13.13	28.14	177.48	0.18	56.38	3.63
2004	234	19.93	13.37	28.33	152.03	0.18	54.25	3.14
2004	235	19.51	13.35	27.13	165.34	0.5	58.34	3.39
2004	236	20.2	12.36	29.23	194.95	0.03	50.1	3.69
2004	237	20.01	11.74	29.82	281.15	0	45.44	3.56
2004	238	19.97	11.82	29.72	276.18	0.01	44.14	3.13
2004	239	20.03	11.45	29.62	319.91	0.04	46.45	2.95
2004	240	20.17	13.55	29.15	258.71	0.04	51.59	4.16
2004	241	19.59	13.45	27.66	150.76	0.17	57.72	4.34
2004	242	19.96	12.92	28.74	220.76	0.02	50.14	3.97
2004	243	19.97	11.86	29.47	279.88	0.05	49.09	3.86
2004	244	20.7	13.29	29.74	247.83	0.04	50.38	3.74
2004	245	21.11	13.99	29.38	255.35	0.21	53.86	2.76
2004	246	21.96	14.65	30.48	244.94	0.26	51.01	2.8
2004	247	21.46	15.06	30.09	299.89	1.07	51.8	3.42
2004	248	21.86	15.1	30.19	295.73	0.32	51.26	3.74
2004	249	22.24	14.46	31.48	284.04	0.05	48.48	3.43
2004	250	22.23	15.18	30.97	276.18	1.06	53.27	3.89
2004	251	21.54	14.99	30.35	267.38	0.6	52.1	4.52
2004	252	20.54	12.09	29.59	312.85	0.15	49.36	4.59
2004	253	20.89	14.12	29.74	311.93	0.24	52.93	4.62
2004	254	20.82	14.1	29.42	248.29	0.23	52.53	4.67
2004	255	20.68	14.05	29.85	195.76	0.32	51.79	4.89
2004	256	20.71	13.57	29.56	269.47	0.2	49.33	3.92
2004	257	20.22	14.9	27.1	178.29	1.32	57.5	4.42
2004	258	20.39	13.86	28.93	167.88	0.72	54.31	5.29
2004	259	19.86	13.92	27.58	150.41	3.08	61.93	5
2004	260	20.45	12.97	29.1	177.83	0.49	56.62	4.08
2004	261	21.12	14.25	30.03	224.46	1.2	56.88	4.13
2004	262	21.25	14.84	29.07	218.21	0.55	58.72	4.06
2004	263	21.57	14.97	29.59	282.42	0.19	56.66	3.96
2004	264	21.74	14.74	30.26	302.44	0.16	53.14	4.11
2004	265	21.05	15.01	29.06	232.44	0.22	57.05	4.45
2004	266	20.88	14.14	28.88	228.28	0.17	53.65	3.82
2004	267	20.65	14.65	27.94	219.95	0.44	56.23	3.96
2004	268	21.68	14.5	30.04	252.46	0.82	53.33	3.31
2004	269	21.51	14.7	29.03	256.97	2.86	56.35	2.2
2004	270	21.92	15.62	28.17	161.63	2.05	58.66	1.49
2004	271	21.53	15.71	29.03	234.52	3.76	61.96	3.03
2004	272	20.99	14.8	29.54	203.63	0.8	54.06	3.29
2004	273	20.89	12.33	30.38	321.18	0.03	47.98	2.85
2004	274	21.06	15.07	28.62	258.24	1.3	61.01	4.03
2004	275	20.73	15.22	28.15	194.49	1.11	61.97	4.69
2004	276	20.42	14.72	27.77	179.1	0.53	61.82	4.55
2004	277	20.57	14.12	28.72	211.15	0.23	57.53	4.91
2004	278	20.78	12.96	29.12	237.88	0.06	55.72	5
2004	279	21.11	13.79	29.03	268.66	0.32	60.03	4.6
2004	280	22.16	14.88	30.9	276.52	0.09	55.49	4.62
2004	281	22.01	16.05	29.8	219.48	0.64	60.34	4.6
2004	282	22.14	13.93	32.05	331.94	0.03	43.06	3.81
2004	283	22.23	13.82	32.56	339.46	0.01	39.84	3.62
2004	284	22.1	13.94	32.24	325.7	0	39.02	3.65
2004	285	21.75	13.89	31.19	299.08	0.07	49.14	4.26
2004	286	22.61	15.81	31.04	260.33	0.22	54.65	4.94
2004	287	22.43	15.84	30.72	240.77	0.75	55.55	5.21
2004	288	21.56	16	29.27	213.24	1.85	64.75	5.63
2004	289	20.87	16.37	27.78	197.04	5.05	69.84	5.61
2004	290	20.49	15.5	27.67	126.58	3.73	69.26	4.91
2004	291	21.08	14.49	29.12	234.87	1.05	61.63	4.82
2004	292	20.7	14.9	28.36	172.39	2.41	68.69	4.65
2004	293	20.88	14.86	28.84	182.46	0.45	59.01	4.45
2004	294	20.88	14.91	28.53	155.39	0.39	59.06	4.24
2004	295	20.75	14.83	27.59	194.49	0.32	63.63	4.2
2004	296	21.49	15.73	28.79	231.17	0.44	58.75	4.27
2004	297	21.96	15.68	30.11	217.86	0.5	58.5	4.09
2004	298	22.09	16.18	29.7	191.6	0.77	58.97	4.16
2004	299	22.21	15.76	30.54	208.26	0.36	55.59	4.06
2004	300	22.02	16.41	29.48	186.16	0.54	58.69	3.79
2004	301	21.4	15.71	28.81	204.56	1.91	63.23	4.01
2004	302	22.36	16.38	30.3	246.21	2.63	59.37	3.82
2004	303	22.76	16.1	31.45	243.2	1.05	55.26	3.34
2004	304	22.55	16.6	31.17	248.64	0.48	57.04	3.85
2004	305	22.76	16.37	31.79	279.88	0.64	48.47	3.87
2004	306	22.61	16.15	31.6	252.46	1.34	54.74	3.6
2004	307	22.42	15.82	30.71	223.65	0.63	54.48	4.06
2004	308	21.74	16.12	29.22	207.8	0.93	57.44	4.19
2004	309	21.61	16.28	29.61	204.9	2.07	65.1	4.41
2004	310	21.27	16.4	28.45	198.66	2.16	69.61	4.72
2004	311	21.24	15.49	29.28	221.22	1.31	63.8	4.76
2004	312	21.36	15.8	28.98	174.13	1.11	67.1	4.77
2004	313	21.39	15.89	28.64	186.97	0.86	65.04	4.27
2004	314	21.73	16.22	29.44	147.86	1.48	62.66	4.26
2004	315	22.03	16.52	29.84	234.87	2.1	63.76	4
2004	316	21.99	16.72	29.52	211.15	3.38	64.54	4.31
2004	317	21.4	16.74	28.39	239.96	9.03	71.63	4.59
2004	318	20.97	16.21	27.74	168.23	4.04	68.86	4.72
2004	319	21.15	16.25	28.71	184.89	4.03	66.9	4.15
2004	320	21.64	15.78	29.82	234.87	1.51	64.05	3.73
2004	321	22.05	16.03	30.19	238.69	1.6	62.62	3.58
2004	322	21.79	16.83	29.3	184.08	1.2	64.97	4.61
2004	323	21.1	15.89	28.45	132.01	2.75	65.04	4.06
2004	324	21.64	15.85	29.63	253.27	0.62	60.08	3.6
2004	325	21.51	16.07	29.01	257.43	1.83	62.21	3.29
2004	326	21.59	14.12	31.23	270.28	2.67	53.44	2.78
2004	327	22.11	15.97	30.65	220.29	4.72	61.79	3.08
2004	328	21.89	16.04	30.21	194.49	3.31	61.92	3.67
2004	329	21.71	16.69	29.35	182.46	4.98	68.5	3.94
2004	330	21.16	17.1	28	153.65	2.94	72.25	4.34
2004	331	21.51	16.01	29.53	236.95	1.11	64.96	3.82
2004	332	21.37	15.94	29.63	296.54	1.16	62.67	4.22
2004	333	21.28	15.62	29.27	254.89	0.35	62.27	4.22
2004	334	20.85	15.59	28.33	244.94	1.01	67.08	4.7
2004	335	20.99	16.21	28.24	167.42	1.49	69.22	4.87
2004	336	21.49	15.78	29.56	223.3	0.91	62.18	4.27
2004	337	21.12	15.78	28.74	226.19	2.07	67.32	4.5
2004	338	21.37	16.53	28.83	136.18	1.56	67.63	4.68
2004	339	21.18	16.38	28.45	160.82	2.41	70.47	4.36
2004	340	21.21	16.34	28.63	211.62	1.46	66.61	4.36
2004	341	21.04	16.13	28.45	196.23	3.69	72.61	4.79
2004	342	20.57	17.2	26.45	183.73	6.77	75.69	5.48
2004	343	20.69	16.94	27.24	175.75	2.96	74.47	4.85
2004	344	21.26	16.43	28.3	198.66	5.38	73.78	3.88
2004	345	21.64	17.18	28.55	178.29	2.52	72.91	4.2
2004	346	21.47	17	28.48	226.54	4.1	73.26	4.62
2004	347	21.28	16.22	28.83	246.21	1.15	68.17	4.62
2004	348	21.68	14.91	29.97	312.39	1.02	62.4	3.88
2004	349	21.78	16.88	29.26	249.1	2	68.51	3.5
2004	350	21.78	15.97	29.56	280.69	1.03	63.54	3.4
2004	351	21.83	15.6	29.64	226.54	4.93	65.74	3.28
2004	352	22.1	16.3	30.22	301.98	1.6	62.69	2.98
2004	353	21.54	14.87	29.02	237.42	0.59	62.5	4.14
2004	354	20.86	15.88	27.57	257.78	0.43	67.31	4.1
2004	355	22.26	15.32	30.44	302.79	0.16	60.89	4.01
2004	356	22.25	16.75	29.51	252.8	0.57	64.36	3.46
2004	357	22.21	16.41	29.51	263.68	1.95	64.31	3.38
2004	358	21.77	15.85	29.98	254.54	1.9	62.56	3.62
2004	359	21.7	16.58	29.4	274.44	3.71	66.85	3.72
2004	360	20.93	14.75	29.75	311.12	1.95	58.56	4.12
2004	361	20.99	13.86	30.29	319.1	1.31	54.65	4.07
2004	362	21.74	14.03	31.27	317.37	0.1	50.32	3.38
2004	363	22.13	14.91	30.83	314.47	0.67	50.37	3.52
2004	364	21.6	15.34	28.71	250.37	1.44	59.85	2.87
2004	365	21.52	16.99	28.23	194.95	1.31	66.68	3.3
2004	366	20.47	15	27.69	259.05	2.26	66.64	4.33
2005	1	20.05	12.79	30.04	330.67	0.04	39	3.91
2005	2	19.85	11.48	30.24	326.16	0	35.32	4.25
2005	3	20.8	11.82	31.87	321.18	0.01	30.9	3.59
2005	4	21.54	12.44	32.38	321.18	0.03	30.9	3.04
2005	5	22.27	14.4	32	314.01	0	40.2	2.73
2005	6	22.97	15.13	31.71	307.76	0.11	46.68	2.92
2005	7	23.48	16.12	31.56	314.01	0.03	48.03	3.08
2005	8	22.96	16.1	30.47	303.6	0.03	52.15	4.03
2005	9	22.59	15.8	30.52	257.78	0.29	53.27	4.63
2005	10	22.42	14.65	31.27	278.26	0.1	46.83	4.25
2005	11	22.64	15.06	31.29	296.54	0.33	52.01	4.14
2005	12	22.89	16.14	31.02	290.29	0.39	57.12	4.08
2005	13	22.36	16.88	29.8	230.36	0.74	62.37	4.98
2005	14	21.38	15.96	29.2	250.37	1.22	61.28	4.32
2005	15	21.84	14.89	30.36	288.67	0.38	54.11	4
2005	16	22.24	15.04	30.68	283.7	0.02	52.07	4.13
2005	17	22.39	14.93	30.74	268.66	0.02	52.5	4.25
2005	18	22.68	15.37	31.35	278.26	0.02	52.12	3.59
2005	19	23.07	15.54	31.43	282.42	0.03	50.4	3.14
2005	20	23	15.93	30.97	310.31	0.05	52.48	4.08
2005	21	22.05	16.25	29.74	303.25	0.39	55.3	5.37
2005	22	21.7	13.77	30.32	312.85	0.09	52.22	5.09
2005	23	23	15.7	31.52	296.54	0.09	50.11	3.67
2005	24	23.5	17.29	30.89	254.54	0.35	49.55	3.57
2005	25	23.44	16.43	31.67	284.04	1.39	52.54	3.85
2005	26	22.15	15.52	29.87	228.28	5.07	55.93	3.03
2005	27	22.35	16.61	30.44	271.55	2.76	57.46	3.71
2005	28	21.93	15.91	29.68	272.82	3.1	64.71	3.38
2005	29	22	17.11	29.25	232.44	3.76	68.11	2.82
2005	30	22.45	16.67	30.27	262.87	1.79	66.06	1.78
2005	31	22.19	17.85	28.55	224.92	1.3	68.54	2.6
2005	32	21.44	16.55	28.49	244.94	0.52	56.72	4.13
2005	33	21.1	14.05	29.62	327.78	0	45.47	3.95
2005	34	21.69	14.56	30.26	336.92	0.02	44.86	3.65
2005	35	23.34	15.57	33.27	333.22	0.09	39.14	3.14
2005	36	23.19	15.51	32	291.56	0.14	53.48	3.82
2005	37	23	16.51	30.72	291.56	0.18	59.18	4.66
2005	38	22.84	17.33	30.27	264.03	0.05	60.33	4.71
2005	39	23.17	16.15	31.55	326.51	0.05	53.94	4.48
2005	40	23.15	15.7	32.38	336.11	0.11	45.53	4.11
2005	41	22.47	14.72	31.82	340.74	0.57	45.64	4.19
2005	42	22.32	14.25	31.52	330.67	0.1	45.66	4.78
2005	43	22.18	14.45	31.37	319.45	0.04	45.57	4.62
2005	44	22.61	14.45	31.31	306.14	0.11	49.75	4.49
2005	45	23.24	16.18	31.35	296.54	0.36	53.06	4.96
2005	46	22.93	15.73	31.07	216.59	0.01	49.8	5.32
2005	47	22.93	16.04	30.77	275.71	0.03	54.15	4.98
2005	48	23.65	17.03	31.83	285.32	0.08	51.26	4.27
2005	49	24	16.61	32.17	334.03	0.15	50.11	4.16
2005	50	23.98	16.47	33.33	333.22	0.12	44.53	4.12
2005	51	23.55	14.59	33.24	341.08	0	35.82	4.57
2005	52	23.3	14.61	32.94	345.71	0	37.59	5.03
2005	53	23.57	14.23	33.61	344.44	0	35.68	4.58
2005	54	24.33	14.89	34.99	343.63	0	32.2	3.92
2005	55	25.06	15.93	35.6	342.82	0	34.85	3.96
2005	56	25.87	17.33	35.69	328.24	0.62	36.33	3.61
2005	57	24.96	18.19	33.02	286.94	3.87	48.88	3.44
2005	58	25.38	16.88	35.04	335.76	1.01	46.22	2.85
2005	59	25.71	17.84	34.5	224.11	1.45	46.03	1.85
2005	60	25.76	18.76	34.33	236.14	0.88	45.83	2.46
2005	61	24.73	17.59	33.43	279.53	1.52	46.53	3.61
2005	62	24.48	16.96	33.65	267.04	0.09	48.66	3.71
2005	63	24.5	16.65	33.47	317.83	0.04	44.37	3.85
2005	64	23.29	16.71	31.93	291.1	0.02	48.85	4.05
2005	65	23.37	15.06	33.13	296.54	0	42.22	3.85
2005	66	23.53	15.76	32.31	281.15	0.06	46.46	4.03
2005	67	23.07	16.58	31.61	256.97	0.51	52.59	4.74
2005	68	22.6	17.18	30.64	224.46	0.69	58.14	5.05
2005	69	22.45	14.89	31.46	280.34	0.03	45.38	4.61
2005	70	22.31	14.04	31.57	267.38	0.03	45.58	4.35
2005	71	23.23	15.92	32.01	260.33	0.44	51.06	3.9
2005	72	23.52	17.24	31.64	245.75	0.89	57.06	4.36
2005	73	23.42	17.6	31.34	253.61	1.51	58.08	4.84
2005	74	23.6	17.23	31.69	264.03	0.27	55.1	4.5
2005	75	23.84	16.38	32.96	269.47	0.16	48.06	3.84
2005	76	23.45	16.83	31.79	248.64	0.6	50.9	3.78
2005	77	23.62	17.36	31.7	258.71	0.54	55.05	2.9
2005	78	23.11	18.39	30.38	239.04	3.51	63.99	3.21
2005	79	23.28	17.87	30.61	198.66	7.64	66.19	2.31
2005	80	23.35	18.21	31.11	251.18	5.2	65.07	1.8
2005	81	23.37	17.77	30.82	229.09	1.27	65.23	2.32
2005	82	21.44	18.44	25.14	216.13	24.39	74.51	1.91
2005	83	22.53	16.7	30.03	274.09	4.73	64.79	2.36
2005	84	22.92	18.28	30.25	292.84	1.74	65.23	2.86
2005	85	22.54	17.41	30.09	269.93	2.07	65.86	2.78
2005	86	23.03	16.25	31.7	318.64	0.44	57.66	2.98
2005	87	23.34	16.73	31.83	299.43	0.29	57.05	2.8
2005	88	23.02	16.98	30.96	299.89	0.51	59.42	3.68
2005	89	22.4	16.67	30.18	276.99	0.62	62.49	3.61
2005	90	22.35	16.65	30.02	284.85	0.07	62	3.88
2005	91	22.39	15.62	31.07	310.77	0.23	56.25	3.37
2005	92	22.56	15.4	31.22	334.03	0.09	54.82	2.53
2005	93	23.53	16.16	32.25	319.91	3.9	56.35	1.51
2005	94	22.51	18.49	28.44	254.89	6.92	71.78	1.19
2005	95	21.8	18.64	27.25	247.83	3.42	74.29	1.79
2005	96	22.12	17.85	27.64	209.07	4.93	72.42	1.72
2005	97	20.21	17.59	24.59	232.44	8.01	82.16	1.27
2005	98	20.57	17.22	25.28	213.7	5.85	80.91	2.25
2005	99	21.45	16.87	28	174.48	3.11	72.8	2.99
2005	100	21.92	17.27	28.88	229.9	2.17	71.22	3.94
2005	101	21.87	16.67	28.92	204.56	1.7	70.76	3.89
2005	102	22.42	17.06	29.72	262.87	0.92	69.91	3.75
2005	103	22.4	17.55	29.46	242.39	1.97	67.2	4.12
2005	104	22.41	17.21	29.87	253.27	0.83	65.79	4.16
2005	105	22.2	17.21	29.28	262.41	2.94	70.1	3.84
2005	106	22.23	16.66	29.64	240.31	1.26	68.07	3.96
2005	107	22.12	16.9	29.38	242.04	1.18	67.87	4.2
2005	108	21.77	16.68	28.94	219.95	0.74	66.22	4.54
2005	109	21.85	17.08	29.3	243.2	0.38	63.05	4.61
2005	110	21.82	16.5	29.7	251.53	0.48	63.12	4.2
2005	111	21.81	16.75	29.55	220.29	1.43	65.46	4.29
2005	112	21.7	15.76	29.95	225.73	0.65	59.17	4.08
2005	113	21.64	15.27	30.1	293.18	0.52	59.41	3.91
2005	114	21.96	16.5	29.44	250.72	3.88	67.88	3.6
2005	115	22.15	16.91	30.34	249.45	0.43	58.4	3.74
2005	116	22.29	16.45	30.01	250.72	1.26	67.53	3.72
2005	117	22.72	16.89	30.32	300.7	1.06	64.15	3.74
2005	118	22.58	17.49	29.85	229.9	5.45	69.46	2.58
2005	119	20.09	17.93	23.79	172.86	7.44	81.25	3.24
2005	120	21.01	16.47	27.28	224.11	0.97	69.71	2.55
2005	121	21.71	15.59	29.73	212.89	0.73	62.44	2.32
2005	122	20.71	15.17	28.18	183.73	1.84	67.17	2.85
2005	123	21.34	15.8	29.19	218.21	2.08	66.41	2.46
2005	124	21.29	15.72	28.34	244.47	2.19	67.1	2.6
2005	125	20.85	16.23	27.78	227	1.3	65.58	2.39
2005	126	21.68	14.61	29.52	248.64	0.56	60.34	1.8
2005	127	21.89	16.23	29.41	229.09	2.95	67.75	2.22
2005	128	21.66	17.13	28.42	230.71	2.3	72.01	3.35
2005	129	21.6	16.75	28.76	165.34	0.71	67.5	3.16
2005	130	21.42	15.01	29.38	237.42	0.7	63.64	3.08
2005	131	21.5	16.1	28.98	206.64	1.01	71.41	3.83
2005	132	21.25	15.54	28.43	214.51	0.43	68.13	3.68
2005	133	21.85	16.47	29	217.4	0.19	62.87	3.34
2005	134	22.09	15.79	29.87	214.51	0.14	60.6	2.61
2005	135	22.23	16.17	29.93	249.1	0.31	61.34	2.71
2005	136	21.73	16.39	29.31	198.31	1.4	64.01	3.42
2005	137	21.2	14.76	29.86	253.27	0.39	54.6	3.21
2005	138	21.18	14.4	29.84	241.12	0.17	58.84	2.84
2005	139	22.47	14.92	31.28	257.43	0.37	52.59	2.55
2005	140	22.25	16.97	30.1	239.04	3.81	67.24	3.16
2005	141	21.15	16.56	28.18	152.84	2.52	72.96	4.53
2005	142	19.4	15.89	24.37	188.24	1.73	73.89	3.16
2005	143	20.21	15.22	26.79	229.55	2.67	73.27	3.22
2005	144	20.26	15.72	27.24	176.56	4.61	70.63	3.02
2005	145	20.18	15.43	26.18	162.91	5.4	72.9	2.74
2005	146	20.28	16.31	26.58	167.42	7.17	78.24	3.29
2005	147	19.72	16.23	25.48	127.85	5.8	77.72	2.85
2005	148	19.05	16.59	23.39	152.49	9.7	81.09	3.65
2005	149	20.23	14.69	27.2	213.24	7.57	74.4	2.73
2005	150	19.98	15.64	26.43	182	4.58	75.16	3.16
2005	151	20.34	15.24	27.13	218.21	1	69.02	2.49
2005	152	20.37	14.43	27.51	186.16	1.15	70.27	2.87
2005	153	20.41	14.9	27.65	176.21	1.3	70.78	3.36
2005	154	20.14	14.88	27.23	190.79	1.99	71.5	2.93
2005	155	19.6	15.03	26.48	169.5	1.13	71.3	2.9
2005	156	19.89	13.92	27.9	118.71	0.07	66.21	1.98
2005	157	20.21	14.46	27.64	160.36	0.17	67.5	2.3
2005	158	20.06	14.9	27.25	146.24	0.18	67.54	2.85
2005	159	20.11	14.51	27.78	177.48	0.24	65.81	3.03
2005	160	20.4	14.68	28.45	197.38	0.09	61.07	2.67
2005	161	20.43	15.17	28.15	197.04	0.26	64.97	2.7
2005	162	20.13	13.6	28.59	232.79	0.07	59.54	2.56
2005	163	19.95	12.51	28.72	290.29	0.02	58.35	2.33
2005	164	20.77	14.11	29.4	250.72	0.02	59.57	1.71
2005	165	19.72	13.37	27.59	139.07	0.08	62.17	2.53
2005	166	20.11	14.22	27.95	182.81	0.44	64.27	2.65
2005	167	19.98	14.82	27.35	178.64	0.56	67.65	3.43
2005	168	19.44	14.1	26.71	152.49	0.46	66.55	3.73
2005	169	19.25	14.37	25.57	112.92	0.36	66.93	2.49
2005	170	19.24	14.07	26.04	103.32	0.65	67.4	2.39
2005	171	18.44	14.26	23.66	98.69	1.45	74.07	2.16
2005	172	18.82	14.66	25.04	48.71	2.49	72.44	3.13
2005	173	18.84	14.41	25.91	65.02	1.14	71.09	3.7
2005	174	18.57	13.76	25.05	74.51	0.28	67.27	3.59
2005	175	19.14	12.45	27.39	184.08	0.23	57.73	3.36
2005	176	19.18	12.64	26.46	110.84	0.15	63.13	2.83
2005	177	19.71	13.9	27.34	124.49	0.09	61.44	2.99
2005	178	19.54	12.94	27.53	94.99	0.24	57.47	2.96
2005	179	19.79	13.8	27.37	163.72	0.83	62.41	3.56
2005	180	19.71	14.15	26.48	157	0.12	60.53	2.96
2005	181	19.37	14.01	26.42	182.81	0.54	64.53	3.09
2005	182	19.62	13.28	27.84	142.89	0.05	59.86	2.66
2005	183	19.75	13.79	27.63	189.98	0.12	58.69	2.54
2005	184	19.47	13.01	27.03	172.39	0.11	61.17	2.02
2005	185	19.74	13.77	27.32	139.53	0.08	54.91	2.56
2005	186	19.22	11.98	27.66	228.62	0.09	52.66	2.72
2005	187	18.98	12.03	27.87	164.99	0.08	54.53	3.29
2005	188	19.25	12.83	27.04	267.04	1.02	62.7	3.89
2005	189	18.35	13.92	24.29	84.11	1.3	72.65	3.9
2005	190	18.68	13.45	25.93	125.42	0.47	58.81	4.62
2005	191	18.22	12.7	25.61	189.05	0.01	64.88	4.56
2005	192	18.82	13.21	26.36	177.83	0	59.47	4.48
2005	193	18.87	11.86	26.97	146.59	0	63.64	4.21
2005	194	19.57	13.8	27.61	197.04	0	57.81	3.47
2005	195	19.26	12.76	28.59	223.3	0	50.46	2.64
2005	196	19.44	11.32	28.64	242.04	0.03	48.99	2.26
2005	197	19.52	13.11	27.17	217.05	0.3	57.73	2.55
2005	198	20.2	13.04	28.81	158.28	0.18	52.34	1.87
2005	199	18.87	13.33	25.42	149.48	2.16	60.29	1.97
2005	200	19.16	13.66	26.74	104.13	2.45	63.45	2.54
2005	201	19.3	13.13	26.7	155.39	0.52	62.31	2.68
2005	202	19.17	13.86	26.03	134.91	0.14	62.67	2.98
2005	203	19.73	13.35	27.27	159.9	0.18	61.45	2.86
2005	204	19.68	14.81	26.04	131.2	0.44	60.23	3.48
2005	205	20.04	13.84	27.87	153.3	0.14	56.24	4.15
2005	206	19.85	14.06	27.77	230.36	0.26	61.63	4.34
2005	207	19.81	13.5	28.02	185.35	0.19	57.86	3.4
2005	208	20.69	13.36	28.41	198.66	0.11	55.56	2
2005	209	20.34	15.32	26.89	126.58	0.65	62.45	3.08
2005	210	19.56	14.69	25.45	99.15	0.22	61.58	3.19
2005	211	19.27	13.84	25.94	68.26	0.08	54.05	3.5
2005	212	18.61	13.13	25.47	59.59	0.42	61.09	3.41
2005	213	18.85	13.21	25.8	106.68	0.83	63.42	3.7
2005	214	19.06	13.49	26.22	126.23	0.95	62.83	3.32
2005	215	18.87	13.33	26.02	148.67	0.86	63.23	2.65
2005	216	19	12.98	26.9	114.54	1.41	61.12	3.06
2005	217	18.63	12.98	26.22	107.49	0.59	60.17	3.75
2005	218	18.86	12.4	27.02	192.41	0.82	59.98	4.11
2005	219	19.23	13.51	26.9	133.75	2.66	68.02	4.06
2005	220	18.99	13.27	26.56	185.35	0.65	62.05	3.8
2005	221	20.18	12.98	29.31	214.05	0.18	56.23	2.77
2005	222	20.02	13.85	28.08	112.92	0.34	59.33	3.7
2005	223	19.84	14.67	27.03	145.78	0.85	64.58	3.88
2005	224	19.18	14.11	25.99	123.34	0.53	65.46	4.15
2005	225	19.85	13.64	27.77	139.53	0.44	61.35	3.47
2005	226	19.84	14.15	27.19	139.53	0.45	64.67	4.16
2005	227	20.54	13.92	28.93	184.89	0.28	59.83	3.49
2005	228	20.15	14.52	27.63	123.34	0.36	61.66	3.36
2005	229	19.6	14.34	25.99	103.67	0.63	64.44	2.72
2005	230	19.64	14.63	25.5	156.2	0.57	63.06	2.52
2005	231	19.43	14.82	25.96	106.68	0.75	61.99	3.01
2005	232	20.42	13.2	29.23	276.18	0.25	55.8	2.96
2005	233	21.38	14.26	29.61	249.1	0.24	54.65	2.56
2005	234	21.5	13.39	31.35	306.14	0.01	43.47	2.64
2005	235	20.92	12.04	30.75	310.77	0.02	41.95	2.58
2005	236	20.98	13.11	30.5	284.04	0.08	51.29	3.38
2005	237	20.86	14.6	29.67	200.74	1.23	55.07	3.93
2005	238	20.54	14.09	29.02	156.66	0.51	53.89	3.72
2005	239	20.11	13.73	29.17	197.85	0.29	52.59	4.06
2005	240	19.04	12.71	28.36	177.48	0.03	46.82	4.19
2005	241	18.3	12.42	26.69	259.52	0.27	53.45	4.59
2005	242	18.29	10.79	27.33	216.13	0.7	60.78	4.63
2005	243	19.29	12.26	28.2	261.6	0.17	51.06	4.2
2005	244	19.33	13.4	26.69	160.36	0.16	57.78	3.72
2005	245	20.28	13.55	28.74	212.43	0.45	57.17	3.96
2005	246	20.41	13.63	28.2	160.36	0.16	58.11	3.95
2005	247	21.9	14.14	30.87	249.1	0.07	52.2	2.75
2005	248	22.12	14	31.62	268.66	0.18	49.87	3.3
2005	249	21.65	14.81	29.77	244.94	0.81	55.82	3.03
2005	250	21.23	14.78	29.05	226.19	0.65	56.2	3.61
2005	251	20.52	14.09	27.35	184.08	0.13	52.95	3.25
2005	252	20.76	14.13	28.13	113.27	1.31	55.46	2.61
2005	253	20.36	14.87	27.06	104.13	0.69	58.4	3.1
2005	254	19.82	13.45	26.96	205.37	0.16	52.56	3.18
2005	255	20.25	12.77	28.9	256.62	0.04	50.56	3.03
2005	256	20.65	13.78	28.14	190.33	0.29	54.15	2.84
2005	257	21.35	14.14	29.54	192.41	0.46	52.42	2.83
2005	258	21.14	14.35	28.86	205.71	0.77	51.61	2.92
2005	259	19.81	14.99	25.53	132.82	0.49	62.61	3.51
2005	260	20.15	14.42	27.64	132.01	0.64	60.92	4.04
2005	261	20.39	13.95	28.46	161.98	0.3	57.16	4.7
2005	262	20.7	14.39	28.64	205.71	0.1	55.67	4.73
2005	263	20.59	12.65	29.74	295.73	0.02	47.87	4.51
2005	264	20.86	14	29.21	288.21	0.16	55.25	4.86
2005	265	21.38	15.35	29.69	251.18	0.28	55.33	5.26
2005	266	21.07	13.67	30.06	316.56	0.03	50.01	4.96
2005	267	21.06	12.04	30.48	336.11	0.01	44.8	4.11
2005	268	21.19	14.56	29.77	247.83	0.03	54.77	4.71
2005	269	21.23	14.18	30.4	326.51	0	46.87	4.49
2005	270	21.68	13.32	31.12	319.1	0.04	48.03	4.32
2005	271	22.62	15.95	31.5	270.28	1.5	57.58	4.53
2005	272	22.51	16.73	30.39	250.37	1.38	59.03	4.31
2005	273	21.75	15.54	30.35	256.62	0.97	54.38	4.68
2005	274	21.43	14.37	30.64	302.44	0.17	50.55	4.42
2005	275	21.19	13.97	30.34	245.28	0.45	48.62	4.34
2005	276	22.12	15.23	31.28	306.14	0.52	50.43	3.97
2005	277	22.08	14.76	31.58	252.46	0.31	44.2	3.97
2005	278	21.68	14.17	30.84	199.93	0.23	48.47	4.37
2005	279	21.47	15.17	30.09	286.94	0.32	49.58	4.88
2005	280	21.06	13.71	29.72	297.35	0.35	51.63	4.85
2005	281	21.4	12.58	31.2	329.05	0.04	39.54	3.84
2005	282	22.03	13.56	31.13	278.26	1.18	56.2	4
2005	283	22.85	15.79	31.66	282.42	0.49	50.8	4.04
2005	284	22.47	15.36	32.06	301.51	0.1	45.97	4.05
2005	285	22.23	14.38	31.75	303.25	0.07	50.78	3.9
2005	286	22.08	15.68	30.68	277.8	0.21	54.4	4.34
2005	287	21.82	15.39	29.88	220.76	0.64	55.61	4.11
2005	288	21.89	15.01	30.03	227	0.25	48.43	3.28
2005	289	21.27	13.6	30.01	237.42	0.22	51.27	3.64
2005	290	20.86	14.5	29.01	224.92	0.4	56.24	4.21
2005	291	20.42	14.27	28.05	218.21	0.76	58.03	4.73
2005	292	21.06	14.87	29.11	213.24	1.58	62.56	4.4
2005	293	20.78	15.45	27.77	154.11	2.26	67	4.03
2005	294	21.08	16.33	27.52	208.26	4.44	67.75	3
2005	295	21.2	15.84	28.14	183.73	6.3	66.6	3.09
2005	296	21.29	15.21	29.48	215.78	1.17	58.99	3.37
2005	297	20.73	14.7	28.75	192.06	0.69	59.43	4.02
2005	298	21.05	15.79	28.5	215.78	4.23	69.69	4.6
2005	299	21.03	15.94	28.14	159.55	2.93	69.27	5.12
2005	300	20.54	15.48	27.66	235.33	3.2	70.44	5.42
2005	301	20.26	12.66	29.69	312.85	0.01	46.88	3.48
2005	302	20.51	12.95	30.04	319.45	0.04	48.28	3.62
2005	303	21.13	14.16	30.48	294.46	0.08	51.47	3.69
2005	304	21.46	14.19	30.82	300.7	0.09	49.32	3.56
2005	305	21.09	15.37	29.25	279.53	1.43	67.5	3.75
2005	306	21.76	16.31	29.45	264.49	1.11	65.99	4.15
2005	307	21.87	15.8	29.97	253.27	0.87	62.15	4.52
2005	308	22.28	16.4	30.33	243.2	1.38	64.33	4.42
2005	309	21.69	16.45	29.23	227.81	2.54	67.87	4.86
2005	310	21.39	16.12	29.12	232.79	1.48	67.93	4.77
2005	311	21.57	16.71	29.08	177.48	2.57	68.73	4.66
2005	312	21.51	16.9	28.59	264.49	4.01	69.4	4.27
2005	313	21.53	16.7	28.67	244.13	3.87	69.35	4.12
2005	314	21.33	16.52	28.57	205.71	2.04	69.23	4.7
2005	315	21.45	14.92	29.9	118.25	0.34	57.72	3.47
2005	316	20.92	15.47	27.66	220.76	0.36	62.31	3.25
2005	317	20.55	15.4	27.1	168.23	0.88	66.78	3.73
2005	318	21.59	16.2	28.92	238.69	1.1	68.12	4.52
2005	319	22.45	17.08	30.05	231.63	0.41	63.94	4.47
2005	320	22.43	16.69	30.27	243.66	0.5	62.52	4.36
2005	321	21.87	16.5	29.85	260.33	1.61	63.17	4.16
2005	322	21.83	16.36	29.95	200.39	1.37	61.05	4.37
2005	323	21.68	14.73	30.69	240.77	0.27	51.51	4.13
2005	324	21.67	15.31	30.49	238.69	0.62	52.05	4.35
2005	325	21.31	15.03	29.8	222.03	1.67	60.73	4.23
2005	326	21.49	16.31	28.82	186.62	1.66	67.34	4.22
2005	327	21.54	16.75	28.81	203.28	3.16	69.45	4.79
2005	328	20.21	16.91	25.37	170.31	2.32	76.28	4.72
2005	329	21	16.34	28.3	176.21	3.73	71.33	5
2005	330	21.1	16.88	27.8	211.62	1.7	69.97	5.43
2005	331	21.68	16.59	29.06	274.09	0.1	61.36	5.03
2005	332	21.7	15	29.57	278.26	0.2	58.75	4.72
2005	333	21.58	16.12	28.7	240.77	0.18	62.51	4.74
2005	334	21.51	16.65	28.32	209.88	0.63	64.13	4.41
2005	335	21.63	16.41	28.49	235.33	0.74	65.84	4.09
2005	336	21.7	16.66	28.8	213.7	0.98	64.74	4.79
2005	337	21.03	16.85	27.36	210.34	0.94	68.76	4.41
2005	338	20.82	16.98	26.86	224.46	0.41	69.31	3.97
2005	339	20.09	16.77	24.66	222.03	0.92	72.24	3.74
2005	340	21.6	15.94	29.28	249.1	0.57	60.72	4.48
2005	341	21.7	15.53	29.53	246.21	0.57	59.35	4.72
2005	342	22.16	15.59	30.53	267.85	0.69	59.69	4.18
2005	343	22.4	16.99	29.28	248.64	0.72	63.49	4.02
2005	344	22.13	17.01	29.25	283.23	0.58	61.65	3.69
2005	345	21.59	16.09	28.86	259.52	1.14	65.24	4.14
2005	346	22.26	16.48	30.52	252.8	0.06	57.17	4.63
2005	347	21.4	13.86	30.52	321.53	0.01	42.83	4.33
2005	348	21.46	13.49	30.34	294.92	0.02	42.89	4.69
2005	349	22.1	15.83	30.21	273.63	0.04	52.65	4.68
2005	350	22.14	14.18	31.29	319.1	0.01	48.52	4.01
2005	351	23.09	15.83	31.94	317.83	0	49.53	3.72
2005	352	23.58	15.94	31.93	311.58	0	48.68	3.99
2005	353	23.47	16.93	32.02	295.27	0	50.22	4.09
2005	354	23.21	16.14	32.24	305.33	0	47.47	4.36
2005	355	22.8	15.46	31.22	296.19	0	51.48	4.87
2005	356	22.8	16.22	30.7	294.92	0.02	52.75	4.65
2005	357	22.95	15.14	31.96	309.03	0	44.5	3.96
2005	358	22.92	15.2	31.43	306.95	0	46.9	3.38
2005	359	23.67	16.03	31.86	289.48	0.02	45.04	3.3
2005	360	23.6	16.45	31.48	247.83	0.03	45.33	3.76
2005	361	22.83	16.73	30.05	261.6	1.23	49.43	4.24
2005	362	21.54	14.56	29.71	291.1	0.72	52.98	4.75
2005	363	21.24	14.26	29.99	307.41	0.26	47.64	4.7
2005	364	21.09	13.3	29.69	293.65	0.46	47.95	4.96
2005	365	21.41	13.9	29.89	277.45	0.61	53.54	4.99
2006	1	21.95	16.42	29.57	223.65	0.51	58.21	5.28
2006	2	21.74	15.53	29.53	227	0.32	59.91	5.2
2006	3	21.58	17.01	28.8	190.79	1.49	66.08	5.12
2006	4	21.52	16.32	28.84	272.82	0.88	60.04	4.71
2006	5	21.31	14.43	29.38	300.7	0.26	56.37	4.59
2006	6	21.61	14.53	29.39	265.3	0.04	56.1	4.76
2006	7	22.46	16.29	30.43	257.43	0.05	55.86	4.47
2006	8	22.64	15.83	30.83	294.11	0.04	54.99	4.1
2006	9	22.9	15.49	31.43	296.54	0.12	54.08	3.66
2006	10	23.69	16.78	31.31	304.06	0.22	52.56	3.57
2006	11	23.3	16.3	31.82	272.01	3.48	54.32	3.9
2006	12	21.71	16.11	28.64	199.47	3.38	61.95	3.66
2006	13	20.86	15.03	26.89	284.85	1.02	63.55	3.99
2006	14	21.76	15.03	30.75	314.47	2.87	53.76	3.86
2006	15	22.48	14.08	31.87	314.01	1.88	49.01	2.96
2006	16	22.21	16.53	29.59	241.58	3.86	63	3.16
2006	17	21.95	16.68	29.62	236.61	2.32	63.6	4.12
2006	18	21.93	16.48	29.79	253.27	2.1	62.56	3.93
2006	19	21.46	15.15	29.67	268.19	1.06	60.07	3.76
2006	20	21.54	14.84	29.51	257.43	0.46	61.1	3.93
2006	21	19.57	14.98	26.12	139.07	1.8	71.08	4.02
2006	22	20.91	13.21	29.63	297.35	0.62	58.52	4.37
2006	23	21.85	13.91	30.56	323.61	0.62	51.34	4.41
2006	24	21.77	15.41	29.66	267.85	0.91	59.66	4.52
2006	25	22.26	15.42	30.33	266.57	0.41	56.39	4.73
2006	26	22.31	16.21	30.64	281.61	0.02	55.97	4.56
2006	27	22.64	14.58	31.95	332.41	0	47.24	4.09
2006	28	23.2	14.96	33.07	332.75	0	39.39	3.72
2006	29	24.27	14.94	33.51	310.31	0	39.5	3.04
2006	30	25.03	16.76	33.4	286.94	0	40.48	3.14
2006	31	24.13	17.52	31.77	270.74	0.43	49.21	4.29
2006	32	23.12	17.45	29.82	261.13	0.09	56.85	4.61
2006	33	22.79	16.53	30.21	247.02	0.14	56.01	4.67
2006	34	22.32	16.48	29.96	256.62	0.11	56.23	4.93
2006	35	22.42	15.88	31.12	297.35	0.02	47.3	5.07
2006	36	22.83	14.69	31.59	318.18	0.07	47.83	4.66
2006	37	22.74	15.8	31.56	328.24	0.11	47.27	4.81
2006	38	22.78	14.38	31.65	326.16	0.02	46.73	4.13
2006	39	23.17	15.91	31.6	307.41	0.01	48.97	4.47
2006	40	22.49	15.64	30.33	234.87	0.02	52.73	4.49
2006	41	23.14	15.84	31.3	292.37	0.03	53.98	4.37
2006	42	24.04	17.35	32.06	331.13	0.26	50.08	3.64
2006	43	24.54	16.31	33.75	288.21	0.38	43.48	3.39
2006	44	24.64	17.4	32.63	217.05	0.65	47.56	3.32
2006	45	24.12	17.42	31.45	272.36	0.17	48.05	3.82
2006	46	23.81	16.83	31.78	304.06	1.29	49.35	4.11
2006	47	23.24	15.73	32.25	306.95	0.63	46.42	3.86
2006	48	23.6	15.68	32.85	279.53	0.91	44.92	3.96
2006	49	23.89	15.74	32.75	326.51	0.7	45.04	3.85
2006	50	23.69	16.42	32.31	271.2	1.11	45.96	4.01
2006	51	23.74	16.42	31.84	278.26	0.48	47.65	4.29
2006	52	23.16	16.23	30.75	311.93	0.79	53.72	4.34
2006	53	23.42	15.79	32.17	297.81	0.27	47.68	4.02
2006	54	23.99	15.31	33.48	343.17	0.04	39.56	3.35
2006	55	24.89	16.47	33.6	271.2	0.85	40.94	2.06
2006	56	25.63	18.73	33.39	280.34	3.36	42.35	2.03
2006	57	23.44	18.99	28.41	189.05	1.8	57.77	2.85
2006	58	21.41	18.19	26.31	208.72	5.56	73.99	3.53
2006	59	22.22	17.49	28.45	233.71	7.11	70.94	2.54
2006	60	21.18	18.04	26.06	169.5	9.1	75.67	1.44
2006	61	22.74	17.54	30.19	252.8	3.88	65.09	2.3
2006	62	22.2	18.47	28.63	214.51	12.45	70.39	2.03
2006	63	22.31	17.9	28.63	157	5.38	67.98	2.51
2006	64	22.16	16.92	29.35	264.03	9.74	63.3	2.22
2006	65	21.95	16.88	29.09	245.75	6.91	67.52	2.15
2006	66	22.67	16.76	30.41	240.77	0.83	62.44	2.38
2006	67	22.59	16.95	30.04	251.53	0.62	62.41	3.59
2006	68	21.83	17.1	29.43	229.9	1.58	66.72	4.05
2006	69	21.78	16.41	29.37	244.47	0.41	62.76	3.94
2006	70	21.59	15.69	29.76	261.13	0.53	60.38	3.7
2006	71	21.94	15.42	30	258.71	0.19	62.22	3.21
2006	72	21.16	16.06	28.31	252.46	1.14	68.23	3.6
2006	73	21.99	16.56	29.57	254.54	0.5	62.43	4.01
2006	74	21.52	16.2	29.03	258.71	0.71	63.52	3.74
2006	75	22.22	16.11	30.4	270.28	0.43	60.33	3.26
2006	76	22.65	16.53	31.22	222.84	0.72	58.73	3.53
2006	77	22.7	16.91	31.34	258.24	1.34	58.25	3.75
2006	78	22.62	16.95	30.73	254.54	3.96	64.78	3.34
2006	79	21.77	17.53	28.08	223.3	3.17	72.26	3.18
2006	80	22.72	17.45	29.95	249.1	0.89	65.15	3.45
2006	81	22.76	17.47	30.39	255.7	1.52	65.48	3.65
2006	82	22.92	17.27	30.77	258.71	0.94	62.69	3.22
2006	83	22.47	16.53	30.46	260.79	2.1	63.58	2.82
2006	84	21.54	17.02	27.18	227	1.44	71.55	3.12
2006	85	19.85	16.46	23.99	215.32	2.43	79.65	2.92
2006	86	21.29	15.83	29.33	270.28	4.46	65.45	3.79
2006	87	21.43	15.65	30.07	328.59	0.7	63.38	3.37
2006	88	21.95	15.74	29.73	280.34	0.54	62.61	2.57
2006	89	22.01	16.14	29.99	211.62	3.3	64.06	2.82
2006	90	22.15	16.27	30.59	249.91	4.37	61.76	3.36
2006	91	21.79	16.51	29.37	248.29	4.52	68.45	3.36
2006	92	22.49	16.32	30.94	232.44	1.44	62.15	3.16
2006	93	21.99	17.18	29.27	219.48	3.78	70.96	3.71
2006	94	21.41	16.63	28.15	187.43	3.38	69.29	2.91
2006	95	21.68	16.67	29.13	187.43	15.9	69.5	3.16
2006	96	20.38	17.36	25.21	86.2	26.81	82.66	3.03
2006	97	20.79	16.99	26.49	224.92	5.33	76.57	1.39
2006	98	20.4	17.75	25.01	214.97	5.93	83.23	2.14
2006	99	20.89	16.77	27.63	182.46	5.4	77.51	3.71
2006	100	20.08	16.92	25.37	205.71	3.76	79.24	3.87
2006	101	20.28	16.14	26.52	209.88	1.04	78.59	4.11
2006	102	21.07	16.34	27.96	231.17	0.36	70.62	3.7
2006	103	20.94	16.09	27.76	245.28	0.66	71.45	3.7
2006	104	21.56	15.73	29.39	231.17	0.38	64.5	3.39
2006	105	20.87	16.46	27.12	240.77	1.13	74.58	3.1
2006	106	21.14	16.99	27	272.82	1.85	73.28	2.06
2006	107	21.69	16.82	28.21	180.72	2.79	72.2	1.46
2006	108	21.72	17.39	28.05	166.61	3.97	73.65	2.95
2006	109	21.1	17.11	27.7	217.86	7.59	75.39	3.46
2006	110	19.48	14.74	25.18	222.84	4.59	76.43	2.96
2006	111	20.5	14.2	28.25	219.48	1.21	68.2	2.59
2006	112	20.89	15.41	28.22	209.88	3.11	71.31	3.47
2006	113	19.9	16.28	25.72	214.05	3.72	78.41	3.47
2006	114	20.59	15.17	27.49	248.29	3.36	73.19	2.51
2006	115	20.72	16.35	27.1	213.24	4.15	76.52	3.38
2006	116	20.09	15.29	27	225.73	5.12	76.16	4.04
2006	117	20.1	14.49	26.83	172.39	2.19	75.1	4.11
2006	118	20.17	13.94	26.86	243.2	6.28	76.72	2.99
2006	119	19.25	16.42	23.49	147.86	8.09	81.48	3.63
2006	120	19.43	14.96	24.76	203.63	3.06	78	2.72
2006	121	19.67	15.85	25.83	182.81	20.48	83.79	3.65
2006	122	19.3	15.38	24.75	128.66	8.99	82.55	2.81
2006	123	19.78	15.4	25.78	169.96	8.6	78.82	2.72
2006	124	20.08	16.07	25.78	132.48	2.68	79.83	2.54
2006	125	20.38	16.09	26.68	187.9	3.13	77.36	3.13
2006	126	20.46	15.51	26.78	202.82	2.2	75.86	2.81
2006	127	20.74	16.29	26.63	212.43	4.38	79.69	2.69
2006	128	20.36	16.58	26.37	204.09	17.27	80.38	3.29
2006	129	19.91	15.87	25.55	179.57	10.05	80.37	3.14
2006	130	19.9	15.58	25.56	166.61	5.24	82.31	3.65
2006	131	19.42	15.35	25.14	204.9	1.72	80.77	3.78
2006	132	19.75	14.94	26.23	214.97	1.06	76.68	3.27
2006	133	19.95	15.86	25.5	213.7	2.47	82.41	3.72
2006	134	19.9	15.4	25.88	173.67	1.85	79.91	3.56
2006	135	19.48	15.04	25.28	197.85	0.74	78.17	3.38
2006	136	19.32	14.47	26.33	195.3	1.2	72.2	2.28
2006	137	19.7	15.11	27.02	238.23	0.42	72.24	2.47
2006	138	19.76	14.57	27.29	294.92	0.36	71.05	2.36
2006	139	20.15	14.81	27.58	287.4	0.65	71.72	2.04
2006	140	19.66	14.37	27.28	254.08	0.19	68.9	2.37
2006	141	20.47	15.36	28.16	264.03	0.04	69.64	2.85
2006	142	20.38	15.83	27.11	206.64	0.29	72.37	3.59
2006	143	19.49	13.18	26.52	206.99	0.29	71.98	3.36
2006	144	19.06	11.63	26.66	174.48	0.69	73.55	2.7
2006	145	19.78	14.31	26.69	223.3	0.13	71.01	3.46
2006	146	20.23	15.4	27.17	198.31	0.16	71.7	2.9
2006	147	20.42	14.62	27.56	208.72	0.41	69.93	2.53
2006	148	20.78	15.3	27.79	192.41	0.64	72.27	2.79
2006	149	20.08	16.03	26.18	182.81	0.66	73.21	3.71
2006	150	19.56	14.6	26.56	197.85	0.09	68.22	2.95
2006	151	19.44	13.31	27.58	197.85	0	64.97	2.26
2006	152	19.24	13.05	27.43	234.52	0	64.4	2.32
2006	153	19.63	13.57	27.52	263.22	0.05	64.18	2.7
2006	154	19.92	15.31	26.59	227.47	0.37	70.96	3.24
2006	155	20.02	14.79	27.32	209.53	0.11	65.45	3.54
2006	156	19.33	14.41	26.29	176.56	0.39	67.18	3.69
2006	157	18.95	12.9	26.46	174.94	0.3	67.27	2.71
2006	158	19.59	13.45	27.23	230.36	0.25	64.61	2.72
2006	159	20.14	12.6	28.82	231.17	0.78	63.27	3.07
2006	160	20.11	14.28	27.41	177.02	0.56	68.53	3.18
2006	161	20.38	14.08	28.04	197.85	0.5	65.09	3.54
2006	162	19.94	14.88	27.03	131.67	0.5	70.38	3.93
2006	163	19.06	13.35	27.18	250.37	0.16	63.78	3.67
2006	164	18.94	12.28	26.92	174.48	0.47	69	3.08
2006	165	19.65	13.63	28.82	204.56	0.44	60.62	2.64
2006	166	19.06	12.24	28.81	278.26	0.05	52.28	1.96
2006	167	18.61	11.29	27.79	238.23	0	51.28	2.3
2006	168	19.56	12.58	27.65	217.86	0.16	63.99	3.03
2006	169	20.04	15.35	26.92	155.73	0.47	68.93	3.6
2006	170	19.99	13.58	27.73	200.74	0.33	61.61	3.41
2006	171	19.79	13.85	27.61	186.62	0.14	61.25	3.49
2006	172	19.78	14.62	27.3	200.39	0.05	64.03	3.21
2006	173	20.21	14.4	28.2	238.23	0.07	62.15	2.71
2006	174	20.78	13.8	28.3	208.72	0.99	64.48	1.5
2006	175	20.42	15.73	26.8	126.58	1.06	67.34	2.46
2006	176	19.66	14.65	26.51	96.61	0.59	67.09	2.43
2006	177	18.93	14.28	25.24	118.71	0.57	66.3	2.34
2006	178	18.58	12.28	27.38	190.79	0.16	54.89	2.3
2006	179	18.62	11.96	27.01	229.9	0.36	58	1.99
2006	180	18.54	12.08	26.73	169.96	0.18	59.66	1.94
2006	181	18.81	11.95	27.01	137.45	0.02	59.31	2
2006	182	18.96	13.35	26.25	95.34	0.13	62.94	2.64
2006	183	18.65	12.16	26.95	178.64	0.1	60.09	2.08
2006	184	19.79	12.6	28.67	260.33	0.12	57.06	2.16
2006	185	20.14	12.79	29.1	265.3	0.17	58.4	2.06
2006	186	19.44	13.9	27.01	176.21	0.46	62.9	2.11
2006	187	19.05	13.44	26.53	146.59	0.38	64.36	2.53
2006	188	18.39	13.6	24.65	109.57	0.34	65.64	2.43
2006	189	19.63	13.61	27.18	116.16	0.29	62.09	3.18
2006	190	19.08	13.88	26.18	96.61	0.09	62.74	3.18
2006	191	19.19	13.22	26.9	93.72	0.31	59.61	2.84
2006	192	18.82	13.54	26.02	127.5	0.21	62	3.51
2006	193	18.14	12.2	25.41	133.75	0.05	60.63	3.02
2006	194	18.55	12.92	26	152.49	0.09	59.54	3.04
2006	195	18.81	12.85	25.71	126.23	0.07	58.89	2.71
2006	196	19.23	13.58	26.51	122.87	0.08	58.51	3.79
2006	197	19.3	13.77	26.84	183.27	0.46	64.34	4.35
2006	198	19.77	12.68	27.63	185.81	0.08	56.46	3.38
2006	199	19.57	13.41	26.61	172.86	0.07	59.85	3.02
2006	200	20.16	13.34	27.32	175.4	0.2	58.52	2.52
2006	201	19.65	14.77	25.58	140	0.48	63.1	2.6
2006	202	19.54	14.95	25.58	156.2	0.88	64.34	1.88
2006	203	20.08	14.62	27	160.36	0.93	63.3	2.83
2006	204	18.87	14.98	24.54	136.64	0.35	66.73	3.85
2006	205	19.92	13.21	28.17	186.16	0.04	56.53	3.58
2006	206	20.21	13.27	29.16	247.02	0.05	53.84	3.43
2006	207	19.43	13.32	27.17	179.91	0.49	59.67	2.82
2006	208	18.87	13.82	25.29	67.92	0.45	64.01	3.21
2006	209	18.45	14.12	24.64	81.68	0.79	64.07	4.01
2006	210	18.62	12.96	25.96	132.82	0.5	61.07	4.12
2006	211	18.89	12.79	26.5	124.49	0.3	64.62	4.05
2006	212	19.18	13.25	26.41	253.61	0.12	62.62	3.82
2006	213	19.91	13.08	27.97	224.11	0.1	55.77	3.19
2006	214	21.02	14.44	29.24	251.53	0.13	54.5	2.75
2006	215	21.14	14.27	29	216.13	0.53	57.12	2.57
2006	216	20.05	15.39	25.67	186.62	2.03	66.46	2.03
2006	217	20.5	15.03	27.03	127.04	2.49	64.38	1.96
2006	218	19.45	15.86	25.35	142.43	2.01	71.63	3.37
2006	219	19.49	14.25	26.23	133.75	0.53	63.35	3.97
2006	220	18.85	14.1	25.43	86.2	0.92	67.41	4.49
2006	221	19.12	13.18	26.17	116.63	0.28	62.17	4.04
2006	222	19.7	13.75	28.09	257.43	0.28	57.84	5.11
2006	223	19.38	13	27.19	210.81	0.2	61.62	4.28
2006	224	19.76	12.99	28.67	232.44	0.11	52.04	3.91
2006	225	19.86	11.61	29.63	295.27	0.06	47.37	3.27
2006	226	20.04	13.39	28.84	256.97	0.21	53.01	3.58
2006	227	19.97	12.99	29.16	256.62	0.03	47.12	3.33
2006	228	20.39	13.81	29.06	208.72	0.4	57.51	3.96
2006	229	20.28	14.17	28.99	183.73	0.59	59	3.77
2006	230	19.94	13.52	29.07	207.8	0.44	51.99	3.34
2006	231	20	12.79	29.73	319.91	0.03	47.52	2.99
2006	232	19.93	11.73	29.18	314.94	0.1	48.05	2.55
2006	233	20.45	13.27	29.75	213.24	0.22	52.93	3.18
2006	234	20.24	13.2	29.72	232.79	0.21	51.6	3
2006	235	20.44	12.95	29.4	262.41	0.18	49.79	3.28
2006	236	19.93	13.78	27.75	144.16	0.21	59.45	2.97
2006	237	21.16	13.7	30.98	234.06	0.42	53.07	2.84
2006	238	21.29	14.68	29.83	221.57	2.13	56.71	3.06
2006	239	20.92	15	28.76	214.51	1.75	58.79	3.08
2006	240	20.09	14.5	27.4	144.51	0.83	62.88	3.81
2006	241	20.58	14.8	28.07	206.18	0.26	63.28	4.4
2006	242	20.89	14.79	28.54	209.88	0.21	59.36	4.01
2006	243	21.56	13.68	30.51	254.54	0.49	53.4	4.23
2006	244	20.54	14.94	28.05	145.32	0.35	60.05	5.34
2006	245	20.48	13.19	28.84	248.29	0.02	53.62	4.36
2006	246	19.8	13.78	28.22	211.15	0.16	53.41	4.94
2006	247	19.41	12.55	27.81	224.46	0.31	53.29	5.08
2006	248	19.76	12.76	28.3	147.05	0.17	54.36	4.58
2006	249	19.81	12.5	28.89	269.47	0.07	50.14	3.76
2006	250	20.36	13.36	29.05	134.56	0.17	51.87	3.44
2006	251	19.29	13.56	26.38	111.65	0.2	57.35	4.19
2006	252	19.19	13.23	26.81	124.49	0.69	58.33	4.37
2006	253	19.55	12.62	27.43	227	0.15	54.36	4.06
2006	254	19.65	13.12	26.99	181.65	0.53	55.06	3.32
2006	255	19.28	13.53	25.31	239.96	0.51	57	3.32
2006	256	20.53	13.82	28.59	211.62	0.03	54.33	3.99
2006	257	20.79	14.16	28.91	166.61	0.11	58.7	4.44
2006	258	21.13	14.46	28.84	203.28	0.1	55.77	4.23
2006	259	21.55	14.78	29.51	231.63	0.15	52.68	3.76
2006	260	22.01	14	31.09	263.68	0.06	48.43	3.98
2006	261	22.28	14.3	31.24	268.19	0.89	53.61	4.03
2006	262	22.82	16.58	30.95	245.75	1.65	59.71	4.09
2006	263	21.6	16.64	28.9	188.24	2.58	62.97	5.19
2006	264	21.21	15.27	30.01	159.09	0.34	53.01	4.5
2006	265	20.4	13.25	29.51	261.94	0.12	47.9	3.88
2006	266	20.42	15	28.65	207.45	0.43	59.13	4.56
2006	267	20.64	13.49	29.66	276.52	0.09	50.86	4.78
2006	268	20.97	13.2	30.05	316.56	0.01	46.13	3.94
2006	269	21.34	14	30.44	327.78	0.05	50.23	4.24
2006	270	21.46	14.67	30.72	299.08	0.06	46.8	4.46
2006	271	20.84	12.01	30.58	321.99	1.74	54.74	4.76
2006	272	21.09	15.98	28.85	188.24	4.53	65.67	4.92
2006	273	21.02	15.42	28.98	212.89	1.37	62.54	4.43
2006	274	21.23	13.59	30.48	327.78	0.23	49.34	3.88
2006	275	21.27	14.25	30.5	307.41	0.67	51.29	4
2006	276	22.4	15.48	31.62	319.1	0.48	54.8	3.85
2006	277	22.66	16	31.56	274.9	0.39	57.49	4.14
2006	278	22.96	16.86	31.64	266.57	0.94	57.05	4.43
2006	279	21.88	14.92	31.27	294.11	0.13	46.28	4
2006	280	21.63	13.22	30.82	317.83	0.36	50.94	4.23
2006	281	22.3	16.46	30.73	247.83	0.52	53.71	4.57
2006	282	21.66	14.31	30.71	270.28	0.15	48.69	4.24
2006	283	20.9	13.41	29.82	254.89	0.69	57.45	4.78
2006	284	20.88	14.71	29.15	220.29	0.68	59.17	5.56
2006	285	20.62	14.39	28.62	237.42	0.74	61.98	5.56
2006	286	19.84	14.3	27.21	148.67	0.83	65.34	5.26
2006	287	19.73	12.69	28.36	262.41	0.27	59.44	4.75
2006	288	20.95	14.35	29.37	274.09	2.92	64.94	4.53
2006	289	21.36	16.55	28.43	191.14	2.12	67.15	4.91
2006	290	21.25	16.07	28.71	196.23	0.38	64.84	5.16
2006	291	20.78	14.03	29.3	258.24	3.27	63.44	4.63
2006	292	21.15	14.69	28.91	241.58	2.19	62.84	4.2
2006	293	21.3	15.21	29.24	219.48	1.98	67.78	4.72
2006	294	21.1	16.2	28.46	199.47	8.11	71.75	4.58
2006	295	21.27	15.77	28.98	197.04	5.22	67.63	4.15
2006	296	21.65	15.44	30.51	313.66	2.15	54.11	3.59
2006	297	22.2	15.98	30.61	265.3	2.84	63.61	2.8
2006	298	22.07	16.4	30.45	231.98	1.09	58.38	3.03
2006	299	22.14	16.23	30.36	243.66	0.89	58.83	3.11
2006	300	21.8	16.78	29.16	249.1	1.29	63.65	4.31
2006	301	20.59	15.41	27.14	209.53	4.45	69.65	4.2
2006	302	21.41	14.13	30.1	218.67	0.3	51.42	3.48
2006	303	21.4	14.96	30.11	270.28	2.57	61.87	4.17
2006	304	21.55	16.44	28.95	214.05	9.92	73.23	4.61
2006	305	20.99	16.81	27.5	107.02	8.11	73.82	5.07
2006	306	21.39	16.67	28.48	217.86	3.64	70.81	4.18
2006	307	22.05	16.39	29.61	218.67	1.44	65.68	3.52
2006	308	22.15	17.05	29.58	218.67	2.71	68.82	3.76
2006	309	21.31	17.4	27.64	211.62	5.41	75.21	4.03
2006	310	20.7	17.31	26.4	139.07	3.93	76.21	4.68
2006	311	19.97	16.67	24.7	144.97	11.11	80.81	4.32
2006	312	20.85	14.98	28.43	225.38	3.42	66.44	3.41
2006	313	20.83	16.01	27.5	197.85	11.62	74.45	3.6
2006	314	20.57	16.4	26.49	231.17	8.5	74.8	3.43
2006	315	20.56	16.78	26.5	218.67	5.94	75.7	3.25
2006	316	21.04	16.26	27.99	148.33	4.51	71.65	3.74
2006	317	20.72	16.66	26.69	205.71	4.28	76.24	4.06
2006	318	20.83	16.24	27.38	211.62	12.13	76.31	3.7
2006	319	21.06	16.85	27.29	150.76	7.17	75.31	3.2
2006	320	20.09	14.87	26.67	227.81	5.88	71.85	3.49
2006	321	20.24	16.54	26.02	202.01	5.28	78.19	3.31
2006	322	20.47	15.08	27.64	206.18	0.96	67.81	2.29
2006	323	21.01	16.03	27.95	194.95	6.48	74.05	2.89
2006	324	20.76	16.55	27.33	194.95	7.42	73.48	3.04
2006	325	19.11	16.43	23.48	192.06	6.64	83.92	2.26
2006	326	19.93	15.7	25.57	123.34	15.51	78.69	1.81
2006	327	19.95	16.5	25.3	157.81	11.3	80.93	2.05
2006	328	20.38	16.94	25.93	261.94	0.64	77.16	3.38
2006	329	20.42	16.53	26.87	240.31	1.64	74.91	3
2006	330	20.34	16.09	26.43	183.73	8.27	78.87	2.11
2006	331	20.11	16.04	25.62	229.09	10.08	77.38	2.25
2006	332	20.46	15.7	26.21	214.51	5.3	78.53	2.03
2006	333	20.35	16.87	25.34	204.09	8.46	80.03	1.91
2006	334	20.08	16.68	25.22	180.38	9.86	82.78	2.6
2006	335	20.26	16.92	25.14	232.79	2.04	83.82	3.36
2006	336	20.07	16.37	25.74	135.37	2.29	81.73	3.38
2006	337	20.13	14.99	26.38	272.01	0.95	77.69	2.37
2006	338	20.86	16.24	27.28	252.46	3.59	78.54	2.53
2006	339	20.92	16.78	26.79	236.61	2.7	79.76	2.66
2006	340	20.8	16.48	26.56	211.15	2.15	80.01	3.09
2006	341	20.61	16.59	26.47	233.25	1.79	79.59	3.99
2006	342	20.28	16.08	26.61	255.35	1.36	76.45	4.11
2006	343	20.16	15.14	26.78	263.22	1.74	76.55	3.92
2006	344	19.81	16	25.43	229.55	1.11	78.72	4.26
2006	345	20.65	15.23	27.46	263.22	2.25	76.42	3.11
2006	346	20.74	16.85	26.35	220.76	2.41	80.95	3.2
2006	347	20.25	16.96	25.25	144.97	4.43	82.96	3.42
2006	348	19.84	16.82	24.15	206.64	4.78	83.7	3.57
2006	349	20.61	16.56	26.85	252.8	1.36	76.15	3.68
2006	350	19.94	16.93	25.27	285.32	2.65	81.51	3.46
2006	351	20.63	16.53	26.92	251.18	0.75	76.92	2.96
2006	352	20.11	16.93	25.52	229.55	1.08	79.27	3.36
2006	353	20.02	17.22	25.08	242.04	1.59	79.73	3.65
2006	354	20.08	16.66	25.63	231.17	0.78	78.7	3.41
2006	355	20.48	16.75	26.48	237.42	3.47	77.02	2.44
2006	356	20.34	15.8	25.89	189.05	12.23	77.78	1.44
2006	357	19.56	16.99	22.94	144.51	16.87	85.23	1.44
2006	358	19.67	16.65	23.73	177.48	10.15	83.96	1.82
2006	359	19.75	17.11	23.71	89.09	19.22	86.27	1.45
2006	360	19.6	16.92	23.55	174.94	5.07	84.15	2.12
2006	361	19.56	16.22	24.16	240.31	11.64	84.62	2.69
2006	362	18.66	16.64	21.5	102.51	31.42	89.2	1.75
2006	363	19.56	15.9	24.59	161.63	14.21	83.01	1.99
2006	364	19.3	16.59	23.32	120.33	14.28	85.18	1.45
2006	365	18.71	16.39	22.93	176.21	9.6	84.83	1.85
2007	1	18.83	14.56	25.36	278.61	0.96	73.19	3.39
2007	2	18.75	13.36	24.81	232.44	4.12	83.58	3.81
2007	3	19	15.54	23.13	206.99	5.52	87.49	3.71
2007	4	18.65	15.85	22.3	86.2	4.07	88.4	4.82
2007	5	18.37	13.9	24.14	260.33	0.32	79.59	4.13
2007	6	17.99	13.07	24.85	316.56	0.02	75.62	3.2
2007	7	18.66	13.66	26	290.29	0.12	69.64	2.45
2007	8	18.97	13.33	26.32	296.19	0.04	72.64	2.12
2007	9	18.85	13.14	26.44	299.89	0.05	71.37	2.67
2007	10	18.73	12.82	25.97	315.28	0.13	75.46	3.34
2007	11	19.28	14.79	25.91	244.13	0.15	77.32	3.51
2007	12	19.34	13.64	26.21	254.08	1.55	76.41	2.63
2007	13	19.45	16.14	24.13	247.02	1.47	83.71	2.99
2007	14	19.68	15.97	24.73	226.19	1.48	82.8	3.39
2007	15	20.24	15.99	25.82	249.91	1.52	81.29	3.1
2007	16	20.62	16.2	26.66	232.79	1.12	79.79	2.95
2007	17	20.85	16.73	26.86	244.13	0.99	79.03	2.84
2007	18	20.79	15.63	27.34	228.28	1.58	76.97	3.41
2007	19	20.69	16.2	26.85	230.71	1.67	79.24	3.5
2007	20	20.01	15.89	26.07	232.44	0.57	77.26	3.2
2007	21	19.75	14.57	26.9	283.23	0.26	71.68	3.25
2007	22	19.41	13.11	27.23	296.54	0.19	70.53	3.58
2007	23	19.98	13.7	27.71	304.87	0.25	70.9	3.08
2007	24	20.93	14.44	28.87	311.12	0.18	69.76	2.93
2007	25	21.28	15.13	28.75	276.99	0.35	71.33	3.5
2007	26	21.3	16.45	27.98	246.56	0.22	74.06	3.95
2007	27	20.79	15.24	28.34	261.13	0.21	70.57	3.53
2007	28	20.86	13.91	29.14	304.87	0.23	65.71	3.34
2007	29	21.22	14.66	28.88	276.99	1.18	69.59	2.97
2007	30	21.39	17.17	27.64	172.05	2.29	74.31	1.68
2007	31	21.39	17.42	27.57	219.14	4.33	74.95	1.66
2007	32	21.34	17.38	27.3	242.85	4.49	73.21	1.93
2007	33	21.49	16.78	27.93	254.89	4.39	72.69	2.24
2007	34	21.75	16.61	28.6	242.39	2.46	72.9	3.1
2007	35	21.87	16.9	28.81	256.16	1.3	73.76	3.55
2007	36	21.77	17.1	28.6	248.29	2.13	73.45	3.39
2007	37	20.98	15.85	26.89	266.57	1.3	73.26	3.54
2007	38	21.1	16.02	27.73	238.23	0.77	69.72	3.85
2007	39	21.29	14.58	30.05	307.41	0.12	61.92	3.29
2007	40	21.81	14.87	30.84	315.75	1.84	58.23	2.96
2007	41	22.62	15.32	31.05	271.55	0.88	58.2	2.45
2007	42	22.38	17.34	28.76	258.24	1.76	68.32	1.09
2007	43	22.04	17.68	27.77	283.7	0.58	67.29	2.25
2007	44	21.76	16.17	29.74	267.85	0.75	61.03	3.13
2007	45	21.95	15.54	30.04	276.52	0.41	57.64	2.71
2007	46	21.21	16.56	29.32	286.13	0.36	64.94	3.24
2007	47	20.5	15.77	27.09	267.85	0.31	68.96	2.86
2007	48	20.88	15.71	28.87	290.29	0.33	65.4	3.68
2007	49	20.14	14.05	28.64	303.25	0.16	62.5	4.15
2007	50	19.67	13.43	26.47	316.09	0.07	61.02	3.88
2007	51	20.02	13.21	28.34	303.6	0	54.91	4.03
2007	52	20.32	12.71	28.91	286.59	0	53.84	4.42
2007	53	21.13	13.4	30.44	331.13	0.05	51.94	3.58
2007	54	23.07	13.7	32.98	331.6	0.21	46.89	1.99
2007	55	24.12	16.68	32.78	284.51	0.76	49.74	2.25
2007	56	22.26	16.9	29.28	232.79	2.44	62.48	2.22
2007	57	22.79	17.22	29.84	267.04	4.87	64.63	1.35
2007	58	22.93	17.63	29.62	325.35	3.37	61.96	1.21
2007	59	22.82	17.54	29.88	200.39	3.71	61.65	2.37
2007	60	21.87	17.15	28.32	247.02	0.32	64.65	2.54
2007	61	20.92	16.67	26.9	262.41	0.52	69.38	2.91
2007	62	21.03	16.03	27.26	240.77	0.26	65.59	3.85
2007	63	22.13	14.79	30.93	267.85	0.36	56.17	4.27
2007	64	22.11	15.05	30.98	303.6	0.22	55.68	4.04
2007	65	22.55	14.22	31.59	341.08	0.08	51.05	4.05
2007	66	22.07	14.45	31.41	339	0.09	46.53	3.99
2007	67	22.27	14.65	31.71	319.91	0.89	53.73	3.02
2007	68	23.01	15.89	31.82	264.49	1.84	57.06	2.69
2007	69	22.47	16.6	30.41	256.16	2.07	61.94	2.94
2007	70	22	17.17	29.14	266.11	1.67	67.06	3.52
2007	71	21.22	16.03	28.06	295.73	0.59	62.28	2.88
2007	72	22.16	15.16	30.91	323.27	0.29	55.53	2.42
2007	73	22.96	16.41	31.03	278.61	0.43	57.19	2.4
2007	74	23.37	16.76	31.6	296.54	0.59	60.36	3.11
2007	75	23.35	17.84	30.63	276.99	0.88	62.02	3.53
2007	76	23.42	17.44	30.98	256.16	1.24	59.66	3.36
2007	77	23.71	16.95	32.14	316.56	2.58	56.15	2.81
2007	78	22.96	17.24	30.42	270.74	6.11	63.39	2.05
2007	79	21.52	17.78	27.06	260.79	3.49	73.19	2.79
2007	80	22.16	17.36	29.85	244.94	0.97	64.31	4.16
2007	81	22.12	16.47	29.72	230.36	0.45	63.26	4.24
2007	82	21.9	16.74	29.66	245.28	0.67	62.8	4.67
2007	83	21.73	16.27	29.75	261.6	0.67	59.34	4.63
2007	84	21.27	16.02	29.08	171.24	3.21	64.91	4.31
2007	85	21.5	16.6	28.78	159.09	1.8	65.53	4.19
2007	86	21.63	16.01	29.82	265.3	1.09	59.18	4.43
2007	87	21.73	15.99	29.75	261.94	2.39	66.11	4.53
2007	88	21.65	16.01	29.43	222.84	3.79	65.91	3.92
2007	89	21.84	16.88	29.59	198.66	3.28	67.56	3.87
2007	90	21.89	16.22	29.98	218.67	1.76	64.69	4.13
2007	91	21.9	16.52	29.76	249.91	0.46	61.95	4.3
2007	92	21.89	16.03	29.93	242.04	0.28	61.39	4.2
2007	93	22.06	16.14	29.74	254.08	0.25	61.08	3.18
2007	94	22.7	16.55	30.68	268.66	0.61	60.26	3.22
2007	95	22.85	16.58	31.64	269.93	0.38	59.15	3.63
2007	96	22.55	16.76	30.49	212.89	0.81	61.79	3.75
2007	97	22.71	16.26	31.1	257.43	0.63	57.81	3.71
2007	98	22.73	16.21	31.23	303.25	1.1	58.53	3.31
2007	99	22.3	16.27	29.81	245.75	2.16	63.21	2.74
2007	100	22.21	17.49	29.47	193.22	2.03	65.46	3.13
2007	101	22.14	17.3	29.06	149.48	0.68	63.31	3.17
2007	102	22.36	16.38	30.35	207.8	2.21	61.44	3.59
2007	103	22.45	16.58	29.86	238.23	3.5	65.23	3.54
2007	104	21.96	17.47	28.71	244.47	3.67	70.15	3.92
2007	105	22.72	16.02	30.88	198.66	1.11	58.46	2.95
2007	106	21.99	16.67	29.31	217.4	4.91	69.66	3.15
2007	107	21.52	16.83	27.98	194.14	6.75	73.33	3.06
2007	108	21.46	17.33	28.01	195.76	12.18	75.03	2.52
2007	109	20.91	17.45	26.82	215.32	11.47	78.38	2.81
2007	110	21.52	17	28.28	220.76	6.63	73.89	2.88
2007	111	21.77	16.58	28.92	189.05	6.02	70.55	2.87
2007	112	21.71	15.35	30.05	189.98	1.45	63.38	2.5
2007	113	21.56	17.23	28.42	205.71	4.95	73.66	3.83
2007	114	21.43	17.08	28.08	192.41	3.6	73.28	4.21
2007	115	20.85	16.89	27.15	143.24	3.34	76.46	3.98
2007	116	21.45	16.6	28.33	219.48	1.55	70.53	4.02
2007	117	21.57	16.38	28.61	219.95	1.19	68.25	3.67
2007	118	21.62	15.78	29.32	259.05	1.06	66.36	3
2007	119	22.48	16.46	30.92	286.13	0.57	61.17	2.48
2007	120	21.99	16.2	30.66	244.94	0.77	57.36	2.72
2007	121	21.64	15.82	29.41	231.98	1.41	66.47	3.57
2007	122	21.7	16.3	29.39	222.84	1.6	65.02	3.87
2007	123	21.23	15.42	29.03	206.18	2.71	68.24	3.21
2007	124	21.04	15.81	28.59	214.97	8.16	70.08	2.92
2007	125	20.64	15.99	27.64	179.1	11.5	72.43	3.28
2007	126	20.61	16.03	27.72	184.89	1.92	70.19	3.22
2007	127	20.99	15.05	28.79	211.62	1.06	64.26	3.23
2007	128	21.51	16.05	28.99	222.03	1.67	67.53	3.39
2007	129	21.36	16.54	27.94	153.3	1.92	73.22	3.76
2007	130	21.26	15.95	28.43	204.09	0.83	69.09	3.92
2007	131	20.01	16.54	24.61	116.63	2.46	78.75	4.08
2007	132	20.08	13.76	27.2	126.58	2.19	73.99	3.55
2007	133	20.09	15.03	27.19	114.54	4.92	76.8	3.41
2007	134	20.55	15.75	27.56	172.05	1.26	71.57	3.26
2007	135	21.02	15.11	28.45	228.62	0.9	68.77	2.54
2007	136	20.72	16.55	26.63	210.34	3	74.85	2.99
2007	137	19.13	16.49	22.77	169.96	5.13	86.14	2.9
2007	138	20.25	15.1	27.54	146.59	1.66	73.16	2.77
2007	139	20.88	14.73	28.82	215.78	1.84	68.97	2.97
2007	140	20.62	14.62	28.69	222.38	0.46	65.4	2.88
2007	141	20.79	15.16	29.31	261.6	0.07	61.57	2.95
2007	142	21.34	15.47	29.35	254.54	0.18	65.43	3.35
2007	143	21.19	15.18	28.79	266.57	0.17	65.46	3.89
2007	144	21.09	15.03	28.58	249.91	0.24	67.64	3.28
2007	145	21.41	15.69	29.12	201.55	0.33	63.94	2.94
2007	146	20.73	15.74	27.91	165.8	2.79	69.9	2.89
2007	147	20.43	15.75	27.02	216.59	1.32	69.73	3.06
2007	148	20.65	15.3	27.99	231.17	0.11	63.57	3.27
2007	149	20.26	14.76	27.41	117.09	0.61	69.55	3.14
2007	150	20.66	15.35	28.21	191.14	0.5	70.26	3.1
2007	151	19.55	15.87	25.82	219.48	5.14	77.47	3.27
2007	152	19.89	15.15	26.39	152.03	1.25	73.91	3.18
2007	153	20.37	15.27	27.07	169.5	0.3	68.25	3.48
2007	154	19.87	13.64	26.98	157	1.41	71.9	3.04
2007	155	19.83	14.57	26.52	232.79	0.22	70.44	3.05
2007	156	20.94	15.95	28.23	223.3	0.53	67.52	2.63
2007	157	21.35	15.78	29.01	215.78	0.41	62.49	1.99
2007	158	21.41	15.92	28.76	217.86	0.57	66.8	1.76
2007	159	19.46	16.46	23.43	193.68	0.6	78.67	1.64
2007	160	20	16.24	25.1	214.51	0.6	75.2	1.8
2007	161	20.36	15.04	27.43	201.2	0.37	61.6	1.85
2007	162	20.23	13.52	27.43	231.98	0.3	63.97	2.53
2007	163	19.75	14.34	26.65	239.04	0.1	62.87	2.12
2007	164	19.03	13.52	25.32	240.31	0.5	60.1	1.57
2007	165	20.03	14.3	27.49	213.24	0.27	56.18	1.52
2007	166	20.43	13.5	28.41	262.87	0.78	56.13	1.58
2007	167	19.27	14.74	24.87	172.05	1.33	68.43	1.85
2007	168	19.16	13.46	26.81	210.34	0.28	60.64	2.44
2007	169	19.21	11.5	27.92	288.67	0.22	52.28	2.59
2007	170	18.93	11.19	28.24	286.59	0.2	52.84	2.37
2007	171	18.95	10.92	27.63	287.4	0.11	50.62	2.46
2007	172	19.14	12.21	27.29	219.14	0.51	56.85	1.96
2007	173	18.33	12.89	24.94	161.98	0.65	63.03	1.9
2007	174	18.53	11.72	26.9	194.49	0.84	58.51	2.61
2007	175	18.42	12.55	25.75	157	0.19	59.15	2.27
2007	176	17.15	12.83	21.57	140.34	0.93	69.9	2.18
2007	177	18.94	14.17	25.68	142.08	1.04	65.37	3.36
2007	178	20	13.49	27.72	210.81	0.63	62.26	3.22
2007	179	19.77	14.03	27.63	145.32	2.06	67.42	3.56
2007	180	19.8	14.44	27.25	146.24	0.86	64.89	3.2
2007	181	20.7	14.2	29.59	248.29	0.27	59.73	2.76
2007	182	21.23	14.7	30.21	282.77	0.89	61.03	2.22
2007	183	20.53	14.88	28.46	252.46	3.23	65.83	2.21
2007	184	19.47	13.81	27.03	170.31	0.79	62.41	3.22
2007	185	18.37	11.89	26.26	186.16	0.07	57.87	2.38
2007	186	18.67	13.82	25.22	159.09	0.28	59.6	2.67
2007	187	18.6	12.93	26.22	118.71	0.55	62.09	2.83
2007	188	19.22	13.49	26.36	207.45	0.36	60.79	3.8
2007	189	19.21	13.79	26.44	168.23	0.25	62.68	3.78
2007	190	19.69	12.88	28.25	159.09	0.09	58.65	3.01
2007	191	19.08	14.31	25.97	141.62	0.12	62.59	3.25
2007	192	18.76	13.2	25.78	118.71	0.09	60.94	2.64
2007	193	18.81	13.26	26.22	144.16	0.09	62.49	3.4
2007	194	19.59	13	28.41	137.91	0.04	54.35	2.84
2007	195	18.88	12.99	26.09	123.68	0.04	60.46	2.8
2007	196	18.59	12.75	25.31	105.4	0.3	61.82	2.98
2007	197	18.91	13.16	26.01	179.91	0.12	55.85	3.44
2007	198	18.95	13.07	26.51	174.48	0.86	65.99	3.75
2007	199	19.12	13.75	26.36	129.93	0.67	63.56	3.94
2007	200	18.95	12.45	26.36	110.38	0.43	60.47	3.47
2007	201	19.19	13.95	25.97	159.55	0.33	61.84	3.53
2007	202	19.51	13.56	27.3	156.2	0.11	62.16	3.71
2007	203	19.72	14.15	27	170.31	0.24	60.08	3.35
2007	204	19.47	12.68	26.73	217.86	0.18	57.22	2.81
2007	205	19.63	14.09	26.87	223.65	0.49	61.89	2.64
2007	206	18.77	14.29	24.74	186.16	0.99	66.73	2.45
2007	207	19.98	14.09	26.61	169.15	2	61.44	1.68
2007	208	19.87	15.07	25.58	254.54	3.82	70.04	1.29
2007	209	19.31	15.98	24.16	242.04	6.88	75.39	1.84
2007	210	21.03	14.97	27.72	281.96	7.58	68.42	1.77
2007	211	20.11	14.52	26.44	215.78	5.59	69.53	2.24
2007	212	19.84	12.48	28.31	242.39	0.77	59.94	2.96
2007	213	19.44	14.11	26.31	82.49	0.62	66.44	3.89
2007	214	19.47	13.83	26.69	203.28	0.66	67.44	4.21
2007	215	19.49	14.14	27.01	128.66	1.93	71.58	3.96
2007	216	19.33	14.02	26.62	175.75	1.92	68.36	3.37
2007	217	19.31	13.95	26.61	207.45	1.85	67.21	3.1
2007	218	18.98	13.35	26.07	163.72	1.45	67.5	2.75
2007	219	19.05	14.56	25.69	192.06	3.11	69.3	2.8
2007	220	17.64	14.52	22.38	88.28	2.76	74.46	3.32
2007	221	19.13	13.62	26.16	129.93	0.88	66.26	3.5
2007	222	18.66	13.79	25.31	90.01	0.91	68.85	3.64
2007	223	18.02	13.58	24.05	103.67	0.42	69.27	2.91
2007	224	19.09	13.19	27.4	201.55	0.31	62.39	2.91
2007	225	18.78	13.57	25.44	146.24	0.23	66.29	3.09
2007	226	18.75	13.61	25.5	199.47	0.47	66.74	3.12
2007	227	19.98	13.38	28.17	267.04	0.4	60.16	2.33
2007	228	20.76	13.96	28.45	252.8	0.32	59.46	2.55
2007	229	21.04	15.28	28.22	186.62	1.66	63.22	2.93
2007	230	19.88	15.6	26.5	152.84	2.49	71.87	4.68
2007	231	19.28	13.56	26.7	243.66	1.55	68.95	4.58
2007	232	19.25	14.21	26.84	139.53	1.67	69.62	4.94
2007	233	19.17	12.97	26.83	149.95	0.89	67.56	4.19
2007	234	19.76	13.76	27.64	223.3	0.56	64.56	4.29
2007	235	20.1	13.46	28.65	217.86	0.41	61.06	3.41
2007	236	20.08	13.93	29.11	284.85	0.09	53.87	3.07
2007	237	19.97	12.13	28.81	301.98	0.25	55.25	3.62
2007	238	19.97	14.17	28.05	160.82	0.31	60.72	3.96
2007	239	19.92	13.71	27.92	233.25	0.06	57.01	2.86
2007	240	20.55	13.82	28.89	254.54	1.25	58.24	2.7
2007	241	20.37	14.71	27.1	229.09	0.88	62.33	2.36
2007	242	20.42	14.2	27.98	278.61	0.3	56.11	2.49
2007	243	20.23	14.34	26.79	184.89	0.15	60.17	2.55
2007	244	20.76	15.05	28.26	239.96	0.14	61.28	3.66
2007	245	21.28	14.14	29.77	264.95	0.2	55.15	3.61
2007	246	20.34	14.67	27.56	195.3	0.18	60.91	3.86
2007	247	20.08	14.23	26.82	204.9	0.15	59.17	3.57
2007	248	20.74	14.54	29.05	169.15	0.08	54.54	3.47
2007	249	21.19	14.66	29.44	215.78	0.13	58.1	3.49
2007	250	21.69	13.87	30.11	259.05	0.25	51.59	4.01
2007	251	21.53	15.31	29.47	266.11	0.49	56.77	3.45
2007	252	20.77	15.56	28.35	211.15	3.03	64.35	3.66
2007	253	19.9	14.83	26.51	169.96	2.07	65.53	3.01
2007	254	21.02	14.54	29.11	251.18	1.54	60.99	2.93
2007	255	21.77	15.16	29.69	266.57	1.89	59.56	2.24
2007	256	19.46	15	24.43	113.73	3.38	65.73	2.44
2007	257	19.28	15.3	24.65	132.48	3.55	72.33	2.43
2007	258	19.68	15.39	25.93	112.46	1.73	67.73	3.05
2007	259	20.41	15.09	27.13	147.86	1.66	60.99	3.18
2007	260	21.16	15.43	29.16	213.7	1.35	59.98	3.95
2007	261	21.11	14.46	29.64	244.47	0.15	57.34	5.36
2007	262	20.75	12.72	29.62	329.05	0.07	48.48	4.52
2007	263	20.82	13.48	29.45	310.31	0.31	59.47	4.51
2007	264	21.03	14.1	29.42	224.46	0.04	52.82	4.58
2007	265	21.12	13.97	30.47	291.56	0.01	46.4	3.48
2007	266	21.7	12.43	32.42	321.18	0	41.77	2.33
2007	267	22.37	13.88	32.52	329.86	0.04	43.94	3.1
2007	268	22.61	14.36	33.17	329.51	0.2	38.91	3.06
2007	269	21.92	14.02	32.03	341.08	0	39.37	3.6
2007	270	21.28	12.93	30.72	320.26	0.06	46.8	3.9
2007	271	20.53	13.3	29.58	206.99	1.83	59.63	4.49
2007	272	20.53	14.84	28.47	203.63	1.8	64.2	4.6
2007	273	20.66	14.19	29.1	182.46	0.29	57.52	4.68
2007	274	20.84	14.32	29.87	282.42	0.12	50.74	4.27
2007	275	21.31	14.07	30.74	240.77	0.39	52.62	3.74
2007	276	21.77	15.47	30.61	244.47	1.28	58.27	4.03
2007	277	22.14	15.21	31.65	313.66	0.47	50.75	4.13
2007	278	21.89	15.51	30.62	265.76	1.13	57.24	4.19
2007	279	21.82	15.93	29.87	233.25	1.72	60.24	3.53
2007	280	20.98	15.62	27.99	169.5	1	60.3	3.72
2007	281	20.95	15.41	28.51	183.27	1.02	64.71	4.36
2007	282	21.65	15.05	30.24	255.7	1.56	55.9	4.51
2007	283	21.65	16.41	29.06	258.24	4.47	65.79	4.21
2007	284	20.65	15.73	28.1	190.33	2.55	62	3.72
2007	285	20.6	14.9	28.44	264.95	0.48	59.19	3.99
2007	286	20.41	14.87	27.8	232.79	0.38	61.69	4.21
2007	287	20.72	15.29	27.89	199.47	0.48	60.8	4.24
2007	288	21.46	15.24	29.69	254.08	0.71	59.01	4.53
2007	289	21.37	15.61	28.96	257.78	0.93	61.09	4.66
2007	290	21.78	15.18	30.35	260.33	0.34	52.98	4.31
2007	291	21.93	15.93	30.3	274.44	1.02	59.63	4.33
2007	292	21.95	15.7	29.91	279.88	0.23	55.04	4.2
2007	293	22.03	15.29	30.86	262.41	0.28	55.02	4.71
2007	294	21.77	16.03	29.37	231.17	3.73	62.48	4.33
2007	295	21.87	15.83	30.1	244.94	0.6	54.21	4.35
2007	296	22.06	15.13	30.43	243.2	0.6	56.26	3.87
2007	297	21.83	15.83	29.86	228.62	5.6	62.27	4.37
2007	298	21.2	16.9	28.17	252.46	8.92	70.12	5.13
2007	299	20.44	15.37	27.57	223.65	14.18	68.82	4.95
2007	300	20.02	14.83	27	211.15	7.11	70.02	4.57
2007	301	20.1	13.48	28.24	250.37	0.76	64.46	4.21
2007	302	20.27	13.54	29	271.55	0.15	55.55	3.64
2007	303	21.06	14.93	29.43	227.47	0.63	61.77	3.66
2007	304	21.58	16.32	29.02	227.81	1.38	66.2	4.31
2007	305	21.25	16.2	28.3	136.18	0.62	66.51	3.99
2007	306	21.22	15.68	28.69	243.66	0.24	60.32	3.52
2007	307	21.03	14.48	29.34	268.19	0.2	59.1	3.58
2007	308	21.2	14.77	30.17	257.43	0.15	56.42	3.54
2007	309	21.43	15.42	30.09	273.28	0.49	59.35	3.87
2007	310	22.06	15.54	31.12	270.28	0.64	58.26	3.63
2007	311	21.61	16.51	28.99	219.14	2.38	66.14	4.43
2007	312	21.77	15.88	30.13	247.37	1.19	59.96	3.77
2007	313	22.09	16.06	30.6	261.13	1.76	60.08	3.64
2007	314	21.92	16.25	29.6	255.35	2.81	66	3.73
2007	315	21.39	17.37	27.75	174.13	5.51	71.35	4.22
2007	316	21.2	17.04	28.15	173.32	6.28	71.55	4.85
2007	317	20.82	15.78	28.06	222.84	2.02	67.21	4.38
2007	318	21.28	15.68	29.17	189.05	0.93	63.88	3.62
2007	319	21.07	15.03	28.73	219.48	5.04	70.22	3.83
2007	320	20.8	16.33	27.55	172.86	4.27	72.98	4.41
2007	321	19.92	15.66	26.4	145.78	1.05	74.14	3.86
2007	322	20.8	15.64	28.08	186.16	2.34	69.69	3.54
2007	323	20.43	16.49	27.09	253.61	3.13	73.05	4.41
2007	324	20.86	15.75	28	256.62	0.97	69.04	4.65
2007	325	21.2	16.66	28.06	181.19	0.6	70.18	4.7
2007	326	21.33	16.73	28.43	144.16	1.15	69.22	4.7
2007	327	21.44	17.03	28.33	249.1	2.26	69.39	4.6
2007	328	21.6	16.31	28.99	237.88	1.66	68.11	3.96
2007	329	21.6	16.43	29.32	278.26	2.37	66.46	3.78
2007	330	21.82	15.62	30.28	311.93	1.87	63.81	3.65
2007	331	22.01	16.86	30.03	278.61	3.98	66.08	3.94
2007	332	21.35	16.73	28.73	285.78	3.29	71.31	4.36
2007	333	20.79	15.97	27.47	237.88	4.13	72.77	4.5
2007	334	20.87	16.61	27.31	178.29	1.64	71.74	4.9
2007	335	20.86	16.36	28.19	200.74	1.9	68.54	5.02
2007	336	20.88	16.11	27.94	185.35	1.04	69.87	4.57
2007	337	20.85	15.89	27.69	241.58	1.93	71.32	3.72
2007	338	21.28	16.11	28.58	251.18	1.88	68.5	3.91
2007	339	21.8	15.81	29.69	249.45	0.54	63.37	3.76
2007	340	21.4	15.72	28.85	248.64	1.16	67.47	4.21
2007	341	20.42	17.23	25.32	240.31	1.73	76.9	4.43
2007	342	21.25	16.73	28.48	220.29	2.18	68.4	4.02
2007	343	20.91	16.21	27.77	231.98	2.24	69.75	3.69
2007	344	20	17.08	25.14	225.73	2.18	78.24	3.57
2007	345	20.04	16.43	26.09	248.64	0.89	72.63	3.82
2007	346	20.94	16.89	27.84	231.17	6.46	68.88	3.14
2007	347	20.5	16.38	27.17	239.04	12.65	73.8	3.25
2007	348	20.46	14.54	28.65	314.47	4.04	65.91	3.85
2007	349	19.9	12.98	28.99	326.97	1.64	58.2	3.49
2007	350	19.9	12.42	29.36	326.51	0.85	55.61	4.04
2007	351	19.61	12.09	29.51	306.14	0.12	47.06	3.84
2007	352	20.18	12.77	29.2	318.18	0.49	57.44	3.77
2007	353	20.69	13.4	29.26	285.32	1.98	57.24	3.01
2007	354	20.38	15.68	26.87	254.08	5.47	61.96	1.79
2007	355	19.9	15.7	25.85	177.02	1.48	72.48	1.43
2007	356	20.86	15.71	27.84	167.88	1.28	68.98	3.18
2007	357	21.28	15.49	29.37	302.44	0.39	57.6	3.81
2007	358	20.75	13.8	29.68	311.93	0.33	52.6	3.83
2007	359	21.31	14.07	29.49	271.55	0.33	57.37	3.88
2007	360	21.85	15.3	29.55	242.39	0.53	60.04	4.07
2007	361	20.37	15.48	27.41	215.32	5	71.47	4.7
2007	362	19.53	15.16	26.47	228.28	3.68	72.53	4.9
2007	363	19.45	13.29	27.43	265.3	2.01	67.39	4.31
2007	364	20.03	13.39	28.15	264.95	2.02	67.21	4.15
2007	365	20.28	15.12	27.66	229.09	0.97	71.76	4.49
2008	1	20.79	15.05	28.33	254.54	0.1	66.55	4.27
2008	2	20.66	13.81	28.98	292.14	0.12	60.19	4.11
2008	3	21.11	13.58	30.19	291.56	0.08	55.94	3.97
2008	4	21.5	13.92	30.5	287.75	0.12	57.5	3.77
2008	5	22.23	15.65	30.3	277.1	0.2	58.6	4.12
2008	6	21.67	14.98	30.61	289.83	0.03	54.04	3.91
2008	7	21.12	13.09	29.95	298.74	0.01	49.95	4.18
2008	8	21.53	13.35	31.03	296.54	0.01	47.57	4.32
2008	9	21.63	13.87	30.25	250.61	0.04	55.69	4.54
2008	10	21.55	15.56	28.79	250.03	0.02	61.62	4.54
2008	11	20.82	16.21	28.2	255.81	0.92	68.28	4.46
2008	12	20.92	16.4	27.58	261.02	1.18	65.73	4.43
2008	13	21.82	15.87	29.94	270.16	0.84	60.73	4.45
2008	14	21.11	16.98	28.32	253.5	4.15	68.82	4.07
2008	15	21.21	15.35	28.65	255.35	3.48	68.22	3.27
2008	16	19.81	16.65	25.44	133.29	3.63	79.62	3.73
2008	17	20.57	16.14	27.21	246.21	4.14	72.41	4.57
2008	18	19.98	16.04	25.46	-99.99	2.15	73.39	4.69
2008	19	20.41	15.13	27.7	234.64	3.12	72.11	4.18
2008	20	18.36	16.14	21.93	139.19	8.16	87.29	3.29
2008	21	19.39	14.64	25.72	253.96	0.6	67.81	2.88
2008	22	20.29	15.66	26.23	290.87	0.8	72.09	3
2008	23	21.35	16.18	29.45	294.8	1.45	63.08	2.39
2008	24	20.68	15.15	27.78	280.46	0.39	61.08	3.58
2008	25	21.36	15.07	30.46	265.99	0.43	51.13	4
2008	26	21.35	14.8	28.89	296.31	0.36	56.76	2.85
2008	27	21.06	17.31	26.78	189.05	0.78	70.3	1.3
2008	28	21.35	15.56	28.58	266.23	0.16	57.93	3.72
2008	29	21.37	14.9	29.19	271.66	0.1	55.77	3.71
2008	30	22.24	15.17	31.31	292.37	0.03	48.55	3.63
2008	31	22.81	15.62	31.28	294.23	0.1	50.2	3.3
2008	32	22.28	16.26	30.32	246.79	0.07	49.5	3.4
2008	33	22.05	15.41	30.36	298.04	0.02	46.48	4.81
2008	34	20.82	13.33	29.67	306.72	0.01	53.03	4.78
2008	35	21.73	12.97	31.47	300.94	0.02	46.22	3.82
2008	36	22.74	14.99	32.15	292.95	1.43	51.67	3.18
2008	37	22.43	16.32	30.78	283.58	2.46	53.16	2.01
2008	38	20.47	17.26	24.59	134.33	3.67	70.52	1.22
2008	39	20	16.18	25.69	247.14	6.04	69.9	1.97
2008	40	21.44	14.05	30.57	301.05	2.24	53.52	3.45
2008	41	21.13	14.44	29.47	236.95	1.62	57.3	3.7
2008	42	21.44	15.57	28.87	233.6	2.36	55.16	2.23
2008	43	21.5	15.52	29.59	269.58	4.02	55.69	2.35
2008	44	21.78	14.73	29.86	278.49	2.03	52.91	1.76
2008	45	22.42	15.29	30.9	278.14	1.83	57.66	1.62
2008	46	22.44	15.93	29.81	268.08	0.21	53.36	2.54
2008	47	22.18	15.38	30.02	284.74	0.11	56.3	3.67
2008	48	21.85	15.4	29.66	180.49	0.02	58.92	4.14
2008	49	21.64	15.29	29.3	269.35	0.05	61.8	4.27
2008	50	22	15.74	29.32	294.69	0.04	60.48	4.15
2008	51	21.73	16.5	28.53	252.8	0.12	60.57	3.84
2008	52	22	15.51	30.16	290.29	0.08	53.5	4.2
2008	53	21.33	15.04	28.41	281.5	0.03	51.38	4.51
2008	54	21.42	13.69	30.32	312.27	0	41.51	4.72
2008	55	21.71	13.79	30.66	270.04	0.02	48.64	4.48
2008	56	22.46	14.77	31.05	269.23	0.03	52.86	3.8
2008	57	22.76	16.04	30.82	289.71	0.09	54.85	4.07
2008	58	23.47	16.4	32.12	285.32	0.01	50.35	3.57
2008	59	23.28	15.24	32.09	279.07	0.03	46.04	3.58
2008	60	23.24	15.68	32.33	303.94	0	45.68	3.71
2008	61	22.73	15.14	31.44	278.26	0.08	46.95	3.5
2008	62	23.38	15.57	31.77	289.83	0.48	48.5	3.4
2008	63	23.76	16.62	32.08	276.99	0.83	49.72	3.74
2008	64	23.36	16.83	31.06	262.64	1.13	53.64	2.95
2008	65	23.69	16.98	31.54	265.76	0.54	53.13	3.39
2008	66	23.38	17.14	31.38	267.15	0.29	56.57	4.64
2008	67	22.52	17.46	29.33	229.43	0.54	62.32	5.01
2008	68	22.05	17.07	28.83	252.23	1.05	64.12	5.3
2008	69	22.67	16.52	30.52	248.64	0.66	57.98	5.02
2008	70	22.36	16.32	29.8	281.61	0.3	57.77	4.42
2008	71	23.14	15.78	32.03	283.7	0.28	51.65	3.92
2008	72	23.76	16.7	32.75	297.46	1.97	53.49	3.19
2008	73	21.39	17.87	27.17	275.25	5.06	70.07	2.55
2008	74	20.85	17.03	26.16	275.6	1.51	72.47	2.25
2008	75	22.14	16.49	29.5	283.47	0.72	64.25	2.97
2008	76	22.35	16.46	30.24	282.77	0.73	60.94	3.55
2008	77	22.76	16.68	31.19	286.59	0.84	57.86	3.53
2008	78	22.97	17.02	30.25	292.61	0.52	59.47	3
2008	79	23.32	17.79	30.58	268.31	1.22	59.67	2.86
2008	80	22.94	18.19	28.76	303.83	2.09	60.89	1.14
2008	81	21.67	17.68	27.54	275.6	6.42	66.95	1.49
2008	82	21.02	17.53	25.99	256.04	4.05	72.61	1.82
2008	83	21.5	17.61	28.05	219.14	0.84	71.42	2.27
2008	84	20.01	17.02	24.13	192.99	4.1	77.05	1.42
2008	85	22.19	15.92	30.34	286.24	6.68	66.67	1.52
2008	86	20.07	18.09	23.69	200.05	8.27	83.33	2.91
2008	87	20.37	17.2	25.06	214.62	1.19	77.28	2.11
2008	88	21.39	17.21	28.42	217.28	8.83	73.31	1.87
2008	89	21.17	17.39	27.63	-99.99	11	74.22	2.47
2008	90	21.41	16.9	28.9	258.94	6.58	70.82	3.56
2008	91	21.26	16.32	28.8	273.75	2.74	69.79	3.79
2008	92	21.41	15.76	28.96	264.72	0.33	64.71	4.21
2008	93	21.66	16.27	29.21	266.46	0.29	64.31	4.47
2008	94	21.44	16.27	29.02	276.29	0.17	62.57	4.69
2008	95	21.14	16.06	28.46	271.43	0.48	63.85	4.51
2008	96	21.02	15.21	29.09	225.27	0.14	60.7	4.1
2008	97	21.57	16.41	29.02	257.43	0.26	64.09	4.37
2008	98	21.55	16.39	29.4	290.41	0.28	62.57	4.09
2008	99	21.4	14.97	29.4	261.25	0.26	62.67	3.34
2008	100	20.59	16.39	27.19	236.95	5.61	70.67	2.97
2008	101	19.98	15.51	25.99	244.71	6.8	76.04	2.97
2008	102	20.42	15.98	27.15	249.1	5.07	71	2.45
2008	103	20.62	15.59	27.9	226.08	1.93	71.69	3.14
2008	104	21.07	16.39	28	235.45	1.41	70.66	3.18
2008	105	21.37	15.94	28.99	152.15	0.73	67.81	3.36
2008	106	21.81	16.24	29.59	252.57	0.55	65.39	3.62
2008	107	21.59	15.83	29.63	266.92	1.77	65.79	3.58
2008	108	21.62	16.5	29.74	252.57	0.93	63.65	3.21
2008	109	20.28	15.22	26.62	253.5	3.09	67.49	2.55
2008	110	21.36	14.78	29.85	270.16	5.83	64.55	2.76
2008	111	20.69	16.12	27.56	222.03	5.61	74.43	3.25
2008	112	19.72	16.33	25.46	255.58	14.71	80.09	3.44
2008	113	20.72	15.97	27.72	255.58	3.93	71.42	2.43
2008	114	20.42	15.96	27.08	252.34	4.99	73.22	3.98
2008	115	20.07	15.97	26.57	193.91	4.46	73.31	4.48
2008	116	19.85	14.91	26.29	244.82	3.72	75.18	4.5
2008	117	20.21	15.16	27.57	238.8	2.06	68.42	3.92
2008	118	20.58	15.47	27.58	252.46	0.49	70.76	3.54
2008	119	20.65	14.06	27.99	257.2	0.52	69.8	3.12
2008	120	21.28	15.92	28.46	245.98	0.95	70.79	3.67
2008	121	21.2	15.84	28.53	192.41	0.74	69.59	3.63
2008	122	20.79	14.77	28.25	251.07	0.73	71.72	3.62
2008	123	20.72	15.43	28.13	263.45	1.22	71.22	4.14
2008	124	19.86	14.15	27.17	253.15	0.6	68.02	3.76
2008	125	19.94	14.11	28.04	235.22	0.4	63.65	3.56
2008	126	20.61	14.6	28.28	233.6	0.4	66.12	3.35
2008	127	21.51	15.5	29.21	266.69	0.16	61.74	3.11
2008	128	21.67	15.25	29.73	274.67	0.53	61.46	2.66
2008	129	21.33	16.2	28.58	228.74	0.76	66.76	2.9
2008	130	20.91	14.93	28.62	251.88	0.34	63.78	2.85
2008	131	21.1	14.89	28.89	241.47	0.64	64.99	2.83
2008	132	21.23	15.47	29.32	265.76	0.33	62.59	3.19
2008	133	21.54	15.59	29.76	268.89	0.15	60.53	3.22
2008	134	21.3	15.98	28.6	239.15	0.74	69.37	3.71
2008	135	20.85	15.61	28.1	230.59	0.54	64.44	4.01
2008	136	20.67	14.32	28.47	253.27	0.5	62.91	3.87
2008	137	20.51	14.87	27.65	209.07	1.6	69.02	3.46
2008	138	20.43	15.82	26.99	141.96	0.54	71.64	3.77
2008	139	20.31	14.34	27.74	160.13	0.74	67.18	3.17
2008	140	20.17	14.86	26.81	208.61	0.76	68.77	3.54
2008	141	20.45	14.95	28.27	209.65	0.41	62.87	3.49
2008	142	20.49	14.41	28.66	246.44	0.13	60.88	3.41
2008	143	20.13	13.68	27.67	208.03	0.13	63.48	3.3
2008	144	19.46	14.12	26.25	188.01	0.66	69.66	3.99
2008	145	19.75	14.86	26.28	180.61	1.48	69.1	3.64
2008	146	20.41	14.6	28.35	204.56	0.28	61.33	3.15
2008	147	19.77	15.03	27.34	187.09	5.14	70.28	3.14
2008	148	19.97	14.09	28.04	251.76	0.66	62.08	3.34
2008	149	19.13	14.42	26.64	164.06	6.72	73.58	3.03
2008	150	19.33	14.08	26.44	180.84	2.83	73.88	3.83
2008	151	19.31	14.48	26.18	148.91	2.76	72.3	4.13
2008	152	19.45	13.86	26.31	199.7	0.2	67.02	3.92
2008	153	20.01	13.97	27.63	246.21	0.35	64.48	3.46
2008	154	20.44	13.78	28.49	250.03	0.52	61.05	2.71
2008	155	20.9	15.02	28.65	242.51	0.49	64.53	2.51
2008	156	20.84	15.85	28.06	185.12	0.61	67.82	3.15
2008	157	20.63	14.68	28.99	246.56	0.22	57.09	3.31
2008	158	20.08	14.93	27.2	220.87	0.31	65.13	2.73
2008	159	20.31	15.08	27.6	164.99	0.19	66.56	2.7
2008	160	20.53	15.1	28.29	124.03	0.17	62.59	1.79
2008	161	19.04	13.9	26.05	110.49	0.07	61.8	2.29
2008	162	19.13	12.77	27.26	198.54	0.07	56.35	2.41
2008	163	19.39	12.35	27.96	251.18	0.04	55.27	2.45
2008	164	18.53	12.69	25.58	127.62	0.13	61.62	2.21
2008	165	18.2	11.67	26.78	159.67	0.02	56.92	3.2
2008	166	17.72	12.43	24.62	133.86	1.02	70.6	4.06
2008	167	18.46	12.79	25.8	135.95	1.27	70.1	4.1
2008	168	19.01	13.71	26.64	126.69	1.45	72.29	4.09
2008	169	19.34	13.27	27.25	177.48	0.18	62.91	3.38
2008	170	19.54	13.09	27.56	182	0.15	59.38	3.33
2008	171	19.02	13.2	25.71	111.19	0.66	65.1	2.82
2008	172	17.64	14.5	22.72	121.37	0.76	72.48	2.98
2008	173	18.34	13.5	25.53	148.21	0.25	67.74	3.68
2008	174	18.95	13.24	26.41	180.38	0.11	66.29	3.8
2008	175	18.8	13.81	25.6	182.23	0.44	67.59	3.73
2008	176	19.2	13.94	26.58	141.15	0.19	64	2.83
2008	177	19.51	13.41	27.72	247.83	0.05	57.55	2.75
2008	178	19.26	12.34	27.71	218.21	0.08	58.31	3.08
2008	179	19.22	13.12	26.84	214.28	0.12	60.91	3.12
2008	180	19.98	13.25	29.31	238.92	0.06	54.6	2.01
2008	181	20.23	11.71	30.04	263.8	0.02	48.65	2.12
2008	182	20.47	12.06	29.85	255.58	0.03	53.09	2.5
2008	183	20.28	13.92	28.86	168.46	0.09	57.49	2.4
2008	184	19.87	13.05	28.33	140.69	0.21	55.76	2.53
2008	185	19.75	13.78	27.68	144.86	0.41	61.17	2.72
2008	186	20.46	14.74	28.31	227.35	1.99	63.05	2.78
2008	187	20.43	15.2	27.37	215.66	0.78	65.35	2.23
2008	188	20.1	15.35	27.33	154.23	1.04	67	3.1
2008	189	19.81	14.07	28.51	263.8	0.07	53.44	3.4
2008	190	19.05	12.76	28.29	270.74	0.03	49.15	2.92
2008	191	18.99	10.67	28.69	266.8	0.03	51.39	2.83
2008	192	19.53	13.83	26.54	176.1	0.18	61.6	2.58
2008	193	20.48	13.61	28.9	257.78	0.02	51.73	2.37
2008	194	19.85	13.42	27.59	158.74	0.17	57.72	2.05
2008	195	19.07	14.17	25.22	135.6	0.3	62.58	2.75
2008	196	17.88	13.95	23.56	139.65	0.23	64.97	3.46
2008	197	18.66	12.82	26.17	148.33	0.59	61.93	3.53
2008	198	19.31	13.37	27.09	203.75	0.52	61.37	3.55
2008	199	19.6	14.2	26.98	178.41	0.67	62.07	3.14
2008	200	19.21	13.65	26.78	135.25	0.85	60.83	3.24
2008	201	18.46	13.54	25.24	234.99	0.67	57.9	2.38
2008	202	19.56	13.42	26.27	202.59	1.02	54.96	2.4
2008	203	19.12	14.14	25.86	152.15	1.34	65.58	3.42
2008	204	19.07	13.56	26.78	142.31	1.22	64.89	3.63
2008	205	17.35	12.98	23.14	137.8	2.06	69.82	3.48
2008	206	17.88	13.11	24.37	145.2	0.61	65.87	3.41
2008	207	18.71	12.53	26.5	165.1	0.07	58.76	2.85
2008	208	18.98	12.66	26.34	239.96	0.28	59.07	2.63
2008	209	18.11	13.22	23.76	177.37	0.3	65.26	2.16
2008	210	19.04	13.42	25.57	183.96	0.39	61.79	2.23
2008	211	19.14	13.98	25.45	145.43	1.22	65.18	2.48
2008	212	18.01	14.63	23.09	97.65	1.69	71.93	2.54
2008	213	18.64	13.56	25.47	119.06	1.2	66.71	3.21
2008	214	18.32	13.74	25.09	119.06	0.72	66.44	3
2008	215	17.72	13.64	23.85	131.32	1.23	70.08	2.58
2008	216	18.83	13.51	25.34	160.01	0.54	65.09	3.2
2008	217	19.64	14.05	26.85	227.93	0.12	58.83	3.16
2008	218	19.91	13.74	27.93	183.96	0.16	57.17	2.9
2008	219	19.99	13.94	27.84	224.92	0.2	57.66	2.71
2008	220	20.53	13.89	28.93	243.2	0.05	56.25	3.44
2008	221	20.82	14.55	29.1	261.02	0.07	57.37	3.69
2008	222	21.14	13.28	29.64	279.76	0.01	49.3	3.51
2008	223	21	15.02	28.71	223.07	0.51	58.31	4.06
2008	224	20.22	14.84	27.62	221.91	0.17	59.31	4.62
2008	225	19.39	13.52	27.1	254.66	0.12	58.66	5.09
2008	226	19.46	12.73	27.79	186.62	0.48	63.62	4.4
2008	227	19.27	13.25	26.62	124.72	0.19	60.74	3.95
2008	228	19.85	13.62	27.23	172.16	0.09	57.59	2.74
2008	229	20.34	13.35	27.86	242.85	0.51	54.3	2.67
2008	230	19.58	14.37	25.75	138.49	0.69	62.06	2.89
2008	231	19.7	14.16	26.7	210.11	0.16	58.83	3.63
2008	232	19.72	14.24	26.47	237.99	0.02	59.47	3.3
2008	233	19.95	14.38	27.05	147.29	0.03	59.91	3.65
2008	234	19.88	14.33	27.04	135.83	0.03	61.58	3.78
2008	235	19.94	14.47	26.44	206.87	0.05	59.44	3.46
2008	236	20.19	14.17	26.93	257.55	0.02	53.9	3.44
2008	237	20.28	14.5	27.63	203.75	0.93	63.1	4.01
2008	238	20.14	14.6	27.55	211.96	1.59	62.37	4.42
2008	239	20.52	14.22	28.23	196.23	0.69	58.36	3.53
2008	240	21.02	14.19	29.19	238.23	0.08	54.41	3.57
2008	241	20.48	13.89	28.94	232.9	0.24	54.52	4.11
2008	242	20.35	13.75	28.5	200.28	0.37	54.88	3.89
2008	243	20.6	13.86	28.99	282.31	0.3	53.85	3.3
2008	244	21.21	14.49	29.59	281.5	0.25	54.66	3.16
2008	245	21.86	14.07	30.59	267.96	0.66	53.14	2.82
2008	246	21.74	14.71	30.65	271.78	0.39	51.8	4.3
2008	247	20.79	14.54	29	222.61	0.16	53.42	4.72
2008	248	20.96	13.39	29.76	206.76	0.51	57.14	4.42
2008	249	20.92	14.74	29.54	248.29	0.23	49.98	4.15
2008	250	21.12	12.2	31.4	297.81	0	43.59	2.95
2008	251	21.14	13	29.7	242.28	0.04	47.91	2.8
2008	252	21.23	14.62	29.35	277.8	1.27	54.47	2.82
2008	253	21.15	15.1	28.48	266.23	1.24	56.66	2.54
2008	254	20.33	14.85	26.29	266.57	1.68	59.64	2.03
2008	255	20.75	15.33	27.81	237.88	2.64	61.73	1.83
2008	256	20.31	15.36	26.04	212.43	1.96	61.37	2.58
2008	257	20.71	14.57	27.88	194.26	0.03	56.83	3.16
2008	258	21.14	14.27	29.05	187.43	0.07	53.92	2.68
2008	259	20.15	15.8	27.01	168.69	0.35	59.61	2.64
2008	260	20.98	14.63	29.24	265.65	0.2	54.06	3.35
2008	261	21.39	14.59	29.42	220.06	0.13	55.94	3.37
2008	262	21.9	15.49	29.99	239.85	0.3	55.01	3.77
2008	263	22.26	14.95	31.43	293.53	0.1	50.38	3.79
2008	264	22.53	14.53	31.84	300.94	0.04	46.94	3.46
2008	265	23.14	15.27	31.23	306.84	0.05	51.29	3.7
2008	266	23.17	17.1	31.67	277.91	0.51	55.49	4.5
2008	267	22.72	16.31	31.12	279.18	0.14	50.88	4.68
2008	268	21.92	13.98	30.87	301.63	0.06	49.75	4.29
2008	269	21.9	15.06	29.95	303.25	0.03	49.23	4.3
2008	270	22.08	15.26	30.9	289.48	0.09	50.99	4.59
2008	271	22.34	16.03	30.49	257.32	0.49	57.06	4.76
2008	272	22.43	16.45	30.6	208.49	0.64	56.42	4.78
2008	273	22.11	14.98	31.21	262.75	0.56	47.57	4.26
2008	274	22.47	15.14	31.89	273.98	1.58	49.14	3.77
2008	275	22.99	15.33	31.97	285.2	1.06	49.36	4.22
2008	276	22.78	14.59	31.68	267.27	0.39	49.78	3.94
2008	277	22.98	16.35	31.55	280.34	1.98	52.53	4.24
2008	278	22.18	16.63	29.7	253.38	3.97	56.52	4.34
2008	279	21.34	15.72	28.73	190.21	3.95	61.01	3.88
2008	280	20.86	15.24	28.11	171.7	2.85	62.02	4.68
2008	281	20.81	14.7	28.28	236.95	2.36	64.23	4.92
2008	282	20.97	14.07	28.85	192.64	0.47	59.11	4.3
2008	283	21.61	14.4	30.6	261.71	0.19	56.2	4.32
2008	284	22.41	16.03	31.13	279.07	1.03	56.49	4.25
2008	285	22.29	16.62	30.25	252.23	0.94	59.65	4.45
2008	286	21.98	16.7	29.46	244.24	1.33	62.85	4.54
2008	287	21.85	15.9	30.13	237.53	1.04	57.13	4.71
2008	288	21.82	15.07	30.52	269.7	0.5	50.25	4.38
2008	289	22.17	14.67	31.14	287.63	0.37	46.36	3.77
2008	290	22.32	16.54	29.83	221.33	5.8	60.64	3.51
2008	291	21.5	16.2	28.35	266.92	3.46	64.91	3.3
2008	292	21.31	16.47	28.33	203.4	6.04	71.04	3.68
2008	293	21.31	16.52	27.68	255.81	3.9	65.04	2.85
2008	294	21.87	15.66	29.73	243.2	1.68	61.89	2.65
2008	295	20.66	15.72	27.27	211.38	3.76	66.75	2.01
2008	296	21.2	14.59	28.72	217.86	2.94	62.41	1.6
2008	297	19.84	16.39	25.51	193.68	5.32	73.05	1.86
2008	298	21.25	15.6	27.87	163.37	1.47	63.87	2.17
2008	299	22.63	15.51	30.9	245.28	1.14	56.88	2.8
2008	300	22.32	17.43	29.16	241.12	1.89	66.35	4.78
2008	301	21.79	15.25	29.95	254.54	0.27	59.36	4.16
2008	302	21.88	16	29.3	268.42	0.91	63.57	3.88
2008	303	22.56	15.24	31.67	282.66	0.38	51.95	3.36
2008	304	23.1	15.97	32.57	301.4	0.27	49.15	3.08
2008	305	22.34	14.9	31.22	303.83	0.21	53.04	3.94
2008	306	22.49	17.33	30.1	214.05	2.27	67.14	4.01
2008	307	22.35	17.22	30.16	266.92	2.22	63.6	4.39
2008	308	22.5	16.57	30.61	272.24	0.83	59.16	4.05
2008	309	22.72	16.12	31.17	256.85	0.68	54.18	3.21
2008	310	21.33	16.42	27.82	223.19	6.58	68.36	2.82
2008	311	20.53	17.12	25.12	227.35	16.39	75.97	2.3
2008	312	19.26	16.67	23.2	232.79	9.4	81.14	2.52
2008	313	20.3	16.32	26.19	145.55	7.05	73.13	2.73
2008	314	20.33	16.27	26.38	218.21	3.11	74.37	3.47
2008	315	20.45	15.9	27.07	220.06	5.38	75.4	4.32
2008	316	19.47	16.53	24.31	180.03	4.55	82.2	3.34
2008	317	20.85	16.69	27.38	271.43	1.05	71.39	3.73
2008	318	21.6	15.82	29.11	272.7	1.13	67.87	3.63
2008	319	21.79	16.43	29.08	259.05	1.85	68.65	3.44
2008	320	21.45	16.71	27.9	259.05	1.97	71.83	3.55
2008	321	21.63	16.71	28.44	252.57	1.62	71.43	3.78
2008	322	21.51	17.05	28.56	244.82	1.8	71.14	4.57
2008	323	20.88	15.77	28.18	248.87	1.54	68.06	4.55
2008	324	20.54	15.83	27.47	249.33	0.67	66.84	4.52
2008	325	20.33	13.94	27.96	286.94	0.2	61.43	4.15
2008	326	20.63	13.27	29.55	278.03	0.3	57.72	3.38
2008	327	21.39	14.28	30.32	281.85	0.81	54.52	3.11
2008	328	21.32	14.93	29.25	263.56	1.29	61.22	3.63
2008	329	21.61	15.23	29.66	256.39	0.17	61.58	4.01
2008	330	21.98	15.24	30.32	284.62	0.1	59.1	4.5
2008	331	22.78	16.43	30.75	265.65	0.17	60.84	4.04
2008	332	22.4	17.11	29.4	247.14	1.8	66.86	3.64
2008	333	21.63	16.93	28.26	244.47	2.23	70.65	4.19
2008	334	21.07	17.68	26.69	230.36	1.82	74.49	4.13
2008	335	20.76	16.67	26.11	237.07	0.53	74.49	4.15
2008	336	20.93	16.92	27.72	216.47	0.61	67.67	4.05
2008	337	21.63	15.51	29.54	283.12	0.17	60.34	3.35
2008	338	21.41	15.72	29.11	240.54	1.1	63.34	3.48
2008	339	21.22	16.42	27.99	249.68	0.99	65.93	4.26
2008	340	20.84	15.41	28.07	241.35	0.78	65.8	4.66
2008	341	21.12	15.39	28.7	261.83	0.3	61.9	4.46
2008	342	21.79	14.93	29.69	225.96	0.05	57.52	4.09
2008	343	21.95	15.36	29.79	250.14	1.04	60.14	4.15
2008	344	22.13	17.04	29.51	266.92	1.38	62.99	4.4
2008	345	21.41	15.71	29.08	202.13	0.65	60.21	4.44
2008	346	21.24	14.2	29.71	269.23	0.31	53.06	4.13
2008	347	21.23	13.91	30.59	290.87	0.01	45.55	4.06
2008	348	21.68	13.22	31.2	291.8	0	48.28	3.8
2008	349	22.87	15.37	31.33	272.24	0.01	55.81	3.79
2008	350	22.96	16.99	30.83	265.88	0.01	60.2	4.04
2008	351	22.85	17.11	30.08	259.52	0.01	58.78	4.46
2008	352	22.96	15.48	31.44	283	0.19	51.02	4.46
2008	353	22.64	16.05	30.3	261.6	0.52	56.48	4.33
2008	354	21.65	16.85	28.39	241.93	0.34	61.57	4.95
2008	355	21.11	14.35	29.27	285.55	0.03	49.32	4.75
2008	356	20.08	13.89	27.97	289.25	0	44.88	4.68
2008	357	21.37	12.92	30.03	284.39	0	44.28	4.81
2008	358	22.09	14.8	30.32	252.8	1	55.83	4.38
2008	359	22.46	15.36	30.35	264.37	1.03	55.76	3.97
2008	360	22.78	15.65	30.84	284.51	0.31	53.98	4.45
2008	361	21.87	15.65	29.42	175.98	1.23	61.21	4.49
2008	362	21.78	16.12	28.93	234.99	1.09	63.59	4.36
2008	363	22.14	16.04	29.89	257.78	0.47	60.1	4.16
2008	364	22.45	16.1	30.1	274.9	0.53	60.48	4.66
2008	365	22.75	16.77	29.92	258.71	0.61	59.96	4.79
2008	366	22.55	16.68	29.91	280.8	0.33	56.95	4.84
2009	1	22.25	14.89	30.88	292.49	0.05	52.34	4.37
2009	2	22.54	14.78	31.24	274.09	0.03	46.43	4.23
2009	3	22.51	15.59	31.5	291.8	0	41.23	4
2009	4	22.58	15.17	31.25	279.65	0.05	41.99	4.24
2009	5	22.39	14.86	30.81	280.34	0.04	43.65	4.41
2009	6	21.96	14.78	30.72	280.8	0.02	43.17	4.52
2009	7	21.85	14.66	29.96	265.3	0.03	50.43	4.26
2009	8	22.42	15.28	30.95	287.86	0.01	48.3	4.25
2009	9	22.21	13.91	31.34	287.17	0	43.99	4.02
2009	10	22.28	13.96	31.56	293.88	0	43.42	4.06
2009	11	22.82	14.25	32.43	304.18	0.05	39.33	3.67
2009	12	22.62	15.13	31.28	299.08	0.02	41.29	4.46
2009	13	22.28	15.06	30.7	278.03	0.59	49.11	4.18
2009	14	22.44	15.18	30.72	268.31	0.75	55.93	4.43
2009	15	21.51	16.01	28.72	249.91	1.56	65.17	5.06
2009	16	20.8	16.68	27.62	185.47	2.43	70.59	5.61
2009	17	20.41	16.46	26.05	206.41	2.44	73.38	5.3
2009	18	21.73	15.92	30.35	211.27	2.35	64.73	4.24
2009	19	22.36	15.76	31.18	254.08	1.79	59.76	3.7
2009	20	23	16.1	31.33	291.1	0.87	55.57	3.68
2009	21	22.53	16.35	29.56	265.07	0.05	58.1	4.29
2009	22	22.23	15.97	30.56	255.47	0.15	56.76	3.31
2009	23	22.4	16.48	29.21	261.71	0.24	60.86	3.39
2009	24	22.68	16.18	29.93	272.7	0.2	57.3	3.63
2009	25	22.7	15.91	30.31	278.84	0.13	52.78	3.69
2009	26	21.66	16.44	29.17	250.37	3.77	63.13	3.36
2009	27	21.41	15.9	28.2	185.81	4.16	66.49	3.67
2009	28	21.45	16.9	28.72	266.57	7.07	70.15	4.4
2009	29	21.94	16.42	29.99	281.04	3.47	61.98	3.74
2009	30	21.54	14.42	30.34	279.3	2.05	55.99	3.53
2009	31	21.66	14.14	30.63	289.6	1.3	54.18	3.67
2009	32	20.92	15.39	27.75	258.94	2.25	65.3	3.28
2009	33	21	15.6	28.4	261.25	2.08	65.2	3.99
2009	34	21.39	14.53	30.09	244.47	0.7	63.87	3.93
2009	35	21.32	15.63	28.58	266.57	1.56	63.9	4.57
2009	36	21.26	14.05	29.67	304.18	0.25	55.99	4.5
2009	37	20.14	14.94	26.29	280.92	0.49	65.41	3.46
2009	38	22.49	16.71	29.97	261.94	0.49	55.55	2.82
2009	39	22.15	16.91	29.54	243.43	0.13	53.08	3.65
2009	40	21.7	15.5	29.14	227.7	0.44	58.88	4.5
2009	41	21.34	16.97	27.14	204.09	0.49	64.06	4.85
2009	42	22	16.2	30.38	269.12	0.21	58.75	4.06
2009	43	22.04	16.65	29.02	185	0.05	58.5	4.57
2009	44	21.54	15.32	30.04	296.77	0.05	51.54	4.9
2009	45	21.66	14.91	30.86	301.63	0.05	47.7	4.27
2009	46	22.42	14.44	31.16	260.09	0.08	52.55	3.79
2009	47	21.67	16.52	27.8	228.74	0.48	64.87	3.78
2009	48	22.48	17.37	29.39	279.3	0.65	60.01	4.49
2009	49	22.06	16.66	28.95	263.8	0.61	61.78	4.71
2009	50	22.69	16.14	31.21	275.02	0.16	49.6	4.32
2009	51	22.5	14.87	31.54	298.39	0.97	49.4	4.04
2009	52	22.41	15.64	31.57	306.37	0.7	50.75	3.93
2009	53	22.99	15.01	32.61	308.57	3.04	44.68	3.12
2009	54	22.76	16.17	30.29	272.82	3.95	55.15	3.56
2009	55	22.8	17.3	30.22	279.07	1.11	60.44	4.66
2009	56	22.36	16.98	30.02	275.83	1.49	62.06	4.85
2009	57	22.86	16.51	31.07	242.39	0.71	59.18	4.35
2009	58	23.18	17.04	30.88	273.28	1.15	59.22	4.37
2009	59	23.13	16.48	31.09	280.11	0.5	54.75	4.42
2009	60	23.13	15.47	31.32	277.45	1.04	54.81	4.05
2009	61	23.31	17.6	31.04	273.51	0.9	57.32	4.25
2009	62	23.47	16.64	31.31	257.9	0.39	55.87	4.12
2009	63	23.5	17.68	30.6	289.71	0.52	53.14	4.4
2009	64	23.56	16.18	31.62	287.17	0.17	49.49	4.68
2009	65	22.91	16.88	30.17	266.69	0.33	57.08	5.07
2009	66	22.74	16.89	30.6	242.62	0.24	53.74	5.12
2009	67	23.15	15.54	32.08	313.08	0.07	45.83	4.34
2009	68	23.97	15.51	32.97	300.7	0.1	42.83	3.65
2009	69	24.35	16.7	32.57	282.77	0.37	50.97	3.5
2009	70	24.24	18.03	32.07	302.32	0.74	54.34	4.15
2009	71	23.45	18.29	30.15	289.71	0.25	59.27	4.09
2009	72	22.49	17.47	28.36	278.03	1.04	62.33	4.61
2009	73	23.15	17.43	30.61	232.56	1.13	57.05	4.39
2009	74	22.94	17.19	29.67	275.48	0.37	58.88	3.75
2009	75	23.35	17.44	30.59	283.23	0.47	55.26	4.37
2009	76	23.82	16.63	32.59	302.21	0.24	48.2	3.47
2009	77	23.89	16.42	32.72	308.69	0.05	46.15	3.98
2009	78	23.78	16.59	32.36	303.13	0.11	49.4	4.11
2009	79	23.52	17.39	32.14	294.8	0.01	48.19	4.39
2009	80	23.39	15.65	32.68	313.89	0.01	42.94	3.96
2009	81	24.48	15.96	34.25	295.15	0.1	38.76	3.11
2009	82	24.44	16.35	33.81	311	0.24	41.35	3.33
2009	83	23.51	15.06	32.9	306.03	0.01	41.36	4.01
2009	84	23.26	14.9	32.46	309.38	0.02	44.03	4.26
2009	85	23.48	16.27	32.22	295.61	0.03	45.13	4.03
2009	86	23.93	16.38	32.79	287.86	0.47	55.22	4.01
2009	87	22.07	17.74	27.58	270.62	4.49	69.53	4.07
2009	88	22.94	16.78	30.62	210.92	0.56	60.58	3.53
2009	89	22.35	17.83	29.77	256.74	6.25	68.49	4.04
2009	90	21.22	17.55	26.88	237.53	3.48	73.19	3.8
2009	91	21.78	16.48	29.67	209.42	1.71	62.66	3.65
2009	92	21.85	15.21	30.51	262.75	0.39	56.84	3.39
2009	93	21.71	15.5	30.13	292.84	0.08	57.07	3.36
2009	94	22.75	16.15	31.12	289.02	0.27	53.47	3.52
2009	95	23.19	16.5	31.33	257.32	1.4	58.07	3.62
2009	96	21.63	17.95	27.41	234.18	2.2	71.17	2.56
2009	97	19.94	17.73	23.61	224.11	3.37	82.8	2.13
2009	98	20.58	17.33	25.31	283.12	3.02	76.89	2.84
2009	99	21.78	17.33	28.77	275.6	0.93	69.56	3.38
2009	100	22.52	17.19	30.62	256.51	0.89	65.06	3.4
2009	101	22.12	17.36	29.26	231.86	3.09	71.18	3.73
2009	102	21.86	16.84	29.39	242.74	4.66	67.16	3.9
2009	103	22.2	16.97	29.82	254.08	1.9	66.66	3.38
2009	104	22.3	16.35	30.61	242.85	1.58	61.23	3.83
2009	105	21.9	15.71	29.74	261.02	1.41	61.92	3.7
2009	106	21.94	16.4	29.67	232.33	4.57	66.93	3.14
2009	107	21.43	17	28.23	244.71	3.48	67.79	3.37
2009	108	21.87	15.97	29.37	249.68	6.04	66.38	3.14
2009	109	22.08	16.83	29.66	247.02	6.31	68.98	3.27
2009	110	21	17.14	26.45	223.65	5.7	77.05	2.93
2009	111	21.01	16.6	27.68	248.29	4.05	71.77	3.12
2009	112	21.23	15.33	28.73	240.42	2.56	68.16	3.6
2009	113	20.89	16.05	27.69	224	2.27	71.39	4.62
2009	114	20.94	15.59	28.14	213.58	1.55	70.71	4.64
2009	115	21.4	16.41	28.58	196.69	4.31	74.11	4.67
2009	116	21.81	16.12	29.52	232.44	2.52	67.92	3.9
2009	117	21.83	17.31	28.77	211.96	5.01	72.22	3.79
2009	118	21.92	17.75	28.4	255.7	1.22	71.1	3.84
2009	119	22	16.47	29.33	251.53	0.87	68.92	4.11
2009	120	21.13	15.93	28.52	228.62	1.29	60.63	3.24
2009	121	21.11	14.77	29.83	255.81	0.97	60.02	3.25
2009	122	21.33	16.28	28.25	209.88	1.51	66.91	4.34
2009	123	21.25	16.66	28.34	196	1.83	67.27	4.74
2009	124	21.55	16.35	29.29	253.38	0.55	63.04	4.16
2009	125	21.26	15.66	28.94	264.72	0.94	64.91	3.76
2009	126	21.68	16.66	28.7	221.91	1.28	68.06	4.15
2009	127	21.95	17	29.46	246.33	1.11	65.12	4.31
2009	128	21.71	16.86	28.64	258.01	0.9	65.99	3.84
2009	129	21.57	16.29	28.97	251.18	1.56	66.29	3.96
2009	130	21.02	16.82	27.91	219.14	2.71	71.13	4.21
2009	131	20.69	16.03	27.53	210.81	4.4	75.39	3.41
2009	132	20.24	16.27	26.24	192.18	4.15	72.25	3.28
2009	133	20.67	15.8	27.54	212.77	2.92	70.73	3.3
2009	134	20.97	15.69	28.48	190.67	0.87	61.73	2.86
2009	135	20.73	14.99	28.88	226.54	1.23	63.86	2.71
2009	136	20.59	14.87	27.95	208.84	0.63	64.17	2.82
2009	137	20.79	15.62	27.85	228.62	1.12	64.54	3.13
2009	138	21.54	15.27	29.7	260.79	0.11	58.95	2.57
2009	139	21.29	15.08	29.02	257.55	2.98	67.38	3.39
2009	140	20.89	15.1	28.27	179.45	1.29	68.13	3.98
2009	141	20.27	15.19	27.05	193.1	0.44	66.71	4.02
2009	142	20.01	13.8	28.56	255.35	0.06	58.36	3.44
2009	143	20.71	14.63	28.57	227.7	0.14	62.68	2.8
2009	144	21.38	15.01	29.65	230.47	0.53	61	2.01
2009	145	21.23	15.9	28.59	171.7	1.1	67.51	2.09
2009	146	19.7	16.37	24.73	191.14	3.95	73.19	1.97
2009	147	20.24	15.29	26.78	181.88	3.69	71.33	1.42
2009	148	20.1	16.06	26.49	152.72	3.28	73.15	2.15
2009	149	20.26	16.03	27.13	181.76	3.99	71.97	3.02
2009	150	20.9	15.29	28.47	250.95	2.37	69.23	2.91
2009	151	21.3	15.51	28.84	244.82	2.23	67.69	2.45
2009	152	21.5	15.82	28.55	245.28	2.17	68.83	1.44
2009	153	20.83	16.31	27.23	181.3	3.16	74.22	2.78
2009	154	20.91	15.61	28.14	216.71	1.62	67.3	2.63
2009	155	20.69	13.52	28.87	267.27	0.3	59.21	3.48
2009	156	20.74	15.37	27.88	203.17	0.28	65.33	3.73
2009	157	20.54	14.01	28.14	245.75	0.4	65.13	3.25
2009	158	20.61	13.87	28.25	135.48	0.36	65.19	3.49
2009	159	20.13	14.64	27.82	221.91	0.78	65.41	4.09
2009	160	19.74	13.09	27.65	210.46	0.28	64.07	4.07
2009	161	19.82	13.79	27.92	241.93	0.16	57.68	3.53
2009	162	20.17	14.58	28.52	251.76	0.11	56.54	3.11
2009	163	20.47	13.45	28.97	247.37	0.83	60.97	3.2
2009	164	20.46	14.72	27.97	211.85	0.77	62.77	3.63
2009	165	20.22	14.89	27.41	197.96	1.59	66.11	3.54
2009	166	20.25	13.44	28.46	220.87	0.31	58.54	3.69
2009	167	20.14	14.96	27.29	162.79	0.93	69.51	4.16
2009	168	19.93	14.35	27.44	191.02	0.83	68.09	3.99
2009	169	19.79	14.02	27.68	241.35	0.44	62.9	3.78
2009	170	19.92	14.27	27.38	196.34	0.24	62.4	3.21
2009	171	20.19	13.8	28.18	203.4	0.13	58.65	2.96
2009	172	20.12	14.35	27.48	214.97	0.19	64.16	3.45
2009	173	20.37	14.43	28.12	234.64	0.23	61.35	2.93
2009	174	21.08	14.34	29.77	242.51	0.36	59.13	1.97
2009	175	21.88	14.75	30.57	249.91	0.3	54.83	2.4
2009	176	21.64	14.59	30.58	259.28	0.04	51.88	2.24
2009	177	20.82	14.22	28.5	239.85	0.04	54.92	2.67
2009	178	21.2	15.52	28.82	204.44	0.03	60.24	3.74
2009	179	20.73	13.97	28.55	225.73	0.03	57.47	3.18
2009	180	21.3	15.29	28.71	215.32	0.14	58.64	3.36
2009	181	19.68	14.95	26.55	186.86	0.35	64.3	3.98
2009	182	19.06	12.79	26.57	214.39	0.07	53.32	3.25
2009	183	18.38	12.13	25.79	231.52	0.01	50.87	3.66
2009	184	18.96	12.17	27.21	220.06	0.01	60.16	3.96
2009	185	18.84	13.55	26.65	183.27	0.05	55.29	3.78
2009	186	18.99	12.92	27.61	224.23	0.11	54.66	3.53
2009	187	19.17	13.11	27.84	191.37	0.08	52.87	3.07
2009	188	18.87	13.36	26.53	164.99	0.11	59.44	3.66
2009	189	18.66	12.87	26.81	184.19	0.27	57.84	3.94
2009	190	18.95	13.09	27.26	219.48	0.25	55.2	4.03
2009	191	18.47	12.9	25.47	185.58	0.47	65.78	3.8
2009	192	19.38	12.96	26.97	202.82	0.38	60.34	3.33
2009	193	20.23	13.13	28.65	199.12	0.12	53.69	2.9
2009	194	20.27	12.29	29.59	262.75	0.01	48.18	3.12
2009	195	20.46	12.56	29.68	268.54	0.05	49.64	2.98
2009	196	20.99	13.72	29.31	257.43	0.17	53.16	2.57
2009	197	20.21	14.78	27.35	159.55	0.11	59.08	3.44
2009	198	19.68	13.82	28.23	192.99	0.07	54.57	3.67
2009	199	19.36	13.1	27.35	245.52	0.06	54.8	4.16
2009	200	19.72	13.58	27.5	233.6	0.03	54.41	3.56
2009	201	19.2	12.56	26.62	159.43	0.03	52.08	2.87
2009	202	19.37	13.14	26.46	161.98	0.06	56.83	2.91
2009	203	19.19	13.24	26.83	107.83	0.3	60.71	2.83
2009	204	20.21	14.14	28.39	123.45	0.73	62.11	3.14
2009	205	20.74	14.64	28.49	242.62	0.66	59.66	3.36
2009	206	20.49	14.45	28.45	251.53	0.03	52.38	4.16
2009	207	20.11	13.73	28.16	262.29	0.02	53.87	4.23
2009	208	19.45	11.65	28.18	183.04	0.01	53.8	3.83
2009	209	19.83	11.59	28.93	270.74	0	45.09	3.32
2009	210	20.58	12.48	29.84	280.11	0	44.8	2.57
2009	211	20.82	13.87	29.87	233.95	0.03	54.08	3.33
2009	212	20.5	14.46	28.41	167.53	0.1	58.16	3.56
2009	213	20.45	13.97	28.73	217.98	0.07	56.95	3.33
2009	214	20.32	14.2	28.3	197.15	0.07	55.71	3.65
2009	215	20.43	14.27	28.42	153.53	0.16	57.3	3.73
2009	216	19.81	13.98	27.47	167.3	0.37	62.19	4.51
2009	217	19.89	13.58	27.97	178.18	0.12	59.23	3.86
2009	218	20.02	13.68	28.08	146.13	0.12	59.52	3.96
2009	219	19.45	13.51	27.11	183.04	0.05	58.36	4.24
2009	220	19.82	13.43	28.87	206.87	0.02	50.82	4.2
2009	221	19.86	12.82	29.18	269.7	0.04	50.59	3.99
2009	222	19.97	13.26	29.11	214.51	0.02	50.49	3.73
2009	223	19.93	13.31	28.59	248.52	0	53.1	3.89
2009	224	20.11	13.82	27.82	221.91	0.05	54.93	3.64
2009	225	20.15	14.28	26.88	257.78	0.27	58.67	2.65
2009	226	20.7	14.63	28.39	120.68	0.25	58.59	3.71
2009	227	20.64	14.4	28.83	174.24	0.04	54.86	3.68
2009	228	19.6	14.11	26.17	122.41	0.07	60.27	3.28
2009	229	19.57	14.51	26.31	169.62	0.2	61.33	2.84
2009	230	19.67	13.96	26.49	126.92	0.21	60.24	2.91
2009	231	20.33	13.51	27.88	261.13	0.32	56.82	2.79
2009	232	20.89	14.06	29.39	195.65	0.66	56.67	2.99
2009	233	20.09	14.53	27.53	148.33	0.52	62.49	4
2009	234	19.93	14.12	27.73	134.56	0.15	57.91	4.49
2009	235	19.9	12.88	28.19	283.81	0.1	55.67	4.74
2009	236	19.98	14.32	27.59	145.09	0.28	59.6	4.16
2009	237	19.56	14.24	27.04	213	0.34	61.83	4.66
2009	238	19.68	14.11	27	134.44	0.14	61.87	4.72
2009	239	20.1	13.39	28.98	234.76	0.14	55.41	4.5
2009	240	20.39	13.59	28.79	262.29	0.1	54.16	4.66
2009	241	20.23	12.33	29.23	276.64	0.05	50.69	4.39
2009	242	21.04	13.97	29.94	259.05	0.12	53.08	3.94
2009	243	21.36	14.44	29.59	269.58	0.16	54.72	3.7
2009	244	21.09	14.88	28.97	276.75	0.26	57.57	3.88
2009	245	19.9	15.1	26.6	198.19	0.29	58.55	4.09
2009	246	19.09	14.48	24.8	120.91	0.62	60.05	3.43
2009	247	19.71	12.63	27.83	158.62	0.51	59.36	4.59
2009	248	20.1	13.63	28.36	223.88	0.43	60.19	4.67
2009	249	20.52	13.66	29.18	248.29	0.17	56.72	4.12
2009	250	20.83	13.97	29.58	231.28	0.17	54.18	4.14
2009	251	20.67	13.92	28.88	246.21	0.23	55.88	3.95
2009	252	21.38	14.6	29.69	176.67	0.24	56.64	3.66
2009	253	21.6	14.85	30.45	300.82	0.05	53.05	4.26
2009	254	21.29	13.88	30.72	304.52	0.01	50.17	3.91
2009	255	21.19	14.06	30.24	251.42	0.08	51.23	4.22
2009	256	21.76	14.37	30.67	303.25	0.01	47.36	3.77
2009	257	21.43	14.79	29.91	293.3	0.02	52.83	4.39
2009	258	22.07	14.77	31.24	297.35	0.05	45.79	4.11
2009	259	22.26	13.47	32.09	302.56	0.01	41.93	3.82
2009	260	22.89	15.7	31.93	292.03	0.1	49.99	4.11
2009	261	22.41	15.77	31.1	278.84	0.59	52.94	4.46
2009	262	22.87	15.7	32.08	288.9	0.25	49.67	4.55
2009	263	22.24	15.8	30.83	244.24	0.52	53.89	5.14
2009	264	21.89	14.13	30.74	282.77	0.16	49.42	5.01
2009	265	22.52	15.33	31.26	298.16	0.06	51.34	3.89
2009	266	22.5	15.3	31.1	271.55	1.34	52.71	3.88
2009	267	22.71	14.79	31.84	301.86	0.1	47.94	4.29
2009	268	22.06	14.67	31.21	304.75	0.11	48.11	4.55
2009	269	22.13	14.31	31.38	301.05	0.06	46.2	4.31
2009	270	22.74	15.55	31.81	288.32	0.09	47.76	4.27
2009	271	22.26	14.26	31.82	307.53	0.02	42.16	3.94
2009	272	22.34	14.76	31.39	295.96	0.03	47.36	3.7
2009	273	22.07	15.17	30.27	296.65	0.15	48.9	3.78
2009	274	22.15	15.56	30.09	234.18	0.14	54.36	4.16
2009	275	22.07	15.59	29.38	271.43	1.08	55.57	3.66
2009	276	22.66	16.08	30.18	245.98	0.99	50.3	3.29
2009	277	22.33	15.68	30.02	265.99	1.15	53.47	3.96
2009	278	22.92	15.54	32.19	294.34	0.09	47.43	4.5
2009	279	22.73	15.54	31.49	292.37	0.15	50.95	4.05
2009	280	22.98	16.34	31.6	197.15	0.38	53.3	4.02
2009	281	22.74	15.99	31.96	288.21	0.4	47.56	4.05
2009	282	22.1	15.93	30.27	216.71	1.33	51.27	4.01
2009	283	21.28	13.96	30.01	289.37	2.76	57.44	4.63
2009	284	20.95	13.8	29.38	302.56	0.2	51.2	4.52
2009	285	21.2	13.03	30.45	306.26	0.12	48.81	4.25
2009	286	22.08	15.06	31.17	301.98	0.37	50.62	4.42
2009	287	21.45	16.25	29.22	247.37	7.26	69.11	5.04
2009	288	20.74	16.21	28.27	193.45	4.37	73.1	5.47
2009	289	19.48	16.54	24.35	185.12	7.64	78.55	5.06
2009	290	20.28	15.67	26.82	234.64	5.02	72.09	4.48
2009	291	20.71	16.08	27.37	213.58	1.91	70.3	5.03
2009	292	20.68	15.56	27.91	267.85	1.88	68.17	5.03
2009	293	20.86	15.71	28.28	257.55	1.05	66.32	4.95
2009	294	20.9	13.35	29.3	290.52	0.85	58.26	4.39
2009	295	21.18	15.89	28.74	200.74	2.85	68.98	4.57
2009	296	20.82	16.03	27.54	189.75	1.66	70.4	4.69
2009	297	20.66	14.74	27	264.03	0.84	64.18	4.19
2009	298	21.12	14.08	29.13	267.04	0.61	58.97	4.36
2009	299	20.85	16.44	28.1	185.24	1.16	69.91	5.35
2009	300	20.49	15.55	27.31	203.86	1.27	69.42	4.62
2009	301	20.87	16.16	28.03	197.96	4.15	70.24	4.23
2009	302	20.86	14.94	28.03	255.23	0.93	65.27	4.01
2009	303	20.74	15.93	27.56	243.9	3.36	72.06	4.61
2009	304	19.81	16.34	25.57	203.75	7.21	77.49	4.59
2009	305	20	16.03	26.37	200.16	3.1	72.43	3.5
2009	306	20.36	15.48	26.94	196.57	2.87	72.58	3.49
2009	307	20.66	16.5	26.61	253.04	0.55	70.5	3.88
2009	308	21.75	16.14	29.35	270.51	0.63	66.89	3.8
2009	309	21.78	16.93	28.87	208.84	4.35	71.05	4.22
2009	310	21.7	17.46	28.29	262.64	2.07	69.31	4.4
2009	311	22.15	16.18	30.11	293.99	0.53	63.63	3.88
2009	312	22.15	16.97	29.48	284.04	0.46	62.23	3.98
2009	313	21.96	16.36	29.26	292.26	0.21	60.72	3.94
2009	314	22.15	17	29.83	286.24	0.39	61.35	4.19
2009	315	22.11	16.31	29.89	246.79	0.34	60.85	3.58
2009	316	21.72	15.66	29.53	268.89	0.94	61.69	3.2
2009	317	21.78	16.36	29.45	288.09	0.06	58.47	3.8
2009	318	21.68	15.48	29.97	277.8	0.05	56.69	4.09
2009	319	21.43	15.73	28.96	255.58	0.11	60.92	4.29
2009	320	21.99	15.84	29.79	273.86	0.59	61.65	3.37
2009	321	21.61	17.2	28.57	238.11	3.8	69.23	4.21
2009	322	20.66	17.01	26.13	189.4	4.89	72.09	3.21
2009	323	21.23	16.25	28.61	267.15	2.75	66.37	4.07
2009	324	21	15.79	28.52	280.23	1.55	64.79	4.59
2009	325	20.96	14.49	29.4	283	1.22	58.82	4.23
2009	326	21.55	15.8	29.41	274.56	0.63	63.06	3.74
2009	327	21.43	16.19	28.84	242.16	2.22	65.22	3.37
2009	328	21.4	16.76	28.72	215.09	1.74	67.02	3.93
2009	329	21.36	16.64	28.45	229.09	1.13	69.69	4.1
2009	330	21.77	16.6	29.28	259.28	1.4	65.23	4.34
2009	331	21.86	16.26	29.34	242.51	1.94	65.36	3.92
2009	332	21.49	16.89	27.89	182.34	4.93	70.46	3.63
2009	333	21.86	16.5	29.45	277.1	1.26	65.62	3.75
2009	334	21.91	15.85	29.78	267.85	0.67	63.15	3.88
2009	335	21.63	16.72	28.69	254.42	2.59	67.8	4.59
2009	336	21.58	16.93	28.58	224.46	2.87	69.95	4.84
2009	337	20.13	17.54	24.77	101.82	6.07	79.37	4.52
2009	338	20.92	16.93	27.07	211.73	0.27	70.65	3.79
2009	339	20.79	15.88	27.77	231.28	3.17	71.77	3.82
2009	340	21.22	16.22	28.17	282.54	5.88	72.42	3.98
2009	341	21.58	16.83	28.86	268.42	2.23	68.27	3.95
2009	342	22.16	16.35	30.2	274.79	1.4	62.85	3.25
2009	343	21.58	17.45	28.46	256.85	2.89	70.52	3.49
2009	344	22.05	16.99	29.67	233.02	2.5	67.2	3.67
2009	345	21.27	17.13	27.44	259.63	2.6	72.43	3.13
2009	346	21.31	16.84	27.63	228.51	7.75	73.99	2.76
2009	347	21.62	17.29	28.06	255.81	2.9	71.9	2.84
2009	348	21.37	17.68	27.67	269.35	4.61	74.43	3.52
2009	349	21.55	16.97	28.33	281.61	4.38	71.04	3.62
2009	350	21.26	16.37	28.77	257.43	5.21	72.29	4.36
2009	351	20.98	15.26	29.29	283.23	0.19	63.12	4.19
2009	352	21.42	14.78	29.58	268.19	0.03	64.17	4.51
2009	353	21.73	15.96	29.07	272.13	0.03	64.43	4.78
2009	354	21.94	16.4	29.35	242.74	0.07	63.43	4.53
2009	355	22.07	16	29.67	267.96	0.03	62.14	3.7
2009	356	22.12	16.35	29.72	255.7	3.11	65.71	3.08
2009	357	20.21	17.38	24.71	209.42	9.06	80.3	2.52
2009	358	20.1	16.7	25.91	159.32	13.56	78.42	3.22
2009	359	19.68	16.33	24.8	194.03	10.35	80.02	2.51
2009	360	19.85	16.46	24.72	182.23	5.26	80.86	2.54
2009	361	19.69	16.58	24.49	223.88	8.13	83.25	1.85
2009	362	20.36	16.71	25.7	236.03	4	78.37	1.93
2009	363	20.35	16.66	26.17	240.08	2.76	77.12	3.47
2009	364	20.78	16.09	27.65	265.42	3.23	74.02	2.97
2009	365	21.18	16.32	27.79	248.52	3	74.5	2.85
2010	1	20.9	16.87	26.63	271.78	5.93	78.46	2.57
2010	2	19.91	17.3	24.17	243.2	4.19	81.09	1.51
2010	3	20.59	16.85	26.33	208.72	2.63	78.25	3.44
2010	4	19.86	15.9	25.78	217.52	5.92	76.64	3.21
2010	5	20.25	14.59	27.82	273.98	1.52	66.13	3.32
2010	6	20.89	14.56	28	259.05	4.02	70.08	2.84
2010	7	21.14	16.9	27.3	236.61	4.28	74.69	2.42
2010	8	21.14	17.35	27	245.86	3.14	75.69	2.48
2010	9	20.36	16.69	26.05	211.38	5.43	79.71	1.83
2010	10	19.6	16.26	24.94	245.98	7.42	75.76	2.24
2010	11	19.84	15.29	26.75	242.85	1.14	66.36	2.96
2010	12	19.65	15.03	26.15	275.02	0.02	60.7	3.44
2010	13	19.26	13.47	26.42	264.84	0	60.28	4.28
2010	14	19.72	13.41	27.16	137.68	0.06	63.07	4.33
2010	15	20.69	14.06	28.34	253.5	0.04	66.26	4.03
2010	16	20.85	15.54	28.4	272.94	0.19	65.57	3.75
2010	17	20.98	15.15	28.2	276.41	0.14	65.27	3.64
2010	18	20.99	14.56	29.1	266.69	0.41	60.12	3.99
2010	19	21.13	15	28.85	253.85	0.23	66.23	3.85
2010	20	21.61	15.45	29.27	267.61	0.3	64.49	3.72
2010	21	21.67	14.98	29.95	296.42	0.11	59.48	3.3
2010	22	21.88	14.96	30.5	282.31	0.17	58.05	3.34
2010	23	21.94	15.23	29.77	280.11	0.34	61.8	3.65
2010	24	21.95	15.41	30.07	288.21	0.23	58.98	4.58
2010	25	21.42	14.4	29.78	296.31	0.14	58.07	4.16
2010	26	21.64	14.02	30.97	308.57	0	48.01	4.2
2010	27	21.41	13.37	30.45	304.06	0.04	52.36	4.37
2010	28	22.17	14.45	30.54	301.4	0	53.64	4.22
2010	29	22.32	16.06	29.92	288.32	0.07	57.17	4.04
2010	30	22.03	14.69	30.56	244.36	0	54.9	4.06
2010	31	21.99	15.26	30.26	259.63	0.72	61.25	4.25
2010	32	22.57	15.95	30.6	295.96	0.97	58.08	3.81
2010	33	23.04	15.15	32.62	302.44	0.08	51.09	3.83
2010	34	22.88	15.61	31.51	297.46	0.47	57.86	4.09
2010	35	22.83	16.38	31	273.4	2.31	60.48	2.95
2010	36	20.86	17.13	25.53	200.28	0.64	71.89	1.78
2010	37	21.5	16.97	28.55	167.19	1.63	68.7	2.5
2010	38	21.31	16.25	28.43	218.56	2.25	69.35	2.79
2010	39	21.84	16.17	30.35	278.14	0.82	59.13	4.26
2010	40	21.09	15.26	29.7	294.92	0.28	57.11	4.28
2010	41	21.41	13.45	30.98	311.93	0.18	51.1	3.76
2010	42	22.45	14.72	31.03	298.62	0.36	54.94	4.09
2010	43	22.35	16.74	30.48	269.12	1.33	59.85	4.39
2010	44	21.92	15.58	29.53	204.67	3.23	67.38	4.12
2010	45	22.33	17.33	29.57	237.65	2.21	64.8	4.59
2010	46	22.93	16.7	30.67	297.35	0.8	59.53	4.29
2010	47	23.07	16.32	31.5	266.23	0.48	58.33	3.74
2010	48	23.14	17.42	30.16	256.39	2.36	61.76	2.5
2010	49	21.9	17.35	27.99	260.79	4.31	66.8	2.7
2010	50	21.72	17.2	28.16	248.64	5.14	72.53	3.91
2010	51	20.76	17.65	25.92	192.52	6.23	78.27	3.09
2010	52	21.01	17.2	26.03	191.02	2.29	74.54	3.8
2010	53	20.96	17.28	26.51	180.03	0.79	70.82	3.73
2010	54	22.34	16.12	30	245.28	0.75	62.59	3.92
2010	55	22.33	15.94	30.47	290.52	0.44	60.89	3.96
2010	56	22.53	15.73	31.59	269.93	0.61	54.85	3.66
2010	57	22.72	16.24	31.42	274.56	2.02	60.86	2.99
2010	58	22.3	16.68	28.75	271.55	1.66	64.88	3.62
2010	59	22.34	17.39	29.53	177.95	5.08	67.37	2.21
2010	60	20.69	16.85	25.52	158.62	2.01	75.36	3.76
2010	61	22.14	16.09	30.07	158.51	1.35	63.57	3.59
2010	62	22.04	17.13	29.51	266.92	3.14	67.63	2.69
2010	63	22.92	16.59	31.17	286.94	1.53	59.94	1.69
2010	64	23.5	17.04	31.68	297.93	0.79	57.43	3.02
2010	65	22.67	17.53	30.08	263.91	1.45	68.17	3.94
2010	66	21.98	17.96	28.28	249.8	5.81	72.93	4.58
2010	67	20.99	17.77	26.29	169.62	3.78	78.49	4.6
2010	68	21.86	17.19	28.93	242.51	1.83	71.76	5.05
2010	69	21.99	16.85	29.28	188.71	1.69	67.99	5.13
2010	70	22.52	16.41	30.84	306.72	0.79	62.47	4.44
2010	71	22.33	15.19	30.8	302.44	0.63	59.12	4.56
2010	72	22.68	15.79	31.13	267.96	0.36	61.3	4.24
2010	73	22.42	15.97	30.63	284.27	1.82	63.07	4.77
2010	74	22.31	15.44	30.3	259.75	1.5	63.97	4.82
2010	75	21.68	17.17	27.88	232.33	3.21	70.63	4.47
2010	76	21.85	15.43	30.7	258.47	2.12	59.94	4.26
2010	77	22.35	15.04	31.52	280.69	0.97	53.98	4.13
2010	78	22.94	16.87	30.94	242.74	1.57	60.97	4.25
2010	79	22.01	16.82	29.28	247.48	4.35	65.75	3.89
2010	80	21.57	16.9	29.01	271.32	10.44	71.14	3.85
2010	81	21.76	16.51	28.7	274.32	1.82	69.55	3.44
2010	82	21.89	17.03	29.34	254.31	4.55	72.88	3.66
2010	83	21.67	17.91	27.89	245.4	6.64	75.92	2.36
2010	84	21.58	17.65	27.49	248.87	5.74	75.91	1.44
2010	85	21.94	17.91	28.16	260.79	2.61	74.18	3.37
2010	86	22.8	17.78	30.45	271.9	3.19	65.93	2.59
2010	87	21.96	17.83	28.25	242.39	4.17	74.4	1.22
2010	88	21.42	18.13	26.97	271.09	2.94	75.36	1.91
2010	89	21.93	16.37	29.61	243.9	1.94	67.19	2.67
2010	90	22.25	17.05	29.85	273.05	1.85	65.3	3.03
2010	91	21.99	17.31	29.05	205.6	4.74	73.27	3.83
2010	92	21.52	17.33	27.94	233.6	7.88	74.79	4.38
2010	93	21.54	16.67	28.45	246.33	3.72	71.9	4.14
2010	94	20.73	16.87	27.61	206.18	3.61	76.76	3.54
2010	95	20.57	16.55	27.56	249.68	4	76.48	3.96
2010	96	21.47	15.98	28.59	277.56	1.31	69.75	3.61
2010	97	22.05	16.69	29.62	270.16	2.78	67.76	3.5
2010	98	21.79	17.5	28.82	248.06	2.19	72.45	4.56
2010	99	21.73	16.37	29.07	262.41	1.13	68.63	4.36
2010	100	22.28	16.22	30.56	280.46	0.85	64.97	3.2
2010	101	22.71	16.64	31.41	283.58	1.31	62.78	2.86
2010	102	22.95	17.13	31.32	258.13	1.24	65.67	3.47
2010	103	22.19	16.63	29.76	266.23	0.7	65.36	3.68
2010	104	22.02	16.84	29.47	241.35	6.91	71.78	3.38
2010	105	21.08	17.04	27.35	217.17	6.36	73.45	3.9
2010	106	21.45	17.33	27.73	222.61	3.53	72.3	3.44
2010	107	21.77	17.37	28.41	228.39	3.11	73.13	3.55
2010	108	22.25	17.46	29.56	230.82	2.9	69.75	3.63
2010	109	22.46	17.91	29.23	240.66	1.73	71.49	3.5
2010	110	22.19	17.4	28.84	263.91	0.81	67.91	2.62
2010	111	22.81	17.1	30.86	261.25	0.31	62.85	3.37
2010	112	22.44	16.99	29.97	257.2	0.8	68.63	3.43
2010	113	21.88	15.74	29.82	237.53	1.5	67.01	3.25
2010	114	22.09	15.84	30.36	247.02	1.31	60.99	3.3
2010	115	22.19	16.9	29.66	247.48	0.54	64.68	3.04
2010	116	22.22	16.95	30.02	239.61	1.56	64.57	3.29
2010	117	20.28	15.44	26.31	170.31	3.05	74.81	3.36
2010	118	21.04	15.82	28.34	231.63	4.79	74.79	3.46
2010	119	21.53	17.38	27.86	232.44	5.09	77.16	3.52
2010	120	21.36	17.79	27.49	203.28	3.36	77.57	4.68
2010	121	20.74	15.44	27.64	211.85	10.68	73.15	3.53
2010	122	20.39	15.79	26.34	207.8	8.09	75.41	3.13
2010	123	20.43	16.92	26.61	246.44	6.07	75.7	3.34
2010	124	20.47	16.31	27.17	238.57	9.74	79.48	3.12
2010	125	20.68	16.45	27.14	189.05	1.34	74.12	3.23
2010	126	20.48	15.94	25.65	266.57	0.75	72.97	2.83
2010	127	19.16	15.16	24.55	170.77	0.25	71.07	3.39
2010	128	20.88	14.43	28.87	250.84	0.04	67.01	3.07
2010	129	21.1	15.73	28.13	221.22	0.35	69.79	3.03
2010	130	21.11	15.86	27.93	193.91	0.16	69.15	2.55
2010	131	20.25	16.75	26.12	219.71	8.5	75.45	2.21
2010	132	20.63	16.75	26.85	193.22	9.23	75.71	1.9
2010	133	20.62	16.24	27.18	160.13	1.41	73.97	2.93
2010	134	20.32	15.8	26.46	162.21	1.56	76.26	3.65
2010	135	20.52	15.63	27.16	174.71	0.46	69.68	3.46
2010	136	21.04	14.59	29.16	251.07	0.04	64.04	2.21
2010	137	20.88	15.72	27.69	169.85	2.01	73.44	1.09
2010	138	21.14	17.21	27.55	234.41	3.16	74.04	1.59
2010	139	21.52	16	29.16	234.76	0.64	68.95	2.24
2010	140	21.14	15.66	29.09	268.89	0.18	65.8	3.13
2010	141	20.3	13.87	28.38	196.46	0.52	69.26	3.1
2010	142	20.55	14.35	27.43	236.26	2.22	75.31	2.81
2010	143	21.38	16.36	28.51	223.65	0.74	68.78	3.29
2010	144	21.05	14.62	28.57	216.24	0.3	67.32	3.05
2010	145	21.05	15.12	28.42	221.1	0.22	69.61	3.55
2010	146	20.73	15.53	28.28	244.13	0.56	66.15	3.74
2010	147	20.24	13.46	27.34	227.7	2.49	71.35	3.43
2010	148	20.82	15.75	27.82	145.9	1.8	71.97	3.49
2010	149	21.08	15.88	28.9	202.48	0.55	65.17	3.52
2010	150	20.42	15.13	27.85	253.27	0.29	62.33	3.6
2010	151	20.14	14.13	27.91	223.76	0.1	62.72	3.2
2010	152	20.26	14.54	28.13	229.09	0.07	61.64	2.24
2010	153	21.17	15.18	28.74	236.49	0.62	63.45	1.73
2010	154	20.75	16.12	27.11	201.55	0.71	69.34	2.41
2010	155	20.67	16.22	27.65	187.43	1.11	68.84	2.7
2010	156	20.07	15.51	26.49	166.72	0.78	70.14	2.57
2010	157	19.8	15.24	26.49	171.35	0.44	70.33	2.42
2010	158	20.29	14.77	28.22	186.74	0.19	59.69	2.85
2010	159	19.75	13.04	27.92	169.38	0.21	62	2.87
2010	160	19.61	13.86	26.64	182.69	1.49	74.06	3.15
2010	161	20.64	15.18	28.3	151.68	0.09	61.76	3.2
2010	162	20.35	15.11	27.63	188.59	0.13	66.54	2.68
2010	163	20.39	13.52	28.53	219.37	0.2	58.98	2.29
2010	164	19.58	15.2	25.4	181.76	0.9	72.34	2.05
2010	165	20.42	15.18	28.26	189.05	1.1	68.25	2.66
2010	166	20.2	15.44	26.78	143.7	0.95	72.14	1.98
2010	167	20.17	15.57	26.85	135.37	1.79	70.63	2.6
2010	168	20.12	15.24	26.51	150.99	0.22	65.36	3.27
2010	169	18.96	13.9	25.04	223.53	0.03	63.79	2.85
2010	170	20.05	14.24	27.54	157.58	0.41	67.19	3.43
2010	171	20.57	14.35	28.71	139.42	0.07	63.13	3.48
2010	172	20.02	14.36	27.61	201.43	0.03	60.99	3.05
2010	173	19.29	13.74	26.24	124.26	0.2	62.57	2.52
2010	174	19.06	12.69	26.79	191.37	0.11	64.1	3.19
2010	175	19.6	14.53	26.77	206.18	0.19	62.25	4.17
2010	176	19.97	13.03	27.55	185.7	0.04	59.17	3.02
2010	177	20.32	14.84	27.68	157.58	0.16	64.44	3.05
2010	178	20	14.73	27.22	195.19	0.29	61.02	2.4
2010	179	19.92	13.12	28.34	248.41	0	53.86	3.4
2010	180	20	13.47	28	211.5	0.24	59.46	3.13
2010	181	20.48	13.72	28.81	252.34	0.08	52.94	2.94
2010	182	20.54	13.52	28.11	168.46	0.45	59.41	2.63
2010	183	20.54	15.27	27.21	206.52	0.24	61.52	2.97
2010	184	19.94	13.22	28.61	198.77	0.05	51.24	2.68
2010	185	19.34	12.62	27.23	230.36	0.01	51.26	2.42
2010	186	19.6	13.07	27.74	202.36	0.01	54.5	2.91
2010	187	19.26	13.6	27.01	130.28	0.09	58.93	2.79
2010	188	19.17	13.91	26.21	167.53	0.11	62.15	3.32
2010	189	18.8	13.7	25.76	127.39	0.22	58.39	3.07
2010	190	18.73	12.46	25.82	207.91	0.07	55.76	2.69
2010	191	19.66	12.62	27.75	188.01	0	57.1	2.18
2010	192	20.03	13.64	27.62	225.15	0	58.14	2.35
2010	193	20.25	13.86	28.45	206.87	0	59.02	2.9
2010	194	20.08	14	28.15	247.37	0	56.9	3.43
2010	195	19.54	12.51	28.75	212.89	0	50.2	3.07
2010	196	18.44	13.31	24.81	180.61	0.15	60.81	3.65
2010	197	19.61	13.27	27.54	259.4	0.16	59.55	3.68
2010	198	20.12	13.86	28.06	193.8	0.29	56.98	3.35
2010	199	19.87	14.09	27.99	222.38	2.17	62.71	4.01
2010	200	19.36	13.82	26.7	180.84	0.77	63.67	3.9
2010	201	19.88	13.23	28.2	242.62	0.01	57.13	3.09
2010	202	19.64	13.82	26.98	182.57	0.27	58.96	2.73
2010	203	19.68	14.02	26.48	140.34	0.02	57.74	3.53
2010	204	20.36	13.51	28.46	180.03	0.02	53.68	3.03
2010	205	19.67	14	27.28	196.81	0.66	57.58	2.84
2010	206	18.67	13.89	24.95	201.32	1.72	62.5	2.29
2010	207	19.12	13.99	25.82	133.63	0.89	64.99	2.68
2010	208	19.5	13.76	27.16	152.26	0.07	57.93	3.1
2010	209	18.52	13.1	24.35	155.27	0.32	61.14	2.04
2010	210	20.13	13.09	27.83	169.96	0.09	54.27	2.38
2010	211	19.97	13.54	28.04	211.15	0.48	58.16	2.44
2010	212	18.89	13.44	25.78	180.26	0.63	62.47	2.96
2010	213	18.92	13.61	25.53	147.98	0.85	62.41	3.38
2010	214	19.61	12.91	28.01	236.38	0.13	55.83	3.8
2010	215	19.63	13.71	27.58	172.39	0.33	58.54	3.96
2010	216	20.22	14.12	28.8	205.83	0.06	57.67	3.78
2010	217	20.05	13.55	28.04	222.61	0	57.63	4.08
2010	218	20.29	14.49	27.68	207.8	0	61.04	3.94
2010	219	20.33	14.03	28.68	184.08	0	58.84	3.88
2010	220	19.9	14.2	27.78	154.81	0	57.52	3.86
2010	221	18.56	13.6	24.85	198.54	0.41	61.48	3.15
2010	222	19.57	13.83	27.19	129.35	0.77	62.7	3.86
2010	223	20.03	13.84	28.53	130.28	0.14	52.3	3.85
2010	224	19.31	13.06	27.32	227.81	0.28	58.5	4.43
2010	225	19.44	12.85	27.29	178.53	0.07	53.78	3.5
2010	226	20.05	12.21	29.12	232.67	0.02	48.42	3.08
2010	227	20.03	12.42	28.95	235.91	0.09	51.17	2.39
2010	228	19.86	12.07	29.59	247.14	0.06	47.81	2.74
2010	229	20.01	12.57	29.29	179.8	0.33	47.23	2.72
2010	230	19.77	11.93	29.29	274.21	0.05	43.29	2.57
2010	231	20.45	12.17	30.32	261.13	0	43.14	2.45
2010	232	21.1	13.27	29.7	249.45	0.2	52.86	2.09
2010	233	20.77	14.42	28.41	197.27	2.23	52.97	2.54
2010	234	20.35	13.96	27.2	194.49	2.18	58.4	2.64
2010	235	20.39	14.27	28.29	177.72	2.18	62.16	2.9
2010	236	20.55	14.87	27.8	200.51	1.2	61.43	2.88
2010	237	19.33	14.99	25.27	182.69	1.53	63.39	3.14
2010	238	19.98	14.28	26.57	248.06	0.31	60.52	2.85
2010	239	19.82	14.6	26.5	165.68	0.32	65.26	3.76
2010	240	19.96	14.27	27.07	105.98	1.93	63.5	3.22
2010	241	19.42	14.31	26.1	146.13	0.59	65.79	3.85
2010	242	19.79	14.33	26.8	188.48	0.15	58.7	3.92
2010	243	19.67	13.47	26.76	169.5	0.13	56.65	3.15
2010	244	19.4	14.03	26.03	121.95	0.22	59.77	3.16
2010	245	19.67	13.77	26.94	277.22	0.47	62.35	3.71
2010	246	20.64	14.05	28.72	247.25	0.32	59.67	4.04
2010	247	21.31	15.29	29.16	223.53	2.77	59.35	3.47
2010	248	21.76	14.78	30.97	293.99	0.11	49.94	2.94
2010	249	21.04	13.26	30.53	301.51	0	47.43	3.26
2010	250	21.16	13.14	29.95	286.59	0.04	52.59	2.58
2010	251	21.74	14.95	29.29	191.37	0.29	55.24	2.65
2010	252	21.5	16.06	28.42	279.99	0.28	57.48	3.33
2010	253	21.95	15.41	29.48	272.7	0.16	52.95	2.94
2010	254	21.86	15.18	30.01	209.53	0.07	54.02	3.47
2010	255	21	14.88	29.66	196	0.09	50.87	4.47
2010	256	20.63	13.61	29.91	181.19	0.14	47.38	4.56
2010	257	20.11	14	27.94	167.3	1.3	61.75	4.8
2010	258	20.4	13.1	28.51	253.27	1.24	56.97	4.15
2010	259	20.97	14.63	29.22	182	1.44	59.74	4.51
2010	260	20.9	14.24	29.33	209.53	0.65	59.52	4.24
2010	261	20.94	14.64	29.23	182.34	0.8	55.19	3.94
2010	262	20.31	14.41	27.95	160.24	0.51	56.93	3.32
2010	263	20.2	14.38	27.63	199.81	1.61	58.92	3.09
2010	264	21.06	13.86	30.24	261.25	0.28	50.79	3.77
2010	265	20.49	13.96	29.64	115.82	0.27	55.09	4.07
2010	266	19.83	13.47	29.13	291.91	0.22	48.14	4.37
2010	267	19.5	11.12	29.43	318.98	0	41.12	3.48
2010	268	20.33	12.48	29.04	261.02	0.18	54.53	3.9
2010	269	21.54	14.67	30.09	230.24	0.51	53.87	3.92
2010	270	22.26	15.34	31.43	241.58	1.97	52.6	3.55
2010	271	21.26	14.4	30.24	290.75	0.02	50.33	4.24
2010	272	19.95	13.12	28.47	172.86	0.27	55.26	4.73
2010	273	20.37	13.44	29.49	292.72	0.11	50.78	4.02
2010	274	20.7	13.96	28.78	218.33	0.19	54.64	3.72
2010	275	21.59	13.91	30.68	288.9	0.55	52.45	3.5
2010	276	21.14	15.08	28.41	251.53	0.93	58.19	3.43
2010	277	21.34	15.71	27.95	246.67	1.66	60.83	3.22
2010	278	20.46	15.69	26.71	240.08	1.49	62.75	2.67
2010	279	21.67	14.52	30.44	223.65	0.26	52.58	3.37
2010	280	22.16	13.63	31.13	274.21	0.26	46	2.91
2010	281	21.93	13.6	30.89	292.95	0	47.3	3.41
2010	282	22.05	15.08	29.62	288.67	0	53.34	3.32
2010	283	23.17	16.11	31.12	247.71	0	48.3	3.03
2010	284	23.41	16.77	30.84	282.89	0	48.37	3.54
2010	285	23.32	15.84	32.29	288.21	0	46.05	4.13
2010	286	22.76	15.61	32.05	298.85	0.08	48.1	4.18
2010	287	22.88	16.34	31.55	284.74	0.23	51.69	4.32
2010	288	22.22	15.17	30.54	253.85	0.2	53.47	4.49
2010	289	22.81	15.93	31.2	277.68	0.4	53.09	4.78
2010	290	22.12	16.62	29.51	253.96	0.79	56.84	4.61
2010	291	21.75	15.29	29.9	250.03	0.83	53.49	4.53
2010	292	21.56	15.12	29.75	291.68	0.28	46.96	4.41
2010	293	21.75	14.18	30.53	301.17	0.17	45.31	4.11
2010	294	21.52	15.97	28.36	235.22	0.84	56.36	3.98
2010	295	21.31	16.17	28.41	183.85	2.16	64.27	4.03
2010	296	21.39	16.06	28.71	201.55	4.11	65.42	3.99
2010	297	21.38	16.18	28.7	219.83	2.56	65.69	4.44
2010	298	21.4	15.92	29.05	221.57	2.36	63.86	4.26
2010	299	21.83	16.43	29.08	242.85	2.9	65.93	4.38
2010	300	21.93	16.54	29.63	261.25	0.93	61.68	4.8
2010	301	21.72	15.6	30.1	249.22	0.91	61.11	4.39
2010	302	21.64	15.06	30.02	290.41	0.31	54.32	4.17
2010	303	22.15	14.75	31.27	292.61	0.32	47.98	3.78
2010	304	22.6	16.6	30.9	261.83	2.36	57.11	4.15
2010	305	21.86	16.7	29.3	221.1	5.34	66.08	4.17
2010	306	21.36	16.71	28.41	208.49	4	69.71	3.85
2010	307	20.91	17.11	27.08	217.05	2.9	73.84	3.93
2010	308	21.18	17.22	27.91	140.11	2.69	72.69	4.76
2010	309	20.29	17.02	25.55	178.53	6.04	77.81	4.75
2010	310	21.21	16.58	28.06	230.71	1.67	70.89	4.54
2010	311	21.5	16.69	28.44	232.33	2.07	68.73	4.24
2010	312	21.48	16.49	28.5	248.18	3.31	69.95	3.78
2010	313	21.06	16.96	27.33	192.06	2.3	72.28	4.23
2010	314	21.21	16.45	28.4	231.63	3.24	68.56	4.45
2010	315	21.18	16.66	28.57	263.8	6.42	70.27	4.31
2010	316	20.93	17.04	27.11	202.48	4.14	73.17	4.6
2010	317	21.01	16.07	28.12	248.87	1.81	70.55	4.41
2010	318	21.28	16.82	27.94	218.9	2.51	69.42	4.7
2010	319	20.85	16.46	27.77	247.83	2.41	68	4.68
2010	320	20.74	16.21	27.6	180.95	0.39	67.6	3.88
2010	321	21.05	15.53	28.22	245.75	0.46	67.9	3.33
2010	322	21.25	16.49	28.13	252.46	2.3	68.54	4.29
2010	323	21.49	16.2	28.61	267.38	0.72	66.48	4.19
2010	324	22.13	16.01	30.36	272.82	0.14	61.01	3.69
2010	325	22.12	16.44	29.62	262.06	0.31	62.91	3.58
2010	326	21.83	16.08	29.97	261.13	0.71	64.66	4.03
2010	327	21.95	16.38	29.86	277.91	0.48	61.06	4.61
2010	328	22.06	16.66	29.42	272.59	0.4	63.04	4.43
2010	329	21.22	16.11	28.37	257.9	1.9	65.91	4.53
2010	330	20.37	16.22	26.55	209.88	1.44	69.08	4.71
2010	331	21.05	15.29	28.39	233.83	0.24	65.62	3.91
2010	332	21.55	15.97	28.76	254.54	0.74	65.53	3.72
2010	333	21.96	16.55	29.03	257.66	0.72	64.76	3.63
2010	334	21.13	16.99	27.27	220.99	1.21	68.98	3.28
2010	335	21.93	16.64	28.92	235.45	0.4	62.22	3.37
2010	336	22.27	15.98	29.66	271.2	0.5	59.7	4.03
2010	337	22.26	16.32	29.45	285.43	0.74	61.89	3.88
2010	338	22.83	15.74	31.14	294.57	0.63	55.78	3.77
2010	339	23.35	16.33	31.62	281.15	1.1	54.58	2.82
2010	340	22.33	16.82	29.74	258.82	4.52	64.51	2.55
2010	341	20.01	17.35	24.23	237.65	10.86	79.72	2.25
2010	342	20.86	16.69	27.25	216.13	2.84	69.92	3.42
2010	343	20.72	16.04	27.74	198.66	3.36	69.74	3.18
2010	344	20.81	16.22	27.88	232.21	1.49	70.1	3.45
2010	345	20.82	16.58	27.75	218.09	2.74	72.8	4.14
2010	346	21.22	16.41	28.23	255.35	0.26	66.94	4.4
2010	347	21.15	15.9	28.7	270.16	0.04	61.66	4.49
2010	348	21.21	15.26	28.9	266.11	0.04	60.99	4.51
2010	349	20.89	15.45	28.35	257.09	0.06	60.36	4.12
2010	350	20.84	13.49	29.73	278.84	0.05	54.38	3.49
2010	351	21.14	14.25	30.09	288.56	0.03	50.3	3.68
2010	352	21.16	14.18	29.96	290.18	0.02	51.77	3.43
2010	353	21.4	13.64	29.83	288.9	0.03	52.7	3.5
2010	354	21.39	14.85	29.53	273.63	0.1	53.25	3.76
2010	355	21.31	13.7	29.49	279.99	0.09	51.27	3.76
2010	356	21.56	14.7	29.85	257.55	0.47	53.93	3.93
2010	357	21.71	14.23	30.86	276.75	0.23	51.32	3.57
2010	358	22.25	14.99	30.25	279.65	0.39	55.37	3.15
2010	359	22.27	16.58	29.15	264.95	0.65	59.51	3.29
2010	360	22.41	16.3	30.35	270.16	1.12	57.42	3.75
2010	361	21.26	16.38	28.31	235.91	3.64	68.12	4.27
2010	362	21	16.78	27.61	244.13	2.21	69.28	4.76
2010	363	21.29	15.99	29.14	247.95	2.08	62.65	3.86
2010	364	20.68	15.23	28.14	249.56	3.47	66.73	3.64
2010	365	20.97	16.14	28.06	274.21	1.75	67.49	4.53
2011	1	13.03	10.24	16.84	280.23	2.48	77.42	4.38
2011	2	12.53	9.77	16.56	211.09	0.47	56.91	3.87
2011	3	11.4	8.43	15.32	214.32	0	60.44	4.2
2011	4	11.46	8.22	15.12	103.83	0	73.27	4.48
2011	5	12.54	9.33	17.01	274.51	0	74.98	5.09
2011	6	13.87	11.13	18.05	376.05	0	73.78	4.69
2011	7	13.81	11.47	17.16	355.46	0.03	70.07	4.13
2011	8	14.07	12.27	17.49	361.29	0	64.35	4.95
2011	9	13.44	11.35	16.48	277.82	0.15	57.99	4.46
2011	10	11.81	8.91	15.87	312.8	0.05	57.68	3.85
2011	11	12.71	9.05	17.99	300.67	0	53.19	4.17
2011	12	13.74	10.5	18.35	365.58	0	58.45	4.01
2011	13	13.67	11.89	17	359.62	0	61.1	4.05
2011	14	14.16	11.96	17.96	341.86	0	39.06	3.88
2011	15	13.4	10.61	16.95	349.03	0	43.76	3.63
2011	16	12.42	10.23	16.05	347.23	0	53.2	4.18
2011	17	12.16	10.04	16.37	280.46	0	51.04	4.37
2011	18	11.03	9.57	13.06	350.85	0	54.3	4.54
2011	19	10.89	9.53	13.41	356.5	0.02	65.03	4.02
2011	20	11.42	9.96	14.47	353.82	0.31	64.15	4.56
2011	21	9.08	6.73	11.76	356.25	0	58.19	4.1
2011	22	6.54	3.62	8.97	235.94	0	63.2328	3.64
2011	23	7.96	5.64	9.2	262.47	0.12	63.253312	3.64
2011	24	9.38	8.73	10.18	300.24	0.06	62.87504448	3.64
2011	25	9.57	8.68	10.74	352.5	0.21	61.87884626	3.64
2011	26	10.29	8.94	12.12	340.3	1.21	60.78400011	3.64
2011	27	10.49	8.87	13.74	340.3	9.32	60.11856011	3.64
2011	28	12.05	9.73	15.26	340.3	6.21	60.24690252	3.64
2011	29	11.64	9	15.58	340.3	0.16	60.23917862	3.64
2011	30	10.31	6.8	13.14	340.3	0.14	59.71794576	3.64
2011	31	9.53	7.15	12.73	340.3	0.14	59.10746359	3.64
2011	32	9.6	6.3	12.89	340.3	0.15	58.52056214	3.64
2011	33	9.77	5.78	14.34	340.3	0.02	58.05858462	3.64
2011	34	9.9	6.43	14.27	340.3	0	57.80692801	3.64
2011	35	11.26	7.81	15.45	340.3	0	57.79960513	3.64
2011	36	11.67	9.35	15.31	340.3	0	57.80438933	3.64
2011	37	12.31	10.36	15.89	340.3	0	57.98896491	3.64
2011	38	11.66	9.74	14.92	340.3	0	57.9705235	3.64
2011	39	10.86	8.4	14.19	340.3	0	57.84534444	3.64
2011	40	11.51	8.98	15.51	340.3	0	58.59675822	3.64
2011	41	10.57	8.13	14.42	340.3	0	59.19022855	3.64
2011	42	10.74	8.7	14.41	340.3	0	59.42983769	3.64
2011	43	11.83	8.08	16.47	340.3	0	59.7654312	3.64
2011	44	12.77	8.71	17.03	340.3	0.97	59.98404845	3.64
2011	45	11.54	8.46	15.02	340.3	1.05	59.78221039	3.64
2011	46	11.66	9.55	14.12	340.3	4.09	59.6074988	3.64
2011	47	11.39	7.39	14.62	340.3	3.11	59.66419875	3.64
2011	48	12.39	9.67	15.31	340.3	0.14	59.5214547	3.64
2011	49	12.04	8.08	15.58	340.3	0	59.37218041	3.64
2011	50	13.42	9.96	17.51	340.3	0.19	59.23206585	3.64
2011	51	14.35	12.07	18.72	340.3	0.03	59.12619463	3.64
2011	52	13.54	10.29	17.48	340.3	0	59.05988241	3.64
2011	53	14.6	11.38	19.27	340.3	0	59.01753531	3.64
2011	54	14.28	11.31	18.33	340.3	0	58.96836062	3.64
2011	55	14.62	12.58	18.28	340.3	0	58.9175279	3.64
2011	56	13.44	11.06	16.25	340.3	0	58.88551118	3.47
2011	57	16.17	11.05	22.62	340.3	0	58.87663309	3.47
2011	58	13.36	9.81	15.85	340.3	0.01	58.89087592	3.47
2011	59	11.48	7.65	16.08	340.3	0.06	58.92416758	3.47
2011	60	9.55	6.05	13.19	352.06	0.02	58.96885716	3.47
2011	61	10.03	6.06	13.86	352.06	0	59.01562724	3.47
2011	62	9.44	6.99	11.38	352.06	0.06	59.06407676	3.47
2011	63	10.77	9.44	11.76	352.06	3.42	59.10708123	3.47
2011	64	11.82	9.61	14.31	352.06	0.01	59.15254354	3.47
2011	65	11.61	9.29	14.64	352.06	0	59.2048315	3.47
2011	66	11.93	8.95	15.44	352.06	0	59.22915443	3.47
2011	67	12.92	11.03	15.99	352.06	0.07	59.23071147	3.47
2011	68	12.6	11.47	14.64	352.06	0.62	59.22274642	3.47
2011	69	10.83	9.98	11.33	352.06	0.17	59.20103903	3.47
2011	70	11.9	10.6	12.78	352.06	3.17	59.16971865	3.47
2011	71	14.13	12.05	17.54	352.06	5.24	59.14521898	3.47
2011	72	14.03	10.39	17.66	352.06	0.04	59.12672779	3.47
2011	73	14.05	11.43	16.85	352.06	4.99	59.10522895	3.47
2011	74	13.97	11.01	17.24	352.06	1.91	59.08857992	3.47
2011	75	13.06	8.58	17.74	352.06	0	59.0772359	3.47
2011	76	15.15	11.04	19.78	352.06	0	59.07104271	3.47
2011	77	14.6	11.47	18.26	352.06	0	59.06883663	3.47
2011	78	15.32	12.12	19.68	352.06	0	59.0691948	3.47
2011	79	13.75	11.14	17.29	352.06	0	59.07126118	3.47
2011	80	13.23	11.4	15.7	352.06	0	59.0753772	3.47
2011	81	12.17	10.28	14.03	352.06	0.67	59.08169117	3.47
2011	82	13.63	11.42	16.43	352.06	4.14	59.08953837	3.47
2011	83	14.1	12.4	16.19	352.06	0.51	59.09805458	3.47
2011	84	13.95	11.72	16.92	352.06	0	59.10634173	3.47
2011	85	14	10.58	17.71	352.06	0	59.11362869	3.47
2011	86	15.83	11.21	20.78	352.06	0	59.11941956	3.47
2011	87	16.28	12.57	19.83	352.06	0	59.12357125	3.47
2011	88	15.38	13.3	17.96	352.06	2.38	59.12595103	3.47
2011	89	16.47	12.27	21.19	352.06	0	59.12670582	3.47
2011	90	16.57	13.24	19.79	352.06	0	59.12567231	3.47
2011	91	16.5	13.69	19.84	352.06	0	59.12250594	3.47
2011	92	18.04	13.77	22.62	352.06	0	59.11824	3.47
2011	93	19.12	17.11	22.41	352.06	0.03	59.11374114	3.47
2011	94	17.72	15.24	21.01	352.06	0	59.10938093	3.47
2011	95	16.27	13.9	19.66	352.06	0	59.10571461	3.47
2011	96	16.33	14.17	19.26	352.06	0	59.10315445	3.47
2011	97	17.02	13.83	20.9	352.06	0	59.10147187	3.47
2011	98	17.8	13.63	21.64	352.06	0	59.10046163	3.47
2011	99	21.97	16.44	27.9	352.06	0	59.10027094	3.47
2011	100	19.66	16.03	23.87	352.06	0	59.10073858	3.47
2011	101	16.66	14.02	19.18	352.06	0	59.10167868	3.47
2011	102	16.96	14.04	20.39	352.06	0	59.10290412	3.47
2011	103	17.63	14.59	21.3	352.06	0	59.10426682	3.47
2011	104	18.49	13.71	23.83	352.06	0	59.1056697	3.47
2011	105	16.61	14.65	19.73	352.06	0	64.7	3.47
2011	106	15.99	13.45	18.59	352.06	0	71.13	3.74
2011	107	15.36	13.08	18.35	352.06	0	80.23	2.82
2011	108	15.26	12.1	18.68	352.06	0.06	92.29	2.83
2011	109	15.22	12.13	19.22	352.06	1.15	80.92	2.44
2011	110	16.25	13.14	19.21	352.06	0.15	81.88	2.65
2011	111	17.1	14.75	19.61	352.06	4.86	86.61	2.42
2011	112	15.44	13.02	18.12	352.06	1.28	89.17	1.62
2011	113	16.03	13.73	18.73	352.06	0.07	80.9	2.39
2011	114	14.75	13.78	15.79	352.06	5.03	90.83	2.03
2011	115	16.25	14.32	17.96	352.06	2.81	85.63	2.1
2011	116	17.73	14.02	21.24	352.06	0.45	87.36	2.18
2011	117	18	15.47	20.94	352.06	0	89.17	2.66
2011	118	17.99	14.65	21.47	352.06	0	84.6	2.64
2011	119	15.33	14.08	16.96	352.06	1.76	89.09	3.64
2011	120	16.07	13.28	19.74	352.06	0.39	83.58	1.96
2011	121	16.54	14.74	19.94	352.06	1.4	82.14	2.29
2011	122	16.96	15.03	19.63	352.06	5.72	82.42	2.8
2011	123	18.94	15.2	22.46	352.06	0.19	83.04	2.71
2011	124	19.45	16.42	22.82	352.06	0.01	81.1	2.44
2011	125	18.45	15.23	21.67	352.06	0	86.29	3.69
2011	126	19.06	15.88	22.32	352.06	0.51	81.82	3.32
2011	127	19.79	16.74	23.45	352.06	1.4	82.4	3.2
2011	128	18.45	14.52	22.28	352.06	0	80.69	2.41
2011	129	18.86	15.7	22.5	352.06	0	80.52	2.45
2011	130	18.12	14.45	21.82	352.06	0	79.02	3.41
2011	131	18.68	15.44	22.33	352.06	0	80.56	2.58
2011	132	19.39	15.92	22.86	352.06	0	75.81	2.95
2011	133	18.99	16.34	21.81	352.06	0	78.16	2.98
2011	134	20.1	16.25	24.17	352.06	0	81.01	2.73
2011	135	18.31	16.24	21.05	352.06	0.03	79.61	2.45
2011	136	17.36	15.91	19.19	352.06	0.01	72.85	2.35
2011	137	18.31	15.76	21.45	352.06	0.04	73.65	2.67
2011	138	17.39	15.95	18.69	352.06	2.02	76.68	2.49
2011	139	18.02	16.4	20.53	352.06	0.05	77.59	3.21
2011	140	19.03	15.62	22.34	352.06	1.38	73.95	3.17
2011	141	19.8	15.87	23.46	352.06	0	72.29	3.33
2011	142	19.94	16.42	22.95	352.06	0	75.42	3.35
2011	143	21.45	18.29	24.43	352.06	0	82.01	3.15
2011	144	22.46	19.58	25.59	352.06	0	80.72	3.26
2011	145	22.7	18.68	26.25	352.06	0	89.1	3.74
2011	146	23.85	20.36	27.13	352.06	0	82.09	2.58
2011	147	22.71	19.92	25.46	352.06	0	78.43	2.52
2011	148	21.23	18.32	24.52	352.06	0.09	74.88	3.37
2011	149	21.5	19.06	24.46	352.06	1.23	76.13	3.6
2011	150	22.7	18.69	26.29	352.06	0.03	80.43	3.46
2011	151	22.03	18.84	24.61	165.37	0.02	79.68	3.11
2011	152	19.87	17.84	22.27	252.18	1.27	72.1	2.52
2011	153	18.59	16.72	20.74	273.08	0.18	76.26	3.01
2011	154	18.62	15.88	21.31	69.78	0	62.02	2.54
2011	155	18.84	15.88	22.5	199.47	0	64.25	2.55
2011	156	19.54	16.44	22.75	306.03	0	75.18	3.93
2011	157	20.86	17.83	23.05	200.96	0.02	74.56	2.85
2011	158	21.42	18.08	24.34	360.35	1.14	63.15	2.73
2011	159	21.25	17.12	24.99	365.95	0.01	63.95	2.52
2011	160	21.95	18.07	25.79	229.63	0	74.48	2.64
2011	161	22.39	18.11	26.1	251.44	0.08	78.03	2.24
2011	162	21.39	18.72	24.02	351.39	0	77.07	2.1
2011	163	22.08	18.3	25.64	241.6	0	74.76	2.65
2011	164	25.26	20.78	29.76	190.26	0	80.78	3.03
2011	165	23.58	20.59	26.24	245.06	0	74.23	2.81
2011	166	23.33	20.59	26.43	141.38	0	73.04	2.49
2011	167	24.73	20.78	28.31	188.56	0	77.27	2.83
2011	168	25.82	22.26	29.43	54.07	0	79.93	3.14
2011	169	27.43	22.24	31.7	172.24	0	78.53	2.92
2011	170	23.74	21.53	26.47	224.37	0	81.36	3.27
2011	171	22.8	20.37	25.3	138.18	0	69.59	2.7
2011	172	23.7	20.75	26.54	191.66	0.01	60.96	2.39
2011	173	25.11	20.82	28.92	117.71	0	76.59	2.67
2011	174	25.49	22.04	28.35	61.62	0	79.69	2.63
2011	175	23.89	21.72	26.71	198.47	0	73.82	2.46
2011	176	23.77	20.68	27.41	249.27	0	79.4	2.51
2011	177	23.85	20.52	27.12	115.2	0	75.77	3.1
2011	178	24.06	20.68	27.82	94.91	0	79.28	3.5
2011	179	25.73	21.9	29.28	236.09	0	75.76	3.45
2011	180	26.36	22.79	29.26	114.41	0	73.3	3.53
2011	181	24.25	22.39	27.02	109.4	0	73.98	3.97
2011	182	24.16	21.7	26.84	26.13	0	79.14	2.19
2011	183	27.17	22.42	31.56	85.05	0	66.31	4.78
2011	184	27.2	23.8	31.33	61.39	0	71.89	4.13
2011	185	24.94	21.38	29.09	167.11	0	72.12	3.26
2011	186	25.11	21.82	28.28	12.18	0	72.19	2.32
2011	187	27.69	22.99	31.67	95.63	0	65.96	2.48
2011	188	28.64	23.64	33.6	100.56	0	67.15	2.61
2011	189	26.5	22.26	29.96	159.02	0	74.61	3
2011	190	25.26	21.75	28.62	248.11	0.01	72.44	3.07
2011	191	25.82	23.06	28.3	315.31	0	65.2	3.12
2011	192	26.23	22.23	30.03	289.71	0	70.3	2.48
2011	193	26.8	23.31	31.89	189.55	0	72.56	2.49
2011	194	26.05	22.58	29.89	192.7	0	73.96	2.59
2011	195	24.55	22.48	27.31	212.77	0	71.79	3.25
2011	196	24.66	22.48	27.7	132.91	0	73.66	2.79
2011	197	25.24	21.46	28.28	203.16	0	61.97	2.95
2011	198	28.58	22.77	33.39	67.65	0	62.06	3.24
2011	199	25.34	21.92	27.8	91.4	0	70.11	3.15
2011	200	26.39	21.76	31.27	65.78	0	74.82	3.76
2011	201	24.16	22.02	26.6	312.23	0	73.91	2.7
2011	202	24.28	21.29	27.48	317.92	0	74.49	3.37
2011	203	24.28	21.8	27.23	64.01	0.01	75.2	3.05
2011	204	24.68	22.18	27.42	183.78	0	71.97	2.7
2011	205	25.15	22.38	29.32	87.99	0	75.65	3.99
2011	206	24.91	22.38	27.9	164.12	0	77.88	2.76
2011	207	26.5	22.9	29.97	164.8	0	75.95	2.78
2011	208	25.77	23.03	29.41	97.12	0	71.32	2.99
2011	209	24.59	22.22	27.44	100.08	0	75.7	3.71
2011	210	24.76	21.9	27.87	84.46	0	76.65	5.05
2011	211	25.71	23.09	29.35	309.83	0	84.12	3.86
2011	212	24.68	22.28	28.14	320.4	0	77.88	3.64
2011	213	24.58	22.33	27.62	108.1	0	75.95	3.64
2011	214	25.49	22.72	28.77	245.22	0	71.32	3.64
2011	215	26.72	23.09	30.58	340.3	0	75.7	3.64
2011	216	25.28	22.32	28.87	340.3	0	60.43	3.98
2011	217	26.21	22.97	29.41	340.3	0	82.14	3.25
2011	218	28.65	24.33	32.38	340.3	0	74.2	3.32
2011	219	29.6	26.42	33.05	340.3	0	70.81	2.72
2011	220	27.8	24.68	32.24	340.3	0.01	69.39	2.8
2011	221	25	23.17	27.45	99.72	0	67.25	3.53
2011	222	24.31	22.48	26.65	340.3	0	66.17	3.32
2011	223	24.14	21.93	27.42	340.3	0	69.91	3.56
2011	224	24.66	21.26	27.95	340.3	0	69.27	3.69
2011	225	26.57	22.47	30.61	340.3	0	70.44	3.82
2011	226	27.47	23.51	31.43	340.3	0	68.34	4.51
2011	227	27.53	24.42	30.84	340.3	0	60.16	3.04
2011	228	26.27	22.93	30.22	340.3	0	51.77	3.25
2011	229	26.88	23.12	30.74	340.3	0	55.64	3.8
2011	230	27.35	24.38	30.81	340.3	0	60.22	3.34
2011	231	26.88	25.01	29.17	340.3	0	66.35	3.65
2011	232	27.47	24.49	30.94	340.3	0	67.29	3.42
2011	233	27.26	24.52	30.75	340.3	0	67.22	3.85
2011	234	27.25	24	31.18	340.3	0	61.21	3.94
2011	235	26.31	23.29	30.1	278.29	0	62.14	3.64
2011	236	27.62	23.07	31.96	286.17	0	66.11	4.3
2011	237	28.23	24.37	32.25	339.26	0	65.33	4.51
2011	238	28.4	23.36	32.79	370.39	0	72.23	4.32
2011	239	25.76	23.67	28.34	348.37	0.01	72.33	3.66
2011	240	25.29	22.86	27.98	204.73	0.02	70.98	3.71
2011	241	26.22	22.57	30	203.21	0.23	71.85	3.22
2011	242	27.24	23.99	30.89	184.28	0.23	65.73	3.63
2011	243	26.6	23.06	30.56	132.61	0.05	65.77	3.56
2011	244	26.84	22.61	30.84	134.25	0.03	65.78	3.22
2011	245	22.81	20.95	25.77	177.46	12.9	59.99	2.42
2011	246	23.33	19.79	26.87	309.28	0.89	79.81	2.36
2011	247	24.04	20.78	27.67	183.69	0	84.97	3.37
2011	248	24.15	21.25	27.62	239.41	0	79.53	3.56
2011	249	23.95	21.11	27.42	276.93	0	69.46	3.47
2011	250	24.44	21.46	28.16	183.01	0	68.96	3.1
2011	251	25.29	22.74	28.2	216.31	0	70.71	2.69
2011	252	25.69	22.75	28.84	237.69	0	78.29	3.58
2011	253	25.64	22.61	29.46	304.84	0	61.66	4.59
2011	254	26.19	22.45	30.45	286.39	0	70.57	3.47
2011	255	26.08	22.63	29.72	311.18	0	67.65	3.06
2011	256	24.49	21.38	28.29	212.37	0	69.76	3.16
2011	257	24.51	21.14	27.95	303.08	0	71.05	3.53
2011	258	24.24	21.63	27.47	305.08	0	70.28	3.57
2011	259	23.53	20.47	26.9	335.8	0	68.7	2.81
2011	260	24.99	21.99	28.98	352.88	0	68.67	3.61
2011	261	27.33	23.65	32.59	296.61	0	63.45	4.06
2011	262	22.89	20.76	25.23	321.49	0	65.68	4.21
2011	263	22.45	19.82	25.56	425.01	0	72.24	4.2
2011	264	22.57	19.54	26.08	335.61	0	58.63	3.17
2011	265	22.89	20.88	26.38	292.61	0	64.9	2.78
2011	266	21.83	20.14	23.46	214.41	1.78	67.24	3.51
2011	267	23.04	19.42	27.56	306.57	0	71.98	3.83
2011	268	22.93	20	26.32	310.98	0	67.54	3.7
2011	269	22.86	20.12	26.25	291.16	0.03	71.17	4.05
2011	270	22.72	19.87	26.08	303.74	0	66.11	3.52
2011	271	22.96	20.33	25.89	79.8	0	61.65	3.22
2011	272	23.03	21.11	25.4	315.98	0.01	61.51	3.36
2011	273	23.02	20.81	25.65	221.85	0.02	79.37	4.62
2011	274	22.92	21.36	25.59	279.48	0.04	73.05	3.82
2011	275	22.7	20.46	25.61	290.74	0.02	67.62	4.09
2011	276	21.97	19.59	25.12	355.89	0	59.02	3.57
2011	277	21.72	19.73	24.82	340.3	0	56.38	3.34
2011	278	22.04	18.9	25.84	340.3	0	61.27	4.24
2011	279	22.51	19.84	26.59	340.3	0	66.42	5.2
2011	280	22.8	20.26	27.23	340.3	0	61.27	4.42
2011	281	20.69	18.27	23.42	340.3	0	58.16	4.01
2011	282	20.24	17.62	23.28	340.3	0	57.17	3.61
2011	283	20.77	17.84	24.13	340.3	0	64.39	5.2
2011	284	23.01	19.42	26.96	340.3	0	67.16	5.57
2011	285	23.79	21.13	27.3	29.44	0	73	4.75
2011	286	23.92	21.06	27.4	427.23	0	72.18	3.44
2011	287	21.83	19.32	25.08	428.3	0	71.74	4.22
2011	288	21.14	19.76	23.55	348.26	0.03	79.34	4.75
2011	289	20.52	18.83	23.23	391.86	0.05	70.86	3.97
2011	290	19.67	17.82	22.01	287.02	0.16	68.67	4.18
2011	291	19.62	16.82	22.71	391.89	0	56.17	3.38
2011	292	20.31	17.75	24.3	333	0	56.58	3.52
2011	293	20.04	18.04	22.25	333.2	0.02	62.73	3.41
2011	294	19.46	17.37	21.88	317.38	0.07	67.31	4.54
2011	295	19.66	18.66	21.22	335.48	0.21	76.47	4.64
2011	296	18.98	17.32	21.08	386.79	0.14	70.49	3.55
2011	297	18.17	16.47	21.11	361.83	1.81	67.55	3.87
2011	298	18.6	14.43	22.84	373.89	0.03	66.86	3.74
2011	299	17.8	14.91	21.07	302.02	0	72.71	4.13
2011	300	18.71	16.78	21.73	275.17	6.33	78.4	4.26
2011	301	18.01	15.9	20.76	299.92	6.75	72.37	3.77
2011	302	18.95	16.35	22.21	293.17	0.5	85.22	3.63
2011	303	19.46	17.57	22.26	320.12	0.44	88.67	3.3
2011	304	18.76	16.74	21.4	286.44	0.1	84.66	3.2
2011	305	18.99	17.42	22.09	301.58	0.01	85.41	3
2011	306	18.82	17.12	21.88	304.4	0.02	81.98	3.32
2011	307	19.2	17.35	21.97	326.5	4.21	82.53	2.9
2011	308	16.25	14.57	18.25	294.16	12.86	88.16	3.48
2011	309	15.73	13.53	18.65	313	0.05	78.03	3.7
2011	310	16.61	14.05	21.04	442.3	0.02	85.21	3.72
2011	311	16.04	12.87	19.38	471.37	0.08	87.17	4.04
2011	312	16.39	13.37	20.88	329.38	0	86.05	3.73
2011	313	15.79	13.31	18.77	388.75	0	87.41	4.58
2011	314	16.79	14.66	20.66	265.7	0	89.79	2.51
2011	315	17.64	15.65	21.27	278.59	0	89.16	3.26
2011	316	17.75	15.86	20.76	342.78	0	87.77	3.73
2011	317	17.97	15.97	20.27	418.36	0	87.67	3.39
2011	318	17.34	15.94	19.3	332.43	0.52	82.42	3.52
2011	319	16.48	13.8	20.1	327.11	0.87	82.05	3.47
2011	320	15.31	12.25	18.96	379.33	0	85.17	3.46
2011	321	15.44	12.57	18.21	301.92	0.16	87.74	3.58
2011	322	15.17	13.56	16.5	360.37	2.05	91.68	4.05
2011	323	14.88	12.81	17.59	426.02	0.38	87.89	4.08
2011	324	16.47	14.44	18.54	398.04	4.9	87.44	3.59
2011	325	16.44	14.66	19.37	319.64	8.63	87.22	2.76
2011	326	15.4	13.38	18.57	360.61	2.76	89.85	3.28
2011	327	14.24	12.84	16.14	332.88	4.9	77.23	3.81
2011	328	14.99	14.02	15.89	392.39	4.66	83.95	3.15
2011	329	14.99	13.28	18.17	319.92	0.38	75.99	3.76
2011	330	14.59	12.29	18.18	339	0.09	72.17	3.74
2011	331	14.28	12.35	16.85	471.51	1.26	71.36	3.2
2011	332	14.6	12.67	17.05	349.55	0.73	75.32	3.14
2011	333	14.9	13.21	17.84	498.21	0.02	82.54	3.88
2011	334	14.9	13.03	17.64	483.41	0	80.18	3.54
2011	335	14.13	12.15	17.23	461.96	0.01	75.45	2.89
2011	336	13.95	10.12	17.47	411.98	2.96	79.45	2.86
2011	337	12.86	8.81	15.63	401.68	2.57	76.59	2.78
2011	338	13.81	12.35	16.75	363.5	0	70.69	2.85
2011	339	13.81	10.07	18.12	404.09	0	78.08	2.72
2011	340	14.52	11.72	18.67	383.18	0	80.59	4.16
2011	341	13.89	11.52	17.69	473.77	0	80.1	3.6
2011	342	14.13	12.47	17.4	446.49	0	81.24	2.85
2011	343	13.78	12.3	15.98	398.57	0	82.55	2.64
2011	344	14.06	12.17	17.27	397.26	0	85.12	3.01
2011	345	13.58	10.71	18.01	396.18	0.04	87.32	4.19
2011	346	13.11	10.48	16.9	353.75	0	85.91	4.21
2011	347	12.82	9.58	17.96	349.7	0	79.05	3.99
2011	348	13.9	9.85	18.85	355.75	0	80.3	3.54
2011	349	13.57	10.39	17.63	373.16	0	76.19	2.57
2011	350	14.03	10.73	19.21	235.59	0	78.18	2.74
2011	351	13.68	10.45	16.86	376.45	0.01	74.8	3.57
2011	352	11.09	8.03	15.29	400.29	0.01	83.67	3.45
2011	353	10.42	7.71	13.3	350.94	0.17	86.91	3.82
2011	354	11.22	7.54	16.31	403.15	0	81.63	3.41
2011	355	14.67	10.98	20.21	407.99	0	83.61	3.95
2011	356	14.72	11.92	18.58	323.94	0	86.86	4.58
2011	357	13.85	11.95	18.1	309.77	0	73.13	3.85
2011	358	12.84	10.5	16.52	409.78	0	68.75	3.05
2011	359	11.81	9.17	14.13	417.6	0.08	77.61	2.63
2011	360	12.57	11.32	14.59	248.07	0.17	81.03	3.1
2011	361	11.57	8.77	14.53	434.42	0.65	78.05	2.63
2011	362	12.46	10.08	15.15	444.77	0.37	77.42	4.38
2011	363	11.51	8.24	15.04	410.62	0.04	56.91	3.87
2011	364	10.96	7.37	15.67	330.63	0	60.44	4.2
2011	365	13.44	9.34	18.35	386.32	0	73.27	4.48
2012	1	14.35	11.91	18.56	280.23	0	77.42	4.38
2012	2	13.2	10.52	17.62	211.09	0	56.91	3.87
2012	3	12.54	9.42	17.42	214.32	0	60.44	4.2
2012	4	13.21	10.02	18.14	103.83	0	73.27	4.48
2012	5	14.37	11.12	20.08	274.51	0	74.98	5.09
2012	6	15.13	11.78	21.1	376.05	0	73.78	4.69
2012	7	13.22	12	15.5	355.46	0	70.07	4.13
2012	8	12.03	9.86	14.93	361.29	0	64.35	4.95
2012	9	11.57	9.63	14.86	277.82	0	57.99	4.46
2012	10	11.85	9.82	13.8	312.8	0	57.68	3.85
2012	11	11.59	9	14.29	300.67	0	53.19	4.17
2012	12	12.18	10.83	14.38	365.58	0	58.45	4.01
2012	13	11.28	10.03	13.2	359.62	0.05	61.1	4.05
2012	14	12.21	9.11	17.05	341.86	0.03	39.06	3.88
2012	15	11.36	7.5	15.22	349.03	2.37	43.76	3.63
2012	16	11.02	8.85	13.66	347.23	5.05	53.2	4.18
2012	17	12.14	9.55	14.14	280.46	8.2	51.04	4.37
2012	18	11.81	9.77	14.22	350.85	0.87	54.3	4.54
2012	19	10.85	8.96	13.56	356.5	0	65.03	4.02
2012	20	11.42	8.15	15.85	353.82	0	64.15	4.56
2012	21	11.76	9.46	15.5	356.25	0	58.19	4.1
2012	22	11.86	9.03	16.39	235.94	0	63.2328	3.64
2012	23	12.35	9.02	16.61	262.47	0	63.253312	3.64
2012	24	12.61	10.61	15.93	300.24	0	62.87504448	3.64
2012	25	11.64	9.6	14.7	352.5	0	61.87884626	3.64
2012	26	11.27	7.61	15.78	340.3	0.01	60.78400011	3.64
2012	27	10.9	9.69	11.88	340.3	2.18	60.11856011	3.64
2012	28	11.66	10.39	13.74	340.3	2.98	60.24690252	3.64
2012	29	10.47	7.29	14.84	340.3	0.1	60.23917862	3.64
2012	30	8.44	5.08	12.08	340.3	0	59.71794576	3.64
2012	31	10.68	7.66	15.02	340.3	0	59.10746359	3.64
2012	32	12.41	8.41	18.48	340.3	0	58.52056214	3.64
2012	33	8.81	4.59	12.02	340.3	2.78	58.05858462	3.64
2012	34	5.27	2.04	9.58	340.3	0.01	57.80692801	3.64
2012	35	5.5	2.11	9.39	340.3	0.01	57.79960513	3.64
2012	36	7.96	3.15	12.13	340.3	0.17	57.80438933	3.64
2012	37	11.19	5.89	16.44	340.3	0	57.98896491	3.64
2012	38	11.53	7.09	16.6	340.3	0.01	57.9705235	3.64
2012	39	6.66	3.03	10.03	340.3	0.01	57.84534444	3.64
2012	40	8.11	4.94	11.26	340.3	0.14	58.59675822	3.64
2012	41	9.87	5.94	14.57	340.3	0	59.19022855	3.64
2012	42	8.67	5.12	13.03	340.3	0	59.42983769	3.64
2012	43	6.78	3.22	10.23	340.3	0	59.7654312	3.64
2012	44	6.11	1.95	10.08	340.3	0	59.98404845	3.64
2012	45	9.23	5.15	13.78	340.3	0.25	59.78221039	3.64
2012	46	8.61	5.64	11.25	340.3	1.55	59.6074988	3.64
2012	47	9.32	6.46	12.96	340.3	0	59.66419875	3.64
2012	48	9.58	6.65	12.94	340.3	0	59.5214547	3.64
2012	49	10.75	7.51	14.96	340.3	0	59.37218041	3.64
2012	50	11.62	7.52	16.5	340.3	0	59.23206585	3.64
2012	51	10.23	7.37	13.33	340.3	0.04	59.12619463	3.64
2012	52	9.52	6.04	12.7	340.3	0.02	59.05988241	3.64
2012	53	10.22	7.92	13.66	340.3	0.01	59.01753531	3.64
2012	54	11.23	7.7	15.14	340.3	0	58.96836062	3.64
2012	55	11.96	9.39	15.63	340.3	0	58.9175279	3.64
2012	56	12.57	8.35	17.36	340.3	0	58.88551118	3.47
2012	57	15.84	11.55	21.08	340.3	0	58.87663309	3.47
2012	58	14.79	12.01	18.55	340.3	0	58.89087592	3.47
2012	59	12.83	10.33	15.86	340.3	0	58.92416758	3.47
2012	60	12.12	9.28	15.82	352.06	0	58.96885716	3.47
2012	61	12.68	10.66	16.21	352.06	0.09	59.01562724	3.47
2012	62	12.57	11.04	14.9	352.06	2.89	59.06407676	3.47
2012	63	13.24	9.01	17.55	352.06	0	59.10708123	3.47
2012	64	14.98	10.7	19.65	352.06	0	59.15254354	3.47
2012	65	13.24	10.49	16.51	352.06	0	59.2048315	3.47
2012	66	12.84	9.83	17.03	352.06	0.01	59.22915443	3.47
2012	67	11.1	7.97	14.81	352.06	0.01	59.23071147	3.47
2012	68	13.17	8.46	19.07	352.06	0	59.22274642	3.47
2012	69	11.89	9.8	14.75	352.06	0.1	59.20103903	3.47
2012	70	11.28	8.14	14.78	352.06	0.05	59.16971865	3.47
2012	71	12.26	9.04	16.1	352.06	0	59.14521898	3.47
2012	72	13.42	10.47	17.26	352.06	0	59.12672779	3.47
2012	73	14.24	10.55	18.31	352.06	0	59.10522895	3.47
2012	74	15.3	12.26	19.33	352.06	0	59.08857992	3.47
2012	75	14.71	11.36	19.12	352.06	0	59.0772359	3.47
2012	76	13.85	10.51	17.6	352.06	0	59.07104271	3.47
2012	77	14.87	10.88	19.25	352.06	0	59.06883663	3.47
2012	78	15.02	11.58	18.81	352.06	0	59.0691948	3.47
2012	79	13.47	10.58	17.14	352.06	0.63	59.07126118	3.47
2012	80	10.09	7.41	12.15	352.06	12.39	59.0753772	3.47
2012	81	11.23	7.31	15.06	352.06	0.73	59.08169117	3.47
2012	82	12.27	9.62	16.15	352.06	0	59.08953837	3.47
2012	83	13.03	9.25	16.92	352.06	0	59.09805458	3.47
2012	84	13.19	11.34	16.43	352.06	0.24	59.10634173	3.47
2012	85	13.29	10.95	16.17	352.06	0.03	59.11362869	3.47
2012	86	13.44	11.36	16.06	352.06	0.13	59.11941956	3.47
2012	87	14	10.71	17.73	352.06	0	59.12357125	3.47
2012	88	13.95	10.98	17.56	352.06	0	59.12595103	3.47
2012	89	14.32	11.59	17.53	352.06	0.09	59.12670582	3.47
2012	90	14.49	11.16	17.35	352.06	0.01	59.12567231	3.47
2012	91	15.83	13.57	18.88	352.06	0.15	59.12250594	3.47
2012	92	15.71	11.99	19.3	352.06	0	59.11824	3.47
2012	93	15.53	12.8	19.49	352.06	0.01	59.11374114	3.47
2012	94	15.59	12.59	18.62	352.06	0.15	59.10938093	3.47
2012	95	15.73	13.1	18.63	352.06	0.49	59.10571461	3.47
2012	96	14.7	11.11	17.83	352.06	0.65	59.10315445	3.47
2012	97	14.19	10.58	18.12	352.06	0.02	59.10147187	3.47
2012	98	14.12	10.18	18.08	352.06	0.03	59.10046163	3.47
2012	99	15.19	10.14	19.99	352.06	0	59.10027094	3.47
2012	100	17.43	13.06	22.14	352.06	0	59.10073858	3.47
2012	101	18.71	15.12	23.15	352.06	0	59.10167868	3.47
2012	102	16.37	13.4	19.95	352.06	0	59.10290412	3.47
2012	103	15.25	13.37	17.27	352.06	2.87	59.10426682	3.47
2012	104	14.02	11.17	17.3	352.06	0.35	59.1056697	3.47
2012	105	15.1	11.24	18.98	352.06	0.34	64.7	3.47
2012	106	13.81	10.84	16.42	352.06	0.19	71.13	3.74
2012	107	13.91	9.23	18.11	352.06	0.03	80.23	2.82
2012	108	14.72	8.36	19.65	352.06	0	92.29	2.83
2012	109	17.11	12.15	21.47	352.06	0	80.92	2.44
2012	110	16.42	12.56	19.87	352.06	0.01	81.88	2.65
2012	111	16.69	12.28	20.83	352.06	0	86.61	2.42
2012	112	17.33	13.9	20.58	352.06	0	89.17	1.62
2012	113	17.59	14.16	20.95	352.06	0	80.9	2.39
2012	114	17.81	13.22	21.89	352.06	0	90.83	2.03
2012	115	16.92	13.23	20.72	352.06	0	85.63	2.1
2012	116	17.59	13.28	22.28	352.06	0	87.36	2.18
2012	117	17.97	13.06	22.78	352.06	0	89.17	2.66
2012	118	18.76	15.45	22.36	352.06	0.03	84.6	2.64
2012	119	17.31	14.36	21.35	352.06	0.08	89.09	3.64
2012	120	13.94	11.69	16.27	352.06	0.1	83.58	1.96
2012	121	14.51	10.5	17.88	352.06	0.23	82.14	2.29
2012	122	14.51	10.76	17.67	352.06	0.01	82.42	2.8
2012	123	15.44	12.26	19.07	352.06	0	83.04	2.71
2012	124	17.18	11.97	21.32	352.06	0	81.1	2.44
2012	125	17.96	13.35	21.69	352.06	0.01	86.29	3.69
2012	126	16.64	14.51	19.07	352.06	0.17	81.82	3.32
2012	127	17.4	13.28	22.06	352.06	0.01	82.4	3.2
2012	128	17.88	14.3	21.51	352.06	0	80.69	2.41
2012	129	19.49	15.52	22.98	352.06	0	80.52	2.45
2012	130	20.73	17.63	24.5	352.06	0	79.02	3.41
2012	131	21.07	17.45	24.88	352.06	0	80.56	2.58
2012	132	21.22	17.92	24.86	352.06	0	75.81	2.95
2012	133	21.84	17.44	25.64	352.06	0	78.16	2.98
2012	134	24.3	19.67	27.84	352.06	0	81.01	2.73
2012	135	22.66	19.61	25.63	352.06	0	79.61	2.45
2012	136	20.47	16.84	23.82	352.06	0	72.85	2.35
2012	137	18.85	16.36	22.02	352.06	0	73.65	2.67
2012	138	19.2	15.87	23	352.06	0	76.68	2.49
2012	139	21.89	16.4	27.11	352.06	0	77.59	3.21
2012	140	20.42	16.65	24.08	352.06	0	73.95	3.17
2012	141	17.79	15.13	21.22	352.06	1.09	72.29	3.33
2012	142	18.42	13.69	23.01	352.06	0.01	75.42	3.35
2012	143	19.31	14.91	23.15	352.06	0	82.01	3.15
2012	144	20.17	16.73	23.53	352.06	0	80.72	3.26
2012	145	20.21	16.25	24.2	352.06	0	89.1	3.74
2012	146	20.48	16.53	24.97	352.06	0	82.09	2.58
2012	147	21.81	18.07	25.07	352.06	0	78.43	2.52
2012	148	21.02	18.27	24.09	352.06	0	74.88	3.37
2012	149	19.38	17.37	21.12	352.06	0	76.13	3.6
2012	150	20.44	17.33	23.75	352.06	0	80.43	3.46
2012	151	21.04	17.77	24.06	165.37	0	79.68	3.11
2012	152	22.04	20.05	24.89	252.18	0.04	72.1	2.52
2012	153	23.33	19.83	26.39	273.08	0	76.26	3.01
2012	154	24.16	20.55	28.01	69.78	0.02	62.02	2.54
2012	155	23.5	20.36	26.83	199.47	0.02	64.25	2.55
2012	156	22.55	19.45	25.85	306.03	0	75.18	3.93
2012	157	21.73	18.36	25.37	200.96	0	74.56	2.85
2012	158	24.8	19.34	28.75	360.35	0.01	63.15	2.73
2012	159	26.23	22.35	29.87	365.95	0	63.95	2.52
2012	160	25.25	22.55	27.88	229.63	0	74.48	2.64
2012	161	22.75	19.84	25.67	251.44	0	78.03	2.24
2012	162	24.83	19.68	28.76	351.39	0	77.07	2.1
2012	163	26.67	22.59	31.07	241.6	0	74.76	2.65
2012	164	21.75	18.32	25.57	190.26	0	80.78	3.03
2012	165	21.47	18.13	24.61	245.06	0	74.23	2.81
2012	166	21.5	17.99	24.96	141.38	0	73.04	2.49
2012	167	22.22	19.07	25.56	188.56	0	77.27	2.83
2012	168	21.78	18.06	24.07	54.07	0	79.93	3.14
2012	169	22.12	19.94	24.32	172.24	0	78.53	2.92
2012	170	23.01	20.23	25.92	224.37	0.6	81.36	3.27
2012	171	23.94	21.33	27.36	138.18	0.37	69.59	2.7
2012	172	24.27	20.47	27.78	191.66	0	60.96	2.39
2012	173	26.06	21.63	30.58	117.71	0	76.59	2.67
2012	174	25.51	21.57	28.87	61.62	0	79.69	2.63
2012	175	23.35	20.65	26.41	198.47	0	73.82	2.46
2012	176	23.78	20.86	27.18	249.27	0	79.4	2.51
2012	177	24.27	20.83	28.14	115.2	0	75.77	3.1
2012	178	25.02	22.07	28.68	94.91	0	79.28	3.5
2012	179	27.03	22.74	31.62	236.09	0	75.76	3.45
2012	180	29.15	25.75	32.45	114.41	0	73.3	3.53
2012	181	30.03	26	33.75	109.4	0	73.98	3.97
2012	182	28.73	24.56	32.93	26.13	0	79.14	2.19
2012	183	25.19	22.01	29.38	85.05	0	66.31	4.78
2012	184	22.96	19.75	25.91	61.39	0	71.89	4.13
2012	185	22.58	19.44	26.17	167.11	0	72.12	3.26
2012	186	24.57	19.85	28.71	12.18	0	72.19	2.32
2012	187	27.07	22.54	31.92	95.63	0	65.96	2.48
2012	188	24.7	20.95	28	100.56	0	67.15	2.61
2012	189	23.47	20.21	26.88	159.02	0	74.61	3
2012	190	25.28	21.39	29.77	248.11	0	72.44	3.07
2012	191	24.74	21.16	28.74	315.31	0	65.2	3.12
2012	192	26.38	21.79	30.59	289.71	0	70.3	2.48
2012	193	26.32	21.98	30.49	189.55	0	72.56	2.49
2012	194	24.79	21.92	27.88	192.7	0	73.96	2.59
2012	195	26.7	22.2	30.51	212.77	0	71.79	3.25
2012	196	29.5	23.97	35.19	132.91	0	73.66	2.79
2012	197	25.13	23.04	28.12	203.16	4.2	61.97	2.95
2012	198	24.12	21.85	26.37	67.65	0	62.06	3.24
2012	199	24.11	21.35	27.18	91.4	0	70.11	3.15
2012	200	25.01	20.88	28.39	65.78	0	74.82	3.76
2012	201	26.07	22.75	29.31	312.23	0	73.91	2.7
2012	202	26.37	23.29	29.73	317.92	0	74.49	3.37
2012	203	25.83	22.86	29.23	64.01	0.03	75.2	3.05
2012	204	24.46	22.37	28.15	183.78	4.17	71.97	2.7
2012	205	23.55	21.88	25.83	87.99	0	75.65	3.99
2012	206	23.86	21.18	26.71	164.12	0	77.88	2.76
2012	207	25.06	21.69	28.02	164.8	0	75.95	2.78
2012	208	25.91	22.78	29.44	97.12	0.04	71.32	2.99
2012	209	26.01	22.32	29.27	100.08	0	75.7	3.71
2012	210	25.82	22.73	28.96	84.46	0	76.65	5.05
2012	211	24.65	21.97	27.31	309.83	0	84.12	3.86
2012	212	24.8	21.05	28.28	320.4	0	77.88	3.64
2012	213	25.78	22.39	29.53	108.1	0	75.95	3.64
2012	214	28.95	23.84	34.44	245.22	0	71.32	3.64
2012	215	29.35	24.97	33.84	340.3	0	75.7	3.64
2012	216	26.57	23.23	30.61	340.3	0.01	60.43	3.98
2012	217	25.89	23.02	30.44	340.3	0	82.14	3.25
2012	218	27.92	23.24	32.57	340.3	0	74.2	3.32
2012	219	26.02	22.9	29.47	340.3	0	70.81	2.72
2012	220	25.55	22.68	28.61	340.3	0	69.39	2.8
2012	221	25.37	22.78	27.99	99.72	0	67.25	3.53
2012	222	26.81	22.79	30.74	340.3	0	66.17	3.32
2012	223	31.06	25.63	35.26	340.3	0	69.91	3.56
2012	224	31.13	27.12	34.75	340.3	0	69.27	3.69
2012	225	31.17	26.82	35.7	340.3	0	70.44	3.82
2012	226	27.53	23.57	31.53	340.3	0	68.34	4.51
2012	227	26.64	23.51	30.27	340.3	0	60.16	3.04
2012	228	28.29	23.61	32.91	340.3	0	51.77	3.25
2012	229	27.52	24.1	31.45	340.3	0	55.64	3.8
2012	230	27.06	23.52	31.24	340.3	0.01	60.22	3.34
2012	231	27.88	24.94	32.63	340.3	0.12	66.35	3.65
2012	232	27.55	25.18	31.49	340.3	0.01	67.29	3.42
2012	233	27.47	24.52	31.42	340.3	0.01	67.22	3.85
2012	234	27.8	25.1	30.96	340.3	0	61.21	3.94
2012	235	28.01	25.09	31.43	278.29	0	62.14	3.64
2012	236	27.51	24.16	31.6	286.17	0	66.11	4.3
2012	237	29.12	24.78	32.95	339.26	0	65.33	4.51
2012	238	29.28	24.83	33.24	370.39	0	72.23	4.32
2012	239	27.73	24.94	30.67	348.37	0	72.33	3.66
2012	240	26.19	23.91	29.16	204.73	0	70.98	3.71
2012	241	26.47	23.34	29.68	203.21	0	71.85	3.22
2012	242	26.53	23.16	30.15	184.28	0	65.73	3.63
2012	243	27.27	24.19	31.94	132.61	0.6	65.77	3.56
2012	244	23.91	22.67	26.06	134.25	2.91	65.78	3.22
2012	245	23.67	22.23	25.45	177.46	0	59.99	2.42
2012	246	22.75	20.61	25.19	309.28	0	79.81	2.36
2012	247	22.18	19.74	24.99	183.69	0	84.97	3.37
2012	248	22.73	19.62	26.15	239.41	0	79.53	3.56
2012	249	23.1	20.19	25.97	276.93	0	69.46	3.47
2012	250	23.47	21.02	26.7	183.01	0	68.96	3.1
2012	251	23.13	21.1	26.13	216.31	0.12	70.71	2.69
2012	252	23.39	20.56	26.67	237.69	0	78.29	3.58
2012	253	23.6	20.25	27.29	304.84	0	61.66	4.59
2012	254	23.09	20.12	26.57	286.39	0	70.57	3.47
2012	255	23.49	20.61	26.85	311.18	0	67.65	3.06
2012	256	24.84	21.19	28.46	212.37	0	69.76	3.16
2012	257	23.48	20.42	26.11	303.08	0	71.05	3.53
2012	258	22.6	19.89	25.97	305.08	0	70.28	3.57
2012	259	24.33	21.27	27.52	335.8	0	68.7	2.81
2012	260	25.3	22.55	29.03	352.88	0	68.67	3.61
2012	261	24.74	21.08	29.16	296.61	0	63.45	4.06
2012	262	24.87	22.47	28.52	321.49	0	65.68	4.21
2012	263	24.38	22.54	27.22	425.01	0	72.24	4.2
2012	264	23.42	21.77	25.97	335.61	0.01	58.63	3.17
2012	265	23.45	20.75	27.19	292.61	0	64.9	2.78
2012	266	23.92	20.82	27.96	214.41	0	67.24	3.51
2012	267	26.25	21.59	30.77	306.57	0	71.98	3.83
2012	268	24.71	21.77	28.9	310.98	0	67.54	3.7
2012	269	22.78	18.84	27.17	291.16	0	71.17	4.05
2012	270	22.24	18.47	25.84	303.74	0.57	66.11	3.52
2012	271	20.84	19.59	22.38	79.8	3.47	61.65	3.22
2012	272	20.2	17.65	21.72	315.98	36.64	61.51	3.36
2012	273	18.58	16.98	20.75	221.85	0.83	79.37	4.62
2012	274	19.39	16.8	22.39	279.48	0.01	73.05	3.82
2012	275	19.75	18.05	22.76	290.74	0.43	67.62	4.09
2012	276	20.63	18.13	23.88	355.89	0	59.02	3.57
2012	277	20.49	17.65	24.06	340.3	0	56.38	3.34
2012	278	20.54	17.72	24.65	340.3	0	61.27	4.24
2012	279	20.63	17.99	24.16	340.3	0.01	66.42	5.2
2012	280	21.46	18.79	24.94	340.3	0	61.27	4.42
2012	281	22.36	19	25.97	340.3	0	58.16	4.01
2012	282	23.24	20.77	27.09	340.3	0	57.17	3.61
2012	283	23.85	20.69	27.81	340.3	0	64.39	5.2
2012	284	23.89	21.98	27.5	340.3	0.01	67.16	5.57
2012	285	23.37	20.68	26.65	29.44	0.06	73	4.75
2012	286	21.82	19.24	25.27	427.23	0.9	72.18	3.44
2012	287	20.79	18.29	24.31	428.3	0.09	71.74	4.22
2012	288	20.4	17.29	24.5	348.26	0	79.34	4.75
2012	289	18.83	16.9	21.92	391.86	0.25	70.86	3.97
2012	290	18.55	16.97	21.12	287.02	0	68.67	4.18
2012	291	19.1	15.63	23.52	391.89	0	56.17	3.38
2012	292	20.85	17.45	25	333	0.01	56.58	3.52
2012	293	20.4	18.16	22.64	333.2	1.21	62.73	3.41
2012	294	18.15	16.99	19.88	317.38	6.67	67.31	4.54
2012	295	18.06	15.75	21.92	335.48	1.34	76.47	4.64
2012	296	18.3	15.39	21.83	386.79	0	70.49	3.55
2012	297	18.42	16.29	21.7	361.83	0.03	67.55	3.87
2012	298	18.17	16.63	20.15	373.89	1.96	66.86	3.74
2012	299	17.93	16.06	20.32	302.02	0.25	72.71	4.13
2012	300	18.48	16.43	21.51	275.17	6.62	78.4	4.26
2012	301	18.84	15.63	23.16	299.92	0.45	72.37	3.77
2012	302	13.99	11.8	16.22	293.17	0.51	85.22	3.63
2012	303	14.89	13.38	17.02	320.12	0	88.67	3.3
2012	304	15.28	13.62	17.5	286.44	7.05	84.66	3.2
2012	305	16.3	11.86	21.12	301.58	0.03	85.41	3
2012	306	17.13	13.86	22.27	304.4	0	81.98	3.32
2012	307	16.95	12.54	20.96	326.5	0.63	82.53	2.9
2012	308	18.84	15.58	22.37	294.16	0.96	88.16	3.48
2012	309	20.41	17.57	23.52	313	0.55	78.03	3.7
2012	310	18.27	16.05	20.62	442.3	2.55	85.21	3.72
2012	311	14.86	14.14	16.04	471.37	9.28	87.17	4.04
2012	312	15.3	14.1	16.36	329.38	7.58	86.05	3.73
2012	313	16.48	15.28	18.3	388.75	0.17	87.41	4.58
2012	314	17.05	15.25	19.71	265.7	3.14	89.79	2.51
2012	315	16.07	13.5	19.67	278.59	0.44	89.16	3.26
2012	316	13.37	9.97	16.03	342.78	42.04	87.77	3.73
2012	317	14.62	12.42	16.73	418.36	6.74	87.67	3.39
2012	318	14.5	13.09	15.8	332.43	2.83	82.42	3.52
2012	319	16.23	14.02	19.23	327.11	0.47	82.05	3.47
2012	320	16.09	14.62	18.69	379.33	0.12	85.17	3.46
2012	321	15.36	13.79	18.09	301.92	0.01	87.74	3.58
2012	322	15.71	14.19	17.91	360.37	0.25	91.68	4.05
2012	323	15.2	13.48	16.73	426.02	1.58	87.89	4.08
2012	324	15.77	14.36	18.08	398.04	0.12	87.44	3.59
2012	325	15.54	13.55	18.42	319.64	0.02	87.22	2.76
2012	326	15.69	13.99	18.24	360.61	0	89.85	3.28
2012	327	14.96	12.72	17.86	332.88	0	77.23	3.81
2012	328	14.39	13.28	16.75	392.39	0	83.95	3.15
2012	329	14.84	13.28	18.04	319.92	0	75.99	3.76
2012	330	15.37	14.26	17.66	339	0	72.17	3.74
2012	331	15.61	13.78	19.16	471.51	0.27	71.36	3.2
2012	332	12.82	9.38	16.05	349.55	3.11	75.32	3.14
2012	333	10.95	7.97	15.29	498.21	0.12	82.54	3.88
2012	334	10.86	8.28	15.39	483.41	0.01	80.18	3.54
2012	335	9.99	7.23	13.29	461.96	0.25	75.45	2.89
2012	336	10.29	7.49	14.14	411.98	1.66	79.45	2.86
2012	337	10.71	7.6	14.67	401.68	0.05	76.59	2.78
2012	338	11.63	7.97	16.41	363.5	0	70.69	2.85
2012	339	12.16	8.88	17.03	404.09	0	78.08	2.72
2012	340	11.53	8.41	15.61	383.18	0	80.59	4.16
2012	341	11.06	7.94	14.04	473.77	0.01	80.1	3.6
2012	342	13.13	11.62	16.11	446.49	0.31	81.24	2.85
2012	343	12.71	9.61	17.42	398.57	0.01	82.55	2.64
2012	344	12.08	10.48	14.81	397.26	0	85.12	3.01
2012	345	12.45	9.22	16.78	396.18	0	87.32	4.19
2012	346	11.32	8.83	14.42	353.75	0	85.91	4.21
2012	347	11.81	9.91	14.11	349.7	0	79.05	3.99
2012	348	12.53	9.82	16.08	355.75	0	80.3	3.54
2012	349	13.38	9.81	17.75	373.16	0	76.19	2.57
2012	350	15.16	12.67	18.55	235.59	0	78.18	2.74
2012	351	15.27	13.08	18.6	376.45	0	74.8	3.57
2012	352	15.12	12.44	19.4	400.29	0	83.67	3.45
2012	353	14.06	11.41	17.38	350.94	0	86.91	3.82
2012	354	13.99	12.35	17.31	403.15	0	81.63	3.41
2012	355	14.47	10.59	19.59	407.99	0	83.61	3.95
2012	356	15.15	11.9	20.16	323.94	0	86.86	4.58
2012	357	14.81	12.24	18.58	309.77	0	73.13	3.85
2012	358	15.59	14.13	18.8	409.78	0	68.75	3.05
2012	359	15.24	12.35	19.26	417.6	0	77.61	2.63
2012	360	14.72	11.83	17.98	248.07	0.11	81.03	3.1
2012	361	12.68	9.72	16.74	434.42	0.08	78.05	2.63
2012	362	12.24	8.97	17.06	444.77	0	77.42	4.38
2012	363	12.39	9.46	16.79	410.62	0	56.91	3.87
2012	364	12.91	10.02	18.03	330.63	0	60.44	4.2
2012	365	11.37	7.95	15.17	386.32	0	73.27	4.48
2013	1	11.75	9.42	16.39	280.23	0.12	77.42	4.38
2013	2	11.96	9.83	15.35	211.09	0	56.91	3.87
2013	3	10.75	9.06	13.31	214.32	0.44	60.44	4.2
2013	4	10.99	8.81	13.94	103.83	0.04	73.27	4.48
2013	5	12.86	9.17	18.69	274.51	0	74.98	5.09
2013	6	13.66	10.59	18.93	376.05	0	73.78	4.69
2013	7	13.58	10.8	18.64	355.46	0	70.07	4.13
2013	8	12.99	10.79	17.17	361.29	0	64.35	4.95
2013	9	11.87	8.6	16.89	277.82	0	57.99	4.46
2013	10	12.53	8.96	17.14	312.8	0	57.68	3.85
2013	11	12.3	9.05	16.94	300.67	0	53.19	4.17
2013	12	12.42	8.5	17.06	365.58	0.04	58.45	4.01
2013	13	11.47	8.18	14.9	359.62	0.1	61.1	4.05
2013	14	10.63	7.11	15.29	341.86	0.1	39.06	3.88
2013	15	11.15	7.69	16.36	349.03	0	43.76	3.63
2013	16	11.61	8.97	14.79	347.23	0.26	53.2	4.18
2013	17	13.52	11.04	17.42	280.46	0.02	51.04	4.37
2013	18	15.53	12.35	19.73	350.85	0.06	54.3	4.54
2013	19	13.83	12.26	15.33	356.5	3.81	65.03	4.02
2013	20	11.88	9.76	15.02	353.82	0.02	64.15	4.56
2013	21	12.17	8.29	15.87	356.25	0.15	58.19	4.1
2013	22	10.9	7.42	14.72	235.94	0.52	63.2328	3.64
2013	23	10.51	8.51	13.35	262.47	0.2	63.253312	3.64
2013	24	13.6	11.31	16.77	300.24	0.1	62.87504448	3.64
2013	25	11.82	8.51	15.25	352.5	0.03	61.87884626	3.64
2013	26	13.3	9.74	18.81	340.3	0	60.78400011	3.64
2013	27	14	9.91	19.81	340.3	0	60.11856011	3.64
2013	28	12.67	9.33	17.33	340.3	0	60.24690252	3.64
2013	29	12.97	9.77	18.32	340.3	0	60.23917862	3.64
2013	30	14.63	11.3	20.17	340.3	0	59.71794576	3.64
2013	31	14.64	11.52	19.44	340.3	0	59.10746359	3.64
2013	32	14.98	11.92	21.01	340.3	0	58.52056214	3.64
2013	33	13.08	9.37	16.61	340.3	0	58.05858462	3.64
2013	34	10.65	7.78	14.6	340.3	0	57.80692801	3.64
2013	35	10.09	6.64	14.15	340.3	0	57.79960513	3.64
2013	36	13.26	9.14	18.58	340.3	0	57.80438933	3.64
2013	37	11.43	7.84	15.64	340.3	0	57.98896491	3.64
2013	38	10.38	6.42	15.07	340.3	0	57.9705235	3.64
2013	39	10.85	6.99	15.01	340.3	0.02	57.84534444	3.64
2013	40	10.32	6.79	14.69	340.3	0.01	58.59675822	3.64
2013	41	11.72	6.83	17.16	340.3	0	59.19022855	3.64
2013	42	10.86	7.83	13.22	340.3	0.27	59.42983769	3.64
2013	43	9.59	5.44	14.58	340.3	0.01	59.7654312	3.64
2013	44	12.02	6.63	17.69	340.3	0	59.98404845	3.64
2013	45	13.59	10.34	18.16	340.3	0	59.78221039	3.64
2013	46	13.75	10.64	18.42	340.3	0	59.6074988	3.64
2013	47	12.64	10.69	15.98	340.3	0	59.66419875	3.64
2013	48	13.19	11.53	15.92	340.3	0	59.5214547	3.64
2013	49	12.95	10.18	15.75	340.3	0	59.37218041	3.64
2013	50	12.64	11.85	14.03	340.3	1.78	59.23206585	3.64
2013	51	12.12	10.7	14.13	340.3	7.39	59.12619463	3.64
2013	52	13.51	8.93	18.65	340.3	0.03	59.05988241	3.64
2013	53	14.5	11.83	18.57	340.3	0.19	59.01753531	3.64
2013	54	12.11	7.1	15.94	340.3	0.5	58.96836062	3.64
2013	55	8.98	4.1	14.03	340.3	0.04	58.9175279	3.64
2013	56	8.89	5.02	12.71	340.3	0.01	58.88551118	3.47
2013	57	8.77	5.38	12.49	340.3	0.01	58.87663309	3.47
2013	58	8.87	6.33	11.05	340.3	0.87	58.89087592	3.47
2013	59	9.7	7.6	11.9	340.3	13.79	58.92416758	3.47
2013	60	10.64	6.5	15.26	352.06	0.35	58.96885716	3.47
2013	61	10.98	8.16	13.82	352.06	0.04	59.01562724	3.47
2013	62	12.07	11.01	14.15	352.06	0.08	59.06407676	3.47
2013	63	11.93	10.95	12.9	352.06	11.91	59.10708123	3.47
2013	64	12.93	10.3	15.75	352.06	2.17	59.15254354	3.47
2013	65	14.9	11.11	19.33	352.06	0.85	59.2048315	3.47
2013	66	14.97	12.35	19.44	352.06	1.47	59.22915443	3.47
2013	67	15.41	11.64	20.15	352.06	0	59.23071147	3.47
2013	68	14.7	11.54	18.63	352.06	0.02	59.22274642	3.47
2013	69	13.63	10.28	17.34	352.06	0.07	59.20103903	3.47
2013	70	13.7	10.07	17.84	352.06	0.07	59.16971865	3.47
2013	71	13.15	11.15	16.05	352.06	2.08	59.14521898	3.47
2013	72	11.11	7.69	13.14	352.06	0.04	59.12672779	3.47
2013	73	10.3	5.41	15.42	352.06	0	59.10522895	3.47
2013	74	10.89	6.82	15.15	352.06	0	59.08857992	3.47
2013	75	12.17	10.14	14.99	352.06	0.05	59.0772359	3.47
2013	76	14.13	11.44	16.99	352.06	0.65	59.07104271	3.47
2013	77	15.08	11.6	20.18	352.06	0.17	59.06883663	3.47
2013	78	14.44	10.76	17.89	352.06	1.01	59.0691948	3.47
2013	79	14.78	11.81	18.93	352.06	1.39	59.07126118	3.47
2013	80	13.27	10.27	16.77	352.06	0	59.0753772	3.47
2013	81	15.31	11.76	19.74	352.06	0	59.08169117	3.47
2013	82	13.72	11.3	16.85	352.06	0.82	59.08953837	3.47
2013	83	13.78	10.45	17.89	352.06	0.17	59.09805458	3.47
2013	84	14.74	10.08	19.38	352.06	0.01	59.10634173	3.47
2013	85	15.75	12.35	19.64	352.06	0	59.11362869	3.47
2013	86	16.03	12.62	19.76	352.06	0.02	59.11941956	3.47
2013	87	16.42	12.85	20.83	352.06	0.01	59.12357125	3.47
2013	88	16.93	12.56	22.13	352.06	0	59.12595103	3.47
2013	89	17.93	14.7	22.25	352.06	0.04	59.12670582	3.47
2013	90	16.6	14.34	18.98	352.06	0.63	59.12567231	3.47
2013	91	16.34	13.02	20.33	352.06	0.06	59.12250594	3.47
2013	92	15.29	11.57	19.28	352.06	0.14	59.11824	3.47
2013	93	14.76	11.24	18.35	352.06	0	59.11374114	3.47
2013	94	14	11.6	17.19	352.06	0.17	59.10938093	3.47
2013	95	13.03	10.6	15.82	352.06	3.07	59.10571461	3.47
2013	96	12.38	7.46	16.76	352.06	0.02	59.10315445	3.47
2013	97	12.67	8.44	16.13	352.06	0	59.10147187	3.47
2013	98	15.93	10.19	21.22	352.06	0	59.10046163	3.47
2013	99	17.82	13.79	22.17	352.06	0	59.10027094	3.47
2013	100	17.42	13.91	21.1	352.06	0	59.10073858	3.47
2013	101	18.66	15.33	23.59	352.06	0	59.10167868	3.47
2013	102	17.31	14.23	20.77	352.06	0.01	59.10290412	3.47
2013	103	16.62	13.03	20.12	352.06	0.06	59.10426682	3.47
2013	104	17.2	14.53	20.61	352.06	0.06	59.1056697	3.47
2013	105	17.38	14.48	21.12	352.06	0	64.7	3.47
2013	106	17.12	14.86	20.33	352.06	0	71.13	3.74
2013	107	17.81	14.26	21.84	352.06	0	80.23	2.82
2013	108	18.8	16.6	21.56	352.06	0	92.29	2.83
2013	109	17.25	14.22	21.5	352.06	0.01	80.92	2.44
2013	110	15.75	14.14	18.19	352.06	0	81.88	2.65
2013	111	15.17	13.25	17.78	352.06	0	86.61	2.42
2013	112	14.9	13.24	17.64	352.06	0.08	89.17	1.62
2013	113	14.53	12.21	17.47	352.06	0.1	80.9	2.39
2013	114	15.16	11.38	18.26	352.06	1.27	90.83	2.03
2013	115	15.67	14.03	17.95	352.06	13.57	85.63	2.1
2013	116	16.48	13.68	19.62	352.06	3.24	87.36	2.18
2013	117	18.2	13.87	22.75	352.06	3.59	89.17	2.66
2013	118	13.53	10.07	17.08	352.06	8.35	84.6	2.64
2013	119	12.62	10.02	15.11	352.06	2.18	89.09	3.64
2013	120	12.94	11.21	14.75	352.06	5.48	83.58	1.96
2013	121	13.74	9.81	17.4	352.06	0	82.14	2.29
2013	122	15.06	11.4	18.67	352.06	0	82.42	2.8
2013	123	15	12.43	17.8	352.06	0	83.04	2.71
2013	124	15.17	13.32	18.03	352.06	0.01	81.1	2.44
2013	125	16.91	13.49	20.3	352.06	0	86.29	3.69
2013	126	19.54	15.28	23.32	352.06	0	81.82	3.32
2013	127	20.67	17.38	23.42	352.06	0	82.4	3.2
2013	128	22.18	18.65	26.39	352.06	0	80.69	2.41
2013	129	23	19.11	27.33	352.06	0	80.52	2.45
2013	130	20.85	17.67	23.65	352.06	0	79.02	3.41
2013	131	18.91	16.78	22.64	352.06	0	80.56	2.58
2013	132	18.06	16.52	20.37	352.06	0	75.81	2.95
2013	133	18.14	15.66	21.15	352.06	0	78.16	2.98
2013	134	18.47	15.66	21.57	352.06	0.84	81.01	2.73
2013	135	20.01	16.01	24.72	352.06	2.37	79.61	2.45
2013	136	17.87	14.52	21.4	352.06	0.4	72.85	2.35
2013	137	16.55	13.09	19.91	352.06	0.46	73.65	2.67
2013	138	16.07	12.27	19.9	352.06	0.22	76.68	2.49
2013	139	16.11	12.48	19.19	352.06	0.01	77.59	3.21
2013	140	16.06	13.3	18.5	352.06	1.92	73.95	3.17
2013	141	13.65	12.2	15.01	352.06	9.06	72.29	3.33
2013	142	17.34	12.32	21.57	352.06	0.01	75.42	3.35
2013	143	19.78	15.98	23.06	352.06	0	82.01	3.15
2013	144	18.36	15.18	21.19	352.06	0	80.72	3.26
2013	145	18.07	15.08	21.7	352.06	0	89.1	3.74
2013	146	17.5	15.54	20.31	352.06	0.01	82.09	2.58
2013	147	18.17	14.96	21.71	352.06	1.89	78.43	2.52
2013	148	19.17	14.18	23.41	352.06	0.16	74.88	3.37
2013	149	19.63	15.06	24.1	352.06	0	76.13	3.6
2013	150	18.14	14.99	22.15	352.06	0	80.43	3.46
2013	151	19.78	15.04	24.19	165.37	0	79.68	3.11
2013	152	18.41	15.32	22.52	252.18	0	72.1	2.52
2013	153	18.41	14.86	21.91	273.08	0	76.26	3.01
2013	154	19.05	15.37	22.83	69.78	0	62.02	2.54
2013	155	19.49	15.19	23.22	199.47	0	64.25	2.55
2013	156	21.11	18.26	24.69	306.03	0	75.18	3.93
2013	157	20.52	17.5	23.49	200.96	0	74.56	2.85
2013	158	20.57	16.42	23.93	360.35	0	63.15	2.73
2013	159	19.95	15.96	23.33	365.95	0	63.95	2.52
2013	160	20.6	16.13	24.22	229.63	0	74.48	2.64
2013	161	20.76	17.19	24.52	251.44	0	78.03	2.24
2013	162	22.19	18.3	25.79	351.39	0	77.07	2.1
2013	163	23.89	20.82	27.22	241.6	0	74.76	2.65
2013	164	23.96	21.23	27.01	190.26	0	80.78	3.03
2013	165	23.31	20.13	26.86	245.06	0.01	74.23	2.81
2013	166	23.81	20.6	27.28	141.38	0	73.04	2.49
2013	167	23.37	20.46	26.68	188.56	0	77.27	2.83
2013	168	24.64	20.39	29.42	54.07	0.49	79.93	3.14
2013	169	22.16	18.67	24.91	172.24	0.4	78.53	2.92
2013	170	20.44	17.26	23.61	224.37	0	81.36	3.27
2013	171	20.77	17.64	23.5	138.18	0	69.59	2.7
2013	172	20.71	17.95	24.86	191.66	0	60.96	2.39
2013	173	21.51	17.58	25.03	117.71	0	76.59	2.67
2013	174	21.88	18.66	25.19	61.62	0	79.69	2.63
2013	175	21.39	18.79	24.33	198.47	0	73.82	2.46
2013	176	20.62	17.71	23.95	249.27	0	79.4	2.51
2013	177	20.29	17.3	23.18	115.2	0	75.77	3.1
2013	178	20.34	17.44	23.46	94.91	0	79.28	3.5
2013	179	20.32	17.31	23.01	236.09	0	75.76	3.45
2013	180	21.06	17.37	24.6	114.41	0	73.3	3.53
2013	181	22.41	18.53	26.42	109.4	0	73.98	3.97
2013	182	21.95	19.05	25.34	26.13	0	79.14	2.19
2013	183	21.78	19.17	24.46	85.05	0	66.31	4.78
2013	184	22.93	18.75	26.54	61.39	0	71.89	4.13
2013	185	23.04	19.77	26.18	167.11	0	72.12	3.26
2013	186	22.73	19.83	25.75	12.18	0	72.19	2.32
2013	187	22.81	19.31	26.27	95.63	0	65.96	2.48
2013	188	23.48	19.38	27.4	100.56	0	67.15	2.61
2013	189	24.39	20.7	27.87	159.02	0	74.61	3
2013	190	24.42	21.26	27.53	248.11	0	72.44	3.07
2013	191	24.9	21.26	28.04	315.31	0.33	65.2	3.12
2013	192	24.45	20.61	28.38	289.71	0	70.3	2.48
2013	193	23.79	21.21	26.18	189.55	0.12	72.56	2.49
2013	194	25.5	22.36	28.82	192.7	0	73.96	2.59
2013	195	24.24	20.89	27.88	212.77	0	71.79	3.25
2013	196	23.58	20.23	27.11	132.91	0	73.66	2.79
2013	197	24.94	21.02	28.72	203.16	0	61.97	2.95
2013	198	25.18	21.71	28.66	67.65	0	62.06	3.24
2013	199	24.86	21.33	28.28	91.4	0	70.11	3.15
2013	200	25.79	21.86	29.48	65.78	0	74.82	3.76
2013	201	26.31	23.2	29.49	312.23	0.01	73.91	2.7
2013	202	25.66	22.92	28.84	317.92	0.02	74.49	3.37
2013	203	25.23	22.14	28.47	64.01	0.02	75.2	3.05
2013	204	25.5	21.75	28.29	183.78	0	71.97	2.7
2013	205	25.59	22.38	28.46	87.99	0	75.65	3.99
2013	206	26.3	22.89	29.7	164.12	0	77.88	2.76
2013	207	26.51	23.22	30.3	164.8	0	75.95	2.78
2013	208	28.36	24.12	33.26	97.12	0	71.32	2.99
2013	209	27.14	22.65	30.99	100.08	0	75.7	3.71
2013	210	25.4	22.34	28.73	84.46	0	76.65	5.05
2013	211	25.22	21.67	29.28	309.83	0	84.12	3.86
2013	212	24.63	21.19	28.58	320.4	0	77.88	3.64
2013	213	24.74	21.59	28.28	108.1	0	75.95	3.64
2013	214	25.23	21.28	28.72	245.22	0	71.32	3.64
2013	215	25.61	22.93	28.71	340.3	0	75.7	3.64
2013	216	25.53	23.28	28.39	340.3	0	60.43	3.98
2013	217	26.31	23.64	31.51	340.3	0	82.14	3.25
2013	218	27.92	24.33	32.27	340.3	0	74.2	3.32
2013	219	28.94	24.15	33.93	340.3	0	70.81	2.72
2013	220	25.74	23.22	28.6	340.3	0	69.39	2.8
2013	221	24.41	22.07	27.42	99.72	0	67.25	3.53
2013	222	24.36	21.39	27.82	340.3	0	66.17	3.32
2013	223	24.89	21.5	28.49	340.3	0	69.91	3.56
2013	224	25.55	22.53	29.41	340.3	0	69.27	3.69
2013	225	24.7	21.17	28.63	340.3	0	70.44	3.82
2013	226	25.29	22.21	28.66	340.3	0	68.34	4.51
2013	227	25.64	22.16	29.27	340.3	0	60.16	3.04
2013	228	25.99	22.9	28.84	340.3	0	51.77	3.25
2013	229	25.3	22.76	28.26	340.3	0	55.64	3.8
2013	230	25.92	22.26	30	340.3	0	60.22	3.34
2013	231	26.18	22.76	30.34	340.3	0	66.35	3.65
2013	232	25.54	22.97	28.78	340.3	0	67.29	3.42
2013	233	24.92	22.79	28.07	340.3	0	67.22	3.85
2013	234	24.87	21.66	28.42	340.3	0	61.21	3.94
2013	235	25.17	22.67	28.4	278.29	0	62.14	3.64
2013	236	24.86	21.92	28.34	286.17	0	66.11	4.3
2013	237	24.95	22.76	28.25	339.26	0	65.33	4.51
2013	238	24.91	22.79	27.79	370.39	0.09	72.23	4.32
2013	239	25	23.05	27.21	348.37	1.83	72.33	3.66
2013	240	24.97	23.45	27.58	204.73	0.79	70.98	3.71
2013	241	24.27	22.85	26.18	203.21	6.5	71.85	3.22
2013	242	22.99	21.6	24.16	184.28	4.73	65.73	3.63
2013	243	23.64	20.36	26.92	132.61	0	65.77	3.56
2013	244	23.58	21.04	26.69	134.25	0	65.78	3.22
2013	245	23.48	20.6	26.43	177.46	0	59.99	2.42
2013	246	23.55	21.21	26.59	309.28	0	79.81	2.36
2013	247	23.15	20.11	26.5	183.69	0	84.97	3.37
2013	248	22.98	20.44	25.98	239.41	0	79.53	3.56
2013	249	23.57	20.69	27.15	276.93	0	69.46	3.47
2013	250	21.55	20.27	23.42	183.01	3.83	68.96	3.1
2013	251	23.43	20.31	28.04	216.31	0.15	70.71	2.69
2013	252	23.02	21.28	25.59	237.69	1.19	78.29	3.58
2013	253	23.27	21.3	26.12	304.84	0.76	61.66	4.59
2013	254	23.48	20.57	26.54	286.39	0.03	70.57	3.47
2013	255	23.6	21.29	26.46	311.18	0.14	67.65	3.06
2013	256	23.48	21.81	25.95	212.37	0.01	69.76	3.16
2013	257	22.87	21.02	25.85	303.08	0.02	71.05	3.53
2013	258	24.49	20.89	28.44	305.08	0	70.28	3.57
2013	259	24.09	21.92	26.92	335.8	0	68.7	2.81
2013	260	25.35	22.89	28.71	352.88	0.03	68.67	3.61
2013	261	24.12	22.11	27.11	296.61	0.07	63.45	4.06
2013	262	23.66	22.14	26.74	321.49	0.12	65.68	4.21
2013	263	23.49	21.43	26.34	425.01	0.08	72.24	4.2
2013	264	22.79	20.12	26.08	335.61	0	58.63	3.17
2013	265	22.49	19.98	25.74	292.61	0	64.9	2.78
2013	266	21.9	19.85	24.78	214.41	0	67.24	3.51
2013	267	21.99	19.82	24.77	306.57	0	71.98	3.83
2013	268	22.84	19.96	26.53	310.98	0	67.54	3.7
2013	269	23.37	20.27	27.15	291.16	0	71.17	4.05
2013	270	23.6	20.51	26.69	303.74	0	66.11	3.52
2013	271	23.36	21.2	25.98	79.8	0.04	61.65	3.22
2013	272	23.4	20.63	26.25	315.98	0	61.51	3.36
2013	273	24.87	19.92	29.82	221.85	0	79.37	4.62
2013	274	24.78	21.69	28.71	279.48	0	73.05	3.82
2013	275	24.85	22.03	28.47	290.74	0	67.62	4.09
2013	276	24.28	22.32	27.25	355.89	0.05	59.02	3.57
2013	277	24.15	21.95	27.28	340.3	0.04	56.38	3.34
2013	278	23.64	21.7	26.3	340.3	0	61.27	4.24
2013	279	22.26	21.39	23.79	340.3	0.01	66.42	5.2
2013	280	22.05	20.09	24.87	340.3	0.01	61.27	4.42
2013	281	21.5	19.43	24.35	340.3	0	58.16	4.01
2013	282	21.21	19.12	23.95	340.3	0	57.17	3.61
2013	283	21.22	18.93	24.72	340.3	0	64.39	5.2
2013	284	21.88	18.58	25.67	340.3	0	67.16	5.57
2013	285	21.24	18.12	24.57	29.44	0	73	4.75
2013	286	21.17	17.83	25.2	427.23	0	72.18	3.44
2013	287	20.58	18.2	24.26	428.3	0	71.74	4.22
2013	288	21.89	18.67	25.88	348.26	0	79.34	4.75
2013	289	22.75	19.91	27.2	391.86	0	70.86	3.97
2013	290	22.35	19.63	25.87	287.02	0	68.67	4.18
2013	291	21.67	18.51	25.87	391.89	0	56.17	3.38
2013	292	21.34	19.22	24.54	333	0	56.58	3.52
2013	293	21.83	19.15	25.4	333.2	0	62.73	3.41
2013	294	21.05	17.98	24.89	317.38	0	67.31	4.54
2013	295	21.31	18.16	24.96	335.48	0.01	76.47	4.64
2013	296	21.33	19.62	24.78	386.79	0.18	70.49	3.55
2013	297	21.38	18.61	25.22	361.83	0	67.55	3.87
2013	298	21.88	19.01	25.83	373.89	0	66.86	3.74
2013	299	21.9	20.26	24.55	302.02	0	72.71	4.13
2013	300	21.1	18.24	25.11	275.17	0	78.4	4.26
2013	301	21.97	19.74	26.24	299.92	0	72.37	3.77
2013	302	20.7	17.51	24.13	293.17	1.69	85.22	3.63
2013	303	17.34	14.18	20.55	320.12	0.21	88.67	3.3
2013	304	17.27	15.66	20.17	286.44	0	84.66	3.2
2013	305	17.3	14.92	21.14	301.58	0	85.41	3
2013	306	18.58	14.76	23.13	304.4	0	81.98	3.32
2013	307	19.74	16.14	24.52	326.5	0	82.53	2.9
2013	308	19.23	15.31	23.84	294.16	0	88.16	3.48
2013	309	20.4	16.69	24.98	313	0	78.03	3.7
2013	310	20.55	17.8	24.63	442.3	0	85.21	3.72
2013	311	19.87	17.16	24.17	471.37	0	87.17	4.04
2013	312	18.78	14.7	23.73	329.38	0	86.05	3.73
2013	313	17.87	15.84	20.7	388.75	0	87.41	4.58
2013	314	17.75	14.05	22.43	265.7	0	89.79	2.51
2013	315	18.49	15.06	22.7	278.59	0	89.16	3.26
2013	316	17.62	15.53	21.22	342.78	0	87.77	3.73
2013	317	17.21	15.68	19.56	418.36	2.43	87.67	3.39
2013	318	16.45	14.74	18.16	332.43	4.48	82.42	3.52
2013	319	14.01	11.37	17.53	327.11	0.14	82.05	3.47
2013	320	11.7	8.85	14.71	379.33	0.34	85.17	3.46
2013	321	12	10.37	14.62	301.92	0.49	87.74	3.58
2013	322	12.07	9.55	15.39	360.37	0.31	91.68	4.05
2013	323	14.19	10.54	19.26	426.02	0.08	87.89	4.08
2013	324	12.15	9.2	15.85	398.04	2.84	87.44	3.59
2013	325	12.27	8.83	17.97	319.64	0.01	87.22	2.76
2013	326	11.97	8.42	17	360.61	0	89.85	3.28
2013	327	11.89	8.17	16.56	332.88	0	77.23	3.81
2013	328	10.85	7.14	14.71	392.39	0	83.95	3.15
2013	329	11.59	8.1	15.41	319.92	0.03	75.99	3.76
2013	330	11.5	8.48	14.61	339	0.52	72.17	3.74
2013	331	11.3	10.28	12.13	471.51	3.53	71.36	3.2
2013	332	11.14	9.37	12.57	349.55	1.49	75.32	3.14
2013	333	10.37	7.82	13.33	498.21	0.05	82.54	3.88
2013	334	11.66	8.3	16.07	483.41	0.03	80.18	3.54
2013	335	10.54	7.98	12.8	461.96	0.93	75.45	2.89
2013	336	11.26	8.8	14.23	411.98	0	79.45	2.86
2013	337	12.2	9.12	15.14	401.68	0	76.59	2.78
2013	338	12.75	10.69	15.43	363.5	0	70.69	2.85
2013	339	12.63	10.02	16.32	404.09	0	78.08	2.72
2013	340	12.09	9.92	15.11	383.18	0	80.59	4.16
2013	341	11.4	9.85	14.28	473.77	0	80.1	3.6
2013	342	10.9	9.24	14.1	446.49	0	81.24	2.85
2013	343	12.27	9.43	15.33	398.57	0	82.55	2.64
2013	344	12.89	11.29	14.92	397.26	0	85.12	3.01
2013	345	12.47	10.55	14.88	396.18	0	87.32	4.19
2013	346	11.86	10.03	15.17	353.75	0	85.91	4.21
2013	347	12.44	9.7	15.92	349.7	0	79.05	3.99
2013	348	12.46	10.45	15.46	355.75	0	80.3	3.54
2013	349	11.89	10.2	14.89	373.16	0	76.19	2.57
2013	350	12.71	11.28	14.95	235.59	0	78.18	2.74
2013	351	13.11	11.67	15.7	376.45	0.09	74.8	3.57
2013	352	13.52	10.58	17.21	400.29	0.29	83.67	3.45
2013	353	13.75	11.42	18.06	350.94	6.42	86.91	3.82
2013	354	11.98	10.29	14.62	403.15	2.25	81.63	3.41
2013	355	11.95	10.7	14.17	407.99	0.29	83.61	3.95
2013	356	12.05	9.34	16.32	323.94	0	86.86	4.58
2013	357	12.14	9.6	15.96	309.77	0	73.13	3.85
2013	358	13.07	9.43	17.12	409.78	0.01	68.75	3.05
2013	359	14.25	10.76	16.59	417.6	1.17	77.61	2.63
2013	360	11.7	9.54	15.8	248.07	0.02	81.03	3.1
2013	361	12.48	9.03	17.72	434.42	0	78.05	2.63
2013	362	12.8	9.06	17.45	444.77	0.07	77.42	4.38
2013	363	10.81	7.55	15	410.62	0.02	56.91	3.87
2013	364	10.25	7.07	14.18	330.63	0	60.44	4.2
2013	365	11.75	8.68	16.31	386.32	0	73.27	4.48
2014	1	13.06	10.01	16.97	280.23	0	77.42	4.38
2014	2	14.33	12.17	17.8	211.09	0.12	56.91	3.87
2014	3	14.72	11.79	19.71	214.32	0.04	60.44	4.2
2014	4	14.79	11.05	19.19	103.83	0.01	73.27	4.48
2014	5	12.7	9.35	18.35	274.51	0	74.98	5.09
2014	6	13.88	10.51	18.3	376.05	0	73.78	4.69
2014	7	14.14	11.61	18.09	355.46	0	70.07	4.13
2014	8	12.65	10.56	16.33	361.29	0	64.35	4.95
2014	9	12.1	9.88	15.51	277.82	0	57.99	4.46
2014	10	12.07	10.12	14.86	312.8	0.5	57.68	3.85
2014	11	12.56	11.24	15.03	300.67	0.97	53.19	4.17
2014	12	13.31	9.76	18.35	365.58	0.01	58.45	4.01
2014	13	12.12	8.32	14.99	359.62	0.34	61.1	4.05
2014	14	11.84	8.8	15.58	341.86	0.02	39.06	3.88
2014	15	12.58	9.92	16.42	349.03	0	43.76	3.63
2014	16	13.18	11.29	16.3	347.23	0.89	53.2	4.18
2014	17	11.69	10.09	14.18	280.46	0.04	51.04	4.37
2014	18	11.77	10.3	13.95	350.85	0.44	54.3	4.54
2014	19	10.89	8.84	14.24	356.5	1.81	65.03	4.02
2014	20	10.23	6.86	15.33	353.82	0	64.15	4.56
2014	21	10.07	6.13	14.47	356.25	0	58.19	4.1
2014	22	12.66	9.85	16.88	235.94	1.52	63.2328	3.64
2014	23	11.87	9.47	15.47	262.47	0.53	63.253312	3.64
2014	24	12.33	8.47	17.26	300.24	0	62.87504448	3.64
2014	25	15.05	11.66	20.32	352.5	0	61.87884626	3.64
2014	26	14.42	10.59	19.61	340.3	0	60.78400011	3.64
2014	27	14.09	10.11	18.8	340.3	0	60.11856011	3.64
2014	28	11.39	7.22	16.05	340.3	0.01	60.24690252	3.64
2014	29	11.88	7.78	15.05	340.3	0.57	60.23917862	3.64
2014	30	10.33	6.98	15.13	340.3	0.01	59.71794576	3.64
2014	31	11.06	7.64	14.8	340.3	0.01	59.10746359	3.64
2014	32	12.84	9.22	17.74	340.3	0.01	58.52056214	3.64
2014	33	9.75	5.82	13.62	340.3	0	58.05858462	3.64
2014	34	11.6	8.46	16.12	340.3	0.1	57.80692801	3.64
2014	35	11.55	8.05	15.39	340.3	0	57.79960513	3.64
2014	36	13.94	11.14	18.04	340.3	0.02	57.80438933	3.64
2014	37	14.5	11.74	18.71	340.3	0.06	57.98896491	3.64
2014	38	12.83	9.68	16.83	340.3	0.02	57.9705235	3.64
2014	39	13.22	9.11	16.87	340.3	0.05	57.84534444	3.64
2014	40	13.77	11.1	16.26	340.3	3.99	58.59675822	3.64
2014	41	11.72	8.96	14.73	340.3	1.46	59.19022855	3.64
2014	42	10.88	6.69	14.57	340.3	0.48	59.42983769	3.64
2014	43	14.15	10.96	18.11	340.3	0.03	59.7654312	3.64
2014	44	15.91	12.83	20.59	340.3	0.02	59.98404845	3.64
2014	45	15.46	11.95	20.14	340.3	0	59.78221039	3.64
2014	46	14.33	10.41	18.7	340.3	0.02	59.6074988	3.64
2014	47	13.82	10.92	17.01	340.3	0.01	59.66419875	3.64
2014	48	11.94	11.36	12.58	340.3	0.02	59.5214547	3.64
2014	49	12.81	10.82	15.17	340.3	0.08	59.37218041	3.64
2014	50	13.25	9.52	17.69	340.3	0	59.23206585	3.64
2014	51	13.79	9.28	19.41	340.3	0	59.12619463	3.64
2014	52	14.26	10.84	19.13	340.3	0	59.05988241	3.64
2014	53	11.85	7.73	16.55	340.3	0	59.01753531	3.64
2014	54	11.58	9.34	14.33	340.3	0	58.96836062	3.64
2014	55	11.59	9.17	14.2	340.3	11.46	58.9175279	3.64
2014	56	11.78	7.71	15.81	340.3	0	58.88551118	3.47
2014	57	12.36	8.22	17.05	340.3	0	58.87663309	3.47
2014	58	12.18	7.68	16.68	340.3	0.04	58.89087592	3.47
2014	59	14.59	9.89	19.93	340.3	0.01	58.92416758	3.47
2014	60	14.48	11.73	17.77	352.06	0.44	58.96885716	3.47
2014	61	16.38	13.66	19.92	352.06	0.01	59.01562724	3.47
2014	62	14.55	11.13	17.69	352.06	0.01	59.06407676	3.47
2014	63	12.75	8.5	17.5	352.06	0	59.10708123	3.47
2014	64	14.41	9.89	19.46	352.06	0	59.15254354	3.47
2014	65	13.46	10.31	16.76	352.06	0	59.2048315	3.47
2014	66	12.58	10.07	15.39	352.06	0	59.22915443	3.47
2014	67	11.83	8.24	16.13	352.06	0	59.23071147	3.47
2014	68	12.42	9.36	16.16	352.06	0	59.22274642	3.47
2014	69	12.03	9.3	14.52	352.06	0	59.20103903	3.47
2014	70	12.11	8.6	15.76	352.06	0	59.16971865	3.47
2014	71	11.97	10.2	13.9	352.06	0.08	59.14521898	3.47
2014	72	12.38	10.47	14.91	352.06	0.91	59.12672779	3.47
2014	73	12.35	9.85	16	352.06	0.21	59.10522895	3.47
2014	74	13.48	9.67	17.47	352.06	0	59.08857992	3.47
2014	75	15.25	11.41	19.74	352.06	0	59.0772359	3.47
2014	76	16.04	12.65	19.7	352.06	0	59.07104271	3.47
2014	77	16.28	12.72	20.36	352.06	0	59.06883663	3.47
2014	78	13.95	11.48	17.07	352.06	0	59.0691948	3.47
2014	79	13.77	11.09	16.89	352.06	0	59.07126118	3.47
2014	80	15.39	11.6	19.66	352.06	0	59.0753772	3.47
2014	81	16.85	12.94	21.66	352.06	0	59.08169117	3.47
2014	82	13.98	10.03	18.61	352.06	0	59.08953837	3.47
2014	83	15.88	12.09	20.45	352.06	0.05	59.09805458	3.47
2014	84	15.92	10.74	20.56	352.06	0.05	59.10634173	3.47
2014	85	13.78	9.82	17.97	352.06	0.05	59.11362869	3.47
2014	86	13.07	9.81	16.82	352.06	0	59.11941956	3.47
2014	87	13.33	9.93	16.14	352.06	0	59.12357125	3.47
2014	88	14.02	11.73	16.28	352.06	0.03	59.12595103	3.47
2014	89	14.3	8.91	19.2	352.06	0	59.12670582	3.47
2014	90	14.66	11.32	18.44	352.06	0	59.12567231	3.47
2014	91	15.06	12.42	18.26	352.06	0	59.12250594	3.47
2014	92	15.77	13.19	19.47	352.06	2.26	59.11824	3.47
2014	93	14.86	11.97	17.79	352.06	0.92	59.11374114	3.47
2014	94	16.06	11.18	20.42	352.06	0	59.10938093	3.47
2014	95	17.98	13.1	22.48	352.06	0	59.10571461	3.47
2014	96	18.83	15.03	22.7	352.06	0	59.10315445	3.47
2014	97	18.81	16.02	21.91	352.06	0	59.10147187	3.47
2014	98	19.37	15.62	23.46	352.06	0	59.10046163	3.47
2014	99	17.1	14.19	21.02	352.06	0	59.10027094	3.47
2014	100	17.85	14.76	21.68	352.06	0	59.10073858	3.47
2014	101	19.64	16.1	23.96	352.06	0.02	59.10167868	3.47
2014	102	18.59	15.5	22.23	352.06	0.08	59.10290412	3.47
2014	103	17.57	14.64	21.22	352.06	0	59.10426682	3.47
2014	104	16.41	13.6	19.73	352.06	0	59.1056697	3.47
2014	105	18.07	14.14	22.55	352.06	0	64.7	3.47
2014	106	18.99	15.48	22.51	352.06	0	71.13	3.74
2014	107	17.83	14.76	21.76	352.06	0	80.23	2.82
2014	108	18.95	14.76	23.03	352.06	0	92.29	2.83
2014	109	20.63	17.46	24.34	352.06	0	80.92	2.44
2014	110	17.99	14.32	21.61	352.06	0.03	81.88	2.65
2014	111	17.28	14.26	20.45	352.06	0.11	86.61	2.42
2014	112	18.32	13.55	22.79	352.06	0	89.17	1.62
2014	113	17.69	14.44	21.19	352.06	0	80.9	2.39
2014	114	19.2	15.18	23.75	352.06	0	90.83	2.03
2014	115	17.31	12.19	21.43	352.06	0	85.63	2.1
2014	116	18.79	13.99	22.96	352.06	0	87.36	2.18
2014	117	19.07	15.64	23.12	352.06	0	89.17	2.66
2014	118	19.35	15.58	22.83	352.06	0	84.6	2.64
2014	119	20.52	16.85	24.31	352.06	0	89.09	3.64
2014	120	19.43	16.26	23.67	352.06	0	83.58	1.96
2014	121	18.43	15.69	21.9	352.06	0	82.14	2.29
2014	122	18.6	15.18	22.33	352.06	0	82.42	2.8
2014	123	17.3	14.36	20.94	352.06	0	83.04	2.71
2014	124	17.85	14.67	21.34	352.06	0	81.1	2.44
2014	125	17.57	14.29	21.61	352.06	0	86.29	3.69
2014	126	18.11	13.65	23	352.06	0	81.82	3.32
2014	127	19.46	15.83	23.92	352.06	0	82.4	3.2
2014	128	18.13	15.98	21.18	352.06	0	80.69	2.41
2014	129	18.72	15.39	22.21	352.06	0	80.52	2.45
2014	130	20.39	17.05	23.88	352.06	0	79.02	3.41
2014	131	23.11	18.93	28	352.06	0	80.56	2.58
2014	132	20.05	16.88	23.67	352.06	0	75.81	2.95
2014	133	18.4	15.62	21.7	352.06	0	78.16	2.98
2014	134	18.09	16.22	20.3	352.06	0	81.01	2.73
2014	135	17.41	15.07	20.25	352.06	0	79.61	2.45
2014	136	17.4	14.93	20.15	352.06	0.03	72.85	2.35
2014	137	16.95	14.62	20.32	352.06	0.19	73.65	2.67
2014	138	16.94	13.8	21.29	352.06	0.13	76.68	2.49
2014	139	18.8	14.05	22.93	352.06	0	77.59	3.21
2014	140	20.66	17.02	24.22	352.06	0.07	73.95	3.17
2014	141	19.67	16.57	22.93	352.06	0.04	72.29	3.33
2014	142	19.22	14.9	23.29	352.06	0.03	75.42	3.35
2014	143	18.82	15.31	22.65	352.06	0	82.01	3.15
2014	144	16.95	14.51	19.55	352.06	1.01	80.72	3.26
2014	145	18.26	14.72	21.58	352.06	1.47	89.1	3.74
2014	146	19.9	15.73	24.5	352.06	0	82.09	2.58
2014	147	18.72	15.88	21.73	352.06	0	78.43	2.52
2014	148	20.84	15.82	24.61	352.06	0	74.88	3.37
2014	149	20.74	17.13	23.97	352.06	0	76.13	3.6
2014	150	21.94	17.5	26.14	352.06	0	80.43	3.46
2014	151	19.24	17.45	22.14	165.37	0.3	79.68	3.11
2014	152	18.51	16.8	20.05	252.18	1.94	72.1	2.52
2014	153	19.73	16.74	22.98	273.08	0.05	76.26	3.01
2014	154	21.5	15.87	25.68	69.78	0	62.02	2.54
2014	155	24.28	19.54	28.86	199.47	0	64.25	2.55
2014	156	22.1	18.99	24.86	306.03	0	75.18	3.93
2014	157	22.51	19.04	25.97	200.96	0.17	74.56	2.85
2014	158	23.25	20.41	26.22	360.35	0	63.15	2.73
2014	159	22.67	19.54	25.91	365.95	0	63.95	2.52
2014	160	21.33	18.9	23.74	229.63	0	74.48	2.64
2014	161	21.73	17.89	26.11	251.44	0.29	78.03	2.24
2014	162	22.58	19.86	25.96	351.39	0	77.07	2.1
2014	163	23.66	20.14	26.82	241.6	0	74.76	2.65
2014	164	24.86	20.73	28.34	190.26	0	80.78	3.03
2014	165	25.53	21.6	29.1	245.06	0	74.23	2.81
2014	166	23.24	20.31	27.16	141.38	0	73.04	2.49
2014	167	21.66	19.41	24.37	188.56	0.04	77.27	2.83
2014	168	21.26	18.62	24.06	54.07	5.49	79.93	3.14
2014	169	22.68	19.22	25.76	172.24	0	78.53	2.92
2014	170	22.44	19.05	26.14	224.37	0	81.36	3.27
2014	171	23.19	19.75	26.72	138.18	0.01	69.59	2.7
2014	172	23.75	19.91	27.07	191.66	0.01	60.96	2.39
2014	173	25.16	21.24	28.79	117.71	0	76.59	2.67
2014	174	24.31	21.15	27.75	61.62	1.28	79.69	2.63
2014	175	21.94	19.19	24.43	198.47	9.09	73.82	2.46
2014	176	22.53	18.25	25.95	249.27	3.78	79.4	2.51
2014	177	23.9	20.19	27.34	115.2	0	75.77	3.1
2014	178	23.99	20.9	27.21	94.91	0	79.28	3.5
2014	179	25.22	21.13	28.82	236.09	0	75.76	3.45
2014	180	25.43	21.11	29.72	114.41	0	73.3	3.53
2014	181	22.93	20.21	25.95	109.4	0	73.98	3.97
2014	182	24.85	19.66	29.43	26.13	0	79.14	2.19
2014	183	23.65	19.54	26.67	85.05	0	66.31	4.78
2014	184	21.88	18.28	24.78	61.39	0	71.89	4.13
2014	185	23.74	19.77	27.66	167.11	0	72.12	3.26
2014	186	24.45	21.27	27.93	12.18	0	72.19	2.32
2014	187	25.64	20.91	29.13	95.63	0	65.96	2.48
2014	188	24.81	20.75	28.38	100.56	0	67.15	2.61
2014	189	22.83	20.07	25.91	159.02	0	74.61	3
2014	190	23.36	20.93	26.52	248.11	0	72.44	3.07
2014	191	22.95	20.51	25.94	315.31	0	65.2	3.12
2014	192	22.96	19.9	26.08	289.71	0	70.3	2.48
2014	193	23.37	20.39	27.22	189.55	0	72.56	2.49
2014	194	23.79	20.88	27.27	192.7	0	73.96	2.59
2014	195	25.36	21.56	29.6	212.77	0	71.79	3.25
2014	196	24.87	22.28	28.39	132.91	0	73.66	2.79
2014	197	25.41	21.68	29.53	203.16	0	61.97	2.95
2014	198	25.85	22.41	29.27	67.65	0	62.06	3.24
2014	199	27.55	24.01	31.54	91.4	0	70.11	3.15
2014	200	28.62	25.18	32.84	65.78	0	74.82	3.76
2014	201	26.67	23.46	29.38	312.23	0	73.91	2.7
2014	202	24.9	22.25	27.96	317.92	0	74.49	3.37
2014	203	25.08	21.71	28.35	64.01	0	75.2	3.05
2014	204	26.19	22.03	29.94	183.78	0	71.97	2.7
2014	205	25.89	22.64	28.64	87.99	0	75.65	3.99
2014	206	25.49	22.9	29.54	164.12	0	77.88	2.76
2014	207	24.94	22.53	27.65	164.8	0	75.95	2.78
2014	208	25.63	23.26	28.4	97.12	0	71.32	2.99
2014	209	26.71	22.58	30.42	100.08	0	75.7	3.71
2014	210	25.26	22.97	28.05	84.46	0	76.65	5.05
2014	211	25.11	22.38	28.3	309.83	0	84.12	3.86
2014	212	25.78	22.61	29.11	320.4	0	77.88	3.64
2014	213	28.14	23.5	32.16	108.1	0	75.95	3.64
2014	214	26.9	23	29.76	245.22	0	71.32	3.64
2014	215	26.29	23.55	29.29	340.3	0	75.7	3.64
2014	216	25.66	22.1	29.29	340.3	0	60.43	3.98
2014	217	25.63	22.58	29.39	340.3	0	82.14	3.25
2014	218	24.58	21.44	28.02	340.3	0	74.2	3.32
2014	219	25.15	22.66	27.61	340.3	0	70.81	2.72
2014	220	26.22	22.85	30.24	340.3	0	69.39	2.8
2014	221	26.47	23.44	29.97	99.72	0	67.25	3.53
2014	222	28.17	23.86	32.35	340.3	0	66.17	3.32
2014	223	27.87	23.57	31.64	340.3	0.01	69.91	3.56
2014	224	25.63	23.13	28.91	340.3	0.02	69.27	3.69
2014	225	27.95	24.01	32.27	340.3	0	70.44	3.82
2014	226	26.06	24	28.94	340.3	0	68.34	4.51
2014	227	25.55	23.75	28.6	340.3	0	60.16	3.04
2014	228	25.13	23.39	27.96	340.3	0.02	51.77	3.25
2014	229	24.76	22.51	27.53	340.3	0.01	55.64	3.8
2014	230	24.25	21.51	27.39	340.3	0	60.22	3.34
2014	231	24.91	21.19	28.5	340.3	0	66.35	3.65
2014	232	25.75	21.47	29.76	340.3	0	67.29	3.42
2014	233	25.57	22.78	28.93	340.3	0	67.22	3.85
2014	234	25.93	22.42	30.03	340.3	0	61.21	3.94
2014	235	25.39	23.08	28.07	278.29	0	62.14	3.64
2014	236	25.23	22.81	28.59	286.17	0	66.11	4.3
2014	237	25.99	22.48	29.31	339.26	0	65.33	4.51
2014	238	28.19	24.03	32.55	370.39	0	72.23	4.32
2014	239	28.51	24.43	32.81	348.37	0	72.33	3.66
2014	240	26.28	22.91	29.66	204.73	0	70.98	3.71
2014	241	26.27	23.52	30.06	203.21	0	71.85	3.22
2014	242	25.46	23.14	28.81	184.28	0	65.73	3.63
2014	243	25.2	23.32	28.11	132.61	0	65.77	3.56
2014	244	25.39	22.71	28.51	134.25	0	65.78	3.22
2014	245	27.65	24.08	31.49	177.46	0	59.99	2.42
2014	246	27.88	23.65	32.74	309.28	0	79.81	2.36
2014	247	27.25	23.95	31.18	183.69	0	84.97	3.37
2014	248	26.52	23.8	30.08	239.41	0	79.53	3.56
2014	249	26.73	23.44	30.27	276.93	0	69.46	3.47
2014	250	27.59	23.56	31.71	183.01	0	68.96	3.1
2014	251	26.36	23.38	29.35	216.31	0	70.71	2.69
2014	252	25.6	23.07	28.56	237.69	0	78.29	3.58
2014	253	26.13	22.76	29.73	304.84	0	61.66	4.59
2014	254	27.47	22.95	31.32	286.39	0	70.57	3.47
2014	255	27.06	23.56	31.34	311.18	0	67.65	3.06
2014	256	26.87	23.49	31.08	212.37	0	69.76	3.16
2014	257	27.14	22.88	31.32	303.08	0	71.05	3.53
2014	258	25.67	22.64	29.75	305.08	0	70.28	3.57
2014	259	25.05	21.41	29.29	335.8	0.71	68.7	2.81
2014	260	25.4	22.99	28.54	352.88	0.02	68.67	3.61
2014	261	24.68	21.77	27.98	296.61	0	63.45	4.06
2014	262	24.75	21.71	28.15	321.49	0	65.68	4.21
2014	263	25.53	22.63	29.04	425.01	0	72.24	4.2
2014	264	24.41	23.06	26.9	335.61	0.23	58.63	3.17
2014	265	24.39	21.91	27.58	292.61	2.15	64.9	2.78
2014	266	23.24	19.51	26.61	214.41	2.68	67.24	3.51
2014	267	23.39	19.97	26.94	306.57	0.76	71.98	3.83
2014	268	22.24	20.8	23.91	310.98	0.49	67.54	3.7
2014	269	22.69	20.97	24.95	291.16	1	71.17	4.05
2014	270	22.35	21.31	23.56	303.74	1.3	66.11	3.52
2014	271	21.58	19.9	23.37	79.8	0.85	61.65	3.22
2014	272	22.36	20.64	24.8	315.98	3.73	61.51	3.36
2014	273	22.24	20.46	24.37	221.85	4.78	79.37	4.62
2014	274	22.53	21.1	24.58	279.48	5.29	73.05	3.82
2014	275	22.3	21.42	23.65	290.74	1.08	67.62	4.09
2014	276	22.01	20.02	24.99	355.89	0.23	59.02	3.57
2014	277	22.13	19.59	25.4	340.3	0.46	56.38	3.34
2014	278	22.99	20.54	26.24	340.3	0	61.27	4.24
2014	279	22.09	20.28	25.3	340.3	0	66.42	5.2
2014	280	21.98	18.47	26.13	340.3	0	61.27	4.42
2014	281	22.31	19.59	26.24	340.3	0	58.16	4.01
2014	282	22.65	18.99	27.06	340.3	0	57.17	3.61
2014	283	22.96	19.65	27.11	340.3	0.01	64.39	5.2
2014	284	21.66	19.54	24.53	340.3	1.85	67.16	5.57
2014	285	20.73	17.7	23.59	29.44	3.86	73	4.75
2014	286	19.33	16.33	23.06	427.23	0.1	72.18	3.44
2014	287	18.41	16.18	21.77	428.3	7.63	71.74	4.22
2014	288	19.43	14.89	24.22	348.26	0	79.34	4.75
2014	289	21.17	17.97	25.16	391.86	0	70.86	3.97
2014	290	22.04	18.99	25.85	287.02	0	68.67	4.18
2014	291	22.16	20.04	25.75	391.89	0	56.17	3.38
2014	292	22.14	19.92	26.26	333	0	56.58	3.52
2014	293	22.46	19.73	26.21	333.2	0	62.73	3.41
2014	294	24.3	20.4	28.73	317.38	0	67.31	4.54
2014	295	22.65	18.61	26.45	335.48	0	76.47	4.64
2014	296	20.08	16.9	23.76	386.79	0	70.49	3.55
2014	297	21.38	19.09	25.13	361.83	0	67.55	3.87
2014	298	21.14	18.61	24.61	373.89	0	66.86	3.74
2014	299	21.36	19.14	24.71	302.02	0	72.71	4.13
2014	300	20.77	18.08	24.47	275.17	0	78.4	4.26
2014	301	19.29	16.72	22.41	299.92	0	72.37	3.77
2014	302	19.2	16.66	22.6	293.17	0	85.22	3.63
2014	303	19.19	16.29	23.1	320.12	0	88.67	3.3
2014	304	19.18	17.47	22.03	286.44	0	84.66	3.2
2014	305	18.9	17.08	21.97	301.58	0	85.41	3
2014	306	18.57	16.87	21.36	304.4	0	81.98	3.32
2014	307	19.37	16.66	22.38	326.5	0.02	82.53	2.9
2014	308	16.65	12.71	19	294.16	8.66	88.16	3.48
2014	309	14.81	11.36	19.21	313	0.02	78.03	3.7
2014	310	15.82	12.22	20.05	442.3	0	85.21	3.72
2014	311	17.67	13.25	22.79	471.37	0.04	87.17	4.04
2014	312	18.04	15.55	22.14	329.38	0.27	86.05	3.73
2014	313	16.2	13.34	19.58	388.75	0.36	87.41	4.58
2014	314	14.31	11.31	17.77	265.7	0	89.79	2.51
2014	315	15.18	13.51	17.65	278.59	3.8	89.16	3.26
2014	316	17.04	14.36	21.31	342.78	0.05	87.77	3.73
2014	317	17.47	14.78	21.42	418.36	0.01	87.67	3.39
2014	318	17.48	15.52	20.54	332.43	0.66	82.42	3.52
2014	319	16.28	13.27	20.34	327.11	0.12	82.05	3.47
2014	320	15.88	12.87	19.37	379.33	0	85.17	3.46
2014	321	14.6	10.71	19.72	301.92	0	87.74	3.58
2014	322	14.77	11.81	18.41	360.37	0	91.68	4.05
2014	323	15.59	13.24	19.23	426.02	0	87.89	4.08
2014	324	16.35	13.56	19.66	398.04	0	87.44	3.59
2014	325	16.42	14.99	18.38	319.64	0	87.22	2.76
2014	326	17.26	14.83	20.61	360.61	0.01	89.85	3.28
2014	327	18.06	16.09	20.45	332.88	0	77.23	3.81
2014	328	17.05	15.24	20.13	392.39	0	83.95	3.15
2014	329	16.64	14.22	20.13	319.92	0.62	75.99	3.76
2014	330	15.89	13.73	19.28	339	0.73	72.17	3.74
2014	331	15.23	13.83	17.18	471.51	0.36	71.36	3.2
2014	332	15.22	14.78	15.82	349.55	4.68	75.32	3.14
2014	333	15.06	13.29	16.75	498.21	4.12	82.54	3.88
2014	334	15.04	12.75	18.35	483.41	2.85	80.18	3.54
2014	335	16.47	14.36	20.72	461.96	0.14	75.45	2.89
2014	336	14.23	11.32	18.04	411.98	0.09	79.45	2.86
2014	337	13.92	12.73	16.68	401.68	0.95	76.59	2.78
2014	338	13.59	10.62	17.32	363.5	4.3	70.69	2.85
2014	339	13.25	10.17	17.33	404.09	0.07	78.08	2.72
2014	340	12.1	9.39	16.48	383.18	0	80.59	4.16
2014	341	11.41	7.89	16.11	473.77	0	80.1	3.6
2014	342	12.27	9.2	17.48	446.49	0	81.24	2.85
2014	343	12.39	9.35	16.74	398.57	0	82.55	2.64
2014	344	10.72	7.22	15.37	397.26	0	85.12	3.01
2014	345	12.94	9.63	17.55	396.18	0	87.32	4.19
2014	346	13.22	11.34	16.68	353.75	0	85.91	4.21
2014	347	13.85	12.21	17.16	349.7	0.01	79.05	3.99
2014	348	12.26	11.27	13.04	355.75	8.09	80.3	3.54
2014	349	11.88	10.43	14.53	373.16	2.68	76.19	2.57
2014	350	12.79	9.48	17.44	235.59	0.02	78.18	2.74
2014	351	12.74	9.2	17.2	376.45	0	74.8	3.57
2014	352	14.11	11.07	18.83	400.29	0	83.67	3.45
2014	353	14.76	13.16	18.46	350.94	0	86.91	3.82
2014	354	13.85	10.93	17.24	403.15	0	81.63	3.41
2014	355	12.27	10.02	15.48	407.99	0	83.61	3.95
2014	356	12.57	11.52	14.78	323.94	0	86.86	4.58
2014	357	12.14	10.24	14.67	309.77	0	73.13	3.85
2014	358	12.15	9.81	15.63	409.78	0	68.75	3.05
2014	359	12.24	10.76	15.06	417.6	0	77.61	2.63
2014	360	11.83	8.92	15.99	248.07	0	81.03	3.1
2014	361	12.91	9.64	18.11	434.42	0	78.05	2.63
2014	362	12.25	9.04	17.2	444.77	0.42	77.42	4.38
2014	363	8.61	5.81	11.56	410.62	0.18	56.91	3.87
2014	364	9.31	6.72	13.06	330.63	0	60.44	4.2
2014	365	10.6	6.29	16.5	386.32	0	73.27	4.48
2015	1	10.82	8.43	14.08	280.23	0	65.93	3.54
2015	2	11.34	9.35	14.7	211.09	0	73.13	1.33
2015	3	12.54	9.81	16.81	214.32	0	62.69	2.01
2015	4	13.87	10.92	19.18	103.83	0	60.76	1.85
2015	5	12.41	10.53	16.23	274.51	0	71.62	1.76
2015	6	12.24	8.89	16.61	376.05	0	66.31	1.91
2015	7	11.35	9.35	13.87	355.46	0	77.69	2.66
2015	8	11.8	9.88	14.78	361.29	0	80.68	2.93
2015	9	11.37	8.72	14.56	277.82	0	67.88	2.64
2015	10	12.95	10.19	18.27	312.8	0	56.11	2.51
2015	11	13.84	10.62	19.67	300.67	0	59.14	2.36
2015	12	12.63	10.49	15.31	365.58	0	85.14	4
2015	13	13.01	10.87	16.68	359.62	0	74	2.02
2015	14	13.85	11.83	16.98	341.86	0	70.02	1.3
2015	15	14.23	11.77	18.48	349.03	0	73.1	3.05
2015	16	12.24	8.14	15.67	347.23	1.07	65.54	4.57
2015	17	10.06	6.61	14.06	280.46	0.1	60.13	2.77
2015	18	11.02	9.06	13.05	350.85	2.24	69.61	3.58
2015	19	9.62	7.81	12.47	356.5	9.63	78.73	4.47
2015	20	9.1	5.08	13.4	353.82	1.95	61.34	2.53
2015	21	9.63	7.46	13.35	356.25	5.96	64.5	3.18
2015	22	9.48	6.39	13.22	235.94	0.3	65.43	5.17
2015	23	9.94	6.91	14.76	262.47	0	59.67	4.46
2015	24	9.64	5.85	14.17	300.24	0	55.59	3.02
2015	25	11.29	7.66	15.84	352.5	0	52.19	3.62
2015	26	10.8	7.75	15.18	340.3	0	59.1	2.63
2015	27	12.39	8.99	16.7	340.3	0	62.13	1.88
2015	28	12.4	8.77	17.48	340.3	0	65.09	2.95
2015	29	13.39	8.41	18.78	340.3	0	68.39	3.89
2015	30	16.52	14.4	19.44	340.3	0.36	67.98	8.29
2015	31	15.08	10.58	18	340.3	1.26	58.71	9.21
2015	32	9.8	7.3	13.52	340.3	0	54.35	5.45
2015	33	10.21	6.34	15.02	340.3	0.15	62.84	4.03
2015	34	12.32	9.19	16.49	340.3	0.45	66.1	5.44
2015	35	9.84	6.46	12.44	340.3	0.52	54.82	7.07
2015	36	7.71	4.89	12.25	340.3	0	52.14	6.35
2015	37	8.56	5.38	12.64	340.3	0.01	49.86	2.51
2015	38	7.88	5.76	10.16	340.3	2.32	66.74	3.24
2015	39	8.31	6.37	10.34	340.3	4.73	74.52	3.19
2015	40	9.44	5.91	13.02	340.3	0.12	74.73	5.37
2015	41	10.83	9.27	12.8	340.3	0.29	76.76	5.77
2015	42	11.18	8.14	14.95	340.3	0.02	82.25	4.64
2015	43	10.62	9.64	12.64	340.3	6.82	85.75	4.57
2015	44	12.04	9.06	16.14	340.3	0.02	74.74	2.7
2015	45	12.72	8.49	17.53	340.3	0.07	71.74	3.05
2015	46	13.72	10.6	18.18	340.3	0.42	72.52	4.19
2015	47	13.73	10.21	18.4	340.3	0.05	70.92	3.08
2015	48	11.79	9.67	13.73	340.3	20.93	81.09	7.86
2015	49	12	10.86	13.65	340.3	2.68	80.16	8.77
2015	50	11.49	9.98	13.53	340.3	0.61	77.04	7.53
2015	51	10.73	9.23	12.68	340.3	2.69	86.03	4.8
2015	52	12.04	8.57	16.47	340.3	0.15	71.25	3.36
2015	53	12.03	7.26	17.18	340.3	0.01	59.97	2.42
2015	54	13.9	9.47	19.43	340.3	0.01	69.61	2.07
2015	55	12.49	8.6	16.73	340.3	0.01	59.81	3.06
2015	56	12.51	8.38	16.18	340.3	0	58.64	4.36
2015	57	15.17	11.1	20.27	340.3	0	63.12	3.41
2015	58	14.92	11.05	19.73	340.3	0	67.44	2.18
2015	59	13.7	11.7	16.81	340.3	0	66.87	2.46
2015	60	15.21	12.01	19.26	352.06	0	69.69	2.69
2015	61	16.29	12.66	20.5	352.06	0	68.85	2.56
2015	62	16.59	13.21	21	352.06	0	73.03	1.36
2015	63	15.44	12.06	20.76	352.06	0	76.4	1.91
2015	64	11.45	8.31	14.99	352.06	0	52.09	4.79
2015	65	11.38	8.6	14.87	352.06	0	50.65	1.72
2015	66	12.07	8.68	15.94	352.06	0	53.27	1.76
2015	67	12.86	10.51	15.5	352.06	0	64.32	2.67
2015	68	12.34	9.76	16	352.06	0	72.25	2.1
2015	69	13.75	11.29	17.42	352.06	0	68.71	1.51
2015	70	16.31	11.58	21.92	352.06	0	56.97	1.87
2015	71	17.35	13.91	21.97	352.06	0	55.36	2.12
2015	72	14.42	11.93	17.32	352.06	0.01	70.05	3.52
2015	73	11.58	10.16	13.17	352.06	0.23	83.89	3.51
2015	74	11.63	9.65	14.11	352.06	0.01	70.42	2.7
2015	75	11.89	9.66	14.82	352.06	0.01	69.84	2.61
2015	76	11.62	9.19	14.39	352.06	6.73	72.9	5.14
2015	77	11.8	8.9	15.3	352.06	6.61	79.34	6.08
2015	78	13.16	10.5	15.75	352.06	0.46	83.67	8.13
2015	79	13.81	12.21	15.96	352.06	3.05	87.08	6.24
2015	80	13.46	11.57	16.08	352.06	0.62	79.35	2.96
2015	81	12.89	11.21	14.94	352.06	0.64	81.32	1.79
2015	82	12.64	10.61	14.46	352.06	2	87.32	2.42
2015	83	12.73	11.19	15.62	352.06	6.47	75.23	3.88
2015	84	11.39	7.55	15.37	352.06	4.44	62.48	4.38
2015	85	12.31	6.56	17.12	352.06	0	55.17	2.86
2015	86	16.37	11.55	21.17	352.06	0	67.56	2.72
2015	87	17.6	14.31	21.6	352.06	0	62.06	2.74
2015	88	18.88	14.97	23.79	352.06	0	59.61	1.56
2015	89	20.06	15.33	25.02	352.06	0	52.4	1.77
2015	90	19.37	17.16	22.16	352.06	0	57.21	2.35
2015	91	16.69	13.11	19.31	352.06	0	71.06	4.26
2015	92	14.3	11.8	17.52	352.06	0	79.26	3.88
2015	93	15.13	12.7	18.66	352.06	0	74.32	2.29
2015	94	14.67	12.02	17.64	352.06	0	75.87	3.65
2015	95	14.36	11.34	18.82	352.06	0	76.1	3.08
2015	96	13.59	11.81	16.2	352.06	0.75	76.74	7.2
2015	97	13.27	11.29	15.54	352.06	0.45	72.54	8.17
2015	98	13.11	11.01	15.55	352.06	0.55	68.31	8.45
2015	99	13.34	10.1	17.12	352.06	1.2	74.38	5.82
2015	100	13.5	10.47	17.07	352.06	0	75.93	3.67
2015	101	13.68	12.08	16.23	352.06	4.2	82.82	2
2015	102	14.64	11.77	17.7	352.06	1.64	79.41	7.18
2015	103	16.03	13.64	19.71	352.06	0.04	73.79	7.45
2015	104	16.76	14.4	19.5	352.06	0.02	65.8	8.22
2015	105	15.85	13.51	18.72	352.06	12.99	81.2	2.73
2015	106	16.82	13	20.76	352.06	0.48	74.67	3.01
2015	107	17.16	14.44	20.21	352.06	0	67.61	1.8
2015	108	17.19	14.97	20.86	352.06	0.72	67.25	2.69
2015	109	16.18	12.64	19.82	352.06	1.14	66.57	2.43
2015	110	16.04	12.71	19.48	352.06	0.02	71.98	4.29
2015	111	15.59	13.38	18.88	352.06	0.02	77.79	6.86
2015	112	16.3	13.79	20.45	352.06	0.14	79.49	3.32
2015	113	16.94	13.04	21.06	352.06	0.01	73.3	1.51
2015	114	16.75	14.22	19.82	352.06	0.01	76.32	2.19
2015	115	18.19	14.04	21.83	352.06	0	65.56	2.25
2015	116	18.79	15.33	22.33	352.06	0.69	66.04	4.98
2015	117	17.85	13.73	22.3	352.06	0.16	62.54	3.67
2015	118	17.51	13.84	20.92	352.06	0	63	1.96
2015	119	18.67	14.65	23.34	352.06	0.01	68.14	2.35
2015	120	18.56	16.22	21.45	352.06	0.01	66.54	2.42
2015	121	20.7	16.23	24.97	352.06	0	59.81	2.08
2015	122	22.37	19.04	26.5	352.06	0	51.56	1.76
2015	123	23.89	19.28	28.31	352.06	0	45.37	1.85
2015	124	23.01	19.36	27.01	352.06	0	45.71	2.55
2015	125	21.63	18.95	25.29	352.06	0	55.89	2.68
2015	126	20.02	16.77	23.4	352.06	0	53.71	2.29
2015	127	19.63	15.8	23.41	352.06	0	63.22	2.83
2015	128	21.85	16.74	27.05	352.06	0	56.09	2.46
2015	129	21.66	18.6	24.71	352.06	0	57.07	2.73
2015	130	20.88	17.82	24.73	352.06	0	59.77	5.27
2015	131	21.54	18.17	26.11	352.06	0	50.49	5.33
2015	132	21.13	17.4	25.67	352.06	0	51.68	2.65
2015	133	23.86	19.27	28.56	352.06	0	43.03	1.37
2015	134	26.92	23.25	30.32	352.06	0	33.43	2.62
2015	135	20.05	16.47	23.4	352.06	0	62.01	4.1
2015	136	18.65	16.11	22.15	352.06	0	62.8	3.12
2015	137	19.61	16.06	23.47	352.06	0	54.85	2.94
2015	138	19.73	15.94	23.55	352.06	0.01	63.72	3.96
2015	139	21.59	17.86	26.02	352.06	0.04	64.69	3.69
2015	140	18.21	16.04	20.77	352.06	0.38	67.22	5.63
2015	141	17.49	15.37	19.96	352.06	0.01	68.2	3.8
2015	142	17.4	15.07	19.96	352.06	0	66.86	4.05
2015	143	17.96	14.68	21.11	352.06	0.01	60.91	4.02
2015	144	17.46	15.54	18.82	352.06	0.38	68.67	4.75
2015	145	17.83	15.56	21.14	352.06	1.76	71.3	4.49
2015	146	20.02	16.83	23.43	352.06	0	63.53	3.88
2015	147	19.76	17	22.82	352.06	0	68.01	2.79
2015	148	19.98	16.25	23.42	352.06	0.02	65.21	4.92
2015	149	21.51	17.5	25.65	352.06	0.1	60.57	3.81
2015	150	21.42	18.38	24	352.06	0.05	65.22	1.86
2015	151	22.11	19.01	25.06	165.37	0.1	62.18	1.51
2015	152	21.78	19.31	24.19	252.18	0.08	66.4	1.91
2015	153	21.78	17.77	25.26	273.08	0.01	65.58	3.14
2015	154	22.33	18.4	26.2	69.78	0	56.29	4.73
2015	155	22.04	18.37	25.5	199.47	0	57	4.47
2015	156	22.18	18.33	25.73	306.03	0	60.41	3.69
2015	157	22.83	19.35	26.26	200.96	0.02	55.6	4.23
2015	158	22.81	19.16	26.19	360.35	0	51.68	4.05
2015	159	23.2	19.68	26.41	365.95	0	53.56	3.94
2015	160	23.59	20.61	26.71	229.63	0	55.2	2.59
2015	161	22.92	19.44	26.08	251.44	0.04	64.98	2.27
2015	162	21.69	20.21	23.88	351.39	3.4	70.12	3.48
2015	163	23.18	20.09	26.19	241.6	0.02	58.9	3.77
2015	164	23.09	19.62	26.5	190.26	0	49.05	5.54
2015	165	21.14	18.01	23.6	245.06	0.09	54.18	4.12
2015	166	21.87	17.89	24.8	141.38	0.07	56.36	3.67
2015	167	21.57	19.21	24.24	188.56	0.09	57.64	2.04
2015	168	21.76	18.82	24.84	54.07	0	60.92	2.66
2015	169	21.86	18.63	24.91	172.24	0.01	67.1	4.4
2015	170	23.03	19.29	26.47	224.37	0	59.02	2.45
2015	171	22.85	19.23	26.47	138.18	0	63.91	2.88
2015	172	23.78	19.75	27.92	191.66	0	59.38	4
2015	173	25.67	21.33	29.86	117.71	0	50.39	2.74
2015	174	26.15	21.34	30.55	61.62	0	51.37	2.62
2015	175	24.24	21.22	27.12	198.47	0.01	62.09	3.44
2015	176	23.33	20.03	26.22	249.27	0.01	64.53	3.05
2015	177	24.87	21.46	27.6	115.2	0	54.15	1.98
2015	178	26.82	23.19	29.99	94.91	0	45.15	2.08
2015	179	28.78	25.61	31.52	236.09	0	38.56	1.44
2015	180	27.53	23.63	31.12	114.41	0.01	50.84	3.95
2015	181	26.9	24.16	29.78	109.4	0	53.45	4.67
2015	182	26.66	23.97	29.8	26.13	0	57.38	4.12
2015	183	26.38	24.18	30.07	85.05	0	61.86	1.69
2015	184	26.3	23.23	28.84	61.39	0	67.97	3.85
2015	185	27.08	24	30.68	167.11	0	55.48	4.4
2015	186	28.06	24.14	32.38	12.18	0	52.78	3.63
2015	187	28.9	25.43	32.32	95.63	0.01	45.64	3.99
2015	188	30.13	26.04	33.96	100.56	0	38.77	2.14
2015	189	30.06	25.35	34.99	159.02	0	48.23	2.16
2015	190	26.26	23.67	29.37	248.11	0	73.3	3.97
2015	191	25.66	22.42	29.07	315.31	0	72.8	2.63
2015	192	26.88	23.8	30.46	289.71	0	65.54	2.52
2015	193	26.08	23.52	29.71	189.55	0	68.62	2.35
2015	194	26.18	23.51	28.92	192.7	0	71.49	1.99
2015	195	26.72	23.85	29.57	212.77	0	67.63	2
2015	196	27.04	23.69	30.17	132.91	0	65.12	2.49
2015	197	27.16	23.63	30.69	203.16	0	65.51	3.5
2015	198	26.94	24	30.05	67.65	0.03	65.6	3.8
2015	199	27.48	24.51	30.71	91.4	0.02	61.09	2.89
2015	200	27.8	24.6	31.77	65.78	0.01	64.2	2.21
2015	201	27.91	24.84	31.22	312.23	0	62.52	1.79
2015	202	28.07	24.71	31.43	317.92	0	63.83	2.42
2015	203	28.72	24.91	32.92	64.01	0.01	57.49	2.31
2015	204	27.72	24.3	30.93	183.78	0.05	67.03	2.8
2015	205	29.17	25.11	32.35	87.99	0.01	58.93	3.49
2015	206	28.9	25.82	32.3	164.12	0	58.42	3.09
2015	207	27.56	25.24	31.17	164.8	0	73.25	3.13
2015	208	29.85	25	34.76	97.12	0	54.57	3.33
2015	209	27.8	25.29	30.63	100.08	0	73.69	3.11
2015	210	28.08	25.52	31.83	84.46	0.01	64.7	2.18
2015	211	27.88	25.36	30.9	309.83	0.58	73.33	2.95
2015	212	27.31	25.08	30.46	320.4	0.11	73.91	3.28
2015	213	27.1	24.34	30.88	108.1	0.02	68.9	3.6
2015	214	26.89	25.06	29.8	245.22	0.03	75.16	5.49
2015	215	27.31	24.28	29.98	340.3	0.01	64.9	4.32
2015	216	28.01	25.23	30.72	340.3	0.39	57.42	1.98
2015	217	27.15	23.81	30.49	340.3	1	72.4	2.43
2015	218	26.74	25.12	28.77	340.3	2.54	80.54	1.65
2015	219	28.39	25.65	30.75	340.3	1.22	70.03	2.5
2015	220	28.84	26.02	31.91	340.3	0.51	59.98	3.76
2015	221	27.37	25.33	29.74	99.72	0.33	73.96	4.31
2015	222	29.14	25.24	32.97	340.3	0.22	65	2.83
2015	223	28.33	26.02	31.69	340.3	0.25	71.87	2.06
2015	224	28.67	25.51	31.78	340.3	0.02	65.92	2.4
2015	225	30.78	26.52	35.74	340.3	0.02	44.61	2.86
2015	226	27.67	23.66	31.5	340.3	0	38.31	3.39
2015	227	27.29	23.98	31.36	340.3	0.08	47.71	2.73
2015	228	25.94	23.59	28.14	340.3	0.35	70.08	3.36
2015	229	27	24.16	30.57	340.3	0.01	64.04	3.25
2015	230	25.87	23.79	28.67	340.3	0.01	71.69	2.47
2015	231	26.37	24.27	29.06	340.3	0.17	73.07	3.17
2015	232	26.71	24.61	29.29	340.3	0.01	69.88	4.69
2015	233	26.89	24.23	30.26	340.3	0.1	66.92	4.76
2015	234	26.38	22.87	29.21	340.3	0.3	66.18	3.99
2015	235	27.9	24.07	31.39	278.29	0	48.53	4.35
2015	236	26.04	22.46	29.59	286.17	0	50.37	2.87
2015	237	25.12	22.64	27.68	339.26	0	63.8	3.06
2015	238	24.89	22.07	28.25	370.39	0.04	73.26	3.54
2015	239	25	22.88	27.72	348.37	0.08	71.72	2.03
2015	240	25.43	22.52	28.73	204.73	0.08	74.89	3.77
2015	241	25.52	22.44	28.45	203.21	0.1	72.26	4.29
2015	242	25.77	24.15	28.7	184.28	0.2	78.62	4.43
2015	243	25.69	23.41	28.23	132.61	0.18	78.22	2.18
2015	244	26.06	23.27	29.94	134.25	0.12	74.51	2.56
2015	245	25.87	23.37	28.89	177.46	0.02	67.33	2.75
2015	246	25.74	22.4	29.59	309.28	0	56.18	3.54
2015	247	25.39	21.65	28.93	183.69	0	56.59	2.94
2015	248	23.97	22.62	26.11	239.41	1.66	75.57	5.64
2015	249	23.33	21.65	25.7	276.93	9.25	78.53	5.32
2015	250	22.76	21.89	24.12	183.01	7.45	82.05	4.18
2015	251	22.72	20.83	25.87	216.31	4.57	74.93	2.66
2015	252	22.95	20.53	26.37	237.69	0.03	70.51	2.04
2015	253	24.18	21.51	27.6	304.84	0	62.95	1.86
2015	254	24.42	22.27	27.31	286.39	0	63.77	1.58
2015	255	24.55	21.92	28.17	311.18	0.43	71.01	2.26
2015	256	24.93	21.92	29.22	212.37	0	63.32	3.7
2015	257	23.72	20.19	27.69	303.08	0	62.48	2.76
2015	258	24.01	20.01	27.92	305.08	0	59.27	4.24
2015	259	24.72	20.36	29.38	335.8	0	58.94	5.39
2015	260	23.63	20.87	27.16	352.88	0.1	64.37	3.57
2015	261	22.21	19.49	24.96	296.61	0	64.99	5.11
2015	262	22.36	20.3	25.09	321.49	0.05	75.19	5.65
2015	263	21.87	18.97	25.43	425.01	0	73.12	2.93
2015	264	24.26	20.56	28.14	335.61	0	63.67	2.49
2015	265	26.15	22.37	31.13	292.61	0	48.85	3.01
2015	266	22.93	20.26	26.73	214.41	0	58.91	3.62
2015	267	21.8	20.35	24.5	306.57	0	72.74	2.78
2015	268	21.78	19.56	25.19	310.98	0	69.85	1.77
2015	269	21.74	19.12	24.94	291.16	0.01	66.88	1.33
2015	270	21.51	19.84	24.3	303.74	0.37	72.93	2.82
2015	271	21.1	19.03	23.4	79.8	1.83	75.56	5.21
2015	272	19.67	18.44	20.6	315.98	3.63	78.65	4.49
2015	273	20.43	17.72	23.83	221.85	0.5	71.85	2.54
2015	274	20.76	17.99	24.12	279.48	0.04	71.48	1.95
2015	275	22.27	18.52	26.38	290.74	0	62.72	2.69
2015	276	22.39	20.18	26.25	355.89	0	68.03	2.01
2015	277	24.28	20.13	29.14	340.3	0	62.29	2.19
2015	278	25.52	22.78	29.24	340.3	0.53	61.63	2.87
2015	279	24.27	21.36	28.43	340.3	0.15	62.1	3.9
2015	280	21.65	19.49	24.29	340.3	0	67.31	2.45
2015	281	20.87	18.52	24.31	340.3	0.33	74.54	4.29
2015	282	20.11	17.97	23.12	340.3	0.62	74.16	3.89
2015	283	20.74	18.32	23.65	340.3	0.03	66.24	2.28
2015	284	22.09	18.48	26.2	340.3	0.07	62.99	4.19
2015	285	22.32	19.24	25.77	29.44	0.12	65.63	3.85
2015	286	21.38	18.54	24.77	427.23	3.74	70.67	3.23
2015	287	20.17	17.61	23.28	428.3	0.37	72.56	3.02
2015	288	20.3	18.69	23.21	348.26	0.14	78.28	1.99
2015	289	20.37	18.66	23.06	391.86	0.02	80.62	2.91
2015	290	20.61	18.35	23.69	287.02	0.02	78.14	5.23
2015	291	20.75	18.57	23.61	391.89	6.75	76.55	3.72
2015	292	20.38	18.31	23.37	333	2.03	77.25	2.09
2015	293	19.86	18.7	22.03	333.2	30.12	83.99	2.82
2015	294	19.21	17.15	23.02	317.38	2.98	72.14	3.17
2015	295	18.87	15.94	22.88	335.48	0.01	63.52	1.87
2015	296	19.22	17.47	22.04	386.79	0	67.82	1.57
2015	297	18.4	16.99	20.02	361.83	0.18	80.34	3.64
2015	298	18.28	17.14	20.23	373.89	3.54	83.86	3.72
2015	299	18.42	16.88	20.78	302.02	3.06	85.26	2.4
2015	300	19.79	17.32	23.13	275.17	0.63	78.71	4.52
2015	301	18.43	14.66	22.43	299.92	0	67.53	2.9
2015	302	18	15.06	21.33	293.17	0	66.43	1.82
2015	303	18.59	16.63	21.54	320.12	0	75.11	3.17
2015	304	18.41	16.37	21.01	286.44	0	80.32	5
2015	305	18.92	17.44	20.58	301.58	5.8	81.82	8.72
2015	306	17.23	15.04	19.1	304.4	3.98	75.82	4.28
2015	307	18.04	15.02	21.27	326.5	0.05	77.06	3.83
2015	308	18.66	16.38	22.02	294.16	0.01	74.56	2.15
2015	309	18.76	16.02	22.55	313	0	72.3	1.76
2015	310	19.37	17.28	22.39	442.3	0	70.05	1.79
2015	311	18.32	15.87	21.57	471.37	0	79.03	3.32
2015	312	17.27	15.29	20.45	329.38	0.01	87.19	4.28
2015	313	17.02	14.31	21.05	388.75	0	84.2	3.11
2015	314	17.29	14.8	21.15	265.7	0	76.62	2.03
2015	315	17.09	15.06	20.7	278.59	0	66.22	1.87
2015	316	15.86	13.64	18.87	342.78	0	75.75	2.57
2015	317	16.45	14.6	19.48	418.36	0	76.13	2.38
2015	318	17.01	15.66	19.08	332.43	0	74.27	3.2
2015	319	16.18	13.24	19.58	327.11	0	76.8	1.68
2015	320	17.06	13.63	22.19	379.33	0	68.87	1.83
2015	321	16.64	13.97	20.73	301.92	0.01	69.43	1.76
2015	322	16.29	14.45	19.54	360.37	0.01	70.32	1.74
2015	323	17.03	14.55	20.89	426.02	0	67.8	1.68
2015	324	18.7	15.8	23.52	398.04	0	63.73	2.44
2015	325	17.44	13.39	22.68	319.64	0.2	65.23	4.42
2015	326	12.89	9.57	16.18	360.61	0.07	52.27	3.14
2015	327	11.9	9.54	14.4	332.88	0.82	62.32	3.92
2015	328	11.94	7.84	16.04	392.39	0.04	50.55	3
2015	329	14.43	10.12	19.65	319.92	0	58.47	2.82
2015	330	16	11.47	22.26	339	0	61.93	3.45
2015	331	14.66	12.25	18.2	471.51	0	70.26	3.54
2015	332	14.92	12.22	19.05	349.55	0	65.5	2.34
2015	333	14.27	12.35	17.24	498.21	0	78.07	3.09
2015	334	13.45	10.28	16.99	483.41	0	77.25	2.15
2015	335	14.66	12.51	18.28	461.96	0	67.88	1.92
2015	336	14.52	12.33	17.97	411.98	0	65.76	1.12
2015	337	14.7	13.12	17.8	401.68	0	72.24	2.22
2015	338	14.53	12.83	17.74	363.5	0	77.98	2.03
2015	339	13.66	12.16	15.8	404.09	0	85.75	1.89
2015	340	13.79	12.16	16.9	383.18	0	85.12	3.07
2015	341	14.18	12.39	16.79	473.77	0	82.89	2.84
2015	342	14.45	12.69	17.77	446.49	0	80.97	2.22
2015	343	14.61	12.58	17.27	398.57	0.19	84.28	4.96
2015	344	15.17	14.43	16.63	397.26	1.01	84.93	5.34
2015	345	15.17	13.84	16.72	396.18	0.01	81.56	5.31
2015	346	14.69	12.91	16.85	353.75	0	78.21	3.72
2015	347	13.98	12.01	17.08	349.7	0	76.69	2.04
2015	348	14.57	12.36	17.77	355.75	0	68.65	1.35
2015	349	15.53	13.4	19.54	373.16	0	62.29	1.68
2015	350	16.42	13.96	19.94	235.59	0	55.73	1.7
2015	351	16.54	14.67	19.84	376.45	0	60.36	2.07
2015	352	16.21	13.92	19.28	400.29	0	58.22	1.62
2015	353	15.71	13.87	18.67	350.94	0	65.08	1.29
2015	354	15.02	12.9	18.56	403.15	0	70.85	1.31
2015	355	13.7	11.75	17.18	407.99	0	74.05	2.84
2015	356	13.36	11.18	17.13	323.94	0	87.16	3.07
2015	357	13.27	11.82	15.94	309.77	0	89.09	2.84
2015	358	13.38	10.97	16.99	409.78	0	78.39	2.27
2015	359	13.26	11.59	16.38	417.6	0	80.5	2.66
2015	360	13.42	11.89	16.32	248.07	0	86.12	2.87
2015	361	13.79	11.98	15.53	434.42	0.01	84.78	4.51
2015	362	14.55	12.56	18.34	444.77	0.01	79.44	3.61
2015	363	14.92	12.31	18.49	410.62	0.09	76.53	2.72
2015	364	14.46	11.24	19.66	330.63	0.01	75.62	2.54
2015	365	14.21	10.43	18.86	386.32	0	79.4	1.93
2016	1	15.14	12.81	18.72	280.23	0.04	88.64	2.88
2016	2	15.05	12.45	19.81	211.09	0.06	82.55	3.11
2016	3	15.37	12.3	19.25	214.32	0.07	75.7	3.65
2016	4	17.04	14.74	20.78	103.83	0.1	80.22	7.26
2016	5	14.52	10.56	17.42	274.51	1.62	66.51	5.39
2016	6	11.15	7.96	14.35	376.05	0	65.2	3.88
2016	7	14.1	10.53	19.37	355.46	0	82.07	4.36
2016	8	14.68	10.56	19.61	361.29	0.01	79.92	3.85
2016	9	15.15	11.75	19.65	277.82	0.09	77.99	4.44
2016	10	14.14	11.09	17.87	312.8	0	75.96	5.6
2016	11	15.52	13.21	19.41	300.67	0.21	76.32	6.12
2016	12	13.1	10.21	16.88	365.58	0	63.82	1.59
2016	13	11.95	10.01	14.89	359.62	0	69.47	2.58
2016	14	13.59	10.02	18.85	341.86	0	68.58	2.58
2016	15	12.56	9.03	15.36	349.03	3.25	76.96	2.94
2016	16	9.94	6.59	14.23	347.23	0	56.63	4.15
2016	17	10.1	7.48	13.83	280.46	0	55.39	2.23
2016	18	12.31	8.79	17.91	350.85	0	69.38	1.98
2016	19	11.83	8.63	15.24	356.5	0	73.2	1.97
2016	20	12.74	10.25	16.57	353.82	0.74	79.46	2.16
2016	21	12.66	8.84	16.9	356.25	0	70.32	2.11
2016	22	13.54	11.63	16.57	235.94	0	77.46	1.39
2016	23	13.85	12	17.01	262.47	0	80.41	2.33
2016	24	13.51	11.3	16.55	300.24	0	82.15	2.96
2016	25	13.1	10.52	16.79	352.5	0.01	81.17	2.16
2016	26	12.89	11.62	15.59	340.3	0.1	81.13	0.95
2016	27	12.57	10.79	15.06	340.3	0.5	84.2	1.7
2016	28	12.58	9.69	15.86	340.3	0.01	76.75	1.59
2016	29	13.1	11.84	15.01	340.3	0.62	82.59	2.67
2016	30	13.35	11.62	17.11	340.3	1.38	80.03	3.41
2016	31	13.87	9.93	18.02	340.3	0	72.5	2.31
2016	32	14.96	12.72	18.7	340.3	0	73.32	1.67
2016	33	14.49	12.57	18.03	340.3	0	76.55	1.37
2016	34	13.85	11.88	16.55	340.3	0	77.42	2.89
2016	35	11.84	9.76	14.22	340.3	0	79.12	5.32
2016	36	12.21	10.28	15.08	340.3	0	74.8	4.19
2016	37	14.17	11.53	18.38	340.3	0.01	71.93	3.25
2016	38	14.27	11.04	17.65	340.3	0.19	69.22	4.2
2016	39	13.75	10.16	18.73	340.3	0	68.55	2.05
2016	40	14.46	9.7	19.88	340.3	0.01	68.78	3.92
2016	41	16.5	13.59	20.17	340.3	0.12	72.47	5.5
2016	42	16.7	14.22	20.82	340.3	0.52	74.88	4.32
2016	43	16	11.78	20.4	340.3	0.23	74.95	5.33
2016	44	17.13	14.85	21.06	340.3	0.07	69.84	6.03
2016	45	14.32	10.15	17.84	340.3	0.64	63.1	8.34
2016	46	11.29	8.32	14.59	340.3	0.36	53.43	7.25
2016	47	9.94	6.55	13.44	340.3	0.14	56.25	4.53
2016	48	10.58	7.81	13.89	340.3	0.16	60.39	3.75
2016	49	10.86	8.09	13.58	340.3	0.96	63.81	1.85
2016	50	11.42	10.71	13.04	340.3	0.48	81.59	6.48
2016	51	12.27	10.9	13.93	340.3	0.17	77.38	8.61
2016	52	13.11	10.99	16.47	340.3	0.06	74.59	6.04
2016	53	14.95	11.54	19.23	340.3	0	58.37	2.46
2016	54	14.7	10.92	19.24	340.3	0	60.64	3.16
2016	55	14.91	11.61	19.9	340.3	0	57.22	3.62
2016	56	13.85	10.42	18.47	340.3	0.11	64.23	3.14
2016	57	12.74	9.42	16.99	340.3	4.31	67.92	4.98
2016	58	10.68	8.14	12.97	340.3	0.39	56.32	6.49
2016	59	11.51	7.79	15.92	340.3	0.17	57.85	5.3
2016	60	12.67	8.77	17.27	352.06	0.01	57.7	3.93
2016	61	11.86	7.34	16.51	352.06	0	53.62	3.18
2016	62	15.25	10.25	21.12	352.06	0	52.64	2.42
2016	63	13.98	10.59	17.98	352.06	0	74.96	2.8
2016	64	14.81	11.7	18.47	352.06	0	63.04	3.02
2016	65	12.93	8.78	16.88	352.06	0.02	54.87	3.63
2016	66	12.19	8.95	16.16	352.06	0.08	53.48	2.63
2016	67	11.25	9.22	14.25	352.06	4.14	60.57	4.36
2016	68	11.46	7.5	15.51	352.06	0.1	53.8	4.07
2016	69	13.07	8.16	16.95	352.06	0.02	55.26	3.62
2016	70	12.11	8.48	15.6	352.06	0.04	55	4.83
2016	71	11.3	8.19	15.44	352.06	0	55.81	3.43
2016	72	11.68	8.06	15.53	352.06	0	62.1	2.45
2016	73	12.28	10.08	15.82	352.06	0	67.96	1.9
2016	74	12.72	10.38	16.29	352.06	0	67.28	1.96
2016	75	13.93	11.36	17.45	352.06	0	65.98	2.08
2016	76	14.58	11.12	18.65	352.06	0.31	62.64	2.24
2016	77	13.23	10.04	16.71	352.06	0.03	74.5	3.11
2016	78	13.43	12.06	16.34	352.06	0.05	78.75	2.01
2016	79	14.34	12.24	17.66	352.06	0.24	73.7	2.69
2016	80	14.04	10.88	17.39	352.06	0.06	71.09	1.97
2016	81	12	10.95	12.87	352.06	5.15	82.71	1.21
2016	82	12.82	11.03	14.78	352.06	3.16	73.87	1.94
2016	83	13.92	9.8	17.63	352.06	0.11	66.05	2.78
2016	84	14.05	9.97	19	352.06	0	60.11	3.3
2016	85	16.59	10.91	22.32	352.06	0	56.31	2.77
2016	86	16.59	12.75	20.55	352.06	0	57.38	3.01
2016	87	16.89	12.65	21.48	352.06	0	63.56	2.86
2016	88	16.17	11.21	21.4	352.06	0	53.77	2.43
2016	89	16.43	13.1	20.49	352.06	0	61.72	1.99
2016	90	17.17	13.51	21.39	352.06	0	60.84	1.65
2016	91	16.52	13.05	20.79	352.06	0	54.55	4.21
2016	92	13.75	10	18.23	352.06	0	49.15	3.53
2016	93	13.7	11.16	16.8	352.06	0	60.95	2.61
2016	94	15.06	11.74	19.12	352.06	0	59.54	2.98
2016	95	15.84	13.72	20.14	352.06	11.41	73.19	5.45
2016	96	14.43	11.58	17.02	352.06	2.85	67.08	4.85
2016	97	15.36	11.81	19.04	352.06	0.3	73.68	3.85
2016	98	15.14	12.66	17.83	352.06	0.02	78.48	2.49
2016	99	13.87	10.45	17.89	352.06	0.33	67.83	4.1
2016	100	14.46	9.84	19.07	352.06	0	62.74	3.88
2016	101	16.12	12.38	20.22	352.06	0.05	66.07	4.61
2016	102	15.81	12.4	18.81	352.06	0.07	69.61	4.44
2016	103	16.6	12.78	20.38	352.06	0.01	64.43	4.27
2016	104	17	13.25	20.99	352.06	0.01	67.25	3.73
2016	105	17.28	14.02	21.54	352.06	0	67.54	2.02
2016	106	17.38	13.69	21.43	352.06	0.02	67.11	3
2016	107	18.48	13.44	22.64	352.06	0.01	63.77	3.33
2016	108	18.91	15.39	22.43	352.06	0.22	62.79	2.92
2016	109	17.57	15.44	20.15	352.06	0.46	72.03	3.94
2016	110	16.78	14.75	19.18	352.06	0.05	69.46	8.11
2016	111	16.26	13.97	19.38	352.06	1.37	64.62	4.47
2016	112	15.87	11.88	19.1	352.06	0	62.23	2.33
2016	113	17.57	14.8	21.17	352.06	0	62.68	2.75
2016	114	18.19	14.1	21.42	352.06	0.01	68.13	2.16
2016	115	17.21	14.42	20.85	352.06	0	65.79	3.14
2016	116	15.95	13.77	18.57	352.06	0	72.72	3.54
2016	117	16.93	13.4	21.05	352.06	0	68.67	2.66
2016	118	18.18	14.66	22.29	352.06	0	67.49	2.43
2016	119	17.34	15.43	21	352.06	0.01	77.4	2.9
2016	120	16.12	14.65	18.21	352.06	0.07	80.71	5.32
2016	121	17.01	13.92	21.01	352.06	0.06	73.89	2.83
2016	122	15.67	12.56	18.24	352.06	0.05	67.04	4.35
2016	123	15.3	12.2	18.85	352.06	0	54.93	3.15
2016	124	17.35	12.77	21.58	352.06	0	51.83	4.53
2016	125	18.09	15.14	21.81	352.06	0	53.56	5.64
2016	126	16.93	14.75	19.74	352.06	0.97	67.6	4.82
2016	127	16.14	13.8	19.39	352.06	1.65	75.15	2.91
2016	128	17.8	14.4	20.5	352.06	0.36	72.21	2.96
2016	129	17.97	15.61	21.14	352.06	2.01	73.17	2.2
2016	130	16.77	14.34	19.83	352.06	4.91	69.75	3.62
2016	131	17.33	14.66	20.83	352.06	2.99	72.07	3.32
2016	132	17	13.64	20.47	352.06	0.51	65.06	5.11
2016	133	17.25	13.66	20.91	352.06	1.04	64.94	5.2
2016	134	17.81	13.59	21.66	352.06	0.42	59.62	3.79
2016	135	18.54	13.93	22.62	352.06	0.03	60.13	3.14
2016	136	18.85	15.84	21.41	352.06	0	64.28	1.91
2016	137	19.01	16.29	22	352.06	0	68	1.94
2016	138	18.95	15.61	22.44	352.06	0	68.77	4.01
2016	139	18.83	15.63	21.86	352.06	0	66	3.24
2016	140	20.96	17.32	25.89	352.06	0.01	67.5	2.53
2016	141	19.1	16.31	21.91	352.06	0	70.12	3.53
2016	142	19.26	15.66	22.78	352.06	0	65.55	3.64
2016	143	22.73	16.87	28.26	352.06	0	50.01	3.42
2016	144	19.1	16.83	21.78	352.06	0	67.9	4.54
2016	145	20.15	16.34	24.84	352.06	0	69.3	2.58
2016	146	21.52	17.57	26.31	352.06	0	68.71	2.69
2016	147	20.51	17.25	23.78	352.06	0.03	71.9	2.43
2016	148	22.11	17.3	26.54	352.06	0.01	60.89	2.96
2016	149	23.15	19.15	26.79	352.06	0.04	48.04	4.84
2016	150	20.73	17.23	24.03	352.06	0	53.94	3.51
2016	151	20.52	17.41	24.01	165.37	0	54.83	2.7
2016	152	20.36	17.53	23.85	252.18	0	62.74	2.22
2016	153	20.25	17.04	24.09	273.08	0	68.07	2.73
2016	154	20.59	16.45	24.61	69.78	0.01	68.42	3.09
2016	155	21.1	18.06	24.6	199.47	0.14	66.4	2.6
2016	156	21.65	18.08	25.71	306.03	0.19	62.96	2.33
2016	157	21.66	18.69	24.95	200.96	0	61.42	2.33
2016	158	22.19	19.22	25.42	360.35	0	60.74	2.4
2016	159	22.5	18.93	26.08	365.95	0	61.69	3.92
2016	160	23.38	19.12	27.91	229.63	0	56.52	2.8
2016	161	25.42	21.61	29.83	251.44	0	51.81	2.05
2016	162	26.09	21.07	30.8	351.39	0.03	56.52	2.23
2016	163	23.58	20.1	26.77	241.6	0.01	68.74	2.78
2016	164	23.62	19.82	26.98	190.26	0	64.04	2.49
2016	165	27.86	22.15	32.08	245.06	0	48.27	3.15
2016	166	26.35	23.51	28.89	141.38	0	54.92	2.87
2016	167	26.24	22.59	30.61	188.56	0	46.09	4.49
2016	168	22.79	19.69	25.94	54.07	0	43.64	3.84
2016	169	21.74	18.58	24.66	172.24	0	49.8	3.04
2016	170	22.1	18.43	26.65	224.37	0	57.27	2.72
2016	171	20.71	18.24	23.64	138.18	0.01	66.11	3.54
2016	172	20.67	17.86	23.63	191.66	0	65.35	3.16
2016	173	21.43	18	25.05	117.71	0	61.75	4.74
2016	174	22.18	18.01	26.22	61.62	0	63.33	5.33
2016	175	22.51	18.92	26.91	198.47	0	66.25	3.49
2016	176	23.03	19.65	26.42	249.27	0	60.48	1.6
2016	177	24.22	20.24	28.07	115.2	0.01	57.46	1.79
2016	178	23.19	20.09	26.74	94.91	0.13	76.16	3.86
2016	179	23.67	21.24	26.97	236.09	0.06	68.42	5.76
2016	180	24.22	21.27	27.86	114.41	0.02	61.42	6.41
2016	181	24.63	22.48	27.82	109.4	0.1	60.89	3.81
2016	182	25	21.43	27.91	26.13	0	63.53	2.43
2016	183	24.73	21.86	27.64	85.05	0	65.53	2
2016	184	25.43	22.28	28.47	61.39	0	58.84	2.2
2016	185	25.26	22.63	27.92	167.11	0	61.12	7.8
2016	186	24.83	21.72	28.64	12.18	0	65.62	4.48
2016	187	24.52	21.79	27.17	95.63	0	65.64	1.92
2016	188	25.44	22.41	28.46	100.56	0	57.6	4.4
2016	189	24.31	22.08	26.36	159.02	0.03	66.35	4.33
2016	190	26.08	22.22	29.47	248.11	0	57.23	2.7
2016	191	26.52	23.85	29.18	315.31	0	53.65	4.85
2016	192	26.17	22.94	29.37	289.71	0	55.48	2.71
2016	193	26.45	23.32	30.16	189.55	0	55.06	2.01
2016	194	26.87	22.91	30.98	192.7	0	63.1	2.63
2016	195	24.53	22.22	27.94	212.77	0	79.15	5.68
2016	196	23.99	22.27	26.84	132.91	0	71.75	4.93
2016	197	23.59	21.74	26.29	203.16	0	69.37	5.95
2016	198	23.2	20.75	26.3	67.65	0	62.84	5.63
2016	199	23.16	19.4	26.63	91.4	0	65.99	4.74
2016	200	23.41	20.07	26.95	65.78	0	67.32	4.47
2016	201	23.74	20.22	27.42	312.23	0	70.01	3.62
2016	202	26.05	22.38	29.79	317.92	0.01	56.92	2.41
2016	203	26.98	23.75	30.58	64.01	0	55.19	2.41
2016	204	26.15	22.39	31.36	183.78	0	59.82	2.89
2016	205	24.51	22.38	27.66	87.99	0	75.99	4.58
2016	206	24.75	21.77	27.96	164.12	0	65.71	4.29
2016	207	25.13	22.17	28.52	164.8	0	59.66	3.74
2016	208	25.77	22.06	29.35	97.12	0	60.05	3.37
2016	209	26.93	22.79	31.19	100.08	0	59.3	3.54
2016	210	26.42	23.23	30.44	84.46	0	62.86	4.73
2016	211	26.1	22.32	29.94	309.83	0	64.15	3.74
2016	212	28.52	24.09	33.58	320.4	0	53.06	2.93
2016	213	31.2	28	33.51	108.1	0.01	37.72	2.63
2016	214	26.83	23.46	29.67	245.22	0.01	64.61	5.04
2016	215	25.5	22.54	29.36	340.3	0	70.78	4.56
2016	216	26.67	22.79	30.61	340.3	0	63.45	2.71
2016	217	28.65	23.89	33.62	340.3	0	53.52	2.39
2016	218	27.18	24.01	30	340.3	0	64.31	5.26
2016	219	25.14	23.35	27.82	340.3	0	68.5	4.95
2016	220	24.61	22.28	27.26	340.3	0	67.97	5.05
2016	221	24.74	21.35	28.04	99.72	0	60.75	4.65
2016	222	24.88	21.5	28.64	340.3	0	58.4	3.53
2016	223	24.24	21.6	26.92	340.3	0.03	73.08	4.93
2016	224	24.29	22.34	26.68	340.3	0.06	70.15	5.65
2016	225	23.63	21.29	26.41	340.3	0	69.31	6.05
2016	226	23.58	20.52	26.96	340.3	0	69.89	5.65
2016	227	24.11	21.55	27.46	340.3	0	68.63	4.92
2016	228	23.42	20.88	25.76	340.3	0.02	73.62	3.17
2016	229	25.36	22.51	28.61	340.3	0.45	67.61	1.61
2016	230	27.33	23.75	31.36	340.3	0.01	55.75	2.45
2016	231	27.72	24.67	31.25	340.3	0.02	53.88	2.3
2016	232	27.65	23.98	31.06	340.3	0	59.54	2
2016	233	27.97	24.57	32.11	340.3	0	56.89	2.57
2016	234	25.79	23.93	28.56	340.3	0	78.51	5.7
2016	235	25.01	22.41	27.77	278.29	0	72.52	5.09
2016	236	24.43	21.46	27.72	286.17	0	70.58	4.48
2016	237	24.47	21.45	28.08	339.26	0	68.15	4.87
2016	238	24.29	20.79	27.75	370.39	0	69.14	4.76
2016	239	24.13	21.62	27.32	348.37	0	70.43	3.95
2016	240	24.82	22.05	27.28	204.73	0	70.34	2.03
2016	241	26.39	22.97	30.61	203.21	0	66.81	2.16
2016	242	27.02	23.27	31.88	184.28	0.08	65.28	2.46
2016	243	25.35	23.53	28.48	132.61	0.16	80.18	3.16
2016	244	24.93	22.99	27.82	134.25	0.14	75.54	3.2
2016	245	24.79	22.13	27.53	177.46	0.31	75.63	4.9
2016	246	24.9	22	27.87	309.28	0.25	70.2	3.15
2016	247	26.19	22.84	30.18	183.69	0	61.42	2.88
2016	248	27.88	24.32	31.79	239.41	0	47.09	2.19
2016	249	30.75	27.08	34.88	276.93	0	39.16	1.52
2016	250	28.3	24.64	32.82	183.01	0	57.45	2.8
2016	251	26.48	23.52	30.4	216.31	0	65.36	2.3
2016	252	25.96	23.09	30.73	237.69	0	71.29	2.27
2016	253	25.41	22.66	29.1	304.84	0.04	73.72	2.51
2016	254	25.25	22.23	29.33	286.39	0.03	59.55	2.25
2016	255	24.43	21.65	27.43	311.18	0.1	75.61	3.24
2016	256	24.79	21.96	27.89	212.37	0.25	74.14	3.74
2016	257	25.3	22.28	28.71	303.08	0.15	64.83	4.31
2016	258	23.58	20.8	26.45	305.08	0	44.7	3.22
2016	259	22.24	19.04	25.65	335.8	0	44.79	3.41
2016	260	22.15	18.27	26.39	352.88	0	49.74	3.1
2016	261	23.01	19.9	26.95	296.61	0	54.2	2.27
2016	262	22.57	20.01	26.28	321.49	0	68.15	3.09
2016	263	22.33	20.23	25.68	425.01	0.13	71.48	2.88
2016	264	23.47	20.14	27.44	335.61	0.86	65.3	3.79
2016	265	24.06	20.66	27.81	292.61	0	51.4	2.19
2016	266	23.13	20.69	26.67	214.41	0.03	63.9	1.95
2016	267	22.92	20.32	26.41	306.57	0	62.75	1.91
2016	268	22.4	19.59	26.01	310.98	0.01	74.17	3.77
2016	269	22.42	20.12	25.68	291.16	0	72.62	2.22
2016	270	22.59	20.36	25.32	303.74	0.01	77.5	3.97
2016	271	23	20.8	26.53	79.8	0	74.48	4.37
2016	272	22.15	20.64	24.64	315.98	1.6	73.36	6.4
2016	273	22.23	20.82	24.67	221.85	2.36	76.53	6.27
2016	274	22.08	20.04	24.86	279.48	1.14	76.26	4.22
2016	275	22.63	19.33	26.46	290.74	0.03	68.65	2.45
2016	276	23.06	20.69	26.73	355.89	0	64.78	2.14
2016	277	22.28	18.84	26.31	340.3	0	76.27	4.17
2016	278	22.04	19.29	25.88	340.3	0.12	77.09	3.86
2016	279	21.82	19.38	25.3	340.3	0.29	81.99	4.55
2016	280	22.86	19.27	26.87	340.3	0.04	67.6	2.65
2016	281	22.73	20.84	26.35	340.3	0.02	66.39	1.94
2016	282	23.2	20.47	27.61	340.3	0.01	62.03	1.46
2016	283	21.56	19.57	24.62	340.3	0.05	80.37	1.94
2016	284	21.71	18.92	25.27	340.3	0.03	68.96	2
2016	285	21.97	18.47	26.35	29.44	0	58.96	3.29
2016	286	20.41	17.22	24.68	427.23	10.93	66.16	3.74
2016	287	19.02	17.2	21.13	428.3	4.76	77.93	4.86
2016	288	19.52	16.3	23.49	348.26	0.43	61.99	3.53
2016	289	19.14	15.93	22.91	391.86	0	65.6	2.24
2016	290	20.24	17.25	23.84	287.02	0	79.72	3.34
2016	291	20.72	17.68	24.75	391.89	0.03	80.58	2.34
2016	292	20.63	18.67	22.93	333	0.49	83.75	2.51
2016	293	20.5	19.12	22.82	333.2	0.49	82.35	1.89
2016	294	19.92	18.7	21.55	317.38	2.84	81.84	1.16
2016	295	19.92	18.23	22.12	335.48	1	83.77	2.08
2016	296	20.61	18.96	23.61	386.79	0.35	76.59	2.73
2016	297	20.56	18.11	23.56	361.83	0.04	76.25	3.83
2016	298	21.12	18.9	23.98	373.89	0.71	76.32	2.88
2016	299	21.6	19.89	24.63	302.02	0.15	76.3	2.05
2016	300	22.19	20.24	25.59	275.17	0	75.04	3.57
2016	301	21.35	19.41	24.11	299.92	0	80.65	5.08
2016	302	20.04	18.12	22.76	293.17	0	82.2	4.39
2016	303	19	16.62	21.93	320.12	0	72.09	2.86
2016	304	18.25	16.28	21.42	286.44	0	67.22	2.41
2016	305	18	15.65	21.11	301.58	0	78.91	3.5
2016	306	18.84	16.88	22.19	304.4	0	76.54	2.26
2016	307	20.13	17.05	24.38	326.5	0	67.29	1.75
2016	308	21.43	18.31	24.85	294.16	0	62.07	2.09
2016	309	20.66	19.2	22.86	313	0.04	66.13	1.64
2016	310	20.25	18.42	23.55	442.3	0.79	71.47	4.91
2016	311	17.61	13.35	21.17	471.37	0.36	58.24	3.93
2016	312	14.3	10.67	18.1	329.38	0.19	54.41	3.19
2016	313	13.58	10.32	18.33	388.75	0.06	51.84	4.16
2016	314	16.1	10.72	21.54	265.7	0.01	59.59	2.52
2016	315	16.82	14.59	20.19	278.59	0.32	65.12	2.18
2016	316	15.93	12.44	20.45	342.78	0	60.47	2.43
2016	317	15.57	12.99	19.3	418.36	0	64.44	2.31
2016	318	15.57	13.82	18.26	332.43	0	66.11	1.5
2016	319	15.58	12.7	19.4	327.11	0.28	68.02	4.68
2016	320	14.7	12.3	17.68	379.33	0.9	72.2	6.45
2016	321	14.71	11.56	18.78	301.92	0.12	68.15	4.5
2016	322	14.66	11.78	19.28	360.37	0	60.11	1.88
2016	323	15.47	11.99	20.49	426.02	0	61.49	2.86
2016	324	15.66	12.96	19.59	398.04	0	72.94	2.01
2016	325	15.77	12.22	19.97	319.64	0.4	69.93	3.49
2016	326	17.22	15.95	19.97	360.61	1.87	84.76	5.98
2016	327	15.82	13.16	18.39	332.88	18.22	86.2	3.76
2016	328	13.68	12.86	15.55	392.39	6.05	76.36	4.46
2016	329	12.49	10.62	14.8	319.92	0.69	67.11	3.9
2016	330	12.91	10.85	14.87	339	0.55	75.53	2.49
2016	331	14.85	13.45	16.74	471.51	0.26	77.71	1.58
2016	332	13.96	12.67	15.75	349.55	3.01	82.12	2.43
2016	333	13.75	11.2	16.32	498.21	1.86	73.1	1.76
2016	334	13.77	11.5	16.25	483.41	0.03	81.54	3.15
2016	335	15.62	14.6	16.96	461.96	0.09	83.49	7.01
2016	336	14.7	13.14	15.76	411.98	1.15	86.04	4.18
2016	337	14.23	13.16	16.97	401.68	0.05	82.96	1.66
2016	338	14.62	13.5	15.94	363.5	4.76	86.84	2.64
2016	339	15.14	14.24	16.22	404.09	32.44	92.57	4.54
2016	340	15.17	14.17	16.55	383.18	4.58	92.24	3.31
2016	341	15.17	13.21	18.32	473.77	0.39	84.67	4.65
2016	342	13.82	11.48	17.07	446.49	0.07	83.46	4.35
2016	343	13.84	10.66	16.94	398.57	0.77	88.68	5.3
2016	344	15.01	13.46	17.06	397.26	0.94	92.27	3.89
2016	345	14.48	13.13	17.04	396.18	0.01	91.3	2.41
2016	346	13.99	12.11	17.72	353.75	0.02	83.13	1.76
2016	347	13.7	11.71	17.27	349.7	0	81.21	1.7
2016	348	13.56	12.72	15.34	355.75	0.03	83.73	1.19
2016	349	13.25	11.75	14.94	373.16	4.71	78.97	1.67
2016	350	12.22	10.4	14.47	235.59	4.64	76.6	1.46
2016	351	12.17	11.54	12.81	376.45	13.38	84.15	3.26
2016	352	13.34	11.85	14.45	400.29	38.53	87.69	7.32
2016	353	13.77	13.08	15.08	350.94	32.33	88.65	6.97
2016	354	12.33	11.16	14.21	403.15	13.14	81.84	4.05
2016	355	12.17	9.14	16.2	407.99	0.01	65.32	2.48
2016	356	11.9	9.84	14.9	323.94	0	64.47	3.68
2016	357	13.31	10.04	17.08	309.77	0	62.38	2.15
2016	358	12.72	10.59	15.77	409.78	0.03	76.9	2.46
2016	359	12.63	10.98	15.64	417.6	0.03	82.83	2.38
2016	360	12.65	11.18	15.32	248.07	0.05	86.16	1.82
2016	361	12.62	10.54	15.61	434.42	0	71.87	1.57
2016	362	12.61	10.34	15.89	444.77	0	81.82	3.85
2016	363	13.28	11.75	14.92	410.62	0.01	85.8	5.29
2016	364	13.43	11.04	16.07	330.63	0	81.38	3.29
2016	365	11.65	10.23	14.27	386.32	0	83.9	2.75
2017	1	11.58	10.56	13.89	280.23	0	71.05	1.6
2017	2	11.76	10.42	14.12	211.09	0	71.3	1.56
2017	3	12.94	9.97	17.51	214.32	0	66.1	1.77
2017	4	13.81	11.14	18.15	103.83	0	80.09	2.51
2017	5	13.4	10.71	18.2	274.51	0	76.12	2.79
2017	6	12.09	10.05	14.42	376.05	0.1	78.78	3.48
2017	7	11.6	9.72	14.18	355.46	0	72.31	2.93
2017	8	10.08	7.13	13.54	361.29	0	77.99	2.33
2017	9	10.76	8.72	13.95	277.82	0	68.63	2.03
2017	10	11.43	8.15	15.73	312.8	0	69.38	2.68
2017	11	12.18	9.9	15.36	300.67	0.01	68.24	4.81
2017	12	12.53	9.57	16.26	365.58	0	76.35	3.5
2017	13	13.07	9.94	18.27	359.62	0.2	78.36	2.57
2017	14	10.13	7.48	13.87	341.86	0.06	60.59	4.87
2017	15	10.29	6.63	15.21	349.03	0	60.06	4.41
2017	16	12	8.68	17.29	347.23	0	64.06	4.61
2017	17	11.32	5.83	16.24	280.46	0.01	65.65	5.19
2017	18	6.2	3.51	7.75	350.85	4.62	78.4	6.03
2017	19	7.28	5.64	8.39	356.5	9.97	89.04	5.31
2017	20	9.06	7.77	11.2	353.82	6.22	85.42	3.32
2017	21	9.2	7.45	12.08	356.25	10.32	79.18	5.53
2017	22	10.97	8.87	14.58	235.94	0.22	66.53	4.15
2017	23	10.72	7.73	13.62	262.47	0.46	66.57	2.78
2017	24	11.49	8.13	16.2	300.24	0.01	62.82	2.99
2017	25	11.37	8.04	15.98	352.5	0	66.02	3.43
2017	26	10.66	7.97	13.86	340.3	0.08	72.06	2.06
2017	27	12.3	10.62	14.4	340.3	11.01	77.26	6.27
2017	28	11.03	8.14	15.42	340.3	0.01	65.83	4.51
2017	29	10.71	8.16	13.64	340.3	0.04	77.05	2.41
2017	30	12.14	9.07	16.48	340.3	0	81.39	2.07
2017	31	12.88	10.79	16.1	340.3	0	80.42	1.7
2017	32	13.72	10.93	18.01	340.3	0	72.41	2.7
2017	33	12.91	10.28	16.57	340.3	0.15	89.52	4.32
2017	34	14.23	11.34	18.2	340.3	0	81.83	4.84
2017	35	14.16	10.94	18.1	340.3	0.12	77.55	5.5
2017	36	14.31	11.07	17.57	340.3	0.33	68.03	6.07
2017	37	13.48	9.35	18.5	340.3	0	64.6	2.55
2017	38	14.33	10.16	19.1	340.3	0	68.88	2.45
2017	39	11.84	8	16.21	340.3	0	59.91	3.28
2017	40	10.47	7.58	14.57	340.3	0	59.08	2.43
2017	41	11.35	9.56	13.58	340.3	0.62	69.43	2.52
2017	42	12.21	10.5	15.28	340.3	0.81	86.23	4.05
2017	43	13.62	11.48	16.99	340.3	0.56	83.5	2.71
2017	44	14.28	11.67	17.44	340.3	0.69	78.36	4.54
2017	45	12.57	9.44	16.2	340.3	0	75.68	2.5
2017	46	12.3	9.63	15.51	340.3	0.01	85.03	5.41
2017	47	12.75	10.86	15.56	340.3	0.01	84.65	5.42
2017	48	11.95	10.65	14.19	340.3	0.02	85.5	3.95
2017	49	12.11	9.78	15.44	340.3	0.01	77.25	1.57
2017	50	12.22	11.25	13.35	340.3	0.47	79.87	6.51
2017	51	12.44	11.07	14.79	340.3	0.39	82.09	9.07
2017	52	12.26	10.22	14.71	340.3	0	77.3	8.39
2017	53	13.22	10.55	16.05	340.3	0.03	73.79	7.34
2017	54	14.73	12.78	17.02	340.3	0.68	85.69	3.79
2017	55	14.51	11.85	17.68	340.3	0.1	80	1.27
2017	56	13.35	10.34	17.61	340.3	0.01	76.34	2.43
2017	57	13.19	9.79	17.08	340.3	0.01	82.11	1.97
2017	58	14.16	10.12	19.07	340.3	0	76.01	2.55
2017	59	13.94	9.03	19.17	340.3	0	68.96	2.99
2017	60	13.29	10.42	16.57	352.06	0	77.92	1.73
2017	61	13.95	11.42	17.38	352.06	0	75.22	1.45
2017	62	12.85	9.96	16.46	352.06	0.39	76.47	4.5
2017	63	12.32	9.24	14.96	352.06	1.67	76.7	6.11
2017	64	14.23	11.08	18.24	352.06	0.01	77.7	1.88
2017	65	16.25	12.59	20.73	352.06	0.01	71.51	1.56
2017	66	16.64	12.71	21.43	352.06	0	67.59	2.34
2017	67	15.62	13.02	19.29	352.06	0	68.98	2.64
2017	68	17.66	13.53	21.59	352.06	0	58.76	1.11
2017	69	19.99	16.14	24.61	352.06	0	41.38	1.58
2017	70	18.72	15.52	22.9	352.06	0	56.48	1.79
2017	71	16.94	14.32	19.96	352.06	0.03	70.59	1.98
2017	72	11.88	9.58	14.35	352.06	17.56	72.39	4.11
2017	73	13.44	11.24	15.26	352.06	20.77	83.1	8.82
2017	74	13.74	12.16	16.01	352.06	0	76.93	9.25
2017	75	13.32	11.2	16.16	352.06	0	79.61	7.27
2017	76	13.31	11.17	16.39	352.06	0	80.38	6.63
2017	77	13.67	10.37	17.67	352.06	0	71.61	4.62
2017	78	15.02	11.54	18.66	352.06	0	57.15	1.93
2017	79	15.81	12.68	19.14	352.06	0	65.65	1.7
2017	80	16.72	12.68	21.58	352.06	0	64.5	2.63
2017	81	14.91	11.85	18.91	352.06	0.08	68	3.64
2017	82	12.21	9.83	15.19	352.06	0.13	60.83	3.9
2017	83	10.23	9.28	11.73	352.06	0.56	67.39	2.35
2017	84	11.77	8.69	15.45	352.06	0.01	67.2	3.55
2017	85	13.24	9.95	16.54	352.06	0	71.26	2.12
2017	86	14.25	10.86	18.24	352.06	0.21	71.84	2.75
2017	87	15.1	12.43	18.13	352.06	0.01	73.02	1.71
2017	88	15.52	12.63	18.77	352.06	0	70.23	1.51
2017	89	14.93	12.34	18.42	352.06	0	71.01	3.06
2017	90	16.41	13.06	20.33	352.06	0	63.55	2.68
2017	91	16.57	12.62	20.7	352.06	0	61.38	2.12
2017	92	15.73	11.96	20.51	352.06	0	60.85	2.8
2017	93	14.48	11.49	17.89	352.06	0	70.94	3.03
2017	94	15.02	11.66	18.65	352.06	0	63.65	2.27
2017	95	15.38	12.24	19.33	352.06	0	68.93	3.55
2017	96	14.44	11.79	17.44	352.06	0.07	71.48	3.79
2017	97	14.68	11.12	18.13	352.06	0	67.06	3.19
2017	98	14.57	11.34	18.24	352.06	0.02	75.5	3.82
2017	99	14.68	11.37	18.26	352.06	0.25	82.19	4.45
2017	100	15.11	11.4	18.91	352.06	0.01	74.54	4.48
2017	101	16.45	12.57	20.85	352.06	0	62.12	1.9
2017	102	17.61	14.32	21.94	352.06	0	65.25	2.21
2017	103	20.22	15.05	24.77	352.06	0	59.06	2.33
2017	104	20.54	17.3	24.67	352.06	0	58.07	2.37
2017	105	19.4	15.44	23.51	352.06	0	61.25	2.06
2017	106	16.88	14.48	20.15	352.06	0.01	81.15	3.78
2017	107	17.48	14.94	21.06	352.06	0	74.18	2.05
2017	108	17.9	15.22	21.37	352.06	0	68.77	3.38
2017	109	16.23	14.61	18.15	352.06	0	71.05	7.72
2017	110	14.71	13.1	16.75	352.06	0	63.09	8.82
2017	111	14.17	12.2	16.37	352.06	0	66.57	8.81
2017	112	14.14	12.62	16.71	352.06	0.01	76.04	6.43
2017	113	15.29	12.08	18.89	352.06	0	67.64	4.14
2017	114	15.94	12.68	19.21	352.06	0.39	66.82	2.17
2017	115	17.68	13.79	21.21	352.06	0.32	70.89	2.92
2017	116	18.56	15.18	22.34	352.06	0	67.48	2.99
2017	117	15.87	13.68	18.62	352.06	1.79	78.32	4.46
2017	118	13.38	12.93	13.82	352.06	5.88	82.81	7.02
2017	119	14.28	13.26	15.63	352.06	1.19	85.82	3.2
2017	120	17.65	13.07	22.64	352.06	0.11	70.17	4.34
2017	121	16.09	13.26	19.35	352.06	0.01	67.76	2.95
2017	122	15.88	12.62	19.4	352.06	0	69.56	3.01
2017	123	16.42	12.72	20.57	352.06	0	67.87	4.47
2017	124	17.01	13.31	20.37	352.06	0.01	72.39	4.49
2017	125	19.98	15.53	24.37	352.06	0.01	62.69	4.35
2017	126	18.55	14.85	21.97	352.06	0	63.07	2.09
2017	127	18.36	14.88	22.2	352.06	0	64.16	2.49
2017	128	19.29	15.78	23.06	352.06	0	56.62	2.05
2017	129	20.57	16.05	24.73	352.06	0	56.07	2.94
2017	130	20.19	17.34	23.88	352.06	0.02	65.29	3.48
2017	131	19.2	16.67	22.77	352.06	0.51	67.58	5.16
2017	132	19.4	15.2	23.13	352.06	0.36	66.17	5.04
2017	133	19.79	15.7	23.7	352.06	0	63.29	2.89
2017	134	20.4	17.47	23.92	352.06	0	59.58	2.29
2017	135	20.1	16.92	24.07	352.06	0	62.03	3.38
2017	136	20.22	16.93	23.58	352.06	0	55.46	4.59
2017	137	19.91	17.07	23.72	352.06	0	58.04	3.66
2017	138	21.25	16.95	26.15	352.06	0	51.89	3.27
2017	139	18.54	15.81	21.58	352.06	0	67.68	4.41
2017	140	18.88	14.86	22.67	352.06	0	67.24	4.51
2017	141	19.39	15.78	22.12	352.06	0	65.31	5.71
2017	142	19.93	17.18	23.71	352.06	0	62.32	3.47
2017	143	19.98	16.95	23.62	352.06	0	63.8	5.2
2017	144	20.52	17.27	24.04	352.06	0.03	60.63	5.45
2017	145	22	18.51	25.83	352.06	0.17	53.24	5.37
2017	146	22.61	19.7	25.97	352.06	0.01	52.36	3.77
2017	147	22.26	19.03	25.36	352.06	0	55.52	5.42
2017	148	22.12	19.06	25.6	352.06	0.01	57.95	4.75
2017	149	20.73	18.11	23.63	352.06	0.62	60.41	2.95
2017	150	20.91	18.39	23.6	352.06	0.02	75.49	2.58
2017	151	20.74	17.89	23.52	165.37	0	72.47	3.96
2017	152	21.03	18.46	23.92	252.18	0.01	74.36	4.34
2017	153	22.19	19.35	25.37	273.08	0	63.79	4.02
2017	154	22.48	19.52	26.17	69.78	0.01	64.9	2.34
2017	155	22.21	19.58	25.03	199.47	0.08	70.78	2.42
2017	156	22.4	19.02	26.73	306.03	0	63.33	2.91
2017	157	23.03	18.87	27.3	200.96	0	63.74	2.46
2017	158	22.41	19.27	25.56	360.35	0	72.22	4.91
2017	159	22.25	19.29	25.86	365.95	0	66.72	5.55
2017	160	21.54	19.43	24.95	229.63	0	68.81	2.37
2017	161	21.68	18.31	24.96	251.44	0	71.07	3.39
2017	162	23.48	19.38	27.24	351.39	0	57.55	3.2
2017	163	23.72	20.45	27.41	241.6	0	56.17	4.58
2017	164	24.55	20.67	28.4	190.26	0	56.94	4.66
2017	165	25.14	21.74	28.41	245.06	0	57.32	2.64
2017	166	25.76	23.17	28.87	141.38	0.01	58.67	1.56
2017	167	26.36	22.96	30.08	188.56	0	51.6	3.95
2017	168	25.84	22.5	29.59	54.07	0	60.92	3.05
2017	169	25.55	21.68	28.83	172.24	0.03	63.39	3.14
2017	170	24.83	22.38	27.6	224.37	0.01	67.84	4.59
2017	171	24.69	21.25	28.03	138.18	0	65.06	4.32
2017	172	25.19	22.02	28.18	191.66	0	55.58	2.81
2017	173	25.94	22.61	28.89	117.71	0	54.42	1.77
2017	174	26.93	22.99	30.81	61.62	0	56.31	2.28
2017	175	27.69	23.49	31.41	198.47	0	53.95	1.66
2017	176	26.86	24.48	30.36	249.27	0	57.27	4.66
2017	177	28.03	24.36	32.04	115.2	0	51.24	3.55
2017	178	28.92	25.1	33.06	94.91	0	41.97	4.18
2017	179	27.04	22.76	31.43	236.09	0	45.2	4.14
2017	180	25.68	21.78	29.44	114.41	0	43.45	3.98
2017	181	22.76	19.68	26.43	109.4	0	45.43	3.61
2017	182	22.37	19.53	26.14	26.13	0.05	60.15	3.08
2017	183	22.27	19.15	25.46	85.05	0	63.15	3.95
2017	184	22.9	19.45	26.44	61.39	0	64.7	5.46
2017	185	23.27	19.63	27.03	167.11	0	66.67	5.16
2017	186	23.09	19.88	25.95	12.18	0.01	72.07	3.71
2017	187	24.83	22.16	27.45	95.63	0.04	66.56	3.24
2017	188	25.03	21.31	28.41	100.56	0.32	62	3.38
2017	189	25.42	20.99	28.83	159.02	0.04	52.58	3.11
2017	190	26.71	23.42	30.38	248.11	0	53.04	2.4
2017	191	25.8	22.85	28.71	315.31	0	58.69	1.73
2017	192	25.84	22.9	29.44	289.71	0	62.83	2.22
2017	193	27.2	23.38	30.85	189.55	0	59.75	1.63
2017	194	27.99	24.4	33.12	192.7	0	59.66	1.92
2017	195	26.17	22.99	29.35	212.77	0	69.83	3.19
2017	196	24.59	22.14	27.7	132.91	0	77.37	4
2017	197	25.21	21.72	28.93	203.16	0	63.76	4.27
2017	198	25.74	23.24	29.03	67.65	0	62.22	4.94
2017	199	25.93	23.32	28.74	91.4	0	61.07	4.73
2017	200	27.01	23.47	30.69	65.78	0.01	54.4	3.55
2017	201	27.23	22.92	31.07	312.23	0	54.58	2.83
2017	202	25.57	21.85	29.62	317.92	0	62.25	2.61
2017	203	25.32	21.82	28.9	64.01	0	57.56	1.99
2017	204	26.26	22.5	31.19	183.78	0	56.96	2.39
2017	205	26.46	22.46	30.89	87.99	0	56.32	2.44
2017	206	25.26	22.95	27.84	164.12	0	75.08	4.01
2017	207	25.37	22.19	29.09	164.8	0	69.69	2.86
2017	208	26.33	22.64	29.88	97.12	0	65	1.68
2017	209	28.06	24.97	31.51	100.08	0	53.58	1.87
2017	210	27.52	24.34	30.99	84.46	0	58.32	1.9
2017	211	28.74	25.32	32.64	309.83	0	47.64	1.42
2017	212	27.38	24.45	30.92	320.4	0.02	60.23	1.92
2017	213	27.85	24.21	31.97	108.1	0.24	58.01	2.13
2017	214	28	25.09	31.94	245.22	0.04	66.61	2.3
2017	215	28.39	24.81	32.84	340.3	0	57.08	2.17
2017	216	29.17	25.16	32.15	340.3	0	50.04	1.64
2017	217	29.19	26.29	32.37	340.3	0	54.56	1.62
2017	218	27.29	25.1	30.12	340.3	0.03	73.37	2.64
2017	219	27.4	24.96	29.82	340.3	0.08	71.61	2.35
2017	220	30.36	25.69	35.68	340.3	0.01	51.59	3.64
2017	221	27.29	24.11	31.01	99.72	0.01	65.39	3.54
2017	222	24.2	21.33	27.22	340.3	0.08	68.98	6.44
2017	223	24.63	22	27.71	340.3	0	65.51	5.24
2017	224	24.32	22.2	27.2	340.3	0	65.68	5.52
2017	225	24.53	21.34	27.89	340.3	0	67.89	5.43
2017	226	25.14	22.2	28.2	340.3	0.02	68.67	5.17
2017	227	25.83	22.8	29.15	340.3	0.06	71.2	3.49
2017	228	25.98	23.53	29.57	340.3	0.05	74.32	1.66
2017	229	25.65	23.04	28.46	340.3	0.03	77.23	2.14
2017	230	25.92	22.77	28.95	340.3	0.03	70.91	2.12
2017	231	25.74	23.66	28.65	340.3	0	73.62	3.77
2017	232	25.61	23.69	28.4	340.3	0	74.98	5.41
2017	233	25.24	22.85	28.62	340.3	0	70.14	4.7
2017	234	25	22.19	28.36	340.3	0	65.7	3
2017	235	24.95	22.59	28.24	278.29	0	66.89	2.73
2017	236	25.1	22.82	28.06	286.17	0	69.03	2.62
2017	237	25.34	22.63	27.84	339.26	0.02	71.33	2.42
2017	238	25.45	22.43	28.34	370.39	0.03	75.5	3.57
2017	239	25.52	23.63	28.38	348.37	0.95	75.6	3.39
2017	240	24.93	23.4	26.81	204.73	1.97	80.46	2.05
2017	241	22.43	20.16	23.87	203.21	26.26	77.24	2.69
2017	242	22.59	20.37	26.04	184.28	12.64	76.67	1.67
2017	243	24.59	21.59	28.1	132.61	0.04	70.83	3.26
2017	244	24.45	21.78	27.41	134.25	0.05	78.38	5.2
2017	245	23.82	22	25.75	177.46	0.19	76.46	4.28
2017	246	24.26	22.06	27.61	309.28	0	70.85	2.36
2017	247	25.93	22.31	30.53	183.69	0	67.08	2.89
2017	248	24.63	22.05	27.7	239.41	0	76.5	3.37
2017	249	24.75	22.39	27.7	276.93	0	72.08	2.68
2017	250	24.27	22.29	27.16	183.01	0.01	79.61	2.94
2017	251	24.21	21.83	27.64	216.31	0.03	78.42	2.13
2017	252	25.69	21.03	31.11	237.69	0.14	56.02	3.88
2017	253	22.99	18.97	27.5	304.84	0.05	51.86	3.82
2017	254	24.26	20.18	28.78	286.39	0	50.32	2.96
2017	255	24.48	21.45	28.65	311.18	0	63.35	3.6
2017	256	23.63	20.66	27.05	212.37	0	71.99	3.33
2017	257	25.16	21.07	29.77	303.08	0	59.41	2.53
2017	258	24.43	21.49	28.14	305.08	0.02	62.42	3.01
2017	259	21.77	20.09	24.14	335.8	0.05	71.02	3.48
2017	260	21.88	19.72	24.89	352.88	0	71.06	2.53
2017	261	24.05	18.85	29.03	296.61	0	47.71	2.75
2017	262	23.02	19.74	27.25	321.49	0	61.97	3.25
2017	263	22.62	20.11	25.74	425.01	0	72.35	2.18
2017	264	22.74	19.77	26.61	335.61	0	70.03	3.32
2017	265	22.56	20.31	25.35	292.61	0	77.05	4.81
2017	266	22.5	20.1	25.53	214.41	0.02	74.01	4.03
2017	267	22.64	20.02	26.21	306.57	0	67.82	1.67
2017	268	24.16	20.28	28.75	310.98	0	60.85	3.28
2017	269	23.21	20.8	26.64	291.16	0.01	67.75	3.88
2017	270	22.49	21.13	24.95	303.74	0.03	78.73	3.44
2017	271	22.47	20.43	24.99	79.8	0	73.46	4.27
2017	272	21.71	19.17	25.07	315.98	0.01	71.47	3.52
2017	273	21.35	19.7	24.36	221.85	0	70.01	1.77
2017	274	21.16	19.8	23.28	279.48	0	78.1	2.33
2017	275	22.26	19.76	25.58	290.74	0.02	74.3	3.44
2017	276	22.01	19.3	25.55	355.89	0.03	75.36	2.57
2017	277	22.03	20.06	24.8	340.3	0.02	77.38	3.26
2017	278	21.98	19.6	25.64	340.3	0	73.63	2.62
2017	279	22.98	19.61	27.94	340.3	0	62.24	2.21
2017	280	21.72	19.36	24.67	340.3	0.01	79	4.17
2017	281	21.47	19.43	24.35	340.3	0	72.2	2.63
2017	282	21.38	19.17	24.85	340.3	0	68.96	1.56
2017	283	21.33	19.21	24.82	340.3	0	71.65	1.36
2017	284	21.47	18.83	24.81	340.3	0	72.26	1.62
2017	285	22.8	20.08	26.29	29.44	0	61.74	1.46
2017	286	23.2	20.37	26.77	427.23	0	60.42	1.73
2017	287	22.54	19.52	26.53	428.3	0	70.74	3.69
2017	288	21.22	18.78	24.83	348.26	0	81.02	5.03
2017	289	20.74	18.1	24.32	391.86	0	76.74	4.19
2017	290	20.83	18.57	23.91	287.02	0.62	74.91	1.94
2017	291	20.05	18.17	22.33	391.89	14.32	78.44	4.23
2017	292	19.01	16.04	23.05	333	8.96	65.08	3.26
2017	293	19.87	16.28	24.49	333.2	0	66.22	2.7
2017	294	20.72	17.68	24.61	317.38	0	70.64	2.38
2017	295	20.69	18.51	23.63	335.48	0.01	76.65	3.29
2017	296	19.3	17.26	22.03	386.79	0	80.35	3.09
2017	297	19.36	16.14	22.8	361.83	0	71.87	2.08
2017	298	20.29	17.67	24.03	373.89	0	66.4	2.28
2017	299	20.2	17.67	24.25	302.02	0	70.44	3.17
2017	300	20.67	17.42	25.3	275.17	0	60.27	2.47
2017	301	19.74	17.46	22.85	299.92	0	74.84	3.83
2017	302	19.68	18.16	22.61	293.17	0	71.9	2.31
2017	303	19.5	17.78	22.09	320.12	0	74.1	2.13
2017	304	19.05	17.38	22.1	286.44	0.15	80.78	3.48
2017	305	18.76	17.02	21.57	301.58	0.42	83.69	3.62
2017	306	18.47	15.94	21.31	304.4	0	85.56	3.49
2017	307	18.75	16.88	21.2	326.5	0.23	79.54	1.57
2017	308	18.76	16.85	21.54	294.16	1.6	75.29	4.5
2017	309	18.7	15.5	23.39	313	0.07	64.3	2.62
2017	310	16.15	13	19.67	442.3	0	53.88	3.83
2017	311	15.43	11.68	20.31	471.37	0	57.14	2.58
2017	312	16.37	13.29	20.78	329.38	0	61.02	1.81
2017	313	14.62	11.63	17.87	388.75	0.06	54.95	4.68
2017	314	14.34	10.83	18.31	265.7	0.01	56.4	3.82
2017	315	16.31	13.02	20.87	278.59	0	61.26	2.49
2017	316	17.41	13.52	22.88	342.78	0	55.08	2.41
2017	317	16.92	12.93	21.83	418.36	0	51.89	4.14
2017	318	12.84	9.52	16.1	332.43	0	55.88	3.48
2017	319	14.47	12.28	17.9	327.11	0	63.67	1.7
2017	320	14.92	12.63	18.4	379.33	0	59	1.36
2017	321	15.06	13.54	18.26	301.92	0	70.73	1.36
2017	322	15.21	12.81	18.26	360.37	2.88	74.95	1.52
2017	323	14.67	11.75	18.48	426.02	2.08	82.48	2.89
2017	324	15.6	13.5	19.66	398.04	0.09	70.47	1.69
2017	325	16.19	13.88	20.51	319.64	0	61.9	1.45
2017	326	15.74	13.84	18.8	360.61	0	64.12	1.53
2017	327	16.34	12.65	21.16	332.88	0	61.11	2.23
2017	328	17.83	15.45	22.16	392.39	0	57.2	2.21
2017	329	18.19	14.45	23.16	319.92	0	58.13	2.38
2017	330	15.87	13.51	18.15	339	0.01	74.56	4.21
2017	331	15.27	14.34	17.27	471.51	0.02	74.28	2.89
2017	332	15.68	13.88	18.67	349.55	0.03	71.78	2.7
2017	333	16.36	13.45	19.4	498.21	9.1	85.94	4.94
2017	334	11.55	9.47	12.98	483.41	7.49	75.77	4.84
2017	335	10.96	7.54	16.07	461.96	0	53.64	4.09
2017	336	9.69	6.13	14.94	411.98	0	57.94	4.83
2017	337	9.41	5.3	13.09	401.68	0	53.85	2.75
2017	338	10.54	8.84	13.25	363.5	0	51.71	2.39
2017	339	11.04	8.47	14.34	404.09	0	72.72	3.23
2017	340	11.36	8	14.92	383.18	0	82.62	3.05
2017	341	12.23	10.48	15.5	473.77	0	72.6	1.58
2017	342	13.85	9.68	19.11	446.49	0	62.32	2.65
2017	343	15.1	12.1	19.74	398.57	0.03	75.62	1.42
2017	344	14.92	11.93	19.91	397.26	0.15	79.86	4.26
2017	345	13.84	10.85	16.24	396.18	2.46	72.41	6.71
2017	346	11.61	8.43	15.48	353.75	0.07	57.83	2.82
2017	347	10.4	7.12	14.98	349.7	0	57.48	2.79
2017	348	12.75	8.8	18.22	355.75	0.01	76.21	2.75
2017	349	15.05	11.85	19.43	373.16	0.62	80.8	3.55
2017	350	11.82	8.88	15.52	235.59	0.39	64.63	4.01
2017	351	10.09	7.43	13.83	376.45	0	61.7	3.41
2017	352	9.98	7.13	13.93	400.29	0	55.91	2.49
2017	353	12.13	9.72	14.85	350.94	0.41	70.85	6.3
2017	354	10.71	7.53	14.74	403.15	0.03	70.49	3.18
2017	355	11.67	8.78	14.85	407.99	0.17	75.23	3.62
2017	356	12.92	9.48	18.2	323.94	0	70.76	3
2017	357	12.24	9.79	15.93	309.77	0	83.25	3.31
2017	358	12.18	10.22	14.84	409.78	0	85.66	3.56
2017	359	11.68	7.82	16.13	417.6	0.01	78.67	3.57
2017	360	13.06	10.3	17.57	248.07	0.15	74.61	4.28
2017	361	13.47	10.89	17.09	434.42	0.26	66.96	5.37
2017	362	14.78	11.05	19.25	444.77	0.07	75.22	4.17
2017	363	15.09	12.43	19.65	410.62	0.05	79.62	2.21
2017	364	14.83	12.55	19.22	330.63	0	77.08	1.95
2017	365	0	0	0	386.32	0	74.55	2.48
2018	1	12.67	8.31	17.22	280.23	0	66.42	2.51
2018	2	13.48	9.61	19.31	211.09	0	62.97	2.4
2018	3	15.23	12.25	20.18	214.32	0	71.99	3.13
2018	4	15.62	12.47	21.23	103.83	0	71.5	2.85
2018	5	13.8	10.72	18.48	274.51	0	76.79	3.08
2018	6	11.49	8.18	13.59	376.05	2.43	77.11	4.82
2018	7	9.18	6.63	12.65	355.46	0.31	63.29	3.43
2018	8	9.09	8.14	10.64	361.29	1.73	69.71	1.94
2018	9	10.68	7.49	14.05	277.82	0.64	66.29	3.2
2018	10	12.67	10.18	16.53	312.8	2.38	80.32	3.73
2018	11	10.43	7.02	15.04	300.67	0.05	67.85	3.75
2018	12	10.38	6.67	14.92	365.58	0	66.27	2.92
2018	13	10.61	9.3	12.57	359.62	0.13	71.89	2.22
2018	14	10.15	8.48	13.65	341.86	5.11	73.31	2.11
2018	15	9.57	7.22	11.88	349.03	1.11	80.65	3.68
2018	16	11.4	7.18	16.93	347.23	0	72.68	3.36
2018	17	12.74	9.51	17.67	280.46	0	77.41	2.85
2018	18	12.25	9.26	15.82	350.85	0.06	86.35	4.72
2018	19	12.15	10.57	13.89	356.5	0.74	86.22	2.51
2018	20	13.47	9.85	18.84	353.82	0	64.66	2.71
2018	21	15.19	10.73	21.16	356.25	0	61.4	2.52
2018	22	15.9	13.24	20.52	235.94	0	67.54	2.92
2018	23	14.37	12.42	17.71	262.47	0.01	74.36	2.6
2018	24	12.99	11.43	15.97	300.24	0.02	74.21	1.43
2018	25	13.38	11.53	16.35	352.5	0.24	73.77	3.65
2018	26	11	8.86	14.18	340.3	0.84	62.79	4.66
2018	27	10.3	7.58	13.15	340.3	2.06	65	5.39
2018	28	11.57	9.35	13.4	340.3	6.95	75.64	7.54
2018	29	13.06	11.06	14.93	340.3	0.02	84.26	7.24
2018	30	12.25	10.19	14.84	340.3	0.08	86.84	5.33
2018	31	11.49	9.95	13.4	340.3	0.71	89.18	4.18
2018	32	13.24	10.35	17.5	340.3	1.51	72.3	3.68
2018	33	9.48	7.24	11.87	340.3	3.67	63.37	5.28
2018	34	9.47	5.68	13.95	340.3	0	54.35	3.4
2018	35	9.86	7.86	12.68	340.3	4.65	70.69	3.75
2018	36	9.45	7.6	11.88	340.3	1.47	67.72	2.86
2018	37	8.91	6.21	12.98	340.3	0.67	62.97	3.23
2018	38	9.01	5.17	12.93	340.3	0.01	58.59	2.48
2018	39	9.12	6.2	12.19	340.3	0.35	68.98	3.7
2018	40	9.56	6.39	12.49	340.3	0.34	54.52	1.78
2018	41	10.2	6.98	14.19	340.3	0	57.94	4.2
2018	42	11.73	7.03	17.36	340.3	0	65.38	3.21
2018	43	13.35	9.77	18.63	340.3	0.2	71.04	3.36
2018	44	11.68	7.9	16.57	340.3	0	62.8	2.61
2018	45	12.22	7.87	17.63	340.3	0	62.85	1.83
2018	46	13.2	9.79	17.13	340.3	0	69.08	1.87
2018	47	13.7	11.7	17.1	340.3	0	74.94	1.6
2018	48	14.43	10.97	19.4	340.3	0	70.23	2.26
2018	49	12.73	11.27	14.83	340.3	0.3	82.17	4.38
2018	50	11.58	10.19	13.11	340.3	1.62	83.42	2.18
2018	51	13.95	9.77	18.58	340.3	0	67.17	2.17
2018	52	12.73	9.59	16.44	340.3	0.53	64.22	4.43
2018	53	11.46	8.82	14.83	340.3	0.68	64.31	3
2018	54	9.1	5.83	13	340.3	0	59.21	4.29
2018	55	9.55	6.22	13.12	340.3	0	69.86	2.98
2018	56	11.58	8.91	14.81	340.3	0.15	65.58	2.13
2018	57	12.48	8.51	17.12	340.3	0.09	63.92	2.63
2018	58	14.2	11.23	18.58	340.3	1.27	75.84	2.84
2018	59	14.57	11.56	17.9	340.3	0.82	81.67	5.52
2018	60	14.69	12.85	17.33	352.06	4.4	80.89	7.66
2018	61	14.35	10.99	17.46	352.06	8.75	83.06	6.54
2018	62	14.14	11.27	17.88	352.06	4.8	77.48	4.65
2018	63	13.15	10.31	16.23	352.06	2.88	80.65	4.95
2018	64	13.86	11.11	17.08	352.06	3.52	69.93	6.88
2018	65	13.59	10.77	16.79	352.06	0.6	68.73	4.99
2018	66	12.37	8.93	16.05	352.06	0.5	68.58	2.73
2018	67	14.98	10.76	19.77	352.06	6.14	81.01	4.25
2018	68	15.45	11.85	19.98	352.06	0.03	75.23	4.06
2018	69	15.89	12.67	20.04	352.06	0.42	77.05	4.66
2018	70	14.23	11.39	17.26	352.06	1.16	69.36	7.32
2018	71	14.34	10.92	18.26	352.06	0.02	63.51	4.44
2018	72	15.6	12.12	19.63	352.06	0.13	74.36	2.78
2018	73	15.34	13.56	17.72	352.06	0.14	80.37	4.32
2018	74	14.94	11.86	17.81	352.06	1.45	73.77	5.57
2018	75	13.04	10.17	16.81	352.06	0.62	62.93	2.96
2018	76	12.75	8.97	15.93	352.06	4.18	69.12	7.21
2018	77	13.03	10.01	16.02	352.06	6.91	72.97	2.52
2018	78	13.82	9.83	18.2	352.06	1.77	64.94	5.76
2018	79	11.15	8.48	14.72	352.06	0.08	51.38	5.11
2018	80	9.94	5.06	14.45	352.06	0.01	52.53	3.78
2018	81	10.35	5.98	14.58	352.06	0.01	52.57	4.6
2018	82	13.55	7.63	19.1	352.06	0.63	64.03	3.59
2018	83	13.43	10.7	16.12	352.06	0.91	58.16	8.54
2018	84	12.55	9.78	15.94	352.06	0.95	63.29	3.35
2018	85	13.7	9.31	18.25	352.06	0.01	61.72	2.69
2018	86	15.28	10.86	19.78	352.06	0	61.81	3.23
2018	87	17.09	13.04	21.88	352.06	0	63.03	2.9
2018	88	16.88	13.73	20.96	352.06	0	62.22	3.5
2018	89	14.1	10.4	17.6	352.06	0.24	62.09	5.35
2018	90	13.99	10.44	18.04	352.06	0.06	58.26	3.44
2018	91	14.09	10.71	17.43	352.06	0	60.65	3.59
2018	92	14.71	12.27	17.94	352.06	0	61.95	2.85
2018	93	16.47	12.56	20.95	352.06	0	68.92	3.6
2018	94	16.13	11.62	21.05	352.06	0	63.12	3.03
2018	95	15.52	11.86	18.95	352.06	0	62.71	3.54
2018	96	15.86	13.72	18.14	352.06	0.92	68.02	4.3
2018	97	15.42	12.22	18.95	352.06	0.22	66.07	3.59
2018	98	15.25	11.63	19.48	352.06	0.65	60.56	3.47
2018	99	14.55	11.48	17.96	352.06	0.21	58.58	4.97
2018	100	13.44	10.13	16.57	352.06	12.6	70.31	6.96
2018	101	13.56	10.07	16.84	352.06	0.29	56.91	6.34
2018	102	13.74	10.2	17.49	352.06	1.94	70.33	5.18
2018	103	12.58	10.44	14.02	352.06	1.01	73.53	3.25
2018	104	15.1	10.06	20.56	352.06	0.03	64.15	2.15
2018	105	16.38	11.8	20.84	352.06	0	68.91	2.6
2018	106	17.07	13.79	21.15	352.06	0.57	62.54	2.36
2018	107	16.28	12.91	19.68	352.06	0	63.27	2.27
2018	108	16.41	13.16	19.69	352.06	0	67.62	3.23
2018	109	16.09	13.17	19.48	352.06	0	71.97	4.77
2018	110	15.41	12.69	18.02	352.06	0.04	78.98	6.37
2018	111	16.62	13.93	19.85	352.06	0	68.05	6.59
2018	112	17.94	14.78	20.97	352.06	0.01	60.38	6.44
2018	113	18.74	15.82	21.53	352.06	0.26	53.94	7.59
2018	114	18.53	16.58	20.92	352.06	0.03	61.45	7.24
2018	115	16.81	15.63	18.34	352.06	7.39	68.93	5.2
2018	116	17.16	15.45	19.7	352.06	8.79	72.02	4.32
2018	117	19.07	15.04	22.77	352.06	0	69.59	2.41
2018	118	19.23	15.71	23.43	352.06	0.04	56.97	4.15
2018	119	16.13	12.39	19.74	352.06	0.08	55.82	5.44
2018	120	15.74	12.14	19.36	352.06	0.19	57.26	2.84
2018	121	14.52	11.03	18.53	352.06	4.25	55.75	3.06
2018	122	15.64	10.64	19.66	352.06	0	57.18	3.99
2018	123	18.25	14.56	21.24	352.06	0.05	55.18	2.73
2018	124	16.21	13.74	18.11	352.06	0.92	72.59	3.34
2018	125	17.05	13.41	20.63	352.06	0.1	67.92	2.17
2018	126	17.33	15.03	19.84	352.06	0.01	71.64	3.55
2018	127	17.36	14.61	20.8	352.06	0.01	72.48	3.13
2018	128	18.34	14.01	22.48	352.06	0.84	74.44	2.14
2018	129	20.28	16.51	22.93	352.06	0.65	66.57	1.54
2018	130	18.47	16.05	20.97	352.06	1.08	81.88	2.57
2018	131	18.08	14.68	21.93	352.06	0	75.63	2.83
2018	132	20.59	15.49	25.22	352.06	0	60.24	3.89
2018	133	17.14	14.45	20.57	352.06	0	60.02	3.61
2018	134	17.85	14.14	21.72	352.06	0	53.64	2
2018	135	17.19	14.56	20.27	352.06	0	67.74	3.96
2018	136	17.39	13.78	20.76	352.06	0.01	64.07	5.48
2018	137	17.26	15.11	19.47	352.06	0.67	68.67	6.02
2018	138	17.7	14.24	20.72	352.06	0.12	67.86	2.68
2018	139	18.06	15.14	20.91	352.06	0.21	69.02	2.33
2018	140	18.42	15.99	21.12	352.06	0.02	68.05	1.43
2018	141	18.58	15.37	21.01	352.06	0.2	67.88	1.9
2018	142	20.1	16.08	23.54	352.06	0	63.37	1.92
2018	143	20.22	16.28	23.37	352.06	0	62.83	3.57
2018	144	21.08	19.07	23.55	352.06	0.05	59.49	5.48
2018	145	21.13	17.94	25.09	352.06	0.02	56.84	3.65
2018	146	20.96	17.49	24.3	352.06	0.01	62.4	2.13
2018	147	20.93	16.99	24.28	352.06	0.15	67.6	2.92
2018	148	20.89	17.57	23.95	352.06	0.04	65.11	2.59
2018	149	20.32	17.47	23.22	352.06	0.07	67.16	3.31
2018	150	20.31	16.78	23.39	352.06	0.03	61.35	3
2018	151	20.95	17.88	23.82	165.37	0	60.94	2.02
2018	152	19.85	16.47	23.33	252.18	0.43	66.61	2.59
2018	153	18.7	16.74	21.01	273.08	5.5	74.65	2.12
2018	154	20.52	15.84	24.85	69.78	0.25	65.98	3.53
2018	155	22.25	18.04	26.22	199.47	0	57.59	3.04
2018	156	21	19.16	23.23	306.03	0.12	60.29	3.29
2018	157	20.4	17.5	22.92	200.96	5.65	62.33	2.67
2018	158	20.02	16.02	23.41	360.35	0	66.39	2.85
2018	159	20.97	18.14	24.06	365.95	0.01	65.16	3.09
2018	160	21.85	18.82	24.72	229.63	0.64	64.51	2.42
2018	161	21.01	18.29	24.07	251.44	0.03	64.31	2.35
2018	162	21.19	18.56	23.76	351.39	0	61.26	2.71
2018	163	21.69	17.96	24.9	241.6	0	56.47	3.12
2018	164	22.96	19.86	25.87	190.26	0	55.15	2.53
2018	165	21.49	18.57	25.33	245.06	0.04	67.66	2.71
2018	166	21.42	18.31	24.97	141.38	0	69.59	2.3
2018	167	22.07	18.36	25.99	188.56	0	64.07	2.68
2018	168	22.59	19.27	26.19	54.07	0	61.88	3.43
2018	169	22.4	19.37	25.9	172.24	0	66.93	3.62
2018	170	22.31	19.61	25.11	224.37	0	67.52	3.78
2018	171	22.72	19.34	25.97	138.18	0	64.94	3.93
2018	172	23.31	19.41	26.69	191.66	0	62.45	3.73
2018	173	24.2	20.96	27.69	117.71	0	55.41	3.4
2018	174	24.58	21.37	27.76	61.62	0	54.98	4.43
2018	175	23.94	21.07	27.57	198.47	0	61.08	4.99
2018	176	23.6	20.53	26.64	249.27	0.04	66.72	2.33
2018	177	23.69	20.37	26.98	115.2	0.02	61.14	1.34
2018	178	23.96	20.81	27.09	94.91	0.04	61.35	2.07
2018	179	24.02	20.51	27.49	236.09	1.52	67.96	2.38
2018	180	23.37	20.67	26.5	114.41	0.02	75.57	3.21
2018	181	24.13	21.11	26.82	109.4	0	70.32	3.27
2018	182	25.42	21.01	29.63	26.13	0	58.97	4.06
2018	183	24.86	21.15	28.96	85.05	0	49.93	3.64
2018	184	25.46	21.5	28.97	61.39	0	49.49	2.5
2018	185	26.14	21.67	30.56	167.11	0	47.58	3.36
2018	186	24.87	21.59	28.74	12.18	0	49.8	2.6
2018	187	23.71	20.47	27.32	95.63	0	61.02	2.4
2018	188	24.56	21.4	28.38	100.56	0	60.77	3.49
2018	189	25.13	22.67	28.71	159.02	0	64.75	2.68
2018	190	25.74	22.56	29.18	248.11	0	57.25	1.9
2018	191	26.48	23.09	30.19	315.31	0	55.34	2.88
2018	192	27.22	23.5	31.05	289.71	0	47.39	2.75
2018	193	25.15	22.2	28.57	189.55	0	68.04	2.42
2018	194	25.24	22.11	28.48	192.7	0	68.88	2.31
2018	195	26.08	21.81	29.98	212.77	0	53.15	2.87
2018	196	27.21	23.47	30.85	132.91	0	46.3	3.66
2018	197	25.45	21.77	29.64	203.16	0	46.84	2.92
2018	198	25.33	21.75	28.53	67.65	0.07	52.98	3.18
2018	199	25.44	22.18	29.16	91.4	0	61.64	3.3
2018	200	25.31	22.13	28.85	65.78	0.02	61.54	2.2
2018	201	26.99	22.58	31.33	312.23	0	51.03	2.5
2018	202	25.88	21.77	29	317.92	0	53.73	2.33
2018	203	24.53	20.98	28.47	64.01	0	79.36	3.36
2018	204	25.24	22.52	28.57	183.78	0	72.25	2.64
2018	205	25.94	22.23	29.89	87.99	0	59.64	2.66
2018	206	25.52	22.2	29.06	164.12	0	62.42	2.16
2018	207	25.05	21.71	28.67	164.8	0	63.61	1.89
2018	208	18.63	13.87	25.27	203.98	0.26	65.88	3.01
2018	209	16.6	15.06	23.09	340.3	55.62	88.21	2.67
2018	210	16.77	13.75	20.4	256.94	0	84.08	2.81
2018	211	17.61	14.08	23.6	276.25	0	78.61	2.72
2018	212	17.15	11.43	24.45	370.21	0	75.81	3.08
2018	213	16.59	11.45	23.44	418.89	0	77.72	2.74
2018	214	15.9	11.46	21.9	229.4	0	77.46	2.77
2018	215	15.41	12.37	19.38	129.79	0	76.78	3.42
2018	216	16.55	11.15	22.11	335.6	0	69.57	3.58
2018	217	16.84	10.31	23.81	393.76	0	68.58	2.79
2018	218	17.32	10.45	24.61	358.97	0	65.19	2.24
2018	219	17.43	12.32	23.1	267.85	0	73.64	2.81
2018	220	16	11.45	21.38	279.77	0	78.38	2.8
2018	221	16.26	13.13	21.55	267.28	0	77.27	4.25
2018	222	16.09	12.1	20.98	300.57	0	76.85	3.58
2018	223	14.86	10.78	18.88	186.99	0	77.27	3.24
2018	224	16.17	10.4	22.59	362.45	0	78.62	3.16
2018	225	15.73	12.18	21.02	193.29	0	78.01	3.29
2018	226	14.76	10.47	19.42	191.7	0.1	76.82	3.4
2018	227	15.07	12.45	18.64	137.54	0	79.41	2.91
2018	228	15.17	11.67	19.21	193.86	0	79.29	3.31
2018	229	15.93	12.67	21.26	194.07	0	76.26	2.81
2018	230	15.73	11.44	21.28	264.54	0	73.77	3.09
2018	231	16.31	10.78	21.12	185.61	0	73.29	2.97
2018	232	17.06	10.96	24.12	296.86	0	70.25	2.67
2018	233	15.91	13.39	18.69	113.44	0	80.69	3.04
2018	234	17.29	12.49	23.06	215.29	0	71.77	3.16
2018	235	17.74	11.88	23.37	259.16	0	69.32	3.31
2018	236	17.09	14.4	22.17	179.34	0	80.39	3.14
2018	237	17.73	12.36	24.35	261.63	1.5	77.19	2.4
2018	238	15.93	14.09	18.77	90.39	0.1	85.06	2.51
2018	239	16.37	13.47	19.55	143.68	0	73.13	3.12
2018	240	16.82	12.71	21.06	211.61	0	69.27	3.23
2018	241	16.56	13.2	20.14	201.46	0	70.47	3.44
2018	242	15.47	11.77	19.59	120.08	0	79.36	2.89
2018	243	16.34	13.18	21.05	108.2	0	80.7	2.97
2018	244	16.62	10.71	22.47	210.51	0	73.36	2.75
2018	245	16.42	11.88	21.52	192.35	0	78.64	3.12
2018	246	18.1	14.54	23.26	341.28	0	71.59	3.58
2018	247	17.83	13.62	23.34	294.5	0	70.7	4.22
2018	248	17.77	12.83	23.71	399.68	0	67.35	3.36
2018	249	17.86	11.99	23.8	348.42	0	66.87	3.1
2018	250	18.95	11.89	26.47	388.1	0	62.47	3.32
2018	251	20.02	14.37	26.75	362.86	0	65.57	3.25
2018	252	19.08	14.84	24.56	375.28	0	65.17	4.16
2018	253	18.01	11.4	24.92	382.86	0	62.4	3.43
2018	254	18.9	13.46	25.21	381.15	0	65.56	3.47
2018	255	19.74	13.81	25.91	344.46	0	65.12	3.65
2018	256	18.99	11.42	26.66	390.95	0	62.88	3.41
2018	257	19.42	11.63	26.66	386.21	0	60.22	3.63
2018	258	19.04	11.43	26.8	343.9	0	60.76	3.49
2018	259	17.96	11.56	25.69	367.38	0	67.64	3.23
2018	260	17.7	12.25	24.73	302.25	0	66.95	2.91
2018	261	19.23	12.66	26.44	402.75	0	68.43	3.84
2018	262	19.45	14.45	26.2	375.51	0	64.75	4.15
2018	263	18.16	13.01	23.56	276.9	0	69.04	3.94
2018	264	18.54	13	24.95	348.03	0	65.83	3.46
2018	265	17.97	10.74	25.28	390.05	0	64.04	3.77
2018	266	19.07	13.96	24.87	307.7	0	65.64	3.91
2018	267	19.44	12.78	26.23	338.76	0	66.81	3.84
2018	268	18.55	14.65	22.86	262.62	0	73.67	3.5
2018	269	19.11	15.23	24.79	325.26	0	73.01	4.54
2018	270	19.34	13.57	26.13	340.5	0	66.09	3.74
2018	271	19.39	13.99	25.7	427.6	0	60.8	3.95
2018	272	17.9	10.42	24.28	386.57	0	58.5	3.94
2018	273	17.91	12.04	24.29	294.81	0	67.9	3.78
2018	274	19.27	13.9	26.01	413.41	0	68.04	4.18
2018	275	18.69	14.18	24.05	302.87	0	67.84	3.75
2018	276	19	13.03	25.49	363.15	0	64.31	3.22
2018	277	20.11	15.16	27	385.89	0	65.87	3.79
2018	278	19.04	14.53	26.46	290.14	9.9	73.65	3.15
2018	279	18.55	12.95	24.16	240.49	0.8	70.68	3.29
2018	280	18.75	13.47	23.91	311.96	0	70.33	3.63
2018	281	18.24	11.88	24.24	315.37	0	69.49	3.67
2018	282	19.1	13.37	25.09	377.15	0	64.16	3.28
2018	283	19.43	12.16	27.16	366.53	0	64.07	2.98
2018	284	20.2	15.51	26.89	293.92	0	68.46	3.44
2018	285	19.65	13.54	27.37	321.8	0	65.76	3.47
2018	286	20.14	14.71	26.35	314.3	0	67.57	2.95
2018	287	19.71	14.4	26.68	341.22	0	67.4	2.94
2018	288	20.39	15.48	26.25	376.21	0	68.03	3.58
2018	289	20.39	15.87	26.02	379.61	0	69.01	4.43
2018	290	20.31	15.81	26.36	397.83	0	69.7	4.39
2018	291	20.49	14.78	26.48	391.04	0	68.59	3.55
2018	292	20.02	14.68	25.48	360.18	0	70.87	4.71
2018	293	18.92	13.1	24.48	374.51	0	68.88	5.36
2018	294	16.42	14.08	19.6	163.05	3.47	83.86	4.5
2018	295	16.35	14.69	20.04	153.87	0.2	82.92	1.81
2018	296	16.83	14.17	20.52	222.11	1.77	88.02	3.5
2018	297	17.71	13.7	22.47	223.85	0	84.5	3.48
2018	298	17.7	14.69	22.5	294.16	5.41	83.7	4.2
2018	299	18.28	15.04	23.01	309.42	0	79.45	3.54
2018	300	19.17	15.27	24.55	351.5	0.7	74.29	4.07
2018	301	19.89	15.03	25.79	322.87	0	66.35	4.56
2018	302	20.03	14.3	26.13	403.31	0	66.73	4.77
2018	303	19.99	15.47	25.36	316.21	0	71.42	5.36
2018	304	19.37	16.13	24.78	383.44	7.9	79.59	4.31
2018	305	19.21	16.09	23.98	393.38	0	78.15	4.39
2018	306	19.08	13.71	24.8	369.02	0	69.24	3.86
2018	307	19.44	11.7	25.56	432.47	0	64.07	3.28
2018	308	19.74	14.41	26.24	383.09	0	69.85	3.6
2018	309	20.32	14.14	27.57	406.81	0	70.13	3.37
2018	310	20.67	13.74	27.57	379.04	0	66.76	3.16
2018	311	19.87	14.81	26.38	219.56	0	70.38	3.45
2018	312	20.48	16.14	26.03	328.17	0	63.67	3.62
2018	313	19.61	14.55	25.78	380.24	0.2	71.68	3.74
2018	314	20.24	15.57	26.12	397.15	0.1	72.62	4.09
2018	315	19.54	16.05	24.82	315.32	0	69.36	3.82
2018	316	19.49	14.22	25.02	377.69	0	66.96	3.75
2018	317	20.39	14.1	26.93	415.72	0	61.09	3.56
2018	318	20.68	12.65	27.66	399.72	0	62.59	3.36
2018	319	19.15	15.92	25.36	227.87	0.1	78.9	3.17
2018	320	20.25	14.31	26.69	398.8	0	66.78	3.24
2018	321	19.77	14.5	25.3	369.3	20.5	73.33	4.07
2018	322	19.19	15.69	23.1	335.81	16.58	81.78	4.08
2018	323	18.36	15.97	23.18	250.84	20.7	83.38	3.5
2018	324	19.18	15.47	24.07	315.27	0	77.21	3.68
2018	325	19.53	14.45	24.87	413.16	0	68.12	4.36
2018	326	18.93	15.54	23.66	343.05	0	74.51	3.78
2018	327	18.58	15.5	23.29	404.82	4.49	80.91	4.62
2018	328	17.72	14.97	22.08	340.87	32.53	89.04	4.4
2018	329	18.73	14.89	23.52	389.35	1.02	80.39	3.85
2018	330	19.07	15.64	23.53	362.12	0	78.39	4.38
2018	331	18.22	15.77	22.2	346.84	12.3	85.63	4.48
2018	332	18.6	15.89	22.8	381.4	2.4	79.28	5.25
2018	333	17.46	15.31	21.46	315.23	2.8	87.59	4.08
2018	334	18.07	14.47	22.93	345.04	0	83.59	2.74
2018	335	18.74	15.35	23.64	417.43	0	84.58	3.58
2018	336	18.14	15.39	23.18	365.68	14.9	85.89	3.2
2018	337	18.33	15.75	23.16	377.03	18.1	88.06	3.16
2018	338	19.59	15.82	24.58	449.29	1.9	80.81	2.91
2018	339	19.61	16.37	24.04	461.93	0	81.12	3.62
2018	340	17.98	14.3	22.32	318.92	29.6	83.84	2.47
2018	341	19.39	16.28	23.75	435.35	0.6	79.97	3.01
2018	342	18.07	15.6	22.15	245.69	2.8	87.7	2.04
2018	343	17.23	14.44	21.16	260.87	23.49	89.71	2.48
2018	344	19.3	14.58	24.57	413.87	0	80.65	3.09
2018	345	18.55	14.4	22.86	405.65	2.9	84.89	3.23
2018	346	18.48	15.39	23.26	448.86	18.26	85.67	3.24
2018	347	17.68	15.29	22.32	353.04	24.7	88.68	3.41
2018	348	18.07	13.16	22.97	446.13	0.1	82.22	2.95
2018	349	18.6	14.25	23.53	472.09	0	77.31	3.08
2018	350	19.19	14.38	24.29	459.03	0	79.76	3.4
2018	351	19.19	16.48	23.37	278.22	1.3	81.68	3
2018	352	18.71	15.5	23.56	367.87	0	78.52	3.07
2018	353	18.15	13.4	23.73	344.3	0	74.92	2.83
2018	354	18.84	14.16	24.48	384.57	0	79.45	2.85
2018	355	19.04	14.56	24.14	457.5	0	78.56	3.66
2018	356	18.27	14.18	23.31	420.96	0	73.32	3.2
2018	357	18.4	13.73	23.94	399.99	0	76.34	3.43
2018	358	18.25	14.04	22.74	413.96	0	78.01	3.78
2018	359	18.44	15.12	23.32	403.55	0	79	4.14
2018	360	18.67	13.86	24.89	445.89	0	78.88	3.12
2018	361	19.29	14.46	25.22	444.74	0	77.72	3.29
2018	362	19.29	15.61	24.64	402.79	0.1	78.21	3.38
2018	363	18.67	14.93	23.53	404.13	0	78.74	4.01
2019	1	18.09	12.83	24.2	382.89	0	74.47	2.52
2019	2	18.99	12.82	24.75	430.36	0	68.57	2.36
2019	3	19.15	14.07	24.68	446.47	0	70.32	3.41
2019	4	17.56	14.63	22	297.77	7.7	88.16	3.74
2019	5	18.12	15.54	21.81	347.24	1.5	82.25	3.82
2019	6	18.85	14.89	24.31	454.24	0	75.08	3.45
2019	7	19.42	13.92	24.92	453.72	0	65.2	2.97
2019	8	16.29	15.98	16.77	340.3	0	74.2	0.7
2019	9	19.48	14.25	25.65	340.3	1.13	70	3.64
2019	10	21.88	18.88	24.35	417.75	0	54.67	4.22
2019	11	19.72	15.9	24.62	360.29	0.2	71.13	4.04
2019	12	18.57	14.04	24.13	407.69	0	73.19	3.61
2019	13	15.86	15.86	15.86	340.3	0	65.21	0.53
2019	14	19.48	14.25	25.65	340.3	1.13	70	3.64
2019	15	19.48	14.25	25.65	340.3	1.13	70	3.64
2019	16	19.48	14.25	25.65	340.3	1.13	70	3.64
2019	17	19.48	14.25	25.65	340.3	1.13	70	3.64
2019	18	19.48	14.25	25.65	340.3	1.13	70	3.64
2019	19	19.48	14.25	25.65	340.3	1.13	70	3.64
2019	20	19.48	14.25	25.65	340.3	1.13	70	3.64
2019	21	19.48	14.25	25.65	340.3	1.13	70	3.64
2019	22	19.48	14.25	25.65	340.3	1.13	70	3.64
2019	23	19.48	14.25	25.65	340.3	1.13	70	3.64
2019	24	19.48	14.25	25.65	340.3	1.13	70	3.64
2019	25	19.48	14.25	25.65	340.3	1.13	70	3.64
2019	26	19.48	14.25	25.65	340.3	1.13	70	3.64
2019	27	19.48	14.25	25.65	340.3	1.13	70	3.64
2019	28	19.48	14.25	25.65	340.3	1.13	70	3.64
2019	29	19.48	14.25	25.65	340.3	1.13	70	3.64
2019	30	19.48	14.25	25.65	340.3	1.13	70	3.64
2019	31	19.48	14.25	25.65	340.3	1.13	70	3.64
2019	32	22.63	17.96	26.57	452.51	0	49.13	4.55
2019	33	20.53	12.89	28.07	425.11	0	61.74	3.52
2019	34	16.58	13.78	23.03	179.79	0	58.84	1.5
2019	35	19.48	14.25	25.65	340.3	1.13	70	3.64
2019	36	19.48	14.25	25.65	340.3	1.13	70	3.64
2019	37	19.48	14.25	25.65	340.3	1.13	70	3.64
2019	38	19.48	14.25	25.65	340.3	1.13	70	3.64
2019	39	19.48	14.25	25.65	340.3	1.13	70	3.64
2019	40	19.48	14.25	25.65	340.3	1.13	70	3.64
2019	41	21.52	16.9	25.44	433.52	0	57.22	6.26
2019	42	20.07	13.71	27.33	423.16	0	63.73	4.1
2019	43	19.55	13.42	26.11	421.27	0	60.44	4.23
2019	44	19.03	13.44	26.08	421.52	0	61.81	4.21
2019	45	19.58	14.34	25.68	391.37	0	63.52	4.05
2019	46	21.04	14.82	27.39	401.35	0	64.48	4
2019	47	21.28	17.33	26.89	330.92	0	65.75	4.66
2019	48	21.53	16.73	26.84	361.47	0	66.93	3.86
2019	49	21.98	14.02	29.49	419.62	0	63.03	2.99
2019	50	21.96	15.24	29.6	395.61	0	61.43	3.2
2019	51	21.36	16.15	27.52	433.98	0	61.93	4.38
2019	52	20.45	16.33	25.87	403.07	3.7	71.35	4.85
2019	53	20.39	15.57	26.48	422.97	0	67.64	4.35
2019	54	20.63	15.6	27.71	372.27	0.6	70.96	3.84
2019	55	20.4	15.79	27.76	330.13	0	69.18	2.87
2019	56	21.19	15.91	27.88	392.57	1.7	64.79	3.19
2019	57	21.65	14.89	28.85	446.15	0	57.55	4.68
2019	58	21.04	13.94	27.47	429.46	0	53.54	3.8
2019	59	21.37	13.54	28.47	438.6	0	48.81	4.02
2019	60	22.64	13.59	30.69	430.31	0	57.37	3.24
2019	61	22.72	15.86	29.74	204.26	0	46.12	2.17
2019	62	22.98	16.43	30.63	381	0.6	51.2	3.07
2019	63	21.09	15.58	27.9	348.69	5.1	64.29	2.4
2019	64	20.78	15.75	26.9	444.39	21.9	68.4	3.24
2019	65	21.63	14.55	28.62	484.64	0	52.13	3.2
2019	66	22.19	15.63	29.16	470.57	0	49.94	3.5
2019	67	22.11	14.65	28.63	479.44	0	50.07	3.37
2019	68	21.25	15.03	27.9	451.69	0	55.81	4.06
2019	69	21.17	15.11	27.8	457.54	0	57.38	4.49
2019	70	20.9	13.91	27.46	425.21	0	57.63	4.12
2019	71	21.6	14.71	29	427.74	0	58.99	3.95
2019	72	21.42	14.9	28.32	412.15	0	58.15	4.84
2019	73	19.82	15.38	25.89	417.68	0	66.55	4.49
2019	74	20.6	14.82	26.72	453.15	0	63.32	4.25
2019	75	20.71	15.08	26.86	386.27	0	64.34	3.51
2019	76	20.72	14.79	28.05	510.68	0	62.7	3.2
2019	77	19.05	15.05	24.35	352.06	2.88	79.66	3.47
2019	78	19.05	15.05	24.35	352.06	2.88	79.66	3.47
2019	79	19.05	15.05	24.35	352.06	2.88	79.66	3.47
2019	80	19.05	15.05	24.35	352.06	2.88	79.66	3.47
2019	81	19.05	15.05	24.35	352.06	2.88	79.66	3.47
2019	82	23.62	18.95	27.31	440.02	0	47.82	5.01
2019	83	21.34	16.18	27.52	370.37	0	59.38	3.57
2019	84	21.87	14.94	29.24	400.42	0	60.78	2.82
2019	85	22.6	15.76	30.18	397.29	0	58.62	3.26
2019	86	22.12	16.25	28.07	379.65	0	56.18	3.97
2019	87	21.24	15.86	27.26	375.7	0	61.95	4.08
2019	88	22.06	16.53	28.38	350.25	0	61.14	3.71
2019	89	22.1	16.45	27.58	336.73	4.7	60.59	4.24
2019	90	22	15.7	28.75	397.86	0.1	63.65	3.99
2019	91	21.96	16.23	28.24	386.57	0	62.99	4.3
2019	92	22.16	16.71	28.48	387.74	0	59.3	3.6
2019	93	22.42	16.14	28.6	405.31	0	61.19	3.63
2019	94	21.67	16.93	27.45	348.15	0	69.39	4.41
2019	95	21.3	16.46	26.72	311.94	0	66.75	4.75
2019	96	21.26	15.94	27.21	340.13	0	63.66	5.05
2019	97	21.54	16.3	27.53	380.67	0	61.17	4.16
2019	98	22.08	15.12	29.02	433.56	0	54.36	2.93
2019	99	18.68	17.78	19.79	352.06	0	81.59	3.01
2019	100	19.05	15.05	24.35	352.06	2.88	79.66	3.47
2019	101	19.05	15.05	24.35	352.06	2.88	79.66	3.47
2019	102	19.05	15.05	24.35	352.06	2.88	79.66	3.47
2019	103	19.05	15.05	24.35	352.06	2.88	79.66	3.47
2019	104	19.05	15.05	24.35	352.06	2.88	79.66	3.47
2019	105	19.05	15.05	24.35	352.06	2.88	79.66	3.47
2019	106	19.05	15.05	24.35	352.06	2.88	79.66	3.47
2019	107	24.38	20.09	28.4	255.72	0	36.04	4.38
2019	108	22.11	15.59	28.47	305.38	0	56.36	3.53
2019	109	22.12	16.34	28.11	304.27	0	62.42	4.07
2019	110	22.54	16.67	28.87	267.05	0	64.08	3.2
2019	111	21.69	16.65	28.78	256.67	0.9	68.84	3.25
2019	112	20.99	16.4	26.62	254.24	7.4	73.39	2.25
2019	113	19.96	17.53	24.4	159.98	6.5	81.76	2.64
2019	114	19.86	15.88	26.74	351.42	29	80.44	3.06
2019	115	20	17.28	24.69	191.9	0	86.34	2.81
2019	116	20.13	16.78	24.42	372.53	11.2	84.5	3.26
2019	117	19.93	15.21	25.02	334.21	19.71	79.93	2.09
2019	118	20.52	16.44	26.21	440.95	0	78.88	3.03
2019	119	20.56	16.43	25.09	391.88	0.8	78.61	3.64
2019	120	19.64	16.1	24.67	352.33	1.2	81	3.77
2019	121	20.02	16.1	25.73	430.25	0	72.89	3.09
2019	122	20.34	15.33	26.28	422.02	0	70.87	2.83
2019	123	20.26	16.68	24.94	313.68	0	76.48	3.29
2019	124	19.65	16.25	23.98	281.23	0	78.47	3.68
2019	125	19.99	16.26	25.28	320.52	0	76.96	3.52
2019	126	19.81	16.16	24.77	372.3	1.6	78.42	3.23
2019	127	19.74	15.95	25.12	353.41	0	78.01	3.69
2019	128	20.2	16.09	24.85	349.12	0	73.44	3.74
2019	129	19.66	15.22	24.5	308.71	0	75.38	2.91
2019	130	19.63	16.08	24.92	271.54	0	78.38	3.91
2019	131	19.5	15.7	24.83	311.76	0	75.69	4.25
2019	132	19.38	16.02	24.63	289.69	0.2	78.13	3.47
2019	133	19.59	14.75	24.37	277.79	0	77.66	3.7
2019	134	19.57	15.62	24.86	304.15	0	76.46	3.84
2019	135	20.15	15.52	25.83	358.4	0	74.15	3.32
2019	136	19.67	14.88	24.33	277.47	0	73.07	3.4
2019	137	19.62	14.87	24.8	263.57	0	73.52	3.73
2019	138	18.57	16.31	22.29	268.17	10.7	86.36	3.82
2019	139	17.69	15.03	20.46	200.98	0	82.94	3.18
2019	140	18.5	14.18	22.36	264.59	0	78.94	3.24
2019	141	18.89	14.07	24.23	320	0	75.2	3.24
2019	142	18.84	14.79	24.05	226.1	0	78.11	2.92
2019	143	18.54	15.49	22.67	282.26	0	82.81	3.52
2019	144	18.02	14.76	23.12	340.41	0	81.13	3.47
2019	145	17.95	15.73	21.96	233.68	0	84.72	3.29
2019	146	17.69	15.52	21.09	211.7	3	86.23	3.73
2019	147	18.18	15.76	22.11	251.02	0	77.9	3.29
2019	148	17.93	14.36	21.84	201.51	0	74.91	3.28
2019	149	18.45	15.47	22.57	259.82	0	75.9	2.95
2019	150	18.98	13.86	24.03	343.84	0	73.66	2.7
2019	151	18.74	14.86	23.74	203.36	0	74.88	2.15
2019	152	19.36	15.9	26.37	332.48	0	77.99	2.23
2019	153	18.3	15.86	25.48	296.98	23.37	89.25	2.35
2019	154	18.79	15.86	23.39	319.46	0	84.46	2.3
2019	155	18.12	14.67	22.13	243.64	0	77.36	2.63
2019	156	16.84	15.01	19.19	118.16	0	85.53	2.48
2019	157	17.27	14.15	21.34	222.71	23.8	85.12	2.47
2019	158	17.88	14.75	21.6	247.63	0	79.37	2.59
2019	159	18.53	14.92	23.31	307.51	0	75.83	2.96
2019	160	16.81	15.65	18.91	88.11	0.6	86.39	2.65
2019	161	16.02	14.19	18.7	106.72	0	82.91	2.96
2019	162	17.12	13.54	20.82	212.6	0	73.4	2.15
2019	163	17.67	14.32	20.69	150.08	0	76.45	2.1
2019	164	18.31	14.85	22.75	260.22	0	74.44	3.21
2019	165	17.51	14.36	21.77	228.41	0	78.3	2.57
2019	166	16.85	13.84	20.65	210.67	0	78.98	2.68
2019	167	17.9	13.41	23.5	287.13	0	70.3	2.43
2019	168	17.89	11.91	23.72	354.22	0	62.31	2.58
2019	169	16.99	12.83	21.42	185.43	0	74.38	2.14
2019	170	18.41	13.15	24.45	306.49	0	72.78	2.26
2019	171	18.09	13.8	22.92	257.47	0	74.03	2.64
2019	172	16.28	13.91	18.74	115.72	0	83.88	2.71
2019	173	18.07	13.93	23.24	289.99	0	75.94	2.02
2019	174	18.56	14.17	25.27	347.62	0.2	73.58	2.13
2019	175	18.71	14.17	24.32	234.05	0	74.77	1.63
2019	176	17.19	13.19	20.82	171.41	0	80.87	2.9
2019	177	17.54	14.61	22.73	168.89	0	78.23	2.76
2019	178	17.66	13.55	22.06	171.55	0	76.36	2.67
2019	179	16.94	13.95	21.81	209.48	0	77.42	2.62
2019	180	17.74	11.85	24.73	376.87	0	69.58	2.71
2019	181	17.93	11.47	24.61	293.81	0	65.05	2.83
2019	182	18.81	13.31	24.6	355.33	0	67.47	2.76
2019	183	18.68	12.96	24.5	302.97	0	68.49	2.53
2019	184	17.95	14.3	21.36	151.54	0	71.87	2.93
2019	185	17.9	12.35	23.86	300.31	0	63.8	3.27
2019	186	18.42	12.86	24.56	303.34	0	65.3	2.6
2019	187	17.87	14.63	22.66	221.02	0	73.42	2.77
2019	188	17.85	13.7	23.31	210.01	0	71.68	2.82
2019	189	18.44	12.39	24.56	293.68	0	69.62	2.79
2019	190	18.78	12.94	24.98	334.15	0	67.49	2.76
2019	191	18.36	12.39	24.25	254.04	0	70.29	3.06
2019	192	18.57	13.6	23.86	284.97	0	69.55	3.52
2019	193	19.03	13.91	24.83	324.99	0	63.26	2.95
2019	194	17.2	12.31	22.17	167.08	0	71.7	2.55
2019	195	17.31	11.73	22.82	244.39	0	71.47	3.41
2019	196	17.34	12.64	22.77	219.16	0	68.75	3.22
2019	197	16.33	12.08	20.61	192.51	0	72.8	3
2019	198	16.31	13.61	20.22	152.09	0	75.54	3.85
2019	199	17.26	12.94	22.71	337.88	0.8	67.69	3.34
2019	200	17.01	13.63	21.97	248.29	0	73.15	3.52
2019	201	16.91	13.07	22.83	187.85	0	72.86	2.32
2019	202	18.76	11.56	25.88	320.47	0	65.03	2.6
2019	203	17.12	13.12	23.38	201.97	0	70.18	2.8
2019	204	17.71	10.84	25.25	331.39	0	59.23	2.73
2019	205	17.7	11.23	24.66	282.07	0	59.14	2.33
2019	206	18.25	11.51	25.81	356.65	0	58	2.63
2019	207	17.23	12.01	24.51	344.37	0	63.51	3.02
2019	208	16.37	10.47	23.42	277.17	0	65.21	2.9
2019	209	16.86	11.64	22.32	223.75	0	66.71	2.58
2019	210	17.92	12.38	22.83	252.05	0	66.47	2.69
2019	211	16.95	13.02	20.8	139.87	0	74.36	2.56
2019	212	17.85	14.64	22.22	137.04	5.5	75.51	2.75
2019	213	19.04	13.92	25.13	337.48	0	68.8	3.36
2019	214	17.43	11.77	23.22	242.46	0	76.73	3.23
2019	215	17.74	13.27	22.95	386.33	2.24	74.75	3.89
2019	216	17.64	11.11	24.33	401.78	0	64.31	3.26
2019	217	18.25	11.2	25.79	379.67	0	65.53	2.69
2019	218	19.24	10.89	27.05	347.98	0	61.35	2.68
2019	219	18.79	15.69	23.92	276.47	0	72.48	3.74
2019	220	18.2	13.84	23.44	336.18	0	70.43	3.61
2019	221	17.18	11.21	22.86	342.07	0	71.69	2.81
2019	222	17.02	11.51	22.78	255.15	0	64.48	3.01
2019	223	16.22	13.92	20.35	164.02	0	70.69	3.17
2019	224	16.57	11.91	22.01	293.3	0	67.33	2.97
2019	225	17.53	13.12	24.09	316.05	0	66.26	3.31
2019	226	16.61	13.48	20.82	164.39	0	70.68	3.34
2019	227	16.27	10.48	21.53	198.76	0	64.55	3.86
2019	228	16.83	13.06	20.04	168.04	0	64.35	3.56
2019	229	16.87	10.76	21.79	204.02	0	66.23	2.8
2019	230	17.39	13.13	22.2	215.61	0	71.74	3.13
2019	231	15.55	12.98	18.9	115.76	0	77.83	2.72
2019	232	16.64	11.71	22.91	232.34	0	67.66	3.02
2019	233	17.54	12.73	23.05	279.89	0	67.03	3.54
2019	234	17.88	13.19	23.81	243.37	0	68.05	2.83
2019	235	19.08	14.36	25.12	376.06	0	61.53	3.68
2019	236	18.18	14.07	24.02	265.79	0	73.07	3.94
2019	237	18.12	13.09	23.77	366.24	0.6	67.64	4.38
2019	238	18.7	13.64	24.5	369.56	0	62.93	4.55
2019	239	18.86	14.11	24.05	221.6	0	65.54	2.89
2019	240	18.44	11.76	25.4	331.85	0	67.02	3.02
2019	241	18.78	13.52	23.91	229.72	0	68.75	3.05
2019	242	18.13	14.9	22.54	205.69	0	75.25	3.71
2019	243	18.5	14.33	25.01	216.46	10.8	74.84	2.55
2019	244	17.97	14.87	27.12	390.47	31.2	83.01	1.87
2019	245	17.39	13.12	22.63	341.16	0	84.31	2.91
2019	246	17.63	14.82	22.54	195.14	0	75.01	3.35
2019	247	17.57	12.92	22.5	256.83	0	72.48	3
2019	248	17.44	13.29	22.02	196.91	0	72.29	3.13
2019	249	18.52	12.92	24.57	367.69	0	71.07	2.82
2019	250	17.65	15.03	22.1	185.51	0	71.6	3.59
2019	251	16.47	12.95	20.12	156.38	0	73.57	3.41
2019	252	18.15	12.92	23.88	299.37	0	65.24	3.33
2019	253	18	14.77	23.35	211	0.2	78.48	3.9
2019	254	18.26	14.4	23.63	293.75	0.31	73.97	3.27
2019	255	18.97	13.41	24.95	380.47	0	68.89	2.93
2019	256	18.79	12.07	25.68	386.65	0	69.8	3.22
2019	257	19.18	12.88	26.26	395.15	0	68.56	3.31
2019	258	19.37	14.21	26.28	373.74	0	67.03	3.35
2019	259	18.66	13.12	24.72	387.26	0	64.2	3.16
2019	260	18.6	11.74	25.31	380.36	0	61.99	3.93
2019	261	19.36	12.84	26.39	307.46	0	59.42	3.08
2019	262	18.32	11.52	25.06	421.34	0	52.94	4.31
2019	263	18.3	10.69	24.81	376.58	0	60.61	3.88
2019	264	18.68	11.87	25.46	344.21	0	63.13	3.35
2019	265	18.64	12.03	25.7	391.02	0	62.58	3.74
2019	266	18.72	12.85	25.54	329.79	0	66.4	3.3
2019	267	18.01	14.36	22.41	252.72	0	74.25	3.1
2019	268	15.53	13.33	20.49	214.45	0	85.5	2.54
2019	269	18.66	14.2	25.9	340.3	0	70	3.64
2019	270	18.91	14.87	23.32	165.82	0	67.93	3.77
2019	271	19.98	13.26	26.78	380.22	0	63.57	3.52
2019	272	19.86	12.87	27.43	399.6	0	62.49	3.36
2019	273	20.83	13.8	27.98	385.93	0	62.75	3.4
2019	274	19.33	15.2	26.67	285.42	2.5	74.41	3.95
2019	275	18.41	13.74	24.03	310.27	0	79.64	3.65
2019	276	19.55	15.95	25.07	329.85	0	71.22	4.24
2019	277	18.79	14.17	23.39	345.47	0	67.92	4.5
2019	278	18.25	14.72	23.56	200.92	0.41	80.45	3.56
2019	279	17.18	14.37	21.73	268.66	0	86.17	4.67
2019	280	18.49	13.03	23.96	424.08	0	64.43	3.57
2019	281	19.44	12.55	25.73	450.27	0	63.76	3.52
2019	282	19.36	16.02	24.8	352.41	3.8	77.92	3.6
2019	283	17.87	14.14	23.07	293.4	0.3	86.98	3.64
2019	284	17.84	15.21	22.08	255.47	0	87.43	4.69
2019	285	17.5	15.04	21.4	355.59	0	86.89	4.23
2019	286	17.52	15.22	21.51	315.38	0	89.59	3.58
2019	287	17.79	15.13	21.2	254.73	0	84.05	3.4
2019	288	19	15.35	23.62	404.73	0	77.1	3.58
2019	289	19.22	14.01	25.17	462.02	0	72.89	3.08
2019	290	17.64	15.63	20.59	263.21	55.1	88.97	2.97
2019	291	17.36	15.41	20.65	217.49	7.9	90.78	3.07
2019	292	18.01	15.58	21.68	248.82	11.3	86.16	3.29
2019	293	18.97	15.34	23.73	467.04	0.41	79.78	3.38
2019	294	19.21	15.34	24.28	397.4	0	76.85	3.04
2019	295	19.52	14.68	25.01	394.09	0.9	76.23	2.59
2019	296	19.33	15.77	24.13	440.58	2.3	82.12	3.65
2019	297	18.17	15.07	22.69	329.4	24.9	87.77	3.04
2019	298	18.28	15.42	22.58	379.64	12.5	87.99	3.92
2019	299	18.51	15.63	22.27	444.31	4.2	85.89	4.22
2019	300	19.39	15.03	23.96	438.4	0.1	77.77	3.05
2019	301	19.24	15.72	24.01	431.63	0	80.67	2.63
2019	302	19.29	15.58	24.84	373.55	0	82.93	2.79
2019	303	18.53	15.56	23.05	341.59	2.86	82.61	2.61
2019	304	18.49	15.22	22.93	338.26	1.3	84.43	2.53
2019	305	18.4	14.89	23.32	445.5	0	79.37	2.62
2019	306	18.24	14.25	22.92	380.73	0	77.47	2.63
2019	307	18.16	13.89	24.39	430.84	0	78.55	2.93
2019	308	18.34	14.16	23.7	475.46	0	78.28	3.14
2019	309	18.66	14.52	23.76	434.75	0	75.8	2.51
2019	310	19.62	15.19	24.96	474.48	0	70.59	2.91
2019	311	19.44	16.05	24.72	379.46	0	79.47	3.25
2019	312	19.06	16.04	23.76	440.61	0	77.8	2.88
2019	313	18.92	13.93	23.98	402.85	0	75.97	2.82
2019	314	19.01	15.81	23.62	364.35	0	81.64	3.13
2019	315	19.14	15.98	23.86	397.21	0	81.13	3.74
2019	316	18.77	16.06	22.7	346.47	0	83.55	3.3
2019	317	18.1	15.58	22.25	284.53	0	88.77	3.58
2019	318	17.96	15.52	22.28	325.46	0	89.88	4.06
2019	319	16.53	16.53	16.53	352.06	0	98.55	1.86
2019	320	19.81	16.03	23.91	467.3	0	75.82	4.96
2019	321	19.01	14.29	24.06	435.7	0	78.11	3.87
2019	322	19.26	15.26	24.25	427.68	0	78.29	3.84
2019	323	19.23	15.86	24	393.95	0	82.32	3.81
2019	324	18.87	15.26	24.86	438.37	0	82.85	2.83
2019	325	19.87	16.63	24.89	393.4	0	83.27	2.3
2019	326	19.69	15.39	24.42	497.32	0	84.57	3.16
2019	327	17.72	15.47	20.76	252.33	0	92.78	2.14
2019	328	18.25	14.93	23.51	294.83	0	86.96	2.46
2019	329	17.47	15.09	22.91	333.9	0	88.54	2.04
2019	330	17.73	15.01	21.99	324.17	0	85.56	2.75
2019	331	18.95	15.62	23.39	467.25	0	77.08	4.2
2019	332	18.36	14.34	23.18	448.16	0	81.9	3.43
2019	333	18.62	14.36	24.03	347.61	0	85.16	2.29
2019	334	18.09	15.94	22.55	269.29	0	92.68	2.77
2019	335	18.03	15.75	22.07	417.38	0	91.16	3.99
2019	336	18.18	15.73	22.36	251.09	0	91.11	2.39
2019	337	18.5	15.93	23.08	319.46	0.7	89.54	2.97
2019	338	19.32	15.67	24.27	409.59	1.9	83.96	1.99
2019	339	18.13	15.01	22.24	241.34	0	91.09	1.66
2019	340	18.97	15.28	23.36	370.43	0	86.6	2.57
2019	341	18.55	16.05	21.78	211.11	0	90.11	2.63
2019	342	18.45	14.91	23.41	298.76	0	87.73	1.99
2019	343	18.62	16.07	23.39	243.02	0	89.38	2.39
2019	344	17.65	16.34	20.49	253.04	0	94.14	2.82
2019	345	18.11	15.52	22.71	389.31	0	88.68	3.13
2019	346	18.21	14.16	23.7	467.72	0	87.58	2.92
2019	347	18.85	14.95	23.97	481.55	0	83.65	3.06
2019	348	18.15	14.92	22.63	367.68	3.7	88.18	3.24
2019	349	18.22	15.09	22.95	315.58	5.1	87.88	2.78
2019	350	18.74	15.02	23.64	421.85	0.6	82.45	2.53
2019	351	18.58	15.31	23.33	332.73	0	84.36	3.02
2019	352	19.04	15.82	23.61	448.48	0	79.9	3.86
2019	353	18.14	13.6	23.35	462	0	71.32	3.39
2019	354	18.52	13.56	23.94	454.48	0	73.44	3.59
2019	355	18.38	14.96	23.58	296.2	3.1	86	2.88
2019	356	18.21	15.16	22.45	310.19	0	88.48	3.08
2019	357	18.85	15.22	23.57	404.09	7.2	86.19	3.41
2019	358	19.06	15.76	22.86	280.38	0.1	87.02	2.77
2019	359	19.35	15.19	23.96	392.78	5.1	84.99	3.02
2019	360	18.84	14.18	24.07	409.3	14.3	86.76	1.86
2019	361	20.03	16.84	25.15	378.52	36.7	85.95	2.39
2019	362	19.24	16.7	24.57	354.09	16.4	87.63	2.31
2019	363	19.78	17.05	23.96	355.18	0.2	83.63	3.31
2019	364	18.69	14.02	23.16	439.38	0	80.33	3.4
2019	365	18.53	14.56	23.5	428.51	0	81.11	2.92
2020	1	18.87	14.27	24.06	469.53	0	74.59	3.44
2020	2	18.6	15.09	24.2	445.12	0	80.34	3.62
2020	3	18.87	14.79	23.39	376.67	0.01	82.55	3.54
2020	4	18.35	14.91	22.96	394.63	0	83.63	3.12
2020	5	19.06	13.76	24.8	461.12	0	81.45	2.54
2020	6	19.73	16.04	25.18	427.26	0.11	84.37	2.81
2020	7	18.65	16.18	22.58	324.78	0.04	91.03	3.28
2020	8	17.85	15.51	21.77	286.96	0.12	90.8	3.25
2020	9	18.29	14.92	23.68	342.42	0.03	88.79	2.24
2020	10	19.33	15.43	25.04	406.3	0	85.99	2.2
2020	11	19.79	14.86	25.57	437.53	0	80.38	2.34
2020	12	19.92	15.97	26.22	491.23	0	80.78	1.73
2020	13	18.14	15.62	23.12	290.94	0.17	88.77	2.44
2020	14	19.17	15.59	23.34	401.38	0	86.09	3.33
2020	15	19.66	16.05	24.3	473.97	0	83.27	3.51
2020	16	19.26	15.72	23.54	355.04	0	85.15	3.54
2020	17	19.23	15.23	24.32	329.11	0	83.04	2.27
2020	18	19.7	15.63	25.21	479.84	0	81.78	2.11
2020	19	19.62	14.57	25.27	393.97	0	80.69	2.26
2020	20	19.77	14.66	25.74	458.69	0	79.65	1.91
2020	21	19.97	15.24	25.14	396.49	0	78.3	2.32
2020	22	19.73	16.27	23.65	330.99	0	77.14	2.67
2020	23	19.23	16.72	23.31	318.2	0	84.43	2.99
2020	24	18.93	16.77	22.39	210.71	0	85.08	2.21
2020	25	18.92	16.13	23.47	296.29	0	85.7	2.98
2020	26	18.22	16.01	21.8	276.24	0.17	90.6	3.12
2020	27	18.12	15.76	21.76	282.48	0.03	91.29	3.29
2020	28	17.49	15.28	20.93	257.55	0.18	94.46	3.16
2020	29	18.97	15.65	23.87	461.04	0	87.57	2.66
2020	30	19.13	16.02	23.8	443.8	0	86.69	2.9
2020	31	19.57	15.45	24.69	377.76	0	83.39	2.45
2020	32	18.54	15.06	23.73	363.93	93.1	86.57	2.39
2020	33	18.6	15.45	24.21	355.74	0	83.69	1.95
2020	34	18.98	15.14	24.18	447.03	0	84.82	2.55
2020	35	19	14.47	24	419.05	0	82.6	3.19
2020	36	18.62	13.05	23.96	459.94	0	82.73	2.86
2020	37	18.63	14.81	24.55	487.28	0	78.14	2.56
2020	38	19.15	13.23	25.6	518.24	0	74.57	3.74
2020	39	18.71	14.71	24.32	444.89	0	79.52	4.27
2020	40	18.43	14.38	24	469.73	0	77.13	3.1
2020	41	18.83	12.55	25.98	494.42	0	69.59	1.91
2020	42	20	12.81	27.74	490.81	0	63.14	1.93
2020	43	20.25	13.96	26.15	472.93	0	74.53	2.54
2020	44	19.63	15.65	24.61	402.75	0	85.52	3.74
2020	45	19.28	16.14	24.18	465.96	0	82.05	4.55
2020	46	18.36	15.79	23.66	325.99	0	85.67	4
2020	47	18.19	15.73	22.67	312.79	0	87.6	2.98
2020	48	19.41	15.51	24.99	466.85	0	84.98	3.57
2020	49	19.31	14.86	24.59	494.15	0	82.85	3.33
2020	50	19.72	16.24	25.13	464.39	0	82.76	3.38
2020	51	20.29	14.47	26.54	495.54	0	77.59	2.37
2020	52	20.38	15.67	26.27	454.61	0	78.57	2.71
2020	53	19.54	15.71	25.24	329.88	16.55	85.46	3.15
2020	54	19.7	16.55	24.63	340.45	1.45	84.72	3.69
2020	55	19.7	16.31	25.16	464.48	0.01	75.53	3.45
2020	56	20.61	14.28	27.14	448.61	0	71.1	1.96
2020	57	20.28	16.85	26.37	402.66	0	82.91	2.65
2020	58	19.76	15.89	25.47	461.75	0	84.75	4.09
2020	59	20.01	16.43	25.48	435.3	0	79.09	3.74
2020	60	20.47	14.51	26.99	354.41	0	77.36	1.91
2020	61	20.14	15.93	27.25	291.59	0.03	82.27	1.91
2020	62	18.85	15.83	25.19	350.66	22.43	86.34	2.34
2020	63	20.49	16.49	25.46	399.28	0	80.69	2.56
2020	64	20.53	16.73	26.12	429.64	0	78.2	2.07
2020	65	19.8	15.12	27.37	437.93	0.74	71.16	2.66
2020	66	20.34	15.4	26.9	471.3	0	71.39	2.11
2020	67	20.39	15.21	27.03	448.57	0	74.56	2.74
2020	68	19.97	16.25	25.24	479.28	0	84.55	3.28
2020	69	19.9	16.92	25.4	317.32	0	86.11	2.38
2020	70	20.26	16.56	25.56	461.44	0	81.95	2.86
2020	71	20.07	15.98	25.99	432.07	0	83.54	3.19
2020	72	19.85	16.71	25.09	345.83	0	84.41	3.47
2020	73	20.18	16.54	25.71	404.12	0	81.96	3.35
2020	74	19.38	14.63	25.86	362.45	0.01	84.81	2.55
2020	75	20.48	16.06	26.94	455.22	0	80.57	1.86
2020	76	20.82	15.91	28.21	434.75	0	80.64	2.48
2020	77	20.26	17.18	25.81	418.44	0	84.32	3.24
2020	78	20.14	16.06	25.72	407.62	0	79.29	3.9
2020	79	19.34	15.33	25.4	387.04	0.03	82.46	3.42
2020	80	19.81	15.53	26.22	434.78	0	80.98	3.58
2020	81	19.51	15.85	25.09	505.42	0.03	77.75	3.6
2020	82	19.57	15.35	25.1	462.21	0	71.66	3
2020	83	20.05	14.28	26.85	455.02	0	74.46	2.73
2020	84	20.23	15.97	26.7	343.99	0	78.23	2.9
2020	85	20.5	16.36	26.2	315.29	0	75.22	2.45
2020	86	19.99	15.44	26.75	286.62	0.32	79.71	2.15
2020	87	18.78	15.75	24.97	319.5	0.04	85.33	2.28
2020	88	19.73	16.34	24.86	271.81	0	83.48	1.73
2020	89	18.97	14.05	25.29	437.57	0.23	80.71	2.58
2020	90	19.92	15.37	25.89	437.07	0	83.69	2.41
2020	91	20.24	17.01	24.89	430.22	0	82.76	3.56
2020	92	20.12	15.33	25.56	438.76	0	80.8	3.01
2020	93	19.28	14.25	25	392.3	0	86.45	2.36
2020	94	19.62	16.52	24.58	426.88	0	80.14	3.12
2020	95	19.49	15.39	24.53	451.49	0	81.25	3.32
2020	96	19.65	15.37	25.35	410.32	0	81.23	3.1
2020	97	19.59	16.05	25.32	408.02	0	84.33	3.26
2020	98	19.49	17.26	23.81	305.61	0	88.05	3.06
2020	99	19.88	16.1	24.92	484.47	0	80.13	3.26
2020	100	19.44	14.56	25.31	375.02	0	80.7	2.8
2020	101	19.82	15.71	24.83	439.62	0	77.38	2.85
2020	102	19.84	14.45	26.31	431.69	0	75.81	2.41
2020	103	19.71	13.39	26.15	350.85	0	77.89	2.02
2020	104	19.84	16.24	24.76	232.22	0	84.55	2.57
2020	105	19.66	15.75	26.32	253.77	0	82.14	2.19
2020	106	19.55	15.93	26.53	372.36	0.1	82.98	1.93
2020	107	19.2	14.99	25.94	410.63	0	84.47	1.99
2020	108	19.35	14.96	25.09	119.55	0	82.13	2.62
2020	109	19.19	16.96	26	237.2	0.09	86.88	2.35
2020	110	18.53	15.63	22.94	280.19	0	86.82	3.94
2020	111	18.87	16.19	23.77	257.73	0.36	84.83	3.37
2020	112	18.71	15.45	24.2	345.28	2.18	86.2	2.25
2020	113	18.61	15.47	22.27	169.02	7.01	88.76	2.24
2020	114	16.82	15.37	19.12	134.64	191.91	93.55	3.25
2020	115	18.99	14.84	24.44	321.92	0	81.49	2.54
2020	116	18.38	14.91	22.32	271.42	11.13	86.28	2.2
2020	117	18.71	16.6	24.71	232.66	3.63	90.33	2.15
2020	118	18.41	13.85	22.36	306.33	0	81.5	2.38
2020	119	18.98	14.05	24.83	368.93	0	82.06	2.42
2020	120	19.31	16.56	23.75	221.08	0	84.85	2.63
2020	121	19.48	16.45	24.7	393.38	0	82.5	3.27
2020	122	18.96	15.79	24.42	357.86	0	83.76	2.97
2020	123	19	16.27	24.21	233.44	0	83.89	2.33
2020	124	19.32	16.45	24.31	306.17	0	81.93	2.53
2020	125	19.4	14.97	25	463.68	0	80.67	2.71
2020	126	19.36	15.02	24.46	348.49	0	82.07	2.66
2020	127	19.53	16.43	24.58	327.04	0	83.7	2.78
2020	128	18.48	16.11	21.77	197.42	0	84.01	3.33
2020	129	18.28	14.62	22.77	254.06	0	84.97	3.16
2020	130	17.98	16.38	21.01	226.79	0	86.53	1.65
2020	131	17.11	14	21.9	352.06	13.29	79.66	3.47
2020	132	17.64	13.5	23.5	352.06	0.14	79.66	3.47
2020	133	18.67	14.6	25	352.06	1	79.66	3.47
2020	134	19.32	13.8	27	352.06	0.17	79.66	3.47
2020	135	19.76	14.6	27.4	352.06	0.17	79.66	3.47
2020	136	18.73	15.6	24.5	352.06	3.37	79.66	3.47
2020	137	18.81	14.5	25	352.06	0.88	79.66	3.47
2020	138	17.78	13	24.8	352.06	0.05	79.66	3.47
2020	139	17.53	12.1	24.1	352.06	0.07	79.66	3.47
2020	140	18.63	11.6	26.2	352.06	0.1	79.66	3.47
2020	141	18.31	14.4	24.8	352.06	0.02	79.66	3.47
2020	142	18.25	14.9	22.5	352.06	0	79.66	3.47
2020	143	17.73	12.5	24	352.06	0	79.66	3.47
2020	144	16.95	11.4	22.9	352.06	0.09	79.66	3.47
2020	145	17.41	13.1	23.7	352.06	0.09	79.66	3.47
2020	146	18.23	13.4	25.4	352.06	0.14	79.66	3.47
2020	147	18.99	14.6	25.7	352.06	0.09	79.66	3.47
2020	148	19.33	13.9	26.7	352.06	0.05	79.66	3.47
2020	149	19.34	15.4	26	352.06	0	79.66	3.47
2020	150	18.43	12.4	25	352.06	0.07	79.66	3.47
2020	151	17.38	10.4	25.1	352.06	0.1	79.66	3.47
2020	152	17.52	10.5	25.2	352.06	0.14	79.66	3.47
2020	153	18.01	12.7	24.8	340.3	0.05	70	3.64
2020	154	17.67	11.5	24.7	340.3	0.12	70	3.64
2020	155	16.91	11.2	23.5	340.3	0.12	70	3.64
2020	156	18.04	11.9	24.9	340.3	0.09	70	3.64
2020	157	17.89	10.5	26	340.3	0	70	3.64
2020	158	18.38	11.4	26.4	340.3	0.09	70	3.64
2020	159	18.68	13.4	25	340.3	0.02	70	3.64
2020	160	16.6	12.9	20	340.3	0	70	3.64
2020	161	17.88	13.2	24.5	340.3	6.6	70	3.64
2020	162	16.03	13.1	21	340.3	5.22	70	3.64
2020	163	17.69	12.6	24.7	340.3	0.15	70	3.64
2020	164	17.53	14.2	24.2	340.3	3.45	70	3.64
2020	165	17.29	14.1	22.7	340.3	1.07	70	3.64
2020	166	16.61	14.4	21.3	340.3	0.03	70	3.64
2020	167	16.16	13.1	19.3	340.3	0	70	3.64
2020	168	15.81	12.9	19.6	340.3	0.07	70	3.64
2020	169	16.65	12.5	22.4	340.3	0	70	3.64
2020	170	16.12	10.8	22	340.3	0	70	3.64
2020	171	17.24	10.1	23.7	340.3	0.09	70	3.64
2020	172	18.07	12.7	25.7	340.3	2.38	70	3.64
2020	173	17.93	11.4	25	340.3	0	70	3.64
2020	174	18.05	12.9	24.6	340.3	0.05	70	3.64
2020	175	17.83	12.9	24.1	340.3	0	70	3.64
2020	176	17.63	12.4	24.9	340.3	0.02	70	3.64
2020	177	16.65	10.6	24.5	340.3	0.05	70	3.64
2020	178	16.87	10.7	24.1	340.3	0.1	70	3.64
2020	179	17.99	13.9	24.7	340.3	0	70	3.64
2020	180	17.98	12.4	25.8	340.3	0.05	70	3.64
2020	181	17.27	10.3	24.7	340.3	0.14	70	3.64
2020	182	16.95	8.1	24.9	340.3	0.07	70	3.64
2020	183	15.82	10.1	22.8	340.3	0.12	70	3.64
2020	184	16.47	12.3	21.9	340.3	0	70	3.64
2020	185	16.19	10.4	22.8	340.3	0	70	3.64
2020	186	16.79	9.5	24.5	340.3	0.09	70	3.64
2020	187	16.49	13	21.5	340.3	0	70	3.64
2020	188	17.27	12.7	23.1	340.3	0	70	3.64
2020	189	16.63	12	22.5	340.3	0	70	3.64
2020	190	17.45	13	22.5	340.3	0	70	3.64
2020	191	17.12	11.2	24.5	340.3	0.14	70	3.64
2020	192	15.26	10.4	22.2	340.3	0.03	70	3.64
2020	193	15.9	8.3	23.9	340.3	0.17	70	3.64
2020	194	17.9	11	26.2	340.3	0.07	70	3.64
2020	195	17.47	10.9	22.9	340.3	0	70	3.64
2020	196	17.08	11.8	23.4	340.3	0	70	3.64
2020	197	16.79	12.3	21.9	340.3	0	70	3.64
2020	198	16.39	12.4	22	340.3	0	70	3.64
2020	199	15.51	9.8	21.5	340.3	0	70	3.64
2020	200	15.09	10.6	19.8	340.3	0	70	3.64
2020	201	15.89	10.1	22.3	340.3	0	70	3.64
2020	202	15.51	10.5	19.3	340.3	0.02	70	3.64
2020	203	17.02	11	23	340.3	0	70	3.64
2020	204	17.17	12	23.5	340.3	0	70	3.64
2020	205	17.09	13.1	25.6	340.3	0	70	3.64
2020	206	16.22	11.5	22.9	340.3	0	70	3.64
2020	207	16.86	11	24.4	340.3	0	70	3.64
2020	208	16.46	11.1	23.5	340.3	0	70	3.64
2020	209	16.95	12.2	22.1	340.3	0.02	70	3.64
2020	210	16.65	13	21.1	340.3	0	70	3.64
2020	211	17.73	12.1	25.7	340.3	0	70	3.64
2020	212	16.49	10.3	24.4	340.3	0.02	70	3.64
2020	213	16.84	10.6	24.9	340.3	0.12	70	3.64
2020	214	17.63	10.9	25.7	340.3	0	70	3.64
2020	215	15.27	8.6	23.1	340.3	0.07	70	3.64
2020	216	16.11	9.8	24	340.3	0.09	70	3.64
2020	217	17.17	9.7	25.3	340.3	0.09	70	3.64
2020	218	16.49	10	23.1	340.3	0.09	70	3.64
2020	219	17.63	9.9	27.2	340.3	0.1	70	3.64
2020	220	18.45	11	28.2	340.3	0.07	70	3.64
2020	221	17.29	10.5	25.1	340.3	0.03	70	3.64
2020	222	16.83	11.2	24.4	340.3	0	70	3.64
2020	223	17.47	11.2	26.4	340.3	0.03	70	3.64
2020	224	17.99	10.9	27.8	340.3	1.43	70	3.64
2020	225	16.61	13.4	23.2	340.3	0.03	70	3.64
2020	226	17.72	13.7	24	340.3	0.05	70	3.64
2020	227	18.22	12.9	24.3	340.3	0	70	3.64
2020	228	18.1	11.5	27.1	340.3	0	70	3.64
2020	229	16.4	12.2	23.6	340.3	0	70	3.64
2020	230	16.84	12.3	23.5	340.3	0.15	70	3.64
2020	231	18.14	11.4	25.6	340.3	0.09	70	3.64
2020	232	17.11	13.9	21.6	340.3	0	70	3.64
2020	233	18.2	13.7	25.9	340.3	0	70	3.64
2020	234	17.26	12.6	21.9	340.3	0	70	3.64
2020	235	16.23	13.3	20.4	340.3	0	70	3.64
2020	236	16.8	13.7	22.4	340.3	0	70	3.64
2020	237	16.42	13.5	22.2	340.3	0.07	70	3.64
2020	238	18.34	13.2	25.4	340.3	0	70	3.64
2020	239	18.57	14.3	26.6	340.3	0	70	3.64
2020	240	17.21	11.4	24.1	340.3	0.05	70	3.64
2020	241	18.13	12	26.2	340.3	0.05	70	3.64
2020	242	18.13	11.9	26.9	340.3	0	70	3.64
2020	243	18.66	9.7	28.4	340.3	0.12	70	3.64
2020	244	18.78	10.6	27.8	340.3	0.02	70	3.64
2020	245	18.23	12.7	26.8	340.3	0	70	3.64
2020	246	17.82	10.7	25.9	340.3	0	70	3.64
2020	247	17.33	11.3	24.1	340.3	0	70	3.64
2020	248	17.52	9.9	26.2	340.3	1.12	70	3.64
2020	249	17.07	13.6	23.3	340.3	0.66	70	3.64
2020	250	15.66	14.3	18.1	340.3	0.07	70	3.64
2020	251	14.92	13.5	17.3	340.3	2.06	70	3.64
2020	252	15.62	11.5	20	340.3	0	70	3.64
2020	253	16.3	10.3	23.5	340.3	0	70	3.64
2020	254	17.32	10.3	23	340.3	0	70	3.64
2020	255	17.29	12.2	23.8	340.3	0	70	3.64
2020	256	17.77	11.3	25.4	340.3	0.07	70	3.64
2020	257	19.04	9.9	26.9	340.3	0	70	3.64
2020	258	18.49	10.6	26.6	340.3	0.1	70	3.64
2020	259	18.8	12.6	27.2	340.3	0	70	3.64
2020	260	20.08	11	29.8	340.3	0.15	70	3.64
2020	261	18.57	11.1	28.5	340.3	0.1	70	3.64
2020	262	18.86	13.8	26.3	340.3	0.05	70	3.64
2020	263	18.06	12	24.6	340.3	0.03	70	3.64
2020	264	16.84	12.8	22.3	340.3	0.02	70	3.64
2020	265	18.46	12	27.1	340.3	0.12	70	3.64
2020	266	18.93	11.7	28.2	340.3	0.05	70	3.64
2020	267	19.49	11.2	27.9	340.3	0	70	3.64
2020	268	18.09	14.7	24.2	340.3	0.02	70	3.64
2020	269	18.85	14.7	25.5	340.3	0	70	3.64
2020	270	17.91	13.1	26.9	340.3	22.44	70	3.64
2020	271	19.57	13.9	28.9	340.3	0.02	70	3.64
2020	272	19.32	13.6	26.8	340.3	0.05	70	3.64
2020	273	19.93	12.7	29	340.3	0.14	70	3.64
2020	274	19.31	14.3	28	340.3	2.74	70	3.64
2020	275	20.19	14.9	28.4	340.3	0	70	3.64
2020	276	19.65	13	27.9	340.3	0	70	3.64
2020	277	19.59	11.2	28.3	340.3	0.09	70	3.64
2020	278	19.97	11	28.9	340.3	0.12	70	3.64
2020	279	19.99	11.1	29	340.3	0.1	70	3.64
2020	280	20.56	11.8	29.5	340.3	0.1	70	3.64
2020	281	20.1	9.6	28.4	340.3	0	70	3.64
2020	282	20.17	11.1	28.5	340.3	0.07	70	3.64
2020	283	20.69	13	29.6	340.3	0.09	70	3.64
2020	284	19.79	15.3	29.4	340.3	1.21	70	3.64
2020	285	20.99	14.3	30.1	340.3	0.02	70	3.64
2020	286	20.66	14.7	28.8	340.3	0.07	70	3.64
2020	287	20.81	12.6	29.8	340.3	0.1	70	3.64
2020	288	19.9	13.9	28.1	340.3	0.05	70	3.64
2020	289	20.5	12.6	28.8	340.3	0.07	70	3.64
2020	290	19.95	12.8	27.2	340.3	0.03	70	3.64
2020	291	19.7	12.4	27.1	340.3	0	70	3.64
2020	292	19.66	15.6	25.1	340.3	0	70	3.64
2020	293	18.19	13	24.8	340.3	4.27	70	3.64
2020	294	18.73	14.8	23.6	340.3	0.82	70	3.64
2020	295	20.12	12.9	27.9	340.3	0.12	70	3.64
2020	296	19.2	11.5	27.1	340.3	0.07	70	3.64
2020	297	19.92	11.6	28.1	340.3	0.14	70	3.64
2020	298	20.4	13.5	27.7	340.3	0	70	3.64
2020	299	19.05	13.8	26	340.3	0	70	3.64
2020	300	17.68	14.8	21.6	340.3	0	70	3.64
2020	301	18.01	15.7	22.1	340.3	1.94	70	3.64
2020	302	18.8	15.3	26.1	340.3	0.8	70	3.64
2020	303	17.81	14.8	22.9	340.3	5.51	70	3.64
2020	304	16.05	11.1	22.5	340.3	1.63	70	3.64
2020	305	18.55	14.4	25.5	340.3	0.09	70	3.64
2020	306	18.48	12.3	26.1	352.06	0.12	79.66	3.47
2020	307	18.98	13.2	25.9	352.06	0.17	79.66	3.47
2020	308	18.98	15.7	24.9	352.06	3.1	79.66	3.47
2020	309	18.57	15.5	25.7	352.06	3.48	79.66	3.47
2020	310	18.88	16	25.3	352.06	0.19	79.66	3.47
2020	311	18.96	15.2	25.7	352.06	2.63	79.66	3.47
2020	312	19.24	14.3	26.9	352.06	0.07	79.66	3.47
2020	313	19.39	13.7	26.3	352.06	4.3	79.66	3.47
2020	314	18.83	15.7	25.2	352.06	1.55	79.66	3.47
2020	315	19.25	15.5	25.4	352.06	0.2	79.66	3.47
2020	316	18.39	15.4	24.4	352.06	8.68	79.66	3.47
2020	317	19.62	14.7	26.3	352.06	1.58	79.66	3.47
2020	318	19.01	15.4	25.5	352.06	19.08	79.66	3.47
2020	319	18.21	14.9	23.5	352.06	4.34	79.66	3.47
2020	320	19.14	13.9	25.9	352.06	0.29	79.66	3.47
2020	321	18.85	13.8	24.6	352.06	0.07	79.66	3.47
2020	322	19.06	13.7	25.6	352.06	0.1	79.66	3.47
2020	323	19.65	13.6	26.9	352.06	0.05	79.66	3.47
2020	324	20.06	13.9	27.7	352.06	0.07	79.66	3.47
2020	325	18.63	14.9	25.5	352.06	7.15	79.66	3.47
2020	326	19.73	14.3	26.3	352.06	0.02	79.66	3.47
2020	327	19.53	15.2	25.8	352.06	1.61	79.66	3.47
2020	328	19.72	15.4	26.5	352.06	0.15	79.66	3.47
2020	329	19.62	14.3	26.7	352.06	1.96	79.66	3.47
2020	330	20	13.3	28	352.06	0.12	79.66	3.47
2020	331	19.59	14.1	27.9	352.06	0.14	79.66	3.47
2020	332	19.41	15.8	25.5	352.06	8.5	79.66	3.47
2020	333	17.73	15.5	23.3	352.06	18.22	79.66	3.47
2020	334	17.35	13.8	22.1	352.06	4.86	79.66	3.47
2020	335	19.21	13.2	26.1	352.06	0.22	79.66	3.47
2020	336	19.31	13.9	26.4	352.06	0.12	79.66	3.47
2020	337	19.04	14.1	25.4	352.06	0.12	79.66	3.47
2020	338	18.24	13.7	25.2	352.06	0.22	79.66	3.47
2020	339	17.5	12.8	24.4	352.06	0.2	79.66	3.47
2020	340	18.29	12.1	25.2	352.06	0.29	79.66	3.47
2020	341	19.27	12.9	26.4	352.06	0.27	79.66	3.47
2020	342	19.96	15.2	26.7	352.06	0.09	79.66	3.47
2020	343	19.11	14.5	26.1	352.06	0.61	79.66	3.47
2020	344	18.81	14.8	25.2	352.06	0.09	79.66	3.47
2020	345	18.89	12.8	25.5	352.06	0.12	79.66	3.47
2020	346	19.08	12.7	26.4	352.06	0.22	79.66	3.47
2020	347	19.1	12	25.8	352.06	0.19	79.66	3.47
2020	348	19.13	13.9	26.3	352.06	0.14	79.66	3.47
2020	349	18.82	12.2	26.5	352.06	0.12	79.66	3.47
2020	350	19.23	11.6	26.8	352.06	0.1	79.66	3.47
2020	351	19.01	12.2	26.2	352.06	0.14	79.66	3.47
2020	352	19.13	13.8	25.8	352.06	0.14	79.66	3.47
2020	353	18.55	13.2	26.1	352.06	0.09	79.66	3.47
2020	354	19.37	13.6	26.6	352.06	0.07	79.66	3.47
2020	355	18.87	13	26.7	352.06	0.19	79.66	3.47
2020	356	19.57	13.1	26.6	352.06	0.12	79.66	3.47
2020	357	19.61	12.8	27.2	352.06	0.2	79.66	3.47
2020	358	19.29	11.6	26.6	352.06	0.17	79.66	3.47
2020	359	20.47	14.5	27.6	352.06	0	79.66	3.47
2020	360	20.52	13.1	28.3	352.06	0.09	79.66	3.47
2020	361	20.01	13	27.5	352.06	0.03	79.66	3.47
2020	362	18.73	11.6	26	352.06	0.05	79.66	3.47
2020	363	18.96	10.8	27.1	352.06	0	79.66	3.47
2020	364	19.09	12.4	26.4	352.06	0	79.66	3.47
2020	365	20.36	13.2	26.9	352.06	0.94	79.66	3.47
2020	366	17.45	14	24.6	352.06	20.55	79.66	3.47
2021	1	17.68	14.5	23.6	340.3	0.31	70	3.64
2021	2	18.61	12.8	25.1	340.3	0.22	70	3.64
2021	3	19.24	13.6	26.5	340.3	0.1	70	3.64
2021	4	19.1	13	26.6	340.3	0.12	70	3.64
2021	5	18.84	12.8	26	340.3	0.19	70	3.64
2021	6	19.38	13	26.4	340.3	0.2	70	3.64
2021	7	19.52	13.8	26.7	340.3	0.03	70	3.64
2021	8	19.68	12.7	26.8	340.3	0.66	70	3.64
2021	9	18.96	15.9	26.7	340.3	1.9	70	3.64
2021	10	17.24	15.6	22.1	340.3	14.01	70	3.64
2021	11	18.19	16	22.5	340.3	4.76	70	3.64
2021	12	18.38	15.5	22.7	340.3	0	70	3.64
2021	13	18.62	14.1	24.5	340.3	0.05	70	3.64
2021	14	18.81	13.3	25.7	340.3	0.17	70	3.64
2021	15	18.88	12.8	26	340.3	0.24	70	3.64
2021	16	19.52	12.6	26.6	340.3	0.22	70	3.64
2021	17	20.11	13.4	26.9	340.3	0.14	70	3.64
2021	18	20.7	14.2	27.6	340.3	0.03	70	3.64
2021	19	20.07	13.5	27.2	340.3	0	70	3.64
2021	20	20.09	12.8	27.6	340.3	0	70	3.64
2021	21	19.56	13.4	26.1	340.3	0	70	3.64
2021	22	19.11	14.8	26.3	340.3	0	70	3.64
2021	23	19.09	13.8	25.8	340.3	0.03	70	3.64
2021	24	19.75	12.4	27.1	340.3	0.15	70	3.64
2021	25	19.27	14.6	27.3	340.3	0.1	70	3.64
2021	26	18.92	11.3	26.9	340.3	0.14	70	3.64
2021	27	19.16	11.3	27.2	340.3	0.09	70	3.64
2021	28	19.57	11.4	27.5	340.3	0.07	70	3.64
2021	29	20.03	12.9	27.5	340.3	0.14	70	3.64
2021	30	19.84	13	27.3	340.3	0.09	70	3.64
2021	31	18.97	11.7	27.2	340.3	0.02	70	3.64
2021	32	19.15	11	27	340.3	0	70	3.64
2021	33	20.91	10.7	28.4	340.3	0	70	3.64
2021	34	20.73	14.6	27.9	340.3	0	70	3.64
2021	35	20.56	11.6	28.6	340.3	0.1	70	3.64
2021	36	21.04	13.3	28.8	340.3	0	70	3.64
2021	37	19.57	13.9	27.9	340.3	16.56	70	3.64
2021	38	18.72	15.8	25.6	340.3	12.36	70	3.64
2021	39	17.12	15.3	20.5	340.3	18.05	70	3.64
2021	40	18.31	15.2	22.9	340.3	0.07	70	3.64
2021	41	19.09	15.9	24.1	340.3	0.05	70	3.64
2021	42	19.19	16.1	22.4	340.3	0.07	70	3.64
2021	43	19.86	14.7	25.3	340.3	5.62	70	3.64
2021	44	18.51	15.1	22.7	340.3	25.75	70	3.64
2021	45	18.25	14.5	25.3	340.3	6.66	70	3.64
2021	46	20.2	15.5	25.9	340.3	0.03	70	3.64
2021	47	19.47	14.2	25.7	340.3	0	70	3.64
2021	48	19.24	13.5	26.1	340.3	0.17	70	3.64
2021	49	19.15	13.2	26	340.3	0.14	70	3.64
2021	50	20.26	12.5	27.4	340.3	0.02	70	3.64
2021	51	19.44	13.1	26.4	340.3	0.07	70	3.64
2021	52	19.72	15	26.8	340.3	2.87	70	3.64
2021	53	17.31	15	21.8	340.3	5.97	70	3.64
2021	54	19.76	14.7	25.8	340.3	0.1	70	3.64
2021	55	18.91	13.1	25	340.3	0.1	70	3.64
2021	56	19.1	13.1	26.1	340.3	0	70	3.64
2021	57	19.51	12.4	27.1	340.3	0.02	70	3.64
2021	58	20.4	12.3	28.3	340.3	0	70	3.64
2021	59	20.95	13	28.9	340.3	0	70	3.64
2021	60	20.74	13.5	27.9	352.06	0	79.66	3.47
2021	61	19.52	14.2	26.8	352.06	0.07	79.66	3.47
2021	62	20.28	12.1	27.5	352.06	0	79.66	3.47
2021	63	19.61	13.8	26.1	352.06	0	79.66	3.47
2021	64	21.26	14.2	27.1	352.06	0	79.66	3.47
2021	65	20.74	14.9	27.3	352.06	0	79.66	3.47
2021	66	20.84	13.6	28.4	352.06	0	79.66	3.47
2021	67	20.7	14.8	27.5	352.06	0.05	79.66	3.47
2021	68	20.11	13.5	27.5	352.06	0	79.66	3.47
2021	69	19.58	13	27.5	352.06	0.1	79.66	3.47
2021	70	20.92	12.2	28.7	352.06	0.05	79.66	3.47
2021	71	19.77	12	27.4	352.06	0.09	79.66	3.47
2021	72	20.2	12.4	28	352.06	0.05	79.66	3.47
2021	73	20.6	12.5	28.9	352.06	0.05	79.66	3.47
2021	74	20.89	13.8	28.4	352.06	0.05	79.66	3.47
2021	75	20.47	12.3	27.6	352.06	0	79.66	3.47
2021	76	20.68	13.8	27.6	352.06	0	79.66	3.47
2021	77	20.77	14.6	28.1	352.06	0.03	79.66	3.47
2021	78	20.98	15.3	27.9	352.06	0	79.66	3.47
2021	79	20.9	15.1	28.1	352.06	0.05	79.66	3.47
2021	80	20.44	14.7	27.2	352.06	0	79.66	3.47
2021	81	20.45	12.8	27.9	352.06	0.03	79.66	3.47
2021	82	20.66	14.8	28.2	352.06	0	79.66	3.47
2021	83	20.36	14.7	28.2	352.06	0.05	79.66	3.47
2021	84	21.52	13.8	29.3	352.06	0.09	79.66	3.47
2021	85	21.36	14.5	28.4	352.06	0	79.66	3.47
2021	86	21.23	16	28.8	352.06	2.63	79.66	3.47
2021	87	19.49	15.1	27.5	352.06	4.78	79.66	3.47
2021	88	21.1	15.2	28.1	352.06	2.26	79.66	3.47
2021	89	19.97	15.9	26.5	352.06	15.63	79.66	3.47
2021	90	20.14	15.6	27.1	352.06	0.07	79.66	3.47
2021	91	20.35	15.1	26.8	352.06	0	79.66	3.47
2021	92	20.8	15.3	27.6	352.06	0.02	79.66	3.47
2021	93	20.79	15.6	27.9	352.06	4.74	79.66	3.47
2021	94	20.05	15.3	26.8	352.06	4.93	79.66	3.47
2021	95	19.67	15.7	24.8	352.06	0.99	79.66	3.47
2021	96	19.87	16.5	25.7	352.06	7.86	79.66	3.47
2021	97	19.81	15.3	25.3	352.06	0	79.66	3.47
2021	98	19.89	16.6	25.7	352.06	0.44	79.66	3.47
2021	99	17.8	15.3	23.5	352.06	12.35	79.66	3.47
2021	100	19.64	14.9	25.7	352.06	1.05	79.66	3.47
2021	101	19.06	13.8	25.3	352.06	0	79.66	3.47
2021	102	19.24	14.4	25.7	352.06	0	79.66	3.47
2021	103	19.32	15.5	25.7	352.06	0.68	79.66	3.47
2021	104	18.92	16	24.8	352.06	0.15	79.66	3.47
2021	105	19.71	15	26	352.06	0.12	79.66	3.47
2021	106	19.96	14.6	26.8	352.06	0.1	79.66	3.47
2021	107	20.09	14.8	26.6	352.06	0.09	79.66	3.47
2021	108	19.6	15.9	25.5	352.06	0	79.66	3.47
2021	109	19.68	14.8	26.4	352.06	0	79.66	3.47
2021	110	19.69	14.5	26.7	352.06	0.07	79.66	3.47
2021	111	19.91	15.2	26.9	352.06	8.99	79.66	3.47
2021	112	19.75	15.1	25.1	352.06	1.43	79.66	3.47
2021	113	19.22	15.5	24.9	352.06	3.69	79.66	3.47
2021	114	19.84	16.4	25.7	352.06	0.53	79.66	3.47
2021	115	19.26	15.4	24.8	352.06	13.88	79.66	3.47
2021	116	19.45	15	25.8	352.06	0.12	79.66	3.47
2021	117	20.01	16.2	25.3	352.06	0.02	79.66	3.47
2021	118	19.69	16.6	25	352.06	1.87	79.66	3.47
2021	119	19.58	15.4	25.4	352.06	0.44	79.66	3.47
2021	120	20.04	15.2	26	352.06	1.45	79.66	3.47
2021	121	20.18	14.7	26.8	352.06	0.05	79.66	3.47
2021	122	19.64	15.4	25.8	352.06	0.65	79.66	3.47
2021	123	19.57	16.5	25.3	352.06	0.1	79.66	3.47
2021	124	19.3	13.8	25.2	352.06	0	79.66	3.47
2021	125	19.04	15.5	25.1	352.06	0.46	79.66	3.47
2021	126	19.15	14.7	24.7	352.06	0	79.66	3.47
2021	127	19.03	14.5	24	352.06	0.03	79.66	3.47
2021	128	19.5	15.6	26.8	352.06	0	79.66	3.47
2021	129	18.32	15.6	22.5	352.06	27.83	79.66	3.47
2021	130	17.54	15	22.8	352.06	24.23	79.66	3.47
2021	131	17.16	15	22.6	352.06	34.18	79.66	3.47
2021	132	17.3	14.9	21.9	352.06	41.96	79.66	3.47
2021	133	17.88	14.9	23.2	352.06	0.02	79.66	3.47
2021	134	18.04	13.6	23.3	352.06	0	79.66	3.47
2021	135	18.14	12.9	24.1	352.06	0.1	79.66	3.47
2021	136	18.33	13.4	23.8	352.06	0.07	79.66	3.47
2021	137	18.53	14	24.1	352.06	0.14	79.66	3.47
2021	138	18.57	14.5	24.3	352.06	0.1	79.66	3.47
2021	139	18.16	14.1	24.1	352.06	0.02	79.66	3.47
2021	140	18.21	13.6	24.2	352.06	0.03	79.66	3.47
2021	141	17.55	13.3	24	352.06	0	79.66	3.47
2021	142	17.88	14.3	23.1	352.06	0	79.66	3.47
2021	143	17.46	14	22.7	352.06	0.02	79.66	3.47
2021	144	17.19	13.2	21.8	352.06	0	79.66	3.47
2021	145	17.2	11.5	23	352.06	0.07	79.66	3.47
2021	146	16.41	11.8	22.2	352.06	0	79.66	3.47
2021	147	16.96	11	23.2	352.06	0.17	79.66	3.47
2021	148	17.27	13.1	23.8	352.06	0.03	79.66	3.47
2021	149	17.97	14.3	23.3	352.06	0.05	79.66	3.47
2021	150	17.44	14.3	21.8	352.06	0	79.66	3.47
2021	151	16.67	13.3	22.4	352.06	0	79.66	3.47
2021	152	16.98	12.8	22.5	340.3	0	70	3.64
2021	153	16.62	10.7	23.2	340.3	0	70	3.64
2021	154	17.61	11.2	23.7	340.3	0	70	3.64
2021	155	17.24	13.4	22.5	340.3	0	70	3.64
2021	156	16.98	13.5	22.5	340.3	0	70	3.64
2021	157	17.49	13.6	23.3	340.3	0	70	3.64
2021	158	17.06	11.8	23.6	340.3	0	70	3.64
2021	159	16.06	10	22.3	340.3	0	70	3.64
2021	160	16.68	13.3	20.8	340.3	0	70	3.64
2021	161	16.56	11.8	22.2	340.3	0	70	3.64
2021	162	16.4	11	21.5	340.3	0	70	3.64
2021	163	15.39	11.5	18.1	340.3	0	70	3.64
2021	164	16.05	10.9	21.8	340.3	0	70	3.64
2021	165	16.92	9.8	25.2	340.3	0	70	3.64
2021	166	16.99	10.4	23.7	340.3	0	70	3.64
2021	167	16.21	12.5	21.5	340.3	0	70	3.64
2021	168	16.33	13.4	21	340.3	0	70	3.64
2021	169	17.3	12.7	23.2	340.3	0.03	70	3.64
2021	170	16.51	13.3	21.5	340.3	0.05	70	3.64
2021	171	15.57	10	20.3	340.3	0	70	3.64
2021	172	16.7	10.3	22.7	340.3	0	70	3.64
2021	173	15.78	11.9	21.8	340.3	0.12	70	3.64
2021	174	15.32	11.6	19.6	340.3	0	70	3.64
2021	175	16.55	11.4	23.2	340.3	0.02	70	3.64
2021	176	15.01	9.9	19.4	340.3	0	70	3.64
2021	177	15.61	10.9	22	340.3	0.03	70	3.64
2021	178	14.7	11.2	17.1	340.3	0.05	70	3.64
2021	179	16.97	13	22.6	340.3	0	70	3.64
2021	180	16.23	12.2	22.5	340.3	0	70	3.64
2021	181	16.28	11.7	21.6	340.3	0	70	3.64
2021	182	16.83	9.2	24.2	340.3	0.05	70	3.64
2021	183	15.12	11.5	19.7	340.3	0	70	3.64
2021	184	15.25	10.5	20.8	340.3	0	70	3.64
2021	185	15.57	10.8	20.2	340.3	0	70	3.64
2021	186	15.1	11.9	18.4	340.3	0	70	3.64
2021	187	15.25	13.1	19.7	340.3	0	70	3.64
2021	188	16.22	11.8	20.1	340.3	0	70	3.64
2021	189	16.11	12.9	20.1	340.3	0.05	70	3.64
2021	190	15.59	12.7	19.9	340.3	0	70	3.64
2021	191	15.64	13	19.9	340.3	0	70	3.64
2021	192	16.73	11.8	20.9	340.3	0	70	3.64
2021	193	15.62	12.4	20	340.3	0	70	3.64
2021	194	17.69	11.1	23.5	340.3	0	70	3.64
2021	195	17.39	13.2	23.7	340.3	0	70	3.64
2021	196	16.53	14	20.2	340.3	0	70	3.64
2021	197	16.78	11.4	23	340.3	0	70	3.64
2021	198	15.53	11.6	19.4	340.3	0	70	3.64
2021	199	16.1	12.2	20.9	340.3	0	70	3.64
2021	200	16.48	11.1	22.5	340.3	0	70	3.64
2021	201	16.75	11.4	23	340.3	0	70	3.64
2021	202	16.97	13.5	22.8	340.3	0	70	3.64
2021	203	17.69	11.1	24.5	340.3	0	70	3.64
2021	204	17.5	14.4	22.1	340.3	0	70	3.64
2021	205	17.97	13.4	24	340.3	0	70	3.64
2021	206	15.91	11.2	20.9	340.3	0	70	3.64
2021	207	16.49	12.1	22.6	340.3	0	70	3.64
2021	208	16.38	10	21.5	340.3	0	70	3.64
2021	209	14.96	11.6	18.5	340.3	0	70	3.64
2021	210	15.04	12.2	17.9	340.3	0	70	3.64
2021	211	15.24	9.9	21.1	340.3	0	70	3.64
2021	212	16.11	8.1	23.6	340.3	0.02	70	3.64
2021	213	16.34	9.3	22.5	340.3	0	70	3.64
2021	214	16.73	11.3	23	340.3	0	70	3.64
2021	215	16.15	9.9	21.5	340.3	0	70	3.64
2021	216	15.43	9.5	19.5	340.3	0	70	3.64
2021	217	17.56	11.5	24.5	340.3	0	70	3.64
2021	218	15.76	11.1	19.7	340.3	0	70	3.64
2021	219	17.17	12.7	23.4	340.3	0	70	3.64
2021	220	17.01	13.1	22.5	340.3	0	70	3.64
2021	221	17.44	10.8	25.3	340.3	0	70	3.64
2021	222	17.01	10.1	26.3	340.3	0.97	70	3.64
2021	223	15.33	13.7	18.1	340.3	0	70	3.64
2021	224	15.83	12	20	340.3	0	70	3.64
2021	225	16.22	9.1	23.1	340.3	0.05	70	3.64
2021	226	16.68	12.5	21.6	340.3	0	70	3.64
2021	227	16.83	11.7	21.8	340.3	0	70	3.64
2021	228	16.21	12.9	21.7	340.3	0	70	3.64
2021	229	17.4	12.7	23.8	340.3	0	70	3.64
2021	230	16.29	11.1	22.6	340.3	0	70	3.64
2021	231	18.17	11.3	25.1	340.3	0.02	70	3.64
2021	232	18.06	13.4	24.2	340.3	0	70	3.64
2021	233	19.26	14.2	26.9	340.3	0	70	3.64
2021	234	19.36	11.8	27.1	340.3	0	70	3.64
2021	235	18.36	10.8	26	340.3	0	70	3.64
2021	236	17.79	8.5	25.7	340.3	0.07	70	3.64
2021	237	17.92	12.2	25.1	340.3	0	70	3.64
2021	238	17.87	9.7	25.6	340.3	0	70	3.64
2021	239	18.21	8.6	27.4	340.3	0	70	3.64
2021	240	18.97	10.7	27.9	340.3	0	70	3.64
2021	241	20.33	10.6	29.9	340.3	0	70	3.64
2021	242	19.33	11.1	26.9	340.3	0	70	3.64
2021	243	18.83	13.9	25	340.3	0	70	3.64
2021	244	18.5	13.1	23.6	340.3	0	70	3.64
2021	245	17.9	13.9	23.4	340.3	0	70	3.64
2021	246	16.97	14.2	21.3	340.3	0	70	3.64
2021	247	16.59	12.2	21.7	340.3	0	70	3.64
2021	248	17.18	12.6	23	340.3	0	70	3.64
2021	249	17.2	13.5	22.6	340.3	0	70	3.64
2021	250	17.15	13.7	23.9	340.3	0	70	3.64
2021	251	18.74	13.2	25.4	340.3	0	70	3.64
2021	252	17.97	14.5	23.3	340.3	0	70	3.64
2021	253	17.25	11.3	23.4	340.3	0	70	3.64
2021	254	16.66	11.2	22.9	340.3	0	70	3.64
2021	255	18.22	13.7	25.9	340.3	0	70	3.64
2021	256	17.91	12.8	25	340.3	0	70	3.64
2021	257	17.82	12.7	25.5	340.3	0	70	3.64
2021	258	19.29	13.4	26.7	340.3	0	70	3.64
2021	259	18.5	13.4	24.9	340.3	0	70	3.64
2021	260	19.78	11.9	29	340.3	0.14	70	3.64
2021	261	19.7	13.1	26.7	340.3	0	70	3.64
2021	262	19.43	11.3	27.1	340.3	0	70	3.64
2021	263	18.54	11	25.6	340.3	0	70	3.64
2021	264	17.95	11.9	24.3	340.3	0.09	70	3.64
2021	265	19.19	14.2	26	340.3	0	70	3.64
2021	266	18.55	14.4	24.8	340.3	0	70	3.64
2021	267	18.35	13.2	24.9	340.3	0	70	3.64
2021	268	18.94	13.2	24.9	340.3	0	70	3.64
2021	269	18.7	13.3	24.9	340.3	0	70	3.64
2021	270	19.54	11.6	27.9	340.3	0.03	70	3.64
2021	271	19.67	11.9	28.6	340.3	0	70	3.64
2021	272	20.44	12.7	29	340.3	0.03	70	3.64
2021	273	20.14	15.7	26.6	340.3	0	70	3.64
2021	274	19.31	13.4	26.2	340.3	0	70	3.64
2021	275	19.66	12.3	27.6	340.3	0	70	3.64
2021	276	19.1	12.1	28.3	340.3	16.54	70	3.64
2021	277	19.64	13.1	28.5	340.3	0	70	3.64
2021	278	19.75	12.6	27.8	340.3	0	70	3.64
2021	279	19.67	12.4	27.9	340.3	0	70	3.64
2021	280	20.16	11.6	28.3	340.3	0	70	3.64
2021	281	20.29	15.4	26.9	340.3	0	70	3.64
2021	282	18.43	15.1	23	340.3	0	70	3.64
2021	283	19.33	14.2	27.1	340.3	0	70	3.64
2021	284	18.08	12.5	23.4	340.3	0	70	3.64
2021	285	19.08	11.9	27	340.3	0.02	70	3.64
2021	286	18.02	12.6	23	340.3	0.03	70	3.64
2021	287	20.22	13.1	27.6	340.3	0	70	3.64
2021	288	20.28	13.7	27.4	340.3	0	70	3.64
2021	289	20.28	14.7	27.3	340.3	0.12	70	3.64
2021	290	20.1	12.9	27.9	340.3	0.22	70	3.64
2021	291	20.55	13.9	28.1	340.3	0.03	70	3.64
2021	292	20.24	14.6	26.1	340.3	0	70	3.64
2021	293	19.43	14.9	25.5	340.3	0	70	3.64
2021	294	19.35	14.2	23.9	340.3	0	70	3.64
2021	295	20.03	12.6	28.3	340.3	0	70	3.64
2021	296	21.46	13.2	28.6	340.3	0	70	3.64
2021	297	21.51	14.3	29.2	340.3	0	70	3.64
2021	298	21.09	14.8	28.6	340.3	0.1	70	3.64
2021	299	20.7	14.8	27.9	340.3	0.05	70	3.64
2021	300	19.42	13.5	27.1	340.3	0	70	3.64
2021	301	19.98	11.1	27.3	340.3	0.07	70	3.64
2021	302	20.59	12.5	28.5	340.3	0	70	3.64
2021	303	20.06	15.4	25.9	340.3	1.44	70	3.64
2021	304	21.21	15	28.4	340.3	0.02	70	3.64
2021	305	21.26	15.5	28.3	352.06	0	79.66	3.47
2021	306	20.62	14.8	27.9	352.06	0	79.66	3.47
2021	307	20.52	15.1	28.2	352.06	0	79.66	3.47
2021	308	21.06	14.5	28.3	352.06	0.05	79.66	3.47
2021	309	20.75	15.8	27.6	352.06	0	79.66	3.47
2021	310	20.81	14.6	27.7	352.06	0.03	79.66	3.47
2021	311	21.26	13.1	28.9	352.06	0.05	79.66	3.47
2021	312	20.54	12.2	28.4	352.06	0.09	79.66	3.47
2021	313	21.52	13.4	28.5	352.06	0.05	79.66	3.47
2021	314	19.88	16	27.4	352.06	0.07	79.66	3.47
2021	315	20.62	14.3	27.5	352.06	0.03	79.66	3.47
2021	316	20.57	13.2	28.4	352.06	0	79.66	3.47
2021	317	20.4	15.1	27.1	352.06	0.05	79.66	3.47
2021	318	19.92	14.4	27.4	352.06	0	79.66	3.47
2021	319	20.27	14.6	26.5	352.06	5.31	79.66	3.47
2021	320	20.37	14.6	27.3	352.06	0.02	79.66	3.47
2021	321	20.35	13.7	27.6	352.06	6.22	79.66	3.47
2021	322	20.85	15	27.9	352.06	13.06	79.66	3.47
2021	323	21.4	15.8	28.3	352.06	0	79.66	3.47
2021	324	20.26	15.5	28.2	352.06	1.26	79.66	3.47
2021	325	20.08	16.2	28.3	352.06	25.4	79.66	3.47
2021	326	19.96	15.4	26.8	352.06	1.5	79.66	3.47
2021	327	21	15	29.1	352.06	0.03	79.66	3.47
2021	328	21.95	14.6	29.2	352.06	0	79.66	3.47
2021	329	21.47	15.4	28.7	352.06	0.12	79.66	3.47
2021	330	20.78	15.4	27.6	352.06	18.07	79.66	3.47
2021	331	18.39	14.7	23.4	352.06	11.74	79.66	3.47
2021	332	18.77	13.1	24.2	352.06	12.96	79.66	3.47
2021	333	18.66	15.6	24.3	352.06	7.14	79.66	3.47
2021	334	17.17	13.6	21.7	352.06	42.83	79.66	3.47
2021	335	18.76	15.2	24.1	352.06	5.97	79.66	3.47
2021	336	17.22	15.3	22.2	352.06	7.93	79.66	3.47
2021	337	17.52	14.6	21.6	352.06	13.46	79.66	3.47
2021	338	17.65	14.6	22.7	352.06	5	79.66	3.47
2021	339	17.74	14.9	23.1	352.06	2.02	79.66	3.47
2021	340	18.39	15.1	23.4	352.06	0.51	79.66	3.47
2021	341	18.79	15.1	24.2	352.06	0.2	79.66	3.47
2021	342	19.41	15.8	25.1	352.06	0.07	79.66	3.47
2021	343	19.09	15.9	24.8	352.06	0.73	79.66	3.47
2021	344	18.91	15.1	23.9	352.06	0.09	79.66	3.47
2021	345	18.49	13.7	24.2	352.06	0.17	79.66	3.47
2021	346	18.29	13.7	22.8	352.06	0.09	79.66	3.47
2021	347	18.51	15.8	23.6	352.06	0.05	79.66	3.47
2021	348	18.16	15.5	23.3	352.06	0.03	79.66	3.47
2021	349	18.45	15.4	24.1	352.06	0.31	79.66	3.47
2021	350	18.01	14.8	23.6	352.06	3.88	79.66	3.47
2021	351	17.79	15	22.7	352.06	0.36	79.66	3.47
2021	352	19.19	14.6	24.5	352.06	4.92	79.66	3.47
2021	353	19.06	15.7	24.5	352.06	3.04	79.66	3.47
2021	354	18.92	16.4	23.7	352.06	10.38	79.66	3.47
2021	355	17.93	14.9	22.4	352.06	16.59	79.66	3.47
2021	356	17.66	14.5	22	352.06	5.19	79.66	3.47
2021	357	18.66	15.8	23.1	352.06	0.41	79.66	3.47
2021	358	19.17	14.4	23.8	352.06	0.49	79.66	3.47
2021	359	18.15	15.6	23.4	352.06	18.42	79.66	3.47
2021	360	18.26	15.3	23	352.06	2.14	79.66	3.47
2021	361	18.46	15	23.3	352.06	0.31	79.66	3.47
2021	362	18.14	14.1	23.8	352.06	1.87	79.66	3.47
2021	363	19.16	14.5	24.2	352.06	0.15	79.66	3.47
2021	364	18.98	13.9	24.2	352.06	0.26	79.66	3.47
2021	365	18.04	12.8	23.7	352.06	0.27	79.66	3.47
2022	1	18.51	12.6	24.5	340.3	0.19	70	3.64
2022	2	18.89	14	24.1	340.3	0.12	70	3.64
2022	3	18.31	12.5	24.1	340.3	0.32	70	3.64
2022	4	18.62	11.2	25.2	340.3	0.24	70	3.64
2022	5	18.39	12.9	24.7	340.3	0.29	70	3.64
2022	6	18.48	14	24.1	340.3	0.22	70	3.64
2022	7	19.21	14.3	24.8	340.3	0.27	70	3.64
2022	8	18.55	12.6	24.7	340.3	0.34	70	3.64
2022	9	18.49	13.1	24.7	340.3	0.32	70	3.64
2022	10	18.64	10.9	26.1	340.3	0.31	70	3.64
2022	11	18.24	12.9	24.5	340.3	0.19	70	3.64
2022	12	18.24	12.7	24.3	340.3	0.15	70	3.64
2022	13	18.91	10.8	26.1	340.3	0.05	70	3.64
2022	14	19.55	11.9	27	340.3	0.07	70	3.64
2022	15	18.92	12.8	26.4	340.3	0.07	70	3.64
2022	16	20.39	13.7	27.1	340.3	0.14	70	3.64
2022	17	17.64	14.8	23.8	340.3	16.7	70	3.64
2022	18	18.69	15.1	24.8	340.3	0.02	70	3.64
2022	19	19.13	15.3	24.2	340.3	0	70	3.64
2022	20	19.96	13.8	26.9	340.3	0.03	70	3.64
2022	21	18.72	16	24.1	340.3	2.18	70	3.64
2022	22	19.36	14.5	25.2	340.3	0	70	3.64
2022	23	19.17	12.6	25.7	340.3	0	70	3.64
2022	24	20.06	14.2	25.9	340.3	0	70	3.64
2022	25	19.54	14	25.6	340.3	0	70	3.64
2022	26	18.53	12	26.2	340.3	0	70	3.64
2022	27	18.98	12.8	25.9	340.3	0	70	3.64
2022	28	20.61	12.5	28.3	340.3	0.12	70	3.64
2022	29	19.69	13.7	26.8	340.3	0	70	3.64
2022	30	19.93	12.3	26.2	340.3	0.12	70	3.64
2022	31	20.44	15.4	26.5	340.3	0.02	70	3.64
2022	32	20.82	16	26.7	340.3	0	70	3.64
2022	33	21.06	15.5	27.2	340.3	0	70	3.64
2022	34	19.26	14.6	25.6	340.3	0.12	70	3.64
2022	35	19.74	13.9	27.2	340.3	0.1	70	3.64
2022	36	20.36	12.2	29	340.3	5.87	70	3.64
2022	37	21.26	16.2	28.4	340.3	0.1	70	3.64
2022	38	19.41	15.2	27	340.3	13.03	70	3.64
2022	39	19.2	14.2	25.9	340.3	0.09	70	3.64
2022	40	18.94	12	25.9	340.3	0	70	3.64
2022	41	20.3	12.3	27.3	340.3	0	70	3.64
2022	42	20.58	13.4	27.4	340.3	0	70	3.64
2022	43	20.87	14.4	27.8	340.3	0	70	3.64
2022	44	21.4	14.6	29.4	340.3	0	70	3.64
2022	45	21.11	12.8	29	340.3	0	70	3.64
2022	46	20.32	14.9	28.5	340.3	0	70	3.64
2022	47	21.54	14.3	29.4	340.3	0	70	3.64
2022	48	22.26	13.8	30.5	340.3	0	70	3.64
2022	49	21.14	15.3	28.4	340.3	7.98	70	3.64
2022	50	21.17	15.3	28.6	340.3	0.09	70	3.64
2022	51	21.28	14.5	29.9	340.3	0.31	70	3.64
2022	52	20.04	14.8	28.2	340.3	0.03	70	3.64
2022	53	18.54	15.6	26.4	340.3	25.49	70	3.64
2022	54	18.87	15.1	25.8	340.3	15.15	70	3.64
2022	55	18.8	15.3	23.4	340.3	0.02	70	3.64
2022	56	19.02	14.7	24.7	340.3	0.17	70	3.64
2022	57	20.13	13.4	27.7	340.3	0.12	70	3.64
2022	58	20.71	13.6	28.5	340.3	0.1	70	3.64
2022	59	20.94	13.8	27.5	340.3	0.07	70	3.64
2022	60	20.47	14.9	26.8	352.06	0.1	79.66	3.47
2022	61	19.84	13.9	26.6	352.06	0	79.66	3.47
2022	62	21.3	14.6	27.7	352.06	0	79.66	3.47
2022	63	20.98	14.6	28	352.06	0	79.66	3.47
2022	64	20.43	13.6	28.1	352.06	0	79.66	3.47
2022	65	22.61	18.14	27.06	517.46	0	79.66	5.08
2022	66	20.83	15.18	27.21	528.88	0	79.66	3.23
2022	67	21.27	15.43	27.73	494.88	0	79.66	3.21
2022	68	21.07	14.75	27.93	353.33	0	79.66	3.65
2022	69	20.98	15.25	27.77	375.35	0	79.66	3.52
2022	70	21.59	14.99	27.72	366.26	0	79.66	3.08
2022	71	21.4	14.5	28.2	386.32	0	79.66	4.25
2022	72	22.04	14.76	29.13	384.18	0	79.66	3.34
2022	73	22.27	16.06	29.03	334.13	0	79.66	3.27
2022	74	22.39	14.51	28.8	351.29	0	79.66	3.28
2022	75	22.78	16.75	29.3	298	0	79.66	3.52
2022	76	22.01	16.43	28.75	284.89	0	79.66	3.8
2022	77	21.13	15.24	27.01	321.74	0	79.66	3.38
2022	78	21.67	16.21	28.24	381.55	0	79.66	2.96
2022	79	22.28	16.2	28.67	358.83	0	79.66	3.39
2022	80	21.83	16.28	27.34	355.4	0	79.66	4.27
2022	81	21.58	16.2	27.36	354.68	0	79.66	3.89
2022	82	21.82	15.3	28.53	379.24	0	79.66	3.6
2022	83	22.05	16.71	27.72	322.01	0	79.66	3.66
2022	84	22.06	16.58	29.12	337.91	0	79.66	3.15
2022	85	20.81	15.65	26.22	318.85	4.5	79.66	3.73
2022	86	21.02	16.65	26.07	271.42	0	79.66	2.57
2022	87	20.29	15.96	25.77	381.87	0	79.66	3.37
2022	88	20.47	17.08	25.38	381.39	0	79.66	4.23
2022	89	18.9	15.57	23.09	362.97	0	79.66	3.86
2022	90	18.26	13.56	23.46	393.89	0	79.66	4.08
2022	91	17.87	16.88	20.04	182.17	0	79.66	3.61
2022	92	17.41	16.39	19.4	364.73	0	79.66	4.89
2022	93	17.33	16.09	18.86	395.47	0	79.66	3.67
2022	94	17.9	16.71	19.79	500.3	0	79.66	3.31
2022	95	18.48	16.5	21.8	435.73	0	79.66	3.31
2022	96	20.76	17.2	26.16	344.82	0	79.66	3.7
2022	97	20.3	16.24	25.6	383.6	0	79.66	3.74
2022	98	20.37	16.15	25.71	320.09	0	79.66	3.57
2022	99	20.27	15.7	25.75	426.45	0	79.66	3.44
2022	100	20.14	15.14	24.78	394.99	0	79.66	4.34
2022	101	20.72	15.58	25.31	348.56	0	79.66	3.29
2022	102	20.87	14.68	26.7	397.46	0	79.66	2.57
2022	103	21.32	16.92	27.05	372.32	0	79.66	3.46
2022	104	20.92	16.82	25.8	439.99	0	79.66	4.03
2022	105	20.86	16.47	25.97	377.99	0	79.66	3.38
2022	106	21.36	15.9	27.15	286.98	0	79.66	2.75
2022	107	20.45	16.05	26.11	243.27	1.3	79.66	2.5
2022	108	20.96	16.83	26.4	297.66	0	79.66	3.55
2022	109	20.75	15.69	26.31	291.22	1.5	79.66	3.47
2022	110	18.9	14.59	23.76	190.41	45.9	79.66	3.16
2022	111	19.86	16.42	24.57	322.35	0	79.66	2.73
2022	112	18.7	16.64	23.7	306.2	15.8	79.66	2.43
2022	113	18.96	16.32	23.2	365	3.6	79.66	3.1
2022	114	19.05	16.42	23.04	424.46	0.7	79.66	3.7
2022	115	19.4	15.87	24.19	434.48	0	79.66	2.43
2022	116	20.27	16.68	25.21	465.23	0	79.66	2.86
2022	117	19.9	16.68	24.1	308.32	0	79.66	2.87
2022	118	18.78	16.7	22.3	174.7	3.8	79.66	2.63
2022	119	18.99	16.09	23.58	349	5.2	79.66	3.1
2022	120	19.44	15.56	24.41	414.9	0	79.66	2.39
2022	121	19.38	15.84	24.19	260.67	5	79.66	2.79
2022	122	19.6	16.52	24.68	332.81	0	79.66	3.17
2022	123	18.51	16.14	23.2	216.65	0.4	79.66	2.81
2022	124	18.22	14.05	22.76	352.38	0	79.66	2.79
2022	125	18.55	15.9	21.27	235.94	0.1	79.66	2.73
2022	126	18.66	15.12	22.6	244.17	0	79.66	2.7
2022	127	18.84	15.48	23.33	282.47	0	79.66	3.06
2022	128	19.77	15.77	24.98	458.65	0	79.66	2.85
2022	129	20	15.75	25.75	399.5	0	79.66	2.62
2022	130	19.42	14.89	25.43	395.8	0	79.66	2.81
2022	131	19.93	15.68	25.72	388.28	0	79.66	2.9
2022	132	19.32	14.66	25.34	372.58	0	79.66	2.77
2022	133	19.18	13.56	25.28	360.32	0	79.66	2.62
2022	134	19.73	15.11	25.98	380.26	0	79.66	3.28
2022	135	19.21	14.67	24.78	338.9	0	79.66	3.67
2022	136	17.97	13.89	22.8	126.03	0	79.66	3.16
2022	137	18.22	13.29	23.64	221.14	0	79.66	2.87
2022	138	17.99	14.15	23.21	297.82	0	79.66	2.73
2022	139	17.78	12.57	23.88	293.66	0	79.66	2.31
2022	140	19.31	14.84	25.6	365.66	0	79.66	3.31
2022	141	19.76	15.29	25.54	326.95	0	79.66	3.2
2022	142	20.13	15.22	26.38	228.16	0	79.66	2.55
2022	143	21.48	16.24	27.64	428.29	0	79.66	2.91
2022	144	19.82	14.6	25.66	340.46	0	79.66	2.95
2022	145	20.11	14.9	25.69	222.91	0	79.66	2.62
2022	146	20.08	16.21	24.9	191.73	0	79.66	2.72
2022	147	19.27	15.78	23.44	144.32	0.3	79.66	2.78
2022	148	19.04	15.74	23.75	225.56	0	79.66	2.76
2022	149	18.66	14.92	23.37	155.93	0	79.66	3.04
2022	150	18.34	14.99	22.29	118.09	0	79.66	2.94
2022	151	18.31	15.02	22.61	195.74	0	79.66	2.87
2022	152	18.84	15.07	24.15	294.23	0	70	3.02
2022	153	18.12	14.85	22.86	252.02	0	70	4.09
2022	154	17.28	13.28	22.36	199.75	0	70	3.1
2022	155	17.88	12.02	24.06	341.99	0	70	3.66
2022	156	17.92	11.04	24.49	301.21	0	70	2.58
2022	157	17.56	15.1	22.16	232.19	0	70	3.6
2022	158	17.65	14.17	21.59	196.69	0	70	3.64
2022	159	18.3	14.41	23.32	157.44	0	70	2.71
2022	160	17.25	13.26	22.4	159.74	0	70	2.33
2022	161	18.05	14.06	23.04	161.27	0	70	2.93
2022	162	18.53	15.08	22.87	202.85	0	70	2.86
2022	163	17.72	14.75	22.14	107.21	0	70	2.94
2022	164	17.4	14.69	20.6	56.58	0	70	2.62
2022	165	18.54	13.6	25.2	189.02	0	70	2.89
2022	166	18.21	13.87	23.45	243.41	0	70	2.5
2022	167	18.51	13	24.43	280.19	0	70	3.28
2022	168	17.88	13.29	22.65	232.95	0	70	3.66
2022	169	17.94	13.13	23.59	178.98	0	70	3.24
2022	170	17.34	13.66	20.91	56.5	0	70	3.06
2022	171	17.32	14.39	22.72	95.34	0	70	3.21
2022	172	17.52	11.97	23.34	313.92	0	70	2.64
2022	173	17.31	14.03	21.74	168.96	0	70	2.83
2022	174	17.17	14.23	20.82	50.52	0	70	3.37
2022	175	16.19	13.44	18.77	92.29	0.1	70	3.34
2022	176	17.48	14.42	21.78	128.3	0	70	2.74
2022	177	17.07	14.73	20.84	244.38	0	70	2.58
2022	178	16.77	13.75	20.25	72.97	0	70	2.65
2022	179	15.83	12.64	19.08	68.47	0	70	2.37
2022	180	15.55	12.03	19.18	188.56	0	70	2.41
2022	181	16.92	11.88	22.74	303.82	0	70	2.96
2022	182	15.67	12.87	18.84	59.77	0	70	2.76
2022	183	17.04	12.25	22.86	328.12	0	70	3.18
2022	184	17.76	13.49	23.66	331.93	0	70	3.57
2022	185	17.13	11.57	22.61	230.21	0	70	2.45
2022	186	16.49	12.71	21.53	72.84	0	70	2.19
2022	187	17.45	12.82	22.84	154.49	0	70	3.43
2022	188	15.61	12.39	19.3	70.14	0	70	3.02
2022	189	15.36	13.06	17.58	72.47	0	70	3.65
2022	190	15.9	13.06	19.38	81.61	0	70	3.71
2022	191	16.41	13.22	20.08	164.59	0	70	3.63
2022	192	17	13.05	23.09	286.28	0	70	4.3
2022	193	15.18	13.43	17.66	82.4	0	70	4.08
2022	194	17.31	11.5	22.93	308.22	0	70	2.69
2022	195	17.63	13.04	22.38	136.36	0	63.78	3.42
2022	196	17.43	13.81	22.05	150.39	0.1	73.16	4.11
2022	197	16.97	14.06	21.37	94.87	0	70.5	3.05
2022	198	15.82	12.43	18.74	48.01	0	74.91	3.56
2022	199	16.82	13.56	19.66	258.03	0	68.57	4.16
2022	200	16.21	13.3	20.87	117.78	0	69.6	3.53
2022	201	15.78	12.57	20.7	175.99	0.1	78.4	3.28
2022	202	16.43	12.59	20.69	165.73	0	68.17	3.49
2022	203	15.58	12.94	21.04	137.6	0	75.4	3.47
2022	204	16.13	12.02	21.94	227.18	0	71.17	3.57
2022	205	16.71	11.95	22.01	217.55	0	69.26	3.35
2022	206	16.52	12.16	22.15	318.48	0	69.15	3.14
2022	207	17.17	13.79	22.15	171.42	0	66.34	3.77
2022	208	16.53	11.26	22.24	263.9	0	69.19	2.86
2022	209	16.86	14.08	21.06	143.83	0	73.01	3.21
2022	210	17.01	13.89	21.47	210.36	0	75.13	3.46
2022	211	16.31	14.21	19.2	221.03	0.2	80.82	3.26
2022	212	17.04	13.71	21.67	123.77	0	71.99	2.87
2022	213	15.77	14.74	17.6	65.52	0	82.37	3.52
2022	214	15.26	13.79	17.63	29.74	0	79	2.79
2022	215	15.85	12.6	20.8	340.3	0	70	3.64
2022	216	16.37	13.5	18.73	131.65	0	75.41	4.86
2022	217	15.54	13.16	19.78	173.11	0	72.26	3.21
2022	218	15.97	10.61	21.32	140.51	0	66.09	2.78
2022	219	14.72	10.49	19.28	108.3	0	74.05	2.9
2022	220	15.17	12.94	20.3	340.3	0	70.71	3.1
2022	221	16.23	11.61	21.52	136.43	0.1	70.32	3.02
2022	222	16.54	13.18	22.49	148.94	0	69.9	3.92
2022	223	16.39	13.35	20.54	262.93	0	74.53	5.08
2022	224	16	12.99	19.88	120.28	0	68.38	4.6
2022	225	16.62	13.25	20.9	95.09	0	73.2	3.54
2022	226	15.9	12.71	19.62	64.39	0	78.45	3.45
2022	227	17.97	15.12	20.93	144.83	0	73.86	3.58
2022	228	18.36	14.54	23.32	182.8	0	70.3	3.14
2022	229	16.2	13.85	21.04	340.3	0	70.9	3.65
2022	230	16.71	10.58	23.93	319.33	0	62.69	2.93
2022	231	17.91	11.12	24.93	326.27	0	58.32	2.82
2022	232	19.29	12.07	27.28	317.81	0	54.37	3.06
2022	233	18.89	11.59	25.68	361.83	0	56.41	3.37
2022	234	17.13	11.58	23.12	317.06	0	64.51	3.45
2022	235	15.92	11.78	20.37	198.14	0	69.24	3.56
2022	236	16.31	11.63	21.08	204.48	0	62.17	3.48
2022	237	16.15	12.38	19.39	91.03	0	72.4	3.56
2022	238	17.04	14.21	21.62	174.09	0	72.9	3.89
2022	239	15.84	14.04	18.59	126.99	0	76.54	3.85
2022	240	16.53	13.43	19.45	135.2	0	71.17	3.26
2022	241	18.06	10.99	24.18	210.51	0	65.74	2.98
2022	242	18.35	12.52	25.35	337.68	0	60.96	3.39
2022	243	16.58	12.68	20.24	67.53	0	69.25	3.25
2022	244	17.57	12.39	23.49	351.03	0	61.14	2.84
2022	245	15.39	13.02	18.12	17.73	0	78.45	2.89
2022	246	16.57	12.95	21.76	143.24	0	71.21	3.02
2022	247	17.12	11.36	24.61	211.83	0	69.45	2.72
2022	248	18.33	12.8	24.05	270.34	0	65.01	2.63
2022	249	17.89	13.97	24.33	214.86	5.31	74.16	2.66
2022	250	16.04	13.76	18.49	142.43	0.1	81.88	3.44
2022	251	16.24	13.46	19.34	49.57	0	72.97	2.86
2022	252	16.45	11.87	20.14	97.48	0	68.42	3.13
2022	253	17.36	11.94	23.7	229.11	0	66	2.98
2022	254	18.19	13.59	23.95	259.01	0	69.87	3.08
2022	255	18.01	14.05	23.07	370.41	0	70.29	3.08
2022	256	16.98	13.06	21.55	213.22	0	73.42	3.39
2022	257	17.35	13.57	21.54	146.56	0	65.85	3.42
2022	258	16.79	12.99	21.06	106.98	0	70.13	4.09
2022	259	17.78	13.84	23.14	233.46	0	65.91	4.54
2022	260	17.42	13.92	21.29	154.72	0	72.98	3.78
2022	261	17.06	12.96	22.45	161.8	0	72.83	3.61
2022	262	19.08	14.39	25.4	340.08	0	67.1	3.47
2022	263	18.57	13.85	24.28	348.03	0	71.5	3.59
2022	264	18.94	13.56	25.37	346.07	0	64.96	3.78
2022	265	18.68	13.52	24.57	387.77	0	66.65	3.67
2022	266	18.71	11.93	25.07	354.81	0	59.6	3.5
2022	267	18.57	12.01	25.22	351.43	0	63.4	3.92
2022	268	18.59	13.24	23.56	304.73	0.51	66.49	4.67
2022	269	18.78	13.63	24.03	338.91	0	64.78	4.3
2022	270	18.39	12.17	24.31	376.58	0	61.17	4.13
2022	271	18.71	12.76	25.03	324.81	0	57.93	3.59
2022	272	18.77	12.6	25.29	337.09	0	59.13	3.66
2022	273	18.34	14.43	23.57	206.54	0	68.18	3.66
2022	274	18.43	14.39	24.96	341.93	13.4	70.88	3.26
2022	275	19.42	14	25.92	337.4	0	64.31	3.22
2022	276	18.88	12.78	25.6	392.88	0	63.29	3.04
2022	277	18.66	12.62	25.66	277.7	0	65.63	3.54
2022	278	18.79	13.84	25.26	396.04	0	66.62	3.81
2022	279	18.51	14.15	24.24	297.77	0	69.72	4.17
2022	280	18.67	14.44	23.88	199.26	0	65.64	3.93
2022	281	18.15	12.43	24.78	381.56	0	60.26	3.91
2022	282	18.36	14.16	23.4	319.23	0	58.33	3.68
2022	283	18.89	13.26	24.27	310.31	0	58.29	3.16
2022	284	18.25	12.49	24.48	330.25	0	60.94	3.34
2022	285	18.7	11.28	25.32	301.02	0	53.02	3.29
2022	286	18.94	13.18	25.63	352.25	0	54.43	3.25
2022	287	18.42	12.28	25.04	392.36	0	56.83	3.67
2022	288	18.47	11.66	25.02	320.5	0	60.5	3.8
2022	289	19.61	13.58	25.57	357.71	0	61.88	4.58
2022	290	20.12	14.68	25.83	303.06	0	63.51	4.18
2022	291	19.6	15.82	24.49	304.72	0	67.43	4.25
2022	292	19.28	14.47	24.79	295.06	0	65.65	4.34
2022	293	18.79	13.38	24.82	258.55	0	67.11	3.93
2022	294	19.37	14.22	25.9	361.03	0	62.1	3.74
2022	295	19.53	13.21	25.98	363.49	0	57.1	3.98
2022	296	19.96	14.31	25.6	312.81	0	61.47	4.03
2022	297	20.78	14.73	27.14	348.8	0	60.32	3.73
2022	298	20.84	15.02	26.66	335.49	0	59.09	3.7
2022	299	20.38	15.27	25.74	370.12	0	63.81	4.59
2022	300	20.21	15.26	25.5	306.24	0	65.33	4.17
2022	301	20.53	15.23	26.72	350.52	0	64.7	3.53
2022	302	20.59	15.29	26.2	321.8	0.41	61.37	4.12
2022	303	19.72	14.93	25.1	367.68	0	63.66	4.13
2022	304	19.82	15.63	25.34	283.86	0	69.09	4.76
2022	305	18.84	16.12	23.33	305.45	0.2	79.45	4.39
2022	306	18.95	16.21	23.06	255.6	0	78.02	4.9
2022	307	18.07	15.21	21.56	248.78	6.7	82.41	3.45
2022	308	19.57	15.15	25.02	305.49	0	68.45	3.83
2022	309	19.83	14.71	25.15	365.75	0	68.94	4.71
2022	310	19.48	15.87	24.56	262.12	0	75.33	4.8
2022	311	19.58	16.08	24.39	303.78	0	73.86	4.9
2022	312	19.61	15.5	24.69	352.2	0	67.34	4.08
2022	313	19.75	15.42	24.7	328.69	0	65.53	4.24
2022	314	20.14	16.14	25.14	292.3	0	67.14	4.81
2022	315	19.63	16.22	24.43	356.25	0	70.45	5.16
2022	316	18.46	15.9	22.41	201.43	0	79.44	4.61
2022	317	19.17	15.36	23.5	214	0	73.57	3.52
2022	318	18.83	16.3	22.84	74.79	0.6	76.38	3.32
2022	319	18.21	16.25	22.61	149.9	1.3	84.19	3.33
2022	320	17.63	15.71	21.45	176.99	2.5	87.11	3.78
2022	321	17.36	14.59	20.68	129.42	1.23	81.86	3.44
2022	322	18.72	14.8	24.33	308.33	0	75.22	4.07
2022	323	18.79	15.74	22.98	283.37	0	78.99	4.98
2022	324	19.07	14.69	24.05	244.93	0	74.38	3.71
2022	325	19.19	14.87	23.92	276.41	6.6	75.23	4.07
2022	326	19.08	16.25	24.44	273.36	0.1	79.62	4.5
2022	327	18.25	15.69	23.31	327.93	0	81.32	4.45
2022	328	17.88	14.48	22.08	333.48	17.9	81.39	4.31
2022	329	18.13	15.15	22.11	374.41	0.4	77.75	4.39
2022	330	18.18	14.5	23.12	368.11	0	73.7	3.7
2022	331	18.65	14.3	24.06	274.63	0	75.04	3.96
2022	332	18.64	16.02	23.18	295.12	0	79.8	4.48
2022	333	17.7	15.31	22.04	281.08	3.5	85.27	4.29
2022	334	17.62	15.56	22.25	307.22	4.2	86.05	4.4
2022	335	18.23	14.97	23.54	359.8	0.51	79.24	4.94
2022	336	18.81	14.34	24.33	301.74	0	72.81	3.98
2022	337	18.53	15.5	23.24	328.85	0	80.92	4.55
2022	338	18.11	15.1	21.48	349.17	14.8	83.92	4.31
2022	339	18.68	15.85	23.25	403.08	0.6	78.79	4.02
2022	340	19.48	15.87	24.14	388.22	0	76.32	3.56
2022	341	19.62	16.37	24.21	416.23	0.41	75.56	4.19
2022	342	19.53	16.34	24.05	385.92	0	76.6	4.67
2022	343	18.89	15.9	24.95	323.63	0	76.64	3.46
2022	344	18.93	15.39	24.04	185.3	0	76.05	2.7
2022	345	19.52	15.58	24.57	369.85	0	74.91	3.55
2022	346	17.6	15.75	20.62	116.55	1.3	85.17	3.36
2022	347	17.73	14.86	22.61	351.09	2.7	83.68	4.42
2022	348	18.38	13.71	23.41	325.59	0	78.55	3.77
2022	349	18.72	14.68	24.18	371.61	0	77.14	3.8
2022	350	19.32	14.83	24.58	332.21	0	75.61	3.79
2022	351	19.52	14.81	24.88	359.02	0	74.49	4.19
2022	352	19.73	15.01	24.79	323.02	0	71.84	4.14
2022	353	19.69	14.66	24.98	316.81	0	67.14	3.59
2022	354	20.16	15.69	25.29	320.89	0	60.93	3.97
2022	355	20.06	15.87	25.46	265.99	0	63.58	3.15
2022	356	19.79	15.88	24.24	180.97	0	71.69	4.1
2022	357	19.55	15.28	25.03	301.36	0	76.68	4.66
2022	358	19.78	14.62	25.19	299.64	0	75.68	4.03
2022	359	19.99	15.61	25.11	257.33	0	73.22	4.44
2022	360	20.04	14.84	25.48	306.69	0	71.88	4.22
2022	361	18.75	16.79	22.71	178.64	0	80.42	3.77
2022	362	19.25	15.39	23.73	249.1	0	71.77	4.25
2022	363	18.86	14.62	23.78	195.7	0	68.53	4.96
2022	364	18.58	13.95	23.49	278.37	0	65.27	4.51
2022	365	18.74	13.61	23.83	326.38	0	60.87	4.51
2023	1	19.25	14.12	24.18	280.23	0	62.72	4.63
2023	2	17.98	13.75	23.01	211.09	0.1	72.71	4.88
2023	3	17.25	15.45	20.82	214.32	10.62	87.78	5.48
2023	4	16.94	15.21	19.18	103.83	4.8	89.25	4.65
2023	5	17.62	14.54	21.55	274.51	0.2	77.42	4.38
2023	6	19.42	13.57	24.66	376.05	0	56.91	3.87
2023	7	19.6	14.23	24.56	355.46	0	60.44	4.2
2023	8	19.01	13.81	24.6	361.29	0	73.27	4.48
2023	9	19.48	16.27	24.33	277.82	0	74.98	5.09
2023	10	19.17	15.9	23.54	312.8	0	73.78	4.69
2023	11	19.18	14.34	24.06	300.67	0	70.07	4.13
2023	12	19.84	14.59	25.32	365.58	0	64.35	4.95
2023	13	19.68	13.39	25.11	359.62	0	57.99	4.46
2023	14	19.45	13.8	24.51	341.86	0	57.68	3.85
2023	15	19.78	13.98	24.89	349.03	0	53.19	4.17
2023	16	19.6	14.32	24.98	347.23	0	58.45	4.01
2023	17	19.44	13.62	24.81	280.46	0	61.1	4.05
2023	18	21.2	14.54	27.44	350.85	0	39.06	3.88
2023	19	21.45	15.57	27.25	356.5	0	43.76	3.63
2023	20	20.97	15.4	26.66	353.82	0	53.2	4.18
2023	21	20.88	14.6	26.14	356.25	0	51.04	4.37
2023	22	20.5	16.16	24.79	235.94	0	54.3	4.54
2023	23	20.05	16.04	24.84	262.47	0	65.03	4.02
2023	24	20.01	14.81	25.45	300.24	0	64.15	4.56
2023	25	20.9	14.87	26.58	352.5	0	58.19	4.1
2023	26	21.4	15.7	28.3	340.3	0	70	3.64
2023	27	19.54	14.2	26.3	340.3	0	70	3.64
2023	28	19.86	13.5	26.8	340.3	0	70	3.64
2023	29	20.24	13.4	27.6	340.3	0	70	3.64
2023	30	20.13	13.7	27.7	340.3	0	70	3.64
2023	31	20.28	13.7	27.8	340.3	0	70	3.64
2023	32	21.34	14.6	29.2	340.3	0.03	70	3.64
2023	33	21.31	14.5	28.9	340.3	0.02	70	3.64
2023	34	21.74	14.5	29.1	340.3	0.05	70	3.64
2023	35	21.78	15	29.8	340.3	0	70	3.64
2023	36	22.05	15.3	29.2	340.3	0	70	3.64
2023	37	21.79	14.8	29.8	340.3	0	70	3.64
2023	38	21.31	14.3	29.2	340.3	0	70	3.64
2023	39	20.73	14.9	27.9	340.3	0	70	3.64
2023	40	20.57	14.6	27.9	340.3	0	70	3.64
2023	41	21.88	14.7	29.5	340.3	0	70	3.64
2023	42	21.2	14.9	28.1	340.3	0	70	3.64
2023	43	20.76	15.5	27.7	340.3	0	70	3.64
2023	44	20.68	13.5	28.5	340.3	0	70	3.64
2023	45	20.33	12.9	28.4	340.3	0	70	3.64
2023	46	21.29	14.1	28.8	340.3	0	70	3.64
2023	47	21.29	14.9	28.5	340.3	0	70	3.64
2023	48	20.35	13.7	27.9	340.3	0	70	3.64
2023	49	20.11	13.9	26.9	340.3	0	70	3.64
2023	50	20.74	15.5	27.9	340.3	0	70	3.64
2023	51	20.73	14.7	27.7	340.3	0	70	3.64
2023	52	20.75	14.3	27.8	340.3	0	70	3.64
2023	53	20.8	14.3	28	340.3	0	70	3.64
2023	54	20.58	14.8	28.5	340.3	0	70	3.64
2023	55	21.66	15.7	28.8	340.3	0	70	3.64
2023	56	21.12	15.5	28	340.3	0	70	3.64
2023	57	21.03	14.9	27.8	340.3	0	70	3.64
2023	58	19.51	15.1	26.5	340.3	0.02	70	3.64
2023	59	20.28	14.7	27.2	340.3	0	70	3.64
2023	60	21.39	14.4	28.5	352.06	0	79.66	3.47
2023	61	21.46	14.7	28.3	352.06	0	79.66	3.47
2023	62	21.75	15.7	28.5	352.06	0	79.66	3.47
2023	63	21.2	15.6	27.9	352.06	0	79.66	3.47
2023	64	20.73	14.9	28	352.06	0	79.66	3.47
2023	65	21.06	14.3	28.2	352.06	0	79.66	3.47
2023	66	20.72	14.1	28.7	352.06	0	79.66	3.47
2023	67	21.25	15.1	29	352.06	0	79.66	3.47
2023	68	22.05	15.8	30	352.06	0	79.66	3.47
2023	69	21.24	15	28.5	352.06	0	79.66	3.47
2023	70	20.72	16.4	26.6	352.06	0	79.66	3.47
2023	71	20.85	15.7	27.4	352.06	0	79.66	3.47
2023	72	20.9	15.6	28.4	352.06	0.02	79.66	3.47
2023	73	20.83	15.8	27.7	352.06	0	79.66	3.47
2023	74	20.69	15.1	26.9	352.06	2.65	79.66	3.47
2023	75	18.26	14.5	23	352.06	11.11	79.66	3.47
2023	76	19.81	15.2	25.9	352.06	0	79.66	3.47
2023	77	20.52	14.3	27.1	352.06	0	79.66	3.47
2023	78	20.74	15.4	27.2	352.06	0	79.66	3.47
2023	79	19.71	14.8	27	352.06	1.29	79.66	3.47
2023	80	17.79	15.3	24.7	352.06	17.81	79.66	3.47
2023	81	19.74	15.8	25.7	352.06	0.19	79.66	3.47
2023	82	19.89	14.2	28.2	352.06	8.7	79.66	3.47
2023	83	20.39	16	26.4	352.06	4.44	79.66	3.47
2023	84	18.23	14.9	21.3	352.06	15.26	79.66	3.47
2023	85	18.13	14.8	21.8	352.06	11.05	79.66	3.47
2023	86	19.95	14.8	25.4	352.06	0	79.66	3.47
2023	87	20.19	16.2	26.7	352.06	0	79.66	3.47
2023	88	19.85	15.7	26.2	352.06	0	79.66	3.47
2023	89	20.25	16.4	25.9	352.06	0	79.66	3.47
2023	90	19.22	15.8	26.4	352.06	0	79.66	3.47
2023	91	20.68	15.4	27.7	352.06	0	79.66	3.47
2023	92	20.74	15.6	27.3	352.06	0	79.66	3.47
2023	93	19.65	13.6	26.3	352.06	0	79.66	3.47
2023	94	18.7	13.6	24.6	352.06	0	79.66	3.47
2023	95	19.09	15.5	24	352.06	3.91	79.66	3.47
2023	96	18.19	15.5	22.9	352.06	0.37	79.66	3.47
2023	97	19.77	15.9	25.4	352.06	0.12	79.66	3.47
2023	98	16.99	15.5	20.7	352.06	16.55	79.66	3.47
2023	99	18.19	15.6	23.1	352.06	1.04	79.66	3.47
2023	100	19.22	15.6	24.8	352.06	0.14	79.66	3.47
2023	101	18.05	15.8	21.6	352.06	1.16	79.66	3.47
2023	102	18.26	16.2	22.3	352.06	2.72	79.66	3.47
2023	103	18.46	15	23	352.06	8.75	79.66	3.47
2023	104	17.18	15.4	21.2	352.06	9.15	79.66	3.47
2023	105	17.96	15.5	23.3	352.06	2.13	79.66	3.47
2023	106	18.25	14.6	23.1	352.06	0.88	79.66	3.47
2023	107	18.56	15.7	23.6	352.06	1.27	79.66	3.47
2023	108	18.79	15.4	23.8	352.06	1.92	79.66	3.47
2023	109	22.3	22.3	22.3	352.06	0	64.7	3.47
2023	110	21.07	17	24.09	352.06	0	71.13	3.74
2023	111	20.16	17.07	25.36	352.06	1	80.23	2.82
2023	112	18.06	16.81	19.59	352.06	17.06	92.29	2.83
2023	113	19.19	15.33	23.64	352.06	0	80.92	2.44
2023	114	20.13	17.32	24.31	352.06	0	81.88	2.65
2023	115	18.92	15.95	22.83	352.06	5.1	86.61	2.42
2023	116	18.55	16.41	22.86	352.06	35	89.17	1.62
2023	117	19.06	15.7	23.06	352.06	0.1	80.9	2.39
2023	118	17.85	16.69	20.08	352.06	11.7	90.83	2.03
2023	119	18.04	15.51	21.49	352.06	0	85.63	2.1
2023	120	18.66	16.79	22.47	352.06	14.3	87.36	2.18
2023	121	18.02	16.16	20.28	352.06	22.6	89.17	2.66
2023	122	18.54	14.62	22.18	352.06	0.6	84.6	2.64
2023	123	18.27	16.54	21.52	352.06	0.1	89.09	3.64
2023	124	18.61	15.12	23.36	352.06	0	83.58	1.96
2023	125	18.67	14.48	23.52	352.06	0	82.14	2.29
2023	126	18.86	15.23	23.42	352.06	0	82.42	2.8
2023	127	18.79	15.61	23.07	352.06	0	83.04	2.71
2023	128	19.09	15.8	23.44	352.06	0	81.1	2.44
2023	129	18.17	16.24	21.58	352.06	0.1	86.29	3.69
2023	130	18.56	16.06	22.68	352.06	0	81.82	3.32
2023	131	18.15	15.1	22.15	352.06	0	82.4	3.2
2023	132	18.06	14.02	23.32	352.06	0	80.69	2.41
2023	133	19.24	15.48	24.25	352.06	0	80.52	2.45
2023	134	19.23	16.33	24.04	352.06	0	79.02	3.41
2023	135	18.59	14.77	23.4	352.06	0	80.56	2.58
2023	136	18.6	14.35	23.74	352.06	0	75.81	2.95
2023	137	19.07	15.98	23.06	352.06	0	78.16	2.98
2023	138	18.29	13.91	22.89	352.06	0	81.01	2.73
2023	139	18.37	14.63	23.8	352.06	0	79.61	2.45
2023	140	19.41	13.13	26.12	352.06	0	72.85	2.35
2023	141	19.27	13.3	24.7	352.06	0	73.65	2.67
2023	142	19.83	15.97	25.45	352.06	0	76.68	2.49
2023	143	19.78	16.04	24.78	352.06	0	77.59	3.21
2023	144	18.99	14.96	23.77	352.06	0	73.95	3.17
2023	145	19.11	14.58	23.87	352.06	0	72.29	3.33
2023	146	18	14.1	22.59	352.06	0	75.42	3.35
2023	147	16.64	12.72	21.05	352.06	0.3	82.01	3.15
2023	148	17.5	14.02	22.45	352.06	0.1	80.72	3.26
2023	149	16.53	14.07	19.75	352.06	2.6	89.1	3.74
2023	150	17.26	13.76	20.82	352.06	0	82.09	2.58
2023	151	18.19	15.48	23.03	165.37	0	78.43	2.52
2023	152	19.1	14.83	24.04	252.18	0	74.88	3.37
2023	153	19.11	15.58	23.99	273.08	2.6	76.13	3.6
2023	154	18	14.69	22.03	69.78	0	80.43	3.46
2023	155	17.66	13.89	22.83	199.47	0	79.68	3.11
2023	156	19.15	14.11	24.66	306.03	0	72.1	2.52
2023	157	18.83	15.25	23.88	200.96	0.2	76.26	3.01
2023	158	18.95	13.44	24.91	360.35	0	62.02	2.54
2023	159	19.36	12.31	26.04	365.95	0	64.25	2.55
2023	160	18.79	15.88	23.8	229.63	0	75.18	3.93
2023	161	18.3	13.62	24.32	251.44	0	74.56	2.85
2023	162	19.59	14.98	24.61	351.39	0	63.15	2.73
2023	163	19.64	14.92	24.48	241.6	0.2	63.95	2.52
2023	164	17.84	13.52	22.29	190.26	0	74.48	2.64
2023	165	18.81	14.98	25.01	245.06	0	78.03	2.24
2023	166	17.89	14.88	21.55	141.38	0	77.07	2.1
2023	167	18.54	14.65	23.95	188.56	0	74.76	2.65
2023	168	16.83	14.59	19.37	54.07	0	80.78	3.03
2023	169	17.38	13.35	22.42	172.24	0	74.23	2.81
2023	170	17.84	12.97	22.96	224.37	0	73.04	2.49
2023	171	18.42	14.65	22.7	138.18	0	77.27	2.83
2023	172	17.83	15.91	20.93	191.66	0	79.93	3.14
2023	173	17.11	14.77	20.05	117.71	0	78.53	2.92
2023	174	16.87	15.44	18.65	61.62	0	81.36	3.27
2023	175	17.72	14.23	22.8	198.47	0	69.59	2.7
2023	176	18.16	13.41	24.21	249.27	0	60.96	2.39
2023	177	16.67	13.5	21.31	115.2	0	76.59	2.67
2023	178	16.59	13.91	20.48	94.91	0	79.69	2.63
2023	179	17.33	12.34	22.77	236.09	0	73.82	2.46
2023	180	16.34	13.54	19.66	114.41	0	79.4	2.51
2023	181	17.5	14.71	21.1	109.4	0	75.77	3.1
2023	182	17.09	14.5	20.39	26.13	0	79.28	3.5
2023	183	16.91	14.71	19.94	85.05	0	75.76	3.45
2023	184	17.14	13.46	21.06	61.39	0	73.3	3.53
2023	185	16.5	13.97	19.82	167.11	0	73.98	3.97
2023	186	15.27	12.43	18.94	12.18	0	79.14	2.19
2023	187	18.06	15.84	19.51	95.63	0	66.31	4.78
2023	188	16.23	14.2	18.34	100.56	0	71.89	4.13
2023	189	16.26	12.37	20.81	159.02	0	72.12	3.26
2023	190	16.77	11.2	23.56	248.11	0	72.19	2.32
2023	191	18.69	10.53	26.26	315.31	0	65.96	2.48
2023	192	18.73	13.05	25.43	289.71	0	67.15	2.61
2023	193	16.82	13.68	20.29	189.55	0	74.61	3
2023	194	16.93	12.67	20.86	192.7	0	72.44	3.07
2023	195	18.08	13.39	23.37	212.77	0	65.2	3.12
2023	196	17.13	12.58	22.48	132.91	0	70.3	2.48
2023	197	16.52	12.53	20.62	203.16	0	72.56	2.49
2023	198	15.86	11.93	19.8	67.65	0	73.96	2.59
2023	199	16.31	12.25	21.51	91.4	0	71.79	3.25
2023	200	16.74	12.41	21.44	65.78	0	73.66	2.79
2023	201	18.82	12.14	25.91	312.23	0	61.97	2.95
2023	202	18.53	13.18	24.25	317.92	0	62.06	3.24
2023	203	17.85	14.49	22.47	64.01	0	70.11	3.15
2023	204	17.62	14.85	21.88	183.78	0	74.82	3.76
2023	205	17.38	13.13	21.38	87.99	0	73.91	2.7
2023	206	18.01	15.6	22.06	164.12	0	74.49	3.37
2023	207	16.77	14.22	22.16	164.8	0	75.2	3.05
2023	208	16.96	12.3	21.48	97.12	0	71.97	2.7
2023	209	16.78	14.6	20.27	100.08	0	75.65	3.99
2023	210	16.67	13.6	21.41	84.46	0	77.88	2.76
2023	211	17.75	12.74	24.26	309.83	0	75.95	2.78
2023	212	18.63	12.91	25.69	320.4	0	71.32	2.99
2023	213	17.26	14.02	21.61	108.1	0	75.7	3.71
2023	214	17.03	13.91	20.32	245.22	0.1	76.65	5.05
2023	215	15.78	15.4	16.35	340.3	0	84.12	3.86
2023	216	17	13.1	21.4	340.3	0.05	70	3.64
2023	217	16.92	12.7	22.3	340.3	0	70	3.64
2023	218	16.78	13.6	22	340.3	0.56	70	3.64
2023	219	17.39	11.9	24.6	340.3	0	70	3.64
2023	220	19.19	16.1	22.77	340.3	0	60.43	3.98
2023	221	16.3	14.35	19.47	99.72	1.5	82.14	3.25
2023	222	17.41	14.54	21.9	340.3	0	74.2	3.32
2023	223	17.26	13.47	21.84	340.3	0	70.81	2.72
2023	224	16.43	11.83	22.03	340.3	0	69.39	2.8
2023	225	17.57	11.74	23.44	340.3	0	67.25	3.53
2023	226	18.23	12.32	24.09	340.3	0	66.17	3.32
2023	227	19.11	13.96	24.68	340.3	0	69.91	3.56
2023	228	18.74	15.68	22.93	340.3	0	69.27	3.69
2023	229	18.19	14.99	22.6	340.3	0	70.44	3.82
2023	230	17.99	14.35	23.52	340.3	0	68.34	4.51
2023	231	18.84	13.73	25.12	340.3	0	60.16	3.04
2023	232	19.25	12.04	25.81	340.3	0	51.77	3.25
2023	233	19.13	12.72	24.83	340.3	0	55.64	3.8
2023	234	20.08	15.13	25.93	340.3	0	60.22	3.34
2023	235	18.24	12.75	24.9	278.29	0	66.35	3.65
2023	236	18.13	13.52	24.14	286.17	0	67.29	3.42
2023	237	18.43	12.48	24.75	339.26	0	67.22	3.85
2023	238	19.73	14.79	25.96	370.39	0	61.21	3.94
2023	239	19.43	14.24	26.09	348.37	0	62.14	3.64
2023	240	18.38	14.17	23.01	204.73	0	66.11	4.3
2023	241	18.08	13.66	22.52	203.21	0	65.33	4.51
2023	242	18.02	15.12	21.84	184.28	0	72.23	4.32
2023	243	18.07	15.24	22.71	132.61	0	72.33	3.66
2023	244	18.87	15.46	23.51	134.25	0	70.98	3.71
2023	245	18.68	15.53	23.49	177.46	0	71.85	3.22
2023	246	18.9	12.73	25.89	309.28	0	65.73	3.63
2023	247	18.78	14.35	24.48	183.69	0	65.77	3.56
2023	248	19.63	13.74	25.63	239.41	0	65.78	3.22
2023	249	20.42	13.62	26.98	276.93	0	59.99	2.42
2023	250	18.55	15.47	24.24	183.01	23.2	79.81	2.36
2023	251	17.83	15.35	20.88	216.31	1.5	84.97	3.37
2023	252	17.63	15.18	20.3	237.69	0	79.53	3.56
2023	253	18.7	13.12	24.8	304.84	0	69.46	3.47
2023	254	19.63	15.06	25.4	286.39	0	68.96	3.1
2023	255	20.1	15.27	26.39	311.18	0	70.71	2.69
2023	256	18.54	15.58	23.43	212.37	0	78.29	3.58
2023	257	19.3	15.09	24.61	303.08	0	61.66	4.59
2023	258	18.25	15.11	22.31	305.08	0	70.57	3.47
2023	259	19.19	13.58	25.41	335.8	0	67.65	3.06
2023	260	20.08	15.78	27.18	352.88	7.9	69.76	3.16
2023	261	19.27	15.2	24.9	296.61	0	71.05	3.53
2023	262	19.43	14.03	24.85	321.49	0	70.28	3.57
2023	263	20.13	15.04	27.25	425.01	0	68.7	2.81
2023	264	20.11	14.46	26.74	335.61	0	68.67	3.61
2023	265	20.33	15.96	25.85	292.61	0	63.45	4.06
2023	266	19.54	15.6	24.75	214.41	0	65.68	4.21
2023	267	18.87	16.08	24.31	306.57	0	72.24	4.2
2023	268	20.51	14.71	27.22	310.98	0	58.63	3.17
2023	269	20.23	13.96	27.28	291.16	0	64.9	2.78
2023	270	20.27	14.8	26.27	303.74	0	67.24	3.51
2023	271	18.89	16.03	22.69	79.8	0	71.98	3.83
2023	272	19.89	13.95	26.59	315.98	0	67.54	3.7
2023	273	19.74	15.23	26.4	221.85	0	71.17	4.05
2023	274	20.87	16.39	27.58	279.48	0	66.11	3.52
2023	275	20.79	14.59	27.58	290.74	0	61.65	3.22
2023	276	18.98	12.25	25.45	355.89	0	61.51	3.36
2023	277	17.97	16.28	21.07	340.3	0	79.37	4.62
2023	278	18.71	15.17	23.32	340.3	0.1	73.05	3.82
2023	279	20.09	15.8	26.43	340.3	0	67.62	4.09
2023	280	20.12	14.92	26.08	340.3	0	59.02	3.57
2023	281	20.74	13.07	27.9	340.3	0	56.38	3.34
2023	282	21.15	14.46	27.94	340.3	0	61.27	4.24
2023	283	20.8	16.31	27.4	340.3	0	66.42	5.2
2023	284	20.65	14.57	26.53	340.3	0	61.27	4.42
2023	285	21.22	14.61	27.95	29.44	0	58.16	4.01
2023	286	22.07	14.44	29.04	427.23	0	57.17	3.61
2023	287	22.09	16.24	28.14	428.3	0	64.39	5.2
2023	288	21.94	17.65	27.56	348.26	0	67.16	5.57
2023	289	20.65	16.41	25.56	391.86	0.5	73	4.75
2023	290	20.59	17	26.7	287.02	0.1	72.18	3.44
2023	291	21.14	17.4	25.88	391.89	0	71.74	4.22
2023	292	19.67	16.88	24.57	333	0.9	79.34	4.75
2023	293	19.63	14.75	24.34	333.2	0	70.86	3.97
2023	294	20.13	15.77	25.43	317.38	0	68.67	4.18
2023	295	21.29	16.21	26.31	335.48	0	56.17	3.38
2023	296	20.92	15.51	26.96	386.79	0	56.58	3.52
2023	297	21.26	15.27	26.84	361.83	0	62.73	3.41
2023	298	21.43	17.08	26.31	373.89	0	67.31	4.54
2023	299	19.75	16.89	24.27	302.02	1.9	76.47	4.64
2023	300	19.99	16.11	24.47	275.17	0	70.49	3.55
2023	301	20.44	15.29	26.18	299.92	0	67.55	3.87
2023	302	20.44	16.2	25.09	293.17	0	66.86	3.74
2023	303	19.84	16.07	25.11	320.12	0	72.71	4.13
2023	304	19.58	16.66	24.13	286.44	4.5	78.4	4.26
2023	305	20.19	15.98	25.04	301.58	0	72.37	3.77
2023	306	18.89	16.55	22.21	304.4	32.9	85.22	3.63
2023	307	18.28	16.62	22.5	326.5	8.3	88.67	3.3
2023	308	18.22	15.53	21.34	294.16	8.6	84.66	3.2
2023	309	18.8	16.42	23.16	313	7.2	85.41	3
2023	310	19.32	16.17	24.13	442.3	28.39	81.98	3.32
2023	311	19.12	15.6	23.81	471.37	35.8	82.53	2.9
2023	312	18.59	16.89	21.94	329.38	3.1	88.16	3.48
2023	313	19.14	15.53	23.06	388.75	0	78.03	3.7
2023	314	18.8	16.01	22.5	265.7	17.8	85.21	3.72
2023	315	18.04	15.14	21.42	278.59	11.1	87.17	4.04
2023	316	18.82	16.5	23.13	342.78	4.4	86.05	3.73
2023	317	18.97	16.48	22.72	418.36	3.9	87.41	4.58
2023	318	18.57	16.33	23.09	332.43	22.2	89.79	2.51
2023	319	18.42	16.63	22.5	327.11	5.7	89.16	3.26
2023	320	18.56	16.26	22.07	379.33	6.6	87.77	3.73
2023	321	18.58	16.27	22.19	301.92	2.5	87.67	3.39
2023	322	19.16	16.24	23.04	360.37	1.74	82.42	3.52
2023	323	19.33	16.45	23.33	426.02	1.4	82.05	3.47
2023	324	18.81	15.89	23.3	398.04	0.4	85.17	3.46
2023	325	18.89	16.91	22.18	319.64	14.2	87.74	3.58
2023	326	18.29	16.52	21.89	360.61	8.7	91.68	4.05
2023	327	18.41	16.01	21.81	332.88	3.6	87.89	4.08
2023	328	18.6	16.2	22.59	392.39	9	87.44	3.59
2023	329	18.63	16.17	22.4	319.92	6.8	87.22	2.76
2023	330	18.31	15.64	21.96	339	8.4	89.85	3.28
2023	331	19.47	15.78	24.04	471.51	2.6	77.23	3.81
2023	332	19.07	16.67	23.43	349.55	0	83.95	3.15
2023	333	19.54	16.52	23.98	498.21	0	75.99	3.76
2023	334	19.2	15.46	23.4	483.41	0	72.17	3.74
2023	335	19.08	14.87	23.94	461.96	0	71.36	3.2
2023	336	19.51	14.76	24.39	411.98	0	75.32	3.14
2023	337	19.26	16.65	23.41	401.68	0	82.54	3.88
2023	338	18.98	15.93	23.5	363.5	0	80.18	3.54
2023	339	19.21	15.7	24.03	404.09	0	75.45	2.89
2023	340	19.08	16.36	23.58	383.18	0	79.45	2.86
2023	341	19.16	13.78	24.68	473.77	0	76.59	2.78
2023	342	19.31	14.63	24.83	446.49	0	70.69	2.85
2023	343	18.69	14.4	23.86	398.57	0	78.08	2.72
2023	344	19.39	16.5	23.57	397.26	0.8	80.59	4.16
2023	345	19.18	15.52	23.85	396.18	0.1	80.1	3.6
2023	346	19.24	15	24.28	353.75	0	81.24	2.85
2023	347	19.64	15.87	24.75	349.7	0	82.55	2.64
2023	348	19.65	17.22	23.88	355.75	0.1	85.12	3.01
2023	349	18.97	16.04	22.86	373.16	4.7	87.32	4.19
2023	350	18.27	16.3	21.59	235.59	0	85.91	4.21
2023	351	18.93	15.66	23.38	376.45	0	79.05	3.99
2023	352	18.79	15.6	23.31	400.29	0.1	80.3	3.54
2023	353	19.29	16.03	23.73	350.94	0	76.19	2.57
2023	354	18.81	14.53	23.85	403.15	0	78.18	2.74
2023	355	19.55	15.62	24.47	407.99	0	74.8	3.57
2023	356	19.31	15.92	23.7	323.94	2.2	83.67	3.45
2023	357	18.94	16.36	23.24	309.77	6.7	86.91	3.82
2023	358	20.22	16.91	24.8	409.78	0.7	81.63	3.41
2023	359	20.3	17.16	25.01	417.6	0	83.61	3.95
2023	360	18.96	16.81	22.36	248.07	0.6	86.86	4.58
2023	361	18.91	14.84	23.14	434.42	0	73.13	3.85
2023	362	19.96	15.72	24.86	444.77	0	68.75	3.05
2023	363	20.22	15.6	25.2	410.62	0	77.61	2.63
2023	364	20.21	16.76	25.21	330.63	0	81.03	3.1
2023	365	20.6	17.19	25.44	386.32	0	78.05	2.63
2024	1	20.55	16.91	25.02	395.65	2.14	79.65	2.95
2024	2	20.07	16.56	24.68	328.04	18.7	80.88	2.81
2024	3	20.13	17.2	24.79	425.13	0	76.48	2.76
2024	4	19.96	16.09	24.53	390.43	0	78.53	2.37
2024	5	19.14	16.57	24.91	303.88	9.3	81.65	2.17
2024	6	19.09	16.54	23.04	280.32	10.8	86.83	2.06
2024	7	18.92	16.76	22.92	273.23	11	85.78	2.74
2024	8	19.43	16.57	23.66	356.87	0	82.43	3.18
2024	9	19.08	15.93	23.21	462.74	0	80.3	2.95
2024	10	18.79	14.92	22.81	326.66	0.7	80.51	2.45
2024	11	19.15	16	24.15	297.42	3	83.1	1.91
2024	12	19.59	16.95	23.85	259.61	16.24	85.06	1.93
2024	13	18.52	16.36	22.04	190.84	31	90.67	1.92
2024	14	20.09	17.75	24.48	277.53	0	83.03	1.77
2024	15	20.34	17.24	24.64	379.93	0.1	81.08	2.65
2024	16	20.38	16.41	25.06	366.77	0	77.44	1.81
2024	17	20.19	16.93	24.19	312.15	0	80.54	1.92
2024	18	19.37	17.01	23.03	311.02	0	82.27	2.99
2024	19	18.89	16.86	23.7	315.68	0	76.86	1.33
2024	20	18.84	16.4	25.2	340.3	0.37	70	3.64
2024	21	19.77	14.3	25.1	340.3	0.03	70	3.64
2024	22	18.64	12.5	25.4	340.3	0.14	70	3.64
2024	23	18.39	10.6	25.7	340.3	0.1	70	3.64
2024	24	19	10.1	26.6	340.3	0.1	70	3.64
2024	25	19.82	11.6	27.6	340.3	0.14	70	3.64
2024	26	20.36	14.2	27.2	340.3	0	70	3.64
2024	27	19.84	14.3	26.4	340.3	0.19	70	3.64
2024	28	19.41	12	26.6	340.3	0.17	70	3.64
2024	29	19.72	13.8	26.5	340.3	0.14	70	3.64
2024	30	19.8	14.1	27	340.3	0.17	70	3.64
2024	31	19.5	13.7	26.1	340.3	0.17	70	3.64
2024	32	18.61	12.1	26.6	340.3	0.22	70	3.64
2024	33	19	10.6	27.5	340.3	0.1	70	3.64
2024	34	20.13	11.5	28.4	340.3	0.09	70	3.64
2024	35	20.05	15.9	25.7	340.3	0	70	3.64
2024	36	20.33	13.6	28	340.3	0.07	70	3.64
2024	37	20.57	14.7	28.3	340.3	0.1	70	3.64
2024	38	21.15	17.7	26.22	221.31	0	67.37	2.95
2024	39	20.08	15.99	24.99	346.47	0	75.07	3.1
2024	40	20.99	15.87	26.34	462.24	0	73.07	3.54
2024	41	20.64	17.09	26.15	447.48	0	78.1	4.11
2024	42	19.97	14.37	26	399.42	0	76.3	3.03
2024	43	20.55	14.43	26.68	468.14	0	69.09	2.94
2024	44	21.28	15.75	27.18	457.02	0	65.69	3.33
2024	45	21.47	15.82	27.65	459.04	0	62.63	3.77
2024	46	21.39	14.98	27.63	467.3	0	61.12	3.12
2024	47	20.85	14.84	26.93	431.15	0	65.61	3.49
2024	48	21.07	15.83	27.36	446.37	0	68.6	4
2024	49	22.65	14.91	29.69	443.2	0	58.75	3.44
2024	50	23.05	17.38	29.57	416.22	0	61.66	2.57
2024	51	22.11	17.2	28.55	387.18	11.4	70.1	3.1
2024	52	21.85	16.8	28.03	449.79	0.1	68.65	4.39
2024	53	20.86	16.12	26.32	473.39	0	65.55	4.82
2024	54	20.17	16.55	25.25	359.8	0	67.57	5.02
2024	55	18.94	16.09	24.26	408.31	17.4	81.4	4.01
2024	56	20.54	16.07	25.74	363.46	0.2	73.2	2.49
2024	57	21.06	16.67	26.91	303.73	0	73.15	2.15
2024	58	20.5	17.29	27.15	377.02	3.5	77.4	2.15
2024	59	20.08	15.68	26.25	349.14	8.9	77.9	2.3
2024	60	21.47	17.31	26.54	464.21	3.2	73.18	2.91
2024	61	21.05	16.2	26.2	490.4	0	75.55	2.82
2024	62	21.18	17.12	26.2	401.99	0	72.25	3.41
2024	63	21.32	16.24	27.18	467.74	0	68.87	2.48
2024	64	21.55	16.18	27.88	325.93	0	68.87	2.48
2024	65	20.75	17.43	25.55	496.01	0	77.21	3.75
2024	66	20.5	16.45	25.77	389.11	0	75.04	3.54
2024	67	21.01	15.45	26.84	383.34	0	69.08	3.33
2024	68	21.68	15.35	28.29	444.41	0	66.99	2.64
2024	69	21.49	16.93	27.21	452.61	0.3	71.68	3.69
2024	70	21.36	16.35	27.36	432.49	0	69.4	4.23
2024	71	21.48	16.61	27.44	460.68	0	65.35	4.51
2024	72	21.21	14.96	27.75	447.12	0	59.91	3.27
2024	73	21.53	15.6	27.85	454.11	0	62.34	3.32
2024	74	20.69	16.64	26.53	326.48	0	73.5	3.73
2024	75	20.32	15.36	26.03	367.02	0	69.98	3.63
2024	76	20.56	14.77	26.78	446.98	0	65.62	3.09
2024	77	22.14	15.52	29.49	377.6	0	60.85	2.59
2024	78	21.85	16.88	27.72	393.51	0	69.84	3.84
2024	79	21.66	16.59	27.9	370.2	0	69.79	3.51
2024	80	21.23	17.05	27.02	395.68	0.4	74.14	3.79
2024	81	21.71	16.73	27.92	411.73	0.1	67.1	3.21
2024	82	22.27	16.56	28.8	446.89	0	64.25	3.12
2024	83	20.86	16.19	27.55	243.77	37.7	77.31	2.77
2024	84	20.59	16.53	26.68	356.46	7.8	79.66	3.18
2024	85	20.46	15.28	27.48	447.62	11.1	78.99	2.84
2024	86	21.11	18	25.76	403.26	0	78.4	3.73
2024	87	20.43	17.71	26.29	469.38	0	81.8	3.56
2024	88	20.27	17.05	25.24	387.91	0.1	79.62	3.72
2024	89	20.33	15.75	25.54	384.8	3	78.9	2.98
2024	90	19.7	17.7	24.45	397.67	2.2	87.25	3.79
2024	91	19.35	16.36	23.47	361.35	0	86.92	3.98
2024	92	19.69	16.66	24.31	411.35	0.3	82.88	3.42
2024	93	20.26	17.37	24.64	404.5	0	82.41	2.73
2024	94	20.38	16.21	25.5	389.48	0	79.51	2.81
2024	95	20.24	17.33	25.29	408.25	0	81.76	2.85
2024	96	20.98	17.46	25.42	495.83	0	79.76	3.18
2024	97	19.56	16.1	24.02	320.78	0	88.71	2.51
2024	98	20.89	16.82	25.55	465.87	0	80.14	2.74
2024	99	20.22	17.88	24.38	288.36	0	86.2	1.74
2024	100	19.47	15.67	24.82	316.19	0	82.2	2.32
2024	101	20.72	16.59	26.32	467.72	0	79.33	2.71
2024	102	20.82	16.64	26.28	403.22	0	81.62	2.48
2024	103	20.37	16.5	24.76	394.07	0	84.83	2.54
2024	104	19.98	17.24	23.99	283.53	0	86.72	2.09
2024	105	20.43	17.16	25.03	381.75	0	83.8	2.09
2024	106	19.59	17.16	24.52	337.59	0	86.57	2.49
2024	107	20.04	16.62	24.46	380.13	0	81.86	2.3
2024	108	20.44	17.3	25.28	457.11	12.3	81.68	2.78
2024	109	20.78	17.98	25.29	387.17	0	79.7	2.61
2024	110	19.96	16.99	24.12	261.47	0	83.55	2.5
2024	111	20.09	16.15	25	409.86	0	82.23	2.9
2024	112	19.11	16.83	24.05	261.24	0	88.92	2.72
2024	113	19.9	16.84	24.63	393.14	0.1	86.51	2.69
2024	114	20.22	17.92	24.13	287.86	0	86.38	2.73
2024	115	20.01	17.38	24.69	397.84	0	86.96	3.16
2024	116	19.21	17.84	24.04	248.92	24.9	90.55	2.43
2024	117	18.35	16.25	22.65	322.38	31.8	90.97	2.56
2024	118	19.75	17.01	24.01	363.68	0.6	85.18	2.94
2024	119	19.52	17.46	22.63	322.68	0.3	85.98	2.84
2024	120	18.98	16.26	24.9	308.6	61.1	87.51	1.55
2024	121	20.46	17.01	26.24	370.88	4.8	83.42	2.08
2024	122	19.78	17.34	24.71	313.36	33.6	88.22	2.42
2024	123	19.37	17.6	24.77	220.98	6.1	91.45	1.87
2024	124	20.26	17.52	23.67	250.35	11	85.49	2.62
2024	125	18.93	16.82	23.3	199.33	43	92.35	1.73
2024	126	19.81	16.73	25.59	355.03	0.3	85.06	2.33
2024	127	18.57	15.88	22.23	194.62	26.6	90.14	1.99
2024	128	18.94	16.7	22.76	265.87	3.2	89.23	2.8
2024	129	18.61	16.65	22.64	272.42	1.5	87.04	2.67
2024	130	18.29	15.7	21.96	221.21	0.2	84.36	2.93
2024	131	18.43	16.26	22.18	245.47	0.9	87.81	2.75
2024	132	19.21	14.99	24.73	355.95	0.1	83.65	2.1
2024	133	18.48	13.81	24.15	364.68	0	85.88	2.48
2024	134	18.36	13.25	24.3	406.86	0.1	83.93	2
2024	135	19.26	15.22	24.31	409.13	0.1	81.14	2.38
2024	136	19.52	15.58	24.66	363.03	0	79.05	2.29
2024	137	19.04	13.74	24.73	335.25	0.6	84.19	2
2024	138	19.95	16.67	25.07	386.38	0	85.06	1.96
2024	139	20.26	15.12	25.41	356.48	0	77.84	2.04
2024	140	20.01	14.87	25.19	378.57	0	78.69	2.27
2024	141	20.71	17.22	25.42	371.92	0	76.51	3.11
2024	142	20.28	16.73	24.37	379.91	0	75.62	3.07
2024	143	19.21	16.03	23.61	340.49	6.84	80.27	2.79
2024	144	17.97	15.66	21.07	229.96	0.7	88.1	3.39
2024	145	18.97	16.2	23.28	289.83	0	79.71	3.16
2024	146	18.81	15.62	23.4	245.17	0	83.52	2.45
2024	147	18.93	15.51	24.42	350.98	0	83.63	2.41
2024	148	18.54	11.56	25.98	411.7	0.1	83.01	2.5
2024	149	18.04	15.01	23.06	259.34	0	85.19	2.32
2024	150	17.96	14.38	23.19	309.2	0	82.19	2.09
2024	151	18.11	11.98	24.23	430.52	0	78.05	2.24
2024	152	18.48	13.29	24.34	384.53	0	78.66	2.34
2024	153	18.81	13.4	24.46	406	0	78.98	2.55
2024	154	18.72	15.05	23.65	337.85	0	81.12	2.13
2024	155	18.76	14.57	23.67	270.46	0	83.39	2.22
2024	156	19.43	15.38	24.35	434.98	0	78.99	2.25
2024	157	18.01	14.76	22.76	245.66	0	83.86	2.42
2024	158	17.85	14.55	22.77	230.89	0	84.1	2.83
2024	159	18.59	13.81	24.41	305.4	0	80.97	2.32
2024	160	17.58	13.67	22.28	252.23	0	81.38	2.65
2024	161	16.92	14.85	19.93	113.71	0	82.21	2.44
2024	162	17.92	14.05	23.12	304.88	0	74.68	2.61
2024	163	17.26	12.78	22.84	334.72	0	73.55	2.36
2024	164	17.26	12.4	23.55	398.22	0	73.13	2.46
2024	165	17.42	11.72	24.37	383.97	0	73.26	2.24
2024	166	17.54	11.58	23.45	316.13	0.1	73.1	2.31
2024	167	17.22	12.53	21.8	286.44	0	76.35	2.45
2024	168	17.4	11.63	22.98	336.6	0	71.28	2.33
2024	169	17.58	12.78	24.44	340.28	0	73.4	2.68
2024	170	17.48	10.72	23.51	360.31	0	71.13	2.32
2024	171	17.54	14.02	23.42	276.38	4.1	85.08	2.96
2024	172	16.73	14.32	19.57	156.59	0.6	87.69	2.84
2024	173	16.68	13.1	21.26	354.9	0	78.34	3.65
2024	174	16.1	12.21	21.49	268.58	0	76.38	2.77
2024	175	16.68	11.66	22.3	359.51	0	71.96	2.65
2024	176	16.27	11.95	21.83	306.54	0	75.07	2.67
2024	177	16.25	10.13	22.35	355.04	0	67.98	2.71
2024	178	16.93	11.5	22.31	337.48	0	69.25	2.54
2024	179	15.89	12.56	21.1	215.27	0.1	80.33	3.43
2024	180	15.99	11.54	21.35	260.48	0	75.11	2.18
2024	181	17	13.18	22.7	359.61	0	76.21	2.17
2024	182	16.22	12.18	21.92	218.53	0	78.21	2.11
2024	183	17.54	12.45	23.58	392.55	0	72.04	2.42
2024	184	17.5	11.17	23.79	351.02	0	70.05	2.38
2024	185	17.53	11.51	23.27	314.43	0	72.45	2.19
2024	186	17.66	12.75	23.78	360.78	0	72.41	2.51
2024	187	17.5	12.38	23.54	302.01	0	73.61	2.41
2024	188	17.87	13.59	23.61	220.86	0	79.63	2.29
2024	189	17.79	15.11	22.79	216.64	23	84.48	1.74
2024	190	18.33	13.79	26.17	372.56	0.7	82.58	2.54
2024	191	18.6	15.05	23.27	306.9	0	80.29	2.74
2024	192	16.85	12.49	22	295.04	0	72.61	2.5
2024	193	15.82	10.24	21.32	280.49	0	75.27	2.42
2024	194	17.21	11.72	23.98	366.04	0	70.78	2.79
2024	195	16.98	13.62	21.29	202.03	0	82.39	2.58
2024	196	17.18	13.36	22.72	311.47	0.2	74.49	2.94
2024	197	17.51	11.06	22.59	356.55	0	72.74	2.22
2024	198	16.55	14.42	19.9	118.74	0	84.07	2.55
2024	199	16.59	13.94	20.95	230.91	0	84.14	2.37
2024	200	15.78	13.91	19.23	173.05	0	84.34	2.83
2024	201	16.15	12.51	20.52	161.66	0	81.84	2.44
2024	202	17.27	13.7	21.06	154.85	0	76.14	2.4
2024	203	16.73	13.45	23.52	269.49	0	84.61	2.19
2024	204	17.4	12.97	23.45	296.43	0	76.22	2.51
2024	205	16.36	10.29	23.37	332.72	0	67.47	2.42
2024	206	16.28	12.7	21.11	193.38	0	79.79	1.93
2024	207	17.22	11.95	24.3	300.09	0	83.2	2.31
2024	208	18.16	14.73	23.86	275.7	0	79.99	2.77
2024	209	16.45	12.75	19.54	155.83	0	83	2.13
2024	210	16.87	12.94	23.98	266.06	0	84.72	2.21
2024	211	18.26	12.83	24.27	229.46	0	76.49	1.71
2024	212	17.79	13.04	22.33	250.14	0	78.52	2.51
2024	213	16.41	12.41	20.86	300.01	0	76.86	2.67
2024	214	16.18	10.86	21.9	247.81	0	72.82	2.44
2024	215	16.42	12.46	20.85	179.81	0	78.01	2.33
2024	216	16.01	12.46	18.76	168.79	0	81.46	2.84
2024	217	17.84	13.99	23.98	371.38	0	72.77	2.51
2024	218	18.05	11.05	26.26	405.66	0	69.23	2.31
2024	219	18.45	10.92	26.04	408.62	0	61.66	2.38
2024	220	17.64	11.87	22.94	322.19	0	70.84	2.81
2024	221	17.26	14.02	21.17	174.67	0	81.95	3.12
2024	222	16.58	14.38	19.91	164.78	0	85.86	3.33
2024	223	16.41	13.02	21.77	298.53	0	79.37	2.61
2024	224	16.69	13.89	20.26	147.78	0	82.88	3.08
2024	225	17.35	14.48	21.73	200.3	0	79.42	3.09
2024	226	17.83	12.8	23.64	282.6	0	70.76	3.05
2024	227	17.93	14.05	23.13	238.72	0	76.85	2.63
2024	228	17.43	14.15	22.13	228.96	0	81.73	2.89
2024	229	17.62	13.86	23.34	252	0	75.07	2.95
2024	230	17.44	10.73	24.03	367.59	0	63.93	2.73
2024	231	17.01	13.41	22.19	205.19	0	75.19	2.92
2024	232	16.64	10.51	23.53	259.8	0	69.26	2.35
2024	233	17.39	12.02	23.18	276.67	0	71.07	2.84
2024	234	16.19	13.45	19.56	178.14	0	77.78	3.1
2024	235	16.83	13.21	22.18	176.06	0	75.19	2.75
2024	236	17.01	14.19	21.04	158.14	0	74.76	2.7
2024	237	16.97	14.28	20.64	128.97	0	74.61	2.55
2024	238	17.42	14.15	21.69	219.99	0	68.29	3.66
2024	239	17.78	11.64	23.46	312.84	0	68.52	2.75
2024	240	18.87	15.78	23.43	305.55	0	76.66	3.57
2024	241	19.17	15.22	24.23	343.09	0	75.27	3.22
2024	242	19.44	14.68	25.62	432.31	0	71.78	2.89
2024	243	18.77	15.13	24.66	369.39	0	68.28	2.84
2024	244	17.14	12.54	22.96	256.73	0	75.71	2.79
2024	245	18.39	14.15	23.42	292.75	0	70.33	3.16
2024	246	17.15	12.59	21.71	175.26	0	74.43	2.57
2024	247	17.74	13.47	21.47	160.42	0	76.76	3.05
2024	248	17.74	15.01	21.75	203.84	0	73.87	3.54
2024	249	18.05	12.62	23.73	297.85	0	68.99	3.04
2024	250	17.64	13.72	22.48	226.14	0.8	78.38	3.5
2024	251	18.22	12.91	24.34	363.96	0	70.77	2.97
2024	252	19.54	14.56	26.43	352.14	0	67.28	3.2
2024	253	19.59	13.06	26.62	409.2	0	67.32	2.75
2024	254	19.5	13.43	26.65	449.71	0	67.02	3.1
2024	255	19.14	13.45	25.84	463.85	0	61.33	2.9
2024	256	19.17	14.27	25.01	410.22	0	65.2	3.22
2024	257	18.94	13.8	26.14	430.63	0	64.76	3.03
2024	258	18.46	12.06	25.28	464.39	0	61.96	3.08
2024	259	18.4	11.12	26.45	440.08	0	64.24	2.93
2024	260	17.69	12.73	23.61	386.66	0	72.43	3.03
2024	261	18.54	13.62	24.22	294.68	0	68.14	3.02
2024	262	18.9	13.28	25.66	272.96	75.47	70.62	2.81
2024	263	22.31	17.6	26.27	219.04	0	59.25	2.91
2024	264	19.61	14.07	26.44	320.06	0	69.45	3.02
2024	265	19.02	14.7	26.1	299.68	0	74.42	3.08
2024	266	19.25	14.44	25.41	396.23	0	69.15	3.11
2024	267	18.34	13.9	23.7	297.29	0	64.9	3.17
2024	268	17.9	11.73	24.09	298.73	0	67.29	3.23
2024	269	18.88	15.49	24.85	318.65	0	65.97	3.53
2024	270	19.46	13.15	26.39	351.17	0	66.72	3.01
2024	271	19.71	14.44	26.16	292.63	0	71.92	2.48
2024	272	18.3	14.11	26.52	269.92	24	78.82	1.86
2024	273	19.39	12.09	26.54	313.35	0	71.27	2.27
2024	274	19.52	14.42	25.4	210.76	0	72.41	2.34
2024	275	20.25	14.47	27.06	395.52	0	70.8	3.39
2024	276	19	15.22	24.06	353.78	0	75.89	3.67
2024	277	18.75	13.96	24.33	326.62	0	69.16	3.8
2024	278	18.9	11.62	26.24	397.27	0	65.91	3.28
2024	279	18.59	15.16	23.92	240.76	0	73.63	3.18
2024	280	18.9	14.36	24.06	322.6	0	69.07	3.32
2024	281	18.34	14.24	22.93	307.02	0	76.83	3.15
2024	282	19.75	14.61	26.1	390.34	0	68.46	3.52
2024	283	19.25	13.39	25.41	437.66	0	64.46	3.37
2024	284	18.13	12.74	25.32	418.43	0	70.69	3
2024	285	19.42	14.7	25.52	391.96	0	65.75	3.51
2024	286	19.19	13.78	25.15	430.3	0	67.82	4.25
2024	287	18.25	14.09	24.17	307.87	0	68.73	3.42
2024	288	19.5	13.01	26.56	392.04	0	63.33	2.52
2024	289	19.01	13.63	27.12	366.54	0	74.11	2.26
2024	290	20.18	15.16	26.42	268.13	9.7	67.42	2.13
2024	291	21.01	15.65	27.08	395.64	0	56.12	2.62
2024	292	18.54	13.49	25.61	320.77	3.98	81.65	1.86
2024	293	18.5	16.29	22.93	149.82	20.3	88.2	1.68
2024	294	20.15	16.64	25.3	334.2	0	75.99	3.09
2024	295	19.74	14.09	25.53	344.58	0	69.26	3.25
2024	296	20.04	14.02	26.61	437.72	0	64.73	3.38
2024	297	19.44	13.11	26.04	450.73	0	65.08	2.81
2024	298	19.55	13.87	26.34	375.25	0	70.99	2.88
2024	299	19.93	14.54	26.52	395.65	0	69.98	3.08
2024	300	20.54	15.01	27.09	425.93	0	67.65	3.05
2024	301	21.14	16.29	28.04	427.63	0	67.84	3.07
2024	302	20.88	16.06	27.28	409.87	0	66.31	3.33
2024	303	20.45	14.54	27.52	454.39	0	63.08	3.12
2024	304	21.22	14.41	28.49	426.08	0	57.49	2.93
2024	305	21.13	14.11	28.3	432.07	0	58.08	2.96
2024	306	20.61	15.95	27.06	306.48	0	68.49	3.72
2024	307	20.03	15.59	26.01	369.19	0	67.55	4
2024	308	20.43	14.95	27.11	342.08	0	66.11	3.25
2024	309	20.79	14.29	27.74	418.15	0	62.07	3.15
2024	310	20.77	14.61	27.03	425.28	0	67.99	3.72
2024	311	19.22	15.78	25.59	355.76	2.4	81.21	4.06
2024	312	18.54	15.8	23.95	326.21	1.4	85.95	4.37
2024	313	19.16	15.66	24.42	393.74	5.7	75.42	3.75
2024	314	19.54	14.7	24.93	401.96	0	72.33	3.61
2024	315	19.56	15.88	23.95	291.6	0.2	77.73	3.43
2024	316	17.98	15.71	22.99	201.95	10.7	79.84	3.03
2024	317	19.74	14.33	25.35	375.54	0	68.25	2.76
2024	318	18.98	15.22	23.72	241.82	13.3	83.01	2.19
2024	319	20.06	16.56	25.81	363.5	15.2	79.11	2.89
2024	320	18.06	15.98	22.74	273.88	15.42	88.7	3.64
2024	321	16.64	14.72	19.28	174.41	7.2	90.66	2.9
2024	322	18.67	13.1	23.12	382.33	0	75.69	2.85
2024	323	19.59	15.02	25.5	345.06	0	73.98	2.65
2024	324	20.01	15.8	25.7	448.03	0	77	3.14
2024	325	18.91	16.25	23.33	266.9	6	86.15	2.57
2024	326	18.57	15.1	23.21	323.34	0	84.74	2.74
2024	327	19.15	15.39	25.09	374.44	0	84.93	2.85
2024	328	19.96	16.44	25.04	393.06	0.2	81.96	3.46
2024	329	19.19	16.12	23.92	276.56	0	85.53	2.94
2024	330	17.86	16.39	22.49	216.74	12.7	93.33	1.62
2024	331	19.27	15.4	24.24	463.72	0.2	80.82	2.76
2024	332	19.31	15.64	24.18	295.37	0	82.7	2.5
2024	333	19.77	15.63	25.41	364.17	1.4	84.08	2.58
2024	334	19.68	14.71	25.53	352.78	0.8	81.57	1.81
2024	335	19.42	14.96	24.89	327.32	0	78.6	2.49
2024	336	18.83	15.1	23.41	279.73	0.61	84.62	3.34
2024	337	19.17	16.29	24.05	237.65	0	81.65	3.29
2024	338	19.54	16.52	24.69	363.44	0	73.02	3.96
2024	339	19.22	14.58	24.58	460.34	0	71.43	4.12
2024	340	18.91	14.15	24.66	453.59	0	74.39	2.22
