%global								
	time	=	2000-1-1/1					
								
%climate								
	name	=	KE_Kapiti_climate					
	archive	=	Savannah_East Africa					
	id	=	0.00					
								
%attributes								
	elevation	=	-99.99					
	latitude	=	-1.63					
	longitude	=	37.15					
								
	wind	speed	=	-99.99				
	cloudiness	=	-99.99					
	rainfall	intensity	=	-99.99				
								
	annual	precipitation	=	-99.99				
	temperature	average	=	-99.99				
	temperature	amplitude	=	-99.99				
								
%data	
*	*	tavg	tmin	tmax	grad	prec	rh	wind
2018	208	18.9275932819767	14.7786730621642	24.0770115118956	314.826843285573	1.72493108428114	55	2
2018	209	18.9275932819767	14.7786730621642	24.0770115118956	314.826843285573	1.72493108428114	55	2
2018	210	18.9275932819767	14.7786730621642	24.0770115118956	314.826843285573	1.72493108428114	55	2
2018	211	16.5994705882353	15.062	23.09	314.826843285573	55.6235294117647	55	2
2018	212	16.7667916666667	13.748	20.399	256.942340416667	0	55	2
2018	213	17.6083333333333	14.078	23.6	276.247376190476	0	55	2
2018	214	17.1466	11.427	24.453	370.207	0	55	2
2018	215	16.592675	11.447	23.441	418.8935	0	55	2
2018	216	15.8962608695652	11.465	21.901	229.398442941176	0	55	2
2018	217	15.4084166666667	12.371	19.377	129.787371428571	0	55	2
2018	218	16.5548958333333	11.153	22.108	335.59583	0	55	2
2018	219	16.8352708333333	10.311	23.814	393.76289047619	0	55	2
2018	220	17.3220625	10.449	24.611	358.968423809524	0	55	2
2018	221	17.4300833333333	12.323	23.099	267.854154545455	0	55	2
2018	222	15.9952083333333	11.445	21.379	279.772604761905	0	55	2
2018	223	16.2553777777778	13.132	21.545	267.280789473684	0	55	2
2018	224	16.0871666666667	12.096	20.976	300.565571428571	0	55	2
2018	225	14.8601458333333	10.779	18.879	186.988422727273	0	55	2
2018	226	16.1674166666667	10.401	22.585	362.446581818182	0	55	2
2018	227	15.7262708333333	12.184	21.018	193.286414285714	0	55	2
2018	228	14.7642708333333	10.473	19.425	191.704303333333	0.1	55	2
2018	229	15.0650625	12.446	18.638	137.539866666667	0	55	2
2018	230	15.1722291666667	11.667	19.211	193.86475	0	55	2
2018	231	15.9261458333333	12.667	21.257	194.066436666667	0	55	2
2018	232	15.7338333333333	11.444	21.277	264.537257142857	0	55	2
2018	233	16.3055833333333	10.777	21.123	185.606640909091	0	55	2
2018	234	17.060875	10.963	24.119	296.858425	0	55	2
2018	235	15.9065	13.392	18.69	113.440235	0	55	2
2018	236	17.2860833333333	12.488	23.06	215.292725238095	0	55	2
2018	237	17.7411666666667	11.877	23.371	259.156377619048	0	55	2
2018	238	17.086375	14.402	22.169	179.338785714286	0	55	2
2018	239	17.7302916666667	12.357	24.349	261.6323765	1.5	55	2
2018	240	15.9313125	14.088	18.769	90.3901104545455	0.1	55	2
2018	241	16.370125	13.472	19.549	143.6762	0	55	2
2018	242	16.8211041666667	12.715	21.064	211.611066666667	0	55	2
2018	243	16.5552708333333	13.204	20.14	201.456925	0	55	2
2018	244	15.4685208333333	11.77	19.591	120.0849735	0	55	2
2018	245	16.3432708333333	13.178	21.045	108.199856363636	0	55	2
2018	246	16.616625	10.713	22.469	210.5094315	0	55	2
2018	247	16.4175833333333	11.877	21.522	192.345035	0	55	2
2018	248	18.100875	14.541	23.261	341.28032047619	0	55	2
2018	249	17.8320416666667	13.625	23.344	294.495866666667	0	55	2
2018	250	17.7728333333333	12.83	23.708	399.677714285714	0	55	2
2018	251	17.8567021276596	11.986	23.802	348.41895	0	55	2
2018	252	18.9486875	11.892	26.467	388.102395238095	0	55	2
2018	253	20.0160833333333	14.366	26.752	362.862275263158	0	55	2
2018	254	19.084	14.84	24.555	375.275719047619	0	55	2
2018	255	18.0099166666667	11.399	24.921	382.859838095238	0	55	2
2018	256	18.8993333333333	13.458	25.214	381.148666666667	0	55	2
2018	257	19.7418958333333	13.806	25.912	344.46356	0	55	2
2018	258	18.9932083333333	11.419	26.661	390.951652380952	0	55	2
2018	259	19.415875	11.634	26.66	386.212361904762	0	55	2
2018	260	19.0406875	11.43	26.797	343.897885	0	55	2
2018	261	17.9578541666667	11.557	25.689	367.380114285714	0	55	2
2018	262	17.6957291666667	12.248	24.728	302.251766666667	0	55	2
2018	263	19.2333541666667	12.657	26.444	402.745485714286	0	55	2
2018	264	19.4506458333333	14.445	26.205	375.511252380952	0	55	2
2018	265	18.16225	13.006	23.555	276.903880952381	0	55	2
2018	266	18.5419583333333	13.003	24.954	348.034304761905	0	55	2
2018	267	17.9746041666667	10.742	25.28	390.046071428571	0	55	2
2018	268	19.0662708333333	13.964	24.867	307.700489047619	0	55	2
2018	269	19.4387291666667	12.782	26.227	338.756961904762	0	55	2
2018	270	18.5534468085106	14.649	22.859	262.617657894737	0	55	2
2018	271	19.1054583333333	15.23	24.789	325.255109090909	0	55	2
2018	272	19.3351666666667	13.567	26.128	340.4967365	0	55	2
2018	273	19.3904583333333	13.988	25.704	427.603435	0	55	2
2018	274	17.8973125	10.417	24.282	386.57023	0	55	2
2018	275	17.9132916666667	12.044	24.287	294.81434	0	55	2
2018	276	19.2737083333333	13.896	26.014	413.407285	0	55	2
2018	277	18.6862083333333	14.181	24.045	302.87389047619	0	55	2
2018	278	19.0015833333333	13.033	25.493	363.146976190476	0	55	2
2018	279	20.1130416666667	15.162	26.995	385.8895615	0	55	2
2018	280	19.044	14.532	26.459	290.1379085	9.9	55	2
2018	281	18.54725	12.954	24.163	240.489005	0.8	55	2
2018	282	18.7484791666667	13.468	23.905	311.961119047619	0	55	2
2018	283	18.2365416666667	11.875	24.243	315.367996818182	0	55	2
2018	284	19.0950416666667	13.372	25.093	377.149428571429	0	55	2
2018	285	19.4330416666667	12.157	27.155	366.531105263158	0	55	2
2018	286	20.1953958333333	15.506	26.886	293.923128571429	0	55	2
2018	287	19.6460625	13.543	27.374	321.797168181818	0	55	2
2018	288	20.139125	14.711	26.351	314.296505909091	0	55	2
2018	289	19.7084166666667	14.396	26.675	341.215738095238	0	55	2
2018	290	20.3932916666667	15.485	26.245	376.208909523809	0	55	2
2018	291	20.3906875	15.868	26.024	379.609695238095	0	55	2
2018	292	20.3122291666667	15.813	26.362	397.830635	0	55	2
2018	293	20.4891041666667	14.778	26.484	391.036219047619	0	55	2
2018	294	20.02275	14.675	25.479	360.180333333333	0	55	2
2018	295	18.9232083333333	13.101	24.476	374.5093035	0	55	2
2018	296	16.4232978723404	14.077	19.603	163.048327142857	3.47234042553192	55	2
2018	297	16.3453404255319	14.688	20.044	153.872863636364	0.204255319148936	55	2
2018	298	16.8340869565217	14.169	20.525	222.110775909091	1.77391304347826	55	2
2018	299	17.711875	13.7	22.466	223.845747619048	0	55	2
2018	300	17.7019361702128	14.686	22.499	294.157096666667	5.41276595744681	55	2
2018	301	18.2777291666667	15.042	23.006	309.424840909091	0	55	2
2018	302	19.17175	15.272	24.548	351.500719545455	0.7	55	2
2018	303	19.8945625	15.032	25.789	322.865818181818	0	55	2
2018	304	20.0308125	14.3	26.134	403.308045454545	0	55	2
2018	305	19.9919791666667	15.474	25.362	316.21289047619	0	55	2
2018	306	19.3691666666667	16.127	24.783	383.436851363636	7.9	55	2
2018	307	19.2072291666667	16.089	23.977	393.382381818182	0	55	2
2018	308	19.0794375	13.706	24.805	369.023209523809	0	55	2
2018	309	19.4381041666667	11.704	25.557	432.468842857143	0	55	2
2018	310	19.7389166666667	14.414	26.24	383.09415	0	55	2
2018	311	20.3151666666667	14.136	27.567	406.810057142857	0	55	2
2018	312	20.6704791666667	13.74	27.566	379.043866666667	0	55	2
2018	313	19.8735625	14.814	26.381	219.561221363636	0	55	2
2018	314	20.4835	16.14	26.031	328.173571363636	0	55	2
2018	315	19.605625	14.552	25.784	380.239744285714	0.2	55	2
2018	316	20.2389375	15.575	26.121	397.1489	0.1	55	2
2018	317	19.5396666666667	16.046	24.824	315.324433181818	0	55	2
2018	318	19.4875	14.222	25.025	377.693504761905	0	55	2
2018	319	20.3939375	14.101	26.934	415.724166666667	0	55	2
2018	320	20.6813958333333	12.651	27.663	399.724752380952	0	55	2
2018	321	19.1548333333333	15.917	25.36	227.870922727273	0.1	55	2
2018	322	20.2484583333333	14.307	26.686	398.799405909091	0	55	2
2018	323	19.7724583333333	14.497	25.303	369.298240909091	20.5	55	2
2018	324	19.1876363636364	15.687	23.103	335.812836363636	16.5818181818182	55	2
2018	325	18.3558958333333	15.974	23.18	250.843054545455	20.7	55	2
2018	326	19.1844166666667	15.469	24.067	315.274975909091	0	55	2
2018	327	19.52775	14.453	24.866	413.158062272727	0	55	2
2018	328	18.9289166666667	15.542	23.658	343.05248826087	0	55	2
2018	329	18.5808936170213	15.502	23.287	404.822627272727	4.4936170212766	55	2
2018	330	17.7180444444444	14.971	22.084	340.870462173913	32.5333333333333	55	2
2018	331	18.7334042553191	14.887	23.525	389.349645454545	1.02127659574468	55	2
2018	332	19.0719583333333	15.637	23.533	362.116495652174	0	55	2
2018	333	18.220125	15.765	22.204	346.843913636364	12.3	55	2
2018	334	18.599625	15.886	22.799	381.397746521739	2.4	55	2
2018	335	17.4579166666667	15.311	21.465	315.230304545455	2.8	55	2
2018	336	18.0659583333333	14.471	22.933	345.035485714286	0	55	2
2018	337	18.7355208333333	15.354	23.642	417.432343478261	0	55	2
2018	338	18.1395	15.394	23.178	365.683795	14.9	55	2
2018	339	18.3284791666667	15.751	23.162	377.027513636364	18.1	55	2
2018	340	19.5866458333333	15.825	24.575	449.292513636364	1.9	55	2
2018	341	19.6149791666667	16.367	24.041	461.931413636364	0	55	2
2018	342	17.9798541666667	14.305	22.324	318.917721363636	29.6	55	2
2018	343	19.3856875	16.278	23.751	435.348996818182	0.6	55	2
2018	344	18.068	15.596	22.151	245.685166666667	2.8	55	2
2018	345	17.2251489361702	14.44	21.158	260.87417	23.4893617021277	55	2
2018	346	19.3009375	14.581	24.566	413.866085714286	0	55	2
2018	347	18.5538125	14.4	22.855	405.647916086957	2.9	55	2
2018	348	18.4844782608696	15.386	23.265	448.857933333333	18.2608695652174	55	2
2018	349	17.6837916666667	15.286	22.315	353.04161173913	24.7	55	2
2018	350	18.0684680851064	13.165	22.969	446.131618181818	0.102127659574468	55	2
2018	351	18.5996875	14.249	23.532	472.090745454545	0	55	2
2018	352	19.1941875	14.379	24.294	459.027777272727	0	55	2
2018	353	19.19175	16.484	23.371	278.221461904762	1.3	55	2
2018	354	18.7126041666667	15.5	23.563	367.873747826087	0	55	2
2018	355	18.1483125	13.397	23.726	344.300331818182	0	55	2
2018	356	18.8446666666667	14.161	24.477	384.570218181818	0	55	2
2018	357	19.0385625	14.563	24.145	457.499290909091	0	55	2
2018	358	18.2747291666667	14.183	23.314	420.956363636364	0	55	2
2018	359	18.4005416666667	13.731	23.945	399.992477272727	0	55	2
2018	360	18.2526666666667	14.043	22.739	413.95609047619	0	55	2
2018	361	18.4405416666667	15.119	23.322	403.549718181818	0	55	2
2018	362	18.6695744680851	13.863	24.894	445.890218181818	0	55	2
2018	363	19.2863125	14.456	25.22	444.743913636364	0	55	2
2018	364	19.2892916666667	15.61	24.636	402.790776956522	0.1	55	2
2018	365	18.6734166666667	14.933	23.53	404.1278	0	55	2
2019	1	18.090125	12.826	24.2	382.893745454545	0	55	2
2019	2	18.9870625	12.825	24.754	430.364587727273	0	55	2
2019	3	19.1475208333333	14.073	24.682	446.467078636364	0	55	2
2019	4	17.5605	14.631	21.997	297.774745454545	7.7	55	2
2019	5	18.1237083333333	15.543	21.808	347.239040909091	1.5	55	2
2019	6	18.8473541666667	14.891	24.309	454.240018181818	0	55	2
2019	7	19.4195	13.922	24.925	453.71719047619	0	55	2
2019	8	16.2947142857143	15.985	16.767	314.826843285573	0	55	2
2019	9	18.9275932819767	14.7786730621642	24.0770115118956	314.826843285573	1.72493108428114	55	2
2019	10	21.8783333333333	18.877	24.354	417.747642105263	0	55	2
2019	11	19.7213541666667	15.902	24.62	360.2912	0.2	55	2
2019	12	18.5723541666667	14.041	24.127	407.690404545455	0	55	2
2019	13	15.857	15.857	15.857	314.826843285573	0	55	2
2019	14	18.9275932819767	14.7786730621642	24.0770115118956	314.826843285573	1.72493108428114	55	2
2019	15	18.9275932819767	14.7786730621642	24.0770115118956	314.826843285573	1.72493108428114	55	2
2019	16	18.9275932819767	14.7786730621642	24.0770115118956	314.826843285573	1.72493108428114	55	2
2019	17	18.9275932819767	14.7786730621642	24.0770115118956	314.826843285573	1.72493108428114	55	2
2019	18	18.9275932819767	14.7786730621642	24.0770115118956	314.826843285573	1.72493108428114	55	2
2019	19	18.9275932819767	14.7786730621642	24.0770115118956	314.826843285573	1.72493108428114	55	2
2019	20	18.9275932819767	14.7786730621642	24.0770115118956	314.826843285573	1.72493108428114	55	2
2019	21	18.9275932819767	14.7786730621642	24.0770115118956	314.826843285573	1.72493108428114	55	2
2019	22	18.9275932819767	14.7786730621642	24.0770115118956	314.826843285573	1.72493108428114	55	2
2019	23	18.9275932819767	14.7786730621642	24.0770115118956	314.826843285573	1.72493108428114	55	2
2019	24	18.9275932819767	14.7786730621642	24.0770115118956	314.826843285573	1.72493108428114	55	2
2019	25	18.9275932819767	14.7786730621642	24.0770115118956	314.826843285573	1.72493108428114	55	2
2019	26	18.9275932819767	14.7786730621642	24.0770115118956	314.826843285573	1.72493108428114	55	2
2019	27	18.9275932819767	14.7786730621642	24.0770115118956	314.826843285573	1.72493108428114	55	2
2019	28	18.9275932819767	14.7786730621642	24.0770115118956	314.826843285573	1.72493108428114	55	2
2019	29	18.9275932819767	14.7786730621642	24.0770115118956	314.826843285573	1.72493108428114	55	2
2019	30	18.9275932819767	14.7786730621642	24.0770115118956	314.826843285573	1.72493108428114	55	2
2019	31	18.9275932819767	14.7786730621642	24.0770115118956	314.826843285573	1.72493108428114	55	2
2019	32	22.6314761904762	17.957	26.573	452.510777777778	0	55	2
2019	33	20.5333958333333	12.886	28.074	425.106142857143	0	55	2
2019	34	16.5829	13.777	23.03	179.78535	0	55	2
2019	35	18.9275932819767	14.7786730621642	24.0770115118956	314.826843285573	1.72493108428114	55	2
2019	36	18.9275932819767	14.7786730621642	24.0770115118956	314.826843285573	1.72493108428114	55	2
2019	37	18.9275932819767	14.7786730621642	24.0770115118956	314.826843285573	1.72493108428114	55	2
2019	38	18.9275932819767	14.7786730621642	24.0770115118956	314.826843285573	1.72493108428114	55	2
2019	39	18.9275932819767	14.7786730621642	24.0770115118956	314.826843285573	1.72493108428114	55	2
2019	40	18.9275932819767	14.7786730621642	24.0770115118956	314.826843285573	1.72493108428114	55	2
2019	41	21.5247	16.898	25.442	433.521642105263	0	55	2
2019	42	20.0678888888889	13.711	27.334	423.163	0	55	2
2019	43	19.5489375	13.419	26.115	421.274223809524	0	55	2
2019	44	19.0293125	13.44	26.075	421.51551	0	55	2
2019	45	19.5836875	14.335	25.676	391.370242857143	0	55	2
2019	46	21.042125	14.824	27.389	401.3515	0	55	2
2019	47	21.2791489361702	17.328	26.892	330.917825	0	55	2
2019	48	21.534125	16.733	26.844	361.465933181818	0	55	2
2019	49	21.9768333333333	14.022	29.487	419.619038095238	0	55	2
2019	50	21.9607916666667	15.236	29.597	395.607568181818	0	55	2
2019	51	21.3591041666667	16.15	27.524	433.979042857143	0	55	2
2019	52	20.4508958333333	16.329	25.874	403.074648636364	3.7	55	2
2019	53	20.3944166666667	15.57	26.484	422.9691	0	55	2
2019	54	20.6323125	15.604	27.706	372.269525909091	0.6	55	2
2019	55	20.3981458333333	15.786	27.763	330.131261904762	0	55	2
2019	56	21.1887291666667	15.908	27.877	392.572508181818	1.7	55	2
2019	57	21.6455	14.892	28.85	446.149380952381	0	55	2
2019	58	21.0434791666667	13.938	27.471	429.456004761905	0	55	2
2019	59	21.3714375	13.543	28.471	438.598461904762	0	55	2
2019	60	22.6353125	13.591	30.687	430.308428571429	0	55	2
2019	61	22.722625	15.863	29.74	204.260314285714	0	55	2
2019	62	22.9761458333333	16.435	30.633	380.996755	0.6	55	2
2019	63	21.0890625	15.576	27.895	348.688703181818	5.1	55	2
2019	64	20.77575	15.746	26.895	444.394615	21.9	55	2
2019	65	21.634	14.551	28.62	484.636985714286	0	55	2
2019	66	22.185125	15.634	29.162	470.566447619048	0	55	2
2019	67	22.11	14.65	28.631	479.441571428571	0	55	2
2019	68	21.2541875	15.029	27.897	451.689942857143	0	55	2
2019	69	21.1657291666667	15.114	27.803	457.53969047619	0	55	2
2019	70	20.9002708333333	13.909	27.458	425.211785714286	0	55	2
2019	71	21.6030208333333	14.709	28.998	427.741525909091	0	55	2
2019	72	21.4231041666667	14.904	28.318	412.151890909091	0	55	2
2019	73	19.8168958333333	15.383	25.889	417.68191	0	55	2
2019	74	20.595375	14.816	26.717	453.150328571429	0	55	2
2019	75	20.7075625	15.083	26.86	386.2703	0	55	2
2019	76	20.7195161290323	14.788	28.05	510.6816	0	55	2
2019	77	18.9275932819767	14.7786730621642	24.0770115118956	314.826843285573	1.72493108428114	55	2
2019	78	18.9275932819767	14.7786730621642	24.0770115118956	314.826843285573	1.72493108428114	55	2
2019	79	18.9275932819767	14.7786730621642	24.0770115118956	314.826843285573	1.72493108428114	55	2
2019	80	18.9275932819767	14.7786730621642	24.0770115118956	314.826843285573	1.72493108428114	55	2
2019	81	18.9275932819767	14.7786730621642	24.0770115118956	314.826843285573	1.72493108428114	55	2
2019	82	23.6156774193548	18.955	27.308	440.02012	0	55	2
2019	83	21.3359166666667	16.179	27.518	370.365446818182	0	55	2
2019	84	21.8654375	14.937	29.243	400.424455	0	55	2
2019	85	22.598	15.764	30.185	397.291961904762	0	55	2
2019	86	22.12325	16.247	28.072	379.648357142857	0	55	2
2019	87	21.2378958333333	15.86	27.26	375.701738095238	0	55	2
2019	88	22.0612083333333	16.532	28.375	350.253852380952	0	55	2
2019	89	22.1047708333333	16.447	27.581	336.7348	4.7	55	2
2019	90	21.9968125	15.705	28.746	397.856642857143	0.1	55	2
2019	91	21.96425	16.225	28.242	386.574280952381	0	55	2
2019	92	22.1646875	16.706	28.482	387.73682	0	55	2
2019	93	22.4182083333333	16.14	28.602	405.30838	0	55	2
2019	94	21.6673125	16.927	27.451	348.146550952381	0	55	2
2019	95	21.2981041666667	16.462	26.717	311.942913636364	0	55	2
2019	96	21.2603541666667	15.94	27.21	340.133390909091	0	55	2
2019	97	21.538375	16.296	27.531	380.6682	0	55	2
2019	98	22.0760416666667	15.119	29.024	433.559422222222	0	55	2
2019	99	18.6787777777778	17.777	19.794	314.826843285573	0	55	2
2019	100	18.9275932819767	14.7786730621642	24.0770115118956	314.826843285573	1.72493108428114	55	2
2019	101	18.9275932819767	14.7786730621642	24.0770115118956	314.826843285573	1.72493108428114	55	2
2019	102	18.9275932819767	14.7786730621642	24.0770115118956	314.826843285573	1.72493108428114	55	2
2019	103	18.9275932819767	14.7786730621642	24.0770115118956	314.826843285573	1.72493108428114	55	2
2019	104	18.9275932819767	14.7786730621642	24.0770115118956	314.826843285573	1.72493108428114	55	2
2019	105	18.9275932819767	14.7786730621642	24.0770115118956	314.826843285573	1.72493108428114	55	2
2019	106	18.9275932819767	14.7786730621642	24.0770115118956	314.826843285573	1.72493108428114	55	2
2019	107	24.3777647058824	20.088	28.404	255.72358	0	55	2
2019	108	22.1140208333333	15.591	28.47	305.384761904762	0	55	2
2019	109	22.1249166666667	16.34	28.114	304.272547619048	0	55	2
2019	110	22.5351063829787	16.668	28.873	267.050063333333	0	55	2
2019	111	21.6944791666667	16.647	28.78	256.672993809524	0.9	55	2
2019	112	20.9903333333333	16.398	26.624	254.239504545455	7.4	55	2
2019	113	19.9552708333333	17.527	24.396	159.983244761905	6.5	55	2
2019	114	19.8623958333333	15.875	26.738	351.424038421053	29	55	2
2019	115	19.9985	17.28	24.687	191.897908695652	0	55	2
2019	116	20.1343958333333	16.782	24.42	372.534094090909	11.2	55	2
2019	117	19.9273191489362	15.206	25.022	334.21000952381	19.7106382978723	55	2
2019	118	20.5229756097561	16.436	26.209	440.94682	0	55	2
2019	119	20.5579375	16.428	25.086	391.879417391304	0.8	55	2
2019	120	19.6418125	16.096	24.671	352.329470869565	1.2	55	2
2019	121	20.0180652173913	16.104	25.729	430.248449047619	0	55	2
2019	122	20.3390833333333	15.327	26.282	422.019723809524	0	55	2
2019	123	20.2614166666667	16.683	24.943	313.684357142857	0	55	2
2019	124	19.6507708333333	16.254	23.977	281.234753181818	0	55	2
2019	125	19.9916666666667	16.257	25.276	320.516095238095	0	55	2
2019	126	19.8078958333333	16.156	24.771	372.298780952381	1.6	55	2
2019	127	19.737625	15.945	25.124	353.408622727273	0	55	2
2019	128	20.2019791666667	16.086	24.847	349.119808095238	0	55	2
2019	129	19.6553541666667	15.221	24.504	308.710680952381	0	55	2
2019	130	19.6277021276596	16.076	24.924	271.542577619048	0	55	2
2019	131	19.495125	15.702	24.83	311.758474090909	0	55	2
2019	132	19.3800833333333	16.015	24.63	289.6899	0.2	55	2
2019	133	19.5861875	14.752	24.367	277.790213636364	0	55	2
2019	134	19.574375	15.619	24.855	304.153742857143	0	55	2
2019	135	20.1542083333333	15.519	25.831	358.398333333333	0	55	2
2019	136	19.66925	14.882	24.329	277.467114285714	0	55	2
2019	137	19.6231041666667	14.869	24.798	263.574557142857	0	55	2
2019	138	18.572375	16.313	22.29	268.166203181818	10.7	55	2
2019	139	17.6941875	15.029	20.465	200.977101363636	0	55	2
2019	140	18.4990833333333	14.182	22.358	264.585795238095	0	55	2
2019	141	18.8907083333333	14.066	24.228	319.996095238095	0	55	2
2019	142	18.8420208333333	14.79	24.046	226.104857142857	0	55	2
2019	143	18.5409166666667	15.494	22.668	282.258685	0	55	2
2019	144	18.0185106382979	14.764	23.119	340.406571428571	0	55	2
2019	145	17.952875	15.735	21.958	233.682809090909	0	55	2
2019	146	17.6929583333333	15.518	21.093	211.704703043478	3	55	2
2019	147	18.1834375	15.763	22.108	251.019645454545	0	55	2
2019	148	17.9347916666667	14.357	21.84	201.5107685	0	55	2
2019	149	18.4537916666667	15.472	22.574	259.819080952381	0	55	2
2019	150	18.9796666666667	13.857	24.028	343.838628571429	0	55	2
2019	151	18.7435625	14.857	23.739	203.35889	0	55	2
2019	152	19.3585217391304	15.903	26.373	332.4836	0	55	2
2019	153	18.3047826086957	15.863	25.481	296.983196111111	23.3739130434783	55	2
2019	154	18.7852291666667	15.858	23.389	319.459012857143	0	55	2
2019	155	18.1222291666667	14.667	22.128	243.63907952381	0	55	2
2019	156	16.838125	15.005	19.189	118.157837727273	0	55	2
2019	157	17.2675625	14.148	21.337	222.709468181818	23.8	55	2
2019	158	17.8826458333333	14.75	21.604	247.6343	0	55	2
2019	159	18.5302083333333	14.923	23.313	307.506142857143	0	55	2
2019	160	16.8135	15.649	18.912	88.1141604761905	0.6	55	2
2019	161	16.0201041666667	14.193	18.698	106.717809090909	0	55	2
2019	162	17.124125	13.535	20.823	212.600309090909	0	55	2
2019	163	17.6693541666667	14.323	20.69	150.077831818182	0	55	2
2019	164	18.3101875	14.85	22.746	260.224359090909	0	55	2
2019	165	17.5058125	14.361	21.767	228.40627	0	55	2
2019	166	16.8464791666667	13.837	20.652	210.669647619048	0	55	2
2019	167	17.9011041666667	13.407	23.496	287.125327142857	0	55	2
2019	168	17.8927083333333	11.911	23.722	354.220752380952	0	55	2
2019	169	16.994125	12.826	21.419	185.426095238095	0	55	2
2019	170	18.4121666666667	13.147	24.451	306.49289	0	55	2
2019	171	18.089	13.8	22.918	257.465372727273	0	55	2
2019	172	16.2775625	13.908	18.737	115.718436666667	0	55	2
2019	173	18.0735833333333	13.929	23.237	289.990281818182	0	55	2
2019	174	18.5646458333333	14.168	25.269	347.622505555556	0.2	55	2
2019	175	18.7083958333333	14.172	24.317	234.054976190476	0	55	2
2019	176	17.1919583333333	13.191	20.816	171.40568	0	55	2
2019	177	17.5449791666667	14.608	22.725	168.889001363636	0	55	2
2019	178	17.6553958333333	13.548	22.058	171.550242857143	0	55	2
2019	179	16.9407916666667	13.948	21.807	209.476842857143	0	55	2
2019	180	17.7367708333333	11.849	24.729	376.874585	0	55	2
2019	181	17.9322708333333	11.469	24.609	293.814385714286	0	55	2
2019	182	18.8141458333333	13.313	24.599	355.329	0	55	2
2019	183	18.6834375	12.965	24.501	302.972025	0	55	2
2019	184	17.9458333333333	14.303	21.357	151.543325909091	0	55	2
2019	185	17.8994166666667	12.352	23.86	300.312966666667	0	55	2
2019	186	18.4224166666667	12.862	24.563	303.342205	0	55	2
2019	187	17.8737708333333	14.635	22.66	221.024806190476	0	55	2
2019	188	17.8531458333333	13.704	23.31	210.005185714286	0	55	2
2019	189	18.4377708333333	12.393	24.557	293.677283181818	0	55	2
2019	190	18.77925	12.942	24.975	334.151985	0	55	2
2019	191	18.3608125	12.386	24.25	254.040912857143	0	55	2
2019	192	18.57175	13.602	23.861	284.967261904762	0	55	2
2019	193	19.0319166666667	13.911	24.829	324.9871665	0	55	2
2019	194	17.2049166666667	12.312	22.174	167.079365	0	55	2
2019	195	17.305375	11.728	22.823	244.3946	0	55	2
2019	196	17.3440833333333	12.642	22.767	219.15634	0	55	2
2019	197	16.3300208333333	12.084	20.609	192.5094	0	55	2
2019	198	16.3067708333333	13.613	20.223	152.09283	0	55	2
2019	199	17.2574791666667	12.942	22.707	337.883275	0.8	55	2
2019	200	17.0083125	13.632	21.974	248.28551	0	55	2
2019	201	16.9054583333333	13.073	22.828	187.85306	0	55	2
2019	202	18.7648125	11.56	25.883	320.47490952381	0	55	2
2019	203	17.1191041666667	13.122	23.377	201.965344285714	0	55	2
2019	204	17.7134042553191	10.842	25.248	331.386465	0	55	2
2019	205	17.6999166666667	11.235	24.662	282.066573684211	0	55	2
2019	206	18.2482340425532	11.506	25.806	356.65395	0	55	2
2019	207	17.2319375	12.009	24.508	344.374642105263	0	55	2
2019	208	16.3734583333333	10.473	23.417	277.1727	0	55	2
2019	209	16.8614583333333	11.642	22.32	223.747555	0	55	2
2019	210	17.9211875	12.384	22.828	252.047173684211	0	55	2
2019	211	16.9489375	13.023	20.796	139.866163157895	0	55	2
2019	212	17.8507916666667	14.644	22.221	137.035855	5.5	55	2
2019	213	19.0372291666667	13.918	25.13	337.480935	0	55	2
2019	214	17.4298958333333	11.769	23.224	242.455152380952	0	55	2
2019	215	17.7423555555556	13.265	22.951	386.33277	2.24	55	2
2019	216	17.6377916666667	11.114	24.331	401.775604761905	0	55	2
2019	217	18.2525416666667	11.195	25.792	379.66540952381	0	55	2
2019	218	19.2408125	10.892	27.046	347.97833	0	55	2
2019	219	18.7878333333333	15.689	23.916	276.47165	0	55	2
2019	220	18.1988333333333	13.836	23.436	336.175165	0	55	2
2019	221	17.1789791666667	11.212	22.865	342.06812047619	0	55	2
2019	222	17.017375	11.508	22.784	255.1495	0	55	2
2019	223	16.21925	13.916	20.347	164.021904761905	0	55	2
2019	224	16.5711458333333	11.912	22.013	293.302942857143	0	55	2
2019	225	17.5343958333333	13.12	24.092	316.048057142857	0	55	2
2019	226	16.6087916666667	13.483	20.824	164.39270952381	0	55	2
2019	227	16.2716458333333	10.483	21.528	198.75662	0	55	2
2019	228	16.8271666666667	13.06	20.039	168.039963333333	0	55	2
2019	229	16.871875	10.763	21.793	204.018523809524	0	55	2
2019	230	17.3922083333333	13.132	22.197	215.605618181818	0	55	2
2019	231	15.551125	12.984	18.901	115.763780952381	0	55	2
2019	232	16.6385625	11.708	22.908	232.338804761905	0	55	2
2019	233	17.544125	12.727	23.052	279.885652380952	0	55	2
2019	234	17.8836041666667	13.185	23.808	243.373208095238	0	55	2
2019	235	19.0826458333333	14.361	25.125	376.064065	0	55	2
2019	236	18.1813125	14.068	24.02	265.789352631579	0	55	2
2019	237	18.1164583333333	13.087	23.772	366.238851363636	0.6	55	2
2019	238	18.6996041666667	13.637	24.495	369.559568095238	0	55	2
2019	239	18.8614583333333	14.106	24.051	221.600852380952	0	55	2
2019	240	18.4430416666667	11.759	25.395	331.85184	0	55	2
2019	241	18.7820212765957	13.515	23.909	229.722831578947	0	55	2
2019	242	18.1267083333333	14.897	22.537	205.687196666667	0	55	2
2019	243	18.4958541666667	14.328	25.009	216.46402	10.8	55	2
2019	244	17.9681458333333	14.874	27.125	390.466138888889	31.2	55	2
2019	245	17.3923958333333	13.116	22.634	341.155096956522	0	55	2
2019	246	17.6272708333333	14.824	22.535	195.13590952381	0	55	2
2019	247	17.5706666666667	12.921	22.502	256.829178636364	0	55	2
2019	248	17.443625	13.294	22.019	196.914960454545	0	55	2
2019	249	18.5193541666667	12.92	24.57	367.68620952381	0	55	2
2019	250	17.6452291666667	15.034	22.096	185.514957142857	0	55	2
2019	251	16.4664468085106	12.952	20.121	156.375042857143	0	55	2
2019	252	18.1472708333333	12.918	23.875	299.374625	0	55	2
2019	253	17.9978125	14.772	23.351	210.995218181818	0.2	55	2
2019	254	18.2627021276596	14.397	23.63	293.750595652174	0.306382978723404	55	2
2019	255	18.9672916666667	13.408	24.949	380.466074090909	0	55	2
2019	256	18.7892765957447	12.068	25.685	386.65487	0	55	2
2019	257	19.178875	12.88	26.259	395.153342857143	0	55	2
2019	258	19.3682291666667	14.207	26.282	373.740075	0	55	2
2019	259	18.6555208333333	13.117	24.723	387.255461904762	0	55	2
2019	260	18.5973541666667	11.736	25.314	380.360945454545	0	55	2
2019	261	19.3624583333333	12.843	26.385	307.461204761905	0	55	2
2019	262	18.3200208333333	11.522	25.059	421.343004761905	0	55	2
2019	263	18.2996458333333	10.694	24.813	376.584257142857	0	55	2
2019	264	18.6834583333333	11.867	25.462	344.209657142857	0	55	2
2019	265	18.6383541666667	12.029	25.697	391.01568	0	55	2
2019	266	18.7157708333333	12.848	25.538	329.786047619048	0	55	2
2019	267	18.0112708333333	14.357	22.414	252.718371428571	0	55	2
2019	268	15.5269047619048	13.329	20.494	214.451716666667	0	55	2
2019	269	18.9275932819767	14.7786730621642	24.0770115118956	314.826843285573	1.72493108428114	55	2
2019	270	18.9065555555556	14.873	23.32	165.82109047619	0	55	2
2019	271	19.9767916666667	13.261	26.776	380.224014285714	0	55	2
2019	272	19.857625	12.866	27.435	399.596138095238	0	55	2
2019	273	20.829	13.798	27.979	385.925757142857	0	55	2
2019	274	19.334375	15.198	26.672	285.41945047619	2.5	55	2
2019	275	18.410170212766	13.745	24.032	310.274758571429	0	55	2
2019	276	19.5510833333333	15.949	25.066	329.848047619048	0	55	2
2019	277	18.7897083333333	14.173	23.392	345.468025238095	0	55	2
2019	278	18.2526170212766	14.718	23.562	200.921623809524	0.408510638297872	55	2
2019	279	17.1765106382979	14.369	21.731	268.661528571429	0	55	2
2019	280	18.491625	13.026	23.956	424.081340909091	0	55	2
2019	281	19.4381041666667	12.546	25.729	450.271061904762	0	55	2
2019	282	19.3605208333333	16.018	24.802	352.414095238095	3.8	55	2
2019	283	17.8706458333333	14.139	23.071	293.401132173913	0.3	55	2
2019	284	17.8445416666667	15.21	22.079	255.472075217391	0	55	2
2019	285	17.5028333333333	15.039	21.396	355.594028571429	0	55	2
2019	286	17.5163125	15.22	21.511	315.383327272727	0	55	2
2019	287	17.792625	15.133	21.198	254.729977272727	0	55	2
2019	288	18.9974791666667	15.346	23.623	404.733251363636	0	55	2
2019	289	19.2198541666667	14.014	25.172	462.017859090909	0	55	2
2019	290	17.6379583333333	15.634	20.59	263.210633333333	55.1	55	2
2019	291	17.3586666666667	15.411	20.649	217.490563913043	7.9	55	2
2019	292	18.0100833333333	15.583	21.678	248.821562173913	11.3	55	2
2019	293	18.9740212765957	15.338	23.734	467.040763636364	0.408510638297872	55	2
2019	294	19.2109375	15.338	24.285	397.396119047619	0	55	2
2019	295	19.5152916666667	14.684	25.006	394.085127272727	0.9	55	2
2019	296	19.32625	15.772	24.127	440.582868181818	2.3	55	2
2019	297	18.1720833333333	15.073	22.692	329.398886363636	24.9	55	2
2019	298	18.2781458333333	15.423	22.578	379.639340909091	12.5	55	2
2019	299	18.5108125	15.632	22.266	444.314186956522	4.2	55	2
2019	300	19.3949375	15.034	23.962	438.404356521739	0.1	55	2
2019	301	19.2400212765957	15.722	24.014	431.632231818182	0	55	2
2019	302	19.291125	15.583	24.836	373.553878636364	0	55	2
2019	303	18.5298085106383	15.559	23.049	341.590336666667	2.85957446808511	55	2
2019	304	18.4927083333333	15.223	22.928	338.259577272727	1.3	55	2
2019	305	18.40325	14.892	23.318	445.501019047619	0	55	2
2019	306	18.236	14.246	22.919	380.732938095238	0	55	2
2019	307	18.1598541666667	13.893	24.39	430.8369565	0	55	2
2019	308	18.3370208333333	14.164	23.698	475.46485	0	55	2
2019	309	18.6566458333333	14.516	23.765	434.749442857143	0	55	2
2019	310	19.616	15.194	24.962	474.480223809524	0	55	2
2019	311	19.4403125	16.048	24.724	379.462309523809	0	55	2
2019	312	19.0591875	16.043	23.764	440.605161904762	0	55	2
2019	313	18.9207291666667	13.926	23.975	402.849066818182	0	55	2
2019	314	19.0059583333333	15.808	23.617	364.3496	0	55	2
2019	315	19.136875	15.978	23.858	397.207313636364	0	55	2
2019	316	18.7748541666667	16.062	22.701	346.465127272727	0	55	2
2019	317	18.0980625	15.583	22.249	284.529070869565	0	55	2
2019	318	17.9600833333333	15.523	22.282	325.458095238095	0	55	2
2019	319	16.526	16.526	16.526	314.826843285573	0	55	2
2019	320	19.8058333333333	16.034	23.906	467.303438095238	0	55	2
2019	321	19.0113541666667	14.288	24.055	435.698142857143	0	55	2
2019	322	19.2567083333333	15.258	24.253	427.684304761905	0	55	2
2019	323	19.2290416666667	15.86	23.998	393.954695454545	0	55	2
2019	324	18.865375	15.259	24.864	438.368355	0	55	2
2019	325	19.8651666666667	16.627	24.889	393.398287727273	0	55	2
2019	326	19.6916666666667	15.39	24.425	497.323030454545	0	55	2
2019	327	17.7228541666667	15.471	20.758	252.332742105263	0	55	2
2019	328	18.2479791666667	14.927	23.508	294.826347619048	0	55	2
2019	329	17.4722083333333	15.086	22.912	333.897128636364	0	55	2
2019	330	17.7250625	15.014	21.993	324.168817619048	0	55	2
2019	331	18.954375	15.618	23.385	467.249826086957	0	55	2
2019	332	18.3611041666667	14.341	23.177	448.164482608696	0	55	2
2019	333	18.62225	14.355	24.026	347.610747619048	0	55	2
2019	334	18.0896458333333	15.944	22.546	269.294272727273	0	55	2
2019	335	18.0297291666667	15.754	22.07	417.38093	0	55	2
2019	336	18.177375	15.726	22.362	251.087898695652	0	55	2
2019	337	18.5045625	15.931	23.083	319.462098636364	0.7	55	2
2019	338	19.3177291666667	15.667	24.27	409.5941685	1.9	55	2
2019	339	18.1344791666667	15.011	22.242	241.343273913043	0	55	2
2019	340	18.9696041666667	15.284	23.356	370.432852380952	0	55	2
2019	341	18.5540625	16.054	21.78	211.110562173913	0	55	2
2019	342	18.4547083333333	14.906	23.413	298.763869545455	0	55	2
2019	343	18.6214375	16.072	23.391	243.023815714286	0	55	2
2019	344	17.6482083333333	16.339	20.492	253.035954545455	0	55	2
2019	345	18.1104166666667	15.52	22.708	389.311013636364	0	55	2
2019	346	18.2056458333333	14.156	23.7	467.717771428571	0	55	2
2019	347	18.8473333333333	14.949	23.971	481.553845454545	0	55	2
2019	348	18.1544583333333	14.921	22.629	367.676686363636	3.7	55	2
2019	349	18.2167291666667	15.093	22.946	315.581472608696	5.1	55	2
2019	350	18.7447083333333	15.02	23.641	421.847560869565	0.6	55	2
2019	351	18.5759791666667	15.306	23.331	332.725243478261	0	55	2
2019	352	19.0415	15.824	23.611	448.47688826087	0	55	2
2019	353	18.1445625	13.598	23.351	461.995422727273	0	55	2
2019	354	18.5191666666667	13.564	23.937	454.476731818182	0	55	2
2019	355	18.3814166666667	14.96	23.578	296.195023809524	3.1	55	2
2019	356	18.2127916666667	15.16	22.454	310.186886363636	0	55	2
2019	357	18.8538333333333	15.222	23.565	404.0893	7.2	55	2
2019	358	19.0585833333333	15.764	22.865	280.38049047619	0.1	55	2
2019	359	19.3473333333333	15.186	23.961	392.782756521739	5.1	55	2
2019	360	18.8351041666667	14.178	24.069	409.29838	14.3	55	2
2019	361	20.0258125	16.843	25.15	378.519366818182	36.7	55	2
2019	362	19.2393125	16.701	24.566	354.088235238095	16.4	55	2
2019	363	19.780125	17.049	23.96	355.178668181818	0.2	55	2
2019	364	18.6861875	14.018	23.165	439.38431	0	55	2
2019	365	18.5310208333333	14.558	23.5	428.51090952381	0	55	2
2020	1	18.8652083333333	14.267	24.059	469.5304	0	55	2
2020	2	18.5978125	15.093	24.196	445.124571428571	0	55	2
2020	3	18.8684680851064	14.791	23.393	376.669340909091	0.00919148936170213	55	2
2020	4	18.3518125	14.912	22.963	394.625060454545	0	55	2
2020	5	19.0610416666667	13.758	24.797	461.1195	0	55	2
2020	6	19.7287291666667	16.043	25.177	427.262154545455	0.107	55	2
2020	7	18.6471489361702	16.181	22.577	324.77540952381	0.0439148936170213	55	2
2020	8	17.8481666666667	15.513	21.769	286.960218695652	0.117	55	2
2020	9	18.2946875	14.918	23.682	342.418547619048	0.026	55	2
2020	10	19.3340416666667	15.431	25.038	406.304954545455	0.001	55	2
2020	11	19.7930217391304	14.857	25.569	437.530522380952	0	55	2
2020	12	19.9211875	15.969	26.216	491.234368421053	0	55	2
2020	13	18.1388125	15.618	23.121	290.944675	0.174	55	2
2020	14	19.1651666666667	15.589	23.345	401.381498571429	0	55	2
2020	15	19.66325	16.054	24.299	473.97455	0	55	2
2020	16	19.2645	15.724	23.539	355.04069047619	0	55	2
2020	17	19.233	15.233	24.325	329.108228571429	0	55	2
2020	18	19.6950208333333	15.629	25.213	479.835352631579	0	55	2
2020	19	19.6159583333333	14.574	25.266	393.970833333333	0	55	2
2020	20	19.7736458333333	14.658	25.735	458.694914285714	0	55	2
2020	21	19.9724791666667	15.245	25.139	396.494757142857	0	55	2
2020	22	19.7261875	16.269	23.653	330.991057142857	0	55	2
2020	23	19.2292916666667	16.723	23.311	318.197127142857	0	55	2
2020	24	18.9330625	16.766	22.385	210.711736521739	0	55	2
2020	25	18.9204166666667	16.126	23.474	296.286823809524	0.002	55	2
2020	26	18.2185416666667	16.011	21.796	276.237774545455	0.174	55	2
2020	27	18.1158125	15.758	21.756	282.477659090909	0.033	55	2
2020	28	17.4850416666667	15.283	20.928	257.553130454545	0.178	55	2
2020	29	18.9668125	15.648	23.87	461.042642857143	0	55	2
2020	30	19.1254583333333	16.024	23.804	443.796013636364	0	55	2
2020	31	19.5672916666667	15.445	24.686	377.762090909091	0	55	2
2020	32	18.5428125	15.064	23.725	363.928295454545	93.099	55	2
2020	33	18.5995208333333	15.454	24.213	355.735147368421	0	55	2
2020	34	18.9831666666667	15.136	24.178	447.031995454545	0	55	2
2020	35	18.9962083333333	14.466	23.998	419.048026086957	0	55	2
2020	36	18.6233125	13.047	23.96	459.941209090909	0	55	2
2020	37	18.6345	14.813	24.547	487.281371428571	0	55	2
2020	38	19.147914893617	13.233	25.598	518.23976	0	55	2
2020	39	18.7088125	14.714	24.318	444.892213636364	0	55	2
2020	40	18.4323541666667	14.378	24.001	469.727383181818	0	55	2
2020	41	18.8336666666667	12.547	25.975	494.418619047619	0	55	2
2020	42	20.0021875	12.815	27.743	490.808128571429	0	55	2
2020	43	20.2462291666667	13.965	26.154	472.93120952381	0	55	2
2020	44	19.6303125	15.651	24.615	402.751560869565	0	55	2
2020	45	19.2813333333333	16.144	24.175	465.958471428571	0	55	2
2020	46	18.3563541666667	15.785	23.661	325.985481818182	0	55	2
2020	47	18.1916041666667	15.729	22.674	312.794965217391	0	55	2
2020	48	19.4125208333333	15.509	24.993	466.848572727273	0	55	2
2020	49	19.3140416666667	14.855	24.592	494.145595238095	0	55	2
2020	50	19.719625	16.24	25.129	464.391890909091	0	55	2
2020	51	20.2947916666667	14.473	26.543	495.541531818182	0	55	2
2020	52	20.382875	15.674	26.271	454.605004347826	0	55	2
2020	53	19.5436875	15.713	25.242	329.884631304348	16.548	55	2
2020	54	19.7012291666667	16.545	24.634	340.449337826087	1.446	55	2
2020	55	19.7003541666667	16.307	25.161	464.480604761905	0.006	55	2
2020	56	20.6094166666667	14.283	27.144	448.613434761905	0.002	55	2
2020	57	20.2818125	16.848	26.368	402.660579565217	0.001	55	2
2020	58	19.7574166666667	15.887	25.47	461.746848636364	0	55	2
2020	59	20.0058541666667	16.428	25.482	435.295571428571	0	55	2
2020	60	20.4700625	14.514	26.991	354.413463636364	0	55	2
2020	61	20.1408541666667	15.929	27.255	291.59169	0.035	55	2
2020	62	18.8536875	15.826	25.187	350.66203	22.433	55	2
2020	63	20.4949375	16.487	25.456	399.281080454545	0	55	2
2020	64	20.5271458333333	16.727	26.123	429.635066666667	0	55	2
2020	65	19.7951458333333	15.118	27.371	437.929387727273	0.739	55	2
2020	66	20.3375208333333	15.4	26.896	471.303476190476	0	55	2
2020	67	20.3939166666667	15.209	27.027	448.568586956522	0	55	2
2020	68	19.974375	16.249	25.241	479.279210454545	0	55	2
2020	69	19.901375	16.921	25.396	317.317259090909	0	55	2
2020	70	20.2551666666667	16.558	25.559	461.439022380952	0	55	2
2020	71	20.07025	15.981	25.99	432.068445454545	0	55	2
2020	72	19.8527083333333	16.713	25.091	345.830418181818	0	55	2
2020	73	20.1830638297872	16.541	25.71	404.115152380952	0	55	2
2020	74	19.3837837837838	14.631	25.857	362.449728571429	0.00648648648648649	55	2
2020	75	20.4797272727273	16.057	26.938	455.2231	0	55	2
2020	76	20.8169166666667	15.913	28.211	434.753028571429	0	55	2
2020	77	20.2639583333333	17.176	25.809	418.438571428571	0	55	2
2020	78	20.137	16.055	25.718	407.6181125	0	55	2
2020	79	19.3370909090909	15.327	25.396	387.0441	0.0261818181818182	55	2
2020	80	19.8052083333333	15.529	26.221	434.777485714286	0	55	2
2020	81	19.5063043478261	15.85	25.09	505.421171428571	0.0271304347826087	55	2
2020	82	19.5705416666667	15.35	25.098	462.2074125	0	55	2
2020	83	20.0474347826087	14.282	26.848	455.015828571429	0	55	2
2020	84	20.2292272727273	15.973	26.704	343.9928	0	55	2
2020	85	20.50252	16.357	26.196	315.294285714286	0	55	2
2020	86	19.9850833333333	15.441	26.751	286.62017125	0.322	55	2
2020	87	18.7812608695652	15.747	24.969	319.499684615385	0.0396521739130435	55	2
2020	88	19.733375	16.339	24.857	271.81145	0	55	2
2020	89	18.9702608695652	14.046	25.289	437.573	0.229565217391304	55	2
2020	90	19.9216956521739	15.37	25.894	437.068635714286	0.00208695652173913	55	2
2020	91	20.2440416666667	17.009	24.885	430.2244	0	55	2
2020	92	20.1204090909091	15.329	25.561	438.756278571429	0.00218181818181818	55	2
2020	93	19.2842916666667	14.246	24.999	392.296657142857	0	55	2
2020	94	19.616	16.518	24.577	426.8756125	0	55	2
2020	95	19.4949545454545	15.388	24.531	451.4931875	0	55	2
2020	96	19.6513043478261	15.368	25.354	410.324042857143	0	55	2
2020	97	19.5861739130435	16.054	25.315	408.019069230769	0.00208695652173913	55	2
2020	98	19.49232	17.261	23.814	305.6059	0	55	2
2020	99	19.879375	16.099	24.923	484.465657142857	0	55	2
2020	100	19.4359130434783	14.565	25.312	375.023064285714	0	55	2
2020	101	19.8200434782609	15.715	24.828	439.624783333333	0	55	2
2020	102	19.8380869565217	14.446	26.309	431.693278571429	0	55	2
2020	103	19.7121304347826	13.394	26.147	350.852514285714	0	55	2
2020	104	19.8422	16.24	24.761	232.216785714286	0	55	2
2020	105	19.6619583333333	15.749	26.32	253.774738571429	0	55	2
2020	106	19.5543636363636	15.933	26.53	372.362325	0.104727272727273	55	2
2020	107	19.1961666666667	14.994	25.944	410.62985	0	55	2
2020	108	19.3532	14.958	25.088	119.546485714286	0	55	2
2020	109	19.1942608695652	16.957	25.999	237.1969125	0.0876521739130435	55	2
2020	110	18.5329130434783	15.63	22.944	280.189878571429	0	55	2
2020	111	18.87	16.192	23.766	257.73395	0.35895652173913	55	2
2020	112	18.7132916666667	15.448	24.201	345.280866666667	2.178	55	2
2020	113	18.6128260869565	15.473	22.268	169.016557142857	7.01217391304348	55	2
2020	114	16.8241304347826	15.373	19.122	134.636978571429	191.908173913043	55	2
2020	115	18.991	14.838	24.437	321.915484666667	0	55	2
2020	116	18.3763333333333	14.913	22.315	271.415628571429	11.13	55	2
2020	117	18.7069130434783	16.598	24.708	232.65745	3.62921739130435	55	2
2020	118	18.4065217391304	13.849	22.357	306.328207142857	0	55	2
2020	119	18.9796956521739	14.055	24.833	368.933848666667	0	55	2
2020	120	19.31368	16.555	23.754	221.0773	0	55	2
2020	121	19.4819565217391	16.453	24.7	393.381142857143	0	55	2
2020	122	18.9572916666667	15.79	24.424	357.859124666667	0	55	2
2020	123	19.0007916666667	16.275	24.206	233.4374	0	55	2
2020	124	19.31932	16.448	24.312	306.167625	0	55	2
2020	125	19.4035833333333	14.975	25.003	463.681066666667	0	55	2
2020	126	19.3591363636364	15.019	24.461	348.492025384615	0	55	2
2020	127	19.5317826086957	16.43	24.577	327.038953846154	0	55	2
2020	128	18.4764166666667	16.113	21.771	197.422775	0	55	2
2020	129	18.2828260869565	14.62	22.766	254.057425	0	55	2
2020	130	17.9805384615385	16.379	21.01	226.7948	0	55	2
2020	131	18.9275932819767	14.7786730621642	24.0770115118956	314.826843285573	1.72493108428114	55	2
2020	132	18.9275932819767	14.7786730621642	24.0770115118956	314.826843285573	1.72493108428114	55	2
2020	133	18.9275932819767	14.7786730621642	24.0770115118956	314.826843285573	1.72493108428114	55	2
2020	134	18.9275932819767	14.7786730621642	24.0770115118956	314.826843285573	1.72493108428114	55	2
2020	135	18.9275932819767	14.7786730621642	24.0770115118956	314.826843285573	1.72493108428114	55	2
2020	136	18.9275932819767	14.7786730621642	24.0770115118956	314.826843285573	1.72493108428114	55	2
2020	137	18.9275932819767	14.7786730621642	24.0770115118956	314.826843285573	1.72493108428114	55	2
2020	138	18.9275932819767	14.7786730621642	24.0770115118956	314.826843285573	1.72493108428114	55	2
2020	139	18.9275932819767	14.7786730621642	24.0770115118956	314.826843285573	1.72493108428114	55	2
2020	140	18.9275932819767	14.7786730621642	24.0770115118956	314.826843285573	1.72493108428114	55	2
2020	141	18.9275932819767	14.7786730621642	24.0770115118956	314.826843285573	1.72493108428114	55	2
2020	142	18.9275932819767	14.7786730621642	24.0770115118956	314.826843285573	1.72493108428114	55	2
2020	143	18.9275932819767	14.7786730621642	24.0770115118956	314.826843285573	1.72493108428114	55	2
2020	144	18.9275932819767	14.7786730621642	24.0770115118956	314.826843285573	1.72493108428114	55	2
2020	145	18.9275932819767	14.7786730621642	24.0770115118956	314.826843285573	1.72493108428114	55	2
2020	146	18.9275932819767	14.7786730621642	24.0770115118956	314.826843285573	1.72493108428114	55	2
2020	147	18.9275932819767	14.7786730621642	24.0770115118956	314.826843285573	1.72493108428114	55	2
2020	148	18.9275932819767	14.7786730621642	24.0770115118956	314.826843285573	1.72493108428114	55	2
2020	149	18.9275932819767	14.7786730621642	24.0770115118956	314.826843285573	1.72493108428114	55	2
2020	150	18.9275932819767	14.7786730621642	24.0770115118956	314.826843285573	1.72493108428114	55	2
2020	151	18.9275932819767	14.7786730621642	24.0770115118956	314.826843285573	1.72493108428114	55	2
2020	152	18.9275932819767	14.7786730621642	24.0770115118956	314.826843285573	1.72493108428114	55	2
2020	153	18.9275932819767	14.7786730621642	24.0770115118956	314.826843285573	1.72493108428114	55	2
2020	154	18.9275932819767	14.7786730621642	24.0770115118956	314.826843285573	1.72493108428114	55	2
2020	155	18.9275932819767	14.7786730621642	24.0770115118956	314.826843285573	1.72493108428114	55	2
2020	156	18.9275932819767	14.7786730621642	24.0770115118956	314.826843285573	1.72493108428114	55	2
2020	157	18.9275932819767	14.7786730621642	24.0770115118956	314.826843285573	1.72493108428114	55	2
2020	158	18.9275932819767	14.7786730621642	24.0770115118956	314.826843285573	1.72493108428114	55	2
2020	159	18.9275932819767	14.7786730621642	24.0770115118956	314.826843285573	1.72493108428114	55	2
2020	160	18.9275932819767	14.7786730621642	24.0770115118956	314.826843285573	1.72493108428114	55	2
2020	161	18.9275932819767	14.7786730621642	24.0770115118956	314.826843285573	1.72493108428114	55	2
2020	162	18.9275932819767	14.7786730621642	24.0770115118956	314.826843285573	1.72493108428114	55	2
2020	163	18.9275932819767	14.7786730621642	24.0770115118956	314.826843285573	1.72493108428114	55	2
2020	164	18.9275932819767	14.7786730621642	24.0770115118956	314.826843285573	1.72493108428114	55	2
2020	165	18.9275932819767	14.7786730621642	24.0770115118956	314.826843285573	1.72493108428114	55	2
2020	166	18.9275932819767	14.7786730621642	24.0770115118956	314.826843285573	1.72493108428114	55	2
2020	167	18.9275932819767	14.7786730621642	24.0770115118956	314.826843285573	1.72493108428114	55	2
2020	168	18.9275932819767	14.7786730621642	24.0770115118956	314.826843285573	1.72493108428114	55	2
2020	169	18.9275932819767	14.7786730621642	24.0770115118956	314.826843285573	1.72493108428114	55	2
2020	170	18.9275932819767	14.7786730621642	24.0770115118956	314.826843285573	1.72493108428114	55	2
2020	171	18.9275932819767	14.7786730621642	24.0770115118956	314.826843285573	1.72493108428114	55	2
2020	172	18.9275932819767	14.7786730621642	24.0770115118956	314.826843285573	1.72493108428114	55	2
2020	173	18.9275932819767	14.7786730621642	24.0770115118956	314.826843285573	1.72493108428114	55	2
2020	174	18.9275932819767	14.7786730621642	24.0770115118956	314.826843285573	1.72493108428114	55	2
2020	175	18.9275932819767	14.7786730621642	24.0770115118956	314.826843285573	1.72493108428114	55	2
2020	176	18.9275932819767	14.7786730621642	24.0770115118956	314.826843285573	1.72493108428114	55	2
2020	177	18.9275932819767	14.7786730621642	24.0770115118956	314.826843285573	1.72493108428114	55	2
2020	178	18.9275932819767	14.7786730621642	24.0770115118956	314.826843285573	1.72493108428114	55	2
2020	179	18.9275932819767	14.7786730621642	24.0770115118956	314.826843285573	1.72493108428114	55	2
2020	180	18.9275932819767	14.7786730621642	24.0770115118956	314.826843285573	1.72493108428114	55	2
2020	181	18.9275932819767	14.7786730621642	24.0770115118956	314.826843285573	1.72493108428114	55	2
2020	182	18.9275932819767	14.7786730621642	24.0770115118956	314.826843285573	1.72493108428114	55	2
2020	183	18.9275932819767	14.7786730621642	24.0770115118956	314.826843285573	1.72493108428114	55	2
2020	184	18.9275932819767	14.7786730621642	24.0770115118956	314.826843285573	1.72493108428114	55	2
2020	185	18.9275932819767	14.7786730621642	24.0770115118956	314.826843285573	1.72493108428114	55	2
2020	186	18.9275932819767	14.7786730621642	24.0770115118956	314.826843285573	1.72493108428114	55	2
2020	187	18.9275932819767	14.7786730621642	24.0770115118956	314.826843285573	1.72493108428114	55	2
2020	188	18.9275932819767	14.7786730621642	24.0770115118956	314.826843285573	1.72493108428114	55	2
2020	189	18.9275932819767	14.7786730621642	24.0770115118956	314.826843285573	1.72493108428114	55	2
2020	190	18.9275932819767	14.7786730621642	24.0770115118956	314.826843285573	1.72493108428114	55	2
2020	191	18.9275932819767	14.7786730621642	24.0770115118956	314.826843285573	1.72493108428114	55	2
2020	192	18.9275932819767	14.7786730621642	24.0770115118956	314.826843285573	1.72493108428114	55	2
2020	193	18.9275932819767	14.7786730621642	24.0770115118956	314.826843285573	1.72493108428114	55	2
2020	194	18.9275932819767	14.7786730621642	24.0770115118956	314.826843285573	1.72493108428114	55	2
2020	195	18.9275932819767	14.7786730621642	24.0770115118956	314.826843285573	1.72493108428114	55	2
2020	196	18.9275932819767	14.7786730621642	24.0770115118956	314.826843285573	1.72493108428114	55	2
2020	197	18.9275932819767	14.7786730621642	24.0770115118956	314.826843285573	1.72493108428114	55	2
2020	198	18.9275932819767	14.7786730621642	24.0770115118956	314.826843285573	1.72493108428114	55	2
2020	199	18.9275932819767	14.7786730621642	24.0770115118956	314.826843285573	1.72493108428114	55	2
2020	200	18.9275932819767	14.7786730621642	24.0770115118956	314.826843285573	1.72493108428114	55	2
2020	201	18.9275932819767	14.7786730621642	24.0770115118956	314.826843285573	1.72493108428114	55	2
2020	202	18.9275932819767	14.7786730621642	24.0770115118956	314.826843285573	1.72493108428114	55	2
2020	203	18.9275932819767	14.7786730621642	24.0770115118956	314.826843285573	1.72493108428114	55	2
2020	204	18.9275932819767	14.7786730621642	24.0770115118956	314.826843285573	1.72493108428114	55	2
2020	205	18.9275932819767	14.7786730621642	24.0770115118956	314.826843285573	1.72493108428114	55	2
2020	206	18.9275932819767	14.7786730621642	24.0770115118956	314.826843285573	1.72493108428114	55	2
2020	207	18.9275932819767	14.7786730621642	24.0770115118956	314.826843285573	1.72493108428114	55	2
2020	208	18.9275932819767	14.7786730621642	24.0770115118956	314.826843285573	1.72493108428114	55	2
2020	209	18.9275932819767	14.7786730621642	24.0770115118956	314.826843285573	1.72493108428114	55	2
2020	210	18.9275932819767	14.7786730621642	24.0770115118956	314.826843285573	1.72493108428114	55	2
2020	211	18.9275932819767	14.7786730621642	24.0770115118956	314.826843285573	1.72493108428114	55	2
2020	212	18.9275932819767	14.7786730621642	24.0770115118956	314.826843285573	1.72493108428114	55	2
2020	213	18.9275932819767	14.7786730621642	24.0770115118956	314.826843285573	1.72493108428114	55	2
2020	214	18.9275932819767	14.7786730621642	24.0770115118956	314.826843285573	1.72493108428114	55	2
2020	215	18.9275932819767	14.7786730621642	24.0770115118956	314.826843285573	1.72493108428114	55	2
2020	216	18.9275932819767	14.7786730621642	24.0770115118956	314.826843285573	1.72493108428114	55	2
2020	217	18.9275932819767	14.7786730621642	24.0770115118956	314.826843285573	1.72493108428114	55	2
2020	218	18.9275932819767	14.7786730621642	24.0770115118956	314.826843285573	1.72493108428114	55	2
2020	219	18.9275932819767	14.7786730621642	24.0770115118956	314.826843285573	1.72493108428114	55	2
2020	220	18.9275932819767	14.7786730621642	24.0770115118956	314.826843285573	1.72493108428114	55	2
2020	221	18.9275932819767	14.7786730621642	24.0770115118956	314.826843285573	1.72493108428114	55	2
2020	222	18.9275932819767	14.7786730621642	24.0770115118956	314.826843285573	1.72493108428114	55	2
2020	223	18.9275932819767	14.7786730621642	24.0770115118956	314.826843285573	1.72493108428114	55	2
2020	224	18.9275932819767	14.7786730621642	24.0770115118956	314.826843285573	1.72493108428114	55	2
2020	225	18.9275932819767	14.7786730621642	24.0770115118956	314.826843285573	1.72493108428114	55	2
2020	226	18.9275932819767	14.7786730621642	24.0770115118956	314.826843285573	1.72493108428114	55	2
2020	227	18.9275932819767	14.7786730621642	24.0770115118956	314.826843285573	1.72493108428114	55	2
2020	228	18.9275932819767	14.7786730621642	24.0770115118956	314.826843285573	1.72493108428114	55	2
2020	229	18.9275932819767	14.7786730621642	24.0770115118956	314.826843285573	1.72493108428114	55	2
2020	230	18.9275932819767	14.7786730621642	24.0770115118956	314.826843285573	1.72493108428114	55	2
2020	231	18.9275932819767	14.7786730621642	24.0770115118956	314.826843285573	1.72493108428114	55	2
2020	232	18.9275932819767	14.7786730621642	24.0770115118956	314.826843285573	1.72493108428114	55	2
2020	233	18.9275932819767	14.7786730621642	24.0770115118956	314.826843285573	1.72493108428114	55	2
2020	234	18.9275932819767	14.7786730621642	24.0770115118956	314.826843285573	1.72493108428114	55	2
2020	235	18.9275932819767	14.7786730621642	24.0770115118956	314.826843285573	1.72493108428114	55	2
2020	236	18.9275932819767	14.7786730621642	24.0770115118956	314.826843285573	1.72493108428114	55	2
2020	237	18.9275932819767	14.7786730621642	24.0770115118956	314.826843285573	1.72493108428114	55	2
2020	238	18.9275932819767	14.7786730621642	24.0770115118956	314.826843285573	1.72493108428114	55	2
2020	239	18.9275932819767	14.7786730621642	24.0770115118956	314.826843285573	1.72493108428114	55	2
2020	240	18.9275932819767	14.7786730621642	24.0770115118956	314.826843285573	1.72493108428114	55	2
2020	241	18.9275932819767	14.7786730621642	24.0770115118956	314.826843285573	1.72493108428114	55	2
2020	242	18.9275932819767	14.7786730621642	24.0770115118956	314.826843285573	1.72493108428114	55	2
2020	243	18.9275932819767	14.7786730621642	24.0770115118956	314.826843285573	1.72493108428114	55	2
2020	244	18.9275932819767	14.7786730621642	24.0770115118956	314.826843285573	1.72493108428114	55	2
2020	245	18.9275932819767	14.7786730621642	24.0770115118956	314.826843285573	1.72493108428114	55	2
2020	246	18.9275932819767	14.7786730621642	24.0770115118956	314.826843285573	1.72493108428114	55	2
2020	247	18.9275932819767	14.7786730621642	24.0770115118956	314.826843285573	1.72493108428114	55	2
2020	248	18.9275932819767	14.7786730621642	24.0770115118956	314.826843285573	1.72493108428114	55	2
2020	249	18.9275932819767	14.7786730621642	24.0770115118956	314.826843285573	1.72493108428114	55	2
2020	250	18.9275932819767	14.7786730621642	24.0770115118956	314.826843285573	1.72493108428114	55	2
2020	251	18.9275932819767	14.7786730621642	24.0770115118956	314.826843285573	1.72493108428114	55	2
2020	252	18.9275932819767	14.7786730621642	24.0770115118956	314.826843285573	1.72493108428114	55	2
2020	253	18.9275932819767	14.7786730621642	24.0770115118956	314.826843285573	1.72493108428114	55	2
2020	254	18.9275932819767	14.7786730621642	24.0770115118956	314.826843285573	1.72493108428114	55	2
2020	255	18.9275932819767	14.7786730621642	24.0770115118956	314.826843285573	1.72493108428114	55	2
2020	256	18.9275932819767	14.7786730621642	24.0770115118956	314.826843285573	1.72493108428114	55	2
2020	257	18.9275932819767	14.7786730621642	24.0770115118956	314.826843285573	1.72493108428114	55	2
2020	258	18.9275932819767	14.7786730621642	24.0770115118956	314.826843285573	1.72493108428114	55	2
2020	259	18.9275932819767	14.7786730621642	24.0770115118956	314.826843285573	1.72493108428114	55	2
2020	260	18.9275932819767	14.7786730621642	24.0770115118956	314.826843285573	1.72493108428114	55	2
2020	261	18.9275932819767	14.7786730621642	24.0770115118956	314.826843285573	1.72493108428114	55	2
2020	262	18.9275932819767	14.7786730621642	24.0770115118956	314.826843285573	1.72493108428114	55	2
2020	263	18.9275932819767	14.7786730621642	24.0770115118956	314.826843285573	1.72493108428114	55	2
2020	264	18.9275932819767	14.7786730621642	24.0770115118956	314.826843285573	1.72493108428114	55	2
2020	265	18.9275932819767	14.7786730621642	24.0770115118956	314.826843285573	1.72493108428114	55	2
2020	266	18.9275932819767	14.7786730621642	24.0770115118956	314.826843285573	1.72493108428114	55	2
2020	267	18.9275932819767	14.7786730621642	24.0770115118956	314.826843285573	1.72493108428114	55	2
2020	268	18.9275932819767	14.7786730621642	24.0770115118956	314.826843285573	1.72493108428114	55	2
2020	269	18.9275932819767	14.7786730621642	24.0770115118956	314.826843285573	1.72493108428114	55	2
2020	270	18.9275932819767	14.7786730621642	24.0770115118956	314.826843285573	1.72493108428114	55	2
2020	271	18.9275932819767	14.7786730621642	24.0770115118956	314.826843285573	1.72493108428114	55	2
2020	272	18.9275932819767	14.7786730621642	24.0770115118956	314.826843285573	1.72493108428114	55	2
2020	273	18.9275932819767	14.7786730621642	24.0770115118956	314.826843285573	1.72493108428114	55	2
2020	274	18.9275932819767	14.7786730621642	24.0770115118956	314.826843285573	1.72493108428114	55	2
2020	275	18.9275932819767	14.7786730621642	24.0770115118956	314.826843285573	1.72493108428114	55	2
2020	276	18.9275932819767	14.7786730621642	24.0770115118956	314.826843285573	1.72493108428114	55	2
2020	277	18.9275932819767	14.7786730621642	24.0770115118956	314.826843285573	1.72493108428114	55	2
2020	278	18.9275932819767	14.7786730621642	24.0770115118956	314.826843285573	1.72493108428114	55	2
2020	279	18.9275932819767	14.7786730621642	24.0770115118956	314.826843285573	1.72493108428114	55	2
2020	280	18.9275932819767	14.7786730621642	24.0770115118956	314.826843285573	1.72493108428114	55	2
2020	281	18.9275932819767	14.7786730621642	24.0770115118956	314.826843285573	1.72493108428114	55	2
2020	282	18.9275932819767	14.7786730621642	24.0770115118956	314.826843285573	1.72493108428114	55	2
2020	283	18.9275932819767	14.7786730621642	24.0770115118956	314.826843285573	1.72493108428114	55	2
2020	284	18.9275932819767	14.7786730621642	24.0770115118956	314.826843285573	1.72493108428114	55	2
2020	285	18.9275932819767	14.7786730621642	24.0770115118956	314.826843285573	1.72493108428114	55	2
2020	286	18.9275932819767	14.7786730621642	24.0770115118956	314.826843285573	1.72493108428114	55	2
2020	287	18.9275932819767	14.7786730621642	24.0770115118956	314.826843285573	1.72493108428114	55	2
2020	288	18.9275932819767	14.7786730621642	24.0770115118956	314.826843285573	1.72493108428114	55	2
2020	289	18.9275932819767	14.7786730621642	24.0770115118956	314.826843285573	1.72493108428114	55	2
2020	290	18.9275932819767	14.7786730621642	24.0770115118956	314.826843285573	1.72493108428114	55	2
2020	291	18.9275932819767	14.7786730621642	24.0770115118956	314.826843285573	1.72493108428114	55	2
2020	292	18.9275932819767	14.7786730621642	24.0770115118956	314.826843285573	1.72493108428114	55	2
2020	293	18.9275932819767	14.7786730621642	24.0770115118956	314.826843285573	1.72493108428114	55	2
2020	294	18.9275932819767	14.7786730621642	24.0770115118956	314.826843285573	1.72493108428114	55	2
2020	295	18.9275932819767	14.7786730621642	24.0770115118956	314.826843285573	1.72493108428114	55	2
2020	296	18.9275932819767	14.7786730621642	24.0770115118956	314.826843285573	1.72493108428114	55	2
2020	297	18.9275932819767	14.7786730621642	24.0770115118956	314.826843285573	1.72493108428114	55	2
2020	298	18.9275932819767	14.7786730621642	24.0770115118956	314.826843285573	1.72493108428114	55	2
2020	299	18.9275932819767	14.7786730621642	24.0770115118956	314.826843285573	1.72493108428114	55	2
2020	300	18.9275932819767	14.7786730621642	24.0770115118956	314.826843285573	1.72493108428114	55	2
2020	301	18.9275932819767	14.7786730621642	24.0770115118956	314.826843285573	1.72493108428114	55	2
2020	302	18.9275932819767	14.7786730621642	24.0770115118956	314.826843285573	1.72493108428114	55	2
2020	303	18.9275932819767	14.7786730621642	24.0770115118956	314.826843285573	1.72493108428114	55	2
2020	304	18.9275932819767	14.7786730621642	24.0770115118956	314.826843285573	1.72493108428114	55	2
2020	305	18.9275932819767	14.7786730621642	24.0770115118956	314.826843285573	1.72493108428114	55	2
2020	306	18.9275932819767	14.7786730621642	24.0770115118956	314.826843285573	1.72493108428114	55	2
2020	307	18.9275932819767	14.7786730621642	24.0770115118956	314.826843285573	1.72493108428114	55	2
2020	308	18.9275932819767	14.7786730621642	24.0770115118956	314.826843285573	1.72493108428114	55	2
2020	309	18.9275932819767	14.7786730621642	24.0770115118956	314.826843285573	1.72493108428114	55	2
2020	310	18.9275932819767	14.7786730621642	24.0770115118956	314.826843285573	1.72493108428114	55	2
2020	311	18.9275932819767	14.7786730621642	24.0770115118956	314.826843285573	1.72493108428114	55	2
2020	312	18.9275932819767	14.7786730621642	24.0770115118956	314.826843285573	1.72493108428114	55	2
2020	313	18.9275932819767	14.7786730621642	24.0770115118956	314.826843285573	1.72493108428114	55	2
2020	314	18.9275932819767	14.7786730621642	24.0770115118956	314.826843285573	1.72493108428114	55	2
2020	315	18.9275932819767	14.7786730621642	24.0770115118956	314.826843285573	1.72493108428114	55	2
2020	316	18.9275932819767	14.7786730621642	24.0770115118956	314.826843285573	1.72493108428114	55	2
2020	317	18.9275932819767	14.7786730621642	24.0770115118956	314.826843285573	1.72493108428114	55	2
2020	318	18.9275932819767	14.7786730621642	24.0770115118956	314.826843285573	1.72493108428114	55	2
2020	319	18.9275932819767	14.7786730621642	24.0770115118956	314.826843285573	1.72493108428114	55	2
2020	320	18.9275932819767	14.7786730621642	24.0770115118956	314.826843285573	1.72493108428114	55	2
2020	321	18.9275932819767	14.7786730621642	24.0770115118956	314.826843285573	1.72493108428114	55	2
2020	322	18.9275932819767	14.7786730621642	24.0770115118956	314.826843285573	1.72493108428114	55	2
2020	323	18.9275932819767	14.7786730621642	24.0770115118956	314.826843285573	1.72493108428114	55	2
2020	324	18.9275932819767	14.7786730621642	24.0770115118956	314.826843285573	1.72493108428114	55	2
2020	325	18.9275932819767	14.7786730621642	24.0770115118956	314.826843285573	1.72493108428114	55	2
2020	326	18.9275932819767	14.7786730621642	24.0770115118956	314.826843285573	1.72493108428114	55	2
2020	327	18.9275932819767	14.7786730621642	24.0770115118956	314.826843285573	1.72493108428114	55	2
2020	328	18.9275932819767	14.7786730621642	24.0770115118956	314.826843285573	1.72493108428114	55	2
2020	329	18.9275932819767	14.7786730621642	24.0770115118956	314.826843285573	1.72493108428114	55	2
2020	330	18.9275932819767	14.7786730621642	24.0770115118956	314.826843285573	1.72493108428114	55	2
2020	331	18.9275932819767	14.7786730621642	24.0770115118956	314.826843285573	1.72493108428114	55	2
2020	332	18.9275932819767	14.7786730621642	24.0770115118956	314.826843285573	1.72493108428114	55	2
2020	333	18.9275932819767	14.7786730621642	24.0770115118956	314.826843285573	1.72493108428114	55	2
2020	334	18.9275932819767	14.7786730621642	24.0770115118956	314.826843285573	1.72493108428114	55	2
2020	335	18.9275932819767	14.7786730621642	24.0770115118956	314.826843285573	1.72493108428114	55	2
2020	336	18.9275932819767	14.7786730621642	24.0770115118956	314.826843285573	1.72493108428114	55	2
2020	337	18.9275932819767	14.7786730621642	24.0770115118956	314.826843285573	1.72493108428114	55	2
2020	338	18.9275932819767	14.7786730621642	24.0770115118956	314.826843285573	1.72493108428114	55	2
2020	339	18.9275932819767	14.7786730621642	24.0770115118956	314.826843285573	1.72493108428114	55	2
2020	340	18.9275932819767	14.7786730621642	24.0770115118956	314.826843285573	1.72493108428114	55	2
2020	341	18.9275932819767	14.7786730621642	24.0770115118956	314.826843285573	1.72493108428114	55	2
2020	342	18.9275932819767	14.7786730621642	24.0770115118956	314.826843285573	1.72493108428114	55	2
2020	343	18.9275932819767	14.7786730621642	24.0770115118956	314.826843285573	1.72493108428114	55	2
2020	344	18.9275932819767	14.7786730621642	24.0770115118956	314.826843285573	1.72493108428114	55	2
2020	345	18.9275932819767	14.7786730621642	24.0770115118956	314.826843285573	1.72493108428114	55	2
2020	346	18.9275932819767	14.7786730621642	24.0770115118956	314.826843285573	1.72493108428114	55	2
2020	347	18.9275932819767	14.7786730621642	24.0770115118956	314.826843285573	1.72493108428114	55	2
2020	348	18.9275932819767	14.7786730621642	24.0770115118956	314.826843285573	1.72493108428114	55	2
2020	349	18.9275932819767	14.7786730621642	24.0770115118956	314.826843285573	1.72493108428114	55	2
2020	350	18.9275932819767	14.7786730621642	24.0770115118956	314.826843285573	1.72493108428114	55	2
2020	351	18.9275932819767	14.7786730621642	24.0770115118956	314.826843285573	1.72493108428114	55	2
2020	352	18.9275932819767	14.7786730621642	24.0770115118956	314.826843285573	1.72493108428114	55	2
2020	353	18.9275932819767	14.7786730621642	24.0770115118956	314.826843285573	1.72493108428114	55	2
2020	354	18.9275932819767	14.7786730621642	24.0770115118956	314.826843285573	1.72493108428114	55	2
2020	355	18.9275932819767	14.7786730621642	24.0770115118956	314.826843285573	1.72493108428114	55	2
2020	356	18.9275932819767	14.7786730621642	24.0770115118956	314.826843285573	1.72493108428114	55	2
2020	357	18.9275932819767	14.7786730621642	24.0770115118956	314.826843285573	1.72493108428114	55	2
2020	358	18.9275932819767	14.7786730621642	24.0770115118956	314.826843285573	1.72493108428114	55	2
2020	359	18.9275932819767	14.7786730621642	24.0770115118956	314.826843285573	1.72493108428114	55	2
2020	360	18.9275932819767	14.7786730621642	24.0770115118956	314.826843285573	1.72493108428114	55	2
2020	361	18.9275932819767	14.7786730621642	24.0770115118956	314.826843285573	1.72493108428114	55	2
2020	362	18.9275932819767	14.7786730621642	24.0770115118956	314.826843285573	1.72493108428114	55	2
2020	363	18.9275932819767	14.7786730621642	24.0770115118956	314.826843285573	1.72493108428114	55	2
2020	364	18.9275932819767	14.7786730621642	24.0770115118956	314.826843285573	1.72493108428114	55	2
2020	365	18.9275932819767	14.7786730621642	24.0770115118956	314.826843285573	1.72493108428114	55	2
2020	366	18.9275932819767	14.7786730621642	24.0770115118956	314.826843285573	1.72493108428114	55	2
2021	1	18.9275932819767	14.7786730621642	24.0770115118956	314.826843285573	1.72493108428114	55	2
2021	2	18.9275932819767	14.7786730621642	24.0770115118956	314.826843285573	1.72493108428114	55	2
2021	3	18.9275932819767	14.7786730621642	24.0770115118956	314.826843285573	1.72493108428114	55	2
2021	4	18.9275932819767	14.7786730621642	24.0770115118956	314.826843285573	1.72493108428114	55	2
2021	5	18.9275932819767	14.7786730621642	24.0770115118956	314.826843285573	1.72493108428114	55	2
2021	6	18.9275932819767	14.7786730621642	24.0770115118956	314.826843285573	1.72493108428114	55	2
2021	7	18.9275932819767	14.7786730621642	24.0770115118956	314.826843285573	1.72493108428114	55	2
2021	8	18.9275932819767	14.7786730621642	24.0770115118956	314.826843285573	1.72493108428114	55	2
2021	9	18.9275932819767	14.7786730621642	24.0770115118956	314.826843285573	1.72493108428114	55	2
2021	10	18.9275932819767	14.7786730621642	24.0770115118956	314.826843285573	1.72493108428114	55	2
2021	11	18.9275932819767	14.7786730621642	24.0770115118956	314.826843285573	1.72493108428114	55	2
2021	12	18.9275932819767	14.7786730621642	24.0770115118956	314.826843285573	1.72493108428114	55	2
2021	13	18.9275932819767	14.7786730621642	24.0770115118956	314.826843285573	1.72493108428114	55	2
2021	14	18.9275932819767	14.7786730621642	24.0770115118956	314.826843285573	1.72493108428114	55	2
2021	15	18.9275932819767	14.7786730621642	24.0770115118956	314.826843285573	1.72493108428114	55	2
2021	16	18.9275932819767	14.7786730621642	24.0770115118956	314.826843285573	1.72493108428114	55	2
2021	17	18.9275932819767	14.7786730621642	24.0770115118956	314.826843285573	1.72493108428114	55	2
2021	18	18.9275932819767	14.7786730621642	24.0770115118956	314.826843285573	1.72493108428114	55	2
2021	19	18.9275932819767	14.7786730621642	24.0770115118956	314.826843285573	1.72493108428114	55	2
2021	20	18.9275932819767	14.7786730621642	24.0770115118956	314.826843285573	1.72493108428114	55	2
2021	21	18.9275932819767	14.7786730621642	24.0770115118956	314.826843285573	1.72493108428114	55	2
2021	22	18.9275932819767	14.7786730621642	24.0770115118956	314.826843285573	1.72493108428114	55	2
2021	23	18.9275932819767	14.7786730621642	24.0770115118956	314.826843285573	1.72493108428114	55	2
2021	24	18.9275932819767	14.7786730621642	24.0770115118956	314.826843285573	1.72493108428114	55	2
2021	25	18.9275932819767	14.7786730621642	24.0770115118956	314.826843285573	1.72493108428114	55	2
2021	26	18.9275932819767	14.7786730621642	24.0770115118956	314.826843285573	1.72493108428114	55	2
2021	27	18.9275932819767	14.7786730621642	24.0770115118956	314.826843285573	1.72493108428114	55	2
2021	28	18.9275932819767	14.7786730621642	24.0770115118956	314.826843285573	1.72493108428114	55	2
2021	29	18.9275932819767	14.7786730621642	24.0770115118956	314.826843285573	1.72493108428114	55	2
2021	30	18.9275932819767	14.7786730621642	24.0770115118956	314.826843285573	1.72493108428114	55	2
2021	31	18.9275932819767	14.7786730621642	24.0770115118956	314.826843285573	1.72493108428114	55	2
2021	32	18.9275932819767	14.7786730621642	24.0770115118956	314.826843285573	1.72493108428114	55	2
2021	33	18.9275932819767	14.7786730621642	24.0770115118956	314.826843285573	1.72493108428114	55	2
2021	34	18.9275932819767	14.7786730621642	24.0770115118956	314.826843285573	1.72493108428114	55	2
2021	35	18.9275932819767	14.7786730621642	24.0770115118956	314.826843285573	1.72493108428114	55	2
2021	36	18.9275932819767	14.7786730621642	24.0770115118956	314.826843285573	1.72493108428114	55	2
2021	37	18.9275932819767	14.7786730621642	24.0770115118956	314.826843285573	1.72493108428114	55	2
2021	38	18.9275932819767	14.7786730621642	24.0770115118956	314.826843285573	1.72493108428114	55	2
2021	39	18.9275932819767	14.7786730621642	24.0770115118956	314.826843285573	1.72493108428114	55	2
2021	40	18.9275932819767	14.7786730621642	24.0770115118956	314.826843285573	1.72493108428114	55	2
2021	41	18.9275932819767	14.7786730621642	24.0770115118956	314.826843285573	1.72493108428114	55	2
2021	42	18.9275932819767	14.7786730621642	24.0770115118956	314.826843285573	1.72493108428114	55	2
2021	43	18.9275932819767	14.7786730621642	24.0770115118956	314.826843285573	1.72493108428114	55	2
2021	44	18.9275932819767	14.7786730621642	24.0770115118956	314.826843285573	1.72493108428114	55	2
2021	45	18.9275932819767	14.7786730621642	24.0770115118956	314.826843285573	1.72493108428114	55	2
2021	46	18.9275932819767	14.7786730621642	24.0770115118956	314.826843285573	1.72493108428114	55	2
2021	47	18.9275932819767	14.7786730621642	24.0770115118956	314.826843285573	1.72493108428114	55	2
2021	48	18.9275932819767	14.7786730621642	24.0770115118956	314.826843285573	1.72493108428114	55	2
2021	49	18.9275932819767	14.7786730621642	24.0770115118956	314.826843285573	1.72493108428114	55	2
2021	50	18.9275932819767	14.7786730621642	24.0770115118956	314.826843285573	1.72493108428114	55	2
2021	51	18.9275932819767	14.7786730621642	24.0770115118956	314.826843285573	1.72493108428114	55	2
2021	52	18.9275932819767	14.7786730621642	24.0770115118956	314.826843285573	1.72493108428114	55	2
2021	53	18.9275932819767	14.7786730621642	24.0770115118956	314.826843285573	1.72493108428114	55	2
2021	54	18.9275932819767	14.7786730621642	24.0770115118956	314.826843285573	1.72493108428114	55	2
2021	55	18.9275932819767	14.7786730621642	24.0770115118956	314.826843285573	1.72493108428114	55	2
2021	56	18.9275932819767	14.7786730621642	24.0770115118956	314.826843285573	1.72493108428114	55	2
2021	57	18.9275932819767	14.7786730621642	24.0770115118956	314.826843285573	1.72493108428114	55	2
2021	58	18.9275932819767	14.7786730621642	24.0770115118956	314.826843285573	1.72493108428114	55	2
2021	59	18.9275932819767	14.7786730621642	24.0770115118956	314.826843285573	1.72493108428114	55	2
2021	60	18.9275932819767	14.7786730621642	24.0770115118956	314.826843285573	1.72493108428114	55	2
2021	61	18.9275932819767	14.7786730621642	24.0770115118956	314.826843285573	1.72493108428114	55	2
2021	62	18.9275932819767	14.7786730621642	24.0770115118956	314.826843285573	1.72493108428114	55	2
2021	63	18.9275932819767	14.7786730621642	24.0770115118956	314.826843285573	1.72493108428114	55	2
2021	64	18.9275932819767	14.7786730621642	24.0770115118956	314.826843285573	1.72493108428114	55	2
2021	65	18.9275932819767	14.7786730621642	24.0770115118956	314.826843285573	1.72493108428114	55	2
2021	66	18.9275932819767	14.7786730621642	24.0770115118956	314.826843285573	1.72493108428114	55	2
2021	67	18.9275932819767	14.7786730621642	24.0770115118956	314.826843285573	1.72493108428114	55	2
2021	68	18.9275932819767	14.7786730621642	24.0770115118956	314.826843285573	1.72493108428114	55	2
2021	69	18.9275932819767	14.7786730621642	24.0770115118956	314.826843285573	1.72493108428114	55	2
2021	70	18.9275932819767	14.7786730621642	24.0770115118956	314.826843285573	1.72493108428114	55	2
2021	71	18.9275932819767	14.7786730621642	24.0770115118956	314.826843285573	1.72493108428114	55	2
2021	72	18.9275932819767	14.7786730621642	24.0770115118956	314.826843285573	1.72493108428114	55	2
2021	73	18.9275932819767	14.7786730621642	24.0770115118956	314.826843285573	1.72493108428114	55	2
2021	74	18.9275932819767	14.7786730621642	24.0770115118956	314.826843285573	1.72493108428114	55	2
2021	75	18.9275932819767	14.7786730621642	24.0770115118956	314.826843285573	1.72493108428114	55	2
2021	76	18.9275932819767	14.7786730621642	24.0770115118956	314.826843285573	1.72493108428114	55	2
2021	77	18.9275932819767	14.7786730621642	24.0770115118956	314.826843285573	1.72493108428114	55	2
2021	78	18.9275932819767	14.7786730621642	24.0770115118956	314.826843285573	1.72493108428114	55	2
2021	79	18.9275932819767	14.7786730621642	24.0770115118956	314.826843285573	1.72493108428114	55	2
2021	80	18.9275932819767	14.7786730621642	24.0770115118956	314.826843285573	1.72493108428114	55	2
2021	81	18.9275932819767	14.7786730621642	24.0770115118956	314.826843285573	1.72493108428114	55	2
2021	82	18.9275932819767	14.7786730621642	24.0770115118956	314.826843285573	1.72493108428114	55	2
2021	83	18.9275932819767	14.7786730621642	24.0770115118956	314.826843285573	1.72493108428114	55	2
2021	84	18.9275932819767	14.7786730621642	24.0770115118956	314.826843285573	1.72493108428114	55	2
2021	85	18.9275932819767	14.7786730621642	24.0770115118956	314.826843285573	1.72493108428114	55	2
2021	86	18.9275932819767	14.7786730621642	24.0770115118956	314.826843285573	1.72493108428114	55	2
2021	87	18.9275932819767	14.7786730621642	24.0770115118956	314.826843285573	1.72493108428114	55	2
2021	88	18.9275932819767	14.7786730621642	24.0770115118956	314.826843285573	1.72493108428114	55	2
2021	89	18.9275932819767	14.7786730621642	24.0770115118956	314.826843285573	1.72493108428114	55	2
2021	90	18.9275932819767	14.7786730621642	24.0770115118956	314.826843285573	1.72493108428114	55	2
2021	91	18.9275932819767	14.7786730621642	24.0770115118956	314.826843285573	1.72493108428114	55	2
2021	92	18.9275932819767	14.7786730621642	24.0770115118956	314.826843285573	1.72493108428114	55	2
2021	93	18.9275932819767	14.7786730621642	24.0770115118956	314.826843285573	1.72493108428114	55	2
2021	94	18.9275932819767	14.7786730621642	24.0770115118956	314.826843285573	1.72493108428114	55	2
2021	95	18.9275932819767	14.7786730621642	24.0770115118956	314.826843285573	1.72493108428114	55	2
2021	96	18.9275932819767	14.7786730621642	24.0770115118956	314.826843285573	1.72493108428114	55	2
2021	97	18.9275932819767	14.7786730621642	24.0770115118956	314.826843285573	1.72493108428114	55	2
2021	98	18.9275932819767	14.7786730621642	24.0770115118956	314.826843285573	1.72493108428114	55	2
2021	99	18.9275932819767	14.7786730621642	24.0770115118956	314.826843285573	1.72493108428114	55	2
2021	100	18.9275932819767	14.7786730621642	24.0770115118956	314.826843285573	1.72493108428114	55	2
2021	101	18.9275932819767	14.7786730621642	24.0770115118956	314.826843285573	1.72493108428114	55	2
2021	102	18.9275932819767	14.7786730621642	24.0770115118956	314.826843285573	1.72493108428114	55	2
2021	103	18.9275932819767	14.7786730621642	24.0770115118956	314.826843285573	1.72493108428114	55	2
2021	104	18.9275932819767	14.7786730621642	24.0770115118956	314.826843285573	1.72493108428114	55	2
2021	105	18.9275932819767	14.7786730621642	24.0770115118956	314.826843285573	1.72493108428114	55	2
2021	106	18.9275932819767	14.7786730621642	24.0770115118956	314.826843285573	1.72493108428114	55	2
2021	107	18.9275932819767	14.7786730621642	24.0770115118956	314.826843285573	1.72493108428114	55	2
2021	108	18.9275932819767	14.7786730621642	24.0770115118956	314.826843285573	1.72493108428114	55	2
2021	109	18.9275932819767	14.7786730621642	24.0770115118956	314.826843285573	1.72493108428114	55	2
2021	110	18.9275932819767	14.7786730621642	24.0770115118956	314.826843285573	1.72493108428114	55	2
2021	111	18.9275932819767	14.7786730621642	24.0770115118956	314.826843285573	1.72493108428114	55	2
2021	112	18.9275932819767	14.7786730621642	24.0770115118956	314.826843285573	1.72493108428114	55	2
2021	113	18.9275932819767	14.7786730621642	24.0770115118956	314.826843285573	1.72493108428114	55	2
2021	114	18.9275932819767	14.7786730621642	24.0770115118956	314.826843285573	1.72493108428114	55	2
2021	115	18.9275932819767	14.7786730621642	24.0770115118956	314.826843285573	1.72493108428114	55	2
2021	116	18.9275932819767	14.7786730621642	24.0770115118956	314.826843285573	1.72493108428114	55	2
2021	117	18.9275932819767	14.7786730621642	24.0770115118956	314.826843285573	1.72493108428114	55	2
2021	118	18.9275932819767	14.7786730621642	24.0770115118956	314.826843285573	1.72493108428114	55	2
2021	119	18.9275932819767	14.7786730621642	24.0770115118956	314.826843285573	1.72493108428114	55	2
2021	120	18.9275932819767	14.7786730621642	24.0770115118956	314.826843285573	1.72493108428114	55	2
2021	121	18.9275932819767	14.7786730621642	24.0770115118956	314.826843285573	1.72493108428114	55	2
2021	122	18.9275932819767	14.7786730621642	24.0770115118956	314.826843285573	1.72493108428114	55	2
2021	123	18.9275932819767	14.7786730621642	24.0770115118956	314.826843285573	1.72493108428114	55	2
2021	124	18.9275932819767	14.7786730621642	24.0770115118956	314.826843285573	1.72493108428114	55	2
2021	125	18.9275932819767	14.7786730621642	24.0770115118956	314.826843285573	1.72493108428114	55	2
2021	126	18.9275932819767	14.7786730621642	24.0770115118956	314.826843285573	1.72493108428114	55	2
2021	127	18.9275932819767	14.7786730621642	24.0770115118956	314.826843285573	1.72493108428114	55	2
2021	128	18.9275932819767	14.7786730621642	24.0770115118956	314.826843285573	1.72493108428114	55	2
2021	129	18.9275932819767	14.7786730621642	24.0770115118956	314.826843285573	1.72493108428114	55	2
2021	130	18.9275932819767	14.7786730621642	24.0770115118956	314.826843285573	1.72493108428114	55	2
2021	131	18.9275932819767	14.7786730621642	24.0770115118956	314.826843285573	1.72493108428114	55	2
2021	132	18.9275932819767	14.7786730621642	24.0770115118956	314.826843285573	1.72493108428114	55	2
2021	133	18.9275932819767	14.7786730621642	24.0770115118956	314.826843285573	1.72493108428114	55	2
2021	134	18.9275932819767	14.7786730621642	24.0770115118956	314.826843285573	1.72493108428114	55	2
2021	135	18.9275932819767	14.7786730621642	24.0770115118956	314.826843285573	1.72493108428114	55	2
2021	136	18.9275932819767	14.7786730621642	24.0770115118956	314.826843285573	1.72493108428114	55	2
2021	137	18.9275932819767	14.7786730621642	24.0770115118956	314.826843285573	1.72493108428114	55	2
2021	138	18.9275932819767	14.7786730621642	24.0770115118956	314.826843285573	1.72493108428114	55	2
2021	139	18.9275932819767	14.7786730621642	24.0770115118956	314.826843285573	1.72493108428114	55	2
2021	140	18.9275932819767	14.7786730621642	24.0770115118956	314.826843285573	1.72493108428114	55	2
2021	141	18.9275932819767	14.7786730621642	24.0770115118956	314.826843285573	1.72493108428114	55	2
2021	142	18.9275932819767	14.7786730621642	24.0770115118956	314.826843285573	1.72493108428114	55	2
2021	143	18.9275932819767	14.7786730621642	24.0770115118956	314.826843285573	1.72493108428114	55	2
2021	144	18.9275932819767	14.7786730621642	24.0770115118956	314.826843285573	1.72493108428114	55	2
2021	145	18.9275932819767	14.7786730621642	24.0770115118956	314.826843285573	1.72493108428114	55	2
2021	146	18.9275932819767	14.7786730621642	24.0770115118956	314.826843285573	1.72493108428114	55	2
2021	147	18.9275932819767	14.7786730621642	24.0770115118956	314.826843285573	1.72493108428114	55	2
2021	148	18.9275932819767	14.7786730621642	24.0770115118956	314.826843285573	1.72493108428114	55	2
2021	149	18.9275932819767	14.7786730621642	24.0770115118956	314.826843285573	1.72493108428114	55	2
2021	150	18.9275932819767	14.7786730621642	24.0770115118956	314.826843285573	1.72493108428114	55	2
2021	151	18.9275932819767	14.7786730621642	24.0770115118956	314.826843285573	1.72493108428114	55	2
2021	152	18.9275932819767	14.7786730621642	24.0770115118956	314.826843285573	1.72493108428114	55	2
2021	153	18.9275932819767	14.7786730621642	24.0770115118956	314.826843285573	1.72493108428114	55	2
2021	154	18.9275932819767	14.7786730621642	24.0770115118956	314.826843285573	1.72493108428114	55	2
2021	155	18.9275932819767	14.7786730621642	24.0770115118956	314.826843285573	1.72493108428114	55	2
2021	156	18.9275932819767	14.7786730621642	24.0770115118956	314.826843285573	1.72493108428114	55	2
2021	157	18.9275932819767	14.7786730621642	24.0770115118956	314.826843285573	1.72493108428114	55	2
2021	158	18.9275932819767	14.7786730621642	24.0770115118956	314.826843285573	1.72493108428114	55	2
2021	159	18.9275932819767	14.7786730621642	24.0770115118956	314.826843285573	1.72493108428114	55	2
2021	160	18.9275932819767	14.7786730621642	24.0770115118956	314.826843285573	1.72493108428114	55	2
2021	161	18.9275932819767	14.7786730621642	24.0770115118956	314.826843285573	1.72493108428114	55	2
2021	162	18.9275932819767	14.7786730621642	24.0770115118956	314.826843285573	1.72493108428114	55	2
2021	163	18.9275932819767	14.7786730621642	24.0770115118956	314.826843285573	1.72493108428114	55	2
2021	164	18.9275932819767	14.7786730621642	24.0770115118956	314.826843285573	1.72493108428114	55	2
2021	165	18.9275932819767	14.7786730621642	24.0770115118956	314.826843285573	1.72493108428114	55	2
2021	166	18.9275932819767	14.7786730621642	24.0770115118956	314.826843285573	1.72493108428114	55	2
2021	167	18.9275932819767	14.7786730621642	24.0770115118956	314.826843285573	1.72493108428114	55	2
2021	168	18.9275932819767	14.7786730621642	24.0770115118956	314.826843285573	1.72493108428114	55	2
2021	169	18.9275932819767	14.7786730621642	24.0770115118956	314.826843285573	1.72493108428114	55	2
2021	170	18.9275932819767	14.7786730621642	24.0770115118956	314.826843285573	1.72493108428114	55	2
2021	171	18.9275932819767	14.7786730621642	24.0770115118956	314.826843285573	1.72493108428114	55	2
2021	172	18.9275932819767	14.7786730621642	24.0770115118956	314.826843285573	1.72493108428114	55	2
2021	173	18.9275932819767	14.7786730621642	24.0770115118956	314.826843285573	1.72493108428114	55	2
2021	174	18.9275932819767	14.7786730621642	24.0770115118956	314.826843285573	1.72493108428114	55	2
2021	175	18.9275932819767	14.7786730621642	24.0770115118956	314.826843285573	1.72493108428114	55	2
2021	176	18.9275932819767	14.7786730621642	24.0770115118956	314.826843285573	1.72493108428114	55	2
2021	177	18.9275932819767	14.7786730621642	24.0770115118956	314.826843285573	1.72493108428114	55	2
2021	178	18.9275932819767	14.7786730621642	24.0770115118956	314.826843285573	1.72493108428114	55	2
2021	179	18.9275932819767	14.7786730621642	24.0770115118956	314.826843285573	1.72493108428114	55	2
2021	180	18.9275932819767	14.7786730621642	24.0770115118956	314.826843285573	1.72493108428114	55	2
2021	181	18.9275932819767	14.7786730621642	24.0770115118956	314.826843285573	1.72493108428114	55	2
2021	182	18.9275932819767	14.7786730621642	24.0770115118956	314.826843285573	1.72493108428114	55	2
2021	183	18.9275932819767	14.7786730621642	24.0770115118956	314.826843285573	1.72493108428114	55	2
2021	184	18.9275932819767	14.7786730621642	24.0770115118956	314.826843285573	1.72493108428114	55	2
2021	185	18.9275932819767	14.7786730621642	24.0770115118956	314.826843285573	1.72493108428114	55	2
2021	186	18.9275932819767	14.7786730621642	24.0770115118956	314.826843285573	1.72493108428114	55	2
2021	187	18.9275932819767	14.7786730621642	24.0770115118956	314.826843285573	1.72493108428114	55	2
2021	188	18.9275932819767	14.7786730621642	24.0770115118956	314.826843285573	1.72493108428114	55	2
2021	189	18.9275932819767	14.7786730621642	24.0770115118956	314.826843285573	1.72493108428114	55	2
2021	190	18.9275932819767	14.7786730621642	24.0770115118956	314.826843285573	1.72493108428114	55	2
2021	191	18.9275932819767	14.7786730621642	24.0770115118956	314.826843285573	1.72493108428114	55	2
2021	192	18.9275932819767	14.7786730621642	24.0770115118956	314.826843285573	1.72493108428114	55	2
2021	193	18.9275932819767	14.7786730621642	24.0770115118956	314.826843285573	1.72493108428114	55	2
2021	194	18.9275932819767	14.7786730621642	24.0770115118956	314.826843285573	1.72493108428114	55	2
2021	195	18.9275932819767	14.7786730621642	24.0770115118956	314.826843285573	1.72493108428114	55	2
2021	196	18.9275932819767	14.7786730621642	24.0770115118956	314.826843285573	1.72493108428114	55	2
2021	197	18.9275932819767	14.7786730621642	24.0770115118956	314.826843285573	1.72493108428114	55	2
2021	198	18.9275932819767	14.7786730621642	24.0770115118956	314.826843285573	1.72493108428114	55	2
2021	199	18.9275932819767	14.7786730621642	24.0770115118956	314.826843285573	1.72493108428114	55	2
2021	200	18.9275932819767	14.7786730621642	24.0770115118956	314.826843285573	1.72493108428114	55	2
2021	201	18.9275932819767	14.7786730621642	24.0770115118956	314.826843285573	1.72493108428114	55	2
2021	202	18.9275932819767	14.7786730621642	24.0770115118956	314.826843285573	1.72493108428114	55	2
2021	203	18.9275932819767	14.7786730621642	24.0770115118956	314.826843285573	1.72493108428114	55	2
2021	204	18.9275932819767	14.7786730621642	24.0770115118956	314.826843285573	1.72493108428114	55	2
2021	205	18.9275932819767	14.7786730621642	24.0770115118956	314.826843285573	1.72493108428114	55	2
2021	206	18.9275932819767	14.7786730621642	24.0770115118956	314.826843285573	1.72493108428114	55	2
2021	207	18.9275932819767	14.7786730621642	24.0770115118956	314.826843285573	1.72493108428114	55	2
2021	208	18.9275932819767	14.7786730621642	24.0770115118956	314.826843285573	1.72493108428114	55	2
2021	209	18.9275932819767	14.7786730621642	24.0770115118956	314.826843285573	1.72493108428114	55	2
2021	210	18.9275932819767	14.7786730621642	24.0770115118956	314.826843285573	1.72493108428114	55	2
2021	211	18.9275932819767	14.7786730621642	24.0770115118956	314.826843285573	1.72493108428114	55	2
2021	212	18.9275932819767	14.7786730621642	24.0770115118956	314.826843285573	1.72493108428114	55	2
2021	213	18.9275932819767	14.7786730621642	24.0770115118956	314.826843285573	1.72493108428114	55	2
2021	214	18.9275932819767	14.7786730621642	24.0770115118956	314.826843285573	1.72493108428114	55	2
2021	215	18.9275932819767	14.7786730621642	24.0770115118956	314.826843285573	1.72493108428114	55	2
2021	216	18.9275932819767	14.7786730621642	24.0770115118956	314.826843285573	1.72493108428114	55	2
2021	217	18.9275932819767	14.7786730621642	24.0770115118956	314.826843285573	1.72493108428114	55	2
2021	218	18.9275932819767	14.7786730621642	24.0770115118956	314.826843285573	1.72493108428114	55	2
2021	219	18.9275932819767	14.7786730621642	24.0770115118956	314.826843285573	1.72493108428114	55	2
2021	220	18.9275932819767	14.7786730621642	24.0770115118956	314.826843285573	1.72493108428114	55	2
2021	221	18.9275932819767	14.7786730621642	24.0770115118956	314.826843285573	1.72493108428114	55	2
2021	222	18.9275932819767	14.7786730621642	24.0770115118956	314.826843285573	1.72493108428114	55	2
2021	223	18.9275932819767	14.7786730621642	24.0770115118956	314.826843285573	1.72493108428114	55	2
2021	224	18.9275932819767	14.7786730621642	24.0770115118956	314.826843285573	1.72493108428114	55	2
2021	225	18.9275932819767	14.7786730621642	24.0770115118956	314.826843285573	1.72493108428114	55	2
2021	226	18.9275932819767	14.7786730621642	24.0770115118956	314.826843285573	1.72493108428114	55	2
2021	227	18.9275932819767	14.7786730621642	24.0770115118956	314.826843285573	1.72493108428114	55	2
2021	228	18.9275932819767	14.7786730621642	24.0770115118956	314.826843285573	1.72493108428114	55	2
2021	229	18.9275932819767	14.7786730621642	24.0770115118956	314.826843285573	1.72493108428114	55	2
2021	230	18.9275932819767	14.7786730621642	24.0770115118956	314.826843285573	1.72493108428114	55	2
2021	231	18.9275932819767	14.7786730621642	24.0770115118956	314.826843285573	1.72493108428114	55	2
2021	232	18.9275932819767	14.7786730621642	24.0770115118956	314.826843285573	1.72493108428114	55	2
2021	233	18.9275932819767	14.7786730621642	24.0770115118956	314.826843285573	1.72493108428114	55	2
2021	234	18.9275932819767	14.7786730621642	24.0770115118956	314.826843285573	1.72493108428114	55	2
2021	235	18.9275932819767	14.7786730621642	24.0770115118956	314.826843285573	1.72493108428114	55	2
2021	236	18.9275932819767	14.7786730621642	24.0770115118956	314.826843285573	1.72493108428114	55	2
2021	237	18.9275932819767	14.7786730621642	24.0770115118956	314.826843285573	1.72493108428114	55	2
2021	238	18.9275932819767	14.7786730621642	24.0770115118956	314.826843285573	1.72493108428114	55	2
2021	239	18.9275932819767	14.7786730621642	24.0770115118956	314.826843285573	1.72493108428114	55	2
2021	240	18.9275932819767	14.7786730621642	24.0770115118956	314.826843285573	1.72493108428114	55	2
2021	241	18.9275932819767	14.7786730621642	24.0770115118956	314.826843285573	1.72493108428114	55	2
2021	242	18.9275932819767	14.7786730621642	24.0770115118956	314.826843285573	1.72493108428114	55	2
2021	243	18.9275932819767	14.7786730621642	24.0770115118956	314.826843285573	1.72493108428114	55	2
2021	244	18.9275932819767	14.7786730621642	24.0770115118956	314.826843285573	1.72493108428114	55	2
2021	245	18.9275932819767	14.7786730621642	24.0770115118956	314.826843285573	1.72493108428114	55	2
2021	246	18.9275932819767	14.7786730621642	24.0770115118956	314.826843285573	1.72493108428114	55	2
2021	247	18.9275932819767	14.7786730621642	24.0770115118956	314.826843285573	1.72493108428114	55	2
2021	248	18.9275932819767	14.7786730621642	24.0770115118956	314.826843285573	1.72493108428114	55	2
2021	249	18.9275932819767	14.7786730621642	24.0770115118956	314.826843285573	1.72493108428114	55	2
2021	250	18.9275932819767	14.7786730621642	24.0770115118956	314.826843285573	1.72493108428114	55	2
2021	251	18.9275932819767	14.7786730621642	24.0770115118956	314.826843285573	1.72493108428114	55	2
2021	252	18.9275932819767	14.7786730621642	24.0770115118956	314.826843285573	1.72493108428114	55	2
2021	253	18.9275932819767	14.7786730621642	24.0770115118956	314.826843285573	1.72493108428114	55	2
2021	254	18.9275932819767	14.7786730621642	24.0770115118956	314.826843285573	1.72493108428114	55	2
2021	255	18.9275932819767	14.7786730621642	24.0770115118956	314.826843285573	1.72493108428114	55	2
2021	256	18.9275932819767	14.7786730621642	24.0770115118956	314.826843285573	1.72493108428114	55	2
2021	257	18.9275932819767	14.7786730621642	24.0770115118956	314.826843285573	1.72493108428114	55	2
2021	258	18.9275932819767	14.7786730621642	24.0770115118956	314.826843285573	1.72493108428114	55	2
2021	259	18.9275932819767	14.7786730621642	24.0770115118956	314.826843285573	1.72493108428114	55	2
2021	260	18.9275932819767	14.7786730621642	24.0770115118956	314.826843285573	1.72493108428114	55	2
2021	261	18.9275932819767	14.7786730621642	24.0770115118956	314.826843285573	1.72493108428114	55	2
2021	262	18.9275932819767	14.7786730621642	24.0770115118956	314.826843285573	1.72493108428114	55	2
2021	263	18.9275932819767	14.7786730621642	24.0770115118956	314.826843285573	1.72493108428114	55	2
2021	264	18.9275932819767	14.7786730621642	24.0770115118956	314.826843285573	1.72493108428114	55	2
2021	265	18.9275932819767	14.7786730621642	24.0770115118956	314.826843285573	1.72493108428114	55	2
2021	266	18.9275932819767	14.7786730621642	24.0770115118956	314.826843285573	1.72493108428114	55	2
2021	267	18.9275932819767	14.7786730621642	24.0770115118956	314.826843285573	1.72493108428114	55	2
2021	268	18.9275932819767	14.7786730621642	24.0770115118956	314.826843285573	1.72493108428114	55	2
2021	269	18.9275932819767	14.7786730621642	24.0770115118956	314.826843285573	1.72493108428114	55	2
2021	270	18.9275932819767	14.7786730621642	24.0770115118956	314.826843285573	1.72493108428114	55	2
2021	271	18.9275932819767	14.7786730621642	24.0770115118956	314.826843285573	1.72493108428114	55	2
2021	272	18.9275932819767	14.7786730621642	24.0770115118956	314.826843285573	1.72493108428114	55	2
2021	273	18.9275932819767	14.7786730621642	24.0770115118956	314.826843285573	1.72493108428114	55	2
2021	274	18.9275932819767	14.7786730621642	24.0770115118956	314.826843285573	1.72493108428114	55	2
2021	275	18.9275932819767	14.7786730621642	24.0770115118956	314.826843285573	1.72493108428114	55	2
2021	276	18.9275932819767	14.7786730621642	24.0770115118956	314.826843285573	1.72493108428114	55	2
2021	277	18.9275932819767	14.7786730621642	24.0770115118956	314.826843285573	1.72493108428114	55	2
2021	278	18.9275932819767	14.7786730621642	24.0770115118956	314.826843285573	1.72493108428114	55	2
2021	279	18.9275932819767	14.7786730621642	24.0770115118956	314.826843285573	1.72493108428114	55	2
2021	280	18.9275932819767	14.7786730621642	24.0770115118956	314.826843285573	1.72493108428114	55	2
2021	281	18.9275932819767	14.7786730621642	24.0770115118956	314.826843285573	1.72493108428114	55	2
2021	282	18.9275932819767	14.7786730621642	24.0770115118956	314.826843285573	1.72493108428114	55	2
2021	283	18.9275932819767	14.7786730621642	24.0770115118956	314.826843285573	1.72493108428114	55	2
2021	284	18.9275932819767	14.7786730621642	24.0770115118956	314.826843285573	1.72493108428114	55	2
2021	285	18.9275932819767	14.7786730621642	24.0770115118956	314.826843285573	1.72493108428114	55	2
2021	286	18.9275932819767	14.7786730621642	24.0770115118956	314.826843285573	1.72493108428114	55	2
2021	287	18.9275932819767	14.7786730621642	24.0770115118956	314.826843285573	1.72493108428114	55	2
2021	288	18.9275932819767	14.7786730621642	24.0770115118956	314.826843285573	1.72493108428114	55	2
2021	289	18.9275932819767	14.7786730621642	24.0770115118956	314.826843285573	1.72493108428114	55	2
2021	290	18.9275932819767	14.7786730621642	24.0770115118956	314.826843285573	1.72493108428114	55	2
2021	291	18.9275932819767	14.7786730621642	24.0770115118956	314.826843285573	1.72493108428114	55	2
2021	292	18.9275932819767	14.7786730621642	24.0770115118956	314.826843285573	1.72493108428114	55	2
2021	293	18.9275932819767	14.7786730621642	24.0770115118956	314.826843285573	1.72493108428114	55	2
2021	294	18.9275932819767	14.7786730621642	24.0770115118956	314.826843285573	1.72493108428114	55	2
2021	295	18.9275932819767	14.7786730621642	24.0770115118956	314.826843285573	1.72493108428114	55	2
2021	296	18.9275932819767	14.7786730621642	24.0770115118956	314.826843285573	1.72493108428114	55	2
2021	297	18.9275932819767	14.7786730621642	24.0770115118956	314.826843285573	1.72493108428114	55	2
2021	298	18.9275932819767	14.7786730621642	24.0770115118956	314.826843285573	1.72493108428114	55	2
2021	299	18.9275932819767	14.7786730621642	24.0770115118956	314.826843285573	1.72493108428114	55	2
2021	300	18.9275932819767	14.7786730621642	24.0770115118956	314.826843285573	1.72493108428114	55	2
2021	301	18.9275932819767	14.7786730621642	24.0770115118956	314.826843285573	1.72493108428114	55	2
2021	302	18.9275932819767	14.7786730621642	24.0770115118956	314.826843285573	1.72493108428114	55	2
2021	303	18.9275932819767	14.7786730621642	24.0770115118956	314.826843285573	1.72493108428114	55	2
2021	304	18.9275932819767	14.7786730621642	24.0770115118956	314.826843285573	1.72493108428114	55	2
2021	305	18.9275932819767	14.7786730621642	24.0770115118956	314.826843285573	1.72493108428114	55	2
2021	306	18.9275932819767	14.7786730621642	24.0770115118956	314.826843285573	1.72493108428114	55	2
2021	307	18.9275932819767	14.7786730621642	24.0770115118956	314.826843285573	1.72493108428114	55	2
2021	308	18.9275932819767	14.7786730621642	24.0770115118956	314.826843285573	1.72493108428114	55	2
2021	309	18.9275932819767	14.7786730621642	24.0770115118956	314.826843285573	1.72493108428114	55	2
2021	310	18.9275932819767	14.7786730621642	24.0770115118956	314.826843285573	1.72493108428114	55	2
2021	311	18.9275932819767	14.7786730621642	24.0770115118956	314.826843285573	1.72493108428114	55	2
2021	312	18.9275932819767	14.7786730621642	24.0770115118956	314.826843285573	1.72493108428114	55	2
2021	313	18.9275932819767	14.7786730621642	24.0770115118956	314.826843285573	1.72493108428114	55	2
2021	314	18.9275932819767	14.7786730621642	24.0770115118956	314.826843285573	1.72493108428114	55	2
2021	315	18.9275932819767	14.7786730621642	24.0770115118956	314.826843285573	1.72493108428114	55	2
2021	316	18.9275932819767	14.7786730621642	24.0770115118956	314.826843285573	1.72493108428114	55	2
2021	317	18.9275932819767	14.7786730621642	24.0770115118956	314.826843285573	1.72493108428114	55	2
2021	318	18.9275932819767	14.7786730621642	24.0770115118956	314.826843285573	1.72493108428114	55	2
2021	319	18.9275932819767	14.7786730621642	24.0770115118956	314.826843285573	1.72493108428114	55	2
2021	320	18.9275932819767	14.7786730621642	24.0770115118956	314.826843285573	1.72493108428114	55	2
2021	321	18.9275932819767	14.7786730621642	24.0770115118956	314.826843285573	1.72493108428114	55	2
2021	322	18.9275932819767	14.7786730621642	24.0770115118956	314.826843285573	1.72493108428114	55	2
2021	323	18.9275932819767	14.7786730621642	24.0770115118956	314.826843285573	1.72493108428114	55	2
2021	324	18.9275932819767	14.7786730621642	24.0770115118956	314.826843285573	1.72493108428114	55	2
2021	325	18.9275932819767	14.7786730621642	24.0770115118956	314.826843285573	1.72493108428114	55	2
2021	326	18.9275932819767	14.7786730621642	24.0770115118956	314.826843285573	1.72493108428114	55	2
2021	327	18.9275932819767	14.7786730621642	24.0770115118956	314.826843285573	1.72493108428114	55	2
2021	328	18.9275932819767	14.7786730621642	24.0770115118956	314.826843285573	1.72493108428114	55	2
2021	329	18.9275932819767	14.7786730621642	24.0770115118956	314.826843285573	1.72493108428114	55	2
2021	330	18.9275932819767	14.7786730621642	24.0770115118956	314.826843285573	1.72493108428114	55	2
2021	331	18.9275932819767	14.7786730621642	24.0770115118956	314.826843285573	1.72493108428114	55	2
2021	332	18.9275932819767	14.7786730621642	24.0770115118956	314.826843285573	1.72493108428114	55	2
2021	333	18.9275932819767	14.7786730621642	24.0770115118956	314.826843285573	1.72493108428114	55	2
2021	334	18.9275932819767	14.7786730621642	24.0770115118956	314.826843285573	1.72493108428114	55	2
2021	335	18.9275932819767	14.7786730621642	24.0770115118956	314.826843285573	1.72493108428114	55	2
2021	336	18.9275932819767	14.7786730621642	24.0770115118956	314.826843285573	1.72493108428114	55	2
2021	337	18.9275932819767	14.7786730621642	24.0770115118956	314.826843285573	1.72493108428114	55	2
2021	338	18.9275932819767	14.7786730621642	24.0770115118956	314.826843285573	1.72493108428114	55	2
2021	339	18.9275932819767	14.7786730621642	24.0770115118956	314.826843285573	1.72493108428114	55	2
2021	340	18.9275932819767	14.7786730621642	24.0770115118956	314.826843285573	1.72493108428114	55	2
2021	341	18.9275932819767	14.7786730621642	24.0770115118956	314.826843285573	1.72493108428114	55	2
2021	342	18.9275932819767	14.7786730621642	24.0770115118956	314.826843285573	1.72493108428114	55	2
2021	343	18.9275932819767	14.7786730621642	24.0770115118956	314.826843285573	1.72493108428114	55	2
2021	344	18.9275932819767	14.7786730621642	24.0770115118956	314.826843285573	1.72493108428114	55	2
2021	345	18.9275932819767	14.7786730621642	24.0770115118956	314.826843285573	1.72493108428114	55	2
2021	346	18.9275932819767	14.7786730621642	24.0770115118956	314.826843285573	1.72493108428114	55	2
2021	347	18.9275932819767	14.7786730621642	24.0770115118956	314.826843285573	1.72493108428114	55	2
2021	348	18.9275932819767	14.7786730621642	24.0770115118956	314.826843285573	1.72493108428114	55	2
2021	349	18.9275932819767	14.7786730621642	24.0770115118956	314.826843285573	1.72493108428114	55	2
2021	350	18.9275932819767	14.7786730621642	24.0770115118956	314.826843285573	1.72493108428114	55	2
2021	351	18.9275932819767	14.7786730621642	24.0770115118956	314.826843285573	1.72493108428114	55	2
2021	352	18.9275932819767	14.7786730621642	24.0770115118956	314.826843285573	1.72493108428114	55	2
2021	353	18.9275932819767	14.7786730621642	24.0770115118956	314.826843285573	1.72493108428114	55	2
2021	354	18.9275932819767	14.7786730621642	24.0770115118956	314.826843285573	1.72493108428114	55	2
2021	355	18.9275932819767	14.7786730621642	24.0770115118956	314.826843285573	1.72493108428114	55	2
2021	356	18.9275932819767	14.7786730621642	24.0770115118956	314.826843285573	1.72493108428114	55	2
2021	357	18.9275932819767	14.7786730621642	24.0770115118956	314.826843285573	1.72493108428114	55	2
2021	358	18.9275932819767	14.7786730621642	24.0770115118956	314.826843285573	1.72493108428114	55	2
2021	359	18.9275932819767	14.7786730621642	24.0770115118956	314.826843285573	1.72493108428114	55	2
2021	360	18.9275932819767	14.7786730621642	24.0770115118956	314.826843285573	1.72493108428114	55	2
2021	361	18.9275932819767	14.7786730621642	24.0770115118956	314.826843285573	1.72493108428114	55	2
2021	362	18.9275932819767	14.7786730621642	24.0770115118956	314.826843285573	1.72493108428114	55	2
2021	363	18.9275932819767	14.7786730621642	24.0770115118956	314.826843285573	1.72493108428114	55	2
2021	364	18.9275932819767	14.7786730621642	24.0770115118956	314.826843285573	1.72493108428114	55	2
2021	365	18.9275932819767	14.7786730621642	24.0770115118956	314.826843285573	1.72493108428114	55	2
2022	1	18.9275932819767	14.7786730621642	24.0770115118956	314.826843285573	1.72493108428114	55	2
2022	2	18.9275932819767	14.7786730621642	24.0770115118956	314.826843285573	1.72493108428114	55	2
2022	3	18.9275932819767	14.7786730621642	24.0770115118956	314.826843285573	1.72493108428114	55	2
2022	4	18.9275932819767	14.7786730621642	24.0770115118956	314.826843285573	1.72493108428114	55	2
2022	5	18.9275932819767	14.7786730621642	24.0770115118956	314.826843285573	1.72493108428114	55	2
2022	6	18.9275932819767	14.7786730621642	24.0770115118956	314.826843285573	1.72493108428114	55	2
2022	7	18.9275932819767	14.7786730621642	24.0770115118956	314.826843285573	1.72493108428114	55	2
2022	8	18.9275932819767	14.7786730621642	24.0770115118956	314.826843285573	1.72493108428114	55	2
2022	9	18.9275932819767	14.7786730621642	24.0770115118956	314.826843285573	1.72493108428114	55	2
2022	10	18.9275932819767	14.7786730621642	24.0770115118956	314.826843285573	1.72493108428114	55	2
2022	11	18.9275932819767	14.7786730621642	24.0770115118956	314.826843285573	1.72493108428114	55	2
2022	12	18.9275932819767	14.7786730621642	24.0770115118956	314.826843285573	1.72493108428114	55	2
2022	13	18.9275932819767	14.7786730621642	24.0770115118956	314.826843285573	1.72493108428114	55	2
2022	14	18.9275932819767	14.7786730621642	24.0770115118956	314.826843285573	1.72493108428114	55	2
2022	15	18.9275932819767	14.7786730621642	24.0770115118956	314.826843285573	1.72493108428114	55	2
2022	16	18.9275932819767	14.7786730621642	24.0770115118956	314.826843285573	1.72493108428114	55	2
2022	17	18.9275932819767	14.7786730621642	24.0770115118956	314.826843285573	1.72493108428114	55	2
2022	18	18.9275932819767	14.7786730621642	24.0770115118956	314.826843285573	1.72493108428114	55	2
2022	19	18.9275932819767	14.7786730621642	24.0770115118956	314.826843285573	1.72493108428114	55	2
2022	20	18.9275932819767	14.7786730621642	24.0770115118956	314.826843285573	1.72493108428114	55	2
2022	21	18.9275932819767	14.7786730621642	24.0770115118956	314.826843285573	1.72493108428114	55	2
2022	22	18.9275932819767	14.7786730621642	24.0770115118956	314.826843285573	1.72493108428114	55	2
2022	23	18.9275932819767	14.7786730621642	24.0770115118956	314.826843285573	1.72493108428114	55	2
2022	24	18.9275932819767	14.7786730621642	24.0770115118956	314.826843285573	1.72493108428114	55	2
2022	25	18.9275932819767	14.7786730621642	24.0770115118956	314.826843285573	1.72493108428114	55	2
2022	26	18.9275932819767	14.7786730621642	24.0770115118956	314.826843285573	1.72493108428114	55	2
2022	27	18.9275932819767	14.7786730621642	24.0770115118956	314.826843285573	1.72493108428114	55	2
2022	28	18.9275932819767	14.7786730621642	24.0770115118956	314.826843285573	1.72493108428114	55	2
2022	29	18.9275932819767	14.7786730621642	24.0770115118956	314.826843285573	1.72493108428114	55	2
2022	30	18.9275932819767	14.7786730621642	24.0770115118956	314.826843285573	1.72493108428114	55	2
2022	31	18.9275932819767	14.7786730621642	24.0770115118956	314.826843285573	1.72493108428114	55	2
2022	32	18.9275932819767	14.7786730621642	24.0770115118956	314.826843285573	1.72493108428114	55	2
2022	33	18.9275932819767	14.7786730621642	24.0770115118956	314.826843285573	1.72493108428114	55	2
2022	34	18.9275932819767	14.7786730621642	24.0770115118956	314.826843285573	1.72493108428114	55	2
2022	35	18.9275932819767	14.7786730621642	24.0770115118956	314.826843285573	1.72493108428114	55	2
2022	36	18.9275932819767	14.7786730621642	24.0770115118956	314.826843285573	1.72493108428114	55	2
2022	37	18.9275932819767	14.7786730621642	24.0770115118956	314.826843285573	1.72493108428114	55	2
2022	38	18.9275932819767	14.7786730621642	24.0770115118956	314.826843285573	1.72493108428114	55	2
2022	39	18.9275932819767	14.7786730621642	24.0770115118956	314.826843285573	1.72493108428114	55	2
2022	40	18.9275932819767	14.7786730621642	24.0770115118956	314.826843285573	1.72493108428114	55	2
2022	41	18.9275932819767	14.7786730621642	24.0770115118956	314.826843285573	1.72493108428114	55	2
2022	42	18.9275932819767	14.7786730621642	24.0770115118956	314.826843285573	1.72493108428114	55	2
2022	43	18.9275932819767	14.7786730621642	24.0770115118956	314.826843285573	1.72493108428114	55	2
2022	44	18.9275932819767	14.7786730621642	24.0770115118956	314.826843285573	1.72493108428114	55	2
2022	45	18.9275932819767	14.7786730621642	24.0770115118956	314.826843285573	1.72493108428114	55	2
2022	46	18.9275932819767	14.7786730621642	24.0770115118956	314.826843285573	1.72493108428114	55	2
2022	47	18.9275932819767	14.7786730621642	24.0770115118956	314.826843285573	1.72493108428114	55	2
2022	48	18.9275932819767	14.7786730621642	24.0770115118956	314.826843285573	1.72493108428114	55	2
2022	49	18.9275932819767	14.7786730621642	24.0770115118956	314.826843285573	1.72493108428114	55	2
2022	50	18.9275932819767	14.7786730621642	24.0770115118956	314.826843285573	1.72493108428114	55	2
2022	51	18.9275932819767	14.7786730621642	24.0770115118956	314.826843285573	1.72493108428114	55	2
2022	52	18.9275932819767	14.7786730621642	24.0770115118956	314.826843285573	1.72493108428114	55	2
2022	53	18.9275932819767	14.7786730621642	24.0770115118956	314.826843285573	1.72493108428114	55	2
2022	54	18.9275932819767	14.7786730621642	24.0770115118956	314.826843285573	1.72493108428114	55	2
2022	55	18.9275932819767	14.7786730621642	24.0770115118956	314.826843285573	1.72493108428114	55	2
2022	56	18.9275932819767	14.7786730621642	24.0770115118956	314.826843285573	1.72493108428114	55	2
2022	57	18.9275932819767	14.7786730621642	24.0770115118956	314.826843285573	1.72493108428114	55	2
2022	58	18.9275932819767	14.7786730621642	24.0770115118956	314.826843285573	1.72493108428114	55	2
2022	59	18.9275932819767	14.7786730621642	24.0770115118956	314.826843285573	1.72493108428114	55	2
2022	60	18.9275932819767	14.7786730621642	24.0770115118956	314.826843285573	1.72493108428114	55	2
2022	61	18.9275932819767	14.7786730621642	24.0770115118956	314.826843285573	1.72493108428114	55	2
2022	62	18.9275932819767	14.7786730621642	24.0770115118956	314.826843285573	1.72493108428114	55	2
2022	63	18.9275932819767	14.7786730621642	24.0770115118956	314.826843285573	1.72493108428114	55	2
2022	64	18.9275932819767	14.7786730621642	24.0770115118956	314.826843285573	1.72493108428114	55	2
2022	65	22.6055625	18.142	27.063	517.462544444444	0	55	2
2022	66	20.83075	15.175	27.206	528.876795	0	55	2
2022	67	21.269375	15.426	27.729	494.883184210526	0	55	2
2022	68	21.0715	14.747	27.928	353.327963157895	0	55	2
2022	69	20.9821041666667	15.253	27.775	375.346726315789	0	55	2
2022	70	21.5868958333333	14.987	27.717	366.255215789474	0	55	2
2022	71	21.4043125	14.502	28.201	386.317478947368	0	55	2
2022	72	22.0424791666667	14.761	29.134	384.179926315789	0	55	2
2022	73	22.2711041666667	16.061	29.028	334.129744444444	0	55	2
2022	74	22.3936458333333	14.512	28.803	351.293931578947	0	55	2
2022	75	22.7751458333333	16.754	29.3	298.002573684211	0	55	2
2022	76	22.0118125	16.43	28.745	284.893627777778	0	55	2
2022	77	21.1290625	15.244	27.011	321.738605263158	0	55	2
2022	78	21.6729375	16.213	28.243	381.548316666667	0	55	2
2022	79	22.2753125	16.203	28.673	358.830842105263	0	55	2
2022	80	21.828625	16.284	27.345	355.398684210526	0	55	2
2022	81	21.5826875	16.203	27.362	354.678894736842	0	55	2
2022	82	21.816	15.305	28.529	379.241666666667	0	55	2
2022	83	22.0456666666667	16.714	27.724	322.01225	0	55	2
2022	84	22.0577708333333	16.58	29.123	337.911588888889	0	55	2
2022	85	20.8145833333333	15.65	26.217	318.852952631579	4.5	55	2
2022	86	21.0223333333333	16.653	26.069	271.419344444444	0	55	2
2022	87	20.2920416666667	15.964	25.775	381.869023529412	0	55	2
2022	88	20.4684791666667	17.077	25.378	381.391388888889	0	55	2
2022	89	18.8950487804878	15.574	23.086	362.974688888889	0	55	2
2022	90	18.2629090909091	13.565	23.456	393.887255555556	0	55	2
2022	91	17.8718333333333	16.879	20.035	182.174864705882	0	55	2
2022	92	17.412625	16.393	19.397	364.725376470588	0	55	2
2022	93	17.326	16.086	18.863	395.466252941176	0	55	2
2022	94	17.9010909090909	16.712	19.787	500.3043	0	55	2
2022	95	18.47736	16.504	21.8	435.734416666667	0	55	2
2022	96	20.7622619047619	17.197	26.165	344.822470588235	0	55	2
2022	97	20.3046739130435	16.244	25.605	383.597510714286	0	55	2
2022	98	20.374875	16.146	25.71	320.08825	0	55	2
2022	99	20.2744375	15.699	25.745	426.446432272727	0	55	2
2022	100	20.1446041666667	15.138	24.782	394.989284761905	0	55	2
2022	101	20.7236458333333	15.581	25.306	348.556255555556	0	55	2
2022	102	20.8724791666667	14.678	26.698	397.45985	0	55	2
2022	103	21.3153125	16.919	27.053	372.32287	0	55	2
2022	104	20.9175744680851	16.822	25.805	439.986823529412	0	55	2
2022	105	20.8609166666667	16.473	25.972	377.994329411765	0	55	2
2022	106	21.3608125	15.897	27.154	286.983805555556	0	55	2
2022	107	20.4521458333333	16.048	26.111	243.267807692308	1.3	55	2
2022	108	20.9607916666667	16.83	26.403	297.6645	0	55	2
2022	109	20.7545208333333	15.686	26.311	291.222953333333	1.5	55	2
2022	110	18.9031458333333	14.591	23.765	190.410084615385	45.9	55	2
2022	111	19.8645416666667	16.421	24.565	322.348507142857	0	55	2
2022	112	18.7007083333333	16.644	23.704	306.2007875	15.8	55	2
2022	113	18.96375	16.324	23.196	365.003122222222	3.6	55	2
2022	114	19.048625	16.425	23.035	424.462441176471	0.7	55	2
2022	115	19.4034166666667	15.872	24.192	434.475755555556	0	55	2
2022	116	20.2742083333333	16.682	25.207	465.233761111111	0	55	2
2022	117	19.8989166666667	16.679	24.104	308.321330588235	0	55	2
2022	118	18.7757291666667	16.698	22.301	174.701664285714	3.8	55	2
2022	119	18.9931875	16.092	23.579	349.003671428571	5.2	55	2
2022	120	19.4433541666667	15.556	24.414	414.903503333333	0	55	2
2022	121	19.3837083333333	15.836	24.193	260.670442105263	5	55	2
2022	122	19.5995208333333	16.518	24.683	332.805472222222	0	55	2
2022	123	18.5065625	16.137	23.2	216.645928	0.4	55	2
2022	124	18.2152083333333	14.047	22.757	352.3791	0	55	2
2022	125	18.5512083333333	15.897	21.268	235.935169473684	0.1	55	2
2022	126	18.6610416666667	15.123	22.6	244.174553846154	0	55	2
2022	127	18.841	15.483	23.33	282.473649375	0	55	2
2022	128	19.7657446808511	15.767	24.981	458.649266666667	0	55	2
2022	129	20.0032708333333	15.754	25.747	399.495625	0	55	2
2022	130	19.418	14.888	25.426	395.804642857143	0	55	2
2022	131	19.9280208333333	15.682	25.719	388.2832	0	55	2
2022	132	19.320829787234	14.659	25.342	372.5788375	0	55	2
2022	133	19.1777083333333	13.557	25.278	360.321828571429	0	55	2
2022	134	19.7256458333333	15.105	25.976	380.257264705882	0	55	2
2022	135	19.2107708333333	14.669	24.776	338.901905555556	0	55	2
2022	136	17.9705625	13.891	22.805	126.03425625	0	55	2
2022	137	18.2204791666667	13.287	23.641	221.141809090909	0	55	2
2022	138	17.9871458333333	14.153	23.213	297.823963636364	0	55	2
2022	139	17.7756666666667	12.568	23.884	293.655221428571	0	55	2
2022	140	19.3105	14.838	25.6	365.6561875	0	55	2
2022	141	19.7626458333333	15.292	25.54	326.9532	0	55	2
2022	142	20.1320833333333	15.216	26.378	228.156915714286	0	55	2
2022	143	21.4754791666667	16.243	27.643	428.290538461538	0	55	2
2022	144	19.8235416666667	14.596	25.66	340.458375	0	55	2
2022	145	20.110875	14.902	25.688	222.905321428571	0	55	2
2022	146	20.0809166666667	16.208	24.897	191.727766666667	0	55	2
2022	147	19.2714791666667	15.781	23.44	144.318718181818	0.3	55	2
2022	148	19.0429791666667	15.739	23.75	225.556	0	55	2
2022	149	18.6555625	14.923	23.374	155.930353846154	0	55	2
2022	150	18.3371875	14.995	22.287	118.085882857143	0	55	2
2022	151	18.308170212766	15.021	22.613	195.740708333333	0	55	2
2022	152	18.8383541666667	15.067	24.153	294.23419375	0	55	2
2022	153	18.115875	14.854	22.863	252.01926875	0	55	2
2022	154	17.2825	13.278	22.356	199.747226	0	55	2
2022	155	17.8835106382979	12.018	24.058	341.990923529412	0	55	2
2022	156	17.9208125	11.035	24.49	301.213904375	0	55	2
2022	157	17.5608333333333	15.097	22.156	232.1923	0	55	2
2022	158	17.6485744680851	14.172	21.587	196.685405555556	0	55	2
2022	159	18.303	14.411	23.325	157.437160714286	0	55	2
2022	160	17.2493333333333	13.261	22.395	159.739685714286	0	55	2
2022	161	18.0523333333333	14.058	23.036	161.270509090909	0	55	2
2022	162	18.5287659574468	15.082	22.87	202.84729	0	55	2
2022	163	17.7206041666667	14.747	22.137	107.20832	0	55	2
2022	164	17.4014583333333	14.692	20.596	56.577375	0	55	2
2022	165	18.5385833333333	13.604	25.197	189.017373333333	0	55	2
2022	166	18.2093541666667	13.874	23.448	243.410825	0	55	2
2022	167	18.5103333333333	13.003	24.426	280.19100625	0	55	2
2022	168	17.8791458333333	13.291	22.653	232.953675	0	55	2
2022	169	17.9384166666667	13.132	23.585	178.981775	0	55	2
2022	170	17.335375	13.659	20.914	56.5040828571429	0	55	2
2022	171	17.3196666666667	14.389	22.72	95.3388625	0	55	2
2022	172	17.5218333333333	11.972	23.338	313.920114285714	0	55	2
2022	173	17.3085833333333	14.029	21.736	168.96106	0	55	2
2022	174	17.170625	14.231	20.82	50.52411625	0	55	2
2022	175	16.1864375	13.435	18.775	92.2894875	0.1	55	2
2022	176	17.4830833333333	14.424	21.781	128.2951	0	55	2
2022	177	17.0704791666667	14.735	20.838	244.378571428571	0	55	2
2022	178	16.7739791666667	13.751	20.251	72.968	0	55	2
2022	179	15.8260625	12.645	19.083	68.47135	0	55	2
2022	180	15.5513333333333	12.031	19.176	188.5554	0	55	2
2022	181	16.919375	11.876	22.737	303.821945454545	0	55	2
2022	182	15.6691458333333	12.865	18.842	59.7705075	0	55	2
2022	183	17.0353125	12.252	22.861	328.122607142857	0	55	2
2022	184	17.7566875	13.493	23.664	331.92860625	0	55	2
2022	185	17.1314166666667	11.569	22.606	230.212433333333	0	55	2
2022	186	16.4924791666667	12.715	21.528	72.8372625	0	55	2
2022	187	17.4528333333333	12.82	22.841	154.492557142857	0	55	2
2022	188	15.6108333333333	12.394	19.304	70.1355333333333	0	55	2
2022	189	15.3587021276596	13.062	17.578	72.4723	0	55	2
2022	190	15.9015833333333	13.063	19.382	81.6142125	0	55	2
2022	191	16.4077708333333	13.223	20.082	164.585815384615	0	55	2
2022	192	17.0015833333333	13.049	23.085	286.2798125	0	55	2
2022	193	15.182	13.429	17.656	82.3983	0	55	2
2022	194	17.310375	11.502	22.935	308.223873333333	0	55	2
2022	195	17.6312708333333	13.038	22.382	136.36202	0	55	2
2022	196	17.4326041666667	13.808	22.051	150.387254	0.1	55	2
2022	197	16.9736875	14.059	21.373	94.86806	0	55	2
2022	198	15.8152978723404	12.425	18.738	48.00889	0	55	2
2022	199	16.8157708333333	13.559	19.658	258.030571428571	0	55	2
2022	200	16.2083125	13.303	20.873	117.7762125	0	55	2
2022	201	15.7774375	12.566	20.697	175.98685	0.1	55	2
2022	202	16.4273125	12.591	20.694	165.72709	0	55	2
2022	203	15.5788541666667	12.939	21.044	137.597557142857	0	55	2
2022	204	16.1285208333333	12.021	21.941	227.179016666667	0	55	2
2022	205	16.7116875	11.954	22.011	217.551921428571	0	55	2
2022	206	16.5178958333333	12.16	22.149	318.479391666667	0	55	2
2022	207	17.1716875	13.792	22.146	171.419159333333	0	55	2
2022	208	16.5273333333333	11.255	22.235	263.904484615385	0	55	2
2022	209	16.8615833333333	14.077	21.057	143.82515	0	55	2
2022	210	17.0083404255319	13.891	21.471	210.359555555556	0	55	2
2022	211	16.314	14.207	19.202	221.033254545455	0.2	55	2
2022	212	17.0362291666667	13.71	21.668	123.77192	0	55	2
2022	213	15.769625	14.738	17.601	65.52111	0	55	2
2022	214	15.2592340425532	13.787	17.626	29.74285	0	55	2
2022	215	18.9275932819767	14.7786730621642	24.0770115118956	314.826843285573	1.72493108428114	55	2
2022	216	16.3725517241379	13.504	18.733	131.647915454545	0	55	2
2022	217	15.5367291666667	13.157	19.778	173.1135	0	55	2
2022	218	15.9674680851064	10.608	21.316	140.508392307692	0	55	2
2022	219	14.7235531914894	10.495	19.279	108.3027	0	55	2
2022	220	15.16876	12.944	20.303	314.826843285573	0	55	2
2022	221	16.2327708333333	11.609	21.521	136.431	0.1	55	2
2022	222	16.5380555555556	13.18	22.487	148.94422	0	55	2
2022	223	16.3898958333333	13.349	20.544	262.926227272727	0	55	2
2022	224	15.9971875	12.988	19.878	120.2790625	0	55	2
2022	225	16.6193703703704	13.254	20.899	95.0939	0	55	2
2022	226	15.8956875	12.711	19.618	64.3921277777778	0	55	2
2022	227	17.9718571428571	15.121	20.934	144.829	0	55	2
2022	228	18.3575625	14.544	23.322	182.796215384615	0	55	2
2022	229	16.2047333333333	13.845	21.035	314.826843285573	0	55	2
2022	230	16.7149791666667	10.577	23.926	319.327857142857	0	55	2
2022	231	17.9065208333333	11.115	24.934	326.27488125	0	55	2
2022	232	19.2889375	12.072	27.285	317.81026875	0	55	2
2022	233	18.8905	11.585	25.679	361.82945625	0	55	2
2022	234	17.1316666666667	11.581	23.116	317.058	0	55	2
2022	235	15.921	11.779	20.368	198.142	0	55	2
2022	236	16.3059375	11.627	21.077	204.477158823529	0	55	2
2022	237	16.1461875	12.382	19.389	91.0338142857143	0	55	2
2022	238	17.0440625	14.211	21.623	174.092976923077	0	55	2
2022	239	15.8363404255319	14.041	18.589	126.9866	0	55	2
2022	240	16.5282083333333	13.432	19.451	135.197385714286	0	55	2
2022	241	18.0639583333333	10.992	24.182	210.50903125	0	55	2
2022	242	18.3487083333333	12.516	25.349	337.684592352941	0	55	2
2022	243	16.5765416666667	12.682	20.242	67.5298	0	55	2
2022	244	17.5721875	12.39	23.489	351.034772727273	0	55	2
2022	245	15.3886458333333	13.02	18.116	17.7302	0	55	2
2022	246	16.5719791666667	12.949	21.764	143.236416666667	0	55	2
2022	247	17.119085106383	11.363	24.612	211.8345	0	55	2
2022	248	18.3277083333333	12.804	24.049	270.343233333333	0	55	2
2022	249	17.8921063829787	13.972	24.334	214.858309090909	5.31063829787234	55	2
2022	250	16.0440833333333	13.756	18.486	142.42616875	0.1	55	2
2022	251	16.2434893617021	13.458	19.34	49.56773	0	55	2
2022	252	16.4460625	11.872	20.141	97.4763714285714	0	55	2
2022	253	17.3601276595745	11.937	23.696	229.109364285714	0	55	2
2022	254	18.1933958333333	13.59	23.955	259.006506666667	0	55	2
2022	255	18.01275	14.048	23.067	370.409846153846	0	55	2
2022	256	16.9838333333333	13.056	21.548	213.221415384615	0	55	2
2022	257	17.3468125	13.572	21.543	146.557042857143	0	55	2
2022	258	16.7878541666667	12.986	21.06	106.980727272727	0	55	2
2022	259	17.7813958333333	13.844	23.14	233.456558823529	0	55	2
2022	260	17.4166875	13.916	21.291	154.723439285714	0	55	2
2022	261	17.0575	12.955	22.447	161.796845384615	0	55	2
2022	262	19.0845319148936	14.386	25.397	340.07505	0	55	2
2022	263	18.5726666666667	13.852	24.279	348.032475	0	55	2
2022	264	18.9422916666667	13.556	25.369	346.0718625	0	55	2
2022	265	18.6755833333333	13.52	24.572	387.773842857143	0	55	2
2022	266	18.7138958333333	11.928	25.071	354.808908888889	0	55	2
2022	267	18.5670416666667	12.012	25.222	351.429452941176	0	55	2
2022	268	18.586085106383	13.237	23.555	304.731333333333	0.51063829787234	55	2
2022	269	18.7769791666667	13.635	24.033	338.905047058824	0	55	2
2022	270	18.3887708333333	12.168	24.31	376.5836	0	55	2
2022	271	18.7147083333333	12.756	25.034	324.813107647059	0	55	2
2022	272	18.7664375	12.602	25.289	337.08924875	0	55	2
2022	273	18.3374375	14.426	23.574	206.536046666667	0	55	2
2022	274	18.428625	14.393	24.965	341.92948	13.4	55	2
2022	275	19.4207291666667	14	25.918	337.4003125	0	55	2
2022	276	18.8822708333333	12.783	25.6	392.881475	0	55	2
2022	277	18.6573958333333	12.621	25.662	277.698182142857	0	55	2
2022	278	18.7852916666667	13.836	25.265	396.04056	0	55	2
2022	279	18.5134583333333	14.151	24.236	297.771457142857	0	55	2
2022	280	18.6741875	14.441	23.879	199.264571428571	0	55	2
2022	281	18.146085106383	12.426	24.777	381.557669230769	0	55	2
2022	282	18.3641666666667	14.161	23.397	319.228566875	0	55	2
2022	283	18.8929791666667	13.256	24.274	310.305694285714	0	55	2
2022	284	18.2470625	12.491	24.484	330.251588888889	0	55	2
2022	285	18.702	11.284	25.315	301.019802941176	0	55	2
2022	286	18.9364791666667	13.18	25.629	352.250106666667	0	55	2
2022	287	18.4231914893617	12.284	25.038	392.359	0	55	2
2022	288	18.4661875	11.665	25.025	320.501671176471	0	55	2
2022	289	19.6061041666667	13.579	25.571	357.707005294118	0	55	2
2022	290	20.1237708333333	14.682	25.833	303.060115	0	55	2
2022	291	19.5962291666667	15.825	24.486	304.718743333333	0	55	2
2022	292	19.2763958333333	14.467	24.794	295.0566	0	55	2
2022	293	18.7883958333333	13.385	24.816	258.54928125	0	55	2
2022	294	19.3728541666667	14.218	25.903	361.025384615385	0	55	2
2022	295	19.5252083333333	13.208	25.981	363.487323529412	0	55	2
2022	296	19.96375	14.312	25.604	312.810788888889	0	55	2
2022	297	20.7817291666667	14.728	27.138	348.801636842105	0	55	2
2022	298	20.8416458333333	15.024	26.658	335.488915555556	0	55	2
2022	299	20.3828958333333	15.265	25.74	370.12225	0	55	2
2022	300	20.2126458333333	15.262	25.503	306.23675	0	55	2
2022	301	20.5318085106383	15.23	26.723	350.516593333333	0	55	2
2022	302	20.5943617021277	15.286	26.198	321.795258823529	0.408510638297872	55	2
2022	303	19.7159166666667	14.929	25.098	367.679464705882	0	55	2
2022	304	19.8233125	15.631	25.338	283.856270588235	0	55	2
2022	305	18.8405	16.123	23.33	305.452663636364	0.2	55	2
2022	306	18.9473125	16.21	23.062	255.598323571429	0	55	2
2022	307	18.0747708333333	15.209	21.561	248.77795	6.7	55	2
2022	308	19.5672127659574	15.152	25.023	305.494741176471	0	55	2
2022	309	19.8251041666667	14.71	25.149	365.752238888889	0	55	2
2022	310	19.4808541666667	15.867	24.558	262.121858823529	0	55	2
2022	311	19.5811458333333	16.076	24.389	303.77719375	0	55	2
2022	312	19.614625	15.501	24.691	352.19965	0	55	2
2022	313	19.755	15.418	24.697	328.687727368421	0	55	2
2022	314	20.1379583333333	16.136	25.141	292.299105882353	0	55	2
2022	315	19.6257916666667	16.215	24.426	356.249758235294	0	55	2
2022	316	18.4645625	15.901	22.405	201.429862142857	0	55	2
2022	317	19.1699375	15.358	23.504	214.002494444444	0	55	2
2022	318	18.8343541666667	16.3	22.845	74.7907453846154	0.6	55	2
2022	319	18.2146041666667	16.247	22.613	149.8961625	1.3	55	2
2022	320	17.6266666666667	15.708	21.447	176.994028571429	2.5	55	2
2022	321	17.3573829787234	14.59	20.676	129.424607	1.22553191489362	55	2
2022	322	18.7203958333333	14.798	24.326	308.32592	0	55	2
2022	323	18.7876041666667	15.745	22.979	283.368825	0	55	2
2022	324	19.0685416666667	14.692	24.045	244.926700625	0	55	2
2022	325	19.1942708333333	14.867	23.922	276.409823529412	6.6	55	2
2022	326	19.0801875	16.249	24.439	273.363541176471	0.1	55	2
2022	327	18.2543541666667	15.689	23.314	327.93	0	55	2
2022	328	17.8844791666667	14.484	22.08	333.475264705882	17.9	55	2
2022	329	18.1339791666667	15.155	22.11	374.41015625	0.4	55	2
2022	330	18.1768936170213	14.504	23.122	368.108225	0	55	2
2022	331	18.6477916666667	14.297	24.06	274.625677777778	0	55	2
2022	332	18.6378958333333	16.023	23.177	295.122824615385	0	55	2
2022	333	17.6973333333333	15.313	22.04	281.08075	3.5	55	2
2022	334	17.6172083333333	15.561	22.254	307.217386666667	4.2	55	2
2022	335	18.233085106383	14.967	23.541	359.798182352941	0.51063829787234	55	2
2022	336	18.807	14.342	24.331	301.743973684211	0	55	2
2022	337	18.5298958333333	15.496	23.239	328.84648	0	55	2
2022	338	18.1059791666667	15.097	21.481	349.16871875	14.8	55	2
2022	339	18.6830416666667	15.848	23.248	403.0763125	0.6	55	2
2022	340	19.4781458333333	15.866	24.137	388.217411111111	0	55	2
2022	341	19.6172978723404	16.366	24.212	416.231117647059	0.408510638297872	55	2
2022	342	19.531125	16.336	24.045	385.9185	0	55	2
2022	343	18.8927916666667	15.904	24.953	323.626842857143	0	55	2
2022	344	18.9300208333333	15.388	24.041	185.299315	0	55	2
2022	345	19.5160416666667	15.579	24.565	369.8514	0	55	2
2022	346	17.6045833333333	15.753	20.618	116.546357142857	1.3	55	2
2022	347	17.7345	14.863	22.606	351.087329411765	2.7	55	2
2022	348	18.3845	13.71	23.412	325.593977777778	0	55	2
2022	349	18.724375	14.677	24.177	371.608894117647	0	55	2
2022	350	19.3245208333333	14.834	24.577	332.213447058824	0	55	2
2022	351	19.5246041666667	14.814	24.876	359.019761111111	0	55	2
2022	352	19.7306382978723	15.006	24.786	323.019288888889	0	55	2
2022	353	19.689625	14.658	24.985	316.810664285714	0	55	2
2022	354	20.1603333333333	15.69	25.286	320.888038888889	0	55	2
2022	355	20.0566666666667	15.874	25.465	265.991864705882	0	55	2
2022	356	19.7884791666667	15.884	24.244	180.971438888889	0	55	2
2022	357	19.5468333333333	15.279	25.029	301.364360588235	0	55	2
2022	358	19.7753125	14.618	25.191	299.644764705882	0	55	2
2022	359	19.9932291666667	15.608	25.106	257.331409444444	0	55	2
2022	360	20.0370416666667	14.837	25.485	306.6938	0	55	2
2022	361	18.7516458333333	16.79	22.706	178.638027272727	0	55	2
2022	362	19.2482708333333	15.392	23.727	249.099470588235	0	55	2
2022	363	18.8594583333333	14.625	23.781	195.702673125	0	55	2
2022	364	18.5805208333333	13.945	23.492	278.366994444444	0	55	2
2022	365	18.7439166666667	13.611	23.83	326.381005555556	0	55	2
2023	1	19.249829787234	14.115	24.18	280.227994444444	0	55	2
2023	2	17.9770416666667	13.75	23.008	211.085261538462	0.1	55	2
2023	3	17.2531276595745	15.445	20.818	214.324491666667	10.6212765957447	55	2
2023	4	16.9374791666667	15.211	19.176	103.8317	4.8	55	2
2023	5	17.6172708333333	14.545	21.549	274.512970588235	0.2	55	2
2023	6	19.4165	13.573	24.659	376.047151578947	0	55	2
2023	7	19.5959166666667	14.229	24.563	355.464578947368	0	55	2
2023	8	19.0064166666667	13.807	24.598	361.293063157895	0	55	2
2023	9	19.4757916666667	16.269	24.331	277.817716666667	0	55	2
2023	10	19.1685416666667	15.903	23.541	312.801861111111	0	55	2
2023	11	19.1762291666667	14.338	24.064	300.665254736842	0	55	2
2023	12	19.8358541666667	14.593	25.321	365.581821666667	0	55	2
2023	13	19.6761875	13.386	25.109	359.617110526316	0	55	2
2023	14	19.4534468085106	13.797	24.51	341.860380555556	0	55	2
2023	15	19.7810416666667	13.979	24.889	349.029814210526	0	55	2
2023	16	19.5984791666667	14.318	24.979	347.229688888889	0	55	2
2023	17	19.4414166666667	13.618	24.809	280.462731578947	0	55	2
2023	18	21.1994042553191	14.543	27.444	350.852494444444	0	55	2
2023	19	21.4522291666667	15.574	27.245	356.498777777778	0	55	2
2023	20	20.9669791666667	15.399	26.664	353.815042105263	0	55	2
2023	21	20.8804375	14.598	26.143	356.246552631579	0	55	2
2023	22	20.4962708333333	16.158	24.792	235.937658888889	0	55	2
2023	23	20.048625	16.039	24.839	262.469852941176	0	55	2
2023	24	20.0134791666667	14.806	25.447	300.238472222222	0	55	2
2023	25	20.8992195121951	14.874	26.58	352.495883333333	0	55	2
2023	26	18.9275932819767	14.7786730621642	24.0770115118956	314.826843285573	1.72493108428114	55	2
2023	27	18.9275932819767	14.7786730621642	24.0770115118956	314.826843285573	1.72493108428114	55	2
2023	28	18.9275932819767	14.7786730621642	24.0770115118956	314.826843285573	1.72493108428114	55	2
2023	29	18.9275932819767	14.7786730621642	24.0770115118956	314.826843285573	1.72493108428114	55	2
2023	30	18.9275932819767	14.7786730621642	24.0770115118956	314.826843285573	1.72493108428114	55	2
2023	31	18.9275932819767	14.7786730621642	24.0770115118956	314.826843285573	1.72493108428114	55	2
2023	32	18.9275932819767	14.7786730621642	24.0770115118956	314.826843285573	1.72493108428114	55	2
2023	33	18.9275932819767	14.7786730621642	24.0770115118956	314.826843285573	1.72493108428114	55	2
2023	34	18.9275932819767	14.7786730621642	24.0770115118956	314.826843285573	1.72493108428114	55	2
2023	35	18.9275932819767	14.7786730621642	24.0770115118956	314.826843285573	1.72493108428114	55	2
2023	36	18.9275932819767	14.7786730621642	24.0770115118956	314.826843285573	1.72493108428114	55	2
2023	37	18.9275932819767	14.7786730621642	24.0770115118956	314.826843285573	1.72493108428114	55	2
2023	38	18.9275932819767	14.7786730621642	24.0770115118956	314.826843285573	1.72493108428114	55	2
2023	39	18.9275932819767	14.7786730621642	24.0770115118956	314.826843285573	1.72493108428114	55	2
2023	40	18.9275932819767	14.7786730621642	24.0770115118956	314.826843285573	1.72493108428114	55	2
2023	41	18.9275932819767	14.7786730621642	24.0770115118956	314.826843285573	1.72493108428114	55	2
2023	42	18.9275932819767	14.7786730621642	24.0770115118956	314.826843285573	1.72493108428114	55	2
2023	43	18.9275932819767	14.7786730621642	24.0770115118956	314.826843285573	1.72493108428114	55	2
2023	44	18.9275932819767	14.7786730621642	24.0770115118956	314.826843285573	1.72493108428114	55	2
2023	45	18.9275932819767	14.7786730621642	24.0770115118956	314.826843285573	1.72493108428114	55	2
2023	46	18.9275932819767	14.7786730621642	24.0770115118956	314.826843285573	1.72493108428114	55	2
2023	47	18.9275932819767	14.7786730621642	24.0770115118956	314.826843285573	1.72493108428114	55	2
2023	48	18.9275932819767	14.7786730621642	24.0770115118956	314.826843285573	1.72493108428114	55	2
2023	49	18.9275932819767	14.7786730621642	24.0770115118956	314.826843285573	1.72493108428114	55	2
2023	50	18.9275932819767	14.7786730621642	24.0770115118956	314.826843285573	1.72493108428114	55	2
2023	51	18.9275932819767	14.7786730621642	24.0770115118956	314.826843285573	1.72493108428114	55	2
2023	52	18.9275932819767	14.7786730621642	24.0770115118956	314.826843285573	1.72493108428114	55	2
2023	53	18.9275932819767	14.7786730621642	24.0770115118956	314.826843285573	1.72493108428114	55	2
2023	54	18.9275932819767	14.7786730621642	24.0770115118956	314.826843285573	1.72493108428114	55	2
2023	55	18.9275932819767	14.7786730621642	24.0770115118956	314.826843285573	1.72493108428114	55	2
2023	56	18.9275932819767	14.7786730621642	24.0770115118956	314.826843285573	1.72493108428114	55	2
2023	57	18.9275932819767	14.7786730621642	24.0770115118956	314.826843285573	1.72493108428114	55	2
2023	58	18.9275932819767	14.7786730621642	24.0770115118956	314.826843285573	1.72493108428114	55	2
2023	59	18.9275932819767	14.7786730621642	24.0770115118956	314.826843285573	1.72493108428114	55	2
2023	60	18.9275932819767	14.7786730621642	24.0770115118956	314.826843285573	1.72493108428114	55	2
2023	61	18.9275932819767	14.7786730621642	24.0770115118956	314.826843285573	1.72493108428114	55	2
2023	62	18.9275932819767	14.7786730621642	24.0770115118956	314.826843285573	1.72493108428114	55	2
2023	63	18.9275932819767	14.7786730621642	24.0770115118956	314.826843285573	1.72493108428114	55	2
2023	64	18.9275932819767	14.7786730621642	24.0770115118956	314.826843285573	1.72493108428114	55	2
2023	65	18.9275932819767	14.7786730621642	24.0770115118956	314.826843285573	1.72493108428114	55	2
2023	66	18.9275932819767	14.7786730621642	24.0770115118956	314.826843285573	1.72493108428114	55	2
2023	67	18.9275932819767	14.7786730621642	24.0770115118956	314.826843285573	1.72493108428114	55	2
2023	68	18.9275932819767	14.7786730621642	24.0770115118956	314.826843285573	1.72493108428114	55	2
2023	69	18.9275932819767	14.7786730621642	24.0770115118956	314.826843285573	1.72493108428114	55	2
2023	70	18.9275932819767	14.7786730621642	24.0770115118956	314.826843285573	1.72493108428114	55	2
2023	71	18.9275932819767	14.7786730621642	24.0770115118956	314.826843285573	1.72493108428114	55	2
2023	72	18.9275932819767	14.7786730621642	24.0770115118956	314.826843285573	1.72493108428114	55	2
2023	73	18.9275932819767	14.7786730621642	24.0770115118956	314.826843285573	1.72493108428114	55	2
2023	74	18.9275932819767	14.7786730621642	24.0770115118956	314.826843285573	1.72493108428114	55	2
2023	75	18.9275932819767	14.7786730621642	24.0770115118956	314.826843285573	1.72493108428114	55	2
2023	76	18.9275932819767	14.7786730621642	24.0770115118956	314.826843285573	1.72493108428114	55	2
2023	77	18.9275932819767	14.7786730621642	24.0770115118956	314.826843285573	1.72493108428114	55	2
2023	78	18.9275932819767	14.7786730621642	24.0770115118956	314.826843285573	1.72493108428114	55	2
2023	79	18.9275932819767	14.7786730621642	24.0770115118956	314.826843285573	1.72493108428114	55	2
2023	80	18.9275932819767	14.7786730621642	24.0770115118956	314.826843285573	1.72493108428114	55	2
2023	81	18.9275932819767	14.7786730621642	24.0770115118956	314.826843285573	1.72493108428114	55	2
2023	82	18.9275932819767	14.7786730621642	24.0770115118956	314.826843285573	1.72493108428114	55	2
2023	83	18.9275932819767	14.7786730621642	24.0770115118956	314.826843285573	1.72493108428114	55	2
2023	84	18.9275932819767	14.7786730621642	24.0770115118956	314.826843285573	1.72493108428114	55	2
2023	85	18.9275932819767	14.7786730621642	24.0770115118956	314.826843285573	1.72493108428114	55	2
2023	86	18.9275932819767	14.7786730621642	24.0770115118956	314.826843285573	1.72493108428114	55	2
2023	87	18.9275932819767	14.7786730621642	24.0770115118956	314.826843285573	1.72493108428114	55	2
2023	88	18.9275932819767	14.7786730621642	24.0770115118956	314.826843285573	1.72493108428114	55	2
2023	89	18.9275932819767	14.7786730621642	24.0770115118956	314.826843285573	1.72493108428114	55	2
2023	90	18.9275932819767	14.7786730621642	24.0770115118956	314.826843285573	1.72493108428114	55	2
2023	91	18.9275932819767	14.7786730621642	24.0770115118956	314.826843285573	1.72493108428114	55	2
2023	92	18.9275932819767	14.7786730621642	24.0770115118956	314.826843285573	1.72493108428114	55	2
2023	93	18.9275932819767	14.7786730621642	24.0770115118956	314.826843285573	1.72493108428114	55	2
2023	94	18.9275932819767	14.7786730621642	24.0770115118956	314.826843285573	1.72493108428114	55	2
2023	95	18.9275932819767	14.7786730621642	24.0770115118956	314.826843285573	1.72493108428114	55	2
2023	96	18.9275932819767	14.7786730621642	24.0770115118956	314.826843285573	1.72493108428114	55	2
2023	97	18.9275932819767	14.7786730621642	24.0770115118956	314.826843285573	1.72493108428114	55	2
2023	98	18.9275932819767	14.7786730621642	24.0770115118956	314.826843285573	1.72493108428114	55	2
2023	99	18.9275932819767	14.7786730621642	24.0770115118956	314.826843285573	1.72493108428114	55	2
2023	100	18.9275932819767	14.7786730621642	24.0770115118956	314.826843285573	1.72493108428114	55	2
2023	101	18.9275932819767	14.7786730621642	24.0770115118956	314.826843285573	1.72493108428114	55	2
2023	102	18.9275932819767	14.7786730621642	24.0770115118956	314.826843285573	1.72493108428114	55	2
2023	103	18.9275932819767	14.7786730621642	24.0770115118956	314.826843285573	1.72493108428114	55	2
2023	104	18.9275932819767	14.7786730621642	24.0770115118956	314.826843285573	1.72493108428114	55	2
2023	105	18.9275932819767	14.7786730621642	24.0770115118956	314.826843285573	1.72493108428114	55	2
2023	106	18.9275932819767	14.7786730621642	24.0770115118956	314.826843285573	1.72493108428114	55	2
2023	107	18.9275932819767	14.7786730621642	24.0770115118956	314.826843285573	1.72493108428114	55	2
2023	108	18.9275932819767	14.7786730621642	24.0770115118956	314.826843285573	1.72493108428114	55	2
2023	109	22.295	22.295	22.295	314.826843285573	0	55	2
2023	110	21.0743	17.004	24.094	314.826843285573	0	55	2
2023	111	20.1583541666667	17.067	25.364	314.826843285573	1	55	2
2023	112	18.0616170212766	16.81	19.594	314.826843285573	17.0553191489362	55	2
2023	113	19.1896458333333	15.333	23.636	314.826843285573	0	55	2
2023	114	20.1343617021277	17.323	24.314	314.826843285573	0	55	2
2023	115	18.9186458333333	15.945	22.833	314.826843285573	5.1	55	2
2023	116	18.5533125	16.407	22.86	314.826843285573	35	55	2
2023	117	19.0583541666667	15.697	23.061	314.826843285573	0.1	55	2
2023	118	17.8461875	16.687	20.076	314.826843285573	11.7	55	2
2023	119	18.041914893617	15.505	21.489	314.826843285573	0	55	2
2023	120	18.660125	16.793	22.474	314.826843285573	14.3	55	2
2023	121	18.0178125	16.165	20.283	314.826843285573	22.6	55	2
2023	122	18.541	14.621	22.182	314.826843285573	0.6	55	2
2023	123	18.2651458333333	16.542	21.519	314.826843285573	0.1	55	2
2023	124	18.6148723404255	15.124	23.358	314.826843285573	0	55	2
2023	125	18.6689791666667	14.483	23.521	314.826843285573	0	55	2
2023	126	18.8638541666667	15.231	23.423	314.826843285573	0	55	2
2023	127	18.7885833333333	15.605	23.073	314.826843285573	0	55	2
2023	128	19.0858125	15.801	23.443	314.826843285573	0	55	2
2023	129	18.1690416666667	16.241	21.579	314.826843285573	0.1	55	2
2023	130	18.558	16.061	22.683	314.826843285573	0	55	2
2023	131	18.1469791666667	15.101	22.147	314.826843285573	0	55	2
2023	132	18.0610208333333	14.02	23.32	314.826843285573	0	55	2
2023	133	19.241625	15.48	24.248	314.826843285573	0	55	2
2023	134	19.2291276595745	16.329	24.042	314.826843285573	0	55	2
2023	135	18.5895	14.765	23.401	314.826843285573	0	55	2
2023	136	18.6019361702128	14.349	23.735	314.826843285573	0	55	2
2023	137	19.0666041666667	15.983	23.059	314.826843285573	0	55	2
2023	138	18.2932083333333	13.914	22.885	314.826843285573	0	55	2
2023	139	18.374875	14.627	23.802	314.826843285573	0	55	2
2023	140	19.4093541666667	13.126	26.121	314.826843285573	0	55	2
2023	141	19.2740833333333	13.296	24.697	314.826843285573	0	55	2
2023	142	19.8334255319149	15.968	25.448	314.826843285573	0	55	2
2023	143	19.7797083333333	16.039	24.785	314.826843285573	0	55	2
2023	144	18.9878125	14.958	23.772	314.826843285573	0	55	2
2023	145	19.1093541666667	14.577	23.869	314.826843285573	0	55	2
2023	146	18.0006304347826	14.1	22.593	314.826843285573	0	55	2
2023	147	16.6354375	12.718	21.045	314.826843285573	0.3	55	2
2023	148	17.5011666666667	14.023	22.45	314.826843285573	0.1	55	2
2023	149	16.5326875	14.068	19.748	314.826843285573	2.6	55	2
2023	150	17.2572291666667	13.761	20.815	314.826843285573	0	55	2
2023	151	18.1921875	15.48	23.031	165.365089285714	0	55	2
2023	152	19.1039583333333	14.833	24.043	252.177264666667	0	55	2
2023	153	19.108375	15.584	23.989	273.084606666667	2.6	55	2
2023	154	18.0038541666667	14.686	22.032	69.77948	0	55	2
2023	155	17.6580416666667	13.893	22.83	199.467338461538	0	55	2
2023	156	19.151125	14.114	24.665	306.027638333333	0	55	2
2023	157	18.8256666666667	15.246	23.877	200.963371428571	0.2	55	2
2023	158	18.9507916666667	13.437	24.912	360.351916666667	0	55	2
2023	159	19.3562291666667	12.314	26.039	365.947982352941	0	55	2
2023	160	18.7877083333333	15.88	23.801	229.634961538462	0	55	2
2023	161	18.2993333333333	13.625	24.316	251.44168	0	55	2
2023	162	19.5877083333333	14.985	24.609	351.391705882353	0	55	2
2023	163	19.6433829787234	14.916	24.476	241.604040555556	0.204255319148936	55	2
2023	164	17.8407291666667	13.519	22.291	190.263558	0	55	2
2023	165	18.8056666666667	14.979	25.013	245.055288888889	0	55	2
2023	166	17.8944680851064	14.885	21.546	141.378366666667	0	55	2
2023	167	18.5400625	14.653	23.946	188.564481818182	0	55	2
2023	168	16.826125	14.586	19.369	54.0680333333333	0	55	2
2023	169	17.376375	13.353	22.42	172.23637	0	55	2
2023	170	17.8448958333333	12.974	22.965	224.371571428571	0	55	2
2023	171	18.4205208333333	14.648	22.697	138.181347058824	0	55	2
2023	172	17.8250444444444	15.909	20.93	191.656682	0	55	2
2023	173	17.1055208333333	14.771	20.052	117.71066	0	55	2
2023	174	16.8699791666667	15.437	18.651	61.6243257142857	0	55	2
2023	175	17.7160416666667	14.228	22.799	198.4669	0	55	2
2023	176	18.1606458333333	13.409	24.209	249.274870666667	0	55	2
2023	177	16.6714583333333	13.496	21.314	115.199984444444	0	55	2
2023	178	16.59075	13.909	20.482	94.91048	0	55	2
2023	179	17.3279583333333	12.337	22.773	236.090818181818	0	55	2
2023	180	16.3421875	13.535	19.664	114.412731	0	55	2
2023	181	17.4990208333333	14.715	21.099	109.40484375	0	55	2
2023	182	17.0916041666667	14.496	20.392	26.13132	0	55	2
2023	183	16.911875	14.711	19.945	85.0538	0	55	2
2023	184	17.1441041666667	13.457	21.055	61.3919466666667	0	55	2
2023	185	16.5005625	13.967	19.815	167.114634444444	0	55	2
2023	186	15.2665142857143	12.426	18.936	12.182875	0	55	2
2023	187	18.05764	15.835	19.509	95.6315	0	55	2
2023	188	16.2290833333333	14.205	18.338	100.558816666667	0	55	2
2023	189	16.25775	12.365	20.808	159.0215725	0	55	2
2023	190	16.7728125	11.201	23.563	248.1138125	0	55	2
2023	191	18.6941458333333	10.526	26.258	315.307831176471	0	55	2
2023	192	18.7285416666667	13.047	25.434	289.709611764706	0	55	2
2023	193	16.8208541666667	13.68	20.287	189.551163636364	0	55	2
2023	194	16.9317708333333	12.667	20.859	192.6995375	0	55	2
2023	195	18.0757083333333	13.391	23.37	212.769499444444	0	55	2
2023	196	17.1300833333333	12.581	22.485	132.90998625	0	55	2
2023	197	16.5162083333333	12.526	20.623	203.15679	0	55	2
2023	198	15.8563541666667	11.927	19.803	67.6549	0	55	2
2023	199	16.3076875	12.248	21.51	91.40406875	0	55	2
2023	200	16.7425416666667	12.407	21.445	65.7808923076923	0	55	2
2023	201	18.8194375	12.138	25.914	312.228747058824	0	55	2
2023	202	18.5327083333333	13.183	24.255	317.91795	0	55	2
2023	203	17.8510625	14.488	22.474	64.0079526666667	0	55	2
2023	204	17.6249375	14.847	21.876	183.77623	0	55	2
2023	205	17.3805	13.129	21.379	87.9944833333333	0	55	2
2023	206	18.01325	15.604	22.061	164.116609090909	0	55	2
2023	207	16.767875	14.221	22.159	164.79628	0	55	2
2023	208	16.9639791666667	12.305	21.475	97.1178	0	55	2
2023	209	16.7824375	14.6	20.272	100.081443636364	0	55	2
2023	210	16.6664375	13.595	21.407	84.4617666666667	0	55	2
2023	211	17.7510625	12.736	24.262	309.830792307692	0	55	2
2023	212	18.6335208333333	12.907	25.688	320.39870625	0	55	2
2023	213	17.262	14.019	21.612	108.095253846154	0	55	2
2023	214	17.0278541666667	13.911	20.317	245.221571428571	0.1	55	2
2023	215	15.7755454545455	15.4	16.353	314.826843285573	0	55	2
2023	216	18.9275932819767	14.7786730621642	24.0770115118956	314.826843285573	1.72493108428114	55	2
2023	217	18.9275932819767	14.7786730621642	24.0770115118956	314.826843285573	1.72493108428114	55	2
2023	218	18.9275932819767	14.7786730621642	24.0770115118956	314.826843285573	1.72493108428114	55	2
2023	219	18.9275932819767	14.7786730621642	24.0770115118956	314.826843285573	1.72493108428114	55	2
2023	220	19.1854666666667	16.098	22.773	314.826843285573	0	55	2
2023	221	16.3015208333333	14.345	19.474	99.71858625	1.5	55	2
2023	222	17.408	14.541	21.896	314.826843285573	0	55	2
2023	223	17.2586875	13.47	21.836	314.826843285573	0	55	2
2023	224	16.4320425531915	11.829	22.031	314.826843285573	0	55	2
2023	225	17.5681041666667	11.74	23.439	314.826843285573	0	55	2
2023	226	18.22675	12.316	24.093	314.826843285573	0	55	2
2023	227	19.11425	13.956	24.685	314.826843285573	0	55	2
2023	228	18.7436458333333	15.676	22.93	314.826843285573	0	55	2
2023	229	18.1871666666667	14.993	22.602	314.826843285573	0	55	2
2023	230	17.9895416666667	14.351	23.52	314.826843285573	0	55	2
2023	231	18.8391041666667	13.732	25.125	314.826843285573	0	55	2
2023	232	19.2462708333333	12.044	25.809	314.826843285573	0	55	2
2023	233	19.1314791666667	12.717	24.831	314.826843285573	0	55	2
2023	234	20.0821875	15.128	25.935	314.826843285573	0	55	2
2023	235	18.2419285714286	12.746	24.9	278.291438461538	0	55	2
2023	236	18.12525	13.515	24.141	286.171682352941	0	55	2
2023	237	18.431375	12.481	24.749	339.256022222222	0	55	2
2023	238	19.7287916666667	14.787	25.964	370.386570588235	0	55	2
2023	239	19.4253125	14.237	26.093	348.3735	0	55	2
2023	240	18.3773958333333	14.17	23.006	204.732246666667	0	55	2
2023	241	18.0775208333333	13.665	22.525	203.206669230769	0	55	2
2023	242	18.024625	15.118	21.837	184.284475	0	55	2
2023	243	18.073875	15.239	22.706	132.612175	0	55	2
2023	244	18.8708085106383	15.46	23.509	134.249953846154	0	55	2
2023	245	18.6796666666667	15.53	23.494	177.4641	0	55	2
2023	246	18.9004166666667	12.729	25.891	309.284450588235	0	55	2
2023	247	18.7764375	14.349	24.476	183.688338461538	0	55	2
2023	248	19.6305625	13.736	25.63	239.406047058824	0	55	2
2023	249	20.4159166666667	13.625	26.98	276.93073125	0	55	2
2023	250	18.5461666666667	15.469	24.235	183.006933333333	23.2	55	2
2023	251	17.8262708333333	15.345	20.883	216.307176923077	1.5	55	2
2023	252	17.6265957446809	15.183	20.303	237.6906	0	55	2
2023	253	18.7040625	13.124	24.802	304.840005882353	0	55	2
2023	254	19.6343125	15.061	25.398	286.393811764706	0	55	2
2023	255	20.1015416666667	15.272	26.385	311.178470555556	0	55	2
2023	256	18.544125	15.581	23.426	212.366258333333	0	55	2
2023	257	19.3026875	15.091	24.612	303.076659473684	0	55	2
2023	258	18.2459166666667	15.113	22.307	305.07546	0	55	2
2023	259	19.1857391304348	13.581	25.406	335.7980625	0	55	2
2023	260	20.0790625	15.784	27.177	352.875046153846	7.9	55	2
2023	261	19.2705	15.203	24.899	296.613668125	0	55	2
2023	262	19.4325833333333	14.032	24.854	321.485278125	0	55	2
2023	263	20.1345	15.045	27.251	425.005692307692	0	55	2
2023	264	20.1057916666667	14.46	26.739	335.614471052632	0	55	2
2023	265	20.326125	15.959	25.848	292.61195625	0	55	2
2023	266	19.5375416666667	15.602	24.746	214.412135294118	0	55	2
2023	267	18.8737708333333	16.083	24.308	306.5698	0	55	2
2023	268	20.5134583333333	14.709	27.223	310.9818	0	55	2
2023	269	20.2265625	13.955	27.282	291.157194117647	0	55	2
2023	270	20.2718541666667	14.796	26.274	303.744544666667	0	55	2
2023	271	18.8903333333333	16.028	22.688	79.79812	0	55	2
2023	272	19.8945833333333	13.945	26.59	315.982333333333	0	55	2
2023	273	19.7404375	15.228	26.395	221.8500375	0	55	2
2023	274	20.8659166666667	16.394	27.582	279.479245294118	0	55	2
2023	275	20.7868125	14.592	27.581	290.7448625	0	55	2
2023	276	18.9791666666667	12.246	25.451	355.887122222222	0	55	2
2023	277	17.9697708333333	16.285	21.069	314.826843285573	0	55	2
2023	278	18.7141041666667	15.172	23.322	314.826843285573	0.1	55	2
2023	279	20.0886875	15.802	26.429	314.826843285573	0	55	2
2023	280	20.1184583333333	14.916	26.075	314.826843285573	0	55	2
2023	281	20.7373958333333	13.074	27.895	314.826843285573	0	55	2
2023	282	21.1456666666667	14.465	27.939	314.826843285573	0	55	2
2023	283	20.8044347826087	16.307	27.404	314.826843285573	0	55	2
2023	284	20.6513333333333	14.572	26.529	314.826843285573	0	55	2
2023	285	21.2242340425532	14.611	27.947	29.4434	0	55	2
2023	286	22.0697446808511	14.436	29.036	427.229765	0	55	2
2023	287	22.0937083333333	16.24	28.139	428.301035	0	55	2
2023	288	21.9380625	17.653	27.562	348.26060952381	0	55	2
2023	289	20.6519375	16.415	25.559	391.861627272727	0.5	55	2
2023	290	20.5868333333333	16.998	26.705	287.020152380952	0.1	55	2
2023	291	21.1431666666667	17.401	25.88	391.894776190476	0	55	2
2023	292	19.6680833333333	16.879	24.565	333.004863636364	0.9	55	2
2023	293	19.6337708333333	14.752	24.338	333.19557	0	55	2
2023	294	20.1332083333333	15.766	25.426	317.377223809524	0	55	2
2023	295	21.2947916666667	16.207	26.313	335.479890909091	0	55	2
2023	296	20.9188333333333	15.512	26.956	386.78877	0	55	2
2023	297	21.2557708333333	15.268	26.838	361.825854545455	0	55	2
2023	298	21.4290208333333	17.083	26.312	373.886510952381	0	55	2
2023	299	19.7530208333333	16.887	24.274	302.015273636364	1.9	55	2
2023	300	19.9925625	16.107	24.466	275.167909523809	0	55	2
2023	301	20.44425	15.294	26.183	299.917995238095	0	55	2
2023	302	20.4365	16.2	25.093	293.171014285714	0	55	2
2023	303	19.8387291666667	16.069	25.109	320.12380952381	0	55	2
2023	304	19.5774791666667	16.661	24.131	286.435794090909	4.5	55	2
2023	305	20.1858125	15.984	25.036	301.581122727273	0	55	2
2023	306	18.8945	16.545	22.208	304.403186363636	32.9	55	2
2023	307	18.2791666666667	16.62	22.504	326.501173181818	8.3	55	2
2023	308	18.2175	15.528	21.34	294.158937826087	8.6	55	2
2023	309	18.8022916666667	16.419	23.165	313.003794545455	7.2	55	2
2023	310	19.3158723404255	16.171	24.13	442.302968181818	28.3914893617021	55	2
2023	311	19.1218333333333	15.6	23.813	471.368223478261	35.8	55	2
2023	312	18.588125	16.887	21.94	329.380918181818	3.1	55	2
2023	313	19.1361041666667	15.534	23.055	388.748533333333	0	55	2
2023	314	18.7955	16.011	22.5	265.69565	17.8	55	2
2023	315	18.0381875	15.136	21.423	278.587202727273	11.1	55	2
2023	316	18.82325	16.501	23.126	342.781672727273	4.4	55	2
2023	317	18.9746666666667	16.485	22.721	418.362254545455	3.9	55	2
2023	318	18.5663125	16.327	23.09	332.427271428571	22.2	55	2
2023	319	18.4241041666667	16.633	22.498	327.110717391304	5.7	55	2
2023	320	18.5588125	16.259	22.067	379.330668181818	6.6	55	2
2023	321	18.5839583333333	16.268	22.186	301.921754782609	2.5	55	2
2023	322	19.1631489361702	16.243	23.038	360.371509090909	1.73617021276596	55	2
2023	323	19.327125	16.451	23.334	426.024477272727	1.4	55	2
2023	324	18.8102916666667	15.887	23.295	398.037259090909	0.4	55	2
2023	325	18.8851458333333	16.914	22.183	319.640898695652	14.2	55	2
2023	326	18.2911041666667	16.524	21.889	360.605489090909	8.7	55	2
2023	327	18.4119791666667	16.009	21.807	332.882750434783	3.6	55	2
2023	328	18.5965416666667	16.201	22.586	392.393336363636	9	55	2
2023	329	18.6260208333333	16.171	22.4	319.919885714286	6.8	55	2
2023	330	18.3128333333333	15.642	21.965	339.004644545455	8.4	55	2
2023	331	19.4688958333333	15.776	24.041	471.507686363636	2.6	55	2
2023	332	19.0666382978723	16.667	23.432	349.5513	0	55	2
2023	333	19.5375416666667	16.519	23.983	498.21279047619	0	55	2
2023	334	19.1962916666667	15.457	23.404	483.408214285714	0	55	2
2023	335	19.0845833333333	14.869	23.944	461.959777272727	0	55	2
2023	336	19.513	14.764	24.388	411.976604545455	0	55	2
2023	337	19.2648333333333	16.648	23.413	401.681293913043	0	55	2
2023	338	18.9782553191489	15.925	23.501	363.49848	0	55	2
2023	339	19.2105	15.701	24.028	404.089252272727	0	55	2
2023	340	19.0801063829787	16.362	23.583	383.176736363636	0	55	2
2023	341	19.162	13.776	24.675	473.767580952381	0	55	2
2023	342	19.3130833333333	14.632	24.828	446.488163636364	0	55	2
2023	343	18.6891458333333	14.402	23.861	398.565322727273	0	55	2
2023	344	19.388	16.503	23.565	397.255942857143	0.8	55	2
2023	345	19.1832291666667	15.521	23.854	396.180853636364	0.1	55	2
2023	346	19.2441458333333	15.004	24.279	353.752301818182	0	55	2
2023	347	19.6378958333333	15.866	24.745	349.701747619048	0	55	2
2023	348	19.6510208333333	17.216	23.878	355.748605	0.1	55	2
2023	349	18.9676666666667	16.036	22.86	373.156636363636	4.7	55	2
2023	350	18.2689791666667	16.297	21.587	235.594292173913	0	55	2
2023	351	18.9273333333333	15.664	23.38	376.452345238095	0	55	2
2023	352	18.791914893617	15.601	23.308	400.290808636364	0.102127659574468	55	2
2023	353	19.2912708333333	16.034	23.725	350.935447272727	0	55	2
2023	354	18.8055625	14.531	23.848	403.148766666667	0	55	2
2023	355	19.5510208333333	15.624	24.474	407.98790952381	0	55	2
2023	356	19.3068958333333	15.924	23.698	323.935877826087	2.2	55	2
2023	357	18.9365208333333	16.357	23.239	309.771827272727	6.7	55	2
2023	358	20.2195625	16.905	24.796	409.784418181818	0.7	55	2
2023	359	20.300375	17.159	25.006	417.596077272727	0	55	2
2023	360	18.96475	16.807	22.359	248.066905652174	0.6	55	2
2023	361	18.9125208333333	14.839	23.137	434.423147619048	0	55	2
2023	362	19.9571458333333	15.719	24.862	444.766820909091	0	55	2
2023	363	20.2183125	15.596	25.202	410.62315	0	55	2
2023	364	20.2108958333333	16.759	25.209	330.628995652174	0	55	2
2023	365	20.5957234042553	17.186	25.443	386.320818181818	0	55	2
2024	1	20.5546382978723	16.906	25.019	395.649725652174	2.14468085106383	55	2
2024	2	20.070875	16.559	24.677	328.04157826087	18.7	55	2
2024	3	20.1327708333333	17.197	24.79	425.126163636364	0	55	2
2024	4	19.9585416666667	16.085	24.532	390.425947619048	0	55	2
2024	5	19.1352291666667	16.565	24.905	303.877733333333	9.3	55	2
2024	6	19.0948958333333	16.539	23.044	280.316440909091	10.8	55	2
2024	7	18.9210208333333	16.762	22.923	273.232816363636	11	55	2
2024	8	19.4325	16.566	23.663	356.87425	0	55	2
2024	9	19.0758958333333	15.932	23.211	462.743835	0	55	2
2024	10	18.7933125	14.917	22.806	326.663609090909	0.7	55	2
2024	11	19.1455833333333	16.004	24.147	297.416660909091	3	55	2
2024	12	19.5916808510638	16.952	23.85	259.611365238095	16.2382978723404	55	2
2024	13	18.5205833333333	16.359	22.042	190.842838181818	31	55	2
2024	14	20.0861041666667	17.754	24.479	277.532742857143	0	55	2
2024	15	20.3378125	17.241	24.64	379.929759090909	0.1	55	2
2024	16	20.3816458333333	16.408	25.062	366.765286363636	0	55	2
2024	17	20.1912916666667	16.927	24.187	312.153266666667	0	55	2
2024	18	19.3738958333333	17.009	23.031	311.020845454545	0	55	2
2024	19	18.885652173913	16.861	23.699	315.6817325	0	55	2
2024	20	18.9275932819767	14.7786730621642	24.0770115118956	314.826843285573	1.72493108428114	55	2
2024	21	18.9275932819767	14.7786730621642	24.0770115118956	314.826843285573	1.72493108428114	55	2
2024	22	18.9275932819767	14.7786730621642	24.0770115118956	314.826843285573	1.72493108428114	55	2
2024	23	18.9275932819767	14.7786730621642	24.0770115118956	314.826843285573	1.72493108428114	55	2
2024	24	18.9275932819767	14.7786730621642	24.0770115118956	314.826843285573	1.72493108428114	55	2
2024	25	18.9275932819767	14.7786730621642	24.0770115118956	314.826843285573	1.72493108428114	55	2
2024	26	18.9275932819767	14.7786730621642	24.0770115118956	314.826843285573	1.72493108428114	55	2
2024	27	18.9275932819767	14.7786730621642	24.0770115118956	314.826843285573	1.72493108428114	55	2
2024	28	18.9275932819767	14.7786730621642	24.0770115118956	314.826843285573	1.72493108428114	55	2
2024	29	18.9275932819767	14.7786730621642	24.0770115118956	314.826843285573	1.72493108428114	55	2
2024	30	18.9275932819767	14.7786730621642	24.0770115118956	314.826843285573	1.72493108428114	55	2
2024	31	18.9275932819767	14.7786730621642	24.0770115118956	314.826843285573	1.72493108428114	55	2
2024	32	18.9275932819767	14.7786730621642	24.0770115118956	314.826843285573	1.72493108428114	55	2
2024	33	18.9275932819767	14.7786730621642	24.0770115118956	314.826843285573	1.72493108428114	55	2
2024	34	18.9275932819767	14.7786730621642	24.0770115118956	314.826843285573	1.72493108428114	55	2
2024	35	18.9275932819767	14.7786730621642	24.0770115118956	314.826843285573	1.72493108428114	55	2
2024	36	18.9275932819767	14.7786730621642	24.0770115118956	314.826843285573	1.72493108428114	55	2
2024	37	18.9275932819767	14.7786730621642	24.0770115118956	314.826843285573	1.72493108428114	55	2
2024	38	21.1504375	17.698	26.22	221.3082	0	55	2
2024	39	20.0799574468085	15.995	24.99	346.46801047619	0	55	2
2024	40	20.99225	15.873	26.338	462.242281818182	0	55	2
2024	41	20.6353541666667	17.094	26.15	447.477745454545	0	55	2
2024	42	19.9715208333333	14.369	25.995	399.424136363636	0	55	2
2024	43	20.5517872340426	14.427	26.679	468.13976	0	55	2
2024	44	21.2822708333333	15.747	27.181	457.016406363636	0	55	2
2024	45	21.4698541666667	15.821	27.646	459.037708181818	0	55	2
2024	46	21.3949791666667	14.98	27.626	467.302736363636	0	55	2
2024	47	20.8541458333333	14.839	26.93	431.147031818182	0	55	2
2024	48	21.065	15.829	27.359	446.365109090909	0	55	2
2024	49	22.64675	14.906	29.692	443.197413636364	0	55	2
2024	50	23.0520625	17.381	29.571	416.217023809524	0	55	2
2024	51	22.11375	17.195	28.551	387.176622727273	11.4	55	2
2024	52	21.8541875	16.798	28.033	449.789654545455	0.1	55	2
2024	53	20.8623125	16.122	26.323	473.387157142857	0	55	2
2024	54	20.1678333333333	16.552	25.245	359.800263636364	0	55	2
2024	55	18.935875	16.09	24.258	408.313423809524	17.4	55	2
2024	56	20.5370833333333	16.065	25.742	363.462113181818	0.2	55	2
2024	57	21.0555416666667	16.668	26.914	303.731928181818	0	55	2
2024	58	20.5018958333333	17.288	27.153	377.015275714286	3.5	55	2
2024	59	20.0833125	15.678	26.25	349.1405	8.9	55	2
2024	60	21.4696666666667	17.313	26.542	464.206056086956	3.2	55	2
2024	61	21.0516875	16.2	26.196	490.396990909091	0	55	2
2024	62	21.1835106382979	17.125	26.198	401.989457142857	0	55	2
2024	63	21.3179791666667	16.243	27.179	467.743345217391	0	55	2
2024	64	21.5509375	16.181	27.877	325.932540909091	0	55	2
2024	65	20.7500833333333	17.428	25.549	496.006952380952	0	55	2
2024	66	20.4968125	16.453	25.772	389.112418181818	0	55	2
2024	67	21.0090208333333	15.449	26.842	383.339869565217	0	55	2
2024	68	21.682125	15.353	28.288	444.405168181818	0	55	2
2024	69	21.4876666666667	16.934	27.208	452.610577272727	0.3	55	2
2024	70	21.3601666666667	16.354	27.36	432.491777272727	0	55	2
2024	71	21.4849375	16.608	27.438	460.676114285714	0	55	2
2024	72	21.2112978723404	14.959	27.753	447.116485714286	0	55	2
2024	73	21.53225	15.596	27.851	454.105695454545	0	55	2
2024	74	20.686625	16.635	26.527	326.482590909091	0	55	2
2024	75	20.3200625	15.358	26.028	367.024609523809	0	55	2
2024	76	20.5602291666667	14.77	26.782	446.976795238095	0	55	2
2024	77	22.1367083333333	15.515	29.486	377.601736363636	0	55	2
2024	78	21.85325	16.881	27.715	393.5065	0	55	2
2024	79	21.6567083333333	16.586	27.896	370.200143478261	0	55	2
2024	80	21.2271041666667	17.049	27.019	395.68125	0.4	55	2
2024	81	21.712625	16.728	27.925	411.729586363636	0.1	55	2
2024	82	22.2737083333333	16.561	28.805	446.893113636364	0	55	2
2024	83	20.8573958333333	16.189	27.551	243.771443181818	37.7	55	2
2024	84	20.5887916666667	16.531	26.684	356.458690454545	7.8	55	2
2024	85	20.4628958333333	15.283	27.478	447.622227142857	11.1	55	2
2024	86	21.111170212766	18.003	25.762	403.256380952381	0	55	2
2024	87	20.4258333333333	17.714	26.288	469.38371	0	55	2
2024	88	20.2695625	17.047	25.235	387.906319545455	0.1	55	2
2024	89	20.3267083333333	15.752	25.535	384.796918181818	3	55	2
2024	90	19.6996041666667	17.704	24.45	397.672542173913	2.2	55	2
2024	91	19.345375	16.365	23.474	361.348839130435	0	55	2
2024	92	19.6933125	16.655	24.313	411.351710869565	0.3	55	2
2024	93	20.2561666666667	17.374	24.641	404.502450454545	0	55	2
2024	94	20.3784375	16.211	25.5	389.476169565217	0	55	2
2024	95	20.2412083333333	17.333	25.287	408.25065	0	55	2
2024	96	20.980625	17.46	25.418	495.833464090909	0	55	2
2024	97	19.5633125	16.104	24.015	320.778247619048	0	55	2
2024	98	20.8881489361702	16.815	25.548	465.868713478261	0	55	2
2024	99	20.2167291666667	17.877	24.382	288.362395454545	0	55	2
2024	100	19.4699583333333	15.668	24.817	316.190986363636	0	55	2
2024	101	20.7173829787234	16.593	26.32	467.7169	0	55	2
2024	102	20.8168958333333	16.639	26.279	403.223831818182	0	55	2
2024	103	20.3699583333333	16.499	24.764	394.072195238095	0	55	2
2024	104	19.9788333333333	17.242	23.992	283.531050909091	0	55	2
2024	105	20.4253125	17.163	25.034	381.746166666667	0	55	2
2024	106	19.5896666666667	17.165	24.522	337.589352380952	0	55	2
2024	107	20.039125	16.624	24.465	380.129563636364	0	55	2
2024	108	20.4367708333333	17.298	25.279	457.111795238095	12.3	55	2
2024	109	20.7808541666667	17.978	25.291	387.171140909091	0	55	2
2024	110	19.9644583333333	16.989	24.118	261.470027272727	0	55	2
2024	111	20.0924166666667	16.146	25.003	409.861698636364	0	55	2
2024	112	19.1100425531915	16.827	24.052	261.240440909091	0	55	2
2024	113	19.8986458333333	16.835	24.627	393.135835	0.1	55	2
2024	114	20.2185208333333	17.921	24.132	287.861675238095	0	55	2
2024	115	20.0127083333333	17.38	24.687	397.841058636364	0	55	2
2024	116	19.2144166666667	17.838	24.043	248.921133333333	24.9	55	2
2024	117	18.3502916666667	16.253	22.653	322.38008047619	31.8	55	2
2024	118	19.747375	17.01	24.009	363.683796363636	0.6	55	2
2024	119	19.5173125	17.464	22.631	322.68029047619	0.3	55	2
2024	120	18.9767083333333	16.257	24.895	308.597197619048	61.1	55	2
2024	121	20.465	17.013	26.243	370.883980454545	4.8	55	2
2024	122	19.776625	17.338	24.714	313.36276	33.6	55	2
2024	123	19.3666041666667	17.605	24.774	220.983165909091	6.1	55	2
2024	124	20.2574166666667	17.517	23.667	250.3533	11	55	2
2024	125	18.930125	16.816	23.298	199.333647619048	43	55	2
2024	126	19.8105833333333	16.73	25.594	355.03268047619	0.3	55	2
2024	127	18.5736041666667	15.885	22.234	194.621394545455	26.6	55	2
2024	128	18.9358125	16.701	22.759	265.869528181818	3.2	55	2
2024	129	18.6087916666667	16.652	22.637	272.4228	1.5	55	2
2024	130	18.2925	15.704	21.964	221.208736086957	0.2	55	2
2024	131	18.4341458333333	16.26	22.175	245.47311	0.9	55	2
*	*	tavg	tmin	tmax	grad	prec	rh	wind
2018	208	18.93	14.78	24.08	314.83	1.72	55	2
2018	209	18.93	14.78	24.08	314.83	1.72	55	2
2018	210	18.93	14.78	24.08	314.83	1.72	55	2
2018	211	16.6	15.06	23.09	314.83	55.62	55	2
2018	212	16.77	13.75	20.4	256.94	0	55	2
2018	213	17.61	14.08	23.6	276.25	0	55	2
2018	214	17.15	11.43	24.45	370.21	0	55	2
2018	215	16.59	11.45	23.44	418.89	0	55	2
2018	216	15.9	11.46	21.9	229.4	0	55	2
2018	217	15.41	12.37	19.38	129.79	0	55	2
2018	218	16.55	11.15	22.11	335.6	0	55	2
2018	219	16.84	10.31	23.81	393.76	0	55	2
2018	220	17.32	10.45	24.61	358.97	0	55	2
2018	221	17.43	12.32	23.1	267.85	0	55	2
2018	222	16	11.45	21.38	279.77	0	55	2
2018	223	16.26	13.13	21.55	267.28	0	55	2
2018	224	16.09	12.1	20.98	300.57	0	55	2
2018	225	14.86	10.78	18.88	186.99	0	55	2
2018	226	16.17	10.4	22.59	362.45	0	55	2
2018	227	15.73	12.18	21.02	193.29	0	55	2
2018	228	14.76	10.47	19.42	191.7	0.1	55	2
2018	229	15.07	12.45	18.64	137.54	0	55	2
2018	230	15.17	11.67	19.21	193.86	0	55	2
2018	231	15.93	12.67	21.26	194.07	0	55	2
2018	232	15.73	11.44	21.28	264.54	0	55	2
2018	233	16.31	10.78	21.12	185.61	0	55	2
2018	234	17.06	10.96	24.12	296.86	0	55	2
2018	235	15.91	13.39	18.69	113.44	0	55	2
2018	236	17.29	12.49	23.06	215.29	0	55	2
2018	237	17.74	11.88	23.37	259.16	0	55	2
2018	238	17.09	14.4	22.17	179.34	0	55	2
2018	239	17.73	12.36	24.35	261.63	1.5	55	2
2018	240	15.93	14.09	18.77	90.39	0.1	55	2
2018	241	16.37	13.47	19.55	143.68	0	55	2
2018	242	16.82	12.71	21.06	211.61	0	55	2
2018	243	16.56	13.2	20.14	201.46	0	55	2
2018	244	15.47	11.77	19.59	120.08	0	55	2
2018	245	16.34	13.18	21.05	108.2	0	55	2
2018	246	16.62	10.71	22.47	210.51	0	55	2
2018	247	16.42	11.88	21.52	192.35	0	55	2
2018	248	18.1	14.54	23.26	341.28	0	55	2
2018	249	17.83	13.62	23.34	294.5	0	55	2
2018	250	17.77	12.83	23.71	399.68	0	55	2
2018	251	17.86	11.99	23.8	348.42	0	55	2
2018	252	18.95	11.89	26.47	388.1	0	55	2
2018	253	20.02	14.37	26.75	362.86	0	55	2
2018	254	19.08	14.84	24.56	375.28	0	55	2
2018	255	18.01	11.4	24.92	382.86	0	55	2
2018	256	18.9	13.46	25.21	381.15	0	55	2
2018	257	19.74	13.81	25.91	344.46	0	55	2
2018	258	18.99	11.42	26.66	390.95	0	55	2
2018	259	19.42	11.63	26.66	386.21	0	55	2
2018	260	19.04	11.43	26.8	343.9	0	55	2
2018	261	17.96	11.56	25.69	367.38	0	55	2
2018	262	17.7	12.25	24.73	302.25	0	55	2
2018	263	19.23	12.66	26.44	402.75	0	55	2
2018	264	19.45	14.45	26.2	375.51	0	55	2
2018	265	18.16	13.01	23.56	276.9	0	55	2
2018	266	18.54	13	24.95	348.03	0	55	2
2018	267	17.97	10.74	25.28	390.05	0	55	2
2018	268	19.07	13.96	24.87	307.7	0	55	2
2018	269	19.44	12.78	26.23	338.76	0	55	2
2018	270	18.55	14.65	22.86	262.62	0	55	2
2018	271	19.11	15.23	24.79	325.26	0	55	2
2018	272	19.34	13.57	26.13	340.5	0	55	2
2018	273	19.39	13.99	25.7	427.6	0	55	2
2018	274	17.9	10.42	24.28	386.57	0	55	2
2018	275	17.91	12.04	24.29	294.81	0	55	2
2018	276	19.27	13.9	26.01	413.41	0	55	2
2018	277	18.69	14.18	24.05	302.87	0	55	2
2018	278	19	13.03	25.49	363.15	0	55	2
2018	279	20.11	15.16	27	385.89	0	55	2
2018	280	19.04	14.53	26.46	290.14	9.9	55	2
2018	281	18.55	12.95	24.16	240.49	0.8	55	2
2018	282	18.75	13.47	23.91	311.96	0	55	2
2018	283	18.24	11.88	24.24	315.37	0	55	2
2018	284	19.1	13.37	25.09	377.15	0	55	2
2018	285	19.43	12.16	27.16	366.53	0	55	2
2018	286	20.2	15.51	26.89	293.92	0	55	2
2018	287	19.65	13.54	27.37	321.8	0	55	2
2018	288	20.14	14.71	26.35	314.3	0	55	2
2018	289	19.71	14.4	26.68	341.22	0	55	2
2018	290	20.39	15.48	26.25	376.21	0	55	2
2018	291	20.39	15.87	26.02	379.61	0	55	2
2018	292	20.31	15.81	26.36	397.83	0	55	2
2018	293	20.49	14.78	26.48	391.04	0	55	2
2018	294	20.02	14.68	25.48	360.18	0	55	2
2018	295	18.92	13.1	24.48	374.51	0	55	2
2018	296	16.42	14.08	19.6	163.05	3.47	55	2
2018	297	16.35	14.69	20.04	153.87	0.2	55	2
2018	298	16.83	14.17	20.52	222.11	1.77	55	2
2018	299	17.71	13.7	22.47	223.85	0	55	2
2018	300	17.7	14.69	22.5	294.16	5.41	55	2
2018	301	18.28	15.04	23.01	309.42	0	55	2
2018	302	19.17	15.27	24.55	351.5	0.7	55	2
2018	303	19.89	15.03	25.79	322.87	0	55	2
2018	304	20.03	14.3	26.13	403.31	0	55	2
2018	305	19.99	15.47	25.36	316.21	0	55	2
2018	306	19.37	16.13	24.78	383.44	7.9	55	2
2018	307	19.21	16.09	23.98	393.38	0	55	2
2018	308	19.08	13.71	24.8	369.02	0	55	2
2018	309	19.44	11.7	25.56	432.47	0	55	2
2018	310	19.74	14.41	26.24	383.09	0	55	2
2018	311	20.32	14.14	27.57	406.81	0	55	2
2018	312	20.67	13.74	27.57	379.04	0	55	2
2018	313	19.87	14.81	26.38	219.56	0	55	2
2018	314	20.48	16.14	26.03	328.17	0	55	2
2018	315	19.61	14.55	25.78	380.24	0.2	55	2
2018	316	20.24	15.57	26.12	397.15	0.1	55	2
2018	317	19.54	16.05	24.82	315.32	0	55	2
2018	318	19.49	14.22	25.02	377.69	0	55	2
2018	319	20.39	14.1	26.93	415.72	0	55	2
2018	320	20.68	12.65	27.66	399.72	0	55	2
2018	321	19.15	15.92	25.36	227.87	0.1	55	2
2018	322	20.25	14.31	26.69	398.8	0	55	2
2018	323	19.77	14.5	25.3	369.3	20.5	55	2
2018	324	19.19	15.69	23.1	335.81	16.58	55	2
2018	325	18.36	15.97	23.18	250.84	20.7	55	2
2018	326	19.18	15.47	24.07	315.27	0	55	2
2018	327	19.53	14.45	24.87	413.16	0	55	2
2018	328	18.93	15.54	23.66	343.05	0	55	2
2018	329	18.58	15.5	23.29	404.82	4.49	55	2
2018	330	17.72	14.97	22.08	340.87	32.53	55	2
2018	331	18.73	14.89	23.52	389.35	1.02	55	2
2018	332	19.07	15.64	23.53	362.12	0	55	2
2018	333	18.22	15.77	22.2	346.84	12.3	55	2
2018	334	18.6	15.89	22.8	381.4	2.4	55	2
2018	335	17.46	15.31	21.46	315.23	2.8	55	2
2018	336	18.07	14.47	22.93	345.04	0	55	2
2018	337	18.74	15.35	23.64	417.43	0	55	2
2018	338	18.14	15.39	23.18	365.68	14.9	55	2
2018	339	18.33	15.75	23.16	377.03	18.1	55	2
2018	340	19.59	15.82	24.58	449.29	1.9	55	2
2018	341	19.61	16.37	24.04	461.93	0	55	2
2018	342	17.98	14.3	22.32	318.92	29.6	55	2
2018	343	19.39	16.28	23.75	435.35	0.6	55	2
2018	344	18.07	15.6	22.15	245.69	2.8	55	2
2018	345	17.23	14.44	21.16	260.87	23.49	55	2
2018	346	19.3	14.58	24.57	413.87	0	55	2
2018	347	18.55	14.4	22.86	405.65	2.9	55	2
2018	348	18.48	15.39	23.26	448.86	18.26	55	2
2018	349	17.68	15.29	22.32	353.04	24.7	55	2
2018	350	18.07	13.16	22.97	446.13	0.1	55	2
2018	351	18.6	14.25	23.53	472.09	0	55	2
2018	352	19.19	14.38	24.29	459.03	0	55	2
2018	353	19.19	16.48	23.37	278.22	1.3	55	2
2018	354	18.71	15.5	23.56	367.87	0	55	2
2018	355	18.15	13.4	23.73	344.3	0	55	2
2018	356	18.84	14.16	24.48	384.57	0	55	2
2018	357	19.04	14.56	24.14	457.5	0	55	2
2018	358	18.27	14.18	23.31	420.96	0	55	2
2018	359	18.4	13.73	23.94	399.99	0	55	2
2018	360	18.25	14.04	22.74	413.96	0	55	2
2018	361	18.44	15.12	23.32	403.55	0	55	2
2018	362	18.67	13.86	24.89	445.89	0	55	2
2018	363	19.29	14.46	25.22	444.74	0	55	2
2018	364	19.29	15.61	24.64	402.79	0.1	55	2
2018	365	18.67	14.93	23.53	404.13	0	55	2
2019	1	18.09	12.83	24.2	382.89	0	55	2
2019	2	18.99	12.82	24.75	430.36	0	55	2
2019	3	19.15	14.07	24.68	446.47	0	55	2
2019	4	17.56	14.63	22	297.77	7.7	55	2
2019	5	18.12	15.54	21.81	347.24	1.5	55	2
2019	6	18.85	14.89	24.31	454.24	0	55	2
2019	7	19.42	13.92	24.92	453.72	0	55	2
2019	8	16.29	15.98	16.77	314.83	0	55	2
2019	9	18.93	14.78	24.08	314.83	1.72	55	2
2019	10	21.88	18.88	24.35	417.75	0	55	2
2019	11	19.72	15.9	24.62	360.29	0.2	55	2
2019	12	18.57	14.04	24.13	407.69	0	55	2
2019	13	15.86	15.86	15.86	314.83	0	55	2
2019	14	18.93	14.78	24.08	314.83	1.72	55	2
2019	15	18.93	14.78	24.08	314.83	1.72	55	2
2019	16	18.93	14.78	24.08	314.83	1.72	55	2
2019	17	18.93	14.78	24.08	314.83	1.72	55	2
2019	18	18.93	14.78	24.08	314.83	1.72	55	2
2019	19	18.93	14.78	24.08	314.83	1.72	55	2
2019	20	18.93	14.78	24.08	314.83	1.72	55	2
2019	21	18.93	14.78	24.08	314.83	1.72	55	2
2019	22	18.93	14.78	24.08	314.83	1.72	55	2
2019	23	18.93	14.78	24.08	314.83	1.72	55	2
2019	24	18.93	14.78	24.08	314.83	1.72	55	2
2019	25	18.93	14.78	24.08	314.83	1.72	55	2
2019	26	18.93	14.78	24.08	314.83	1.72	55	2
2019	27	18.93	14.78	24.08	314.83	1.72	55	2
2019	28	18.93	14.78	24.08	314.83	1.72	55	2
2019	29	18.93	14.78	24.08	314.83	1.72	55	2
2019	30	18.93	14.78	24.08	314.83	1.72	55	2
2019	31	18.93	14.78	24.08	314.83	1.72	55	2
2019	32	22.63	17.96	26.57	452.51	0	55	2
2019	33	20.53	12.89	28.07	425.11	0	55	2
2019	34	16.58	13.78	23.03	179.79	0	55	2
2019	35	18.93	14.78	24.08	314.83	1.72	55	2
2019	36	18.93	14.78	24.08	314.83	1.72	55	2
2019	37	18.93	14.78	24.08	314.83	1.72	55	2
2019	38	18.93	14.78	24.08	314.83	1.72	55	2
2019	39	18.93	14.78	24.08	314.83	1.72	55	2
2019	40	18.93	14.78	24.08	314.83	1.72	55	2
2019	41	21.52	16.9	25.44	433.52	0	55	2
2019	42	20.07	13.71	27.33	423.16	0	55	2
2019	43	19.55	13.42	26.11	421.27	0	55	2
2019	44	19.03	13.44	26.08	421.52	0	55	2
2019	45	19.58	14.34	25.68	391.37	0	55	2
2019	46	21.04	14.82	27.39	401.35	0	55	2
2019	47	21.28	17.33	26.89	330.92	0	55	2
2019	48	21.53	16.73	26.84	361.47	0	55	2
2019	49	21.98	14.02	29.49	419.62	0	55	2
2019	50	21.96	15.24	29.6	395.61	0	55	2
2019	51	21.36	16.15	27.52	433.98	0	55	2
2019	52	20.45	16.33	25.87	403.07	3.7	55	2
2019	53	20.39	15.57	26.48	422.97	0	55	2
2019	54	20.63	15.6	27.71	372.27	0.6	55	2
2019	55	20.4	15.79	27.76	330.13	0	55	2
2019	56	21.19	15.91	27.88	392.57	1.7	55	2
2019	57	21.65	14.89	28.85	446.15	0	55	2
2019	58	21.04	13.94	27.47	429.46	0	55	2
2019	59	21.37	13.54	28.47	438.6	0	55	2
2019	60	22.64	13.59	30.69	430.31	0	55	2
2019	61	22.72	15.86	29.74	204.26	0	55	2
2019	62	22.98	16.43	30.63	381	0.6	55	2
2019	63	21.09	15.58	27.9	348.69	5.1	55	2
2019	64	20.78	15.75	26.9	444.39	21.9	55	2
2019	65	21.63	14.55	28.62	484.64	0	55	2
2019	66	22.19	15.63	29.16	470.57	0	55	2
2019	67	22.11	14.65	28.63	479.44	0	55	2
2019	68	21.25	15.03	27.9	451.69	0	55	2
2019	69	21.17	15.11	27.8	457.54	0	55	2
2019	70	20.9	13.91	27.46	425.21	0	55	2
2019	71	21.6	14.71	29	427.74	0	55	2
2019	72	21.42	14.9	28.32	412.15	0	55	2
2019	73	19.82	15.38	25.89	417.68	0	55	2
2019	74	20.6	14.82	26.72	453.15	0	55	2
2019	75	20.71	15.08	26.86	386.27	0	55	2
2019	76	20.72	14.79	28.05	510.68	0	55	2
2019	77	18.93	14.78	24.08	314.83	1.72	55	2
2019	78	18.93	14.78	24.08	314.83	1.72	55	2
2019	79	18.93	14.78	24.08	314.83	1.72	55	2
2019	80	18.93	14.78	24.08	314.83	1.72	55	2
2019	81	18.93	14.78	24.08	314.83	1.72	55	2
2019	82	23.62	18.95	27.31	440.02	0	55	2
2019	83	21.34	16.18	27.52	370.37	0	55	2
2019	84	21.87	14.94	29.24	400.42	0	55	2
2019	85	22.6	15.76	30.18	397.29	0	55	2
2019	86	22.12	16.25	28.07	379.65	0	55	2
2019	87	21.24	15.86	27.26	375.7	0	55	2
2019	88	22.06	16.53	28.38	350.25	0	55	2
2019	89	22.1	16.45	27.58	336.73	4.7	55	2
2019	90	22	15.7	28.75	397.86	0.1	55	2
2019	91	21.96	16.23	28.24	386.57	0	55	2
2019	92	22.16	16.71	28.48	387.74	0	55	2
2019	93	22.42	16.14	28.6	405.31	0	55	2
2019	94	21.67	16.93	27.45	348.15	0	55	2
2019	95	21.3	16.46	26.72	311.94	0	55	2
2019	96	21.26	15.94	27.21	340.13	0	55	2
2019	97	21.54	16.3	27.53	380.67	0	55	2
2019	98	22.08	15.12	29.02	433.56	0	55	2
2019	99	18.68	17.78	19.79	314.83	0	55	2
2019	100	18.93	14.78	24.08	314.83	1.72	55	2
2019	101	18.93	14.78	24.08	314.83	1.72	55	2
2019	102	18.93	14.78	24.08	314.83	1.72	55	2
2019	103	18.93	14.78	24.08	314.83	1.72	55	2
2019	104	18.93	14.78	24.08	314.83	1.72	55	2
2019	105	18.93	14.78	24.08	314.83	1.72	55	2
2019	106	18.93	14.78	24.08	314.83	1.72	55	2
2019	107	24.38	20.09	28.4	255.72	0	55	2
2019	108	22.11	15.59	28.47	305.38	0	55	2
2019	109	22.12	16.34	28.11	304.27	0	55	2
2019	110	22.54	16.67	28.87	267.05	0	55	2
2019	111	21.69	16.65	28.78	256.67	0.9	55	2
2019	112	20.99	16.4	26.62	254.24	7.4	55	2
2019	113	19.96	17.53	24.4	159.98	6.5	55	2
2019	114	19.86	15.88	26.74	351.42	29	55	2
2019	115	20	17.28	24.69	191.9	0	55	2
2019	116	20.13	16.78	24.42	372.53	11.2	55	2
2019	117	19.93	15.21	25.02	334.21	19.71	55	2
2019	118	20.52	16.44	26.21	440.95	0	55	2
2019	119	20.56	16.43	25.09	391.88	0.8	55	2
2019	120	19.64	16.1	24.67	352.33	1.2	55	2
2019	121	20.02	16.1	25.73	430.25	0	55	2
2019	122	20.34	15.33	26.28	422.02	0	55	2
2019	123	20.26	16.68	24.94	313.68	0	55	2
2019	124	19.65	16.25	23.98	281.23	0	55	2
2019	125	19.99	16.26	25.28	320.52	0	55	2
2019	126	19.81	16.16	24.77	372.3	1.6	55	2
2019	127	19.74	15.95	25.12	353.41	0	55	2
2019	128	20.2	16.09	24.85	349.12	0	55	2
2019	129	19.66	15.22	24.5	308.71	0	55	2
2019	130	19.63	16.08	24.92	271.54	0	55	2
2019	131	19.5	15.7	24.83	311.76	0	55	2
2019	132	19.38	16.02	24.63	289.69	0.2	55	2
2019	133	19.59	14.75	24.37	277.79	0	55	2
2019	134	19.57	15.62	24.86	304.15	0	55	2
2019	135	20.15	15.52	25.83	358.4	0	55	2
2019	136	19.67	14.88	24.33	277.47	0	55	2
2019	137	19.62	14.87	24.8	263.57	0	55	2
2019	138	18.57	16.31	22.29	268.17	10.7	55	2
2019	139	17.69	15.03	20.46	200.98	0	55	2
2019	140	18.5	14.18	22.36	264.59	0	55	2
2019	141	18.89	14.07	24.23	320	0	55	2
2019	142	18.84	14.79	24.05	226.1	0	55	2
2019	143	18.54	15.49	22.67	282.26	0	55	2
2019	144	18.02	14.76	23.12	340.41	0	55	2
2019	145	17.95	15.73	21.96	233.68	0	55	2
2019	146	17.69	15.52	21.09	211.7	3	55	2
2019	147	18.18	15.76	22.11	251.02	0	55	2
2019	148	17.93	14.36	21.84	201.51	0	55	2
2019	149	18.45	15.47	22.57	259.82	0	55	2
2019	150	18.98	13.86	24.03	343.84	0	55	2
2019	151	18.74	14.86	23.74	203.36	0	55	2
2019	152	19.36	15.9	26.37	332.48	0	55	2
2019	153	18.3	15.86	25.48	296.98	23.37	55	2
2019	154	18.79	15.86	23.39	319.46	0	55	2
2019	155	18.12	14.67	22.13	243.64	0	55	2
2019	156	16.84	15.01	19.19	118.16	0	55	2
2019	157	17.27	14.15	21.34	222.71	23.8	55	2
2019	158	17.88	14.75	21.6	247.63	0	55	2
2019	159	18.53	14.92	23.31	307.51	0	55	2
2019	160	16.81	15.65	18.91	88.11	0.6	55	2
2019	161	16.02	14.19	18.7	106.72	0	55	2
2019	162	17.12	13.54	20.82	212.6	0	55	2
2019	163	17.67	14.32	20.69	150.08	0	55	2
2019	164	18.31	14.85	22.75	260.22	0	55	2
2019	165	17.51	14.36	21.77	228.41	0	55	2
2019	166	16.85	13.84	20.65	210.67	0	55	2
2019	167	17.9	13.41	23.5	287.13	0	55	2
2019	168	17.89	11.91	23.72	354.22	0	55	2
2019	169	16.99	12.83	21.42	185.43	0	55	2
2019	170	18.41	13.15	24.45	306.49	0	55	2
2019	171	18.09	13.8	22.92	257.47	0	55	2
2019	172	16.28	13.91	18.74	115.72	0	55	2
2019	173	18.07	13.93	23.24	289.99	0	55	2
2019	174	18.56	14.17	25.27	347.62	0.2	55	2
2019	175	18.71	14.17	24.32	234.05	0	55	2
2019	176	17.19	13.19	20.82	171.41	0	55	2
2019	177	17.54	14.61	22.73	168.89	0	55	2
2019	178	17.66	13.55	22.06	171.55	0	55	2
2019	179	16.94	13.95	21.81	209.48	0	55	2
2019	180	17.74	11.85	24.73	376.87	0	55	2
2019	181	17.93	11.47	24.61	293.81	0	55	2
2019	182	18.81	13.31	24.6	355.33	0	55	2
2019	183	18.68	12.96	24.5	302.97	0	55	2
2019	184	17.95	14.3	21.36	151.54	0	55	2
2019	185	17.9	12.35	23.86	300.31	0	55	2
2019	186	18.42	12.86	24.56	303.34	0	55	2
2019	187	17.87	14.63	22.66	221.02	0	55	2
2019	188	17.85	13.7	23.31	210.01	0	55	2
2019	189	18.44	12.39	24.56	293.68	0	55	2
2019	190	18.78	12.94	24.98	334.15	0	55	2
2019	191	18.36	12.39	24.25	254.04	0	55	2
2019	192	18.57	13.6	23.86	284.97	0	55	2
2019	193	19.03	13.91	24.83	324.99	0	55	2
2019	194	17.2	12.31	22.17	167.08	0	55	2
2019	195	17.31	11.73	22.82	244.39	0	55	2
2019	196	17.34	12.64	22.77	219.16	0	55	2
2019	197	16.33	12.08	20.61	192.51	0	55	2
2019	198	16.31	13.61	20.22	152.09	0	55	2
2019	199	17.26	12.94	22.71	337.88	0.8	55	2
2019	200	17.01	13.63	21.97	248.29	0	55	2
2019	201	16.91	13.07	22.83	187.85	0	55	2
2019	202	18.76	11.56	25.88	320.47	0	55	2
2019	203	17.12	13.12	23.38	201.97	0	55	2
2019	204	17.71	10.84	25.25	331.39	0	55	2
2019	205	17.7	11.23	24.66	282.07	0	55	2
2019	206	18.25	11.51	25.81	356.65	0	55	2
2019	207	17.23	12.01	24.51	344.37	0	55	2
2019	208	16.37	10.47	23.42	277.17	0	55	2
2019	209	16.86	11.64	22.32	223.75	0	55	2
2019	210	17.92	12.38	22.83	252.05	0	55	2
2019	211	16.95	13.02	20.8	139.87	0	55	2
2019	212	17.85	14.64	22.22	137.04	5.5	55	2
2019	213	19.04	13.92	25.13	337.48	0	55	2
2019	214	17.43	11.77	23.22	242.46	0	55	2
2019	215	17.74	13.27	22.95	386.33	2.24	55	2
2019	216	17.64	11.11	24.33	401.78	0	55	2
2019	217	18.25	11.2	25.79	379.67	0	55	2
2019	218	19.24	10.89	27.05	347.98	0	55	2
2019	219	18.79	15.69	23.92	276.47	0	55	2
2019	220	18.2	13.84	23.44	336.18	0	55	2
2019	221	17.18	11.21	22.86	342.07	0	55	2
2019	222	17.02	11.51	22.78	255.15	0	55	2
2019	223	16.22	13.92	20.35	164.02	0	55	2
2019	224	16.57	11.91	22.01	293.3	0	55	2
2019	225	17.53	13.12	24.09	316.05	0	55	2
2019	226	16.61	13.48	20.82	164.39	0	55	2
2019	227	16.27	10.48	21.53	198.76	0	55	2
2019	228	16.83	13.06	20.04	168.04	0	55	2
2019	229	16.87	10.76	21.79	204.02	0	55	2
2019	230	17.39	13.13	22.2	215.61	0	55	2
2019	231	15.55	12.98	18.9	115.76	0	55	2
2019	232	16.64	11.71	22.91	232.34	0	55	2
2019	233	17.54	12.73	23.05	279.89	0	55	2
2019	234	17.88	13.19	23.81	243.37	0	55	2
2019	235	19.08	14.36	25.12	376.06	0	55	2
2019	236	18.18	14.07	24.02	265.79	0	55	2
2019	237	18.12	13.09	23.77	366.24	0.6	55	2
2019	238	18.7	13.64	24.5	369.56	0	55	2
2019	239	18.86	14.11	24.05	221.6	0	55	2
2019	240	18.44	11.76	25.4	331.85	0	55	2
2019	241	18.78	13.52	23.91	229.72	0	55	2
2019	242	18.13	14.9	22.54	205.69	0	55	2
2019	243	18.5	14.33	25.01	216.46	10.8	55	2
2019	244	17.97	14.87	27.12	390.47	31.2	55	2
2019	245	17.39	13.12	22.63	341.16	0	55	2
2019	246	17.63	14.82	22.54	195.14	0	55	2
2019	247	17.57	12.92	22.5	256.83	0	55	2
2019	248	17.44	13.29	22.02	196.91	0	55	2
2019	249	18.52	12.92	24.57	367.69	0	55	2
2019	250	17.65	15.03	22.1	185.51	0	55	2
2019	251	16.47	12.95	20.12	156.38	0	55	2
2019	252	18.15	12.92	23.88	299.37	0	55	2
2019	253	18	14.77	23.35	211	0.2	55	2
2019	254	18.26	14.4	23.63	293.75	0.31	55	2
2019	255	18.97	13.41	24.95	380.47	0	55	2
2019	256	18.79	12.07	25.68	386.65	0	55	2
2019	257	19.18	12.88	26.26	395.15	0	55	2
2019	258	19.37	14.21	26.28	373.74	0	55	2
2019	259	18.66	13.12	24.72	387.26	0	55	2
2019	260	18.6	11.74	25.31	380.36	0	55	2
2019	261	19.36	12.84	26.39	307.46	0	55	2
2019	262	18.32	11.52	25.06	421.34	0	55	2
2019	263	18.3	10.69	24.81	376.58	0	55	2
2019	264	18.68	11.87	25.46	344.21	0	55	2
2019	265	18.64	12.03	25.7	391.02	0	55	2
2019	266	18.72	12.85	25.54	329.79	0	55	2
2019	267	18.01	14.36	22.41	252.72	0	55	2
2019	268	15.53	13.33	20.49	214.45	0	55	2
2019	269	18.93	14.78	24.08	314.83	1.72	55	2
2019	270	18.91	14.87	23.32	165.82	0	55	2
2019	271	19.98	13.26	26.78	380.22	0	55	2
2019	272	19.86	12.87	27.43	399.6	0	55	2
2019	273	20.83	13.8	27.98	385.93	0	55	2
2019	274	19.33	15.2	26.67	285.42	2.5	55	2
2019	275	18.41	13.74	24.03	310.27	0	55	2
2019	276	19.55	15.95	25.07	329.85	0	55	2
2019	277	18.79	14.17	23.39	345.47	0	55	2
2019	278	18.25	14.72	23.56	200.92	0.41	55	2
2019	279	17.18	14.37	21.73	268.66	0	55	2
2019	280	18.49	13.03	23.96	424.08	0	55	2
2019	281	19.44	12.55	25.73	450.27	0	55	2
2019	282	19.36	16.02	24.8	352.41	3.8	55	2
2019	283	17.87	14.14	23.07	293.4	0.3	55	2
2019	284	17.84	15.21	22.08	255.47	0	55	2
2019	285	17.5	15.04	21.4	355.59	0	55	2
2019	286	17.52	15.22	21.51	315.38	0	55	2
2019	287	17.79	15.13	21.2	254.73	0	55	2
2019	288	19	15.35	23.62	404.73	0	55	2
2019	289	19.22	14.01	25.17	462.02	0	55	2
2019	290	17.64	15.63	20.59	263.21	55.1	55	2
2019	291	17.36	15.41	20.65	217.49	7.9	55	2
2019	292	18.01	15.58	21.68	248.82	11.3	55	2
2019	293	18.97	15.34	23.73	467.04	0.41	55	2
2019	294	19.21	15.34	24.28	397.4	0	55	2
2019	295	19.52	14.68	25.01	394.09	0.9	55	2
2019	296	19.33	15.77	24.13	440.58	2.3	55	2
2019	297	18.17	15.07	22.69	329.4	24.9	55	2
2019	298	18.28	15.42	22.58	379.64	12.5	55	2
2019	299	18.51	15.63	22.27	444.31	4.2	55	2
2019	300	19.39	15.03	23.96	438.4	0.1	55	2
2019	301	19.24	15.72	24.01	431.63	0	55	2
2019	302	19.29	15.58	24.84	373.55	0	55	2
2019	303	18.53	15.56	23.05	341.59	2.86	55	2
2019	304	18.49	15.22	22.93	338.26	1.3	55	2
2019	305	18.4	14.89	23.32	445.5	0	55	2
2019	306	18.24	14.25	22.92	380.73	0	55	2
2019	307	18.16	13.89	24.39	430.84	0	55	2
2019	308	18.34	14.16	23.7	475.46	0	55	2
2019	309	18.66	14.52	23.76	434.75	0	55	2
2019	310	19.62	15.19	24.96	474.48	0	55	2
2019	311	19.44	16.05	24.72	379.46	0	55	2
2019	312	19.06	16.04	23.76	440.61	0	55	2
2019	313	18.92	13.93	23.98	402.85	0	55	2
2019	314	19.01	15.81	23.62	364.35	0	55	2
2019	315	19.14	15.98	23.86	397.21	0	55	2
2019	316	18.77	16.06	22.7	346.47	0	55	2
2019	317	18.1	15.58	22.25	284.53	0	55	2
2019	318	17.96	15.52	22.28	325.46	0	55	2
2019	319	16.53	16.53	16.53	314.83	0	55	2
2019	320	19.81	16.03	23.91	467.3	0	55	2
2019	321	19.01	14.29	24.06	435.7	0	55	2
2019	322	19.26	15.26	24.25	427.68	0	55	2
2019	323	19.23	15.86	24	393.95	0	55	2
2019	324	18.87	15.26	24.86	438.37	0	55	2
2019	325	19.87	16.63	24.89	393.4	0	55	2
2019	326	19.69	15.39	24.42	497.32	0	55	2
2019	327	17.72	15.47	20.76	252.33	0	55	2
2019	328	18.25	14.93	23.51	294.83	0	55	2
2019	329	17.47	15.09	22.91	333.9	0	55	2
2019	330	17.73	15.01	21.99	324.17	0	55	2
2019	331	18.95	15.62	23.39	467.25	0	55	2
2019	332	18.36	14.34	23.18	448.16	0	55	2
2019	333	18.62	14.36	24.03	347.61	0	55	2
2019	334	18.09	15.94	22.55	269.29	0	55	2
2019	335	18.03	15.75	22.07	417.38	0	55	2
2019	336	18.18	15.73	22.36	251.09	0	55	2
2019	337	18.5	15.93	23.08	319.46	0.7	55	2
2019	338	19.32	15.67	24.27	409.59	1.9	55	2
2019	339	18.13	15.01	22.24	241.34	0	55	2
2019	340	18.97	15.28	23.36	370.43	0	55	2
2019	341	18.55	16.05	21.78	211.11	0	55	2
2019	342	18.45	14.91	23.41	298.76	0	55	2
2019	343	18.62	16.07	23.39	243.02	0	55	2
2019	344	17.65	16.34	20.49	253.04	0	55	2
2019	345	18.11	15.52	22.71	389.31	0	55	2
2019	346	18.21	14.16	23.7	467.72	0	55	2
2019	347	18.85	14.95	23.97	481.55	0	55	2
2019	348	18.15	14.92	22.63	367.68	3.7	55	2
2019	349	18.22	15.09	22.95	315.58	5.1	55	2
2019	350	18.74	15.02	23.64	421.85	0.6	55	2
2019	351	18.58	15.31	23.33	332.73	0	55	2
2019	352	19.04	15.82	23.61	448.48	0	55	2
2019	353	18.14	13.6	23.35	462	0	55	2
2019	354	18.52	13.56	23.94	454.48	0	55	2
2019	355	18.38	14.96	23.58	296.2	3.1	55	2
2019	356	18.21	15.16	22.45	310.19	0	55	2
2019	357	18.85	15.22	23.57	404.09	7.2	55	2
2019	358	19.06	15.76	22.86	280.38	0.1	55	2
2019	359	19.35	15.19	23.96	392.78	5.1	55	2
2019	360	18.84	14.18	24.07	409.3	14.3	55	2
2019	361	20.03	16.84	25.15	378.52	36.7	55	2
2019	362	19.24	16.7	24.57	354.09	16.4	55	2
2019	363	19.78	17.05	23.96	355.18	0.2	55	2
2019	364	18.69	14.02	23.16	439.38	0	55	2
2019	365	18.53	14.56	23.5	428.51	0	55	2
2020	1	18.87	14.27	24.06	469.53	0	55	2
2020	2	18.6	15.09	24.2	445.12	0	55	2
2020	3	18.87	14.79	23.39	376.67	0.01	55	2
2020	4	18.35	14.91	22.96	394.63	0	55	2
2020	5	19.06	13.76	24.8	461.12	0	55	2
2020	6	19.73	16.04	25.18	427.26	0.11	55	2
2020	7	18.65	16.18	22.58	324.78	0.04	55	2
2020	8	17.85	15.51	21.77	286.96	0.12	55	2
2020	9	18.29	14.92	23.68	342.42	0.03	55	2
2020	10	19.33	15.43	25.04	406.3	0	55	2
2020	11	19.79	14.86	25.57	437.53	0	55	2
2020	12	19.92	15.97	26.22	491.23	0	55	2
2020	13	18.14	15.62	23.12	290.94	0.17	55	2
2020	14	19.17	15.59	23.34	401.38	0	55	2
2020	15	19.66	16.05	24.3	473.97	0	55	2
2020	16	19.26	15.72	23.54	355.04	0	55	2
2020	17	19.23	15.23	24.32	329.11	0	55	2
2020	18	19.7	15.63	25.21	479.84	0	55	2
2020	19	19.62	14.57	25.27	393.97	0	55	2
2020	20	19.77	14.66	25.74	458.69	0	55	2
2020	21	19.97	15.24	25.14	396.49	0	55	2
2020	22	19.73	16.27	23.65	330.99	0	55	2
2020	23	19.23	16.72	23.31	318.2	0	55	2
2020	24	18.93	16.77	22.39	210.71	0	55	2
2020	25	18.92	16.13	23.47	296.29	0	55	2
2020	26	18.22	16.01	21.8	276.24	0.17	55	2
2020	27	18.12	15.76	21.76	282.48	0.03	55	2
2020	28	17.49	15.28	20.93	257.55	0.18	55	2
2020	29	18.97	15.65	23.87	461.04	0	55	2
2020	30	19.13	16.02	23.8	443.8	0	55	2
2020	31	19.57	15.45	24.69	377.76	0	55	2
2020	32	18.54	15.06	23.73	363.93	93.1	55	2
2020	33	18.6	15.45	24.21	355.74	0	55	2
2020	34	18.98	15.14	24.18	447.03	0	55	2
2020	35	19	14.47	24	419.05	0	55	2
2020	36	18.62	13.05	23.96	459.94	0	55	2
2020	37	18.63	14.81	24.55	487.28	0	55	2
2020	38	19.15	13.23	25.6	518.24	0	55	2
2020	39	18.71	14.71	24.32	444.89	0	55	2
2020	40	18.43	14.38	24	469.73	0	55	2
2020	41	18.83	12.55	25.98	494.42	0	55	2
2020	42	20	12.81	27.74	490.81	0	55	2
2020	43	20.25	13.96	26.15	472.93	0	55	2
2020	44	19.63	15.65	24.61	402.75	0	55	2
2020	45	19.28	16.14	24.18	465.96	0	55	2
2020	46	18.36	15.79	23.66	325.99	0	55	2
2020	47	18.19	15.73	22.67	312.79	0	55	2
2020	48	19.41	15.51	24.99	466.85	0	55	2
2020	49	19.31	14.86	24.59	494.15	0	55	2
2020	50	19.72	16.24	25.13	464.39	0	55	2
2020	51	20.29	14.47	26.54	495.54	0	55	2
2020	52	20.38	15.67	26.27	454.61	0	55	2
2020	53	19.54	15.71	25.24	329.88	16.55	55	2
2020	54	19.7	16.55	24.63	340.45	1.45	55	2
2020	55	19.7	16.31	25.16	464.48	0.01	55	2
2020	56	20.61	14.28	27.14	448.61	0	55	2
2020	57	20.28	16.85	26.37	402.66	0	55	2
2020	58	19.76	15.89	25.47	461.75	0	55	2
2020	59	20.01	16.43	25.48	435.3	0	55	2
2020	60	20.47	14.51	26.99	354.41	0	55	2
2020	61	20.14	15.93	27.25	291.59	0.03	55	2
2020	62	18.85	15.83	25.19	350.66	22.43	55	2
2020	63	20.49	16.49	25.46	399.28	0	55	2
2020	64	20.53	16.73	26.12	429.64	0	55	2
2020	65	19.8	15.12	27.37	437.93	0.74	55	2
2020	66	20.34	15.4	26.9	471.3	0	55	2
2020	67	20.39	15.21	27.03	448.57	0	55	2
2020	68	19.97	16.25	25.24	479.28	0	55	2
2020	69	19.9	16.92	25.4	317.32	0	55	2
2020	70	20.26	16.56	25.56	461.44	0	55	2
2020	71	20.07	15.98	25.99	432.07	0	55	2
2020	72	19.85	16.71	25.09	345.83	0	55	2
2020	73	20.18	16.54	25.71	404.12	0	55	2
2020	74	19.38	14.63	25.86	362.45	0.01	55	2
2020	75	20.48	16.06	26.94	455.22	0	55	2
2020	76	20.82	15.91	28.21	434.75	0	55	2
2020	77	20.26	17.18	25.81	418.44	0	55	2
2020	78	20.14	16.06	25.72	407.62	0	55	2
2020	79	19.34	15.33	25.4	387.04	0.03	55	2
2020	80	19.81	15.53	26.22	434.78	0	55	2
2020	81	19.51	15.85	25.09	505.42	0.03	55	2
2020	82	19.57	15.35	25.1	462.21	0	55	2
2020	83	20.05	14.28	26.85	455.02	0	55	2
2020	84	20.23	15.97	26.7	343.99	0	55	2
2020	85	20.5	16.36	26.2	315.29	0	55	2
2020	86	19.99	15.44	26.75	286.62	0.32	55	2
2020	87	18.78	15.75	24.97	319.5	0.04	55	2
2020	88	19.73	16.34	24.86	271.81	0	55	2
2020	89	18.97	14.05	25.29	437.57	0.23	55	2
2020	90	19.92	15.37	25.89	437.07	0	55	2
2020	91	20.24	17.01	24.89	430.22	0	55	2
2020	92	20.12	15.33	25.56	438.76	0	55	2
2020	93	19.28	14.25	25	392.3	0	55	2
2020	94	19.62	16.52	24.58	426.88	0	55	2
2020	95	19.49	15.39	24.53	451.49	0	55	2
2020	96	19.65	15.37	25.35	410.32	0	55	2
2020	97	19.59	16.05	25.32	408.02	0	55	2
2020	98	19.49	17.26	23.81	305.61	0	55	2
2020	99	19.88	16.1	24.92	484.47	0	55	2
2020	100	19.44	14.56	25.31	375.02	0	55	2
2020	101	19.82	15.71	24.83	439.62	0	55	2
2020	102	19.84	14.45	26.31	431.69	0	55	2
2020	103	19.71	13.39	26.15	350.85	0	55	2
2020	104	19.84	16.24	24.76	232.22	0	55	2
2020	105	19.66	15.75	26.32	253.77	0	55	2
2020	106	19.55	15.93	26.53	372.36	0.1	55	2
2020	107	19.2	14.99	25.94	410.63	0	55	2
2020	108	19.35	14.96	25.09	119.55	0	55	2
2020	109	19.19	16.96	26	237.2	0.09	55	2
2020	110	18.53	15.63	22.94	280.19	0	55	2
2020	111	18.87	16.19	23.77	257.73	0.36	55	2
2020	112	18.71	15.45	24.2	345.28	2.18	55	2
2020	113	18.61	15.47	22.27	169.02	7.01	55	2
2020	114	16.82	15.37	19.12	134.64	191.91	55	2
2020	115	18.99	14.84	24.44	321.92	0	55	2
2020	116	18.38	14.91	22.32	271.42	11.13	55	2
2020	117	18.71	16.6	24.71	232.66	3.63	55	2
2020	118	18.41	13.85	22.36	306.33	0	55	2
2020	119	18.98	14.05	24.83	368.93	0	55	2
2020	120	19.31	16.56	23.75	221.08	0	55	2
2020	121	19.48	16.45	24.7	393.38	0	55	2
2020	122	18.96	15.79	24.42	357.86	0	55	2
2020	123	19	16.27	24.21	233.44	0	55	2
2020	124	19.32	16.45	24.31	306.17	0	55	2
2020	125	19.4	14.97	25	463.68	0	55	2
2020	126	19.36	15.02	24.46	348.49	0	55	2
2020	127	19.53	16.43	24.58	327.04	0	55	2
2020	128	18.48	16.11	21.77	197.42	0	55	2
2020	129	18.28	14.62	22.77	254.06	0	55	2
2020	130	17.98	16.38	21.01	226.79	0	55	2
2020	131	18.93	14.78	24.08	314.83	1.72	55	2
2020	132	18.93	14.78	24.08	314.83	1.72	55	2
2020	133	18.93	14.78	24.08	314.83	1.72	55	2
2020	134	18.93	14.78	24.08	314.83	1.72	55	2
2020	135	18.93	14.78	24.08	314.83	1.72	55	2
2020	136	18.93	14.78	24.08	314.83	1.72	55	2
2020	137	18.93	14.78	24.08	314.83	1.72	55	2
2020	138	18.93	14.78	24.08	314.83	1.72	55	2
2020	139	18.93	14.78	24.08	314.83	1.72	55	2
2020	140	18.93	14.78	24.08	314.83	1.72	55	2
2020	141	18.93	14.78	24.08	314.83	1.72	55	2
2020	142	18.93	14.78	24.08	314.83	1.72	55	2
2020	143	18.93	14.78	24.08	314.83	1.72	55	2
2020	144	18.93	14.78	24.08	314.83	1.72	55	2
2020	145	18.93	14.78	24.08	314.83	1.72	55	2
2020	146	18.93	14.78	24.08	314.83	1.72	55	2
2020	147	18.93	14.78	24.08	314.83	1.72	55	2
2020	148	18.93	14.78	24.08	314.83	1.72	55	2
2020	149	18.93	14.78	24.08	314.83	1.72	55	2
2020	150	18.93	14.78	24.08	314.83	1.72	55	2
2020	151	18.93	14.78	24.08	314.83	1.72	55	2
2020	152	18.93	14.78	24.08	314.83	1.72	55	2
2020	153	18.93	14.78	24.08	314.83	1.72	55	2
2020	154	18.93	14.78	24.08	314.83	1.72	55	2
2020	155	18.93	14.78	24.08	314.83	1.72	55	2
2020	156	18.93	14.78	24.08	314.83	1.72	55	2
2020	157	18.93	14.78	24.08	314.83	1.72	55	2
2020	158	18.93	14.78	24.08	314.83	1.72	55	2
2020	159	18.93	14.78	24.08	314.83	1.72	55	2
2020	160	18.93	14.78	24.08	314.83	1.72	55	2
2020	161	18.93	14.78	24.08	314.83	1.72	55	2
2020	162	18.93	14.78	24.08	314.83	1.72	55	2
2020	163	18.93	14.78	24.08	314.83	1.72	55	2
2020	164	18.93	14.78	24.08	314.83	1.72	55	2
2020	165	18.93	14.78	24.08	314.83	1.72	55	2
2020	166	18.93	14.78	24.08	314.83	1.72	55	2
2020	167	18.93	14.78	24.08	314.83	1.72	55	2
2020	168	18.93	14.78	24.08	314.83	1.72	55	2
2020	169	18.93	14.78	24.08	314.83	1.72	55	2
2020	170	18.93	14.78	24.08	314.83	1.72	55	2
2020	171	18.93	14.78	24.08	314.83	1.72	55	2
2020	172	18.93	14.78	24.08	314.83	1.72	55	2
2020	173	18.93	14.78	24.08	314.83	1.72	55	2
2020	174	18.93	14.78	24.08	314.83	1.72	55	2
2020	175	18.93	14.78	24.08	314.83	1.72	55	2
2020	176	18.93	14.78	24.08	314.83	1.72	55	2
2020	177	18.93	14.78	24.08	314.83	1.72	55	2
2020	178	18.93	14.78	24.08	314.83	1.72	55	2
2020	179	18.93	14.78	24.08	314.83	1.72	55	2
2020	180	18.93	14.78	24.08	314.83	1.72	55	2
2020	181	18.93	14.78	24.08	314.83	1.72	55	2
2020	182	18.93	14.78	24.08	314.83	1.72	55	2
2020	183	18.93	14.78	24.08	314.83	1.72	55	2
2020	184	18.93	14.78	24.08	314.83	1.72	55	2
2020	185	18.93	14.78	24.08	314.83	1.72	55	2
2020	186	18.93	14.78	24.08	314.83	1.72	55	2
2020	187	18.93	14.78	24.08	314.83	1.72	55	2
2020	188	18.93	14.78	24.08	314.83	1.72	55	2
2020	189	18.93	14.78	24.08	314.83	1.72	55	2
2020	190	18.93	14.78	24.08	314.83	1.72	55	2
2020	191	18.93	14.78	24.08	314.83	1.72	55	2
2020	192	18.93	14.78	24.08	314.83	1.72	55	2
2020	193	18.93	14.78	24.08	314.83	1.72	55	2
2020	194	18.93	14.78	24.08	314.83	1.72	55	2
2020	195	18.93	14.78	24.08	314.83	1.72	55	2
2020	196	18.93	14.78	24.08	314.83	1.72	55	2
2020	197	18.93	14.78	24.08	314.83	1.72	55	2
2020	198	18.93	14.78	24.08	314.83	1.72	55	2
2020	199	18.93	14.78	24.08	314.83	1.72	55	2
2020	200	18.93	14.78	24.08	314.83	1.72	55	2
2020	201	18.93	14.78	24.08	314.83	1.72	55	2
2020	202	18.93	14.78	24.08	314.83	1.72	55	2
2020	203	18.93	14.78	24.08	314.83	1.72	55	2
2020	204	18.93	14.78	24.08	314.83	1.72	55	2
2020	205	18.93	14.78	24.08	314.83	1.72	55	2
2020	206	18.93	14.78	24.08	314.83	1.72	55	2
2020	207	18.93	14.78	24.08	314.83	1.72	55	2
2020	208	18.93	14.78	24.08	314.83	1.72	55	2
2020	209	18.93	14.78	24.08	314.83	1.72	55	2
2020	210	18.93	14.78	24.08	314.83	1.72	55	2
2020	211	18.93	14.78	24.08	314.83	1.72	55	2
2020	212	18.93	14.78	24.08	314.83	1.72	55	2
2020	213	18.93	14.78	24.08	314.83	1.72	55	2
2020	214	18.93	14.78	24.08	314.83	1.72	55	2
2020	215	18.93	14.78	24.08	314.83	1.72	55	2
2020	216	18.93	14.78	24.08	314.83	1.72	55	2
2020	217	18.93	14.78	24.08	314.83	1.72	55	2
2020	218	18.93	14.78	24.08	314.83	1.72	55	2
2020	219	18.93	14.78	24.08	314.83	1.72	55	2
2020	220	18.93	14.78	24.08	314.83	1.72	55	2
2020	221	18.93	14.78	24.08	314.83	1.72	55	2
2020	222	18.93	14.78	24.08	314.83	1.72	55	2
2020	223	18.93	14.78	24.08	314.83	1.72	55	2
2020	224	18.93	14.78	24.08	314.83	1.72	55	2
2020	225	18.93	14.78	24.08	314.83	1.72	55	2
2020	226	18.93	14.78	24.08	314.83	1.72	55	2
2020	227	18.93	14.78	24.08	314.83	1.72	55	2
2020	228	18.93	14.78	24.08	314.83	1.72	55	2
2020	229	18.93	14.78	24.08	314.83	1.72	55	2
2020	230	18.93	14.78	24.08	314.83	1.72	55	2
2020	231	18.93	14.78	24.08	314.83	1.72	55	2
2020	232	18.93	14.78	24.08	314.83	1.72	55	2
2020	233	18.93	14.78	24.08	314.83	1.72	55	2
2020	234	18.93	14.78	24.08	314.83	1.72	55	2
2020	235	18.93	14.78	24.08	314.83	1.72	55	2
2020	236	18.93	14.78	24.08	314.83	1.72	55	2
2020	237	18.93	14.78	24.08	314.83	1.72	55	2
2020	238	18.93	14.78	24.08	314.83	1.72	55	2
2020	239	18.93	14.78	24.08	314.83	1.72	55	2
2020	240	18.93	14.78	24.08	314.83	1.72	55	2
2020	241	18.93	14.78	24.08	314.83	1.72	55	2
2020	242	18.93	14.78	24.08	314.83	1.72	55	2
2020	243	18.93	14.78	24.08	314.83	1.72	55	2
2020	244	18.93	14.78	24.08	314.83	1.72	55	2
2020	245	18.93	14.78	24.08	314.83	1.72	55	2
2020	246	18.93	14.78	24.08	314.83	1.72	55	2
2020	247	18.93	14.78	24.08	314.83	1.72	55	2
2020	248	18.93	14.78	24.08	314.83	1.72	55	2
2020	249	18.93	14.78	24.08	314.83	1.72	55	2
2020	250	18.93	14.78	24.08	314.83	1.72	55	2
2020	251	18.93	14.78	24.08	314.83	1.72	55	2
2020	252	18.93	14.78	24.08	314.83	1.72	55	2
2020	253	18.93	14.78	24.08	314.83	1.72	55	2
2020	254	18.93	14.78	24.08	314.83	1.72	55	2
2020	255	18.93	14.78	24.08	314.83	1.72	55	2
2020	256	18.93	14.78	24.08	314.83	1.72	55	2
2020	257	18.93	14.78	24.08	314.83	1.72	55	2
2020	258	18.93	14.78	24.08	314.83	1.72	55	2
2020	259	18.93	14.78	24.08	314.83	1.72	55	2
2020	260	18.93	14.78	24.08	314.83	1.72	55	2
2020	261	18.93	14.78	24.08	314.83	1.72	55	2
2020	262	18.93	14.78	24.08	314.83	1.72	55	2
2020	263	18.93	14.78	24.08	314.83	1.72	55	2
2020	264	18.93	14.78	24.08	314.83	1.72	55	2
2020	265	18.93	14.78	24.08	314.83	1.72	55	2
2020	266	18.93	14.78	24.08	314.83	1.72	55	2
2020	267	18.93	14.78	24.08	314.83	1.72	55	2
2020	268	18.93	14.78	24.08	314.83	1.72	55	2
2020	269	18.93	14.78	24.08	314.83	1.72	55	2
2020	270	18.93	14.78	24.08	314.83	1.72	55	2
2020	271	18.93	14.78	24.08	314.83	1.72	55	2
2020	272	18.93	14.78	24.08	314.83	1.72	55	2
2020	273	18.93	14.78	24.08	314.83	1.72	55	2
2020	274	18.93	14.78	24.08	314.83	1.72	55	2
2020	275	18.93	14.78	24.08	314.83	1.72	55	2
2020	276	18.93	14.78	24.08	314.83	1.72	55	2
2020	277	18.93	14.78	24.08	314.83	1.72	55	2
2020	278	18.93	14.78	24.08	314.83	1.72	55	2
2020	279	18.93	14.78	24.08	314.83	1.72	55	2
2020	280	18.93	14.78	24.08	314.83	1.72	55	2
2020	281	18.93	14.78	24.08	314.83	1.72	55	2
2020	282	18.93	14.78	24.08	314.83	1.72	55	2
2020	283	18.93	14.78	24.08	314.83	1.72	55	2
2020	284	18.93	14.78	24.08	314.83	1.72	55	2
2020	285	18.93	14.78	24.08	314.83	1.72	55	2
2020	286	18.93	14.78	24.08	314.83	1.72	55	2
2020	287	18.93	14.78	24.08	314.83	1.72	55	2
2020	288	18.93	14.78	24.08	314.83	1.72	55	2
2020	289	18.93	14.78	24.08	314.83	1.72	55	2
2020	290	18.93	14.78	24.08	314.83	1.72	55	2
2020	291	18.93	14.78	24.08	314.83	1.72	55	2
2020	292	18.93	14.78	24.08	314.83	1.72	55	2
2020	293	18.93	14.78	24.08	314.83	1.72	55	2
2020	294	18.93	14.78	24.08	314.83	1.72	55	2
2020	295	18.93	14.78	24.08	314.83	1.72	55	2
2020	296	18.93	14.78	24.08	314.83	1.72	55	2
2020	297	18.93	14.78	24.08	314.83	1.72	55	2
2020	298	18.93	14.78	24.08	314.83	1.72	55	2
2020	299	18.93	14.78	24.08	314.83	1.72	55	2
2020	300	18.93	14.78	24.08	314.83	1.72	55	2
2020	301	18.93	14.78	24.08	314.83	1.72	55	2
2020	302	18.93	14.78	24.08	314.83	1.72	55	2
2020	303	18.93	14.78	24.08	314.83	1.72	55	2
2020	304	18.93	14.78	24.08	314.83	1.72	55	2
2020	305	18.93	14.78	24.08	314.83	1.72	55	2
2020	306	18.93	14.78	24.08	314.83	1.72	55	2
2020	307	18.93	14.78	24.08	314.83	1.72	55	2
2020	308	18.93	14.78	24.08	314.83	1.72	55	2
2020	309	18.93	14.78	24.08	314.83	1.72	55	2
2020	310	18.93	14.78	24.08	314.83	1.72	55	2
2020	311	18.93	14.78	24.08	314.83	1.72	55	2
2020	312	18.93	14.78	24.08	314.83	1.72	55	2
2020	313	18.93	14.78	24.08	314.83	1.72	55	2
2020	314	18.93	14.78	24.08	314.83	1.72	55	2
2020	315	18.93	14.78	24.08	314.83	1.72	55	2
2020	316	18.93	14.78	24.08	314.83	1.72	55	2
2020	317	18.93	14.78	24.08	314.83	1.72	55	2
2020	318	18.93	14.78	24.08	314.83	1.72	55	2
2020	319	18.93	14.78	24.08	314.83	1.72	55	2
2020	320	18.93	14.78	24.08	314.83	1.72	55	2
2020	321	18.93	14.78	24.08	314.83	1.72	55	2
2020	322	18.93	14.78	24.08	314.83	1.72	55	2
2020	323	18.93	14.78	24.08	314.83	1.72	55	2
2020	324	18.93	14.78	24.08	314.83	1.72	55	2
2020	325	18.93	14.78	24.08	314.83	1.72	55	2
2020	326	18.93	14.78	24.08	314.83	1.72	55	2
2020	327	18.93	14.78	24.08	314.83	1.72	55	2
2020	328	18.93	14.78	24.08	314.83	1.72	55	2
2020	329	18.93	14.78	24.08	314.83	1.72	55	2
2020	330	18.93	14.78	24.08	314.83	1.72	55	2
2020	331	18.93	14.78	24.08	314.83	1.72	55	2
2020	332	18.93	14.78	24.08	314.83	1.72	55	2
2020	333	18.93	14.78	24.08	314.83	1.72	55	2
2020	334	18.93	14.78	24.08	314.83	1.72	55	2
2020	335	18.93	14.78	24.08	314.83	1.72	55	2
2020	336	18.93	14.78	24.08	314.83	1.72	55	2
2020	337	18.93	14.78	24.08	314.83	1.72	55	2
2020	338	18.93	14.78	24.08	314.83	1.72	55	2
2020	339	18.93	14.78	24.08	314.83	1.72	55	2
2020	340	18.93	14.78	24.08	314.83	1.72	55	2
2020	341	18.93	14.78	24.08	314.83	1.72	55	2
2020	342	18.93	14.78	24.08	314.83	1.72	55	2
2020	343	18.93	14.78	24.08	314.83	1.72	55	2
2020	344	18.93	14.78	24.08	314.83	1.72	55	2
2020	345	18.93	14.78	24.08	314.83	1.72	55	2
2020	346	18.93	14.78	24.08	314.83	1.72	55	2
2020	347	18.93	14.78	24.08	314.83	1.72	55	2
2020	348	18.93	14.78	24.08	314.83	1.72	55	2
2020	349	18.93	14.78	24.08	314.83	1.72	55	2
2020	350	18.93	14.78	24.08	314.83	1.72	55	2
2020	351	18.93	14.78	24.08	314.83	1.72	55	2
2020	352	18.93	14.78	24.08	314.83	1.72	55	2
2020	353	18.93	14.78	24.08	314.83	1.72	55	2
2020	354	18.93	14.78	24.08	314.83	1.72	55	2
2020	355	18.93	14.78	24.08	314.83	1.72	55	2
2020	356	18.93	14.78	24.08	314.83	1.72	55	2
2020	357	18.93	14.78	24.08	314.83	1.72	55	2
2020	358	18.93	14.78	24.08	314.83	1.72	55	2
2020	359	18.93	14.78	24.08	314.83	1.72	55	2
2020	360	18.93	14.78	24.08	314.83	1.72	55	2
2020	361	18.93	14.78	24.08	314.83	1.72	55	2
2020	362	18.93	14.78	24.08	314.83	1.72	55	2
2020	363	18.93	14.78	24.08	314.83	1.72	55	2
2020	364	18.93	14.78	24.08	314.83	1.72	55	2
2020	365	18.93	14.78	24.08	314.83	1.72	55	2
2020	366	18.93	14.78	24.08	314.83	1.72	55	2
2021	1	18.93	14.78	24.08	314.83	1.72	55	2
2021	2	18.93	14.78	24.08	314.83	1.72	55	2
2021	3	18.93	14.78	24.08	314.83	1.72	55	2
2021	4	18.93	14.78	24.08	314.83	1.72	55	2
2021	5	18.93	14.78	24.08	314.83	1.72	55	2
2021	6	18.93	14.78	24.08	314.83	1.72	55	2
2021	7	18.93	14.78	24.08	314.83	1.72	55	2
2021	8	18.93	14.78	24.08	314.83	1.72	55	2
2021	9	18.93	14.78	24.08	314.83	1.72	55	2
2021	10	18.93	14.78	24.08	314.83	1.72	55	2
2021	11	18.93	14.78	24.08	314.83	1.72	55	2
2021	12	18.93	14.78	24.08	314.83	1.72	55	2
2021	13	18.93	14.78	24.08	314.83	1.72	55	2
2021	14	18.93	14.78	24.08	314.83	1.72	55	2
2021	15	18.93	14.78	24.08	314.83	1.72	55	2
2021	16	18.93	14.78	24.08	314.83	1.72	55	2
2021	17	18.93	14.78	24.08	314.83	1.72	55	2
2021	18	18.93	14.78	24.08	314.83	1.72	55	2
2021	19	18.93	14.78	24.08	314.83	1.72	55	2
2021	20	18.93	14.78	24.08	314.83	1.72	55	2
2021	21	18.93	14.78	24.08	314.83	1.72	55	2
2021	22	18.93	14.78	24.08	314.83	1.72	55	2
2021	23	18.93	14.78	24.08	314.83	1.72	55	2
2021	24	18.93	14.78	24.08	314.83	1.72	55	2
2021	25	18.93	14.78	24.08	314.83	1.72	55	2
2021	26	18.93	14.78	24.08	314.83	1.72	55	2
2021	27	18.93	14.78	24.08	314.83	1.72	55	2
2021	28	18.93	14.78	24.08	314.83	1.72	55	2
2021	29	18.93	14.78	24.08	314.83	1.72	55	2
2021	30	18.93	14.78	24.08	314.83	1.72	55	2
2021	31	18.93	14.78	24.08	314.83	1.72	55	2
2021	32	18.93	14.78	24.08	314.83	1.72	55	2
2021	33	18.93	14.78	24.08	314.83	1.72	55	2
2021	34	18.93	14.78	24.08	314.83	1.72	55	2
2021	35	18.93	14.78	24.08	314.83	1.72	55	2
2021	36	18.93	14.78	24.08	314.83	1.72	55	2
2021	37	18.93	14.78	24.08	314.83	1.72	55	2
2021	38	18.93	14.78	24.08	314.83	1.72	55	2
2021	39	18.93	14.78	24.08	314.83	1.72	55	2
2021	40	18.93	14.78	24.08	314.83	1.72	55	2
2021	41	18.93	14.78	24.08	314.83	1.72	55	2
2021	42	18.93	14.78	24.08	314.83	1.72	55	2
2021	43	18.93	14.78	24.08	314.83	1.72	55	2
2021	44	18.93	14.78	24.08	314.83	1.72	55	2
2021	45	18.93	14.78	24.08	314.83	1.72	55	2
2021	46	18.93	14.78	24.08	314.83	1.72	55	2
2021	47	18.93	14.78	24.08	314.83	1.72	55	2
2021	48	18.93	14.78	24.08	314.83	1.72	55	2
2021	49	18.93	14.78	24.08	314.83	1.72	55	2
2021	50	18.93	14.78	24.08	314.83	1.72	55	2
2021	51	18.93	14.78	24.08	314.83	1.72	55	2
2021	52	18.93	14.78	24.08	314.83	1.72	55	2
2021	53	18.93	14.78	24.08	314.83	1.72	55	2
2021	54	18.93	14.78	24.08	314.83	1.72	55	2
2021	55	18.93	14.78	24.08	314.83	1.72	55	2
2021	56	18.93	14.78	24.08	314.83	1.72	55	2
2021	57	18.93	14.78	24.08	314.83	1.72	55	2
2021	58	18.93	14.78	24.08	314.83	1.72	55	2
2021	59	18.93	14.78	24.08	314.83	1.72	55	2
2021	60	18.93	14.78	24.08	314.83	1.72	55	2
2021	61	18.93	14.78	24.08	314.83	1.72	55	2
2021	62	18.93	14.78	24.08	314.83	1.72	55	2
2021	63	18.93	14.78	24.08	314.83	1.72	55	2
2021	64	18.93	14.78	24.08	314.83	1.72	55	2
2021	65	18.93	14.78	24.08	314.83	1.72	55	2
2021	66	18.93	14.78	24.08	314.83	1.72	55	2
2021	67	18.93	14.78	24.08	314.83	1.72	55	2
2021	68	18.93	14.78	24.08	314.83	1.72	55	2
2021	69	18.93	14.78	24.08	314.83	1.72	55	2
2021	70	18.93	14.78	24.08	314.83	1.72	55	2
2021	71	18.93	14.78	24.08	314.83	1.72	55	2
2021	72	18.93	14.78	24.08	314.83	1.72	55	2
2021	73	18.93	14.78	24.08	314.83	1.72	55	2
2021	74	18.93	14.78	24.08	314.83	1.72	55	2
2021	75	18.93	14.78	24.08	314.83	1.72	55	2
2021	76	18.93	14.78	24.08	314.83	1.72	55	2
2021	77	18.93	14.78	24.08	314.83	1.72	55	2
2021	78	18.93	14.78	24.08	314.83	1.72	55	2
2021	79	18.93	14.78	24.08	314.83	1.72	55	2
2021	80	18.93	14.78	24.08	314.83	1.72	55	2
2021	81	18.93	14.78	24.08	314.83	1.72	55	2
2021	82	18.93	14.78	24.08	314.83	1.72	55	2
2021	83	18.93	14.78	24.08	314.83	1.72	55	2
2021	84	18.93	14.78	24.08	314.83	1.72	55	2
2021	85	18.93	14.78	24.08	314.83	1.72	55	2
2021	86	18.93	14.78	24.08	314.83	1.72	55	2
2021	87	18.93	14.78	24.08	314.83	1.72	55	2
2021	88	18.93	14.78	24.08	314.83	1.72	55	2
2021	89	18.93	14.78	24.08	314.83	1.72	55	2
2021	90	18.93	14.78	24.08	314.83	1.72	55	2
2021	91	18.93	14.78	24.08	314.83	1.72	55	2
2021	92	18.93	14.78	24.08	314.83	1.72	55	2
2021	93	18.93	14.78	24.08	314.83	1.72	55	2
2021	94	18.93	14.78	24.08	314.83	1.72	55	2
2021	95	18.93	14.78	24.08	314.83	1.72	55	2
2021	96	18.93	14.78	24.08	314.83	1.72	55	2
2021	97	18.93	14.78	24.08	314.83	1.72	55	2
2021	98	18.93	14.78	24.08	314.83	1.72	55	2
2021	99	18.93	14.78	24.08	314.83	1.72	55	2
2021	100	18.93	14.78	24.08	314.83	1.72	55	2
2021	101	18.93	14.78	24.08	314.83	1.72	55	2
2021	102	18.93	14.78	24.08	314.83	1.72	55	2
2021	103	18.93	14.78	24.08	314.83	1.72	55	2
2021	104	18.93	14.78	24.08	314.83	1.72	55	2
2021	105	18.93	14.78	24.08	314.83	1.72	55	2
2021	106	18.93	14.78	24.08	314.83	1.72	55	2
2021	107	18.93	14.78	24.08	314.83	1.72	55	2
2021	108	18.93	14.78	24.08	314.83	1.72	55	2
2021	109	18.93	14.78	24.08	314.83	1.72	55	2
2021	110	18.93	14.78	24.08	314.83	1.72	55	2
2021	111	18.93	14.78	24.08	314.83	1.72	55	2
2021	112	18.93	14.78	24.08	314.83	1.72	55	2
2021	113	18.93	14.78	24.08	314.83	1.72	55	2
2021	114	18.93	14.78	24.08	314.83	1.72	55	2
2021	115	18.93	14.78	24.08	314.83	1.72	55	2
2021	116	18.93	14.78	24.08	314.83	1.72	55	2
2021	117	18.93	14.78	24.08	314.83	1.72	55	2
2021	118	18.93	14.78	24.08	314.83	1.72	55	2
2021	119	18.93	14.78	24.08	314.83	1.72	55	2
2021	120	18.93	14.78	24.08	314.83	1.72	55	2
2021	121	18.93	14.78	24.08	314.83	1.72	55	2
2021	122	18.93	14.78	24.08	314.83	1.72	55	2
2021	123	18.93	14.78	24.08	314.83	1.72	55	2
2021	124	18.93	14.78	24.08	314.83	1.72	55	2
2021	125	18.93	14.78	24.08	314.83	1.72	55	2
2021	126	18.93	14.78	24.08	314.83	1.72	55	2
2021	127	18.93	14.78	24.08	314.83	1.72	55	2
2021	128	18.93	14.78	24.08	314.83	1.72	55	2
2021	129	18.93	14.78	24.08	314.83	1.72	55	2
2021	130	18.93	14.78	24.08	314.83	1.72	55	2
2021	131	18.93	14.78	24.08	314.83	1.72	55	2
2021	132	18.93	14.78	24.08	314.83	1.72	55	2
2021	133	18.93	14.78	24.08	314.83	1.72	55	2
2021	134	18.93	14.78	24.08	314.83	1.72	55	2
2021	135	18.93	14.78	24.08	314.83	1.72	55	2
2021	136	18.93	14.78	24.08	314.83	1.72	55	2
2021	137	18.93	14.78	24.08	314.83	1.72	55	2
2021	138	18.93	14.78	24.08	314.83	1.72	55	2
2021	139	18.93	14.78	24.08	314.83	1.72	55	2
2021	140	18.93	14.78	24.08	314.83	1.72	55	2
2021	141	18.93	14.78	24.08	314.83	1.72	55	2
2021	142	18.93	14.78	24.08	314.83	1.72	55	2
2021	143	18.93	14.78	24.08	314.83	1.72	55	2
2021	144	18.93	14.78	24.08	314.83	1.72	55	2
2021	145	18.93	14.78	24.08	314.83	1.72	55	2
2021	146	18.93	14.78	24.08	314.83	1.72	55	2
2021	147	18.93	14.78	24.08	314.83	1.72	55	2
2021	148	18.93	14.78	24.08	314.83	1.72	55	2
2021	149	18.93	14.78	24.08	314.83	1.72	55	2
2021	150	18.93	14.78	24.08	314.83	1.72	55	2
2021	151	18.93	14.78	24.08	314.83	1.72	55	2
2021	152	18.93	14.78	24.08	314.83	1.72	55	2
2021	153	18.93	14.78	24.08	314.83	1.72	55	2
2021	154	18.93	14.78	24.08	314.83	1.72	55	2
2021	155	18.93	14.78	24.08	314.83	1.72	55	2
2021	156	18.93	14.78	24.08	314.83	1.72	55	2
2021	157	18.93	14.78	24.08	314.83	1.72	55	2
2021	158	18.93	14.78	24.08	314.83	1.72	55	2
2021	159	18.93	14.78	24.08	314.83	1.72	55	2
2021	160	18.93	14.78	24.08	314.83	1.72	55	2
2021	161	18.93	14.78	24.08	314.83	1.72	55	2
2021	162	18.93	14.78	24.08	314.83	1.72	55	2
2021	163	18.93	14.78	24.08	314.83	1.72	55	2
2021	164	18.93	14.78	24.08	314.83	1.72	55	2
2021	165	18.93	14.78	24.08	314.83	1.72	55	2
2021	166	18.93	14.78	24.08	314.83	1.72	55	2
2021	167	18.93	14.78	24.08	314.83	1.72	55	2
2021	168	18.93	14.78	24.08	314.83	1.72	55	2
2021	169	18.93	14.78	24.08	314.83	1.72	55	2
2021	170	18.93	14.78	24.08	314.83	1.72	55	2
2021	171	18.93	14.78	24.08	314.83	1.72	55	2
2021	172	18.93	14.78	24.08	314.83	1.72	55	2
2021	173	18.93	14.78	24.08	314.83	1.72	55	2
2021	174	18.93	14.78	24.08	314.83	1.72	55	2
2021	175	18.93	14.78	24.08	314.83	1.72	55	2
2021	176	18.93	14.78	24.08	314.83	1.72	55	2
2021	177	18.93	14.78	24.08	314.83	1.72	55	2
2021	178	18.93	14.78	24.08	314.83	1.72	55	2
2021	179	18.93	14.78	24.08	314.83	1.72	55	2
2021	180	18.93	14.78	24.08	314.83	1.72	55	2
2021	181	18.93	14.78	24.08	314.83	1.72	55	2
2021	182	18.93	14.78	24.08	314.83	1.72	55	2
2021	183	18.93	14.78	24.08	314.83	1.72	55	2
2021	184	18.93	14.78	24.08	314.83	1.72	55	2
2021	185	18.93	14.78	24.08	314.83	1.72	55	2
2021	186	18.93	14.78	24.08	314.83	1.72	55	2
2021	187	18.93	14.78	24.08	314.83	1.72	55	2
2021	188	18.93	14.78	24.08	314.83	1.72	55	2
2021	189	18.93	14.78	24.08	314.83	1.72	55	2
2021	190	18.93	14.78	24.08	314.83	1.72	55	2
2021	191	18.93	14.78	24.08	314.83	1.72	55	2
2021	192	18.93	14.78	24.08	314.83	1.72	55	2
2021	193	18.93	14.78	24.08	314.83	1.72	55	2
2021	194	18.93	14.78	24.08	314.83	1.72	55	2
2021	195	18.93	14.78	24.08	314.83	1.72	55	2
2021	196	18.93	14.78	24.08	314.83	1.72	55	2
2021	197	18.93	14.78	24.08	314.83	1.72	55	2
2021	198	18.93	14.78	24.08	314.83	1.72	55	2
2021	199	18.93	14.78	24.08	314.83	1.72	55	2
2021	200	18.93	14.78	24.08	314.83	1.72	55	2
2021	201	18.93	14.78	24.08	314.83	1.72	55	2
2021	202	18.93	14.78	24.08	314.83	1.72	55	2
2021	203	18.93	14.78	24.08	314.83	1.72	55	2
2021	204	18.93	14.78	24.08	314.83	1.72	55	2
2021	205	18.93	14.78	24.08	314.83	1.72	55	2
2021	206	18.93	14.78	24.08	314.83	1.72	55	2
2021	207	18.93	14.78	24.08	314.83	1.72	55	2
2021	208	18.93	14.78	24.08	314.83	1.72	55	2
2021	209	18.93	14.78	24.08	314.83	1.72	55	2
2021	210	18.93	14.78	24.08	314.83	1.72	55	2
2021	211	18.93	14.78	24.08	314.83	1.72	55	2
2021	212	18.93	14.78	24.08	314.83	1.72	55	2
2021	213	18.93	14.78	24.08	314.83	1.72	55	2
2021	214	18.93	14.78	24.08	314.83	1.72	55	2
2021	215	18.93	14.78	24.08	314.83	1.72	55	2
2021	216	18.93	14.78	24.08	314.83	1.72	55	2
2021	217	18.93	14.78	24.08	314.83	1.72	55	2
2021	218	18.93	14.78	24.08	314.83	1.72	55	2
2021	219	18.93	14.78	24.08	314.83	1.72	55	2
2021	220	18.93	14.78	24.08	314.83	1.72	55	2
2021	221	18.93	14.78	24.08	314.83	1.72	55	2
2021	222	18.93	14.78	24.08	314.83	1.72	55	2
2021	223	18.93	14.78	24.08	314.83	1.72	55	2
2021	224	18.93	14.78	24.08	314.83	1.72	55	2
2021	225	18.93	14.78	24.08	314.83	1.72	55	2
2021	226	18.93	14.78	24.08	314.83	1.72	55	2
2021	227	18.93	14.78	24.08	314.83	1.72	55	2
2021	228	18.93	14.78	24.08	314.83	1.72	55	2
2021	229	18.93	14.78	24.08	314.83	1.72	55	2
2021	230	18.93	14.78	24.08	314.83	1.72	55	2
2021	231	18.93	14.78	24.08	314.83	1.72	55	2
2021	232	18.93	14.78	24.08	314.83	1.72	55	2
2021	233	18.93	14.78	24.08	314.83	1.72	55	2
2021	234	18.93	14.78	24.08	314.83	1.72	55	2
2021	235	18.93	14.78	24.08	314.83	1.72	55	2
2021	236	18.93	14.78	24.08	314.83	1.72	55	2
2021	237	18.93	14.78	24.08	314.83	1.72	55	2
2021	238	18.93	14.78	24.08	314.83	1.72	55	2
2021	239	18.93	14.78	24.08	314.83	1.72	55	2
2021	240	18.93	14.78	24.08	314.83	1.72	55	2
2021	241	18.93	14.78	24.08	314.83	1.72	55	2
2021	242	18.93	14.78	24.08	314.83	1.72	55	2
2021	243	18.93	14.78	24.08	314.83	1.72	55	2
2021	244	18.93	14.78	24.08	314.83	1.72	55	2
2021	245	18.93	14.78	24.08	314.83	1.72	55	2
2021	246	18.93	14.78	24.08	314.83	1.72	55	2
2021	247	18.93	14.78	24.08	314.83	1.72	55	2
2021	248	18.93	14.78	24.08	314.83	1.72	55	2
2021	249	18.93	14.78	24.08	314.83	1.72	55	2
2021	250	18.93	14.78	24.08	314.83	1.72	55	2
2021	251	18.93	14.78	24.08	314.83	1.72	55	2
2021	252	18.93	14.78	24.08	314.83	1.72	55	2
2021	253	18.93	14.78	24.08	314.83	1.72	55	2
2021	254	18.93	14.78	24.08	314.83	1.72	55	2
2021	255	18.93	14.78	24.08	314.83	1.72	55	2
2021	256	18.93	14.78	24.08	314.83	1.72	55	2
2021	257	18.93	14.78	24.08	314.83	1.72	55	2
2021	258	18.93	14.78	24.08	314.83	1.72	55	2
2021	259	18.93	14.78	24.08	314.83	1.72	55	2
2021	260	18.93	14.78	24.08	314.83	1.72	55	2
2021	261	18.93	14.78	24.08	314.83	1.72	55	2
2021	262	18.93	14.78	24.08	314.83	1.72	55	2
2021	263	18.93	14.78	24.08	314.83	1.72	55	2
2021	264	18.93	14.78	24.08	314.83	1.72	55	2
2021	265	18.93	14.78	24.08	314.83	1.72	55	2
2021	266	18.93	14.78	24.08	314.83	1.72	55	2
2021	267	18.93	14.78	24.08	314.83	1.72	55	2
2021	268	18.93	14.78	24.08	314.83	1.72	55	2
2021	269	18.93	14.78	24.08	314.83	1.72	55	2
2021	270	18.93	14.78	24.08	314.83	1.72	55	2
2021	271	18.93	14.78	24.08	314.83	1.72	55	2
2021	272	18.93	14.78	24.08	314.83	1.72	55	2
2021	273	18.93	14.78	24.08	314.83	1.72	55	2
2021	274	18.93	14.78	24.08	314.83	1.72	55	2
2021	275	18.93	14.78	24.08	314.83	1.72	55	2
2021	276	18.93	14.78	24.08	314.83	1.72	55	2
2021	277	18.93	14.78	24.08	314.83	1.72	55	2
2021	278	18.93	14.78	24.08	314.83	1.72	55	2
2021	279	18.93	14.78	24.08	314.83	1.72	55	2
2021	280	18.93	14.78	24.08	314.83	1.72	55	2
2021	281	18.93	14.78	24.08	314.83	1.72	55	2
2021	282	18.93	14.78	24.08	314.83	1.72	55	2
2021	283	18.93	14.78	24.08	314.83	1.72	55	2
2021	284	18.93	14.78	24.08	314.83	1.72	55	2
2021	285	18.93	14.78	24.08	314.83	1.72	55	2
2021	286	18.93	14.78	24.08	314.83	1.72	55	2
2021	287	18.93	14.78	24.08	314.83	1.72	55	2
2021	288	18.93	14.78	24.08	314.83	1.72	55	2
2021	289	18.93	14.78	24.08	314.83	1.72	55	2
2021	290	18.93	14.78	24.08	314.83	1.72	55	2
2021	291	18.93	14.78	24.08	314.83	1.72	55	2
2021	292	18.93	14.78	24.08	314.83	1.72	55	2
2021	293	18.93	14.78	24.08	314.83	1.72	55	2
2021	294	18.93	14.78	24.08	314.83	1.72	55	2
2021	295	18.93	14.78	24.08	314.83	1.72	55	2
2021	296	18.93	14.78	24.08	314.83	1.72	55	2
2021	297	18.93	14.78	24.08	314.83	1.72	55	2
2021	298	18.93	14.78	24.08	314.83	1.72	55	2
2021	299	18.93	14.78	24.08	314.83	1.72	55	2
2021	300	18.93	14.78	24.08	314.83	1.72	55	2
2021	301	18.93	14.78	24.08	314.83	1.72	55	2
2021	302	18.93	14.78	24.08	314.83	1.72	55	2
2021	303	18.93	14.78	24.08	314.83	1.72	55	2
2021	304	18.93	14.78	24.08	314.83	1.72	55	2
2021	305	18.93	14.78	24.08	314.83	1.72	55	2
2021	306	18.93	14.78	24.08	314.83	1.72	55	2
2021	307	18.93	14.78	24.08	314.83	1.72	55	2
2021	308	18.93	14.78	24.08	314.83	1.72	55	2
2021	309	18.93	14.78	24.08	314.83	1.72	55	2
2021	310	18.93	14.78	24.08	314.83	1.72	55	2
2021	311	18.93	14.78	24.08	314.83	1.72	55	2
2021	312	18.93	14.78	24.08	314.83	1.72	55	2
2021	313	18.93	14.78	24.08	314.83	1.72	55	2
2021	314	18.93	14.78	24.08	314.83	1.72	55	2
2021	315	18.93	14.78	24.08	314.83	1.72	55	2
2021	316	18.93	14.78	24.08	314.83	1.72	55	2
2021	317	18.93	14.78	24.08	314.83	1.72	55	2
2021	318	18.93	14.78	24.08	314.83	1.72	55	2
2021	319	18.93	14.78	24.08	314.83	1.72	55	2
2021	320	18.93	14.78	24.08	314.83	1.72	55	2
2021	321	18.93	14.78	24.08	314.83	1.72	55	2
2021	322	18.93	14.78	24.08	314.83	1.72	55	2
2021	323	18.93	14.78	24.08	314.83	1.72	55	2
2021	324	18.93	14.78	24.08	314.83	1.72	55	2
2021	325	18.93	14.78	24.08	314.83	1.72	55	2
2021	326	18.93	14.78	24.08	314.83	1.72	55	2
2021	327	18.93	14.78	24.08	314.83	1.72	55	2
2021	328	18.93	14.78	24.08	314.83	1.72	55	2
2021	329	18.93	14.78	24.08	314.83	1.72	55	2
2021	330	18.93	14.78	24.08	314.83	1.72	55	2
2021	331	18.93	14.78	24.08	314.83	1.72	55	2
2021	332	18.93	14.78	24.08	314.83	1.72	55	2
2021	333	18.93	14.78	24.08	314.83	1.72	55	2
2021	334	18.93	14.78	24.08	314.83	1.72	55	2
2021	335	18.93	14.78	24.08	314.83	1.72	55	2
2021	336	18.93	14.78	24.08	314.83	1.72	55	2
2021	337	18.93	14.78	24.08	314.83	1.72	55	2
2021	338	18.93	14.78	24.08	314.83	1.72	55	2
2021	339	18.93	14.78	24.08	314.83	1.72	55	2
2021	340	18.93	14.78	24.08	314.83	1.72	55	2
2021	341	18.93	14.78	24.08	314.83	1.72	55	2
2021	342	18.93	14.78	24.08	314.83	1.72	55	2
2021	343	18.93	14.78	24.08	314.83	1.72	55	2
2021	344	18.93	14.78	24.08	314.83	1.72	55	2
2021	345	18.93	14.78	24.08	314.83	1.72	55	2
2021	346	18.93	14.78	24.08	314.83	1.72	55	2
2021	347	18.93	14.78	24.08	314.83	1.72	55	2
2021	348	18.93	14.78	24.08	314.83	1.72	55	2
2021	349	18.93	14.78	24.08	314.83	1.72	55	2
2021	350	18.93	14.78	24.08	314.83	1.72	55	2
2021	351	18.93	14.78	24.08	314.83	1.72	55	2
2021	352	18.93	14.78	24.08	314.83	1.72	55	2
2021	353	18.93	14.78	24.08	314.83	1.72	55	2
2021	354	18.93	14.78	24.08	314.83	1.72	55	2
2021	355	18.93	14.78	24.08	314.83	1.72	55	2
2021	356	18.93	14.78	24.08	314.83	1.72	55	2
2021	357	18.93	14.78	24.08	314.83	1.72	55	2
2021	358	18.93	14.78	24.08	314.83	1.72	55	2
2021	359	18.93	14.78	24.08	314.83	1.72	55	2
2021	360	18.93	14.78	24.08	314.83	1.72	55	2
2021	361	18.93	14.78	24.08	314.83	1.72	55	2
2021	362	18.93	14.78	24.08	314.83	1.72	55	2
2021	363	18.93	14.78	24.08	314.83	1.72	55	2
2021	364	18.93	14.78	24.08	314.83	1.72	55	2
2021	365	18.93	14.78	24.08	314.83	1.72	55	2
2022	1	18.93	14.78	24.08	314.83	1.72	55	2
2022	2	18.93	14.78	24.08	314.83	1.72	55	2
2022	3	18.93	14.78	24.08	314.83	1.72	55	2
2022	4	18.93	14.78	24.08	314.83	1.72	55	2
2022	5	18.93	14.78	24.08	314.83	1.72	55	2
2022	6	18.93	14.78	24.08	314.83	1.72	55	2
2022	7	18.93	14.78	24.08	314.83	1.72	55	2
2022	8	18.93	14.78	24.08	314.83	1.72	55	2
2022	9	18.93	14.78	24.08	314.83	1.72	55	2
2022	10	18.93	14.78	24.08	314.83	1.72	55	2
2022	11	18.93	14.78	24.08	314.83	1.72	55	2
2022	12	18.93	14.78	24.08	314.83	1.72	55	2
2022	13	18.93	14.78	24.08	314.83	1.72	55	2
2022	14	18.93	14.78	24.08	314.83	1.72	55	2
2022	15	18.93	14.78	24.08	314.83	1.72	55	2
2022	16	18.93	14.78	24.08	314.83	1.72	55	2
2022	17	18.93	14.78	24.08	314.83	1.72	55	2
2022	18	18.93	14.78	24.08	314.83	1.72	55	2
2022	19	18.93	14.78	24.08	314.83	1.72	55	2
2022	20	18.93	14.78	24.08	314.83	1.72	55	2
2022	21	18.93	14.78	24.08	314.83	1.72	55	2
2022	22	18.93	14.78	24.08	314.83	1.72	55	2
2022	23	18.93	14.78	24.08	314.83	1.72	55	2
2022	24	18.93	14.78	24.08	314.83	1.72	55	2
2022	25	18.93	14.78	24.08	314.83	1.72	55	2
2022	26	18.93	14.78	24.08	314.83	1.72	55	2
2022	27	18.93	14.78	24.08	314.83	1.72	55	2
2022	28	18.93	14.78	24.08	314.83	1.72	55	2
2022	29	18.93	14.78	24.08	314.83	1.72	55	2
2022	30	18.93	14.78	24.08	314.83	1.72	55	2
2022	31	18.93	14.78	24.08	314.83	1.72	55	2
2022	32	18.93	14.78	24.08	314.83	1.72	55	2
2022	33	18.93	14.78	24.08	314.83	1.72	55	2
2022	34	18.93	14.78	24.08	314.83	1.72	55	2
2022	35	18.93	14.78	24.08	314.83	1.72	55	2
2022	36	18.93	14.78	24.08	314.83	1.72	55	2
2022	37	18.93	14.78	24.08	314.83	1.72	55	2
2022	38	18.93	14.78	24.08	314.83	1.72	55	2
2022	39	18.93	14.78	24.08	314.83	1.72	55	2
2022	40	18.93	14.78	24.08	314.83	1.72	55	2
2022	41	18.93	14.78	24.08	314.83	1.72	55	2
2022	42	18.93	14.78	24.08	314.83	1.72	55	2
2022	43	18.93	14.78	24.08	314.83	1.72	55	2
2022	44	18.93	14.78	24.08	314.83	1.72	55	2
2022	45	18.93	14.78	24.08	314.83	1.72	55	2
2022	46	18.93	14.78	24.08	314.83	1.72	55	2
2022	47	18.93	14.78	24.08	314.83	1.72	55	2
2022	48	18.93	14.78	24.08	314.83	1.72	55	2
2022	49	18.93	14.78	24.08	314.83	1.72	55	2
2022	50	18.93	14.78	24.08	314.83	1.72	55	2
2022	51	18.93	14.78	24.08	314.83	1.72	55	2
2022	52	18.93	14.78	24.08	314.83	1.72	55	2
2022	53	18.93	14.78	24.08	314.83	1.72	55	2
2022	54	18.93	14.78	24.08	314.83	1.72	55	2
2022	55	18.93	14.78	24.08	314.83	1.72	55	2
2022	56	18.93	14.78	24.08	314.83	1.72	55	2
2022	57	18.93	14.78	24.08	314.83	1.72	55	2
2022	58	18.93	14.78	24.08	314.83	1.72	55	2
2022	59	18.93	14.78	24.08	314.83	1.72	55	2
2022	60	18.93	14.78	24.08	314.83	1.72	55	2
2022	61	18.93	14.78	24.08	314.83	1.72	55	2
2022	62	18.93	14.78	24.08	314.83	1.72	55	2
2022	63	18.93	14.78	24.08	314.83	1.72	55	2
2022	64	18.93	14.78	24.08	314.83	1.72	55	2
2022	65	22.61	18.14	27.06	517.46	0	55	2
2022	66	20.83	15.18	27.21	528.88	0	55	2
2022	67	21.27	15.43	27.73	494.88	0	55	2
2022	68	21.07	14.75	27.93	353.33	0	55	2
2022	69	20.98	15.25	27.77	375.35	0	55	2
2022	70	21.59	14.99	27.72	366.26	0	55	2
2022	71	21.4	14.5	28.2	386.32	0	55	2
2022	72	22.04	14.76	29.13	384.18	0	55	2
2022	73	22.27	16.06	29.03	334.13	0	55	2
2022	74	22.39	14.51	28.8	351.29	0	55	2
2022	75	22.78	16.75	29.3	298	0	55	2
2022	76	22.01	16.43	28.75	284.89	0	55	2
2022	77	21.13	15.24	27.01	321.74	0	55	2
2022	78	21.67	16.21	28.24	381.55	0	55	2
2022	79	22.28	16.2	28.67	358.83	0	55	2
2022	80	21.83	16.28	27.34	355.4	0	55	2
2022	81	21.58	16.2	27.36	354.68	0	55	2
2022	82	21.82	15.3	28.53	379.24	0	55	2
2022	83	22.05	16.71	27.72	322.01	0	55	2
2022	84	22.06	16.58	29.12	337.91	0	55	2
2022	85	20.81	15.65	26.22	318.85	4.5	55	2
2022	86	21.02	16.65	26.07	271.42	0	55	2
2022	87	20.29	15.96	25.77	381.87	0	55	2
2022	88	20.47	17.08	25.38	381.39	0	55	2
2022	89	18.9	15.57	23.09	362.97	0	55	2
2022	90	18.26	13.56	23.46	393.89	0	55	2
2022	91	17.87	16.88	20.04	182.17	0	55	2
2022	92	17.41	16.39	19.4	364.73	0	55	2
2022	93	17.33	16.09	18.86	395.47	0	55	2
2022	94	17.9	16.71	19.79	500.3	0	55	2
2022	95	18.48	16.5	21.8	435.73	0	55	2
2022	96	20.76	17.2	26.16	344.82	0	55	2
2022	97	20.3	16.24	25.6	383.6	0	55	2
2022	98	20.37	16.15	25.71	320.09	0	55	2
2022	99	20.27	15.7	25.75	426.45	0	55	2
2022	100	20.14	15.14	24.78	394.99	0	55	2
2022	101	20.72	15.58	25.31	348.56	0	55	2
2022	102	20.87	14.68	26.7	397.46	0	55	2
2022	103	21.32	16.92	27.05	372.32	0	55	2
2022	104	20.92	16.82	25.8	439.99	0	55	2
2022	105	20.86	16.47	25.97	377.99	0	55	2
2022	106	21.36	15.9	27.15	286.98	0	55	2
2022	107	20.45	16.05	26.11	243.27	1.3	55	2
2022	108	20.96	16.83	26.4	297.66	0	55	2
2022	109	20.75	15.69	26.31	291.22	1.5	55	2
2022	110	18.9	14.59	23.76	190.41	45.9	55	2
2022	111	19.86	16.42	24.57	322.35	0	55	2
2022	112	18.7	16.64	23.7	306.2	15.8	55	2
2022	113	18.96	16.32	23.2	365	3.6	55	2
2022	114	19.05	16.42	23.04	424.46	0.7	55	2
2022	115	19.4	15.87	24.19	434.48	0	55	2
2022	116	20.27	16.68	25.21	465.23	0	55	2
2022	117	19.9	16.68	24.1	308.32	0	55	2
2022	118	18.78	16.7	22.3	174.7	3.8	55	2
2022	119	18.99	16.09	23.58	349	5.2	55	2
2022	120	19.44	15.56	24.41	414.9	0	55	2
2022	121	19.38	15.84	24.19	260.67	5	55	2
2022	122	19.6	16.52	24.68	332.81	0	55	2
2022	123	18.51	16.14	23.2	216.65	0.4	55	2
2022	124	18.22	14.05	22.76	352.38	0	55	2
2022	125	18.55	15.9	21.27	235.94	0.1	55	2
2022	126	18.66	15.12	22.6	244.17	0	55	2
2022	127	18.84	15.48	23.33	282.47	0	55	2
2022	128	19.77	15.77	24.98	458.65	0	55	2
2022	129	20	15.75	25.75	399.5	0	55	2
2022	130	19.42	14.89	25.43	395.8	0	55	2
2022	131	19.93	15.68	25.72	388.28	0	55	2
2022	132	19.32	14.66	25.34	372.58	0	55	2
2022	133	19.18	13.56	25.28	360.32	0	55	2
2022	134	19.73	15.11	25.98	380.26	0	55	2
2022	135	19.21	14.67	24.78	338.9	0	55	2
2022	136	17.97	13.89	22.8	126.03	0	55	2
2022	137	18.22	13.29	23.64	221.14	0	55	2
2022	138	17.99	14.15	23.21	297.82	0	55	2
2022	139	17.78	12.57	23.88	293.66	0	55	2
2022	140	19.31	14.84	25.6	365.66	0	55	2
2022	141	19.76	15.29	25.54	326.95	0	55	2
2022	142	20.13	15.22	26.38	228.16	0	55	2
2022	143	21.48	16.24	27.64	428.29	0	55	2
2022	144	19.82	14.6	25.66	340.46	0	55	2
2022	145	20.11	14.9	25.69	222.91	0	55	2
2022	146	20.08	16.21	24.9	191.73	0	55	2
2022	147	19.27	15.78	23.44	144.32	0.3	55	2
2022	148	19.04	15.74	23.75	225.56	0	55	2
2022	149	18.66	14.92	23.37	155.93	0	55	2
2022	150	18.34	14.99	22.29	118.09	0	55	2
2022	151	18.31	15.02	22.61	195.74	0	55	2
2022	152	18.84	15.07	24.15	294.23	0	55	2
2022	153	18.12	14.85	22.86	252.02	0	55	2
2022	154	17.28	13.28	22.36	199.75	0	55	2
2022	155	17.88	12.02	24.06	341.99	0	55	2
2022	156	17.92	11.04	24.49	301.21	0	55	2
2022	157	17.56	15.1	22.16	232.19	0	55	2
2022	158	17.65	14.17	21.59	196.69	0	55	2
2022	159	18.3	14.41	23.32	157.44	0	55	2
2022	160	17.25	13.26	22.4	159.74	0	55	2
2022	161	18.05	14.06	23.04	161.27	0	55	2
2022	162	18.53	15.08	22.87	202.85	0	55	2
2022	163	17.72	14.75	22.14	107.21	0	55	2
2022	164	17.4	14.69	20.6	56.58	0	55	2
2022	165	18.54	13.6	25.2	189.02	0	55	2
2022	166	18.21	13.87	23.45	243.41	0	55	2
2022	167	18.51	13	24.43	280.19	0	55	2
2022	168	17.88	13.29	22.65	232.95	0	55	2
2022	169	17.94	13.13	23.59	178.98	0	55	2
2022	170	17.34	13.66	20.91	56.5	0	55	2
2022	171	17.32	14.39	22.72	95.34	0	55	2
2022	172	17.52	11.97	23.34	313.92	0	55	2
2022	173	17.31	14.03	21.74	168.96	0	55	2
2022	174	17.17	14.23	20.82	50.52	0	55	2
2022	175	16.19	13.44	18.77	92.29	0.1	55	2
2022	176	17.48	14.42	21.78	128.3	0	55	2
2022	177	17.07	14.73	20.84	244.38	0	55	2
2022	178	16.77	13.75	20.25	72.97	0	55	2
2022	179	15.83	12.64	19.08	68.47	0	55	2
2022	180	15.55	12.03	19.18	188.56	0	55	2
2022	181	16.92	11.88	22.74	303.82	0	55	2
2022	182	15.67	12.87	18.84	59.77	0	55	2
2022	183	17.04	12.25	22.86	328.12	0	55	2
2022	184	17.76	13.49	23.66	331.93	0	55	2
2022	185	17.13	11.57	22.61	230.21	0	55	2
2022	186	16.49	12.71	21.53	72.84	0	55	2
2022	187	17.45	12.82	22.84	154.49	0	55	2
2022	188	15.61	12.39	19.3	70.14	0	55	2
2022	189	15.36	13.06	17.58	72.47	0	55	2
2022	190	15.9	13.06	19.38	81.61	0	55	2
2022	191	16.41	13.22	20.08	164.59	0	55	2
2022	192	17	13.05	23.09	286.28	0	55	2
2022	193	15.18	13.43	17.66	82.4	0	55	2
2022	194	17.31	11.5	22.93	308.22	0	55	2
2022	195	17.63	13.04	22.38	136.36	0	55	2
2022	196	17.43	13.81	22.05	150.39	0.1	55	2
2022	197	16.97	14.06	21.37	94.87	0	55	2
2022	198	15.82	12.43	18.74	48.01	0	55	2
2022	199	16.82	13.56	19.66	258.03	0	55	2
2022	200	16.21	13.3	20.87	117.78	0	55	2
2022	201	15.78	12.57	20.7	175.99	0.1	55	2
2022	202	16.43	12.59	20.69	165.73	0	55	2
2022	203	15.58	12.94	21.04	137.6	0	55	2
2022	204	16.13	12.02	21.94	227.18	0	55	2
2022	205	16.71	11.95	22.01	217.55	0	55	2
2022	206	16.52	12.16	22.15	318.48	0	55	2
2022	207	17.17	13.79	22.15	171.42	0	55	2
2022	208	16.53	11.26	22.24	263.9	0	55	2
2022	209	16.86	14.08	21.06	143.83	0	55	2
2022	210	17.01	13.89	21.47	210.36	0	55	2
2022	211	16.31	14.21	19.2	221.03	0.2	55	2
2022	212	17.04	13.71	21.67	123.77	0	55	2
2022	213	15.77	14.74	17.6	65.52	0	55	2
2022	214	15.26	13.79	17.63	29.74	0	55	2
2022	215	18.93	14.78	24.08	314.83	1.72	55	2
2022	216	16.37	13.5	18.73	131.65	0	55	2
2022	217	15.54	13.16	19.78	173.11	0	55	2
2022	218	15.97	10.61	21.32	140.51	0	55	2
2022	219	14.72	10.49	19.28	108.3	0	55	2
2022	220	15.17	12.94	20.3	314.83	0	55	2
2022	221	16.23	11.61	21.52	136.43	0.1	55	2
2022	222	16.54	13.18	22.49	148.94	0	55	2
2022	223	16.39	13.35	20.54	262.93	0	55	2
2022	224	16	12.99	19.88	120.28	0	55	2
2022	225	16.62	13.25	20.9	95.09	0	55	2
2022	226	15.9	12.71	19.62	64.39	0	55	2
2022	227	17.97	15.12	20.93	144.83	0	55	2
2022	228	18.36	14.54	23.32	182.8	0	55	2
2022	229	16.2	13.85	21.04	314.83	0	55	2
2022	230	16.71	10.58	23.93	319.33	0	55	2
2022	231	17.91	11.12	24.93	326.27	0	55	2
2022	232	19.29	12.07	27.28	317.81	0	55	2
2022	233	18.89	11.59	25.68	361.83	0	55	2
2022	234	17.13	11.58	23.12	317.06	0	55	2
2022	235	15.92	11.78	20.37	198.14	0	55	2
2022	236	16.31	11.63	21.08	204.48	0	55	2
2022	237	16.15	12.38	19.39	91.03	0	55	2
2022	238	17.04	14.21	21.62	174.09	0	55	2
2022	239	15.84	14.04	18.59	126.99	0	55	2
2022	240	16.53	13.43	19.45	135.2	0	55	2
2022	241	18.06	10.99	24.18	210.51	0	55	2
2022	242	18.35	12.52	25.35	337.68	0	55	2
2022	243	16.58	12.68	20.24	67.53	0	55	2
2022	244	17.57	12.39	23.49	351.03	0	55	2
2022	245	15.39	13.02	18.12	17.73	0	55	2
2022	246	16.57	12.95	21.76	143.24	0	55	2
2022	247	17.12	11.36	24.61	211.83	0	55	2
2022	248	18.33	12.8	24.05	270.34	0	55	2
2022	249	17.89	13.97	24.33	214.86	5.31	55	2
2022	250	16.04	13.76	18.49	142.43	0.1	55	2
2022	251	16.24	13.46	19.34	49.57	0	55	2
2022	252	16.45	11.87	20.14	97.48	0	55	2
2022	253	17.36	11.94	23.7	229.11	0	55	2
2022	254	18.19	13.59	23.95	259.01	0	55	2
2022	255	18.01	14.05	23.07	370.41	0	55	2
2022	256	16.98	13.06	21.55	213.22	0	55	2
2022	257	17.35	13.57	21.54	146.56	0	55	2
2022	258	16.79	12.99	21.06	106.98	0	55	2
2022	259	17.78	13.84	23.14	233.46	0	55	2
2022	260	17.42	13.92	21.29	154.72	0	55	2
2022	261	17.06	12.96	22.45	161.8	0	55	2
2022	262	19.08	14.39	25.4	340.08	0	55	2
2022	263	18.57	13.85	24.28	348.03	0	55	2
2022	264	18.94	13.56	25.37	346.07	0	55	2
2022	265	18.68	13.52	24.57	387.77	0	55	2
2022	266	18.71	11.93	25.07	354.81	0	55	2
2022	267	18.57	12.01	25.22	351.43	0	55	2
2022	268	18.59	13.24	23.56	304.73	0.51	55	2
2022	269	18.78	13.63	24.03	338.91	0	55	2
2022	270	18.39	12.17	24.31	376.58	0	55	2
2022	271	18.71	12.76	25.03	324.81	0	55	2
2022	272	18.77	12.6	25.29	337.09	0	55	2
2022	273	18.34	14.43	23.57	206.54	0	55	2
2022	274	18.43	14.39	24.96	341.93	13.4	55	2
2022	275	19.42	14	25.92	337.4	0	55	2
2022	276	18.88	12.78	25.6	392.88	0	55	2
2022	277	18.66	12.62	25.66	277.7	0	55	2
2022	278	18.79	13.84	25.26	396.04	0	55	2
2022	279	18.51	14.15	24.24	297.77	0	55	2
2022	280	18.67	14.44	23.88	199.26	0	55	2
2022	281	18.15	12.43	24.78	381.56	0	55	2
2022	282	18.36	14.16	23.4	319.23	0	55	2
2022	283	18.89	13.26	24.27	310.31	0	55	2
2022	284	18.25	12.49	24.48	330.25	0	55	2
2022	285	18.7	11.28	25.32	301.02	0	55	2
2022	286	18.94	13.18	25.63	352.25	0	55	2
2022	287	18.42	12.28	25.04	392.36	0	55	2
2022	288	18.47	11.66	25.02	320.5	0	55	2
2022	289	19.61	13.58	25.57	357.71	0	55	2
2022	290	20.12	14.68	25.83	303.06	0	55	2
2022	291	19.6	15.82	24.49	304.72	0	55	2
2022	292	19.28	14.47	24.79	295.06	0	55	2
2022	293	18.79	13.38	24.82	258.55	0	55	2
2022	294	19.37	14.22	25.9	361.03	0	55	2
2022	295	19.53	13.21	25.98	363.49	0	55	2
2022	296	19.96	14.31	25.6	312.81	0	55	2
2022	297	20.78	14.73	27.14	348.8	0	55	2
2022	298	20.84	15.02	26.66	335.49	0	55	2
2022	299	20.38	15.27	25.74	370.12	0	55	2
2022	300	20.21	15.26	25.5	306.24	0	55	2
2022	301	20.53	15.23	26.72	350.52	0	55	2
2022	302	20.59	15.29	26.2	321.8	0.41	55	2
2022	303	19.72	14.93	25.1	367.68	0	55	2
2022	304	19.82	15.63	25.34	283.86	0	55	2
2022	305	18.84	16.12	23.33	305.45	0.2	55	2
2022	306	18.95	16.21	23.06	255.6	0	55	2
2022	307	18.07	15.21	21.56	248.78	6.7	55	2
2022	308	19.57	15.15	25.02	305.49	0	55	2
2022	309	19.83	14.71	25.15	365.75	0	55	2
2022	310	19.48	15.87	24.56	262.12	0	55	2
2022	311	19.58	16.08	24.39	303.78	0	55	2
2022	312	19.61	15.5	24.69	352.2	0	55	2
2022	313	19.75	15.42	24.7	328.69	0	55	2
2022	314	20.14	16.14	25.14	292.3	0	55	2
2022	315	19.63	16.22	24.43	356.25	0	55	2
2022	316	18.46	15.9	22.41	201.43	0	55	2
2022	317	19.17	15.36	23.5	214	0	55	2
2022	318	18.83	16.3	22.84	74.79	0.6	55	2
2022	319	18.21	16.25	22.61	149.9	1.3	55	2
2022	320	17.63	15.71	21.45	176.99	2.5	55	2
2022	321	17.36	14.59	20.68	129.42	1.23	55	2
2022	322	18.72	14.8	24.33	308.33	0	55	2
2022	323	18.79	15.74	22.98	283.37	0	55	2
2022	324	19.07	14.69	24.05	244.93	0	55	2
2022	325	19.19	14.87	23.92	276.41	6.6	55	2
2022	326	19.08	16.25	24.44	273.36	0.1	55	2
2022	327	18.25	15.69	23.31	327.93	0	55	2
2022	328	17.88	14.48	22.08	333.48	17.9	55	2
2022	329	18.13	15.15	22.11	374.41	0.4	55	2
2022	330	18.18	14.5	23.12	368.11	0	55	2
2022	331	18.65	14.3	24.06	274.63	0	55	2
2022	332	18.64	16.02	23.18	295.12	0	55	2
2022	333	17.7	15.31	22.04	281.08	3.5	55	2
2022	334	17.62	15.56	22.25	307.22	4.2	55	2
2022	335	18.23	14.97	23.54	359.8	0.51	55	2
2022	336	18.81	14.34	24.33	301.74	0	55	2
2022	337	18.53	15.5	23.24	328.85	0	55	2
2022	338	18.11	15.1	21.48	349.17	14.8	55	2
2022	339	18.68	15.85	23.25	403.08	0.6	55	2
2022	340	19.48	15.87	24.14	388.22	0	55	2
2022	341	19.62	16.37	24.21	416.23	0.41	55	2
2022	342	19.53	16.34	24.05	385.92	0	55	2
2022	343	18.89	15.9	24.95	323.63	0	55	2
2022	344	18.93	15.39	24.04	185.3	0	55	2
2022	345	19.52	15.58	24.57	369.85	0	55	2
2022	346	17.6	15.75	20.62	116.55	1.3	55	2
2022	347	17.73	14.86	22.61	351.09	2.7	55	2
2022	348	18.38	13.71	23.41	325.59	0	55	2
2022	349	18.72	14.68	24.18	371.61	0	55	2
2022	350	19.32	14.83	24.58	332.21	0	55	2
2022	351	19.52	14.81	24.88	359.02	0	55	2
2022	352	19.73	15.01	24.79	323.02	0	55	2
2022	353	19.69	14.66	24.98	316.81	0	55	2
2022	354	20.16	15.69	25.29	320.89	0	55	2
2022	355	20.06	15.87	25.46	265.99	0	55	2
2022	356	19.79	15.88	24.24	180.97	0	55	2
2022	357	19.55	15.28	25.03	301.36	0	55	2
2022	358	19.78	14.62	25.19	299.64	0	55	2
2022	359	19.99	15.61	25.11	257.33	0	55	2
2022	360	20.04	14.84	25.48	306.69	0	55	2
2022	361	18.75	16.79	22.71	178.64	0	55	2
2022	362	19.25	15.39	23.73	249.1	0	55	2
2022	363	18.86	14.62	23.78	195.7	0	55	2
2022	364	18.58	13.95	23.49	278.37	0	55	2
2022	365	18.74	13.61	23.83	326.38	0	55	2
2023	1	19.25	14.12	24.18	280.23	0	55	2
2023	2	17.98	13.75	23.01	211.09	0.1	55	2
2023	3	17.25	15.45	20.82	214.32	10.62	55	2
2023	4	16.94	15.21	19.18	103.83	4.8	55	2
2023	5	17.62	14.54	21.55	274.51	0.2	55	2
2023	6	19.42	13.57	24.66	376.05	0	55	2
2023	7	19.6	14.23	24.56	355.46	0	55	2
2023	8	19.01	13.81	24.6	361.29	0	55	2
2023	9	19.48	16.27	24.33	277.82	0	55	2
2023	10	19.17	15.9	23.54	312.8	0	55	2
2023	11	19.18	14.34	24.06	300.67	0	55	2
2023	12	19.84	14.59	25.32	365.58	0	55	2
2023	13	19.68	13.39	25.11	359.62	0	55	2
2023	14	19.45	13.8	24.51	341.86	0	55	2
2023	15	19.78	13.98	24.89	349.03	0	55	2
2023	16	19.6	14.32	24.98	347.23	0	55	2
2023	17	19.44	13.62	24.81	280.46	0	55	2
2023	18	21.2	14.54	27.44	350.85	0	55	2
2023	19	21.45	15.57	27.25	356.5	0	55	2
2023	20	20.97	15.4	26.66	353.82	0	55	2
2023	21	20.88	14.6	26.14	356.25	0	55	2
2023	22	20.5	16.16	24.79	235.94	0	55	2
2023	23	20.05	16.04	24.84	262.47	0	55	2
2023	24	20.01	14.81	25.45	300.24	0	55	2
2023	25	20.9	14.87	26.58	352.5	0	55	2
2023	26	18.93	14.78	24.08	314.83	1.72	55	2
2023	27	18.93	14.78	24.08	314.83	1.72	55	2
2023	28	18.93	14.78	24.08	314.83	1.72	55	2
2023	29	18.93	14.78	24.08	314.83	1.72	55	2
2023	30	18.93	14.78	24.08	314.83	1.72	55	2
2023	31	18.93	14.78	24.08	314.83	1.72	55	2
2023	32	18.93	14.78	24.08	314.83	1.72	55	2
2023	33	18.93	14.78	24.08	314.83	1.72	55	2
2023	34	18.93	14.78	24.08	314.83	1.72	55	2
2023	35	18.93	14.78	24.08	314.83	1.72	55	2
2023	36	18.93	14.78	24.08	314.83	1.72	55	2
2023	37	18.93	14.78	24.08	314.83	1.72	55	2
2023	38	18.93	14.78	24.08	314.83	1.72	55	2
2023	39	18.93	14.78	24.08	314.83	1.72	55	2
2023	40	18.93	14.78	24.08	314.83	1.72	55	2
2023	41	18.93	14.78	24.08	314.83	1.72	55	2
2023	42	18.93	14.78	24.08	314.83	1.72	55	2
2023	43	18.93	14.78	24.08	314.83	1.72	55	2
2023	44	18.93	14.78	24.08	314.83	1.72	55	2
2023	45	18.93	14.78	24.08	314.83	1.72	55	2
2023	46	18.93	14.78	24.08	314.83	1.72	55	2
2023	47	18.93	14.78	24.08	314.83	1.72	55	2
2023	48	18.93	14.78	24.08	314.83	1.72	55	2
2023	49	18.93	14.78	24.08	314.83	1.72	55	2
2023	50	18.93	14.78	24.08	314.83	1.72	55	2
2023	51	18.93	14.78	24.08	314.83	1.72	55	2
2023	52	18.93	14.78	24.08	314.83	1.72	55	2
2023	53	18.93	14.78	24.08	314.83	1.72	55	2
2023	54	18.93	14.78	24.08	314.83	1.72	55	2
2023	55	18.93	14.78	24.08	314.83	1.72	55	2
2023	56	18.93	14.78	24.08	314.83	1.72	55	2
2023	57	18.93	14.78	24.08	314.83	1.72	55	2
2023	58	18.93	14.78	24.08	314.83	1.72	55	2
2023	59	18.93	14.78	24.08	314.83	1.72	55	2
2023	60	18.93	14.78	24.08	314.83	1.72	55	2
2023	61	18.93	14.78	24.08	314.83	1.72	55	2
2023	62	18.93	14.78	24.08	314.83	1.72	55	2
2023	63	18.93	14.78	24.08	314.83	1.72	55	2
2023	64	18.93	14.78	24.08	314.83	1.72	55	2
2023	65	18.93	14.78	24.08	314.83	1.72	55	2
2023	66	18.93	14.78	24.08	314.83	1.72	55	2
2023	67	18.93	14.78	24.08	314.83	1.72	55	2
2023	68	18.93	14.78	24.08	314.83	1.72	55	2
2023	69	18.93	14.78	24.08	314.83	1.72	55	2
2023	70	18.93	14.78	24.08	314.83	1.72	55	2
2023	71	18.93	14.78	24.08	314.83	1.72	55	2
2023	72	18.93	14.78	24.08	314.83	1.72	55	2
2023	73	18.93	14.78	24.08	314.83	1.72	55	2
2023	74	18.93	14.78	24.08	314.83	1.72	55	2
2023	75	18.93	14.78	24.08	314.83	1.72	55	2
2023	76	18.93	14.78	24.08	314.83	1.72	55	2
2023	77	18.93	14.78	24.08	314.83	1.72	55	2
2023	78	18.93	14.78	24.08	314.83	1.72	55	2
2023	79	18.93	14.78	24.08	314.83	1.72	55	2
2023	80	18.93	14.78	24.08	314.83	1.72	55	2
2023	81	18.93	14.78	24.08	314.83	1.72	55	2
2023	82	18.93	14.78	24.08	314.83	1.72	55	2
2023	83	18.93	14.78	24.08	314.83	1.72	55	2
2023	84	18.93	14.78	24.08	314.83	1.72	55	2
2023	85	18.93	14.78	24.08	314.83	1.72	55	2
2023	86	18.93	14.78	24.08	314.83	1.72	55	2
2023	87	18.93	14.78	24.08	314.83	1.72	55	2
2023	88	18.93	14.78	24.08	314.83	1.72	55	2
2023	89	18.93	14.78	24.08	314.83	1.72	55	2
2023	90	18.93	14.78	24.08	314.83	1.72	55	2
2023	91	18.93	14.78	24.08	314.83	1.72	55	2
2023	92	18.93	14.78	24.08	314.83	1.72	55	2
2023	93	18.93	14.78	24.08	314.83	1.72	55	2
2023	94	18.93	14.78	24.08	314.83	1.72	55	2
2023	95	18.93	14.78	24.08	314.83	1.72	55	2
2023	96	18.93	14.78	24.08	314.83	1.72	55	2
2023	97	18.93	14.78	24.08	314.83	1.72	55	2
2023	98	18.93	14.78	24.08	314.83	1.72	55	2
2023	99	18.93	14.78	24.08	314.83	1.72	55	2
2023	100	18.93	14.78	24.08	314.83	1.72	55	2
2023	101	18.93	14.78	24.08	314.83	1.72	55	2
2023	102	18.93	14.78	24.08	314.83	1.72	55	2
2023	103	18.93	14.78	24.08	314.83	1.72	55	2
2023	104	18.93	14.78	24.08	314.83	1.72	55	2
2023	105	18.93	14.78	24.08	314.83	1.72	55	2
2023	106	18.93	14.78	24.08	314.83	1.72	55	2
2023	107	18.93	14.78	24.08	314.83	1.72	55	2
2023	108	18.93	14.78	24.08	314.83	1.72	55	2
2023	109	22.3	22.3	22.3	314.83	0	55	2
2023	110	21.07	17	24.09	314.83	0	55	2
2023	111	20.16	17.07	25.36	314.83	1	55	2
2023	112	18.06	16.81	19.59	314.83	17.06	55	2
2023	113	19.19	15.33	23.64	314.83	0	55	2
2023	114	20.13	17.32	24.31	314.83	0	55	2
2023	115	18.92	15.95	22.83	314.83	5.1	55	2
2023	116	18.55	16.41	22.86	314.83	35	55	2
2023	117	19.06	15.7	23.06	314.83	0.1	55	2
2023	118	17.85	16.69	20.08	314.83	11.7	55	2
2023	119	18.04	15.51	21.49	314.83	0	55	2
2023	120	18.66	16.79	22.47	314.83	14.3	55	2
2023	121	18.02	16.16	20.28	314.83	22.6	55	2
2023	122	18.54	14.62	22.18	314.83	0.6	55	2
2023	123	18.27	16.54	21.52	314.83	0.1	55	2
2023	124	18.61	15.12	23.36	314.83	0	55	2
2023	125	18.67	14.48	23.52	314.83	0	55	2
2023	126	18.86	15.23	23.42	314.83	0	55	2
2023	127	18.79	15.61	23.07	314.83	0	55	2
2023	128	19.09	15.8	23.44	314.83	0	55	2
2023	129	18.17	16.24	21.58	314.83	0.1	55	2
2023	130	18.56	16.06	22.68	314.83	0	55	2
2023	131	18.15	15.1	22.15	314.83	0	55	2
2023	132	18.06	14.02	23.32	314.83	0	55	2
2023	133	19.24	15.48	24.25	314.83	0	55	2
2023	134	19.23	16.33	24.04	314.83	0	55	2
2023	135	18.59	14.77	23.4	314.83	0	55	2
2023	136	18.6	14.35	23.74	314.83	0	55	2
2023	137	19.07	15.98	23.06	314.83	0	55	2
2023	138	18.29	13.91	22.89	314.83	0	55	2
2023	139	18.37	14.63	23.8	314.83	0	55	2
2023	140	19.41	13.13	26.12	314.83	0	55	2
2023	141	19.27	13.3	24.7	314.83	0	55	2
2023	142	19.83	15.97	25.45	314.83	0	55	2
2023	143	19.78	16.04	24.78	314.83	0	55	2
2023	144	18.99	14.96	23.77	314.83	0	55	2
2023	145	19.11	14.58	23.87	314.83	0	55	2
2023	146	18	14.1	22.59	314.83	0	55	2
2023	147	16.64	12.72	21.05	314.83	0.3	55	2
2023	148	17.5	14.02	22.45	314.83	0.1	55	2
2023	149	16.53	14.07	19.75	314.83	2.6	55	2
2023	150	17.26	13.76	20.82	314.83	0	55	2
2023	151	18.19	15.48	23.03	165.37	0	55	2
2023	152	19.1	14.83	24.04	252.18	0	55	2
2023	153	19.11	15.58	23.99	273.08	2.6	55	2
2023	154	18	14.69	22.03	69.78	0	55	2
2023	155	17.66	13.89	22.83	199.47	0	55	2
2023	156	19.15	14.11	24.66	306.03	0	55	2
2023	157	18.83	15.25	23.88	200.96	0.2	55	2
2023	158	18.95	13.44	24.91	360.35	0	55	2
2023	159	19.36	12.31	26.04	365.95	0	55	2
2023	160	18.79	15.88	23.8	229.63	0	55	2
2023	161	18.3	13.62	24.32	251.44	0	55	2
2023	162	19.59	14.98	24.61	351.39	0	55	2
2023	163	19.64	14.92	24.48	241.6	0.2	55	2
2023	164	17.84	13.52	22.29	190.26	0	55	2
2023	165	18.81	14.98	25.01	245.06	0	55	2
2023	166	17.89	14.88	21.55	141.38	0	55	2
2023	167	18.54	14.65	23.95	188.56	0	55	2
2023	168	16.83	14.59	19.37	54.07	0	55	2
2023	169	17.38	13.35	22.42	172.24	0	55	2
2023	170	17.84	12.97	22.96	224.37	0	55	2
2023	171	18.42	14.65	22.7	138.18	0	55	2
2023	172	17.83	15.91	20.93	191.66	0	55	2
2023	173	17.11	14.77	20.05	117.71	0	55	2
2023	174	16.87	15.44	18.65	61.62	0	55	2
2023	175	17.72	14.23	22.8	198.47	0	55	2
2023	176	18.16	13.41	24.21	249.27	0	55	2
2023	177	16.67	13.5	21.31	115.2	0	55	2
2023	178	16.59	13.91	20.48	94.91	0	55	2
2023	179	17.33	12.34	22.77	236.09	0	55	2
2023	180	16.34	13.54	19.66	114.41	0	55	2
2023	181	17.5	14.71	21.1	109.4	0	55	2
2023	182	17.09	14.5	20.39	26.13	0	55	2
2023	183	16.91	14.71	19.94	85.05	0	55	2
2023	184	17.14	13.46	21.06	61.39	0	55	2
2023	185	16.5	13.97	19.82	167.11	0	55	2
2023	186	15.27	12.43	18.94	12.18	0	55	2
2023	187	18.06	15.84	19.51	95.63	0	55	2
2023	188	16.23	14.2	18.34	100.56	0	55	2
2023	189	16.26	12.37	20.81	159.02	0	55	2
2023	190	16.77	11.2	23.56	248.11	0	55	2
2023	191	18.69	10.53	26.26	315.31	0	55	2
2023	192	18.73	13.05	25.43	289.71	0	55	2
2023	193	16.82	13.68	20.29	189.55	0	55	2
2023	194	16.93	12.67	20.86	192.7	0	55	2
2023	195	18.08	13.39	23.37	212.77	0	55	2
2023	196	17.13	12.58	22.48	132.91	0	55	2
2023	197	16.52	12.53	20.62	203.16	0	55	2
2023	198	15.86	11.93	19.8	67.65	0	55	2
2023	199	16.31	12.25	21.51	91.4	0	55	2
2023	200	16.74	12.41	21.44	65.78	0	55	2
2023	201	18.82	12.14	25.91	312.23	0	55	2
2023	202	18.53	13.18	24.25	317.92	0	55	2
2023	203	17.85	14.49	22.47	64.01	0	55	2
2023	204	17.62	14.85	21.88	183.78	0	55	2
2023	205	17.38	13.13	21.38	87.99	0	55	2
2023	206	18.01	15.6	22.06	164.12	0	55	2
2023	207	16.77	14.22	22.16	164.8	0	55	2
2023	208	16.96	12.3	21.48	97.12	0	55	2
2023	209	16.78	14.6	20.27	100.08	0	55	2
2023	210	16.67	13.6	21.41	84.46	0	55	2
2023	211	17.75	12.74	24.26	309.83	0	55	2
2023	212	18.63	12.91	25.69	320.4	0	55	2
2023	213	17.26	14.02	21.61	108.1	0	55	2
2023	214	17.03	13.91	20.32	245.22	0.1	55	2
2023	215	15.78	15.4	16.35	314.83	0	55	2
2023	216	18.93	14.78	24.08	314.83	1.72	55	2
2023	217	18.93	14.78	24.08	314.83	1.72	55	2
2023	218	18.93	14.78	24.08	314.83	1.72	55	2
2023	219	18.93	14.78	24.08	314.83	1.72	55	2
2023	220	19.19	16.1	22.77	314.83	0	55	2
2023	221	16.3	14.35	19.47	99.72	1.5	55	2
2023	222	17.41	14.54	21.9	314.83	0	55	2
2023	223	17.26	13.47	21.84	314.83	0	55	2
2023	224	16.43	11.83	22.03	314.83	0	55	2
2023	225	17.57	11.74	23.44	314.83	0	55	2
2023	226	18.23	12.32	24.09	314.83	0	55	2
2023	227	19.11	13.96	24.68	314.83	0	55	2
2023	228	18.74	15.68	22.93	314.83	0	55	2
2023	229	18.19	14.99	22.6	314.83	0	55	2
2023	230	17.99	14.35	23.52	314.83	0	55	2
2023	231	18.84	13.73	25.12	314.83	0	55	2
2023	232	19.25	12.04	25.81	314.83	0	55	2
2023	233	19.13	12.72	24.83	314.83	0	55	2
2023	234	20.08	15.13	25.93	314.83	0	55	2
2023	235	18.24	12.75	24.9	278.29	0	55	2
2023	236	18.13	13.52	24.14	286.17	0	55	2
2023	237	18.43	12.48	24.75	339.26	0	55	2
2023	238	19.73	14.79	25.96	370.39	0	55	2
2023	239	19.43	14.24	26.09	348.37	0	55	2
2023	240	18.38	14.17	23.01	204.73	0	55	2
2023	241	18.08	13.66	22.52	203.21	0	55	2
2023	242	18.02	15.12	21.84	184.28	0	55	2
2023	243	18.07	15.24	22.71	132.61	0	55	2
2023	244	18.87	15.46	23.51	134.25	0	55	2
2023	245	18.68	15.53	23.49	177.46	0	55	2
2023	246	18.9	12.73	25.89	309.28	0	55	2
2023	247	18.78	14.35	24.48	183.69	0	55	2
2023	248	19.63	13.74	25.63	239.41	0	55	2
2023	249	20.42	13.62	26.98	276.93	0	55	2
2023	250	18.55	15.47	24.24	183.01	23.2	55	2
2023	251	17.83	15.35	20.88	216.31	1.5	55	2
2023	252	17.63	15.18	20.3	237.69	0	55	2
2023	253	18.7	13.12	24.8	304.84	0	55	2
2023	254	19.63	15.06	25.4	286.39	0	55	2
2023	255	20.1	15.27	26.39	311.18	0	55	2
2023	256	18.54	15.58	23.43	212.37	0	55	2
2023	257	19.3	15.09	24.61	303.08	0	55	2
2023	258	18.25	15.11	22.31	305.08	0	55	2
2023	259	19.19	13.58	25.41	335.8	0	55	2
2023	260	20.08	15.78	27.18	352.88	7.9	55	2
2023	261	19.27	15.2	24.9	296.61	0	55	2
2023	262	19.43	14.03	24.85	321.49	0	55	2
2023	263	20.13	15.04	27.25	425.01	0	55	2
2023	264	20.11	14.46	26.74	335.61	0	55	2
2023	265	20.33	15.96	25.85	292.61	0	55	2
2023	266	19.54	15.6	24.75	214.41	0	55	2
2023	267	18.87	16.08	24.31	306.57	0	55	2
2023	268	20.51	14.71	27.22	310.98	0	55	2
2023	269	20.23	13.96	27.28	291.16	0	55	2
2023	270	20.27	14.8	26.27	303.74	0	55	2
2023	271	18.89	16.03	22.69	79.8	0	55	2
2023	272	19.89	13.95	26.59	315.98	0	55	2
2023	273	19.74	15.23	26.4	221.85	0	55	2
2023	274	20.87	16.39	27.58	279.48	0	55	2
2023	275	20.79	14.59	27.58	290.74	0	55	2
2023	276	18.98	12.25	25.45	355.89	0	55	2
2023	277	17.97	16.28	21.07	314.83	0	55	2
2023	278	18.71	15.17	23.32	314.83	0.1	55	2
2023	279	20.09	15.8	26.43	314.83	0	55	2
2023	280	20.12	14.92	26.08	314.83	0	55	2
2023	281	20.74	13.07	27.9	314.83	0	55	2
2023	282	21.15	14.46	27.94	314.83	0	55	2
2023	283	20.8	16.31	27.4	314.83	0	55	2
2023	284	20.65	14.57	26.53	314.83	0	55	2
2023	285	21.22	14.61	27.95	29.44	0	55	2
2023	286	22.07	14.44	29.04	427.23	0	55	2
2023	287	22.09	16.24	28.14	428.3	0	55	2
2023	288	21.94	17.65	27.56	348.26	0	55	2
2023	289	20.65	16.41	25.56	391.86	0.5	55	2
2023	290	20.59	17	26.7	287.02	0.1	55	2
2023	291	21.14	17.4	25.88	391.89	0	55	2
2023	292	19.67	16.88	24.57	333	0.9	55	2
2023	293	19.63	14.75	24.34	333.2	0	55	2
2023	294	20.13	15.77	25.43	317.38	0	55	2
2023	295	21.29	16.21	26.31	335.48	0	55	2
2023	296	20.92	15.51	26.96	386.79	0	55	2
2023	297	21.26	15.27	26.84	361.83	0	55	2
2023	298	21.43	17.08	26.31	373.89	0	55	2
2023	299	19.75	16.89	24.27	302.02	1.9	55	2
2023	300	19.99	16.11	24.47	275.17	0	55	2
2023	301	20.44	15.29	26.18	299.92	0	55	2
2023	302	20.44	16.2	25.09	293.17	0	55	2
2023	303	19.84	16.07	25.11	320.12	0	55	2
2023	304	19.58	16.66	24.13	286.44	4.5	55	2
2023	305	20.19	15.98	25.04	301.58	0	55	2
2023	306	18.89	16.55	22.21	304.4	32.9	55	2
2023	307	18.28	16.62	22.5	326.5	8.3	55	2
2023	308	18.22	15.53	21.34	294.16	8.6	55	2
2023	309	18.8	16.42	23.16	313	7.2	55	2
2023	310	19.32	16.17	24.13	442.3	28.39	55	2
2023	311	19.12	15.6	23.81	471.37	35.8	55	2
2023	312	18.59	16.89	21.94	329.38	3.1	55	2
2023	313	19.14	15.53	23.06	388.75	0	55	2
2023	314	18.8	16.01	22.5	265.7	17.8	55	2
2023	315	18.04	15.14	21.42	278.59	11.1	55	2
2023	316	18.82	16.5	23.13	342.78	4.4	55	2
2023	317	18.97	16.48	22.72	418.36	3.9	55	2
2023	318	18.57	16.33	23.09	332.43	22.2	55	2
2023	319	18.42	16.63	22.5	327.11	5.7	55	2
2023	320	18.56	16.26	22.07	379.33	6.6	55	2
2023	321	18.58	16.27	22.19	301.92	2.5	55	2
2023	322	19.16	16.24	23.04	360.37	1.74	55	2
2023	323	19.33	16.45	23.33	426.02	1.4	55	2
2023	324	18.81	15.89	23.3	398.04	0.4	55	2
2023	325	18.89	16.91	22.18	319.64	14.2	55	2
2023	326	18.29	16.52	21.89	360.61	8.7	55	2
2023	327	18.41	16.01	21.81	332.88	3.6	55	2
2023	328	18.6	16.2	22.59	392.39	9	55	2
2023	329	18.63	16.17	22.4	319.92	6.8	55	2
2023	330	18.31	15.64	21.96	339	8.4	55	2
2023	331	19.47	15.78	24.04	471.51	2.6	55	2
2023	332	19.07	16.67	23.43	349.55	0	55	2
2023	333	19.54	16.52	23.98	498.21	0	55	2
2023	334	19.2	15.46	23.4	483.41	0	55	2
2023	335	19.08	14.87	23.94	461.96	0	55	2
2023	336	19.51	14.76	24.39	411.98	0	55	2
2023	337	19.26	16.65	23.41	401.68	0	55	2
2023	338	18.98	15.93	23.5	363.5	0	55	2
2023	339	19.21	15.7	24.03	404.09	0	55	2
2023	340	19.08	16.36	23.58	383.18	0	55	2
2023	341	19.16	13.78	24.68	473.77	0	55	2
2023	342	19.31	14.63	24.83	446.49	0	55	2
2023	343	18.69	14.4	23.86	398.57	0	55	2
2023	344	19.39	16.5	23.57	397.26	0.8	55	2
2023	345	19.18	15.52	23.85	396.18	0.1	55	2
2023	346	19.24	15	24.28	353.75	0	55	2
2023	347	19.64	15.87	24.75	349.7	0	55	2
2023	348	19.65	17.22	23.88	355.75	0.1	55	2
2023	349	18.97	16.04	22.86	373.16	4.7	55	2
2023	350	18.27	16.3	21.59	235.59	0	55	2
2023	351	18.93	15.66	23.38	376.45	0	55	2
2023	352	18.79	15.6	23.31	400.29	0.1	55	2
2023	353	19.29	16.03	23.73	350.94	0	55	2
2023	354	18.81	14.53	23.85	403.15	0	55	2
2023	355	19.55	15.62	24.47	407.99	0	55	2
2023	356	19.31	15.92	23.7	323.94	2.2	55	2
2023	357	18.94	16.36	23.24	309.77	6.7	55	2
2023	358	20.22	16.91	24.8	409.78	0.7	55	2
2023	359	20.3	17.16	25.01	417.6	0	55	2
2023	360	18.96	16.81	22.36	248.07	0.6	55	2
2023	361	18.91	14.84	23.14	434.42	0	55	2
2023	362	19.96	15.72	24.86	444.77	0	55	2
2023	363	20.22	15.6	25.2	410.62	0	55	2
2023	364	20.21	16.76	25.21	330.63	0	55	2
2023	365	20.6	17.19	25.44	386.32	0	55	2
2024	1	20.55	16.91	25.02	395.65	2.14	55	2
2024	2	20.07	16.56	24.68	328.04	18.7	55	2
2024	3	20.13	17.2	24.79	425.13	0	55	2
2024	4	19.96	16.09	24.53	390.43	0	55	2
2024	5	19.14	16.57	24.91	303.88	9.3	55	2
2024	6	19.09	16.54	23.04	280.32	10.8	55	2
2024	7	18.92	16.76	22.92	273.23	11	55	2
2024	8	19.43	16.57	23.66	356.87	0	55	2
2024	9	19.08	15.93	23.21	462.74	0	55	2
2024	10	18.79	14.92	22.81	326.66	0.7	55	2
2024	11	19.15	16	24.15	297.42	3	55	2
2024	12	19.59	16.95	23.85	259.61	16.24	55	2
2024	13	18.52	16.36	22.04	190.84	31	55	2
2024	14	20.09	17.75	24.48	277.53	0	55	2
2024	15	20.34	17.24	24.64	379.93	0.1	55	2
2024	16	20.38	16.41	25.06	366.77	0	55	2
2024	17	20.19	16.93	24.19	312.15	0	55	2
2024	18	19.37	17.01	23.03	311.02	0	55	2
2024	19	18.89	16.86	23.7	315.68	0	55	2
2024	20	18.93	14.78	24.08	314.83	1.72	55	2
2024	21	18.93	14.78	24.08	314.83	1.72	55	2
2024	22	18.93	14.78	24.08	314.83	1.72	55	2
2024	23	18.93	14.78	24.08	314.83	1.72	55	2
2024	24	18.93	14.78	24.08	314.83	1.72	55	2
2024	25	18.93	14.78	24.08	314.83	1.72	55	2
2024	26	18.93	14.78	24.08	314.83	1.72	55	2
2024	27	18.93	14.78	24.08	314.83	1.72	55	2
2024	28	18.93	14.78	24.08	314.83	1.72	55	2
2024	29	18.93	14.78	24.08	314.83	1.72	55	2
2024	30	18.93	14.78	24.08	314.83	1.72	55	2
2024	31	18.93	14.78	24.08	314.83	1.72	55	2
2024	32	18.93	14.78	24.08	314.83	1.72	55	2
2024	33	18.93	14.78	24.08	314.83	1.72	55	2
2024	34	18.93	14.78	24.08	314.83	1.72	55	2
2024	35	18.93	14.78	24.08	314.83	1.72	55	2
2024	36	18.93	14.78	24.08	314.83	1.72	55	2
2024	37	18.93	14.78	24.08	314.83	1.72	55	2
2024	38	21.15	17.7	26.22	221.31	0	55	2
2024	39	20.08	15.99	24.99	346.47	0	55	2
2024	40	20.99	15.87	26.34	462.24	0	55	2
2024	41	20.64	17.09	26.15	447.48	0	55	2
2024	42	19.97	14.37	26	399.42	0	55	2
2024	43	20.55	14.43	26.68	468.14	0	55	2
2024	44	21.28	15.75	27.18	457.02	0	55	2
2024	45	21.47	15.82	27.65	459.04	0	55	2
2024	46	21.39	14.98	27.63	467.3	0	55	2
2024	47	20.85	14.84	26.93	431.15	0	55	2
2024	48	21.07	15.83	27.36	446.37	0	55	2
2024	49	22.65	14.91	29.69	443.2	0	55	2
2024	50	23.05	17.38	29.57	416.22	0	55	2
2024	51	22.11	17.2	28.55	387.18	11.4	55	2
2024	52	21.85	16.8	28.03	449.79	0.1	55	2
2024	53	20.86	16.12	26.32	473.39	0	55	2
2024	54	20.17	16.55	25.25	359.8	0	55	2
2024	55	18.94	16.09	24.26	408.31	17.4	55	2
2024	56	20.54	16.07	25.74	363.46	0.2	55	2
2024	57	21.06	16.67	26.91	303.73	0	55	2
2024	58	20.5	17.29	27.15	377.02	3.5	55	2
2024	59	20.08	15.68	26.25	349.14	8.9	55	2
2024	60	21.47	17.31	26.54	464.21	3.2	55	2
2024	61	21.05	16.2	26.2	490.4	0	55	2
2024	62	21.18	17.12	26.2	401.99	0	55	2
2024	63	21.32	16.24	27.18	467.74	0	55	2
2024	64	21.55	16.18	27.88	325.93	0	55	2
2024	65	20.75	17.43	25.55	496.01	0	55	2
2024	66	20.5	16.45	25.77	389.11	0	55	2
2024	67	21.01	15.45	26.84	383.34	0	55	2
2024	68	21.68	15.35	28.29	444.41	0	55	2
2024	69	21.49	16.93	27.21	452.61	0.3	55	2
2024	70	21.36	16.35	27.36	432.49	0	55	2
2024	71	21.48	16.61	27.44	460.68	0	55	2
2024	72	21.21	14.96	27.75	447.12	0	55	2
2024	73	21.53	15.6	27.85	454.11	0	55	2
2024	74	20.69	16.64	26.53	326.48	0	55	2
2024	75	20.32	15.36	26.03	367.02	0	55	2
2024	76	20.56	14.77	26.78	446.98	0	55	2
2024	77	22.14	15.52	29.49	377.6	0	55	2
2024	78	21.85	16.88	27.72	393.51	0	55	2
2024	79	21.66	16.59	27.9	370.2	0	55	2
2024	80	21.23	17.05	27.02	395.68	0.4	55	2
2024	81	21.71	16.73	27.92	411.73	0.1	55	2
2024	82	22.27	16.56	28.8	446.89	0	55	2
2024	83	20.86	16.19	27.55	243.77	37.7	55	2
2024	84	20.59	16.53	26.68	356.46	7.8	55	2
2024	85	20.46	15.28	27.48	447.62	11.1	55	2
2024	86	21.11	18	25.76	403.26	0	55	2
2024	87	20.43	17.71	26.29	469.38	0	55	2
2024	88	20.27	17.05	25.24	387.91	0.1	55	2
2024	89	20.33	15.75	25.54	384.8	3	55	2
2024	90	19.7	17.7	24.45	397.67	2.2	55	2
2024	91	19.35	16.36	23.47	361.35	0	55	2
2024	92	19.69	16.66	24.31	411.35	0.3	55	2
2024	93	20.26	17.37	24.64	404.5	0	55	2
2024	94	20.38	16.21	25.5	389.48	0	55	2
2024	95	20.24	17.33	25.29	408.25	0	55	2
2024	96	20.98	17.46	25.42	495.83	0	55	2
2024	97	19.56	16.1	24.02	320.78	0	55	2
2024	98	20.89	16.82	25.55	465.87	0	55	2
2024	99	20.22	17.88	24.38	288.36	0	55	2
2024	100	19.47	15.67	24.82	316.19	0	55	2
2024	101	20.72	16.59	26.32	467.72	0	55	2
2024	102	20.82	16.64	26.28	403.22	0	55	2
2024	103	20.37	16.5	24.76	394.07	0	55	2
2024	104	19.98	17.24	23.99	283.53	0	55	2
2024	105	20.43	17.16	25.03	381.75	0	55	2
2024	106	19.59	17.16	24.52	337.59	0	55	2
2024	107	20.04	16.62	24.46	380.13	0	55	2
2024	108	20.44	17.3	25.28	457.11	12.3	55	2
2024	109	20.78	17.98	25.29	387.17	0	55	2
2024	110	19.96	16.99	24.12	261.47	0	55	2
2024	111	20.09	16.15	25	409.86	0	55	2
2024	112	19.11	16.83	24.05	261.24	0	55	2
2024	113	19.9	16.84	24.63	393.14	0.1	55	2
2024	114	20.22	17.92	24.13	287.86	0	55	2
2024	115	20.01	17.38	24.69	397.84	0	55	2
2024	116	19.21	17.84	24.04	248.92	24.9	55	2
2024	117	18.35	16.25	22.65	322.38	31.8	55	2
2024	118	19.75	17.01	24.01	363.68	0.6	55	2
2024	119	19.52	17.46	22.63	322.68	0.3	55	2
2024	120	18.98	16.26	24.9	308.6	61.1	55	2
2024	121	20.46	17.01	26.24	370.88	4.8	55	2
2024	122	19.78	17.34	24.71	313.36	33.6	55	2
2024	123	19.37	17.6	24.77	220.98	6.1	55	2
2024	124	20.26	17.52	23.67	250.35	11	55	2
2024	125	18.93	16.82	23.3	199.33	43	55	2
2024	126	19.81	16.73	25.59	355.03	0.3	55	2
2024	127	18.57	15.88	22.23	194.62	26.6	55	2
2024	128	18.94	16.7	22.76	265.87	3.2	55	2
2024	129	18.61	16.65	22.64	272.42	1.5	55	2
2024	130	18.29	15.7	21.96	221.21	0.2	55	2
2024	131	18.43	16.26	22.18	245.47	0.9	55	2
*	*	tavg	tmin	tmax	grad	prec	rh	wind
2018	208	18.93	14.78	24.08	314.83	1.72	55	2
2018	209	18.93	14.78	24.08	314.83	1.72	55	2
2018	210	18.93	14.78	24.08	314.83	1.72	55	2
2018	211	16.6	15.06	23.09	314.83	55.62	55	2
2018	212	16.77	13.75	20.4	256.94	0	55	2
2018	213	17.61	14.08	23.6	276.25	0	55	2
2018	214	17.15	11.43	24.45	370.21	0	55	2
2018	215	16.59	11.45	23.44	418.89	0	55	2
2018	216	15.9	11.46	21.9	229.4	0	55	2
2018	217	15.41	12.37	19.38	129.79	0	55	2
2018	218	16.55	11.15	22.11	335.6	0	55	2
2018	219	16.84	10.31	23.81	393.76	0	55	2
2018	220	17.32	10.45	24.61	358.97	0	55	2
2018	221	17.43	12.32	23.1	267.85	0	55	2
2018	222	16	11.45	21.38	279.77	0	55	2
2018	223	16.26	13.13	21.55	267.28	0	55	2
2018	224	16.09	12.1	20.98	300.57	0	55	2
2018	225	14.86	10.78	18.88	186.99	0	55	2
2018	226	16.17	10.4	22.59	362.45	0	55	2
2018	227	15.73	12.18	21.02	193.29	0	55	2
2018	228	14.76	10.47	19.42	191.7	0.1	55	2
2018	229	15.07	12.45	18.64	137.54	0	55	2
2018	230	15.17	11.67	19.21	193.86	0	55	2
2018	231	15.93	12.67	21.26	194.07	0	55	2
2018	232	15.73	11.44	21.28	264.54	0	55	2
2018	233	16.31	10.78	21.12	185.61	0	55	2
2018	234	17.06	10.96	24.12	296.86	0	55	2
2018	235	15.91	13.39	18.69	113.44	0	55	2
2018	236	17.29	12.49	23.06	215.29	0	55	2
2018	237	17.74	11.88	23.37	259.16	0	55	2
2018	238	17.09	14.4	22.17	179.34	0	55	2
2018	239	17.73	12.36	24.35	261.63	1.5	55	2
2018	240	15.93	14.09	18.77	90.39	0.1	55	2
2018	241	16.37	13.47	19.55	143.68	0	55	2
2018	242	16.82	12.71	21.06	211.61	0	55	2
2018	243	16.56	13.2	20.14	201.46	0	55	2
2018	244	15.47	11.77	19.59	120.08	0	55	2
2018	245	16.34	13.18	21.05	108.2	0	55	2
2018	246	16.62	10.71	22.47	210.51	0	55	2
2018	247	16.42	11.88	21.52	192.35	0	55	2
2018	248	18.1	14.54	23.26	341.28	0	55	2
2018	249	17.83	13.62	23.34	294.5	0	55	2
2018	250	17.77	12.83	23.71	399.68	0	55	2
2018	251	17.86	11.99	23.8	348.42	0	55	2
2018	252	18.95	11.89	26.47	388.1	0	55	2
2018	253	20.02	14.37	26.75	362.86	0	55	2
2018	254	19.08	14.84	24.56	375.28	0	55	2
2018	255	18.01	11.4	24.92	382.86	0	55	2
2018	256	18.9	13.46	25.21	381.15	0	55	2
2018	257	19.74	13.81	25.91	344.46	0	55	2
2018	258	18.99	11.42	26.66	390.95	0	55	2
2018	259	19.42	11.63	26.66	386.21	0	55	2
2018	260	19.04	11.43	26.8	343.9	0	55	2
2018	261	17.96	11.56	25.69	367.38	0	55	2
2018	262	17.7	12.25	24.73	302.25	0	55	2
2018	263	19.23	12.66	26.44	402.75	0	55	2
2018	264	19.45	14.45	26.2	375.51	0	55	2
2018	265	18.16	13.01	23.56	276.9	0	55	2
2018	266	18.54	13	24.95	348.03	0	55	2
2018	267	17.97	10.74	25.28	390.05	0	55	2
2018	268	19.07	13.96	24.87	307.7	0	55	2
2018	269	19.44	12.78	26.23	338.76	0	55	2
2018	270	18.55	14.65	22.86	262.62	0	55	2
2018	271	19.11	15.23	24.79	325.26	0	55	2
2018	272	19.34	13.57	26.13	340.5	0	55	2
2018	273	19.39	13.99	25.7	427.6	0	55	2
2018	274	17.9	10.42	24.28	386.57	0	55	2
2018	275	17.91	12.04	24.29	294.81	0	55	2
2018	276	19.27	13.9	26.01	413.41	0	55	2
2018	277	18.69	14.18	24.05	302.87	0	55	2
2018	278	19	13.03	25.49	363.15	0	55	2
2018	279	20.11	15.16	27	385.89	0	55	2
2018	280	19.04	14.53	26.46	290.14	9.9	55	2
2018	281	18.55	12.95	24.16	240.49	0.8	55	2
2018	282	18.75	13.47	23.91	311.96	0	55	2
2018	283	18.24	11.88	24.24	315.37	0	55	2
2018	284	19.1	13.37	25.09	377.15	0	55	2
2018	285	19.43	12.16	27.16	366.53	0	55	2
2018	286	20.2	15.51	26.89	293.92	0	55	2
2018	287	19.65	13.54	27.37	321.8	0	55	2
2018	288	20.14	14.71	26.35	314.3	0	55	2
2018	289	19.71	14.4	26.68	341.22	0	55	2
2018	290	20.39	15.48	26.25	376.21	0	55	2
2018	291	20.39	15.87	26.02	379.61	0	55	2
2018	292	20.31	15.81	26.36	397.83	0	55	2
2018	293	20.49	14.78	26.48	391.04	0	55	2
2018	294	20.02	14.68	25.48	360.18	0	55	2
2018	295	18.92	13.1	24.48	374.51	0	55	2
2018	296	16.42	14.08	19.6	163.05	3.47	55	2
2018	297	16.35	14.69	20.04	153.87	0.2	55	2
2018	298	16.83	14.17	20.52	222.11	1.77	55	2
2018	299	17.71	13.7	22.47	223.85	0	55	2
2018	300	17.7	14.69	22.5	294.16	5.41	55	2
2018	301	18.28	15.04	23.01	309.42	0	55	2
2018	302	19.17	15.27	24.55	351.5	0.7	55	2
2018	303	19.89	15.03	25.79	322.87	0	55	2
2018	304	20.03	14.3	26.13	403.31	0	55	2
2018	305	19.99	15.47	25.36	316.21	0	55	2
2018	306	19.37	16.13	24.78	383.44	7.9	55	2
2018	307	19.21	16.09	23.98	393.38	0	55	2
2018	308	19.08	13.71	24.8	369.02	0	55	2
2018	309	19.44	11.7	25.56	432.47	0	55	2
2018	310	19.74	14.41	26.24	383.09	0	55	2
2018	311	20.32	14.14	27.57	406.81	0	55	2
2018	312	20.67	13.74	27.57	379.04	0	55	2
2018	313	19.87	14.81	26.38	219.56	0	55	2
2018	314	20.48	16.14	26.03	328.17	0	55	2
2018	315	19.61	14.55	25.78	380.24	0.2	55	2
2018	316	20.24	15.57	26.12	397.15	0.1	55	2
2018	317	19.54	16.05	24.82	315.32	0	55	2
2018	318	19.49	14.22	25.02	377.69	0	55	2
2018	319	20.39	14.1	26.93	415.72	0	55	2
2018	320	20.68	12.65	27.66	399.72	0	55	2
2018	321	19.15	15.92	25.36	227.87	0.1	55	2
2018	322	20.25	14.31	26.69	398.8	0	55	2
2018	323	19.77	14.5	25.3	369.3	20.5	55	2
2018	324	19.19	15.69	23.1	335.81	16.58	55	2
2018	325	18.36	15.97	23.18	250.84	20.7	55	2
2018	326	19.18	15.47	24.07	315.27	0	55	2
2018	327	19.53	14.45	24.87	413.16	0	55	2
2018	328	18.93	15.54	23.66	343.05	0	55	2
2018	329	18.58	15.5	23.29	404.82	4.49	55	2
2018	330	17.72	14.97	22.08	340.87	32.53	55	2
2018	331	18.73	14.89	23.52	389.35	1.02	55	2
2018	332	19.07	15.64	23.53	362.12	0	55	2
2018	333	18.22	15.77	22.2	346.84	12.3	55	2
2018	334	18.6	15.89	22.8	381.4	2.4	55	2
2018	335	17.46	15.31	21.46	315.23	2.8	55	2
2018	336	18.07	14.47	22.93	345.04	0	55	2
2018	337	18.74	15.35	23.64	417.43	0	55	2
2018	338	18.14	15.39	23.18	365.68	14.9	55	2
2018	339	18.33	15.75	23.16	377.03	18.1	55	2
2018	340	19.59	15.82	24.58	449.29	1.9	55	2
2018	341	19.61	16.37	24.04	461.93	0	55	2
2018	342	17.98	14.3	22.32	318.92	29.6	55	2
2018	343	19.39	16.28	23.75	435.35	0.6	55	2
2018	344	18.07	15.6	22.15	245.69	2.8	55	2
2018	345	17.23	14.44	21.16	260.87	23.49	55	2
2018	346	19.3	14.58	24.57	413.87	0	55	2
2018	347	18.55	14.4	22.86	405.65	2.9	55	2
2018	348	18.48	15.39	23.26	448.86	18.26	55	2
2018	349	17.68	15.29	22.32	353.04	24.7	55	2
2018	350	18.07	13.16	22.97	446.13	0.1	55	2
2018	351	18.6	14.25	23.53	472.09	0	55	2
2018	352	19.19	14.38	24.29	459.03	0	55	2
2018	353	19.19	16.48	23.37	278.22	1.3	55	2
2018	354	18.71	15.5	23.56	367.87	0	55	2
2018	355	18.15	13.4	23.73	344.3	0	55	2
2018	356	18.84	14.16	24.48	384.57	0	55	2
2018	357	19.04	14.56	24.14	457.5	0	55	2
2018	358	18.27	14.18	23.31	420.96	0	55	2
2018	359	18.4	13.73	23.94	399.99	0	55	2
2018	360	18.25	14.04	22.74	413.96	0	55	2
2018	361	18.44	15.12	23.32	403.55	0	55	2
2018	362	18.67	13.86	24.89	445.89	0	55	2
2018	363	19.29	14.46	25.22	444.74	0	55	2
2018	364	19.29	15.61	24.64	402.79	0.1	55	2
2018	365	18.67	14.93	23.53	404.13	0	55	2
2019	1	18.09	12.83	24.2	382.89	0	55	2
2019	2	18.99	12.82	24.75	430.36	0	55	2
2019	3	19.15	14.07	24.68	446.47	0	55	2
2019	4	17.56	14.63	22	297.77	7.7	55	2
2019	5	18.12	15.54	21.81	347.24	1.5	55	2
2019	6	18.85	14.89	24.31	454.24	0	55	2
2019	7	19.42	13.92	24.92	453.72	0	55	2
2019	8	16.29	15.98	16.77	314.83	0	55	2
2019	9	18.93	14.78	24.08	314.83	1.72	55	2
2019	10	21.88	18.88	24.35	417.75	0	55	2
2019	11	19.72	15.9	24.62	360.29	0.2	55	2
2019	12	18.57	14.04	24.13	407.69	0	55	2
2019	13	15.86	15.86	15.86	314.83	0	55	2
2019	14	18.93	14.78	24.08	314.83	1.72	55	2
2019	15	18.93	14.78	24.08	314.83	1.72	55	2
2019	16	18.93	14.78	24.08	314.83	1.72	55	2
2019	17	18.93	14.78	24.08	314.83	1.72	55	2
2019	18	18.93	14.78	24.08	314.83	1.72	55	2
2019	19	18.93	14.78	24.08	314.83	1.72	55	2
2019	20	18.93	14.78	24.08	314.83	1.72	55	2
2019	21	18.93	14.78	24.08	314.83	1.72	55	2
2019	22	18.93	14.78	24.08	314.83	1.72	55	2
2019	23	18.93	14.78	24.08	314.83	1.72	55	2
2019	24	18.93	14.78	24.08	314.83	1.72	55	2
2019	25	18.93	14.78	24.08	314.83	1.72	55	2
2019	26	18.93	14.78	24.08	314.83	1.72	55	2
2019	27	18.93	14.78	24.08	314.83	1.72	55	2
2019	28	18.93	14.78	24.08	314.83	1.72	55	2
2019	29	18.93	14.78	24.08	314.83	1.72	55	2
2019	30	18.93	14.78	24.08	314.83	1.72	55	2
2019	31	18.93	14.78	24.08	314.83	1.72	55	2
2019	32	22.63	17.96	26.57	452.51	0	55	2
2019	33	20.53	12.89	28.07	425.11	0	55	2
2019	34	16.58	13.78	23.03	179.79	0	55	2
2019	35	18.93	14.78	24.08	314.83	1.72	55	2
2019	36	18.93	14.78	24.08	314.83	1.72	55	2
2019	37	18.93	14.78	24.08	314.83	1.72	55	2
2019	38	18.93	14.78	24.08	314.83	1.72	55	2
2019	39	18.93	14.78	24.08	314.83	1.72	55	2
2019	40	18.93	14.78	24.08	314.83	1.72	55	2
2019	41	21.52	16.9	25.44	433.52	0	55	2
2019	42	20.07	13.71	27.33	423.16	0	55	2
2019	43	19.55	13.42	26.11	421.27	0	55	2
2019	44	19.03	13.44	26.08	421.52	0	55	2
2019	45	19.58	14.34	25.68	391.37	0	55	2
2019	46	21.04	14.82	27.39	401.35	0	55	2
2019	47	21.28	17.33	26.89	330.92	0	55	2
2019	48	21.53	16.73	26.84	361.47	0	55	2
2019	49	21.98	14.02	29.49	419.62	0	55	2
2019	50	21.96	15.24	29.6	395.61	0	55	2
2019	51	21.36	16.15	27.52	433.98	0	55	2
2019	52	20.45	16.33	25.87	403.07	3.7	55	2
2019	53	20.39	15.57	26.48	422.97	0	55	2
2019	54	20.63	15.6	27.71	372.27	0.6	55	2
2019	55	20.4	15.79	27.76	330.13	0	55	2
2019	56	21.19	15.91	27.88	392.57	1.7	55	2
2019	57	21.65	14.89	28.85	446.15	0	55	2
2019	58	21.04	13.94	27.47	429.46	0	55	2
2019	59	21.37	13.54	28.47	438.6	0	55	2
2019	60	22.64	13.59	30.69	430.31	0	55	2
2019	61	22.72	15.86	29.74	204.26	0	55	2
2019	62	22.98	16.43	30.63	381	0.6	55	2
2019	63	21.09	15.58	27.9	348.69	5.1	55	2
2019	64	20.78	15.75	26.9	444.39	21.9	55	2
2019	65	21.63	14.55	28.62	484.64	0	55	2
2019	66	22.19	15.63	29.16	470.57	0	55	2
2019	67	22.11	14.65	28.63	479.44	0	55	2
2019	68	21.25	15.03	27.9	451.69	0	55	2
2019	69	21.17	15.11	27.8	457.54	0	55	2
2019	70	20.9	13.91	27.46	425.21	0	55	2
2019	71	21.6	14.71	29	427.74	0	55	2
2019	72	21.42	14.9	28.32	412.15	0	55	2
2019	73	19.82	15.38	25.89	417.68	0	55	2
2019	74	20.6	14.82	26.72	453.15	0	55	2
2019	75	20.71	15.08	26.86	386.27	0	55	2
2019	76	20.72	14.79	28.05	510.68	0	55	2
2019	77	18.93	14.78	24.08	314.83	1.72	55	2
2019	78	18.93	14.78	24.08	314.83	1.72	55	2
2019	79	18.93	14.78	24.08	314.83	1.72	55	2
2019	80	18.93	14.78	24.08	314.83	1.72	55	2
2019	81	18.93	14.78	24.08	314.83	1.72	55	2
2019	82	23.62	18.95	27.31	440.02	0	55	2
2019	83	21.34	16.18	27.52	370.37	0	55	2
2019	84	21.87	14.94	29.24	400.42	0	55	2
2019	85	22.6	15.76	30.18	397.29	0	55	2
2019	86	22.12	16.25	28.07	379.65	0	55	2
2019	87	21.24	15.86	27.26	375.7	0	55	2
2019	88	22.06	16.53	28.38	350.25	0	55	2
2019	89	22.1	16.45	27.58	336.73	4.7	55	2
2019	90	22	15.7	28.75	397.86	0.1	55	2
2019	91	21.96	16.23	28.24	386.57	0	55	2
2019	92	22.16	16.71	28.48	387.74	0	55	2
2019	93	22.42	16.14	28.6	405.31	0	55	2
2019	94	21.67	16.93	27.45	348.15	0	55	2
2019	95	21.3	16.46	26.72	311.94	0	55	2
2019	96	21.26	15.94	27.21	340.13	0	55	2
2019	97	21.54	16.3	27.53	380.67	0	55	2
2019	98	22.08	15.12	29.02	433.56	0	55	2
2019	99	18.68	17.78	19.79	314.83	0	55	2
2019	100	18.93	14.78	24.08	314.83	1.72	55	2
2019	101	18.93	14.78	24.08	314.83	1.72	55	2
2019	102	18.93	14.78	24.08	314.83	1.72	55	2
2019	103	18.93	14.78	24.08	314.83	1.72	55	2
2019	104	18.93	14.78	24.08	314.83	1.72	55	2
2019	105	18.93	14.78	24.08	314.83	1.72	55	2
2019	106	18.93	14.78	24.08	314.83	1.72	55	2
2019	107	24.38	20.09	28.4	255.72	0	55	2
2019	108	22.11	15.59	28.47	305.38	0	55	2
2019	109	22.12	16.34	28.11	304.27	0	55	2
2019	110	22.54	16.67	28.87	267.05	0	55	2
2019	111	21.69	16.65	28.78	256.67	0.9	55	2
2019	112	20.99	16.4	26.62	254.24	7.4	55	2
2019	113	19.96	17.53	24.4	159.98	6.5	55	2
2019	114	19.86	15.88	26.74	351.42	29	55	2
2019	115	20	17.28	24.69	191.9	0	55	2
2019	116	20.13	16.78	24.42	372.53	11.2	55	2
2019	117	19.93	15.21	25.02	334.21	19.71	55	2
2019	118	20.52	16.44	26.21	440.95	0	55	2
2019	119	20.56	16.43	25.09	391.88	0.8	55	2
2019	120	19.64	16.1	24.67	352.33	1.2	55	2
2019	121	20.02	16.1	25.73	430.25	0	55	2
2019	122	20.34	15.33	26.28	422.02	0	55	2
2019	123	20.26	16.68	24.94	313.68	0	55	2
2019	124	19.65	16.25	23.98	281.23	0	55	2
2019	125	19.99	16.26	25.28	320.52	0	55	2
2019	126	19.81	16.16	24.77	372.3	1.6	55	2
2019	127	19.74	15.95	25.12	353.41	0	55	2
2019	128	20.2	16.09	24.85	349.12	0	55	2
2019	129	19.66	15.22	24.5	308.71	0	55	2
2019	130	19.63	16.08	24.92	271.54	0	55	2
2019	131	19.5	15.7	24.83	311.76	0	55	2
2019	132	19.38	16.02	24.63	289.69	0.2	55	2
2019	133	19.59	14.75	24.37	277.79	0	55	2
2019	134	19.57	15.62	24.86	304.15	0	55	2
2019	135	20.15	15.52	25.83	358.4	0	55	2
2019	136	19.67	14.88	24.33	277.47	0	55	2
2019	137	19.62	14.87	24.8	263.57	0	55	2
2019	138	18.57	16.31	22.29	268.17	10.7	55	2
2019	139	17.69	15.03	20.46	200.98	0	55	2
2019	140	18.5	14.18	22.36	264.59	0	55	2
2019	141	18.89	14.07	24.23	320	0	55	2
2019	142	18.84	14.79	24.05	226.1	0	55	2
2019	143	18.54	15.49	22.67	282.26	0	55	2
2019	144	18.02	14.76	23.12	340.41	0	55	2
2019	145	17.95	15.73	21.96	233.68	0	55	2
2019	146	17.69	15.52	21.09	211.7	3	55	2
2019	147	18.18	15.76	22.11	251.02	0	55	2
2019	148	17.93	14.36	21.84	201.51	0	55	2
2019	149	18.45	15.47	22.57	259.82	0	55	2
2019	150	18.98	13.86	24.03	343.84	0	55	2
2019	151	18.74	14.86	23.74	203.36	0	55	2
2019	152	19.36	15.9	26.37	332.48	0	55	2
2019	153	18.3	15.86	25.48	296.98	23.37	55	2
2019	154	18.79	15.86	23.39	319.46	0	55	2
2019	155	18.12	14.67	22.13	243.64	0	55	2
2019	156	16.84	15.01	19.19	118.16	0	55	2
2019	157	17.27	14.15	21.34	222.71	23.8	55	2
2019	158	17.88	14.75	21.6	247.63	0	55	2
2019	159	18.53	14.92	23.31	307.51	0	55	2
2019	160	16.81	15.65	18.91	88.11	0.6	55	2
2019	161	16.02	14.19	18.7	106.72	0	55	2
2019	162	17.12	13.54	20.82	212.6	0	55	2
2019	163	17.67	14.32	20.69	150.08	0	55	2
2019	164	18.31	14.85	22.75	260.22	0	55	2
2019	165	17.51	14.36	21.77	228.41	0	55	2
2019	166	16.85	13.84	20.65	210.67	0	55	2
2019	167	17.9	13.41	23.5	287.13	0	55	2
2019	168	17.89	11.91	23.72	354.22	0	55	2
2019	169	16.99	12.83	21.42	185.43	0	55	2
2019	170	18.41	13.15	24.45	306.49	0	55	2
2019	171	18.09	13.8	22.92	257.47	0	55	2
2019	172	16.28	13.91	18.74	115.72	0	55	2
2019	173	18.07	13.93	23.24	289.99	0	55	2
2019	174	18.56	14.17	25.27	347.62	0.2	55	2
2019	175	18.71	14.17	24.32	234.05	0	55	2
2019	176	17.19	13.19	20.82	171.41	0	55	2
2019	177	17.54	14.61	22.73	168.89	0	55	2
2019	178	17.66	13.55	22.06	171.55	0	55	2
2019	179	16.94	13.95	21.81	209.48	0	55	2
2019	180	17.74	11.85	24.73	376.87	0	55	2
2019	181	17.93	11.47	24.61	293.81	0	55	2
2019	182	18.81	13.31	24.6	355.33	0	55	2
2019	183	18.68	12.96	24.5	302.97	0	55	2
2019	184	17.95	14.3	21.36	151.54	0	55	2
2019	185	17.9	12.35	23.86	300.31	0	55	2
2019	186	18.42	12.86	24.56	303.34	0	55	2
2019	187	17.87	14.63	22.66	221.02	0	55	2
2019	188	17.85	13.7	23.31	210.01	0	55	2
2019	189	18.44	12.39	24.56	293.68	0	55	2
2019	190	18.78	12.94	24.98	334.15	0	55	2
2019	191	18.36	12.39	24.25	254.04	0	55	2
2019	192	18.57	13.6	23.86	284.97	0	55	2
2019	193	19.03	13.91	24.83	324.99	0	55	2
2019	194	17.2	12.31	22.17	167.08	0	55	2
2019	195	17.31	11.73	22.82	244.39	0	55	2
2019	196	17.34	12.64	22.77	219.16	0	55	2
2019	197	16.33	12.08	20.61	192.51	0	55	2
2019	198	16.31	13.61	20.22	152.09	0	55	2
2019	199	17.26	12.94	22.71	337.88	0.8	55	2
2019	200	17.01	13.63	21.97	248.29	0	55	2
2019	201	16.91	13.07	22.83	187.85	0	55	2
2019	202	18.76	11.56	25.88	320.47	0	55	2
2019	203	17.12	13.12	23.38	201.97	0	55	2
2019	204	17.71	10.84	25.25	331.39	0	55	2
2019	205	17.7	11.23	24.66	282.07	0	55	2
2019	206	18.25	11.51	25.81	356.65	0	55	2
2019	207	17.23	12.01	24.51	344.37	0	55	2
2019	208	16.37	10.47	23.42	277.17	0	55	2
2019	209	16.86	11.64	22.32	223.75	0	55	2
2019	210	17.92	12.38	22.83	252.05	0	55	2
2019	211	16.95	13.02	20.8	139.87	0	55	2
2019	212	17.85	14.64	22.22	137.04	5.5	55	2
2019	213	19.04	13.92	25.13	337.48	0	55	2
2019	214	17.43	11.77	23.22	242.46	0	55	2
2019	215	17.74	13.27	22.95	386.33	2.24	55	2
2019	216	17.64	11.11	24.33	401.78	0	55	2
2019	217	18.25	11.2	25.79	379.67	0	55	2
2019	218	19.24	10.89	27.05	347.98	0	55	2
2019	219	18.79	15.69	23.92	276.47	0	55	2
2019	220	18.2	13.84	23.44	336.18	0	55	2
2019	221	17.18	11.21	22.86	342.07	0	55	2
2019	222	17.02	11.51	22.78	255.15	0	55	2
2019	223	16.22	13.92	20.35	164.02	0	55	2
2019	224	16.57	11.91	22.01	293.3	0	55	2
2019	225	17.53	13.12	24.09	316.05	0	55	2
2019	226	16.61	13.48	20.82	164.39	0	55	2
2019	227	16.27	10.48	21.53	198.76	0	55	2
2019	228	16.83	13.06	20.04	168.04	0	55	2
2019	229	16.87	10.76	21.79	204.02	0	55	2
2019	230	17.39	13.13	22.2	215.61	0	55	2
2019	231	15.55	12.98	18.9	115.76	0	55	2
2019	232	16.64	11.71	22.91	232.34	0	55	2
2019	233	17.54	12.73	23.05	279.89	0	55	2
2019	234	17.88	13.19	23.81	243.37	0	55	2
2019	235	19.08	14.36	25.12	376.06	0	55	2
2019	236	18.18	14.07	24.02	265.79	0	55	2
2019	237	18.12	13.09	23.77	366.24	0.6	55	2
2019	238	18.7	13.64	24.5	369.56	0	55	2
2019	239	18.86	14.11	24.05	221.6	0	55	2
2019	240	18.44	11.76	25.4	331.85	0	55	2
2019	241	18.78	13.52	23.91	229.72	0	55	2
2019	242	18.13	14.9	22.54	205.69	0	55	2
2019	243	18.5	14.33	25.01	216.46	10.8	55	2
2019	244	17.97	14.87	27.12	390.47	31.2	55	2
2019	245	17.39	13.12	22.63	341.16	0	55	2
2019	246	17.63	14.82	22.54	195.14	0	55	2
2019	247	17.57	12.92	22.5	256.83	0	55	2
2019	248	17.44	13.29	22.02	196.91	0	55	2
2019	249	18.52	12.92	24.57	367.69	0	55	2
2019	250	17.65	15.03	22.1	185.51	0	55	2
2019	251	16.47	12.95	20.12	156.38	0	55	2
2019	252	18.15	12.92	23.88	299.37	0	55	2
2019	253	18	14.77	23.35	211	0.2	55	2
2019	254	18.26	14.4	23.63	293.75	0.31	55	2
2019	255	18.97	13.41	24.95	380.47	0	55	2
2019	256	18.79	12.07	25.68	386.65	0	55	2
2019	257	19.18	12.88	26.26	395.15	0	55	2
2019	258	19.37	14.21	26.28	373.74	0	55	2
2019	259	18.66	13.12	24.72	387.26	0	55	2
2019	260	18.6	11.74	25.31	380.36	0	55	2
2019	261	19.36	12.84	26.39	307.46	0	55	2
2019	262	18.32	11.52	25.06	421.34	0	55	2
2019	263	18.3	10.69	24.81	376.58	0	55	2
2019	264	18.68	11.87	25.46	344.21	0	55	2
2019	265	18.64	12.03	25.7	391.02	0	55	2
2019	266	18.72	12.85	25.54	329.79	0	55	2
2019	267	18.01	14.36	22.41	252.72	0	55	2
2019	268	15.53	13.33	20.49	214.45	0	55	2
2019	269	18.93	14.78	24.08	314.83	1.72	55	2
2019	270	18.91	14.87	23.32	165.82	0	55	2
2019	271	19.98	13.26	26.78	380.22	0	55	2
2019	272	19.86	12.87	27.43	399.6	0	55	2
2019	273	20.83	13.8	27.98	385.93	0	55	2
2019	274	19.33	15.2	26.67	285.42	2.5	55	2
2019	275	18.41	13.74	24.03	310.27	0	55	2
2019	276	19.55	15.95	25.07	329.85	0	55	2
2019	277	18.79	14.17	23.39	345.47	0	55	2
2019	278	18.25	14.72	23.56	200.92	0.41	55	2
2019	279	17.18	14.37	21.73	268.66	0	55	2
2019	280	18.49	13.03	23.96	424.08	0	55	2
2019	281	19.44	12.55	25.73	450.27	0	55	2
2019	282	19.36	16.02	24.8	352.41	3.8	55	2
2019	283	17.87	14.14	23.07	293.4	0.3	55	2
2019	284	17.84	15.21	22.08	255.47	0	55	2
2019	285	17.5	15.04	21.4	355.59	0	55	2
2019	286	17.52	15.22	21.51	315.38	0	55	2
2019	287	17.79	15.13	21.2	254.73	0	55	2
2019	288	19	15.35	23.62	404.73	0	55	2
2019	289	19.22	14.01	25.17	462.02	0	55	2
2019	290	17.64	15.63	20.59	263.21	55.1	55	2
2019	291	17.36	15.41	20.65	217.49	7.9	55	2
2019	292	18.01	15.58	21.68	248.82	11.3	55	2
2019	293	18.97	15.34	23.73	467.04	0.41	55	2
2019	294	19.21	15.34	24.28	397.4	0	55	2
2019	295	19.52	14.68	25.01	394.09	0.9	55	2
2019	296	19.33	15.77	24.13	440.58	2.3	55	2
2019	297	18.17	15.07	22.69	329.4	24.9	55	2
2019	298	18.28	15.42	22.58	379.64	12.5	55	2
2019	299	18.51	15.63	22.27	444.31	4.2	55	2
2019	300	19.39	15.03	23.96	438.4	0.1	55	2
2019	301	19.24	15.72	24.01	431.63	0	55	2
2019	302	19.29	15.58	24.84	373.55	0	55	2
2019	303	18.53	15.56	23.05	341.59	2.86	55	2
2019	304	18.49	15.22	22.93	338.26	1.3	55	2
2019	305	18.4	14.89	23.32	445.5	0	55	2
2019	306	18.24	14.25	22.92	380.73	0	55	2
2019	307	18.16	13.89	24.39	430.84	0	55	2
2019	308	18.34	14.16	23.7	475.46	0	55	2
2019	309	18.66	14.52	23.76	434.75	0	55	2
2019	310	19.62	15.19	24.96	474.48	0	55	2
2019	311	19.44	16.05	24.72	379.46	0	55	2
2019	312	19.06	16.04	23.76	440.61	0	55	2
2019	313	18.92	13.93	23.98	402.85	0	55	2
2019	314	19.01	15.81	23.62	364.35	0	55	2
2019	315	19.14	15.98	23.86	397.21	0	55	2
2019	316	18.77	16.06	22.7	346.47	0	55	2
2019	317	18.1	15.58	22.25	284.53	0	55	2
2019	318	17.96	15.52	22.28	325.46	0	55	2
2019	319	16.53	16.53	16.53	314.83	0	55	2
2019	320	19.81	16.03	23.91	467.3	0	55	2
2019	321	19.01	14.29	24.06	435.7	0	55	2
2019	322	19.26	15.26	24.25	427.68	0	55	2
2019	323	19.23	15.86	24	393.95	0	55	2
2019	324	18.87	15.26	24.86	438.37	0	55	2
2019	325	19.87	16.63	24.89	393.4	0	55	2
2019	326	19.69	15.39	24.42	497.32	0	55	2
2019	327	17.72	15.47	20.76	252.33	0	55	2
2019	328	18.25	14.93	23.51	294.83	0	55	2
2019	329	17.47	15.09	22.91	333.9	0	55	2
2019	330	17.73	15.01	21.99	324.17	0	55	2
2019	331	18.95	15.62	23.39	467.25	0	55	2
2019	332	18.36	14.34	23.18	448.16	0	55	2
2019	333	18.62	14.36	24.03	347.61	0	55	2
2019	334	18.09	15.94	22.55	269.29	0	55	2
2019	335	18.03	15.75	22.07	417.38	0	55	2
2019	336	18.18	15.73	22.36	251.09	0	55	2
2019	337	18.5	15.93	23.08	319.46	0.7	55	2
2019	338	19.32	15.67	24.27	409.59	1.9	55	2
2019	339	18.13	15.01	22.24	241.34	0	55	2
2019	340	18.97	15.28	23.36	370.43	0	55	2
2019	341	18.55	16.05	21.78	211.11	0	55	2
2019	342	18.45	14.91	23.41	298.76	0	55	2
2019	343	18.62	16.07	23.39	243.02	0	55	2
2019	344	17.65	16.34	20.49	253.04	0	55	2
2019	345	18.11	15.52	22.71	389.31	0	55	2
2019	346	18.21	14.16	23.7	467.72	0	55	2
2019	347	18.85	14.95	23.97	481.55	0	55	2
2019	348	18.15	14.92	22.63	367.68	3.7	55	2
2019	349	18.22	15.09	22.95	315.58	5.1	55	2
2019	350	18.74	15.02	23.64	421.85	0.6	55	2
2019	351	18.58	15.31	23.33	332.73	0	55	2
2019	352	19.04	15.82	23.61	448.48	0	55	2
2019	353	18.14	13.6	23.35	462	0	55	2
2019	354	18.52	13.56	23.94	454.48	0	55	2
2019	355	18.38	14.96	23.58	296.2	3.1	55	2
2019	356	18.21	15.16	22.45	310.19	0	55	2
2019	357	18.85	15.22	23.57	404.09	7.2	55	2
2019	358	19.06	15.76	22.86	280.38	0.1	55	2
2019	359	19.35	15.19	23.96	392.78	5.1	55	2
2019	360	18.84	14.18	24.07	409.3	14.3	55	2
2019	361	20.03	16.84	25.15	378.52	36.7	55	2
2019	362	19.24	16.7	24.57	354.09	16.4	55	2
2019	363	19.78	17.05	23.96	355.18	0.2	55	2
2019	364	18.69	14.02	23.16	439.38	0	55	2
2019	365	18.53	14.56	23.5	428.51	0	55	2
2020	1	18.87	14.27	24.06	469.53	0	55	2
2020	2	18.6	15.09	24.2	445.12	0	55	2
2020	3	18.87	14.79	23.39	376.67	0.01	55	2
2020	4	18.35	14.91	22.96	394.63	0	55	2
2020	5	19.06	13.76	24.8	461.12	0	55	2
2020	6	19.73	16.04	25.18	427.26	0.11	55	2
2020	7	18.65	16.18	22.58	324.78	0.04	55	2
2020	8	17.85	15.51	21.77	286.96	0.12	55	2
2020	9	18.29	14.92	23.68	342.42	0.03	55	2
2020	10	19.33	15.43	25.04	406.3	0	55	2
2020	11	19.79	14.86	25.57	437.53	0	55	2
2020	12	19.92	15.97	26.22	491.23	0	55	2
2020	13	18.14	15.62	23.12	290.94	0.17	55	2
2020	14	19.17	15.59	23.34	401.38	0	55	2
2020	15	19.66	16.05	24.3	473.97	0	55	2
2020	16	19.26	15.72	23.54	355.04	0	55	2
2020	17	19.23	15.23	24.32	329.11	0	55	2
2020	18	19.7	15.63	25.21	479.84	0	55	2
2020	19	19.62	14.57	25.27	393.97	0	55	2
2020	20	19.77	14.66	25.74	458.69	0	55	2
2020	21	19.97	15.24	25.14	396.49	0	55	2
2020	22	19.73	16.27	23.65	330.99	0	55	2
2020	23	19.23	16.72	23.31	318.2	0	55	2
2020	24	18.93	16.77	22.39	210.71	0	55	2
2020	25	18.92	16.13	23.47	296.29	0	55	2
2020	26	18.22	16.01	21.8	276.24	0.17	55	2
2020	27	18.12	15.76	21.76	282.48	0.03	55	2
2020	28	17.49	15.28	20.93	257.55	0.18	55	2
2020	29	18.97	15.65	23.87	461.04	0	55	2
2020	30	19.13	16.02	23.8	443.8	0	55	2
2020	31	19.57	15.45	24.69	377.76	0	55	2
2020	32	18.54	15.06	23.73	363.93	93.1	55	2
2020	33	18.6	15.45	24.21	355.74	0	55	2
2020	34	18.98	15.14	24.18	447.03	0	55	2
2020	35	19	14.47	24	419.05	0	55	2
2020	36	18.62	13.05	23.96	459.94	0	55	2
2020	37	18.63	14.81	24.55	487.28	0	55	2
2020	38	19.15	13.23	25.6	518.24	0	55	2
2020	39	18.71	14.71	24.32	444.89	0	55	2
2020	40	18.43	14.38	24	469.73	0	55	2
2020	41	18.83	12.55	25.98	494.42	0	55	2
2020	42	20	12.81	27.74	490.81	0	55	2
2020	43	20.25	13.96	26.15	472.93	0	55	2
2020	44	19.63	15.65	24.61	402.75	0	55	2
2020	45	19.28	16.14	24.18	465.96	0	55	2
2020	46	18.36	15.79	23.66	325.99	0	55	2
2020	47	18.19	15.73	22.67	312.79	0	55	2
2020	48	19.41	15.51	24.99	466.85	0	55	2
2020	49	19.31	14.86	24.59	494.15	0	55	2
2020	50	19.72	16.24	25.13	464.39	0	55	2
2020	51	20.29	14.47	26.54	495.54	0	55	2
2020	52	20.38	15.67	26.27	454.61	0	55	2
2020	53	19.54	15.71	25.24	329.88	16.55	55	2
2020	54	19.7	16.55	24.63	340.45	1.45	55	2
2020	55	19.7	16.31	25.16	464.48	0.01	55	2
2020	56	20.61	14.28	27.14	448.61	0	55	2
2020	57	20.28	16.85	26.37	402.66	0	55	2
2020	58	19.76	15.89	25.47	461.75	0	55	2
2020	59	20.01	16.43	25.48	435.3	0	55	2
2020	60	20.47	14.51	26.99	354.41	0	55	2
2020	61	20.14	15.93	27.25	291.59	0.03	55	2
2020	62	18.85	15.83	25.19	350.66	22.43	55	2
2020	63	20.49	16.49	25.46	399.28	0	55	2
2020	64	20.53	16.73	26.12	429.64	0	55	2
2020	65	19.8	15.12	27.37	437.93	0.74	55	2
2020	66	20.34	15.4	26.9	471.3	0	55	2
2020	67	20.39	15.21	27.03	448.57	0	55	2
2020	68	19.97	16.25	25.24	479.28	0	55	2
2020	69	19.9	16.92	25.4	317.32	0	55	2
2020	70	20.26	16.56	25.56	461.44	0	55	2
2020	71	20.07	15.98	25.99	432.07	0	55	2
2020	72	19.85	16.71	25.09	345.83	0	55	2
2020	73	20.18	16.54	25.71	404.12	0	55	2
2020	74	19.38	14.63	25.86	362.45	0.01	55	2
2020	75	20.48	16.06	26.94	455.22	0	55	2
2020	76	20.82	15.91	28.21	434.75	0	55	2
2020	77	20.26	17.18	25.81	418.44	0	55	2
2020	78	20.14	16.06	25.72	407.62	0	55	2
2020	79	19.34	15.33	25.4	387.04	0.03	55	2
2020	80	19.81	15.53	26.22	434.78	0	55	2
2020	81	19.51	15.85	25.09	505.42	0.03	55	2
2020	82	19.57	15.35	25.1	462.21	0	55	2
2020	83	20.05	14.28	26.85	455.02	0	55	2
2020	84	20.23	15.97	26.7	343.99	0	55	2
2020	85	20.5	16.36	26.2	315.29	0	55	2
2020	86	19.99	15.44	26.75	286.62	0.32	55	2
2020	87	18.78	15.75	24.97	319.5	0.04	55	2
2020	88	19.73	16.34	24.86	271.81	0	55	2
2020	89	18.97	14.05	25.29	437.57	0.23	55	2
2020	90	19.92	15.37	25.89	437.07	0	55	2
2020	91	20.24	17.01	24.89	430.22	0	55	2
2020	92	20.12	15.33	25.56	438.76	0	55	2
2020	93	19.28	14.25	25	392.3	0	55	2
2020	94	19.62	16.52	24.58	426.88	0	55	2
2020	95	19.49	15.39	24.53	451.49	0	55	2
2020	96	19.65	15.37	25.35	410.32	0	55	2
2020	97	19.59	16.05	25.32	408.02	0	55	2
2020	98	19.49	17.26	23.81	305.61	0	55	2
2020	99	19.88	16.1	24.92	484.47	0	55	2
2020	100	19.44	14.56	25.31	375.02	0	55	2
2020	101	19.82	15.71	24.83	439.62	0	55	2
2020	102	19.84	14.45	26.31	431.69	0	55	2
2020	103	19.71	13.39	26.15	350.85	0	55	2
2020	104	19.84	16.24	24.76	232.22	0	55	2
2020	105	19.66	15.75	26.32	253.77	0	55	2
2020	106	19.55	15.93	26.53	372.36	0.1	55	2
2020	107	19.2	14.99	25.94	410.63	0	55	2
2020	108	19.35	14.96	25.09	119.55	0	55	2
2020	109	19.19	16.96	26	237.2	0.09	55	2
2020	110	18.53	15.63	22.94	280.19	0	55	2
2020	111	18.87	16.19	23.77	257.73	0.36	55	2
2020	112	18.71	15.45	24.2	345.28	2.18	55	2
2020	113	18.61	15.47	22.27	169.02	7.01	55	2
2020	114	16.82	15.37	19.12	134.64	191.91	55	2
2020	115	18.99	14.84	24.44	321.92	0	55	2
2020	116	18.38	14.91	22.32	271.42	11.13	55	2
2020	117	18.71	16.6	24.71	232.66	3.63	55	2
2020	118	18.41	13.85	22.36	306.33	0	55	2
2020	119	18.98	14.05	24.83	368.93	0	55	2
2020	120	19.31	16.56	23.75	221.08	0	55	2
2020	121	19.48	16.45	24.7	393.38	0	55	2
2020	122	18.96	15.79	24.42	357.86	0	55	2
2020	123	19	16.27	24.21	233.44	0	55	2
2020	124	19.32	16.45	24.31	306.17	0	55	2
2020	125	19.4	14.97	25	463.68	0	55	2
2020	126	19.36	15.02	24.46	348.49	0	55	2
2020	127	19.53	16.43	24.58	327.04	0	55	2
2020	128	18.48	16.11	21.77	197.42	0	55	2
2020	129	18.28	14.62	22.77	254.06	0	55	2
2020	130	17.98	16.38	21.01	226.79	0	55	2
2020	131	18.93	14.78	24.08	314.83	1.72	55	2
2020	132	18.93	14.78	24.08	314.83	1.72	55	2
2020	133	18.93	14.78	24.08	314.83	1.72	55	2
2020	134	18.93	14.78	24.08	314.83	1.72	55	2
2020	135	18.93	14.78	24.08	314.83	1.72	55	2
2020	136	18.93	14.78	24.08	314.83	1.72	55	2
2020	137	18.93	14.78	24.08	314.83	1.72	55	2
2020	138	18.93	14.78	24.08	314.83	1.72	55	2
2020	139	18.93	14.78	24.08	314.83	1.72	55	2
2020	140	18.93	14.78	24.08	314.83	1.72	55	2
2020	141	18.93	14.78	24.08	314.83	1.72	55	2
2020	142	18.93	14.78	24.08	314.83	1.72	55	2
2020	143	18.93	14.78	24.08	314.83	1.72	55	2
2020	144	18.93	14.78	24.08	314.83	1.72	55	2
2020	145	18.93	14.78	24.08	314.83	1.72	55	2
2020	146	18.93	14.78	24.08	314.83	1.72	55	2
2020	147	18.93	14.78	24.08	314.83	1.72	55	2
2020	148	18.93	14.78	24.08	314.83	1.72	55	2
2020	149	18.93	14.78	24.08	314.83	1.72	55	2
2020	150	18.93	14.78	24.08	314.83	1.72	55	2
2020	151	18.93	14.78	24.08	314.83	1.72	55	2
2020	152	18.93	14.78	24.08	314.83	1.72	55	2
2020	153	18.93	14.78	24.08	314.83	1.72	55	2
2020	154	18.93	14.78	24.08	314.83	1.72	55	2
2020	155	18.93	14.78	24.08	314.83	1.72	55	2
2020	156	18.93	14.78	24.08	314.83	1.72	55	2
2020	157	18.93	14.78	24.08	314.83	1.72	55	2
2020	158	18.93	14.78	24.08	314.83	1.72	55	2
2020	159	18.93	14.78	24.08	314.83	1.72	55	2
2020	160	18.93	14.78	24.08	314.83	1.72	55	2
2020	161	18.93	14.78	24.08	314.83	1.72	55	2
2020	162	18.93	14.78	24.08	314.83	1.72	55	2
2020	163	18.93	14.78	24.08	314.83	1.72	55	2
2020	164	18.93	14.78	24.08	314.83	1.72	55	2
2020	165	18.93	14.78	24.08	314.83	1.72	55	2
2020	166	18.93	14.78	24.08	314.83	1.72	55	2
2020	167	18.93	14.78	24.08	314.83	1.72	55	2
2020	168	18.93	14.78	24.08	314.83	1.72	55	2
2020	169	18.93	14.78	24.08	314.83	1.72	55	2
2020	170	18.93	14.78	24.08	314.83	1.72	55	2
2020	171	18.93	14.78	24.08	314.83	1.72	55	2
2020	172	18.93	14.78	24.08	314.83	1.72	55	2
2020	173	18.93	14.78	24.08	314.83	1.72	55	2
2020	174	18.93	14.78	24.08	314.83	1.72	55	2
2020	175	18.93	14.78	24.08	314.83	1.72	55	2
2020	176	18.93	14.78	24.08	314.83	1.72	55	2
2020	177	18.93	14.78	24.08	314.83	1.72	55	2
2020	178	18.93	14.78	24.08	314.83	1.72	55	2
2020	179	18.93	14.78	24.08	314.83	1.72	55	2
2020	180	18.93	14.78	24.08	314.83	1.72	55	2
2020	181	18.93	14.78	24.08	314.83	1.72	55	2
2020	182	18.93	14.78	24.08	314.83	1.72	55	2
2020	183	18.93	14.78	24.08	314.83	1.72	55	2
2020	184	18.93	14.78	24.08	314.83	1.72	55	2
2020	185	18.93	14.78	24.08	314.83	1.72	55	2
2020	186	18.93	14.78	24.08	314.83	1.72	55	2
2020	187	18.93	14.78	24.08	314.83	1.72	55	2
2020	188	18.93	14.78	24.08	314.83	1.72	55	2
2020	189	18.93	14.78	24.08	314.83	1.72	55	2
2020	190	18.93	14.78	24.08	314.83	1.72	55	2
2020	191	18.93	14.78	24.08	314.83	1.72	55	2
2020	192	18.93	14.78	24.08	314.83	1.72	55	2
2020	193	18.93	14.78	24.08	314.83	1.72	55	2
2020	194	18.93	14.78	24.08	314.83	1.72	55	2
2020	195	18.93	14.78	24.08	314.83	1.72	55	2
2020	196	18.93	14.78	24.08	314.83	1.72	55	2
2020	197	18.93	14.78	24.08	314.83	1.72	55	2
2020	198	18.93	14.78	24.08	314.83	1.72	55	2
2020	199	18.93	14.78	24.08	314.83	1.72	55	2
2020	200	18.93	14.78	24.08	314.83	1.72	55	2
2020	201	18.93	14.78	24.08	314.83	1.72	55	2
2020	202	18.93	14.78	24.08	314.83	1.72	55	2
2020	203	18.93	14.78	24.08	314.83	1.72	55	2
2020	204	18.93	14.78	24.08	314.83	1.72	55	2
2020	205	18.93	14.78	24.08	314.83	1.72	55	2
2020	206	18.93	14.78	24.08	314.83	1.72	55	2
2020	207	18.93	14.78	24.08	314.83	1.72	55	2
2020	208	18.93	14.78	24.08	314.83	1.72	55	2
2020	209	18.93	14.78	24.08	314.83	1.72	55	2
2020	210	18.93	14.78	24.08	314.83	1.72	55	2
2020	211	18.93	14.78	24.08	314.83	1.72	55	2
2020	212	18.93	14.78	24.08	314.83	1.72	55	2
2020	213	18.93	14.78	24.08	314.83	1.72	55	2
2020	214	18.93	14.78	24.08	314.83	1.72	55	2
2020	215	18.93	14.78	24.08	314.83	1.72	55	2
2020	216	18.93	14.78	24.08	314.83	1.72	55	2
2020	217	18.93	14.78	24.08	314.83	1.72	55	2
2020	218	18.93	14.78	24.08	314.83	1.72	55	2
2020	219	18.93	14.78	24.08	314.83	1.72	55	2
2020	220	18.93	14.78	24.08	314.83	1.72	55	2
2020	221	18.93	14.78	24.08	314.83	1.72	55	2
2020	222	18.93	14.78	24.08	314.83	1.72	55	2
2020	223	18.93	14.78	24.08	314.83	1.72	55	2
2020	224	18.93	14.78	24.08	314.83	1.72	55	2
2020	225	18.93	14.78	24.08	314.83	1.72	55	2
2020	226	18.93	14.78	24.08	314.83	1.72	55	2
2020	227	18.93	14.78	24.08	314.83	1.72	55	2
2020	228	18.93	14.78	24.08	314.83	1.72	55	2
2020	229	18.93	14.78	24.08	314.83	1.72	55	2
2020	230	18.93	14.78	24.08	314.83	1.72	55	2
2020	231	18.93	14.78	24.08	314.83	1.72	55	2
2020	232	18.93	14.78	24.08	314.83	1.72	55	2
2020	233	18.93	14.78	24.08	314.83	1.72	55	2
2020	234	18.93	14.78	24.08	314.83	1.72	55	2
2020	235	18.93	14.78	24.08	314.83	1.72	55	2
2020	236	18.93	14.78	24.08	314.83	1.72	55	2
2020	237	18.93	14.78	24.08	314.83	1.72	55	2
2020	238	18.93	14.78	24.08	314.83	1.72	55	2
2020	239	18.93	14.78	24.08	314.83	1.72	55	2
2020	240	18.93	14.78	24.08	314.83	1.72	55	2
2020	241	18.93	14.78	24.08	314.83	1.72	55	2
2020	242	18.93	14.78	24.08	314.83	1.72	55	2
2020	243	18.93	14.78	24.08	314.83	1.72	55	2
2020	244	18.93	14.78	24.08	314.83	1.72	55	2
2020	245	18.93	14.78	24.08	314.83	1.72	55	2
2020	246	18.93	14.78	24.08	314.83	1.72	55	2
2020	247	18.93	14.78	24.08	314.83	1.72	55	2
2020	248	18.93	14.78	24.08	314.83	1.72	55	2
2020	249	18.93	14.78	24.08	314.83	1.72	55	2
2020	250	18.93	14.78	24.08	314.83	1.72	55	2
2020	251	18.93	14.78	24.08	314.83	1.72	55	2
2020	252	18.93	14.78	24.08	314.83	1.72	55	2
2020	253	18.93	14.78	24.08	314.83	1.72	55	2
2020	254	18.93	14.78	24.08	314.83	1.72	55	2
2020	255	18.93	14.78	24.08	314.83	1.72	55	2
2020	256	18.93	14.78	24.08	314.83	1.72	55	2
2020	257	18.93	14.78	24.08	314.83	1.72	55	2
2020	258	18.93	14.78	24.08	314.83	1.72	55	2
2020	259	18.93	14.78	24.08	314.83	1.72	55	2
2020	260	18.93	14.78	24.08	314.83	1.72	55	2
2020	261	18.93	14.78	24.08	314.83	1.72	55	2
2020	262	18.93	14.78	24.08	314.83	1.72	55	2
2020	263	18.93	14.78	24.08	314.83	1.72	55	2
2020	264	18.93	14.78	24.08	314.83	1.72	55	2
2020	265	18.93	14.78	24.08	314.83	1.72	55	2
2020	266	18.93	14.78	24.08	314.83	1.72	55	2
2020	267	18.93	14.78	24.08	314.83	1.72	55	2
2020	268	18.93	14.78	24.08	314.83	1.72	55	2
2020	269	18.93	14.78	24.08	314.83	1.72	55	2
2020	270	18.93	14.78	24.08	314.83	1.72	55	2
2020	271	18.93	14.78	24.08	314.83	1.72	55	2
2020	272	18.93	14.78	24.08	314.83	1.72	55	2
2020	273	18.93	14.78	24.08	314.83	1.72	55	2
2020	274	18.93	14.78	24.08	314.83	1.72	55	2
2020	275	18.93	14.78	24.08	314.83	1.72	55	2
2020	276	18.93	14.78	24.08	314.83	1.72	55	2
2020	277	18.93	14.78	24.08	314.83	1.72	55	2
2020	278	18.93	14.78	24.08	314.83	1.72	55	2
2020	279	18.93	14.78	24.08	314.83	1.72	55	2
2020	280	18.93	14.78	24.08	314.83	1.72	55	2
2020	281	18.93	14.78	24.08	314.83	1.72	55	2
2020	282	18.93	14.78	24.08	314.83	1.72	55	2
2020	283	18.93	14.78	24.08	314.83	1.72	55	2
2020	284	18.93	14.78	24.08	314.83	1.72	55	2
2020	285	18.93	14.78	24.08	314.83	1.72	55	2
2020	286	18.93	14.78	24.08	314.83	1.72	55	2
2020	287	18.93	14.78	24.08	314.83	1.72	55	2
2020	288	18.93	14.78	24.08	314.83	1.72	55	2
2020	289	18.93	14.78	24.08	314.83	1.72	55	2
2020	290	18.93	14.78	24.08	314.83	1.72	55	2
2020	291	18.93	14.78	24.08	314.83	1.72	55	2
2020	292	18.93	14.78	24.08	314.83	1.72	55	2
2020	293	18.93	14.78	24.08	314.83	1.72	55	2
2020	294	18.93	14.78	24.08	314.83	1.72	55	2
2020	295	18.93	14.78	24.08	314.83	1.72	55	2
2020	296	18.93	14.78	24.08	314.83	1.72	55	2
2020	297	18.93	14.78	24.08	314.83	1.72	55	2
2020	298	18.93	14.78	24.08	314.83	1.72	55	2
2020	299	18.93	14.78	24.08	314.83	1.72	55	2
2020	300	18.93	14.78	24.08	314.83	1.72	55	2
2020	301	18.93	14.78	24.08	314.83	1.72	55	2
2020	302	18.93	14.78	24.08	314.83	1.72	55	2
2020	303	18.93	14.78	24.08	314.83	1.72	55	2
2020	304	18.93	14.78	24.08	314.83	1.72	55	2
2020	305	18.93	14.78	24.08	314.83	1.72	55	2
2020	306	18.93	14.78	24.08	314.83	1.72	55	2
2020	307	18.93	14.78	24.08	314.83	1.72	55	2
2020	308	18.93	14.78	24.08	314.83	1.72	55	2
2020	309	18.93	14.78	24.08	314.83	1.72	55	2
2020	310	18.93	14.78	24.08	314.83	1.72	55	2
2020	311	18.93	14.78	24.08	314.83	1.72	55	2
2020	312	18.93	14.78	24.08	314.83	1.72	55	2
2020	313	18.93	14.78	24.08	314.83	1.72	55	2
2020	314	18.93	14.78	24.08	314.83	1.72	55	2
2020	315	18.93	14.78	24.08	314.83	1.72	55	2
2020	316	18.93	14.78	24.08	314.83	1.72	55	2
2020	317	18.93	14.78	24.08	314.83	1.72	55	2
2020	318	18.93	14.78	24.08	314.83	1.72	55	2
2020	319	18.93	14.78	24.08	314.83	1.72	55	2
2020	320	18.93	14.78	24.08	314.83	1.72	55	2
2020	321	18.93	14.78	24.08	314.83	1.72	55	2
2020	322	18.93	14.78	24.08	314.83	1.72	55	2
2020	323	18.93	14.78	24.08	314.83	1.72	55	2
2020	324	18.93	14.78	24.08	314.83	1.72	55	2
2020	325	18.93	14.78	24.08	314.83	1.72	55	2
2020	326	18.93	14.78	24.08	314.83	1.72	55	2
2020	327	18.93	14.78	24.08	314.83	1.72	55	2
2020	328	18.93	14.78	24.08	314.83	1.72	55	2
2020	329	18.93	14.78	24.08	314.83	1.72	55	2
2020	330	18.93	14.78	24.08	314.83	1.72	55	2
2020	331	18.93	14.78	24.08	314.83	1.72	55	2
2020	332	18.93	14.78	24.08	314.83	1.72	55	2
2020	333	18.93	14.78	24.08	314.83	1.72	55	2
2020	334	18.93	14.78	24.08	314.83	1.72	55	2
2020	335	18.93	14.78	24.08	314.83	1.72	55	2
2020	336	18.93	14.78	24.08	314.83	1.72	55	2
2020	337	18.93	14.78	24.08	314.83	1.72	55	2
2020	338	18.93	14.78	24.08	314.83	1.72	55	2
2020	339	18.93	14.78	24.08	314.83	1.72	55	2
2020	340	18.93	14.78	24.08	314.83	1.72	55	2
2020	341	18.93	14.78	24.08	314.83	1.72	55	2
2020	342	18.93	14.78	24.08	314.83	1.72	55	2
2020	343	18.93	14.78	24.08	314.83	1.72	55	2
2020	344	18.93	14.78	24.08	314.83	1.72	55	2
2020	345	18.93	14.78	24.08	314.83	1.72	55	2
2020	346	18.93	14.78	24.08	314.83	1.72	55	2
2020	347	18.93	14.78	24.08	314.83	1.72	55	2
2020	348	18.93	14.78	24.08	314.83	1.72	55	2
2020	349	18.93	14.78	24.08	314.83	1.72	55	2
2020	350	18.93	14.78	24.08	314.83	1.72	55	2
2020	351	18.93	14.78	24.08	314.83	1.72	55	2
2020	352	18.93	14.78	24.08	314.83	1.72	55	2
2020	353	18.93	14.78	24.08	314.83	1.72	55	2
2020	354	18.93	14.78	24.08	314.83	1.72	55	2
2020	355	18.93	14.78	24.08	314.83	1.72	55	2
2020	356	18.93	14.78	24.08	314.83	1.72	55	2
2020	357	18.93	14.78	24.08	314.83	1.72	55	2
2020	358	18.93	14.78	24.08	314.83	1.72	55	2
2020	359	18.93	14.78	24.08	314.83	1.72	55	2
2020	360	18.93	14.78	24.08	314.83	1.72	55	2
2020	361	18.93	14.78	24.08	314.83	1.72	55	2
2020	362	18.93	14.78	24.08	314.83	1.72	55	2
2020	363	18.93	14.78	24.08	314.83	1.72	55	2
2020	364	18.93	14.78	24.08	314.83	1.72	55	2
2020	365	18.93	14.78	24.08	314.83	1.72	55	2
2020	366	18.93	14.78	24.08	314.83	1.72	55	2
2021	1	18.93	14.78	24.08	314.83	1.72	55	2
2021	2	18.93	14.78	24.08	314.83	1.72	55	2
2021	3	18.93	14.78	24.08	314.83	1.72	55	2
2021	4	18.93	14.78	24.08	314.83	1.72	55	2
2021	5	18.93	14.78	24.08	314.83	1.72	55	2
2021	6	18.93	14.78	24.08	314.83	1.72	55	2
2021	7	18.93	14.78	24.08	314.83	1.72	55	2
2021	8	18.93	14.78	24.08	314.83	1.72	55	2
2021	9	18.93	14.78	24.08	314.83	1.72	55	2
2021	10	18.93	14.78	24.08	314.83	1.72	55	2
2021	11	18.93	14.78	24.08	314.83	1.72	55	2
2021	12	18.93	14.78	24.08	314.83	1.72	55	2
2021	13	18.93	14.78	24.08	314.83	1.72	55	2
2021	14	18.93	14.78	24.08	314.83	1.72	55	2
2021	15	18.93	14.78	24.08	314.83	1.72	55	2
2021	16	18.93	14.78	24.08	314.83	1.72	55	2
2021	17	18.93	14.78	24.08	314.83	1.72	55	2
2021	18	18.93	14.78	24.08	314.83	1.72	55	2
2021	19	18.93	14.78	24.08	314.83	1.72	55	2
2021	20	18.93	14.78	24.08	314.83	1.72	55	2
2021	21	18.93	14.78	24.08	314.83	1.72	55	2
2021	22	18.93	14.78	24.08	314.83	1.72	55	2
2021	23	18.93	14.78	24.08	314.83	1.72	55	2
2021	24	18.93	14.78	24.08	314.83	1.72	55	2
2021	25	18.93	14.78	24.08	314.83	1.72	55	2
2021	26	18.93	14.78	24.08	314.83	1.72	55	2
2021	27	18.93	14.78	24.08	314.83	1.72	55	2
2021	28	18.93	14.78	24.08	314.83	1.72	55	2
2021	29	18.93	14.78	24.08	314.83	1.72	55	2
2021	30	18.93	14.78	24.08	314.83	1.72	55	2
2021	31	18.93	14.78	24.08	314.83	1.72	55	2
2021	32	18.93	14.78	24.08	314.83	1.72	55	2
2021	33	18.93	14.78	24.08	314.83	1.72	55	2
2021	34	18.93	14.78	24.08	314.83	1.72	55	2
2021	35	18.93	14.78	24.08	314.83	1.72	55	2
2021	36	18.93	14.78	24.08	314.83	1.72	55	2
2021	37	18.93	14.78	24.08	314.83	1.72	55	2
2021	38	18.93	14.78	24.08	314.83	1.72	55	2
2021	39	18.93	14.78	24.08	314.83	1.72	55	2
2021	40	18.93	14.78	24.08	314.83	1.72	55	2
2021	41	18.93	14.78	24.08	314.83	1.72	55	2
2021	42	18.93	14.78	24.08	314.83	1.72	55	2
2021	43	18.93	14.78	24.08	314.83	1.72	55	2
2021	44	18.93	14.78	24.08	314.83	1.72	55	2
2021	45	18.93	14.78	24.08	314.83	1.72	55	2
2021	46	18.93	14.78	24.08	314.83	1.72	55	2
2021	47	18.93	14.78	24.08	314.83	1.72	55	2
2021	48	18.93	14.78	24.08	314.83	1.72	55	2
2021	49	18.93	14.78	24.08	314.83	1.72	55	2
2021	50	18.93	14.78	24.08	314.83	1.72	55	2
2021	51	18.93	14.78	24.08	314.83	1.72	55	2
2021	52	18.93	14.78	24.08	314.83	1.72	55	2
2021	53	18.93	14.78	24.08	314.83	1.72	55	2
2021	54	18.93	14.78	24.08	314.83	1.72	55	2
2021	55	18.93	14.78	24.08	314.83	1.72	55	2
2021	56	18.93	14.78	24.08	314.83	1.72	55	2
2021	57	18.93	14.78	24.08	314.83	1.72	55	2
2021	58	18.93	14.78	24.08	314.83	1.72	55	2
2021	59	18.93	14.78	24.08	314.83	1.72	55	2
2021	60	18.93	14.78	24.08	314.83	1.72	55	2
2021	61	18.93	14.78	24.08	314.83	1.72	55	2
2021	62	18.93	14.78	24.08	314.83	1.72	55	2
2021	63	18.93	14.78	24.08	314.83	1.72	55	2
2021	64	18.93	14.78	24.08	314.83	1.72	55	2
2021	65	18.93	14.78	24.08	314.83	1.72	55	2
2021	66	18.93	14.78	24.08	314.83	1.72	55	2
2021	67	18.93	14.78	24.08	314.83	1.72	55	2
2021	68	18.93	14.78	24.08	314.83	1.72	55	2
2021	69	18.93	14.78	24.08	314.83	1.72	55	2
2021	70	18.93	14.78	24.08	314.83	1.72	55	2
2021	71	18.93	14.78	24.08	314.83	1.72	55	2
2021	72	18.93	14.78	24.08	314.83	1.72	55	2
2021	73	18.93	14.78	24.08	314.83	1.72	55	2
2021	74	18.93	14.78	24.08	314.83	1.72	55	2
2021	75	18.93	14.78	24.08	314.83	1.72	55	2
2021	76	18.93	14.78	24.08	314.83	1.72	55	2
2021	77	18.93	14.78	24.08	314.83	1.72	55	2
2021	78	18.93	14.78	24.08	314.83	1.72	55	2
2021	79	18.93	14.78	24.08	314.83	1.72	55	2
2021	80	18.93	14.78	24.08	314.83	1.72	55	2
2021	81	18.93	14.78	24.08	314.83	1.72	55	2
2021	82	18.93	14.78	24.08	314.83	1.72	55	2
2021	83	18.93	14.78	24.08	314.83	1.72	55	2
2021	84	18.93	14.78	24.08	314.83	1.72	55	2
2021	85	18.93	14.78	24.08	314.83	1.72	55	2
2021	86	18.93	14.78	24.08	314.83	1.72	55	2
2021	87	18.93	14.78	24.08	314.83	1.72	55	2
2021	88	18.93	14.78	24.08	314.83	1.72	55	2
2021	89	18.93	14.78	24.08	314.83	1.72	55	2
2021	90	18.93	14.78	24.08	314.83	1.72	55	2
2021	91	18.93	14.78	24.08	314.83	1.72	55	2
2021	92	18.93	14.78	24.08	314.83	1.72	55	2
2021	93	18.93	14.78	24.08	314.83	1.72	55	2
2021	94	18.93	14.78	24.08	314.83	1.72	55	2
2021	95	18.93	14.78	24.08	314.83	1.72	55	2
2021	96	18.93	14.78	24.08	314.83	1.72	55	2
2021	97	18.93	14.78	24.08	314.83	1.72	55	2
2021	98	18.93	14.78	24.08	314.83	1.72	55	2
2021	99	18.93	14.78	24.08	314.83	1.72	55	2
2021	100	18.93	14.78	24.08	314.83	1.72	55	2
2021	101	18.93	14.78	24.08	314.83	1.72	55	2
2021	102	18.93	14.78	24.08	314.83	1.72	55	2
2021	103	18.93	14.78	24.08	314.83	1.72	55	2
2021	104	18.93	14.78	24.08	314.83	1.72	55	2
2021	105	18.93	14.78	24.08	314.83	1.72	55	2
2021	106	18.93	14.78	24.08	314.83	1.72	55	2
2021	107	18.93	14.78	24.08	314.83	1.72	55	2
2021	108	18.93	14.78	24.08	314.83	1.72	55	2
2021	109	18.93	14.78	24.08	314.83	1.72	55	2
2021	110	18.93	14.78	24.08	314.83	1.72	55	2
2021	111	18.93	14.78	24.08	314.83	1.72	55	2
2021	112	18.93	14.78	24.08	314.83	1.72	55	2
2021	113	18.93	14.78	24.08	314.83	1.72	55	2
2021	114	18.93	14.78	24.08	314.83	1.72	55	2
2021	115	18.93	14.78	24.08	314.83	1.72	55	2
2021	116	18.93	14.78	24.08	314.83	1.72	55	2
2021	117	18.93	14.78	24.08	314.83	1.72	55	2
2021	118	18.93	14.78	24.08	314.83	1.72	55	2
2021	119	18.93	14.78	24.08	314.83	1.72	55	2
2021	120	18.93	14.78	24.08	314.83	1.72	55	2
2021	121	18.93	14.78	24.08	314.83	1.72	55	2
2021	122	18.93	14.78	24.08	314.83	1.72	55	2
2021	123	18.93	14.78	24.08	314.83	1.72	55	2
2021	124	18.93	14.78	24.08	314.83	1.72	55	2
2021	125	18.93	14.78	24.08	314.83	1.72	55	2
2021	126	18.93	14.78	24.08	314.83	1.72	55	2
2021	127	18.93	14.78	24.08	314.83	1.72	55	2
2021	128	18.93	14.78	24.08	314.83	1.72	55	2
2021	129	18.93	14.78	24.08	314.83	1.72	55	2
2021	130	18.93	14.78	24.08	314.83	1.72	55	2
2021	131	18.93	14.78	24.08	314.83	1.72	55	2
2021	132	18.93	14.78	24.08	314.83	1.72	55	2
2021	133	18.93	14.78	24.08	314.83	1.72	55	2
2021	134	18.93	14.78	24.08	314.83	1.72	55	2
2021	135	18.93	14.78	24.08	314.83	1.72	55	2
2021	136	18.93	14.78	24.08	314.83	1.72	55	2
2021	137	18.93	14.78	24.08	314.83	1.72	55	2
2021	138	18.93	14.78	24.08	314.83	1.72	55	2
2021	139	18.93	14.78	24.08	314.83	1.72	55	2
2021	140	18.93	14.78	24.08	314.83	1.72	55	2
2021	141	18.93	14.78	24.08	314.83	1.72	55	2
2021	142	18.93	14.78	24.08	314.83	1.72	55	2
2021	143	18.93	14.78	24.08	314.83	1.72	55	2
2021	144	18.93	14.78	24.08	314.83	1.72	55	2
2021	145	18.93	14.78	24.08	314.83	1.72	55	2
2021	146	18.93	14.78	24.08	314.83	1.72	55	2
2021	147	18.93	14.78	24.08	314.83	1.72	55	2
2021	148	18.93	14.78	24.08	314.83	1.72	55	2
2021	149	18.93	14.78	24.08	314.83	1.72	55	2
2021	150	18.93	14.78	24.08	314.83	1.72	55	2
2021	151	18.93	14.78	24.08	314.83	1.72	55	2
2021	152	18.93	14.78	24.08	314.83	1.72	55	2
2021	153	18.93	14.78	24.08	314.83	1.72	55	2
2021	154	18.93	14.78	24.08	314.83	1.72	55	2
2021	155	18.93	14.78	24.08	314.83	1.72	55	2
2021	156	18.93	14.78	24.08	314.83	1.72	55	2
2021	157	18.93	14.78	24.08	314.83	1.72	55	2
2021	158	18.93	14.78	24.08	314.83	1.72	55	2
2021	159	18.93	14.78	24.08	314.83	1.72	55	2
2021	160	18.93	14.78	24.08	314.83	1.72	55	2
2021	161	18.93	14.78	24.08	314.83	1.72	55	2
2021	162	18.93	14.78	24.08	314.83	1.72	55	2
2021	163	18.93	14.78	24.08	314.83	1.72	55	2
2021	164	18.93	14.78	24.08	314.83	1.72	55	2
2021	165	18.93	14.78	24.08	314.83	1.72	55	2
2021	166	18.93	14.78	24.08	314.83	1.72	55	2
2021	167	18.93	14.78	24.08	314.83	1.72	55	2
2021	168	18.93	14.78	24.08	314.83	1.72	55	2
2021	169	18.93	14.78	24.08	314.83	1.72	55	2
2021	170	18.93	14.78	24.08	314.83	1.72	55	2
2021	171	18.93	14.78	24.08	314.83	1.72	55	2
2021	172	18.93	14.78	24.08	314.83	1.72	55	2
2021	173	18.93	14.78	24.08	314.83	1.72	55	2
2021	174	18.93	14.78	24.08	314.83	1.72	55	2
2021	175	18.93	14.78	24.08	314.83	1.72	55	2
2021	176	18.93	14.78	24.08	314.83	1.72	55	2
2021	177	18.93	14.78	24.08	314.83	1.72	55	2
2021	178	18.93	14.78	24.08	314.83	1.72	55	2
2021	179	18.93	14.78	24.08	314.83	1.72	55	2
2021	180	18.93	14.78	24.08	314.83	1.72	55	2
2021	181	18.93	14.78	24.08	314.83	1.72	55	2
2021	182	18.93	14.78	24.08	314.83	1.72	55	2
2021	183	18.93	14.78	24.08	314.83	1.72	55	2
2021	184	18.93	14.78	24.08	314.83	1.72	55	2
2021	185	18.93	14.78	24.08	314.83	1.72	55	2
2021	186	18.93	14.78	24.08	314.83	1.72	55	2
2021	187	18.93	14.78	24.08	314.83	1.72	55	2
2021	188	18.93	14.78	24.08	314.83	1.72	55	2
2021	189	18.93	14.78	24.08	314.83	1.72	55	2
2021	190	18.93	14.78	24.08	314.83	1.72	55	2
2021	191	18.93	14.78	24.08	314.83	1.72	55	2
2021	192	18.93	14.78	24.08	314.83	1.72	55	2
2021	193	18.93	14.78	24.08	314.83	1.72	55	2
2021	194	18.93	14.78	24.08	314.83	1.72	55	2
2021	195	18.93	14.78	24.08	314.83	1.72	55	2
2021	196	18.93	14.78	24.08	314.83	1.72	55	2
2021	197	18.93	14.78	24.08	314.83	1.72	55	2
2021	198	18.93	14.78	24.08	314.83	1.72	55	2
2021	199	18.93	14.78	24.08	314.83	1.72	55	2
2021	200	18.93	14.78	24.08	314.83	1.72	55	2
2021	201	18.93	14.78	24.08	314.83	1.72	55	2
2021	202	18.93	14.78	24.08	314.83	1.72	55	2
2021	203	18.93	14.78	24.08	314.83	1.72	55	2
2021	204	18.93	14.78	24.08	314.83	1.72	55	2
2021	205	18.93	14.78	24.08	314.83	1.72	55	2
2021	206	18.93	14.78	24.08	314.83	1.72	55	2
2021	207	18.93	14.78	24.08	314.83	1.72	55	2
2021	208	18.93	14.78	24.08	314.83	1.72	55	2
2021	209	18.93	14.78	24.08	314.83	1.72	55	2
2021	210	18.93	14.78	24.08	314.83	1.72	55	2
2021	211	18.93	14.78	24.08	314.83	1.72	55	2
2021	212	18.93	14.78	24.08	314.83	1.72	55	2
2021	213	18.93	14.78	24.08	314.83	1.72	55	2
2021	214	18.93	14.78	24.08	314.83	1.72	55	2
2021	215	18.93	14.78	24.08	314.83	1.72	55	2
2021	216	18.93	14.78	24.08	314.83	1.72	55	2
2021	217	18.93	14.78	24.08	314.83	1.72	55	2
2021	218	18.93	14.78	24.08	314.83	1.72	55	2
2021	219	18.93	14.78	24.08	314.83	1.72	55	2
2021	220	18.93	14.78	24.08	314.83	1.72	55	2
2021	221	18.93	14.78	24.08	314.83	1.72	55	2
2021	222	18.93	14.78	24.08	314.83	1.72	55	2
2021	223	18.93	14.78	24.08	314.83	1.72	55	2
2021	224	18.93	14.78	24.08	314.83	1.72	55	2
2021	225	18.93	14.78	24.08	314.83	1.72	55	2
2021	226	18.93	14.78	24.08	314.83	1.72	55	2
2021	227	18.93	14.78	24.08	314.83	1.72	55	2
2021	228	18.93	14.78	24.08	314.83	1.72	55	2
2021	229	18.93	14.78	24.08	314.83	1.72	55	2
2021	230	18.93	14.78	24.08	314.83	1.72	55	2
2021	231	18.93	14.78	24.08	314.83	1.72	55	2
2021	232	18.93	14.78	24.08	314.83	1.72	55	2
2021	233	18.93	14.78	24.08	314.83	1.72	55	2
2021	234	18.93	14.78	24.08	314.83	1.72	55	2
2021	235	18.93	14.78	24.08	314.83	1.72	55	2
2021	236	18.93	14.78	24.08	314.83	1.72	55	2
2021	237	18.93	14.78	24.08	314.83	1.72	55	2
2021	238	18.93	14.78	24.08	314.83	1.72	55	2
2021	239	18.93	14.78	24.08	314.83	1.72	55	2
2021	240	18.93	14.78	24.08	314.83	1.72	55	2
2021	241	18.93	14.78	24.08	314.83	1.72	55	2
2021	242	18.93	14.78	24.08	314.83	1.72	55	2
2021	243	18.93	14.78	24.08	314.83	1.72	55	2
2021	244	18.93	14.78	24.08	314.83	1.72	55	2
2021	245	18.93	14.78	24.08	314.83	1.72	55	2
2021	246	18.93	14.78	24.08	314.83	1.72	55	2
2021	247	18.93	14.78	24.08	314.83	1.72	55	2
2021	248	18.93	14.78	24.08	314.83	1.72	55	2
2021	249	18.93	14.78	24.08	314.83	1.72	55	2
2021	250	18.93	14.78	24.08	314.83	1.72	55	2
2021	251	18.93	14.78	24.08	314.83	1.72	55	2
2021	252	18.93	14.78	24.08	314.83	1.72	55	2
2021	253	18.93	14.78	24.08	314.83	1.72	55	2
2021	254	18.93	14.78	24.08	314.83	1.72	55	2
2021	255	18.93	14.78	24.08	314.83	1.72	55	2
2021	256	18.93	14.78	24.08	314.83	1.72	55	2
2021	257	18.93	14.78	24.08	314.83	1.72	55	2
2021	258	18.93	14.78	24.08	314.83	1.72	55	2
2021	259	18.93	14.78	24.08	314.83	1.72	55	2
2021	260	18.93	14.78	24.08	314.83	1.72	55	2
2021	261	18.93	14.78	24.08	314.83	1.72	55	2
2021	262	18.93	14.78	24.08	314.83	1.72	55	2
2021	263	18.93	14.78	24.08	314.83	1.72	55	2
2021	264	18.93	14.78	24.08	314.83	1.72	55	2
2021	265	18.93	14.78	24.08	314.83	1.72	55	2
2021	266	18.93	14.78	24.08	314.83	1.72	55	2
2021	267	18.93	14.78	24.08	314.83	1.72	55	2
2021	268	18.93	14.78	24.08	314.83	1.72	55	2
2021	269	18.93	14.78	24.08	314.83	1.72	55	2
2021	270	18.93	14.78	24.08	314.83	1.72	55	2
2021	271	18.93	14.78	24.08	314.83	1.72	55	2
2021	272	18.93	14.78	24.08	314.83	1.72	55	2
2021	273	18.93	14.78	24.08	314.83	1.72	55	2
2021	274	18.93	14.78	24.08	314.83	1.72	55	2
2021	275	18.93	14.78	24.08	314.83	1.72	55	2
2021	276	18.93	14.78	24.08	314.83	1.72	55	2
2021	277	18.93	14.78	24.08	314.83	1.72	55	2
2021	278	18.93	14.78	24.08	314.83	1.72	55	2
2021	279	18.93	14.78	24.08	314.83	1.72	55	2
2021	280	18.93	14.78	24.08	314.83	1.72	55	2
2021	281	18.93	14.78	24.08	314.83	1.72	55	2
2021	282	18.93	14.78	24.08	314.83	1.72	55	2
2021	283	18.93	14.78	24.08	314.83	1.72	55	2
2021	284	18.93	14.78	24.08	314.83	1.72	55	2
2021	285	18.93	14.78	24.08	314.83	1.72	55	2
2021	286	18.93	14.78	24.08	314.83	1.72	55	2
2021	287	18.93	14.78	24.08	314.83	1.72	55	2
2021	288	18.93	14.78	24.08	314.83	1.72	55	2
2021	289	18.93	14.78	24.08	314.83	1.72	55	2
2021	290	18.93	14.78	24.08	314.83	1.72	55	2
2021	291	18.93	14.78	24.08	314.83	1.72	55	2
2021	292	18.93	14.78	24.08	314.83	1.72	55	2
2021	293	18.93	14.78	24.08	314.83	1.72	55	2
2021	294	18.93	14.78	24.08	314.83	1.72	55	2
2021	295	18.93	14.78	24.08	314.83	1.72	55	2
2021	296	18.93	14.78	24.08	314.83	1.72	55	2
2021	297	18.93	14.78	24.08	314.83	1.72	55	2
2021	298	18.93	14.78	24.08	314.83	1.72	55	2
2021	299	18.93	14.78	24.08	314.83	1.72	55	2
2021	300	18.93	14.78	24.08	314.83	1.72	55	2
2021	301	18.93	14.78	24.08	314.83	1.72	55	2
2021	302	18.93	14.78	24.08	314.83	1.72	55	2
2021	303	18.93	14.78	24.08	314.83	1.72	55	2
2021	304	18.93	14.78	24.08	314.83	1.72	55	2
2021	305	18.93	14.78	24.08	314.83	1.72	55	2
2021	306	18.93	14.78	24.08	314.83	1.72	55	2
2021	307	18.93	14.78	24.08	314.83	1.72	55	2
2021	308	18.93	14.78	24.08	314.83	1.72	55	2
2021	309	18.93	14.78	24.08	314.83	1.72	55	2
2021	310	18.93	14.78	24.08	314.83	1.72	55	2
2021	311	18.93	14.78	24.08	314.83	1.72	55	2
2021	312	18.93	14.78	24.08	314.83	1.72	55	2
2021	313	18.93	14.78	24.08	314.83	1.72	55	2
2021	314	18.93	14.78	24.08	314.83	1.72	55	2
2021	315	18.93	14.78	24.08	314.83	1.72	55	2
2021	316	18.93	14.78	24.08	314.83	1.72	55	2
2021	317	18.93	14.78	24.08	314.83	1.72	55	2
2021	318	18.93	14.78	24.08	314.83	1.72	55	2
2021	319	18.93	14.78	24.08	314.83	1.72	55	2
2021	320	18.93	14.78	24.08	314.83	1.72	55	2
2021	321	18.93	14.78	24.08	314.83	1.72	55	2
2021	322	18.93	14.78	24.08	314.83	1.72	55	2
2021	323	18.93	14.78	24.08	314.83	1.72	55	2
2021	324	18.93	14.78	24.08	314.83	1.72	55	2
2021	325	18.93	14.78	24.08	314.83	1.72	55	2
2021	326	18.93	14.78	24.08	314.83	1.72	55	2
2021	327	18.93	14.78	24.08	314.83	1.72	55	2
2021	328	18.93	14.78	24.08	314.83	1.72	55	2
2021	329	18.93	14.78	24.08	314.83	1.72	55	2
2021	330	18.93	14.78	24.08	314.83	1.72	55	2
2021	331	18.93	14.78	24.08	314.83	1.72	55	2
2021	332	18.93	14.78	24.08	314.83	1.72	55	2
2021	333	18.93	14.78	24.08	314.83	1.72	55	2
2021	334	18.93	14.78	24.08	314.83	1.72	55	2
2021	335	18.93	14.78	24.08	314.83	1.72	55	2
2021	336	18.93	14.78	24.08	314.83	1.72	55	2
2021	337	18.93	14.78	24.08	314.83	1.72	55	2
2021	338	18.93	14.78	24.08	314.83	1.72	55	2
2021	339	18.93	14.78	24.08	314.83	1.72	55	2
2021	340	18.93	14.78	24.08	314.83	1.72	55	2
2021	341	18.93	14.78	24.08	314.83	1.72	55	2
2021	342	18.93	14.78	24.08	314.83	1.72	55	2
2021	343	18.93	14.78	24.08	314.83	1.72	55	2
2021	344	18.93	14.78	24.08	314.83	1.72	55	2
2021	345	18.93	14.78	24.08	314.83	1.72	55	2
2021	346	18.93	14.78	24.08	314.83	1.72	55	2
2021	347	18.93	14.78	24.08	314.83	1.72	55	2
2021	348	18.93	14.78	24.08	314.83	1.72	55	2
2021	349	18.93	14.78	24.08	314.83	1.72	55	2
2021	350	18.93	14.78	24.08	314.83	1.72	55	2
2021	351	18.93	14.78	24.08	314.83	1.72	55	2
2021	352	18.93	14.78	24.08	314.83	1.72	55	2
2021	353	18.93	14.78	24.08	314.83	1.72	55	2
2021	354	18.93	14.78	24.08	314.83	1.72	55	2
2021	355	18.93	14.78	24.08	314.83	1.72	55	2
2021	356	18.93	14.78	24.08	314.83	1.72	55	2
2021	357	18.93	14.78	24.08	314.83	1.72	55	2
2021	358	18.93	14.78	24.08	314.83	1.72	55	2
2021	359	18.93	14.78	24.08	314.83	1.72	55	2
2021	360	18.93	14.78	24.08	314.83	1.72	55	2
2021	361	18.93	14.78	24.08	314.83	1.72	55	2
2021	362	18.93	14.78	24.08	314.83	1.72	55	2
2021	363	18.93	14.78	24.08	314.83	1.72	55	2
2021	364	18.93	14.78	24.08	314.83	1.72	55	2
2021	365	18.93	14.78	24.08	314.83	1.72	55	2
2022	1	18.93	14.78	24.08	314.83	1.72	55	2
2022	2	18.93	14.78	24.08	314.83	1.72	55	2
2022	3	18.93	14.78	24.08	314.83	1.72	55	2
2022	4	18.93	14.78	24.08	314.83	1.72	55	2
2022	5	18.93	14.78	24.08	314.83	1.72	55	2
2022	6	18.93	14.78	24.08	314.83	1.72	55	2
2022	7	18.93	14.78	24.08	314.83	1.72	55	2
2022	8	18.93	14.78	24.08	314.83	1.72	55	2
2022	9	18.93	14.78	24.08	314.83	1.72	55	2
2022	10	18.93	14.78	24.08	314.83	1.72	55	2
2022	11	18.93	14.78	24.08	314.83	1.72	55	2
2022	12	18.93	14.78	24.08	314.83	1.72	55	2
2022	13	18.93	14.78	24.08	314.83	1.72	55	2
2022	14	18.93	14.78	24.08	314.83	1.72	55	2
2022	15	18.93	14.78	24.08	314.83	1.72	55	2
2022	16	18.93	14.78	24.08	314.83	1.72	55	2
2022	17	18.93	14.78	24.08	314.83	1.72	55	2
2022	18	18.93	14.78	24.08	314.83	1.72	55	2
2022	19	18.93	14.78	24.08	314.83	1.72	55	2
2022	20	18.93	14.78	24.08	314.83	1.72	55	2
2022	21	18.93	14.78	24.08	314.83	1.72	55	2
2022	22	18.93	14.78	24.08	314.83	1.72	55	2
2022	23	18.93	14.78	24.08	314.83	1.72	55	2
2022	24	18.93	14.78	24.08	314.83	1.72	55	2
2022	25	18.93	14.78	24.08	314.83	1.72	55	2
2022	26	18.93	14.78	24.08	314.83	1.72	55	2
2022	27	18.93	14.78	24.08	314.83	1.72	55	2
2022	28	18.93	14.78	24.08	314.83	1.72	55	2
2022	29	18.93	14.78	24.08	314.83	1.72	55	2
2022	30	18.93	14.78	24.08	314.83	1.72	55	2
2022	31	18.93	14.78	24.08	314.83	1.72	55	2
2022	32	18.93	14.78	24.08	314.83	1.72	55	2
2022	33	18.93	14.78	24.08	314.83	1.72	55	2
2022	34	18.93	14.78	24.08	314.83	1.72	55	2
2022	35	18.93	14.78	24.08	314.83	1.72	55	2
2022	36	18.93	14.78	24.08	314.83	1.72	55	2
2022	37	18.93	14.78	24.08	314.83	1.72	55	2
2022	38	18.93	14.78	24.08	314.83	1.72	55	2
2022	39	18.93	14.78	24.08	314.83	1.72	55	2
2022	40	18.93	14.78	24.08	314.83	1.72	55	2
2022	41	18.93	14.78	24.08	314.83	1.72	55	2
2022	42	18.93	14.78	24.08	314.83	1.72	55	2
2022	43	18.93	14.78	24.08	314.83	1.72	55	2
2022	44	18.93	14.78	24.08	314.83	1.72	55	2
2022	45	18.93	14.78	24.08	314.83	1.72	55	2
2022	46	18.93	14.78	24.08	314.83	1.72	55	2
2022	47	18.93	14.78	24.08	314.83	1.72	55	2
2022	48	18.93	14.78	24.08	314.83	1.72	55	2
2022	49	18.93	14.78	24.08	314.83	1.72	55	2
2022	50	18.93	14.78	24.08	314.83	1.72	55	2
2022	51	18.93	14.78	24.08	314.83	1.72	55	2
2022	52	18.93	14.78	24.08	314.83	1.72	55	2
2022	53	18.93	14.78	24.08	314.83	1.72	55	2
2022	54	18.93	14.78	24.08	314.83	1.72	55	2
2022	55	18.93	14.78	24.08	314.83	1.72	55	2
2022	56	18.93	14.78	24.08	314.83	1.72	55	2
2022	57	18.93	14.78	24.08	314.83	1.72	55	2
2022	58	18.93	14.78	24.08	314.83	1.72	55	2
2022	59	18.93	14.78	24.08	314.83	1.72	55	2
2022	60	18.93	14.78	24.08	314.83	1.72	55	2
2022	61	18.93	14.78	24.08	314.83	1.72	55	2
2022	62	18.93	14.78	24.08	314.83	1.72	55	2
2022	63	18.93	14.78	24.08	314.83	1.72	55	2
2022	64	18.93	14.78	24.08	314.83	1.72	55	2
2022	65	22.61	18.14	27.06	517.46	0	55	2
2022	66	20.83	15.18	27.21	528.88	0	55	2
2022	67	21.27	15.43	27.73	494.88	0	55	2
2022	68	21.07	14.75	27.93	353.33	0	55	2
2022	69	20.98	15.25	27.77	375.35	0	55	2
2022	70	21.59	14.99	27.72	366.26	0	55	2
2022	71	21.4	14.5	28.2	386.32	0	55	2
2022	72	22.04	14.76	29.13	384.18	0	55	2
2022	73	22.27	16.06	29.03	334.13	0	55	2
2022	74	22.39	14.51	28.8	351.29	0	55	2
2022	75	22.78	16.75	29.3	298	0	55	2
2022	76	22.01	16.43	28.75	284.89	0	55	2
2022	77	21.13	15.24	27.01	321.74	0	55	2
2022	78	21.67	16.21	28.24	381.55	0	55	2
2022	79	22.28	16.2	28.67	358.83	0	55	2
2022	80	21.83	16.28	27.34	355.4	0	55	2
2022	81	21.58	16.2	27.36	354.68	0	55	2
2022	82	21.82	15.3	28.53	379.24	0	55	2
2022	83	22.05	16.71	27.72	322.01	0	55	2
2022	84	22.06	16.58	29.12	337.91	0	55	2
2022	85	20.81	15.65	26.22	318.85	4.5	55	2
2022	86	21.02	16.65	26.07	271.42	0	55	2
2022	87	20.29	15.96	25.77	381.87	0	55	2
2022	88	20.47	17.08	25.38	381.39	0	55	2
2022	89	18.9	15.57	23.09	362.97	0	55	2
2022	90	18.26	13.56	23.46	393.89	0	55	2
2022	91	17.87	16.88	20.04	182.17	0	55	2
2022	92	17.41	16.39	19.4	364.73	0	55	2
2022	93	17.33	16.09	18.86	395.47	0	55	2
2022	94	17.9	16.71	19.79	500.3	0	55	2
2022	95	18.48	16.5	21.8	435.73	0	55	2
2022	96	20.76	17.2	26.16	344.82	0	55	2
2022	97	20.3	16.24	25.6	383.6	0	55	2
2022	98	20.37	16.15	25.71	320.09	0	55	2
2022	99	20.27	15.7	25.75	426.45	0	55	2
2022	100	20.14	15.14	24.78	394.99	0	55	2
2022	101	20.72	15.58	25.31	348.56	0	55	2
2022	102	20.87	14.68	26.7	397.46	0	55	2
2022	103	21.32	16.92	27.05	372.32	0	55	2
2022	104	20.92	16.82	25.8	439.99	0	55	2
2022	105	20.86	16.47	25.97	377.99	0	55	2
2022	106	21.36	15.9	27.15	286.98	0	55	2
2022	107	20.45	16.05	26.11	243.27	1.3	55	2
2022	108	20.96	16.83	26.4	297.66	0	55	2
2022	109	20.75	15.69	26.31	291.22	1.5	55	2
2022	110	18.9	14.59	23.76	190.41	45.9	55	2
2022	111	19.86	16.42	24.57	322.35	0	55	2
2022	112	18.7	16.64	23.7	306.2	15.8	55	2
2022	113	18.96	16.32	23.2	365	3.6	55	2
2022	114	19.05	16.42	23.04	424.46	0.7	55	2
2022	115	19.4	15.87	24.19	434.48	0	55	2
2022	116	20.27	16.68	25.21	465.23	0	55	2
2022	117	19.9	16.68	24.1	308.32	0	55	2
2022	118	18.78	16.7	22.3	174.7	3.8	55	2
2022	119	18.99	16.09	23.58	349	5.2	55	2
2022	120	19.44	15.56	24.41	414.9	0	55	2
2022	121	19.38	15.84	24.19	260.67	5	55	2
2022	122	19.6	16.52	24.68	332.81	0	55	2
2022	123	18.51	16.14	23.2	216.65	0.4	55	2
2022	124	18.22	14.05	22.76	352.38	0	55	2
2022	125	18.55	15.9	21.27	235.94	0.1	55	2
2022	126	18.66	15.12	22.6	244.17	0	55	2
2022	127	18.84	15.48	23.33	282.47	0	55	2
2022	128	19.77	15.77	24.98	458.65	0	55	2
2022	129	20	15.75	25.75	399.5	0	55	2
2022	130	19.42	14.89	25.43	395.8	0	55	2
2022	131	19.93	15.68	25.72	388.28	0	55	2
2022	132	19.32	14.66	25.34	372.58	0	55	2
2022	133	19.18	13.56	25.28	360.32	0	55	2
2022	134	19.73	15.11	25.98	380.26	0	55	2
2022	135	19.21	14.67	24.78	338.9	0	55	2
2022	136	17.97	13.89	22.8	126.03	0	55	2
2022	137	18.22	13.29	23.64	221.14	0	55	2
2022	138	17.99	14.15	23.21	297.82	0	55	2
2022	139	17.78	12.57	23.88	293.66	0	55	2
2022	140	19.31	14.84	25.6	365.66	0	55	2
2022	141	19.76	15.29	25.54	326.95	0	55	2
2022	142	20.13	15.22	26.38	228.16	0	55	2
2022	143	21.48	16.24	27.64	428.29	0	55	2
2022	144	19.82	14.6	25.66	340.46	0	55	2
2022	145	20.11	14.9	25.69	222.91	0	55	2
2022	146	20.08	16.21	24.9	191.73	0	55	2
2022	147	19.27	15.78	23.44	144.32	0.3	55	2
2022	148	19.04	15.74	23.75	225.56	0	55	2
2022	149	18.66	14.92	23.37	155.93	0	55	2
2022	150	18.34	14.99	22.29	118.09	0	55	2
2022	151	18.31	15.02	22.61	195.74	0	55	2
2022	152	18.84	15.07	24.15	294.23	0	55	2
2022	153	18.12	14.85	22.86	252.02	0	55	2
2022	154	17.28	13.28	22.36	199.75	0	55	2
2022	155	17.88	12.02	24.06	341.99	0	55	2
2022	156	17.92	11.04	24.49	301.21	0	55	2
2022	157	17.56	15.1	22.16	232.19	0	55	2
2022	158	17.65	14.17	21.59	196.69	0	55	2
2022	159	18.3	14.41	23.32	157.44	0	55	2
2022	160	17.25	13.26	22.4	159.74	0	55	2
2022	161	18.05	14.06	23.04	161.27	0	55	2
2022	162	18.53	15.08	22.87	202.85	0	55	2
2022	163	17.72	14.75	22.14	107.21	0	55	2
2022	164	17.4	14.69	20.6	56.58	0	55	2
2022	165	18.54	13.6	25.2	189.02	0	55	2
2022	166	18.21	13.87	23.45	243.41	0	55	2
2022	167	18.51	13	24.43	280.19	0	55	2
2022	168	17.88	13.29	22.65	232.95	0	55	2
2022	169	17.94	13.13	23.59	178.98	0	55	2
2022	170	17.34	13.66	20.91	56.5	0	55	2
2022	171	17.32	14.39	22.72	95.34	0	55	2
2022	172	17.52	11.97	23.34	313.92	0	55	2
2022	173	17.31	14.03	21.74	168.96	0	55	2
2022	174	17.17	14.23	20.82	50.52	0	55	2
2022	175	16.19	13.44	18.77	92.29	0.1	55	2
2022	176	17.48	14.42	21.78	128.3	0	55	2
2022	177	17.07	14.73	20.84	244.38	0	55	2
2022	178	16.77	13.75	20.25	72.97	0	55	2
2022	179	15.83	12.64	19.08	68.47	0	55	2
2022	180	15.55	12.03	19.18	188.56	0	55	2
2022	181	16.92	11.88	22.74	303.82	0	55	2
2022	182	15.67	12.87	18.84	59.77	0	55	2
2022	183	17.04	12.25	22.86	328.12	0	55	2
2022	184	17.76	13.49	23.66	331.93	0	55	2
2022	185	17.13	11.57	22.61	230.21	0	55	2
2022	186	16.49	12.71	21.53	72.84	0	55	2
2022	187	17.45	12.82	22.84	154.49	0	55	2
2022	188	15.61	12.39	19.3	70.14	0	55	2
2022	189	15.36	13.06	17.58	72.47	0	55	2
2022	190	15.9	13.06	19.38	81.61	0	55	2
2022	191	16.41	13.22	20.08	164.59	0	55	2
2022	192	17	13.05	23.09	286.28	0	55	2
2022	193	15.18	13.43	17.66	82.4	0	55	2
2022	194	17.31	11.5	22.93	308.22	0	55	2
2022	195	17.63	13.04	22.38	136.36	0	55	2
2022	196	17.43	13.81	22.05	150.39	0.1	55	2
2022	197	16.97	14.06	21.37	94.87	0	55	2
2022	198	15.82	12.43	18.74	48.01	0	55	2
2022	199	16.82	13.56	19.66	258.03	0	55	2
2022	200	16.21	13.3	20.87	117.78	0	55	2
2022	201	15.78	12.57	20.7	175.99	0.1	55	2
2022	202	16.43	12.59	20.69	165.73	0	55	2
2022	203	15.58	12.94	21.04	137.6	0	55	2
2022	204	16.13	12.02	21.94	227.18	0	55	2
2022	205	16.71	11.95	22.01	217.55	0	55	2
2022	206	16.52	12.16	22.15	318.48	0	55	2
2022	207	17.17	13.79	22.15	171.42	0	55	2
2022	208	16.53	11.26	22.24	263.9	0	55	2
2022	209	16.86	14.08	21.06	143.83	0	55	2
2022	210	17.01	13.89	21.47	210.36	0	55	2
2022	211	16.31	14.21	19.2	221.03	0.2	55	2
2022	212	17.04	13.71	21.67	123.77	0	55	2
2022	213	15.77	14.74	17.6	65.52	0	55	2
2022	214	15.26	13.79	17.63	29.74	0	55	2
2022	215	18.93	14.78	24.08	314.83	1.72	55	2
2022	216	16.37	13.5	18.73	131.65	0	55	2
2022	217	15.54	13.16	19.78	173.11	0	55	2
2022	218	15.97	10.61	21.32	140.51	0	55	2
2022	219	14.72	10.49	19.28	108.3	0	55	2
2022	220	15.17	12.94	20.3	314.83	0	55	2
2022	221	16.23	11.61	21.52	136.43	0.1	55	2
2022	222	16.54	13.18	22.49	148.94	0	55	2
2022	223	16.39	13.35	20.54	262.93	0	55	2
2022	224	16	12.99	19.88	120.28	0	55	2
2022	225	16.62	13.25	20.9	95.09	0	55	2
2022	226	15.9	12.71	19.62	64.39	0	55	2
2022	227	17.97	15.12	20.93	144.83	0	55	2
2022	228	18.36	14.54	23.32	182.8	0	55	2
2022	229	16.2	13.85	21.04	314.83	0	55	2
2022	230	16.71	10.58	23.93	319.33	0	55	2
2022	231	17.91	11.12	24.93	326.27	0	55	2
2022	232	19.29	12.07	27.28	317.81	0	55	2
2022	233	18.89	11.59	25.68	361.83	0	55	2
2022	234	17.13	11.58	23.12	317.06	0	55	2
2022	235	15.92	11.78	20.37	198.14	0	55	2
2022	236	16.31	11.63	21.08	204.48	0	55	2
2022	237	16.15	12.38	19.39	91.03	0	55	2
2022	238	17.04	14.21	21.62	174.09	0	55	2
2022	239	15.84	14.04	18.59	126.99	0	55	2
2022	240	16.53	13.43	19.45	135.2	0	55	2
2022	241	18.06	10.99	24.18	210.51	0	55	2
2022	242	18.35	12.52	25.35	337.68	0	55	2
2022	243	16.58	12.68	20.24	67.53	0	55	2
2022	244	17.57	12.39	23.49	351.03	0	55	2
2022	245	15.39	13.02	18.12	17.73	0	55	2
2022	246	16.57	12.95	21.76	143.24	0	55	2
2022	247	17.12	11.36	24.61	211.83	0	55	2
2022	248	18.33	12.8	24.05	270.34	0	55	2
2022	249	17.89	13.97	24.33	214.86	5.31	55	2
2022	250	16.04	13.76	18.49	142.43	0.1	55	2
2022	251	16.24	13.46	19.34	49.57	0	55	2
2022	252	16.45	11.87	20.14	97.48	0	55	2
2022	253	17.36	11.94	23.7	229.11	0	55	2
2022	254	18.19	13.59	23.95	259.01	0	55	2
2022	255	18.01	14.05	23.07	370.41	0	55	2
2022	256	16.98	13.06	21.55	213.22	0	55	2
2022	257	17.35	13.57	21.54	146.56	0	55	2
2022	258	16.79	12.99	21.06	106.98	0	55	2
2022	259	17.78	13.84	23.14	233.46	0	55	2
2022	260	17.42	13.92	21.29	154.72	0	55	2
2022	261	17.06	12.96	22.45	161.8	0	55	2
2022	262	19.08	14.39	25.4	340.08	0	55	2
2022	263	18.57	13.85	24.28	348.03	0	55	2
2022	264	18.94	13.56	25.37	346.07	0	55	2
2022	265	18.68	13.52	24.57	387.77	0	55	2
2022	266	18.71	11.93	25.07	354.81	0	55	2
2022	267	18.57	12.01	25.22	351.43	0	55	2
2022	268	18.59	13.24	23.56	304.73	0.51	55	2
2022	269	18.78	13.63	24.03	338.91	0	55	2
2022	270	18.39	12.17	24.31	376.58	0	55	2
2022	271	18.71	12.76	25.03	324.81	0	55	2
2022	272	18.77	12.6	25.29	337.09	0	55	2
2022	273	18.34	14.43	23.57	206.54	0	55	2
2022	274	18.43	14.39	24.96	341.93	13.4	55	2
2022	275	19.42	14	25.92	337.4	0	55	2
2022	276	18.88	12.78	25.6	392.88	0	55	2
2022	277	18.66	12.62	25.66	277.7	0	55	2
2022	278	18.79	13.84	25.26	396.04	0	55	2
2022	279	18.51	14.15	24.24	297.77	0	55	2
2022	280	18.67	14.44	23.88	199.26	0	55	2
2022	281	18.15	12.43	24.78	381.56	0	55	2
2022	282	18.36	14.16	23.4	319.23	0	55	2
2022	283	18.89	13.26	24.27	310.31	0	55	2
2022	284	18.25	12.49	24.48	330.25	0	55	2
2022	285	18.7	11.28	25.32	301.02	0	55	2
2022	286	18.94	13.18	25.63	352.25	0	55	2
2022	287	18.42	12.28	25.04	392.36	0	55	2
2022	288	18.47	11.66	25.02	320.5	0	55	2
2022	289	19.61	13.58	25.57	357.71	0	55	2
2022	290	20.12	14.68	25.83	303.06	0	55	2
2022	291	19.6	15.82	24.49	304.72	0	55	2
2022	292	19.28	14.47	24.79	295.06	0	55	2
2022	293	18.79	13.38	24.82	258.55	0	55	2
2022	294	19.37	14.22	25.9	361.03	0	55	2
2022	295	19.53	13.21	25.98	363.49	0	55	2
2022	296	19.96	14.31	25.6	312.81	0	55	2
2022	297	20.78	14.73	27.14	348.8	0	55	2
2022	298	20.84	15.02	26.66	335.49	0	55	2
2022	299	20.38	15.27	25.74	370.12	0	55	2
2022	300	20.21	15.26	25.5	306.24	0	55	2
2022	301	20.53	15.23	26.72	350.52	0	55	2
2022	302	20.59	15.29	26.2	321.8	0.41	55	2
2022	303	19.72	14.93	25.1	367.68	0	55	2
2022	304	19.82	15.63	25.34	283.86	0	55	2
2022	305	18.84	16.12	23.33	305.45	0.2	55	2
2022	306	18.95	16.21	23.06	255.6	0	55	2
2022	307	18.07	15.21	21.56	248.78	6.7	55	2
2022	308	19.57	15.15	25.02	305.49	0	55	2
2022	309	19.83	14.71	25.15	365.75	0	55	2
2022	310	19.48	15.87	24.56	262.12	0	55	2
2022	311	19.58	16.08	24.39	303.78	0	55	2
2022	312	19.61	15.5	24.69	352.2	0	55	2
2022	313	19.75	15.42	24.7	328.69	0	55	2
2022	314	20.14	16.14	25.14	292.3	0	55	2
2022	315	19.63	16.22	24.43	356.25	0	55	2
2022	316	18.46	15.9	22.41	201.43	0	55	2
2022	317	19.17	15.36	23.5	214	0	55	2
2022	318	18.83	16.3	22.84	74.79	0.6	55	2
2022	319	18.21	16.25	22.61	149.9	1.3	55	2
2022	320	17.63	15.71	21.45	176.99	2.5	55	2
2022	321	17.36	14.59	20.68	129.42	1.23	55	2
2022	322	18.72	14.8	24.33	308.33	0	55	2
2022	323	18.79	15.74	22.98	283.37	0	55	2
2022	324	19.07	14.69	24.05	244.93	0	55	2
2022	325	19.19	14.87	23.92	276.41	6.6	55	2
2022	326	19.08	16.25	24.44	273.36	0.1	55	2
2022	327	18.25	15.69	23.31	327.93	0	55	2
2022	328	17.88	14.48	22.08	333.48	17.9	55	2
2022	329	18.13	15.15	22.11	374.41	0.4	55	2
2022	330	18.18	14.5	23.12	368.11	0	55	2
2022	331	18.65	14.3	24.06	274.63	0	55	2
2022	332	18.64	16.02	23.18	295.12	0	55	2
2022	333	17.7	15.31	22.04	281.08	3.5	55	2
2022	334	17.62	15.56	22.25	307.22	4.2	55	2
2022	335	18.23	14.97	23.54	359.8	0.51	55	2
2022	336	18.81	14.34	24.33	301.74	0	55	2
2022	337	18.53	15.5	23.24	328.85	0	55	2
2022	338	18.11	15.1	21.48	349.17	14.8	55	2
2022	339	18.68	15.85	23.25	403.08	0.6	55	2
2022	340	19.48	15.87	24.14	388.22	0	55	2
2022	341	19.62	16.37	24.21	416.23	0.41	55	2
2022	342	19.53	16.34	24.05	385.92	0	55	2
2022	343	18.89	15.9	24.95	323.63	0	55	2
2022	344	18.93	15.39	24.04	185.3	0	55	2
2022	345	19.52	15.58	24.57	369.85	0	55	2
2022	346	17.6	15.75	20.62	116.55	1.3	55	2
2022	347	17.73	14.86	22.61	351.09	2.7	55	2
2022	348	18.38	13.71	23.41	325.59	0	55	2
2022	349	18.72	14.68	24.18	371.61	0	55	2
2022	350	19.32	14.83	24.58	332.21	0	55	2
2022	351	19.52	14.81	24.88	359.02	0	55	2
2022	352	19.73	15.01	24.79	323.02	0	55	2
2022	353	19.69	14.66	24.98	316.81	0	55	2
2022	354	20.16	15.69	25.29	320.89	0	55	2
2022	355	20.06	15.87	25.46	265.99	0	55	2
2022	356	19.79	15.88	24.24	180.97	0	55	2
2022	357	19.55	15.28	25.03	301.36	0	55	2
2022	358	19.78	14.62	25.19	299.64	0	55	2
2022	359	19.99	15.61	25.11	257.33	0	55	2
2022	360	20.04	14.84	25.48	306.69	0	55	2
2022	361	18.75	16.79	22.71	178.64	0	55	2
2022	362	19.25	15.39	23.73	249.1	0	55	2
2022	363	18.86	14.62	23.78	195.7	0	55	2
2022	364	18.58	13.95	23.49	278.37	0	55	2
2022	365	18.74	13.61	23.83	326.38	0	55	2
2023	1	19.25	14.12	24.18	280.23	0	55	2
2023	2	17.98	13.75	23.01	211.09	0.1	55	2
2023	3	17.25	15.45	20.82	214.32	10.62	55	2
2023	4	16.94	15.21	19.18	103.83	4.8	55	2
2023	5	17.62	14.54	21.55	274.51	0.2	55	2
2023	6	19.42	13.57	24.66	376.05	0	55	2
2023	7	19.6	14.23	24.56	355.46	0	55	2
2023	8	19.01	13.81	24.6	361.29	0	55	2
2023	9	19.48	16.27	24.33	277.82	0	55	2
2023	10	19.17	15.9	23.54	312.8	0	55	2
2023	11	19.18	14.34	24.06	300.67	0	55	2
2023	12	19.84	14.59	25.32	365.58	0	55	2
2023	13	19.68	13.39	25.11	359.62	0	55	2
2023	14	19.45	13.8	24.51	341.86	0	55	2
2023	15	19.78	13.98	24.89	349.03	0	55	2
2023	16	19.6	14.32	24.98	347.23	0	55	2
2023	17	19.44	13.62	24.81	280.46	0	55	2
2023	18	21.2	14.54	27.44	350.85	0	55	2
2023	19	21.45	15.57	27.25	356.5	0	55	2
2023	20	20.97	15.4	26.66	353.82	0	55	2
2023	21	20.88	14.6	26.14	356.25	0	55	2
2023	22	20.5	16.16	24.79	235.94	0	55	2
2023	23	20.05	16.04	24.84	262.47	0	55	2
2023	24	20.01	14.81	25.45	300.24	0	55	2
2023	25	20.9	14.87	26.58	352.5	0	55	2
2023	26	18.93	14.78	24.08	314.83	1.72	55	2
2023	27	18.93	14.78	24.08	314.83	1.72	55	2
2023	28	18.93	14.78	24.08	314.83	1.72	55	2
2023	29	18.93	14.78	24.08	314.83	1.72	55	2
2023	30	18.93	14.78	24.08	314.83	1.72	55	2
2023	31	18.93	14.78	24.08	314.83	1.72	55	2
2023	32	18.93	14.78	24.08	314.83	1.72	55	2
2023	33	18.93	14.78	24.08	314.83	1.72	55	2
2023	34	18.93	14.78	24.08	314.83	1.72	55	2
2023	35	18.93	14.78	24.08	314.83	1.72	55	2
2023	36	18.93	14.78	24.08	314.83	1.72	55	2
2023	37	18.93	14.78	24.08	314.83	1.72	55	2
2023	38	18.93	14.78	24.08	314.83	1.72	55	2
2023	39	18.93	14.78	24.08	314.83	1.72	55	2
2023	40	18.93	14.78	24.08	314.83	1.72	55	2
2023	41	18.93	14.78	24.08	314.83	1.72	55	2
2023	42	18.93	14.78	24.08	314.83	1.72	55	2
2023	43	18.93	14.78	24.08	314.83	1.72	55	2
2023	44	18.93	14.78	24.08	314.83	1.72	55	2
2023	45	18.93	14.78	24.08	314.83	1.72	55	2
2023	46	18.93	14.78	24.08	314.83	1.72	55	2
2023	47	18.93	14.78	24.08	314.83	1.72	55	2
2023	48	18.93	14.78	24.08	314.83	1.72	55	2
2023	49	18.93	14.78	24.08	314.83	1.72	55	2
2023	50	18.93	14.78	24.08	314.83	1.72	55	2
2023	51	18.93	14.78	24.08	314.83	1.72	55	2
2023	52	18.93	14.78	24.08	314.83	1.72	55	2
2023	53	18.93	14.78	24.08	314.83	1.72	55	2
2023	54	18.93	14.78	24.08	314.83	1.72	55	2
2023	55	18.93	14.78	24.08	314.83	1.72	55	2
2023	56	18.93	14.78	24.08	314.83	1.72	55	2
2023	57	18.93	14.78	24.08	314.83	1.72	55	2
2023	58	18.93	14.78	24.08	314.83	1.72	55	2
2023	59	18.93	14.78	24.08	314.83	1.72	55	2
2023	60	18.93	14.78	24.08	314.83	1.72	55	2
2023	61	18.93	14.78	24.08	314.83	1.72	55	2
2023	62	18.93	14.78	24.08	314.83	1.72	55	2
2023	63	18.93	14.78	24.08	314.83	1.72	55	2
2023	64	18.93	14.78	24.08	314.83	1.72	55	2
2023	65	18.93	14.78	24.08	314.83	1.72	55	2
2023	66	18.93	14.78	24.08	314.83	1.72	55	2
2023	67	18.93	14.78	24.08	314.83	1.72	55	2
2023	68	18.93	14.78	24.08	314.83	1.72	55	2
2023	69	18.93	14.78	24.08	314.83	1.72	55	2
2023	70	18.93	14.78	24.08	314.83	1.72	55	2
2023	71	18.93	14.78	24.08	314.83	1.72	55	2
2023	72	18.93	14.78	24.08	314.83	1.72	55	2
2023	73	18.93	14.78	24.08	314.83	1.72	55	2
2023	74	18.93	14.78	24.08	314.83	1.72	55	2
2023	75	18.93	14.78	24.08	314.83	1.72	55	2
2023	76	18.93	14.78	24.08	314.83	1.72	55	2
2023	77	18.93	14.78	24.08	314.83	1.72	55	2
2023	78	18.93	14.78	24.08	314.83	1.72	55	2
2023	79	18.93	14.78	24.08	314.83	1.72	55	2
2023	80	18.93	14.78	24.08	314.83	1.72	55	2
2023	81	18.93	14.78	24.08	314.83	1.72	55	2
2023	82	18.93	14.78	24.08	314.83	1.72	55	2
2023	83	18.93	14.78	24.08	314.83	1.72	55	2
2023	84	18.93	14.78	24.08	314.83	1.72	55	2
2023	85	18.93	14.78	24.08	314.83	1.72	55	2
2023	86	18.93	14.78	24.08	314.83	1.72	55	2
2023	87	18.93	14.78	24.08	314.83	1.72	55	2
2023	88	18.93	14.78	24.08	314.83	1.72	55	2
2023	89	18.93	14.78	24.08	314.83	1.72	55	2
2023	90	18.93	14.78	24.08	314.83	1.72	55	2
2023	91	18.93	14.78	24.08	314.83	1.72	55	2
2023	92	18.93	14.78	24.08	314.83	1.72	55	2
2023	93	18.93	14.78	24.08	314.83	1.72	55	2
2023	94	18.93	14.78	24.08	314.83	1.72	55	2
2023	95	18.93	14.78	24.08	314.83	1.72	55	2
2023	96	18.93	14.78	24.08	314.83	1.72	55	2
2023	97	18.93	14.78	24.08	314.83	1.72	55	2
2023	98	18.93	14.78	24.08	314.83	1.72	55	2
2023	99	18.93	14.78	24.08	314.83	1.72	55	2
2023	100	18.93	14.78	24.08	314.83	1.72	55	2
2023	101	18.93	14.78	24.08	314.83	1.72	55	2
2023	102	18.93	14.78	24.08	314.83	1.72	55	2
2023	103	18.93	14.78	24.08	314.83	1.72	55	2
2023	104	18.93	14.78	24.08	314.83	1.72	55	2
2023	105	18.93	14.78	24.08	314.83	1.72	55	2
2023	106	18.93	14.78	24.08	314.83	1.72	55	2
2023	107	18.93	14.78	24.08	314.83	1.72	55	2
2023	108	18.93	14.78	24.08	314.83	1.72	55	2
2023	109	22.3	22.3	22.3	314.83	0	55	2
2023	110	21.07	17	24.09	314.83	0	55	2
2023	111	20.16	17.07	25.36	314.83	1	55	2
2023	112	18.06	16.81	19.59	314.83	17.06	55	2
2023	113	19.19	15.33	23.64	314.83	0	55	2
2023	114	20.13	17.32	24.31	314.83	0	55	2
2023	115	18.92	15.95	22.83	314.83	5.1	55	2
2023	116	18.55	16.41	22.86	314.83	35	55	2
2023	117	19.06	15.7	23.06	314.83	0.1	55	2
2023	118	17.85	16.69	20.08	314.83	11.7	55	2
2023	119	18.04	15.51	21.49	314.83	0	55	2
2023	120	18.66	16.79	22.47	314.83	14.3	55	2
2023	121	18.02	16.16	20.28	314.83	22.6	55	2
2023	122	18.54	14.62	22.18	314.83	0.6	55	2
2023	123	18.27	16.54	21.52	314.83	0.1	55	2
2023	124	18.61	15.12	23.36	314.83	0	55	2
2023	125	18.67	14.48	23.52	314.83	0	55	2
2023	126	18.86	15.23	23.42	314.83	0	55	2
2023	127	18.79	15.61	23.07	314.83	0	55	2
2023	128	19.09	15.8	23.44	314.83	0	55	2
2023	129	18.17	16.24	21.58	314.83	0.1	55	2
2023	130	18.56	16.06	22.68	314.83	0	55	2
2023	131	18.15	15.1	22.15	314.83	0	55	2
2023	132	18.06	14.02	23.32	314.83	0	55	2
2023	133	19.24	15.48	24.25	314.83	0	55	2
2023	134	19.23	16.33	24.04	314.83	0	55	2
2023	135	18.59	14.77	23.4	314.83	0	55	2
2023	136	18.6	14.35	23.74	314.83	0	55	2
2023	137	19.07	15.98	23.06	314.83	0	55	2
2023	138	18.29	13.91	22.89	314.83	0	55	2
2023	139	18.37	14.63	23.8	314.83	0	55	2
2023	140	19.41	13.13	26.12	314.83	0	55	2
2023	141	19.27	13.3	24.7	314.83	0	55	2
2023	142	19.83	15.97	25.45	314.83	0	55	2
2023	143	19.78	16.04	24.78	314.83	0	55	2
2023	144	18.99	14.96	23.77	314.83	0	55	2
2023	145	19.11	14.58	23.87	314.83	0	55	2
2023	146	18	14.1	22.59	314.83	0	55	2
2023	147	16.64	12.72	21.05	314.83	0.3	55	2
2023	148	17.5	14.02	22.45	314.83	0.1	55	2
2023	149	16.53	14.07	19.75	314.83	2.6	55	2
2023	150	17.26	13.76	20.82	314.83	0	55	2
2023	151	18.19	15.48	23.03	165.37	0	55	2
2023	152	19.1	14.83	24.04	252.18	0	55	2
2023	153	19.11	15.58	23.99	273.08	2.6	55	2
2023	154	18	14.69	22.03	69.78	0	55	2
2023	155	17.66	13.89	22.83	199.47	0	55	2
2023	156	19.15	14.11	24.66	306.03	0	55	2
2023	157	18.83	15.25	23.88	200.96	0.2	55	2
2023	158	18.95	13.44	24.91	360.35	0	55	2
2023	159	19.36	12.31	26.04	365.95	0	55	2
2023	160	18.79	15.88	23.8	229.63	0	55	2
2023	161	18.3	13.62	24.32	251.44	0	55	2
2023	162	19.59	14.98	24.61	351.39	0	55	2
2023	163	19.64	14.92	24.48	241.6	0.2	55	2
2023	164	17.84	13.52	22.29	190.26	0	55	2
2023	165	18.81	14.98	25.01	245.06	0	55	2
2023	166	17.89	14.88	21.55	141.38	0	55	2
2023	167	18.54	14.65	23.95	188.56	0	55	2
2023	168	16.83	14.59	19.37	54.07	0	55	2
2023	169	17.38	13.35	22.42	172.24	0	55	2
2023	170	17.84	12.97	22.96	224.37	0	55	2
2023	171	18.42	14.65	22.7	138.18	0	55	2
2023	172	17.83	15.91	20.93	191.66	0	55	2
2023	173	17.11	14.77	20.05	117.71	0	55	2
2023	174	16.87	15.44	18.65	61.62	0	55	2
2023	175	17.72	14.23	22.8	198.47	0	55	2
2023	176	18.16	13.41	24.21	249.27	0	55	2
2023	177	16.67	13.5	21.31	115.2	0	55	2
2023	178	16.59	13.91	20.48	94.91	0	55	2
2023	179	17.33	12.34	22.77	236.09	0	55	2
2023	180	16.34	13.54	19.66	114.41	0	55	2
2023	181	17.5	14.71	21.1	109.4	0	55	2
2023	182	17.09	14.5	20.39	26.13	0	55	2
2023	183	16.91	14.71	19.94	85.05	0	55	2
2023	184	17.14	13.46	21.06	61.39	0	55	2
2023	185	16.5	13.97	19.82	167.11	0	55	2
2023	186	15.27	12.43	18.94	12.18	0	55	2
2023	187	18.06	15.84	19.51	95.63	0	55	2
2023	188	16.23	14.2	18.34	100.56	0	55	2
2023	189	16.26	12.37	20.81	159.02	0	55	2
2023	190	16.77	11.2	23.56	248.11	0	55	2
2023	191	18.69	10.53	26.26	315.31	0	55	2
2023	192	18.73	13.05	25.43	289.71	0	55	2
2023	193	16.82	13.68	20.29	189.55	0	55	2
2023	194	16.93	12.67	20.86	192.7	0	55	2
2023	195	18.08	13.39	23.37	212.77	0	55	2
2023	196	17.13	12.58	22.48	132.91	0	55	2
2023	197	16.52	12.53	20.62	203.16	0	55	2
2023	198	15.86	11.93	19.8	67.65	0	55	2
2023	199	16.31	12.25	21.51	91.4	0	55	2
2023	200	16.74	12.41	21.44	65.78	0	55	2
2023	201	18.82	12.14	25.91	312.23	0	55	2
2023	202	18.53	13.18	24.25	317.92	0	55	2
2023	203	17.85	14.49	22.47	64.01	0	55	2
2023	204	17.62	14.85	21.88	183.78	0	55	2
2023	205	17.38	13.13	21.38	87.99	0	55	2
2023	206	18.01	15.6	22.06	164.12	0	55	2
2023	207	16.77	14.22	22.16	164.8	0	55	2
2023	208	16.96	12.3	21.48	97.12	0	55	2
2023	209	16.78	14.6	20.27	100.08	0	55	2
2023	210	16.67	13.6	21.41	84.46	0	55	2
2023	211	17.75	12.74	24.26	309.83	0	55	2
2023	212	18.63	12.91	25.69	320.4	0	55	2
2023	213	17.26	14.02	21.61	108.1	0	55	2
2023	214	17.03	13.91	20.32	245.22	0.1	55	2
2023	215	15.78	15.4	16.35	314.83	0	55	2
2023	216	18.93	14.78	24.08	314.83	1.72	55	2
2023	217	18.93	14.78	24.08	314.83	1.72	55	2
2023	218	18.93	14.78	24.08	314.83	1.72	55	2
2023	219	18.93	14.78	24.08	314.83	1.72	55	2
2023	220	19.19	16.1	22.77	314.83	0	55	2
2023	221	16.3	14.35	19.47	99.72	1.5	55	2
2023	222	17.41	14.54	21.9	314.83	0	55	2
2023	223	17.26	13.47	21.84	314.83	0	55	2
2023	224	16.43	11.83	22.03	314.83	0	55	2
2023	225	17.57	11.74	23.44	314.83	0	55	2
2023	226	18.23	12.32	24.09	314.83	0	55	2
2023	227	19.11	13.96	24.68	314.83	0	55	2
2023	228	18.74	15.68	22.93	314.83	0	55	2
2023	229	18.19	14.99	22.6	314.83	0	55	2
2023	230	17.99	14.35	23.52	314.83	0	55	2
2023	231	18.84	13.73	25.12	314.83	0	55	2
2023	232	19.25	12.04	25.81	314.83	0	55	2
2023	233	19.13	12.72	24.83	314.83	0	55	2
2023	234	20.08	15.13	25.93	314.83	0	55	2
2023	235	18.24	12.75	24.9	278.29	0	55	2
2023	236	18.13	13.52	24.14	286.17	0	55	2
2023	237	18.43	12.48	24.75	339.26	0	55	2
2023	238	19.73	14.79	25.96	370.39	0	55	2
2023	239	19.43	14.24	26.09	348.37	0	55	2
2023	240	18.38	14.17	23.01	204.73	0	55	2
2023	241	18.08	13.66	22.52	203.21	0	55	2
2023	242	18.02	15.12	21.84	184.28	0	55	2
2023	243	18.07	15.24	22.71	132.61	0	55	2
2023	244	18.87	15.46	23.51	134.25	0	55	2
2023	245	18.68	15.53	23.49	177.46	0	55	2
2023	246	18.9	12.73	25.89	309.28	0	55	2
2023	247	18.78	14.35	24.48	183.69	0	55	2
2023	248	19.63	13.74	25.63	239.41	0	55	2
2023	249	20.42	13.62	26.98	276.93	0	55	2
2023	250	18.55	15.47	24.24	183.01	23.2	55	2
2023	251	17.83	15.35	20.88	216.31	1.5	55	2
2023	252	17.63	15.18	20.3	237.69	0	55	2
2023	253	18.7	13.12	24.8	304.84	0	55	2
2023	254	19.63	15.06	25.4	286.39	0	55	2
2023	255	20.1	15.27	26.39	311.18	0	55	2
2023	256	18.54	15.58	23.43	212.37	0	55	2
2023	257	19.3	15.09	24.61	303.08	0	55	2
2023	258	18.25	15.11	22.31	305.08	0	55	2
2023	259	19.19	13.58	25.41	335.8	0	55	2
2023	260	20.08	15.78	27.18	352.88	7.9	55	2
2023	261	19.27	15.2	24.9	296.61	0	55	2
2023	262	19.43	14.03	24.85	321.49	0	55	2
2023	263	20.13	15.04	27.25	425.01	0	55	2
2023	264	20.11	14.46	26.74	335.61	0	55	2
2023	265	20.33	15.96	25.85	292.61	0	55	2
2023	266	19.54	15.6	24.75	214.41	0	55	2
2023	267	18.87	16.08	24.31	306.57	0	55	2
2023	268	20.51	14.71	27.22	310.98	0	55	2
2023	269	20.23	13.96	27.28	291.16	0	55	2
2023	270	20.27	14.8	26.27	303.74	0	55	2
2023	271	18.89	16.03	22.69	79.8	0	55	2
2023	272	19.89	13.95	26.59	315.98	0	55	2
2023	273	19.74	15.23	26.4	221.85	0	55	2
2023	274	20.87	16.39	27.58	279.48	0	55	2
2023	275	20.79	14.59	27.58	290.74	0	55	2
2023	276	18.98	12.25	25.45	355.89	0	55	2
2023	277	17.97	16.28	21.07	314.83	0	55	2
2023	278	18.71	15.17	23.32	314.83	0.1	55	2
2023	279	20.09	15.8	26.43	314.83	0	55	2
2023	280	20.12	14.92	26.08	314.83	0	55	2
2023	281	20.74	13.07	27.9	314.83	0	55	2
2023	282	21.15	14.46	27.94	314.83	0	55	2
2023	283	20.8	16.31	27.4	314.83	0	55	2
2023	284	20.65	14.57	26.53	314.83	0	55	2
2023	285	21.22	14.61	27.95	29.44	0	55	2
2023	286	22.07	14.44	29.04	427.23	0	55	2
2023	287	22.09	16.24	28.14	428.3	0	55	2
2023	288	21.94	17.65	27.56	348.26	0	55	2
2023	289	20.65	16.41	25.56	391.86	0.5	55	2
2023	290	20.59	17	26.7	287.02	0.1	55	2
2023	291	21.14	17.4	25.88	391.89	0	55	2
2023	292	19.67	16.88	24.57	333	0.9	55	2
2023	293	19.63	14.75	24.34	333.2	0	55	2
2023	294	20.13	15.77	25.43	317.38	0	55	2
2023	295	21.29	16.21	26.31	335.48	0	55	2
2023	296	20.92	15.51	26.96	386.79	0	55	2
2023	297	21.26	15.27	26.84	361.83	0	55	2
2023	298	21.43	17.08	26.31	373.89	0	55	2
2023	299	19.75	16.89	24.27	302.02	1.9	55	2
2023	300	19.99	16.11	24.47	275.17	0	55	2
2023	301	20.44	15.29	26.18	299.92	0	55	2
2023	302	20.44	16.2	25.09	293.17	0	55	2
2023	303	19.84	16.07	25.11	320.12	0	55	2
2023	304	19.58	16.66	24.13	286.44	4.5	55	2
2023	305	20.19	15.98	25.04	301.58	0	55	2
2023	306	18.89	16.55	22.21	304.4	32.9	55	2
2023	307	18.28	16.62	22.5	326.5	8.3	55	2
2023	308	18.22	15.53	21.34	294.16	8.6	55	2
2023	309	18.8	16.42	23.16	313	7.2	55	2
2023	310	19.32	16.17	24.13	442.3	28.39	55	2
2023	311	19.12	15.6	23.81	471.37	35.8	55	2
2023	312	18.59	16.89	21.94	329.38	3.1	55	2
2023	313	19.14	15.53	23.06	388.75	0	55	2
2023	314	18.8	16.01	22.5	265.7	17.8	55	2
2023	315	18.04	15.14	21.42	278.59	11.1	55	2
2023	316	18.82	16.5	23.13	342.78	4.4	55	2
2023	317	18.97	16.48	22.72	418.36	3.9	55	2
2023	318	18.57	16.33	23.09	332.43	22.2	55	2
2023	319	18.42	16.63	22.5	327.11	5.7	55	2
2023	320	18.56	16.26	22.07	379.33	6.6	55	2
2023	321	18.58	16.27	22.19	301.92	2.5	55	2
2023	322	19.16	16.24	23.04	360.37	1.74	55	2
2023	323	19.33	16.45	23.33	426.02	1.4	55	2
2023	324	18.81	15.89	23.3	398.04	0.4	55	2
2023	325	18.89	16.91	22.18	319.64	14.2	55	2
2023	326	18.29	16.52	21.89	360.61	8.7	55	2
2023	327	18.41	16.01	21.81	332.88	3.6	55	2
2023	328	18.6	16.2	22.59	392.39	9	55	2
2023	329	18.63	16.17	22.4	319.92	6.8	55	2
2023	330	18.31	15.64	21.96	339	8.4	55	2
2023	331	19.47	15.78	24.04	471.51	2.6	55	2
2023	332	19.07	16.67	23.43	349.55	0	55	2
2023	333	19.54	16.52	23.98	498.21	0	55	2
2023	334	19.2	15.46	23.4	483.41	0	55	2
2023	335	19.08	14.87	23.94	461.96	0	55	2
2023	336	19.51	14.76	24.39	411.98	0	55	2
2023	337	19.26	16.65	23.41	401.68	0	55	2
2023	338	18.98	15.93	23.5	363.5	0	55	2
2023	339	19.21	15.7	24.03	404.09	0	55	2
2023	340	19.08	16.36	23.58	383.18	0	55	2
2023	341	19.16	13.78	24.68	473.77	0	55	2
2023	342	19.31	14.63	24.83	446.49	0	55	2
2023	343	18.69	14.4	23.86	398.57	0	55	2
2023	344	19.39	16.5	23.57	397.26	0.8	55	2
2023	345	19.18	15.52	23.85	396.18	0.1	55	2
2023	346	19.24	15	24.28	353.75	0	55	2
2023	347	19.64	15.87	24.75	349.7	0	55	2
2023	348	19.65	17.22	23.88	355.75	0.1	55	2
2023	349	18.97	16.04	22.86	373.16	4.7	55	2
2023	350	18.27	16.3	21.59	235.59	0	55	2
2023	351	18.93	15.66	23.38	376.45	0	55	2
2023	352	18.79	15.6	23.31	400.29	0.1	55	2
2023	353	19.29	16.03	23.73	350.94	0	55	2
2023	354	18.81	14.53	23.85	403.15	0	55	2
2023	355	19.55	15.62	24.47	407.99	0	55	2
2023	356	19.31	15.92	23.7	323.94	2.2	55	2
2023	357	18.94	16.36	23.24	309.77	6.7	55	2
2023	358	20.22	16.91	24.8	409.78	0.7	55	2
2023	359	20.3	17.16	25.01	417.6	0	55	2
2023	360	18.96	16.81	22.36	248.07	0.6	55	2
2023	361	18.91	14.84	23.14	434.42	0	55	2
2023	362	19.96	15.72	24.86	444.77	0	55	2
2023	363	20.22	15.6	25.2	410.62	0	55	2
2023	364	20.21	16.76	25.21	330.63	0	55	2
2023	365	20.6	17.19	25.44	386.32	0	55	2
2024	1	20.55	16.91	25.02	395.65	2.14	55	2
2024	2	20.07	16.56	24.68	328.04	18.7	55	2
2024	3	20.13	17.2	24.79	425.13	0	55	2
2024	4	19.96	16.09	24.53	390.43	0	55	2
2024	5	19.14	16.57	24.91	303.88	9.3	55	2
2024	6	19.09	16.54	23.04	280.32	10.8	55	2
2024	7	18.92	16.76	22.92	273.23	11	55	2
2024	8	19.43	16.57	23.66	356.87	0	55	2
2024	9	19.08	15.93	23.21	462.74	0	55	2
2024	10	18.79	14.92	22.81	326.66	0.7	55	2
2024	11	19.15	16	24.15	297.42	3	55	2
2024	12	19.59	16.95	23.85	259.61	16.24	55	2
2024	13	18.52	16.36	22.04	190.84	31	55	2
2024	14	20.09	17.75	24.48	277.53	0	55	2
2024	15	20.34	17.24	24.64	379.93	0.1	55	2
2024	16	20.38	16.41	25.06	366.77	0	55	2
2024	17	20.19	16.93	24.19	312.15	0	55	2
2024	18	19.37	17.01	23.03	311.02	0	55	2
2024	19	18.89	16.86	23.7	315.68	0	55	2
2024	20	18.93	14.78	24.08	314.83	1.72	55	2
2024	21	18.93	14.78	24.08	314.83	1.72	55	2
2024	22	18.93	14.78	24.08	314.83	1.72	55	2
2024	23	18.93	14.78	24.08	314.83	1.72	55	2
2024	24	18.93	14.78	24.08	314.83	1.72	55	2
2024	25	18.93	14.78	24.08	314.83	1.72	55	2
2024	26	18.93	14.78	24.08	314.83	1.72	55	2
2024	27	18.93	14.78	24.08	314.83	1.72	55	2
2024	28	18.93	14.78	24.08	314.83	1.72	55	2
2024	29	18.93	14.78	24.08	314.83	1.72	55	2
2024	30	18.93	14.78	24.08	314.83	1.72	55	2
2024	31	18.93	14.78	24.08	314.83	1.72	55	2
2024	32	18.93	14.78	24.08	314.83	1.72	55	2
2024	33	18.93	14.78	24.08	314.83	1.72	55	2
2024	34	18.93	14.78	24.08	314.83	1.72	55	2
2024	35	18.93	14.78	24.08	314.83	1.72	55	2
2024	36	18.93	14.78	24.08	314.83	1.72	55	2
2024	37	18.93	14.78	24.08	314.83	1.72	55	2
2024	38	21.15	17.7	26.22	221.31	0	55	2
2024	39	20.08	15.99	24.99	346.47	0	55	2
2024	40	20.99	15.87	26.34	462.24	0	55	2
2024	41	20.64	17.09	26.15	447.48	0	55	2
2024	42	19.97	14.37	26	399.42	0	55	2
2024	43	20.55	14.43	26.68	468.14	0	55	2
2024	44	21.28	15.75	27.18	457.02	0	55	2
2024	45	21.47	15.82	27.65	459.04	0	55	2
2024	46	21.39	14.98	27.63	467.3	0	55	2
2024	47	20.85	14.84	26.93	431.15	0	55	2
2024	48	21.07	15.83	27.36	446.37	0	55	2
2024	49	22.65	14.91	29.69	443.2	0	55	2
2024	50	23.05	17.38	29.57	416.22	0	55	2
2024	51	22.11	17.2	28.55	387.18	11.4	55	2
2024	52	21.85	16.8	28.03	449.79	0.1	55	2
2024	53	20.86	16.12	26.32	473.39	0	55	2
2024	54	20.17	16.55	25.25	359.8	0	55	2
2024	55	18.94	16.09	24.26	408.31	17.4	55	2
2024	56	20.54	16.07	25.74	363.46	0.2	55	2
2024	57	21.06	16.67	26.91	303.73	0	55	2
2024	58	20.5	17.29	27.15	377.02	3.5	55	2
2024	59	20.08	15.68	26.25	349.14	8.9	55	2
2024	60	21.47	17.31	26.54	464.21	3.2	55	2
2024	61	21.05	16.2	26.2	490.4	0	55	2
2024	62	21.18	17.12	26.2	401.99	0	55	2
2024	63	21.32	16.24	27.18	467.74	0	55	2
2024	64	21.55	16.18	27.88	325.93	0	55	2
2024	65	20.75	17.43	25.55	496.01	0	55	2
2024	66	20.5	16.45	25.77	389.11	0	55	2
2024	67	21.01	15.45	26.84	383.34	0	55	2
2024	68	21.68	15.35	28.29	444.41	0	55	2
2024	69	21.49	16.93	27.21	452.61	0.3	55	2
2024	70	21.36	16.35	27.36	432.49	0	55	2
2024	71	21.48	16.61	27.44	460.68	0	55	2
2024	72	21.21	14.96	27.75	447.12	0	55	2
2024	73	21.53	15.6	27.85	454.11	0	55	2
2024	74	20.69	16.64	26.53	326.48	0	55	2
2024	75	20.32	15.36	26.03	367.02	0	55	2
2024	76	20.56	14.77	26.78	446.98	0	55	2
2024	77	22.14	15.52	29.49	377.6	0	55	2
2024	78	21.85	16.88	27.72	393.51	0	55	2
2024	79	21.66	16.59	27.9	370.2	0	55	2
2024	80	21.23	17.05	27.02	395.68	0.4	55	2
2024	81	21.71	16.73	27.92	411.73	0.1	55	2
2024	82	22.27	16.56	28.8	446.89	0	55	2
2024	83	20.86	16.19	27.55	243.77	37.7	55	2
2024	84	20.59	16.53	26.68	356.46	7.8	55	2
2024	85	20.46	15.28	27.48	447.62	11.1	55	2
2024	86	21.11	18	25.76	403.26	0	55	2
2024	87	20.43	17.71	26.29	469.38	0	55	2
2024	88	20.27	17.05	25.24	387.91	0.1	55	2
2024	89	20.33	15.75	25.54	384.8	3	55	2
2024	90	19.7	17.7	24.45	397.67	2.2	55	2
2024	91	19.35	16.36	23.47	361.35	0	55	2
2024	92	19.69	16.66	24.31	411.35	0.3	55	2
2024	93	20.26	17.37	24.64	404.5	0	55	2
2024	94	20.38	16.21	25.5	389.48	0	55	2
2024	95	20.24	17.33	25.29	408.25	0	55	2
2024	96	20.98	17.46	25.42	495.83	0	55	2
2024	97	19.56	16.1	24.02	320.78	0	55	2
2024	98	20.89	16.82	25.55	465.87	0	55	2
2024	99	20.22	17.88	24.38	288.36	0	55	2
2024	100	19.47	15.67	24.82	316.19	0	55	2
2024	101	20.72	16.59	26.32	467.72	0	55	2
2024	102	20.82	16.64	26.28	403.22	0	55	2
2024	103	20.37	16.5	24.76	394.07	0	55	2
2024	104	19.98	17.24	23.99	283.53	0	55	2
2024	105	20.43	17.16	25.03	381.75	0	55	2
2024	106	19.59	17.16	24.52	337.59	0	55	2
2024	107	20.04	16.62	24.46	380.13	0	55	2
2024	108	20.44	17.3	25.28	457.11	12.3	55	2
2024	109	20.78	17.98	25.29	387.17	0	55	2
2024	110	19.96	16.99	24.12	261.47	0	55	2
2024	111	20.09	16.15	25	409.86	0	55	2
2024	112	19.11	16.83	24.05	261.24	0	55	2
2024	113	19.9	16.84	24.63	393.14	0.1	55	2
2024	114	20.22	17.92	24.13	287.86	0	55	2
2024	115	20.01	17.38	24.69	397.84	0	55	2
2024	116	19.21	17.84	24.04	248.92	24.9	55	2
2024	117	18.35	16.25	22.65	322.38	31.8	55	2
2024	118	19.75	17.01	24.01	363.68	0.6	55	2
2024	119	19.52	17.46	22.63	322.68	0.3	55	2
2024	120	18.98	16.26	24.9	308.6	61.1	55	2
2024	121	20.46	17.01	26.24	370.88	4.8	55	2
2024	122	19.78	17.34	24.71	313.36	33.6	55	2
2024	123	19.37	17.6	24.77	220.98	6.1	55	2
2024	124	20.26	17.52	23.67	250.35	11	55	2
2024	125	18.93	16.82	23.3	199.33	43	55	2
2024	126	19.81	16.73	25.59	355.03	0.3	55	2
2024	127	18.57	15.88	22.23	194.62	26.6	55	2
2024	128	18.94	16.7	22.76	265.87	3.2	55	2
2024	129	18.61	16.65	22.64	272.42	1.5	55	2
2024	130	18.29	15.7	21.96	221.21	0.2	55	2
2024	131	18.43	16.26	22.18	245.47	0.9	55	2
*	*	tavg	tmin	tmax	grad	prec	rh	wind
2018	208	18.93	14.78	24.08	314.83	1.72	55	2
2018	209	18.93	14.78	24.08	314.83	1.72	55	2
2018	210	18.93	14.78	24.08	314.83	1.72	55	2
2018	211	16.6	15.06	23.09	314.83	55.62	55	2
2018	212	16.77	13.75	20.4	256.94	0	55	2
2018	213	17.61	14.08	23.6	276.25	0	55	2
2018	214	17.15	11.43	24.45	370.21	0	55	2
2018	215	16.59	11.45	23.44	418.89	0	55	2
2018	216	15.9	11.46	21.9	229.4	0	55	2
2018	217	15.41	12.37	19.38	129.79	0	55	2
2018	218	16.55	11.15	22.11	335.6	0	55	2
2018	219	16.84	10.31	23.81	393.76	0	55	2
2018	220	17.32	10.45	24.61	358.97	0	55	2
2018	221	17.43	12.32	23.1	267.85	0	55	2
2018	222	16	11.45	21.38	279.77	0	55	2
2018	223	16.26	13.13	21.55	267.28	0	55	2
2018	224	16.09	12.1	20.98	300.57	0	55	2
2018	225	14.86	10.78	18.88	186.99	0	55	2
2018	226	16.17	10.4	22.59	362.45	0	55	2
2018	227	15.73	12.18	21.02	193.29	0	55	2
2018	228	14.76	10.47	19.42	191.7	0.1	55	2
2018	229	15.07	12.45	18.64	137.54	0	55	2
2018	230	15.17	11.67	19.21	193.86	0	55	2
2018	231	15.93	12.67	21.26	194.07	0	55	2
2018	232	15.73	11.44	21.28	264.54	0	55	2
2018	233	16.31	10.78	21.12	185.61	0	55	2
2018	234	17.06	10.96	24.12	296.86	0	55	2
2018	235	15.91	13.39	18.69	113.44	0	55	2
2018	236	17.29	12.49	23.06	215.29	0	55	2
2018	237	17.74	11.88	23.37	259.16	0	55	2
2018	238	17.09	14.4	22.17	179.34	0	55	2
2018	239	17.73	12.36	24.35	261.63	1.5	55	2
2018	240	15.93	14.09	18.77	90.39	0.1	55	2
2018	241	16.37	13.47	19.55	143.68	0	55	2
2018	242	16.82	12.71	21.06	211.61	0	55	2
2018	243	16.56	13.2	20.14	201.46	0	55	2
2018	244	15.47	11.77	19.59	120.08	0	55	2
2018	245	16.34	13.18	21.05	108.2	0	55	2
2018	246	16.62	10.71	22.47	210.51	0	55	2
2018	247	16.42	11.88	21.52	192.35	0	55	2
2018	248	18.1	14.54	23.26	341.28	0	55	2
2018	249	17.83	13.62	23.34	294.5	0	55	2
2018	250	17.77	12.83	23.71	399.68	0	55	2
2018	251	17.86	11.99	23.8	348.42	0	55	2
2018	252	18.95	11.89	26.47	388.1	0	55	2
2018	253	20.02	14.37	26.75	362.86	0	55	2
2018	254	19.08	14.84	24.56	375.28	0	55	2
2018	255	18.01	11.4	24.92	382.86	0	55	2
2018	256	18.9	13.46	25.21	381.15	0	55	2
2018	257	19.74	13.81	25.91	344.46	0	55	2
2018	258	18.99	11.42	26.66	390.95	0	55	2
2018	259	19.42	11.63	26.66	386.21	0	55	2
2018	260	19.04	11.43	26.8	343.9	0	55	2
2018	261	17.96	11.56	25.69	367.38	0	55	2
2018	262	17.7	12.25	24.73	302.25	0	55	2
2018	263	19.23	12.66	26.44	402.75	0	55	2
2018	264	19.45	14.45	26.2	375.51	0	55	2
2018	265	18.16	13.01	23.56	276.9	0	55	2
2018	266	18.54	13	24.95	348.03	0	55	2
2018	267	17.97	10.74	25.28	390.05	0	55	2
2018	268	19.07	13.96	24.87	307.7	0	55	2
2018	269	19.44	12.78	26.23	338.76	0	55	2
2018	270	18.55	14.65	22.86	262.62	0	55	2
2018	271	19.11	15.23	24.79	325.26	0	55	2
2018	272	19.34	13.57	26.13	340.5	0	55	2
2018	273	19.39	13.99	25.7	427.6	0	55	2
2018	274	17.9	10.42	24.28	386.57	0	55	2
2018	275	17.91	12.04	24.29	294.81	0	55	2
2018	276	19.27	13.9	26.01	413.41	0	55	2
2018	277	18.69	14.18	24.05	302.87	0	55	2
2018	278	19	13.03	25.49	363.15	0	55	2
2018	279	20.11	15.16	27	385.89	0	55	2
2018	280	19.04	14.53	26.46	290.14	9.9	55	2
2018	281	18.55	12.95	24.16	240.49	0.8	55	2
2018	282	18.75	13.47	23.91	311.96	0	55	2
2018	283	18.24	11.88	24.24	315.37	0	55	2
2018	284	19.1	13.37	25.09	377.15	0	55	2
2018	285	19.43	12.16	27.16	366.53	0	55	2
2018	286	20.2	15.51	26.89	293.92	0	55	2
2018	287	19.65	13.54	27.37	321.8	0	55	2
2018	288	20.14	14.71	26.35	314.3	0	55	2
2018	289	19.71	14.4	26.68	341.22	0	55	2
2018	290	20.39	15.48	26.25	376.21	0	55	2
2018	291	20.39	15.87	26.02	379.61	0	55	2
2018	292	20.31	15.81	26.36	397.83	0	55	2
2018	293	20.49	14.78	26.48	391.04	0	55	2
2018	294	20.02	14.68	25.48	360.18	0	55	2
2018	295	18.92	13.1	24.48	374.51	0	55	2
2018	296	16.42	14.08	19.6	163.05	3.47	55	2
2018	297	16.35	14.69	20.04	153.87	0.2	55	2
2018	298	16.83	14.17	20.52	222.11	1.77	55	2
2018	299	17.71	13.7	22.47	223.85	0	55	2
2018	300	17.7	14.69	22.5	294.16	5.41	55	2
2018	301	18.28	15.04	23.01	309.42	0	55	2
2018	302	19.17	15.27	24.55	351.5	0.7	55	2
2018	303	19.89	15.03	25.79	322.87	0	55	2
2018	304	20.03	14.3	26.13	403.31	0	55	2
2018	305	19.99	15.47	25.36	316.21	0	55	2
2018	306	19.37	16.13	24.78	383.44	7.9	55	2
2018	307	19.21	16.09	23.98	393.38	0	55	2
2018	308	19.08	13.71	24.8	369.02	0	55	2
2018	309	19.44	11.7	25.56	432.47	0	55	2
2018	310	19.74	14.41	26.24	383.09	0	55	2
2018	311	20.32	14.14	27.57	406.81	0	55	2
2018	312	20.67	13.74	27.57	379.04	0	55	2
2018	313	19.87	14.81	26.38	219.56	0	55	2
2018	314	20.48	16.14	26.03	328.17	0	55	2
2018	315	19.61	14.55	25.78	380.24	0.2	55	2
2018	316	20.24	15.57	26.12	397.15	0.1	55	2
2018	317	19.54	16.05	24.82	315.32	0	55	2
2018	318	19.49	14.22	25.02	377.69	0	55	2
2018	319	20.39	14.1	26.93	415.72	0	55	2
2018	320	20.68	12.65	27.66	399.72	0	55	2
2018	321	19.15	15.92	25.36	227.87	0.1	55	2
2018	322	20.25	14.31	26.69	398.8	0	55	2
2018	323	19.77	14.5	25.3	369.3	20.5	55	2
2018	324	19.19	15.69	23.1	335.81	16.58	55	2
2018	325	18.36	15.97	23.18	250.84	20.7	55	2
2018	326	19.18	15.47	24.07	315.27	0	55	2
2018	327	19.53	14.45	24.87	413.16	0	55	2
2018	328	18.93	15.54	23.66	343.05	0	55	2
2018	329	18.58	15.5	23.29	404.82	4.49	55	2
2018	330	17.72	14.97	22.08	340.87	32.53	55	2
2018	331	18.73	14.89	23.52	389.35	1.02	55	2
2018	332	19.07	15.64	23.53	362.12	0	55	2
2018	333	18.22	15.77	22.2	346.84	12.3	55	2
2018	334	18.6	15.89	22.8	381.4	2.4	55	2
2018	335	17.46	15.31	21.46	315.23	2.8	55	2
2018	336	18.07	14.47	22.93	345.04	0	55	2
2018	337	18.74	15.35	23.64	417.43	0	55	2
2018	338	18.14	15.39	23.18	365.68	14.9	55	2
2018	339	18.33	15.75	23.16	377.03	18.1	55	2
2018	340	19.59	15.82	24.58	449.29	1.9	55	2
2018	341	19.61	16.37	24.04	461.93	0	55	2
2018	342	17.98	14.3	22.32	318.92	29.6	55	2
2018	343	19.39	16.28	23.75	435.35	0.6	55	2
2018	344	18.07	15.6	22.15	245.69	2.8	55	2
2018	345	17.23	14.44	21.16	260.87	23.49	55	2
2018	346	19.3	14.58	24.57	413.87	0	55	2
2018	347	18.55	14.4	22.86	405.65	2.9	55	2
2018	348	18.48	15.39	23.26	448.86	18.26	55	2
2018	349	17.68	15.29	22.32	353.04	24.7	55	2
2018	350	18.07	13.16	22.97	446.13	0.1	55	2
2018	351	18.6	14.25	23.53	472.09	0	55	2
2018	352	19.19	14.38	24.29	459.03	0	55	2
2018	353	19.19	16.48	23.37	278.22	1.3	55	2
2018	354	18.71	15.5	23.56	367.87	0	55	2
2018	355	18.15	13.4	23.73	344.3	0	55	2
2018	356	18.84	14.16	24.48	384.57	0	55	2
2018	357	19.04	14.56	24.14	457.5	0	55	2
2018	358	18.27	14.18	23.31	420.96	0	55	2
2018	359	18.4	13.73	23.94	399.99	0	55	2
2018	360	18.25	14.04	22.74	413.96	0	55	2
2018	361	18.44	15.12	23.32	403.55	0	55	2
2018	362	18.67	13.86	24.89	445.89	0	55	2
2018	363	19.29	14.46	25.22	444.74	0	55	2
2018	364	19.29	15.61	24.64	402.79	0.1	55	2
2018	365	18.67	14.93	23.53	404.13	0	55	2
2019	1	18.09	12.83	24.2	382.89	0	55	2
2019	2	18.99	12.82	24.75	430.36	0	55	2
2019	3	19.15	14.07	24.68	446.47	0	55	2
2019	4	17.56	14.63	22	297.77	7.7	55	2
2019	5	18.12	15.54	21.81	347.24	1.5	55	2
2019	6	18.85	14.89	24.31	454.24	0	55	2
2019	7	19.42	13.92	24.92	453.72	0	55	2
2019	8	16.29	15.98	16.77	314.83	0	55	2
2019	9	18.93	14.78	24.08	314.83	1.72	55	2
2019	10	21.88	18.88	24.35	417.75	0	55	2
2019	11	19.72	15.9	24.62	360.29	0.2	55	2
2019	12	18.57	14.04	24.13	407.69	0	55	2
2019	13	15.86	15.86	15.86	314.83	0	55	2
2019	14	18.93	14.78	24.08	314.83	1.72	55	2
2019	15	18.93	14.78	24.08	314.83	1.72	55	2
2019	16	18.93	14.78	24.08	314.83	1.72	55	2
2019	17	18.93	14.78	24.08	314.83	1.72	55	2
2019	18	18.93	14.78	24.08	314.83	1.72	55	2
2019	19	18.93	14.78	24.08	314.83	1.72	55	2
2019	20	18.93	14.78	24.08	314.83	1.72	55	2
2019	21	18.93	14.78	24.08	314.83	1.72	55	2
2019	22	18.93	14.78	24.08	314.83	1.72	55	2
2019	23	18.93	14.78	24.08	314.83	1.72	55	2
2019	24	18.93	14.78	24.08	314.83	1.72	55	2
2019	25	18.93	14.78	24.08	314.83	1.72	55	2
2019	26	18.93	14.78	24.08	314.83	1.72	55	2
2019	27	18.93	14.78	24.08	314.83	1.72	55	2
2019	28	18.93	14.78	24.08	314.83	1.72	55	2
2019	29	18.93	14.78	24.08	314.83	1.72	55	2
2019	30	18.93	14.78	24.08	314.83	1.72	55	2
2019	31	18.93	14.78	24.08	314.83	1.72	55	2
2019	32	22.63	17.96	26.57	452.51	0	55	2
2019	33	20.53	12.89	28.07	425.11	0	55	2
2019	34	16.58	13.78	23.03	179.79	0	55	2
2019	35	18.93	14.78	24.08	314.83	1.72	55	2
2019	36	18.93	14.78	24.08	314.83	1.72	55	2
2019	37	18.93	14.78	24.08	314.83	1.72	55	2
2019	38	18.93	14.78	24.08	314.83	1.72	55	2
2019	39	18.93	14.78	24.08	314.83	1.72	55	2
2019	40	18.93	14.78	24.08	314.83	1.72	55	2
2019	41	21.52	16.9	25.44	433.52	0	55	2
2019	42	20.07	13.71	27.33	423.16	0	55	2
2019	43	19.55	13.42	26.11	421.27	0	55	2
2019	44	19.03	13.44	26.08	421.52	0	55	2
2019	45	19.58	14.34	25.68	391.37	0	55	2
2019	46	21.04	14.82	27.39	401.35	0	55	2
2019	47	21.28	17.33	26.89	330.92	0	55	2
2019	48	21.53	16.73	26.84	361.47	0	55	2
2019	49	21.98	14.02	29.49	419.62	0	55	2
2019	50	21.96	15.24	29.6	395.61	0	55	2
2019	51	21.36	16.15	27.52	433.98	0	55	2
2019	52	20.45	16.33	25.87	403.07	3.7	55	2
2019	53	20.39	15.57	26.48	422.97	0	55	2
2019	54	20.63	15.6	27.71	372.27	0.6	55	2
2019	55	20.4	15.79	27.76	330.13	0	55	2
2019	56	21.19	15.91	27.88	392.57	1.7	55	2
2019	57	21.65	14.89	28.85	446.15	0	55	2
2019	58	21.04	13.94	27.47	429.46	0	55	2
2019	59	21.37	13.54	28.47	438.6	0	55	2
2019	60	22.64	13.59	30.69	430.31	0	55	2
2019	61	22.72	15.86	29.74	204.26	0	55	2
2019	62	22.98	16.43	30.63	381	0.6	55	2
2019	63	21.09	15.58	27.9	348.69	5.1	55	2
2019	64	20.78	15.75	26.9	444.39	21.9	55	2
2019	65	21.63	14.55	28.62	484.64	0	55	2
2019	66	22.19	15.63	29.16	470.57	0	55	2
2019	67	22.11	14.65	28.63	479.44	0	55	2
2019	68	21.25	15.03	27.9	451.69	0	55	2
2019	69	21.17	15.11	27.8	457.54	0	55	2
2019	70	20.9	13.91	27.46	425.21	0	55	2
2019	71	21.6	14.71	29	427.74	0	55	2
2019	72	21.42	14.9	28.32	412.15	0	55	2
2019	73	19.82	15.38	25.89	417.68	0	55	2
2019	74	20.6	14.82	26.72	453.15	0	55	2
2019	75	20.71	15.08	26.86	386.27	0	55	2
2019	76	20.72	14.79	28.05	510.68	0	55	2
2019	77	18.93	14.78	24.08	314.83	1.72	55	2
2019	78	18.93	14.78	24.08	314.83	1.72	55	2
2019	79	18.93	14.78	24.08	314.83	1.72	55	2
2019	80	18.93	14.78	24.08	314.83	1.72	55	2
2019	81	18.93	14.78	24.08	314.83	1.72	55	2
2019	82	23.62	18.95	27.31	440.02	0	55	2
2019	83	21.34	16.18	27.52	370.37	0	55	2
2019	84	21.87	14.94	29.24	400.42	0	55	2
2019	85	22.6	15.76	30.18	397.29	0	55	2
2019	86	22.12	16.25	28.07	379.65	0	55	2
2019	87	21.24	15.86	27.26	375.7	0	55	2
2019	88	22.06	16.53	28.38	350.25	0	55	2
2019	89	22.1	16.45	27.58	336.73	4.7	55	2
2019	90	22	15.7	28.75	397.86	0.1	55	2
2019	91	21.96	16.23	28.24	386.57	0	55	2
2019	92	22.16	16.71	28.48	387.74	0	55	2
2019	93	22.42	16.14	28.6	405.31	0	55	2
2019	94	21.67	16.93	27.45	348.15	0	55	2
2019	95	21.3	16.46	26.72	311.94	0	55	2
2019	96	21.26	15.94	27.21	340.13	0	55	2
2019	97	21.54	16.3	27.53	380.67	0	55	2
2019	98	22.08	15.12	29.02	433.56	0	55	2
2019	99	18.68	17.78	19.79	314.83	0	55	2
2019	100	18.93	14.78	24.08	314.83	1.72	55	2
2019	101	18.93	14.78	24.08	314.83	1.72	55	2
2019	102	18.93	14.78	24.08	314.83	1.72	55	2
2019	103	18.93	14.78	24.08	314.83	1.72	55	2
2019	104	18.93	14.78	24.08	314.83	1.72	55	2
2019	105	18.93	14.78	24.08	314.83	1.72	55	2
2019	106	18.93	14.78	24.08	314.83	1.72	55	2
2019	107	24.38	20.09	28.4	255.72	0	55	2
2019	108	22.11	15.59	28.47	305.38	0	55	2
2019	109	22.12	16.34	28.11	304.27	0	55	2
2019	110	22.54	16.67	28.87	267.05	0	55	2
2019	111	21.69	16.65	28.78	256.67	0.9	55	2
2019	112	20.99	16.4	26.62	254.24	7.4	55	2
2019	113	19.96	17.53	24.4	159.98	6.5	55	2
2019	114	19.86	15.88	26.74	351.42	29	55	2
2019	115	20	17.28	24.69	191.9	0	55	2
2019	116	20.13	16.78	24.42	372.53	11.2	55	2
2019	117	19.93	15.21	25.02	334.21	19.71	55	2
2019	118	20.52	16.44	26.21	440.95	0	55	2
2019	119	20.56	16.43	25.09	391.88	0.8	55	2
2019	120	19.64	16.1	24.67	352.33	1.2	55	2
2019	121	20.02	16.1	25.73	430.25	0	55	2
2019	122	20.34	15.33	26.28	422.02	0	55	2
2019	123	20.26	16.68	24.94	313.68	0	55	2
2019	124	19.65	16.25	23.98	281.23	0	55	2
2019	125	19.99	16.26	25.28	320.52	0	55	2
2019	126	19.81	16.16	24.77	372.3	1.6	55	2
2019	127	19.74	15.95	25.12	353.41	0	55	2
2019	128	20.2	16.09	24.85	349.12	0	55	2
2019	129	19.66	15.22	24.5	308.71	0	55	2
2019	130	19.63	16.08	24.92	271.54	0	55	2
2019	131	19.5	15.7	24.83	311.76	0	55	2
2019	132	19.38	16.02	24.63	289.69	0.2	55	2
2019	133	19.59	14.75	24.37	277.79	0	55	2
2019	134	19.57	15.62	24.86	304.15	0	55	2
2019	135	20.15	15.52	25.83	358.4	0	55	2
2019	136	19.67	14.88	24.33	277.47	0	55	2
2019	137	19.62	14.87	24.8	263.57	0	55	2
2019	138	18.57	16.31	22.29	268.17	10.7	55	2
2019	139	17.69	15.03	20.46	200.98	0	55	2
2019	140	18.5	14.18	22.36	264.59	0	55	2
2019	141	18.89	14.07	24.23	320	0	55	2
2019	142	18.84	14.79	24.05	226.1	0	55	2
2019	143	18.54	15.49	22.67	282.26	0	55	2
2019	144	18.02	14.76	23.12	340.41	0	55	2
2019	145	17.95	15.73	21.96	233.68	0	55	2
2019	146	17.69	15.52	21.09	211.7	3	55	2
2019	147	18.18	15.76	22.11	251.02	0	55	2
2019	148	17.93	14.36	21.84	201.51	0	55	2
2019	149	18.45	15.47	22.57	259.82	0	55	2
2019	150	18.98	13.86	24.03	343.84	0	55	2
2019	151	18.74	14.86	23.74	203.36	0	55	2
2019	152	19.36	15.9	26.37	332.48	0	55	2
2019	153	18.3	15.86	25.48	296.98	23.37	55	2
2019	154	18.79	15.86	23.39	319.46	0	55	2
2019	155	18.12	14.67	22.13	243.64	0	55	2
2019	156	16.84	15.01	19.19	118.16	0	55	2
2019	157	17.27	14.15	21.34	222.71	23.8	55	2
2019	158	17.88	14.75	21.6	247.63	0	55	2
2019	159	18.53	14.92	23.31	307.51	0	55	2
2019	160	16.81	15.65	18.91	88.11	0.6	55	2
2019	161	16.02	14.19	18.7	106.72	0	55	2
2019	162	17.12	13.54	20.82	212.6	0	55	2
2019	163	17.67	14.32	20.69	150.08	0	55	2
2019	164	18.31	14.85	22.75	260.22	0	55	2
2019	165	17.51	14.36	21.77	228.41	0	55	2
2019	166	16.85	13.84	20.65	210.67	0	55	2
2019	167	17.9	13.41	23.5	287.13	0	55	2
2019	168	17.89	11.91	23.72	354.22	0	55	2
2019	169	16.99	12.83	21.42	185.43	0	55	2
2019	170	18.41	13.15	24.45	306.49	0	55	2
2019	171	18.09	13.8	22.92	257.47	0	55	2
2019	172	16.28	13.91	18.74	115.72	0	55	2
2019	173	18.07	13.93	23.24	289.99	0	55	2
2019	174	18.56	14.17	25.27	347.62	0.2	55	2
2019	175	18.71	14.17	24.32	234.05	0	55	2
2019	176	17.19	13.19	20.82	171.41	0	55	2
2019	177	17.54	14.61	22.73	168.89	0	55	2
2019	178	17.66	13.55	22.06	171.55	0	55	2
2019	179	16.94	13.95	21.81	209.48	0	55	2
2019	180	17.74	11.85	24.73	376.87	0	55	2
2019	181	17.93	11.47	24.61	293.81	0	55	2
2019	182	18.81	13.31	24.6	355.33	0	55	2
2019	183	18.68	12.96	24.5	302.97	0	55	2
2019	184	17.95	14.3	21.36	151.54	0	55	2
2019	185	17.9	12.35	23.86	300.31	0	55	2
2019	186	18.42	12.86	24.56	303.34	0	55	2
2019	187	17.87	14.63	22.66	221.02	0	55	2
2019	188	17.85	13.7	23.31	210.01	0	55	2
2019	189	18.44	12.39	24.56	293.68	0	55	2
2019	190	18.78	12.94	24.98	334.15	0	55	2
2019	191	18.36	12.39	24.25	254.04	0	55	2
2019	192	18.57	13.6	23.86	284.97	0	55	2
2019	193	19.03	13.91	24.83	324.99	0	55	2
2019	194	17.2	12.31	22.17	167.08	0	55	2
2019	195	17.31	11.73	22.82	244.39	0	55	2
2019	196	17.34	12.64	22.77	219.16	0	55	2
2019	197	16.33	12.08	20.61	192.51	0	55	2
2019	198	16.31	13.61	20.22	152.09	0	55	2
2019	199	17.26	12.94	22.71	337.88	0.8	55	2
2019	200	17.01	13.63	21.97	248.29	0	55	2
2019	201	16.91	13.07	22.83	187.85	0	55	2
2019	202	18.76	11.56	25.88	320.47	0	55	2
2019	203	17.12	13.12	23.38	201.97	0	55	2
2019	204	17.71	10.84	25.25	331.39	0	55	2
2019	205	17.7	11.23	24.66	282.07	0	55	2
2019	206	18.25	11.51	25.81	356.65	0	55	2
2019	207	17.23	12.01	24.51	344.37	0	55	2
2019	208	16.37	10.47	23.42	277.17	0	55	2
2019	209	16.86	11.64	22.32	223.75	0	55	2
2019	210	17.92	12.38	22.83	252.05	0	55	2
2019	211	16.95	13.02	20.8	139.87	0	55	2
2019	212	17.85	14.64	22.22	137.04	5.5	55	2
2019	213	19.04	13.92	25.13	337.48	0	55	2
2019	214	17.43	11.77	23.22	242.46	0	55	2
2019	215	17.74	13.27	22.95	386.33	2.24	55	2
2019	216	17.64	11.11	24.33	401.78	0	55	2
2019	217	18.25	11.2	25.79	379.67	0	55	2
2019	218	19.24	10.89	27.05	347.98	0	55	2
2019	219	18.79	15.69	23.92	276.47	0	55	2
2019	220	18.2	13.84	23.44	336.18	0	55	2
2019	221	17.18	11.21	22.86	342.07	0	55	2
2019	222	17.02	11.51	22.78	255.15	0	55	2
2019	223	16.22	13.92	20.35	164.02	0	55	2
2019	224	16.57	11.91	22.01	293.3	0	55	2
2019	225	17.53	13.12	24.09	316.05	0	55	2
2019	226	16.61	13.48	20.82	164.39	0	55	2
2019	227	16.27	10.48	21.53	198.76	0	55	2
2019	228	16.83	13.06	20.04	168.04	0	55	2
2019	229	16.87	10.76	21.79	204.02	0	55	2
2019	230	17.39	13.13	22.2	215.61	0	55	2
2019	231	15.55	12.98	18.9	115.76	0	55	2
2019	232	16.64	11.71	22.91	232.34	0	55	2
2019	233	17.54	12.73	23.05	279.89	0	55	2
2019	234	17.88	13.19	23.81	243.37	0	55	2
2019	235	19.08	14.36	25.12	376.06	0	55	2
2019	236	18.18	14.07	24.02	265.79	0	55	2
2019	237	18.12	13.09	23.77	366.24	0.6	55	2
2019	238	18.7	13.64	24.5	369.56	0	55	2
2019	239	18.86	14.11	24.05	221.6	0	55	2
2019	240	18.44	11.76	25.4	331.85	0	55	2
2019	241	18.78	13.52	23.91	229.72	0	55	2
2019	242	18.13	14.9	22.54	205.69	0	55	2
2019	243	18.5	14.33	25.01	216.46	10.8	55	2
2019	244	17.97	14.87	27.12	390.47	31.2	55	2
2019	245	17.39	13.12	22.63	341.16	0	55	2
2019	246	17.63	14.82	22.54	195.14	0	55	2
2019	247	17.57	12.92	22.5	256.83	0	55	2
2019	248	17.44	13.29	22.02	196.91	0	55	2
2019	249	18.52	12.92	24.57	367.69	0	55	2
2019	250	17.65	15.03	22.1	185.51	0	55	2
2019	251	16.47	12.95	20.12	156.38	0	55	2
2019	252	18.15	12.92	23.88	299.37	0	55	2
2019	253	18	14.77	23.35	211	0.2	55	2
2019	254	18.26	14.4	23.63	293.75	0.31	55	2
2019	255	18.97	13.41	24.95	380.47	0	55	2
2019	256	18.79	12.07	25.68	386.65	0	55	2
2019	257	19.18	12.88	26.26	395.15	0	55	2
2019	258	19.37	14.21	26.28	373.74	0	55	2
2019	259	18.66	13.12	24.72	387.26	0	55	2
2019	260	18.6	11.74	25.31	380.36	0	55	2
2019	261	19.36	12.84	26.39	307.46	0	55	2
2019	262	18.32	11.52	25.06	421.34	0	55	2
2019	263	18.3	10.69	24.81	376.58	0	55	2
2019	264	18.68	11.87	25.46	344.21	0	55	2
2019	265	18.64	12.03	25.7	391.02	0	55	2
2019	266	18.72	12.85	25.54	329.79	0	55	2
2019	267	18.01	14.36	22.41	252.72	0	55	2
2019	268	15.53	13.33	20.49	214.45	0	55	2
2019	269	18.93	14.78	24.08	314.83	1.72	55	2
2019	270	18.91	14.87	23.32	165.82	0	55	2
2019	271	19.98	13.26	26.78	380.22	0	55	2
2019	272	19.86	12.87	27.43	399.6	0	55	2
2019	273	20.83	13.8	27.98	385.93	0	55	2
2019	274	19.33	15.2	26.67	285.42	2.5	55	2
2019	275	18.41	13.74	24.03	310.27	0	55	2
2019	276	19.55	15.95	25.07	329.85	0	55	2
2019	277	18.79	14.17	23.39	345.47	0	55	2
2019	278	18.25	14.72	23.56	200.92	0.41	55	2
2019	279	17.18	14.37	21.73	268.66	0	55	2
2019	280	18.49	13.03	23.96	424.08	0	55	2
2019	281	19.44	12.55	25.73	450.27	0	55	2
2019	282	19.36	16.02	24.8	352.41	3.8	55	2
2019	283	17.87	14.14	23.07	293.4	0.3	55	2
2019	284	17.84	15.21	22.08	255.47	0	55	2
2019	285	17.5	15.04	21.4	355.59	0	55	2
2019	286	17.52	15.22	21.51	315.38	0	55	2
2019	287	17.79	15.13	21.2	254.73	0	55	2
2019	288	19	15.35	23.62	404.73	0	55	2
2019	289	19.22	14.01	25.17	462.02	0	55	2
2019	290	17.64	15.63	20.59	263.21	55.1	55	2
2019	291	17.36	15.41	20.65	217.49	7.9	55	2
2019	292	18.01	15.58	21.68	248.82	11.3	55	2
2019	293	18.97	15.34	23.73	467.04	0.41	55	2
2019	294	19.21	15.34	24.28	397.4	0	55	2
2019	295	19.52	14.68	25.01	394.09	0.9	55	2
2019	296	19.33	15.77	24.13	440.58	2.3	55	2
2019	297	18.17	15.07	22.69	329.4	24.9	55	2
2019	298	18.28	15.42	22.58	379.64	12.5	55	2
2019	299	18.51	15.63	22.27	444.31	4.2	55	2
2019	300	19.39	15.03	23.96	438.4	0.1	55	2
2019	301	19.24	15.72	24.01	431.63	0	55	2
2019	302	19.29	15.58	24.84	373.55	0	55	2
2019	303	18.53	15.56	23.05	341.59	2.86	55	2
2019	304	18.49	15.22	22.93	338.26	1.3	55	2
2019	305	18.4	14.89	23.32	445.5	0	55	2
2019	306	18.24	14.25	22.92	380.73	0	55	2
2019	307	18.16	13.89	24.39	430.84	0	55	2
2019	308	18.34	14.16	23.7	475.46	0	55	2
2019	309	18.66	14.52	23.76	434.75	0	55	2
2019	310	19.62	15.19	24.96	474.48	0	55	2
2019	311	19.44	16.05	24.72	379.46	0	55	2
2019	312	19.06	16.04	23.76	440.61	0	55	2
2019	313	18.92	13.93	23.98	402.85	0	55	2
2019	314	19.01	15.81	23.62	364.35	0	55	2
2019	315	19.14	15.98	23.86	397.21	0	55	2
2019	316	18.77	16.06	22.7	346.47	0	55	2
2019	317	18.1	15.58	22.25	284.53	0	55	2
2019	318	17.96	15.52	22.28	325.46	0	55	2
2019	319	16.53	16.53	16.53	314.83	0	55	2
2019	320	19.81	16.03	23.91	467.3	0	55	2
2019	321	19.01	14.29	24.06	435.7	0	55	2
2019	322	19.26	15.26	24.25	427.68	0	55	2
2019	323	19.23	15.86	24	393.95	0	55	2
2019	324	18.87	15.26	24.86	438.37	0	55	2
2019	325	19.87	16.63	24.89	393.4	0	55	2
2019	326	19.69	15.39	24.42	497.32	0	55	2
2019	327	17.72	15.47	20.76	252.33	0	55	2
2019	328	18.25	14.93	23.51	294.83	0	55	2
2019	329	17.47	15.09	22.91	333.9	0	55	2
2019	330	17.73	15.01	21.99	324.17	0	55	2
2019	331	18.95	15.62	23.39	467.25	0	55	2
2019	332	18.36	14.34	23.18	448.16	0	55	2
2019	333	18.62	14.36	24.03	347.61	0	55	2
2019	334	18.09	15.94	22.55	269.29	0	55	2
2019	335	18.03	15.75	22.07	417.38	0	55	2
2019	336	18.18	15.73	22.36	251.09	0	55	2
2019	337	18.5	15.93	23.08	319.46	0.7	55	2
2019	338	19.32	15.67	24.27	409.59	1.9	55	2
2019	339	18.13	15.01	22.24	241.34	0	55	2
2019	340	18.97	15.28	23.36	370.43	0	55	2
2019	341	18.55	16.05	21.78	211.11	0	55	2
2019	342	18.45	14.91	23.41	298.76	0	55	2
2019	343	18.62	16.07	23.39	243.02	0	55	2
2019	344	17.65	16.34	20.49	253.04	0	55	2
2019	345	18.11	15.52	22.71	389.31	0	55	2
2019	346	18.21	14.16	23.7	467.72	0	55	2
2019	347	18.85	14.95	23.97	481.55	0	55	2
2019	348	18.15	14.92	22.63	367.68	3.7	55	2
2019	349	18.22	15.09	22.95	315.58	5.1	55	2
2019	350	18.74	15.02	23.64	421.85	0.6	55	2
2019	351	18.58	15.31	23.33	332.73	0	55	2
2019	352	19.04	15.82	23.61	448.48	0	55	2
2019	353	18.14	13.6	23.35	462	0	55	2
2019	354	18.52	13.56	23.94	454.48	0	55	2
2019	355	18.38	14.96	23.58	296.2	3.1	55	2
2019	356	18.21	15.16	22.45	310.19	0	55	2
2019	357	18.85	15.22	23.57	404.09	7.2	55	2
2019	358	19.06	15.76	22.86	280.38	0.1	55	2
2019	359	19.35	15.19	23.96	392.78	5.1	55	2
2019	360	18.84	14.18	24.07	409.3	14.3	55	2
2019	361	20.03	16.84	25.15	378.52	36.7	55	2
2019	362	19.24	16.7	24.57	354.09	16.4	55	2
2019	363	19.78	17.05	23.96	355.18	0.2	55	2
2019	364	18.69	14.02	23.16	439.38	0	55	2
2019	365	18.53	14.56	23.5	428.51	0	55	2
2020	1	18.87	14.27	24.06	469.53	0	55	2
2020	2	18.6	15.09	24.2	445.12	0	55	2
2020	3	18.87	14.79	23.39	376.67	0.01	55	2
2020	4	18.35	14.91	22.96	394.63	0	55	2
2020	5	19.06	13.76	24.8	461.12	0	55	2
2020	6	19.73	16.04	25.18	427.26	0.11	55	2
2020	7	18.65	16.18	22.58	324.78	0.04	55	2
2020	8	17.85	15.51	21.77	286.96	0.12	55	2
2020	9	18.29	14.92	23.68	342.42	0.03	55	2
2020	10	19.33	15.43	25.04	406.3	0	55	2
2020	11	19.79	14.86	25.57	437.53	0	55	2
2020	12	19.92	15.97	26.22	491.23	0	55	2
2020	13	18.14	15.62	23.12	290.94	0.17	55	2
2020	14	19.17	15.59	23.34	401.38	0	55	2
2020	15	19.66	16.05	24.3	473.97	0	55	2
2020	16	19.26	15.72	23.54	355.04	0	55	2
2020	17	19.23	15.23	24.32	329.11	0	55	2
2020	18	19.7	15.63	25.21	479.84	0	55	2
2020	19	19.62	14.57	25.27	393.97	0	55	2
2020	20	19.77	14.66	25.74	458.69	0	55	2
2020	21	19.97	15.24	25.14	396.49	0	55	2
2020	22	19.73	16.27	23.65	330.99	0	55	2
2020	23	19.23	16.72	23.31	318.2	0	55	2
2020	24	18.93	16.77	22.39	210.71	0	55	2
2020	25	18.92	16.13	23.47	296.29	0	55	2
2020	26	18.22	16.01	21.8	276.24	0.17	55	2
2020	27	18.12	15.76	21.76	282.48	0.03	55	2
2020	28	17.49	15.28	20.93	257.55	0.18	55	2
2020	29	18.97	15.65	23.87	461.04	0	55	2
2020	30	19.13	16.02	23.8	443.8	0	55	2
2020	31	19.57	15.45	24.69	377.76	0	55	2
2020	32	18.54	15.06	23.73	363.93	93.1	55	2
2020	33	18.6	15.45	24.21	355.74	0	55	2
2020	34	18.98	15.14	24.18	447.03	0	55	2
2020	35	19	14.47	24	419.05	0	55	2
2020	36	18.62	13.05	23.96	459.94	0	55	2
2020	37	18.63	14.81	24.55	487.28	0	55	2
2020	38	19.15	13.23	25.6	518.24	0	55	2
2020	39	18.71	14.71	24.32	444.89	0	55	2
2020	40	18.43	14.38	24	469.73	0	55	2
2020	41	18.83	12.55	25.98	494.42	0	55	2
2020	42	20	12.81	27.74	490.81	0	55	2
2020	43	20.25	13.96	26.15	472.93	0	55	2
2020	44	19.63	15.65	24.61	402.75	0	55	2
2020	45	19.28	16.14	24.18	465.96	0	55	2
2020	46	18.36	15.79	23.66	325.99	0	55	2
2020	47	18.19	15.73	22.67	312.79	0	55	2
2020	48	19.41	15.51	24.99	466.85	0	55	2
2020	49	19.31	14.86	24.59	494.15	0	55	2
2020	50	19.72	16.24	25.13	464.39	0	55	2
2020	51	20.29	14.47	26.54	495.54	0	55	2
2020	52	20.38	15.67	26.27	454.61	0	55	2
2020	53	19.54	15.71	25.24	329.88	16.55	55	2
2020	54	19.7	16.55	24.63	340.45	1.45	55	2
2020	55	19.7	16.31	25.16	464.48	0.01	55	2
2020	56	20.61	14.28	27.14	448.61	0	55	2
2020	57	20.28	16.85	26.37	402.66	0	55	2
2020	58	19.76	15.89	25.47	461.75	0	55	2
2020	59	20.01	16.43	25.48	435.3	0	55	2
2020	60	20.47	14.51	26.99	354.41	0	55	2
2020	61	20.14	15.93	27.25	291.59	0.03	55	2
2020	62	18.85	15.83	25.19	350.66	22.43	55	2
2020	63	20.49	16.49	25.46	399.28	0	55	2
2020	64	20.53	16.73	26.12	429.64	0	55	2
2020	65	19.8	15.12	27.37	437.93	0.74	55	2
2020	66	20.34	15.4	26.9	471.3	0	55	2
2020	67	20.39	15.21	27.03	448.57	0	55	2
2020	68	19.97	16.25	25.24	479.28	0	55	2
2020	69	19.9	16.92	25.4	317.32	0	55	2
2020	70	20.26	16.56	25.56	461.44	0	55	2
2020	71	20.07	15.98	25.99	432.07	0	55	2
2020	72	19.85	16.71	25.09	345.83	0	55	2
2020	73	20.18	16.54	25.71	404.12	0	55	2
2020	74	19.38	14.63	25.86	362.45	0.01	55	2
2020	75	20.48	16.06	26.94	455.22	0	55	2
2020	76	20.82	15.91	28.21	434.75	0	55	2
2020	77	20.26	17.18	25.81	418.44	0	55	2
2020	78	20.14	16.06	25.72	407.62	0	55	2
2020	79	19.34	15.33	25.4	387.04	0.03	55	2
2020	80	19.81	15.53	26.22	434.78	0	55	2
2020	81	19.51	15.85	25.09	505.42	0.03	55	2
2020	82	19.57	15.35	25.1	462.21	0	55	2
2020	83	20.05	14.28	26.85	455.02	0	55	2
2020	84	20.23	15.97	26.7	343.99	0	55	2
2020	85	20.5	16.36	26.2	315.29	0	55	2
2020	86	19.99	15.44	26.75	286.62	0.32	55	2
2020	87	18.78	15.75	24.97	319.5	0.04	55	2
2020	88	19.73	16.34	24.86	271.81	0	55	2
2020	89	18.97	14.05	25.29	437.57	0.23	55	2
2020	90	19.92	15.37	25.89	437.07	0	55	2
2020	91	20.24	17.01	24.89	430.22	0	55	2
2020	92	20.12	15.33	25.56	438.76	0	55	2
2020	93	19.28	14.25	25	392.3	0	55	2
2020	94	19.62	16.52	24.58	426.88	0	55	2
2020	95	19.49	15.39	24.53	451.49	0	55	2
2020	96	19.65	15.37	25.35	410.32	0	55	2
2020	97	19.59	16.05	25.32	408.02	0	55	2
2020	98	19.49	17.26	23.81	305.61	0	55	2
2020	99	19.88	16.1	24.92	484.47	0	55	2
2020	100	19.44	14.56	25.31	375.02	0	55	2
2020	101	19.82	15.71	24.83	439.62	0	55	2
2020	102	19.84	14.45	26.31	431.69	0	55	2
2020	103	19.71	13.39	26.15	350.85	0	55	2
2020	104	19.84	16.24	24.76	232.22	0	55	2
2020	105	19.66	15.75	26.32	253.77	0	55	2
2020	106	19.55	15.93	26.53	372.36	0.1	55	2
2020	107	19.2	14.99	25.94	410.63	0	55	2
2020	108	19.35	14.96	25.09	119.55	0	55	2
2020	109	19.19	16.96	26	237.2	0.09	55	2
2020	110	18.53	15.63	22.94	280.19	0	55	2
2020	111	18.87	16.19	23.77	257.73	0.36	55	2
2020	112	18.71	15.45	24.2	345.28	2.18	55	2
2020	113	18.61	15.47	22.27	169.02	7.01	55	2
2020	114	16.82	15.37	19.12	134.64	191.91	55	2
2020	115	18.99	14.84	24.44	321.92	0	55	2
2020	116	18.38	14.91	22.32	271.42	11.13	55	2
2020	117	18.71	16.6	24.71	232.66	3.63	55	2
2020	118	18.41	13.85	22.36	306.33	0	55	2
2020	119	18.98	14.05	24.83	368.93	0	55	2
2020	120	19.31	16.56	23.75	221.08	0	55	2
2020	121	19.48	16.45	24.7	393.38	0	55	2
2020	122	18.96	15.79	24.42	357.86	0	55	2
2020	123	19	16.27	24.21	233.44	0	55	2
2020	124	19.32	16.45	24.31	306.17	0	55	2
2020	125	19.4	14.97	25	463.68	0	55	2
2020	126	19.36	15.02	24.46	348.49	0	55	2
2020	127	19.53	16.43	24.58	327.04	0	55	2
2020	128	18.48	16.11	21.77	197.42	0	55	2
2020	129	18.28	14.62	22.77	254.06	0	55	2
2020	130	17.98	16.38	21.01	226.79	0	55	2
2020	131	18.93	14.78	24.08	314.83	1.72	55	2
2020	132	18.93	14.78	24.08	314.83	1.72	55	2
2020	133	18.93	14.78	24.08	314.83	1.72	55	2
2020	134	18.93	14.78	24.08	314.83	1.72	55	2
2020	135	18.93	14.78	24.08	314.83	1.72	55	2
2020	136	18.93	14.78	24.08	314.83	1.72	55	2
2020	137	18.93	14.78	24.08	314.83	1.72	55	2
2020	138	18.93	14.78	24.08	314.83	1.72	55	2
2020	139	18.93	14.78	24.08	314.83	1.72	55	2
2020	140	18.93	14.78	24.08	314.83	1.72	55	2
2020	141	18.93	14.78	24.08	314.83	1.72	55	2
2020	142	18.93	14.78	24.08	314.83	1.72	55	2
2020	143	18.93	14.78	24.08	314.83	1.72	55	2
2020	144	18.93	14.78	24.08	314.83	1.72	55	2
2020	145	18.93	14.78	24.08	314.83	1.72	55	2
2020	146	18.93	14.78	24.08	314.83	1.72	55	2
2020	147	18.93	14.78	24.08	314.83	1.72	55	2
2020	148	18.93	14.78	24.08	314.83	1.72	55	2
2020	149	18.93	14.78	24.08	314.83	1.72	55	2
2020	150	18.93	14.78	24.08	314.83	1.72	55	2
2020	151	18.93	14.78	24.08	314.83	1.72	55	2
2020	152	18.93	14.78	24.08	314.83	1.72	55	2
2020	153	18.93	14.78	24.08	314.83	1.72	55	2
2020	154	18.93	14.78	24.08	314.83	1.72	55	2
2020	155	18.93	14.78	24.08	314.83	1.72	55	2
2020	156	18.93	14.78	24.08	314.83	1.72	55	2
2020	157	18.93	14.78	24.08	314.83	1.72	55	2
2020	158	18.93	14.78	24.08	314.83	1.72	55	2
2020	159	18.93	14.78	24.08	314.83	1.72	55	2
2020	160	18.93	14.78	24.08	314.83	1.72	55	2
2020	161	18.93	14.78	24.08	314.83	1.72	55	2
2020	162	18.93	14.78	24.08	314.83	1.72	55	2
2020	163	18.93	14.78	24.08	314.83	1.72	55	2
2020	164	18.93	14.78	24.08	314.83	1.72	55	2
2020	165	18.93	14.78	24.08	314.83	1.72	55	2
2020	166	18.93	14.78	24.08	314.83	1.72	55	2
2020	167	18.93	14.78	24.08	314.83	1.72	55	2
2020	168	18.93	14.78	24.08	314.83	1.72	55	2
2020	169	18.93	14.78	24.08	314.83	1.72	55	2
2020	170	18.93	14.78	24.08	314.83	1.72	55	2
2020	171	18.93	14.78	24.08	314.83	1.72	55	2
2020	172	18.93	14.78	24.08	314.83	1.72	55	2
2020	173	18.93	14.78	24.08	314.83	1.72	55	2
2020	174	18.93	14.78	24.08	314.83	1.72	55	2
2020	175	18.93	14.78	24.08	314.83	1.72	55	2
2020	176	18.93	14.78	24.08	314.83	1.72	55	2
2020	177	18.93	14.78	24.08	314.83	1.72	55	2
2020	178	18.93	14.78	24.08	314.83	1.72	55	2
2020	179	18.93	14.78	24.08	314.83	1.72	55	2
2020	180	18.93	14.78	24.08	314.83	1.72	55	2
2020	181	18.93	14.78	24.08	314.83	1.72	55	2
2020	182	18.93	14.78	24.08	314.83	1.72	55	2
2020	183	18.93	14.78	24.08	314.83	1.72	55	2
2020	184	18.93	14.78	24.08	314.83	1.72	55	2
2020	185	18.93	14.78	24.08	314.83	1.72	55	2
2020	186	18.93	14.78	24.08	314.83	1.72	55	2
2020	187	18.93	14.78	24.08	314.83	1.72	55	2
2020	188	18.93	14.78	24.08	314.83	1.72	55	2
2020	189	18.93	14.78	24.08	314.83	1.72	55	2
2020	190	18.93	14.78	24.08	314.83	1.72	55	2
2020	191	18.93	14.78	24.08	314.83	1.72	55	2
2020	192	18.93	14.78	24.08	314.83	1.72	55	2
2020	193	18.93	14.78	24.08	314.83	1.72	55	2
2020	194	18.93	14.78	24.08	314.83	1.72	55	2
2020	195	18.93	14.78	24.08	314.83	1.72	55	2
2020	196	18.93	14.78	24.08	314.83	1.72	55	2
2020	197	18.93	14.78	24.08	314.83	1.72	55	2
2020	198	18.93	14.78	24.08	314.83	1.72	55	2
2020	199	18.93	14.78	24.08	314.83	1.72	55	2
2020	200	18.93	14.78	24.08	314.83	1.72	55	2
2020	201	18.93	14.78	24.08	314.83	1.72	55	2
2020	202	18.93	14.78	24.08	314.83	1.72	55	2
2020	203	18.93	14.78	24.08	314.83	1.72	55	2
2020	204	18.93	14.78	24.08	314.83	1.72	55	2
2020	205	18.93	14.78	24.08	314.83	1.72	55	2
2020	206	18.93	14.78	24.08	314.83	1.72	55	2
2020	207	18.93	14.78	24.08	314.83	1.72	55	2
2020	208	18.93	14.78	24.08	314.83	1.72	55	2
2020	209	18.93	14.78	24.08	314.83	1.72	55	2
2020	210	18.93	14.78	24.08	314.83	1.72	55	2
2020	211	18.93	14.78	24.08	314.83	1.72	55	2
2020	212	18.93	14.78	24.08	314.83	1.72	55	2
2020	213	18.93	14.78	24.08	314.83	1.72	55	2
2020	214	18.93	14.78	24.08	314.83	1.72	55	2
2020	215	18.93	14.78	24.08	314.83	1.72	55	2
2020	216	18.93	14.78	24.08	314.83	1.72	55	2
2020	217	18.93	14.78	24.08	314.83	1.72	55	2
2020	218	18.93	14.78	24.08	314.83	1.72	55	2
2020	219	18.93	14.78	24.08	314.83	1.72	55	2
2020	220	18.93	14.78	24.08	314.83	1.72	55	2
2020	221	18.93	14.78	24.08	314.83	1.72	55	2
2020	222	18.93	14.78	24.08	314.83	1.72	55	2
2020	223	18.93	14.78	24.08	314.83	1.72	55	2
2020	224	18.93	14.78	24.08	314.83	1.72	55	2
2020	225	18.93	14.78	24.08	314.83	1.72	55	2
2020	226	18.93	14.78	24.08	314.83	1.72	55	2
2020	227	18.93	14.78	24.08	314.83	1.72	55	2
2020	228	18.93	14.78	24.08	314.83	1.72	55	2
2020	229	18.93	14.78	24.08	314.83	1.72	55	2
2020	230	18.93	14.78	24.08	314.83	1.72	55	2
2020	231	18.93	14.78	24.08	314.83	1.72	55	2
2020	232	18.93	14.78	24.08	314.83	1.72	55	2
2020	233	18.93	14.78	24.08	314.83	1.72	55	2
2020	234	18.93	14.78	24.08	314.83	1.72	55	2
2020	235	18.93	14.78	24.08	314.83	1.72	55	2
2020	236	18.93	14.78	24.08	314.83	1.72	55	2
2020	237	18.93	14.78	24.08	314.83	1.72	55	2
2020	238	18.93	14.78	24.08	314.83	1.72	55	2
2020	239	18.93	14.78	24.08	314.83	1.72	55	2
2020	240	18.93	14.78	24.08	314.83	1.72	55	2
2020	241	18.93	14.78	24.08	314.83	1.72	55	2
2020	242	18.93	14.78	24.08	314.83	1.72	55	2
2020	243	18.93	14.78	24.08	314.83	1.72	55	2
2020	244	18.93	14.78	24.08	314.83	1.72	55	2
2020	245	18.93	14.78	24.08	314.83	1.72	55	2
2020	246	18.93	14.78	24.08	314.83	1.72	55	2
2020	247	18.93	14.78	24.08	314.83	1.72	55	2
2020	248	18.93	14.78	24.08	314.83	1.72	55	2
2020	249	18.93	14.78	24.08	314.83	1.72	55	2
2020	250	18.93	14.78	24.08	314.83	1.72	55	2
2020	251	18.93	14.78	24.08	314.83	1.72	55	2
2020	252	18.93	14.78	24.08	314.83	1.72	55	2
2020	253	18.93	14.78	24.08	314.83	1.72	55	2
2020	254	18.93	14.78	24.08	314.83	1.72	55	2
2020	255	18.93	14.78	24.08	314.83	1.72	55	2
2020	256	18.93	14.78	24.08	314.83	1.72	55	2
2020	257	18.93	14.78	24.08	314.83	1.72	55	2
2020	258	18.93	14.78	24.08	314.83	1.72	55	2
2020	259	18.93	14.78	24.08	314.83	1.72	55	2
2020	260	18.93	14.78	24.08	314.83	1.72	55	2
2020	261	18.93	14.78	24.08	314.83	1.72	55	2
2020	262	18.93	14.78	24.08	314.83	1.72	55	2
2020	263	18.93	14.78	24.08	314.83	1.72	55	2
2020	264	18.93	14.78	24.08	314.83	1.72	55	2
2020	265	18.93	14.78	24.08	314.83	1.72	55	2
2020	266	18.93	14.78	24.08	314.83	1.72	55	2
2020	267	18.93	14.78	24.08	314.83	1.72	55	2
2020	268	18.93	14.78	24.08	314.83	1.72	55	2
2020	269	18.93	14.78	24.08	314.83	1.72	55	2
2020	270	18.93	14.78	24.08	314.83	1.72	55	2
2020	271	18.93	14.78	24.08	314.83	1.72	55	2
2020	272	18.93	14.78	24.08	314.83	1.72	55	2
2020	273	18.93	14.78	24.08	314.83	1.72	55	2
2020	274	18.93	14.78	24.08	314.83	1.72	55	2
2020	275	18.93	14.78	24.08	314.83	1.72	55	2
2020	276	18.93	14.78	24.08	314.83	1.72	55	2
2020	277	18.93	14.78	24.08	314.83	1.72	55	2
2020	278	18.93	14.78	24.08	314.83	1.72	55	2
2020	279	18.93	14.78	24.08	314.83	1.72	55	2
2020	280	18.93	14.78	24.08	314.83	1.72	55	2
2020	281	18.93	14.78	24.08	314.83	1.72	55	2
2020	282	18.93	14.78	24.08	314.83	1.72	55	2
2020	283	18.93	14.78	24.08	314.83	1.72	55	2
2020	284	18.93	14.78	24.08	314.83	1.72	55	2
2020	285	18.93	14.78	24.08	314.83	1.72	55	2
2020	286	18.93	14.78	24.08	314.83	1.72	55	2
2020	287	18.93	14.78	24.08	314.83	1.72	55	2
2020	288	18.93	14.78	24.08	314.83	1.72	55	2
2020	289	18.93	14.78	24.08	314.83	1.72	55	2
2020	290	18.93	14.78	24.08	314.83	1.72	55	2
2020	291	18.93	14.78	24.08	314.83	1.72	55	2
2020	292	18.93	14.78	24.08	314.83	1.72	55	2
2020	293	18.93	14.78	24.08	314.83	1.72	55	2
2020	294	18.93	14.78	24.08	314.83	1.72	55	2
2020	295	18.93	14.78	24.08	314.83	1.72	55	2
2020	296	18.93	14.78	24.08	314.83	1.72	55	2
2020	297	18.93	14.78	24.08	314.83	1.72	55	2
2020	298	18.93	14.78	24.08	314.83	1.72	55	2
2020	299	18.93	14.78	24.08	314.83	1.72	55	2
2020	300	18.93	14.78	24.08	314.83	1.72	55	2
2020	301	18.93	14.78	24.08	314.83	1.72	55	2
2020	302	18.93	14.78	24.08	314.83	1.72	55	2
2020	303	18.93	14.78	24.08	314.83	1.72	55	2
2020	304	18.93	14.78	24.08	314.83	1.72	55	2
2020	305	18.93	14.78	24.08	314.83	1.72	55	2
2020	306	18.93	14.78	24.08	314.83	1.72	55	2
2020	307	18.93	14.78	24.08	314.83	1.72	55	2
2020	308	18.93	14.78	24.08	314.83	1.72	55	2
2020	309	18.93	14.78	24.08	314.83	1.72	55	2
2020	310	18.93	14.78	24.08	314.83	1.72	55	2
2020	311	18.93	14.78	24.08	314.83	1.72	55	2
2020	312	18.93	14.78	24.08	314.83	1.72	55	2
2020	313	18.93	14.78	24.08	314.83	1.72	55	2
2020	314	18.93	14.78	24.08	314.83	1.72	55	2
2020	315	18.93	14.78	24.08	314.83	1.72	55	2
2020	316	18.93	14.78	24.08	314.83	1.72	55	2
2020	317	18.93	14.78	24.08	314.83	1.72	55	2
2020	318	18.93	14.78	24.08	314.83	1.72	55	2
2020	319	18.93	14.78	24.08	314.83	1.72	55	2
2020	320	18.93	14.78	24.08	314.83	1.72	55	2
2020	321	18.93	14.78	24.08	314.83	1.72	55	2
2020	322	18.93	14.78	24.08	314.83	1.72	55	2
2020	323	18.93	14.78	24.08	314.83	1.72	55	2
2020	324	18.93	14.78	24.08	314.83	1.72	55	2
2020	325	18.93	14.78	24.08	314.83	1.72	55	2
2020	326	18.93	14.78	24.08	314.83	1.72	55	2
2020	327	18.93	14.78	24.08	314.83	1.72	55	2
2020	328	18.93	14.78	24.08	314.83	1.72	55	2
2020	329	18.93	14.78	24.08	314.83	1.72	55	2
2020	330	18.93	14.78	24.08	314.83	1.72	55	2
2020	331	18.93	14.78	24.08	314.83	1.72	55	2
2020	332	18.93	14.78	24.08	314.83	1.72	55	2
2020	333	18.93	14.78	24.08	314.83	1.72	55	2
2020	334	18.93	14.78	24.08	314.83	1.72	55	2
2020	335	18.93	14.78	24.08	314.83	1.72	55	2
2020	336	18.93	14.78	24.08	314.83	1.72	55	2
2020	337	18.93	14.78	24.08	314.83	1.72	55	2
2020	338	18.93	14.78	24.08	314.83	1.72	55	2
2020	339	18.93	14.78	24.08	314.83	1.72	55	2
2020	340	18.93	14.78	24.08	314.83	1.72	55	2
2020	341	18.93	14.78	24.08	314.83	1.72	55	2
2020	342	18.93	14.78	24.08	314.83	1.72	55	2
2020	343	18.93	14.78	24.08	314.83	1.72	55	2
2020	344	18.93	14.78	24.08	314.83	1.72	55	2
2020	345	18.93	14.78	24.08	314.83	1.72	55	2
2020	346	18.93	14.78	24.08	314.83	1.72	55	2
2020	347	18.93	14.78	24.08	314.83	1.72	55	2
2020	348	18.93	14.78	24.08	314.83	1.72	55	2
2020	349	18.93	14.78	24.08	314.83	1.72	55	2
2020	350	18.93	14.78	24.08	314.83	1.72	55	2
2020	351	18.93	14.78	24.08	314.83	1.72	55	2
2020	352	18.93	14.78	24.08	314.83	1.72	55	2
2020	353	18.93	14.78	24.08	314.83	1.72	55	2
2020	354	18.93	14.78	24.08	314.83	1.72	55	2
2020	355	18.93	14.78	24.08	314.83	1.72	55	2
2020	356	18.93	14.78	24.08	314.83	1.72	55	2
2020	357	18.93	14.78	24.08	314.83	1.72	55	2
2020	358	18.93	14.78	24.08	314.83	1.72	55	2
2020	359	18.93	14.78	24.08	314.83	1.72	55	2
2020	360	18.93	14.78	24.08	314.83	1.72	55	2
2020	361	18.93	14.78	24.08	314.83	1.72	55	2
2020	362	18.93	14.78	24.08	314.83	1.72	55	2
2020	363	18.93	14.78	24.08	314.83	1.72	55	2
2020	364	18.93	14.78	24.08	314.83	1.72	55	2
2020	365	18.93	14.78	24.08	314.83	1.72	55	2
2020	366	18.93	14.78	24.08	314.83	1.72	55	2
2021	1	18.93	14.78	24.08	314.83	1.72	55	2
2021	2	18.93	14.78	24.08	314.83	1.72	55	2
2021	3	18.93	14.78	24.08	314.83	1.72	55	2
2021	4	18.93	14.78	24.08	314.83	1.72	55	2
2021	5	18.93	14.78	24.08	314.83	1.72	55	2
2021	6	18.93	14.78	24.08	314.83	1.72	55	2
2021	7	18.93	14.78	24.08	314.83	1.72	55	2
2021	8	18.93	14.78	24.08	314.83	1.72	55	2
2021	9	18.93	14.78	24.08	314.83	1.72	55	2
2021	10	18.93	14.78	24.08	314.83	1.72	55	2
2021	11	18.93	14.78	24.08	314.83	1.72	55	2
2021	12	18.93	14.78	24.08	314.83	1.72	55	2
2021	13	18.93	14.78	24.08	314.83	1.72	55	2
2021	14	18.93	14.78	24.08	314.83	1.72	55	2
2021	15	18.93	14.78	24.08	314.83	1.72	55	2
2021	16	18.93	14.78	24.08	314.83	1.72	55	2
2021	17	18.93	14.78	24.08	314.83	1.72	55	2
2021	18	18.93	14.78	24.08	314.83	1.72	55	2
2021	19	18.93	14.78	24.08	314.83	1.72	55	2
2021	20	18.93	14.78	24.08	314.83	1.72	55	2
2021	21	18.93	14.78	24.08	314.83	1.72	55	2
2021	22	18.93	14.78	24.08	314.83	1.72	55	2
2021	23	18.93	14.78	24.08	314.83	1.72	55	2
2021	24	18.93	14.78	24.08	314.83	1.72	55	2
2021	25	18.93	14.78	24.08	314.83	1.72	55	2
2021	26	18.93	14.78	24.08	314.83	1.72	55	2
2021	27	18.93	14.78	24.08	314.83	1.72	55	2
2021	28	18.93	14.78	24.08	314.83	1.72	55	2
2021	29	18.93	14.78	24.08	314.83	1.72	55	2
2021	30	18.93	14.78	24.08	314.83	1.72	55	2
2021	31	18.93	14.78	24.08	314.83	1.72	55	2
2021	32	18.93	14.78	24.08	314.83	1.72	55	2
2021	33	18.93	14.78	24.08	314.83	1.72	55	2
2021	34	18.93	14.78	24.08	314.83	1.72	55	2
2021	35	18.93	14.78	24.08	314.83	1.72	55	2
2021	36	18.93	14.78	24.08	314.83	1.72	55	2
2021	37	18.93	14.78	24.08	314.83	1.72	55	2
2021	38	18.93	14.78	24.08	314.83	1.72	55	2
2021	39	18.93	14.78	24.08	314.83	1.72	55	2
2021	40	18.93	14.78	24.08	314.83	1.72	55	2
2021	41	18.93	14.78	24.08	314.83	1.72	55	2
2021	42	18.93	14.78	24.08	314.83	1.72	55	2
2021	43	18.93	14.78	24.08	314.83	1.72	55	2
2021	44	18.93	14.78	24.08	314.83	1.72	55	2
2021	45	18.93	14.78	24.08	314.83	1.72	55	2
2021	46	18.93	14.78	24.08	314.83	1.72	55	2
2021	47	18.93	14.78	24.08	314.83	1.72	55	2
2021	48	18.93	14.78	24.08	314.83	1.72	55	2
2021	49	18.93	14.78	24.08	314.83	1.72	55	2
2021	50	18.93	14.78	24.08	314.83	1.72	55	2
2021	51	18.93	14.78	24.08	314.83	1.72	55	2
2021	52	18.93	14.78	24.08	314.83	1.72	55	2
2021	53	18.93	14.78	24.08	314.83	1.72	55	2
2021	54	18.93	14.78	24.08	314.83	1.72	55	2
2021	55	18.93	14.78	24.08	314.83	1.72	55	2
2021	56	18.93	14.78	24.08	314.83	1.72	55	2
2021	57	18.93	14.78	24.08	314.83	1.72	55	2
2021	58	18.93	14.78	24.08	314.83	1.72	55	2
2021	59	18.93	14.78	24.08	314.83	1.72	55	2
2021	60	18.93	14.78	24.08	314.83	1.72	55	2
2021	61	18.93	14.78	24.08	314.83	1.72	55	2
2021	62	18.93	14.78	24.08	314.83	1.72	55	2
2021	63	18.93	14.78	24.08	314.83	1.72	55	2
2021	64	18.93	14.78	24.08	314.83	1.72	55	2
2021	65	18.93	14.78	24.08	314.83	1.72	55	2
2021	66	18.93	14.78	24.08	314.83	1.72	55	2
2021	67	18.93	14.78	24.08	314.83	1.72	55	2
2021	68	18.93	14.78	24.08	314.83	1.72	55	2
2021	69	18.93	14.78	24.08	314.83	1.72	55	2
2021	70	18.93	14.78	24.08	314.83	1.72	55	2
2021	71	18.93	14.78	24.08	314.83	1.72	55	2
2021	72	18.93	14.78	24.08	314.83	1.72	55	2
2021	73	18.93	14.78	24.08	314.83	1.72	55	2
2021	74	18.93	14.78	24.08	314.83	1.72	55	2
2021	75	18.93	14.78	24.08	314.83	1.72	55	2
2021	76	18.93	14.78	24.08	314.83	1.72	55	2
2021	77	18.93	14.78	24.08	314.83	1.72	55	2
2021	78	18.93	14.78	24.08	314.83	1.72	55	2
2021	79	18.93	14.78	24.08	314.83	1.72	55	2
2021	80	18.93	14.78	24.08	314.83	1.72	55	2
2021	81	18.93	14.78	24.08	314.83	1.72	55	2
2021	82	18.93	14.78	24.08	314.83	1.72	55	2
2021	83	18.93	14.78	24.08	314.83	1.72	55	2
2021	84	18.93	14.78	24.08	314.83	1.72	55	2
2021	85	18.93	14.78	24.08	314.83	1.72	55	2
2021	86	18.93	14.78	24.08	314.83	1.72	55	2
2021	87	18.93	14.78	24.08	314.83	1.72	55	2
2021	88	18.93	14.78	24.08	314.83	1.72	55	2
2021	89	18.93	14.78	24.08	314.83	1.72	55	2
2021	90	18.93	14.78	24.08	314.83	1.72	55	2
2021	91	18.93	14.78	24.08	314.83	1.72	55	2
2021	92	18.93	14.78	24.08	314.83	1.72	55	2
2021	93	18.93	14.78	24.08	314.83	1.72	55	2
2021	94	18.93	14.78	24.08	314.83	1.72	55	2
2021	95	18.93	14.78	24.08	314.83	1.72	55	2
2021	96	18.93	14.78	24.08	314.83	1.72	55	2
2021	97	18.93	14.78	24.08	314.83	1.72	55	2
2021	98	18.93	14.78	24.08	314.83	1.72	55	2
2021	99	18.93	14.78	24.08	314.83	1.72	55	2
2021	100	18.93	14.78	24.08	314.83	1.72	55	2
2021	101	18.93	14.78	24.08	314.83	1.72	55	2
2021	102	18.93	14.78	24.08	314.83	1.72	55	2
2021	103	18.93	14.78	24.08	314.83	1.72	55	2
2021	104	18.93	14.78	24.08	314.83	1.72	55	2
2021	105	18.93	14.78	24.08	314.83	1.72	55	2
2021	106	18.93	14.78	24.08	314.83	1.72	55	2
2021	107	18.93	14.78	24.08	314.83	1.72	55	2
2021	108	18.93	14.78	24.08	314.83	1.72	55	2
2021	109	18.93	14.78	24.08	314.83	1.72	55	2
2021	110	18.93	14.78	24.08	314.83	1.72	55	2
2021	111	18.93	14.78	24.08	314.83	1.72	55	2
2021	112	18.93	14.78	24.08	314.83	1.72	55	2
2021	113	18.93	14.78	24.08	314.83	1.72	55	2
2021	114	18.93	14.78	24.08	314.83	1.72	55	2
2021	115	18.93	14.78	24.08	314.83	1.72	55	2
2021	116	18.93	14.78	24.08	314.83	1.72	55	2
2021	117	18.93	14.78	24.08	314.83	1.72	55	2
2021	118	18.93	14.78	24.08	314.83	1.72	55	2
2021	119	18.93	14.78	24.08	314.83	1.72	55	2
2021	120	18.93	14.78	24.08	314.83	1.72	55	2
2021	121	18.93	14.78	24.08	314.83	1.72	55	2
2021	122	18.93	14.78	24.08	314.83	1.72	55	2
2021	123	18.93	14.78	24.08	314.83	1.72	55	2
2021	124	18.93	14.78	24.08	314.83	1.72	55	2
2021	125	18.93	14.78	24.08	314.83	1.72	55	2
2021	126	18.93	14.78	24.08	314.83	1.72	55	2
2021	127	18.93	14.78	24.08	314.83	1.72	55	2
2021	128	18.93	14.78	24.08	314.83	1.72	55	2
2021	129	18.93	14.78	24.08	314.83	1.72	55	2
2021	130	18.93	14.78	24.08	314.83	1.72	55	2
2021	131	18.93	14.78	24.08	314.83	1.72	55	2
2021	132	18.93	14.78	24.08	314.83	1.72	55	2
2021	133	18.93	14.78	24.08	314.83	1.72	55	2
2021	134	18.93	14.78	24.08	314.83	1.72	55	2
2021	135	18.93	14.78	24.08	314.83	1.72	55	2
2021	136	18.93	14.78	24.08	314.83	1.72	55	2
2021	137	18.93	14.78	24.08	314.83	1.72	55	2
2021	138	18.93	14.78	24.08	314.83	1.72	55	2
2021	139	18.93	14.78	24.08	314.83	1.72	55	2
2021	140	18.93	14.78	24.08	314.83	1.72	55	2
2021	141	18.93	14.78	24.08	314.83	1.72	55	2
2021	142	18.93	14.78	24.08	314.83	1.72	55	2
2021	143	18.93	14.78	24.08	314.83	1.72	55	2
2021	144	18.93	14.78	24.08	314.83	1.72	55	2
2021	145	18.93	14.78	24.08	314.83	1.72	55	2
2021	146	18.93	14.78	24.08	314.83	1.72	55	2
2021	147	18.93	14.78	24.08	314.83	1.72	55	2
2021	148	18.93	14.78	24.08	314.83	1.72	55	2
2021	149	18.93	14.78	24.08	314.83	1.72	55	2
2021	150	18.93	14.78	24.08	314.83	1.72	55	2
2021	151	18.93	14.78	24.08	314.83	1.72	55	2
2021	152	18.93	14.78	24.08	314.83	1.72	55	2
2021	153	18.93	14.78	24.08	314.83	1.72	55	2
2021	154	18.93	14.78	24.08	314.83	1.72	55	2
2021	155	18.93	14.78	24.08	314.83	1.72	55	2
2021	156	18.93	14.78	24.08	314.83	1.72	55	2
2021	157	18.93	14.78	24.08	314.83	1.72	55	2
2021	158	18.93	14.78	24.08	314.83	1.72	55	2
2021	159	18.93	14.78	24.08	314.83	1.72	55	2
2021	160	18.93	14.78	24.08	314.83	1.72	55	2
2021	161	18.93	14.78	24.08	314.83	1.72	55	2
2021	162	18.93	14.78	24.08	314.83	1.72	55	2
2021	163	18.93	14.78	24.08	314.83	1.72	55	2
2021	164	18.93	14.78	24.08	314.83	1.72	55	2
2021	165	18.93	14.78	24.08	314.83	1.72	55	2
2021	166	18.93	14.78	24.08	314.83	1.72	55	2
2021	167	18.93	14.78	24.08	314.83	1.72	55	2
2021	168	18.93	14.78	24.08	314.83	1.72	55	2
2021	169	18.93	14.78	24.08	314.83	1.72	55	2
2021	170	18.93	14.78	24.08	314.83	1.72	55	2
2021	171	18.93	14.78	24.08	314.83	1.72	55	2
2021	172	18.93	14.78	24.08	314.83	1.72	55	2
2021	173	18.93	14.78	24.08	314.83	1.72	55	2
2021	174	18.93	14.78	24.08	314.83	1.72	55	2
2021	175	18.93	14.78	24.08	314.83	1.72	55	2
2021	176	18.93	14.78	24.08	314.83	1.72	55	2
2021	177	18.93	14.78	24.08	314.83	1.72	55	2
2021	178	18.93	14.78	24.08	314.83	1.72	55	2
2021	179	18.93	14.78	24.08	314.83	1.72	55	2
2021	180	18.93	14.78	24.08	314.83	1.72	55	2
2021	181	18.93	14.78	24.08	314.83	1.72	55	2
2021	182	18.93	14.78	24.08	314.83	1.72	55	2
2021	183	18.93	14.78	24.08	314.83	1.72	55	2
2021	184	18.93	14.78	24.08	314.83	1.72	55	2
2021	185	18.93	14.78	24.08	314.83	1.72	55	2
2021	186	18.93	14.78	24.08	314.83	1.72	55	2
2021	187	18.93	14.78	24.08	314.83	1.72	55	2
2021	188	18.93	14.78	24.08	314.83	1.72	55	2
2021	189	18.93	14.78	24.08	314.83	1.72	55	2
2021	190	18.93	14.78	24.08	314.83	1.72	55	2
2021	191	18.93	14.78	24.08	314.83	1.72	55	2
2021	192	18.93	14.78	24.08	314.83	1.72	55	2
2021	193	18.93	14.78	24.08	314.83	1.72	55	2
2021	194	18.93	14.78	24.08	314.83	1.72	55	2
2021	195	18.93	14.78	24.08	314.83	1.72	55	2
2021	196	18.93	14.78	24.08	314.83	1.72	55	2
2021	197	18.93	14.78	24.08	314.83	1.72	55	2
2021	198	18.93	14.78	24.08	314.83	1.72	55	2
2021	199	18.93	14.78	24.08	314.83	1.72	55	2
2021	200	18.93	14.78	24.08	314.83	1.72	55	2
2021	201	18.93	14.78	24.08	314.83	1.72	55	2
2021	202	18.93	14.78	24.08	314.83	1.72	55	2
2021	203	18.93	14.78	24.08	314.83	1.72	55	2
2021	204	18.93	14.78	24.08	314.83	1.72	55	2
2021	205	18.93	14.78	24.08	314.83	1.72	55	2
2021	206	18.93	14.78	24.08	314.83	1.72	55	2
2021	207	18.93	14.78	24.08	314.83	1.72	55	2
2021	208	18.93	14.78	24.08	314.83	1.72	55	2
2021	209	18.93	14.78	24.08	314.83	1.72	55	2
2021	210	18.93	14.78	24.08	314.83	1.72	55	2
2021	211	18.93	14.78	24.08	314.83	1.72	55	2
2021	212	18.93	14.78	24.08	314.83	1.72	55	2
2021	213	18.93	14.78	24.08	314.83	1.72	55	2
2021	214	18.93	14.78	24.08	314.83	1.72	55	2
2021	215	18.93	14.78	24.08	314.83	1.72	55	2
2021	216	18.93	14.78	24.08	314.83	1.72	55	2
2021	217	18.93	14.78	24.08	314.83	1.72	55	2
2021	218	18.93	14.78	24.08	314.83	1.72	55	2
2021	219	18.93	14.78	24.08	314.83	1.72	55	2
2021	220	18.93	14.78	24.08	314.83	1.72	55	2
2021	221	18.93	14.78	24.08	314.83	1.72	55	2
2021	222	18.93	14.78	24.08	314.83	1.72	55	2
2021	223	18.93	14.78	24.08	314.83	1.72	55	2
2021	224	18.93	14.78	24.08	314.83	1.72	55	2
2021	225	18.93	14.78	24.08	314.83	1.72	55	2
2021	226	18.93	14.78	24.08	314.83	1.72	55	2
2021	227	18.93	14.78	24.08	314.83	1.72	55	2
2021	228	18.93	14.78	24.08	314.83	1.72	55	2
2021	229	18.93	14.78	24.08	314.83	1.72	55	2
2021	230	18.93	14.78	24.08	314.83	1.72	55	2
2021	231	18.93	14.78	24.08	314.83	1.72	55	2
2021	232	18.93	14.78	24.08	314.83	1.72	55	2
2021	233	18.93	14.78	24.08	314.83	1.72	55	2
2021	234	18.93	14.78	24.08	314.83	1.72	55	2
2021	235	18.93	14.78	24.08	314.83	1.72	55	2
2021	236	18.93	14.78	24.08	314.83	1.72	55	2
2021	237	18.93	14.78	24.08	314.83	1.72	55	2
2021	238	18.93	14.78	24.08	314.83	1.72	55	2
2021	239	18.93	14.78	24.08	314.83	1.72	55	2
2021	240	18.93	14.78	24.08	314.83	1.72	55	2
2021	241	18.93	14.78	24.08	314.83	1.72	55	2
2021	242	18.93	14.78	24.08	314.83	1.72	55	2
2021	243	18.93	14.78	24.08	314.83	1.72	55	2
2021	244	18.93	14.78	24.08	314.83	1.72	55	2
2021	245	18.93	14.78	24.08	314.83	1.72	55	2
2021	246	18.93	14.78	24.08	314.83	1.72	55	2
2021	247	18.93	14.78	24.08	314.83	1.72	55	2
2021	248	18.93	14.78	24.08	314.83	1.72	55	2
2021	249	18.93	14.78	24.08	314.83	1.72	55	2
2021	250	18.93	14.78	24.08	314.83	1.72	55	2
2021	251	18.93	14.78	24.08	314.83	1.72	55	2
2021	252	18.93	14.78	24.08	314.83	1.72	55	2
2021	253	18.93	14.78	24.08	314.83	1.72	55	2
2021	254	18.93	14.78	24.08	314.83	1.72	55	2
2021	255	18.93	14.78	24.08	314.83	1.72	55	2
2021	256	18.93	14.78	24.08	314.83	1.72	55	2
2021	257	18.93	14.78	24.08	314.83	1.72	55	2
2021	258	18.93	14.78	24.08	314.83	1.72	55	2
2021	259	18.93	14.78	24.08	314.83	1.72	55	2
2021	260	18.93	14.78	24.08	314.83	1.72	55	2
2021	261	18.93	14.78	24.08	314.83	1.72	55	2
2021	262	18.93	14.78	24.08	314.83	1.72	55	2
2021	263	18.93	14.78	24.08	314.83	1.72	55	2
2021	264	18.93	14.78	24.08	314.83	1.72	55	2
2021	265	18.93	14.78	24.08	314.83	1.72	55	2
2021	266	18.93	14.78	24.08	314.83	1.72	55	2
2021	267	18.93	14.78	24.08	314.83	1.72	55	2
2021	268	18.93	14.78	24.08	314.83	1.72	55	2
2021	269	18.93	14.78	24.08	314.83	1.72	55	2
2021	270	18.93	14.78	24.08	314.83	1.72	55	2
2021	271	18.93	14.78	24.08	314.83	1.72	55	2
2021	272	18.93	14.78	24.08	314.83	1.72	55	2
2021	273	18.93	14.78	24.08	314.83	1.72	55	2
2021	274	18.93	14.78	24.08	314.83	1.72	55	2
2021	275	18.93	14.78	24.08	314.83	1.72	55	2
2021	276	18.93	14.78	24.08	314.83	1.72	55	2
2021	277	18.93	14.78	24.08	314.83	1.72	55	2
2021	278	18.93	14.78	24.08	314.83	1.72	55	2
2021	279	18.93	14.78	24.08	314.83	1.72	55	2
2021	280	18.93	14.78	24.08	314.83	1.72	55	2
2021	281	18.93	14.78	24.08	314.83	1.72	55	2
2021	282	18.93	14.78	24.08	314.83	1.72	55	2
2021	283	18.93	14.78	24.08	314.83	1.72	55	2
2021	284	18.93	14.78	24.08	314.83	1.72	55	2
2021	285	18.93	14.78	24.08	314.83	1.72	55	2
2021	286	18.93	14.78	24.08	314.83	1.72	55	2
2021	287	18.93	14.78	24.08	314.83	1.72	55	2
2021	288	18.93	14.78	24.08	314.83	1.72	55	2
2021	289	18.93	14.78	24.08	314.83	1.72	55	2
2021	290	18.93	14.78	24.08	314.83	1.72	55	2
2021	291	18.93	14.78	24.08	314.83	1.72	55	2
2021	292	18.93	14.78	24.08	314.83	1.72	55	2
2021	293	18.93	14.78	24.08	314.83	1.72	55	2
2021	294	18.93	14.78	24.08	314.83	1.72	55	2
2021	295	18.93	14.78	24.08	314.83	1.72	55	2
2021	296	18.93	14.78	24.08	314.83	1.72	55	2
2021	297	18.93	14.78	24.08	314.83	1.72	55	2
2021	298	18.93	14.78	24.08	314.83	1.72	55	2
2021	299	18.93	14.78	24.08	314.83	1.72	55	2
2021	300	18.93	14.78	24.08	314.83	1.72	55	2
2021	301	18.93	14.78	24.08	314.83	1.72	55	2
2021	302	18.93	14.78	24.08	314.83	1.72	55	2
2021	303	18.93	14.78	24.08	314.83	1.72	55	2
2021	304	18.93	14.78	24.08	314.83	1.72	55	2
2021	305	18.93	14.78	24.08	314.83	1.72	55	2
2021	306	18.93	14.78	24.08	314.83	1.72	55	2
2021	307	18.93	14.78	24.08	314.83	1.72	55	2
2021	308	18.93	14.78	24.08	314.83	1.72	55	2
2021	309	18.93	14.78	24.08	314.83	1.72	55	2
2021	310	18.93	14.78	24.08	314.83	1.72	55	2
2021	311	18.93	14.78	24.08	314.83	1.72	55	2
2021	312	18.93	14.78	24.08	314.83	1.72	55	2
2021	313	18.93	14.78	24.08	314.83	1.72	55	2
2021	314	18.93	14.78	24.08	314.83	1.72	55	2
2021	315	18.93	14.78	24.08	314.83	1.72	55	2
2021	316	18.93	14.78	24.08	314.83	1.72	55	2
2021	317	18.93	14.78	24.08	314.83	1.72	55	2
2021	318	18.93	14.78	24.08	314.83	1.72	55	2
2021	319	18.93	14.78	24.08	314.83	1.72	55	2
2021	320	18.93	14.78	24.08	314.83	1.72	55	2
2021	321	18.93	14.78	24.08	314.83	1.72	55	2
2021	322	18.93	14.78	24.08	314.83	1.72	55	2
2021	323	18.93	14.78	24.08	314.83	1.72	55	2
2021	324	18.93	14.78	24.08	314.83	1.72	55	2
2021	325	18.93	14.78	24.08	314.83	1.72	55	2
2021	326	18.93	14.78	24.08	314.83	1.72	55	2
2021	327	18.93	14.78	24.08	314.83	1.72	55	2
2021	328	18.93	14.78	24.08	314.83	1.72	55	2
2021	329	18.93	14.78	24.08	314.83	1.72	55	2
2021	330	18.93	14.78	24.08	314.83	1.72	55	2
2021	331	18.93	14.78	24.08	314.83	1.72	55	2
2021	332	18.93	14.78	24.08	314.83	1.72	55	2
2021	333	18.93	14.78	24.08	314.83	1.72	55	2
2021	334	18.93	14.78	24.08	314.83	1.72	55	2
2021	335	18.93	14.78	24.08	314.83	1.72	55	2
2021	336	18.93	14.78	24.08	314.83	1.72	55	2
2021	337	18.93	14.78	24.08	314.83	1.72	55	2
2021	338	18.93	14.78	24.08	314.83	1.72	55	2
2021	339	18.93	14.78	24.08	314.83	1.72	55	2
2021	340	18.93	14.78	24.08	314.83	1.72	55	2
2021	341	18.93	14.78	24.08	314.83	1.72	55	2
2021	342	18.93	14.78	24.08	314.83	1.72	55	2
2021	343	18.93	14.78	24.08	314.83	1.72	55	2
2021	344	18.93	14.78	24.08	314.83	1.72	55	2
2021	345	18.93	14.78	24.08	314.83	1.72	55	2
2021	346	18.93	14.78	24.08	314.83	1.72	55	2
2021	347	18.93	14.78	24.08	314.83	1.72	55	2
2021	348	18.93	14.78	24.08	314.83	1.72	55	2
2021	349	18.93	14.78	24.08	314.83	1.72	55	2
2021	350	18.93	14.78	24.08	314.83	1.72	55	2
2021	351	18.93	14.78	24.08	314.83	1.72	55	2
2021	352	18.93	14.78	24.08	314.83	1.72	55	2
2021	353	18.93	14.78	24.08	314.83	1.72	55	2
2021	354	18.93	14.78	24.08	314.83	1.72	55	2
2021	355	18.93	14.78	24.08	314.83	1.72	55	2
2021	356	18.93	14.78	24.08	314.83	1.72	55	2
2021	357	18.93	14.78	24.08	314.83	1.72	55	2
2021	358	18.93	14.78	24.08	314.83	1.72	55	2
2021	359	18.93	14.78	24.08	314.83	1.72	55	2
2021	360	18.93	14.78	24.08	314.83	1.72	55	2
2021	361	18.93	14.78	24.08	314.83	1.72	55	2
2021	362	18.93	14.78	24.08	314.83	1.72	55	2
2021	363	18.93	14.78	24.08	314.83	1.72	55	2
2021	364	18.93	14.78	24.08	314.83	1.72	55	2
2021	365	18.93	14.78	24.08	314.83	1.72	55	2
2022	1	18.93	14.78	24.08	314.83	1.72	55	2
2022	2	18.93	14.78	24.08	314.83	1.72	55	2
2022	3	18.93	14.78	24.08	314.83	1.72	55	2
2022	4	18.93	14.78	24.08	314.83	1.72	55	2
2022	5	18.93	14.78	24.08	314.83	1.72	55	2
2022	6	18.93	14.78	24.08	314.83	1.72	55	2
2022	7	18.93	14.78	24.08	314.83	1.72	55	2
2022	8	18.93	14.78	24.08	314.83	1.72	55	2
2022	9	18.93	14.78	24.08	314.83	1.72	55	2
2022	10	18.93	14.78	24.08	314.83	1.72	55	2
2022	11	18.93	14.78	24.08	314.83	1.72	55	2
2022	12	18.93	14.78	24.08	314.83	1.72	55	2
2022	13	18.93	14.78	24.08	314.83	1.72	55	2
2022	14	18.93	14.78	24.08	314.83	1.72	55	2
2022	15	18.93	14.78	24.08	314.83	1.72	55	2
2022	16	18.93	14.78	24.08	314.83	1.72	55	2
2022	17	18.93	14.78	24.08	314.83	1.72	55	2
2022	18	18.93	14.78	24.08	314.83	1.72	55	2
2022	19	18.93	14.78	24.08	314.83	1.72	55	2
2022	20	18.93	14.78	24.08	314.83	1.72	55	2
2022	21	18.93	14.78	24.08	314.83	1.72	55	2
2022	22	18.93	14.78	24.08	314.83	1.72	55	2
2022	23	18.93	14.78	24.08	314.83	1.72	55	2
2022	24	18.93	14.78	24.08	314.83	1.72	55	2
2022	25	18.93	14.78	24.08	314.83	1.72	55	2
2022	26	18.93	14.78	24.08	314.83	1.72	55	2
2022	27	18.93	14.78	24.08	314.83	1.72	55	2
2022	28	18.93	14.78	24.08	314.83	1.72	55	2
2022	29	18.93	14.78	24.08	314.83	1.72	55	2
2022	30	18.93	14.78	24.08	314.83	1.72	55	2
2022	31	18.93	14.78	24.08	314.83	1.72	55	2
2022	32	18.93	14.78	24.08	314.83	1.72	55	2
2022	33	18.93	14.78	24.08	314.83	1.72	55	2
2022	34	18.93	14.78	24.08	314.83	1.72	55	2
2022	35	18.93	14.78	24.08	314.83	1.72	55	2
2022	36	18.93	14.78	24.08	314.83	1.72	55	2
2022	37	18.93	14.78	24.08	314.83	1.72	55	2
2022	38	18.93	14.78	24.08	314.83	1.72	55	2
2022	39	18.93	14.78	24.08	314.83	1.72	55	2
2022	40	18.93	14.78	24.08	314.83	1.72	55	2
2022	41	18.93	14.78	24.08	314.83	1.72	55	2
2022	42	18.93	14.78	24.08	314.83	1.72	55	2
2022	43	18.93	14.78	24.08	314.83	1.72	55	2
2022	44	18.93	14.78	24.08	314.83	1.72	55	2
2022	45	18.93	14.78	24.08	314.83	1.72	55	2
2022	46	18.93	14.78	24.08	314.83	1.72	55	2
2022	47	18.93	14.78	24.08	314.83	1.72	55	2
2022	48	18.93	14.78	24.08	314.83	1.72	55	2
2022	49	18.93	14.78	24.08	314.83	1.72	55	2
2022	50	18.93	14.78	24.08	314.83	1.72	55	2
2022	51	18.93	14.78	24.08	314.83	1.72	55	2
2022	52	18.93	14.78	24.08	314.83	1.72	55	2
2022	53	18.93	14.78	24.08	314.83	1.72	55	2
2022	54	18.93	14.78	24.08	314.83	1.72	55	2
2022	55	18.93	14.78	24.08	314.83	1.72	55	2
2022	56	18.93	14.78	24.08	314.83	1.72	55	2
2022	57	18.93	14.78	24.08	314.83	1.72	55	2
2022	58	18.93	14.78	24.08	314.83	1.72	55	2
2022	59	18.93	14.78	24.08	314.83	1.72	55	2
2022	60	18.93	14.78	24.08	314.83	1.72	55	2
2022	61	18.93	14.78	24.08	314.83	1.72	55	2
2022	62	18.93	14.78	24.08	314.83	1.72	55	2
2022	63	18.93	14.78	24.08	314.83	1.72	55	2
2022	64	18.93	14.78	24.08	314.83	1.72	55	2
2022	65	22.61	18.14	27.06	517.46	0	55	2
2022	66	20.83	15.18	27.21	528.88	0	55	2
2022	67	21.27	15.43	27.73	494.88	0	55	2
2022	68	21.07	14.75	27.93	353.33	0	55	2
2022	69	20.98	15.25	27.77	375.35	0	55	2
2022	70	21.59	14.99	27.72	366.26	0	55	2
2022	71	21.4	14.5	28.2	386.32	0	55	2
2022	72	22.04	14.76	29.13	384.18	0	55	2
2022	73	22.27	16.06	29.03	334.13	0	55	2
2022	74	22.39	14.51	28.8	351.29	0	55	2
2022	75	22.78	16.75	29.3	298	0	55	2
2022	76	22.01	16.43	28.75	284.89	0	55	2
2022	77	21.13	15.24	27.01	321.74	0	55	2
2022	78	21.67	16.21	28.24	381.55	0	55	2
2022	79	22.28	16.2	28.67	358.83	0	55	2
2022	80	21.83	16.28	27.34	355.4	0	55	2
2022	81	21.58	16.2	27.36	354.68	0	55	2
2022	82	21.82	15.3	28.53	379.24	0	55	2
2022	83	22.05	16.71	27.72	322.01	0	55	2
2022	84	22.06	16.58	29.12	337.91	0	55	2
2022	85	20.81	15.65	26.22	318.85	4.5	55	2
2022	86	21.02	16.65	26.07	271.42	0	55	2
2022	87	20.29	15.96	25.77	381.87	0	55	2
2022	88	20.47	17.08	25.38	381.39	0	55	2
2022	89	18.9	15.57	23.09	362.97	0	55	2
2022	90	18.26	13.56	23.46	393.89	0	55	2
2022	91	17.87	16.88	20.04	182.17	0	55	2
2022	92	17.41	16.39	19.4	364.73	0	55	2
2022	93	17.33	16.09	18.86	395.47	0	55	2
2022	94	17.9	16.71	19.79	500.3	0	55	2
2022	95	18.48	16.5	21.8	435.73	0	55	2
2022	96	20.76	17.2	26.16	344.82	0	55	2
2022	97	20.3	16.24	25.6	383.6	0	55	2
2022	98	20.37	16.15	25.71	320.09	0	55	2
2022	99	20.27	15.7	25.75	426.45	0	55	2
2022	100	20.14	15.14	24.78	394.99	0	55	2
2022	101	20.72	15.58	25.31	348.56	0	55	2
2022	102	20.87	14.68	26.7	397.46	0	55	2
2022	103	21.32	16.92	27.05	372.32	0	55	2
2022	104	20.92	16.82	25.8	439.99	0	55	2
2022	105	20.86	16.47	25.97	377.99	0	55	2
2022	106	21.36	15.9	27.15	286.98	0	55	2
2022	107	20.45	16.05	26.11	243.27	1.3	55	2
2022	108	20.96	16.83	26.4	297.66	0	55	2
2022	109	20.75	15.69	26.31	291.22	1.5	55	2
2022	110	18.9	14.59	23.76	190.41	45.9	55	2
2022	111	19.86	16.42	24.57	322.35	0	55	2
2022	112	18.7	16.64	23.7	306.2	15.8	55	2
2022	113	18.96	16.32	23.2	365	3.6	55	2
2022	114	19.05	16.42	23.04	424.46	0.7	55	2
2022	115	19.4	15.87	24.19	434.48	0	55	2
2022	116	20.27	16.68	25.21	465.23	0	55	2
2022	117	19.9	16.68	24.1	308.32	0	55	2
2022	118	18.78	16.7	22.3	174.7	3.8	55	2
2022	119	18.99	16.09	23.58	349	5.2	55	2
2022	120	19.44	15.56	24.41	414.9	0	55	2
2022	121	19.38	15.84	24.19	260.67	5	55	2
2022	122	19.6	16.52	24.68	332.81	0	55	2
2022	123	18.51	16.14	23.2	216.65	0.4	55	2
2022	124	18.22	14.05	22.76	352.38	0	55	2
2022	125	18.55	15.9	21.27	235.94	0.1	55	2
2022	126	18.66	15.12	22.6	244.17	0	55	2
2022	127	18.84	15.48	23.33	282.47	0	55	2
2022	128	19.77	15.77	24.98	458.65	0	55	2
2022	129	20	15.75	25.75	399.5	0	55	2
2022	130	19.42	14.89	25.43	395.8	0	55	2
2022	131	19.93	15.68	25.72	388.28	0	55	2
2022	132	19.32	14.66	25.34	372.58	0	55	2
2022	133	19.18	13.56	25.28	360.32	0	55	2
2022	134	19.73	15.11	25.98	380.26	0	55	2
2022	135	19.21	14.67	24.78	338.9	0	55	2
2022	136	17.97	13.89	22.8	126.03	0	55	2
2022	137	18.22	13.29	23.64	221.14	0	55	2
2022	138	17.99	14.15	23.21	297.82	0	55	2
2022	139	17.78	12.57	23.88	293.66	0	55	2
2022	140	19.31	14.84	25.6	365.66	0	55	2
2022	141	19.76	15.29	25.54	326.95	0	55	2
2022	142	20.13	15.22	26.38	228.16	0	55	2
2022	143	21.48	16.24	27.64	428.29	0	55	2
2022	144	19.82	14.6	25.66	340.46	0	55	2
2022	145	20.11	14.9	25.69	222.91	0	55	2
2022	146	20.08	16.21	24.9	191.73	0	55	2
2022	147	19.27	15.78	23.44	144.32	0.3	55	2
2022	148	19.04	15.74	23.75	225.56	0	55	2
2022	149	18.66	14.92	23.37	155.93	0	55	2
2022	150	18.34	14.99	22.29	118.09	0	55	2
2022	151	18.31	15.02	22.61	195.74	0	55	2
2022	152	18.84	15.07	24.15	294.23	0	55	2
2022	153	18.12	14.85	22.86	252.02	0	55	2
2022	154	17.28	13.28	22.36	199.75	0	55	2
2022	155	17.88	12.02	24.06	341.99	0	55	2
2022	156	17.92	11.04	24.49	301.21	0	55	2
2022	157	17.56	15.1	22.16	232.19	0	55	2
2022	158	17.65	14.17	21.59	196.69	0	55	2
2022	159	18.3	14.41	23.32	157.44	0	55	2
2022	160	17.25	13.26	22.4	159.74	0	55	2
2022	161	18.05	14.06	23.04	161.27	0	55	2
2022	162	18.53	15.08	22.87	202.85	0	55	2
2022	163	17.72	14.75	22.14	107.21	0	55	2
2022	164	17.4	14.69	20.6	56.58	0	55	2
2022	165	18.54	13.6	25.2	189.02	0	55	2
2022	166	18.21	13.87	23.45	243.41	0	55	2
2022	167	18.51	13	24.43	280.19	0	55	2
2022	168	17.88	13.29	22.65	232.95	0	55	2
2022	169	17.94	13.13	23.59	178.98	0	55	2
2022	170	17.34	13.66	20.91	56.5	0	55	2
2022	171	17.32	14.39	22.72	95.34	0	55	2
2022	172	17.52	11.97	23.34	313.92	0	55	2
2022	173	17.31	14.03	21.74	168.96	0	55	2
2022	174	17.17	14.23	20.82	50.52	0	55	2
2022	175	16.19	13.44	18.77	92.29	0.1	55	2
2022	176	17.48	14.42	21.78	128.3	0	55	2
2022	177	17.07	14.73	20.84	244.38	0	55	2
2022	178	16.77	13.75	20.25	72.97	0	55	2
2022	179	15.83	12.64	19.08	68.47	0	55	2
2022	180	15.55	12.03	19.18	188.56	0	55	2
2022	181	16.92	11.88	22.74	303.82	0	55	2
2022	182	15.67	12.87	18.84	59.77	0	55	2
2022	183	17.04	12.25	22.86	328.12	0	55	2
2022	184	17.76	13.49	23.66	331.93	0	55	2
2022	185	17.13	11.57	22.61	230.21	0	55	2
2022	186	16.49	12.71	21.53	72.84	0	55	2
2022	187	17.45	12.82	22.84	154.49	0	55	2
2022	188	15.61	12.39	19.3	70.14	0	55	2
2022	189	15.36	13.06	17.58	72.47	0	55	2
2022	190	15.9	13.06	19.38	81.61	0	55	2
2022	191	16.41	13.22	20.08	164.59	0	55	2
2022	192	17	13.05	23.09	286.28	0	55	2
2022	193	15.18	13.43	17.66	82.4	0	55	2
2022	194	17.31	11.5	22.93	308.22	0	55	2
2022	195	17.63	13.04	22.38	136.36	0	55	2
2022	196	17.43	13.81	22.05	150.39	0.1	55	2
2022	197	16.97	14.06	21.37	94.87	0	55	2
2022	198	15.82	12.43	18.74	48.01	0	55	2
2022	199	16.82	13.56	19.66	258.03	0	55	2
2022	200	16.21	13.3	20.87	117.78	0	55	2
2022	201	15.78	12.57	20.7	175.99	0.1	55	2
2022	202	16.43	12.59	20.69	165.73	0	55	2
2022	203	15.58	12.94	21.04	137.6	0	55	2
2022	204	16.13	12.02	21.94	227.18	0	55	2
2022	205	16.71	11.95	22.01	217.55	0	55	2
2022	206	16.52	12.16	22.15	318.48	0	55	2
2022	207	17.17	13.79	22.15	171.42	0	55	2
2022	208	16.53	11.26	22.24	263.9	0	55	2
2022	209	16.86	14.08	21.06	143.83	0	55	2
2022	210	17.01	13.89	21.47	210.36	0	55	2
2022	211	16.31	14.21	19.2	221.03	0.2	55	2
2022	212	17.04	13.71	21.67	123.77	0	55	2
2022	213	15.77	14.74	17.6	65.52	0	55	2
2022	214	15.26	13.79	17.63	29.74	0	55	2
2022	215	18.93	14.78	24.08	314.83	1.72	55	2
2022	216	16.37	13.5	18.73	131.65	0	55	2
2022	217	15.54	13.16	19.78	173.11	0	55	2
2022	218	15.97	10.61	21.32	140.51	0	55	2
2022	219	14.72	10.49	19.28	108.3	0	55	2
2022	220	15.17	12.94	20.3	314.83	0	55	2
2022	221	16.23	11.61	21.52	136.43	0.1	55	2
2022	222	16.54	13.18	22.49	148.94	0	55	2
2022	223	16.39	13.35	20.54	262.93	0	55	2
2022	224	16	12.99	19.88	120.28	0	55	2
2022	225	16.62	13.25	20.9	95.09	0	55	2
2022	226	15.9	12.71	19.62	64.39	0	55	2
2022	227	17.97	15.12	20.93	144.83	0	55	2
2022	228	18.36	14.54	23.32	182.8	0	55	2
2022	229	16.2	13.85	21.04	314.83	0	55	2
2022	230	16.71	10.58	23.93	319.33	0	55	2
2022	231	17.91	11.12	24.93	326.27	0	55	2
2022	232	19.29	12.07	27.28	317.81	0	55	2
2022	233	18.89	11.59	25.68	361.83	0	55	2
2022	234	17.13	11.58	23.12	317.06	0	55	2
2022	235	15.92	11.78	20.37	198.14	0	55	2
2022	236	16.31	11.63	21.08	204.48	0	55	2
2022	237	16.15	12.38	19.39	91.03	0	55	2
2022	238	17.04	14.21	21.62	174.09	0	55	2
2022	239	15.84	14.04	18.59	126.99	0	55	2
2022	240	16.53	13.43	19.45	135.2	0	55	2
2022	241	18.06	10.99	24.18	210.51	0	55	2
2022	242	18.35	12.52	25.35	337.68	0	55	2
2022	243	16.58	12.68	20.24	67.53	0	55	2
2022	244	17.57	12.39	23.49	351.03	0	55	2
2022	245	15.39	13.02	18.12	17.73	0	55	2
2022	246	16.57	12.95	21.76	143.24	0	55	2
2022	247	17.12	11.36	24.61	211.83	0	55	2
2022	248	18.33	12.8	24.05	270.34	0	55	2
2022	249	17.89	13.97	24.33	214.86	5.31	55	2
2022	250	16.04	13.76	18.49	142.43	0.1	55	2
2022	251	16.24	13.46	19.34	49.57	0	55	2
2022	252	16.45	11.87	20.14	97.48	0	55	2
2022	253	17.36	11.94	23.7	229.11	0	55	2
2022	254	18.19	13.59	23.95	259.01	0	55	2
2022	255	18.01	14.05	23.07	370.41	0	55	2
2022	256	16.98	13.06	21.55	213.22	0	55	2
2022	257	17.35	13.57	21.54	146.56	0	55	2
2022	258	16.79	12.99	21.06	106.98	0	55	2
2022	259	17.78	13.84	23.14	233.46	0	55	2
2022	260	17.42	13.92	21.29	154.72	0	55	2
2022	261	17.06	12.96	22.45	161.8	0	55	2
2022	262	19.08	14.39	25.4	340.08	0	55	2
2022	263	18.57	13.85	24.28	348.03	0	55	2
2022	264	18.94	13.56	25.37	346.07	0	55	2
2022	265	18.68	13.52	24.57	387.77	0	55	2
2022	266	18.71	11.93	25.07	354.81	0	55	2
2022	267	18.57	12.01	25.22	351.43	0	55	2
2022	268	18.59	13.24	23.56	304.73	0.51	55	2
2022	269	18.78	13.63	24.03	338.91	0	55	2
2022	270	18.39	12.17	24.31	376.58	0	55	2
2022	271	18.71	12.76	25.03	324.81	0	55	2
2022	272	18.77	12.6	25.29	337.09	0	55	2
2022	273	18.34	14.43	23.57	206.54	0	55	2
2022	274	18.43	14.39	24.96	341.93	13.4	55	2
2022	275	19.42	14	25.92	337.4	0	55	2
2022	276	18.88	12.78	25.6	392.88	0	55	2
2022	277	18.66	12.62	25.66	277.7	0	55	2
2022	278	18.79	13.84	25.26	396.04	0	55	2
2022	279	18.51	14.15	24.24	297.77	0	55	2
2022	280	18.67	14.44	23.88	199.26	0	55	2
2022	281	18.15	12.43	24.78	381.56	0	55	2
2022	282	18.36	14.16	23.4	319.23	0	55	2
2022	283	18.89	13.26	24.27	310.31	0	55	2
2022	284	18.25	12.49	24.48	330.25	0	55	2
2022	285	18.7	11.28	25.32	301.02	0	55	2
2022	286	18.94	13.18	25.63	352.25	0	55	2
2022	287	18.42	12.28	25.04	392.36	0	55	2
2022	288	18.47	11.66	25.02	320.5	0	55	2
2022	289	19.61	13.58	25.57	357.71	0	55	2
2022	290	20.12	14.68	25.83	303.06	0	55	2
2022	291	19.6	15.82	24.49	304.72	0	55	2
2022	292	19.28	14.47	24.79	295.06	0	55	2
2022	293	18.79	13.38	24.82	258.55	0	55	2
2022	294	19.37	14.22	25.9	361.03	0	55	2
2022	295	19.53	13.21	25.98	363.49	0	55	2
2022	296	19.96	14.31	25.6	312.81	0	55	2
2022	297	20.78	14.73	27.14	348.8	0	55	2
2022	298	20.84	15.02	26.66	335.49	0	55	2
2022	299	20.38	15.27	25.74	370.12	0	55	2
2022	300	20.21	15.26	25.5	306.24	0	55	2
2022	301	20.53	15.23	26.72	350.52	0	55	2
2022	302	20.59	15.29	26.2	321.8	0.41	55	2
2022	303	19.72	14.93	25.1	367.68	0	55	2
2022	304	19.82	15.63	25.34	283.86	0	55	2
2022	305	18.84	16.12	23.33	305.45	0.2	55	2
2022	306	18.95	16.21	23.06	255.6	0	55	2
2022	307	18.07	15.21	21.56	248.78	6.7	55	2
2022	308	19.57	15.15	25.02	305.49	0	55	2
2022	309	19.83	14.71	25.15	365.75	0	55	2
2022	310	19.48	15.87	24.56	262.12	0	55	2
2022	311	19.58	16.08	24.39	303.78	0	55	2
2022	312	19.61	15.5	24.69	352.2	0	55	2
2022	313	19.75	15.42	24.7	328.69	0	55	2
2022	314	20.14	16.14	25.14	292.3	0	55	2
2022	315	19.63	16.22	24.43	356.25	0	55	2
2022	316	18.46	15.9	22.41	201.43	0	55	2
2022	317	19.17	15.36	23.5	214	0	55	2
2022	318	18.83	16.3	22.84	74.79	0.6	55	2
2022	319	18.21	16.25	22.61	149.9	1.3	55	2
2022	320	17.63	15.71	21.45	176.99	2.5	55	2
2022	321	17.36	14.59	20.68	129.42	1.23	55	2
2022	322	18.72	14.8	24.33	308.33	0	55	2
2022	323	18.79	15.74	22.98	283.37	0	55	2
2022	324	19.07	14.69	24.05	244.93	0	55	2
2022	325	19.19	14.87	23.92	276.41	6.6	55	2
2022	326	19.08	16.25	24.44	273.36	0.1	55	2
2022	327	18.25	15.69	23.31	327.93	0	55	2
2022	328	17.88	14.48	22.08	333.48	17.9	55	2
2022	329	18.13	15.15	22.11	374.41	0.4	55	2
2022	330	18.18	14.5	23.12	368.11	0	55	2
2022	331	18.65	14.3	24.06	274.63	0	55	2
2022	332	18.64	16.02	23.18	295.12	0	55	2
2022	333	17.7	15.31	22.04	281.08	3.5	55	2
2022	334	17.62	15.56	22.25	307.22	4.2	55	2
2022	335	18.23	14.97	23.54	359.8	0.51	55	2
2022	336	18.81	14.34	24.33	301.74	0	55	2
2022	337	18.53	15.5	23.24	328.85	0	55	2
2022	338	18.11	15.1	21.48	349.17	14.8	55	2
2022	339	18.68	15.85	23.25	403.08	0.6	55	2
2022	340	19.48	15.87	24.14	388.22	0	55	2
2022	341	19.62	16.37	24.21	416.23	0.41	55	2
2022	342	19.53	16.34	24.05	385.92	0	55	2
2022	343	18.89	15.9	24.95	323.63	0	55	2
2022	344	18.93	15.39	24.04	185.3	0	55	2
2022	345	19.52	15.58	24.57	369.85	0	55	2
2022	346	17.6	15.75	20.62	116.55	1.3	55	2
2022	347	17.73	14.86	22.61	351.09	2.7	55	2
2022	348	18.38	13.71	23.41	325.59	0	55	2
2022	349	18.72	14.68	24.18	371.61	0	55	2
2022	350	19.32	14.83	24.58	332.21	0	55	2
2022	351	19.52	14.81	24.88	359.02	0	55	2
2022	352	19.73	15.01	24.79	323.02	0	55	2
2022	353	19.69	14.66	24.98	316.81	0	55	2
2022	354	20.16	15.69	25.29	320.89	0	55	2
2022	355	20.06	15.87	25.46	265.99	0	55	2
2022	356	19.79	15.88	24.24	180.97	0	55	2
2022	357	19.55	15.28	25.03	301.36	0	55	2
2022	358	19.78	14.62	25.19	299.64	0	55	2
2022	359	19.99	15.61	25.11	257.33	0	55	2
2022	360	20.04	14.84	25.48	306.69	0	55	2
2022	361	18.75	16.79	22.71	178.64	0	55	2
2022	362	19.25	15.39	23.73	249.1	0	55	2
2022	363	18.86	14.62	23.78	195.7	0	55	2
2022	364	18.58	13.95	23.49	278.37	0	55	2
2022	365	18.74	13.61	23.83	326.38	0	55	2
2023	1	19.25	14.12	24.18	280.23	0	55	2
2023	2	17.98	13.75	23.01	211.09	0.1	55	2
2023	3	17.25	15.45	20.82	214.32	10.62	55	2
2023	4	16.94	15.21	19.18	103.83	4.8	55	2
2023	5	17.62	14.54	21.55	274.51	0.2	55	2
2023	6	19.42	13.57	24.66	376.05	0	55	2
2023	7	19.6	14.23	24.56	355.46	0	55	2
2023	8	19.01	13.81	24.6	361.29	0	55	2
2023	9	19.48	16.27	24.33	277.82	0	55	2
2023	10	19.17	15.9	23.54	312.8	0	55	2
2023	11	19.18	14.34	24.06	300.67	0	55	2
2023	12	19.84	14.59	25.32	365.58	0	55	2
2023	13	19.68	13.39	25.11	359.62	0	55	2
2023	14	19.45	13.8	24.51	341.86	0	55	2
2023	15	19.78	13.98	24.89	349.03	0	55	2
2023	16	19.6	14.32	24.98	347.23	0	55	2
2023	17	19.44	13.62	24.81	280.46	0	55	2
2023	18	21.2	14.54	27.44	350.85	0	55	2
2023	19	21.45	15.57	27.25	356.5	0	55	2
2023	20	20.97	15.4	26.66	353.82	0	55	2
2023	21	20.88	14.6	26.14	356.25	0	55	2
2023	22	20.5	16.16	24.79	235.94	0	55	2
2023	23	20.05	16.04	24.84	262.47	0	55	2
2023	24	20.01	14.81	25.45	300.24	0	55	2
2023	25	20.9	14.87	26.58	352.5	0	55	2
2023	26	18.93	14.78	24.08	314.83	1.72	55	2
2023	27	18.93	14.78	24.08	314.83	1.72	55	2
2023	28	18.93	14.78	24.08	314.83	1.72	55	2
2023	29	18.93	14.78	24.08	314.83	1.72	55	2
2023	30	18.93	14.78	24.08	314.83	1.72	55	2
2023	31	18.93	14.78	24.08	314.83	1.72	55	2
2023	32	18.93	14.78	24.08	314.83	1.72	55	2
2023	33	18.93	14.78	24.08	314.83	1.72	55	2
2023	34	18.93	14.78	24.08	314.83	1.72	55	2
2023	35	18.93	14.78	24.08	314.83	1.72	55	2
2023	36	18.93	14.78	24.08	314.83	1.72	55	2
2023	37	18.93	14.78	24.08	314.83	1.72	55	2
2023	38	18.93	14.78	24.08	314.83	1.72	55	2
2023	39	18.93	14.78	24.08	314.83	1.72	55	2
2023	40	18.93	14.78	24.08	314.83	1.72	55	2
2023	41	18.93	14.78	24.08	314.83	1.72	55	2
2023	42	18.93	14.78	24.08	314.83	1.72	55	2
2023	43	18.93	14.78	24.08	314.83	1.72	55	2
2023	44	18.93	14.78	24.08	314.83	1.72	55	2
2023	45	18.93	14.78	24.08	314.83	1.72	55	2
2023	46	18.93	14.78	24.08	314.83	1.72	55	2
2023	47	18.93	14.78	24.08	314.83	1.72	55	2
2023	48	18.93	14.78	24.08	314.83	1.72	55	2
2023	49	18.93	14.78	24.08	314.83	1.72	55	2
2023	50	18.93	14.78	24.08	314.83	1.72	55	2
2023	51	18.93	14.78	24.08	314.83	1.72	55	2
2023	52	18.93	14.78	24.08	314.83	1.72	55	2
2023	53	18.93	14.78	24.08	314.83	1.72	55	2
2023	54	18.93	14.78	24.08	314.83	1.72	55	2
2023	55	18.93	14.78	24.08	314.83	1.72	55	2
2023	56	18.93	14.78	24.08	314.83	1.72	55	2
2023	57	18.93	14.78	24.08	314.83	1.72	55	2
2023	58	18.93	14.78	24.08	314.83	1.72	55	2
2023	59	18.93	14.78	24.08	314.83	1.72	55	2
2023	60	18.93	14.78	24.08	314.83	1.72	55	2
2023	61	18.93	14.78	24.08	314.83	1.72	55	2
2023	62	18.93	14.78	24.08	314.83	1.72	55	2
2023	63	18.93	14.78	24.08	314.83	1.72	55	2
2023	64	18.93	14.78	24.08	314.83	1.72	55	2
2023	65	18.93	14.78	24.08	314.83	1.72	55	2
2023	66	18.93	14.78	24.08	314.83	1.72	55	2
2023	67	18.93	14.78	24.08	314.83	1.72	55	2
2023	68	18.93	14.78	24.08	314.83	1.72	55	2
2023	69	18.93	14.78	24.08	314.83	1.72	55	2
2023	70	18.93	14.78	24.08	314.83	1.72	55	2
2023	71	18.93	14.78	24.08	314.83	1.72	55	2
2023	72	18.93	14.78	24.08	314.83	1.72	55	2
2023	73	18.93	14.78	24.08	314.83	1.72	55	2
2023	74	18.93	14.78	24.08	314.83	1.72	55	2
2023	75	18.93	14.78	24.08	314.83	1.72	55	2
2023	76	18.93	14.78	24.08	314.83	1.72	55	2
2023	77	18.93	14.78	24.08	314.83	1.72	55	2
2023	78	18.93	14.78	24.08	314.83	1.72	55	2
2023	79	18.93	14.78	24.08	314.83	1.72	55	2
2023	80	18.93	14.78	24.08	314.83	1.72	55	2
2023	81	18.93	14.78	24.08	314.83	1.72	55	2
2023	82	18.93	14.78	24.08	314.83	1.72	55	2
2023	83	18.93	14.78	24.08	314.83	1.72	55	2
2023	84	18.93	14.78	24.08	314.83	1.72	55	2
2023	85	18.93	14.78	24.08	314.83	1.72	55	2
2023	86	18.93	14.78	24.08	314.83	1.72	55	2
2023	87	18.93	14.78	24.08	314.83	1.72	55	2
2023	88	18.93	14.78	24.08	314.83	1.72	55	2
2023	89	18.93	14.78	24.08	314.83	1.72	55	2
2023	90	18.93	14.78	24.08	314.83	1.72	55	2
2023	91	18.93	14.78	24.08	314.83	1.72	55	2
2023	92	18.93	14.78	24.08	314.83	1.72	55	2
2023	93	18.93	14.78	24.08	314.83	1.72	55	2
2023	94	18.93	14.78	24.08	314.83	1.72	55	2
2023	95	18.93	14.78	24.08	314.83	1.72	55	2
2023	96	18.93	14.78	24.08	314.83	1.72	55	2
2023	97	18.93	14.78	24.08	314.83	1.72	55	2
2023	98	18.93	14.78	24.08	314.83	1.72	55	2
2023	99	18.93	14.78	24.08	314.83	1.72	55	2
2023	100	18.93	14.78	24.08	314.83	1.72	55	2
2023	101	18.93	14.78	24.08	314.83	1.72	55	2
2023	102	18.93	14.78	24.08	314.83	1.72	55	2
2023	103	18.93	14.78	24.08	314.83	1.72	55	2
2023	104	18.93	14.78	24.08	314.83	1.72	55	2
2023	105	18.93	14.78	24.08	314.83	1.72	55	2
2023	106	18.93	14.78	24.08	314.83	1.72	55	2
2023	107	18.93	14.78	24.08	314.83	1.72	55	2
2023	108	18.93	14.78	24.08	314.83	1.72	55	2
2023	109	22.3	22.3	22.3	314.83	0	55	2
2023	110	21.07	17	24.09	314.83	0	55	2
2023	111	20.16	17.07	25.36	314.83	1	55	2
2023	112	18.06	16.81	19.59	314.83	17.06	55	2
2023	113	19.19	15.33	23.64	314.83	0	55	2
2023	114	20.13	17.32	24.31	314.83	0	55	2
2023	115	18.92	15.95	22.83	314.83	5.1	55	2
2023	116	18.55	16.41	22.86	314.83	35	55	2
2023	117	19.06	15.7	23.06	314.83	0.1	55	2
2023	118	17.85	16.69	20.08	314.83	11.7	55	2
2023	119	18.04	15.51	21.49	314.83	0	55	2
2023	120	18.66	16.79	22.47	314.83	14.3	55	2
2023	121	18.02	16.16	20.28	314.83	22.6	55	2
2023	122	18.54	14.62	22.18	314.83	0.6	55	2
2023	123	18.27	16.54	21.52	314.83	0.1	55	2
2023	124	18.61	15.12	23.36	314.83	0	55	2
2023	125	18.67	14.48	23.52	314.83	0	55	2
2023	126	18.86	15.23	23.42	314.83	0	55	2
2023	127	18.79	15.61	23.07	314.83	0	55	2
2023	128	19.09	15.8	23.44	314.83	0	55	2
2023	129	18.17	16.24	21.58	314.83	0.1	55	2
2023	130	18.56	16.06	22.68	314.83	0	55	2
2023	131	18.15	15.1	22.15	314.83	0	55	2
2023	132	18.06	14.02	23.32	314.83	0	55	2
2023	133	19.24	15.48	24.25	314.83	0	55	2
2023	134	19.23	16.33	24.04	314.83	0	55	2
2023	135	18.59	14.77	23.4	314.83	0	55	2
2023	136	18.6	14.35	23.74	314.83	0	55	2
2023	137	19.07	15.98	23.06	314.83	0	55	2
2023	138	18.29	13.91	22.89	314.83	0	55	2
2023	139	18.37	14.63	23.8	314.83	0	55	2
2023	140	19.41	13.13	26.12	314.83	0	55	2
2023	141	19.27	13.3	24.7	314.83	0	55	2
2023	142	19.83	15.97	25.45	314.83	0	55	2
2023	143	19.78	16.04	24.78	314.83	0	55	2
2023	144	18.99	14.96	23.77	314.83	0	55	2
2023	145	19.11	14.58	23.87	314.83	0	55	2
2023	146	18	14.1	22.59	314.83	0	55	2
2023	147	16.64	12.72	21.05	314.83	0.3	55	2
2023	148	17.5	14.02	22.45	314.83	0.1	55	2
2023	149	16.53	14.07	19.75	314.83	2.6	55	2
2023	150	17.26	13.76	20.82	314.83	0	55	2
2023	151	18.19	15.48	23.03	165.37	0	55	2
2023	152	19.1	14.83	24.04	252.18	0	55	2
2023	153	19.11	15.58	23.99	273.08	2.6	55	2
2023	154	18	14.69	22.03	69.78	0	55	2
2023	155	17.66	13.89	22.83	199.47	0	55	2
2023	156	19.15	14.11	24.66	306.03	0	55	2
2023	157	18.83	15.25	23.88	200.96	0.2	55	2
2023	158	18.95	13.44	24.91	360.35	0	55	2
2023	159	19.36	12.31	26.04	365.95	0	55	2
2023	160	18.79	15.88	23.8	229.63	0	55	2
2023	161	18.3	13.62	24.32	251.44	0	55	2
2023	162	19.59	14.98	24.61	351.39	0	55	2
2023	163	19.64	14.92	24.48	241.6	0.2	55	2
2023	164	17.84	13.52	22.29	190.26	0	55	2
2023	165	18.81	14.98	25.01	245.06	0	55	2
2023	166	17.89	14.88	21.55	141.38	0	55	2
2023	167	18.54	14.65	23.95	188.56	0	55	2
2023	168	16.83	14.59	19.37	54.07	0	55	2
2023	169	17.38	13.35	22.42	172.24	0	55	2
2023	170	17.84	12.97	22.96	224.37	0	55	2
2023	171	18.42	14.65	22.7	138.18	0	55	2
2023	172	17.83	15.91	20.93	191.66	0	55	2
2023	173	17.11	14.77	20.05	117.71	0	55	2
2023	174	16.87	15.44	18.65	61.62	0	55	2
2023	175	17.72	14.23	22.8	198.47	0	55	2
2023	176	18.16	13.41	24.21	249.27	0	55	2
2023	177	16.67	13.5	21.31	115.2	0	55	2
2023	178	16.59	13.91	20.48	94.91	0	55	2
2023	179	17.33	12.34	22.77	236.09	0	55	2
2023	180	16.34	13.54	19.66	114.41	0	55	2
2023	181	17.5	14.71	21.1	109.4	0	55	2
2023	182	17.09	14.5	20.39	26.13	0	55	2
2023	183	16.91	14.71	19.94	85.05	0	55	2
2023	184	17.14	13.46	21.06	61.39	0	55	2
2023	185	16.5	13.97	19.82	167.11	0	55	2
2023	186	15.27	12.43	18.94	12.18	0	55	2
2023	187	18.06	15.84	19.51	95.63	0	55	2
2023	188	16.23	14.2	18.34	100.56	0	55	2
2023	189	16.26	12.37	20.81	159.02	0	55	2
2023	190	16.77	11.2	23.56	248.11	0	55	2
2023	191	18.69	10.53	26.26	315.31	0	55	2
2023	192	18.73	13.05	25.43	289.71	0	55	2
2023	193	16.82	13.68	20.29	189.55	0	55	2
2023	194	16.93	12.67	20.86	192.7	0	55	2
2023	195	18.08	13.39	23.37	212.77	0	55	2
2023	196	17.13	12.58	22.48	132.91	0	55	2
2023	197	16.52	12.53	20.62	203.16	0	55	2
2023	198	15.86	11.93	19.8	67.65	0	55	2
2023	199	16.31	12.25	21.51	91.4	0	55	2
2023	200	16.74	12.41	21.44	65.78	0	55	2
2023	201	18.82	12.14	25.91	312.23	0	55	2
2023	202	18.53	13.18	24.25	317.92	0	55	2
2023	203	17.85	14.49	22.47	64.01	0	55	2
2023	204	17.62	14.85	21.88	183.78	0	55	2
2023	205	17.38	13.13	21.38	87.99	0	55	2
2023	206	18.01	15.6	22.06	164.12	0	55	2
2023	207	16.77	14.22	22.16	164.8	0	55	2
2023	208	16.96	12.3	21.48	97.12	0	55	2
2023	209	16.78	14.6	20.27	100.08	0	55	2
2023	210	16.67	13.6	21.41	84.46	0	55	2
2023	211	17.75	12.74	24.26	309.83	0	55	2
2023	212	18.63	12.91	25.69	320.4	0	55	2
2023	213	17.26	14.02	21.61	108.1	0	55	2
2023	214	17.03	13.91	20.32	245.22	0.1	55	2
2023	215	15.78	15.4	16.35	314.83	0	55	2
2023	216	18.93	14.78	24.08	314.83	1.72	55	2
2023	217	18.93	14.78	24.08	314.83	1.72	55	2
2023	218	18.93	14.78	24.08	314.83	1.72	55	2
2023	219	18.93	14.78	24.08	314.83	1.72	55	2
2023	220	19.19	16.1	22.77	314.83	0	55	2
2023	221	16.3	14.35	19.47	99.72	1.5	55	2
2023	222	17.41	14.54	21.9	314.83	0	55	2
2023	223	17.26	13.47	21.84	314.83	0	55	2
2023	224	16.43	11.83	22.03	314.83	0	55	2
2023	225	17.57	11.74	23.44	314.83	0	55	2
2023	226	18.23	12.32	24.09	314.83	0	55	2
2023	227	19.11	13.96	24.68	314.83	0	55	2
2023	228	18.74	15.68	22.93	314.83	0	55	2
2023	229	18.19	14.99	22.6	314.83	0	55	2
2023	230	17.99	14.35	23.52	314.83	0	55	2
2023	231	18.84	13.73	25.12	314.83	0	55	2
2023	232	19.25	12.04	25.81	314.83	0	55	2
2023	233	19.13	12.72	24.83	314.83	0	55	2
2023	234	20.08	15.13	25.93	314.83	0	55	2
2023	235	18.24	12.75	24.9	278.29	0	55	2
2023	236	18.13	13.52	24.14	286.17	0	55	2
2023	237	18.43	12.48	24.75	339.26	0	55	2
2023	238	19.73	14.79	25.96	370.39	0	55	2
2023	239	19.43	14.24	26.09	348.37	0	55	2
2023	240	18.38	14.17	23.01	204.73	0	55	2
2023	241	18.08	13.66	22.52	203.21	0	55	2
2023	242	18.02	15.12	21.84	184.28	0	55	2
2023	243	18.07	15.24	22.71	132.61	0	55	2
2023	244	18.87	15.46	23.51	134.25	0	55	2
2023	245	18.68	15.53	23.49	177.46	0	55	2
2023	246	18.9	12.73	25.89	309.28	0	55	2
2023	247	18.78	14.35	24.48	183.69	0	55	2
2023	248	19.63	13.74	25.63	239.41	0	55	2
2023	249	20.42	13.62	26.98	276.93	0	55	2
2023	250	18.55	15.47	24.24	183.01	23.2	55	2
2023	251	17.83	15.35	20.88	216.31	1.5	55	2
2023	252	17.63	15.18	20.3	237.69	0	55	2
2023	253	18.7	13.12	24.8	304.84	0	55	2
2023	254	19.63	15.06	25.4	286.39	0	55	2
2023	255	20.1	15.27	26.39	311.18	0	55	2
2023	256	18.54	15.58	23.43	212.37	0	55	2
2023	257	19.3	15.09	24.61	303.08	0	55	2
2023	258	18.25	15.11	22.31	305.08	0	55	2
2023	259	19.19	13.58	25.41	335.8	0	55	2
2023	260	20.08	15.78	27.18	352.88	7.9	55	2
2023	261	19.27	15.2	24.9	296.61	0	55	2
2023	262	19.43	14.03	24.85	321.49	0	55	2
2023	263	20.13	15.04	27.25	425.01	0	55	2
2023	264	20.11	14.46	26.74	335.61	0	55	2
2023	265	20.33	15.96	25.85	292.61	0	55	2
2023	266	19.54	15.6	24.75	214.41	0	55	2
2023	267	18.87	16.08	24.31	306.57	0	55	2
2023	268	20.51	14.71	27.22	310.98	0	55	2
2023	269	20.23	13.96	27.28	291.16	0	55	2
2023	270	20.27	14.8	26.27	303.74	0	55	2
2023	271	18.89	16.03	22.69	79.8	0	55	2
2023	272	19.89	13.95	26.59	315.98	0	55	2
2023	273	19.74	15.23	26.4	221.85	0	55	2
2023	274	20.87	16.39	27.58	279.48	0	55	2
2023	275	20.79	14.59	27.58	290.74	0	55	2
2023	276	18.98	12.25	25.45	355.89	0	55	2
2023	277	17.97	16.28	21.07	314.83	0	55	2
2023	278	18.71	15.17	23.32	314.83	0.1	55	2
2023	279	20.09	15.8	26.43	314.83	0	55	2
2023	280	20.12	14.92	26.08	314.83	0	55	2
2023	281	20.74	13.07	27.9	314.83	0	55	2
2023	282	21.15	14.46	27.94	314.83	0	55	2
2023	283	20.8	16.31	27.4	314.83	0	55	2
2023	284	20.65	14.57	26.53	314.83	0	55	2
2023	285	21.22	14.61	27.95	29.44	0	55	2
2023	286	22.07	14.44	29.04	427.23	0	55	2
2023	287	22.09	16.24	28.14	428.3	0	55	2
2023	288	21.94	17.65	27.56	348.26	0	55	2
2023	289	20.65	16.41	25.56	391.86	0.5	55	2
2023	290	20.59	17	26.7	287.02	0.1	55	2
2023	291	21.14	17.4	25.88	391.89	0	55	2
2023	292	19.67	16.88	24.57	333	0.9	55	2
2023	293	19.63	14.75	24.34	333.2	0	55	2
2023	294	20.13	15.77	25.43	317.38	0	55	2
2023	295	21.29	16.21	26.31	335.48	0	55	2
2023	296	20.92	15.51	26.96	386.79	0	55	2
2023	297	21.26	15.27	26.84	361.83	0	55	2
2023	298	21.43	17.08	26.31	373.89	0	55	2
2023	299	19.75	16.89	24.27	302.02	1.9	55	2
2023	300	19.99	16.11	24.47	275.17	0	55	2
2023	301	20.44	15.29	26.18	299.92	0	55	2
2023	302	20.44	16.2	25.09	293.17	0	55	2
2023	303	19.84	16.07	25.11	320.12	0	55	2
2023	304	19.58	16.66	24.13	286.44	4.5	55	2
2023	305	20.19	15.98	25.04	301.58	0	55	2
2023	306	18.89	16.55	22.21	304.4	32.9	55	2
2023	307	18.28	16.62	22.5	326.5	8.3	55	2
2023	308	18.22	15.53	21.34	294.16	8.6	55	2
2023	309	18.8	16.42	23.16	313	7.2	55	2
2023	310	19.32	16.17	24.13	442.3	28.39	55	2
2023	311	19.12	15.6	23.81	471.37	35.8	55	2
2023	312	18.59	16.89	21.94	329.38	3.1	55	2
2023	313	19.14	15.53	23.06	388.75	0	55	2
2023	314	18.8	16.01	22.5	265.7	17.8	55	2
2023	315	18.04	15.14	21.42	278.59	11.1	55	2
2023	316	18.82	16.5	23.13	342.78	4.4	55	2
2023	317	18.97	16.48	22.72	418.36	3.9	55	2
2023	318	18.57	16.33	23.09	332.43	22.2	55	2
2023	319	18.42	16.63	22.5	327.11	5.7	55	2
2023	320	18.56	16.26	22.07	379.33	6.6	55	2
2023	321	18.58	16.27	22.19	301.92	2.5	55	2
2023	322	19.16	16.24	23.04	360.37	1.74	55	2
2023	323	19.33	16.45	23.33	426.02	1.4	55	2
2023	324	18.81	15.89	23.3	398.04	0.4	55	2
2023	325	18.89	16.91	22.18	319.64	14.2	55	2
2023	326	18.29	16.52	21.89	360.61	8.7	55	2
2023	327	18.41	16.01	21.81	332.88	3.6	55	2
2023	328	18.6	16.2	22.59	392.39	9	55	2
2023	329	18.63	16.17	22.4	319.92	6.8	55	2
2023	330	18.31	15.64	21.96	339	8.4	55	2
2023	331	19.47	15.78	24.04	471.51	2.6	55	2
2023	332	19.07	16.67	23.43	349.55	0	55	2
2023	333	19.54	16.52	23.98	498.21	0	55	2
2023	334	19.2	15.46	23.4	483.41	0	55	2
2023	335	19.08	14.87	23.94	461.96	0	55	2
2023	336	19.51	14.76	24.39	411.98	0	55	2
2023	337	19.26	16.65	23.41	401.68	0	55	2
2023	338	18.98	15.93	23.5	363.5	0	55	2
2023	339	19.21	15.7	24.03	404.09	0	55	2
2023	340	19.08	16.36	23.58	383.18	0	55	2
2023	341	19.16	13.78	24.68	473.77	0	55	2
2023	342	19.31	14.63	24.83	446.49	0	55	2
2023	343	18.69	14.4	23.86	398.57	0	55	2
2023	344	19.39	16.5	23.57	397.26	0.8	55	2
2023	345	19.18	15.52	23.85	396.18	0.1	55	2
2023	346	19.24	15	24.28	353.75	0	55	2
2023	347	19.64	15.87	24.75	349.7	0	55	2
2023	348	19.65	17.22	23.88	355.75	0.1	55	2
2023	349	18.97	16.04	22.86	373.16	4.7	55	2
2023	350	18.27	16.3	21.59	235.59	0	55	2
2023	351	18.93	15.66	23.38	376.45	0	55	2
2023	352	18.79	15.6	23.31	400.29	0.1	55	2
2023	353	19.29	16.03	23.73	350.94	0	55	2
2023	354	18.81	14.53	23.85	403.15	0	55	2
2023	355	19.55	15.62	24.47	407.99	0	55	2
2023	356	19.31	15.92	23.7	323.94	2.2	55	2
2023	357	18.94	16.36	23.24	309.77	6.7	55	2
2023	358	20.22	16.91	24.8	409.78	0.7	55	2
2023	359	20.3	17.16	25.01	417.6	0	55	2
2023	360	18.96	16.81	22.36	248.07	0.6	55	2
2023	361	18.91	14.84	23.14	434.42	0	55	2
2023	362	19.96	15.72	24.86	444.77	0	55	2
2023	363	20.22	15.6	25.2	410.62	0	55	2
2023	364	20.21	16.76	25.21	330.63	0	55	2
2023	365	20.6	17.19	25.44	386.32	0	55	2
2024	1	20.55	16.91	25.02	395.65	2.14	55	2
2024	2	20.07	16.56	24.68	328.04	18.7	55	2
2024	3	20.13	17.2	24.79	425.13	0	55	2
2024	4	19.96	16.09	24.53	390.43	0	55	2
2024	5	19.14	16.57	24.91	303.88	9.3	55	2
2024	6	19.09	16.54	23.04	280.32	10.8	55	2
2024	7	18.92	16.76	22.92	273.23	11	55	2
2024	8	19.43	16.57	23.66	356.87	0	55	2
2024	9	19.08	15.93	23.21	462.74	0	55	2
2024	10	18.79	14.92	22.81	326.66	0.7	55	2
2024	11	19.15	16	24.15	297.42	3	55	2
2024	12	19.59	16.95	23.85	259.61	16.24	55	2
2024	13	18.52	16.36	22.04	190.84	31	55	2
2024	14	20.09	17.75	24.48	277.53	0	55	2
2024	15	20.34	17.24	24.64	379.93	0.1	55	2
2024	16	20.38	16.41	25.06	366.77	0	55	2
2024	17	20.19	16.93	24.19	312.15	0	55	2
2024	18	19.37	17.01	23.03	311.02	0	55	2
2024	19	18.89	16.86	23.7	315.68	0	55	2
2024	20	18.93	14.78	24.08	314.83	1.72	55	2
2024	21	18.93	14.78	24.08	314.83	1.72	55	2
2024	22	18.93	14.78	24.08	314.83	1.72	55	2
2024	23	18.93	14.78	24.08	314.83	1.72	55	2
2024	24	18.93	14.78	24.08	314.83	1.72	55	2
2024	25	18.93	14.78	24.08	314.83	1.72	55	2
2024	26	18.93	14.78	24.08	314.83	1.72	55	2
2024	27	18.93	14.78	24.08	314.83	1.72	55	2
2024	28	18.93	14.78	24.08	314.83	1.72	55	2
2024	29	18.93	14.78	24.08	314.83	1.72	55	2
2024	30	18.93	14.78	24.08	314.83	1.72	55	2
2024	31	18.93	14.78	24.08	314.83	1.72	55	2
2024	32	18.93	14.78	24.08	314.83	1.72	55	2
2024	33	18.93	14.78	24.08	314.83	1.72	55	2
2024	34	18.93	14.78	24.08	314.83	1.72	55	2
2024	35	18.93	14.78	24.08	314.83	1.72	55	2
2024	36	18.93	14.78	24.08	314.83	1.72	55	2
2024	37	18.93	14.78	24.08	314.83	1.72	55	2
2024	38	21.15	17.7	26.22	221.31	0	55	2
2024	39	20.08	15.99	24.99	346.47	0	55	2
2024	40	20.99	15.87	26.34	462.24	0	55	2
2024	41	20.64	17.09	26.15	447.48	0	55	2
2024	42	19.97	14.37	26	399.42	0	55	2
2024	43	20.55	14.43	26.68	468.14	0	55	2
2024	44	21.28	15.75	27.18	457.02	0	55	2
2024	45	21.47	15.82	27.65	459.04	0	55	2
2024	46	21.39	14.98	27.63	467.3	0	55	2
2024	47	20.85	14.84	26.93	431.15	0	55	2
2024	48	21.07	15.83	27.36	446.37	0	55	2
2024	49	22.65	14.91	29.69	443.2	0	55	2
2024	50	23.05	17.38	29.57	416.22	0	55	2
2024	51	22.11	17.2	28.55	387.18	11.4	55	2
2024	52	21.85	16.8	28.03	449.79	0.1	55	2
2024	53	20.86	16.12	26.32	473.39	0	55	2
2024	54	20.17	16.55	25.25	359.8	0	55	2
2024	55	18.94	16.09	24.26	408.31	17.4	55	2
2024	56	20.54	16.07	25.74	363.46	0.2	55	2
2024	57	21.06	16.67	26.91	303.73	0	55	2
2024	58	20.5	17.29	27.15	377.02	3.5	55	2
2024	59	20.08	15.68	26.25	349.14	8.9	55	2
2024	60	21.47	17.31	26.54	464.21	3.2	55	2
2024	61	21.05	16.2	26.2	490.4	0	55	2
2024	62	21.18	17.12	26.2	401.99	0	55	2
2024	63	21.32	16.24	27.18	467.74	0	55	2
2024	64	21.55	16.18	27.88	325.93	0	55	2
2024	65	20.75	17.43	25.55	496.01	0	55	2
2024	66	20.5	16.45	25.77	389.11	0	55	2
2024	67	21.01	15.45	26.84	383.34	0	55	2
2024	68	21.68	15.35	28.29	444.41	0	55	2
2024	69	21.49	16.93	27.21	452.61	0.3	55	2
2024	70	21.36	16.35	27.36	432.49	0	55	2
2024	71	21.48	16.61	27.44	460.68	0	55	2
2024	72	21.21	14.96	27.75	447.12	0	55	2
2024	73	21.53	15.6	27.85	454.11	0	55	2
2024	74	20.69	16.64	26.53	326.48	0	55	2
2024	75	20.32	15.36	26.03	367.02	0	55	2
2024	76	20.56	14.77	26.78	446.98	0	55	2
2024	77	22.14	15.52	29.49	377.6	0	55	2
2024	78	21.85	16.88	27.72	393.51	0	55	2
2024	79	21.66	16.59	27.9	370.2	0	55	2
2024	80	21.23	17.05	27.02	395.68	0.4	55	2
2024	81	21.71	16.73	27.92	411.73	0.1	55	2
2024	82	22.27	16.56	28.8	446.89	0	55	2
2024	83	20.86	16.19	27.55	243.77	37.7	55	2
2024	84	20.59	16.53	26.68	356.46	7.8	55	2
2024	85	20.46	15.28	27.48	447.62	11.1	55	2
2024	86	21.11	18	25.76	403.26	0	55	2
2024	87	20.43	17.71	26.29	469.38	0	55	2
2024	88	20.27	17.05	25.24	387.91	0.1	55	2
2024	89	20.33	15.75	25.54	384.8	3	55	2
2024	90	19.7	17.7	24.45	397.67	2.2	55	2
2024	91	19.35	16.36	23.47	361.35	0	55	2
2024	92	19.69	16.66	24.31	411.35	0.3	55	2
2024	93	20.26	17.37	24.64	404.5	0	55	2
2024	94	20.38	16.21	25.5	389.48	0	55	2
2024	95	20.24	17.33	25.29	408.25	0	55	2
2024	96	20.98	17.46	25.42	495.83	0	55	2
2024	97	19.56	16.1	24.02	320.78	0	55	2
2024	98	20.89	16.82	25.55	465.87	0	55	2
2024	99	20.22	17.88	24.38	288.36	0	55	2
2024	100	19.47	15.67	24.82	316.19	0	55	2
2024	101	20.72	16.59	26.32	467.72	0	55	2
2024	102	20.82	16.64	26.28	403.22	0	55	2
2024	103	20.37	16.5	24.76	394.07	0	55	2
2024	104	19.98	17.24	23.99	283.53	0	55	2
2024	105	20.43	17.16	25.03	381.75	0	55	2
2024	106	19.59	17.16	24.52	337.59	0	55	2
2024	107	20.04	16.62	24.46	380.13	0	55	2
2024	108	20.44	17.3	25.28	457.11	12.3	55	2
2024	109	20.78	17.98	25.29	387.17	0	55	2
2024	110	19.96	16.99	24.12	261.47	0	55	2
2024	111	20.09	16.15	25	409.86	0	55	2
2024	112	19.11	16.83	24.05	261.24	0	55	2
2024	113	19.9	16.84	24.63	393.14	0.1	55	2
2024	114	20.22	17.92	24.13	287.86	0	55	2
2024	115	20.01	17.38	24.69	397.84	0	55	2
2024	116	19.21	17.84	24.04	248.92	24.9	55	2
2024	117	18.35	16.25	22.65	322.38	31.8	55	2
2024	118	19.75	17.01	24.01	363.68	0.6	55	2
2024	119	19.52	17.46	22.63	322.68	0.3	55	2
2024	120	18.98	16.26	24.9	308.6	61.1	55	2
2024	121	20.46	17.01	26.24	370.88	4.8	55	2
2024	122	19.78	17.34	24.71	313.36	33.6	55	2
2024	123	19.37	17.6	24.77	220.98	6.1	55	2
2024	124	20.26	17.52	23.67	250.35	11	55	2
2024	125	18.93	16.82	23.3	199.33	43	55	2
2024	126	19.81	16.73	25.59	355.03	0.3	55	2
2024	127	18.57	15.88	22.23	194.62	26.6	55	2
2024	128	18.94	16.7	22.76	265.87	3.2	55	2
2024	129	18.61	16.65	22.64	272.42	1.5	55	2
2024	130	18.29	15.7	21.96	221.21	0.2	55	2
2024	131	18.43	16.26	22.18	245.47	0.9	55	2
*	*	tavg	tmin	tmax	grad	prec	rh	wind
2018	208	18.93	14.78	24.08	314.83	1.72	55	2
2018	209	18.93	14.78	24.08	314.83	1.72	55	2
2018	210	18.93	14.78	24.08	314.83	1.72	55	2
2018	211	16.6	15.06	23.09	314.83	55.62	55	2
2018	212	16.77	13.75	20.4	256.94	0	55	2
2018	213	17.61	14.08	23.6	276.25	0	55	2
2018	214	17.15	11.43	24.45	370.21	0	55	2
2018	215	16.59	11.45	23.44	418.89	0	55	2
2018	216	15.9	11.46	21.9	229.4	0	55	2
2018	217	15.41	12.37	19.38	129.79	0	55	2
2018	218	16.55	11.15	22.11	335.6	0	55	2
2018	219	16.84	10.31	23.81	393.76	0	55	2
2018	220	17.32	10.45	24.61	358.97	0	55	2
2018	221	17.43	12.32	23.1	267.85	0	55	2
2018	222	16	11.45	21.38	279.77	0	55	2
2018	223	16.26	13.13	21.55	267.28	0	55	2
2018	224	16.09	12.1	20.98	300.57	0	55	2
2018	225	14.86	10.78	18.88	186.99	0	55	2
2018	226	16.17	10.4	22.59	362.45	0	55	2
2018	227	15.73	12.18	21.02	193.29	0	55	2
2018	228	14.76	10.47	19.42	191.7	0.1	55	2
2018	229	15.07	12.45	18.64	137.54	0	55	2
2018	230	15.17	11.67	19.21	193.86	0	55	2
2018	231	15.93	12.67	21.26	194.07	0	55	2
2018	232	15.73	11.44	21.28	264.54	0	55	2
2018	233	16.31	10.78	21.12	185.61	0	55	2
2018	234	17.06	10.96	24.12	296.86	0	55	2
2018	235	15.91	13.39	18.69	113.44	0	55	2
2018	236	17.29	12.49	23.06	215.29	0	55	2
2018	237	17.74	11.88	23.37	259.16	0	55	2
2018	238	17.09	14.4	22.17	179.34	0	55	2
2018	239	17.73	12.36	24.35	261.63	1.5	55	2
2018	240	15.93	14.09	18.77	90.39	0.1	55	2
2018	241	16.37	13.47	19.55	143.68	0	55	2
2018	242	16.82	12.71	21.06	211.61	0	55	2
2018	243	16.56	13.2	20.14	201.46	0	55	2
2018	244	15.47	11.77	19.59	120.08	0	55	2
2018	245	16.34	13.18	21.05	108.2	0	55	2
2018	246	16.62	10.71	22.47	210.51	0	55	2
2018	247	16.42	11.88	21.52	192.35	0	55	2
2018	248	18.1	14.54	23.26	341.28	0	55	2
2018	249	17.83	13.62	23.34	294.5	0	55	2
2018	250	17.77	12.83	23.71	399.68	0	55	2
2018	251	17.86	11.99	23.8	348.42	0	55	2
2018	252	18.95	11.89	26.47	388.1	0	55	2
2018	253	20.02	14.37	26.75	362.86	0	55	2
2018	254	19.08	14.84	24.56	375.28	0	55	2
2018	255	18.01	11.4	24.92	382.86	0	55	2
2018	256	18.9	13.46	25.21	381.15	0	55	2
2018	257	19.74	13.81	25.91	344.46	0	55	2
2018	258	18.99	11.42	26.66	390.95	0	55	2
2018	259	19.42	11.63	26.66	386.21	0	55	2
2018	260	19.04	11.43	26.8	343.9	0	55	2
2018	261	17.96	11.56	25.69	367.38	0	55	2
2018	262	17.7	12.25	24.73	302.25	0	55	2
2018	263	19.23	12.66	26.44	402.75	0	55	2
2018	264	19.45	14.45	26.2	375.51	0	55	2
2018	265	18.16	13.01	23.56	276.9	0	55	2
2018	266	18.54	13	24.95	348.03	0	55	2
2018	267	17.97	10.74	25.28	390.05	0	55	2
2018	268	19.07	13.96	24.87	307.7	0	55	2
2018	269	19.44	12.78	26.23	338.76	0	55	2
2018	270	18.55	14.65	22.86	262.62	0	55	2
2018	271	19.11	15.23	24.79	325.26	0	55	2
2018	272	19.34	13.57	26.13	340.5	0	55	2
2018	273	19.39	13.99	25.7	427.6	0	55	2
2018	274	17.9	10.42	24.28	386.57	0	55	2
2018	275	17.91	12.04	24.29	294.81	0	55	2
2018	276	19.27	13.9	26.01	413.41	0	55	2
2018	277	18.69	14.18	24.05	302.87	0	55	2
2018	278	19	13.03	25.49	363.15	0	55	2
2018	279	20.11	15.16	27	385.89	0	55	2
2018	280	19.04	14.53	26.46	290.14	9.9	55	2
2018	281	18.55	12.95	24.16	240.49	0.8	55	2
2018	282	18.75	13.47	23.91	311.96	0	55	2
2018	283	18.24	11.88	24.24	315.37	0	55	2
2018	284	19.1	13.37	25.09	377.15	0	55	2
2018	285	19.43	12.16	27.16	366.53	0	55	2
2018	286	20.2	15.51	26.89	293.92	0	55	2
2018	287	19.65	13.54	27.37	321.8	0	55	2
2018	288	20.14	14.71	26.35	314.3	0	55	2
2018	289	19.71	14.4	26.68	341.22	0	55	2
2018	290	20.39	15.48	26.25	376.21	0	55	2
2018	291	20.39	15.87	26.02	379.61	0	55	2
2018	292	20.31	15.81	26.36	397.83	0	55	2
2018	293	20.49	14.78	26.48	391.04	0	55	2
2018	294	20.02	14.68	25.48	360.18	0	55	2
2018	295	18.92	13.1	24.48	374.51	0	55	2
2018	296	16.42	14.08	19.6	163.05	3.47	55	2
2018	297	16.35	14.69	20.04	153.87	0.2	55	2
2018	298	16.83	14.17	20.52	222.11	1.77	55	2
2018	299	17.71	13.7	22.47	223.85	0	55	2
2018	300	17.7	14.69	22.5	294.16	5.41	55	2
2018	301	18.28	15.04	23.01	309.42	0	55	2
2018	302	19.17	15.27	24.55	351.5	0.7	55	2
2018	303	19.89	15.03	25.79	322.87	0	55	2
2018	304	20.03	14.3	26.13	403.31	0	55	2
2018	305	19.99	15.47	25.36	316.21	0	55	2
2018	306	19.37	16.13	24.78	383.44	7.9	55	2
2018	307	19.21	16.09	23.98	393.38	0	55	2
2018	308	19.08	13.71	24.8	369.02	0	55	2
2018	309	19.44	11.7	25.56	432.47	0	55	2
2018	310	19.74	14.41	26.24	383.09	0	55	2
2018	311	20.32	14.14	27.57	406.81	0	55	2
2018	312	20.67	13.74	27.57	379.04	0	55	2
2018	313	19.87	14.81	26.38	219.56	0	55	2
2018	314	20.48	16.14	26.03	328.17	0	55	2
2018	315	19.61	14.55	25.78	380.24	0.2	55	2
2018	316	20.24	15.57	26.12	397.15	0.1	55	2
2018	317	19.54	16.05	24.82	315.32	0	55	2
2018	318	19.49	14.22	25.02	377.69	0	55	2
2018	319	20.39	14.1	26.93	415.72	0	55	2
2018	320	20.68	12.65	27.66	399.72	0	55	2
2018	321	19.15	15.92	25.36	227.87	0.1	55	2
2018	322	20.25	14.31	26.69	398.8	0	55	2
2018	323	19.77	14.5	25.3	369.3	20.5	55	2
2018	324	19.19	15.69	23.1	335.81	16.58	55	2
2018	325	18.36	15.97	23.18	250.84	20.7	55	2
2018	326	19.18	15.47	24.07	315.27	0	55	2
2018	327	19.53	14.45	24.87	413.16	0	55	2
2018	328	18.93	15.54	23.66	343.05	0	55	2
2018	329	18.58	15.5	23.29	404.82	4.49	55	2
2018	330	17.72	14.97	22.08	340.87	32.53	55	2
2018	331	18.73	14.89	23.52	389.35	1.02	55	2
2018	332	19.07	15.64	23.53	362.12	0	55	2
2018	333	18.22	15.77	22.2	346.84	12.3	55	2
2018	334	18.6	15.89	22.8	381.4	2.4	55	2
2018	335	17.46	15.31	21.46	315.23	2.8	55	2
2018	336	18.07	14.47	22.93	345.04	0	55	2
2018	337	18.74	15.35	23.64	417.43	0	55	2
2018	338	18.14	15.39	23.18	365.68	14.9	55	2
2018	339	18.33	15.75	23.16	377.03	18.1	55	2
2018	340	19.59	15.82	24.58	449.29	1.9	55	2
2018	341	19.61	16.37	24.04	461.93	0	55	2
2018	342	17.98	14.3	22.32	318.92	29.6	55	2
2018	343	19.39	16.28	23.75	435.35	0.6	55	2
2018	344	18.07	15.6	22.15	245.69	2.8	55	2
2018	345	17.23	14.44	21.16	260.87	23.49	55	2
2018	346	19.3	14.58	24.57	413.87	0	55	2
2018	347	18.55	14.4	22.86	405.65	2.9	55	2
2018	348	18.48	15.39	23.26	448.86	18.26	55	2
2018	349	17.68	15.29	22.32	353.04	24.7	55	2
2018	350	18.07	13.16	22.97	446.13	0.1	55	2
2018	351	18.6	14.25	23.53	472.09	0	55	2
2018	352	19.19	14.38	24.29	459.03	0	55	2
2018	353	19.19	16.48	23.37	278.22	1.3	55	2
2018	354	18.71	15.5	23.56	367.87	0	55	2
2018	355	18.15	13.4	23.73	344.3	0	55	2
2018	356	18.84	14.16	24.48	384.57	0	55	2
2018	357	19.04	14.56	24.14	457.5	0	55	2
2018	358	18.27	14.18	23.31	420.96	0	55	2
2018	359	18.4	13.73	23.94	399.99	0	55	2
2018	360	18.25	14.04	22.74	413.96	0	55	2
2018	361	18.44	15.12	23.32	403.55	0	55	2
2018	362	18.67	13.86	24.89	445.89	0	55	2
2018	363	19.29	14.46	25.22	444.74	0	55	2
2018	364	19.29	15.61	24.64	402.79	0.1	55	2
2018	365	18.67	14.93	23.53	404.13	0	55	2
2019	1	18.09	12.83	24.2	382.89	0	55	2
2019	2	18.99	12.82	24.75	430.36	0	55	2
2019	3	19.15	14.07	24.68	446.47	0	55	2
2019	4	17.56	14.63	22	297.77	7.7	55	2
2019	5	18.12	15.54	21.81	347.24	1.5	55	2
2019	6	18.85	14.89	24.31	454.24	0	55	2
2019	7	19.42	13.92	24.92	453.72	0	55	2
2019	8	16.29	15.98	16.77	314.83	0	55	2
2019	9	18.93	14.78	24.08	314.83	1.72	55	2
2019	10	21.88	18.88	24.35	417.75	0	55	2
2019	11	19.72	15.9	24.62	360.29	0.2	55	2
2019	12	18.57	14.04	24.13	407.69	0	55	2
2019	13	15.86	15.86	15.86	314.83	0	55	2
2019	14	18.93	14.78	24.08	314.83	1.72	55	2
2019	15	18.93	14.78	24.08	314.83	1.72	55	2
2019	16	18.93	14.78	24.08	314.83	1.72	55	2
2019	17	18.93	14.78	24.08	314.83	1.72	55	2
2019	18	18.93	14.78	24.08	314.83	1.72	55	2
2019	19	18.93	14.78	24.08	314.83	1.72	55	2
2019	20	18.93	14.78	24.08	314.83	1.72	55	2
2019	21	18.93	14.78	24.08	314.83	1.72	55	2
2019	22	18.93	14.78	24.08	314.83	1.72	55	2
2019	23	18.93	14.78	24.08	314.83	1.72	55	2
2019	24	18.93	14.78	24.08	314.83	1.72	55	2
2019	25	18.93	14.78	24.08	314.83	1.72	55	2
2019	26	18.93	14.78	24.08	314.83	1.72	55	2
2019	27	18.93	14.78	24.08	314.83	1.72	55	2
2019	28	18.93	14.78	24.08	314.83	1.72	55	2
2019	29	18.93	14.78	24.08	314.83	1.72	55	2
2019	30	18.93	14.78	24.08	314.83	1.72	55	2
2019	31	18.93	14.78	24.08	314.83	1.72	55	2
2019	32	22.63	17.96	26.57	452.51	0	55	2
2019	33	20.53	12.89	28.07	425.11	0	55	2
2019	34	16.58	13.78	23.03	179.79	0	55	2
2019	35	18.93	14.78	24.08	314.83	1.72	55	2
2019	36	18.93	14.78	24.08	314.83	1.72	55	2
2019	37	18.93	14.78	24.08	314.83	1.72	55	2
2019	38	18.93	14.78	24.08	314.83	1.72	55	2
2019	39	18.93	14.78	24.08	314.83	1.72	55	2
2019	40	18.93	14.78	24.08	314.83	1.72	55	2
2019	41	21.52	16.9	25.44	433.52	0	55	2
2019	42	20.07	13.71	27.33	423.16	0	55	2
2019	43	19.55	13.42	26.11	421.27	0	55	2
2019	44	19.03	13.44	26.08	421.52	0	55	2
2019	45	19.58	14.34	25.68	391.37	0	55	2
2019	46	21.04	14.82	27.39	401.35	0	55	2
2019	47	21.28	17.33	26.89	330.92	0	55	2
2019	48	21.53	16.73	26.84	361.47	0	55	2
2019	49	21.98	14.02	29.49	419.62	0	55	2
2019	50	21.96	15.24	29.6	395.61	0	55	2
2019	51	21.36	16.15	27.52	433.98	0	55	2
2019	52	20.45	16.33	25.87	403.07	3.7	55	2
2019	53	20.39	15.57	26.48	422.97	0	55	2
2019	54	20.63	15.6	27.71	372.27	0.6	55	2
2019	55	20.4	15.79	27.76	330.13	0	55	2
2019	56	21.19	15.91	27.88	392.57	1.7	55	2
2019	57	21.65	14.89	28.85	446.15	0	55	2
2019	58	21.04	13.94	27.47	429.46	0	55	2
2019	59	21.37	13.54	28.47	438.6	0	55	2
2019	60	22.64	13.59	30.69	430.31	0	55	2
2019	61	22.72	15.86	29.74	204.26	0	55	2
2019	62	22.98	16.43	30.63	381	0.6	55	2
2019	63	21.09	15.58	27.9	348.69	5.1	55	2
2019	64	20.78	15.75	26.9	444.39	21.9	55	2
2019	65	21.63	14.55	28.62	484.64	0	55	2
2019	66	22.19	15.63	29.16	470.57	0	55	2
2019	67	22.11	14.65	28.63	479.44	0	55	2
2019	68	21.25	15.03	27.9	451.69	0	55	2
2019	69	21.17	15.11	27.8	457.54	0	55	2
2019	70	20.9	13.91	27.46	425.21	0	55	2
2019	71	21.6	14.71	29	427.74	0	55	2
2019	72	21.42	14.9	28.32	412.15	0	55	2
2019	73	19.82	15.38	25.89	417.68	0	55	2
2019	74	20.6	14.82	26.72	453.15	0	55	2
2019	75	20.71	15.08	26.86	386.27	0	55	2
2019	76	20.72	14.79	28.05	510.68	0	55	2
2019	77	18.93	14.78	24.08	314.83	1.72	55	2
2019	78	18.93	14.78	24.08	314.83	1.72	55	2
2019	79	18.93	14.78	24.08	314.83	1.72	55	2
2019	80	18.93	14.78	24.08	314.83	1.72	55	2
2019	81	18.93	14.78	24.08	314.83	1.72	55	2
2019	82	23.62	18.95	27.31	440.02	0	55	2
2019	83	21.34	16.18	27.52	370.37	0	55	2
2019	84	21.87	14.94	29.24	400.42	0	55	2
2019	85	22.6	15.76	30.18	397.29	0	55	2
2019	86	22.12	16.25	28.07	379.65	0	55	2
2019	87	21.24	15.86	27.26	375.7	0	55	2
2019	88	22.06	16.53	28.38	350.25	0	55	2
2019	89	22.1	16.45	27.58	336.73	4.7	55	2
2019	90	22	15.7	28.75	397.86	0.1	55	2
2019	91	21.96	16.23	28.24	386.57	0	55	2
2019	92	22.16	16.71	28.48	387.74	0	55	2
2019	93	22.42	16.14	28.6	405.31	0	55	2
2019	94	21.67	16.93	27.45	348.15	0	55	2
2019	95	21.3	16.46	26.72	311.94	0	55	2
2019	96	21.26	15.94	27.21	340.13	0	55	2
2019	97	21.54	16.3	27.53	380.67	0	55	2
2019	98	22.08	15.12	29.02	433.56	0	55	2
2019	99	18.68	17.78	19.79	314.83	0	55	2
2019	100	18.93	14.78	24.08	314.83	1.72	55	2
2019	101	18.93	14.78	24.08	314.83	1.72	55	2
2019	102	18.93	14.78	24.08	314.83	1.72	55	2
2019	103	18.93	14.78	24.08	314.83	1.72	55	2
2019	104	18.93	14.78	24.08	314.83	1.72	55	2
2019	105	18.93	14.78	24.08	314.83	1.72	55	2
2019	106	18.93	14.78	24.08	314.83	1.72	55	2
2019	107	24.38	20.09	28.4	255.72	0	55	2
2019	108	22.11	15.59	28.47	305.38	0	55	2
2019	109	22.12	16.34	28.11	304.27	0	55	2
2019	110	22.54	16.67	28.87	267.05	0	55	2
2019	111	21.69	16.65	28.78	256.67	0.9	55	2
2019	112	20.99	16.4	26.62	254.24	7.4	55	2
2019	113	19.96	17.53	24.4	159.98	6.5	55	2
2019	114	19.86	15.88	26.74	351.42	29	55	2
2019	115	20	17.28	24.69	191.9	0	55	2
2019	116	20.13	16.78	24.42	372.53	11.2	55	2
2019	117	19.93	15.21	25.02	334.21	19.71	55	2
2019	118	20.52	16.44	26.21	440.95	0	55	2
2019	119	20.56	16.43	25.09	391.88	0.8	55	2
2019	120	19.64	16.1	24.67	352.33	1.2	55	2
2019	121	20.02	16.1	25.73	430.25	0	55	2
2019	122	20.34	15.33	26.28	422.02	0	55	2
2019	123	20.26	16.68	24.94	313.68	0	55	2
2019	124	19.65	16.25	23.98	281.23	0	55	2
2019	125	19.99	16.26	25.28	320.52	0	55	2
2019	126	19.81	16.16	24.77	372.3	1.6	55	2
2019	127	19.74	15.95	25.12	353.41	0	55	2
2019	128	20.2	16.09	24.85	349.12	0	55	2
2019	129	19.66	15.22	24.5	308.71	0	55	2
2019	130	19.63	16.08	24.92	271.54	0	55	2
2019	131	19.5	15.7	24.83	311.76	0	55	2
2019	132	19.38	16.02	24.63	289.69	0.2	55	2
2019	133	19.59	14.75	24.37	277.79	0	55	2
2019	134	19.57	15.62	24.86	304.15	0	55	2
2019	135	20.15	15.52	25.83	358.4	0	55	2
2019	136	19.67	14.88	24.33	277.47	0	55	2
2019	137	19.62	14.87	24.8	263.57	0	55	2
2019	138	18.57	16.31	22.29	268.17	10.7	55	2
2019	139	17.69	15.03	20.46	200.98	0	55	2
2019	140	18.5	14.18	22.36	264.59	0	55	2
2019	141	18.89	14.07	24.23	320	0	55	2
2019	142	18.84	14.79	24.05	226.1	0	55	2
2019	143	18.54	15.49	22.67	282.26	0	55	2
2019	144	18.02	14.76	23.12	340.41	0	55	2
2019	145	17.95	15.73	21.96	233.68	0	55	2
2019	146	17.69	15.52	21.09	211.7	3	55	2
2019	147	18.18	15.76	22.11	251.02	0	55	2
2019	148	17.93	14.36	21.84	201.51	0	55	2
2019	149	18.45	15.47	22.57	259.82	0	55	2
2019	150	18.98	13.86	24.03	343.84	0	55	2
2019	151	18.74	14.86	23.74	203.36	0	55	2
2019	152	19.36	15.9	26.37	332.48	0	55	2
2019	153	18.3	15.86	25.48	296.98	23.37	55	2
2019	154	18.79	15.86	23.39	319.46	0	55	2
2019	155	18.12	14.67	22.13	243.64	0	55	2
2019	156	16.84	15.01	19.19	118.16	0	55	2
2019	157	17.27	14.15	21.34	222.71	23.8	55	2
2019	158	17.88	14.75	21.6	247.63	0	55	2
2019	159	18.53	14.92	23.31	307.51	0	55	2
2019	160	16.81	15.65	18.91	88.11	0.6	55	2
2019	161	16.02	14.19	18.7	106.72	0	55	2
2019	162	17.12	13.54	20.82	212.6	0	55	2
2019	163	17.67	14.32	20.69	150.08	0	55	2
2019	164	18.31	14.85	22.75	260.22	0	55	2
2019	165	17.51	14.36	21.77	228.41	0	55	2
2019	166	16.85	13.84	20.65	210.67	0	55	2
2019	167	17.9	13.41	23.5	287.13	0	55	2
2019	168	17.89	11.91	23.72	354.22	0	55	2
2019	169	16.99	12.83	21.42	185.43	0	55	2
2019	170	18.41	13.15	24.45	306.49	0	55	2
2019	171	18.09	13.8	22.92	257.47	0	55	2
2019	172	16.28	13.91	18.74	115.72	0	55	2
2019	173	18.07	13.93	23.24	289.99	0	55	2
2019	174	18.56	14.17	25.27	347.62	0.2	55	2
2019	175	18.71	14.17	24.32	234.05	0	55	2
2019	176	17.19	13.19	20.82	171.41	0	55	2
2019	177	17.54	14.61	22.73	168.89	0	55	2
2019	178	17.66	13.55	22.06	171.55	0	55	2
2019	179	16.94	13.95	21.81	209.48	0	55	2
2019	180	17.74	11.85	24.73	376.87	0	55	2
2019	181	17.93	11.47	24.61	293.81	0	55	2
2019	182	18.81	13.31	24.6	355.33	0	55	2
2019	183	18.68	12.96	24.5	302.97	0	55	2
2019	184	17.95	14.3	21.36	151.54	0	55	2
2019	185	17.9	12.35	23.86	300.31	0	55	2
2019	186	18.42	12.86	24.56	303.34	0	55	2
2019	187	17.87	14.63	22.66	221.02	0	55	2
2019	188	17.85	13.7	23.31	210.01	0	55	2
2019	189	18.44	12.39	24.56	293.68	0	55	2
2019	190	18.78	12.94	24.98	334.15	0	55	2
2019	191	18.36	12.39	24.25	254.04	0	55	2
2019	192	18.57	13.6	23.86	284.97	0	55	2
2019	193	19.03	13.91	24.83	324.99	0	55	2
2019	194	17.2	12.31	22.17	167.08	0	55	2
2019	195	17.31	11.73	22.82	244.39	0	55	2
2019	196	17.34	12.64	22.77	219.16	0	55	2
2019	197	16.33	12.08	20.61	192.51	0	55	2
2019	198	16.31	13.61	20.22	152.09	0	55	2
2019	199	17.26	12.94	22.71	337.88	0.8	55	2
2019	200	17.01	13.63	21.97	248.29	0	55	2
2019	201	16.91	13.07	22.83	187.85	0	55	2
2019	202	18.76	11.56	25.88	320.47	0	55	2
2019	203	17.12	13.12	23.38	201.97	0	55	2
2019	204	17.71	10.84	25.25	331.39	0	55	2
2019	205	17.7	11.23	24.66	282.07	0	55	2
2019	206	18.25	11.51	25.81	356.65	0	55	2
2019	207	17.23	12.01	24.51	344.37	0	55	2
2019	208	16.37	10.47	23.42	277.17	0	55	2
2019	209	16.86	11.64	22.32	223.75	0	55	2
2019	210	17.92	12.38	22.83	252.05	0	55	2
2019	211	16.95	13.02	20.8	139.87	0	55	2
2019	212	17.85	14.64	22.22	137.04	5.5	55	2
2019	213	19.04	13.92	25.13	337.48	0	55	2
2019	214	17.43	11.77	23.22	242.46	0	55	2
2019	215	17.74	13.27	22.95	386.33	2.24	55	2
2019	216	17.64	11.11	24.33	401.78	0	55	2
2019	217	18.25	11.2	25.79	379.67	0	55	2
2019	218	19.24	10.89	27.05	347.98	0	55	2
2019	219	18.79	15.69	23.92	276.47	0	55	2
2019	220	18.2	13.84	23.44	336.18	0	55	2
2019	221	17.18	11.21	22.86	342.07	0	55	2
2019	222	17.02	11.51	22.78	255.15	0	55	2
2019	223	16.22	13.92	20.35	164.02	0	55	2
2019	224	16.57	11.91	22.01	293.3	0	55	2
2019	225	17.53	13.12	24.09	316.05	0	55	2
2019	226	16.61	13.48	20.82	164.39	0	55	2
2019	227	16.27	10.48	21.53	198.76	0	55	2
2019	228	16.83	13.06	20.04	168.04	0	55	2
2019	229	16.87	10.76	21.79	204.02	0	55	2
2019	230	17.39	13.13	22.2	215.61	0	55	2
2019	231	15.55	12.98	18.9	115.76	0	55	2
2019	232	16.64	11.71	22.91	232.34	0	55	2
2019	233	17.54	12.73	23.05	279.89	0	55	2
2019	234	17.88	13.19	23.81	243.37	0	55	2
2019	235	19.08	14.36	25.12	376.06	0	55	2
2019	236	18.18	14.07	24.02	265.79	0	55	2
2019	237	18.12	13.09	23.77	366.24	0.6	55	2
2019	238	18.7	13.64	24.5	369.56	0	55	2
2019	239	18.86	14.11	24.05	221.6	0	55	2
2019	240	18.44	11.76	25.4	331.85	0	55	2
2019	241	18.78	13.52	23.91	229.72	0	55	2
2019	242	18.13	14.9	22.54	205.69	0	55	2
2019	243	18.5	14.33	25.01	216.46	10.8	55	2
2019	244	17.97	14.87	27.12	390.47	31.2	55	2
2019	245	17.39	13.12	22.63	341.16	0	55	2
2019	246	17.63	14.82	22.54	195.14	0	55	2
2019	247	17.57	12.92	22.5	256.83	0	55	2
2019	248	17.44	13.29	22.02	196.91	0	55	2
2019	249	18.52	12.92	24.57	367.69	0	55	2
2019	250	17.65	15.03	22.1	185.51	0	55	2
2019	251	16.47	12.95	20.12	156.38	0	55	2
2019	252	18.15	12.92	23.88	299.37	0	55	2
2019	253	18	14.77	23.35	211	0.2	55	2
2019	254	18.26	14.4	23.63	293.75	0.31	55	2
2019	255	18.97	13.41	24.95	380.47	0	55	2
2019	256	18.79	12.07	25.68	386.65	0	55	2
2019	257	19.18	12.88	26.26	395.15	0	55	2
2019	258	19.37	14.21	26.28	373.74	0	55	2
2019	259	18.66	13.12	24.72	387.26	0	55	2
2019	260	18.6	11.74	25.31	380.36	0	55	2
2019	261	19.36	12.84	26.39	307.46	0	55	2
2019	262	18.32	11.52	25.06	421.34	0	55	2
2019	263	18.3	10.69	24.81	376.58	0	55	2
2019	264	18.68	11.87	25.46	344.21	0	55	2
2019	265	18.64	12.03	25.7	391.02	0	55	2
2019	266	18.72	12.85	25.54	329.79	0	55	2
2019	267	18.01	14.36	22.41	252.72	0	55	2
2019	268	15.53	13.33	20.49	214.45	0	55	2
2019	269	18.93	14.78	24.08	314.83	1.72	55	2
2019	270	18.91	14.87	23.32	165.82	0	55	2
2019	271	19.98	13.26	26.78	380.22	0	55	2
2019	272	19.86	12.87	27.43	399.6	0	55	2
2019	273	20.83	13.8	27.98	385.93	0	55	2
2019	274	19.33	15.2	26.67	285.42	2.5	55	2
2019	275	18.41	13.74	24.03	310.27	0	55	2
2019	276	19.55	15.95	25.07	329.85	0	55	2
2019	277	18.79	14.17	23.39	345.47	0	55	2
2019	278	18.25	14.72	23.56	200.92	0.41	55	2
2019	279	17.18	14.37	21.73	268.66	0	55	2
2019	280	18.49	13.03	23.96	424.08	0	55	2
2019	281	19.44	12.55	25.73	450.27	0	55	2
2019	282	19.36	16.02	24.8	352.41	3.8	55	2
2019	283	17.87	14.14	23.07	293.4	0.3	55	2
2019	284	17.84	15.21	22.08	255.47	0	55	2
2019	285	17.5	15.04	21.4	355.59	0	55	2
2019	286	17.52	15.22	21.51	315.38	0	55	2
2019	287	17.79	15.13	21.2	254.73	0	55	2
2019	288	19	15.35	23.62	404.73	0	55	2
2019	289	19.22	14.01	25.17	462.02	0	55	2
2019	290	17.64	15.63	20.59	263.21	55.1	55	2
2019	291	17.36	15.41	20.65	217.49	7.9	55	2
2019	292	18.01	15.58	21.68	248.82	11.3	55	2
2019	293	18.97	15.34	23.73	467.04	0.41	55	2
2019	294	19.21	15.34	24.28	397.4	0	55	2
2019	295	19.52	14.68	25.01	394.09	0.9	55	2
2019	296	19.33	15.77	24.13	440.58	2.3	55	2
2019	297	18.17	15.07	22.69	329.4	24.9	55	2
2019	298	18.28	15.42	22.58	379.64	12.5	55	2
2019	299	18.51	15.63	22.27	444.31	4.2	55	2
2019	300	19.39	15.03	23.96	438.4	0.1	55	2
2019	301	19.24	15.72	24.01	431.63	0	55	2
2019	302	19.29	15.58	24.84	373.55	0	55	2
2019	303	18.53	15.56	23.05	341.59	2.86	55	2
2019	304	18.49	15.22	22.93	338.26	1.3	55	2
2019	305	18.4	14.89	23.32	445.5	0	55	2
2019	306	18.24	14.25	22.92	380.73	0	55	2
2019	307	18.16	13.89	24.39	430.84	0	55	2
2019	308	18.34	14.16	23.7	475.46	0	55	2
2019	309	18.66	14.52	23.76	434.75	0	55	2
2019	310	19.62	15.19	24.96	474.48	0	55	2
2019	311	19.44	16.05	24.72	379.46	0	55	2
2019	312	19.06	16.04	23.76	440.61	0	55	2
2019	313	18.92	13.93	23.98	402.85	0	55	2
2019	314	19.01	15.81	23.62	364.35	0	55	2
2019	315	19.14	15.98	23.86	397.21	0	55	2
2019	316	18.77	16.06	22.7	346.47	0	55	2
2019	317	18.1	15.58	22.25	284.53	0	55	2
2019	318	17.96	15.52	22.28	325.46	0	55	2
2019	319	16.53	16.53	16.53	314.83	0	55	2
2019	320	19.81	16.03	23.91	467.3	0	55	2
2019	321	19.01	14.29	24.06	435.7	0	55	2
2019	322	19.26	15.26	24.25	427.68	0	55	2
2019	323	19.23	15.86	24	393.95	0	55	2
2019	324	18.87	15.26	24.86	438.37	0	55	2
2019	325	19.87	16.63	24.89	393.4	0	55	2
2019	326	19.69	15.39	24.42	497.32	0	55	2
2019	327	17.72	15.47	20.76	252.33	0	55	2
2019	328	18.25	14.93	23.51	294.83	0	55	2
2019	329	17.47	15.09	22.91	333.9	0	55	2
2019	330	17.73	15.01	21.99	324.17	0	55	2
2019	331	18.95	15.62	23.39	467.25	0	55	2
2019	332	18.36	14.34	23.18	448.16	0	55	2
2019	333	18.62	14.36	24.03	347.61	0	55	2
2019	334	18.09	15.94	22.55	269.29	0	55	2
2019	335	18.03	15.75	22.07	417.38	0	55	2
2019	336	18.18	15.73	22.36	251.09	0	55	2
2019	337	18.5	15.93	23.08	319.46	0.7	55	2
2019	338	19.32	15.67	24.27	409.59	1.9	55	2
2019	339	18.13	15.01	22.24	241.34	0	55	2
2019	340	18.97	15.28	23.36	370.43	0	55	2
2019	341	18.55	16.05	21.78	211.11	0	55	2
2019	342	18.45	14.91	23.41	298.76	0	55	2
2019	343	18.62	16.07	23.39	243.02	0	55	2
2019	344	17.65	16.34	20.49	253.04	0	55	2
2019	345	18.11	15.52	22.71	389.31	0	55	2
2019	346	18.21	14.16	23.7	467.72	0	55	2
2019	347	18.85	14.95	23.97	481.55	0	55	2
2019	348	18.15	14.92	22.63	367.68	3.7	55	2
2019	349	18.22	15.09	22.95	315.58	5.1	55	2
2019	350	18.74	15.02	23.64	421.85	0.6	55	2
2019	351	18.58	15.31	23.33	332.73	0	55	2
2019	352	19.04	15.82	23.61	448.48	0	55	2
2019	353	18.14	13.6	23.35	462	0	55	2
2019	354	18.52	13.56	23.94	454.48	0	55	2
2019	355	18.38	14.96	23.58	296.2	3.1	55	2
2019	356	18.21	15.16	22.45	310.19	0	55	2
2019	357	18.85	15.22	23.57	404.09	7.2	55	2
2019	358	19.06	15.76	22.86	280.38	0.1	55	2
2019	359	19.35	15.19	23.96	392.78	5.1	55	2
2019	360	18.84	14.18	24.07	409.3	14.3	55	2
2019	361	20.03	16.84	25.15	378.52	36.7	55	2
2019	362	19.24	16.7	24.57	354.09	16.4	55	2
2019	363	19.78	17.05	23.96	355.18	0.2	55	2
2019	364	18.69	14.02	23.16	439.38	0	55	2
2019	365	18.53	14.56	23.5	428.51	0	55	2
2020	1	18.87	14.27	24.06	469.53	0	55	2
2020	2	18.6	15.09	24.2	445.12	0	55	2
2020	3	18.87	14.79	23.39	376.67	0.01	55	2
2020	4	18.35	14.91	22.96	394.63	0	55	2
2020	5	19.06	13.76	24.8	461.12	0	55	2
2020	6	19.73	16.04	25.18	427.26	0.11	55	2
2020	7	18.65	16.18	22.58	324.78	0.04	55	2
2020	8	17.85	15.51	21.77	286.96	0.12	55	2
2020	9	18.29	14.92	23.68	342.42	0.03	55	2
2020	10	19.33	15.43	25.04	406.3	0	55	2
2020	11	19.79	14.86	25.57	437.53	0	55	2
2020	12	19.92	15.97	26.22	491.23	0	55	2
2020	13	18.14	15.62	23.12	290.94	0.17	55	2
2020	14	19.17	15.59	23.34	401.38	0	55	2
2020	15	19.66	16.05	24.3	473.97	0	55	2
2020	16	19.26	15.72	23.54	355.04	0	55	2
2020	17	19.23	15.23	24.32	329.11	0	55	2
2020	18	19.7	15.63	25.21	479.84	0	55	2
2020	19	19.62	14.57	25.27	393.97	0	55	2
2020	20	19.77	14.66	25.74	458.69	0	55	2
2020	21	19.97	15.24	25.14	396.49	0	55	2
2020	22	19.73	16.27	23.65	330.99	0	55	2
2020	23	19.23	16.72	23.31	318.2	0	55	2
2020	24	18.93	16.77	22.39	210.71	0	55	2
2020	25	18.92	16.13	23.47	296.29	0	55	2
2020	26	18.22	16.01	21.8	276.24	0.17	55	2
2020	27	18.12	15.76	21.76	282.48	0.03	55	2
2020	28	17.49	15.28	20.93	257.55	0.18	55	2
2020	29	18.97	15.65	23.87	461.04	0	55	2
2020	30	19.13	16.02	23.8	443.8	0	55	2
2020	31	19.57	15.45	24.69	377.76	0	55	2
2020	32	18.54	15.06	23.73	363.93	93.1	55	2
2020	33	18.6	15.45	24.21	355.74	0	55	2
2020	34	18.98	15.14	24.18	447.03	0	55	2
2020	35	19	14.47	24	419.05	0	55	2
2020	36	18.62	13.05	23.96	459.94	0	55	2
2020	37	18.63	14.81	24.55	487.28	0	55	2
2020	38	19.15	13.23	25.6	518.24	0	55	2
2020	39	18.71	14.71	24.32	444.89	0	55	2
2020	40	18.43	14.38	24	469.73	0	55	2
2020	41	18.83	12.55	25.98	494.42	0	55	2
2020	42	20	12.81	27.74	490.81	0	55	2
2020	43	20.25	13.96	26.15	472.93	0	55	2
2020	44	19.63	15.65	24.61	402.75	0	55	2
2020	45	19.28	16.14	24.18	465.96	0	55	2
2020	46	18.36	15.79	23.66	325.99	0	55	2
2020	47	18.19	15.73	22.67	312.79	0	55	2
2020	48	19.41	15.51	24.99	466.85	0	55	2
2020	49	19.31	14.86	24.59	494.15	0	55	2
2020	50	19.72	16.24	25.13	464.39	0	55	2
2020	51	20.29	14.47	26.54	495.54	0	55	2
2020	52	20.38	15.67	26.27	454.61	0	55	2
2020	53	19.54	15.71	25.24	329.88	16.55	55	2
2020	54	19.7	16.55	24.63	340.45	1.45	55	2
2020	55	19.7	16.31	25.16	464.48	0.01	55	2
2020	56	20.61	14.28	27.14	448.61	0	55	2
2020	57	20.28	16.85	26.37	402.66	0	55	2
2020	58	19.76	15.89	25.47	461.75	0	55	2
2020	59	20.01	16.43	25.48	435.3	0	55	2
2020	60	20.47	14.51	26.99	354.41	0	55	2
2020	61	20.14	15.93	27.25	291.59	0.03	55	2
2020	62	18.85	15.83	25.19	350.66	22.43	55	2
2020	63	20.49	16.49	25.46	399.28	0	55	2
2020	64	20.53	16.73	26.12	429.64	0	55	2
2020	65	19.8	15.12	27.37	437.93	0.74	55	2
2020	66	20.34	15.4	26.9	471.3	0	55	2
2020	67	20.39	15.21	27.03	448.57	0	55	2
2020	68	19.97	16.25	25.24	479.28	0	55	2
2020	69	19.9	16.92	25.4	317.32	0	55	2
2020	70	20.26	16.56	25.56	461.44	0	55	2
2020	71	20.07	15.98	25.99	432.07	0	55	2
2020	72	19.85	16.71	25.09	345.83	0	55	2
2020	73	20.18	16.54	25.71	404.12	0	55	2
2020	74	19.38	14.63	25.86	362.45	0.01	55	2
2020	75	20.48	16.06	26.94	455.22	0	55	2
2020	76	20.82	15.91	28.21	434.75	0	55	2
2020	77	20.26	17.18	25.81	418.44	0	55	2
2020	78	20.14	16.06	25.72	407.62	0	55	2
2020	79	19.34	15.33	25.4	387.04	0.03	55	2
2020	80	19.81	15.53	26.22	434.78	0	55	2
2020	81	19.51	15.85	25.09	505.42	0.03	55	2
2020	82	19.57	15.35	25.1	462.21	0	55	2
2020	83	20.05	14.28	26.85	455.02	0	55	2
2020	84	20.23	15.97	26.7	343.99	0	55	2
2020	85	20.5	16.36	26.2	315.29	0	55	2
2020	86	19.99	15.44	26.75	286.62	0.32	55	2
2020	87	18.78	15.75	24.97	319.5	0.04	55	2
2020	88	19.73	16.34	24.86	271.81	0	55	2
2020	89	18.97	14.05	25.29	437.57	0.23	55	2
2020	90	19.92	15.37	25.89	437.07	0	55	2
2020	91	20.24	17.01	24.89	430.22	0	55	2
2020	92	20.12	15.33	25.56	438.76	0	55	2
2020	93	19.28	14.25	25	392.3	0	55	2
2020	94	19.62	16.52	24.58	426.88	0	55	2
2020	95	19.49	15.39	24.53	451.49	0	55	2
2020	96	19.65	15.37	25.35	410.32	0	55	2
2020	97	19.59	16.05	25.32	408.02	0	55	2
2020	98	19.49	17.26	23.81	305.61	0	55	2
2020	99	19.88	16.1	24.92	484.47	0	55	2
2020	100	19.44	14.56	25.31	375.02	0	55	2
2020	101	19.82	15.71	24.83	439.62	0	55	2
2020	102	19.84	14.45	26.31	431.69	0	55	2
2020	103	19.71	13.39	26.15	350.85	0	55	2
2020	104	19.84	16.24	24.76	232.22	0	55	2
2020	105	19.66	15.75	26.32	253.77	0	55	2
2020	106	19.55	15.93	26.53	372.36	0.1	55	2
2020	107	19.2	14.99	25.94	410.63	0	55	2
2020	108	19.35	14.96	25.09	119.55	0	55	2
2020	109	19.19	16.96	26	237.2	0.09	55	2
2020	110	18.53	15.63	22.94	280.19	0	55	2
2020	111	18.87	16.19	23.77	257.73	0.36	55	2
2020	112	18.71	15.45	24.2	345.28	2.18	55	2
2020	113	18.61	15.47	22.27	169.02	7.01	55	2
2020	114	16.82	15.37	19.12	134.64	191.91	55	2
2020	115	18.99	14.84	24.44	321.92	0	55	2
2020	116	18.38	14.91	22.32	271.42	11.13	55	2
2020	117	18.71	16.6	24.71	232.66	3.63	55	2
2020	118	18.41	13.85	22.36	306.33	0	55	2
2020	119	18.98	14.05	24.83	368.93	0	55	2
2020	120	19.31	16.56	23.75	221.08	0	55	2
2020	121	19.48	16.45	24.7	393.38	0	55	2
2020	122	18.96	15.79	24.42	357.86	0	55	2
2020	123	19	16.27	24.21	233.44	0	55	2
2020	124	19.32	16.45	24.31	306.17	0	55	2
2020	125	19.4	14.97	25	463.68	0	55	2
2020	126	19.36	15.02	24.46	348.49	0	55	2
2020	127	19.53	16.43	24.58	327.04	0	55	2
2020	128	18.48	16.11	21.77	197.42	0	55	2
2020	129	18.28	14.62	22.77	254.06	0	55	2
2020	130	17.98	16.38	21.01	226.79	0	55	2
2020	131	18.93	14.78	24.08	314.83	1.72	55	2
2020	132	18.93	14.78	24.08	314.83	1.72	55	2
2020	133	18.93	14.78	24.08	314.83	1.72	55	2
2020	134	18.93	14.78	24.08	314.83	1.72	55	2
2020	135	18.93	14.78	24.08	314.83	1.72	55	2
2020	136	18.93	14.78	24.08	314.83	1.72	55	2
2020	137	18.93	14.78	24.08	314.83	1.72	55	2
2020	138	18.93	14.78	24.08	314.83	1.72	55	2
2020	139	18.93	14.78	24.08	314.83	1.72	55	2
2020	140	18.93	14.78	24.08	314.83	1.72	55	2
2020	141	18.93	14.78	24.08	314.83	1.72	55	2
2020	142	18.93	14.78	24.08	314.83	1.72	55	2
2020	143	18.93	14.78	24.08	314.83	1.72	55	2
2020	144	18.93	14.78	24.08	314.83	1.72	55	2
2020	145	18.93	14.78	24.08	314.83	1.72	55	2
2020	146	18.93	14.78	24.08	314.83	1.72	55	2
2020	147	18.93	14.78	24.08	314.83	1.72	55	2
2020	148	18.93	14.78	24.08	314.83	1.72	55	2
2020	149	18.93	14.78	24.08	314.83	1.72	55	2
2020	150	18.93	14.78	24.08	314.83	1.72	55	2
2020	151	18.93	14.78	24.08	314.83	1.72	55	2
2020	152	18.93	14.78	24.08	314.83	1.72	55	2
2020	153	18.93	14.78	24.08	314.83	1.72	55	2
2020	154	18.93	14.78	24.08	314.83	1.72	55	2
2020	155	18.93	14.78	24.08	314.83	1.72	55	2
2020	156	18.93	14.78	24.08	314.83	1.72	55	2
2020	157	18.93	14.78	24.08	314.83	1.72	55	2
2020	158	18.93	14.78	24.08	314.83	1.72	55	2
2020	159	18.93	14.78	24.08	314.83	1.72	55	2
2020	160	18.93	14.78	24.08	314.83	1.72	55	2
2020	161	18.93	14.78	24.08	314.83	1.72	55	2
2020	162	18.93	14.78	24.08	314.83	1.72	55	2
2020	163	18.93	14.78	24.08	314.83	1.72	55	2
2020	164	18.93	14.78	24.08	314.83	1.72	55	2
2020	165	18.93	14.78	24.08	314.83	1.72	55	2
2020	166	18.93	14.78	24.08	314.83	1.72	55	2
2020	167	18.93	14.78	24.08	314.83	1.72	55	2
2020	168	18.93	14.78	24.08	314.83	1.72	55	2
2020	169	18.93	14.78	24.08	314.83	1.72	55	2
2020	170	18.93	14.78	24.08	314.83	1.72	55	2
2020	171	18.93	14.78	24.08	314.83	1.72	55	2
2020	172	18.93	14.78	24.08	314.83	1.72	55	2
2020	173	18.93	14.78	24.08	314.83	1.72	55	2
2020	174	18.93	14.78	24.08	314.83	1.72	55	2
2020	175	18.93	14.78	24.08	314.83	1.72	55	2
2020	176	18.93	14.78	24.08	314.83	1.72	55	2
2020	177	18.93	14.78	24.08	314.83	1.72	55	2
2020	178	18.93	14.78	24.08	314.83	1.72	55	2
2020	179	18.93	14.78	24.08	314.83	1.72	55	2
2020	180	18.93	14.78	24.08	314.83	1.72	55	2
2020	181	18.93	14.78	24.08	314.83	1.72	55	2
2020	182	18.93	14.78	24.08	314.83	1.72	55	2
2020	183	18.93	14.78	24.08	314.83	1.72	55	2
2020	184	18.93	14.78	24.08	314.83	1.72	55	2
2020	185	18.93	14.78	24.08	314.83	1.72	55	2
2020	186	18.93	14.78	24.08	314.83	1.72	55	2
2020	187	18.93	14.78	24.08	314.83	1.72	55	2
2020	188	18.93	14.78	24.08	314.83	1.72	55	2
2020	189	18.93	14.78	24.08	314.83	1.72	55	2
2020	190	18.93	14.78	24.08	314.83	1.72	55	2
2020	191	18.93	14.78	24.08	314.83	1.72	55	2
2020	192	18.93	14.78	24.08	314.83	1.72	55	2
2020	193	18.93	14.78	24.08	314.83	1.72	55	2
2020	194	18.93	14.78	24.08	314.83	1.72	55	2
2020	195	18.93	14.78	24.08	314.83	1.72	55	2
2020	196	18.93	14.78	24.08	314.83	1.72	55	2
2020	197	18.93	14.78	24.08	314.83	1.72	55	2
2020	198	18.93	14.78	24.08	314.83	1.72	55	2
2020	199	18.93	14.78	24.08	314.83	1.72	55	2
2020	200	18.93	14.78	24.08	314.83	1.72	55	2
2020	201	18.93	14.78	24.08	314.83	1.72	55	2
2020	202	18.93	14.78	24.08	314.83	1.72	55	2
2020	203	18.93	14.78	24.08	314.83	1.72	55	2
2020	204	18.93	14.78	24.08	314.83	1.72	55	2
2020	205	18.93	14.78	24.08	314.83	1.72	55	2
2020	206	18.93	14.78	24.08	314.83	1.72	55	2
2020	207	18.93	14.78	24.08	314.83	1.72	55	2
2020	208	18.93	14.78	24.08	314.83	1.72	55	2
2020	209	18.93	14.78	24.08	314.83	1.72	55	2
2020	210	18.93	14.78	24.08	314.83	1.72	55	2
2020	211	18.93	14.78	24.08	314.83	1.72	55	2
2020	212	18.93	14.78	24.08	314.83	1.72	55	2
2020	213	18.93	14.78	24.08	314.83	1.72	55	2
2020	214	18.93	14.78	24.08	314.83	1.72	55	2
2020	215	18.93	14.78	24.08	314.83	1.72	55	2
2020	216	18.93	14.78	24.08	314.83	1.72	55	2
2020	217	18.93	14.78	24.08	314.83	1.72	55	2
2020	218	18.93	14.78	24.08	314.83	1.72	55	2
2020	219	18.93	14.78	24.08	314.83	1.72	55	2
2020	220	18.93	14.78	24.08	314.83	1.72	55	2
2020	221	18.93	14.78	24.08	314.83	1.72	55	2
2020	222	18.93	14.78	24.08	314.83	1.72	55	2
2020	223	18.93	14.78	24.08	314.83	1.72	55	2
2020	224	18.93	14.78	24.08	314.83	1.72	55	2
2020	225	18.93	14.78	24.08	314.83	1.72	55	2
2020	226	18.93	14.78	24.08	314.83	1.72	55	2
2020	227	18.93	14.78	24.08	314.83	1.72	55	2
2020	228	18.93	14.78	24.08	314.83	1.72	55	2
2020	229	18.93	14.78	24.08	314.83	1.72	55	2
2020	230	18.93	14.78	24.08	314.83	1.72	55	2
2020	231	18.93	14.78	24.08	314.83	1.72	55	2
2020	232	18.93	14.78	24.08	314.83	1.72	55	2
2020	233	18.93	14.78	24.08	314.83	1.72	55	2
2020	234	18.93	14.78	24.08	314.83	1.72	55	2
2020	235	18.93	14.78	24.08	314.83	1.72	55	2
2020	236	18.93	14.78	24.08	314.83	1.72	55	2
2020	237	18.93	14.78	24.08	314.83	1.72	55	2
2020	238	18.93	14.78	24.08	314.83	1.72	55	2
2020	239	18.93	14.78	24.08	314.83	1.72	55	2
2020	240	18.93	14.78	24.08	314.83	1.72	55	2
2020	241	18.93	14.78	24.08	314.83	1.72	55	2
2020	242	18.93	14.78	24.08	314.83	1.72	55	2
2020	243	18.93	14.78	24.08	314.83	1.72	55	2
2020	244	18.93	14.78	24.08	314.83	1.72	55	2
2020	245	18.93	14.78	24.08	314.83	1.72	55	2
2020	246	18.93	14.78	24.08	314.83	1.72	55	2
2020	247	18.93	14.78	24.08	314.83	1.72	55	2
2020	248	18.93	14.78	24.08	314.83	1.72	55	2
2020	249	18.93	14.78	24.08	314.83	1.72	55	2
2020	250	18.93	14.78	24.08	314.83	1.72	55	2
2020	251	18.93	14.78	24.08	314.83	1.72	55	2
2020	252	18.93	14.78	24.08	314.83	1.72	55	2
2020	253	18.93	14.78	24.08	314.83	1.72	55	2
2020	254	18.93	14.78	24.08	314.83	1.72	55	2
2020	255	18.93	14.78	24.08	314.83	1.72	55	2
2020	256	18.93	14.78	24.08	314.83	1.72	55	2
2020	257	18.93	14.78	24.08	314.83	1.72	55	2
2020	258	18.93	14.78	24.08	314.83	1.72	55	2
2020	259	18.93	14.78	24.08	314.83	1.72	55	2
2020	260	18.93	14.78	24.08	314.83	1.72	55	2
2020	261	18.93	14.78	24.08	314.83	1.72	55	2
2020	262	18.93	14.78	24.08	314.83	1.72	55	2
2020	263	18.93	14.78	24.08	314.83	1.72	55	2
2020	264	18.93	14.78	24.08	314.83	1.72	55	2
2020	265	18.93	14.78	24.08	314.83	1.72	55	2
2020	266	18.93	14.78	24.08	314.83	1.72	55	2
2020	267	18.93	14.78	24.08	314.83	1.72	55	2
2020	268	18.93	14.78	24.08	314.83	1.72	55	2
2020	269	18.93	14.78	24.08	314.83	1.72	55	2
2020	270	18.93	14.78	24.08	314.83	1.72	55	2
2020	271	18.93	14.78	24.08	314.83	1.72	55	2
2020	272	18.93	14.78	24.08	314.83	1.72	55	2
2020	273	18.93	14.78	24.08	314.83	1.72	55	2
2020	274	18.93	14.78	24.08	314.83	1.72	55	2
2020	275	18.93	14.78	24.08	314.83	1.72	55	2
2020	276	18.93	14.78	24.08	314.83	1.72	55	2
2020	277	18.93	14.78	24.08	314.83	1.72	55	2
2020	278	18.93	14.78	24.08	314.83	1.72	55	2
2020	279	18.93	14.78	24.08	314.83	1.72	55	2
2020	280	18.93	14.78	24.08	314.83	1.72	55	2
2020	281	18.93	14.78	24.08	314.83	1.72	55	2
2020	282	18.93	14.78	24.08	314.83	1.72	55	2
2020	283	18.93	14.78	24.08	314.83	1.72	55	2
2020	284	18.93	14.78	24.08	314.83	1.72	55	2
2020	285	18.93	14.78	24.08	314.83	1.72	55	2
2020	286	18.93	14.78	24.08	314.83	1.72	55	2
2020	287	18.93	14.78	24.08	314.83	1.72	55	2
2020	288	18.93	14.78	24.08	314.83	1.72	55	2
2020	289	18.93	14.78	24.08	314.83	1.72	55	2
2020	290	18.93	14.78	24.08	314.83	1.72	55	2
2020	291	18.93	14.78	24.08	314.83	1.72	55	2
2020	292	18.93	14.78	24.08	314.83	1.72	55	2
2020	293	18.93	14.78	24.08	314.83	1.72	55	2
2020	294	18.93	14.78	24.08	314.83	1.72	55	2
2020	295	18.93	14.78	24.08	314.83	1.72	55	2
2020	296	18.93	14.78	24.08	314.83	1.72	55	2
2020	297	18.93	14.78	24.08	314.83	1.72	55	2
2020	298	18.93	14.78	24.08	314.83	1.72	55	2
2020	299	18.93	14.78	24.08	314.83	1.72	55	2
2020	300	18.93	14.78	24.08	314.83	1.72	55	2
2020	301	18.93	14.78	24.08	314.83	1.72	55	2
2020	302	18.93	14.78	24.08	314.83	1.72	55	2
2020	303	18.93	14.78	24.08	314.83	1.72	55	2
2020	304	18.93	14.78	24.08	314.83	1.72	55	2
2020	305	18.93	14.78	24.08	314.83	1.72	55	2
2020	306	18.93	14.78	24.08	314.83	1.72	55	2
2020	307	18.93	14.78	24.08	314.83	1.72	55	2
2020	308	18.93	14.78	24.08	314.83	1.72	55	2
2020	309	18.93	14.78	24.08	314.83	1.72	55	2
2020	310	18.93	14.78	24.08	314.83	1.72	55	2
2020	311	18.93	14.78	24.08	314.83	1.72	55	2
2020	312	18.93	14.78	24.08	314.83	1.72	55	2
2020	313	18.93	14.78	24.08	314.83	1.72	55	2
2020	314	18.93	14.78	24.08	314.83	1.72	55	2
2020	315	18.93	14.78	24.08	314.83	1.72	55	2
2020	316	18.93	14.78	24.08	314.83	1.72	55	2
2020	317	18.93	14.78	24.08	314.83	1.72	55	2
2020	318	18.93	14.78	24.08	314.83	1.72	55	2
2020	319	18.93	14.78	24.08	314.83	1.72	55	2
2020	320	18.93	14.78	24.08	314.83	1.72	55	2
2020	321	18.93	14.78	24.08	314.83	1.72	55	2
2020	322	18.93	14.78	24.08	314.83	1.72	55	2
2020	323	18.93	14.78	24.08	314.83	1.72	55	2
2020	324	18.93	14.78	24.08	314.83	1.72	55	2
2020	325	18.93	14.78	24.08	314.83	1.72	55	2
2020	326	18.93	14.78	24.08	314.83	1.72	55	2
2020	327	18.93	14.78	24.08	314.83	1.72	55	2
2020	328	18.93	14.78	24.08	314.83	1.72	55	2
2020	329	18.93	14.78	24.08	314.83	1.72	55	2
2020	330	18.93	14.78	24.08	314.83	1.72	55	2
2020	331	18.93	14.78	24.08	314.83	1.72	55	2
2020	332	18.93	14.78	24.08	314.83	1.72	55	2
2020	333	18.93	14.78	24.08	314.83	1.72	55	2
2020	334	18.93	14.78	24.08	314.83	1.72	55	2
2020	335	18.93	14.78	24.08	314.83	1.72	55	2
2020	336	18.93	14.78	24.08	314.83	1.72	55	2
2020	337	18.93	14.78	24.08	314.83	1.72	55	2
2020	338	18.93	14.78	24.08	314.83	1.72	55	2
2020	339	18.93	14.78	24.08	314.83	1.72	55	2
2020	340	18.93	14.78	24.08	314.83	1.72	55	2
2020	341	18.93	14.78	24.08	314.83	1.72	55	2
2020	342	18.93	14.78	24.08	314.83	1.72	55	2
2020	343	18.93	14.78	24.08	314.83	1.72	55	2
2020	344	18.93	14.78	24.08	314.83	1.72	55	2
2020	345	18.93	14.78	24.08	314.83	1.72	55	2
2020	346	18.93	14.78	24.08	314.83	1.72	55	2
2020	347	18.93	14.78	24.08	314.83	1.72	55	2
2020	348	18.93	14.78	24.08	314.83	1.72	55	2
2020	349	18.93	14.78	24.08	314.83	1.72	55	2
2020	350	18.93	14.78	24.08	314.83	1.72	55	2
2020	351	18.93	14.78	24.08	314.83	1.72	55	2
2020	352	18.93	14.78	24.08	314.83	1.72	55	2
2020	353	18.93	14.78	24.08	314.83	1.72	55	2
2020	354	18.93	14.78	24.08	314.83	1.72	55	2
2020	355	18.93	14.78	24.08	314.83	1.72	55	2
2020	356	18.93	14.78	24.08	314.83	1.72	55	2
2020	357	18.93	14.78	24.08	314.83	1.72	55	2
2020	358	18.93	14.78	24.08	314.83	1.72	55	2
2020	359	18.93	14.78	24.08	314.83	1.72	55	2
2020	360	18.93	14.78	24.08	314.83	1.72	55	2
2020	361	18.93	14.78	24.08	314.83	1.72	55	2
2020	362	18.93	14.78	24.08	314.83	1.72	55	2
2020	363	18.93	14.78	24.08	314.83	1.72	55	2
2020	364	18.93	14.78	24.08	314.83	1.72	55	2
2020	365	18.93	14.78	24.08	314.83	1.72	55	2
2020	366	18.93	14.78	24.08	314.83	1.72	55	2
2021	1	18.93	14.78	24.08	314.83	1.72	55	2
2021	2	18.93	14.78	24.08	314.83	1.72	55	2
2021	3	18.93	14.78	24.08	314.83	1.72	55	2
2021	4	18.93	14.78	24.08	314.83	1.72	55	2
2021	5	18.93	14.78	24.08	314.83	1.72	55	2
2021	6	18.93	14.78	24.08	314.83	1.72	55	2
2021	7	18.93	14.78	24.08	314.83	1.72	55	2
2021	8	18.93	14.78	24.08	314.83	1.72	55	2
2021	9	18.93	14.78	24.08	314.83	1.72	55	2
2021	10	18.93	14.78	24.08	314.83	1.72	55	2
2021	11	18.93	14.78	24.08	314.83	1.72	55	2
2021	12	18.93	14.78	24.08	314.83	1.72	55	2
2021	13	18.93	14.78	24.08	314.83	1.72	55	2
2021	14	18.93	14.78	24.08	314.83	1.72	55	2
2021	15	18.93	14.78	24.08	314.83	1.72	55	2
2021	16	18.93	14.78	24.08	314.83	1.72	55	2
2021	17	18.93	14.78	24.08	314.83	1.72	55	2
2021	18	18.93	14.78	24.08	314.83	1.72	55	2
2021	19	18.93	14.78	24.08	314.83	1.72	55	2
2021	20	18.93	14.78	24.08	314.83	1.72	55	2
2021	21	18.93	14.78	24.08	314.83	1.72	55	2
2021	22	18.93	14.78	24.08	314.83	1.72	55	2
2021	23	18.93	14.78	24.08	314.83	1.72	55	2
2021	24	18.93	14.78	24.08	314.83	1.72	55	2
2021	25	18.93	14.78	24.08	314.83	1.72	55	2
2021	26	18.93	14.78	24.08	314.83	1.72	55	2
2021	27	18.93	14.78	24.08	314.83	1.72	55	2
2021	28	18.93	14.78	24.08	314.83	1.72	55	2
2021	29	18.93	14.78	24.08	314.83	1.72	55	2
2021	30	18.93	14.78	24.08	314.83	1.72	55	2
2021	31	18.93	14.78	24.08	314.83	1.72	55	2
2021	32	18.93	14.78	24.08	314.83	1.72	55	2
2021	33	18.93	14.78	24.08	314.83	1.72	55	2
2021	34	18.93	14.78	24.08	314.83	1.72	55	2
2021	35	18.93	14.78	24.08	314.83	1.72	55	2
2021	36	18.93	14.78	24.08	314.83	1.72	55	2
2021	37	18.93	14.78	24.08	314.83	1.72	55	2
2021	38	18.93	14.78	24.08	314.83	1.72	55	2
2021	39	18.93	14.78	24.08	314.83	1.72	55	2
2021	40	18.93	14.78	24.08	314.83	1.72	55	2
2021	41	18.93	14.78	24.08	314.83	1.72	55	2
2021	42	18.93	14.78	24.08	314.83	1.72	55	2
2021	43	18.93	14.78	24.08	314.83	1.72	55	2
2021	44	18.93	14.78	24.08	314.83	1.72	55	2
2021	45	18.93	14.78	24.08	314.83	1.72	55	2
2021	46	18.93	14.78	24.08	314.83	1.72	55	2
2021	47	18.93	14.78	24.08	314.83	1.72	55	2
2021	48	18.93	14.78	24.08	314.83	1.72	55	2
2021	49	18.93	14.78	24.08	314.83	1.72	55	2
2021	50	18.93	14.78	24.08	314.83	1.72	55	2
2021	51	18.93	14.78	24.08	314.83	1.72	55	2
2021	52	18.93	14.78	24.08	314.83	1.72	55	2
2021	53	18.93	14.78	24.08	314.83	1.72	55	2
2021	54	18.93	14.78	24.08	314.83	1.72	55	2
2021	55	18.93	14.78	24.08	314.83	1.72	55	2
2021	56	18.93	14.78	24.08	314.83	1.72	55	2
2021	57	18.93	14.78	24.08	314.83	1.72	55	2
2021	58	18.93	14.78	24.08	314.83	1.72	55	2
2021	59	18.93	14.78	24.08	314.83	1.72	55	2
2021	60	18.93	14.78	24.08	314.83	1.72	55	2
2021	61	18.93	14.78	24.08	314.83	1.72	55	2
2021	62	18.93	14.78	24.08	314.83	1.72	55	2
2021	63	18.93	14.78	24.08	314.83	1.72	55	2
2021	64	18.93	14.78	24.08	314.83	1.72	55	2
2021	65	18.93	14.78	24.08	314.83	1.72	55	2
2021	66	18.93	14.78	24.08	314.83	1.72	55	2
2021	67	18.93	14.78	24.08	314.83	1.72	55	2
2021	68	18.93	14.78	24.08	314.83	1.72	55	2
2021	69	18.93	14.78	24.08	314.83	1.72	55	2
2021	70	18.93	14.78	24.08	314.83	1.72	55	2
2021	71	18.93	14.78	24.08	314.83	1.72	55	2
2021	72	18.93	14.78	24.08	314.83	1.72	55	2
2021	73	18.93	14.78	24.08	314.83	1.72	55	2
2021	74	18.93	14.78	24.08	314.83	1.72	55	2
2021	75	18.93	14.78	24.08	314.83	1.72	55	2
2021	76	18.93	14.78	24.08	314.83	1.72	55	2
2021	77	18.93	14.78	24.08	314.83	1.72	55	2
2021	78	18.93	14.78	24.08	314.83	1.72	55	2
2021	79	18.93	14.78	24.08	314.83	1.72	55	2
2021	80	18.93	14.78	24.08	314.83	1.72	55	2
2021	81	18.93	14.78	24.08	314.83	1.72	55	2
2021	82	18.93	14.78	24.08	314.83	1.72	55	2
2021	83	18.93	14.78	24.08	314.83	1.72	55	2
2021	84	18.93	14.78	24.08	314.83	1.72	55	2
2021	85	18.93	14.78	24.08	314.83	1.72	55	2
2021	86	18.93	14.78	24.08	314.83	1.72	55	2
2021	87	18.93	14.78	24.08	314.83	1.72	55	2
2021	88	18.93	14.78	24.08	314.83	1.72	55	2
2021	89	18.93	14.78	24.08	314.83	1.72	55	2
2021	90	18.93	14.78	24.08	314.83	1.72	55	2
2021	91	18.93	14.78	24.08	314.83	1.72	55	2
2021	92	18.93	14.78	24.08	314.83	1.72	55	2
2021	93	18.93	14.78	24.08	314.83	1.72	55	2
2021	94	18.93	14.78	24.08	314.83	1.72	55	2
2021	95	18.93	14.78	24.08	314.83	1.72	55	2
2021	96	18.93	14.78	24.08	314.83	1.72	55	2
2021	97	18.93	14.78	24.08	314.83	1.72	55	2
2021	98	18.93	14.78	24.08	314.83	1.72	55	2
2021	99	18.93	14.78	24.08	314.83	1.72	55	2
2021	100	18.93	14.78	24.08	314.83	1.72	55	2
2021	101	18.93	14.78	24.08	314.83	1.72	55	2
2021	102	18.93	14.78	24.08	314.83	1.72	55	2
2021	103	18.93	14.78	24.08	314.83	1.72	55	2
2021	104	18.93	14.78	24.08	314.83	1.72	55	2
2021	105	18.93	14.78	24.08	314.83	1.72	55	2
2021	106	18.93	14.78	24.08	314.83	1.72	55	2
2021	107	18.93	14.78	24.08	314.83	1.72	55	2
2021	108	18.93	14.78	24.08	314.83	1.72	55	2
2021	109	18.93	14.78	24.08	314.83	1.72	55	2
2021	110	18.93	14.78	24.08	314.83	1.72	55	2
2021	111	18.93	14.78	24.08	314.83	1.72	55	2
2021	112	18.93	14.78	24.08	314.83	1.72	55	2
2021	113	18.93	14.78	24.08	314.83	1.72	55	2
2021	114	18.93	14.78	24.08	314.83	1.72	55	2
2021	115	18.93	14.78	24.08	314.83	1.72	55	2
2021	116	18.93	14.78	24.08	314.83	1.72	55	2
2021	117	18.93	14.78	24.08	314.83	1.72	55	2
2021	118	18.93	14.78	24.08	314.83	1.72	55	2
2021	119	18.93	14.78	24.08	314.83	1.72	55	2
2021	120	18.93	14.78	24.08	314.83	1.72	55	2
2021	121	18.93	14.78	24.08	314.83	1.72	55	2
2021	122	18.93	14.78	24.08	314.83	1.72	55	2
2021	123	18.93	14.78	24.08	314.83	1.72	55	2
2021	124	18.93	14.78	24.08	314.83	1.72	55	2
2021	125	18.93	14.78	24.08	314.83	1.72	55	2
2021	126	18.93	14.78	24.08	314.83	1.72	55	2
2021	127	18.93	14.78	24.08	314.83	1.72	55	2
2021	128	18.93	14.78	24.08	314.83	1.72	55	2
2021	129	18.93	14.78	24.08	314.83	1.72	55	2
2021	130	18.93	14.78	24.08	314.83	1.72	55	2
2021	131	18.93	14.78	24.08	314.83	1.72	55	2
2021	132	18.93	14.78	24.08	314.83	1.72	55	2
2021	133	18.93	14.78	24.08	314.83	1.72	55	2
2021	134	18.93	14.78	24.08	314.83	1.72	55	2
2021	135	18.93	14.78	24.08	314.83	1.72	55	2
2021	136	18.93	14.78	24.08	314.83	1.72	55	2
2021	137	18.93	14.78	24.08	314.83	1.72	55	2
2021	138	18.93	14.78	24.08	314.83	1.72	55	2
2021	139	18.93	14.78	24.08	314.83	1.72	55	2
2021	140	18.93	14.78	24.08	314.83	1.72	55	2
2021	141	18.93	14.78	24.08	314.83	1.72	55	2
2021	142	18.93	14.78	24.08	314.83	1.72	55	2
2021	143	18.93	14.78	24.08	314.83	1.72	55	2
2021	144	18.93	14.78	24.08	314.83	1.72	55	2
2021	145	18.93	14.78	24.08	314.83	1.72	55	2
2021	146	18.93	14.78	24.08	314.83	1.72	55	2
2021	147	18.93	14.78	24.08	314.83	1.72	55	2
2021	148	18.93	14.78	24.08	314.83	1.72	55	2
2021	149	18.93	14.78	24.08	314.83	1.72	55	2
2021	150	18.93	14.78	24.08	314.83	1.72	55	2
2021	151	18.93	14.78	24.08	314.83	1.72	55	2
2021	152	18.93	14.78	24.08	314.83	1.72	55	2
2021	153	18.93	14.78	24.08	314.83	1.72	55	2
2021	154	18.93	14.78	24.08	314.83	1.72	55	2
2021	155	18.93	14.78	24.08	314.83	1.72	55	2
2021	156	18.93	14.78	24.08	314.83	1.72	55	2
2021	157	18.93	14.78	24.08	314.83	1.72	55	2
2021	158	18.93	14.78	24.08	314.83	1.72	55	2
2021	159	18.93	14.78	24.08	314.83	1.72	55	2
2021	160	18.93	14.78	24.08	314.83	1.72	55	2
2021	161	18.93	14.78	24.08	314.83	1.72	55	2
2021	162	18.93	14.78	24.08	314.83	1.72	55	2
2021	163	18.93	14.78	24.08	314.83	1.72	55	2
2021	164	18.93	14.78	24.08	314.83	1.72	55	2
2021	165	18.93	14.78	24.08	314.83	1.72	55	2
2021	166	18.93	14.78	24.08	314.83	1.72	55	2
2021	167	18.93	14.78	24.08	314.83	1.72	55	2
2021	168	18.93	14.78	24.08	314.83	1.72	55	2
2021	169	18.93	14.78	24.08	314.83	1.72	55	2
2021	170	18.93	14.78	24.08	314.83	1.72	55	2
2021	171	18.93	14.78	24.08	314.83	1.72	55	2
2021	172	18.93	14.78	24.08	314.83	1.72	55	2
2021	173	18.93	14.78	24.08	314.83	1.72	55	2
2021	174	18.93	14.78	24.08	314.83	1.72	55	2
2021	175	18.93	14.78	24.08	314.83	1.72	55	2
2021	176	18.93	14.78	24.08	314.83	1.72	55	2
2021	177	18.93	14.78	24.08	314.83	1.72	55	2
2021	178	18.93	14.78	24.08	314.83	1.72	55	2
2021	179	18.93	14.78	24.08	314.83	1.72	55	2
2021	180	18.93	14.78	24.08	314.83	1.72	55	2
2021	181	18.93	14.78	24.08	314.83	1.72	55	2
2021	182	18.93	14.78	24.08	314.83	1.72	55	2
2021	183	18.93	14.78	24.08	314.83	1.72	55	2
2021	184	18.93	14.78	24.08	314.83	1.72	55	2
2021	185	18.93	14.78	24.08	314.83	1.72	55	2
2021	186	18.93	14.78	24.08	314.83	1.72	55	2
2021	187	18.93	14.78	24.08	314.83	1.72	55	2
2021	188	18.93	14.78	24.08	314.83	1.72	55	2
2021	189	18.93	14.78	24.08	314.83	1.72	55	2
2021	190	18.93	14.78	24.08	314.83	1.72	55	2
2021	191	18.93	14.78	24.08	314.83	1.72	55	2
2021	192	18.93	14.78	24.08	314.83	1.72	55	2
2021	193	18.93	14.78	24.08	314.83	1.72	55	2
2021	194	18.93	14.78	24.08	314.83	1.72	55	2
2021	195	18.93	14.78	24.08	314.83	1.72	55	2
2021	196	18.93	14.78	24.08	314.83	1.72	55	2
2021	197	18.93	14.78	24.08	314.83	1.72	55	2
2021	198	18.93	14.78	24.08	314.83	1.72	55	2
2021	199	18.93	14.78	24.08	314.83	1.72	55	2
2021	200	18.93	14.78	24.08	314.83	1.72	55	2
2021	201	18.93	14.78	24.08	314.83	1.72	55	2
2021	202	18.93	14.78	24.08	314.83	1.72	55	2
2021	203	18.93	14.78	24.08	314.83	1.72	55	2
2021	204	18.93	14.78	24.08	314.83	1.72	55	2
2021	205	18.93	14.78	24.08	314.83	1.72	55	2
2021	206	18.93	14.78	24.08	314.83	1.72	55	2
2021	207	18.93	14.78	24.08	314.83	1.72	55	2
2021	208	18.93	14.78	24.08	314.83	1.72	55	2
2021	209	18.93	14.78	24.08	314.83	1.72	55	2
2021	210	18.93	14.78	24.08	314.83	1.72	55	2
2021	211	18.93	14.78	24.08	314.83	1.72	55	2
2021	212	18.93	14.78	24.08	314.83	1.72	55	2
2021	213	18.93	14.78	24.08	314.83	1.72	55	2
2021	214	18.93	14.78	24.08	314.83	1.72	55	2
2021	215	18.93	14.78	24.08	314.83	1.72	55	2
2021	216	18.93	14.78	24.08	314.83	1.72	55	2
2021	217	18.93	14.78	24.08	314.83	1.72	55	2
2021	218	18.93	14.78	24.08	314.83	1.72	55	2
2021	219	18.93	14.78	24.08	314.83	1.72	55	2
2021	220	18.93	14.78	24.08	314.83	1.72	55	2
2021	221	18.93	14.78	24.08	314.83	1.72	55	2
2021	222	18.93	14.78	24.08	314.83	1.72	55	2
2021	223	18.93	14.78	24.08	314.83	1.72	55	2
2021	224	18.93	14.78	24.08	314.83	1.72	55	2
2021	225	18.93	14.78	24.08	314.83	1.72	55	2
2021	226	18.93	14.78	24.08	314.83	1.72	55	2
2021	227	18.93	14.78	24.08	314.83	1.72	55	2
2021	228	18.93	14.78	24.08	314.83	1.72	55	2
2021	229	18.93	14.78	24.08	314.83	1.72	55	2
2021	230	18.93	14.78	24.08	314.83	1.72	55	2
2021	231	18.93	14.78	24.08	314.83	1.72	55	2
2021	232	18.93	14.78	24.08	314.83	1.72	55	2
2021	233	18.93	14.78	24.08	314.83	1.72	55	2
2021	234	18.93	14.78	24.08	314.83	1.72	55	2
2021	235	18.93	14.78	24.08	314.83	1.72	55	2
2021	236	18.93	14.78	24.08	314.83	1.72	55	2
2021	237	18.93	14.78	24.08	314.83	1.72	55	2
2021	238	18.93	14.78	24.08	314.83	1.72	55	2
2021	239	18.93	14.78	24.08	314.83	1.72	55	2
2021	240	18.93	14.78	24.08	314.83	1.72	55	2
2021	241	18.93	14.78	24.08	314.83	1.72	55	2
2021	242	18.93	14.78	24.08	314.83	1.72	55	2
2021	243	18.93	14.78	24.08	314.83	1.72	55	2
2021	244	18.93	14.78	24.08	314.83	1.72	55	2
2021	245	18.93	14.78	24.08	314.83	1.72	55	2
2021	246	18.93	14.78	24.08	314.83	1.72	55	2
2021	247	18.93	14.78	24.08	314.83	1.72	55	2
2021	248	18.93	14.78	24.08	314.83	1.72	55	2
2021	249	18.93	14.78	24.08	314.83	1.72	55	2
2021	250	18.93	14.78	24.08	314.83	1.72	55	2
2021	251	18.93	14.78	24.08	314.83	1.72	55	2
2021	252	18.93	14.78	24.08	314.83	1.72	55	2
2021	253	18.93	14.78	24.08	314.83	1.72	55	2
2021	254	18.93	14.78	24.08	314.83	1.72	55	2
2021	255	18.93	14.78	24.08	314.83	1.72	55	2
2021	256	18.93	14.78	24.08	314.83	1.72	55	2
2021	257	18.93	14.78	24.08	314.83	1.72	55	2
2021	258	18.93	14.78	24.08	314.83	1.72	55	2
2021	259	18.93	14.78	24.08	314.83	1.72	55	2
2021	260	18.93	14.78	24.08	314.83	1.72	55	2
2021	261	18.93	14.78	24.08	314.83	1.72	55	2
2021	262	18.93	14.78	24.08	314.83	1.72	55	2
2021	263	18.93	14.78	24.08	314.83	1.72	55	2
2021	264	18.93	14.78	24.08	314.83	1.72	55	2
2021	265	18.93	14.78	24.08	314.83	1.72	55	2
2021	266	18.93	14.78	24.08	314.83	1.72	55	2
2021	267	18.93	14.78	24.08	314.83	1.72	55	2
2021	268	18.93	14.78	24.08	314.83	1.72	55	2
2021	269	18.93	14.78	24.08	314.83	1.72	55	2
2021	270	18.93	14.78	24.08	314.83	1.72	55	2
2021	271	18.93	14.78	24.08	314.83	1.72	55	2
2021	272	18.93	14.78	24.08	314.83	1.72	55	2
2021	273	18.93	14.78	24.08	314.83	1.72	55	2
2021	274	18.93	14.78	24.08	314.83	1.72	55	2
2021	275	18.93	14.78	24.08	314.83	1.72	55	2
2021	276	18.93	14.78	24.08	314.83	1.72	55	2
2021	277	18.93	14.78	24.08	314.83	1.72	55	2
2021	278	18.93	14.78	24.08	314.83	1.72	55	2
2021	279	18.93	14.78	24.08	314.83	1.72	55	2
2021	280	18.93	14.78	24.08	314.83	1.72	55	2
2021	281	18.93	14.78	24.08	314.83	1.72	55	2
2021	282	18.93	14.78	24.08	314.83	1.72	55	2
2021	283	18.93	14.78	24.08	314.83	1.72	55	2
2021	284	18.93	14.78	24.08	314.83	1.72	55	2
2021	285	18.93	14.78	24.08	314.83	1.72	55	2
2021	286	18.93	14.78	24.08	314.83	1.72	55	2
2021	287	18.93	14.78	24.08	314.83	1.72	55	2
2021	288	18.93	14.78	24.08	314.83	1.72	55	2
2021	289	18.93	14.78	24.08	314.83	1.72	55	2
2021	290	18.93	14.78	24.08	314.83	1.72	55	2
2021	291	18.93	14.78	24.08	314.83	1.72	55	2
2021	292	18.93	14.78	24.08	314.83	1.72	55	2
2021	293	18.93	14.78	24.08	314.83	1.72	55	2
2021	294	18.93	14.78	24.08	314.83	1.72	55	2
2021	295	18.93	14.78	24.08	314.83	1.72	55	2
2021	296	18.93	14.78	24.08	314.83	1.72	55	2
2021	297	18.93	14.78	24.08	314.83	1.72	55	2
2021	298	18.93	14.78	24.08	314.83	1.72	55	2
2021	299	18.93	14.78	24.08	314.83	1.72	55	2
2021	300	18.93	14.78	24.08	314.83	1.72	55	2
2021	301	18.93	14.78	24.08	314.83	1.72	55	2
2021	302	18.93	14.78	24.08	314.83	1.72	55	2
2021	303	18.93	14.78	24.08	314.83	1.72	55	2
2021	304	18.93	14.78	24.08	314.83	1.72	55	2
2021	305	18.93	14.78	24.08	314.83	1.72	55	2
2021	306	18.93	14.78	24.08	314.83	1.72	55	2
2021	307	18.93	14.78	24.08	314.83	1.72	55	2
2021	308	18.93	14.78	24.08	314.83	1.72	55	2
2021	309	18.93	14.78	24.08	314.83	1.72	55	2
2021	310	18.93	14.78	24.08	314.83	1.72	55	2
2021	311	18.93	14.78	24.08	314.83	1.72	55	2
2021	312	18.93	14.78	24.08	314.83	1.72	55	2
2021	313	18.93	14.78	24.08	314.83	1.72	55	2
2021	314	18.93	14.78	24.08	314.83	1.72	55	2
2021	315	18.93	14.78	24.08	314.83	1.72	55	2
2021	316	18.93	14.78	24.08	314.83	1.72	55	2
2021	317	18.93	14.78	24.08	314.83	1.72	55	2
2021	318	18.93	14.78	24.08	314.83	1.72	55	2
2021	319	18.93	14.78	24.08	314.83	1.72	55	2
2021	320	18.93	14.78	24.08	314.83	1.72	55	2
2021	321	18.93	14.78	24.08	314.83	1.72	55	2
2021	322	18.93	14.78	24.08	314.83	1.72	55	2
2021	323	18.93	14.78	24.08	314.83	1.72	55	2
2021	324	18.93	14.78	24.08	314.83	1.72	55	2
2021	325	18.93	14.78	24.08	314.83	1.72	55	2
2021	326	18.93	14.78	24.08	314.83	1.72	55	2
2021	327	18.93	14.78	24.08	314.83	1.72	55	2
2021	328	18.93	14.78	24.08	314.83	1.72	55	2
2021	329	18.93	14.78	24.08	314.83	1.72	55	2
2021	330	18.93	14.78	24.08	314.83	1.72	55	2
2021	331	18.93	14.78	24.08	314.83	1.72	55	2
2021	332	18.93	14.78	24.08	314.83	1.72	55	2
2021	333	18.93	14.78	24.08	314.83	1.72	55	2
2021	334	18.93	14.78	24.08	314.83	1.72	55	2
2021	335	18.93	14.78	24.08	314.83	1.72	55	2
2021	336	18.93	14.78	24.08	314.83	1.72	55	2
2021	337	18.93	14.78	24.08	314.83	1.72	55	2
2021	338	18.93	14.78	24.08	314.83	1.72	55	2
2021	339	18.93	14.78	24.08	314.83	1.72	55	2
2021	340	18.93	14.78	24.08	314.83	1.72	55	2
2021	341	18.93	14.78	24.08	314.83	1.72	55	2
2021	342	18.93	14.78	24.08	314.83	1.72	55	2
2021	343	18.93	14.78	24.08	314.83	1.72	55	2
2021	344	18.93	14.78	24.08	314.83	1.72	55	2
2021	345	18.93	14.78	24.08	314.83	1.72	55	2
2021	346	18.93	14.78	24.08	314.83	1.72	55	2
2021	347	18.93	14.78	24.08	314.83	1.72	55	2
2021	348	18.93	14.78	24.08	314.83	1.72	55	2
2021	349	18.93	14.78	24.08	314.83	1.72	55	2
2021	350	18.93	14.78	24.08	314.83	1.72	55	2
2021	351	18.93	14.78	24.08	314.83	1.72	55	2
2021	352	18.93	14.78	24.08	314.83	1.72	55	2
2021	353	18.93	14.78	24.08	314.83	1.72	55	2
2021	354	18.93	14.78	24.08	314.83	1.72	55	2
2021	355	18.93	14.78	24.08	314.83	1.72	55	2
2021	356	18.93	14.78	24.08	314.83	1.72	55	2
2021	357	18.93	14.78	24.08	314.83	1.72	55	2
2021	358	18.93	14.78	24.08	314.83	1.72	55	2
2021	359	18.93	14.78	24.08	314.83	1.72	55	2
2021	360	18.93	14.78	24.08	314.83	1.72	55	2
2021	361	18.93	14.78	24.08	314.83	1.72	55	2
2021	362	18.93	14.78	24.08	314.83	1.72	55	2
2021	363	18.93	14.78	24.08	314.83	1.72	55	2
2021	364	18.93	14.78	24.08	314.83	1.72	55	2
2021	365	18.93	14.78	24.08	314.83	1.72	55	2
2022	1	18.93	14.78	24.08	314.83	1.72	55	2
2022	2	18.93	14.78	24.08	314.83	1.72	55	2
2022	3	18.93	14.78	24.08	314.83	1.72	55	2
2022	4	18.93	14.78	24.08	314.83	1.72	55	2
2022	5	18.93	14.78	24.08	314.83	1.72	55	2
2022	6	18.93	14.78	24.08	314.83	1.72	55	2
2022	7	18.93	14.78	24.08	314.83	1.72	55	2
2022	8	18.93	14.78	24.08	314.83	1.72	55	2
2022	9	18.93	14.78	24.08	314.83	1.72	55	2
2022	10	18.93	14.78	24.08	314.83	1.72	55	2
2022	11	18.93	14.78	24.08	314.83	1.72	55	2
2022	12	18.93	14.78	24.08	314.83	1.72	55	2
2022	13	18.93	14.78	24.08	314.83	1.72	55	2
2022	14	18.93	14.78	24.08	314.83	1.72	55	2
2022	15	18.93	14.78	24.08	314.83	1.72	55	2
2022	16	18.93	14.78	24.08	314.83	1.72	55	2
2022	17	18.93	14.78	24.08	314.83	1.72	55	2
2022	18	18.93	14.78	24.08	314.83	1.72	55	2
2022	19	18.93	14.78	24.08	314.83	1.72	55	2
2022	20	18.93	14.78	24.08	314.83	1.72	55	2
2022	21	18.93	14.78	24.08	314.83	1.72	55	2
2022	22	18.93	14.78	24.08	314.83	1.72	55	2
2022	23	18.93	14.78	24.08	314.83	1.72	55	2
2022	24	18.93	14.78	24.08	314.83	1.72	55	2
2022	25	18.93	14.78	24.08	314.83	1.72	55	2
2022	26	18.93	14.78	24.08	314.83	1.72	55	2
2022	27	18.93	14.78	24.08	314.83	1.72	55	2
2022	28	18.93	14.78	24.08	314.83	1.72	55	2
2022	29	18.93	14.78	24.08	314.83	1.72	55	2
2022	30	18.93	14.78	24.08	314.83	1.72	55	2
2022	31	18.93	14.78	24.08	314.83	1.72	55	2
2022	32	18.93	14.78	24.08	314.83	1.72	55	2
2022	33	18.93	14.78	24.08	314.83	1.72	55	2
2022	34	18.93	14.78	24.08	314.83	1.72	55	2
2022	35	18.93	14.78	24.08	314.83	1.72	55	2
2022	36	18.93	14.78	24.08	314.83	1.72	55	2
2022	37	18.93	14.78	24.08	314.83	1.72	55	2
2022	38	18.93	14.78	24.08	314.83	1.72	55	2
2022	39	18.93	14.78	24.08	314.83	1.72	55	2
2022	40	18.93	14.78	24.08	314.83	1.72	55	2
2022	41	18.93	14.78	24.08	314.83	1.72	55	2
2022	42	18.93	14.78	24.08	314.83	1.72	55	2
2022	43	18.93	14.78	24.08	314.83	1.72	55	2
2022	44	18.93	14.78	24.08	314.83	1.72	55	2
2022	45	18.93	14.78	24.08	314.83	1.72	55	2
2022	46	18.93	14.78	24.08	314.83	1.72	55	2
2022	47	18.93	14.78	24.08	314.83	1.72	55	2
2022	48	18.93	14.78	24.08	314.83	1.72	55	2
2022	49	18.93	14.78	24.08	314.83	1.72	55	2
2022	50	18.93	14.78	24.08	314.83	1.72	55	2
2022	51	18.93	14.78	24.08	314.83	1.72	55	2
2022	52	18.93	14.78	24.08	314.83	1.72	55	2
2022	53	18.93	14.78	24.08	314.83	1.72	55	2
2022	54	18.93	14.78	24.08	314.83	1.72	55	2
2022	55	18.93	14.78	24.08	314.83	1.72	55	2
2022	56	18.93	14.78	24.08	314.83	1.72	55	2
2022	57	18.93	14.78	24.08	314.83	1.72	55	2
2022	58	18.93	14.78	24.08	314.83	1.72	55	2
2022	59	18.93	14.78	24.08	314.83	1.72	55	2
2022	60	18.93	14.78	24.08	314.83	1.72	55	2
2022	61	18.93	14.78	24.08	314.83	1.72	55	2
2022	62	18.93	14.78	24.08	314.83	1.72	55	2
2022	63	18.93	14.78	24.08	314.83	1.72	55	2
2022	64	18.93	14.78	24.08	314.83	1.72	55	2
2022	65	22.61	18.14	27.06	517.46	0	55	2
2022	66	20.83	15.18	27.21	528.88	0	55	2
2022	67	21.27	15.43	27.73	494.88	0	55	2
2022	68	21.07	14.75	27.93	353.33	0	55	2
2022	69	20.98	15.25	27.77	375.35	0	55	2
2022	70	21.59	14.99	27.72	366.26	0	55	2
2022	71	21.4	14.5	28.2	386.32	0	55	2
2022	72	22.04	14.76	29.13	384.18	0	55	2
2022	73	22.27	16.06	29.03	334.13	0	55	2
2022	74	22.39	14.51	28.8	351.29	0	55	2
2022	75	22.78	16.75	29.3	298	0	55	2
2022	76	22.01	16.43	28.75	284.89	0	55	2
2022	77	21.13	15.24	27.01	321.74	0	55	2
2022	78	21.67	16.21	28.24	381.55	0	55	2
2022	79	22.28	16.2	28.67	358.83	0	55	2
2022	80	21.83	16.28	27.34	355.4	0	55	2
2022	81	21.58	16.2	27.36	354.68	0	55	2
2022	82	21.82	15.3	28.53	379.24	0	55	2
2022	83	22.05	16.71	27.72	322.01	0	55	2
2022	84	22.06	16.58	29.12	337.91	0	55	2
2022	85	20.81	15.65	26.22	318.85	4.5	55	2
2022	86	21.02	16.65	26.07	271.42	0	55	2
2022	87	20.29	15.96	25.77	381.87	0	55	2
2022	88	20.47	17.08	25.38	381.39	0	55	2
2022	89	18.9	15.57	23.09	362.97	0	55	2
2022	90	18.26	13.56	23.46	393.89	0	55	2
2022	91	17.87	16.88	20.04	182.17	0	55	2
2022	92	17.41	16.39	19.4	364.73	0	55	2
2022	93	17.33	16.09	18.86	395.47	0	55	2
2022	94	17.9	16.71	19.79	500.3	0	55	2
2022	95	18.48	16.5	21.8	435.73	0	55	2
2022	96	20.76	17.2	26.16	344.82	0	55	2
2022	97	20.3	16.24	25.6	383.6	0	55	2
2022	98	20.37	16.15	25.71	320.09	0	55	2
2022	99	20.27	15.7	25.75	426.45	0	55	2
2022	100	20.14	15.14	24.78	394.99	0	55	2
2022	101	20.72	15.58	25.31	348.56	0	55	2
2022	102	20.87	14.68	26.7	397.46	0	55	2
2022	103	21.32	16.92	27.05	372.32	0	55	2
2022	104	20.92	16.82	25.8	439.99	0	55	2
2022	105	20.86	16.47	25.97	377.99	0	55	2
2022	106	21.36	15.9	27.15	286.98	0	55	2
2022	107	20.45	16.05	26.11	243.27	1.3	55	2
2022	108	20.96	16.83	26.4	297.66	0	55	2
2022	109	20.75	15.69	26.31	291.22	1.5	55	2
2022	110	18.9	14.59	23.76	190.41	45.9	55	2
2022	111	19.86	16.42	24.57	322.35	0	55	2
2022	112	18.7	16.64	23.7	306.2	15.8	55	2
2022	113	18.96	16.32	23.2	365	3.6	55	2
2022	114	19.05	16.42	23.04	424.46	0.7	55	2
2022	115	19.4	15.87	24.19	434.48	0	55	2
2022	116	20.27	16.68	25.21	465.23	0	55	2
2022	117	19.9	16.68	24.1	308.32	0	55	2
2022	118	18.78	16.7	22.3	174.7	3.8	55	2
2022	119	18.99	16.09	23.58	349	5.2	55	2
2022	120	19.44	15.56	24.41	414.9	0	55	2
2022	121	19.38	15.84	24.19	260.67	5	55	2
2022	122	19.6	16.52	24.68	332.81	0	55	2
2022	123	18.51	16.14	23.2	216.65	0.4	55	2
2022	124	18.22	14.05	22.76	352.38	0	55	2
2022	125	18.55	15.9	21.27	235.94	0.1	55	2
2022	126	18.66	15.12	22.6	244.17	0	55	2
2022	127	18.84	15.48	23.33	282.47	0	55	2
2022	128	19.77	15.77	24.98	458.65	0	55	2
2022	129	20	15.75	25.75	399.5	0	55	2
2022	130	19.42	14.89	25.43	395.8	0	55	2
2022	131	19.93	15.68	25.72	388.28	0	55	2
2022	132	19.32	14.66	25.34	372.58	0	55	2
2022	133	19.18	13.56	25.28	360.32	0	55	2
2022	134	19.73	15.11	25.98	380.26	0	55	2
2022	135	19.21	14.67	24.78	338.9	0	55	2
2022	136	17.97	13.89	22.8	126.03	0	55	2
2022	137	18.22	13.29	23.64	221.14	0	55	2
2022	138	17.99	14.15	23.21	297.82	0	55	2
2022	139	17.78	12.57	23.88	293.66	0	55	2
2022	140	19.31	14.84	25.6	365.66	0	55	2
2022	141	19.76	15.29	25.54	326.95	0	55	2
2022	142	20.13	15.22	26.38	228.16	0	55	2
2022	143	21.48	16.24	27.64	428.29	0	55	2
2022	144	19.82	14.6	25.66	340.46	0	55	2
2022	145	20.11	14.9	25.69	222.91	0	55	2
2022	146	20.08	16.21	24.9	191.73	0	55	2
2022	147	19.27	15.78	23.44	144.32	0.3	55	2
2022	148	19.04	15.74	23.75	225.56	0	55	2
2022	149	18.66	14.92	23.37	155.93	0	55	2
2022	150	18.34	14.99	22.29	118.09	0	55	2
2022	151	18.31	15.02	22.61	195.74	0	55	2
2022	152	18.84	15.07	24.15	294.23	0	55	2
2022	153	18.12	14.85	22.86	252.02	0	55	2
2022	154	17.28	13.28	22.36	199.75	0	55	2
2022	155	17.88	12.02	24.06	341.99	0	55	2
2022	156	17.92	11.04	24.49	301.21	0	55	2
2022	157	17.56	15.1	22.16	232.19	0	55	2
2022	158	17.65	14.17	21.59	196.69	0	55	2
2022	159	18.3	14.41	23.32	157.44	0	55	2
2022	160	17.25	13.26	22.4	159.74	0	55	2
2022	161	18.05	14.06	23.04	161.27	0	55	2
2022	162	18.53	15.08	22.87	202.85	0	55	2
2022	163	17.72	14.75	22.14	107.21	0	55	2
2022	164	17.4	14.69	20.6	56.58	0	55	2
2022	165	18.54	13.6	25.2	189.02	0	55	2
2022	166	18.21	13.87	23.45	243.41	0	55	2
2022	167	18.51	13	24.43	280.19	0	55	2
2022	168	17.88	13.29	22.65	232.95	0	55	2
2022	169	17.94	13.13	23.59	178.98	0	55	2
2022	170	17.34	13.66	20.91	56.5	0	55	2
2022	171	17.32	14.39	22.72	95.34	0	55	2
2022	172	17.52	11.97	23.34	313.92	0	55	2
2022	173	17.31	14.03	21.74	168.96	0	55	2
2022	174	17.17	14.23	20.82	50.52	0	55	2
2022	175	16.19	13.44	18.77	92.29	0.1	55	2
2022	176	17.48	14.42	21.78	128.3	0	55	2
2022	177	17.07	14.73	20.84	244.38	0	55	2
2022	178	16.77	13.75	20.25	72.97	0	55	2
2022	179	15.83	12.64	19.08	68.47	0	55	2
2022	180	15.55	12.03	19.18	188.56	0	55	2
2022	181	16.92	11.88	22.74	303.82	0	55	2
2022	182	15.67	12.87	18.84	59.77	0	55	2
2022	183	17.04	12.25	22.86	328.12	0	55	2
2022	184	17.76	13.49	23.66	331.93	0	55	2
2022	185	17.13	11.57	22.61	230.21	0	55	2
2022	186	16.49	12.71	21.53	72.84	0	55	2
2022	187	17.45	12.82	22.84	154.49	0	55	2
2022	188	15.61	12.39	19.3	70.14	0	55	2
2022	189	15.36	13.06	17.58	72.47	0	55	2
2022	190	15.9	13.06	19.38	81.61	0	55	2
2022	191	16.41	13.22	20.08	164.59	0	55	2
2022	192	17	13.05	23.09	286.28	0	55	2
2022	193	15.18	13.43	17.66	82.4	0	55	2
2022	194	17.31	11.5	22.93	308.22	0	55	2
2022	195	17.63	13.04	22.38	136.36	0	55	2
2022	196	17.43	13.81	22.05	150.39	0.1	55	2
2022	197	16.97	14.06	21.37	94.87	0	55	2
2022	198	15.82	12.43	18.74	48.01	0	55	2
2022	199	16.82	13.56	19.66	258.03	0	55	2
2022	200	16.21	13.3	20.87	117.78	0	55	2
2022	201	15.78	12.57	20.7	175.99	0.1	55	2
2022	202	16.43	12.59	20.69	165.73	0	55	2
2022	203	15.58	12.94	21.04	137.6	0	55	2
2022	204	16.13	12.02	21.94	227.18	0	55	2
2022	205	16.71	11.95	22.01	217.55	0	55	2
2022	206	16.52	12.16	22.15	318.48	0	55	2
2022	207	17.17	13.79	22.15	171.42	0	55	2
2022	208	16.53	11.26	22.24	263.9	0	55	2
2022	209	16.86	14.08	21.06	143.83	0	55	2
2022	210	17.01	13.89	21.47	210.36	0	55	2
2022	211	16.31	14.21	19.2	221.03	0.2	55	2
2022	212	17.04	13.71	21.67	123.77	0	55	2
2022	213	15.77	14.74	17.6	65.52	0	55	2
2022	214	15.26	13.79	17.63	29.74	0	55	2
2022	215	18.93	14.78	24.08	314.83	1.72	55	2
2022	216	16.37	13.5	18.73	131.65	0	55	2
2022	217	15.54	13.16	19.78	173.11	0	55	2
2022	218	15.97	10.61	21.32	140.51	0	55	2
2022	219	14.72	10.49	19.28	108.3	0	55	2
2022	220	15.17	12.94	20.3	314.83	0	55	2
2022	221	16.23	11.61	21.52	136.43	0.1	55	2
2022	222	16.54	13.18	22.49	148.94	0	55	2
2022	223	16.39	13.35	20.54	262.93	0	55	2
2022	224	16	12.99	19.88	120.28	0	55	2
2022	225	16.62	13.25	20.9	95.09	0	55	2
2022	226	15.9	12.71	19.62	64.39	0	55	2
2022	227	17.97	15.12	20.93	144.83	0	55	2
2022	228	18.36	14.54	23.32	182.8	0	55	2
2022	229	16.2	13.85	21.04	314.83	0	55	2
2022	230	16.71	10.58	23.93	319.33	0	55	2
2022	231	17.91	11.12	24.93	326.27	0	55	2
2022	232	19.29	12.07	27.28	317.81	0	55	2
2022	233	18.89	11.59	25.68	361.83	0	55	2
2022	234	17.13	11.58	23.12	317.06	0	55	2
2022	235	15.92	11.78	20.37	198.14	0	55	2
2022	236	16.31	11.63	21.08	204.48	0	55	2
2022	237	16.15	12.38	19.39	91.03	0	55	2
2022	238	17.04	14.21	21.62	174.09	0	55	2
2022	239	15.84	14.04	18.59	126.99	0	55	2
2022	240	16.53	13.43	19.45	135.2	0	55	2
2022	241	18.06	10.99	24.18	210.51	0	55	2
2022	242	18.35	12.52	25.35	337.68	0	55	2
2022	243	16.58	12.68	20.24	67.53	0	55	2
2022	244	17.57	12.39	23.49	351.03	0	55	2
2022	245	15.39	13.02	18.12	17.73	0	55	2
2022	246	16.57	12.95	21.76	143.24	0	55	2
2022	247	17.12	11.36	24.61	211.83	0	55	2
2022	248	18.33	12.8	24.05	270.34	0	55	2
2022	249	17.89	13.97	24.33	214.86	5.31	55	2
2022	250	16.04	13.76	18.49	142.43	0.1	55	2
2022	251	16.24	13.46	19.34	49.57	0	55	2
2022	252	16.45	11.87	20.14	97.48	0	55	2
2022	253	17.36	11.94	23.7	229.11	0	55	2
2022	254	18.19	13.59	23.95	259.01	0	55	2
2022	255	18.01	14.05	23.07	370.41	0	55	2
2022	256	16.98	13.06	21.55	213.22	0	55	2
2022	257	17.35	13.57	21.54	146.56	0	55	2
2022	258	16.79	12.99	21.06	106.98	0	55	2
2022	259	17.78	13.84	23.14	233.46	0	55	2
2022	260	17.42	13.92	21.29	154.72	0	55	2
2022	261	17.06	12.96	22.45	161.8	0	55	2
2022	262	19.08	14.39	25.4	340.08	0	55	2
2022	263	18.57	13.85	24.28	348.03	0	55	2
2022	264	18.94	13.56	25.37	346.07	0	55	2
2022	265	18.68	13.52	24.57	387.77	0	55	2
2022	266	18.71	11.93	25.07	354.81	0	55	2
2022	267	18.57	12.01	25.22	351.43	0	55	2
2022	268	18.59	13.24	23.56	304.73	0.51	55	2
2022	269	18.78	13.63	24.03	338.91	0	55	2
2022	270	18.39	12.17	24.31	376.58	0	55	2
2022	271	18.71	12.76	25.03	324.81	0	55	2
2022	272	18.77	12.6	25.29	337.09	0	55	2
2022	273	18.34	14.43	23.57	206.54	0	55	2
2022	274	18.43	14.39	24.96	341.93	13.4	55	2
2022	275	19.42	14	25.92	337.4	0	55	2
2022	276	18.88	12.78	25.6	392.88	0	55	2
2022	277	18.66	12.62	25.66	277.7	0	55	2
2022	278	18.79	13.84	25.26	396.04	0	55	2
2022	279	18.51	14.15	24.24	297.77	0	55	2
2022	280	18.67	14.44	23.88	199.26	0	55	2
2022	281	18.15	12.43	24.78	381.56	0	55	2
2022	282	18.36	14.16	23.4	319.23	0	55	2
2022	283	18.89	13.26	24.27	310.31	0	55	2
2022	284	18.25	12.49	24.48	330.25	0	55	2
2022	285	18.7	11.28	25.32	301.02	0	55	2
2022	286	18.94	13.18	25.63	352.25	0	55	2
2022	287	18.42	12.28	25.04	392.36	0	55	2
2022	288	18.47	11.66	25.02	320.5	0	55	2
2022	289	19.61	13.58	25.57	357.71	0	55	2
2022	290	20.12	14.68	25.83	303.06	0	55	2
2022	291	19.6	15.82	24.49	304.72	0	55	2
2022	292	19.28	14.47	24.79	295.06	0	55	2
2022	293	18.79	13.38	24.82	258.55	0	55	2
2022	294	19.37	14.22	25.9	361.03	0	55	2
2022	295	19.53	13.21	25.98	363.49	0	55	2
2022	296	19.96	14.31	25.6	312.81	0	55	2
2022	297	20.78	14.73	27.14	348.8	0	55	2
2022	298	20.84	15.02	26.66	335.49	0	55	2
2022	299	20.38	15.27	25.74	370.12	0	55	2
2022	300	20.21	15.26	25.5	306.24	0	55	2
2022	301	20.53	15.23	26.72	350.52	0	55	2
2022	302	20.59	15.29	26.2	321.8	0.41	55	2
2022	303	19.72	14.93	25.1	367.68	0	55	2
2022	304	19.82	15.63	25.34	283.86	0	55	2
2022	305	18.84	16.12	23.33	305.45	0.2	55	2
2022	306	18.95	16.21	23.06	255.6	0	55	2
2022	307	18.07	15.21	21.56	248.78	6.7	55	2
2022	308	19.57	15.15	25.02	305.49	0	55	2
2022	309	19.83	14.71	25.15	365.75	0	55	2
2022	310	19.48	15.87	24.56	262.12	0	55	2
2022	311	19.58	16.08	24.39	303.78	0	55	2
2022	312	19.61	15.5	24.69	352.2	0	55	2
2022	313	19.75	15.42	24.7	328.69	0	55	2
2022	314	20.14	16.14	25.14	292.3	0	55	2
2022	315	19.63	16.22	24.43	356.25	0	55	2
2022	316	18.46	15.9	22.41	201.43	0	55	2
2022	317	19.17	15.36	23.5	214	0	55	2
2022	318	18.83	16.3	22.84	74.79	0.6	55	2
2022	319	18.21	16.25	22.61	149.9	1.3	55	2
2022	320	17.63	15.71	21.45	176.99	2.5	55	2
2022	321	17.36	14.59	20.68	129.42	1.23	55	2
2022	322	18.72	14.8	24.33	308.33	0	55	2
2022	323	18.79	15.74	22.98	283.37	0	55	2
2022	324	19.07	14.69	24.05	244.93	0	55	2
2022	325	19.19	14.87	23.92	276.41	6.6	55	2
2022	326	19.08	16.25	24.44	273.36	0.1	55	2
2022	327	18.25	15.69	23.31	327.93	0	55	2
2022	328	17.88	14.48	22.08	333.48	17.9	55	2
2022	329	18.13	15.15	22.11	374.41	0.4	55	2
2022	330	18.18	14.5	23.12	368.11	0	55	2
2022	331	18.65	14.3	24.06	274.63	0	55	2
2022	332	18.64	16.02	23.18	295.12	0	55	2
2022	333	17.7	15.31	22.04	281.08	3.5	55	2
2022	334	17.62	15.56	22.25	307.22	4.2	55	2
2022	335	18.23	14.97	23.54	359.8	0.51	55	2
2022	336	18.81	14.34	24.33	301.74	0	55	2
2022	337	18.53	15.5	23.24	328.85	0	55	2
2022	338	18.11	15.1	21.48	349.17	14.8	55	2
2022	339	18.68	15.85	23.25	403.08	0.6	55	2
2022	340	19.48	15.87	24.14	388.22	0	55	2
2022	341	19.62	16.37	24.21	416.23	0.41	55	2
2022	342	19.53	16.34	24.05	385.92	0	55	2
2022	343	18.89	15.9	24.95	323.63	0	55	2
2022	344	18.93	15.39	24.04	185.3	0	55	2
2022	345	19.52	15.58	24.57	369.85	0	55	2
2022	346	17.6	15.75	20.62	116.55	1.3	55	2
2022	347	17.73	14.86	22.61	351.09	2.7	55	2
2022	348	18.38	13.71	23.41	325.59	0	55	2
2022	349	18.72	14.68	24.18	371.61	0	55	2
2022	350	19.32	14.83	24.58	332.21	0	55	2
2022	351	19.52	14.81	24.88	359.02	0	55	2
2022	352	19.73	15.01	24.79	323.02	0	55	2
2022	353	19.69	14.66	24.98	316.81	0	55	2
2022	354	20.16	15.69	25.29	320.89	0	55	2
2022	355	20.06	15.87	25.46	265.99	0	55	2
2022	356	19.79	15.88	24.24	180.97	0	55	2
2022	357	19.55	15.28	25.03	301.36	0	55	2
2022	358	19.78	14.62	25.19	299.64	0	55	2
2022	359	19.99	15.61	25.11	257.33	0	55	2
2022	360	20.04	14.84	25.48	306.69	0	55	2
2022	361	18.75	16.79	22.71	178.64	0	55	2
2022	362	19.25	15.39	23.73	249.1	0	55	2
2022	363	18.86	14.62	23.78	195.7	0	55	2
2022	364	18.58	13.95	23.49	278.37	0	55	2
2022	365	18.74	13.61	23.83	326.38	0	55	2
2023	1	19.25	14.12	24.18	280.23	0	55	2
2023	2	17.98	13.75	23.01	211.09	0.1	55	2
2023	3	17.25	15.45	20.82	214.32	10.62	55	2
2023	4	16.94	15.21	19.18	103.83	4.8	55	2
2023	5	17.62	14.54	21.55	274.51	0.2	55	2
2023	6	19.42	13.57	24.66	376.05	0	55	2
2023	7	19.6	14.23	24.56	355.46	0	55	2
2023	8	19.01	13.81	24.6	361.29	0	55	2
2023	9	19.48	16.27	24.33	277.82	0	55	2
2023	10	19.17	15.9	23.54	312.8	0	55	2
2023	11	19.18	14.34	24.06	300.67	0	55	2
2023	12	19.84	14.59	25.32	365.58	0	55	2
2023	13	19.68	13.39	25.11	359.62	0	55	2
2023	14	19.45	13.8	24.51	341.86	0	55	2
2023	15	19.78	13.98	24.89	349.03	0	55	2
2023	16	19.6	14.32	24.98	347.23	0	55	2
2023	17	19.44	13.62	24.81	280.46	0	55	2
2023	18	21.2	14.54	27.44	350.85	0	55	2
2023	19	21.45	15.57	27.25	356.5	0	55	2
2023	20	20.97	15.4	26.66	353.82	0	55	2
2023	21	20.88	14.6	26.14	356.25	0	55	2
2023	22	20.5	16.16	24.79	235.94	0	55	2
2023	23	20.05	16.04	24.84	262.47	0	55	2
2023	24	20.01	14.81	25.45	300.24	0	55	2
2023	25	20.9	14.87	26.58	352.5	0	55	2
2023	26	18.93	14.78	24.08	314.83	1.72	55	2
2023	27	18.93	14.78	24.08	314.83	1.72	55	2
2023	28	18.93	14.78	24.08	314.83	1.72	55	2
2023	29	18.93	14.78	24.08	314.83	1.72	55	2
2023	30	18.93	14.78	24.08	314.83	1.72	55	2
2023	31	18.93	14.78	24.08	314.83	1.72	55	2
2023	32	18.93	14.78	24.08	314.83	1.72	55	2
2023	33	18.93	14.78	24.08	314.83	1.72	55	2
2023	34	18.93	14.78	24.08	314.83	1.72	55	2
2023	35	18.93	14.78	24.08	314.83	1.72	55	2
2023	36	18.93	14.78	24.08	314.83	1.72	55	2
2023	37	18.93	14.78	24.08	314.83	1.72	55	2
2023	38	18.93	14.78	24.08	314.83	1.72	55	2
2023	39	18.93	14.78	24.08	314.83	1.72	55	2
2023	40	18.93	14.78	24.08	314.83	1.72	55	2
2023	41	18.93	14.78	24.08	314.83	1.72	55	2
2023	42	18.93	14.78	24.08	314.83	1.72	55	2
2023	43	18.93	14.78	24.08	314.83	1.72	55	2
2023	44	18.93	14.78	24.08	314.83	1.72	55	2
2023	45	18.93	14.78	24.08	314.83	1.72	55	2
2023	46	18.93	14.78	24.08	314.83	1.72	55	2
2023	47	18.93	14.78	24.08	314.83	1.72	55	2
2023	48	18.93	14.78	24.08	314.83	1.72	55	2
2023	49	18.93	14.78	24.08	314.83	1.72	55	2
2023	50	18.93	14.78	24.08	314.83	1.72	55	2
2023	51	18.93	14.78	24.08	314.83	1.72	55	2
2023	52	18.93	14.78	24.08	314.83	1.72	55	2
2023	53	18.93	14.78	24.08	314.83	1.72	55	2
2023	54	18.93	14.78	24.08	314.83	1.72	55	2
2023	55	18.93	14.78	24.08	314.83	1.72	55	2
2023	56	18.93	14.78	24.08	314.83	1.72	55	2
2023	57	18.93	14.78	24.08	314.83	1.72	55	2
2023	58	18.93	14.78	24.08	314.83	1.72	55	2
2023	59	18.93	14.78	24.08	314.83	1.72	55	2
2023	60	18.93	14.78	24.08	314.83	1.72	55	2
2023	61	18.93	14.78	24.08	314.83	1.72	55	2
2023	62	18.93	14.78	24.08	314.83	1.72	55	2
2023	63	18.93	14.78	24.08	314.83	1.72	55	2
2023	64	18.93	14.78	24.08	314.83	1.72	55	2
2023	65	18.93	14.78	24.08	314.83	1.72	55	2
2023	66	18.93	14.78	24.08	314.83	1.72	55	2
2023	67	18.93	14.78	24.08	314.83	1.72	55	2
2023	68	18.93	14.78	24.08	314.83	1.72	55	2
2023	69	18.93	14.78	24.08	314.83	1.72	55	2
2023	70	18.93	14.78	24.08	314.83	1.72	55	2
2023	71	18.93	14.78	24.08	314.83	1.72	55	2
2023	72	18.93	14.78	24.08	314.83	1.72	55	2
2023	73	18.93	14.78	24.08	314.83	1.72	55	2
2023	74	18.93	14.78	24.08	314.83	1.72	55	2
2023	75	18.93	14.78	24.08	314.83	1.72	55	2
2023	76	18.93	14.78	24.08	314.83	1.72	55	2
2023	77	18.93	14.78	24.08	314.83	1.72	55	2
2023	78	18.93	14.78	24.08	314.83	1.72	55	2
2023	79	18.93	14.78	24.08	314.83	1.72	55	2
2023	80	18.93	14.78	24.08	314.83	1.72	55	2
2023	81	18.93	14.78	24.08	314.83	1.72	55	2
2023	82	18.93	14.78	24.08	314.83	1.72	55	2
2023	83	18.93	14.78	24.08	314.83	1.72	55	2
2023	84	18.93	14.78	24.08	314.83	1.72	55	2
2023	85	18.93	14.78	24.08	314.83	1.72	55	2
2023	86	18.93	14.78	24.08	314.83	1.72	55	2
2023	87	18.93	14.78	24.08	314.83	1.72	55	2
2023	88	18.93	14.78	24.08	314.83	1.72	55	2
2023	89	18.93	14.78	24.08	314.83	1.72	55	2
2023	90	18.93	14.78	24.08	314.83	1.72	55	2
2023	91	18.93	14.78	24.08	314.83	1.72	55	2
2023	92	18.93	14.78	24.08	314.83	1.72	55	2
2023	93	18.93	14.78	24.08	314.83	1.72	55	2
2023	94	18.93	14.78	24.08	314.83	1.72	55	2
2023	95	18.93	14.78	24.08	314.83	1.72	55	2
2023	96	18.93	14.78	24.08	314.83	1.72	55	2
2023	97	18.93	14.78	24.08	314.83	1.72	55	2
2023	98	18.93	14.78	24.08	314.83	1.72	55	2
2023	99	18.93	14.78	24.08	314.83	1.72	55	2
2023	100	18.93	14.78	24.08	314.83	1.72	55	2
2023	101	18.93	14.78	24.08	314.83	1.72	55	2
2023	102	18.93	14.78	24.08	314.83	1.72	55	2
2023	103	18.93	14.78	24.08	314.83	1.72	55	2
2023	104	18.93	14.78	24.08	314.83	1.72	55	2
2023	105	18.93	14.78	24.08	314.83	1.72	55	2
2023	106	18.93	14.78	24.08	314.83	1.72	55	2
2023	107	18.93	14.78	24.08	314.83	1.72	55	2
2023	108	18.93	14.78	24.08	314.83	1.72	55	2
2023	109	22.3	22.3	22.3	314.83	0	55	2
2023	110	21.07	17	24.09	314.83	0	55	2
2023	111	20.16	17.07	25.36	314.83	1	55	2
2023	112	18.06	16.81	19.59	314.83	17.06	55	2
2023	113	19.19	15.33	23.64	314.83	0	55	2
2023	114	20.13	17.32	24.31	314.83	0	55	2
2023	115	18.92	15.95	22.83	314.83	5.1	55	2
2023	116	18.55	16.41	22.86	314.83	35	55	2
2023	117	19.06	15.7	23.06	314.83	0.1	55	2
2023	118	17.85	16.69	20.08	314.83	11.7	55	2
2023	119	18.04	15.51	21.49	314.83	0	55	2
2023	120	18.66	16.79	22.47	314.83	14.3	55	2
2023	121	18.02	16.16	20.28	314.83	22.6	55	2
2023	122	18.54	14.62	22.18	314.83	0.6	55	2
2023	123	18.27	16.54	21.52	314.83	0.1	55	2
2023	124	18.61	15.12	23.36	314.83	0	55	2
2023	125	18.67	14.48	23.52	314.83	0	55	2
2023	126	18.86	15.23	23.42	314.83	0	55	2
2023	127	18.79	15.61	23.07	314.83	0	55	2
2023	128	19.09	15.8	23.44	314.83	0	55	2
2023	129	18.17	16.24	21.58	314.83	0.1	55	2
2023	130	18.56	16.06	22.68	314.83	0	55	2
2023	131	18.15	15.1	22.15	314.83	0	55	2
2023	132	18.06	14.02	23.32	314.83	0	55	2
2023	133	19.24	15.48	24.25	314.83	0	55	2
2023	134	19.23	16.33	24.04	314.83	0	55	2
2023	135	18.59	14.77	23.4	314.83	0	55	2
2023	136	18.6	14.35	23.74	314.83	0	55	2
2023	137	19.07	15.98	23.06	314.83	0	55	2
2023	138	18.29	13.91	22.89	314.83	0	55	2
2023	139	18.37	14.63	23.8	314.83	0	55	2
2023	140	19.41	13.13	26.12	314.83	0	55	2
2023	141	19.27	13.3	24.7	314.83	0	55	2
2023	142	19.83	15.97	25.45	314.83	0	55	2
2023	143	19.78	16.04	24.78	314.83	0	55	2
2023	144	18.99	14.96	23.77	314.83	0	55	2
2023	145	19.11	14.58	23.87	314.83	0	55	2
2023	146	18	14.1	22.59	314.83	0	55	2
2023	147	16.64	12.72	21.05	314.83	0.3	55	2
2023	148	17.5	14.02	22.45	314.83	0.1	55	2
2023	149	16.53	14.07	19.75	314.83	2.6	55	2
2023	150	17.26	13.76	20.82	314.83	0	55	2
2023	151	18.19	15.48	23.03	165.37	0	55	2
2023	152	19.1	14.83	24.04	252.18	0	55	2
2023	153	19.11	15.58	23.99	273.08	2.6	55	2
2023	154	18	14.69	22.03	69.78	0	55	2
2023	155	17.66	13.89	22.83	199.47	0	55	2
2023	156	19.15	14.11	24.66	306.03	0	55	2
2023	157	18.83	15.25	23.88	200.96	0.2	55	2
2023	158	18.95	13.44	24.91	360.35	0	55	2
2023	159	19.36	12.31	26.04	365.95	0	55	2
2023	160	18.79	15.88	23.8	229.63	0	55	2
2023	161	18.3	13.62	24.32	251.44	0	55	2
2023	162	19.59	14.98	24.61	351.39	0	55	2
2023	163	19.64	14.92	24.48	241.6	0.2	55	2
2023	164	17.84	13.52	22.29	190.26	0	55	2
2023	165	18.81	14.98	25.01	245.06	0	55	2
2023	166	17.89	14.88	21.55	141.38	0	55	2
2023	167	18.54	14.65	23.95	188.56	0	55	2
2023	168	16.83	14.59	19.37	54.07	0	55	2
2023	169	17.38	13.35	22.42	172.24	0	55	2
2023	170	17.84	12.97	22.96	224.37	0	55	2
2023	171	18.42	14.65	22.7	138.18	0	55	2
2023	172	17.83	15.91	20.93	191.66	0	55	2
2023	173	17.11	14.77	20.05	117.71	0	55	2
2023	174	16.87	15.44	18.65	61.62	0	55	2
2023	175	17.72	14.23	22.8	198.47	0	55	2
2023	176	18.16	13.41	24.21	249.27	0	55	2
2023	177	16.67	13.5	21.31	115.2	0	55	2
2023	178	16.59	13.91	20.48	94.91	0	55	2
2023	179	17.33	12.34	22.77	236.09	0	55	2
2023	180	16.34	13.54	19.66	114.41	0	55	2
2023	181	17.5	14.71	21.1	109.4	0	55	2
2023	182	17.09	14.5	20.39	26.13	0	55	2
2023	183	16.91	14.71	19.94	85.05	0	55	2
2023	184	17.14	13.46	21.06	61.39	0	55	2
2023	185	16.5	13.97	19.82	167.11	0	55	2
2023	186	15.27	12.43	18.94	12.18	0	55	2
2023	187	18.06	15.84	19.51	95.63	0	55	2
2023	188	16.23	14.2	18.34	100.56	0	55	2
2023	189	16.26	12.37	20.81	159.02	0	55	2
2023	190	16.77	11.2	23.56	248.11	0	55	2
2023	191	18.69	10.53	26.26	315.31	0	55	2
2023	192	18.73	13.05	25.43	289.71	0	55	2
2023	193	16.82	13.68	20.29	189.55	0	55	2
2023	194	16.93	12.67	20.86	192.7	0	55	2
2023	195	18.08	13.39	23.37	212.77	0	55	2
2023	196	17.13	12.58	22.48	132.91	0	55	2
2023	197	16.52	12.53	20.62	203.16	0	55	2
2023	198	15.86	11.93	19.8	67.65	0	55	2
2023	199	16.31	12.25	21.51	91.4	0	55	2
2023	200	16.74	12.41	21.44	65.78	0	55	2
2023	201	18.82	12.14	25.91	312.23	0	55	2
2023	202	18.53	13.18	24.25	317.92	0	55	2
2023	203	17.85	14.49	22.47	64.01	0	55	2
2023	204	17.62	14.85	21.88	183.78	0	55	2
2023	205	17.38	13.13	21.38	87.99	0	55	2
2023	206	18.01	15.6	22.06	164.12	0	55	2
2023	207	16.77	14.22	22.16	164.8	0	55	2
2023	208	16.96	12.3	21.48	97.12	0	55	2
2023	209	16.78	14.6	20.27	100.08	0	55	2
2023	210	16.67	13.6	21.41	84.46	0	55	2
2023	211	17.75	12.74	24.26	309.83	0	55	2
2023	212	18.63	12.91	25.69	320.4	0	55	2
2023	213	17.26	14.02	21.61	108.1	0	55	2
2023	214	17.03	13.91	20.32	245.22	0.1	55	2
2023	215	15.78	15.4	16.35	314.83	0	55	2
2023	216	18.93	14.78	24.08	314.83	1.72	55	2
2023	217	18.93	14.78	24.08	314.83	1.72	55	2
2023	218	18.93	14.78	24.08	314.83	1.72	55	2
2023	219	18.93	14.78	24.08	314.83	1.72	55	2
2023	220	19.19	16.1	22.77	314.83	0	55	2
2023	221	16.3	14.35	19.47	99.72	1.5	55	2
2023	222	17.41	14.54	21.9	314.83	0	55	2
2023	223	17.26	13.47	21.84	314.83	0	55	2
2023	224	16.43	11.83	22.03	314.83	0	55	2
2023	225	17.57	11.74	23.44	314.83	0	55	2
2023	226	18.23	12.32	24.09	314.83	0	55	2
2023	227	19.11	13.96	24.68	314.83	0	55	2
2023	228	18.74	15.68	22.93	314.83	0	55	2
2023	229	18.19	14.99	22.6	314.83	0	55	2
2023	230	17.99	14.35	23.52	314.83	0	55	2
2023	231	18.84	13.73	25.12	314.83	0	55	2
2023	232	19.25	12.04	25.81	314.83	0	55	2
2023	233	19.13	12.72	24.83	314.83	0	55	2
2023	234	20.08	15.13	25.93	314.83	0	55	2
2023	235	18.24	12.75	24.9	278.29	0	55	2
2023	236	18.13	13.52	24.14	286.17	0	55	2
2023	237	18.43	12.48	24.75	339.26	0	55	2
2023	238	19.73	14.79	25.96	370.39	0	55	2
2023	239	19.43	14.24	26.09	348.37	0	55	2
2023	240	18.38	14.17	23.01	204.73	0	55	2
2023	241	18.08	13.66	22.52	203.21	0	55	2
2023	242	18.02	15.12	21.84	184.28	0	55	2
2023	243	18.07	15.24	22.71	132.61	0	55	2
2023	244	18.87	15.46	23.51	134.25	0	55	2
2023	245	18.68	15.53	23.49	177.46	0	55	2
2023	246	18.9	12.73	25.89	309.28	0	55	2
2023	247	18.78	14.35	24.48	183.69	0	55	2
2023	248	19.63	13.74	25.63	239.41	0	55	2
2023	249	20.42	13.62	26.98	276.93	0	55	2
2023	250	18.55	15.47	24.24	183.01	23.2	55	2
2023	251	17.83	15.35	20.88	216.31	1.5	55	2
2023	252	17.63	15.18	20.3	237.69	0	55	2
2023	253	18.7	13.12	24.8	304.84	0	55	2
2023	254	19.63	15.06	25.4	286.39	0	55	2
2023	255	20.1	15.27	26.39	311.18	0	55	2
2023	256	18.54	15.58	23.43	212.37	0	55	2
2023	257	19.3	15.09	24.61	303.08	0	55	2
2023	258	18.25	15.11	22.31	305.08	0	55	2
2023	259	19.19	13.58	25.41	335.8	0	55	2
2023	260	20.08	15.78	27.18	352.88	7.9	55	2
2023	261	19.27	15.2	24.9	296.61	0	55	2
2023	262	19.43	14.03	24.85	321.49	0	55	2
2023	263	20.13	15.04	27.25	425.01	0	55	2
2023	264	20.11	14.46	26.74	335.61	0	55	2
2023	265	20.33	15.96	25.85	292.61	0	55	2
2023	266	19.54	15.6	24.75	214.41	0	55	2
2023	267	18.87	16.08	24.31	306.57	0	55	2
2023	268	20.51	14.71	27.22	310.98	0	55	2
2023	269	20.23	13.96	27.28	291.16	0	55	2
2023	270	20.27	14.8	26.27	303.74	0	55	2
2023	271	18.89	16.03	22.69	79.8	0	55	2
2023	272	19.89	13.95	26.59	315.98	0	55	2
2023	273	19.74	15.23	26.4	221.85	0	55	2
2023	274	20.87	16.39	27.58	279.48	0	55	2
2023	275	20.79	14.59	27.58	290.74	0	55	2
2023	276	18.98	12.25	25.45	355.89	0	55	2
2023	277	17.97	16.28	21.07	314.83	0	55	2
2023	278	18.71	15.17	23.32	314.83	0.1	55	2
2023	279	20.09	15.8	26.43	314.83	0	55	2
2023	280	20.12	14.92	26.08	314.83	0	55	2
2023	281	20.74	13.07	27.9	314.83	0	55	2
2023	282	21.15	14.46	27.94	314.83	0	55	2
2023	283	20.8	16.31	27.4	314.83	0	55	2
2023	284	20.65	14.57	26.53	314.83	0	55	2
2023	285	21.22	14.61	27.95	29.44	0	55	2
2023	286	22.07	14.44	29.04	427.23	0	55	2
2023	287	22.09	16.24	28.14	428.3	0	55	2
2023	288	21.94	17.65	27.56	348.26	0	55	2
2023	289	20.65	16.41	25.56	391.86	0.5	55	2
2023	290	20.59	17	26.7	287.02	0.1	55	2
2023	291	21.14	17.4	25.88	391.89	0	55	2
2023	292	19.67	16.88	24.57	333	0.9	55	2
2023	293	19.63	14.75	24.34	333.2	0	55	2
2023	294	20.13	15.77	25.43	317.38	0	55	2
2023	295	21.29	16.21	26.31	335.48	0	55	2
2023	296	20.92	15.51	26.96	386.79	0	55	2
2023	297	21.26	15.27	26.84	361.83	0	55	2
2023	298	21.43	17.08	26.31	373.89	0	55	2
2023	299	19.75	16.89	24.27	302.02	1.9	55	2
2023	300	19.99	16.11	24.47	275.17	0	55	2
2023	301	20.44	15.29	26.18	299.92	0	55	2
2023	302	20.44	16.2	25.09	293.17	0	55	2
2023	303	19.84	16.07	25.11	320.12	0	55	2
2023	304	19.58	16.66	24.13	286.44	4.5	55	2
2023	305	20.19	15.98	25.04	301.58	0	55	2
2023	306	18.89	16.55	22.21	304.4	32.9	55	2
2023	307	18.28	16.62	22.5	326.5	8.3	55	2
2023	308	18.22	15.53	21.34	294.16	8.6	55	2
2023	309	18.8	16.42	23.16	313	7.2	55	2
2023	310	19.32	16.17	24.13	442.3	28.39	55	2
2023	311	19.12	15.6	23.81	471.37	35.8	55	2
2023	312	18.59	16.89	21.94	329.38	3.1	55	2
2023	313	19.14	15.53	23.06	388.75	0	55	2
2023	314	18.8	16.01	22.5	265.7	17.8	55	2
2023	315	18.04	15.14	21.42	278.59	11.1	55	2
2023	316	18.82	16.5	23.13	342.78	4.4	55	2
2023	317	18.97	16.48	22.72	418.36	3.9	55	2
2023	318	18.57	16.33	23.09	332.43	22.2	55	2
2023	319	18.42	16.63	22.5	327.11	5.7	55	2
2023	320	18.56	16.26	22.07	379.33	6.6	55	2
2023	321	18.58	16.27	22.19	301.92	2.5	55	2
2023	322	19.16	16.24	23.04	360.37	1.74	55	2
2023	323	19.33	16.45	23.33	426.02	1.4	55	2
2023	324	18.81	15.89	23.3	398.04	0.4	55	2
2023	325	18.89	16.91	22.18	319.64	14.2	55	2
2023	326	18.29	16.52	21.89	360.61	8.7	55	2
2023	327	18.41	16.01	21.81	332.88	3.6	55	2
2023	328	18.6	16.2	22.59	392.39	9	55	2
2023	329	18.63	16.17	22.4	319.92	6.8	55	2
2023	330	18.31	15.64	21.96	339	8.4	55	2
2023	331	19.47	15.78	24.04	471.51	2.6	55	2
2023	332	19.07	16.67	23.43	349.55	0	55	2
2023	333	19.54	16.52	23.98	498.21	0	55	2
2023	334	19.2	15.46	23.4	483.41	0	55	2
2023	335	19.08	14.87	23.94	461.96	0	55	2
2023	336	19.51	14.76	24.39	411.98	0	55	2
2023	337	19.26	16.65	23.41	401.68	0	55	2
2023	338	18.98	15.93	23.5	363.5	0	55	2
2023	339	19.21	15.7	24.03	404.09	0	55	2
2023	340	19.08	16.36	23.58	383.18	0	55	2
2023	341	19.16	13.78	24.68	473.77	0	55	2
2023	342	19.31	14.63	24.83	446.49	0	55	2
2023	343	18.69	14.4	23.86	398.57	0	55	2
2023	344	19.39	16.5	23.57	397.26	0.8	55	2
2023	345	19.18	15.52	23.85	396.18	0.1	55	2
2023	346	19.24	15	24.28	353.75	0	55	2
2023	347	19.64	15.87	24.75	349.7	0	55	2
2023	348	19.65	17.22	23.88	355.75	0.1	55	2
2023	349	18.97	16.04	22.86	373.16	4.7	55	2
2023	350	18.27	16.3	21.59	235.59	0	55	2
2023	351	18.93	15.66	23.38	376.45	0	55	2
2023	352	18.79	15.6	23.31	400.29	0.1	55	2
2023	353	19.29	16.03	23.73	350.94	0	55	2
2023	354	18.81	14.53	23.85	403.15	0	55	2
2023	355	19.55	15.62	24.47	407.99	0	55	2
2023	356	19.31	15.92	23.7	323.94	2.2	55	2
2023	357	18.94	16.36	23.24	309.77	6.7	55	2
2023	358	20.22	16.91	24.8	409.78	0.7	55	2
2023	359	20.3	17.16	25.01	417.6	0	55	2
2023	360	18.96	16.81	22.36	248.07	0.6	55	2
2023	361	18.91	14.84	23.14	434.42	0	55	2
2023	362	19.96	15.72	24.86	444.77	0	55	2
2023	363	20.22	15.6	25.2	410.62	0	55	2
2023	364	20.21	16.76	25.21	330.63	0	55	2
2023	365	20.6	17.19	25.44	386.32	0	55	2
2024	1	20.55	16.91	25.02	395.65	2.14	55	2
2024	2	20.07	16.56	24.68	328.04	18.7	55	2
2024	3	20.13	17.2	24.79	425.13	0	55	2
2024	4	19.96	16.09	24.53	390.43	0	55	2
2024	5	19.14	16.57	24.91	303.88	9.3	55	2
2024	6	19.09	16.54	23.04	280.32	10.8	55	2
2024	7	18.92	16.76	22.92	273.23	11	55	2
2024	8	19.43	16.57	23.66	356.87	0	55	2
2024	9	19.08	15.93	23.21	462.74	0	55	2
2024	10	18.79	14.92	22.81	326.66	0.7	55	2
2024	11	19.15	16	24.15	297.42	3	55	2
2024	12	19.59	16.95	23.85	259.61	16.24	55	2
2024	13	18.52	16.36	22.04	190.84	31	55	2
2024	14	20.09	17.75	24.48	277.53	0	55	2
2024	15	20.34	17.24	24.64	379.93	0.1	55	2
2024	16	20.38	16.41	25.06	366.77	0	55	2
2024	17	20.19	16.93	24.19	312.15	0	55	2
2024	18	19.37	17.01	23.03	311.02	0	55	2
2024	19	18.89	16.86	23.7	315.68	0	55	2
2024	20	18.93	14.78	24.08	314.83	1.72	55	2
2024	21	18.93	14.78	24.08	314.83	1.72	55	2
2024	22	18.93	14.78	24.08	314.83	1.72	55	2
2024	23	18.93	14.78	24.08	314.83	1.72	55	2
2024	24	18.93	14.78	24.08	314.83	1.72	55	2
2024	25	18.93	14.78	24.08	314.83	1.72	55	2
2024	26	18.93	14.78	24.08	314.83	1.72	55	2
2024	27	18.93	14.78	24.08	314.83	1.72	55	2
2024	28	18.93	14.78	24.08	314.83	1.72	55	2
2024	29	18.93	14.78	24.08	314.83	1.72	55	2
2024	30	18.93	14.78	24.08	314.83	1.72	55	2
2024	31	18.93	14.78	24.08	314.83	1.72	55	2
2024	32	18.93	14.78	24.08	314.83	1.72	55	2
2024	33	18.93	14.78	24.08	314.83	1.72	55	2
2024	34	18.93	14.78	24.08	314.83	1.72	55	2
2024	35	18.93	14.78	24.08	314.83	1.72	55	2
2024	36	18.93	14.78	24.08	314.83	1.72	55	2
2024	37	18.93	14.78	24.08	314.83	1.72	55	2
2024	38	21.15	17.7	26.22	221.31	0	55	2
2024	39	20.08	15.99	24.99	346.47	0	55	2
2024	40	20.99	15.87	26.34	462.24	0	55	2
2024	41	20.64	17.09	26.15	447.48	0	55	2
2024	42	19.97	14.37	26	399.42	0	55	2
2024	43	20.55	14.43	26.68	468.14	0	55	2
2024	44	21.28	15.75	27.18	457.02	0	55	2
2024	45	21.47	15.82	27.65	459.04	0	55	2
2024	46	21.39	14.98	27.63	467.3	0	55	2
2024	47	20.85	14.84	26.93	431.15	0	55	2
2024	48	21.07	15.83	27.36	446.37	0	55	2
2024	49	22.65	14.91	29.69	443.2	0	55	2
2024	50	23.05	17.38	29.57	416.22	0	55	2
2024	51	22.11	17.2	28.55	387.18	11.4	55	2
2024	52	21.85	16.8	28.03	449.79	0.1	55	2
2024	53	20.86	16.12	26.32	473.39	0	55	2
2024	54	20.17	16.55	25.25	359.8	0	55	2
2024	55	18.94	16.09	24.26	408.31	17.4	55	2
2024	56	20.54	16.07	25.74	363.46	0.2	55	2
2024	57	21.06	16.67	26.91	303.73	0	55	2
2024	58	20.5	17.29	27.15	377.02	3.5	55	2
2024	59	20.08	15.68	26.25	349.14	8.9	55	2
2024	60	21.47	17.31	26.54	464.21	3.2	55	2
2024	61	21.05	16.2	26.2	490.4	0	55	2
2024	62	21.18	17.12	26.2	401.99	0	55	2
2024	63	21.32	16.24	27.18	467.74	0	55	2
2024	64	21.55	16.18	27.88	325.93	0	55	2
2024	65	20.75	17.43	25.55	496.01	0	55	2
2024	66	20.5	16.45	25.77	389.11	0	55	2
2024	67	21.01	15.45	26.84	383.34	0	55	2
2024	68	21.68	15.35	28.29	444.41	0	55	2
2024	69	21.49	16.93	27.21	452.61	0.3	55	2
2024	70	21.36	16.35	27.36	432.49	0	55	2
2024	71	21.48	16.61	27.44	460.68	0	55	2
2024	72	21.21	14.96	27.75	447.12	0	55	2
2024	73	21.53	15.6	27.85	454.11	0	55	2
2024	74	20.69	16.64	26.53	326.48	0	55	2
2024	75	20.32	15.36	26.03	367.02	0	55	2
2024	76	20.56	14.77	26.78	446.98	0	55	2
2024	77	22.14	15.52	29.49	377.6	0	55	2
2024	78	21.85	16.88	27.72	393.51	0	55	2
2024	79	21.66	16.59	27.9	370.2	0	55	2
2024	80	21.23	17.05	27.02	395.68	0.4	55	2
2024	81	21.71	16.73	27.92	411.73	0.1	55	2
2024	82	22.27	16.56	28.8	446.89	0	55	2
2024	83	20.86	16.19	27.55	243.77	37.7	55	2
2024	84	20.59	16.53	26.68	356.46	7.8	55	2
2024	85	20.46	15.28	27.48	447.62	11.1	55	2
2024	86	21.11	18	25.76	403.26	0	55	2
2024	87	20.43	17.71	26.29	469.38	0	55	2
2024	88	20.27	17.05	25.24	387.91	0.1	55	2
2024	89	20.33	15.75	25.54	384.8	3	55	2
2024	90	19.7	17.7	24.45	397.67	2.2	55	2
2024	91	19.35	16.36	23.47	361.35	0	55	2
2024	92	19.69	16.66	24.31	411.35	0.3	55	2
2024	93	20.26	17.37	24.64	404.5	0	55	2
2024	94	20.38	16.21	25.5	389.48	0	55	2
2024	95	20.24	17.33	25.29	408.25	0	55	2
2024	96	20.98	17.46	25.42	495.83	0	55	2
2024	97	19.56	16.1	24.02	320.78	0	55	2
2024	98	20.89	16.82	25.55	465.87	0	55	2
2024	99	20.22	17.88	24.38	288.36	0	55	2
2024	100	19.47	15.67	24.82	316.19	0	55	2
2024	101	20.72	16.59	26.32	467.72	0	55	2
2024	102	20.82	16.64	26.28	403.22	0	55	2
2024	103	20.37	16.5	24.76	394.07	0	55	2
2024	104	19.98	17.24	23.99	283.53	0	55	2
2024	105	20.43	17.16	25.03	381.75	0	55	2
2024	106	19.59	17.16	24.52	337.59	0	55	2
2024	107	20.04	16.62	24.46	380.13	0	55	2
2024	108	20.44	17.3	25.28	457.11	12.3	55	2
2024	109	20.78	17.98	25.29	387.17	0	55	2
2024	110	19.96	16.99	24.12	261.47	0	55	2
2024	111	20.09	16.15	25	409.86	0	55	2
2024	112	19.11	16.83	24.05	261.24	0	55	2
2024	113	19.9	16.84	24.63	393.14	0.1	55	2
2024	114	20.22	17.92	24.13	287.86	0	55	2
2024	115	20.01	17.38	24.69	397.84	0	55	2
2024	116	19.21	17.84	24.04	248.92	24.9	55	2
2024	117	18.35	16.25	22.65	322.38	31.8	55	2
2024	118	19.75	17.01	24.01	363.68	0.6	55	2
2024	119	19.52	17.46	22.63	322.68	0.3	55	2
2024	120	18.98	16.26	24.9	308.6	61.1	55	2
2024	121	20.46	17.01	26.24	370.88	4.8	55	2
2024	122	19.78	17.34	24.71	313.36	33.6	55	2
2024	123	19.37	17.6	24.77	220.98	6.1	55	2
2024	124	20.26	17.52	23.67	250.35	11	55	2
2024	125	18.93	16.82	23.3	199.33	43	55	2
2024	126	19.81	16.73	25.59	355.03	0.3	55	2
2024	127	18.57	15.88	22.23	194.62	26.6	55	2
2024	128	18.94	16.7	22.76	265.87	3.2	55	2
2024	129	18.61	16.65	22.64	272.42	1.5	55	2
2024	130	18.29	15.7	21.96	221.21	0.2	55	2
2024	131	18.43	16.26	22.18	245.47	0.9	55	2
*	*	tavg	tmin	tmax	grad	prec	rh	wind
2018	208	18.93	14.78	24.08	314.83	1.72	55	2
2018	209	18.93	14.78	24.08	314.83	1.72	55	2
2018	210	18.93	14.78	24.08	314.83	1.72	55	2
2018	211	16.6	15.06	23.09	314.83	55.62	55	2
2018	212	16.77	13.75	20.4	256.94	0	55	2
2018	213	17.61	14.08	23.6	276.25	0	55	2
2018	214	17.15	11.43	24.45	370.21	0	55	2
2018	215	16.59	11.45	23.44	418.89	0	55	2
2018	216	15.9	11.46	21.9	229.4	0	55	2
2018	217	15.41	12.37	19.38	129.79	0	55	2
2018	218	16.55	11.15	22.11	335.6	0	55	2
2018	219	16.84	10.31	23.81	393.76	0	55	2
2018	220	17.32	10.45	24.61	358.97	0	55	2
2018	221	17.43	12.32	23.1	267.85	0	55	2
2018	222	16	11.45	21.38	279.77	0	55	2
2018	223	16.26	13.13	21.55	267.28	0	55	2
2018	224	16.09	12.1	20.98	300.57	0	55	2
2018	225	14.86	10.78	18.88	186.99	0	55	2
2018	226	16.17	10.4	22.59	362.45	0	55	2
2018	227	15.73	12.18	21.02	193.29	0	55	2
2018	228	14.76	10.47	19.42	191.7	0.1	55	2
2018	229	15.07	12.45	18.64	137.54	0	55	2
2018	230	15.17	11.67	19.21	193.86	0	55	2
2018	231	15.93	12.67	21.26	194.07	0	55	2
2018	232	15.73	11.44	21.28	264.54	0	55	2
2018	233	16.31	10.78	21.12	185.61	0	55	2
2018	234	17.06	10.96	24.12	296.86	0	55	2
2018	235	15.91	13.39	18.69	113.44	0	55	2
2018	236	17.29	12.49	23.06	215.29	0	55	2
2018	237	17.74	11.88	23.37	259.16	0	55	2
2018	238	17.09	14.4	22.17	179.34	0	55	2
2018	239	17.73	12.36	24.35	261.63	1.5	55	2
2018	240	15.93	14.09	18.77	90.39	0.1	55	2
2018	241	16.37	13.47	19.55	143.68	0	55	2
2018	242	16.82	12.71	21.06	211.61	0	55	2
2018	243	16.56	13.2	20.14	201.46	0	55	2
2018	244	15.47	11.77	19.59	120.08	0	55	2
2018	245	16.34	13.18	21.05	108.2	0	55	2
2018	246	16.62	10.71	22.47	210.51	0	55	2
2018	247	16.42	11.88	21.52	192.35	0	55	2
2018	248	18.1	14.54	23.26	341.28	0	55	2
2018	249	17.83	13.62	23.34	294.5	0	55	2
2018	250	17.77	12.83	23.71	399.68	0	55	2
2018	251	17.86	11.99	23.8	348.42	0	55	2
2018	252	18.95	11.89	26.47	388.1	0	55	2
2018	253	20.02	14.37	26.75	362.86	0	55	2
2018	254	19.08	14.84	24.56	375.28	0	55	2
2018	255	18.01	11.4	24.92	382.86	0	55	2
2018	256	18.9	13.46	25.21	381.15	0	55	2
2018	257	19.74	13.81	25.91	344.46	0	55	2
2018	258	18.99	11.42	26.66	390.95	0	55	2
2018	259	19.42	11.63	26.66	386.21	0	55	2
2018	260	19.04	11.43	26.8	343.9	0	55	2
2018	261	17.96	11.56	25.69	367.38	0	55	2
2018	262	17.7	12.25	24.73	302.25	0	55	2
2018	263	19.23	12.66	26.44	402.75	0	55	2
2018	264	19.45	14.45	26.2	375.51	0	55	2
2018	265	18.16	13.01	23.56	276.9	0	55	2
2018	266	18.54	13	24.95	348.03	0	55	2
2018	267	17.97	10.74	25.28	390.05	0	55	2
2018	268	19.07	13.96	24.87	307.7	0	55	2
2018	269	19.44	12.78	26.23	338.76	0	55	2
2018	270	18.55	14.65	22.86	262.62	0	55	2
2018	271	19.11	15.23	24.79	325.26	0	55	2
2018	272	19.34	13.57	26.13	340.5	0	55	2
2018	273	19.39	13.99	25.7	427.6	0	55	2
2018	274	17.9	10.42	24.28	386.57	0	55	2
2018	275	17.91	12.04	24.29	294.81	0	55	2
2018	276	19.27	13.9	26.01	413.41	0	55	2
2018	277	18.69	14.18	24.05	302.87	0	55	2
2018	278	19	13.03	25.49	363.15	0	55	2
2018	279	20.11	15.16	27	385.89	0	55	2
2018	280	19.04	14.53	26.46	290.14	9.9	55	2
2018	281	18.55	12.95	24.16	240.49	0.8	55	2
2018	282	18.75	13.47	23.91	311.96	0	55	2
2018	283	18.24	11.88	24.24	315.37	0	55	2
2018	284	19.1	13.37	25.09	377.15	0	55	2
2018	285	19.43	12.16	27.16	366.53	0	55	2
2018	286	20.2	15.51	26.89	293.92	0	55	2
2018	287	19.65	13.54	27.37	321.8	0	55	2
2018	288	20.14	14.71	26.35	314.3	0	55	2
2018	289	19.71	14.4	26.68	341.22	0	55	2
2018	290	20.39	15.48	26.25	376.21	0	55	2
2018	291	20.39	15.87	26.02	379.61	0	55	2
2018	292	20.31	15.81	26.36	397.83	0	55	2
2018	293	20.49	14.78	26.48	391.04	0	55	2
2018	294	20.02	14.68	25.48	360.18	0	55	2
2018	295	18.92	13.1	24.48	374.51	0	55	2
2018	296	16.42	14.08	19.6	163.05	3.47	55	2
2018	297	16.35	14.69	20.04	153.87	0.2	55	2
2018	298	16.83	14.17	20.52	222.11	1.77	55	2
2018	299	17.71	13.7	22.47	223.85	0	55	2
2018	300	17.7	14.69	22.5	294.16	5.41	55	2
2018	301	18.28	15.04	23.01	309.42	0	55	2
2018	302	19.17	15.27	24.55	351.5	0.7	55	2
2018	303	19.89	15.03	25.79	322.87	0	55	2
2018	304	20.03	14.3	26.13	403.31	0	55	2
2018	305	19.99	15.47	25.36	316.21	0	55	2
2018	306	19.37	16.13	24.78	383.44	7.9	55	2
2018	307	19.21	16.09	23.98	393.38	0	55	2
2018	308	19.08	13.71	24.8	369.02	0	55	2
2018	309	19.44	11.7	25.56	432.47	0	55	2
2018	310	19.74	14.41	26.24	383.09	0	55	2
2018	311	20.32	14.14	27.57	406.81	0	55	2
2018	312	20.67	13.74	27.57	379.04	0	55	2
2018	313	19.87	14.81	26.38	219.56	0	55	2
2018	314	20.48	16.14	26.03	328.17	0	55	2
2018	315	19.61	14.55	25.78	380.24	0.2	55	2
2018	316	20.24	15.57	26.12	397.15	0.1	55	2
2018	317	19.54	16.05	24.82	315.32	0	55	2
2018	318	19.49	14.22	25.02	377.69	0	55	2
2018	319	20.39	14.1	26.93	415.72	0	55	2
2018	320	20.68	12.65	27.66	399.72	0	55	2
2018	321	19.15	15.92	25.36	227.87	0.1	55	2
2018	322	20.25	14.31	26.69	398.8	0	55	2
2018	323	19.77	14.5	25.3	369.3	20.5	55	2
2018	324	19.19	15.69	23.1	335.81	16.58	55	2
2018	325	18.36	15.97	23.18	250.84	20.7	55	2
2018	326	19.18	15.47	24.07	315.27	0	55	2
2018	327	19.53	14.45	24.87	413.16	0	55	2
2018	328	18.93	15.54	23.66	343.05	0	55	2
2018	329	18.58	15.5	23.29	404.82	4.49	55	2
2018	330	17.72	14.97	22.08	340.87	32.53	55	2
2018	331	18.73	14.89	23.52	389.35	1.02	55	2
2018	332	19.07	15.64	23.53	362.12	0	55	2
2018	333	18.22	15.77	22.2	346.84	12.3	55	2
2018	334	18.6	15.89	22.8	381.4	2.4	55	2
2018	335	17.46	15.31	21.46	315.23	2.8	55	2
2018	336	18.07	14.47	22.93	345.04	0	55	2
2018	337	18.74	15.35	23.64	417.43	0	55	2
2018	338	18.14	15.39	23.18	365.68	14.9	55	2
2018	339	18.33	15.75	23.16	377.03	18.1	55	2
2018	340	19.59	15.82	24.58	449.29	1.9	55	2
2018	341	19.61	16.37	24.04	461.93	0	55	2
2018	342	17.98	14.3	22.32	318.92	29.6	55	2
2018	343	19.39	16.28	23.75	435.35	0.6	55	2
2018	344	18.07	15.6	22.15	245.69	2.8	55	2
2018	345	17.23	14.44	21.16	260.87	23.49	55	2
2018	346	19.3	14.58	24.57	413.87	0	55	2
2018	347	18.55	14.4	22.86	405.65	2.9	55	2
2018	348	18.48	15.39	23.26	448.86	18.26	55	2
2018	349	17.68	15.29	22.32	353.04	24.7	55	2
2018	350	18.07	13.16	22.97	446.13	0.1	55	2
2018	351	18.6	14.25	23.53	472.09	0	55	2
2018	352	19.19	14.38	24.29	459.03	0	55	2
2018	353	19.19	16.48	23.37	278.22	1.3	55	2
2018	354	18.71	15.5	23.56	367.87	0	55	2
2018	355	18.15	13.4	23.73	344.3	0	55	2
2018	356	18.84	14.16	24.48	384.57	0	55	2
2018	357	19.04	14.56	24.14	457.5	0	55	2
2018	358	18.27	14.18	23.31	420.96	0	55	2
2018	359	18.4	13.73	23.94	399.99	0	55	2
2018	360	18.25	14.04	22.74	413.96	0	55	2
2018	361	18.44	15.12	23.32	403.55	0	55	2
2018	362	18.67	13.86	24.89	445.89	0	55	2
2018	363	19.29	14.46	25.22	444.74	0	55	2
2018	364	19.29	15.61	24.64	402.79	0.1	55	2
2018	365	18.67	14.93	23.53	404.13	0	55	2
2019	1	18.09	12.83	24.2	382.89	0	55	2
2019	2	18.99	12.82	24.75	430.36	0	55	2
2019	3	19.15	14.07	24.68	446.47	0	55	2
2019	4	17.56	14.63	22	297.77	7.7	55	2
2019	5	18.12	15.54	21.81	347.24	1.5	55	2
2019	6	18.85	14.89	24.31	454.24	0	55	2
2019	7	19.42	13.92	24.92	453.72	0	55	2
2019	8	16.29	15.98	16.77	314.83	0	55	2
2019	9	18.93	14.78	24.08	314.83	1.72	55	2
2019	10	21.88	18.88	24.35	417.75	0	55	2
2019	11	19.72	15.9	24.62	360.29	0.2	55	2
2019	12	18.57	14.04	24.13	407.69	0	55	2
2019	13	15.86	15.86	15.86	314.83	0	55	2
2019	14	18.93	14.78	24.08	314.83	1.72	55	2
2019	15	18.93	14.78	24.08	314.83	1.72	55	2
2019	16	18.93	14.78	24.08	314.83	1.72	55	2
2019	17	18.93	14.78	24.08	314.83	1.72	55	2
2019	18	18.93	14.78	24.08	314.83	1.72	55	2
2019	19	18.93	14.78	24.08	314.83	1.72	55	2
2019	20	18.93	14.78	24.08	314.83	1.72	55	2
2019	21	18.93	14.78	24.08	314.83	1.72	55	2
2019	22	18.93	14.78	24.08	314.83	1.72	55	2
2019	23	18.93	14.78	24.08	314.83	1.72	55	2
2019	24	18.93	14.78	24.08	314.83	1.72	55	2
2019	25	18.93	14.78	24.08	314.83	1.72	55	2
2019	26	18.93	14.78	24.08	314.83	1.72	55	2
2019	27	18.93	14.78	24.08	314.83	1.72	55	2
2019	28	18.93	14.78	24.08	314.83	1.72	55	2
2019	29	18.93	14.78	24.08	314.83	1.72	55	2
2019	30	18.93	14.78	24.08	314.83	1.72	55	2
2019	31	18.93	14.78	24.08	314.83	1.72	55	2
2019	32	22.63	17.96	26.57	452.51	0	55	2
2019	33	20.53	12.89	28.07	425.11	0	55	2
2019	34	16.58	13.78	23.03	179.79	0	55	2
2019	35	18.93	14.78	24.08	314.83	1.72	55	2
2019	36	18.93	14.78	24.08	314.83	1.72	55	2
2019	37	18.93	14.78	24.08	314.83	1.72	55	2
2019	38	18.93	14.78	24.08	314.83	1.72	55	2
2019	39	18.93	14.78	24.08	314.83	1.72	55	2
2019	40	18.93	14.78	24.08	314.83	1.72	55	2
2019	41	21.52	16.9	25.44	433.52	0	55	2
2019	42	20.07	13.71	27.33	423.16	0	55	2
2019	43	19.55	13.42	26.11	421.27	0	55	2
2019	44	19.03	13.44	26.08	421.52	0	55	2
2019	45	19.58	14.34	25.68	391.37	0	55	2
2019	46	21.04	14.82	27.39	401.35	0	55	2
2019	47	21.28	17.33	26.89	330.92	0	55	2
2019	48	21.53	16.73	26.84	361.47	0	55	2
2019	49	21.98	14.02	29.49	419.62	0	55	2
2019	50	21.96	15.24	29.6	395.61	0	55	2
2019	51	21.36	16.15	27.52	433.98	0	55	2
2019	52	20.45	16.33	25.87	403.07	3.7	55	2
2019	53	20.39	15.57	26.48	422.97	0	55	2
2019	54	20.63	15.6	27.71	372.27	0.6	55	2
2019	55	20.4	15.79	27.76	330.13	0	55	2
2019	56	21.19	15.91	27.88	392.57	1.7	55	2
2019	57	21.65	14.89	28.85	446.15	0	55	2
2019	58	21.04	13.94	27.47	429.46	0	55	2
2019	59	21.37	13.54	28.47	438.6	0	55	2
2019	60	22.64	13.59	30.69	430.31	0	55	2
2019	61	22.72	15.86	29.74	204.26	0	55	2
2019	62	22.98	16.43	30.63	381	0.6	55	2
2019	63	21.09	15.58	27.9	348.69	5.1	55	2
2019	64	20.78	15.75	26.9	444.39	21.9	55	2
2019	65	21.63	14.55	28.62	484.64	0	55	2
2019	66	22.19	15.63	29.16	470.57	0	55	2
2019	67	22.11	14.65	28.63	479.44	0	55	2
2019	68	21.25	15.03	27.9	451.69	0	55	2
2019	69	21.17	15.11	27.8	457.54	0	55	2
2019	70	20.9	13.91	27.46	425.21	0	55	2
2019	71	21.6	14.71	29	427.74	0	55	2
2019	72	21.42	14.9	28.32	412.15	0	55	2
2019	73	19.82	15.38	25.89	417.68	0	55	2
2019	74	20.6	14.82	26.72	453.15	0	55	2
2019	75	20.71	15.08	26.86	386.27	0	55	2
2019	76	20.72	14.79	28.05	510.68	0	55	2
2019	77	18.93	14.78	24.08	314.83	1.72	55	2
2019	78	18.93	14.78	24.08	314.83	1.72	55	2
2019	79	18.93	14.78	24.08	314.83	1.72	55	2
2019	80	18.93	14.78	24.08	314.83	1.72	55	2
2019	81	18.93	14.78	24.08	314.83	1.72	55	2
2019	82	23.62	18.95	27.31	440.02	0	55	2
2019	83	21.34	16.18	27.52	370.37	0	55	2
2019	84	21.87	14.94	29.24	400.42	0	55	2
2019	85	22.6	15.76	30.18	397.29	0	55	2
2019	86	22.12	16.25	28.07	379.65	0	55	2
2019	87	21.24	15.86	27.26	375.7	0	55	2
2019	88	22.06	16.53	28.38	350.25	0	55	2
2019	89	22.1	16.45	27.58	336.73	4.7	55	2
2019	90	22	15.7	28.75	397.86	0.1	55	2
2019	91	21.96	16.23	28.24	386.57	0	55	2
2019	92	22.16	16.71	28.48	387.74	0	55	2
2019	93	22.42	16.14	28.6	405.31	0	55	2
2019	94	21.67	16.93	27.45	348.15	0	55	2
2019	95	21.3	16.46	26.72	311.94	0	55	2
2019	96	21.26	15.94	27.21	340.13	0	55	2
2019	97	21.54	16.3	27.53	380.67	0	55	2
2019	98	22.08	15.12	29.02	433.56	0	55	2
2019	99	18.68	17.78	19.79	314.83	0	55	2
2019	100	18.93	14.78	24.08	314.83	1.72	55	2
2019	101	18.93	14.78	24.08	314.83	1.72	55	2
2019	102	18.93	14.78	24.08	314.83	1.72	55	2
2019	103	18.93	14.78	24.08	314.83	1.72	55	2
2019	104	18.93	14.78	24.08	314.83	1.72	55	2
2019	105	18.93	14.78	24.08	314.83	1.72	55	2
2019	106	18.93	14.78	24.08	314.83	1.72	55	2
2019	107	24.38	20.09	28.4	255.72	0	55	2
2019	108	22.11	15.59	28.47	305.38	0	55	2
2019	109	22.12	16.34	28.11	304.27	0	55	2
2019	110	22.54	16.67	28.87	267.05	0	55	2
2019	111	21.69	16.65	28.78	256.67	0.9	55	2
2019	112	20.99	16.4	26.62	254.24	7.4	55	2
2019	113	19.96	17.53	24.4	159.98	6.5	55	2
2019	114	19.86	15.88	26.74	351.42	29	55	2
2019	115	20	17.28	24.69	191.9	0	55	2
2019	116	20.13	16.78	24.42	372.53	11.2	55	2
2019	117	19.93	15.21	25.02	334.21	19.71	55	2
2019	118	20.52	16.44	26.21	440.95	0	55	2
2019	119	20.56	16.43	25.09	391.88	0.8	55	2
2019	120	19.64	16.1	24.67	352.33	1.2	55	2
2019	121	20.02	16.1	25.73	430.25	0	55	2
2019	122	20.34	15.33	26.28	422.02	0	55	2
2019	123	20.26	16.68	24.94	313.68	0	55	2
2019	124	19.65	16.25	23.98	281.23	0	55	2
2019	125	19.99	16.26	25.28	320.52	0	55	2
2019	126	19.81	16.16	24.77	372.3	1.6	55	2
2019	127	19.74	15.95	25.12	353.41	0	55	2
2019	128	20.2	16.09	24.85	349.12	0	55	2
2019	129	19.66	15.22	24.5	308.71	0	55	2
2019	130	19.63	16.08	24.92	271.54	0	55	2
2019	131	19.5	15.7	24.83	311.76	0	55	2
2019	132	19.38	16.02	24.63	289.69	0.2	55	2
2019	133	19.59	14.75	24.37	277.79	0	55	2
2019	134	19.57	15.62	24.86	304.15	0	55	2
2019	135	20.15	15.52	25.83	358.4	0	55	2
2019	136	19.67	14.88	24.33	277.47	0	55	2
2019	137	19.62	14.87	24.8	263.57	0	55	2
2019	138	18.57	16.31	22.29	268.17	10.7	55	2
2019	139	17.69	15.03	20.46	200.98	0	55	2
2019	140	18.5	14.18	22.36	264.59	0	55	2
2019	141	18.89	14.07	24.23	320	0	55	2
2019	142	18.84	14.79	24.05	226.1	0	55	2
2019	143	18.54	15.49	22.67	282.26	0	55	2
2019	144	18.02	14.76	23.12	340.41	0	55	2
2019	145	17.95	15.73	21.96	233.68	0	55	2
2019	146	17.69	15.52	21.09	211.7	3	55	2
2019	147	18.18	15.76	22.11	251.02	0	55	2
2019	148	17.93	14.36	21.84	201.51	0	55	2
2019	149	18.45	15.47	22.57	259.82	0	55	2
2019	150	18.98	13.86	24.03	343.84	0	55	2
2019	151	18.74	14.86	23.74	203.36	0	55	2
2019	152	19.36	15.9	26.37	332.48	0	55	2
2019	153	18.3	15.86	25.48	296.98	23.37	55	2
2019	154	18.79	15.86	23.39	319.46	0	55	2
2019	155	18.12	14.67	22.13	243.64	0	55	2
2019	156	16.84	15.01	19.19	118.16	0	55	2
2019	157	17.27	14.15	21.34	222.71	23.8	55	2
2019	158	17.88	14.75	21.6	247.63	0	55	2
2019	159	18.53	14.92	23.31	307.51	0	55	2
2019	160	16.81	15.65	18.91	88.11	0.6	55	2
2019	161	16.02	14.19	18.7	106.72	0	55	2
2019	162	17.12	13.54	20.82	212.6	0	55	2
2019	163	17.67	14.32	20.69	150.08	0	55	2
2019	164	18.31	14.85	22.75	260.22	0	55	2
2019	165	17.51	14.36	21.77	228.41	0	55	2
2019	166	16.85	13.84	20.65	210.67	0	55	2
2019	167	17.9	13.41	23.5	287.13	0	55	2
2019	168	17.89	11.91	23.72	354.22	0	55	2
2019	169	16.99	12.83	21.42	185.43	0	55	2
2019	170	18.41	13.15	24.45	306.49	0	55	2
2019	171	18.09	13.8	22.92	257.47	0	55	2
2019	172	16.28	13.91	18.74	115.72	0	55	2
2019	173	18.07	13.93	23.24	289.99	0	55	2
2019	174	18.56	14.17	25.27	347.62	0.2	55	2
2019	175	18.71	14.17	24.32	234.05	0	55	2
2019	176	17.19	13.19	20.82	171.41	0	55	2
2019	177	17.54	14.61	22.73	168.89	0	55	2
2019	178	17.66	13.55	22.06	171.55	0	55	2
2019	179	16.94	13.95	21.81	209.48	0	55	2
2019	180	17.74	11.85	24.73	376.87	0	55	2
2019	181	17.93	11.47	24.61	293.81	0	55	2
2019	182	18.81	13.31	24.6	355.33	0	55	2
2019	183	18.68	12.96	24.5	302.97	0	55	2
2019	184	17.95	14.3	21.36	151.54	0	55	2
2019	185	17.9	12.35	23.86	300.31	0	55	2
2019	186	18.42	12.86	24.56	303.34	0	55	2
2019	187	17.87	14.63	22.66	221.02	0	55	2
2019	188	17.85	13.7	23.31	210.01	0	55	2
2019	189	18.44	12.39	24.56	293.68	0	55	2
2019	190	18.78	12.94	24.98	334.15	0	55	2
2019	191	18.36	12.39	24.25	254.04	0	55	2
2019	192	18.57	13.6	23.86	284.97	0	55	2
2019	193	19.03	13.91	24.83	324.99	0	55	2
2019	194	17.2	12.31	22.17	167.08	0	55	2
2019	195	17.31	11.73	22.82	244.39	0	55	2
2019	196	17.34	12.64	22.77	219.16	0	55	2
2019	197	16.33	12.08	20.61	192.51	0	55	2
2019	198	16.31	13.61	20.22	152.09	0	55	2
2019	199	17.26	12.94	22.71	337.88	0.8	55	2
2019	200	17.01	13.63	21.97	248.29	0	55	2
2019	201	16.91	13.07	22.83	187.85	0	55	2
2019	202	18.76	11.56	25.88	320.47	0	55	2
2019	203	17.12	13.12	23.38	201.97	0	55	2
2019	204	17.71	10.84	25.25	331.39	0	55	2
2019	205	17.7	11.23	24.66	282.07	0	55	2
2019	206	18.25	11.51	25.81	356.65	0	55	2
2019	207	17.23	12.01	24.51	344.37	0	55	2
2019	208	16.37	10.47	23.42	277.17	0	55	2
2019	209	16.86	11.64	22.32	223.75	0	55	2
2019	210	17.92	12.38	22.83	252.05	0	55	2
2019	211	16.95	13.02	20.8	139.87	0	55	2
2019	212	17.85	14.64	22.22	137.04	5.5	55	2
2019	213	19.04	13.92	25.13	337.48	0	55	2
2019	214	17.43	11.77	23.22	242.46	0	55	2
2019	215	17.74	13.27	22.95	386.33	2.24	55	2
2019	216	17.64	11.11	24.33	401.78	0	55	2
2019	217	18.25	11.2	25.79	379.67	0	55	2
2019	218	19.24	10.89	27.05	347.98	0	55	2
2019	219	18.79	15.69	23.92	276.47	0	55	2
2019	220	18.2	13.84	23.44	336.18	0	55	2
2019	221	17.18	11.21	22.86	342.07	0	55	2
2019	222	17.02	11.51	22.78	255.15	0	55	2
2019	223	16.22	13.92	20.35	164.02	0	55	2
2019	224	16.57	11.91	22.01	293.3	0	55	2
2019	225	17.53	13.12	24.09	316.05	0	55	2
2019	226	16.61	13.48	20.82	164.39	0	55	2
2019	227	16.27	10.48	21.53	198.76	0	55	2
2019	228	16.83	13.06	20.04	168.04	0	55	2
2019	229	16.87	10.76	21.79	204.02	0	55	2
2019	230	17.39	13.13	22.2	215.61	0	55	2
2019	231	15.55	12.98	18.9	115.76	0	55	2
2019	232	16.64	11.71	22.91	232.34	0	55	2
2019	233	17.54	12.73	23.05	279.89	0	55	2
2019	234	17.88	13.19	23.81	243.37	0	55	2
2019	235	19.08	14.36	25.12	376.06	0	55	2
2019	236	18.18	14.07	24.02	265.79	0	55	2
2019	237	18.12	13.09	23.77	366.24	0.6	55	2
2019	238	18.7	13.64	24.5	369.56	0	55	2
2019	239	18.86	14.11	24.05	221.6	0	55	2
2019	240	18.44	11.76	25.4	331.85	0	55	2
2019	241	18.78	13.52	23.91	229.72	0	55	2
2019	242	18.13	14.9	22.54	205.69	0	55	2
2019	243	18.5	14.33	25.01	216.46	10.8	55	2
2019	244	17.97	14.87	27.12	390.47	31.2	55	2
2019	245	17.39	13.12	22.63	341.16	0	55	2
2019	246	17.63	14.82	22.54	195.14	0	55	2
2019	247	17.57	12.92	22.5	256.83	0	55	2
2019	248	17.44	13.29	22.02	196.91	0	55	2
2019	249	18.52	12.92	24.57	367.69	0	55	2
2019	250	17.65	15.03	22.1	185.51	0	55	2
2019	251	16.47	12.95	20.12	156.38	0	55	2
2019	252	18.15	12.92	23.88	299.37	0	55	2
2019	253	18	14.77	23.35	211	0.2	55	2
2019	254	18.26	14.4	23.63	293.75	0.31	55	2
2019	255	18.97	13.41	24.95	380.47	0	55	2
2019	256	18.79	12.07	25.68	386.65	0	55	2
2019	257	19.18	12.88	26.26	395.15	0	55	2
2019	258	19.37	14.21	26.28	373.74	0	55	2
2019	259	18.66	13.12	24.72	387.26	0	55	2
2019	260	18.6	11.74	25.31	380.36	0	55	2
2019	261	19.36	12.84	26.39	307.46	0	55	2
2019	262	18.32	11.52	25.06	421.34	0	55	2
2019	263	18.3	10.69	24.81	376.58	0	55	2
2019	264	18.68	11.87	25.46	344.21	0	55	2
2019	265	18.64	12.03	25.7	391.02	0	55	2
2019	266	18.72	12.85	25.54	329.79	0	55	2
2019	267	18.01	14.36	22.41	252.72	0	55	2
2019	268	15.53	13.33	20.49	214.45	0	55	2
2019	269	18.93	14.78	24.08	314.83	1.72	55	2
2019	270	18.91	14.87	23.32	165.82	0	55	2
2019	271	19.98	13.26	26.78	380.22	0	55	2
2019	272	19.86	12.87	27.43	399.6	0	55	2
2019	273	20.83	13.8	27.98	385.93	0	55	2
2019	274	19.33	15.2	26.67	285.42	2.5	55	2
2019	275	18.41	13.74	24.03	310.27	0	55	2
2019	276	19.55	15.95	25.07	329.85	0	55	2
2019	277	18.79	14.17	23.39	345.47	0	55	2
2019	278	18.25	14.72	23.56	200.92	0.41	55	2
2019	279	17.18	14.37	21.73	268.66	0	55	2
2019	280	18.49	13.03	23.96	424.08	0	55	2
2019	281	19.44	12.55	25.73	450.27	0	55	2
2019	282	19.36	16.02	24.8	352.41	3.8	55	2
2019	283	17.87	14.14	23.07	293.4	0.3	55	2
2019	284	17.84	15.21	22.08	255.47	0	55	2
2019	285	17.5	15.04	21.4	355.59	0	55	2
2019	286	17.52	15.22	21.51	315.38	0	55	2
2019	287	17.79	15.13	21.2	254.73	0	55	2
2019	288	19	15.35	23.62	404.73	0	55	2
2019	289	19.22	14.01	25.17	462.02	0	55	2
2019	290	17.64	15.63	20.59	263.21	55.1	55	2
2019	291	17.36	15.41	20.65	217.49	7.9	55	2
2019	292	18.01	15.58	21.68	248.82	11.3	55	2
2019	293	18.97	15.34	23.73	467.04	0.41	55	2
2019	294	19.21	15.34	24.28	397.4	0	55	2
2019	295	19.52	14.68	25.01	394.09	0.9	55	2
2019	296	19.33	15.77	24.13	440.58	2.3	55	2
2019	297	18.17	15.07	22.69	329.4	24.9	55	2
2019	298	18.28	15.42	22.58	379.64	12.5	55	2
2019	299	18.51	15.63	22.27	444.31	4.2	55	2
2019	300	19.39	15.03	23.96	438.4	0.1	55	2
2019	301	19.24	15.72	24.01	431.63	0	55	2
2019	302	19.29	15.58	24.84	373.55	0	55	2
2019	303	18.53	15.56	23.05	341.59	2.86	55	2
2019	304	18.49	15.22	22.93	338.26	1.3	55	2
2019	305	18.4	14.89	23.32	445.5	0	55	2
2019	306	18.24	14.25	22.92	380.73	0	55	2
2019	307	18.16	13.89	24.39	430.84	0	55	2
2019	308	18.34	14.16	23.7	475.46	0	55	2
2019	309	18.66	14.52	23.76	434.75	0	55	2
2019	310	19.62	15.19	24.96	474.48	0	55	2
2019	311	19.44	16.05	24.72	379.46	0	55	2
2019	312	19.06	16.04	23.76	440.61	0	55	2
2019	313	18.92	13.93	23.98	402.85	0	55	2
2019	314	19.01	15.81	23.62	364.35	0	55	2
2019	315	19.14	15.98	23.86	397.21	0	55	2
2019	316	18.77	16.06	22.7	346.47	0	55	2
2019	317	18.1	15.58	22.25	284.53	0	55	2
2019	318	17.96	15.52	22.28	325.46	0	55	2
2019	319	16.53	16.53	16.53	314.83	0	55	2
2019	320	19.81	16.03	23.91	467.3	0	55	2
2019	321	19.01	14.29	24.06	435.7	0	55	2
2019	322	19.26	15.26	24.25	427.68	0	55	2
2019	323	19.23	15.86	24	393.95	0	55	2
2019	324	18.87	15.26	24.86	438.37	0	55	2
2019	325	19.87	16.63	24.89	393.4	0	55	2
2019	326	19.69	15.39	24.42	497.32	0	55	2
2019	327	17.72	15.47	20.76	252.33	0	55	2
2019	328	18.25	14.93	23.51	294.83	0	55	2
2019	329	17.47	15.09	22.91	333.9	0	55	2
2019	330	17.73	15.01	21.99	324.17	0	55	2
2019	331	18.95	15.62	23.39	467.25	0	55	2
2019	332	18.36	14.34	23.18	448.16	0	55	2
2019	333	18.62	14.36	24.03	347.61	0	55	2
2019	334	18.09	15.94	22.55	269.29	0	55	2
2019	335	18.03	15.75	22.07	417.38	0	55	2
2019	336	18.18	15.73	22.36	251.09	0	55	2
2019	337	18.5	15.93	23.08	319.46	0.7	55	2
2019	338	19.32	15.67	24.27	409.59	1.9	55	2
2019	339	18.13	15.01	22.24	241.34	0	55	2
2019	340	18.97	15.28	23.36	370.43	0	55	2
2019	341	18.55	16.05	21.78	211.11	0	55	2
2019	342	18.45	14.91	23.41	298.76	0	55	2
2019	343	18.62	16.07	23.39	243.02	0	55	2
2019	344	17.65	16.34	20.49	253.04	0	55	2
2019	345	18.11	15.52	22.71	389.31	0	55	2
2019	346	18.21	14.16	23.7	467.72	0	55	2
2019	347	18.85	14.95	23.97	481.55	0	55	2
2019	348	18.15	14.92	22.63	367.68	3.7	55	2
2019	349	18.22	15.09	22.95	315.58	5.1	55	2
2019	350	18.74	15.02	23.64	421.85	0.6	55	2
2019	351	18.58	15.31	23.33	332.73	0	55	2
2019	352	19.04	15.82	23.61	448.48	0	55	2
2019	353	18.14	13.6	23.35	462	0	55	2
2019	354	18.52	13.56	23.94	454.48	0	55	2
2019	355	18.38	14.96	23.58	296.2	3.1	55	2
2019	356	18.21	15.16	22.45	310.19	0	55	2
2019	357	18.85	15.22	23.57	404.09	7.2	55	2
2019	358	19.06	15.76	22.86	280.38	0.1	55	2
2019	359	19.35	15.19	23.96	392.78	5.1	55	2
2019	360	18.84	14.18	24.07	409.3	14.3	55	2
2019	361	20.03	16.84	25.15	378.52	36.7	55	2
2019	362	19.24	16.7	24.57	354.09	16.4	55	2
2019	363	19.78	17.05	23.96	355.18	0.2	55	2
2019	364	18.69	14.02	23.16	439.38	0	55	2
2019	365	18.53	14.56	23.5	428.51	0	55	2
2020	1	18.87	14.27	24.06	469.53	0	55	2
2020	2	18.6	15.09	24.2	445.12	0	55	2
2020	3	18.87	14.79	23.39	376.67	0.01	55	2
2020	4	18.35	14.91	22.96	394.63	0	55	2
2020	5	19.06	13.76	24.8	461.12	0	55	2
2020	6	19.73	16.04	25.18	427.26	0.11	55	2
2020	7	18.65	16.18	22.58	324.78	0.04	55	2
2020	8	17.85	15.51	21.77	286.96	0.12	55	2
2020	9	18.29	14.92	23.68	342.42	0.03	55	2
2020	10	19.33	15.43	25.04	406.3	0	55	2
2020	11	19.79	14.86	25.57	437.53	0	55	2
2020	12	19.92	15.97	26.22	491.23	0	55	2
2020	13	18.14	15.62	23.12	290.94	0.17	55	2
2020	14	19.17	15.59	23.34	401.38	0	55	2
2020	15	19.66	16.05	24.3	473.97	0	55	2
2020	16	19.26	15.72	23.54	355.04	0	55	2
2020	17	19.23	15.23	24.32	329.11	0	55	2
2020	18	19.7	15.63	25.21	479.84	0	55	2
2020	19	19.62	14.57	25.27	393.97	0	55	2
2020	20	19.77	14.66	25.74	458.69	0	55	2
2020	21	19.97	15.24	25.14	396.49	0	55	2
2020	22	19.73	16.27	23.65	330.99	0	55	2
2020	23	19.23	16.72	23.31	318.2	0	55	2
2020	24	18.93	16.77	22.39	210.71	0	55	2
2020	25	18.92	16.13	23.47	296.29	0	55	2
2020	26	18.22	16.01	21.8	276.24	0.17	55	2
2020	27	18.12	15.76	21.76	282.48	0.03	55	2
2020	28	17.49	15.28	20.93	257.55	0.18	55	2
2020	29	18.97	15.65	23.87	461.04	0	55	2
2020	30	19.13	16.02	23.8	443.8	0	55	2
2020	31	19.57	15.45	24.69	377.76	0	55	2
2020	32	18.54	15.06	23.73	363.93	93.1	55	2
2020	33	18.6	15.45	24.21	355.74	0	55	2
2020	34	18.98	15.14	24.18	447.03	0	55	2
2020	35	19	14.47	24	419.05	0	55	2
2020	36	18.62	13.05	23.96	459.94	0	55	2
2020	37	18.63	14.81	24.55	487.28	0	55	2
2020	38	19.15	13.23	25.6	518.24	0	55	2
2020	39	18.71	14.71	24.32	444.89	0	55	2
2020	40	18.43	14.38	24	469.73	0	55	2
2020	41	18.83	12.55	25.98	494.42	0	55	2
2020	42	20	12.81	27.74	490.81	0	55	2
2020	43	20.25	13.96	26.15	472.93	0	55	2
2020	44	19.63	15.65	24.61	402.75	0	55	2
2020	45	19.28	16.14	24.18	465.96	0	55	2
2020	46	18.36	15.79	23.66	325.99	0	55	2
2020	47	18.19	15.73	22.67	312.79	0	55	2
2020	48	19.41	15.51	24.99	466.85	0	55	2
2020	49	19.31	14.86	24.59	494.15	0	55	2
2020	50	19.72	16.24	25.13	464.39	0	55	2
2020	51	20.29	14.47	26.54	495.54	0	55	2
2020	52	20.38	15.67	26.27	454.61	0	55	2
2020	53	19.54	15.71	25.24	329.88	16.55	55	2
2020	54	19.7	16.55	24.63	340.45	1.45	55	2
2020	55	19.7	16.31	25.16	464.48	0.01	55	2
2020	56	20.61	14.28	27.14	448.61	0	55	2
2020	57	20.28	16.85	26.37	402.66	0	55	2
2020	58	19.76	15.89	25.47	461.75	0	55	2
2020	59	20.01	16.43	25.48	435.3	0	55	2
2020	60	20.47	14.51	26.99	354.41	0	55	2
2020	61	20.14	15.93	27.25	291.59	0.03	55	2
2020	62	18.85	15.83	25.19	350.66	22.43	55	2
2020	63	20.49	16.49	25.46	399.28	0	55	2
2020	64	20.53	16.73	26.12	429.64	0	55	2
2020	65	19.8	15.12	27.37	437.93	0.74	55	2
2020	66	20.34	15.4	26.9	471.3	0	55	2
2020	67	20.39	15.21	27.03	448.57	0	55	2
2020	68	19.97	16.25	25.24	479.28	0	55	2
2020	69	19.9	16.92	25.4	317.32	0	55	2
2020	70	20.26	16.56	25.56	461.44	0	55	2
2020	71	20.07	15.98	25.99	432.07	0	55	2
2020	72	19.85	16.71	25.09	345.83	0	55	2
2020	73	20.18	16.54	25.71	404.12	0	55	2
2020	74	19.38	14.63	25.86	362.45	0.01	55	2
2020	75	20.48	16.06	26.94	455.22	0	55	2
2020	76	20.82	15.91	28.21	434.75	0	55	2
2020	77	20.26	17.18	25.81	418.44	0	55	2
2020	78	20.14	16.06	25.72	407.62	0	55	2
2020	79	19.34	15.33	25.4	387.04	0.03	55	2
2020	80	19.81	15.53	26.22	434.78	0	55	2
2020	81	19.51	15.85	25.09	505.42	0.03	55	2
2020	82	19.57	15.35	25.1	462.21	0	55	2
2020	83	20.05	14.28	26.85	455.02	0	55	2
2020	84	20.23	15.97	26.7	343.99	0	55	2
2020	85	20.5	16.36	26.2	315.29	0	55	2
2020	86	19.99	15.44	26.75	286.62	0.32	55	2
2020	87	18.78	15.75	24.97	319.5	0.04	55	2
2020	88	19.73	16.34	24.86	271.81	0	55	2
2020	89	18.97	14.05	25.29	437.57	0.23	55	2
2020	90	19.92	15.37	25.89	437.07	0	55	2
2020	91	20.24	17.01	24.89	430.22	0	55	2
2020	92	20.12	15.33	25.56	438.76	0	55	2
2020	93	19.28	14.25	25	392.3	0	55	2
2020	94	19.62	16.52	24.58	426.88	0	55	2
2020	95	19.49	15.39	24.53	451.49	0	55	2
2020	96	19.65	15.37	25.35	410.32	0	55	2
2020	97	19.59	16.05	25.32	408.02	0	55	2
2020	98	19.49	17.26	23.81	305.61	0	55	2
2020	99	19.88	16.1	24.92	484.47	0	55	2
2020	100	19.44	14.56	25.31	375.02	0	55	2
2020	101	19.82	15.71	24.83	439.62	0	55	2
2020	102	19.84	14.45	26.31	431.69	0	55	2
2020	103	19.71	13.39	26.15	350.85	0	55	2
2020	104	19.84	16.24	24.76	232.22	0	55	2
2020	105	19.66	15.75	26.32	253.77	0	55	2
2020	106	19.55	15.93	26.53	372.36	0.1	55	2
2020	107	19.2	14.99	25.94	410.63	0	55	2
2020	108	19.35	14.96	25.09	119.55	0	55	2
2020	109	19.19	16.96	26	237.2	0.09	55	2
2020	110	18.53	15.63	22.94	280.19	0	55	2
2020	111	18.87	16.19	23.77	257.73	0.36	55	2
2020	112	18.71	15.45	24.2	345.28	2.18	55	2
2020	113	18.61	15.47	22.27	169.02	7.01	55	2
2020	114	16.82	15.37	19.12	134.64	191.91	55	2
2020	115	18.99	14.84	24.44	321.92	0	55	2
2020	116	18.38	14.91	22.32	271.42	11.13	55	2
2020	117	18.71	16.6	24.71	232.66	3.63	55	2
2020	118	18.41	13.85	22.36	306.33	0	55	2
2020	119	18.98	14.05	24.83	368.93	0	55	2
2020	120	19.31	16.56	23.75	221.08	0	55	2
2020	121	19.48	16.45	24.7	393.38	0	55	2
2020	122	18.96	15.79	24.42	357.86	0	55	2
2020	123	19	16.27	24.21	233.44	0	55	2
2020	124	19.32	16.45	24.31	306.17	0	55	2
2020	125	19.4	14.97	25	463.68	0	55	2
2020	126	19.36	15.02	24.46	348.49	0	55	2
2020	127	19.53	16.43	24.58	327.04	0	55	2
2020	128	18.48	16.11	21.77	197.42	0	55	2
2020	129	18.28	14.62	22.77	254.06	0	55	2
2020	130	17.98	16.38	21.01	226.79	0	55	2
2020	131	18.93	14.78	24.08	314.83	1.72	55	2
2020	132	18.93	14.78	24.08	314.83	1.72	55	2
2020	133	18.93	14.78	24.08	314.83	1.72	55	2
2020	134	18.93	14.78	24.08	314.83	1.72	55	2
2020	135	18.93	14.78	24.08	314.83	1.72	55	2
2020	136	18.93	14.78	24.08	314.83	1.72	55	2
2020	137	18.93	14.78	24.08	314.83	1.72	55	2
2020	138	18.93	14.78	24.08	314.83	1.72	55	2
2020	139	18.93	14.78	24.08	314.83	1.72	55	2
2020	140	18.93	14.78	24.08	314.83	1.72	55	2
2020	141	18.93	14.78	24.08	314.83	1.72	55	2
2020	142	18.93	14.78	24.08	314.83	1.72	55	2
2020	143	18.93	14.78	24.08	314.83	1.72	55	2
2020	144	18.93	14.78	24.08	314.83	1.72	55	2
2020	145	18.93	14.78	24.08	314.83	1.72	55	2
2020	146	18.93	14.78	24.08	314.83	1.72	55	2
2020	147	18.93	14.78	24.08	314.83	1.72	55	2
2020	148	18.93	14.78	24.08	314.83	1.72	55	2
2020	149	18.93	14.78	24.08	314.83	1.72	55	2
2020	150	18.93	14.78	24.08	314.83	1.72	55	2
2020	151	18.93	14.78	24.08	314.83	1.72	55	2
2020	152	18.93	14.78	24.08	314.83	1.72	55	2
2020	153	18.93	14.78	24.08	314.83	1.72	55	2
2020	154	18.93	14.78	24.08	314.83	1.72	55	2
2020	155	18.93	14.78	24.08	314.83	1.72	55	2
2020	156	18.93	14.78	24.08	314.83	1.72	55	2
2020	157	18.93	14.78	24.08	314.83	1.72	55	2
2020	158	18.93	14.78	24.08	314.83	1.72	55	2
2020	159	18.93	14.78	24.08	314.83	1.72	55	2
2020	160	18.93	14.78	24.08	314.83	1.72	55	2
2020	161	18.93	14.78	24.08	314.83	1.72	55	2
2020	162	18.93	14.78	24.08	314.83	1.72	55	2
2020	163	18.93	14.78	24.08	314.83	1.72	55	2
2020	164	18.93	14.78	24.08	314.83	1.72	55	2
2020	165	18.93	14.78	24.08	314.83	1.72	55	2
2020	166	18.93	14.78	24.08	314.83	1.72	55	2
2020	167	18.93	14.78	24.08	314.83	1.72	55	2
2020	168	18.93	14.78	24.08	314.83	1.72	55	2
2020	169	18.93	14.78	24.08	314.83	1.72	55	2
2020	170	18.93	14.78	24.08	314.83	1.72	55	2
2020	171	18.93	14.78	24.08	314.83	1.72	55	2
2020	172	18.93	14.78	24.08	314.83	1.72	55	2
2020	173	18.93	14.78	24.08	314.83	1.72	55	2
2020	174	18.93	14.78	24.08	314.83	1.72	55	2
2020	175	18.93	14.78	24.08	314.83	1.72	55	2
2020	176	18.93	14.78	24.08	314.83	1.72	55	2
2020	177	18.93	14.78	24.08	314.83	1.72	55	2
2020	178	18.93	14.78	24.08	314.83	1.72	55	2
2020	179	18.93	14.78	24.08	314.83	1.72	55	2
2020	180	18.93	14.78	24.08	314.83	1.72	55	2
2020	181	18.93	14.78	24.08	314.83	1.72	55	2
2020	182	18.93	14.78	24.08	314.83	1.72	55	2
2020	183	18.93	14.78	24.08	314.83	1.72	55	2
2020	184	18.93	14.78	24.08	314.83	1.72	55	2
2020	185	18.93	14.78	24.08	314.83	1.72	55	2
2020	186	18.93	14.78	24.08	314.83	1.72	55	2
2020	187	18.93	14.78	24.08	314.83	1.72	55	2
2020	188	18.93	14.78	24.08	314.83	1.72	55	2
2020	189	18.93	14.78	24.08	314.83	1.72	55	2
2020	190	18.93	14.78	24.08	314.83	1.72	55	2
2020	191	18.93	14.78	24.08	314.83	1.72	55	2
2020	192	18.93	14.78	24.08	314.83	1.72	55	2
2020	193	18.93	14.78	24.08	314.83	1.72	55	2
2020	194	18.93	14.78	24.08	314.83	1.72	55	2
2020	195	18.93	14.78	24.08	314.83	1.72	55	2
2020	196	18.93	14.78	24.08	314.83	1.72	55	2
2020	197	18.93	14.78	24.08	314.83	1.72	55	2
2020	198	18.93	14.78	24.08	314.83	1.72	55	2
2020	199	18.93	14.78	24.08	314.83	1.72	55	2
2020	200	18.93	14.78	24.08	314.83	1.72	55	2
2020	201	18.93	14.78	24.08	314.83	1.72	55	2
2020	202	18.93	14.78	24.08	314.83	1.72	55	2
2020	203	18.93	14.78	24.08	314.83	1.72	55	2
2020	204	18.93	14.78	24.08	314.83	1.72	55	2
2020	205	18.93	14.78	24.08	314.83	1.72	55	2
2020	206	18.93	14.78	24.08	314.83	1.72	55	2
2020	207	18.93	14.78	24.08	314.83	1.72	55	2
2020	208	18.93	14.78	24.08	314.83	1.72	55	2
2020	209	18.93	14.78	24.08	314.83	1.72	55	2
2020	210	18.93	14.78	24.08	314.83	1.72	55	2
2020	211	18.93	14.78	24.08	314.83	1.72	55	2
2020	212	18.93	14.78	24.08	314.83	1.72	55	2
2020	213	18.93	14.78	24.08	314.83	1.72	55	2
2020	214	18.93	14.78	24.08	314.83	1.72	55	2
2020	215	18.93	14.78	24.08	314.83	1.72	55	2
2020	216	18.93	14.78	24.08	314.83	1.72	55	2
2020	217	18.93	14.78	24.08	314.83	1.72	55	2
2020	218	18.93	14.78	24.08	314.83	1.72	55	2
2020	219	18.93	14.78	24.08	314.83	1.72	55	2
2020	220	18.93	14.78	24.08	314.83	1.72	55	2
2020	221	18.93	14.78	24.08	314.83	1.72	55	2
2020	222	18.93	14.78	24.08	314.83	1.72	55	2
2020	223	18.93	14.78	24.08	314.83	1.72	55	2
2020	224	18.93	14.78	24.08	314.83	1.72	55	2
2020	225	18.93	14.78	24.08	314.83	1.72	55	2
2020	226	18.93	14.78	24.08	314.83	1.72	55	2
2020	227	18.93	14.78	24.08	314.83	1.72	55	2
2020	228	18.93	14.78	24.08	314.83	1.72	55	2
2020	229	18.93	14.78	24.08	314.83	1.72	55	2
2020	230	18.93	14.78	24.08	314.83	1.72	55	2
2020	231	18.93	14.78	24.08	314.83	1.72	55	2
2020	232	18.93	14.78	24.08	314.83	1.72	55	2
2020	233	18.93	14.78	24.08	314.83	1.72	55	2
2020	234	18.93	14.78	24.08	314.83	1.72	55	2
2020	235	18.93	14.78	24.08	314.83	1.72	55	2
2020	236	18.93	14.78	24.08	314.83	1.72	55	2
2020	237	18.93	14.78	24.08	314.83	1.72	55	2
2020	238	18.93	14.78	24.08	314.83	1.72	55	2
2020	239	18.93	14.78	24.08	314.83	1.72	55	2
2020	240	18.93	14.78	24.08	314.83	1.72	55	2
2020	241	18.93	14.78	24.08	314.83	1.72	55	2
2020	242	18.93	14.78	24.08	314.83	1.72	55	2
2020	243	18.93	14.78	24.08	314.83	1.72	55	2
2020	244	18.93	14.78	24.08	314.83	1.72	55	2
2020	245	18.93	14.78	24.08	314.83	1.72	55	2
2020	246	18.93	14.78	24.08	314.83	1.72	55	2
2020	247	18.93	14.78	24.08	314.83	1.72	55	2
2020	248	18.93	14.78	24.08	314.83	1.72	55	2
2020	249	18.93	14.78	24.08	314.83	1.72	55	2
2020	250	18.93	14.78	24.08	314.83	1.72	55	2
2020	251	18.93	14.78	24.08	314.83	1.72	55	2
2020	252	18.93	14.78	24.08	314.83	1.72	55	2
2020	253	18.93	14.78	24.08	314.83	1.72	55	2
2020	254	18.93	14.78	24.08	314.83	1.72	55	2
2020	255	18.93	14.78	24.08	314.83	1.72	55	2
2020	256	18.93	14.78	24.08	314.83	1.72	55	2
2020	257	18.93	14.78	24.08	314.83	1.72	55	2
2020	258	18.93	14.78	24.08	314.83	1.72	55	2
2020	259	18.93	14.78	24.08	314.83	1.72	55	2
2020	260	18.93	14.78	24.08	314.83	1.72	55	2
2020	261	18.93	14.78	24.08	314.83	1.72	55	2
2020	262	18.93	14.78	24.08	314.83	1.72	55	2
2020	263	18.93	14.78	24.08	314.83	1.72	55	2
2020	264	18.93	14.78	24.08	314.83	1.72	55	2
2020	265	18.93	14.78	24.08	314.83	1.72	55	2
2020	266	18.93	14.78	24.08	314.83	1.72	55	2
2020	267	18.93	14.78	24.08	314.83	1.72	55	2
2020	268	18.93	14.78	24.08	314.83	1.72	55	2
2020	269	18.93	14.78	24.08	314.83	1.72	55	2
2020	270	18.93	14.78	24.08	314.83	1.72	55	2
2020	271	18.93	14.78	24.08	314.83	1.72	55	2
2020	272	18.93	14.78	24.08	314.83	1.72	55	2
2020	273	18.93	14.78	24.08	314.83	1.72	55	2
2020	274	18.93	14.78	24.08	314.83	1.72	55	2
2020	275	18.93	14.78	24.08	314.83	1.72	55	2
2020	276	18.93	14.78	24.08	314.83	1.72	55	2
2020	277	18.93	14.78	24.08	314.83	1.72	55	2
2020	278	18.93	14.78	24.08	314.83	1.72	55	2
2020	279	18.93	14.78	24.08	314.83	1.72	55	2
2020	280	18.93	14.78	24.08	314.83	1.72	55	2
2020	281	18.93	14.78	24.08	314.83	1.72	55	2
2020	282	18.93	14.78	24.08	314.83	1.72	55	2
2020	283	18.93	14.78	24.08	314.83	1.72	55	2
2020	284	18.93	14.78	24.08	314.83	1.72	55	2
2020	285	18.93	14.78	24.08	314.83	1.72	55	2
2020	286	18.93	14.78	24.08	314.83	1.72	55	2
2020	287	18.93	14.78	24.08	314.83	1.72	55	2
2020	288	18.93	14.78	24.08	314.83	1.72	55	2
2020	289	18.93	14.78	24.08	314.83	1.72	55	2
2020	290	18.93	14.78	24.08	314.83	1.72	55	2
2020	291	18.93	14.78	24.08	314.83	1.72	55	2
2020	292	18.93	14.78	24.08	314.83	1.72	55	2
2020	293	18.93	14.78	24.08	314.83	1.72	55	2
2020	294	18.93	14.78	24.08	314.83	1.72	55	2
2020	295	18.93	14.78	24.08	314.83	1.72	55	2
2020	296	18.93	14.78	24.08	314.83	1.72	55	2
2020	297	18.93	14.78	24.08	314.83	1.72	55	2
2020	298	18.93	14.78	24.08	314.83	1.72	55	2
2020	299	18.93	14.78	24.08	314.83	1.72	55	2
2020	300	18.93	14.78	24.08	314.83	1.72	55	2
2020	301	18.93	14.78	24.08	314.83	1.72	55	2
2020	302	18.93	14.78	24.08	314.83	1.72	55	2
2020	303	18.93	14.78	24.08	314.83	1.72	55	2
2020	304	18.93	14.78	24.08	314.83	1.72	55	2
2020	305	18.93	14.78	24.08	314.83	1.72	55	2
2020	306	18.93	14.78	24.08	314.83	1.72	55	2
2020	307	18.93	14.78	24.08	314.83	1.72	55	2
2020	308	18.93	14.78	24.08	314.83	1.72	55	2
2020	309	18.93	14.78	24.08	314.83	1.72	55	2
2020	310	18.93	14.78	24.08	314.83	1.72	55	2
2020	311	18.93	14.78	24.08	314.83	1.72	55	2
2020	312	18.93	14.78	24.08	314.83	1.72	55	2
2020	313	18.93	14.78	24.08	314.83	1.72	55	2
2020	314	18.93	14.78	24.08	314.83	1.72	55	2
2020	315	18.93	14.78	24.08	314.83	1.72	55	2
2020	316	18.93	14.78	24.08	314.83	1.72	55	2
2020	317	18.93	14.78	24.08	314.83	1.72	55	2
2020	318	18.93	14.78	24.08	314.83	1.72	55	2
2020	319	18.93	14.78	24.08	314.83	1.72	55	2
2020	320	18.93	14.78	24.08	314.83	1.72	55	2
2020	321	18.93	14.78	24.08	314.83	1.72	55	2
2020	322	18.93	14.78	24.08	314.83	1.72	55	2
2020	323	18.93	14.78	24.08	314.83	1.72	55	2
2020	324	18.93	14.78	24.08	314.83	1.72	55	2
2020	325	18.93	14.78	24.08	314.83	1.72	55	2
2020	326	18.93	14.78	24.08	314.83	1.72	55	2
2020	327	18.93	14.78	24.08	314.83	1.72	55	2
2020	328	18.93	14.78	24.08	314.83	1.72	55	2
2020	329	18.93	14.78	24.08	314.83	1.72	55	2
2020	330	18.93	14.78	24.08	314.83	1.72	55	2
2020	331	18.93	14.78	24.08	314.83	1.72	55	2
2020	332	18.93	14.78	24.08	314.83	1.72	55	2
2020	333	18.93	14.78	24.08	314.83	1.72	55	2
2020	334	18.93	14.78	24.08	314.83	1.72	55	2
2020	335	18.93	14.78	24.08	314.83	1.72	55	2
2020	336	18.93	14.78	24.08	314.83	1.72	55	2
2020	337	18.93	14.78	24.08	314.83	1.72	55	2
2020	338	18.93	14.78	24.08	314.83	1.72	55	2
2020	339	18.93	14.78	24.08	314.83	1.72	55	2
2020	340	18.93	14.78	24.08	314.83	1.72	55	2
2020	341	18.93	14.78	24.08	314.83	1.72	55	2
2020	342	18.93	14.78	24.08	314.83	1.72	55	2
2020	343	18.93	14.78	24.08	314.83	1.72	55	2
2020	344	18.93	14.78	24.08	314.83	1.72	55	2
2020	345	18.93	14.78	24.08	314.83	1.72	55	2
2020	346	18.93	14.78	24.08	314.83	1.72	55	2
2020	347	18.93	14.78	24.08	314.83	1.72	55	2
2020	348	18.93	14.78	24.08	314.83	1.72	55	2
2020	349	18.93	14.78	24.08	314.83	1.72	55	2
2020	350	18.93	14.78	24.08	314.83	1.72	55	2
2020	351	18.93	14.78	24.08	314.83	1.72	55	2
2020	352	18.93	14.78	24.08	314.83	1.72	55	2
2020	353	18.93	14.78	24.08	314.83	1.72	55	2
2020	354	18.93	14.78	24.08	314.83	1.72	55	2
2020	355	18.93	14.78	24.08	314.83	1.72	55	2
2020	356	18.93	14.78	24.08	314.83	1.72	55	2
2020	357	18.93	14.78	24.08	314.83	1.72	55	2
2020	358	18.93	14.78	24.08	314.83	1.72	55	2
2020	359	18.93	14.78	24.08	314.83	1.72	55	2
2020	360	18.93	14.78	24.08	314.83	1.72	55	2
2020	361	18.93	14.78	24.08	314.83	1.72	55	2
2020	362	18.93	14.78	24.08	314.83	1.72	55	2
2020	363	18.93	14.78	24.08	314.83	1.72	55	2
2020	364	18.93	14.78	24.08	314.83	1.72	55	2
2020	365	18.93	14.78	24.08	314.83	1.72	55	2
2020	366	18.93	14.78	24.08	314.83	1.72	55	2
2021	1	18.93	14.78	24.08	314.83	1.72	55	2
2021	2	18.93	14.78	24.08	314.83	1.72	55	2
2021	3	18.93	14.78	24.08	314.83	1.72	55	2
2021	4	18.93	14.78	24.08	314.83	1.72	55	2
2021	5	18.93	14.78	24.08	314.83	1.72	55	2
2021	6	18.93	14.78	24.08	314.83	1.72	55	2
2021	7	18.93	14.78	24.08	314.83	1.72	55	2
2021	8	18.93	14.78	24.08	314.83	1.72	55	2
2021	9	18.93	14.78	24.08	314.83	1.72	55	2
2021	10	18.93	14.78	24.08	314.83	1.72	55	2
2021	11	18.93	14.78	24.08	314.83	1.72	55	2
2021	12	18.93	14.78	24.08	314.83	1.72	55	2
2021	13	18.93	14.78	24.08	314.83	1.72	55	2
2021	14	18.93	14.78	24.08	314.83	1.72	55	2
2021	15	18.93	14.78	24.08	314.83	1.72	55	2
2021	16	18.93	14.78	24.08	314.83	1.72	55	2
2021	17	18.93	14.78	24.08	314.83	1.72	55	2
2021	18	18.93	14.78	24.08	314.83	1.72	55	2
2021	19	18.93	14.78	24.08	314.83	1.72	55	2
2021	20	18.93	14.78	24.08	314.83	1.72	55	2
2021	21	18.93	14.78	24.08	314.83	1.72	55	2
2021	22	18.93	14.78	24.08	314.83	1.72	55	2
2021	23	18.93	14.78	24.08	314.83	1.72	55	2
2021	24	18.93	14.78	24.08	314.83	1.72	55	2
2021	25	18.93	14.78	24.08	314.83	1.72	55	2
2021	26	18.93	14.78	24.08	314.83	1.72	55	2
2021	27	18.93	14.78	24.08	314.83	1.72	55	2
2021	28	18.93	14.78	24.08	314.83	1.72	55	2
2021	29	18.93	14.78	24.08	314.83	1.72	55	2
2021	30	18.93	14.78	24.08	314.83	1.72	55	2
2021	31	18.93	14.78	24.08	314.83	1.72	55	2
2021	32	18.93	14.78	24.08	314.83	1.72	55	2
2021	33	18.93	14.78	24.08	314.83	1.72	55	2
2021	34	18.93	14.78	24.08	314.83	1.72	55	2
2021	35	18.93	14.78	24.08	314.83	1.72	55	2
2021	36	18.93	14.78	24.08	314.83	1.72	55	2
2021	37	18.93	14.78	24.08	314.83	1.72	55	2
2021	38	18.93	14.78	24.08	314.83	1.72	55	2
2021	39	18.93	14.78	24.08	314.83	1.72	55	2
2021	40	18.93	14.78	24.08	314.83	1.72	55	2
2021	41	18.93	14.78	24.08	314.83	1.72	55	2
2021	42	18.93	14.78	24.08	314.83	1.72	55	2
2021	43	18.93	14.78	24.08	314.83	1.72	55	2
2021	44	18.93	14.78	24.08	314.83	1.72	55	2
2021	45	18.93	14.78	24.08	314.83	1.72	55	2
2021	46	18.93	14.78	24.08	314.83	1.72	55	2
2021	47	18.93	14.78	24.08	314.83	1.72	55	2
2021	48	18.93	14.78	24.08	314.83	1.72	55	2
2021	49	18.93	14.78	24.08	314.83	1.72	55	2
2021	50	18.93	14.78	24.08	314.83	1.72	55	2
2021	51	18.93	14.78	24.08	314.83	1.72	55	2
2021	52	18.93	14.78	24.08	314.83	1.72	55	2
2021	53	18.93	14.78	24.08	314.83	1.72	55	2
2021	54	18.93	14.78	24.08	314.83	1.72	55	2
2021	55	18.93	14.78	24.08	314.83	1.72	55	2
2021	56	18.93	14.78	24.08	314.83	1.72	55	2
2021	57	18.93	14.78	24.08	314.83	1.72	55	2
2021	58	18.93	14.78	24.08	314.83	1.72	55	2
2021	59	18.93	14.78	24.08	314.83	1.72	55	2
2021	60	18.93	14.78	24.08	314.83	1.72	55	2
2021	61	18.93	14.78	24.08	314.83	1.72	55	2
2021	62	18.93	14.78	24.08	314.83	1.72	55	2
2021	63	18.93	14.78	24.08	314.83	1.72	55	2
2021	64	18.93	14.78	24.08	314.83	1.72	55	2
2021	65	18.93	14.78	24.08	314.83	1.72	55	2
2021	66	18.93	14.78	24.08	314.83	1.72	55	2
2021	67	18.93	14.78	24.08	314.83	1.72	55	2
2021	68	18.93	14.78	24.08	314.83	1.72	55	2
2021	69	18.93	14.78	24.08	314.83	1.72	55	2
2021	70	18.93	14.78	24.08	314.83	1.72	55	2
2021	71	18.93	14.78	24.08	314.83	1.72	55	2
2021	72	18.93	14.78	24.08	314.83	1.72	55	2
2021	73	18.93	14.78	24.08	314.83	1.72	55	2
2021	74	18.93	14.78	24.08	314.83	1.72	55	2
2021	75	18.93	14.78	24.08	314.83	1.72	55	2
2021	76	18.93	14.78	24.08	314.83	1.72	55	2
2021	77	18.93	14.78	24.08	314.83	1.72	55	2
2021	78	18.93	14.78	24.08	314.83	1.72	55	2
2021	79	18.93	14.78	24.08	314.83	1.72	55	2
2021	80	18.93	14.78	24.08	314.83	1.72	55	2
2021	81	18.93	14.78	24.08	314.83	1.72	55	2
2021	82	18.93	14.78	24.08	314.83	1.72	55	2
2021	83	18.93	14.78	24.08	314.83	1.72	55	2
2021	84	18.93	14.78	24.08	314.83	1.72	55	2
2021	85	18.93	14.78	24.08	314.83	1.72	55	2
2021	86	18.93	14.78	24.08	314.83	1.72	55	2
2021	87	18.93	14.78	24.08	314.83	1.72	55	2
2021	88	18.93	14.78	24.08	314.83	1.72	55	2
2021	89	18.93	14.78	24.08	314.83	1.72	55	2
2021	90	18.93	14.78	24.08	314.83	1.72	55	2
2021	91	18.93	14.78	24.08	314.83	1.72	55	2
2021	92	18.93	14.78	24.08	314.83	1.72	55	2
2021	93	18.93	14.78	24.08	314.83	1.72	55	2
2021	94	18.93	14.78	24.08	314.83	1.72	55	2
2021	95	18.93	14.78	24.08	314.83	1.72	55	2
2021	96	18.93	14.78	24.08	314.83	1.72	55	2
2021	97	18.93	14.78	24.08	314.83	1.72	55	2
2021	98	18.93	14.78	24.08	314.83	1.72	55	2
2021	99	18.93	14.78	24.08	314.83	1.72	55	2
2021	100	18.93	14.78	24.08	314.83	1.72	55	2
2021	101	18.93	14.78	24.08	314.83	1.72	55	2
2021	102	18.93	14.78	24.08	314.83	1.72	55	2
2021	103	18.93	14.78	24.08	314.83	1.72	55	2
2021	104	18.93	14.78	24.08	314.83	1.72	55	2
2021	105	18.93	14.78	24.08	314.83	1.72	55	2
2021	106	18.93	14.78	24.08	314.83	1.72	55	2
2021	107	18.93	14.78	24.08	314.83	1.72	55	2
2021	108	18.93	14.78	24.08	314.83	1.72	55	2
2021	109	18.93	14.78	24.08	314.83	1.72	55	2
2021	110	18.93	14.78	24.08	314.83	1.72	55	2
2021	111	18.93	14.78	24.08	314.83	1.72	55	2
2021	112	18.93	14.78	24.08	314.83	1.72	55	2
2021	113	18.93	14.78	24.08	314.83	1.72	55	2
2021	114	18.93	14.78	24.08	314.83	1.72	55	2
2021	115	18.93	14.78	24.08	314.83	1.72	55	2
2021	116	18.93	14.78	24.08	314.83	1.72	55	2
2021	117	18.93	14.78	24.08	314.83	1.72	55	2
2021	118	18.93	14.78	24.08	314.83	1.72	55	2
2021	119	18.93	14.78	24.08	314.83	1.72	55	2
2021	120	18.93	14.78	24.08	314.83	1.72	55	2
2021	121	18.93	14.78	24.08	314.83	1.72	55	2
2021	122	18.93	14.78	24.08	314.83	1.72	55	2
2021	123	18.93	14.78	24.08	314.83	1.72	55	2
2021	124	18.93	14.78	24.08	314.83	1.72	55	2
2021	125	18.93	14.78	24.08	314.83	1.72	55	2
2021	126	18.93	14.78	24.08	314.83	1.72	55	2
2021	127	18.93	14.78	24.08	314.83	1.72	55	2
2021	128	18.93	14.78	24.08	314.83	1.72	55	2
2021	129	18.93	14.78	24.08	314.83	1.72	55	2
2021	130	18.93	14.78	24.08	314.83	1.72	55	2
2021	131	18.93	14.78	24.08	314.83	1.72	55	2
2021	132	18.93	14.78	24.08	314.83	1.72	55	2
2021	133	18.93	14.78	24.08	314.83	1.72	55	2
2021	134	18.93	14.78	24.08	314.83	1.72	55	2
2021	135	18.93	14.78	24.08	314.83	1.72	55	2
2021	136	18.93	14.78	24.08	314.83	1.72	55	2
2021	137	18.93	14.78	24.08	314.83	1.72	55	2
2021	138	18.93	14.78	24.08	314.83	1.72	55	2
2021	139	18.93	14.78	24.08	314.83	1.72	55	2
2021	140	18.93	14.78	24.08	314.83	1.72	55	2
2021	141	18.93	14.78	24.08	314.83	1.72	55	2
2021	142	18.93	14.78	24.08	314.83	1.72	55	2
2021	143	18.93	14.78	24.08	314.83	1.72	55	2
2021	144	18.93	14.78	24.08	314.83	1.72	55	2
2021	145	18.93	14.78	24.08	314.83	1.72	55	2
2021	146	18.93	14.78	24.08	314.83	1.72	55	2
2021	147	18.93	14.78	24.08	314.83	1.72	55	2
2021	148	18.93	14.78	24.08	314.83	1.72	55	2
2021	149	18.93	14.78	24.08	314.83	1.72	55	2
2021	150	18.93	14.78	24.08	314.83	1.72	55	2
2021	151	18.93	14.78	24.08	314.83	1.72	55	2
2021	152	18.93	14.78	24.08	314.83	1.72	55	2
2021	153	18.93	14.78	24.08	314.83	1.72	55	2
2021	154	18.93	14.78	24.08	314.83	1.72	55	2
2021	155	18.93	14.78	24.08	314.83	1.72	55	2
2021	156	18.93	14.78	24.08	314.83	1.72	55	2
2021	157	18.93	14.78	24.08	314.83	1.72	55	2
2021	158	18.93	14.78	24.08	314.83	1.72	55	2
2021	159	18.93	14.78	24.08	314.83	1.72	55	2
2021	160	18.93	14.78	24.08	314.83	1.72	55	2
2021	161	18.93	14.78	24.08	314.83	1.72	55	2
2021	162	18.93	14.78	24.08	314.83	1.72	55	2
2021	163	18.93	14.78	24.08	314.83	1.72	55	2
2021	164	18.93	14.78	24.08	314.83	1.72	55	2
2021	165	18.93	14.78	24.08	314.83	1.72	55	2
2021	166	18.93	14.78	24.08	314.83	1.72	55	2
2021	167	18.93	14.78	24.08	314.83	1.72	55	2
2021	168	18.93	14.78	24.08	314.83	1.72	55	2
2021	169	18.93	14.78	24.08	314.83	1.72	55	2
2021	170	18.93	14.78	24.08	314.83	1.72	55	2
2021	171	18.93	14.78	24.08	314.83	1.72	55	2
2021	172	18.93	14.78	24.08	314.83	1.72	55	2
2021	173	18.93	14.78	24.08	314.83	1.72	55	2
2021	174	18.93	14.78	24.08	314.83	1.72	55	2
2021	175	18.93	14.78	24.08	314.83	1.72	55	2
2021	176	18.93	14.78	24.08	314.83	1.72	55	2
2021	177	18.93	14.78	24.08	314.83	1.72	55	2
2021	178	18.93	14.78	24.08	314.83	1.72	55	2
2021	179	18.93	14.78	24.08	314.83	1.72	55	2
2021	180	18.93	14.78	24.08	314.83	1.72	55	2
2021	181	18.93	14.78	24.08	314.83	1.72	55	2
2021	182	18.93	14.78	24.08	314.83	1.72	55	2
2021	183	18.93	14.78	24.08	314.83	1.72	55	2
2021	184	18.93	14.78	24.08	314.83	1.72	55	2
2021	185	18.93	14.78	24.08	314.83	1.72	55	2
2021	186	18.93	14.78	24.08	314.83	1.72	55	2
2021	187	18.93	14.78	24.08	314.83	1.72	55	2
2021	188	18.93	14.78	24.08	314.83	1.72	55	2
2021	189	18.93	14.78	24.08	314.83	1.72	55	2
2021	190	18.93	14.78	24.08	314.83	1.72	55	2
2021	191	18.93	14.78	24.08	314.83	1.72	55	2
2021	192	18.93	14.78	24.08	314.83	1.72	55	2
2021	193	18.93	14.78	24.08	314.83	1.72	55	2
2021	194	18.93	14.78	24.08	314.83	1.72	55	2
2021	195	18.93	14.78	24.08	314.83	1.72	55	2
2021	196	18.93	14.78	24.08	314.83	1.72	55	2
2021	197	18.93	14.78	24.08	314.83	1.72	55	2
2021	198	18.93	14.78	24.08	314.83	1.72	55	2
2021	199	18.93	14.78	24.08	314.83	1.72	55	2
2021	200	18.93	14.78	24.08	314.83	1.72	55	2
2021	201	18.93	14.78	24.08	314.83	1.72	55	2
2021	202	18.93	14.78	24.08	314.83	1.72	55	2
2021	203	18.93	14.78	24.08	314.83	1.72	55	2
2021	204	18.93	14.78	24.08	314.83	1.72	55	2
2021	205	18.93	14.78	24.08	314.83	1.72	55	2
2021	206	18.93	14.78	24.08	314.83	1.72	55	2
2021	207	18.93	14.78	24.08	314.83	1.72	55	2
2021	208	18.93	14.78	24.08	314.83	1.72	55	2
2021	209	18.93	14.78	24.08	314.83	1.72	55	2
2021	210	18.93	14.78	24.08	314.83	1.72	55	2
2021	211	18.93	14.78	24.08	314.83	1.72	55	2
2021	212	18.93	14.78	24.08	314.83	1.72	55	2
2021	213	18.93	14.78	24.08	314.83	1.72	55	2
2021	214	18.93	14.78	24.08	314.83	1.72	55	2
2021	215	18.93	14.78	24.08	314.83	1.72	55	2
2021	216	18.93	14.78	24.08	314.83	1.72	55	2
2021	217	18.93	14.78	24.08	314.83	1.72	55	2
2021	218	18.93	14.78	24.08	314.83	1.72	55	2
2021	219	18.93	14.78	24.08	314.83	1.72	55	2
2021	220	18.93	14.78	24.08	314.83	1.72	55	2
2021	221	18.93	14.78	24.08	314.83	1.72	55	2
2021	222	18.93	14.78	24.08	314.83	1.72	55	2
2021	223	18.93	14.78	24.08	314.83	1.72	55	2
2021	224	18.93	14.78	24.08	314.83	1.72	55	2
2021	225	18.93	14.78	24.08	314.83	1.72	55	2
2021	226	18.93	14.78	24.08	314.83	1.72	55	2
2021	227	18.93	14.78	24.08	314.83	1.72	55	2
2021	228	18.93	14.78	24.08	314.83	1.72	55	2
2021	229	18.93	14.78	24.08	314.83	1.72	55	2
2021	230	18.93	14.78	24.08	314.83	1.72	55	2
2021	231	18.93	14.78	24.08	314.83	1.72	55	2
2021	232	18.93	14.78	24.08	314.83	1.72	55	2
2021	233	18.93	14.78	24.08	314.83	1.72	55	2
2021	234	18.93	14.78	24.08	314.83	1.72	55	2
2021	235	18.93	14.78	24.08	314.83	1.72	55	2
2021	236	18.93	14.78	24.08	314.83	1.72	55	2
2021	237	18.93	14.78	24.08	314.83	1.72	55	2
2021	238	18.93	14.78	24.08	314.83	1.72	55	2
2021	239	18.93	14.78	24.08	314.83	1.72	55	2
2021	240	18.93	14.78	24.08	314.83	1.72	55	2
2021	241	18.93	14.78	24.08	314.83	1.72	55	2
2021	242	18.93	14.78	24.08	314.83	1.72	55	2
2021	243	18.93	14.78	24.08	314.83	1.72	55	2
2021	244	18.93	14.78	24.08	314.83	1.72	55	2
2021	245	18.93	14.78	24.08	314.83	1.72	55	2
2021	246	18.93	14.78	24.08	314.83	1.72	55	2
2021	247	18.93	14.78	24.08	314.83	1.72	55	2
2021	248	18.93	14.78	24.08	314.83	1.72	55	2
2021	249	18.93	14.78	24.08	314.83	1.72	55	2
2021	250	18.93	14.78	24.08	314.83	1.72	55	2
2021	251	18.93	14.78	24.08	314.83	1.72	55	2
2021	252	18.93	14.78	24.08	314.83	1.72	55	2
2021	253	18.93	14.78	24.08	314.83	1.72	55	2
2021	254	18.93	14.78	24.08	314.83	1.72	55	2
2021	255	18.93	14.78	24.08	314.83	1.72	55	2
2021	256	18.93	14.78	24.08	314.83	1.72	55	2
2021	257	18.93	14.78	24.08	314.83	1.72	55	2
2021	258	18.93	14.78	24.08	314.83	1.72	55	2
2021	259	18.93	14.78	24.08	314.83	1.72	55	2
2021	260	18.93	14.78	24.08	314.83	1.72	55	2
2021	261	18.93	14.78	24.08	314.83	1.72	55	2
2021	262	18.93	14.78	24.08	314.83	1.72	55	2
2021	263	18.93	14.78	24.08	314.83	1.72	55	2
2021	264	18.93	14.78	24.08	314.83	1.72	55	2
2021	265	18.93	14.78	24.08	314.83	1.72	55	2
2021	266	18.93	14.78	24.08	314.83	1.72	55	2
2021	267	18.93	14.78	24.08	314.83	1.72	55	2
2021	268	18.93	14.78	24.08	314.83	1.72	55	2
2021	269	18.93	14.78	24.08	314.83	1.72	55	2
2021	270	18.93	14.78	24.08	314.83	1.72	55	2
2021	271	18.93	14.78	24.08	314.83	1.72	55	2
2021	272	18.93	14.78	24.08	314.83	1.72	55	2
2021	273	18.93	14.78	24.08	314.83	1.72	55	2
2021	274	18.93	14.78	24.08	314.83	1.72	55	2
2021	275	18.93	14.78	24.08	314.83	1.72	55	2
2021	276	18.93	14.78	24.08	314.83	1.72	55	2
2021	277	18.93	14.78	24.08	314.83	1.72	55	2
2021	278	18.93	14.78	24.08	314.83	1.72	55	2
2021	279	18.93	14.78	24.08	314.83	1.72	55	2
2021	280	18.93	14.78	24.08	314.83	1.72	55	2
2021	281	18.93	14.78	24.08	314.83	1.72	55	2
2021	282	18.93	14.78	24.08	314.83	1.72	55	2
2021	283	18.93	14.78	24.08	314.83	1.72	55	2
2021	284	18.93	14.78	24.08	314.83	1.72	55	2
2021	285	18.93	14.78	24.08	314.83	1.72	55	2
2021	286	18.93	14.78	24.08	314.83	1.72	55	2
2021	287	18.93	14.78	24.08	314.83	1.72	55	2
2021	288	18.93	14.78	24.08	314.83	1.72	55	2
2021	289	18.93	14.78	24.08	314.83	1.72	55	2
2021	290	18.93	14.78	24.08	314.83	1.72	55	2
2021	291	18.93	14.78	24.08	314.83	1.72	55	2
2021	292	18.93	14.78	24.08	314.83	1.72	55	2
2021	293	18.93	14.78	24.08	314.83	1.72	55	2
2021	294	18.93	14.78	24.08	314.83	1.72	55	2
2021	295	18.93	14.78	24.08	314.83	1.72	55	2
2021	296	18.93	14.78	24.08	314.83	1.72	55	2
2021	297	18.93	14.78	24.08	314.83	1.72	55	2
2021	298	18.93	14.78	24.08	314.83	1.72	55	2
2021	299	18.93	14.78	24.08	314.83	1.72	55	2
2021	300	18.93	14.78	24.08	314.83	1.72	55	2
2021	301	18.93	14.78	24.08	314.83	1.72	55	2
2021	302	18.93	14.78	24.08	314.83	1.72	55	2
2021	303	18.93	14.78	24.08	314.83	1.72	55	2
2021	304	18.93	14.78	24.08	314.83	1.72	55	2
2021	305	18.93	14.78	24.08	314.83	1.72	55	2
2021	306	18.93	14.78	24.08	314.83	1.72	55	2
2021	307	18.93	14.78	24.08	314.83	1.72	55	2
2021	308	18.93	14.78	24.08	314.83	1.72	55	2
2021	309	18.93	14.78	24.08	314.83	1.72	55	2
2021	310	18.93	14.78	24.08	314.83	1.72	55	2
2021	311	18.93	14.78	24.08	314.83	1.72	55	2
2021	312	18.93	14.78	24.08	314.83	1.72	55	2
2021	313	18.93	14.78	24.08	314.83	1.72	55	2
2021	314	18.93	14.78	24.08	314.83	1.72	55	2
2021	315	18.93	14.78	24.08	314.83	1.72	55	2
2021	316	18.93	14.78	24.08	314.83	1.72	55	2
2021	317	18.93	14.78	24.08	314.83	1.72	55	2
2021	318	18.93	14.78	24.08	314.83	1.72	55	2
2021	319	18.93	14.78	24.08	314.83	1.72	55	2
2021	320	18.93	14.78	24.08	314.83	1.72	55	2
2021	321	18.93	14.78	24.08	314.83	1.72	55	2
2021	322	18.93	14.78	24.08	314.83	1.72	55	2
2021	323	18.93	14.78	24.08	314.83	1.72	55	2
2021	324	18.93	14.78	24.08	314.83	1.72	55	2
2021	325	18.93	14.78	24.08	314.83	1.72	55	2
2021	326	18.93	14.78	24.08	314.83	1.72	55	2
2021	327	18.93	14.78	24.08	314.83	1.72	55	2
2021	328	18.93	14.78	24.08	314.83	1.72	55	2
2021	329	18.93	14.78	24.08	314.83	1.72	55	2
2021	330	18.93	14.78	24.08	314.83	1.72	55	2
2021	331	18.93	14.78	24.08	314.83	1.72	55	2
2021	332	18.93	14.78	24.08	314.83	1.72	55	2
2021	333	18.93	14.78	24.08	314.83	1.72	55	2
2021	334	18.93	14.78	24.08	314.83	1.72	55	2
2021	335	18.93	14.78	24.08	314.83	1.72	55	2
2021	336	18.93	14.78	24.08	314.83	1.72	55	2
2021	337	18.93	14.78	24.08	314.83	1.72	55	2
2021	338	18.93	14.78	24.08	314.83	1.72	55	2
2021	339	18.93	14.78	24.08	314.83	1.72	55	2
2021	340	18.93	14.78	24.08	314.83	1.72	55	2
2021	341	18.93	14.78	24.08	314.83	1.72	55	2
2021	342	18.93	14.78	24.08	314.83	1.72	55	2
2021	343	18.93	14.78	24.08	314.83	1.72	55	2
2021	344	18.93	14.78	24.08	314.83	1.72	55	2
2021	345	18.93	14.78	24.08	314.83	1.72	55	2
2021	346	18.93	14.78	24.08	314.83	1.72	55	2
2021	347	18.93	14.78	24.08	314.83	1.72	55	2
2021	348	18.93	14.78	24.08	314.83	1.72	55	2
2021	349	18.93	14.78	24.08	314.83	1.72	55	2
2021	350	18.93	14.78	24.08	314.83	1.72	55	2
2021	351	18.93	14.78	24.08	314.83	1.72	55	2
2021	352	18.93	14.78	24.08	314.83	1.72	55	2
2021	353	18.93	14.78	24.08	314.83	1.72	55	2
2021	354	18.93	14.78	24.08	314.83	1.72	55	2
2021	355	18.93	14.78	24.08	314.83	1.72	55	2
2021	356	18.93	14.78	24.08	314.83	1.72	55	2
2021	357	18.93	14.78	24.08	314.83	1.72	55	2
2021	358	18.93	14.78	24.08	314.83	1.72	55	2
2021	359	18.93	14.78	24.08	314.83	1.72	55	2
2021	360	18.93	14.78	24.08	314.83	1.72	55	2
2021	361	18.93	14.78	24.08	314.83	1.72	55	2
2021	362	18.93	14.78	24.08	314.83	1.72	55	2
2021	363	18.93	14.78	24.08	314.83	1.72	55	2
2021	364	18.93	14.78	24.08	314.83	1.72	55	2
2021	365	18.93	14.78	24.08	314.83	1.72	55	2
2022	1	18.93	14.78	24.08	314.83	1.72	55	2
2022	2	18.93	14.78	24.08	314.83	1.72	55	2
2022	3	18.93	14.78	24.08	314.83	1.72	55	2
2022	4	18.93	14.78	24.08	314.83	1.72	55	2
2022	5	18.93	14.78	24.08	314.83	1.72	55	2
2022	6	18.93	14.78	24.08	314.83	1.72	55	2
2022	7	18.93	14.78	24.08	314.83	1.72	55	2
2022	8	18.93	14.78	24.08	314.83	1.72	55	2
2022	9	18.93	14.78	24.08	314.83	1.72	55	2
2022	10	18.93	14.78	24.08	314.83	1.72	55	2
2022	11	18.93	14.78	24.08	314.83	1.72	55	2
2022	12	18.93	14.78	24.08	314.83	1.72	55	2
2022	13	18.93	14.78	24.08	314.83	1.72	55	2
2022	14	18.93	14.78	24.08	314.83	1.72	55	2
2022	15	18.93	14.78	24.08	314.83	1.72	55	2
2022	16	18.93	14.78	24.08	314.83	1.72	55	2
2022	17	18.93	14.78	24.08	314.83	1.72	55	2
2022	18	18.93	14.78	24.08	314.83	1.72	55	2
2022	19	18.93	14.78	24.08	314.83	1.72	55	2
2022	20	18.93	14.78	24.08	314.83	1.72	55	2
2022	21	18.93	14.78	24.08	314.83	1.72	55	2
2022	22	18.93	14.78	24.08	314.83	1.72	55	2
2022	23	18.93	14.78	24.08	314.83	1.72	55	2
2022	24	18.93	14.78	24.08	314.83	1.72	55	2
2022	25	18.93	14.78	24.08	314.83	1.72	55	2
2022	26	18.93	14.78	24.08	314.83	1.72	55	2
2022	27	18.93	14.78	24.08	314.83	1.72	55	2
2022	28	18.93	14.78	24.08	314.83	1.72	55	2
2022	29	18.93	14.78	24.08	314.83	1.72	55	2
2022	30	18.93	14.78	24.08	314.83	1.72	55	2
2022	31	18.93	14.78	24.08	314.83	1.72	55	2
2022	32	18.93	14.78	24.08	314.83	1.72	55	2
2022	33	18.93	14.78	24.08	314.83	1.72	55	2
2022	34	18.93	14.78	24.08	314.83	1.72	55	2
2022	35	18.93	14.78	24.08	314.83	1.72	55	2
2022	36	18.93	14.78	24.08	314.83	1.72	55	2
2022	37	18.93	14.78	24.08	314.83	1.72	55	2
2022	38	18.93	14.78	24.08	314.83	1.72	55	2
2022	39	18.93	14.78	24.08	314.83	1.72	55	2
2022	40	18.93	14.78	24.08	314.83	1.72	55	2
2022	41	18.93	14.78	24.08	314.83	1.72	55	2
2022	42	18.93	14.78	24.08	314.83	1.72	55	2
2022	43	18.93	14.78	24.08	314.83	1.72	55	2
2022	44	18.93	14.78	24.08	314.83	1.72	55	2
2022	45	18.93	14.78	24.08	314.83	1.72	55	2
2022	46	18.93	14.78	24.08	314.83	1.72	55	2
2022	47	18.93	14.78	24.08	314.83	1.72	55	2
2022	48	18.93	14.78	24.08	314.83	1.72	55	2
2022	49	18.93	14.78	24.08	314.83	1.72	55	2
2022	50	18.93	14.78	24.08	314.83	1.72	55	2
2022	51	18.93	14.78	24.08	314.83	1.72	55	2
2022	52	18.93	14.78	24.08	314.83	1.72	55	2
2022	53	18.93	14.78	24.08	314.83	1.72	55	2
2022	54	18.93	14.78	24.08	314.83	1.72	55	2
2022	55	18.93	14.78	24.08	314.83	1.72	55	2
2022	56	18.93	14.78	24.08	314.83	1.72	55	2
2022	57	18.93	14.78	24.08	314.83	1.72	55	2
2022	58	18.93	14.78	24.08	314.83	1.72	55	2
2022	59	18.93	14.78	24.08	314.83	1.72	55	2
2022	60	18.93	14.78	24.08	314.83	1.72	55	2
2022	61	18.93	14.78	24.08	314.83	1.72	55	2
2022	62	18.93	14.78	24.08	314.83	1.72	55	2
2022	63	18.93	14.78	24.08	314.83	1.72	55	2
2022	64	18.93	14.78	24.08	314.83	1.72	55	2
2022	65	22.61	18.14	27.06	517.46	0	55	2
2022	66	20.83	15.18	27.21	528.88	0	55	2
2022	67	21.27	15.43	27.73	494.88	0	55	2
2022	68	21.07	14.75	27.93	353.33	0	55	2
2022	69	20.98	15.25	27.77	375.35	0	55	2
2022	70	21.59	14.99	27.72	366.26	0	55	2
2022	71	21.4	14.5	28.2	386.32	0	55	2
2022	72	22.04	14.76	29.13	384.18	0	55	2
2022	73	22.27	16.06	29.03	334.13	0	55	2
2022	74	22.39	14.51	28.8	351.29	0	55	2
2022	75	22.78	16.75	29.3	298	0	55	2
2022	76	22.01	16.43	28.75	284.89	0	55	2
2022	77	21.13	15.24	27.01	321.74	0	55	2
2022	78	21.67	16.21	28.24	381.55	0	55	2
2022	79	22.28	16.2	28.67	358.83	0	55	2
2022	80	21.83	16.28	27.34	355.4	0	55	2
2022	81	21.58	16.2	27.36	354.68	0	55	2
2022	82	21.82	15.3	28.53	379.24	0	55	2
2022	83	22.05	16.71	27.72	322.01	0	55	2
2022	84	22.06	16.58	29.12	337.91	0	55	2
2022	85	20.81	15.65	26.22	318.85	4.5	55	2
2022	86	21.02	16.65	26.07	271.42	0	55	2
2022	87	20.29	15.96	25.77	381.87	0	55	2
2022	88	20.47	17.08	25.38	381.39	0	55	2
2022	89	18.9	15.57	23.09	362.97	0	55	2
2022	90	18.26	13.56	23.46	393.89	0	55	2
2022	91	17.87	16.88	20.04	182.17	0	55	2
2022	92	17.41	16.39	19.4	364.73	0	55	2
2022	93	17.33	16.09	18.86	395.47	0	55	2
2022	94	17.9	16.71	19.79	500.3	0	55	2
2022	95	18.48	16.5	21.8	435.73	0	55	2
2022	96	20.76	17.2	26.16	344.82	0	55	2
2022	97	20.3	16.24	25.6	383.6	0	55	2
2022	98	20.37	16.15	25.71	320.09	0	55	2
2022	99	20.27	15.7	25.75	426.45	0	55	2
2022	100	20.14	15.14	24.78	394.99	0	55	2
2022	101	20.72	15.58	25.31	348.56	0	55	2
2022	102	20.87	14.68	26.7	397.46	0	55	2
2022	103	21.32	16.92	27.05	372.32	0	55	2
2022	104	20.92	16.82	25.8	439.99	0	55	2
2022	105	20.86	16.47	25.97	377.99	0	55	2
2022	106	21.36	15.9	27.15	286.98	0	55	2
2022	107	20.45	16.05	26.11	243.27	1.3	55	2
2022	108	20.96	16.83	26.4	297.66	0	55	2
2022	109	20.75	15.69	26.31	291.22	1.5	55	2
2022	110	18.9	14.59	23.76	190.41	45.9	55	2
2022	111	19.86	16.42	24.57	322.35	0	55	2
2022	112	18.7	16.64	23.7	306.2	15.8	55	2
2022	113	18.96	16.32	23.2	365	3.6	55	2
2022	114	19.05	16.42	23.04	424.46	0.7	55	2
2022	115	19.4	15.87	24.19	434.48	0	55	2
2022	116	20.27	16.68	25.21	465.23	0	55	2
2022	117	19.9	16.68	24.1	308.32	0	55	2
2022	118	18.78	16.7	22.3	174.7	3.8	55	2
2022	119	18.99	16.09	23.58	349	5.2	55	2
2022	120	19.44	15.56	24.41	414.9	0	55	2
2022	121	19.38	15.84	24.19	260.67	5	55	2
2022	122	19.6	16.52	24.68	332.81	0	55	2
2022	123	18.51	16.14	23.2	216.65	0.4	55	2
2022	124	18.22	14.05	22.76	352.38	0	55	2
2022	125	18.55	15.9	21.27	235.94	0.1	55	2
2022	126	18.66	15.12	22.6	244.17	0	55	2
2022	127	18.84	15.48	23.33	282.47	0	55	2
2022	128	19.77	15.77	24.98	458.65	0	55	2
2022	129	20	15.75	25.75	399.5	0	55	2
2022	130	19.42	14.89	25.43	395.8	0	55	2
2022	131	19.93	15.68	25.72	388.28	0	55	2
2022	132	19.32	14.66	25.34	372.58	0	55	2
2022	133	19.18	13.56	25.28	360.32	0	55	2
2022	134	19.73	15.11	25.98	380.26	0	55	2
2022	135	19.21	14.67	24.78	338.9	0	55	2
2022	136	17.97	13.89	22.8	126.03	0	55	2
2022	137	18.22	13.29	23.64	221.14	0	55	2
2022	138	17.99	14.15	23.21	297.82	0	55	2
2022	139	17.78	12.57	23.88	293.66	0	55	2
2022	140	19.31	14.84	25.6	365.66	0	55	2
2022	141	19.76	15.29	25.54	326.95	0	55	2
2022	142	20.13	15.22	26.38	228.16	0	55	2
2022	143	21.48	16.24	27.64	428.29	0	55	2
2022	144	19.82	14.6	25.66	340.46	0	55	2
2022	145	20.11	14.9	25.69	222.91	0	55	2
2022	146	20.08	16.21	24.9	191.73	0	55	2
2022	147	19.27	15.78	23.44	144.32	0.3	55	2
2022	148	19.04	15.74	23.75	225.56	0	55	2
2022	149	18.66	14.92	23.37	155.93	0	55	2
2022	150	18.34	14.99	22.29	118.09	0	55	2
2022	151	18.31	15.02	22.61	195.74	0	55	2
2022	152	18.84	15.07	24.15	294.23	0	55	2
2022	153	18.12	14.85	22.86	252.02	0	55	2
2022	154	17.28	13.28	22.36	199.75	0	55	2
2022	155	17.88	12.02	24.06	341.99	0	55	2
2022	156	17.92	11.04	24.49	301.21	0	55	2
2022	157	17.56	15.1	22.16	232.19	0	55	2
2022	158	17.65	14.17	21.59	196.69	0	55	2
2022	159	18.3	14.41	23.32	157.44	0	55	2
2022	160	17.25	13.26	22.4	159.74	0	55	2
2022	161	18.05	14.06	23.04	161.27	0	55	2
2022	162	18.53	15.08	22.87	202.85	0	55	2
2022	163	17.72	14.75	22.14	107.21	0	55	2
2022	164	17.4	14.69	20.6	56.58	0	55	2
2022	165	18.54	13.6	25.2	189.02	0	55	2
2022	166	18.21	13.87	23.45	243.41	0	55	2
2022	167	18.51	13	24.43	280.19	0	55	2
2022	168	17.88	13.29	22.65	232.95	0	55	2
2022	169	17.94	13.13	23.59	178.98	0	55	2
2022	170	17.34	13.66	20.91	56.5	0	55	2
2022	171	17.32	14.39	22.72	95.34	0	55	2
2022	172	17.52	11.97	23.34	313.92	0	55	2
2022	173	17.31	14.03	21.74	168.96	0	55	2
2022	174	17.17	14.23	20.82	50.52	0	55	2
2022	175	16.19	13.44	18.77	92.29	0.1	55	2
2022	176	17.48	14.42	21.78	128.3	0	55	2
2022	177	17.07	14.73	20.84	244.38	0	55	2
2022	178	16.77	13.75	20.25	72.97	0	55	2
2022	179	15.83	12.64	19.08	68.47	0	55	2
2022	180	15.55	12.03	19.18	188.56	0	55	2
2022	181	16.92	11.88	22.74	303.82	0	55	2
2022	182	15.67	12.87	18.84	59.77	0	55	2
2022	183	17.04	12.25	22.86	328.12	0	55	2
2022	184	17.76	13.49	23.66	331.93	0	55	2
2022	185	17.13	11.57	22.61	230.21	0	55	2
2022	186	16.49	12.71	21.53	72.84	0	55	2
2022	187	17.45	12.82	22.84	154.49	0	55	2
2022	188	15.61	12.39	19.3	70.14	0	55	2
2022	189	15.36	13.06	17.58	72.47	0	55	2
2022	190	15.9	13.06	19.38	81.61	0	55	2
2022	191	16.41	13.22	20.08	164.59	0	55	2
2022	192	17	13.05	23.09	286.28	0	55	2
2022	193	15.18	13.43	17.66	82.4	0	55	2
2022	194	17.31	11.5	22.93	308.22	0	55	2
2022	195	17.63	13.04	22.38	136.36	0	55	2
2022	196	17.43	13.81	22.05	150.39	0.1	55	2
2022	197	16.97	14.06	21.37	94.87	0	55	2
2022	198	15.82	12.43	18.74	48.01	0	55	2
2022	199	16.82	13.56	19.66	258.03	0	55	2
2022	200	16.21	13.3	20.87	117.78	0	55	2
2022	201	15.78	12.57	20.7	175.99	0.1	55	2
2022	202	16.43	12.59	20.69	165.73	0	55	2
2022	203	15.58	12.94	21.04	137.6	0	55	2
2022	204	16.13	12.02	21.94	227.18	0	55	2
2022	205	16.71	11.95	22.01	217.55	0	55	2
2022	206	16.52	12.16	22.15	318.48	0	55	2
2022	207	17.17	13.79	22.15	171.42	0	55	2
2022	208	16.53	11.26	22.24	263.9	0	55	2
2022	209	16.86	14.08	21.06	143.83	0	55	2
2022	210	17.01	13.89	21.47	210.36	0	55	2
2022	211	16.31	14.21	19.2	221.03	0.2	55	2
2022	212	17.04	13.71	21.67	123.77	0	55	2
2022	213	15.77	14.74	17.6	65.52	0	55	2
2022	214	15.26	13.79	17.63	29.74	0	55	2
2022	215	18.93	14.78	24.08	314.83	1.72	55	2
2022	216	16.37	13.5	18.73	131.65	0	55	2
2022	217	15.54	13.16	19.78	173.11	0	55	2
2022	218	15.97	10.61	21.32	140.51	0	55	2
2022	219	14.72	10.49	19.28	108.3	0	55	2
2022	220	15.17	12.94	20.3	314.83	0	55	2
2022	221	16.23	11.61	21.52	136.43	0.1	55	2
2022	222	16.54	13.18	22.49	148.94	0	55	2
2022	223	16.39	13.35	20.54	262.93	0	55	2
2022	224	16	12.99	19.88	120.28	0	55	2
2022	225	16.62	13.25	20.9	95.09	0	55	2
2022	226	15.9	12.71	19.62	64.39	0	55	2
2022	227	17.97	15.12	20.93	144.83	0	55	2
2022	228	18.36	14.54	23.32	182.8	0	55	2
2022	229	16.2	13.85	21.04	314.83	0	55	2
2022	230	16.71	10.58	23.93	319.33	0	55	2
2022	231	17.91	11.12	24.93	326.27	0	55	2
2022	232	19.29	12.07	27.28	317.81	0	55	2
2022	233	18.89	11.59	25.68	361.83	0	55	2
2022	234	17.13	11.58	23.12	317.06	0	55	2
2022	235	15.92	11.78	20.37	198.14	0	55	2
2022	236	16.31	11.63	21.08	204.48	0	55	2
2022	237	16.15	12.38	19.39	91.03	0	55	2
2022	238	17.04	14.21	21.62	174.09	0	55	2
2022	239	15.84	14.04	18.59	126.99	0	55	2
2022	240	16.53	13.43	19.45	135.2	0	55	2
2022	241	18.06	10.99	24.18	210.51	0	55	2
2022	242	18.35	12.52	25.35	337.68	0	55	2
2022	243	16.58	12.68	20.24	67.53	0	55	2
2022	244	17.57	12.39	23.49	351.03	0	55	2
2022	245	15.39	13.02	18.12	17.73	0	55	2
2022	246	16.57	12.95	21.76	143.24	0	55	2
2022	247	17.12	11.36	24.61	211.83	0	55	2
2022	248	18.33	12.8	24.05	270.34	0	55	2
2022	249	17.89	13.97	24.33	214.86	5.31	55	2
2022	250	16.04	13.76	18.49	142.43	0.1	55	2
2022	251	16.24	13.46	19.34	49.57	0	55	2
2022	252	16.45	11.87	20.14	97.48	0	55	2
2022	253	17.36	11.94	23.7	229.11	0	55	2
2022	254	18.19	13.59	23.95	259.01	0	55	2
2022	255	18.01	14.05	23.07	370.41	0	55	2
2022	256	16.98	13.06	21.55	213.22	0	55	2
2022	257	17.35	13.57	21.54	146.56	0	55	2
2022	258	16.79	12.99	21.06	106.98	0	55	2
2022	259	17.78	13.84	23.14	233.46	0	55	2
2022	260	17.42	13.92	21.29	154.72	0	55	2
2022	261	17.06	12.96	22.45	161.8	0	55	2
2022	262	19.08	14.39	25.4	340.08	0	55	2
2022	263	18.57	13.85	24.28	348.03	0	55	2
2022	264	18.94	13.56	25.37	346.07	0	55	2
2022	265	18.68	13.52	24.57	387.77	0	55	2
2022	266	18.71	11.93	25.07	354.81	0	55	2
2022	267	18.57	12.01	25.22	351.43	0	55	2
2022	268	18.59	13.24	23.56	304.73	0.51	55	2
2022	269	18.78	13.63	24.03	338.91	0	55	2
2022	270	18.39	12.17	24.31	376.58	0	55	2
2022	271	18.71	12.76	25.03	324.81	0	55	2
2022	272	18.77	12.6	25.29	337.09	0	55	2
2022	273	18.34	14.43	23.57	206.54	0	55	2
2022	274	18.43	14.39	24.96	341.93	13.4	55	2
2022	275	19.42	14	25.92	337.4	0	55	2
2022	276	18.88	12.78	25.6	392.88	0	55	2
2022	277	18.66	12.62	25.66	277.7	0	55	2
2022	278	18.79	13.84	25.26	396.04	0	55	2
2022	279	18.51	14.15	24.24	297.77	0	55	2
2022	280	18.67	14.44	23.88	199.26	0	55	2
2022	281	18.15	12.43	24.78	381.56	0	55	2
2022	282	18.36	14.16	23.4	319.23	0	55	2
2022	283	18.89	13.26	24.27	310.31	0	55	2
2022	284	18.25	12.49	24.48	330.25	0	55	2
2022	285	18.7	11.28	25.32	301.02	0	55	2
2022	286	18.94	13.18	25.63	352.25	0	55	2
2022	287	18.42	12.28	25.04	392.36	0	55	2
2022	288	18.47	11.66	25.02	320.5	0	55	2
2022	289	19.61	13.58	25.57	357.71	0	55	2
2022	290	20.12	14.68	25.83	303.06	0	55	2
2022	291	19.6	15.82	24.49	304.72	0	55	2
2022	292	19.28	14.47	24.79	295.06	0	55	2
2022	293	18.79	13.38	24.82	258.55	0	55	2
2022	294	19.37	14.22	25.9	361.03	0	55	2
2022	295	19.53	13.21	25.98	363.49	0	55	2
2022	296	19.96	14.31	25.6	312.81	0	55	2
2022	297	20.78	14.73	27.14	348.8	0	55	2
2022	298	20.84	15.02	26.66	335.49	0	55	2
2022	299	20.38	15.27	25.74	370.12	0	55	2
2022	300	20.21	15.26	25.5	306.24	0	55	2
2022	301	20.53	15.23	26.72	350.52	0	55	2
2022	302	20.59	15.29	26.2	321.8	0.41	55	2
2022	303	19.72	14.93	25.1	367.68	0	55	2
2022	304	19.82	15.63	25.34	283.86	0	55	2
2022	305	18.84	16.12	23.33	305.45	0.2	55	2
2022	306	18.95	16.21	23.06	255.6	0	55	2
2022	307	18.07	15.21	21.56	248.78	6.7	55	2
2022	308	19.57	15.15	25.02	305.49	0	55	2
2022	309	19.83	14.71	25.15	365.75	0	55	2
2022	310	19.48	15.87	24.56	262.12	0	55	2
2022	311	19.58	16.08	24.39	303.78	0	55	2
2022	312	19.61	15.5	24.69	352.2	0	55	2
2022	313	19.75	15.42	24.7	328.69	0	55	2
2022	314	20.14	16.14	25.14	292.3	0	55	2
2022	315	19.63	16.22	24.43	356.25	0	55	2
2022	316	18.46	15.9	22.41	201.43	0	55	2
2022	317	19.17	15.36	23.5	214	0	55	2
2022	318	18.83	16.3	22.84	74.79	0.6	55	2
2022	319	18.21	16.25	22.61	149.9	1.3	55	2
2022	320	17.63	15.71	21.45	176.99	2.5	55	2
2022	321	17.36	14.59	20.68	129.42	1.23	55	2
2022	322	18.72	14.8	24.33	308.33	0	55	2
2022	323	18.79	15.74	22.98	283.37	0	55	2
2022	324	19.07	14.69	24.05	244.93	0	55	2
2022	325	19.19	14.87	23.92	276.41	6.6	55	2
2022	326	19.08	16.25	24.44	273.36	0.1	55	2
2022	327	18.25	15.69	23.31	327.93	0	55	2
2022	328	17.88	14.48	22.08	333.48	17.9	55	2
2022	329	18.13	15.15	22.11	374.41	0.4	55	2
2022	330	18.18	14.5	23.12	368.11	0	55	2
2022	331	18.65	14.3	24.06	274.63	0	55	2
2022	332	18.64	16.02	23.18	295.12	0	55	2
2022	333	17.7	15.31	22.04	281.08	3.5	55	2
2022	334	17.62	15.56	22.25	307.22	4.2	55	2
2022	335	18.23	14.97	23.54	359.8	0.51	55	2
2022	336	18.81	14.34	24.33	301.74	0	55	2
2022	337	18.53	15.5	23.24	328.85	0	55	2
2022	338	18.11	15.1	21.48	349.17	14.8	55	2
2022	339	18.68	15.85	23.25	403.08	0.6	55	2
2022	340	19.48	15.87	24.14	388.22	0	55	2
2022	341	19.62	16.37	24.21	416.23	0.41	55	2
2022	342	19.53	16.34	24.05	385.92	0	55	2
2022	343	18.89	15.9	24.95	323.63	0	55	2
2022	344	18.93	15.39	24.04	185.3	0	55	2
2022	345	19.52	15.58	24.57	369.85	0	55	2
2022	346	17.6	15.75	20.62	116.55	1.3	55	2
2022	347	17.73	14.86	22.61	351.09	2.7	55	2
2022	348	18.38	13.71	23.41	325.59	0	55	2
2022	349	18.72	14.68	24.18	371.61	0	55	2
2022	350	19.32	14.83	24.58	332.21	0	55	2
2022	351	19.52	14.81	24.88	359.02	0	55	2
2022	352	19.73	15.01	24.79	323.02	0	55	2
2022	353	19.69	14.66	24.98	316.81	0	55	2
2022	354	20.16	15.69	25.29	320.89	0	55	2
2022	355	20.06	15.87	25.46	265.99	0	55	2
2022	356	19.79	15.88	24.24	180.97	0	55	2
2022	357	19.55	15.28	25.03	301.36	0	55	2
2022	358	19.78	14.62	25.19	299.64	0	55	2
2022	359	19.99	15.61	25.11	257.33	0	55	2
2022	360	20.04	14.84	25.48	306.69	0	55	2
2022	361	18.75	16.79	22.71	178.64	0	55	2
2022	362	19.25	15.39	23.73	249.1	0	55	2
2022	363	18.86	14.62	23.78	195.7	0	55	2
2022	364	18.58	13.95	23.49	278.37	0	55	2
2022	365	18.74	13.61	23.83	326.38	0	55	2
2023	1	19.25	14.12	24.18	280.23	0	55	2
2023	2	17.98	13.75	23.01	211.09	0.1	55	2
2023	3	17.25	15.45	20.82	214.32	10.62	55	2
2023	4	16.94	15.21	19.18	103.83	4.8	55	2
2023	5	17.62	14.54	21.55	274.51	0.2	55	2
2023	6	19.42	13.57	24.66	376.05	0	55	2
2023	7	19.6	14.23	24.56	355.46	0	55	2
2023	8	19.01	13.81	24.6	361.29	0	55	2
2023	9	19.48	16.27	24.33	277.82	0	55	2
2023	10	19.17	15.9	23.54	312.8	0	55	2
2023	11	19.18	14.34	24.06	300.67	0	55	2
2023	12	19.84	14.59	25.32	365.58	0	55	2
2023	13	19.68	13.39	25.11	359.62	0	55	2
2023	14	19.45	13.8	24.51	341.86	0	55	2
2023	15	19.78	13.98	24.89	349.03	0	55	2
2023	16	19.6	14.32	24.98	347.23	0	55	2
2023	17	19.44	13.62	24.81	280.46	0	55	2
2023	18	21.2	14.54	27.44	350.85	0	55	2
2023	19	21.45	15.57	27.25	356.5	0	55	2
2023	20	20.97	15.4	26.66	353.82	0	55	2
2023	21	20.88	14.6	26.14	356.25	0	55	2
2023	22	20.5	16.16	24.79	235.94	0	55	2
2023	23	20.05	16.04	24.84	262.47	0	55	2
2023	24	20.01	14.81	25.45	300.24	0	55	2
2023	25	20.9	14.87	26.58	352.5	0	55	2
2023	26	18.93	14.78	24.08	314.83	1.72	55	2
2023	27	18.93	14.78	24.08	314.83	1.72	55	2
2023	28	18.93	14.78	24.08	314.83	1.72	55	2
2023	29	18.93	14.78	24.08	314.83	1.72	55	2
2023	30	18.93	14.78	24.08	314.83	1.72	55	2
2023	31	18.93	14.78	24.08	314.83	1.72	55	2
2023	32	18.93	14.78	24.08	314.83	1.72	55	2
2023	33	18.93	14.78	24.08	314.83	1.72	55	2
2023	34	18.93	14.78	24.08	314.83	1.72	55	2
2023	35	18.93	14.78	24.08	314.83	1.72	55	2
2023	36	18.93	14.78	24.08	314.83	1.72	55	2
2023	37	18.93	14.78	24.08	314.83	1.72	55	2
2023	38	18.93	14.78	24.08	314.83	1.72	55	2
2023	39	18.93	14.78	24.08	314.83	1.72	55	2
2023	40	18.93	14.78	24.08	314.83	1.72	55	2
2023	41	18.93	14.78	24.08	314.83	1.72	55	2
2023	42	18.93	14.78	24.08	314.83	1.72	55	2
2023	43	18.93	14.78	24.08	314.83	1.72	55	2
2023	44	18.93	14.78	24.08	314.83	1.72	55	2
2023	45	18.93	14.78	24.08	314.83	1.72	55	2
2023	46	18.93	14.78	24.08	314.83	1.72	55	2
2023	47	18.93	14.78	24.08	314.83	1.72	55	2
2023	48	18.93	14.78	24.08	314.83	1.72	55	2
2023	49	18.93	14.78	24.08	314.83	1.72	55	2
2023	50	18.93	14.78	24.08	314.83	1.72	55	2
2023	51	18.93	14.78	24.08	314.83	1.72	55	2
2023	52	18.93	14.78	24.08	314.83	1.72	55	2
2023	53	18.93	14.78	24.08	314.83	1.72	55	2
2023	54	18.93	14.78	24.08	314.83	1.72	55	2
2023	55	18.93	14.78	24.08	314.83	1.72	55	2
2023	56	18.93	14.78	24.08	314.83	1.72	55	2
2023	57	18.93	14.78	24.08	314.83	1.72	55	2
2023	58	18.93	14.78	24.08	314.83	1.72	55	2
2023	59	18.93	14.78	24.08	314.83	1.72	55	2
2023	60	18.93	14.78	24.08	314.83	1.72	55	2
2023	61	18.93	14.78	24.08	314.83	1.72	55	2
2023	62	18.93	14.78	24.08	314.83	1.72	55	2
2023	63	18.93	14.78	24.08	314.83	1.72	55	2
2023	64	18.93	14.78	24.08	314.83	1.72	55	2
2023	65	18.93	14.78	24.08	314.83	1.72	55	2
2023	66	18.93	14.78	24.08	314.83	1.72	55	2
2023	67	18.93	14.78	24.08	314.83	1.72	55	2
2023	68	18.93	14.78	24.08	314.83	1.72	55	2
2023	69	18.93	14.78	24.08	314.83	1.72	55	2
2023	70	18.93	14.78	24.08	314.83	1.72	55	2
2023	71	18.93	14.78	24.08	314.83	1.72	55	2
2023	72	18.93	14.78	24.08	314.83	1.72	55	2
2023	73	18.93	14.78	24.08	314.83	1.72	55	2
2023	74	18.93	14.78	24.08	314.83	1.72	55	2
2023	75	18.93	14.78	24.08	314.83	1.72	55	2
2023	76	18.93	14.78	24.08	314.83	1.72	55	2
2023	77	18.93	14.78	24.08	314.83	1.72	55	2
2023	78	18.93	14.78	24.08	314.83	1.72	55	2
2023	79	18.93	14.78	24.08	314.83	1.72	55	2
2023	80	18.93	14.78	24.08	314.83	1.72	55	2
2023	81	18.93	14.78	24.08	314.83	1.72	55	2
2023	82	18.93	14.78	24.08	314.83	1.72	55	2
2023	83	18.93	14.78	24.08	314.83	1.72	55	2
2023	84	18.93	14.78	24.08	314.83	1.72	55	2
2023	85	18.93	14.78	24.08	314.83	1.72	55	2
2023	86	18.93	14.78	24.08	314.83	1.72	55	2
2023	87	18.93	14.78	24.08	314.83	1.72	55	2
2023	88	18.93	14.78	24.08	314.83	1.72	55	2
2023	89	18.93	14.78	24.08	314.83	1.72	55	2
2023	90	18.93	14.78	24.08	314.83	1.72	55	2
2023	91	18.93	14.78	24.08	314.83	1.72	55	2
2023	92	18.93	14.78	24.08	314.83	1.72	55	2
2023	93	18.93	14.78	24.08	314.83	1.72	55	2
2023	94	18.93	14.78	24.08	314.83	1.72	55	2
2023	95	18.93	14.78	24.08	314.83	1.72	55	2
2023	96	18.93	14.78	24.08	314.83	1.72	55	2
2023	97	18.93	14.78	24.08	314.83	1.72	55	2
2023	98	18.93	14.78	24.08	314.83	1.72	55	2
2023	99	18.93	14.78	24.08	314.83	1.72	55	2
2023	100	18.93	14.78	24.08	314.83	1.72	55	2
2023	101	18.93	14.78	24.08	314.83	1.72	55	2
2023	102	18.93	14.78	24.08	314.83	1.72	55	2
2023	103	18.93	14.78	24.08	314.83	1.72	55	2
2023	104	18.93	14.78	24.08	314.83	1.72	55	2
2023	105	18.93	14.78	24.08	314.83	1.72	55	2
2023	106	18.93	14.78	24.08	314.83	1.72	55	2
2023	107	18.93	14.78	24.08	314.83	1.72	55	2
2023	108	18.93	14.78	24.08	314.83	1.72	55	2
2023	109	22.3	22.3	22.3	314.83	0	55	2
2023	110	21.07	17	24.09	314.83	0	55	2
2023	111	20.16	17.07	25.36	314.83	1	55	2
2023	112	18.06	16.81	19.59	314.83	17.06	55	2
2023	113	19.19	15.33	23.64	314.83	0	55	2
2023	114	20.13	17.32	24.31	314.83	0	55	2
2023	115	18.92	15.95	22.83	314.83	5.1	55	2
2023	116	18.55	16.41	22.86	314.83	35	55	2
2023	117	19.06	15.7	23.06	314.83	0.1	55	2
2023	118	17.85	16.69	20.08	314.83	11.7	55	2
2023	119	18.04	15.51	21.49	314.83	0	55	2
2023	120	18.66	16.79	22.47	314.83	14.3	55	2
2023	121	18.02	16.16	20.28	314.83	22.6	55	2
2023	122	18.54	14.62	22.18	314.83	0.6	55	2
2023	123	18.27	16.54	21.52	314.83	0.1	55	2
2023	124	18.61	15.12	23.36	314.83	0	55	2
2023	125	18.67	14.48	23.52	314.83	0	55	2
2023	126	18.86	15.23	23.42	314.83	0	55	2
2023	127	18.79	15.61	23.07	314.83	0	55	2
2023	128	19.09	15.8	23.44	314.83	0	55	2
2023	129	18.17	16.24	21.58	314.83	0.1	55	2
2023	130	18.56	16.06	22.68	314.83	0	55	2
2023	131	18.15	15.1	22.15	314.83	0	55	2
2023	132	18.06	14.02	23.32	314.83	0	55	2
2023	133	19.24	15.48	24.25	314.83	0	55	2
2023	134	19.23	16.33	24.04	314.83	0	55	2
2023	135	18.59	14.77	23.4	314.83	0	55	2
2023	136	18.6	14.35	23.74	314.83	0	55	2
2023	137	19.07	15.98	23.06	314.83	0	55	2
2023	138	18.29	13.91	22.89	314.83	0	55	2
2023	139	18.37	14.63	23.8	314.83	0	55	2
2023	140	19.41	13.13	26.12	314.83	0	55	2
2023	141	19.27	13.3	24.7	314.83	0	55	2
2023	142	19.83	15.97	25.45	314.83	0	55	2
2023	143	19.78	16.04	24.78	314.83	0	55	2
2023	144	18.99	14.96	23.77	314.83	0	55	2
2023	145	19.11	14.58	23.87	314.83	0	55	2
2023	146	18	14.1	22.59	314.83	0	55	2
2023	147	16.64	12.72	21.05	314.83	0.3	55	2
2023	148	17.5	14.02	22.45	314.83	0.1	55	2
2023	149	16.53	14.07	19.75	314.83	2.6	55	2
2023	150	17.26	13.76	20.82	314.83	0	55	2
2023	151	18.19	15.48	23.03	165.37	0	55	2
2023	152	19.1	14.83	24.04	252.18	0	55	2
2023	153	19.11	15.58	23.99	273.08	2.6	55	2
2023	154	18	14.69	22.03	69.78	0	55	2
2023	155	17.66	13.89	22.83	199.47	0	55	2
2023	156	19.15	14.11	24.66	306.03	0	55	2
2023	157	18.83	15.25	23.88	200.96	0.2	55	2
2023	158	18.95	13.44	24.91	360.35	0	55	2
2023	159	19.36	12.31	26.04	365.95	0	55	2
2023	160	18.79	15.88	23.8	229.63	0	55	2
2023	161	18.3	13.62	24.32	251.44	0	55	2
2023	162	19.59	14.98	24.61	351.39	0	55	2
2023	163	19.64	14.92	24.48	241.6	0.2	55	2
2023	164	17.84	13.52	22.29	190.26	0	55	2
2023	165	18.81	14.98	25.01	245.06	0	55	2
2023	166	17.89	14.88	21.55	141.38	0	55	2
2023	167	18.54	14.65	23.95	188.56	0	55	2
2023	168	16.83	14.59	19.37	54.07	0	55	2
2023	169	17.38	13.35	22.42	172.24	0	55	2
2023	170	17.84	12.97	22.96	224.37	0	55	2
2023	171	18.42	14.65	22.7	138.18	0	55	2
2023	172	17.83	15.91	20.93	191.66	0	55	2
2023	173	17.11	14.77	20.05	117.71	0	55	2
2023	174	16.87	15.44	18.65	61.62	0	55	2
2023	175	17.72	14.23	22.8	198.47	0	55	2
2023	176	18.16	13.41	24.21	249.27	0	55	2
2023	177	16.67	13.5	21.31	115.2	0	55	2
2023	178	16.59	13.91	20.48	94.91	0	55	2
2023	179	17.33	12.34	22.77	236.09	0	55	2
2023	180	16.34	13.54	19.66	114.41	0	55	2
2023	181	17.5	14.71	21.1	109.4	0	55	2
2023	182	17.09	14.5	20.39	26.13	0	55	2
2023	183	16.91	14.71	19.94	85.05	0	55	2
2023	184	17.14	13.46	21.06	61.39	0	55	2
2023	185	16.5	13.97	19.82	167.11	0	55	2
2023	186	15.27	12.43	18.94	12.18	0	55	2
2023	187	18.06	15.84	19.51	95.63	0	55	2
2023	188	16.23	14.2	18.34	100.56	0	55	2
2023	189	16.26	12.37	20.81	159.02	0	55	2
2023	190	16.77	11.2	23.56	248.11	0	55	2
2023	191	18.69	10.53	26.26	315.31	0	55	2
2023	192	18.73	13.05	25.43	289.71	0	55	2
2023	193	16.82	13.68	20.29	189.55	0	55	2
2023	194	16.93	12.67	20.86	192.7	0	55	2
2023	195	18.08	13.39	23.37	212.77	0	55	2
2023	196	17.13	12.58	22.48	132.91	0	55	2
2023	197	16.52	12.53	20.62	203.16	0	55	2
2023	198	15.86	11.93	19.8	67.65	0	55	2
2023	199	16.31	12.25	21.51	91.4	0	55	2
2023	200	16.74	12.41	21.44	65.78	0	55	2
2023	201	18.82	12.14	25.91	312.23	0	55	2
2023	202	18.53	13.18	24.25	317.92	0	55	2
2023	203	17.85	14.49	22.47	64.01	0	55	2
2023	204	17.62	14.85	21.88	183.78	0	55	2
2023	205	17.38	13.13	21.38	87.99	0	55	2
2023	206	18.01	15.6	22.06	164.12	0	55	2
2023	207	16.77	14.22	22.16	164.8	0	55	2
2023	208	16.96	12.3	21.48	97.12	0	55	2
2023	209	16.78	14.6	20.27	100.08	0	55	2
2023	210	16.67	13.6	21.41	84.46	0	55	2
2023	211	17.75	12.74	24.26	309.83	0	55	2
2023	212	18.63	12.91	25.69	320.4	0	55	2
2023	213	17.26	14.02	21.61	108.1	0	55	2
2023	214	17.03	13.91	20.32	245.22	0.1	55	2
2023	215	15.78	15.4	16.35	314.83	0	55	2
2023	216	18.93	14.78	24.08	314.83	1.72	55	2
2023	217	18.93	14.78	24.08	314.83	1.72	55	2
2023	218	18.93	14.78	24.08	314.83	1.72	55	2
2023	219	18.93	14.78	24.08	314.83	1.72	55	2
2023	220	19.19	16.1	22.77	314.83	0	55	2
2023	221	16.3	14.35	19.47	99.72	1.5	55	2
2023	222	17.41	14.54	21.9	314.83	0	55	2
2023	223	17.26	13.47	21.84	314.83	0	55	2
2023	224	16.43	11.83	22.03	314.83	0	55	2
2023	225	17.57	11.74	23.44	314.83	0	55	2
2023	226	18.23	12.32	24.09	314.83	0	55	2
2023	227	19.11	13.96	24.68	314.83	0	55	2
2023	228	18.74	15.68	22.93	314.83	0	55	2
2023	229	18.19	14.99	22.6	314.83	0	55	2
2023	230	17.99	14.35	23.52	314.83	0	55	2
2023	231	18.84	13.73	25.12	314.83	0	55	2
2023	232	19.25	12.04	25.81	314.83	0	55	2
2023	233	19.13	12.72	24.83	314.83	0	55	2
2023	234	20.08	15.13	25.93	314.83	0	55	2
2023	235	18.24	12.75	24.9	278.29	0	55	2
2023	236	18.13	13.52	24.14	286.17	0	55	2
2023	237	18.43	12.48	24.75	339.26	0	55	2
2023	238	19.73	14.79	25.96	370.39	0	55	2
2023	239	19.43	14.24	26.09	348.37	0	55	2
2023	240	18.38	14.17	23.01	204.73	0	55	2
2023	241	18.08	13.66	22.52	203.21	0	55	2
2023	242	18.02	15.12	21.84	184.28	0	55	2
2023	243	18.07	15.24	22.71	132.61	0	55	2
2023	244	18.87	15.46	23.51	134.25	0	55	2
2023	245	18.68	15.53	23.49	177.46	0	55	2
2023	246	18.9	12.73	25.89	309.28	0	55	2
2023	247	18.78	14.35	24.48	183.69	0	55	2
2023	248	19.63	13.74	25.63	239.41	0	55	2
2023	249	20.42	13.62	26.98	276.93	0	55	2
2023	250	18.55	15.47	24.24	183.01	23.2	55	2
2023	251	17.83	15.35	20.88	216.31	1.5	55	2
2023	252	17.63	15.18	20.3	237.69	0	55	2
2023	253	18.7	13.12	24.8	304.84	0	55	2
2023	254	19.63	15.06	25.4	286.39	0	55	2
2023	255	20.1	15.27	26.39	311.18	0	55	2
2023	256	18.54	15.58	23.43	212.37	0	55	2
2023	257	19.3	15.09	24.61	303.08	0	55	2
2023	258	18.25	15.11	22.31	305.08	0	55	2
2023	259	19.19	13.58	25.41	335.8	0	55	2
2023	260	20.08	15.78	27.18	352.88	7.9	55	2
2023	261	19.27	15.2	24.9	296.61	0	55	2
2023	262	19.43	14.03	24.85	321.49	0	55	2
2023	263	20.13	15.04	27.25	425.01	0	55	2
2023	264	20.11	14.46	26.74	335.61	0	55	2
2023	265	20.33	15.96	25.85	292.61	0	55	2
2023	266	19.54	15.6	24.75	214.41	0	55	2
2023	267	18.87	16.08	24.31	306.57	0	55	2
2023	268	20.51	14.71	27.22	310.98	0	55	2
2023	269	20.23	13.96	27.28	291.16	0	55	2
2023	270	20.27	14.8	26.27	303.74	0	55	2
2023	271	18.89	16.03	22.69	79.8	0	55	2
2023	272	19.89	13.95	26.59	315.98	0	55	2
2023	273	19.74	15.23	26.4	221.85	0	55	2
2023	274	20.87	16.39	27.58	279.48	0	55	2
2023	275	20.79	14.59	27.58	290.74	0	55	2
2023	276	18.98	12.25	25.45	355.89	0	55	2
2023	277	17.97	16.28	21.07	314.83	0	55	2
2023	278	18.71	15.17	23.32	314.83	0.1	55	2
2023	279	20.09	15.8	26.43	314.83	0	55	2
2023	280	20.12	14.92	26.08	314.83	0	55	2
2023	281	20.74	13.07	27.9	314.83	0	55	2
2023	282	21.15	14.46	27.94	314.83	0	55	2
2023	283	20.8	16.31	27.4	314.83	0	55	2
2023	284	20.65	14.57	26.53	314.83	0	55	2
2023	285	21.22	14.61	27.95	29.44	0	55	2
2023	286	22.07	14.44	29.04	427.23	0	55	2
2023	287	22.09	16.24	28.14	428.3	0	55	2
2023	288	21.94	17.65	27.56	348.26	0	55	2
2023	289	20.65	16.41	25.56	391.86	0.5	55	2
2023	290	20.59	17	26.7	287.02	0.1	55	2
2023	291	21.14	17.4	25.88	391.89	0	55	2
2023	292	19.67	16.88	24.57	333	0.9	55	2
2023	293	19.63	14.75	24.34	333.2	0	55	2
2023	294	20.13	15.77	25.43	317.38	0	55	2
2023	295	21.29	16.21	26.31	335.48	0	55	2
2023	296	20.92	15.51	26.96	386.79	0	55	2
2023	297	21.26	15.27	26.84	361.83	0	55	2
2023	298	21.43	17.08	26.31	373.89	0	55	2
2023	299	19.75	16.89	24.27	302.02	1.9	55	2
2023	300	19.99	16.11	24.47	275.17	0	55	2
2023	301	20.44	15.29	26.18	299.92	0	55	2
2023	302	20.44	16.2	25.09	293.17	0	55	2
2023	303	19.84	16.07	25.11	320.12	0	55	2
2023	304	19.58	16.66	24.13	286.44	4.5	55	2
2023	305	20.19	15.98	25.04	301.58	0	55	2
2023	306	18.89	16.55	22.21	304.4	32.9	55	2
2023	307	18.28	16.62	22.5	326.5	8.3	55	2
2023	308	18.22	15.53	21.34	294.16	8.6	55	2
2023	309	18.8	16.42	23.16	313	7.2	55	2
2023	310	19.32	16.17	24.13	442.3	28.39	55	2
2023	311	19.12	15.6	23.81	471.37	35.8	55	2
2023	312	18.59	16.89	21.94	329.38	3.1	55	2
2023	313	19.14	15.53	23.06	388.75	0	55	2
2023	314	18.8	16.01	22.5	265.7	17.8	55	2
2023	315	18.04	15.14	21.42	278.59	11.1	55	2
2023	316	18.82	16.5	23.13	342.78	4.4	55	2
2023	317	18.97	16.48	22.72	418.36	3.9	55	2
2023	318	18.57	16.33	23.09	332.43	22.2	55	2
2023	319	18.42	16.63	22.5	327.11	5.7	55	2
2023	320	18.56	16.26	22.07	379.33	6.6	55	2
2023	321	18.58	16.27	22.19	301.92	2.5	55	2
2023	322	19.16	16.24	23.04	360.37	1.74	55	2
2023	323	19.33	16.45	23.33	426.02	1.4	55	2
2023	324	18.81	15.89	23.3	398.04	0.4	55	2
2023	325	18.89	16.91	22.18	319.64	14.2	55	2
2023	326	18.29	16.52	21.89	360.61	8.7	55	2
2023	327	18.41	16.01	21.81	332.88	3.6	55	2
2023	328	18.6	16.2	22.59	392.39	9	55	2
2023	329	18.63	16.17	22.4	319.92	6.8	55	2
2023	330	18.31	15.64	21.96	339	8.4	55	2
2023	331	19.47	15.78	24.04	471.51	2.6	55	2
2023	332	19.07	16.67	23.43	349.55	0	55	2
2023	333	19.54	16.52	23.98	498.21	0	55	2
2023	334	19.2	15.46	23.4	483.41	0	55	2
2023	335	19.08	14.87	23.94	461.96	0	55	2
2023	336	19.51	14.76	24.39	411.98	0	55	2
2023	337	19.26	16.65	23.41	401.68	0	55	2
2023	338	18.98	15.93	23.5	363.5	0	55	2
2023	339	19.21	15.7	24.03	404.09	0	55	2
2023	340	19.08	16.36	23.58	383.18	0	55	2
2023	341	19.16	13.78	24.68	473.77	0	55	2
2023	342	19.31	14.63	24.83	446.49	0	55	2
2023	343	18.69	14.4	23.86	398.57	0	55	2
2023	344	19.39	16.5	23.57	397.26	0.8	55	2
2023	345	19.18	15.52	23.85	396.18	0.1	55	2
2023	346	19.24	15	24.28	353.75	0	55	2
2023	347	19.64	15.87	24.75	349.7	0	55	2
2023	348	19.65	17.22	23.88	355.75	0.1	55	2
2023	349	18.97	16.04	22.86	373.16	4.7	55	2
2023	350	18.27	16.3	21.59	235.59	0	55	2
2023	351	18.93	15.66	23.38	376.45	0	55	2
2023	352	18.79	15.6	23.31	400.29	0.1	55	2
2023	353	19.29	16.03	23.73	350.94	0	55	2
2023	354	18.81	14.53	23.85	403.15	0	55	2
2023	355	19.55	15.62	24.47	407.99	0	55	2
2023	356	19.31	15.92	23.7	323.94	2.2	55	2
2023	357	18.94	16.36	23.24	309.77	6.7	55	2
2023	358	20.22	16.91	24.8	409.78	0.7	55	2
2023	359	20.3	17.16	25.01	417.6	0	55	2
2023	360	18.96	16.81	22.36	248.07	0.6	55	2
2023	361	18.91	14.84	23.14	434.42	0	55	2
2023	362	19.96	15.72	24.86	444.77	0	55	2
2023	363	20.22	15.6	25.2	410.62	0	55	2
2023	364	20.21	16.76	25.21	330.63	0	55	2
2023	365	20.6	17.19	25.44	386.32	0	55	2
2024	1	20.55	16.91	25.02	395.65	2.14	55	2
2024	2	20.07	16.56	24.68	328.04	18.7	55	2
2024	3	20.13	17.2	24.79	425.13	0	55	2
2024	4	19.96	16.09	24.53	390.43	0	55	2
2024	5	19.14	16.57	24.91	303.88	9.3	55	2
2024	6	19.09	16.54	23.04	280.32	10.8	55	2
2024	7	18.92	16.76	22.92	273.23	11	55	2
2024	8	19.43	16.57	23.66	356.87	0	55	2
2024	9	19.08	15.93	23.21	462.74	0	55	2
2024	10	18.79	14.92	22.81	326.66	0.7	55	2
2024	11	19.15	16	24.15	297.42	3	55	2
2024	12	19.59	16.95	23.85	259.61	16.24	55	2
2024	13	18.52	16.36	22.04	190.84	31	55	2
2024	14	20.09	17.75	24.48	277.53	0	55	2
2024	15	20.34	17.24	24.64	379.93	0.1	55	2
2024	16	20.38	16.41	25.06	366.77	0	55	2
2024	17	20.19	16.93	24.19	312.15	0	55	2
2024	18	19.37	17.01	23.03	311.02	0	55	2
2024	19	18.89	16.86	23.7	315.68	0	55	2
2024	20	18.93	14.78	24.08	314.83	1.72	55	2
2024	21	18.93	14.78	24.08	314.83	1.72	55	2
2024	22	18.93	14.78	24.08	314.83	1.72	55	2
2024	23	18.93	14.78	24.08	314.83	1.72	55	2
2024	24	18.93	14.78	24.08	314.83	1.72	55	2
2024	25	18.93	14.78	24.08	314.83	1.72	55	2
2024	26	18.93	14.78	24.08	314.83	1.72	55	2
2024	27	18.93	14.78	24.08	314.83	1.72	55	2
2024	28	18.93	14.78	24.08	314.83	1.72	55	2
2024	29	18.93	14.78	24.08	314.83	1.72	55	2
2024	30	18.93	14.78	24.08	314.83	1.72	55	2
2024	31	18.93	14.78	24.08	314.83	1.72	55	2
2024	32	18.93	14.78	24.08	314.83	1.72	55	2
2024	33	18.93	14.78	24.08	314.83	1.72	55	2
2024	34	18.93	14.78	24.08	314.83	1.72	55	2
2024	35	18.93	14.78	24.08	314.83	1.72	55	2
2024	36	18.93	14.78	24.08	314.83	1.72	55	2
2024	37	18.93	14.78	24.08	314.83	1.72	55	2
2024	38	21.15	17.7	26.22	221.31	0	55	2
2024	39	20.08	15.99	24.99	346.47	0	55	2
2024	40	20.99	15.87	26.34	462.24	0	55	2
2024	41	20.64	17.09	26.15	447.48	0	55	2
2024	42	19.97	14.37	26	399.42	0	55	2
2024	43	20.55	14.43	26.68	468.14	0	55	2
2024	44	21.28	15.75	27.18	457.02	0	55	2
2024	45	21.47	15.82	27.65	459.04	0	55	2
2024	46	21.39	14.98	27.63	467.3	0	55	2
2024	47	20.85	14.84	26.93	431.15	0	55	2
2024	48	21.07	15.83	27.36	446.37	0	55	2
2024	49	22.65	14.91	29.69	443.2	0	55	2
2024	50	23.05	17.38	29.57	416.22	0	55	2
2024	51	22.11	17.2	28.55	387.18	11.4	55	2
2024	52	21.85	16.8	28.03	449.79	0.1	55	2
2024	53	20.86	16.12	26.32	473.39	0	55	2
2024	54	20.17	16.55	25.25	359.8	0	55	2
2024	55	18.94	16.09	24.26	408.31	17.4	55	2
2024	56	20.54	16.07	25.74	363.46	0.2	55	2
2024	57	21.06	16.67	26.91	303.73	0	55	2
2024	58	20.5	17.29	27.15	377.02	3.5	55	2
2024	59	20.08	15.68	26.25	349.14	8.9	55	2
2024	60	21.47	17.31	26.54	464.21	3.2	55	2
2024	61	21.05	16.2	26.2	490.4	0	55	2
2024	62	21.18	17.12	26.2	401.99	0	55	2
2024	63	21.32	16.24	27.18	467.74	0	55	2
2024	64	21.55	16.18	27.88	325.93	0	55	2
2024	65	20.75	17.43	25.55	496.01	0	55	2
2024	66	20.5	16.45	25.77	389.11	0	55	2
2024	67	21.01	15.45	26.84	383.34	0	55	2
2024	68	21.68	15.35	28.29	444.41	0	55	2
2024	69	21.49	16.93	27.21	452.61	0.3	55	2
2024	70	21.36	16.35	27.36	432.49	0	55	2
2024	71	21.48	16.61	27.44	460.68	0	55	2
2024	72	21.21	14.96	27.75	447.12	0	55	2
2024	73	21.53	15.6	27.85	454.11	0	55	2
2024	74	20.69	16.64	26.53	326.48	0	55	2
2024	75	20.32	15.36	26.03	367.02	0	55	2
2024	76	20.56	14.77	26.78	446.98	0	55	2
2024	77	22.14	15.52	29.49	377.6	0	55	2
2024	78	21.85	16.88	27.72	393.51	0	55	2
2024	79	21.66	16.59	27.9	370.2	0	55	2
2024	80	21.23	17.05	27.02	395.68	0.4	55	2
2024	81	21.71	16.73	27.92	411.73	0.1	55	2
2024	82	22.27	16.56	28.8	446.89	0	55	2
2024	83	20.86	16.19	27.55	243.77	37.7	55	2
2024	84	20.59	16.53	26.68	356.46	7.8	55	2
2024	85	20.46	15.28	27.48	447.62	11.1	55	2
2024	86	21.11	18	25.76	403.26	0	55	2
2024	87	20.43	17.71	26.29	469.38	0	55	2
2024	88	20.27	17.05	25.24	387.91	0.1	55	2
2024	89	20.33	15.75	25.54	384.8	3	55	2
2024	90	19.7	17.7	24.45	397.67	2.2	55	2
2024	91	19.35	16.36	23.47	361.35	0	55	2
2024	92	19.69	16.66	24.31	411.35	0.3	55	2
2024	93	20.26	17.37	24.64	404.5	0	55	2
2024	94	20.38	16.21	25.5	389.48	0	55	2
2024	95	20.24	17.33	25.29	408.25	0	55	2
2024	96	20.98	17.46	25.42	495.83	0	55	2
2024	97	19.56	16.1	24.02	320.78	0	55	2
2024	98	20.89	16.82	25.55	465.87	0	55	2
2024	99	20.22	17.88	24.38	288.36	0	55	2
2024	100	19.47	15.67	24.82	316.19	0	55	2
2024	101	20.72	16.59	26.32	467.72	0	55	2
2024	102	20.82	16.64	26.28	403.22	0	55	2
2024	103	20.37	16.5	24.76	394.07	0	55	2
2024	104	19.98	17.24	23.99	283.53	0	55	2
2024	105	20.43	17.16	25.03	381.75	0	55	2
2024	106	19.59	17.16	24.52	337.59	0	55	2
2024	107	20.04	16.62	24.46	380.13	0	55	2
2024	108	20.44	17.3	25.28	457.11	12.3	55	2
2024	109	20.78	17.98	25.29	387.17	0	55	2
2024	110	19.96	16.99	24.12	261.47	0	55	2
2024	111	20.09	16.15	25	409.86	0	55	2
2024	112	19.11	16.83	24.05	261.24	0	55	2
2024	113	19.9	16.84	24.63	393.14	0.1	55	2
2024	114	20.22	17.92	24.13	287.86	0	55	2
2024	115	20.01	17.38	24.69	397.84	0	55	2
2024	116	19.21	17.84	24.04	248.92	24.9	55	2
2024	117	18.35	16.25	22.65	322.38	31.8	55	2
2024	118	19.75	17.01	24.01	363.68	0.6	55	2
2024	119	19.52	17.46	22.63	322.68	0.3	55	2
2024	120	18.98	16.26	24.9	308.6	61.1	55	2
2024	121	20.46	17.01	26.24	370.88	4.8	55	2
2024	122	19.78	17.34	24.71	313.36	33.6	55	2
2024	123	19.37	17.6	24.77	220.98	6.1	55	2
2024	124	20.26	17.52	23.67	250.35	11	55	2
2024	125	18.93	16.82	23.3	199.33	43	55	2
2024	126	19.81	16.73	25.59	355.03	0.3	55	2
2024	127	18.57	15.88	22.23	194.62	26.6	55	2
2024	128	18.94	16.7	22.76	265.87	3.2	55	2
2024	129	18.61	16.65	22.64	272.42	1.5	55	2
2024	130	18.29	15.7	21.96	221.21	0.2	55	2
2024	131	18.43	16.26	22.18	245.47	0.9	55	2
