"date","nee.osv","h.osv","le.osv","ws.osv","rh.osv","temp.avg.osv","temp.min.osv","temp.max.osv","precip.osv","rg.osv","swc.1.osv","swc.2.osv","swc.3.osv","ts.1.osv","ts.2.osv","ts.3.osv","gpp.osv","reco.osv","variable.status","day.count","year"
2018-07-28,2.33185958823529,6.05954073684211,5.65418733333333,1.60216936842105,69.9950923038542,18.8860566152235,14.5245178875639,24.2746218057922,1.60359151026606,340.30107632303,0.296080115490063,0.17466515049337,0.126477212394301,25.4051387173863,25.0501671388997,25.1954801929466,0,5.77152978723404,"filled",209,"2018"
2018-07-29,NA,70.9404655656135,31.9057353361409,3.63848618689568,69.9950923038542,18.8860566152235,14.5245178875639,24.2746218057922,1.60359151026606,340.30107632303,0.296080115490063,0.17466515049337,0.126477212394301,25.4051387173863,25.0501671388997,25.1954801929466,0,5.7416375,"filled",210,"2018"
2018-07-30,4.75964335294118,6.18935770588235,36.9155094117647,2.66707870588235,88.2090625,16.5994705882353,15.062,23.09,55.6235294117647,340.30107632303,0.275302,0.416682411764706,0.249447058823529,21.9,21.2543529411765,21.3868235294118,0,5.78427083333333,"filled",211,"2018"
2018-07-31,3.58834204166667,33.3678497708333,43.9301178333333,2.80645077083333,84.07726875,16.7667916666667,13.748,20.399,0,256.942340416667,0.2767909375,0.4236971875,0.24770825,22.0530416666667,20.3581875,19.3557708333333,1.82833170625,5.61915625,"actual",212,"2018"
2018-08-01,2.58054282083333,38.4136631458333,44.146531875,2.72136808333333,78.6059357142857,17.6083333333333,14.078,23.6,0,276.247376190476,0.2757028125,0.423944395833333,0.227363875,22.0990833333333,20.313375,20.2426875,1.12435518958333,3.57130208333333,"actual",213,"2018"
2018-08-02,2.24558191333333,20.4543023333333,39.5912318214286,3.07802456666667,75.8057275862069,17.1466,11.427,24.453,0,370.207,0.277922133333333,0.425705566666667,0.215822166666667,22.0840333333333,21.3761333333333,22.4706333333333,0.640183122916667,2.54856458333333,"actual",214,"2018"
2018-08-03,0.753212756097561,53.9419242926829,35.338699474359,2.73605124390244,77.7203615384615,16.592675,11.447,23.441,0,418.8935,0.275301609756098,0.421516243902439,0.206060926829268,22.091756097561,21.76,22.559512195122,0.358468277083333,1.94650208333333,"actual",215,"2018"
2018-08-04,1.49158257608696,45.6361473913043,39.0770270454545,2.76812456521739,77.45775,15.8962608695652,11.465,21.901,0,229.398442941176,0.279703630434783,0.418035543478261,0.1975855,22.2649565217391,21.8678260869565,21.7292608695652,0.933467891666667,1.35809229166667,"actual",216,"2018"
2018-08-05,1.33696863333333,17.11959525,21.3559366666667,3.41618979166667,76.7790604166667,15.4084166666667,12.371,19.377,0,129.787371428571,0.277763875,0.416906895833333,0.190201354166667,22.4102291666667,21.3741666666667,19.9426875,0.742575991666667,0.849909166666667,"actual",217,"2018"
2018-08-06,0.383791166666667,58.0207616666667,37.3055878125,3.57658125,69.5692634146342,16.5548958333333,11.153,22.108,0,335.59583,0.2753458125,0.4161659375,0.1864735625,22.4070833333333,20.7405208333333,20.8544375,1.48457238125,0.669636041666667,"actual",218,"2018"
2018-08-07,-0.649449364583333,67.7946188333333,46.7414561489362,2.7879699375,68.5797525,16.8352708333333,10.311,23.814,0,393.76289047619,0.275201416666667,0.416873645833333,0.184195770833333,22.3959583333333,21.6113125,22.3509166666667,1.768653225,0.669597083333333,"actual",219,"2018"
2018-08-08,-0.125489477083333,64.2280311770833,40.05767,2.23761527083333,65.1900790697674,17.3220625,10.449,24.611,0,358.968423809524,0.274562541666667,0.409304854166667,0.176504895833333,22.4038958333333,22.5259583333333,23.3690416666667,1.76769005625,0.877826666666667,"actual",220,"2018"
2018-08-09,0.0625126458333333,54.1954905145833,23.2735021276596,2.80978983333333,73.6411975,17.4300833333333,12.323,23.099,0,267.854154545455,0.275044854166667,0.403222145833333,0.167327666666667,22.5953333333333,23.1087291666667,23.4253125,1.58944517291667,1.01464,"actual",221,"2018"
2018-08-10,-0.00495520833333333,61.6839494166667,15.6518839375,2.80044652083333,78.3769512195122,15.9952083333333,11.4450000000001,21.379,0,279.772604761905,0.2751409375,0.3949188125,0.157188916666667,22.8028333333333,22.7222708333333,22.3136458333333,1.51012307708333,0.999711458333333,"actual",222,"2018"
2018-08-11,0.370209275555556,64.009288,17.3025947622222,4.25072422222222,77.2678717948718,16.2553777777778,13.132,21.545,0,267.280789473684,0.275266311111111,0.387687288888889,0.150455377777778,22.9488444444444,22.6132444444444,22.4088888888889,1.33422176875,1.13033708333333,"actual",223,"2018"
2018-08-12,0.0308044166666667,76.545456925,21.1896180833333,3.5774256875,76.84782,16.0871666666667,12.096,20.976,0,300.565571428571,0.2736625,0.380844458333333,0.144401375,22.9966875,22.6755,22.6054583333333,1.64233985833333,1.284714375,"actual",224,"2018"
2018-08-13,0.00339146458333335,41.9566000229167,18.3110587916667,3.23660310416667,77.26788125,14.8601458333333,10.779,18.879,0,186.988422727273,0.271876354166667,0.373514583333333,0.136634083333333,23.0072291666667,22.2003125,21.1176875,1.35057852083333,1.27895666666667,"actual",225,"2018"
2018-08-14,-0.0348897083333333,88.3321784375,25.6498014651163,3.16436375,78.6167805555556,16.1674166666667,10.401,22.585,0,362.446581818182,0.268297875,0.363243145833333,0.129817375,23.0014791666667,21.8968958333333,22.2316041666667,1.84623718541667,1.39927708333333,"actual",226,"2018"
2018-08-15,0.414737389583333,46.5780768333333,9.63262816666667,3.28759895833333,78.0114071428571,15.7262708333333,12.184,21.018,0,193.286414285714,0.2718333125,0.357763895833333,0.123687458333333,22.9896666666667,22.4404375,21.8396041666667,1.21846365833333,1.47633125,"actual",227,"2018"
2018-08-16,0.1871495375,38.6032012708333,16.7655914375,3.40331541666667,76.8185729166667,14.7642708333333,10.473,19.425,0.1,191.704303333333,0.271914583333333,0.351004833333333,0.119070875,22.996875,21.7526041666667,20.6410416666667,1.34942362708333,1.54299791666667,"actual",228,"2018"
2018-08-17,1.10004046458333,33.5727240208333,10.7462744708333,2.9093999375,79.4139145833333,15.0650625,12.446,18.638,0,137.539866666667,0.268504833333333,0.3424631875,0.115982604166667,22.8995208333333,21.1095208333333,20.0415416666667,1.16238232083333,1.66194583333333,"actual",229,"2018"
2018-08-18,0.0465013891666667,50.6750267070833,11.3836898979167,3.30716125,79.2913770833333,15.1722291666667,11.667,19.211,0,193.86475,0.2656626875,0.335778375,0.114574575,22.6522708333333,20.9653125,20.6427291666667,1.38991555,1.73071666666667,"actual",230,"2018"
2018-08-19,0.188098835416667,48.6086940833333,9.38878860625,2.807990625,76.2610627906977,15.9261458333333,12.667,21.257,0,194.066436666667,0.2659715,0.332399333333333,0.113846541666667,22.6014375,21.2100833333333,21.0030416666667,1.17779635625,1.64307083333333,"actual",231,"2018"
2018-08-20,0.185910666666667,68.0403533333333,9.6905121875,3.09273229166667,73.7746536585366,15.7338333333333,11.444,21.277,0,264.537257142857,0.2624926875,0.325807708333333,0.112483729166667,22.5901041666667,21.3517291666667,21.2739166666667,1.23769734791667,1.2036825,"actual",232,"2018"
2018-08-21,0.415236854166667,46.9103422916667,8.072153529375,2.97181822916667,73.2879897435897,16.3055833333333,10.777,21.123,0,185.606640909091,0.266780541666667,0.321459041666667,0.1100256875,22.5799583333333,21.498625,21.289125,0.96064074375,1.04219833333333,"actual",233,"2018"
2018-08-22,-0.101498695833333,58.9563664791667,12.3656182083333,2.6744994375,70.2456266666667,17.060875,10.963,24.119,0,296.858425,0.263324291666667,0.316479208333333,0.109578520833333,22.5866458333333,21.869875,22.5774583333333,1.222174275,1.14238958333333,"actual",234,"2018"
2018-08-23,0.391665322916667,31.9904450833333,5.83894614583333,3.037720625,80.6879854166667,15.9065,13.392,18.69,0,113.440235,0.26043125,0.311637479166667,0.1067756875,22.5982916666667,22.3074583333333,21.8158541666667,0.69084266875,1.01825520833333,"actual",235,"2018"
2018-08-24,0.376088877083333,50.6955655833333,9.4279742,3.16190916666667,71.7678636363636,17.2860833333333,12.488,23.06,0,215.292725238095,0.263695854166667,0.304164666666667,0.105272916666667,22.6233125,21.8467083333333,21.9996458333333,0.953665591666667,1.118298125,"actual",236,"2018"
2018-08-25,0.2424420625,59.5344848541667,10.5371760583333,3.30866520833333,69.3183,17.7411666666667,11.877,23.371,0,259.156377619048,0.264539625,0.301848895833333,0.105170166666667,22.6873958333333,22.4342291666667,22.9650208333333,1.06340873541667,1.22066479166667,"actual",237,"2018"
2018-08-26,0.3190924375,51.0230235416667,5.0289419375,3.138749375,80.3902333333333,17.086375,14.402,22.169,0,179.338785714286,0.262741625,0.297741708333333,0.10360975,22.7967708333333,22.7358125,22.7411458333333,0.854920266666667,1.28254083333333,"actual",238,"2018"
2018-08-27,0.805278229166667,58.5848535833333,16.6223067708333,2.40387328125,77.1899954545455,17.7302916666667,12.357,24.349,1.5,261.6323765,0.263339666666667,0.292682020833333,0.102385447916667,22.87675,22.7404375,23.3288958333333,1.09286984791667,1.50030645833333,"actual",239,"2018"
2018-08-28,1.13274290416667,15.1487230729167,26.8625261041667,2.50847997916667,85.0601270833333,15.9313125,14.088,18.769,0.1,90.3901104545455,0.267798604166667,0.2889993125,0.0987659729166667,22.9972916666667,22.5729375,21.2121041666667,0.474496102083333,1.34646875,"actual",240,"2018"
2018-08-29,0.590557408333333,35.4905682083333,16.2118895833333,3.11550020833333,73.1320270833333,16.370125,13.472,19.549,0,143.6762,0.266602833333333,0.282166,0.0970930458333333,22.9988125,21.3732083333333,20.4704791666667,0.675460389583333,1.39726875,"actual",241,"2018"
2018-08-30,0.5164571875,54.3519639375,11.6190419041667,3.23102514583333,69.2720297297297,16.8211041666667,12.715,21.064,0,211.611066666667,0.2638229375,0.281536145833333,0.09854233125,22.8135833333333,21.4399583333333,21.5119375,0.85404008125,1.31851520833333,"actual",242,"2018"
2018-08-31,0.301944966666667,54.5725480208333,8.482214775,3.4388225,70.4684739130435,16.5552708333333,13.204,20.14,0,201.456925,0.261463854166667,0.278753458333333,0.0982937458333333,22.7370416666667,21.7980833333333,21.7218541666667,0.772954179166667,1.188883125,"actual",243,"2018"
2018-09-01,0.610663591666667,28.0003348208333,6.21314610416667,2.8924729375,79.3551916666667,15.4685208333333,11.77,19.591,0,120.0849735,0.262697895833333,0.275550708333333,0.0967875020833333,22.6232083333333,21.4460833333333,20.5406458333333,0.528141220833333,1.04788208333333,"actual",244,"2018"
2018-09-02,0.7699505625,27.3351230833333,5.06013288958333,2.973290625,80.7029613636364,16.3432708333333,13.178,21.045,0,108.199856363636,0.262308375,0.273884041666667,0.0959027708333333,22.6021458333333,21.0570416666667,20.449,0.535216958333333,1.16019520833333,"actual",245,"2018"
2018-09-03,0.401719,45.0363472708333,7.38818095833333,2.749851875,73.3640833333333,16.616625,10.713,22.4690000000001,0,210.5094315,0.2596063125,0.272529166666667,0.09542500625,22.518125,20.9845,20.9352291666667,0.79273429375,1.30197583333333,"actual",246,"2018"
2018-09-04,0.410657575,52.1563170833333,4.8282478125,3.12311785416667,78.6391404761905,16.4175833333333,11.877,21.522,0,192.345035,0.26043475,0.2706153125,0.09531944375,22.4032708333333,21.3509791666667,21.3336041666667,0.85987916875,1.360375,"actual",247,"2018"
2018-09-05,0.261814104166667,91.0324066041667,12.1095150833333,3.5794995,71.5857590909091,18.100875,14.541,23.261,0,341.28032047619,0.2560506875,0.270202145833333,0.0970132208333333,22.4015833333333,22.0639583333333,23.3701875,1.06366889583333,1.47187083333333,"actual",248,"2018"
2018-09-06,0.521578802083333,84.956899875,6.34688195833333,4.21875395833333,70.7021136363636,17.8320416666667,13.625,23.3440000000001,0,294.495866666667,0.259380583333333,0.270395833333333,0.0965069333333333,22.5146666666667,23.0937916666667,24.0435833333333,1.04805976666667,1.49041875,"actual",249,"2018"
2018-09-07,0.0348808333333333,112.646768958333,12.34460794375,3.35738304166667,67.3450476190476,17.7728333333333,12.83,23.708,0,399.677714285714,0.258501375,0.269467770833333,0.0961711479166667,22.7363958333333,23.6646666666667,25.1496458333333,1.16669434166667,1.57523541666667,"actual",250,"2018"
2018-09-08,0.400183811702128,81.1601837642553,9.91735648297872,3.09878510638298,66.8675121951219,17.8567021276596,11.986,23.802,0,348.41895,0.257116914893617,0.268336893617021,0.0952680914893617,23.0382340425532,24.4447021276596,25.4558085106383,1.05253521666667,1.56384375,"actual",251,"2018"
2018-09-09,0.23545754375,91.5683697916667,9.03843527083333,3.32215389583333,62.4720209302326,18.9486875,11.892,26.467,0,388.102395238095,0.260813833333333,0.26678825,0.0949139104166667,23.400375,24.7451666666667,26.1329375,1.10986737291667,1.49380625,"actual",252,"2018"
2018-09-10,0.673043997916667,80.7951849375,10.067779,3.251775625,65.5721659090909,20.0160833333333,14.366,26.752,0,362.862275263158,0.261628541666667,0.266145125,0.0938368270833333,23.667875,25.723875,27.248375,0.8853582,1.34006875,"actual",253,"2018"
2018-09-11,0.284375256875,103.513990833333,8.52120345833333,4.16287145833333,65.1666840909091,19.084,14.84,24.555,0,375.275719047619,0.262024979166667,0.2632715,0.0915833291666667,24.0607708333333,26.0305,27.1175208333333,0.886996620833333,0.997653958333333,"actual",254,"2018"
2018-09-12,0.361375229166667,98.9332565708333,8.41540165208333,3.42754520833333,62.3987340909091,18.0099166666667,11.399,24.921,0,382.859838095238,0.2622381875,0.260628458333333,0.0892166666666667,24.3724583333333,25.9496875,26.6533125,0.80990575625,0.708482708333333,"actual",255,"2018"
2018-09-13,0.237368475,101.686135083333,9.1276651625,3.46729395833333,65.5558333333333,18.8993333333333,13.458,25.214,0,381.148666666667,0.262588166666667,0.2592249375,0.0875131979166667,24.6831041666667,26.2190416666667,27.3305833333333,0.776801777083333,0.588705416666667,"actual",256,"2018"
2018-09-14,0.388111520833333,82.69895825,7.1390025,3.65017820833333,65.1184348837209,19.7418958333333,13.806,25.912,0,344.46356,0.266920875,0.257677041666667,0.0864145854166667,24.8653125,26.686,27.6921875,0.73822670625,0.669223333333333,"actual",257,"2018"
2018-09-15,0.079894625,100.865840625,12.4482455416667,3.40912733333333,62.8790923076923,18.9932083333333,11.419,26.661,0,390.951652380952,0.265277041666667,0.256549979166667,0.0847083333333333,25.0856875,26.667125,27.5999166666667,1.00847911458333,0.898932083333333,"actual",258,"2018"
2018-09-16,0.279701198333333,96.0028971666667,16.2117652639583,3.63305295833333,60.2167742857143,19.415875,11.634,26.66,0,386.212361904762,0.2613034375,0.2553708125,0.0829083291666667,25.3192708333333,26.7749791666667,27.4633541666667,1.087875625,1.09993729166667,"actual",259,"2018"
2018-09-17,0.0514121666666667,77.9927855,6.92372852173913,3.48643485416667,60.7633377777778,19.0406875,11.43,26.797,0,343.897885,0.257822208333333,0.2529381875,0.0817402791666667,25.51925,26.8438333333333,27.4991041666667,0.9441932375,1.20871104166667,"actual",260,"2018"
2018-09-18,0.0876457083333333,95.4126679583333,6.23868920833333,3.2256939375,67.6371934782609,17.9578541666667,11.557,25.689,0,367.380114285714,0.253902791666667,0.250581895833333,0.0803076354166667,25.6004583333333,26.7483958333333,27.2307708333333,1.0839633125,1.28125916666667,"actual",261,"2018"
2018-09-19,0.55979300625,76.521516875,5.77470064166667,2.90747335416667,66.9524266666667,17.6957291666667,12.248,24.728,0,302.251766666667,0.254861895833333,0.2503680625,0.0786506916666667,25.7141875,26.5974791666667,26.6705208333333,0.9609606125,1.37442708333333,"actual",262,"2018"
2018-09-20,0.352019265,104.3915584375,8.10593105625,3.84215879166667,68.4326297297297,19.2333541666667,12.657,26.444,0,402.745485714286,0.255716,0.250533979166667,0.0786333291666667,25.8870416666667,26.6360833333333,27.4512291666667,1.25977536041667,1.62912291666667,"actual",263,"2018"
2018-09-21,0.494142452083333,96.8065518125,7.45673156875,4.14926666666667,64.7534826086956,19.4506458333333,14.4450000000001,26.205,0,375.511252380952,0.2524020625,0.249834041666667,0.0777750020833333,25.8980625,27.0510208333333,27.7088958333333,1.251336275,1.91358333333333,"actual",264,"2018"
2018-09-22,0.6419901625,75.8363506,2.4111768105,3.9416975,69.0449452380952,18.16225,13.006,23.555,0,276.903880952381,0.256695833333333,0.248833979166667,0.0757215291666667,26.0747916666667,26.8688958333333,26.6708958333333,1.18742746041667,1.89043541666667,"actual",265,"2018"
2018-09-23,0.490123246041667,86.859982375,7.46523801875,3.4637593125,65.8270666666667,18.5419583333333,13.003,24.954,0,348.034304761905,0.252212479166667,0.247176375,0.0754562541666667,26.1928541666667,26.4515,26.7048125,1.18327970833333,1.70911041666667,"actual",266,"2018"
2018-09-24,0.155925391666667,102.206306208333,4.66816829166667,3.76972225,64.0406044444444,17.9746041666667,10.742,25.28,0,390.046071428571,0.2534596875,0.246063875,0.07611666875,26.1923541666667,26.5645208333333,27.0907916666667,1.16048094583333,1.48401875,"actual",267,"2018"
2018-09-25,0.359738520833333,82.54238875,10.3807974854167,3.90961333333333,65.6350088888889,19.0662708333333,13.964,24.867,0,307.700489047619,0.251797979166667,0.246849291666667,0.0753930520833333,26.1952916666667,26.9237708333333,27.4698125,0.93873035625,1.32686458333333,"actual",268,"2018"
2018-09-26,0.0890331125,84.5105940416667,6.42192659574468,3.84454166666667,66.8075465116279,19.4387291666667,12.782,26.227,0,338.756961904762,0.252024270833333,0.245677083333333,0.0752145833333333,26.2022916666667,26.8489583333333,27.4511666666667,0.909786120833333,1.13437708333333,"actual",269,"2018"
2018-09-27,0.677723240425532,70.7924235106383,0.651465744680851,3.49544087234043,73.6665525,18.5534468085106,14.649,22.859,0,262.617657894737,0.251925531914894,0.245715595744681,0.0739539021276596,26.229170212766,26.8423617021277,26.7115957446809,0.690813133333333,0.908909166666667,"actual",270,"2018"
2018-09-28,0.2408337725,90.9628404791667,2.79121241666667,4.53944666666667,73.014975,19.1054583333333,15.23,24.789,0,325.255109090909,0.251895125,0.245206291666667,0.0740645833333333,26.2754583333333,26.5000833333333,27.0166875,0.767580035416667,0.719693541666667,"actual",271,"2018"
2018-09-29,0.204048291666667,76.4727043125,6.76396633333333,3.742457125,66.0893409090909,19.3351666666667,13.567,26.128,0,340.4967365,0.254046479166667,0.245120854166667,0.0737465270833333,26.2149791666667,26.7261458333333,27.38175,0.626760383333333,0.518215625,"actual",272,"2018"
2018-09-30,0.0621819583333333,103.608035625,9.41195839583333,3.9481868125,60.80335,19.3904583333333,13.988,25.704,0,427.603435,0.251472229166667,0.245050041666667,0.0737986104166667,26.2854166666667,26.9733125,27.9421041666667,0.63507756875,0.314150833333333,"actual",273,"2018"
2018-10-01,0.119944354166667,93.6043830833333,4.10987738333333,3.9399395625,58.4991357142857,17.8973125,10.417,24.282,0,386.57023,0.254352833333333,0.242911791666667,0.0723381958333333,26.3835625,26.8771458333333,26.965375,0.51696934375,0.103403916666667,"actual",274,"2018"
2018-10-02,0.0938506947916667,68.1538489375,2.27667541666667,3.77623333333333,67.9045266666667,17.9132916666667,12.044,24.287,0,294.81434,0.251633354166667,0.241375729166667,0.0709145854166667,26.3975208333333,26.5156875,26.4477083333333,0.41761685,0.111408945833333,"actual",275,"2018"
2018-10-03,0.0385037708333333,100.717647854167,3.73850430291667,4.18112416666667,68.0391720930233,19.2737083333333,13.896,26.014,0,413.407285,0.253881270833333,0.241327833333333,0.07250208125,26.3965208333333,26.782,28.1312708333333,0.631173433333333,0.343854583333333,"actual",276,"2018"
2018-10-04,0.2875957,71.6273385416667,3.078970125,3.74957458333333,67.8444767441861,18.6862083333333,14.181,24.045,0,302.87389047619,0.251113208333333,0.241651416666667,0.070459725,26.3986041666667,27.0452916666667,27.2155208333333,0.683365541666667,0.651409375,"actual",277,"2018"
2018-10-05,0.15918185,89.6535616666667,3.708442125,3.21864501666667,64.3144590909091,19.0015833333333,13.033,25.493,0,363.146976190476,0.2532631875,0.240365979166667,0.0704548604166667,26.4043958333333,26.8173958333333,27.6681458333333,0.950993625,1.108709375,"actual",278,"2018"
2018-10-06,0.121898677291667,85.7240543541667,5.80634,3.78758958333333,65.8717088888889,20.1130416666667,15.162,26.995,0,385.8895615,0.251475041666667,0.241152770833333,0.0709777729166667,26.4062083333333,27.4573333333333,28.7890625,1.02673301875,1.39796041666667,"actual",279,"2018"
2018-10-07,2.25676315416667,55.1842038333333,34.8978464583333,3.147833375,73.6502744680851,19.044,14.532,26.459,9.9,290.1379085,0.253218729166667,0.240468083333333,0.0696527770833333,26.6324375,27.7068333333333,27.9565416666667,0.792354685416667,1.3682625,"actual",280,"2018"
2018-10-08,4.019441875,33.4322280416667,64.972790625,3.28706979166667,70.6839130434783,18.54725,12.954,24.163,0.8,240.489005,0.251160416666667,0.236851354166667,0.0673111104166667,26.7037916666667,26.0208125,24.012375,0.776359664583333,1.38019791666667,"actual",281,"2018"
2018-10-09,2.343722625,60.0097875,41.6466162708333,3.62531833333333,70.3312121951219,18.7484791666667,13.468,23.905,0,311.961119047619,0.251644416666667,0.235233375,0.0702375020833333,26.539625,24.8726666666667,24.04625,1.00322203541667,1.4333625,"actual",282,"2018"
2018-10-10,1.24460266875,71.9688069791667,28.1814095833333,3.66556052083333,69.4905046511628,18.2365416666667,11.875,24.243,0,315.367996818182,0.248916645833333,0.235588145833333,0.0732777729166667,26.2310416666667,24.8761666666667,24.5978125,1.04821298333333,1.45179791666667,"actual",283,"2018"
2018-10-11,0.628826007291667,81.5546934166667,27.8631736458333,3.27553977083333,64.1567068181818,19.0950416666667,13.372,25.093,0,377.149428571429,0.248711083333333,0.236491645833333,0.0766868020833333,25.9281041666667,25.2965625,25.9427083333333,1.12382011666667,1.53147708333333,"actual",284,"2018"
2018-10-12,0.515832439583333,76.0650789479167,15.4228097854167,2.9756139375,64.0738102564103,19.4330416666667,12.157,27.155,0,366.531105263158,0.246668166666667,0.237164625,0.0792708291666667,25.8895208333333,25.8136458333333,26.4581041666667,1.03160474375,1.58268333333333,"actual",285,"2018"
2018-10-13,0.697968333333333,61.2152077083333,15.6846943958333,3.43792420833333,68.4649953488372,20.1953958333333,15.506,26.886,0,293.923128571429,0.2498346875,0.237833291666667,0.0809388854166667,25.8988541666667,26.3961875,27.144125,0.93204869375,1.64739583333333,"actual",286,"2018"
2018-10-14,0.0451176458333333,79.6165160625,10.9176258208333,3.47063125,65.7593595238095,19.6460625,13.543,27.374,0,321.797168181818,0.247805520833333,0.2385124375,0.0813166604166667,26.0382083333333,26.5714375,27.2546458333333,1.06493963541667,1.59149583333333,"actual",287,"2018"
2018-10-15,0.565831004166667,78.2688780208333,10.8137232770833,2.9485514375,67.5654577777778,20.139125,14.711,26.351,0,314.296505909091,0.246236104166667,0.23941525,0.0810451375,26.1963333333333,26.9690833333333,27.9136458333333,1.02650111875,1.45524791666667,"actual",288,"2018"
2018-10-16,0.1250130625,77.1399329375,10.1080238297872,2.93996654166667,67.3997595744681,19.7084166666667,14.396,26.675,0,341.215738095238,0.247919104166667,0.239222354166667,0.07981396875,26.2747291666667,27.1940416666667,27.9789166666667,1.03886931041667,1.36439166666667,"actual",289,"2018"
2018-10-17,-0.226397295833333,93.6540173958333,9.98553885106383,3.57929291666667,68.03164,20.3932916666667,15.485,26.245,0,376.208909523809,0.250595791666667,0.2398875,0.0790423625,26.4006666666667,27.5572083333333,28.6028125,1.14213814375,1.43407083333333,"actual",290,"2018"
2018-10-18,-0.0876628270833333,94.2584111041667,5.56826654166667,4.43361020833333,69.0059,20.3906875,15.868,26.024,0,379.609695238095,0.2483041875,0.240004833333333,0.0783548625,26.6305416666667,27.7966041666667,28.6939375,1.1678254,1.47019166666667,"actual",291,"2018"
2018-10-19,0.130018166666667,97.2835164375,8.23700882604167,4.39119445833333,69.7001545454546,20.3122291666667,15.813,26.362,0,397.830635,0.245675041666667,0.239570166666667,0.0765805625,26.7497708333333,27.8803333333333,28.6726875,1.168428,1.50265208333333,"actual",292,"2018"
2018-10-20,-0.15932289375,95.9205494145833,11.3259068541667,3.54912229166667,68.5942222222222,20.4891041666667,14.778,26.484,0,391.036219047619,0.248318104166667,0.2395243125,0.076184025,26.8942083333333,27.9823125,29.0422083333333,1.22193887916667,1.54879375,"actual",293,"2018"
2018-10-21,0.280372145833333,85.00363325,8.72938280434783,4.71117354166667,70.8738972222222,20.02275,14.675,25.479,0,360.180333333333,0.249253458333333,0.2384936875,0.07458888125,27.0083541666667,28.0374791666667,28.4673541666667,1.14401079375,1.5605375,"actual",294,"2018"
2018-10-22,0.0648354375,105.576396458333,3.28354646666667,5.36101,68.882055,18.9232083333333,13.101,24.476,0,374.5093035,0.246536729166667,0.237158270833333,0.0728361104166667,27.1921666666667,27.6798125,27.8175416666667,1.10877533333333,1.53752916666667,"actual",295,"2018"
2018-10-23,1.01181233617021,33.8636736574468,36.094620212766,4.49666255319149,83.8594659574468,16.4232978723404,14.077,19.603,3.47234042553192,163.048327142857,0.248799212765957,0.234057425531915,0.068887229787234,27.190085106383,26.5537872340426,24.4176382978723,0.75947675,1.43788333333333,"actual",296,"2018"
2018-10-24,0.42700485106383,27.4833487595745,27.0910160851064,1.80868225957447,82.9237723404255,16.3453404255319,14.688,20.044,0.204255319148936,153.872863636364,0.248263829787234,0.230990723404255,0.0664673723404255,26.9451063829787,24.909085106383,22.9426595744681,0.691928970833333,1.46734375,"actual",297,"2018"
2018-10-25,-0.00924931521739133,35.621535173913,51.6816514130435,3.50210223913043,88.0249282608696,16.8340869565217,14.169,20.525,1.77391304347826,222.110775909091,0.249155847826087,0.228334760869565,0.0676362282608696,26.5424347826087,23.8981956521739,22.209847826087,0.976310872916667,1.527725,"actual",298,"2018"
2018-10-26,0.611836895833333,51.7773211395833,24.4997381914894,3.48495020833333,84.5015307692308,17.711875,13.7,22.466,0,223.845747619048,0.247440979166667,0.2283125625,0.0691263916666667,26.1018541666667,23.435875,22.5455416666667,0.949204833333333,1.61065208333333,"actual",299,"2018"
2018-10-27,0.83717005106383,45.8982145319149,50.2371310851064,4.19693319148936,83.6970604651163,17.7019361702128,14.686,22.499,5.41276595744681,294.157096666667,0.245726936170213,0.228201446808511,0.0695546042553191,25.6519787234043,23.4274468085106,22.545829787234,1.12493830416667,1.6437875,"actual",300,"2018"
2018-10-28,1.7569180625,63.3775237291667,37.0870134791667,3.542661875,79.4544951219512,18.2777291666667,15.042,23.006,0,309.424840909091,0.244602083333333,0.228791645833333,0.071721525,25.3554791666667,23.4105208333333,23.3078333333333,1.18785739375,1.71262708333333,"actual",301,"2018"
2018-10-29,0.29312848125,70.7772485,38.733188375,4.0723025,74.2935555555556,19.17175,15.272,24.548,0.7,351.500719545455,0.241594375,0.2293166875,0.0734361104166667,25.0994375,23.8242291666667,24.0472916666667,1.24218647708333,1.80029583333333,"actual",302,"2018"
2018-10-30,0.26875963125,75.788371875,22.538977,4.56219104166667,66.3462,19.8945625,15.032,25.789,0,322.865818181818,0.245002791666667,0.230614583333333,0.07583055625,25.0810625,24.4445416666667,25.0814375,1.28058106041667,1.87919375,"actual",303,"2018"
2018-10-31,-0.0158756916666667,100.901180416667,16.2793872708333,4.77454833333333,66.7274102564103,20.0308125,14.3,26.134,0,403.308045454545,0.243455604166667,0.232259770833333,0.0782125,25.086375,25.0064583333333,25.9525208333333,1.40087974583333,1.92386458333333,"actual",304,"2018"
2018-11-01,0.224564083333333,73.7079916458333,7.07250458333333,5.358825,71.4248652173913,19.9919791666667,15.474,25.362,0,316.21289047619,0.241881645833333,0.232780208333333,0.0785740375,25.1025208333333,25.424375,25.8011041666667,1.29891313333333,1.95726666666667,"actual",305,"2018"
2018-11-02,1.44206629166667,63.7492815,59.9197569375,4.30709833333333,79.5857044444444,19.3691666666667,16.127,24.783,7.9,383.436851363636,0.241661770833333,0.232273645833333,0.0774854166666667,25.3178958333333,25.3165833333333,25.2775625,1.34505654583333,1.95492916666667,"actual",306,"2018"
2018-11-03,1.02893483333333,83.8422750416667,35.9492182145833,4.38605375,78.1547279069767,19.2072291666667,16.089,23.977,0,393.382381818182,0.242920854166667,0.230951375,0.0772312458333333,25.3966458333333,24.9581458333333,24.9477291666667,1.42668715208333,1.9805125,"actual",307,"2018"
2018-11-04,0.722784883333333,69.557981875,32.0504987708333,3.85798452083333,69.2372222222222,19.0794375,13.706,24.805,0,369.023209523809,0.244463875,0.230951354166667,0.0787076354166667,25.3890208333333,24.8772291666667,24.7857916666667,1.40143330416667,2.00852708333333,"actual",308,"2018"
2018-11-05,-0.0850728895833333,95.5555552708333,27.426362625,3.28140722916667,64.070117948718,19.4381041666667,11.704,25.557,0,432.468842857143,0.241188875,0.231842354166667,0.0807444416666667,25.3869375,25.0450208333333,25.6298541666667,1.39263720208333,1.80238541666667,"actual",309,"2018"
2018-11-06,-0.197158145833333,86.9343787083333,13.4174102916667,3.60250020833333,69.8526761904762,19.7389166666667,14.414,26.24,0,383.09415,0.242640270833333,0.233216708333333,0.0823993041666667,25.3897291666667,25.6693333333333,26.4604375,1.12935626458333,1.31507083333333,"actual",310,"2018"
2018-11-07,-0.136845675,91.0755160839583,13.753985787234,3.37324479166667,70.1343743589744,20.3151666666667,14.136,27.567,0,406.810057142857,0.242625708333333,0.234318041666667,0.08350625,25.4763958333333,26.149125,27.1137291666667,1.0485277,1.04171416666667,"actual",311,"2018"
2018-11-08,0.0284918875,83.57084575,13.0541605,3.15695785416667,66.7638918918919,20.6704791666667,13.74,27.566,0,379.043866666667,0.243128479166667,0.235019520833333,0.083215275,25.6038541666667,26.6098541666667,27.4764166666667,0.98107021875,0.977120625,"actual",312,"2018"
2018-11-09,0.473159722458333,50.8730482291667,7.6543196625,3.44527325,70.3755466666667,19.8735625,14.814,26.381,0,219.561221363636,0.2446075625,0.2345173125,0.0801659729166667,25.8348333333333,26.6163541666667,26.5585416666667,0.7032845625,0.992130833333333,"actual",313,"2018"
2018-11-10,-0.12424408125,84.590440125,7.70623077154167,3.62333297916667,63.6699760869565,20.4835,16.14,26.031,0,328.173571363636,0.244601395833333,0.2337860625,0.0794111104166667,25.9635625,26.3371041666667,26.9690208333333,1.04601325208333,1.18126,"actual",314,"2018"
2018-11-11,-0.828398104166667,100.045303229167,6.28689791666667,3.73656627083333,71.6766326086957,19.605625,14.552,25.784,0.2,380.239744285714,0.2414269375,0.234119083333333,0.0787374979166667,26.14875,26.6475208333333,27.4042916666667,1.24162712708333,1.309275,"actual",315,"2018"
2018-11-12,-0.419889729166667,102.994049585417,13.8233739166667,4.08922208333333,72.6165260869565,20.2389375,15.575,26.121,0.1,397.1489,0.241213229166667,0.234356270833333,0.07749235625,26.1987916666667,26.9340416666667,27.8149166666667,1.36344533541667,1.50986666666667,"actual",316,"2018"
2018-11-13,-0.105627,87.2433501041667,5.23544349375,3.81664645833333,69.3574444444444,19.5396666666667,16.046,24.824,0,315.324433181818,0.244355604166667,0.2353284375,0.0766263854166667,26.2855208333333,27.1707083333333,27.7460833333333,1.15815241875,1.31293229166667,"actual",317,"2018"
2018-11-14,-0.0268998333333333,93.5610289791667,7.18488770833333,3.746469375,66.9635533333333,19.4875,14.222,25.025,0,377.693504761905,0.246315979166667,0.234534125,0.0758868083333333,26.3976041666667,27.05125,27.5847291666667,1.06042963541667,0.824841458333333,"actual",318,"2018"
2018-11-15,-0.133170175,96.3005720895833,10.3165091666667,3.55960208333333,61.0887825,20.3939375,14.101,26.934,0,415.724166666667,0.246881895833333,0.233224354166667,0.0757812458333333,26.4136875,27.1986458333333,28.1360416666667,1.01129301041667,0.579764791666667,"actual",319,"2018"
2018-11-16,-0.205366652083333,92.4542917083333,7.55995883333333,3.3571141875,62.5947533333333,20.6813958333333,12.651,27.663,0,399.724752380952,0.248614583333333,0.232809729166667,0.07483333125,26.6094375,27.47025,28.3806875,0.966731133333333,0.559123333333333,"actual",320,"2018"
2018-11-17,0.23314664375,59.99290125,6.3753883125,3.16714247916667,78.9029465116279,19.1548333333333,15.917,25.36,0.1,227.870922727273,0.245919395833333,0.231731916666667,0.0731388895833333,26.6990416666667,27.5595625,27.54425,0.714238547916667,0.726165625,"actual",321,"2018"
2018-11-18,0.23536673125,102.699509375,8.94800257708333,3.23829264583333,66.7788711111111,20.2484583333333,14.307,26.686,0,398.799405909091,0.244015291666667,0.230030625,0.0726736083333333,26.7234375,27.1311041666667,28.1607916666667,1.19082829375,1.20411791666667,"actual",322,"2018"
2018-11-19,-0.101234242222222,98.8524958958333,4.10269133333333,4.07478089583333,73.32615,19.7724583333333,14.497,25.303,20.5,369.298240909091,0.245149270833333,0.230104208333333,0.07190555625,26.7785833333333,27.6132708333333,28.4245625,1.36429837083333,1.62701875,"actual",323,"2018"
2018-11-20,4.70691513636364,47.5762102045455,101.799147954545,4.0823475,81.7770473684211,19.1876363636364,15.687,23.103,16.5818181818182,335.812836363636,0.241605340909091,0.226231772727273,0.199397036363636,26.8918863636364,26.3962727272727,24.0837045454545,1.57267440833333,2.02978333333333,"actual",324,"2018"
2018-11-21,3.495171875,24.60244251875,77.5870827083333,3.49917552083333,83.3818311111111,18.3558958333333,15.974,23.18,20.7,250.843054545455,0.241470166666667,0.222431229166667,0.244816604166667,26.772375,24.4133958333333,22.0548333333333,1.45974549583333,2.42274375,"actual",325,"2018"
2018-11-22,3.28051635416667,40.6416257916667,71.6142763541667,3.67960041666667,77.2133818181818,19.1844166666667,15.4690000000001,24.067,0,315.274975909091,0.239251375,0.22228475,0.217382583333333,26.35425,23.4697083333333,22.2016041666667,1.86223190625,2.90873958333333,"actual",326,"2018"
2018-11-23,2.16861747291667,54.0580325,82.7244850833333,4.35841541666667,68.1174162790698,19.52775,14.453,24.866,0,413.158062272727,0.237279833333333,0.224597229166667,0.2010493125,25.87725,23.511125,23.16575,2.18252093125,3.37277083333333,"actual",327,"2018"
2018-11-24,1.34608644375,55.3854421041667,61.4378350416667,3.7761543125,74.5082136363636,18.9289166666667,15.542,23.658,0,343.05248826087,0.236601395833333,0.229505604166667,0.191079083333333,25.538375,23.9653541666667,23.7658541666667,2.38327445208333,3.75881041666667,"actual",328,"2018"
2018-11-25,0.925934340425532,53.4990542765957,88.7591218680851,4.62297225531915,80.906611627907,18.5808936170213,15.502,23.287,4.4936170212766,404.822627272727,0.235684404255319,0.23103270212766,0.186502127659574,25.3612553191489,23.9214042553191,23.3316808510638,2.66924047291667,3.77163541666667,"actual",329,"2018"
2018-11-26,-0.0816049555555555,37.5762692888889,101.948384666667,4.39905473333333,89.0400794871795,17.7180444444444,14.971,22.084,32.5333333333333,340.870462173913,0.236263044444444,0.230923733333333,0.270190377777778,25.1092888888889,23.1594222222222,21.7802222222222,2.86831732916667,3.36425,"actual",330,"2018"
2018-11-27,0.683161404255319,40.4957370212766,91.5291600425532,3.85097057446808,80.3911829268293,18.7334042553192,14.887,23.525,1.02127659574468,389.349645454545,0.235728340425532,0.236785808510638,0.24508085106383,24.9411489361702,22.5712127659575,22.3086808510638,3.46708799583333,3.15083958333333,"actual",331,"2018"
2018-11-28,-0.161992375,39.2607320833333,85.1463010833333,4.384496625,78.3932822222222,19.0719583333333,15.637,23.533,0,362.116495652174,0.235324270833333,0.2443979375,0.2285854375,24.70525,23.0432083333333,23.1355,3.79656041458333,2.88063125,"actual",332,"2018"
2018-11-29,-1.09060339583333,38.2943539375,86.7915114166667,4.47657135416667,85.6270230769231,18.220125,15.765,22.204,12.3,346.843913636364,0.2345840625,0.249743020833333,0.245214583333333,24.6299791666667,23.0006666666667,22.1388541666667,4.061391825,2.53442083333333,"actual",333,"2018"
2018-11-30,-0.864236039583333,39.0150197708333,110.081558333333,5.25253645833333,79.2760255813953,18.599625,15.886,22.799,2.4,381.397746521739,0.23522575,0.254035479166667,0.251701458333333,24.4033333333333,22.268625,21.7514166666667,4.96804208541667,2.45582291666667,"actual",334,"2018"
2018-12-01,-1.31029022916667,28.391852375,82.7369370833333,4.08077933333333,87.592402173913,17.4579166666667,15.311,21.465,2.8,315.230304545455,0.234449333333333,0.2608256875,0.243763166666667,24.233125,22.1743958333333,21.3574166666667,4.40767623333333,2.02577083333333,"actual",335,"2018"
2018-12-02,-0.920698125,28.6384197729167,76.1551722708333,2.74244975,83.5942372093023,18.0659583333333,14.471,22.933,0,345.035485714286,0.231596520833333,0.268323541666667,0.236910354166667,24.0649166666667,21.7842291666667,21.5775625,4.86158631875,1.644,"actual",336,"2018"
2018-12-03,-2.94475530425532,51.4638896382979,97.8181446102083,3.5770380625,84.5803744186046,18.7355208333333,15.354,23.642,0,417.432343478261,0.232132666666667,0.278249270833333,0.230607645833333,23.8715416666667,22.6121666666667,23.3666666666667,6.46135139375,1.49055833333333,"actual",337,"2018"
2018-12-04,-2.75839829166667,26.6205090416667,85.2049095416667,3.19829683333333,85.8938319148936,18.1395,15.394,23.178,14.9,365.683795,0.229534729166667,0.286411770833333,0.262593125,23.8354583333333,22.97525,22.4918125,5.30624334791667,1.52667083333333,"actual",338,"2018"
2018-12-05,-3.54565545833333,37.5620361354167,90.3386793520833,3.16453354166667,88.0617512820513,18.3284791666667,15.751,23.162,18.1,377.027513636364,0.2301666875,0.356323604166667,0.298649270833333,23.8879166666667,22.3624583333333,21.9836666666667,6.31836688333333,1.94438541666667,"actual",339,"2018"
2018-12-06,-2.52679352083333,33.365271255,120.667715104167,2.906240625,80.8054088888889,19.5866458333333,15.825,24.575,1.9,449.292513636364,0.231185479166667,0.371841020833333,0.277557583333333,23.7508541666667,22.7431666666667,23.6065,6.92293290833333,2.774425,"actual",340,"2018"
2018-12-07,-2.28943618541667,40.6156945833333,108.7678545625,3.61681089583333,81.1208744680851,19.6149791666667,16.367,24.041,0,461.931413636364,0.229814625,0.3684833125,0.261120770833333,23.783875,23.6791666666667,24.70975,7.32547119583333,3.602525,"actual",341,"2018"
2018-12-08,-2.61181120833333,20.2913255416667,84.4454243958333,2.466570875,83.8422666666667,17.9798541666667,14.305,22.324,29.6,318.917721363636,0.2305944375,0.403548625,0.31153125,23.9117291666667,23.370625,22.2485208333333,6.23209536041667,4.33225416666667,"actual",342,"2018"
2018-12-09,-3.44943714583333,34.6935397979167,106.66221311875,3.00806639583333,79.9730217391304,19.3856875,16.278,23.751,0.6,435.348996818182,0.230515958333333,0.388132625,0.2867875625,23.9114791666667,22.6711041666667,22.507875,7.3489764,4.6758375,"actual",343,"2018"
2018-12-10,0.145019979166667,18.5706029958333,66.60366394375,2.04445822916667,87.7,18.068,15.596,22.151,2.8,245.685166666667,0.228567395833333,0.382261833333333,0.269675645833333,23.8946041666667,22.8074791666667,22.0340416666667,4.8087457,4.02712291666667,"actual",344,"2018"
2018-12-11,-1.25554925531915,22.4037580425532,72.1788477446809,2.48151787234043,89.7127777777778,17.2251489361702,14.44,21.158,23.4893617021277,260.87417,0.228948936170213,0.429346787234043,0.339197170212766,23.8493404255319,21.9524042553192,20.8171063829787,5.11992021666667,3.62507916666667,"actual",345,"2018"
2018-12-12,-2.90195897916667,22.533080875,101.579267702083,3.09287322916667,80.6509875,19.3009375,14.581,24.566,0,413.866085714286,0.230566770833333,0.4037119375,0.3037418125,23.6649583333333,22.0137291666667,22.0659375,6.69076958541667,3.90968333333333,"actual",346,"2018"
2018-12-13,-2.72993808541667,38.3035593958333,98.9173929375,3.22945672916667,84.8891093023256,18.5538125,14.4,22.855,2.9,405.647916086957,0.271051166666667,0.39502475,0.286345166666667,23.5020625,22.45425,22.4820625,6.86964731041667,3.72957916666667,"actual",347,"2018"
2018-12-14,-1.49394106521739,26.5316226956522,94.1081604130435,3.23977180434783,85.6685547619048,18.4844782608696,15.386,23.265,18.2608695652174,448.857933333333,0.293573434782609,0.412564326086957,0.329376782608696,23.5005217391304,22.5968043478261,22.2012173913044,5.57861358541667,3.66179583333333,"actual",348,"2018"
2018-12-15,-3.10720454166667,30.8441618125,92.3394200625,3.41194208333333,88.68404,17.6837916666667,15.286,22.315,24.7,353.04161173913,0.31552575,0.426448854166667,0.358671604166667,23.4993333333333,22.3285833333333,21.730625,5.70229523958333,3.50067291666667,"actual",349,"2018"
2018-12-16,-2.59104489130435,38.5877922340426,101.295868574468,2.95316482978723,82.2215651162791,18.0684680851064,13.165,22.9690000000001,0.102127659574468,446.131618181818,0.315554595744681,0.407685085106383,0.327920021276596,23.4642765957447,22.1399787234043,22.3046595744681,6.38140703333333,3.65856666666667,"actual",350,"2018"
2018-12-17,-0.8951978125,34.6057053541667,112.674080625,3.0826986875,77.3088976744186,18.5996875,14.249,23.532,0,472.090745454545,0.3133711875,0.4009829375,0.30299175,23.34725,22.8102083333333,23.5300625,6.4564211,3.98875,"actual",351,"2018"
2018-12-18,-1.99685672916667,38.6923332916667,108.090853895833,3.40125279166667,79.76435,19.1941875,14.379,24.294,0,459.027777272727,0.3123715,0.39675975,0.2840131875,23.4651041666667,23.2306458333333,24.1632916666667,6.90167793541667,4.56136041666667,"actual",352,"2018"
2018-12-19,-0.130708541666667,20.9076187083333,68.710806875,2.99548570833333,81.6845666666667,19.19175,16.484,23.371,1.3,278.221461904762,0.307432645833333,0.39293125,0.264223583333333,23.5670208333333,23.5600833333333,23.6630208333333,5.24224609375,4.45147291666667,"actual",353,"2018"
2018-12-20,-1.13349079166667,31.3695636666667,95.6019779166667,3.06980195833333,78.5169279069767,18.7126041666667,15.5,23.563,0,367.873747826087,0.30585325,0.39231375,0.2516565,23.6973125,23.312375,23.5200833333333,6.46434363541667,3.89980625,"actual",354,"2018"
2018-12-21,-1.97255947916667,23.8285321875,78.6401495416667,2.83142527083333,74.9202928571429,18.1483125,13.397,23.726,0,344.300331818182,0.304660354166667,0.390431854166667,0.2389654375,23.7018541666667,22.8940208333333,22.5526041666667,5.78173187916667,3.03500625,"actual",355,"2018"
2018-12-22,-1.98450116666667,29.0576566875,81.599403375,2.85318295833333,79.4456347826087,18.8446666666667,14.161,24.477,0,384.570218181818,0.30161075,0.388438145833333,0.227820791666667,23.6959375,22.9466666666667,23.446625,5.72784000208333,2.11354375,"actual",356,"2018"
2018-12-23,-3.116092,40.0255550416667,93.081933375,3.660943,78.5612913043478,19.0385625,14.563,24.145,0,457.499290909091,0.299346333333333,0.389456729166667,0.214462645833333,23.6907708333333,23.6410625,24.7275208333333,6.53669130416667,1.67128541666667,"actual",357,"2018"
2018-12-24,-2.83707739583333,41.0489335416667,86.0831818333333,3.2028973125,73.3233658536585,18.2747291666667,14.183,23.314,0,420.956363636364,0.299481729166667,0.389642666666667,0.197085541666667,23.7021666666667,23.920875,24.52925,6.56659175,1.8651625,"actual",358,"2018"
2018-12-25,-2.309856625,34.0641297916667,81.0845220208333,3.42509204166667,76.3421375,18.4005416666667,13.731,23.9450000000001,0,399.992477272727,0.2990555,0.3866063125,0.181747958333333,23.8012291666667,23.9503125,24.4777291666667,6.46560199166667,2.13730625,"actual",359,"2018"
2018-12-26,-3.15672441666667,41.9977794375,74.0533704375,3.77940995833333,78.0076909090909,18.2526666666667,14.043,22.739,0,413.95609047619,0.2966278125,0.384303479166667,0.168474291666667,23.8933333333333,23.9739583333333,24.4410625,6.49263199375,2.36281458333333,"actual",360,"2018"
2018-12-27,-2.90222639583333,40.8576096458333,75.8662945208333,4.13670604166667,79.0046113636364,18.4405416666667,15.119,23.322,0,403.549718181818,0.2937701875,0.382315166666667,0.1596194375,23.9062708333333,24.1719166666667,24.8153958333333,6.5043765625,2.62331875,"actual",361,"2018"
2018-12-28,-2.14948663829787,43.4488646382979,82.5706494468085,3.12468378723404,78.8828292682927,18.6695744680851,13.863,24.894,0,445.890218181818,0.295173680851064,0.382641574468085,0.153602212765957,24.0882978723404,24.5397446808511,25.6193829787234,6.88449940416667,2.87867291666667,"actual",362,"2018"
2018-12-29,-3.02823141666667,42.7420315,87.4504856666667,3.28924604166667,77.7178815789474,19.2863125,14.456,25.22,0,444.743913636364,0.292338854166667,0.382486125,0.148910395833333,24.2080416666667,25.2249166666667,26.5345,7.20958533541667,3.43720625,"actual",363,"2018"
2018-12-30,-3.37990029166667,49.81744375,79.5214646666667,3.37689308333333,78.2079276595745,19.2892916666667,15.61,24.636,0.1,402.790776956522,0.294106895833333,0.379455604166667,0.1439444375,24.4178125,25.6746875,26.7722291666667,7.67394790833333,4.21326041666667,"actual",364,"2018"
2018-12-31,-3.6141560625,56.3422829166667,68.5611535416667,4.014395,78.7353282608696,18.6734166666667,14.933,23.53,0,404.1278,0.294839625,0.37690975,0.140704020833333,24.6970833333333,25.9311875,26.8435,7.67989078125,3.9666375,"actual",365,"2018"
2019-01-01,-3.63435549583333,45.9606168333333,69.3948981875,2.52490445833333,74.4658925,18.090125,12.826,24.2,0,382.893745454545,0.294577145833333,0.372742416666667,0.135664583333333,24.8809375,25.5328125,25.9466666666667,6.59048581458333,2.61782916666667,"actual",1,"2019"
2019-01-02,-3.80362713541667,48.885913625,76.7499591733333,2.36481214583333,68.5661219512195,18.9870625,12.825,24.754,0,430.364587727273,0.294132604166667,0.3652590625,0.133404125,24.9184583333333,25.6064166666667,26.6549166666667,6.47862120416667,1.90826875,"actual",2,"2019"
2019-01-03,-3.71223235520833,51.5463330625,74.5821553639583,3.408112625,70.3157466666667,19.1475208333333,14.073,24.682,0,446.467078636364,0.2943113125,0.362284875,0.129871979166667,25.0544791666667,26.0429166666667,27.1924375,6.29716063333333,1.726725,"actual",3,"2019"
2019-01-04,1.15883476595745,27.4911390208333,70.6661651458333,3.73850883333333,88.1598261904762,17.5605,14.631,21.997,7.7,297.774745454545,0.293138145833333,0.359452145833333,0.122793770833333,25.1206041666667,25.4126458333333,24.1120833333333,4.49433772708333,1.64624791666667,"actual",4,"2019"
2019-01-05,-0.6726435625,38.566859375,73.9234576458333,3.8213850625,82.2464952380952,18.1237083333333,15.543,21.808,1.5,347.239040909091,0.291213270833333,0.354411770833333,0.119736145833333,25.1162708333333,23.898625,23.063875,4.90234988541667,1.77445625,"actual",5,"2019"
2019-01-06,-2.86228775,48.688705,97.2988445833333,3.44554391666667,75.0797844444444,18.8473541666667,14.891,24.309,0,454.240018181818,0.2896856875,0.351246479166667,0.1208576875,24.9559791666667,23.8941666666667,24.4011458333333,6.21574252708333,1.75953541666667,"actual",6,"2019"
2019-01-07,-2.39083770833333,43.1698679166667,85.5544055416667,2.97018395,65.1991872340426,19.4195,13.922,24.925,0,453.71719047619,0.289470895833333,0.348886791666667,0.121864583333333,24.8554375,24.5334375,25.3445416666667,6.13115694375,1.98201875,"actual",7,"2019"
2019-01-08,1.68750142857143,-1.71596564285714,2.24920707142857,0.699077214285714,74.1981928571429,16.2947142857143,15.985,16.767,0,340.30107632303,0.2894595,0.348061857142857,0.118,24.7397857142857,25.0236428571429,22.7439285714286,0,2.53259583333333,"filled",8,"2019"
2019-01-09,NA,70.9404655656135,31.9057353361409,3.63848618689568,69.9950923038542,18.8860566152235,14.5245178875639,24.2746218057922,1.60359151026606,340.30107632303,0.296080115490063,0.17466515049337,0.126477212394301,25.4051387173863,25.0501671388997,25.1954801929466,0,3.2301,"filled",9,"2019"
2019-01-10,-6.3111425,74.3186281666667,108.613147333333,4.2226725,54.6668136363636,21.8783333333333,18.877,24.354,0,417.747642105263,0.288788966666667,0.332987833333333,0.124938866666667,24.8942666666667,25.7069333333333,28.6573666666667,6.28792467916667,4.1700375,"actual",10,"2019"
2019-01-11,-1.921576875,41.7223752083333,61.8753356958333,4.03970245833333,71.1324688888889,19.7213541666667,15.902,24.62,0.2,360.2912,0.288051458333333,0.329238145833333,0.1205354375,24.9831666666667,25.8039583333333,26.4519375,5.62277242916667,2.90293333333333,"actual",11,"2019"
2019-01-12,-2.46123654166667,52.7419708333333,66.6755188125,3.6130085625,73.1930416666667,18.5723541666667,14.041,24.127,0,407.690404545455,0.2864563125,0.322797229166667,0.118532604166667,25.0999791666667,25.4324166666667,26.0832708333333,5.88624749791667,2.51720625,"actual",12,"2019"
2019-01-13,7.15821,-19.386,8.38554,0.526205,65.2071,15.857,15.857,15.857,0,340.30107632303,0.287367,0.324267,0.115767,25.105,26.383,24.815,0,2.32650208333333,"filled",13,"2019"
2019-01-14,NA,70.9404655656135,31.9057353361409,3.63848618689568,69.9950923038542,18.8860566152235,14.5245178875639,24.2746218057922,1.60359151026606,340.30107632303,0.296080115490063,0.17466515049337,0.126477212394301,25.4051387173863,25.0501671388997,25.1954801929466,0,2.25087708333333,"filled",14,"2019"
2019-01-15,NA,70.9404655656135,31.9057353361409,3.63848618689568,69.9950923038542,18.8860566152235,14.5245178875639,24.2746218057922,1.60359151026606,340.30107632303,0.296080115490063,0.17466515049337,0.126477212394301,25.4051387173863,25.0501671388997,25.1954801929466,0,2.18108333333333,"filled",15,"2019"
2019-01-16,NA,70.9404655656135,31.9057353361409,3.63848618689568,69.9950923038542,18.8860566152235,14.5245178875639,24.2746218057922,1.60359151026606,340.30107632303,0.296080115490063,0.17466515049337,0.126477212394301,25.4051387173863,25.0501671388997,25.1954801929466,0,2.09445625,"filled",16,"2019"
2019-01-17,NA,70.9404655656135,31.9057353361409,3.63848618689568,69.9950923038542,18.8860566152235,14.5245178875639,24.2746218057922,1.60359151026606,340.30107632303,0.296080115490063,0.17466515049337,0.126477212394301,25.4051387173863,25.0501671388997,25.1954801929466,0,1.99720208333333,"filled",17,"2019"
2019-01-18,NA,70.9404655656135,31.9057353361409,3.63848618689568,69.9950923038542,18.8860566152235,14.5245178875639,24.2746218057922,1.60359151026606,340.30107632303,0.296080115490063,0.17466515049337,0.126477212394301,25.4051387173863,25.0501671388997,25.1954801929466,0,1.82260416666667,"filled",18,"2019"
2019-01-19,NA,70.9404655656135,31.9057353361409,3.63848618689568,69.9950923038542,18.8860566152235,14.5245178875639,24.2746218057922,1.60359151026606,340.30107632303,0.296080115490063,0.17466515049337,0.126477212394301,25.4051387173863,25.0501671388997,25.1954801929466,0,1.7751875,"filled",19,"2019"
2019-01-20,NA,70.9404655656135,31.9057353361409,3.63848618689568,69.9950923038542,18.8860566152235,14.5245178875639,24.2746218057922,1.60359151026606,340.30107632303,0.296080115490063,0.17466515049337,0.126477212394301,25.4051387173863,25.0501671388997,25.1954801929466,0,1.709,"filled",20,"2019"
2019-01-21,NA,70.9404655656135,31.9057353361409,3.63848618689568,69.9950923038542,18.8860566152235,14.5245178875639,24.2746218057922,1.60359151026606,340.30107632303,0.296080115490063,0.17466515049337,0.126477212394301,25.4051387173863,25.0501671388997,25.1954801929466,0,1.62193333333333,"filled",21,"2019"
2019-01-22,NA,70.9404655656135,31.9057353361409,3.63848618689568,69.9950923038542,18.8860566152235,14.5245178875639,24.2746218057922,1.60359151026606,340.30107632303,0.296080115490063,0.17466515049337,0.126477212394301,25.4051387173863,25.0501671388997,25.1954801929466,0,1.540025,"filled",22,"2019"
2019-01-23,NA,70.9404655656135,31.9057353361409,3.63848618689568,69.9950923038542,18.8860566152235,14.5245178875639,24.2746218057922,1.60359151026606,340.30107632303,0.296080115490063,0.17466515049337,0.126477212394301,25.4051387173863,25.0501671388997,25.1954801929466,0,1.4514,"filled",23,"2019"
2019-01-24,NA,70.9404655656135,31.9057353361409,3.63848618689568,69.9950923038542,18.8860566152235,14.5245178875639,24.2746218057922,1.60359151026606,340.30107632303,0.296080115490063,0.17466515049337,0.126477212394301,25.4051387173863,25.0501671388997,25.1954801929466,0,1.35880208333333,"filled",24,"2019"
2019-01-25,NA,70.9404655656135,31.9057353361409,3.63848618689568,69.9950923038542,18.8860566152235,14.5245178875639,24.2746218057922,1.60359151026606,340.30107632303,0.296080115490063,0.17466515049337,0.126477212394301,25.4051387173863,25.0501671388997,25.1954801929466,0,1.32497916666667,"filled",25,"2019"
2019-01-26,NA,70.9404655656135,31.9057353361409,3.63848618689568,69.9950923038542,18.8860566152235,14.5245178875639,24.2746218057922,1.60359151026606,340.30107632303,0.296080115490063,0.17466515049337,0.126477212394301,25.4051387173863,25.0501671388997,25.1954801929466,0,1.2084875,"filled",26,"2019"
2019-01-27,NA,70.9404655656135,31.9057353361409,3.63848618689568,69.9950923038542,18.8860566152235,14.5245178875639,24.2746218057922,1.60359151026606,340.30107632303,0.296080115490063,0.17466515049337,0.126477212394301,25.4051387173863,25.0501671388997,25.1954801929466,0,1.09034166666667,"filled",27,"2019"
2019-01-28,NA,70.9404655656135,31.9057353361409,3.63848618689568,69.9950923038542,18.8860566152235,14.5245178875639,24.2746218057922,1.60359151026606,340.30107632303,0.296080115490063,0.17466515049337,0.126477212394301,25.4051387173863,25.0501671388997,25.1954801929466,0,0.993410416666667,"filled",28,"2019"
2019-01-29,NA,70.9404655656135,31.9057353361409,3.63848618689568,69.9950923038542,18.8860566152235,14.5245178875639,24.2746218057922,1.60359151026606,340.30107632303,0.296080115490063,0.17466515049337,0.126477212394301,25.4051387173863,25.0501671388997,25.1954801929466,0,0.903831666666667,"filled",29,"2019"
2019-01-30,NA,70.9404655656135,31.9057353361409,3.63848618689568,69.9950923038542,18.8860566152235,14.5245178875639,24.2746218057922,1.60359151026606,340.30107632303,0.296080115490063,0.17466515049337,0.126477212394301,25.4051387173863,25.0501671388997,25.1954801929466,0,0.81425125,"filled",30,"2019"
2019-01-31,NA,70.9404655656135,31.9057353361409,3.63848618689568,69.9950923038542,18.8860566152235,14.5245178875639,24.2746218057922,1.60359151026606,340.30107632303,0.296080115490063,0.17466515049337,0.126477212394301,25.4051387173863,25.0501671388997,25.1954801929466,0,0.724670208333333,"filled",31,"2019"
2019-02-01,-0.165299476190476,93.5396176190476,27.92252,4.55319523809524,49.128965,22.6314761904762,17.9570000000001,26.573,0,452.510777777778,0.255713047619048,0.238612142857143,0.085715919047619,27.4975238095238,28.9365714285714,33.1308571428571,0.744629291666667,0.734097708333333,"actual",32,"2019"
2019-02-02,0.06807475,82.0054453191489,32.9297865416667,3.51996970833333,61.737224137931,20.5333958333333,12.886,28.074,0,425.106142857143,0.256221458333333,0.235900708333333,0.0819262416666667,27.5040208333333,28.4467291666667,29.4771666666667,1.37312687083333,0.6362675,"actual",33,"2019"
2019-02-03,0.4848844,9.16568491,4.60671624,1.4992489,58.83825,16.5829,13.777,23.03,0,179.78535,0.2574533,0.23373665,0.077281665,27.51015,28.37585,25.1722,0.134428695833333,0.52497875,"actual",34,"2019"
2019-02-04,NA,70.9404655656135,31.9057353361409,3.63848618689568,69.9950923038542,18.8860566152235,14.5245178875639,24.2746218057922,1.60359151026606,340.30107632303,0.296080115490063,0.17466515049337,0.126477212394301,25.4051387173863,25.0501671388997,25.1954801929466,0,0.564051458333333,"filled",35,"2019"
2019-02-05,NA,70.9404655656135,31.9057353361409,3.63848618689568,69.9950923038542,18.8860566152235,14.5245178875639,24.2746218057922,1.60359151026606,340.30107632303,0.296080115490063,0.17466515049337,0.126477212394301,25.4051387173863,25.0501671388997,25.1954801929466,0,0.589540416666667,"filled",36,"2019"
2019-02-06,NA,70.9404655656135,31.9057353361409,3.63848618689568,69.9950923038542,18.8860566152235,14.5245178875639,24.2746218057922,1.60359151026606,340.30107632303,0.296080115490063,0.17466515049337,0.126477212394301,25.4051387173863,25.0501671388997,25.1954801929466,0,0.613331041666667,"filled",37,"2019"
2019-02-07,NA,70.9404655656135,31.9057353361409,3.63848618689568,69.9950923038542,18.8860566152235,14.5245178875639,24.2746218057922,1.60359151026606,340.30107632303,0.296080115490063,0.17466515049337,0.126477212394301,25.4051387173863,25.0501671388997,25.1954801929466,0,0.63964,"filled",38,"2019"
2019-02-08,NA,70.9404655656135,31.9057353361409,3.63848618689568,69.9950923038542,18.8860566152235,14.5245178875639,24.2746218057922,1.60359151026606,340.30107632303,0.296080115490063,0.17466515049337,0.126477212394301,25.4051387173863,25.0501671388997,25.1954801929466,0,0.668543958333333,"filled",39,"2019"
2019-02-09,NA,70.9404655656135,31.9057353361409,3.63848618689568,69.9950923038542,18.8860566152235,14.5245178875639,24.2746218057922,1.60359151026606,340.30107632303,0.296080115490063,0.17466515049337,0.126477212394301,25.4051387173863,25.0501671388997,25.1954801929466,0,0.703432916666667,"filled",40,"2019"
2019-02-10,-0.7897152,154.62836,19.5429056933333,6.261717,57.2227307692308,21.5247,16.898,25.442,0,433.521642105263,0.2465111,0.2198955,0.0758566733333333,27.7996,27.9128666666667,30.5606666666667,1.20879817291667,0.790784375,"actual",41,"2019"
2019-02-11,0.151994282222222,96.1066406,17.3734888666667,4.09710098,63.7257447368421,20.0678888888889,13.711,27.334,0,423.163,0.247125377777778,0.218980977777778,0.07412124,27.7987111111111,27.9132,28.9409111111111,1.26552683333333,0.979889375,"actual",42,"2019"
2019-02-12,-0.0439032916666667,97.36102625,11.9808628333333,4.22884302083333,60.4443348837209,19.5489375,13.419,26.115,0,421.274223809524,0.2463265625,0.218027729166667,0.0734117395833333,27.7960833333333,28.0722708333333,28.9500416666667,1.26899885625,1.076665,"actual",43,"2019"
2019-02-13,-0.115936354166667,94.3825886666667,8.2411625,4.20858266666667,61.8069465116279,19.0293125,13.44,26.075,0,421.51551,0.24653925,0.216318479166667,0.07199859375,27.7985208333333,27.7088125,28.0115208333333,1.35314327708333,1.35902291666667,"actual",44,"2019"
2019-02-14,-0.0193956458333333,89.3256689583333,8.36851722291667,4.05367958333333,63.5208936170213,19.5836875,14.335,25.676,0,391.370242857143,0.244076416666667,0.214738208333333,0.0711701416666667,27.7936041666667,27.542875,28.3846041666667,1.6322505125,1.93060625,"actual",45,"2019"
2019-02-15,-0.0922180958333333,96.1413990625,11.8568713125,3.9977176875,64.4793756097561,21.042125,14.824,27.389,0,401.3515,0.242996333333333,0.214158520833333,0.0716196291666667,27.7804791666667,27.9538958333333,29.391,1.71271537916667,2.18838958333333,"actual",46,"2019"
2019-02-16,0.328036382978723,80.5569598297872,9.6140155106383,4.65574042553192,65.7532613636364,21.2791489361702,17.328,26.892,0,330.917825,0.242904978723404,0.213616234042553,0.071497870212766,27.7857872340426,28.5382978723404,29.6945957446809,1.36462856666667,1.91310416666667,"actual",47,"2019"
2019-02-17,-0.0255905541666667,93.2988046041667,10.3465217083333,3.8605215,66.9278,21.534125,16.733,26.8440000000001,0,361.465933181818,0.243595083333333,0.211821583333333,0.0715160916666667,27.8019791666667,28.5717916666667,29.9944166666667,1.315330925,1.64991458333333,"actual",48,"2019"
2019-02-18,0.08131839375,87.6243649583333,10.8792006666667,2.9931098125,63.0283025641026,21.9768333333333,14.022,29.487,0,419.619038095238,0.241517895833333,0.211627375,0.0712560520833333,27.8926458333333,28.9225625,30.7716458333333,1.24407369166667,1.40665770833333,"actual",49,"2019"
2019-02-19,0.14913958125,93.8997345833333,14.2835032291667,3.19889875,61.4267775,21.9607916666667,15.236,29.597,0,395.607568181818,0.242386166666667,0.211260375,0.0713409729166667,27.9959375,29.5095625,31.3570416666667,0.945667729166667,0.974661458333333,"actual",50,"2019"
2019-02-20,0.0204494791666666,104.024252291667,10.4501811458333,4.38353929166667,61.9321568181818,21.3591041666667,16.15,27.524,0,433.979042857143,0.241897791666667,0.210273333333333,0.0698957375,28.2086875,29.5575833333333,30.9296666666667,0.556105679166667,0.417257916666667,"actual",51,"2019"
2019-02-21,1.44058559375,81.5352596666667,48.4581624791667,4.85200375,71.3543761904762,20.4508958333333,16.329,25.874,3.7,403.074648636364,0.241828416666667,0.207844395833333,0.0675854125,28.3083541666667,28.9985833333333,28.8985625,0.46439924375,0.265503333333333,"actual",52,"2019"
2019-02-22,0.110904447916667,93.2501010208333,24.5917208541667,4.3543450625,67.6423065217391,20.3944166666667,15.5700000000001,26.484,0,422.9691,0.242463895833333,0.204895083333333,0.06805069375,28.3097708333333,27.8848541666667,28.1981458333333,0.630273639583333,0.539956875,"actual",53,"2019"
2019-02-23,-0.10927725,88.2685957708333,21.75804125,3.83666329166667,70.9634875,20.6323125,15.604,27.706,0.6,372.269525909091,0.241816625,0.204977145833333,0.0708458354166667,28.2905833333333,28.326625,29.0704166666667,0.77630051875,0.824057916666667,"actual",54,"2019"
2019-02-24,0.492622433333333,69.1538758333333,14.5068143333333,2.8713415625,69.1795409090909,20.3981458333333,15.786,27.763,0,330.131261904762,0.240859604166667,0.203365791666667,0.0710689875,28.1722916666667,28.3209166666667,28.6818125,0.82316143125,1.08776229166667,"actual",55,"2019"
2019-02-25,1.06433452083333,77.9391322083333,40.2109672083333,3.19221204791667,64.7863531914894,21.1887291666667,15.908,27.877,1.7,392.572508181818,0.239339541666667,0.202807645833333,0.0706274645833333,28.0240833333333,28.250375,28.7819375,1.08774923125,1.2777725,"actual",56,"2019"
2019-02-26,0.0573017833333333,86.9253877083333,14.593849,4.68274583333333,57.5538333333333,21.6455,14.892,28.85,0,446.149380952381,0.240682,0.202112875,0.0713600645833333,28.0042083333333,28.2734166666667,29.2873125,1.17900934166667,1.31350229166667,"actual",57,"2019"
2019-02-27,0.08531745625,93.5850137083333,12.5192742291667,3.80340629166667,53.5413957446808,21.0434791666667,13.938,27.471,0,429.456004761905,0.23846625,0.2021904375,0.0708456395833333,28.0016666666667,28.5486458333333,29.6942708333333,1.15590911666667,1.27834270833333,"actual",58,"2019"
2019-02-28,0.144846758333333,90.8218585416667,17.2209716875,4.01912679166667,48.8068377777778,21.3714375,13.543,28.471,0,438.598461904762,0.237461791666667,0.202086145833333,0.07002221875,28.0033333333333,28.7892708333333,29.9807291666667,1.20913078333333,1.31003791666667,"actual",59,"2019"
2019-03-01,0.0383078729166667,90.655792625,12.5470299166667,3.2386139375,57.3654233333333,22.6353125,13.591,30.687,0,430.308428571429,0.236047291666667,0.202290354166667,0.0697645854166667,28.0769791666667,29.1560416666667,30.800875,1.10098381875,1.37058729166667,"actual",60,"2019"
2019-03-02,0.30468384212766,41.6408420583333,12.77097535,2.17229107083333,46.1243644444444,22.722625,15.863,29.74,0,204.260314285714,0.2361221875,0.202241708333333,0.0675506958333333,28.2708541666667,29.2818125,29.454625,0.532195141666667,1.320160625,"actual",61,"2019"
2019-03-03,-2.30625000000054e-05,79.2652433958333,6.13731591304348,3.06686204166667,51.1966093023256,22.9761458333333,16.435,30.633,0.6,380.996755,0.2373131875,0.201456979166667,0.0675881916666667,28.3008333333333,28.9997083333333,30.6470208333333,0.66090564375,1.28549041666667,"actual",62,"2019"
2019-03-04,3.38816151458333,60.8292270625,61.5471762916667,2.40401472916667,64.28975,21.0890625,15.576,27.895,5.1,348.688703181818,0.237288875,0.201195083333333,0.06689444375,28.3052083333333,29.0803333333333,28.7861041666667,0.513463620833333,1.13946979166667,"actual",63,"2019"
2019-03-05,2.84738479166667,59.3312005,93.3990525,3.24435079166667,68.3958652173913,20.77575,15.746,26.895,21.9,444.394615,0.2377041875,0.19809275,0.142867145833333,28.3014375,27.7572291666667,26.7142916666667,0.42285490625,1.08384854166667,"actual",64,"2019"
2019-03-06,2.9482265,62.4967344583333,78.0476113541667,3.19587789583333,52.1331489361702,21.634,14.551,28.62,0,484.636985714286,0.237751395833333,0.197447208333333,0.164005520833333,28.0750625,27.3705625,27.2419791666667,0.1884618875,1.080455625,"actual",65,"2019"
2019-03-07,1.58033015833333,61.8111129416667,68.6745450666667,3.50433439583333,49.9363459459459,22.185125,15.634,29.162,0,470.566447619048,0.238865333333333,0.198245125,0.15931175,27.8764791666667,27.7050833333333,28.0215,0.404795858333333,1.31574416666667,"actual",66,"2019"
2019-03-08,0.141996241666667,71.2322545625,59.692078125,3.36613747916667,50.0686511111111,22.11,14.65,28.631,0,479.441571428571,0.238947229166667,0.198606979166667,0.1502805,27.8029583333333,28.0576041666667,28.6263541666667,1.29935538958333,1.81555208333333,"actual",67,"2019"
2019-03-09,0.276581625,75.880832625,42.492617875,4.0564896875,55.807411627907,21.2541875,15.029,27.897,0,451.689942857143,0.239383333333333,0.199321166666667,0.137951583333333,27.8032708333333,28.2961875,28.2766875,1.83996651666667,1.87906458333333,"actual",68,"2019"
2019-03-10,-0.3222105,75.137755625,43.3162759729167,4.49304854166667,57.3787659090909,21.1657291666667,15.114,27.803,0,457.53969047619,0.238936833333333,0.199373208333333,0.125920625,27.80525,28.1400833333333,28.2430833333333,1.80384207916667,1.55040625,"actual",69,"2019"
2019-03-11,-0.189980208333333,79.6229132916667,32.9081283125,4.115835,57.6279,20.9002708333333,13.909,27.458,0,425.211785714286,0.238917416666667,0.200401333333333,0.1161354375,27.8062291666667,28.2575833333333,28.4350416666667,1.64991532916667,1.25184833333333,"actual",70,"2019"
2019-03-12,0.65362440125,83.4511301041667,29.5608564583333,3.94791204166667,58.9943743589744,21.6030208333333,14.709,28.998,0,427.741525909091,0.2383721875,0.201896520833333,0.110238270833333,27.8099583333333,28.4794166666667,29.0639791666667,1.5081889375,1.11000145833333,"actual",71,"2019"
2019-03-13,-0.25621588125,88.1520122083333,23.3895910375,4.8369535,58.14904,21.4231041666667,14.904,28.318,0,412.151890909091,0.237013895833333,0.20249375,0.105926354166667,27.9211458333333,28.76125,29.048625,1.39049179375,0.994275208333333,"actual",72,"2019"
2019-03-14,-0.00479581249999999,88.9929039583333,14.6105949583333,4.48583145833333,66.5499266666667,19.8168958333333,15.383,25.889,0,417.68191,0.237045854166667,0.202136083333333,0.102034758333333,27.997125,28.5252916666667,28.38875,1.26880447916667,0.911885,"actual",73,"2019"
2019-03-15,-0.0327717916666667,102.510059354167,15.3466133958333,4.24831747916667,63.3193761904762,20.595375,14.816,26.717,0,453.150328571429,0.237343416666667,0.201755729166667,0.09897448125,27.9994791666667,28.358,28.7954375,1.33243712083333,1.05573041666667,"actual",74,"2019"
2019-03-16,0.1998739125,77.255148125,13.8490984791667,3.514262,64.33568,20.7075625,15.083,26.86,0,386.2703,0.237786833333333,0.20195075,0.0957430395833333,28.0000416666667,28.6306875,29.058875,1.17894719583333,1.31664791666667,"actual",75,"2019"
2019-03-17,-0.506910193548387,119.268130322581,17.5440751612903,3.19513729032258,62.7038266666667,20.7195161290323,14.788,28.05,0,510.6816,0.237381709677419,0.201840838709677,0.0913677322580645,28.004,28.364064516129,27.5618387096774,1.28486548125,1.9537875,"actual",76,"2019"
2019-03-18,NA,49.2066557386306,66.4216633396401,3.46585483308828,79.6550520323853,18.8860566152235,14.5245178875639,24.2746218057922,1.60359151026606,352.057818580679,0.308238172987861,0.304789101547781,0.213042410656972,24.5755250238749,23.7732113779318,23.7549891807109,0,1.84782916666667,"filled",77,"2019"
2019-03-19,NA,49.2066557386306,66.4216633396401,3.46585483308828,79.6550520323853,18.8860566152235,14.5245178875639,24.2746218057922,1.60359151026606,352.057818580679,0.308238172987861,0.304789101547781,0.213042410656972,24.5755250238749,23.7732113779318,23.7549891807109,0,1.71475208333333,"filled",78,"2019"
2019-03-20,NA,49.2066557386306,66.4216633396401,3.46585483308828,79.6550520323853,18.8860566152235,14.5245178875639,24.2746218057922,1.60359151026606,352.057818580679,0.308238172987861,0.304789101547781,0.213042410656972,24.5755250238749,23.7732113779318,23.7549891807109,0,1.57822291666667,"filled",79,"2019"
2019-03-21,NA,49.2066557386306,66.4216633396401,3.46585483308828,79.6550520323853,18.8860566152235,14.5245178875639,24.2746218057922,1.60359151026606,352.057818580679,0.308238172987861,0.304789101547781,0.213042410656972,24.5755250238749,23.7732113779318,23.7549891807109,0,1.44356458333333,"filled",80,"2019"
2019-03-22,NA,49.2066557386306,66.4216633396401,3.46585483308828,79.6550520323853,18.8860566152235,14.5245178875639,24.2746218057922,1.60359151026606,352.057818580679,0.308238172987861,0.304789101547781,0.213042410656972,24.5755250238749,23.7732113779318,23.7549891807109,0,1.30849375,"filled",81,"2019"
2019-03-23,-0.559858032258065,149.163640967742,11.240731483871,5.01157935483871,47.8190285714286,23.6156774193548,18.955,27.308,0,440.02012,0.236427903225806,0.201189225806452,0.0794548419354839,28.6046129032258,29.2089032258065,31.4802580645161,1.12782287291667,1.29629791666667,"actual",82,"2019"
2019-03-24,0.3619535625,88.8098396666667,10.8440499395833,3.57322,59.3824695652174,21.3359166666667,16.179,27.518,0,370.365446818182,0.237798604166667,0.2017610625,0.0776430604166667,28.6333125,29.4477083333333,30.1867083333333,0.971835395833333,1.05252375,"actual",83,"2019"
2019-03-25,0.206244216666667,78.8878754166667,11.246770875,2.81661777083333,60.7755944444444,21.8654375,14.937,29.243,0,400.424455,0.237324395833333,0.2010520625,0.0766339166666667,28.8125625,29.6772916666667,30.7441666666667,0.876167695833333,0.933846875,"actual",84,"2019"
2019-03-26,0.363898708333333,90.04446875,13.1796915625,3.26286166666667,58.623895,22.598,15.764,30.185,0,397.291961904762,0.235244354166667,0.201139958333333,0.0757863458333333,28.896375,30.1101041666667,31.4834166666667,0.91500660625,0.990936666666667,"actual",85,"2019"
2019-03-27,0.081195575,89.194999375,7.52261335416667,3.97026291666667,56.1782688888889,22.12325,16.247,28.072,0,379.648357142857,0.235793041666667,0.200845854166667,0.0739055520833333,28.9626875,30.3065625,31.05325,0.908877945833333,1.02350833333333,"actual",86,"2019"
2019-03-28,0.0376768229166667,100.596825416667,7.12501577083333,4.078351875,61.9517886363636,21.2378958333333,15.86,27.26,0,375.701738095238,0.236022895833333,0.199275708333333,0.0724534791666667,29.1813125,30.1415416666667,31.1730416666667,0.936322977083333,1.06044895833333,"actual",87,"2019"
2019-03-29,0.07697659375,91.4764783333333,6.3618830625,3.712643125,61.14076,22.0612083333333,16.532,28.375,0,350.253852380952,0.2361643125,0.1994176875,0.0717878083333333,29.2008125,30.3800833333333,31.3685625,0.918583570833333,1.11624270833333,"actual",88,"2019"
2019-03-30,-0.451258604166667,81.1243471875,9.887292625,4.2396075,60.59025,22.1047708333333,16.447,27.581,4.7,336.7348,0.2362385,0.198310125,0.0696810354166667,29.2317083333333,30.0937291666667,30.5623541666667,0.8864412875,1.07708895833333,"actual",89,"2019"
2019-03-31,2.78219460416667,65.15984375,59.7986369375,3.9944371875,63.6490697674419,21.9968125,15.705,28.746,0.1,397.856642857143,0.234031979166667,0.1962951875,0.06824096875,29.2855,29.4278541666667,28.8103125,0.999903352083333,1.0321525,"actual",90,"2019"
2019-04-01,0.547923125,83.8537527083333,23.7679028541667,4.29853104166667,62.9923854166667,21.96425,16.225,28.242,0,386.574280952381,0.23521525,0.195417354166667,0.0710729208333333,29.198875,28.8373125,28.7890416666667,0.972795875,0.98956375,"actual",91,"2019"
2019-04-02,0.215990352083333,81.0290952916667,12.490207,3.597041875,59.3008958333333,22.1646875,16.706,28.482,0,387.73682,0.235774958333333,0.195648604166667,0.072322225,29.041875,29.0229166666667,29.4824583333333,0.9303976125,0.956052083333333,"actual",92,"2019"
2019-04-03,0.0398776666666667,91.0561302083333,12.3941109574468,3.63271177083333,61.1870854166667,22.4182083333333,16.14,28.602,0,405.30838,0.2350221875,0.195880520833333,0.0738638833333333,28.9037083333333,29.5351041666667,30.5016666666667,0.9683218,0.924235833333333,"actual",93,"2019"
2019-04-04,0.199321091666667,90.8610317916667,6.0057971875,4.41003125,69.38674375,21.6673125,16.927,27.451,0,348.146550952381,0.235128145833333,0.1955435,0.072255825,28.9737083333333,29.7231666666667,30.2033333333333,0.90753274375,0.856136666666667,"actual",94,"2019"
2019-04-05,0.190086291666667,81.3909061666667,5.38006709791667,4.75331979166667,66.7503104166667,21.2981041666667,16.462,26.717,0,311.942913636364,0.23526175,0.194151416666667,0.0702248791666667,29.1786041666667,29.2617291666667,29.1885208333333,0.855208039583333,0.803467708333333,"actual",95,"2019"
2019-04-06,0.418982270833333,90.2676650416667,8.435227625,5.04979145833333,63.6559041666667,21.2603541666667,15.94,27.21,0,340.133390909091,0.234265958333333,0.192036125,0.0690756958333333,29.1208541666667,28.7792291666667,28.9553333333333,0.904410625,0.76292375,"actual",96,"2019"
2019-04-07,0.209624,91.5474945833333,5.72757933333333,4.16110333333333,61.16668125,21.538375,16.296,27.531,0,380.6682,0.232290270833333,0.191618083333333,0.0687027770833333,28.9063125,28.9461041666667,29.536,0.9199182625,0.731401041666667,"actual",97,"2019"
2019-04-08,-0.130054703125,80.9794373958333,6.08164460416667,2.9282715,54.36288125,22.0760416666667,15.119,29.024,0,433.559422222222,0.2330055625,0.192197958333333,0.0685152770833333,28.900375,29.3131041666667,30.314125,0.92280234375,0.707035833333333,"actual",98,"2019"
2019-04-09,0.607638555555556,-8.03825844444444,-14.9602988888889,3.01184777777778,81.5876222222222,18.6787777777778,17.777,19.794,0,352.057818580679,0.234033444444444,0.192755555555556,0.0667148111111111,28.9007777777778,30.3408888888889,28.4381111111111,0,0.600206458333333,"filled",99,"2019"
2019-04-10,NA,49.2066557386306,66.4216633396401,3.46585483308828,79.6550520323853,18.8860566152235,14.5245178875639,24.2746218057922,1.60359151026606,352.057818580679,0.308238172987861,0.304789101547781,0.213042410656972,24.5755250238749,23.7732113779318,23.7549891807109,0,0.566642083333333,"filled",100,"2019"
2019-04-11,NA,49.2066557386306,66.4216633396401,3.46585483308828,79.6550520323853,18.8860566152235,14.5245178875639,24.2746218057922,1.60359151026606,352.057818580679,0.308238172987861,0.304789101547781,0.213042410656972,24.5755250238749,23.7732113779318,23.7549891807109,0,0.526755,"filled",101,"2019"
2019-04-12,NA,49.2066557386306,66.4216633396401,3.46585483308828,79.6550520323853,18.8860566152235,14.5245178875639,24.2746218057922,1.60359151026606,352.057818580679,0.308238172987861,0.304789101547781,0.213042410656972,24.5755250238749,23.7732113779318,23.7549891807109,0,0.492736458333333,"filled",102,"2019"
2019-04-13,NA,49.2066557386306,66.4216633396401,3.46585483308828,79.6550520323853,18.8860566152235,14.5245178875639,24.2746218057922,1.60359151026606,352.057818580679,0.308238172987861,0.304789101547781,0.213042410656972,24.5755250238749,23.7732113779318,23.7549891807109,0,0.459878541666667,"filled",103,"2019"
2019-04-14,NA,49.2066557386306,66.4216633396401,3.46585483308828,79.6550520323853,18.8860566152235,14.5245178875639,24.2746218057922,1.60359151026606,352.057818580679,0.308238172987861,0.304789101547781,0.213042410656972,24.5755250238749,23.7732113779318,23.7549891807109,0,0.423787083333333,"filled",104,"2019"
2019-04-15,NA,49.2066557386306,66.4216633396401,3.46585483308828,79.6550520323853,18.8860566152235,14.5245178875639,24.2746218057922,1.60359151026606,352.057818580679,0.308238172987861,0.304789101547781,0.213042410656972,24.5755250238749,23.7732113779318,23.7549891807109,0,0.382820416666667,"filled",105,"2019"
2019-04-16,NA,49.2066557386306,66.4216633396401,3.46585483308828,79.6550520323853,18.8860566152235,14.5245178875639,24.2746218057922,1.60359151026606,352.057818580679,0.308238172987861,0.304789101547781,0.213042410656972,24.5755250238749,23.7732113779318,23.7549891807109,0,0.342510625,"filled",106,"2019"
2019-04-17,0.096308,42.80367,2.34760158823529,4.37828352941176,36.0363882352941,24.3777647058824,20.088,28.404,0,255.72358,0.232777882352941,0.190169,0.0656946,29.2228235294118,30.6971176470588,34.3132352941176,0.170438475,0.325321666666667,"actual",107,"2019"
2019-04-18,-0.04354086875,65.851897,6.63022175,3.52796110416667,56.36131875,22.1140208333333,15.591,28.47,0,305.384761904762,0.232732083333333,0.188607583333333,0.0614757166666667,29.3596875,29.8813541666667,30.0914166666667,0.814704833333333,0.300941875,"actual",108,"2019"
2019-04-19,0.248878566666667,66.6368695833333,5.41745660416667,4.07214127083333,62.4184708333333,22.1249166666667,16.34,28.114,0,304.272547619048,0.2324226875,0.187773041666667,0.0606666645833333,29.4563958333333,29.5777083333333,29.9243541666667,1.14159172916667,0.987071458333333,"actual",109,"2019"
2019-04-20,0.103448319148936,57.9669876170213,4.11116082978723,3.20301304255319,64.0783446808511,22.5351063829787,16.668,28.873,0,267.050063333333,0.230255234042553,0.18786229787234,0.0610398638297872,29.3454468085106,29.6619361702128,30.3366382978723,1.18073956041667,1.7933875,"actual",110,"2019"
2019-04-21,0.0589211875,61.2122498875,12.5461251041667,3.25074164583333,68.8379041666667,21.6944791666667,16.647,28.78,0.9,256.672993809524,0.2294180625,0.187023520833333,0.0600672666666667,29.2739583333333,29.66275,29.982125,1.2524687,2.15132083333333,"actual",111,"2019"
2019-04-22,1.242528975,38.5254594375,43.5132420833333,2.25019410416667,73.386475,20.9903333333333,16.398,26.624,7.4,254.239504545455,0.229427145833333,0.185006041666667,0.0584061770833333,29.230875,29.0658958333333,27.8819166666667,1.10136145,2.91846875,"actual",112,"2019"
2019-04-23,3.19199704255319,22.3547093958333,50.5938535319149,2.64141597916667,81.7589541666667,19.9552708333333,17.527,24.396,6.5,159.983244761905,0.231801375,0.181668833333333,0.0572879375,29.1740416666667,27.3367916666667,24.4578541666667,0.65162265,3.78228958333333,"actual",113,"2019"
2019-04-24,5.65944269047619,28.3609115979167,93.3130418181818,3.06380189583333,80.44243125,19.8623958333333,15.875,26.738,29,351.424038421053,0.227412041666667,0.179998416666667,0.17028269375,28.784375,25.8856875,23.4803541666667,0.885165114583333,4.39743958333333,"actual",114,"2019"
2019-04-25,4.525270625,17.2446737916667,56.93454,2.80728779166667,86.3351541666667,19.9985,17.28,24.687,0,191.897908695652,0.226100875,0.179005479166667,0.219936520833333,28.254375,25.3803125,23.0784166666667,0.926324920833333,4.51501458333333,"actual",115,"2019"
2019-04-26,2.4145185,36.0341444583333,96.2379282619048,3.25605927083333,84.50089375,20.1343958333333,16.782,24.42,11.2,372.534094090909,0.2249704375,0.178390020833333,0.226817875,27.8305625,25.0317291666667,23.8377708333333,1.479348675,4.64557708333333,"actual",116,"2019"
2019-04-27,3.54915737142857,22.6829062191489,107.585221944444,2.08826606382979,79.9340212765957,19.9273191489362,15.206,25.022,19.7106382978723,334.21000952381,0.223734468085106,0.178245531914894,0.253594468085106,27.378914893617,25.1108936170213,23.8352553191489,1.38815903541667,4.7054625,"actual",117,"2019"
2019-04-28,2.76899780487805,29.4465256585366,88.4461208780488,3.03223814634146,78.8778487804878,20.5229756097561,16.436,26.209,0,440.94682,0.223364609756098,0.178331097560976,0.235139585365854,27.1034146341463,25.359,25.1472926829268,1.31039684375,4.60700208333333,"actual",118,"2019"
2019-04-29,2.59498039583333,43.047148125,95.8655279166667,3.63998597916667,78.6112479166667,20.5579375,16.428,25.086,0.8,391.879417391304,0.222672208333333,0.179304354166667,0.213424229166667,26.89475,25.7893333333333,25.34775,2.440096725,3.93876875,"actual",119,"2019"
2019-04-30,1.68938845833333,36.1380786875,83.4742016666667,3.77123922916667,80.9994958333333,19.6418125,16.096,24.671,1.2,352.329470869565,0.222734729166667,0.179258354166667,0.199406895833333,26.8226458333333,25.6522708333333,24.7320208333333,2.75553189791667,3.14573541666667,"actual",120,"2019"
2019-05-01,-0.72772312826087,41.3295673352174,83.6424995,3.08845863043478,72.8945630434783,20.0180652173913,16.104,25.729,0,430.248449047619,0.223518043478261,0.179604326086957,0.190501456521739,26.7031521739131,25.6338695652174,25.448152173913,3.76541272708333,2.71855,"actual",121,"2019"
2019-05-02,-2.4935965,35.197361875,81.1948847083333,2.83272533333333,70.8732729166667,20.3390833333333,15.327,26.282,0,422.019723809524,0.223926458333333,0.180765916666667,0.179722270833333,26.6930208333333,25.9300416666667,25.6574583333333,4.38076704166667,2.50891666666667,"actual",122,"2019"
2019-05-03,-1.09482508333333,28.733117125,56.1181919375,3.292118375,76.4835041666667,20.2614166666667,16.683,24.943,0,313.684357142857,0.221955854166667,0.1810135625,0.167855833333333,26.6906666666667,26.2132291666667,25.7131875,4.17760791666667,2.4688625,"actual",123,"2019"
2019-05-04,-1.3180344375,33.7191504166667,47.3544134791667,3.67864097916667,78.4692604166667,19.6507708333333,16.254,23.977,0,281.234753181818,0.221705333333333,0.180446625,0.155446625,26.6944583333333,25.8879791666667,24.9552916666667,4.20124522916667,2.183675,"actual",124,"2019"
2019-05-05,-1.58679335416667,39.3198995625,51.6642358333333,3.515735625,76.95896875,19.9916666666667,16.257,25.276,0,320.516095238095,0.221406729166667,0.1804774375,0.145231020833333,26.681,25.7236458333333,25.2247708333333,3.94552092083333,1.84127708333333,"actual",125,"2019"
2019-05-06,-1.92069314583333,33.4048605520833,78.1435370833333,3.2286325625,78.4238979166667,19.8078958333333,16.156,24.771,1.6,372.298780952381,0.221464541666667,0.18174075,0.13630875,26.4727083333333,25.9102708333333,25.3778541666667,4.0169433625,1.58848333333333,"actual",126,"2019"
2019-05-07,-1.25351435416667,46.13103875,47.6416253958333,3.68902008333333,78.0137375,19.737625,15.9450000000001,25.124,0,353.408622727273,0.221829875,0.182214020833333,0.128742979166667,26.4319791666667,25.7739166666667,25.0766458333333,3.75411680416667,1.48777708333333,"actual",127,"2019"
2019-05-08,-1.1932578125,49.1083205666667,46.8758250416667,3.74333927083333,73.4364,20.2019791666667,16.086,24.847,0,349.119808095238,0.223506229166667,0.183374333333333,0.122833333333333,26.4037291666667,26.0350208333333,25.7804791666667,3.60586189583333,1.30867520833333,"actual",128,"2019"
2019-05-09,-1.26861467708333,40.7225660708333,39.6083293541667,2.905691125,75.37598125,19.6553541666667,15.221,24.504,0,308.710680952381,0.223260125,0.1847498125,0.116863020833333,26.4106041666667,26.2389583333333,25.8805625,3.09359602083333,0.924958958333333,"actual",129,"2019"
2019-05-10,-1.56731508510638,36.4160148085106,36.2780900425532,3.90818,78.3761723404255,19.6277021276596,16.076,24.924,0,271.542577619048,0.223424425531915,0.184615723404255,0.113053829787234,26.5393617021277,26.1108723404255,25.3618723404255,2.83622670833333,0.641212708333333,"actual",130,"2019"
2019-05-11,-1.1597445,49.1915495416667,40.0861985416667,4.25032541666667,75.6855708333333,19.495125,15.702,24.83,0,311.758474090909,0.223370083333333,0.183958416666667,0.109654791666667,26.5949583333333,26.0432291666667,25.6615416666667,3.06098018125,0.398936666666667,"actual",131,"2019"
2019-05-12,-1.04606002291667,40.8094297397917,44.23360710625,3.47391104166667,78.1294416666667,19.3800833333333,16.015,24.63,0.2,289.6899,0.225443020833333,0.184163270833333,0.1062006875,26.5877708333333,25.9816458333333,25.2806458333333,2.72191686041667,0.231742083333333,"actual",132,"2019"
2019-05-13,-1.28737547916667,46.0322281666667,28.66452165,3.70164504166667,77.6552083333333,19.5861875,14.752,24.367,0,277.790213636364,0.2259381875,0.183997208333333,0.10359794375,26.4789583333333,25.8832291666667,25.3293125,2.70153403958333,0.141587166666667,"actual",133,"2019"
2019-05-14,-0.781713770833333,44.3379554166667,32.0351509291667,3.83853854166667,76.4614479166667,19.574375,15.619,24.855,0,304.153742857143,0.226092375,0.184759791666667,0.100953491666667,26.4085208333333,25.8755208333333,25.5739791666667,2.44592629791667,0.136941645833333,"actual",134,"2019"
2019-05-15,-1.82290325,56.1086633958333,35.0504826820833,3.32190354166667,74.1493979166667,20.1542083333333,15.519,25.831,0,358.398333333333,0.223174958333333,0.185815291666667,0.0996979229166667,26.4028541666667,26.2963541666667,26.6373958333333,2.54279857083333,0.24707625,"actual",135,"2019"
2019-05-16,-1.02521433333333,42.5515060416667,24.1766727083333,3.39527929166667,73.0727583333333,19.66925,14.882,24.329,0,277.467114285714,0.223519479166667,0.186358375,0.0967583625,26.5278125,26.5346041666667,26.012375,2.24280378333333,0.581201875,"actual",136,"2019"
2019-05-17,-0.572956833333333,43.4607266666667,22.3141056083333,3.73371458333333,73.52085,19.6231041666667,14.869,24.798,0,263.574557142857,0.22671675,0.1865278125,0.0944110979166667,26.6948125,26.136375,25.6108333333333,2.19499755416667,1.173284375,"actual",137,"2019"
2019-05-18,-0.428104085106383,31.5044397916667,74.9006929787234,3.819143125,86.3560354166667,18.572375,16.313,22.29,10.7,268.166203181818,0.222348625,0.185231270833333,0.0919395854166667,26.6953333333333,25.6917083333333,23.9454166666667,2.33991432291667,1.584525,"actual",138,"2019"
2019-05-19,0.846053083333333,24.1891800208333,52.7258375,3.17783275625,82.9394479166667,17.6941875,15.029,20.465,0,200.977101363636,0.221138833333333,0.182096479166667,0.0901595895833333,26.4853333333333,24.1867916666667,21.8807708333333,2.17156705,1.84485,"actual",139,"2019"
2019-05-20,0.190256625,36.4798719583333,39.7926169166667,3.24209770833333,78.9417416666667,18.4990833333333,14.182,22.358,0,264.585795238095,0.222499333333333,0.182142583333333,0.092754625,26.2353125,23.67325,22.6818333333333,2.61249675416667,2.43467291666667,"actual",140,"2019"
2019-05-21,-0.491356604166667,37.6164112291667,39.0155918708333,3.24293402083333,75.1969875,18.8907083333333,14.066,24.228,0,319.996095238095,0.222288708333333,0.183382354166667,0.0945401979166667,25.8565208333333,23.9692291666667,23.5553125,3.43554230208333,3.412875,"actual",141,"2019"
2019-05-22,-0.684918104166667,32.2575403541667,24.0035656833333,2.91759164583333,78.1146229166667,18.8420208333333,14.79,24.046,0,226.104857142857,0.220877666666667,0.184195791666667,0.0959678291666667,25.6000416666667,24.2203958333333,23.2752083333333,3.33571806458333,3.52127708333333,"actual",142,"2019"
2019-05-23,-1.55889352083333,29.3795564583333,51.8310261208333,3.51889972916667,82.80585,18.5409166666667,15.494,22.668,0,282.258685,0.221245875,0.183293041666667,0.0957548583333333,25.6,24.0332916666667,22.7646875,3.17729235208333,2.96842083333333,"actual",143,"2019"
2019-05-24,-0.103143119148936,44.0001329787234,68.3652110638298,3.46718385106383,81.125985106383,18.0185106382979,14.764,23.119,0,340.406571428571,0.219675063829787,0.18289870212766,0.0953228361702128,25.4895957446809,23.339,22.1502340425532,3.25199371041667,2.61546458333333,"actual",144,"2019"
2019-05-25,-0.721048220833333,31.2004670833333,43.2290660416667,3.28995875,84.7167854166667,17.952875,15.735,21.958,0,233.682809090909,0.2213689375,0.183040125,0.0966061625,25.2969375,23.437875,22.343875,3.15234461041667,2.59118333333333,"actual",145,"2019"
2019-05-26,-0.206771354166667,31.1250976458333,50.1835329166667,3.7316025,86.2305708333333,17.6929583333333,15.518,21.093,3,211.704703043478,0.222178041666667,0.182579604166667,0.0968130979166667,25.1,23.1332083333333,21.7300416666667,2.97683239166667,2.22895416666667,"actual",146,"2019"
2019-05-27,-1.26217470833333,34.6771736333333,41.100345625,3.29008333333333,77.8986729166667,18.1834375,15.763,22.108,0,251.019645454545,0.219403104166667,0.18237625,0.09750991875,24.9525208333333,22.9047083333333,22.2088958333333,2.751925575,1.55412291666667,"actual",147,"2019"
2019-05-28,-0.47744305625,24.9273736458333,23.5648425125,3.27513264583333,74.9143979166667,17.9347916666667,14.357,21.84,0,201.5107685,0.221450395833333,0.182250104166667,0.0974161416666667,24.8427083333333,22.8303541666667,21.6215208333333,2.02641086666667,1.20887708333333,"actual",148,"2019"
2019-05-29,-0.554154770833333,41.043014888125,27.7772707291667,2.95284327083333,75.89550625,18.4537916666667,15.472,22.574,0,259.819080952381,0.219416666666667,0.18235075,0.09865556875,24.7,23.0033958333333,22.7411666666667,2.2258435625,1.32470208333333,"actual",149,"2019"
2019-05-30,-0.9067965,57.782869375,28.0687736458333,2.69843814583333,73.65801875,18.9796666666667,13.857,24.028,0,343.838628571429,0.219989604166667,0.184583354166667,0.0991006625,24.69975,23.7466875,24.2313541666667,2.58693740833333,1.57877708333333,"actual",150,"2019"
2019-05-31,-0.91976925,32.4539509583333,17.6377782083333,2.15080245833333,74.8825458333333,18.7435625,14.857,23.739,0,203.35889,0.219944458333333,0.185780520833333,0.0973659791666667,24.6997708333333,24.2456458333333,23.769625,2.2220312125,1.92463125,"actual",151,"2019"
2019-06-01,-0.365182413043478,56.7611982173913,29.17881,2.22748554347826,77.9855869565217,19.3585217391304,15.903,26.373,0,332.4836,0.219693543478261,0.186374630434783,0.0986571913043478,24.7092826086957,24.6793913043478,25.5295434782609,2.07329950208333,2.39268958333333,"actual",152,"2019"
2019-06-02,2.63214677777778,39.1214667521739,60.6114599047619,2.35424945652174,89.2487826086956,18.3047826086957,15.863,25.481,23.3739130434783,296.983196111111,0.218413826086957,0.187026239130435,0.174327865217391,24.8887608695652,25.1128043478261,24.0381739130435,1.99941113541667,2.71941458333333,"actual",153,"2019"
2019-06-03,1.41926616666667,29.3153423041667,77.2134739583333,2.29871033333333,84.46294375,18.7852291666667,15.858,23.389,0,319.459012857143,0.219581520833333,0.185209791666667,0.258414791666667,25.0466458333333,23.68875,22.63675,2.6988916375,3.25009583333333,"actual",154,"2019"
2019-06-04,0.327652916666667,25.0633567083333,62.6163708333333,2.62809989583333,77.36229375,18.1222291666667,14.667,22.128,0,243.63907952381,0.219497895833333,0.1848534375,0.230109791666667,24.9004166666667,23.4765833333333,22.3225208333333,2.8383621625,3.58798333333333,"actual",155,"2019"
2019-06-05,1.1620881875,14.6303364583333,33.3837835416667,2.47569,85.5255645833333,16.838125,15.005,19.189,0,118.157837727273,0.217607291666667,0.184304958333333,0.21299025,24.84075,22.6974375,20.7538333333333,2.0086237875,3.29255208333333,"actual",156,"2019"
2019-06-06,1.202222,18.9468398958333,68.9381168,2.47053495833333,85.1160791666667,17.2675625,14.148,21.337,23.8,222.709468181818,0.216671666666667,0.183822541666667,0.235292333333333,24.6072083333333,21.9634375,20.4454791666667,3.10035088541667,2.78007916666667,"actual",157,"2019"
2019-06-07,-0.585932035416667,21.6050483958333,66.586443125,2.58924375,79.3690020833333,17.8826458333333,14.75,21.604,0,247.6343,0.215679895833333,0.183930583333333,0.234089625,24.3014583333333,21.631,20.5323333333333,3.51869965416667,2.6473125,"actual",158,"2019"
2019-06-08,-1.0875748125,28.0374461958333,69.8765472916667,2.96352020833333,75.82795,18.5302083333333,14.923,23.313,0,307.506142857143,0.214142354166667,0.184939604166667,0.21831875,24.0435208333333,21.9634583333333,21.5656041666667,4.11161791666667,3.04051875,"actual",159,"2019"
2019-06-09,0.211328077083333,7.09607525,32.1123183333333,2.65153439583333,86.3896145833333,16.8135,15.649,18.912,0.6,88.1141604761905,0.215063916666667,0.185460375,0.204374895833333,23.9,22.1086041666667,20.2779791666667,1.91935316041667,2.83202291666667,"actual",160,"2019"
2019-06-10,0.3775414375,8.44831445833333,32.6061145833333,2.96372916666667,82.907825,16.0201041666667,14.193,18.698,0,106.717809090909,0.214359,0.183017604166667,0.195250020833333,23.7870416666667,20.7250416666667,18.7697083333333,2.48185356666667,2.70163958333333,"actual",161,"2019"
2019-06-11,-1.5510326875,19.4473229166667,44.9152464583333,2.15105154166667,73.40405,17.124125,13.535,20.823,0,212.600309090909,0.214687770833333,0.183321854166667,0.1905396875,23.5554791666667,20.4717083333333,19.7836875,4.31905947708333,2.74855625,"actual",162,"2019"
2019-06-12,-0.4371350625,14.4128808333333,34.2081320833333,2.0952124375,76.45031875,17.6693541666667,14.323,20.69,0,150.077831818182,0.213145479166667,0.1848845625,0.184053854166667,23.3001875,21.2118333333333,20.6012083333333,3.33856660625,2.50444791666667,"actual",163,"2019"
2019-06-13,-2.09259627083333,24.6306252291667,50.4756111458333,3.20894416666667,74.4357395833333,18.3101875,14.85,22.746,0,260.224359090909,0.2124645,0.185959708333333,0.1753131875,23.2637083333333,21.5504791666667,21.4874791666667,4.75161677708333,2.24804166666667,"actual",164,"2019"
2019-06-14,-2.07541120833333,23.5619895625,37.7501747916667,2.57110710416667,78.2985229166667,17.5058125,14.361,21.767,0,228.40627,0.213288229166667,0.1873270625,0.165198645833333,23.1950416666667,22.0142708333333,21.614875,4.08122271041667,1.83038333333333,"actual",165,"2019"
2019-06-15,-1.92496475,31.306764375,36.059760625,2.68073645833333,78.979925,16.8464791666667,13.837,20.652,0,210.669647619048,0.2142069375,0.187236166666667,0.154800083333333,23.2991666666667,21.933375,21.2455625,4.10034172291667,1.58454583333333,"actual",166,"2019"
2019-06-16,-2.92233120833333,27.5357369229167,50.5058645833333,2.42589289583333,70.30154375,17.9011041666667,13.407,23.496,0,287.125327142857,0.213987479166667,0.188170854166667,0.147596583333333,23.3,22.1589791666667,22.3038125,4.76710360833333,1.6244375,"actual",167,"2019"
2019-06-17,-2.50337689583333,40.5929024583333,57.976798125,2.57689541666667,62.3084375,17.8927083333333,11.911,23.722,0,354.220752380952,0.2132764375,0.188911104166667,0.140229875,23.3,22.9268333333333,23.3248125,5.11266824583333,1.56463125,"actual",168,"2019"
2019-06-18,-1.26582179166667,17.9360654583333,31.1737635625,2.14331452083333,74.3838604166667,16.994125,12.826,21.419,0,185.426095238095,0.214957541666667,0.1897055625,0.130996791666667,23.4111666666667,23.1917916666667,22.4675625,3.44776394583333,1.42666041666667,"actual",169,"2019"
2019-06-19,-2.49866904166667,28.9699189583333,43.1209816458333,2.2623694375,72.7838833333333,18.4121666666667,13.147,24.451,0,306.49289,0.214674979166667,0.189388833333333,0.125314520833333,23.50175,22.9314583333333,22.9771041666667,4.43020377291667,1.48214166666667,"actual",170,"2019"
2019-06-20,-1.80807845833333,33.660378125,37.0721264375,2.63956570833333,74.0301958333333,18.089,13.8,22.918,0,257.465372727273,0.215,0.190438208333333,0.118488854166667,23.6371666666667,23.3754583333333,23.2284166666667,4.07807906041667,1.51059375,"actual",171,"2019"
2019-06-21,-0.314747291666667,17.9065705208333,15.8404442916667,2.70851391666667,83.87914375,16.2775625,13.908,18.737,0,115.718436666667,0.215,0.1899590625,0.1132131875,23.7,23.0344375,21.66625,2.44665420208333,1.60811458333333,"actual",172,"2019"
2019-06-22,-1.28539891666667,48.401797375,36.1092156666667,2.02157127083333,75.9438979166667,18.0735833333333,13.929,23.237,0,289.990281818182,0.215,0.189807333333333,0.1116565625,23.7,22.7242291666667,23.0757708333333,4.18145606875,2.0678125,"actual",173,"2019"
2019-06-23,-1.24133054166667,39.3430278333333,42.0296877916667,2.13325395833333,73.58113125,18.5646458333333,14.168,25.269,0.2,347.622505555556,0.2144811875,0.191664895833333,0.1088186875,23.7,23.9924791666667,24.7579583333333,3.20522704166667,2.15358333333333,"actual",174,"2019"
2019-06-24,-1.069708125,31.8654543125,28.6841735,1.62729579166667,74.7696541666667,18.7083958333333,14.172,24.317,0,234.054976190476,0.214102729166667,0.193419458333333,0.105238229166667,23.8581875,24.3882916666667,24.6944791666667,2.93734249166667,1.818375,"actual",175,"2019"
2019-06-25,-0.268993875,27.3923712916667,15.3131129413333,2.8963001875,80.8668833333333,17.1919583333333,13.191,20.816,0,171.40568,0.215938895833333,0.19373125,0.0998499770833333,24.1458958333333,24.1922291666667,23.4737708333333,2.418183075,1.6778875,"actual",176,"2019"
2019-06-26,-0.567509375,29.2313371458333,17.3056132291667,2.759105625,78.2295354166667,17.5449791666667,14.608,22.725,0,168.889001363636,0.216160416666667,0.1920798125,0.0975882083333333,24.2,23.4035416666667,22.61625,2.46436106875,2.0506875,"actual",177,"2019"
2019-06-27,-0.00876052083333332,25.5465752916667,14.9251085416667,2.66751495833333,76.3589604166667,17.6553958333333,13.548,22.058,0,171.550242857143,0.2164930625,0.192079854166667,0.0952659770833333,24.2,23.1297916666667,22.2847916666667,2.63513379583333,2.352275,"actual",178,"2019"
2019-06-28,-1.14583170833333,38.9526164375,19.9375453333333,2.62090608333333,77.4243104166667,16.9407916666667,13.948,21.807,0,209.476842857143,0.216154145833333,0.1918194375,0.0934618104166667,24.1786041666667,22.8837083333333,22.2922291666667,2.91165258333333,2.51479583333333,"actual",179,"2019"
2019-06-29,-1.09734325,58.4767087916667,30.34538855,2.706890375,69.5754395833333,17.7367708333333,11.849,24.729,0,376.874585,0.214489583333333,0.192008375,0.093184725,23.9061875,23.1269583333333,23.4203333333333,2.95012511458333,2.33120416666667,"actual",180,"2019"
2019-06-30,-0.7660495,45.0402904166667,26.2263483125,2.8343063125,65.0485020833333,17.9322708333333,11.4690000000001,24.609,0,293.814385714286,0.2140243125,0.192892395833333,0.0917284708333333,23.9084166666667,23.9346875,24.0115208333333,2.09511904375,1.64598333333333,"actual",181,"2019"
2019-07-01,-0.577774645833333,58.11615,22.7913234791667,2.76462395833333,67.4680875,18.8141458333333,13.313,24.599,0,355.329,0.215334791666667,0.193128458333333,0.0902951375,24.1563958333333,24.4199166666667,24.9562708333333,1.93232641875,1.167228125,"actual",182,"2019"
2019-07-02,-0.186487166666667,47.7536422291667,19.5336210416667,2.53258435416667,68.4874979166667,18.6834375,12.965,24.501,0,302.972025,0.216401333333333,0.193968770833333,0.0886895729166667,24.3028125,24.9211458333333,25.308125,1.55821526875,0.852053333333333,"actual",183,"2019"
2019-07-03,0.0455397291666667,32.5992760416667,10.6308729533333,2.92565433333333,71.8688041666667,17.9458333333333,14.303,21.357,0,151.543325909091,0.216919395833333,0.193171479166667,0.0856916666666667,24.5201875,24.7689583333333,23.9508541666667,1.0946815375,0.796794791666667,"actual",184,"2019"
2019-07-04,-0.568488604166667,56.3438676041667,22.4544751291667,3.265397625,63.804525,17.8994166666667,12.352,23.86,0,300.312966666667,0.216990270833333,0.192553520833333,0.0836666666666667,24.7,24.0432708333333,23.7334375,1.50680084375,1.081821875,"actual",185,"2019"
2019-07-05,-0.193653726458333,56.65105725,16.11627123125,2.60424329166667,65.30346875,18.4224166666667,12.862,24.563,0,303.342205,0.216021520833333,0.193096520833333,0.0833152770833333,24.7,24.6331875,25.1618958333333,1.41852430416667,1.24088125,"actual",186,"2019"
2019-07-06,0.25592871875,45.3635703054167,10.76571584375,2.77487435416667,73.4235583333333,17.8737708333333,14.635,22.66,0,221.024806190476,0.215792354166667,0.193877020833333,0.0820354125,24.7,24.9525,24.8728958333333,1.22256442083333,1.24636041666667,"actual",187,"2019"
2019-07-07,0.1369818125,39.9818330416667,9.82056261458333,2.81983770833333,71.6822458333333,17.8531458333333,13.704,23.31,0,210.005185714286,0.2155159375,0.193092354166667,0.0788611166666667,24.8190208333333,24.5205,23.9689583333333,1.14953956875,1.17502916666667,"actual",188,"2019"
2019-07-08,-0.269216141041667,57.064429625,17.9747813395833,2.78532270833333,69.6208791666667,18.4377708333333,12.393,24.557,0,293.677283181818,0.216954833333333,0.192346645833333,0.07920263125,24.8810416666667,24.3936666666667,24.5631875,1.24384415,0.980895625,"actual",189,"2019"
2019-07-09,0.151648208333333,59.6383523958333,13.1202879166667,2.75560289583333,67.4897479166667,18.77925,12.942,24.975,0,334.151985,0.217571541666667,0.193952791666667,0.0789902770833333,24.848875,25.0539166666667,25.5887083333333,1.18932584375,1.005313125,"actual",190,"2019"
2019-07-10,-0.0517118125,50.2304506875,10.5223104791667,3.064390625,70.28873125,18.3608125,12.386,24.25,0,254.040912857143,0.2180326875,0.193896520833333,0.0770184416666667,24.9,25.1948541666667,24.797375,1.14604459583333,1.23761520833333,"actual",191,"2019"
2019-07-11,-0.00363957791666665,62.7509840208333,11.4473557916667,3.51876691666667,69.5479604166667,18.57175,13.602,23.861,0,284.967261904762,0.217240270833333,0.193220125,0.0757118041666667,25.011625,24.9074583333333,24.8050833333333,1.21174364375,1.32970833333333,"actual",192,"2019"
2019-07-12,0.0246741458333333,64.1163502916667,11.002907,2.94671960416667,63.2587666666667,19.0319166666667,13.911,24.829,0,324.9871665,0.217554208333333,0.194000645833333,0.0758583291666667,25.0938958333333,25.3062916666667,25.8551458333333,1.08884908958333,1.26803125,"actual",193,"2019"
2019-07-13,0.156302541666667,31.954205625,4.9430029375,2.55320075,71.6965229166667,17.2049166666667,12.312,22.174,0,167.079365,0.218180520833333,0.193092333333333,0.0742423645833333,25.1,25.1503125,24.1360625,0.843020810416667,1.23068270833333,"actual",194,"2019"
2019-07-14,0.326159833333333,54.8069112708333,7.08752229166667,3.414486875,71.47045,17.305375,11.728,22.823,0,244.3946,0.218841708333333,0.191811875,0.0732131875,25.1,24.2906458333333,23.6707083333333,0.993742075,1.40001666666667,"actual",195,"2019"
2019-07-15,0.233540064583333,42.751741125,7.20288752083333,3.2195388125,68.7534395833333,17.3440833333333,12.642,22.767,0,219.15634,0.216185770833333,0.191962395833333,0.0721617333333333,25.0983333333333,24.2726666666667,23.7937708333333,0.912682797916667,1.43082708333333,"actual",196,"2019"
2019-07-16,0.275998895833333,42.873379625,4.70722167375,3.004943125,72.8023229166667,16.3300208333333,12.084,20.609,0,192.5094,0.215007666666667,0.191100875,0.0709019395833333,24.9385208333333,23.8565833333333,22.87825,0.802456485416667,1.26516041666667,"actual",197,"2019"
2019-07-17,0.311220375,37.8253058125,5.60548458333333,3.85165395833333,75.5384125,16.3067708333333,13.613,20.223,0,152.09283,0.215530645833333,0.190460083333333,0.0697187541666667,24.89325,23.3518958333333,22.3389375,0.697040827083333,1.18009166666667,"actual",198,"2019"
2019-07-18,1.29257772045455,55.7317264791667,36.4446588181818,3.34276395833333,67.6945104166667,17.2574791666667,12.942,22.7070000000001,0.8,337.883275,0.215863166666667,0.1895541875,0.0705472208333333,24.703125,23.1551875,23.0595625,0.869141885416667,1.16586666666667,"actual",199,"2019"
2019-07-19,0.225717416666667,56.107875375,6.8598161875,3.52200270833333,73.1547333333333,17.0083125,13.632,21.974,0,248.28551,0.2159506875,0.190154875,0.0708923604166667,24.6113333333333,23.5399583333333,23.2980833333333,0.811462220833333,1.111,"actual",200,"2019"
2019-07-20,0.13707823125,40.230825,7.0178572125,2.32327577083333,72.8644583333333,16.9054583333333,13.073,22.828,0,187.85306,0.2155875625,0.189354895833333,0.07018055625,24.4002291666667,23.4253125,23.0218541666667,0.688898014583333,1.060069375,"actual",201,"2019"
2019-07-21,-0.138106964583333,63.4252579166667,11.4569380416667,2.59961691666667,65.0267375,18.7648125,11.56,25.883,0,320.47490952381,0.2123375,0.189794416666667,0.0707944375,24.4,23.7442291666667,24.43975,1.11252027291667,1.17021770833333,"actual",202,"2019"
2019-07-22,0.1413738125,41.81871875,6.87922390625,2.80083333333333,70.1789979166667,17.1191041666667,13.122,23.377,0,201.965344285714,0.211781458333333,0.190600875,0.0694470104166667,24.4,24.2003958333333,23.7215625,0.887029610416667,1.283675,"actual",203,"2019"
2019-07-23,-0.232480916666667,64.2469432083333,11.3700322083333,2.72780945833333,59.227825,17.7134042553192,10.842,25.248,0,331.386465,0.212161479166667,0.1899978125,0.0698830229166667,24.4060625,23.9647291666667,24.3606666666667,1.12760967708333,1.3171125,"actual",204,"2019"
2019-07-24,0.0622201916666667,50.1455406458333,9.00112984791667,2.32517895833333,59.1449041666667,17.6999166666667,11.235,24.662,0,282.066573684211,0.2135833125,0.191238145833333,0.0692361125,24.5334375,24.6194583333333,24.8560208333333,0.8688250375,1.19589833333333,"actual",205,"2019"
2019-07-25,0.465359616666667,77.2467250638298,9.92628952083333,2.634908375,58.0025604166667,18.2482340425532,11.506,25.806,0,356.65395,0.213034645833333,0.190723916666667,0.0690544041666667,24.680875,24.6729166666667,25.16775,0.952733885416667,1.08924625,"actual",206,"2019"
2019-07-26,-0.0571960270833333,72.0064788333333,9.650676625,3.02421289583333,63.5059458333333,17.2319375,12.009,24.508,0,344.374642105263,0.213616666666667,0.191340208333333,0.0692145875,24.7255208333333,25.1450833333333,25.4097916666667,0.769721754166667,0.935727083333333,"actual",207,"2019"
2019-07-27,0.0598912145833333,58.730304375,6.3045069375,2.89988764583333,65.20530625,16.3734583333333,10.473,23.417,0,277.1727,0.215690291666667,0.190586791666667,0.067521525,24.8967708333333,24.8694375,24.3440208333333,0.604697558333333,0.793019791666667,"actual",208,"2019"
2019-07-28,0.117982208333333,46.0161510208333,3.86361628958333,2.58314414583333,66.7054291666667,16.8614583333333,11.642,22.3200000000001,0,223.747555,0.215641729166667,0.18962575,0.0659888833333333,24.9,24.4715,23.913125,0.443853439583333,0.686262083333333,"actual",209,"2019"
2019-07-29,0.0524970208333333,54.0303345833333,0.969162897083333,2.68786483333333,66.4749833333333,17.9211875,12.384,22.828,0,252.047173684211,0.214106208333333,0.189074979166667,0.065584025,24.9,24.4074166666667,24.4489375,0.354115325,0.584902291666667,"actual",210,"2019"
2019-07-30,0.4491808994375,31.9267172458333,4.00787064,2.56061270833333,74.3579708333333,16.9489375,13.023,20.796,0,139.866163157895,0.214018,0.189309666666667,0.06471596875,24.9,24.3320625,23.6647083333333,0.1490841125,0.450348541666667,"actual",211,"2019"
2019-07-31,2.69094654166667,22.2538329166667,26.1356322708333,2.7464795,75.50860625,17.8507916666667,14.644,22.221,5.5,137.035855,0.2146030625,0.188653041666667,0.06399408125,24.8998125,23.8872916666667,23.1089791666667,0.11094851875,0.495227291666667,"actual",212,"2019"
2019-08-01,1.773491125,39.3922160416667,47.6240999791667,3.36230579166667,68.8028208333333,19.0372291666667,13.918,25.13,0,337.480935,0.215577791666667,0.187268020833333,0.06427846875,24.7674375,23.2876666666667,23.0192083333333,0.1513628,0.720948125,"actual",213,"2019"
2019-08-02,1.398936125,40.4405477083333,15.8379864375,3.225756,76.7285791666667,17.4298958333333,11.769,23.224,0,242.455152380952,0.215112520833333,0.187272208333333,0.0655548625,24.68975,23.1806666666667,22.082,0.239982883333333,0.828659583333333,"actual",214,"2019"
2019-08-03,0.257943516666667,70.0329776627907,53.2383318604651,3.89131311111111,74.7533266666667,17.7423555555556,13.265,22.951,2.24,386.33277,0.212825888888889,0.186960711111111,0.0674881555555556,24.4034222222222,23.2547111111111,23.2671111111111,0.497362616666667,0.953585,"actual",215,"2019"
2019-08-04,0.351861979166667,71.902009875,28.5997351458333,3.26035185416667,64.3130979166667,17.6377916666667,11.114,24.331,0,401.775604761905,0.212864604166667,0.186952083333333,0.06946180625,24.3936875,23.3034166666667,23.129625,0.646061895833333,1.08025958333333,"actual",216,"2019"
2019-08-05,0.0599208416666667,70.6262290833333,20.0141408958333,2.69089777083333,65.5317145833333,18.2525416666667,11.1950000000001,25.792,0,379.66540952381,0.2158291875,0.188801354166667,0.0723104145833333,24.3082083333333,24.103625,24.7157708333333,0.83831528125,1.23222958333333,"actual",217,"2019"
2019-08-06,-0.0695260770833333,67.1069022352083,16.19697,2.6763170625,61.3514354166667,19.2408125,10.892,27.046,0,347.97833,0.2162283125,0.19019075,0.0735017875,24.3961041666667,24.8985625,25.5846875,0.838106472916667,1.33463708333333,"actual",218,"2019"
2019-08-07,0.417164972916667,59.624576875,4.853754375,3.74171083333333,72.4797479166667,18.7878333333333,15.689,23.916,0,276.47165,0.216016895833333,0.190911875,0.07358960625,24.60375,25.3516458333333,25.468375,0.73735229375,1.2787,"actual",219,"2019"
2019-08-08,0.252268610416667,69.6895303958333,8.25371552083333,3.606574375,70.4290479166667,18.1988333333333,13.836,23.436,0,336.175165,0.216613208333333,0.19057225,0.0716840291666667,24.8105,25.1262916666667,25.2725625,0.791940597916667,1.22194583333333,"actual",220,"2019"
2019-08-09,-0.0166238875,84.84730966875,2.45896529787234,2.8067438125,71.68610625,17.1789791666667,11.212,22.865,0,342.06812047619,0.216653416666667,0.190185416666667,0.0706597291666667,24.9,25.1150416666667,25.0921041666667,0.854341679166667,1.14572791666667,"actual",221,"2019"
2019-08-10,0.335805195833333,55.1983745208333,4.41925683333333,3.00902964583333,64.4782208333333,17.017375,11.508,22.784,0,255.1495,0.216640229166667,0.189625708333333,0.0686034770833333,24.9505208333333,24.8544375,24.1758541666667,0.709175727083333,1.1135075,"actual",222,"2019"
2019-08-11,0.523035010416667,39.2469314583333,3.49088766666667,3.17038125,70.6869375,16.21925,13.916,20.347,0,164.021904761905,0.2163933125,0.1892806875,0.067072375,24.9519166666667,24.2672291666667,23.1787708333333,0.520909935416667,1.04811854166667,"actual",223,"2019"
2019-08-12,0.169429245833333,67.726520125,3.70987525,2.96549104166667,67.3292854166667,16.5711458333333,11.912,22.013,0,293.302942857143,0.213332791666667,0.187728291666667,0.0665003625,24.9001458333333,23.7252083333333,23.5802708333333,0.727768747916667,1.04230854166667,"actual",224,"2019"
2019-08-13,0.12461225,73.0455422916667,5.01285702083333,3.31040304166667,66.2647479166667,17.5343958333333,13.12,24.092,0,316.048057142857,0.2142764375,0.1882145,0.0669097229166667,24.8117291666667,24.3605833333333,24.8505208333333,0.731277560416667,1.06246458333333,"actual",225,"2019"
2019-08-14,0.523163402083333,39.13690525,2.25731925,3.337553125,70.6819041666667,16.6087916666667,13.483,20.824,0,164.39270952381,0.215079208333333,0.188584,0.0651888833333333,24.8032708333333,24.4141458333333,23.4167916666667,0.4953086625,0.994314791666667,"actual",226,"2019"
2019-08-15,0.424804527083333,45.9423571875,4.77634947916667,3.855738125,64.5485,16.2716458333333,10.483,21.528,0,198.75662,0.215321125,0.1860165625,0.062768775,24.826125,23.252625,22.0578541666667,0.539319197916667,0.957089375,"actual",227,"2019"
2019-08-16,0.3641562875,40.7349051458333,4.18108441458333,3.55779395833333,64.3465458333333,16.8271666666667,13.06,20.039,0,168.039963333333,0.215234854166667,0.184988854166667,0.0634109416666667,24.6943333333333,23.1350208333333,22.5599375,0.472147408333333,0.955103958333333,"actual",228,"2019"
2019-08-17,0.562466670833333,49.2026895833333,0.184047479166667,2.800489,66.2328104166667,16.871875,10.763,21.793,0,204.018523809524,0.213317354166667,0.184855541666667,0.0627777770833333,24.4080625,22.9921875,22.6559583333333,0.55561511875,0.934179583333333,"actual",229,"2019"
2019-08-18,0.426250329166667,55.7766771875,0.9953734375,3.1294296875,71.73770625,17.3922083333333,13.132,22.197,0,215.605618181818,0.214674354166667,0.184857666666667,0.06133819375,24.3530625,23.2250625,23.2093125,0.588028820833333,0.929614791666667,"actual",230,"2019"
2019-08-19,0.607219914583333,26.6029289166667,3.05313989583333,2.723743125,77.82621875,15.551125,12.984,18.901,0,115.763780952381,0.214669520833333,0.184604875,0.0605499979166667,24.2003541666667,23.0619375,21.9366666666667,0.338803920833333,0.831947916666667,"actual",231,"2019"
2019-08-20,0.403449958333333,49.452870625,3.892354,3.01536479166667,67.6583708333333,16.6385625,11.708,22.908,0,232.338804761905,0.214949583333333,0.183495541666667,0.0615723645833333,24.1979791666667,22.3698333333333,22.0585,0.5659287125,0.851624375,"actual",232,"2019"
2019-08-21,0.095881,65.5390708333333,2.62798415833333,3.535021875,67.0300979166667,17.544125,12.727,23.052,0,279.885652380952,0.212429020833333,0.184709833333333,0.0625579479166667,23.9180208333333,23.0546458333333,23.5272291666667,0.621325639583333,0.860497916666667,"actual",233,"2019"
2019-08-22,0.1801255,52.23035875,2.4853584375,2.8283600625,68.04954375,17.8836041666667,13.185,23.808,0,243.373208095238,0.211984,0.185553145833333,0.0621558625,23.9,23.675375,24.1965416666667,0.54989456875,0.847589375,"actual",234,"2019"
2019-08-23,-0.112988608333333,81.5438725166667,6.47160747291667,3.6752675,61.52915,19.0826458333333,14.361,25.125,0,376.064065,0.212722875,0.186108145833333,0.0636591708333333,24.0639791666667,24.2987291666667,25.6408958333333,0.703478558333333,0.864372291666667,"actual",235,"2019"
2019-08-24,0.421416952083333,64.4124885208333,1.00579294583333,3.94275858333333,73.0725375,18.1813125,14.068,24.02,0,265.789352631579,0.214755541666667,0.186661791666667,0.0622006979166667,24.2454791666667,24.9093958333333,25.153,0.513565929166667,0.80574125,"actual",236,"2019"
2019-08-25,0.749372,83.5461398125,29.5777058541667,4.38125625,67.63560625,18.1164583333333,13.087,23.772,0.6,366.238851363636,0.214138,0.186497520833333,0.0617129270833333,24.4,24.7275416666667,25.457375,0.70831858125,0.778452916666667,"actual",237,"2019"
2019-08-26,0.1650560625,83.9283733333333,5.50006522916667,4.54509854166667,62.9342708333333,18.6996041666667,13.637,24.495,0,369.559568095238,0.213697229166667,0.186641625,0.0615916666666667,24.6073958333333,25.1898333333333,25.9177916666667,0.683317079166667,0.770951458333333,"actual",238,"2019"
2019-08-27,0.427125814583333,47.482306625,1.21607285416667,2.890585,65.5382354166667,18.8614583333333,14.106,24.051,0,221.600852380952,0.213187479166667,0.186789541666667,0.0612534708333333,24.7621666666667,25.380875,25.579,0.468327277083333,0.749162708333333,"actual",239,"2019"
2019-08-28,-0.0511621979166667,72.5079800416667,6.576792875,3.01747635416667,67.01750625,18.4430416666667,11.759,25.395,0,331.85184,0.2132916875,0.186791708333333,0.06121250625,24.8999583333333,25.329125,26.1999375,0.655961241666667,0.772395416666667,"actual",240,"2019"
2019-08-29,0.110417429787234,53.2454407021277,1.85552461702128,3.0486364893617,68.7483680851064,18.7820212765957,13.515,23.909,0,229.722831578947,0.214529063829787,0.187592170212766,0.0602113510638298,24.9816382978723,25.7873404255319,26.1153617021277,0.513364108333333,0.872414791666667,"actual",241,"2019"
2019-08-30,0.257643056,54.823667875,0.694135479166667,3.71389702083333,75.2538791666667,18.1267083333333,14.897,22.537,0,205.687196666667,0.216727083333333,0.186801395833333,0.0598229104166667,25.1,25.430125,25.4239375,0.420623797916667,0.898010625,"actual",242,"2019"
2019-08-31,0.581507804166667,44.3817201041667,14.7482705625,2.551328625,74.84090625,18.4958541666667,14.328,25.009,10.8,216.46402,0.216450729166667,0.186073604166667,0.0587632020833333,25.1,25.1203125,25.2401041666667,0.154615660416667,0.91436375,"actual",243,"2019"
2019-09-01,1.60272477083333,44.9893801666667,64.8144960208333,1.86546652083333,83.00921875,17.9681458333333,14.874,27.125,31.2,390.466138888889,0.212139458333333,0.184465291666667,0.1017587375,25.1,24.8318541666667,23.8948125,0.161730202083333,1.014000625,"actual",244,"2019"
2019-09-02,3.199846125,40.28521425,90.7751075,2.90690854166667,84.3124083333333,17.3923958333333,13.116,22.634,0,341.155096956522,0.2131296875,0.1819115625,0.227162895833333,25.098125,23.7564791666667,22.2314375,0.45649911875,1.23304166666667,"actual",245,"2019"
2019-09-03,2.5159998125,20.6974312083333,56.6848208333333,3.34674604166667,75.0060208333333,17.6272708333333,14.824,22.535,0,195.13590952381,0.212381708333333,0.180888208333333,0.202753979166667,24.9011041666667,23.2187916666667,21.4720208333333,0.521651489583333,1.48350833333333,"actual",246,"2019"
2019-09-04,2.07726660416667,35.6863851875,49.4490438541667,3.00308958333333,72.4841375,17.5706666666667,12.921,22.502,0,256.829178636364,0.2107118125,0.1803541875,0.191999270833333,24.661125,22.6333958333333,21.6394375,0.861680477083333,1.72285833333333,"actual",247,"2019"
2019-09-05,1.57720591458333,23.7779656354167,35.087371875,3.13116520833333,72.2873354166667,17.443625,13.294,22.019,0,196.914960454545,0.211633270833333,0.180517270833333,0.1832326875,24.3502291666667,22.6424791666667,21.4890416666667,0.976012985416667,1.9539625,"actual",248,"2019"
2019-09-06,0.544930541666667,47.4083070208333,46.360798375,2.81741658333333,71.0675895833333,18.5193541666667,12.92,24.5700000000001,0,367.68620952381,0.209704125,0.1813530625,0.176188270833333,24.1473125,22.8170208333333,23.2899583333333,1.56750880416667,2.27053958333333,"actual",249,"2019"
2019-09-07,1.04401364583333,29.8292166041667,25.8145041666667,3.59231020833333,71.6031479166667,17.6452291666667,15.034,22.096,0,185.514957142857,0.210139979166667,0.1824490625,0.165226291666667,23.900125,23.4580208333333,22.4138125,1.23901680416667,2.19061875,"actual",250,"2019"
2019-09-08,0.622317929787234,21.6900734255319,22.408212212766,3.41016008510638,73.5728319148936,16.4664468085106,12.952,20.121,0,156.375042857143,0.211591234042553,0.180545170212766,0.154530553191489,23.9002340425532,22.2769574468085,20.4153617021277,1.27968311666667,1.74877708333333,"actual",251,"2019"
2019-09-09,-0.2862278125,33.8171095,34.7472573958333,3.33144670833333,65.2387708333333,18.1472708333333,12.918,23.875,0,299.374625,0.209101333333333,0.181338208333333,0.148650708333333,23.7843958333333,22.1041875,21.9197708333333,2.26275269375,1.64229166666667,"actual",252,"2019"
2019-09-10,-0.72363633125,33.101331125,31.1280206875,3.89588441666667,78.4811520833333,17.9978125,14.772,23.351,0.2,210.995218181818,0.209159708333333,0.181267354166667,0.1421576875,23.6999583333333,22.581125,22.0997708333333,2.04822144166667,1.35057916666667,"actual",253,"2019"
2019-09-11,-1.55562908510638,40.3949744255319,48.2507272765957,3.27109893617021,73.9676234042553,18.2627021276596,14.397,23.63,0.306382978723404,293.750595652174,0.210978021276596,0.181914212765957,0.137342553191489,23.677255319149,22.7624255319149,22.922829787234,2.77866036458333,1.30662375,"actual",254,"2019"
2019-09-12,-0.990195625,60.8634181041667,47.718643625,2.92568839583333,68.8919145833333,18.9672916666667,13.408,24.949,0,380.466074090909,0.2109979375,0.184462541666667,0.1326354375,23.6357291666667,23.6831041666667,24.9095,3.05857545833333,1.59323666666667,"actual",255,"2019"
2019-09-13,-1.40269912765957,61.3663929787234,36.0665151914894,3.22133742553191,69.8008872340425,18.7892765957447,12.068,25.685,0,386.65487,0.210877319148936,0.186939723404255,0.125190744680851,23.7230638297872,24.9156382978723,25.9707021276596,2.76758061666667,1.34625229166667,"actual",256,"2019"
2019-09-14,-0.872768158333333,66.0723186875,40.4893038958333,3.30984379166667,68.55891875,19.178875,12.88,26.259,0,395.153342857143,0.209515979166667,0.187900708333333,0.117094479166667,24.0397916666667,25.5485416666667,26.5447083333333,2.30837953333333,0.803371666666667,"actual",257,"2019"
2019-09-15,-0.469067979166667,63.7365480208333,35.9095178770833,3.348718875,67.0298395833333,19.3682291666667,14.2070000000001,26.282,0,373.740075,0.212190979166667,0.189794395833333,0.110482583333333,24.337,26.0434375,26.8655,1.77189586666667,0.493187083333333,"actual",258,"2019"
2019-09-16,-0.134534604166667,74.5566199166667,29.5885433333333,3.159183,64.20491875,18.6555208333333,13.117,24.723,0,387.255461904762,0.212138875,0.190652125,0.104098610416667,24.713,26.20975,26.7314583333333,1.56713149375,0.421568125,"actual",259,"2019"
2019-09-17,-0.2223636875,82.5847453125,22.28379225,3.92502116666667,61.99175,18.5973541666667,11.736,25.314,0,380.360945454545,0.2112118125,0.190877770833333,0.0989159645833333,24.9449375,26.0760625,26.0666875,1.35592574791667,0.37061,"actual",260,"2019"
2019-09-18,0.141415702083333,51.7723057708333,19.5591382708333,3.07516654166667,59.4226604166667,19.3624583333333,12.843,26.385,0,307.461204761905,0.211611125,0.190808020833333,0.0945173416666667,25.0998541666667,25.9042083333333,25.8935833333333,1.00236004166667,0.336871458333333,"actual",261,"2019"
2019-09-19,-0.304214735416667,89.6981555833333,20.5860260625,4.31207754166667,52.9408791666667,18.3200208333333,11.522,25.059,0,421.343004761905,0.212582270833333,0.190557416666667,0.0907092645833333,25.1410416666667,25.654875,25.6039166666667,1.01718887083333,0.329361041666667,"actual",262,"2019"
2019-09-20,-0.160003583333333,78.8162839583333,15.112328625,3.87794520833333,60.6134895833333,18.2996458333333,10.694,24.813,0,376.584257142857,0.2135595625,0.190613229166667,0.0874142520833333,25.3363541666667,25.7325416666667,25.755625,0.994732391666667,0.409975625,"actual",263,"2019"
2019-09-21,-0.261259791666667,73.4953381666667,14.3747245208333,3.3519625,63.1341958333333,18.6834583333333,11.867,25.462,0,344.209657142857,0.211636854166667,0.190586791666667,0.084071525,25.4,25.8510625,25.9158541666667,1.04737151666667,0.661844375,"actual",264,"2019"
2019-09-22,-0.0962950625,73.5708466666667,12.7075184375,3.7434801875,62.5799145833333,18.6383541666667,12.029,25.697,0,391.01568,0.210438229166667,0.190395104166667,0.0817534729166667,25.414625,25.988125,26.317875,1.16776980208333,1.05834416666667,"actual",265,"2019"
2019-09-23,0.2274680625,68.1798227083333,11.0997746666667,3.30259375,66.40358125,18.7157708333333,12.848,25.538,0,329.786047619048,0.21199725,0.190572270833333,0.0798701375,25.5730416666667,26.3282291666667,26.7939375,1.0512508875,1.41602083333333,"actual",266,"2019"
2019-09-24,0.174278183333333,63.770923125,2.71140535416667,3.09676770833333,74.25359375,18.0112708333333,14.357,22.414,0,252.718371428571,0.212002791666667,0.189648645833333,0.0763923604166667,25.6,26.19875,25.8572708333333,0.915920447916667,1.53834166666667,"actual",267,"2019"
2019-09-25,0.633304804761905,23.5950574285714,4.1806430952381,2.54082333333333,85.5029238095238,15.5269047619048,13.329,20.494,0,214.451716666667,0.212,0.189268285714286,0.0721571428571429,25.6007619047619,25.705,22.6006666666667,0.238120508333333,1.25912916666667,"actual",268,"2019"
2019-09-26,NA,70.9404655656135,31.9057353361409,3.63848618689568,69.9950923038542,18.8860566152235,14.5245178875639,24.2746218057922,1.60359151026606,340.30107632303,0.296080115490063,0.17466515049337,0.126477212394301,25.4051387173863,25.0501671388997,25.1954801929466,0,1.06248229166667,"filled",269,"2019"
2019-09-27,0.116538722222222,50.1219966666667,7.64913944444444,3.77115222222222,67.9255305555556,18.9065555555556,14.873,23.3200000000001,0,165.82109047619,0.213970333333333,0.186911138888889,0.0715621611111111,25.6434444444444,25.182,24.9688888888889,0.516698685416667,0.880016041666667,"actual",270,"2019"
2019-09-28,-0.0225456708333333,77.329556875,11.8055937916667,3.52035154166667,63.5712479166667,19.9767916666667,13.261,26.776,0,380.224014285714,0.2140090625,0.187810395833333,0.0721506958333333,25.6001041666667,25.4197708333333,26.6994791666667,0.820780108333333,0.677688958333333,"actual",271,"2019"
2019-09-29,-0.0980767916666667,80.07947775,10.5894919375,3.35988420833333,62.48889375,19.857625,12.866,27.435,0,399.596138095238,0.215226291666667,0.189413166666667,0.0712541645833333,25.6,26.5850833333333,28.0250833333333,0.802242833333333,0.55542625,"actual",272,"2019"
2019-09-30,0.127897791666667,79.9896985416667,10.2207549583333,3.40432458333333,62.75456875,20.829,13.798,27.979,0,385.925757142857,0.214671479166667,0.190309666666667,0.0687513833333333,25.77475,27.2665,28.6324583333333,0.71751754375,0.589752708333333,"actual",273,"2019"
2019-10-01,0.560810888888889,84.4254545106383,48.4382006382979,3.95158270833333,74.410825,19.334375,15.198,26.672,2.5,285.41945047619,0.214207666666667,0.1903971875,0.0674097208333333,26.0678541666667,27.6476666666667,27.9593958333333,0.496230620833333,0.572835833333333,"actual",274,"2019"
2019-10-02,1.04091646808511,55.0267618510638,29.2215681914894,3.65191104255319,79.6376957446809,18.410170212766,13.745,24.032,0,310.274758571429,0.213014829787234,0.187388680851064,0.0633340425531915,26.2067659574468,25.9515744680851,24.6403617021277,0.51422198125,0.567809166666667,"actual",275,"2019"
2019-10-03,-0.0426594229166667,70.7021719791667,16.9784206458333,4.23893958333333,71.21889375,19.5510833333333,15.949,25.066,0,329.848047619048,0.214051395833333,0.186314583333333,0.0655861145833333,26.1999375,25.6393333333333,25.6109791666667,0.481333016666667,0.606287291666667,"actual",276,"2019"
2019-10-04,-0.046358625,84.0613576041667,9.0510968125,4.49667008333333,67.9248979166667,18.7897083333333,14.173,23.392,0,345.468025238095,0.214732583333333,0.186540291666667,0.067225,25.9726875,25.7992291666667,25.9043125,0.44276545,0.605179791666667,"actual",277,"2019"
2019-10-05,-0.391151744680851,39.758103893617,26.2318055106383,3.56328957446809,80.4491489361702,18.2526170212766,14.718,23.562,0.408510638297872,200.921623809524,0.214258808510638,0.186319212765957,0.0657262446808511,25.9,25.5749574468085,24.7932340425532,0.247172816666667,0.608124166666667,"actual",278,"2019"
2019-10-06,1.66836206086957,37.0810314680851,57.6721614893617,4.67190340425532,86.1661765957447,17.1765106382979,14.369,21.731,0,268.661528571429,0.211172319148936,0.184640468085106,0.0636411319148936,25.8788723404255,24.5035106382979,22.8508085106383,0.268598354166667,0.601017708333333,"actual",279,"2019"
2019-10-07,0.0584504583333333,82.845569625,39.5826172291667,3.56502627083333,64.4257583333333,18.491625,13.026,23.956,0,424.081340909091,0.211564541666667,0.182980333333333,0.0654632875,25.5790208333333,24.1595833333333,24.7315416666667,0.337812560416667,0.642851875,"actual",280,"2019"
2019-10-08,-0.340264214583333,90.5894618958333,20.5923368125,3.5228131875,63.76384375,19.4381041666667,12.546,25.729,0,450.271061904762,0.213249291666667,0.185688270833333,0.0686812458333333,25.4,25.2813541666667,26.2837083333333,0.271026385416667,0.676940416666667,"actual",281,"2019"
2019-10-09,0.55731625,59.3227864166667,50.1048842083333,3.59568791666667,77.9168333333333,19.3605208333333,16.018,24.802,3.8,352.414095238095,0.212166625,0.186472958333333,0.06991875,25.4033541666667,25.8536458333333,25.7309583333333,0.171676420833333,0.689861458333333,"actual",282,"2019"
2019-10-10,2.50942208333333,34.1263679166667,81.0240766666667,3.637538125,86.9846770833333,17.8706458333333,14.139,23.071,0.3,293.401132173913,0.211832583333333,0.1842944375,0.123204210416667,25.5728958333333,24.9407291666667,23.0386666666667,0.109334958333333,0.673149791666667,"actual",283,"2019"
2019-10-11,2.30746710416667,22.1627242083333,84.8160038541667,4.688025,87.4271333333333,17.8445416666667,15.21,22.079,0,255.472075217391,0.212473583333333,0.180831208333333,0.225771541666667,25.4392291666667,23.425,21.1199375,0.13720118125,0.6526675,"actual",284,"2019"
2019-10-12,1.77269068541667,31.9445058541667,101.112266666667,4.229235625,86.8874,17.5028333333333,15.039,21.396,0,355.594028571429,0.211483979166667,0.179748666666667,0.246679979166667,25.0717916666667,22.5441666666667,20.881625,0.263570375,0.608009166666667,"actual",285,"2019"
2019-10-13,2.288379261875,26.9308703333333,91.3741645833333,3.58276270833333,89.5922020833333,17.5163125,15.22,21.511,0,315.383327272727,0.211030895833333,0.17935375,0.2728559375,24.7676041666667,22.1885416666667,20.8208541666667,0.47043165,0.648062708333333,"actual",286,"2019"
2019-10-14,1.85315366666667,23.6817215416667,69.348555,3.40093375,84.0539416666667,17.792625,15.133,21.198,0,254.729977272727,0.209962395833333,0.179893083333333,0.251349958333333,24.3824791666667,21.9646041666667,20.7446041666667,0.858492641666667,0.8615575,"actual",287,"2019"
2019-10-15,0.5559239375,35.3157007083333,94.2882401458333,3.57786397916667,77.1010645833333,18.9974791666667,15.346,23.623,0,404.733251363636,0.2091006875,0.180443729166667,0.236138833333333,24.1283125,22.2533333333333,22.417,1.61730334166667,1.02319979166667,"actual",288,"2019"
2019-10-16,-0.540161041666667,39.8200946666667,93.1213665,3.07725720833333,72.8923833333333,19.2198541666667,14.014,25.172,0,462.017859090909,0.2092655625,0.183346791666667,0.223085083333333,23.9,23.46125,24.394,2.169819875,1.02346395833333,"actual",289,"2019"
2019-10-17,0.589202304347826,31.1311899148936,69.8695582978723,2.96641383333333,88.96768125,17.6379583333333,15.634,20.59,55.1,263.210633333333,0.208814583333333,0.184289625,0.244266041666667,23.9825416666667,23.7203333333333,22.2850625,1.87317499583333,1.3871525,"actual",290,"2019"
2019-10-18,-0.790815125,12.5593841395833,68.201935625,3.068729375,90.7788875,17.3586666666667,15.411,20.649,7.9,217.490563913043,0.2080673125,0.1810305,0.292351375,24.0945416666667,22.1971666666667,20.7754375,2.30700689583333,2.13863125,"actual",291,"2019"
2019-10-19,-2.57347112765957,17.5506026808511,73.2718865957447,3.28730229166667,86.1645604166667,18.0100833333333,15.583,21.678,11.3,248.821562173913,0.206716416666667,0.184761875,0.299426208333333,23.8350625,21.721875,20.5230625,3.35148793958333,3.0109875,"actual",292,"2019"
2019-10-20,-0.472048957446808,33.8234165106383,124.408337510638,3.37555659574468,79.7818319148936,18.9740212765957,15.338,23.734,0.408510638297872,467.040763636364,0.206306574468085,0.217089085106383,0.273501659574468,23.650914893617,21.7855319148936,22.1267659574468,4.97187056875,4.01124375,"actual",293,"2019"
2019-10-21,-0.3174890625,23.227784375,91.965076875,3.0437074375,76.8499645833333,19.2109375,15.338,24.285,0,397.396119047619,0.208522208333333,0.235055895833333,0.25630925,23.5,22.74375,23.1636875,4.9426923375,3.84305208333333,"actual",294,"2019"
2019-10-22,-0.874640125,24.4087526666667,85.3207623125,2.59119941666667,76.2297625,19.5152916666667,14.684,25.006,0.9,394.085127272727,0.2098458125,0.241714791666667,0.241086541666667,23.5183333333333,23.276625,23.8809166666667,4.42720547708333,2.5471,"actual",295,"2019"
2019-10-23,-1.94260958333333,42.6288913333333,93.8493647916667,3.65209916666667,82.11718125,19.32625,15.772,24.127,2.3,440.582868181818,0.209986166666667,0.244145208333333,0.229481958333333,23.6822291666667,24.0034375,24.61275,5.2584334625,2.20444791666667,"actual",296,"2019"
2019-10-24,-2.9901935625,21.0563215,101.599010833333,3.03513010416667,87.7701020833333,18.1720833333333,15.073,22.692,24.9,329.398886363636,0.2080984375,0.245842020833333,0.288887166666667,23.8035625,23.6211666666667,22.7319583333333,5.05192860833333,2.64238125,"actual",297,"2019"
2019-10-25,-2.219186875,33.1030058458333,99.0871489583333,3.921406875,87.9866854166667,18.2781458333333,15.423,22.578,12.5,379.639340909091,0.207950208333333,0.272474083333333,0.306181479166667,23.8986875,22.641,21.9896875,5.83934966875,3.13083333333333,"actual",298,"2019"
2019-10-26,-3.02449006382979,38.6769545833333,134.479690638298,4.21581020833333,85.894575,18.5108125,15.632,22.266,4.2,444.314186956522,0.206665270833333,0.293357625,0.306252791666667,23.725,22.5423333333333,22.2151875,6.56895820625,3.57440416666667,"actual",299,"2019"
2019-10-27,-2.751833125,31.8193433333333,118.60388325,3.050273125,77.7709895833333,19.3949375,15.034,23.962,0.1,438.404356521739,0.208861125,0.294759041666667,0.284619416666667,23.7,23.01575,23.7652083333333,6.51056757708333,3.61285,"actual",300,"2019"
2019-10-28,-2.0311580212766,34.243904712766,101.47647893617,2.63344446808511,80.6697787234042,19.2400212765957,15.722,24.014,0,431.632231818182,0.20999929787234,0.292977978723404,0.267456021276596,23.7,23.7684042553191,24.4598510638298,6.0251075625,2.8907875,"actual",301,"2019"
2019-10-29,-0.882237979166667,29.8297366875,89.7050918541667,2.79204202083333,82.9295666666667,19.291125,15.583,24.836,0,373.553878636364,0.209993791666667,0.29042075,0.252316645833333,23.8275208333333,24.2727083333333,24.8693333333333,5.22032131666667,2.41901875,"actual",302,"2019"
2019-10-30,-1.82516765957447,21.821566787234,85.0848040425532,2.612206,82.6140191489362,18.5298085106383,15.559,23.049,2.85957446808511,341.590336666667,0.21,0.287982978723404,0.239785063829787,24.0124255319149,24.1640638297872,23.916914893617,4.88591244375,2.06505208333333,"actual",303,"2019"
2019-10-31,-0.690071291666667,20.3112894208333,89.666479,2.52871989583333,84.4347479166667,18.4927083333333,15.223,22.928,1.3,338.259577272727,0.209998625,0.285542354166667,0.235414604166667,24.1996666666667,23.5997916666667,23.4706458333333,5.0344845875,2.18677291666667,"actual",304,"2019"
2019-11-01,-2.19554927083333,32.6195658270833,98.7559180208333,2.62494733333333,79.3656645833333,18.40325,14.892,23.318,0,445.501019047619,0.21,0.283597166666667,0.234002125,24.1981458333333,23.5209166666667,23.478625,6.43598624166667,2.7439875,"actual",305,"2019"
2019-11-02,-1.86107585416667,29.14855654375,82.2534421041667,2.62926660416667,77.4719020833333,18.236,14.246,22.919,0,380.732938095238,0.21,0.281453458333333,0.230380583333333,24.1573958333333,23.485125,23.366125,6.09590979791667,2.9003875,"actual",306,"2019"
2019-11-03,-1.61942604166667,29.2260908854167,93.8481251458333,2.93443875,78.5502520833333,18.1598541666667,13.893,24.39,0,430.8369565,0.2099993125,0.279565229166667,0.224635145833333,24.0246458333333,23.5599375,23.5925,6.15808715416667,2.68936666666667,"actual",307,"2019"
2019-11-04,-3.65902495833333,29.0826492916667,114.478364229167,3.1409314375,78.2824125,18.3370208333333,14.164,23.698,0,475.46485,0.21,0.2774375625,0.24571875,23.94525,23.3270833333333,23.2016666666667,7.20670865416667,2.3574,"actual",308,"2019"
2019-11-05,-2.87269395833333,26.7516107770833,101.507620270833,2.50592904166667,75.8004541666667,18.6566458333333,14.516,23.765,0,434.749442857143,0.210023583333333,0.277310458333333,0.234200020833333,23.9004375,23.6593958333333,24.1193333333333,6.65232963541667,1.86463125,"actual",309,"2019"
2019-11-06,-3.07449125,26.8582279166667,97.8271159583333,2.912595,70.5874895833333,19.616,15.194,24.962,0,474.480223809524,0.21001875,0.277104895833333,0.220110395833333,24.0198125,24.206,25.0876666666667,6.77094687916667,1.98021041666667,"actual",310,"2019"
2019-11-07,-2.17697858333333,27.6152200208333,73.1238517708333,3.24689520833333,79.4656458333333,19.4403125,16.048,24.724,0,379.462309523809,0.210007645833333,0.276962520833333,0.206265875,24.1974583333333,24.7513333333333,25.2744583333333,6.47686015625,2.62617916666667,"actual",311,"2019"
2019-11-08,-3.51940464583333,35.2448847916667,87.9168743958333,2.880399375,77.7966,19.0591875,16.043,23.764,0,440.605161904762,0.210455583333333,0.274957229166667,0.197349458333333,24.3298125,24.8956666666667,25.5646041666667,7.51939034791667,3.0340625,"actual",312,"2019"
2019-11-09,-3.62114560416667,33.4067966666667,81.3296182708333,2.81833145833333,75.9718833333333,18.9207291666667,13.926,23.975,0,402.849066818182,0.209688895833333,0.272881958333333,0.186245854166667,24.44975,25.0625,25.6451666666667,7.44688464583333,3.23372083333333,"actual",313,"2019"
2019-11-10,-3.22979377083333,31.5946919375,68.6658446666667,3.1345475,81.6381791666667,19.0059583333333,15.808,23.617,0,364.3496,0.212463291666667,0.271329854166667,0.17623475,24.6903958333333,25.1248541666667,25.3311041666667,7.02475797916667,3.13197708333333,"actual",314,"2019"
2019-11-11,-3.527248375,45.655798125,77.3612924791667,3.73824541666667,81.1340229166667,19.136875,15.978,23.858,0,397.207313636364,0.21286325,0.2696930625,0.1645166875,24.7199375,25.1267708333333,25.5286041666667,7.30942866875,2.67825208333333,"actual",315,"2019"
2019-11-12,-2.95936575,39.5095020833333,80.590845,3.30010270833333,83.5510020833333,18.7748541666667,16.062,22.701,0,346.465127272727,0.211311854166667,0.267581958333333,0.151023604166667,24.8707291666667,24.9127083333333,24.4646041666667,6.83818569375,2.28386666666667,"actual",316,"2019"
2019-11-13,-1.992163625,27.5924988958333,73.3760970212766,3.576445625,88.7706104166667,18.0980625,15.583,22.249,0,284.529070869565,0.211234708333333,0.2632450625,0.1456305625,24.9,24.2676875,23.695125,6.30289556041667,2.01255,"actual",317,"2019"
2019-11-14,-1.66855714583333,33.2261835416667,75.444131875,4.05929479166667,89.8785625,17.9600833333333,15.523,22.282,0,325.458095238095,0.212135395833333,0.260953479166667,0.141797270833333,24.8524791666667,23.8367291666667,23.3251458333333,6.06638667291667,1.896375,"actual",318,"2019"
2019-11-15,3.76229,-2.16274,2.36732,1.86175,98.5507,16.526,16.526,16.526,0,352.057818580679,0.2131,0.259833,0.1396,24.7,24.197,21.965,0,1.7418875,"filled",319,"2019"
2019-11-16,-5.03508511904762,48.4428784761905,100.111746452381,4.95643571428571,75.81655,19.8058333333333,16.034,23.906,0,467.303438095238,0.209349976190476,0.255734142857143,0.138666642857143,24.6978571428571,24.3047142857143,25.5929285714286,7.3040687125,1.93176041666667,"actual",320,"2019"
2019-11-17,-3.77949041666667,41.8287007916667,71.8924254583333,3.87190545833333,78.11031875,19.0113541666667,14.288,24.055,0,435.698142857143,0.209574208333333,0.25381525,0.135633375,24.6961666666667,24.6286041666667,25.2038125,7.08366706458333,2.11380833333333,"actual",321,"2019"
2019-11-18,-3.718379375,44.9662533333333,69.5794277291667,3.84320479166667,78.2870625,19.2567083333333,15.258,24.253,0,427.684304761905,0.210536333333333,0.250780020833333,0.13246825,24.7,24.9335416666667,25.70525,6.97155764375,2.20822083333333,"actual",322,"2019"
2019-11-19,-3.5712043125,49.3930599583333,67.8179825,3.81339654166667,82.3209520833333,19.2290416666667,15.86,23.998,0,393.954695454545,0.212070833333333,0.247955479166667,0.129802770833333,24.7482083333333,25.3046666666667,26.0584791666667,6.91978303333333,2.11031666666667,"actual",323,"2019"
2019-11-20,-2.49957523404255,42.8569247916667,94.5806540425532,2.8304415,82.8512333333333,18.865375,15.259,24.864,0,438.368355,0.212304875,0.242760375,0.1260659375,24.8992708333333,25.2171666666667,25.3368958333333,6.64952596666667,2.19385208333333,"actual",324,"2019"
2019-11-21,-4.17653210810811,36.3376905416667,111.174065,2.30119316666667,83.2697895833333,19.8651666666667,16.627,24.889,0,393.398287727273,0.2104721875,0.238818708333333,0.124402041666667,24.9381458333333,25.2755625,25.6837291666667,6.66227622708333,2.54563333333333,"actual",325,"2019"
2019-11-22,-4.260446,40.6850780625,118.47137,3.15819791666667,84.5719541666667,19.6916666666667,15.39,24.425,0,497.323030454545,0.209786104166667,0.236739604166667,0.260982645833333,25.0804375,25.0864166666667,25.2148333333333,7.58361834166667,2.00860625,"actual",326,"2019"
2019-11-23,0.279586775,27.0869364375,56.218315025,2.14358020833333,92.7804583333333,17.7228541666667,15.471,20.758,0,252.332742105263,0.2122256875,0.303886145833333,0.307465270833333,25.0999166666667,24.2732291666667,22.8971041666667,4.19007091666667,0.868485833333333,"actual",327,"2019"
2019-11-24,-1.58253347916667,20.022218875,72.6018324130435,2.46350685416667,86.9636125,18.2479791666667,14.927,23.508,0,294.826347619048,0.270890979166667,0.324288229166667,0.300032625,24.8899583333333,23.1842916666667,22.5485833333333,5.03972069166667,0.581964375,"actual",328,"2019"
2019-11-25,-5.66426851351351,20.386599125,91.0723060277778,2.03742125,88.5391083333333,17.4722083333333,15.086,22.912,0,333.897128636364,0.2966309375,0.496694958333333,0.363358416666667,24.4173125,22.9663541666667,22.5376041666667,5.32889994166667,0.989889375,"actual",329,"2019"
2019-11-26,-3.27914953125,18.6274818291667,103.5062903125,2.74926989583333,85.55510625,17.7250625,15.014,21.993,0,324.168817619048,0.307118214285714,0.557829770833333,0.362659520833333,23.9344791666667,22.3351875,22.0644375,5.53106120625,1.83298958333333,"actual",330,"2019"
2019-11-27,-3.20505854166667,37.1036455833333,113.461789666667,4.19729520833333,77.0752916666667,18.954375,15.618,23.385,0,467.249826086957,0.291895625,0.437544541666667,0.319428916666667,23.7,22.5255,22.901125,7.379563,3.28756041666667,"actual",331,"2019"
2019-11-28,-2.31723777083333,38.0984827291667,103.956891630435,3.42749041666667,81.90194375,18.3611041666667,14.341,23.177,0,448.164482608696,0.2849061875,0.410292395833333,0.293838125,23.7,23.0052291666667,23.5814583333333,7.53480814583333,3.52383958333333,"actual",332,"2019"
2019-11-29,-1.05964664583333,24.9737724166667,86.4753164583333,2.28560091666667,85.1626083333333,18.62225,14.355,24.026,0,347.610747619048,0.281159041666667,0.398802145833333,0.2749188125,23.7242916666667,23.3421875,23.5226041666667,5.21856194583333,2.35877708333333,"actual",333,"2019"
2019-11-30,-2.76771655555556,18.6858275416667,74.009955673913,2.76747791666667,92.68013125,18.0896458333333,15.944,22.546,0,269.294272727273,0.287482666666667,0.473938895833333,0.3484610625,23.7992916666667,23.1456875,22.7511666666667,4.13694145416667,1.59109166666667,"actual",334,"2019"
2019-12-01,-3.80257661290323,57.2214581555556,115.558548857143,3.98683291666667,91.1649666666667,18.0297291666667,15.754,22.0700000000001,0,417.38093,0.301409583333333,0.518661645833333,0.36949875,23.6516666666667,22.30625,21.8492916666667,5.53564458958333,1.204078125,"actual",335,"2019"
2019-12-02,-1.3242599925,22.6980542291667,79.1612098292683,2.39133708333333,91.1126729166667,18.177375,15.726,22.362,0,251.087898695652,0.293826458333333,0.51314825,0.365393208333333,23.5007708333333,22.2147916666667,21.6983958333333,4.58546517083333,0.827515833333333,"actual",336,"2019"
2019-12-03,-2.93035472916667,26.3774826583333,78.0159825,2.96512666666667,89.5382479166667,18.5045625,15.931,23.083,0.7,319.462098636364,0.292747395833333,0.493097,0.353417125,23.5,22.3277291666667,21.989375,5.12335399375,0.452381458333333,"actual",337,"2019"
2019-12-04,-2.95173845833333,29.4755342291667,89.9268135416667,1.98793227083333,83.9624125,19.3177291666667,15.667,24.27,1.9,409.5941685,0.2879746875,0.481254270833333,0.350446958333333,23.5,22.7016041666667,22.9642291666667,5.38793498125,0.280488333333333,"actual",338,"2019"
2019-12-05,-3.84166762790698,21.5696280208333,66.6408409,1.6571061875,91.0910520833333,18.1344791666667,15.011,22.242,0,241.343273913043,0.287226854166667,0.524718166666667,0.384146666666667,23.5016458333333,22.9448333333333,22.4391666666667,4.3043644625,0.360721666666667,"actual",339,"2019"
2019-12-06,-3.89880906976744,33.4367433125,117.62903427907,2.56813720833333,86.59819375,18.9696041666667,15.284,23.356,0,370.432852380952,0.293751375,0.530377770833333,0.3949041875,23.5033958333333,22.5801458333333,22.5921875,5.96890499791667,0.59014125,"actual",340,"2019"
2019-12-07,-2.28400620588235,12.4512594166667,77.2284822222222,2.62828983333333,90.1072104166667,18.5540625,16.054,21.78,0,211.110562173913,0.291711125,0.540886083333333,0.392769479166667,23.5,22.5367291666667,22.0177291666667,4.33713284375,0.880338333333333,"actual",341,"2019"
2019-12-08,-0.994793477272727,15.27809875,74.4012597142857,1.9911881875,87.72508125,18.4547083333333,14.906,23.413,0,298.763869545455,0.293206854166667,0.550411104166667,0.400553479166667,23.5,22.2540208333333,22.3002708333333,4.84621750416667,0.953863125,"actual",342,"2019"
2019-12-09,-2.75319064583333,13.5279724104167,65.1715422222222,2.38572477083333,89.3756916666667,18.6214375,16.072,23.391,0,243.023815714286,0.292054208333333,0.545320145833333,0.397236833333333,23.4968958333333,22.4717708333333,22.2636458333333,4.49686916875,0.757911041666667,"actual",343,"2019"
2019-12-10,-3.9450848372093,17.6517564893617,68.8083453463415,2.8226791875,94.14185625,17.6482083333333,16.339,20.492,0,253.035954545455,0.290967666666667,0.535729520833333,0.393667541666667,23.47025,22.2495625,21.6838125,4.87750263125,1.34008520833333,"actual",344,"2019"
2019-12-11,-3.10438572916667,33.1075141666667,90.1654059375,3.12908789583333,88.6825020833333,18.1104166666667,15.52,22.708,0,389.311013636364,0.290743291666667,0.535418770833333,0.389945666666667,23.312125,22.1901666666667,22.1109583333333,6.80234132083333,3.17455625,"actual",345,"2019"
2019-12-12,-3.02013935416667,38.0758092291667,103.3092701375,2.92113702083333,87.5751541666667,18.2056458333333,14.156,23.7,0,467.717771428571,0.2875778125,0.4741569375,0.363813208333333,23.3,22.3956666666667,22.5105,7.43986374791667,4.06343958333333,"actual",346,"2019"
2019-12-13,-2.82956833333333,38.9895316458333,109.4912800625,3.061980375,83.6467375,18.8473333333333,14.949,23.971,0,481.553845454545,0.285973583333333,0.450976395833333,0.340785416666667,23.3107916666667,22.8779583333333,23.4501041666667,7.35523386666667,3.54024583333333,"actual",347,"2019"
2019-12-14,0.0612750212765958,33.6171067708333,88.064047125,3.2377279375,88.1807166666667,18.1544583333333,14.921,22.629,3.7,367.676686363636,0.283190041666667,0.436542854166667,0.314618229166667,23.4498958333333,23.1784375,23.1333541666667,6.3338160875,3.3321625,"actual",348,"2019"
2019-12-15,-1.19797904166667,26.3874154583333,75.7660685416667,2.78153585416667,87.8835333333333,18.2167291666667,15.093,22.946,5.1,315.581472608696,0.282279125,0.429448604166667,0.294562520833333,23.5014375,22.8386458333333,22.2858958333333,6.64297842916667,4.03869166666667,"actual",349,"2019"
2019-12-16,-2.35785314583333,34.3263522708333,90.9475894166667,2.5308039375,82.4529791666667,18.7447083333333,15.02,23.641,0.6,421.847560869565,0.281818770833333,0.424010416666667,0.2950868125,23.5043958333333,22.8600833333333,23.1968125,8.03336493958333,4.49755625,"actual",350,"2019"
2019-12-17,-1.20746174468085,22.9103299583333,85.06685625,3.02211791666667,84.3611895833333,18.5759791666667,15.306,23.331,0,332.725243478261,0.280490333333333,0.416425208333333,0.281691604166667,23.589125,23.0259583333333,22.8843333333333,6.90490057916667,4.24758125,"actual",351,"2019"
2019-12-18,-1.107799375,32.4433398333333,103.0048458125,3.85651208333333,79.9047291666667,19.0415,15.824,23.611,0,448.47688826087,0.2781770625,0.4109416875,0.2631333125,23.6858125,23.2626041666667,24.0028125,7.6475152875,3.68592916666667,"actual",352,"2019"
2019-12-19,-1.62143702083333,31.4652022916667,104.330973660417,3.39458547916667,71.31736875,18.1445625,13.598,23.351,0,461.995422727273,0.277899291666667,0.406258375,0.2436298125,23.6995208333333,23.4882291666667,23.9543333333333,6.67772850416667,2.43056458333333,"actual",353,"2019"
2019-12-20,-2.67576708333333,31.2499422916667,97.328371875,3.58657247916667,73.4355125,18.5191666666667,13.564,23.937,0,454.476731818182,0.276170166666667,0.401093083333333,0.225491,23.7,23.3721875,23.8588541666667,6.91106064583333,2.15631875,"actual",354,"2019"
2019-12-21,-2.37581345833333,23.0536651041667,61.2554235208333,2.8756481875,86.00364375,18.3814166666667,14.96,23.578,3.1,296.195023809524,0.278648583333333,0.396366645833333,0.208690958333333,23.7,23.4221458333333,23.300625,5.85738907083333,2.57758333333333,"actual",355,"2019"
2019-12-22,-2.977768875,29.6339653958333,63.4217696041667,3.07785927708333,88.4824041666667,18.2127916666667,15.16,22.454,0,310.186886363636,0.275488895833333,0.390793020833333,0.200237395833333,23.7,22.9849791666667,22.5079583333333,6.80763088541667,2.84384791666667,"actual",356,"2019"
2019-12-23,-2.83562183333333,33.7969031875,82.9013416458333,3.4141441875,86.1870291666667,18.8538333333333,15.222,23.565,7.2,404.0893,0.276320145833333,0.3869715625,0.194765270833333,23.7,23.0584583333333,23.5246041666667,7.97596629791667,3.00023541666667,"actual",357,"2019"
2019-12-24,-1.68793772916667,18.6630871041667,68.3895334375,2.7681996875,87.0176541666667,19.0585833333333,15.764,22.865,0.1,280.38049047619,0.272820145833333,0.382222895833333,0.197866,23.7,23.22625,22.9455,6.38114202916667,3.50443125,"actual",358,"2019"
2019-12-25,-4.60714542553191,33.7951368958333,103.58445606383,3.0152183125,84.9901083333333,19.3473333333333,15.186,23.961,5.1,392.782756521739,0.273622208333333,0.3789403125,0.208627083333333,23.7,23.1705833333333,23.4011666666667,9.45997807916667,4.4457875,"actual",359,"2019"
2019-12-26,-2.60194270833333,28.4152891875,88.128255125,1.85566327083333,86.7582375,18.8351041666667,14.178,24.069,14.3,409.29838,0.273814166666667,0.375504166666667,0.2419686875,23.7,23.38025,23.583,8.74065955625,4.98412291666667,"actual",360,"2019"
2019-12-27,-5.54433584680851,37.2667816458333,95.09262625,2.389711125,85.94676875,20.0258125,16.843,25.15,36.7,378.519366818182,0.271850666666667,0.382968041666667,0.326556916666667,23.7,23.7439375,24.2535208333333,9.17546804166667,5.3889125,"actual",361,"2019"
2019-12-28,-1.66622355319149,44.447470625,89.8791945833333,2.30606664583333,87.629175,19.2393125,16.701,24.566,16.4,354.088235238095,0.2741881875,0.513966625,0.37276175,23.8294583333333,23.7857916666667,23.8482708333333,7.87711182083333,4.76625833333333,"actual",362,"2019"
2019-12-29,-5.03016983333333,23.1035404854167,90.4369073125,3.30895860416667,83.6308,19.780125,17.049,23.96,0.2,355.178668181818,0.277427083333333,0.5009868125,0.361697229166667,23.9,23.7817291666667,23.7503333333333,8.19724937291667,3.57097291666667,"actual",363,"2019"
2019-12-30,-4.187945,25.9001972916667,92.54111564,3.4028503125,80.3310520833333,18.6861875,14.018,23.165,0,439.38431,0.2761959375,0.447420833333333,0.331729854166667,23.9,23.339375,23.0122916666667,7.86136614583333,2.56847083333333,"actual",364,"2019"
2019-12-31,-3.60521595833333,29.7660847916667,89.3717239375,2.92408397916667,81.1128083333333,18.5310208333333,14.558,23.5,0,428.51090952381,0.277158333333333,0.431736145833333,0.312138791666667,23.9,23.0555208333333,22.8549166666667,7.65114374583333,2.36955625,"actual",365,"2019"
2020-01-01,-2.50741241666667,28.6320697916667,111.560867875,3.4381266875,74.5908416666667,18.8652083333333,14.267,24.059,0,469.5304,0.276780583333333,0.420436833333333,0.293727729166667,23.8976041666667,23.3071666666667,23.7357083333333,7.46360423125,2.83575416666667,"actual",1,"2020"
2020-01-02,-1.70033922916667,29.372681875,91.7000116041667,3.61608370833333,80.34375,18.5978125,15.093,24.196,0,445.124571428571,0.274463166666667,0.415765270833333,0.2718319375,23.8869791666667,23.438625,23.627125,7.92979507708333,3.91252083333333,"actual",2,"2020"
2020-01-03,-1.42505212765957,30.0435737021277,88.2031513617021,3.54038989361702,82.5471234042553,18.8684680851064,14.791,23.393,0.00919148936170213,376.669340909091,0.274,0.411902872340426,0.252140425531915,23.8956808510638,23.4938936170213,23.6043617021277,8.02326063958333,4.21339166666667,"actual",3,"2020"
2020-01-04,-3.03185404166667,37.2973155,96.3113852083333,3.12314564583333,83.6341520833333,18.3518125,14.912,22.963,0,394.625060454545,0.274128770833333,0.406586729166667,0.236405854166667,23.8986875,23.5120208333333,23.819375,7.873559625,3.45271041666667,"actual",4,"2020"
2020-01-05,-4.17682645833333,33.2099894791667,101.1544759375,2.53834347916667,81.44645,19.0610416666667,13.758,24.797,0,461.1195,0.272278979166667,0.402560208333333,0.222243958333333,23.8996666666667,23.7159166666667,24.5540416666667,8.573923475,3.10427083333333,"actual",5,"2020"
2020-01-06,-5.59548568181818,36.1193336041667,113.298121717391,2.81147720833333,84.3703395833333,19.7287291666667,16.043,25.177,0.107,427.262154545455,0.271531770833333,0.398992666666667,0.217654520833333,23.9,24.3446041666667,25.2772916666667,8.77315014166667,2.90311666666667,"actual",6,"2020"
2020-01-07,-2.93084630434783,27.6934711276596,88.8686002173913,3.27501814893617,91.0334489361702,18.6471489361702,16.181,22.577,0.0439148936170213,324.77540952381,0.272336531914894,0.394989595744681,0.314191340425532,24.0575319148936,24.0381063829787,23.5062978723404,7.23746646875,2.30581666666667,"actual",7,"2020"
2020-01-08,-2.54300552380952,23.4027949765957,121.11530742,3.24778785416667,90.80035625,17.8481666666667,15.513,21.769,0.117,286.960218695652,0.273372625,0.387838854166667,0.347439479166667,24.1916666666667,23.0802708333333,22.10625,6.97332119375,1.82631458333333,"actual",8,"2020"
2020-01-09,-5.55598160416667,22.007395375,65.4787760625,2.2443093125,88.791475,18.2946875,14.918,23.682,0.026,342.418547619048,0.272596541666667,0.387988229166667,0.33644925,23.9089583333333,22.630875,22.364625,7.22552804791667,1.86655625,"actual",9,"2020"
2020-01-10,-3.7553093125,27.1629295,96.6109764583333,2.2041709625,85.9871666666667,19.3340416666667,15.431,25.038,0.001,406.304954545455,0.271,0.388619458333333,0.3237979375,23.8286875,22.9950625,23.3755416666667,8.0961996,2.54417291666667,"actual",10,"2020"
2020-01-11,-2.79091830434783,25.0683376521739,108.053992586957,2.3355992173913,80.3784739130435,19.7930217391304,14.857,25.569,0,437.530522380952,0.271000717391304,0.389144891304348,0.305660086956522,23.7038260869565,23.5755869565217,24.408347826087,7.98082777708333,2.79021041666667,"actual",11,"2020"
2020-01-12,-1.66394875,30.6343917083333,94.1690394791667,1.72602971458333,80.7803520833333,19.9211875,15.9690000000001,26.216,0,491.234368421053,0.271001395833333,0.388423791666667,0.286957854166667,23.8397083333333,23.9858125,24.7121041666667,7.96594739375,2.67755625,"actual",12,"2020"
2020-01-13,0.742650223255814,14.2441593191489,71.648851173913,2.43555689583333,88.7716145833333,18.1388125,15.618,23.121,0.174,290.944675,0.2719840625,0.443277083333333,0.357111791666667,23.9011458333333,23.7719166666667,23.2332291666667,5.645215275,2.85455,"actual",13,"2020"
2020-01-14,-4.18278239583333,28.31970495625,89.2442461458333,3.32563116666667,86.08804375,19.1651666666667,15.589,23.345,0,401.381498571429,0.270965979166667,0.436471541666667,0.335384083333333,23.9033125,23.3380625,23.1527083333333,8.72365072916667,4.26720833333333,"actual",14,"2020"
2020-01-15,-4.51510958333333,34.1661302708333,107.634497625,3.50539604166667,83.2713770833333,19.66325,16.054,24.299,0,473.97455,0.268456145833333,0.421812458333333,0.317949958333333,23.9,23.4627708333333,24.0642708333333,10.4197191666667,5.07778958333333,"actual",15,"2020"
2020-01-16,-2.5325793125,23.529542625,82.4157892708333,3.53935604166667,85.1534958333333,19.2645,15.724,23.539,0,355.04069047619,0.268043020833333,0.414452166666667,0.301748416666667,23.9,23.673125,23.6234791666667,8.71940455625,4.84215,"actual",16,"2020"
2020-01-17,-2.58115195833333,21.0670796875,72.3520370416667,2.26659697916667,83.0437958333333,19.233,15.233,24.325,0,329.108228571429,0.268092958333333,0.4089566875,0.286080125,23.90125,23.4951458333333,23.573625,8.27812808333333,5.39085625,"actual",17,"2020"
2020-01-18,-3.27684416666667,27.8444674583333,98.0883275208333,2.10746495833333,81.77878125,19.6950208333333,15.629,25.213,0,479.835352631579,0.268428770833333,0.405760020833333,0.268003375,23.900375,23.8104791666667,24.5860625,10.2866259895833,6.66065208333333,"actual",18,"2020"
2020-01-19,-4.44911991666667,25.5807173958333,93.7387755708333,2.26418285416667,80.6882979166667,19.6159583333333,14.574,25.266,0,393.970833333333,0.2692206875,0.400555145833333,0.247085395833333,24.0671458333333,24.1942708333333,24.8522083333333,10.8225368479167,7.48388541666667,"actual",19,"2020"
2020-01-20,-3.70807535416667,32.9033456875,104.49447939375,1.91482744166667,79.6505833333333,19.7736458333333,14.658,25.735,0,458.694914285714,0.270134104166667,0.396343041666667,0.229558333333333,24.2,24.4507083333333,25.4271666666667,12.0274167416667,8.01579791666667,"actual",20,"2020"
2020-01-21,-4.03148597916667,26.07964525,93.4857600208333,2.32327302083333,78.3034604166667,19.9724791666667,15.245,25.139,0,396.494757142857,0.270770854166667,0.390971541666667,0.209707604166667,24.205625,24.6558541666667,25.3026041666667,11.6094906875,8.143775,"actual",21,"2020"
2020-01-22,-4.470797875,20.9819324166667,84.2206494166667,2.66607216666667,77.1369520833333,19.7261875,16.269,23.653,0,330.991057142857,0.2708035,0.384588145833333,0.194647229166667,24.3693958333333,24.4668958333333,24.5809375,10.97964186875,7.65995416666667,"actual",22,"2020"
2020-01-23,-2.55351365531915,25.8635046666667,74.0071415416667,2.99433229166667,84.4347791666667,19.2292916666667,16.723,23.311,0,318.197127142857,0.269463208333333,0.378149291666667,0.18364025,24.4,24.2148125,24.3843541666667,10.3342487375,7.46621041666667,"actual",23,"2020"
2020-01-24,-2.91287285416667,20.5617547083333,49.9589370833333,2.20732033333333,85.08013125,18.9330625,16.766,22.385,0,210.711736521739,0.268115208333333,0.371351395833333,0.175269395833333,24.4,24.0318958333333,23.732875,8.99419443125,7.69559166666667,"actual",24,"2020"
2020-01-25,-2.29862753191489,27.524905875,59.1093501276596,2.98333160416667,85.7023041666667,18.9204166666667,16.126,23.474,0.002,296.286823809524,0.268,0.364959729166667,0.168387770833333,24.3975833333333,23.67525,23.4992083333333,9.70954731666667,6.98731041666667,"actual",25,"2020"
2020-01-26,-0.690780046511628,34.78285,73.7396051190476,3.120320875,90.60025,18.2185416666667,16.011,21.796,0.174,276.237774545455,0.2681805625,0.359763145833333,0.2557104375,24.2378541666667,23.3255208333333,22.5421041666667,8.62626256666667,5.20280416666667,"actual",26,"2020"
2020-01-27,-4.27910216666667,34.464019625,64.6425447291667,3.28547785416667,91.2876645833333,18.1158125,15.758,21.756,0.033,282.477659090909,0.267884791666667,0.353151375,0.311650041666667,24.2,22.7362916666667,21.8954791666667,8.62513965,4.32447083333333,"actual",27,"2020"
2020-01-28,-5.88750477272727,37.8548910666667,98.7440948043478,3.15502316666667,94.45813125,17.4850416666667,15.283,20.928,0.178,257.553130454545,0.265353479166667,0.4011111875,0.3431598125,23.9788958333333,22.2493958333333,21.1719166666667,7.81593678125,4.34645416666667,"actual",28,"2020"
2020-01-29,-5.25597351041667,40.3525586458333,97.5105535375,2.65793128958333,87.5720541666667,18.9668125,15.648,23.87,0,461.042642857143,0.265853041666667,0.393187895833333,0.320125416666667,23.8039583333333,22.414875,22.7354166666667,10.4048115145833,4.84395,"actual",29,"2020"
2020-01-30,-4.1587370625,44.520264375,102.076204375,2.90219591666667,86.6875458333333,19.1254583333333,16.024,23.804,0,443.796013636364,0.2659993125,0.38332225,0.302309729166667,23.7,23.0342291666667,23.4165833333333,10.3148970395833,4.98457916666667,"actual",30,"2020"
2020-01-31,-1.81151395833333,29.8765848125,98.418269375,2.44719172916667,83.3852166666667,19.5672916666667,15.4450000000001,24.686,0,377.762090909091,0.2659860625,0.374965479166667,0.2831605,23.7001458333333,23.4547708333333,23.9178333333333,9.33058154583333,5.18226458333333,"actual",31,"2020"
2020-02-01,-4.169275225,29.1138402291667,95.744535,2.394831125,86.5734666666667,18.5428125,15.064,23.725,93.099,363.928295454545,0.265998625,0.4757991875,0.356166145833333,23.8367291666667,23.2684583333333,23.2383333333333,9.03564217708333,4.96827916666667,"actual",32,"2020"
2020-02-02,-5.17702746808511,16.1950474166667,82.6677282978723,1.9461141875,83.6887791666667,18.5995208333333,15.454,24.213,0,355.735147368421,0.2687948125,0.515085833333333,0.370100645833333,23.8951041666667,23.2470416666667,23.0478958333333,7.85944218541667,5.171525,"actual",33,"2020"
2020-02-03,-5.70763583333333,35.776543125,103.835061125,2.554575125,84.82424375,18.9831666666667,15.136,24.178,0,447.031995454545,0.274117395833333,0.506922208333333,0.359497270833333,23.8738541666667,23.0248541666667,22.9900625,10.48122250625,5.60865625,"actual",34,"2020"
2020-02-04,-4.03293672916667,34.9001323333333,102.635406479167,3.18616229166667,82.5968229166667,18.9962083333333,14.466,23.998,0,419.048026086957,0.273393729166667,0.4537736875,0.3338214375,23.7303958333333,23.0954583333333,23.0726875,10.224890075,5.72251875,"actual",35,"2020"
2020-02-05,-4.5183749787234,35.43104775,107.042450276596,2.86328197916667,82.7321291666667,18.6233125,13.047,23.96,0,459.941209090909,0.274343020833333,0.4369881875,0.315616625,23.7235,23.0648541666667,23.0595,10.2121043708333,5.45592708333333,"actual",36,"2020"
2020-02-06,-4.07842891304348,37.5298976666667,120.173504979167,2.56176733541667,78.1410583333333,18.6345,14.813,24.547,0,487.281371428571,0.27308575,0.42855575,0.295932916666667,23.7152916666667,23.1982291666667,23.41775,9.61833634791667,4.8952625,"actual",37,"2020"
2020-02-07,-2.71634595744681,23.6450404042553,122.521128478261,3.7429696106383,74.5727085106383,19.147914893617,13.233,25.598,0,518.23976,0.272340468085106,0.419916829787234,0.271309382978723,23.7312340425532,23.120829787234,23.2252127659574,9.00414112916667,4.1177625,"actual",38,"2020"
2020-02-08,-2.87338574583333,25.9051964583333,105.3211089875,4.26571708333333,79.5175979166667,18.7088125,14.714,24.318,0,444.892213636364,0.271186020833333,0.414467666666667,0.249204875,23.7076041666667,23.1342083333333,23.24375,8.56487817083333,3.37998541666667,"actual",39,"2020"
2020-02-09,-4.43034944375,33.5102662145833,115.277075777083,3.10341264583333,77.126025,18.4323541666667,14.378,24.001,0,469.727383181818,0.269755583333333,0.409799979166667,0.23103125,23.7,23.1571458333333,23.465875,8.9617819125,3.0716125,"actual",40,"2020"
2020-02-10,-5.13869985416667,31.3244232916667,111.783186395833,1.91224127083333,69.58856875,18.8336666666667,12.547,25.975,0,494.418619047619,0.2702666875,0.402188208333333,0.210702125,23.7,23.1952083333333,23.5064791666667,8.78289622291667,2.90851875,"actual",41,"2020"
2020-02-11,-3.52506009583333,22.2113270208333,113.492540883333,1.9294493125,63.1414666666667,20.0021875,12.815,27.743,0,490.808128571429,0.2694868125,0.395122416666667,0.1910461875,23.7,23.3136875,23.8458333333333,8.39962711875,2.83894375,"actual",42,"2020"
2020-02-12,-4.55288529395833,29.936576625,104.717626125,2.53895941666667,74.5326645833333,20.2462291666667,13.965,26.154,0,472.93120952381,0.269314083333333,0.3859589375,0.177228270833333,23.7,23.6595833333333,24.4349166666667,8.63246293333333,3.0082375,"actual",43,"2020"
2020-02-13,-2.58210770833333,38.1819423333333,85.7830414375,3.73677104166667,85.5156083333333,19.6303125,15.651,24.615,0,402.751560869565,0.267468333333333,0.377772895833333,0.1682645625,23.800625,24.0114375,24.6296666666667,9.12954033125,3.6205,"actual",44,"2020"
2020-02-14,-3.8190875625,45.600276875,86.1118472083333,4.55424308333333,82.0524791666667,19.2813333333333,16.144,24.175,0,465.958471428571,0.266765833333333,0.368641604166667,0.1621120625,23.9,23.9339583333333,24.155875,9.68606753333333,4.28422916666667,"actual",45,"2020"
2020-02-15,-1.470806375,30.5638102083333,77.566191875,3.99678916666667,85.67349375,18.3563541666667,15.785,23.661,0,325.985481818182,0.2646939375,0.360003375,0.157003458333333,23.9,23.5841458333333,23.1291458333333,7.91830247083333,4.78547708333333,"actual",46,"2020"
2020-02-16,-2.29267594791667,31.2259929166667,77.1162102895833,2.9769324375,87.5981625,18.1916041666667,15.729,22.674,0,312.794965217391,0.264999291666667,0.3510985625,0.154323333333333,23.9,22.8837708333333,22.1605833333333,8.254884525,5.34795833333333,"actual",47,"2020"
2020-02-17,-3.78530654166667,45.1649216645833,106.48149493617,3.57307120833333,84.9798729166667,19.4125208333333,15.509,24.993,0,466.848572727273,0.2641368125,0.342500708333333,0.155657020833333,23.8639375,22.829125,22.9550416666667,10.4169021145833,6.09897083333333,"actual",48,"2020"
2020-02-18,-3.33289939791667,42.8154839166667,92.397373875,3.3252675625,82.8534708333333,19.3140416666667,14.855,24.592,0,494.145595238095,0.263674270833333,0.334013125,0.1551590625,23.7001875,23.0545,23.1885833333333,10.0875087854167,6.15522916666667,"actual",49,"2020"
2020-02-19,-2.89393520833333,48.9535714583333,95.0610779166667,3.38158602083333,82.7634666666667,19.719625,16.24,25.129,0,464.391890909091,0.263508375,0.325480604166667,0.155286770833333,23.7,23.4166875,23.801125,9.67602828541667,5.89602291666667,"actual",50,"2020"
2020-02-20,-2.68168374468085,45.1190327916667,103.839654958333,2.36676789583333,77.5890875,20.2947916666667,14.473,26.543,0,495.541531818182,0.261134770833333,0.317154916666667,0.152872875,23.8014583333333,23.7188125,24.3392708333333,9.41552278541667,5.60703958333333,"actual",51,"2020"
2020-02-21,-3.66097947916667,50.2315858125,97.4733487916667,2.71048225,78.5668645833333,20.382875,15.674,26.271,0,454.605004347826,0.2595933125,0.309938645833333,0.150834270833333,23.8995,24.1081458333333,24.9110208333333,9.2691559875,5.20022291666667,"actual",52,"2020"
2020-02-22,-2.97260327659574,39.1023932916667,65.1170492083333,3.14673372916667,85.4566583333333,19.5436875,15.713,25.242,16.548,329.884631304348,0.259171708333333,0.302909479166667,0.146974833333333,24.0291041666667,24.1549375,24.251375,7.52055877916667,4.47995,"actual",53,"2020"
2020-02-23,-2.72834841666667,46.5565185625,67.7282999166667,3.68630597916667,84.715175,19.7012291666667,16.545,24.634,1.446,340.449337826087,0.258051020833333,0.296969416666667,0.145760583333333,24.2,23.9969583333333,24.1592083333333,7.40659993541667,3.6855,"actual",54,"2020"
2020-02-24,-3.21155195833333,53.7977041666667,85.2863201041667,3.45438329166667,75.5283854166667,19.7003541666667,16.307,25.161,0.006,464.480604761905,0.25691175,0.2911,0.1438639375,24.2,23.9562083333333,24.2847083333333,7.57427475208333,3.54814375,"actual",55,"2020"
2020-02-25,-3.35147607291667,55.6431124375,88.9990619914894,1.96034148125,71.101225,20.6094166666667,14.283,27.144,0.002,448.613434761905,0.254513875,0.2847686875,0.1404631875,24.2,23.9729583333333,24.2510625,7.60065919375,4.29104375,"actual",56,"2020"
2020-02-26,0.4358425,50.0129006041667,89.9370579583333,2.64921,82.9139854166667,20.2818125,16.848,26.368,0.001,402.660579565217,0.253238895833333,0.28143125,0.138956958333333,24.2,24.1892083333333,24.3675833333333,7.5190518375,4.368725,"actual",57,"2020"
2020-02-27,-2.59639397916667,66.8873188541667,88.060484375,4.0889633125,84.7450833333333,19.7574166666667,15.887,25.47,0,461.746848636364,0.251262541666667,0.2766403125,0.137877104166667,24.2146041666667,23.9540833333333,24.0374583333333,7.82514276041667,4.01141458333333,"actual",58,"2020"
2020-02-28,-1.97695995833333,57.8447458333333,71.4281668125,3.74056352083333,79.09181875,20.0058541666667,16.428,25.482,0,435.295571428571,0.248684020833333,0.270250708333333,0.136894458333333,24.2553541666667,23.8492708333333,23.8811666666667,6.49413548958333,3.31984166666667,"actual",59,"2020"
2020-02-29,-1.87924620833333,47.6085363541667,58.9470019354167,1.91064095833333,77.35739375,20.4700625,14.514,26.991,0,354.413463636364,0.246598583333333,0.266449958333333,0.135897604166667,24.2474791666667,23.829375,23.9155,4.97231676875,2.07781041666667,"actual",60,"2020"
2020-03-01,0.475960425531915,61.4218170833333,61.9235164375,1.9063486875,82.2723229166667,20.1408541666667,15.929,27.255,0.035,291.59169,0.244947895833333,0.261700020833333,0.134136854166667,24.3004375,24.0595416666667,23.9708958333333,3.55192985416667,1.65216875,"actual",61,"2020"
2020-03-02,-1.75984879166667,39.2552146808511,77.2276656458333,2.34017804166667,86.3372875,18.8536875,15.826,25.187,22.433,350.66203,0.2455528125,0.286582020833333,0.316854854166667,24.3669375,23.3706666666667,22.7675625,4.18926281666667,1.6949,"actual",62,"2020"
2020-03-03,-1.66824572916667,40.5424716875,87.2402942083333,2.56289610416667,80.6885833333333,20.4949375,16.487,25.456,0,399.281080454545,0.243969395833333,0.287486854166667,0.294354145833333,24.2021458333333,23.37925,23.3624375,5.42364260625,2.39317708333333,"actual",63,"2020"
2020-03-04,-0.863373145833333,47.6278556041667,105.719923895833,2.06896939583333,78.1968270833333,20.5271458333333,16.727,26.123,0,429.635066666667,0.242947208333333,0.284170125,0.270510458333333,24.2,23.6145208333333,23.7129791666667,5.93932493541667,3.21628333333333,"actual",64,"2020"
2020-03-05,-1.91492433333333,36.4843361666667,118.09548975,2.65839735416667,71.1601875,19.7951458333333,15.118,27.371,0.739,437.929387727273,0.2423971875,0.280602708333333,0.2867299375,24.2,23.5811666666667,23.2834375,6.30391558541667,3.60179166666667,"actual",65,"2020"
2020-03-06,-2.93153322916667,43.2544267708333,100.757564722917,2.1077095,71.3860125,20.3375208333333,15.4,26.896,0,471.303476190476,0.242220854166667,0.275613916666667,0.2670166875,24.2,23.234875,22.9680833333333,6.61309776458333,3.9810125,"actual",66,"2020"
2020-03-07,-2.06332747083333,46.4022294583333,102.984985395833,2.741119875,74.5558895833333,20.3939166666667,15.209,27.027,0,448.568586956522,0.241359666666667,0.272890270833333,0.234192333333333,24.2,23.473875,23.5682916666667,7.0941549625,4.18939583333333,"actual",67,"2020"
2020-03-08,-1.90710854166667,63.6625670416667,91.3398936458333,3.28264422916667,84.5495875,19.974375,16.249,25.241,0,479.279210454545,0.2414953125,0.269375020833333,0.203724479166667,24.2,23.7298125,23.9539375,7.75505494375,4.21801875,"actual",68,"2020"
2020-03-09,-0.693151083333333,36.007227125,61.1220895625,2.37987629166667,86.105725,19.901375,16.921,25.396,0,317.317259090909,0.238597229166667,0.2673951875,0.182231958333333,24.2,23.8821875,23.8325,5.74384743958333,4.25995833333333,"actual",69,"2020"
2020-03-10,-1.88868075,54.8874533958333,81.8747848958333,2.860709375,81.9543520833333,20.2551666666667,16.558,25.559,0,461.439022380952,0.238437520833333,0.264399291666667,0.168291708333333,24.2,23.8190625,23.934625,7.17248480208333,4.3304125,"actual",70,"2020"
2020-03-11,-1.84564522916667,58.2931720833333,77.8319945,3.19098185416667,83.5446229166667,20.07025,15.981,25.99,0,432.068445454545,0.2365360625,0.262293,0.156514583333333,24.2,23.8667708333333,24.0033541666667,7.0277484125,3.91033541666667,"actual",71,"2020"
2020-03-12,-1.3624875625,54.4208599375,56.8662176875,3.47349202083333,84.4148166666667,19.8527083333333,16.713,25.091,0,345.830418181818,0.2348389375,0.258803479166667,0.148670166666667,24.2085,23.9069166666667,23.8484166666667,5.6880271375,3.10643958333333,"actual",72,"2020"
2020-03-13,-1.31465191304348,59.4160373191489,67.766095787234,3.34671844680851,81.9585872340426,20.1830638297872,16.541,25.71,0,404.115152380952,0.234444574468085,0.255034787234043,0.145153659574468,24.2815744680851,23.9214680851064,23.9843404255319,5.68554955833333,3.39752083333333,"actual",73,"2020"
2020-03-14,-0.663681162162162,43.6355984594595,44.5539045135135,2.552983,84.8059648648649,19.3837837837838,14.631,25.857,0.00648648648648649,362.449728571429,0.233796405405405,0.252384,0.140829567567568,24.3288918918919,24.0105675675676,23.8184054054054,3.4942355625,3.9697375,"actual",74,"2020"
2020-03-15,-2.11237420454545,105.048142272727,74.5368831363636,1.86243840909091,80.5703227272727,20.4797272727273,16.057,26.938,0,455.2231,0.2316,0.247948590909091,0.138146954545455,24.3980909090909,23.988,24.1446818181818,4.14000807291667,4.98687708333333,"actual",75,"2020"
2020-03-16,-1.53108279166667,97.16719875,66.3626204166667,2.4795315,80.6366625,20.8169166666667,15.913,28.211,0,434.753028571429,0.230711125,0.244059666666667,0.13525425,24.4,24.3299583333333,24.36975,4.31851334375,6.14050208333333,"actual",76,"2020"
2020-03-17,-0.161717,45.2925495833333,36.350038875,3.23719908333333,84.3230375,20.2639583333333,17.176,25.809,0,418.438571428571,0.229405541666667,0.239062541666667,0.134340333333333,24.54825,24.82675,25.3055833333333,2.00869732708333,5.375625,"actual",77,"2020"
2020-03-18,-0.250632291666667,60.9890233333333,41.6186958333333,3.90366083333333,79.2890916666667,20.137,16.055,25.718,0,407.6181125,0.229122291666667,0.234836125,0.131669458333333,24.7,24.7662916666667,25.19075,1.88906726041667,4.03338125,"actual",78,"2020"
2020-03-19,-1.64447018181818,94.4413364545454,89.6893290909091,3.41701227272727,82.4583318181818,19.3370909090909,15.327,25.396,0.0261818181818182,387.0441,0.228800454545455,0.229786681818182,0.129314863636364,24.7,24.3017272727273,23.6241818181818,2.75888076458333,2.95450416666667,"actual",79,"2020"
2020-03-20,-2.46046195833333,114.854625083333,65.4150987083333,3.58414791666667,80.97615,19.8052083333333,15.529,26.221,0,434.777485714286,0.227955541666667,0.225856958333333,0.126608333333333,24.7,24.0664166666667,23.5799166666667,2.72529439166667,2.86482291666667,"actual",80,"2020"
2020-03-21,0.631040647826087,67.4692295652174,50.0321955217391,3.59626130434783,77.7474260869565,19.5063043478261,15.85,25.09,0.0271304347826087,505.421171428571,0.226834782608696,0.223762391304348,0.126299913043478,24.7,24.4745217391304,24.5087391304348,1.42521272708333,2.96663958333333,"actual",81,"2020"
2020-03-22,-0.138728245833333,72.2515054166667,40.0827442083333,3.0015275,71.6610541666667,19.5705416666667,15.35,25.098,0,462.2074125,0.226438916666667,0.218968083333333,0.124565333333333,24.700375,24.3697083333333,24.6745833333333,1.53743543125,3.13469166666667,"actual",82,"2020"
2020-03-23,-1.98894839130435,134.937210869565,63.0117546521739,2.725362,74.4645304347826,20.0474347826087,14.282,26.848,0,455.015828571429,0.225449304347826,0.216339130434783,0.122740565217391,24.700347826087,24.1194782608696,23.6957391304348,2.80050805833333,3.6227125,"actual",83,"2020"
2020-03-24,-0.552637045454546,89.7351331818182,47.1738789090909,2.90285131818182,78.22705,20.2292272727273,15.973,26.704,0,343.9928,0.223853,0.213324272727273,0.122248454545455,24.7517727272727,24.5017272727273,24.203,2.422994875,4.8496625,"actual",84,"2020"
2020-03-25,1.35696616,34.72026576,17.39016,2.449266,75.217156,20.50252,16.357,26.196,0,315.294285714286,0.22441452,0.20851888,0.12136596,24.89892,24.6732,24.40144,1.25193614583333,4.88448125,"actual",85,"2020"
2020-03-26,0.939561565217391,53.09012125,33.5366197391304,2.15307575,79.7088583333333,19.9850833333333,15.441,26.751,0.322,286.62017125,0.223155416666667,0.207606125,0.12523325,24.9,24.3047083333333,23.8129166666667,1.14502837708333,4.34381875,"actual",86,"2020"
2020-03-27,2.92429017391304,54.9213926086957,70.4464804347826,2.27585826086957,85.3256652173913,18.7812608695652,15.747,24.9690000000001,0.0396521739130435,319.499684615385,0.224325869565217,0.204511608695652,0.313332347826087,24.8921739130435,23.4148695652174,22.0626086956522,1.95316561666667,4.16927083333333,"actual",87,"2020"
2020-03-28,0.500850208333333,57.0784060916667,63.2215632916667,1.72726579166667,83.483975,19.733375,16.339,24.857,0,271.81145,0.22427775,0.202413833333333,0.28676675,24.70675,23.229,22.4175416666667,2.56007807916667,5.71620625,"actual",88,"2020"
2020-03-29,-2.27434909090909,30.4247720434783,69.1543769565217,2.58472495652174,80.7070739130435,18.9702608695652,14.046,25.289,0.229565217391304,437.573,0.222646434782609,0.193021695652174,0.336004391304348,24.6174347826087,23.1418260869565,22.5903913043478,1.99449096458333,5.9030625,"actual",89,"2020"
2020-03-30,-2.70531669565217,84.4022157826087,116.920646608696,2.40894847826087,83.6866173913044,19.9216956521739,15.37,25.894,0.00208695652173913,437.068635714286,0.22329447826087,0.187723043478261,0.324314565217391,24.4,22.789652173913,22.1546086956522,3.91533746875,5.23547083333333,"actual",90,"2020"
2020-03-31,1.42485458333333,38.05741225,67.82123325,3.56142304166667,82.7573958333333,20.2440416666667,17.009,24.885,0,430.2244,0.222509791666667,0.192286083333333,0.298723666666667,24.281875,23.3191666666667,23.338375,2.12642273541667,4.31397291666667,"actual",91,"2020"
2020-04-01,-2.83090909090909,83.7248565,136.594325954545,3.01453459090909,80.8002409090909,20.1204090909091,15.329,25.561,0.00218181818181818,438.756278571429,0.221257636363636,0.195940954545455,0.279893954545455,24.2,22.9773181818182,22.4428181818182,3.54636778333333,3.02823125,"actual",92,"2020"
2020-04-02,-2.82112958333333,58.0042026666667,94.5237054166667,2.362772375,86.4516291666667,19.2842916666667,14.246,24.999,0,392.296657142857,0.222140291666667,0.201545875,0.256258166666667,24.2,23.053625,22.32975,3.19169283541667,2.30368541666667,"actual",93,"2020"
2020-04-03,-0.168047916666667,34.014564125,71.8250841666667,3.11698979166667,80.1356416666667,19.616,16.518,24.577,0,426.8756125,0.223006958333333,0.205137541666667,0.232065291666667,24.2,23.380375,23.4308333333333,2.05348276666667,2.39839375,"actual",94,"2020"
2020-04-04,-0.647604318181818,40.2834361363636,74.1923599363636,3.32161881818182,81.2535863636364,19.4949545454545,15.388,24.531,0,451.4931875,0.223065318181818,0.206574,0.212467454545455,24.2,23.3952272727273,23.2921363636364,2.217033825,2.35329791666667,"actual",95,"2020"
2020-04-05,-4.91699239130435,69.9044373913044,109.460592173913,3.10361913043478,81.2349260869565,19.6513043478261,15.368,25.354,0,410.324042857143,0.222735043478261,0.207482608695652,0.194721695652174,24.2,23.1299130434783,22.5683913043478,4.00853735,2.17746666666667,"actual",96,"2020"
2020-04-06,-3.76533193043478,63.9632780869565,106.338002217391,3.256202,84.3316043478261,19.5861739130435,16.054,25.315,0.00208695652173913,408.019069230769,0.222325956521739,0.210124652173913,0.180621782608696,24.2,23.2950869565217,22.7169565217391,3.69996889791667,1.92460416666667,"actual",97,"2020"
2020-04-07,0.2575392,27.65677944,45.47084064,3.05944048,88.052736,19.49232,17.261,23.814,0,305.6059,0.22182932,0.21108664,0.16887864,24.2,23.43344,23.0822,1.60093800833333,1.61998541666667,"actual",98,"2020"
2020-04-08,0.224294625,41.4718854583333,62.867210875,3.258473125,80.133525,19.879375,16.099,24.923,0,484.465657142857,0.220901291666667,0.210136125,0.161062541666667,24.2,23.3108333333333,23.4464166666667,1.93556203541667,1.37285,"actual",99,"2020"
2020-04-09,-4.24121717391304,71.8146413043478,90.01996,2.79784434782609,80.7014391304348,19.4359130434783,14.565,25.312,0,375.023064285714,0.220574391304348,0.209340565217391,0.154442565217391,24.2,23.2176956521739,22.495652173913,3.3751338625,1.16231416666667,"actual",100,"2020"
2020-04-10,-0.0760447826086957,38.5871470869565,54.1254117391304,2.85263886956522,77.383247826087,19.8200434782609,15.715,24.828,0,439.624783333333,0.220449391304348,0.210492739130435,0.148791304347826,24.2,23.3917391304348,23.311,1.34479448333333,1.35478104166667,"actual",101,"2020"
2020-04-11,-4.04422891304348,96.6795534782609,84.1754282608696,2.40790673913043,75.8107434782609,19.8380869565217,14.446,26.309,0,431.693278571429,0.220518782608696,0.20956952173913,0.143660826086957,24.2,23.0585217391304,22.1990869565217,3.21730133125,2.18417291666667,"actual",102,"2020"
2020-04-12,-1.91093573478261,78.6305971869565,63.2538295652174,2.01921734782609,77.8863173913043,19.7121304347826,13.394,26.147,0,350.852514285714,0.221157956521739,0.209695652173913,0.140721739130435,24.199347826087,23.0706086956522,22.3920869565217,2.77121914791667,2.2792,"actual",103,"2020"
2020-04-13,1.3070484,16.256616,26.12449376,2.57182632,84.547272,19.8422,16.24,24.761,0,232.216785714286,0.22168544,0.21106928,0.13821736,24.19912,23.39432,23.06756,0.956709029166667,1.5896125,"actual",104,"2020"
2020-04-14,0.953911,32.1440423333333,21.523868125,2.18975241666667,82.1381833333333,19.6619583333333,15.749,26.3200000000001,0,253.774738571429,0.221940333333333,0.210277625,0.1366185,24.1971666666667,23.3106666666667,23.2337083333333,0.785272039583333,1.04015583333333,"actual",105,"2020"
