source	id	datetime	dC_ch4_emis[kgCha-1]	dC_co2_emis_auto[kgCha-1]	dC_co2_emis_hetero[kgCha-1]	dC_doc_leach[kgCha-1]	dN_don_leach[kgNha-1]	dN_no3_leach[kgNha-1]	dN_nh4_leach[kgNha-1]	dN_no_emis[kgNha-1]	dN_n2o_emis[kgNha-1]	dN_n2_emis[kgNha-1]	dN_nh3_emis[kgNha-1]	dN_n2_fix[kgNha-1]	dC_co2_fix[kgCha-1]	dS_so4_leach[kgSha-1]	dC_litter_above[kgCha-1]	dC_litter_below[kgCha-1]	dN_litter_above[kgNha-1]	dN_litter_below[kgNha-1]	dN_deposition[kgNha-1]	dN_plant_uptake[kgNha-1]	dN_mineral[kgNha-1]	dN_nitrify[kgNha-1]	dN_denitrify[kgNha-1]	dN_chemodenitrify[kgNha-1]	C_plants[kgCha-1]	C_soil[kgCha-1]	C_soil_20cm[kgCha-1]	C_soil_30cm[kgCha-1]	C_aorg[kgCha-1]	C_litter_raw[kgCha-1]	C_litter[kgCha-1]	C_mic[kgCha-1]	C_sol[kgCha-1]	C_wood_above[kgCha-1]	C_wood_below[kgCha-1]	N_plants[kgNha-1]	N_soil[kgNha-1]	N_soil_20cm[kgNha-1]	N_soil_30cm[kgNha-1]	N_aorg[kgNha-1]	N_litter_raw[kgNha-1]	N_litter[kgNha-1]	N_mic[kgNha-1]	N_sol[kgNha-1]	N_wood_above[kgNha-1]	N_wood_below[kgNha-1]	anvf_mean[-]
setup	0	2015-01-01 23:00:00	7.93538e-08	5.87661	1.23024	0.00013051	3.32412e-06	2.08491e-06	3.22292e-06	0.000154987	-0.000455474	0.000798563	2.72246e-07	0	0	0	0	0.829238	0	0.00859459	0.0136256	0.587158	0.839765	0.409873	0.00505123	0.000146392	637.046	40368.5	18824.2	28551.8	45.4916	3.79563	25.7787	18.1833	3.01887	0	0	12.4654	4319.82	1431	2299.88	4.49254	0.0726244	0.557583	2.03464	0.927188	0	0	0.42351
setup	0	2015-01-02 23:00:00	1.55331e-07	12.8138	2.67666	3.73445e-05	3.23129e-06	1.12564e-05	4.0216e-07	0.000211276	0.000578631	0.0022011	1.30963e-07	0	0	0	0	5.72828	0	0.00858866	0.0136258	0.270834	0.275097	0.196137	0.00485765	0.000153851	647.641	40371.5	18826.8	28555	46.5855	4.58084	24.3996	18.192	9.12631	0	0	13.5117	4319.57	1430.86	2299.72	4.5455	0.0803827	0.528428	1.81655	1.06102	0	0	0.405595
setup	0	2015-01-03 23:00:00	4.41461e-09	7.72036	6.68343	3.80683e-05	7.61863e-07	1.94118e-05	8.88617e-08	0.000243167	0.00102569	0.00276924	1.12382e-07	0	0	0	0	0.841933	0	0.00930955	0.0136324	0.242798	0.292055	0.196496	0.00594613	0.000169158	640.36	40365.7	18822.6	28549.9	47.5474	5.37001	23.0389	19.1673	5.79716	0	0	13.9732	4319.35	1430.73	2299.59	4.6242	0.088756	0.499041	1.73184	1.08383	0	0	0.385151
setup	0	2015-01-04 23:00:00	9.35747e-12	7.87567	5.75982	4.22644e-05	0	3.21647e-05	0	0.0002715	0.00126483	0.00281503	1.24083e-07	0	0	0	0	0.832468	0	0.00962756	0.0136256	0.244939	0.294225	0.202826	0.00724295	0.000177295	634.384	40360.7	18819.2	28545.8	48.8045	6.14242	21.7292	18.5179	4.85896	0	0	14.2499	4319.13	1430.6	2299.46	4.73108	0.0973848	0.470274	1.64382	1.09566	0	0	0.36794
setup	0	2015-01-05 23:00:00	4.57348e-12	8.58963	4.89844	4.48087e-05	0	4.40796e-05	0	0.000289113	0.00142871	0.00273562	1.50764e-07	0	0	0	0	0.824699	0	0.00981817	0.0136256	0.238921	0.281428	0.193988	0.00775616	0.000182878	629.981	40356.6	18816.5	28542.7	50.0367	6.89781	20.4762	17.7882	5.03003	0	0	14.4506	4318.91	1430.47	2299.35	4.83986	0.106097	0.442454	1.56457	1.11681	0	0	0.342211
setup	0	2015-01-06 23:00:00	1.23459e-12	9.41394	5.22073	3.45716e-05	0	5.41577e-05	0	0.000175332	0.000951049	0.0032692	5.94967e-08	0	0	0	0	0.89085	0	0.00995645	0.0147873	0.23573	0.285828	0.189001	0.00904091	0.000191337	626.747	40352.3	18813.8	28539.4	51.3813	7.63173	19.3072	17.1826	4.7411	0	0	14.5983	4318.69	1430.35	2299.24	4.95815	0.114724	0.416154	1.49051	1.13145	0	0	0.361113
setup	0	2015-01-07 23:00:00	4.40881e-13	9.20625	4.64747	2.86848e-05	0	5.8709e-05	0	0.000106708	0.000663546	0.00401053	2.09862e-08	0	0	0	0	0.842932	0	0.0100582	0.01374	0.212196	0.25228	0.155915	0.00988422	0.000182764	623.435	40348.5	18811.6	28536.5	52.7726	8.35676	18.3415	16.6841	4.12634	0	0	14.7092	4318.5	1430.25	2299.13	5.06492	0.123419	0.393866	1.42631	1.14044	0	0	0.397719
setup	0	2015-01-08 23:00:00	5.39274e-13	8.9367	3.80459	2.64364e-05	0	7.18794e-05	0	0.00018284	0.00106223	0.00393422	2.15935e-08	0	0	0	0	0.881483	0	0.0101347	0.0149605	0.205496	0.240203	0.153539	0.0095701	0.000169756	620.459	40345.6	18810	28534.8	54.251	9.07193	17.4088	16.2061	4.47487	0	0	14.7814	4318.31	1430.14	2299.07	5.18441	0.132142	0.372482	1.37258	1.14654	0	0	0.366768
setup	0	2015-01-09 23:00:00	2.3174e-13	9.69336	4.16116	1.78337e-05	0	7.07287e-05	0	0.000118918	0.000789982	0.0043472	1.51253e-08	0	0	0	0	1.16269	0	0.0101844	0.0137062	0.196685	0.232075	0.141136	0.00967305	0.000167945	618.575	40342.6	18808.5	28532.7	55.7026	9.77343	16.598	15.6093	4.5321	0	0	14.8292	4318.13	1430.05	2298.98	5.30144	0.140783	0.353692	1.30866	1.15307	0	0	0.388826
setup	0	2015-01-10 23:00:00	3.22898e-13	10.5271	4.64687	0.000392359	0	8.83267e-05	0	0.000213992	0.0015443	0.0040638	3.12128e-08	0	0	0	0	1.31584	0	0.0102173	0.0136256	0.208738	0.249024	0.153997	0.00932567	0.000176578	617.248	40339.2	18807	28530.5	56.9919	10.4592	15.7965	14.5772	5.17405	0	0	14.8648	4317.94	1429.95	2298.9	5.42627	0.149276	0.335232	1.22056	1.18096	0	0	0.366629
setup	0	2015-01-11 23:00:00	2.80386e-13	11.1535	5.57187	0.00561832	0	0.000103373	0	0.000263271	0.00189809	0.00367501	4.91608e-08	0	0	0	0	1.52467	0	0.0102419	0.0136256	0.229642	0.274719	0.168765	0.00941027	0.000185885	616.562	40335.2	18804.8	28527.6	57.9038	11.1327	15.0171	13.2001	6.06203	0	0	14.8954	4317.73	1429.84	2298.81	5.53743	0.157657	0.317276	1.11153	1.23723	0	0	0.34914
setup	0	2015-01-12 23:00:00	2.07908e-13	11.302	5.83125	0.0149847	0	0.000122118	0	0.000290386	0.00208379	0.00329848	6.58281e-08	0	0	0	0	1.52422	0	0.0102629	0.0136256	0.238633	0.280994	0.172438	0.00928012	0.000189777	615.969	40330.9	18802.3	28524.5	58.4274	11.7967	14.2798	12.1197	6.88942	0	0	14.919	4317.51	1429.72	2298.7	5.61793	0.16595	0.300189	1.02619	1.30188	0	0	0.331717
setup	0	2015-01-13 23:00:00	5.61466e-14	10.0332	6.31702	0.0161902	0	0.000142263	0	0.000130659	0.00067114	0.00381416	2.23531e-08	0	0	0	0	1.2285	0	0.0102792	0.0169179	0.238413	0.27584	0.165017	0.0108933	0.000180964	614.53	40325.8	18799.1	28520.9	58.7885	12.4568	13.6325	11.2821	6.53917	0	0	14.9324	4317.29	1429.59	2298.64	5.67541	0.17425	0.284947	0.960012	1.35913	0	0	0.365931
setup	0	2015-01-14 23:00:00	6.32587e-14	11.0237	5.8066	0.0139431	0	0.000141361	0	0.000199545	0.00143657	0.00386924	3.29726e-08	0	0	0	0	1.69482	0	0.0102884	0.0136256	0.234725	0.268871	0.156531	0.00955517	0.000180979	614.735	40321.6	18796.9	28517.9	59.0552	13.1033	13.048	10.4164	7.18702	0	0	14.9409	4317.07	1429.47	2298.53	5.72152	0.182393	0.271147	0.898193	1.41916	0	0	0.346762
setup	0	2015-01-15 23:00:00	5.90469e-14	11.7923	5.80711	0.017563	0	0.000148152	0	0.000248469	0.00180205	0.00337019	4.83915e-08	0	0	0	0	2.03658	0	0.0102942	0.0136256	0.237754	0.271332	0.159455	0.00920497	0.00018268	615.983	40317.9	18795	28515.2	59.1673	13.7389	12.4809	9.93451	8.19551	0	0	14.9549	4316.85	1429.36	2298.42	5.7586	0.190394	0.257797	0.857591	1.47976	0	0	0.3399
setup	0	2015-01-16 23:00:00	4.67435e-14	11.5556	6.12319	0.0192602	0	0.000162846	0	0.000272546	0.00195318	0.00299905	5.73771e-08	0	0	0	0	1.94821	0	0.010304	0.0136256	0.239507	0.274247	0.164006	0.00914579	0.000182754	616.99	40313.7	18792.8	28512.2	59.2058	14.3705	11.9547	9.80335	8.5375	0	0	14.9718	4316.63	1429.24	2298.31	5.78325	0.198339	0.245335	0.838943	1.53261	0	0	0.330272
setup	0	2015-01-17 23:00:00	3.35449e-14	11.7579	6.15703	0.024824	0	0.000179394	0	0.000286084	0.00203456	0.00262357	6.6961e-08	0	0	0	0	2.17239	0	0.0103155	0.0136256	0.241624	0.277397	0.170283	0.0089025	0.000183753	618.786	40309.7	18790.7	28509.3	59.2474	14.9988	11.4699	9.78906	8.92143	0	0	14.9929	4316.41	1429.13	2298.19	5.80324	0.206239	0.233787	0.830086	1.57995	0	0	0.317623
setup	0	2015-01-18 23:00:00	2.45829e-14	12.3574	6.30862	0.0240176	0	0.000195287	0	0.000339956	0.00238008	0.00228791	1.13377e-07	0	0	0	0	2.45394	0	0.0103301	0.0136256	0.247923	0.287539	0.182877	0.00869709	0.000190011	621.559	40305.8	18788.7	28506.6	59.3145	15.6204	11.0119	9.85781	9.45972	0	0	15.0219	4316.18	1429.01	2298.08	5.82382	0.214043	0.222855	0.827323	1.62383	0	0	0.296511
setup	0	2015-01-19 23:00:00	1.34338e-14	12.2409	6.39511	0.0313526	0	0.000213588	0	0.000333147	0.00217012	0.00197068	1.46137e-07	0	0	0	0	2.40132	0	0.0103501	0.0136256	0.253353	0.295393	0.193375	0.00860093	0.000193725	624.188	40301.8	18786.7	28503.7	59.3932	16.2408	10.5842	10.1049	9.71577	0	0	15.0591	4315.95	1428.88	2297.95	5.84105	0.221817	0.212593	0.833022	1.66362	0	0	0.282182
setup	0	2015-01-20 23:00:00	6.81744e-15	12.7806	6.39703	0.0317137	0	0.000233985	0	0.000331293	0.00199429	0.00169053	1.69042e-07	0	0	0	0	2.77922	0	0.0103757	0.0136256	0.25745	0.30209	0.201722	0.00826968	0.000197581	628.079	40298.1	18784.9	28501.1	59.5024	16.8601	10.1878	10.4304	10.2591	0	0	15.1071	4315.71	1428.76	2297.82	5.85665	0.229564	0.203009	0.843859	1.70045	0	0	0.267385
setup	0	2015-01-21 23:00:00	3.16164e-15	12.7738	6.51481	0.0381129	0	0.000267285	0	0.000332833	0.00181344	0.00144643	1.90144e-07	0	0	0	0	2.73189	0	0.0104088	0.0136256	0.260637	0.307845	0.208823	0.00787552	0.000200725	631.859	40294.3	18783	28498.4	59.6273	17.4803	9.82165	10.9013	10.4799	0	0	15.1641	4315.47	1428.64	2297.68	5.86992	0.237297	0.194066	0.861226	1.73435	0	0	0.246891
setup	0	2015-01-22 23:00:00	1.33107e-15	12.148	6.49201	0.0401238	0	0.000282903	0	0.000331533	0.00161237	0.00122636	2.0528e-07	0	0	0	0	2.44657	0	0.0104481	0.0136256	0.261537	0.308133	0.211374	0.00741223	0.000199921	634.736	40290.2	18780.9	28495.5	59.776	18.1043	9.48703	11.3771	10.3399	0	0	15.2254	4315.23	1428.52	2297.55	5.88236	0.245066	0.185799	0.880114	1.76724	0	0	0.232916
setup	0	2015-01-23 23:00:00	5.09917e-16	11.437	6.11586	0.0419673	0	0.000298913	0	0.000324177	0.00140064	0.00101378	2.16836e-07	0	0	0	0	2.23713	0	0.0104903	0.0136256	0.258797	0.301474	0.207867	0.00676472	0.000194355	636.965	40286.3	18779	28492.7	59.9337	18.7345	9.18434	11.7823	10.2851	0	0	15.2857	4315	1428.41	2297.41	5.89478	0.252919	0.178233	0.896247	1.80182	0	0	0.221801
setup	0	2015-01-24 23:00:00	1.78337e-16	11.0222	5.65405	0.0440982	0	0.000316643	0	0.000312549	0.00119383	0.000817725	2.2826e-07	0	0	0	0	2.22963	0	0.0105318	0.0136256	0.253365	0.291002	0.200471	0.00597566	0.000186534	639.216	40282.9	18777.5	28490.2	60.0733	19.3712	8.91185	12.1627	10.5541	0	0	15.344	4314.77	1428.3	2297.28	5.906	0.260873	0.171342	0.910834	1.83826	0	0	0.203872
setup	0	2015-01-25 23:00:00	5.68058e-17	10.8135	5.36254	0.0435765	0	0.000332587	0	0.000299549	0.00100051	0.000650193	2.48241e-07	0	0	0	0	2.25337	0	0.010572	0.0136263	0.247114	0.280534	0.192485	0.00527688	0.000179601	641.579	40279.7	18776.2	28488.1	60.1822	20.014	8.66694	12.5905	10.9534	0	0	15.401	4314.55	1428.2	2297.16	5.9147	0.268916	0.165077	0.926872	1.87461	0	0	0.195144
setup	0	2015-01-26 23:00:00	8.54436e-18	9.89827	7.1019	0.0407947	0	0.000346115	0	0.00015643	0.000456552	0.000672118	6.21333e-08	0	0	0	0.375428	1.88547	0.00565979	0.0106113	0.0160638	0.258001	0.321357	0.221187	0.00488477	0.000184036	642.822	40274.5	18772.8	28484.1	60.708	21.0088	8.44791	12.6772	9.3059	0	0	15.4537	4314.31	1428.08	2297.06	5.95162	0.282277	0.159337	0.936921	1.88149	0	0	0.215629
setup	0	2015-01-27 23:00:00	3.58567e-18	10.4537	6.74404	0.0292484	0	0.000343768	0	0.000137276	0.000411671	0.00074394	2.59329e-08	0	0	0	0.435314	2.4424	0.0065626	0.0106476	0.0136998	0.255543	0.303214	0.207049	0.00497269	0.000182893	645.934	40270.1	18770.4	28480.9	61.3153	22.0598	8.26451	11.9553	9.01495	0	0	15.5114	4314.08	1427.97	2296.95	6.00381	0.296508	0.154365	0.901189	1.90438	0	0	0.23996
setup	0	2015-01-28 23:00:00	4.07225e-18	10.354	6.62802	0.0319783	0	0.000341402	0	0.000257656	0.000715691	0.000806054	3.83003e-08	0	0	0	0.503457	2.52401	0.00758989	0.0106873	0.0147012	0.260077	0.312383	0.218805	0.00480418	0.00018063	649.321	40266	18768	28478.1	61.9821	23.1677	8.0897	11.1689	9.12781	0	0	15.5744	4313.84	1427.83	2296.87	6.06922	0.311621	0.149631	0.856398	1.92866	0	0	0.21681
setup	0	2015-01-29 23:00:00	2.96357e-18	11.8594	6.33134	0.0357415	0	0.000341732	0	0.000325535	0.00105092	0.000740704	6.09646e-08	0	0	0	0.58077	3.25052	0.00875543	0.0107308	0.0136256	0.264071	0.314434	0.223496	0.00437065	0.000187803	655.124	40262.9	18766.4	28476.1	62.5196	24.338	7.92428	10.767	10.2605	0	0	15.6502	4313.6	1427.71	2296.75	6.12589	0.327674	0.145115	0.827803	1.95537	0	0	0.204619
setup	0	2015-01-30 23:00:00	1.83376e-18	12.1918	6.50082	0.0411117	0	0.000339039	0	0.000371767	0.00117276	0.000667543	1.01745e-07	0	0	0	0.668228	3.30434	0.0100739	0.010783	0.013627	0.266179	0.319673	0.230184	0.00417409	0.000193346	661.027	40259.7	18764.8	28473.9	62.9356	25.5917	7.77208	11.0008	10.8905	0	0	15.7474	4313.35	1427.58	2296.62	6.16707	0.344954	0.140863	0.829656	1.9742	0	0	0.196624
setup	0	2015-01-31 23:00:00	9.20206e-19	12.8119	6.15299	0.0297855	0	0.000327103	0	0.000372649	0.00112522	0.000575853	1.41425e-07	0	0	0	0.76687	3.59985	0.011561	0.01085	0.0136257	0.244401	0.279978	0.226215	0.00390495	0.00019426	667.898	40257.1	18763.8	28472.3	63.4549	26.9419	7.63809	10.7745	9.48074	0	0	15.8595	4313.14	1427.5	2296.51	6.07311	0.363666	0.136969	0.793476	1.77622	0	0	0.192111
setup	0	2015-02-01 23:00:00	1.46695e-19	12.1733	6.78014	0.0162695	0	0.000295271	0	0.000132448	0.000172713	0.000689275	3.26411e-08	0	0	0	0.877792	3.29313	0.0132332	0.0109272	0.0272775	0.217363	0.232224	0.188734	0.00434037	0.000177632	673.779	40253.6	18761.1	28470.1	64.2311	28.3911	7.52051	9.61828	7.88239	0	0	15.9776	4312.96	1427.33	2296.5	6.11016	0.383857	0.133362	0.726998	1.73794	0	0	0.219491
setup	0	2015-02-02 23:00:00	7.88083e-20	12.2001	5.8377	0.0492558	9.53764e-05	0.000418331	9.3098e-06	0.000113409	0.000268331	0.000957585	1.1669e-08	0	0	0	1.00215	3.36904	0.0151079	0.0110085	0.0143984	0.193146	0.207677	0.149176	0.00411493	0.000166281	679.99	40251.1	18759.5	28468.4	64.8545	29.961	7.44488	8.32668	7.33611	0	0	16.0936	4312.8	1427.22	2296.42	6.14808	0.405854	0.130511	0.643912	1.71505	0	0	0.253555
setup	0	2015-02-03 23:00:00	1.00166e-19	13.3039	5.36304	0.0358335	7.98092e-05	0.000317604	7.29286e-06	0.000179623	0.000635446	0.00108219	2.39049e-08	0	0	0	1.14113	4.06009	0.0172032	0.0110885	0.0136258	0.179434	0.186818	0.127539	0.00530042	0.000159292	688.487	40249.8	18759.1	28467.8	65.2099	31.6632	7.39092	7.24439	7.95542	0	0	16.2218	4312.64	1427.15	2296.34	6.17327	0.429829	0.128137	0.570262	1.70123	0	0	0.271753
setup	0	2015-02-04 23:00:00	9.24116e-20	13.7979	5.35693	0.0309413	3.11582e-05	0.000173381	2.67233e-06	0.000209341	0.000777571	0.00107624	3.18376e-08	0	0	0	1.296	4.22921	0.0195379	0.0111768	0.0136256	0.172164	0.17781	0.116311	0.00565212	0.000154857	697.527	40248.7	18759	28467.2	65.2868	33.5182	7.35202	6.55838	8.62104	0	0	16.3661	4312.49	1427.09	2296.25	6.18048	0.456051	0.126086	0.5121	1.69449	0	0	0.27614
setup	0	2015-02-05 23:00:00	7.63526e-20	13.7553	5.28855	0.0281582	1.32917e-05	9.89096e-05	1.0855e-06	0.000223241	0.000840186	0.000983443	3.5377e-08	0	0	0	1.46801	4.21068	0.0221311	0.0112762	0.0136261	0.165845	0.170441	0.109295	0.0053482	0.000149072	706.512	40247.6	18758.8	28466.6	65.2026	35.5502	7.32466	6.24096	9.11052	0	0	16.5229	4312.35	1427.02	2296.17	6.17063	0.484878	0.12429	0.476491	1.68857	0	0	0.267844
setup	0	2015-02-06 23:00:00	5.89043e-20	13.8521	5.23884	0.0273547	3.44477e-06	4.54815e-05	2.70582e-07	0.000230169	0.000889991	0.000840404	3.7319e-08	0	0	0	1.65848	4.26291	0.0250026	0.0113843	0.0136258	0.162041	0.167833	0.106205	0.00469209	0.000144278	715.733	40246.6	18758.5	28466.1	65.0455	37.7754	7.30621	6.14607	9.56661	0	0	16.6861	4312.22	1426.96	2296.09	6.15199	0.516561	0.122686	0.45557	1.68278	0	0	0.251885
setup	0	2015-02-07 23:00:00	4.33624e-20	14.1267	5.28029	0.0279536	1.56524e-08	0.00163016	1.18277e-09	0.00023887	0.00094534	0.000688744	4.2929e-08	0	0	0	1.86871	4.30642	0.0281719	0.0114967	0.0136259	0.160584	0.169498	0.106384	0.00393964	0.000143135	725.117	40245.7	18758.2	28465.5	64.8613	40.2084	7.29587	6.19743	9.95599	0	0	16.8589	4312.08	1426.9	2296.02	6.12892	0.551329	0.121244	0.444315	1.67521	0	0	0.231717
setup	0	2015-02-08 23:00:00	3.05992e-20	14.2355	5.24512	0.0226957	0	0.00194312	0	0.000254164	0.00100939	0.000543067	6.19682e-08	0	0	0	2.1	4.39467	0.0316587	0.0116158	0.0136265	0.161048	0.173085	0.109137	0.00317939	0.000140956	734.837	40244.8	18757.9	28465.1	64.6865	42.8711	7.29259	6.34876	10.429	0	0	17.0475	4311.94	1426.84	2295.94	6.10472	0.589523	0.11994	0.439297	1.66704	0	0	0.211058
setup	0	2015-02-09 23:00:00	1.81269e-20	14.0994	5.32662	0.00945121	0	0.0020108	0	0.000238141	0.000905943	0.000423255	6.90237e-08	0	0	0	2.35363	4.33375	0.0354822	0.0117457	0.0136262	0.15997	0.173919	0.110024	0.00254001	0.000137776	744.374	40243.9	18757.6	28464.5	64.5344	45.792	7.3008	6.58625	10.6565	0	0	17.2416	4311.81	1426.79	2295.86	6.07932	0.63156	0.118864	0.438603	1.65796	0	0	0.199598
setup	0	2015-02-10 23:00:00	1.01782e-20	13.8373	5.37164	0.0155821	0	0.00189703	0	0.000230203	0.0008266	0.000340569	7.91822e-08	0	0	0	2.63083	4.07335	0.0396612	0.0118794	0.0136259	0.158883	0.174464	0.11084	0.00209369	0.000137624	753.114	40242.6	18757.1	28463.6	64.4195	48.9899	7.3228	6.82931	10.5221	0	0	17.4369	4311.67	1426.73	2295.78	6.05525	0.677734	0.118053	0.439582	1.64746	0	0	0.192658
setup	0	2015-02-11 23:00:00	5.42837e-21	13.2908	5.35261	0.0139613	0	0.0016605	0	0.000230024	0.000755074	0.000289157	9.9277e-08	0	0	0	2.93277	3.43634	0.0442131	0.012014	0.0136256	0.159281	0.17697	0.113052	0.00184831	0.000143219	759.781	40240.8	18756.1	28462.1	64.3369	52.4773	7.35785	6.99128	9.87396	0	0	17.6338	4311.54	1426.67	2295.7	6.03512	0.72827	0.117465	0.439182	1.63918	0	0	0.188218
setup	0	2015-02-12 23:00:00	2.64956e-21	14.0341	5.06326	0.0134202	0	0.0013249	0	0.000229699	0.000661923	0.000247765	1.15218e-07	0	0	0	3.26053	4.02258	0.0491544	0.0121497	0.0136256	0.160602	0.177733	0.114044	0.00165369	0.000146963	768.539	40239.8	18755.9	28461.6	64.2666	56.2786	7.40511	6.97517	10.3222	0	0	17.8478	4311.4	1426.62	2295.62	6.01913	0.783577	0.11708	0.433811	1.63535	0	0	0.18527
setup	0	2015-02-13 23:00:00	1.16322e-21	14.4179	4.95193	0.0149576	0	0.000985004	0	0.000223762	0.00055331	0.000212276	1.22036e-07	0	0	0	3.61509	4.32072	0.0544995	0.0122972	0.0136259	0.159752	0.175208	0.112647	0.00148268	0.000144982	778.415	40239.3	18756.1	28461.4	64.1428	60.4343	7.46913	7.16161	10.9974	0	0	18.0702	4311.27	1426.57	2295.54	5.99964	0.844212	0.116988	0.43116	1.63372	0	0	0.179271
setup	0	2015-02-14 23:00:00	5.493e-22	13.6267	4.93014	0.0155809	0	0.000829473	0	0.00021568	0.000457412	0.000179739	1.27159e-07	0	0	0	3.99727	3.76214	0.0602611	0.0124504	0.0136267	0.157194	0.171205	0.110241	0.00130876	0.000140975	786.471	40238.2	18755.9	28460.7	63.9954	64.9768	7.55081	7.55559	10.8824	0	0	18.2837	4311.14	1426.52	2295.46	5.97677	0.910634	0.117216	0.434062	1.63082	0	0	0.175667
setup	0	2015-02-15 23:00:00	0	13.0426	5.02725	0.0151858	0	0.000734892	0	0.000194735	0.000357152	0.000159314	9.65051e-08	0	0	0	4.40773	3.73196	0.0664489	0.0125975	0.0137387	0.153631	0.168789	0.109736	0.001134	0.000134362	794.614	40237	18755.5	28460	63.9519	69.9274	7.64723	7.8371	10.5857	0	0	18.4915	4311.01	1426.47	2295.39	5.9596	0.983194	0.117723	0.437058	1.62349	0	0	0.170701
setup	0	2015-02-16 23:00:00	0	12.6857	5.43435	0.01256	0	0.000909	0	0.000114472	0.000202715	0.000167264	3.00333e-08	0	0	0	4.84692	3.5094	0.07307	0.0127406	0.0139036	0.148901	0.163136	0.104335	0.00110685	0.000130376	802.234	40235.3	18754.6	28458.6	63.9876	75.3078	7.76794	7.86795	9.70673	0	0	18.683	4310.89	1426.43	2295.33	5.94852	1.06221	0.118642	0.433301	1.61461	0	0	0.189262
setup	0	2015-02-17 23:00:00	0	13.8455	4.92377	0.0115641	0	0.000712496	0	0.000188575	0.000322422	0.000150638	4.26891e-08	0	0	0	5.31507	4.06589	0.0801277	0.0128726	0.0136259	0.147758	0.160173	0.102412	0.000994584	0.00013261	812.217	40234.5	18754.6	28458.3	64.0149	81.1344	7.89843	7.67785	10.1871	0	0	18.8798	4310.77	1426.39	2295.26	5.94198	1.14796	0.119733	0.423608	1.61117	0	0	0.177185
setup	0	2015-02-18 23:00:00	0	12.8893	4.79469	0.0121476	0	0.00051859	0	0.000218658	0.000336023	0.000131884	7.27457e-08	0	0	0	5.81216	3.1895	0.0876216	0.0130082	0.0136263	0.146452	0.157964	0.100751	0.000889035	0.00013222	819.252	40233.1	18754.1	28457.4	63.959	87.4463	8.04592	7.71822	9.78841	0	0	19.0881	4310.65	1426.34	2295.2	5.93191	1.24099	0.1211	0.417236	1.61083	0	0	0.171228
setup	0	2015-02-19 23:00:00	0	13.2175	4.42437	0	0	0.000458157	0	0.00021616	0.000300975	0.000114904	1.29929e-07	0	0	0	6.33786	3.4318	0.0955467	0.0131517	0.0136259	0.14635	0.15648	0.0994391	0.000793042	0.000132803	827.993	40232.3	18754.1	28457	63.8942	94.2629	8.21119	7.69593	10.1221	0	0	19.2946	4310.54	1426.3	2295.14	5.92181	1.34167	0.122757	0.411808	1.6127	0	0	0.165938
setup	0	2015-02-20 23:00:00	0	13.2517	4.13386	0	0	0.000302653	0	0.000201291	0.000249941	9.64736e-05	1.68731e-07	0	0	0	6.89151	3.18375	0.103893	0.013294	0.013626	0.144829	0.152701	0.0954386	0.000690964	0.000133131	836.916	40231.6	18754.2	28456.7	63.7493	101.621	8.3989	7.82826	10.3975	0	0	19.5002	4310.42	1426.27	2295.07	5.90666	1.4505	0.12478	0.40972	1.6178	0	0	0.160558
setup	0	2015-02-21 23:00:00	0	12.3368	3.86036	0	0	0.000223176	0	0.000192131	0.000204396	7.99251e-05	1.94872e-07	0	0	0	7.47213	2.36447	0.112647	0.0134356	0.0136261	0.143013	0.148489	0.0912464	0.000588244	0.000131702	844.721	40230.4	18753.9	28455.9	63.5501	109.551	8.60919	8.04662	10.0537	0	0	19.6995	4310.31	1426.23	2295	5.88802	1.56791	0.127173	0.411001	1.62466	0	0	0.156015
setup	0	2015-02-22 23:00:00	0	10.7319	3.42472	0	0	0.000132566	0	0.000179518	0.000154905	6.53193e-05	2.03757e-07	0	0	0	8.07834	1.38555	0.121786	0.013573	0.013626	0.139419	0.141158	0.0850949	0.000508144	0.000124429	851.602	40228.6	18753.2	28454.6	63.338	118.084	8.84156	8.1761	9.17327	0	0	19.8807	4310.2	1426.2	2294.94	5.86856	1.69437	0.129951	0.41252	1.63324	0	0	0.151539
setup	0	2015-02-23 23:00:00	0	12.3871	2.90144	0	0	9.12312e-05	0	0.000166865	0.000128544	5.29101e-05	2.24781e-07	0	0	0	8.72089	2.73727	0.131283	0.0136978	0.013626	0.135068	0.133279	0.0776801	0.00043067	0.000117835	858.925	40228.8	18754	28455	63.1198	127.251	9.09479	8.14396	10.257	0	0	20.0601	4310.1	1426.17	2294.87	5.85028	1.83016	0.133095	0.411804	1.64455	0	0	0.146882
setup	0	2015-02-24 23:00:00	0	13.2411	2.81848	0	0	3.48251e-05	0	0.000154744	0.000102754	4.37094e-05	2.50872e-07	0	0	0	9.45094	3.24584	0.141115	0.0138214	0.0136259	0.130842	0.126868	0.0709249	0.000376253	0.000111732	865.967	40229.6	18755.2	28456	62.8389	137.137	9.38062	8.31849	11.6862	0	0	20.2638	4310	1426.15	2294.8	5.82806	1.97558	0.136763	0.41356	1.65742	0	0	0.143581
setup	0	2015-02-25 23:00:00	0	12.7134	3.24183	0	0	3.61874e-05	0	0.000151063	0.000105957	4.11165e-05	2.26442e-07	0	0	0	10.2383	2.64924	0.151288	0.0139617	0.0137407	0.129932	0.130327	0.0731578	0.000324592	0.000115313	870.298	40229.4	18755.6	28456.1	62.551	147.764	9.67914	8.7755	11.8887	0	0	20.4692	4309.91	1426.12	2294.74	5.80425	2.1305	0.140608	0.422296	1.66695	0	0	0.142634
setup	0	2015-02-26 23:00:00	0	13.3415	2.96389	0	0	4.06031e-05	0	0.000151829	8.4714e-05	3.4587e-05	2.58877e-07	0	0	0	11.0247	3.32651	0.161795	0.0141033	0.0136263	0.128188	0.125597	0.0699359	0.000281359	0.000112885	876.196	40230.2	18756.8	28457.1	62.2466	159.154	10.0209	9.22045	12.9954	0	0	20.6889	4309.81	1426.1	2294.68	5.77864	2.29564	0.145125	0.432363	1.6771	0	0	0.140402
setup	0	2015-02-27 23:00:00	0	13.0745	3.04587	0	0	4.76009e-05	0	0.000144401	7.00798e-05	3.06421e-05	2.55156e-07	0	0	0	11.8778	3.22429	0.172589	0.0142547	0.0136412	0.125216	0.122215	0.0675342	0.000251662	0.000108557	881.534	40230.8	18757.9	28457.9	61.9397	171.373	10.3971	9.79134	13.7208	0	0	20.9045	4309.72	1426.08	2294.61	5.7514	2.47124	0.150172	0.445379	1.6857	0	0	0.140017
setup	0	2015-02-28 23:00:00	0	12.1826	2.8486	0	0	5.44759e-05	0	0.000144092	6.83639e-05	2.59983e-05	3.11376e-07	0	0	0	12.7518	2.61984	0.183667	0.0144032	0.0136265	0.122017	0.11313	0.0675708	0.000221096	0.000108947	884.921	40231.1	18761.3	28462.1	61.6366	184.442	10.8294	10.333	13.1244	0	0	21.1032	4309.64	1426.28	2294.85	5.67843	2.6576	0.156061	0.451684	1.61909	0	0	0.137959
setup	0	2015-03-01 23:00:00	0	10.5511	2.52229	0	0	5.65578e-05	0	0.000127366	5.64934e-05	2.16264e-05	3.16258e-07	0	0	0	13.6055	1.58038	0.194997	0.0145401	0.0136257	0.105427	0.0888361	0.0524239	0.000190281	9.6998e-05	885.116	40230.7	18761.6	28461.8	61.3487	198.338	11.3049	10.7443	11.8772	0	0	21.2748	4309.57	1426.27	2294.78	5.64381	2.85496	0.162612	0.456872	1.61326	0	0	0.135903
setup	0	2015-03-02 23:00:00	0	10.1732	5.10401	0	0	5.26143e-05	0	8.53193e-05	7.90052e-05	5.10374e-05	6.55893e-08	0	0	0	14.3916	1.62806	0.206563	0.0146583	0.0176902	0.103198	0.114146	0.0720405	0.00020857	0.000109739	885.425	40227.9	18759.3	28459.3	61.6668	212.828	11.6962	10.5294	8.57729	0	0	21.419	4309.51	1426.25	2294.77	5.65168	3.06141	0.167739	0.455342	1.58585	0	0	0.14237
setup	0	2015-03-03 23:00:00	0	11.0896	4.83644	0	0	4.67896e-05	0	0.000100364	9.11955e-05	7.47434e-05	2.56874e-08	0	0	0	15.1794	2.68513	0.218271	0.0147577	0.0147438	0.106076	0.114496	0.0741821	0.000233663	0.00010916	888.89	40226.4	18758.1	28458.2	62.3509	228.005	12.1429	8.65768	7.98051	0	0	21.5791	4309.45	1426.23	2294.75	5.68863	3.27831	0.173651	0.418898	1.56319	0	0	0.156172
setup	0	2015-03-04 23:00:00	0	12.0081	4.11783	0	0	3.79781e-05	0	0.000164398	0.000176805	7.58448e-05	4.36008e-08	0	0	0	16.0551	2.99727	0.230139	0.014868	0.0136258	0.110721	0.116457	0.0738346	0.000248822	0.00011515	893.267	40226	18758.2	28458	62.5847	243.978	12.6239	7.52108	8.19761	0	0	21.7358	4309.38	1426.2	2294.71	5.7033	3.50602	0.180036	0.3865	1.55333	0	0	0.153883
setup	0	2015-03-05 23:00:00	0	12.3065	3.55137	0	0	3.00911e-05	0	0.000188999	0.000172237	6.54258e-05	1.00463e-07	0	0	0	16.9587	3.11353	0.242183	0.014976	0.0136277	0.113725	0.116604	0.0727267	0.000204375	0.000117122	897.966	40226.4	18759	28458.5	62.5478	260.794	13.1601	6.92228	8.85272	0	0	21.8975	4309.3	1426.18	2294.64	5.69908	3.74496	0.187238	0.36364	1.55092	0	0	0.144937
setup	0	2015-03-06 23:00:00	0	10.5587	3.76386	0	0	0.00030977	0	9.01604e-05	9.97142e-05	6.81349e-05	3.19454e-08	0	0	0	17.869	1.95376	0.254526	0.0150874	0.0139604	0.111997	0.113849	0.0686227	0.000239027	0.000114033	899.159	40225.4	18758.8	28457.7	62.4001	278.468	13.7448	6.63593	7.88671	0	0	21.9865	4309.23	1426.16	2294.58	5.68529	3.9955	0.195151	0.347501	1.54971	0	0	0.170289
setup	0	2015-03-07 23:00:00	0	11.2649	3.1873	0	0	1.93837e-05	0	0.000164172	0.000149706	5.94101e-05	4.73401e-08	0	0	0	18.6372	2.67807	0.267604	0.0151487	0.0136256	0.110035	0.109383	0.064046	0.000222086	0.000111069	902.519	40225.9	18759.8	28458.2	62.2128	296.85	14.3546	6.26281	8.37822	0	0	22.1288	4309.16	1426.15	2294.5	5.66976	4.25827	0.203455	0.332571	1.55199	0	0	0.160496
setup	0	2015-03-08 23:00:00	0	11.6464	2.9709	0	0	0.000348302	0	0.000190838	0.000151885	4.89223e-05	1.10174e-07	0	0	0	19.4615	2.8883	0.281544	0.0152467	0.0136256	0.108628	0.107165	0.0604294	0.000167192	0.000108533	906.491	40226.8	18761	28459.1	61.9404	315.988	15.0071	6.108	9.19808	0	0	22.2066	4309.1	1426.13	2294.44	5.64903	4.53406	0.212397	0.32176	1.55736	0	0	0.145633
setup	0	2015-03-09 23:00:00	0	11.0024	2.6842	0	0	0.000437367	0	0.000161069	0.000103365	3.79547e-05	1.53875e-07	0	0	0	20.2827	2.45254	0.294816	0.0153003	0.0136259	0.107233	0.103598	0.0560963	0.000117311	0.000103569	909.135	40227.6	18762.1	28459.8	61.5968	335.893	15.7421	6.16452	9.68568	0	0	22.2807	4309.04	1426.12	2294.35	5.6224	4.82229	0.222579	0.315846	1.5646	0	0	0.140416
setup	0	2015-03-10 23:00:00	0	10.4122	2.46004	0	0	0.000434585	0	0.000138902	7.163e-05	2.94398e-05	1.79033e-07	0	0	0	21.0071	2.23372	0.308072	0.0153514	0.0136258	0.104196	0.0983203	0.0505632	9.76238e-05	9.73694e-05	911.109	40228.5	18763.4	28460.6	61.2214	356.473	16.5501	6.30607	10.0605	0	0	22.2908	4308.98	1426.11	2294.27	5.5922	5.12304	0.233875	0.313659	1.57242	0	0	0.139374
setup	0	2015-03-11 23:00:00	0	10.3946	2.25679	0	0	0.000272044	0	0.00012526	5.58148e-05	2.30855e-05	2.14404e-07	0	0	0	21.6493	2.20322	0.503469	0.0238128	0.0136258	0.100964	0.0934026	0.0452646	8.282e-05	9.29306e-05	912.981	40229.7	18764.8	28461.5	60.8269	377.641	17.425	6.49114	10.5348	0	0	22.3372	4308.93	1426.12	2294.19	5.56019	5.62672	0.24623	0.313877	1.58091	0	0	0.136591
setup	0	2015-03-12 23:00:00	0	10.0238	2.13272	0	0	0.000233087	0	0.000114014	3.73252e-05	1.8498e-05	2.44774e-07	0	0	0	22.2265	1.93817	0.512509	0.0236871	0.013626	0.0582677	0.0860209	0.0404432	7.47355e-05	8.76253e-05	914.048	40230.8	18766.3	28462.4	60.4263	399.331	18.3756	6.70262	10.7842	0	0	22.3682	4308.93	1426.14	2294.13	5.53239	6.13763	0.260527	0.315682	1.62336	0	0	0.135328
setup	0	2015-03-13 23:00:00	0	9.02795	1.95072	0	0	4.11604e-05	0	0.000107441	2.74256e-05	1.49889e-05	3.13941e-07	0	0	0	22.6895	1.26112	0.581405	0.0263069	0.0136256	-1.66018e-15	0.0751916	0.0394155	7.30431e-05	8.52509e-05	913.078	40231.5	18767.4	28462.9	60.03	421.427	19.3928	6.90817	10.49	0	0	22.3594	4308.99	1426.19	2294.11	5.51716	6.71833	0.276602	0.319865	1.70427	0	0	0.133998
setup	0	2015-03-14 23:00:00	0	8.85288	1.76352	0	0	5.87183e-05	0.00985393	0.000109407	3.06523e-05	1.28456e-05	4.90238e-07	0	0	0	22.9467	1.22912	0.653119	0.0290672	0.0136259	-1.66018e-15	0.0681326	0.0434329	7.98092e-05	8.91554e-05	912.018	40232.5	18768.8	28463.6	59.6449	443.712	20.4624	7.06893	10.3684	0	0	22.3303	4309.04	1426.25	2294.08	5.50973	7.37143	0.294475	0.32677	1.76068	0	0	0.133042
setup	0	2015-03-15 23:00:00	0	8.78266	1.6287	0	0	9.82665e-05	0.00195535	0.000110803	2.65022e-05	1.15572e-05	6.50854e-07	0	0	0	23.1012	1.18562	0.657277	0.0290294	0.0136257	-1.66018e-15	0.0655417	0.044905	8.53685e-05	9.03137e-05	908.532	40233.6	18770.3	28464.3	59.271	466.083	21.5955	7.20439	10.3281	0	0	22.3013	4309.1	1426.31	2294.05	5.50217	8.02628	0.314527	0.33467	1.82226	0	0	0.131134
setup	0	2015-03-16 23:00:00	0	8.81046	1.55416	0	0	0.000140765	0.00147732	0.000111637	2.92631e-05	1.08034e-05	8.06076e-07	0	0	0	23.1434	1.18109	0.658479	0.0289917	0.0136263	-1.66018e-15	0.0638965	0.0458027	9.19223e-05	9.14515e-05	904.186	40234.9	18771.9	28465.2	58.9051	488.416	22.7878	7.32568	10.3604	0	0	22.2723	4309.17	1426.37	2294.02	5.49428	8.67986	0.336647	0.343061	1.88319	0	0	0.130188
setup	0	2015-03-17 23:00:00	0	8.92703	1.50609	0	0	0.000185214	0.00122008	0.000113859	3.45738e-05	1.02941e-05	1.00334e-06	0	0	0	23.0761	1.17544	0.656565	0.028954	0.0136259	-1.66018e-15	0.0629272	0.0466878	9.72638e-05	9.41122e-05	898.347	40236.3	18773.7	28466.2	58.5439	510.599	24.0365	7.44143	10.4464	0	0	22.2434	4309.23	1426.44	2293.98	5.48609	9.329	0.360749	0.351807	1.94422	0	0	0.130857
setup	0	2015-03-18 23:00:00	0	8.9031	1.44252	0	0	0.000232268	0.00120994	0.000114424	2.63262e-05	9.89139e-06	1.09751e-06	0	0	0	22.8946	1.16785	0.651398	0.0289164	0.0136259	-1.66018e-15	0.0622186	0.0476493	0.000101775	9.43255e-05	891.648	40237.8	18775.5	28467.4	58.189	532.514	25.3447	7.55691	10.5922	0	0	22.2144	4309.3	1426.51	2293.94	5.47772	9.97047	0.386836	0.360902	2.00518	0	0	0.128873
setup	0	2015-03-19 23:00:00	0	8.77214	1.41735	0	0	0.000281522	0.00131876	0.000113149	2.05232e-05	9.57871e-06	1.14065e-06	0	0	0	22.5948	1.15914	0.642869	0.0288788	0.013626	-1.66018e-15	0.0611466	0.0484326	0.000105569	9.26916e-05	884.514	40239.5	18777.5	28468.5	57.8443	554.046	26.7124	7.67506	10.7453	0	0	22.1856	4309.38	1426.58	2293.9	5.46941	10.601	0.414869	0.370388	2.06536	0	0	0.128338
setup	0	2015-03-20 23:00:00	0	8.61361	1.49657	0	0	0.000332197	0.00153299	0.000114535	2.30506e-05	1.03165e-05	1.00825e-06	0	0	0	22.1738	1.14987	0.630892	0.0288412	0.013643	-1.66018e-15	0.061836	0.0531645	0.000131868	9.30829e-05	876.891	40241.1	18779.4	28469.7	57.5095	575.058	28.0239	7.87299	10.8715	0	0	22.1567	4309.45	1426.65	2293.87	5.46394	11.2169	0.442876	0.384848	2.12032	0	0	0.127865
setup	0	2015-03-21 23:00:00	0	8.6164	1.44985	0	0	0.000384199	0.00176081	0.000113892	2.88274e-05	9.8892e-06	1.13116e-06	0	0	0	21.6298	1.13996	0.615413	0.0288037	0.0136259	-1.66018e-15	0.061786	0.0515286	0.000124043	9.29273e-05	869.065	40242.9	18781.5	28471	57.1794	595.438	29.4275	8.04948	11.0294	0	0	22.1279	4309.53	1426.73	2293.82	5.45602	11.8148	0.47327	0.397866	2.17817	0	0	0.12757
setup	0	2015-03-22 23:00:00	0	8.51644	1.57988	0	0	0.000438187	0.00200489	0.000118161	2.8474e-05	1.11311e-05	1.01678e-06	0	0	0	20.9619	1.12978	0.596409	0.0287663	0.0136448	-1.66018e-15	0.0652357	0.0582847	0.000165386	9.52903e-05	860.685	40244.6	18783.5	28472.1	56.8568	615.05	30.7496	8.34433	11.1091	0	0	22.0992	4309.61	1426.81	2293.78	5.44898	12.3912	0.503019	0.417911	2.23144	0	0	0.127595
setup	0	2015-03-23 23:00:00	0	8.44476	1.52432	0	0	0.000494167	0.00224977	0.000117227	2.69863e-05	1.06018e-05	1.09663e-06	0	0	0	20.1704	1.11889	0.57389	0.0287289	0.0136257	-1.66018e-15	0.0646777	0.0563024	0.000150033	9.43652e-05	852.099	40246.4	18785.6	28473.4	56.5387	633.787	32.1796	8.60127	11.2252	0	0	22.0704	4309.69	1426.89	2293.74	5.44019	12.9429	0.535338	0.435609	2.28756	0	0	0.127249
setup	0	2015-03-24 23:00:00	0	8.4884	1.52085	0	0	0.000551594	0.00250863	0.000118999	3.4068e-05	1.03896e-05	1.24942e-06	0	0	0	19.2569	1.10773	0.547899	0.0286916	0.0136257	-1.66018e-15	0.0645069	0.0573493	0.000149629	9.65134e-05	843.194	40248.3	18787.7	28474.7	56.2259	651.529	33.6641	8.85918	11.3415	0	0	22.0417	4309.78	1426.97	2293.69	5.4313	13.4663	0.569252	0.453535	2.34309	0	0	0.127166
setup	0	2015-03-25 23:00:00	0	8.53767	1.51629	0	0	0.000611775	0.00273428	0.000121215	3.5056e-05	1.02672e-05	1.33372e-06	0	0	0	18.2241	1.09615	0.518515	0.0286543	0.0136257	-1.66018e-15	0.0651715	0.0588371	0.000151764	9.85258e-05	833.899	40250.2	18790	28476	55.9158	668.159	35.1821	9.12875	11.4771	0	0	22.0131	4309.87	1427.05	2293.63	5.42228	13.9583	0.604337	0.472278	2.39862	0	0	0.126739
setup	0	2015-03-26 23:00:00	0	8.53951	1.53272	0	0	0.000675185	0.0029954	0.000123061	3.38676e-05	1.02078e-05	1.38811e-06	0	0	0	17.0761	1.08407	0.485851	0.028617	0.0136257	-1.66018e-15	0.0658137	0.0603337	0.000155518	9.97995e-05	824.28	40252.2	18792.3	28477.3	55.6099	683.566	36.7272	9.41436	11.6051	0	0	21.9845	4309.95	1427.14	2293.58	5.4132	14.4156	0.64042	0.492078	2.4538	0	0	0.126731
setup	0	2015-03-27 23:00:00	0	8.33911	6.04583	0.00118801	0	0.000740739	0.00321953	0.000132348	0.000245721	0.000113101	2.79231e-07	0	0	0	15.818	1.07156	0.450054	0.0285798	0.0196059	-1.66018e-15	0.154405	0.146027	0.00183952	0.000136497	814.414	40249.7	18790	28474.5	56.1417	697.389	37.0065	9.99845	7.91278	0	0	21.9559	4310.04	1427.22	2293.58	5.48403	14.8312	0.653406	0.551276	2.43114	0	0	0.132485
setup	0	2015-03-28 23:00:00	0	8.18756	4.9707	0.000225482	0	0.000882439	0.00338487	9.84248e-05	0.000211396	0.000151848	4.73794e-08	0	0	0	14.4561	1.05874	0.411306	0.0285426	0.0138511	-1.66018e-15	0.15436	0.149376	0.00213694	0.000148618	804.616	40248.3	18789	28473.6	56.8271	709.725	37.468	8.25455	7.43564	0	0	21.9273	4310.14	1427.28	2293.69	5.5712	15.2054	0.6699	0.504893	2.49904	0	0	0.156947
setup	0	2015-03-29 23:00:00	0	8.19059	4.67348	1.01327e-06	0	0.000976044	0.00345574	0.000174418	0.000306427	0.00022552	6.46407e-08	0	0	0	12.9979	1.046	0.369819	0.0285055	0.0149138	-1.66018e-15	0.159195	0.150716	0.00275044	0.000159907	794.889	40247.3	18788.3	28472.8	57.2092	720.472	37.8451	7.16846	7.17328	0	0	21.8988	4310.23	1427.34	2293.79	5.64952	15.5354	0.684864	0.463193	2.5766	0	0	0.16203
setup	0	2015-03-30 23:00:00	0	8.03936	4.20337	6.76511e-07	0	0.0010436	0.00344395	0.000232704	0.000352905	0.000245026	1.06951e-07	0	0	0	11.4521	1.03336	0.325837	0.0284685	0.017187	-1.66018e-15	0.162925	0.164644	0.00288429	0.000166083	784.871	40246.7	18787.9	28472.6	57.4282	729.569	38.3176	6.73432	6.98662	0	0	21.8704	4310.33	1427.32	2293.88	5.70772	15.8191	0.701722	0.449455	2.65263	0	0	0.151371
setup	0	2015-03-31 23:00:00	0	8.08869	3.97784	2.42966e-06	0	0.00111867	0.00349851	0.000259831	0.00055301	0.000251597	1.40466e-07	0	0	0	9.82815	1.02033	0.279631	0.0284315	0.0136258	-1.66018e-15	0.163816	0.166467	0.00386463	0.000175041	775.039	40246.4	18788.6	28472.8	57.6547	736.97	38.7533	6.61683	6.39715	0	0	21.8419	4310.42	1427.42	2293.96	5.74007	16.055	0.717723	0.457078	2.68385	0	0	0.157561
setup	0	2015-04-01 23:00:00	0	8.21381	3.84698	3.2936e-06	0	0.00118219	0.00319215	0.000297641	0.000611134	0.000244158	1.89664e-07	0	0	0	8.13646	1.00755	0.231499	0.0283945	0.0136256	-1.66018e-15	0.160394	0.162636	0.00406075	0.000180374	764.988	40246.3	18789	28472.7	57.9245	742.614	39.1334	6.40471	6.11331	0	0	21.8135	4310.52	1427.5	2294	5.79391	16.2414	0.732489	0.456925	2.73801	0	0	0.157968
setup	0	2015-04-02 23:00:00	0	8.17457	3.67043	2.57591e-06	0	0.00124099	0.00284288	0.00030739	0.000613392	0.000229625	2.24504e-07	0	0	0	6.38825	0.994485	0.181759	0.0283576	0.0136267	-1.66018e-15	0.159162	0.157799	0.0040442	0.00017926	754.754	40246.3	18789.5	28472.7	58.1608	746.477	39.5643	6.1308	6.06745	0	0	21.7852	4310.62	1427.58	2294.03	5.84951	16.3771	0.74807	0.447213	2.80052	0	0	0.156198
setup	0	2015-04-03 23:00:00	0	8.07617	3.52647	2.41971e-06	0	0.00129428	0.00246401	0.000306713	0.000601943	0.000214503	2.51356e-07	0	0	0	4.59539	0.98118	0.130748	0.0283207	0.0136259	-1.66018e-15	0.157709	0.154127	0.00397244	0.000175722	744.639	40246.5	18790.1	28472.8	58.3198	748.529	40.0381	5.90473	6.14771	0	0	21.7569	4310.72	1427.67	2294.07	5.90015	16.4614	0.764286	0.437492	2.86722	0	0	0.153694
setup	0	2015-04-04 23:00:00	0	8.05077	3.25222	1.94187e-06	0	0.00134137	0.00208774	0.000301211	0.000581457	0.000203456	2.72988e-07	0	0	0	2.77025	0.968031	0.0788194	0.0282839	0.0136259	-1.66018e-15	0.153912	0.149859	0.00391979	0.000174155	734.679	40246.9	18790.9	28473	58.4436	748.733	40.486	6.04435	6.2071	0	0	21.7286	4310.82	1427.76	2294.08	5.94197	16.4932	0.779726	0.448791	2.92307	0	0	0.151102
setup	0	2015-04-05 23:00:00	0	7.96401	3.1632	1.92151e-06	0	0.00138258	0.00175281	0.00029245	0.000548612	0.000190635	2.86002e-07	0	0	0	0.925594	0.955083	0.0263351	0.0282472	0.0136257	-1.66018e-15	0.150921	0.145327	0.0038331	0.000171159	724.746	40247.5	18791.8	28473.2	58.6217	747.087	40.9587	6.18851	6.25619	0	0	21.7003	4310.92	1427.86	2294.09	5.98782	16.4724	0.795392	0.458969	2.97542	0	0	0.148994
setup	0	2015-04-06 23:00:00	0	7.95299	3.27807	1.97706e-06	0	0.00141831	0.00145414	0.000290494	0.00054398	0.000184365	3.11249e-07	0	0	0	0	0.94217	0	0.0282104	0.013626	-1.66018e-15	0.15629	0.148257	0.00378924	0.000172912	714.957	40247.8	18792.5	28473.3	58.8236	744.506	41.3829	6.18547	6.35756	0	0	21.6721	4311.01	1427.95	2294.12	6.03495	16.4252	0.80975	0.460143	3.03631	0	0	0.147295
setup	0	2015-04-07 23:00:00	0	7.97316	3.43812	1.99514e-06	0	0.00144941	0.00118434	0.000287166	0.000543225	0.000188483	3.1623e-07	0	0	0	0	0.929445	0	0.0281738	0.0136339	-1.66018e-15	0.161948	0.152423	0.0038673	0.000176613	705.141	40248	18793.1	28473.4	59.017	741.911	41.7389	6.12691	6.43532	0	0	21.6439	4311.11	1428.04	2294.15	6.08423	16.3779	0.822396	0.458791	3.09926	0	0	0.146709
setup	0	2015-04-08 23:00:00	0	7.86028	3.35697	1.97833e-06	0	0.00147673	0.000959145	0.000281461	0.000522939	0.000187705	2.9412e-07	0	0	0	0	0.916683	0	0.0281371	0.0136348	-1.66018e-15	0.161506	0.153759	0.00388856	0.000174726	695.302	40248.3	18793.7	28473.5	59.1901	739.322	42.1218	6.18016	6.44934	0	0	21.6158	4311.21	1428.13	2294.19	6.12864	16.3308	0.835329	0.465537	3.15869	0	0	0.146252
setup	0	2015-04-09 23:00:00	0	7.84695	3.29108	2.67042e-06	0	0.00150045	0.000784946	0.000290541	0.000537784	0.00018528	3.25972e-07	0	0	0	0	0.903893	0	0.0281006	0.013626	-1.66018e-15	0.1637	0.156314	0.00387205	0.000178199	685.693	40248.6	18794.3	28473.6	59.3806	736.726	42.4524	6.45475	6.33352	0	0	21.5877	4311.31	1428.23	2294.22	6.16809	16.2836	0.846919	0.487556	3.20926	0	0	0.145817
setup	0	2015-04-10 23:00:00	0	7.79011	3.25836	2.82043e-06	0	0.001521	0.000621599	0.000292538	0.000526808	0.000179584	3.37467e-07	0	0	0	0	0.8914	0	0.028064	0.013626	-1.66018e-15	0.166057	0.157762	0.00378892	0.000179058	676.022	40248.9	18795	28473.7	59.6304	734.132	42.7928	6.78214	6.11007	0	0	21.5596	4311.4	1428.32	2294.25	6.20775	16.2366	0.8585	0.514634	3.25446	0	0	0.145042
setup	0	2015-04-11 23:00:00	0	7.71452	3.22534	2.3161e-06	0	0.00153912	0.000489001	0.000291461	0.000512237	0.00017258	3.33917e-07	0	0	0	0	0.878829	0	0.0280275	0.0136257	-1.66018e-15	0.167443	0.158783	0.00367528	0.000177904	666.46	40249.2	18795.7	28473.8	59.966	731.539	43.1315	7.05159	5.8734	0	0	21.5316	4311.5	1428.42	2294.28	6.2531	16.1897	0.869849	0.538981	3.29671	0	0	0.144479
setup	0	2015-04-12 23:00:00	0	7.67806	3.20494	2.3885e-06	0	0.0015552	0.000402015	0.000294086	0.000514503	0.00016917	3.62532e-07	0	0	0	0	0.866398	0	0.0279911	0.013626	-1.66018e-15	0.168771	0.159012	0.00356329	0.00017935	657.017	40249.6	18796.4	28473.9	60.3744	728.945	43.4406	7.20548	5.71314	0	0	21.5036	4311.6	1428.51	2294.31	6.30623	16.1428	0.880389	0.555139	3.33962	0	0	0.143549
setup	0	2015-04-13 23:00:00	0	7.64953	3.03049	2.44081e-06	0	0.00156945	0.000302001	0.00029421	0.00050271	0.000164785	3.78561e-07	0	0	0	0	0.854122	0	0.0279547	0.0136259	-1.66018e-15	0.166705	0.156775	0.00345407	0.000179507	647.571	40250	18797.2	28474.1	60.839	726.348	43.7362	7.4291	5.60378	0	0	21.4757	4311.69	1428.61	2294.32	6.36113	16.096	0.890487	0.573026	3.37915	0	0	0.142724
setup	0	2015-04-14 23:00:00	0	7.57957	2.9567	1.7918e-06	0	0.0015825	0.00021807	0.000289581	0.000480248	0.000158989	3.64705e-07	0	0	0	0	0.841843	0	0.0279184	0.013626	-1.66018e-15	0.166248	0.155899	0.00333608	0.000177	638.177	40250.6	18798.1	28474.3	61.3723	723.749	44.0271	7.57753	5.56311	0	0	21.4478	4311.79	1428.7	2294.34	6.41998	16.0493	0.900342	0.583955	3.42151	0	0	0.141877
setup	0	2015-04-15 23:00:00	0	7.51416	3.02787	1.79105e-06	0	0.00159461	0.000187166	0.000289738	0.000473016	0.000155923	3.862e-07	0	0	0	0	0.82963	0	0.0278821	0.0136256	-1.66018e-15	0.164935	0.154555	0.00324867	0.000176309	628.92	40251	18798.9	28474.5	61.909	721.151	44.3075	7.54615	5.61569	0	0	21.4199	4311.89	1428.79	2294.36	6.48823	16.0026	0.909837	0.582068	3.46714	0	0	0.141092
setup	0	2015-04-16 23:00:00	0	7.43727	2.93546	9.06171e-06	0	0.0016068	0.000164283	0.000164351	0.000356815	0.000260797	8.39244e-08	0	0	0	0	0.817596	0	0.0278458	0.0139005	-1.66018e-15	0.16553	0.160085	0.00497074	0.000179857	619.72	40251.5	18799.8	28474.7	62.623	718.545	44.5331	7.66672	5.45355	0	0	21.392	4311.98	1428.89	2294.37	6.55494	15.9559	0.917967	0.59395	3.49985	0	0	0.159196
setup	0	2015-04-17 23:00:00	0	7.19391	2.97448	1.93603e-05	0	0.00161679	0.000151472	0.000269713	0.00052656	0.000244655	9.88602e-08	0	0	0	0	0.805636	0	0.0278096	0.0136256	-1.66018e-15	0.159497	0.151287	0.00474267	0.000173883	610.629	40251.9	18800.7	28474.9	63.2957	715.963	44.8524	7.46702	5.45928	0	0	21.3642	4312.08	1428.98	2294.4	6.63168	15.9097	0.928016	0.576918	3.5476	0	0	0.158816
setup	0	2015-04-18 23:00:00	0	7.21392	3.44868	1.86906e-05	0	0.00162597	0.000149862	0.000299807	0.000596183	0.00024471	1.34998e-07	0	0	0	0	0.793818	0	0.0277735	0.0136257	-1.66018e-15	0.170133	0.158437	0.00455387	0.000179344	601.918	40251.9	18801	28474.9	63.8398	713.364	45.0298	6.95443	5.57951	0	0	21.3364	4312.17	1429.07	2294.46	6.71531	15.8633	0.934913	0.542236	3.60779	0	0	0.155749
setup	0	2015-04-19 23:00:00	0	7.07571	3.85775	3.37021e-06	0	0.00164218	0.000128855	0.000250645	0.000434054	0.000310088	1.10369e-07	0	0	0	0	0.782493	0	0.0277374	0.0200647	-1.66018e-15	0.19337	0.193045	0.0039211	0.000178218	593.041	40251.4	18800.5	28475.4	64.2204	710.734	45.1835	6.27217	5.70708	0	0	21.3087	4312.27	1428.98	2294.67	6.76845	15.8164	0.941299	0.490984	3.72537	0	0	0.149275
setup	0	2015-04-20 23:00:00	0	6.89292	3.53959	2.69823e-05	0	0.00165287	0.000124179	0.000193544	0.000506878	0.000332454	6.37259e-08	0	0	0	0	0.770953	0	0.0277013	0.0136453	-1.66018e-15	0.167775	0.156954	0.00630479	0.0001708	584.426	40251.2	18800.7	28475.2	64.4198	708.116	45.4325	6.01388	5.74089	0	0	21.281	4312.36	1429.06	2294.72	6.83394	15.7697	0.949594	0.477045	3.77929	0	0	0.16817
setup	0	2015-04-21 23:00:00	0	6.79235	3.62053	0.0499923	0.0129213	0.0338067	0.00240502	0.00025934	0.000401357	0.00031413	8.3437e-08	0	0	0	0	0.759754	0	0.0276653	0.0180781	-1.66018e-15	0.259605	0.211179	0.00319682	0.000186495	576.076	40250.8	18800	28475.5	64.5187	705.498	45.6139	5.87396	5.70912	0	0	21.2533	4312.41	1428.87	2294.48	6.70081	15.7231	0.956383	0.452805	3.97655	0	0	0.172342
setup	0	2015-04-22 23:00:00	0	6.64913	3.57586	0.0898328	0.0235068	0.0919181	0.00411146	0.000226201	0.000366455	0.000323261	6.13311e-08	0	0	0	0	0.748898	0	0.0276293	0.0165324	-1.66018e-15	0.195942	0.191642	0.00365345	0.000177728	567.773	40250.5	18799.5	28475.5	64.5506	702.889	45.8639	5.79109	5.56974	0	0	21.2257	4312.38	1428.77	2294.46	6.67264	15.6768	0.964561	0.439347	3.99709	0	0	0.196916
setup	0	2015-04-23 23:00:00	0	6.4803	4.2507	0.45192	0.122939	1.41554	0.0170298	0.000261553	6.19536e-05	0.000350875	9.03726e-08	0	0	0	0	0.738105	0	0.0275934	0.0340533	-1.66018e-15	0.254013	0.204218	0.00275901	0.000177918	559.675	40249	18797.5	28475.1	64.2927	700.293	46.1619	5.59176	4.66789	0	0	21.1981	4310.94	1428.41	2294.28	6.46888	15.6308	0.973664	0.406302	2.74877	0	0	0.282711
setup	0	2015-04-24 23:00:00	0	6.18528	3.38435	0.0816956	0.0233255	0.0164356	0.00326539	0.00019521	0.000198875	0.000360318	5.71202e-08	0	0	0	0	0.727577	0	0.0275576	0.0149943	-1.66018e-15	0.15453	0.152326	0.003473	0.000157354	551.795	40248.8	18797.4	28475	64.2694	697.732	46.6281	5.45202	4.43284	0	0	21.1706	4310.99	1428.41	2294.27	6.46666	15.5856	0.986325	0.393031	2.80505	0	0	0.272193
setup	0	2015-04-25 23:00:00	0	6.16487	3.51944	0.225899	0.0658881	0.190287	0.00919332	0.000250513	0.000138154	0.000324376	1.06337e-07	0	0	0	0	0.717334	0	0.0275217	0.0197011	-1.66018e-15	0.168605	0.157186	0.00289262	0.000157314	544.365	40248.3	18796.5	28474.7	64.1142	695.156	46.8647	5.34418	4.27275	0	0	21.143	4310.83	1428.27	2294.24	6.42722	15.5401	0.993964	0.375362	2.69243	0	0	0.274718
setup	0	2015-04-26 23:00:00	0	6.08514	3.31228	0.0649848	0.0172965	0.0131825	0.00247804	0.00023364	0.000327095	0.000327946	1.32302e-07	0	0	0	0	0.707675	0	0.0274859	0.0138493	-1.66018e-15	0.1447	0.133659	0.00403402	0.000152267	536.718	40248.2	18796.5	28474.5	64.0509	692.578	47.1163	5.34305	4.24709	0	0	21.1156	4310.89	1428.31	2294.27	6.44735	15.4946	1.0019	0.374043	2.73436	0	0	0.254725
setup	0	2015-04-27 23:00:00	0	6.07405	3.55169	0.025409	0.00539524	0.00408348	0.000830004	0.00011146	0.000270813	0.000551202	5.53045e-08	0	0	0	0	0.697734	0	0.0274502	0.014184	-1.66018e-15	0.151496	0.138965	0.00771125	0.000164786	529.25	40247.8	18796.5	28474.2	64.0364	689.979	47.333	5.22849	4.10236	0	0	21.0881	4310.97	1428.38	2294.32	6.47289	15.4487	1.009	0.376102	2.78682	0	0	0.285919
setup	0	2015-04-28 23:00:00	0	5.91988	3.30166	0.00551086	0	5.2652e-05	5.91334e-05	0.000218167	0.000561899	0.000553963	7.28514e-08	0	0	0	0	0.688025	0	0.0274145	0.0136259	-1.66018e-15	0.149408	0.135043	0.00756447	0.000169	521.717	40247.7	18796.7	28474.1	63.9886	687.387	47.5581	5.09394	4.26538	0	0	21.0607	4311.07	1428.47	2294.38	6.50152	15.4029	1.01631	0.373544	2.8514	0	0	0.262932
setup	0	2015-04-29 23:00:00	0	5.81523	3.28027	0.0184673	0.00431642	0.00319021	0.000730787	0.000148231	0.000467662	0.000784515	2.76486e-08	0	0	0	0	0.678232	0	0.0273789	0.013726	-1.66018e-15	0.152103	0.143822	0.0103881	0.000178824	514.451	40247.5	18796.9	28473.9	63.8946	684.789	47.8066	5.06807	4.33054	0	0	21.0333	4311.15	1428.54	2294.42	6.52168	15.3571	1.02411	0.382074	2.90317	0	0	0.284081
setup	0	2015-04-30 23:00:00	0	5.78037	3.21347	0.00523882	0	5.11263e-05	8.08065e-05	0.000263593	0.000809522	0.000695208	6.16373e-08	0	0	0	0	0.668787	0	0.0273433	0.0136256	-1.66018e-15	0.156497	0.1419	0.00939065	0.000187105	507.249	40247.5	18797.3	28473.8	63.8215	682.168	47.853	5.30032	4.35881	0	0	21.006	4311.24	1428.63	2294.46	6.54086	15.3108	1.02753	0.399623	2.95441	0	0	0.259872
setup	0	2015-05-01 23:00:00	0	5.63241	3.33791	0.037251	0.00970562	0.00752343	0.0016409	0.00033549	0.000875836	0.00049235	1.1796e-07	0	0	0	0	0.659423	0	0.0273078	0.013782	-1.66018e-15	0.164132	0.149104	0.00670351	0.000182238	500.075	40247.2	18797.3	28473.6	63.7346	679.543	47.8258	5.35609	4.53481	0	0	20.9787	4311.31	1428.67	2294.52	6.56167	15.2645	1.02939	0.403643	3.0099	0	0	0.233059
setup	0	2015-05-02 23:00:00	0	5.42899	3.05404	0.0074734	0	0.000110133	0.000108858	0.000237735	0.000656733	0.000560254	6.56163e-08	0	0	0	0	0.650098	0	0.0272723	0.0136766	-1.66018e-15	0.15548	0.140607	0.00821739	0.000180663	493.118	40247.3	18797.7	28473.5	63.7638	676.926	47.8674	5.75851	4.46996	0	0	20.9514	4311.4	1428.76	2294.55	6.58513	15.2183	1.03275	0.4341	3.05453	0	0	0.22977
setup	0	2015-05-03 23:00:00	0	5.2528	2.95275	0.00643133	0	0.000101668	0.000124799	0.000284042	0.000811914	0.000493654	8.66906e-08	0	0	0	0	0.641053	0	0.0272368	0.0136257	-1.66018e-15	0.156273	0.141613	0.00762156	0.000181704	486.408	40247.4	18798.2	28473.4	63.9596	674.306	47.8448	6.14106	4.43523	0	0	20.9241	4311.49	1428.84	2294.57	6.61936	15.172	1.03469	0.461418	3.0954	0	0	0.217117
setup	0	2015-05-04 23:00:00	0	5.04692	3.03942	0.00622654	0	9.37891e-05	0.000142039	0.000295319	0.000829922	0.000443376	1.06521e-07	0	0	0	0	0.63233	0	0.0272014	0.0136256	-1.66018e-15	0.161202	0.144429	0.00703105	0.000181369	479.881	40247.4	18798.7	28473.3	64.2663	671.686	47.8035	6.26311	4.48378	0	0	20.8969	4311.58	1428.93	2294.6	6.66285	15.1258	1.03623	0.471641	3.14506	0	0	0.206132
setup	0	2015-05-05 23:00:00	0	4.82503	3.10205	0.00598357	0	9.08791e-05	0.000159682	0.000304233	0.000849783	0.000410579	1.25658e-07	0	0	0	0	0.623845	0	0.027166	0.0136256	-1.66018e-15	0.162856	0.146407	0.00655993	0.000181765	473.59	40247.3	18799	28473.1	64.5839	669.069	47.7411	6.28564	4.57853	0	0	20.8698	4311.67	1429.02	2294.65	6.71312	15.0796	1.03729	0.475611	3.19634	0	0	0.19622
setup	0	2015-05-06 23:00:00	0	4.59866	3.19739	0.00472266	0	0.000105264	0.000178152	0.000310992	0.00086147	0.000385931	1.40521e-07	0	0	0	0	0.615667	0	0.0271307	0.0136257	-1.66018e-15	0.166574	0.149463	0.00615987	0.000182951	467.536	40247.2	18799.2	28472.9	64.8839	666.447	47.647	6.25971	4.68235	0	0	20.8426	4311.76	1429.1	2294.7	6.76688	15.0333	1.03765	0.476695	3.24874	0	0	0.18747
setup	0	2015-05-07 23:00:00	0	4.29117	3.66551	0.0473384	0.014048	0.0107766	0.0027608	0.000233154	0.000519047	0.000413888	7.37502e-08	0	0	0	0	0.607797	0	0.0270954	0.0150935	-1.66018e-15	0.182553	0.169587	0.0055181	0.000179868	461.735	40246.5	18798.6	28472.6	65.017	663.835	47.6286	5.76428	4.81947	0	0	20.8156	4311.82	1429.06	2294.8	6.80148	14.9872	1.03967	0.443963	3.32423	0	0	0.193504
setup	0	2015-05-08 23:00:00	0	3.92758	3.03965	0.00567148	0	0.00018886	0.000206048	0.000263479	0.000758378	0.000404379	8.42335e-08	0	0	0	0	0.600255	0	0.0270602	0.0136256	-1.66018e-15	0.161998	0.146046	0.006453	0.000172335	456.319	40246.4	18799	28472.4	65.1055	661.247	47.6735	5.96151	4.85839	0	0	20.7885	4311.91	1429.15	2294.84	6.83473	14.9417	1.04304	0.460603	3.37572	0	0	0.191431
setup	0	2015-05-09 23:00:00	0	3.56042	2.67134	0.00470975	0	0.000137731	0.000220258	0.000264569	0.000745267	0.000373314	9.12344e-08	0	0	0	0	0.593215	0	0.027025	0.0136267	-1.66018e-15	0.155861	0.141679	0.00624445	0.00016887	451.336	40246.7	18799.7	28472.5	65.3134	658.683	47.7489	6.44754	4.78953	0	0	20.7615	4312	1429.24	2294.85	6.86191	14.8966	1.04704	0.495312	3.41413	0	0	0.187635
setup	0	2015-05-10 23:00:00	0	3.28573	2.77943	0.00440038	0	0.000136396	0.000234254	0.000280772	0.000788046	0.000353995	1.10509e-07	0	0	0	0	0.586736	0	0.0269899	0.0136256	-1.66018e-15	0.16062	0.144888	0.00598009	0.000173137	446.752	40246.9	18800.2	28472.4	65.7049	656.111	47.7213	6.71185	4.76503	0	0	20.7345	4312.09	1429.32	2294.86	6.90595	14.8514	1.04877	0.514353	3.45405	0	0	0.182238
setup	0	2015-05-11 23:00:00	0	2.85376	3.34021	0.0611565	0.0209361	0.0162041	0.00438426	0.000187546	0.000352072	0.000371052	4.1e-08	0	0	0	0	0.580777	0	0.0269548	0.0152974	-1.66018e-15	0.207892	0.173273	0.00469845	0.000167578	442.416	40246.5	18799.8	28472.2	65.9599	653.587	47.9418	6.16675	4.74489	0	0	20.7075	4312.14	1429.24	2294.74	6.86108	14.8072	1.05593	0.47459	3.57724	0	0	0.195097
setup	0	2015-05-12 23:00:00	0	2.50849	3.03051	6.97951e-05	2.3882e-05	0.000330914	0.000234968	0.000247024	0.000663477	0.000360433	6.15045e-08	0	0	0	0	0.575141	0	0.0269198	0.0136257	-1.66018e-15	0.151221	0.142678	0.00536841	0.000159348	438.672	40246.4	18800.1	28472.1	66.1481	651.075	48.0705	6.00221	4.83645	0	0	20.6806	4312.22	1429.32	2294.79	6.91545	14.7633	1.06102	0.464983	3.62936	0	0	0.190544
setup	0	2015-05-13 23:00:00	0	2.24849	2.84627	1.79949e-05	4.17197e-06	0.000340522	0.000245406	0.000242248	0.000683239	0.000376247	6.81126e-08	0	0	0	0	0.570274	0	0.0268848	0.0136361	-1.66018e-15	0.155181	0.144375	0.00562935	0.000165519	435.243	40246.4	18800.6	28472	66.3363	648.546	48.0711	6.24139	4.8615	0	0	20.6537	4312.31	1429.41	2294.83	6.95645	14.7188	1.0633	0.482346	3.67167	0	0	0.186326
setup	0	2015-05-14 23:00:00	0	1.97276	2.77548	6.54336e-06	4.2083e-07	0.000357788	0.000258587	0.000282504	0.000814233	0.000356516	1.00456e-07	0	0	0	0	0.565815	0	0.0268498	0.0136257	-1.66018e-15	0.159886	0.146781	0.00536321	0.000172338	432.08	40246.6	18801.1	28471.9	66.6292	646.002	47.9884	6.5712	4.8704	0	0	20.6269	4312.4	1429.49	2294.85	6.99819	14.6739	1.06377	0.505478	3.71084	0	0	0.179541
setup	0	2015-05-15 23:00:00	0	1.68354	2.94075	2.42658e-06	1.29413e-08	0.000376839	0.000274126	0.000298789	0.000848613	0.000339846	1.2457e-07	0	0	0	0	0.561704	0	0.0268149	0.0136259	-1.66018e-15	0.166961	0.151294	0.00506855	0.000178744	429.242	40246.5	18801.5	28471.7	67.0212	643.445	47.8415	6.66723	4.93872	0	0	20.6001	4312.49	1429.58	2294.89	7.05226	14.6285	1.06285	0.513094	3.75588	0	0	0.174088
setup	0	2015-05-16 23:00:00	0	1.35412	2.59457	0.00580906	0.00218521	0.00216331	0.000765671	0.000180694	0.000502108	0.000422845	3.36891e-08	0	0	0	0	0.558014	0	0.0267801	0.0137368	-1.66018e-15	0.159416	0.156114	0.0062846	0.000176613	426.746	40246.8	18802.1	28471.7	67.4678	640.906	47.834	6.9551	4.92152	0	0	20.5733	4312.57	1429.65	2294.9	7.09649	14.5835	1.06501	0.536972	3.7876	0	0	0.18349
setup	0	2015-05-17 23:00:00	0	1.0592	3.00021	0.00577527	0.00218853	0.00225759	0.000785545	0.000253888	0.000713495	0.00040538	5.27252e-08	0	0	0	0	0.554769	0	0.0267453	0.013633	-1.66018e-15	0.16705	0.148412	0.00595585	0.000178739	424.698	40246.6	18802.3	28471.6	67.9604	638.378	47.7939	6.73682	4.97084	0	0	20.5465	4312.65	1429.73	2294.94	7.15815	14.5386	1.06642	0.519463	3.84022	0	0	0.182773
setup	0	2015-05-18 23:00:00	0	0.797439	3.22393	5.61502e-06	0	0.00050042	0.000309623	0.000299941	0.000836399	0.000348839	7.84012e-08	0	0	0	0	0.552108	0	0.0267105	0.0136256	-1.66018e-15	0.163169	0.148213	0.00516077	0.000171934	423.018	40246.3	18802.3	28471.3	68.251	635.883	47.8343	6.23549	5.16371	0	0	20.5198	4312.74	1429.81	2295.02	7.22853	14.4944	1.06956	0.487761	3.90187	0	0	0.174917
setup	0	2015-05-19 23:00:00	0	0.589703	2.95132	5.14768e-06	0	0.000518084	0.00032184	0.000305967	0.000820717	0.00032295	9.41616e-08	0	0	0	0	0.549923	0	0.0266758	0.0136257	-1.66018e-15	0.159814	0.145099	0.00475059	0.000164844	421.727	40246.2	18802.6	28471.2	68.3967	633.418	47.9035	6.12416	5.31582	0	0	20.4931	4312.82	1429.89	2295.07	7.27471	14.4509	1.07328	0.482458	3.95848	0	0	0.168837
setup	0	2015-05-20 23:00:00	0	0.456654	2.6575	3.4767e-06	0	0.000535111	0.000332634	0.00031375	0.00084016	0.000314156	1.18418e-07	0	0	0	0	0.548245	0	0.0266411	0.0136257	-1.66018e-15	0.160401	0.146297	0.00460463	0.000167311	420.848	40246.3	18803.1	28471.2	68.576	630.956	47.8802	6.49113	5.34281	0	0	20.4665	4312.91	1429.98	2295.1	7.3051	14.4072	1.07494	0.508981	4.00136	0	0	0.163464
setup	0	2015-05-21 23:00:00	0	0.389173	2.44003	0	0	0.00055148	0.000344957	0.000309351	0.000808522	0.000285391	1.2437e-07	0	0	0	0	0.547103	0	0.0266065	0.0136256	-1.66018e-15	0.160216	0.147148	0.00426982	0.000166197	420.115	40246.7	18803.9	28471.2	68.9099	628.5	47.8565	6.98094	5.30812	0	0	20.4399	4312.99	1430.06	2295.1	7.33491	14.3635	1.07658	0.543658	4.03797	0	0	0.159177
setup	0	2015-05-22 23:00:00	0	0.35438	2.5578	0	0	0.000567229	0.000357026	0.000304954	0.000788598	0.000266112	1.34049e-07	0	0	0	0	0.546149	0	0.0265719	0.0136256	-1.66018e-15	0.162104	0.148948	0.00404896	0.000166042	419.423	40247	18804.5	28471.2	69.3904	626.051	47.8069	7.16225	5.33715	0	0	20.4133	4313.08	1430.15	2295.12	7.38282	14.3198	1.07765	0.556938	4.07881	0	0	0.156305
setup	0	2015-05-23 23:00:00	0	0.340041	2.80912	0	0	0.00058237	0.000367954	0.000304276	0.000783356	0.000256093	1.47407e-07	0	0	0	0	0.54525	0	0.0265373	0.0136256	-1.66018e-15	0.163587	0.150894	0.00389628	0.000164307	418.772	40247	18804.8	28471.1	69.8693	623.621	47.7883	6.98277	5.41966	0	0	20.3868	4313.16	1430.23	2295.16	7.44439	14.2764	1.07937	0.546272	4.12843	0	0	0.153196
setup	0	2015-05-24 23:00:00	0	0.351905	2.81917	0	0	0.000596885	0.00037763	0.00029151	0.000725913	0.000230719	1.53437e-07	0	0	0	0	0.544404	0	0.0265028	0.0136256	-1.66018e-15	0.156511	0.146376	0.00363113	0.000155139	418.14	40246.9	18805.2	28471.1	70.2111	621.231	47.9013	6.70906	5.53482	0	0	20.3603	4313.25	1430.31	2295.21	7.5056	14.234	1.08395	0.529654	4.1808	0	0	0.150564
setup	0	2015-05-25 23:00:00	0	0.400923	2.77482	0	0	0.000610747	0.000384985	0.00028509	0.000707448	0.000226787	1.65629e-07	0	0	0	0	0.543582	0	0.0264684	0.0136257	-1.66018e-15	0.157034	0.14713	0.00358616	0.000153964	417.552	40246.9	18805.5	28471	70.4801	618.856	47.9627	6.59463	5.63804	0	0	20.3338	4313.34	1430.4	2295.26	7.55838	14.1917	1.08735	0.523797	4.2306	0	0	0.148484
setup	0	2015-05-26 23:00:00	0	0.516707	2.74788	0	0	0.000623933	0.000392671	0.000291924	0.000730371	0.000233831	1.9503e-07	0	0	0	0	0.542817	0	0.026434	0.0136256	-1.66018e-15	0.16311	0.152703	0.00362463	0.000160421	417.023	40247	18805.9	28470.9	70.7461	616.47	47.9094	6.68633	5.6952	0	0	20.3074	4313.42	1430.48	2295.3	7.60297	14.1489	1.08823	0.531839	4.27759	0	0	0.147178
setup	0	2015-05-27 23:00:00	0	0.728462	2.5391	0	0	0.000636486	0.000402554	0.000297407	0.000735235	0.000231121	2.19923e-07	0	0	0	0	0.54213	0	0.0263996	0.0136257	-1.66018e-15	0.166103	0.15639	0.00356183	0.000166827	416.502	40247.2	18806.5	28470.9	71.0905	614.073	47.7911	7.09814	5.64766	0	0	20.281	4313.5	1430.56	2295.31	7.639	14.1056	1.0877	0.560808	4.31527	0	0	0.145677
setup	0	2015-05-28 23:00:00	0	1.04365	2.58912	0	0	0.000648486	0.000414075	0.000305229	0.000746624	0.000228654	2.52894e-07	0	0	0	0	0.541453	0	0.0263653	0.0136257	-1.66018e-15	0.17188	0.161614	0.00352239	0.000174104	415.93	40247.4	18807	28470.8	71.584	611.666	47.6212	7.3532	5.62603	0	0	20.2546	4313.59	1430.64	2295.33	7.68402	14.0619	1.08606	0.580355	4.35589	0	0	0.145192
setup	0	2015-05-29 23:00:00	0	1.46264	2.62902	0	0	0.000659988	0.000426754	0.000306795	0.000724175	0.000221481	2.66288e-07	0	0	0	0	0.540709	0	0.026331	0.0136256	-1.66018e-15	0.170869	0.162466	0.00344537	0.000175878	415.115	40247.5	18807.5	28470.8	72.1346	609.264	47.4722	7.43867	5.65281	0	0	20.2283	4313.67	1430.72	2295.35	7.74078	14.0181	1.08487	0.585714	4.39953	0	0	0.143764
setup	0	2015-05-30 23:00:00	0	1.91752	2.92958	0	0	0.000671027	0.000439047	0.00030633	0.000700628	0.00021465	2.73705e-07	0	0	0	0	0.539649	0	0.0262968	0.0136256	-1.66018e-15	0.172319	0.165208	0.00339697	0.000174423	413.868	40247.3	18807.7	28470.6	72.6312	606.88	47.3765	7.16183	5.71576	0	0	20.202	4313.76	1430.81	2295.41	7.80947	13.9746	1.08484	0.568242	4.45242	0	0	0.143754
setup	0	2015-05-31 23:00:00	0	2.34558	2.84114	0	0	0.00068157	0.000447112	0.000295606	0.000642896	0.000201915	2.66499e-07	0	0	0	0	0.538029	0	0.0262626	0.0136257	-1.66018e-15	0.161845	0.158646	0.00332408	0.000164664	412.055	40247.2	18808	28470.4	72.9675	604.543	47.4314	6.95126	5.75725	0	0	20.1757	4313.84	1430.89	2295.46	7.87358	13.9323	1.08806	0.555488	4.50327	0	0	0.143236
setup	0	2015-06-01 23:00:00	0	2.81217	2.67239	1.86789e-07	0	0.000691542	0.000449063	0.000287155	0.000605304	0.000193113	2.68009e-07	0	0	0	0	0.535672	0	0.0262284	0.0136258	-1.66018e-15	0.157805	0.155703	0.00330078	0.000158253	409.666	40247.2	18808.4	28470.4	73.2273	602.237	47.5261	6.91364	5.78203	0	0	20.1495	4313.93	1430.97	2295.51	7.92369	13.8907	1.0921	0.554138	4.55201	0	0	0.141981
setup	0	2015-06-02 23:00:00	0	3.40511	2.58446	4.81925e-07	0	0.000700881	0.000450581	0.000289549	0.000599321	0.000191321	2.94299e-07	0	0	0	0	0.532566	0	0.0261943	0.0136256	-1.66018e-15	0.160794	0.158123	0.00335134	0.000160417	406.434	40247.3	18808.9	28470.4	73.4903	599.929	47.533	7.0932	5.76175	0	0	20.1233	4314.01	1431.05	2295.54	7.96475	13.8489	1.0942	0.56684	4.59728	0	0	0.141339
setup	0	2015-06-03 23:00:00	0	4.46799	2.28794	7.17343e-07	0	0.000708386	0.00045191	0.00028518	0.000557916	0.000180089	3.15936e-07	0	0	0	0	0.528364	0	0.013865	0.0136257	0.622286	0.199691	0.160062	0.00323528	0.000158779	401.887	40247.7	18809.7	28470.5	73.8004	597.638	47.5869	7.53715	5.65228	0	0	20.0971	4313.46	1430.87	2295.05	7.90725	13.7952	1.0973	0.596366	4.09608	0	0	0.141146
setup	0	2015-06-04 23:00:00	0	5.68448	2.48165	2.60419e-07	0	0.000686258	0.000415943	0.000293892	0.00055507	0.00016839	2.69792e-07	0	0	0	0	0.522453	0	0.0138469	0.0136258	0.509524	0.246026	0.197186	0.00201003	0.00016694	396.06	40247.9	18810.3	28470.5	74.1555	595.374	47.7333	7.58391	5.56165	0	0	20.071	4313.03	1430.73	2294.68	7.76185	13.7424	1.10229	0.588498	3.83508	0	0	0.141044
setup	0	2015-06-05 23:00:00	0	6.04132	3.24236	0	0	0.000655233	0.000378658	0.000294718	0.000545559	0.000161905	2.72462e-07	0	0	0	0	0.514877	0	0.0138289	0.0136257	0.432123	0.235178	0.187398	0.00128032	0.000161516	389.051	40247.3	18810.1	28470.2	74.378	593.111	47.8196	6.90163	5.6198	0	0	20.1642	4312.68	1430.62	2294.45	7.67724	13.6899	1.10584	0.532531	3.64733	0	0	0.141015
setup	0	2015-06-06 23:00:00	0	6.4666	3.04255	0	0	0.000532626	0.000337318	0.00027835	0.000475515	0.000146913	2.7168e-07	0	0	0	0	0.505767	0	0.0138932	0.0136256	0.508231	0.229482	0.167877	0.000785037	0.000150586	381.044	40246.9	18810.1	28470	74.3619	590.855	47.9334	6.53273	5.75675	0	0	20.138	4312.26	1430.47	2294.18	7.56771	13.6377	1.10989	0.495857	3.39197	0	0	0.141209
setup	0	2015-06-07 23:00:00	0	6.89825	2.86099	0	0	0.000484506	0.000270346	0.000264241	0.000423449	0.000146526	2.28864e-07	0	0	0	0	0.495357	0	0.0138751	0.0136257	0.281952	0.209792	0.153558	0.000201998	0.000141182	372.549	40246.7	18810.3	28469.9	74.2168	588.6	48.0459	6.46478	5.89477	0	0	20.1292	4312.07	1430.41	2294.06	7.47024	13.5859	1.11383	0.47758	3.34053	0	0	0.138817
setup	0	2015-06-08 23:00:00	0	7.09491	2.7532	0	0	0.000440106	0.000214485	0.00022822	0.000324992	0.000113916	2.0977e-07	0	0	0	0	0.484314	0	0.013869	0.0136256	0.223762	0.17909	0.123211	0.000143235	0.000123216	363.618	40246.5	18810.6	28469.8	73.9976	586.35	48.1789	6.55934	6.0181	0	0	20.1031	4311.94	1430.37	2293.98	7.41468	13.5344	1.11814	0.47399	3.29089	0	0	0.138335
setup	0	2015-06-09 23:00:00	0	7.08127	2.54846	0	0	0.000396733	0.000161418	0.000190858	0.000222525	8.5844e-05	1.85315e-07	0	0	0	0	0.472704	0	0.013851	0.0136256	0.196153	0.162754	0.106489	0.000103692	0.000106472	353.936	40246.6	18811	28469.8	73.753	584.133	48.4555	6.72397	6.10075	0	0	20.0769	4311.84	1430.35	2293.89	7.36377	13.4842	1.12552	0.477134	3.24831	0	0	0.136871
setup	0	2015-06-10 23:00:00	0	7.31294	2.76303	0	0	0.000356294	0.000110439	0.000176963	0.000218005	8.55267e-05	1.78798e-07	0	0	0	0	0.460117	0	0.013833	0.0136766	0.181811	0.166533	0.108085	0.000112018	0.000103602	344.41	40246.4	18811.2	28469.7	73.5612	581.916	48.6171	6.85328	6.0507	0	0	20.0508	4311.74	1430.32	2293.83	7.31874	13.4343	1.13025	0.482097	3.20965	0	0	0.137023
setup	0	2015-06-11 23:00:00	0	7.32191	3.49655	0	0	0.000314994	0.000323163	0.000105286	0.000221231	0.000156549	5.46109e-08	0	0	0	0	0.447732	0	0.013815	0.0144717	0.173258	0.180303	0.119317	0.00034715	9.87965e-05	335.185	40245.4	18810.6	28469	73.6031	579.708	48.6461	6.45927	5.64933	0	0	20.0248	4311.65	1430.29	2293.79	7.29673	13.3849	1.13198	0.467225	3.17471	0	0	0.151934
setup	0	2015-06-12 23:00:00	0	7.82137	3.32633	0	0	0.000275194	0.00175567	0.000154919	0.000335738	0.000166537	5.76894e-08	0	0	0	0	0.435741	0	0.0137971	0.0136258	0.165807	0.173172	0.111697	0.000313609	9.99139e-05	327.559	40244.6	18810.3	28468.5	73.5789	577.494	48.5321	6.06088	5.61934	0	0	19.9987	4311.56	1430.27	2293.76	7.28356	13.3356	1.13047	0.442185	3.14867	0	0	0.153537
setup	0	2015-06-13 23:00:00	0	8.46362	3.31336	0	0	0.000240605	0.00199328	0.000111305	0.000263593	0.000190706	3.19774e-08	0	0	0	0	0.425827	0	0.0137791	0.0137368	0.160424	0.169277	0.106917	0.000402285	9.94714e-05	321.784	40243.8	18809.9	28468	73.4557	575.277	48.4275	5.80856	5.53064	0	0	19.9727	4311.47	1430.24	2293.73	7.26392	13.2864	1.12916	0.42215	3.1275	0	0	0.167273
setup	0	2015-06-14 23:00:00	0	8.7338	3.17875	0	0	0.000208177	0.00213482	0.000154099	0.000339762	0.000179861	4.05726e-08	0	0	0	0	0.41832	0	0.0137612	0.0136303	0.154413	0.163258	0.102251	0.00033461	9.54857e-05	316.454	40243.1	18809.7	28467.6	73.2782	573.074	48.363	5.67531	5.44563	0	0	19.9468	4311.4	1430.22	2293.68	7.23778	13.2378	1.1287	0.409564	3.10906	0	0	0.167895
setup	0	2015-06-15 23:00:00	0	8.65176	3.0106	0	0	0.00018055	0.00235263	0.000166667	0.000345777	0.000161089	4.86853e-08	0	0	0	0	0.41139	0	0.0137433	0.0136273	0.147852	0.156694	0.0970566	0.000297846	8.96464e-05	310.593	40242.5	18809.6	28467.2	73.0746	570.895	48.3496	5.59904	5.41343	0	0	19.9208	4311.32	1430.2	2293.63	7.2084	13.1899	1.12929	0.401229	3.09374	0	0	0.162219
setup	0	2015-06-16 23:00:00	0	8.51299	2.71575	0	0	0.000156317	0.00251848	0.000198652	0.000354989	0.000112236	9.03745e-08	0	0	0	0	0.403771	0	0.0137254	0.0136256	0.145498	0.148672	0.0917517	0.000162392	8.48305e-05	305.335	40242.3	18809.8	28467.4	72.8506	568.715	48.4441	5.55225	5.56143	0	0	19.8949	4311.25	1430.18	2293.64	7.17816	13.1422	1.13224	0.393859	3.07901	0	0	0.143245
setup	0	2015-06-17 23:00:00	0	8.75075	2.28648	0	0	0.000134516	0.00290793	0.00016028	0.000207126	6.74564e-05	1.31828e-07	0	0	0	0	0.662319	0	0.0137076	0.0136256	0.139537	0.13766	0.0823297	8.73826e-05	8.02816e-05	301.527	40242.7	18810.4	28467.8	72.5665	566.551	48.6863	5.69157	6.112	0	0	19.8691	4311.19	1430.16	2293.58	7.14033	13.095	1.13841	0.393749	3.06622	0	0	0.137539
setup	0	2015-06-18 23:00:00	0	10.1473	2.27439	0	0	0.000111058	0.00241286	0.000138406	0.000155561	5.3684e-05	1.60591e-07	0	0	0	0	1.41295	0	0.0136898	0.0136256	0.134722	0.13414	0.0789291	6.55068e-05	8.00905e-05	300.507	40243.9	18811.7	28468.9	72.2224	564.398	48.9215	6.03528	7.27323	0	0	19.8432	4311.13	1430.15	2293.51	7.09589	13.0482	1.1444	0.403059	3.05457	0	0	0.136482
setup	0	2015-06-19 23:00:00	0	12.7918	2.62791	0	0	8.6269e-05	0.00234262	0.000144243	0.000162722	4.90738e-05	2.25757e-07	0	0	0	0	2.30555	0	0.013672	0.0136335	0.135886	0.143864	0.0839567	5.87013e-05	9.17145e-05	302.505	40245.6	18813.3	28470.4	71.7879	562.217	48.9739	6.63284	9.03999	0	0	19.8174	4311.06	1430.13	2293.44	7.04474	13.0005	1.14634	0.422297	3.04331	0	0	0.135963
setup	0	2015-06-20 23:00:00	0	12.7425	2.90166	0	0	6.79577e-05	0.00217395	0.000145677	0.0001212	4.06402e-05	2.81806e-07	0	0	0	0.64541	1.84409	0.0132412	0.0136542	0.0136257	0.13622	0.143564	0.0818945	4.71557e-05	9.57365e-05	302.731	40246.5	18814.3	28471.2	71.3143	560.698	49.1083	7.38596	9.85679	0	0	19.7917	4311	1430.11	2293.35	6.98618	12.9664	1.1501	0.448358	3.0314	0	0	0.135984
setup	0	2015-06-21 23:00:00	0	13.4573	2.85867	0	0	4.85145e-05	0.002118	0.00014037	8.68123e-05	3.26974e-05	3.20631e-07	0	0	0	0.748361	2.46095	0.0153533	0.0136365	0.0136256	0.133367	0.137271	0.0765537	3.40375e-05	9.50919e-05	305.181	40248.1	18815.9	28472.5	70.848	559.314	49.3601	8.13166	11.1783	0	0	19.7659	4310.94	1430.09	2293.27	6.92579	12.9353	1.15644	0.476464	3.01897	0	0	0.134067
setup	0	2015-06-22 23:00:00	0	13.2849	2.91751	0	0	3.14294e-05	0.00223063	0.00013378	6.33707e-05	2.66719e-05	3.55666e-07	0	0	0	0.865507	2.23942	0.0177567	0.0136187	0.0136256	0.129693	0.130226	0.0707791	2.44359e-05	9.35489e-05	307.242	40249.5	18817.3	28473.6	70.381	558.084	49.7075	8.93973	12.0142	0	0	19.7403	4310.88	1430.08	2293.18	6.86465	12.9074	1.16489	0.505941	3.0058	0	0	0.134411
setup	0	2015-06-23 23:00:00	0	13.9303	2.87178	0	0	1.6817e-05	0.00190384	0.000131196	5.7287e-05	2.25662e-05	4.086e-07	0	0	0	0.998419	2.54055	0.0204835	0.013601	0.0136272	0.126719	0.125811	0.0666444	1.81845e-05	9.51591e-05	310.386	40251.1	18819	28475	69.9102	557.009	50.0895	9.78043	13.1045	0	0	19.7146	4310.83	1430.07	2293.08	6.80384	12.8828	1.17407	0.536046	2.99325	0	0	0.133825
setup	0	2015-06-24 23:00:00	0	13.5995	2.87818	0	0	0.000257514	0.00201663	0.000126725	4.01421e-05	1.9222e-05	4.44125e-07	0	0	0	1.14877	2.28892	0.0235681	0.0135834	0.0136283	0.123406	0.120315	0.0620696	1.36188e-05	9.39781e-05	312.656	40252.5	18820.5	28476	69.4443	556.115	50.5401	10.6583	13.7871	0	0	19.689	4310.78	1430.06	2292.99	6.74336	12.8621	1.18474	0.566333	2.98053	0	0	0.132812
setup	0	2015-06-25 23:00:00	0	12.7391	2.78303	0	0	0.000722047	0.00196345	0.000120576	2.86856e-05	1.62148e-05	4.87131e-07	0	0	0	1.31835	1.76982	0.0270472	0.0135657	0.0136261	0.118763	0.112806	0.0565536	9.84751e-06	9.15417e-05	313.331	40253.5	18821.7	28476.7	68.9951	555.424	51.0712	11.5167	13.9212	0	0	19.6634	4310.73	1430.06	2292.89	6.68445	12.8456	1.19717	0.595772	2.96816	0	0	0.132329
setup	0	2015-06-26 23:00:00	0	11.8713	2.56703	0	0	0.00070738	0.0019882	0.000109822	8.43614e-06	1.35619e-05	4.96401e-07	0	0	0	1.50904	1.59431	0.0309593	0.0135481	0.0136256	0.112647	0.103612	0.0502027	6.83779e-06	8.45828e-05	313.51	40254.5	18823	28477.4	68.5767	554.962	51.7081	12.298	13.9827	0	0	19.6378	4310.69	1430.06	2292.79	6.62871	12.8341	1.2119	0.622602	2.95711	0	0	0.131818
setup	0	2015-06-27 23:00:00	0	11.1365	2.37792	0	0	0.00068629	0.00202235	0.000101092	8.09899e-06	1.14837e-05	5.41668e-07	0	0	0	1.72282	1.25918	0.0353453	0.0135304	0.0136256	0.106917	0.0952308	0.0445223	4.73707e-06	8.01235e-05	312.822	40255.4	18824.2	28478	68.1833	554.746	52.4219	12.9821	13.8441	0	0	19.6123	4310.66	1430.07	2292.69	6.57795	12.8279	1.2283	0.644973	2.94736	0	0	0.131034
setup	0	2015-06-28 23:00:00	0	10.7377	2.18257	0	0	0.000611337	0.00197689	9.21809e-05	-4.01915e-07	9.87581e-06	5.5402e-07	0	0	0	1.96175	1.30736	0.0402473	0.0135129	0.0136256	0.101346	0.0873707	0.0396251	3.28546e-06	7.42233e-05	312.373	40256.5	18825.6	28478.7	67.8123	554.796	53.2003	13.5918	13.8959	0	0	19.5868	4310.63	1430.08	2292.6	6.5317	12.8274	1.24608	0.664418	2.93846	0	0	0.129634
setup	0	2015-06-29 23:00:00	0	10.0795	2.05962	0	0	0	0.00195753	8.55908e-05	4.18357e-06	8.5901e-06	6.10815e-07	0	0	0	2.22799	0.920374	0.0457093	0.0134953	0.0136256	0.0959854	0.0811442	0.0351528	2.28754e-06	7.07937e-05	310.737	40257.4	18826.8	28479.2	67.4596	555.134	54.0291	14.1462	13.6333	0	0	19.5613	4310.61	1430.09	2292.5	6.4881	12.833	1.26495	0.681346	2.93232	0	0	0.129149
setup	0	2015-06-30 23:00:00	0	10.0138	1.90647	0	0	0	0.00197119	7.98796e-05	3.71482e-06	7.67498e-06	6.56701e-07	0	0	0	2.52371	1.05035	0.0517762	0.0134777	0.0136265	0.0904637	0.0709113	0.0311357	1.65537e-06	6.74272e-05	309.506	40258.5	18828.2	28479.9	67.1225	555.783	54.8947	14.6548	13.6326	0	0	19.5359	4310.59	1430.11	2292.41	6.45684	12.8452	1.28459	0.697463	2.92643	0	0	0.128867
setup	0	2015-07-01 23:00:00	0	8.83182	1.78682	0	0	0	0.00199492	7.03975e-05	-1.49292e-05	6.95921e-06	6.0599e-07	0	0	0	2.85115	0.54245	0.058494	0.0134602	0.0136261	0.0841744	0.0690878	0.0263355	1.13648e-06	5.99477e-05	306.667	40259.3	18829.3	28480.3	66.8058	556.775	55.811	15.1413	13.1635	0	0	19.5105	4310.58	1430.13	2292.32	6.42112	12.8646	1.30532	0.712801	2.92397	0	0	0.127821
setup	0	2015-07-02 23:00:00	0	8.53457	1.67428	0	0	0	0.0019769	6.59926e-05	-6.72878e-06	6.4207e-06	6.39397e-07	0	0	0	3.21256	0.56835	0.0659087	0.0134427	0.0136267	0.0815655	0.0667436	0.0254699	9.03752e-07	5.68365e-05	304.103	40260.2	18830.6	28480.8	66.5071	558.136	56.7554	15.5866	12.8074	0	0	19.4851	4310.57	1430.15	2292.23	6.38452	12.8918	1.32664	0.726531	2.92004	0	0	0.12776
setup	0	2015-07-03 23:00:00	0	8.10349	1.56967	0	0	0	0.00216909	6.07955e-05	-1.46455e-05	6.05667e-06	6.16335e-07	0	0	0	3.61017	0.533575	0.0740661	0.0134253	0.0136264	0.0789548	0.0636158	0.0244057	7.29822e-07	5.2303e-05	301.5	40261.1	18831.8	28481.3	66.2243	559.9	57.725	16.0037	12.4933	0	0	19.4598	4310.56	1430.17	2292.14	6.3497	12.9274	1.34847	0.739039	2.9161	0	0	0.126927
setup	0	2015-07-04 23:00:00	0	7.77851	1.49824	0	0	0	0.00196697	5.67795e-05	-1.09183e-05	5.73753e-06	6.27463e-07	0	0	0	4.04619	0.491677	0.0830114	0.0134078	0.0136259	0.0760361	0.0610115	0.0229582	5.7262e-07	4.92961e-05	298.863	40262.1	18833.1	28481.9	65.9566	562.103	58.7175	16.3959	12.1815	0	0	19.4345	4310.56	1430.19	2292.05	6.31573	12.9722	1.37078	0.750364	2.91366	0	0	0.126208
setup	0	2015-07-05 23:00:00	0	7.50659	1.44216	0	0	0	0.00201134	5.39862e-05	-6.95943e-06	5.47058e-06	6.59653e-07	0	0	0	4.52273	0.419308	0.0927881	0.0133904	0.0136256	0.0733297	0.0583884	0.0216244	4.5656e-07	4.73374e-05	296.137	40263.1	18834.5	28482.4	65.7016	564.781	59.7292	16.7666	11.8348	0	0	19.4092	4310.56	1430.22	2291.96	6.28344	13.0269	1.39348	0.76066	2.91172	0	0	0.125573
setup	0	2015-07-06 23:00:00	0	7.34805	1.39396	0	0	0	0.00191991	5.23295e-05	-1.56668e-06	5.40479e-06	6.72338e-07	0	0	0	5.04181	0.384978	0.103437	0.013373	0.0136344	0.0713233	0.0570404	0.0209505	3.99863e-07	4.6196e-05	293.08	40264.1	18835.8	28483	65.4532	567.969	60.7358	17.1311	11.512	0	0	19.384	4310.56	1430.24	2291.86	6.2527	13.0922	1.41602	0.770404	2.91053	0	0	0.125644
setup	0	2015-07-07 23:00:00	0	7.20986	1.33681	0	0	0	0.00185674	5.05372e-05	-3.54391e-06	5.27701e-06	6.72435e-07	0	0	0	5.60528	0.381003	0.114998	0.0133556	0.0136279	0.0695798	0.0557435	0.0202504	3.3229e-07	4.47105e-05	290.083	40265.2	18837.1	28483.6	65.2114	571.71	61.7485	17.4845	11.2479	0	0	19.3588	4310.56	1430.27	2291.77	6.2231	13.1689	1.43866	0.779527	2.91013	0	0	0.125386
setup	0	2015-07-08 23:00:00	0	7.14537	1.30256	0	0	0	0.00180173	5.01537e-05	2.10621e-06	5.19933e-06	7.16334e-07	0	0	0	6.21481	0.377108	0.127503	0.0133382	0.0136317	0.068096	0.0547115	0.0197373	2.82614e-07	4.47347e-05	286.782	40266.3	18838.5	28484.2	64.9751	576.045	62.764	17.8322	11.0228	0	0	19.3336	4310.56	1430.29	2291.68	6.19455	13.258	1.46133	0.788171	2.91038	0	0	0.125326
setup	0	2015-07-09 23:00:00	0	6.98183	1.30005	0	0	0	0.00110774	4.92857e-05	-5.6388e-06	5.47384e-06	6.82631e-07	0	0	0	6.87182	0.372817	0.140982	0.0133209	0.0136369	0.0373694	0.0525403	0.020216	3.41092e-07	4.3634e-05	283.184	40267.5	18839.9	28484.9	64.7425	581.019	63.7504	18.2088	10.8102	0	0	19.3202	4310.6	1430.34	2291.62	6.17113	13.3602	1.4833	0.797319	2.93682	0	0	0.125099
setup	0	2015-07-10 23:00:00	0	6.8774	1.25876	0	0	0	0.000372426	4.79626e-05	-6.95558e-06	5.40582e-06	7.91905e-07	0	0	0	7.57745	0.368139	0.29368	0.0251162	0.0136259	2.37169e-15	0.0445003	0.0183502	5.52923e-07	4.3247e-05	280.011	40268.7	18841.4	28485.6	64.5173	586.679	64.7654	18.5715	10.6255	0	0	19.3003	4310.68	1430.42	2291.58	6.16168	13.6267	1.50589	0.806788	2.98329	0	0	0.124828
setup	0	2015-07-11 23:00:00	0	6.66272	1.24147	0	0	0	0.000340575	4.95726e-05	-1.59366e-05	5.57126e-06	1.03003e-06	0	0	0	8.33248	0.364015	0.323124	0.0250904	0.0136256	2.37169e-15	0.0410073	0.0196751	8.99039e-07	4.48743e-05	277.017	40269.9	18842.9	28486.3	64.3018	593.074	65.8125	18.9265	10.4316	0	0	19.2753	4310.76	1430.49	2291.55	6.15699	13.9217	1.52972	0.818475	3.01774	0	0	0.124579
setup	0	2015-07-12 23:00:00	0	6.71965	1.21821	0	0	0.00453162	0.000286695	5.37075e-05	1.62369e-06	5.85784e-06	1.29297e-06	0	0	0	9.1373	0.360122	0.354334	0.0250578	0.0136256	2.37169e-15	0.0407844	0.0211429	1.032e-06	4.89758e-05	274.165	40271.2	18844.4	28487	64.09	600.248	66.8597	19.2804	10.2763	0	0	19.2502	4310.84	1430.57	2291.51	6.15221	14.2468	1.55413	0.831835	3.04533	0	0	0.125075
setup	0	2015-07-13 23:00:00	0	6.79887	1.19636	0	0	0.000374678	0.000186357	5.76636e-05	2.08695e-06	6.20708e-06	1.55485e-06	0	0	0	9.99186	0.356414	0.387473	0.0250253	0.0136257	2.37169e-15	0.0405525	0.022509	9.62097e-07	5.25229e-05	271.058	40272.5	18846	28487.8	63.8806	608.246	67.9112	19.6378	10.1563	0	0	19.2252	4310.92	1430.65	2291.47	6.14788	14.6038	1.57924	0.846571	3.07573	0	0	0.125238
setup	0	2015-07-14 23:00:00	0	6.74186	1.18527	0	0	0.000280901	0.000161127	5.9466e-05	-7.29678e-06	6.59403e-06	1.71219e-06	0	0	0	10.8956	0.352376	0.422519	0.0249927	0.0136256	2.37169e-15	0.0402662	0.0236392	7.67972e-07	5.37695e-05	267.864	40273.9	18847.5	28488.6	63.6753	617.115	68.979	20.0011	10.0464	0	0	19.2002	4311	1430.73	2291.44	6.14383	14.9945	1.60537	0.862468	3.10514	0	0	0.125113
setup	0	2015-07-15 23:00:00	0	6.60879	1.17334	0	0	0.000229643	0.000169292	5.98416e-05	-1.2391e-05	7.00469e-06	1.78002e-06	0	0	0	11.8474	0.348223	0.459429	0.0249602	0.0136256	2.37169e-15	0.0398868	0.0246122	5.47999e-07	5.37555e-05	264.64	40275.3	18849.2	28489.5	63.4746	626.899	70.0656	20.373	9.94345	0	0	19.1752	4311.09	1430.82	2291.4	6.14011	15.4206	1.63261	0.879456	3.13337	0	0	0.12475
setup	0	2015-07-16 23:00:00	0	6.52956	1.17398	0	0	0.000194376	0.000178711	6.10851e-05	-8.62049e-06	7.4309e-06	1.93569e-06	0	0	0	12.8456	0.344033	0.498137	0.0249278	0.0136256	2.37169e-15	0.0394626	0.0254814	5.28859e-07	5.49561e-05	261.633	40276.7	18850.8	28490.3	63.2788	637.64	71.1743	20.7583	9.83036	0	0	19.1503	4311.18	1430.9	2291.36	6.13669	15.8838	1.66108	0.897625	3.16029	0	0	0.124818
setup	0	2015-07-17 23:00:00	0	6.69626	1.1788	0	0	0.000158764	0.000181983	6.54784e-05	9.61841e-06	7.84948e-06	2.26594e-06	0	0	0	13.8877	0.340124	0.53855	0.0248954	0.0136258	2.37169e-15	0.0398326	0.0264722	5.89527e-07	5.95641e-05	258.628	40278.2	18852.5	28491.2	63.0826	649.376	72.2815	21.1572	9.74259	0	0	19.1254	4311.27	1430.99	2291.32	6.13372	16.3855	1.69031	0.916804	3.18696	0	0	0.125496
setup	0	2015-07-18 23:00:00	0	6.68422	1.1703	0	0	0.000139778	0.00018838	6.69852e-05	-5.40021e-06	8.27323e-06	2.37371e-06	0	0	0	14.9708	0.336216	0.580551	0.024863	0.0136277	2.37169e-15	0.0401043	0.0273648	6.45096e-07	6.0363e-05	255.378	40279.7	18854.2	28492.1	62.8878	662.145	73.4066	21.5703	9.67493	0	0	19.1005	4311.36	1431.08	2291.28	6.1311	16.9272	1.72078	0.936906	3.21324	0	0	0.125167
setup	0	2015-07-19 23:00:00	0	6.56405	1.16619	0	0	0.000154289	0.000192878	6.6968e-05	-1.14606e-05	8.68249e-06	2.39017e-06	0	0	0	16.0911	0.331992	0.623994	0.0248307	0.0136277	2.37169e-15	0.0401571	0.0281221	6.9627e-07	5.99718e-05	251.809	40281.3	18856	28493	62.6957	675.979	74.5578	21.9977	9.61405	0	0	19.0757	4311.45	1431.17	2291.24	6.12884	17.5101	1.75272	0.957844	3.23875	0	0	0.124862
setup	0	2015-07-20 23:00:00	0	6.46618	1.17414	0	0	0.000156308	0.000195234	6.73777e-05	-1.01448e-05	9.06606e-06	2.45537e-06	0	0	0	17.2439	0.327352	0.668701	0.0247984	0.0136267	2.37169e-15	0.0401801	0.0288495	7.44581e-07	6.02848e-05	248.656	40282.9	18857.8	28493.9	62.5067	690.908	75.7392	22.4395	9.54706	0	0	19.0509	4311.55	1431.26	2291.19	6.12697	18.1355	1.78627	0.979551	3.26345	0	0	0.124725
setup	0	2015-07-21 23:00:00	0	6.33826	1.17436	0	0	0.000158681	0.000196146	6.71601e-05	-1.31483e-05	9.44164e-06	2.46317e-06	0	0	0	18.4241	0.323253	0.714468	0.0247662	0.0136265	2.37169e-15	0.0402077	0.0295401	7.88778e-07	5.98199e-05	245.547	40284.6	18859.7	28494.9	62.3208	706.955	76.9561	22.8959	9.48035	0	0	19.0261	4311.65	1431.36	2291.15	6.12548	18.8042	1.8216	1.00198	3.28738	0	0	0.124717
setup	0	2015-07-22 23:00:00	0	6.16635	1.176	0	0	0.000166742	0.00019469	6.61609e-05	-1.69661e-05	9.80494e-06	2.41829e-06	0	0	0	19.6256	0.319211	0.761058	0.024734	0.0136259	2.37169e-15	0.0401159	0.0301489	8.28323e-07	5.85988e-05	242.625	40286.3	18861.6	28495.9	62.1388	724.136	78.2162	23.3666	9.40727	0	0	19.0014	4311.75	1431.45	2291.1	6.12439	19.5168	1.85894	1.02506	3.31038	0	0	0.124661
setup	0	2015-07-23 23:00:00	0	6.18921	1.18317	0	0	0.00015362	0.000191301	6.84799e-05	-8.82856e-07	1.01321e-05	2.61866e-06	0	0	0	20.8413	0.315413	0.808204	0.0247018	0.0136258	2.37169e-15	0.0403896	0.030849	8.67421e-07	6.12653e-05	239.669	40288.1	18863.5	28496.9	61.9581	742.46	79.5055	23.8532	9.34504	0	0	18.9767	4311.85	1431.56	2291.06	6.12375	20.2737	1.89802	1.04884	3.33296	0	0	0.124912
setup	0	2015-07-24 23:00:00	0	6.17125	1.19052	0	0	0.000149244	0.000187698	7.0147e-05	-5.54295e-06	1.04595e-05	2.77106e-06	0	0	0	22.0638	0.31157	0.855609	0.0246697	0.0136278	2.37169e-15	0.0407184	0.0315617	9.0499e-07	6.26031e-05	236.7	40289.9	18865.6	28498	61.7789	761.93	80.8353	24.3562	9.28708	0	0	18.952	4311.96	1431.66	2291.01	6.12351	21.0749	1.93915	1.07331	3.35519	0	0	0.124798
setup	0	2015-07-25 23:00:00	0	6.01065	1.50185	0	0	0.000166908	0.000252305	7.8154e-05	-1.25532e-05	1.606e-05	2.42505e-06	0	0	0	23.2845	0.30771	0.902946	0.0246376	0.013667	2.37169e-15	0.0539435	0.0439623	0.000109648	6.51925e-05	233.844	40291.5	18867.3	28498.9	61.5952	782.53	81.8398	25.2343	8.97282	0	0	18.9274	4312.07	1431.77	2290.98	6.1184	21.92	1.97381	1.11468	3.37599	0	0	0.12426
setup	0	2015-07-26 23:00:00	0	5.94911	1.38511	0	0	0.000161815	0.000343689	7.74992e-05	-5.88828e-06	1.44548e-05	2.55591e-06	0	0	0	24.4943	0.303997	0.949863	0.0246056	0.0136376	2.37169e-15	0.0507246	0.0412668	5.25756e-05	6.57684e-05	231.155	40293.3	18869.3	28499.9	61.4162	804.255	83.0191	25.9722	8.81021	0	0	18.9028	4312.19	1431.88	2290.94	6.11409	22.8086	2.01372	1.15006	3.39997	0	0	0.124287
setup	0	2015-07-27 23:00:00	0	6.02963	1.26438	0	0	0.000142233	0.000317245	7.75306e-05	4.54317e-06	1.23932e-05	3.03197e-06	0	0	0	25.6835	0.300501	0.995979	0.0245736	0.0136292	2.37169e-15	0.0460284	0.0369511	1.37571e-05	6.81747e-05	228.394	40295.4	18871.5	28501.1	61.2412	827.083	84.4121	26.5711	8.76273	0	0	18.8782	4312.3	1431.99	2290.9	6.11159	23.7399	2.05988	1.1798	3.42434	0	0	0.125026
setup	0	2015-07-28 23:00:00	0	5.8758	1.34571	0	0	0.000159283	0.000266003	7.88976e-05	-1.53294e-05	1.42592e-05	2.89634e-06	0	0	0	26.8417	0.296912	1.04089	0.0245417	0.0136412	2.37169e-15	0.0509712	0.0418481	3.81864e-05	6.72767e-05	225.524	40297.4	18873.6	28502.2	61.0688	850.973	85.7608	27.2846	8.65422	0	0	18.8537	4312.43	1432.11	2290.85	6.10646	24.7124	2.10619	1.21616	3.44818	0	0	0.124088
setup	0	2015-07-29 23:00:00	0	5.75463	1.36838	0	0	0.000162033	0.000404182	7.95858e-05	-9.33798e-06	1.47381e-05	2.91751e-06	0	0	0	27.9579	0.293182	1.08418	0.0245098	0.0136384	2.37169e-15	0.0520543	0.0429071	3.86093e-05	6.78259e-05	222.827	40299.5	18875.9	28503.4	60.9	875.881	87.1657	28.0154	8.53745	0	0	18.8292	4312.55	1432.23	2290.81	6.10115	25.7242	2.15509	1.25404	3.47158	0	0	0.124354
setup	0	2015-07-30 23:00:00	0	5.61255	1.25528	0	0	0.000159362	0.000437436	7.61011e-05	-1.39822e-05	1.2998e-05	3.07216e-06	0	0	0	29.0208	0.289675	1.12539	0.0244779	0.0136271	2.37169e-15	0.0475226	0.038889	8.15301e-06	6.59894e-05	220.24	40301.7	18878.3	28504.7	60.7362	901.752	88.7965	28.627	8.50582	0	0	18.8047	4312.68	1432.36	2290.75	6.09766	26.7733	2.21073	1.28637	3.49505	0	0	0.124293
setup	0	2015-07-31 23:00:00	0	5.68025	1.2483	0	0	0.000136197	0.000383972	7.86305e-05	5.38312e-06	1.27648e-05	3.4348e-06	0	0	0	30.0187	0.286312	1.16409	0.0244461	0.013626	2.37169e-15	0.0449975	0.0380337	1.48654e-06	6.97211e-05	217.713	40304.1	18880.9	28506.1	60.5719	928.515	90.5082	29.2341	8.60067	0	0	18.7802	4312.81	1432.49	2290.7	6.10606	27.857	2.26964	1.31997	3.52534	0	0	0.124873
setup	0	2015-08-01 23:00:00	0	5.58812	1.41935	0	0	0.000137354	0.000348687	8.39523e-05	-9.642e-06	1.57289e-05	3.35617e-06	0	0	0	30.9397	0.283027	1.19981	0.0244143	0.013641	2.37169e-15	0.0534807	0.0452689	4.27177e-05	7.18011e-05	215.114	40306.5	18883.4	28507.5	60.4079	956.085	92.0881	30.0478	8.57775	0	0	18.7558	4312.95	1432.62	2290.65	6.11123	28.9718	2.32659	1.36703	3.55188	0	0	0.124401
setup	0	2015-08-02 23:00:00	0	5.41508	1.29944	0	0	0.000146123	0.000425822	7.98459e-05	-1.60455e-05	1.38414e-05	3.42873e-06	0	0	0	31.7719	0.279648	1.23208	0.0243826	0.0136278	2.37169e-15	0.0489984	0.0410597	6.93421e-06	6.91182e-05	212.603	40309	18886.1	28509	60.2465	984.377	93.9085	30.7393	8.63631	0	0	18.7314	4313.09	1432.76	2290.59	6.11689	30.1146	2.3908	1.40827	3.57892	0	0	0.124029
setup	0	2015-08-03 23:00:00	0	5.23283	1.34736	0	0	0.000146249	0.000515703	8.00954e-05	-1.59399e-05	1.46518e-05	3.35118e-06	0	0	0	32.5034	0.276384	1.26045	0.0243509	0.0136316	2.37169e-15	0.0517986	0.0439531	1.44925e-05	6.87325e-05	210.202	40311.6	18888.8	28510.5	60.0879	1013.28	95.769	31.4928	8.65112	0	0	18.7071	4313.24	1432.9	2290.53	6.12055	31.2812	2.45731	1.45465	3.60462	0	0	0.123958
setup	0	2015-08-04 23:00:00	0	5.0896	1.31776	0	0	0.000134802	0.00054475	7.9215e-05	-1.27034e-05	1.41048e-05	3.44068e-06	0	0	0	33.1225	0.273263	1.28445	0.0243192	0.0136259	2.37169e-15	0.0506207	0.0430886	1.78738e-06	6.85445e-05	207.906	40314.4	18891.8	28512.1	59.9318	1042.69	97.7718	32.2151	8.68108	0	0	18.6828	4313.39	1433.05	2290.46	6.12411	32.4672	2.5287	1.5002	3.62985	0	0	0.124045
setup	0	2015-08-05 23:00:00	0	4.98905	1.33673	0	0	0.000124341	0.000534249	8.08333e-05	-8.95317e-06	1.43863e-05	3.58827e-06	0	0	0	33.6179	0.270278	1.30367	0.0242876	0.0136258	2.37169e-15	0.0518713	0.0444975	1.22273e-06	7.00964e-05	205.719	40317.3	18894.7	28513.7	59.7776	1072.48	99.8519	32.9641	8.69569	0	0	18.6585	4313.55	1433.2	2290.39	6.12668	33.6676	2.60334	1.54842	3.65434	0	0	0.124124
setup	0	2015-08-06 23:00:00	0	4.87292	1.44421	0	0	0.000110317	0.000484225	8.46412e-05	-1.03557e-05	1.63553e-05	3.52368e-06	0	0	0	33.9789	0.267434	1.31766	0.024256	0.0136332	2.37169e-15	0.0583389	0.050563	2.77072e-05	7.16191e-05	203.581	40320.1	18897.7	28515.3	59.6244	1102.5	101.865	33.8548	8.65546	0	0	18.6342	4313.71	1433.36	2290.32	6.12659	34.8772	2.67749	1.60655	3.6777	0	0	0.123655
setup	0	2015-08-07 23:00:00	0	4.68066	1.86186	0	0	0.000118486	0.000548501	9.61615e-05	-1.08686e-05	2.41228e-05	3.1958e-06	0	0	0	34.1952	0.264655	1.32605	0.0242245	0.013656	2.37169e-15	0.0791158	0.069162	0.000154184	7.49654e-05	201.473	40322.7	18900.4	28516.6	59.4837	1132.61	103.535	35.2046	8.23383	0	0	18.61	4313.87	1433.52	2290.26	6.11696	36.0901	2.74382	1.69487	3.69562	0	0	0.123173
setup	0	2015-08-08 23:00:00	0	4.40792	2.09773	0	0	0.000127593	0.000652699	0.000100582	-1.46987e-05	3.00104e-05	2.85287e-06	0	0	0	34.2577	0.261914	1.32848	0.024193	0.0136521	2.37169e-15	0.0900437	0.0785156	0.00020733	7.39972e-05	199.486	40325.1	18903	28517.8	59.3697	1162.65	105.096	36.6889	7.66447	0	0	18.5858	4314.04	1433.69	2290.21	6.10599	37.3003	2.80835	1.79365	3.71221	0	0	0.122722
setup	0	2015-08-09 23:00:00	0	4.24737	1.65012	0	0	0.000116224	0.000630914	9.06661e-05	-1.15219e-05	2.16481e-05	3.00142e-06	0	0	0	34.1581	0.259332	1.32461	0.0241616	0.0136264	2.37169e-15	0.0732871	0.0638495	6.67802e-05	7.16411e-05	197.65	40328.1	18906.1	28519.5	59.2457	1192.48	107.137	37.6796	7.63896	0	0	18.5616	4314.22	1433.86	2290.14	6.10084	38.502	2.88661	1.85981	3.73181	0	0	0.122919
setup	0	2015-08-10 23:00:00	0	4.18197	1.5047	0	0	0.000100719	0.000555325	8.78963e-05	-4.91967e-06	1.88531e-05	3.2801e-06	0	0	0	33.8894	0.256945	1.31419	0.0241301	0.0136257	2.37169e-15	0.0669775	0.059006	2.99233e-05	7.20079e-05	195.902	40331.4	18909.5	28521.4	59.1176	1221.92	109.42	38.549	7.73274	0	0	18.5375	4314.4	1434.03	2290.07	6.09826	39.6886	2.97234	1.91666	3.75329	0	0	0.123221
setup	0	2015-08-11 23:00:00	0	4.0931	1.43269	0	0	9.56893e-05	0.00051765	8.61699e-05	-8.11195e-06	1.7484e-05	3.52962e-06	0	0	0	33.4456	0.254672	1.29698	0.0240988	0.0136258	2.37169e-15	0.063574	0.0562248	1.01324e-05	7.1894e-05	194.161	40334.9	18913.1	28523.4	58.9876	1250.8	111.883	39.3786	7.8558	0	0	18.5134	4314.58	1434.21	2289.99	6.09679	40.8535	3.0639	1.96975	3.77495	0	0	0.123403
setup	0	2015-08-12 23:00:00	0	4.05648	1.42861	0	0	8.90764e-05	0.000479949	8.89237e-05	9.15352e-07	1.71598e-05	3.94921e-06	0	0	0	32.8225	0.252409	1.27282	0.0240674	0.0136256	2.37169e-15	0.0633102	0.0559599	1.9088e-06	7.56318e-05	192.453	40338.4	18916.8	28525.4	58.8556	1278.95	114.44	40.2236	7.97904	0	0	18.4894	4314.77	1434.4	2289.9	6.09556	41.9896	3.15898	2.02282	3.79661	0	0	0.123755
setup	0	2015-08-13 23:00:00	0	3.97108	1.45831	0	0	7.39863e-05	0.000390523	9.19741e-05	-4.36157e-06	1.75521e-05	4.25262e-06	0	0	0	32.0172	0.250189	1.24159	0.0240362	0.0136256	2.37169e-15	0.0648987	0.0574021	1.56572e-06	7.82486e-05	190.764	40342.1	18920.6	28527.5	58.7226	1306.17	117.046	41.1191	8.0796	0	0	18.4653	4314.96	1434.59	2289.81	6.09398	43.0898	3.25631	2.07818	3.81818	0	0	0.123683
setup	0	2015-08-14 23:00:00	0	3.80152	1.48423	0	0	7.73549e-05	0.00040986	9.27594e-05	-1.29435e-05	1.80036e-05	4.334e-06	0	0	0	31.0285	0.247993	1.20325	0.0240049	0.0136256	2.37169e-15	0.0664195	0.0588842	1.67849e-06	7.83208e-05	189.124	40345.8	18924.5	28529.6	58.5902	1332.29	119.704	42.0619	8.15651	0	0	18.4413	4315.16	1434.78	2289.71	6.09204	44.1473	3.35585	2.1358	3.8394	0	0	0.123268
setup	0	2015-08-15 23:00:00	0	3.63013	1.51432	0	0	8.19128e-05	0.000454566	9.43251e-05	-1.06674e-05	1.84459e-05	4.45965e-06	0	0	0	29.8569	0.245861	1.15782	0.0239737	0.0136257	2.37169e-15	0.0679616	0.0603722	1.78163e-06	7.96273e-05	187.556	40349.6	18928.4	28531.7	58.4586	1357.14	122.403	43.0484	8.21267	0	0	18.4173	4315.36	1434.98	2289.61	6.08986	45.1552	3.45731	2.1956	3.8603	0	0	0.123333
setup	0	2015-08-16 23:00:00	0	3.39864	1.53797	0	0	8.33096e-05	0.000484235	9.37777e-05	-1.89965e-05	1.89125e-05	4.42647e-06	0	0	0	28.5047	0.243822	1.10538	0.0239425	0.0136256	2.37169e-15	0.0692181	0.061739	1.87299e-06	7.84881e-05	186.065	40353.5	18932.4	28533.9	58.3297	1380.53	125.159	44.0727	8.23685	0	0	18.3934	4315.57	1435.18	2289.51	6.08727	46.1066	3.561	2.25741	3.88061	0	0	0.123032
setup	0	2015-08-17 23:00:00	0	3.21383	1.56578	0	0	7.79254e-05	0.000478083	9.54673e-05	-1.02577e-05	1.93669e-05	4.53407e-06	0	0	0	26.976	0.241885	1.0461	0.0239114	0.0136256	2.37169e-15	0.0708317	0.0632434	1.95863e-06	8.01591e-05	184.676	40357.5	18936.5	28536.1	58.2023	1402.3	127.94	45.1347	8.25495	0	0	18.3695	4315.78	1435.39	2289.4	6.08465	46.9949	3.66596	2.32128	3.90082	0	0	0.123154
setup	0	2015-08-18 23:00:00	0	3.0348	1.59229	0	0	6.61019e-05	0.000420443	9.76033e-05	-1.00363e-05	1.98332e-05	4.7043e-06	0	0	0	25.2766	0.240079	0.9802	0.0238803	0.0136256	2.37169e-15	0.0725061	0.0648159	2.03749e-06	8.19308e-05	183.359	40361.5	18940.6	28538.3	58.0762	1422.28	130.738	46.2345	8.2692	0	0	18.3456	4315.99	1435.6	2289.3	6.08201	47.8138	3.77192	2.38727	3.921	0	0	0.12307
setup	0	2015-08-19 23:00:00	0	2.86403	1.64563	0	0	5.66996e-05	0.000365238	0.000101698	-5.85907e-06	2.06359e-05	4.92748e-06	0	0	0	23.4143	0.238367	0.90798	0.0238493	0.0136263	2.37169e-15	0.0757755	0.0677002	8.7773e-06	8.5183e-05	182.067	40365.5	18944.7	28540.5	57.95	1440.31	133.477	47.4006	8.30302	0	0	18.3218	4316.21	1435.81	2289.19	6.07969	48.5571	3.87655	2.45708	3.94156	0	0	0.123183
setup	0	2015-08-20 23:00:00	0	2.63679	1.83075	0	0	5.44708e-05	0.00035061	0.000107344	-1.25076e-05	2.40223e-05	4.84893e-06	0	0	0	21.3984	0.236687	0.829806	0.0238183	0.0136287	2.37169e-15	0.0855625	0.0765265	5.81438e-05	8.71377e-05	180.735	40369.4	18948.8	28542.6	57.8298	1456.26	136.015	48.7892	8.20594	0	0	18.2979	4316.43	1436.02	2289.1	6.07507	49.2192	3.97564	2.53992	3.96036	0	0	0.122884
setup	0	2015-08-21 23:00:00	0	2.35943	1.77249	0	0	6.51187e-05	0.000415907	0.00010519	-1.74246e-05	2.31429e-05	4.86168e-06	0	0	0	19.24	0.234956	0.746106	0.0237873	0.013626	2.37169e-15	0.0830007	0.0742274	3.02305e-05	8.56837e-05	179.424	40373.4	18952.9	28544.8	57.7111	1469.98	138.664	50.1044	8.1773	0	0	18.2741	4316.65	1436.24	2289	6.07213	49.7949	4.07814	2.61809	3.98053	0	0	0.12272
setup	0	2015-08-22 23:00:00	0	2.05661	1.77186	0	0	7.27391e-05	0.000477895	0.00010383	-1.95963e-05	2.33597e-05	4.79323e-06	0	0	0	16.9518	0.233251	0.657373	0.0237564	0.013626	2.37169e-15	0.0833403	0.0748503	2.49005e-05	8.43961e-05	178.16	40377.5	18957.1	28547.1	57.5962	1481.36	141.349	51.4296	8.14196	0	0	18.2504	4316.87	1436.46	2288.89	6.06918	50.2797	4.18179	2.69716	4.00009	0	0	0.122638
setup	0	2015-08-23 23:00:00	0	1.73537	1.83882	0	0	7.30458e-05	0.000500064	0.000103007	-2.27831e-05	2.48588e-05	4.53554e-06	0	0	0	14.548	0.231607	0.564154	0.0237255	0.0136265	2.37169e-15	0.087156	0.0783636	3.90956e-05	8.23789e-05	176.96	40381.6	18961.3	28549.3	57.4876	1490.28	143.975	52.8311	8.05532	0	0	18.2267	4317.1	1436.68	2288.79	6.06548	50.6693	4.28374	2.78115	4.01868	0	0	0.122254
setup	0	2015-08-24 23:00:00	0	1.42757	1.80471	0	0	7.83267e-05	0.000545501	0.000101464	-1.87772e-05	2.43421e-05	4.51515e-06	0	0	0	12.0439	0.230048	0.467048	0.0236947	0.0136256	2.37169e-15	0.0855789	0.077069	2.1617e-05	8.17798e-05	175.868	40385.7	18965.5	28551.5	57.382	1496.67	146.666	54.1807	8.0079	0	0	18.203	4317.33	1436.91	2288.68	6.06279	50.9603	4.38754	2.86237	4.03785	0	0	0.122338
setup	0	2015-08-25 23:00:00	0	1.16174	1.81581	0	0	5.50471e-05	0.000417528	0.000103602	-8.0446e-06	2.45615e-05	4.66414e-06	0	0	0	9.45611	0.228629	0.366697	0.0236639	0.0136258	2.37169e-15	0.0869059	0.0781272	1.6698e-05	8.41735e-05	174.891	40389.8	18969.8	28553.8	57.2768	1500.44	149.306	55.544	8.00746	0	0	18.1793	4317.56	1437.13	2288.58	6.06094	51.1498	4.48965	2.94463	4.05769	0	0	0.12252
setup	0	2015-08-26 23:00:00	0	0.900931	1.83269	0	0	5.56016e-05	0.000405396	0.000106585	-9.82002e-06	2.48505e-05	4.96485e-06	0	0	0	6.80225	0.227359	0.263784	0.0236331	0.0136256	2.37169e-15	0.0880463	0.0792063	1.2845e-05	8.69996e-05	174.033	40394	18974	28556.1	57.1732	1501.55	151.914	56.9265	8.00773	0	0	18.1557	4317.78	1437.35	2288.48	6.05925	51.2356	4.59062	3.02815	4.07751	0	0	0.122711
setup	0	2015-08-27 23:00:00	0	0.649178	1.85049	0	0	5.16546e-05	0.000377721	0.000106974	-1.68884e-05	2.53148e-05	5.02856e-06	0	0	0	4.10062	0.226243	0.159017	0.0236024	0.0136257	2.37169e-15	0.0894444	0.0804739	1.0741e-05	8.68285e-05	173.31	40398.1	18978.2	28558.3	57.0718	1499.94	154.48	58.3349	8.00093	0	0	18.1321	4318.01	1437.58	2288.37	6.05749	51.2163	4.69001	3.11333	4.09717	0	0	0.122433
setup	0	2015-08-28 23:00:00	0	0.436025	2.0205	0	0	6.01315e-05	0.000422651	0.000112515	-1.36401e-05	2.86318e-05	5.02599e-06	0	0	0	1.3701	0.225303	0.0531308	0.0235717	0.0136271	2.37169e-15	0.0982215	0.0883606	5.31082e-05	8.96472e-05	172.728	40402	18982.3	28560.4	56.9801	1495.61	156.806	59.9299	7.86792	0	0	18.1085	4318.24	1437.8	2288.28	6.05378	51.0911	4.78171	3.21029	4.11473	0	0	0.122553
setup	0	2015-08-29 23:00:00	0	0.271288	1.98406	0	0	5.20638e-05	0.000378423	0.000112927	-1.40407e-05	2.82005e-05	5.1467e-06	0	0	0	0	0.224546	0	0.0235411	0.0136257	2.37169e-15	0.0971106	0.0872812	3.37342e-05	9.03972e-05	172.263	40406	18986.4	28562.6	56.8899	1489.93	159.113	61.4711	7.81728	0	0	18.085	4318.47	1438.03	2288.19	6.0517	50.9132	4.87239	3.3042	4.13393	0	0	0.122466
setup	0	2015-08-30 23:00:00	0	0.150995	1.99113	0	0	5.66861e-05	0.000400903	0.000114857	-1.34047e-05	2.84179e-05	5.35977e-06	0	0	0	0	0.223942	0	0.0235104	0.0136256	2.37169e-15	0.0977073	0.0879354	2.75942e-05	9.24181e-05	171.89	40409.9	18990.4	28564.7	56.8025	1484.27	161.371	63.0077	7.78175	0	0	18.0614	4318.7	1438.25	2288.1	6.05021	50.736	4.96107	3.39828	4.15317	0	0	0.122575
setup	0	2015-08-31 23:00:00	0	0.0674913	2.42884	0	0	4.92987e-05	0.000347606	0.000126656	-1.20817e-05	3.7159e-05	5.14472e-06	0	0	0	0	0.223457	0	0.0234799	0.0136309	2.37169e-15	0.117736	0.106045	0.000150523	9.63966e-05	171.584	40413.4	18994	28566.5	56.7418	1478.62	163.082	64.9736	7.53362	0	0	18.038	4318.93	1438.47	2288.03	6.05751	50.5592	5.03247	3.52346	4.17611	0	0	0.122477
setup	0	2015-09-01 23:00:00	0	0.0130748	2.26902	0	0	5.71576e-05	0.000386165	0.000124883	-1.48923e-05	3.45095e-05	5.31631e-06	0	0	0	0	0.223059	0	0.0234494	0.0136256	2.37169e-15	0.111365	0.10022	8.69255e-05	9.68635e-05	171.324	40417	18997.7	28568.5	56.6793	1472.99	164.916	66.74	7.48135	0	0	18.0145	4319.15	1438.69	2287.97	6.06635	50.3831	5.10719	3.64093	4.19994	0	0	0.122529
setup	0	2015-09-02 23:00:00	0	0	2.27276	0	0	5.62287e-05	0.000381783	0.000128331	-1.00529e-05	3.45429e-05	5.6377e-06	0	0	0	0	0.222721	0	0.0234189	0.0136259	2.37169e-15	0.112524	0.101425	7.7139e-05	0.000100638	171.094	40420.6	19001.4	28570.5	56.6198	1467.39	166.719	68.4873	7.44305	0	0	17.9911	4319.38	1438.92	2287.9	6.07398	50.2076	5.18051	3.76085	4.22266	0	0	0.122859
setup	0	2015-09-03 23:00:00	0	0	2.49552	0	0	5.20636e-05	0.000362432	0.000129495	-2.86432e-05	3.98466e-05	5.1592e-06	0	0	0	0	0.222422	0	0.0233884	0.0136277	2.37169e-15	0.124979	0.112372	0.000135879	9.63572e-05	170.871	40423.9	19004.8	28572.2	56.5832	1461.81	168.263	70.4115	7.23444	0	0	17.9677	4319.6	1439.13	2287.85	6.07796	50.0328	5.24534	3.89718	4.24132	0	0	0.121899
setup	0	2015-09-04 23:00:00	0	0	2.52498	0	0	7.54075e-05	0.000508416	0.000129262	-2.06858e-05	4.10592e-05	4.92735e-06	0	0	0	0	0.222133	0	0.023358	0.0136265	2.37169e-15	0.126802	0.114146	0.00013411	9.57139e-05	170.649	40427.2	19008.2	28574	56.5618	1456.24	169.752	72.2656	7.08059	0	0	17.9444	4319.83	1439.35	2287.8	6.08318	49.8585	5.30804	4.03303	4.26029	0	0	0.122117
setup	0	2015-09-05 23:00:00	0	0	2.45288	0	0	7.40229e-05	0.000518229	0.000131302	-1.0561e-05	3.95466e-05	5.27852e-06	0	0	0	0	0.221844	0	0.0233277	0.0136256	2.37169e-15	0.122749	0.111008	0.000103433	0.000100077	170.427	40430.5	19011.6	28575.8	56.5433	1450.7	171.312	73.9806	7.02524	0	0	17.921	4320.05	1439.57	2287.75	6.09062	49.685	5.37257	4.16176	4.28064	0	0	0.122802
setup	0	2015-09-06 23:00:00	0	0	2.42756	0	0	4.80021e-05	0.000361698	0.000131411	-1.63017e-05	3.9285e-05	5.43459e-06	0	0	0	0	0.221556	0	0.0232973	0.0136256	2.37169e-15	0.122208	0.11064	9.11044e-05	0.000100501	170.206	40433.8	19015.1	28577.6	56.526	1445.18	172.864	75.6642	7.00356	0	0	17.8977	4320.27	1439.79	2287.7	6.09872	49.5121	5.43645	4.2891	4.30129	0	0	0.122534
setup	0	2015-09-07 23:00:00	0	0	2.42152	0	0	5.7468e-05	0.000405931	0.000129774	-2.3258e-05	3.94397e-05	5.39708e-06	0	0	0	0	0.221268	0	0.023267	0.0136256	2.37169e-15	0.122196	0.110775	8.38237e-05	9.89292e-05	169.985	40437.1	19018.5	28579.4	56.5119	1439.69	174.413	77.3317	6.97261	0	0	17.8745	4320.49	1440.01	2287.65	6.10676	49.34	5.49984	4.41607	4.32146	0	0	0.122327
setup	0	2015-09-08 23:00:00	0	0	2.43048	0	0	6.30178e-05	0.000443925	0.000130537	-1.91677e-05	3.97268e-05	5.48885e-06	0	0	0	0	0.22098	0	0.0232368	0.0136256	2.37169e-15	0.122692	0.111314	7.88456e-05	0.000100108	169.764	40440.4	19021.9	28581.2	56.502	1434.21	175.937	78.9857	6.93584	0	0	17.8512	4320.71	1440.22	2287.6	6.11494	49.1685	5.56213	4.543	4.34135	0	0	0.122531
setup	0	2015-09-09 23:00:00	0	0	2.43821	0	0	6.31676e-05	0.000450635	0.000130392	-2.35e-05	4.01639e-05	5.54645e-06	0	0	0	0	0.220693	0	0.0232066	0.0136256	2.37169e-15	0.123041	0.111805	7.51841e-05	9.99897e-05	169.543	40443.7	19025.2	28582.9	56.498	1428.76	177.454	80.6196	6.88097	0	0	17.828	4320.93	1440.44	2287.56	6.12308	48.9978	5.62384	4.6697	4.36073	0	0	0.122428
setup	0	2015-09-10 23:00:00	0	0	2.31957	0	0	5.16737e-05	0.000380195	0.000132958	-1.80644e-05	4.33354e-05	5.50057e-06	0	0	0	0	0.220406	0	0.0231764	0.0136264	2.37169e-15	0.126079	0.1148	0.000106338	0.000101078	169.322	40447	19028.7	28584.7	56.5096	1423.33	178.775	82.5836	6.78426	0	0	17.8048	4321.15	1440.65	2287.5	6.12332	48.8276	5.67902	4.81882	4.37235	0	0	0.122393
setup	0	2015-09-11 23:00:00	0	0	2.32463	0	0	5.24808e-05	0.000375069	0.000141875	-1.27948e-05	5.08017e-05	5.54309e-06	0	0	0	0	0.220119	0	0.0231463	0.0136282	2.37169e-15	0.134825	0.122115	0.000188327	0.00010571	169.102	40450.4	19032.1	28586.5	56.5663	1417.92	179.744	84.9909	6.5521	0	0	17.7817	4321.37	1440.87	2287.44	6.11701	48.6579	5.72273	4.99224	4.3787	0	0	0.122671
setup	0	2015-09-12 23:00:00	0	0	2.33193	0	0	5.14324e-05	0.000364007	0.000143991	-1.62669e-05	5.16984e-05	5.72996e-06	0	0	0	0	0.219833	0	0.0231162	0.0136265	2.37169e-15	0.132419	0.119972	0.000173064	0.000107839	168.882	40453.7	19035.5	28588.2	56.6445	1412.52	180.681	87.2666	6.43366	0	0	17.7586	4321.59	1441.08	2287.38	6.1197	48.4887	5.7651	5.15198	4.39047	0	0	0.122699
setup	0	2015-09-13 23:00:00	0	0	2.26663	0	0	5.24563e-05	0.000366768	0.000142332	-2.04021e-05	4.99005e-05	5.91678e-06	0	0	0	0	0.219547	0	0.0230862	0.0136256	2.37169e-15	0.126809	0.115131	0.000134741	0.000108251	168.663	40457	19039	28590.1	56.7222	1407.15	181.699	89.4006	6.40697	0	0	17.7355	4321.81	1441.29	2287.33	6.12824	48.3202	5.80978	5.29833	4.40595	0	0	0.122719
setup	0	2015-09-14 23:00:00	0	0	2.24627	0	0	5.07105e-05	0.000355373	0.000141357	-2.3995e-05	4.95362e-05	5.94518e-06	0	0	0	0	0.219262	0	0.0230561	0.0136257	2.37169e-15	0.126794	0.114952	0.000118952	0.000107767	168.444	40460.3	19042.4	28591.9	56.8012	1401.79	182.727	91.5071	6.38864	0	0	17.7124	4322.02	1441.5	2287.28	6.13562	48.1523	5.85445	5.4388	4.41984	0	0	0.122545
setup	0	2015-09-15 23:00:00	0	0	2.4933	0	0	6.42108e-05	0.000443512	0.000140539	-3.10798e-05	5.04245e-05	5.80634e-06	0	0	0	0	0.218977	0	0.0230262	0.0136259	2.37169e-15	0.131578	0.118702	0.000117397	0.000106023	168.225	40463.4	19045.6	28593.5	56.8916	1396.46	183.755	93.3597	6.33529	0	0	17.6894	4322.24	1441.71	2287.24	6.14995	47.9852	5.89886	5.56109	4.43905	0	0	0.122337
setup	0	2015-09-16 23:00:00	0	0	2.74049	0	0	6.40198e-05	0.000457419	0.000142921	-2.50326e-05	5.05612e-05	5.84061e-06	0	0	0	0	0.218692	0	0.0229962	0.0136256	2.37169e-15	0.136941	0.123991	0.000109193	0.00010746	168.006	40466.2	19048.5	28595	56.9862	1391.15	184.778	94.9079	6.31109	0	0	17.6664	4322.45	1441.92	2287.23	6.1704	47.8187	5.94283	5.67067	4.4595	0	0	0.12254
setup	0	2015-09-17 23:00:00	0	0	2.30512	0	0	5.55747e-05	0.000406009	0.000144269	-1.74076e-05	5.08589e-05	6.20843e-06	0	0	0	0	0.218408	0	0.0229663	0.0136256	2.37169e-15	0.130937	0.118274	0.000104863	0.000111274	167.788	40469.4	19051.8	28596.8	57.0833	1385.86	185.762	96.9005	6.29121	0	0	17.6434	4322.67	1442.13	2287.18	6.17489	47.6528	5.98528	5.80493	4.47154	0	0	0.122893
setup	0	2015-09-18 23:00:00	0	0	2.67215	0	0	4.10533e-05	0.000302502	0.000149934	-1.94559e-05	5.13515e-05	6.58673e-06	0	0	0	0	0.218124	0	0.0229365	0.0136256	2.37169e-15	0.136799	0.123526	0.000101232	0.000115332	167.569	40472.2	19054.8	28598.3	57.183	1380.59	186.7	98.5434	6.27435	0	0	17.6205	4322.88	1442.34	2287.16	6.19357	47.4875	6.02601	5.91568	4.49417	0	0	0.123074
setup	0	2015-09-19 23:00:00	0	0	2.54322	0	0	4.94262e-05	0.000341372	0.000150299	-2.66688e-05	5.1986e-05	6.81238e-06	0	0	0	0	0.21784	0	0.0229067	0.0136256	2.37169e-15	0.134018	0.121208	9.83292e-05	0.000116131	167.352	40475.2	19057.8	28599.9	57.2887	1375.34	187.622	100.315	6.24219	0	0	17.5976	4323.09	1442.55	2287.13	6.20964	47.3229	6.06599	6.03398	4.51163	0	0	0.122906
setup	0	2015-09-20 23:00:00	0	0	2.42464	0	0	5.90048e-05	0.000405837	0.000146307	-3.72542e-05	5.27871e-05	6.63528e-06	0	0	0	0	0.217557	0	0.0228769	0.0136256	2.37169e-15	0.132538	0.120017	9.58471e-05	0.000112169	167.134	40478.2	19061	28601.5	57.4039	1370.12	188.548	102.176	6.19569	0	0	17.5747	4323.31	1442.76	2287.09	6.2209	47.159	6.10585	6.15844	4.52662	0	0	0.122502
setup	0	2015-09-21 23:00:00	0	0	2.55542	0	0	6.87215e-05	0.000484868	0.000145064	-3.49011e-05	5.35786e-05	6.48603e-06	0	0	0	0	0.217274	0	0.0228471	0.0136256	2.37169e-15	0.133919	0.121251	9.35752e-05	0.000111024	166.917	40481.1	19063.9	28603.1	57.5297	1364.91	189.464	103.878	6.14904	0	0	17.5519	4323.52	1442.96	2287.06	6.23854	46.9958	6.14517	6.27295	4.54456	0	0	0.122517
setup	0	2015-09-22 23:00:00	0	0	2.51925	0	0	5.75631e-05	0.000424312	0.000144839	-3.09281e-05	5.43697e-05	6.44082e-06	0	0	0	0	0.216992	0	0.0228174	0.0136257	2.37169e-15	0.134113	0.12127	9.16749e-05	0.000111072	166.7	40484	19067	28604.6	57.6621	1359.73	190.327	105.621	6.12127	0	0	17.5291	4323.73	1443.17	2287.04	6.25546	46.8332	6.18254	6.39004	4.5618	0	0	0.122544
setup	0	2015-09-23 23:00:00	0	0	2.52843	0	0	6.36039e-05	0.000464666	0.000143049	-3.80483e-05	5.52306e-05	6.33556e-06	0	0	0	0	0.21671	0	0.0227878	0.0136256	2.37169e-15	0.134196	0.121393	8.97941e-05	0.000109139	166.483	40486.8	19069.9	28606.2	57.804	1354.56	191.183	107.338	6.0805	0	0	17.5063	4323.94	1443.38	2287.01	6.27312	46.6712	6.21949	6.50597	4.57876	0	0	0.122368
setup	0	2015-09-24 23:00:00	0	0	2.59849	0	0	6.08438e-05	0.000451785	0.000145129	-3.0036e-05	5.59862e-05	6.4498e-06	0	0	0	0	0.216428	0	0.0227582	0.0136256	2.37169e-15	0.135442	0.122458	8.79245e-05	0.000111478	166.267	40489.6	19072.8	28607.7	57.9535	1349.42	191.999	108.986	6.04853	0	0	17.4835	4324.15	1443.58	2286.99	6.29415	46.5099	6.25492	6.61767	4.59729	0	0	0.122763
setup	0	2015-09-25 23:00:00	0	0	2.58239	0	0	5.26007e-05	0.000397127	0.000144123	-3.67761e-05	5.68182e-05	6.40964e-06	0	0	0	0	0.216147	0	0.0227286	0.0136257	2.37169e-15	0.135772	0.122652	8.59971e-05	0.00011011	166.051	40492.4	19075.7	28609.2	58.1096	1344.3	192.781	110.649	6.02066	0	0	17.4608	4324.35	1443.78	2286.97	6.31503	46.3492	6.28904	6.73045	4.61539	0	0	0.122417
setup	0	2015-09-26 23:00:00	0	0	2.5402	0	0	6.34647e-05	0.000467233	0.00014253	-3.95172e-05	5.76451e-05	6.31529e-06	0	0	0	0	0.215866	0	0.022699	0.0136256	2.37169e-15	0.135378	0.122376	8.41166e-05	0.000108664	165.835	40495.2	19078.6	28610.7	58.2749	1339.2	193.55	112.339	5.98636	0	0	17.4381	4324.56	1443.99	2286.95	6.33438	46.1892	6.32256	6.84556	4.63219	0	0	0.122307
setup	0	2015-09-27 23:00:00	0	0	2.57826	0	0	6.39214e-05	0.000479483	0.000142045	-3.86322e-05	5.84416e-05	6.27086e-06	0	0	0	0	0.215585	0	0.0226695	0.0136256	2.37169e-15	0.135828	0.122774	8.22157e-05	0.000108337	165.619	40497.9	19081.4	28612.1	58.4494	1334.12	194.302	113.974	5.9508	0	0	17.4154	4324.77	1444.19	2286.93	6.35594	46.0298	6.35535	6.95758	4.64962	0	0	0.122454
setup	0	2015-09-28 23:00:00	0	0	2.62402	0	0	5.619e-05	0.000429319	0.000145778	-2.99834e-05	5.91213e-05	6.53743e-06	0	0	0	0	0.215305	0	0.02264	0.0136257	2.37169e-15	0.136997	0.123708	8.03665e-05	0.000112345	165.404	40500.6	19084.2	28613.6	58.6296	1329.06	195.003	115.574	5.92831	0	0	17.3928	4324.98	1444.39	2286.91	6.37981	45.8711	6.38631	7.06743	4.66809	0	0	0.122738
setup	0	2015-09-29 23:00:00	0	0	2.67453	0	0	4.1702e-05	0.000322854	0.000152718	-2.45495e-05	5.97379e-05	7.14028e-06	0	0	0	0	0.215025	0	0.0226106	0.0136258	2.37169e-15	0.138749	0.125043	7.85921e-05	0.000119202	165.189	40503.1	19086.9	28615	58.8124	1324.01	195.64	117.159	5.91401	0	0	17.3702	4325.18	1444.59	2286.9	6.4054	45.7128	6.41502	7.1764	4.6875	0	0	0.123206
setup	0	2015-09-30 23:00:00	0	0	2.62425	0	0	3.60147e-05	0.000258774	0.000159547	-3.01787e-05	6.52422e-05	7.5148e-06	0	0	0	0	0.214745	0	0.0225812	0.0136266	2.37169e-15	0.142268	0.128358	0.000124926	0.000123211	164.974	40505.8	19089.6	28616.4	59.0271	1318.99	196.063	119.115	5.87483	0	0	17.3476	4325.39	1444.79	2286.89	6.43804	45.5551	6.43657	7.31298	4.70577	0	0	0.123196
setup	0	2015-10-01 23:00:00	0	0	2.82757	0	0	0.000218263	0.000310873	0.000166923	-3.39253e-05	7.15039e-05	7.65266e-06	0	0	0	0	0.214466	0	0.0225519	0.013627	2.37169e-15	0.15314	0.136767	0.000170905	0.000126159	164.76	40508.2	19092.1	28617.7	59.293	1313.98	196.292	121.079	5.76729	0	0	17.325	4325.59	1444.99	2286.9	6.47069	45.3978	6.45163	7.45673	4.72448	0	0	0.123045
setup	0	2015-10-02 23:00:00	0	0	3.29983	0	0	7.10843e-05	0.000342614	0.000184329	-2.70707e-05	9.74388e-05	7.26673e-06	0	0	0	0	0.214187	0	0.0225226	0.013633	2.37169e-15	0.18255	0.157335	0.000374096	0.000128876	164.545	40510.1	19094.2	28618.7	59.7868	1308.98	195.846	123.23	5.50762	0	0	17.3025	4325.79	1445.19	2286.93	6.50968	45.2408	6.44449	7.62857	4.73553	0	0	0.122813
setup	0	2015-10-03 23:00:00	0	0	5.29197	0	0	1.20151e-05	0.00043457	0.000252426	6.18775e-05	0.000222627	6.38998e-06	0	0	0	0	0.213909	0	0.0224933	0.0136647	2.37169e-15	0.270625	0.207138	0.00101331	0.000137182	164.331	40510	19094.2	28618.6	61.4289	1303.99	193.686	124.33	5.06895	0	0	17.28	4325.99	1445.39	2287.12	6.63074	45.0833	6.38121	7.79971	4.73493	0	0	0.122825
setup	0	2015-10-04 23:00:00	0	0	6.29552	0	0	1.19475e-05	0.000513259	0.000301856	0.00015332	0.000347259	5.63973e-06	0	0	0	0	0.213631	0	0.022464	0.013656	2.37169e-15	0.297408	0.21703	0.001004	0.000138025	164.118	40508.8	19093.1	28618	64.0255	1298.98	190.787	124.081	4.8566	0	0	17.2576	4326.19	1445.58	2287.4	6.85801	44.9252	6.29368	7.88907	4.74286	0	0	0.122808
setup	0	2015-10-05 23:00:00	0	0	6.24049	0	0	2.89544e-05	0.000533574	0.000270766	8.61185e-05	0.000261486	5.45485e-06	0	0	0	0	0.213353	0	0.0224348	0.0136287	2.37169e-15	0.264887	0.207189	0.000586331	0.000136815	163.904	40507.7	19092.1	28617.4	65.9143	1293.99	188.641	123.505	4.8967	0	0	17.2351	4326.39	1445.77	2287.69	7.08727	44.7676	6.23066	7.91854	4.77937	0	0	0.12289
setup	0	2015-10-06 23:00:00	0	0	4.99536	0	0	0.000184414	0.000515646	0.000249098	5.00118e-05	0.00022043	5.37832e-06	0	0	0	0	0.213076	0	0.0224057	0.0136272	2.37169e-15	0.24356	0.196834	0.000520761	0.000133884	163.691	40507.9	19092.3	28617.6	67.4579	1289.03	186.963	123.995	4.92697	0	0	17.2127	4326.59	1445.96	2287.89	7.24437	44.6105	6.18279	8.02177	4.7961	0	0	0.122735
setup	0	2015-10-07 23:00:00	0	0	7.98044	0	0	5.77404e-05	0.000502624	0.000361457	0.000271852	0.000517112	4.53621e-06	0	0	0	0	0.212799	0	0.0223765	0.0136811	2.37169e-15	0.366161	0.244158	0.00111071	0.000136435	163.479	40505	19089.5	28616	71.5076	1284.05	183.478	121.362	4.61662	0	0	17.1903	4326.79	1446.15	2288.3	7.58828	44.4526	6.07551	8.02611	4.79999	0	0	0.122809
setup	0	2015-10-08 23:00:00	0	0	6.67773	0	0	6.90017e-05	0.000494644	0.000405622	0.000368235	0.000662756	4.09506e-06	0	0	0	0	0.212522	0	0.0223474	0.0136694	2.37169e-15	0.356784	0.224095	0.000979637	0.000140393	163.266	40503.4	19088	28615.3	76.9536	1279.06	179.208	119.395	4.44432	0	0	17.168	4326.99	1446.34	2288.64	8.00546	44.2938	5.94247	8.00908	4.79006	0	0	0.123098
setup	0	2015-10-09 23:00:00	0	0	6.16203	0	0	7.75786e-05	0.000421589	0.000369425	0.000264126	0.000565453	3.96756e-06	0	0	0	0	0.212246	0	0.0223184	0.0136443	2.37169e-15	0.31508	0.20782	0.000750615	0.000142565	163.054	40502.3	19087	28614.9	82.2916	1274.07	175.196	117.67	4.38214	0	0	17.1457	4327.19	1446.52	2288.94	8.46578	44.1346	5.81774	7.92151	4.80045	0	0	0.123195
setup	0	2015-10-10 23:00:00	0	0	6.88633	0	0	8.16469e-05	0.000396339	0.000329673	0.000161026	0.000418848	4.10855e-06	0	0	0	0	0.21197	0	0.0222894	0.0136293	2.37169e-15	0.290738	0.207137	0.000641072	0.000147037	162.842	40500.5	19085.3	28613.9	86.4027	1269.1	171.974	115.466	4.41574	0	0	17.1234	4327.39	1446.7	2289.28	8.91685	43.9759	5.71883	7.78765	4.83417	0	0	0.123516
setup	0	2015-10-11 23:00:00	0	0	6.60342	0	0	7.76514e-05	0.00039832	0.000309079	0.000113881	0.000346079	4.2535e-06	0	0	0	0	0.211694	0	0.0222604	0.013627	2.37169e-15	0.278744	0.208318	0.000645314	0.000147157	162.63	40498.9	19083.8	28613.2	89.5252	1264.15	169.443	113.728	4.46937	0	0	17.1011	4327.59	1446.89	2289.61	9.28614	43.8179	5.64239	7.7117	4.86323	0	0	0.123337
setup	0	2015-10-12 23:00:00	0	0	9.71697	0	0	7.02553e-05	0.000407753	0.000519888	0.000575889	0.00111574	3.34292e-06	0	0	0	0	0.211419	0	0.0222315	0.0138218	2.37169e-15	0.512285	0.232563	0.00131389	0.000150703	162.419	40494.2	19079.2	28610.9	98.7529	1259.16	163.932	106.534	4.12474	0	0	17.0789	4327.78	1447.07	2290.22	9.95839	43.6572	5.46793	7.5027	4.85149	0	0	0.123726
setup	0	2015-10-13 23:00:00	0	0	7.99758	0	0	6.88583e-05	0.00045454	0.000415714	0.000288444	0.00070301	3.21972e-06	0	0	0	0	0.211144	0	0.0222026	0.0136448	2.37169e-15	0.376632	0.225538	0.000886464	0.00015293	162.208	40491.2	19076.2	28609.5	106.336	1254.16	159.31	101.446	4.05732	0	0	17.0567	4327.98	1447.24	2290.67	10.6633	43.4961	5.32264	7.19715	4.87197	0	0	0.123643
setup	0	2015-10-14 23:00:00	0	0	7.25813	0	0	7.02794e-05	0.000426908	0.000398852	0.000255962	0.000632457	3.2144e-06	0	0	0	0	0.21087	0	0.0221737	0.0136387	2.37169e-15	0.34618	0.220291	0.00092804	0.000155349	161.997	40488.9	19074	28608.4	113.075	1249.18	155.206	97.3188	4.02756	0	0	17.0345	4328.17	1447.42	2291.07	11.3088	43.3351	5.1942	6.92834	4.89553	0	0	0.123643
setup	0	2015-10-15 23:00:00	0	0	6.41047	0	0	6.42515e-05	0.000467109	0.000366175	0.000202084	0.00052552	3.26757e-06	0	0	0	0	0.210596	0	0.0221449	0.0136289	2.37169e-15	0.300772	0.207211	0.000917069	0.000153079	161.786	40487.4	19072.7	28607.7	118.47	1244.22	151.968	94.3276	4.06702	0	0	17.0124	4328.37	1447.59	2291.37	11.862	43.1749	5.09405	6.70389	4.92946	0	0	0.123506
setup	0	2015-10-16 23:00:00	0	0	7.58011	0	0	7.01318e-05	0.000421681	0.00041199	0.000310966	0.000632279	3.27828e-06	0	0	0	0	0.210322	0	0.0221161	0.0136432	2.37169e-15	0.336341	0.221602	0.00110727	0.00016055	161.576	40484.8	19070.1	28606.4	124.279	1239.26	148.468	90.1117	4.02911	0	0	16.9903	4328.56	1447.77	2291.79	12.4667	43.0145	4.98509	6.44609	4.95122	0	0	0.124026
setup	0	2015-10-17 23:00:00	0	0	7.07856	0	0	6.89947e-05	0.000406216	0.000451446	0.000395122	0.000742789	3.23579e-06	0	0	0	0	0.210049	0	0.0220873	0.0136534	2.37169e-15	0.369821	0.231714	0.00125866	0.000163018	161.366	40482.6	19068.1	28605.5	130.612	1234.31	144.839	86.037	3.96299	0	0	16.9682	4328.75	1447.94	2292.2	13.0262	42.8538	4.87168	6.21021	4.97072	0	0	0.123709
setup	0	2015-10-18 23:00:00	0	0	8.88775	0	0	6.22686e-05	0.000455556	0.000460627	0.000416028	0.000765043	3.14537e-06	0	0	0	0	0.209775	0	0.0220586	0.0136493	2.37169e-15	0.3714	0.23408	0.00133065	0.000163303	161.156	40478.6	19064.2	28603.6	136.945	1229.36	141.334	79.9783	3.91969	0	0	16.9461	4328.94	1448.11	2292.72	13.71	42.693	4.76218	5.83166	5.00312	0	0	0.124228
setup	0	2015-10-19 23:00:00	0	0	7.91743	0	0	5.90478e-05	0.000489498	0.000477629	0.000461206	0.000807027	3.05512e-06	0	0	0	0	0.209503	0	0.0220299	0.0136512	2.37169e-15	0.375633	0.23893	0.00145884	0.000164761	160.946	40475.6	19061.3	28602.2	143.09	1224.42	137.934	74.9489	3.87304	0	0	16.9241	4329.13	1448.28	2293.19	14.3214	42.5321	4.65592	5.52943	5.02761	0	0	0.124089
setup	0	2015-10-20 23:00:00	0	0	10.568	0	0	6.63087e-05	0.000463134	0.000447735	0.000377421	0.000602268	3.38864e-06	0	0	0	0	0.20923	0	0.0220013	0.0136262	2.37169e-15	0.353735	0.253611	0.00142119	0.000172866	160.737	40469.8	19055.7	28599.1	146.836	1219.5	135.309	68.6248	3.98628	0	0	16.9021	4329.31	1448.45	2293.81	14.9623	42.372	4.5751	5.1321	5.08425	0	0	0.124635
setup	0	2015-10-21 23:00:00	0	0	5.93933	0	0	6.71211e-05	0.000419197	0.000506845	0.000542635	0.000787183	3.42792e-06	0	0	0	0	0.208958	0	0.0219727	0.0136432	2.37169e-15	0.357892	0.252323	0.00184116	0.000173846	160.528	40468.7	19054.7	28598.9	150.82	1214.59	132.546	66.9844	3.94417	0	0	16.8801	4329.5	1448.62	2294.13	15.3237	42.2121	4.48944	5.05733	5.10431	0	0	0.123896
setup	0	2015-10-22 23:00:00	0	8.29572e-07	7.14028	0	0	6.32237e-05	0.00045508	0.000600492	0.000797307	0.00114315	3.20531e-06	0	0	0	0	0.208687	0	0.0219441	0.0136961	2.37169e-15	0.401744	0.251678	0.00211071	0.000175169	160.32	40466.4	19052.5	28598.1	156.61	1209.68	129.199	63.0817	3.80094	0	0	16.8582	4329.69	1448.78	2294.58	15.8571	42.0513	4.38433	4.82874	5.12834	0	0	0.124088
setup	0	2015-10-23 23:00:00	0	1.47475e-06	6.48624	0	0	6.16538e-05	0.00047696	0.000533066	0.000608895	0.000890358	3.2133e-06	0	0	0	0	0.208416	0	0.0219156	0.0136422	2.37169e-15	0.36607	0.247884	0.00178748	0.000175544	160.111	40464.7	19051	28597.5	161.597	1204.78	126.262	60.0266	3.7985	0	0	16.8362	4329.87	1448.95	2294.94	16.3586	41.8906	4.29261	4.61167	5.15774	0	0	0.124053
setup	0	2015-10-24 23:00:00	0	2.85908e-06	9.41502	0	0	6.08175e-05	0.00044751	0.000492329	0.000491865	0.000662605	3.55463e-06	0	0	0	0	0.208145	0	0.0218871	0.0136258	2.37169e-15	0.34509	0.25897	0.00174547	0.000182407	159.903	40460.1	19046.5	28594.9	164.404	1199.9	124.019	55.2835	3.94388	0	0	16.8144	4330.06	1449.11	2295.46	16.9133	41.7308	4.22364	4.28982	5.21123	0	0	0.124792
setup	0	2015-10-25 23:00:00	0	5.1566e-06	7.69643	0	0	5.21551e-05	0.000291665	0.000500902	0.000517843	0.000642194	3.88371e-06	0	0	0	0	0.207874	0	0.0218587	0.0136263	2.37169e-15	0.337447	0.264503	0.00198153	0.000187491	159.695	40457.2	19043.7	28593.4	166.074	1195.05	122.139	52.9858	4.07453	0	0	16.7925	4330.24	1449.28	2295.86	17.2753	41.5721	4.16649	4.1479	5.26163	0	0	0.124543
setup	0	2015-10-26 23:00:00	0	9.65715e-06	6.44598	0	0	4.53871e-05	0.000249817	0.000498137	0.000516896	0.000603555	4.34056e-06	0	0	0	0	0.207604	0	0.0218303	0.0136256	2.37169e-15	0.311338	0.25567	0.00209449	0.000191489	159.488	40455.4	19042.1	28592.4	167.107	1190.23	120.633	52.1438	4.20152	0	0	16.7707	4330.42	1449.45	2296.15	17.5439	41.4145	4.12149	4.09193	5.30468	0	0	0.124372
setup	0	2015-10-27 23:00:00	0	1.5722e-05	4.37398	0	0	4.09854e-05	0.000169676	0.000521658	0.000583148	0.000654087	4.54984e-06	0	0	0	0	0.207334	0	0.0218019	0.0136278	2.37169e-15	0.311101	0.256479	0.00231294	0.000193708	159.28	40455.8	19042.6	28592.6	168.071	1185.44	119.185	53.4522	4.23629	0	0	16.7489	4330.61	1449.61	2296.3	17.6736	41.2577	4.07818	4.18538	5.33482	0	0	0.123818
setup	0	2015-10-28 23:00:00	0	2.63631e-05	3.95955	0	0	3.33215e-05	0.00018596	0.000506951	0.000552688	0.000608367	4.77091e-06	0	0	0	0	0.207065	0	0.0217735	0.0136263	2.37169e-15	0.299176	0.24927	0.00220107	0.000193939	159.073	40456.5	19043.5	28593	168.956	1180.67	117.987	54.9344	4.29017	0	0	16.7271	4330.79	1449.78	2296.4	17.7846	41.1019	4.043	4.28074	5.37077	0	0	0.123618
setup	0	2015-10-29 23:00:00	0	4.2459e-05	3.89118	0	0	2.54521e-05	0.000186096	0.0004961	0.000530462	0.00058279	4.83502e-06	0	0	0	0	0.206795	0	0.0217452	0.0136265	2.37169e-15	0.290828	0.245269	0.002173	0.000191782	158.867	40457.3	19044.5	28593.4	169.862	1175.93	116.966	56.2564	4.33086	0	0	16.7054	4330.97	1449.96	2296.5	17.9004	40.9471	4.01348	4.3701	5.40186	0	0	0.123336
setup	0	2015-10-30 23:00:00	0	8.23133e-05	3.88113	0	0	2.6038e-05	0.000203286	0.000496149	0.000530876	0.000569956	5.19085e-06	0	0	0	0	0.206527	0	0.021717	0.0136269	2.37169e-15	0.291792	0.245013	0.00217221	0.000198049	158.661	40458.1	19045.4	28593.8	170.803	1171.21	116.028	57.4454	4.36416	0	0	16.6836	4331.15	1450.13	2296.6	18.0123	40.7932	3.98654	4.45465	5.43694	0	0	0.12361
setup	0	2015-10-31 23:00:00	0	9.69501e-05	5.69267	0	0	2.45499e-05	6.82136e-05	0.00073617	0.00118001	0.00126617	4.29746e-06	0	0	0	0	0.206259	0	0.0216887	0.0136977	2.37169e-15	0.410205	0.289556	0.00335817	0.000194431	158.455	40457.1	19044.5	28593.8	174.398	1166.49	114.068	55.3858	4.1199	0	0	16.6619	4331.33	1450.29	2296.95	18.2699	40.6382	3.92545	4.41014	5.45927	0	0	0.123147
setup	0	2015-11-01 23:00:00	0	0.000146402	8.35637	0	0	1.10156e-05	0.000232695	0.000641583	0.00124961	0.00538885	6.67125e-07	0	0	0	0	0.205991	0	0.0216605	0.014265	2.37169e-15	0.546327	0.35185	0.00766566	0.000195287	158.249	40453.4	19041	28592.4	181.139	1161.75	111.052	48.6558	3.83461	0	0	16.6403	4331.51	1450.45	2297.52	18.841	40.4823	3.82909	4.11533	5.47911	0	0	0.13499
setup	0	2015-11-02 23:00:00	0	0.000272498	7.74855	0	0	1.06396e-05	0.000177444	0.000600499	0.00127382	0.00377374	3.7337e-07	0	0	0	0	0.205724	0	0.0216324	0.0136788	2.37169e-15	0.47664	0.338919	0.00582691	0.000202687	158.044	40450.2	19038	28591.5	186.875	1157	108.059	43.3625	3.66468	0	0	16.6187	4331.69	1450.61	2298.05	19.476	40.3253	3.73351	3.73371	5.5181	0	0	0.1421
setup	0	2015-11-03 23:00:00	0	0.000366226	8.56711	0	0	1.02743e-05	6.93527e-05	0.000866901	0.00181967	0.00293677	7.6169e-07	0	0	0	0	0.205458	0	0.0216042	0.0137316	2.37169e-15	0.536541	0.339624	0.0041107	0.0001951	157.84	40446.3	19034.2	28589.2	193.187	1152.27	104.581	37.0381	3.60446	0	0	16.597	4331.86	1450.76	2298.49	20.1725	40.1686	3.62156	3.31498	5.55141	0	0	0.141107
setup	0	2015-11-04 23:00:00	0	0.000637881	7.50241	0	0	9.90822e-06	0.000158182	0.000753901	0.00165418	0.00559004	2.52092e-07	0	0	0	0	0.205192	0	0.0215762	0.0137577	2.37169e-15	0.493138	0.358554	0.00848279	0.000205709	157.637	40443.3	19031.5	28587.7	197.85	1147.56	101.472	32.9438	3.55968	0	0	16.5755	4332.04	1450.92	2298.89	20.7545	40.0126	3.52178	2.98644	5.58897	0	0	0.150067
setup	0	2015-11-05 23:00:00	0	0.000995172	6.80709	0	0	9.52584e-06	4.64249e-05	0.000626081	0.00149036	0.00363211	3.00004e-07	0	0	0	0	0.204928	0	0.0215481	0.0136432	2.37169e-15	0.480369	0.344538	0.00571186	0.000205211	157.435	40441.1	19029.4	28586.6	201.453	1142.86	98.7122	30.2042	3.51196	0	0	16.5539	4332.21	1451.07	2299.24	21.2125	39.8567	3.43358	2.74949	5.64207	0	0	0.153822
setup	0	2015-11-06 23:00:00	0	0.00135152	6.25542	0	0	9.14048e-06	0.00010401	0.00127465	0.00287325	0.00212217	1.06705e-06	0	0	0	0	0.204666	0	0.0215201	0.0137797	2.37169e-15	0.473131	0.381186	0.00560161	0.000211046	157.234	40439.4	19027.9	28589.4	204.447	1138.09	96.5705	28.1733	3.35004	0	0	16.5324	4332.38	1451.19	2300.16	21.5962	39.6965	3.36614	2.57874	5.69065	0	0	0.135603
setup	0	2015-11-07 23:00:00	0	0.00399908	5.72111	0	0	8.7367e-06	0.000159948	0.00111294	0.00241983	0.00166374	1.5696e-06	0	0	0	0	0.204405	0	0.0214921	0.013643	2.37169e-15	0.44971	0.357555	0.00481501	0.000219664	157.036	40438.2	19026.8	28589.3	206.594	1133.31	94.7196	27.0159	3.4072	0	0	16.5109	4332.56	1451.31	2300.51	21.911	39.5357	3.30823	2.45693	5.7485	0	0	0.128596
setup	0	2015-11-08 23:00:00	0	0.0175576	5.60835	0	0	8.29319e-06	2.41699e-05	0.000858183	0.00190932	0.00210882	9.96339e-07	0	0	0	0	0.204147	0	0.0214642	0.0136982	2.37169e-15	0.450036	0.35563	0.00531498	0.000225609	156.841	40437.1	19025.9	28588.6	208.478	1128.57	92.9646	26.0688	3.51859	0	0	16.4894	4332.73	1451.44	2300.72	22.1917	39.3758	3.25332	2.36337	5.80832	0	0	0.129634
setup	0	2015-11-09 23:00:00	0	0.0445162	5.91779	0	0	7.77804e-06	1.44339e-05	0.000697435	0.00155818	0.00498981	2.44284e-07	0	0	0	0	0.203893	0	0.0214363	0.0142557	2.37169e-15	0.472208	0.387443	0.00955441	0.000224305	156.641	40435.7	19024.6	28588.1	210.783	1123.84	91.2215	24.4219	3.53314	0	0	16.468	4332.9	1451.58	2301.03	22.5023	39.2166	3.19867	2.24792	5.85733	0	0	0.137318
setup	0	2015-11-10 23:00:00	0	0.0747749	5.6819	7.10852e-06	1.25555e-05	1.09292e-05	6.74231e-06	0.000764238	0.00186515	0.00511733	1.37663e-07	0	0	0	0	0.203634	0	0.0214084	0.0136871	2.37169e-15	0.455065	0.381457	0.0108566	0.000228101	156.436	40434.5	19023.6	28587.8	212.617	1119.14	89.6802	23.1824	3.58888	0	0	16.4466	4333.07	1451.71	2301.33	22.7875	39.058	3.1507	2.14034	5.9127	0	0	0.143855
setup	0	2015-11-11 23:00:00	0	0.122792	5.57486	3.32487e-05	5.91456e-05	2.44672e-05	1.90793e-05	0.000873238	0.00221249	0.00607308	9.98156e-08	0	0	0	0	0.203367	0	0.0213806	0.0137153	2.37169e-15	0.469368	0.397555	0.0145137	0.000240515	156.225	40433.3	19022.7	28587.7	214.134	1114.44	88.2692	22.2204	3.62342	0	0	16.4252	4333.23	1451.84	2301.62	23.0115	38.8996	3.10701	2.06041	5.99085	0	0	0.149893
setup	0	2015-11-12 23:00:00	0	0.198271	5.56934	4.18352e-05	7.51983e-05	2.91337e-05	2.43176e-05	0.00101222	0.00251089	0.00439894	2.58467e-07	0	0	0	0	0.203092	0	0.0213528	0.0136314	2.37169e-15	0.454073	0.370067	0.0089797	0.000243658	156.004	40432.2	19021.8	28587.2	215.437	1109.76	86.8269	21.4839	3.68402	0	0	16.4039	4333.4	1451.97	2301.87	23.257	38.7411	3.06214	1.98943	6.04592	0	0	0.149991
setup	0	2015-11-13 23:00:00	0	0.324038	5.57331	4.55231e-05	8.25685e-05	3.13575e-05	2.67658e-05	0.00103231	0.00253763	0.00335424	3.91639e-07	0	0	0	0	0.202805	0	0.021325	0.0136295	2.37169e-15	0.464801	0.375768	0.00813392	0.000249846	155.765	40431.1	19020.8	28586.5	216.586	1105.09	85.3723	20.868	3.78148	0	0	16.3825	4333.57	1452.11	2302.08	23.4807	38.5829	3.01667	1.93387	6.10626	0	0	0.148145
setup	0	2015-11-14 23:00:00	0	0.494959	5.51867	4.71923e-05	8.62593e-05	3.26317e-05	2.80297e-05	0.000924567	0.00233609	0.00349571	3.52436e-07	0	0	0	0	0.202495	0	0.0212973	0.0136467	2.37169e-15	0.46627	0.381205	0.00861898	0.000254666	155.486	40429.9	19019.9	28585.8	217.592	1100.44	84.0158	20.3189	3.88321	0	0	16.3612	4333.73	1452.25	2302.29	23.6861	38.4254	2.97434	1.8869	6.17327	0	0	0.1494
setup	0	2015-11-15 23:00:00	0	0.698462	5.39348	4.68425e-05	8.63579e-05	3.29752e-05	2.81298e-05	0.000874901	0.00241089	0.00561097	1.34556e-07	0	0	0	0	0.202132	0	0.0212696	0.0137387	2.37169e-15	0.465167	0.414489	0.0159134	0.000267845	155.145	40428.9	19019.2	28585.6	218.456	1095.82	82.8986	19.7951	3.92645	0	0	16.34	4333.89	1452.39	2302.55	23.8661	38.2688	2.93995	1.85816	6.23642	0	0	0.15687
setup	0	2015-11-16 23:00:00	0	0.917477	5.35663	4.47347e-05	8.32009e-05	3.24807e-05	2.71685e-05	0.00102568	0.00275405	0.00562532	1.11885e-07	0	0	0	0	0.201689	0	0.021242	0.014426	2.37169e-15	0.472415	0.435947	0.0179667	0.000266781	154.716	40427.9	19018.3	28588.5	219.261	1091.18	82	19.2495	3.86406	0	0	16.3187	4334.06	1452.5	2303.35	24.034	38.1107	2.91287	1.81897	6.31848	0	0	0.156871
setup	0	2015-11-17 23:00:00	0	1.11199	5.09881	4.44088e-05	8.31066e-05	3.31428e-05	2.72076e-05	0.000997333	0.00267873	0.0052812	8.02222e-08	0	0	0	0	0.201131	0	0.0212144	0.0144451	2.37169e-15	0.457806	0.424801	0.0182896	0.000258535	154.179	40427.2	19017.7	28591.3	219.946	1086.56	81.3866	18.7003	3.87092	0	0	16.2975	4334.23	1452.57	2304.08	24.1836	37.9533	2.89522	1.77164	6.41348	0	0	0.156517
setup	0	2015-11-18 23:00:00	0	1.33874	5.2163	5.42938e-05	0.000101929	4.03221e-05	8.88924e-05	0.00185296	0.00526496	0.00354	3.94307e-07	0	0	0	0	0.200432	0	0.0211868	0.0138806	2.37169e-15	0.480802	0.426635	0.0105971	0.000264715	153.587	40426.3	19016.9	28593.9	220.539	1081.93	80.5204	18.3504	3.96532	0	0	16.2763	4334.39	1452.63	2304.79	24.3223	37.7952	2.86881	1.72944	6.53045	0	0	0.14184
setup	0	2015-11-19 23:00:00	0	1.72893	5.22717	7.8172e-05	0.000146764	5.73848e-05	4.82788e-05	0.00107882	0.00302377	0.0038136	2.06415e-07	0	0	0	0	0.199664	0	0.0211592	0.013746	2.37169e-15	0.474611	0.415204	0.0137716	0.000280432	152.902	40425.4	19016.2	28593.7	221.076	1077.32	79.7348	17.9409	4.04436	0	0	16.2552	4334.55	1452.73	2305.01	24.4682	37.6372	2.84513	1.6959	6.6205	0	0	0.147851
setup	0	2015-11-20 23:00:00	0	2.16747	5.24241	9.67541e-05	0.000182108	7.40579e-05	6.00376e-05	0.00110969	0.00336179	0.00402923	2.04912e-07	0	0	0	0	0.198773	0	0.0211317	0.013669	2.37169e-15	0.461555	0.408719	0.0144849	0.000295935	152.055	40424.5	19015.5	28593.5	221.511	1072.72	78.964	17.5759	4.12434	0	0	16.234	4334.71	1452.85	2305.24	24.6357	37.4796	2.8219	1.65927	6.69188	0	0	0.152313
setup	0	2015-11-21 23:00:00	0	2.6725	5.1527	0.000100656	0.00018941	8.44372e-05	7.24883e-05	0.001404	0.00403659	0.0026494	4.23517e-07	0	0	0	0	0.197671	0	0.0211043	0.0146203	0.043067	0.496492	0.448509	0.00963305	0.000277108	150.981	40423.6	19014.7	28596.5	221.857	1068.14	78.2417	17.3102	4.26648	0	0	16.2129	4334.83	1452.88	2305.98	24.7177	37.3224	2.79994	1.62971	6.8078	0	0	0.142187
setup	0	2015-11-22 23:00:00	0	3.39259	5.06751	0.000110475	0.000207557	0.000102734	0.000484187	0.000921688	0.00282209	0.00347587	1.84424e-07	0	0	0	0	0.196275	0	0.0111707	0.0137242	0.298667	0.512049	0.42995	0.0148865	0.000287354	149.678	40422.8	19014.2	28596.3	222.162	1063.59	77.7013	16.9863	4.32929	0	0	16.1949	4334.68	1452.82	2305.89	24.7421	37.1566	2.78419	1.6078	6.69369	0	0	0.152334
setup	0	2015-11-23 23:00:00	0	4.24771	5.10045	0.000110215	0.000207752	0.000119472	0.000579075	0.00115301	0.00379392	0.00356656	2.35606e-07	0	0	0	0	0.194582	0	0.0111583	0.0136403	0.353673	0.520761	0.446443	0.0138045	0.000305415	148.218	40422	19013.6	28595.8	222.386	1059.06	77.1295	16.7571	4.35767	0	0	16.1794	4334.47	1452.75	2305.75	24.746	36.9918	2.76718	1.58539	6.55536	0	0	0.156145
setup	0	2015-11-24 23:00:00	0	4.84118	5.19041	9.6805e-05	0.000183481	0.000130271	0.00057396	0.00122444	0.00408975	0.00332331	2.99488e-07	0	0	0	0	0.192684	0	0.0111476	0.0136354	0.388713	0.541771	0.461622	0.0127271	0.000313938	146.594	40421	19013	28595.2	222.556	1054.55	76.4872	16.5822	4.36373	0	0	16.1675	4334.24	1452.67	2305.58	24.7188	36.8274	2.7476	1.56838	6.41404	0	0	0.158204
setup	0	2015-11-25 23:00:00	0	5.34015	5.18755	7.98644e-05	0.000152465	0.000139032	0.000639172	0.00118501	0.0040368	0.00326072	3.12474e-07	0	0	0	0	0.190572	0	0.0111394	0.0136403	0.422783	0.542333	0.461357	0.0121799	0.000314526	144.783	40420	19012.3	28594.6	222.672	1050.05	75.8823	16.4148	4.35822	0	0	16.1552	4333.97	1452.58	2305.4	24.6829	36.6638	2.72909	1.55298	6.24793	0	0	0.161089
setup	0	2015-11-26 23:00:00	0	5.54032	5.10503	6.33459e-05	0.000121899	0.000146648	0.00075493	0.000989804	0.00327317	0.00428583	2.76412e-07	0	0	0	0	0.188218	0	0.0111309	0.013853	0.391327	0.537138	0.47599	0.0179065	0.000303764	142.746	40419.1	19011.8	28594.4	222.804	1045.59	75.417	16.199	4.28309	0	0	16.1426	4333.73	1452.51	2305.31	24.6358	36.5019	2.71528	1.53859	6.11862	0	0	0.175512
setup	0	2015-11-27 23:00:00	0	5.82066	5.11438	5.02783e-05	9.71549e-05	0.000154513	0.0011039	0.000813021	0.00296486	0.00496161	1.15731e-07	0	0	0	0	0.18557	0	0.0111222	0.0143301	0.481931	0.552807	0.457677	0.0144581	0.000296058	140.761	40418.2	19011.2	28595.9	222.908	1041.14	75.035	15.8486	4.20868	0	0	16.1338	4333.41	1452.36	2305.44	24.548	36.3408	2.70416	1.50152	5.954	0	0	0.18526
setup	0	2015-11-28 23:00:00	0	6.12151	5.0358	4.54789e-05	8.99517e-05	0.00016763	0.00109582	0.0013909	0.00512069	0.00277687	3.3059e-07	0	0	0	0	0.182989	0	0.0111162	0.0137913	0.43693	0.544634	0.451386	0.00656467	0.000274128	138.696	40417.3	19010.6	28597.6	222.878	1036.71	74.5428	15.7668	4.23619	0	0	16.1186	4333.13	1452.24	2305.65	24.4688	36.1801	2.68889	1.47977	5.82434	0	0	0.169405
setup	0	2015-11-29 23:00:00	0	6.25969	5.01861	5.46025e-05	0.000109037	0.000195066	0.00154051	0.00114403	0.0038364	0.00245732	2.61343e-07	0	0	0	0	0.180305	0	0.0111057	0.0144139	0.507699	0.58617	0.480631	0.0079829	0.000254825	136.716	40416.4	19009.9	28599.7	222.845	1032.29	74.1395	15.6152	4.25179	0	0	16.1081	4332.79	1452.04	2305.86	24.2911	36.0204	2.67629	1.46145	5.71397	0	0	0.161245
setup	0	2015-11-30 23:00:00	0	6.66405	5.12177	7.16541e-05	0.00014423	0.000235628	0.00176632	0.00100991	0.00364756	0.00276792	2.12864e-07	0	0	0	0	0.177731	0	0.0110985	0.0136567	0.454301	0.47795	0.420844	0.00762309	0.000252177	134.95	40415.4	19009.3	28598.9	222.797	1027.9	73.7094	15.5608	4.28931	0	0	16.0929	4332.5	1451.92	2305.65	24.3475	35.8615	2.66283	1.45354	5.49479	0	0	0.167674
setup	0	2015-12-01 23:00:00	0	6.79473	5.07546	6.43203e-05	0.00013095	0.000227364	0.00176864	0.00102372	0.00382469	0.00242358	2.17541e-07	0	0	0	0	0.175435	0	0.011088	0.0136282	0.354175	0.55619	0.425323	0.00555768	0.000235826	133.287	40414.4	19008.8	28598	222.727	1023.53	73.3581	15.5676	4.22503	0	0	16.0719	4332.3	1451.84	2305.51	24.224	35.704	2.6519	1.44774	5.51326	0	0	0.168501
setup	0	2015-12-02 23:00:00	0	7.01841	5.05039	4.7656e-05	9.82253e-05	0.000225765	0.0017596	0.000930717	0.00353073	0.0024225	1.98624e-07	0	0	0	0	0.173274	0	0.0110736	0.0136372	0.318477	0.497941	0.392681	0.00629942	0.000227282	131.876	40413.5	19008.2	28597.2	222.666	1019.19	73.0296	15.5351	4.16233	0	0	16.051	4332.14	1451.78	2305.41	24.2127	35.5475	2.64164	1.44434	5.4565	0	0	0.169907
setup	0	2015-12-03 23:00:00	0	7.33786	5.04528	3.17792e-05	6.6362e-05	0.000221926	0.00170069	0.000834892	0.00330844	0.00255463	1.76014e-07	0	0	0	0	0.171439	0	0.0110592	0.013647	0.298083	0.508887	0.399894	0.00667324	0.000225681	130.629	40412.5	19007.7	28596.5	222.594	1014.87	72.7228	15.4529	4.10545	0	0	16.0302	4332	1451.72	2305.34	24.1711	35.3921	2.63207	1.43513	5.41629	0	0	0.173785
setup	0	2015-12-04 23:00:00	0	7.62651	5.12489	1.87389e-05	3.98041e-05	0.000212479	0.00163995	0.000625109	0.00283274	0.00371497	1.00598e-07	0	0	0	0	0.169817	0	0.0110448	0.0137236	0.286795	0.485691	0.385138	0.0113896	0.000232645	129.57	40411.4	19007.1	28596.1	222.531	1010.57	72.5109	15.1944	3.94747	0	0	16.0093	4331.87	1451.66	2305.35	24.1678	35.2376	2.6259	1.41363	5.34931	0	0	0.191486
setup	0	2015-12-05 23:00:00	0	8.10223	5.22839	9.05603e-06	1.97177e-05	0.00019989	0.00145664	0.000754355	0.00358962	0.00371962	1.39898e-07	0	0	0	0	0.168441	0	0.0110304	0.0136662	0.283075	0.48989	0.398589	0.00897633	0.000241477	128.734	40410.2	19006.3	28595.6	222.364	1006.28	72.1576	15.0318	3.83369	0	0	15.9885	4331.74	1451.59	2305.34	24.1644	35.0832	2.61493	1.38889	5.29276	0	0	0.1974
setup	0	2015-12-06 23:00:00	0	8.37208	5.05658	2.45334e-06	5.47268e-06	0.000191346	0.00141138	0.0010477	0.00456227	0.00254894	2.6951e-07	0	0	0	0	0.167354	0	0.0110161	0.0136269	0.273714	0.541285	0.406301	0.00642588	0.000238253	127.953	40409.2	19005.7	28594.8	222.042	1002.01	71.7054	15.1787	3.90009	0	0	15.9677	4331.61	1451.53	2305.26	24.042	34.9296	2.6002	1.39191	5.34379	0	0	0.181892
setup	0	2015-12-07 23:00:00	0	8.45064	4.86971	5.3159e-09	1.20407e-08	0.000188071	0.00153751	0.000925385	0.00379449	0.00220219	2.78236e-07	0	0	0	0	0.166339	0	0.0110018	0.0136352	0.263523	0.467324	0.376994	0.00625311	0.000226453	127.379	40408.3	19005.3	28594.1	221.69	997.77	71.3642	15.39	3.99044	0	0	15.947	4331.5	1451.48	2305.18	24.034	34.7775	2.58899	1.40912	5.27751	0	0	0.174252
setup	0	2015-12-08 23:00:00	0	8.55724	4.72287	0	0	0.000185487	0.00162219	0.000814765	0.00325547	0.00202571	2.48007e-07	0	0	0	0	0.205807	0	0.0109875	0.0136405	0.2563	0.501055	0.37931	0.00580759	0.000221472	127.068	40407.6	19005	28593.5	221.332	993.567	71.1284	15.6234	4.11071	0	0	15.9263	4331.39	1451.42	2305.11	23.9231	34.6272	2.58123	1.421	5.31722	0	0	0.170544
setup	0	2015-12-09 23:00:00	0	8.76469	4.60777	0	0	0.000182006	0.00165506	0.000798296	0.00307515	0.00181687	2.67313e-07	0	0	0	0	0.294875	0	0.0109732	0.0136357	0.248876	0.4294	0.352054	0.00549964	0.000212052	127.06	40407.1	19004.8	28593.1	220.934	989.4	70.9291	15.9647	4.30966	0	0	15.9055	4331.3	1451.38	2305.04	23.9308	34.4786	2.57457	1.45103	5.2317	0	0	0.165878
setup	0	2015-12-10 23:00:00	0	8.87581	4.42628	0	0	0.000178794	0.00167728	0.000808661	0.00290353	0.00147279	3.25947e-07	0	0	0	0	0.3472	0	0.0109589	0.0136287	0.241858	0.478972	0.359008	0.00433491	0.000209607	127.228	40406.8	19004.8	28592.8	220.461	985.269	70.7849	16.4935	4.56108	0	0	15.8849	4331.21	1451.34	2304.94	23.7972	34.3317	2.56961	1.48177	5.28644	0	0	0.15809
setup	0	2015-12-11 23:00:00	0	8.87334	4.31437	0	0	0.000175578	0.00163063	0.000756836	0.0025192	0.00128187	3.91469e-07	0	0	0	0	0.262032	0	0.0109447	0.0136316	0.236538	0.39033	0.322587	0.0040117	0.000206221	127.134	40406.5	19004.8	28592.4	219.922	981.173	70.6433	17.202	4.7134	0	0	15.8642	4331.13	1451.3	2304.86	23.8138	34.1865	2.56463	1.5394	5.17804	0	0	0.152866
setup	0	2015-12-12 23:00:00	0	9.01198	4.19918	0	0	0.000171655	0.00153988	0.000652071	0.00203572	0.00115787	3.63117e-07	0	0	0	0	0.392755	0	0.0109304	0.0136403	0.226942	0.470541	0.345109	0.00344045	0.00020784	127.468	40406.5	19005.1	28592.3	219.371	977.111	70.5635	17.9658	4.9792	0	0	15.8436	4331.05	1451.27	2304.77	23.6381	34.0428	2.5617	1.58762	5.26659	0	0	0.151138
setup	0	2015-12-13 23:00:00	0	8.86645	5.86564	0	0	0.000170426	0.00183396	0.00049957	0.00141132	0.00240852	1.10827e-07	0	0	0	0	0.486412	0	0.0109162	0.0244796	0.311133	0.554701	0.450698	0.00645109	0.000203301	128.108	40404.8	19003.5	28599.3	220.44	972.985	70.169	16.6719	4.45567	0	0	15.823	4330.89	1451.11	2306.09	23.6426	33.8949	2.54809	1.51825	5.22825	0	0	0.161352
setup	0	2015-12-14 23:00:00	0	8.40037	5.08404	3.05861e-05	6.91977e-05	0.000203553	0.00192536	0.000657976	0.00220983	0.00188633	1.04506e-07	0	0	0	0.224219	0.343947	0.00390495	0.010902	0.0162051	0.309494	0.510702	0.386064	0.00321487	0.000191353	128.295	40403.8	19002.4	28603.4	220.934	969.107	69.9616	15.8551	4.4471	0	0	15.8024	4330.73	1450.91	2306.82	23.6228	33.7519	2.54074	1.41654	5.2228	0	0	0.152519
setup	0	2015-12-15 23:00:00	0	8.35639	5.1018	0.000282854	0.000635062	0.000530648	0.00292337	0.000485266	0.00162853	0.0019443	8.06526e-08	0	0	0	0.259984	0.466031	0.00452783	0.0108879	0.0151337	0.290918	0.493285	0.379173	0.00479973	0.000197626	128.884	40402.9	19001.5	28605.3	221.162	965.293	69.7996	15.3116	4.4203	0	0	15.7819	4330.58	1450.75	2307.16	23.5821	33.6108	2.53513	1.35028	5.21003	0	0	0.161358
setup	0	2015-12-16 23:00:00	0	8.57078	4.99157	0.000980941	0.00218725	0.00157765	0.00345407	0.000630369	0.00238626	0.00182041	1.15563e-07	0	0	0	0.300682	0.656078	0.00523661	0.0108737	0.0140056	0.277681	0.479017	0.373999	0.00401781	0.000199954	130.085	40402.3	19000.9	28606.3	221.198	961.536	69.5283	15.1259	4.64801	0	0	15.7614	4330.44	1450.63	2307.31	23.5544	33.471	2.52576	1.31729	5.17233	0	0	0.164834
setup	0	2015-12-17 23:00:00	0	8.82375	5.23198	0.00670841	0.0151774	0.00974901	0.00661546	0.000568759	0.00225147	0.00190224	1.17399e-07	0	0	0	0.346855	0.861915	0.00604076	0.0108596	0.014041	0.276454	0.477164	0.371095	0.00462566	0.000205595	131.928	40401.6	19000.4	28607	221.182	957.845	69.277	15.0545	4.704	0	0	15.7409	4330.28	1450.51	2307.41	23.5147	33.3328	2.51725	1.29774	5.11128	0	0	0.186786
setup	0	2015-12-18 23:00:00	0	8.43596	5.24377	0.00530066	0.0122299	0.00820789	0.00553948	0.000687788	0.00272638	0.00146533	1.99293e-07	0	0	0	0.399089	0.635413	0.00695045	0.0108455	0.0138367	0.278666	0.500081	0.379242	0.00317407	0.000202102	133.046	40400.6	18999.8	28607.6	221.117	954.227	69.014	15.1316	4.43234	0	0	15.7204	4330.12	1450.4	2307.52	23.4173	33.1961	2.50826	1.29096	5.10227	0	0	0.188344
setup	0	2015-12-19 23:00:00	0	8.33872	5.18148	2.70058e-07	0	0.000144406	0.00201859	0.000481957	0.00214612	0.00229325	9.62885e-08	0	0	0	0.458001	0.754123	0.00797645	0.0108314	0.0137206	0.26038	0.43622	0.350874	0.006833	0.000205229	134.536	40399.9	18999.5	28607	221.108	950.697	68.9427	14.8894	4.30449	0	0	15.7	4330.01	1450.32	2307.43	23.4212	33.0618	2.50592	1.27129	5.03455	0	0	0.202952
setup	0	2015-12-20 23:00:00	0	8.50698	5.22838	2.73089e-06	0	0.000126416	0.00204622	0.000405625	0.0022482	0.00354517	5.21334e-08	0	0	0	0.524247	0.956049	0.00913018	0.0108173	0.0137212	0.256454	0.469502	0.354594	0.00976045	0.000212985	136.673	40399.2	18999.3	28606.8	221.036	947.256	68.9784	14.5589	4.26316	0	0	15.6796	4329.89	1450.25	2307.37	23.3312	32.9295	2.50749	1.23731	5.06288	0	0	0.225406
setup	0	2015-12-21 23:00:00	0	8.89574	5.1912	1.34256e-06	0	0.000109971	0.00183799	0.000614766	0.00325115	0.00276279	9.47737e-08	0	0	0	0.598515	1.2094	0.0104236	0.0108032	0.0136357	0.250626	0.439694	0.34487	0.00684007	0.00020755	139.604	40398.9	18999.2	28606.6	220.812	943.907	68.8494	14.6171	4.49688	0	0	15.6592	4329.78	1450.18	2307.28	23.2962	32.7991	2.50318	1.23292	5.02921	0	0	0.219041
setup	0	2015-12-22 23:00:00	0	8.92673	5.1797	4.34112e-07	0	9.80069e-05	0.00187761	0.0007165	0.00331375	0.0020105	1.46271e-07	0	0	0	0.681523	1.20314	0.0118693	0.0107892	0.013626	0.254604	0.463025	0.356601	0.00491699	0.00020437	142.507	40398.5	18999.2	28606.2	220.574	940.662	68.647	14.9117	4.62712	0	0	15.6388	4329.67	1450.11	2307.15	23.213	32.6709	2.49602	1.24888	5.02616	0	0	0.203714
setup	0	2015-12-23 23:00:00	0	8.81796	5.08329	3.02287e-07	0	8.70421e-05	0.00200589	0.000676493	0.00291857	0.00172808	1.50902e-07	0	0	0	0.774013	1.21282	0.0134801	0.0107752	0.0136295	0.25308	0.455902	0.353066	0.00452837	0.000196913	145.435	40398.3	18999.2	28605.8	220.409	937.536	68.5043	15.1787	4.74644	0	0	15.6185	4329.56	1450.04	2307.03	23.1356	32.5454	2.49065	1.26842	5.01421	0	0	0.19217
setup	0	2015-12-24 23:00:00	0	8.97197	5.10617	0	0	7.48571e-05	0.00208464	0.000660379	0.00275908	0.00159611	1.60284e-07	0	0	0	0.876748	1.31538	0.0152693	0.0107611	0.0136301	0.253093	0.460571	0.356302	0.00426224	0.000198488	148.678	40398.1	18999.2	28605.5	220.312	934.532	68.3031	15.4455	4.94353	0	0	15.5982	4329.45	1449.97	2306.9	23.0616	32.4223	2.48314	1.2877	5.00197	0	0	0.182837
setup	0	2015-12-25 23:00:00	0	9.14871	5.1966	0	0	6.20539e-05	0.0020494	0.000634029	0.00259218	0.00157605	1.62198e-07	0	0	0	0.990502	1.39591	0.0172504	0.0107472	0.0136344	0.25723	0.462911	0.357922	0.00433239	0.000204331	152.157	40397.9	18999.2	28605.2	220.259	931.657	68.0473	15.7299	5.1229	0	0	15.5779	4329.33	1449.9	2306.78	22.9967	32.3017	2.47368	1.30811	4.97836	0	0	0.177808
setup	0	2015-12-26 23:00:00	0	9.13473	5.36336	8.86885e-08	0	4.86309e-05	0.00199686	0.000544995	0.00229485	0.00182988	1.27537e-07	0	0	0	1.11606	1.36218	0.019437	0.0107332	0.0136574	0.254802	0.467251	0.357723	0.00508998	0.000213192	155.51	40397.4	18999	28604.9	220.275	928.923	67.7946	15.9105	5.09672	0	0	15.5577	4329.22	1449.83	2306.69	22.934	32.1836	2.46438	1.31992	4.96092	0	0	0.182873
setup	0	2015-12-27 23:00:00	0	8.88237	5.30808	0	0	3.60252e-05	0.00191816	0.000643879	0.00261558	0.00161207	1.6054e-07	0	0	0	1.25419	1.20285	0.0218427	0.0107192	0.0136324	0.255584	0.468192	0.360725	0.00430167	0.000215304	158.336	40396.9	18998.8	28604.5	220.267	926.344	67.4992	16.1508	4.98682	0	0	15.5374	4329.1	1449.75	2306.58	22.8699	32.0685	2.45348	1.33583	4.94409	0	0	0.177977
setup	0	2015-12-28 23:00:00	0	9.23964	5.11315	0	0	2.38983e-05	0.00199931	0.000695544	0.00259879	0.00129772	2.10252e-07	0	0	0	1.40567	1.56822	0.0244808	0.0107053	0.0136268	0.2508	0.45922	0.353474	0.0035158	0.000211749	162.318	40396.9	18999	28604.4	220.206	923.938	67.2154	16.4888	5.39525	0	0	15.5172	4328.99	1449.69	2306.47	22.8073	31.957	2.44275	1.35742	4.92774	0	0	0.169264
setup	0	2015-12-29 23:00:00	0	8.77009	4.9089	0	0	0.000144629	0.00217186	0.000706384	0.00241722	0.00103823	2.69868e-07	0	0	0	1.57122	1.36745	0.027364	0.0106914	0.0136256	0.249868	0.421579	0.342096	0.00298135	0.000200215	165.641	40396.9	18999.2	28604.6	220.118	921.734	67.1206	17.0097	5.42166	0	0	15.4971	4328.89	1449.62	2306.4	22.7717	31.85	2.43826	1.3969	4.86088	0	0	0.158629
setup	0	2015-12-30 23:00:00	0	8.66918	4.65892	0	0	0.000674546	0.00227054	0.000672913	0.0019723	0.000751881	4.50234e-07	0	0	0	1.75155	1.35709	0.0305046	0.0106775	0.0136256	0.252408	0.453095	0.346249	0.00195553	0.000201065	168.944	40397.2	18999.6	28604.8	219.885	919.729	67.0896	17.7106	5.567	0	0	15.4769	4328.77	1449.56	2306.3	22.6479	31.747	2.4357	1.43384	4.87646	0	0	0.148186
setup	0	2015-12-31 23:00:00	0	9.1039	5.10197	0	0	0.000688827	0.00215828	0.000619571	0.00158217	0.000600181	6.36723e-07	0	0	0	1.9473	1.60183	0.0339138	0.0106636	0.0136256	0.246397	0.407699	0.352276	0.00187169	0.000207233	173.017	40397.2	18999.8	28604.8	219.428	917.932	67.0327	18.1529	6.14384	0	0	15.4568	4328.67	1449.5	2306.2	22.6276	31.6478	2.43215	1.45244	4.75972	0	0	0.143791
setup	0	2016-01-01 23:00:00	0	9.3765	5.05652	0	0	0.000695082	0.00206254	0.000554456	0.0011882	0.000489977	6.39675e-07	0	0	0	2.15906	1.78366	0.0376017	0.0106497	0.0136256	0.241084	0.448279	0.329896	0.00133388	0.000212626	177.646	40397.5	19000.1	28605	218.67	916.369	67.0647	19.0874	6.64634	0	0	15.4367	4328.57	1449.44	2306.1	22.4766	31.5531	2.43152	1.50391	4.82361	0	0	0.140072
setup	0	2016-01-02 23:00:00	0	9.07746	5.1445	0	0	0.000738706	0.00213544	0.000514263	0.000933416	0.000394413	6.53742e-07	0	0	0	2.38731	1.63866	0.0415768	0.0106359	0.01363	0.252228	0.416511	0.32485	0.00114783	0.000204601	181.791	40397.5	19000.2	28605.1	217.789	915.065	67.2591	20.0211	6.83002	0	0	15.4166	4328.46	1449.37	2306.01	22.3527	31.464	2.43629	1.56945	4.80778	0	0	0.13724
setup	0	2016-01-03 23:00:00	0	9.21531	4.93591	0	0	0.00074315	0.00214752	0.000447669	0.00098428	0.000666724	2.92557e-07	0	0	0	2.63244	1.81808	0.0458461	0.0106221	0.0138967	0.24685	0.431792	0.332575	0.00206602	0.000206246	186.514	40397.9	19000.7	28605.2	217.509	914.029	67.1537	21.2445	6.81957	0	0	15.3966	4328.35	1449.31	2305.87	22.222	31.3803	2.43098	1.68077	4.769	0	0	0.143252
setup	0	2016-01-04 23:00:00	0	9.00931	5.93201	0	0	0.000759926	0.00221652	0.000322265	0.00103056	0.00198791	9.29548e-08	0	0	0	2.89474	1.7126	0.0504143	0.0106083	0.0146347	0.239493	0.47097	0.352301	0.00448073	0.000210796	190.882	40397.2	19000.3	28604.8	218.823	913.271	66.6414	20.6631	6.3173	0	0	15.3766	4328.25	1449.25	2305.81	22.2329	31.3016	2.41211	1.66885	4.72859	0	0	0.174928
setup	0	2016-01-05 23:00:00	0	9.17612	6.05753	0	0	0.000711882	0.00204691	0.000780825	0.00229709	0.00114403	2.89563e-07	0	0	0	3.17434	1.92215	0.0552837	0.0105945	0.0138411	0.268803	0.515929	0.415083	0.00202269	0.00021629	195.913	40396.6	18999.8	28606.7	220.161	912.757	66.224	19.8586	6.02822	0	0	15.3566	4328.11	1449.15	2306.11	22.2382	31.2257	2.39616	1.6148	4.69963	0	0	0.151751
setup	0	2016-01-06 23:00:00	0	9.11218	5.35344	0	0	0.000796718	0.00233185	0.000703918	0.0017363	0.000715474	4.34049e-07	0	0	0	3.47122	1.81322	0.0604541	0.0105807	0.0136298	0.268424	0.468447	0.365095	0.00210692	0.000215139	200.585	40396.5	18999.9	28606.8	220.668	912.55	65.9815	19.9677	6.06882	0	0	15.3366	4327.98	1449.06	2306.01	22.2176	31.1554	2.38579	1.60216	4.6613	0	0	0.142089
setup	0	2016-01-07 23:00:00	0	9.21596	4.78874	0	0	0.000789102	0.00232874	0.000609832	0.00131171	0.000544764	4.872e-07	0	0	0	3.78518	1.99605	0.065922	0.0105669	0.0136259	0.25735	0.431239	0.339826	0.00153632	0.000207482	205.844	40397.3	19000.7	28607.2	220.627	912.681	65.9793	20.7304	6.46342	0	0	15.3167	4327.86	1448.99	2305.86	22.1525	31.0918	2.38332	1.63171	4.62663	0	0	0.139245
setup	0	2016-01-08 23:00:00	0	8.87095	5.00253	0	0	0.000312468	0.00233433	0.00053899	0.000992638	0.000415236	5.7091e-07	0	0	0	4.11585	1.74777	0.0716807	0.0105532	0.0136256	0.254614	0.389796	0.321134	0.00114029	0.000204683	210.292	40397.5	19001.1	28607.4	220.197	913.167	66.1511	21.4697	6.5876	0	0	15.2968	4327.75	1448.92	2305.74	22.1145	31.0353	2.38656	1.66331	4.55862	0	0	0.137019
setup	0	2016-01-09 23:00:00	0	8.60568	4.72844	0	0	0.000752121	0.00228956	0.00048127	0.000727808	0.000316155	6.26625e-07	0	0	0	4.46261	1.62745	0.0777199	0.0105395	0.0136256	0.248745	0.405675	0.311738	0.000814475	0.000203968	214.352	40397.9	19001.6	28607.7	219.423	914.021	66.4737	22.4296	6.801	0	0	15.2769	4327.64	1448.85	2305.62	21.97	30.9861	2.39471	1.70604	4.58041	0	0	0.135291
setup	0	2016-01-10 23:00:00	0	8.5988	4.42362	0	0	0.00115571	0.00208627	0.000432884	0.000539845	0.000241447	6.7947e-07	0	0	0	4.82466	1.70539	0.0840253	0.0105258	0.0136257	0.210642	0.320288	0.271871	0.000647389	0.000192367	218.671	40398.7	19002.5	28608.3	218.425	915.258	66.9337	23.624	7.21571	0	0	15.258	4327.58	1448.82	2305.52	21.9314	30.9445	2.40729	1.77656	4.50643	0	0	0.133159
setup	0	2016-01-11 23:00:00	0	8.24952	4.67037	0	0	0.000604442	0.00178777	0.000415958	0.000469931	0.000249081	6.60062e-07	0	0	0	5.20093	1.53592	0.0905934	0.0105128	0.0136628	0.161731	0.342897	0.275313	0.000704639	0.000190543	222.431	40399.1	19003.1	28608.8	217.638	916.883	67.3318	24.7196	7.16428	0	0	15.2436	4327.56	1448.83	2305.52	21.8651	30.9103	2.41761	1.84021	4.51336	0	0	0.131801
setup	0	2016-01-12 23:00:00	0	8.18305	4.54158	0	0	0.000570899	0.00171654	0.000405892	0.000446409	0.000248973	7.25438e-07	0	0	0	5.59012	1.5695	0.0974594	0.0105029	0.0136697	0.162152	0.349061	0.279752	0.000860353	0.000189192	226.315	40399.7	19003.7	28609.5	217.012	918.904	67.681	25.7629	7.21602	0	0	15.2307	4327.53	1448.83	2305.52	21.7894	30.8835	2.42608	1.9129	4.51712	0	0	0.130659
setup	0	2016-01-13 23:00:00	0	8.22415	3.89946	0	0	0.000548915	0.00166676	0.000369697	0.000328619	0.00017564	8.56925e-07	0	0	0	5.99063	1.58758	0.104558	0.0104939	0.0136265	0.163701	0.304043	0.245335	0.000676295	0.000183847	230.27	40400.9	19005.1	28610.4	216.089	921.338	68.3015	27.127	7.57637	0	0	15.2179	4327.51	1448.83	2305.44	21.7094	30.865	2.4434	1.9892	4.51029	0	0	0.13006
setup	0	2016-01-14 23:00:00	0	7.67515	4.1712	0	0	0.000406664	0.0011836	0.000348124	0.000260517	0.000146021	9.71096e-07	0	0	0	6.40064	1.14604	0.111839	0.0104851	0.0136305	0.0892692	0.250015	0.221538	0.000599893	0.000182005	232.776	40401.4	19005.8	28610.8	215.068	924.194	69.0262	28.2025	7.47846	0	0	15.2055	4327.56	1448.9	2305.46	21.7246	30.8547	2.46397	2.04439	4.50384	0	0	0.129322
setup	0	2016-01-15 23:00:00	0	7.17658	4.5485	0	0	0.00030774	0.000837949	0.000392731	0.000402631	0.00024382	9.74069e-07	0	0	0	6.81802	0.89649	0.119269	0.0104766	0.0137859	0.0394105	0.303137	0.262496	0.00124714	0.000192539	234.473	40401.3	19005.9	28611.2	214.68	927.452	69.2625	29.277	6.70368	0	0	15.1959	4327.66	1449	2305.63	21.7403	30.8515	2.46799	2.15215	4.50951	0	0	0.128939
setup	0	2016-01-16 23:00:00	0	7.37261	4.44646	0	0	0.000370937	0.00106682	0.000340107	0.000679108	0.000555148	3.72814e-07	0	0	0	7.24038	1.14423	0.169688	0.014005	0.0140556	0.11082	0.366488	0.275585	0.00258319	0.000193293	237.027	40401.6	19006.4	28611.4	215.474	931.125	69.1638	29.3288	6.50014	0	0	15.1822	4327.68	1449.04	2305.61	21.7364	30.9025	2.46069	2.20136	4.52399	0	0	0.137017
setup	0	2016-01-17 23:00:00	0	7.04965	5.78444	0	0	0.000311366	0.000874808	0.000484539	0.00128659	0.00166129	2.49223e-07	0	0	0	7.66506	0.865646	0.134422	0.0104605	0.0141595	0.050195	0.376522	0.293214	0.00402343	0.000194164	238.666	40400.3	19005.4	28610.3	218.23	935.217	68.3909	26.9452	5.92005	0	0	15.1733	4327.77	1449.14	2305.73	22.0039	30.9149	2.43103	2.09717	4.5188	0	0	0.148757
setup	0	2016-01-18 23:00:00	0	7.20641	6.56639	0	0	0.000344118	0.00100828	0.000438223	0.00129381	0.00186964	1.55437e-07	0	0	0	8.08914	1.00946	0.179454	0.0132032	0.0160047	0.10047	0.477552	0.382314	0.00569612	0.000223261	240.837	40398.3	19003.7	28611.3	221.303	939.636	67.6171	23.7721	5.19103	0	0	15.1613	4327.79	1449.17	2306.23	22.2718	30.9704	2.40108	1.90972	4.53079	0	0	0.160007
setup	0	2016-01-19 23:00:00	0	6.99205	6.25678	0	0	0.000278934	0.000758543	0.000646035	0.00187442	0.00172594	1.88189e-07	0	0	0	8.50945	0.855068	0.149651	0.0104462	0.0154637	0.062416	0.424205	0.361196	0.00595183	0.000224586	242.513	40396.5	19002.1	28612.5	223.777	944.421	67.0522	20.9323	4.68212	0	0	15.1537	4327.86	1449.23	2306.79	22.6118	30.9909	2.37792	1.69363	4.54631	0	0	0.159219
setup	0	2016-01-20 23:00:00	0	6.81753	5.7811	0	0	0.000303236	0.000864696	0.000725331	0.00217481	0.00152705	2.77732e-07	0	0	0	8.92259	0.799151	0.182683	0.0121333	0.0149809	0.079884	0.423663	0.356364	0.00621215	0.000226766	244.049	40395.2	19000.9	28613.8	225.37	949.586	66.5953	18.9913	4.49184	0	0	15.1439	4327.92	1449.27	2307.27	22.8538	31.0453	2.358	1.53294	4.57809	0	0	0.153198
setup	0	2016-01-21 23:00:00	0	6.8506	5.44959	0	0	0.000290392	0.000842189	0.000674016	0.00215364	0.0016107	2.38507e-07	0	0	0	9.32493	0.788406	0.171889	0.0109007	0.0136766	0.0822813	0.40948	0.344835	0.00799411	0.000241048	245.61	40394.2	19000.3	28612.9	226.242	955.135	66.2189	17.8442	4.46523	0	0	15.137	4327.97	1449.32	2307.32	23.0281	31.0874	2.34063	1.43675	4.60639	0	0	0.15758
setup	0	2016-01-22 23:00:00	0	6.71689	5.09156	0	0	0.000267422	0.000751704	0.000767641	0.00240939	0.00143681	2.97399e-07	0	0	0	9.7127	0.675997	0.174065	0.0105732	0.0136262	0.0743336	0.390966	0.335739	0.00733509	0.000243666	246.848	40393.5	18999.9	28612.1	226.592	961.058	65.9532	17.3501	4.45991	0	0	15.1306	4328.03	1449.39	2307.34	23.156	31.1318	2.32663	1.39243	4.63673	0	0	0.154111
setup	0	2016-01-23 23:00:00	0	6.38077	4.88511	0	0	0.000236737	0.00063353	0.000837264	0.00250093	0.00124523	4.70238e-07	0	0	0	10.082	0.423431	0.193085	0.0112721	0.0136256	0.042983	0.373478	0.33016	0.00664621	0.000244839	247.273	40392.7	18999.5	28611.6	226.69	967.334	65.7521	17.161	4.32067	0	0	15.123	4328.12	1449.5	2307.45	23.2797	31.1959	2.31441	1.3789	4.674	0	0	0.146081
setup	0	2016-01-24 23:00:00	0	6.25567	4.58285	0	0	0.000246942	0.000660214	0.000792728	0.00212467	0.000974037	7.44302e-07	0	0	0	10.4286	0.321455	0.246847	0.0139	0.0136257	0.0603506	0.37448	0.321071	0.00566894	0.000242356	247.388	40392.2	18999.3	28611	226.494	973.933	65.6661	17.2356	4.32474	0	0	15.1103	4328.2	1449.58	2307.49	23.3596	31.3164	2.30567	1.37985	4.7167	0	0	0.139705
setup	0	2016-01-25 23:00:00	0	6.34161	4.41735	0	0	0.000223245	0.000566265	0.000729097	0.00178161	0.000817417	9.32973e-07	0	0	0	10.7486	0.321604	0.237735	0.0129642	0.0136256	0.0457139	0.361318	0.315992	0.00509545	0.000248073	247.39	40391.9	18999.3	28610.4	226.08	980.827	65.6289	17.5715	4.43708	0	0	15.1006	4328.29	1449.69	2307.52	23.435	31.4264	2.29848	1.40133	4.76029	0	0	0.136376
setup	0	2016-01-26 23:00:00	0	6.32581	4.26852	0	0	0.000178321	0.000380717	0.000680277	0.00149746	0.000699617	1.11226e-06	0	0	0	11.0377	0.321607	0.277645	0.0147131	0.0136256	0.0046718	0.338403	0.305231	0.00474842	0.000250584	247.025	40391.7	18999.4	28610	225.511	987.988	65.6851	18.1114	4.57815	0	0	15.0886	4328.43	1449.83	2307.59	23.5235	31.5779	2.29425	1.43889	4.81584	0	0	0.134958
setup	0	2016-01-27 23:00:00	0	6.33374	4.25043	0	0	0.000201572	0.000453117	0.000645755	0.00130489	0.00065044	1.21858e-06	0	0	0	11.2918	0.321133	0.379211	0.0196055	0.0136328	0.0431992	0.360062	0.307584	0.004753	0.000250584	246.588	40391.6	18999.6	28609.6	224.993	995.379	65.7971	18.6348	4.67685	0	0	15.0697	4328.53	1449.93	2307.62	23.5633	31.8356	2.29191	1.48338	4.86576	0	0	0.133502
setup	0	2016-01-28 23:00:00	0	6.27694	4.34368	0	0	0.00018452	0.000379681	0.000636144	0.00125067	0.000675086	1.0899e-06	0	0	0	11.5069	0.320564	0.350458	0.0177561	0.013656	0.00833089	0.345401	0.310643	0.00479315	0.000242871	245.992	40391.4	18999.7	28609.4	224.729	1002.96	65.9434	18.8721	4.70637	0	0	15.0574	4328.67	1450.07	2307.73	23.6541	32.062	2.29115	1.51491	4.91851	0	0	0.132768
setup	0	2016-01-29 23:00:00	0	6.22823	4.19261	0	0	0.000215101	0.000521677	0.000610778	0.00112998	0.000613624	1.16656e-06	0	0	0	11.679	0.31979	0.392874	0.0195746	0.0136345	0.0368088	0.349444	0.303812	0.00460567	0.000239133	245.348	40391.4	19000	28609.2	224.368	1010.7	66.1801	19.2337	4.78074	0	0	15.0392	4328.78	1450.19	2307.79	23.7111	32.3323	2.2936	1.54695	4.96751	0	0	0.132115
setup	0	2016-01-30 23:00:00	0	6.1956	3.92343	0	0	0.000197189	0.000468182	0.000574959	0.000964259	0.000512233	1.23459e-06	0	0	0	11.8044	0.318953	0.394727	0.0194305	0.0136259	0.0160218	0.320489	0.291734	0.00409576	0.00023343	244.517	40391.7	19000.6	28609	223.791	1018.53	66.5839	19.8791	4.88806	0	0	15.0258	4328.92	1450.33	2307.82	23.7701	32.6038	2.30186	1.59318	5.01951	0	0	0.131193
setup	0	2016-01-31 23:00:00	0	6.17134	3.76097	0	0	0.000211898	0.000557074	0.000549763	0.000849284	0.000436111	1.45423e-06	0	0	0	11.8796	0.317872	0.400074	0.0195336	0.0136257	2.03288e-15	0.32261	0.294702	0.00388556	0.00023348	243.55	40392.2	19001.3	28608.9	223.087	1026.42	67.0575	20.6846	5.07708	0	0	15.009	4329.07	1450.48	2307.86	23.788	32.8801	2.31272	1.6425	5.07505	0	0	0.131163
setup	0	2016-02-01 23:00:00	0	6.14512	3.62229	0	0	0.000132881	0.000267628	0.000513962	0.000710689	0.000379022	1.53472e-06	0	0	0	11.9013	0.316616	0.400968	0.0195117	0.0136258	2.03288e-15	0.296697	0.271146	0.0035762	0.000232188	242.431	40392.9	19002.2	28609	222.298	1034.31	67.6325	21.6939	5.19996	0	0	14.9895	4329.22	1450.63	2307.88	23.8241	33.1567	2.32718	1.71268	5.13395	0	0	0.130227
setup	0	2016-02-02 23:00:00	0	6.08008	3.46256	0	0	0.000244981	0.000327848	0.00048242	0.000603076	0.000326522	1.56376e-06	0	0	0	11.8667	0.31516	0.399803	0.0194863	0.0136256	2.03288e-15	0.286309	0.263865	0.00326105	0.000224904	240.66	40393.8	19003.4	28609.1	221.496	1042.15	68.3543	22.7808	5.27321	0	0	14.97	4329.38	1450.78	2307.9	23.8463	33.4317	2.34665	1.79435	5.19022	0	0	0.129666
setup	0	2016-02-03 23:00:00	0	6.01961	3.33603	0	0	0.000218748	0.000545961	0.000455188	0.00052128	0.000285987	1.60165e-06	0	0	0	11.7733	0.312859	0.396657	0.019461	0.0136256	2.03288e-15	0.27791	0.257368	0.00303158	0.000219308	238.543	40394.8	19004.6	28609.3	220.697	1049.87	69.1786	23.924	5.31888	0	0	14.9505	4329.53	1450.94	2307.9	23.8597	33.703	2.3697	1.88285	5.24445	0	0	0.129295
setup	0	2016-02-04 23:00:00	0	6.07569	3.30196	0	0	0.000240172	0.00024497	0.000448507	0.000483802	0.000260091	1.76404e-06	0	0	0	11.6192	0.310106	0.391463	0.0194357	0.0136256	2.03288e-15	0.277945	0.256699	0.00288638	0.000224925	236.339	40395.9	19005.9	28609.6	219.863	1057.4	69.98	25.1859	5.37012	0	0	14.9311	4329.69	1451.09	2307.9	23.8665	33.9682	2.39228	1.97973	5.29869	0	0	0.128302
setup	0	2016-02-05 23:00:00	0	6.0894	3.26389	0	0	0.000183998	0.000398326	0.000438992	0.000436412	0.000238008	1.84861e-06	0	0	0	11.4027	0.30724	0.38417	0.0194104	0.0136256	2.03288e-15	0.274971	0.254252	0.00275406	0.000225242	233.754	40397	19007.3	28609.9	219.037	1064.69	70.8229	26.49	5.38956	0	0	14.9117	4329.85	1451.25	2307.9	23.8684	34.2253	2.41643	2.08134	5.35224	0	0	0.129465
setup	0	2016-02-06 23:00:00	0	6.03768	3.1633	0	0	0.000176833	0.000212717	0.000423435	0.000389483	0.000218824	1.88239e-06	0	0	0	11.1229	0.303881	0.374744	0.0193852	0.0136256	2.03288e-15	0.268424	0.249106	0.00261168	0.000220841	230.97	40398.3	19008.9	28610.3	218.257	1071.68	71.7538	27.7723	5.40769	0	0	14.8923	4330.01	1451.41	2307.89	23.8682	34.4724	2.44361	2.1834	5.40475	0	0	0.127857
setup	0	2016-02-07 23:00:00	0	6.14901	3.16959	0	0	0.00017938	0.00030882	0.000431434	0.000386323	0.000206707	2.20691e-06	0	0	0	10.7795	0.300262	0.363172	0.01936	0.0136256	2.03288e-15	0.270695	0.24981	0.00250863	0.000234895	228.137	40399.6	19010.4	28610.7	217.439	1078.29	72.6166	29.1661	5.45217	0	0	14.8729	4330.17	1451.56	2307.88	23.8649	34.7068	2.46883	2.29111	5.45792	0	0	0.127371
setup	0	2016-02-08 23:00:00	0	6.18153	4.41483	0	0	0.00016184	8.64057e-05	0.000545302	0.000705637	0.000422879	1.88453e-06	0	0	0	10.3724	0.296578	0.349459	0.0193348	0.0137413	2.03288e-15	0.36234	0.312667	0.00395164	0.000251368	225.283	40399.6	19010.7	28610.8	217.964	1084.44	72.7861	29.1947	5.08705	0	0	14.8536	4330.33	1451.72	2308.03	23.9294	34.9254	2.47222	2.36659	5.50138	0	0	0.127654
setup	0	2016-02-09 23:00:00	0	5.92903	4.99465	0	0	0.000167624	0.000237126	0.000460365	0.000937687	0.00100209	5.15487e-07	0	0	0	9.90268	0.292868	0.333633	0.0193097	0.0139921	2.03288e-15	0.366305	0.310947	0.0057729	0.00022944	221.997	40399.1	19010.5	28610.3	219.893	1090.1	72.8037	27.2683	4.83274	0	0	14.8343	4330.49	1451.88	2308.16	24.1515	35.1276	2.47106	2.2859	5.54635	0	0	0.137063
setup	0	2016-02-10 23:00:00	0	5.93344	6.33243	9.07071e-09	0	0.000175591	0.000462477	0.000435107	0.00134241	0.00301409	1.27918e-07	0	0	0	9.3716	0.288597	0.31574	0.0192846	0.0147645	2.03288e-15	0.44976	0.375658	0.0112847	0.000257865	219.034	40397.3	19009	28609.1	223.164	1095.19	72.0347	23.6392	4.43532	0	0	14.815	4330.64	1452.03	2308.4	24.511	35.3103	2.44523	2.0879	5.59399	0	0	0.159753
setup	0	2016-02-11 23:00:00	0	5.88429	6.25358	0	0	0.000165419	0.000173774	0.00087112	0.00250666	0.00272405	2.61563e-07	0	0	0	8.78123	0.284744	0.29585	0.0192595	0.0142053	2.03288e-15	0.459745	0.39567	0.0117828	0.000270417	215.767	40395.6	19007.6	28609.6	225.726	1099.61	71.4129	20.6591	4.08515	0	0	14.7957	4330.8	1452.16	2308.91	24.8896	35.4692	2.4243	1.83911	5.66863	0	0	0.157196
setup	0	2016-02-12 23:00:00	0	5.92689	5.74202	0.000361049	0	0.000186368	0.000257427	0.000903717	0.00264291	0.00239735	3.72494e-07	0	0	0	8.13424	0.280497	0.274052	0.0192345	0.0136264	2.03288e-15	0.429015	0.373714	0.0115413	0.000292269	212.514	40394.4	19006.7	28608.3	227.07	1103.36	70.7324	19.1373	4.07858	0	0	14.7765	4330.96	1452.3	2309.02	25.1701	35.6056	2.40166	1.69706	5.73927	0	0	0.156998
setup	0	2016-02-13 23:00:00	0	5.89938	5.39001	0.000334944	0	0.000176445	0.000176452	0.000953167	0.00277636	0.00223951	4.41931e-07	0	0	0	7.43391	0.276269	0.250457	0.0192095	0.0136257	2.03288e-15	0.417148	0.365291	0.0111421	0.000292532	209.093	40393.6	19006.2	28607.3	227.788	1106.4	70.1798	18.4253	4.11599	0	0	14.7573	4331.11	1452.45	2309.13	25.3733	35.7181	2.38317	1.63234	5.80672	0	0	0.15468
setup	0	2016-02-14 23:00:00	0	5.80923	5.09483	0.00023853	0	0.000155429	0.0001932	0.00102118	0.00294312	0.00180067	5.44029e-07	0	0	0	6.68407	0.27182	0.225194	0.0191845	0.0136256	2.03288e-15	0.408785	0.36754	0.0107442	0.00028719	205.633	40393	19005.9	28607.3	228.109	1108.67	69.9033	18.1738	4.11087	0	0	14.7381	4331.27	1452.6	2309.34	25.5284	35.8049	2.37352	1.60793	5.87418	0	0	0.147739
setup	0	2016-02-15 23:00:00	0	5.74359	4.84318	0	0	0.000135428	0.00030042	0.00108471	0.0029001	0.00128804	1.03364e-06	0	0	0	5.88915	0.267322	0.198412	0.0191595	0.0136256	2.03288e-15	0.407844	0.370489	0.00913822	0.000285617	202.191	40392.8	19005.9	28607.2	228.146	1110.12	69.8415	18.2138	4.16778	0	0	14.719	4331.44	1452.75	2309.52	25.6524	35.8642	2.37067	1.60483	5.94798	0	0	0.136574
setup	0	2016-02-16 23:00:00	0	5.63338	4.51841	0	0	0.000150044	0.000345503	0.000898596	0.00219257	0.00103419	1.17192e-06	0	0	0	5.05404	0.262848	0.170276	0.0191346	0.0136256	2.03288e-15	0.388018	0.352584	0.00814152	0.000274811	198.743	40392.8	19006.2	28606.8	227.951	1110.74	70.0006	18.5167	4.28733	0	0	14.6998	4331.6	1452.89	2309.59	25.7504	35.8955	2.37488	1.62233	6.01985	0	0	0.132618
setup	0	2016-02-17 23:00:00	0	5.6633	4.52896	0	0	0.000162774	0.000334391	0.00084789	0.00193111	0.000955693	1.46518e-06	0	0	0	4.1841	0.258366	0.140967	0.0191098	0.0136256	2.03288e-15	0.393884	0.355392	0.00787009	0.00029072	195.367	40392.9	19006.5	28606.3	227.646	1110.48	70.0968	19.0175	4.38566	0	0	14.6807	4331.76	1453.05	2309.65	25.8313	35.8972	2.37717	1.66088	6.08967	0	0	0.132031
setup	0	2016-02-18 23:00:00	0	5.72151	4.61578	0	0	0.000165558	0.000126594	0.000842264	0.00178981	0.000918352	1.71554e-06	0	0	0	3.2851	0.253977	0.110679	0.0190849	0.0136256	2.03288e-15	0.403555	0.363036	0.00774916	0.000307829	191.915	40392.8	19006.7	28605.8	227.311	1109.31	70.1092	19.5834	4.46862	0	0	14.6616	4331.92	1453.2	2309.7	25.907	35.8682	2.3769	1.70912	6.15932	0	0	0.131165
setup	0	2016-02-19 23:00:00	0	5.63024	4.53959	0	0	0.000160431	8.92136e-05	0.00080658	0.00160671	0.000856104	1.66133e-06	0	0	0	2.36314	0.249489	0.0796167	0.0190601	0.0136257	2.03288e-15	0.396797	0.359999	0.00751478	0.000298614	188.428	40392.8	19007	28605.3	227.027	1107.23	70.2325	20.0684	4.5317	0	0	14.6426	4332.08	1453.36	2309.75	25.9827	35.8084	2.38021	1.75524	6.22787	0	0	0.130705
setup	0	2016-02-20 23:00:00	0	5.44233	4.36331	0	0	0.000115169	0.000235336	0.0007527	0.00142608	0.000782914	1.54422e-06	0	0	0	1.42458	0.244956	0.0479956	0.0190353	0.0136256	2.03288e-15	0.380978	0.349297	0.0072552	0.0002805	185.039	40393	19007.4	28604.8	226.806	1104.22	70.5346	20.4603	4.579	0	0	14.6235	4332.25	1453.52	2309.79	26.0592	35.7181	2.38924	1.79569	6.29403	0	0	0.130206
setup	0	2016-02-21 23:00:00	0	5.28533	4.23332	0	0	0.000127376	0.000394875	0.000716194	0.00130848	0.000727355	1.54317e-06	0	0	0	0.475978	0.24055	0.0160362	0.0190106	0.0136256	2.03288e-15	0.370332	0.341452	0.00704117	0.000272039	181.786	40393.3	19008	28604.5	226.603	1100.29	70.9238	20.8447	4.61938	0	0	14.6045	4332.41	1453.68	2309.83	26.1342	35.5968	2.40107	1.83451	6.35861	0	0	0.129819
setup	0	2016-02-22 23:00:00	0	5.25366	4.26073	0	0	0.000146663	0.000337956	0.000717759	0.0012794	0.000706698	1.71588e-06	0	0	0	0	0.236322	0	0.0189859	0.0136256	2.03288e-15	0.374396	0.344028	0.00697482	0.000281256	178.616	40393.6	19008.5	28604.1	226.368	1095.89	71.2231	21.3134	4.65825	0	0	14.5855	4332.57	1453.84	2309.87	26.2063	35.4599	2.41009	1.87831	6.42339	0	0	0.129637
setup	0	2016-02-23 23:00:00	0	5.22882	4.29225	0	0	0.00014367	0.000216974	0.000723743	0.00125167	0.000688023	1.83927e-06	0	0	0	0	0.2322	0	0.0189612	0.0136256	2.03288e-15	0.379592	0.348096	0.00683615	0.000288654	175.43	40393.8	19008.9	28603.7	226.113	1091.51	71.4498	21.8344	4.69807	0	0	14.5666	4332.73	1454	2309.91	26.2751	35.3234	2.41686	1.92692	6.48911	0	0	0.12948
setup	0	2016-02-24 23:00:00	0	5.16433	4.26953	0	0	0.000135378	0.000117601	0.000720184	0.00120429	0.000658344	1.95017e-06	0	0	0	0	0.228059	0	0.0189365	0.0136256	2.03288e-15	0.379608	0.348613	0.00668063	0.000292473	172.263	40394	19009.4	28603.3	225.849	1087.14	71.6716	22.3763	4.735	0	0	14.5476	4332.9	1454.16	2309.95	26.3408	35.1874	2.42351	1.97826	6.55533	0	0	0.12941
setup	0	2016-02-25 23:00:00	0	5.10718	4.26218	0	0	0.000145696	0.000127618	0.000721861	0.00116815	0.00063153	2.13235e-06	0	0	0	0	0.223941	0	0.0189119	0.0136256	2.03288e-15	0.381288	0.349921	0.00651106	0.000300687	169.14	40394.2	19009.8	28602.9	225.563	1082.78	71.8626	22.9637	4.77306	0	0	14.5287	4333.06	1454.32	2309.99	26.403	35.0518	2.42923	2.03334	6.62199	0	0	0.129765
setup	0	2016-02-26 23:00:00	0	4.97857	5.16826	0	0	0.000149159	8.64337e-05	0.000830805	0.00162556	0.00100616	1.68154e-06	0	0	0	0	0.219883	0	0.0188873	0.0137533	2.03288e-15	0.44545	0.393685	0.00828444	0.000303604	166.049	40393.4	19009.4	28602.5	226.484	1078.42	71.619	22.1108	4.59478	0	0	14.5098	4333.21	1454.47	2310.19	26.5556	34.9162	2.42123	2.0145	6.68529	0	0	0.12934
setup	0	2016-02-27 23:00:00	0	4.84428	5.32013	0	0	0.000139779	0.000249457	0.000766551	0.00174312	0.00141791	8.31664e-07	0	0	0	0	0.215863	0	0.0188628	0.0137829	2.03288e-15	0.440916	0.390538	0.00952839	0.000306818	163.056	40392.5	19008.7	28601.5	227.583	1074.08	71.163	20.9567	4.56505	0	0	14.491	4333.37	1454.62	2310.31	26.7621	34.781	2.40659	1.94162	6.75374	0	0	0.13509
setup	0	2016-02-28 23:00:00	0	4.67334	5.14709	1.30443e-08	0	0.000127009	8.60179e-05	0.000653298	0.00159712	0.00160109	4.19328e-07	0	0	0	0	0.211973	0	0.0188383	0.0136823	2.03288e-15	0.432407	0.388936	0.0110955	0.000307271	160.14	40391.7	19008.3	28600.8	228.295	1069.76	70.8096	20.2217	4.50788	0	0	14.4721	4333.53	1454.77	2310.46	26.9361	34.6465	2.39532	1.89078	6.82452	0	0	0.144236
setup	0	2016-02-29 23:00:00	0	4.52668	5.13231	4.44807e-08	0	0.000136874	0.000116641	0.00076325	0.00193321	0.00172627	4.07488e-07	0	0	0	0	0.208182	0	0.0188138	0.0136466	2.03288e-15	0.43553	0.395854	0.0122696	0.000317983	157.332	40391	19007.8	28600.2	228.819	1065.44	70.4315	19.6897	4.45921	0	0	14.4533	4333.68	1454.92	2310.61	27.0969	34.5123	2.38334	1.85293	6.89234	0	0	0.148556
setup	0	2016-03-01 23:00:00	0	4.36691	5.06518	0.000240137	0	0.000147601	0.000118277	0.000868828	0.00222792	0.00173568	4.5737e-07	0	0	0	0	0.204531	0	0.0187893	0.0136378	2.03288e-15	0.437493	0.397742	0.0125021	0.000326197	154.596	40390.2	19007.4	28599.5	229.166	1061.14	70.0619	19.3631	4.42327	0	0	14.4345	4333.84	1455.07	2310.74	27.2387	34.3785	2.37165	1.83022	6.96642	0	0	0.148927
setup	0	2016-03-02 23:00:00	0	4.2117	5.04587	0.000194925	0	0.000157999	0.00010418	0.000957586	0.00247198	0.00170213	5.46645e-07	0	0	0	0	0.200975	0	0.0187649	0.0136321	2.03288e-15	0.444034	0.403001	0.0122152	0.000337273	151.954	40389.5	19007	28598.7	229.367	1056.85	69.6419	19.2263	4.40883	0	0	14.4158	4333.99	1455.22	2310.86	27.3639	34.2451	2.35837	1.82398	7.0427	0	0	0.146966
setup	0	2016-03-03 23:00:00	0	4.02443	5.01331	3.05712e-05	0	0.000164274	8.70739e-05	0.000964261	0.00250081	0.00167388	5.89624e-07	0	0	0	0	0.197541	0	0.0187405	0.0136341	2.03288e-15	0.444029	0.404917	0.0121021	0.000345393	149.395	40388.8	19006.6	28597.9	229.486	1052.58	69.2269	19.1798	4.40357	0	0	14.397	4334.15	1455.37	2310.98	27.485	34.112	2.34526	1.82811	7.11387	0	0	0.145976
setup	0	2016-03-04 23:00:00	0	3.77412	4.88613	1.08317e-08	0	0.000162777	8.88741e-05	0.00103172	0.00263049	0.00154177	6.92439e-07	0	0	0	0	0.194214	0	0.0187161	0.0136265	2.03288e-15	0.441267	0.402982	0.0113163	0.000339242	146.946	40388.2	19006.3	28597.1	229.517	1048.32	68.8852	19.2274	4.4307	0	0	14.3783	4334.3	1455.51	2311.08	27.5909	33.9796	2.33444	1.83987	7.18986	0	0	0.142493
setup	0	2016-03-05 23:00:00	0	3.50341	4.77196	5.86752e-09	0	0.000139167	9.88017e-05	0.00102635	0.00256712	0.00141835	8.18749e-07	0	0	0	0	0.19103	0	0.0186918	0.013626	2.03288e-15	0.437448	0.400063	0.0105955	0.000338615	144.653	40387.7	19006	28596.3	229.475	1044.08	68.5986	19.3745	4.473	0	0	14.3596	4334.46	1455.66	2311.17	27.6847	33.8479	2.32535	1.86159	7.26601	0	0	0.139342
setup	0	2016-03-06 23:00:00	0	3.24746	4.78257	0	0	0.000153998	0.000102899	0.00102676	0.0025193	0.0013624	1.00012e-06	0	0	0	0	0.188049	0	0.0186675	0.0136256	2.03288e-15	0.441381	0.402843	0.0101284	0.000351975	142.508	40387.2	19005.8	28595.5	229.379	1039.85	68.2555	19.6112	4.52017	0	0	14.341	4334.61	1455.81	2311.25	27.7755	33.7167	2.31448	1.89199	7.33903	0	0	0.137266
setup	0	2016-03-07 23:00:00	0	2.93471	5.109	0	0	0.000165231	9.1253e-05	0.000666511	0.00177566	0.00177478	4.25834e-07	0	0	0	0	0.18526	0	0.0186432	0.0137551	2.03288e-15	0.47057	0.427553	0.0133825	0.000364993	140.499	40386.3	19005.2	28594.9	229.615	1035.63	67.8504	19.3785	4.40786	0	0	14.3223	4334.76	1455.96	2311.43	27.8836	33.5855	2.30178	1.90058	7.41326	0	0	0.147426
setup	0	2016-03-08 23:00:00	0	2.56394	5.65194	0.000124416	0	0.000161194	9.31296e-05	0.00099851	0.00283794	0.00297859	5.63365e-07	0	0	0	0	0.182649	0	0.018619	0.0138766	2.03288e-15	0.504438	0.449207	0.0161316	0.000369195	138.677	40384.8	19004	28593.8	230.592	1031.43	67.1307	18.1634	4.30572	0	0	14.3037	4334.91	1456.1	2311.61	28.0848	33.4545	2.27918	1.82237	7.48953	0	0	0.152189
setup	0	2016-03-09 23:00:00	0	2.15597	5.33832	0.00327987	0	0.00011298	9.1565e-05	0.000544884	0.00184305	0.00378994	1.3989e-07	0	0	0	0	0.18028	0	0.0185948	0.0139083	2.03288e-15	0.483439	0.460166	0.0221525	0.000375541	137.071	40383.7	19003.2	28593	231.104	1027.24	66.6717	17.3501	4.22784	0	0	14.2851	4335.05	1456.23	2311.79	28.2538	33.3242	2.26498	1.76277	7.56608	0	0	0.168897
setup	0	2016-03-10 23:00:00	0	1.72816	5.02475	0.0041858	0	8.92789e-05	8.8398e-05	0.000684791	0.00231263	0.00428506	1.20719e-07	0	0	0	0	0.178192	0	0.0185706	0.0136865	2.03288e-15	0.461326	0.425779	0.0234039	0.000365298	135.701	40382.8	19002.7	28592.5	231.349	1023.07	66.479	16.7696	4.15763	0	0	14.2665	4335.19	1456.36	2311.96	28.3959	33.1948	2.25932	1.7044	7.65182	0	0	0.178899
setup	0	2016-03-11 23:00:00	0	1.39527	5.2006	0.00242103	0	9.91787e-05	0.00027562	0.00117976	0.00383857	0.00399104	3.14752e-07	0	0	0	0	0.176411	0	0.0185465	0.0136286	2.03288e-15	0.487901	0.444997	0.0218359	0.000403712	134.578	40381.8	19001.9	28591.6	231.427	1018.91	66.002	16.4792	4.10559	0	0	14.248	4335.34	1456.48	2312.1	28.5118	33.0653	2.24461	1.67649	7.74469	0	0	0.172707
setup	0	2016-03-12 23:00:00	0	1.07481	5.15013	0.00320148	0	0.000160072	9.09636e-05	0.00140164	0.00446977	0.00345475	4.38889e-07	0	0	0	0	0.174951	0	0.0185224	0.0136273	2.03288e-15	0.487372	0.446831	0.0191379	0.000404119	133.615	40380.8	19001.2	28590.5	231.384	1014.76	65.4948	16.3364	4.12639	0	0	14.2295	4335.48	1456.61	2312.22	28.6213	32.9361	2.22887	1.66598	7.83283	0	0	0.163756
setup	0	2016-03-13 23:00:00	0	0.762106	4.99067	0.00235238	0	0.000130058	9.25843e-05	0.00147249	0.00466918	0.00294672	5.60531e-07	0	0	0	0	0.1737	0	0.0184983	0.0136256	2.03288e-15	0.477195	0.440683	0.0167671	0.00039414	132.84	40379.9	19000.6	28589.6	231.275	1010.63	65.0729	16.2954	4.18488	0	0	14.211	4335.63	1456.74	2312.32	28.723	32.8076	2.21572	1.67076	7.9144	0	0	0.155308
setup	0	2016-03-14 23:00:00	0	0.50413	5.01373	0.000322149	0	0.000136391	9.37746e-05	0.00147178	0.00464257	0.00268275	6.81277e-07	0	0	0	0	0.172691	0	0.0184742	0.0136256	2.03288e-15	0.487295	0.446378	0.0151442	0.000395115	132.241	40379	19000	28588.5	231.142	1006.52	64.5804	16.3286	4.25077	0	0	14.1925	4335.77	1456.88	2312.43	28.8161	32.6796	2.20028	1.68534	7.99802	0	0	0.148257
setup	0	2016-03-15 23:00:00	0	0.302954	4.9879	0	0	0.000139144	9.56933e-05	0.00143426	0.00447253	0.00247601	7.96799e-07	0	0	0	0	0.171913	0	0.0184502	0.0136256	2.03288e-15	0.491558	0.44878	0.0140198	0.00039422	131.786	40378.1	18999.3	28587.5	231.002	1002.43	64.0913	16.3787	4.32616	0	0	14.174	4335.92	1457.02	2312.53	28.9038	32.5522	2.18491	1.70371	8.08328	0	0	0.143608
setup	0	2016-03-16 23:00:00	0	0.159703	5.07767	0	0	0.000156612	9.81657e-05	0.00155025	0.0047896	0.00223005	1.13445e-06	0	0	0	0	0.171321	0	0.0184262	0.0136256	2.03288e-15	0.504772	0.467374	0.0134984	0.000406672	131.444	40377.1	18998.5	28587.4	230.844	998.345	63.5882	16.4603	4.32952	0	0	14.1556	4336.06	1457.16	2312.82	28.9968	32.4247	2.1691	1.72481	8.16296	0	0	0.138027
setup	0	2016-03-17 23:00:00	0	0.0657492	4.88008	0	0	0.000167862	0.000102475	0.00149488	0.00419663	0.00156367	2.04569e-06	0	0	0	0	0.170877	0	0.0184023	0.0136258	2.03288e-15	0.502399	0.468876	0.0121138	0.000413678	131.183	40376.2	18997.9	28586.8	230.449	994.265	63.3249	16.7175	4.38242	0	0	14.1372	4336.21	1457.28	2312.98	29.071	32.2968	2.16088	1.73949	8.26637	0	0	0.134537
setup	0	2016-03-18 23:00:00	0	0.0106384	4.69761	0	0	0.000166292	0.000106096	0.00127017	0.00326836	0.00131882	2.19399e-06	0	0	0	0	0.170538	0	0.0183784	0.0136267	2.03288e-15	0.4863	0.454227	0.0109962	0.00040403	130.976	40375.6	18997.5	28585.9	229.961	990.205	63.1807	17.0778	4.47413	0	0	14.1188	4336.36	1457.41	2313.08	29.1354	32.1697	2.15642	1.77117	8.35887	0	0	0.132784
setup	0	2016-03-19 23:00:00	0	0	4.59307	0	0	0.00014115	0.000107592	0.00115245	0.00274503	0.00119309	2.26828e-06	0	0	0	0	0.170268	0	0.0183545	0.0136264	2.03288e-15	0.480515	0.449146	0.0105262	0.000396918	130.8	40375	18997.2	28585.1	229.461	986.168	63.1121	17.4759	4.54731	0	0	14.1005	4336.5	1457.54	2313.16	29.1858	32.0434	2.15436	1.81279	8.45136	0	0	0.131273
setup	0	2016-03-20 23:00:00	0	7.03121e-06	4.68869	0	0	0.000143956	0.000108659	0.00113669	0.00255445	0.00118334	2.5951e-06	0	0	0	0	0.17004	0	0.0183306	0.0136307	2.03288e-15	0.491777	0.458075	0.0105655	0.000416882	130.63	40374.3	18996.8	28584.2	229.033	982.146	62.9698	17.8103	4.58523	0	0	14.0821	4336.65	1457.68	2313.25	29.2377	31.9175	2.14999	1.85464	8.54406	0	0	0.130228
setup	0	2016-03-21 23:00:00	0	1.29753e-05	4.59439	0	0	0.000194651	0.000112895	0.00111462	0.00233508	0.00109486	2.85067e-06	0	0	0	0	0.169819	0	0.0183068	0.0136256	2.03288e-15	0.478914	0.450948	0.0101397	0.000423025	130.46	40373.7	18996.4	28583.3	228.553	978.142	62.8847	18.2012	4.64262	0	0	14.0638	4336.8	1457.82	2313.33	29.2975	31.7921	2.14743	1.89836	8.62795	0	0	0.129954
setup	0	2016-03-22 23:00:00	0	2.25046e-05	4.58676	0	0	0.000144825	0.000115866	0.0010926	0.00219271	0.00105737	2.89487e-06	0	0	0	0	0.169598	0	0.018283	0.013628	2.03288e-15	0.483526	0.453797	0.0100567	0.000422222	130.29	40373.1	18996.1	28582.5	228.146	974.158	62.8187	18.5155	4.67592	0	0	14.0456	4336.94	1457.96	2313.41	29.3508	31.6674	2.14549	1.93993	8.71799	0	0	0.12956
setup	0	2016-03-23 23:00:00	0	4.11843e-05	4.55222	0	0	0.000165538	0.000118871	0.00108888	0.0020921	0.00100597	3.16113e-06	0	0	0	0	0.169378	0	0.0182592	0.0136256	2.03288e-15	0.48207	0.453028	0.00980099	0.000432498	130.121	40372.5	18995.8	28581.5	227.691	970.191	62.743	18.8995	4.72101	0	0	14.0273	4337.09	1458.1	2313.49	29.4014	31.5432	2.14326	1.98501	8.80778	0	0	0.128944
setup	0	2016-03-24 23:00:00	0	6.30009e-05	4.48574	0	0	0.000150201	0.000122064	0.00105347	0.00196506	0.000965088	2.97954e-06	0	0	0	0	0.169158	0	0.0182355	0.0136275	2.03288e-15	0.472196	0.447319	0.00967483	0.000415455	129.953	40372	18995.5	28580.7	227.327	966.248	62.7439	19.1736	4.74617	0	0	14.0091	4337.23	1458.24	2313.56	29.4627	31.4199	2.14344	2.02402	8.8912	0	0	0.128695
setup	0	2016-03-25 23:00:00	0	9.25446e-05	4.52941	0	0	0.000207912	0.000124386	0.00103511	0.0019495	0.000993005	2.68787e-06	0	0	0	0	0.168938	0	0.0182118	0.0136332	2.03288e-15	0.477336	0.450336	0.00984205	0.000399741	129.784	40371.4	18995.2	28579.9	227.13	962.325	62.7293	19.2529	4.74665	0	0	13.9908	4337.38	1458.38	2313.66	29.5335	31.2973	2.14314	2.04762	8.97853	0	0	0.128264
setup	0	2016-03-26 23:00:00	0	0.0001607	4.4659	0	0	5.3247e-05	0.00012223	0.00102403	0.0019175	0.000979897	2.67918e-06	0	0	0	0	0.168719	0	0.0181881	0.0136297	2.03288e-15	0.467029	0.444433	0.00983146	0.000394633	129.616	40370.8	18994.9	28579.2	226.926	958.424	62.7367	19.3384	4.76294	0	0	13.9727	4337.52	1458.52	2313.76	29.6153	31.1755	2.14353	2.06577	9.06026	0	0	0.127909
setup	0	2016-03-27 23:00:00	0	0.000296193	4.4063	0	0	0.000178872	0.000123972	0.00102625	0.00186793	0.000932231	2.98702e-06	0	0	0	0	0.168501	0	0.0181645	0.013626	2.03288e-15	0.469462	0.444301	0.00959413	0.000408674	129.45	40370.3	18994.6	28578.4	226.578	954.54	62.7179	19.6184	4.8028	0	0	13.9545	4337.66	1458.66	2313.83	29.6753	31.0542	2.14311	2.09781	9.1488	0	0	0.12804
setup	0	2016-03-28 23:00:00	0	0.000545142	4.39433	0	0	0.000116707	0.00012578	0.00104034	0.00182942	0.000894176	3.42372e-06	0	0	0	0	0.168284	0	0.0181408	0.0136259	2.03288e-15	0.473701	0.448002	0.00942314	0.000429492	129.284	40369.8	18994.4	28577.5	226.152	950.669	62.6663	20.012	4.84567	0	0	13.9364	4337.81	1458.8	2313.89	29.7219	30.9332	2.14167	2.14318	9.23869	0	0	0.127921
setup	0	2016-03-29 23:00:00	0	0.000849226	4.32379	0	0	0.000159886	0.000131029	0.00102623	0.00173655	0.000843985	3.55227e-06	0	0	0	0	0.168069	0	0.0181173	0.013626	2.03288e-15	0.468595	0.444852	0.00916168	0.000429584	129.121	40369.4	18994.2	28576.7	225.701	946.817	62.657	20.4449	4.88637	0	0	13.9182	4337.95	1458.94	2313.96	29.7632	30.8129	2.14157	2.19434	9.32721	0	0	0.12777
setup	0	2016-03-30 23:00:00	0	0.00156744	4.81272	0	0	0.000142329	0.000134949	0.00109148	0.00205393	0.00109482	2.99714e-06	0	0	0	0	0.167857	0	0.0180937	0.0136818	2.03288e-15	0.509177	0.476391	0.0104976	0.000423316	128.959	40368.4	18993.5	28576.1	225.925	942.978	62.4306	20.059	4.7974	0	0	13.9001	4338.09	1459.08	2314.14	29.8668	30.6927	2.1346	2.19121	9.41334	0	0	0.127426
setup	0	2016-03-31 23:00:00	0	0.00574184	4.65204	0	0	0.000125023	0.0001365	0.00109276	0.00202586	0.00106569	3.05817e-06	0	0	0	0	0.167646	0	0.0180702	0.0136323	2.03288e-15	0.474475	0.451059	0.0100949	0.000422373	128.8	40367.6	18993	28575.3	225.91	939.156	62.2466	19.9342	4.79049	0	0	13.8821	4338.23	1459.21	2314.26	30.0064	30.5731	2.12899	2.1825	9.50418	0	0	0.127262
setup	0	2016-04-01 23:00:00	0	0.0153636	5.55916	0	0	0.000100926	0.000136586	0.000777399	0.0021446	0.00248503	7.08201e-07	0	0	0	0	0.16744	0	0.0180467	0.0149695	2.03288e-15	0.565428	0.539362	0.0174772	0.00038869	128.64	40365.8	18991.5	28574.2	227.318	935.351	61.6849	18.0276	4.5824	0	0	13.864	4338.37	1459.34	2314.5	30.2402	30.454	2.11148	2.05117	9.59596	0	0	0.136105
setup	0	2016-04-02 23:00:00	0	0.0237196	5.38901	0	0	0.000108817	0.000131559	0.000720163	0.00207569	0.00287672	1.90786e-07	0	0	0	0	0.167232	0	0.0180232	0.0164232	2.03288e-15	0.576416	0.582648	0.0202043	0.000360694	128.482	40364.3	18990.1	28576.7	228.24	931.546	61.3318	16.4991	4.42562	0	0	13.846	4338.52	1459.37	2315.31	30.4284	30.3343	2.10067	1.87293	9.77883	0	0	0.140599
setup	0	2016-04-03 23:00:00	0	0.0386237	5.07189	1.27147e-07	0	5.70613e-05	0.000123105	0.000861539	0.00267226	0.00330812	1.91687e-07	0	0	0	0	0.167026	0	0.0179998	0.0136569	2.03288e-15	0.539393	0.498103	0.021528	0.000393743	128.33	40363	18989.1	28575.7	228.575	927.759	60.9899	15.6362	4.44337	0	0	13.828	4338.65	1459.43	2315.45	30.5796	30.2151	2.09031	1.76571	9.90772	0	0	0.147343
setup	0	2016-04-04 23:00:00	0	0.0683138	4.81487	1.32259e-07	0	5.63228e-05	0.000119986	0.000903862	0.00277475	0.0034834	1.83626e-07	0	0	0	0	0.167108	0	0.0179764	0.0136744	2.03288e-15	0.521437	0.49293	0.0225706	0.000399409	128.182	40362	18988.3	28574.9	228.58	923.994	60.7644	15.1845	4.47412	0	0	13.81	4338.78	1459.5	2315.59	30.6784	30.0969	2.08365	1.71257	10.0283	0	0	0.153024
setup	0	2016-04-05 23:00:00	0	0.116427	4.87588	0.000392432	0	5.55338e-05	0.000117282	0.00119426	0.00368987	0.00351744	2.84255e-07	0	0	0	0	0.170047	0	0.017953	0.0136401	2.03288e-15	0.531802	0.502372	0.0226329	0.000428239	128.056	40360.8	18987.5	28574	228.431	920.241	60.4141	14.9771	4.4829	0	0	13.7921	4338.91	1459.59	2315.72	30.7567	29.9788	2.07302	1.69242	10.1422	0	0	0.153505
setup	0	2016-04-06 23:00:00	0	0.196084	4.82574	0.00129172	0	5.47144e-05	0.000117897	0.000822739	0.00269536	0.00425021	1.16131e-07	0	0	0	0	0.168699	0	0.0179297	0.0137762	2.03288e-15	0.530857	0.527171	0.0286805	0.000440275	127.926	40359.8	18986.7	28573.3	228.217	916.504	60.1321	14.7897	4.47871	0	0	13.7741	4339.04	1459.69	2315.89	30.8248	29.8612	2.06463	1.68274	10.2538	0	0	0.161524
setup	0	2016-04-07 23:00:00	0	0.298833	4.81016	0.00126725	0	5.398e-05	0.000117719	0.00134368	0.0043429	0.00419753	2.27425e-07	0	0	0	0	0.16966	0	0.0179064	0.0136378	2.03288e-15	0.528908	0.504339	0.0263337	0.000456847	127.808	40358.7	18985.9	28572.5	227.942	912.782	59.8302	14.6979	4.47293	0	0	13.7562	4339.17	1459.78	2316.03	30.8914	29.744	2.05557	1.67439	10.3662	0	0	0.160873
setup	0	2016-04-08 23:00:00	0	0.473817	4.85753	0.00143572	0	5.3326e-05	0.000119194	0.00170219	0.00549673	0.00372901	4.01185e-07	0	0	0	0	0.180258	0	0.0178831	0.013628	2.03288e-15	0.539038	0.514714	0.0242777	0.00047448	127.735	40357.6	18985	28571.5	227.634	909.072	59.4594	14.6739	4.48269	0	0	13.7384	4339.3	1459.88	2316.15	30.9502	29.627	2.04427	1.67812	10.479	0	0	0.156577
setup	0	2016-04-09 23:00:00	0	0.71761	4.89465	0.00224003	0	5.27505e-05	0.000122451	0.00131599	0.00430744	0.00397842	2.94347e-07	0	0	0	0	0.174171	0	0.0178599	0.0136847	2.03288e-15	0.542676	0.520728	0.0262114	0.00048209	127.634	40356.4	18984.1	28570.5	227.324	905.375	59.078	14.6182	4.47869	0	0	13.7205	4339.42	1459.99	2316.28	31.0149	29.5102	2.03264	1.68047	10.5866	0	0	0.159786
setup	0	2016-04-10 23:00:00	0	0.999233	4.86082	0.00256362	0	5.23046e-05	0.000123746	0.000908581	0.00321658	0.00497826	1.28518e-07	0	0	0	0	0.165924	0	0.0178366	0.0137829	2.03288e-15	0.542721	0.543799	0.0335767	0.000496168	127.472	40355.2	18983.3	28569.8	227.011	901.693	58.7737	14.4911	4.44946	0	0	13.7027	4339.55	1460.1	2316.45	31.0768	29.3938	2.02355	1.67963	10.6958	0	0	0.170001
setup	0	2016-04-11 23:00:00	0	1.33638	4.82884	0.00232655	0	5.19822e-05	0.000123519	0.000905766	0.00337321	0.0061495	9.74114e-08	0	0	0	0	0.165713	0	0.0178135	0.0137724	2.03288e-15	0.542561	0.536114	0.0388184	0.000515583	127.23	40354.1	18982.4	28569.2	226.666	898.027	58.5213	14.335	4.41425	0	0	13.6848	4339.68	1460.19	2316.64	31.1334	29.278	2.01619	1.66755	10.8138	0	0	0.180665
setup	0	2016-04-12 23:00:00	0	1.7029	4.73491	0.00169669	0	5.17582e-05	0.000122424	0.00110088	0.0042041	0.00664199	1.23794e-07	0	0	0	0	0.165399	0	0.0177903	0.0137154	2.03288e-15	0.535346	0.527742	0.040774	0.000528948	126.892	40353	18981.6	28568.6	226.267	894.379	58.3358	14.2136	4.38588	0	0	13.6671	4339.8	1460.28	2316.82	31.1805	29.1627	2.011	1.65674	10.9344	0	0	0.188396
setup	0	2016-04-13 23:00:00	0	2.13312	4.73455	0.00127697	0	5.16187e-05	0.000122715	0.00180296	0.00682766	0.00566289	2.67563e-07	0	0	0	0	0.16496	0	0.0177672	0.013633	2.03288e-15	0.535854	0.527478	0.0368901	0.000531262	126.449	40351.9	18980.9	28567.7	225.821	890.747	58.0926	14.2247	4.353	0	0	13.6493	4339.93	1460.37	2316.95	31.2222	29.0479	2.00388	1.66068	11.0533	0	0	0.183233
setup	0	2016-04-14 23:00:00	0	2.63345	4.73793	0.0010665	0	5.15101e-05	0.000122759	0.00124165	0.00486178	0.00654952	1.77251e-07	0	0	0	0	0.164384	0	0.0177441	0.0137455	2.03288e-15	0.538785	0.53464	0.042765	0.000550577	125.833	40350.8	18980.1	28566.9	225.387	887.128	57.8615	14.1702	4.3174	0	0	13.6315	4340.05	1460.47	2317.09	31.2641	28.9335	1.99719	1.66423	11.1654	0	0	0.191868
setup	0	2016-04-15 23:00:00	0	3.09634	4.65689	0.00145723	0	5.13946e-05	0.000125948	0.00187738	0.00716922	0.00506573	2.38662e-07	0	0	0	0	0.163583	0	0.017721	0.0143987	2.03288e-15	0.554112	0.564069	0.0347167	0.000496655	124.922	40349.8	18979.2	28568.3	224.945	883.525	57.7124	14.1641	4.28078	0	0	13.6138	4340.18	1460.48	2317.6	31.2599	28.8196	1.99287	1.65768	11.3471	0	0	0.180983
setup	0	2016-04-16 23:00:00	0	3.53625	4.54726	0.000297344	0	5.13944e-05	0.000120819	0.00106057	0.00442394	0.00685329	1.1173e-07	0	0	0	0	0.162399	0	0.017698	0.0137762	2.03288e-15	0.524321	0.529933	0.047938	0.000521976	123.71	40348.8	18978.6	28567.6	224.528	879.941	57.6339	14.0483	4.27003	0	0	13.5961	4340.3	1460.56	2317.72	31.2969	28.7065	1.991	1.65235	11.4633	0	0	0.196792
setup	0	2016-04-17 23:00:00	0	3.89001	4.56637	0.001434	0.00217617	0.00144985	0.000776463	0.00238872	0.00815813	0.00332862	4.10565e-07	0	0	0	0	0.160823	0	0.017675	0.0196279	2.03288e-15	0.773437	0.753327	0.0154198	0.000435975	122.097	40347.9	18977.2	28573.4	224.05	876.374	57.5625	14.1163	4.24778	0	0	13.5784	4340.44	1459.44	2318.03	30.797	28.594	1.98872	1.61167	12.1645	0	0	0.153668
setup	0	2016-04-18 23:00:00	0	4.79965	4.62184	8.33794e-07	0	0.000102511	2.87022e-05	0.00170027	0.00675361	0.00261847	4.80336e-07	0	0	0	0	0.158726	0	0.017652	0.0136395	0.395575	0.555456	0.522147	0.0214744	0.000404709	120.362	40346.8	18976.4	28572.2	223.636	872.815	57.3235	14.2237	4.23532	0	0	13.5608	4340.17	1459.31	2317.77	30.774	28.4817	1.98126	1.6305	11.9462	0	0	0.1588
setup	0	2016-04-19 23:00:00	0	6.15874	4.67141	9.599e-07	0	0.000113185	2.42002e-05	0.00151281	0.00617919	0.00294721	3.91989e-07	0	0	0	0	0.15647	0	0.00934339	0.0136692	0.675179	0.622118	0.566166	0.0256814	0.000429443	118.389	40345.7	18975.6	28571.1	223.275	869.267	57.0935	14.1973	4.21629	0	0	13.5432	4339.61	1459	2317.26	30.6303	28.3613	1.97419	1.62823	11.5865	0	0	0.165597
setup	0	2016-04-20 23:00:00	0	6.97452	4.69608	1.22896e-06	0	0.000123853	0.000135891	0.00134014	0.00591497	0.00383148	2.78922e-07	0	0	0	0	0.153906	0	0.00933124	0.0136841	0.694771	0.638057	0.594156	0.0306496	0.000457252	116.246	40344.5	18974.7	28570.1	222.919	865.731	56.8929	14.0682	4.18052	0	0	13.5283	4339.03	1458.68	2316.76	30.4494	28.2415	1.96813	1.60993	11.2585	0	0	0.176955
setup	0	2016-04-21 23:00:00	0	7.28678	4.70799	1.44866e-06	0	0.000135175	0.000328941	0.00154067	0.00708794	0.00349541	3.60988e-07	0	0	0	0	0.15112	0	0.009321	0.0136343	0.694948	0.640854	0.598217	0.0274171	0.000457548	113.912	40343.4	18973.9	28569	222.503	862.208	56.6637	14.0254	4.14089	0	0	13.5162	4338.46	1458.37	2316.25	30.2514	28.1222	1.96103	1.59911	10.9482	0	0	0.177504
setup	0	2016-04-22 23:00:00	0	7.65971	4.65072	1.44935e-06	0	0.000146995	0.000566495	0.0013132	0.0060868	0.00373792	2.91264e-07	0	0	0	0	0.20563	0	0.00931266	0.0136723	0.803425	0.653436	0.593574	0.0274854	0.000447689	111.877	40342.3	18973.1	28568	222.069	858.7	56.5088	13.9546	4.14055	0	0	13.5038	4337.78	1457.98	2315.66	30.0026	28.0037	1.95624	1.58511	10.5762	0	0	0.182362
setup	0	2016-04-23 23:00:00	0	8.20853	4.69368	2.23124e-06	0	0.000158424	0.000855646	0.000986379	0.00508663	0.00513412	1.76031e-07	0	0	0	0	0.348803	0	0.00930415	0.0137686	0.855436	0.66858	0.602023	0.0321418	0.00045827	110.252	40341.3	18972.4	28567.4	221.632	855.206	56.4101	13.7838	4.19441	0	0	13.4863	4337.04	1457.56	2315.08	29.712	27.8859	1.95341	1.56015	10.1944	0	0	0.199841
setup	0	2016-04-24 23:00:00	0	7.88265	4.76984	3.66715e-06	0	0.000169139	0.000935608	0.000733923	0.0035138	0.00657963	1.46491e-07	0	0	0	0	0.156457	0	0.00929206	0.0144052	0.673915	0.642202	0.58884	0.0380469	0.000455186	108.042	40340	18971.4	28566.8	221.191	851.723	56.2282	13.6713	3.95446	0	0	13.4688	4336.49	1457.26	2314.71	29.4778	27.7685	1.94819	1.53766	9.93708	0	0	0.23539
setup	0	2016-04-25 23:00:00	0	8.08899	4.73918	4.05409e-06	0	0.00018029	0.000874923	0.00164332	0.00870475	0.00375908	3.58151e-07	0	0	0	0	0.484227	0	0.00927998	0.0139136	0.801189	0.653315	0.570039	0.0155127	0.000392928	106.814	40339.1	18970.7	28567.8	220.658	848.254	56.0663	13.6728	4.15591	0	0	13.4599	4335.82	1456.85	2314.47	29.1895	27.6518	1.94296	1.51443	9.62922	0	0	0.201382
setup	0	2016-04-26 23:00:00	0	9.00806	4.91938	4.53378e-06	0	0.000189375	0.00158083	0.0010108	0.00527757	0.00425455	2.03608e-07	0	0	0	0	0.902042	0	0.00927385	0.0137918	0.808958	0.678185	0.577999	0.0189144	0.00037708	106.943	40338.4	18970.2	28567.2	220.158	844.799	55.9418	13.6822	4.43637	0	0	13.4424	4335.14	1456.45	2313.92	28.8466	27.5357	1.939	1.50829	9.33582	0	0	0.210478
setup	0	2016-04-27 23:00:00	0	9.75386	5.14659	6.0512e-06	0	0.000196032	0.00158678	0.000752037	0.0047095	0.00627995	1.00996e-07	0	0	0	0	1.39262	0	0.00926179	0.0138156	0.61946	0.616284	0.542335	0.0219457	0.000361653	108.64	40337.9	18969.9	28567.2	219.679	841.361	55.9602	13.5797	4.78159	0	0	13.4249	4334.65	1456.17	2313.6	28.6062	27.4203	1.93989	1.4889	9.1337	0	0	0.234367
setup	0	2016-04-28 23:00:00	0	9.09928	5.26985	9.73588e-06	0	0.000202267	0.00168199	0.000855758	0.0047407	0.00590772	1.52241e-07	0	0	0	0	1.14974	0	0.00924975	0.0138967	0.534126	0.589413	0.505438	0.0217758	0.000324189	109.707	40337.1	18969.3	28566.7	219.171	837.947	55.94	13.7615	4.51052	0	0	13.4074	4334.24	1455.93	2313.33	28.3862	27.3059	1.93974	1.49513	8.97019	0	0	0.258437
setup	0	2016-04-29 23:00:00	0	9.82783	5.18567	1.29518e-05	0	0.000207794	0.0015555	0.00107419	0.00641987	0.00453158	1.86143e-07	0	0	0	0	1.74396	0	0.00923773	0.0136495	0.479487	0.575015	0.480702	0.0118963	0.000297181	112.661	40336.9	18969.3	28566.4	218.722	834.551	55.8617	13.8791	5.05013	0	0	13.39	4333.89	1455.71	2313.04	28.1992	27.1922	1.93727	1.49448	8.84374	0	0	0.243062
setup	0	2016-04-30 23:00:00	0	9.25331	5.12254	1.20854e-05	0	0.000212612	0.00184207	0.00109575	0.00590413	0.00261302	2.28722e-07	0	0	0	0	1.4602	0	0.00922572	0.0139559	0.464576	0.569398	0.475806	0.00722084	0.000258232	114.817	40336.5	18969.1	28567.3	218.291	831.18	55.8769	14.3059	5.00045	0	0	13.3726	4333.55	1455.48	2312.99	27.9926	27.0795	1.93732	1.52962	8.72036	0	0	0.218433
setup	0	2016-05-01 23:00:00	0	9.84853	5.40845	1.18804e-05	0	0.000216424	0.00221064	0.000577823	0.00369641	0.00520565	8.30411e-08	0	0	0	0	1.89862	0	0.00921372	0.013976	0.438381	0.568648	0.476586	0.0177649	0.000277697	118.366	40336.2	18968.9	28567.4	218.073	827.827	55.9612	14.2453	5.14253	0	0	13.3552	4333.24	1455.26	2312.78	27.8141	26.9673	1.93991	1.52383	8.61006	0	0	0.241965
setup	0	2016-05-02 23:00:00	0	10.9259	5.49629	1.38277e-05	0	0.000219256	0.00172377	0.000970098	0.00608799	0.00346746	1.59814e-07	0	0	0	0	2.58651	0	0.00920175	0.0136273	0.430137	0.582644	0.48658	0.0101079	0.000275499	124.006	40336.5	18969.3	28567.6	217.773	824.49	55.8437	14.5894	5.86971	0	0	13.3379	4332.93	1455.04	2312.52	27.624	26.8555	1.93577	1.54613	8.51044	0	0	0.225322
setup	0	2016-05-03 23:00:00	0	11.1102	5.7906	1.00323e-05	0	0.000220929	0.00186155	0.00101014	0.00568301	0.00275091	2.21672e-07	0	0	0	0	2.58529	0	0.00918978	0.0136295	0.433649	0.610802	0.510064	0.00861092	0.000277792	129.669	40336.6	18969.4	28567.5	217.565	821.172	55.6675	15.223	6.01394	0	0	13.3205	4332.62	1454.81	2312.22	27.4022	26.744	1.92952	1.60944	8.40158	0	0	0.210826
setup	0	2016-05-04 23:00:00	0	12.4719	5.91885	3.03108e-06	0	0.000221245	0.00190422	0.00101771	0.00539498	0.00239654	2.67712e-07	0	0	0	0	3.5441	0	0.00917784	0.0136295	0.436604	0.624701	0.523069	0.00778521	0.000283138	138.223	40337.4	18970	28568.1	217.537	817.873	55.4213	15.7984	6.95926	0	0	13.3032	4332.3	1454.57	2311.93	27.1973	26.6328	1.92089	1.66252	8.28854	0	0	0.197051
setup	0	2016-05-05 23:00:00	0	12.9147	6.71322	8.77393e-06	0	0.000220153	0.00221838	0.000512026	0.00343784	0.00544939	9.67725e-08	0	0	0	0	3.76467	0	0.00916591	0.0139531	0.440106	0.631575	0.523982	0.0193458	0.000312933	147.375	40337.6	18970.2	28568.7	217.785	814.599	55.3818	16.0595	6.91788	0	0	13.2859	4331.97	1454.32	2311.71	27.0022	26.5221	1.91944	1.69084	8.15591	0	0	0.236339
setup	0	2016-05-06 23:00:00	0	11.888	6.62886	1.42341e-05	0	0.000217332	0.00199398	0.000718484	0.00517521	0.00541554	1.10744e-07	0	0	0	0	3.14805	0	0.00915399	0.0136902	0.437654	0.610018	0.506251	0.0163368	0.000303973	154.626	40337.3	18970.2	28568.6	218.046	811.356	55.4221	16.2741	6.24896	0	0	13.2686	4331.65	1454.07	2311.45	26.8214	26.4124	1.92053	1.70261	8.02774	0	0	0.243157
setup	0	2016-05-07 23:00:00	0	12.3496	6.12008	9.77295e-06	0	0.000210609	0.00220177	0.00097184	0.00602387	0.00314985	1.81338e-07	0	0	0	0	3.72614	0	0.00914209	0.0136269	0.428947	0.600213	0.503092	0.00926811	0.000281833	163.653	40338.1	18971	28569.3	218.252	808.14	55.3406	16.6369	6.80848	0	0	13.2514	4331.34	1453.83	2311.16	26.6462	26.3035	1.91722	1.72117	7.91502	0	0	0.215198
setup	0	2016-05-08 23:00:00	0	9.73868	5.93153	3.97094e-06	0	0.000196278	0.00267634	0.000948263	0.00513451	0.00226178	2.05121e-07	0	0	0	0	1.93258	0	0.0091302	0.0136256	0.423001	0.592321	0.496901	0.00725435	0.000259595	167.226	40337.3	18970.6	28568.3	218.451	804.96	55.3715	17.2923	5.35732	0	0	13.2342	4331.04	1453.6	2310.85	26.4361	26.1958	1.9172	1.78418	7.79635	0	0	0.195846
setup	0	2016-05-09 23:00:00	0	11.2848	5.52709	2.77017e-06	0	0.000150339	0.00282325	0.000618859	0.00333966	0.00291194	1.20053e-07	0	0	0	0	3.54448	0	0.00911834	0.0137622	0.402068	0.55509	0.459529	0.00954399	0.00026323	175.723	40338.4	18971.6	28569.5	218.87	801.798	55.3909	17.0159	6.57561	0	0	13.217	4330.76	1453.38	2310.62	26.3249	26.0887	1.91691	1.74033	7.70192	0	0	0.20149
setup	0	2016-05-10 23:00:00	0	11.0573	6.45348	1.06561e-05	0	0.000173363	0.00296919	0.000320233	0.00156178	0.00588374	3.84937e-08	0	0	0	0	3.38864	0	0.00910648	0.0149356	0.39768	0.572107	0.465367	0.0186694	0.000263874	183.691	40338.5	18971.7	28570	219.354	798.663	55.4443	17.0867	6.1118	0	0	13.1998	4330.47	1453.16	2310.44	26.1764	25.9822	1.91819	1.73954	7.58767	0	0	0.259093
setup	0	2016-05-11 23:00:00	0	12.4962	6.44636	2.04058e-05	0	0.000171385	0.00245175	0.000653268	0.00433693	0.00586291	9.30944e-08	0	0	0	0	4.55742	0	0.00909464	0.013628	0.393803	0.560893	0.449297	0.0132431	0.000271273	195.152	40339.7	18972.8	28571.3	219.816	795.548	55.3978	16.9678	7.09222	0	0	13.1826	4330.19	1452.94	2310.19	26.0547	25.8761	1.9164	1.70222	7.48968	0	0	0.26142
setup	0	2016-05-12 23:00:00	0	11.8376	6.7036	1.8946e-05	0	0.000140692	0.00252388	0.000832353	0.00515979	0.00443209	1.38573e-07	0	0	0	0	3.86831	0	0.00908282	0.0136314	0.400318	0.589433	0.477015	0.0106894	0.000267763	204.451	40340	18973.2	28571.4	220.144	792.461	55.259	17.5739	6.67189	0	0	13.1655	4329.9	1452.71	2309.9	25.8608	25.7704	1.91138	1.74806	7.3821	0	0	0.242458
setup	0	2016-05-13 23:00:00	0	10.4769	6.34776	8.70726e-06	0	0.00010649	0.00281944	0.000906477	0.00518947	0.00347103	1.69748e-07	0	0	0	0	2.98119	0	0.00907101	0.0136276	0.398527	0.58591	0.476323	0.0086361	0.000262351	210.979	40339.7	18973.2	28571	220.569	789.399	55.0508	17.962	5.95685	0	0	13.1484	4329.62	1452.49	2309.61	25.6853	25.6653	1.9038	1.78113	7.28114	0	0	0.217143
setup	0	2016-05-14 23:00:00	0	10.7828	5.75411	1.58997e-06	0	0.000100124	0.00308842	0.000955357	0.00505805	0.0025687	1.98307e-07	0	0	0	0	3.57169	0	0.00905922	0.0136258	0.383072	0.548918	0.460418	0.00656153	0.000246177	219.262	40340.6	18974	28572.4	220.971	786.364	54.887	18.1807	6.59354	0	0	13.1313	4329.36	1452.28	2309.46	25.5545	25.5611	1.89734	1.78905	7.17972	0	0	0.191977
setup	0	2016-05-15 23:00:00	0	11.5854	5.49817	2.86571e-07	0	9.16832e-05	0.00328101	0.000966226	0.00448703	0.00137508	3.42857e-07	0	0	0	0	4.27335	0	0.00904744	0.0136256	0.388271	0.563368	0.462978	0.00392316	0.000234113	229.67	40342.4	18975.5	28574.3	221.174	783.353	54.902	18.9998	7.62244	0	0	13.1142	4329.09	1452.07	2309.24	25.35	25.4575	1.89626	1.84225	7.09893	0	0	0.168104
setup	0	2016-05-16 23:00:00	0	11.0012	5.46903	0	0	8.04107e-05	0.00339888	0.00081842	0.00320846	0.000987702	4.0782e-07	0	0	0	0	3.75978	0	0.00903568	0.0136256	0.388402	0.553299	0.462167	0.0031426	0.000231465	238.499	40343.8	18976.6	28575.3	221.232	780.374	55.0026	20.4395	7.58201	0	0	13.0971	4328.82	1451.86	2308.96	25.1176	25.3547	1.89779	1.9531	6.98621	0	0	0.155119
setup	0	2016-05-17 23:00:00	0	12.9832	5.63946	0	0	6.70212e-05	0.00334819	0.000761347	0.00252915	0.000931425	4.22708e-07	0	0	0	0	5.39938	0	0.00902393	0.0136812	0.390857	0.563316	0.470502	0.00282517	0.000238423	252.299	40346.6	18978.8	28577.9	221.628	777.414	54.9779	21.4763	9.20484	0	0	13.0801	4328.55	1451.64	2308.72	24.9269	25.2523	1.89531	2.02844	6.86983	0	0	0.149723
setup	0	2016-05-18 23:00:00	0	12.7873	6.37017	7.65699e-08	0	5.18225e-05	0.00328307	0.000613333	0.00195487	0.00112706	2.2293e-07	0	0	0	0	4.9779	0	0.0090122	0.0138354	0.38491	0.580197	0.476879	0.00383501	0.000245335	264.64	40348.2	18980	28579.2	222.302	774.487	54.8823	22.8139	9.10268	0	0	13.0631	4328.28	1451.43	2308.43	24.7184	25.1505	1.89074	2.13593	6.74275	0	0	0.153581
setup	0	2016-05-19 23:00:00	0	10.0223	6.53807	5.89533e-07	0	3.47788e-05	0.0031771	0.000435691	0.00151475	0.00161039	9.79607e-08	0	0	0	0	3.00034	0	0.00900049	0.0137898	0.325451	0.518422	0.435255	0.00577159	0.000243886	270.827	40347.7	18979.8	28578.9	223.269	771.594	54.9558	23.3865	7.01574	0	0	13.0461	4328.07	1451.27	2308.27	24.6308	25.0496	1.89179	2.18547	6.60025	0	0	0.178099
setup	0	2016-05-20 23:00:00	0	10.3885	6.07662	1.21057e-06	0	7.3426e-05	0.00290991	0.000418268	0.00159596	0.00207915	6.96039e-08	0	0	0	0	3.82057	0	0.00898879	0.0137958	0.287234	0.475345	0.395603	0.00741068	0.000241374	279.563	40348.5	18980.7	28580.1	224.542	768.722	55.0442	22.5821	7.18758	0	0	13.0442	4327.9	1451.14	2308.18	24.6589	24.9493	1.89343	2.09923	6.50981	0	0	0.196395
setup	0	2016-05-21 23:00:00	0	10.5805	5.6588	1.01937e-06	0	0.000525537	0.00276829	0.000763246	0.00267033	0.00140148	1.55079e-07	0	0	0	0	3.88535	0	0.00898749	0.0136263	0.284199	0.466412	0.387416	0.0047407	0.000232687	288.456	40349.7	18981.9	28581.3	225.192	765.876	55.0817	22.8676	7.45883	0	0	13.0411	4327.73	1451.02	2308.01	24.6066	24.8497	1.89323	2.08257	6.43831	0	0	0.173096
setup	0	2016-05-22 23:00:00	0	12.0315	5.4334	1.46044e-07	0	0.000854944	0.00357301	0.000796136	0.00244323	0.00101118	2.34961e-07	0	0	0	0	5.01454	0	0.00898534	0.0136265	0.385659	0.525512	0.428801	0.00352243	0.000228512	300.797	40352.2	18984	28583.8	225.551	763.057	55.0777	23.8764	8.71168	0	0	13.038	4327.45	1450.8	2307.78	24.3816	24.7508	1.89154	2.13182	6.3669	0	0	0.15498
setup	0	2016-05-23 23:00:00	0	12.3894	6.14012	0	0	0.000952886	0.00371949	0.000777419	0.00206364	0.000751525	4.04657e-07	0	0	0	0	5.01712	0	0.00898318	0.0136264	0.359581	0.508618	0.425601	0.00209388	0.000222491	313.038	40354.1	18985.4	28585.9	225.784	760.264	55.1854	24.8794	9.26592	0	0	13.0333	4327.21	1450.61	2307.62	24.2144	24.6524	1.89327	2.19875	6.25436	0	0	0.147575
setup	0	2016-05-24 23:00:00	0	12.2265	5.87114	0	0	0.000979637	0.00371411	0.000614731	0.00133228	0.000504769	4.5023e-07	0	0	0	0	4.94824	0	0.00897995	0.0136258	0.341586	0.476357	0.393107	0.00139256	0.000212591	325	40356.1	18987.1	28587.8	225.516	757.507	55.4787	26.4796	9.67891	0	0	13.0277	4326.99	1450.44	2307.42	24.0084	24.555	1.90089	2.29272	6.16381	0	0	0.142376
setup	0	2016-05-25 23:00:00	0	9.71988	5.32458	0	0	0.00057208	0.00236456	0.000522864	0.000901718	0.000361453	4.9901e-07	0	0	0	0.479183	2.98222	0.010048	0.00897611	0.0136259	0.142135	0.312707	0.304647	0.0010228	0.000201293	330.854	40356.7	18987.8	28588.2	225.02	755.265	55.905	28.5408	8.25039	0	0	13.0242	4326.99	1450.46	2307.38	24.0392	24.4688	1.91274	2.4209	6.01439	0	0	0.139223
setup	0	2016-05-26 23:00:00	0	13.2083	4.53358	0	0	0.00097428	0.00364526	0.000430497	0.00055396	0.000246473	6.49116e-07	0	0	0	0.555618	6.32368	0.0116649	0.00897367	0.0136261	0.378586	0.489427	0.347808	0.00110542	0.000204233	347.064	40361.4	18991.6	28592.4	224.485	753.123	56.4035	30.0681	11.4241	0	0	13.0243	4326.7	1450.24	2307.07	23.6588	24.385	1.92683	2.5045	6.03804	0	0	0.135108
setup	0	2016-05-27 23:00:00	0	10.5864	4.77438	0	0	0.000734129	0.0027984	0.000422792	0.00044119	0.000209673	6.24913e-07	0	0	0	0.642594	3.38891	0.0135114	0.00897376	0.0136264	0.188348	0.305012	0.297049	0.000583388	0.000189396	354.011	40363	18993.2	28593.5	223.562	751.109	57.0398	33.3283	9.86481	0	0	13.01	4326.64	1450.21	2306.94	23.5519	24.3042	1.94536	2.68839	5.90426	0	0	0.134151
setup	0	2016-05-28 23:00:00	0	11.0535	4.02131	0	0	0.000870214	0.00323839	0.000351146	0.000267587	0.000147325	6.96831e-07	0	0	0	0.741273	4.59078	0.0155896	0.00896387	0.0136256	0.259636	0.349871	0.269469	0.000542711	0.0001832	364.693	40366.5	18996.3	28596.4	222.759	749.222	57.7997	35.6797	10.8786	0	0	13.0109	4326.49	1450.1	2306.73	23.3068	24.2265	1.9678	2.82039	5.86633	0	0	0.132365
setup	0	2016-05-29 23:00:00	0	11.191	3.79394	0	0	0.000854041	0.00316692	0.000324165	0.00019183	0.000115454	7.68134e-07	0	0	0	0.852902	4.40504	0.0179638	0.00896452	0.0136256	0.237791	0.292496	0.245872	0.000352683	0.000174326	374.767	40370	18999.4	28599.3	221.833	747.479	58.67	38.4355	11.4838	0	0	13.0102	4326.37	1450.03	2306.53	23.1144	24.1522	1.99375	2.97058	5.78051	0	0	0.132208
setup	0	2016-05-30 23:00:00	0	10.1167	3.53051	0	0	0.000652984	0.00247993	0.000289018	0.000126088	8.95239e-05	8.20433e-07	0	0	0	0.978805	3.58119	0.0206424	0.00896404	0.0136256	0.154009	0.232732	0.208918	0.000237178	0.000167615	382.223	40372.9	19002.3	28601.6	220.876	745.893	59.6407	41.212	11.3835	0	0	13.01	4326.34	1450.02	2306.4	22.994	24.0815	2.0229	3.10798	5.71668	0	0	0.129637
setup	0	2016-05-31 23:00:00	0	9.67038	3.48093	0	0	0.000615661	0.00234068	0.000258912	7.96973e-05	6.85964e-05	9.78413e-07	0	0	0	1.12038	3.44797	0.0236591	0.00896392	0.0136256	0.133612	0.227457	0.19142	0.000218491	0.000162543	389.208	40375.8	19005	28603.9	219.941	744.474	60.7047	43.4074	11.6286	0	0	13.0116	4326.32	1450.03	2306.3	22.8652	24.0147	2.05499	3.20566	5.69301	0	0	0.128367
setup	0	2016-06-01 23:00:00	0	8.58723	3.31348	0	0	0.000354468	0.00144024	0.000234096	4.63199e-05	5.44905e-05	1.13658e-06	0	0	0	1.2791	2.5675	0.027049	0.008965	0.0136256	0.0488131	0.156144	0.15846	0.000189824	0.000157058	393.369	40377.9	19007.2	28605.6	219.023	743.239	61.8612	45.2989	11.3066	0	0	13.0141	4326.39	1450.1	2306.27	22.8495	23.9523	2.09	3.28917	5.67183	0	0	0.127877
setup	0	2016-06-02 23:00:00	0	7.75075	2.99344	0	0	0.000205769	0.000925647	0.000209743	2.47298e-05	4.43016e-05	1.36996e-06	0	0	0	1.4565	2.12087	0.0581987	0.0169184	0.0136256	-1.84314e-14	0.137433	0.131859	0.00019385	0.000151987	396.095	40380	19009.3	28607	218.15	742.2	63.0938	46.8958	10.992	0	0	13.0064	4326.52	1450.22	2306.29	22.8436	23.9297	2.12739	3.3606	5.69192	0	0	0.126535
setup	0	2016-06-03 23:00:00	0	7.31254	2.71185	0	0	0.00017912	0.000813734	0.000191688	7.32192e-06	3.8005e-05	1.52607e-06	0	0	0	1.65416	1.91131	0.0661419	0.0169083	0.0136256	-1.84314e-14	0.130283	0.117556	0.000203542	0.000143988	398.145	40382	19011.5	28608.5	217.325	741.375	64.3808	48.3265	10.7823	0	0	12.9895	4326.64	1450.34	2306.29	22.8281	23.9155	2.16662	3.43132	5.71502	0	0	0.125767
setup	0	2016-06-04 23:00:00	0	6.88225	2.485	0	0	0.000183708	0.000822089	0.000181975	2.17159e-06	3.42657e-05	1.73868e-06	0	0	0	1.87372	1.53695	0.0749209	0.0168863	0.0136256	-1.84314e-14	0.121317	0.110893	0.000198093	0.000140095	399.003	40384	19013.6	28609.8	216.543	740.782	65.7124	49.6366	10.4277	0	0	12.9726	4326.75	1450.46	2306.28	22.8113	23.9105	2.20736	3.50047	5.73748	0	0	0.125418
setup	0	2016-06-05 23:00:00	0	6.60415	2.28239	0	0	0.000173636	0.000775621	0.000174176	-1.32253e-06	3.16205e-05	1.86899e-06	0	0	0	2.11683	1.42134	0.0846416	0.0168644	0.0136257	-1.84314e-14	0.114932	0.105533	0.000184103	0.000136397	399.43	40386	19015.8	28611.1	215.8	740.441	67.0667	50.8293	10.1962	0	0	12.9557	4326.87	1450.57	2306.26	22.7932	23.9156	2.24893	3.56784	5.76107	0	0	0.124384
setup	0	2016-06-06 23:00:00	0	6.40622	2.13494	0	0	0.000171097	0.000744307	0.000167457	-5.00988e-06	2.99675e-05	1.95395e-06	0	0	0	2.38515	1.30245	0.0953708	0.0168424	0.0136266	-1.84314e-14	0.108966	0.101229	0.000169517	0.000132663	399.315	40388	19018	28612.5	215.087	740.375	68.4324	51.959	9.99793	0	0	12.9389	4326.99	1450.69	2306.25	22.7761	23.9316	2.29096	3.63459	5.78326	0	0	0.124176
setup	0	2016-06-07 23:00:00	0	6.12217	2.02104	0	0	0.000172692	0.000732328	0.000160746	-9.61825e-06	2.87258e-05	2.0386e-06	0	0	0	2.68036	1.12595	0.107175	0.0168206	0.0136259	-1.84314e-14	0.104442	0.097212	0.000151652	0.000128638	398.383	40390	19020.1	28613.7	214.406	740.609	69.8127	53.0173	9.74744	0	0	12.9221	4327.11	1450.81	2306.23	22.7591	23.9595	2.33356	3.69928	5.80595	0	0	0.123591
setup	0	2016-06-08 23:00:00	0	5.87461	1.92029	0	0	0.000176648	0.000743969	0.000153662	-1.48383e-05	2.78058e-05	2.08849e-06	0	0	0	3.00408	1.02599	0.120119	0.0167987	0.013626	-1.84314e-14	0.100426	0.093748	0.000133318	0.000123811	397.062	40391.9	19022.2	28614.9	213.758	741.169	71.2094	54.0081	9.50215	0	0	12.9053	4327.23	1450.92	2306.2	22.7421	24.0006	2.37681	3.76238	5.82873	0	0	0.123336
setup	0	2016-06-09 23:00:00	0	5.684	1.81441	0	0	0.000186858	0.000784437	0.000145046	-2.16602e-05	2.71217e-05	2.03614e-06	0	0	0	3.35789	0.987353	0.134266	0.0167768	0.0136257	-1.84314e-14	0.0962978	0.0904941	0.000114766	0.000116947	395.713	40394	19024.4	28616.2	213.144	742.084	72.6228	54.9498	9.31239	0	0	12.8885	4327.34	1451.04	2306.18	22.7255	24.0558	2.4207	3.82454	5.85054	0	0	0.122632
setup	0	2016-06-10 23:00:00	0	5.51656	1.74629	0	0	0.000193295	0.000817359	0.000137373	-2.23959e-05	2.66742e-05	1.97247e-06	0	0	0	3.74328	0.942451	0.149675	0.016755	0.013626	-1.84314e-14	0.0936532	0.0879443	9.82171e-05	0.000111073	394.338	40396	19026.5	28617.5	212.554	743.382	74.0427	55.8463	9.15121	0	0	12.8717	4327.46	1451.16	2306.15	22.7091	24.1263	2.46493	3.88524	5.87245	0	0	0.122378
setup	0	2016-06-11 23:00:00	0	5.34818	1.69549	0	0	0.00018992	0.000813118	0.000133165	-1.67352e-05	2.64077e-05	1.98084e-06	0	0	0	4.16162	0.841907	0.166403	0.0167333	0.0136292	-1.84314e-14	0.0916944	0.0862748	8.45045e-05	0.00010845	392.591	40398	19028.7	28618.7	211.98	745.095	75.4526	56.7144	8.96123	0	0	12.855	4327.58	1451.27	2306.12	22.6937	24.2135	2.50898	3.94517	5.89377	0	0	0.122323
setup	0	2016-06-12 23:00:00	0	5.31582	1.66831	0	0	0.00017349	0.000728952	0.000136872	5.58604e-07	2.60214e-05	2.36421e-06	0	0	0	4.61417	0.731404	0.184498	0.0167115	0.0136257	-1.84314e-14	0.0906675	0.0849182	6.99185e-05	0.000114187	390.298	40400	19030.8	28619.9	211.413	747.254	76.8423	57.5521	8.73428	0	0	12.8383	4327.7	1451.39	2306.09	22.6788	24.3185	2.55254	4.00429	5.91585	0	0	0.123116
setup	0	2016-06-13 23:00:00	0	5.16452	1.62289	0	0	0.000155292	0.000645558	0.000137047	-1.05582e-05	2.58476e-05	2.48729e-06	0	0	0	5.10197	0.603866	0.204003	0.0166898	0.0136257	-1.84314e-14	0.0896271	0.0839425	5.67606e-05	0.000114304	387.236	40401.8	19032.8	28621	210.859	749.89	78.2256	58.3575	8.45654	0	0	12.8216	4327.82	1451.51	2306.06	22.6644	24.4426	2.59605	4.06268	5.93832	0	0	0.123018
setup	0	2016-06-14 23:00:00	0	5.10721	1.57359	0	0	0.000166075	0.000649923	0.00013748	-9.93732e-06	2.57697e-05	2.67925e-06	0	0	0	5.62586	0.567663	0.224951	0.0166681	0.0136256	-1.84314e-14	0.0886008	0.0830442	4.5421e-05	0.000115471	384.106	40403.7	19034.8	28622.1	210.322	753.038	79.6021	59.1369	8.21789	0	0	12.8049	4327.94	1451.63	2306.02	22.6505	24.5873	2.63951	4.1211	5.96046	0	0	0.123022
setup	0	2016-06-15 23:00:00	0	5.0424	1.54215	0	0	0.000165046	0.000630688	0.000135367	-1.78061e-05	2.58288e-05	2.69043e-06	0	0	0	6.18643	0.542901	0.247365	0.0166464	0.0136256	-1.84314e-14	0.0879624	0.0824673	3.56713e-05	0.000113367	380.93	40405.6	19036.9	28623.2	209.8	756.732	80.9751	59.8892	8.01179	0	0	12.7883	4328.06	1451.75	2305.99	22.6371	24.7538	2.68304	4.17899	5.98264	0	0	0.122753
setup	0	2016-06-16 23:00:00	0	4.98111	1.51518	0	0	0.00017692	0.000669948	0.000131534	-2.26828e-05	2.61708e-05	2.54263e-06	0	0	0	6.78396	0.55325	0.271258	0.0166248	0.0136328	-1.84314e-14	0.0882363	0.0826268	3.1473e-05	0.000109409	377.965	40407.5	19038.9	28624.3	209.289	761.006	82.3319	60.634	7.86963	0	0	12.7717	4328.19	1451.87	2305.96	22.6241	24.9437	2.72625	4.23732	6.00465	0	0	0.122274
setup	0	2016-06-17 23:00:00	0	4.87158	2.31904	0	0	0.000197564	0.000748497	0.000156497	-6.76042e-06	4.26161e-05	2.00574e-06	0	0	0	7.41843	0.541942	0.296627	0.0166032	0.0137283	-1.84314e-14	0.138123	0.126567	0.000445053	0.000114983	375.066	40408.7	19040.2	28625.3	208.72	765.888	83.0468	62.087	6.98371	0	0	12.7551	4328.31	1451.98	2306.03	22.5841	25.1578	2.74926	4.35064	6.02159	0	0	0.122172
setup	0	2016-06-18 23:00:00	0	4.66623	4.81261	0	0	0.000209542	0.00081059	0.00025361	0.000144366	0.000138128	1.53766e-06	0	0	0	8.08941	0.487586	0.323456	0.0165816	0.0139906	-1.84314e-14	0.288756	0.242944	0.00192867	0.000133915	372.023	40407.3	19038.9	28624.9	208.648	771.397	82.6676	62.7665	5.07483	0	0	12.7385	4328.42	1452.1	2306.31	22.5013	25.397	2.73764	4.56066	6.02431	0	0	0.122144
setup	0	2016-06-19 23:00:00	0	5.24476	2.83299	0	0	0.000194275	0.000772389	0.000225932	7.71292e-05	9.86465e-05	1.77871e-06	0	0	0	8.79607	0.958829	0.351712	0.01656	0.0136577	-1.84314e-14	0.199057	0.181853	0.00093321	0.000136241	371.625	40408.4	19040	28626.2	208.46	777.584	82.7196	63.275	5.47668	0	0	12.7219	4328.55	1452.22	2306.46	22.4808	25.6632	2.73992	4.68345	6.04135	0	0	0.122461
setup	0	2016-06-20 23:00:00	0	5.26014	2.9553	0	0	0.000180819	0.000704266	0.000233115	8.35674e-05	0.000106989	1.85054e-06	0	0	0	9.53715	0.778706	0.381345	0.0165385	0.0136865	-1.84314e-14	0.201614	0.1849	0.000966118	0.000140831	370.365	40409.2	19040.8	28627.2	208.272	784.483	82.7318	64.063	5.37198	0	0	12.7054	4328.67	1452.34	2306.6	22.4675	25.9579	2.74115	4.80173	6.05876	0	0	0.122879
setup	0	2016-06-21 23:00:00	0	5.15577	3.58955	0	0	0.000207341	0.000774897	0.000308001	0.000251215	0.000248414	1.40378e-06	0	0	0	10.3109	0.907953	0.412283	0.016517	0.0139296	-1.84314e-14	0.293508	0.249866	0.00201826	0.000143206	369.803	40409.6	19041.1	28628.2	209.284	792.111	82.0874	64.2644	4.92256	0	0	12.6889	4328.79	1452.45	2306.84	22.4532	26.2816	2.72165	4.96607	6.05573	0	0	0.12225
setup	0	2016-06-22 23:00:00	0	4.85176	2.49961	0	0	0.000221169	0.000861279	0.000247772	0.000111422	0.000147547	1.45683e-06	0	0	0	11.115	0.689567	0.444437	0.0164955	0.0136445	-1.84314e-14	0.199925	0.187046	0.00115967	0.000133727	368.439	40410.8	19042.4	28629.3	209.532	800.517	82.1204	64.9569	4.90741	0	0	12.6724	4328.92	1452.57	2306.92	22.476	26.6363	2.72398	5.05	6.07534	0	0	0.122314
setup	0	2016-06-23 23:00:00	0	4.84316	2.00821	0	0	0.000210449	0.000844834	0.000204706	4.83777e-05	9.51469e-05	1.61974e-06	0	0	0	11.9468	0.788851	0.477693	0.0164741	0.0136281	-1.84314e-14	0.15689	0.151028	0.000790119	0.000127675	367.687	40412.6	19044.2	28630.6	209.415	809.728	82.6197	65.8522	5.15965	0	0	12.6559	4329.05	1452.69	2306.95	22.496	27.0232	2.74149	5.11716	6.09838	0	0	0.122425
setup	0	2016-06-24 23:00:00	0	4.79713	1.77377	0	0	0.000201173	0.000797482	0.000180206	1.82144e-05	7.19525e-05	1.72387e-06	0	0	0	12.8027	0.698324	0.511919	0.0164527	0.0136267	-1.84314e-14	0.135538	0.131513	0.000605493	0.000122148	366.657	40414.7	19046.3	28631.9	209.131	819.764	83.3903	66.9172	5.28517	0	0	12.6394	4329.18	1452.82	2306.95	22.5084	27.4432	2.76799	5.18227	6.12172	0	0	0.122287
setup	0	2016-06-25 23:00:00	0	4.87929	1.60363	0	0	0.000200805	0.000784254	0.000163506	1.44841e-06	5.83605e-05	1.8328e-06	0	0	0	13.679	0.822584	0.546955	0.0164313	0.0136259	-1.84314e-14	0.120849	0.117629	0.000469308	0.000117348	366.119	40417.1	19048.7	28633.5	208.775	830.642	84.3722	68.0101	5.54897	0	0	12.623	4329.31	1452.95	2306.93	22.5161	27.8968	2.80158	5.24512	6.14467	0	0	0.122314
setup	0	2016-06-26 23:00:00	0	4.7773	1.50052	0	0	0.000194596	0.000743372	0.000153348	-3.79288e-06	4.99761e-05	1.97691e-06	0	0	0	14.571	0.628976	0.582622	0.0164099	0.0136262	-1.84314e-14	0.110851	0.107811	0.000366077	0.000114991	364.927	40419.4	19051.1	28634.9	208.366	842.373	85.5041	69.156	5.59302	0	0	12.6066	4329.45	1453.08	2306.9	22.5193	28.3845	2.84035	5.30771	6.16748	0	0	0.122463
setup	0	2016-06-27 23:00:00	0	4.51137	1.40648	0	0	0.000192328	0.000711905	0.000145985	-9.88364e-06	4.43305e-05	2.12435e-06	0	0	0	15.4736	0.474406	0.618714	0.0163886	0.0136264	-1.84314e-14	0.10367	0.100478	0.00028226	0.000112953	362.841	40421.7	19053.5	28636.3	207.943	854.964	86.7638	70.2768	5.518	0	0	12.5902	4329.59	1453.21	2306.86	22.52	28.9066	2.88359	5.36897	6.19017	0	0	0.122579
setup	0	2016-06-28 23:00:00	0	4.53277	1.33004	0	0	0.000203314	0.00070152	0.000141041	-1.34135e-05	4.06773e-05	2.28634e-06	0	0	0	16.3812	0.471694	0.655004	0.0163673	0.0136261	-1.84314e-14	0.0985372	0.0952508	0.000218039	0.00011169	360.51	40424.1	19056	28637.7	207.522	868.413	88.1304	71.3533	5.48845	0	0	12.5738	4329.72	1453.35	2306.81	22.5191	29.463	2.93067	5.42894	6.21276	0	0	0.122607
setup	0	2016-06-29 23:00:00	0	4.52036	1.27757	0	0	0.000208759	0.000681508	0.000135831	-2.03019e-05	3.85615e-05	2.32313e-06	0	0	0	17.2875	0.468663	0.691244	0.016346	0.0136292	-1.84314e-14	0.0952485	0.0918029	0.000172106	0.000108601	357.886	40426.6	19058.6	28639.2	207.104	882.716	89.5827	72.417	5.47608	0	0	12.5575	4329.86	1453.49	2306.76	22.5166	30.0536	2.98092	5.48878	6.23519	0	0	0.122332
setup	0	2016-06-30 23:00:00	0	4.5124	1.24333	0	0	0.000221402	0.000717839	0.000129135	-2.15902e-05	3.69399e-05	2.40188e-06	0	0	0	18.1858	0.465252	0.72716	0.0163247	0.0136256	-1.84314e-14	0.085619	0.0837085	0.000129234	0.000105125	355.151	40429.3	19061.3	28640.7	206.691	897.86	91.1185	73.4802	5.51289	0	0	12.5412	4330.01	1453.63	2306.71	22.5306	30.6779	3.0343	5.54955	6.26264	0	0	0.122463
setup	0	2016-07-01 23:00:00	0	4.55065	1.22254	0	0	0.000224849	0.00069304	0.000128632	-1.77222e-05	3.58034e-05	2.58375e-06	0	0	0	19.0687	0.461697	0.762464	0.0163035	0.0136256	-1.84314e-14	0.0861166	0.082306	9.41712e-05	0.000106473	352.221	40432	19064.1	28642.3	206.276	913.826	92.7181	74.5583	5.54045	0	0	12.5249	4330.15	1453.77	2306.65	22.5385	31.3352	3.0902	5.61212	6.28735	0	0	0.122614
setup	0	2016-07-02 23:00:00	0	4.64516	1.32005	0	0	0.00023303	0.000616051	0.00013147	-1.1947e-05	3.50731e-05	2.85635e-06	0	0	0	19.9285	0.457888	0.796846	0.0162823	0.0136256	-1.84314e-14	0.0861297	0.081847	6.67299e-05	0.000110267	348.975	40434.6	19066.9	28643.8	205.857	930.585	94.3608	75.5519	5.57363	0	0	12.5086	4330.3	1453.92	2306.59	22.5507	32.0242	3.14794	5.66967	6.31271	0	0	0.12299
setup	0	2016-07-03 23:00:00	0	4.67699	1.456	0	0	0.000226069	0.000545903	0.000132487	-1.96595e-05	3.47675e-05	2.98267e-06	0	0	0	20.7573	0.453667	0.829982	0.0162612	0.0136258	-1.84314e-14	0.0872682	0.082511	4.61663e-05	0.000111037	345.154	40437.2	19069.5	28645.3	205.435	948.104	96.05	76.4244	5.60739	0	0	12.4923	4330.45	1454.07	2306.54	22.5684	32.7436	3.20768	5.72072	6.33931	0	0	0.122905
setup	0	2016-07-04 23:00:00	0	4.56467	1.43894	0	0	0.000225046	0.000627469	0.000127701	-3.59212e-05	3.48133e-05	2.84927e-06	0	0	0	21.5464	0.4487	0.861536	0.01624	0.0136257	-1.84314e-14	0.0876641	0.082791	3.13293e-05	0.000105742	341.692	40439.9	19072.2	28646.8	205.022	966.338	97.8054	77.3202	5.61944	0	0	12.4761	4330.6	1454.22	2306.49	22.5825	33.4918	3.27005	5.77542	6.36503	0	0	0.122199
setup	0	2016-07-05 23:00:00	0	4.471	1.4381	0	0	0.000242372	0.000758914	0.000124918	-3.28103e-05	3.49452e-05	2.84167e-06	0	0	0	22.2873	0.444199	0.89116	0.0162189	0.0136256	-1.84314e-14	0.0882194	0.0833189	2.05566e-05	0.000103587	338.321	40442.6	19075	28648.4	204.618	985.239	99.6236	78.2305	5.60621	0	0	12.4599	4330.76	1454.37	2306.43	22.5934	34.2667	3.33496	5.83352	6.38966	0	0	0.122377
setup	0	2016-07-06 23:00:00	0	4.45662	1.44181	0	0	0.000229052	0.000718808	0.000125361	-2.53116e-05	3.51686e-05	2.90415e-06	0	0	0	22.9711	0.439818	0.918503	0.0161978	0.0136256	-1.84314e-14	0.0903314	0.0847293	1.27859e-05	0.000104287	335.086	40445.4	19077.9	28649.9	204.216	1004.74	101.476	79.1636	5.5997	0	0	12.4437	4330.91	1454.53	2306.37	22.6005	35.0659	3.40151	5.8951	6.41351	0	0	0.1225
setup	0	2016-07-07 23:00:00	0	4.48539	1.45051	0	0	0.00023751	0.000666187	0.00012923	-2.09624e-05	3.5486e-05	3.06346e-06	0	0	0	23.589	0.435612	0.943209	0.0161768	0.0136257	-1.84314e-14	0.0953172	0.0889423	7.78165e-06	0.000107433	331.721	40448.3	19080.8	28651.5	203.811	1024.79	103.354	80.1284	5.60307	0	0	12.4275	4331.07	1454.68	2306.3	22.5992	35.8866	3.4694	5.95996	6.43596	0	0	0.12268
setup	0	2016-07-08 23:00:00	0	4.41986	1.45695	0	0	0.000241492	0.000652244	0.000128621	-3.23501e-05	3.60249e-05	3.00283e-06	0	0	0	24.1321	0.431237	0.964925	0.0161557	0.0136259	-1.84314e-14	0.098454	0.0921552	6.32877e-06	0.000105406	328.174	40451.2	19083.8	28653.2	203.411	1045.29	105.275	81.1265	5.59376	0	0	12.4113	4331.24	1454.85	2306.24	22.593	36.7258	3.53919	6.02776	6.45736	0	0	0.122195
setup	0	2016-07-09 23:00:00	0	4.29977	1.46749	0	0	0.000257821	0.000762105	0.000125443	-3.73777e-05	3.66103e-05	2.88548e-06	0	0	0	24.5917	0.426626	0.983304	0.0161347	0.0136257	-1.84314e-14	0.0995452	0.0934297	6.09865e-06	0.000101907	324.891	40454.2	19086.9	28654.9	203.021	1066.16	107.25	82.1463	5.55988	0	0	12.3952	4331.41	1455.01	2306.17	22.5852	37.58	3.61129	6.0981	6.47792	0	0	0.121958
setup	0	2016-07-10 23:00:00	0	4.22211	1.47947	0	0	0.000255079	0.000798448	0.000124148	-3.28285e-05	3.71607e-05	2.85042e-06	0	0	0	24.9596	0.422358	0.998012	0.0161138	0.0136256	-1.84314e-14	0.100746	0.0946894	6.01877e-06	0.000100727	321.706	40457.2	19090	28656.6	202.64	1087.32	109.271	83.1827	5.5202	0	0	12.3791	4331.58	1455.18	2306.1	22.5765	38.4456	3.68537	6.17072	6.49793	0	0	0.122118
setup	0	2016-07-11 23:00:00	0	4.1338	1.48583	0	0	0.000262965	0.000805113	0.000122164	-3.53915e-05	3.7743e-05	2.75865e-06	0	0	0	25.2275	0.418217	1.00873	0.0160928	0.0136256	-1.84314e-14	0.101934	0.0959334	5.99887e-06	9.83962e-05	318.589	40460.4	19093.2	28658.3	202.265	1108.66	111.336	84.236	5.48211	0	0	12.363	4331.75	1455.35	2306.02	22.5671	39.3184	3.76144	6.24546	6.51747	0	0	0.121862
setup	0	2016-07-12 23:00:00	0	3.98089	1.48857	0	0	0.000281057	0.000876036	0.0001178	-4.27252e-05	3.83533e-05	2.56517e-06	0	0	0	25.3881	0.414165	1.01515	0.0160719	0.0136264	-1.84314e-14	0.102729	0.0969184	6.01975e-06	9.36508e-05	315.446	40463.6	19096.4	28660.1	201.904	1130.07	113.461	85.2994	5.43282	0	0	12.3469	4331.93	1455.53	2305.95	22.5568	40.1942	3.84001	6.32195	6.53625	0	0	0.121347
setup	0	2016-07-13 23:00:00	0	3.94399	1.50746	0	0	0.000271838	0.000880514	0.000118732	-2.86182e-05	3.88382e-05	2.64861e-06	0	0	0	25.4345	0.41008	1.017	0.016051	0.0136265	-1.84314e-14	0.103796	0.0980093	6.07692e-06	9.52602e-05	312.427	40466.8	19099.8	28661.9	201.551	1151.44	115.63	86.3692	5.38502	0	0	12.3309	4332.11	1455.71	2305.87	22.5462	41.0684	3.92049	6.40002	6.55466	0	0	0.121874
setup	0	2016-07-14 23:00:00	0	3.96518	1.52108	0	0	0.0002536	0.000769636	0.00012089	-2.47512e-05	3.94087e-05	2.71682e-06	0	0	0	25.3606	0.406155	1.01405	0.0160301	0.0136258	-1.84314e-14	0.105557	0.0995355	6.14214e-06	9.70463e-05	309.404	40470.2	19103.2	28663.7	201.195	1172.65	117.812	87.4659	5.36883	0	0	12.3148	4332.3	1455.89	2305.79	22.5359	41.9362	4.00186	6.48004	6.57338	0	0	0.121899
setup	0	2016-07-15 23:00:00	0	3.98207	1.53935	0	0	0.000249304	0.000747173	0.000123518	-2.49471e-05	3.99486e-05	2.84909e-06	0	0	0	25.1611	0.402225	1.00607	0.0160093	0.0136256	-1.84314e-14	0.107122	0.100944	6.20863e-06	9.93339e-05	306.257	40473.6	19106.6	28665.6	200.841	1193.56	120.018	88.5927	5.35874	0	0	12.2988	4332.48	1456.08	2305.71	22.5255	42.7924	4.08452	6.56202	6.59209	0	0	0.122061
setup	0	2016-07-16 23:00:00	0	4.01232	1.56103	0	0	0.000243035	0.000708742	0.000127033	-2.29056e-05	4.04822e-05	3.02717e-06	0	0	0	24.8316	0.398134	0.992895	0.0159885	0.0136257	-1.84314e-14	0.108817	0.102466	6.28542e-06	0.000102538	302.993	40477	19110.1	28667.5	200.485	1214.06	122.246	89.753	5.35372	0	0	12.2828	4332.68	1456.27	2305.63	22.5149	43.632	4.1683	6.64604	6.61092	0	0	0.122324
setup	0	2016-07-17 23:00:00	0	3.98879	1.57721	0	0	0.000248887	0.000693871	0.000128358	-2.94129e-05	4.1058e-05	3.1003e-06	0	0	0	24.369	0.393891	0.974397	0.0159677	0.0136258	-1.84314e-14	0.110287	0.103881	6.35624e-06	0.000103174	299.649	40480.6	19113.7	28669.5	200.133	1234.01	124.506	90.9437	5.343	0	0	12.2669	4332.87	1456.46	2305.55	22.504	44.4498	4.25356	6.73204	6.62963	0	0	0.122028
setup	0	2016-07-18 23:00:00	0	3.95392	1.59615	0	0	0.00025393	0.000714879	0.000129318	-3.01569e-05	4.1644e-05	3.14909e-06	0	0	0	23.7711	0.389544	0.95049	0.0159469	0.0136257	-1.84314e-14	0.111773	0.105284	6.43284e-06	0.000103771	296.284	40484.1	19117.3	28671.5	199.785	1253.28	126.792	92.1621	5.32898	0	0	12.2509	4333.07	1456.65	2305.46	22.4928	45.2404	4.34011	6.81998	6.6482	0	0	0.12209
setup	0	2016-07-19 23:00:00	0	3.99524	1.62267	0	0	0.000244401	0.00071165	0.000134849	-2.00523e-05	4.21398e-05	3.46631e-06	0	0	0	23.037	0.385169	0.921139	0.0159262	0.0136256	-1.84314e-14	0.113518	0.106817	6.5188e-06	0.000109518	292.882	40487.7	19121	28673.4	199.436	1271.74	129.09	93.4098	5.32048	0	0	12.235	4333.27	1456.85	2305.38	22.4816	45.9985	4.4274	6.90992	6.66686	0	0	0.122567
setup	0	2016-07-20 23:00:00	0	3.95599	1.64167	0	0	0.000251952	0.00063517	0.000136071	-3.13049e-05	4.27357e-05	3.48466e-06	0	0	0	22.1672	0.380747	0.886359	0.0159055	0.0136262	-1.84314e-14	0.115441	0.108583	7.45816e-06	0.000109408	289.333	40491.4	19124.7	28675.5	199.087	1289.25	131.372	94.7006	5.33854	0	0	12.2191	4333.47	1457.06	2305.29	22.4709	46.7187	4.51446	7.00217	6.68579	0	0	0.122435
setup	0	2016-07-21 23:00:00	0	3.9028	1.68341	0	0	0.000256079	0.000683327	0.000137568	-3.11741e-05	4.38889e-05	3.48292e-06	0	0	0	21.1633	0.376132	0.846216	0.0158848	0.0136262	-1.84314e-14	0.118576	0.111408	1.77837e-05	0.000109938	285.791	40495.1	19128.4	28677.5	198.74	1305.67	133.633	96.0603	5.33342	0	0	12.2032	4333.68	1457.26	2305.21	22.4595	47.3959	4.60106	7.09855	6.7044	0	0	0.12213
setup	0	2016-07-22 23:00:00	0	3.79375	1.86858	0	0	0.000265976	0.000728277	0.000142049	-3.68749e-05	4.98221e-05	3.22137e-06	0	0	0	20.0283	0.371528	0.800833	0.0158642	0.0136301	-1.84314e-14	0.132679	0.124001	0.00011912	0.000109114	282.247	40498.7	19132	28679.5	198.411	1320.9	135.689	97.6484	5.17866	0	0	12.1873	4333.89	1457.47	2305.15	22.4426	48.0249	4.68096	7.21263	6.72073	0	0	0.121728
setup	0	2016-07-23 23:00:00	0	3.7713	1.79889	0	0	0.000241989	0.000752886	0.000143079	-2.51129e-05	4.75862e-05	3.47378e-06	0	0	0	18.7666	0.366921	0.750384	0.0158436	0.0136257	-1.84314e-14	0.127512	0.119299	6.72597e-05	0.000112617	278.76	40502.3	19135.8	28681.6	198.082	1334.79	137.867	99.08	5.17551	0	0	12.1715	4334.1	1457.68	2305.07	22.4303	48.601	4.76523	7.31724	6.73931	0	0	0.122345
setup	0	2016-07-24 23:00:00	0	3.74035	1.78362	0	0	0.000256048	0.000692921	0.000144851	-2.78459e-05	4.70847e-05	3.68838e-06	0	0	0	17.3839	0.362388	0.695097	0.015823	0.0136259	-1.84314e-14	0.126228	0.118453	4.66521e-05	0.000114956	275.158	40506.1	19139.6	28683.7	197.754	1347.25	140.096	100.504	5.19034	0	0	12.1557	4334.32	1457.89	2304.99	22.4192	49.1195	4.85138	7.42022	6.75814	0	0	0.122315
setup	0	2016-07-25 23:00:00	0	3.67351	1.79796	0	0	0.000249882	0.000655166	0.000145293	-3.20192e-05	4.75577e-05	3.71151e-06	0	0	0	15.8872	0.357705	0.635251	0.0158024	0.013626	-1.84314e-14	0.127315	0.119471	4.1766e-05	0.000114971	271.504	40509.9	19143.4	28685.8	197.429	1358.15	142.323	101.965	5.1969	0	0	12.1399	4334.53	1458.1	2304.91	22.4084	49.5761	4.93763	7.52471	6.77696	0	0	0.122212
setup	0	2016-07-26 23:00:00	0	3.59801	1.8001	0	0	0.000254347	0.00069649	0.000145857	-3.20295e-05	4.75909e-05	3.80086e-06	0	0	0	14.2847	0.352956	0.571176	0.0157818	0.0136257	-1.84314e-14	0.12741	0.119544	3.03411e-05	0.000115812	267.854	40513.7	19147.3	28687.9	197.106	1367.4	144.567	103.437	5.20685	0	0	12.1241	4334.75	1458.32	2304.83	22.3979	49.9667	5.02456	7.6293	6.79584	0	0	0.122247
setup	0	2016-07-27 23:00:00	0	3.56091	1.656	0	0	0.000260725	0.000669452	0.000149847	-2.51856e-05	4.78307e-05	4.06946e-06	0	0	0	12.5858	0.34821	0.503247	0.0157613	0.0136256	-1.84314e-14	0.127403	0.1197	2.33106e-05	0.000120293	264.214	40517.7	19151.3	28690.1	196.783	1374.91	146.794	105.1	5.21909	0	0	12.1083	4334.97	1458.54	2304.73	22.3791	50.2879	5.11097	7.7457	6.8131	0	0	0.122585
setup	0	2016-07-28 23:00:00	0	3.43608	1.47447	0	0	0.000245333	0.000645161	0.000147927	-3.91853e-05	4.83597e-05	4.00004e-06	0	0	0	10.8011	0.343478	0.431884	0.0157408	0.0136256	-1.84314e-14	0.127099	0.119484	1.84737e-05	0.000117702	260.521	40521.9	19155.6	28692.4	196.467	1380.61	149.021	106.986	5.20565	0	0	12.0926	4335.19	1458.75	2304.62	22.3497	50.5365	5.19737	7.8749	6.82906	0	0	0.122074
setup	0	2016-07-29 23:00:00	0	3.34434	1.49428	0	0	0.000255763	0.000687139	0.000150133	-3.03173e-05	4.88877e-05	4.12161e-06	0	0	0	8.94194	0.338678	0.357545	0.0157204	0.0136259	-1.84314e-14	0.127996	0.120203	1.51431e-05	0.000120366	256.944	40526.1	19159.8	28694.7	196.154	1384.41	151.21	108.907	5.1895	0	0	12.0769	4335.41	1458.97	2304.51	22.3214	50.7097	5.2825	8.00466	6.84518	0	0	0.122439
setup	0	2016-07-30 23:00:00	0	3.23016	1.52129	0	0	0.00025196	0.00065854	0.000152248	-3.3975e-05	5.0035e-05	4.19921e-06	0	0	0	7.02066	0.334027	0.280722	0.0156999	0.0136261	-1.84314e-14	0.130089	0.122034	2.18256e-05	0.000121716	253.404	40530.2	19164	28696.9	195.85	1386.28	153.342	110.882	5.15288	0	0	12.0612	4335.63	1459.19	2304.39	22.2933	50.8054	5.36559	8.13684	6.86114	0	0	0.122359
setup	0	2016-07-31 23:00:00	0	3.12553	1.62829	0	0	0.000263417	0.000667807	0.000154734	-2.92153e-05	5.04928e-05	4.45871e-06	0	0	0	5.05031	0.329425	0.201938	0.0156795	0.0136256	-1.84314e-14	0.126429	0.119356	1.78216e-05	0.000125145	249.973	40534.3	19168.2	28699.2	195.547	1386.16	155.436	112.823	5.19701	0	0	12.0455	4335.86	1459.41	2304.29	22.2919	50.8219	5.44726	8.26586	6.88396	0	0	0.122671
setup	0	2016-08-01 23:00:00	0	2.93125	1.95458	0	0	0.000240343	0.000651966	0.00015242	-4.56026e-05	5.12744e-05	4.28769e-06	0	0	0	3.04449	0.324965	0.121735	0.0156591	0.0136256	-1.84314e-14	0.130571	0.122099	1.5451e-05	0.000121406	246.631	40538	19172	28701.2	195.252	1384.04	157.508	114.497	5.18805	0	0	12.0298	4336.08	1459.63	2304.22	22.3039	50.7581	5.52805	8.37918	6.90679	0	0	0.122095
setup	0	2016-08-02 23:00:00	0	2.75221	1.68946	0	0	0.000259633	0.000760594	0.000152956	-3.81886e-05	5.19618e-05	4.3216e-06	0	0	0	1.01722	0.32062	0.0406739	0.0156388	0.0136256	-1.84314e-14	0.131335	0.123083	1.3567e-05	0.000122289	243.521	40542	19176	28703.4	194.965	1379.89	159.534	116.473	5.16468	0	0	12.0142	4336.3	1459.86	2304.12	22.2977	50.6136	5.60706	8.51553	6.9259	0	0	0.122238
setup	0	2016-08-03 23:00:00	0	2.59118	1.59239	0	0	0.000255131	0.000691218	0.000155594	-3.45692e-05	5.26569e-05	4.4518e-06	0	0	0	0	0.316577	0	0.0156185	0.0136256	-1.84314e-14	0.132849	0.124287	1.17439e-05	0.000124877	240.573	40546.1	19180.1	28705.6	194.684	1374.74	161.488	118.595	5.13818	0	0	11.9986	4336.52	1460.07	2304.01	22.2837	50.429	5.68339	8.66207	6.94436	0	0	0.122471
setup	0	2016-08-04 23:00:00	0	2.3727	1.6892	0	0	0.0002354	0.000660685	0.000157166	-4.50888e-05	5.72606e-05	4.14751e-06	0	0	0	0	0.312745	0	0.0155982	0.0136274	-1.84314e-14	0.142872	0.133032	7.06096e-05	0.000122431	237.775	40550	19184.1	28707.7	194.427	1369.6	163.222	120.903	5.01736	0	0	11.983	4336.74	1460.29	2303.92	22.265	50.245	5.75182	8.82339	6.96092	0	0	0.121858
setup	0	2016-08-05 23:00:00	0	2.12163	1.96373	0	0	0.000257686	0.000792911	0.000167511	-4.36467e-05	7.13354e-05	3.68963e-06	0	0	0	0	0.309108	0	0.0155779	0.0136348	-1.84314e-14	0.170123	0.156503	0.000274007	0.000122141	235.214	40553.7	19187.8	28709.7	194.262	1364.48	164.465	123.563	4.69248	0	0	11.9674	4336.96	1460.51	2303.85	22.2345	50.0616	5.80291	9.02113	6.97236	0	0	0.121654
setup	0	2016-08-06 23:00:00	0	1.8658	2.13389	0	0	0.000269546	0.000877777	0.000174838	-3.91821e-05	8.44474e-05	3.33423e-06	0	0	0	0	0.305778	0	0.0155576	0.0136341	-1.84314e-14	0.18728	0.17065	0.000418584	0.00012079	232.904	40557.1	19191.3	28711.7	194.218	1359.37	165.401	126.187	4.42853	0	0	11.9518	4337.18	1460.73	2303.8	22.2049	49.8788	5.84298	9.23139	6.9826	0	0	0.121445
setup	0	2016-08-07 23:00:00	0	1.64868	2.04487	0	0	0.000254246	0.00085075	0.00017178	-3.33038e-05	8.16274e-05	3.28648e-06	0	0	0	0	0.302776	0	0.0155374	0.0136269	-1.84314e-14	0.177085	0.163014	0.000353467	0.000120749	230.845	40560.7	19194.9	28713.6	194.176	1354.28	166.418	128.551	4.39609	0	0	11.9363	4337.4	1460.94	2303.75	22.1905	49.6967	5.88573	9.41725	6.99792	0	0	0.121639
setup	0	2016-08-08 23:00:00	0	1.44014	2.48498	0	0	0.000252465	0.000821661	0.000194365	-1.31775e-05	0.000112404	3.1055e-06	0	0	0	0	0.300099	0	0.0155172	0.0136419	-1.84314e-14	0.213868	0.190071	0.000645681	0.000125716	228.981	40563.7	19198	28715.4	194.384	1349.2	166.805	131.141	4.12227	0	0	11.9208	4337.62	1461.15	2303.74	22.1745	49.515	5.90609	9.63729	7.00643	0	0	0.121712
setup	0	2016-08-09 23:00:00	0	1.2265	2.2734	0	0	0.000257957	0.000832555	0.00018515	-2.61397e-05	0.000101395	3.11298e-06	0	0	0	0	0.297675	0	0.015497	0.0136266	-1.84314e-14	0.191328	0.174454	0.000499134	0.000123677	227.315	40566.9	19201.3	28717.3	194.534	1344.14	167.482	133.373	4.13044	0	0	11.9053	4337.83	1461.36	2303.71	22.1792	49.3339	5.93647	9.81623	7.02297	0	0	0.12162
setup	0	2016-08-10 23:00:00	0	1.03157	2.22924	0	0	0.000255155	0.000819442	0.000181401	-2.61145e-05	9.81423e-05	3.12273e-06	0	0	0	0	0.295509	0	0.0154769	0.0136265	-1.84314e-14	0.184165	0.168795	0.000456082	0.000123698	225.856	40570.2	19204.6	28719.1	194.666	1339.1	168.229	135.574	4.13077	0	0	11.8898	4338.05	1461.57	2303.67	22.1907	49.1536	5.96911	9.98303	7.0408	0	0	0.121805
setup	0	2016-08-11 23:00:00	0	0.856167	2.27041	0	0	0.000247933	0.000780924	0.000183924	-2.31705e-05	0.000100544	3.16837e-06	0	0	0	0	0.293613	0	0.0154568	0.0136273	-1.84314e-14	0.185644	0.169554	0.000466683	0.000126004	224.58	40573.4	19207.8	28720.8	194.822	1334.07	168.902	137.794	4.10275	0	0	11.8744	4338.26	1461.78	2303.63	22.2063	48.9739	5.99897	10.1482	7.05847	0	0	0.121859
setup	0	2016-08-12 23:00:00	0	0.68779	3.15986	0	0	0.00025096	0.000747618	0.000231812	2.96515e-05	0.00017814	2.88939e-06	0	0	0	0	0.291954	0	0.0154367	0.0136623	-1.84314e-14	0.256114	0.217289	0.00101832	0.000133471	223.47	40575.7	19210.1	28722.2	195.692	1329.05	168.459	139.937	3.76494	0	0	11.8589	4338.48	1461.99	2303.69	22.2379	48.7945	5.98925	10.3568	7.06366	0	0	0.12177
setup	0	2016-08-13 23:00:00	0	0.537415	3.22898	0	0	0.000250567	0.00077871	0.000243525	4.24683e-05	0.000193806	2.8879e-06	0	0	0	0	0.290511	0	0.0154166	0.0136373	-1.84314e-14	0.251177	0.215233	0.000978628	0.000137891	222.525	40577.9	19212.4	28723.6	196.705	1324.04	167.929	141.701	3.67652	0	0	11.8435	4338.69	1462.2	2303.75	22.3079	48.6155	5.97624	10.523	7.07738	0	0	0.12211
setup	0	2016-08-14 23:00:00	0	0.404905	3.0075	0	0	0.000252965	0.00075574	0.000231593	1.96159e-05	0.000173229	2.89795e-06	0	0	0	0	0.289283	0	0.0153966	0.0136279	-1.84314e-14	0.228822	0.200634	0.000830342	0.000136577	221.723	40580.3	19214.8	28725	197.536	1319.05	167.68	143.437	3.69204	0	0	11.8281	4338.9	1462.4	2303.78	22.3879	48.437	5.97299	10.6608	7.09747	0	0	0.121828
setup	0	2016-08-15 23:00:00	0	0.298363	2.7802	0	0	0.000242886	0.000751364	0.00022111	7.38196e-06	0.000149138	3.07729e-06	0	0	0	0	0.28824	0	0.0153765	0.0136259	-1.84314e-14	0.209823	0.187194	0.000707984	0.000139553	221.049	40582.9	19217.4	28726.4	198.151	1314.08	167.702	145.244	3.75944	0	0	11.8127	4339.11	1462.61	2303.79	22.4646	48.2593	5.97914	10.7865	7.12073	0	0	0.122176
setup	0	2016-08-16 23:00:00	0	0.210089	2.65484	0	0	0.000254548	0.00070604	0.000214246	-8.41967e-06	0.000136128	3.21033e-06	0	0	0	0	0.287364	0	0.0153566	0.0136259	-1.84314e-14	0.20009	0.179858	0.000645536	0.000140278	220.476	40585.6	19220.2	28727.9	198.659	1309.12	167.9	147.084	3.80798	0	0	11.7974	4339.33	1462.81	2303.78	22.5356	48.0823	5.99137	10.9092	7.14404	0	0	0.122244
setup	0	2016-08-17 23:00:00	0	0.138715	2.5711	0	0	0.000256247	0.000720789	0.000209714	-1.71481e-05	0.000128134	3.32455e-06	0	0	0	0	0.286618	0	0.0153366	0.0136256	-1.84314e-14	0.193815	0.174862	0.00060461	0.000140925	219.988	40588.3	19223	28729.3	199.106	1304.19	168.218	148.92	3.84675	0	0	11.782	4339.54	1463.01	2303.76	22.6022	47.906	6.00769	11.0303	7.16701	0	0	0.12225
setup	0	2016-08-18 23:00:00	0	0.0844836	2.52236	0	0	0.00025573	0.000681463	0.000207992	-2.02549e-05	0.000122937	3.4389e-06	0	0	0	0	0.285984	0	0.0153167	0.0136257	-1.84314e-14	0.190248	0.171879	0.000575328	0.00014258	219.569	40591.1	19225.8	28730.8	199.505	1299.28	168.581	150.78	3.88333	0	0	11.7667	4339.75	1463.22	2303.74	22.6657	47.7304	6.02544	11.1516	7.18996	0	0	0.122371
setup	0	2016-08-19 23:00:00	0	0.0441127	2.48611	0	0	0.000257835	0.000675981	0.000207681	-2.44565e-05	0.000119435	3.58509e-06	0	0	0	0	0.28544	0	0.0152967	0.0136258	-1.84314e-14	0.187678	0.169656	0.000552399	0.00014467	219.203	40593.9	19228.7	28732.3	199.874	1294.39	168.981	152.648	3.91452	0	0	11.7514	4339.96	1463.42	2303.71	22.7266	47.5555	6.04435	11.273	7.2127	0	0	0.122447
setup	0	2016-08-20 23:00:00	0	0.0146226	2.48292	0	0	0.000249944	0.000683044	0.000205034	-3.45767e-05	0.000119642	3.54589e-06	0	0	0	0	0.284963	0	0.0152769	0.0136261	-1.84314e-14	0.187758	0.169467	0.000550687	0.000142187	218.875	40596.7	19231.6	28733.8	200.253	1289.51	169.388	154.498	3.9227	0	0	11.7361	4340.17	1463.63	2303.68	22.7857	47.3814	6.06341	11.3956	7.23458	0	0	0.122114
setup	0	2016-08-21 23:00:00	0	0	2.49951	0	0	0.000264261	0.000721145	0.000209441	-2.48302e-05	0.000120389	3.74003e-06	0	0	0	0	0.284538	0	0.015257	0.0136262	-1.84314e-14	0.188675	0.169925	0.000552426	0.000147526	218.577	40599.5	19234.4	28735.2	200.639	1284.66	169.754	156.34	3.93542	0	0	11.7209	4340.37	1463.83	2303.66	22.845	47.2079	6.08085	11.5187	7.25635	0	0	0.122569
setup	0	2016-08-22 23:00:00	0	0	2.79466	0	0	0.000248787	0.00062826	0.000225265	-1.79766e-05	0.000144594	3.69929e-06	0	0	0	0	0.28415	0	0.0152372	0.0136312	-1.84314e-14	0.210883	0.185438	0.000703701	0.000151083	218.293	40601.9	19236.9	28736.5	201.257	1279.82	169.729	158.16	3.85158	0	0	11.7057	4340.58	1464.04	2303.67	22.9116	47.0349	6.08429	11.6537	7.27497	0	0	0.122497
setup	0	2016-08-23 23:00:00	0	0	2.68941	0	0	0.000250028	0.000679501	0.000222266	-2.71185e-05	0.000138599	3.70176e-06	0	0	0	0	0.28378	0	0.0152174	0.0136263	-1.84314e-14	0.206133	0.182799	0.000646647	0.000149745	218.009	40604.4	19239.5	28737.9	201.823	1275	169.838	159.869	3.8692	0	0	11.6904	4340.79	1464.24	2303.67	22.9735	46.8625	6.09233	11.7743	7.29445	0	0	0.122315
setup	0	2016-08-24 23:00:00	0	0	2.59251	0	0	0.000257253	0.000804784	0.000212492	-4.23762e-05	0.000133059	3.54157e-06	0	0	0	0	0.283412	0	0.0151976	0.0136256	-1.84314e-14	0.200894	0.179759	0.000609086	0.000142879	217.725	40607	19242.2	28739.3	202.356	1270.2	170.123	161.493	3.88089	0	0	11.6752	4340.99	1464.44	2303.65	23.0285	46.6909	6.10653	11.8851	7.31387	0	0	0.121934
setup	0	2016-08-25 23:00:00	0	0	2.54441	0	0	0.000260169	0.00085984	0.000206562	-3.90513e-05	0.000130131	3.47173e-06	0	0	0	0	0.283043	0	0.0151778	0.0136256	-1.84314e-14	0.195333	0.175483	0.000590034	0.000140752	217.442	40609.7	19244.9	28740.6	202.873	1265.42	170.481	163.074	3.89161	0	0	11.6601	4341.2	1464.64	2303.63	23.0853	46.5201	6.12323	11.9895	7.33358	0	0	0.122079
setup	0	2016-08-26 23:00:00	0	0	2.51524	0	0	0.00025589	0.000797254	0.000201246	-4.23955e-05	0.000128343	3.34741e-06	0	0	0	0	0.282675	0	0.0151581	0.0136256	-1.84314e-14	0.192062	0.172768	0.000573803	0.000137315	217.16	40612.3	19247.6	28742	203.372	1260.66	170.852	164.661	3.90446	0	0	11.6449	4341.4	1464.84	2303.61	23.1438	46.35	6.14028	12.0903	7.35375	0	0	0.121775
setup	0	2016-08-27 23:00:00	0	0	2.4975	0	0	0.00025177	0.000825989	0.000198839	-4.1775e-05	0.000127279	3.33853e-06	0	0	0	0	0.282308	0	0.0151384	0.0136256	-1.84314e-14	0.189439	0.170586	0.00056223	0.000136867	216.877	40614.9	19250.3	28743.4	203.864	1255.92	171.239	166.23	3.91529	0	0	11.6298	4341.6	1465.04	2303.59	23.2035	46.1806	6.15782	12.1881	7.37401	0	0	0.121982
setup	0	2016-08-28 23:00:00	0	0	2.47422	0	0	0.000263072	0.000825688	0.000194325	-4.9041e-05	0.000126714	3.25501e-06	0	0	0	0	0.281941	0	0.0151187	0.0136256	-1.84314e-14	0.186967	0.168578	0.000551459	0.000133529	216.596	40617.6	19253	28744.7	204.361	1251.2	171.663	167.759	3.91935	0	0	11.6146	4341.81	1465.24	2303.57	23.2638	46.0119	6.17653	12.283	7.39407	0	0	0.121715
setup	0	2016-08-29 23:00:00	0	0	2.51426	0	0	0.000259474	0.000841076	0.000192873	-4.8107e-05	0.000130858	3.14155e-06	0	0	0	0	0.281574	0	0.015099	0.0136262	-1.84314e-14	0.189077	0.169806	0.000571885	0.000131315	216.314	40620.2	19255.6	28746.1	204.904	1246.5	172.03	169.254	3.90598	0	0	11.5995	4342.01	1465.44	2303.55	23.3266	45.8439	6.19315	12.377	7.41356	0	0	0.121695
setup	0	2016-08-30 23:00:00	0	0	2.78578	0	0	0.000258737	0.000848507	0.000205045	-3.39113e-05	0.000155675	3.03375e-06	0	0	0	0	0.281208	0	0.0150794	0.0136301	-1.84314e-14	0.207467	0.182434	0.000720459	0.00013329	216.033	40622.5	19258	28747.3	205.704	1241.81	172.071	170.622	3.82621	0	0	11.5845	4342.21	1465.64	2303.56	23.4016	45.6764	6.19803	12.4738	7.43057	0	0	0.121863
setup	0	2016-08-31 23:00:00	0	0	2.72686	0	0	0.000251283	0.000809883	0.000204451	-3.32361e-05	0.000151673	3.09747e-06	0	0	0	0	0.280843	0	0.0150598	0.0136263	-1.84314e-14	0.19789	0.175998	0.000672213	0.000135214	215.752	40624.8	19260.4	28748.6	206.448	1237.15	172.16	171.976	3.83179	0	0	11.5694	4342.41	1465.84	2303.57	23.4908	45.5096	6.2045	12.5632	7.45191	0	0	0.121914
setup	0	2016-09-01 23:00:00	0	0	2.75854	0	0	0.000262085	0.00079928	0.000200972	-4.26336e-05	0.000156026	2.97111e-06	0	0	0	0	0.280477	0	0.0150402	0.0136268	-1.84314e-14	0.19618	0.17386	0.000683168	0.000130968	215.471	40627.1	19262.7	28749.8	207.239	1232.5	172.227	173.279	3.80929	0	0	11.5544	4342.61	1466.03	2303.58	23.5893	45.3434	6.21012	12.6529	7.47352	0	0	0.121564
setup	0	2016-09-02 23:00:00	0	0	2.7108	0	0	0.000266991	0.000868737	0.000196935	-4.3928e-05	0.000152957	2.91118e-06	0	0	0	0	0.280113	0	0.0150207	0.0136261	-1.84314e-14	0.193011	0.171564	0.000658061	0.000129196	215.191	40629.4	19265.1	28751	208.012	1227.87	172.36	174.53	3.81035	0	0	11.5393	4342.81	1466.23	2303.59	23.6863	45.1779	6.21798	12.74	7.49532	0	0	0.121634
setup	0	2016-09-03 23:00:00	0	0	2.92548	0	0	0.000257398	0.000858329	0.000209765	-2.78204e-05	0.000173485	2.90669e-06	0	0	0	0	0.279749	0	0.0150012	0.0136291	-1.84314e-14	0.211802	0.184597	0.000763591	0.000133343	214.912	40631.4	19267.2	28752.1	208.994	1223.25	172.25	175.655	3.75625	0	0	11.5243	4343.01	1466.42	2303.62	23.7845	45.0129	6.2171	12.8294	7.51387	0	0	0.121865
setup	0	2016-09-04 23:00:00	0	0	2.89278	0	0	0.000252146	0.000772729	0.000210276	-3.06399e-05	0.000171583	2.92105e-06	0	0	0	0	0.279385	0	0.0149817	0.0136266	-1.84314e-14	0.209543	0.183524	0.000741254	0.000133694	214.632	40633.5	19269.4	28753.3	209.946	1218.66	172.148	176.76	3.75811	0	0	11.5094	4343.2	1466.62	2303.64	23.8845	44.8485	6.21638	12.9119	7.5345	0	0	0.12179
setup	0	2016-09-05 23:00:00	0	0	3.12589	0	0	0.000239125	0.000755043	0.000227134	-9.16432e-06	0.000193802	3.04683e-06	0	0	0	0	0.279022	0	0.0149622	0.0136297	-1.84314e-14	0.224179	0.193034	0.000841056	0.000141646	214.353	40635.4	19271.3	28754.3	211.097	1214.07	171.756	177.774	3.71935	0	0	11.4944	4343.4	1466.81	2303.69	23.998	44.6845	6.20522	12.9936	7.55418	0	0	0.122318
setup	0	2016-09-06 23:00:00	0	0	2.99944	0	0	0.000249976	0.00070528	0.000225191	-2.21003e-05	0.000182289	3.21437e-06	0	0	0	0	0.278659	0	0.0149427	0.0136262	-1.84314e-14	0.213781	0.18643	0.000773651	0.000143908	214.074	40637.3	19273.3	28755.3	212.125	1209.51	171.503	178.807	3.74053	0	0	11.4795	4343.6	1467	2303.72	24.1111	44.5212	6.19895	13.0668	7.57662	0	0	0.12232
setup	0	2016-09-07 23:00:00	0	0	3.01132	0	0	0.000257346	0.000705503	0.000227345	-2.38461e-05	0.000183088	3.31667e-06	0	0	0	0	0.278297	0	0.0149233	0.0136267	-1.84314e-14	0.21393	0.186316	0.000775161	0.000146276	213.796	40639.2	19275.3	28756.3	213.155	1204.96	171.237	179.836	3.74359	0	0	11.4645	4343.79	1467.19	2303.76	24.2252	44.3584	6.19216	13.1387	7.59901	0	0	0.122372
setup	0	2016-09-08 23:00:00	0	0	2.91783	0	0	0.000265363	0.000713448	0.000226564	-2.75255e-05	0.000173345	3.53207e-06	0	0	0	0	0.277935	0	0.0149039	0.0136256	-1.84314e-14	0.206882	0.181475	0.000728685	0.000150135	213.518	40641.2	19277.3	28757.3	214.086	1200.43	171.073	180.9	3.77017	0	0	11.4496	4343.99	1467.39	2303.78	24.3355	44.1962	6.18894	13.2082	7.62252	0	0	0.122633
setup	0	2016-09-09 23:00:00	0	0	2.86571	0	0	0.000256089	0.000660472	0.000224758	-3.56443e-05	0.000167781	3.63734e-06	0	0	0	0	0.277574	0	0.0148845	0.0136256	-1.84314e-14	0.203491	0.178943	0.000701277	0.000150792	213.241	40643.2	19279.4	28758.4	214.957	1195.91	170.956	182.009	3.79329	0	0	11.4347	4344.18	1467.58	2303.79	24.442	44.0347	6.18733	13.2785	7.64629	0	0	0.122503
setup	0	2016-09-10 23:00:00	0	0	2.862	0	0	0.000253152	0.000728413	0.000222784	-4.49483e-05	0.000168527	3.58366e-06	0	0	0	0	0.277213	0	0.0148652	0.0136262	-1.84314e-14	0.207101	0.181578	0.000706144	0.000148027	212.963	40645.2	19281.5	28759.4	215.849	1191.42	170.865	183.068	3.79575	0	0	11.4199	4344.38	1467.77	2303.81	24.5399	43.8738	6.18659	13.3481	7.66788	0	0	0.122232
setup	0	2016-09-11 23:00:00	0	0	2.82517	0	0	0.000257881	0.000751169	0.000221901	-3.99917e-05	0.000164865	3.64474e-06	0	0	0	0	0.276853	0	0.0148458	0.0136259	-1.84314e-14	0.204506	0.17985	0.000687614	0.000149442	212.687	40647.2	19283.6	28760.4	216.698	1186.94	170.792	184.148	3.81614	0	0	11.405	4344.57	1467.96	2303.83	24.6361	43.7136	6.18643	13.4161	7.69028	0	0	0.122383
setup	0	2016-09-12 23:00:00	0	0	3.37873	0	0	0.000258875	0.000716144	0.000223427	-4.09086e-05	0.000162141	3.77374e-06	0	0	0	0	0.276493	0	0.0148265	0.0136256	-1.84314e-14	0.205563	0.180605	0.000672916	0.000152041	212.41	40648.7	19285.1	28761.1	217.51	1182.48	170.732	184.675	3.83681	0	0	11.3902	4344.76	1468.14	2303.88	24.7629	43.554	6.18667	13.4473	7.71728	0	0	0.122655
setup	0	2016-09-13 23:00:00	0	0	4.11837	0	0	0.000254452	0.000706946	0.000224581	-4.64132e-05	0.000160431	3.82892e-06	0	0	0	0	0.276133	0	0.0148073	0.0136256	-1.84314e-14	0.211708	0.185812	0.000667243	0.000152148	212.134	40649.4	19285.9	28761.4	218.286	1178.04	170.699	184.445	3.85827	0	0	11.3754	4344.95	1468.33	2303.99	24.9221	43.3951	6.18783	13.4418	7.74645	0	0	0.122592
setup	0	2016-09-14 23:00:00	0	0	3.12151	0	0	0.000249929	0.000715208	0.000240505	-2.93004e-05	0.000197023	3.68096e-06	0	0	0	0	0.275774	0	0.014788	0.0136312	-1.84314e-14	0.232999	0.199684	0.000856026	0.000153147	211.858	40651	19287.7	28762.3	219.408	1173.61	170.26	185.38	3.79151	0	0	11.3606	4345.14	1468.52	2304.05	25.0141	43.2367	6.17434	13.532	7.76332	0	0	0.1223
setup	0	2016-09-15 23:00:00	0	0	3.08707	0	0	0.000261329	0.000753726	0.000242742	-2.49313e-05	0.00019597	3.77504e-06	0	0	0	0	0.275416	0	0.0147688	0.0136269	-1.84314e-14	0.226574	0.195604	0.000828848	0.000156189	211.583	40652.7	19289.4	28763.2	220.504	1169.2	169.849	186.258	3.79338	0	0	11.3458	4345.33	1468.71	2304.1	25.1162	43.0787	6.16177	13.6065	7.7843	0	0	0.122629
setup	0	2016-09-16 23:00:00	0	0	2.97142	0	0	0.000256967	0.000714191	0.000237353	-3.47594e-05	0.000184709	3.8673e-06	0	0	0	0	0.275058	0	0.0147496	0.0136257	-1.84314e-14	0.215955	0.188451	0.000769794	0.000156061	211.308	40654.5	19291.3	28764.2	221.486	1164.8	169.569	187.181	3.81623	0	0	11.3311	4345.52	1468.89	2304.13	25.2186	42.9214	6.15386	13.6729	7.80713	0	0	0.122551
setup	0	2016-09-17 23:00:00	0	0	2.92107	0	0	0.000267942	0.000720002	0.000238279	-3.24561e-05	0.000178325	4.11216e-06	0	0	0	0	0.2747	0	0.0147304	0.0136256	-1.84314e-14	0.210887	0.184751	0.0007404	0.000161035	211.033	40656.3	19293.2	28765.1	222.403	1160.43	169.338	188.148	3.83645	0	0	11.3164	4345.71	1469.08	2304.16	25.3202	42.7647	6.14766	13.7367	7.83053	0	0	0.122911
setup	0	2016-09-18 23:00:00	0	0	3.11113	0	0	0.000246854	0.000663042	0.000232889	-4.81322e-05	0.000174224	4.06972e-06	0	0	0	0	0.274343	0	0.0147113	0.0136257	-1.84314e-14	0.208634	0.183027	0.00072034	0.00015699	210.759	40657.9	19294.9	28765.8	223.289	1156.07	169.169	188.872	3.85033	0	0	11.3017	4345.9	1469.26	2304.19	25.4331	42.6087	6.14367	13.7832	7.85634	0	0	0.122556
setup	0	2016-09-19 23:00:00	0	0	3.70002	0	0	0.000252673	0.000807093	0.000226321	-5.62776e-05	0.000171526	3.89176e-06	0	0	0	0	0.273986	0	0.0146922	0.0136256	-1.84314e-14	0.209877	0.184442	0.000711916	0.00015115	210.485	40658.9	19295.9	28766.3	224.159	1151.73	169.077	188.919	3.86118	0	0	11.287	4346.08	1469.45	2304.28	25.5766	42.4534	6.14237	13.7937	7.88326	0	0	0.122321
setup	0	2016-09-20 23:00:00	0	0	2.84514	0	0	0.000259933	0.000877943	0.000220036	-5.58534e-05	0.000169481	3.75489e-06	0	0	0	0	0.27363	0	0.0146731	0.0136257	-1.84314e-14	0.205269	0.181189	0.000706043	0.000147269	210.211	40660.8	19297.8	28767.2	225.01	1147.41	169.028	189.772	3.8686	0	0	11.2723	4346.27	1469.63	2304.3	25.6679	42.2987	6.14258	13.8596	7.90428	0	0	0.122148
setup	0	2016-09-21 23:00:00	0	0	3.11724	0	0	0.000255437	0.000823685	0.000236569	-3.09769e-05	0.00020331	3.66547e-06	0	0	0	0	0.273274	0	0.014654	0.0136303	-1.84314e-14	0.226343	0.194658	0.000875432	0.000151136	209.938	40662.3	19299.5	28768.1	226.191	1143.1	168.609	190.475	3.81032	0	0	11.2576	4346.46	1469.82	2304.36	25.7745	42.1446	6.12938	13.9261	7.92377	0	0	0.122309
setup	0	2016-09-22 23:00:00	0	0	3.03743	0	0	0.000257266	0.000782027	0.000234797	-3.61942e-05	0.000197255	3.70618e-06	0	0	0	0	0.272919	0	0.0146349	0.0136264	-1.84314e-14	0.218361	0.189721	0.000827791	0.00015133	209.665	40663.9	19301.2	28768.9	227.3	1138.81	168.265	191.162	3.81726	0	0	11.243	4346.64	1470	2304.41	25.8854	41.991	6.11886	13.9821	7.94595	0	0	0.122362
setup	0	2016-09-23 23:00:00	0	0	3.47158	0	0	0.000268658	0.000713187	0.000239799	-2.6237e-05	0.000188133	4.0579e-06	0	0	0	0	0.272564	0	0.0146159	0.0136257	-1.84314e-14	0.215154	0.187599	0.000780131	0.000160563	209.392	40665.1	19302.4	28769.5	228.287	1134.54	167.946	191.471	3.8459	0	0	11.2284	4346.83	1470.18	2304.48	26.0226	41.8379	6.10919	14.0049	7.97334	0	0	0.123126
setup	0	2016-09-24 23:00:00	0	0	3.33587	0	0	0.000249619	0.000607763	0.000243427	-3.82947e-05	0.00019424	4.12231e-06	0	0	0	0	0.27221	0	0.0145969	0.0136268	-1.84314e-14	0.220424	0.191507	0.000810333	0.000160227	209.12	40666.4	19303.8	28770.2	229.319	1130.28	167.572	191.941	3.84467	0	0	11.2138	4347.01	1470.36	2304.55	26.1456	41.6853	6.09752	14.0478	7.99662	0	0	0.122656
setup	0	2016-09-25 23:00:00	0	0	3.38726	0	0	0.000256548	0.000699413	0.000259694	-1.91052e-05	0.000228688	4.05932e-06	0	0	0	0	0.271856	0	0.0145779	0.0136307	-1.84314e-14	0.238981	0.203298	0.000963999	0.000162764	208.848	40667.6	19305	28770.8	230.679	1126.03	166.898	192.389	3.7963	0	0	11.1992	4347.19	1470.54	2304.64	26.2721	41.5332	6.07494	14.1013	8.0174	0	0	0.12267
setup	0	2016-09-26 23:00:00	0	0	4.06033	0	0	0.00025262	0.000731695	0.00030183	3.91611e-05	0.000331357	3.74743e-06	0	0	0	0	0.271503	0	0.014559	0.0136438	-1.84314e-14	0.28313	0.228698	0.0013191	0.000163784	208.577	40668.1	19305.6	28771.3	233.012	1121.79	165.598	191.93	3.68052	0	0	11.1847	4347.37	1470.72	2304.81	26.4564	41.3814	6.02973	14.1275	8.03327	0	0	0.122393
setup	0	2016-09-27 23:00:00	0	0	3.54698	0	0	0.00026338	0.00084985	0.000276247	2.25557e-06	0.000267276	3.80651e-06	0	0	0	0	0.27115	0	0.01454	0.0136256	-1.84314e-14	0.24493	0.207398	0.00104686	0.000162705	208.306	40669.1	19306.7	28771.9	234.711	1117.57	164.777	191.927	3.7149	0	0	11.1701	4347.56	1470.89	2304.9	26.6227	41.2301	6.00179	14.1418	8.059	0	0	0.122597
setup	0	2016-09-28 23:00:00	0	0	3.61584	0	0	0.000253914	0.000762437	0.000276895	3.25684e-06	0.000274407	3.7242e-06	0	0	0	0	0.270797	0	0.0145211	0.0136281	-1.84314e-14	0.247505	0.208823	0.00107883	0.000162023	208.035	40670	19307.7	28772.4	236.479	1113.37	163.904	191.868	3.70625	0	0	11.1556	4347.74	1471.07	2305.01	26.7965	41.0793	5.97193	14.1529	8.08228	0	0	0.122472
setup	0	2016-09-29 23:00:00	0	0	4.74734	0	0	0.00026526	0.000738297	0.000351606	0.000122902	0.000437686	3.6528e-06	0	0	0	0	0.270445	0	0.0145023	0.0136535	-1.84314e-14	0.315914	0.244718	0.00153799	0.000175492	207.764	40669.8	19307.6	28772.6	239.742	1109.17	162.111	190.293	3.57843	0	0	11.1411	4347.92	1471.24	2305.24	27.0626	40.9286	5.90879	14.1148	8.09964	0	0	0.123098
setup	0	2016-09-30 23:00:00	0	0	4.02308	0	0	0.000258825	0.00068067	0.000311842	4.07369e-05	0.000330217	3.81848e-06	0	0	0	0	0.270094	0	0.0144834	0.013626	-1.84314e-14	0.25754	0.214665	0.00120296	0.000174148	207.494	40670.3	19308.1	28772.8	241.988	1104.98	160.909	189.646	3.6163	0	0	11.1266	4348.1	1471.42	2305.38	27.3086	40.7784	5.86695	14.0824	8.12887	0	0	0.122996
setup	0	2016-10-01 23:00:00	0	0	3.76987	0	0	0.000250352	0.000720282	0.000287635	3.83975e-06	0.00029352	3.70141e-06	0	0	0	0	0.269743	0	0.0144646	0.0136261	-1.84314e-14	0.242077	0.203522	0.00112511	0.00016668	207.225	40671	19308.9	28773.2	243.918	1100.81	159.964	189.274	3.64646	0	0	11.1121	4348.28	1471.59	2305.49	27.5341	40.6289	5.83438	14.0652	8.16017	0	0	0.122546
setup	0	2016-10-02 23:00:00	0	0	6.58441	0	0	0.000258893	0.000831652	0.000456586	0.000317138	0.000755593	3.14872e-06	0	0	0	0	0.269392	0	0.0144458	0.0137198	-1.84314e-14	0.408194	0.273842	0.00212501	0.000175403	206.955	40668.9	19306.8	28772.6	249.877	1096.64	157.252	184.262	3.39119	0	0	11.0977	4348.45	1471.76	2305.92	28.0001	40.4789	5.73789	13.9063	8.17267	0	0	0.122849
setup	0	2016-10-03 23:00:00	0	0	6.4247	0	0	0.000269482	0.000747768	0.000452562	0.0002634	0.000677078	3.21971e-06	0	0	0	0	0.269042	0	0.014427	0.0136459	-1.84314e-14	0.378501	0.271934	0.00184324	0.000189892	206.686	40666.9	19304.9	28771.9	255.582	1092.47	154.508	179.477	3.34565	0	0	11.0833	4348.63	1471.92	2306.3	28.5275	40.3288	5.64025	13.6788	8.19716	0	0	0.123698
setup	0	2016-10-04 23:00:00	0	0	9.36794	0	0	0.000247957	0.000643472	0.000584708	0.000472515	0.00111476	2.77028e-06	0	0	0	0	0.268692	0	0.0144082	0.013743	-1.84314e-14	0.550061	0.322811	0.00252366	0.000193335	206.417	40662	19300.1	28769.9	264.724	1088.29	150.586	169.685	3.19778	0	0	11.0689	4348.81	1472.08	2306.98	29.272	40.1779	5.49999	13.2745	8.21412	0	0	0.123739
setup	0	2016-10-05 23:00:00	0	0	7.17807	0	0	0.000259412	0.000860534	0.000470394	0.000214271	0.000707386	2.64769e-06	0	0	0	0	0.268343	0	0.0143895	0.0136316	-1.84314e-14	0.416332	0.300481	0.00226585	0.000189761	206.149	40659.2	19297.4	28768.6	271.5	1084.12	147.734	163.118	3.19073	0	0	11.0545	4348.98	1472.24	2307.4	29.933	40.0275	5.39837	12.8721	8.2523	0	0	0.123346
setup	0	2016-10-06 23:00:00	0	0	6.15498	0	0	0.000267299	0.000832514	0.000441019	0.000183833	0.000592702	2.73909e-06	0	0	0	0	0.267994	0	0.0143708	0.0136279	-1.84314e-14	0.366129	0.282355	0.0021783	0.000195495	205.881	40657.4	19295.7	28767.7	276.736	1079.96	145.379	158.472	3.25867	0	0	11.0401	4349.16	1472.4	2307.71	30.4895	39.8776	5.3147	12.5455	8.28861	0	0	0.123678
setup	0	2016-10-07 23:00:00	0	0	5.45544	0	0	0.000264801	0.000677523	0.000422129	0.000162079	0.000514731	3.00617e-06	0	0	0	0	0.267645	0	0.0143521	0.0136264	-1.84314e-14	0.336663	0.267381	0.00207217	0.000202885	205.613	40656.4	19294.7	28767.1	280.581	1075.82	143.392	155.481	3.34315	0	0	11.0257	4349.33	1472.56	2307.96	30.9341	39.7284	5.24431	12.307	8.33086	0	0	0.123871
setup	0	2016-10-08 23:00:00	0	0	4.92181	0	0	0.00025979	0.000624906	0.000404232	0.000134336	0.000455607	3.27421e-06	0	0	0	0	0.267297	0	0.0143335	0.0136257	-1.84314e-14	0.307688	0.251889	0.00199374	0.000205101	205.346	40655.8	19294.2	28766.7	283.505	1071.71	141.774	153.523	3.42836	0	0	11.0114	4349.51	1472.72	2308.15	31.3085	39.5798	5.18719	12.1279	8.36864	0	0	0.123857
setup	0	2016-10-09 23:00:00	0	0	4.72297	0	0	0.000255978	0.000666502	0.000398186	0.000130963	0.000443171	3.41821e-06	0	0	0	0	0.26695	0	0.0143148	0.0136268	-1.84314e-14	0.305534	0.249988	0.00202602	0.000203736	205.079	40655.5	19293.9	28766.4	286.105	1067.61	140.335	151.901	3.48374	0	0	10.9971	4349.68	1472.88	2308.32	31.6354	39.4319	5.13654	11.9797	8.4124	0	0	0.123587
setup	0	2016-10-10 23:00:00	0	0	4.40438	0	0	0.00025893	0.000736314	0.000382373	0.000115756	0.000408991	3.56069e-06	0	0	0	0	0.266603	0	0.0142962	0.0136259	-1.84314e-14	0.284283	0.2375	0.00200816	0.000201456	204.813	40655.4	19293.9	28766.2	288.241	1063.53	139.158	150.75	3.54704	0	0	10.9828	4349.85	1473.04	2308.46	31.9311	39.2848	5.09529	11.8564	8.45115	0	0	0.123531
setup	0	2016-10-11 23:00:00	0	0	4.18421	0	0	0.000257211	0.000782966	0.000370922	0.000106014	0.000387971	3.63992e-06	0	0	0	0	0.266256	0	0.0142776	0.0136256	-1.84314e-14	0.270092	0.230789	0.00202607	0.000196721	204.546	40655.5	19294.1	28766.1	290.09	1059.47	138.184	149.877	3.59924	0	0	10.9685	4350.02	1473.21	2308.59	32.2032	39.1384	5.06134	11.7546	8.48403	0	0	0.123269
setup	0	2016-10-12 23:00:00	0	0	4.01128	0	0	0.00026139	0.000864086	0.000360081	0.000101382	0.000373215	3.6946e-06	0	0	0	0	0.26591	0	0.0142591	0.0136256	-1.84314e-14	0.26835	0.229998	0.00206874	0.000191857	204.28	40655.8	19294.5	28766.1	291.746	1055.43	137.388	149.164	3.63955	0	0	10.9543	4350.2	1473.38	2308.7	32.4388	38.9929	5.03382	11.6725	8.52366	0	0	0.123167
setup	0	2016-10-13 23:00:00	0	0	4.25537	0	0	0.000265822	0.000864163	0.000355454	0.000106952	0.000363777	3.84922e-06	0	0	0	0	0.265565	0	0.0142405	0.0136256	-1.84314e-14	0.25848	0.223448	0.0020925	0.000193083	204.015	40655.8	19294.7	28765.9	293.232	1051.41	136.688	148.254	3.67868	0	0	10.94	4350.36	1473.54	2308.82	32.691	38.848	5.0097	11.5732	8.55894	0	0	0.123352
setup	0	2016-10-14 23:00:00	0	0	5.85894	0	0	0.000263522	0.000791122	0.000361198	0.000114642	0.000357564	4.05608e-06	0	0	0	0	0.265219	0	0.014222	0.0136256	-1.84314e-14	0.273169	0.235846	0.00212124	0.000195976	203.75	40654.3	19293.2	28764.8	294.523	1047.4	136.051	145.837	3.72531	0	0	10.9258	4350.53	1473.71	2309.07	33.0021	38.7037	4.98785	11.4002	8.60533	0	0	0.123563
setup	0	2016-10-15 23:00:00	0	0	4.90316	0	0	0.000257848	0.00074687	0.000359287	0.000114336	0.000352414	4.18765e-06	0	0	0	0	0.264875	0	0.0142035	0.0136256	-1.84314e-14	0.264844	0.231167	0.0021382	0.000195772	203.485	40653.6	19292.6	28764.3	295.639	1043.42	135.466	144.482	3.76647	0	0	10.9116	4350.7	1473.87	2309.25	33.2504	38.5601	4.96784	11.3038	8.63562	0	0	0.123472
setup	0	2016-10-16 23:00:00	0	0	5.30222	0	0	0.000267634	0.000767262	0.000366107	0.000122135	0.00034777	4.45778e-06	0	0	0	0	0.26453	0	0.0141851	0.0136256	-1.84314e-14	0.26978	0.236991	0.00215683	0.000201149	203.22	40652.5	19291.7	28763.6	296.607	1039.45	134.925	142.808	3.80857	0	0	10.8974	4350.87	1474.04	2309.47	33.5017	38.4171	4.94939	11.1951	8.67346	0	0	0.123612
setup	0	2016-10-17 23:00:00	0	0	3.68521	0	0	0.000259834	0.000680708	0.000366392	0.000122463	0.000342392	4.68303e-06	0	0	0	0	0.264186	0	0.0141666	0.0136256	-1.84314e-14	0.270175	0.235531	0.0021441	0.000204344	202.956	40653.1	19292.3	28763.7	297.451	1035.49	134.4	142.846	3.84331	0	0	10.8832	4351.04	1474.2	2309.55	33.6361	38.2747	4.9315	11.1984	8.71267	0	0	0.12357
setup	0	2016-10-18 23:00:00	0	0	3.62877	0	0	0.000259888	0.000687389	0.000367011	0.000118361	0.000335413	4.8429e-06	0	0	0	0	0.263843	0	0.0141482	0.0136257	-1.84314e-14	0.26138	0.232933	0.00211633	0.000205064	202.692	40653.6	19293	28763.8	298.23	1031.56	133.92	142.945	3.87436	0	0	10.8691	4351.21	1474.37	2309.63	33.7772	38.1329	4.91519	11.2074	8.7406	0	0	0.123451
setup	0	2016-10-19 23:00:00	0	0	3.49661	0	0	0.000255382	0.000719943	0.000362024	0.000109533	0.0003275	4.83465e-06	0	0	0	0	0.2635	0	0.0141298	0.0136259	-1.84314e-14	0.270198	0.237717	0.00208592	0.000202025	202.429	40654.3	19293.8	28764	298.96	1027.64	133.495	143.15	3.90127	0	0	10.855	4351.37	1474.54	2309.71	33.8846	37.9917	4.90083	11.2279	8.78527	0	0	0.123226
setup	0	2016-10-20 23:00:00	0	0	3.36328	0	0	0.000259497	0.000816359	0.000349094	9.78029e-05	0.000318679	4.74686e-06	0	0	0	0	0.263157	0	0.0141115	0.0136258	-1.84314e-14	0.257465	0.22839	0.00205911	0.000196456	202.166	40655.1	19294.7	28764.3	299.666	1023.74	133.146	143.418	3.92061	0	0	10.8409	4351.54	1474.7	2309.77	34.0008	37.8513	4.88921	11.2517	8.81385	0	0	0.12303
setup	0	2016-10-21 23:00:00	0	0	3.32588	0	0	0.000266626	0.000809785	0.000350922	0.000103105	0.000310143	4.88728e-06	0	0	0	0	0.262815	0	0.0140931	0.0136257	-1.84314e-14	0.249752	0.226282	0.00202325	0.000199624	201.903	40656	19295.7	28764.5	300.315	1019.85	132.81	143.741	3.94516	0	0	10.8268	4351.71	1474.87	2309.84	34.124	37.7114	4.87805	11.2771	8.83626	0	0	0.123369
setup	0	2016-10-22 23:00:00	0	0	3.46652	0	0	0.000258401	0.000737851	0.000355678	0.000109865	0.000321901	4.91343e-06	0	0	0	0	0.262474	0	0.0140748	0.0136267	-1.84314e-14	0.267944	0.235794	0.00207972	0.000199909	201.64	40656.7	19296.4	28764.8	301.034	1015.99	132.408	143.93	3.94732	0	0	10.8127	4351.87	1475.03	2309.92	34.2284	37.5721	4.86442	11.3055	8.87279	0	0	0.123195
setup	0	2016-10-23 23:00:00	0	0	3.34145	0	0	0.000268626	0.000740229	0.000357062	0.000109503	0.000311218	5.18323e-06	0	0	0	0	0.262132	0	0.0140565	0.0136258	-1.84314e-14	0.253455	0.228333	0.0020124	0.00020509	201.378	40657.4	19297.3	28765	301.68	1012.13	132.033	144.246	3.9729	0	0	10.7986	4352.04	1475.19	2309.98	34.346	37.4334	4.85178	11.3333	8.89811	0	0	0.123484
setup	0	2016-10-24 23:00:00	0	0	3.29106	0	0	0.000263427	0.000709719	0.00035522	9.82702e-05	0.000301254	5.34669e-06	0	0	0	0	0.261792	0	0.0140382	0.0136256	-1.84314e-14	0.261689	0.233635	0.00196542	0.000205389	201.116	40658.3	19298.3	28765.3	302.286	1008.3	131.707	144.586	3.9943	0	0	10.7846	4352.2	1475.36	2310.05	34.4361	37.2953	4.84091	11.3709	8.93677	0	0	0.123353
setup	0	2016-10-25 23:00:00	0	0	3.26329	0	0	0.000257635	0.000689504	0.00034872	9.17725e-05	0.000293809	5.41313e-06	0	0	0	0	0.261451	0	0.01402	0.013626	-1.84314e-14	0.253868	0.227537	0.0019384	0.000203783	200.855	40659.1	19299.2	28765.6	302.854	1004.48	131.39	144.965	4.01644	0	0	10.7706	4352.37	1475.52	2310.11	34.5354	37.1577	4.8303	11.4133	8.95986	0	0	0.123373
setup	0	2016-10-26 23:00:00	0	0	3.46135	0	0	0.000250546	0.0007273	0.000362533	0.000114025	0.000330271	5.12476e-06	0	0	0	0	0.261111	0	0.0140017	0.0136285	-1.84314e-14	0.2716	0.239194	0.00211504	0.000200613	200.594	40659.7	19299.9	28765.9	303.651	1000.67	130.914	145.11	3.99383	0	0	10.7566	4352.53	1475.68	2310.21	34.6388	37.0207	4.81394	11.4451	8.99556	0	0	0.122915
setup	0	2016-10-27 23:00:00	0	0	3.38737	0	0	0.000266517	0.000842566	0.000356153	0.000111651	0.000318773	5.16238e-06	0	0	0	0	0.260772	0	0.0139835	0.0136263	-1.84314e-14	0.259303	0.232443	0.00204531	0.00019968	200.333	40660.4	19300.7	28766.1	304.385	996.882	130.505	145.271	4.00574	0	0	10.7426	4352.7	1475.84	2310.3	34.7533	36.8842	4.79996	11.4772	9.01739	0	0	0.123146
setup	0	2016-10-28 23:00:00	0	0	5.82498	0	0	0.000257632	0.00082287	0.000602283	0.000665414	0.000955409	4.41889e-06	0	0	0	0	0.260433	0	0.0139654	0.0137183	-1.84314e-14	0.428948	0.305757	0.0041901	0.000206302	200.073	40658.6	19299	28766	308.379	993.084	128.653	141.544	3.72177	0	0	10.7286	4352.85	1476	2310.73	35.0357	36.7472	4.73361	11.3883	9.04277	0	0	0.123174
setup	0	2016-10-29 23:00:00	0	0	4.87257	0	0	0.000278461	0.000896019	0.000521909	0.000447204	0.000679593	4.87829e-06	0	0	0	0	0.260094	0	0.0139472	0.0136288	-1.84314e-14	0.34274	0.280913	0.00294917	0.000215725	199.812	40657.8	19298.3	28765.8	310.996	989.296	127.275	139.344	3.72701	0	0	10.7147	4353.01	1476.15	2310.98	35.3116	36.6104	4.68446	11.2726	9.08463	0	0	0.123634
setup	0	2016-10-30 23:00:00	0	0	4.43635	0	0	0.000272536	0.000664209	0.000480798	0.000324125	0.000542645	5.44806e-06	0	0	0	0	0.259756	0	0.0139291	0.0136266	-1.84314e-14	0.308057	0.266128	0.00264424	0.000225884	199.553	40657.3	19297.9	28765.6	312.847	985.519	126.135	138.043	3.76823	0	0	10.7007	4353.17	1476.3	2311.17	35.5599	36.474	4.64395	11.1911	9.11455	0	0	0.124018
setup	0	2016-10-31 23:00:00	0	0	4.11503	0	0	0.000259282	0.000584442	0.00044036	0.000234392	0.00045897	5.66332e-06	0	0	0	0	0.259419	0	0.013911	0.0136258	-1.84314e-14	0.281925	0.248503	0.00247293	0.000224186	199.293	40657.2	19297.9	28765.4	314.213	981.759	125.225	137.322	3.82282	0	0	10.6868	4353.33	1476.45	2311.31	35.7932	36.3382	4.61174	11.1451	9.1622	0	0	0.123896
setup	0	2016-11-01 23:00:00	0	0	4.14488	0	0	0.000259061	0.00066003	0.000437299	0.000226319	0.000460689	5.58518e-06	0	0	0	0	0.259081	0	0.0138929	0.013628	-1.84314e-14	0.280675	0.246087	0.00253515	0.000222939	199.034	40657.1	19297.9	28765.3	315.598	978.014	124.314	136.576	3.83632	0	0	10.6729	4353.49	1476.61	2311.47	36.0311	36.2029	4.57947	11.104	9.20183	0	0	0.123664
setup	0	2016-11-02 23:00:00	0	0	7.87866	0	0	0.000251263	0.000762725	0.000803364	0.00109539	0.00155395	4.50523e-06	0	0	0	0	0.258744	0	0.0138748	0.0137948	-1.84314e-14	0.480304	0.308374	0.00501067	0.000224942	198.775	40653.2	19294.1	28764.4	321.98	974.249	121.682	129.257	3.50711	0	0	10.6591	4353.65	1476.75	2312.13	36.6429	36.0666	4.48474	10.7904	9.22031	0	0	0.123825
setup	0	2016-11-03 23:00:00	0	0	20.1445	0	0	0.000261864	0.000977155	0.000464137	0.000530438	0.00416929	8.59133e-07	0	0	0	0	0.258408	0	0.0138568	0.0157433	-1.84314e-14	0.953112	0.199029	0.00556257	0.000189116	198.517	40637	19278	28755.1	340.887	970.48	116.039	99.9355	3.38702	0	0	10.6452	4353.8	1476.89	2313.45	38.5384	35.9298	4.2807	9.31463	9.25952	0	0	0.149531
setup	0	2016-11-04 23:00:00	0	0	14.951	0.00104942	0	0.000261786	0.000929254	0.000456265	0.00138551	0.00849339	1.7586e-07	0	0	0	0	0.258072	0	0.0138388	0.0137868	-1.84314e-14	0.832486	0.437702	0.0126617	0.000223819	198.259	40625.9	19267.2	28749.4	353.288	966.718	111.165	81.32	3.22376	0	0	10.6314	4353.95	1477.02	2314.49	40.02	35.7932	4.10463	8.09772	9.29888	0	0	0.172537
setup	0	2016-11-05 23:00:00	0	0	12.0744	0.00261285	0	0.000267265	0.000802899	0.000515689	0.00139834	0.00581075	2.43455e-07	0	0	0	0	0.257737	0	0.0138208	0.013656	-1.84314e-14	0.74542	0.488785	0.0124132	0.000250165	198.001	40617.8	19259.2	28745.3	361.598	962.946	106.593	69.2818	3.05947	0	0	10.6176	4354.09	1477.14	2315.31	41.2087	35.6559	3.93962	7.13615	9.36118	0	0	0.182745
setup	0	2016-11-06 23:00:00	0	0	10.094	0.00285236	0	0.000263274	0.000688271	0.000722129	0.00179598	0.00551148	3.75009e-07	0	0	0	0	0.257402	0	0.0138028	0.0136323	-1.84314e-14	0.72226	0.506742	0.0131075	0.000267382	197.744	40611.6	19253.1	28742	367.314	959.177	102.471	61.2493	2.96796	0	0	10.6038	4354.23	1477.26	2315.92	42.0749	35.5187	3.79089	6.41481	9.481	0	0	0.181388
setup	0	2016-11-07 23:00:00	0	0	8.80469	0.00264163	0	0.000263555	0.000727751	0.000923556	0.00223557	0.00540674	4.97209e-07	0	0	0	0	0.257067	0	0.0137849	0.0136285	-1.84314e-14	0.654717	0.494729	0.012964	0.000273944	197.487	40606.7	19248.3	28739.2	371.326	955.423	98.7496	55.7185	2.93484	0	0	10.59	4354.38	1477.39	2316.42	42.8089	35.3819	3.65669	5.91205	9.51274	0	0	0.174132
setup	0	2016-11-08 23:00:00	0	0	7.91885	0.00218573	0	0.000263024	0.000774372	0.00102768	0.00242909	0.00512665	5.81011e-07	0	0	0	0	0.256733	0	0.013767	0.0136282	-1.84314e-14	0.631651	0.482937	0.0120938	0.000273446	197.23	40602.7	19244.4	28736.7	374.179	951.686	95.4048	51.7889	2.94652	0	0	10.5762	4354.53	1477.51	2316.84	43.392	35.2458	3.53608	5.5341	9.55196	0	0	0.165801
setup	0	2016-11-09 23:00:00	0	0	7.47035	0.00134511	0	0.0002662	0.00075014	0.00107141	0.00256541	0.00558347	5.96642e-07	0	0	0	0	0.256399	0	0.0137491	0.0136336	-1.84314e-14	0.696199	0.538149	0.012189	0.000277879	196.974	40599	19240.9	28734.5	376.219	947.965	92.2478	48.875	2.99278	0	0	10.5625	4354.68	1477.63	2317.21	43.7474	35.1102	3.42223	5.28298	9.67948	0	0	0.160708
setup	0	2016-11-10 23:00:00	0	0	6.98818	0.00195211	0	0.000259702	0.000764091	0.00114418	0.00249021	0.0118221	1.99536e-07	0	0	0	0	0.256066	0	0.0137312	0.0137999	-1.84314e-14	0.581723	0.493885	0.0225286	0.000279211	196.718	40595.9	19237.9	28733.1	377.751	944.254	89.6146	46.4267	2.98217	0	0	10.5487	4354.81	1477.75	2317.62	44.2233	34.975	3.32741	5.02309	9.66787	0	0	0.170654
setup	0	2016-11-11 23:00:00	0	0	7.83489	0.00100426	0	0.000265182	0.000848855	0.00227986	0.00575584	0.00598587	1.01652e-06	0	0	0	0	0.255733	0	0.0137133	0.0139745	-1.84314e-14	0.725052	0.641691	0.0269001	0.000312122	196.462	40591.9	19233.9	28737.7	380.712	940.434	87.3652	41.8361	2.62896	0	0	10.535	4354.95	1477.81	2319.22	44.8125	34.8343	3.24664	4.54856	9.7533	0	0	0.144822
setup	0	2016-11-12 23:00:00	0	9.49138e-07	7.09777	0	0	0.000266304	0.00095903	0.00137902	0.00342727	0.00686186	5.42853e-07	0	0	0	0	0.2554	0	0.0136955	0.0138841	-1.84314e-14	0.723583	0.612998	0.0246808	0.00034768	196.207	40588.6	19230.6	28736.4	382.25	936.608	85.3881	38.701	2.71809	0	0	10.5213	4355.08	1477.82	2319.67	45.1716	34.6931	3.17576	4.20179	9.92598	0	0	0.14891
setup	0	2016-11-13 23:00:00	0	1.78559e-06	6.83232	0	0	0.000265395	0.000815011	0.00153398	0.00383714	0.0116196	2.55237e-07	0	0	0	0	0.255068	0	0.0136777	0.0137762	-1.84314e-14	0.674563	0.613691	0.0352245	0.000384268	195.951	40585.6	19227.6	28735.8	383.039	932.786	83.5912	36.3749	2.79791	0	0	10.5076	4355.21	1477.86	2320.2	45.5132	34.552	3.11143	3.92729	10.0383	0	0	0.15672
setup	0	2016-11-14 23:00:00	0	2.78395e-06	7.24723	0	0	0.000265873	0.000792011	0.00273795	0.00726404	0.00850891	6.41065e-07	0	0	0	0	0.254737	0	0.0136599	0.0150039	-1.84314e-14	0.746219	0.68472	0.0326579	0.00037675	195.697	40582.1	19224.1	28739.5	384.103	928.932	81.7726	33.565	2.7642	0	0	10.494	4355.35	1477.84	2321.53	45.8447	34.4091	3.04626	3.65236	10.1709	0	0	0.143048
setup	0	2016-11-15 23:00:00	0	4.84802e-06	6.95829	0	0	0.000275551	0.000960578	0.00258481	0.00660702	0.00886912	4.96158e-07	0	0	0	0	0.254406	0	0.0136422	0.0150799	-1.84314e-14	0.70276	0.666348	0.0352947	0.000377059	195.442	40579	19220.8	28742.2	384.603	925.068	80.1471	31.2928	2.88142	0	0	10.4803	4355.49	1477.76	2322.63	46.1945	34.2656	2.98806	3.39332	10.2683	0	0	0.138843
setup	0	2016-11-16 23:00:00	0	8.20212e-06	6.67639	0	0	0.000268914	0.000956921	0.00261975	0.00672404	0.00896992	4.24106e-07	0	0	0	0	0.254075	0	0.0136244	0.0145036	-1.84314e-14	0.738854	0.678024	0.0342763	0.000390459	195.188	40576.1	19217.7	28743.8	384.577	921.211	78.7013	29.6128	3.04116	0	0	10.4667	4355.62	1477.69	2323.49	46.3736	34.1221	2.93635	3.18466	10.4717	0	0	0.137466
setup	0	2016-11-17 23:00:00	0	1.31792e-05	6.43937	0	0	0.000261589	0.00100151	0.0019079	0.00458029	0.0119587	2.93024e-07	0	0	0	0	0.253745	0	0.0136067	0.0140492	-1.84314e-14	0.692071	0.645944	0.0404988	0.000415808	194.935	40573.4	19215.1	28742.6	384.211	917.374	77.4312	28.3312	3.18034	0	0	10.4531	4355.75	1477.68	2323.8	46.5582	33.9795	2.89103	3.05171	10.5851	0	0	0.146652
setup	0	2016-11-18 23:00:00	0	2.58058e-05	6.58507	2.3166e-05	0	0.000243861	0.000972225	0.00231626	0.00611477	0.00916059	3.01323e-07	0	0	0	0	0.253415	0	0.013589	0.0142628	-1.84314e-14	0.723717	0.665098	0.0344706	0.000413519	194.681	40570.5	19212.1	28743.9	383.602	913.534	76.0958	27.2345	3.31668	0	0	10.4395	4355.88	1477.63	2324.57	46.6934	33.8366	2.84329	2.92158	10.7531	0	0	0.146409
setup	0	2016-11-19 23:00:00	0	3.71145e-05	6.42682	2.39379e-05	0	0.000141323	0.000736992	0.0022699	0.00583547	0.00676262	3.52596e-07	0	0	0	0	0.253086	0	0.0135714	0.015401	-1.84314e-14	0.754296	0.718576	0.0284104	0.000381679	194.429	40567.8	19209.2	28747.7	382.793	909.704	74.9382	26.3135	3.48307	0	0	10.4259	4356.02	1477.42	2325.7	46.7116	33.6939	2.80194	2.81206	11.0268	0	0	0.142192
setup	0	2016-11-20 23:00:00	0	6.81102e-05	6.4044	3.56063e-05	0	7.46101e-05	0.000294005	0.00225947	0.00644759	0.00604368	5.19001e-07	0	0	0	0	0.252757	0	0.0135537	0.0139215	-1.84314e-14	0.708844	0.645369	0.0278164	0.000395692	194.176	40565.1	19206.3	28748.2	381.831	905.885	73.7977	25.5785	3.63113	0	0	10.4124	4356.16	1477.33	2326.27	46.8113	33.5516	2.76117	2.73124	11.183	0	0	0.139879
setup	0	2016-11-21 23:00:00	0	0.000114979	6.41207	0.000160608	0	8.67295e-05	0.000180551	0.00165939	0.00446021	0.00972126	1.86125e-07	0	0	0	0	0.252429	0	0.0135361	0.0138457	-1.84314e-14	0.720029	0.658474	0.0387042	0.000443563	193.924	40562.4	19203.7	28746.1	380.793	902.08	72.7534	24.8235	3.71584	0	0	10.3988	4356.28	1477.4	2326.42	46.8865	33.4098	2.72394	2.67475	11.3227	0	0	0.151815
setup	0	2016-11-22 23:00:00	0	0.000192913	6.27374	7.44058e-05	0	0.000102727	7.32767e-05	0.00198707	0.00589311	0.00927469	2.54341e-07	0	0	0	0	0.252102	0	0.0135185	0.0136365	-1.84314e-14	0.690996	0.631039	0.0355048	0.000460481	193.673	40559.8	19201.3	28744.2	379.628	898.296	71.815	24.1972	3.82362	0	0	10.3853	4356.4	1477.48	2326.59	46.9822	33.2688	2.69052	2.61462	11.4462	0	0	0.154542
setup	0	2016-11-23 23:00:00	0	0.000305651	6.13057	2.7094e-05	0.000140797	0.000163812	3.42506e-05	0.00208583	0.00633916	0.00808141	3.29365e-07	0	0	0	0	0.251775	0	0.0135009	0.0136298	-1.84314e-14	0.664095	0.612356	0.0332006	0.000461781	193.423	40557.3	19198.9	28742.3	378.39	894.538	70.9842	23.6905	3.92524	0	0	10.3718	4356.53	1477.56	2326.75	47.0937	33.1288	2.66095	2.55566	11.5535	0	0	0.1537
setup	0	2016-11-24 23:00:00	0	0.000431948	6.14866	4.3399e-05	0.000226938	0.000216312	4.66603e-05	0.00258544	0.00792212	0.00635844	5.2106e-07	0	0	0	0	0.25145	0	0.0134834	0.0139149	-1.84314e-14	0.672425	0.657267	0.030791	0.000433075	193.174	40554.8	19196.4	28743.3	377.083	890.791	70.1521	23.2818	4.02591	0	0	10.3583	4356.67	1477.58	2327.44	47.1955	32.9893	2.63121	2.52139	11.6651	0	0	0.143804
setup	0	2016-11-25 23:00:00	0	0.000751452	6.16279	4.51934e-05	0.00023475	0.00025183	4.83776e-05	0.00210106	0.00629334	0.00680915	3.94945e-07	0	0	0	0	0.251127	0	0.0134659	0.0136806	-1.84314e-14	0.692471	0.633671	0.0309887	0.000455262	192.927	40552.3	19194	28741.5	375.765	887.06	69.3463	22.8705	4.08621	0	0	10.3449	4356.8	1477.65	2327.63	47.2636	32.8503	2.60241	2.48729	11.7959	0	0	0.145283
setup	0	2016-11-26 23:00:00	0	0.00103225	6.06199	4.29927e-05	0.00022086	0.000285981	4.56146e-05	0.00176908	0.00546546	0.00828321	2.15954e-07	0	0	0	0	0.250805	0	0.0134483	0.0137252	-1.84314e-14	0.67447	0.643933	0.0369588	0.000466534	192.682	40549.9	19191.8	28740.1	374.43	883.349	68.6774	22.3976	4.1438	0	0	10.3314	4356.92	1477.73	2327.89	47.3485	32.7122	2.57859	2.45378	11.9014	0	0	0.150172
setup	0	2016-11-27 23:00:00	0	0.00172845	6.14771	3.81431e-05	0.000193367	0.000317459	0.000249974	0.00228128	0.00743359	0.00772314	3.35954e-07	0	0	0	0	0.250486	0	0.0134309	0.0136381	-1.84314e-14	0.695368	0.6477	0.0330493	0.000481186	192.44	40547.3	19189.4	28738.4	373.009	879.649	67.9263	22.0556	4.18872	0	0	10.318	4357.05	1477.81	2328.11	47.4112	32.5743	2.55174	2.4258	12.0305	0	0	0.148606
setup	0	2016-11-28 23:00:00	0	0.00502339	6.17519	3.34287e-05	0.000167241	0.000349941	0.000281919	0.00172323	0.00556807	0.00963646	1.58011e-07	0	0	0	0	0.250172	0	0.0134134	0.0138093	-1.84314e-14	0.693606	0.679712	0.0445413	0.000511296	192.202	40544.7	19187	28737.3	371.564	875.96	67.2291	21.6343	4.21805	0	0	10.3046	4357.18	1477.89	2328.45	47.4884	32.4368	2.52685	2.39655	12.1408	0	0	0.154724
setup	0	2016-11-29 23:00:00	0	0.0143309	6.14443	2.9749e-05	0.000146851	0.000384094	0.000254665	0.00208682	0.00713997	0.0101487	1.88906e-07	0	0	0	0	0.249862	0	0.013396	0.0136966	-1.84314e-14	0.703148	0.667567	0.0425362	0.000521997	191.967	40542.2	19184.6	28736	370.043	872.285	66.5679	21.2705	4.2575	0	0	10.2912	4357.3	1477.96	2328.75	47.5383	32.2999	2.50326	2.36408	12.2788	0	0	0.156623
setup	0	2016-11-30 23:00:00	0	0.0305533	6.05393	2.75268e-05	0.000134447	0.000421719	0.00033156	0.00187033	0.00631841	0.0104942	1.42585e-07	0	0	0	0	0.249558	0	0.0133785	0.0137206	-1.84314e-14	0.669642	0.655155	0.0467012	0.000520866	191.734	40539.7	19182.3	28734.1	368.469	868.634	66.0153	21.1517	4.3958	0	0	10.2778	4357.42	1478.04	2328.92	47.6421	32.1639	2.48361	2.3609	12.402	0	0	0.16237
setup	0	2016-12-01 23:00:00	0	0.0548423	6.16326	2.56109e-05	0.000123324	0.000460408	0.000360631	0.00252895	0.00867065	0.00924824	2.80452e-07	0	0	0	0	0.249254	0	0.0133612	0.0136285	-1.84314e-14	0.658312	0.624598	0.0383726	0.000528655	191.504	40537.1	19179.9	28732.1	366.926	865	65.4058	21.1503	4.37789	0	0	10.2645	4357.55	1478.13	2329.11	47.7877	32.0286	2.46181	2.3755	12.5018	0	0	0.160231
setup	0	2016-12-02 23:00:00	0	0.0966683	6.15178	2.25482e-05	0.000107327	0.000496687	0.000299675	0.00246637	0.00840333	0.00793591	3.4475e-07	0	0	0	0	0.248955	0	0.0133438	0.013631	-1.84314e-14	0.689226	0.651018	0.0354614	0.000520633	191.273	40534.5	19177.5	28730	365.464	861.384	64.8282	21.0541	4.36958	0	0	10.2511	4357.67	1478.23	2329.28	47.8842	31.8939	2.44112	2.38486	12.6194	0	0	0.158244
setup	0	2016-12-03 23:00:00	0	0.150184	5.99622	1.92083e-05	8.92004e-05	0.000529878	0.000385428	0.00213231	0.00722857	0.00751757	2.94276e-07	0	0	0	0	0.248654	0	0.0133264	0.0136477	-1.84314e-14	0.690523	0.65586	0.0357429	0.000505633	191.032	40532	19175.3	28728	364.069	857.795	64.3677	20.8821	4.3829	0	0	10.2378	4357.79	1478.33	2329.45	47.9544	31.7604	2.42465	2.38192	12.7259	0	0	0.15846
setup	0	2016-12-04 23:00:00	0	0.215602	5.9855	1.8144e-05	8.35883e-05	0.000567279	0.000481458	0.00175223	0.00565697	0.0086232	1.53077e-07	0	0	0	0	0.248341	0	0.0133091	0.0147229	-1.84314e-14	0.72794	0.747201	0.0445534	0.000480668	190.782	40529.5	19172.9	28729.3	362.703	854.221	63.9576	20.6135	4.4017	0	0	10.2245	4357.93	1478.31	2330.17	47.9578	31.6274	2.41	2.36901	12.9167	0	0	0.15956
setup	0	2016-12-05 23:00:00	0	0.306978	5.92862	2.54639e-05	0.000117891	0.000629526	0.000461485	0.00149263	0.00526397	0.0111523	9.61373e-08	0	0	0	0	0.248017	0	0.0132918	0.0137413	-1.84314e-14	0.696986	0.676881	0.0521034	0.000525254	190.53	40527.1	19170.7	28727.7	361.303	850.665	63.5806	20.3473	4.42009	0	0	10.2112	4358.04	1478.39	2330.4	48.013	31.4952	2.39661	2.35128	13.0386	0	0	0.168988
setup	0	2016-12-06 23:00:00	0	0.43914	5.87604	2.5592e-05	0.000114624	0.000683436	0.000393518	0.00246641	0.00928919	0.00934257	2.51583e-07	0	0	0	0	0.247689	0	0.0132745	0.0136258	-1.84314e-14	0.684823	0.660359	0.0432289	0.000532882	190.267	40524.7	19168.5	28726	359.855	847.129	63.1935	20.2328	4.43921	0	0	10.1979	4358.17	1478.47	2330.59	48.0778	31.3637	2.38279	2.34446	13.15	0	0	0.165752
setup	0	2016-12-07 23:00:00	0	0.618545	5.9336	2.2948e-05	9.99064e-05	0.000731396	0.000356342	0.00265839	0.00994451	0.00803278	3.70152e-07	0	0	0	0	0.247347	0	0.0132573	0.0136267	-1.84314e-14	0.687347	0.664466	0.0402422	0.00053248	189.969	40522.2	19166.3	28723.9	358.416	843.605	62.7544	20.158	4.44413	0	0	10.1846	4358.29	1478.56	2330.75	48.1584	31.2327	2.36701	2.34701	13.2421	0	0	0.162497
setup	0	2016-12-08 23:00:00	0	0.835165	5.9428	1.97331e-05	8.29865e-05	0.000775092	0.000336927	0.00263936	0.0097896	0.00734645	4.28113e-07	0	0	0	0	0.24696	0	0.01324	0.0136284	-1.84314e-14	0.711548	0.685243	0.0388755	0.00053069	189.601	40519.8	19164	28721.8	357.003	840.096	62.3079	20.0694	4.45402	0	0	10.1714	4358.41	1478.67	2330.9	48.2031	31.1022	2.35092	2.35401	13.369	0	0	0.159525
setup	0	2016-12-09 23:00:00	0	1.08907	5.98792	1.59835e-05	6.31417e-05	0.000812023	0.000321439	0.0026774	0.00998844	0.00693505	5.16895e-07	0	0	0	0	0.246481	0	0.0132228	0.0136266	-1.84314e-14	0.706353	0.681633	0.0379625	0.000535719	189.154	40517.2	19161.8	28719.6	355.607	836.601	61.831	19.9764	4.45997	0	0	10.1582	4358.53	1478.78	2331.04	48.2789	30.9722	2.33369	2.35648	13.4725	0	0	0.156818
setup	0	2016-12-10 23:00:00	0	1.38219	5.99376	1.19612e-05	4.19913e-05	0.000841163	0.000270531	0.0026112	0.00977326	0.00661327	5.61404e-07	0	0	0	0	0.245901	0	0.0132056	0.0136281	-1.84314e-14	0.717338	0.692209	0.0374624	0.000538258	188.582	40514.7	19159.5	28717.3	354.226	833.119	61.3538	19.8711	4.47165	0	0	10.145	4358.65	1478.9	2331.2	48.3437	30.8427	2.31642	2.3596	13.5888	0	0	0.154936
setup	0	2016-12-11 23:00:00	0	1.67837	5.90675	8.26914e-06	2.15585e-05	0.000862697	0.00027751	0.00224397	0.00835521	0.00680358	4.39475e-07	0	0	0	0	0.245156	0	0.0131885	0.0136495	-1.84314e-14	0.700561	0.682543	0.0389486	0.000536279	187.849	40512.2	19157.3	28715.2	352.868	829.658	60.9397	19.7355	4.49173	0	0	10.1318	4358.77	1479.02	2331.35	48.4286	30.7141	2.30144	2.35853	13.6879	0	0	0.156988
setup	0	2016-12-12 23:00:00	0	1.96998	5.81151	6.20566e-06	4.97593e-06	0.000878565	0.000367439	0.00154026	0.00586734	0.00887288	2.20222e-07	0	0	0	0	0.244204	0	0.0131713	0.0137315	-1.84314e-14	0.69377	0.687503	0.0487275	0.00055374	186.925	40509.8	19155.2	28713.3	351.524	826.217	60.6097	19.5171	4.5123	0	0	10.1186	4358.89	1479.14	2331.54	48.5093	30.5863	2.2896	2.34973	13.7846	0	0	0.168962
setup	0	2016-12-13 23:00:00	0	2.25082	5.74511	7.14367e-06	0	0.000894851	0.000340067	0.00170943	0.0068646	0.00994118	2.2465e-07	0	0	0	0	0.243003	0	0.0131542	0.0136702	-1.84314e-14	0.704108	0.690183	0.0524402	0.000572985	185.846	40507.4	19153.1	28711.6	350.144	822.793	60.3094	19.3407	4.53064	0	0	10.1055	4359	1479.25	2331.75	48.553	30.4592	2.27886	2.33991	13.9126	0	0	0.177046
setup	0	2016-12-14 23:00:00	0	2.52532	5.68843	8.62545e-06	0	0.000912309	0.000319141	0.00220508	0.00911728	0.00917903	3.27594e-07	0	0	0	0	0.2416	0	0.0131371	0.0136334	-1.84314e-14	0.684797	0.685	0.0511667	0.000573201	184.623	40505.1	19151.1	28709.9	348.735	819.389	60.0109	19.2673	4.54064	0	0	10.0923	4359.12	1479.37	2331.95	48.6212	30.333	2.26817	2.34362	14.0122	0	0	0.177342
setup	0	2016-12-15 23:00:00	0	3.00658	5.81234	9.00218e-06	0	0.000929248	0.00030648	0.00259069	0.0107769	0.00830829	4.868e-07	0	0	0	0	0.240009	0	0.01312	0.0136257	0.167747	0.738673	0.716242	0.0491352	0.000588974	183.298	40502.7	19149	28707.9	347.305	815.994	59.6082	19.2726	4.52532	0	0	10.0792	4359.07	1479.38	2331.97	48.6134	30.2071	2.25363	2.35967	14.0104	0	0	0.173137
setup	0	2016-12-16 23:00:00	0	3.97304	5.89624	8.06335e-06	0	0.000944218	0.000437038	0.00272805	0.0112713	0.00757881	6.15254e-07	0	0	0	0	0.238288	0	0.00694458	0.0136266	0.539758	0.817126	0.765489	0.0460052	0.000600788	181.843	40500.1	19146.7	28705.7	345.875	812.609	59.1452	19.2992	4.50784	0	0	10.0661	4358.64	1479.17	2331.63	48.4734	30.0754	2.23684	2.37691	13.7714	0	0	0.168142
setup	0	2016-12-17 23:00:00	0	4.74896	5.8316	7.12478e-06	0	0.000955386	0.000510394	0.00271937	0.0112094	0.00675862	6.80374e-07	0	0	0	0	0.236396	0	0.00693555	0.0136256	0.551184	0.833883	0.794679	0.0415515	0.000587185	180.258	40497.6	19144.6	28703.6	344.463	809.243	58.7105	19.3428	4.501	0	0	10.053	4358.2	1478.95	2331.28	48.2815	29.9446	2.22097	2.39004	13.5881	0	0	0.164384
setup	0	2016-12-18 23:00:00	0	4.80621	5.60179	6.46586e-06	0	0.000965554	0.000649412	0.00286549	0.0117477	0.00507518	1.02557e-06	0	0	0	0	0.234335	0	0.00692653	0.0136257	0.510502	0.767391	0.765013	0.0351473	0.000539023	178.517	40495.3	19142.6	28703.1	342.996	805.899	58.4542	19.5121	4.45729	0	0	10.0446	4357.82	1478.77	2331.24	48.16	29.815	2.21147	2.41103	13.3754	0	0	0.153328
setup	0	2016-12-19 23:00:00	0	4.76181	5.32626	4.9703e-06	0	0.00097521	0.000796717	0.00243135	0.00922339	0.00347519	1.33112e-06	0	0	0	0	0.232072	0	0.00692072	0.0136256	0.465714	0.773995	0.742788	0.0274009	0.000497646	176.68	40493.3	19140.9	28701.5	341.426	802.578	58.3164	19.8838	4.46874	0	0	10.0382	4357.48	1478.6	2331.01	47.9541	29.6864	2.20614	2.45028	13.2654	0	0	0.145236
setup	0	2016-12-20 23:00:00	0	4.82101	5.16841	3.8874e-06	0	0.000984389	0.000835291	0.00208877	0.00738861	0.00283793	1.55709e-06	0	0	0	0	0.229684	0	0.00691635	0.0136256	0.483417	0.745623	0.711732	0.023267	0.00047784	174.9	40491.4	19139.3	28699.9	339.8	799.277	58.2124	20.4041	4.50884	0	0	10.0332	4357.13	1478.43	2330.73	47.7625	29.5589	2.20197	2.50899	13.1047	0	0	0.139472
setup	0	2016-12-21 23:00:00	0	5.31658	5.13601	3.20095e-06	0	0.000992429	0.000932486	0.00185544	0.00603632	0.00249083	1.63646e-06	0	0	0	0	0.306241	0	0.00691287	0.013633	0.68258	0.797515	0.733469	0.020444	0.000462275	173.77	40489.7	19137.8	28698.5	338.194	795.993	58.0971	20.9597	4.62295	0	0	10.0257	4356.57	1478.11	2330.28	47.4572	29.4322	2.19733	2.57288	12.8488	0	0	0.136809
setup	0	2016-12-22 23:00:00	0	5.82948	5.07607	1.78938e-06	0	0.000996925	0.00106028	0.00169068	0.00504351	0.00219389	1.65905e-06	0	0	0	0	0.383819	0	0.0069077	0.0136404	0.720155	0.791845	0.732703	0.0173567	0.000443135	172.85	40488	19136.4	28697.3	336.623	792.73	58.0034	21.556	4.76797	0	0	10.0127	4355.97	1477.77	2329.83	47.1388	29.3065	2.19345	2.63814	12.5719	0	0	0.135575
setup	0	2016-12-23 23:00:00	0	5.88439	4.73719	1.20583e-06	0	0.000999015	0.00115165	0.00147759	0.00395676	0.00166864	1.82343e-06	0	0	0	0	0.408346	0	0.00689872	0.0136264	0.663947	0.75671	0.702926	0.0135834	0.000418735	171.993	40486.7	19135.4	28696.3	334.851	789.497	58.0354	22.5146	4.94366	0	0	9.99964	4355.44	1477.46	2329.4	46.7766	29.1822	2.19412	2.73172	12.3633	0	0	0.134819
setup	0	2016-12-24 23:00:00	0	5.94341	4.38069	8.24546e-07	0	0.0009998	0.00127242	0.00125883	0.00295338	0.00123599	1.9211e-06	0	0	0	0	0.528138	0	0.00688975	0.013626	0.669882	0.711443	0.654234	0.010508	0.000385409	171.566	40485.9	19134.7	28695.5	332.953	786.297	58.203	23.7694	5.23428	0	0	9.98664	4354.9	1477.15	2328.94	46.3902	29.0595	2.19971	2.85747	12.1354	0	0	0.132939
setup	0	2016-12-25 23:00:00	0	6.40604	4.13853	4.17011e-07	0	0.000998239	0.00144351	0.00109191	0.00219938	0.000909389	2.15312e-06	0	0	0	0	0.75756	0	0.0068808	0.0136263	0.734521	0.715147	0.63943	0.00791205	0.000371063	171.934	40485.5	19134.5	28695.2	330.874	783.125	58.4259	25.4188	5.69637	0	0	9.97366	4354.3	1476.78	2328.42	45.9022	28.938	2.20729	3.01916	11.9034	0	0	0.131947
setup	0	2016-12-26 23:00:00	0	6.56451	4.93604	2.70669e-07	0	0.000993268	0.00160042	0.00114905	0.00232596	0.00121035	1.80617e-06	0	0	0	0.302459	0.850494	0.00666444	0.00687185	0.0137958	0.720579	0.771466	0.702524	0.00855309	0.000355728	172.601	40484.4	19133.6	28695.4	329.739	780.27	58.4209	26.1802	5.673	0	0	9.96069	4353.71	1476.41	2328.14	45.5139	28.8238	2.20656	3.14169	11.6357	0	0	0.13108
setup	0	2016-12-27 23:00:00	0	6.91561	4.61132	1.30457e-07	0	0.000985071	0.00198663	0.00103809	0.00193879	0.000940312	1.81147e-06	0	0	0	0.350705	1.12501	0.00772749	0.00686292	0.0136556	0.765976	0.782007	0.683504	0.00628149	0.000334563	174.207	40483.9	19133.2	28695.5	328.372	777.487	58.5226	27.1977	6.07036	0	0	9.94774	4353.07	1476	2327.7	45.0139	28.7117	2.20969	3.2405	11.4501	0	0	0.130756
setup	0	2016-12-28 23:00:00	0	7.00481	4.11057	0	0	0.000971623	0.00217715	0.000894142	0.00143477	0.000620952	1.95562e-06	0	0	0	0.405604	1.17734	0.00893714	0.006854	0.0136291	0.70973	0.698237	0.614495	0.00415483	0.000312279	176.016	40483.9	19133.3	28695.6	326.567	774.792	58.8083	28.9248	6.48854	0	0	9.93481	4352.5	1475.63	2327.23	44.5144	28.6021	2.2195	3.40335	11.2541	0	0	0.129849
setup	0	2016-12-29 23:00:00	0	6.76751	3.72166	0	0	0.000954301	0.00225284	0.000763697	0.00102182	0.000421333	2.00025e-06	0	0	0	0.46789	1.15117	0.0103096	0.00684509	0.0136266	0.620822	0.508211	0.498605	0.00279029	0.000285805	177.768	40484.3	19133.8	28695.9	324.598	772.194	59.2464	31.005	6.85588	0	0	9.9229	4352.03	1475.32	2326.82	44.2676	28.4955	2.23484	3.60454	10.862	0	0	0.129498
setup	0	2016-12-30 23:00:00	0	6.56881	3.40998	0	0	0.000934777	0.00247542	0.000634398	0.000685819	0.000296224	1.96218e-06	0	0	0	0.53835	1.16301	0.011864	0.00683688	0.0136298	0.565966	0.671641	0.548938	0.00181835	0.000271708	179.57	40485	19134.6	28696.3	322.603	769.7	59.8007	33.2561	7.2215	0	0	9.9137	4351.59	1475.02	2326.42	43.5985	28.3918	2.25439	3.78871	10.9324	0	0	0.128489
setup	0	2016-12-31 23:00:00	0	6.2096	2.98769	0	0	0.000912899	0.00143428	0.000947282	0.000899534	0.000208912	4.10284e-06	0	0	0	0.617819	1.03954	0.0136233	0.00683054	0.0136301	0.472952	1.29325	1.10454	0.00170843	0.000343102	180.98	40486	19101.2	28675.6	320.745	767.32	60.4768	34.9912	7.18263	0	0	9.90608	4351.21	1474.6	2325.47	41.552	28.2914	2.2784	3.91372	6.48222	0	0	0.127831
setup	0	2017-01-01 23:00:00	0	5.39396	2.58863	0	0	0.000903869	0.00129858	0.000496018	0.00034261	0.000147358	2.91653e-06	0	0	0	0.707182	0.644012	0.0156065	0.00682529	0.0136264	0.295115	0.383162	0.338302	0.00183126	0.000253222	181.134	40487	19102.4	28676.2	318.935	765.064	61.3044	36.5562	7.13698	0	0	9.9006	4351.05	1474.5	2325.26	41.242	28.1945	2.30789	3.98871	6.51529	0	0	0.127401
setup	0	2017-01-02 23:00:00	0	4.88448	2.33536	0	0	0.000896821	0.00103086	0.000429102	0.000235971	0.000110001	3.04487e-06	0	0	0	0.807366	0.488624	0.0178378	0.00682151	0.0136256	0.216114	0.278205	0.297453	0.00147161	0.000238801	180.821	40488.1	19103.8	28676.8	317.166	762.936	62.231	38.0293	7.15544	0	0	9.89805	4350.99	1474.47	2325.11	41.0836	28.1011	2.34097	4.08137	6.465	0	0	0.126509
setup	0	2017-01-03 23:00:00	0	4.51952	2.13218	0	0	0.000891532	0.000866618	0.000371565	0.000153493	8.649e-05	3.13817e-06	0	0	0	0.919339	0.341299	0.0203441	0.00681975	0.0136256	0.154038	0.264102	0.259101	0.00121119	0.000225726	180.043	40489.2	19105.3	28677.3	315.47	760.943	63.2401	39.4574	7.12792	0	0	9.89638	4350.97	1474.48	2325	40.9108	28.0113	2.377	4.17663	6.47862	0	0	0.12535
setup	0	2017-01-04 23:00:00	0	4.20485	1.9887	0	0	0.000887881	0.000765864	0.000327062	0.000101537	7.12115e-05	3.14482e-06	0	0	0	1.0441	0.234055	0.023145	0.00681861	0.0136256	0.0990615	0.228384	0.228259	0.00104076	0.000208806	178.902	40490.3	19106.8	28677.9	313.865	759.096	64.3153	40.803	7.06812	0	0	9.89567	4351.01	1474.54	2324.92	40.7791	27.9253	2.4154	4.27318	6.49963	0	0	0.124443
setup	0	2017-01-05 23:00:00	0	4.13979	1.86819	0	0	0.000885813	0.000728017	0.000299424	7.90407e-05	6.07316e-05	3.29754e-06	0	0	0	1.18269	0.233875	0.0262663	0.00681811	0.0136256	0.103262	0.223419	0.208277	0.000931291	0.000200783	177.845	40491.6	19108.4	28678.5	312.32	757.403	65.4143	42.1107	7.08604	0	0	9.89599	4351.03	1474.58	2324.82	40.6356	27.8433	2.45462	4.37224	6.51996	0	0	0.123995
setup	0	2017-01-06 23:00:00	0	4.12284	1.77372	0	0	0.00088334	0.000591465	0.00028321	6.10306e-05	5.33504e-05	3.49757e-06	0	0	0	1.33614	0.231198	0.0297352	0.00681834	0.0136256	0.0734654	0.20085	0.195549	0.000827158	0.00019477	176.656	40492.9	19110	28679.2	310.833	755.879	66.5375	43.398	7.13388	0	0	9.89585	4351.09	1474.65	2324.75	40.5188	27.7655	2.49466	4.47257	6.54115	0	0	0.123908
setup	0	2017-01-07 23:00:00	0	4.05358	1.69159	0	0	0.000881525	0.0005235	0.000265862	4.54638e-05	4.7636e-05	3.70131e-06	0	0	0	1.5055	0.229652	0.0620791	0.0126082	0.0136256	0.0472179	0.187165	0.180625	0.000743601	0.000188673	175.336	40494.4	19111.8	28680	309.409	754.537	67.686	44.6643	7.1972	0	0	9.89344	4351.17	1474.75	2324.7	40.413	27.7266	2.53557	4.57237	6.57652	0	0	0.123777
setup	0	2017-01-08 23:00:00	0	4.00751	1.6347	0	0	0.000880449	0.000448709	0.000256413	4.24414e-05	4.32468e-05	4.06523e-06	0	0	0	1.69184	0.227937	0.071298	0.0128615	0.0136256	-9.82558e-15	0.161526	0.166779	0.000680009	0.000187692	173.854	40495.8	19113.6	28680.7	308.022	753.392	68.8365	45.9283	7.27806	0	0	9.88724	4351.3	1474.88	2324.69	40.3466	27.6976	2.57662	4.673	6.62007	0	0	0.123682
setup	0	2017-01-09 23:00:00	0	3.92452	1.58133	0	0	0.000880794	0.000244658	0.000239789	2.4527e-05	4.02636e-05	4.10748e-06	0	0	0	1.89617	0.226011	0.0799931	0.0128534	0.0136256	-9.82558e-15	0.162522	0.154178	0.000645144	0.000178691	172.288	40497.4	19115.4	28681.5	306.681	752.459	69.9952	47.1933	7.35697	0	0	9.87439	4351.43	1475.01	2324.67	40.2682	27.6777	2.61805	4.7753	6.67172	0	0	0.123242
setup	0	2017-01-10 23:00:00	0	3.84338	1.53533	0	0	0.00088104	0.000392918	0.000222871	5.71212e-06	3.84515e-05	3.92784e-06	0	0	0	2.11949	0.223974	0.0894143	0.0128367	0.0136256	-9.82558e-15	0.159049	0.148572	0.000612806	0.000165932	170.825	40498.9	19117.2	28682.4	305.407	751.759	71.1797	48.4388	7.40554	0	0	9.86155	4351.56	1475.13	2324.65	40.1866	27.6676	2.6605	4.87847	6.72359	0	0	0.12261
setup	0	2017-01-11 23:00:00	0	3.74275	1.48887	0	0	0.000880922	0.000571457	0.00020719	-1.55345e-06	3.69907e-05	3.6946e-06	0	0	0	2.36275	0.222073	0.0996765	0.01282	0.0136256	-9.82558e-15	0.152644	0.143337	0.000573941	0.000154156	169.43	40500.5	19119.1	28683.2	304.195	751.311	72.3828	49.6567	7.44166	0	0	9.84873	4351.69	1475.26	2324.63	40.1089	27.6681	2.70371	4.98157	6.77027	0	0	0.122095
setup	0	2017-01-12 23:00:00	0	3.71452	1.46287	0	0	0.000880324	0.000661527	0.000200555	6.64925e-06	3.54079e-05	3.87137e-06	0	0	0	2.62681	0.220259	0.110816	0.0128033	0.0136256	-9.82558e-15	0.14988	0.138991	0.000527	0.000152247	168.02	40502.1	19121	28684.1	303.027	751.133	73.5896	50.8518	7.4731	0	0	9.83593	4351.81	1475.39	2324.6	40.0294	27.6801	2.74713	5.08407	6.81801	0	0	0.122384
setup	0	2017-01-13 23:00:00	0	3.72609	1.44105	0	0	0.000879412	0.000484117	0.000198095	9.43115e-06	3.40691e-05	4.13572e-06	0	0	0	2.91245	0.218426	0.122867	0.0127867	0.0136256	-9.82558e-15	0.146014	0.135484	0.000481387	0.000152658	166.599	40503.8	19122.9	28685	301.887	751.244	74.7887	52.0423	7.50873	0	0	9.82314	4351.94	1475.52	2324.58	39.9524	27.7043	2.79036	5.18639	6.86358	0	0	0.122647
setup	0	2017-01-14 23:00:00	0	3.77231	1.42472	0	0	0.000878258	0.000374246	0.000200353	1.46716e-05	3.2905e-05	4.61743e-06	0	0	0	3.22035	0.216579	0.135856	0.0127701	0.0136256	-9.82558e-15	0.143142	0.132789	0.00043784	0.000157346	165.105	40505.4	19124.8	28685.8	300.765	751.664	75.973	53.2401	7.55048	0	0	9.81037	4352.07	1475.65	2324.55	39.8773	27.7414	2.83314	5.28902	6.90748	0	0	0.122913
setup	0	2017-01-15 23:00:00	0	3.78327	1.42314	0	0	0.000877085	0.000184723	0.000200886	7.7532e-06	3.32609e-05	4.77053e-06	0	0	0	3.55103	0.214637	0.149806	0.0127535	0.01363	-9.82558e-15	0.146012	0.133829	0.000436942	0.000157608	163.585	40507.1	19126.8	28686.8	299.656	752.412	77.1158	54.4905	7.57285	0	0	9.79762	4352.19	1475.77	2324.53	39.7972	27.7925	2.8745	5.39614	6.95346	0	0	0.122716
setup	0	2017-01-16 23:00:00	0	3.71307	1.39056	0	0	0.000875634	0.000328724	0.000192096	-9.40416e-06	3.25075e-05	4.69305e-06	0	0	0	3.90486	0.21266	0.164733	0.0127369	0.0136261	-9.82558e-15	0.141015	0.130251	0.000390149	0.000149839	162.058	40508.8	19128.7	28687.7	298.591	753.514	78.2867	55.7103	7.5882	0	0	9.78488	4352.32	1475.9	2324.5	39.7212	27.8584	2.91698	5.50187	6.99572	0	0	0.122185
setup	0	2017-01-17 23:00:00	0	3.6367	1.37128	0	0	0.000873919	0.000496705	0.000183357	-1.22863e-05	3.20315e-05	4.56695e-06	0	0	0	4.28202	0.210676	0.180644	0.0127203	0.0136269	-9.82558e-15	0.139632	0.127795	0.000351833	0.000143229	160.608	40510.5	19130.7	28688.6	297.564	754.992	79.4725	56.9104	7.58883	0	0	9.77216	4352.45	1476.03	2324.47	39.6433	27.9402	2.9601	5.60694	7.03936	0	0	0.122025
setup	0	2017-01-18 23:00:00	0	3.6429	1.36167	0	0	0.000871699	0.000513687	0.000183112	1.75075e-07	3.14354e-05	4.86595e-06	0	0	0	4.68249	0.208791	0.197539	0.0127038	0.0136256	-9.82558e-15	0.136904	0.125683	0.000313248	0.000145437	159.165	40512.2	19132.7	28689.5	296.558	756.865	80.6497	58.1041	7.59624	0	0	9.75946	4352.58	1476.16	2324.44	39.568	28.0387	3.00302	5.7117	7.0809	0	0	0.122535
setup	0	2017-01-19 23:00:00	0	3.68117	1.35547	0	0	0.000869173	0.000345413	0.000186885	4.72599e-06	3.0914e-05	5.41733e-06	0	0	0	5.10601	0.206914	0.215406	0.0126873	0.0136256	-9.82558e-15	0.134776	0.124079	0.000277342	0.000150669	157.611	40514	19134.7	28690.5	295.566	759.154	81.8171	59.3025	7.60716	0	0	9.74677	4352.7	1476.28	2324.4	39.495	28.1548	3.0457	5.81652	7.12084	0	0	0.122828
setup	0	2017-01-20 23:00:00	0	3.66924	1.34085	0	0	0.000866483	0.000202312	0.000185261	-5.52237e-06	3.06769e-05	5.61306e-06	0	0	0	5.55206	0.204895	0.234223	0.0126708	0.0136256	-9.82558e-15	0.135344	0.122962	0.000245641	0.000149367	155.998	40515.7	19136.7	28691.4	294.594	761.881	82.9846	60.5067	7.61571	0	0	9.7341	4352.83	1476.41	2324.37	39.4189	28.2893	3.0885	5.9216	7.16384	0	0	0.122661
setup	0	2017-01-21 23:00:00	0	3.62605	1.32751	0	0	0.000863581	0.000288263	0.000181295	-1.16948e-05	3.05881e-05	5.64917e-06	0	0	0	6.01983	0.202797	0.253957	0.0126543	0.0136258	-9.82558e-15	0.132216	0.121618	0.000216936	0.000145913	154.355	40517.5	19138.7	28692.4	293.645	765.066	84.1571	61.7131	7.61606	0	0	9.72144	4352.96	1476.54	2324.34	39.3469	28.4432	3.1316	6.02706	7.20257	0	0	0.122376
setup	0	2017-01-22 23:00:00	0	3.53917	1.37128	0	0	0.000860719	0.000365729	0.000178132	-1.87711e-05	3.33272e-05	5.21666e-06	0	0	0	6.50821	0.200662	0.27456	0.0126379	0.0136326	-9.82558e-15	0.140022	0.128671	0.000287637	0.000139865	152.88	40519.3	19140.7	28693.4	292.706	768.725	85.2486	63.024	7.54893	0	0	9.7088	4353.09	1476.67	2324.32	39.2673	28.6171	3.17189	6.14317	7.24103	0	0	0.121789
setup	0	2017-01-23 23:00:00	0	3.50592	1.34848	0	0	0.000857356	0.000552631	0.000175537	-1.0636e-05	3.23814e-05	5.41176e-06	0	0	0	7.01579	0.198744	0.295973	0.0126214	0.0136259	-9.82558e-15	0.137097	0.124696	0.000230902	0.00013997	151.415	40521	19142.7	28694.4	291.791	772.879	86.3808	64.2643	7.51917	0	0	9.69618	4353.22	1476.8	2324.29	39.189	28.8118	3.21381	6.25502	7.28085	0	0	0.122412
setup	0	2017-01-24 23:00:00	0	3.50038	1.33709	0	0	0.000853553	0.000489184	0.000176451	-7.59335e-06	3.1979e-05	5.80301e-06	0	0	0	7.54077	0.196839	0.31812	0.012605	0.0136256	-9.82558e-15	0.13441	0.122867	0.00019358	0.000142315	149.884	40522.8	19144.8	28695.4	290.894	777.54	87.5294	65.4878	7.49603	0	0	9.68358	4353.35	1476.93	2324.26	39.1136	29.028	3.25647	6.36548	7.31897	0	0	0.122487
setup	0	2017-01-25 23:00:00	0	3.52372	1.44308	0	0	0.000849932	0.000279693	0.00018983	3.51872e-06	3.65164e-05	6.04156e-06	0	0	0	8.08105	0.19485	0.340913	0.0125887	0.0136361	-9.82558e-15	0.14829	0.1363	0.000334183	0.00015075	148.247	40524.6	19146.7	28696.5	289.984	782.721	88.5122	66.8961	7.3821	0	0	9.67099	4353.48	1477.07	2324.26	39.0283	29.266	3.29324	6.49403	7.35566	0	0	0.122844
setup	0	2017-01-26 23:00:00	0	3.50509	1.38461	0	0	0.000846104	0.000228334	0.000188411	-7.47961e-06	3.47576e-05	6.46049e-06	0	0	0	8.63413	0.192721	0.364245	0.0125723	0.0136262	-9.82558e-15	0.142383	0.129927	0.000248857	0.000151067	146.538	40526.4	19148.8	28697.5	289.092	788.433	89.5738	68.1921	7.35868	0	0	9.65842	4353.61	1477.2	2324.23	38.9483	29.5265	3.33306	6.61402	7.3937	0	0	0.122751
setup	0	2017-01-27 23:00:00	0	3.46699	1.3627	0	0	0.000842091	0.00026145	0.000186199	-1.15591e-05	3.41713e-05	6.68773e-06	0	0	0	9.19715	0.190499	0.387997	0.0125559	0.0136269	-9.82558e-15	0.139337	0.127384	0.000202673	0.00015017	144.857	40528.2	19150.8	28698.5	288.22	794.684	90.6716	69.4656	7.34616	0	0	9.64586	4353.74	1477.33	2324.2	38.8711	29.8097	3.37436	6.73112	7.43113	0	0	0.122591
setup	0	2017-01-28 23:00:00	0	3.43076	1.35219	0	0	0.000837835	0.000289752	0.000185138	-1.21212e-05	3.39399e-05	6.91997e-06	0	0	0	9.76689	0.188314	0.412033	0.0125396	0.013627	-9.82558e-15	0.137657	0.125872	0.000169364	0.000150195	143.158	40530.1	19152.9	28699.6	287.362	801.48	91.7919	70.7364	7.33206	0	0	9.63332	4353.88	1477.47	2324.17	38.7954	30.1159	3.41667	6.84706	7.46819	0	0	0.12278
setup	0	2017-01-29 23:00:00	0	3.39397	1.41443	0	0	0.000833578	0.000283653	0.000190639	-9.80155e-06	3.67158e-05	7.0174e-06	0	0	0	10.3398	0.186105	0.436201	0.0125233	0.0136315	-9.82558e-15	0.145524	0.133482	0.000241648	0.000153045	141.428	40531.9	19155	28700.6	286.508	808.82	92.828	72.1178	7.25272	0	0	9.6208	4354.01	1477.6	2324.15	38.714	30.4451	3.45609	6.97355	7.50424	0	0	0.122784
setup	0	2017-01-30 23:00:00	0	3.36909	1.38471	0	0	0.000828923	0.00030345	0.000192497	-7.77524e-06	3.56372e-05	7.59151e-06	0	0	0	10.9118	0.183857	0.460334	0.012507	0.0136259	-9.82558e-15	0.141628	0.129501	0.000183651	0.000156764	139.565	40533.8	19157.1	28701.7	285.669	816.701	93.9227	73.4315	7.22399	0	0	9.60829	4354.15	1477.74	2324.12	38.6363	30.7971	3.49785	7.09471	7.54084	0	0	0.123093
setup	0	2017-01-31 23:00:00	0	3.27752	2.19914	0	0	0.000825199	0.000263887	0.000266428	5.19195e-05	8.87635e-05	6.22904e-06	0	0	0	11.4788	0.181434	0.484253	0.0124908	0.0137414	-9.82558e-15	0.255827	0.234207	0.00164139	0.000171197	137.934	40534.9	19158.5	28703	285	825.103	94.0096	75.4194	6.58966	0	0	9.5958	4354.29	1477.88	2324.28	38.482	31.171	3.50296	7.34337	7.56346	0	0	0.122395
setup	0	2017-02-01 23:00:00	0	3.20368	2.40859	0	0	0.00082223	0.000441352	0.000303364	0.000101236	0.000127828	5.96153e-06	0	0	0	12.0361	0.179314	0.507763	0.0124745	0.0136839	-9.82558e-15	0.281936	0.253843	0.00187481	0.000182145	136.506	40535.8	19159.6	28704.3	284.554	834.017	93.8763	76.8331	6.34481	0	0	9.58333	4354.42	1478.01	2324.46	38.351	31.5664	3.50021	7.57086	7.59263	0	0	0.122728
setup	0	2017-02-02 23:00:00	0	3.15086	2.1395	0	0	0.000819229	0.000453644	0.000284407	6.81978e-05	0.000105779	6.2591e-06	0	0	0	12.5788	0.177458	0.53066	0.0124583	0.0136367	-9.82558e-15	0.238044	0.218866	0.001342	0.00018383	135.234	40537.1	19161.1	28705.5	283.954	843.435	94.061	78.1537	6.326	0	0	9.57087	4354.56	1478.15	2324.56	38.2611	31.9831	3.50929	7.7377	7.63197	0	0	0.122825
setup	0	2017-02-03 23:00:00	0	3.10601	1.8622	0	0	0.000815961	0.000416826	0.000256334	3.11481e-05	7.81852e-05	6.68493e-06	0	0	0	13.1019	0.175804	0.552727	0.0124421	0.0136268	-9.82558e-15	0.199129	0.185149	0.000935375	0.000180156	133.951	40538.6	19162.8	28706.5	283.234	853.34	94.6159	79.4517	6.39121	0	0	9.55843	4354.71	1478.29	2324.59	38.1911	32.4203	3.53214	7.87058	7.67407	0	0	0.122861
setup	0	2017-02-04 23:00:00	0	3.03238	1.7199	0	0	0.000812362	0.000407187	0.00023444	5.63386e-06	6.56699e-05	6.72163e-06	0	0	0	13.6	0.174136	0.57374	0.012426	0.0136257	-9.82558e-15	0.180082	0.167814	0.000741451	0.000170975	132.636	40540.3	19164.7	28707.6	282.489	863.706	95.385	80.7567	6.44274	0	0	9.546	4354.85	1478.44	2324.6	38.1287	32.877	3.56304	7.99104	7.71488	0	0	0.122548
setup	0	2017-02-05 23:00:00	0	2.95324	1.63737	0	0	0.000808623	0.000511376	0.000219455	-4.6406e-06	5.86523e-05	6.69447e-06	0	0	0	14.0677	0.172426	0.593469	0.0124098	0.0136257	-9.82558e-15	0.168612	0.157312	0.000621015	0.000164147	131.426	40542.2	19166.8	28708.6	281.745	874.5	96.3	82.0535	6.47915	0	0	9.53359	4355	1478.58	2324.59	38.0703	33.3517	3.59952	8.10523	7.75413	0	0	0.122326
setup	0	2017-02-06 23:00:00	0	2.90322	1.63588	0	0	0.00080484	0.000468153	0.000216166	-1.43352e-06	5.73638e-05	6.75789e-06	0	0	0	14.4993	0.170854	0.611677	0.0123937	0.0136284	-9.82558e-15	0.167241	0.155924	0.000598755	0.000163551	130.242	40544.1	19168.9	28709.7	281.01	885.683	97.2415	83.3964	6.48001	0	0	9.5212	4355.15	1478.73	2324.59	38.012	33.8429	3.6372	8.22136	7.79189	0	0	0.122479
setup	0	2017-02-07 23:00:00	0	2.85265	1.57707	0	0	0.000800784	0.000459967	0.000210832	-7.10096e-06	5.30842e-05	7.06818e-06	0	0	0	14.8893	0.169315	0.62813	0.0123776	0.0136256	-9.82558e-15	0.160226	0.148962	0.000503718	0.000162722	129.01	40546	19171.1	28710.9	280.278	897.213	98.2963	84.7007	6.50316	0	0	9.50882	4355.3	1478.88	2324.57	37.9554	34.3486	3.67926	8.33296	7.82995	0	0	0.122642
setup	0	2017-02-08 23:00:00	0	2.80015	1.54206	0	0	0.000796623	0.000409914	0.000207879	-9.07067e-06	5.05122e-05	7.4174e-06	0	0	0	15.2321	0.167712	0.642592	0.0123615	0.0136256	-9.82558e-15	0.155477	0.144484	0.000433445	0.000162992	127.729	40548.1	19173.4	28712	279.552	909.04	99.4284	86.0068	6.52205	0	0	9.49646	4355.45	1479.03	2324.54	37.9002	34.8669	3.7244	8.44291	7.86712	0	0	0.122776
setup	0	2017-02-09 23:00:00	0	2.72576	1.51659	0	0	0.000792435	0.000394011	0.000203979	-1.57832e-05	4.89446e-05	7.63524e-06	0	0	0	15.5222	0.166048	0.654832	0.0123454	0.0136256	-9.82558e-15	0.152604	0.141457	0.000378389	0.000161088	126.442	40550.3	19175.8	28713.2	278.836	921.11	100.629	87.3148	6.5311	0	0	9.48411	4355.61	1479.19	2324.5	37.8447	35.3955	3.7723	8.55227	7.90421	0	0	0.12267
setup	0	2017-02-10 23:00:00	0	2.6289	1.49544	0	0	0.00078823	0.000463587	0.000198458	-2.23969e-05	4.80114e-05	7.65266e-06	0	0	0	15.7544	0.164374	0.664626	0.0123293	0.0136256	-9.82558e-15	0.150084	0.139147	0.000332727	0.000157015	125.179	40552.5	19178.2	28714.4	278.136	933.365	101.894	88.62	6.5304	0	0	9.47178	4355.76	1479.35	2324.47	37.7895	35.9318	3.8228	8.66146	7.94038	0	0	0.12245
setup	0	2017-02-11 23:00:00	0	2.54024	1.48069	0	0	0.000784001	0.000441306	0.000195165	-2.0397e-05	4.73729e-05	7.67874e-06	0	0	0	15.9236	0.162733	0.671762	0.0123133	0.0136256	-9.82558e-15	0.148975	0.137766	0.000293206	0.000155198	123.981	40554.7	19180.7	28715.6	277.444	945.74	103.2	89.934	6.53381	0	0	9.45947	4355.92	1479.5	2324.42	37.7339	36.4732	3.87504	8.77112	7.9767	0	0	0.122505
setup	0	2017-02-12 23:00:00	0	2.43679	1.47028	0	0	0.000779723	0.000582961	0.000191686	-2.60225e-05	4.70157e-05	7.73645e-06	0	0	0	16.0249	0.161175	0.676039	0.0122973	0.0136256	-9.82558e-15	0.147343	0.136509	0.000258529	0.000152685	122.799	40557.1	19183.2	28716.8	276.768	958.167	104.562	91.2465	6.52281	0	0	9.44717	4356.08	1479.67	2324.38	37.6784	37.0167	3.92956	8.88116	8.01192	0	0	0.122335
setup	0	2017-02-13 23:00:00	0	2.35384	1.46899	0	0	0.000775419	0.000517648	0.000192862	-1.83742e-05	4.6731e-05	8.04047e-06	0	0	0	16.0542	0.159638	0.677275	0.0122813	0.0136256	-9.82558e-15	0.147027	0.135906	0.000227991	0.000155266	121.603	40559.4	19185.8	28718.1	276.099	970.574	105.954	92.5685	6.51323	0	0	9.43489	4356.24	1479.83	2324.33	37.6224	37.5594	3.98544	8.992	8.04744	0	0	0.122688
setup	0	2017-02-14 23:00:00	0	2.24859	1.45612	0	0	0.000771209	0.000374	0.00019093	-2.44697e-05	4.67117e-05	8.09483e-06	0	0	0	16.0076	0.158084	0.675306	0.0122654	0.0136256	-9.82558e-15	0.146708	0.135594	0.000201637	0.000153217	120.546	40561.9	19188.4	28719.4	275.436	982.884	107.373	93.9098	6.51385	0	0	9.42263	4356.41	1479.99	2324.28	37.5666	38.098	4.0425	9.10402	8.0826	0	0	0.122346
setup	0	2017-02-15 23:00:00	0	2.14883	1.52121	0	0	0.000767035	0.000469699	0.000195458	-2.1853e-05	4.99137e-05	8.13402e-06	0	0	0	15.8816	0.15671	0.669992	0.0122494	0.0136276	-9.82558e-15	0.154145	0.142535	0.000271709	0.000155404	119.51	40564.3	19191	28720.8	274.789	995.017	108.722	95.3395	6.46215	0	0	9.41038	4356.58	1480.16	2324.25	37.507	38.6291	4.09723	9.22511	8.11654	0	0	0.122492
setup	0	2017-02-16 23:00:00	0	2.02011	2.26442	0	0	0.000763319	0.000486383	0.000255148	2.67536e-05	0.000103402	7.06761e-06	0	0	0	15.6736	0.155363	0.661219	0.0122335	0.0136903	-9.82558e-15	0.246466	0.224177	0.00151153	0.000167456	118.561	40566	19193	28722.3	274.472	1006.88	109.157	97.0586	6.03126	0	0	9.39814	4356.74	1480.33	2324.36	37.4124	39.1488	4.11813	9.42629	8.14044	0	0	0.122093
setup	0	2017-02-17 23:00:00	0	1.89193	5.21809	0	0	0.000760666	0.000625084	0.000634708	0.000835368	0.000756854	5.49946e-06	0	0	0	15.3816	0.15413	0.6489	0.0122176	0.0140547	-9.82558e-15	0.566094	0.449681	0.00623963	0.000209099	117.772	40564.8	19192	28723.1	277.693	1018.37	107.405	94.7931	5.34282	0	0	9.38592	4356.9	1480.49	2324.85	37.4615	39.6522	4.05781	9.56121	8.16356	0	0	0.122397
setup	0	2017-02-18 23:00:00	0	1.80899	4.17122	0	0	0.000758172	0.000687786	0.000555215	0.000597304	0.000563197	5.61721e-06	0	0	0	15.0042	0.153103	0.63298	0.0122017	0.0136565	-9.82558e-15	0.39612	0.348549	0.00347371	0.000216759	117.111	40564.7	19192	28723.8	279.511	1029.42	106.278	93.7402	5.28154	0	0	9.37372	4357.07	1480.64	2325.13	37.6291	40.1371	4.02085	9.52933	8.21828	0	0	0.122698
setup	0	2017-02-19 23:00:00	0	1.71417	4.762	0	0	0.000755721	0.000549464	0.000623682	0.000766309	0.000739226	5.02963e-06	0	0	0	14.5409	0.152245	0.613433	0.0121858	0.013704	-9.82558e-15	0.433713	0.375697	0.00418781	0.000214297	116.486	40564.1	19191.5	28724.2	282.189	1039.95	104.935	91.5799	5.13284	0	0	9.36154	4357.24	1480.79	2325.46	37.9005	40.5999	3.97587	9.40655	8.26975	0	0	0.12241
setup	0	2017-02-20 23:00:00	0	1.63164	3.62351	0	0	0.000753134	0.000778439	0.000478698	0.000420196	0.00042541	5.14319e-06	0	0	0	13.9919	0.151432	0.590271	0.01217	0.0136285	-9.82558e-15	0.329907	0.301882	0.00306898	0.000208269	115.893	40564.6	19192.2	28724.8	283.2	1049.9	104.425	91.1858	5.21356	0	0	9.34937	4357.42	1480.95	2325.63	38.0678	41.0378	3.96206	9.35455	8.32714	0	0	0.122454
setup	0	2017-02-21 23:00:00	0	1.57603	3.04645	0	0	0.000750477	0.000681237	0.000402887	0.000257031	0.000285077	5.58744e-06	0	0	0	13.3582	0.150661	0.563538	0.0121542	0.0136256	-9.82558e-15	0.28284	0.262023	0.00253561	0.00020986	115.278	40565.8	19193.5	28725.6	283.45	1059.17	104.426	91.6237	5.32695	0	0	9.33721	4357.6	1481.11	2325.72	38.1637	41.4474	3.96736	9.35813	8.38334	0	0	0.122785
setup	0	2017-02-22 23:00:00	0	1.49153	2.88883	0	0	0.000747852	0.000457005	0.000373719	0.000193449	0.000246305	5.63092e-06	0	0	0	12.6418	0.149862	0.533315	0.0121384	0.013628	-9.82558e-15	0.27225	0.25334	0.00242872	0.000204017	114.62	40567.2	19195	28726.4	283.522	1067.69	104.604	92.3138	5.38872	0	0	9.32507	4357.78	1481.27	2325.79	38.2324	41.8253	3.97935	9.39022	8.43371	0	0	0.122341
setup	0	2017-02-23 23:00:00	0	1.39082	3.43028	0	0	0.00074536	0.000604449	0.000430591	0.000308261	0.000351369	5.36039e-06	0	0	0	11.8454	0.149006	0.499719	0.0121226	0.0136543	-9.82558e-15	0.325709	0.293665	0.00323671	0.000209745	113.963	40568	19196	28727.2	284.206	1075.38	104.39	92.4394	5.29738	0	0	9.31295	4357.96	1481.44	2325.94	38.3277	42.1678	3.97661	9.41371	8.48034	0	0	0.122357
setup	0	2017-02-24 23:00:00	0	1.30261	3.49495	0	0	0.000742885	0.000598053	0.000457766	0.000351679	0.000374732	5.58685e-06	0	0	0	10.9727	0.148152	0.4629	0.0121068	0.0136408	-9.82558e-15	0.329993	0.298847	0.00331655	0.000222252	113.304	40568.8	19197	28728	284.921	1082.15	104.151	92.4504	5.27454	0	0	9.30085	4358.14	1481.6	2326.09	38.4346	42.4718	3.97297	9.42426	8.53039	0	0	0.122973
setup	0	2017-02-25 23:00:00	0	1.1988	3.0854	0	0	0.0007404	0.000455327	0.000418695	0.000256355	0.000291202	5.96654e-06	0	0	0	10.0279	0.147295	0.423046	0.0120911	0.0136269	-9.82558e-15	0.294992	0.271682	0.00281364	0.00022221	112.618	40570	19198.4	28728.7	285.145	1087.96	104.288	92.9125	5.34764	0	0	9.28875	4358.32	1481.77	2326.17	38.5081	42.7348	3.98339	9.45047	8.58604	0	0	0.122778
setup	0	2017-02-26 23:00:00	0	1.07474	2.84304	0	0	0.000737955	0.00050143	0.000388362	0.000191913	0.000240332	6.23878e-06	0	0	0	9.01647	0.146403	0.380375	0.0120754	0.0136261	-9.82558e-15	0.27449	0.254991	0.00255821	0.000220512	111.927	40571.6	19200.1	28729.5	285.122	1092.73	104.684	93.6275	5.41925	0	0	9.27668	4358.51	1481.95	2326.22	38.5574	42.9542	4.00356	9.49406	8.64021	0	0	0.122691
setup	0	2017-02-27 23:00:00	0	0.939288	2.69582	0	0	0.000735547	0.000463524	0.000367975	0.000152475	0.000208827	6.40923e-06	0	0	0	7.94415	0.145505	0.335138	0.0120597	0.0136257	-9.82558e-15	0.26284	0.245046	0.00239908	0.000218442	111.255	40573.2	19201.9	28730.4	284.957	1096.41	105.235	94.5052	5.48235	0	0	9.26462	4358.7	1482.12	2326.24	38.5891	43.1276	4.02953	9.55198	8.69278	0	0	0.12272
setup	0	2017-02-28 23:00:00	0	0.79492	2.67538	0	0	0.000733183	0.000508238	0.000361306	0.000138786	0.000201576	6.43987e-06	0	0	0	6.81763	0.144631	0.287613	0.012044	0.013627	-9.82558e-15	0.262961	0.24479	0.00240733	0.000216626	110.616	40574.9	19203.8	28731.2	284.781	1098.96	105.815	95.4356	5.51287	0	0	9.25258	4358.88	1482.3	2326.27	38.6121	43.2529	4.05651	9.62077	8.74275	0	0	0.122538
setup	0	2017-03-01 23:00:00	0	0.648431	2.85008	0	0	0.000730866	0.000586095	0.000378394	0.000167559	0.000229076	6.37995e-06	0	0	0	5.64413	0.143801	0.238107	0.0120283	0.0136315	-9.82558e-15	0.280994	0.259266	0.00269577	0.000219372	110.03	40576.5	19205.6	28732.1	284.776	1100.31	106.24	96.2466	5.48383	0	0	9.24055	4359.07	1482.48	2326.32	38.6384	43.3281	4.07759	9.69478	8.78987	0	0	0.122471
setup	0	2017-03-02 23:00:00	0	0.515206	2.69515	0	0	0.00072853	0.000561805	0.00037628	0.000153653	0.000201933	7.07873e-06	0	0	0	4.43143	0.143039	0.186947	0.0120127	0.0136256	-9.82558e-15	0.266089	0.247924	0.00245827	0.000231734	109.515	40578.2	19207.5	28733	284.61	1100.45	106.815	97.1505	5.52882	0	0	9.22853	4359.25	1482.67	2326.34	38.6568	43.3518	4.10424	9.76827	8.84045	0	0	0.1233
setup	0	2017-03-03 23:00:00	0	0.388523	3.30033	0	0	0.000726275	0.000371931	0.000444849	0.000264002	0.000305935	6.98805e-06	0	0	0	3.18775	0.142369	0.13448	0.0119971	0.0136482	-9.82558e-15	0.324787	0.293701	0.0033352	0.000242931	109.062	40579.3	19208.8	28733.8	285.012	1099.34	106.813	97.6334	5.40896	0	0	9.21654	4359.44	1482.85	2326.46	38.7019	43.3226	4.1089	9.84117	8.88584	0	0	0.122955
setup	0	2017-03-04 23:00:00	0	0.274416	3.13345	0	0	0.000724013	0.000373322	0.000445028	0.000246021	0.000282504	7.46172e-06	0	0	0	1.92168	0.141781	0.0810692	0.0119815	0.0136286	-9.82558e-15	0.306343	0.281847	0.0030438	0.000251302	108.685	40580.5	19210.2	28734.5	285.227	1096.96	106.953	98.1824	5.42225	0	0	9.20456	4359.62	1483.02	2326.53	38.7507	43.2399	4.11882	9.90034	8.93687	0	0	0.123254
setup	0	2017-03-05 23:00:00	0	0.180835	2.92606	0	0	0.000721764	0.000375538	0.000428636	0.000200628	0.000241931	8.0569e-06	0	0	0	0.642069	0.14129	0.0270868	0.0119659	0.0136256	-9.82558e-15	0.287563	0.266925	0.00273434	0.000256389	108.376	40582	19211.9	28735.2	285.221	1093.31	107.279	98.9273	5.47021	0	0	9.19259	4359.81	1483.2	2326.57	38.7861	43.1036	4.13566	9.9624	8.99133	0	0	0.123409
setup	0	2017-03-06 23:00:00	0	0.108802	2.81476	0	0	0.00071954	0.00037817	0.000415303	0.000166232	0.000218439	8.3936e-06	0	0	0	0	0.140888	0	0.0119504	0.0136256	-9.82558e-15	0.276343	0.258341	0.00258996	0.000255977	108.124	40583.5	19213.7	28735.9	285.117	1089.04	107.702	99.779	5.50933	0	0	9.18064	4360	1483.38	2326.6	38.8148	42.9409	4.15606	10.031	9.04283	0	0	0.123252
setup	0	2017-03-07 23:00:00	0	0.0577688	2.74367	0	0	0.000717335	0.000380204	0.000406879	0.000147007	0.000202404	8.7185e-06	0	0	0	0	0.140562	0	0.0119348	0.0136256	-9.82558e-15	0.271729	0.253663	0.00249389	0.00025765	107.918	40585.1	19215.5	28736.7	284.952	1084.78	108.172	100.704	5.54462	0	0	9.1687	4360.18	1483.56	2326.61	38.8335	42.7788	4.17808	10.1058	9.09549	0	0	0.123285
setup	0	2017-03-08 23:00:00	0	0.0236771	2.68397	0	0	0.000715139	0.000382297	0.000393563	0.0001239	0.000190938	8.59864e-06	0	0	0	0	0.140293	0	0.0119193	0.0136256	-9.82558e-15	0.265777	0.249164	0.00241988	0.000249686	107.742	40586.8	19217.3	28737.4	284.755	1080.55	108.679	101.672	5.57548	0	0	9.15678	4360.37	1483.75	2326.63	38.8494	42.6175	4.20137	10.1858	9.14474	0	0	0.122943
setup	0	2017-03-09 23:00:00	0	0.00239801	2.63614	0	0	0.000712942	0.000382048	0.000380825	0.000110344	0.000183626	8.41806e-06	0	0	0	0	0.140065	0	0.0119038	0.0136256	-9.82558e-15	0.263386	0.246471	0.00238175	0.000243225	107.588	40588.5	19219.2	28738.2	284.551	1076.33	109.229	102.642	5.59708	0	0	9.14488	4360.55	1483.93	2326.63	38.858	42.457	4.22615	10.2687	9.19534	0	0	0.122745
setup	0	2017-03-10 23:00:00	0	0	2.60606	0	0	0.000710725	0.000422617	0.000374595	0.000106907	0.000177223	8.36148e-06	0	0	0	0	0.139864	0	0.0118883	0.0136256	-9.82558e-15	0.259084	0.243459	0.00233526	0.000241165	107.446	40590.2	19221.1	28739	284.33	1072.13	109.778	103.643	5.6189	0	0	9.13299	4360.74	1484.11	2326.64	38.8671	42.2971	4.25078	10.3549	9.2424	0	0	0.122802
setup	0	2017-03-11 23:00:00	0	0	2.57395	0	0	0.000708481	0.000580697	0.000364668	9.36692e-05	0.000173129	8.20576e-06	0	0	0	0	0.13968	0	0.0118729	0.0136256	-9.82558e-15	0.258107	0.241851	0.00230769	0.000235091	107.307	40591.9	19223	28739.8	284.118	1067.95	110.358	104.632	5.6288	0	0	9.12112	4360.92	1484.29	2326.64	38.8699	42.1381	4.27643	10.4426	9.29142	0	0	0.122598
setup	0	2017-03-12 23:00:00	0	0	2.81959	0	0	0.000706232	0.000580541	0.000381642	0.000131076	0.00020982	7.71692e-06	0	0	0	0	0.139499	0	0.0118575	0.0136313	-9.82558e-15	0.28185	0.260763	0.00268854	0.000232466	107.167	40593.3	19224.7	28740.5	284.135	1063.79	110.669	105.471	5.56562	0	0	9.10926	4361.1	1484.47	2326.69	38.8818	41.9795	4.29169	10.5339	9.33702	0	0	0.122525
setup	0	2017-03-13 23:00:00	0	0	2.70293	0	0	0.000703924	0.000724777	0.00038266	0.000129971	0.000194028	8.25655e-06	0	0	0	0	0.139318	0	0.011842	0.0136256	-9.82558e-15	0.268005	0.250968	0.00249808	0.000242835	107.028	40594.9	19226.5	28741.3	284.055	1059.64	111.084	106.321	5.57928	0	0	9.09742	4361.28	1484.65	2326.71	38.8962	41.8216	4.31083	10.6167	9.38448	0	0	0.123135
setup	0	2017-03-14 23:00:00	0	0	2.65176	0	0	0.000701591	0.000390865	0.000379598	0.000115695	0.000184224	8.58331e-06	0	0	0	0	0.139136	0	0.0118266	0.0136257	-9.82558e-15	0.263802	0.247053	0.00238695	0.000244714	106.889	40596.4	19228.3	28742	283.921	1055.51	111.514	107.244	5.59357	0	0	9.08559	4361.46	1484.83	2326.73	38.9069	41.6643	4.33046	10.7007	9.43367	0	0	0.12295
setup	0	2017-03-15 23:00:00	0	0	2.82231	0	0	0.000699288	0.00039052	0.000394696	0.00013575	0.000207844	8.53283e-06	0	0	0	0	0.138956	0	0.0118113	0.0136295	-9.82558e-15	0.280154	0.259907	0.00262067	0.000246385	106.75	40597.8	19229.9	28742.7	283.937	1051.39	111.745	108.086	5.55495	0	0	9.07378	4361.64	1485.01	2326.77	38.9238	41.5076	4.34233	10.7877	9.48052	0	0	0.122788
setup	0	2017-03-16 23:00:00	0	0	2.87633	0	0	0.000696991	0.000435574	0.00040344	0.000147323	0.000218752	8.54584e-06	0	0	0	0	0.138775	0	0.0117959	0.0136285	-9.82558e-15	0.283216	0.263469	0.00269482	0.000247955	106.611	40599.1	19231.4	28743.4	284.019	1047.29	111.91	108.836	5.53438	0	0	9.06199	4361.82	1485.19	2326.82	38.9505	41.3514	4.35158	10.8693	9.52564	0	0	0.12278
setup	0	2017-03-17 23:00:00	0	0	2.78032	0	0	0.000694683	0.000460837	0.000393629	0.000131748	0.000205392	8.60532e-06	0	0	0	0	0.138594	0	0.0117806	0.0136263	-9.82558e-15	0.277044	0.257508	0.00254471	0.000246057	106.473	40600.6	19233	28744.1	284.027	1043.21	112.154	109.623	5.55056	0	0	9.05021	4362	1485.36	2326.86	38.9697	41.1959	4.36378	10.9465	9.57791	0	0	0.122706
setup	0	2017-03-18 23:00:00	0	0	2.90514	0	0	0.000692389	0.000505791	0.000392492	0.000138353	0.000228266	7.85724e-06	0	0	0	0	0.138414	0	0.0117653	0.0136294	-9.82558e-15	0.285648	0.265638	0.00274776	0.000231536	106.334	40601.8	19234.5	28744.7	284.2	1039.14	112.276	110.274	5.51899	0	0	9.03844	4362.18	1485.54	2326.92	39.0042	41.041	4.37117	11.0217	9.62261	0	0	0.121862
setup	0	2017-03-19 23:00:00	0	0	3.05376	0	0	0.00069007	0.000872757	0.00040909	0.000181847	0.000255764	7.67517e-06	0	0	0	0	0.138234	0	0.01175	0.0136306	-9.82558e-15	0.300674	0.276399	0.0029733	0.000237745	106.196	40602.9	19235.8	28745.4	284.53	1035.09	112.266	110.742	5.47494	0	0	9.02669	4362.35	1485.71	2326.99	39.0442	40.8866	4.37344	11.0874	9.67309	0	0	0.122563
setup	0	2017-03-20 23:00:00	0	0	3.41694	0	0	0.000687723	0.000631898	0.000458773	0.000267855	0.00032875	7.71101e-06	0	0	0	0	0.138055	0	0.0117347	0.0136384	-9.82558e-15	0.330362	0.300265	0.00347343	0.000249423	106.058	40603.6	19236.7	28745.9	285.255	1031.05	111.933	110.8	5.39064	0	0	9.01496	4362.53	1485.88	2327.12	39.1177	40.7325	4.36318	11.1333	9.72179	0	0	0.122803
setup	0	2017-03-21 23:00:00	0	0	3.09935	0	0	0.000685318	0.000514888	0.000432761	0.000210407	0.000276214	7.9247e-06	0	0	0	0	0.137875	0	0.0117194	0.0136261	-9.82558e-15	0.298514	0.277527	0.00301083	0.000246649	105.92	40604.6	19237.9	28746.4	285.635	1027.02	111.868	111.115	5.41936	0	0	9.00324	4362.7	1486.05	2327.19	39.1847	40.579	4.3632	11.1719	9.77516	0	0	0.122573
setup	0	2017-03-22 23:00:00	0	0	4.00162	0	0	0.000682984	0.000571215	0.000534781	0.000420811	0.000473966	7.38855e-06	0	0	0	0	0.137696	0	0.0117042	0.0136598	-9.82558e-15	0.373874	0.333838	0.00429187	0.000254926	105.782	40604.7	19238.2	28746.8	287.139	1023.01	111.106	110.267	5.26868	0	0	8.99153	4362.88	1486.22	2327.39	39.3324	40.4257	4.33627	11.1634	9.81919	0	0	0.122585
setup	0	2017-03-23 23:00:00	0	0	4.00986	0	0	0.000680608	0.000610942	0.000563483	0.000467774	0.00050001	7.63921e-06	0	0	0	0	0.137517	0	0.011689	0.0136369	-9.82558e-15	0.369382	0.333069	0.00423758	0.000268346	105.645	40604.8	19238.5	28747	288.604	1019	110.331	109.33	5.2223	0	0	8.97984	4363.05	1486.38	2327.57	39.5029	40.2727	4.3088	11.1193	9.87541	0	0	0.123097
setup	0	2017-03-24 23:00:00	0	0	3.58083	0	0	0.000678197	0.000439646	0.000520607	0.000359555	0.000399857	8.07416e-06	0	0	0	0	0.137338	0	0.0116738	0.0136265	-9.82558e-15	0.332007	0.306374	0.00368369	0.000269667	105.507	40605.3	19239.2	28747.3	289.47	1015.01	109.88	108.994	5.25826	0	0	8.96817	4363.22	1486.54	2327.68	39.6397	40.1202	4.29373	11.0916	9.93722	0	0	0.123096
setup	0	2017-03-25 23:00:00	0	0	3.34176	0	0	0.000675796	0.000434999	0.000489116	0.000287489	0.000339847	8.39215e-06	0	0	0	0	0.13716	0	0.0116586	0.0136261	-9.82558e-15	0.313221	0.291482	0.00342215	0.000269494	105.37	40606	19240.1	28747.6	290.032	1011.03	109.623	108.989	5.29849	0	0	8.95651	4363.4	1486.71	2327.76	39.7496	39.9684	4.28605	11.0836	9.99877	0	0	0.123027
setup	0	2017-03-26 23:00:00	0	0	3.91917	0	0	0.000673456	0.000410717	0.000555002	0.000419815	0.000468906	8.13401e-06	0	0	0	0	0.136981	0	0.0116435	0.0136438	-9.82558e-15	0.364989	0.329029	0.00426472	0.000276401	105.233	40606.1	19240.4	28747.8	291.294	1007.07	108.916	108.258	5.21928	0	0	8.94487	4363.57	1486.87	2327.94	39.9024	39.817	4.26093	11.0496	10.0577	0	0	0.123043
setup	0	2017-03-27 23:00:00	0	0	4.83493	0	0	0.000671163	0.000504537	0.000694732	0.000747803	0.000773662	7.36045e-06	0	0	0	0	0.136803	0	0.0116283	0.01367	-9.82558e-15	0.430489	0.378114	0.00559473	0.000277048	105.096	40605.3	19239.8	28747.8	293.925	1003.11	107.665	105.81	5.08589	0	0	8.93324	4363.74	1487.03	2328.22	40.1884	39.6655	4.21483	10.9087	10.1095	0	0	0.122767
setup	0	2017-03-28 23:00:00	0	0	4.46365	0	0	0.000668808	0.000699848	0.000661381	0.000679005	0.000696043	7.04717e-06	0	0	0	0	0.136625	0	0.0116132	0.0136339	-9.82558e-15	0.397678	0.35821	0.00511002	0.000271408	104.96	40604.9	19239.6	28747.7	295.978	999.167	106.666	103.904	5.07884	0	0	8.92163	4363.91	1487.18	2328.44	40.4548	39.5145	4.17834	10.7607	10.1768	0	0	0.122565
setup	0	2017-03-29 23:00:00	0	0	4.61861	0	0	0.000666431	0.000780725	0.00068909	0.000745471	0.000754672	6.86302e-06	0	0	0	0	0.136448	0	0.0115981	0.0136405	-9.82558e-15	0.406312	0.366712	0.00545847	0.00027574	104.823	40604.2	19239.1	28747.6	298.209	995.233	105.592	101.738	5.04516	0	0	8.91003	4364.08	1487.33	2328.68	40.7494	39.3638	4.13892	10.5913	10.2398	0	0	0.12279
setup	0	2017-03-30 23:00:00	0	0	5.80453	0	0	0.000664075	0.000706836	0.000895071	0.00126318	0.0012509	6.28641e-06	0	0	0	0	0.13627	0	0.011583	0.0136916	-9.82558e-15	0.496038	0.427128	0.00721928	0.00028402	104.687	40602.4	19237.5	28747.1	302.277	991.302	103.939	97.1874	4.90886	0	0	8.89844	4364.24	1487.48	2329.06	41.2145	39.213	4.07709	10.2564	10.3129	0	0	0.122943
setup	0	2017-03-31 23:00:00	0	0	5.11313	0	0	0.000661627	0.000692386	0.00082168	0.00105177	0.00101029	6.4881e-06	0	0	0	0	0.136093	0	0.011568	0.0136344	-9.82558e-15	0.435962	0.393368	0.00646756	0.00029002	104.551	40601.3	19236.5	28746.7	305.078	987.381	102.613	94.0807	4.92644	0	0	8.88688	4364.41	1487.62	2329.33	41.6158	39.0625	4.02782	9.9718	10.3893	0	0	0.12318
setup	0	2017-04-01 23:00:00	0	0	5.26443	0	0	0.00065919	0.000635078	0.00085525	0.00112622	0.00109239	6.45293e-06	0	0	0	0	0.135916	0	0.0115529	0.0136466	-9.82558e-15	0.457398	0.408322	0.00702194	0.000296343	104.415	40599.9	19235.4	28746.2	308.02	983.472	101.242	90.7384	4.89977	0	0	8.87532	4364.57	1487.76	2329.62	42.0159	38.9123	3.97678	9.6772	10.4745	0	0	0.123172
setup	0	2017-04-02 23:00:00	0	0	5.25559	0	0	0.000656739	0.000613096	0.000887155	0.00118799	0.00113406	6.53998e-06	0	0	0	0	0.13574	0	0.0115379	0.0136438	-9.82558e-15	0.448792	0.407171	0.0073382	0.000304851	104.279	40598.6	19234.3	28745.7	310.804	979.572	99.878	87.5078	4.88931	0	0	8.86379	4364.74	1487.9	2329.91	42.4312	38.7623	3.92593	9.3845	10.5443	0	0	0.123342
setup	0	2017-04-03 23:00:00	0	0	4.77145	0	0	0.000654261	0.000540357	0.000820988	0.00102374	0.000971091	6.50973e-06	0	0	0	0	0.135563	0	0.0115229	0.0136306	-9.82558e-15	0.427334	0.391605	0.00697123	0.00029946	104.144	40597.7	19233.6	28745.3	312.738	975.688	98.7998	85.2522	4.93351	0	0	8.85226	4364.9	1488.04	2330.13	42.7483	38.613	3.88606	9.15949	10.6307	0	0	0.12294
setup	0	2017-04-04 23:00:00	0	0	5.22875	0	0	0.000651826	0.000752312	0.000916797	0.00128051	0.00121926	6.20836e-06	0	0	0	0	0.135387	0	0.0115079	0.0136543	-9.82558e-15	0.459211	0.416564	0.00807784	0.000302665	104.008	40596.4	19232.5	28744.9	315.358	971.814	97.5281	82.0999	4.88832	0	0	8.84076	4365.07	1488.18	2330.43	43.1335	38.4639	3.83866	8.88819	10.7012	0	0	0.123063
setup	0	2017-04-05 23:00:00	0	0	7.13168	0	0	0.000649478	0.000822799	0.00136189	0.0024915	0.00247399	5.24713e-06	0	0	0	0	0.135211	0	0.011493	0.013802	-9.82558e-15	0.599067	0.513143	0.011615	0.000310386	103.873	40593.2	19229.4	28744.1	320.851	967.936	95.5537	74.9493	4.68399	0	0	8.82926	4365.22	1488.3	2330.98	43.8131	38.3143	3.76405	8.31233	10.7973	0	0	0.123473
setup	0	2017-04-06 23:00:00	0	0	6.57332	0	0	0.000647016	0.000784464	0.00128379	0.00225768	0.00215793	5.01984e-06	0	0	0	0	0.135035	0	0.011478	0.01367	-9.82558e-15	0.558094	0.493888	0.0109778	0.000312263	103.738	40590.5	19226.9	28743.1	325.326	964.062	93.7307	68.9763	4.67368	0	0	8.81778	4365.38	1488.41	2331.42	44.4638	38.1647	3.69525	7.74031	10.9092	0	0	0.123332
setup	0	2017-04-07 23:00:00	0	0	11.9108	0	0	0.000645482	0.00093286	0.00160344	0.00319103	0.0159108	9.19528e-07	0	0	0	0	0.13486	0	0.0114631	0.0199567	-9.82558e-15	0.916815	0.791933	0.0405893	0.000347393	103.603	40582.4	19218.9	28741.7	336.07	960.133	90.4001	53.0865	4.23752	0	0	8.80632	4365.52	1488.43	2332.68	45.9828	38.0116	3.56826	6.27701	11.0746	0	0	0.135334
setup	0	2017-04-08 23:00:00	0	6.19027e-07	9.43559	3.40976e-06	0	0.000643	0.000923273	0.0014297	0.00310407	0.00854928	5.70556e-07	0	0	0	0	0.134684	0	0.0114482	0.0136478	-9.82558e-15	0.786397	0.671836	0.0281523	0.000380512	103.469	40576.8	19213.5	28738.3	342.572	956.209	87.339	43.1168	4.25092	0	0	8.79487	4365.66	1488.41	2333.15	47.0761	37.8585	3.45168	5.17639	11.2878	0	0	0.143882
setup	0	2017-04-09 23:00:00	0	1.23068e-06	7.99299	4.63895e-06	0	0.000640364	0.000714783	0.00172971	0.00381838	0.00810291	6.93553e-07	0	0	0	0	0.134509	0	0.0114333	0.0136295	-9.82558e-15	0.721446	0.633149	0.026571	0.000410647	103.334	40572.6	19209.5	28735.6	346.277	952.301	84.4052	37.1243	4.35362	0	0	8.78344	4365.81	1488.45	2333.52	47.8235	37.706	3.33994	4.50555	11.4154	0	0	0.146107
setup	0	2017-04-10 23:00:00	0	2.07631e-06	6.9348	4.93578e-06	0	0.000637796	0.00064171	0.00150457	0.00331673	0.00929052	4.7558e-07	0	0	0	0	0.134334	0	0.0114185	0.0136761	-9.82558e-15	0.697556	0.622357	0.028534	0.000415716	103.2	40569.5	19206.6	28733.6	348.278	948.416	81.8947	33.4359	4.465	0	0	8.77202	4365.95	1488.51	2333.82	48.2822	37.5545	3.2445	4.0857	11.5616	0	0	0.151545
setup	0	2017-04-11 23:00:00	0	4.06784e-06	6.48171	5.01037e-06	0	0.000635135	0.000647816	0.00196376	0.00449525	0.00815011	6.97906e-07	0	0	0	0	0.13416	0	0.0114036	0.0136259	-9.82558e-15	0.700337	0.625011	0.0266538	0.000428144	103.066	40566.8	19204.2	28731.8	349.203	944.547	79.5076	31.1456	4.56564	0	0	8.76062	4366.09	1488.59	2334.09	48.5668	37.4036	3.15374	3.83378	11.7096	0	0	0.149696
setup	0	2017-04-12 23:00:00	0	7.3526e-06	6.16799	4.32722e-06	0	0.000632482	0.000535383	0.00220776	0.00512701	0.00751487	9.03062e-07	0	0	0	0	0.133985	0	0.0113888	0.0136256	-9.82558e-15	0.666453	0.605968	0.0248877	0.000432893	102.932	40564.4	19202	28730.1	349.471	940.696	77.2885	29.6574	4.66449	0	0	8.74923	4366.24	1488.7	2334.34	48.8084	37.2534	3.06936	3.66842	11.8159	0	0	0.14616
setup	0	2017-04-13 23:00:00	0	1.33959e-05	5.93883	3.51097e-06	0	0.000629855	0.000529242	0.00229226	0.00541213	0.00705318	1.0835e-06	0	0	0	0	0.133811	0	0.011374	0.0136256	-9.82558e-15	0.665289	0.605375	0.0233863	0.000432825	102.798	40562.3	19200.1	28728.5	349.341	936.864	75.2469	28.6256	4.75909	0	0	8.73785	4366.39	1488.81	2334.56	48.976	37.104	2.99175	3.56128	11.9317	0	0	0.142815
setup	0	2017-04-14 23:00:00	0	2.27908e-05	5.67246	2.90361e-06	0	0.000627258	0.000578738	0.0022789	0.00543344	0.00657311	1.2063e-06	0	0	0	0	0.133637	0	0.0113592	0.0136256	-9.82558e-15	0.652251	0.597765	0.0220837	0.000420331	102.664	40560.3	19198.5	28727	348.963	933.055	73.4705	27.8624	4.84779	0	0	8.7265	4366.55	1488.94	2334.76	49.0939	36.9556	2.92431	3.48995	12.0538	0	0	0.139984
setup	0	2017-04-15 23:00:00	0	4.21661e-05	5.61329	2.53397e-06	0	0.000624679	0.000602195	0.00227629	0.00549765	0.00632514	1.38888e-06	0	0	0	0	0.133464	0	0.0113444	0.0136256	-9.82558e-15	0.653135	0.598799	0.0212167	0.000422215	102.531	40558.4	19196.9	28725.6	348.416	929.263	71.7636	27.2687	4.91639	0	0	8.71515	4366.69	1489.07	2334.96	49.1897	36.8079	2.85947	3.44027	12.1731	0	0	0.137545
setup	0	2017-04-16 23:00:00	0	6.46145e-05	5.50997	2.19107e-06	0	0.00062218	0.000462304	0.00191376	0.00460204	0.00659075	1.07282e-06	0	0	0	0	0.13329	0	0.0113297	0.0136486	-9.82558e-15	0.629334	0.581906	0.0217546	0.000415766	102.398	40556.7	19195.4	28724.2	347.745	925.49	70.2123	26.7561	4.96855	0	0	8.70382	4366.84	1489.21	2335.16	49.3039	36.6609	2.80059	3.39394	12.2642	0	0	0.138767
setup	0	2017-04-17 23:00:00	0	0.000114562	5.43593	2.35329e-06	0	0.000619719	0.000585899	0.0016921	0.0041395	0.00708409	7.93534e-07	0	0	0	0	0.133117	0	0.011315	0.0136565	-9.82558e-15	0.631032	0.587628	0.0230888	0.000420678	102.265	40554.9	19193.9	28722.9	346.966	921.734	68.8025	26.2992	4.98881	0	0	8.69251	4366.99	1489.35	2335.35	49.3896	36.5146	2.74715	3.35936	12.3655	0	0	0.142254
setup	0	2017-04-18 23:00:00	0	0.000143232	5.86906	1.94826e-06	0	0.000617442	0.000506538	0.00295441	0.00768285	0.0054351	1.73188e-06	0	0	0	0	0.132944	0	0.0113003	0.0139236	-9.82558e-15	0.746258	0.727559	0.0313918	0.000425845	102.132	40552.7	19191.9	28725.9	346.497	917.939	67.7805	25.0992	4.56763	0	0	8.68121	4367.13	1489.39	2336.37	49.4601	36.3658	2.70879	3.2263	12.558	0	0	0.132201
setup	0	2017-04-19 23:00:00	0	0.000249598	5.46518	1.96706e-06	0	0.000615097	0.0009159	0.00200465	0.00510466	0.00519782	1.13604e-06	0	0	0	0	0.132772	0	0.0112856	0.013778	-9.82558e-15	0.663562	0.631723	0.0290007	0.000462803	102	40551	19190.3	28724.8	345.669	914.154	66.9009	24.111	4.59786	0	0	8.66992	4367.27	1489.4	2336.6	49.5922	36.2172	2.67591	3.07565	12.7067	0	0	0.134441
setup	0	2017-04-20 23:00:00	0	0.000337751	5.36006	2.57e-06	0	0.000612774	0.000787377	0.00140945	0.0037801	0.00712651	3.31912e-07	0	0	0	0	0.1326	0	0.0112709	0.0138526	-9.82558e-15	0.676906	0.680098	0.0407983	0.000491139	101.868	40549.3	19188.8	28724.7	344.754	910.385	66.1713	23.1947	4.58954	0	0	8.65865	4367.41	1489.43	2336.97	49.6535	36.0693	2.64882	2.96328	12.8788	0	0	0.142661
setup	0	2017-04-21 23:00:00	0	0.000601251	5.2608	3.15352e-06	0	0.000610244	0.000798487	0.00248544	0.00682368	0.00695073	6.47165e-07	0	0	0	0	0.132428	0	0.0112562	0.0136341	-9.82558e-15	0.671536	0.638248	0.0337938	0.000515489	101.737	40547.6	19187.5	28723.8	343.563	906.629	65.4405	22.592	4.64855	0	0	8.64739	4367.55	1489.48	2337.21	49.6795	35.9217	2.62164	2.87655	13.0607	0	0	0.14168
setup	0	2017-04-22 23:00:00	0	0.000919741	5.06024	2.95147e-06	0	0.000607704	0.000698371	0.00243614	0.00664702	0.00570614	7.81545e-07	0	0	0	0	0.132258	0	0.0112416	0.0136372	-9.82558e-15	0.638407	0.619183	0.031136	0.000509116	101.606	40546.2	19186.3	28722.9	342.208	902.893	64.8324	22.2435	4.72505	0	0	8.63615	4367.7	1489.55	2337.42	49.704	35.775	2.59914	2.83063	13.2067	0	0	0.140463
setup	0	2017-04-23 23:00:00	0	0.00240899	4.99246	2.77786e-06	0	0.000605152	0.0007	0.00238013	0.00652741	0.00507542	8.98064e-07	0	0	0	0	0.132088	0	0.011227	0.0136339	-9.82558e-15	0.640361	0.619382	0.0295806	0.00051485	101.477	40544.8	19185.2	28721.9	340.751	899.173	64.2463	22.0625	4.79669	0	0	8.62492	4367.84	1489.63	2337.59	49.6979	35.6289	2.57742	2.81151	13.3568	0	0	0.138978
setup	0	2017-04-24 23:00:00	0	0.00839262	4.96487	2.40869e-06	0	0.00060258	0.000548558	0.00243013	0.00665764	0.00455198	1.13241e-06	0	0	0	0	0.13192	0	0.0112124	0.0136274	-9.82558e-15	0.647209	0.622139	0.0276773	0.000524274	101.348	40543.5	19184.1	28720.8	339.197	895.467	63.6468	22.0223	4.87775	0	0	8.61371	4367.98	1489.72	2337.75	49.666	35.4833	2.55511	2.81145	13.5148	0	0	0.136669
setup	0	2017-04-25 23:00:00	0	0.0194034	5.38812	2.40372e-06	0	0.000600329	0.000640418	0.0018841	0.00505962	0.00707311	6.80426e-07	0	0	0	0	0.131753	0	0.0111978	0.0141283	-9.82558e-15	0.686663	0.664275	0.0345233	0.000502307	101.219	40541.7	19182.6	28719.7	338.376	891.78	62.9332	21.0399	4.8305	0	0	8.60251	4368.12	1489.82	2337.97	49.7162	35.3386	2.52833	2.73621	13.6653	0	0	0.141483
setup	0	2017-04-26 23:00:00	0	0.0343615	5.27011	3.02558e-06	0	0.000597833	0.000826043	0.00195593	0.00542387	0.00716533	5.73946e-07	0	0	0	0	0.131585	0	0.0111833	0.0136535	-9.82558e-15	0.655897	0.634158	0.0337959	0.000515396	101.089	40540	19181.2	28718.5	337.255	888.11	62.2266	20.3594	4.87403	0	0	8.59133	4368.26	1489.91	2338.16	49.7844	35.1944	2.50179	2.65786	13.8022	0	0	0.144554
setup	0	2017-04-27 23:00:00	0	0.0596689	5.4718	2.75345e-06	0	0.00059559	0.000693843	0.00265538	0.00750414	0.00649344	7.58133e-07	0	0	0	0	0.131416	0	0.0111687	0.0141578	-9.82558e-15	0.727303	0.718403	0.0366932	0.000508424	100.958	40538.1	19179.5	28720.4	336.096	884.43	61.5804	19.6011	4.74387	0	0	8.58016	4368.4	1489.91	2338.92	49.7925	35.0494	2.47757	2.56702	14.0082	0	0	0.139799
setup	0	2017-04-28 23:00:00	0	0.0974823	5.22042	2.56869e-06	0	0.00059303	0.000693848	0.00261794	0.00761478	0.00524221	9.3763e-07	0	0	0	0	0.131245	0	0.0111542	0.0136308	-9.82558e-15	0.708537	0.6804	0.033311	0.000542504	100.824	40536.4	19178	28719.4	334.641	880.762	61.0253	19.1211	4.81756	0	0	8.56901	4368.53	1489.91	2339.13	49.7644	34.9048	2.45685	2.49715	14.2245	0	0	0.138046
setup	0	2017-04-29 23:00:00	0	0.149917	5.13001	2.72405e-06	0	0.000590772	0.000725741	0.00187804	0.00523061	0.00718582	5.82947e-07	0	0	0	0	0.131071	0	0.0111397	0.0140648	-9.82558e-15	0.685574	0.690499	0.0423389	0.000535945	100.68	40534.8	19176.6	28718.6	333.275	877.116	60.5541	18.5923	4.86849	0	0	8.55787	4368.67	1489.94	2339.36	49.7631	34.7612	2.43936	2.43922	14.4022	0	0	0.143618
setup	0	2017-04-30 23:00:00	0	0.206778	4.96472	3.99278e-06	0	0.000588458	0.00101328	0.00133973	0.00393739	0.00950193	1.57709e-07	0	0	0	0	0.130884	0	0.0111252	0.0138962	-9.82558e-15	0.665137	0.681573	0.0500148	0.000552266	100.523	40533.4	19175.5	28717.8	331.84	873.494	60.2184	18.1391	4.91949	0	0	8.54674	4368.8	1489.98	2339.57	49.7476	34.6186	2.42715	2.38851	14.5783	0	0	0.153922
setup	0	2017-05-01 23:00:00	0	0.277729	4.90329	4.15164e-06	0	0.000586235	0.000983463	0.00319222	0.00970533	0.0061255	4.75574e-07	0	0	0	0	0.13068	0	0.0111108	0.0140872	-9.82558e-15	0.719818	0.732869	0.0386998	0.000488425	100.35	40532	19174.2	28720.5	330.361	869.882	59.974	17.788	4.92196	0	0	8.53563	4368.95	1489.86	2340.36	49.6136	34.4763	2.41837	2.33857	14.8835	0	0	0.142342
setup	0	2017-05-02 23:00:00	0	0.369401	4.88915	4.51092e-06	0	0.000583956	0.0011339	0.00182384	0.00553363	0.00697854	2.3037e-07	0	0	0	0	0.130455	0	0.0110963	0.0138129	-9.82558e-15	0.665588	0.660997	0.0452246	0.000528636	100.161	40530.6	19173	28720	328.837	866.284	59.7049	17.4601	4.96072	0	0	8.52454	4369.08	1489.82	2340.59	49.5784	34.3346	2.40865	2.29299	15.0725	0	0	0.148149
setup	0	2017-05-03 23:00:00	0	0.486872	4.97904	0.000341929	0.000744896	0.00245252	0.000543261	0.00273814	0.00615284	0.00409052	4.66061e-07	0	0	0	0	0.130209	0	0.0110819	0.0400606	-9.82558e-15	1.30883	1.23404	0.0131248	0.000448045	99.9348	40529.1	19169.2	28734	327.328	862.699	59.5346	17.0766	4.96746	0	0	8.51345	4369.24	1486.59	2340.25	48.21	34.1932	2.40253	2.15801	16.683	0	0	0.13148
setup	0	2017-05-04 23:00:00	0	0.612115	4.78612	0.00025328	0.000513901	0.00518407	0.000770834	0.00134257	0.00404547	0.00412389	1.99107e-07	0	0	0	0	0.129915	0	0.0110675	0.0137653	-9.82558e-15	0.605254	0.615904	0.0261371	0.000394146	99.6712	40527.8	19168.3	28732.7	325.771	859.132	59.3641	16.8318	5.0084	0	0	8.50239	4369.38	1486.74	2340.37	48.224	34.0526	2.39659	2.12854	16.8123	0	0	0.150012
setup	0	2017-05-05 23:00:00	0	0.782959	4.80641	0.00602139	0.0134468	0.036104	0.00818226	0.00177902	0.00561267	0.00403525	2.67667e-07	0	0	0	0	0.129573	0	0.0110531	0.0143573	-9.82558e-15	0.743297	0.730644	0.0235733	0.000408945	99.3612	40526.4	19166.6	28733.7	324.191	855.58	59.1728	16.6025	5.06161	0	0	8.49133	4369.46	1486.3	2340.59	47.9472	33.9126	2.38979	2.08356	17.1942	0	0	0.152142
setup	0	2017-05-06 23:00:00	0	0.988487	4.78923	7.14209e-05	0	0.00933718	6.60977e-06	0.00138108	0.00471864	0.00509914	1.88516e-07	0	0	0	0	0.12917	0	0.0110387	0.0136864	-9.82558e-15	0.610429	0.607462	0.032797	0.000431944	98.9806	40525.1	19165.6	28732.4	322.578	852.04	58.9311	16.4245	5.13637	0	0	8.48029	4369.59	1486.44	2340.71	47.9438	33.7731	2.38108	2.06573	17.3257	0	0	0.161978
setup	0	2017-05-07 23:00:00	0	1.22539	4.83044	8.37039e-05	0	0.00952215	0.000359304	0.00160617	0.00582618	0.00592508	2.28005e-07	0	0	0	0	0.128675	0	0.0110244	0.0136445	-9.82558e-15	0.6193	0.616752	0.0375852	0.000475049	98.5127	40523.7	19164.5	28731.2	320.931	848.512	58.6407	16.2735	5.21249	0	0	8.46927	4369.71	1486.57	2340.84	47.9331	33.6339	2.37047	2.05303	17.4583	0	0	0.166537
setup	0	2017-05-08 23:00:00	0	1.46617	4.76387	0.0130282	0.0302834	0.103989	0.0154816	0.00196811	0.00706471	0.0046841	3.24287e-07	0	0	0	0	0.128066	0	0.0110101	0.0142638	-9.82558e-15	0.715547	0.715039	0.0293502	0.000459649	97.9237	40522.3	19162.9	28732	319.291	845.002	58.4151	16.1405	5.28392	0	0	8.45826	4369.7	1486.25	2341.05	47.7004	33.4955	2.36229	2.02653	17.6931	0	0	0.17034
setup	0	2017-05-09 23:00:00	0	1.66919	4.70745	0.0168939	0.0396397	0.204514	0.0201022	0.00142965	0.00454577	0.00448651	2.10515e-07	0	0	0	0	0.127301	0	0.0109957	0.0161255	-9.82558e-15	0.805069	0.787312	0.0301955	0.000440962	97.2038	40521	19160.9	28733.9	317.699	841.516	58.3195	15.9542	5.27229	0	0	8.44726	4369.58	1485.45	2340.35	47.2388	33.3583	2.35916	1.98125	18.0356	0	0	0.176196
setup	0	2017-05-10 23:00:00	0	1.89452	4.57825	0.000103661	1.06559e-05	0.0114547	9.89756e-05	0.00107506	0.00415011	0.00669565	1.1801e-07	0	0	0	0	0.126365	0	0.0109814	0.013732	0.00263797	0.583849	0.60208	0.0455317	0.000467457	96.4026	40519.8	19160.1	28732.9	316.098	838.045	58.2013	15.7924	5.35051	0	0	8.43628	4369.7	1485.58	2340.48	47.2183	33.2216	2.35527	1.97042	18.1636	0	0	0.187245
setup	0	2017-05-11 23:00:00	0	2.51101	4.98156	0.0231716	0.0546585	0.420504	0.0277067	0.00214322	0.00738999	0.00400826	3.94732e-07	0	0	0	0	0.125323	0	0.0058126	0.017298	0.347321	0.929794	0.869869	0.0209181	0.000449183	95.5175	40518.1	19157.1	28736.2	314.425	834.579	57.8926	15.7426	5.25173	0	0	8.42556	4368.99	1484.33	2340.16	46.5315	33.0799	2.34368	1.92865	18.1525	0	0	0.175226
setup	0	2017-05-12 23:00:00	0	3.29585	4.7959	0.00715916	0.0165684	0.169924	0.00780515	0.00157326	0.00640915	0.00382805	3.53791e-07	0	0	0	0	0.124173	0	0.00580521	0.013647	0.387783	0.685777	0.653301	0.0297335	0.000448257	94.5171	40516.7	19156	28734.8	312.775	831.125	57.5855	15.708	5.26973	0	0	8.41461	4368.54	1484.22	2339.92	46.3373	32.9387	2.33223	1.92756	17.8975	0	0	0.187566
setup	0	2017-05-13 23:00:00	0	3.4929	4.66764	9.50013e-05	0	0.0108095	0.000716738	0.0016444	0.00702615	0.00391679	3.71344e-07	0	0	0	0	0.122872	0	0.00579767	0.0136265	0.392813	0.671307	0.653431	0.0316024	0.000453348	93.4193	40515.4	19155.1	28733.4	311.175	827.692	57.3914	15.6362	5.30391	0	0	8.40796	4368.28	1484.1	2339.67	46.1389	32.7986	2.32507	1.92124	17.829	0	0	0.179701
setup	0	2017-05-14 23:00:00	0	3.70153	4.65983	0.000101044	0	0.0107027	0.000873322	0.00167902	0.00709572	0.0037566	4.02417e-07	0	0	0	0	0.121445	0	0.00579308	0.0136272	0.441277	0.680892	0.654409	0.030054	0.000452672	92.3372	40514	19154.1	28732	309.602	824.276	57.1859	15.5971	5.31964	0	0	8.40177	4367.96	1483.95	2339.37	45.9164	32.6593	2.31734	1.91929	17.7338	0	0	0.171971
setup	0	2017-05-15 23:00:00	0	3.89942	4.63379	0.000103366	0	0.0105864	0.000915826	0.00171663	0.00718048	0.00348834	4.54152e-07	0	0	0	0	0.120038	0	0.00578882	0.0136259	0.448613	0.679546	0.65762	0.0278519	0.000446551	91.2405	40512.7	19153.2	28730.7	308.053	820.875	56.9874	15.5706	5.3349	0	0	8.39328	4367.64	1483.79	2339.1	45.6899	32.5208	2.30977	1.91829	17.6382	0	0	0.164354
setup	0	2017-05-16 23:00:00	0	4.12754	4.69427	0.000102349	0	0.0104649	0.000937138	0.00172682	0.00698663	0.00304716	6.37532e-07	0	0	0	0	0.118613	0	0.00578297	0.013627	0.500361	0.701769	0.665462	0.0247476	0.000444913	90.216	40511.3	19152.2	28729.3	306.484	817.485	56.7242	15.5934	5.34301	0	0	8.3854	4367.27	1483.59	2338.77	45.4347	32.3828	2.29957	1.92196	17.5187	0	0	0.157517
setup	0	2017-05-17 23:00:00	0	4.24626	4.60482	9.802e-05	0	0.0103326	0.000977145	0.00161529	0.00631951	0.00274103	6.52565e-07	0	0	0	0	0.117281	0	0.00577754	0.0136392	0.499028	0.691395	0.656434	0.0220774	0.000427167	89.2033	40510	19151.2	28728.1	304.958	814.112	56.5307	15.5878	5.36807	0	0	8.375	4366.9	1483.39	2338.46	45.1821	32.2456	2.292	1.92075	17.4035	0	0	0.152737
setup	0	2017-05-18 23:00:00	0	4.35199	4.57303	9.30369e-05	0	0.0101952	0.00109562	0.00154782	0.00591674	0.00243325	7.31114e-07	0	0	0	0	0.115964	0	0.00577037	0.0136275	0.527404	0.695715	0.655359	0.0198666	0.000415362	88.2982	40508.7	19150.3	28726.8	303.435	810.754	56.3354	15.6216	5.39781	0	0	8.36573	4366.5	1483.17	2338.11	44.9117	32.1091	2.28429	1.92375	17.2745	0	0	0.148196
setup	0	2017-05-19 23:00:00	0	4.31612	4.4296	8.80156e-05	0	0.0100494	0.00110612	0.0014483	0.0053334	0.00209918	7.91575e-07	0	0	0	0	0.114788	0	0.00576399	0.0136259	0.46315	0.663943	0.634288	0.0173215	0.000395187	87.3696	40507.5	19149.5	28725.6	301.92	807.417	56.2234	15.6973	5.44713	0	0	8.35498	4366.17	1482.99	2337.81	44.6679	31.9737	2.27978	1.93011	17.1812	0	0	0.144059
setup	0	2017-05-20 23:00:00	0	4.34247	4.41393	8.3266e-05	0	0.00990703	0.00123226	0.00135732	0.00474623	0.00190569	8.57312e-07	0	0	0	0	0.11358	0	0.00575658	0.0136378	0.522095	0.676358	0.628093	0.0157625	0.000385217	86.6197	40506.4	19148.7	28724.5	300.435	804.095	56.0956	15.7981	5.48442	0	0	8.347	4365.78	1482.77	2337.48	44.3947	31.8391	2.27459	1.9411	17.052	0	0	0.140894
setup	0	2017-05-21 23:00:00	0	4.56686	4.34769	7.80694e-05	0	0.00975129	0.00133629	0.00127954	0.00426187	0.0017097	8.94148e-07	0	0	0	0	0.13035	0	0.00575108	0.0136341	0.603618	0.688256	0.629761	0.0139207	0.000372459	86.0996	40505.3	19148	28723.4	298.966	800.79	55.9972	15.9204	5.54797	0	0	8.33615	4365.3	1482.49	2337.08	44.0798	31.7053	2.27052	1.95182	16.8832	0	0	0.138273
setup	0	2017-05-22 23:00:00	0	4.69323	4.33434	7.37119e-05	0	0.00957766	0.00140066	0.00121335	0.0038421	0.00156156	9.31204e-07	0	0	0	0	0.145283	0	0.00574361	0.0136459	0.577499	0.676829	0.629232	0.0122494	0.000362364	85.6502	40504.2	19147.3	28722.5	297.527	797.502	55.8915	16.0607	5.6064	0	0	8.32531	4364.85	1482.23	2336.73	43.7797	31.5722	2.26614	1.96404	16.7286	0	0	0.136801
setup	0	2017-05-23 23:00:00	0	4.46947	4.12724	7.04429e-05	0	0.00940069	0.00136521	0.00111883	0.00331184	0.00128926	1.00748e-06	0	0	0	0	0.111345	0	0.00573614	0.0136272	0.483029	0.628749	0.594695	0.0103595	0.000342809	85.1091	40503.2	19146.8	28721.5	296.026	794.235	55.8967	16.3378	5.65361	0	0	8.31449	4364.5	1482.04	2336.42	43.5151	31.4403	2.26605	1.98832	16.6208	0	0	0.135002
setup	0	2017-05-24 23:00:00	0	4.60039	4.06217	6.7608e-05	0	0.00923193	0.00149627	0.00104248	0.00284451	0.00112324	1.11658e-06	0	0	0	0	0.252071	0	0.00572868	0.0136304	0.544078	0.638239	0.57987	0.00924924	0.000334989	85.0537	40502.5	19146.4	28720.7	294.504	790.986	55.8948	16.7154	5.84507	0	0	8.30477	4364.09	1481.8	2336.07	43.2092	31.3091	2.26566	2.02514	16.4776	0	0	0.133135
setup	0	2017-05-25 23:00:00	0	4.89603	3.99925	6.40499e-05	0	0.00904794	0.00151744	0.000990674	0.00247953	0.00095878	1.27058e-06	0	0	0	0	0.349963	0	0.00572199	0.0136271	0.568471	0.637404	0.578902	0.00785063	0.000332971	85.3205	40501.9	19146.1	28720	292.887	787.753	55.9003	17.318	6.06684	0	0	8.29398	4363.65	1481.54	2335.68	42.8714	31.1787	2.26554	2.08454	16.321	0	0	0.132047
setup	0	2017-05-26 23:00:00	0	4.79043	3.81599	6.02764e-05	0	0.00885348	0.0014965	0.000909841	0.00205268	0.000777404	1.36315e-06	0	0	0	0	0.31618	0	0.00571455	0.013626	0.50106	0.595302	0.552451	0.0064438	0.000318581	85.4883	40501.5	19146	28719.3	291.229	784.542	56.0182	18.0974	6.1933	0	0	8.2832	4363.28	1481.34	2335.36	42.555	31.0493	2.26979	2.16286	16.1919	0	0	0.130945
setup	0	2017-05-27 23:00:00	0	4.82855	3.67136	5.71123e-05	0	0.00866405	0.00157026	0.00083297	0.00167092	0.000627251	1.51218e-06	0	0	0	0	0.40221	0	0.00570712	0.0136259	0.50611	0.580063	0.527338	0.00541105	0.000310899	85.9476	40501.3	19146.1	28718.9	289.509	781.352	56.1756	19.0512	6.40662	0	0	8.27358	4362.91	1481.13	2335.02	42.221	30.921	2.27557	2.25852	16.0561	0	0	0.129758
setup	0	2017-05-28 23:00:00	0	5.13907	4.13659	5.35469e-05	0	0.0084678	0.00161202	0.000861257	0.00171669	0.000740132	1.45756e-06	0	0	0	0	0.55377	0	0.0057005	0.0137167	0.551362	0.634231	0.567428	0.00578002	0.000316481	86.8822	40500.7	19145.8	28718.8	288.25	778.172	56.1038	19.6025	6.50073	0	0	8.26379	4362.49	1480.88	2334.75	41.897	30.7929	2.2724	2.33675	15.8894	0	0	0.129456
setup	0	2017-05-29 23:00:00	0	4.76533	3.93372	2.7469e-05	0	0.00825849	0.0015081	0.000813184	0.00150761	0.00063033	1.40811e-06	0	0	0	0	0.374692	0	0.00569375	0.0136466	0.416326	0.56565	0.530778	0.00476345	0.000297378	87.2449	40500.2	19145.6	28718.4	286.966	775.015	56.1734	20.2071	6.43625	0	0	8.25347	4362.2	1480.74	2334.56	41.6584	30.6658	2.27474	2.40188	15.7873	0	0	0.128649
setup	0	2017-05-30 23:00:00	0	4.9389	3.71727	2.03927e-05	0	0.00807078	0.00185285	0.000746178	0.00126077	0.000523724	1.51491e-06	0	0	0	0	0.615596	0	0.00568664	0.0136354	0.503781	0.569236	0.502359	0.00427921	0.000288595	88.3712	40500.1	19145.8	28718.2	285.583	771.878	56.3071	20.9543	6.71469	0	0	8.24522	4361.83	1480.52	2334.25	41.3571	30.5398	2.27956	2.47479	15.644	0	0	0.127905
setup	0	2017-05-31 23:00:00	0	5.06758	3.4717	1.41856e-05	0	0.00786228	0.00188756	0.000689963	0.00103956	0.000414847	1.58934e-06	0	0	0	0	0.648879	0	0.00568096	0.0136281	0.486437	0.534295	0.48215	0.00346973	0.000277012	89.6065	40500.3	19146.2	28718.1	284.062	768.767	56.5723	22.0102	6.96088	0	0	8.2358	4361.47	1480.33	2333.94	41.0429	30.4149	2.28951	2.57343	15.5037	0	0	0.127308
setup	0	2017-06-01 23:00:00	0	5.11355	3.23239	1.01229e-05	0	0.00765192	0.00195728	0.000627315	0.00082077	0.000317533	1.7592e-06	0	0	0	0.210516	0.707539	0.00406449	0.00567446	0.0136256	0.472471	0.501305	0.449684	0.00277413	0.000269715	91.0298	40500.7	19146.9	28718.3	282.415	765.891	56.9348	23.3244	7.26994	0	0	8.22689	4361.13	1480.14	2333.63	40.7149	30.2952	2.30324	2.69443	15.3656	0	0	0.126876
setup	0	2017-06-02 23:00:00	0	5.04152	3.05396	4.00298e-06	0	0.00743894	0.00182226	0.000577486	0.000648606	0.00024589	1.93749e-06	0	0	0	0.244096	0.675734	0.00471586	0.00566833	0.0136265	0.421101	0.465879	0.421294	0.00223613	0.000264984	92.3525	40501.3	19147.8	28718.5	280.686	763.071	57.3618	24.8675	7.5141	0	0	8.21806	4360.85	1480	2333.36	40.3965	30.1772	2.31947	2.83745	15.2463	0	0	0.126411
setup	0	2017-06-03 23:00:00	0	5.27007	2.8969	1.89006e-06	0	0.00723247	0.00201598	0.00052892	0.000506571	0.000195936	2.06165e-06	0	0	0	0.282306	0.878234	0.00545763	0.00566224	0.013628	0.477711	0.462615	0.398908	0.00187143	0.000256765	94.2943	40502.2	19148.9	28719	278.963	760.311	57.8642	26.5163	7.92986	0	0	8.20974	4360.5	1479.81	2333.03	40.0349	30.0609	2.33862	2.99246	15.0961	0	0	0.125761
setup	0	2017-06-04 23:00:00	0	4.80163	2.71944	0	0	0.00700908	0.00177842	0.000484908	0.00039269	0.000155046	2.11416e-06	0	0	0	0.325659	0.573804	0.00630088	0.00565651	0.0136274	0.324688	0.391825	0.365386	0.00146766	0.000242793	95.2791	40503.1	19150	28719.4	277.273	757.62	58.484	28.2525	7.96971	0	0	8.20095	4360.31	1479.74	2332.82	39.7583	29.9467	2.36232	3.1526	15.01	0	0	0.125351
setup	0	2017-06-05 23:00:00	0	4.50742	2.55562	0	0	0.00682148	0.00204532	0.000420221	0.00028419	0.000131975	1.94309e-06	0	0	0	0.3747	0.643253	0.00725435	0.00565046	0.0136306	0.332143	0.376955	0.330092	0.00134839	0.000217274	96.4837	40504.1	19151.3	28720	275.749	755.004	59.2102	29.8726	8.07591	0	0	8.19373	4360.11	1479.65	2332.6	39.4762	29.8347	2.39015	3.31004	14.9151	0	0	0.124
setup	0	2017-06-06 23:00:00	0	4.55048	2.39668	0	0	0.00663241	0.00205273	0.000389172	0.000238773	0.000106146	2.12131e-06	0	0	0	0.430012	0.652928	0.00833481	0.00564548	0.0136265	0.312998	0.350156	0.306841	0.00112152	0.000213851	97.7307	40505.3	19152.8	28720.6	274.223	752.463	59.9828	31.497	8.28508	0	0	8.18641	4359.93	1479.58	2332.39	39.209	29.7247	2.41976	3.46022	14.829	0	0	0.124292
setup	0	2017-06-07 23:00:00	0	4.27493	2.26294	0	0	0.00645053	0.00165549	0.000365351	0.000189365	8.73187e-05	2.36414e-06	0	0	0	0.492209	0.481485	0.00955085	0.00564043	0.0136262	0.227356	0.309469	0.281916	0.000948497	0.000211129	98.4311	40506.4	19154.2	28721.2	272.712	750.004	60.8071	33.1619	8.33823	0	0	8.17903	4359.83	1479.57	2332.23	38.9884	29.6168	2.45135	3.60824	14.7831	0	0	0.124112
setup	0	2017-06-08 23:00:00	0	3.98465	2.14344	0	0	0.00629533	0.00141647	0.000336955	0.000144125	7.37933e-05	2.50501e-06	0	0	0	0.561939	0.389608	0.0109155	0.00563535	0.0136269	0.178994	0.283959	0.257153	0.000858558	0.000203635	98.8414	40507.6	19155.7	28721.7	271.253	747.633	61.6853	34.7955	8.33474	0	0	8.17245	4359.78	1479.58	2332.1	38.7914	29.5111	2.48501	3.75378	14.7602	0	0	0.123595
setup	0	2017-06-09 23:00:00	0	3.88167	2.02996	0	0	0.00615771	0.00143751	0.00031255	0.000111216	6.467e-05	2.57741e-06	0	0	0	0.639874	0.393344	0.0124456	0.00563082	0.0136269	0.172414	0.270796	0.240352	0.000803663	0.000194648	99.2633	40508.8	19157.2	28722.4	269.862	745.356	62.6129	36.3747	8.37361	0	0	8.16629	4359.74	1479.6	2331.96	38.5984	29.4078	2.52056	3.89587	14.7385	0	0	0.122932
setup	0	2017-06-10 23:00:00	0	3.44225	1.9619	0	0	0.00602731	0.00123994	0.000294177	8.92913e-05	5.96191e-05	2.61172e-06	0	0	0	0.726712	0.14478	0.0141549	0.00562658	0.013628	0.0735587	0.235471	0.227266	0.000773625	0.000185827	98.9136	40509.9	19158.6	28722.8	268.551	743.183	63.5743	37.9057	8.15253	0	0	8.16026	4359.79	1479.68	2331.9	38.4593	29.307	2.55738	4.03503	14.7643	0	0	0.122605
setup	0	2017-06-11 23:00:00	0	3.28582	1.83446	0	0	0.00592817	0.00132606	0.000266945	6.50481e-05	5.3769e-05	2.6141e-06	0	0	0	0.823168	0.184328	0.0160572	0.00562242	0.0136257	0.0823929	0.226365	0.205807	0.000750044	0.000173895	98.7026	40511.1	19160.2	28723.4	267.323	741.122	64.5934	39.3086	8.07044	0	0	8.15487	4359.83	1479.75	2331.83	38.32	29.209	2.5964	4.1665	14.7822	0	0	0.121891
setup	0	2017-06-12 23:00:00	0	3.33389	2.46859	0	0	0.00582793	0.00124274	0.000322933	0.000171048	0.000109957	2.36451e-06	0	0	0	0.929971	0.19892	0.0181708	0.0056187	0.0137214	0.0844438	0.300607	0.274596	0.00167568	0.0001864	98.553	40511.7	19161.1	28724	266.434	739.17	65.0579	40.7698	7.57348	0	0	8.14936	4359.87	1479.82	2331.87	38.1652	29.1131	2.61377	4.35091	14.7819	0	0	0.122254
setup	0	2017-06-13 23:00:00	0	3.40457	2.10593	0	0	0.00573031	0.00118521	0.000303491	0.000120957	8.35634e-05	2.59808e-06	0	0	0	1.04785	0.237857	0.0205076	0.00561491	0.013628	0.0951738	0.262563	0.238371	0.00117312	0.00018492	98.517	40512.7	19162.4	28724.6	265.392	737.345	65.7339	41.995	7.61388	0	0	8.1438	4359.89	1479.88	2331.82	38.0317	29.0201	2.63931	4.48362	14.7932	0	0	0.122258
setup	0	2017-06-14 23:00:00	0	3.44555	2.32903	0	0	0.0056337	0.00110065	0.000323115	0.000153701	0.000105894	2.60214e-06	0	0	0	1.17755	0.245038	0.023083	0.00561108	0.0136543	0.0934784	0.283117	0.259768	0.00148463	0.000190251	98.5049	40513.5	19163.5	28725.2	264.498	735.657	66.2119	43.2618	7.46139	0	0	8.13847	4359.92	1479.94	2331.82	37.9028	28.93	2.65707	4.62511	14.8004	0	0	0.122378
setup	0	2017-06-15 23:00:00	0	3.53501	2.06862	0	0	0.0055408	0.0011496	0.000299699	0.000109317	8.4839e-05	2.67355e-06	0	0	0	1.31976	0.324212	0.0259144	0.00560741	0.0136275	0.119096	0.261116	0.234774	0.00118071	0.000182745	98.7381	40514.6	19164.8	28725.9	263.504	734.121	66.8662	44.4743	7.59643	0	0	8.13332	4359.92	1479.98	2331.75	37.7692	28.8433	2.68163	4.74384	14.8018	0	0	0.121958
setup	0	2017-06-16 23:00:00	0	3.3334	1.94289	0	0	0.00544836	0.00103581	0.000286604	9.29461e-05	7.17798e-05	2.95521e-06	0	0	0	1.4752	0.14651	0.0290168	0.00560386	0.0136256	0.0513437	0.225907	0.219071	0.00101042	0.000182819	98.4131	40515.7	19166.2	28726.4	262.475	732.753	67.6127	45.7368	7.55483	0	0	8.12826	4360	1480.07	2331.71	37.6714	28.7604	2.70971	4.85585	14.84	0	0	0.122435
setup	0	2017-06-17 23:00:00	0	3.17123	1.82938	0	0	0.00537229	0.000944371	0.000264351	6.45356e-05	6.34168e-05	3.05092e-06	0	0	0	1.64451	0.127937	0.0504613	0.00872122	0.0136259	0.0371971	0.209475	0.198629	0.000936969	0.000174481	98.0091	40516.8	19167.6	28726.9	261.463	731.564	68.4363	46.9817	7.51912	0	0	8.12223	4360.09	1480.18	2331.69	37.5825	28.7027	2.7407	4.96513	14.8812	0	0	0.122213
setup	0	2017-06-18 23:00:00	0	3.10988	1.74146	0	0	0.0053005	0.00103584	0.000247116	4.72208e-05	5.82219e-05	3.02314e-06	0	0	0	1.8283	0.127412	0.0680709	0.0105589	0.0136258	0.0394707	0.201062	0.188067	0.00089123	0.000165765	97.6176	40518	19169.1	28727.5	260.481	730.568	69.3081	48.2096	7.50075	0	0	8.11492	4360.17	1480.28	2331.65	37.4929	28.6649	2.77355	5.07294	14.9188	0	0	0.121769
setup	0	2017-06-19 23:00:00	0	3.10277	1.71379	0	0	0.0052301	0.0010809	0.000240836	4.69468e-05	5.60449e-05	3.14648e-06	0	0	0	2.02711	0.126903	0.0755518	0.0105494	0.0136281	0.0326957	0.195417	0.184192	0.000881745	0.000164598	97.2101	40519.3	19170.7	28728.1	259.53	729.778	70.18	49.4372	7.472	0	0	8.10779	4360.27	1480.38	2331.62	37.4063	28.6349	2.80645	5.18175	14.9584	0	0	0.122042
setup	0	2017-06-20 23:00:00	0	3.09478	1.65366	1.43527e-06	0	0.00516385	0.000964343	0.000235012	4.27597e-05	5.18978e-05	3.34131e-06	0	0	0	2.24141	0.126373	0.0836307	0.0105401	0.0136265	0.00611336	0.182493	0.176201	0.00081774	0.000164134	96.7666	40520.6	19172.3	28728.8	258.584	729.207	71.0694	50.6535	7.48529	0	0	8.10007	4360.39	1480.51	2331.61	37.3337	28.6133	2.84006	5.28852	15.0122	0	0	0.121826
setup	0	2017-06-21 23:00:00	0	3.04893	1.62395	1.3777e-06	0	0.00510365	0.000876539	0.000227535	3.32816e-05	4.9817e-05	3.48401e-06	0	0	0	2.47157	0.125797	0.0923023	0.0105301	0.0136275	-3.93023e-14	0.176371	0.168356	0.000796079	0.000161464	96.2716	40521.9	19173.9	28729.4	257.661	728.871	71.9706	51.8776	7.48199	0	0	8.09007	4360.51	1480.64	2331.6	37.2649	28.6005	2.87417	5.39605	15.0664	0	0	0.121926
setup	0	2017-06-22 23:00:00	0	3.01783	1.58245	1.31826e-06	0	0.00504574	0.000834787	0.000219438	2.40721e-05	4.79511e-05	3.51716e-06	0	0	0	2.71784	0.125153	0.101517	0.0105171	0.0136273	-3.93023e-14	0.172246	0.16309	0.000766286	0.000156895	95.7719	40523.3	19175.5	28730.1	256.761	728.784	72.8886	53.0952	7.48208	0	0	8.07955	4360.64	1480.77	2331.59	37.1962	28.5972	2.90895	5.50355	15.1194	0	0	0.121624
setup	0	2017-06-23 23:00:00	0	3.01127	1.54688	3.86822e-06	0	0.00499028	0.000946405	0.0002144	2.22765e-05	4.56958e-05	3.6901e-06	0	0	0	2.98035	0.124504	0.111322	0.0105034	0.0136256	-3.93023e-14	0.167442	0.158199	0.000720112	0.000155914	95.2245	40524.7	19177.2	28730.8	255.883	728.962	73.8297	54.2929	7.48649	0	0	8.06905	4360.76	1480.9	2331.57	37.1281	28.6039	2.94465	5.60975	15.1718	0	0	0.121815
setup	0	2017-06-24 23:00:00	0	3.01665	1.69258	8.66097e-06	0	0.00493496	0.000835028	0.000224725	3.33222e-05	5.54636e-05	3.61368e-06	0	0	0	3.25909	0.123792	0.121733	0.0104898	0.0136381	-3.93023e-14	0.183963	0.173569	0.000945278	0.000158344	94.7244	40525.9	19178.7	28731.6	255.056	729.418	74.5779	55.6387	7.35859	0	0	8.05856	4360.89	1481.03	2331.59	37.0538	28.6209	2.97289	5.73485	15.2198	0	0	0.121643
setup	0	2017-06-25 23:00:00	0	3.04119	1.59439	7.10524e-06	0	0.00488169	0.000861966	0.000221629	2.95934e-05	4.98441e-05	3.93913e-06	0	0	0	3.55386	0.123142	0.132744	0.0104761	0.0136264	-3.93023e-14	0.174326	0.163557	0.000800774	0.000160673	94.1932	40527.3	19180.4	28732.3	254.221	730.167	75.4084	56.8511	7.37745	0	0	8.04808	4361.01	1481.16	2331.58	36.9838	28.6489	3.00434	5.84837	15.2714	0	0	0.121964
setup	0	2017-06-26 23:00:00	0	2.99997	1.53862	8.87612e-06	0	0.00483116	0.00077542	0.000211914	1.0883e-05	4.72523e-05	3.94349e-06	0	0	0	3.86432	0.122451	0.14434	0.0104625	0.0136257	-3.93023e-14	0.167482	0.157443	0.000727941	0.000154058	93.5742	40528.7	19182	28733	253.404	731.225	76.2971	58.0488	7.38627	0	0	8.03762	4361.14	1481.3	2331.57	36.916	28.6885	3.03805	5.95794	15.3223	0	0	0.121644
setup	0	2017-06-27 23:00:00	0	2.9567	1.50175	1.10028e-05	0	0.0047814	0.00098872	0.000203548	7.06905e-06	4.55293e-05	3.9207e-06	0	0	0	4.18989	0.121647	0.156501	0.0104489	0.0136264	-3.93023e-14	0.162719	0.153053	0.000679187	0.000149203	93.0225	40530.2	19183.7	28733.8	252.61	732.607	77.2195	59.2339	7.386	0	0	8.02717	4361.26	1481.43	2331.56	36.8494	28.7403	3.07309	6.06553	15.372	0	0	0.121438
setup	0	2017-06-28 23:00:00	0	2.93093	1.47427	1.35114e-05	0	0.0047332	0.00103586	0.000197626	5.38073e-06	4.41638e-05	3.94443e-06	0	0	0	4.52982	0.120929	0.169198	0.0104353	0.0136264	-3.93023e-14	0.159033	0.149598	0.000636647	0.000146091	92.4286	40531.7	19185.5	28734.5	251.835	734.324	78.161	60.4114	7.38313	0	0	8.01673	4361.39	1481.56	2331.54	36.784	28.8047	3.10888	6.17191	15.4207	0	0	0.121377
setup	0	2017-06-29 23:00:00	0	2.9272	1.46441	1.52291e-05	0	0.00468591	0.00100519	0.000195271	6.99063e-06	4.35938e-05	4.04878e-06	0	0	0	4.8831	0.120157	0.182393	0.0104218	0.0136272	-3.93023e-14	0.157405	0.147939	0.000612345	0.000145615	91.7849	40533.2	19187.2	28735.3	251.074	736.389	79.0992	61.5981	7.37306	0	0	8.00631	4361.52	1481.69	2331.52	36.7188	28.8821	3.14454	6.27881	15.4687	0	0	0.121572
setup	0	2017-06-30 23:00:00	0	2.91347	1.50147	1.28003e-05	0	0.00463938	0.000942139	0.000196098	6.30286e-06	4.62969e-05	4.02133e-06	0	0	0	5.24849	0.11932	0.196042	0.0104082	0.0136295	-3.93023e-14	0.161857	0.152109	0.000666198	0.000144632	91.1142	40534.6	19189	28736.1	250.337	738.811	79.9709	62.8444	7.32279	0	0	7.9959	4361.64	1481.82	2331.51	36.652	28.9728	3.17763	6.39223	15.5149	0	0	0.121262
setup	0	2017-07-01 23:00:00	0	2.92159	1.46061	1.48031e-05	0	0.00459475	0.00104297	0.000194305	7.32761e-06	4.39995e-05	4.26934e-06	0	0	0	5.62453	0.118448	0.210088	0.0103947	0.0136256	-3.93023e-14	0.157023	0.147114	0.000593941	0.000145935	90.4228	40536.2	19190.7	28736.9	249.609	741.6	80.8892	64.0296	7.32075	0	0	7.98551	4361.77	1481.95	2331.49	36.5872	29.0774	3.21252	6.50077	15.562	0	0	0.121682
setup	0	2017-07-02 23:00:00	0	2.91036	1.43599	1.46465e-05	0	0.00455076	0.000892033	0.000190856	7.35652e-07	4.28411e-05	4.38503e-06	0	0	0	6.00949	0.11755	0.224466	0.0103812	0.013626	-3.93023e-14	0.153884	0.144207	0.000547104	0.000144119	89.7026	40537.7	19192.5	28737.7	248.892	744.763	81.8332	65.2106	7.31842	0	0	7.97513	4361.9	1482.08	2331.47	36.5236	29.196	3.2484	6.60765	15.609	0	0	0.121502
setup	0	2017-07-03 23:00:00	0	2.87781	1.43833	1.29283e-05	0	0.00450757	0.000901543	0.000187473	-3.93406e-06	4.36739e-05	4.31362e-06	0	0	0	6.40136	0.116613	0.239104	0.0103677	0.0136276	-3.93023e-14	0.15451	0.14483	0.000548813	0.000140647	88.9652	40539.3	19194.3	28738.5	248.192	748.305	82.7586	66.4236	7.2961	0	0	7.96476	4362.02	1482.21	2331.45	36.4597	29.3288	3.28357	6.71707	15.6547	0	0	0.121158
setup	0	2017-07-04 23:00:00	0	2.81418	1.50824	1.49714e-05	0	0.00446502	0.00108427	0.000187815	-6.05609e-06	4.90215e-05	4.08259e-06	0	0	0	6.79791	0.115655	0.253916	0.0103542	0.0136317	-3.93023e-14	0.162727	0.152842	0.000664062	0.000137187	88.1254	40540.8	19196.1	28739.4	247.537	752.23	83.5961	67.7034	7.19959	0	0	7.95441	4362.15	1482.35	2331.45	36.3929	29.4759	3.31531	6.83644	15.6973	0	0	0.120953
setup	0	2017-07-05 23:00:00	0	2.79179	1.44859	1.75708e-05	0	0.00442284	0.00121417	0.000183321	-2.47894e-06	4.61305e-05	4.16127e-06	0	0	0	7.19664	0.114563	0.268809	0.0103407	0.0136264	-3.93023e-14	0.156375	0.146503	0.000573179	0.000136335	87.4277	40542.4	19197.9	28740.2	246.885	756.538	84.5072	68.88	7.1925	0	0	7.94407	4362.28	1482.48	2331.44	36.3296	29.6373	3.3499	6.94737	15.7416	0	0	0.12108
setup	0	2017-07-06 23:00:00	0	2.76711	1.43113	2.79772e-05	0	0.00438145	0.0011311	0.000179846	-6.29329e-06	4.51761e-05	4.22311e-06	0	0	0	7.5948	0.113656	0.283681	0.0103273	0.0136267	-3.93023e-14	0.153072	0.143714	0.000530895	0.000134667	86.7098	40544	19199.8	28741.1	246.246	761.227	85.4538	70.0487	7.17498	0	0	7.93374	4362.41	1482.61	2331.41	36.2683	29.8131	3.38586	7.0559	15.7854	0	0	0.121338
setup	0	2017-07-07 23:00:00	0	2.80565	1.41901	2.47866e-05	0	0.00434192	0.00111968	0.000181812	3.7519e-06	4.38843e-05	4.54747e-06	0	0	0	7.98943	0.112723	0.298421	0.0103139	0.0136256	-3.93023e-14	0.150731	0.141208	0.000483955	0.000138968	85.944	40545.7	19201.6	28741.9	245.604	766.292	86.412	71.2203	7.17297	0	0	7.92342	4362.54	1482.75	2331.39	36.2085	30.0029	3.42225	7.16265	15.8295	0	0	0.121609
setup	0	2017-07-08 23:00:00	0	2.77727	1.40029	2.19168e-05	0	0.00430299	0.000958321	0.000178248	-1.0728e-05	4.32534e-05	4.62542e-06	0	0	0	8.37731	0.111727	0.312909	0.0103005	0.0136257	-3.93023e-14	0.148372	0.139109	0.000447158	0.000135923	85.1239	40547.3	19203.6	28742.8	244.976	771.725	87.4062	72.3928	7.1566	0	0	7.91312	4362.67	1482.88	2331.37	36.1494	30.2066	3.46001	7.26836	15.8734	0	0	0.121341
setup	0	2017-07-09 23:00:00	0	2.78352	1.39514	2.73054e-05	0	0.00426465	0.00106858	0.000178519	-4.27029e-06	4.26823e-05	4.85122e-06	0	0	0	8.75507	0.110661	0.327019	0.0102871	0.0136257	-3.93023e-14	0.146953	0.137614	0.000415515	0.000137923	84.2797	40549.1	19205.5	28743.7	244.356	777.514	88.4152	73.5661	7.14081	0	0	7.90284	4362.8	1483.02	2331.34	36.091	30.4236	3.49834	7.37355	15.9169	0	0	0.121656
setup	0	2017-07-10 23:00:00	0	2.80394	1.39268	2.02173e-05	0	0.0042264	0.00092611	0.000180344	-3.55904e-06	4.23129e-05	5.1318e-06	0	0	0	9.11915	0.109564	0.340618	0.0102737	0.0136261	-3.93023e-14	0.146394	0.136884	0.000388145	0.000140465	83.4115	40550.8	19207.5	28744.6	243.737	783.643	89.428	74.7539	7.12985	0	0	7.89256	4362.93	1483.16	2331.31	36.0329	30.6533	3.53679	7.47897	15.9608	0	0	0.121704
setup	0	2017-07-11 23:00:00	0	2.80634	1.5478	1.60851e-05	0	0.00418847	0.000853947	0.000192794	5.51522e-07	5.10364e-05	5.13896e-06	0	0	0	9.46583	0.108435	0.353568	0.0102603	0.0136344	-3.93023e-14	0.163595	0.153223	0.00060454	0.000145299	82.5075	40552.4	19209.3	28745.5	243.163	790.092	90.2373	76.1147	6.99277	0	0	7.8823	4363.07	1483.3	2331.31	35.9689	30.8949	3.56735	7.60383	16.001	0	0	0.12179
setup	0	2017-07-12 23:00:00	0	2.81328	1.64245	1.17317e-05	0	0.00415077	0.00079755	0.000205114	8.23916e-06	5.81469e-05	5.21674e-06	0	0	0	9.79132	0.10726	0.365725	0.010247	0.0136339	-3.93023e-14	0.176439	0.16454	0.000751841	0.000150919	81.6211	40553.9	19211.1	28746.4	242.629	796.838	90.9144	77.4879	6.87638	0	0	7.87206	4363.2	1483.43	2331.32	35.9024	31.1477	3.59279	7.73724	16.0418	0	0	0.121948
setup	0	2017-07-13 23:00:00	0	2.79705	1.63028	1.14846e-05	0	0.00411354	0.000901208	0.000207901	3.55886e-06	5.88365e-05	5.39362e-06	0	0	0	10.0917	0.106107	0.376947	0.0102337	0.0136291	-3.93023e-14	0.175597	0.163785	0.000734212	0.000153108	80.6856	40555.5	19212.9	28747.4	242.109	803.856	91.627	78.7833	6.82394	0	0	7.86182	4363.34	1483.57	2331.33	35.8394	31.4106	3.61959	7.86474	16.0846	0	0	0.122001
setup	0	2017-07-14 23:00:00	0	2.69408	1.97601	9.78489e-06	0	0.00407629	0.000910712	0.000229048	1.80708e-05	9.0233e-05	4.71098e-06	0	0	0	10.3632	0.104891	0.387086	0.0102204	0.0136556	-3.93023e-14	0.214924	0.200031	0.00129956	0.000149944	79.8382	40556.8	19214.3	28748.3	241.82	811.113	91.9756	80.1203	6.57545	0	0	7.8516	4363.47	1483.71	2331.38	35.7727	31.6824	3.6323	8.01986	16.1198	0	0	0.120992
setup	0	2017-07-15 23:00:00	0	2.6394	1.84915	1.53712e-05	0	0.00403921	0.00135469	0.000222574	1.95933e-05	8.39708e-05	4.60715e-06	0	0	0	10.6018	0.10379	0.395998	0.0102071	0.0136297	-3.93023e-14	0.20022	0.187156	0.00111084	0.000149743	79.0489	40558.2	19216	28749.2	241.494	818.578	92.4842	81.256	6.54275	0	0	7.8414	4363.61	1483.85	2331.42	35.7196	31.962	3.65118	8.14756	16.1627	0	0	0.121512
setup	0	2017-07-16 23:00:00	0	2.6451	1.71742	1.77762e-05	0	0.00400303	0.00117653	0.000214475	1.60637e-05	7.20354e-05	4.85519e-06	0	0	0	10.8037	0.102764	0.403541	0.0101938	0.0136257	-3.93023e-14	0.183414	0.172057	0.000899934	0.000151535	78.2606	40559.7	19217.8	28750.1	241.073	826.215	93.16	82.4013	6.57375	0	0	7.8312	4363.75	1484	2331.42	35.6728	32.2481	3.6765	8.25953	16.2093	0	0	0.121721
setup	0	2017-07-17 23:00:00	0	2.67905	1.66576	1.5346e-05	0	0.0039674	0.000961798	0.000213628	1.51057e-05	6.57136e-05	5.27984e-06	0	0	0	10.9653	0.101739	0.409576	0.0101806	0.0136258	-3.93023e-14	0.17563	0.164741	0.000792156	0.000156395	77.3893	40561.4	19219.6	28751	240.604	833.983	93.9144	83.6001	6.5982	0	0	7.82102	4363.89	1484.14	2331.42	35.628	32.5391	3.70485	8.36706	16.2565	0	0	0.122104
setup	0	2017-07-18 23:00:00	0	2.6612	1.62407	1.25633e-05	0	0.00393223	0.000893545	0.000209634	7.03656e-07	6.20734e-05	5.52617e-06	0	0	0	11.083	0.100606	0.413974	0.0101673	0.0136256	-3.93023e-14	0.17031	0.159842	0.000723523	0.000155379	76.4699	40563.1	19221.6	28751.9	240.124	841.837	94.753	84.8115	6.60534	0	0	7.81085	4364.03	1484.28	2331.4	35.5838	32.8333	3.73643	8.47248	16.303	0	0	0.121931
setup	0	2017-07-19 23:00:00	0	2.62076	1.59492	1.30678e-05	0	0.00389743	0.00103762	0.000205115	-6.21781e-06	5.98037e-05	5.65084e-06	0	0	0	11.1536	0.0994109	0.416609	0.0101541	0.0136256	-3.93023e-14	0.166432	0.156334	0.000676267	0.000153504	75.5365	40564.9	19223.6	28752.8	239.648	849.73	95.6652	86.0125	6.59957	0	0	7.8007	4364.17	1484.43	2331.38	35.5398	33.1291	3.77082	8.57656	16.3485	0	0	0.121856
setup	0	2017-07-20 23:00:00	0	2.60431	1.61106	1.09861e-05	0	0.00386296	0.000909987	0.000205801	-2.27168e-06	6.03235e-05	5.73993e-06	0	0	0	11.174	0.0981974	0.417371	0.0101409	0.0136264	-3.93023e-14	0.167939	0.157441	0.00068045	0.000154431	74.6199	40566.7	19225.6	28753.7	239.177	857.611	96.5593	87.2539	6.58358	0	0	7.79056	4364.31	1484.58	2331.36	35.4955	33.4245	3.8045	8.68347	16.3934	0	0	0.121841
setup	0	2017-07-21 23:00:00	0	2.56923	1.71904	9.4261e-06	0	0.00382875	0.000931697	0.00021316	-6.98295e-07	6.80027e-05	5.68595e-06	0	0	0	11.1415	0.0970059	0.416158	0.0101277	0.0136297	-3.93023e-14	0.179569	0.168086	0.000826153	0.000156023	73.6998	40568.4	19227.5	28754.7	238.765	865.427	97.3293	88.558	6.50369	0	0	7.78043	4364.46	1484.72	2331.35	35.4498	33.7174	3.83337	8.80038	16.4361	0	0	0.121762
setup	0	2017-07-22 23:00:00	0	2.47074	1.81466	9.85204e-06	0	0.00379481	0.0010049	0.000215285	-6.50047e-06	7.85077e-05	5.25796e-06	0	0	0	11.0538	0.0958097	0.412883	0.0101146	0.0136315	-3.93023e-14	0.191508	0.17913	0.000997787	0.000150104	72.7949	40570	19229.4	28755.6	238.446	873.122	98.006	89.8234	6.40461	0	0	7.77032	4364.6	1484.87	2331.36	35.4048	34.0059	3.85862	8.92281	16.4775	0	0	0.121115
setup	0	2017-07-23 23:00:00	0	2.42112	1.85071	1.52098e-05	0	0.00376106	0.00131309	0.000219489	9.03435e-06	8.28508e-05	5.14272e-06	0	0	0	10.9091	0.0946334	0.407477	0.0101014	0.0136294	-3.93023e-14	0.19486	0.182248	0.00104905	0.000152593	71.9383	40571.7	19231.2	28756.6	238.168	880.64	98.6622	91.0163	6.35025	0	0	7.76021	4364.75	1485.02	2331.38	35.3638	34.2877	3.88307	9.04131	16.5203	0	0	0.121583
setup	0	2017-07-24 23:00:00	0	2.37369	2.34133	1.52265e-05	0	0.00372714	0.00118268	0.000260314	6.16832e-05	0.000134198	4.83099e-06	0	0	0	10.7059	0.0935198	0.399885	0.0100883	0.0136584	-3.93023e-14	0.243908	0.223515	0.00176012	0.000160595	71.0709	40572.9	19232.6	28757.5	238.302	887.919	98.8359	92.0213	6.12876	0	0	7.75013	4364.9	1485.17	2331.45	35.3358	34.5605	3.88893	9.17443	16.5563	0	0	0.121488
setup	0	2017-07-25 23:00:00	0	2.33575	2.014	1.69806e-05	0	0.0036934	0.00121786	0.000243708	3.47885e-05	0.000104699	5.04882e-06	0	0	0	10.4432	0.0923922	0.390074	0.0100752	0.0136258	-3.93023e-14	0.210107	0.196661	0.00129558	0.00016119	70.2147	40574.4	19234.3	28758.4	238.173	894.906	99.3589	93.0072	6.16693	0	0	7.74005	4365.05	1485.32	2331.48	35.3135	34.8225	3.90824	9.27552	16.6062	0	0	0.121614
setup	0	2017-07-26 23:00:00	0	2.30576	2.31541	1.60596e-05	0	0.00365979	0.0010429	0.000267869	6.73457e-05	0.000135747	5.01321e-06	0	0	0	10.1207	0.0912792	0.378028	0.0100621	0.0136405	-3.93023e-14	0.235878	0.217914	0.00165951	0.000168364	69.3505	40575.7	19235.8	28759.2	238.274	901.538	99.5985	93.9602	6.04156	0	0	7.72999	4365.19	1485.46	2331.53	35.3036	35.0711	3.91664	9.38221	16.6507	0	0	0.121854
setup	0	2017-07-27 23:00:00	0	2.25437	2.42596	1.42067e-05	0	0.00362637	0.00103928	0.000282442	8.17045e-05	0.000152893	4.98064e-06	0	0	0	9.73856	0.0901556	0.363755	0.010049	0.0136367	-3.93023e-14	0.245546	0.226497	0.00181153	0.000171843	68.4633	40576.9	19237.2	28760	238.501	907.758	99.7582	94.7449	5.9579	0	0	7.71994	4365.34	1485.61	2331.6	35.3077	35.3043	3.92197	9.47688	16.698	0	0	0.121801
setup	0	2017-07-28 23:00:00	0	2.18911	2.42056	1.46855e-05	0	0.00359317	0.00111446	0.000285273	8.24861e-05	0.000155728	4.97323e-06	0	0	0	9.29751	0.0890023	0.347281	0.0100359	0.0136319	-3.93023e-14	0.243141	0.225133	0.00182226	0.000173353	67.6001	40578.1	19238.6	28760.8	238.74	913.51	99.9655	95.4619	5.90928	0	0	7.7099	4365.5	1485.75	2331.66	35.3205	35.52	3.92914	9.55886	16.7482	0	0	0.121828
setup	0	2017-07-29 23:00:00	0	2.11909	2.20338	1.52506e-05	0	0.00356036	0.00112082	0.000267581	5.41449e-05	0.00013026	5.05417e-06	0	0	0	8.79888	0.0878801	0.328656	0.0100229	0.013626	-3.93023e-14	0.222008	0.207934	0.00158194	0.000170519	66.7343	40579.5	19240.2	28761.6	238.776	918.74	100.417	96.2806	5.93647	0	0	7.69988	4365.65	1485.9	2331.68	35.3277	35.7163	3.94574	9.63327	16.8026	0	0	0.121736
setup	0	2017-07-30 23:00:00	0	2.04749	2.34934	1.46186e-05	0	0.00352779	0.0010381	0.000275512	6.72502e-05	0.000145551	4.94063e-06	0	0	0	8.24459	0.0867546	0.307952	0.0100098	0.0136317	-3.93023e-14	0.233954	0.217355	0.00176543	0.000171419	65.8743	40580.8	19241.7	28762.3	238.933	923.393	100.736	97.0816	5.87935	0	0	7.68987	4365.8	1486.05	2331.72	35.3421	35.891	3.95721	9.71027	16.8532	0	0	0.121598
setup	0	2017-07-31 23:00:00	0	1.97029	3.10921	1.33875e-05	0	0.00349517	0.00109159	0.00034684	0.000191876	0.000259987	4.58664e-06	0	0	0	7.63714	0.0856366	0.285263	0.00999683	0.0136716	-3.93023e-14	0.300702	0.270461	0.00276666	0.000181406	65.0258	40581.4	19242.5	28762.9	239.989	927.413	100.426	97.0565	5.68074	0	0	7.67987	4365.95	1486.2	2331.86	35.4145	36.0419	3.94453	9.76197	16.897	0	0	0.121589
setup	0	2017-08-01 23:00:00	0	1.89035	2.90975	1.70718e-05	0	0.00346289	0.00118677	0.000344379	0.000176298	0.000241344	4.67041e-06	0	0	0	6.97961	0.0845336	0.260702	0.00998384	0.0136326	-3.93023e-14	0.279892	0.2567	0.00251152	0.000186099	64.1868	40582.2	19243.5	28763.5	240.789	930.756	100.302	97.1304	5.64938	0	0	7.66989	4366.11	1486.34	2331.96	35.491	36.1675	3.93902	9.7903	16.9538	0	0	0.121962
setup	0	2017-08-02 23:00:00	0	1.76853	3.37281	1.74726e-05	0	0.00343074	0.00108737	0.00038773	0.000263332	0.000334117	4.30415e-06	0	0	0	6.2756	0.0834429	0.234406	0.00997086	0.0136552	-3.93023e-14	0.315338	0.284542	0.00311701	0.000185404	63.3536	40582.5	19244	28763.9	242.259	933.376	99.9031	96.4762	5.51864	0	0	7.65992	4366.26	1486.48	2332.1	35.6237	36.266	3.92298	9.77706	17.0072	0	0	0.12144
setup	0	2017-08-03 23:00:00	0	1.65352	3.65047	1.76325e-05	0	0.00339881	0.00128402	0.000427205	0.000351608	0.000408386	4.04676e-06	0	0	0	5.52925	0.0823597	0.206529	0.0099579	0.0136526	-3.93023e-14	0.332836	0.299458	0.00350665	0.000190027	62.5641	40582.6	19244.2	28764.1	244.146	935.234	99.3526	95.2601	5.41843	0	0	7.64996	4366.42	1486.62	2332.27	35.8088	36.3359	3.90115	9.71258	17.0656	0	0	0.12169
setup	0	2017-08-04 23:00:00	0	1.55761	3.16188	1.93596e-05	0	0.00336726	0.00122809	0.000389095	0.000261103	0.000311958	4.22911e-06	0	0	0	4.74518	0.0813333	0.177242	0.00994495	0.013627	-3.93023e-14	0.293192	0.270276	0.00302306	0.000193445	61.8071	40583.2	19244.9	28764.4	245.233	936.3	99.1258	94.853	5.4532	0	0	7.64002	4366.57	1486.75	2332.37	35.9462	36.3762	3.89181	9.67307	17.1343	0	0	0.121894
setup	0	2017-08-05 23:00:00	0	1.43695	2.88511	1.94062e-05	0	0.00333605	0.00109814	0.000358297	0.000192585	0.000257342	4.34235e-06	0	0	0	3.9284	0.0803493	0.146734	0.00993202	0.0136261	-3.93023e-14	0.271984	0.253299	0.00279233	0.000190836	61.0756	40584	19246	28764.8	245.937	936.544	99.1396	94.8448	5.49546	0	0	7.63009	4366.73	1486.89	2332.43	36.0505	36.3859	3.89173	9.65792	17.2021	0	0	0.121906
setup	0	2017-08-06 23:00:00	0	1.32291	2.77725	1.84338e-05	0	0.00330518	0.00109739	0.000348513	0.000171227	0.000232554	4.54849e-06	0	0	0	3.08434	0.0793982	0.115206	0.00991911	0.0136264	-3.93023e-14	0.264648	0.246696	0.00270495	0.000195304	60.394	40585	19247.1	28765.3	246.451	935.943	99.2192	95.0676	5.53519	0	0	7.62017	4366.88	1487.03	2332.48	36.1356	36.364	3.89421	9.66061	17.2681	0	0	0.121974
setup	0	2017-08-07 23:00:00	0	1.18951	2.69633	1.65642e-05	0	0.00327473	0.00094329	0.000340809	0.000147693	0.000216129	4.69571e-06	0	0	0	2.21872	0.0785122	0.0828737	0.00990622	0.0136264	-3.93023e-14	0.259865	0.242578	0.00264239	0.00019547	59.7545	40586	19248.3	28765.7	246.849	934.478	99.3626	95.4235	5.5681	0	0	7.61026	4367.04	1487.18	2332.53	36.2063	36.3099	3.89916	9.67666	17.3328	0	0	0.121844
setup	0	2017-08-08 23:00:00	0	1.01593	2.64274	1.57208e-05	0	0.0032447	0.00108467	0.000327422	0.000124145	0.000212069	4.48582e-06	0	0	0	1.33752	0.0776808	0.0499589	0.00989334	0.0136268	-3.93023e-14	0.25676	0.240161	0.00266439	0.000185077	59.1743	40587.1	19249.6	28766.2	247.253	932.139	99.594	95.7532	5.57448	0	0	7.60037	4367.2	1487.32	2332.56	36.2703	36.2232	3.90752	9.69849	17.3939	0	0	0.12132
setup	0	2017-08-09 23:00:00	0	0.869579	2.93632	1.65014e-05	0	0.00321495	0.00133527	0.000356992	0.000190875	0.000262963	4.37885e-06	0	0	0	0.44689	0.0769266	0.0166922	0.00988048	0.0136351	-3.93023e-14	0.281269	0.259371	0.00311061	0.000192206	58.6757	40587.9	19250.6	28766.7	247.986	928.917	99.5662	95.7836	5.51794	0	0	7.59049	4367.35	1487.47	2332.64	36.355	36.1035	3.90596	9.71232	17.4512	0	0	0.121798
setup	0	2017-08-10 23:00:00	0	0.728843	2.83853	1.82047e-05	0	0.00318559	0.00115429	0.000354985	0.000180193	0.000252064	4.44148e-06	0	0	0	0	0.0762784	0	0.00986763	0.0136276	-3.93023e-14	0.273519	0.254341	0.0030178	0.000193004	58.2331	40588.7	19251.6	28767.1	248.604	925.259	99.6121	95.8706	5.52217	0	0	7.58062	4367.5	1487.62	2332.71	36.4353	35.9675	3.90728	9.7233	17.5127	0	0	0.121694
setup	0	2017-08-11 23:00:00	0	0.587763	2.85057	1.84128e-05	0	0.00315657	0.00117286	0.000355285	0.000181592	0.000257779	4.37751e-06	0	0	0	0	0.075703	0	0.0098548	0.0136285	-3.93023e-14	0.274266	0.255261	0.00309107	0.000191215	57.8512	40589.6	19252.7	28767.5	249.25	921.615	99.6571	95.9184	5.50785	0	0	7.57076	4367.66	1487.76	2332.77	36.5173	35.832	3.90859	9.73253	17.5734	0	0	0.121661
setup	0	2017-08-12 23:00:00	0	0.466613	2.80575	1.74285e-05	0	0.00312793	0.00114184	0.000354776	0.000181506	0.000248117	4.47515e-06	0	0	0	0	0.0752066	0	0.00984199	0.0136271	-3.93023e-14	0.270968	0.25266	0.00304223	0.00019499	57.5301	40590.4	19253.7	28767.9	249.797	917.985	99.6962	96.0692	5.52143	0	0	7.56092	4367.81	1487.91	2332.83	36.594	35.6969	3.90972	9.74501	17.6357	0	0	0.12181
setup	0	2017-08-13 23:00:00	0	0.3584	2.67864	1.77965e-05	0	0.00309968	0.00111441	0.000345701	0.000156741	0.000225464	4.67549e-06	0	0	0	0	0.0747892	0	0.0098292	0.0136257	-3.93023e-14	0.260793	0.244755	0.00289775	0.000196992	57.2587	40591.4	19254.9	28768.3	250.187	914.369	99.8342	96.3652	5.55313	0	0	7.55109	4367.97	1488.06	2332.86	36.6585	35.5625	3.91467	9.76454	17.6987	0	0	0.121893
setup	0	2017-08-14 23:00:00	0	0.261763	3.42936	1.67054e-05	0	0.00307159	0.0010239	0.000422373	0.000309225	0.000376082	4.40065e-06	0	0	0	0	0.0744363	0	0.00981642	0.0136565	-3.93023e-14	0.322419	0.292002	0.0039992	0.000203223	57.0331	40591.6	19255.3	28768.5	251.547	910.763	99.407	95.6978	5.40847	0	0	7.54128	4368.12	1488.2	2333	36.7878	35.4282	3.89799	9.74828	17.7535	0	0	0.121734
setup	0	2017-08-15 23:00:00	0	0.182494	4.05138	1.53992e-05	0	0.00304383	0.00110895	0.000515974	0.000519073	0.000563651	4.12996e-06	0	0	0	0	0.074143	0	0.00980366	0.0136647	-3.93023e-14	0.366503	0.326873	0.00487137	0.000210261	56.8492	40591.2	19255.1	28768.5	253.895	907.164	98.6056	93.7767	5.27708	0	0	7.53147	4368.26	1488.34	2333.21	37.0145	35.2941	3.86703	9.64335	17.8135	0	0	0.121801
setup	0	2017-08-16 23:00:00	0	0.124288	3.622	1.62814e-05	0	0.00301664	0.00118853	0.000488399	0.00043866	0.000465806	4.37274e-06	0	0	0	0	0.073904	0	0.00979091	0.0136288	-3.93023e-14	0.330369	0.303533	0.00431712	0.000218458	56.6989	40591.2	19255.2	28768.5	255.456	903.578	98.0276	92.665	5.29204	0	0	7.52168	4368.41	1488.47	2333.35	37.2051	35.1603	3.84467	9.55209	17.887	0	0	0.122143
setup	0	2017-08-17 23:00:00	0	0.0817863	3.49492	1.51849e-05	0	0.00298979	0.000957394	0.000480889	0.00039826	0.000424757	4.73346e-06	0	0	0	0	0.0737086	0	0.00977819	0.0136286	-3.93023e-14	0.322127	0.297498	0.00419335	0.000228958	56.5727	40591.3	19255.5	28768.5	256.708	900.004	97.499	91.9152	5.31279	0	0	7.5119	4368.56	1488.6	2333.47	37.3725	35.0269	3.82426	9.48052	17.9621	0	0	0.122595
setup	0	2017-08-18 23:00:00	0	0.0497706	3.21591	1.23047e-05	0	0.00296344	0.000796583	0.000453174	0.000318842	0.000354295	5.06692e-06	0	0	0	0	0.0735445	0	0.00976547	0.0136256	-3.93023e-14	0.303266	0.283285	0.00389613	0.000231315	56.4644	40591.6	19256.1	28768.6	257.527	896.445	97.1617	91.6263	5.36834	0	0	7.50214	4368.72	1488.74	2333.55	37.5013	34.8941	3.81119	9.43865	18.0384	0	0	0.122446
setup	0	2017-08-19 23:00:00	0	0.0268975	3.18996	9.57683e-06	0	0.00293751	0.000767496	0.00044748	0.000298416	0.000341638	5.18815e-06	0	0	0	0	0.0734037	0	0.00975278	0.0136274	-3.93023e-14	0.30379	0.283202	0.00390853	0.000232008	56.3699	40592	19256.7	28768.7	258.269	892.9	96.829	91.4518	5.39448	0	0	7.49238	4368.87	1488.87	2333.63	37.6161	34.7617	3.79833	9.4127	18.112	0	0	0.122384
setup	0	2017-08-20 23:00:00	0	0.0116255	3.00731	8.9505e-06	0	0.00291205	0.000976786	0.000426473	0.000253583	0.000306933	5.25952e-06	0	0	0	0	0.0732809	0	0.0097401	0.0136259	-3.93023e-14	0.290744	0.273417	0.0037644	0.000227817	56.2853	40592.6	19257.4	28768.8	258.822	889.37	96.6684	91.4379	5.43416	0	0	7.48264	4369.01	1489.01	2333.69	37.7103	34.63	3.79208	9.40102	18.1844	0	0	0.12226
setup	0	2017-08-21 23:00:00	0	0.00221871	2.95742	8.9624e-06	0	0.00288692	0.000987901	0.000416248	0.000239188	0.000294736	5.21902e-06	0	0	0	0	0.0731709	0	0.00972744	0.0136264	-3.93023e-14	0.288027	0.270953	0.00374641	0.000224653	56.2073	40593.1	19258.2	28769	259.309	885.856	96.5375	91.5087	5.45956	0	0	7.47292	4369.16	1489.16	2333.75	37.7937	34.4989	3.78698	9.40033	18.2545	0	0	0.122141
setup	0	2017-08-22 23:00:00	0	0	2.94129	9.14595e-06	0	0.00286209	0.00106543	0.000415306	0.000238053	0.000290643	5.29652e-06	0	0	0	0	0.0730695	0	0.00971479	0.0136267	-3.93023e-14	0.287864	0.270744	0.00376999	0.000226514	56.1333	40593.7	19259	28769.2	259.765	882.356	96.4068	91.6177	5.47768	0	0	7.4632	4369.31	1489.3	2333.81	37.8706	34.3683	3.78191	9.4066	18.3233	0	0	0.122204
setup	0	2017-08-23 23:00:00	0	0	3.43889	8.82289e-06	0	0.0028374	0.000969909	0.000479683	0.000364227	0.000400858	5.33943e-06	0	0	0	0	0.0729733	0	0.00970216	0.0136414	-3.93023e-14	0.329262	0.302301	0.00454822	0.000239431	56.0603	40593.8	19259.3	28769.2	260.798	878.866	95.8837	91.1409	5.39969	0	0	7.4535	4369.46	1489.44	2333.94	37.9862	34.2379	3.76185	9.39169	18.3886	0	0	0.122576
setup	0	2017-08-24 23:00:00	0	0	3.35493	7.41991e-06	0	0.00281312	0.000877116	0.000475885	0.000354136	0.000400334	5.13515e-06	0	0	0	0	0.0728784	0	0.00968955	0.0136299	-3.93023e-14	0.32201	0.29918	0.00448595	0.000230112	55.9874	40593.9	19259.7	28769.3	261.789	875.389	95.4627	90.6037	5.38379	0	0	7.44381	4369.6	1489.58	2334.05	38.1065	34.108	3.74571	9.36294	18.4591	0	0	0.121858
setup	0	2017-08-25 23:00:00	0	0	3.10357	9.81166e-06	0	0.00278922	0.00128524	0.000453274	0.00031192	0.000347353	5.33509e-06	0	0	0	0	0.0727837	0	0.00967695	0.0136256	-3.93023e-14	0.300738	0.283593	0.00420127	0.000234247	55.9146	40594.3	19260.3	28769.3	262.447	871.928	95.2289	90.3861	5.41837	0	0	7.43413	4369.75	1489.72	2334.13	38.2065	33.9787	3.73676	9.34363	18.532	0	0	0.122518
setup	0	2017-08-26 23:00:00	0	0	2.98068	9.3536e-06	0	0.00276556	0.000953186	0.000433906	0.000269479	0.000314535	5.35559e-06	0	0	0	0	0.072689	0	0.00966437	0.0136256	-3.93023e-14	0.291769	0.276312	0.00402113	0.000230134	55.842	40594.8	19261	28769.4	262.933	868.481	95.0737	90.3694	5.45074	0	0	7.42447	4369.9	1489.86	2334.19	38.2907	33.85	3.73083	9.33776	18.6043	0	0	0.122089
setup	0	2017-08-27 23:00:00	0	0	2.88832	9.01606e-06	0	0.00274218	0.00111519	0.000422452	0.0002465	0.000293681	5.49907e-06	0	0	0	0	0.0725945	0	0.00965181	0.0136256	-3.93023e-14	0.284688	0.270615	0.0039449	0.000231065	55.7694	40595.4	19261.8	28769.5	263.318	865.05	94.9958	90.4545	5.47709	0	0	7.41482	4370.04	1490	2334.24	38.3631	33.7219	3.72787	9.34149	18.675	0	0	0.122474
setup	0	2017-08-28 23:00:00	0	0	2.82091	9.09505e-06	0	0.00271907	0.000976859	0.000408439	0.000221987	0.000277662	5.39794e-06	0	0	0	0	0.0725002	0	0.00963926	0.0136259	-3.93023e-14	0.280433	0.266795	0.00385627	0.000224351	55.6969	40596	19262.6	28769.7	263.633	861.633	94.9583	90.6254	5.50053	0	0	7.40518	4370.19	1490.14	2334.29	38.426	33.5943	3.72646	9.35402	18.7444	0	0	0.121895
setup	0	2017-08-29 23:00:00	0	0	2.82845	1.00182e-05	0	0.00269621	0.00108867	0.000407607	0.000225358	0.000276982	5.41496e-06	0	0	0	0	0.0724059	0	0.00962673	0.0136265	-3.93023e-14	0.281908	0.267583	0.00389559	0.000225298	55.6245	40596.6	19263.4	28769.9	263.944	858.23	94.894	90.8152	5.51253	0	0	7.39555	4370.33	1490.28	2334.34	38.4851	33.4673	3.72403	9.3719	18.8123	0	0	0.122124
setup	0	2017-08-30 23:00:00	0	0	2.96795	9.87739e-06	0	0.00267353	0.00107185	0.000428419	0.000260773	0.000304521	5.58133e-06	0	0	0	0	0.0723118	0	0.00961422	0.0136289	-3.93023e-14	0.294321	0.277264	0.00413128	0.000233135	55.5521	40597.1	19264.1	28770	264.39	854.84	94.7018	90.8785	5.4939	0	0	7.38594	4370.48	1490.43	2334.41	38.5509	33.3406	3.71674	9.38814	18.8792	0	0	0.122357
setup	0	2017-08-31 23:00:00	0	0	3.47765	8.36388e-06	0	0.00265101	0.000848884	0.000495916	0.000397569	0.000430368	5.43593e-06	0	0	0	0	0.0722178	0	0.00960172	0.0136438	-3.93023e-14	0.336555	0.30979	0.00497986	0.000239532	55.4799	40597	19264.3	28770	265.474	851.459	94.137	90.2401	5.3997	0	0	7.37634	4370.62	1490.57	2334.56	38.6631	33.2142	3.69521	9.37342	18.944	0	0	0.122293
setup	0	2017-09-01 23:00:00	0	0	3.45864	8.00228e-06	0	0.00262887	0.00102422	0.000500353	0.000415608	0.000453435	5.10449e-06	0	0	0	0	0.0721239	0	0.00958924	0.0136326	-3.93023e-14	0.334076	0.310085	0.00501916	0.000229983	55.4078	40596.9	19264.4	28770	266.631	848.092	93.6424	89.4013	5.35983	0	0	7.36675	4370.76	1490.7	2334.69	38.7907	33.0883	3.67638	9.33189	19.0164	0	0	0.121652
setup	0	2017-09-02 23:00:00	0	0	3.16331	9.37264e-06	0	0.00260709	0.0013132	0.000472286	0.000359707	0.000382615	5.26699e-06	0	0	0	0	0.0720301	0	0.00957677	0.0136259	-3.93023e-14	0.307078	0.291301	0.00461495	0.000234356	55.3358	40597.1	19264.8	28770	267.35	844.738	93.3305	89.0138	5.3939	0	0	7.35717	4370.9	1490.83	2334.78	38.8988	32.9629	3.66456	9.30111	19.0907	0	0	0.122323
setup	0	2017-09-03 23:00:00	0	0	3.22573	1.04472e-05	0	0.0025854	0.00101535	0.000473185	0.00035933	0.000393667	5.16198e-06	0	0	0	0	0.0719365	0	0.00956432	0.0136289	-3.93023e-14	0.313019	0.295469	0.00472877	0.000231356	55.2638	40597.3	19265.2	28770	268.139	841.398	92.977	88.5675	5.38247	0	0	7.34761	4371.04	1490.96	2334.88	39.0087	32.8379	3.65115	9.27142	19.1633	0	0	0.12192
setup	0	2017-09-04 23:00:00	0	0	3.21447	1.12385e-05	0	0.00256395	0.00109911	0.000475384	0.00036436	0.00039034	5.23752e-06	0	0	0	0	0.071843	0	0.00955189	0.0136281	-3.93023e-14	0.314494	0.296169	0.0047611	0.000235361	55.192	40597.4	19265.5	28770	268.877	838.07	92.6102	88.1648	5.38634	0	0	7.33805	4371.19	1491.09	2334.98	39.1127	32.7134	3.63725	9.24316	19.2394	0	0	0.122272
setup	0	2017-09-05 23:00:00	0	0	3.09711	1.02051e-05	0	0.00254276	0.00102837	0.000467276	0.000336275	0.000361679	5.46347e-06	0	0	0	0	0.0717496	0	0.00953947	0.0136265	-3.93023e-14	0.302487	0.288693	0.00462005	0.000238839	55.1202	40597.6	19266	28770	269.443	834.756	92.3228	87.9357	5.40902	0	0	7.32851	4371.33	1491.23	2335.06	39.21	32.5894	3.6264	9.22347	19.3118	0	0	0.122421
setup	0	2017-09-06 23:00:00	0	0	3.01971	9.54647e-06	0	0.00252184	0.000983404	0.000453894	0.00030744	0.000343794	5.4543e-06	0	0	0	0	0.0716563	0	0.00952707	0.0136265	-3.93023e-14	0.300937	0.28588	0.0045379	0.000234703	55.0486	40597.9	19266.5	28770	269.929	831.456	92.0999	87.7911	5.42519	0	0	7.31899	4371.47	1491.36	2335.14	39.2904	32.4659	3.61802	9.21197	19.3885	0	0	0.122095
setup	0	2017-09-07 23:00:00	0	0	2.90245	1.01477e-05	0	0.0025012	0.00117636	0.000439989	0.000281132	0.000319054	5.54268e-06	0	0	0	0	0.0715632	0	0.00951468	0.0136257	-3.93023e-14	0.289757	0.278053	0.00441904	0.000233757	54.977	40598.4	19267.1	28770	270.298	828.17	91.9742	87.7559	5.44999	0	0	7.30947	4371.61	1491.5	2335.2	39.3631	32.343	3.61335	9.20865	19.4611	0	0	0.122206
setup	0	2017-09-08 23:00:00	0	0	3.46236	9.83005e-06	0	0.00248056	0.000962848	0.000508556	0.000433442	0.000458911	5.2998e-06	0	0	0	0	0.0714701	0	0.00950231	0.0136438	-3.93023e-14	0.338236	0.313705	0.00540943	0.000239525	54.9055	40598.2	19267.2	28770	271.345	824.895	91.4393	87.0057	5.35759	0	0	7.29997	4371.75	1491.63	2335.35	39.4786	32.2203	3.59307	9.1781	19.5314	0	0	0.122192
setup	0	2017-09-09 23:00:00	0	0	4.18554	9.48493e-06	0	0.00246004	0.0010263	0.000638662	0.000732838	0.000717127	5.14384e-06	0	0	0	0	0.0713772	0	0.00948996	0.0136642	-3.93023e-14	0.389365	0.353927	0.00670601	0.000253232	54.8342	40597.3	19266.5	28769.9	273.451	821.625	90.4799	84.9204	5.23056	0	0	7.29048	4371.88	1491.75	2335.59	39.6997	32.0977	3.55659	9.05793	19.6009	0	0	0.122438
setup	0	2017-09-10 23:00:00	0	0	4.31679	9.38357e-06	0	0.00243984	0.000999248	0.000690158	0.000849348	0.000810866	5.07204e-06	0	0	0	0	0.0712844	0	0.00947762	0.0136474	-3.93023e-14	0.396714	0.362699	0.00694442	0.000258339	54.7629	40596.2	19265.6	28769.5	275.739	818.365	89.4746	82.4868	5.16158	0	0	7.281	4372.02	1491.87	2335.82	39.9617	31.9751	3.51838	8.88129	19.6859	0	0	0.122464
setup	0	2017-09-11 23:00:00	0	0	4.13151	8.76357e-06	0	0.00241999	0.00101805	0.000684174	0.000809589	0.000751065	5.35978e-06	0	0	0	0	0.0711918	0	0.0094653	0.0136337	-3.93023e-14	0.382074	0.355227	0.00671641	0.000270515	54.6917	40595.4	19265	28769.1	277.561	815.114	88.5271	80.5572	5.15807	0	0	7.27154	4372.15	1491.98	2336.02	40.2051	31.8529	3.48241	8.71507	19.7771	0	0	0.122804
setup	0	2017-09-12 23:00:00	0	0	4.48333	7.05172e-06	0	0.00240023	0.000884499	0.000733935	0.000953897	0.000920871	4.68755e-06	0	0	0	0	0.0710992	0	0.009453	0.0136543	-3.93023e-14	0.406373	0.374333	0.00753502	0.000252606	54.6206	40594.1	19263.9	28768.7	280.118	811.875	87.5278	77.6463	5.08064	0	0	7.26208	4372.29	1492.08	2336.28	40.5163	31.731	3.44447	8.48717	19.8633	0	0	0.121752
setup	0	2017-09-13 23:00:00	0	0	4.48883	9.5163e-06	0	0.00238073	0.00144331	0.00075747	0.00103203	0.00096676	4.47611e-06	0	0	0	0	0.0710068	0	0.00944071	0.0136445	-3.93023e-14	0.406883	0.376975	0.00790829	0.000257978	54.5496	40592.9	19262.8	28768.2	282.587	808.647	86.5111	74.7622	5.04728	0	0	7.25264	4372.42	1492.18	2336.53	40.8389	31.6094	3.40588	8.23829	19.957	0	0	0.122319
setup	0	2017-09-14 23:00:00	0	0	4.45276	1.13549e-05	0	0.00236133	0.00115062	0.000775529	0.00105898	0.000972779	4.55588e-06	0	0	0	0	0.0709145	0	0.00942844	0.0136398	-3.93023e-14	0.408537	0.380217	0.00809286	0.000268451	54.4787	40591.6	19261.8	28767.6	284.793	805.428	85.4686	72.154	5.03742	0	0	7.24322	4372.56	1492.27	2336.76	41.1475	31.488	3.36633	7.99813	20.0562	0	0	0.12263
setup	0	2017-09-15 23:00:00	0	0	4.26146	1.12417e-05	0	0.00234217	0.000945758	0.000769446	0.0010046	0.000895894	4.95588e-06	0	0	0	0	0.0708223	0	0.00941618	0.0136321	-3.93023e-14	0.403457	0.377641	0.00794214	0.000285553	54.4079	40590.6	19261	28767.1	286.424	802.218	84.4488	70.2277	5.06977	0	0	7.2338	4372.69	1492.37	2336.96	41.4037	31.3668	3.32767	7.80312	20.1613	0	0	0.122999
setup	0	2017-09-16 23:00:00	0	0	4.70339	8.34352e-06	0	0.0023231	0.000765179	0.000881111	0.00124777	0.00111619	5.24309e-06	0	0	0	0	0.0707302	0	0.00940394	0.0136552	-3.93023e-14	0.443185	0.407782	0.00891146	0.000307454	54.3371	40589.1	19259.6	28766.5	288.566	799.015	83.1894	67.6418	5.02963	0	0	7.22439	4372.82	1492.46	2337.23	41.7028	31.2456	3.27988	7.57412	20.2653	0	0	0.123504
setup	0	2017-09-17 23:00:00	0	0	4.15389	0.00117942	0	0.00230464	0.000707898	0.000805518	0.00102916	0.000895055	5.42359e-06	0	0	0	0	0.0706383	0	0.00939171	0.013628	-3.93023e-14	0.408929	0.385704	0.00815984	0.000303888	54.2665	40588.1	19258.9	28765.9	289.784	795.825	82.238	66.1016	5.08922	0	0	7.215	4372.95	1492.56	2337.41	41.9189	31.1248	3.24387	7.40999	20.3764	0	0	0.123087
setup	0	2017-09-18 23:00:00	0	9.37102e-07	3.75985	0.00155638	0	0.00228659	0.000812263	0.000742834	0.000852216	0.000725338	5.93388e-06	0	0	0	0	0.0705465	0	0.0093795	0.0136256	-3.93023e-14	0.384346	0.367608	0.00765044	0.000313625	54.196	40587.5	19258.5	28765.4	290.361	792.649	81.5103	65.3332	5.17447	0	0	7.20562	4373.09	1492.66	2337.54	42.0658	31.0047	3.21639	7.3098	20.4849	0	0	0.123485
setup	0	2017-09-19 23:00:00	0	1.33152e-06	3.89261	0.00195396	0	0.00226865	0.000710296	0.00075189	0.000890762	0.000793411	5.45265e-06	0	0	0	0	0.0704547	0	0.00936731	0.0136349	-3.93023e-14	0.398671	0.378528	0.00811537	0.000297663	54.1255	40586.8	19258	28764.9	291.205	789.486	80.7826	64.2492	5.16361	0	0	7.19626	4373.22	1492.76	2337.71	42.2181	30.8851	3.18891	7.21388	20.5835	0	0	0.122814
setup	0	2017-09-20 23:00:00	0	2.37403e-06	6.19681	0.000900212	0	0.00225006	0.0011057	0.00129764	0.00241749	0.00226976	4.38333e-06	0	0	0	0	0.0703632	0	0.00935513	0.0138869	-3.93023e-14	0.575538	0.502792	0.0133954	0.000317413	54.0551	40583.7	19255.1	28764.3	295.7	786.321	79.0739	58.4285	4.87152	0	0	7.1869	4373.34	1492.84	2338.22	42.7256	30.7647	3.12401	6.78209	20.6882	0	0	0.123422
setup	0	2017-09-21 23:00:00	0	3.97513e-06	5.21914	0.000536573	0	0.00223235	0.00111208	0.00115687	0.0019843	0.00172102	4.33362e-06	0	0	0	0	0.0702717	0	0.00934297	0.0136448	-3.93023e-14	0.493166	0.458921	0.0116253	0.000315024	53.9849	40581.6	19253.2	28763.4	298.402	783.166	77.7341	54.6626	4.89072	0	0	7.17756	4373.47	1492.9	2338.54	43.1484	30.6446	3.07322	6.40118	20.8163	0	0	0.12323
setup	0	2017-09-22 23:00:00	0	7.68971e-06	4.28652	4.05108e-05	0	0.00221502	0.00130418	0.00095193	0.00142819	0.00116605	4.51295e-06	0	0	0	0	0.0701803	0	0.00933083	0.0136256	-3.93023e-14	0.437755	0.418874	0.0104297	0.00031317	53.9147	40580.5	19252.2	28762.6	299.473	780.026	76.833	52.9204	4.99576	0	0	7.16823	4373.6	1492.97	2338.71	43.3909	30.5252	3.03917	6.18276	20.9466	0	0	0.123176
setup	0	2017-09-23 23:00:00	0	1.36112e-05	3.90093	8.05709e-06	0	0.00219777	0.00111928	0.00086554	0.00119538	0.000964353	4.69274e-06	0	0	0	0	0.0700891	0	0.0093187	0.0136256	-3.93023e-14	0.420359	0.40351	0.00988147	0.000316551	53.8446	40579.7	19251.7	28761.9	299.852	776.902	76.107	52.0732	5.09997	0	0	7.15891	4373.73	1493.04	2338.85	43.5357	30.4065	3.0118	6.05968	21.0728	0	0	0.123108
setup	0	2017-09-24 23:00:00	0	2.43671e-05	3.66332	8.1117e-06	0	0.00218066	0.000999901	0.000820569	0.00106284	0.000850608	4.93369e-06	0	0	0	0	0.069998	0	0.00930658	0.0136258	-3.93023e-14	0.406227	0.392621	0.009488	0.00032086	53.7747	40579.1	19251.3	28761.4	299.849	773.791	75.5103	51.7212	5.19274	0	0	7.1496	4373.86	1493.14	2338.96	43.6267	30.2883	2.98936	5.99557	21.1906	0	0	0.123366
setup	0	2017-09-25 23:00:00	0	3.94366e-05	3.50504	5.5984e-05	0	0.00216375	0.000892125	0.000786321	0.000965656	0.000769113	5.09274e-06	0	0	0	0	0.0699071	0	0.00929448	0.0136256	-3.93023e-14	0.398157	0.385472	0.0091367	0.000321493	53.7048	40578.7	19251.1	28760.9	299.61	770.695	75.0021	51.6789	5.2759	0	0	7.14031	4373.99	1493.24	2339.05	43.6798	30.1707	2.97028	5.97151	21.3033	0	0	0.123161
setup	0	2017-09-26 23:00:00	0	7.29522e-05	3.40918	0.000860607	0	0.00214707	0.000844909	0.000771783	0.000903401	0.00070676	5.51524e-06	0	0	0	0	0.0698163	0	0.0092824	0.0136256	-3.93023e-14	0.390235	0.379839	0.00884595	0.000332611	53.6351	40578.4	19251	28760.4	299.187	767.611	74.5294	51.8786	5.35572	0	0	7.13103	4374.13	1493.35	2339.14	43.7132	30.0535	2.95256	5.97678	21.4069	0	0	0.123587
setup	0	2017-09-27 23:00:00	0	0.000120602	3.30535	0.00187572	0	0.00213065	0.000721191	0.000747456	0.000827332	0.000649978	5.75979e-06	0	0	0	0	0.0697256	0	0.00927033	0.0136256	-3.93023e-14	0.387088	0.375724	0.0085299	0.000332821	53.5655	40578.1	19251	28760	298.677	764.541	74.1456	52.1935	5.41775	0	0	7.12175	4374.26	1493.47	2339.22	43.7207	29.937	2.93822	6.00177	21.5125	0	0	0.123506
setup	0	2017-09-28 23:00:00	0	0.000183738	3.24762	0.00218546	0	0.00211449	0.000767619	0.000725932	0.000779114	0.000617931	5.7381e-06	0	0	0	0	0.0696352	0	0.00925828	0.0136263	-3.93023e-14	0.384719	0.37297	0.00836572	0.000326184	53.4961	40577.9	19251.1	28759.6	298.164	761.485	73.8237	52.5243	5.45692	0	0	7.1125	4374.39	1493.59	2339.3	43.7162	29.821	2.92623	6.03739	21.617	0	0	0.123447
setup	0	2017-09-29 23:00:00	0	0.000274604	3.27372	0.00182681	0	0.00209852	0.000903005	0.000720717	0.000778428	0.00061949	5.6282e-06	0	0	0	0	0.0695449	0	0.00924625	0.0136275	-3.93023e-14	0.385394	0.373985	0.00838986	0.000321069	53.4269	40577.7	19251.1	28759.2	297.718	758.442	73.4956	52.7849	5.47174	0	0	7.10325	4374.52	1493.71	2339.4	43.7167	29.7056	2.914	6.07569	21.7144	0	0	0.123174
setup	0	2017-09-30 23:00:00	0	0.000438001	3.15359	0.00153208	0	0.00208276	0.00107932	0.000692686	0.00071916	0.0005698	5.64622e-06	0	0	0	0	0.0694549	0	0.00923423	0.0136258	-3.93023e-14	0.375544	0.365166	0.00808585	0.000316374	53.3579	40577.5	19251.2	28758.9	297.21	755.415	73.2606	53.1051	5.50963	0	0	7.09402	4374.64	1493.84	2339.47	43.7084	29.5907	2.9053	6.11513	21.815	0	0	0.123098
setup	0	2017-10-01 23:00:00	0	0.00094912	3.17737	0.00126426	0	0.00206709	0.00104153	0.00069051	0.000716378	0.00056522	5.74359e-06	0	0	0	0	0.0694268	0	0.00922222	0.0136271	-3.93023e-14	0.376448	0.365682	0.00809839	0.000318592	53.2895	40577.4	19251.3	28758.6	296.734	752.399	73.0077	53.4017	5.52417	0	0	7.08479	4374.77	1493.97	2339.55	43.7024	29.4764	2.89592	6.15698	21.9115	0	0	0.123328
setup	0	2017-10-02 23:00:00	0	0.00346654	3.08912	0.0013956	0	0.00205161	0.000934879	0.00067324	0.000667789	0.000523034	5.90746e-06	0	0	0	0	0.069442	0	0.00921023	0.0136257	-3.93023e-14	0.370473	0.360702	0.00781628	0.000318643	53.2219	40577.3	19251.4	28758.2	296.191	749.397	72.8127	53.7684	5.55823	0	0	7.07558	4374.9	1494.09	2339.62	43.6859	29.3626	2.88873	6.20175	22.0136	0	0	0.123354
setup	0	2017-10-03 23:00:00	0	0.00849554	3.03644	0.00180257	0	0.00203635	0.000869934	0.000657147	0.000627478	0.000490462	6.07509e-06	0	0	0	0	0.0692287	0	0.00919826	0.0136256	-3.93023e-14	0.359905	0.352012	0.00759605	0.000319262	53.1545	40577.2	19251.7	28757.9	295.601	746.409	72.6417	54.2047	5.59245	0	0	7.06639	4375.03	1494.22	2339.69	43.675	29.2493	2.88246	6.2515	22.1048	0	0	0.123446
setup	0	2017-10-04 23:00:00	0	0.0173404	2.96758	0.00205139	0	0.00202132	0.000950201	0.000639388	0.000584541	0.000461703	6.16341e-06	0	0	0	0	0.0691008	0	0.0091863	0.0136256	-3.93023e-14	0.360114	0.350431	0.00738519	0.000315754	53.0873	40577.2	19251.9	28757.6	295.003	743.434	72.529	54.6581	5.62134	0	0	7.0572	4375.16	1494.34	2339.75	43.646	29.1367	2.87841	6.3051	22.2065	0	0	0.123224
setup	0	2017-10-05 23:00:00	0	0.0320267	2.94265	0.00243698	0	0.0020489	0.000824256	0.000635648	0.000564048	0.000435048	6.49943e-06	0	0	0	0	0.0690135	0	0.00917436	0.0136256	-3.93023e-14	0.352425	0.34527	0.00717307	0.000323555	53.0206	40577.3	19252.2	28757.4	294.34	740.471	72.3963	55.2028	5.66148	0	0	7.04802	4375.29	1494.47	2339.81	43.6223	29.0244	2.87358	6.36523	22.2992	0	0	0.123525
setup	0	2017-10-06 23:00:00	0	0.0543095	2.87769	0.00281644	0	0.00268232	0.000736412	0.000617551	0.000517903	0.00040953	6.58096e-06	0	0	0	0	0.0689268	0	0.00916243	0.0136256	-3.93023e-14	0.349241	0.341585	0.00694578	0.000317424	52.9533	40577.3	19252.5	28757.2	293.673	737.522	72.3191	55.7662	5.69119	0	0	7.03886	4375.41	1494.6	2339.87	43.588	28.9128	2.87086	6.42962	22.3949	0	0	0.123442
setup	0	2017-10-07 23:00:00	0	0.0845301	2.81557	0.00251091	0	0.00243376	0.000915562	0.000597175	0.000483843	0.000386308	6.58558e-06	0	0	0	0	0.0688393	0	0.00915052	0.0136256	-3.93023e-14	0.344204	0.336076	0.00674061	0.00031125	52.8848	40577.4	19252.9	28757	293.003	734.586	72.286	56.344	5.72047	0	0	7.02971	4375.54	1494.72	2339.92	43.5476	28.8017	2.86982	6.49684	22.4912	0	0	0.123255
setup	0	2017-10-08 23:00:00	0	0.12638	3.87487	0.00253724	0	0.00225563	0.00088296	0.000791147	0.000974681	0.00078502	6.00727e-06	0	0	0	0	0.0687503	0	0.00913863	0.0136909	-3.93023e-14	0.44479	0.415082	0.00952649	0.000326162	52.814	40576.5	19252.2	28756.9	293.56	731.656	71.6337	55.4824	5.49804	0	0	7.02057	4375.66	1494.84	2340.17	43.5973	28.6906	2.84516	6.5039	22.5764	0	0	0.123404
setup	0	2017-10-09 23:00:00	0	0.181432	4.46848	0.00261878	0	0.00228503	0.000897732	0.000973429	0.00145221	0.0011605	5.6706e-06	0	0	0	0	0.0686582	0	0.00912675	0.0136883	-3.93023e-14	0.484187	0.450715	0.010948	0.000340037	52.7389	40574.9	19250.9	28756.6	294.981	728.73	70.7054	53.3473	5.33904	0	0	7.01145	4375.78	1494.94	2340.48	43.7803	28.5792	2.80998	6.37057	22.6766	0	0	0.12346
setup	0	2017-10-10 23:00:00	0	0.256172	4.86249	0.00261052	0	0.00226801	0.000975173	0.00113126	0.00186105	0.0014744	5.65059e-06	0	0	0	0	0.0685606	0	0.00911488	0.0136916	-3.93023e-14	0.510117	0.476589	0.0120181	0.000361377	52.6589	40573	19249.1	28756.1	296.866	725.808	69.5955	50.4629	5.22161	0	0	7.00233	4375.9	1495.02	2340.83	44.0611	28.4677	2.7679	6.12559	22.7955	0	0	0.124032
setup	0	2017-10-11 23:00:00	0	0.357955	4.15648	0.00319977	0	0.00277906	0.000755909	0.00100514	0.00146489	0.00108639	6.06587e-06	0	0	0	0	0.0684565	0	0.00910303	0.01363	-3.93023e-14	0.454511	0.437391	0.0105267	0.000366782	52.5683	40571.7	19248.1	28755.4	297.503	722.897	68.7806	49.0561	5.27576	0	0	6.99323	4376.02	1495.09	2341.04	44.2412	28.3565	2.73709	5.96023	22.9267	0	0	0.124174
setup	0	2017-10-12 23:00:00	0	0.481315	5.65931	0.00354765	0	0.00283899	0.000746789	0.00140973	0.00265688	0.00219784	5.18513e-06	0	0	0	0	0.0683388	0	0.0090912	0.0138394	-3.93023e-14	0.592126	0.541064	0.0150166	0.00038527	52.4604	40568.9	19245.5	28754.9	300.34	719.986	67.3699	44.7634	5.0621	0	0	6.98414	4376.13	1495.14	2341.52	44.6366	28.2448	2.68357	5.57726	23.0719	0	0	0.124474
setup	0	2017-10-13 23:00:00	0	0.629431	4.83287	0.00364942	0	0.00272047	0.000747724	0.00129191	0.00224765	0.00169404	5.39764e-06	0	0	0	0	0.0681985	0	0.00907938	0.0136441	-3.93023e-14	0.518206	0.495883	0.0134026	0.000390089	52.3292	40567	19243.7	28754.1	301.556	717.084	66.2322	42.3606	5.1156	0	0	6.97506	4376.25	1495.18	2341.82	44.9279	28.1334	2.64048	5.29548	23.2164	0	0	0.124487
setup	0	2017-10-14 23:00:00	0	0.785358	3.92168	0.00301067	0	0.00275002	0.00103344	0.00104985	0.00157517	0.00111336	5.52478e-06	0	0	0	0	0.068028	0	0.00906758	0.0136257	-3.93023e-14	0.456471	0.446889	0.0115854	0.000371617	52.1507	40565.9	19242.9	28753.5	301.512	714.2	65.5724	41.5723	5.25435	0	0	6.96599	4376.37	1495.23	2341.99	45.0492	28.0229	2.6156	5.16738	23.3617	0	0	0.124104
setup	0	2017-10-15 23:00:00	0	0.940982	3.67715	0.00241689	0	0.00206357	0.00103405	0.000962356	0.00134115	0.000947163	5.64698e-06	0	0	0	0	0.067796	0	0.00905579	0.0136285	-3.93023e-14	0.441681	0.432928	0.0110036	0.000371627	51.9364	40565.1	19242.3	28752.9	301.053	711.331	65.0058	41.3779	5.36494	0	0	6.95693	4376.49	1495.31	2342.14	45.1034	27.9131	2.59426	5.11909	23.4929	0	0	0.124178
setup	0	2017-10-16 23:00:00	0	1.13584	3.3553	0.00259401	0	0.00244307	0.000937927	0.00088268	0.0011031	0.000761674	6.19175e-06	0	0	0	0	0.0675174	0	0.00904402	0.0136261	-3.93023e-14	0.418307	0.411758	0.0100427	0.000377589	51.6685	40564.6	19242	28752.5	300.199	708.477	64.6041	41.7058	5.50653	0	0	6.94789	4376.61	1495.4	2342.25	45.0976	27.804	2.57919	5.12778	23.6216	0	0	0.124644
setup	0	2017-10-17 23:00:00	0	1.33294	3.15182	0.00354528	0	0.00328054	0.000760973	0.000822144	0.000924274	0.000635445	6.70535e-06	0	0	0	0	0.0671691	0	0.00903226	0.0136266	-3.93023e-14	0.402943	0.396548	0.00922154	0.000378852	51.3208	40564.2	19242	28752.1	299.137	705.638	64.3132	42.3478	5.63687	0	0	6.93886	4376.73	1495.5	2342.35	45.0515	27.6957	2.56834	5.17756	23.7455	0	0	0.124852
setup	0	2017-10-18 23:00:00	0	1.50652	3.07374	0.00416122	0	0.00339558	0.000766475	0.000790549	0.000834088	0.000582715	7.1159e-06	0	0	0	0	0.066717	0	0.00902052	0.0136295	-3.93023e-14	0.393509	0.38813	0.00881307	0.000377229	50.8753	40564	19242	28751.9	298.062	702.813	64.0828	43.0672	5.72123	0	0	6.92984	4376.85	1495.62	2342.46	44.9934	27.588	2.55977	5.24991	23.8579	0	0	0.124955
setup	0	2017-10-19 23:00:00	0	1.64281	5.22443	0.00350399	0	0.00258938	0.000765347	0.0010855	0.00233881	0.00413842	1.67647e-06	0	0	0	0	0.066138	0	0.00900879	0.0144042	-3.93023e-14	0.556271	0.499611	0.017327	0.000361524	50.3903	40561.6	19239.8	28750.6	300.292	699.998	62.9434	39.5717	5.44632	0	0	6.92083	4376.96	1495.73	2342.74	45.2724	27.4807	2.51653	5.01401	23.9634	0	0	0.134282
setup	0	2017-10-20 23:00:00	0	1.83898	4.52061	0.00135969	0	0.00196645	0.00110309	0.00125757	0.00264483	0.00355912	1.30873e-06	0	0	0	0	0.0655074	0	0.00899708	0.0136514	-3.93023e-14	0.483566	0.463501	0.0149388	0.000354575	49.8454	40559.8	19238.3	28749.9	301.31	697.195	61.9045	37.5407	5.47827	0	0	6.91183	4377.08	1495.83	2343.01	45.5104	27.3738	2.47714	4.81072	24.0769	0	0	0.137476
setup	0	2017-10-21 23:00:00	0	2.00025	3.97536	0.00137712	0	0.0019565	0.0010883	0.00141902	0.00286974	0.00273615	1.97327e-06	0	0	0	0	0.064799	0	0.00898538	0.013628	-3.93023e-14	0.452992	0.438316	0.0133402	0.000341712	49.1845	40558.6	19237.4	28749.1	301.368	694.407	61.0601	36.7508	5.57362	0	0	6.90285	4377.19	1495.94	2343.19	45.6243	27.2678	2.44514	4.7248	24.1916	0	0	0.134171
setup	0	2017-10-22 23:00:00	0	2.15365	4.02433	0.000937489	0	0.00218591	0.00136592	0.00145253	0.00276919	0.00152157	4.37027e-06	0	0	0	0	0.0639399	0	0.0089737	0.0136256	0.0645289	0.489814	0.474876	0.0135007	0.000341107	48.3947	40557.4	19236.4	28750	301.393	691.624	60.383	35.9031	5.51971	0	0	6.89387	4377.24	1495.99	2343.58	45.6831	27.1617	2.41951	4.66874	24.2572	0	0	0.126678
setup	0	2017-10-23 23:00:00	0	2.54518	3.69017	0.000732893	0	0.00209166	0.00122311	0.00107639	0.00181857	0.0011401	4.90068e-06	0	0	0	0	0.0629131	0	0.00474988	0.0136612	0.307584	0.491104	0.461625	0.0121309	0.000341285	47.5912	40556.4	19235.7	28750	300.944	688.848	59.9152	35.6136	5.50742	0	0	6.88844	4377.05	1495.79	2343.54	45.6531	27.0516	2.40186	4.6255	24.1475	0	0	0.124908
setup	0	2017-10-24 23:00:00	0	3.05937	3.73939	0.000845803	0	0.00257432	0.00147099	0.00104757	0.00172128	0.00117063	4.98267e-06	0	0	0	0	0.0618686	0	0.00474613	0.0136916	0.310247	0.510241	0.487886	0.0121646	0.0003569	46.7356	40555.4	19234.9	28750.1	300.497	686.082	59.4259	35.3184	5.46466	0	0	6.88228	4376.85	1495.6	2343.53	45.5953	26.9418	2.38336	4.58938	24.0583	0	0	0.125227
setup	0	2017-10-25 23:00:00	0	3.29777	4.4757	0.000299573	0	0.00191802	0.00109479	0.00126905	0.00238839	0.00177835	4.54248e-06	0	0	0	0	0.0607563	0	0.00474189	0.0138688	0.406131	0.592724	0.554178	0.0147145	0.000376435	45.8987	40553.7	19233.4	28750.4	300.908	683.318	58.6361	33.8546	5.27197	0	0	6.87807	4376.55	1495.32	2343.56	45.6125	26.8318	2.35338	4.45414	23.9044	0	0	0.125548
setup	0	2017-10-26 23:00:00	0	3.5894	4.74372	0.000421821	0	0.0019173	0.00115255	0.00140406	0.00297772	0.00239576	3.39629e-06	0	0	0	0.215023	0.0596683	0.00457814	0.00473899	0.013907	0.454245	0.614488	0.579108	0.0165187	0.000378907	45.076	40551.7	19231.5	28750.4	301.704	680.776	57.7185	31.7819	5.15273	0	0	6.87158	4376.2	1495	2343.57	45.6892	26.7267	2.31852	4.24183	23.7249	0	0	0.127522
setup	0	2017-10-27 23:00:00	0	3.89303	4.48142	0.000556418	0	0.00227875	0.00139961	0.00143575	0.00288028	0.00202232	4.06095e-06	0	0	0	0.255738	0.0585988	0.00540319	0.00473452	0.013754	0.560037	0.605841	0.56999	0.0151166	0.000385053	44.3686	40549.9	19230	28750.5	301.893	678.278	56.9205	30.2845	5.18463	0	0	6.86479	4375.75	1494.58	2343.44	45.7147	26.6223	2.28818	4.03531	23.4817	0	0	0.126997
setup	0	2017-10-28 23:00:00	0	4.09471	3.66327	0.000812554	0	0.00259788	0.00130969	0.00116525	0.0020004	0.00123062	4.72232e-06	0	0	0	0.301986	0.0576792	0.00634093	0.00472984	0.0136482	0.531921	0.542631	0.517637	0.0116855	0.000381173	43.6795	40548.9	19229.2	28750.4	300.975	675.842	56.4524	30.2165	5.39895	0	0	6.85586	4375.33	1494.22	2343.18	45.5845	26.5198	2.27036	3.97056	23.2742	0	0	0.126934
setup	0	2017-10-29 23:00:00	0	4.02463	4.24681	0.000735149	0	0.0023484	0.00143287	0.0012438	0.00253748	0.00192339	3.36791e-06	0	0	0	0.354046	0.0567834	0.00738879	0.00472369	0.0139406	0.518964	0.584197	0.557749	0.0143972	0.000365814	43.0428	40547.4	19227.9	28750.7	300.9	673.47	55.7746	29.2971	5.25399	0	0	6.84816	4374.92	1493.89	2343.09	45.5245	26.419	2.2445	3.89354	23.0292	0	0	0.128154
setup	0	2017-10-30 23:00:00	0	3.96588	3.23907	0.000324348	0	0.00221023	0.00186599	0.0010226	0.00164955	0.000976215	4.41216e-06	0	0	0	0.412104	0.0559556	0.00857185	0.00471838	0.0136295	0.520518	0.494317	0.472417	0.0096742	0.000340117	42.488	40546.8	19227.6	28750.8	299.734	671.172	55.5853	29.5748	5.51966	0	0	6.84057	4374.52	1493.58	2342.81	45.3582	26.3204	2.2372	3.86814	22.822	0	0	0.126639
setup	0	2017-10-31 23:00:00	0	3.80694	2.59539	8.7223e-06	0	0.00182782	0.00168481	0.000765992	0.00094711	0.000531674	5.09858e-06	0	0	0	0.476236	0.0552344	0.00989091	0.00471315	0.0136256	0.355625	0.40424	0.403332	0.00690551	0.00032183	41.8809	40546.9	19227.9	28751	298.088	668.957	55.7235	30.5947	5.85734	0	0	6.83284	4374.28	1493.42	2342.59	45.1632	26.2244	2.24233	3.9253	22.7203	0	0	0.126407
setup	0	2017-11-01 23:00:00	0	3.52666	3.0518	0.0002289	0	0.00269582	0.0014095	0.000777452	0.00103735	0.000687756	4.85568e-06	0	0	0	0.546386	0.0544451	0.0113481	0.00470783	0.013732	0.330182	0.450875	0.433432	0.00795486	0.000313518	41.3073	40546.5	19227.7	28751.5	296.813	666.822	55.6359	31.4686	5.74284	0	0	6.82772	4374.06	1493.28	2342.53	44.9677	26.1303	2.23878	4.02632	22.6028	0	0	0.125523
setup	0	2017-11-02 23:00:00	0	3.48369	3.90928	1.11293e-05	0	0.0018045	0.00174359	0.000698348	0.00157463	0.0019724	1.30354e-06	0	0	0	0.62379	0.0536995	0.0129904	0.0047043	0.014375	0.365141	0.514739	0.475384	0.0127178	0.000311122	40.8056	40545.3	19226.7	28751	297.095	664.774	55.1706	30.4219	5.53918	0	0	6.82268	4373.81	1493.11	2342.4	44.936	26.0384	2.22081	3.96809	22.4564	0	0	0.135894
setup	0	2017-11-03 23:00:00	0	3.53355	5.15185	1.57616e-05	0	0.00178044	0.00172829	0.00128811	0.00342801	0.00573451	8.84248e-07	0	0	0	0.710304	0.0530472	0.0148327	0.00470083	0.0142536	0.354031	0.601772	0.54421	0.0199612	0.000320136	40.3582	40542.8	19224.5	28749.3	299.117	662.82	54.0542	26.9726	5.36828	0	0	6.81709	4373.55	1492.94	2342.28	45.1652	25.9487	2.17797	3.65884	22.3251	0	0	0.143792
setup	0	2017-11-04 23:00:00	0	3.85532	5.09765	1.8104e-05	0	0.00175496	0.00169196	0.00148174	0.00408879	0.00498168	8.33002e-07	0	0	0	0.806699	0.207857	0.0168857	0.00469697	0.0142866	0.500472	0.619808	0.603316	0.0200832	0.000332332	40.4401	40540.4	19222.3	28750.6	299.995	660.946	53.0526	24.7283	5.13013	0	0	6.81141	4373.15	1492.61	2342.52	45.3296	25.8595	2.13955	3.4028	22.0502	0	0	0.145496
setup	0	2017-11-05 23:00:00	0	4.33656	4.6745	2.20694e-05	0	0.00172462	0.00186722	0.00145339	0.00405161	0.00488117	7.99424e-07	0	0	0	0.913772	0.379404	0.0191715	0.00469306	0.013918	0.592323	0.663516	0.594549	0.0223246	0.000344589	41.0634	40538.7	19220.7	28749.7	300.149	659.186	52.2018	23.2469	5.29237	0	0	6.80431	4372.65	1492.18	2342.18	45.2725	25.7728	2.10688	3.20637	21.8355	0	0	0.152451
setup	0	2017-11-06 23:00:00	0	4.60247	4.44315	2.72181e-05	0	0.00223903	0.0017238	0.00135775	0.00406052	0.00558778	6.54157e-07	0	0	0	1.03233	0.440489	0.0216866	0.00468817	0.0137303	0.568875	0.617551	0.571603	0.0226673	0.00036476	41.8919	40537.3	19219.4	28748.7	299.767	657.558	51.3209	22.5366	5.55527	0	0	6.79664	4372.18	1491.83	2341.8	45.1798	25.6895	2.07301	3.10188	21.5964	0	0	0.15948
setup	0	2017-11-07 23:00:00	0	4.69447	4.23916	3.04856e-05	0	0.00360142	0.00158475	0.00113468	0.00375059	0.00684425	4.12694e-07	0	0	0	1.16319	0.543613	0.0244561	0.00468288	0.0137691	0.5823	0.591151	0.554287	0.0256105	0.000365471	43.0338	40536.2	19218.4	28748	299.114	656.075	50.551	22.2448	5.85581	0	0	6.78941	4371.7	1491.51	2341.42	45.044	25.6098	2.04337	3.05259	21.3249	0	0	0.17205
setup	0	2017-11-08 23:00:00	0	4.64021	5.19989	2.91084e-05	0	0.00380215	0.00178488	0.00157707	0.00506957	0.00597134	4.77291e-07	0	0	0	1.30716	0.524066	0.0275141	0.0046779	0.0160051	0.510893	0.715186	0.700071	0.0311523	0.000389467	44.1166	40534	19216.3	28750.7	298.96	654.709	49.8458	21.1768	5.29565	0	0	6.78243	4371.28	1491.1	2341.84	44.9825	25.5306	2.01619	2.9168	21.1233	0	0	0.169412
setup	0	2017-11-09 23:00:00	0	4.97185	5.12545	2.70448e-05	0	0.00409826	0.00161755	0.00236822	0.00788257	0.00432072	1.10158e-06	0	0	0	1.46503	0.792526	0.030876	0.0046731	0.0140265	0.603969	0.7273	0.691552	0.0264072	0.000414652	46.0205	40532.3	19214.5	28752.5	298.629	653.495	49.1821	19.93	5.42319	0	0	6.77628	4370.78	1490.58	2341.97	44.9234	25.4541	1.99044	2.71211	20.901	0	0	0.150417
setup	0	2017-11-10 23:00:00	0	5.2385	4.96713	2.59146e-05	0	0.00422289	0.00226466	0.00125646	0.00406416	0.00649295	4.66145e-07	0	0	0	1.63757	0.89678	0.0345737	0.00466886	0.0145986	0.604019	0.723946	0.693724	0.0406773	0.0004464	48.2323	40530.7	19212.9	28751.8	298.019	652.461	48.5665	19.143	5.59403	0	0	6.76954	4370.27	1490.14	2341.63	44.7817	25.3816	1.96653	2.58987	20.674	0	0	0.168529
setup	0	2017-11-11 23:00:00	0	5.27931	4.766	3.01684e-05	0	0.00426104	0.00182013	0.00178836	0.006428	0.00680873	5.4328e-07	0	0	0	1.82552	0.947395	0.0385924	0.00466421	0.0136556	0.568884	0.684256	0.635181	0.032369	0.000457841	50.5942	40529.5	19211.7	28750.8	297.116	651.629	47.9892	18.8002	5.85188	0	0	6.76318	4369.8	1489.8	2341.23	44.6076	25.3139	1.944	2.52624	20.4613	0	0	0.171287
setup	0	2017-11-12 23:00:00	0	5.21653	4.60942	3.03185e-05	0	0.00426929	0.00176093	0.0020371	0.00721937	0.00513996	7.71617e-07	0	0	0	2.02954	0.969664	0.0429693	0.00465983	0.0136292	0.526931	0.647293	0.625399	0.0253495	0.000435986	53.015	40528.4	19210.8	28749.9	296.036	651.014	47.4319	18.859	6.1012	0	0	6.75735	4369.37	1489.53	2340.87	44.4181	25.2515	1.92206	2.52336	20.2525	0	0	0.163641
setup	0	2017-11-13 23:00:00	0	5.20859	4.48903	2.85552e-05	0	0.00428754	0.00185022	0.00145306	0.00522464	0.00390008	5.83768e-07	0	0	0	2.25023	1.02786	0.0477234	0.00465581	0.0137494	0.505729	0.64371	0.603046	0.0253892	0.00043071	55.6019	40527.5	19210	28750.8	294.715	650.624	47.1036	19.2261	6.19467	0	0	6.7521	4368.97	1489.27	2340.8	44.1781	25.1939	1.90873	2.55882	20.0685	0	0	0.165058
setup	0	2017-11-14 23:00:00	0	5.12177	4.42867	2.9421e-05	0	0.00426081	0.00195054	0.00104844	0.00386845	0.00437683	3.18337e-07	0	0	0	2.48812	1.03329	0.0528716	0.0046522	0.0138394	0.46941	0.625221	0.610866	0.0315603	0.000429641	58.1924	40526.6	19209.3	28751	293.471	650.479	46.8753	19.5269	6.22717	0	0	6.74731	4368.6	1489.04	2340.65	43.9543	25.1419	1.89916	2.59774	19.8958	0	0	0.176819
setup	0	2017-11-15 23:00:00	0	5.15594	4.58645	3.2557e-05	0	0.00441861	0.00234072	0.00158976	0.005641	0.00578798	4.71213e-07	0	0	0	2.74361	1.17075	0.0584227	0.0046489	0.01399	0.491043	0.633524	0.588883	0.0285184	0.000403733	61.1888	40525.7	19208.5	28750.5	292.688	650.6	46.5562	19.3854	6.36197	0	0	6.74311	4368.21	1488.79	2340.36	43.7754	25.0963	1.88599	2.59159	19.7063	0	0	0.177545
setup	0	2017-11-16 23:00:00	0	5.5056	4.54972	3.67031e-05	0	0.00464668	0.00239513	0.00159054	0.00588591	0.00541907	5.3934e-07	0	0	0	3.01699	1.36268	0.0643913	0.004646	0.0136767	0.518653	0.624596	0.573444	0.0241622	0.000399482	64.7658	40525.1	19208	28750	291.774	651.003	46.1702	19.4903	6.7157	0	0	6.73917	4367.79	1488.54	2340.02	43.572	25.0572	1.8701	2.60081	19.5039	0	0	0.173889
setup	0	2017-11-17 23:00:00	0	5.45474	4.50365	3.59224e-05	0	0.00459472	0.00197175	0.00177274	0.00657203	0.00421196	7.22738e-07	0	0	0	3.30839	1.31645	0.0707729	0.00464329	0.0136381	0.464939	0.599	0.583465	0.0196653	0.000377115	68.181	40524.4	19207.5	28750.6	290.721	651.705	45.8457	19.9578	6.81089	0	0	6.73526	4367.43	1488.33	2339.91	43.3686	25.025	1.85634	2.65554	19.312	0	0	0.162549
setup	0	2017-11-18 23:00:00	0	5.18004	4.17392	2.97437e-05	0	0.00440739	0.00214413	0.00161818	0.0055951	0.00200376	1.02783e-06	0	0	0	3.61781	1.20658	0.0775603	0.00464059	0.0136392	0.392813	0.557991	0.540333	0.0140191	0.000360445	71.2409	40524	19207.2	28750.6	289.345	652.716	45.7563	20.8572	6.79309	0	0	6.73222	4367.15	1488.17	2339.73	43.1568	24.9996	1.85126	2.7534	19.1598	0	0	0.149579
setup	0	2017-11-19 23:00:00	0	5.04704	4.20286	2.09007e-05	0	0.0043662	0.00215834	0.0015702	0.00482408	0.00147259	2.02179e-06	0	0	0	3.94503	1.22545	0.0847813	0.0046385	0.0136683	0.371432	0.593887	0.560235	0.0110612	0.000343978	74.3457	40523.6	19206.9	28751.6	288.112	654.052	45.7271	21.5613	6.76019	0	0	6.73014	4366.89	1488.01	2339.74	42.923	24.9814	1.84819	2.84718	19.05	0	0	0.13641
setup	0	2017-11-20 23:00:00	0	4.94171	3.65116	1.46644e-05	0	0.00430123	0.00231314	0.00108261	0.00271912	0.000882869	2.48199e-06	0	0	0	4.28966	1.19954	0.0924378	0.00463707	0.0136356	0.34157	0.521248	0.493192	0.00799465	0.000322355	77.3558	40523.7	19207.1	28752	286.572	655.738	45.9112	22.6502	6.98077	0	0	6.72865	4366.66	1487.87	2339.58	42.6983	24.9715	1.853	2.95188	18.9457	0	0	0.13223
setup	0	2017-11-21 23:00:00	0	5.01115	3.31354	9.03683e-06	0	0.00439528	0.00228744	0.000841723	0.00164807	0.000609561	2.81252e-06	0	0	0	4.65107	1.29696	0.100509	0.00463604	0.0136339	0.351671	0.488647	0.4583	0.00644738	0.00030816	80.6537	40524.2	19207.7	28752.5	284.894	657.79	46.2396	24.0421	7.34371	0	0	6.7279	4366.42	1487.74	2339.38	42.4344	24.9703	1.86308	3.08913	18.8315	0	0	0.130168
setup	0	2017-11-22 23:00:00	0	5.05674	3.80932	7.52437e-06	0	0.0043947	0.00215899	0.000837914	0.00150581	0.00076158	2.65901e-06	0	0	0	5.0284	1.32052	0.108988	0.00463552	0.0137924	0.338538	0.535988	0.503407	0.00747317	0.00030871	84.0133	40524.3	19207.9	28753.4	283.729	660.216	46.3912	25.0677	7.29659	0	0	6.72761	4366.19	1487.61	2339.31	42.1934	24.9776	1.86629	3.23018	18.7086	0	0	0.129546
setup	0	2017-11-23 23:00:00	0	5.06166	4.0237	5.79873e-06	0	0.0043534	0.00202552	0.000862221	0.0015	0.000815006	2.70743e-06	0	0	0	5.42057	1.32135	0.117843	0.00463532	0.0137831	0.317385	0.541843	0.51005	0.00753003	0.000316451	87.3597	40524.2	19207.9	28754.1	282.851	663.027	46.4519	25.6645	7.28539	0	0	6.72796	4365.98	1487.48	2339.28	42.0177	24.9937	1.86588	3.31645	18.6007	0	0	0.12908
setup	0	2017-11-24 23:00:00	0	5.08924	4.67749	1.36177e-05	0	0.00438391	0.00207078	0.000443446	0.00115143	0.00162345	5.16106e-07	0	0	0	5.82618	1.37881	0.127056	0.00463557	0.0147348	0.31525	0.579052	0.554043	0.0152908	0.000327657	90.8648	40523.5	19207.3	28754.4	282.853	666.235	46.305	25.2201	7.07187	0	0	6.72912	4365.77	1487.35	2339.26	41.9439	25.0188	1.85758	3.31117	18.4908	0	0	0.149302
setup	0	2017-11-25 23:00:00	0	5.08439	4.3939	2.06027e-05	0	0.00438976	0.0019975	0.000774162	0.00200987	0.00195157	4.69209e-07	0	0	0	6.24361	1.39978	0.136603	0.00463636	0.0136963	0.307347	0.534579	0.502226	0.014927	0.000334186	94.4243	40523.1	19207	28754.7	282.499	669.855	46.2771	25.0574	7.09506	0	0	6.73104	4365.56	1487.22	2339.19	41.8731	25.0536	1.85362	3.28884	18.3964	0	0	0.156928
setup	0	2017-11-26 23:00:00	0	4.99512	4.02447	2.35219e-05	0	0.00432557	0.00207852	0.00103262	0.00249893	0.00149668	7.91433e-07	0	0	0	6.67094	1.36102	0.146444	0.00463769	0.0136434	0.281726	0.494266	0.470922	0.0115033	0.000324766	97.8595	40523.1	19207.1	28754.8	281.753	673.898	46.3448	25.4793	7.2029	0	0	6.73372	4365.39	1487.12	2339.08	41.7612	25.0986	1.85298	3.31972	18.3186	0	0	0.150594
setup	0	2017-11-27 23:00:00	0	4.56068	3.93307	2.0757e-05	0	0.00397736	0.00199967	0.00126852	0.0027628	0.00105582	1.8922e-06	0	0	0	7.10594	1.10831	0.156535	0.00463954	0.0136257	0.19614	0.480187	0.476452	0.00903747	0.000309578	100.506	40522.9	19207.1	28755.6	280.914	678.366	46.4689	26.1213	6.98415	0	0	6.73724	4365.3	1487.09	2339.15	41.6542	25.1536	1.85413	3.39541	18.2776	0	0	0.134547
setup	0	2017-11-28 23:00:00	0	4.44062	3.42536	1.01099e-05	0	0.00392619	0.00204924	0.000901087	0.00158462	0.000603402	2.94507e-06	0	0	0	7.54614	1.10889	0.166827	0.00464196	0.0136326	0.184195	0.442573	0.422232	0.00629193	0.000305564	103.154	40523.2	19207.6	28756.1	279.663	683.26	46.7863	27.0659	7.18468	0	0	6.7421	4365.23	1487.06	2339.12	41.5261	25.2189	1.86219	3.47728	18.2551	0	0	0.130276
setup	0	2017-11-29 23:00:00	0	4.4956	3.58558	4.4075e-06	0	0.00394355	0.00165751	0.000778001	0.00122159	0.000595912	3.06513e-06	0	0	0	7.98876	1.14974	0.177295	0.0046453	0.0137084	0.189172	0.466428	0.440703	0.00655513	0.00030462	105.914	40523.4	19208	28756.8	278.563	688.581	47.0394	28.05	7.18173	0	0	6.74771	4365.15	1487.03	2339.12	41.3781	25.2943	1.86758	3.58738	18.22	0	0	0.129151
setup	0	2017-11-30 23:00:00	0	4.39843	3.60844	3.58147e-06	0	0.00466014	0.00197444	0.000736692	0.00107174	0.000579859	3.06295e-06	0	0	0	8.43075	1.0923	0.187847	0.00464917	0.0137091	0.16891	0.45895	0.438056	0.00659007	0.000296336	108.486	40523.6	19208.3	28757.4	277.644	694.328	47.3199	28.8179	7.13116	0	0	6.75426	4365.09	1487	2339.15	41.2575	25.3802	1.87373	3.67956	18.195	0	0	0.12869
setup	0	2017-12-01 23:00:00	0	4.02075	3.00785	8.4269e-05	0	0.00289573	0.00153341	0.000629514	0.000708848	0.000353834	3.61648e-06	0	0	0	8.8688	0.840841	0.210766	0.00494325	0.0136278	0.0968064	0.376787	0.372833	0.00484744	0.00028957	110.276	40524.2	19209	28757.8	276.279	700.501	47.8534	30.0151	7.19484	0	0	6.76091	4365.11	1487.04	2339.14	41.1424	25.4896	1.889	3.78203	18.2228	0	0	0.127837
setup	0	2017-12-02 23:00:00	0	3.56497	2.81847	5.95253e-05	0	0.00388897	0.00166968	0.000554463	0.000524814	0.000284699	3.75358e-06	0	0	0	9.29938	0.615621	0.316229	0.00705185	0.0136398	0.0777926	0.354348	0.346956	0.00442644	0.000271677	111.365	40524.7	19209.8	28758.2	274.94	707.088	48.4931	31.3045	7.02728	0	0	6.76113	4365.14	1487.1	2339.14	41.0171	25.7066	1.90796	3.9079	18.2496	0	0	0.127455
setup	0	2017-12-03 23:00:00	0	3.38755	2.4712	2.8471e-06	0	0.00325564	0.00167826	0.000490822	0.000373614	0.000195931	4.22134e-06	0	0	0	9.71872	0.501243	0.361055	0.00768653	0.0136259	0.0642394	0.31559	0.309961	0.00358525	0.000265914	112.115	40525.5	19210.9	28758.6	273.488	714.074	49.2797	32.6237	7.04557	0	0	6.75959	4365.19	1487.17	2339.11	40.8913	25.9685	1.93247	4.03063	18.2888	0	0	0.126674
setup	0	2017-12-04 23:00:00	0	3.12885	2.50391	0.000216662	0	0.00403747	0.00151123	0.000470264	0.000331695	0.000190225	4.27396e-06	0	0	0	10.1229	0.347959	0.392239	0.00800045	0.0136434	0.0288821	0.313568	0.310608	0.00365438	0.000257437	112.383	40526.1	19211.8	28759	272.157	721.442	50.0357	33.9847	6.79304	0	0	6.75689	4365.28	1487.27	2339.14	40.7707	26.2613	1.95607	4.17106	18.3421	0	0	0.126119
setup	0	2017-12-05 23:00:00	0	3.08652	3.32444	0.000320098	0	0.00306889	0.00160352	0.000565053	0.000623154	0.000376698	3.7092e-06	0	0	0	10.5077	0.365017	0.447892	0.00878396	0.0138208	0.0667301	0.413726	0.386689	0.00593408	0.000264826	112.724	40526	19212	28759.5	271.668	729.159	50.3791	34.4552	6.2761	0	0	6.75085	4365.33	1487.33	2339.28	40.6802	26.6088	1.96479	4.29244	18.3599	0	0	0.125506
setup	0	2017-12-06 23:00:00	0	3.18887	3.93164	0.000134365	0	0.00332723	0.00179038	0.000687601	0.000986896	0.00062044	3.279e-06	0	0	0	10.869	0.403793	0.421369	0.00797642	0.0138663	0.072743	0.458354	0.431776	0.00767885	0.00027936	113.204	40525.3	19211.5	28759.8	272.058	737.2	50.4881	33.5686	5.94526	0	0	6.74849	4365.36	1487.37	2339.47	40.7337	26.9271	1.96537	4.25799	18.3929	0	0	0.12546
setup	0	2017-12-07 23:00:00	0	3.28632	3.93904	2.00301e-06	0	0.0030015	0.00173143	0.000742731	0.00110302	0.000680388	3.28928e-06	0	0	0	11.2025	0.439968	0.424377	0.0077789	0.0137494	0.0951278	0.452987	0.428809	0.00782984	0.000294127	113.813	40524.7	19211.1	28759.9	272.374	745.537	50.5748	32.5918	5.85183	0	0	6.74679	4365.38	1487.39	2339.61	40.8274	27.2465	1.96539	4.15881	18.4308	0	0	0.125828
setup	0	2017-12-08 23:00:00	0	3.13634	4.19242	5.25691e-06	0	0.00324223	0.00152014	0.000665954	0.00132719	0.000992861	1.58658e-06	0	0	0	11.5038	0.322696	0.407084	0.00725172	0.0139493	0.0453631	0.43979	0.426754	0.00921487	0.000296351	114.065	40523.8	19210.4	28759.4	273.227	754.145	50.4862	31.1577	5.58983	0	0	6.74744	4365.45	1487.45	2339.73	41.0126	27.547	1.95927	4.01698	18.4848	0	0	0.129863
setup	0	2017-12-09 23:00:00	0	3.10843	4.10361	8.90107e-06	0	0.00338364	0.00189616	0.000670106	0.0014105	0.00123067	1.00584e-06	0	0	0	11.7687	0.359022	0.477404	0.00829419	0.0138466	0.115223	0.473462	0.43832	0.0110323	0.000293401	114.452	40523	19209.8	28759.2	273.816	762.982	50.4421	29.8338	5.56225	0	0	6.7432	4365.45	1487.45	2339.83	41.1204	27.9175	1.95491	3.88068	18.5314	0	0	0.135445
setup	0	2017-12-10 23:00:00	0	2.88384	3.76046	1.1398e-05	0	0.00345703	0.00188582	0.000957057	0.00191561	0.00105181	1.56471e-06	0	0	0	11.9929	0.181252	0.402385	0.00684809	0.0136257	0.00332183	0.417286	0.419722	0.0097664	0.000289874	114.292	40522.4	19209.5	28759.2	273.857	772.011	50.5449	29.3262	5.31595	0	0	6.74599	4365.57	1487.56	2340.03	41.2163	28.2104	1.95622	3.81733	18.6328	0	0	0.130172
setup	0	2017-12-11 23:00:00	0	2.75822	3.74761	7.24692e-06	0	0.00314144	0.00172251	0.000945436	0.00166546	0.00088081	2.79794e-06	0	0	0	12.1722	0.166794	0.524305	0.00876979	0.0136575	0.0792934	0.446093	0.423365	0.00973192	0.00029703	114.117	40521.8	19209.2	28759.3	273.806	781.176	50.7378	28.5802	5.29009	0	0	6.73755	4365.61	1487.58	2340.16	41.3034	28.6253	1.96075	3.71378	18.696	0	0	0.126991
setup	0	2017-12-12 23:00:00	0	2.81149	3.09012	4.49415e-06	0	0.00411474	0.00163772	0.000749485	0.00107112	0.000548284	3.40398e-06	0	0	0	12.3029	0.148352	0.45562	0.00752991	0.0136257	0.00490009	0.37851	0.378497	0.00750746	0.000300229	113.825	40522	19209.5	28759.2	272.901	790.437	51.2191	28.8796	5.4345	0	0	6.73686	4365.73	1487.68	2340.24	41.318	28.9689	1.9762	3.69355	18.8181	0	0	0.126263
setup	0	2017-12-13 23:00:00	0	2.68245	2.72764	4.46227e-06	0	0.00266921	0.00147598	0.000624492	0.000720674	0.000387543	3.75568e-06	0	0	0	12.3813	0.147972	0.534439	0.00875791	0.0136256	0.000601298	0.343356	0.340402	0.00643568	0.000288131	113.461	40522.5	19210.3	28759.4	271.7	799.745	51.9159	29.6545	5.57662	0	0	6.7286	4365.86	1487.79	2340.27	41.281	29.3915	1.9996	3.73494	18.927	0	0	0.125864
setup	0	2017-12-14 23:00:00	0	2.71444	2.54524	0.000161542	0	0.00359602	0.00145418	0.000569002	0.00054804	0.000296505	4.32308e-06	0	0	0	12.4039	0.1475	0.535484	0.00874718	0.0136256	2.6834e-14	0.326966	0.323082	0.00574991	0.000293868	112.874	40523.2	19211.3	28759.6	270.336	809.041	52.7063	30.7189	5.71913	0	0	6.71992	4365.99	1487.92	2340.29	41.2095	29.8138	2.02681	3.81444	19.0298	0	0	0.125792
setup	0	2017-12-15 23:00:00	0	2.7477	2.44022	0.000847124	0	0.00351149	0.000996576	0.000535875	0.000436615	0.000241651	4.74193e-06	0	0	0	12.3678	0.146736	0.533936	0.00873589	0.0136256	2.6834e-14	0.318449	0.313634	0.00526824	0.00029327	112.258	40524.1	19212.5	28759.8	268.897	818.265	53.5605	31.9786	5.82453	0	0	6.71118	4366.12	1488.05	2340.3	41.1139	30.233	2.05672	3.92167	19.1285	0	0	0.125367
setup	0	2017-12-16 23:00:00	0	2.76815	2.35674	0.00185619	0	0.0036181	0.00107146	0.0005125	0.000364275	0.000204465	5.15245e-06	0	0	0	12.2705	0.145936	0.529734	0.00872453	0.0136256	2.6834e-14	0.310466	0.305222	0.00489077	0.000292643	111.461	40525.1	19213.7	28760.2	267.45	827.357	54.4776	33.3248	5.91008	0	0	6.70246	4366.25	1488.18	2340.3	41.0045	30.6465	2.08928	4.04536	19.2236	0	0	0.125251
setup	0	2017-12-17 23:00:00	0	2.70918	2.28319	0.00252629	0	0.00298438	0.00127387	0.00047642	0.000297557	0.000185318	4.98109e-06	0	0	0	12.1098	0.144899	0.522798	0.00871319	0.0136265	2.6834e-14	0.301982	0.297092	0.00464896	0.000270542	110.599	40526.2	19215.1	28760.6	266.103	836.256	55.4852	34.6584	5.92876	0	0	6.69374	4366.38	1488.32	2340.29	40.8901	31.0517	2.12547	4.1778	19.3132	0	0	0.124345
setup	0	2017-12-18 23:00:00	0	2.66545	2.61157	0.00219663	0	0.00251749	0.00177277	0.000498928	0.000379108	0.000240084	4.57113e-06	0	0	0	11.8842	0.143779	0.513058	0.00870187	0.0136514	2.6834e-14	0.338405	0.327979	0.00550365	0.000267362	109.686	40527	19216.2	28761	265.063	844.892	56.2892	35.8359	5.73775	0	0	6.68504	4366.52	1488.46	2340.34	40.7769	31.4457	2.15458	4.32676	19.3937	0	0	0.124194
setup	0	2017-12-19 23:00:00	0	2.63007	2.90937	0.00115263	0	0.0031308	0.0017719	0.000538691	0.000491031	0.000315322	4.22888e-06	0	0	0	11.5926	0.142591	0.50047	0.00869055	0.0136627	2.6834e-14	0.366545	0.352692	0.006363	0.000268069	108.639	40527.6	19216.9	28761.4	264.4	853.199	56.9323	36.5423	5.55594	0	0	6.67635	4366.65	1488.59	2340.43	40.7008	31.8253	2.17814	4.44334	19.4761	0	0	0.123952
setup	0	2017-12-20 23:00:00	0	2.60588	2.66986	0.000354952	0	0.00289989	0.00184789	0.00051582	0.000433084	0.000273825	4.30302e-06	0	0	0	11.2347	0.141231	0.485016	0.00867926	0.0136281	2.6834e-14	0.334271	0.326945	0.00575571	0.000265215	107.569	40528.4	19218	28761.7	263.575	861.116	57.7276	37.3058	5.57608	0	0	6.66767	4366.79	1488.73	2340.47	40.6423	32.188	2.2075	4.52847	19.5682	0	0	0.123853
setup	0	2017-12-21 23:00:00	0	2.59775	2.49469	0.000317283	0	0.00335767	0.00177319	0.000487786	0.00036885	0.000231269	4.49855e-06	0	0	0	10.8105	0.13984	0.466702	0.00866797	0.0136256	2.6834e-14	0.312966	0.308211	0.00526663	0.000263678	106.363	40529.4	19219.3	28762.1	262.628	868.577	58.6465	38.2198	5.63622	0	0	6.659	4366.93	1488.86	2340.49	40.5796	32.5311	2.24161	4.61493	19.6593	0	0	0.124154
setup	0	2017-12-22 23:00:00	0	2.59792	2.4124	6.92485e-06	0	0.00282821	0.00155935	0.000469288	0.000325799	0.000205275	4.6609e-06	0	0	0	10.3209	0.138272	0.445566	0.0086567	0.0136256	2.6834e-14	0.304531	0.299485	0.00496079	0.000262157	105.1	40530.6	19220.6	28762.5	261.626	875.518	59.6119	39.2607	5.68871	0	0	6.65035	4367.07	1489	2340.49	40.5083	32.8518	2.27764	4.71187	19.7486	0	0	0.123783
setup	0	2017-12-23 23:00:00	0	2.61453	2.37398	0.000222733	0	0.00338195	0.00150567	0.000462187	0.000300248	0.000187323	4.97329e-06	0	0	0	9.76736	0.136629	0.42167	0.00864545	0.0136256	2.6834e-14	0.300642	0.295144	0.00477825	0.000266926	103.768	40531.8	19222.1	28762.9	260.597	881.878	60.5955	40.3833	5.7336	0	0	6.6417	4367.21	1489.15	2340.48	40.4294	33.1474	2.31454	4.81841	19.8358	0	0	0.124096
setup	0	2017-12-24 23:00:00	0	2.60682	2.3382	0.00109479	0	0.00306949	0.00131305	0.000452308	0.000271547	0.00017544	5.12032e-06	0	0	0	9.15206	0.134898	0.395107	0.00863421	0.0136256	2.6834e-14	0.297759	0.291627	0.00461904	0.000263989	102.363	40533	19223.6	28763.4	259.574	887.597	61.602	41.5537	5.76222	0	0	6.63307	4367.36	1489.29	2340.47	40.3447	33.4154	2.35246	4.93262	19.9216	0	0	0.123719
setup	0	2017-12-25 23:00:00	0	2.60567	2.32089	0.00133626	0	0.00318098	0.00136802	0.000447477	0.000257778	0.000166747	5.319e-06	0	0	0	8.47775	0.133072	0.365996	0.00862299	0.0136256	2.6834e-14	0.296144	0.289452	0.00449794	0.000265433	100.926	40534.3	19225.1	28763.9	258.562	892.618	62.6084	42.758	5.78831	0	0	6.62444	4367.5	1489.44	2340.45	40.2561	33.6532	2.39054	5.05234	20.0064	0	0	0.123949
setup	0	2017-12-26 23:00:00	0	2.59588	2.30126	0.0017889	0	0.00317393	0.0013755	0.000442203	0.000241436	0.000159938	5.49482e-06	0	0	0	7.74784	0.131203	0.334485	0.00861178	0.0136256	2.6834e-14	0.293883	0.287003	0.00438391	0.000265067	99.4596	40535.7	19226.7	28764.4	257.573	896.888	63.6238	43.9776	5.80641	0	0	6.61583	4367.65	1489.59	2340.44	40.1656	33.8587	2.42908	5.17552	20.09	0	0	0.123918
setup	0	2017-12-27 23:00:00	0	2.56999	2.27756	0.00172762	0	0.00309581	0.00145349	0.000433777	0.000225132	0.0001547	5.56101e-06	0	0	0	6.96634	0.129297	0.300746	0.00860058	0.0136256	2.6834e-14	0.290754	0.28391	0.00428013	0.000261214	97.9733	40537	19228.3	28764.9	256.621	900.36	64.6559	45.1909	5.8164	0	0	6.60723	4367.79	1489.74	2340.42	40.0752	34.0297	2.46836	5.30006	20.1722	0	0	0.123679
setup	0	2017-12-28 23:00:00	0	2.54969	2.26315	0.00181386	0	0.00317668	0.00152848	0.000427819	0.000216251	0.000150382	5.64758e-06	0	0	0	6.13785	0.127365	0.264979	0.0085894	0.0136256	2.6834e-14	0.288198	0.2813	0.00420065	0.000259931	96.4851	40538.4	19229.9	28765.4	255.698	902.988	65.6877	46.4043	5.82481	0	0	6.59864	4367.94	1489.89	2340.41	39.9855	34.1644	2.50772	5.42526	20.2533	0	0	0.123805
setup	0	2017-12-29 23:00:00	0	2.54953	2.26171	0.00200396	0	0.00320715	0.00141282	0.000428307	0.000213071	0.000146084	5.8839e-06	0	0	0	5.26747	0.125431	0.227404	0.00857823	0.0136256	2.6834e-14	0.287408	0.279968	0.00410644	0.000264185	94.9901	40539.8	19231.5	28766	254.785	904.735	66.692	47.6448	5.8382	0	0	6.59006	4368.09	1490.04	2340.39	39.8957	34.2609	2.54614	5.55216	20.3343	0	0	0.123776
setup	0	2017-12-30 23:00:00	0	2.53877	2.25514	0.00247671	0	0.00340833	0.00128567	0.000427041	0.000202407	0.000142429	6.09486e-06	0	0	0	4.36079	0.123487	0.188261	0.00856708	0.0136256	2.6834e-14	0.286148	0.278535	0.0040247	0.000265387	93.4776	40541.3	19233.2	28766.5	253.889	905.566	67.6829	48.8999	5.84569	0	0	6.5815	4368.24	1490.19	2340.37	39.8059	34.318	2.58412	5.68044	20.4149	0	0	0.123914
setup	0	2017-12-31 23:00:00	0	2.51355	2.24313	0.00335743	0	0.00347778	0.00129056	0.000422185	0.000191462	0.000139534	6.17702e-06	0	0	0	3.42383	0.121521	0.147811	0.00855595	0.0136256	2.6834e-14	0.284511	0.27671	0.00394606	0.000262945	91.9681	40542.7	19234.9	28767.1	253.019	905.457	68.6626	50.1588	5.84973	0	0	6.57294	4368.38	1490.34	2340.35	39.7166	34.3345	2.62172	5.80948	20.4945	0	0	0.123593
setup	0	2018-01-01 23:00:00	0	2.52021	2.24897	0.00327729	0	0.0036613	0.00137447	0.000428569	0.000195418	0.000135859	6.60651e-06	0	0	0	2.46293	0.119558	0.106328	0.00854482	0.0136256	2.6834e-14	0.284377	0.276101	0.00387295	0.000273169	90.4769	40544.1	19236.5	28767.7	252.152	904.385	69.6007	51.4432	5.86309	0	0	6.5644	4368.53	1490.49	2340.34	39.6272	34.3094	2.65779	5.93987	20.5743	0	0	0.124051
setup	0	2018-01-02 23:00:00	0	2.47682	8.93977	0.00358697	0	0.00324575	0.00103596	0.00108106	0.00304783	0.00552702	1.18452e-06	0	0	0	1.48473	0.11762	0.064098	0.00853371	0.0137663	2.6834e-14	0.807781	0.672996	0.0227963	0.00033259	88.9734	40538.8	19231.5	28764.7	260.336	902.315	67.3105	41.4861	4.9038	0	0	6.55586	4368.66	1490.61	2340.85	40.4469	34.2405	2.57506	5.29141	20.6412	0	0	0.136702
setup	0	2018-01-03 23:00:00	0	2.42616	7.92491	0.00362519	0	0.00336344	0.00123854	0.00201234	0.00552897	0.00454387	1.5966e-06	0	0	0	0.496078	0.115665	0.0214164	0.00852262	0.0137608	2.6834e-14	0.766715	0.705042	0.0263001	0.000376442	87.5134	40534.6	19227.3	28764.4	266.792	899.222	65.4845	33.1759	4.34982	0	0	6.54734	4368.78	1490.6	2341.63	41.3708	34.1263	2.50934	4.34388	20.8713	0	0	0.13274
setup	0	2018-01-04 23:00:00	0	2.35442	6.18618	0.0021685	0	0.00241873	0.00166849	0.00123091	0.00321002	0.00399211	8.62877e-07	0	0	0	0	0.113767	0	0.00851154	0.0137035	2.6834e-14	0.65393	0.606918	0.027379	0.000408016	86.0857	40532	19224.8	28762.8	270.002	895.64	64.1519	28.6835	4.39205	0	0	6.53883	4368.91	1490.53	2341.9	41.9163	33.9908	2.46171	3.76589	21.091	0	0	0.141426
setup	0	2018-01-05 23:00:00	0	2.33183	5.35137	0.00129805	0	0.0027093	0.00176732	0.00169519	0.00440953	0.00352316	1.13913e-06	0	0	0	0	0.111911	0	0.00850048	0.0136256	2.6834e-14	0.605992	0.575352	0.0245053	0.000438534	84.7107	40530.3	19223.2	28761.5	271.278	892.071	62.9766	26.7056	4.5273	0	0	6.53033	4369.04	1490.51	2342.08	42.1888	33.8559	2.41972	3.48778	21.2827	0	0	0.139603
setup	0	2018-01-06 23:00:00	0	2.29615	4.82777	0.00179441	0	0.00307939	0.00141169	0.0017104	0.00429232	0.00296038	1.39533e-06	0	0	0	0	0.110124	0	0.00848943	0.0136256	2.6834e-14	0.571737	0.547992	0.0218814	0.000438207	83.3275	40529.1	19222.2	28760.4	271.654	888.518	62.0428	25.8965	4.66895	0	0	6.52184	4369.17	1490.55	2342.22	42.3234	33.7218	2.3865	3.36327	21.4538	0	0	0.136841
setup	0	2018-01-07 23:00:00	0	2.26248	4.55527	0.00188183	0	0.00304789	0.00147442	0.0016287	0.00396354	0.00260125	1.59902e-06	0	0	0	0	0.108326	0	0.00847839	0.0136256	2.6834e-14	0.553269	0.531914	0.0200389	0.000437731	81.9723	40528.1	19221.5	28759.5	271.605	884.979	61.2454	25.6627	4.79596	0	0	6.51336	4369.31	1490.62	2342.33	42.3897	33.5883	2.35819	3.31847	21.6115	0	0	0.134658
setup	0	2018-01-08 23:00:00	0	2.24712	4.72779	0.00230645	0	0.00350362	0.00137417	0.00179747	0.00425176	0.0023982	2.51492e-06	0	0	0	0	0.106564	0	0.00846737	0.0136256	2.6834e-14	0.582359	0.559686	0.0200454	0.000455191	80.6339	40527	19220.6	28759.1	271.626	881.45	60.4342	25.3494	4.76676	0	0	6.50489	4369.45	1490.7	2342.57	42.4424	33.4552	2.32925	3.29612	21.7609	0	0	0.130509
setup	0	2018-01-09 23:00:00	0	2.21382	4.39997	0.00364017	0	0.0037908	0.0010586	0.00160638	0.00339651	0.00182018	3.74328e-06	0	0	0	0	0.104824	0	0.00845636	0.0136257	2.6834e-14	0.562129	0.544346	0.0184195	0.000461035	79.2978	40526.1	19219.9	28758.4	271.144	877.928	59.9059	25.4119	4.86598	0	0	6.49644	4369.58	1490.77	2342.72	42.4656	33.3222	2.31066	3.26845	21.9348	0	0	0.127866
setup	0	2018-01-10 23:00:00	0	2.14397	4.04027	0.00372146	0	0.00332325	0.00129348	0.00134353	0.002555	0.00141591	3.91509e-06	0	0	0	0	0.103087	0	0.00844537	0.0136256	2.6834e-14	0.530384	0.517542	0.0165907	0.000445726	77.9882	40525.6	19219.7	28757.7	270.35	874.422	59.6431	25.8492	4.97877	0	0	6.48799	4369.72	1490.85	2342.81	42.4401	33.1899	2.3018	3.2934	22.0965	0	0	0.126685
setup	0	2018-01-11 23:00:00	0	2.05335	3.79848	0.00276469	0	0.00265391	0.00172736	0.00118768	0.00207279	0.00119886	3.8626e-06	0	0	0	0	0.101385	0	0.00843439	0.0136256	2.6834e-14	0.5034	0.494909	0.0155269	0.000423563	76.7281	40525.4	19219.6	28757.2	269.483	870.934	59.584	26.3985	5.07594	0	0	6.47956	4369.86	1490.94	2342.88	42.3955	33.0586	2.30042	3.34194	22.2473	0	0	0.125925
setup	0	2018-01-12 23:00:00	0	1.97055	3.64711	0.00156304	0	0.0023511	0.00196002	0.00109481	0.00179158	0.00106606	3.87242e-06	0	0	0	0	0.0997465	0	0.00842342	0.0136256	2.6834e-14	0.484225	0.478148	0.0148391	0.000411072	75.5239	40525.2	19219.7	28756.7	268.593	867.463	59.6427	27.0056	5.15878	0	0	6.47113	4370	1491.05	2342.94	42.3431	32.9282	2.30334	3.40247	22.3902	0	0	0.125926
setup	0	2018-01-13 23:00:00	0	1.89073	3.54938	0.000971932	0	0.00238611	0.00183309	0.00103081	0.00160338	0.000970257	3.868e-06	0	0	0	0	0.0981811	0	0.00841247	0.0136256	2.6834e-14	0.471157	0.466111	0.0142506	0.00040059	74.3615	40525.2	19219.9	28756.2	267.706	864.007	59.7724	27.6385	5.22704	0	0	6.46272	4370.14	1491.17	2342.99	42.2869	32.7984	2.30883	3.4703	22.5272	0	0	0.125534
setup	0	2018-01-14 23:00:00	0	1.83196	3.51297	0.00115712	0	0.00289611	0.00176008	0.000999665	0.00148777	0.000895179	4.14103e-06	0	0	0	0	0.09667	0	0.00840154	0.0136256	2.6834e-14	0.465672	0.460538	0.0138147	0.000407781	73.2431	40525.2	19220.2	28755.8	266.795	860.565	59.9042	28.3258	5.29	0	0	6.45432	4370.28	1491.3	2343.05	42.2266	32.6693	2.31435	3.54504	22.6611	0	0	0.12583
setup	0	2018-01-15 23:00:00	0	1.76789	3.50212	0.00137822	0	0.00301155	0.00134941	0.00097798	0.00139417	0.000835904	4.33385e-06	0	0	0	0	0.0952161	0	0.00839061	0.0136256	2.6834e-14	0.464519	0.458359	0.013368	0.000410733	72.1476	40525.1	19220.4	28755.4	265.874	857.135	60.0218	29.0508	5.34475	0	0	6.44593	4370.42	1491.44	2343.1	42.162	32.5407	2.31931	3.62696	22.7932	0	0	0.125745
setup	0	2018-01-16 23:00:00	0	1.68728	3.4734	0.00174708	0	0.00321339	0.0013192	0.00095612	0.00131008	0.00078302	4.53673e-06	0	0	0	0	0.0937919	0	0.00837971	0.0136256	2.6834e-14	0.460453	0.454346	0.0129451	0.000411974	71.0898	40525.1	19220.7	28754.9	264.968	853.719	60.1529	29.7776	5.39073	0	0	6.43755	4370.56	1491.57	2343.15	42.0963	32.4126	2.32472	3.71147	22.9232	0	0	0.126015
setup	0	2018-01-17 23:00:00	0	1.60321	3.46603	0.002603	0	0.00344256	0.00122872	0.000943442	0.0012464	0.000737174	4.78886e-06	0	0	0	0	0.0924168	0	0.00836881	0.0136256	2.6834e-14	0.460102	0.453251	0.0125539	0.000417757	70.0783	40525.1	19220.9	28754.5	264.051	850.315	60.2621	30.5366	5.43743	0	0	6.42918	4370.7	1491.71	2343.2	42.0276	32.2851	2.32929	3.79987	23.053	0	0	0.125699
setup	0	2018-01-18 23:00:00	0	1.50806	3.43824	0.00326878	0	0.00367795	0.00122178	0.000932203	0.00117894	0.000689595	5.16595e-06	0	0	0	0	0.0911018	0	0.00835793	0.0136256	2.6834e-14	0.457256	0.450637	0.0121349	0.000425966	69.1124	40525.1	19221.2	28754.1	263.131	846.924	60.3792	31.313	5.48196	0	0	6.42082	4370.84	1491.85	2343.25	41.9561	32.1581	2.33412	3.89081	23.1828	0	0	0.125896
setup	0	2018-01-19 23:00:00	0	1.3915	3.40158	0.00393153	0	0.00381712	0.00105285	0.000911243	0.0011066	0.00064667	5.29656e-06	0	0	0	0	0.0898461	0	0.00834707	0.0136256	2.6834e-14	0.453385	0.44695	0.0117203	0.000422102	68.1988	40525.1	19221.5	28753.7	262.22	843.546	60.5134	32.0971	5.52051	0	0	6.41247	4370.98	1491.99	2343.3	41.8824	32.0316	2.33955	3.98419	23.3118	0	0	0.125707
setup	0	2018-01-20 23:00:00	0	1.25324	3.33619	0.00397615	0	0.00344211	0.00130686	0.000879377	0.00103191	0.000608412	5.26006e-06	0	0	0	0	0.0886585	0	0.00833622	0.0136256	2.6834e-14	0.445203	0.439595	0.0113191	0.000409778	67.3537	40525.2	19221.8	28753.3	261.346	840.184	60.6967	32.8556	5.55226	0	0	6.40414	4371.11	1492.13	2343.35	41.81	31.9059	2.34678	4.07642	23.4388	0	0	0.12556
setup	0	2018-01-21 23:00:00	0	1.10531	3.25727	0.00297969	0	0.0030516	0.00162787	0.000845484	0.000962968	0.000572362	5.2417e-06	0	0	0	0	0.0875599	0	0.00832538	0.0136256	2.6834e-14	0.434311	0.429788	0.0109499	0.000398904	66.5882	40525.3	19222.2	28753	260.516	836.836	60.9439	33.5762	5.57827	0	0	6.39581	4371.25	1492.26	2343.4	41.741	31.7808	2.35636	4.16488	23.5634	0	0	0.125317
setup	0	2018-01-22 23:00:00	0	0.957075	3.19175	0.00272601	0	0.00290549	0.00169123	0.000814324	0.000903868	0.000541314	5.15606e-06	0	0	0	0	0.0865646	0	0.00831456	0.0136256	2.6834e-14	0.425465	0.421748	0.0106326	0.000387393	65.9022	40525.5	19222.7	28752.7	259.714	833.504	61.2301	34.2837	5.60128	0	0	6.3875	4371.39	1492.4	2343.44	41.6739	31.6565	2.36736	4.25152	23.6862	0	0	0.124959
setup	0	2018-01-23 23:00:00	0	0.810941	3.14626	0.00240522	0	0.00298005	0.0016067	0.000790666	0.000856961	0.000514182	5.12809e-06	0	0	0	0	0.0856728	0	0.00830375	0.0136256	2.6834e-14	0.419639	0.415339	0.0103136	0.000380748	65.2982	40525.7	19223.1	28752.5	258.92	830.187	61.5243	35.0094	5.62464	0	0	6.37919	4371.53	1492.54	2343.48	41.6065	31.5327	2.37864	4.33897	23.8076	0	0	0.125038
setup	0	2018-01-24 23:00:00	0	0.671016	3.10821	0.00204976	0	0.00290042	0.0016494	0.000774306	0.000816332	0.000488186	5.21643e-06	0	0	0	0	0.0848877	0	0.00829295	0.0136256	2.6834e-14	0.415409	0.410854	0.0100215	0.000379241	64.7732	40525.9	19223.6	28752.2	258.121	826.883	61.8166	35.7662	5.65093	0	0	6.3709	4371.66	1492.67	2343.52	41.5369	31.4096	2.38983	4.42886	23.9285	0	0	0.124779
setup	0	2018-01-25 23:00:00	0	0.541659	3.09423	0.0022403	0	0.00329793	0.00139746	0.0007699	0.000785862	0.000462907	5.51199e-06	0	0	0	0	0.0842052	0	0.00828217	0.0136256	2.6834e-14	0.414692	0.409155	0.00973055	0.000387145	64.3236	40526.1	19224.2	28752	257.291	823.592	62.0771	36.5873	5.68265	0	0	6.36262	4371.8	1492.81	2343.56	41.4622	31.2869	2.39982	4.52424	24.0498	0	0	0.124958
setup	0	2018-01-26 23:00:00	0	0.421089	3.07845	0.00341036	0	0.00374481	0.00116619	0.000769898	0.00075244	0.000437363	5.92216e-06	0	0	0	0	0.0836207	0	0.00827141	0.0136256	2.6834e-14	0.414673	0.408014	0.0094002	0.000397335	63.9434	40526.4	19224.7	28751.8	256.428	820.313	62.3112	37.4734	5.71725	0	0	6.35435	4371.93	1492.94	2343.6	41.381	31.1647	2.40882	4.62642	24.1716	0	0	0.124947
setup	0	2018-01-27 23:00:00	0	0.308101	3.02832	0.00407981	0	0.00373629	0.00114446	0.000755709	0.000703765	0.000413729	6.12005e-06	0	0	0	0	0.0831264	0	0.00826065	0.0136256	2.6834e-14	0.40957	0.403313	0.00908554	0.000394008	63.6292	40526.6	19225.2	28751.6	255.581	817.049	62.5767	38.3601	5.74275	0	0	6.34609	4372.07	1493.08	2343.63	41.2974	31.0431	2.41897	4.73124	24.2918	0	0	0.12488
setup	0	2018-01-28 23:00:00	0	0.211394	2.97091	0.00399184	0	0.00344615	0.00138083	0.000734287	0.000659758	0.000393048	6.15898e-06	0	0	0	0	0.082718	0	0.00824991	0.0136256	2.6834e-14	0.402168	0.396677	0.00882549	0.000385701	63.3781	40527	19225.8	28751.4	254.766	813.799	62.8829	39.2252	5.76148	0	0	6.33784	4372.2	1493.21	2343.67	41.2147	30.9221	2.43062	4.8354	24.4099	0	0	0.124562
setup	0	2018-01-29 23:00:00	0	0.137097	2.93135	0.00356531	0	0.00342374	0.00145625	0.000719706	0.00062787	0.000373574	6.30021e-06	0	0	0	0	0.0823915	0	0.00823919	0.0136256	2.6834e-14	0.396627	0.391419	0.00860597	0.000384273	63.1803	40527.3	19226.4	28751.2	253.96	810.564	63.2	40.0978	5.78069	0	0	6.3296	4372.33	1493.34	2343.7	41.1321	30.8017	2.44267	4.93968	24.5269	0	0	0.124748
setup	0	2018-01-30 23:00:00	0	0.083629	2.90556	0.00457046	0	0.00389786	0.00130607	0.000713172	0.000600989	0.000354889	6.57753e-06	0	0	0	0	0.0821344	0	0.00822848	0.0136256	2.6834e-14	0.393736	0.387791	0.00835851	0.000388584	63.0231	40527.6	19227	28751.1	253.141	807.342	63.5042	41.0094	5.80244	0	0	6.32137	4372.47	1493.48	2343.73	41.047	30.6818	2.45422	5.0467	24.6436	0	0	0.124847
setup	0	2018-01-31 23:00:00	0	0.0460676	2.8555	0.00437866	0	0.00348679	0.00121202	0.000689595	0.000558197	0.000339843	6.37142e-06	0	0	0	0	0.08193	0	0.00821778	0.0136256	2.6834e-14	0.388436	0.382667	0.00810831	0.000372309	62.8952	40528	19227.7	28751	252.344	804.135	63.8301	41.924	5.81676	0	0	6.31315	4372.6	1493.61	2343.76	40.9612	30.5625	2.46657	5.15555	24.7585	0	0	0.12405
setup	0	2018-02-01 23:00:00	0	0.0220347	2.81464	0.00345195	0	0.00313272	0.00165581	0.000674826	0.000535331	0.000325028	6.45947e-06	0	0	0	0	0.0817638	0	0.0082071	0.0136256	2.6834e-14	0.382477	0.376988	0.00793151	0.000370622	62.7885	40528.5	19228.4	28750.9	251.565	800.942	64.1709	42.831	5.83293	0	0	6.30495	4372.73	1493.74	2343.79	40.8764	30.4438	2.47947	5.26363	24.8719	0	0	0.124323
setup	0	2018-02-02 23:00:00	0	0.00772603	2.7656	0.00387572	0	0.00357769	0.00153695	0.000654451	0.000501797	0.000311795	6.36416e-06	0	0	0	0	0.081625	0	0.00819643	0.0136256	2.6834e-14	0.375827	0.370947	0.00774963	0.000359807	62.695	40528.9	19229.1	28750.9	250.814	797.764	64.5404	43.7246	5.84074	0	0	6.29675	4372.87	1493.87	2343.82	40.7929	30.3257	2.49342	5.3708	24.9831	0	0	0.12414
setup	0	2018-02-03 23:00:00	0	0	2.72152	0.00268863	0	0.00267153	0.00173252	0.000638391	0.000478782	0.000299064	6.38046e-06	0	0	0	0	0.0815036	0	0.00818577	0.0136256	2.6834e-14	0.36943	0.364963	0.00758769	0.000355052	62.61	40529.4	19229.9	28750.8	250.085	794.601	64.9287	44.6064	5.85018	0	0	6.28856	4373	1494.01	2343.84	40.7112	30.2082	2.50807	5.4764	25.0934	0	0	0.124029
setup	0	2018-02-04 23:00:00	0	4.77706e-05	2.69045	0.00308091	0	0.00333403	0.00158794	0.000628093	0.00045872	0.00028679	6.4988e-06	0	0	0	0	0.081393	0	0.00817513	0.0136256	2.6834e-14	0.364847	0.360274	0.00742855	0.000354181	62.5287	40529.9	19230.7	28750.8	249.361	791.451	65.3175	45.5017	5.85969	0	0	6.28039	4373.13	1494.14	2343.87	40.6295	30.0913	2.52272	5.58217	25.2026	0	0	0.124166
setup	0	2018-02-05 23:00:00	0	7.23579e-05	2.65902	0.00288848	0	0.00305877	0.00142066	0.000616206	0.000436217	0.000275841	6.50164e-06	0	0	0	0	0.0812873	0	0.0081645	0.0136256	2.6834e-14	0.361425	0.35637	0.0072431	0.000349069	62.4475	40530.4	19231.4	28750.8	248.636	788.315	65.6987	46.4231	5.87235	0	0	6.27222	4373.26	1494.27	2343.89	40.5465	29.9749	2.53709	5.68978	25.3114	0	0	0.123734
setup	0	2018-02-06 23:00:00	0	0.000120157	2.62381	0.00259991	0	0.00298603	0.00151299	0.000604209	0.000415112	0.00026551	6.55049e-06	0	0	0	0	0.0811818	0	0.00815389	0.0136256	2.6834e-14	0.356867	0.351761	0.00708624	0.000345237	62.3665	40531	19232.3	28750.8	247.923	785.192	66.0877	47.3478	5.8836	0	0	6.26407	4373.39	1494.4	2343.91	40.4633	29.8591	2.55174	5.79805	25.4189	0	0	0.123847
setup	0	2018-02-07 23:00:00	0	0.000178785	2.57232	0.00261964	0	0.00322683	0.00162231	0.000581592	0.000385483	0.000257241	6.31408e-06	0	0	0	0	0.0810765	0	0.00814329	0.0136256	2.6834e-14	0.349828	0.345495	0.00695132	0.000329995	62.2858	40531.6	19233.1	28750.9	247.251	782.085	66.5143	48.2412	5.88381	0	0	6.25593	4373.52	1494.53	2343.93	40.3823	29.7438	2.56779	5.90474	25.5234	0	0	0.123516
setup	0	2018-02-08 23:00:00	0	0.000300405	2.51973	0.00174839	0	0.00272264	0.00202728	0.000560708	0.000366	0.000249028	6.12975e-06	0	0	0	0	0.0809715	0	0.0081327	0.0136256	2.6834e-14	0.341833	0.338446	0.00684796	0.000319403	62.2053	40532.2	19234	28750.9	246.622	778.992	66.9783	49.0901	5.88252	0	0	6.24779	4373.65	1494.66	2343.95	40.3055	29.6292	2.58522	6.00761	25.6254	0	0	0.123305
setup	0	2018-02-09 23:00:00	0	0.000580416	2.50301	0.00108956	0	0.00206126	0.0017855	0.000554735	0.000360666	0.000240622	6.24122e-06	0	0	0	0	0.0809287	0	0.00812213	0.0136256	2.6834e-14	0.338531	0.334389	0.00673361	0.000321947	62.1255	40532.8	19234.9	28751	245.986	775.912	67.4188	49.9664	5.89067	0	0	6.23967	4373.78	1494.79	2343.97	40.2289	29.5152	2.60177	6.11032	25.7283	0	0	0.123645
setup	0	2018-02-10 23:00:00	0	0.000999482	2.43269	0.000709166	0	0.00240871	0.00173221	0.000520818	0.000317625	0.000235924	5.63092e-06	0	0	0	0	0.0809144	0	0.00811157	0.0136256	2.6834e-14	0.329656	0.326794	0.0066009	0.000292076	62.0461	40533.5	19235.9	28751.2	245.414	772.848	67.9245	50.7883	5.87438	0	0	6.23156	4373.91	1494.92	2343.98	40.1562	29.4018	2.62073	6.21022	25.8268	0	0	0.122435
setup	0	2018-02-11 23:00:00	0	0.00190428	2.37903	0.000463972	0	0.00246287	0.00228992	0.00049255	0.000306589	0.000232423	5.10192e-06	0	0	0	0	0.0809407	0	0.00810103	0.0136256	2.6834e-14	0.321199	0.318707	0.00654148	0.000273988	61.9674	40534.3	19236.8	28751.3	244.895	769.799	68.4584	51.5579	5.86148	0	0	6.22346	4374.04	1495.04	2344	40.0896	29.2891	2.64075	6.30526	25.9209	0	0	0.122293
setup	0	2018-02-12 23:00:00	0	0.00426278	2.35783	9.47336e-06	0	0.00161619	0.00218833	0.000481609	0.000306543	0.00022742	4.95738e-06	0	0	0	0	0.0811071	0	0.0080905	0.0136256	2.6834e-14	0.317091	0.314098	0.00646697	0.000271341	61.8903	40535	19237.8	28751.5	244.378	766.763	68.9675	52.343	5.86269	0	0	6.21537	4374.17	1495.17	2344.01	40.0252	29.1769	2.65983	6.39845	26.0153	0	0	0.122337
setup	0	2018-02-13 23:00:00	0	0.0090684	2.32627	1.08824e-05	0	0.00159446	0.00201114	0.000471528	0.000293322	0.000221433	4.91437e-06	0	0	0	0	0.0813484	0	0.00807998	0.0136256	2.6834e-14	0.312311	0.30954	0.00636033	0.000267397	61.8149	40535.8	19238.8	28751.7	243.874	763.741	69.4819	53.1281	5.86128	0	0	6.20729	4374.3	1495.3	2344.02	39.9621	29.0653	2.67911	6.49039	26.109	0	0	0.122292
setup	0	2018-02-14 23:00:00	0	0.0171404	2.321	1.08884e-05	0	0.00178344	0.00170297	0.000469422	0.000291849	0.000216056	4.99568e-06	0	0	0	0	0.0814757	0	0.00806947	0.0136256	2.6834e-14	0.311625	0.307666	0.0062501	0.000269582	61.7411	40536.5	19239.8	28751.9	243.345	760.731	69.9495	53.9674	5.87315	0	0	6.19922	4374.43	1495.42	2344.03	39.8968	28.9541	2.69664	6.58486	26.2036	0	0	0.122489
setup	0	2018-02-15 23:00:00	0	0.0285553	2.28538	1.05365e-05	0	0.00264748	0.00171926	0.000458621	0.000271098	0.000210835	4.95108e-06	0	0	0	0	0.0813378	0	0.00805898	0.0136256	2.6834e-14	0.307472	0.30383	0.00612385	0.000262589	61.6676	40537.3	19240.9	28752.1	242.834	757.734	70.4312	54.8036	5.87661	0	0	6.19116	4374.56	1495.55	2344.05	39.8312	28.8434	2.71469	6.68015	26.2957	0	0	0.122123
setup	0	2018-02-16 23:00:00	0	0.0472262	2.27708	1.07962e-05	0	0.00280382	0.00175687	0.000458229	0.000272371	0.000204535	5.13192e-06	0	0	0	0	0.0821867	0	0.00804851	0.0136256	2.6834e-14	0.305974	0.301628	0.0060161	0.000267973	61.5984	40538.1	19241.9	28752.3	242.307	754.75	70.8779	55.6721	5.89709	0	0	6.18311	4374.68	1495.68	2344.06	39.7641	28.7332	2.73144	6.77726	26.3879	0	0	0.122523
setup	0	2018-02-17 23:00:00	0	0.0769767	2.25157	9.86504e-06	0	0.00264044	0.00160153	0.000452752	0.000254682	0.000198086	5.25927e-06	0	0	0	0	0.0829304	0	0.00803804	0.0136256	2.6834e-14	0.302651	0.298461	0.00586825	0.000266257	61.5323	40538.9	19242.9	28752.5	241.786	751.778	71.3283	56.5517	5.91119	0	0	6.17507	4374.81	1495.8	2344.07	39.6956	28.6235	2.74833	6.8759	26.4797	0	0	0.122406
setup	0	2018-02-18 23:00:00	0	0.12083	2.22377	9.31594e-06	0	0.00298305	0.00168572	0.000446198	0.000242958	0.000191521	5.38245e-06	0	0	0	0	0.083987	0	0.0080276	0.0136256	2.6834e-14	0.298582	0.294542	0.00572824	0.000265129	61.47	40539.7	19244	28752.7	241.274	748.819	71.7824	57.4308	5.92842	0	0	6.16705	4374.93	1495.93	2344.08	39.6269	28.5143	2.76535	6.9751	26.5701	0	0	0.122437
setup	0	2018-02-19 23:00:00	0	0.189843	2.22151	8.61285e-06	0	0.00279257	0.00147634	0.000450714	0.000243152	0.000183825	5.78269e-06	0	0	0	0	0.0858184	0	0.00801716	0.0136256	2.6834e-14	0.297764	0.29263	0.00555214	0.000274771	61.4124	40540.5	19245	28753	240.728	745.872	72.1882	58.3703	5.96358	0	0	6.15903	4375.06	1496.05	2344.09	39.5549	28.4056	2.78057	7.07777	26.6622	0	0	0.12287
setup	0	2018-02-20 23:00:00	0	0.278432	2.19431	6.69928e-06	0	0.00276513	0.0012412	0.000445658	0.000221105	0.000176453	6.01538e-06	0	0	0	0	0.0821605	0	0.00800674	0.0136256	2.6834e-14	0.294442	0.289195	0.0053341	0.000272811	61.3362	40541.3	19246.1	28753.2	240.175	742.938	72.5895	59.3415	5.99085	0	0	6.15102	4375.18	1496.18	2344.1	39.4801	28.2973	2.79562	7.18367	26.754	0	0	0.122733
setup	0	2018-02-21 23:00:00	0	0.393538	2.16986	0.000157864	0	0.00322509	0.00147531	0.00044625	0.000214746	0.000167685	6.51294e-06	0	0	0	0	0.079737	0	0.00799633	0.0136256	2.6834e-14	0.290408	0.284888	0.0051102	0.000280581	61.2378	40542.1	19247.1	28753.5	239.615	740.016	72.9802	60.3324	6.02774	0	0	6.14303	4375.31	1496.3	2344.11	39.4035	28.1895	2.81027	7.29166	26.8449	0	0	0.123183
setup	0	2018-02-22 23:00:00	0	0.537749	2.12898	0.00119904	0	0.00285319	0.00113849	0.0004373	0.000191049	0.000158472	6.77582e-06	0	0	0	0	0.0796091	0	0.00798593	0.0136256	2.6834e-14	0.284668	0.279332	0.00483582	0.00027659	61.103	40543	19248.2	28753.8	239.047	737.107	73.3767	61.3501	6.06761	0	0	6.13504	4375.43	1496.42	2344.12	39.3253	28.0822	2.82514	7.40179	26.9355	0	0	0.123039
setup	0	2018-02-23 23:00:00	0	0.69285	2.07202	0.00141631	0	0.00278134	0.00143443	0.000422618	0.000169012	0.00014842	6.94537e-06	0	0	0	0	0.0794339	0	0.00797555	0.0136256	2.6834e-14	0.276467	0.271491	0.00455227	0.000270249	60.9077	40543.9	19249.4	28754.1	238.484	734.212	73.8029	62.3691	6.1108	0	0	6.12706	4375.56	1496.55	2344.13	39.2469	27.9756	2.8411	7.51233	27.0239	0	0	0.122946
setup	0	2018-02-24 23:00:00	0	0.851906	2.01218	0.00127732	0	0.00284878	0.00157756	0.000404574	0.000147161	0.000138451	7.01552e-06	0	0	0	0	0.07918	0	0.00796518	0.0136256	2.6834e-14	0.267274	0.26286	0.00427339	0.000261249	60.6302	40544.8	19250.5	28754.5	237.931	731.331	74.2641	63.3855	6.15408	0	0	6.1191	4375.68	1496.67	2344.14	39.169	27.8695	2.85837	7.62253	27.1098	0	0	0.122936
setup	0	2018-02-25 23:00:00	0	0.952948	1.9668	0.00126136	0	0.00299847	0.00155029	0.000394684	0.000138216	0.000127758	7.36493e-06	0	0	0	0	0.0788192	0	0.00795483	0.0136256	2.6834e-14	0.259449	0.2548	0.00397328	0.000261421	60.2748	40545.8	19251.8	28754.9	237.363	728.462	74.7288	64.4318	6.2085	0	0	6.11114	4375.8	1496.79	2344.15	39.0906	27.764	2.87577	7.73341	27.1946	0	0	0.123312
setup	0	2018-02-26 23:00:00	0	1.02877	1.91898	0.00211134	0	0.003164	0.00130937	0.000388186	0.000124114	0.000116909	7.95167e-06	0	0	0	0	0.0783572	0	0.00794449	0.0136256	2.6834e-14	0.251967	0.247136	0.00366255	0.000263765	59.8712	40546.8	19253	28755.3	236.774	725.607	75.2024	65.5172	6.26856	0	0	6.1032	4375.93	1496.92	2344.16	39.0106	27.6591	2.89349	7.84561	27.2787	0	0	0.123453
setup	0	2018-02-27 23:00:00	0	1.06661	1.85634	0.0027682	0	0.00314526	0.00121407	0.000371881	9.72934e-05	0.000107471	8.20153e-06	0	0	0	0	0.0778326	0	0.00793416	0.0136256	2.6834e-14	0.243547	0.23876	0.0033752	0.000254583	59.4364	40547.9	19254.3	28755.8	236.183	722.764	75.7144	66.6172	6.32298	0	0	6.09527	4376.05	1497.04	2344.16	38.9298	27.5547	2.91263	7.9585	27.3609	0	0	0.123105
setup	0	2018-02-28 23:00:00	0	1.10096	1.80984	0.00289253	0	0.00314092	0.00132129	0.000360866	8.85047e-05	9.88819e-05	8.54462e-06	0	0	0	0	0.0772673	0	0.00792384	0.0136256	2.6834e-14	0.236667	0.231433	0.00312534	0.00025202	59.0007	40549	19255.6	28756.3	235.581	719.934	76.2401	67.7409	6.38062	0	0	6.08734	4376.17	1497.16	2344.17	38.8479	27.4509	2.93229	8.07253	27.4414	0	0	0.123336
setup	0	2018-03-01 23:00:00	0	1.07534	1.71389	0.00195867	0	0.00247024	0.00178724	0.000319668	3.47369e-05	9.35912e-05	7.62038e-06	0	0	0	0	0.076701	0	0.00791354	0.0136256	2.6834e-14	0.22531	0.221531	0.00290224	0.000214944	58.5521	40550.2	19257.1	28756.9	235.033	717.119	76.871	68.8066	6.40716	0	0	6.07943	4376.29	1497.28	2344.16	38.7684	27.3478	2.95586	8.18438	27.5167	0	0	0.121574
setup	0	2018-03-02 23:00:00	0	1.04028	1.64355	0.000364891	0	0.00276383	0.00279232	0.000286311	2.99287e-05	8.8849e-05	6.58248e-06	0	0	0	0	0.0761177	0	0.00790326	0.0136321	2.6834e-14	0.215299	0.212262	0.00273563	0.00019169	58.13	40551.4	19258.5	28757.5	234.528	714.318	77.5603	69.816	6.43283	0	0	6.07152	4376.41	1497.4	2344.16	38.6928	27.2454	2.98159	8.29308	27.5857	0	0	0.121136
setup	0	2018-03-03 23:00:00	0	1.04186	5.84393	9.26369e-06	0	0.00341598	0.00259327	0.00104457	0.00210793	0.00185028	3.90794e-06	0	0	0	0	0.075569	0	0.00789298	0.0143244	2.6834e-14	0.631104	0.540851	0.0152357	0.000241906	57.7328	40548.4	19255.7	28757.5	240.033	711.511	76.019	63.8863	5.52359	0	0	6.06363	4376.51	1497.51	2344.75	39.0861	27.142	2.92415	8.03711	27.6239	0	0	0.122713
setup	0	2018-03-04 23:00:00	0	1.0204	3.52945	1.17931e-05	0	0.00312802	0.00234416	0.000696856	0.000991167	0.000759783	4.21064e-06	0	0	0	0	0.0750526	0	0.00788272	0.0136256	2.6834e-14	0.382577	0.365787	0.00810962	0.000228549	57.3255	40547.8	19255.3	28757.4	241.77	708.714	75.4042	62.1329	5.51985	0	0	6.05575	4376.63	1497.61	2344.95	39.315	27.039	2.90129	7.84175	27.7408	0	0	0.121526
setup	0	2018-03-05 23:00:00	0	1.0991	2.91482	1.51274e-05	0	0.00332883	0.0023791	0.000551635	0.000620869	0.000494144	4.30798e-06	0	0	0	0	0.0745232	0	0.00787247	0.0136256	2.6834e-14	0.328646	0.321475	0.00700793	0.000230087	56.9314	40547.7	19255.4	28757.4	242.419	705.93	75.0739	61.7097	5.56898	0	0	6.04788	4376.75	1497.69	2345.06	39.4347	26.9365	2.88905	7.75974	27.8424	0	0	0.122025
setup	0	2018-03-06 23:00:00	0	1.22995	2.59679	1.61325e-05	0	0.00288384	0.00201396	0.000484293	0.000448044	0.000377746	4.51274e-06	0	0	0	0	0.0740108	0	0.00786224	0.0136256	2.6834e-14	0.302295	0.297709	0.00634676	0.000227611	56.4857	40547.9	19255.8	28757.5	242.625	703.158	74.9342	61.8155	5.63567	0	0	6.04001	4376.87	1497.79	2345.14	39.4976	26.8347	2.88392	7.73673	27.9353	0	0	0.121909
setup	0	2018-03-07 23:00:00	0	1.41954	2.39366	1.57299e-05	0	0.00273002	0.00183448	0.00044891	0.000353991	0.000299344	5.02254e-06	0	0	0	0	0.0734313	0	0.00785202	0.0136256	2.6834e-14	0.284511	0.280529	0.00570414	0.000234924	55.9425	40548.4	19256.5	28757.6	242.528	700.398	74.8854	62.2892	5.73323	0	0	6.03216	4376.99	1497.91	2345.2	39.5218	26.7333	2.88217	7.75307	28.0241	0	0	0.122665
setup	0	2018-03-08 23:00:00	0	1.62227	2.22154	1.34839e-05	0	0.00215889	0.00136898	0.000421606	0.000274104	0.000239613	5.72355e-06	0	0	0	0	0.0727252	0	0.00784181	0.0136256	2.6834e-14	0.26856	0.264837	0.00502793	0.000239122	55.2091	40549	19257.3	28757.9	242.219	697.651	74.9332	63.0222	5.84271	0	0	6.02432	4377.1	1498.02	2345.25	39.5163	26.6324	2.88403	7.79849	28.1105	0	0	0.123158
setup	0	2018-03-09 23:00:00	0	1.70147	2.06314	1.01865e-05	0	0.00200493	0.00115874	0.000394811	0.000207012	0.000192381	6.44479e-06	0	0	0	0	0.0717718	0	0.00783162	0.0136256	2.6834e-14	0.25345	0.24983	0.00435985	0.000238435	54.3505	40549.7	19258.3	28758.3	241.77	694.916	75.0835	63.9297	5.95896	0	0	6.01649	4377.22	1498.14	2345.29	39.4876	26.5322	2.8897	7.86428	28.1956	0	0	0.123174
setup	0	2018-03-10 23:00:00	0	1.73274	1.89446	7.60152e-06	0	0.00259843	0.00134907	0.000355351	0.00013588	0.000157342	6.66557e-06	0	0	0	0	0.0706557	0	0.00782144	0.0136256	0.0573137	0.239252	0.234168	0.00376945	0.000220348	53.4728	40550.6	19259.4	28758.8	241.27	692.195	75.3904	64.8931	6.05923	0	0	6.00867	4377.29	1498.21	2345.26	39.4383	26.4327	2.90121	7.94138	28.2247	0	0	0.122467
setup	0	2018-03-11 23:00:00	0	1.86688	1.75164	7.85514e-06	0	0.00327976	0.00194284	0.000319724	9.28909e-05	0.000130743	6.58151e-06	0	0	0	0	0.0695146	0	0.00781127	0.0136256	0.207021	0.235329	0.223733	0.00326232	0.000203463	52.6421	40551.6	19260.6	28759.3	240.749	689.487	75.8277	65.8709	6.15272	0	0	6.00546	4377.2	1498.16	2345.08	39.3566	26.3338	2.91756	8.02372	28.1226	0	0	0.12202
setup	0	2018-03-12 23:00:00	0	2.07166	1.64499	9.41675e-06	0	0.00342125	0.00216003	0.000297016	6.86652e-05	0.000110174	6.55454e-06	0	0	0	0	0.0684347	0	0.00413776	0.0136256	0.193598	0.231069	0.221666	0.00279912	0.000193281	51.8572	40552.8	19261.9	28759.9	240.207	686.793	76.3503	66.8734	6.24131	0	0	6.00198	4377.11	1498.11	2344.9	39.252	26.232	2.93709	8.10842	28.0495	0	0	0.12178
setup	0	2018-03-13 23:00:00	0	2.00271	1.55333	1.06433e-05	0	0.00344434	0.00222874	0.000272114	4.47682e-05	9.42353e-05	6.47279e-06	0	0	0	0	0.0674144	0	0.00413537	0.0136256	0.166564	0.21669	0.210217	0.00240807	0.000180725	51.082	40554	19263.3	28760.6	239.658	684.111	76.9499	67.8863	6.31883	0	0	5.99853	4377.06	1498.09	2344.75	39.1496	26.1308	2.95947	8.19454	27.9961	0	0	0.121619
setup	0	2018-03-14 23:00:00	0	2.01579	1.50786	1.20723e-05	0	0.00307983	0.00204327	0.000263908	5.13748e-05	8.09663e-05	6.97235e-06	0	0	0	0	0.0664066	0	0.00413299	0.0136256	0.180086	0.208145	0.200216	0.00207741	0.000184741	50.3567	40555.2	19264.8	28761.2	239.076	681.441	77.5617	68.9358	6.4087	0	0	5.99534	4376.99	1498.05	2344.57	39.0462	26.0302	2.98229	8.28285	27.9271	0	0	0.122526
setup	0	2018-03-15 23:00:00	0	1.95025	1.41897	1.05199e-05	0	0.0030381	0.00188222	0.000237652	6.49663e-07	7.2222e-05	6.79004e-06	0	0	0	0	0.0654637	0	0.00413079	0.0136256	0.171553	0.198382	0.191632	0.00177315	0.000163198	49.6259	40556.5	19266.3	28761.9	238.52	678.783	78.2715	69.9764	6.45145	0	0	5.99185	4376.93	1498.02	2344.4	38.9409	25.9302	3.00874	8.37163	27.8638	0	0	0.121444
setup	0	2018-03-16 23:00:00	0	1.91807	1.36815	1.22369e-05	0	0.00362605	0.00241064	0.000223231	1.25674e-05	6.44888e-05	6.68758e-06	0	0	0	0	0.0645137	0	0.00412838	0.0136256	0.155214	0.189453	0.183116	0.00151464	0.000158247	48.9454	40557.9	19267.8	28762.7	237.962	676.137	79.0011	71.0044	6.51867	0	0	5.98858	4376.89	1498.01	2344.24	38.8386	25.8307	3.03592	8.4601	27.8108	0	0	0.121422
setup	0	2018-03-17 23:00:00	0	1.90261	1.33327	1.30959e-05	0	0.00311056	0.00207739	0.00021512	8.79018e-06	5.82737e-05	6.98474e-06	0	0	0	0	0.0636291	0	0.00412613	0.0136256	0.155467	0.182313	0.175688	0.0012903	0.000156372	48.2815	40559.3	19269.4	28763.4	237.402	673.503	79.7528	72.0403	6.57579	0	0	5.98515	4376.84	1497.99	2344.08	38.7378	25.7318	3.0639	8.54879	27.7549	0	0	0.121869
setup	0	2018-03-18 23:00:00	0	1.92278	1.30775	1.26083e-05	0	0.00272565	0.00177041	0.000211226	8.05104e-06	5.34756e-05	7.51749e-06	0	0	0	0	0.062766	0	0.00412377	0.0136256	0.145346	0.177291	0.170435	0.00108998	0.000156823	47.637	40560.6	19271	28764.2	236.834	670.879	80.508	73.0966	6.6291	0	0	5.98168	4376.81	1497.99	2343.93	38.6373	25.6334	3.09201	8.63822	27.708	0	0	0.121977
setup	0	2018-03-19 23:00:00	0	1.85076	1.26079	1.12982e-05	0	0.00303807	0.00188548	0.000197829	-1.67007e-05	5.00712e-05	7.54364e-06	0	0	0	0	0.0619281	0	0.00412138	0.0136256	0.128528	0.170022	0.164252	0.000912965	0.000146106	46.9773	40562.1	19272.6	28765	236.284	668.266	81.306	74.1432	6.65911	0	0	5.9782	4376.79	1497.99	2343.79	38.5399	25.5355	3.12171	8.72755	27.6718	0	0	0.121386
setup	0	2018-03-20 23:00:00	0	1.76646	1.2212	1.13614e-05	0	0.0035633	0.00231706	0.0001839	-2.24308e-05	4.75383e-05	7.25141e-06	0	0	0	0	0.0610705	0	0.00411898	0.0136256	0.130623	0.164229	0.158348	0.000766969	0.000136002	46.3674	40563.5	19274.2	28765.7	235.754	665.665	82.1307	75.172	6.6818	0	0	5.97498	4376.77	1498	2343.64	38.445	25.4381	3.15239	8.81663	27.6282	0	0	0.121031
setup	0	2018-03-21 23:00:00	0	1.76355	1.20494	1.33982e-05	0	0.00333243	0.00225196	0.000178635	-1.20488e-05	4.54035e-05	7.27661e-06	0	0	0	0	0.0602777	0	0.00411676	0.0136256	0.131009	0.161179	0.154608	0.000641296	0.000134466	45.7928	40565	19275.9	28766.5	235.228	663.075	82.9505	76.1959	6.70902	0	0	5.97143	4376.75	1498.01	2343.49	38.3501	25.3412	3.18288	8.90574	27.5834	0	0	0.121351
setup	0	2018-03-22 23:00:00	0	1.78226	1.19917	1.30627e-05	0	0.00294946	0.00197257	0.000178319	-7.0881e-06	4.36654e-05	7.72026e-06	0	0	0	0	0.0595307	0	0.00411431	0.0136256	0.123854	0.158602	0.151858	0.000527637	0.000136423	45.2267	40566.4	19277.5	28767.3	234.699	660.495	83.7556	77.232	6.73368	0	0	5.96767	4376.73	1498.02	2343.35	38.2557	25.2448	3.21282	8.99535	27.5452	0	0	0.121799
setup	0	2018-03-23 23:00:00	0	1.75502	1.18413	1.24291e-05	0	0.00307436	0.00200966	0.000174829	-1.70842e-05	4.23936e-05	8.05675e-06	0	0	0	0	0.0587947	0	0.00411172	0.0136256	0.114963	0.154939	0.148743	0.000427828	0.000134316	44.6539	40567.9	19279.1	28768.1	234.181	657.925	84.5709	78.2659	6.73858	0	0	5.96393	4376.73	1498.03	2343.22	38.1632	25.1488	3.24314	9.08518	27.5124	0	0	0.121766
setup	0	2018-03-24 23:00:00	0	1.74199	1.17887	1.1405e-05	0	0.00282877	0.00183042	0.000173466	-1.29271e-05	4.14902e-05	8.44879e-06	0	0	0	0	0.0580501	0	0.00410915	0.0136256	0.110941	0.152736	0.146295	0.00034322	0.000134582	44.1142	40569.4	19280.8	28768.9	233.665	655.366	85.3692	79.308	6.74331	0	0	5.96031	4376.72	1498.05	2343.09	38.0722	25.0532	3.27281	9.17576	27.4819	0	0	0.121918
setup	0	2018-03-25 23:00:00	0	1.74653	1.17723	9.8224e-06	0	0.00264857	0.00167381	0.000174318	-1.18864e-05	4.08478e-05	9.00011e-06	0	0	0	0	0.0573485	0	0.00410666	0.0136256	0.107054	0.151504	0.144679	0.000271213	0.000136508	43.5739	40570.8	19282.4	28769.6	233.148	652.817	86.1446	80.3656	6.74649	0	0	5.95649	4376.73	1498.08	2342.96	37.9815	24.9581	3.30163	9.26748	27.4542	0	0	0.122008
setup	0	2018-03-26 23:00:00	0	1.7228	1.16831	8.14043e-06	0	0.0027015	0.00165878	0.000171823	-2.14594e-05	4.05024e-05	9.31766e-06	0	0	0	0	0.056646	0	0.00410402	0.0136256	0.105457	0.150253	0.143318	0.000209926	0.000134282	43.0306	40572.2	19284	28770.4	232.638	650.278	86.9098	81.4322	6.74015	0	0	5.95273	4376.73	1498.1	2342.84	37.8911	24.8634	3.33006	9.36033	27.4264	0	0	0.121734
setup	0	2018-03-27 23:00:00	0	1.66019	1.14734	7.44058e-06	0	0.00330035	0.00202336	0.000163717	-3.52532e-05	4.04339e-05	9.06475e-06	0	0	0	0	0.0559398	0	0.00410143	0.0136256	0.103289	0.148733	0.141989	0.000158647	0.000126266	42.5025	40573.7	19285.6	28771.1	232.143	647.749	87.6771	82.4962	6.72424	0	0	5.94904	4376.73	1498.13	2342.71	37.8009	24.7691	3.35857	9.45406	27.3978	0	0	0.121065
setup	0	2018-03-28 23:00:00	0	1.62746	1.14604	8.6737e-06	0	0.00340871	0.00225752	0.000160482	-2.55157e-05	4.03919e-05	8.87941e-06	0	0	0	0	0.0552533	0	0.00409889	0.0136256	0.101144	0.14787	0.14114	0.000117493	0.000124598	42.0021	40575.1	19287.3	28771.9	231.658	645.23	88.4266	83.556	6.7074	0	0	5.94526	4376.74	1498.16	2342.59	37.7112	24.6753	3.38641	9.54868	27.3693	0	0	0.121392
setup	0	2018-03-29 23:00:00	0	1.59069	1.14376	9.55659e-06	0	0.00333366	0.00224704	0.000157387	-2.89968e-05	4.04945e-05	8.80926e-06	0	0	0	0	0.0546027	0	0.00409629	0.0136256	0.0987792	0.147068	0.140568	8.48497e-05	0.000121925	41.518	40576.6	19288.9	28772.6	231.184	642.721	89.1654	84.613	6.67994	0	0	5.9413	4376.74	1498.19	2342.46	37.6219	24.5819	3.41385	9.64419	27.3415	0	0	0.121441
setup	0	2018-03-30 23:00:00	0	1.5818	1.15198	9.48132e-06	0	0.00312935	0.00210878	0.000158096	-2.0573e-05	4.06767e-05	9.00424e-06	0	0	0	0	0.0539734	0	0.00409356	0.0136256	0.0988037	0.147305	0.140534	5.98834e-05	0.000123359	41.0607	40578	19290.4	28773.3	230.714	640.222	89.8729	85.6774	6.65321	0	0	5.93725	4376.75	1498.21	2342.34	37.5327	24.4889	3.44012	9.7409	27.3133	0	0	0.12168
setup	0	2018-03-31 23:00:00	0	1.56446	1.15381	9.23928e-06	0	0.00307564	0.00205129	0.000157648	-2.5979e-05	4.09704e-05	9.19291e-06	0	0	0	0	0.0533789	0	0.00409076	0.0136256	0.0970613	0.147435	0.14073	4.11071e-05	0.000122763	40.6054	40579.4	19292	28774	230.251	637.733	90.5612	86.7471	6.6182	0	0	5.93301	4376.76	1498.24	2342.22	37.4434	24.3962	3.46568	9.83875	27.286	0	0	0.121646
setup	0	2018-04-01 23:00:00	0	1.54845	1.16219	8.9541e-06	0	0.00313167	0.00208651	0.000158375	-2.36772e-05	4.13655e-05	9.40797e-06	0	0	0	0	0.0527871	0	0.00408784	0.0136256	0.0937565	0.147719	0.141207	3.1506e-05	0.00012371	40.1663	40580.8	19293.6	28774.7	229.796	635.253	91.2254	87.8213	6.57496	0	0	5.92878	4376.77	1498.28	2342.11	37.3543	24.304	3.49033	9.93788	27.2606	0	0	0.121793
setup	0	2018-04-02 23:00:00	0	1.52478	1.16461	8.07853e-06	0	0.00281425	0.0018236	0.000157606	-2.78698e-05	4.19388e-05	9.55166e-06	0	0	0	0	0.0522161	0	0.00408493	0.0136256	0.0951792	0.148534	0.141828	2.75516e-05	0.000122436	39.7421	40582.1	19295.1	28775.4	229.347	632.782	91.8605	88.9054	6.53116	0	0	5.92445	4376.78	1498.31	2341.99	37.2652	24.2121	3.5139	10.0385	27.2335	0	0	0.121503
setup	0	2018-04-03 23:00:00	0	1.51436	1.17123	7.63439e-06	0	0.00306991	0.00204938	0.000158279	-2.57352e-05	4.24573e-05	9.68265e-06	0	0	0	0	0.0516648	0	0.00408195	0.0136256	0.094368	0.149427	0.142612	2.49135e-05	0.000123233	39.321	40583.5	19296.6	28776.1	228.905	630.322	92.4674	89.993	6.48671	0	0	5.92003	4376.79	1498.34	2341.87	37.1758	24.1206	3.53642	10.1403	27.2062	0	0	0.12173
setup	0	2018-04-04 23:00:00	0	1.48431	1.17265	7.45227e-06	0	0.00314926	0.00208418	0.000156785	-3.19112e-05	4.30111e-05	9.68425e-06	0	0	0	0	0.0511174	0	0.0040789	0.0136256	0.0939104	0.149771	0.143147	2.31171e-05	0.00012137	38.9096	40584.8	19298.1	28776.8	228.475	627.87	93.0578	91.0779	6.4361	0	0	5.91561	4376.8	1498.37	2341.76	37.0865	24.0295	3.55831	10.2429	27.1783	0	0	0.121538
setup	0	2018-04-05 23:00:00	0	1.4667	1.18076	7.35627e-06	0	0.00322993	0.00219998	0.000157242	-2.74047e-05	4.35232e-05	9.74536e-06	0	0	0	0	0.0505825	0	0.00407585	0.0136256	0.0922608	0.150204	0.143717	2.19028e-05	0.00012212	38.5169	40586.2	19299.6	28777.4	228.054	625.428	93.6244	92.1585	6.38443	0	0	5.91113	4376.81	1498.4	2341.65	36.9978	23.9388	3.57933	10.3462	27.1511	0	0	0.121768
setup	0	2018-04-06 23:00:00	0	1.45494	1.18865	7.17412e-06	0	0.00292289	0.00198661	0.000158471	-2.667e-05	4.40579e-05	9.96574e-06	0	0	0	0	0.050072	0	0.00407277	0.0136256	0.0921857	0.150838	0.144348	2.11147e-05	0.000123198	38.138	40587.5	19301.1	28778.1	227.639	622.996	94.1627	93.2418	6.33396	0	0	5.90652	4376.82	1498.44	2341.54	36.9096	23.8485	3.59928	10.45	27.1238	0	0	0.12178
setup	0	2018-04-07 23:00:00	0	1.44674	1.19571	6.57786e-06	0	0.00283366	0.00191422	0.000159774	-2.71887e-05	4.45999e-05	1.02168e-05	0	0	0	0	0.0495794	0	0.00406959	0.0136256	0.0923564	0.151578	0.144998	2.05978e-05	0.000124302	37.7654	40588.7	19302.5	28778.7	227.23	620.572	94.6738	94.3288	6.28373	0	0	5.90182	4376.83	1498.47	2341.43	36.8215	23.7584	3.61822	10.5544	27.0963	0	0	0.1219
setup	0	2018-04-08 23:00:00	0	1.4181	1.19353	5.99574e-06	0	0.00302442	0.00204643	0.000157771	-3.54624e-05	4.51841e-05	1.0188e-05	0	0	0	0	0.049095	0	0.00406636	0.0136256	0.0926622	0.151788	0.145371	2.02044e-05	0.000121823	37.3992	40590	19304	28779.3	226.834	618.158	95.1731	95.4099	6.229	0	0	5.89709	4376.84	1498.5	2341.32	36.7339	23.6688	3.63672	10.6589	27.0675	0	0	0.121567
setup	0	2018-04-09 23:00:00	0	1.39898	1.19892	5.98338e-06	0	0.00319	0.00221552	0.000157431	-3.15022e-05	4.57175e-05	1.01467e-05	0	0	0	0	0.0486189	0	0.0040631	0.0136256	0.091403	0.151998	0.14574	1.99989e-05	0.000121829	37.0505	40591.3	19305.4	28779.9	226.448	615.753	95.654	96.4817	6.17401	0	0	5.89233	4376.85	1498.53	2341.21	36.6471	23.5795	3.65454	10.7634	27.0389	0	0	0.121781
setup	0	2018-04-10 23:00:00	0	1.40542	1.21273	5.77171e-06	0	0.00268886	0.00189585	0.000161184	-2.30869e-05	4.62317e-05	1.05473e-05	0	0	0	0	0.0481657	0	0.00405981	0.0136256	0.0916059	0.152882	0.146429	1.98866e-05	0.0001258	36.7156	40592.5	19306.8	28780.6	226.064	613.357	96.0967	97.5606	6.12616	0	0	5.88744	4376.86	1498.57	2341.1	36.561	23.4906	3.67093	10.8681	27.011	0	0	0.122038
setup	0	2018-04-11 23:00:00	0	1.37828	1.20846	5.08269e-06	0	0.00275093	0.00191928	0.000158799	-3.88282e-05	4.68411e-05	1.05859e-05	0	0	0	0	0.0477303	0	0.00405644	0.0136256	0.0922263	0.152906	0.146674	1.9776e-05	0.000122472	36.3765	40593.8	19308.2	28781.2	225.693	610.971	96.5341	98.6332	6.06902	0	0	5.88245	4376.87	1498.6	2341	36.4754	23.402	3.68713	10.9726	26.9817	0	0	0.12168
setup	0	2018-04-12 23:00:00	0	1.36744	1.2144	4.84762e-06	0	0.00283269	0.00201852	0.000158956	-3.13168e-05	4.73999e-05	1.06022e-05	0	0	0	0	0.0472895	0	0.00405301	0.0136256	0.0928618	0.153463	0.14713	1.97156e-05	0.000123022	36.0576	40595	19309.5	28781.7	225.328	608.594	96.9447	99.7025	6.01872	0	0	5.87752	4376.88	1498.63	2340.89	36.3904	23.3138	3.70232	11.077	26.9515	0	0	0.12175
setup	0	2018-04-13 23:00:00	0	1.36808	1.22145	4.38272e-06	0	0.0025451	0.00185807	0.000160831	-2.96529e-05	4.79496e-05	1.08672e-05	0	0	0	0	0.0468748	0	0.00404961	0.0136256	0.0923833	0.154085	0.147704	1.96944e-05	0.000124823	35.7406	40596.2	19310.9	28782.3	224.968	606.225	97.3269	100.776	5.972	0	0	5.87243	4376.89	1498.66	2340.78	36.306	23.226	3.71646	11.1814	26.9221	0	0	0.121836
setup	0	2018-04-14 23:00:00	0	1.34093	1.21823	3.94035e-06	0	0.00279131	0.00204777	0.000158432	-4.00699e-05	4.85508e-05	1.08104e-05	0	0	0	0	0.0464628	0	0.00404611	0.0136256	0.0919918	0.15392	0.14785	1.96307e-05	0.000121896	35.4234	40597.4	19312.2	28782.9	224.622	603.866	97.7034	101.839	5.91883	0	0	5.86735	4376.9	1498.69	2340.68	36.2226	23.1384	3.73039	11.2853	26.8919	0	0	0.121515
setup	0	2018-04-15 23:00:00	0	1.32367	1.22252	3.98201e-06	0	0.00277493	0.00207086	0.000157742	-3.5277e-05	4.9102e-05	1.07264e-05	0	0	0	0	0.0460504	0	0.0040426	0.0136256	0.0924832	0.154018	0.148015	1.9599e-05	0.000121616	35.124	40598.6	19313.6	28783.5	224.286	601.516	98.0633	102.89	5.86764	0	0	5.86229	4376.9	1498.72	2340.58	36.1402	23.0513	3.74369	11.3886	26.8608	0	0	0.121603
setup	0	2018-04-16 23:00:00	0	1.32645	1.23328	3.74448e-06	0	0.00245799	0.00190289	0.000160062	-2.99977e-05	4.96257e-05	1.09854e-05	0	0	0	0	0.0456612	0	0.00403912	0.0136414	0.091347	0.154434	0.148446	1.95991e-05	0.000124149	34.8336	40599.7	19314.9	28784	223.956	599.175	98.3969	103.94	5.81853	0	0	5.8571	4376.91	1498.75	2340.48	36.0588	22.9645	3.75602	11.4916	26.8312	0	0	0.122014
setup	0	2018-04-17 23:00:00	0	1.29531	1.22564	7.29804e-05	0	0.00243083	0.00193726	0.000156431	-4.46284e-05	5.02732e-05	1.09124e-05	0	0	0	0	0.0452837	0	0.00403554	0.0136256	0.0886176	0.153938	0.148378	1.95188e-05	0.000119666	34.5433	40600.9	19316.2	28784.6	223.639	596.843	98.7278	104.981	5.76403	0	0	5.85184	4376.93	1498.78	2340.38	35.9788	22.878	3.76825	11.5938	26.8031	0	0	0.121261
setup	0	2018-04-18 23:00:00	0	1.27316	1.22968	3.54926e-06	0	0.00273386	0.00213051	0.000155133	-3.80464e-05	5.08025e-05	1.06838e-05	0	0	0	0	0.0449064	0	0.00403192	0.0136256	0.0923945	0.153788	0.148201	1.95039e-05	0.000119132	34.2686	40602	19317.4	28785.1	223.336	594.52	99.048	106.002	5.7106	0	0	5.84661	4376.93	1498.81	2340.28	35.9002	22.7919	3.78008	11.695	26.7703	0	0	0.121562
setup	0	2018-04-19 23:00:00	0	1.28012	1.23811	3.27316e-06	0	0.002112	0.00176911	0.000156506	-3.37253e-05	5.13619e-05	1.08744e-05	0	0	0	0	0.0445492	0	0.00402831	0.0136256	0.0912474	0.154366	0.148684	1.94817e-05	0.000120557	34.0065	40603.1	19318.7	28785.7	223.037	592.206	99.3406	107.023	5.66214	0	0	5.84125	4376.94	1498.84	2340.18	35.8222	22.7062	3.79088	11.7956	26.74	0	0	0.121627
setup	0	2018-04-20 23:00:00	0	1.30436	14.6251	0.000700283	0	0.00228828	0.00192423	0.00145822	0.00308224	0.0192307	1.67515e-06	0	0	0	0	0.0442085	0	0.00402462	0.0153574	0.0886009	1.16783	0.76685	0.0295692	0.000189454	33.743	40590.9	19306.6	28778.7	240.261	589.888	93.7962	84.0869	4.64092	0	0	5.83579	4376.91	1498.83	2341.04	37.3831	22.6197	3.58375	10.5008	26.6557	0	0	0.141305
setup	0	2018-04-21 23:00:00	0	1.37241	11.0255	0.00225966	0	0.00198909	0.00165422	0.00144681	0.00310967	0.0093273	9.4806e-07	0	0	0	0	0.0641287	0	0.00402086	0.0136256	0.174126	0.698889	0.561524	0.0130435	0.000171103	33.5904	40582.2	19298.1	28774	252.645	587.576	88.6498	68.1316	4.55246	0	0	5.83036	4376.82	1498.76	2341.63	39.1277	22.5333	3.39152	8.9118	26.5995	0	0	0.149445
setup	0	2018-04-22 23:00:00	0	1.52279	8.11582	0.0027879	0	0.00258046	0.00209771	0.00151891	0.00326764	0.0157042	4.12856e-07	0	0	0	0	0.0644241	0	0.00401712	0.0139029	0.174044	0.5915	0.511596	0.025352	0.000178963	33.4442	40576.5	19292.4	28771.1	260.872	585.272	84.4353	58.1943	4.46068	0	0	5.82434	4376.72	1498.67	2342.01	40.294	22.4473	3.23413	7.85847	26.5349	0	0	0.162487
setup	0	2018-04-23 23:00:00	0	1.61153	6.8697	0.00314771	0	0.00244262	0.00191736	0.00173151	0.00396472	0.0185418	2.82568e-07	0	0	0	0	0.0887413	0	0.00401297	0.0142625	0.192086	0.581016	0.517159	0.0317026	0.000196961	33.3793	40572	19288.1	28769	266.697	582.973	80.4867	51.6045	4.3517	0	0	5.81832	4376.6	1498.55	2342.3	41.0929	22.3611	3.08673	7.13704	26.4667	0	0	0.172421
setup	0	2018-04-24 23:00:00	0	1.6443	8.09661	0.00111195	0	0.00242895	0.00196868	0.00243893	0.00519544	0.00831064	6.45573e-07	0	0	0	0	0.0612418	0	0.00400882	0.0163679	0.158771	0.85813	0.815131	0.0377252	0.000263822	33.2215	40566.2	19282	28775.9	274.71	580.618	77.1243	42.1995	3.15324	0	0	5.81221	4376.5	1497.54	2344.37	42.26	22.2702	2.96145	5.82555	26.6345	0	0	0.148708
setup	0	2018-04-25 23:00:00	0	1.86099	6.70805	0.000650177	0	0.00278124	0.00229284	0.00166138	0.00355757	0.0201623	1.58327e-07	0	0	0	0	0.188081	0	0.00400461	0.0139506	0.254725	0.753769	0.734108	0.0630076	0.00037232	33.4606	40561.9	19277.5	28773.8	279.836	578.261	73.9961	35.5989	3.26622	0	0	5.80629	4376.3	1496.81	2344.52	43.0741	22.1786	2.84504	4.87123	26.677	0	0	0.164992
setup	0	2018-04-26 23:00:00	0	2.35456	5.96441	0.00221252	0	0.00218386	0.00180103	0.0022963	0.00612418	0.0146475	3.6732e-07	0	0	0	0	0.295058	0	0.00400054	0.0136357	0.338995	0.709834	0.656732	0.044139	0.000396106	34.0126	40558.5	19274	28771.7	282.762	575.911	71.0334	31.6942	3.542	0	0	5.80046	4376.03	1496.32	2344.43	43.5358	22.0872	2.73483	4.30578	26.605	0	0	0.168656
setup	0	2018-04-27 23:00:00	0	2.75507	5.50807	0.00346879	0	0.00215632	0.00170713	0.00191392	0.00519626	0.0140655	3.28165e-07	0	0	0	0	0.348487	0	0.00399652	0.0137999	0.391732	0.688009	0.640582	0.0464013	0.000419198	34.6813	40555.6	19271.1	28769.9	284.47	573.571	68.2899	29.251	3.83264	0	0	5.79464	4375.7	1495.95	2344.24	43.7869	21.9962	2.6328	3.96134	26.4607	0	0	0.176575
setup	0	2018-04-28 23:00:00	0	3.00426	5.05108	0.00472398	0	0.00260064	0.0020307	0.00171059	0.00494159	0.0161522	2.18552e-07	0	0	0	0	0.378392	0	0.00399251	0.0137018	0.42636	0.654314	0.626555	0.052726	0.00043259	35.3786	40553.2	19268.7	28768.6	285.456	571.246	65.9374	27.6002	4.10779	0	0	5.78914	4375.34	1495.62	2344.03	43.9138	21.9059	2.54538	3.73469	26.2723	0	0	0.18901
setup	0	2018-04-29 23:00:00	0	3.30406	4.77795	0.00430064	0	0.00269306	0.00214011	0.0026401	0.00822606	0.0120521	5.09136e-07	0	0	0	0	0.464134	0	0.00398872	0.0136256	0.493279	0.638693	0.605167	0.0416096	0.000414381	36.2869	40551.1	19266.7	28767.3	285.984	568.935	63.7658	26.5409	4.44305	0	0	5.78397	4374.93	1495.31	2343.73	43.9471	21.8163	2.46464	3.59237	26.0348	0	0	0.182468
setup	0	2018-04-30 23:00:00	0	3.60017	4.96014	0.00285988	0	0.00282502	0.00230194	0.00251622	0.00798686	0.0111312	5.13465e-07	0	0	0	0	0.51684	0	0.00398516	0.0139874	0.523112	0.677073	0.643675	0.0430549	0.000409994	37.3055	40548.8	19264.4	28768	286.435	566.628	61.7711	25.5538	4.47836	0	0	5.77862	4374.48	1494.93	2343.76	43.9491	21.7264	2.39044	3.4596	25.778	0	0	0.174906
setup	0	2018-05-01 23:00:00	0	3.91021	5.15052	0.0013115	0	0.00299575	0.00251176	0.00288774	0.00884179	0.00770657	5.90736e-07	0	0	0	0	0.615828	0	0.00398147	0.0156156	0.568838	0.722209	0.717707	0.0385416	0.00038375	38.5624	40546.5	19261.8	28772.5	286.885	564.319	59.9085	24.4623	4.44783	0	0	5.77342	4374	1494.25	2344.42	43.9378	21.636	2.32107	3.28722	25.5403	0	0	0.156791
setup	0	2018-05-02 23:00:00	0	3.98105	4.66919	0.00118447	0	0.00163924	0.00258702	0.00212241	0.00724935	0.00805576	3.98821e-07	0	0	0	0	0.638522	0	0.00397789	0.0136976	0.568257	0.668595	0.63502	0.0416382	0.000394231	39.8441	40544.7	19259.9	28771.6	287.095	562.027	58.489	23.4975	4.57037	0	0	5.76807	4373.51	1493.81	2344.02	43.8941	21.5463	2.26825	3.14169	25.2801	0	0	0.161228
setup	0	2018-05-03 23:00:00	0	4.69801	4.69187	0.000411088	0	0.0010349	0.00147067	0.00238789	0.00850972	0.00757251	4.88942e-07	0	0	0	0	1.00954	0	0.0039742	0.0136359	0.621868	0.674304	0.639098	0.0374105	0.000408939	42.2316	40543.2	19258.3	28770.8	287.033	559.744	56.9926	22.8862	5.04836	0	0	5.76306	4372.97	1493.43	2343.57	43.806	21.4569	2.21253	3.04554	24.9727	0	0	0.158903
setup	0	2018-05-04 23:00:00	0	5.27493	4.67405	0.000356021	0	0.00103594	0.000737184	0.00243583	0.00867305	0.00638753	6.54656e-07	0	0	0	0	1.22748	0	0.00397075	0.0136322	0.657918	0.676404	0.641067	0.0328696	0.000411653	45.2177	40541.9	19257	28770.1	286.685	557.473	55.5669	22.7466	5.51829	0	0	5.75557	4372.4	1493.08	2343.09	43.6535	21.3679	2.1594	3.01744	24.6322	0	0	0.154655
setup	0	2018-05-05 23:00:00	0	5.67434	4.79715	0.00117796	0	0.00103051	0.000868406	0.00143083	0.0051904	0.0095972	2.4602e-07	0	0	0	0	1.40416	0	0.00396559	0.0137948	0.703199	0.69148	0.670281	0.0474521	0.000436311	48.6917	40540.7	19255.7	28770.2	286.396	555.216	54.2792	22.5467	5.84369	0	0	5.74808	4371.78	1492.7	2342.72	43.4788	21.2792	2.1115	2.99941	24.2428	0	0	0.170829
setup	0	2018-05-06 23:00:00	0	6.13661	5.02298	0.00141999	0	0.0010165	0.000966653	0.00237085	0.00835177	0.0096239	4.62472e-07	0	0	0	0	1.65467	0	0.00396043	0.0137518	0.750847	0.710721	0.658491	0.0364469	0.000422431	52.8767	40539.5	19254.4	28769.6	286.267	552.973	52.9041	22.239	6.24763	0	0	5.74061	4371.11	1492.31	2342.2	43.3068	21.191	2.06031	2.96803	23.8295	0	0	0.171939
setup	0	2018-05-07 23:00:00	0	6.10047	4.94045	0.000787963	0	0.000994772	0.00132443	0.00205556	0.00744881	0.00850602	4.7331e-07	0	0	0	0	1.61812	0	0.00395528	0.0136535	0.806071	0.699233	0.642639	0.0321381	0.000398597	56.907	40538.4	19253.2	28768.8	285.988	550.749	51.6718	22.1688	6.45914	0	0	5.73315	4370.4	1491.91	2341.62	43.0917	21.1035	2.01441	2.96382	23.3741	0	0	0.172829
setup	0	2018-05-08 23:00:00	0	6.28187	4.76971	0.000216821	0	0.000966822	0.00193043	0.00152926	0.00568163	0.00905966	3.15337e-07	0	0	0	0	1.83198	0	0.00395014	0.0136788	0.853406	0.680514	0.621371	0.0310425	0.000374621	61.5466	40537.6	19252.3	28768.4	285.619	548.546	50.6388	22.2064	6.80896	0	0	5.7257	4369.63	1491.49	2341.01	42.8403	21.0169	1.97595	2.9734	22.886	0	0	0.181408
setup	0	2018-05-09 23:00:00	0	6.55344	5.22628	4.92546e-06	0	0.000933973	0.00187339	0.00223495	0.00843462	0.0057231	5.60092e-07	0	0	0	0	2.06206	0	0.003945	0.0139242	0.739947	0.708189	0.671817	0.0215246	0.000348436	66.8671	40536.5	19251.1	28770.6	285.483	546.349	49.6746	22.0957	6.77967	0	0	5.71924	4368.98	1491.09	2341.02	42.6616	20.9299	1.93997	2.96519	22.4621	0	0	0.165344
setup	0	2018-05-10 23:00:00	0	6.56139	5.27611	6.23807e-06	0	0.000900916	0.00218641	0.00126717	0.00443551	0.00815809	2.89858e-07	0	0	0	0.363621	2.20002	0.00796228	0.00394056	0.0140219	0.697537	0.705258	0.642667	0.029694	0.000355317	72.5736	40535.6	19250	28770.3	285.403	544.53	48.7266	21.8273	6.89204	0	0	5.71403	4368.37	1490.71	2340.61	42.5031	20.8513	1.90463	2.92882	22.0794	0	0	0.181481
setup	0	2018-05-11 23:00:00	0	6.23266	5.29783	7.11849e-06	0	0.000866497	0.00213025	0.0010595	0.00405633	0.00959338	1.29219e-07	0	0	0	0.421623	2.0885	0.00924101	0.00393696	0.0143231	0.602558	0.681178	0.64291	0.0348025	0.0003544	77.8967	40534.5	19248.8	28771.8	285.434	542.783	48.0058	21.3141	6.71083	0	0	5.70952	4367.86	1490.34	2340.61	42.4073	20.774	1.8778	2.85426	21.7526	0	0	0.194928
setup	0	2018-05-12 23:00:00	0	7.34154	5.34479	8.35941e-06	0	0.00082974	0.00224544	0.00169215	0.0071657	0.00857184	2.69137e-07	0	0	0	0.487623	2.95891	0.0106997	0.00393386	0.0136265	0.764884	0.721808	0.641498	0.0303091	0.000368626	85.839	40534.2	19248.2	28771.8	285.259	541.114	47.1721	20.9893	7.5052	0	0	5.70631	4367.18	1489.91	2340.1	42.2023	20.6985	1.8467	2.79335	21.3632	0	0	0.193143
setup	0	2018-05-13 23:00:00	0	7.80727	5.57198	9.10707e-06	0	0.000783402	0.00193061	0.00168569	0.00720146	0.00824608	3.19182e-07	0	0	0	0.562504	3.05194	0.0123616	0.00393165	0.0136428	0.716806	0.721682	0.65358	0.0268678	0.000369668	93.9989	40533.8	19247.7	28771.6	284.862	539.538	46.3252	21.2659	7.79936	0	0	5.70155	4366.55	1489.53	2339.63	41.9562	20.625	1.81503	2.81957	20.9854	0	0	0.192753
setup	0	2018-05-14 23:00:00	0	8.09836	5.87262	8.98602e-06	0	0.000733743	0.00211335	0.00204374	0.00868277	0.00523888	4.96969e-07	0	0	0	0.647212	3.34738	0.0142355	0.00392837	0.0139097	0.712288	0.754236	0.688481	0.017883	0.000346856	102.978	40533.4	19247	28774	284.719	538.056	45.551	21.3624	7.95522	0	0	5.69783	4365.93	1489.12	2339.61	41.7459	20.5532	1.78589	2.82883	20.5963	0	0	0.174417
setup	0	2018-05-15 23:00:00	0	7.90511	5.58933	1.06867e-05	7.00378e-06	0.000706682	0.00251178	0.00194562	0.00817758	0.00358041	6.57243e-07	0	0	0	0.742751	3.25784	0.0163549	0.0039258	0.013629	0.635487	0.715396	0.662388	0.0159038	0.000327219	111.626	40533.2	19246.7	28774.4	284.453	536.692	44.9538	21.7141	8.02138	0	0	5.69474	4365.4	1488.77	2339.3	41.5328	20.4842	1.76321	2.86567	20.2624	0	0	0.158742
setup	0	2018-05-16 23:00:00	0	7.8487	5.45477	2.77711e-05	8.43873e-05	0.000955898	0.00310068	0.00175871	0.00674976	0.002683	9.18385e-07	0	0	0	0.850184	3.34785	0.0187425	0.00392368	0.0136625	0.59948	0.707218	0.646166	0.0121877	0.000310523	120.517	40533.2	19246.5	28775.3	284.224	535.454	44.4286	22.0705	8.21562	0	0	5.69287	4364.9	1488.45	2339.06	41.3312	20.418	1.74306	2.90072	19.9542	0	0	0.147188
setup	0	2018-05-17 23:00:00	0	8.17911	5.15017	3.04359e-05	0.000104954	0.000986307	0.0035579	0.00144496	0.00507236	0.00190079	1.08612e-06	0	0	0	0.970627	3.66456	0.0214273	0.00392238	0.0136308	0.614811	0.691814	0.623528	0.00953304	0.000296588	130.308	40533.8	19246.9	28776.1	283.8	534.356	44.0424	22.7837	8.73056	0	0	5.6914	4364.38	1488.12	2338.71	41.0757	20.3551	1.72799	2.97064	19.6448	0	0	0.13993
setup	0	2018-05-18 23:00:00	0	8.20007	4.92736	2.50386e-05	9.99619e-05	0.000913078	0.00383212	0.00118997	0.00370312	0.00142974	1.18018e-06	0	0	0	1.10524	3.69433	0.0244327	0.00392137	0.0136295	0.578344	0.657505	0.597114	0.00767764	0.000280805	140.135	40534.6	19247.5	28777	283.235	533.416	43.8108	23.9142	9.05847	0	0	5.69026	4363.91	1487.82	2338.36	40.7956	20.296	1.71861	3.09102	19.3437	0	0	0.13593
setup	0	2018-05-19 23:00:00	0	8.07003	5.13458	1.96808e-05	8.16529e-05	0.000786673	0.00375823	0.00108378	0.00299774	0.00142316	1.15339e-06	0	0	0	1.25524	3.65274	0.0277858	0.00392059	0.0136771	0.527563	0.658824	0.602412	0.0076626	0.000278558	149.801	40535.2	19247.9	28778.2	282.966	532.643	43.5406	24.7984	9.12274	0	0	5.68988	4363.48	1487.56	2338.13	40.5609	20.2406	1.70771	3.20125	19.0598	0	0	0.134212
setup	0	2018-05-20 23:00:00	0	6.25105	5.0417	1.39188e-05	5.6434e-05	0.000635246	0.00252239	0.00100021	0.00249522	0.00124685	1.19197e-06	0	0	0	1.42184	2.36675	0.0315177	0.00392033	0.0136571	0.276131	0.572807	0.547525	0.0070752	0.000272132	155.457	40534.6	19247.4	28778.1	282.773	532.054	43.3217	25.4952	8.04099	0	0	5.69012	4363.31	1487.47	2338.09	40.4891	20.1893	1.69864	3.28685	18.8964	0	0	0.133579
setup	0	2018-05-21 23:00:00	0	6.6183	5.20497	1.63414e-05	3.21261e-05	0.000506182	0.00283462	0.000531766	0.00149899	0.00223416	2.93218e-07	0	0	0	1.60632	3.08265	0.0356577	0.00392049	0.0140618	0.368183	0.611594	0.548344	0.0136913	0.000283038	163.283	40534.6	19247.3	28778.8	283.2	531.659	42.9888	24.8378	8.33859	0	0	5.69325	4363.03	1487.29	2338	40.4501	20.1424	1.68531	3.22491	18.7367	0	0	0.150926
setup	0	2018-05-22 23:00:00	0	7.35757	5.35614	1.55584e-05	1.25104e-05	0.000390634	0.00308871	0.000621808	0.00202424	0.00330442	1.53741e-07	0	0	0	1.80994	3.47581	0.0402534	0.00392265	0.0137464	0.416782	0.613463	0.568185	0.0208612	0.000298628	172.243	40534.8	19247.5	28780	283.518	531.479	42.7213	24.382	8.65056	0	0	5.69592	4362.69	1487.07	2337.91	40.3839	20.1004	1.67442	3.16167	18.5497	0	0	0.16755
setup	0	2018-05-23 23:00:00	0	8.06964	5.20485	1.59036e-05	9.30762e-07	0.000303425	0.00321287	0.00122286	0.00387001	0.00255362	4.05543e-07	0	0	0	2.03395	3.92511	0.0453131	0.00392449	0.0136282	0.463895	0.609373	0.554476	0.0143829	0.000299832	182.55	40535.6	19248.1	28781.1	283.398	531.537	42.4796	24.6757	9.24965	0	0	5.69903	4362.32	1486.82	2337.67	40.228	20.0637	1.66433	3.16888	18.3436	0	0	0.15781
setup	0	2018-05-24 23:00:00	0	8.33054	5.12675	1.57617e-05	0	0.000253721	0.0033033	0.00131277	0.00384922	0.00183886	6.46702e-07	0	0	0	2.2796	4.01832	0.0508718	0.00392663	0.0136276	0.451358	0.606598	0.569407	0.0107938	0.000292157	193.09	40536.5	19248.9	28782.6	282.995	531.856	42.2472	25.7675	9.51974	0	0	5.70201	4361.96	1486.59	2337.47	40.0063	20.033	1.65441	3.27482	18.1221	0	0	0.145063
setup	0	2018-05-25 23:00:00	0	8.40029	5.43447	1.48948e-05	0	0.000207282	0.00342828	0.000862837	0.00254895	0.00219568	4.13144e-07	0	0	0	2.54808	4.08272	0.0569531	0.00392869	0.0138135	0.431265	0.628269	0.569063	0.0133163	0.000297594	203.767	40537.3	19249.4	28783.8	282.976	532.454	42.0011	26.3851	9.62224	0	0	5.70578	4361.63	1486.37	2337.3	39.8222	20.0085	1.64388	3.36186	17.9006	0	0	0.15309
setup	0	2018-05-26 23:00:00	0	8.57727	5.33582	1.56084e-05	0	0.000161166	0.00350859	0.000839051	0.00253022	0.00212598	3.30083e-07	0	0	0	2.84053	4.26295	0.0635915	0.00393129	0.0136621	0.431587	0.603253	0.550852	0.0131354	0.000295384	214.953	40538.3	19250.2	28785.2	282.821	533.357	41.8428	27.196	9.83462	0	0	5.71058	4361.29	1486.15	2337.1	39.6309	19.9909	1.63651	3.44766	17.6823	0	0	0.158906
setup	0	2018-05-27 23:00:00	0	8.45131	5.29774	1.71378e-05	0	0.000114329	0.00351706	0.000867445	0.00259103	0.00199718	3.38719e-07	0	0	0	3.15799	4.1656	0.0708157	0.00393459	0.0136561	0.395996	0.58029	0.535871	0.0126099	0.000291359	225.784	40539.2	19251.1	28786.4	282.597	534.592	41.7344	28.1959	9.80658	0	0	5.71609	4360.99	1485.96	2336.91	39.4443	19.9808	1.63086	3.55225	17.4765	0	0	0.161113
setup	0	2018-05-28 23:00:00	0	8.91393	4.95977	1.72905e-05	0	0.000125375	0.00429214	0.00112334	0.00313348	0.00140162	5.95784e-07	0	0	0	3.50139	4.56978	0.078647	0.00393838	0.0136256	0.479677	0.581665	0.53577	0.00919201	0.000273193	237.825	40540.9	19252.5	28788.4	282.212	536.184	41.7073	29.5425	10.2821	0	0	5.8259	4360.6	1485.71	2336.66	39.171	19.9791	1.62804	3.68162	17.2454	0	0	0.146912
setup	0	2018-05-29 23:00:00	0	8.96977	4.81307	9.1905e-06	0	0.0070722	0.00561844	0.00106601	0.00258018	0.000914002	1.18369e-06	0	0	0	3.87155	4.40022	0.0869674	0.00401404	0.0136256	0.590787	0.616809	0.542802	0.00627431	0.000253419	249.337	40542.6	19253.9	28790.6	281.927	538.158	41.8396	30.881	10.459	0	0	6.04499	4360.1	1485.38	2336.38	38.8185	19.986	1.63089	3.83073	16.9523	0	0	0.137013
setup	0	2018-05-30 23:00:00	0	9.64557	4.3552	3.05939e-06	0	0.00809488	0.00617638	0.000772144	0.00150802	0.000550986	1.41568e-06	0	0	0	4.2691	4.70873	0.0958976	0.004165	0.0136257	0.631324	0.581184	0.50672	0.00367544	0.000247462	261.814	40545	19256	28792.9	281.105	540.538	42.0543	32.9055	11.1674	0	0	6.33317	4359.56	1485.03	2335.96	38.4126	20.0022	1.63661	4.01114	16.6437	0	0	0.133667
setup	0	2018-05-31 23:00:00	0	8.51594	4.40425	1.07898e-06	0	0.00705604	0.00484256	0.000658969	0.00102512	0.000438266	1.4685e-06	0	0	0	4.69448	3.6847	0.105453	0.00436356	0.0136428	0.421463	0.496219	0.474246	0.00263265	0.000240173	270.976	40546.4	19257.3	28794.3	280.221	543.352	42.2699	35.3252	10.4759	0	0	6.59608	4359.25	1484.84	2335.75	38.1429	20.0282	1.64216	4.23735	16.3756	0	0	0.13247
setup	0	2018-06-01 23:00:00	0	8.60783	3.82111	4.19416e-07	0	0.00769854	0.0052405	0.000548055	0.000648283	0.000282954	1.70695e-06	0	0	0	5.14791	4.06723	0.115638	0.0045447	0.0136284	0.449805	0.485886	0.418541	0.00199394	0.000235183	281.265	40548.8	19259.4	28796.5	279.186	546.624	42.6066	37.47	11.0553	0	0	6.84014	4358.89	1484.63	2335.46	37.8069	20.0648	1.652	4.42821	16.1661	0	0	0.129355
setup	0	2018-06-02 23:00:00	0	8.3085	3.67606	3.4949e-07	0	0.00687614	0.00474824	0.000493127	0.000454583	0.000219372	1.84905e-06	0	0	0	5.62936	3.69052	0.126453	0.00471286	0.0136344	0.367388	0.428208	0.389011	0.00159585	0.000225711	290.321	40550.9	19261.4	28798.4	278.049	550.383	43.0103	39.9511	11.1084	0	0	7.0796	4358.63	1484.48	2335.24	37.5169	20.1127	1.6641	4.63959	15.9744	0	0	0.128325
setup	0	2018-06-03 23:00:00	0	7.38619	3.41192	0	0	0.00511485	0.0038363	0.000436213	0.000317748	0.000172022	1.93859e-06	0	0	0	6.13852	3.1096	0.137891	0.00487784	0.0136357	0.241717	0.362417	0.345519	0.00135484	0.00021232	297.52	40552.8	19263.2	28800.1	276.939	554.654	43.5012	42.3412	10.8266	0	0	7.28161	4358.49	1484.41	2335.13	37.3043	20.1723	1.6792	4.84777	15.8337	0	0	0.127071
setup	0	2018-06-04 23:00:00	0	5.63102	3.59811	2.59652e-07	0	0.00239968	0.00183302	0.000423875	0.000319237	0.000198314	1.86095e-06	0	0	0	6.67477	1.92119	0.149937	0.00501703	0.0136829	0.0369233	0.32892	0.338928	0.00180665	0.000205774	300.964	40553.2	19263.9	28801	276.214	559.455	43.8757	44.2447	9.42233	0	0	7.38915	4358.56	1484.49	2335.24	37.2168	20.2441	1.68973	5.05241	15.7859	0	0	0.12627
setup	0	2018-06-05 23:00:00	0	5.634	2.91296	0	0	0.00423227	0.00329682	0.000352335	0.000193505	0.000138811	2.00982e-06	0	0	0	7.23713	2.42368	0.307117	0.0096059	0.0136308	0.197527	0.34258	0.288469	0.00165734	0.000189031	306.018	40554.9	19265.6	28802.6	275.44	564.809	44.4707	45.5323	9.63799	0	0	7.42073	4358.45	1484.44	2335.14	37.0265	20.4777	1.70813	5.19514	15.7076	0	0	0.125093
setup	0	2018-06-06 23:00:00	0	5.47936	2.86391	0	0	0.00271875	0.00206707	0.000343639	0.000181925	0.000135165	1.96618e-06	0	0	0	7.82427	2.05728	0.1881	0.0054651	0.0136418	0.0694669	0.275224	0.281951	0.00165903	0.00018143	309.947	40556.3	19267	28803.9	274.676	570.74	45.0908	46.9931	9.34351	0	0	7.60684	4358.48	1484.49	2335.16	36.9465	20.5876	1.72772	5.33135	15.6708	0	0	0.124515
setup	0	2018-06-07 23:00:00	0	4.8304	2.49538	0	0	0.00280695	0.00214084	0.000293918	0.000115398	0.000102823	2.06591e-06	0	0	0	8.43448	1.74353	0.33821	0.00933197	0.0136285	0.0763319	0.250379	0.236599	0.00143624	0.000168275	312.904	40557.8	19268.6	28805.1	273.841	577.269	45.8709	48.3354	9.13079	0	0	7.66616	4358.51	1484.54	2335.13	36.8498	20.8513	1.75291	5.44798	15.6492	0	0	0.123752
setup	0	2018-06-08 23:00:00	0	4.92094	2.22225	0	0	0.00290017	0.002207	0.000265084	8.25352e-05	8.0961e-05	2.22116e-06	0	0	0	9.06563	1.86624	0.358635	0.00927735	0.0136263	0.11278	0.23564	0.215426	0.00120465	0.000161941	316.294	40559.7	19270.6	28806.6	272.961	584.411	46.7522	49.6272	9.32014	0	0	7.74089	4358.49	1484.56	2335.05	36.7326	21.1346	1.78204	5.55366	15.6172	0	0	0.123648
setup	0	2018-06-09 23:00:00	0	4.4814	2.0666	0	0	0.00164706	0.00117216	0.000248617	6.20122e-05	6.66467e-05	2.41845e-06	0	0	0	9.71515	1.38407	0.345187	0.00841371	0.0136267	0.0116365	0.18315	0.198324	0.00099353	0.000158553	318.141	40561.3	19272.3	28807.7	272.039	592.184	47.7088	50.9919	9.09379	0	0	7.80229	4358.59	1484.66	2335.05	36.68	21.4028	1.81413	5.65622	15.6305	0	0	0.123107
setup	0	2018-06-10 23:00:00	0	4.00404	1.87155	0	0	0.00160992	0.00110715	0.000219696	3.34233e-05	5.4595e-05	2.6136e-06	0	0	0	10.3801	1.16421	0.44148	0.010143	0.0136256	0.0155526	0.172028	0.167679	0.000842341	0.000149273	319.287	40562.9	19274.1	28808.8	271.143	600.597	48.7527	52.2333	8.87464	0	0	7.80477	4358.68	1484.75	2335.04	36.6167	21.7681	1.84945	5.75216	15.649	0	0	0.122484
setup	0	2018-06-11 23:00:00	0	3.80262	1.72513	0	0	0.00172821	0.00117366	0.000203269	1.79473e-05	4.6935e-05	2.77136e-06	0	0	0	11.0569	1.02405	0.470255	0.0101459	0.0136256	0.025793	0.161763	0.155673	0.000718606	0.000143063	319.991	40564.5	19276	28809.9	270.283	609.66	49.8721	53.3768	8.67365	0	0	7.81143	4358.75	1484.84	2335	36.5498	22.161	1.88787	5.84199	15.6635	0	0	0.12224
setup	0	2018-06-12 23:00:00	0	3.6474	1.61115	0	0	0.00147041	0.000965079	0.000194286	1.59517e-05	4.17406e-05	2.93939e-06	0	0	0	11.7419	0.898948	0.489031	0.00994401	0.0136258	0.00715386	0.146943	0.147644	0.00061246	0.000140625	320.183	40566.1	19277.8	28811	269.434	619.375	51.0326	54.4655	8.49568	0	0	7.83957	4358.85	1484.94	2334.98	36.4966	22.5711	1.92809	5.92726	15.6881	0	0	0.121785
setup	0	2018-06-13 23:00:00	0	3.51018	1.567	0	0	0.0013278	0.000825423	0.000187763	1.01468e-05	4.00643e-05	3.05866e-06	0	0	0	12.4306	0.827854	0.528692	0.0101914	0.013629	0.00896473	0.14533	0.141749	0.000585496	0.000138267	320.044	40567.8	19279.7	28812.1	268.601	629.742	52.199	55.5636	8.30094	0	0	7.83705	4358.95	1485.04	2334.97	36.4406	23.0196	1.96882	6.01364	15.7131	0	0	0.121554
setup	0	2018-06-14 23:00:00	0	3.28386	1.47732	0	0	0.00143043	0.000883867	0.000179984	1.89908e-06	3.67935e-05	3.2142e-06	0	0	0	13.1184	0.658617	0.557943	0.0101882	0.0136267	-2.9409e-14	0.13525	0.134153	0.000499314	0.000134707	319.066	40569.4	19281.5	28813.1	267.795	640.758	53.4318	56.5842	8.04344	0	0	7.8318	4359.06	1485.15	2334.95	36.3918	23.4956	2.01231	6.09502	15.7433	0	0	0.121578
setup	0	2018-06-15 23:00:00	0	3.17961	1.39723	0	0	0.00132479	0.000808026	0.00017338	9.24548e-07	3.43231e-05	3.3951e-06	0	0	0	13.8	0.623562	0.58698	0.0101813	0.0136262	-2.9409e-14	0.129628	0.126752	0.000426497	0.0001325	318.059	40571.2	19283.5	28814.2	267.015	652.412	54.7125	57.5402	7.8626	0	0	7.82162	4359.17	1485.26	2334.92	36.3451	23.9989	2.05788	6.17232	15.7746	0	0	0.121391
setup	0	2018-06-16 23:00:00	0	3.03134	1.34008	0	0	0.00128269	0.000756259	0.000167385	-5.93953e-06	3.2703e-05	3.51282e-06	0	0	0	14.47	0.511902	0.615478	0.0101681	0.013627	-2.9409e-14	0.124878	0.121978	0.000368341	0.000129237	316.516	40572.9	19285.4	28815.2	266.259	664.691	56.0407	58.4599	7.63463	0	0	7.81145	4359.29	1485.38	2334.9	36.3001	24.5288	2.10552	6.24677	15.8066	0	0	0.121407
setup	0	2018-06-17 23:00:00	0	2.77421	1.34108	0	0	0.00149005	0.000884086	0.000162686	-1.51098e-05	3.45248e-05	3.34667e-06	0	0	0	15.1225	0.411471	0.643232	0.0101549	0.0136308	-2.9409e-14	0.127922	0.124891	0.000408835	0.000123465	314.396	40574.5	19287.3	28816.2	265.527	677.573	57.3403	59.4506	7.29596	0	0	7.8013	4359.4	1485.49	2334.88	36.253	25.0843	2.15248	6.32768	15.8365	0	0	0.120662
setup	0	2018-06-18 23:00:00	0	2.74836	1.525	0	0	0.00157585	0.00106699	0.000174884	5.07028e-06	4.48485e-05	3.12738e-06	0	0	0	15.7513	0.410182	0.66998	0.0101417	0.0136474	-2.9409e-14	0.151483	0.146306	0.000714266	0.000126446	312.675	40576	19289	28817.4	264.812	691.028	58.4449	60.6838	6.78513	0	0	7.79116	4359.52	1485.61	2334.91	36.1924	25.6644	2.19268	6.43625	15.8619	0	0	0.12077
setup	0	2018-06-19 23:00:00	0	2.72831	1.45408	0	0	0.00150034	0.00101238	0.000173936	1.1359e-06	4.43136e-05	3.176e-06	0	0	0	16.3502	0.406478	0.695451	0.0101285	0.0136317	-2.9409e-14	0.148775	0.143016	0.000669442	0.000126197	310.879	40577.7	19290.8	28818.5	264.129	705.027	59.6173	61.7041	6.50094	0	0	7.78103	4359.64	1485.73	2334.93	36.1377	26.2675	2.2357	6.5344	15.8909	0	0	0.120776
setup	0	2018-06-20 23:00:00	0	2.77629	1.33481	0	0	0.00134978	0.000902576	0.000169973	5.74087e-06	3.89317e-05	3.50709e-06	0	0	0	16.9124	0.404143	0.719364	0.0101153	0.0136256	-2.9409e-14	0.136036	0.131248	0.000506769	0.000128433	309.136	40579.5	19292.8	28819.7	263.45	719.53	60.9208	62.5534	6.41076	0	0	7.77091	4359.76	1485.85	2334.91	36.0931	26.8923	2.28386	6.61501	15.924	0	0	0.121266
setup	0	2018-06-21 23:00:00	0	2.80857	1.27004	0	0	0.00103939	0.000627623	0.000166505	-1.4867e-06	3.61715e-05	3.77035e-06	0	0	0	17.4313	0.401877	0.741436	0.0101022	0.0136263	-2.9409e-14	0.128636	0.124613	0.00041295	0.000128369	307.098	40581.4	19294.9	28820.8	262.776	734.494	62.3077	63.3794	6.37037	0	0	7.76081	4359.88	1485.98	2334.89	36.0534	27.5366	2.33543	6.68844	15.9587	0	0	0.121151
setup	0	2018-06-22 23:00:00	0	2.79928	1.29554	0	0	0.00117811	0.000689159	0.00016599	-7.18745e-06	3.76044e-05	3.81116e-06	0	0	0	17.9001	0.399227	0.761379	0.0100891	0.0136294	-2.9409e-14	0.130713	0.126718	0.000432579	0.000127239	304.752	40583.4	19297	28822.1	262.111	749.866	63.6842	64.3038	6.27005	0	0	7.75072	4360.01	1486.1	2334.87	36.0122	28.1984	2.38698	6.76701	15.9921	0	0	0.12099
setup	0	2018-06-23 23:00:00	0	2.80626	1.27295	0	0	0.00121871	0.000722347	0.000164487	-5.95186e-06	3.69121e-05	3.93312e-06	0	0	0	18.3123	0.396178	0.778909	0.0100759	0.0136276	-2.9409e-14	0.128763	0.12444	0.000398908	0.000127105	302.422	40585.4	19299.2	28823.3	261.452	765.586	65.1075	65.2216	6.20339	0	0	7.74065	4360.14	1486.23	2334.85	35.972	28.8751	2.44061	6.84379	16.0266	0	0	0.121003
setup	0	2018-06-24 23:00:00	0	2.77623	1.24033	0	0	0.00122878	0.000723236	0.000159953	-1.48905e-05	3.61999e-05	3.94814e-06	0	0	0	18.6611	0.393148	0.793745	0.0100628	0.013627	-2.9409e-14	0.12601	0.121805	0.000358941	0.000123579	299.993	40587.5	19301.5	28824.6	260.804	781.59	66.5919	66.1354	6.15689	0	0	7.73058	4360.27	1486.37	2334.82	35.9327	29.5639	2.49685	6.91886	16.0613	0	0	0.120788
setup	0	2018-06-25 23:00:00	0	2.7305	1.52576	0	0	0.00151203	0.000972155	0.000176679	3.4916e-08	5.12903e-05	3.59393e-06	0	0	0	18.9402	0.389991	0.805617	0.0100498	0.0136491	-2.9409e-14	0.158189	0.151837	0.000766306	0.000126359	297.511	40589.4	19303.6	28826	260.199	797.805	67.7881	67.4325	5.78459	0	0	7.72053	4360.41	1486.5	2334.85	35.875	30.2618	2.54286	7.03377	16.0884	0	0	0.120507
setup	0	2018-06-26 23:00:00	0	2.72396	1.50316	0	0	0.00143276	0.000960189	0.000180453	5.5362e-06	5.27024e-05	3.61781e-06	0	0	0	19.1435	0.386765	0.814267	0.0100367	0.0136325	-2.9409e-14	0.159357	0.152096	0.0007664	0.000129076	295.202	40591.4	19305.7	28827.4	259.616	814.153	69.0215	68.541	5.62196	0	0	7.7105	4360.54	1486.64	2334.86	35.8224	30.9655	2.59056	7.14	16.1201	0	0	0.120778
setup	0	2018-06-27 23:00:00	0	2.71585	1.35904	0	0	0.00136622	0.000915339	0.000172213	-4.47708e-06	4.56572e-05	3.82398e-06	0	0	0	19.2654	0.383763	0.819451	0.0100236	0.0136259	-2.9409e-14	0.143526	0.137808	0.00057922	0.000127661	292.803	40593.6	19308	28828.7	259.022	830.557	70.4565	69.4688	5.63477	0	0	7.70047	4360.68	1486.78	2334.84	35.7809	31.6716	2.64601	7.22487	16.156	0	0	0.120992
setup	0	2018-06-28 23:00:00	0	2.72861	1.3003	0	0	0.00127951	0.000851967	0.000167708	-5.10767e-06	4.20681e-05	4.04266e-06	0	0	0	19.3006	0.380643	0.820949	0.0100106	0.0136256	-2.9409e-14	0.134967	0.130267	0.000471397	0.000127801	290.344	40595.9	19310.4	28830.1	258.424	846.929	72.002	70.3854	5.6666	0	0	7.69046	4360.82	1486.92	2334.81	35.7442	32.3764	2.70587	7.30238	16.1924	0	0	0.121086
setup	0	2018-06-29 23:00:00	0	2.73603	1.51161	0	0	0.000950002	0.000565492	0.000181233	4.25386e-06	5.32552e-05	3.8876e-06	0	0	0	19.2445	0.377447	0.818562	0.0099976	0.0136375	-2.9409e-14	0.157241	0.150878	0.000726781	0.000131491	287.814	40598.1	19312.7	28831.5	257.855	863.175	73.3134	71.6115	5.47575	0	0	7.68047	4360.97	1487.06	2334.82	35.6977	33.0759	2.7574	7.40702	16.2244	0	0	0.120782
setup	0	2018-06-30 23:00:00	0	2.73974	1.48926	0	0	0.00123778	0.000767181	0.000183632	2.78589e-06	5.30941e-05	4.00183e-06	0	0	0	19.0931	0.374158	0.812121	0.00998461	0.0136289	-2.9409e-14	0.156767	0.14983	0.000713597	0.000133835	285.255	40600.3	19315.1	28833	257.293	879.2	74.6801	72.7367	5.40172	0	0	7.67048	4361.12	1487.21	2334.82	35.654	33.7662	2.81127	7.50578	16.2591	0	0	0.120895
setup	0	2018-07-01 23:00:00	0	2.71774	1.86622	0	0	0.00121758	0.000754852	0.000212654	3.10578e-05	8.02641e-05	3.74257e-06	0	0	0	18.8431	0.370831	0.801487	0.00997163	0.0136519	-2.9409e-14	0.198171	0.187525	0.00125651	0.000140352	282.634	40602.2	19317.1	28834.4	256.905	894.904	75.6974	74.0249	5.06613	0	0	7.66051	4361.27	1487.35	2334.86	35.599	34.4429	2.85245	7.63986	16.2866	0	0	0.120776
setup	0	2018-07-02 23:00:00	0	2.67834	2.05158	0	0	0.00132543	0.000850944	0.000233147	5.44128e-05	0.000103161	3.55529e-06	0	0	0	18.492	0.367424	0.786555	0.00995866	0.013646	-2.9409e-14	0.218922	0.205825	0.00156481	0.000144235	280.014	40604	19319	28835.8	256.706	910.187	76.5814	75.03	4.8457	0	0	7.65055	4361.42	1487.5	2334.93	35.5569	35.1017	2.88891	7.76644	16.3166	0	0	0.120668
setup	0	2018-07-03 23:00:00	0	2.66326	2.54838	0	0	0.00133803	0.000889017	0.000280933	0.00013751	0.000165684	3.32109e-06	0	0	0	18.0383	0.364018	0.767257	0.00994572	0.0136667	-2.9409e-14	0.264898	0.243443	0.00227368	0.000154178	277.41	40605.4	19320.5	28837	257	924.943	77.1134	75.5506	4.56743	0	0	7.6406	4361.57	1487.64	2335.05	35.5468	35.7383	2.91244	7.87894	16.3449	0	0	0.120823
setup	0	2018-07-04 23:00:00	0	2.60293	2.98544	0	0	0.00136434	0.000914421	0.000327542	0.0002271	0.000246965	3.01506e-06	0	0	0	17.4813	0.360633	0.743564	0.00993279	0.0136707	-2.9409e-14	0.296058	0.269918	0.00289753	0.000158254	274.809	40606.4	19321.5	28838.1	257.913	939.073	77.4462	75.2545	4.3223	0	0	7.63067	4361.73	1487.78	2335.2	35.6053	36.3483	2.92869	7.92858	16.3782	0	0	0.120664
setup	0	2018-07-05 23:00:00	0	2.56311	2.37731	0	0	0.00161437	0.0011662	0.000284229	0.00013361	0.00016814	3.11432e-06	0	0	0	16.8212	0.357251	0.715488	0.00991987	0.0136264	-2.9409e-14	0.234529	0.223465	0.00217364	0.000155709	272.263	40608	19323.2	28839.1	258.129	952.485	78.2579	75.4769	4.3877	0	0	7.62075	4361.89	1487.91	2335.26	35.6576	36.9279	2.96293	7.95075	16.4282	0	0	0.120911
setup	0	2018-07-06 23:00:00	0	2.53232	2.09036	0	0	0.00147733	0.00108639	0.000254339	8.15637e-05	0.000129355	3.20336e-06	0	0	0	16.0594	0.353942	0.683085	0.00990698	0.0136256	-2.9409e-14	0.206446	0.19999	0.00184612	0.00015199	269.604	40610	19325.2	28840.3	258.058	965.081	79.3655	75.9905	4.4645	0	0	7.61085	4362.05	1488.05	2335.27	35.6949	37.4728	3.00838	7.97768	16.4785	0	0	0.121021
setup	0	2018-07-07 23:00:00	0	2.54083	2.037	0	0	0.00111016	0.000788546	0.00024505	6.95367e-05	0.000117594	3.25146e-06	0	0	0	15.1981	0.350485	0.646451	0.0098941	0.0136265	-2.9409e-14	0.201259	0.194542	0.00175854	0.000151989	266.884	40612	19327.4	28841.5	257.883	976.762	80.5162	76.7082	4.49922	0	0	7.60095	4362.22	1488.2	2335.27	35.7233	37.979	3.05559	8.01566	16.5275	0	0	0.120924
setup	0	2018-07-08 23:00:00	0	2.54224	1.95154	0	0	0.00118338	0.000819212	0.000237352	5.31535e-05	0.000105876	3.35995e-06	0	0	0	14.2407	0.346949	0.605727	0.00988124	0.013626	-2.9409e-14	0.194323	0.188149	0.00165994	0.000151999	264.03	40614.2	19329.7	28842.7	257.628	987.437	81.7662	77.5174	4.5452	0	0	7.59107	4362.38	1488.35	2335.26	35.7432	38.4425	3.10664	8.06026	16.5756	0	0	0.120955
setup	0	2018-07-09 23:00:00	0	2.5271	1.99023	0	0	0.0011231	0.000752714	0.000237596	4.98565e-05	0.000107653	3.36389e-06	0	0	0	13.1915	0.343239	0.561098	0.00986839	0.0136273	-2.9409e-14	0.198584	0.191447	0.00171674	0.000151754	261.08	40616.4	19331.9	28844	257.386	997.017	82.9961	78.4003	4.52911	0	0	7.5812	4362.55	1488.51	2335.26	35.7581	38.8594	3.15704	8.11462	16.6215	0	0	0.120798
setup	0	2018-07-10 23:00:00	0	2.53444	1.97885	0	0	0.00113997	0.000759357	0.000238771	5.10056e-05	0.000104988	3.45656e-06	0	0	0	12.0557	0.339404	0.512789	0.00985556	0.0136266	-2.9409e-14	0.198961	0.191395	0.00170764	0.000154414	258.077	40618.7	19334.3	28845.2	257.121	1005.42	84.2359	79.3142	4.54145	0	0	7.57135	4362.73	1488.67	2335.25	35.7691	39.2264	3.20789	8.17339	16.6676	0	0	0.120898
setup	0	2018-07-11 23:00:00	0	2.50632	1.98629	0	0	0.00108222	0.000698471	0.000238089	4.291e-05	0.000105664	3.45449e-06	0	0	0	10.8397	0.3355	0.461066	0.00984275	0.0136267	-2.9409e-14	0.200646	0.192856	0.00173375	0.000153041	254.964	40620.9	19336.6	28846.5	256.863	1012.57	85.4859	80.2565	4.53057	0	0	7.5615	4362.9	1488.83	2335.23	35.7768	39.5402	3.25916	8.23705	16.7129	0	0	0.120669
setup	0	2018-07-12 23:00:00	0	2.49263	2.08324	0	0	0.00122691	0.000819603	0.000245959	5.54612e-05	0.000114521	3.44587e-06	0	0	0	9.55058	0.331453	0.406232	0.00982995	0.0136282	-2.9409e-14	0.210323	0.200876	0.0018731	0.000155864	251.858	40623.1	19338.9	28847.7	256.668	1018.39	86.641	81.2033	4.48364	0	0	7.55167	4363.07	1489	2335.23	35.7841	39.7978	3.30688	8.3071	16.7565	0	0	0.120867
setup	0	2018-07-13 23:00:00	0	2.47724	2.57065	0	0	0.001151	0.000765691	0.000287929	0.000121168	0.000172782	3.29545e-06	0	0	0	8.19626	0.327415	0.348626	0.00981718	0.0136433	-2.9409e-14	0.255746	0.237664	0.00257804	0.00016395	248.717	40624.9	19340.8	28848.8	256.914	1022.83	87.3703	81.8589	4.28317	0	0	7.54186	4363.24	1489.16	2335.29	35.8089	39.9966	3.33846	8.38341	16.7946	0	0	0.121035
setup	0	2018-07-14 23:00:00	0	2.41268	2.56184	0	0	0.00124093	0.000831122	0.000293799	0.000124432	0.000183889	3.17912e-06	0	0	0	6.78546	0.323332	0.288618	0.00980441	0.0136308	-2.9409e-14	0.253631	0.237932	0.00262753	0.000162053	245.571	40626.6	19342.6	28849.9	257.228	1025.84	88.1418	82.285	4.21771	0	0	7.53205	4363.42	1489.32	2335.34	35.8516	40.1345	3.37158	8.43436	16.8391	0	0	0.120725
setup	0	2018-07-15 23:00:00	0	2.42106	2.34433	0	0	0.00141257	0.00102136	0.000283524	0.000109736	0.000155336	3.36371e-06	0	0	0	5.32753	0.319243	0.226605	0.00979167	0.0136258	-2.9409e-14	0.23245	0.221655	0.00235317	0.000167505	242.536	40628.6	19344.6	28851	257.291	1027.37	89.0779	82.8757	4.28038	0	0	7.52226	4363.59	1489.48	2335.35	35.8914	40.2098	3.41089	8.47544	16.8898	0	0	0.121132
setup	0	2018-07-16 23:00:00	0	2.37776	2.23484	0	0	0.00107324	0.000735798	0.000270699	7.82363e-05	0.000141219	3.38541e-06	0	0	0	3.83236	0.315296	0.163009	0.00977894	0.0136257	-2.9409e-14	0.222029	0.213281	0.00222731	0.00016321	239.432	40630.6	19346.8	28852.1	257.259	1027.39	90.1327	83.5764	4.31074	0	0	7.51248	4363.77	1489.64	2335.34	35.9246	40.2213	3.45463	8.51939	16.9402	0	0	0.120738
setup	0	2018-07-17 23:00:00	0	2.3443	2.16854	0	0	0.00135373	0.000959683	0.000262703	6.91553e-05	0.000131779	3.42791e-06	0	0	0	2.31027	0.311261	0.0982669	0.00976623	0.0136256	-2.9409e-14	0.215535	0.207594	0.00216064	0.000162599	236.427	40632.8	19349	28853.2	257.175	1025.89	91.2434	84.3304	4.34014	0	0	7.50271	4363.94	1489.81	2335.33	35.953	40.168	3.50042	8.56662	16.989	0	0	0.121252
setup	0	2018-07-18 23:00:00	0	2.29545	2.11999	0	0	0.0011519	0.00080894	0.000254357	5.53141e-05	0.000125972	3.37076e-06	0	0	0	0.771905	0.307355	0.0328329	0.00975353	0.0136256	-2.9409e-14	0.211744	0.204052	0.00210438	0.000158217	233.452	40634.9	19351.3	28854.3	257.056	1022.86	92.3747	85.1416	4.36114	0	0	7.49296	4364.12	1489.98	2335.31	35.9768	40.0496	3.5469	8.61833	17.037	0	0	0.120641
setup	0	2018-07-19 23:00:00	0	2.27514	2.09788	0	0	0.00125657	0.000902187	0.000251504	5.56926e-05	0.00012168	3.40518e-06	0	0	0	0	0.303488	0	0.00974085	0.0136256	-2.9409e-14	0.210015	0.20215	0.00206877	0.000158964	230.561	40637.1	19353.6	28855.4	256.906	1019.06	93.4806	86.0084	4.38962	0	0	7.48322	4364.29	1490.14	2335.29	35.9967	39.8988	3.59229	8.67459	17.0843	0	0	0.120874
setup	0	2018-07-20 23:00:00	0	2.22939	2.09402	0	0	0.00103664	0.000712545	0.000247716	4.64196e-05	0.000121425	3.34679e-06	0	0	0	0	0.299729	0	0.00972819	0.0136258	-2.9409e-14	0.210486	0.202213	0.00206277	0.000155477	227.674	40639.3	19355.9	28856.4	256.752	1015.28	94.551	86.9208	4.39777	0	0	7.47349	4364.47	1490.31	2335.27	36.0131	39.7486	3.6362	8.73609	17.1308	0	0	0.120489
setup	0	2018-07-21 23:00:00	0	2.18665	2.3983	0	0	0.00133182	0.000963187	0.000269258	8.37354e-05	0.000156562	3.20816e-06	0	0	0	0	0.295977	0	0.00971554	0.0136315	-2.9409e-14	0.237959	0.22428	0.00249747	0.000158763	224.87	40641.1	19357.8	28857.5	256.868	1011.5	95.306	87.7024	4.28212	0	0	7.46378	4364.64	1490.48	2335.29	36.0375	39.599	3.66792	8.80642	17.1716	0	0	0.120642
setup	0	2018-07-22 23:00:00	0	2.16623	2.36539	0	0	0.00118979	0.000870418	0.000273652	8.96191e-05	0.000156065	3.26337e-06	0	0	0	0	0.292331	0	0.00970291	0.0136267	-2.9409e-14	0.235119	0.22285	0.00246596	0.000161975	222.106	40643	19359.8	28858.5	256.964	1007.74	96.0494	88.4106	4.28176	0	0	7.45407	4364.81	1490.65	2335.3	36.0675	39.4498	3.69907	8.86629	17.2175	0	0	0.120813
setup	0	2018-07-23 23:00:00	0	2.128	2.28242	0	0	0.00112176	0.000803377	0.000268126	7.61607e-05	0.000147201	3.31487e-06	0	0	0	0	0.288738	0	0.0096903	0.0136258	-2.9409e-14	0.227004	0.21668	0.00235951	0.000161176	219.353	40644.9	19361.8	28859.4	256.99	1003.99	96.8568	89.1571	4.30632	0	0	7.44438	4364.99	1490.81	2335.3	36.0965	39.3013	3.73256	8.92217	17.2652	0	0	0.120726
setup	0	2018-07-24 23:00:00	0	2.09211	2.28317	0	0	0.00114755	0.000819922	0.000267046	7.46455e-05	0.000146283	3.33873e-06	0	0	0	0	0.285159	0	0.0096777	0.013626	-2.9409e-14	0.22638	0.216071	0.00235281	0.000161519	216.658	40646.8	19363.8	28860.4	257.01	1000.24	97.6368	89.9359	4.31397	0	0	7.43471	4365.16	1490.98	2335.3	36.1248	39.1533	3.7649	8.97953	17.3124	0	0	0.120823
setup	0	2018-07-25 23:00:00	0	2.06428	2.41623	0	0	0.00106987	0.000752791	0.000278009	9.09482e-05	0.000161441	3.34234e-06	0	0	0	0	0.281655	0	0.00966512	0.0136276	-2.9409e-14	0.237899	0.225102	0.00251484	0.000164625	214.002	40648.5	19365.7	28861.3	257.136	996.512	98.255	90.6725	4.27817	0	0	7.42504	4365.33	1491.15	2335.32	36.1577	39.0059	3.79092	9.03965	17.3582	0	0	0.120841
setup	0	2018-07-26 23:00:00	0	2.0437	2.38032	0	0	0.00104124	0.000719271	0.000279919	8.96213e-05	0.000156914	3.46399e-06	0	0	0	0	0.278203	0	0.00965255	0.0136261	-2.9409e-14	0.234625	0.222845	0.00246625	0.000168089	211.376	40650.3	19367.6	28862.2	257.219	992.79	98.873	91.4144	4.29732	0	0	7.41539	4365.5	1491.31	2335.33	36.1911	38.859	3.81683	9.09617	17.4066	0	0	0.121087
setup	0	2018-07-27 23:00:00	0	2.02548	2.39821	0	0	0.000870481	0.000560676	0.000284189	9.04965e-05	0.000156824	3.59006e-06	0	0	0	0	0.274789	0	0.00964	0.0136262	-2.9409e-14	0.236119	0.223929	0.00245743	0.000171824	208.766	40652	19369.4	28863.1	257.283	989.079	99.4319	92.2064	4.31109	0	0	7.40575	4365.67	1491.47	2335.34	36.2238	38.7126	3.84038	9.15459	17.4559	0	0	0.121084
setup	0	2018-07-28 23:00:00	0	1.99751	3.23452	0	0	0.000826016	0.000484306	0.000359385	0.000223023	0.000279477	3.43781e-06	0	0	0	0	0.271396	0	0.00962747	0.0136257	-2.9409e-14	0.306853	0.277865	0.00354399	0.000184029	206.179	40652.9	19370.4	28863.7	258.253	985.37	99.2628	92.2398	4.10724	0	0	7.39612	4365.84	1491.63	2335.46	36.3055	38.5664	3.83581	9.20098	17.4968	0	0	0.121278
setup	0	2018-07-29 23:00:00	0	1.9496	3.81892	0	0	0.000953339	0.000572113	0.000435874	0.000375759	0.000415571	3.32102e-06	0	0	0	0	0.268032	0	0.00961496	0.0136314	-2.9409e-14	0.346877	0.309458	0.00426467	0.000194169	203.629	40653.2	19370.8	28864.1	260.077	981.663	98.6999	91.1773	3.96097	0	0	7.38651	4366	1491.78	2335.63	36.4724	38.4205	3.81594	9.17131	17.544	0	0	0.121413
setup	0	2018-07-30 23:00:00	0	1.78023	13.4526	0	0	0.0019202	0.00116606	0.00128348	0.00228337	0.00503396	5.25152e-07	0	0	0	0	0.264718	0	0.00960246	0.014253	-2.9409e-14	1.19309	0.973246	0.0184075	0.000246884	201.145	40643.8	19360.3	28867.2	277.282	977.845	95.7846	68.7519	2.60719	0	0	7.3769	4366.14	1490.25	2337.89	37.871	38.2702	3.70493	7.32818	18.2317	0	0	0.124463
setup	0	2018-07-31 23:00:00	0	1.69498	10.5058	0	0	0.00156211	0.00133946	0.00102574	0.00267706	0.00498895	1.84315e-07	0	0	0	0	0.261488	0	0.00958997	0.0136256	-2.9409e-14	0.672157	0.574606	0.0254745	0.000274046	198.923	40637.3	19353.8	28862.5	289.525	974.006	93.1234	52.4399	2.65103	0	0	7.36731	4366.29	1490.15	2338.28	39.6432	38.1193	3.60354	5.64921	18.3713	0	0	0.13488
setup	0	2018-08-01 23:00:00	0	1.65615	8.54372	0	0	0.00118642	0.00101151	0.0013476	0.00352862	0.00520583	2.56716e-07	0	0	0	0	0.2586	0	0.00957751	0.0136256	-2.9409e-14	0.6276	0.547393	0.0266545	0.00030819	196.768	40632.8	19349.3	28859.5	297.256	970.174	90.4747	42.3335	2.87551	0	0	7.35774	4366.44	1490.15	2338.61	40.8	37.9687	3.50254	4.58556	18.5119	0	0	0.137939
setup	0	2018-08-02 23:00:00	0	1.58505	6.98511	3.93269e-06	0	0.00117692	0.000983485	0.00153468	0.00400184	0.00501993	3.24159e-07	0	0	0	0	0.255798	0	0.00956506	0.0136256	-2.9409e-14	0.581432	0.519109	0.0270115	0.000323194	194.618	40629.9	19346.4	28857.3	301.934	966.358	88.2448	36.2437	3.21031	0	0	7.34817	4366.59	1490.2	2338.83	41.5262	37.8189	3.41762	3.94158	18.6471	0	0	0.137844
setup	0	2018-08-03 23:00:00	0	1.49254	5.98619	4.03962e-06	0	0.000154132	0.000288377	0.0017351	0.00455621	0.00438835	4.63093e-07	0	0	0	0	0.253003	0	0.00955262	0.0136256	-2.9409e-14	0.546292	0.501836	0.02588	0.000322513	192.571	40627.9	19344.5	28856	304.764	962.563	86.4397	32.5437	3.53376	0	0	7.33862	4366.74	1490.27	2339.06	41.9967	37.6699	3.34905	3.54799	18.7751	0	0	0.133472
setup	0	2018-08-04 23:00:00	0	1.38788	5.28001	2.33286e-05	9.21764e-05	0.000364367	0.000353809	0.00169202	0.00435189	0.00379874	5.31203e-07	0	0	0	0	0.250342	0	0.0095402	0.0136256	-2.9409e-14	0.518033	0.478807	0.0241836	0.000313063	190.647	40626.6	19343.3	28855	306.385	958.791	85.0474	30.3577	3.81505	0	0	7.32908	4366.89	1490.36	2339.19	42.2934	37.5221	3.29638	3.31276	18.9025	0	0	0.130338
setup	0	2018-08-05 23:00:00	0	1.28598	4.84241	6.01117e-05	0.000267166	0.00082102	0.00132924	0.00162217	0.00413272	0.0034086	5.53942e-07	0	0	0	0	0.247841	0	0.0095278	0.0136256	-2.9409e-14	0.493727	0.462345	0.0229407	0.000302779	188.858	40625.7	19342.5	28854.1	307.374	955.044	83.9608	28.9656	4.0421	0	0	7.31955	4367.05	1490.46	2339.3	42.5004	37.3752	3.25548	3.16285	19.0221	0	0	0.128019
setup	0	2018-08-06 23:00:00	0	1.23417	4.91338	6.25909e-05	0.000276361	0.000820489	0.00131856	0.0016438	0.00416707	0.00338316	6.64581e-07	0	0	0	0	0.245515	0	0.00951542	0.0136256	-2.9409e-14	0.511505	0.475408	0.0228541	0.000314363	187.19	40624.7	19341.6	28853.1	308.075	951.304	82.6973	28.0156	4.21039	0	0	7.31003	4367.2	1490.57	2339.41	42.6668	37.2287	3.20766	3.06293	19.1391	0	0	0.126649
setup	0	2018-08-07 23:00:00	0	1.18036	4.85637	5.73219e-05	0.000251875	0.00383731	0.00106675	0.0016117	0.00404278	0.00318161	7.72453e-07	0	0	0	0	0.243347	0	0.00950305	0.0136256	-2.9409e-14	0.513073	0.47904	0.022243	0.00032384	185.533	40623.8	19340.8	28852.2	308.524	947.573	81.4796	27.3346	4.35843	0	0	7.30053	4367.35	1490.69	2339.51	42.806	37.0827	3.16154	2.99125	19.2519	0	0	0.125776
setup	0	2018-08-08 23:00:00	0	1.1204	4.85979	4.99462e-05	0.000219191	0.00463274	0.000943356	0.0015817	0.00391413	0.00301596	8.7988e-07	0	0	0	0	0.241192	0	0.00949069	0.0136256	-2.9409e-14	0.518545	0.485262	0.0217862	0.000334022	183.939	40622.8	19340	28851.2	308.797	943.849	80.2687	26.8366	4.47818	0	0	7.29104	4367.5	1490.82	2339.62	42.9274	36.937	3.11561	2.93904	19.3631	0	0	0.125308
setup	0	2018-08-09 23:00:00	0	1.04733	4.8271	4.23808e-05	0.000186286	0.00427931	0.000794676	0.00153747	0.00373705	0.00283243	9.39274e-07	0	0	0	0	0.239121	0	0.00947835	0.0136256	-2.9409e-14	0.518635	0.488122	0.0211341	0.000338624	182.412	40621.9	19339.2	28850.2	308.942	940.135	79.1279	26.4363	4.58058	0	0	7.28156	4367.64	1490.95	2339.73	43.0372	36.7917	3.07233	2.89751	19.4742	0	0	0.124942
setup	0	2018-08-10 23:00:00	0	0.926226	4.44888	3.57982e-05	0.000155993	0.00433948	0.00115693	0.00140311	0.00333021	0.00245123	8.89665e-07	0	0	0	0	0.237136	0	0.00946603	0.0136256	-2.9409e-14	0.481992	0.46368	0.019722	0.000318812	180.98	40621.3	19338.8	28849.4	308.984	936.447	78.4187	26.0677	4.67975	0	0	7.2721	4367.8	1491.09	2339.83	43.1319	36.6475	3.04575	2.86285	19.5794	0	0	0.12435
setup	0	2018-08-11 23:00:00	0	0.827665	4.39496	3.09051e-05	0.000129311	0.00402792	0.0012686	0.00134572	0.00315264	0.00231672	9.01548e-07	0	0	0	0	0.235275	0	0.00945373	0.0136256	-2.9409e-14	0.477368	0.459564	0.0192015	0.000313079	179.72	40620.8	19338.4	28848.7	308.967	932.777	77.7455	25.7985	4.74366	0	0	7.26264	4367.95	1491.23	2339.92	43.2186	36.5041	3.02053	2.83787	19.6815	0	0	0.123931
setup	0	2018-08-12 23:00:00	0	0.7366	4.29196	2.66035e-05	0.00010612	0.00359902	0.00121852	0.00128977	0.00297515	0.00216547	9.20428e-07	0	0	0	0	0.233636	0	0.00944144	0.0136256	-2.9409e-14	0.467881	0.452917	0.0185126	0.000307557	178.556	40620.3	19338.2	28848	308.892	929.124	77.1755	25.5811	4.79859	0	0	7.2532	4368.1	1491.37	2340.01	43.2992	36.3614	2.99926	2.8189	19.7811	0	0	0.123627
setup	0	2018-08-13 23:00:00	0	0.630146	3.97946	2.28924e-05	8.61026e-05	0.00346054	0.00136907	0.00117561	0.00265401	0.00190391	8.52567e-07	0	0	0	0	0.232123	0	0.00942916	0.0136256	-2.9409e-14	0.436633	0.429239	0.0172757	0.000287012	177.494	40620.2	19338.2	28847.5	308.791	925.5	76.9342	25.3561	4.85019	0	0	7.24377	4368.25	1491.52	2340.08	43.3714	36.2199	2.99072	2.80085	19.8767	0	0	0.123123
setup	0	2018-08-14 23:00:00	0	0.560918	4.1352	2.02499e-05	6.89643e-05	0.00299781	0.00128138	0.00118682	0.00267387	0.00193625	9.46637e-07	0	0	0	0	0.230743	0	0.0094169	0.0136256	-2.9409e-14	0.454259	0.440379	0.0175185	0.000295082	176.571	40619.9	19338.1	28846.9	308.627	921.884	76.4669	25.2835	4.87334	0	0	7.23436	4368.41	1491.67	2340.16	43.4386	36.0788	2.97337	2.79584	19.9718	0	0	0.123261
setup	0	2018-08-15 23:00:00	0	0.490062	4.05403	1.69549e-05	5.40753e-05	0.00247498	0.00097735	0.00114105	0.00252714	0.00180836	9.42847e-07	0	0	0	0	0.229542	0	0.00940466	0.0136256	-2.9409e-14	0.446564	0.435655	0.0167917	0.000291017	175.697	40619.6	19338	28846.3	308.443	918.282	76.1087	25.1818	4.90459	0	0	7.22495	4368.56	1491.82	2340.25	43.5053	35.9382	2.96021	2.7891	20.0669	0	0	0.122976
setup	0	2018-08-16 23:00:00	0	0.406483	3.8196	1.42575e-05	4.1255e-05	0.00259066	0.00124973	0.00105943	0.00229865	0.0016362	8.88773e-07	0	0	0	0	0.228406	0	0.00939244	0.0136258	-2.9409e-14	0.421226	0.416553	0.0158856	0.000274796	174.916	40619.6	19338.2	28845.9	308.26	914.705	75.9889	25.0586	4.93447	0	0	7.21556	4368.72	1491.98	2340.32	43.5704	35.7986	2.95629	2.78177	20.1558	0	0	0.122643
setup	0	2018-08-17 23:00:00	0	0.342113	3.81901	1.24648e-05	3.03271e-05	0.00231516	0.00121346	0.00102863	0.00221456	0.00158396	8.8655e-07	0	0	0	0	0.227391	0	0.00938023	0.0136256	-2.9409e-14	0.424661	0.41628	0.0156351	0.000271154	174.238	40619.5	19338.4	28845.5	308.059	911.143	75.8348	24.9872	4.95326	0	0	7.20618	4368.87	1492.13	2340.39	43.6271	35.6597	2.95101	2.77818	20.2485	0	0	0.122454
setup	0	2018-08-18 23:00:00	0	0.287689	3.79875	1.07583e-05	2.08655e-05	0.00206135	0.00114557	0.0010076	0.00214756	0.00152918	9.11638e-07	0	0	0	0	0.22651	0	0.00936803	0.0136256	-2.9409e-14	0.422944	0.41522	0.0153669	0.000269612	173.627	40619.5	19338.5	28845.1	307.822	907.596	75.6731	24.9652	4.97257	0	0	7.19681	4369.02	1492.28	2340.47	43.6818	35.5213	2.9454	2.77913	20.3396	0	0	0.122351
setup	0	2018-08-19 23:00:00	0	0.243621	3.90041	8.95903e-06	1.26895e-05	0.0017025	0.000945079	0.00101446	0.00214929	0.00151678	9.89495e-07	0	0	0	0	0.225715	0	0.00935585	0.0136256	-2.9409e-14	0.435836	0.424669	0.0153442	0.000277632	173.075	40619.3	19338.6	28844.6	307.527	904.056	75.3758	25.0296	4.98907	0	0	7.18745	4369.17	1492.44	2340.55	43.7322	35.3833	2.93448	2.78756	20.4325	0	0	0.122499
setup	0	2018-08-20 23:00:00	0	0.199777	3.84919	6.93287e-06	5.76361e-06	0.00155264	0.000874538	0.000992983	0.00206899	0.00144462	1.02542e-06	0	0	0	0	0.224998	0	0.00934369	0.0136256	-2.9409e-14	0.432685	0.422943	0.0149186	0.000277282	172.57	40619.2	19338.7	28844.1	307.206	900.529	75.1352	25.0979	5.01032	0	0	7.17811	4369.33	1492.59	2340.63	43.7783	35.2457	2.92573	2.79809	20.526	0	0	0.122415
setup	0	2018-08-21 23:00:00	0	0.162067	3.91221	5.56521e-06	1.50673e-06	0.0013962	0.000821291	0.000992343	0.00204686	0.00141323	1.10001e-06	0	0	0	0	0.224341	0	0.00933154	0.0136256	-2.9409e-14	0.439731	0.428846	0.0148008	0.000283651	172.118	40619	19338.7	28843.6	306.84	897.012	74.8113	25.2268	5.02975	0	0	7.16878	4369.48	1492.75	2340.71	43.8238	35.1086	2.91372	2.81408	20.6182	0	0	0.122517
setup	0	2018-08-22 23:00:00	0	0.130394	3.99731	4.6796e-06	2.3689e-07	0.00124563	0.000732755	0.00100468	0.00204615	0.00138798	1.23856e-06	0	0	0	0	0.223753	0	0.00931941	0.0136256	-2.9409e-14	0.455716	0.440568	0.0147327	0.000296246	171.707	40618.7	19338.6	28843	306.401	893.501	74.3873	25.4339	5.05179	0	0	7.15946	4369.63	1492.9	2340.8	43.8557	34.9717	2.89778	2.83783	20.7187	0	0	0.122696
setup	0	2018-08-23 23:00:00	0	0.0980945	3.84732	3.6059e-06	2.17651e-08	0.00126173	0.000617413	0.000955862	0.00189697	0.00129161	1.15473e-06	0	0	0	0	0.223219	0	0.0093073	0.0136256	-2.9409e-14	0.440499	0.430115	0.0140158	0.000283629	171.331	40618.5	19338.6	28842.5	306.028	890.008	74.1727	25.5041	5.07671	0	0	7.15015	4369.78	1493.05	2340.88	43.8898	34.8355	2.88997	2.85387	20.8178	0	0	0.122221
setup	0	2018-08-24 23:00:00	0	0.0735284	3.971	3.66447e-06	1.80798e-09	0.00140123	0.000891592	0.000969386	0.00191465	0.00127833	1.30289e-06	0	0	0	0	0.222731	0	0.0092952	0.0136256	-2.9409e-14	0.452847	0.44025	0.0141456	0.000296105	170.998	40618.2	19338.6	28841.9	305.553	886.523	73.7658	25.7365	5.10117	0	0	7.14086	4369.93	1493.2	2340.97	43.9235	34.6996	2.87464	2.88012	20.9142	0	0	0.122447
setup	0	2018-08-25 23:00:00	0	0.0539477	4.02087	3.0718e-06	4.70902e-11	0.00107791	0.000569219	0.000975485	0.00188989	0.00124144	1.43452e-06	0	0	0	0	0.222298	0	0.00928311	0.0136256	-2.9409e-14	0.464778	0.449847	0.0139903	0.000307012	170.69	40617.8	19338.4	28841.3	305.019	883.044	73.3171	26.0117	5.12926	0	0	7.13157	4370.08	1493.35	2341.06	43.9446	34.564	2.85766	2.9129	21.0182	0	0	0.12267
setup	0	2018-08-26 23:00:00	0	0.0359631	3.9306	2.15899e-06	0	0.00118718	0.000555105	0.000946093	0.00178951	0.00117578	1.40852e-06	0	0	0	0	0.221898	0	0.00927105	0.0136256	-2.9409e-14	0.457045	0.44462	0.0135025	0.000300643	170.406	40617.5	19338.4	28840.7	304.518	879.582	72.9951	26.2125	5.15575	0	0	7.1223	4370.23	1493.5	2341.14	43.9645	34.429	2.84559	2.94279	21.1218	0	0	0.122302
setup	0	2018-08-27 23:00:00	0	0.0218471	4.36861	2.09403e-06	0	0.00134753	0.000829089	0.00103492	0.0020842	0.00144488	1.36922e-06	0	0	0	0	0.221528	0	0.00925899	0.0136515	-2.9409e-14	0.494115	0.472778	0.0147178	0.000310275	170.145	40616.8	19337.8	28840.2	304.523	876.128	72.4246	25.812	5.08295	0	0	7.11304	4370.37	1493.65	2341.31	44.0324	34.2943	2.82382	2.93572	21.2217	0	0	0.122658
setup	0	2018-08-28 23:00:00	0	0.0105602	3.94301	1.78551e-06	0	0.0014472	0.000820159	0.000962332	0.00188028	0.00127548	1.23611e-06	0	0	0	0	0.221188	0	0.00924696	0.0136272	-2.9409e-14	0.449174	0.440097	0.0135876	0.000287513	169.9	40616.5	19337.7	28839.6	304.382	872.699	72.2277	25.4822	5.11795	0	0	7.1038	4370.52	1493.79	2341.41	44.1002	34.1606	2.8166	2.9116	21.3257	0	0	0.122052
setup	0	2018-08-29 23:00:00	0	0.00235277	3.87896	2.67242e-06	0	0.00166459	0.001156	0.000937517	0.00182318	0.00122759	1.24016e-06	0	0	0	0	0.22087	0	0.00923494	0.0136256	-2.9409e-14	0.44197	0.434351	0.0135082	0.000283399	169.671	40616.2	19337.7	28839.1	304.12	869.288	72.0049	25.3502	5.1508	0	0	7.09456	4370.67	1493.94	2341.49	44.1606	34.0276	2.80835	2.90219	21.4227	0	0	0.122088
setup	0	2018-08-30 23:00:00	0	9.56159e-05	3.8729	3.26666e-06	0	0.00137212	0.000941387	0.000932207	0.00179829	0.00119694	1.30934e-06	0	0	0	0	0.220572	0	0.00922293	0.0136256	-2.9409e-14	0.448684	0.438353	0.0134778	0.000287676	169.451	40615.9	19337.6	28838.5	303.746	865.889	71.7361	25.3678	5.18549	0	0	7.08534	4370.82	1494.09	2341.58	44.2009	33.8951	2.79829	2.90782	21.5255	0	0	0.122161
setup	0	2018-08-31 23:00:00	0	0.00020164	3.7964	3.17276e-06	0	0.00128718	0.000840452	0.000913621	0.00173719	0.00115494	1.31652e-06	0	0	0	0	0.220286	0	0.00921094	0.0136256	-2.9409e-14	0.443832	0.434949	0.0132307	0.000284631	169.231	40615.7	19337.6	28838	303.331	862.506	71.5315	25.4317	5.21763	0	0	7.07613	4370.96	1494.24	2341.66	44.2318	33.7632	2.79071	2.9211	21.628	0	0	0.122033
setup	0	2018-09-01 23:00:00	0	0.000290059	3.57891	3.34285e-06	0	0.001568	0.00110081	0.000863327	0.00161036	0.00108056	1.23759e-06	0	0	0	0	0.220001	0	0.00919897	0.0136256	-2.9409e-14	0.417375	0.415536	0.0127373	0.000268557	169.013	40615.6	19337.8	28837.6	302.942	859.147	71.5375	25.4681	5.24231	0	0	7.06693	4371.11	1494.39	2341.73	44.2661	33.6322	2.79133	2.93372	21.7209	0	0	0.121768
setup	0	2018-09-02 23:00:00	0	0.00049376	3.63308	3.99921e-06	0	0.00140407	0.00101829	0.00086111	0.00160663	0.00107134	1.28868e-06	0	0	0	0	0.219717	0	0.00918701	0.0136256	-2.9409e-14	0.428321	0.421368	0.0128159	0.000272857	168.795	40615.5	19337.9	28837.2	302.476	855.799	71.4239	25.6355	5.26719	0	0	7.05774	4371.26	1494.53	2341.81	44.2869	33.5017	2.78728	2.95602	21.8197	0	0	0.121802
setup	0	2018-09-03 23:00:00	0	0.000876919	3.62447	4.09334e-06	0	0.00123994	0.000889188	0.000856062	0.00157205	0.00103383	1.38201e-06	0	0	0	0	0.219434	0	0.00917506	0.0136256	-2.9409e-14	0.43147	0.42399	0.0126904	0.000277915	168.58	40615.4	19338.1	28836.8	301.943	852.463	71.2886	25.8898	5.29272	0	0	7.04857	4371.4	1494.68	2341.88	44.2968	33.3716	2.78236	2.98725	21.9213	0	0	0.121979
setup	0	2018-09-04 23:00:00	0	0.00121398	3.58508	3.69228e-06	0	0.00115317	0.000733162	0.000843651	0.00152402	0.0010045	1.38696e-06	0	0	0	0	0.219154	0	0.00916314	0.0136256	-2.9409e-14	0.425815	0.420699	0.012484	0.000275555	168.366	40615.4	19338.2	28836.4	301.41	849.14	71.1912	26.1431	5.31408	0	0	7.0394	4371.55	1494.82	2341.96	44.3094	33.242	2.77891	3.02171	22.0171	0	0	0.121858
setup	0	2018-09-05 23:00:00	0	0.00213955	3.76267	3.23108e-06	0	0.000936616	0.000594381	0.000876129	0.00157266	0.00101094	1.58764e-06	0	0	0	0	0.218876	0	0.00915123	0.0136256	-2.9409e-14	0.453632	0.440719	0.0126635	0.000296492	168.156	40615.1	19338.2	28835.8	300.745	845.82	70.8587	26.5736	5.34644	0	0	7.03025	4371.69	1494.96	2342.04	44.3031	33.1125	2.76627	3.07088	22.1237	0	0	0.122299
setup	0	2018-09-06 23:00:00	0	0.00706915	3.72525	2.12276e-06	0	0.000881383	0.000443151	0.000872042	0.00151902	0.000968494	1.6793e-06	0	0	0	0	0.218779	0	0.00913933	0.0136256	-2.9409e-14	0.449559	0.440754	0.0123845	0.000299743	167.951	40614.9	19338.2	28835.3	300.072	842.51	70.5868	26.9916	5.37371	0	0	7.02111	4371.84	1495.11	2342.12	44.2979	32.9835	2.75598	3.12378	22.2262	0	0	0.122228
setup	0	2018-09-07 23:00:00	0	0.0168178	3.67567	1.49022e-06	0	0.00108158	0.000607653	0.000856629	0.00145904	0.000926194	1.73289e-06	0	0	0	0	0.218976	0	0.00912745	0.0136256	-2.9409e-14	0.447388	0.438734	0.0121109	0.000299443	167.75	40614.7	19338.2	28834.8	299.399	839.215	70.3646	27.405	5.39834	0	0	7.01199	4371.98	1495.25	2342.2	44.2868	32.855	2.74762	3.17749	22.3309	0	0	0.122192
setup	0	2018-09-08 23:00:00	0	0.0332103	3.63941	1.23998e-06	0	0.00112248	0.000665463	0.000842837	0.00140516	0.000887872	1.79368e-06	0	0	0	0	0.21934	0	0.00911558	0.0136256	-2.9409e-14	0.445401	0.436796	0.01189	0.000300063	167.556	40614.5	19338.3	28834.4	298.716	835.933	70.1683	27.8333	5.42287	0	0	7.00287	4372.13	1495.39	2342.27	44.2719	32.727	2.74026	3.23284	22.4366	0	0	0.122199
setup	0	2018-09-09 23:00:00	0	0.0634516	3.6882	9.88497e-07	0	0.00103708	0.000621719	0.000851124	0.0013884	0.000857112	2.02408e-06	0	0	0	0	0.221244	0	0.00910373	0.0136256	-2.9409e-14	0.455026	0.44397	0.0117737	0.000314838	167.379	40614.2	19338.3	28833.9	297.945	832.66	69.8875	28.3738	5.45861	0	0	6.99377	4372.27	1495.53	2342.35	44.2462	32.5993	2.72959	3.29706	22.5469	0	0	0.122426
setup	0	2018-09-10 23:00:00	0	0.11607	3.77695	0.000476687	0	0.000889018	0.000209749	0.000873276	0.00138404	0.000835629	2.27242e-06	0	0	0	0	0.223162	0	0.0090919	0.0136256	-2.9409e-14	0.465742	0.454378	0.0116584	0.000332971	167.214	40613.9	19338.2	28833.3	297.078	829.391	69.4987	29.0257	5.50287	0	0	6.98467	4372.41	1495.68	2342.43	44.217	32.4718	2.71469	3.37441	22.6546	0	0	0.122844
setup	0	2018-09-11 23:00:00	0	0.1777	3.6763	0.00165169	0	0.0010475	0.000199726	0.000849013	0.00129512	0.000791485	2.24084e-06	0	0	0	0	0.219526	0	0.00908008	0.0136256	-2.9409e-14	0.459517	0.449329	0.0112179	0.000324159	167.029	40613.6	19338.2	28832.8	296.26	826.138	69.2393	29.608	5.53075	0	0	6.97559	4372.55	1495.82	2342.51	44.1803	32.3449	2.70484	3.45136	22.765	0	0	0.122466
setup	0	2018-09-12 23:00:00	0	0.245975	3.48267	0.000972016	0	0.00136874	0.000851486	0.000796712	0.00117676	0.000730768	2.14623e-06	0	0	0	0	0.217501	0	0.00906827	0.0136256	-2.9409e-14	0.435141	0.430449	0.0107398	0.000305559	166.828	40613.6	19338.3	28832.4	295.527	822.91	69.1788	30.0954	5.54839	0	0	6.96653	4372.7	1495.96	2342.59	44.1506	32.219	2.70273	3.51888	22.8702	0	0	0.122038
setup	0	2018-09-13 23:00:00	0	0.351638	3.48085	0.000433065	0	0.000987977	0.000759172	0.000782697	0.00113893	0.000700454	2.22614e-06	0	0	0	0	0.219726	0	0.00905648	0.0136256	-2.9409e-14	0.437504	0.429239	0.0105277	0.000308524	166.626	40613.5	19338.5	28832	294.722	819.695	69.0538	30.6902	5.58984	0	0	6.95747	4372.84	1496.1	2342.66	44.1119	32.0936	2.69811	3.59216	22.9796	0	0	0.122286
setup	0	2018-09-14 23:00:00	0	0.504299	3.47209	0.00076737	0	0.00109069	0.000538258	0.000779152	0.00109226	0.000659328	2.44847e-06	0	0	0	0	0.224017	0	0.00904471	0.0136256	-2.9409e-14	0.437425	0.429443	0.0102087	0.000318218	166.408	40613.4	19338.6	28831.6	293.82	816.49	68.8832	31.4199	5.65058	0	0	6.94843	4372.98	1496.24	2342.73	44.0654	31.9686	2.6917	3.67709	23.0884	0	0	0.122616
setup	0	2018-09-15 23:00:00	0	0.676601	3.31193	0.00110796	0	0.00111911	0.000588997	0.000741411	0.000981427	0.000598039	2.50002e-06	0	0	0	0	0.220161	0	0.00903295	0.0136256	-2.9409e-14	0.41718	0.414282	0.00964044	0.000308214	166.117	40613.5	19338.9	28831.4	292.929	813.306	68.8608	32.1448	5.70254	0	0	6.93939	4373.12	1496.38	2342.81	44.0194	31.8444	2.69106	3.76468	23.1903	0	0	0.122592
setup	0	2018-09-16 23:00:00	0	0.883513	3.21362	0.00109284	0	0.0011237	0.000617092	0.000710342	0.00089741	0.000542556	2.61834e-06	0	0	0	0	0.215952	0	0.00902121	0.0136256	-2.9409e-14	0.410359	0.405352	0.00911421	0.000306295	165.734	40613.6	19339.3	28831.2	291.962	810.138	68.8646	32.9835	5.77663	0	0	6.93037	4373.27	1496.52	2342.87	43.9572	31.7208	2.69144	3.86056	23.2974	0	0	0.122773
setup	0	2018-09-17 23:00:00	0	1.10434	3.05265	0.00111672	0	0.00106462	0.000616166	0.000666362	0.000783568	0.000478503	2.6688e-06	0	0	0	0	0.215454	0	0.00900948	0.0136256	-2.9409e-14	0.392534	0.389494	0.0084413	0.000295572	165.166	40613.9	19339.9	28831.1	290.956	806.989	68.9741	33.8954	5.86128	0	0	6.92136	4373.41	1496.66	2342.94	43.8864	31.598	2.69594	3.96348	23.4026	0	0	0.122654
setup	0	2018-09-18 23:00:00	0	1.29187	2.84238	0.000658444	0	0.00117883	0.000791006	0.000605414	0.000657382	0.000415298	2.53764e-06	0	0	0	0	0.214716	0	0.00899777	0.0136256	-2.9409e-14	0.365485	0.366312	0.00771425	0.000272599	164.371	40614.4	19340.6	28831.2	289.964	803.865	69.2444	34.8267	5.94622	0	0	6.91236	4373.55	1496.8	2343	43.8151	31.4762	2.70672	4.06924	23.4999	0	0	0.122225
setup	0	2018-09-19 23:00:00	0	1.46771	2.6669	0.000141698	0	0.00110002	0.000976839	0.000550321	0.000555552	0.000357584	2.4812e-06	0	0	0	0	0.213682	0	0.00898607	0.0136256	-2.9409e-14	0.345108	0.345957	0.00701336	0.00025588	163.348	40615	19341.5	28831.5	288.938	800.764	69.6039	35.8376	6.05275	0	0	6.90338	4373.69	1496.94	2343.05	43.736	31.3553	2.72098	4.17956	23.5956	0	0	0.122118
setup	0	2018-09-20 23:00:00	0	1.71264	2.56465	9.73328e-07	0	0.000973753	0.000836808	0.000521712	0.000486061	0.000300528	2.81033e-06	0	0	0	0	0.212352	0	0.00897439	0.0136256	-2.9409e-14	0.33224	0.33188	0.00632445	0.000260603	162.162	40615.8	19342.4	28831.8	287.763	797.677	69.9364	37.0591	6.21543	0	0	6.8944	4373.84	1497.08	2343.1	43.6456	31.235	2.73417	4.30179	23.6917	0	0	0.122856
setup	0	2018-09-21 23:00:00	0	2.25852	2.4087	9.68595e-05	0	0.00114603	0.000591507	0.000485533	0.000389595	0.000244491	3.06137e-06	0	0	0	0	0.210811	0	0.00475024	0.0136256	0.45655	0.356571	0.323378	0.0054836	0.000256376	160.605	40616.6	19343.5	28832.2	286.501	794.608	70.3377	38.4252	6.39857	0	0	6.88544	4373.51	1496.91	2342.71	43.4584	31.1113	2.75005	4.43486	23.4094	0	0	0.123041
setup	0	2018-09-22 23:00:00	0	3.05014	2.18557	0.000411831	0	0.00160017	0.00112951	0.000452178	0.000295018	0.000192611	3.11302e-06	0	0	0	0	0.208787	0	0.00474407	0.0136256	0.468354	0.355413	0.332791	0.0044478	0.000241898	158.625	40617.7	19344.8	28832.8	285.269	791.563	70.9262	39.7933	6.56464	0	0	6.87649	4373.18	1496.73	2342.3	43.2121	30.9886	2.77322	4.56387	23.1715	0	0	0.12255
setup	0	2018-09-23 23:00:00	0	3.15096	2.01694	2.14243e-05	0	0.00143316	0.00125208	0.00040967	0.000228687	0.000148801	3.30528e-06	0	0	0	0	0.206212	0	0.0047379	0.0136256	0.422773	0.327482	0.309773	0.00359473	0.000230455	156.418	40619	19346.3	28833.5	284.027	788.539	71.6139	41.1924	6.75653	0	0	6.88035	4372.89	1496.59	2341.93	42.9723	30.8668	2.80022	4.68997	22.9728	0	0	0.122779
setup	0	2018-09-24 23:00:00	0	3.09271	1.84595	8.59488e-07	0	0.00156035	0.0012746	0.000362318	0.000156473	0.000114564	3.43914e-06	0	0	0	0	0.203344	0	0.00474056	0.0136256	0.388233	0.297406	0.281437	0.00287585	0.000212542	153.863	40620.4	19347.9	28834.3	282.828	785.538	72.4439	42.5739	6.92798	0	0	6.88161	4372.64	1496.47	2341.59	42.7451	30.7461	2.83277	4.81189	22.7943	0	0	0.12243
setup	0	2018-09-25 23:00:00	0	3.17504	1.7467	9.90175e-07	0	0.00131057	0.00102993	0.000333436	0.000127626	9.00528e-05	3.77247e-06	0	0	0	0	0.200021	0	0.00474143	0.0136256	0.396033	0.279894	0.260897	0.00231089	0.000207165	151.199	40621.8	19349.6	28835.2	281.602	782.553	73.2968	44.0128	7.12747	0	0	6.88366	4372.38	1496.34	2341.23	42.5216	30.6262	2.8662	4.93314	22.6034	0	0	0.122572
setup	0	2018-09-26 23:00:00	0	3.25776	1.64564	5.71144e-07	0	0.00144546	0.000879641	0.00031035	9.08653e-05	7.1603e-05	4.246e-06	0	0	0	0	0.196559	0	0.00474284	0.0136256	0.373241	0.264339	0.243641	0.00183117	0.000201755	148.067	40623.4	19351.4	28836.2	280.404	779.584	74.2267	45.4468	7.30861	0	0	6.88219	4372.14	1496.22	2340.89	42.2984	30.5071	2.90261	5.05146	22.4336	0	0	0.122822
setup	0	2018-09-27 23:00:00	0	3.17848	1.53634	0.000401443	0	0.00147874	0.00104247	0.000279935	5.1301e-05	5.87182e-05	4.32872e-06	0	0	0	0	0.192487	0	0.00474183	0.0136256	0.394989	0.249996	0.225802	0.00143855	0.00018515	145.05	40625.1	19353.3	28837.1	279.258	776.633	75.2402	46.8551	7.46668	0	0	6.87324	4371.88	1496.09	2340.52	42.076	30.3888	2.94229	5.16599	22.2402	0	0	0.1222
setup	0	2018-09-28 23:00:00	0	3.18427	1.4611	0.000102497	0	0.00143859	0.00113795	0.000260493	4.20764e-05	4.89125e-05	4.67912e-06	0	0	0	0	0.188565	0	0.00473566	0.0136256	0.354728	0.234207	0.211967	0.00111951	0.000178758	142.221	40626.8	19355.2	28838.2	278.157	773.698	76.3062	48.2208	7.62231	0	0	6.86519	4371.66	1495.99	2340.19	41.8628	30.2713	2.984	5.27583	22.0787	0	0	0.122322
setup	0	2018-09-29 23:00:00	0	3.0675	1.39783	0.000227848	0	0.00135081	0.000937554	0.000243466	2.77133e-05	4.17171e-05	5.10341e-06	0	0	0	0	0.184888	0	0.00473012	0.0136256	0.281392	0.212918	0.196422	0.000866245	0.000172502	139.434	40628.6	19357.1	28839.2	277.104	770.779	77.4282	49.5461	7.7538	0	0	6.86032	4371.51	1495.93	2339.92	41.6728	30.1546	3.0279	5.38101	21.9695	0	0	0.122476
setup	0	2018-09-30 23:00:00	0	2.91668	1.34581	0.000554283	0	0.00131358	0.000842458	0.000227131	1.6573e-05	3.69221e-05	5.38622e-06	0	0	0	0	0.181264	0	0.00472676	0.0136256	0.239591	0.194474	0.181652	0.000683075	0.000164827	136.755	40630.4	19359.1	28840.3	276.091	767.874	78.5833	50.848	7.86778	0	0	6.8589	4371.4	1495.9	2339.68	41.5054	30.0386	3.07309	5.48344	21.8805	0	0	0.122238
setup	0	2018-10-01 23:00:00	0	2.74057	1.28572	0.000407624	0	0.00146485	0.00127525	0.000205384	-8.68974e-06	3.39157e-05	5.22025e-06	0	0	0	0	0.177782	0	0.00472579	0.0136256	0.226302	0.184354	0.170065	0.000550509	0.000149352	134.153	40632.2	19361.2	28841.3	275.144	764.983	79.7999	52.1082	7.93255	0	0	6.85875	4371.31	1495.89	2339.45	41.3443	29.9233	3.12068	5.58349	21.7964	0	0	0.121417
setup	0	2018-10-02 23:00:00	0	2.67187	1.25548	1.01438e-06	0	0.00131715	0.00134758	0.000191721	-3.49787e-06	3.18167e-05	5.14959e-06	0	0	0	0	0.174399	0	0.00472568	0.0136256	0.224433	0.177273	0.162287	0.00044606	0.000141493	131.866	40634.1	19363.2	28842.4	274.232	762.107	81.0231	53.3427	7.98928	0	0	6.8591	4371.21	1495.87	2339.22	41.1887	29.8087	3.16852	5.68213	21.7084	0	0	0.121226
setup	0	2018-10-03 23:00:00	0	2.71038	1.25218	1.37637e-06	0	0.0010792	0.000956314	0.000189958	1.04455e-05	3.01192e-05	5.62165e-06	0	0	0	0	0.171426	0	0.00472592	0.0136256	0.209978	0.171683	0.157085	0.00035667	0.000144247	129.641	40635.9	19365.3	28843.4	273.332	759.241	82.2211	54.5734	8.04888	0	0	6.85857	4371.14	1495.86	2339	41.0392	29.6947	3.21537	5.78005	21.6297	0	0	0.121978
setup	0	2018-10-04 23:00:00	0	2.65508	1.22346	7.82791e-07	0	0.001191	0.000851448	0.000182499	-6.99163e-06	2.89774e-05	5.79808e-06	0	0	0	0	0.168533	0	0.00472556	0.0136256	0.196536	0.16722	0.151868	0.000278522	0.00013864	127.348	40637.8	19367.3	28844.4	272.46	756.388	83.4232	55.8	8.09157	0	0	6.85838	4371.07	1495.86	2338.79	40.8924	29.5812	3.26237	5.87729	21.5611	0	0	0.121527
setup	0	2018-10-05 23:00:00	0	2.61384	1.2142	8.19401e-07	0	0.00131064	0.000980695	0.000177564	-4.20782e-06	2.81108e-05	6.05954e-06	0	0	0	0	0.165552	0	0.00472542	0.0136256	0.177704	0.160704	0.147132	0.000214599	0.000136782	125.117	40639.7	19369.4	28845.5	271.614	753.547	84.6217	57.0168	8.11229	0	0	6.85904	4371.02	1495.87	2338.59	40.7537	29.4684	3.30924	5.9741	21.5026	0	0	0.12172
setup	0	2018-10-06 23:00:00	0	2.61516	1.21638	0.000379248	0	0.00137008	0.000729808	0.0001785	4.47979e-06	2.7504e-05	6.64146e-06	0	0	0	0	0.162652	0	0.00472588	0.0136256	0.155743	0.154748	0.143317	0.000162588	0.000140192	122.942	40641.5	19371.4	28846.5	270.777	750.716	85.7901	58.2392	8.13048	0	0	6.8599	4371	1495.89	2338.42	40.6245	29.356	3.35492	6.07133	21.4568	0	0	0.122249
setup	0	2018-10-07 23:00:00	0	2.55079	5.47242	0.000792628	0	0.000959421	0.00067586	0.000878096	0.00208953	0.00335859	1.68992e-06	0	0	0	0	0.159824	0	0.00472647	0.0136957	0.155221	0.570116	0.444519	0.0107065	0.000179886	120.738	40639.1	19369.2	28845.6	274.715	747.875	84.2568	54.428	6.89459	0	0	6.86093	4370.95	1495.9	2338.64	40.7769	29.2434	3.29493	6.02436	21.368	0	0	0.127937
setup	0	2018-10-08 23:00:00	0	2.54618	4.34801	0.000451317	0	0.00126861	0.00115806	0.00103562	0.00237874	0.00229065	1.80014e-06	0	0	0	0	0.156959	0	0.00472718	0.0136402	0.238224	0.398155	0.357649	0.00521697	0.000168107	118.866	40637.8	19368	28845.8	277.311	745.038	82.9655	52.0196	6.44001	0	0	6.86227	4370.84	1495.86	2338.78	41.0551	29.1311	3.2444	5.82333	21.2225	0	0	0.125093
setup	0	2018-10-09 23:00:00	0	2.69501	2.79023	0.000171163	0	0.00141753	0.00134747	0.000564743	0.000781134	0.000323384	4.15941e-06	0	0	0	0	0.154526	0	0.00472811	0.0136256	0.297907	0.367519	0.322765	0.00258699	0.000173761	117.251	40638	19368.4	28847.3	277.259	742.195	82.3193	52.5118	6.65838	0	0	6.86125	4370.67	1495.78	2338.84	40.9276	29.0187	3.21907	5.91117	21.1115	0	0	0.122304
setup	0	2018-10-10 23:00:00	0	2.73723	1.96414	2.05843e-05	0	0.00150302	0.00138839	0.000318473	0.000208189	0.000137296	4.62078e-06	0	0	0	0	0.152426	0	0.0047274	0.0136256	0.283128	0.264966	0.244097	0.00141196	0.00016425	115.676	40639	19369.6	28848.4	276.464	739.371	82.4531	53.8014	6.84079	0	0	6.85849	4370.51	1495.7	2338.7	40.7811	28.907	3.22425	6.00398	21.0024	0	0	0.121913
setup	0	2018-10-11 23:00:00	0	2.71131	1.66196	9.00987e-07	0	0.00124925	0.00109039	0.000255249	8.17146e-05	8.40886e-05	5.11495e-06	0	0	0	0	0.150379	0	0.0047255	0.0136256	0.231404	0.221639	0.206915	0.00095583	0.000160851	114.144	40640.4	19371.1	28849.4	275.541	736.563	82.9044	55.1813	7.02403	0	0	6.85619	4370.41	1495.66	2338.54	40.6416	28.7961	3.24185	6.09615	20.926	0	0	0.122125
setup	0	2018-10-12 23:00:00	0	2.62859	1.49355	4.57556e-06	0	0.00148087	0.00099705	0.000226301	3.26131e-05	6.00231e-05	5.6582e-06	0	0	0	0	0.148387	0	0.00472391	0.0136256	0.195587	0.193324	0.181834	0.000684841	0.000156519	112.534	40641.8	19372.8	28850.4	274.619	733.772	83.5731	56.5309	7.16672	0	0	6.85456	4370.35	1495.65	2338.4	40.5142	28.6859	3.26796	6.18598	20.8657	0	0	0.122277
setup	0	2018-10-13 23:00:00	0	2.59713	1.39794	0.000445639	0	0.00127795	0.00062939	0.000211428	1.87926e-05	4.76987e-05	6.20192e-06	0	0	0	0	0.146294	0	0.00472279	0.0136256	0.171416	0.176675	0.165927	0.000505323	0.000154415	110.95	40643.4	19374.5	28851.4	273.702	730.994	84.3396	57.8667	7.29993	0	0	6.85395	4370.3	1495.66	2338.25	40.3955	28.5764	3.2979	6.27501	20.8173	0	0	0.122367
setup	0	2018-10-14 23:00:00	0	2.52343	1.32237	0.00107517	0	0.00128016	0.000849005	0.000196206	-4.49297e-06	4.06959e-05	6.49694e-06	0	0	0	0	0.144235	0	0.00472237	0.0136256	0.154564	0.164546	0.153903	0.000373676	0.00014678	109.284	40645	19376.3	28852.3	272.828	728.231	85.2121	59.1597	7.38413	0	0	6.85353	4370.28	1495.69	2338.11	40.2814	28.4674	3.33198	6.36287	20.7764	0	0	0.122086
setup	0	2018-10-15 23:00:00	0	2.49006	1.27689	0.000985895	0	0.00120382	0.000773807	0.000187276	-2.57935e-06	3.63095e-05	6.8265e-06	0	0	0	0	0.142069	0	0.00472208	0.0136256	0.139675	0.156036	0.145517	0.000270803	0.00014382	107.702	40646.7	19378.2	28853.3	271.977	725.48	86.1262	60.4259	7.45849	0	0	6.85387	4370.26	1495.72	2337.97	40.1722	28.359	3.3677	6.45023	20.7432	0	0	0.122085
setup	0	2018-10-16 23:00:00	0	2.42937	1.23649	0.00123363	0	0.00116921	0.000878584	0.000177631	-1.46562e-05	3.35444e-05	6.9989e-06	0	0	0	0	0.140013	0	0.00472231	0.0136256	0.132267	0.149961	0.138931	0.000189599	0.000137807	106.097	40648.4	19380	28854.3	271.161	722.742	87.0859	61.6652	7.50342	0	0	6.85389	4370.26	1495.76	2337.84	40.0647	28.2512	3.4052	6.53723	20.7129	0	0	0.121929
setup	0	2018-10-17 23:00:00	0	2.41405	1.21624	0.000607197	0	0.00124596	0.000842812	0.00017395	-7.2616e-06	3.17116e-05	7.35904e-06	0	0	0	0	0.137926	0	0.00472233	0.0136256	0.119506	0.144701	0.134503	0.000125824	0.000137493	104.547	40650.1	19381.9	28855.2	270.361	720.015	88.0525	62.8923	7.54153	0	0	6.85421	4370.26	1495.8	2337.71	39.9615	28.144	3.44297	6.62462	20.6892	0	0	0.122137
setup	0	2018-10-18 23:00:00	0	2.37534	1.19921	0.000645355	0	0.00115175	0.000733012	0.00017014	-1.35233e-05	3.06445e-05	7.67622e-06	0	0	0	0	0.135911	0	0.00472255	0.0136256	0.111466	0.141478	0.131155	7.79675e-05	0.000135417	102.97	40651.8	19383.8	28856.1	269.58	717.299	89.0246	64.1155	7.56077	0	0	6.85433	4370.28	1495.85	2337.59	39.8599	28.0372	3.48097	6.713	20.6698	0	0	0.122194
setup	0	2018-10-19 23:00:00	0	2.33067	1.18972	0	0	0.0011919	0.000870395	0.000166569	-1.65847e-05	3.01307e-05	7.87762e-06	0	0	0	0	0.133861	0	0.00472263	0.0136256	0.105794	0.13886	0.129116	4.41698e-05	0.000133095	101.419	40653.5	19385.6	28857	268.817	714.594	89.9935	65.3409	7.5587	0	0	6.85473	4370.29	1495.9	2337.46	39.7604	27.931	3.51883	6.80308	20.6513	0	0	0.122065
setup	0	2018-10-20 23:00:00	0	2.29422	1.19314	0	0	0.00127529	0.000951158	0.000165265	-1.52856e-05	3.00108e-05	8.12472e-06	0	0	0	0	0.131845	0	0.00472291	0.0136256	0.0976963	0.137791	0.128472	2.24027e-05	0.000132752	99.9055	40655.1	19387.5	28857.9	268.065	711.899	90.9461	66.5752	7.53312	0	0	6.85505	4370.32	1495.96	2337.34	39.6615	27.8252	3.55606	6.89556	20.6373	0	0	0.122253
setup	0	2018-10-21 23:00:00	0	2.2348	1.18913	0	0	0.00106894	0.000923236	0.00016196	-2.22231e-05	3.02516e-05	8.14147e-06	0	0	0	0	0.129877	0	0.00501061	0.0136256	0.101444	0.139286	0.128611	1.09562e-05	0.000129407	98.4449	40656.8	19389.3	28858.8	267.327	709.214	91.8793	67.8239	7.48915	0	0	6.85519	4370.34	1496.01	2337.22	39.5591	27.7201	3.59253	6.99105	20.6199	0	0	0.122031
setup	0	2018-10-22 23:00:00	0	2.15305	1.18717	0	0	0.00109297	0.00132558	0.000155891	-3.17581e-05	3.08024e-05	7.78571e-06	0	0	0	0	0.127978	0	0.00472323	0.0136256	0.100119	0.139937	0.129856	8.73643e-06	0.000122872	97.0411	40658.5	19391.1	28859.6	266.61	706.539	92.8023	69.0827	7.41039	0	0	6.85506	4370.36	1496.07	2337.09	39.455	27.6153	3.62861	7.08984	20.6012	0	0	0.121645
setup	0	2018-10-23 23:00:00	0	1.99803	2.0746	0.000516934	0	0.00170561	0.00216807	0.000220139	2.89994e-05	9.66612e-05	5.78921e-06	0	0	0	0	0.126153	0	0.00472314	0.0136971	0.118016	0.264661	0.248724	0.00185132	0.000125441	95.7827	40659.2	19392	28860.7	266.099	703.865	92.7032	71.2635	6.3633	0	0	6.85462	4370.36	1496.1	2337.15	39.2583	27.5105	3.6247	7.34483	20.5394	0	0	0.120407
setup	0	2018-10-24 23:00:00	0	1.95697	1.43937	0	0	0.00178058	0.00220843	0.000174912	-1.01189e-05	5.79282e-05	5.44912e-06	0	0	0	0	0.124518	0	0.00472284	0.0136322	0.161506	0.196627	0.173113	0.00054439	0.000117104	94.7359	40660.6	19393.5	28861.8	265.504	701.202	93.1405	72.4307	6.48271	0	0	6.85323	4370.32	1496.11	2337.06	39.1178	27.4063	3.64177	7.4769	20.4797	0	0	0.120537
setup	0	2018-10-25 23:00:00	0	2.01099	1.70093	1.18733e-07	0	0.00143125	0.00178327	0.000194928	2.44462e-05	7.89508e-05	5.14317e-06	0	0	0	0	0.123157	0	0.00472188	0.0137997	0.159553	0.222473	0.204897	0.000874419	0.0001226	93.7405	40661.7	19394.8	28862.9	264.981	698.547	93.2913	73.8593	6.29353	0	0	6.85036	4370.28	1496.11	2337.03	38.9682	27.3024	3.64764	7.63613	20.4156	0	0	0.120992
setup	0	2018-10-26 23:00:00	0	2.03621	1.38401	0	0	0.00110584	0.0013431	0.000173425	3.83418e-06	5.16549e-05	5.67399e-06	0	0	0	0	0.121863	0	0.0047199	0.0136256	0.158044	0.181042	0.164568	0.000353275	0.000122431	92.7643	40663.1	19396.3	28864	264.374	695.905	93.7831	75.0093	6.41917	0	0	6.84727	4370.25	1496.12	2336.93	38.8453	27.1991	3.66685	7.74619	20.3633	0	0	0.121451
setup	0	2018-10-27 23:00:00	0	2.04134	3.29681	0	0	0.00109758	0.00118546	0.000366217	0.00036078	0.0003327	4.68488e-06	0	0	0	0	0.120594	0	0.00471777	0.0137022	0.138359	0.401807	0.352407	0.00356808	0.000148449	91.7613	40662.6	19396	28865	265.429	693.251	92.6377	75.1935	5.63692	0	0	6.84414	4370.22	1496.13	2337.18	38.7264	27.0954	3.62199	7.96013	20.2844	0	0	0.121486
setup	0	2018-10-28 23:00:00	0	2.11195	2.0105	0	0	0.00120999	0.00124155	0.000258605	0.000106804	0.000135238	5.27948e-06	0	0	0	0	0.1609	0	0.00471561	0.0136256	0.216342	0.249721	0.22467	0.00107486	0.000145509	91.0065	40663.4	19396.9	28865.9	265.142	690.609	92.3792	76.1376	5.83558	0	0	6.84134	4370.12	1496.09	2337.11	38.6289	26.9922	3.61184	8.05075	20.1989	0	0	0.121594
setup	0	2018-10-29 23:00:00	0	2.22897	1.7597	0	0	0.00112305	0.000998681	0.000230756	5.33536e-05	9.26636e-05	5.91864e-06	0	0	0	0	0.124084	0	0.00471368	0.0136326	0.187517	0.217106	0.200264	0.000716123	0.000147799	90.1405	40664.4	19398	28866.8	264.638	687.981	92.3985	77.3237	5.92652	0	0	6.83743	4370.06	1496.06	2337.03	38.5262	26.8896	3.61256	8.13771	20.1412	0	0	0.122138
setup	0	2018-10-30 23:00:00	0	2.20374	1.50197	0	0	0.00153892	0.000863037	0.000204933	1.61757e-05	6.25023e-05	6.75574e-06	0	0	0	0	0.117183	0	0.00471099	0.0136256	0.146858	0.180051	0.168916	0.00040362	0.000145464	89.1762	40665.7	19399.4	28867.7	264.036	685.368	92.7188	78.4947	6.05902	0	0	6.8338	4370.03	1496.07	2336.94	38.4367	26.7875	3.62506	8.21572	20.1074	0	0	0.122413
setup	0	2018-10-31 23:00:00	0	2.1417	1.35937	0	0	0.00144511	0.000843461	0.000186344	-6.57887e-06	4.88831e-05	7.39818e-06	0	0	0	0	0.115929	0	0.00470849	0.0136256	0.121586	0.157646	0.149037	0.000230805	0.000140234	88.1664	40667.1	19400.9	28868.6	263.41	682.769	93.2283	79.6503	6.16387	0	0	6.831	4370.03	1496.11	2336.85	38.3567	26.6861	3.64496	8.28973	20.0848	0	0	0.122305
setup	0	2018-11-01 23:00:00	0	2.08406	1.27336	0	0	0.00120402	0.000795148	0.000173003	-1.81405e-05	4.22592e-05	7.77865e-06	0	0	0	0	0.114616	0	0.00470656	0.0136256	0.103861	0.144305	0.136641	0.000121403	0.000134327	87.1494	40668.5	19402.5	28869.4	262.782	680.182	93.8461	80.791	6.24526	0	0	6.82867	4370.05	1496.16	2336.77	38.2824	26.5852	3.66911	8.3622	20.0704	0	0	0.122138
setup	0	2018-11-02 23:00:00	0	2.01926	4.82974	0	0	0.00109303	0.00115281	0.000558225	0.000823715	0.000716319	5.38906e-06	0	0	0	0	0.113294	0	0.00470496	0.0141227	0.09697	0.506497	0.422512	0.00589506	0.000175769	86.1385	40666.4	19400.5	28870	266.029	677.569	91.7453	78.5542	5.11319	0	0	6.82649	4370.06	1496.2	2337.23	38.3886	26.4834	3.58688	8.41763	20.002	0	0	0.122074
setup	0	2018-11-03 23:00:00	0	2.20023	2.58543	0	0	0.00157367	0.0016762	0.000344171	0.000243967	0.000246659	5.71331e-06	0	0	0	0	0.250421	0	0.00470345	0.0136256	0.25205	0.292649	0.251884	0.0015101	0.000164479	85.7438	40666.6	19400.8	28870.7	266.268	674.968	90.9295	78.9351	5.40113	0	0	6.82432	4369.93	1496.11	2337.18	38.3689	26.3821	3.55493	8.4301	19.9003	0	0	0.122016
setup	0	2018-11-04 23:00:00	0	2.33464	1.96973	0	0	0.00153714	0.00165436	0.000268307	8.51048e-05	0.000132146	6.07405e-06	0	0	0	0	0.183882	0	0.00470196	0.0136256	0.203473	0.231474	0.214552	0.000871736	0.000157338	85.1667	40667.4	19401.7	28871.4	265.947	672.387	90.7301	79.8528	5.60853	0	0	6.82015	4369.84	1496.07	2337.1	38.3031	26.2816	3.5471	8.47225	19.8421	0	0	0.122253
setup	0	2018-11-05 23:00:00	0	2.15869	1.63221	0	0	0.00160967	0.00143242	0.000221273	2.33285e-05	8.26616e-05	6.53358e-06	0	0	0	0	0.110717	0	0.00469908	0.0136256	0.148254	0.186078	0.176296	0.000525247	0.000149041	84.39	40668.5	19402.9	28872.2	265.433	669.825	90.908	80.9066	5.73113	0	0	6.81624	4369.81	1496.08	2337.03	38.2388	26.1818	3.55404	8.52405	19.8126	0	0	0.122329
setup	0	2018-11-06 23:00:00	0	2.07605	1.44728	0	0	0.0013745	0.00119172	0.000194685	-2.54851e-06	6.11113e-05	6.97135e-06	0	0	0	0	0.109707	0	0.00469639	0.0136256	0.136564	0.164376	0.153489	0.000331891	0.000141891	83.6151	40669.7	19404.3	28873	264.85	667.277	91.2915	81.998	5.84294	0	0	6.81247	4369.8	1496.1	2336.94	38.1714	26.0826	3.56902	8.58023	19.7836	0	0	0.122137
setup	0	2018-11-07 23:00:00	0	2.06057	1.34049	0	0	0.00154341	0.00122296	0.000181693	-1.12457e-05	5.01608e-05	7.53499e-06	0	0	0	0	0.1087	0	0.00469379	0.0136256	0.104645	0.147223	0.140069	0.000199399	0.000139318	82.7708	40671	19405.7	28873.8	264.247	664.743	91.8096	83.0848	5.93171	0	0	6.80877	4369.81	1496.14	2336.87	38.1097	25.984	3.58928	8.63857	19.772	0	0	0.122554
setup	0	2018-11-08 23:00:00	0	2.00863	1.26917	0	0	0.00138275	0.00100305	0.000172335	-1.82036e-05	4.43155e-05	8.09314e-06	0	0	0	0	0.107602	0	0.00469124	0.0136256	0.0876989	0.136516	0.129499	0.000105892	0.000136372	81.9065	40672.4	19407.3	28874.6	263.642	662.222	92.4122	84.1661	5.99976	0	0	6.80574	4369.84	1496.2	2336.79	38.051	25.8859	3.61285	8.69877	19.7678	0	0	0.122512
setup	0	2018-11-09 23:00:00	0	1.93768	1.22076	0	0	0.00113659	0.000981116	0.000161293	-3.36401e-05	4.15592e-05	8.16913e-06	0	0	0	0	0.106478	0	0.00468915	0.0136256	0.0889206	0.132696	0.123616	4.45888e-05	0.000128219	81.0578	40673.8	19408.8	28875.3	263.044	659.712	93.0689	85.2458	6.03925	0	0	6.80292	4369.87	1496.26	2336.71	37.9883	25.7883	3.63853	8.76136	19.7604	0	0	0.122065
setup	0	2018-11-10 23:00:00	0	1.92296	1.21156	0	0	0.00119107	0.00119385	0.000159084	-2.39616e-05	4.0518e-05	8.38382e-06	0	0	0	0	0.105375	0	0.00468722	0.0136256	0.0849102	0.131889	0.122652	1.28243e-05	0.00012833	80.2365	40675.2	19410.4	28876.1	262.446	657.213	93.7243	86.3431	6.05769	0	0	6.80002	4369.9	1496.31	2336.62	37.9228	25.6911	3.66417	8.82756	19.7544	0	0	0.1224
setup	0	2018-11-11 23:00:00	0	1.8612	1.21132	0	0	0.00119168	0.00136357	0.000154821	-3.75002e-05	4.08347e-05	8.31765e-06	0	0	0	0	0.104308	0	0.00468521	0.0136309	0.0810666	0.132565	0.12365	7.15049e-06	0.000123625	79.4032	40676.6	19411.9	28876.7	261.862	654.723	94.379	87.459	6.03073	0	0	6.79694	4369.93	1496.37	2336.52	37.8545	25.5944	3.68979	8.89833	19.7493	0	0	0.12205
setup	0	2018-11-12 23:00:00	0	1.83629	1.22503	0	0	0.00131062	0.00138111	0.00015601	-2.52742e-05	4.13373e-05	8.4633e-06	0	0	0	0	0.103224	0	0.00883602	0.0136296	0.0862533	0.13575	0.125307	7.32328e-06	0.000125393	78.6384	40678	19413.4	28877.4	261.281	652.242	94.9987	88.5887	5.99539	0	0	6.79367	4369.96	1496.43	2336.43	37.7813	25.5022	3.71403	8.97359	19.7397	0	0	0.122357
setup	0	2018-11-13 23:00:00	0	1.7981	1.22429	0	0	0.00103278	0.00138761	0.000154058	-3.6717e-05	4.19361e-05	8.46575e-06	0	0	0	0	0.10223	0	0.00468084	0.0136256	0.0861773	0.137647	0.127366	7.48089e-06	0.000122234	77.8757	40679.4	19415	28878.1	260.712	649.771	95.6001	89.7241	5.94986	0	0	6.79021	4369.99	1496.48	2336.33	37.7049	25.4062	3.73758	9.0526	19.7298	0	0	0.122047
setup	0	2018-11-14 23:00:00	0	1.75691	1.23127	0	0	0.00131423	0.00155284	0.000153144	-3.31414e-05	4.24707e-05	8.42039e-06	0	0	0	0	0.101238	0	0.00467845	0.0136256	0.0848433	0.138913	0.128876	7.60291e-06	0.000121397	77.1436	40680.7	19416.4	28878.7	260.155	647.309	96.1821	90.855	5.89603	0	0	6.78675	4370.02	1496.54	2336.24	37.6267	25.3107	3.76036	9.13468	19.7195	0	0	0.122085
setup	0	2018-11-15 23:00:00	0	1.7508	1.24676	0	0	0.00141268	0.00142245	0.000157574	-2.20746e-05	4.2935e-05	8.83261e-06	0	0	0	0	0.100287	0	0.00467607	0.0136256	0.0797167	0.139689	0.130345	7.71311e-06	0.000126206	76.4385	40682.1	19417.9	28879.3	259.602	644.855	96.7298	91.9887	5.84307	0	0	6.78309	4370.05	1496.59	2336.15	37.5488	25.2155	3.78181	9.21959	19.7119	0	0	0.122623
setup	0	2018-11-16 23:00:00	0	1.73221	1.25474	0	0	0.0012726	0.001132	0.00016125	-2.54868e-05	4.34364e-05	9.3995e-06	0	0	0	0	0.0993701	0	0.00467355	0.0136256	0.0748855	0.140052	0.131252	7.81067e-06	0.000129412	75.7307	40683.4	19419.4	28879.9	259.056	642.41	97.2537	93.1253	5.78535	0	0	6.77925	4370.09	1496.65	2336.07	37.4714	25.1207	3.80233	9.30699	19.7069	0	0	0.122643
setup	0	2018-11-17 23:00:00	0	1.65917	1.2426	0	0	0.000784198	0.00114147	0.000154728	-4.60999e-05	4.41638e-05	9.19789e-06	0	0	0	0	0.0984499	0	0.00732289	0.0136267	0.0892639	0.143616	0.132031	7.88461e-06	0.000121244	75.0722	40684.7	19420.8	28880.5	258.525	639.975	97.7667	94.2598	5.72593	0	0	6.77529	4370.11	1496.71	2335.97	37.3873	25.0289	3.82243	9.39646	19.692	0	0	0.121769
setup	0	2018-11-18 23:00:00	0	1.67008	1.25776	0	0	0.00106592	0.00144352	0.000158391	-2.47649e-05	4.46238e-05	9.31951e-06	0	0	0	0	0.0975939	0	0.00466817	0.0136256	0.0919137	0.146013	0.134491	7.91578e-06	0.000126041	74.4516	40685.9	19422.2	28881.1	257.999	637.548	98.247	95.3898	5.67101	0	0	6.77111	4370.13	1496.75	2335.87	37.3003	24.9348	3.84125	9.48757	19.6758	0	0	0.122363
setup	0	2018-11-19 23:00:00	0	1.66894	12.6939	0	0	0.000744098	0.00114681	0.00147663	0.00347592	0.00661906	2.53984e-06	0	0	0	0	0.0967871	0	0.0046653	0.0140365	0.0806012	1.09414	0.755472	0.0171156	0.00021467	73.8277	40675.8	19412.1	28877.8	271.722	635.037	93.4002	78.2601	3.75021	0	0	6.76666	4370.13	1496.74	2337.04	38.3273	24.8375	3.65167	8.73626	19.5897	0	0	0.13058
setup	0	2018-11-20 23:00:00	0	3.21852	12.6558	0.000989316	0	0.00193731	0.00255346	0.00118372	0.00258233	0.00792136	7.02294e-07	0	0	0	0	1.1051	0	0.00466223	0.0142052	0.597268	0.963976	0.781324	0.017341	0.000234652	76.443	40666.6	19402.5	28875.5	285.742	632.462	88.6167	59.4683	4.06985	0	0	6.76227	4369.6	1496.22	2337.75	40.0432	24.7378	3.46457	6.94317	19.3257	0	0	0.140362
setup	0	2018-11-21 23:00:00	0	4.85412	10.3987	0.000544556	0	0.00283317	0.00334903	0.0014663	0.0031736	0.00609756	4.00226e-07	0	0	0	0.353471	1.45799	0.00856185	0.00465921	0.0143068	0.717297	0.920848	0.801406	0.0163637	0.000255234	80.1429	40660.1	19395	28878.2	295.623	630.2	84.5931	46.7824	4.20822	0	0	6.75365	4368.98	1495.42	2338.78	41.2527	24.6449	3.30719	5.50181	19.0776	0	0	0.13825
setup	0	2018-11-22 23:00:00	0	5.85332	8.49574	0.000780651	0	0.00314645	0.00357808	0.0017828	0.00482066	0.00625459	6.31515e-07	0	0	0	0.4204	1.86231	0.0100761	0.00465326	0.0136256	0.828107	0.912301	0.752418	0.0158259	0.00028507	85.0094	40655.9	19390.3	28875.9	301.641	628.009	80.9066	39.3447	4.87517	0	0	6.74521	4368.25	1494.79	2338.48	41.7833	24.5535	3.163	4.65167	18.7854	0	0	0.144795
setup	0	2018-11-23 23:00:00	0	6.74538	7.15981	0.000115553	0	0.0035791	0.0036755	0.00209454	0.00571313	0.00450918	1.21721e-06	0	0	0	0.496428	2.27062	0.0117962	0.00464745	0.0136256	0.732678	0.824903	0.718671	0.0112955	0.000280845	91.0241	40653.4	19387.4	28875.3	304.907	625.913	77.6814	35.7052	5.74772	0	0	6.73644	4367.63	1494.32	2338.28	41.988	24.4643	3.03683	4.22527	18.4861	0	0	0.139653
setup	0	2018-11-24 23:00:00	0	6.80234	6.02394	0	0	0.000542248	0.00344168	0.00171842	0.00444684	0.00289908	1.59386e-06	0	0	0	0.582007	2.34354	0.0137357	0.00464141	0.0136256	0.641715	0.750422	0.647771	0.00784049	0.000261499	97.1606	40652.1	19385.8	28875	306.083	623.935	75.1474	34.8632	6.40762	0	0	6.72768	4367.11	1493.95	2338.01	41.9092	24.378	2.93768	4.10123	18.2411	0	0	0.135108
setup	0	2018-11-25 23:00:00	0	7.25558	6.00301	0	0	0.000252079	0.00327773	0.00122862	0.00314977	0.00425164	7.13458e-07	0	0	0	0.677447	2.71417	0.0159106	0.00463537	0.0137181	0.581458	0.732113	0.620412	0.0102721	0.000251838	104.371	40651.2	19384.6	28874.8	307.22	622.084	72.8233	34.2162	7.07482	0	0	6.71894	4366.64	1493.62	2337.76	41.7988	24.2949	2.8467	4.0354	18.0204	0	0	0.143633
setup	0	2018-11-26 23:00:00	0	7.33532	7.51109	0	0	0.000225334	0.00380417	0.00111969	0.00230021	0.00607392	1.97542e-07	0	0	0	0.782872	2.67726	0.0183332	0.00462935	0.0138227	0.633615	0.831445	0.737411	0.0128568	0.000237067	111.402	40648.7	19381.3	28881.9	309.91	620.32	70.546	31.8073	6.31664	0	0	6.7102	4366.11	1493	2338.96	41.9073	24.2131	2.75752	3.78929	17.682	0	0	0.145359
setup	0	2018-11-27 23:00:00	0	8.38214	7.2298	1.20795e-07	0	0.000189958	0.00308362	0.00112776	0.0035266	0.00810568	1.47528e-07	0	0	0	0.898189	3.28986	0.0210129	0.00462333	0.0136363	0.61804	0.835923	0.703855	0.0165297	0.000271086	120.319	40647.2	19379.4	28880.9	312.051	618.675	68.3257	29.5155	6.75466	0	0	6.70148	4365.59	1492.56	2338.64	41.9564	24.1339	2.67052	3.49689	17.461	0	0	0.163991
setup	0	2018-11-28 23:00:00	0	8.76127	7.14617	2.08943e-05	0.000149695	0.000452495	0.0030476	0.00140536	0.00468022	0.0077845	2.29241e-07	0	0	0	1.02543	3.46758	0.0239898	0.00461732	0.0136256	0.601777	0.825869	0.696273	0.0158881	0.00027715	129.712	40645.8	19377.8	28880.1	313.416	617.176	66.2138	28.2929	7.02444	0	0	6.69277	4365.09	1492.17	2338.32	41.8876	24.0579	2.58771	3.33225	17.2485	0	0	0.174616
setup	0	2018-11-29 23:00:00	0	8.55425	7.03848	8.15996e-05	0.00059655	0.00134087	0.00510381	0.00106711	0.0033528	0.00667606	1.3393e-07	0	0	0	1.16765	3.36981	0.0273169	0.00461132	0.0139019	0.62164	0.799327	0.674205	0.0156172	0.000263635	138.722	40644.5	19376.1	28882.6	314.512	615.836	64.4721	27.3145	6.91325	0	0	6.68406	4364.57	1491.68	2338.54	41.8044	23.9856	2.51931	3.18895	16.9905	0	0	0.182743
setup	0	2018-11-30 23:00:00	0	9.02845	7.08433	9.72792e-05	0.000703975	0.00152689	0.0057632	0.000901935	0.00376694	0.0114743	8.9873e-08	0	0	0	1.32611	3.74432	0.0310241	0.00460532	0.0136569	0.595707	0.770626	0.654638	0.0239729	0.000287304	148.878	40643.5	19374.9	28882.1	315.382	614.674	62.9264	26.264	7.12774	0	0	6.67538	4364.07	1491.27	2338.21	41.7096	23.9173	2.45851	3.04725	16.7507	0	0	0.207854
setup	0	2018-12-01 23:00:00	0	8.38022	6.91061	0.000102253	0.000725118	0.013267	0.00636113	0.000780605	0.00369449	0.0138834	6.30357e-08	0	0	0	1.50213	3.40651	0.0351419	0.00459933	0.0137817	0.570271	0.742539	0.608604	0.0271141	0.000278947	157.906	40642.4	19373.8	28881.6	315.88	613.72	61.7824	25.5628	6.71378	0	0	6.6667	4363.58	1490.9	2337.91	41.5159	23.8541	2.41334	2.94845	16.5612	0	0	0.237652
setup	0	2018-12-02 23:00:00	0	9.01218	6.64124	9.85551e-05	0.000671333	0.0175994	0.00664419	0.00124334	0.0059611	0.00954076	1.36513e-07	0	0	0	1.69702	4.00298	0.0397014	0.00459335	0.0136256	0.557247	0.715805	0.594347	0.0182377	0.000265416	168.809	40642.1	19373.4	28881.7	316.145	612.981	60.5528	25.0866	7.30303	0	0	6.65803	4363.11	1490.56	2337.6	41.3336	23.7958	2.36473	2.8724	16.3635	0	0	0.231868
setup	0	2018-12-03 23:00:00	0	9.93453	6.71926	8.88087e-05	0.00057518	0.016821	0.00672179	0.00145447	0.00685882	0.00766111	2.07699e-07	0	0	0	1.91214	4.61358	0.044734	0.00458738	0.0136256	0.557454	0.719905	0.602068	0.0150273	0.00026358	181.582	40642.3	19373.3	28882.2	316.179	612.474	59.2617	25.2634	8.10909	0	0	6.64938	4362.64	1490.22	2337.28	41.1157	23.7428	2.31362	2.87463	16.1353	0	0	0.214477
setup	0	2018-12-04 23:00:00	0	9.69021	7.04035	7.55979e-05	0.000472023	0.0155384	0.00737013	0.00137588	0.00550773	0.00433394	2.08818e-07	0	0	0	2.1488	4.37917	0.0502707	0.00458142	0.0148688	0.611169	0.802602	0.670408	0.0104008	0.000248327	193.523	40642	19372.4	28887	316.517	612.208	58.1041	25.4757	7.92181	0	0	6.64073	4362.11	1489.71	2337.74	40.8279	23.695	2.26762	2.88478	15.9089	0	0	0.191395
setup	0	2018-12-05 23:00:00	0	9.96049	7.35115	7.42341e-05	0.000467206	0.0149222	0.00775582	0.000815479	0.00305198	0.00708786	6.38724e-08	0	0	0	2.40832	4.61154	0.0563421	0.00457546	0.0137386	0.63857	0.775381	0.652725	0.0205717	0.000266501	206.171	40641.6	19370.9	28890.7	317.129	612.211	57.1027	24.9423	7.90965	0	0	6.6321	4361.56	1489.08	2337.99	40.6429	23.6532	2.2276	2.79892	15.6256	0	0	0.199994
setup	0	2018-12-06 23:00:00	0	11.2333	7.79084	0.000109403	0.000696926	0.0193645	0.00761792	0.00081677	0.00460713	0.0122044	6.23782e-08	0	0	0	2.69196	5.51881	0.0629778	0.00456952	0.0136614	0.614957	0.773844	0.64647	0.0264677	0.000313324	221.643	40641.7	19370.6	28891.1	317.673	612.502	56.0648	24.2675	8.48149	0	0	6.62348	4361.02	1488.66	2337.62	40.4832	23.6179	2.186	2.69459	15.351	0	0	0.228982
setup	0	2018-12-07 23:00:00	0	11.4227	8.01133	0.000127051	0.000765836	0.0223977	0.00782926	0.00113066	0.00675801	0.0101099	1.08563e-07	0	0	0	3.00092	5.61311	0.0702058	0.00456358	0.0136256	0.613793	0.841912	0.679102	0.0208236	0.000314029	237.316	40641.6	19370.4	28891.3	317.965	613.117	55.0421	24.1698	8.58946	0	0	6.61487	4360.47	1488.26	2337.22	40.1465	23.5897	2.14485	2.65591	15.1912	0	0	0.237298
setup	0	2018-12-08 23:00:00	0	9.99258	7.35983	0.000297314	0.00201834	0.0402061	0.0116215	0.00128495	0.00488729	0.00411448	1.32973e-07	0	0	0	3.3363	4.68176	0.078052	0.00455764	0.0149778	0.666268	0.761833	0.641337	0.00782219	0.000257898	249.939	40641.3	19367.2	28899	318.206	614.092	54.2425	24.3583	8.10862	0	0	6.60627	4359.88	1487.17	2338.11	39.9094	23.5699	2.11226	2.62719	14.7939	0	0	0.184236
setup	0	2018-12-09 23:00:00	0	11.0495	7.40393	0.000351161	0.00236537	0.0598087	0.0121051	0.00121276	0.00585083	0.0041338	1.41505e-07	0	0	0	3.6991	5.6685	0.0865395	0.00455172	0.0136635	0.562354	0.775668	0.659319	0.0110019	0.000281317	265.777	40641.9	19367.6	28899.7	318.636	615.435	53.3397	24.1519	8.87807	0	0	6.60047	4359.35	1486.86	2337.74	39.7041	23.5584	2.07546	2.5847	14.543	0	0	0.193496
setup	0	2018-12-10 23:00:00	0	9.53979	7.61053	0.000158075	0.000870543	0.0262653	0.0094688	0.000946541	0.00527167	0.00657084	7.93235e-08	0	0	0	4.09016	4.42661	0.0957166	0.00454772	0.0140051	0.507125	0.738082	0.620635	0.0190377	0.000289925	277.488	40641	19367	28899.2	319.027	617.194	52.7678	24.0937	7.63766	0	0	6.75714	4358.92	1486.57	2337.43	39.4966	23.5565	2.05136	2.56214	14.341	0	0	0.213865
setup	0	2018-12-11 23:00:00	0	9.08714	6.9951	0.000573576	0.00380312	0.0780971	0.0178419	0.00067576	0.00256631	0.00537425	3.99424e-08	0	0	0	4.51015	4.3323	0.105545	0.00465567	0.0155024	0.528629	0.67171	0.558211	0.0149698	0.000262136	288.921	40640.7	19364.5	28903.3	319.43	619.393	52.3786	23.3374	7.42774	0	0	6.99871	4358.41	1485.76	2337.81	39.3534	23.5651	2.03418	2.43683	14.0264	0	0	0.206126
setup	0	2018-12-12 23:00:00	0	11.6017	7.28923	0.000777336	0.00498244	0.0224938	0.00946938	0.000883094	0.00506471	0.00745366	6.50374e-08	0	0	0	4.95955	6.00848	0.116062	0.00482211	0.0136256	0.654142	0.782058	0.622567	0.0207134	0.000302604	305.827	40641.8	19365.3	28904.5	319.652	622.033	51.7583	22.8102	8.75841	0	0	7.32451	4357.81	1485.37	2337.34	39.0162	23.5839	2.00777	2.34882	13.8653	0	0	0.225367
setup	0	2018-12-13 23:00:00	0	11.6952	8.48966	8.27924e-05	0	0.0106252	0.0100507	0.000578533	0.00418791	0.0131319	3.91735e-08	0	0	0	5.43858	5.56388	0.127272	0.00504659	0.0137191	0.58082	0.715975	0.579324	0.0295976	0.000323797	321.191	40641.3	19364.9	28904.2	319.705	625.163	51.4157	22.6958	7.71257	0	0	7.66672	4357.31	1485.04	2336.96	38.7528	23.614	1.99189	2.3244	13.6378	0	0	0.277399
setup	0	2018-12-14 23:00:00	0	11.6511	7.89347	0.0183769	0.122916	0.214544	0.0397392	0.000683965	0.00406032	0.0089849	4.09317e-08	0	0	0	5.94722	5.58555	0.139175	0.00528237	0.014824	0.573481	0.695656	0.540857	0.0170573	0.000288103	336.638	40641.3	19362.9	28907.8	319.714	628.808	51.0738	22.2368	7.72221	0	0	7.99565	4356.48	1484.25	2337.14	38.5049	23.6563	1.97578	2.23767	13.0614	0	0	0.295745
setup	0	2018-12-15 23:00:00	0	10.785	7.96624	0.0450618	0.29666	0.368093	0.0787108	0.000983071	0.00491971	0.00540699	8.71793e-08	0	0	0	6.48513	4.89468	0.151763	0.005509	0.0147585	0.565991	0.679329	0.540423	0.0116698	0.000268374	349.803	40640.6	19358.3	28911.9	319.492	633.005	50.765	22.1167	6.88848	0	0	8.31822	4355.3	1483.06	2337.49	38.226	23.7116	1.96071	2.17692	12.079	0	0	0.299572
setup	0	2018-12-16 23:00:00	0	11.5462	7.78001	1.2871e-05	0	0.00379009	0.0115537	0.00088408	0.0050337	0.00462407	1.06618e-07	0	0	0	7.05165	5.54437	0.165021	0.00573126	0.0136257	0.51441	0.691687	0.55721	0.0113746	0.000268848	365.162	40640.8	19358.5	28912.4	319.133	637.769	50.4527	21.6568	7.45413	0	0	8.67327	4354.9	1482.78	2337.16	37.934	23.7802	1.94524	2.1277	12.0056	0	0	0.270836
setup	0	2018-12-17 23:00:00	0	11.9949	7.71364	7.64731e-06	0	0.00257703	0.011457	0.000941972	0.00524241	0.00415053	1.29559e-07	0	0	0	7.64577	5.64654	0.178924	0.00597588	0.0136256	0.506342	0.685139	0.567067	0.0107933	0.000267827	380.896	40641.2	19358.8	28912.9	318.675	643.123	50.114	21.8477	7.70822	0	0	9.01139	4354.5	1482.5	2336.82	37.6482	23.8626	1.92844	2.1351	11.8838	0	0	0.245375
setup	0	2018-12-18 23:00:00	0	12.6316	7.632	3.86993e-06	0	0.00193801	0.0113184	0.000967823	0.00521218	0.00353251	1.57122e-07	0	0	0	8.26606	5.91793	0.19344	0.00620885	0.0136256	0.506727	0.712299	0.585052	0.00936997	0.000272596	397.541	40641.9	19359.3	28913.7	318.318	649.088	49.7518	22.2049	8.11709	0	0	9.36452	4354.09	1482.21	2336.47	37.3308	23.9592	1.91042	2.15588	11.7834	0	0	0.22286
setup	0	2018-12-19 23:00:00	0	11.4525	7.53436	2.30423e-06	0	0.00160398	0.0111166	0.000946283	0.00491471	0.00320596	1.61025e-07	0	0	0	8.91073	4.81346	0.208526	0.00645215	0.0136539	0.508985	0.702503	0.585324	0.0090016	0.000273572	410.487	40641.7	19359.2	28913.5	318.163	655.691	49.4269	22.6191	7.24959	0	0	9.70627	4353.69	1481.93	2336.12	37.0527	24.0707	1.89352	2.18803	11.6332	0	0	0.206658
setup	0	2018-12-20 23:00:00	0	11.3785	6.7752	6.38828e-07	0	0.00145532	0.0110686	0.000913	0.00456371	0.00250345	1.69603e-07	0	0	0	9.57751	4.99659	0.22413	0.00668762	0.0136256	0.494875	0.679384	0.555449	0.00699705	0.000261589	424.087	40642.4	19359.8	28914	318.125	662.956	49.2291	22.6056	7.54029	0	0	10.0735	4353.31	1481.66	2335.76	36.7916	24.1979	1.88119	2.16753	11.533	0	0	0.190542
setup	0	2018-12-21 23:00:00	0	10.9778	6.72047	2.81754e-07	0	0.0013711	0.011022	0.000860459	0.00403149	0.0019764	1.81455e-07	0	0	0	10.2637	4.6978	0.240188	0.00694061	0.0136256	0.484336	0.643307	0.537015	0.00574742	0.000248154	436.787	40643	19360.2	28914.4	317.912	670.905	49.1729	22.7229	7.51704	0	0	10.4293	4352.94	1481.41	2335.42	36.5558	24.3412	1.87396	2.16407	11.3991	0	0	0.177479
setup	0	2018-12-22 23:00:00	0	11.4302	6.66317	1.03606e-07	0	0.00129621	0.0107269	0.000827645	0.00357631	0.00162245	2.08521e-07	0	0	0	10.9662	5.03594	0.256627	0.00718577	0.0136256	0.476571	0.646032	0.537251	0.00457842	0.0002483	450.825	40643.9	19361	28915.2	317.616	679.539	49.1086	22.8582	8.01285	0	0	10.7925	4352.57	1481.16	2335.09	36.3109	24.5007	1.86605	2.15888	11.2859	0	0	0.167429
setup	0	2018-12-23 23:00:00	0	11.6321	6.72981	6.76126e-08	0	0.00123079	0.0103967	0.000800992	0.00316032	0.00136437	2.36758e-07	0	0	0	11.6813	5.03111	0.273362	0.00743601	0.0136256	0.472779	0.658746	0.543167	0.00390022	0.000250086	464.957	40644.8	19361.6	28916	317.169	688.871	49.0932	23.3255	8.24019	0	0	11.1465	4352.21	1480.92	2334.76	36.0205	24.6766	1.85962	2.18183	11.1927	0	0	0.160352
setup	0	2018-12-24 23:00:00	0	10.6772	6.43477	3.34123e-08	0	0.00118909	0.0101901	0.000749804	0.00267961	0.00110912	2.44581e-07	0	0	0	12.4049	4.29764	0.290296	0.00767991	0.0136256	0.463977	0.622415	0.517706	0.00329616	0.000239105	476.651	40645.3	19362.1	28916.3	316.668	698.917	49.2408	23.9647	7.76846	0	0	11.4769	4351.87	1480.68	2334.43	35.7493	24.8693	1.85901	2.22442	11.0673	0	0	0.154947
setup	0	2018-12-25 23:00:00	0	10.3599	5.99747	0	0	0.00115134	0.00997299	0.000695804	0.00221236	0.000895353	2.64733e-07	0	0	0	13.1325	4.20453	0.307323	0.0079076	0.0136256	0.448427	0.59646	0.494375	0.00250702	0.000231962	488.256	40646.2	19363	28916.9	316.137	709.671	49.4647	24.4658	7.77606	0	0	11.8123	4351.53	1480.46	2334.1	35.4913	25.0788	1.86089	2.24674	10.9646	0	0	0.152212
setup	0	2018-12-26 23:00:00	0	9.82124	5.79965	0	0	0.00158058	0.00794608	0.000646028	0.00180918	0.000725384	2.81899e-07	0	0	0	13.8591	3.82097	0.324326	0.00813868	0.0136256	0.314409	0.490788	0.44073	0.00202199	0.000222854	498.721	40646.9	19363.7	28917.5	315.443	721.131	49.7857	25.0588	7.60902	0	0	12.1222	4351.35	1480.35	2333.9	35.3975	25.305	1.86602	2.27285	10.8361	0	0	0.147479
setup	0	2018-12-27 23:00:00	0	9.2623	5.49581	0	0	0.000768165	0.00685685	0.000586577	0.00141159	0.000567439	3.364e-07	0	0	0	14.5792	3.53161	0.341178	0.00835217	0.0136256	0.276965	0.496222	0.417698	0.00218138	0.000223298	508.41	40647.7	19364.5	28918	314.588	733.283	50.1788	25.7536	7.49066	0	0	12.3695	4351.19	1480.27	2333.72	35.2392	25.5475	1.8734	2.2941	10.8033	0	0	0.144622
setup	0	2018-12-28 23:00:00	0	9.22476	5.7914	0	0	0.00073257	0.00663309	0.000551519	0.00113504	0.000458158	4.23822e-07	0	0	0	15.287	3.50781	0.357742	0.00852255	0.0136256	0.301832	0.487333	0.407224	0.00221356	0.00022324	518.408	40648.3	19365.1	28918.5	313.51	746.113	50.6591	26.0187	7.66288	0	0	12.6056	4351.01	1480.16	2333.55	35.0796	25.8061	1.8836	2.29722	10.7596	0	0	0.140676
setup	0	2018-12-29 23:00:00	0	9.04221	5.66524	0	0	0.000691433	0.0063027	0.000534165	0.000939789	0.000385332	5.05666e-07	0	0	0	15.9764	3.21435	0.373874	0.00868525	0.0136256	0.305687	0.468357	0.399044	0.00198013	0.000227322	527.837	40648.7	19365.5	28918.9	312.091	759.597	51.1963	26.6128	7.67611	0	0	12.8284	4350.82	1480.05	2333.38	34.9046	26.0801	1.89545	2.32498	10.7049	0	0	0.13866
setup	0	2018-12-30 23:00:00	0	8.23192	5.17419	0	0	0.000583449	0.00531967	0.000508099	0.000753017	0.000314926	5.5942e-07	0	0	0	16.6407	2.56868	0.389421	0.00883877	0.0136262	0.241325	0.425957	0.374207	0.00165737	0.000225488	535.322	40649	19366	28919.1	310.508	773.71	51.8401	27.5503	7.30149	0	0	13.0214	4350.7	1480	2333.26	34.7464	26.369	1.91077	2.37846	10.6751	0	0	0.136753
setup	0	2018-12-31 23:00:00	0	7.11142	4.484	0	0	0.000485894	0.00444214	0.000457153	0.00056121	0.000242321	6.07519e-07	0	0	0	17.2734	1.88929	0.404226	0.00897175	0.0136256	0.17721	0.367109	0.332179	0.00148263	0.000213072	540.777	40649.4	19366.7	28919.3	308.917	788.423	52.6458	28.539	6.782	0	0	13.1677	4350.66	1479.99	2333.16	34.6313	26.6721	1.93159	2.44031	10.6556	0	0	0.134029
setup	0	2019-01-01 23:00:00	0	6.04315	3.76859	0	0	0.000426135	0.00392898	0.000401119	0.000401935	0.000183617	6.69632e-07	0	0	0	17.8673	1.26552	0.418371	0.00907254	0.0136256	0.140216	0.324278	0.294145	0.0013542	0.000199589	544.604	40649.9	19367.5	28919.4	307.381	803.695	53.6186	29.4869	6.22336	0	0	13.2694	4350.64	1480.02	2333.07	34.5294	26.9888	1.95806	2.49979	10.6551	0	0	0.131521
setup	0	2019-01-02 23:00:00	0	5.33415	3.42129	0	0	0.000388945	0.00359924	0.000367146	0.000310118	0.00014368	8.09154e-07	0	0	0	18.4155	0.707986	0.433779	0.00918489	0.0136256	0.141528	0.307221	0.269242	0.00123536	0.0001971	547.175	40650.3	19368.3	28919.4	305.81	819.468	54.6594	30.1937	5.73203	0	0	13.331	4350.63	1480.04	2332.97	34.424	27.32	1.98649	2.54283	10.67	0	0	0.129947
setup	0	2019-01-03 23:00:00	0	5.35442	2.94471	0	0	0.000340101	0.00311062	0.000339319	0.000230823	0.000113138	9.25251e-07	0	0	0	18.9109	0.711327	0.444198	0.00918509	0.0136256	0.122649	0.273907	0.245512	0.00105153	0.000191359	548.951	40651.2	19369.6	28919.8	304.21	835.686	55.8078	30.87	5.73655	0	0	13.3901	4350.63	1480.08	2332.88	34.3336	27.6606	2.01831	2.58351	10.6908	0	0	0.128445
setup	0	2019-01-04 23:00:00	0	5.06598	4.30479	0	0	0.000236557	0.00211767	0.000231375	0.00041504	0.000423647	1.89508e-07	0	0	0	19.3462	0.713636	0.530943	0.0107619	0.0140561	0.00463046	0.297409	0.285618	0.00306967	0.00018798	549.838	40650.8	19369.5	28919.4	304.293	852.278	56.37	30.0602	4.99059	0	0	13.4332	4350.76	1480.21	2332.98	34.4295	28.0883	2.02847	2.58724	10.714	0	0	0.141785
setup	0	2019-01-05 23:00:00	0	4.95529	4.08189	0	0	0.000269519	0.00246445	0.000353491	0.000603724	0.000517924	1.56154e-07	0	0	0	19.7148	0.71479	0.761154	0.0151642	0.0137677	0.072092	0.31235	0.26024	0.0032299	0.000185231	550.868	40650.7	19369.7	28919.4	304.053	869.172	56.9104	29.2643	4.86527	0	0	13.4242	4350.81	1480.28	2333.03	34.4761	28.7488	2.03774	2.54165	10.7594	0	0	0.143556
setup	0	2019-01-06 23:00:00	0	5.11409	3.49042	0	0	0.00022689	0.0020204	0.000533552	0.000866248	0.000499678	3.26776e-07	0	0	0	20.0096	0.716129	0.654572	0.0128393	0.0136256	0.0320671	0.28781	0.269803	0.00292502	0.000191408	552.256	40651.3	19370.5	28919.9	303.524	886.293	57.4098	29.5002	4.72852	0	0	13.467	4350.91	1480.39	2333.1	34.5162	29.2978	2.04629	2.56322	10.7961	0	0	0.133147
setup	0	2019-01-07 23:00:00	0	5.13015	3.16343	0	0	0.000203483	0.00176479	0.000497398	0.00058785	0.000274502	8.74395e-07	0	0	0	20.2245	0.717933	0.695037	0.0135183	0.0136256	0.00636171	0.288072	0.270319	0.00253349	0.000197781	553.368	40652.2	19371.7	28920.8	302.516	903.544	58.0783	30.0631	4.93026	0	0	13.4906	4351.04	1480.52	2333.2	34.5201	29.8853	2.061	2.62015	10.855	0	0	0.128884
setup	0	2019-01-08 23:00:00	0	4.79959	2.6079	0	0	0.000205272	0.00176405	0.000350523	0.000280042	0.000174384	8.18168e-07	0	0	0	20.3532	0.719379	0.744255	0.014403	0.0136256	2.1413e-14	0.238646	0.227342	0.00209761	0.000169806	551.108	40653.8	19373.4	28921.6	301.285	920.879	59.2945	30.8771	5.08195	0	0	13.5109	4351.19	1480.66	2333.2	34.5103	30.5211	2.09551	2.67206	10.9146	0	0	0.126812
setup	0	2019-01-09 23:00:00	0	4.92208	2.90692	0	0	0.000188165	0.00165704	0.000351986	0.000323362	0.000198139	9.57365e-07	0	0	0	20.3904	0.71644	0.907971	0.0175642	0.0136289	2.1413e-14	0.266151	0.246289	0.00249644	0.000183269	551.069	40655.2	19375	28922.4	300.139	938.172	60.2317	31.8804	5.06743	0	0	13.4934	4351.33	1480.81	2333.23	34.4929	31.3211	2.12067	2.74824	10.9693	0	0	0.126085
setup	0	2019-01-10 23:00:00	0	5.31245	2.73915	0	0	0.000156168	0.00128567	0.000366418	0.00029176	0.000159362	1.39782e-06	0	0	0	20.3311	0.716389	0.905332	0.0175414	0.0136256	2.1413e-14	0.257823	0.239249	0.00224285	0.000208671	550.139	40656.7	19376.7	28923.3	298.61	955.322	61.184	33.165	5.37322	0	0	13.4758	4351.48	1480.95	2333.24	34.4644	32.1149	2.1474	2.82827	11.0339	0	0	0.126298
setup	0	2019-01-11 23:00:00	0	5.23367	2.53578	0	0	0.000222718	0.0012228	0.000341192	0.00019541	0.000132285	1.40803e-06	0	0	0	20.1712	0.715181	0.898208	0.0175186	0.0136263	2.1413e-14	0.240992	0.226264	0.00203623	0.000197106	547.883	40658.6	19378.7	28924.2	297.078	972.255	62.4211	34.5408	5.54422	0	0	13.4583	4351.63	1481.1	2333.21	34.4204	32.8986	2.18521	2.91764	11.096	0	0	0.126017
setup	0	2019-01-12 23:00:00	0	5.06592	2.36371	0	0	0.000187419	0.00143191	0.000311047	0.000149315	0.000115045	1.33497e-06	0	0	0	19.907	0.712248	0.886447	0.0174958	0.0136256	2.1413e-14	0.226016	0.213624	0.00189584	0.000182735	545.016	40660.7	19381	28925.2	295.621	988.87	63.8537	35.8926	5.68691	0	0	13.4408	4351.78	1481.26	2333.18	34.3701	33.6679	2.23088	3.01105	11.1547	0	0	0.124696
setup	0	2019-01-13 23:00:00	0	4.70544	2.21067	0	0	0.000207999	0.00152866	0.000273363	9.37858e-05	0.00010483	1.07556e-06	0	0	0	19.5362	0.708521	0.869932	0.0174731	0.0136256	2.1413e-14	0.209949	0.200306	0.00179567	0.000158285	540.463	40663	19383.4	28926.4	294.322	1005.06	65.5234	37.1624	5.70472	0	0	13.4234	4351.94	1481.41	2333.13	34.3176	34.4181	2.28581	3.10467	11.2079	0	0	0.123688
setup	0	2019-01-14 23:00:00	0	4.86534	2.72445	0	0	0.000190789	0.00165352	0.000309408	0.000206335	0.000144398	1.1876e-06	0	0	0	19.0568	0.702601	0.848588	0.0174504	0.013632	2.1413e-14	0.25371	0.23371	0.00231167	0.000176035	537.246	40664.8	19385.4	28927.5	293.296	1020.7	66.7116	38.4415	5.55863	0	0	13.4059	4352.1	1481.57	2333.15	34.2676	35.1437	2.32475	3.22453	11.2533	0	0	0.123905
setup	0	2019-01-15 23:00:00	0	4.93935	3.0719	0	0	0.000171776	0.00150758	0.000347316	0.000261388	0.000188805	1.21063e-06	0	0	0	18.4684	0.69842	0.822384	0.0174277	0.0136456	2.1413e-14	0.278818	0.25464	0.00272184	0.000186027	533.055	40666.4	19387.1	28928.5	292.609	1035.66	67.7153	39.3086	5.41659	0	0	13.3885	4352.26	1481.73	2333.19	34.2443	35.8398	2.35799	3.32828	11.2988	0	0	0.124016
setup	0	2019-01-16 23:00:00	0	4.94802	3.34342	0	0	0.000169464	0.00116102	0.000378428	0.000325691	0.000235429	1.19943e-06	0	0	0	17.771	0.692972	0.791332	0.017405	0.0136598	2.1413e-14	0.294451	0.26801	0.00304615	0.000192396	528.462	40667.7	19388.6	28929.3	292.247	1049.85	68.5998	39.7504	5.3014	0	0	13.3711	4352.42	1481.89	2333.26	34.257	36.5017	2.38776	3.40155	11.3462	0	0	0.123964
setup	0	2019-01-17 23:00:00	0	4.94416	3.58444	0	0	0.000174448	0.00125676	0.000407973	0.000391127	0.000283881	1.17984e-06	0	0	0	16.9662	0.687001	0.755493	0.0173824	0.0136258	2.1413e-14	0.307496	0.279797	0.00337137	0.00019806	523.523	40668.9	19389.8	28930	292.169	1063.16	69.3894	39.8154	5.20001	0	0	13.3537	4352.59	1482.05	2333.34	34.3052	37.1249	2.41484	3.44325	11.3955	0	0	0.123992
setup	0	2019-01-18 23:00:00	0	4.93338	3.79465	0	0	0.000168718	0.00123995	0.000436434	0.000457726	0.000333242	1.15594e-06	0	0	0	16.0563	0.680579	0.714976	0.0173598	0.0136258	2.1413e-14	0.319339	0.290144	0.00369912	0.000203149	518.28	40669.9	19390.9	28930.6	292.332	1075.5	70.0982	39.5562	5.11168	0	0	13.3363	4352.76	1482.2	2333.43	34.386	37.7048	2.43966	3.45534	11.4468	0	0	0.124265
setup	0	2019-01-19 23:00:00	0	4.91845	3.98562	0	0	0.000163553	0.00121755	0.000465362	0.000528607	0.000386063	1.1306e-06	0	0	0	15.0448	0.673764	0.669936	0.0173372	0.0136256	2.1413e-14	0.330579	0.300282	0.00407403	0.000208171	512.787	40670.7	19391.8	28931.1	292.699	1086.75	70.7337	39.0188	5.03291	0	0	13.319	4352.93	1482.36	2333.53	34.4956	38.2371	2.46241	3.4406	11.5003	0	0	0.123969
setup	0	2019-01-20 23:00:00	0	4.90082	4.15806	0	0	0.000158658	0.00119747	0.000494488	0.000603279	0.000441582	1.10458e-06	0	0	0	13.9363	0.666623	0.620576	0.0173147	0.0136256	2.1413e-14	0.341024	0.309758	0.00449242	0.000213004	507.092	40671.4	19392.6	28931.5	293.229	1096.84	71.3015	38.252	4.96171	0	0	13.3017	4353.1	1482.51	2333.64	34.6305	38.7176	2.48321	3.40245	11.5559	0	0	0.124104
setup	0	2019-01-21 23:00:00	0	4.88128	4.30578	0	0	0.00015456	0.00117486	0.000524161	0.000681919	0.000500044	1.08107e-06	0	0	0	12.7365	0.659219	0.567146	0.0172922	0.0136256	2.1413e-14	0.351117	0.318498	0.00492742	0.000217842	501.246	40672	19393.3	28931.8	293.881	1105.67	71.8059	37.3091	4.90103	0	0	13.2844	4353.28	1482.67	2333.75	34.7856	39.1425	2.50214	3.34492	11.614	0	0	0.124374
setup	0	2019-01-22 23:00:00	0	4.86026	4.43595	0	0	0.000150935	0.00115289	0.000554311	0.000764687	0.000561114	1.06028e-06	0	0	0	11.4518	0.651619	0.50994	0.0172697	0.0136265	2.1413e-14	0.360501	0.327028	0.0054039	0.000222792	495.298	40672.4	19393.9	28932.1	294.613	1113.16	72.2506	36.2403	4.84861	0	0	13.2671	4353.46	1482.82	2333.87	34.9564	39.5082	2.51927	3.27237	11.6745	0	0	0.12456
setup	0	2019-01-23 23:00:00	0	4.83801	4.54323	0	0	0.00014702	0.00113347	0.00058429	0.000849334	0.00062279	1.04234e-06	0	0	0	10.0898	0.643888	0.449294	0.0172472	0.0136276	2.1413e-14	0.369299	0.335018	0.00589444	0.000227704	489.292	40672.8	19394.4	28932.2	295.386	1119.24	72.6393	35.0968	4.80643	0	0	13.2499	4353.63	1482.97	2334	35.138	39.8116	2.53466	3.18933	11.7373	0	0	0.124688
setup	0	2019-01-24 23:00:00	0	4.8147	4.63425	0	0	0.000142867	0.00111191	0.000613933	0.000935629	0.000684994	1.02665e-06	0	0	0	8.65905	0.63608	0.385582	0.0172248	0.0136256	2.1413e-14	0.377677	0.342843	0.00642562	0.000232678	483.263	40673.1	19394.8	28932.3	296.167	1123.85	72.975	33.9213	4.77224	0	0	13.2326	4353.81	1483.12	2334.13	35.3256	40.0497	2.54835	3.09994	11.8026	0	0	0.124926
setup	0	2019-01-25 23:00:00	0	4.7904	4.70458	0	0	0.000138289	0.00109438	0.00064292	0.00102145	0.000745952	1.01448e-06	0	0	0	7.16859	0.628242	0.319212	0.0172024	0.0136272	2.1413e-14	0.38535	0.349865	0.00692333	0.000237612	477.239	40673.4	19395.1	28932.4	296.925	1126.94	73.2604	32.7528	4.74896	0	0	13.2154	4353.99	1483.26	2334.26	35.5154	40.2203	2.56036	3.0079	11.8702	0	0	0.125276
setup	0	2019-01-26 23:00:00	0	4.76517	4.76369	0	0	0.000134737	0.0010712	0.000670769	0.00110679	0.000805335	1.00414e-06	0	0	0	5.62834	0.62041	0.250626	0.0171801	0.0136278	2.1413e-14	0.392497	0.356741	0.00744784	0.000242517	471.239	40673.6	19395.4	28932.4	297.638	1128.46	73.4979	31.6199	4.73213	0	0	13.1983	4354.17	1483.41	2334.39	35.7045	40.3214	2.57074	2.91634	11.9398	0	0	0.125646
setup	0	2019-01-27 23:00:00	0	4.73901	4.81189	0	0	0.000130669	0.00105318	0.000697288	0.00119059	0.000862681	9.9518e-07	0	0	0	4.04875	0.612611	0.180288	0.0171577	0.0136258	2.1413e-14	0.399321	0.363279	0.00797481	0.000247364	465.277	40673.7	19395.7	28932.4	298.293	1128.37	73.6894	30.5412	4.72033	0	0	13.1811	4354.35	1483.56	2334.53	35.8904	40.3516	2.57949	2.82742	12.0113	0	0	0.125431
setup	0	2019-01-28 23:00:00	0	4.71193	4.85146	0	0	0.000126833	0.00103398	0.000722549	0.00127187	0.000917317	9.87167e-07	0	0	0	2.44072	0.60486	0.108683	0.0171354	0.0136258	2.1413e-14	0.405972	0.369516	0.00848173	0.000252147	459.359	40673.8	19395.9	28932.4	298.881	1126.67	73.8356	29.5264	4.71355	0	0	13.164	4354.53	1483.7	2334.67	36.0713	40.3097	2.58657	2.74244	12.0847	0	0	0.125649
setup	0	2019-01-29 23:00:00	0	4.68388	4.88461	0	0	0.00012338	0.00101336	0.000746342	0.00135162	0.000969494	9.78662e-07	0	0	0	0.81549	0.597167	0.0363132	0.0171132	0.0136259	2.1413e-14	0.412153	0.375666	0.00899697	0.000256816	453.487	40673.9	19396.1	28932.3	299.398	1123.33	73.937	28.5787	4.71192	0	0	13.1469	4354.71	1483.84	2334.81	36.2463	40.1955	2.59196	2.66222	12.1602	0	0	0.125949
setup	0	2019-01-30 23:00:00	0	4.65481	4.90709	0	0	0.000120065	0.000998104	0.000768638	0.00142743	0.00101764	9.70945e-07	0	0	0	0	0.589533	0	0.0170909	0.0136258	2.1413e-14	0.41783	0.381267	0.00944072	0.000261319	447.659	40673.9	19396.2	28932.2	299.844	1119.17	73.9937	27.7017	4.71894	0	0	13.1298	4354.89	1483.99	2334.95	36.4149	40.0452	2.59562	2.58732	12.2375	0	0	0.125996
setup	0	2019-01-31 23:00:00	0	4.62462	4.92976	0	0	0.00011604	0.000978033	0.000788973	0.00150032	0.00106267	9.60932e-07	0	0	0	0	0.581956	0	0.0170687	0.0136274	2.1413e-14	0.423575	0.387038	0.00993183	0.000265613	441.872	40673.8	19396.3	28932.1	300.219	1115.01	74.0092	26.8925	4.72955	0	0	13.1127	4355.07	1484.13	2335.1	36.5764	39.8953	2.59766	2.51813	12.3167	0	0	0.12639
setup	0	2019-02-01 23:00:00	0	4.92978	5.05089	0	0	0.000115764	0.000651656	0.00085994	0.0015931	0.00101293	1.43707e-06	0	0	0	0	0.574433	0	0.0170465	0.0136256	2.1413e-14	0.448588	0.405482	0.00992333	0.000312779	436.126	40673.6	19396.3	28931.5	299.903	1110.83	73.6158	26.9778	4.85377	0	0	13.0956	4355.24	1484.27	2335.2	36.693	39.7449	2.58493	2.49986	12.4053	0	0	0.127715
setup	0	2019-02-02 23:00:00	0	4.8552	4.65286	0	0	0.000100603	0.000601974	0.000810561	0.00138271	0.000859213	1.49441e-06	0	0	0	0	0.566964	0	0.0170243	0.0136256	2.1413e-14	0.424815	0.392454	0.00940467	0.000304894	429.842	40673.8	19396.7	28931.2	299.356	1106.67	73.6511	27.2242	4.95593	0	0	13.0786	4355.42	1484.43	2335.27	36.768	39.5954	2.58738	2.51044	12.4915	0	0	0.127557
setup	0	2019-02-03 23:00:00	0	4.4349	4.09574	0	0	9.97962e-05	0.0010353	0.000689271	0.00110162	0.000711901	1.06885e-06	0	0	0	0	0.558795	0	0.0170022	0.0136256	2.1413e-14	0.376901	0.358311	0.00876654	0.000254576	423.852	40674.5	19397.6	28931.2	298.92	1102.56	74.2982	27.2803	4.99732	0	0	13.0616	4355.6	1484.6	2335.32	36.8288	39.4477	2.61165	2.52064	12.5686	0	0	0.126755
setup	0	2019-02-04 23:00:00	0	4.44475	4.66535	0	0	9.03695e-05	0.00115309	0.000736902	0.0013211	0.000893183	1.0564e-06	0	0	0	0	0.551008	0	0.0169801	0.0136269	2.1413e-14	0.418248	0.384425	0.00984268	0.000266959	418.625	40674.6	19398	28931.2	298.948	1098.45	74.4157	26.9763	4.93793	0	0	13.0446	4355.77	1484.76	2335.44	36.9264	39.3002	2.61692	2.51493	12.6429	0	0	0.127327
setup	0	2019-02-05 23:00:00	0	4.44502	4.84335	0	0	8.85544e-05	0.000928368	0.000785702	0.00147008	0.00100986	1.04418e-06	0	0	0	0	0.544212	0	0.016958	0.0136301	2.1413e-14	0.430385	0.395755	0.0103877	0.00027441	413.079	40674.5	19398.1	28931	299.151	1094.33	74.4164	26.4001	4.90602	0	0	13.0277	4355.95	1484.91	2335.58	37.0509	39.153	2.61791	2.48209	12.7215	0	0	0.126638
setup	0	2019-02-06 23:00:00	0	4.4085	4.91628	6.68979e-09	0	9.45414e-05	0.00089823	0.000815232	0.00157462	0.00108122	1.01214e-06	0	0	0	0	0.537003	0	0.016936	0.0136267	2.1413e-14	0.436972	0.402443	0.0107685	0.000278102	407.567	40674.4	19398.1	28930.8	299.4	1090.22	74.3562	25.7326	4.89433	0	0	13.0107	4356.12	1485.06	2335.74	37.1868	39.0061	2.61665	2.43601	12.8036	0	0	0.126833
setup	0	2019-02-07 23:00:00	0	4.3685	4.95067	6.49697e-09	0	9.17122e-05	0.000877541	0.00083618	0.00165519	0.00113191	9.85345e-07	0	0	0	0	0.529837	0	0.016914	0.0136369	2.1413e-14	0.442552	0.408251	0.0111364	0.000281589	402.105	40674.1	19398	28930.6	299.627	1086.11	74.2539	25.0659	4.89628	0	0	12.9938	4356.3	1485.2	2335.89	37.3244	38.8596	2.6138	2.38606	12.8885	0	0	0.126844
setup	0	2019-02-08 23:00:00	0	4.32579	4.96985	1.18375e-08	0	8.84803e-05	0.000852715	0.000852836	0.0017242	0.00117117	9.60664e-07	0	0	0	0	0.522736	0	0.016892	0.0136361	2.1413e-14	0.447582	0.413701	0.0115087	0.000284967	396.695	40673.8	19397.9	28930.3	299.805	1082.01	74.1209	24.4399	4.90369	0	0	12.9769	4356.47	1485.34	2336.05	37.4589	38.7136	2.60979	2.33743	12.9755	0	0	0.127077
setup	0	2019-02-09 23:00:00	0	4.28046	4.97867	1.39585e-08	0	8.5103e-05	0.000839758	0.000867122	0.00178723	0.0012055	9.37705e-07	0	0	0	0	0.515704	0	0.01687	0.0136309	2.1413e-14	0.452279	0.418989	0.0119078	0.000288252	391.341	40673.5	19397.7	28930	299.924	1077.91	73.9648	23.8681	4.91466	0	0	12.9601	4356.64	1485.47	2336.21	37.5882	38.5679	2.60491	2.29229	13.0646	0	0	0.127353
setup	0	2019-02-10 23:00:00	0	4.45541	5.09118	1.34349e-08	0	8.66526e-05	0.000599286	0.000929358	0.00187882	0.0011598	1.26807e-06	0	0	0	0	0.508743	0	0.0168481	0.0136256	2.1413e-14	0.474139	0.435485	0.0119089	0.000323225	386.044	40673.1	19397.5	28929.3	299.553	1073.79	73.5065	23.9256	4.99795	0	0	12.9432	4356.81	1485.61	2336.31	37.6843	38.422	2.5891	2.28514	13.1602	0	0	0.127979
setup	0	2019-02-11 23:00:00	0	4.37702	4.7662	9.11666e-09	0	7.22925e-05	0.000571371	0.000886778	0.00169243	0.00101017	1.32585e-06	0	0	0	0	0.501858	0	0.0168262	0.0136256	2.1413e-14	0.453516	0.423803	0.0113398	0.000318087	380.416	40672.9	19397.5	28928.8	298.995	1069.69	73.3789	24.1214	5.07868	0	0	12.9264	4356.99	1485.76	2336.4	37.7496	38.2768	2.58514	2.29983	13.2535	0	0	0.128123
setup	0	2019-02-12 23:00:00	0	4.26106	4.59822	1.11073e-08	0	6.20626e-05	0.000704689	0.000843355	0.00156011	0.000924062	1.28686e-06	0	0	0	0	0.49454	0	0.0168043	0.0136256	2.1413e-14	0.441425	0.415078	0.0110071	0.000308745	375.021	40672.9	19397.8	28928.3	298.391	1065.61	73.3925	24.3918	5.13202	0	0	12.9096	4357.16	1485.92	2336.47	37.8015	38.1325	2.58624	2.32596	13.3431	0	0	0.128337
setup	0	2019-02-13 23:00:00	0	4.13748	4.45548	1.30366e-08	0	6.07006e-05	0.000788606	0.00080543	0.00145045	0.000859494	1.25187e-06	0	0	0	0	0.487528	0	0.0167825	0.0136256	2.1413e-14	0.42994	0.406754	0.0107198	0.000299154	369.787	40673	19398.2	28927.9	297.788	1061.55	73.5207	24.6794	5.16969	0	0	12.8928	4357.33	1486.09	2336.54	37.8473	37.9891	2.59144	2.35671	13.4299	0	0	0.127799
setup	0	2019-02-14 23:00:00	0	4.09361	4.47016	1.40138e-08	0	6.05511e-05	0.000765268	0.000797905	0.00141577	0.0008356	1.30435e-06	0	0	0	0	0.480723	0	0.0167606	0.0136256	2.1413e-14	0.43304	0.408529	0.0105832	0.000302021	364.714	40673.1	19398.5	28927.5	297.161	1057.5	73.5849	25.0392	5.20195	0	0	12.876	4357.5	1486.26	2336.6	37.8896	37.8461	2.59432	2.39384	13.516	0	0	0.127474
setup	0	2019-02-15 23:00:00	0	4.14476	4.59808	1.80283e-06	0	7.05194e-05	0.000593977	0.000824801	0.00144227	0.000834793	1.53412e-06	0	0	0	0	0.474128	0	0.0167389	0.0136256	2.1413e-14	0.447942	0.419979	0.010647	0.000322227	359.646	40673	19398.7	28927	296.448	1053.44	73.4827	25.5326	5.232	0	0	12.8593	4357.67	1486.43	2336.68	37.9249	37.7034	2.59119	2.44148	13.6046	0	0	0.127714
setup	0	2019-02-16 23:00:00	0	4.14096	4.6263	1.17534e-08	0	7.82097e-05	0.000410043	0.000837305	0.00142009	0.000811996	1.63201e-06	0	0	0	0	0.46754	0	0.0167171	0.0136256	2.1413e-14	0.455038	0.426695	0.0104215	0.000331624	354.455	40672.9	19398.9	28926.4	295.705	1049.39	73.3529	26.0496	5.26701	0	0	12.8426	4357.84	1486.6	2336.75	37.9546	37.5609	2.58706	2.49477	13.6952	0	0	0.127772
setup	0	2019-02-17 23:00:00	0	4.09544	4.60757	1.27124e-08	0	7.78037e-05	0.000435495	0.000837748	0.00137785	0.000778574	1.74736e-06	0	0	0	0	0.460791	0	0.0166954	0.0136256	2.1413e-14	0.45642	0.428433	0.0101672	0.000338093	349.311	40672.8	19399.1	28925.9	294.942	1045.34	73.2379	26.5851	5.2989	0	0	12.8259	4358.01	1486.76	2336.82	37.9799	37.4189	2.58345	2.55121	13.7866	0	0	0.128023
setup	0	2019-02-18 23:00:00	0	4.04292	4.5604	1.35465e-08	0	7.91688e-05	0.000480753	0.000836293	0.00132979	0.000739035	1.9628e-06	0	0	0	0	0.454104	0	0.0166737	0.0136256	2.1413e-14	0.454559	0.428482	0.00997023	0.000347621	344.232	40672.7	19399.3	28925.3	294.148	1041.31	73.1652	27.1481	5.32651	0	0	12.8092	4358.18	1486.93	2336.9	38.0002	37.2775	2.58135	2.61037	13.8788	0	0	0.128007
setup	0	2019-02-19 23:00:00	0	3.96367	4.51849	8.65731e-08	0	8.86007e-05	0.000358092	0.000828835	0.00127347	0.000702442	2.01333e-06	0	0	0	0	0.447502	0	0.016652	0.0136256	2.1413e-14	0.453773	0.428514	0.00971676	0.00034929	339.204	40672.6	19399.5	28924.8	293.343	1037.28	73.1238	27.7221	5.35456	0	0	12.7926	4358.35	1487.1	2336.97	38.0168	37.1365	2.58039	2.67218	13.9716	0	0	0.127815
setup	0	2019-02-20 23:00:00	0	3.83039	4.43646	1.14748e-08	0	7.87551e-05	0.000416063	0.000805177	0.00119752	0.000663451	1.92782e-06	0	0	0	0	0.440965	0	0.0166303	0.0136256	2.1413e-14	0.447704	0.424216	0.00942369	0.000340162	334.285	40672.6	19399.8	28924.3	292.566	1033.27	73.1586	28.2662	5.37278	0	0	12.7759	4358.52	1487.26	2337.04	38.0321	36.9963	2.58216	2.73336	14.0635	0	0	0.128029
setup	0	2019-02-21 23:00:00	0	3.64254	5.57056	3.3855e-08	0	6.29867e-05	0.00052652	0.0009174	0.00183319	0.00128501	1.13768e-06	0	0	0	0	0.43457	0	0.0166087	0.0136386	2.1413e-14	0.52325	0.473933	0.0122602	0.000334791	329.563	40671.4	19398.9	28923.8	293.637	1029.27	72.701	26.6338	5.10791	0	0	12.7593	4358.68	1487.43	2337.29	38.1895	36.8564	2.5662	2.68023	14.1436	0	0	0.128777
setup	0	2019-02-22 23:00:00	0	3.48115	4.9621	2.9797e-08	0	4.36946e-05	0.00073298	0.000938417	0.00171736	0.00103445	1.43829e-06	0	0	0	0	0.428431	0	0.0165871	0.0136256	2.1413e-14	0.472741	0.446284	0.0111915	0.000329647	325.089	40670.8	19398.6	28923.1	293.759	1025.28	72.4913	25.9745	5.13528	0	0	12.7427	4358.85	1487.57	2337.42	38.3295	36.7171	2.55918	2.6185	14.2408	0	0	0.128876
setup	0	2019-02-23 23:00:00	0	3.34904	4.84058	2.6756e-08	0	4.70413e-05	0.000774234	0.00090866	0.00163339	0.000980468	1.50356e-06	0	0	0	0	0.422615	0	0.0165656	0.0136352	2.1413e-14	0.472735	0.445372	0.0111399	0.000332397	320.775	40670.3	19398.3	28922.5	293.628	1021.3	72.3017	25.6568	5.15599	0	0	12.7262	4359.02	1487.72	2337.55	38.4345	36.5783	2.55288	2.59037	14.3373	0	0	0.128363
setup	0	2019-02-24 23:00:00	0	3.19505	4.60038	2.45379e-08	0	4.27091e-05	0.000394206	0.000873603	0.00151307	0.000883149	1.55101e-06	0	0	0	0	0.417007	0	0.016544	0.0136256	2.1413e-14	0.459417	0.436283	0.0107873	0.000329329	316.589	40670	19398.3	28921.9	293.208	1017.33	72.2305	25.6918	5.20894	0	0	12.7096	4359.18	1487.88	2337.63	38.5063	36.4401	2.55086	2.59104	14.4339	0	0	0.12792
setup	0	2019-02-25 23:00:00	0	3.0766	5.05808	2.30434e-08	0	4.93896e-05	0.000518638	0.000943068	0.00176315	0.00109151	1.52478e-06	0	0	0	0	0.411566	0	0.0165225	0.0136347	2.1413e-14	0.500009	0.465227	0.0118255	0.000344108	312.59	40669.3	19397.9	28921.4	293.24	1013.36	71.8819	25.2254	5.14618	0	0	12.6931	4359.35	1488.02	2337.81	38.6072	36.3021	2.53884	2.57373	14.5282	0	0	0.127905
setup	0	2019-02-26 23:00:00	0	2.94726	4.78637	2.24897e-08	0	6.43915e-05	0.000420828	0.000943883	0.00168852	0.000979339	1.75509e-06	0	0	0	0	0.406366	0	0.016501	0.0136256	2.1413e-14	0.482826	0.455997	0.0113903	0.000355045	308.69	40668.8	19397.6	28920.6	292.808	1009.4	71.6307	25.2549	5.20609	0	0	12.6766	4359.51	1488.17	2337.91	38.6798	36.1645	2.53034	2.57378	14.6302	0	0	0.127826
setup	0	2019-02-27 23:00:00	0	2.75184	4.599	1.89282e-08	0	6.17328e-05	0.000386123	0.000909955	0.00156069	0.000891138	1.76188e-06	0	0	0	0	0.401297	0	0.0164796	0.0136256	2.1413e-14	0.471851	0.448572	0.0110255	0.00034933	304.933	40668.4	19397.6	28920	292.228	1005.46	71.5178	25.4681	5.25498	0	0	12.6601	4359.67	1488.32	2338	38.728	36.0276	2.52684	2.59577	14.73	0	0	0.128033
setup	0	2019-02-28 23:00:00	0	2.56022	4.51995	1.15891e-05	0	5.63943e-05	0.000481065	0.00089476	0.00149538	0.000844381	1.87019e-06	0	0	0	0	0.396413	0	0.0164582	0.0136256	2.1413e-14	0.468848	0.445767	0.0108057	0.000352475	301.431	40668.1	19397.6	28919.3	291.564	1001.53	71.4315	25.812	5.29605	0	0	12.6437	4359.84	1488.48	2338.07	38.7617	35.8913	2.52431	2.63251	14.8279	0	0	0.127705
setup	0	2019-03-01 23:00:00	0	2.40199	4.55392	1.89788e-08	0	7.26075e-05	0.000358786	0.000912217	0.0014876	0.000822248	2.18787e-06	0	0	0	0	0.39186	0	0.0164368	0.0136256	2.1413e-14	0.476716	0.451663	0.01072	0.000372899	298.129	40667.8	19397.6	28918.6	290.801	997.606	71.2726	26.2952	5.33572	0	0	12.6272	4360	1488.64	2338.15	38.7831	35.7552	2.51917	2.68313	14.9271	0	0	0.128199
setup	0	2019-03-02 23:00:00	0	2.20155	4.54601	7.57724e-09	0	9.08418e-05	0.000160182	0.00091564	0.00144271	0.000789332	2.2687e-06	0	0	0	0	0.387567	0	0.0164154	0.0136256	2.1413e-14	0.48094	0.455593	0.0104408	0.000379567	294.977	40667.5	19397.6	28918	289.998	993.69	71.1086	26.8293	5.37504	0	0	12.6108	4360.16	1488.8	2338.23	38.7957	35.6196	2.51386	2.74225	15.0276	0	0	0.127851
setup	0	2019-03-03 23:00:00	0	1.97019	4.70802	4.58842e-09	0	8.6991e-05	0.000210428	0.000942238	0.00149774	0.000835998	2.33606e-06	0	0	0	0	0.38347	0	0.0163941	0.0136331	2.1413e-14	0.495862	0.466485	0.0105865	0.000387938	292.072	40666.9	19397.3	28917.2	289.413	989.783	70.8656	27.1163	5.36238	0	0	12.5944	4360.32	1488.96	2338.34	38.8218	35.4844	2.50571	2.79197	15.1268	0	0	0.12776
setup	0	2019-03-04 23:00:00	0	1.67579	5.46014	9.50426e-08	0	5.54038e-05	0.00028425	0.000750313	0.00161161	0.00174704	6.24895e-07	0	0	0	0	0.379694	0	0.0163728	0.0136668	2.1413e-14	0.539093	0.494105	0.0141648	0.000372888	289.432	40665.7	19396.4	28916.2	290.281	985.895	70.3441	25.6025	5.20594	0	0	12.5781	4360.48	1489.11	2338.51	38.9787	35.3498	2.4875	2.72264	15.2205	0	0	0.135989
setup	0	2019-03-05 23:00:00	0	1.39762	6.70625	9.0616e-08	0	7.18922e-05	0.000617454	0.000926891	0.00231763	0.00301699	2.82783e-07	0	0	0	0	0.376261	0	0.0163515	0.0139273	2.1413e-14	0.682615	0.655657	0.0211451	0.000361917	287.166	40663.1	19393.5	28919.2	292.353	981.948	69.5018	22.3789	4.65418	0	0	12.5617	4360.63	1488.92	2339.58	39.2438	35.2137	2.45775	2.4483	15.4199	0	0	0.138702
setup	0	2019-03-06 23:00:00	0	1.1754	6.13647	1.27784e-07	0	3.22498e-05	0.00044191	0.0010799	0.00309728	0.00309584	3.52498e-07	0	0	0	0	0.373316	0	0.0163302	0.0136256	2.1413e-14	0.620957	0.568125	0.0235688	0.000415694	285.205	40661.1	19391.6	28917.4	293.246	978.003	68.6378	20.287	4.70381	0	0	12.5454	4360.78	1488.89	2339.72	39.4871	35.0777	2.4272	2.21589	15.5867	0	0	0.14438
setup	0	2019-03-07 23:00:00	0	0.971011	5.88208	1.1625e-07	0	3.36983e-05	0.000254454	0.00130673	0.00368193	0.00317554	4.62324e-07	0	0	0	0	0.370766	0	0.016309	0.0136256	2.1413e-14	0.611207	0.567253	0.0235685	0.000451034	283.479	40659.3	19390.1	28915.7	293.35	974.066	67.7481	19.2092	4.80458	0	0	12.5291	4360.93	1488.94	2339.84	39.6422	34.942	2.39574	2.09643	15.7327	0	0	0.145959
setup	0	2019-03-08 23:00:00	0	0.76862	5.67637	1.13018e-07	0	5.66696e-05	0.000226901	0.0014408	0.00403444	0.00309323	5.39323e-07	0	0	0	0	0.368522	0	0.0162878	0.0136256	2.1413e-14	0.602685	0.56481	0.0230769	0.000465781	281.99	40657.7	19388.8	28914.2	293.051	970.146	66.9416	18.6573	4.89514	0	0	12.5128	4361.08	1489.04	2339.97	39.7426	34.8068	2.36731	2.04144	15.8693	0	0	0.145418
setup	0	2019-03-09 23:00:00	0	0.577021	5.41977	1.11092e-07	0	5.12915e-05	0.00029957	0.00147807	0.00410596	0.00288187	5.52302e-07	0	0	0	0	0.366588	0	0.0162666	0.0136256	2.1413e-14	0.582069	0.552628	0.0221554	0.000456213	280.746	40656.4	19387.8	28912.9	292.559	966.253	66.3204	18.3665	4.96712	0	0	12.4965	4361.23	1489.17	2340.08	39.8174	34.6726	2.34557	2.01865	15.9959	0	0	0.143764
setup	0	2019-03-10 23:00:00	0	0.41902	5.28974	1.11809e-07	0	3.85446e-05	0.000405597	0.00162737	0.0045689	0.00252943	7.33519e-07	0	0	0	0	0.36497	0	0.0162455	0.0136256	2.1413e-14	0.577148	0.555773	0.0209775	0.000449547	279.744	40655.1	19386.8	28912.5	291.943	962.379	65.8234	18.2489	4.98897	0	0	12.4803	4361.38	1489.29	2340.35	39.8729	34.539	2.32833	2.0139	16.1217	0	0	0.137828
setup	0	2019-03-11 23:00:00	0	0.2968	5.05894	1.06026e-07	0	4.04857e-05	0.000488114	0.00156031	0.00418177	0.00198594	1.05356e-06	0	0	0	0	0.363668	0	0.0162243	0.0136256	2.1413e-14	0.566656	0.546461	0.018733	0.000439208	278.946	40654.1	19386.1	28911.6	291.17	958.524	65.5128	18.3064	5.02826	0	0	12.464	4361.53	1489.39	2340.49	39.9055	34.4059	2.31786	2.02152	16.254	0	0	0.133035
setup	0	2019-03-12 23:00:00	0	0.210828	5.0485	9.99621e-08	0	3.78593e-05	0.000451966	0.00146146	0.00381884	0.0018357	1.24416e-06	0	0	0	0	0.36263	0	0.0162032	0.0136256	2.1413e-14	0.571896	0.548194	0.0179427	0.000446802	278.335	40653.1	19385.3	28910.4	290.345	954.681	65.1831	18.4458	5.06721	0	0	12.4478	4361.69	1489.51	2340.59	39.9284	34.2733	2.30672	2.04147	16.3836	0	0	0.131213
setup	0	2019-03-13 23:00:00	0	0.155388	4.98564	1.09542e-07	0	3.87429e-05	0.000435389	0.00138581	0.00351847	0.00171877	1.31529e-06	0	0	0	0	0.361835	0	0.0161822	0.0136256	2.1413e-14	0.566046	0.544812	0.0173682	0.000445423	277.873	40652.1	19384.6	28909.3	289.516	950.857	64.9123	18.5872	5.1048	0	0	12.4317	4361.84	1489.64	2340.69	39.9531	34.1412	2.29771	2.06367	16.5082	0	0	0.130248
setup	0	2019-03-14 23:00:00	0	0.124586	4.71961	1.05631e-07	0	3.9699e-05	0.000342149	0.00126702	0.00310002	0.00154458	1.17288e-06	0	0	0	0	0.361235	0	0.0161611	0.0136256	2.1413e-14	0.536649	0.523018	0.0165689	0.000415471	277.472	40651.4	19384.2	28908.3	288.738	947.069	64.8704	18.6763	5.14435	0	0	12.4155	4361.99	1489.79	2340.78	39.9812	34.0103	2.29695	2.08108	16.6269	0	0	0.129622
setup	0	2019-03-15 23:00:00	0	0.11288	4.74815	4.58965e-05	0	6.7976e-05	0.000641403	0.00123696	0.00296201	0.00151532	1.25549e-06	0	0	0	0	0.360714	0	0.0161401	0.0136256	2.1413e-14	0.540453	0.524439	0.0166252	0.000416489	277.097	40650.6	19383.8	28907.3	287.964	943.301	64.7615	18.8206	5.15459	0	0	12.3994	4362.15	1489.94	2340.87	40.0074	33.88	2.29377	2.105	16.7423	0	0	0.129357
setup	0	2019-03-16 23:00:00	0	0.117122	4.73751	2.24718e-05	0	4.22228e-05	0.000318241	0.0012203	0.00284782	0.00147436	1.32018e-06	0	0	0	0	0.360226	0	0.0161192	0.0136256	2.1413e-14	0.541107	0.5259	0.0165433	0.000418728	276.741	40649.9	19383.4	28906.3	287.192	939.548	64.6495	18.9693	5.16453	0	0	12.3832	4362.3	1490.09	2340.96	40.0331	33.7502	2.29049	2.12933	16.8585	0	0	0.129416
setup	0	2019-03-17 23:00:00	0	0.137308	4.68206	1.1309e-07	0	4.32048e-05	0.000442548	0.00120172	0.00273166	0.00142034	1.3855e-06	0	0	0	0	0.359763	0	0.0160982	0.0136256	2.1413e-14	0.537958	0.52375	0.0162931	0.00041876	276.411	40649.1	19383	28905.4	286.418	935.814	64.5634	19.1327	5.17964	0	0	12.3671	4362.45	1490.24	2341.05	40.0564	33.6209	2.28814	2.15518	16.9748	0	0	0.128882
setup	0	2019-03-18 23:00:00	0	0.172562	4.59504	2.32639e-05	0	4.42316e-05	0.000441239	0.00113195	0.00257757	0.00144705	1.06637e-06	0	0	0	0	0.359334	0	0.0160773	0.0136259	2.1413e-14	0.5225	0.511886	0.0161656	0.000388467	276.076	40648.5	19382.6	28904.8	285.929	932.114	64.6217	18.9592	5.1561	0	0	12.3511	4362.61	1490.39	2341.19	40.1053	33.4927	2.29099	2.15472	17.0864	0	0	0.128646
setup	0	2019-03-19 23:00:00	0	0.215529	4.5797	8.89814e-05	0	4.52873e-05	0.000672505	0.00111744	0.00258793	0.00150251	9.61207e-07	0	0	0	0	0.358898	0	0.0160564	0.0136258	2.1413e-14	0.520073	0.508907	0.0164443	0.000377593	275.756	40647.8	19382.3	28904.3	285.509	928.437	64.6532	18.7359	5.13557	0	0	12.335	4362.76	1490.53	2341.35	40.1624	33.3653	2.29287	2.14268	17.2003	0	0	0.128672
setup	0	2019-03-20 23:00:00	0	0.286296	4.57193	4.24049e-05	0	4.62906e-05	0.000611345	0.00111812	0.00262238	0.00153941	9.1541e-07	0	0	0	0	0.358483	0	0.0160355	0.0136269	2.1413e-14	0.521746	0.510476	0.0167045	0.000374265	275.458	40647.2	19381.9	28903.8	285.09	924.778	64.654	18.5246	5.12506	0	0	12.319	4362.91	1490.65	2341.5	40.2186	33.2384	2.29364	2.12856	17.3175	0	0	0.128356
setup	0	2019-03-21 23:00:00	0	0.396769	4.55902	4.06981e-05	0	4.72501e-05	0.00058568	0.00112175	0.00265409	0.00156138	8.88791e-07	0	0	0	0	0.36093	0	0.0160147	0.0136256	2.1413e-14	0.52368	0.511605	0.0168023	0.00037319	275.175	40646.5	19381.5	28903.4	284.654	921.135	64.6299	18.3474	5.12568	0	0	12.303	4363.06	1490.77	2341.66	40.271	33.112	2.29351	2.11638	17.4366	0	0	0.128344
setup	0	2019-03-22 23:00:00	0	0.55544	4.54792	1.04185e-07	0	4.82105e-05	0.000541907	0.0011252	0.00268565	0.00157516	8.71574e-07	0	0	0	0	0.366717	0	0.0159938	0.0136263	2.1413e-14	0.525676	0.513895	0.0170127	0.00037302	274.89	40645.8	19381.1	28902.9	284.199	917.507	64.5859	18.2055	5.1356	0	0	12.287	4363.21	1490.89	2341.82	40.3189	32.986	2.29267	2.10735	17.5573	0	0	0.128317
setup	0	2019-03-23 23:00:00	0	0.900367	5.16222	8.11919e-08	0	4.92327e-05	0.000243979	0.00132503	0.0032019	0.00173336	1.43938e-06	0	0	0	0	0.417377	0	0.015973	0.0136256	2.1413e-14	0.602355	0.573863	0.0184572	0.000454625	274.789	40644.6	19380.1	28901.7	283.498	913.84	63.951	18.3836	5.17719	0	0	12.271	4363.35	1491.02	2341.94	40.349	32.8589	2.27053	2.13005	17.6855	0	0	0.129031
setup	0	2019-03-24 23:00:00	0	1.27506	4.84098	6.96884e-08	0	5.0495e-05	0.000124993	0.00128437	0.00295576	0.00152533	1.46219e-06	0	0	0	0	0.398692	0	0.0159523	0.0136256	2.1413e-14	0.570922	0.555065	0.0174583	0.000445304	274.452	40643.7	19379.5	28900.6	282.721	910.195	63.6511	18.5621	5.2332	0	0	12.255	4363.5	1491.16	2342.05	40.3704	32.7324	2.26049	2.15598	17.8112	0	0	0.129677
setup	0	2019-03-25 23:00:00	0	1.70172	4.74836	7.54539e-08	0	5.21315e-05	0.000125844	0.0012607	0.00281437	0.00141889	1.6202e-06	0	0	0	0	0.399254	0	0.0159315	0.0136256	2.1413e-14	0.564036	0.55008	0.0172344	0.000449143	273.948	40642.8	19379	28899.7	281.868	906.57	63.396	18.8646	5.2776	0	0	12.2391	4363.65	1491.3	2342.16	40.3784	32.6065	2.25206	2.19533	17.9355	0	0	0.130162
setup	0	2019-03-26 23:00:00	0	2.22522	4.70761	7.3668e-08	0	5.4043e-05	0.000127635	0.00125298	0.00268539	0.00131279	1.86315e-06	0	0	0	0	0.387632	0	0.0159108	0.0136256	2.1413e-14	0.563599	0.550499	0.0168102	0.000462405	273.118	40641.9	19378.4	28898.7	280.903	902.959	63.1359	19.307	5.32636	0	0	12.2232	4363.8	1491.45	2342.26	40.3723	32.4811	2.24344	2.2483	18.0617	0	0	0.130608
setup	0	2019-03-27 23:00:00	0	2.71098	4.50648	7.56009e-08	0	5.62183e-05	0.000131977	0.00119069	0.00240062	0.00114196	1.91699e-06	0	0	0	0	0.355054	0	0.0158901	0.0136256	2.1413e-14	0.54451	0.536232	0.0157538	0.000451275	271.587	40641.2	19378.1	28897.9	279.841	899.372	62.9946	19.8733	5.38143	0	0	12.2073	4363.95	1491.6	2342.37	40.3513	32.3565	2.2391	2.31312	18.1884	0	0	0.131033
setup	0	2019-03-28 23:00:00	0	3.21765	4.18147	8.53357e-08	0	5.86415e-05	0.000133923	0.00108469	0.00202565	0.000948635	1.90003e-06	0	0	0	0	0.353063	0	0.0158695	0.0136256	0.0766596	0.51925	0.510555	0.0142948	0.000423479	269.285	40640.8	19378	28897.4	278.694	895.82	63.0469	20.5752	5.48022	0	0	12.1914	4364.02	1491.7	2342.39	40.296	32.233	2.24173	2.39017	18.2527	0	0	0.130149
setup	0	2019-03-29 23:00:00	0	4.48484	3.97221	9.28729e-08	0	6.09521e-05	0.000505266	0.0010098	0.00172977	0.000782227	2.12766e-06	0	0	0	0	0.350071	0	0.00839989	0.0136256	0.713095	0.579396	0.520418	0.0128647	0.000420086	266.424	40640.6	19378.2	28897	277.363	892.294	63.1466	21.5632	5.61844	0	0	12.1756	4363.44	1491.44	2341.8	40.0528	32.1031	2.24605	2.49115	17.8338	0	0	0.13032
setup	0	2019-03-30 23:00:00	0	5.88266	4.61661	1.08426e-07	0	6.14333e-05	0.000651662	0.00090827	0.00194936	0.00135532	8.6787e-07	0	0	0	0	0.346351	0	0.00838897	0.0136572	0.698483	0.659738	0.607342	0.0147643	0.000433843	262.772	40639.8	19377.7	28896.2	277.012	888.787	62.8886	21.473	5.56191	0	0	12.1598	4362.88	1491.18	2341.26	39.8152	31.9739	2.23734	2.52065	17.5129	0	0	0.138045
setup	0	2019-03-31 23:00:00	0	6.22535	4.4114	1.15611e-07	0	6.1988e-05	0.0007227	0.00123056	0.00241412	0.00107723	1.51601e-06	0	0	0	0	0.341604	0	0.00837807	0.0136265	0.718346	0.635356	0.602772	0.0126707	0.00041718	258.623	40639.1	19377.4	28896.5	276.313	885.297	62.7576	21.7833	5.51154	0	0	12.1728	4362.31	1490.9	2340.86	39.5581	31.8455	2.23315	2.56183	17.1791	0	0	0.13387
setup	0	2019-04-01 23:00:00	0	6.60554	3.73438	1.06635e-07	0	6.24106e-05	0.000985596	0.000996829	0.00156893	0.00061998	2.03077e-06	0	0	0	0	0.33621	0	0.00838708	0.0136256	0.783954	0.589056	0.543728	0.00898431	0.000391306	254.245	40639.1	19377.7	28896.5	274.959	881.831	62.9498	22.8406	5.69045	0	0	12.157	4361.67	1490.59	2340.24	39.2158	31.7181	2.24057	2.6389	16.8192	0	0	0.131574
setup	0	2019-04-02 23:00:00	0	6.98364	3.28166	7.45348e-08	0	6.24886e-05	0.00113287	0.000834016	0.00108762	0.000402981	2.28489e-06	0	0	0	0	0.330518	0	0.00837617	0.0136256	0.828075	0.561295	0.510941	0.00644559	0.000369648	249.772	40639.5	19378.4	28896.7	273.321	878.4	63.356	24.3141	5.9328	0	0	12.1412	4360.99	1490.23	2339.54	38.7935	31.5921	2.25566	2.75559	16.4467	0	0	0.130698
setup	0	2019-04-03 23:00:00	0	7.45215	2.91235	4.67785e-08	0	6.21896e-05	0.00132608	0.00071799	0.000752824	0.000265882	2.55982e-06	0	0	0	0	0.436913	0	0.00836529	0.0136256	0.903474	0.541161	0.478695	0.00444841	0.000347874	245.518	40640.4	19379.6	28897.2	271.566	875.005	63.9536	25.9978	6.32704	0	0	12.1254	4360.23	1489.82	2338.75	38.302	31.4676	2.2776	2.8904	16.0405	0	0	0.12993
setup	0	2019-04-04 23:00:00	0	7.81988	2.59896	3.28735e-08	0	6.18264e-05	0.00168131	0.000616525	0.000503587	0.000176707	2.63145e-06	0	0	0	0	0.589207	0	0.00835441	0.0136256	0.977191	0.527121	0.443805	0.0029024	0.000314596	241.634	40641.7	19381.2	28898	269.817	871.65	64.7672	27.7831	6.81606	0	0	12.1097	4359.4	1489.34	2337.88	37.7431	31.3445	2.30731	3.03202	15.6112	0	0	0.129139
setup	0	2019-04-05 23:00:00	0	7.75587	2.34768	2.38396e-08	0	7.55562e-05	0.00203928	0.000531635	0.000338151	0.000119734	2.7306e-06	0	0	0	0	0.574171	0	0.00834355	0.0136256	0.888886	0.487308	0.404097	0.00173216	0.00028391	237.744	40643.3	19383	28899	268.126	868.334	65.7635	29.5996	7.21685	0	0	12.0939	4358.66	1488.91	2337.09	37.1869	31.2229	2.34358	3.17421	15.2596	0	0	0.128658
setup	0	2019-04-06 23:00:00	0	7.3224	2.12551	1.41491e-08	0	8.20551e-05	0.00222608	0.000452634	0.000220386	8.29525e-05	2.86097e-06	0	0	0	0.558719	0.49621	0.0117903	0.0083327	0.0136256	0.727668	0.424886	0.352316	0.000975856	0.000255544	233.641	40645	19384.9	28900	266.524	865.613	66.9129	31.3642	7.52264	0	0	12.0839	4358.08	1488.57	2336.44	36.6947	31.1145	2.38535	3.31001	15.0069	0	0	0.127593
setup	0	2019-04-07 23:00:00	0	6.86049	1.9291	0	0	7.4911e-05	0.00259565	0.000383372	0.00014019	5.91005e-05	3.01876e-06	0	0	0	0.664511	0.397716	0.0138776	0.00832581	0.0136256	0.630756	0.35704	0.292348	0.000543212	0.000231196	229.253	40646.7	19387	28901.1	265.018	863.027	68.1874	33.0374	7.75406	0	0	12.0794	4357.6	1488.29	2335.88	36.2898	31.0094	2.43158	3.43536	14.7713	0	0	0.127256
setup	0	2019-04-08 23:00:00	0	6.45453	1.75451	0	0	4.71872e-05	0.00216455	0.000330356	8.77245e-05	4.44578e-05	3.25382e-06	0	0	0	0.784684	0.298029	0.0162775	0.00832273	0.0136256	0.47066	0.315558	0.249956	0.00029002	0.000214056	224.071	40648.6	19389.1	28902.2	263.621	860.589	69.5808	34.585	7.91685	0	0	12.0753	4357.29	1488.11	2335.47	35.9274	30.9078	2.48205	3.53832	14.6701	0	0	0.126676
setup	0	2019-04-09 23:00:00	0	6.50078	1.58106	0	0	4.48339e-05	0.00384385	0.000263655	1.32288e-05	3.54813e-05	2.68429e-06	0	0	0	0.919957	0.638804	0.0189988	0.00831986	0.0136256	0.654465	0.327084	0.213136	0.000166464	0.000170634	220.335	40650.9	19391.6	28903.7	262.376	858.313	71.1226	36.0011	8.38118	0	0	12.0771	4356.78	1487.79	2334.89	35.5066	30.8101	2.53783	3.63596	14.4402	0	0	0.125444
setup	0	2019-04-10 23:00:00	0	6.25763	1.70547	0	0	0.000535127	0.00432831	0.0002497	3.85796e-05	4.11788e-05	2.26645e-06	0	0	0	1.05849	0.468919	0.021911	0.00832112	0.0136267	0.39259	0.242384	0.234357	8.30037e-05	0.000153372	216.519	40653	19393.9	28905.1	261.189	856.191	72.518	37.641	8.39671	0	0	12.0614	4356.55	1487.66	2334.59	35.2627	30.716	2.58825	3.76575	14.2759	0	0	0.124657
setup	0	2019-04-11 23:00:00	0	5.85712	1.74104	0	0	0.000558819	0.00412136	0.000199709	2.36193e-05	4.15005e-05	1.62114e-06	0	0	0	1.21474	0.524609	0.0251454	0.0083103	0.0136334	0.285338	0.292364	0.179896	5.94032e-05	0.000131615	213.37	40655	19396.1	28906.6	260.057	854.236	73.8337	39.2993	8.42783	0	0	12.0457	4356.42	1487.6	2334.39	34.9231	30.6258	2.63573	3.87374	14.3322	0	0	0.124553
setup	0	2019-04-12 23:00:00	0	5.76065	1.75053	0	0	0.000562812	0.00397457	0.000185948	2.37367e-05	4.09609e-05	1.47513e-06	0	0	0	1.39045	0.565531	0.0287825	0.0082995	0.0136274	0.254083	0.23414	0.167177	6.26798e-05	0.000120648	210.55	40657.1	19398.4	28908.1	258.978	852.465	75.0902	40.9406	8.50343	0	0	12.0301	4356.32	1487.56	2334.22	34.7022	30.5397	2.68099	3.9919	14.2931	0	0	0.124034
setup	0	2019-04-13 23:00:00	0	5.72592	1.76591	0	0	0.000565795	0.00391254	0.000177157	2.19912e-05	4.05317e-05	1.40954e-06	0	0	0	1.58743	0.579252	0.03286	0.00828871	0.0136305	0.237151	0.213503	0.157915	6.46546e-05	0.000114695	207.947	40659.2	19400.6	28909.7	257.945	850.9	76.3033	42.5665	8.57846	0	0	12.0144	4356.24	1487.52	2334.07	34.5229	30.4582	2.7246	4.11293	14.2241	0	0	0.124089
setup	0	2019-04-14 23:00:00	0	5.67591	1.77015	0	0	0.000567349	0.00383288	0.000169215	2.00947e-05	4.02209e-05	1.36138e-06	0	0	0	1.80759	0.578234	0.0374173	0.00827794	0.0136274	0.223692	0.247989	0.161958	6.15096e-05	0.000111331	205.492	40661.2	19402.8	28911.2	256.954	849.563	77.481	44.184	8.64018	0	0	11.9988	4356.16	1487.49	2333.92	34.2744	30.3817	2.76685	4.22874	14.2364	0	0	0.123824
setup	0	2019-04-15 23:00:00	0	5.61701	1.78621	0	0	0.000566127	0.00377964	0.000166048	1.92239e-05	4.01992e-05	1.36501e-06	0	0	0	2.0529	0.575875	0.0424952	0.00826717	0.0136258	0.216455	0.197762	0.149426	6.60933e-05	0.000107136	203.164	40663.2	19405	28912.8	256	848.476	78.6258	45.794	8.67718	0	0	11.9832	4356.09	1487.46	2333.78	34.1261	30.3107	2.80781	4.35112	14.1528	0	0	0.123967
setup	0	2019-04-16 23:00:00	0	5.55983	1.78343	0	0	0.000564442	0.00372615	0.000160376	1.67803e-05	4.03038e-05	1.33476e-06	0	0	0	2.32538	0.573887	0.0481356	0.00825643	0.0136261	0.207764	0.245748	0.158104	6.22528e-05	0.00010594	200.948	40665.3	19407.2	28914.3	255.082	847.668	79.7419	47.3996	8.70599	0	0	11.9676	4356.02	1487.43	2333.64	33.8816	30.2458	2.84762	4.46556	14.1751	0	0	0.124001
setup	0	2019-04-17 23:00:00	0	5.56063	1.60505	0	0	0.000465824	0.00308324	0.000174693	6.44533e-05	2.98723e-05	2.12344e-06	0	0	0	2.62709	0.261232	0.054381	0.00824569	0.0136256	0.204847	0.145277	0.1246	3.55456e-05	0.000126436	197.339	40667.1	19409.3	28915.6	254.116	847.165	80.9818	48.8065	8.7059	0	0	11.9521	4355.96	1487.41	2333.47	33.8081	30.1875	2.89178	4.56829	14.0475	0	0	0.126452
setup	0	2019-04-18 23:00:00	0	5.34299	1.48003	0	0	0.000487561	0.00304551	0.000156736	-4.59554e-06	2.5327e-05	2.20801e-06	0	0	0	2.96009	0.256541	0.0612743	0.00823497	0.0136256	0.189963	0.179759	0.119438	1.92686e-05	0.000117674	193.293	40669.1	19411.6	28916.8	253.205	847.001	82.3831	50.1275	8.67734	0	0	11.9365	4355.91	1487.4	2333.29	33.6432	30.1365	2.94162	4.65346	14.0283	0	0	0.124736
setup	0	2019-04-19 23:00:00	0	5.21023	1.40913	0	0	0.000492369	0.00307155	0.000141759	-4.73657e-06	2.29966e-05	2.14258e-06	0	0	0	3.32646	0.251281	0.0688582	0.00822427	0.0136256	0.163767	0.207861	0.105606	1.10015e-05	0.000113427	189.604	40671.2	19413.9	28917.9	252.334	847.206	83.8443	51.4025	8.64979	0	0	11.9331	4355.88	1487.4	2333.11	33.4101	30.0936	2.99346	4.72322	14.1081	0	0	0.124423
setup	0	2019-04-20 23:00:00	0	5.16911	1.36914	0	0	0.000405895	0.00255962	0.000142592	-2.13153e-06	2.14437e-05	2.39761e-06	0	0	0	3.72821	0.246485	0.126801	0.0134837	0.0136256	0.128384	0.113584	0.0984394	8.9214e-06	0.000110865	185.86	40673.3	19416.2	28919.1	251.496	847.813	85.3368	52.641	8.62125	0	0	11.9367	4355.9	1487.44	2332.97	33.3572	30.1141	3.04626	4.80015	14.0457	0	0	0.124669
setup	0	2019-04-21 23:00:00	0	5.05032	1.33655	0	0	0.000372294	0.00234576	0.000127695	-1.73791e-05	2.11075e-05	2.32796e-06	0	0	0	4.16731	0.241618	0.163556	0.0155177	0.0136346	0.107552	0.160816	0.0866821	8.83896e-06	0.000105302	182.121	40675.5	19418.6	28920.3	250.686	848.856	86.8396	53.8848	8.57402	0	0	11.9358	4355.94	1487.49	2332.83	33.2054	30.1736	3.09946	4.86776	14.0991	0	0	0.123798
setup	0	2019-04-22 23:00:00	0	4.92701	3.72165	0	0	0.00032316	0.00205531	0.000276088	0.00021062	0.000181723	1.58956e-06	0	0	0	4.64559	0.236758	0.182756	0.0155166	0.0137132	0.0916494	0.364254	0.276069	0.000653523	0.000135299	178.588	40675.2	19418.5	28921.4	251.405	850.324	86.1191	55.1756	7.00569	0	0	11.9323	4355.98	1487.55	2333.08	33.0957	30.2506	3.0727	5.07002	14.0771	0	0	0.123605
setup	0	2019-04-23 23:00:00	0	5.04221	5.07009	0	0	0.000444195	0.00281428	0.000409937	0.000514061	0.000440202	1.25529e-06	0	0	0	5.16478	0.371169	0.203578	0.015512	0.0137736	0.218628	0.505231	0.35866	0.001408	0.00015139	176.097	40673.7	19417.2	28922	254.398	852.257	84.7249	52.8221	6.37212	0	0	11.927	4355.89	1487.47	2333.35	33.1233	30.3467	3.02185	5.04337	14.0434	0	0	0.124055
setup	0	2019-04-24 23:00:00	0	6.49958	10.0654	0	0	0.000216289	0.00335996	0.000477588	0.00116835	0.00388487	1.95629e-07	0	0	0	5.72641	1.27729	0.120797	0.00828383	0.0145733	0.397254	0.847068	0.66044	0.00860886	0.000207578	176.524	40668.2	19411.2	28922.5	263.752	854.603	82.0412	41.7542	5.46199	0	0	11.9357	4355.59	1487.11	2334.11	33.8129	30.3479	2.9248	4.3189	13.9062	0	0	0.141884
setup	0	2019-04-25 23:00:00	0	9.04277	8.09362	1.92825e-07	0	0.000464614	0.00288883	0.000748129	0.00222522	0.00391873	1.18162e-07	0	0	0	6.33179	2.82161	0.133041	0.0082237	0.0136256	0.378576	0.66499	0.493434	0.00611574	0.000208811	181.903	40666.2	19408.5	28921.8	269.507	857.536	79.6073	35.0702	6.94881	0	0	11.9314	4355.35	1486.8	2334.09	34.3483	30.361	2.83642	3.67402	13.8763	0	0	0.162187
setup	0	2019-04-26 23:00:00	0	11.8284	8.11009	0	0	0.00047472	0.00299587	0.000830072	0.00237045	0.00306273	1.48332e-07	0	0	0	7.06725	4.52841	0.1482	0.00822076	0.0150373	0.429601	0.73008	0.581598	0.00580728	0.000227128	192.471	40665.9	19407.2	28924.9	273.694	861.147	77.4181	31.2932	8.53011	0	0	11.9159	4355.04	1486.42	2334.42	34.6402	30.3875	2.75659	3.27376	13.765	0	0	0.168234
setup	0	2019-04-27 23:00:00	0	13.0161	8.66935	4.87562e-06	0	0.000498465	0.00320528	0.000949813	0.00273298	0.00250804	1.82395e-07	0	0	0	7.82862	4.90161	0.163747	0.00821008	0.0141305	0.517652	0.802062	0.651239	0.00615662	0.000250225	204.177	40665.4	19405.3	28930.3	277.007	865.466	75.5081	29.3518	8.71294	0	0	11.9004	4354.64	1485.85	2335.05	34.7703	30.4277	2.68651	3.04744	13.5328	0	0	0.164451
setup	0	2019-04-28 23:00:00	0	15.3244	8.55872	3.95141e-06	0	0.000482588	0.00308009	0.00117867	0.00411399	0.0029269	2.7953e-07	0	0	0	8.60593	6.30477	0.179833	0.0081994	0.0136256	0.52273	0.835429	0.67641	0.00799081	0.000287528	220.25	40666.4	19405.5	28931.7	279.458	870.548	73.8064	28.4736	9.97886	0	0	11.885	4354.25	1485.44	2334.77	34.7062	30.4834	2.62358	2.92949	13.3782	0	0	0.167459
setup	0	2019-04-29 23:00:00	0	15.952	8.58844	1.15189e-07	0	0.000503079	0.00325856	0.00124553	0.0041823	0.00244819	3.71247e-07	0	0	0	9.41079	6.48692	0.196652	0.00818874	0.0136304	0.529728	0.838358	0.689858	0.00676319	0.000297164	236.821	40667.7	19406.2	28933.1	281.195	876.441	72.3901	29.099	10.3151	0	0	11.8695	4353.84	1485.07	2334.43	34.504	30.5559	2.57056	2.97103	13.1944	0	0	0.162894
setup	0	2019-04-30 23:00:00	0	15.5852	8.20216	2.893e-06	0	0.000550164	0.00356376	0.00115924	0.00366691	0.00196502	3.89021e-07	0	0	0	10.262	6.33852	0.214438	0.0081781	0.0136353	0.524108	0.801824	0.664066	0.0056661	0.000285947	252.886	40669.2	19407.3	28934.6	282.658	883.204	71.3917	30.105	10.3395	0	0	11.8541	4353.45	1484.74	2334.08	34.2713	30.6465	2.53214	3.05472	12.9982	0	0	0.156577
setup	0	2019-05-01 23:00:00	0	16.6252	7.73894	3.39591e-05	0	0.00057848	0.00376044	0.00105832	0.0030648	0.00149034	4.42828e-07	0	0	0	11.1584	7.22366	0.233171	0.00816747	0.0136256	0.512325	0.764545	0.636861	0.00431042	0.000281604	271.725	40672	19409.5	28937.3	283.719	890.873	70.6338	31.5846	11.3952	0	0	11.8387	4353.08	1484.44	2333.71	34.0123	30.756	2.50194	3.16032	12.8154	0	0	0.150399
setup	0	2019-05-02 23:00:00	0	17.1681	7.58556	3.00223e-08	0	0.000587757	0.00385339	0.000959188	0.00244381	0.00113492	5.1198e-07	0	0	0	12.0985	7.56489	0.252816	0.00815685	0.0136256	0.499535	0.741741	0.619397	0.00335757	0.000280849	291.558	40675.4	19412.3	28940.2	284.311	899.49	70.1191	34.0966	12.1262	0	0	11.8233	4352.72	1484.17	2333.32	33.6859	30.8853	2.47999	3.34753	12.6253	0	0	0.145983
setup	0	2019-05-03 23:00:00	0	16.2613	8.62695	3.05509e-08	0	0.000602305	0.00395903	0.000866929	0.00188762	0.00085771	5.62884e-07	0	0	0	13.0801	6.94298	0.273327	0.00814625	0.0136256	0.493019	0.717576	0.600008	0.00257605	0.000276428	309.412	40677.2	19413.6	28942.1	284.443	909.099	69.8703	35.93	12.0554	0	0	11.8079	4352.36	1483.9	2333.03	33.3834	31.0351	2.46704	3.50693	12.4387	0	0	0.142581
setup	0	2019-05-04 23:00:00	0	15.2799	7.48984	2.90485e-08	0	0.000633939	0.00415446	0.000754572	0.00136213	0.000617817	5.84106e-07	0	0	0	14.1002	6.56375	0.294643	0.00813566	0.0136256	0.467659	0.638481	0.538343	0.00177824	0.000258795	326.01	40679.7	19415.8	28944.5	284.175	919.74	69.9546	38.4003	12.1589	0	0	11.7926	4352.04	1483.66	2332.71	33.0814	31.2066	2.46543	3.69675	12.2386	0	0	0.138779
setup	0	2019-05-05 23:00:00	0	15.8535	6.6727	0	0	0.000647681	0.00425385	0.000655324	0.000954958	0.000444332	6.40848e-07	0	0	0	15.1553	7.28725	0.316691	0.00812508	0.0136256	0.44039	0.608911	0.501942	0.00117793	0.000250303	344.87	40683.8	19419.3	28948.2	283.549	931.438	70.2788	41.4096	13.3819	0	0	11.7772	4351.74	1483.45	2332.38	32.7048	31.4001	2.47177	3.89658	12.1199	0	0	0.136585
setup	0	2019-05-06 23:00:00	0	16.0367	6.95044	0	0	0.000651219	0.00432098	0.000614198	0.000766063	0.00040708	6.62855e-07	0	0	0	16.2412	7.51595	0.339381	0.00811452	0.0136664	0.4257	0.596046	0.501558	0.00108803	0.000244716	364.41	40688	19422.8	28952	282.97	944.213	70.6456	44.9391	13.968	0	0	11.7619	4351.46	1483.24	2332.09	32.3308	31.616	2.47902	4.14831	11.9594	0	0	0.134955
setup	0	2019-05-07 23:00:00	0	15.4688	6.25287	0	0	0.000660877	0.00440709	0.000547263	0.000556834	0.000288313	7.04451e-07	0	0	0	17.3527	7.21269	0.362609	0.00810397	0.0136256	0.409029	0.521344	0.434806	0.00075367	0.00023217	382.987	40692.6	19426.8	28955.9	282.098	958.097	71.3464	48.9403	14.4215	0	0	11.7466	4351.2	1483.06	2331.76	31.9763	31.8551	2.49742	4.41637	11.7734	0	0	0.134525
setup	0	2019-05-08 23:00:00	0	14.2659	5.61709	0	0	0.000662408	0.00443148	0.000476971	0.00037524	0.000207362	7.71352e-07	0	0	0	18.4843	6.44751	0.386254	0.00809343	0.0136256	0.376138	0.488107	0.392153	0.000444358	0.000225918	399.169	40697.1	19430.9	28959.7	281.031	973.105	72.2904	53.1584	14.4845	0	0	11.7314	4350.97	1482.9	2331.44	31.5844	32.1176	2.52368	4.67127	11.6597	0	0	0.133021
setup	0	2019-05-09 23:00:00	0	12.3248	4.93694	0	0	0.000663818	0.00447907	0.000414289	0.00023731	0.000148154	8.38387e-07	0	0	0	19.6293	5.29802	0.410182	0.00808291	0.0136256	0.349366	0.392921	0.327928	0.000285545	0.000207443	411.691	40701.2	19434.8	28962.9	279.925	989.246	73.5249	57.1467	14.0604	0	0	11.7161	4350.78	1482.78	2331.12	31.2926	32.4038	2.55939	4.91611	11.4786	0	0	0.131255
setup	0	2019-05-10 23:00:00	0	10.773	4.44742	0	0	0.000977598	0.00359456	0.000352838	0.00014041	0.000107742	8.55511e-07	0	0	0	20.7807	4.42594	0.434241	0.0080724	0.0136256	0.230388	0.321789	0.290189	0.000137158	0.00019454	421.536	40704.9	19438.5	28965.9	278.838	1006.51	75.0022	60.4645	13.6795	0	0	11.7494	4350.7	1482.75	2330.91	31.0836	32.7138	2.60278	5.0947	11.3927	0	0	0.130446
setup	0	2019-05-11 23:00:00	0	9.27548	4.10654	0	0	0.00039867	0.00268499	0.000297386	7.39281e-05	7.88984e-05	9.90826e-07	0	0	0	21.9304	3.51893	0.682742	0.0120179	0.0136256	0.144789	0.25006	0.229971	0.000156172	0.000179229	428.528	40708.2	19441.8	28968.5	277.783	1024.9	76.7051	63.0395	13.2439	0	0	11.7798	4350.72	1482.8	2330.79	30.975	33.2756	2.65321	5.23566	11.3209	0	0	0.128563
setup	0	2019-05-12 23:00:00	0	8.06091	3.551	0	0	0.000328112	0.00222809	0.000251434	3.17643e-05	6.14004e-05	1.11764e-06	0	0	0	23.0699	2.79414	0.833163	0.0139318	0.0136278	0.110576	0.246482	0.196367	0.000159793	0.000167363	433.273	40711.4	19445.1	28970.8	276.777	1044.38	78.6074	65.2704	12.7693	0	0	11.7936	4350.76	1482.86	2330.68	30.8203	33.9882	2.71057	5.34681	11.3406	0	0	0.127352
setup	0	2019-05-13 23:00:00	0	6.98719	3.07525	0	0	0.000235782	0.0015854	0.000225882	1.42824e-05	4.96615e-05	1.33916e-06	0	0	0	24.1899	2.0752	0.920547	0.0146674	0.0136256	0.0537459	0.168882	0.16684	0.00014659	0.000157125	435.775	40714.4	19448.3	28973	275.829	1064.93	80.6905	67.163	12.1958	0	0	11.8007	4350.87	1482.98	2330.61	30.7769	34.7865	2.77461	5.44721	11.3173	0	0	0.127053
setup	0	2019-05-14 23:00:00	0	6.18173	2.69477	0	0	0.000179005	0.00116891	0.0002002	-1.07153e-06	4.2082e-05	1.51763e-06	0	0	0	25.2807	1.60867	1.0072	0.0153409	0.0136256	0.00985073	0.146732	0.140416	0.00013638	0.000148005	436.849	40717.4	19451.6	28975	274.941	1086.5	82.9299	68.7661	11.6646	0	0	11.7963	4351.03	1483.13	2330.56	30.7474	35.6695	2.84462	5.53125	11.3326	0	0	0.125838
setup	0	2019-05-15 23:00:00	0	5.62659	2.45136	0	0	0.000156555	0.000994742	0.00018558	-2.1027e-06	3.75858e-05	1.78641e-06	0	0	0	26.332	1.22305	1.04988	0.0153352	0.0136256	-1.6263e-15	0.13336	0.124384	0.00012937	0.000143383	436.752	40720.4	19454.8	28976.9	274.102	1109.05	85.286	70.1531	11.109	0	0	11.783	4351.19	1483.29	2330.51	30.7253	36.5919	2.91938	5.608	11.3532	0	0	0.125728
setup	0	2019-05-16 23:00:00	0	5.22375	2.24185	0	0	0.000154532	0.000944401	0.000173961	-1.51058e-05	3.49755e-05	1.9044e-06	0	0	0	27.3331	0.971364	1.08995	0.0153179	0.0136256	-1.6263e-15	0.126348	0.116009	0.000117075	0.000136583	435.804	40723.4	19458.1	28978.7	273.316	1132.52	87.7541	71.3616	10.5999	0	0	11.7677	4351.36	1483.46	2330.45	30.704	37.551	2.99874	5.6789	11.3764	0	0	0.124729
setup	0	2019-05-17 23:00:00	0	4.888	2.10113	0	0	0.000154044	0.000930966	0.000166098	-1.61631e-05	3.34664e-05	2.0225e-06	0	0	0	28.273	0.791145	1.12743	0.015298	0.0136256	-1.6263e-15	0.119967	0.111204	0.000102114	0.000132315	434.202	40726.4	19461.5	28980.6	272.574	1156.85	90.3152	72.4284	10.1355	0	0	11.7524	4351.53	1483.63	2330.38	30.6866	38.544	3.08201	5.74484	11.3996	0	0	0.124218
setup	0	2019-05-18 23:00:00	0	4.66014	6.56909	0	0	0.000163264	0.000979678	0.000336639	0.000798506	0.00120067	3.88391e-07	0	0	0	29.1404	0.751195	1.16202	0.0152781	0.0139874	-1.6263e-15	0.385417	0.264147	0.00503746	0.00015694	432.734	40725.1	19460.4	28979.8	274.449	1181.91	90.2877	71.7529	7.24022	0	0	11.7371	4351.69	1483.79	2330.61	30.7393	39.5666	3.07774	5.87736	11.3831	0	0	0.135543
setup	0	2019-05-19 23:00:00	0	4.99837	5.23421	0	0	0.000164111	0.00100146	0.000563698	0.00102649	0.000756302	6.44105e-07	0	0	0	29.9243	1.1855	1.19328	0.0152583	0.0136256	-1.6263e-15	0.303426	0.25527	0.00217779	0.000152682	432.976	40725.6	19461.1	28981.3	275.715	1207.64	90.5777	70.7769	6.7715	0	0	11.7219	4351.86	1483.96	2330.92	30.8667	40.616	3.08508	5.90142	11.3957	0	0	0.12748
setup	0	2019-05-20 23:00:00	0	5.18344	3.93776	0	0	0.00017041	0.00107455	0.000346137	0.000273253	0.000178341	1.38028e-06	0	0	0	30.6132	1.26499	1.22075	0.0152384	0.0136256	-1.6263e-15	0.242247	0.224715	0.00111857	0.000156298	433.662	40727.6	19463.2	28983.3	275.619	1233.95	91.7121	70.7599	7.26326	0	0	11.7066	4352.05	1484.14	2331.09	30.9293	41.6883	3.12192	5.94995	11.4241	0	0	0.125168
setup	0	2019-05-21 23:00:00	0	4.79663	2.92303	0	0	0.00014989	0.000899497	0.000246989	8.21059e-05	9.90296e-05	1.70342e-06	0	0	0	31.1963	0.908965	1.244	0.0152186	0.0136256	-1.6263e-15	0.188285	0.179627	0.000727505	0.000151221	433.252	40730.3	19466.1	28985.3	275.055	1260.75	93.5362	71.6159	7.35909	0	0	11.6914	4352.24	1484.32	2331.12	30.9575	42.78	3.183	6.00822	11.4541	0	0	0.124496
setup	0	2019-05-22 23:00:00	0	4.36566	2.72004	0	0	0.000154355	0.000891319	0.00021018	2.16729e-05	7.00229e-05	1.87167e-06	0	0	0	31.6629	0.602933	1.26261	0.0151988	0.0136256	-1.6263e-15	0.161268	0.15503	0.00053807	0.000144154	431.924	40733.1	19469.1	28987	274.404	1287.92	95.7768	72.2821	7.27881	0	0	11.6762	4352.43	1484.51	2331.12	30.9923	43.8864	3.25901	6.04616	11.4853	0	0	0.124226
setup	0	2019-05-23 23:00:00	0	4.26008	2.3722	0	0	0.000155192	0.000889524	0.000189056	-2.88143e-06	5.66483e-05	1.924e-06	0	0	0	32.0029	0.561501	1.27616	0.0151791	0.0136256	-1.6263e-15	0.14494	0.139902	0.000425069	0.000136398	430.349	40736.2	19472.4	28989	273.756	1315.33	98.2945	72.9558	7.30005	0	0	11.661	4352.63	1484.7	2331.09	31.0199	45.0022	3.34518	6.08449	11.5159	0	0	0.123782
setup	0	2019-05-24 23:00:00	0	4.18046	2.1624	0	0	0.000169525	0.000979641	0.000173026	-1.67442e-05	4.97118e-05	1.92609e-06	0	0	0	32.2066	0.559453	1.28429	0.0151593	0.0136256	-1.6263e-15	0.133949	0.129391	0.000348671	0.000128317	428.508	40739.7	19476.1	28991.1	273.123	1342.85	101.031	73.6428	7.36734	0	0	11.6459	4352.83	1484.9	2331.03	31.0422	46.122	3.43951	6.12307	11.5463	0	0	0.123084
setup	0	2019-05-25 23:00:00	0	4.13865	2.03585	0	0	0.000165718	0.000964722	0.000162152	-1.82463e-05	4.53405e-05	1.92872e-06	0	0	0	32.2655	0.55706	1.28664	0.0151396	0.0136256	-1.6263e-15	0.126367	0.122065	0.000285816	0.000122874	426.52	40743.4	19480	28993.4	272.496	1370.32	103.917	74.3623	7.46367	0	0	11.6307	4353.03	1485.11	2330.96	31.0615	47.2398	3.53967	6.16265	11.5761	0	0	0.122986
setup	0	2019-05-26 23:00:00	0	4.08901	3.58916	0	0	0.000169682	0.000986539	0.000210556	4.10121e-05	9.38629e-05	1.53475e-06	0	0	0	32.1717	0.554476	1.2829	0.01512	0.013669	-1.6263e-15	0.21131	0.193762	0.00109703	0.000132267	424.156	40745.7	19482.5	28994.9	271.911	1397.57	105.801	75.9331	6.31295	0	0	11.6156	4353.24	1485.31	2331.03	31.0576	48.3491	3.60624	6.27178	11.5998	0	0	0.12284
setup	0	2019-05-27 23:00:00	0	4.10995	2.62996	0	0	0.000168811	0.000952491	0.00018986	8.50588e-06	6.6208e-05	1.79682e-06	0	0	0	31.9186	0.551402	1.2728	0.0151003	0.0136256	-1.6263e-15	0.167084	0.156884	0.000597934	0.000131196	422.015	40749	19486	28997.1	271.326	1424.46	108.27	76.681	6.41585	0	0	11.6005	4353.46	1485.53	2331.02	31.0739	49.4439	3.69343	6.33533	11.6313	0	0	0.122883
setup	0	2019-05-28 23:00:00	0	4.08653	2.35266	0	0	0.000175561	0.000942116	0.000177184	-7.67876e-06	5.68047e-05	1.9091e-06	0	0	0	31.5006	0.548619	1.25614	0.0150807	0.0136256	-1.6263e-15	0.151855	0.144154	0.000461806	0.000127281	419.359	40752.7	19489.8	28999.3	270.732	1450.83	111.029	77.4395	6.58309	0	0	11.5854	4353.67	1485.74	2330.97	31.0889	50.5178	3.79112	6.39229	11.663	0	0	0.122641
setup	0	2019-05-29 23:00:00	0	4.12084	2.2146	0	0	0.000181675	0.000910282	0.000170961	-6.39073e-06	5.12771e-05	2.04985e-06	0	0	0	30.9137	0.545167	1.23273	0.0150611	0.0136256	-1.6263e-15	0.144176	0.136802	0.000378381	0.000126925	416.531	40756.7	19493.9	29001.7	270.123	1476.5	113.947	78.259	6.76838	0	0	11.5704	4353.9	1485.96	2330.91	31.101	51.5641	3.89489	6.44846	11.6955	0	0	0.122757
setup	0	2019-05-30 23:00:00	0	4.17433	2.14142	0	0	0.00018313	0.000864825	0.000168781	-7.63843e-06	4.78689e-05	2.25571e-06	0	0	0	30.1553	0.54149	1.20249	0.0150415	0.0136256	-1.6263e-15	0.139274	0.132333	0.000322124	0.000128407	413.321	40760.8	19498.2	29004.2	269.506	1501.32	116.988	79.1407	6.93848	0	0	11.5553	4354.12	1486.19	2330.83	31.1108	52.5761	4.00338	6.50598	11.7275	0	0	0.122931
setup	0	2019-05-31 23:00:00	0	4.16814	2.08821	0	0	0.000182663	0.00084802	0.000164966	-1.71243e-05	4.58074e-05	2.29055e-06	0	0	0	29.2241	0.537317	1.16535	0.0150219	0.0136256	-1.6263e-15	0.136373	0.129548	0.000279826	0.000126276	409.771	40765	19502.6	29006.6	268.888	1525.1	120.13	80.0819	7.08729	0	0	11.5403	4354.36	1486.41	2330.74	31.1177	53.5471	4.11588	6.56591	11.7592	0	0	0.122663
setup	0	2019-06-01 23:00:00	0	4.2091	2.07091	0	0	0.000182831	0.000830681	0.000164995	-1.1936e-05	4.43819e-05	2.46511e-06	0	0	0	28.1206	0.532702	1.12135	0.0150024	0.0136256	-1.6263e-15	0.135463	0.128175	0.000247149	0.00012829	406.117	40769.4	19507.1	29009.2	268.265	1547.69	123.332	81.0788	7.22434	0	0	11.5253	4354.59	1486.65	2330.64	31.1217	54.4702	4.23095	6.62895	11.7911	0	0	0.122891
setup	0	2019-06-02 23:00:00	0	4.10858	11.4584	0	0	0.000188398	0.00094558	0.000544279	0.00132983	0.00525039	3.44564e-07	0	0	0	26.8471	0.527952	1.07057	0.0149829	0.0155149	-1.6263e-15	0.874057	0.493488	0.0140092	0.00018917	402.21	40764.5	19502.2	29006.4	276.725	1568.78	120.443	73.9209	3.65847	0	0	11.5103	4354.8	1486.84	2331.19	31.3835	55.3352	4.13649	6.75439	11.7172	0	0	0.141424
setup	0	2019-06-03 23:00:00	0	4.11517	8.78177	0	0	0.000176033	0.000826517	0.000660056	0.00167609	0.00314326	1.89097e-07	0	0	0	25.4073	0.522873	1.01315	0.0149634	0.0136256	-1.6263e-15	0.525437	0.37057	0.00576639	0.000184347	399.066	40762.3	19500.1	29004.9	283.779	1588.33	117.673	67.3498	3.4974	0	0	11.4954	4355.04	1487.02	2331.53	32.1513	56.1389	4.04614	6.28579	11.7433	0	0	0.154159
setup	0	2019-06-04 23:00:00	0	4.04673	7.51628	0	0	0.000182037	0.000848504	0.000696188	0.00167098	0.00233914	2.59475e-07	0	0	0	23.8067	0.518785	0.949329	0.014944	0.0136256	-1.6263e-15	0.462539	0.344441	0.00550244	0.000179141	395.277	40761.5	19499.3	29004.3	289.205	1606.22	115.568	62.9378	3.41133	0	0	11.4804	4355.27	1487.21	2331.78	32.7777	56.876	3.97881	5.92294	11.7818	0	0	0.15647
setup	0	2019-06-05 23:00:00	0	3.88372	6.42404	0	0	0.000188653	0.000963135	0.000709733	0.00168968	0.00206639	2.85801e-07	0	0	0	22.0527	0.51386	0.879384	0.0149245	0.0136256	-1.6263e-15	0.406031	0.318981	0.0052149	0.000166172	391.078	40761.8	19499.7	29004.3	293.394	1622.29	114.319	59.9343	3.38965	0	0	11.4655	4355.52	1487.42	2331.95	33.2791	57.5407	3.94113	5.65728	11.8185	0	0	0.152768
setup	0	2019-06-06 23:00:00	0	3.82444	8.96019	0	0	0.000208064	0.00111585	0.00055351	0.0013573	0.00459562	1.02298e-07	0	0	0	20.154	0.508402	0.803671	0.0149051	0.0142814	-1.6263e-15	0.6234	0.532141	0.0218027	0.000220152	387.006	40759.6	19497	29007.2	302.028	1636.22	113.231	50.445	2.72694	0	0	11.4506	4355.74	1487.45	2333.02	34.2582	58.1221	3.90869	4.86162	11.8807	0	0	0.156455
setup	0	2019-06-07 23:00:00	0	3.86693	8.02674	0	0	0.000175561	0.00089626	0.000842265	0.00253503	0.00534476	1.29106e-07	0	0	0	18.1211	0.503108	0.722608	0.0148858	0.0136256	-1.6263e-15	0.53513	0.43766	0.0217741	0.000257878	382.773	40758.4	19495.6	29005.7	307.978	1648.04	112.107	43.9856	2.68865	0	0	11.4357	4355.98	1487.52	2333.17	35.1034	58.6192	3.87492	4.19614	11.9481	0	0	0.168106
setup	0	2019-06-08 23:00:00	0	3.9252	7.48013	0	0	0.000170919	0.000795983	0.00101472	0.00316753	0.00468464	2.11416e-07	0	0	0	15.966	0.497604	0.63667	0.0148664	0.0136256	-1.6263e-15	0.52868	0.429741	0.0214437	0.000283114	378.364	40757.8	19495	29004.7	311.995	1657.64	110.892	40.0328	2.75576	0	0	11.4208	4356.22	1487.67	2333.31	35.6961	59.0282	3.83783	3.78216	12.0219	0	0	0.169152
setup	0	2019-06-09 23:00:00	0	3.79178	6.5128	0	0	0.000189489	0.000860969	0.000958892	0.00305966	0.00406305	1.91582e-07	0	0	0	13.702	0.491873	0.546386	0.0148471	0.0136365	-1.6263e-15	0.474523	0.403276	0.0211517	0.000275474	373.734	40758.2	19495.6	29004.4	314.669	1664.95	110.485	37.51	2.88003	0	0	11.406	4356.46	1487.85	2333.41	36.1184	59.3459	3.82885	3.51913	12.0901	0	0	0.168934
setup	0	2019-06-10 23:00:00	0	3.62448	5.93038	6.84617e-06	0	0.000203588	0.00104276	0.00102306	0.00332855	0.00356769	2.01257e-07	0	0	0	11.3435	0.485854	0.452338	0.0148278	0.0136256	-1.6263e-15	0.443257	0.386986	0.0200951	0.000262609	369.36	40759.3	19496.8	29004.5	316.634	1669.9	110.501	35.8598	3.00947	0	0	11.3912	4356.71	1488.05	2333.48	36.4392	59.5691	3.83453	3.35244	12.1538	0	0	0.163948
setup	0	2019-06-11 23:00:00	0	3.64336	6.05294	2.41824e-05	0	0.00019408	0.00100069	0.00107495	0.00348523	0.00336759	2.43178e-07	0	0	0	8.9062	0.480168	0.355148	0.0148085	0.0136256	-1.6263e-15	0.457915	0.390532	0.0188855	0.000267625	365.17	40760.2	19497.8	29004.6	318.36	1672.38	110.156	34.7404	3.12411	0	0	11.3764	4356.96	1488.27	2333.56	36.7228	59.6941	3.82741	3.24042	12.2166	0	0	0.157781
setup	0	2019-06-12 23:00:00	0	3.69944	6.12606	1.22867e-05	0	0.000181065	0.000874984	0.00107911	0.00342777	0.00308013	2.86794e-07	0	0	0	6.40668	0.474721	0.255476	0.0147893	0.0136256	-1.6263e-15	0.464586	0.3927	0.017555	0.000273256	360.859	40761	19498.9	29004.6	319.901	1672.34	109.629	33.9256	3.24473	0	0	11.3616	4357.21	1488.49	2333.66	36.9893	59.7187	3.81371	3.15846	12.2757	0	0	0.153265
setup	0	2019-06-13 23:00:00	0	3.75657	6.23491	1.48851e-05	0	0.000177812	0.000823256	0.00107155	0.00330668	0.00284522	3.389e-07	0	0	0	3.86215	0.469116	0.154009	0.01477	0.0136256	-1.6263e-15	0.479569	0.398616	0.0164447	0.000279968	356.496	40761.7	19499.8	29004.6	321.334	1669.74	108.911	33.3063	3.36774	0	0	11.3468	4357.46	1488.73	2333.76	37.235	59.6415	3.79303	3.10157	12.3382	0	0	0.149642
setup	0	2019-06-14 23:00:00	0	3.69618	5.96518	7.46942e-06	0	0.000185202	0.00082024	0.00124867	0.00375795	0.0023299	5.00101e-07	0	0	0	1.29042	0.463444	0.0514575	0.0147508	0.0136256	-1.6263e-15	0.473838	0.416373	0.016616	0.000274778	352.072	40762.7	19500.9	29006.2	322.422	1664.57	108.71	32.8922	3.34801	0	0	11.332	4357.71	1488.95	2334.11	37.4429	59.4618	3.79025	3.0645	12.3995	0	0	0.139674
setup	0	2019-06-15 23:00:00	0	3.59185	6.05899	0	0	0.000196575	0.000963907	0.00118802	0.00324359	0.00175199	7.74385e-07	0	0	0	0	0.457694	0	0.0147317	0.0136256	-1.6263e-15	0.449851	0.408606	0.0151195	0.000266524	347.795	40763.5	19501.8	29006.6	322.839	1658.11	109.12	32.2524	3.47914	0	0	11.3173	4357.97	1489.15	2334.28	37.647	59.2312	3.80874	2.99909	12.4728	0	0	0.131975
setup	0	2019-06-16 23:00:00	0	3.61474	5.74362	0	0	0.000189045	0.000952305	0.00104622	0.00258888	0.00152123	9.63747e-07	0	0	0	0	0.452133	0	0.0147125	0.0136256	-1.6263e-15	0.452151	0.405631	0.0137793	0.000274121	343.661	40764.7	19503	29006.9	322.777	1651.67	109.428	32.4584	3.64218	0	0	11.3026	4358.22	1489.35	2334.37	37.7931	59.0013	3.82334	2.9895	12.5487	0	0	0.129717
setup	0	2019-06-17 23:00:00	0	3.61302	5.00792	0	0	0.000182771	0.000886461	0.000958818	0.00214309	0.00135089	1.08255e-06	0	0	0	0	0.446759	0	0.0146934	0.0136256	-1.6263e-15	0.440264	0.398139	0.0129009	0.00027641	339.421	40766.5	19504.9	29007.6	322.568	1645.26	109.844	33.4444	3.77281	0	0	11.2879	4358.47	1489.57	2334.4	37.887	58.7723	3.84152	3.03767	12.6166	0	0	0.128584
setup	0	2019-06-18 23:00:00	0	3.51966	4.82998	0	0	0.000192434	0.000921582	0.000876218	0.0017971	0.00120341	1.04656e-06	0	0	0	0	0.441247	0	0.0146743	0.0136256	-1.6263e-15	0.426438	0.388147	0.012168	0.000265247	335.207	40768.5	19507	29008.3	322.416	1638.87	110.527	34.2656	3.88503	0	0	11.2732	4358.72	1489.8	2334.41	37.9694	58.5447	3.86893	3.08582	12.6853	0	0	0.127795
setup	0	2019-06-19 23:00:00	0	3.56579	4.96973	0	0	0.000183663	0.000907557	0.000858731	0.00166375	0.00113716	1.22458e-06	0	0	0	0	0.435769	0	0.0146552	0.0136256	-1.6263e-15	0.435302	0.393067	0.011869	0.000276399	331.16	40770.3	19509	29008.8	322.196	1632.5	110.931	35.2829	3.99115	0	0	11.2586	4358.97	1490.03	2334.43	38.0522	58.3176	3.88629	3.14773	12.75	0	0	0.127613
setup	0	2019-06-20 23:00:00	0	3.55198	4.94244	0	0	0.000185349	0.000832022	0.000828518	0.00151139	0.00105419	1.25205e-06	0	0	0	0	0.430509	0	0.0146362	0.0136256	-1.6263e-15	0.435328	0.392872	0.0113436	0.00027563	326.968	40772.1	19511	29009.4	322.014	1626.15	111.404	36.2089	4.08409	0	0	11.2439	4359.22	1490.26	2334.45	38.1276	58.0915	3.90588	3.21086	12.818	0	0	0.127493
setup	0	2019-06-21 23:00:00	0	3.37082	4.6632	0	0	0.000196921	0.000956297	0.000758056	0.00131068	0.000943607	1.08513e-06	0	0	0	0	0.425058	0	0.0146171	0.0136256	-1.6263e-15	0.408513	0.376016	0.0107127	0.000253198	322.848	40774.2	19513.2	29010.1	321.984	1619.84	112.307	36.819	4.14276	0	0	11.2293	4359.47	1490.5	2334.46	38.2062	57.867	3.9406	3.26099	12.8809	0	0	0.126952
setup	0	2019-06-22 23:00:00	0	3.39888	4.82697	0	0	0.000188283	0.000980132	0.000755721	0.0012905	0.000916612	1.23945e-06	0	0	0	0	0.419702	0	0.0145981	0.0136256	-1.6263e-15	0.420852	0.382409	0.0105044	0.000262533	319.029	40776	19515.3	29010.7	321.866	1613.55	112.828	37.7037	4.21502	0	0	11.2147	4359.72	1490.75	2334.48	38.2866	57.6431	3.96162	3.32246	12.9435	0	0	0.127076
setup	0	2019-06-23 23:00:00	0	3.4382	4.93347	0	0	0.000176631	0.000834895	0.000759053	0.00125615	0.000891738	1.36716e-06	0	0	0	0	0.414737	0	0.0145791	0.0136261	-1.6263e-15	0.429609	0.387323	0.0102081	0.000271771	315.032	40777.8	19517.2	29011.3	321.763	1607.26	113.215	38.5918	4.2756	0	0	11.2001	4359.96	1490.99	2334.51	38.3683	57.4199	3.97777	3.38701	13.0058	0	0	0.12773
setup	0	2019-06-24 23:00:00	0	3.43563	4.94875	0	0	0.000186446	0.000790571	0.000752161	0.00120387	0.000851392	1.4267e-06	0	0	0	0	0.409542	0	0.0145602	0.0136256	-1.6263e-15	0.434239	0.390529	0.00986885	0.000274997	311.004	40779.5	19519.1	29011.8	321.653	1601	113.572	39.4791	4.33684	0	0	11.1856	4360.21	1491.23	2334.54	38.4432	57.1974	3.99268	3.45417	13.0725	0	0	0.127321
setup	0	2019-06-25 23:00:00	0	3.29046	4.74561	0	0	0.000190377	0.00089123	0.000707323	0.00108364	0.000784	1.27541e-06	0	0	0	0	0.404305	0	0.0145413	0.0136256	-1.6263e-15	0.413603	0.378268	0.00934395	0.000257345	307	40781.3	19521.2	29012.4	321.662	1594.77	114.245	40.1196	4.37331	0	0	11.171	4360.46	1491.48	2334.56	38.5254	56.9762	4.01874	3.51107	13.1319	0	0	0.126667
setup	0	2019-06-26 23:00:00	0	3.21517	4.72478	0	0	0.000186087	0.00095198	0.000684967	0.00103696	0.00074962	1.27627e-06	0	0	0	0	0.399101	0	0.0145224	0.0136256	-1.6263e-15	0.41268	0.376076	0.00911676	0.00025321	303.245	40783.2	19523.3	29013	321.665	1588.56	114.863	40.8114	4.40909	0	0	11.1565	4360.7	1491.72	2334.58	38.6052	56.7561	4.04277	3.56793	13.1938	0	0	0.126928
setup	0	2019-06-27 23:00:00	0	3.16625	4.69598	0	0	0.000192069	0.000925511	0.000670326	0.000991852	0.00071822	1.30376e-06	0	0	0	0	0.394218	0	0.0145035	0.0136256	-1.6263e-15	0.411805	0.374376	0.0087932	0.000252015	299.521	40785	19525.3	29013.6	321.647	1582.38	115.454	41.5461	4.44986	0	0	11.142	4360.95	1491.96	2334.6	38.6818	56.537	4.06573	3.62629	13.2568	0	0	0.126369
setup	0	2019-06-28 23:00:00	0	3.05729	4.57413	0	0	0.000187196	0.000955524	0.000642162	0.000921528	0.000676821	1.23901e-06	0	0	0	0	0.389377	0	0.0144846	0.0136256	-1.6263e-15	0.400792	0.367028	0.00843635	0.000242217	295.843	40787	19527.5	29014.3	321.672	1576.23	116.191	42.1945	4.47658	0	0	11.1275	4361.19	1492.21	2334.62	38.7587	56.319	4.09381	3.68139	13.3174	0	0	0.126743
setup	0	2019-06-29 23:00:00	0	3.0236	4.5774	0	0	0.000185547	0.000961604	0.000637584	0.000906077	0.00065759	1.3514e-06	0	0	0	0	0.384596	0	0.0144658	0.0136256	-1.6263e-15	0.40039	0.366437	0.00825057	0.000246233	292.32	40788.9	19529.6	29015	321.621	1570.1	116.808	42.9948	4.51722	0	0	11.1131	4361.43	1492.45	2334.63	38.8352	56.1018	4.11752	3.74159	13.3767	0	0	0.126134
setup	0	2019-06-30 23:00:00	0	2.99457	4.57655	0	0	0.000178613	0.000873214	0.000632858	0.000875387	0.000634748	1.40892e-06	0	0	0	0	0.380015	0	0.014447	0.0136256	-1.6263e-15	0.403408	0.367799	0.00801239	0.000248572	288.77	40790.7	19531.7	29015.6	321.531	1563.99	117.378	43.8573	4.55704	0	0	11.0986	4361.68	1492.69	2334.65	38.9038	55.8854	4.13952	3.8075	13.4386	0	0	0.126132
setup	0	2019-07-01 23:00:00	0	2.99946	4.66198	0	0	0.000182662	0.000800676	0.000640634	0.00086985	0.000622222	1.52363e-06	0	0	0	0	0.375402	0	0.0144282	0.0136256	-1.6263e-15	0.41477	0.374527	0.00782619	0.000257305	285.262	40792.5	19533.7	29016.2	321.365	1557.89	117.759	44.8721	4.60796	0	0	11.0842	4361.92	1492.93	2334.67	38.963	55.6695	4.15469	3.8835	13.5051	0	0	0.126166
setup	0	2019-07-02 23:00:00	0	2.94471	4.63149	0	0	0.000184176	0.000786403	0.000635746	0.000831922	0.000598283	1.57256e-06	0	0	0	0	0.370841	0	0.0144095	0.0136256	-1.6263e-15	0.412142	0.373861	0.00757204	0.000257904	281.73	40794.3	19535.7	29016.8	321.193	1551.8	118.168	45.882	4.64844	0	0	11.0698	4362.16	1493.17	2334.7	39.0209	55.4545	4.17082	3.96295	13.5687	0	0	0.126026
setup	0	2019-07-03 23:00:00	0	2.82631	4.55138	0	0	0.000186402	0.000867209	0.000615264	0.000778822	0.000571524	1.47372e-06	0	0	0	0	0.366249	0	0.0143907	0.0136256	-1.6263e-15	0.404671	0.368926	0.00729011	0.000248734	278.286	40796.1	19537.8	29017.4	321.077	1545.75	118.689	46.7916	4.67302	0	0	11.0554	4362.4	1493.41	2334.72	39.08	55.2406	4.19086	4.04039	13.6289	0	0	0.126141
setup	0	2019-07-04 23:00:00	0	2.70872	4.46153	0	0	0.000180501	0.000890523	0.000596565	0.000740395	0.000548141	1.49819e-06	0	0	0	0	0.361772	0	0.014372	0.0136256	-1.6263e-15	0.401133	0.364842	0.00709171	0.000244508	275.012	40798	19539.9	29018.1	320.971	1539.72	119.275	47.6857	4.69618	0	0	11.041	4362.64	1493.64	2334.73	39.1301	55.0277	4.21319	4.11568	13.6951	0	0	0.126017
setup	0	2019-07-05 23:00:00	0	2.64084	4.46443	0	0	0.00018004	0.000863895	0.000593518	0.000725585	0.00053331	1.56873e-06	0	0	0	0	0.357516	0	0.0143533	0.0136256	-1.6263e-15	0.398264	0.363463	0.0069225	0.000247156	271.845	40799.8	19542	29018.7	320.817	1533.71	119.779	48.6709	4.73015	0	0	11.0267	4362.88	1493.88	2334.75	39.1854	54.8156	4.23259	4.19451	13.756	0	0	0.125905
setup	0	2019-07-06 23:00:00	0	2.52489	4.40138	0	0	0.00018304	0.000862654	0.000578472	0.000684322	0.00051269	1.50384e-06	0	0	0	0	0.353398	0	0.0143347	0.0136256	-1.6263e-15	0.394689	0.360433	0.00668455	0.000240979	268.728	40801.7	19544.1	29019.4	320.689	1527.73	120.349	49.6128	4.75418	0	0	11.0123	4363.11	1494.11	2334.76	39.237	54.6045	4.25424	4.27386	13.8169	0	0	0.125696
setup	0	2019-07-07 23:00:00	0	2.4023	4.34303	0	0	0.000191605	0.000906878	0.000565613	0.000657431	0.000496632	1.51314e-06	0	0	0	0	0.349347	0	0.014316	0.0136256	-1.6263e-15	0.390609	0.356993	0.00652738	0.000237784	265.771	40803.6	19546.2	29020.1	320.562	1521.77	120.945	50.558	4.77522	0	0	10.998	4363.35	1494.35	2334.78	39.2855	54.3944	4.27684	4.35269	13.879	0	0	0.125404
setup	0	2019-07-08 23:00:00	0	2.31511	4.33502	0	0	0.000172158	0.000876731	0.000564396	0.000646932	0.000485138	1.62153e-06	0	0	0	0	0.345502	0	0.0142974	0.0136256	-1.6263e-15	0.390448	0.35687	0.00641336	0.000241839	262.934	40805.5	19548.4	29020.8	320.381	1515.83	121.475	51.5981	4.80698	0	0	10.9837	4363.58	1494.58	2334.79	39.3311	54.1851	4.29699	4.43553	13.9415	0	0	0.125468
setup	0	2019-07-09 23:00:00	0	2.22509	4.33276	0	0	0.000181139	0.00080605	0.000564907	0.000630845	0.000472473	1.70451e-06	0	0	0	0	0.341814	0	0.0142788	0.0136256	-1.6263e-15	0.389299	0.356544	0.00625986	0.000245594	260.165	40807.4	19550.5	29021.4	320.154	1509.91	121.949	52.7158	4.84285	0	0	10.9694	4363.82	1494.82	2334.8	39.3773	53.9765	4.31516	4.52367	14.0005	0	0	0.125506
setup	0	2019-07-10 23:00:00	0	2.0864	4.26603	0	0	0.000186708	0.000825124	0.000554306	0.000596786	0.000455903	1.68881e-06	0	0	0	0	0.338215	0	0.0142603	0.0136256	-1.6263e-15	0.388761	0.355228	0.00607111	0.000241901	257.494	40809.3	19552.6	29022.1	319.946	1504.02	122.495	53.7967	4.86749	0	0	10.9552	4364.05	1495.05	2334.81	39.4124	53.7688	4.33585	4.61321	14.065	0	0	0.125629
setup	0	2019-07-11 23:00:00	0	1.95284	4.24771	0	0	0.000173538	0.000832683	0.000547781	0.000580476	0.000443732	1.70858e-06	0	0	0	0	0.334742	0	0.0142417	0.0136256	-1.6263e-15	0.386511	0.353846	0.00593354	0.00024111	254.991	40811.2	19554.7	29022.8	319.72	1498.14	123.004	54.921	4.89842	0	0	10.9409	4364.29	1495.28	2334.83	39.4483	53.562	4.35519	4.70745	14.1249	0	0	0.125443
setup	0	2019-07-12 23:00:00	0	1.82762	4.24014	0	0	0.000179058	0.000806421	0.000546703	0.000566544	0.000433029	1.8072e-06	0	0	0	0	0.331488	0	0.0142232	0.0136256	-1.6263e-15	0.390064	0.354487	0.00580364	0.000245286	252.624	40813.1	19556.9	29023.5	319.452	1492.29	123.46	56.1198	4.93496	0	0	10.9267	4364.52	1495.51	2334.84	39.4747	53.3559	4.3726	4.80359	14.192	0	0	0.125297
setup	0	2019-07-13 23:00:00	0	1.61642	4.07241	0	0	0.000185592	0.000902745	0.000517549	0.000506235	0.000413011	1.60121e-06	0	0	0	0	0.328411	0	0.0142047	0.0136256	-1.6263e-15	0.37369	0.343905	0.00560856	0.000227929	250.38	40815.1	19559.1	29024.3	319.316	1486.47	124.194	57.0852	4.92922	0	0	10.9125	4364.75	1495.74	2334.84	39.5054	53.1512	4.39996	4.89153	14.2533	0	0	0.12491
setup	0	2019-07-14 23:00:00	0	1.43828	4.00895	0	0	0.000189168	0.000999151	0.000501334	0.000493996	0.000403431	1.56434e-06	0	0	0	0	0.325494	0	0.0141863	0.0136256	-1.6263e-15	0.36195	0.336014	0.00553913	0.000221849	248.41	40817.2	19561.4	29025.1	319.197	1480.68	124.941	58.0397	4.93549	0	0	10.8983	4364.98	1495.97	2334.84	39.5484	52.9475	4.42775	4.97568	14.3058	0	0	0.124639
setup	0	2019-07-15 23:00:00	0	1.28776	3.97062	0	0	0.000177953	0.000961842	0.000491586	0.000477815	0.000393702	1.55292e-06	0	0	0	0	0.322933	0	0.0141678	0.0136256	-1.6263e-15	0.363824	0.335108	0.00542038	0.000219541	246.603	40819.2	19563.7	29026	319.066	1474.91	125.67	59.0309	4.94854	0	0	10.8842	4365.21	1496.2	2334.85	39.5808	52.7447	4.45484	5.06	14.3668	0	0	0.124454
setup	0	2019-07-16 23:00:00	0	1.11324	3.85852	0	0	0.000187624	0.00101184	0.000470787	0.000441887	0.000380382	1.43001e-06	0	0	0	0	0.320584	0	0.0141494	0.0136256	-1.6263e-15	0.354636	0.328382	0.00528657	0.000208399	244.95	40821.4	19566.1	29026.9	319.004	1469.18	126.539	59.9102	4.94214	0	0	10.87	4365.44	1496.42	2334.84	39.6125	52.5431	4.48698	5.14013	14.4269	0	0	0.123892
setup	0	2019-07-17 23:00:00	0	0.962168	3.81348	0	0	0.00019152	0.00104735	0.000456701	0.000429573	0.000372145	1.38008e-06	0	0	0	0	0.318435	0	0.014131	0.0136256	-1.6263e-15	0.345287	0.320909	0.00520661	0.000203047	243.497	40823.6	19568.5	29027.8	318.947	1463.48	127.397	60.8023	4.94551	0	0	10.8559	4365.67	1496.65	2334.84	39.6547	52.3424	4.51865	5.2178	14.4785	0	0	0.123821
setup	0	2019-07-18 23:00:00	0	0.84983	4.42756	0	0	0.000184243	0.000996234	0.000517749	0.000579033	0.000499078	1.41369e-06	0	0	0	0	0.316546	0	0.0141126	0.0136275	-1.6263e-15	0.396914	0.35171	0.00574802	0.000212994	242.192	40825.1	19570.3	29028.4	319.525	1457.79	127.683	61.1051	4.83739	0	0	10.8418	4365.9	1496.87	2334.89	39.7176	52.1423	4.5299	5.28449	14.537	0	0	0.124163
setup	0	2019-07-19 23:00:00	0	0.730792	4.27921	0	0	0.000179744	0.000920355	0.000513717	0.000561754	0.000482055	1.43325e-06	0	0	0	0	0.31485	0	0.0140943	0.0136256	-1.6263e-15	0.375522	0.339493	0.0054539	0.000211317	240.987	40826.8	19572.2	29029	319.974	1452.12	128.035	61.4627	4.86301	0	0	10.8277	4366.12	1497.1	2334.92	39.8028	51.943	4.54345	5.33286	14.59	0	0	0.12389
setup	0	2019-07-20 23:00:00	0	0.610535	4.18908	0	0	0.000185219	0.000958204	0.000504188	0.000538508	0.000467067	1.44719e-06	0	0	0	0	0.313283	0	0.014076	0.0136256	-1.6263e-15	0.37223	0.336546	0.00531107	0.000209742	239.915	40828.5	19574.1	29029.7	320.344	1446.47	128.431	61.9144	4.89018	0	0	10.8136	4366.35	1497.32	2334.94	39.8764	51.7445	4.55857	5.37981	14.6525	0	0	0.123848
setup	0	2019-07-21 23:00:00	0	0.524645	4.2473	0	0	0.000170345	0.000866739	0.000522032	0.000557087	0.000461994	1.73922e-06	0	0	0	0	0.31189	0	0.0140577	0.0136256	-1.6263e-15	0.370843	0.337404	0.00526881	0.000226538	238.97	40830.2	19576	29030.3	320.507	1440.84	128.589	62.7047	4.94843	0	0	10.7995	4366.57	1497.54	2334.98	39.9568	51.5466	4.56515	5.43866	14.7066	0	0	0.124826
setup	0	2019-07-22 23:00:00	0	0.417828	4.11158	0	0	0.000181281	0.000810679	0.000501274	0.000495249	0.000438693	1.58869e-06	0	0	0	0	0.310661	0	0.0140394	0.0136256	-1.6263e-15	0.371477	0.335973	0.00506812	0.000215272	238.1	40831.9	19578	29031	320.7	1435.23	128.963	63.3942	4.97305	0	0	10.7855	4366.79	1497.77	2335	40.0115	51.3495	4.57947	5.50202	14.7708	0	0	0.123613
setup	0	2019-07-23 23:00:00	0	0.326037	4.06468	0	0	0.000181347	0.000935328	0.000497354	0.000490359	0.000428182	1.67872e-06	0	0	0	0	0.309529	0	0.0140211	0.0136256	-1.6263e-15	0.362376	0.331451	0.00504605	0.000217444	237.361	40833.7	19580	29031.7	320.828	1429.65	129.321	64.1776	5.00293	0	0	10.7715	4367.02	1497.99	2335.02	40.0724	51.1534	4.5932	5.56721	14.8287	0	0	0.123951
setup	0	2019-07-24 23:00:00	0	0.252083	4.02572	0	0	0.000176703	0.000874965	0.000490046	0.000469677	0.000416229	1.69987e-06	0	0	0	0	0.308569	0	0.0140029	0.0136256	-1.6263e-15	0.362089	0.329798	0.00495479	0.000216956	236.711	40835.5	19582	29032.4	320.908	1424.09	129.678	65.0282	5.03142	0	0	10.7575	4367.24	1498.21	2335.04	40.1247	50.958	4.60689	5.63824	14.8872	0	0	0.123895
setup	0	2019-07-25 23:00:00	0	0.19062	4.01409	0	0	0.000173816	0.000860067	0.000491666	0.000463375	0.000407307	1.8095e-06	0	0	0	0	0.307724	0	0.0139847	0.0136256	-1.6263e-15	0.361289	0.329648	0.00489535	0.000221799	236.14	40837.3	19584	29033.1	320.914	1418.56	129.979	65.9922	5.06649	0	0	10.7435	4367.46	1498.43	2335.06	40.1734	50.7633	4.61854	5.71531	14.9451	0	0	0.124025
setup	0	2019-07-26 23:00:00	0	0.135119	3.91381	0	0	0.000184636	0.000881192	0.000477113	0.000426579	0.000392591	1.70194e-06	0	0	0	0	0.306982	0	0.0139665	0.0136256	-1.6263e-15	0.353688	0.325201	0.0047675	0.00021315	235.633	40839.2	19586.1	29033.9	320.956	1413.05	130.419	66.8789	5.07926	0	0	10.7295	4367.68	1498.65	2335.07	40.2194	50.5696	4.63519	5.79253	15.0009	0	0	0.123428
setup	0	2019-07-27 23:00:00	0	0.0895711	3.79623	0	0	0.000190635	0.00101489	0.000454333	0.000396526	0.000379772	1.58248e-06	0	0	0	0	0.306322	0	0.0139484	0.0136256	-1.6263e-15	0.34716	0.319018	0.00471271	0.000202275	235.187	40841.2	19588.3	29034.7	321.055	1407.57	131.02	67.6528	5.0723	0	0	10.7156	4367.9	1498.86	2335.08	40.2573	50.377	4.65755	5.86617	15.0599	0	0	0.123296
setup	0	2019-07-28 23:00:00	0	0.0577931	3.78964	0	0	0.000182156	0.00100192	0.000449307	0.000397488	0.000373611	1.581e-06	0	0	0	0	0.305743	0	0.0139302	0.0136256	-1.6263e-15	0.342275	0.316029	0.00466944	0.000201829	234.789	40843.1	19590.5	29035.5	321.104	1402.11	131.531	68.5252	5.08649	0	0	10.7016	4368.12	1499.08	2335.09	40.3026	50.1852	4.67671	5.9416	15.1131	0	0	0.123329
setup	0	2019-07-29 23:00:00	0	0.0346655	3.8253	0	0	0.000171104	0.000897513	0.000456539	0.000403806	0.000368686	1.73023e-06	0	0	0	0	0.305226	0	0.0139121	0.0136256	-1.6263e-15	0.348912	0.319718	0.00462037	0.000210389	234.424	40845	19592.6	29036.3	321.043	1396.68	131.881	69.5918	5.12347	0	0	10.6877	4368.34	1499.3	2335.11	40.3382	49.994	4.69008	6.02543	15.1718	0	0	0.123451
setup	0	2019-07-30 23:00:00	0	0.0152203	3.74752	0	0	0.000175312	0.000893672	0.000444158	0.000368977	0.000356459	1.65424e-06	0	0	0	0	0.304751	0	0.013894	0.0136256	-1.6263e-15	0.344295	0.316065	0.00450771	0.000203724	234.083	40846.9	19594.7	29037.1	321.014	1391.26	132.346	70.5924	5.13397	0	0	10.6738	4368.56	1499.51	2335.11	40.3691	49.8037	4.70758	6.11047	15.2288	0	0	0.123112
setup	0	2019-07-31 23:00:00	0	0.000196145	7.4998	4.25151e-05	0	0.000176807	0.000921501	0.000855159	0.00147491	0.00298489	5.95786e-07	0	0	0	0	0.304308	0	0.013876	0.0138723	-1.6263e-15	0.565518	0.386947	0.00789419	0.000213801	233.763	40845.1	19593.1	29035.7	325.606	1385.86	130.837	65.3419	4.92779	0	0	10.66	4368.77	1499.72	2335.38	40.7395	49.6137	4.65429	5.93157	15.2722	0	0	0.128874
setup	0	2019-08-01 23:00:00	0	0	6.79636	0.00014764	0	0.00016558	0.000777757	0.000640405	0.00101812	0.00132612	6.06204e-07	0	0	0	0	0.303892	0	0.0138579	0.0136256	-1.6263e-15	0.488328	0.38002	0.00548421	0.000223401	233.459	40844	19592.2	29034.8	328.919	1380.47	129.14	61.9744	4.94652	0	0	10.6461	4368.98	1499.93	2335.62	41.1574	49.4242	4.59428	5.69339	15.3335	0	0	0.130476
setup	0	2019-08-02 23:00:00	0	2.0676e-06	5.78658	0.000170676	0	0.000177492	0.000819495	0.000631962	0.000960782	0.00122553	6.07024e-07	0	0	0	0	0.303496	0	0.0138399	0.0136256	-1.6263e-15	0.443727	0.367517	0.00559956	0.000212716	233.155	40843.8	19592.3	29034.5	331.272	1375.11	128.036	59.9612	4.94813	0	0	10.6323	4369.19	1500.14	2335.78	41.4725	49.2357	4.55552	5.53485	15.3951	0	0	0.13007
setup	0	2019-08-03 23:00:00	0	3.5814e-06	5.8688	0.000203843	0	0.00017401	0.000910569	0.000492693	0.000823016	0.00168519	2.8243e-07	0	0	0	0	0.303102	0	0.0138219	0.0136274	-1.6263e-15	0.464838	0.388373	0.0070356	0.000216435	232.852	40843.6	19592.3	29034.5	333.478	1369.77	126.746	58.2835	4.8146	0	0	10.6184	4369.41	1500.35	2336.03	41.7531	49.0478	4.51006	5.42938	15.4425	0	0	0.135737
setup	0	2019-08-04 23:00:00	0	6.95096e-06	5.62785	0.000226909	0	0.00017222	0.00089692	0.00070004	0.00117231	0.00152547	4.09926e-07	0	0	0	0	0.302708	0	0.013804	0.0136256	-1.6263e-15	0.469986	0.393928	0.00707433	0.000219138	232.55	40843.5	19592.4	29034.5	335.295	1364.45	125.573	56.9833	4.78418	0	0	10.6046	4369.62	1500.56	2336.22	41.9781	48.8605	4.46881	5.35423	15.508	0	0	0.135065
setup	0	2019-08-05 23:00:00	0	1.33803e-05	5.49771	0.000221054	0	0.000168822	0.000855316	0.000753773	0.00130364	0.00147874	5.23064e-07	0	0	0	0	0.302314	0	0.013786	0.0136256	-1.6263e-15	0.458503	0.386158	0.00697377	0.000225912	232.247	40843.6	19592.7	29034.3	336.719	1359.14	124.37	56.1736	4.78378	0	0	10.5909	4369.82	1500.77	2336.38	42.1956	48.6738	4.42646	5.29553	15.5637	0	0	0.133454
setup	0	2019-08-06 23:00:00	0	2.66073e-05	5.4833	0.000233141	0	0.000171676	0.000775071	0.000770826	0.00137592	0.00144244	6.49921e-07	0	0	0	0	0.301921	0	0.0137681	0.0136256	-1.6263e-15	0.465799	0.391885	0.00679313	0.000238675	231.946	40843.6	19593	29034.1	337.843	1353.85	123.05	55.7373	4.8102	0	0	10.5771	4370.03	1500.97	2336.52	42.3881	48.4875	4.37991	5.26597	15.6204	0	0	0.132406
setup	0	2019-08-07 23:00:00	0	3.33818e-05	5.32587	0.000174001	0	0.000168436	0.000638987	0.000745564	0.00130019	0.00134252	6.79053e-07	0	0	0	0	0.301529	0	0.0137502	0.0136256	-1.6263e-15	0.462671	0.391674	0.00657294	0.000236283	231.644	40843.8	19593.4	29034	338.792	1348.57	121.87	55.4643	4.84426	0	0	10.5633	4370.24	1501.18	2336.65	42.5557	48.302	4.33836	5.23982	15.6912	0	0	0.130961
setup	0	2019-08-08 23:00:00	0	5.43623e-05	6.04517	0.000125741	0	0.000166658	0.000845101	0.000939904	0.00164635	0.00132031	1.18557e-06	0	0	0	0	0.301138	0	0.0137323	0.0136256	-1.6263e-15	0.531487	0.442833	0.00787308	0.00023507	231.344	40843.3	19593.1	29034.9	340.799	1343.3	120.642	53.6461	4.70459	0	0	10.5496	4370.45	1501.38	2337.1	42.752	48.1167	4.29512	5.19884	15.7491	0	0	0.126917
setup	0	2019-08-09 23:00:00	0	8.53948e-05	5.08998	0	0	0.000179058	0.0009853	0.000755855	0.00113336	0.000872192	1.5509e-06	0	0	0	0	0.300747	0	0.0137145	0.0136256	-1.6263e-15	0.428069	0.389277	0.00741513	0.000228814	231.043	40843.7	19593.7	29035.3	342.075	1338.06	120.198	52.5793	4.73258	0	0	10.5359	4370.65	1501.57	2337.28	43.0014	47.932	4.28001	5.08492	15.8046	0	0	0.124972
setup	0	2019-08-10 23:00:00	0	0.000134013	4.58358	0	0	0.000172484	0.00100922	0.000648167	0.000878911	0.000714751	1.56656e-06	0	0	0	0	0.300356	0	0.0136967	0.0136256	-1.6263e-15	0.402027	0.372246	0.00718492	0.000226386	230.744	40844.5	19594.7	29035.6	342.604	1332.84	120.064	52.443	4.75463	0	0	10.5222	4370.86	1501.76	2337.38	43.1713	47.7484	4.27598	5.03715	15.8635	0	0	0.124336
setup	0	2019-08-11 23:00:00	0	0.00016961	4.29356	0	0	0.000177532	0.0010266	0.000599507	0.000769247	0.000654436	1.46924e-06	0	0	0	0	0.299967	0	0.0136788	0.0136256	-1.6263e-15	0.39083	0.363252	0.00703814	0.000217325	230.445	40845.7	19596.1	29036	342.883	1327.65	120.183	52.5875	4.76353	0	0	10.5085	4371.07	1501.95	2337.44	43.2903	47.5658	4.28098	5.02864	15.9236	0	0	0.123873
setup	0	2019-08-12 23:00:00	0	0.000308857	4.1599	1.14391e-05	0	0.000181501	0.00107443	0.000585003	0.000738805	0.00062884	1.52316e-06	0	0	0	0	0.299579	0	0.0136611	0.0136256	-1.6263e-15	0.390265	0.361194	0.00702552	0.000218538	230.148	40846.9	19597.5	29036.4	342.966	1322.49	120.335	52.9868	4.78747	0	0	10.4948	4371.28	1502.15	2337.49	43.3716	47.3841	4.28715	5.04012	15.9975	0	0	0.123837
setup	0	2019-08-13 23:00:00	0	0.000543136	4.16589	1.61208e-05	0	0.000165728	0.000936167	0.000592142	0.000744332	0.00062209	1.68236e-06	0	0	0	0	0.299192	0	0.0136433	0.0136256	-1.6263e-15	0.398794	0.365798	0.00702433	0.000228189	229.852	40848.2	19599	29036.8	342.863	1317.34	120.36	53.6571	4.82795	0	0	10.4812	4371.48	1502.34	2337.53	43.4249	47.2029	4.28879	5.07647	16.0766	0	0	0.124167
setup	0	2019-08-14 23:00:00	0	0.00067724	4.05493	0	0	0.000170359	0.000917827	0.000579934	0.000703767	0.000598918	1.61483e-06	0	0	0	0	0.298807	0	0.0136256	0.0136256	-1.6263e-15	0.375293	0.353293	0.0068568	0.000221247	229.557	40849.5	19600.5	29037.2	342.772	1312.22	120.536	54.2819	4.84779	0	0	10.4676	4371.69	1502.55	2337.57	43.4994	47.0226	4.29579	5.12287	16.1245	0	0	0.123613
setup	0	2019-08-15 23:00:00	0	0.0011035	3.94724	5.1707e-05	0	0.000183159	0.00103787	0.000561789	0.000676583	0.000580927	1.60484e-06	0	0	0	0	0.298424	0	0.0136079	0.0136256	-1.6263e-15	0.375217	0.351504	0.00682052	0.000215411	229.265	40850.9	19602.1	29037.7	342.695	1307.13	120.824	54.8703	4.86253	0	0	10.454	4371.89	1502.75	2337.6	43.5504	46.8434	4.30684	5.17712	16.1804	0	0	0.123633
setup	0	2019-08-16 23:00:00	0	0.00153835	3.96717	9.51741e-05	0	0.000171543	0.000959641	0.000561557	0.000676261	0.000573181	1.63459e-06	0	0	0	0	0.298045	0	0.0135902	0.0136256	-1.6263e-15	0.383635	0.354818	0.00675177	0.000219145	228.976	40852.3	19603.7	29038.1	342.543	1302.06	121.001	55.5824	4.89792	0	0	10.4404	4372.09	1502.95	2337.63	43.5848	46.6647	4.31387	5.23107	16.2544	0	0	0.123594
setup	0	2019-08-17 23:00:00	0	0.00255657	3.9141	9.72366e-05	0	0.000172341	0.000966632	0.00055782	0.000657321	0.000557895	1.71418e-06	0	0	0	0	0.297669	0	0.0135725	0.0136256	-1.6263e-15	0.371105	0.348246	0.00665003	0.000220434	228.692	40853.7	19605.3	29038.6	342.36	1297	121.207	56.3352	4.93027	0	0	10.4268	4372.3	1503.15	2337.66	43.6305	46.4868	4.32192	5.29039	16.3134	0	0	0.123534
setup	0	2019-08-18 23:00:00	0	0.00893469	3.93074	8.47386e-05	0	0.000163444	0.000886163	0.000559716	0.00065184	0.000544768	1.79297e-06	0	0	0	0	0.2973	0	0.0135549	0.0136256	-1.6263e-15	0.386165	0.35804	0.00654326	0.000224464	228.414	40855	19606.9	29039.1	342.104	1291.97	121.324	57.2018	4.97513	0	0	10.4133	4372.5	1503.35	2337.69	43.6453	46.3095	4.3268	5.36893	16.3846	0	0	0.123587
setup	0	2019-08-19 23:00:00	0	0.019988	3.75323	0.000132217	0	0.000179488	0.000994537	0.000525562	0.000581426	0.000517201	1.59509e-06	0	0	0	0	0.296938	0	0.0135372	0.0136256	-1.6263e-15	0.363225	0.341193	0.00633203	0.000207238	228.132	40856.5	19608.6	29039.7	341.99	1286.97	121.737	57.8379	4.97505	0	0	10.3997	4372.7	1503.55	2337.72	43.6745	46.1334	4.34227	5.43428	16.4447	0	0	0.123172
setup	0	2019-08-20 23:00:00	0	0.0346059	3.75183	0.000203146	0	0.000180935	0.00106755	0.000521558	0.000587837	0.000505692	1.69905e-06	0	0	0	0	0.296572	0	0.0135196	0.0136256	-1.6263e-15	0.361307	0.339584	0.00630039	0.000211635	227.858	40858	19610.3	29040.2	341.787	1281.99	122.03	58.6195	5.01118	0	0	10.3862	4372.9	1503.75	2337.74	43.7039	45.958	4.35343	5.50233	16.5052	0	0	0.123392
setup	0	2019-08-21 23:00:00	0	0.0677908	3.79165	0.000193712	0	0.000159214	0.000877805	0.000532195	0.000586137	0.000492293	1.85401e-06	0	0	0	0	0.296215	0	0.0135021	0.0136256	-1.6263e-15	0.372894	0.348818	0.00616743	0.000220553	227.591	40859.5	19611.9	29040.8	341.464	1277.03	122.177	59.5944	5.06434	0	0	10.3727	4373.1	1503.95	2337.77	43.7129	45.7831	4.35937	5.58546	16.5766	0	0	0.123613
setup	0	2019-08-22 23:00:00	0	0.120988	3.77675	0.00017482	0	0.000155107	0.000814619	0.000527327	0.000559821	0.000473566	1.98315e-06	0	0	0	0	0.295869	0	0.0134845	0.0136256	-1.6263e-15	0.359049	0.337874	0.00599127	0.000225486	227.327	40860.9	19613.6	29041.3	341.072	1272.08	122.29	60.6725	5.11872	0	0	10.3592	4373.3	1504.15	2337.81	43.7427	45.6087	4.36407	5.67189	16.6252	0	0	0.123737
setup	0	2019-08-23 23:00:00	0	0.20474	3.80469	0.000145257	0	0.000153594	0.000743193	0.000536061	0.000551765	0.000455151	2.24755e-06	0	0	0	0	0.295525	0	0.013467	0.0136256	-1.6263e-15	0.390772	0.357363	0.00580975	0.000237807	227.066	40862.3	19615.2	29041.9	340.552	1267.14	122.273	61.9453	5.1949	0	0	10.3457	4373.5	1504.34	2337.84	43.7083	45.4348	4.36409	5.77971	16.7158	0	0	0.124273
setup	0	2019-08-24 23:00:00	0	0.318792	3.69591	0.000121475	0	0.000162443	0.000722138	0.000522636	0.000498623	0.00042652	2.21984e-06	0	0	0	0	0.295186	0	0.0134495	0.0136256	-1.6263e-15	0.350924	0.3356	0.0055337	0.000230202	226.771	40863.8	19616.8	29042.4	340.056	1262.23	122.401	63.1686	5.2489	0	0	10.3323	4373.7	1504.54	2337.87	43.7314	45.2618	4.36931	5.89216	16.7482	0	0	0.123774
setup	0	2019-08-25 23:00:00	0	0.449923	3.85983	0.000176511	0	0.000161778	0.000843167	0.000533972	0.000534885	0.000465086	2.17786e-06	0	0	0	0	0.294803	0	0.013432	0.0136258	-1.6263e-15	0.387864	0.357614	0.00570357	0.0002285	226.432	40865.1	19618.3	29043.1	339.801	1257.35	122.419	64.1381	5.2358	0	0	10.3189	4373.9	1504.74	2337.94	43.7154	45.0896	4.37059	6.00626	16.8152	0	0	0.12384
setup	0	2019-08-26 23:00:00	0	0.622298	3.7004	0.000175374	0	0.00015802	0.000817172	0.000514609	0.000488517	0.000421189	2.32058e-06	0	0	0	0	0.294361	0	0.0134145	0.0136256	-1.6263e-15	0.355189	0.334624	0.00530342	0.000231125	226.04	40866.5	19620	29043.7	339.368	1252.48	122.492	65.2857	5.31148	0	0	10.3054	4374.1	1504.93	2337.99	43.7315	44.9181	4.37382	6.10186	16.8691	0	0	0.124214
setup	0	2019-08-27 23:00:00	0	0.834818	3.57123	0.000164075	0	0.000157459	0.000759798	0.000495589	0.000434877	0.000379793	2.42566e-06	0	0	0	0	0.293852	0	0.0133971	0.0136256	-1.6263e-15	0.358028	0.333866	0.00493239	0.000230233	225.539	40868	19621.7	29044.4	338.819	1247.64	122.632	66.5821	5.40061	0	0	10.2921	4374.29	1505.13	2338.02	43.7105	44.7474	4.37947	6.21378	16.9384	0	0	0.124055
setup	0	2019-08-28 23:00:00	0	1.05562	3.37628	0.000203802	0	0.000158117	0.000847029	0.000467482	0.000369747	0.000338082	2.48006e-06	0	0	0	0	0.2932	0	0.0133797	0.0136256	-1.6263e-15	0.33293	0.317949	0.00456147	0.000223374	224.882	40869.8	19623.6	29045.3	338.223	1242.83	122.964	67.9125	5.48921	0	0	10.2787	4374.49	1505.32	2338.05	43.6966	44.5778	4.39195	6.32277	17.0009	0	0	0.124074
setup	0	2019-08-29 23:00:00	0	1.30608	3.23222	0.000204536	0	0.000153672	0.000777246	0.000436666	0.000317137	0.000297274	2.53143e-06	0	0	0	0	0.292346	0	0.0133623	0.0136256	-1.6263e-15	0.337417	0.313365	0.00415741	0.00021918	224.05	40871.6	19625.7	29046.2	337.504	1238.04	123.347	69.4089	5.60743	0	0	10.2653	4374.68	1505.51	2338.07	43.6385	44.4091	4.40628	6.44411	17.0859	0	0	0.123973
setup	0	2019-08-30 23:00:00	0	1.53707	3.03264	0.000185882	0	0.000155452	0.000817641	0.000406917	0.00025424	0.000257493	2.47058e-06	0	0	0	0	0.291265	0	0.0133449	0.0136256	-1.6263e-15	0.294821	0.287605	0.00373727	0.000207044	222.939	40873.6	19627.9	29047.3	336.725	1233.29	123.901	70.9757	5.72414	0	0	10.252	4374.88	1505.71	2338.1	43.621	44.2415	4.42671	6.56712	17.1317	0	0	0.123615
setup	0	2019-08-31 23:00:00	0	1.77075	8.26585	0.000181376	0	0.000156791	0.000944902	0.00072239	0.0014644	0.00433542	4.55009e-07	0	0	0	0	0.289821	0	0.0133276	0.0136932	-1.6263e-15	0.69608	0.508422	0.0121944	0.000229362	221.554	40870.4	19624.9	29047.1	342.29	1228.51	121.75	64.3192	5.0319	0	0	10.2386	4375.07	1505.89	2338.78	43.9992	44.0732	4.35011	6.39197	17.15	0	0	0.138002
setup	0	2019-09-01 23:00:00	0	2.00024	11.6284	0.000175592	0	0.000191096	0.00095756	0.00118779	0.00251278	0.0052884	2.65512e-07	0	0	0	0	0.28802	0	0.0133102	0.013924	-1.6263e-15	0.983431	0.809924	0.0233116	0.000265173	220.071	40863.8	19617.8	29054.9	351.934	1223.6	118.792	51.6281	3.76259	0	0	10.2253	4375.24	1505.48	2341.41	44.8952	43.9002	4.24476	5.46345	17.4191	0	0	0.139008
setup	0	2019-09-02 23:00:00	0	2.55981	9.20696	0.000210661	0	0.000172536	0.0011158	0.0010746	0.00272371	0.00457828	2.66773e-07	0	0	0	0	0.286093	0	0.0132929	0.0136256	0.394036	0.714433	0.591014	0.0255642	0.000301382	218.43	40859.5	19613.5	29051.8	358.456	1218.7	116.329	42.7128	3.6865	0	0	10.212	4375.01	1505.16	2341.34	45.8363	43.7274	4.15714	4.53883	17.2159	0	0	0.150211
setup	0	2019-09-03 23:00:00	0	3.49256	7.86516	0.000199001	0	0.000189721	0.00118614	0.00133492	0.0034499	0.00450518	3.40116e-07	0	0	0	0	0.283959	0	0.00703609	0.0136256	0.49354	0.738488	0.618037	0.0244507	0.000331379	216.452	40856.7	19610.8	29050.7	362.507	1213.82	114.041	37.2118	3.76956	0	0	10.1988	4374.68	1504.95	2341.28	46.3088	43.5493	4.07577	3.9504	17.0404	0	0	0.151751
setup	0	2019-09-04 23:00:00	0	3.86955	6.79448	0.000190213	0	0.00021261	0.00125575	0.00166237	0.00443028	0.00338596	6.3103e-07	0	0	0	0	0.281387	0	0.00702694	0.0136256	0.52338	0.691094	0.621891	0.0218334	0.000337274	214.278	40854.8	19609.2	29050.4	364.684	1208.96	112.148	34.1764	3.92855	0	0	10.1922	4374.34	1504.77	2341.2	46.5582	43.3721	4.00852	3.6152	16.8103	0	0	0.142801
setup	0	2019-09-05 23:00:00	0	4.07333	5.96645	0.000165502	0	0.000216978	0.00135141	0.00152098	0.00384316	0.00251668	8.58741e-07	0	0	0	0	0.278562	0	0.00702245	0.0136256	0.529312	0.653325	0.584006	0.0175665	0.000326084	211.975	40853.8	19608.4	29049.9	365.462	1204.13	110.651	32.9334	4.12792	0	0	10.1813	4373.99	1504.61	2340.94	46.6246	43.196	3.95539	3.43826	16.5871	0	0	0.137157
setup	0	2019-09-06 23:00:00	0	4.50858	5.58217	0.000143653	0	0.000241727	0.00149267	0.00137834	0.00331045	0.00206139	1.12719e-06	0	0	0	0	0.275567	0	0.00701491	0.0136256	0.701667	0.686646	0.593285	0.0147161	0.000326755	209.999	40853.1	19607.9	29049.5	365.336	1199.32	109.225	32.8808	4.3414	0	0	10.1711	4373.47	1504.39	2340.47	46.4824	43.0208	3.90473	3.40098	16.2558	0	0	0.134085
setup	0	2019-09-07 23:00:00	0	4.76377	5.01371	8.67316e-05	0	0.000244148	0.00150899	0.00117822	0.00260263	0.00158511	1.18522e-06	0	0	0	0	0.272999	0	0.0070079	0.0136256	0.655269	0.674327	0.588427	0.0115064	0.000308756	207.722	40853	19608.1	29049.3	364.716	1194.55	108.283	33.4105	4.559	0	0	10.1579	4372.99	1504.19	2340	46.2069	42.8469	3.8714	3.40817	16.0428	0	0	0.13205
setup	0	2019-09-08 23:00:00	0	4.52842	4.41051	3.84593e-05	0	0.000241414	0.00170333	0.000985119	0.00196727	0.00118453	1.17336e-06	0	0	0	0.321732	0.270039	0.00700316	0.00699879	0.0136256	0.556125	0.541472	0.504787	0.00903689	0.000272675	205.347	40853.4	19608.8	29049.5	363.831	1190.15	107.895	34.2805	4.75486	0	0	10.1468	4372.62	1504.07	2339.61	46.0434	42.682	3.85785	3.46697	15.7662	0	0	0.129995
setup	0	2019-09-09 23:00:00	0	4.84769	4.18061	1.43042e-05	0	0.000283424	0.00194608	0.000853656	0.00152619	0.000932894	1.40922e-06	0	0	0	0.380888	0.348852	0.00822297	0.00699117	0.0136256	0.749723	0.628492	0.521018	0.00703876	0.000270436	203.839	40854.2	19609.8	29049.9	362.504	1185.83	107.473	35.787	5.08406	0	0	10.1384	4372.05	1503.8	2339.01	45.6265	42.5193	3.84305	3.55534	15.502	0	0	0.129279
setup	0	2019-09-10 23:00:00	0	5.29004	3.86763	0	0	0.000323197	0.00205404	0.000754055	0.00115634	0.000698992	1.52618e-06	0	0	0	0.447695	0.399226	0.0096123	0.00698539	0.0136306	0.790909	0.621724	0.519603	0.00498647	0.000259146	202.463	40855.2	19611.1	29050.5	360.957	1181.61	107.315	37.6129	5.42164	0	0	10.1253	4371.44	1503.5	2338.37	45.1311	42.3591	3.83764	3.68805	15.2292	0	0	0.128408
setup	0	2019-09-11 23:00:00	0	5.64504	3.57189	0	0	0.000346563	0.00246512	0.00066384	0.000861595	0.00051393	1.6537e-06	0	0	0	0.522452	0.569008	0.0111646	0.0069763	0.0136263	0.833389	0.562386	0.506136	0.00337857	0.000245329	201.653	40856.8	19612.8	29051.4	359.248	1177.5	107.391	39.7004	5.89185	0	0	10.1121	4370.79	1503.17	2337.69	44.6714	42.2019	3.84057	3.85845	14.8411	0	0	0.127746
setup	0	2019-09-12 23:00:00	0	5.88715	3.24875	0	0	0.000448138	0.00295864	0.000576599	0.000613148	0.000361127	1.81147e-06	0	0	0	0.605317	0.667001	0.0129	0.00696724	0.0136256	0.817737	0.618126	0.483435	0.00201662	0.00023459	201.216	40858.7	19614.9	29052.7	357.387	1173.5	107.701	42.0341	6.45489	0	0	10.099	4370.16	1502.82	2337.02	44.0145	42.0476	3.85185	4.0503	14.6329	0	0	0.127668
setup	0	2019-09-13 23:00:00	0	5.59342	2.9114	0	0	0.000460374	0.00337306	0.000486017	0.000402738	0.000252787	1.82927e-06	0	0	0	0.696283	0.586855	0.0148253	0.00695818	0.0136256	0.626881	0.430117	0.353699	0.00109744	0.000210379	200.574	40860.9	19617.3	29054.1	355.515	1169.64	108.35	44.4342	6.88065	0	0	10.0858	4369.74	1502.6	2336.53	43.6489	41.8968	3.87523	4.25661	14.3211	0	0	0.126941
setup	0	2019-09-14 23:00:00	0	5.08881	2.60739	0	0	0.000469088	0.00337181	0.000395632	0.000242452	0.000175293	1.79956e-06	0	0	0	0.796995	0.500142	0.0169696	0.00694913	0.0136256	0.429269	0.380025	0.345166	0.000495089	0.000189421	199.761	40863.3	19619.9	29055.7	353.662	1165.92	109.255	46.8297	7.24753	0	0	10.0727	4369.52	1502.49	2336.21	43.3149	41.7496	3.90772	4.41978	14.2113	0	0	0.126563
setup	0	2019-09-15 23:00:00	0	4.61914	2.34193	0	0	0.000470905	0.00334767	0.000321325	0.000137784	0.000118355	1.77186e-06	0	0	0	0.909903	0.386942	0.0193737	0.0069401	0.0136256	0.33746	0.3057	0.261943	0.000335915	0.000164336	198.609	40865.8	19622.6	29057.3	351.874	1162.34	110.393	49.1541	7.53233	0	0	10.0596	4369.39	1502.44	2335.95	43.0729	41.6062	3.94852	4.6181	14.0616	0	0	0.126021
setup	0	2019-09-16 23:00:00	0	4.20144	2.10536	0	0	0.000482377	0.00341817	0.000243836	5.14902e-05	8.55969e-05	1.60833e-06	0	0	0	1.0361	0.26166	0.0220606	0.00693108	0.0136256	0.281397	0.319017	0.221112	0.00018602	0.000143548	197.071	40868.4	19625.4	29058.9	350.213	1158.93	111.786	51.3396	7.67359	0	0	10.0465	4369.3	1502.41	2335.71	42.7565	41.4669	3.99841	4.74788	14.084	0	0	0.125199
setup	0	2019-09-17 23:00:00	0	3.99621	1.94318	0	0	0.000482852	0.00344439	0.000201348	1.98865e-05	6.61981e-05	1.55154e-06	0	0	0	1.17671	0.256193	0.0250545	0.00692207	0.0136256	0.244354	0.26593	0.176003	0.000111927	0.000129386	195.387	40871.2	19628.4	29060.5	348.665	1155.69	113.35	53.3887	7.81095	0	0	10.0335	4369.24	1502.41	2335.48	42.5129	41.3317	4.05434	4.84721	14.0921	0	0	0.124787
setup	0	2019-09-18 23:00:00	0	3.91106	1.8455	0	0	0.000414228	0.0029355	0.000191627	1.9364e-05	5.46064e-05	1.71434e-06	0	0	0	1.33289	0.254004	0.0283799	0.00691307	0.0136256	0.191776	0.23598	0.178667	8.65842e-05	0.000125753	193.603	40874.1	19631.5	29062.2	347.178	1152.63	114.981	55.3788	7.96054	0	0	10.0235	4369.24	1502.44	2335.28	42.3084	41.2008	4.11265	4.95697	14.1014	0	0	0.124639
setup	0	2019-09-19 23:00:00	0	3.75287	1.7621	0	0	0.000353347	0.00246319	0.000169511	-6.4561e-06	4.71221e-05	1.6772e-06	0	0	0	1.50583	0.251684	0.0320768	0.0069062	0.0136256	0.136091	0.215251	0.15185	8.25241e-05	0.000114394	191.71	40877	19634.6	29063.8	345.784	1149.77	116.719	57.3003	8.04781	0	0	10.027	4369.29	1502.52	2335.11	42.1268	41.0745	4.17468	5.06746	14.1342	0	0	0.123857
setup	0	2019-09-20 23:00:00	0	3.65657	1.70111	0	0	0.000345975	0.00243973	0.000152298	-9.1784e-06	4.23757e-05	1.75812e-06	0	0	0	1.69671	0.249223	0.0362322	0.00690859	0.0136256	0.136427	0.170698	0.127205	8.57108e-05	0.000109017	189.951	40879.9	19637.8	29065.5	344.46	1147.11	118.509	59.1619	8.11743	0	0	10.0322	4369.33	1502.59	2334.93	42.0209	40.9532	4.23851	5.16296	14.1006	0	0	0.123748
setup	0	2019-09-21 23:00:00	0	3.66112	1.65347	0	0	0.000308464	0.002153	0.000153912	-4.14251e-06	3.92438e-05	1.92142e-06	0	0	0	1.90671	0.246937	0.0408291	0.00691221	0.0136256	0.120812	0.202768	0.140654	7.67021e-05	0.000110593	188.196	40882.9	19641	29067.2	343.184	1144.68	120.314	60.9862	8.1943	0	0	10.037	4369.39	1502.66	2334.75	41.8413	40.8373	4.30278	5.26253	14.1473	0	0	0.123684
setup	0	2019-09-22 23:00:00	0	3.62805	1.61521	0	0	0.000278917	0.00190983	0.000145971	-1.03129e-05	3.69089e-05	2.056e-06	0	0	0	2.13699	0.244655	0.048251	0.00727219	0.0136256	0.100562	0.133145	0.118615	7.16335e-05	0.000106616	186.376	40886	19644.2	29068.9	341.958	1142.49	122.145	62.7758	8.25288	0	0	10.0422	4369.47	1502.76	2334.6	41.792	40.7299	4.3679	5.3596	14.09	0	0	0.12366
setup	0	2019-09-23 23:00:00	0	3.59759	1.57532	0	0	0.00026427	0.00178036	0.000139304	-1.26065e-05	3.51767e-05	2.14334e-06	0	0	0	2.38867	0.242288	0.0831976	0.0111925	0.0136256	0.0930966	0.191065	0.123074	6.35509e-05	0.000106092	184.538	40889	19647.5	29070.6	340.774	1140.57	123.987	64.5418	8.30854	0	0	10.0442	4369.55	1502.86	2334.44	41.6196	40.662	4.43332	5.44708	14.1622	0	0	0.123382
setup	0	2019-09-24 23:00:00	0	3.5298	1.54043	0	0	0.000270731	0.00180701	0.000138483	-2.12033e-05	3.40628e-05	2.19518e-06	0	0	0	2.66282	0.2399	0.104421	0.0125748	0.0136256	0.0998474	0.131922	0.119256	5.63097e-05	0.000101704	182.725	40892.1	19650.7	29072.3	339.635	1138.94	125.843	66.2884	8.34794	0	0	10.0448	4369.63	1502.96	2334.29	41.5593	40.6172	4.49925	5.54431	14.1126	0	0	0.122702
setup	0	2019-09-25 23:00:00	0	3.29911	1.49241	0	0	0.00030749	0.00211276	0.000121584	-4.80728e-05	3.33607e-05	1.86383e-06	0	0	0	2.96042	0.237542	0.110814	0.0119784	0.0136256	0.114001	0.162003	0.113979	4.53352e-05	8.9709e-05	180.986	40895.2	19654	29074	338.579	1137.61	127.785	67.982	8.30318	0	0	10.0463	4369.7	1503.05	2334.1	41.4287	40.5787	4.56833	5.62946	14.1226	0	0	0.121925
setup	0	2019-09-26 23:00:00	0	3.46566	1.86422	0	0	0.000237783	0.00163779	0.000149449	2.00359e-05	4.89674e-05	2.03868e-06	0	0	0	3.28234	0.235282	0.108922	0.0105966	0.013683	0.0719417	0.191175	0.152835	0.000186663	0.000106017	179.339	40897.9	19657	29076	337.452	1136.61	129.094	70.2913	7.95657	0	0	10.0494	4369.8	1503.16	2334.07	41.2906	40.5369	4.61478	5.75403	14.1613	0	0	0.123508
setup	0	2019-09-27 23:00:00	0	3.48077	1.64606	0	0	0.000204803	0.00129471	0.000140255	-7.2863e-06	4.06606e-05	2.28843e-06	0	0	0	3.62934	0.233141	0.148817	0.0130642	0.0136256	0.0584095	0.167391	0.12319	0.000100167	0.000104469	177.479	40900.9	19660.1	29077.8	336.358	1135.96	130.636	72.1641	7.99965	0	0	10.0466	4369.92	1503.29	2333.98	41.1781	40.5377	4.66956	5.8574	14.2039	0	0	0.123303
setup	0	2019-09-28 23:00:00	0	3.53193	1.59788	0	0	0.000168676	0.000976711	0.000144037	-2.01465e-06	3.77461e-05	2.77859e-06	0	0	0	4.00202	0.230723	0.164368	0.0130606	0.0136256	0.0214859	0.125002	0.116564	7.32352e-05	0.000110178	175.555	40903.9	19663.3	29079.5	335.289	1135.68	132.254	73.9655	8.05885	0	0	10.0419	4370.08	1503.45	2333.91	41.1404	40.5542	4.72716	5.95561	14.2141	0	0	0.123845
setup	0	2019-09-29 23:00:00	0	3.496	1.56774	0	0	0.000153809	0.000868533	0.000141172	-1.501e-05	3.62607e-05	3.06998e-06	0	0	0	4.40078	0.228221	0.180986	0.0130544	0.0136256	-3.44234e-14	0.124099	0.110831	5.85834e-05	0.000110945	173.591	40906.9	19666.5	29081.2	334.25	1135.8	133.92	75.7476	8.08773	0	0	10.0318	4370.26	1503.63	2333.85	41.0976	40.5873	4.78661	6.04983	14.2497	0	0	0.123612
setup	0	2019-09-30 23:00:00	0	3.52405	1.55598	0	0	0.000149158	0.000766259	0.000143767	-8.4786e-06	3.54998e-05	3.51586e-06	0	0	0	4.82585	0.225668	0.198565	0.0130414	0.0136256	-3.44234e-14	0.124034	0.108475	4.69575e-05	0.000115652	171.609	40909.9	19669.7	29082.9	333.223	1136.35	135.581	77.5354	8.11369	0	0	10.0188	4370.44	1503.81	2333.78	41.052	40.6379	4.84599	6.14498	14.2856	0	0	0.123929
setup	0	2019-10-01 23:00:00	0	3.43355	2.30631	0	0	0.000170099	0.0007742	0.000185946	1.90368e-06	7.66775e-05	2.88925e-06	0	0	0	5.27718	0.223092	0.217136	0.0130244	0.0137562	-3.44234e-14	0.200194	0.177543	0.000654371	0.000122094	169.631	40912.2	19672.1	29084.9	332.247	1137.33	136.182	80.3483	7.37081	0	0	10.0058	4370.61	1503.98	2333.89	40.961	40.7065	4.8675	6.3312	14.3122	0	0	0.123077
setup	0	2019-10-02 23:00:00	0	3.31788	1.8097	0	0	0.000189064	0.00102644	0.000159266	-2.6289e-05	5.47777e-05	2.91395e-06	0	0	0	5.75449	0.22052	0.236775	0.0130075	0.0136256	-3.44234e-14	0.15633	0.13979	0.000256322	0.000113234	167.853	40915	19675.1	29086.8	331.276	1138.79	137.351	82.2717	7.44653	0	0	9.99277	4370.79	1504.16	2333.9	40.9041	40.7947	4.90953	6.46075	14.3427	0	0	0.122535
setup	0	2019-10-03 23:00:00	0	3.33365	1.69214	0	0	0.000172043	0.000934759	0.000154042	-1.18628e-05	4.73568e-05	3.23165e-06	0	0	0	6.25718	0.218209	0.257459	0.0129906	0.0136256	-3.44234e-14	0.148206	0.131562	0.000157365	0.000115735	166.11	40917.9	19678.1	29088.6	330.302	1140.75	138.688	84.1252	7.54914	0	0	9.97978	4370.97	1504.34	2333.87	40.8434	40.9033	4.9577	6.57891	14.3816	0	0	0.123125
setup	0	2019-10-04 23:00:00	0	3.27317	1.61456	0	0	0.000174946	0.000930265	0.00014651	-2.95426e-05	4.35767e-05	3.29644e-06	0	0	0	6.78436	0.215943	0.279151	0.0129737	0.0136256	-3.44234e-14	0.136884	0.124257	0.000100895	0.000111506	164.322	40920.9	19681.3	29090.3	329.359	1143.23	140.171	85.9375	7.60028	0	0	9.96681	4371.15	1504.52	2333.82	40.7908	41.0333	5.01122	6.68998	14.4157	0	0	0.122797
setup	0	2019-10-05 23:00:00	0	3.18799	1.57172	0	0	0.000185049	0.0010087	0.00013965	-3.29061e-05	4.18225e-05	3.24273e-06	0	0	0	7.33477	0.213619	0.301798	0.0129569	0.013654	-3.44234e-14	0.131356	0.120951	6.73966e-05	0.00010699	162.589	40923.9	19684.4	29092	328.444	1146.25	141.735	87.7263	7.61402	0	0	9.95385	4371.33	1504.7	2333.76	40.7412	41.1856	5.06779	6.79978	14.4459	0	0	0.12261
setup	0	2019-10-06 23:00:00	0	3.06357	1.53093	0	0	0.000196373	0.00110846	0.000131781	-4.17115e-05	4.09121e-05	3.04984e-06	0	0	0	7.9068	0.211365	0.325335	0.01294	0.0136256	-3.44234e-14	0.130516	0.119481	4.13623e-05	0.000100601	160.959	40927	19687.7	29093.7	327.565	1149.84	143.369	89.4873	7.59674	0	0	9.94091	4371.51	1504.88	2333.69	40.6867	41.3609	5.12703	6.90867	14.4789	0	0	0.122123
setup	0	2019-10-07 23:00:00	0	3.08487	1.53767	0	0	0.000177589	0.00100254	0.000133765	-1.90579e-05	4.04682e-05	3.30171e-06	0	0	0	8.49847	0.209246	0.34968	0.0129232	0.0136256	-3.44234e-14	0.132905	0.119347	2.29468e-05	0.000104981	159.369	40930	19690.9	29095.4	326.693	1154	144.996	91.2473	7.58311	0	0	9.92799	4371.69	1505.06	2333.61	40.6262	41.56	5.18618	7.01742	14.5174	0	0	0.122909
setup	0	2019-10-08 23:00:00	0	3.14204	1.54735	0	0	0.000157457	0.000870175	0.000139297	-1.5883e-05	4.0569e-05	3.71629e-06	0	0	0	9.10736	0.207179	0.374733	0.0129064	0.0136256	-3.44234e-14	0.130145	0.119403	1.11313e-05	0.000110637	157.694	40933.1	19694.2	29097	325.822	1158.75	146.606	93.0369	7.5607	0	0	9.91508	4371.87	1505.24	2333.54	40.5719	41.7833	5.24489	7.12828	14.5499	0	0	0.123399
setup	0	2019-10-09 23:00:00	0	3.14737	3.14784	0	0	0.000163492	0.000723742	0.000249074	9.47471e-05	0.000162624	3.0774e-06	0	0	0	9.73068	0.205002	0.400381	0.0128896	0.0142248	-3.44234e-14	0.302512	0.253782	0.0017183	0.000133914	156.047	40934.6	19695.8	29099	325.577	1164.08	146.172	95.6602	6.54921	0	0	9.90219	4372.05	1505.42	2333.79	40.4296	42.0305	5.23054	7.42059	14.5604	0	0	0.12297
setup	0	2019-10-10 23:00:00	0	3.03415	2.13827	0	0	0.000190107	0.000969671	0.000189353	-9.58184e-06	9.03376e-05	3.08306e-06	0	0	0	10.3652	0.202861	0.426489	0.0128729	0.013652	-3.44234e-14	0.192465	0.176183	0.000486279	0.000120484	154.507	40937.2	19698.5	29100.9	324.884	1170.03	146.82	97.5436	6.67454	0	0	9.88932	4372.24	1505.6	2333.85	40.3712	42.303	5.25516	7.57556	14.5901	0	0	0.122226
setup	0	2019-10-11 23:00:00	0	2.9665	1.88257	0	0	0.000193032	0.00103284	0.000165808	-2.14181e-05	6.9002e-05	3.13379e-06	0	0	0	11.0073	0.20086	0.452909	0.0128561	0.0136256	-3.44234e-14	0.164861	0.153221	0.000273231	0.000114979	153.072	40940	19701.4	29102.7	324.115	1176.6	147.869	99.3999	6.78017	0	0	9.87647	4372.42	1505.79	2333.85	40.3216	42.601	5.29434	7.70726	14.6206	0	0	0.122362
setup	0	2019-10-12 23:00:00	0	2.90227	1.72542	0	0	0.000190333	0.00103355	0.000150911	-3.25778e-05	5.80528e-05	3.16251e-06	0	0	0	11.6529	0.198993	0.479474	0.0128394	0.0136256	-3.44234e-14	0.150893	0.140211	0.000160754	0.000109607	151.659	40943	19704.6	29104.5	323.338	1183.79	149.183	101.203	6.86221	0	0	9.86363	4372.61	1505.97	2333.82	40.272	42.9246	5.34324	7.82685	14.6542	0	0	0.122294
setup	0	2019-10-13 23:00:00	0	2.85831	1.63898	0	0	0.000186189	0.00101872	0.000142366	-3.32229e-05	5.22354e-05	3.21661e-06	0	0	0	12.2977	0.197157	0.506002	0.0128227	0.0136256	-3.44234e-14	0.143473	0.133143	9.12555e-05	0.000106467	150.269	40946.1	19707.8	29106.3	322.566	1191.6	150.658	102.972	6.92352	0	0	9.8508	4372.8	1506.16	2333.77	40.2208	43.2736	5.39811	7.94075	14.6898	0	0	0.1223
setup	0	2019-10-14 23:00:00	0	2.84166	1.59452	0	0	0.000179159	0.000968157	0.000138167	-3.15405e-05	4.92947e-05	3.33051e-06	0	0	0	12.9366	0.19535	0.532294	0.012806	0.0136256	-3.44234e-14	0.134339	0.127176	4.67919e-05	0.000105368	148.882	40949.3	19711.1	29108.1	321.797	1200.02	152.224	104.739	6.96539	0	0	9.838	4372.99	1506.35	2333.71	40.179	43.6476	5.45645	8.05259	14.7171	0	0	0.122389
setup	0	2019-10-15 23:00:00	0	2.89474	1.59459	0	0	0.000162137	0.000837927	0.00014138	-2.08229e-05	4.8098e-05	3.68883e-06	0	0	0	13.5647	0.193546	0.558136	0.0127894	0.0136256	-3.44234e-14	0.136669	0.12715	2.08106e-05	0.000110511	147.482	40952.5	19714.5	29109.9	321.022	1209.03	153.812	106.535	6.99172	0	0	9.82521	4373.18	1506.54	2333.64	40.1299	44.0459	5.51585	8.16545	14.7499	0	0	0.123101
setup	0	2019-10-16 23:00:00	0	2.90618	1.59942	0	0	0.000191553	0.000803104	0.000143641	-2.85771e-05	4.80885e-05	3.97289e-06	0	0	0	14.1764	0.191727	0.583305	0.0127728	0.0136256	-3.44234e-14	0.135719	0.125973	8.16008e-06	0.00011324	146.038	40955.7	19717.9	29111.6	320.25	1218.62	155.427	108.368	6.98107	0	0	9.81244	4373.37	1506.73	2333.56	40.0819	44.4678	5.57643	8.27943	14.7802	0	0	0.123079
setup	0	2019-10-17 23:00:00	0	2.77939	18.5608	0	0	0.00019174	0.000998216	0.00134052	0.00224593	0.0056712	6.92017e-07	0	0	0	14.7659	0.189849	0.607561	0.0127562	0.0170448	-3.44234e-14	1.50237	0.721075	0.0144017	0.000201165	144.653	40942	19703.3	29117.9	337.255	1228.49	149.238	87.0624	3.31202	0	0	9.79968	4373.54	1506.49	2337.13	40.82	44.9024	5.35721	7.8988	14.7714	0	0	0.127488
setup	0	2019-10-18 23:00:00	0	2.95947	14.6855	0	0	0.000193304	0.00107345	0.000972722	0.00249175	0.00455219	1.8188e-07	0	0	0	15.3273	0.295707	0.630659	0.0127396	0.0147356	0.0352431	0.859242	0.639344	0.014323	0.000230643	144.448	40932.4	19693	29114.4	350.711	1238.79	143.791	68.9237	3.2366	0	0	9.78694	4373.69	1506.32	2338.34	42.5169	45.355	5.16495	6.44299	14.8244	0	0	0.136501
setup	0	2019-10-19 23:00:00	0	3.46708	12.4373	0	0	0.000256206	0.00154904	0.00100963	0.00241704	0.00616186	1.14828e-07	0	0	0	15.8543	0.340136	0.636275	0.0124096	0.0139485	0.444898	0.880005	0.658279	0.0200479	0.000249822	144.457	40925	19685.2	29112.8	359.99	1249.56	138.661	56.7245	3.33351	0	0	9.77968	4373.43	1505.93	2339.04	43.5932	45.8102	4.98422	5.36747	14.6771	0	0	0.148107
setup	0	2019-10-20 23:00:00	0	4.33371	11.131	0	0	0.000268412	0.00141061	0.00101642	0.00289703	0.00554577	1.73596e-07	0	0	0	16.3407	0.435598	0.356748	0.0067382	0.013632	0.408589	0.904054	0.669173	0.0177539	0.000293899	144.83	40919.1	19679.5	29108.8	366.44	1260.75	133.621	48.541	3.5186	0	0	9.80998	4373.19	1505.72	2339.1	44.225	45.9779	4.80666	4.62305	14.6759	0	0	0.161189
setup	0	2019-10-21 23:00:00	0	4.23834	9.9745	7.94744e-05	0	0.000267002	0.00132406	0.00117327	0.00346433	0.00550355	2.53007e-07	0	0	0	16.7803	0.36118	0.369567	0.00675908	0.0136256	0.351388	0.820491	0.63116	0.01696	0.000305578	144.98	40914.4	19674.9	29105.4	370.965	1272.34	128.999	43.044	3.60472	0	0	9.84072	4373.02	1505.61	2339.15	44.7201	46.1578	4.64294	4.1195	14.6275	0	0	0.167461
setup	0	2019-10-22 23:00:00	0	4.16249	9.08443	0.000330198	0	0.000230021	0.00136231	0.00120687	0.00365106	0.00519725	2.93872e-07	0	0	0	17.1666	0.322363	0.381413	0.00678025	0.0136493	0.322953	0.788587	0.613719	0.0157444	0.00030692	145.042	40910.5	19671.4	29103.5	374.162	1284.27	124.858	39.2913	3.65504	0	0	9.8737	4372.88	1505.53	2339.34	45.0651	46.3489	4.49543	3.77182	14.5883	0	0	0.167931
setup	0	2019-10-23 23:00:00	0	3.98562	8.19233	0.00112923	0	5.20794e-05	0.00112047	0.000967692	0.00312764	0.00565763	2.15813e-07	0	0	0	17.4936	0.226645	0.392268	0.00680298	0.0137162	0.257466	0.742318	0.587085	0.0175424	0.000307598	144.819	40907.5	19668.6	29101.9	376.339	1296.49	121.517	36.6143	3.64334	0	0	9.90797	4372.81	1505.49	2339.48	45.2998	46.5503	4.37574	3.50894	14.6076	0	0	0.176596
setup	0	2019-10-24 23:00:00	0	3.69745	7.96034	0.000140315	0	4.97561e-05	0.00113206	0.00129159	0.00315774	0.00426269	2.46451e-07	0	0	0	17.7553	0.188264	0.46516	0.00790119	0.014754	0.173635	0.709577	0.641325	0.0143636	0.000268906	144.303	40904.8	19665.2	29109.4	378.187	1308.9	118.541	34.25	3.60567	0	0	9.93545	4372.84	1505.21	2341.25	45.5785	46.8241	4.26824	3.28897	14.6322	0	0	0.159434
setup	0	2019-10-25 23:00:00	0	3.58719	7.57312	8.32839e-06	0	3.58886e-05	0.000806273	0.000860937	0.00229606	0.00570459	1.23086e-07	0	0	0	17.9459	0.187594	0.600079	0.0100317	0.0171639	0.187927	0.700203	0.58149	0.0177592	0.000262858	143.765	40902.4	19662.3	29111.1	379.513	1321.45	116.036	32.2165	3.6746	0	0	9.94973	4372.85	1504.97	2341.92	45.7822	47.2339	4.17716	3.07551	14.6731	0	0	0.162908
setup	0	2019-10-26 23:00:00	0	3.58917	7.28328	0	0	3.35619e-05	0.000140007	0.00118504	0.00380093	0.00367704	2.52528e-07	0	0	0	18.0601	0.186894	0.595574	0.00985405	0.0138613	0.147063	0.690916	0.563317	0.0136016	0.000277202	143.176	40900.4	19660.1	29111.6	380.294	1334.06	113.619	30.9314	3.82925	0	0	9.96645	4372.9	1504.91	2342.36	45.9348	47.6374	4.08915	2.93647	14.7285	0	0	0.157133
setup	0	2019-10-27 23:00:00	0	3.62265	7.37758	7.61887e-05	0.000234308	4.85656e-05	0.00024464	0.00126986	0.00409331	0.0039146	3.51745e-07	0	0	0	18.0931	0.186128	0.65577	0.0107843	0.0136323	0.166126	0.712481	0.580243	0.0169241	0.000300508	142.585	40898.4	19658.4	29109.8	380.816	1346.65	111.216	29.9275	3.8942	0	0	9.97692	4372.92	1504.96	2342.39	46.0423	48.0999	4.00159	2.83781	14.7747	0	0	0.157832
setup	0	2019-10-28 23:00:00	0	3.61019	7.18591	8.97503e-05	0.000747767	8.82145e-05	0.000689037	0.00134768	0.00436697	0.00372986	4.21284e-07	0	0	0	18.0405	0.185361	0.633702	0.0104136	0.0136256	0.103388	0.669862	0.568878	0.0170518	0.000311048	141.899	40896.6	19656.9	29108.1	381.066	1359.14	109.141	29.1061	3.96916	0	0	9.99089	4373.01	1505.06	2342.48	46.1866	48.5382	3.92598	2.75557	14.8301	0	0	0.155358
setup	0	2019-10-29 23:00:00	0	3.52814	7.01392	8.61429e-05	0.000633686	7.96416e-05	0.000734866	0.00138815	0.00446395	0.00346672	5.04439e-07	0	0	0	17.8986	0.184469	0.718463	0.0118522	0.0136256	0.10819	0.66602	0.564113	0.0168606	0.00031581	141.158	40895	19655.6	29106.6	381.115	1371.43	107.334	28.45	4.04667	0	0	9.99476	4373.1	1505.16	2342.55	46.2988	49.0611	3.86011	2.69372	14.8854	0	0	0.151098
setup	0	2019-10-30 23:00:00	0	3.41686	6.75295	9.57528e-05	0.000480083	6.72834e-05	0.000695017	0.00105825	0.00337908	0.00444069	2.4238e-07	0	0	0	17.6642	0.183506	0.712342	0.011871	0.0138675	0.0431246	0.604913	0.534365	0.0204129	0.000315184	140.33	40893.8	19654.6	29105.4	381.093	1383.46	106.005	27.7075	4.09205	0	0	9.9996	4373.26	1505.31	2342.7	46.4724	49.5763	3.81182	2.62465	14.9416	0	0	0.15748
setup	0	2019-10-31 23:00:00	0	3.27785	6.60022	4.85245e-05	0.000356563	5.70745e-05	0.000694378	0.00106616	0.00361493	0.00466428	2.01561e-07	0	0	0	17.3351	0.182429	0.767957	0.0129995	0.0136399	0.0395164	0.617139	0.535654	0.0223206	0.000320162	139.481	40892.7	19653.9	29104.4	380.931	1395.11	104.909	27.0724	4.12674	0	0	9.99373	4373.42	1505.46	2342.85	46.5805	50.1465	3.7723	2.56784	15.0375	0	0	0.16069
setup	0	2019-11-01 23:00:00	0	3.21364	6.44456	2.35685e-05	0.00026636	4.9339e-05	0.000611246	0.00131151	0.00445814	0.00402881	2.83686e-07	0	0	0	16.9098	0.181326	0.750223	0.0129919	0.0136256	0.0105576	0.588437	0.528729	0.0206926	0.000319576	138.618	40891.9	19653.4	29103.4	380.616	1406.31	103.959	26.662	4.17551	0	0	9.98736	4373.62	1505.65	2342.99	46.7119	50.6969	3.73865	2.53292	15.126	0	0	0.155954
setup	0	2019-11-02 23:00:00	0	3.12201	6.29058	2.01266e-05	0.00020102	4.36101e-05	0.000594582	0.00134959	0.00443253	0.00360316	3.36694e-07	0	0	0	16.3876	0.180204	0.728068	0.0129836	0.0136256	-3.03577e-14	0.589425	0.526237	0.0197824	0.000315716	137.742	40891.2	19653	29102.4	380.221	1416.94	103.187	26.3731	4.22658	0	0	9.97618	4373.83	1505.85	2343.12	46.813	51.2233	3.71197	2.51446	15.2338	0	0	0.151261
setup	0	2019-11-03 23:00:00	0	3.06747	6.17097	2.50051e-05	0.000149672	3.898e-05	0.000593908	0.00135864	0.00434834	0.00334733	3.79557e-07	0	0	0	15.7689	0.179064	0.700846	0.012969	0.0136256	-3.03577e-14	0.5672	0.513006	0.0191446	0.000312916	136.867	40890.7	19652.9	29101.4	379.784	1426.92	102.565	26.1582	4.27643	0	0	9.96321	4374.05	1506.06	2343.24	46.939	51.7206	3.69115	2.50199	15.3133	0	0	0.14729
setup	0	2019-11-04 23:00:00	0	3.05125	6.17057	1.61747e-05	0.000106535	3.49516e-05	0.000541332	0.0013844	0.0043504	0.00314999	4.31425e-07	0	0	0	15.0547	0.177928	0.669105	0.0129522	0.0136256	-3.03577e-14	0.581987	0.523179	0.0186373	0.000314607	135.929	40890.3	19652.7	29100.7	379.331	1436.15	101.985	25.9844	4.31011	0	0	9.95025	4374.26	1506.27	2343.39	47.0401	52.1842	3.67233	2.49669	15.4091	0	0	0.142895
setup	0	2019-11-05 23:00:00	0	3.05158	6.17521	1.04219e-05	7.04131e-05	3.14526e-05	0.000487252	0.00143611	0.00437592	0.00277302	6.77573e-07	0	0	0	14.2473	0.176708	0.633221	0.0129353	0.0136256	-3.03577e-14	0.586562	0.52886	0.0175333	0.000317086	134.793	40889.9	19652.6	29100.1	378.8	1444.53	101.443	25.8823	4.35469	0	0	9.93732	4374.48	1506.48	2343.56	47.144	52.6099	3.65525	2.49349	15.5026	0	0	0.137822
setup	0	2019-11-06 23:00:00	0	3.09124	6.33831	8.08723e-06	4.53379e-05	2.88965e-05	0.000405503	0.00140953	0.00412758	0.00263749	8.38845e-07	0	0	0	13.3498	0.175232	0.593331	0.0129185	0.0136256	-3.03577e-14	0.604688	0.540465	0.0172055	0.00033133	133.533	40889.3	19652.4	29099.1	378.202	1451.96	100.768	25.8643	4.39026	0	0	9.9244	4374.7	1506.69	2343.69	47.2496	52.9935	3.63377	2.49917	15.5916	0	0	0.135208
setup	0	2019-11-07 23:00:00	0	3.08013	6.2816	8.78397e-06	2.98462e-05	2.7212e-05	0.000324945	0.00136584	0.00387086	0.0024781	9.04185e-07	0	0	0	12.3662	0.173593	0.549615	0.0129017	0.0136256	-3.03577e-14	0.611405	0.546999	0.0167838	0.000335492	132.061	40888.8	19652.3	29098.1	377.572	1458.38	100.228	25.8262	4.44172	0	0	9.9115	4374.92	1506.9	2343.8	47.3374	53.3318	3.6174	2.50221	15.698	0	0	0.133848
setup	0	2019-11-08 23:00:00	0	3.02247	6.14908	5.53314e-06	1.56769e-05	2.56718e-05	0.000378272	0.00131653	0.00361731	0.00233311	9.19728e-07	0	0	0	11.3015	0.17168	0.502295	0.0128849	0.0136256	-3.03577e-14	0.605082	0.544109	0.0164567	0.000331995	130.476	40888.5	19652.3	29097.2	376.933	1463.72	99.8755	25.7822	4.49228	0	0	9.89861	4375.15	1507.12	2343.9	47.4147	53.6216	3.60804	2.50709	15.8088	0	0	0.13297
setup	0	2019-11-09 23:00:00	0	2.9546	6.03666	2.17574e-06	3.9063e-06	2.4366e-05	0.000446667	0.00128344	0.00343606	0.00223139	9.57127e-07	0	0	0	10.1616	0.169619	0.45163	0.0128682	0.0136256	-3.03577e-14	0.581766	0.530118	0.0162693	0.000328307	128.865	40888.4	19652.5	29096.4	376.282	1467.9	99.6572	25.7663	4.53692	0	0	9.88575	4375.37	1507.34	2344	47.5195	53.8599	3.60366	2.51277	15.89	0	0	0.131804
setup	0	2019-11-10 23:00:00	0	2.90353	6.01727	1.05184e-06	2.72596e-07	2.38251e-05	0.000408216	0.00126901	0.00331095	0.00216398	9.86242e-07	0	0	0	8.95308	0.167524	0.397919	0.0128515	0.0136256	-3.03577e-14	0.591685	0.53705	0.0160192	0.000329889	127.228	40888.2	19652.7	29095.6	375.616	1470.85	99.4721	25.7849	4.57148	0	0	9.87289	4375.6	1507.57	2344.1	47.6031	54.0436	3.60061	2.52159	15.9889	0	0	0.130897
setup	0	2019-11-11 23:00:00	0	2.85057	6.00019	2.97171e-08	0	2.36231e-05	0.000405092	0.0012586	0.00321056	0.00209515	1.03949e-06	0	0	0	7.68348	0.165396	0.341492	0.0128348	0.0136256	-3.03577e-14	0.598447	0.542949	0.0158737	0.000332551	125.585	40888.1	19652.9	29094.9	374.933	1472.53	99.3093	25.8349	4.60536	0	0	9.86006	4375.82	1507.79	2344.19	47.6728	54.1702	3.59846	2.5364	16.096	0	0	0.130322
setup	0	2019-11-12 23:00:00	0	2.76921	5.8796	2.05294e-09	0	2.34721e-05	0.000410037	0.00122448	0.00305447	0.00198972	1.0427e-06	0	0	0	6.36095	0.16326	0.282712	0.0128181	0.0136256	-3.03577e-14	0.581965	0.531754	0.0155453	0.000327847	123.948	40888.1	19653.2	29094.2	374.246	1472.88	99.2776	25.8905	4.6443	0	0	9.84724	4376.05	1508.01	2344.28	47.7548	54.2378	3.60106	2.54822	16.1905	0	0	0.129712
setup	0	2019-11-13 23:00:00	0	2.6521	5.66782	3.6025e-09	0	2.33442e-05	0.00049638	0.00117502	0.00286665	0.00185876	1.00833e-06	0	0	0	4.99423	0.161133	0.221968	0.0128014	0.0136256	-3.03577e-14	0.560362	0.519927	0.0150977	0.000316793	122.358	40888.3	19653.8	29093.6	373.572	1471.88	99.4503	25.9511	4.6864	0	0	9.83444	4376.28	1508.24	2344.36	47.8391	54.2448	3.61105	2.56178	16.2779	0	0	0.128934
setup	0	2019-11-14 23:00:00	0	2.54898	5.56575	5.58933e-09	0	2.32207e-05	0.00052125	0.00113974	0.00273691	0.00177549	1.00408e-06	0	0	0	3.5926	0.159065	0.159673	0.0127848	0.0136256	-3.03577e-14	0.575181	0.526802	0.0149005	0.000310536	120.839	40888.7	19654.5	29093.2	372.9	1469.48	99.6859	26.0606	4.71899	0	0	9.82166	4376.51	1508.46	2344.43	47.8742	54.1899	3.62327	2.58372	16.399	0	0	0.128302
setup	0	2019-11-15 23:00:00	0	2.38955	5.2015	5.82718e-09	0	2.30873e-05	0.000554049	0.00105855	0.00248384	0.00160357	8.90653e-07	0	0	0	2.16573	0.157091	0.0962559	0.0127682	0.0136256	-3.03577e-14	0.523389	0.493928	0.0141413	0.0002892	119.374	40889.3	19655.5	29092.9	372.287	1465.69	100.284	26.1099	4.76288	0	0	9.80889	4376.74	1508.69	2344.49	47.9423	54.0726	3.64855	2.59529	16.491	0	0	0.127301
setup	0	2019-11-16 23:00:00	0	2.42792	5.80576	9.81283e-09	0	2.29327e-05	0.000506719	0.00117552	0.00278178	0.00180218	1.18984e-06	0	0	0	0.723613	0.155187	0.0321609	0.0127516	0.0136256	-3.03577e-14	0.584475	0.537966	0.0152855	0.000323746	118.023	40889.4	19655.8	29092.3	371.527	1460.45	100.099	26.4923	4.7555	0	0	9.79614	4376.97	1508.92	2344.58	48.0068	53.8906	3.64529	2.64413	16.5754	0	0	0.127573
setup	0	2019-11-17 23:00:00	0	2.36959	5.68858	4.01798e-09	0	2.27643e-05	0.000302415	0.00115948	0.00267563	0.001709	1.25134e-06	0	0	0	0	0.15343	0	0.012735	0.0136256	-3.03577e-14	0.570081	0.527121	0.0147632	0.000327192	116.585	40889.5	19656.3	29091.7	370.781	1454.5	100.079	26.7683	4.79242	0	0	9.7834	4377.2	1509.14	2344.66	48.0869	53.6771	3.6479	2.67147	16.6585	0	0	0.127468
setup	0	2019-11-18 23:00:00	0	2.28703	5.70294	3.77654e-09	0	2.26503e-05	0.000309926	0.00115459	0.0026215	0.00165657	1.30517e-06	0	0	0	0	0.151561	0	0.0127184	0.0136256	-3.03577e-14	0.590688	0.540475	0.0145999	0.000333016	115.21	40889.7	19656.8	29091.1	370.027	1448.57	100.021	27.0704	4.81882	0	0	9.77068	4377.42	1509.36	2344.75	48.1304	53.4644	3.64899	2.70641	16.7696	0	0	0.127352
setup	0	2019-11-19 23:00:00	0	2.19078	5.67213	3.50667e-09	0	2.26017e-05	0.000302766	0.00114479	0.00255186	0.00159606	1.35006e-06	0	0	0	0	0.149773	0	0.0127019	0.0136256	-3.03577e-14	0.578235	0.535649	0.0143658	0.00033473	113.878	40889.8	19657.2	29090.5	369.271	1442.67	99.9788	27.3738	4.84793	0	0	9.75798	4377.65	1509.58	2344.83	48.1962	53.2525	3.65047	2.74312	16.8597	0	0	0.127022
setup	0	2019-11-20 23:00:00	0	2.06438	5.54791	4.86643e-09	0	2.26084e-05	0.000362428	0.0011156	0.00243898	0.00150938	1.36108e-06	0	0	0	0	0.148042	0	0.0126854	0.0136256	-3.03577e-14	0.573697	0.534371	0.0140886	0.000330231	112.602	40890	19657.8	29090	368.527	1436.8	100.043	27.6679	4.87917	0	0	9.74529	4377.88	1509.81	2344.91	48.2488	53.0417	3.6557	2.78411	16.9558	0	0	0.126782
setup	0	2019-11-21 23:00:00	0	1.97898	5.67902	4.90495e-09	0	2.26508e-05	0.000293508	0.00113319	0.00244616	0.00150892	1.49795e-06	0	0	0	0	0.146383	0	0.0126689	0.0136256	-3.03577e-14	0.594565	0.545556	0.0141409	0.000343611	111.397	40890.1	19658.2	29089.4	367.721	1430.94	99.9114	28.0777	4.90013	0	0	9.73263	4378.1	1510.02	2345	48.2884	52.8315	3.65366	2.82741	17.065	0	0	0.12672
setup	0	2019-11-22 23:00:00	0	1.85953	5.61841	3.76589e-09	0	2.273e-05	0.000254157	0.00112711	0.00238238	0.00145143	1.56383e-06	0	0	0	0	0.144817	0	0.0126524	0.0136256	-3.03577e-14	0.585676	0.544375	0.0138828	0.000345952	110.226	40890.2	19658.6	29088.8	366.912	1425.1	99.8365	28.4755	4.92904	0	0	9.71997	4378.32	1510.24	2345.08	48.3376	52.6221	3.65358	2.87466	17.1627	0	0	0.126553
setup	0	2019-11-23 23:00:00	0	1.65884	5.23956	5.19875e-09	0	2.28524e-05	0.000405828	0.00103712	0.00212938	0.00130321	1.33694e-06	0	0	0	0	0.143294	0	0.012636	0.0136256	-3.03577e-14	0.550088	0.518641	0.0131093	0.000318477	109.125	40890.6	19659.4	29088.5	366.239	1419.31	100.182	28.6917	4.96189	0	0	9.70734	4378.55	1510.46	2345.15	48.3858	52.4144	3.66871	2.9084	17.2613	0	0	0.126002
setup	0	2019-11-24 23:00:00	0	1.50343	5.19943	1.28097e-08	0	2.29922e-05	0.000547618	0.00101399	0.00206481	0.00127177	1.36565e-06	0	0	0	0	0.141863	0	0.0126195	0.0136256	-3.03577e-14	0.54729	0.514443	0.0131155	0.000314906	108.152	40891.1	19660.2	29088.1	365.526	1413.55	100.458	29.0438	4.98188	0	0	9.69472	4378.77	1510.68	2345.22	48.429	52.2078	3.68117	2.94947	17.358	0	0	0.125645
setup	0	2019-11-25 23:00:00	0	1.34399	5.0161	1.62764e-08	0	2.30997e-05	0.000490365	0.000976171	0.00194853	0.00120299	1.29488e-06	0	0	0	0	0.140597	0	0.0126031	0.0136256	-3.03577e-14	0.54737	0.515401	0.0127315	0.00030322	107.243	40891.7	19661.2	29087.9	364.857	1407.82	100.891	29.362	5.00528	0	0	9.68211	4379	1510.9	2345.28	48.4371	52.0025	3.69926	2.99446	17.4806	0	0	0.125281
setup	0	2019-11-26 23:00:00	0	1.20331	4.99253	1.73707e-08	0	2.31772e-05	0.000499866	0.000956044	0.00189561	0.00117943	1.30749e-06	0	0	0	0	0.139415	0	0.0125867	0.0136256	-3.03577e-14	0.517678	0.493444	0.0126514	0.000299702	106.423	40892.3	19662.1	29087.7	364.167	1402.12	101.266	29.7652	5.02359	0	0	9.66953	4379.22	1511.12	2345.33	48.501	51.7981	3.71514	3.04192	17.548	0	0	0.125116
setup	0	2019-11-27 23:00:00	0	1.09786	5.1471	1.40455e-08	0	2.32307e-05	0.000387537	0.000990716	0.00194499	0.00119585	1.4806e-06	0	0	0	0	0.13835	0	0.0125704	0.0136256	-3.03577e-14	0.554815	0.519121	0.0127848	0.00031702	105.67	40892.8	19662.9	29087.4	363.37	1396.44	101.384	30.354	5.04149	0	0	9.65696	4379.44	1511.34	2345.4	48.5204	51.5942	3.7216	3.10245	17.6527	0	0	0.124899
setup	0	2019-11-28 23:00:00	0	0.962034	5.03911	1.28253e-08	0	2.3291e-05	0.000348508	0.000968986	0.00185708	0.00114502	1.4935e-06	0	0	0	0	0.137372	0	0.012554	0.0136256	-3.03577e-14	0.547345	0.512234	0.0124561	0.000314301	104.963	40893.3	19663.8	29087.1	362.608	1390.78	101.617	30.8894	5.06305	0	0	9.6444	4379.66	1511.55	2345.46	48.5368	51.3912	3.73217	3.16015	17.7572	0	0	0.124859
setup	0	2019-11-29 23:00:00	0	0.828763	5.02268	1.29397e-08	0	2.33857e-05	0.000362526	0.000969342	0.00182671	0.00111609	1.54781e-06	0	0	0	0	0.136452	0	0.0125377	0.0136256	-3.03577e-14	0.543659	0.513671	0.0123223	0.000317245	104.334	40893.9	19664.6	29086.8	361.831	1385.14	101.818	31.4744	5.08257	0	0	9.63187	4379.88	1511.77	2345.52	48.5573	51.189	3.7415	3.22363	17.8575	0	0	0.12471
setup	0	2019-11-30 23:00:00	0	0.694921	4.92824	1.28618e-08	0	2.35122e-05	0.000354449	0.000945494	0.00175165	0.00106836	1.49825e-06	0	0	0	0	0.135635	0	0.0125214	0.0136256	-3.03577e-14	0.544178	0.515502	0.0120341	0.000309574	103.773	40894.5	19665.5	29086.6	361.105	1379.53	102.105	32.0057	5.10146	0	0	9.61934	4380.1	1511.98	2345.58	48.5621	50.9879	3.75393	3.29698	17.9603	0	0	0.124706
setup	0	2019-12-01 23:00:00	0	0.571658	4.86099	1.39404e-08	0	2.36656e-05	0.000409018	0.000914254	0.00166616	0.00103646	1.49253e-06	0	0	0	0	0.134905	0	0.0125051	0.0136256	-3.03577e-14	0.530661	0.498298	0.0118776	0.000305575	103.284	40895.1	19666.5	29086.5	360.392	1373.95	102.413	32.5558	5.11907	0	0	9.60684	4380.31	1512.19	2345.64	48.5822	50.7877	3.76704	3.35206	18.0594	0	0	0.123948
setup	0	2019-12-02 23:00:00	0	0.465783	4.83171	1.40843e-08	0	2.38281e-05	0.000399776	0.000913941	0.00163963	0.00101103	1.52671e-06	0	0	0	0	0.13427	0	0.0124889	0.0136256	-3.03577e-14	0.508067	0.489235	0.0117428	0.000305882	102.859	40895.8	19667.5	29086.3	359.663	1368.39	102.697	33.1562	5.13658	0	0	9.59435	4380.54	1512.41	2345.7	48.6407	50.5884	3.77923	3.41372	18.1234	0	0	0.123839
setup	0	2019-12-03 23:00:00	0	0.375048	5.2243	2.3547e-05	0	2.39977e-05	0.00035609	0.000975368	0.00181857	0.00117281	1.50465e-06	0	0	0	0	0.133716	0	0.0124727	0.0137211	-3.03577e-14	0.560707	0.521325	0.0122949	0.00031319	102.487	40896	19668	29085.9	359.412	1362.85	102.697	33.2167	5.08178	0	0	9.58188	4380.75	1512.62	2345.78	48.6928	50.3898	3.78099	3.45791	18.2144	0	0	0.123985
setup	0	2019-12-04 23:00:00	0	0.299437	5.99847	1.20882e-08	0	2.41896e-05	0.000296621	0.00114558	0.00236227	0.00163278	1.465e-06	0	0	0	0	0.133233	0	0.0124564	0.0136433	-3.03577e-14	0.632012	0.569188	0.0139261	0.000331622	102.161	40895.5	19667.8	29085.6	360.005	1357.32	102.18	32.1908	4.9694	0	0	9.56942	4380.96	1512.83	2346.02	48.8198	50.1913	3.76377	3.41461	18.329	0	0	0.124277
setup	0	2019-12-05 23:00:00	0	0.225408	5.45933	1.10425e-08	0	2.4409e-05	0.000298945	0.00109086	0.0021765	0.00143136	1.41936e-06	0	0	0	0	0.132809	0	0.0124402	0.0136256	-3.03577e-14	0.565591	0.530157	0.0129783	0.000319674	101.873	40895.4	19668.1	29085.1	360.099	1351.83	102.024	31.6728	5.01578	0	0	9.55698	4381.18	1513.04	2346.13	48.9601	49.994	3.75974	3.3708	18.4245	0	0	0.123984
setup	0	2019-12-06 23:00:00	0	0.167947	5.43045	1.23083e-08	0	2.46698e-05	0.000337971	0.00109038	0.00215314	0.0013953	1.52839e-06	0	0	0	0	0.132435	0	0.0124241	0.0136256	-3.03577e-14	0.57147	0.534177	0.0130552	0.000327346	101.626	40895.4	19668.4	29084.5	359.912	1346.35	101.75	31.5614	5.05604	0	0	9.54456	4381.39	1513.25	2346.22	49.0676	49.7974	3.75133	3.36228	18.5202	0	0	0.12404
setup	0	2019-12-07 23:00:00	0	0.121463	5.28055	1.15103e-08	0	2.49519e-05	0.000289095	0.00106679	0.00206577	0.00132617	1.52894e-06	0	0	0	0	0.132114	0	0.0124079	0.0136256	-3.03577e-14	0.568517	0.533301	0.0127535	0.000323647	101.408	40895.5	19668.8	29084	359.599	1340.9	101.582	31.6056	5.0975	0	0	9.53215	4381.6	1513.45	2346.32	49.1439	49.6016	3.74676	3.37602	18.6211	0	0	0.123742
setup	0	2019-12-08 23:00:00	0	0.084146	5.14931	1.55727e-08	0	2.52598e-05	0.000358773	0.00104116	0.00198875	0.00127563	1.56214e-06	0	0	0	0	0.13183	0	0.0123918	0.0136256	-3.03577e-14	0.565915	0.528763	0.0126274	0.000321464	101.214	40895.7	19669.3	29083.6	359.187	1335.47	101.491	31.7955	5.12862	0	0	9.51976	4381.81	1513.66	2346.4	49.1909	49.4069	3.74497	3.40201	18.7327	0	0	0.123934
setup	0	2019-12-09 23:00:00	0	0.0564579	5.10219	1.30962e-08	0	2.5577e-05	0.000322253	0.00103671	0.00195168	0.00124163	1.60397e-06	0	0	0	0	0.131578	0	0.0123757	0.0136256	-3.03577e-14	0.557678	0.52798	0.0125174	0.000322796	101.039	40896	19669.9	29083.2	358.695	1330.07	101.394	32.1079	5.15382	0	0	9.50738	4382.03	1513.87	2346.48	49.2407	49.2129	3.74288	3.44217	18.8325	0	0	0.123707
setup	0	2019-12-10 23:00:00	0	0.0346276	4.90104	2.60598e-05	0	2.59134e-05	0.000356566	0.000988074	0.00182582	0.00117726	1.50434e-06	0	0	0	0	0.131351	0	0.0123596	0.0136256	-3.03577e-14	0.53795	0.511235	0.0121878	0.000308187	100.879	40896.4	19670.6	29083	358.235	1324.7	101.506	32.3759	5.17266	0	0	9.49502	4382.24	1514.07	2346.56	49.2888	49.0201	3.74845	3.482	18.9248	0	0	0.123384
setup	0	2019-12-11 23:00:00	0	0.0189559	4.86866	1.63853e-08	0	2.62547e-05	0.000422448	0.000978635	0.00179518	0.00115493	1.56076e-06	0	0	0	0	0.131143	0	0.0123435	0.0136256	-3.03577e-14	0.536403	0.510301	0.0122134	0.000309224	100.73	40896.8	19671.3	29082.7	357.699	1319.36	101.567	32.7828	5.18769	0	0	9.48268	4382.45	1514.28	2346.63	49.3285	48.8283	3.75208	3.52846	19.0201	0	0	0.123356
setup	0	2019-12-12 23:00:00	0	0.00760143	4.81485	1.86543e-08	0	2.65792e-05	0.000366862	0.00096991	0.00175229	0.00112381	1.62732e-06	0	0	0	0	0.13095	0	0.0123275	0.0136256	-3.03577e-14	0.530292	0.506816	0.0121127	0.000310913	100.59	40897.3	19672.1	29082.5	357.115	1314.04	101.637	33.2666	5.20172	0	0	9.47035	4382.66	1514.49	2346.7	49.3667	48.6372	3.75603	3.58298	19.1098	0	0	0.123546
setup	0	2019-12-13 23:00:00	0	0	4.85677	2.37866e-05	0	2.69028e-05	0.000286388	0.000977482	0.00174073	0.00110649	1.74371e-06	0	0	0	0	0.130767	0	0.0123115	0.0136256	-3.03577e-14	0.556267	0.523118	0.0120693	0.000320082	100.455	40897.7	19672.8	29082.2	356.454	1308.73	101.602	33.8712	5.21867	0	0	9.45804	4382.87	1514.69	2346.77	49.36	48.4467	3.75608	3.65048	19.2307	0	0	0.123582
setup	0	2019-12-14 23:00:00	0	0	6.08651	1.26893e-08	0	2.727e-05	0.000293	0.00121789	0.00260887	0.00194617	1.30987e-06	0	0	0	0	0.130592	0	0.0122955	0.0137735	-3.03577e-14	0.632451	0.581925	0.0154617	0.000320253	100.325	40896.8	19672.3	29082.5	357.656	1303.44	101.051	32.1167	4.96913	0	0	9.44574	4383.07	1514.89	2347.15	49.5673	48.2565	3.73722	3.57186	19.3003	0	0	0.12357
setup	0	2019-12-15 23:00:00	0	0	6.27526	1.68179e-08	0	2.7681e-05	0.000370298	0.000902645	0.00204363	0.0029393	3.86455e-07	0	0	0	0	0.130422	0	0.0122795	0.0141784	-3.03577e-14	0.647631	0.594682	0.0181507	0.000328041	100.194	40895.7	19671.5	29081.9	359.037	1298.17	100.276	29.9937	4.88885	0	0	9.43346	4383.27	1515.08	2347.4	49.821	48.067	3.71011	3.39558	19.4231	0	0	0.13064
setup	0	2019-12-16 23:00:00	0	6.2831e-07	6.08943	1.42995e-08	0	2.80804e-05	0.000281291	0.00120518	0.00283766	0.00296944	3.92943e-07	0	0	0	0	0.130252	0	0.0122635	0.0136375	-3.03577e-14	0.628857	0.583157	0.0184266	0.000339006	100.064	40894.8	19671	29081.2	359.756	1292.92	99.4274	28.6593	4.89961	0	0	9.4212	4383.47	1515.27	2347.61	50.0508	47.8779	3.68029	3.26469	19.5257	0	0	0.132743
setup	0	2019-12-17 23:00:00	0	1.10941e-06	5.82929	1.0839e-08	0	2.84846e-05	0.000246118	0.00137239	0.00323745	0.00268793	5.09889e-07	0	0	0	0	0.130083	0	0.0122476	0.0136256	-3.03577e-14	0.636419	0.584716	0.0180015	0.000343981	99.9338	40894.2	19670.6	29080.4	359.986	1287.68	98.6792	27.9278	4.93963	0	0	9.40895	4383.67	1515.46	2347.76	50.1847	47.6896	3.65413	3.18504	19.6631	0	0	0.132033
setup	0	2019-12-18 23:00:00	0	2.08482e-06	5.77498	1.10329e-08	0	2.89172e-05	0.000237765	0.00142171	0.00338443	0.00258426	6.12776e-07	0	0	0	0	0.129914	0	0.0122316	0.0136256	-3.03577e-14	0.614458	0.579171	0.0178108	0.000351901	99.8039	40893.6	19670.3	29079.6	359.923	1282.47	97.8788	27.5794	4.97526	0	0	9.39672	4383.87	1515.66	2347.91	50.3363	47.5019	3.62602	3.15982	19.7406	0	0	0.131005
setup	0	2019-12-19 23:00:00	0	3.55819e-06	5.46199	1.13213e-08	0	2.93826e-05	0.000292303	0.0013722	0.00326779	0.0023729	6.3945e-07	0	0	0	0	0.129745	0	0.0122157	0.0136256	-3.03577e-14	0.600524	0.566109	0.0172111	0.000342906	99.6742	40893.2	19670.3	29078.9	359.711	1277.29	97.3645	27.391	5.02248	0	0	9.38451	4384.07	1515.85	2348.03	50.44	47.3153	3.60837	3.14315	19.844	0	0	0.129955
setup	0	2019-12-20 23:00:00	0	6.59825e-06	5.54244	1.2601e-08	0	2.98681e-05	0.000318151	0.00145631	0.00353342	0.00237534	7.45701e-07	0	0	0	0	0.129576	0	0.0121999	0.0136256	-3.03577e-14	0.627321	0.589242	0.0173496	0.00034577	99.5446	40892.8	19670.2	29078.8	359.515	1272.12	96.7842	27.2355	4.98279	0	0	9.37231	4384.27	1516.05	2348.26	50.5067	47.1295	3.58827	3.15077	19.9618	0	0	0.127618
setup	0	2019-12-21 23:00:00	0	1.06368e-05	5.75085	1.39066e-08	0	3.03779e-05	0.0002874	0.00119908	0.00291137	0.00275682	5.275e-07	0	0	0	0	0.129408	0	0.012184	0.0137798	-3.03577e-14	0.633758	0.594868	0.0193367	0.000350142	99.4153	40892.2	19669.8	29078.4	359.599	1266.98	96.1483	26.6087	4.95235	0	0	9.36012	4384.47	1516.22	2348.48	50.6417	46.9441	3.56612	3.09519	20.0734	0	0	0.13037
setup	0	2019-12-22 23:00:00	0	1.70542e-05	5.50768	1.23973e-08	0	3.08919e-05	0.00029324	0.00136363	0.00335325	0.00258592	5.5143e-07	0	0	0	0	0.12924	0	0.0121682	0.0136256	-3.03577e-14	0.621841	0.585088	0.0186513	0.000349676	99.2861	40891.7	19669.7	29077.8	359.392	1261.85	95.6339	26.3206	4.98396	0	0	9.34795	4384.67	1516.4	2348.62	50.7337	46.7596	3.5484	3.06509	20.1974	0	0	0.130171
setup	0	2019-12-23 23:00:00	0	3.12299e-05	6.23313	1.65059e-08	0	3.14749e-05	0.000311789	0.000968644	0.00246122	0.00487942	2.50667e-07	0	0	0	0	0.129072	0	0.0121523	0.0140494	-3.03577e-14	0.688021	0.64449	0.0251633	0.000367311	99.1571	40890.5	19668.8	29077.1	359.875	1256.75	94.6679	25.1328	4.87551	0	0	9.3358	4384.86	1516.57	2348.87	50.901	46.5754	3.5141	2.98054	20.3101	0	0	0.137272
setup	0	2019-12-24 23:00:00	0	4.92095e-05	6.13379	1.30528e-08	0	3.20278e-05	0.00017744	0.00141633	0.00379285	0.00482324	3.2265e-07	0	0	0	0	0.128904	0	0.0121365	0.0136317	-3.03577e-14	0.691657	0.642681	0.0248962	0.000382212	99.0283	40889.4	19668	29076.2	359.971	1251.65	93.692	24.3158	4.86231	0	0	9.32367	4385.05	1516.73	2349.07	51.0312	46.3916	3.47944	2.90235	20.4507	0	0	0.139837
setup	0	2019-12-25 23:00:00	0	8.6688e-05	6.28605	1.20037e-08	0	3.26472e-05	0.000150821	0.00208294	0.00572389	0.00390889	6.3739e-07	0	0	0	0	0.128737	0	0.0121208	0.0139374	-3.03577e-14	0.729088	0.703624	0.0253339	0.000383985	98.8997	40888.2	19666.9	29079.3	359.909	1246.55	92.7313	23.6151	4.73675	0	0	9.31154	4385.24	1516.77	2349.99	51.1512	46.2075	3.44536	2.81032	20.6211	0	0	0.131659
setup	0	2019-12-26 23:00:00	0	0.000135545	6.14481	1.37928e-08	0	3.3394e-05	0.000260543	0.000999061	0.0025714	0.00578463	1.31723e-07	0	0	0	0	0.12857	0	0.012105	0.0139235	-3.03577e-14	0.75445	0.786691	0.0381795	0.000382087	98.7715	40887	19665.7	29082.2	359.753	1241.47	91.967	22.8275	4.71604	0	0	9.29944	4385.44	1516.64	2350.85	51.2043	46.0238	3.41849	2.72903	20.8444	0	0	0.139214
setup	0	2019-12-27 23:00:00	0	0.000228574	6.60853	0.0030747	0.0255241	0.0072249	0.00473076	0.00210783	0.00473458	0.00440386	2.51297e-07	0	0	0	0	0.128403	0	0.0120893	0.0138763	-3.03577e-14	1.35053	1.23673	0.0120769	0.000399388	98.6436	40885.4	19661.4	29097.4	359.408	1236.39	90.911	22.1596	4.64137	0	0	9.28735	4385.59	1513.35	2351.28	50.0872	45.8398	3.38088	2.54257	22.2043	0	0	0.136329
setup	0	2019-12-28 23:00:00	0	0.000324688	6.30031	0.0204062	0.17228	0.115753	0.0176344	0.00147443	0.00394883	0.00310292	2.70634e-07	0	0	0	0	0.128237	0	0.0120736	0.0142735	-3.03577e-14	0.875229	0.807116	0.0135518	0.000350548	98.516	40884	19658.7	29102.1	358.837	1231.34	90.1161	21.6397	4.61883	0	0	9.27528	4385.47	1512.47	2351.24	49.8142	45.6566	3.3529	2.42846	22.403	0	0	0.167486
setup	0	2019-12-29 23:00:00	0	0.000512965	6.17758	0.00972666	0.082864	0.113646	0.00770679	0.00132808	0.00452734	0.00352966	3.21481e-07	0	0	0	0	0.128071	0	0.0120579	0.0136296	-3.03577e-14	0.677709	0.633097	0.0220405	0.000357646	98.3891	40882.8	19657.8	29100.6	358.134	1226.3	89.2774	21.3033	4.64983	0	0	9.26322	4385.46	1512.65	2351.35	49.9169	45.4741	3.32337	2.38587	22.326	0	0	0.186869
setup	0	2019-12-30 23:00:00	0	0.000747172	5.84232	6.77275e-05	4.63067e-07	0.00928348	7.8675e-05	0.00135909	0.00481848	0.00364934	3.52397e-07	0	0	0	0	0.127906	0	0.0120422	0.0136256	-3.03577e-14	0.654096	0.619182	0.0244315	0.000370851	98.2627	40881.8	19657.2	29099.4	357.333	1221.29	88.7402	21.0389	4.74251	0	0	9.25118	4385.63	1512.84	2351.46	49.9847	45.2928	3.30484	2.35947	22.4513	0	0	0.175841
setup	0	2019-12-31 23:00:00	0	0.00109407	5.71725	7.80252e-05	0	0.00932964	0.000461609	0.0014235	0.00497504	0.00363955	3.74344e-07	0	0	0	0	0.127741	0	0.0120265	0.0136256	-3.03577e-14	0.641195	0.612709	0.0244383	0.000377911	98.1371	40881	19656.8	29098.2	356.491	1216.31	88.2765	20.8985	4.81363	0	0	9.23915	4385.81	1513.03	2351.56	50.0463	45.1126	3.28894	2.35028	22.5664	0	0	0.166235
setup	0	2020-01-01 23:00:00	0	0.00430693	5.75148	7.72551e-05	0	0.00937056	0.000460548	0.00150503	0.00517862	0.00369133	4.18149e-07	0	0	0	0	0.12773	0	0.0120109	0.0136256	-3.03577e-14	0.649803	0.619876	0.0245408	0.000389754	98.0132	40880.1	19656.2	29097	355.64	1211.36	87.7511	20.8178	4.86231	0	0	9.22714	4385.99	1513.22	2351.66	50.1016	44.9331	3.27072	2.35186	22.6808	0	0	0.15865
setup	0	2020-01-02 23:00:00	0	0.0116459	5.65183	7.11926e-05	0	0.00940574	0.000406972	0.00157317	0.00536344	0.00339627	4.97531e-07	0	0	0	0	0.12747	0	0.0119953	0.0136256	-3.03577e-14	0.645139	0.619413	0.0236208	0.000390627	97.89	40879.3	19655.8	29096.2	354.763	1206.42	87.3142	20.7742	4.9139	0	0	9.21514	4386.17	1513.41	2351.81	50.1504	44.7544	3.2557	2.35657	22.7977	0	0	0.151632
setup	0	2020-01-03 23:00:00	0	0.0239042	5.68384	6.38166e-05	0	0.00943534	0.000401292	0.00158388	0.00525671	0.00332841	5.48327e-07	0	0	0	0	0.127257	0	0.0119797	0.0136257	-3.03577e-14	0.656875	0.624797	0.0234349	0.0003969	97.7673	40878.5	19655.3	29095	353.898	1201.51	86.8348	20.7468	4.94526	0	0	9.20316	4386.34	1513.59	2351.91	50.1898	44.5764	3.23908	2.36499	22.9203	0	0	0.146893
setup	0	2020-01-04 23:00:00	0	0.0427003	5.53699	5.70076e-05	0	0.00945954	0.000402566	0.00156961	0.00512662	0.00316739	5.55518e-07	0	0	0	0	0.127097	0	0.0119641	0.0136256	-3.03577e-14	0.64123	0.615654	0.0228352	0.000391693	97.6438	40877.8	19654.9	29093.8	353.045	1196.62	86.4893	20.7048	4.98928	0	0	9.1912	4386.52	1513.78	2352	50.2347	44.3993	3.22733	2.37082	23.0378	0	0	0.143153
setup	0	2020-01-05 23:00:00	0	0.0706041	5.64898	5.22489e-05	0	0.00947846	0.000404851	0.00161476	0.0052282	0.00321123	6.3077e-07	0	0	0	0	0.126937	0	0.0119486	0.0136256	-3.03577e-14	0.653661	0.625878	0.0232005	0.000402413	97.5215	40876.9	19654.4	29092.6	352.207	1191.75	86.0182	20.6804	5.00589	0	0	9.17925	4386.7	1513.97	2352.11	50.2865	44.2229	3.21095	2.38141	23.149	0	0	0.140287
setup	0	2020-01-06 23:00:00	0	0.12038	5.81375	4.77685e-05	0	0.00949228	0.000225291	0.00167065	0.00536818	0.00326248	7.08174e-07	0	0	0	0	0.126778	0	0.011933	0.0136264	-3.03577e-14	0.680629	0.646151	0.0235189	0.000420237	97.3979	40875.9	19653.7	29091.3	351.36	1186.89	85.4033	20.6434	5.01744	0	0	9.16732	4386.87	1514.15	2352.21	50.3321	44.0467	3.18928	2.38886	23.2721	0	0	0.138272
setup	0	2020-01-07 23:00:00	0	0.185529	5.56483	4.3209e-05	0	0.00950124	0.000225441	0.00161768	0.00511405	0.00303392	6.79525e-07	0	0	0	0	0.126617	0	0.0119175	0.0136263	-3.03577e-14	0.65671	0.631427	0.0227581	0.000408609	97.261	40875.1	19653.2	29090.2	350.507	1182.06	85.0348	20.5728	5.06714	0	0	9.1554	4387.05	1514.34	2352.31	50.3762	43.8715	3.17663	2.38962	23.3974	0	0	0.136859
setup	0	2020-01-08 23:00:00	0	0.252447	5.30468	4.17086e-05	0	0.00950557	0.000446687	0.00155267	0.00481845	0.00284574	6.40844e-07	0	0	0	0	0.126439	0	0.011902	0.01363	-3.03577e-14	0.625889	0.608722	0.0222732	0.000389783	97.1063	40874.5	19653	29089.2	349.67	1177.26	84.8803	20.5249	5.11616	0	0	9.1435	4387.23	1514.52	2352.41	50.4228	43.6977	3.1718	2.39306	23.512	0	0	0.135512
setup	0	2020-01-09 23:00:00	0	0.339572	5.33565	4.25529e-05	0	0.00950536	0.000456068	0.00155963	0.00478648	0.00283948	6.85599e-07	0	0	0	0	0.126238	0	0.0118865	0.0136262	-3.03577e-14	0.634883	0.613671	0.0225322	0.000391002	96.9413	40873.9	19652.7	29088.2	348.848	1172.49	84.6527	20.5208	5.13752	0	0	9.13161	4387.4	1514.7	2352.5	50.4595	43.5246	3.16426	2.40354	23.63	0	0	0.134365
setup	0	2020-01-10 23:00:00	0	0.483631	5.55198	4.25622e-05	0	0.00950074	0.000326002	0.00161911	0.00494595	0.00292392	7.94398e-07	0	0	0	0	0.126024	0	0.0118711	0.0136256	-3.03577e-14	0.665247	0.636969	0.0232963	0.000410314	96.7645	40873.1	19652.2	29087	348.015	1167.72	84.2079	20.533	5.14281	0	0	9.11974	4387.57	1514.88	2352.6	50.4919	43.3518	3.14873	2.41635	23.756	0	0	0.133664
setup	0	2020-01-11 23:00:00	0	0.694947	5.64977	4.0753e-05	0	0.00949191	0.000198783	0.00165999	0.005028	0.00293223	8.99687e-07	0	0	0	0	0.125794	0	0.0118557	0.0136256	-3.03577e-14	0.677783	0.648907	0.0235935	0.000426953	96.5518	40872.1	19651.6	29085.7	347.161	1162.97	83.6825	20.5304	5.16007	0	0	9.10789	4387.74	1515.06	2352.71	50.5305	43.1794	3.13025	2.42693	23.882	0	0	0.133246
setup	0	2020-01-12 23:00:00	0	0.960136	5.66373	3.85968e-05	0	0.00947911	9.08489e-05	0.00167174	0.00500572	0.00288178	9.6923e-07	0	0	0	0	0.125517	0	0.0118403	0.0136256	-3.03577e-14	0.680387	0.655035	0.0237433	0.000435856	96.2649	40871.1	19650.9	29084.5	346.282	1158.23	83.1557	20.5247	5.18628	0	0	9.09605	4387.92	1515.24	2352.82	50.5735	43.0074	3.11171	2.43643	24.0064	0	0	0.133301
setup	0	2020-01-13 23:00:00	0	1.19933	5.25093	3.7621e-05	0	0.00946259	0.000203875	0.00156521	0.00457774	0.00261613	8.54095e-07	0	0	0	0	0.125144	0	0.0118249	0.0136443	-3.03577e-14	0.637327	0.623529	0.0227726	0.000407576	95.8273	40870.5	19650.7	29083.5	345.417	1153.53	83.0128	20.4922	5.24958	0	0	9.08422	4388.09	1515.42	2352.92	50.6085	42.8369	3.10724	2.43923	24.1338	0	0	0.133047
setup	0	2020-01-14 23:00:00	0	1.43656	5.37551	3.96879e-05	0	0.00944253	0.000356766	0.00157959	0.00456683	0.00263073	9.31355e-07	0	0	0	0	0.124576	0	0.0118095	0.0136256	-3.03577e-14	0.653528	0.635086	0.0234345	0.000414036	95.2909	40869.8	19650.3	29082.4	344.536	1148.85	82.6998	20.5576	5.26449	0	0	9.07241	4388.26	1515.6	2353.02	50.637	42.667	3.0965	2.45619	24.2581	0	0	0.132923
setup	0	2020-01-15 23:00:00	0	1.83806	5.44475	4.06231e-05	0	0.00941875	0.000240917	0.00160239	0.00456964	0.00260637	1.04257e-06	0	0	0	0	0.123878	0	0.0117941	0.0136256	0.103277	0.681859	0.650877	0.0236968	0.000426776	94.6457	40868.9	19649.8	29081.3	343.621	1144.18	82.3081	20.6514	5.28445	0	0	9.06062	4388.33	1515.7	2353.03	50.6289	42.4976	3.08287	2.47616	24.3125	0	0	0.132907
setup	0	2020-01-16 23:00:00	0	2.48348	5.31955	4.0449e-05	0	0.00938574	0.000296501	0.00157213	0.00440321	0.00246782	1.06904e-06	0	0	0	0	0.123039	0	0.00624277	0.0136256	0.317152	0.711761	0.66722	0.0230901	0.000425298	93.8271	40868.2	19649.4	29080.3	342.687	1139.53	82.0259	20.7612	5.31709	0	0	9.04884	4388.17	1515.64	2352.83	50.5323	42.3235	3.07324	2.49523	24.2369	0	0	0.132994
setup	0	2020-01-17 23:00:00	0	3.11383	5.22885	4.13869e-05	0	0.00933851	0.000391254	0.00153991	0.00424425	0.00232043	1.11168e-06	0	0	0	0	0.121975	0	0.00623465	0.0136256	0.358546	0.71977	0.687331	0.0221819	0.000422823	92.8588	40867.6	19649.1	29079.4	341.723	1134.91	81.8013	20.9341	5.34018	0	0	9.03989	4387.98	1515.55	2352.6	50.3926	42.1503	3.06565	2.51867	24.1617	0	0	0.133048
setup	0	2020-01-18 23:00:00	0	3.53718	5.22889	4.27388e-05	0	0.00928511	0.000385966	0.00151388	0.00408392	0.00218733	1.20931e-06	0	0	0	0	0.120716	0	0.00622849	0.0136256	0.43108	0.730373	0.694488	0.0213789	0.000424288	91.8107	40866.9	19648.8	29078.4	340.701	1130.3	81.5399	21.2011	5.35627	0	0	9.03373	4387.71	1515.41	2352.31	50.2255	41.9778	3.05664	2.55067	24.036	0	0	0.133364
setup	0	2020-01-19 23:00:00	0	3.94072	5.10577	4.32131e-05	0	0.00922359	0.00039701	0.00145716	0.00380986	0.00198287	1.28832e-06	0	0	0	0	0.119354	0	0.00622424	0.0136256	0.487277	0.733861	0.695147	0.0198193	0.000418334	90.6766	40866.3	19648.6	29077.6	339.615	1125.72	81.3549	21.5576	5.38678	0	0	9.02464	4387.39	1515.24	2351.96	50.0146	41.8063	3.05036	2.58987	23.8889	0	0	0.133494
setup	0	2020-01-20 23:00:00	0	4.31174	4.98293	4.335e-05	0	0.00915433	0.00044117	0.00138769	0.0034858	0.00176152	1.38637e-06	0	0	0	0	0.11788	0	0.00621798	0.0136256	0.55705	0.731347	0.690264	0.0180379	0.000410308	89.5527	40865.9	19648.5	29076.9	338.436	1121.16	81.2228	22.065	5.42563	0	0	9.01476	4387.01	1515.01	2351.55	49.7675	41.6357	3.04597	2.64274	23.6946	0	0	0.133233
setup	0	2020-01-21 23:00:00	0	4.64771	4.84692	4.29493e-05	0	0.00907607	0.00045058	0.00130974	0.003122	0.00152592	1.49189e-06	0	0	0	0	0.116419	0	0.00621117	0.0136256	0.603525	0.731645	0.687613	0.0159617	0.000402614	88.4635	40865.5	19648.5	29076.2	337.137	1116.61	81.1403	22.7577	5.4814	0	0	9.00304	4386.57	1514.76	2351.1	49.472	41.466	3.04335	2.71191	23.4857	0	0	0.133059
setup	0	2020-01-22 23:00:00	0	4.80569	4.61852	4.19402e-05	0	0.00898948	0.000484977	0.00120333	0.00268112	0.00126845	1.54764e-06	0	0	0	0	0.115003	0	0.00620309	0.0136256	0.603784	0.705171	0.666011	0.0135747	0.000384284	87.3776	40865.4	19648.7	29075.8	335.73	1112.1	81.1866	23.6331	5.55934	0	0	8.99134	4386.14	1514.51	2350.65	49.1582	41.2974	3.04541	2.7985	23.276	0	0	0.132272
setup	0	2020-01-23 23:00:00	0	4.83397	4.31783	4.09935e-05	0	0.00889711	0.000639551	0.00107488	0.00220353	0.00101961	1.56591e-06	0	0	0	0	0.113591	0	0.00619503	0.0136256	0.61447	0.670754	0.631577	0.0112685	0.000358073	86.3685	40865.5	19649.2	29075.5	334.243	1107.61	81.4191	24.6826	5.65273	0	0	8.97965	4385.7	1514.26	2350.18	48.8245	41.1301	3.05425	2.90179	23.0539	0	0	0.130984
setup	0	2020-01-24 23:00:00	0	4.8033	4.03771	4.03088e-05	0	0.00879847	0.000746105	0.000956099	0.00178491	0.000815368	1.58861e-06	0	0	0	0	0.112279	0	0.00618698	0.0136256	0.578554	0.630063	0.596935	0.00920751	0.0003336	85.4032	40865.9	19650	29075.5	332.683	1103.15	81.805	25.9112	5.75886	0	0	8.96797	4385.29	1514.04	2349.73	48.4887	40.9642	3.06869	3.02156	22.8494	0	0	0.129669
setup	0	2020-01-25 23:00:00	0	4.92635	3.77899	3.96995e-05	0	0.00869601	0.000909819	0.000847726	0.00142235	0.000645423	1.66274e-06	0	0	0	0	0.161327	0	0.00617893	0.0136256	0.670224	0.620502	0.5678	0.00748207	0.000313877	84.7798	40866.6	19651	29075.6	331.041	1098.72	82.3113	27.3334	5.93244	0	0	8.95711	4384.79	1513.75	2349.19	48.0943	40.7994	3.0875	3.15772	22.5882	0	0	0.128582
setup	0	2020-01-26 23:00:00	0	5.03331	3.52593	3.87115e-05	0	0.00858088	0.000979897	0.000754613	0.00112919	0.000513991	1.63086e-06	0	0	0	0.264748	0.202389	0.00456649	0.00617145	0.0136383	0.666387	0.594523	0.548171	0.00593318	0.000289788	84.3216	40867.6	19652.3	29075.9	329.406	1094.58	82.9952	28.8582	6.10301	0	0	8.94546	4384.3	1513.48	2348.65	47.6763	40.6406	3.11281	3.30516	22.3371	0	0	0.127494
setup	0	2020-01-27 23:00:00	0	5.12123	3.30293	3.86258e-05	0	0.00845703	0.00113015	0.000670356	0.000890434	0.000405768	1.64551e-06	0	0	0	0.310544	0.30978	0.00534213	0.00616342	0.0136271	0.668648	0.558946	0.512139	0.0046588	0.000269178	84.23	40868.9	19653.9	29076.5	327.744	1090.52	83.7931	30.5166	6.36925	0	0	8.93383	4383.8	1513.21	2348.1	47.2614	40.4838	3.14226	3.46205	22.0682	0	0	0.126622
setup	0	2020-01-28 23:00:00	0	5.04742	3.09196	3.83938e-05	0	0.00832392	0.00120447	0.000591447	0.000687722	0.00032188	1.59782e-06	0	0	0	0.361654	0.352399	0.00621202	0.00615541	0.0136423	0.632039	0.525912	0.481406	0.00362766	0.000247371	84.3016	40870.4	19655.6	29077.3	326.112	1086.54	84.7448	32.2649	6.59932	0	0	8.92222	4383.34	1512.98	2347.58	46.8477	40.3292	3.17732	3.6256	21.8218	0	0	0.12554
setup	0	2020-01-29 23:00:00	0	5.75382	2.97414	1.79747e-05	0	0.00818102	0.00143367	0.000542627	0.000557953	0.00025289	1.80834e-06	0	0	0	0.418157	0.750281	0.0071791	0.00614741	0.0136256	0.799157	0.546603	0.464321	0.0028009	0.000245502	85.6338	40872.4	19657.8	29078.5	324.361	1082.63	85.664	34.2431	7.25387	0	0	8.91062	4382.71	1512.64	2346.92	46.3462	40.1764	3.21113	3.80061	21.4822	0	0	0.12611
setup	0	2020-01-30 23:00:00	0	6.18273	2.85829	8.20521e-06	0	0.00800333	0.00154135	0.000509261	0.000440503	0.00019583	1.94983e-06	0	0	0	0.481128	0.862344	0.0082602	0.00613942	0.0136256	0.803932	0.522728	0.455346	0.00195145	0.00023885	87.3123	40874.7	19660.2	29079.8	322.562	1078.81	86.6774	36.4586	7.83869	0	0	8.89904	4382.08	1512.33	2346.27	45.836	40.0258	3.24836	3.99381	21.1278	0	0	0.126095
setup	0	2020-01-31 23:00:00	0	6.27903	2.73109	3.14437e-06	0	0.00779689	0.00160736	0.000461357	0.000335608	0.00015275	2.02957e-06	0	0	0	0.55215	0.95734	0.00947955	0.00613144	0.0136256	0.650118	0.470383	0.407674	0.00132631	0.000228111	89.2936	40877.1	19662.8	29081.3	320.767	1075.09	87.7884	38.7838	8.41843	0	0	8.88747	4381.61	1512.14	2345.77	45.3795	39.8774	3.28914	4.19549	20.8662	0	0	0.126108
setup	0	2020-02-01 23:00:00	0	5.89785	9.28831	0.0317058	0.250213	0.924779	0.0269246	0.00080426	0.00136243	0.00215351	4.00869e-07	0	0	0	0.632015	0.915112	0.0108507	0.00612346	0.023234	0.48548	1.08299	0.932189	0.00491182	0.000253276	91.154	40872.9	19653.7	29104.1	326.116	1071.38	86.5534	33.2373	5.53381	0	0	8.87591	4380.09	1510.3	2349.59	45.4623	39.7263	3.24355	3.81337	19.5062	0	0	0.116783
setup	0	2020-02-02 23:00:00	0	6.06733	8.09904	0.0156229	0.121867	0.265693	0.0145158	0.000654945	0.00254789	0.00387762	8.72066e-08	0	0	0	0.72155	1.1798	0.0123879	0.0061155	0.0136256	0.556571	0.851636	0.696074	0.0129028	0.000281991	93.8486	40870.2	19651.5	29101.9	330.007	1067.76	85.5486	27.5771	5.19159	0	0	8.86437	4379.31	1510.05	2349.33	45.807	39.5765	3.20674	3.15055	19.0632	0	0	0.189001
setup	0	2020-02-03 23:00:00	0	6.69123	7.25995	5.6659e-05	6.19277e-05	0.00132019	0.00194306	0.000886202	0.00384406	0.00458955	1.41733e-07	0	0	0	0.821621	1.46706	0.0141059	0.00610755	0.0136256	0.565456	0.812389	0.67961	0.0143181	0.000295135	97.4191	40868.6	19650.3	29100.6	331.823	1064.26	84.503	24.5542	5.40642	0	0	8.85285	4378.91	1509.78	2349.01	45.9117	39.4289	3.16842	2.78058	18.957	0	0	0.199041
setup	0	2020-02-04 23:00:00	0	6.94051	6.88722	6.05731e-05	2.14089e-07	0.00101197	0.00174469	0.00103189	0.00445539	0.00455612	1.79347e-07	0	0	0	0.933124	1.59124	0.0160203	0.00609961	0.0136256	0.567422	0.799961	0.678049	0.013623	0.000297464	101.355	40867.4	19649.5	29099.5	332.515	1060.89	83.5121	23.0825	5.61807	0	0	8.84134	4378.51	1509.51	2348.66	45.8491	39.2839	3.13202	2.59574	18.8284	0	0	0.200816
setup	0	2020-02-05 23:00:00	0	7.12638	6.58153	6.36258e-05	0	0.000832371	0.00192128	0.00109972	0.00459807	0.00416128	2.0066e-07	0	0	0	1.05698	1.75494	0.0181466	0.00609168	0.0136256	0.558716	0.803224	0.670991	0.0122041	0.000289215	105.781	40866.8	19649	29098.7	332.657	1057.66	82.6741	22.4084	5.89348	0	0	8.82985	4378.11	1509.25	2348.3	45.6536	39.1418	3.10111	2.5075	18.7393	0	0	0.196627
setup	0	2020-02-06 23:00:00	0	7.21091	6.47725	6.20577e-05	0	0.000653858	0.0020885	0.00114606	0.00463192	0.00382363	2.20402e-07	0	0	0	1.19412	1.83374	0.0205011	0.00608377	0.0136256	0.557134	0.787671	0.666858	0.0112348	0.00028243	110.445	40866.3	19648.8	29098	332.56	1054.6	81.8874	22.1912	6.09072	0	0	8.81837	4377.72	1508.98	2347.93	45.4337	39.003	3.07196	2.47781	18.6177	0	0	0.189147
setup	0	2020-02-07 23:00:00	0	7.6906	6.47438	5.74051e-05	0	0.000475797	0.00218302	0.00127318	0.00502057	0.00327658	3.02433e-07	0	0	0	1.34548	2.15327	0.0230998	0.00607586	0.0136256	0.565291	0.793961	0.682756	0.00973783	0.000282789	116.062	40866.1	19648.7	29098.3	332.338	1051.7	81.0801	22.2387	6.50369	0	0	8.80691	4377.32	1508.71	2347.69	45.1942	38.8672	3.0419	2.47714	18.4821	0	0	0.174457
setup	0	2020-02-08 23:00:00	0	7.54811	6.3075	4.71424e-05	0	0.000297796	0.00231108	0.00121453	0.0044195	0.00216739	4.09326e-07	0	0	0	1.51201	2.07379	0.0259588	0.00606796	0.0136256	0.567356	0.799878	0.676833	0.00716699	0.000272194	121.413	40865.9	19648.7	29098.1	331.952	1049	80.4783	22.6569	6.60499	0	0	8.79546	4376.92	1508.44	2347.33	44.897	38.7349	3.01923	2.51384	18.3616	0	0	0.162102
setup	0	2020-02-09 23:00:00	0	7.47861	6.10909	3.60042e-05	0	0.00243945	0.00258901	0.00111813	0.00384063	0.00180851	4.44017e-07	0	0	0	1.69462	2.13072	0.029094	0.00606007	0.0136256	0.566741	0.779763	0.665973	0.00630439	0.00026278	126.912	40866.1	19649	29098	331.58	1046.49	80.0318	23.1009	6.76821	0	0	8.78402	4376.52	1508.16	2346.96	44.6056	38.6067	3.00213	2.55725	18.2233	0	0	0.153045
setup	0	2020-02-10 23:00:00	0	7.69066	6.02574	2.01685e-05	0	0.00826991	0.00271257	0.00106727	0.00347271	0.00158973	5.10448e-07	0	0	0	1.89421	2.33026	0.0325206	0.00605219	0.0136256	0.56772	0.76087	0.654301	0.00564021	0.000263332	133.003	40866.5	19649.5	29098.1	331.172	1044.21	79.6261	23.6961	7.05893	0	0	8.7726	4376.11	1507.89	2346.58	44.3321	38.4826	2.98639	2.61123	18.0504	0	0	0.146754
setup	0	2020-02-11 23:00:00	0	7.71707	6.1239	1.11152e-06	0	0.00852122	0.00262996	0.00104605	0.00318693	0.00142784	6.24369e-07	0	0	0	2.11161	2.30371	0.036253	0.00604432	0.0136256	0.564264	0.7942	0.667593	0.00503417	0.000276214	138.994	40866.7	19649.8	29098.1	330.67	1042.16	79.1354	24.5535	7.14505	0	0	8.7612	4375.71	1507.62	2346.2	43.999	38.3626	2.9674	2.68787	17.9195	0	0	0.142851
setup	0	2020-02-12 23:00:00	0	8.50332	6.03328	0	0	0.00874946	0.00252916	0.00100079	0.00280267	0.00121207	6.99573e-07	0	0	0	2.3476	2.92344	0.0403046	0.00603647	0.0136256	0.571058	0.772106	0.65826	0.00439263	0.000279534	146.846	40867.7	19650.8	29098.8	330.062	1040.37	78.7055	25.5769	7.82096	0	0	8.74981	4375.3	1507.35	2345.81	43.6853	38.2471	2.9505	2.77773	17.7501	0	0	0.139856
setup	0	2020-02-13 23:00:00	0	8.26965	5.90536	0	0	0.00902933	0.00270753	0.000924299	0.00234396	0.000989378	6.97674e-07	0	0	0	2.60288	2.76208	0.0446874	0.00602862	0.0136256	0.567934	0.75921	0.643303	0.00368956	0.000272687	154.151	40868.6	19651.7	29099.3	329.331	1038.85	78.495	27.0543	7.90288	0	0	8.73843	4374.89	1507.08	2345.42	43.3211	38.1369	2.94151	2.91338	17.5809	0	0	0.137506
setup	0	2020-02-14 23:00:00	0	8.08401	5.603	0	0	0.00925371	0.00297908	0.000841584	0.00190735	0.000794792	7.06362e-07	0	0	0	2.87806	2.76032	0.0494116	0.00602078	0.0136256	0.561432	0.720981	0.614462	0.00302459	0.000261958	161.418	40869.9	19653	29100	328.553	1037.63	78.4816	28.6221	8.03626	0	0	8.72708	4374.49	1506.82	2345.02	42.9631	38.0324	2.9396	3.05734	17.3977	0	0	0.135075
setup	0	2020-02-15 23:00:00	0	7.39875	5.2211	0	0	0.00815548	0.00281141	0.000747102	0.00149365	0.000623022	6.72993e-07	0	0	0	3.17359	2.42544	0.0544854	0.00601295	0.0136256	0.431895	0.6203	0.548993	0.0024215	0.000243757	167.624	40871.1	19654.4	29100.7	327.734	1036.74	78.7376	30.2854	7.87825	0	0	8.7169	4374.22	1506.66	2344.72	42.7143	37.9341	2.94738	3.2047	17.2285	0	0	0.132851
setup	0	2020-02-16 23:00:00	0	7.008	4.84444	0	0	0.00738185	0.00265616	0.000655811	0.00114269	0.000487617	6.95507e-07	0	0	0	3.48981	2.37574	0.0599301	0.00600594	0.0136256	0.371688	0.571374	0.498745	0.00221332	0.000232565	173.669	40872.7	19656.1	29101.7	326.853	1036.18	79.1422	31.9662	7.93597	0	0	8.71363	4374.02	1506.55	2344.45	42.4883	37.8422	2.96042	3.34039	17.1	0	0	0.13088
setup	0	2020-02-17 23:00:00	0	8.0222	4.62556	0	0	0.00855575	0.00294402	0.000610721	0.00092535	0.000397681	8.56524e-07	0	0	0	3.82688	3.13531	0.0658331	0.00600369	0.0136256	0.489488	0.620529	0.507548	0.00205088	0.000239393	182.038	40875.3	19658.5	29103.5	325.736	1035.98	79.5417	34.0041	8.85484	0	0	8.71104	4373.68	1506.34	2344.06	42.1019	37.7569	2.97307	3.49407	16.9845	0	0	0.130113
setup	0	2020-02-18 23:00:00	0	8.34635	4.50612	0	0	0.00873961	0.00287569	0.000586841	0.00076296	0.000327609	9.21159e-07	0	0	0	4.18479	3.17589	0.072121	0.0060019	0.0136256	0.470522	0.579757	0.496151	0.00157438	0.000236324	190.488	40878	19661.2	29105.5	324.419	1036.15	80.0936	36.6627	9.35118	0	0	8.70742	4373.37	1506.16	2343.69	41.7132	37.6786	2.99107	3.70812	16.8309	0	0	0.129392
setup	0	2020-02-19 23:00:00	0	8.39152	4.32912	0	0	0.00883166	0.00291301	0.000545202	0.000605751	0.000263931	9.82768e-07	0	0	0	4.56329	3.22284	0.0787644	0.00599941	0.0136256	0.449291	0.530481	0.452962	0.00122425	0.000232976	199.056	40880.9	19664	29107.6	322.993	1036.72	80.7548	39.6156	9.77174	0	0	8.70483	4373.08	1505.99	2343.33	41.3576	37.6076	3.01283	3.94903	16.6383	0	0	0.129043
setup	0	2020-02-20 23:00:00	0	8.74871	4.10572	0	0	0.00939071	0.00311374	0.000504107	0.000465767	0.000209649	1.09423e-06	0	0	0	4.96193	3.48487	0.0857868	0.00599763	0.0136256	0.465846	0.553638	0.45487	0.000904815	0.000234139	208.399	40884.4	19667.3	29110.1	321.489	1037.71	81.5517	42.7621	10.4191	0	0	8.70301	4372.77	1505.81	2342.94	40.8892	37.5444	3.0393	4.18775	16.5326	0	0	0.128967
setup	0	2020-02-21 23:00:00	0	8.49392	3.91637	0	0	0.00887805	0.00291387	0.000476841	0.000365591	0.00016754	1.17541e-06	0	0	0	5.37997	3.24771	0.0931745	0.00599638	0.0136256	0.400722	0.430952	0.404798	0.000681636	0.000227217	216.978	40887.8	19670.6	29112.5	319.935	1039.13	82.4959	46.1214	10.7018	0	0	8.70164	4372.54	1505.7	2342.61	40.6029	37.4893	3.07086	4.45988	16.2839	0	0	0.12848
setup	0	2020-02-22 23:00:00	0	7.6106	8.84795	3.5514e-07	0	0.00724579	0.00260435	0.000461297	0.00120596	0.00242535	2.20258e-07	0	0	0	5.81645	2.73967	0.100907	0.00599543	0.0136783	0.295056	0.80317	0.634867	0.00759915	0.000256753	223.939	40885.7	19668.8	29111.8	324.519	1040.97	81.2953	42.6255	8.52442	0	0	8.70186	4372.39	1505.62	2342.72	40.668	37.4412	3.02396	4.39714	16.1867	0	0	0.154407
setup	0	2020-02-23 23:00:00	0	7.66554	7.76808	9.02102e-06	0	0.00715192	0.00231197	0.000649826	0.00196595	0.00345456	1.42215e-07	0	0	0	6.27007	2.97665	0.108985	0.00599558	0.0136328	0.320846	0.666572	0.532036	0.00762226	0.000257476	231.638	40885	19668.3	29111.7	327.696	1043.27	80.2298	39.8225	8.1399	0	0	8.70449	4372.21	1505.54	2342.67	40.8489	37.4013	2.9818	4.1921	16.0825	0	0	0.173254
setup	0	2020-02-24 23:00:00	0	7.8994	7.00229	2.24625e-05	0	0.00716648	0.00230536	0.000960975	0.0028019	0.00295243	2.40995e-07	0	0	0	6.73926	3.10416	0.117403	0.00599739	0.0136256	0.333836	0.627314	0.511399	0.00713966	0.000253786	239.714	40885.2	19668.6	29112	329.432	1046.04	79.2547	38.8374	8.17527	0	0	8.70728	4372.03	1505.44	2342.54	40.8939	37.3704	2.94266	4.10979	15.9786	0	0	0.168434
setup	0	2020-02-25 23:00:00	0	8.03456	6.61063	7.29667e-06	0	0.00679666	0.0023501	0.00127372	0.00325494	0.00121716	7.01324e-07	0	0	0	7.22211	3.13603	0.12609	0.00599931	0.0136256	0.326829	0.646133	0.590603	0.00470403	0.000270443	247.883	40885.8	19669.2	29114.9	330.415	1049.27	78.7637	38.6264	8.09472	0	0	8.71084	4371.85	1505.34	2342.79	40.8853	37.3473	2.92069	4.07783	15.8627	0	0	0.139686
setup	0	2020-02-26 23:00:00	0	8.06667	5.29416	4.2189e-07	0	0.00655248	0.00239364	0.000844787	0.00164697	0.000594929	9.25202e-07	0	0	0	7.7164	3.16369	0.13502	0.00600177	0.0136256	0.32185	0.559244	0.480456	0.00316005	0.000257634	256.132	40887.8	19671.1	29116.7	329.927	1053.01	78.8908	40.1221	8.49929	0	0	8.71523	4371.69	1505.25	2342.63	40.7556	37.3335	2.92079	4.14642	15.7637	0	0	0.132684
setup	0	2020-02-27 23:00:00	0	7.7745	4.52422	0	0	0.00618018	0.00229111	0.000635444	0.000944089	0.000376441	1.02499e-06	0	0	0	8.21958	2.98473	0.144153	0.00600479	0.0136256	0.292495	0.480876	0.428134	0.00233302	0.000243348	263.805	40890.4	19673.6	29118.6	328.817	1057.25	79.4718	42.4913	8.78628	0	0	8.72052	4371.56	1505.19	2342.42	40.5784	37.3297	2.93698	4.28388	15.6579	0	0	0.129864
setup	0	2020-02-28 23:00:00	0	7.32482	4.00893	0	0	0.00561	0.00207704	0.000527654	0.000574786	0.000259245	1.14798e-06	0	0	0	8.72876	2.70601	0.153439	0.00600844	0.0136256	0.24458	0.424391	0.382221	0.00178942	0.000236077	270.606	40893.2	19676.4	29120.6	327.43	1062.01	80.3245	45.1972	8.98196	0	0	8.72743	4371.48	1505.17	2342.22	40.3853	37.3358	2.9626	4.44945	15.5787	0	0	0.128599
setup	0	2020-02-29 23:00:00	0	6.53044	3.86032	0	0	0.00456224	0.00163951	0.00045373	0.00035537	0.000182523	1.3617e-06	0	0	0	9.24074	2.18026	0.162842	0.0060132	0.0136256	0.153117	0.359113	0.337903	0.00139242	0.000228945	275.729	40895.7	19679	29122.3	325.923	1067.28	81.4211	47.6369	8.95125	0	0	8.73603	4371.5	1505.22	2342.11	40.2428	37.352	2.99661	4.60127	15.5464	0	0	0.127828
setup	0	2020-03-01 23:00:00	0	5.78396	3.68234	0	0	0.00372613	0.00125378	0.000391172	0.000212308	0.000131893	1.51611e-06	0	0	0	9.752	1.79803	0.172306	0.00601912	0.0136283	0.0847221	0.297489	0.287868	0.00117518	0.000216219	279.649	40898	19681.4	29123.9	324.402	1073.06	82.7492	49.6745	8.91199	0	0	8.74745	4371.58	1505.33	2342.06	40.1619	37.3781	3.0385	4.73457	15.5314	0	0	0.126863
setup	0	2020-03-02 23:00:00	0	5.26413	9.0093	0	0	0.00367885	0.00150241	0.000468379	0.00118773	0.00256753	2.74227e-07	0	0	0	10.2587	1.582	0.25157	0.00834018	0.0163753	0.0932669	0.772926	0.619387	0.0115729	0.00025695	282.897	40894.7	19678.4	29123.9	329.817	1079.28	81.7932	44.1888	6.30026	0	0	8.75046	4371.62	1505.37	2342.66	40.4428	37.4833	2.9978	4.61098	15.4612	0	0	0.144055
setup	0	2020-03-03 23:00:00	0	6.33872	7.52476	2.515e-06	0	0.00491995	0.00161029	0.000827804	0.00229183	0.00295996	2.50532e-07	0	0	0	10.7568	2.31574	0.259027	0.00817754	0.0136256	0.256701	0.64947	0.520732	0.0102946	0.000279602	288.586	40893.8	19677.4	29123.3	333.406	1085.97	80.5836	39.9528	6.73483	0	0	8.75519	4371.51	1505.29	2342.61	40.7868	37.5952	2.94801	4.23418	15.4277	0	0	0.153812
setup	0	2020-03-04 23:00:00	0	6.45311	6.96085	5.19362e-06	0	0.00448369	0.00128939	0.00128432	0.0033478	0.00199255	6.06632e-07	0	0	0	11.2418	2.13406	0.199992	0.00603232	0.0136256	0.209	0.588565	0.543444	0.00938044	0.000287308	293.699	40893.2	19676.9	29124.7	335.272	1093.12	79.763	38.047	6.52692	0	0	8.7674	4371.45	1505.27	2342.91	41.0495	37.6451	2.912	4.01714	15.3631	0	0	0.141572
setup	0	2020-03-05 23:00:00	0	5.86085	5.66677	2.87694e-07	0	0.00399313	0.00151916	0.00105354	0.00228983	0.0010346	9.72224e-07	0	0	0	11.7093	1.79908	0.208919	0.00604074	0.0136635	0.161613	0.525462	0.477463	0.00685527	0.000278186	297.77	40893.6	19677.4	29125.3	335.652	1100.71	79.6756	37.719	6.4451	0	0	8.78132	4371.45	1505.28	2342.95	41.1731	37.7038	2.9017	3.91183	15.3541	0	0	0.132245
setup	0	2020-03-06 23:00:00	0	5.61214	4.66233	0	0	0.00392918	0.00145174	0.000784745	0.00140202	0.000633454	1.23652e-06	0	0	0	12.1545	1.67251	0.217531	0.00605033	0.0136256	0.165858	0.465443	0.42225	0.00513195	0.000270937	301.52	40894.9	19678.8	29126.2	334.913	1108.74	79.9965	38.7322	6.63801	0	0	8.79705	4371.45	1505.31	2342.88	41.1641	37.7715	2.90552	3.91705	15.3472	0	0	0.129627
setup	0	2020-03-07 23:00:00	0	5.19458	4.00059	0	0	0.0035674	0.00124166	0.00063051	0.000865173	0.000416696	1.4421e-06	0	0	0	12.5724	1.35925	0.225746	0.00606117	0.0136256	0.128015	0.401791	0.379009	0.00399143	0.000262001	304.294	40896.6	19680.7	29127.3	333.649	1117.16	80.6838	40.4236	6.68579	0	0	8.8129	4371.49	1505.37	2342.8	41.1106	37.8478	2.9219	3.9906	15.3453	0	0	0.12838
setup	0	2020-03-08 23:00:00	0	4.68987	3.86557	0	0	0.00336888	0.00116885	0.00052355	0.000534399	0.000286568	1.53266e-06	0	0	0	12.9582	1.06054	0.266919	0.00694333	0.0136256	0.111599	0.362347	0.34189	0.00320005	0.000246162	306.153	40898.2	19682.5	29128.1	332.185	1125.96	81.6847	41.9371	6.66462	0	0	8.82503	4371.54	1505.46	2342.73	41.0429	37.9664	2.94891	4.06983	15.3564	0	0	0.127181
setup	0	2020-03-09 23:00:00	0	4.13159	3.73576	0	0	0.00299758	0.00108871	0.000450493	0.000344802	0.000205745	1.65118e-06	0	0	0	13.3067	0.702097	0.300347	0.00759762	0.0136256	0.0692813	0.315257	0.307682	0.00256563	0.000231948	306.871	40899.5	19684.2	29128.9	330.623	1135.09	82.9263	43.1951	6.56032	0	0	8.8341	4371.64	1505.58	2342.7	41.0012	38.1192	2.98405	4.14461	15.382	0	0	0.126173
setup	0	2020-03-10 23:00:00	0	3.76371	3.28365	0	0	0.00301216	0.00105599	0.000396464	0.000232305	0.000153964	1.83741e-06	0	0	0	13.6131	0.462694	0.366137	0.00904097	0.0136256	0.081077	0.298191	0.278506	0.00212398	0.000222712	306.872	40901.2	19686.1	29129.7	329.03	1144.49	84.3431	44.5497	6.46395	0	0	8.83539	4371.73	1505.68	2342.64	40.9241	38.3392	3.02509	4.23127	15.4101	0	0	0.125468
setup	0	2020-03-11 23:00:00	0	3.62594	2.94035	0	0	0.00257937	0.000866512	0.000359354	0.000160145	0.000120955	1.96001e-06	0	0	0	13.8724	0.398934	0.361797	0.00875502	0.0136256	0.0241788	0.252268	0.255088	0.00176745	0.000212009	306.383	40903.1	19688.3	29130.7	327.473	1154.13	85.9366	45.9138	6.46136	0	0	8.83892	4371.87	1505.84	2342.61	40.8853	38.554	3.07224	4.32146	15.452	0	0	0.124827
setup	0	2020-03-12 23:00:00	0	3.51127	2.69393	0	0	0.00253514	0.000862522	0.000320531	0.000110121	9.88254e-05	2.01185e-06	0	0	0	14.0799	0.398298	0.464608	0.0110622	0.0136256	0.025179	0.239682	0.230186	0.00155666	0.000198727	305.602	40905.3	19690.8	29131.9	325.954	1163.94	87.6674	47.3079	6.53461	0	0	8.83191	4372.02	1505.99	2342.57	40.8304	38.8734	3.12405	4.41494	15.4979	0	0	0.124188
setup	0	2020-03-13 23:00:00	0	3.4969	2.52878	0	0	0.00233852	0.000783856	0.000300047	8.69745e-05	8.43786e-05	2.16089e-06	0	0	0	14.231	0.397283	0.48804	0.0114815	0.0136256	-4.71628e-14	0.219016	0.217085	0.00139313	0.00019355	304.59	40907.7	19693.5	29133.3	324.464	1173.88	89.4908	48.7465	6.64316	0	0	8.82509	4372.19	1506.17	2342.53	40.7871	39.2157	3.17932	4.51218	15.5519	0	0	0.123867
setup	0	2020-03-14 23:00:00	0	3.40263	2.39532	0	0	0.00230113	0.000817679	0.000275909	5.60623e-05	7.49525e-05	2.1518e-06	0	0	0	14.3216	0.395967	0.491419	0.0114726	0.013626	-4.71628e-14	0.209069	0.202858	0.0012907	0.000181474	303.069	40910.3	19696.3	29134.7	323.04	1183.86	91.4375	50.1967	6.71695	0	0	8.81362	4372.37	1506.34	2342.48	40.7375	39.5602	3.23915	4.61278	15.604	0	0	0.123314
setup	0	2020-03-15 23:00:00	0	3.44929	2.32676	0	0	0.00230694	0.00076594	0.000268806	6.08073e-05	6.78264e-05	2.36458e-06	0	0	0	14.3478	0.393989	0.492317	0.0114577	0.0136256	-4.71628e-14	0.205971	0.197252	0.00119849	0.000183349	301.327	40913	19699.3	29136.1	321.625	1193.84	93.4	51.694	6.82573	0	0	8.80216	4372.54	1506.52	2342.43	40.6804	39.9044	3.29977	4.71784	15.6585	0	0	0.123541
setup	0	2020-03-16 23:00:00	0	3.48575	2.09393	0	0	0.00228778	0.000656041	0.000264847	4.98796e-05	6.28316e-05	2.57097e-06	0	0	0	14.3061	0.391725	0.490886	0.0114428	0.0136256	-4.71628e-14	0.199272	0.191925	0.00112393	0.000184309	299.126	40916	19702.4	29137.8	320.233	1203.73	95.4008	53.424	6.91095	0	0	8.79072	4372.72	1506.7	2342.36	40.6127	40.2459	3.36194	4.83931	15.7073	0	0	0.123549
setup	0	2020-03-17 23:00:00	0	3.46154	1.90188	0	0	0.00209172	0.000581007	0.000255445	3.36571e-05	5.94442e-05	2.50013e-06	0	0	0	14.1935	0.388864	0.487023	0.0114279	0.0136256	-4.71628e-14	0.197265	0.188032	0.00105763	0.000178328	296.804	40919.2	19705.8	29139.5	318.881	1213.48	97.4437	55.3471	6.95152	0	0	8.77929	4372.9	1506.87	2342.26	40.5296	40.5823	3.42577	4.974	15.7575	0	0	0.12323
setup	0	2020-03-18 23:00:00	0	3.43377	1.87722	0	0	0.00217032	0.000730017	0.000247918	2.82871e-05	5.69647e-05	2.52451e-06	0	0	0	14.0077	0.385845	0.480646	0.0114131	0.0136256	-4.71628e-14	0.192615	0.184464	0.00100377	0.000174467	294.204	40922.4	19709.3	29141.2	317.575	1222.99	99.5241	57.2754	6.96296	0	0	8.76788	4373.08	1507.05	2342.16	40.4481	40.9111	3.49109	5.11083	15.8034	0	0	0.122867
setup	0	2020-03-19 23:00:00	0	3.36407	1.84558	0	0	0.00211186	0.00078787	0.000237366	1.58315e-05	5.5372e-05	2.42309e-06	0	0	0	13.7467	0.382465	0.471692	0.0113982	0.013626	-4.71628e-14	0.190331	0.181629	0.000959809	0.00016682	291.45	40925.8	19712.8	29143	316.325	1232.21	101.656	59.1915	6.94173	0	0	8.75648	4373.26	1507.23	2342.06	40.3638	41.2298	3.55839	5.24909	15.8492	0	0	0.122519
setup	0	2020-03-20 23:00:00	0	3.35891	1.83733	0	0	0.00212791	0.000808216	0.000233941	2.28781e-05	5.40443e-05	2.50167e-06	0	0	0	13.4094	0.378885	0.460119	0.0113834	0.0136256	-4.71628e-14	0.188758	0.179869	0.000921956	0.000166602	288.641	40929.1	19716.4	29144.7	315.105	1241.06	103.788	61.1087	6.93076	0	0	8.7451	4373.44	1507.42	2341.95	40.2796	41.5357	3.62586	5.38904	15.8938	0	0	0.122634
setup	0	2020-03-21 23:00:00	0	3.33281	1.82228	0	0	0.00204071	0.000735248	0.000229484	1.54187e-05	5.32426e-05	2.47759e-06	0	0	0	12.9953	0.375233	0.44591	0.0113686	0.0136257	-4.71628e-14	0.187758	0.178602	0.000887053	0.000163487	285.648	40932.5	19720	29146.6	313.918	1249.45	105.93	63.0353	6.91405	0	0	8.73373	4373.62	1507.6	2341.85	40.1946	41.8263	3.69384	5.53061	15.9381	0	0	0.122458
setup	0	2020-03-22 23:00:00	0	3.31504	1.81895	0	0	0.00205211	0.000772679	0.000226606	1.53939e-05	5.27799e-05	2.51043e-06	0	0	0	12.5047	0.371342	0.429073	0.0113538	0.0136256	-4.71628e-14	0.186449	0.17759	0.000860904	0.000162278	282.545	40936	19723.6	29148.4	312.762	1257.32	108.073	64.9676	6.89362	0	0	8.72237	4373.8	1507.78	2341.74	40.1105	42.0989	3.76199	5.67362	15.9806	0	0	0.122327
setup	0	2020-03-23 23:00:00	0	3.32963	1.82565	0	0	0.00211172	0.000764982	0.000227628	1.8763e-05	5.24283e-05	2.67504e-06	0	0	0	11.9383	0.367309	0.409641	0.0113391	0.0136256	-4.71628e-14	0.186581	0.177244	0.000838644	0.000164921	279.356	40939.4	19727.2	29150.2	311.629	1264.58	110.205	66.9092	6.87284	0	0	8.71103	4373.99	1507.97	2341.63	40.0258	42.351	3.82993	5.81808	16.0232	0	0	0.122712
setup	0	2020-03-24 23:00:00	0	3.3427	1.82989	0	0	0.00195243	0.000608929	0.00022862	1.66175e-05	5.23703e-05	2.73926e-06	0	0	0	11.2981	0.363162	0.387672	0.0113243	0.0136256	-4.71628e-14	0.187088	0.177483	0.000817415	0.000166146	276.058	40942.9	19730.9	29152.1	310.513	1271.17	112.312	68.8781	6.85786	0	0	8.69971	4374.17	1508.16	2341.52	39.941	42.5802	3.89715	5.96441	16.0659	0	0	0.122555
setup	0	2020-03-25 23:00:00	0	3.35505	1.83846	0	0	0.00195662	0.000597456	0.000230075	1.57766e-05	5.24867e-05	2.83207e-06	0	0	0	10.5864	0.358875	0.36325	0.0113096	0.0136256	-4.71628e-14	0.187779	0.177831	0.000799925	0.000168005	272.668	40946.4	19734.5	29153.9	309.414	1277.03	114.391	70.8733	6.84354	0	0	8.6884	4374.36	1508.34	2341.41	39.8561	42.784	3.96358	6.11262	16.1085	0	0	0.122605
setup	0	2020-03-26 23:00:00	0	3.31644	1.91064	0	0	0.00193449	0.000657945	0.000231948	9.76802e-06	5.64528e-05	2.7593e-06	0	0	0	9.80637	0.354468	0.336486	0.0112949	0.0136745	-4.71628e-14	0.19481	0.184331	0.000857339	0.000166693	269.189	40949.8	19738.1	29155.7	308.352	1282.07	116.375	72.9774	6.73387	0	0	8.6771	4374.54	1508.53	2341.3	39.7665	42.9603	4.02688	6.27155	16.1489	0	0	0.122351
setup	0	2020-03-27 23:00:00	0	3.214	1.86958	0	0	0.00183273	0.000749695	0.000222424	-3.71391e-06	5.65698e-05	2.52724e-06	0	0	0	8.96207	0.349946	0.307516	0.0112802	0.0136309	-4.71628e-14	0.191837	0.181819	0.000834245	0.000157716	265.699	40953.3	19741.8	29157.6	307.336	1286.25	118.412	74.9867	6.67089	0	0	8.66582	4374.73	1508.72	2341.2	39.6797	43.107	4.09213	6.42633	16.1892	0	0	0.121696
setup	0	2020-03-28 23:00:00	0	3.22368	1.88055	0	0	0.00189465	0.000789917	0.000223509	1.3041e-05	5.68389e-05	2.62546e-06	0	0	0	8.0581	0.345409	0.276498	0.0112656	0.0136256	-4.71628e-14	0.19231	0.18184	0.000821571	0.000160843	262.318	40956.8	19745.5	29159.4	306.334	1289.5	120.396	76.9974	6.65008	0	0	8.65456	4374.92	1508.91	2341.09	39.5946	43.2221	4.15569	6.58083	16.2296	0	0	0.122163
setup	0	2020-03-29 23:00:00	0	3.16598	1.91772	0	0	0.00188067	0.000789173	0.000222354	1.45758e-06	5.97218e-05	2.55355e-06	0	0	0	7.09976	0.341014	0.243615	0.0112509	0.0136386	-4.71628e-14	0.195482	0.185075	0.000853178	0.000157804	258.819	40960.2	19749.1	29161.3	305.374	1291.78	122.335	79.0503	6.5626	0	0	8.64331	4375.11	1509.1	2340.98	39.5083	43.3038	4.21784	6.73991	16.2683	0	0	0.121784
setup	0	2020-03-30 23:00:00	0	3.19299	1.92634	0	0	0.00187697	0.000724691	0.00022578	1.53891e-05	5.98616e-05	2.69757e-06	0	0	0	6.09298	0.336464	0.209069	0.0112363	0.0136256	-4.71628e-14	0.195612	0.18488	0.000839599	0.000162449	255.393	40963.7	19752.7	29163.1	304.423	1293.04	124.221	81.0836	6.53806	0	0	8.63207	4375.3	1509.29	2340.88	39.4248	43.3507	4.27831	6.89706	16.3082	0	0	0.122281
setup	0	2020-03-31 23:00:00	0	3.2164	1.938	0	0	0.00177173	0.000550415	0.000229379	1.27823e-05	6.0425e-05	2.79918e-06	0	0	0	5.04421	0.332011	0.173082	0.0112217	0.0136256	-4.71628e-14	0.196588	0.185503	0.00082768	0.000165617	251.873	40967.1	19756.4	29164.9	303.478	1293.24	126.052	83.1515	6.52174	0	0	8.62085	4375.49	1509.48	2340.77	39.3427	43.3614	4.33699	7.05446	16.3486	0	0	0.122295
setup	0	2020-04-01 23:00:00	0	3.19999	1.95062	0	0	0.001832	0.000633711	0.000230043	6.75728e-06	6.12823e-05	2.86372e-06	0	0	0	3.96041	0.327435	0.135894	0.0112071	0.0136256	-4.71628e-14	0.196859	0.185887	0.000823599	0.000166169	248.333	40970.6	19760	29166.7	302.559	1292.35	127.856	85.222	6.48905	0	0	8.60964	4375.67	1509.67	2340.67	39.2615	43.3348	4.39491	7.21174	16.3888	0	0	0.1224
setup	0	2020-04-02 23:00:00	0	3.12887	1.94552	0	0	0.00173046	0.0006771	0.000225042	-4.06967e-06	6.23919e-05	2.73305e-06	0	0	0	2.84892	0.322833	0.0977551	0.0111925	0.0136256	-4.71628e-14	0.19629	0.185598	0.000818854	0.000160971	244.823	40974	19763.6	29168.5	301.678	1290.35	129.657	87.2705	6.44147	0	0	8.59845	4375.86	1509.86	2340.56	39.1816	43.2703	4.45277	7.36814	16.4284	0	0	0.121951
setup	0	2020-04-03 23:00:00	0	3.11077	1.95671	0	0	0.00170945	0.000684945	0.00022459	3.27864e-06	6.32882e-05	2.72102e-06	0	0	0	1.71742	0.31827	0.0589299	0.011178	0.0136256	-4.71628e-14	0.196907	0.185916	0.00081371	0.00016127	241.426	40977.4	19767.1	29170.3	300.814	1287.22	131.392	89.3246	6.416	0	0	8.58727	4376.05	1510.04	2340.46	39.1036	43.1672	4.5085	7.52427	16.4681	0	0	0.121929
setup	0	2020-04-04 23:00:00	0	3.08015	1.96639	0	0	0.0017366	0.000708068	0.000223686	-8.56235e-07	6.42293e-05	2.7291e-06	0	0	0	0.573823	0.313854	0.0196896	0.0111635	0.0136256	-4.71628e-14	0.196892	0.185984	0.000810863	0.000160571	238.031	40980.8	19770.7	29172.1	299.975	1282.96	133.088	91.3739	6.38318	0	0	8.57611	4376.24	1510.23	2340.36	39.0271	43.0253	4.56301	7.67969	16.5075	0	0	0.122165
setup	0	2020-04-05 23:00:00	0	3.06168	1.97566	0	0	0.00173053	0.000702964	0.000223941	7.48962e-07	6.50474e-05	2.7715e-06	0	0	0	0	0.30944	0	0.0111489	0.0136256	-4.71628e-14	0.197074	0.186052	0.000804795	0.000161298	234.676	40984.1	19774.2	29173.8	299.156	1278.13	134.733	93.4207	6.35543	0	0	8.56496	4376.43	1510.42	2340.26	38.9524	42.8643	4.61585	7.83438	16.5468	0	0	0.122028
setup	0	2020-04-06 23:00:00	0	3.03684	1.98372	0	0	0.00166198	0.000647043	0.000223548	-1.86976e-06	6.59517e-05	2.77164e-06	0	0	0	0	0.305078	0	0.0111344	0.0136256	-4.71628e-14	0.197261	0.186153	0.000799111	0.000160936	231.333	40987.4	19777.7	29175.5	298.358	1273.33	136.327	95.4689	6.32775	0	0	8.55383	4376.62	1510.61	2340.16	38.8792	42.7039	4.66705	7.98839	16.5862	0	0	0.121954
setup	0	2020-04-07 23:00:00	0	3.00609	1.98919	0	0	0.00161797	0.000624896	0.000222441	-4.16932e-06	6.68966e-05	2.73532e-06	0	0	0	0	0.300733	0	0.01112	0.0136256	-4.71628e-14	0.197517	0.18624	0.000792486	0.000159861	228.026	40990.7	19781.1	29177.3	297.578	1268.53	137.868	97.5215	6.30386	0	0	8.54271	4376.8	1510.8	2340.06	38.8075	42.5442	4.71652	8.14179	16.6257	0	0	0.121769
setup	0	2020-04-08 23:00:00	0	2.99617	2.00472	0	0	0.00168656	0.00068848	0.000223988	-8.78239e-07	6.76402e-05	2.83434e-06	0	0	0	0	0.296434	0	0.0111055	0.0136256	-4.71628e-14	0.197745	0.186277	0.000788037	0.000162141	224.761	40993.9	19784.5	29179	296.816	1263.76	139.354	99.5708	6.28348	0	0	8.5316	4376.99	1510.98	2339.97	38.7376	42.3851	4.76423	8.2944	16.665	0	0	0.12214
setup	0	2020-04-09 23:00:00	0	2.94829	2.00523	0	0	0.00164062	0.000673191	0.000222049	-9.13749e-06	6.85772e-05	2.81413e-06	0	0	0	0	0.29219	0	0.0110911	0.0136256	-4.71628e-14	0.197245	0.185987	0.000782026	0.000160123	221.489	40997.1	19787.9	29180.6	296.083	1259	140.82	101.601	6.25085	0	0	8.52051	4377.17	1511.17	2339.87	38.6691	42.2266	4.81134	8.4457	16.7041	0	0	0.121928
setup	0	2020-04-10 23:00:00	0	2.93422	2.01615	0	0	0.00158523	0.000623585	0.000223009	-3.85555e-06	6.93489e-05	2.85225e-06	0	0	0	0	0.287936	0	0.0110767	0.0136256	-4.71628e-14	0.197693	0.186077	0.000774383	0.000161609	218.289	41000.3	19791.3	29182.3	295.363	1254.25	142.222	103.637	6.2339	0	0	8.50943	4377.36	1511.35	2339.78	38.6025	42.0688	4.85633	8.59628	16.7436	0	0	0.122046
setup	0	2020-04-11 23:00:00	0	2.90751	2.02632	0	0	0.00165012	0.000665626	0.000223637	-7.38648e-06	7.01389e-05	2.92965e-06	0	0	0	0	0.283776	0	0.0110623	0.0136256	-4.71628e-14	0.197487	0.185918	0.000769852	0.000162544	215.09	41003.4	19794.6	29183.9	294.664	1249.52	143.592	105.66	6.20803	0	0	8.49837	4377.54	1511.54	2339.69	38.5373	41.9116	4.90031	8.74565	16.7829	0	0	0.122165
setup	0	2020-04-12 23:00:00	0	2.86811	2.02997	0	0	0.00157822	0.000636293	0.000222857	-1.04998e-05	7.09876e-05	2.9394e-06	0	0	0	0	0.279618	0	0.0110479	0.0136256	-4.71628e-14	0.197208	0.185619	0.000762734	0.000161953	211.922	41006.6	19797.9	29185.6	293.988	1244.8	144.932	107.668	6.18039	0	0	8.48732	4377.72	1511.72	2339.6	38.4738	41.7551	4.94331	8.89371	16.8222	0	0	0.122116
setup	0	2020-04-13 23:00:00	0	2.84098	2.03606	0	0	0.00144471	0.000536186	0.00022276	-9.7886e-06	7.18019e-05	2.90999e-06	0	0	0	0	0.275499	0	0.0110335	0.0136256	-4.71628e-14	0.197705	0.185735	0.000753314	0.000161875	208.804	41009.6	19801.1	29187.2	293.321	1240.1	146.207	109.691	6.16761	0	0	8.47629	4377.91	1511.9	2339.52	38.412	41.5991	4.98421	9.0412	16.8621	0	0	0.121988
setup	0	2020-04-14 23:00:00	0	2.79149	2.04128	0	0	0.00156393	0.000662744	0.00022145	-1.46072e-05	7.26683e-05	2.92037e-06	0	0	0	0	0.271445	0	0.0110192	0.0136256	-4.71628e-14	0.197264	0.185355	0.000748256	0.000160945	205.718	41012.7	19804.4	29188.8	292.679	1235.41	147.459	111.696	6.14567	0	0	8.46527	4378.09	1512.09	2339.43	38.3517	41.4438	5.02439	9.18737	16.9014	0	0	0.121894
