*	*	tavg	tmin	tmax	grad	prec	rh	wind
2018	209	18.93	14.78	24.08	314.83	1.72	74.52	1.6
2018	210	18.93	14.78	24.08	314.83	1.72	74.52	3.29
2018	211	16.6	15.06	23.09	314.83	55.62	88.21	2.67
2018	212	16.77	13.75	20.4	256.94	0	84.08	2.81
2018	213	17.61	14.08	23.6	276.25	0	78.61	2.72
2018	214	17.15	11.43	24.45	370.21	0	75.81	3.08
2018	215	16.59	11.45	23.44	418.89	0	77.72	2.74
2018	216	15.9	11.46	21.9	229.4	0	77.46	2.77
2018	217	15.41	12.37	19.38	129.79	0	76.78	3.42
2018	218	16.55	11.15	22.11	335.6	0	69.57	3.58
2018	219	16.84	10.31	23.81	393.76	0	68.58	2.79
2018	220	17.32	10.45	24.61	358.97	0	65.19	2.24
2018	221	17.43	12.32	23.1	267.85	0	73.64	2.81
2018	222	16	11.45	21.38	279.77	0	78.38	2.8
2018	223	16.26	13.13	21.55	267.28	0	77.27	4.25
2018	224	16.09	12.1	20.98	300.57	0	76.85	3.58
2018	225	14.86	10.78	18.88	186.99	0	77.27	3.24
2018	226	16.17	10.4	22.59	362.45	0	78.62	3.16
2018	227	15.73	12.18	21.02	193.29	0	78.01	3.29
2018	228	14.76	10.47	19.42	191.7	0.1	76.82	3.4
2018	229	15.07	12.45	18.64	137.54	0	79.41	2.91
2018	230	15.17	11.67	19.21	193.86	0	79.29	3.31
2018	231	15.93	12.67	21.26	194.07	0	76.26	2.81
2018	232	15.73	11.44	21.28	264.54	0	73.77	3.09
2018	233	16.31	10.78	21.12	185.61	0	73.29	2.97
2018	234	17.06	10.96	24.12	296.86	0	70.25	2.67
2018	235	15.91	13.39	18.69	113.44	0	80.69	3.04
2018	236	17.29	12.49	23.06	215.29	0	71.77	3.16
2018	237	17.74	11.88	23.37	259.16	0	69.32	3.31
2018	238	17.09	14.4	22.17	179.34	0	80.39	3.14
2018	239	17.73	12.36	24.35	261.63	1.5	77.19	2.4
2018	240	15.93	14.09	18.77	90.39	0.1	85.06	2.51
2018	241	16.37	13.47	19.55	143.68	0	73.13	3.12
2018	242	16.82	12.71	21.06	211.61	0	69.27	3.23
2018	243	16.56	13.2	20.14	201.46	0	70.47	3.44
2018	244	15.47	11.77	19.59	120.08	0	79.36	2.89
2018	245	16.34	13.18	21.05	108.2	0	80.7	2.97
2018	246	16.62	10.71	22.47	210.51	0	73.36	2.75
2018	247	16.42	11.88	21.52	192.35	0	78.64	3.12
2018	248	18.1	14.54	23.26	341.28	0	71.59	3.58
2018	249	17.83	13.62	23.34	294.5	0	70.7	4.22
2018	250	17.77	12.83	23.71	399.68	0	67.35	3.36
2018	251	17.86	11.99	23.8	348.42	0	66.87	3.1
2018	252	18.95	11.89	26.47	388.1	0	62.47	3.32
2018	253	20.02	14.37	26.75	362.86	0	65.57	3.25
2018	254	19.08	14.84	24.56	375.28	0	65.17	4.16
2018	255	18.01	11.4	24.92	382.86	0	62.4	3.43
2018	256	18.9	13.46	25.21	381.15	0	65.56	3.47
2018	257	19.74	13.81	25.91	344.46	0	65.12	3.65
2018	258	18.99	11.42	26.66	390.95	0	62.88	3.41
2018	259	19.42	11.63	26.66	386.21	0	60.22	3.63
2018	260	19.04	11.43	26.8	343.9	0	60.76	3.49
2018	261	17.96	11.56	25.69	367.38	0	67.64	3.23
2018	262	17.7	12.25	24.73	302.25	0	66.95	2.91
2018	263	19.23	12.66	26.44	402.75	0	68.43	3.84
2018	264	19.45	14.45	26.2	375.51	0	64.75	4.15
2018	265	18.16	13.01	23.56	276.9	0	69.04	3.94
2018	266	18.54	13	24.95	348.03	0	65.83	3.46
2018	267	17.97	10.74	25.28	390.05	0	64.04	3.77
2018	268	19.07	13.96	24.87	307.7	0	65.64	3.91
2018	269	19.44	12.78	26.23	338.76	0	66.81	3.84
2018	270	18.55	14.65	22.86	262.62	0	73.67	3.5
2018	271	19.11	15.23	24.79	325.26	0	73.01	4.54
2018	272	19.34	13.57	26.13	340.5	0	66.09	3.74
2018	273	19.39	13.99	25.7	427.6	0	60.8	3.95
2018	274	17.9	10.42	24.28	386.57	0	58.5	3.94
2018	275	17.91	12.04	24.29	294.81	0	67.9	3.78
2018	276	19.27	13.9	26.01	413.41	0	68.04	4.18
2018	277	18.69	14.18	24.05	302.87	0	67.84	3.75
2018	278	19	13.03	25.49	363.15	0	64.31	3.22
2018	279	20.11	15.16	27	385.89	0	65.87	3.79
2018	280	19.04	14.53	26.46	290.14	9.9	73.65	3.15
2018	281	18.55	12.95	24.16	240.49	0.8	70.68	3.29
2018	282	18.75	13.47	23.91	311.96	0	70.33	3.63
2018	283	18.24	11.88	24.24	315.37	0	69.49	3.67
2018	284	19.1	13.37	25.09	377.15	0	64.16	3.28
2018	285	19.43	12.16	27.16	366.53	0	64.07	2.98
2018	286	20.2	15.51	26.89	293.92	0	68.46	3.44
2018	287	19.65	13.54	27.37	321.8	0	65.76	3.47
2018	288	20.14	14.71	26.35	314.3	0	67.57	2.95
2018	289	19.71	14.4	26.68	341.22	0	67.4	2.94
2018	290	20.39	15.48	26.25	376.21	0	68.03	3.58
2018	291	20.39	15.87	26.02	379.61	0	69.01	4.43
2018	292	20.31	15.81	26.36	397.83	0	69.7	4.39
2018	293	20.49	14.78	26.48	391.04	0	68.59	3.55
2018	294	20.02	14.68	25.48	360.18	0	70.87	4.71
2018	295	18.92	13.1	24.48	374.51	0	68.88	5.36
2018	296	16.42	14.08	19.6	163.05	3.47	83.86	4.5
2018	297	16.35	14.69	20.04	153.87	0.2	82.92	1.81
2018	298	16.83	14.17	20.52	222.11	1.77	88.02	3.5
2018	299	17.71	13.7	22.47	223.85	0	84.5	3.48
2018	300	17.7	14.69	22.5	294.16	5.41	83.7	4.2
2018	301	18.28	15.04	23.01	309.42	0	79.45	3.54
2018	302	19.17	15.27	24.55	351.5	0.7	74.29	4.07
2018	303	19.89	15.03	25.79	322.87	0	66.35	4.56
2018	304	20.03	14.3	26.13	403.31	0	66.73	4.77
2018	305	19.99	15.47	25.36	316.21	0	71.42	5.36
2018	306	19.37	16.13	24.78	383.44	7.9	79.59	4.31
2018	307	19.21	16.09	23.98	393.38	0	78.15	4.39
2018	308	19.08	13.71	24.8	369.02	0	69.24	3.86
2018	309	19.44	11.7	25.56	432.47	0	64.07	3.28
2018	310	19.74	14.41	26.24	383.09	0	69.85	3.6
2018	311	20.32	14.14	27.57	406.81	0	70.13	3.37
2018	312	20.67	13.74	27.57	379.04	0	66.76	3.16
2018	313	19.87	14.81	26.38	219.56	0	70.38	3.45
2018	314	20.48	16.14	26.03	328.17	0	63.67	3.62
2018	315	19.61	14.55	25.78	380.24	0.2	71.68	3.74
2018	316	20.24	15.57	26.12	397.15	0.1	72.62	4.09
2018	317	19.54	16.05	24.82	315.32	0	69.36	3.82
2018	318	19.49	14.22	25.02	377.69	0	66.96	3.75
2018	319	20.39	14.1	26.93	415.72	0	61.09	3.56
2018	320	20.68	12.65	27.66	399.72	0	62.59	3.36
2018	321	19.15	15.92	25.36	227.87	0.1	78.9	3.17
2018	322	20.25	14.31	26.69	398.8	0	66.78	3.24
2018	323	19.77	14.5	25.3	369.3	20.5	73.33	4.07
2018	324	19.19	15.69	23.1	335.81	16.58	81.78	4.08
2018	325	18.36	15.97	23.18	250.84	20.7	83.38	3.5
2018	326	19.18	15.47	24.07	315.27	0	77.21	3.68
2018	327	19.53	14.45	24.87	413.16	0	68.12	4.36
2018	328	18.93	15.54	23.66	343.05	0	74.51	3.78
2018	329	18.58	15.5	23.29	404.82	4.49	80.91	4.62
2018	330	17.72	14.97	22.08	340.87	32.53	89.04	4.4
2018	331	18.73	14.89	23.52	389.35	1.02	80.39	3.85
2018	332	19.07	15.64	23.53	362.12	0	78.39	4.38
2018	333	18.22	15.77	22.2	346.84	12.3	85.63	4.48
2018	334	18.6	15.89	22.8	381.4	2.4	79.28	5.25
2018	335	17.46	15.31	21.46	315.23	2.8	87.59	4.08
2018	336	18.07	14.47	22.93	345.04	0	83.59	2.74
2018	337	18.74	15.35	23.64	417.43	0	84.58	3.58
2018	338	18.14	15.39	23.18	365.68	14.9	85.89	3.2
2018	339	18.33	15.75	23.16	377.03	18.1	88.06	3.16
2018	340	19.59	15.82	24.58	449.29	1.9	80.81	2.91
2018	341	19.61	16.37	24.04	461.93	0	81.12	3.62
2018	342	17.98	14.3	22.32	318.92	29.6	83.84	2.47
2018	343	19.39	16.28	23.75	435.35	0.6	79.97	3.01
2018	344	18.07	15.6	22.15	245.69	2.8	87.7	2.04
2018	345	17.23	14.44	21.16	260.87	23.49	89.71	2.48
2018	346	19.3	14.58	24.57	413.87	0	80.65	3.09
2018	347	18.55	14.4	22.86	405.65	2.9	84.89	3.23
2018	348	18.48	15.39	23.26	448.86	18.26	85.67	3.24
2018	349	17.68	15.29	22.32	353.04	24.7	88.68	3.41
2018	350	18.07	13.16	22.97	446.13	0.1	82.22	2.95
2018	351	18.6	14.25	23.53	472.09	0	77.31	3.08
2018	352	19.19	14.38	24.29	459.03	0	79.76	3.4
2018	353	19.19	16.48	23.37	278.22	1.3	81.68	3
2018	354	18.71	15.5	23.56	367.87	0	78.52	3.07
2018	355	18.15	13.4	23.73	344.3	0	74.92	2.83
2018	356	18.84	14.16	24.48	384.57	0	79.45	2.85
2018	357	19.04	14.56	24.14	457.5	0	78.56	3.66
2018	358	18.27	14.18	23.31	420.96	0	73.32	3.2
2018	359	18.4	13.73	23.95	399.99	0	76.34	3.43
2018	360	18.25	14.04	22.74	413.96	0	78.01	3.78
2018	361	18.44	15.12	23.32	403.55	0	79	4.14
2018	362	18.67	13.86	24.89	445.89	0	78.88	3.12
2018	363	19.29	14.46	25.22	444.74	0	77.72	3.29
2018	364	19.29	15.61	24.64	402.79	0.1	78.21	3.38
2018	365	18.67	14.93	23.53	404.13	0	78.74	4.01
2019	1	18.09	12.83	24.2	382.89	0	74.47	2.52
2019	2	18.99	12.82	24.75	430.36	0	68.57	2.36
2019	3	19.15	14.07	24.68	446.47	0	70.32	3.41
2019	4	17.56	14.63	22	297.77	7.7	88.16	3.74
2019	5	18.12	15.54	21.81	347.24	1.5	82.25	3.82
2019	6	18.85	14.89	24.31	454.24	0	75.08	3.45
2019	7	19.42	13.92	24.92	453.72	0	65.2	2.97
2019	8	16.29	15.98	16.77	314.83	0	74.2	0.7
2019	9	18.93	14.78	24.08	314.83	1.72	74.52	3.29
2019	10	21.88	18.88	24.35	417.75	0	54.67	4.22
2019	11	19.72	15.9	24.62	360.29	0.2	71.13	4.04
2019	12	18.57	14.04	24.13	407.69	0	73.19	3.61
2019	13	15.86	15.86	15.86	314.83	0	65.21	0.53
2019	14	18.93	14.78	24.08	314.83	1.72	74.52	3.29
2019	15	18.93	14.78	24.08	314.83	1.72	74.52	3.29
2019	16	18.93	14.78	24.08	314.83	1.72	74.52	3.29
2019	17	18.93	14.78	24.08	314.83	1.72	74.52	3.29
2019	18	18.93	14.78	24.08	314.83	1.72	74.52	3.29
2019	19	18.93	14.78	24.08	314.83	1.72	74.52	3.29
2019	20	18.93	14.78	24.08	314.83	1.72	74.52	3.29
2019	21	18.93	14.78	24.08	314.83	1.72	74.52	3.29
2019	22	18.93	14.78	24.08	314.83	1.72	74.52	3.29
2019	23	18.93	14.78	24.08	314.83	1.72	74.52	3.29
2019	24	18.93	14.78	24.08	314.83	1.72	74.52	3.29
2019	25	18.93	14.78	24.08	314.83	1.72	74.52	3.29
2019	26	18.93	14.78	24.08	314.83	1.72	74.52	3.29
2019	27	18.93	14.78	24.08	314.83	1.72	74.52	3.29
2019	28	18.93	14.78	24.08	314.83	1.72	74.52	3.29
2019	29	18.93	14.78	24.08	314.83	1.72	74.52	3.29
2019	30	18.93	14.78	24.08	314.83	1.72	74.52	3.29
2019	31	18.93	14.78	24.08	314.83	1.72	74.52	3.29
2019	32	22.63	17.96	26.57	452.51	0	49.13	4.55
2019	33	20.53	12.89	28.07	425.11	0	61.74	3.52
2019	34	16.58	13.78	23.03	179.79	0	58.84	1.5
2019	35	18.93	14.78	24.08	314.83	1.72	74.52	3.29
2019	36	18.93	14.78	24.08	314.83	1.72	74.52	3.29
2019	37	18.93	14.78	24.08	314.83	1.72	74.52	3.29
2019	38	18.93	14.78	24.08	314.83	1.72	74.52	3.29
2019	39	18.93	14.78	24.08	314.83	1.72	74.52	3.29
2019	40	18.93	14.78	24.08	314.83	1.72	74.52	3.29
2019	41	21.52	16.9	25.44	433.52	0	57.22	6.26
2019	42	20.07	13.71	27.33	423.16	0	63.73	4.1
2019	43	19.55	13.42	26.11	421.27	0	60.44	4.23
2019	44	19.03	13.44	26.08	421.52	0	61.81	4.21
2019	45	19.58	14.34	25.68	391.37	0	63.52	4.05
2019	46	21.04	14.82	27.39	401.35	0	64.48	4
2019	47	21.28	17.33	26.89	330.92	0	65.75	4.66
2019	48	21.53	16.73	26.84	361.47	0	66.93	3.86
2019	49	21.98	14.02	29.49	419.62	0	63.03	2.99
2019	50	21.96	15.24	29.6	395.61	0	61.43	3.2
2019	51	21.36	16.15	27.52	433.98	0	61.93	4.38
2019	52	20.45	16.33	25.87	403.07	3.7	71.35	4.85
2019	53	20.39	15.57	26.48	422.97	0	67.64	4.35
2019	54	20.63	15.6	27.71	372.27	0.6	70.96	3.84
2019	55	20.4	15.79	27.76	330.13	0	69.18	2.87
2019	56	21.19	15.91	27.88	392.57	1.7	64.79	3.19
2019	57	21.65	14.89	28.85	446.15	0	57.55	4.68
2019	58	21.04	13.94	27.47	429.46	0	53.54	3.8
2019	59	21.37	13.54	28.47	438.6	0	48.81	4.02
2019	60	22.64	13.59	30.69	430.31	0	57.37	3.24
2019	61	22.72	15.86	29.74	204.26	0	46.12	2.17
2019	62	22.98	16.43	30.63	381	0.6	51.2	3.07
2019	63	21.09	15.58	27.9	348.69	5.1	64.29	2.4
2019	64	20.78	15.75	26.9	444.39	21.9	68.4	3.24
2019	65	21.63	14.55	28.62	484.64	0	52.13	3.2
2019	66	22.19	15.63	29.16	470.57	0	49.94	3.5
2019	67	22.11	14.65	28.63	479.44	0	50.07	3.37
2019	68	21.25	15.03	27.9	451.69	0	55.81	4.06
2019	69	21.17	15.11	27.8	457.54	0	57.38	4.49
2019	70	20.9	13.91	27.46	425.21	0	57.63	4.12
2019	71	21.6	14.71	29	427.74	0	58.99	3.95
2019	72	21.42	14.9	28.32	412.15	0	58.15	4.84
2019	73	19.82	15.38	25.89	417.68	0	66.55	4.49
2019	74	20.6	14.82	26.72	453.15	0	63.32	4.25
2019	75	20.71	15.08	26.86	386.27	0	64.34	3.51
2019	76	20.72	14.79	28.05	510.68	0	62.7	3.2
2019	77	18.93	14.78	24.08	314.83	1.72	74.52	3.29
2019	78	18.93	14.78	24.08	314.83	1.72	74.52	3.29
2019	79	18.93	14.78	24.08	314.83	1.72	74.52	3.29
2019	80	18.93	14.78	24.08	314.83	1.72	74.52	3.29
2019	81	18.93	14.78	24.08	314.83	1.72	74.52	3.29
2019	82	23.62	18.95	27.31	440.02	0	47.82	5.01
2019	83	21.34	16.18	27.52	370.37	0	59.38	3.57
2019	84	21.87	14.94	29.24	400.42	0	60.78	2.82
2019	85	22.6	15.76	30.18	397.29	0	58.62	3.26
2019	86	22.12	16.25	28.07	379.65	0	56.18	3.97
2019	87	21.24	15.86	27.26	375.7	0	61.95	4.08
2019	88	22.06	16.53	28.38	350.25	0	61.14	3.71
2019	89	22.1	16.45	27.58	336.73	4.7	60.59	4.24
2019	90	22	15.7	28.75	397.86	0.1	63.65	3.99
2019	91	21.96	16.23	28.24	386.57	0	62.99	4.3
2019	92	22.16	16.71	28.48	387.74	0	59.3	3.6
2019	93	22.42	16.14	28.6	405.31	0	61.19	3.63
2019	94	21.67	16.93	27.45	348.15	0	69.39	4.41
2019	95	21.3	16.46	26.72	311.94	0	66.75	4.75
2019	96	21.26	15.94	27.21	340.13	0	63.66	5.05
2019	97	21.54	16.3	27.53	380.67	0	61.17	4.16
2019	98	22.08	15.12	29.02	433.56	0	54.36	2.93
2019	99	18.68	17.78	19.79	314.83	0	81.59	3.01
2019	100	18.93	14.78	24.08	314.83	1.72	74.52	3.29
2019	101	18.93	14.78	24.08	314.83	1.72	74.52	3.29
2019	102	18.93	14.78	24.08	314.83	1.72	74.52	3.29
2019	103	18.93	14.78	24.08	314.83	1.72	74.52	3.29
2019	104	18.93	14.78	24.08	314.83	1.72	74.52	3.29
2019	105	18.93	14.78	24.08	314.83	1.72	74.52	3.29
2019	106	18.93	14.78	24.08	314.83	1.72	74.52	3.29
2019	107	24.38	20.09	28.4	255.72	0	36.04	4.38
2019	108	22.11	15.59	28.47	305.38	0	56.36	3.53
2019	109	22.12	16.34	28.11	304.27	0	62.42	4.07
2019	110	22.54	16.67	28.87	267.05	0	64.08	3.2
2019	111	21.69	16.65	28.78	256.67	0.9	68.84	3.25
2019	112	20.99	16.4	26.62	254.24	7.4	73.39	2.25
2019	113	19.96	17.53	24.4	159.98	6.5	81.76	2.64
2019	114	19.86	15.88	26.74	351.42	29	80.44	3.06
2019	115	20	17.28	24.69	191.9	0	86.34	2.81
2019	116	20.13	16.78	24.42	372.53	11.2	84.5	3.26
2019	117	19.93	15.21	25.02	334.21	19.71	79.93	2.09
2019	118	20.52	16.44	26.21	440.95	0	78.88	3.03
2019	119	20.56	16.43	25.09	391.88	0.8	78.61	3.64
2019	120	19.64	16.1	24.67	352.33	1.2	81	3.77
2019	121	20.02	16.1	25.73	430.25	0	72.89	3.09
2019	122	20.34	15.33	26.28	422.02	0	70.87	2.83
2019	123	20.26	16.68	24.94	313.68	0	76.48	3.29
2019	124	19.65	16.25	23.98	281.23	0	78.47	3.68
2019	125	19.99	16.26	25.28	320.52	0	76.96	3.52
2019	126	19.81	16.16	24.77	372.3	1.6	78.42	3.23
2019	127	19.74	15.95	25.12	353.41	0	78.01	3.69
2019	128	20.2	16.09	24.85	349.12	0	73.44	3.74
2019	129	19.66	15.22	24.5	308.71	0	75.38	2.91
2019	130	19.63	16.08	24.92	271.54	0	78.38	3.91
2019	131	19.5	15.7	24.83	311.76	0	75.69	4.25
2019	132	19.38	16.02	24.63	289.69	0.2	78.13	3.47
2019	133	19.59	14.75	24.37	277.79	0	77.66	3.7
2019	134	19.57	15.62	24.86	304.15	0	76.46	3.84
2019	135	20.15	15.52	25.83	358.4	0	74.15	3.32
2019	136	19.67	14.88	24.33	277.47	0	73.07	3.4
2019	137	19.62	14.87	24.8	263.57	0	73.52	3.73
2019	138	18.57	16.31	22.29	268.17	10.7	86.36	3.82
2019	139	17.69	15.03	20.46	200.98	0	82.94	3.18
2019	140	18.5	14.18	22.36	264.59	0	78.94	3.24
2019	141	18.89	14.07	24.23	320	0	75.2	3.24
2019	142	18.84	14.79	24.05	226.1	0	78.11	2.92
2019	143	18.54	15.49	22.67	282.26	0	82.81	3.52
2019	144	18.02	14.76	23.12	340.41	0	81.13	3.47
2019	145	17.95	15.73	21.96	233.68	0	84.72	3.29
2019	146	17.69	15.52	21.09	211.7	3	86.23	3.73
2019	147	18.18	15.76	22.11	251.02	0	77.9	3.29
2019	148	17.93	14.36	21.84	201.51	0	74.91	3.28
2019	149	18.45	15.47	22.57	259.82	0	75.9	2.95
2019	150	18.98	13.86	24.03	343.84	0	73.66	2.7
2019	151	18.74	14.86	23.74	203.36	0	74.88	2.15
2019	152	19.36	15.9	26.37	332.48	0	77.99	2.23
2019	153	18.3	15.86	25.48	296.98	23.37	89.25	2.35
2019	154	18.79	15.86	23.39	319.46	0	84.46	2.3
2019	155	18.12	14.67	22.13	243.64	0	77.36	2.63
2019	156	16.84	15.01	19.19	118.16	0	85.53	2.48
2019	157	17.27	14.15	21.34	222.71	23.8	85.12	2.47
2019	158	17.88	14.75	21.6	247.63	0	79.37	2.59
2019	159	18.53	14.92	23.31	307.51	0	75.83	2.96
2019	160	16.81	15.65	18.91	88.11	0.6	86.39	2.65
2019	161	16.02	14.19	18.7	106.72	0	82.91	2.96
2019	162	17.12	13.54	20.82	212.6	0	73.4	2.15
2019	163	17.67	14.32	20.69	150.08	0	76.45	2.1
2019	164	18.31	14.85	22.75	260.22	0	74.44	3.21
2019	165	17.51	14.36	21.77	228.41	0	78.3	2.57
2019	166	16.85	13.84	20.65	210.67	0	78.98	2.68
2019	167	17.9	13.41	23.5	287.13	0	70.3	2.43
2019	168	17.89	11.91	23.72	354.22	0	62.31	2.58
2019	169	16.99	12.83	21.42	185.43	0	74.38	2.14
2019	170	18.41	13.15	24.45	306.49	0	72.78	2.26
2019	171	18.09	13.8	22.92	257.47	0	74.03	2.64
2019	172	16.28	13.91	18.74	115.72	0	83.88	2.71
2019	173	18.07	13.93	23.24	289.99	0	75.94	2.02
2019	174	18.56	14.17	25.27	347.62	0.2	73.58	2.13
2019	175	18.71	14.17	24.32	234.05	0	74.77	1.63
2019	176	17.19	13.19	20.82	171.41	0	80.87	2.9
2019	177	17.54	14.61	22.73	168.89	0	78.23	2.76
2019	178	17.66	13.55	22.06	171.55	0	76.36	2.67
2019	179	16.94	13.95	21.81	209.48	0	77.42	2.62
2019	180	17.74	11.85	24.73	376.87	0	69.58	2.71
2019	181	17.93	11.47	24.61	293.81	0	65.05	2.83
2019	182	18.81	13.31	24.6	355.33	0	67.47	2.76
2019	183	18.68	12.96	24.5	302.97	0	68.49	2.53
2019	184	17.95	14.3	21.36	151.54	0	71.87	2.93
2019	185	17.9	12.35	23.86	300.31	0	63.8	3.27
2019	186	18.42	12.86	24.56	303.34	0	65.3	2.6
2019	187	17.87	14.63	22.66	221.02	0	73.42	2.77
2019	188	17.85	13.7	23.31	210.01	0	71.68	2.82
2019	189	18.44	12.39	24.56	293.68	0	69.62	2.79
2019	190	18.78	12.94	24.98	334.15	0	67.49	2.76
2019	191	18.36	12.39	24.25	254.04	0	70.29	3.06
2019	192	18.57	13.6	23.86	284.97	0	69.55	3.52
2019	193	19.03	13.91	24.83	324.99	0	63.26	2.95
2019	194	17.2	12.31	22.17	167.08	0	71.7	2.55
2019	195	17.31	11.73	22.82	244.39	0	71.47	3.41
2019	196	17.34	12.64	22.77	219.16	0	68.75	3.22
2019	197	16.33	12.08	20.61	192.51	0	72.8	3
2019	198	16.31	13.61	20.22	152.09	0	75.54	3.85
2019	199	17.26	12.94	22.71	337.88	0.8	67.69	3.34
2019	200	17.01	13.63	21.97	248.29	0	73.15	3.52
2019	201	16.91	13.07	22.83	187.85	0	72.86	2.32
2019	202	18.76	11.56	25.88	320.47	0	65.03	2.6
2019	203	17.12	13.12	23.38	201.97	0	70.18	2.8
2019	204	17.71	10.84	25.25	331.39	0	59.23	2.73
2019	205	17.7	11.23	24.66	282.07	0	59.14	2.33
2019	206	18.25	11.51	25.81	356.65	0	58	2.63
2019	207	17.23	12.01	24.51	344.37	0	63.51	3.02
2019	208	16.37	10.47	23.42	277.17	0	65.21	2.9
2019	209	16.86	11.64	22.32	223.75	0	66.71	2.58
2019	210	17.92	12.38	22.83	252.05	0	66.47	2.69
2019	211	16.95	13.02	20.8	139.87	0	74.36	2.56
2019	212	17.85	14.64	22.22	137.04	5.5	75.51	2.75
2019	213	19.04	13.92	25.13	337.48	0	68.8	3.36
2019	214	17.43	11.77	23.22	242.46	0	76.73	3.23
2019	215	17.74	13.27	22.95	386.33	2.24	74.75	3.89
2019	216	17.64	11.11	24.33	401.78	0	64.31	3.26
2019	217	18.25	11.2	25.79	379.67	0	65.53	2.69
2019	218	19.24	10.89	27.05	347.98	0	61.35	2.68
2019	219	18.79	15.69	23.92	276.47	0	72.48	3.74
2019	220	18.2	13.84	23.44	336.18	0	70.43	3.61
2019	221	17.18	11.21	22.86	342.07	0	71.69	2.81
2019	222	17.02	11.51	22.78	255.15	0	64.48	3.01
2019	223	16.22	13.92	20.35	164.02	0	70.69	3.17
2019	224	16.57	11.91	22.01	293.3	0	67.33	2.97
2019	225	17.53	13.12	24.09	316.05	0	66.26	3.31
2019	226	16.61	13.48	20.82	164.39	0	70.68	3.34
2019	227	16.27	10.48	21.53	198.76	0	64.55	3.86
2019	228	16.83	13.06	20.04	168.04	0	64.35	3.56
2019	229	16.87	10.76	21.79	204.02	0	66.23	2.8
2019	230	17.39	13.13	22.2	215.61	0	71.74	3.13
2019	231	15.55	12.98	18.9	115.76	0	77.83	2.72
2019	232	16.64	11.71	22.91	232.34	0	67.66	3.02
2019	233	17.54	12.73	23.05	279.89	0	67.03	3.54
2019	234	17.88	13.19	23.81	243.37	0	68.05	2.83
2019	235	19.08	14.36	25.12	376.06	0	61.53	3.68
2019	236	18.18	14.07	24.02	265.79	0	73.07	3.94
2019	237	18.12	13.09	23.77	366.24	0.6	67.64	4.38
2019	238	18.7	13.64	24.5	369.56	0	62.93	4.55
2019	239	18.86	14.11	24.05	221.6	0	65.54	2.89
2019	240	18.44	11.76	25.4	331.85	0	67.02	3.02
2019	241	18.78	13.52	23.91	229.72	0	68.75	3.05
2019	242	18.13	14.9	22.54	205.69	0	75.25	3.71
2019	243	18.5	14.33	25.01	216.46	10.8	74.84	2.55
2019	244	17.97	14.87	27.12	390.47	31.2	83.01	1.87
2019	245	17.39	13.12	22.63	341.16	0	84.31	2.91
2019	246	17.63	14.82	22.54	195.14	0	75.01	3.35
2019	247	17.57	12.92	22.5	256.83	0	72.48	3
2019	248	17.44	13.29	22.02	196.91	0	72.29	3.13
2019	249	18.52	12.92	24.57	367.69	0	71.07	2.82
2019	250	17.65	15.03	22.1	185.51	0	71.6	3.59
2019	251	16.47	12.95	20.12	156.38	0	73.57	3.41
2019	252	18.15	12.92	23.88	299.37	0	65.24	3.33
2019	253	18	14.77	23.35	211	0.2	78.48	3.9
2019	254	18.26	14.4	23.63	293.75	0.31	73.97	3.27
2019	255	18.97	13.41	24.95	380.47	0	68.89	2.93
2019	256	18.79	12.07	25.68	386.65	0	69.8	3.22
2019	257	19.18	12.88	26.26	395.15	0	68.56	3.31
2019	258	19.37	14.21	26.28	373.74	0	67.03	3.35
2019	259	18.66	13.12	24.72	387.26	0	64.2	3.16
2019	260	18.6	11.74	25.31	380.36	0	61.99	3.93
2019	261	19.36	12.84	26.39	307.46	0	59.42	3.08
2019	262	18.32	11.52	25.06	421.34	0	52.94	4.31
2019	263	18.3	10.69	24.81	376.58	0	60.61	3.88
2019	264	18.68	11.87	25.46	344.21	0	63.13	3.35
2019	265	18.64	12.03	25.7	391.02	0	62.58	3.74
2019	266	18.72	12.85	25.54	329.79	0	66.4	3.3
2019	267	18.01	14.36	22.41	252.72	0	74.25	3.1
2019	268	15.53	13.33	20.49	214.45	0	85.5	2.54
2019	269	18.93	14.78	24.08	314.83	1.72	74.52	3.29
2019	270	18.91	14.87	23.32	165.82	0	67.93	3.77
2019	271	19.98	13.26	26.78	380.22	0	63.57	3.52
2019	272	19.86	12.87	27.43	399.6	0	62.49	3.36
2019	273	20.83	13.8	27.98	385.93	0	62.75	3.4
2019	274	19.33	15.2	26.67	285.42	2.5	74.41	3.95
2019	275	18.41	13.74	24.03	310.27	0	79.64	3.65
2019	276	19.55	15.95	25.07	329.85	0	71.22	4.24
2019	277	18.79	14.17	23.39	345.47	0	67.92	4.5
2019	278	18.25	14.72	23.56	200.92	0.41	80.45	3.56
2019	279	17.18	14.37	21.73	268.66	0	86.17	4.67
2019	280	18.49	13.03	23.96	424.08	0	64.43	3.57
2019	281	19.44	12.55	25.73	450.27	0	63.76	3.52
2019	282	19.36	16.02	24.8	352.41	3.8	77.92	3.6
2019	283	17.87	14.14	23.07	293.4	0.3	86.98	3.64
2019	284	17.84	15.21	22.08	255.47	0	87.43	4.69
2019	285	17.5	15.04	21.4	355.59	0	86.89	4.23
2019	286	17.52	15.22	21.51	315.38	0	89.59	3.58
2019	287	17.79	15.13	21.2	254.73	0	84.05	3.4
2019	288	19	15.35	23.62	404.73	0	77.1	3.58
2019	289	19.22	14.01	25.17	462.02	0	72.89	3.08
2019	290	17.64	15.63	20.59	263.21	55.1	88.97	2.97
2019	291	17.36	15.41	20.65	217.49	7.9	90.78	3.07
2019	292	18.01	15.58	21.68	248.82	11.3	86.16	3.29
2019	293	18.97	15.34	23.73	467.04	0.41	79.78	3.38
2019	294	19.21	15.34	24.28	397.4	0	76.85	3.04
2019	295	19.52	14.68	25.01	394.09	0.9	76.23	2.59
2019	296	19.33	15.77	24.13	440.58	2.3	82.12	3.65
2019	297	18.17	15.07	22.69	329.4	24.9	87.77	3.04
2019	298	18.28	15.42	22.58	379.64	12.5	87.99	3.92
2019	299	18.51	15.63	22.27	444.31	4.2	85.89	4.22
2019	300	19.39	15.03	23.96	438.4	0.1	77.77	3.05
2019	301	19.24	15.72	24.01	431.63	0	80.67	2.63
2019	302	19.29	15.58	24.84	373.55	0	82.93	2.79
2019	303	18.53	15.56	23.05	341.59	2.86	82.61	2.61
2019	304	18.49	15.22	22.93	338.26	1.3	84.43	2.53
2019	305	18.4	14.89	23.32	445.5	0	79.37	2.62
2019	306	18.24	14.25	22.92	380.73	0	77.47	2.63
2019	307	18.16	13.89	24.39	430.84	0	78.55	2.93
2019	308	18.34	14.16	23.7	475.46	0	78.28	3.14
2019	309	18.66	14.52	23.76	434.75	0	75.8	2.51
2019	310	19.62	15.19	24.96	474.48	0	70.59	2.91
2019	311	19.44	16.05	24.72	379.46	0	79.47	3.25
2019	312	19.06	16.04	23.76	440.61	0	77.8	2.88
2019	313	18.92	13.93	23.98	402.85	0	75.97	2.82
2019	314	19.01	15.81	23.62	364.35	0	81.64	3.13
2019	315	19.14	15.98	23.86	397.21	0	81.13	3.74
2019	316	18.77	16.06	22.7	346.47	0	83.55	3.3
2019	317	18.1	15.58	22.25	284.53	0	88.77	3.58
2019	318	17.96	15.52	22.28	325.46	0	89.88	4.06
2019	319	16.53	16.53	16.53	314.83	0	98.55	1.86
2019	320	19.81	16.03	23.91	467.3	0	75.82	4.96
2019	321	19.01	14.29	24.06	435.7	0	78.11	3.87
2019	322	19.26	15.26	24.25	427.68	0	78.29	3.84
2019	323	19.23	15.86	24	393.95	0	82.32	3.81
2019	324	18.87	15.26	24.86	438.37	0	82.85	2.83
2019	325	19.87	16.63	24.89	393.4	0	83.27	2.3
2019	326	19.69	15.39	24.42	497.32	0	84.57	3.16
2019	327	17.72	15.47	20.76	252.33	0	92.78	2.14
2019	328	18.25	14.93	23.51	294.83	0	86.96	2.46
2019	329	17.47	15.09	22.91	333.9	0	88.54	2.04
2019	330	17.73	15.01	21.99	324.17	0	85.56	2.75
2019	331	18.95	15.62	23.39	467.25	0	77.08	4.2
2019	332	18.36	14.34	23.18	448.16	0	81.9	3.43
2019	333	18.62	14.36	24.03	347.61	0	85.16	2.29
2019	334	18.09	15.94	22.55	269.29	0	92.68	2.77
2019	335	18.03	15.75	22.07	417.38	0	91.16	3.99
2019	336	18.18	15.73	22.36	251.09	0	91.11	2.39
2019	337	18.5	15.93	23.08	319.46	0.7	89.54	2.97
2019	338	19.32	15.67	24.27	409.59	1.9	83.96	1.99
2019	339	18.13	15.01	22.24	241.34	0	91.09	1.66
2019	340	18.97	15.28	23.36	370.43	0	86.6	2.57
2019	341	18.55	16.05	21.78	211.11	0	90.11	2.63
2019	342	18.45	14.91	23.41	298.76	0	87.73	1.99
2019	343	18.62	16.07	23.39	243.02	0	89.38	2.39
2019	344	17.65	16.34	20.49	253.04	0	94.14	2.82
2019	345	18.11	15.52	22.71	389.31	0	88.68	3.13
2019	346	18.21	14.16	23.7	467.72	0	87.58	2.92
2019	347	18.85	14.95	23.97	481.55	0	83.65	3.06
2019	348	18.15	14.92	22.63	367.68	3.7	88.18	3.24
2019	349	18.22	15.09	22.95	315.58	5.1	87.88	2.78
2019	350	18.74	15.02	23.64	421.85	0.6	82.45	2.53
2019	351	18.58	15.31	23.33	332.73	0	84.36	3.02
2019	352	19.04	15.82	23.61	448.48	0	79.9	3.86
2019	353	18.14	13.6	23.35	462	0	71.32	3.39
2019	354	18.52	13.56	23.94	454.48	0	73.44	3.59
2019	355	18.38	14.96	23.58	296.2	3.1	86	2.88
2019	356	18.21	15.16	22.45	310.19	0	88.48	3.08
2019	357	18.85	15.22	23.57	404.09	7.2	86.19	3.41
2019	358	19.06	15.76	22.86	280.38	0.1	87.02	2.77
2019	359	19.35	15.19	23.96	392.78	5.1	84.99	3.02
2019	360	18.84	14.18	24.07	409.3	14.3	86.76	1.86
2019	361	20.03	16.84	25.15	378.52	36.7	85.95	2.39
2019	362	19.24	16.7	24.57	354.09	16.4	87.63	2.31
2019	363	19.78	17.05	23.96	355.18	0.2	83.63	3.31
2019	364	18.69	14.02	23.16	439.38	0	80.33	3.4
2019	365	18.53	14.56	23.5	428.51	0	81.11	2.92
2020	1	18.87	14.27	24.06	469.53	0	74.59	3.44
2020	2	18.6	15.09	24.2	445.12	0	80.34	3.62
2020	3	18.87	14.79	23.39	376.67	0.01	82.55	3.54
2020	4	18.35	14.91	22.96	394.63	0	83.63	3.12
2020	5	19.06	13.76	24.8	461.12	0	81.45	2.54
2020	6	19.73	16.04	25.18	427.26	0.11	84.37	2.81
2020	7	18.65	16.18	22.58	324.78	0.04	91.03	3.28
2020	8	17.85	15.51	21.77	286.96	0.12	90.8	3.25
2020	9	18.29	14.92	23.68	342.42	0.03	88.79	2.24
2020	10	19.33	15.43	25.04	406.3	0	85.99	2.2
2020	11	19.79	14.86	25.57	437.53	0	80.38	2.34
2020	12	19.92	15.97	26.22	491.23	0	80.78	1.73
2020	13	18.14	15.62	23.12	290.94	0.17	88.77	2.44
2020	14	19.17	15.59	23.34	401.38	0	86.09	3.33
2020	15	19.66	16.05	24.3	473.97	0	83.27	3.51
2020	16	19.26	15.72	23.54	355.04	0	85.15	3.54
2020	17	19.23	15.23	24.32	329.11	0	83.04	2.27
2020	18	19.7	15.63	25.21	479.84	0	81.78	2.11
2020	19	19.62	14.57	25.27	393.97	0	80.69	2.26
2020	20	19.77	14.66	25.74	458.69	0	79.65	1.91
2020	21	19.97	15.24	25.14	396.49	0	78.3	2.32
2020	22	19.73	16.27	23.65	330.99	0	77.14	2.67
2020	23	19.23	16.72	23.31	318.2	0	84.43	2.99
2020	24	18.93	16.77	22.39	210.71	0	85.08	2.21
2020	25	18.92	16.13	23.47	296.29	0	85.7	2.98
2020	26	18.22	16.01	21.8	276.24	0.17	90.6	3.12
2020	27	18.12	15.76	21.76	282.48	0.03	91.29	3.29
2020	28	17.49	15.28	20.93	257.55	0.18	94.46	3.16
2020	29	18.97	15.65	23.87	461.04	0	87.57	2.66
2020	30	19.13	16.02	23.8	443.8	0	86.69	2.9
2020	31	19.57	15.45	24.69	377.76	0	83.39	2.45
2020	32	18.54	15.06	23.73	363.93	93.1	86.57	2.39
2020	33	18.6	15.45	24.21	355.74	0	83.69	1.95
2020	34	18.98	15.14	24.18	447.03	0	84.82	2.55
2020	35	19	14.47	24	419.05	0	82.6	3.19
2020	36	18.62	13.05	23.96	459.94	0	82.73	2.86
2020	37	18.63	14.81	24.55	487.28	0	78.14	2.56
2020	38	19.15	13.23	25.6	518.24	0	74.57	3.74
2020	39	18.71	14.71	24.32	444.89	0	79.52	4.27
2020	40	18.43	14.38	24	469.73	0	77.13	3.1
2020	41	18.83	12.55	25.98	494.42	0	69.59	1.91
2020	42	20	12.81	27.74	490.81	0	63.14	1.93
2020	43	20.25	13.96	26.15	472.93	0	74.53	2.54
2020	44	19.63	15.65	24.61	402.75	0	85.52	3.74
2020	45	19.28	16.14	24.18	465.96	0	82.05	4.55
2020	46	18.36	15.79	23.66	325.99	0	85.67	4
2020	47	18.19	15.73	22.67	312.79	0	87.6	2.98
2020	48	19.41	15.51	24.99	466.85	0	84.98	3.57
2020	49	19.31	14.86	24.59	494.15	0	82.85	3.33
2020	50	19.72	16.24	25.13	464.39	0	82.76	3.38
2020	51	20.29	14.47	26.54	495.54	0	77.59	2.37
2020	52	20.38	15.67	26.27	454.61	0	78.57	2.71
2020	53	19.54	15.71	25.24	329.88	16.55	85.46	3.15
2020	54	19.7	16.55	24.63	340.45	1.45	84.72	3.69
2020	55	19.7	16.31	25.16	464.48	0.01	75.53	3.45
2020	56	20.61	14.28	27.14	448.61	0	71.1	1.96
2020	57	20.28	16.85	26.37	402.66	0	82.91	2.65
2020	58	19.76	15.89	25.47	461.75	0	84.75	4.09
2020	59	20.01	16.43	25.48	435.3	0	79.09	3.74
2020	60	20.47	14.51	26.99	354.41	0	77.36	1.91
2020	61	20.14	15.93	27.25	291.59	0.03	82.27	1.91
2020	62	18.85	15.83	25.19	350.66	22.43	86.34	2.34
2020	63	20.49	16.49	25.46	399.28	0	80.69	2.56
2020	64	20.53	16.73	26.12	429.64	0	78.2	2.07
2020	65	19.8	15.12	27.37	437.93	0.74	71.16	2.66
2020	66	20.34	15.4	26.9	471.3	0	71.39	2.11
2020	67	20.39	15.21	27.03	448.57	0	74.56	2.74
2020	68	19.97	16.25	25.24	479.28	0	84.55	3.28
2020	69	19.9	16.92	25.4	317.32	0	86.11	2.38
2020	70	20.26	16.56	25.56	461.44	0	81.95	2.86
2020	71	20.07	15.98	25.99	432.07	0	83.54	3.19
2020	72	19.85	16.71	25.09	345.83	0	84.41	3.47
2020	73	20.18	16.54	25.71	404.12	0	81.96	3.35
2020	74	19.38	14.63	25.86	362.45	0.01	84.81	2.55
2020	75	20.48	16.06	26.94	455.22	0	80.57	1.86
2020	76	20.82	15.91	28.21	434.75	0	80.64	2.48
2020	77	20.26	17.18	25.81	418.44	0	84.32	3.24
2020	78	20.14	16.06	25.72	407.62	0	79.29	3.9
2020	79	19.34	15.33	25.4	387.04	0.03	82.46	3.42
2020	80	19.81	15.53	26.22	434.78	0	80.98	3.58
2020	81	19.51	15.85	25.09	505.42	0.03	77.75	3.6
2020	82	19.57	15.35	25.1	462.21	0	71.66	3
2020	83	20.05	14.28	26.85	455.02	0	74.46	2.73
2020	84	20.23	15.97	26.7	343.99	0	78.23	2.9
2020	85	20.5	16.36	26.2	315.29	0	75.22	2.45
2020	86	19.99	15.44	26.75	286.62	0.32	79.71	2.15
2020	87	18.78	15.75	24.97	319.5	0.04	85.33	2.28
2020	88	19.73	16.34	24.86	271.81	0	83.48	1.73
2020	89	18.97	14.05	25.29	437.57	0.23	80.71	2.58
2020	90	19.92	15.37	25.89	437.07	0	83.69	2.41
2020	91	20.24	17.01	24.89	430.22	0	82.76	3.56
2020	92	20.12	15.33	25.56	438.76	0	80.8	3.01
2020	93	19.28	14.25	25	392.3	0	86.45	2.36
2020	94	19.62	16.52	24.58	426.88	0	80.14	3.12
2020	95	19.49	15.39	24.53	451.49	0	81.25	3.32
2020	96	19.65	15.37	25.35	410.32	0	81.23	3.1
2020	97	19.59	16.05	25.32	408.02	0	84.33	3.26
2020	98	19.49	17.26	23.81	305.61	0	88.05	3.06
2020	99	19.88	16.1	24.92	484.47	0	80.13	3.26
2020	100	19.44	14.56	25.31	375.02	0	80.7	2.8
2020	101	19.82	15.71	24.83	439.62	0	77.38	2.85
2020	102	19.84	14.45	26.31	431.69	0	75.81	2.41
2020	103	19.71	13.39	26.15	350.85	0	77.89	2.02
2020	104	19.84	16.24	24.76	232.22	0	84.55	2.57
2020	105	19.66	15.75	26.32	253.77	0	82.14	2.19
2020	106	19.55	15.93	26.53	372.36	0.1	82.98	1.93
2020	107	19.2	14.99	25.94	410.63	0	84.47	1.99
2020	108	19.35	14.96	25.09	119.55	0	82.13	2.62
2020	109	19.19	16.96	26	237.2	0.09	86.88	2.35
2020	110	18.53	15.63	22.94	280.19	0	86.82	3.94
2020	111	18.87	16.19	23.77	257.73	0.36	84.83	3.37
2020	112	18.71	15.45	24.2	345.28	2.18	86.2	2.25
2020	113	18.61	15.47	22.27	169.02	7.01	88.76	2.24
2020	114	16.82	15.37	19.12	134.64	191.91	93.55	3.25
2020	115	18.99	14.84	24.44	321.92	0	81.49	2.54
2020	116	18.38	14.91	22.32	271.42	11.13	86.28	2.2
2020	117	18.71	16.6	24.71	232.66	3.63	90.33	2.15
2020	118	18.41	13.85	22.36	306.33	0	81.5	2.38
2020	119	18.98	14.05	24.83	368.93	0	82.06	2.42
2020	120	19.31	16.56	23.75	221.08	0	84.85	2.63
2020	121	19.48	16.45	24.7	393.38	0	82.5	3.27
2020	122	18.96	15.79	24.42	357.86	0	83.76	2.97
2020	123	19	16.27	24.21	233.44	0	83.89	2.33
2020	124	19.32	16.45	24.31	306.17	0	81.93	2.53
2020	125	19.4	14.97	25	463.68	0	80.67	2.71
2020	126	19.36	15.02	24.46	348.49	0	82.07	2.66
2020	127	19.53	16.43	24.58	327.04	0	83.7	2.78
2020	128	18.48	16.11	21.77	197.42	0	84.01	3.33
2020	129	18.28	14.62	22.77	254.06	0	84.97	3.16
2020	130	17.98	16.38	21.01	226.79	0	86.53	1.65
2020	131	18.93	14.78	24.08	314.83	1.72	74.52	3.29
2020	132	18.93	14.78	24.08	314.83	1.72	74.52	3.29
2020	133	18.93	14.78	24.08	314.83	1.72	74.52	3.29
2020	134	18.93	14.78	24.08	314.83	1.72	74.52	3.29
2020	135	18.93	14.78	24.08	314.83	1.72	74.52	3.29
2020	136	18.93	14.78	24.08	314.83	1.72	74.52	3.29
2020	137	18.93	14.78	24.08	314.83	1.72	74.52	3.29
2020	138	18.93	14.78	24.08	314.83	1.72	74.52	3.29
2020	139	18.93	14.78	24.08	314.83	1.72	74.52	3.29
2020	140	18.93	14.78	24.08	314.83	1.72	74.52	3.29
2020	141	18.93	14.78	24.08	314.83	1.72	74.52	3.29
2020	142	18.93	14.78	24.08	314.83	1.72	74.52	3.29
2020	143	18.93	14.78	24.08	314.83	1.72	74.52	3.29
2020	144	18.93	14.78	24.08	314.83	1.72	74.52	3.29
2020	145	18.93	14.78	24.08	314.83	1.72	74.52	3.29
2020	146	18.93	14.78	24.08	314.83	1.72	74.52	3.29
2020	147	18.93	14.78	24.08	314.83	1.72	74.52	3.29
2020	148	18.93	14.78	24.08	314.83	1.72	74.52	3.29
2020	149	18.93	14.78	24.08	314.83	1.72	74.52	3.29
2020	150	18.93	14.78	24.08	314.83	1.72	74.52	3.29
2020	151	18.93	14.78	24.08	314.83	1.72	74.52	3.29
2020	152	18.93	14.78	24.08	314.83	1.72	74.52	3.29
2020	153	18.93	14.78	24.08	314.83	1.72	74.52	3.29
2020	154	18.93	14.78	24.08	314.83	1.72	74.52	3.29
2020	155	18.93	14.78	24.08	314.83	1.72	74.52	3.29
2020	156	18.93	14.78	24.08	314.83	1.72	74.52	3.29
2020	157	18.93	14.78	24.08	314.83	1.72	74.52	3.29
2020	158	18.93	14.78	24.08	314.83	1.72	74.52	3.29
2020	159	18.93	14.78	24.08	314.83	1.72	74.52	3.29
2020	160	18.93	14.78	24.08	314.83	1.72	74.52	3.29
2020	161	18.93	14.78	24.08	314.83	1.72	74.52	3.29
2020	162	18.93	14.78	24.08	314.83	1.72	74.52	3.29
2020	163	18.93	14.78	24.08	314.83	1.72	74.52	3.29
2020	164	18.93	14.78	24.08	314.83	1.72	74.52	3.29
2020	165	18.93	14.78	24.08	314.83	1.72	74.52	3.29
2020	166	18.93	14.78	24.08	314.83	1.72	74.52	3.29
2020	167	18.93	14.78	24.08	314.83	1.72	74.52	3.29
2020	168	18.93	14.78	24.08	314.83	1.72	74.52	3.29
2020	169	18.93	14.78	24.08	314.83	1.72	74.52	3.29
2020	170	18.93	14.78	24.08	314.83	1.72	74.52	3.29
2020	171	18.93	14.78	24.08	314.83	1.72	74.52	3.29
2020	172	18.93	14.78	24.08	314.83	1.72	74.52	3.29
2020	173	18.93	14.78	24.08	314.83	1.72	74.52	3.29
2020	174	18.93	14.78	24.08	314.83	1.72	74.52	3.29
2020	175	18.93	14.78	24.08	314.83	1.72	74.52	3.29
2020	176	18.93	14.78	24.08	314.83	1.72	74.52	3.29
2020	177	18.93	14.78	24.08	314.83	1.72	74.52	3.29
2020	178	18.93	14.78	24.08	314.83	1.72	74.52	3.29
2020	179	18.93	14.78	24.08	314.83	1.72	74.52	3.29
2020	180	18.93	14.78	24.08	314.83	1.72	74.52	3.29
2020	181	18.93	14.78	24.08	314.83	1.72	74.52	3.29
2020	182	18.93	14.78	24.08	314.83	1.72	74.52	3.29
2020	183	18.93	14.78	24.08	314.83	1.72	74.52	3.29
2020	184	18.93	14.78	24.08	314.83	1.72	74.52	3.29
2020	185	18.93	14.78	24.08	314.83	1.72	74.52	3.29
2020	186	18.93	14.78	24.08	314.83	1.72	74.52	3.29
2020	187	18.93	14.78	24.08	314.83	1.72	74.52	3.29
2020	188	18.93	14.78	24.08	314.83	1.72	74.52	3.29
2020	189	18.93	14.78	24.08	314.83	1.72	74.52	3.29
2020	190	18.93	14.78	24.08	314.83	1.72	74.52	3.29
2020	191	18.93	14.78	24.08	314.83	1.72	74.52	3.29
2020	192	18.93	14.78	24.08	314.83	1.72	74.52	3.29
2020	193	18.93	14.78	24.08	314.83	1.72	74.52	3.29
2020	194	18.93	14.78	24.08	314.83	1.72	74.52	3.29
2020	195	18.93	14.78	24.08	314.83	1.72	74.52	3.29
2020	196	18.93	14.78	24.08	314.83	1.72	74.52	3.29
2020	197	18.93	14.78	24.08	314.83	1.72	74.52	3.29
2020	198	18.93	14.78	24.08	314.83	1.72	74.52	3.29
2020	199	18.93	14.78	24.08	314.83	1.72	74.52	3.29
2020	200	18.93	14.78	24.08	314.83	1.72	74.52	3.29
2020	201	18.93	14.78	24.08	314.83	1.72	74.52	3.29
2020	202	18.93	14.78	24.08	314.83	1.72	74.52	3.29
2020	203	18.93	14.78	24.08	314.83	1.72	74.52	3.29
2020	204	18.93	14.78	24.08	314.83	1.72	74.52	3.29
2020	205	18.93	14.78	24.08	314.83	1.72	74.52	3.29
2020	206	18.93	14.78	24.08	314.83	1.72	74.52	3.29
2020	207	18.93	14.78	24.08	314.83	1.72	74.52	3.29
2020	208	18.93	14.78	24.08	314.83	1.72	74.52	3.29
2020	209	18.93	14.78	24.08	314.83	1.72	74.52	3.29
2020	210	18.93	14.78	24.08	314.83	1.72	74.52	3.29
2020	211	18.93	14.78	24.08	314.83	1.72	74.52	3.29
2020	212	18.93	14.78	24.08	314.83	1.72	74.52	3.29
2020	213	18.93	14.78	24.08	314.83	1.72	74.52	3.29
2020	214	18.93	14.78	24.08	314.83	1.72	74.52	3.29
2020	215	18.93	14.78	24.08	314.83	1.72	74.52	3.29
2020	216	18.93	14.78	24.08	314.83	1.72	74.52	3.29
2020	217	18.93	14.78	24.08	314.83	1.72	74.52	3.29
2020	218	18.93	14.78	24.08	314.83	1.72	74.52	3.29
2020	219	18.93	14.78	24.08	314.83	1.72	74.52	3.29
2020	220	18.93	14.78	24.08	314.83	1.72	74.52	3.29
2020	221	18.93	14.78	24.08	314.83	1.72	74.52	3.29
2020	222	18.93	14.78	24.08	314.83	1.72	74.52	3.29
2020	223	18.93	14.78	24.08	314.83	1.72	74.52	3.29
2020	224	18.93	14.78	24.08	314.83	1.72	74.52	3.29
2020	225	18.93	14.78	24.08	314.83	1.72	74.52	3.29
2020	226	18.93	14.78	24.08	314.83	1.72	74.52	3.29
2020	227	18.93	14.78	24.08	314.83	1.72	74.52	3.29
2020	228	18.93	14.78	24.08	314.83	1.72	74.52	3.29
2020	229	18.93	14.78	24.08	314.83	1.72	74.52	3.29
2020	230	18.93	14.78	24.08	314.83	1.72	74.52	3.29
2020	231	18.93	14.78	24.08	314.83	1.72	74.52	3.29
2020	232	18.93	14.78	24.08	314.83	1.72	74.52	3.29
2020	233	18.93	14.78	24.08	314.83	1.72	74.52	3.29
2020	234	18.93	14.78	24.08	314.83	1.72	74.52	3.29
2020	235	18.93	14.78	24.08	314.83	1.72	74.52	3.29
2020	236	18.93	14.78	24.08	314.83	1.72	74.52	3.29
2020	237	18.93	14.78	24.08	314.83	1.72	74.52	3.29
2020	238	18.93	14.78	24.08	314.83	1.72	74.52	3.29
2020	239	18.93	14.78	24.08	314.83	1.72	74.52	3.29
2020	240	18.93	14.78	24.08	314.83	1.72	74.52	3.29
2020	241	18.93	14.78	24.08	314.83	1.72	74.52	3.29
2020	242	18.93	14.78	24.08	314.83	1.72	74.52	3.29
2020	243	18.93	14.78	24.08	314.83	1.72	74.52	3.29
2020	244	18.93	14.78	24.08	314.83	1.72	74.52	3.29
2020	245	18.93	14.78	24.08	314.83	1.72	74.52	3.29
2020	246	18.93	14.78	24.08	314.83	1.72	74.52	3.29
2020	247	18.93	14.78	24.08	314.83	1.72	74.52	3.29
2020	248	18.93	14.78	24.08	314.83	1.72	74.52	3.29
2020	249	18.93	14.78	24.08	314.83	1.72	74.52	3.29
2020	250	18.93	14.78	24.08	314.83	1.72	74.52	3.29
2020	251	18.93	14.78	24.08	314.83	1.72	74.52	3.29
2020	252	18.93	14.78	24.08	314.83	1.72	74.52	3.29
2020	253	18.93	14.78	24.08	314.83	1.72	74.52	3.29
2020	254	18.93	14.78	24.08	314.83	1.72	74.52	3.29
2020	255	18.93	14.78	24.08	314.83	1.72	74.52	3.29
2020	256	18.93	14.78	24.08	314.83	1.72	74.52	3.29
2020	257	18.93	14.78	24.08	314.83	1.72	74.52	3.29
2020	258	18.93	14.78	24.08	314.83	1.72	74.52	3.29
2020	259	18.93	14.78	24.08	314.83	1.72	74.52	3.29
2020	260	18.93	14.78	24.08	314.83	1.72	74.52	3.29
2020	261	18.93	14.78	24.08	314.83	1.72	74.52	3.29
2020	262	18.93	14.78	24.08	314.83	1.72	74.52	3.29
2020	263	18.93	14.78	24.08	314.83	1.72	74.52	3.29
2020	264	18.93	14.78	24.08	314.83	1.72	74.52	3.29
2020	265	18.93	14.78	24.08	314.83	1.72	74.52	3.29
2020	266	18.93	14.78	24.08	314.83	1.72	74.52	3.29
2020	267	18.93	14.78	24.08	314.83	1.72	74.52	3.29
2020	268	18.93	14.78	24.08	314.83	1.72	74.52	3.29
2020	269	18.93	14.78	24.08	314.83	1.72	74.52	3.29
2020	270	18.93	14.78	24.08	314.83	1.72	74.52	3.29
2020	271	18.93	14.78	24.08	314.83	1.72	74.52	3.29
2020	272	18.93	14.78	24.08	314.83	1.72	74.52	3.29
2020	273	18.93	14.78	24.08	314.83	1.72	74.52	3.29
2020	274	18.93	14.78	24.08	314.83	1.72	74.52	3.29
2020	275	18.93	14.78	24.08	314.83	1.72	74.52	3.29
2020	276	18.93	14.78	24.08	314.83	1.72	74.52	3.29
2020	277	18.93	14.78	24.08	314.83	1.72	74.52	3.29
2020	278	18.93	14.78	24.08	314.83	1.72	74.52	3.29
2020	279	18.93	14.78	24.08	314.83	1.72	74.52	3.29
2020	280	18.93	14.78	24.08	314.83	1.72	74.52	3.29
2020	281	18.93	14.78	24.08	314.83	1.72	74.52	3.29
2020	282	18.93	14.78	24.08	314.83	1.72	74.52	3.29
2020	283	18.93	14.78	24.08	314.83	1.72	74.52	3.29
2020	284	18.93	14.78	24.08	314.83	1.72	74.52	3.29
2020	285	18.93	14.78	24.08	314.83	1.72	74.52	3.29
2020	286	18.93	14.78	24.08	314.83	1.72	74.52	3.29
2020	287	18.93	14.78	24.08	314.83	1.72	74.52	3.29
2020	288	18.93	14.78	24.08	314.83	1.72	74.52	3.29
2020	289	18.93	14.78	24.08	314.83	1.72	74.52	3.29
2020	290	18.93	14.78	24.08	314.83	1.72	74.52	3.29
2020	291	18.93	14.78	24.08	314.83	1.72	74.52	3.29
2020	292	18.93	14.78	24.08	314.83	1.72	74.52	3.29
2020	293	18.93	14.78	24.08	314.83	1.72	74.52	3.29
2020	294	18.93	14.78	24.08	314.83	1.72	74.52	3.29
2020	295	18.93	14.78	24.08	314.83	1.72	74.52	3.29
2020	296	18.93	14.78	24.08	314.83	1.72	74.52	3.29
2020	297	18.93	14.78	24.08	314.83	1.72	74.52	3.29
2020	298	18.93	14.78	24.08	314.83	1.72	74.52	3.29
2020	299	18.93	14.78	24.08	314.83	1.72	74.52	3.29
2020	300	18.93	14.78	24.08	314.83	1.72	74.52	3.29
2020	301	18.93	14.78	24.08	314.83	1.72	74.52	3.29
2020	302	18.93	14.78	24.08	314.83	1.72	74.52	3.29
2020	303	18.93	14.78	24.08	314.83	1.72	74.52	3.29
2020	304	18.93	14.78	24.08	314.83	1.72	74.52	3.29
2020	305	18.93	14.78	24.08	314.83	1.72	74.52	3.29
2020	306	18.93	14.78	24.08	314.83	1.72	74.52	3.29
2020	307	18.93	14.78	24.08	314.83	1.72	74.52	3.29
2020	308	18.93	14.78	24.08	314.83	1.72	74.52	3.29
2020	309	18.93	14.78	24.08	314.83	1.72	74.52	3.29
2020	310	18.93	14.78	24.08	314.83	1.72	74.52	3.29
2020	311	18.93	14.78	24.08	314.83	1.72	74.52	3.29
2020	312	18.93	14.78	24.08	314.83	1.72	74.52	3.29
2020	313	18.93	14.78	24.08	314.83	1.72	74.52	3.29
2020	314	18.93	14.78	24.08	314.83	1.72	74.52	3.29
2020	315	18.93	14.78	24.08	314.83	1.72	74.52	3.29
2020	316	18.93	14.78	24.08	314.83	1.72	74.52	3.29
2020	317	18.93	14.78	24.08	314.83	1.72	74.52	3.29
2020	318	18.93	14.78	24.08	314.83	1.72	74.52	3.29
2020	319	18.93	14.78	24.08	314.83	1.72	74.52	3.29
2020	320	18.93	14.78	24.08	314.83	1.72	74.52	3.29
2020	321	18.93	14.78	24.08	314.83	1.72	74.52	3.29
2020	322	18.93	14.78	24.08	314.83	1.72	74.52	3.29
2020	323	18.93	14.78	24.08	314.83	1.72	74.52	3.29
2020	324	18.93	14.78	24.08	314.83	1.72	74.52	3.29
2020	325	18.93	14.78	24.08	314.83	1.72	74.52	3.29
2020	326	18.93	14.78	24.08	314.83	1.72	74.52	3.29
2020	327	18.93	14.78	24.08	314.83	1.72	74.52	3.29
2020	328	18.93	14.78	24.08	314.83	1.72	74.52	3.29
2020	329	18.93	14.78	24.08	314.83	1.72	74.52	3.29
2020	330	18.93	14.78	24.08	314.83	1.72	74.52	3.29
2020	331	18.93	14.78	24.08	314.83	1.72	74.52	3.29
2020	332	18.93	14.78	24.08	314.83	1.72	74.52	3.29
2020	333	18.93	14.78	24.08	314.83	1.72	74.52	3.29
2020	334	18.93	14.78	24.08	314.83	1.72	74.52	3.29
2020	335	18.93	14.78	24.08	314.83	1.72	74.52	3.29
2020	336	18.93	14.78	24.08	314.83	1.72	74.52	3.29
2020	337	18.93	14.78	24.08	314.83	1.72	74.52	3.29
2020	338	18.93	14.78	24.08	314.83	1.72	74.52	3.29
2020	339	18.93	14.78	24.08	314.83	1.72	74.52	3.29
2020	340	18.93	14.78	24.08	314.83	1.72	74.52	3.29
2020	341	18.93	14.78	24.08	314.83	1.72	74.52	3.29
2020	342	18.93	14.78	24.08	314.83	1.72	74.52	3.29
2020	343	18.93	14.78	24.08	314.83	1.72	74.52	3.29
2020	344	18.93	14.78	24.08	314.83	1.72	74.52	3.29
2020	345	18.93	14.78	24.08	314.83	1.72	74.52	3.29
2020	346	18.93	14.78	24.08	314.83	1.72	74.52	3.29
2020	347	18.93	14.78	24.08	314.83	1.72	74.52	3.29
2020	348	18.93	14.78	24.08	314.83	1.72	74.52	3.29
2020	349	18.93	14.78	24.08	314.83	1.72	74.52	3.29
2020	350	18.93	14.78	24.08	314.83	1.72	74.52	3.29
2020	351	18.93	14.78	24.08	314.83	1.72	74.52	3.29
2020	352	18.93	14.78	24.08	314.83	1.72	74.52	3.29
2020	353	18.93	14.78	24.08	314.83	1.72	74.52	3.29
2020	354	18.93	14.78	24.08	314.83	1.72	74.52	3.29
2020	355	18.93	14.78	24.08	314.83	1.72	74.52	3.29
2020	356	18.93	14.78	24.08	314.83	1.72	74.52	3.29
2020	357	18.93	14.78	24.08	314.83	1.72	74.52	3.29
2020	358	18.93	14.78	24.08	314.83	1.72	74.52	3.29
2020	359	18.93	14.78	24.08	314.83	1.72	74.52	3.29
2020	360	18.93	14.78	24.08	314.83	1.72	74.52	3.29
2020	361	18.93	14.78	24.08	314.83	1.72	74.52	3.29
2020	362	18.93	14.78	24.08	314.83	1.72	74.52	3.29
2020	363	18.93	14.78	24.08	314.83	1.72	74.52	3.29
2020	364	18.93	14.78	24.08	314.83	1.72	74.52	3.29
2020	365	18.93	14.78	24.08	314.83	1.72	74.52	3.29
2020	366	18.93	14.78	24.08	314.83	1.72	74.52	3.29
2021	1	18.93	14.78	24.08	314.83	1.72	74.52	3.29
2021	2	18.93	14.78	24.08	314.83	1.72	74.52	3.29
2021	3	18.93	14.78	24.08	314.83	1.72	74.52	3.29
2021	4	18.93	14.78	24.08	314.83	1.72	74.52	3.29
2021	5	18.93	14.78	24.08	314.83	1.72	74.52	3.29
2021	6	18.93	14.78	24.08	314.83	1.72	74.52	3.29
2021	7	18.93	14.78	24.08	314.83	1.72	74.52	3.29
2021	8	18.93	14.78	24.08	314.83	1.72	74.52	3.29
2021	9	18.93	14.78	24.08	314.83	1.72	74.52	3.29
2021	10	18.93	14.78	24.08	314.83	1.72	74.52	3.29
2021	11	18.93	14.78	24.08	314.83	1.72	74.52	3.29
2021	12	18.93	14.78	24.08	314.83	1.72	74.52	3.29
2021	13	18.93	14.78	24.08	314.83	1.72	74.52	3.29
2021	14	18.93	14.78	24.08	314.83	1.72	74.52	3.29
2021	15	18.93	14.78	24.08	314.83	1.72	74.52	3.29
2021	16	18.93	14.78	24.08	314.83	1.72	74.52	3.29
2021	17	18.93	14.78	24.08	314.83	1.72	74.52	3.29
2021	18	18.93	14.78	24.08	314.83	1.72	74.52	3.29
2021	19	18.93	14.78	24.08	314.83	1.72	74.52	3.29
2021	20	18.93	14.78	24.08	314.83	1.72	74.52	3.29
2021	21	18.93	14.78	24.08	314.83	1.72	74.52	3.29
2021	22	18.93	14.78	24.08	314.83	1.72	74.52	3.29
2021	23	18.93	14.78	24.08	314.83	1.72	74.52	3.29
2021	24	18.93	14.78	24.08	314.83	1.72	74.52	3.29
2021	25	18.93	14.78	24.08	314.83	1.72	74.52	3.29
2021	26	18.93	14.78	24.08	314.83	1.72	74.52	3.29
2021	27	18.93	14.78	24.08	314.83	1.72	74.52	3.29
2021	28	18.93	14.78	24.08	314.83	1.72	74.52	3.29
2021	29	18.93	14.78	24.08	314.83	1.72	74.52	3.29
2021	30	18.93	14.78	24.08	314.83	1.72	74.52	3.29
2021	31	18.93	14.78	24.08	314.83	1.72	74.52	3.29
2021	32	18.93	14.78	24.08	314.83	1.72	74.52	3.29
2021	33	18.93	14.78	24.08	314.83	1.72	74.52	3.29
2021	34	18.93	14.78	24.08	314.83	1.72	74.52	3.29
2021	35	18.93	14.78	24.08	314.83	1.72	74.52	3.29
2021	36	18.93	14.78	24.08	314.83	1.72	74.52	3.29
2021	37	18.93	14.78	24.08	314.83	1.72	74.52	3.29
2021	38	18.93	14.78	24.08	314.83	1.72	74.52	3.29
2021	39	18.93	14.78	24.08	314.83	1.72	74.52	3.29
2021	40	18.93	14.78	24.08	314.83	1.72	74.52	3.29
2021	41	18.93	14.78	24.08	314.83	1.72	74.52	3.29
2021	42	18.93	14.78	24.08	314.83	1.72	74.52	3.29
2021	43	18.93	14.78	24.08	314.83	1.72	74.52	3.29
2021	44	18.93	14.78	24.08	314.83	1.72	74.52	3.29
2021	45	18.93	14.78	24.08	314.83	1.72	74.52	3.29
2021	46	18.93	14.78	24.08	314.83	1.72	74.52	3.29
2021	47	18.93	14.78	24.08	314.83	1.72	74.52	3.29
2021	48	18.93	14.78	24.08	314.83	1.72	74.52	3.29
2021	49	18.93	14.78	24.08	314.83	1.72	74.52	3.29
2021	50	18.93	14.78	24.08	314.83	1.72	74.52	3.29
2021	51	18.93	14.78	24.08	314.83	1.72	74.52	3.29
2021	52	18.93	14.78	24.08	314.83	1.72	74.52	3.29
2021	53	18.93	14.78	24.08	314.83	1.72	74.52	3.29
2021	54	18.93	14.78	24.08	314.83	1.72	74.52	3.29
2021	55	18.93	14.78	24.08	314.83	1.72	74.52	3.29
2021	56	18.93	14.78	24.08	314.83	1.72	74.52	3.29
2021	57	18.93	14.78	24.08	314.83	1.72	74.52	3.29
2021	58	18.93	14.78	24.08	314.83	1.72	74.52	3.29
2021	59	18.93	14.78	24.08	314.83	1.72	74.52	3.29
2021	60	18.93	14.78	24.08	314.83	1.72	74.52	3.29
2021	61	18.93	14.78	24.08	314.83	1.72	74.52	3.29
2021	62	18.93	14.78	24.08	314.83	1.72	74.52	3.29
2021	63	18.93	14.78	24.08	314.83	1.72	74.52	3.29
2021	64	18.93	14.78	24.08	314.83	1.72	74.52	3.29
2021	65	18.93	14.78	24.08	314.83	1.72	74.52	3.29
2021	66	18.93	14.78	24.08	314.83	1.72	74.52	3.29
2021	67	18.93	14.78	24.08	314.83	1.72	74.52	3.29
2021	68	18.93	14.78	24.08	314.83	1.72	74.52	3.29
2021	69	18.93	14.78	24.08	314.83	1.72	74.52	3.29
2021	70	18.93	14.78	24.08	314.83	1.72	74.52	3.29
2021	71	18.93	14.78	24.08	314.83	1.72	74.52	3.29
2021	72	18.93	14.78	24.08	314.83	1.72	74.52	3.29
2021	73	18.93	14.78	24.08	314.83	1.72	74.52	3.29
2021	74	18.93	14.78	24.08	314.83	1.72	74.52	3.29
2021	75	18.93	14.78	24.08	314.83	1.72	74.52	3.29
2021	76	18.93	14.78	24.08	314.83	1.72	74.52	3.29
2021	77	18.93	14.78	24.08	314.83	1.72	74.52	3.29
2021	78	18.93	14.78	24.08	314.83	1.72	74.52	3.29
2021	79	18.93	14.78	24.08	314.83	1.72	74.52	3.29
2021	80	18.93	14.78	24.08	314.83	1.72	74.52	3.29
2021	81	18.93	14.78	24.08	314.83	1.72	74.52	3.29
2021	82	18.93	14.78	24.08	314.83	1.72	74.52	3.29
2021	83	18.93	14.78	24.08	314.83	1.72	74.52	3.29
2021	84	18.93	14.78	24.08	314.83	1.72	74.52	3.29
2021	85	18.93	14.78	24.08	314.83	1.72	74.52	3.29
2021	86	18.93	14.78	24.08	314.83	1.72	74.52	3.29
2021	87	18.93	14.78	24.08	314.83	1.72	74.52	3.29
2021	88	18.93	14.78	24.08	314.83	1.72	74.52	3.29
2021	89	18.93	14.78	24.08	314.83	1.72	74.52	3.29
2021	90	18.93	14.78	24.08	314.83	1.72	74.52	3.29
2021	91	18.93	14.78	24.08	314.83	1.72	74.52	3.29
2021	92	18.93	14.78	24.08	314.83	1.72	74.52	3.29
2021	93	18.93	14.78	24.08	314.83	1.72	74.52	3.29
2021	94	18.93	14.78	24.08	314.83	1.72	74.52	3.29
2021	95	18.93	14.78	24.08	314.83	1.72	74.52	3.29
2021	96	18.93	14.78	24.08	314.83	1.72	74.52	3.29
2021	97	18.93	14.78	24.08	314.83	1.72	74.52	3.29
2021	98	18.93	14.78	24.08	314.83	1.72	74.52	3.29
2021	99	18.93	14.78	24.08	314.83	1.72	74.52	3.29
2021	100	18.93	14.78	24.08	314.83	1.72	74.52	3.29
2021	101	18.93	14.78	24.08	314.83	1.72	74.52	3.29
2021	102	18.93	14.78	24.08	314.83	1.72	74.52	3.29
2021	103	18.93	14.78	24.08	314.83	1.72	74.52	3.29
2021	104	18.93	14.78	24.08	314.83	1.72	74.52	3.29
2021	105	18.93	14.78	24.08	314.83	1.72	74.52	3.29
2021	106	18.93	14.78	24.08	314.83	1.72	74.52	3.29
2021	107	18.93	14.78	24.08	314.83	1.72	74.52	3.29
2021	108	18.93	14.78	24.08	314.83	1.72	74.52	3.29
2021	109	18.93	14.78	24.08	314.83	1.72	74.52	3.29
2021	110	18.93	14.78	24.08	314.83	1.72	74.52	3.29
2021	111	18.93	14.78	24.08	314.83	1.72	74.52	3.29
2021	112	18.93	14.78	24.08	314.83	1.72	74.52	3.29
2021	113	18.93	14.78	24.08	314.83	1.72	74.52	3.29
2021	114	18.93	14.78	24.08	314.83	1.72	74.52	3.29
2021	115	18.93	14.78	24.08	314.83	1.72	74.52	3.29
2021	116	18.93	14.78	24.08	314.83	1.72	74.52	3.29
2021	117	18.93	14.78	24.08	314.83	1.72	74.52	3.29
2021	118	18.93	14.78	24.08	314.83	1.72	74.52	3.29
2021	119	18.93	14.78	24.08	314.83	1.72	74.52	3.29
2021	120	18.93	14.78	24.08	314.83	1.72	74.52	3.29
2021	121	18.93	14.78	24.08	314.83	1.72	74.52	3.29
2021	122	18.93	14.78	24.08	314.83	1.72	74.52	3.29
2021	123	18.93	14.78	24.08	314.83	1.72	74.52	3.29
2021	124	18.93	14.78	24.08	314.83	1.72	74.52	3.29
2021	125	18.93	14.78	24.08	314.83	1.72	74.52	3.29
2021	126	18.93	14.78	24.08	314.83	1.72	74.52	3.29
2021	127	18.93	14.78	24.08	314.83	1.72	74.52	3.29
2021	128	18.93	14.78	24.08	314.83	1.72	74.52	3.29
2021	129	18.93	14.78	24.08	314.83	1.72	74.52	3.29
2021	130	18.93	14.78	24.08	314.83	1.72	74.52	3.29
2021	131	18.93	14.78	24.08	314.83	1.72	74.52	3.29
2021	132	18.93	14.78	24.08	314.83	1.72	74.52	3.29
2021	133	18.93	14.78	24.08	314.83	1.72	74.52	3.29
2021	134	18.93	14.78	24.08	314.83	1.72	74.52	3.29
2021	135	18.93	14.78	24.08	314.83	1.72	74.52	3.29
2021	136	18.93	14.78	24.08	314.83	1.72	74.52	3.29
2021	137	18.93	14.78	24.08	314.83	1.72	74.52	3.29
2021	138	18.93	14.78	24.08	314.83	1.72	74.52	3.29
2021	139	18.93	14.78	24.08	314.83	1.72	74.52	3.29
2021	140	18.93	14.78	24.08	314.83	1.72	74.52	3.29
2021	141	18.93	14.78	24.08	314.83	1.72	74.52	3.29
2021	142	18.93	14.78	24.08	314.83	1.72	74.52	3.29
2021	143	18.93	14.78	24.08	314.83	1.72	74.52	3.29
2021	144	18.93	14.78	24.08	314.83	1.72	74.52	3.29
2021	145	18.93	14.78	24.08	314.83	1.72	74.52	3.29
2021	146	18.93	14.78	24.08	314.83	1.72	74.52	3.29
2021	147	18.93	14.78	24.08	314.83	1.72	74.52	3.29
2021	148	18.93	14.78	24.08	314.83	1.72	74.52	3.29
2021	149	18.93	14.78	24.08	314.83	1.72	74.52	3.29
2021	150	18.93	14.78	24.08	314.83	1.72	74.52	3.29
2021	151	18.93	14.78	24.08	314.83	1.72	74.52	3.29
2021	152	18.93	14.78	24.08	314.83	1.72	74.52	3.29
2021	153	18.93	14.78	24.08	314.83	1.72	74.52	3.29
2021	154	18.93	14.78	24.08	314.83	1.72	74.52	3.29
2021	155	18.93	14.78	24.08	314.83	1.72	74.52	3.29
2021	156	18.93	14.78	24.08	314.83	1.72	74.52	3.29
2021	157	18.93	14.78	24.08	314.83	1.72	74.52	3.29
2021	158	18.93	14.78	24.08	314.83	1.72	74.52	3.29
2021	159	18.93	14.78	24.08	314.83	1.72	74.52	3.29
2021	160	18.93	14.78	24.08	314.83	1.72	74.52	3.29
2021	161	18.93	14.78	24.08	314.83	1.72	74.52	3.29
2021	162	18.93	14.78	24.08	314.83	1.72	74.52	3.29
2021	163	18.93	14.78	24.08	314.83	1.72	74.52	3.29
2021	164	18.93	14.78	24.08	314.83	1.72	74.52	3.29
2021	165	18.93	14.78	24.08	314.83	1.72	74.52	3.29
2021	166	18.93	14.78	24.08	314.83	1.72	74.52	3.29
2021	167	18.93	14.78	24.08	314.83	1.72	74.52	3.29
2021	168	18.93	14.78	24.08	314.83	1.72	74.52	3.29
2021	169	18.93	14.78	24.08	314.83	1.72	74.52	3.29
2021	170	18.93	14.78	24.08	314.83	1.72	74.52	3.29
2021	171	18.93	14.78	24.08	314.83	1.72	74.52	3.29
2021	172	18.93	14.78	24.08	314.83	1.72	74.52	3.29
2021	173	18.93	14.78	24.08	314.83	1.72	74.52	3.29
2021	174	18.93	14.78	24.08	314.83	1.72	74.52	3.29
2021	175	18.93	14.78	24.08	314.83	1.72	74.52	3.29
2021	176	18.93	14.78	24.08	314.83	1.72	74.52	3.29
2021	177	18.93	14.78	24.08	314.83	1.72	74.52	3.29
2021	178	18.93	14.78	24.08	314.83	1.72	74.52	3.29
2021	179	18.93	14.78	24.08	314.83	1.72	74.52	3.29
2021	180	18.93	14.78	24.08	314.83	1.72	74.52	3.29
2021	181	18.93	14.78	24.08	314.83	1.72	74.52	3.29
2021	182	18.93	14.78	24.08	314.83	1.72	74.52	3.29
2021	183	18.93	14.78	24.08	314.83	1.72	74.52	3.29
2021	184	18.93	14.78	24.08	314.83	1.72	74.52	3.29
2021	185	18.93	14.78	24.08	314.83	1.72	74.52	3.29
2021	186	18.93	14.78	24.08	314.83	1.72	74.52	3.29
2021	187	18.93	14.78	24.08	314.83	1.72	74.52	3.29
2021	188	18.93	14.78	24.08	314.83	1.72	74.52	3.29
2021	189	18.93	14.78	24.08	314.83	1.72	74.52	3.29
2021	190	18.93	14.78	24.08	314.83	1.72	74.52	3.29
2021	191	18.93	14.78	24.08	314.83	1.72	74.52	3.29
2021	192	18.93	14.78	24.08	314.83	1.72	74.52	3.29
2021	193	18.93	14.78	24.08	314.83	1.72	74.52	3.29
2021	194	18.93	14.78	24.08	314.83	1.72	74.52	3.29
2021	195	18.93	14.78	24.08	314.83	1.72	74.52	3.29
2021	196	18.93	14.78	24.08	314.83	1.72	74.52	3.29
2021	197	18.93	14.78	24.08	314.83	1.72	74.52	3.29
2021	198	18.93	14.78	24.08	314.83	1.72	74.52	3.29
2021	199	18.93	14.78	24.08	314.83	1.72	74.52	3.29
2021	200	18.93	14.78	24.08	314.83	1.72	74.52	3.29
2021	201	18.93	14.78	24.08	314.83	1.72	74.52	3.29
2021	202	18.93	14.78	24.08	314.83	1.72	74.52	3.29
2021	203	18.93	14.78	24.08	314.83	1.72	74.52	3.29
2021	204	18.93	14.78	24.08	314.83	1.72	74.52	3.29
2021	205	18.93	14.78	24.08	314.83	1.72	74.52	3.29
2021	206	18.93	14.78	24.08	314.83	1.72	74.52	3.29
2021	207	18.93	14.78	24.08	314.83	1.72	74.52	3.29
2021	208	18.93	14.78	24.08	314.83	1.72	74.52	3.29
2021	209	18.93	14.78	24.08	314.83	1.72	74.52	3.29
2021	210	18.93	14.78	24.08	314.83	1.72	74.52	3.29
2021	211	18.93	14.78	24.08	314.83	1.72	74.52	3.29
2021	212	18.93	14.78	24.08	314.83	1.72	74.52	3.29
2021	213	18.93	14.78	24.08	314.83	1.72	74.52	3.29
2021	214	18.93	14.78	24.08	314.83	1.72	74.52	3.29
2021	215	18.93	14.78	24.08	314.83	1.72	74.52	3.29
2021	216	18.93	14.78	24.08	314.83	1.72	74.52	3.29
2021	217	18.93	14.78	24.08	314.83	1.72	74.52	3.29
2021	218	18.93	14.78	24.08	314.83	1.72	74.52	3.29
2021	219	18.93	14.78	24.08	314.83	1.72	74.52	3.29
2021	220	18.93	14.78	24.08	314.83	1.72	74.52	3.29
2021	221	18.93	14.78	24.08	314.83	1.72	74.52	3.29
2021	222	18.93	14.78	24.08	314.83	1.72	74.52	3.29
2021	223	18.93	14.78	24.08	314.83	1.72	74.52	3.29
2021	224	18.93	14.78	24.08	314.83	1.72	74.52	3.29
2021	225	18.93	14.78	24.08	314.83	1.72	74.52	3.29
2021	226	18.93	14.78	24.08	314.83	1.72	74.52	3.29
2021	227	18.93	14.78	24.08	314.83	1.72	74.52	3.29
2021	228	18.93	14.78	24.08	314.83	1.72	74.52	3.29
2021	229	18.93	14.78	24.08	314.83	1.72	74.52	3.29
2021	230	18.93	14.78	24.08	314.83	1.72	74.52	3.29
2021	231	18.93	14.78	24.08	314.83	1.72	74.52	3.29
2021	232	18.93	14.78	24.08	314.83	1.72	74.52	3.29
2021	233	18.93	14.78	24.08	314.83	1.72	74.52	3.29
2021	234	18.93	14.78	24.08	314.83	1.72	74.52	3.29
2021	235	18.93	14.78	24.08	314.83	1.72	74.52	3.29
2021	236	18.93	14.78	24.08	314.83	1.72	74.52	3.29
2021	237	18.93	14.78	24.08	314.83	1.72	74.52	3.29
2021	238	18.93	14.78	24.08	314.83	1.72	74.52	3.29
2021	239	18.93	14.78	24.08	314.83	1.72	74.52	3.29
2021	240	18.93	14.78	24.08	314.83	1.72	74.52	3.29
2021	241	18.93	14.78	24.08	314.83	1.72	74.52	3.29
2021	242	18.93	14.78	24.08	314.83	1.72	74.52	3.29
2021	243	18.93	14.78	24.08	314.83	1.72	74.52	3.29
2021	244	18.93	14.78	24.08	314.83	1.72	74.52	3.29
2021	245	18.93	14.78	24.08	314.83	1.72	74.52	3.29
2021	246	18.93	14.78	24.08	314.83	1.72	74.52	3.29
2021	247	18.93	14.78	24.08	314.83	1.72	74.52	3.29
2021	248	18.93	14.78	24.08	314.83	1.72	74.52	3.29
2021	249	18.93	14.78	24.08	314.83	1.72	74.52	3.29
2021	250	18.93	14.78	24.08	314.83	1.72	74.52	3.29
2021	251	18.93	14.78	24.08	314.83	1.72	74.52	3.29
2021	252	18.93	14.78	24.08	314.83	1.72	74.52	3.29
2021	253	18.93	14.78	24.08	314.83	1.72	74.52	3.29
2021	254	18.93	14.78	24.08	314.83	1.72	74.52	3.29
2021	255	18.93	14.78	24.08	314.83	1.72	74.52	3.29
2021	256	18.93	14.78	24.08	314.83	1.72	74.52	3.29
2021	257	18.93	14.78	24.08	314.83	1.72	74.52	3.29
2021	258	18.93	14.78	24.08	314.83	1.72	74.52	3.29
2021	259	18.93	14.78	24.08	314.83	1.72	74.52	3.29
2021	260	18.93	14.78	24.08	314.83	1.72	74.52	3.29
2021	261	18.93	14.78	24.08	314.83	1.72	74.52	3.29
2021	262	18.93	14.78	24.08	314.83	1.72	74.52	3.29
2021	263	18.93	14.78	24.08	314.83	1.72	74.52	3.29
2021	264	18.93	14.78	24.08	314.83	1.72	74.52	3.29
2021	265	18.93	14.78	24.08	314.83	1.72	74.52	3.29
2021	266	18.93	14.78	24.08	314.83	1.72	74.52	3.29
2021	267	18.93	14.78	24.08	314.83	1.72	74.52	3.29
2021	268	18.93	14.78	24.08	314.83	1.72	74.52	3.29
2021	269	18.93	14.78	24.08	314.83	1.72	74.52	3.29
2021	270	18.93	14.78	24.08	314.83	1.72	74.52	3.29
2021	271	18.93	14.78	24.08	314.83	1.72	74.52	3.29
2021	272	18.93	14.78	24.08	314.83	1.72	74.52	3.29
2021	273	18.93	14.78	24.08	314.83	1.72	74.52	3.29
2021	274	18.93	14.78	24.08	314.83	1.72	74.52	3.29
2021	275	18.93	14.78	24.08	314.83	1.72	74.52	3.29
2021	276	18.93	14.78	24.08	314.83	1.72	74.52	3.29
2021	277	18.93	14.78	24.08	314.83	1.72	74.52	3.29
2021	278	18.93	14.78	24.08	314.83	1.72	74.52	3.29
2021	279	18.93	14.78	24.08	314.83	1.72	74.52	3.29
2021	280	18.93	14.78	24.08	314.83	1.72	74.52	3.29
2021	281	18.93	14.78	24.08	314.83	1.72	74.52	3.29
2021	282	18.93	14.78	24.08	314.83	1.72	74.52	3.29
2021	283	18.93	14.78	24.08	314.83	1.72	74.52	3.29
2021	284	18.93	14.78	24.08	314.83	1.72	74.52	3.29
2021	285	18.93	14.78	24.08	314.83	1.72	74.52	3.29
2021	286	18.93	14.78	24.08	314.83	1.72	74.52	3.29
2021	287	18.93	14.78	24.08	314.83	1.72	74.52	3.29
2021	288	18.93	14.78	24.08	314.83	1.72	74.52	3.29
2021	289	18.93	14.78	24.08	314.83	1.72	74.52	3.29
2021	290	18.93	14.78	24.08	314.83	1.72	74.52	3.29
2021	291	18.93	14.78	24.08	314.83	1.72	74.52	3.29
2021	292	18.93	14.78	24.08	314.83	1.72	74.52	3.29
2021	293	18.93	14.78	24.08	314.83	1.72	74.52	3.29
2021	294	18.93	14.78	24.08	314.83	1.72	74.52	3.29
2021	295	18.93	14.78	24.08	314.83	1.72	74.52	3.29
2021	296	18.93	14.78	24.08	314.83	1.72	74.52	3.29
2021	297	18.93	14.78	24.08	314.83	1.72	74.52	3.29
2021	298	18.93	14.78	24.08	314.83	1.72	74.52	3.29
2021	299	18.93	14.78	24.08	314.83	1.72	74.52	3.29
2021	300	18.93	14.78	24.08	314.83	1.72	74.52	3.29
2021	301	18.93	14.78	24.08	314.83	1.72	74.52	3.29
2021	302	18.93	14.78	24.08	314.83	1.72	74.52	3.29
2021	303	18.93	14.78	24.08	314.83	1.72	74.52	3.29
2021	304	18.93	14.78	24.08	314.83	1.72	74.52	3.29
2021	305	18.93	14.78	24.08	314.83	1.72	74.52	3.29
2021	306	18.93	14.78	24.08	314.83	1.72	74.52	3.29
2021	307	18.93	14.78	24.08	314.83	1.72	74.52	3.29
2021	308	18.93	14.78	24.08	314.83	1.72	74.52	3.29
2021	309	18.93	14.78	24.08	314.83	1.72	74.52	3.29
2021	310	18.93	14.78	24.08	314.83	1.72	74.52	3.29
2021	311	18.93	14.78	24.08	314.83	1.72	74.52	3.29
2021	312	18.93	14.78	24.08	314.83	1.72	74.52	3.29
2021	313	18.93	14.78	24.08	314.83	1.72	74.52	3.29
2021	314	18.93	14.78	24.08	314.83	1.72	74.52	3.29
2021	315	18.93	14.78	24.08	314.83	1.72	74.52	3.29
2021	316	18.93	14.78	24.08	314.83	1.72	74.52	3.29
2021	317	18.93	14.78	24.08	314.83	1.72	74.52	3.29
2021	318	18.93	14.78	24.08	314.83	1.72	74.52	3.29
2021	319	18.93	14.78	24.08	314.83	1.72	74.52	3.29
2021	320	18.93	14.78	24.08	314.83	1.72	74.52	3.29
2021	321	18.93	14.78	24.08	314.83	1.72	74.52	3.29
2021	322	18.93	14.78	24.08	314.83	1.72	74.52	3.29
2021	323	18.93	14.78	24.08	314.83	1.72	74.52	3.29
2021	324	18.93	14.78	24.08	314.83	1.72	74.52	3.29
2021	325	18.93	14.78	24.08	314.83	1.72	74.52	3.29
2021	326	18.93	14.78	24.08	314.83	1.72	74.52	3.29
2021	327	18.93	14.78	24.08	314.83	1.72	74.52	3.29
2021	328	18.93	14.78	24.08	314.83	1.72	74.52	3.29
2021	329	18.93	14.78	24.08	314.83	1.72	74.52	3.29
2021	330	18.93	14.78	24.08	314.83	1.72	74.52	3.29
2021	331	18.93	14.78	24.08	314.83	1.72	74.52	3.29
2021	332	18.93	14.78	24.08	314.83	1.72	74.52	3.29
2021	333	18.93	14.78	24.08	314.83	1.72	74.52	3.29
2021	334	18.93	14.78	24.08	314.83	1.72	74.52	3.29
2021	335	18.93	14.78	24.08	314.83	1.72	74.52	3.29
2021	336	18.93	14.78	24.08	314.83	1.72	74.52	3.29
2021	337	18.93	14.78	24.08	314.83	1.72	74.52	3.29
2021	338	18.93	14.78	24.08	314.83	1.72	74.52	3.29
2021	339	18.93	14.78	24.08	314.83	1.72	74.52	3.29
2021	340	18.93	14.78	24.08	314.83	1.72	74.52	3.29
2021	341	18.93	14.78	24.08	314.83	1.72	74.52	3.29
2021	342	18.93	14.78	24.08	314.83	1.72	74.52	3.29
2021	343	18.93	14.78	24.08	314.83	1.72	74.52	3.29
2021	344	18.93	14.78	24.08	314.83	1.72	74.52	3.29
2021	345	18.93	14.78	24.08	314.83	1.72	74.52	3.29
2021	346	18.93	14.78	24.08	314.83	1.72	74.52	3.29
2021	347	18.93	14.78	24.08	314.83	1.72	74.52	3.29
2021	348	18.93	14.78	24.08	314.83	1.72	74.52	3.29
2021	349	18.93	14.78	24.08	314.83	1.72	74.52	3.29
2021	350	18.93	14.78	24.08	314.83	1.72	74.52	3.29
2021	351	18.93	14.78	24.08	314.83	1.72	74.52	3.29
2021	352	18.93	14.78	24.08	314.83	1.72	74.52	3.29
2021	353	18.93	14.78	24.08	314.83	1.72	74.52	3.29
2021	354	18.93	14.78	24.08	314.83	1.72	74.52	3.29
2021	355	18.93	14.78	24.08	314.83	1.72	74.52	3.29
2021	356	18.93	14.78	24.08	314.83	1.72	74.52	3.29
2021	357	18.93	14.78	24.08	314.83	1.72	74.52	3.29
2021	358	18.93	14.78	24.08	314.83	1.72	74.52	3.29
2021	359	18.93	14.78	24.08	314.83	1.72	74.52	3.29
2021	360	18.93	14.78	24.08	314.83	1.72	74.52	3.29
2021	361	18.93	14.78	24.08	314.83	1.72	74.52	3.29
2021	362	18.93	14.78	24.08	314.83	1.72	74.52	3.29
2021	363	18.93	14.78	24.08	314.83	1.72	74.52	3.29
2021	364	18.93	14.78	24.08	314.83	1.72	74.52	3.29
2021	365	18.93	14.78	24.08	314.83	1.72	74.52	3.29
2022	1	18.93	14.78	24.08	314.83	1.72	74.52	3.29
2022	2	18.93	14.78	24.08	314.83	1.72	74.52	3.29
2022	3	18.93	14.78	24.08	314.83	1.72	74.52	3.29
2022	4	18.93	14.78	24.08	314.83	1.72	74.52	3.29
2022	5	18.93	14.78	24.08	314.83	1.72	74.52	3.29
2022	6	18.93	14.78	24.08	314.83	1.72	74.52	3.29
2022	7	18.93	14.78	24.08	314.83	1.72	74.52	3.29
2022	8	18.93	14.78	24.08	314.83	1.72	74.52	3.29
2022	9	18.93	14.78	24.08	314.83	1.72	74.52	3.29
2022	10	18.93	14.78	24.08	314.83	1.72	74.52	3.29
2022	11	18.93	14.78	24.08	314.83	1.72	74.52	3.29
2022	12	18.93	14.78	24.08	314.83	1.72	74.52	3.29
2022	13	18.93	14.78	24.08	314.83	1.72	74.52	3.29
2022	14	18.93	14.78	24.08	314.83	1.72	74.52	3.29
2022	15	18.93	14.78	24.08	314.83	1.72	74.52	3.29
2022	16	18.93	14.78	24.08	314.83	1.72	74.52	3.29
2022	17	18.93	14.78	24.08	314.83	1.72	74.52	3.29
2022	18	18.93	14.78	24.08	314.83	1.72	74.52	3.29
2022	19	18.93	14.78	24.08	314.83	1.72	74.52	3.29
2022	20	18.93	14.78	24.08	314.83	1.72	74.52	3.29
2022	21	18.93	14.78	24.08	314.83	1.72	74.52	3.29
2022	22	18.93	14.78	24.08	314.83	1.72	74.52	3.29
2022	23	18.93	14.78	24.08	314.83	1.72	74.52	3.29
2022	24	18.93	14.78	24.08	314.83	1.72	74.52	3.29
2022	25	18.93	14.78	24.08	314.83	1.72	74.52	3.29
2022	26	18.93	14.78	24.08	314.83	1.72	74.52	3.29
2022	27	18.93	14.78	24.08	314.83	1.72	74.52	3.29
2022	28	18.93	14.78	24.08	314.83	1.72	74.52	3.29
2022	29	18.93	14.78	24.08	314.83	1.72	74.52	3.29
2022	30	18.93	14.78	24.08	314.83	1.72	74.52	3.29
2022	31	18.93	14.78	24.08	314.83	1.72	74.52	3.29
2022	32	18.93	14.78	24.08	314.83	1.72	74.52	3.29
2022	33	18.93	14.78	24.08	314.83	1.72	74.52	3.29
2022	34	18.93	14.78	24.08	314.83	1.72	74.52	3.29
2022	35	18.93	14.78	24.08	314.83	1.72	74.52	3.29
2022	36	18.93	14.78	24.08	314.83	1.72	74.52	3.29
2022	37	18.93	14.78	24.08	314.83	1.72	74.52	3.29
2022	38	18.93	14.78	24.08	314.83	1.72	74.52	3.29
2022	39	18.93	14.78	24.08	314.83	1.72	74.52	3.29
2022	40	18.93	14.78	24.08	314.83	1.72	74.52	3.29
2022	41	18.93	14.78	24.08	314.83	1.72	74.52	3.29
2022	42	18.93	14.78	24.08	314.83	1.72	74.52	3.29
2022	43	18.93	14.78	24.08	314.83	1.72	74.52	3.29
2022	44	18.93	14.78	24.08	314.83	1.72	74.52	3.29
2022	45	18.93	14.78	24.08	314.83	1.72	74.52	3.29
2022	46	18.93	14.78	24.08	314.83	1.72	74.52	3.29
2022	47	18.93	14.78	24.08	314.83	1.72	74.52	3.29
2022	48	18.93	14.78	24.08	314.83	1.72	74.52	3.29
2022	49	18.93	14.78	24.08	314.83	1.72	74.52	3.29
2022	50	18.93	14.78	24.08	314.83	1.72	74.52	3.29
2022	51	18.93	14.78	24.08	314.83	1.72	74.52	3.29
2022	52	18.93	14.78	24.08	314.83	1.72	74.52	3.29
2022	53	18.93	14.78	24.08	314.83	1.72	74.52	3.29
2022	54	18.93	14.78	24.08	314.83	1.72	74.52	3.29
2022	55	18.93	14.78	24.08	314.83	1.72	74.52	3.29
2022	56	18.93	14.78	24.08	314.83	1.72	74.52	3.29
2022	57	18.93	14.78	24.08	314.83	1.72	74.52	3.29
2022	58	18.93	14.78	24.08	314.83	1.72	74.52	3.29
2022	59	18.93	14.78	24.08	314.83	1.72	74.52	3.29
2022	60	18.93	14.78	24.08	314.83	1.72	74.52	3.29
2022	61	18.93	14.78	24.08	314.83	1.72	74.52	3.29
2022	62	18.93	14.78	24.08	314.83	1.72	74.52	3.29
2022	63	18.93	14.78	24.08	314.83	1.72	74.52	3.29
2022	64	18.93	14.78	24.08	314.83	1.72	74.52	3.29
2022	65	22.61	18.14	27.06	517.46	0	74.52	5.08
2022	66	20.83	15.18	27.21	528.88	0	74.52	3.23
2022	67	21.27	15.43	27.73	494.88	0	74.52	3.21
2022	68	21.07	14.75	27.93	353.33	0	74.52	3.65
2022	69	20.98	15.25	27.77	375.35	0	74.52	3.52
2022	70	21.59	14.99	27.72	366.26	0	74.52	3.08
2022	71	21.4	14.5	28.2	386.32	0	74.52	4.25
2022	72	22.04	14.76	29.13	384.18	0	74.52	3.34
2022	73	22.27	16.06	29.03	334.13	0	74.52	3.27
2022	74	22.39	14.51	28.8	351.29	0	74.52	3.28
2022	75	22.78	16.75	29.3	298	0	74.52	3.52
2022	76	22.01	16.43	28.75	284.89	0	74.52	3.8
2022	77	21.13	15.24	27.01	321.74	0	74.52	3.38
2022	78	21.67	16.21	28.24	381.55	0	74.52	2.96
2022	79	22.28	16.2	28.67	358.83	0	74.52	3.39
2022	80	21.83	16.28	27.34	355.4	0	74.52	4.27
2022	81	21.58	16.2	27.36	354.68	0	74.52	3.89
2022	82	21.82	15.3	28.53	379.24	0	74.52	3.6
2022	83	22.05	16.71	27.72	322.01	0	74.52	3.66
2022	84	22.06	16.58	29.12	337.91	0	74.52	3.15
2022	85	20.81	15.65	26.22	318.85	4.5	74.52	3.73
2022	86	21.02	16.65	26.07	271.42	0	74.52	2.57
2022	87	20.29	15.96	25.77	381.87	0	74.52	3.37
2022	88	20.47	17.08	25.38	381.39	0	74.52	4.23
2022	89	18.9	15.57	23.09	362.97	0	74.52	3.86
2022	90	18.26	13.56	23.46	393.89	0	74.52	4.08
2022	91	17.87	16.88	20.04	182.17	0	74.52	3.61
2022	92	17.41	16.39	19.4	364.73	0	74.52	4.89
2022	93	17.33	16.09	18.86	395.47	0	74.52	3.67
2022	94	17.9	16.71	19.79	500.3	0	74.52	3.31
2022	95	18.48	16.5	21.8	435.73	0	74.52	3.31
2022	96	20.76	17.2	26.16	344.82	0	74.52	3.7
2022	97	20.3	16.24	25.6	383.6	0	74.52	3.74
2022	98	20.37	16.15	25.71	320.09	0	74.52	3.57
2022	99	20.27	15.7	25.75	426.45	0	74.52	3.44
2022	100	20.14	15.14	24.78	394.99	0	74.52	4.34
2022	101	20.72	15.58	25.31	348.56	0	74.52	3.29
2022	102	20.87	14.68	26.7	397.46	0	74.52	2.57
2022	103	21.32	16.92	27.05	372.32	0	74.52	3.46
2022	104	20.92	16.82	25.8	439.99	0	74.52	4.03
2022	105	20.86	16.47	25.97	377.99	0	74.52	3.38
2022	106	21.36	15.9	27.15	286.98	0	74.52	2.75
2022	107	20.45	16.05	26.11	243.27	1.3	74.52	2.5
2022	108	20.96	16.83	26.4	297.66	0	74.52	3.55
2022	109	20.75	15.69	26.31	291.22	1.5	74.52	3.47
2022	110	18.9	14.59	23.76	190.41	45.9	74.52	3.16
2022	111	19.86	16.42	24.57	322.35	0	74.52	2.73
2022	112	18.7	16.64	23.7	306.2	15.8	74.52	2.43
2022	113	18.96	16.32	23.2	365	3.6	74.52	3.1
2022	114	19.05	16.42	23.04	424.46	0.7	74.52	3.7
2022	115	19.4	15.87	24.19	434.48	0	74.52	2.43
2022	116	20.27	16.68	25.21	465.23	0	74.52	2.86
2022	117	19.9	16.68	24.1	308.32	0	74.52	2.87
2022	118	18.78	16.7	22.3	174.7	3.8	74.52	2.63
2022	119	18.99	16.09	23.58	349	5.2	74.52	3.1
2022	120	19.44	15.56	24.41	414.9	0	74.52	2.39
2022	121	19.38	15.84	24.19	260.67	5	74.52	2.79
2022	122	19.6	16.52	24.68	332.81	0	74.52	3.17
2022	123	18.51	16.14	23.2	216.65	0.4	74.52	2.81
2022	124	18.22	14.05	22.76	352.38	0	74.52	2.79
2022	125	18.55	15.9	21.27	235.94	0.1	74.52	2.73
2022	126	18.66	15.12	22.6	244.17	0	74.52	2.7
2022	127	18.84	15.48	23.33	282.47	0	74.52	3.06
2022	128	19.77	15.77	24.98	458.65	0	74.52	2.85
2022	129	20	15.75	25.75	399.5	0	74.52	2.62
2022	130	19.42	14.89	25.43	395.8	0	74.52	2.81
2022	131	19.93	15.68	25.72	388.28	0	74.52	2.9
2022	132	19.32	14.66	25.34	372.58	0	74.52	2.77
2022	133	19.18	13.56	25.28	360.32	0	74.52	2.62
2022	134	19.73	15.11	25.98	380.26	0	74.52	3.28
2022	135	19.21	14.67	24.78	338.9	0	74.52	3.67
2022	136	17.97	13.89	22.8	126.03	0	74.52	3.16
2022	137	18.22	13.29	23.64	221.14	0	74.52	2.87
2022	138	17.99	14.15	23.21	297.82	0	74.52	2.73
2022	139	17.78	12.57	23.88	293.66	0	74.52	2.31
2022	140	19.31	14.84	25.6	365.66	0	74.52	3.31
2022	141	19.76	15.29	25.54	326.95	0	74.52	3.2
2022	142	20.13	15.22	26.38	228.16	0	74.52	2.55
2022	143	21.48	16.24	27.64	428.29	0	74.52	2.91
2022	144	19.82	14.6	25.66	340.46	0	74.52	2.95
2022	145	20.11	14.9	25.69	222.91	0	74.52	2.62
2022	146	20.08	16.21	24.9	191.73	0	74.52	2.72
2022	147	19.27	15.78	23.44	144.32	0.3	74.52	2.78
2022	148	19.04	15.74	23.75	225.56	0	74.52	2.76
2022	149	18.66	14.92	23.37	155.93	0	74.52	3.04
2022	150	18.34	14.99	22.29	118.09	0	74.52	2.94
2022	151	18.31	15.02	22.61	195.74	0	74.52	2.87
2022	152	18.84	15.07	24.15	294.23	0	74.52	3.02
2022	153	18.12	14.85	22.86	252.02	0	74.52	4.09
2022	154	17.28	13.28	22.36	199.75	0	74.52	3.1
2022	155	17.88	12.02	24.06	341.99	0	74.52	3.66
2022	156	17.92	11.04	24.49	301.21	0	74.52	2.58
2022	157	17.56	15.1	22.16	232.19	0	74.52	3.6
2022	158	17.65	14.17	21.59	196.69	0	74.52	3.64
2022	159	18.3	14.41	23.32	157.44	0	74.52	2.71
2022	160	17.25	13.26	22.4	159.74	0	74.52	2.33
2022	161	18.05	14.06	23.04	161.27	0	74.52	2.93
2022	162	18.53	15.08	22.87	202.85	0	74.52	2.86
2022	163	17.72	14.75	22.14	107.21	0	74.52	2.94
2022	164	17.4	14.69	20.6	56.58	0	74.52	2.62
2022	165	18.54	13.6	25.2	189.02	0	74.52	2.89
2022	166	18.21	13.87	23.45	243.41	0	74.52	2.5
2022	167	18.51	13	24.43	280.19	0	74.52	3.28
2022	168	17.88	13.29	22.65	232.95	0	74.52	3.66
2022	169	17.94	13.13	23.59	178.98	0	74.52	3.24
2022	170	17.34	13.66	20.91	56.5	0	74.52	3.06
2022	171	17.32	14.39	22.72	95.34	0	74.52	3.21
2022	172	17.52	11.97	23.34	313.92	0	74.52	2.64
2022	173	17.31	14.03	21.74	168.96	0	74.52	2.83
2022	174	17.17	14.23	20.82	50.52	0	74.52	3.37
2022	175	16.19	13.44	18.77	92.29	0.1	74.52	3.34
2022	176	17.48	14.42	21.78	128.3	0	74.52	2.74
2022	177	17.07	14.73	20.84	244.38	0	74.52	2.58
2022	178	16.77	13.75	20.25	72.97	0	74.52	2.65
2022	179	15.83	12.64	19.08	68.47	0	74.52	2.37
2022	180	15.55	12.03	19.18	188.56	0	74.52	2.41
2022	181	16.92	11.88	22.74	303.82	0	74.52	2.96
2022	182	15.67	12.87	18.84	59.77	0	74.52	2.76
2022	183	17.04	12.25	22.86	328.12	0	74.52	3.18
2022	184	17.76	13.49	23.66	331.93	0	74.52	3.57
2022	185	17.13	11.57	22.61	230.21	0	74.52	2.45
2022	186	16.49	12.71	21.53	72.84	0	74.52	2.19
2022	187	17.45	12.82	22.84	154.49	0	74.52	3.43
2022	188	15.61	12.39	19.3	70.14	0	74.52	3.02
2022	189	15.36	13.06	17.58	72.47	0	74.52	3.65
2022	190	15.9	13.06	19.38	81.61	0	74.52	3.71
2022	191	16.41	13.22	20.08	164.59	0	74.52	3.63
2022	192	17	13.05	23.09	286.28	0	74.52	4.3
2022	193	15.18	13.43	17.66	82.4	0	74.52	4.08
2022	194	17.31	11.5	22.93	308.22	0	74.52	2.69
2022	195	17.63	13.04	22.38	136.36	0	63.78	3.42
2022	196	17.43	13.81	22.05	150.39	0.1	73.16	4.11
2022	197	16.97	14.06	21.37	94.87	0	70.5	3.05
2022	198	15.82	12.43	18.74	48.01	0	74.91	3.56
2022	199	16.82	13.56	19.66	258.03	0	68.57	4.16
2022	200	16.21	13.3	20.87	117.78	0	69.6	3.53
2022	201	15.78	12.57	20.7	175.99	0.1	78.4	3.28
2022	202	16.43	12.59	20.69	165.73	0	68.17	3.49
2022	203	15.58	12.94	21.04	137.6	0	75.4	3.47
2022	204	16.13	12.02	21.94	227.18	0	71.17	3.57
2022	205	16.71	11.95	22.01	217.55	0	69.26	3.35
2022	206	16.52	12.16	22.15	318.48	0	69.15	3.14
2022	207	17.17	13.79	22.15	171.42	0	66.34	3.77
2022	208	16.53	11.26	22.24	263.9	0	69.19	2.86
2022	209	16.86	14.08	21.06	143.83	0	73.01	3.21
2022	210	17.01	13.89	21.47	210.36	0	75.13	3.46
2022	211	16.31	14.21	19.2	221.03	0.2	80.82	3.26
2022	212	17.04	13.71	21.67	123.77	0	71.99	2.87
2022	213	15.77	14.74	17.6	65.52	0	82.37	3.52
2022	214	15.26	13.79	17.63	29.74	0	79	2.79
2022	215	18.93	14.78	24.08	314.83	1.72	74.52	3.29
2022	216	16.37	13.5	18.73	131.65	0	75.41	4.86
2022	217	15.54	13.16	19.78	173.11	0	72.26	3.21
2022	218	15.97	10.61	21.32	140.51	0	66.09	2.78
2022	219	14.72	10.49	19.28	108.3	0	74.05	2.9
2022	220	15.17	12.94	20.3	314.83	0	70.71	3.1
2022	221	16.23	11.61	21.52	136.43	0.1	70.32	3.02
2022	222	16.54	13.18	22.49	148.94	0	69.9	3.92
2022	223	16.39	13.35	20.54	262.93	0	74.53	5.08
2022	224	16	12.99	19.88	120.28	0	68.38	4.6
2022	225	16.62	13.25	20.9	95.09	0	73.2	3.54
2022	226	15.9	12.71	19.62	64.39	0	78.45	3.45
2022	227	17.97	15.12	20.93	144.83	0	73.86	3.58
2022	228	18.36	14.54	23.32	182.8	0	70.3	3.14
2022	229	16.2	13.85	21.04	314.83	0	70.9	3.65
2022	230	16.71	10.58	23.93	319.33	0	62.69	2.93
2022	231	17.91	11.12	24.93	326.27	0	58.32	2.82
2022	232	19.29	12.07	27.28	317.81	0	54.37	3.06
2022	233	18.89	11.59	25.68	361.83	0	56.41	3.37
2022	234	17.13	11.58	23.12	317.06	0	64.51	3.45
2022	235	15.92	11.78	20.37	198.14	0	69.24	3.56
2022	236	16.31	11.63	21.08	204.48	0	62.17	3.48
2022	237	16.15	12.38	19.39	91.03	0	72.4	3.56
2022	238	17.04	14.21	21.62	174.09	0	72.9	3.89
2022	239	15.84	14.04	18.59	126.99	0	76.54	3.85
2022	240	16.53	13.43	19.45	135.2	0	71.17	3.26
2022	241	18.06	10.99	24.18	210.51	0	65.74	2.98
2022	242	18.35	12.52	25.35	337.68	0	60.96	3.39
2022	243	16.58	12.68	20.24	67.53	0	69.25	3.25
2022	244	17.57	12.39	23.49	351.03	0	61.14	2.84
2022	245	15.39	13.02	18.12	17.73	0	78.45	2.89
2022	246	16.57	12.95	21.76	143.24	0	71.21	3.02
2022	247	17.12	11.36	24.61	211.83	0	69.45	2.72
2022	248	18.33	12.8	24.05	270.34	0	65.01	2.63
2022	249	17.89	13.97	24.33	214.86	5.31	74.16	2.66
2022	250	16.04	13.76	18.49	142.43	0.1	81.88	3.44
2022	251	16.24	13.46	19.34	49.57	0	72.97	2.86
2022	252	16.45	11.87	20.14	97.48	0	68.42	3.13
2022	253	17.36	11.94	23.7	229.11	0	66	2.98
2022	254	18.19	13.59	23.95	259.01	0	69.87	3.08
2022	255	18.01	14.05	23.07	370.41	0	70.29	3.08
2022	256	16.98	13.06	21.55	213.22	0	73.42	3.39
2022	257	17.35	13.57	21.54	146.56	0	65.85	3.42
2022	258	16.79	12.99	21.06	106.98	0	70.13	4.09
2022	259	17.78	13.84	23.14	233.46	0	65.91	4.54
2022	260	17.42	13.92	21.29	154.72	0	72.98	3.78
2022	261	17.06	12.96	22.45	161.8	0	72.83	3.61
2022	262	19.08	14.39	25.4	340.08	0	67.1	3.47
2022	263	18.57	13.85	24.28	348.03	0	71.5	3.59
2022	264	18.94	13.56	25.37	346.07	0	64.96	3.78
2022	265	18.68	13.52	24.57	387.77	0	66.65	3.67
2022	266	18.71	11.93	25.07	354.81	0	59.6	3.5
2022	267	18.57	12.01	25.22	351.43	0	63.4	3.92
2022	268	18.59	13.24	23.56	304.73	0.51	66.49	4.67
2022	269	18.78	13.63	24.03	338.91	0	64.78	4.3
2022	270	18.39	12.17	24.31	376.58	0	61.17	4.13
2022	271	18.71	12.76	25.03	324.81	0	57.93	3.59
2022	272	18.77	12.6	25.29	337.09	0	59.13	3.66
2022	273	18.34	14.43	23.57	206.54	0	68.18	3.66
2022	274	18.43	14.39	24.96	341.93	13.4	70.88	3.26
2022	275	19.42	14	25.92	337.4	0	64.31	3.22
2022	276	18.88	12.78	25.6	392.88	0	63.29	3.04
2022	277	18.66	12.62	25.66	277.7	0	65.63	3.54
2022	278	18.79	13.84	25.26	396.04	0	66.62	3.81
2022	279	18.51	14.15	24.24	297.77	0	69.72	4.17
2022	280	18.67	14.44	23.88	199.26	0	65.64	3.93
2022	281	18.15	12.43	24.78	381.56	0	60.26	3.91
2022	282	18.36	14.16	23.4	319.23	0	58.33	3.68
2022	283	18.89	13.26	24.27	310.31	0	58.29	3.16
2022	284	18.25	12.49	24.48	330.25	0	60.94	3.34
2022	285	18.7	11.28	25.32	301.02	0	53.02	3.29
2022	286	18.94	13.18	25.63	352.25	0	54.43	3.25
2022	287	18.42	12.28	25.04	392.36	0	56.83	3.67
2022	288	18.47	11.66	25.02	320.5	0	60.5	3.8
2022	289	19.61	13.58	25.57	357.71	0	61.88	4.58
2022	290	20.12	14.68	25.83	303.06	0	63.51	4.18
2022	291	19.6	15.82	24.49	304.72	0	67.43	4.25
2022	292	19.28	14.47	24.79	295.06	0	65.65	4.34
2022	293	18.79	13.38	24.82	258.55	0	67.11	3.93
2022	294	19.37	14.22	25.9	361.03	0	62.1	3.74
2022	295	19.53	13.21	25.98	363.49	0	57.1	3.98
2022	296	19.96	14.31	25.6	312.81	0	61.47	4.03
2022	297	20.78	14.73	27.14	348.8	0	60.32	3.73
2022	298	20.84	15.02	26.66	335.49	0	59.09	3.7
2022	299	20.38	15.27	25.74	370.12	0	63.81	4.59
2022	300	20.21	15.26	25.5	306.24	0	65.33	4.17
2022	301	20.53	15.23	26.72	350.52	0	64.7	3.53
2022	302	20.59	15.29	26.2	321.8	0.41	61.37	4.12
2022	303	19.72	14.93	25.1	367.68	0	63.66	4.13
2022	304	19.82	15.63	25.34	283.86	0	69.09	4.76
2022	305	18.84	16.12	23.33	305.45	0.2	79.45	4.39
2022	306	18.95	16.21	23.06	255.6	0	78.02	4.9
2022	307	18.07	15.21	21.56	248.78	6.7	82.41	3.45
2022	308	19.57	15.15	25.02	305.49	0	68.45	3.83
2022	309	19.83	14.71	25.15	365.75	0	68.94	4.71
2022	310	19.48	15.87	24.56	262.12	0	75.33	4.8
2022	311	19.58	16.08	24.39	303.78	0	73.86	4.9
2022	312	19.61	15.5	24.69	352.2	0	67.34	4.08
2022	313	19.76	15.42	24.7	328.69	0	65.53	4.24
2022	314	20.14	16.14	25.14	292.3	0	67.14	4.81
2022	315	19.63	16.22	24.43	356.25	0	70.45	5.16
2022	316	18.46	15.9	22.41	201.43	0	79.44	4.61
2022	317	19.17	15.36	23.5	214	0	73.57	3.52
2022	318	18.83	16.3	22.84	74.79	0.6	76.38	3.32
2022	319	18.21	16.25	22.61	149.9	1.3	84.19	3.33
2022	320	17.63	15.71	21.45	176.99	2.5	87.11	3.78
2022	321	17.36	14.59	20.68	129.42	1.23	81.86	3.44
2022	322	18.72	14.8	24.33	308.33	0	75.22	4.07
2022	323	18.79	15.74	22.98	283.37	0	78.99	4.98
2022	324	19.07	14.69	24.05	244.93	0	74.38	3.71
2022	325	19.19	14.87	23.92	276.41	6.6	75.23	4.07
2022	326	19.08	16.25	24.44	273.36	0.1	79.62	4.5
2022	327	18.25	15.69	23.31	327.93	0	81.32	4.45
2022	328	17.88	14.48	22.08	333.48	17.9	81.39	4.31
2022	329	18.13	15.15	22.11	374.41	0.4	77.75	4.39
2022	330	18.18	14.5	23.12	368.11	0	73.7	3.7
2022	331	18.65	14.3	24.06	274.63	0	75.04	3.96
2022	332	18.64	16.02	23.18	295.12	0	79.8	4.48
2022	333	17.7	15.31	22.04	281.08	3.5	85.27	4.29
2022	334	17.62	15.56	22.25	307.22	4.2	86.05	4.4
2022	335	18.23	14.97	23.54	359.8	0.51	79.24	4.94
2022	336	18.81	14.34	24.33	301.74	0	72.81	3.98
2022	337	18.53	15.5	23.24	328.85	0	80.92	4.55
2022	338	18.11	15.1	21.48	349.17	14.8	83.92	4.31
2022	339	18.68	15.85	23.25	403.08	0.6	78.79	4.02
2022	340	19.48	15.87	24.14	388.22	0	76.32	3.56
2022	341	19.62	16.37	24.21	416.23	0.41	75.56	4.19
2022	342	19.53	16.34	24.05	385.92	0	76.6	4.67
2022	343	18.89	15.9	24.95	323.63	0	76.64	3.46
2022	344	18.93	15.39	24.04	185.3	0	76.05	2.7
2022	345	19.52	15.58	24.57	369.85	0	74.91	3.55
2022	346	17.6	15.75	20.62	116.55	1.3	85.17	3.36
2022	347	17.73	14.86	22.61	351.09	2.7	83.68	4.42
2022	348	18.38	13.71	23.41	325.59	0	78.55	3.77
2022	349	18.72	14.68	24.18	371.61	0	77.14	3.8
2022	350	19.32	14.83	24.58	332.21	0	75.61	3.79
2022	351	19.52	14.81	24.88	359.02	0	74.49	4.19
2022	352	19.73	15.01	24.79	323.02	0	71.84	4.14
2022	353	19.69	14.66	24.98	316.81	0	67.14	3.59
2022	354	20.16	15.69	25.29	320.89	0	60.93	3.97
2022	355	20.06	15.87	25.46	265.99	0	63.58	3.15
2022	356	19.79	15.88	24.24	180.97	0	71.69	4.1
2022	357	19.55	15.28	25.03	301.36	0	76.68	4.66
2022	358	19.78	14.62	25.19	299.64	0	75.68	4.03
2022	359	19.99	15.61	25.11	257.33	0	73.22	4.44
2022	360	20.04	14.84	25.48	306.69	0	71.88	4.22
2022	361	18.75	16.79	22.71	178.64	0	80.42	3.77
2022	362	19.25	15.39	23.73	249.1	0	71.77	4.25
2022	363	18.86	14.62	23.78	195.7	0	68.53	4.96
2022	364	18.58	13.95	23.49	278.37	0	65.27	4.51
2022	365	18.74	13.61	23.83	326.38	0	60.87	4.51
2023	1	19.25	14.12	24.18	280.23	0	62.72	4.63
2023	2	17.98	13.75	23.01	211.09	0.1	72.71	4.88
2023	3	17.25	15.45	20.82	214.32	10.62	87.78	5.48
2023	4	16.94	15.21	19.18	103.83	4.8	89.25	4.65
2023	5	17.62	14.54	21.55	274.51	0.2	77.42	4.38
2023	6	19.42	13.57	24.66	376.05	0	56.91	3.87
2023	7	19.6	14.23	24.56	355.46	0	60.44	4.2
2023	8	19.01	13.81	24.6	361.29	0	73.27	4.48
2023	9	19.48	16.27	24.33	277.82	0	74.98	5.09
2023	10	19.17	15.9	23.54	312.8	0	73.78	4.69
2023	11	19.18	14.34	24.06	300.67	0	70.07	4.13
2023	12	19.84	14.59	25.32	365.58	0	64.35	4.95
2023	13	19.68	13.39	25.11	359.62	0	57.99	4.46
2023	14	19.45	13.8	24.51	341.86	0	57.68	3.85
2023	15	19.78	13.98	24.89	349.03	0	53.19	4.17
2023	16	19.6	14.32	24.98	347.23	0	58.45	4.01
2023	17	19.44	13.62	24.81	280.46	0	61.1	4.05
2023	18	21.2	14.54	27.44	350.85	0	39.06	3.88
2023	19	21.45	15.57	27.25	356.5	0	43.76	3.63
2023	20	20.97	15.4	26.66	353.82	0	53.2	4.18
2023	21	20.88	14.6	26.14	356.25	0	51.04	4.37
2023	22	20.5	16.16	24.79	235.94	0	54.3	4.54
2023	23	20.05	16.04	24.84	262.47	0	65.03	4.02
2023	24	20.01	14.81	25.45	300.24	0	64.15	4.56
2023	25	20.9	14.87	26.58	352.5	0	58.19	4.1
2023	26	18.93	14.78	24.08	314.83	1.72	74.52	3.29
2023	27	18.93	14.78	24.08	314.83	1.72	74.52	3.29
2023	28	18.93	14.78	24.08	314.83	1.72	74.52	3.29
2023	29	18.93	14.78	24.08	314.83	1.72	74.52	3.29
2023	30	18.93	14.78	24.08	314.83	1.72	74.52	3.29
2023	31	18.93	14.78	24.08	314.83	1.72	74.52	3.29
2023	32	18.93	14.78	24.08	314.83	1.72	74.52	3.29
2023	33	18.93	14.78	24.08	314.83	1.72	74.52	3.29
2023	34	18.93	14.78	24.08	314.83	1.72	74.52	3.29
2023	35	18.93	14.78	24.08	314.83	1.72	74.52	3.29
2023	36	18.93	14.78	24.08	314.83	1.72	74.52	3.29
2023	37	18.93	14.78	24.08	314.83	1.72	74.52	3.29
2023	38	18.93	14.78	24.08	314.83	1.72	74.52	3.29
2023	39	18.93	14.78	24.08	314.83	1.72	74.52	3.29
2023	40	18.93	14.78	24.08	314.83	1.72	74.52	3.29
2023	41	18.93	14.78	24.08	314.83	1.72	74.52	3.29
2023	42	18.93	14.78	24.08	314.83	1.72	74.52	3.29
2023	43	18.93	14.78	24.08	314.83	1.72	74.52	3.29
2023	44	18.93	14.78	24.08	314.83	1.72	74.52	3.29
2023	45	18.93	14.78	24.08	314.83	1.72	74.52	3.29
2023	46	18.93	14.78	24.08	314.83	1.72	74.52	3.29
2023	47	18.93	14.78	24.08	314.83	1.72	74.52	3.29
2023	48	18.93	14.78	24.08	314.83	1.72	74.52	3.29
2023	49	18.93	14.78	24.08	314.83	1.72	74.52	3.29
2023	50	18.93	14.78	24.08	314.83	1.72	74.52	3.29
2023	51	18.93	14.78	24.08	314.83	1.72	74.52	3.29
2023	52	18.93	14.78	24.08	314.83	1.72	74.52	3.29
2023	53	18.93	14.78	24.08	314.83	1.72	74.52	3.29
2023	54	18.93	14.78	24.08	314.83	1.72	74.52	3.29
2023	55	18.93	14.78	24.08	314.83	1.72	74.52	3.29
2023	56	18.93	14.78	24.08	314.83	1.72	74.52	3.29
2023	57	18.93	14.78	24.08	314.83	1.72	74.52	3.29
2023	58	18.93	14.78	24.08	314.83	1.72	74.52	3.29
2023	59	18.93	14.78	24.08	314.83	1.72	74.52	3.29
2023	60	18.93	14.78	24.08	314.83	1.72	74.52	3.29
2023	61	18.93	14.78	24.08	314.83	1.72	74.52	3.29
2023	62	18.93	14.78	24.08	314.83	1.72	74.52	3.29
2023	63	18.93	14.78	24.08	314.83	1.72	74.52	3.29
2023	64	18.93	14.78	24.08	314.83	1.72	74.52	3.29
2023	65	18.93	14.78	24.08	314.83	1.72	74.52	3.29
2023	66	18.93	14.78	24.08	314.83	1.72	74.52	3.29
2023	67	18.93	14.78	24.08	314.83	1.72	74.52	3.29
2023	68	18.93	14.78	24.08	314.83	1.72	74.52	3.29
2023	69	18.93	14.78	24.08	314.83	1.72	74.52	3.29
2023	70	18.93	14.78	24.08	314.83	1.72	74.52	3.29
2023	71	18.93	14.78	24.08	314.83	1.72	74.52	3.29
2023	72	18.93	14.78	24.08	314.83	1.72	74.52	3.29
2023	73	18.93	14.78	24.08	314.83	1.72	74.52	3.29
2023	74	18.93	14.78	24.08	314.83	1.72	74.52	3.29
2023	75	18.93	14.78	24.08	314.83	1.72	74.52	3.29
2023	76	18.93	14.78	24.08	314.83	1.72	74.52	3.29
2023	77	18.93	14.78	24.08	314.83	1.72	74.52	3.29
2023	78	18.93	14.78	24.08	314.83	1.72	74.52	3.29
2023	79	18.93	14.78	24.08	314.83	1.72	74.52	3.29
2023	80	18.93	14.78	24.08	314.83	1.72	74.52	3.29
2023	81	18.93	14.78	24.08	314.83	1.72	74.52	3.29
2023	82	18.93	14.78	24.08	314.83	1.72	74.52	3.29
2023	83	18.93	14.78	24.08	314.83	1.72	74.52	3.29
2023	84	18.93	14.78	24.08	314.83	1.72	74.52	3.29
2023	85	18.93	14.78	24.08	314.83	1.72	74.52	3.29
2023	86	18.93	14.78	24.08	314.83	1.72	74.52	3.29
2023	87	18.93	14.78	24.08	314.83	1.72	74.52	3.29
2023	88	18.93	14.78	24.08	314.83	1.72	74.52	3.29
2023	89	18.93	14.78	24.08	314.83	1.72	74.52	3.29
2023	90	18.93	14.78	24.08	314.83	1.72	74.52	3.29
2023	91	18.93	14.78	24.08	314.83	1.72	74.52	3.29
2023	92	18.93	14.78	24.08	314.83	1.72	74.52	3.29
2023	93	18.93	14.78	24.08	314.83	1.72	74.52	3.29
2023	94	18.93	14.78	24.08	314.83	1.72	74.52	3.29
2023	95	18.93	14.78	24.08	314.83	1.72	74.52	3.29
2023	96	18.93	14.78	24.08	314.83	1.72	74.52	3.29
2023	97	18.93	14.78	24.08	314.83	1.72	74.52	3.29
2023	98	18.93	14.78	24.08	314.83	1.72	74.52	3.29
2023	99	18.93	14.78	24.08	314.83	1.72	74.52	3.29
2023	100	18.93	14.78	24.08	314.83	1.72	74.52	3.29
2023	101	18.93	14.78	24.08	314.83	1.72	74.52	3.29
2023	102	18.93	14.78	24.08	314.83	1.72	74.52	3.29
2023	103	18.93	14.78	24.08	314.83	1.72	74.52	3.29
2023	104	18.93	14.78	24.08	314.83	1.72	74.52	3.29
2023	105	18.93	14.78	24.08	314.83	1.72	74.52	3.29
2023	106	18.93	14.78	24.08	314.83	1.72	74.52	3.29
2023	107	18.93	14.78	24.08	314.83	1.72	74.52	3.29
2023	108	18.93	14.78	24.08	314.83	1.72	74.52	3.29
2023	109	22.3	22.3	22.3	314.83	0	64.7	3.29
2023	110	21.07	17	24.09	314.83	0	71.13	3.74
2023	111	20.16	17.07	25.36	314.83	1	80.23	2.82
2023	112	18.06	16.81	19.59	314.83	17.06	92.29	2.83
2023	113	19.19	15.33	23.64	314.83	0	80.92	2.44
2023	114	20.13	17.32	24.31	314.83	0	81.88	2.65
2023	115	18.92	15.95	22.83	314.83	5.1	86.61	2.42
2023	116	18.55	16.41	22.86	314.83	35	89.17	1.62
2023	117	19.06	15.7	23.06	314.83	0.1	80.9	2.39
2023	118	17.85	16.69	20.08	314.83	11.7	90.83	2.03
2023	119	18.04	15.51	21.49	314.83	0	85.63	2.1
2023	120	18.66	16.79	22.47	314.83	14.3	87.36	2.18
2023	121	18.02	16.16	20.28	314.83	22.6	89.17	2.66
2023	122	18.54	14.62	22.18	314.83	0.6	84.6	2.64
2023	123	18.27	16.54	21.52	314.83	0.1	89.09	3.64
2023	124	18.61	15.12	23.36	314.83	0	83.58	1.96
2023	125	18.67	14.48	23.52	314.83	0	82.14	2.29
2023	126	18.86	15.23	23.42	314.83	0	82.42	2.8
2023	127	18.79	15.61	23.07	314.83	0	83.04	2.71
2023	128	19.09	15.8	23.44	314.83	0	81.1	2.44
2023	129	18.17	16.24	21.58	314.83	0.1	86.29	3.69
2023	130	18.56	16.06	22.68	314.83	0	81.82	3.32
2023	131	18.15	15.1	22.15	314.83	0	82.4	3.2
2023	132	18.06	14.02	23.32	314.83	0	80.69	2.41
2023	133	19.24	15.48	24.25	314.83	0	80.52	2.45
2023	134	19.23	16.33	24.04	314.83	0	79.02	3.41
2023	135	18.59	14.77	23.4	314.83	0	80.56	2.58
2023	136	18.6	14.35	23.74	314.83	0	75.81	2.95
2023	137	19.07	15.98	23.06	314.83	0	78.16	2.98
2023	138	18.29	13.91	22.89	314.83	0	81.01	2.73
2023	139	18.37	14.63	23.8	314.83	0	79.61	2.45
2023	140	19.41	13.13	26.12	314.83	0	72.85	2.35
2023	141	19.27	13.3	24.7	314.83	0	73.65	2.67
2023	142	19.83	15.97	25.45	314.83	0	76.68	2.49
2023	143	19.78	16.04	24.78	314.83	0	77.59	3.21
2023	144	18.99	14.96	23.77	314.83	0	73.95	3.17
2023	145	19.11	14.58	23.87	314.83	0	72.29	3.33
2023	146	18	14.1	22.59	314.83	0	75.42	3.35
2023	147	16.64	12.72	21.05	314.83	0.3	82.01	3.15
2023	148	17.5	14.02	22.45	314.83	0.1	80.72	3.26
2023	149	16.53	14.07	19.75	314.83	2.6	89.1	3.74
2023	150	17.26	13.76	20.82	314.83	0	82.09	2.58
2023	151	18.19	15.48	23.03	165.37	0	78.43	2.52
2023	152	19.1	14.83	24.04	252.18	0	74.88	3.37
2023	153	19.11	15.58	23.99	273.08	2.6	76.13	3.6
2023	154	18	14.69	22.03	69.78	0	80.43	3.46
2023	155	17.66	13.89	22.83	199.47	0	79.68	3.11
2023	156	19.15	14.11	24.66	306.03	0	72.1	2.52
2023	157	18.83	15.25	23.88	200.96	0.2	76.26	3.01
2023	158	18.95	13.44	24.91	360.35	0	62.02	2.54
2023	159	19.36	12.31	26.04	365.95	0	64.25	2.55
2023	160	18.79	15.88	23.8	229.63	0	75.18	3.93
2023	161	18.3	13.62	24.32	251.44	0	74.56	2.85
2023	162	19.59	14.98	24.61	351.39	0	63.15	2.73
2023	163	19.64	14.92	24.48	241.6	0.2	63.95	2.52
2023	164	17.84	13.52	22.29	190.26	0	74.48	2.64
2023	165	18.81	14.98	25.01	245.06	0	78.03	2.24
2023	166	17.89	14.88	21.55	141.38	0	77.07	2.1
2023	167	18.54	14.65	23.95	188.56	0	74.76	2.65
2023	168	16.83	14.59	19.37	54.07	0	80.78	3.03
2023	169	17.38	13.35	22.42	172.24	0	74.23	2.81
2023	170	17.84	12.97	22.96	224.37	0	73.04	2.49
2023	171	18.42	14.65	22.7	138.18	0	77.27	2.83
2023	172	17.83	15.91	20.93	191.66	0	79.93	3.14
2023	173	17.11	14.77	20.05	117.71	0	78.53	2.92
2023	174	16.87	15.44	18.65	61.62	0	81.36	3.27
2023	175	17.72	14.23	22.8	198.47	0	69.59	2.7
2023	176	18.16	13.41	24.21	249.27	0	60.96	2.39
2023	177	16.67	13.5	21.31	115.2	0	76.59	2.67
2023	178	16.59	13.91	20.48	94.91	0	79.69	2.63
2023	179	17.33	12.34	22.77	236.09	0	73.82	2.46
2023	180	16.34	13.54	19.66	114.41	0	79.4	2.51
2023	181	17.5	14.71	21.1	109.4	0	75.77	3.1
2023	182	17.09	14.5	20.39	26.13	0	79.28	3.5
2023	183	16.91	14.71	19.95	85.05	0	75.76	3.45
2023	184	17.14	13.46	21.06	61.39	0	73.3	3.53
2023	185	16.5	13.97	19.82	167.11	0	73.98	3.97
2023	186	15.27	12.43	18.94	12.18	0	79.14	2.19
2023	187	18.06	15.84	19.51	95.63	0	66.31	4.78
2023	188	16.23	14.2	18.34	100.56	0	71.89	4.13
2023	189	16.26	12.37	20.81	159.02	0	72.12	3.26
2023	190	16.77	11.2	23.56	248.11	0	72.19	2.32
2023	191	18.69	10.53	26.26	315.31	0	65.96	2.48
2023	192	18.73	13.05	25.43	289.71	0	67.15	2.61
2023	193	16.82	13.68	20.29	189.55	0	74.61	3
2023	194	16.93	12.67	20.86	192.7	0	72.44	3.07
2023	195	18.08	13.39	23.37	212.77	0	65.2	3.12
2023	196	17.13	12.58	22.48	132.91	0	70.3	2.48
2023	197	16.52	12.53	20.62	203.16	0	72.56	2.49
2023	198	15.86	11.93	19.8	67.65	0	73.96	2.59
2023	199	16.31	12.25	21.51	91.4	0	71.79	3.25
2023	200	16.74	12.41	21.45	65.78	0	73.66	2.79
2023	201	18.82	12.14	25.91	312.23	0	61.97	2.95
2023	202	18.53	13.18	24.25	317.92	0	62.06	3.24
2023	203	17.85	14.49	22.47	64.01	0	70.11	3.15
2023	204	17.62	14.85	21.88	183.78	0	74.82	3.76
2023	205	17.38	13.13	21.38	87.99	0	73.91	2.7
2023	206	18.01	15.6	22.06	164.12	0	74.49	3.37
2023	207	16.77	14.22	22.16	164.8	0	75.2	3.05
2023	208	16.96	12.3	21.48	97.12	0	71.97	2.7
2023	209	16.78	14.6	20.27	100.08	0	75.65	3.99
2023	210	16.67	13.6	21.41	84.46	0	77.88	2.76
2023	211	17.75	12.74	24.26	309.83	0	75.95	2.78
2023	212	18.63	12.91	25.69	320.4	0	71.32	2.99
2023	213	17.26	14.02	21.61	108.1	0	75.7	3.71
2023	214	17.03	13.91	20.32	245.22	0.1	76.65	5.05
2023	215	15.78	15.4	16.35	314.83	0	84.12	3.86
2023	216	18.93	14.78	24.08	314.83	1.72	74.52	3.29
2023	217	18.93	14.78	24.08	314.83	1.72	74.52	3.29
2023	218	18.93	14.78	24.08	314.83	1.72	74.52	3.29
2023	219	18.93	14.78	24.08	314.83	1.72	74.52	3.29
2023	220	19.19	16.1	22.77	314.83	0	60.43	3.98
2023	221	16.3	14.35	19.47	99.72	1.5	82.14	3.25
2023	222	17.41	14.54	21.9	314.83	0	74.2	3.32
2023	223	17.26	13.47	21.84	314.83	0	70.81	2.72
2023	224	16.43	11.83	22.03	314.83	0	69.39	2.8
2023	225	17.57	11.74	23.44	314.83	0	67.25	3.53
2023	226	18.23	12.32	24.09	314.83	0	66.17	3.32
2023	227	19.11	13.96	24.68	314.83	0	69.91	3.56
2023	228	18.74	15.68	22.93	314.83	0	69.27	3.69
2023	229	18.19	14.99	22.6	314.83	0	70.44	3.82
2023	230	17.99	14.35	23.52	314.83	0	68.34	4.51
2023	231	18.84	13.73	25.12	314.83	0	60.16	3.04
2023	232	19.25	12.04	25.81	314.83	0	51.77	3.25
2023	233	19.13	12.72	24.83	314.83	0	55.64	3.8
2023	234	20.08	15.13	25.93	314.83	0	60.22	3.34
2023	235	18.24	12.75	24.9	278.29	0	66.35	3.65
2023	236	18.13	13.52	24.14	286.17	0	67.29	3.42
2023	237	18.43	12.48	24.75	339.26	0	67.22	3.85
2023	238	19.73	14.79	25.96	370.39	0	61.21	3.94
2023	239	19.43	14.24	26.09	348.37	0	62.14	3.64
2023	240	18.38	14.17	23.01	204.73	0	66.11	4.3
2023	241	18.08	13.66	22.52	203.21	0	65.33	4.51
2023	242	18.02	15.12	21.84	184.28	0	72.23	4.32
2023	243	18.07	15.24	22.71	132.61	0	72.33	3.66
2023	244	18.87	15.46	23.51	134.25	0	70.98	3.71
2023	245	18.68	15.53	23.49	177.46	0	71.85	3.22
2023	246	18.9	12.73	25.89	309.28	0	65.73	3.63
2023	247	18.78	14.35	24.48	183.69	0	65.77	3.56
2023	248	19.63	13.74	25.63	239.41	0	65.78	3.22
2023	249	20.42	13.62	26.98	276.93	0	59.99	2.42
2023	250	18.55	15.47	24.24	183.01	23.2	79.81	2.36
2023	251	17.83	15.35	20.88	216.31	1.5	84.97	3.37
2023	252	17.63	15.18	20.3	237.69	0	79.53	3.56
2023	253	18.7	13.12	24.8	304.84	0	69.46	3.47
2023	254	19.63	15.06	25.4	286.39	0	68.96	3.1
2023	255	20.1	15.27	26.39	311.18	0	70.71	2.69
2023	256	18.54	15.58	23.43	212.37	0	78.29	3.58
2023	257	19.3	15.09	24.61	303.08	0	61.66	4.59
2023	258	18.25	15.11	22.31	305.08	0	70.57	3.47
2023	259	19.19	13.58	25.41	335.8	0	67.65	3.06
2023	260	20.08	15.78	27.18	352.88	7.9	69.76	3.16
2023	261	19.27	15.2	24.9	296.61	0	71.05	3.53
2023	262	19.43	14.03	24.85	321.49	0	70.28	3.57
2023	263	20.13	15.04	27.25	425.01	0	68.7	2.81
2023	264	20.11	14.46	26.74	335.61	0	68.67	3.61
2023	265	20.33	15.96	25.85	292.61	0	63.45	4.06
2023	266	19.54	15.6	24.75	214.41	0	65.68	4.21
2023	267	18.87	16.08	24.31	306.57	0	72.24	4.2
2023	268	20.51	14.71	27.22	310.98	0	58.63	3.17
2023	269	20.23	13.96	27.28	291.16	0	64.9	2.78
2023	270	20.27	14.8	26.27	303.74	0	67.24	3.51
2023	271	18.89	16.03	22.69	79.8	0	71.98	3.83
2023	272	19.89	13.95	26.59	315.98	0	67.54	3.7
2023	273	19.74	15.23	26.4	221.85	0	71.17	4.05
2023	274	20.87	16.39	27.58	279.48	0	66.11	3.52
2023	275	20.79	14.59	27.58	290.74	0	61.65	3.22
2023	276	18.98	12.25	25.45	355.89	0	61.51	3.36
2023	277	17.97	16.28	21.07	314.83	0	79.37	4.62
2023	278	18.71	15.17	23.32	314.83	0.1	73.05	3.82
2023	279	20.09	15.8	26.43	314.83	0	67.62	4.09
2023	280	20.12	14.92	26.08	314.83	0	59.02	3.57
2023	281	20.74	13.07	27.9	314.83	0	56.38	3.34
2023	282	21.15	14.46	27.94	314.83	0	61.27	4.24
2023	283	20.8	16.31	27.4	314.83	0	66.42	5.2
2023	284	20.65	14.57	26.53	314.83	0	61.27	4.42
2023	285	21.22	14.61	27.95	29.44	0	58.16	4.01
2023	286	22.07	14.44	29.04	427.23	0	57.17	3.61
2023	287	22.09	16.24	28.14	428.3	0	64.39	5.2
2023	288	21.94	17.65	27.56	348.26	0	67.16	5.57
2023	289	20.65	16.41	25.56	391.86	0.5	73	4.75
2023	290	20.59	17	26.7	287.02	0.1	72.18	3.44
2023	291	21.14	17.4	25.88	391.89	0	71.74	4.22
2023	292	19.67	16.88	24.57	333	0.9	79.34	4.75
2023	293	19.63	14.75	24.34	333.2	0	70.86	3.97
2023	294	20.13	15.77	25.43	317.38	0	68.67	4.18
2023	295	21.29	16.21	26.31	335.48	0	56.17	3.38
2023	296	20.92	15.51	26.96	386.79	0	56.58	3.52
2023	297	21.26	15.27	26.84	361.83	0	62.73	3.41
2023	298	21.43	17.08	26.31	373.89	0	67.31	4.54
2023	299	19.75	16.89	24.27	302.02	1.9	76.47	4.64
2023	300	19.99	16.11	24.47	275.17	0	70.49	3.55
2023	301	20.44	15.29	26.18	299.92	0	67.55	3.87
2023	302	20.44	16.2	25.09	293.17	0	66.86	3.74
2023	303	19.84	16.07	25.11	320.12	0	72.71	4.13
2023	304	19.58	16.66	24.13	286.44	4.5	78.4	4.26
2023	305	20.19	15.98	25.04	301.58	0	72.37	3.77
2023	306	18.89	16.55	22.21	304.4	32.9	85.22	3.63
2023	307	18.28	16.62	22.5	326.5	8.3	88.67	3.3
2023	308	18.22	15.53	21.34	294.16	8.6	84.66	3.2
2023	309	18.8	16.42	23.16	313	7.2	85.41	3
2023	310	19.32	16.17	24.13	442.3	28.39	81.98	3.32
2023	311	19.12	15.6	23.81	471.37	35.8	82.53	2.9
2023	312	18.59	16.89	21.94	329.38	3.1	88.16	3.48
2023	313	19.14	15.53	23.06	388.75	0	78.03	3.7
2023	314	18.8	16.01	22.5	265.7	17.8	85.21	3.72
2023	315	18.04	15.14	21.42	278.59	11.1	87.17	4.04
2023	316	18.82	16.5	23.13	342.78	4.4	86.05	3.73
2023	317	18.97	16.48	22.72	418.36	3.9	87.41	4.58
2023	318	18.57	16.33	23.09	332.43	22.2	89.79	2.51
2023	319	18.42	16.63	22.5	327.11	5.7	89.16	3.26
2023	320	18.56	16.26	22.07	379.33	6.6	87.77	3.73
2023	321	18.58	16.27	22.19	301.92	2.5	87.67	3.39
2023	322	19.16	16.24	23.04	360.37	1.74	82.42	3.52
2023	323	19.33	16.45	23.33	426.02	1.4	82.05	3.47
2023	324	18.81	15.89	23.3	398.04	0.4	85.17	3.46
2023	325	18.89	16.91	22.18	319.64	14.2	87.74	3.58
2023	326	18.29	16.52	21.89	360.61	8.7	91.68	4.05
2023	327	18.41	16.01	21.81	332.88	3.6	87.89	4.08
2023	328	18.6	16.2	22.59	392.39	9	87.44	3.59
2023	329	18.63	16.17	22.4	319.92	6.8	87.22	2.76
2023	330	18.31	15.64	21.96	339	8.4	89.85	3.28
2023	331	19.47	15.78	24.04	471.51	2.6	77.23	3.81
2023	332	19.07	16.67	23.43	349.55	0	83.95	3.15
2023	333	19.54	16.52	23.98	498.21	0	75.99	3.76
2023	334	19.2	15.46	23.4	483.41	0	72.17	3.74
2023	335	19.08	14.87	23.94	461.96	0	71.36	3.2
2023	336	19.51	14.76	24.39	411.98	0	75.32	3.14
2023	337	19.26	16.65	23.41	401.68	0	82.54	3.88
2023	338	18.98	15.93	23.5	363.5	0	80.18	3.54
2023	339	19.21	15.7	24.03	404.09	0	75.45	2.89
2023	340	19.08	16.36	23.58	383.18	0	79.45	2.86
2023	341	19.16	13.78	24.68	473.77	0	76.59	2.78
2023	342	19.31	14.63	24.83	446.49	0	70.69	2.85
2023	343	18.69	14.4	23.86	398.57	0	78.08	2.72
2023	344	19.39	16.5	23.57	397.26	0.8	80.59	4.16
2023	345	19.18	15.52	23.85	396.18	0.1	80.1	3.6
2023	346	19.24	15	24.28	353.75	0	81.24	2.85
2023	347	19.64	15.87	24.75	349.7	0	82.55	2.64
2023	348	19.65	17.22	23.88	355.75	0.1	85.12	3.01
2023	349	18.97	16.04	22.86	373.16	4.7	87.32	4.19
2023	350	18.27	16.3	21.59	235.59	0	85.91	4.21
2023	351	18.93	15.66	23.38	376.45	0	79.05	3.99
2023	352	18.79	15.6	23.31	400.29	0.1	80.3	3.54
2023	353	19.29	16.03	23.73	350.94	0	76.19	2.57
2023	354	18.81	14.53	23.85	403.15	0	78.18	2.74
2023	355	19.55	15.62	24.47	407.99	0	74.8	3.57
2023	356	19.31	15.92	23.7	323.94	2.2	83.67	3.45
2023	357	18.94	16.36	23.24	309.77	6.7	86.91	3.82
2023	358	20.22	16.91	24.8	409.78	0.7	81.63	3.41
2023	359	20.3	17.16	25.01	417.6	0	83.61	3.95
2023	360	18.96	16.81	22.36	248.07	0.6	86.86	4.58
2023	361	18.91	14.84	23.14	434.42	0	73.13	3.85
2023	362	19.96	15.72	24.86	444.77	0	68.75	3.05
2023	363	20.22	15.6	25.2	410.62	0	77.61	2.63
2023	364	20.21	16.76	25.21	330.63	0	81.03	3.1
2023	365	20.6	17.19	25.44	386.32	0	78.05	2.63
2024	1	20.55	16.91	25.02	395.65	2.14	79.65	2.95
2024	2	20.07	16.56	24.68	328.04	18.7	80.88	2.81
2024	3	20.13	17.2	24.79	425.13	0	76.48	2.76
2024	4	19.96	16.09	24.53	390.43	0	78.53	2.37
2024	5	19.14	16.57	24.91	303.88	9.3	81.65	2.17
2024	6	19.09	16.54	23.04	280.32	10.8	86.83	2.06
2024	7	18.92	16.76	22.92	273.23	11	85.78	2.74
2024	8	19.43	16.57	23.66	356.87	0	82.43	3.18
2024	9	19.08	15.93	23.21	462.74	0	80.3	2.95
2024	10	18.79	14.92	22.81	326.66	0.7	80.51	2.45
2024	11	19.15	16	24.15	297.42	3	83.1	1.91
2024	12	19.59	16.95	23.85	259.61	16.24	85.06	1.93
2024	13	18.52	16.36	22.04	190.84	31	90.67	1.92
2024	14	20.09	17.75	24.48	277.53	0	83.03	1.77
2024	15	20.34	17.24	24.64	379.93	0.1	81.08	2.65
2024	16	20.38	16.41	25.06	366.77	0	77.44	1.81
2024	17	20.19	16.93	24.19	312.15	0	80.54	1.92
2024	18	19.37	17.01	23.03	311.02	0	82.27	2.99
2024	19	18.89	16.86	23.7	315.68	0	76.86	1.33
2024	20	18.93	14.78	24.08	314.83	1.72	74.52	3.29
2024	21	18.93	14.78	24.08	314.83	1.72	74.52	3.29
2024	22	18.93	14.78	24.08	314.83	1.72	74.52	3.29
2024	23	18.93	14.78	24.08	314.83	1.72	74.52	3.29
2024	24	18.93	14.78	24.08	314.83	1.72	74.52	3.29
2024	25	18.93	14.78	24.08	314.83	1.72	74.52	3.29
2024	26	18.93	14.78	24.08	314.83	1.72	74.52	3.29
2024	27	18.93	14.78	24.08	314.83	1.72	74.52	3.29
2024	28	18.93	14.78	24.08	314.83	1.72	74.52	3.29
2024	29	18.93	14.78	24.08	314.83	1.72	74.52	3.29
2024	30	18.93	14.78	24.08	314.83	1.72	74.52	3.29
2024	31	18.93	14.78	24.08	314.83	1.72	74.52	3.29
2024	32	18.93	14.78	24.08	314.83	1.72	74.52	3.29
2024	33	18.93	14.78	24.08	314.83	1.72	74.52	3.29
2024	34	18.93	14.78	24.08	314.83	1.72	74.52	3.29
2024	35	18.93	14.78	24.08	314.83	1.72	74.52	3.29
2024	36	18.93	14.78	24.08	314.83	1.72	74.52	3.29
2024	37	18.93	14.78	24.08	314.83	1.72	74.52	3.29
2024	38	21.15	17.7	26.22	221.31	0	67.37	2.95
2024	39	20.08	15.99	24.99	346.47	0	75.07	3.1
2024	40	20.99	15.87	26.34	462.24	0	73.07	3.54
2024	41	20.64	17.09	26.15	447.48	0	78.1	4.11
2024	42	19.97	14.37	26	399.42	0	76.3	3.03
2024	43	20.55	14.43	26.68	468.14	0	69.09	2.94
2024	44	21.28	15.75	27.18	457.02	0	65.69	3.33
2024	45	21.47	15.82	27.65	459.04	0	62.63	3.77
2024	46	21.39	14.98	27.63	467.3	0	61.12	3.12
2024	47	20.85	14.84	26.93	431.15	0	65.61	3.49
2024	48	21.07	15.83	27.36	446.37	0	68.6	4
2024	49	22.65	14.91	29.69	443.2	0	58.75	3.44
2024	50	23.05	17.38	29.57	416.22	0	61.66	2.57
2024	51	22.11	17.2	28.55	387.18	11.4	70.1	3.1
2024	52	21.85	16.8	28.03	449.79	0.1	68.65	4.39
2024	53	20.86	16.12	26.32	473.39	0	65.55	4.82
2024	54	20.17	16.55	25.25	359.8	0	67.57	5.02
2024	55	18.94	16.09	24.26	408.31	17.4	81.4	4.01
2024	56	20.54	16.07	25.74	363.46	0.2	73.2	2.49
2024	57	21.06	16.67	26.91	303.73	0	73.15	2.15
2024	58	20.5	17.29	27.15	377.02	3.5	77.4	2.15
2024	59	20.08	15.68	26.25	349.14	8.9	77.9	2.3
2024	60	21.47	17.31	26.54	464.21	3.2	73.18	2.91
2024	61	21.05	16.2	26.2	490.4	0	75.55	2.82
2024	62	21.18	17.12	26.2	401.99	0	72.25	3.41
2024	63	21.32	16.24	27.18	467.74	0	68.87	2.48
2024	64	21.55	16.18	27.88	325.93	0	68.87	2.48
2024	65	20.75	17.43	25.55	496.01	0	77.21	3.75
2024	66	20.5	16.45	25.77	389.11	0	75.04	3.54
2024	67	21.01	15.45	26.84	383.34	0	69.08	3.33
2024	68	21.68	15.35	28.29	444.41	0	66.99	2.64
2024	69	21.49	16.93	27.21	452.61	0.3	71.68	3.69
2024	70	21.36	16.35	27.36	432.49	0	69.4	4.23
2024	71	21.48	16.61	27.44	460.68	0	65.35	4.51
2024	72	21.21	14.96	27.75	447.12	0	59.91	3.27
2024	73	21.53	15.6	27.85	454.11	0	62.34	3.32
2024	74	20.69	16.64	26.53	326.48	0	73.5	3.73
2024	75	20.32	15.36	26.03	367.02	0	69.98	3.63
2024	76	20.56	14.77	26.78	446.98	0	65.62	3.09
2024	77	22.14	15.52	29.49	377.6	0	60.85	2.59
2024	78	21.85	16.88	27.72	393.51	0	69.84	3.84
2024	79	21.66	16.59	27.9	370.2	0	69.79	3.51
2024	80	21.23	17.05	27.02	395.68	0.4	74.14	3.79
2024	81	21.71	16.73	27.92	411.73	0.1	67.1	3.21
2024	82	22.27	16.56	28.8	446.89	0	64.25	3.12
2024	83	20.86	16.19	27.55	243.77	37.7	77.31	2.77
2024	84	20.59	16.53	26.68	356.46	7.8	79.66	3.18
2024	85	20.46	15.28	27.48	447.62	11.1	78.99	2.84
2024	86	21.11	18	25.76	403.26	0	78.4	3.73
2024	87	20.43	17.71	26.29	469.38	0	81.8	3.56
2024	88	20.27	17.05	25.24	387.91	0.1	79.62	3.72
2024	89	20.33	15.75	25.54	384.8	3	78.9	2.98
2024	90	19.7	17.7	24.45	397.67	2.2	87.25	3.79
2024	91	19.35	16.36	23.47	361.35	0	86.92	3.98
2024	92	19.69	16.66	24.31	411.35	0.3	82.88	3.42
2024	93	20.26	17.37	24.64	404.5	0	82.41	2.73
2024	94	20.38	16.21	25.5	389.48	0	79.51	2.81
2024	95	20.24	17.33	25.29	408.25	0	81.76	2.85
2024	96	20.98	17.46	25.42	495.83	0	79.76	3.18
2024	97	19.56	16.1	24.02	320.78	0	88.71	2.51
2024	98	20.89	16.82	25.55	465.87	0	80.14	2.74
2024	99	20.22	17.88	24.38	288.36	0	86.2	1.74
2024	100	19.47	15.67	24.82	316.19	0	82.2	2.32
2024	101	20.72	16.59	26.32	467.72	0	79.33	2.71
2024	102	20.82	16.64	26.28	403.22	0	81.62	2.48
2024	103	20.37	16.5	24.76	394.07	0	84.83	2.54
2024	104	19.98	17.24	23.99	283.53	0	86.72	2.09
2024	105	20.43	17.16	25.03	381.75	0	83.8	2.09
2024	106	19.59	17.16	24.52	337.59	0	86.57	2.49
2024	107	20.04	16.62	24.46	380.13	0	81.86	2.3
2024	108	20.44	17.3	25.28	457.11	12.3	81.68	2.78
2024	109	20.78	17.98	25.29	387.17	0	79.7	2.61
2024	110	19.96	16.99	24.12	261.47	0	83.55	2.5
2024	111	20.09	16.15	25	409.86	0	82.23	2.9
2024	112	19.11	16.83	24.05	261.24	0	88.92	2.72
2024	113	19.9	16.84	24.63	393.14	0.1	86.51	2.69
2024	114	20.22	17.92	24.13	287.86	0	86.38	2.73
2024	115	20.01	17.38	24.69	397.84	0	86.96	3.16
2024	116	19.21	17.84	24.04	248.92	24.9	90.55	2.43
2024	117	18.35	16.25	22.65	322.38	31.8	90.97	2.56
2024	118	19.75	17.01	24.01	363.68	0.6	85.18	2.94
2024	119	19.52	17.46	22.63	322.68	0.3	85.98	2.84
2024	120	18.98	16.26	24.9	308.6	61.1	87.51	1.55
2024	121	20.46	17.01	26.24	370.88	4.8	83.42	2.08
2024	122	19.78	17.34	24.71	313.36	33.6	88.22	2.42
2024	123	19.37	17.6	24.77	220.98	6.1	91.45	1.87
2024	124	20.26	17.52	23.67	250.35	11	85.49	2.62
2024	125	18.93	16.82	23.3	199.33	43	92.35	1.73
2024	126	19.81	16.73	25.59	355.03	0.3	85.06	2.33
2024	127	18.57	15.88	22.23	194.62	26.6	90.14	1.99
2024	128	18.94	16.7	22.76	265.87	3.2	89.23	2.8
2024	129	18.61	16.65	22.64	272.42	1.5	87.04	2.67
2024	130	18.29	15.7	21.96	221.21	0.2	84.36	2.93
2024	131	18.43	16.26	22.18	245.47	0.9	87.81	2.75
