source	id	datetime	irri[mm]	prec[mm]	throughfall[mm]	evapot[mm]	potential_transpiration[mm]	transp[mm]	evacep[mm]	evasoil[mm]	evasurfacewater[mm]	runoff[mm]	percol[mm]	infiltration[mm]	groundwateraccess[mm]	groundwaterloss[mm]	capillaryrise[mm]	snow_height[mm]	snow[mmh2oeq]	surfacewater[mm]	soil_water[mm]	root_soil_water[mm]	leafwater[mm]	soilwater_floor[%]	soilwater_5cm[%]	soilwater_10cm[%]	soilwater_15cm[%]	soilwater_20cm[%]	soilwater_30cm[%]	soilwater_40cm[%]	soilwater_50cm[%]	soilwater_60cm[%]	soilwater_80cm[%]	soilwater_100cm[%]	soilwater_120cm[%]	capillary_pressure_5cm[hPa]	capillary_pressure_10cm[hPa]	capillary_pressure_15cm[hPa]	capillary_pressure_20cm[hPa]	capillary_pressure_30cm[hPa]	capillary_pressure_50cm[hPa]	capillary_pressure_100cm[hPa]	groundwaterdepth[m]	irrigationreservoir[m]	plant_waterdeficit[m]
setup	0	2018-07-28 23:00:00	0	1.72	1.72	3.15254	0	0	0	0.816412	0.131356	0	0	1.58864	0	0	0	0	0	0	1006.44	378.942	0	28.0334	24.3079	24.3651	24.9887	25.023	24.9443	29.6698	29.5378	29.5041	29.4741	36.5511	36.5498	0.130516	0.130136	0.136065	0.135775	0.136441	0.107119	0.0738432	99	0	0
setup	0	2018-07-29 23:00:00	0	1.72	1.71134	3.1528	0	0	0.0086552	0.82808	0.122712	0	0	1.58863	0	0	0	0	0	0	1007.2	379.667	0	29.8429	24.5232	24.3911	24.835	24.8859	24.8374	29.6686	29.5746	29.5386	29.4801	36.5512	36.54	0.12909	0.129963	0.137374	0.136938	0.137354	0.106904	0.0738425	99	0	0
setup	0	2018-07-30 23:00:00	0	1.72	1.71134	3.15307	0	0	0.0086552	0.836995	0.122723	0	0	1.58862	0	0	0	0	0	0	1007.95	380.364	0	30.5043	25.0342	24.792	24.6837	24.7627	24.761	29.6527	29.5883	29.5578	29.4898	36.5478	36.5219	0.125788	0.127339	0.138681	0.137997	0.138012	0.106824	0.0738583	99	0	0
setup	0	2018-07-31 23:00:00	0	55.62	55.5161	2.75159	0	0	0.103862	0.458615	1.27193	0	0	54.2442	0	0	0	0	0	0	1061.74	433.334	0	32.5589	31.1861	31.1582	29.6073	29.9286	29.9752	35.9914	35.9999	36	35.6123	36.8374	36.5452	0.0928986	0.0930268	0.103325	0.101405	0.10113	0.0744002	0.0725259	99	0	0
setup	0	2018-08-01 23:00:00	0	0	0	2.78108	0	0	0	0.918808	0	0	0	0	0	0	0	0	0	0	1060.82	432.305	0	31.169	30.7583	30.8219	29.4303	29.7883	29.9248	35.9875	35.9426	35.8634	34.2241	37.9052	36.6868	0.0948806	0.0945838	0.104397	0.102239	0.101427	0.0746602	0.0676673	99	0	0
setup	0	2018-08-02 23:00:00	0	0	0	2.92602	0	0	0	0.954974	0	0	0	0	0	0	0	0	0	0	1059.86	431.075	0	30.5583	30.3275	30.4687	29.2438	29.6409	29.8717	35.9203	35.7682	35.5985	33.8748	38.2686	36.9368	0.0969113	0.0962417	0.10554	0.103122	0.101742	0.0754529	0.066028	99	0	0
setup	0	2018-08-03 23:00:00	0	0	0	2.84702	0	0	0	0.917692	0	0	0	0	0	0	0	0	0	0	1058.95	429.766	0	29.5773	29.9136	30.128	29.0632	29.4978	29.8199	35.789	35.5619	35.3494	33.6905	38.4511	37.1544	0.0988976	0.0978641	0.106659	0.103987	0.102051	0.0763944	0.065206	99	0	0
setup	0	2018-08-04 23:00:00	0	0	0	2.75087	0	0	0	0.876149	0	0	0	0	0	0	0	0	0	0	1058.07	428.441	0	29.0411	29.5187	29.8017	28.8894	29.3598	29.7651	35.6286	35.3632	35.1358	33.5694	38.5629	37.327	0.100827	0.0994408	0.107747	0.104828	0.102377	0.0773057	0.0647031	99	0	0
setup	0	2018-08-05 23:00:00	0	0	0	2.6325	0	0	0	0.828911	0	0	0	0	0	0	0	0	0	0	1057.24	427.137	0	28.5383	29.1453	29.4921	28.7239	29.2281	29.6483	35.4617	35.18	34.9512	33.4791	38.6383	37.4641	0.102684	0.100958	0.108795	0.105637	0.103078	0.0781496	0.0643639	99	0	0
setup	0	2018-08-06 23:00:00	0	0	0	2.54862	0	0	0	0.793658	0	0	0	0	0	0	0	0	0	0	1056.45	425.859	0	28.0609	28.7881	29.1949	28.5644	29.1008	29.5262	35.2967	35.0123	34.7885	33.4056	38.6919	37.575	0.104492	0.102436	0.109815	0.106425	0.103815	0.0789256	0.0641229	99	0	0
setup	0	2018-08-07 23:00:00	0	0	0	2.74479	0	0	0	0.845095	0	0	0	0	0	0	0	0	0	0	1055.6	424.53	0	27.5569	28.4081	28.8775	28.3934	28.9641	29.3976	35.1385	34.8586	34.6427	33.3423	38.7309	37.6663	0.10645	0.104037	0.11092	0.107278	0.104597	0.0796402	0.0639474	99	0	0
setup	0	2018-08-08 23:00:00	0	0	0	2.79499	0	0	0	0.850342	0	0	0	0	0	0	0	0	0	0	1054.75	423.2	0	27.0544	28.0261	28.5572	28.2202	28.8252	29.2688	34.9863	34.7162	34.5099	33.2853	38.7596	37.7426	0.108458	0.105677	0.112052	0.108152	0.105387	0.0803049	0.0638188	99	0	0
setup	0	2018-08-09 23:00:00	0	0	0	2.87798	0	0	0	0.86493	0	0	0	0	0	0	0	0	0	0	1053.89	421.864	0	26.548	27.6379	28.2306	28.0428	28.6826	29.1474	34.8422	34.5834	34.3871	33.2326	38.7803	37.8071	0.11054	0.107378	0.113225	0.109058	0.106136	0.0809272	0.0637256	99	0	0
setup	0	2018-08-10 23:00:00	0	0	0	2.89725	0	0	0	0.859889	0	0	0	0	0	0	0	0	0	0	1053.03	420.542	0	26.0493	27.2523	27.905	27.8652	28.5395	29.0283	34.7057	34.4593	34.273	33.1829	38.7949	37.8622	0.112652	0.109103	0.114414	0.109975	0.106877	0.0815109	0.0636601	99	0	0
setup	0	2018-08-11 23:00:00	0	0	0	2.65127	0	0	0	0.777436	0	0	0	0	0	0	0	0	0	0	1052.25	419.313	0	25.6025	26.9042	27.6098	27.7036	28.409	28.9168	34.5768	34.3427	34.1661	33.1355	38.8045	37.9095	0.114599	0.110692	0.115508	0.110819	0.107575	0.0820614	0.063617	99	0	0
setup	0	2018-08-12 23:00:00	0	0	0	2.69627	0	0	0	0.781479	0	0	0	0	0	0	0	0	0	0	1051.47	418.091	0	25.1572	26.5546	27.3124	27.5401	28.2766	28.8081	34.4547	34.2329	34.0656	33.0898	38.81	37.9503	0.116594	0.11232	0.116628	0.111682	0.10826	0.0825815	0.0635923	99	0	0
setup	0	2018-08-13 23:00:00	0	0	0	2.66731	0	0	0	0.764091	0	0	0	0	0	0	0	0	0	0	1050.71	416.898	0	24.7256	26.2132	27.0209	27.3792	28.146	28.7045	34.3386	34.1289	33.9706	33.0456	38.8121	37.9855	0.118583	0.113942	0.117743	0.112541	0.108919	0.0830754	0.0635828	99	0	0
setup	0	2018-08-14 23:00:00	0	0	0	2.45631	0	0	0	0.695801	0	0	0	0	0	0	0	0	0	0	1050.01	415.784	0	24.3358	25.9027	26.755	27.2319	28.0261	28.6083	34.2288	34.0304	33.8804	33.0026	38.8113	38.0161	0.120429	0.115446	0.118776	0.113336	0.109533	0.0835451	0.0635862	99	0	0
setup	0	2018-08-15 23:00:00	0	0	0	2.68165	0	0	0	0.751158	0	0	0	0	0	0	0	0	0	0	1049.26	414.626	0	23.9184	25.5679	26.4672	27.0719	27.8956	28.5124	34.1241	33.9369	33.7947	32.9608	38.8081	38.0425	0.122459	0.117099	0.119909	0.114209	0.110149	0.0839924	0.0636005	99	0	0
setup	0	2018-08-16 23:00:00	0	0	0	2.60626	0	0	0	0.721638	0	0	0	0	0	0	0	0	0	0	1048.54	413.508	0	23.5209	25.2467	26.1902	26.9173	27.7692	28.4225	34.024	33.8477	33.713	32.92	38.8029	38.0654	0.124449	0.118718	0.121018	0.115062	0.110731	0.0844207	0.0636239	99	0	0
setup	0	2018-08-17 23:00:00	0	0.1	0.0913448	2.43996	0	0	0.0086552	0.640908	0.0913448	0	0	0	0	0	0	0	0	0	1047.9	412.482	0	23.1709	24.9618	25.9438	26.7793	27.6561	28.3402	33.9297	33.7627	33.6349	32.8802	38.796	38.0851	0.126249	0.120182	0.122019	0.115832	0.111266	0.0848297	0.0636551	99	0	0
setup	0	2018-08-18 23:00:00	0	0	0	2.49344	0	0	0	0.675744	0	0	0	0	0	0	0	0	0	0	1047.22	411.433	0	22.8045	24.6619	25.6835	26.6329	27.536	28.2587	33.8394	33.6817	33.5603	32.8414	38.7875	38.1021	0.128183	0.121753	0.123091	0.116657	0.111799	0.0852206	0.0636931	99	0	0
setup	0	2018-08-19 23:00:00	0	0	0	2.51089	0	0	0	0.673043	0	0	0	0	0	0	0	0	0	0	1046.55	410.396	0	22.4425	24.3636	25.4237	26.4864	27.4154	28.1807	33.753	33.6041	33.4889	32.8034	38.7778	38.1166	0.130146	0.123347	0.124177	0.117491	0.112312	0.0855959	0.0637367	99	0	0
setup	0	2018-08-20 23:00:00	0	0	0	2.64183	0	0	0	0.700186	0	0	0	0	0	0	0	0	0	0	1045.85	409.343	0	22.069	24.0537	25.1531	26.3332	27.289	28.1047	33.6698	33.5297	33.4203	32.7664	38.767	38.1289	0.132229	0.125036	0.125327	0.118374	0.112814	0.0859571	0.0637851	99	0	0
setup	0	2018-08-21 23:00:00	0	0	0	2.60772	0	0	0	0.683221	0	0	0	0	0	0	0	0	0	0	1045.16	408.317	0	21.7077	23.7519	24.8886	26.1829	27.1647	28.0337	33.5903	33.4581	33.3543	32.7301	38.7554	38.1393	0.134304	0.126718	0.126469	0.11925	0.113286	0.086305	0.0638377	99	0	0
setup	0	2018-08-22 23:00:00	0	0	0	2.70788	0	0	0	0.701227	0	0	0	0	0	0	0	0	0	0	1044.46	407.282	0	21.34	23.4427	24.6166	26.0277	27.036	27.9648	33.514	33.3895	33.2909	32.6947	38.7429	38.148	0.136479	0.128478	0.127661	0.120165	0.113745	0.0866399	0.0638936	99	0	0
setup	0	2018-08-23 23:00:00	0	0	0	2.83752	0	0	0	0.725901	0	0	0	0	0	0	0	0	0	0	1043.74	406.233	0	20.9628	23.1232	24.3347	25.8662	26.9018	27.8985	33.4406	33.3234	33.2297	32.6601	38.7298	38.1552	0.13878	0.130338	0.128919	0.12113	0.11419	0.0869629	0.0639525	99	0	0
setup	0	2018-08-24 23:00:00	0	0	0	2.63961	0	0	0	0.667168	0	0	0	0	0	0	0	0	0	0	1043.07	405.252	0	20.6192	22.8301	24.0752	25.717	26.7775	27.8384	33.3708	33.2599	33.1708	32.6263	38.7162	38.1609	0.140942	0.132084	0.130096	0.122032	0.114595	0.0872741	0.0640138	99	0	0
setup	0	2018-08-25 23:00:00	0	0	0	2.8779	0	0	0	0.71862	0	0	0	0	0	0	0	0	0	0	1042.35	404.228	0	20.2523	22.515	23.7952	25.5554	26.6425	27.7783	33.3039	33.199	33.1142	32.5932	38.7021	38.1655	0.143322	0.134004	0.131388	0.123021	0.115001	0.0875731	0.0640772	99	0	0
setup	0	2018-08-26 23:00:00	0	0	0	2.956	0	0	0	0.728692	0	0	0	0	0	0	0	0	0	0	1041.62	403.203	0	19.8838	22.1962	23.511	25.3907	26.5045	27.7211	33.2395	33.1404	33.0597	32.5609	38.6876	38.169	0.145794	0.135994	0.132724	0.124043	0.115389	0.0878616	0.0641421	99	0	0
setup	0	2018-08-27 23:00:00	0	0	0	2.84404	0	0	0	0.692162	0	0	0	0	0	0	0	0	0	0	1040.93	402.224	0	19.5371	21.8941	23.2406	25.2333	26.3723	27.6681	33.178	33.0841	33.0071	32.5293	38.6729	38.1715	0.148198	0.137928	0.134018	0.125032	0.11575	0.0881397	0.0642084	99	0	0
setup	0	2018-08-28 23:00:00	0	1.5	1.49134	2.95498	0	0	0.0086552	0.703353	0.114469	0	0	1.37688	0	0	0	0	0	0	1041.6	402.599	0	21.5615	21.6024	22.9786	25.0802	26.2433	27.6167	33.1199	33.0305	32.957	32.4992	38.6588	38.174	0.150578	0.13984	0.135294	0.126008	0.116102	0.0884043	0.0642719	99	0	0
setup	0	2018-08-29 23:00:00	0	0.1	0.0913448	2.64463	0	0	0.0086552	0.624394	0.0913448	0	0	0	0	0	0	0	0	0	1040.98	401.704	0	21.2187	21.3425	22.7443	24.9428	26.1274	27.5708	33.0641	32.9787	32.9084	32.4692	38.6437	38.1748	0.152752	0.141584	0.136454	0.126894	0.116417	0.088661	0.0643397	99	0	0
setup	0	2018-08-30 23:00:00	0	0	0	2.72079	0	0	0	0.659834	0	0	0	0	0	0	0	0	0	0	1040.32	400.782	0	20.8592	21.0682	22.4964	24.7968	26.0039	27.522	33.0105	32.929	32.8617	32.4399	38.6285	38.175	0.155099	0.143465	0.137702	0.127846	0.116753	0.0889077	0.0644079	99	0	0
setup	0	2018-08-31 23:00:00	0	0	0	2.79878	0	0	0	0.670438	0	0	3.4472e-08	0	0	0	0	0	0	0	1039.65	399.856	0	20.4963	20.7901	22.2442	24.6478	25.8774	27.4717	32.9588	32.8812	32.8167	32.4115	38.6133	38.1746	0.157541	0.145418	0.138995	0.128832	0.117101	0.0891456	0.0644762	99	0	0
setup	0	2018-09-01 23:00:00	0	0	0	2.75424	0	0	0	0.651624	0	0	2.08455e-06	0	0	0	0	0	0	0	1039	398.957	0	20.1467	20.5203	21.9987	24.5021	25.7535	27.4222	32.9093	32.8351	32.7733	32.3839	38.5982	38.1736	0.15997	0.147359	0.140275	0.129807	0.117444	0.089375	0.0645444	99	0	0
setup	0	2018-09-02 23:00:00	0	0	0	2.56668	0	0	0	0.600049	0	0	1.49012e-05	0	0	0	0	0	0	0	1038.4	398.117	0	19.8274	20.2723	21.7724	24.3674	25.6386	27.376	32.862	32.7909	32.7316	32.357	38.5831	38.1722	0.162258	0.149184	0.141475	0.130721	0.117766	0.0895959	0.0646123	99	0	0
setup	0	2018-09-03 23:00:00	0	0	0	2.71695	0	0	0	0.627709	0	0	4.58745e-05	0	0	0	0	0	0	0	1037.77	397.256	0	19.496	20.0134	21.5353	24.2257	25.5175	27.3271	32.8164	32.7483	32.6914	32.3308	38.5681	38.1704	0.164706	0.151135	0.142754	0.131694	0.118107	0.0898087	0.0646797	99	0	0
setup	0	2018-09-04 23:00:00	0	0	0	2.76562	0	0	0	0.631144	0	0	9.4028e-05	0	0	0	0	0	0	0	1037.14	396.399	0	19.1657	19.7537	21.2967	24.0825	25.3949	27.2772	32.7723	32.7072	32.6525	32.3054	38.5532	38.1682	0.167226	0.15314	0.144063	0.132689	0.118457	0.0900144	0.0647465	99	0	0
setup	0	2018-09-05 23:00:00	0	0	0	2.73143	0	0	0	0.615693	0	0	0.000154227	0	0	0	0	0	0	0	1036.52	395.564	0	18.8463	19.5008	21.0636	23.9422	25.2743	27.228	32.7299	32.6676	32.6151	32.2807	38.5385	38.1657	0.169744	0.155139	0.145365	0.133679	0.118803	0.0902133	0.0648126	99	0	0
setup	0	2018-09-06 23:00:00	0	0	0	3.02233	0	0	0	0.672529	0	0	0.000221217	0	0	0	0	0	0	0	1035.85	394.679	0	18.5005	19.2253	20.8088	23.7881	25.1416	27.1734	32.6886	32.6293	32.5788	32.2566	38.524	38.163	0.172562	0.157375	0.146816	0.13478	0.119188	0.0904058	0.064878	99	0	0
setup	0	2018-09-07 23:00:00	0	0	0	2.97593	0	0	0	0.653326	0	0	0.000290957	0	0	0	0	0	0	0	1035.2	393.819	0	18.1678	18.9583	20.561	23.6377	25.0117	27.1197	32.649	32.5922	32.5437	32.2333	38.5097	38.1599	0.175372	0.1596	0.148254	0.13587	0.119569	0.0905923	0.0649425	99	0	0
setup	0	2018-09-08 23:00:00	0	0	0	2.96591	0	0	0	0.642472	0	0	0.000360676	0	0	0	0	0	0	0	1034.55	392.975	0	17.8437	18.6964	20.3171	23.489	24.8829	27.0661	32.611	32.5565	32.5099	32.2105	38.4955	38.1566	0.178208	0.161841	0.149697	0.136964	0.119951	0.0907724	0.0650061	99	0	0
setup	0	2018-09-09 23:00:00	0	0	0	2.98187	0	0	0	0.637331	0	0	0.000428592	0	0	0	0	0	0	0	1033.92	392.143	0	17.5252	18.4372	20.0749	23.3408	24.7542	27.0122	32.5744	32.522	32.4772	32.1884	38.4816	38.1531	0.181096	0.16412	0.151158	0.13807	0.120336	0.0909462	0.0650689	99	0	0
setup	0	2018-09-10 23:00:00	0	0	0	3.17132	0	0	0	0.668491	0	0	0.000493609	0	0	0	0	0	0	0	1033.25	391.285	0	17.1944	18.1661	19.8207	23.1846	24.6181	26.9549	32.539	32.4888	32.4456	32.1669	38.4678	38.1493	0.184207	0.16657	0.152722	0.139254	0.120747	0.0911143	0.0651308	99	0	0
setup	0	2018-09-11 23:00:00	0	0	0	3.35774	0	0	0	0.697445	0	0	0.000555095	0	0	0	0	0	0	0	1032.55	390.404	0	16.8529	17.8841	19.5552	23.0207	24.4749	26.8942	32.5048	32.4566	32.415	32.146	38.4543	38.1453	0.187548	0.169197	0.154392	0.140516	0.121185	0.0912771	0.0651919	99	0	0
setup	0	2018-09-12 23:00:00	0	0	0	3.1947	0	0	0	0.653819	0	0	0.000612723	0	0	0	0	0	0	0	1031.89	389.571	0	16.536	17.6205	19.3062	22.8662	24.3396	26.8364	32.4719	32.4255	32.3854	32.1257	38.4409	38.1412	0.190771	0.171727	0.155992	0.141724	0.121604	0.0914346	0.065252	99	0	0
setup	0	2018-09-13 23:00:00	0	0	0	3.00939	0	0	0	0.607304	0	0	0.000666365	0	0	0	0	0	0	0	1031.29	388.79	0	16.2447	17.3764	19.0747	22.7221	24.2129	26.7819	32.4403	32.3955	32.3568	32.1059	38.4277	38.1368	0.193849	0.174137	0.15751	0.14287	0.121999	0.0915867	0.0653114	99	0	0
setup	0	2018-09-14 23:00:00	0	0	0	3.16424	0	0	0	0.629708	0	0	0.000716018	0	0	0	0	0	0	0	1030.66	387.991	0	15.9456	17.1241	18.8346	22.572	24.0805	26.7247	32.4097	32.3666	32.3292	32.0867	38.4147	38.1323	0.197129	0.176702	0.159118	0.144082	0.122417	0.0917338	0.0653699	99	0	0
setup	0	2018-09-15 23:00:00	0	0	0	3.3107	0	0	0	0.64928	0	0	0.000761761	0	0	0	0	0	0	0	1030.01	387.177	0	15.6403	16.8647	18.5869	22.4164	23.943	26.6648	32.38	32.3385	32.3025	32.068	38.4019	38.1276	0.200611	0.179418	0.160812	0.145358	0.122857	0.0918764	0.0654275	99	0	0
setup	0	2018-09-16 23:00:00	0	0	0	3.18068	0	0	0	0.614671	0	0	0.000803723	0	0	0	0	0	0	0	1029.39	386.401	0	15.3543	16.62	18.3523	22.2684	23.8118	26.6073	32.3513	32.3114	32.2766	32.0497	38.3893	38.1227	0.204003	0.18206	0.162452	0.146592	0.123281	0.0920147	0.0654844	99	0	0
setup	0	2018-09-17 23:00:00	0	0	0	3.25586	0	0	0	0.620095	0	0	0.000842061	0	0	0	0	0	0	0	1028.77	385.625	0	15.0687	16.3739	18.1155	22.1184	23.6783	26.5484	32.3236	32.2851	32.2515	32.032	38.3768	38.1177	0.207526	0.184798	0.164143	0.147863	0.123717	0.0921486	0.0655404	99	0	0
setup	0	2018-09-18 23:00:00	0	0	0	3.19019	0	0	0	0.598771	0	0	0.000876951	0	0	0	0	0	0	0	1028.17	384.874	0	14.7958	16.1371	17.8868	21.9729	23.5485	26.4907	32.2968	32.2597	32.2272	32.0147	38.3646	38.1126	0.211028	0.187515	0.165812	0.149117	0.124146	0.0922784	0.0655956	99	0	0
setup	0	2018-09-19 23:00:00	0	0	0	3.00301	0	0	0	0.555771	0	0	0.000908574	0	0	0	0	0	0	0	1027.61	384.17	0	14.545	15.918	17.6746	21.8373	23.4272	26.4364	32.271	32.235	32.2036	31.9979	38.3525	38.1074	0.21437	0.190102	0.167395	0.150304	0.124551	0.0924042	0.0656501	99	0	0
setup	0	2018-09-20 23:00:00	0	0	0	2.95829	0	0	0	0.540141	0	0	0.000937112	0	0	0	0	0	0	0	1027.07	383.485	0	14.3037	15.7057	17.4682	21.7049	23.3084	26.383	32.246	32.2112	32.1808	31.9815	38.3406	38.1021	0.217707	0.192681	0.168963	0.15148	0.124952	0.0925259	0.0657037	99	0	0
setup	0	2018-09-21 23:00:00	0	0	0	3.22446	0	0	0	0.580557	0	0	0.000962745	0	0	0	0	0	0	0	1026.49	382.763	0	14.0467	15.4783	17.2465	21.5621	23.1799	26.3247	32.2216	32.1881	32.1587	31.9655	38.3288	38.0967	0.221395	0.195526	0.170685	0.15277	0.125391	0.0926442	0.0657566	99	0	0
setup	0	2018-09-22 23:00:00	0	0	0	3.26316	0	0	0	0.578944	0	0	0.00098565	0	0	0	0	0	0	0	1025.91	382.047	0	13.7932	15.2524	17.0253	21.419	23.0507	26.2658	32.1979	32.1657	32.1372	31.9499	38.3172	38.0912	0.225183	0.198442	0.172441	0.154083	0.125837	0.0927593	0.0658088	99	0	0
setup	0	2018-09-23 23:00:00	0	0	0	3.03927	0	0	0	0.531553	0	0	0.001006	0	0	0	0	0	0	0	1025.38	381.381	0	13.5628	15.0457	16.8223	21.2872	22.9313	26.211	32.1751	32.1439	32.1163	31.9347	38.3058	38.0857	0.228762	0.201191	0.174087	0.155314	0.126254	0.0928709	0.0658602	99	0	0
setup	0	2018-09-24 23:00:00	0	0	0	3.10568	0	0	0	0.535652	0	0	0.00102394	0	0	0	0	0	0	0	1024.84	380.714	0	13.3328	14.8382	16.6177	21.1538	22.8102	26.155	32.1531	32.1228	32.0961	31.9198	38.2946	38.0801	0.23247	0.204035	0.175781	0.15658	0.126682	0.0929792	0.0659108	99	0	0
setup	0	2018-09-25 23:00:00	0	0	0	3.00705	0	0	0	0.511491	0	0	0.00103965	0	0	0	0	0	0	0	1024.33	380.075	0	13.1154	14.6407	16.4225	21.0259	22.6937	26.1008	32.1317	32.1024	32.0765	31.9053	38.2835	38.0744	0.236112	0.206822	0.177431	0.157812	0.127098	0.0930843	0.0659608	99	0	0
setup	0	2018-09-26 23:00:00	0	0	0	3.19867	0	0	0	0.536488	0	0	0.00105325	0	0	0	0	0	0	0	1023.79	379.413	0	12.8897	14.4343	16.2177	20.8912	22.5708	26.0432	32.111	32.0825	32.0574	31.8912	38.2726	38.0687	0.240041	0.209823	0.1792	0.159131	0.127541	0.0931863	0.06601	99	0	0
setup	0	2018-09-27 23:00:00	0	0	0	3.2635	0	0	0	0.539399	0	0	0.0010649	0	0	0	0	0	0	0	1023.25	378.752	0	12.6651	14.2276	16.0119	20.7554	22.4463	25.9845	32.0909	32.0633	32.0389	31.8774	38.2618	38.063	0.24411	0.212924	0.181016	0.160484	0.127996	0.0932854	0.0660585	99	0	0
setup	0	2018-09-28 23:00:00	0	0	0	3.109	0	0	0	0.50648	0	0	0.00107472	0	0	0	0	0	0	0	1022.74	378.126	0	12.4563	14.0342	15.8188	20.6273	22.3286	25.9286	32.0714	32.0446	32.0209	31.8639	38.2512	38.0572	0.248044	0.215917	0.182759	0.161782	0.128431	0.0933817	0.0661063	99	0	0
setup	0	2018-09-29 23:00:00	0	0	0	3.20685	0	0	0	0.514995	0	0	0.00108284	0	0	0	0	0	0	0	1022.23	377.494	0	12.2462	13.8384	15.6225	20.4966	22.2082	25.8711	32.0525	32.0264	32.0034	31.8507	38.2407	38.0515	0.252162	0.219043	0.184569	0.163128	0.128881	0.0934753	0.0661534	99	0	0
setup	0	2018-09-30 23:00:00	0	0	0	3.24732	0	0	0	0.513919	0	0	0.00108936	0	0	0	0	0	0	0	1021.71	376.866	0	12.0386	13.6438	15.4267	20.3657	22.0872	25.8128	32.0341	32.0088	31.9864	31.8379	38.2304	38.0457	0.256395	0.22225	0.186414	0.164499	0.129339	0.0935664	0.0661998	99	0	0
setup	0	2018-10-01 23:00:00	0	0	0	3.25644	0	0	0	0.50782	0	0	0.00109441	0	0	0	0	0	0	0	1021.2	376.247	0	11.8357	13.4522	15.2334	20.2359	21.9668	25.7545	32.0163	31.9916	31.9698	31.8253	38.2203	38.0399	0.260705	0.225508	0.188277	0.165883	0.129799	0.093655	0.0662455	99	0	0
setup	0	2018-10-02 23:00:00	0	0	0	2.99756	0	0	0	0.460857	0	0	0.00109808	0	0	0	0	0	0	0	1020.74	375.677	0	11.6534	13.2791	15.0581	20.1177	21.8569	25.7008	31.9989	31.9749	31.9537	31.813	38.2103	38.0341	0.26473	0.228545	0.190004	0.167164	0.130225	0.0937412	0.0662906	99	0	0
setup	0	2018-10-03 23:00:00	0	0	0	2.99967	0	0	0	0.454959	0	0	0.00110047	0	0	0	0	0	0	0	1020.28	375.115	0	11.4752	13.1088	14.8851	20.0007	21.7477	25.6472	31.982	31.9587	31.9381	31.801	38.2005	38.0283	0.268815	0.231621	0.191742	0.168453	0.130652	0.0938251	0.0663349	99	0	0
setup	0	2018-10-04 23:00:00	0	0	0	3.23676	0	0	0	0.484044	0	0	0.00110168	0	0	0	0	0	0	0	1019.8	374.527	0	11.2875	12.9284	14.7013	19.8757	21.6309	25.5894	31.9656	31.9429	31.9228	31.7893	38.1908	38.0225	0.273288	0.234983	0.193631	0.169853	0.131115	0.0939069	0.0663786	99	0	0
setup	0	2018-10-05 23:00:00	0	0	0	3.13612	0	0	0	0.462273	0	0	0.00110178	0	0	0	0	0	0	0	1019.34	373.963	0	11.1101	12.7569	14.5258	19.7561	21.5186	25.5335	31.9496	31.9275	31.908	31.7778	38.1812	38.0167	0.277688	0.238282	0.195473	0.171216	0.131565	0.0939866	0.0664217	99	0	0
setup	0	2018-10-06 23:00:00	0	0	0	3.19051	0	0	0	0.463609	0	0	0.00110086	0	0	0	0	0	0	0	1018.87	373.399	0	10.934	12.5855	14.3501	19.6356	21.4053	25.4767	31.9341	31.9125	31.8935	31.7666	38.1718	38.011	0.282231	0.241683	0.197359	0.172612	0.132024	0.0940643	0.0664641	99	0	0
setup	0	2018-10-07 23:00:00	0	0	0	3.38455	0	0	0	0.484555	0	0	0.00109899	0	0	0	0	0	0	0	1018.39	372.816	0	10.7519	12.4073	14.1665	19.5094	21.2861	25.4165	31.9189	31.8979	31.8793	31.7556	38.1625	38.0052	0.287126	0.245339	0.199374	0.174101	0.132513	0.09414	0.0665058	99	0	0
setup	0	2018-10-08 23:00:00	0	9.9	9.88269	3.19828	0	0	0.0173104	0.593296	0.249213	0	0.00109534	9.63348	0	0	0	0	0	0	1027.42	381.648	0	32.9251	13.0309	14.039	19.4198	21.2	25.3729	31.9084	31.888	31.8699	31.7493	38.159	38.0052	0.270728	0.247946	0.200827	0.17519	0.132869	0.0941915	0.066522	99	0	0
setup	0	2018-10-09 23:00:00	0	0.8	0.791345	3.1133	0	0	0.0086552	0.611107	0.121066	0	0.0010917	0.670279	0	0	0	0	0	0	1027.48	381.605	0	33.3358	13.2673	13.8947	19.3197	21.105	25.3244	31.8944	31.8744	31.8568	31.7391	38.1504	38	0.265008	0.250964	0.202474	0.176407	0.133267	0.0942618	0.0665606	99	0	0
setup	0	2018-10-10 23:00:00	0	0	0	3.14852	0	0	0	0.634326	0	0	0.0010874	0	0	0	0	0	0	0	1026.85	380.879	0	32.4014	13.2452	13.7428	19.2142	21.0045	25.2727	31.8804	31.8609	31.8437	31.7288	38.1416	37.9943	0.265533	0.254223	0.204239	0.17771	0.133692	0.0943321	0.0666005	99	0	0
setup	0	2018-10-11 23:00:00	0	0	0	3.06008	0	0	0	0.606673	0	0	0.00108241	0	0	0	0	0	0	0	1026.24	380.182	0	31.6803	13.1212	13.597	19.1124	20.9075	25.2225	31.8667	31.8477	31.8309	31.7187	38.1329	37.9887	0.268514	0.257434	0.205968	0.178985	0.134107	0.0944007	0.0666397	99	0	0
setup	0	2018-10-12 23:00:00	0	0	0	3.21031	0	0	0	0.623645	0	0	0.00107678	0	0	0	0	0	0	0	1025.61	379.47	0	21.8753	16.286	14.4147	19.0065	20.8062	25.1697	31.8534	31.8348	31.8184	31.7088	38.1243	37.9832	0.208812	0.24042	0.207799	0.180333	0.134546	0.0944677	0.0666784	99	0	0
setup	0	2018-10-13 23:00:00	0	0	0	3.26828	0	0	0	0.610304	0	0	0.00107058	0	0	0	0	0	0	0	1025	378.773	0	18.4051	17.1209	16.32	18.8991	20.7031	25.1157	31.8403	31.8223	31.8062	31.6992	38.1158	37.9777	0.197172	0.208313	0.209687	0.181724	0.134997	0.0945331	0.0667164	99	0	0
setup	0	2018-10-14 23:00:00	0	0	0	3.40319	0	0	0	0.620289	0	0	0.00106384	0	0	0	0	0	0	0	1024.38	378.068	0	17.3181	16.8787	16.6038	18.7881	20.5963	25.0593	31.8276	31.81	31.7943	31.6897	38.1075	37.9722	0.20042	0.204232	0.211671	0.183184	0.135469	0.0945971	0.0667539	99	0	0
setup	0	2018-10-15 23:00:00	0	0	0	3.30749	0	0	0	0.59162	0	0	0.00105661	0	0	0	0	0	0	0	1023.79	377.393	0	16.7576	16.6317	16.5551	18.6813	20.4933	25.0045	31.8152	31.798	31.7827	31.6804	38.0994	37.9667	0.203838	0.204921	0.213616	0.184615	0.135931	0.0946596	0.0667908	99	0	0
setup	0	2018-10-16 23:00:00	0	0	0	3.39351	0	0	0	0.596889	0	0	0.00104894	0	0	0	0	0	0	0	1023.19	376.714	0	16.3796	16.3791	16.3786	18.5729	20.3883	24.9483	31.8031	31.7863	31.7713	31.6713	38.0913	37.9613	0.207451	0.207458	0.215627	0.186093	0.136407	0.0947207	0.0668272	99	0	0
setup	0	2018-10-17 23:00:00	0	0	0	3.31876	0	0	0	0.574374	0	0	0.00104086	0	0	0	0	0	0	0	1022.62	376.06	0	16.0621	16.134	16.1709	18.4679	20.2864	24.8933	31.7913	31.7748	31.7602	31.6624	38.0834	37.956	0.211073	0.21052	0.217609	0.187548	0.136875	0.0947804	0.066863	99	0	0
setup	0	2018-10-18 23:00:00	0	0	0	3.43805	0	0	0	0.585469	0	0	0.00103241	0	0	0	0	0	0	0	1022.03	375.396	0	15.7417	15.8848	15.959	18.3603	20.1816	24.8364	31.7797	31.7636	31.7493	31.6536	38.0756	37.9507	0.214885	0.213736	0.219677	0.189067	0.137362	0.0948389	0.0668982	99	0	0
setup	0	2018-10-19 23:00:00	0	0	0	3.43845	0	0	0	0.575967	0	0	0.00102363	0	0	0	0	0	0	0	1021.45	374.743	0	15.4297	15.6402	15.7503	18.2539	20.0776	24.7796	31.7684	31.7526	31.7387	31.645	38.0679	37.9454	0.218757	0.216997	0.22176	0.190596	0.137851	0.0948961	0.0669329	99	0	0
setup	0	2018-10-20 23:00:00	0	0	0	3.42486	0	0	0	0.564327	0	0	0.00101454	0	0	0	0	0	0	0	1020.89	374.103	0	15.1271	15.4012	15.5456	18.1491	19.9749	24.723	31.7573	31.7419	31.7283	31.6366	38.0603	37.9402	0.222673	0.220291	0.223851	0.192129	0.138341	0.094952	0.0669671	99	0	0
setup	0	2018-10-21 23:00:00	0	0	0	3.45676	0	0	0	0.560267	0	0	0.00100518	0	0	0	0	0	0	0	1020.33	373.468	0	14.8297	15.1646	15.3421	18.0444	19.8721	24.6659	31.7465	31.7314	31.7181	31.6283	38.0528	37.9351	0.226689	0.223663	0.225977	0.193687	0.138837	0.0950068	0.0670007	99	0	0
setup	0	2018-10-22 23:00:00	0	0	0	3.37491	0	0	0	0.538111	0	0	0.00099558	0	0	0	0	0	0	0	1019.79	372.857	0	14.547	14.938	15.1466	17.9434	19.7724	24.6102	31.7359	31.7212	31.7081	31.6202	38.0455	37.93	0.230672	0.227002	0.228068	0.195219	0.139323	0.0950605	0.0670339	99	0	0
setup	0	2018-10-23 23:00:00	0	0	0	3.18307	0	0	0	0.499598	0	0	0.000985762	0	0	0	0	0	0	0	1019.29	372.286	0	14.2871	14.7282	14.9648	17.8491	19.6792	24.5577	31.7256	31.7111	31.6983	31.6123	38.0383	37.925	0.234485	0.230193	0.230053	0.196673	0.139784	0.095113	0.0670665	99	0	0
setup	0	2018-10-24 23:00:00	0	3.47	3.46134	2.74809	0	0	0.0086552	0.46244	0.105849	0	0.000975465	3.3555	0	0	0	0	0	0	1022.18	375.07	0	17.65	16.3403	15.6536	17.7781	19.6082	24.5174	31.717	31.7029	31.6903	31.6061	38.0331	37.922	0.208016	0.218541	0.231571	0.197793	0.14014	0.0951562	0.0670897	99	0	0
setup	0	2018-10-25 23:00:00	0	0.2	0.191345	2.73625	0	0	0.0086552	0.452125	0.105355	0	0.000965281	0.0859897	0	0	0	0	0	0	1021.81	374.634	0	16.7569	16.2776	15.983	17.7037	19.5343	24.4753	31.7071	31.6933	31.681	31.5985	38.0262	37.9171	0.208936	0.213367	0.233184	0.198974	0.140513	0.0952064	0.0671211	99	0	0
setup	0	2018-10-26 23:00:00	0	1.77	1.76134	2.81996	0	0	0.0086552	0.485371	0.108843	0	0.000954817	1.6525	0	0	0	0	0	0	1022.98	375.715	0	17.7812	16.9839	16.5263	17.6306	19.4611	24.4333	31.6982	31.6847	31.6726	31.5917	38.0202	37.9132	0.198997	0.205331	0.23479	0.200155	0.140885	0.0952516	0.0671478	99	0	0
setup	0	2018-10-27 23:00:00	0	0	0	2.97343	0	0	0	0.524174	0	0	0.00094437	0	0	0	0	0	0	0	1022.45	375.124	0	17.0397	16.7852	16.6299	17.5483	19.3789	24.386	31.6887	31.6754	31.6636	31.5844	38.0135	37.9084	0.201701	0.203863	0.236625	0.201496	0.141308	0.0953	0.0671785	99	0	0
setup	0	2018-10-28 23:00:00	0	5.41	5.39269	2.97202	0	0	0.0173104	0.555151	0.230358	0	0.000933383	5.16233	0	0	0	0	0	0	1027.06	379.606	0	27.0626	17.5006	17.0233	17.4832	19.3128	24.3475	31.6819	31.6688	31.6573	31.5796	38.0099	37.9068	0.192272	0.198468	0.238096	0.202589	0.141653	0.0953344	0.0671947	99	0	0
setup	0	2018-10-29 23:00:00	0	0	0	3.07346	0	0	0	0.623359	0	0	0.00092274	0	0	0	0	0	0	0	1026.43	378.919	0	25.6654	17.4543	17.2335	17.4027	19.232	24.3005	31.6727	31.66	31.6487	31.5725	38.0033	37.9021	0.192857	0.195694	0.239942	0.203938	0.142077	0.0953809	0.0672244	99	0	0
setup	0	2018-10-30 23:00:00	0	0.7	0.691345	3.22922	0	0	0.0086552	0.627252	0.125896	0	0.000911979	0.565449	0	0	0	0	0	0	1026.37	378.787	0	25.7826	17.4294	17.2735	17.3233	19.1521	24.2536	31.6641	31.6516	31.6405	31.5658	37.9972	37.8978	0.193174	0.195175	0.241789	0.20529	0.1425	0.095425	0.0672521	99	0	0
setup	0	2018-10-31 23:00:00	0	0	0	3.35551	0	0	0	0.668157	0	0	0.000901207	0	0	0	0	0	0	0	1025.7	378.057	0	24.9523	17.2335	17.1803	17.2371	19.0652	24.2024	31.6553	31.6431	31.6322	31.559	37.9908	37.8932	0.195694	0.19639	0.243828	0.20678	0.142965	0.0954696	0.0672809	99	0	0
setup	0	2018-11-01 23:00:00	0	0	0	3.38038	0	0	0	0.661372	0	0	0.000890392	0	0	0	0	0	0	0	1025.04	377.335	0	24.3553	16.986	16.991	17.1511	18.9783	24.1508	31.6467	31.6347	31.624	31.5522	37.9845	37.8887	0.198969	0.198902	0.245899	0.208292	0.143437	0.0955134	0.0673092	99	0	0
setup	0	2018-11-02 23:00:00	0	0	0	3.37372	0	0	0	0.643987	0	0	0.000879546	0	0	0	0	0	0	0	1024.4	376.631	0	19.4927	18.2211	17.5513	17.0659	18.8918	24.0991	31.6383	31.6265	31.6161	31.5456	37.9783	37.8842	0.183568	0.191635	0.247985	0.209815	0.14391	0.0955564	0.0673371	99	0	0
setup	0	2018-11-03 23:00:00	0	7.9	7.88269	3.26555	0	0	0.0173104	0.683757	0.254819	0	0.000868088	7.62787	0	0	0	0	0	0	1031.34	383.427	0	33.5172	19.4786	18.7046	17.2994	18.8288	24.0606	31.6338	31.6222	31.612	31.5429	37.9769	37.8846	0.169968	0.178118	0.242353	0.210939	0.144265	0.095579	0.0673435	99	0	0
setup	0	2018-11-04 23:00:00	0	0	0	3.23789	0	0	0	0.736862	0	0	0.000857212	0	0	0	0	0	0	0	1030.6	382.633	0	31.9638	19.185	18.9032	17.7868	18.7511	24.0136	31.6257	31.6144	31.6043	31.5365	37.9709	37.8802	0.172981	0.175962	0.231385	0.212343	0.1447	0.0956203	0.0673706	99	0	0
setup	0	2018-11-05 23:00:00	0	0	0	3.21548	0	0	0	0.718362	0	0	0.000846351	0	0	0	0	0	0	0	1029.88	381.858	0	31.0692	18.8714	18.7959	17.8202	18.6742	23.9668	31.6178	31.6067	31.5968	31.5303	37.965	37.8759	0.176304	0.177121	0.23067	0.213748	0.145135	0.0956609	0.0673972	99	0	0
setup	0	2018-11-06 23:00:00	0	0	0	3.27878	0	0	0	0.720163	0	0	0.000835503	0	0	0	0	0	0	0	1029.16	381.082	0	30.3506	18.5892	18.5938	17.737	18.5962	23.9191	31.61	31.5991	31.5894	31.5241	37.9592	37.8717	0.179392	0.179341	0.23246	0.215192	0.145581	0.0957007	0.0674234	99	0	0
setup	0	2018-11-07 23:00:00	0	0	0	3.33162	0	0	0	0.715386	0	0	0.000824679	0	0	0	0	0	0	0	1028.44	380.312	0	22.7103	20.6947	19.5759	17.8745	18.5172	23.8704	31.6023	31.5917	31.5821	31.5181	37.9535	37.8675	0.158393	0.168989	0.229515	0.216674	0.146038	0.0957398	0.0674492	99	0	0
setup	0	2018-11-08 23:00:00	0	0	0	3.43358	0	0	0	0.71478	0	0	0.000813886	0	0	0	0	0	0	0	1027.73	379.543	0	20.9215	20.3239	19.879	18.493	18.436	23.8201	31.5948	31.5844	31.575	31.5121	37.9479	37.8633	0.161778	0.166003	0.217133	0.218219	0.146513	0.0957781	0.0674746	99	0	0
setup	0	2018-11-09 23:00:00	0	0	0	3.4953	0	0	0	0.711754	0	0	0.000803132	0	0	0	0	0	0	0	1027.02	378.779	0	20.0927	19.893	19.7368	18.612	18.5586	23.7687	31.5875	31.5772	31.568	31.5063	37.9424	37.8593	0.165867	0.167392	0.214899	0.215894	0.147	0.0958158	0.0674996	99	0	0
setup	0	2018-11-10 23:00:00	0	0	0	3.35534	0	0	0	0.670691	0	0	0.000792424	0	0	0	0	0	0	0	1026.34	378.056	0	19.577	19.5448	19.5183	18.5464	18.5453	23.7193	31.5803	31.5702	31.5612	31.5005	37.9369	37.8552	0.169301	0.169568	0.216125	0.216145	0.147471	0.0958528	0.0675242	99	0	0
setup	0	2018-11-11 23:00:00	0	0	0	3.4626	0	0	0	0.680474	0	0	0.000781768	0	0	0	0	0	0	0	1025.66	377.324	0	19.1576	19.2269	19.26	18.4407	18.462	23.6684	31.5732	31.5633	31.5544	31.4949	37.9315	37.8513	0.172546	0.172203	0.218128	0.217721	0.147959	0.0958892	0.0675484	99	0	0
setup	0	2018-11-12 23:00:00	0	0.2	0.191345	3.3104	0	0	0.0086552	0.614632	0.129278	0	0.000771167	0.0620668	0	0	0	0	0	0	1025.11	376.721	0	18.8965	18.9469	19.0207	18.3452	18.3862	23.6218	31.5663	31.5565	31.5479	31.4894	37.9263	37.8474	0.175494	0.174708	0.219971	0.219175	0.148407	0.0959247	0.0675721	99	0	0
setup	0	2018-11-13 23:00:00	0	0.1	0.0913448	3.42112	0	0	0.0086552	0.633283	0.0913448	0	0.000760634	0	0	0	0	0	0	0	1024.48	376.038	0	18.5148	18.6547	18.7735	18.246	18.3073	23.5729	31.5594	31.5499	31.5414	31.4839	37.9211	37.8436	0.178667	0.177364	0.221917	0.22071	0.14888	0.0959597	0.0675956	99	0	0
setup	0	2018-11-14 23:00:00	0	0	0	3.29871	0	0	0	0.618881	0	0	0.000750171	0	0	0	0	0	0	0	1023.86	375.371	0	18.1452	18.3696	18.5314	18.1484	18.2295	23.5243	31.5527	31.5433	31.535	31.4785	37.916	37.8397	0.181862	0.180037	0.223865	0.222244	0.149352	0.0959942	0.0676188	99	0	0
setup	0	2018-11-15 23:00:00	0	0	0	3.29023	0	0	0	0.607393	0	0	0.000739782	0	0	0	0	0	0	0	1023.25	374.716	0	17.7858	18.0903	18.2932	18.0519	18.1523	23.4759	31.5461	31.5369	31.5287	31.4733	37.9109	37.836	0.185095	0.182736	0.225823	0.223785	0.149825	0.096028	0.0676415	99	0	0
setup	0	2018-11-16 23:00:00	0	0	0	3.44831	0	0	0	0.62614	0	0	0.00072947	0	0	0	0	0	0	0	1022.62	374.042	0	17.4188	17.8027	18.0471	17.9519	18.0721	23.4252	31.5397	31.5306	31.5226	31.4681	37.906	37.8323	0.188532	0.185603	0.227891	0.225412	0.150323	0.0960613	0.0676639	99	0	0
setup	0	2018-11-17 23:00:00	0	0	0	3.49949	0	0	0	0.624682	0	0	0.000719241	0	0	0	0	0	0	0	1022	373.372	0	17.0563	17.5164	17.8011	17.8514	17.9912	23.3737	31.5333	31.5244	31.5165	31.463	37.9011	37.8286	0.192073	0.188552	0.230005	0.227074	0.150831	0.0960939	0.067686	99	0	0
setup	0	2018-11-18 23:00:00	0	0.1	0.0913448	3.23149	0	0	0.0086552	0.549933	0.0913448	0	0.000709097	0	0	0	0	0	0	0	1021.45	372.776	0	16.7402	17.2647	17.5841	17.7623	17.9193	23.3277	31.5271	31.5183	31.5106	31.458	37.8963	37.8251	0.195289	0.191226	0.231911	0.228571	0.151288	0.096126	0.0677077	99	0	0
setup	0	2018-11-19 23:00:00	0	0	0	3.42456	0	0	0	0.591794	0	0	0.000699042	0	0	0	0	0	0	0	1020.85	372.14	0	16.4031	16.9944	17.3501	17.6659	17.8413	23.2774	31.5209	31.5124	31.5047	31.453	37.8916	37.8215	0.198856	0.194187	0.234011	0.23022	0.15179	0.0961576	0.0677291	99	0	0
setup	0	2018-11-20 23:00:00	0	20.5	20.4567	3.34062	0	0	0.043276	0.721976	0.652687	0	0.0006879	19.804	0	0	0	0	0	0	1039.93	390.946	0	30.332	26.6768	25.1199	21.5988	20.1084	23.2582	31.5249	31.5165	31.509	31.4583	37.8993	37.8306	0.115892	0.125246	0.17024	0.190141	0.151981	0.0961358	0.0676942	99	0	0
setup	0	2018-11-21 23:00:00	0	16.58	16.5454	3.23923	0	0	0.0346208	0.871201	0.50525	0	0.000676903	16.0401	0	0	0	0	0	0	1055.1	405.865	0	34.4241	30.6319	30.3255	27.8789	26.5581	24.2593	31.5279	31.5197	31.5123	31.4626	37.9058	37.8383	0.0954722	0.0969207	0.114321	0.123645	0.142448	0.096119	0.0676649	99	0	0
setup	0	2018-11-22 23:00:00	0	20.7	20.6567	3.0942	0	0	0.043276	0.815252	0.601348	0	0.000665678	20.0554	0	0	0	0	0	0	1074.34	424.776	0	32.5054	31.0168	31.03	29.5332	29.874	29.9292	35.7195	35.049	34.197	31.5805	37.9185	37.8505	0.093679	0.0936178	0.103773	0.101729	0.101401	0.0787555	0.0676074	99	0	0
setup	0	2018-11-23 23:00:00	0	0	0	3.23793	0	0	0	1.06439	0	0	0.000655935	0	0	0	0	0	0	0	1073.28	423.669	0	30.973	30.5358	30.6365	29.3258	29.7103	29.7229	35.2651	34.4999	33.9513	31.9688	37.9654	37.8506	0.0959248	0.0954507	0.105036	0.102706	0.10263	0.0813197	0.0673957	99	0	0
setup	0	2018-11-24 23:00:00	0	0	0	3.29949	0	0	0	1.06897	0	0	0.000646399	0	0	0	0	0	0	0	1072.21	422.55	0	29.9183	30.0526	30.2395	29.1156	29.5438	29.4648	34.9114	34.2792	33.8609	32.2179	38.0712	37.8665	0.0982262	0.0973305	0.106333	0.103708	0.104188	0.0823617	0.0669181	99	0	0
setup	0	2018-11-25 23:00:00	0	0	0	3.19458	0	0	0	1.01969	0	0	0.000636964	0	0	0	0	0	0	0	1071.19	421.461	0	29.2153	29.5915	29.8589	28.9132	29.3577	29.2269	34.6565	34.1287	33.7874	32.3688	38.187	37.9011	0.100468	0.0991627	0.107598	0.104841	0.105644	0.0830764	0.0663955	99	0	0
setup	0	2018-11-26 23:00:00	0	4.49	4.48134	3.13352	0	0	0.0086552	0.993675	0.121908	0	0.0006273	4.35944	0	0	0	0	0	0	1074.55	424.667	0	37.0484	30.1264	29.9385	28.729	29.1473	29.023	34.4583	34.0092	33.7203	32.4664	38.296	37.9512	0.0978715	0.0987768	0.108762	0.106136	0.10691	0.0836465	0.0659045	99	0	0
setup	0	2018-11-27 23:00:00	0	32.53	32.4694	2.98334	0	0	0.0605864	0.716018	0.809554	0	0.000615825	31.6599	0	0	0	0	0	0	1105.5	454.364	0	36.4138	31.0678	31.0728	29.5582	29.8919	29.9619	35.9913	35.9999	36	35.9993	43.2133	39.7161	0.0934435	0.0934201	0.103621	0.101622	0.101208	0.0744002	0.0431163	99	0	0
setup	0	2018-11-28 23:00:00	0	1.02	1.01134	3.16015	0	0	0.0086552	1.02453	0.123018	0	0.000606341	0.888327	0	0	0	0	0	0	1105.36	452.669	0	35.6517	30.6686	30.6184	29.0786	29.6909	29.8995	35.9799	35.9995	35.9988	35.925	42.7307	40.3305	0.0953001	0.0955359	0.106563	0.102822	0.101577	0.074402	0.0455171	99	0	0
setup	0	2018-11-29 23:00:00	0	0	0	3.21988	0	0	0	1.0772	0	0	0.000597369	0	0	0	0	0	0	0	1104.28	450.316	0	33.7845	30.4977	30.4524	28.9398	29.531	29.8413	35.9799	35.9919	35.9836	35.7634	42.2164	40.4467	0.0961042	0.0963187	0.10743	0.103786	0.101923	0.0744366	0.0480054	99	0	0
setup	0	2018-11-30 23:00:00	0	12.3	12.274	3.07126	0	0	0.0259656	0.90964	0.357942	0	0.000587461	11.9161	0	0	0	0	0	0	1115.29	457.156	0	35.6496	30.984	31.0036	29.5201	29.8631	29.9515	35.7909	35.5948	35.6633	35.8587	43.268	43.2063	0.0938309	0.0937398	0.103852	0.101793	0.10127	0.0762441	0.0428394	99	0	0
setup	0	2018-12-01 23:00:00	0	2.4	2.39134	3.13792	0	0	0.0086552	1.01516	0.122091	0	0.0005787	2.26925	0	0	0	0	0	0	1116.54	456.489	0	36.8981	30.5881	30.5682	29.5389	29.6323	29.8344	35.7297	35.6449	35.6097	35.8199	43.2865	42.7739	0.0956784	0.0957719	0.103738	0.103174	0.101964	0.0760149	0.0427453	99	0	0
setup	0	2018-12-02 23:00:00	0	2.8	2.79134	2.93874	0	0	0.0086552	0.946553	0.113792	0	0.000570815	2.67755	0	0	0	0	0	0	1118.27	456.494	0	37.4551	30.5091	30.4351	29.5503	29.5388	29.7622	35.6973	35.6605	35.6433	35.8136	43.2791	42.8462	0.0960507	0.0964004	0.103669	0.103739	0.102395	0.0759439	0.0427831	99	0	0
setup	0	2018-12-03 23:00:00	0	0	0	3.04549	0	0	0	1.02415	0	0	0.000565463	0	0	0	0	0	0	0	1117.25	454.386	0	34.5604	30.7341	30.6305	29.3532	29.3917	29.7075	35.678	35.6646	35.658	35.8076	43.0926	42.3351	0.0949937	0.095479	0.104869	0.104633	0.102723	0.0759251	0.0437236	99	0	0
setup	0	2018-12-04 23:00:00	0	0	0	3.16288	0	0	0	1.05197	0	0	0.000564937	0	0	0	0	0	0	0	1116.19	452.474	0	33.1364	30.4818	30.4648	29.1539	29.2367	29.6507	35.6703	35.6657	35.6633	35.7677	42.8953	42.0954	0.0961797	0.0962597	0.106095	0.105584	0.103063	0.0759203	0.0447066	99	0	0
setup	0	2018-12-05 23:00:00	0	14.9	14.874	3.05801	0	0	0.0259656	0.881454	0.356285	0	0.000571793	14.5177	0	0	0	0	0	0	1129.83	458.339	0	30.165	30.9849	31.0016	29.5128	29.8617	29.9509	35.9911	35.9999	36	35.9984	43.959	43.3347	0.0938268	0.0937491	0.103896	0.101802	0.101273	0.0744002	0.0392374	99	0	0
setup	0	2018-12-06 23:00:00	0	18.1	18.0654	3.09138	0	0	0.0346208	0.875087	0.480608	0	0.000591972	17.5848	0	0	0	0	0	0	1146.54	464.466	0	36.8529	31.1338	31.0619	29.5272	29.8689	29.9535	35.9913	35.9999	36	35.9979	43.2459	45.2683	0.0931391	0.0934704	0.103809	0.101759	0.101257	0.0744002	0.0429513	99	0	0
setup	0	2018-12-07 23:00:00	0	1.9	1.89134	3.31228	0	0	0.0086552	1.07246	0.129356	0	0.000633102	1.76199	0	0	0	0	0	0	1147.23	458.619	0	36.6574	30.8802	30.7104	29.5508	29.634	29.8868	35.9751	35.9995	35.9991	35.9734	43.2897	43.1296	0.0943121	0.0951043	0.103666	0.103164	0.101653	0.0744023	0.0427292	99	0	0
setup	0	2018-12-08 23:00:00	0	0	0	3.31591	0	0	0	1.11891	0	0	0.000699526	0	0	0	0	0	0	0	1146.11	457.5	0	34.2039	30.8837	30.8108	29.341	29.4705	29.8272	35.9751	35.996	35.9939	35.9484	43.2714	43.1855	0.0942958	0.0946355	0.104943	0.104153	0.102007	0.0744179	0.0428223	99	0	0
setup	0	2018-12-09 23:00:00	0	29.6	29.5481	3.03048	0	0	0.0519312	0.749374	0.705689	0	0.000811515	28.8424	0	0	0	0	0	0	1174.2	467.758	0	30.2452	31.0449	31.051	29.5393	29.8822	29.9582	35.9911	35.9999	35.9999	35.9226	44.1542	48.5944	0.093549	0.093521	0.103736	0.10168	0.10123	0.0744002	0.0381786	99	0	0
setup	0	2018-12-10 23:00:00	0	0.6	0.591345	3.27753	0	0	0.0086552	1.03165	0.127909	0	0.0010611	0.463436	0	0	0	0	0	0	1173.63	455.675	0	30.7862	30.5772	30.6685	29.3379	29.7231	29.9007	35.9911	35.9945	35.9878	35.891	43.2744	43.1169	0.0957295	0.0953006	0.104962	0.102629	0.10157	0.074425	0.0428068	99	0	0
setup	0	2018-12-11 23:00:00	0	2.8	2.79134	3.04641	0	0	0.0086552	0.978426	0.118278	0	0.00177866	2.67307	0	0	0	0	0	0	1175.32	457.283	0	35.6495	30.4701	30.4255	29.1554	29.5782	29.8481	35.9895	35.9812	35.9714	35.8968	43.2374	43.147	0.0962349	0.0964457	0.106087	0.1035	0.101883	0.0744851	0.0429945	99	0	0
setup	0	2018-12-12 23:00:00	0	23.49	23.4467	2.89967	0	0	0.043276	0.778992	0.560822	0	0.00684109	22.8859	0	0	0	0	0	0	1197.42	468.848	0	37.5075	31.0185	30.9484	29.1064	29.8373	29.9151	35.6184	35.6494	35.4757	35.8592	47.2647	45.1714	0.0936711	0.0939957	0.10639	0.101947	0.101485	0.0759944	0.013555	99	0	0
setup	0	2018-12-13 23:00:00	0	0	0	3.26201	0	0	0	1.10173	0	0	0.0488816	0	0	0	0	0	0	0	1196.27	457.004	0	34.6695	30.8661	30.7589	29.2014	29.6748	29.7702	35.6647	35.5829	35.5447	35.7738	43.3861	43.9291	0.094378	0.0948777	0.105802	0.102919	0.102347	0.0762982	0.0422377	99	0	0
setup	0	2018-12-14 23:00:00	0	2.9	2.89134	3.13064	0	0	0.0086552	1.01096	0.121788	0	0.168279	2.76956	0	0	0	0	0	0	1197.86	456.665	0	37.037	30.6911	30.5012	28.9182	29.5156	29.7036	35.6311	35.5961	35.5794	35.7847	43.3666	43.1885	0.0951945	0.0960878	0.107566	0.103879	0.102745	0.0762381	0.0423376	99	0	0
setup	0	2018-12-15 23:00:00	0	18.26	18.2254	3.11844	0	0	0.0346208	0.882006	0.48512	0	1.99628	17.7403	0	0	0	0	0	0	1212.73	463.142	0	37.0425	31.0155	31.0405	28.8317	29.8206	29.9482	35.9799	35.9998	36	35.999	43.2979	44.8796	0.093685	0.0935696	0.108111	0.102046	0.101289	0.074401	0.0426878	99	0	0
setup	0	2018-12-16 23:00:00	0	24.7	24.6567	2.97853	0	0	0.043276	0.777262	0.577251	0	9.58781	24.0795	0	0	0	0	0	0	1226.44	474.909	0	30.2263	31.0312	31.0403	29.5348	29.8778	29.9566	35.9053	36.7384	36.7248	36.0024	48.942	47.1162	0.0936125	0.0935705	0.103763	0.101706	0.101239	0.0710775	0.0138681	99	0	0
setup	0	2018-12-17 23:00:00	0	0.1	0.0913448	3.04678	0	0	0.0086552	0.960255	0.0913448	0	9.59434	0	0	0	0	0	0	0	1215.89	461.977	0	29.6325	30.5906	30.6799	29.345	29.7279	29.8987	35.8806	35.7966	35.7216	35.624	43.3374	47.8769	0.0956667	0.0952471	0.104919	0.1026	0.101582	0.0753235	0.0424866	99	0	0
setup	0	2018-12-18 23:00:00	0	0	0	3.13959	0	0	0	1.01011	0	0	9.5997	0	0	0	0	0	0	0	1205.28	453.595	0	29.0143	30.1275	30.2996	29.1438	29.5686	29.8408	35.8252	35.7677	35.7303	35.6423	43.3606	43.263	0.0978663	0.0970436	0.106158	0.103558	0.101926	0.075455	0.0423681	99	0	0
setup	0	2018-12-19 23:00:00	0	0	0	3.24301	0	0	0	1.02947	0	0	2.00217	0	0	0	0	0	0	0	1202.24	452.561	0	28.3912	29.6561	29.9108	28.9371	29.4045	29.7808	35.7897	35.7557	35.7324	35.6691	43.3469	43.3083	0.100152	0.098911	0.107447	0.104555	0.102284	0.0755098	0.0424382	99	0	0
setup	0	2018-12-20 23:00:00	0	1.3	1.29134	3.24303	0	0	0.0086552	0.993933	0.126471	0	0.00120061	1.16487	0	0	0	0	0	0	1202.41	452.689	0	30.6622	29.2199	29.5496	28.7447	29.2506	29.7242	35.7677	35.747	35.7321	35.6897	43.3377	43.3008	0.102311	0.100675	0.108662	0.105498	0.102622	0.0755495	0.0424848	99	0	0
setup	0	2018-12-21 23:00:00	0	0	0	3.15891	0	0	0	0.996783	0	0	0.000836098	0	0	0	0	0	0	0	1201.42	451.659	0	29.9878	28.7778	29.1819	28.5475	29.0931	29.666	35.7535	35.7404	35.7308	35.703	43.3288	43.2943	0.104544	0.102501	0.109924	0.106473	0.102972	0.0755796	0.0425303	99	0	0
setup	0	2018-12-22 23:00:00	0	0	0	3.06087	0	0	0	0.952876	0	0	0.000602274	0	0	0	0	0	0	0	1200.46	450.678	0	28.5201	28.4138	28.8291	28.3573	28.9409	29.6093	35.7444	35.736	35.7298	35.7117	43.3206	43.2902	0.106421	0.104283	0.111154	0.107424	0.103313	0.0755997	0.0425721	99	0	0
setup	0	2018-12-23 23:00:00	0	0	0	3.18169	0	0	0	0.976615	0	0	0.000436437	0	0	0	0	0	0	0	1199.49	449.678	0	27.8832	28.008	28.4659	28.1608	28.783	29.5503	35.7385	35.7331	35.7291	35.7174	43.3135	43.2874	0.108554	0.10615	0.112443	0.108419	0.103669	0.0756127	0.0426084	99	0	0
setup	0	2018-12-24 23:00:00	0	0	0	3.21673	0	0	0	0.973964	0	0	0.000316744	0	0	0	0	0	0	0	1198.51	448.685	0	27.2927	27.5752	28.1027	27.9632	28.6239	29.4904	35.7347	35.7312	35.7287	35.7211	43.3074	43.2854	0.110881	0.108053	0.113756	0.109433	0.104032	0.0756213	0.0426391	99	0	0
setup	0	2018-12-25 23:00:00	0	0	0	3.08183	0	0	0	0.920601	0	0	0.000229997	0	0	0	0	0	0	0	1197.59	447.748	0	26.7404	27.1666	27.7583	27.7751	28.472	29.4329	35.7322	35.73	35.7283	35.7235	43.3024	43.2839	0.113128	0.10989	0.115022	0.11041	0.104382	0.0756268	0.0426648	99	0	0
setup	0	2018-12-26 23:00:00	0	0	0	3.10456	0	0	0	0.915152	0	0	0.000167044	0	0	0	0	0	0	0	1196.67	446.819	0	26.1971	26.761	27.4151	27.5867	28.3195	29.3748	35.7306	35.7292	35.7281	35.725	43.2981	43.2826	0.115411	0.111755	0.116307	0.111401	0.104736	0.0756305	0.0426864	99	0	0
setup	0	2018-12-27 23:00:00	0	0	0	3.07826	0	0	0	0.8954	0	0	0.000121333	0	0	0	0	0	0	0	1195.78	445.912	0	25.6711	26.3648	27.0783	27.4011	28.1687	29.3171	35.7296	35.7287	35.728	35.726	43.2945	43.2812	0.117695	0.11362	0.117591	0.112391	0.10509	0.0756329	0.0427046	99	0	0
setup	0	2018-12-28 23:00:00	0	0	0	3.11148	0	0	0	0.893054	0	0	8.81342e-05	0	0	0	0	0	0	0	1194.89	445.009	0	25.1519	25.9701	26.7417	27.2147	28.0169	29.2586	35.7289	35.7283	35.7279	35.7266	43.2915	43.28	0.120025	0.115522	0.118897	0.113397	0.105449	0.0756345	0.0427203	99	0	0
setup	0	2018-12-29 23:00:00	0	0	0	3.1517	0	0	0	0.892431	0	0	6.40208e-05	0	0	0	0	0	0	0	1193.99	444.107	0	24.6386	25.5764	26.4044	27.0271	27.8637	29.1992	35.7284	35.7281	35.7278	35.727	43.2888	43.2787	0.122407	0.117464	0.120229	0.114424	0.105816	0.0756355	0.0427339	99	0	0
setup	0	2018-12-30 23:00:00	0	0	0	3.26031	0	0	0	0.910448	0	0	4.65053e-05	0	0	0	0	0	0	0	1193.08	443.189	0	24.1204	25.1754	26.0595	26.8344	27.7059	29.1376	35.7282	35.728	35.7278	35.7273	43.2864	43.2775	0.124896	0.119492	0.121618	0.115493	0.106197	0.0756362	0.0427459	99	0	0
setup	0	2018-12-31 23:00:00	0	0.1	0.0913448	3.26023	0	0	0.0086552	0.870274	0.0913448	0	3.37822e-05	0	0	0	0	0	0	0	1192.21	442.311	0	23.6303	24.7928	25.729	26.6489	27.5535	29.0778	35.728	35.7279	35.7278	35.7274	43.2843	43.2764	0.127334	0.121476	0.122974	0.116536	0.106568	0.0756366	0.0427566	99	0	0
setup	0	2019-01-01 23:00:00	0	0	0	3.15149	0	0	0	0.856014	0	0	2.454e-05	0	0	0	0	0	0	0	1191.36	441.449	0	23.1533	24.4172	25.4033	26.4652	27.4022	29.0181	35.7279	35.7278	35.7277	35.7275	43.2824	43.2753	0.12979	0.123474	0.124336	0.117583	0.10694	0.0756368	0.0427661	99	0	0
setup	0	2019-01-02 23:00:00	0	0	0	3.04988	0	0	0	0.817274	0	0	1.78263e-05	0	0	0	0	0	0	0	1190.54	440.625	0	22.7026	24.0593	25.0916	26.2887	27.2564	28.9602	35.7278	35.7278	35.7277	35.7276	43.2807	43.2743	0.132191	0.125424	0.125664	0.118603	0.107303	0.075637	0.0427748	99	0	0
setup	0	2019-01-03 23:00:00	0	0	0	3.20738	0	0	0	0.847814	0	0	1.29494e-05	0	0	0	0	0	0	0	1189.69	439.772	0	22.24	23.6888	24.7677	26.1044	27.1037	28.8991	35.7278	35.7278	35.7277	35.7276	43.2792	43.2733	0.134744	0.127496	0.12707	0.119683	0.107686	0.0756371	0.0427826	99	0	0
setup	0	2019-01-04 23:00:00	0	0	0	3.23532	0	0	0	0.84322	0	0	9.40675e-06	0	0	0	0	0	0	0	1188.85	438.924	0	21.7847	23.321	24.4449	25.9199	26.9504	28.8375	35.7278	35.7277	35.7277	35.7277	43.2778	43.2724	0.137348	0.129606	0.128499	0.120779	0.108075	0.0756372	0.0427897	99	0	0
setup	0	2019-01-05 23:00:00	0	7.7	7.68269	2.95693	0	0	0.0173104	0.795803	0.229101	0	6.78658e-06	7.45359	0	0	0	0	0	0	1195.51	445.556	0	33.7952	25.694	25.4098	25.8021	26.8499	28.7964	35.7296	35.7296	35.7296	35.7296	43.2777	43.2728	0.121689	0.123433	0.129423	0.121505	0.108335	0.0756285	0.0427902	99	0	0
setup	0	2019-01-06 23:00:00	0	1.5	1.49134	3.05472	0	0	0.0086552	0.879903	0.118625	0	4.92116e-06	1.37272	0	0	0	0	0	0	1196	446.04	0	34.8874	25.8712	25.7057	25.6542	26.7259	28.7459	35.7301	35.7301	35.7301	35.73	43.2768	43.2723	0.120618	0.121618	0.130597	0.122409	0.108655	0.0756265	0.0427947	99	0	0
setup	0	2019-01-07 23:00:00	0	0	0	3.18239	0	0	0	0.945749	0	0	3.57482e-06	0	0	0	0	0	0	0	1195.05	445.09	0	33.3768	25.7006	25.6474	25.4869	26.5859	28.6887	35.7301	35.7301	35.7301	35.73	43.2757	43.2715	0.121649	0.121973	0.131941	0.123439	0.109019	0.0756266	0.0428002	99	0	0
setup	0	2019-01-08 23:00:00	0	0	0	3.28216	0	0	0	0.96064	0	0	2.59681e-06	0	0	0	0	0	0	0	1194.09	444.126	0	32.3831	25.3924	25.3931	25.3154	26.442	28.6296	35.7301	35.7301	35.7301	35.7301	43.2747	43.2708	0.123541	0.123537	0.13334	0.124509	0.109397	0.0756266	0.0428054	99	0	0
setup	0	2019-01-09 23:00:00	0	0	0	2.73489	0	0	0	0.789615	0	0	1.88637e-06	0	0	0	0	0	0	0	1193.3	443.333	0	31.7219	25.0847	25.1232	25.1733	26.3225	28.5802	35.7301	35.7301	35.7301	35.7301	43.2738	43.2702	0.125468	0.125225	0.134516	0.125408	0.109713	0.0756266	0.0428101	99	0	0
setup	0	2019-01-10 23:00:00	0	1.72	1.71134	3.19598	0	0	0.0086552	0.897563	0.124511	0	1.36788e-06	1.58683	0	0	0	0	0	0	1193.99	444.013	0	34.5899	24.9423	24.9068	25.0253	26.1969	28.5279	35.7305	35.7305	35.7305	35.7305	43.2732	43.2699	0.126374	0.126601	0.135756	0.126361	0.11005	0.0756244	0.042813	99	0	0
setup	0	2019-01-11 23:00:00	0	0	0	3.71403	0	0	0	1.07518	0	0	9.9365e-07	0	0	0	0	0	0	0	1192.92	442.935	0	33.2239	24.6945	24.6745	24.8369	26.0376	28.4613	35.7305	35.7305	35.7305	35.7305	43.2724	43.2693	0.12797	0.1281	0.137358	0.127585	0.11048	0.0756244	0.0428171	99	0	0
setup	0	2019-01-12 23:00:00	0	0.2	0.191345	3.33415	0	0	0.0086552	0.911351	0.130268	0	7.21758e-07	0.0610773	0	0	0	0	0	0	1192.07	442.082	0	32.467	24.4033	24.4069	24.6762	25.9013	28.4039	35.7306	35.7306	35.7306	35.7306	43.2717	43.2687	0.129882	0.129858	0.138747	0.128644	0.110852	0.0756243	0.0428209	99	0	0
setup	0	2019-01-13 23:00:00	0	0	0	3.13245	0	0	0	0.880663	0	0	5.24298e-07	0	0	0	0	0	0	0	1191.19	441.199	0	31.7345	24.0562	24.1106	24.5194	25.7679	28.3475	35.7306	35.7306	35.7306	35.7306	43.2709	43.2682	0.132212	0.131844	0.140122	0.129693	0.111219	0.0756243	0.0428244	99	0	0
setup	0	2019-01-14 23:00:00	0	0	0	2.65934	0	0	0	0.736917	0	0	3.80859e-07	0	0	0	0	0	0	0	1190.45	440.459	0	26.9916	25.189	24.4817	24.387	25.655	28.2994	35.7306	35.7306	35.7306	35.7306	43.2703	43.2677	0.124811	0.129363	0.141299	0.13059	0.111533	0.0756243	0.0428278	99	0	0
setup	0	2019-01-15 23:00:00	0	1.72	1.71134	3.19512	0	0	0.0086552	0.860906	0.124475	0	2.76237e-07	1.58687	0	0	0	0	0	0	1191.18	441.179	0	29.3489	25.0372	24.9177	24.2456	25.5334	28.2472	35.731	35.731	35.731	35.731	43.2699	43.2676	0.125769	0.126531	0.142573	0.131565	0.111875	0.0756224	0.0428295	99	0	0
setup	0	2019-01-16 23:00:00	0	1.72	1.71134	3.19493	0	0	0.0086552	0.868363	0.124467	0	2.00349e-07	1.58688	0	0	0	0	0	0	1191.89	441.89	0	30.4887	25.393	25.2011	24.1066	25.4137	28.1954	35.7314	35.7314	35.7314	35.7314	43.2697	43.2674	0.123537	0.124735	0.143841	0.132536	0.112215	0.0756205	0.042831	99	0	0
setup	0	2019-01-17 23:00:00	0	1.72	1.71134	3.19473	0	0	0.0086552	0.87816	0.124459	0	1.45304e-07	1.58689	0	0	0	0	0	0	1192.6	442.592	0	30.9478	25.914	25.6449	24.2418	25.2959	28.1442	35.7318	35.7318	35.7318	35.7318	43.2694	43.2673	0.120361	0.121988	0.142608	0.133501	0.112553	0.0756185	0.0428323	99	0	0
setup	0	2019-01-18 23:00:00	0	1.72	1.71134	3.19453	0	0	0.0086552	0.888591	0.12445	0	1.05377e-07	1.58689	0	0	0	0	0	0	1193.3	443.284	0	31.2274	26.403	26.1099	24.6321	25.1802	28.0936	35.7323	35.7323	35.7323	35.7323	43.2692	43.2672	0.117473	0.119193	0.139132	0.134459	0.112888	0.0756165	0.0428334	99	0	0
setup	0	2019-01-19 23:00:00	0	1.72	1.71134	3.19431	0	0	0.0086552	0.898648	0.124441	0	7.64164e-08	1.5869	0	0	0	0	0	0	1193.99	443.966	0	31.4553	26.8442	26.5269	24.9887	25.0665	28.0435	35.7327	35.7327	35.7327	35.7327	43.269	43.2672	0.114939	0.116754	0.136064	0.135409	0.11322	0.0756144	0.0428342	99	0	0
setup	0	2019-01-20 23:00:00	0	1.72	1.71134	3.1941	0	0	0.0086552	0.908224	0.124432	0	5.54115e-08	1.58691	0	0	0	0	0	0	1194.67	444.638	0	31.6556	27.2485	26.9222	25.3189	25.2322	27.9941	35.7332	35.7332	35.7332	35.7332	43.2689	43.2672	0.112673	0.114497	0.133311	0.134027	0.11355	0.0756123	0.0428349	99	0	0
setup	0	2019-01-21 23:00:00	0	1.72	1.71134	3.19387	0	0	0.0086552	0.917321	0.124423	0	4.01775e-08	1.58692	0	0	0	0	0	0	1195.34	445.3	0	31.8367	27.6137	27.2833	25.6478	25.5253	27.9453	35.7337	35.7337	35.7337	35.7337	43.2688	43.2672	0.110671	0.112481	0.130647	0.131631	0.113876	0.07561	0.0428353	99	0	0
setup	0	2019-01-22 23:00:00	0	1.72	1.71134	3.19364	0	0	0.0086552	0.925988	0.124413	0	2.91296e-08	1.58693	0	0	0	0	0	0	1196	445.954	0	32.0036	27.9524	27.616	25.9357	25.7833	27.8971	35.7342	35.7342	35.7342	35.7342	43.2688	43.2673	0.10885	0.110659	0.128376	0.129571	0.114199	0.0756077	0.0428355	99	0	0
setup	0	2019-01-23 23:00:00	0	1.72	1.71134	3.1934	0	0	0.0086552	0.934264	0.124403	0	2.1118e-08	1.58694	0	0	0	0	0	0	1196.65	446.6	0	32.1568	28.2655	27.9301	26.2264	26.0485	27.8495	35.7347	35.7347	35.7347	35.7347	43.2688	43.2673	0.107195	0.108969	0.126136	0.127501	0.11452	0.0756053	0.0428355	99	0	0
setup	0	2019-01-24 23:00:00	0	1.72	1.71134	3.19316	0	0	0.0086552	0.94217	0.124393	0	1.53085e-08	1.58695	0	0	0	0	0	0	1197.3	447.238	0	32.3008	28.5591	28.2213	26.4873	26.2887	27.8025	35.7353	35.7353	35.7353	35.7353	43.2688	43.2675	0.105668	0.107427	0.124171	0.125663	0.114837	0.0756028	0.0428354	99	0	0
setup	0	2019-01-25 23:00:00	0	1.72	1.71134	3.19291	0	0	0.0086552	0.949754	0.124383	0	1.10962e-08	1.58696	0	0	0	0	0	0	1197.93	447.868	0	32.4348	28.8337	28.498	26.7486	26.542	27.7561	35.7359	35.7359	35.7359	35.7359	43.2689	43.2676	0.104259	0.105984	0.122242	0.123764	0.115151	0.0756002	0.042835	99	0	0
setup	0	2019-01-26 23:00:00	0	1.72	1.71134	3.19265	0	0	0.0086552	0.957036	0.124372	0	8.04225e-09	1.58697	0	0	0	0	0	0	1198.56	448.49	0	32.5621	29.0954	28.7608	26.9885	26.76	27.7103	35.7364	35.7364	35.7364	35.7364	43.269	43.2678	0.102935	0.104631	0.120506	0.122159	0.115462	0.0755975	0.0428345	99	0	0
setup	0	2019-01-27 23:00:00	0	1.72	1.71134	3.19239	0	0	0.0086552	0.964022	0.124361	0	5.82819e-09	1.58698	0	0	0	0	0	0	1199.19	449.105	0	32.6821	29.3412	29.0081	27.2211	26.9873	27.6652	35.7371	35.7371	35.7371	35.7371	43.2691	43.268	0.101706	0.103375	0.118852	0.120515	0.11577	0.0755946	0.0428338	99	0	0
setup	0	2019-01-28 23:00:00	0	1.72	1.71134	3.19212	0	0	0.0086552	0.970785	0.12435	0	4.2232e-09	1.58699	0	0	0	0	0	0	1199.8	449.714	0	32.7962	29.5771	29.248	27.4496	27.207	27.6208	35.7377	35.7377	35.7377	35.7377	43.2693	43.2683	0.10054	0.10217	0.117254	0.118951	0.116074	0.0755917	0.0428328	99	0	0
setup	0	2019-01-29 23:00:00	0	1.72	1.71134	3.19185	0	0	0.0086552	0.977277	0.124339	0	3.0598e-09	1.58701	0	0	0	0	0	0	1200.41	450.315	0	32.906	29.8027	29.4753	27.6611	27.4085	27.577	35.7384	35.7384	35.7384	35.7384	43.2695	43.2685	0.0994359	0.101041	0.115798	0.11754	0.116374	0.0755886	0.0428317	99	0	0
setup	0	2019-01-30 23:00:00	0	1.72	1.71134	3.19157	0	0	0.0086552	0.983544	0.124327	0	2.21664e-09	1.58702	0	0	0	0	0	0	1201.02	450.91	0	33.0103	30.0173	29.6925	27.8681	27.6131	27.534	35.7391	35.7391	35.7391	35.7391	43.2698	43.2689	0.0983965	0.0999735	0.114394	0.116127	0.11667	0.0755854	0.0428304	99	0	0
setup	0	2019-01-31 23:00:00	0	1.72	1.71134	3.19129	0	0	0.0086552	0.991816	0.124315	0	1.60556e-09	1.58703	0	0	0	0	0	0	1201.61	451.497	0	35.4274	29.6127	29.4516	27.825	27.6884	27.5484	35.7398	35.7398	35.7398	35.7398	43.2701	43.2692	0.100364	0.101158	0.114685	0.115612	0.116571	0.075582	0.0428289	99	0	0
setup	0	2019-02-01 23:00:00	0	1.72	1.71134	3.191	0	0	0.0086552	0.994938	0.124303	0	1.16297e-09	1.58704	0	0	0	0	0	0	1202.2	452.08	0	36.1429	29.8487	29.566	27.8609	27.7152	27.5982	35.7406	35.7406	35.7406	35.7406	43.2704	43.2696	0.0992123	0.100594	0.114443	0.115429	0.116229	0.0755786	0.0428274	99	0	0
setup	0	2019-02-02 23:00:00	0	0	0	3.84006	0	0	0	1.24208	0	0	8.44769e-10	0	0	0	0	0	0	0	1200.96	450.837	0	33.9081	29.5087	29.3803	27.8	27.703	27.615	35.7406	35.7406	35.7406	35.7406	43.2702	43.2694	0.100876	0.101511	0.114854	0.115512	0.116114	0.0755786	0.0428284	99	0	0
setup	0	2019-02-03 23:00:00	0	0	0	3.47065	0	0	0	1.10353	0	0	6.13641e-10	0	0	0	0	0	0	0	1199.86	449.733	0	32.6963	29.0771	29.0573	27.612	27.5986	27.5906	35.7406	35.7406	35.7406	35.7406	43.27	43.2693	0.103027	0.103127	0.116134	0.116226	0.116281	0.0755786	0.0428293	99	0	0
setup	0	2019-02-04 23:00:00	0	0	0	2.78018	0	0	0	0.871574	0	0	4.45741e-10	0	0	0	0	0	0	0	1198.99	448.861	0	31.9636	28.7292	28.7568	27.4457	27.4737	27.545	35.7406	35.7406	35.7406	35.7406	43.2698	43.2692	0.104793	0.104652	0.117281	0.117087	0.116595	0.0755786	0.0428302	99	0	0
setup	0	2019-02-05 23:00:00	0	1.72	1.71134	3.1898	0	0	0.0086552	0.969598	0.124253	0	3.22978e-10	1.58709	0	0	0	0	0	0	1199.6	449.471	0	34.7178	28.563	28.5265	27.2769	27.3433	27.5014	35.7412	35.7412	35.7412	35.7412	43.2701	43.2695	0.105647	0.105836	0.118459	0.117994	0.116896	0.0755756	0.0428287	99	0	0
setup	0	2019-02-06 23:00:00	0	1.72	1.71134	3.18949	0	0	0.0086552	0.97342	0.12424	0	2.34035e-10	1.5871	0	0	0	0	0	0	1200.22	450.077	0	35.9118	28.8503	28.6666	27.1724	27.2145	27.4579	35.7419	35.7419	35.7419	35.7419	43.2704	43.2698	0.104175	0.105114	0.119196	0.118898	0.117196	0.0755727	0.0428272	99	0	0
setup	0	2019-02-07 23:00:00	0	1.72	1.71134	3.18917	0	0	0.0086552	0.979223	0.124227	0	1.69573e-10	1.58712	0	0	0	0	0	0	1200.82	450.678	0	36.2138	29.2825	28.9837	27.3282	27.2384	27.4149	35.7425	35.7425	35.7425	35.7425	43.2707	43.2702	0.101998	0.103498	0.1181	0.11873	0.117495	0.0755698	0.0428256	99	0	0
setup	0	2019-02-08 23:00:00	0	1.72	1.71134	3.18885	0	0	0.0086552	0.986287	0.124214	0	1.22867e-10	1.58713	0	0	0	0	0	0	1201.43	451.271	0	36.2756	29.6511	29.3019	27.5472	27.3771	27.3726	35.7432	35.7432	35.7432	35.7432	43.2711	43.2705	0.100176	0.101901	0.116579	0.117758	0.117789	0.0755668	0.0428239	99	0	0
setup	0	2019-02-09 23:00:00	0	1.72	1.71134	3.18853	0	0	0.0086552	0.992963	0.1242	0	8.90191e-11	1.58714	0	0	0	0	0	0	1202.02	451.857	0	36.2873	29.9535	29.5832	27.7688	27.5472	27.3667	35.7439	35.7439	35.7439	35.7439	43.2714	43.2709	0.0987046	0.10051	0.115065	0.116579	0.117831	0.0755636	0.0428221	99	0	0
setup	0	2019-02-10 23:00:00	0	1.72	1.71134	3.1882	0	0	0.0086552	0.999062	0.124186	0	6.44623e-11	1.58716	0	0	0	0	0	0	1202.61	452.437	0	36.2895	30.2103	29.8308	27.9784	27.7233	27.4898	35.7446	35.7446	35.7446	35.7446	43.2718	43.2714	0.0974697	0.0992994	0.113655	0.115374	0.116976	0.0755603	0.0428201	99	0	0
setup	0	2019-02-11 23:00:00	0	0	0	3.64156	0	0	0	1.1846	0	0	4.68098e-11	0	0	0	0	0	0	0	1201.42	451.252	0	33.9856	29.8057	29.6313	27.9612	27.7903	27.6102	35.7446	35.7446	35.7446	35.7446	43.2717	43.2713	0.0994213	0.100273	0.11377	0.11492	0.116147	0.0755603	0.0428207	99	0	0
setup	0	2019-02-12 23:00:00	0	0	0	3.38693	0	0	0	1.0832	0	0	3.40283e-11	0	0	0	0	0	0	0	1200.34	450.168	0	32.7555	29.3264	29.2807	27.7791	27.7215	27.6573	35.7446	35.7446	35.7446	35.7446	43.2716	43.2712	0.101779	0.102007	0.114995	0.115386	0.115824	0.0755603	0.0428212	99	0	0
setup	0	2019-02-13 23:00:00	0	0	0	3.29557	0	0	0	1.03785	0	0	2.47094e-11	0	0	0	0	0	0	0	1199.3	449.13	0	31.9044	28.8859	28.9156	27.5644	27.5782	27.6155	35.7446	35.7446	35.7446	35.7446	43.2715	43.2711	0.103994	0.103843	0.116461	0.116366	0.11611	0.0755603	0.0428217	99	0	0
setup	0	2019-02-14 23:00:00	0	0	0	3.20432	0	0	0	0.994909	0	0	1.7937e-11	0	0	0	0	0	0	0	1198.31	448.135	0	31.2015	28.4453	28.5531	27.3776	27.4326	27.5625	35.7446	35.7446	35.7446	35.7446	43.2714	43.2711	0.106257	0.105699	0.117755	0.117372	0.116474	0.0755603	0.0428221	99	0	0
setup	0	2019-02-15 23:00:00	0	0	0	3.3001	0	0	0	1.0085	0	0	1.30312e-11	0	0	0	0	0	0	0	1197.3	447.126	0	28.6826	28.6168	28.5871	27.1861	27.2829	27.5078	35.7446	35.7446	35.7446	35.7446	43.2713	43.271	0.10537	0.105523	0.119099	0.118417	0.116851	0.0755603	0.0428226	99	0	0
setup	0	2019-02-16 23:00:00	0	0	0	3.5554	0	0	0	1.06959	0	0	9.47853e-12	0	0	0	0	0	0	0	1196.23	446.056	0	27.9943	28.1326	28.1991	26.9809	27.1222	27.4486	35.7446	35.7446	35.7446	35.7446	43.2712	43.2709	0.107894	0.107544	0.12056	0.119552	0.117261	0.0755603	0.042823	99	0	0
setup	0	2019-02-17 23:00:00	0	0	0	3.59709	0	0	0	1.0654	0	0	6.87644e-12	0	0	0	0	0	0	0	1195.16	444.991	0	27.3311	27.6467	27.7977	26.7748	26.9601	27.3886	35.7446	35.7446	35.7446	35.7446	43.2712	43.2709	0.110493	0.109678	0.122051	0.12071	0.117678	0.0755603	0.0428234	99	0	0
setup	0	2019-02-18 23:00:00	0	0	0	3.64054	0	0	0	1.06134	0	0	4.996e-12	0	0	0	0	0	0	0	1194.1	443.929	0	26.6784	27.1632	27.3964	26.5676	26.7966	27.3276	35.7446	35.7446	35.7446	35.7446	43.2711	43.2708	0.113147	0.111858	0.123574	0.121892	0.118103	0.0755603	0.0428237	99	0	0
setup	0	2019-02-19 23:00:00	0	0	0	3.7191	0	0	0	1.0669	0	0	3.62904e-12	0	0	0	0	0	0	0	1193.04	442.862	0	26.0301	26.6778	26.9916	26.3575	26.6304	27.2652	35.7446	35.7446	35.7446	35.7446	43.271	43.2708	0.115887	0.114107	0.125144	0.12311	0.118541	0.0755603	0.0428241	99	0	0
setup	0	2019-02-20 23:00:00	0	0	0	3.71517	0	0	0	1.04849	0	0	2.63678e-12	0	0	0	0	0	0	0	1191.99	441.813	0	25.4009	26.2014	26.5924	26.1492	26.465	27.2026	35.7446	35.7446	35.7446	35.7446	43.271	43.2707	0.118653	0.116376	0.126726	0.124338	0.118982	0.0755603	0.0428244	99	0	0
setup	0	2019-02-21 23:00:00	0	0	0	3.60948	0	0	0	1.00233	0	0	1.91513e-12	0	0	0	0	0	0	0	1190.98	440.811	0	24.8065	25.7467	26.2096	25.9484	26.305	27.1417	35.7446	35.7446	35.7446	35.7446	43.2709	43.2707	0.121369	0.118604	0.128277	0.12554	0.119413	0.0755603	0.0428247	99	0	0
setup	0	2019-02-22 23:00:00	0	3.7	3.69134	3.44965	0	0	0.0086552	0.963221	0.13508	0	1.38778e-12	3.55626	0	0	0	0	0	0	1193.58	443.394	0	30.9934	26.2681	26.1811	25.7845	26.1756	27.0973	35.7455	35.7455	35.7455	35.7455	43.2715	43.2713	0.118261	0.118773	0.129562	0.126524	0.119729	0.0755561	0.0428217	99	0	0
setup	0	2019-02-23 23:00:00	0	0	0	3.43875	0	0	0	0.993877	0	0	1.00614e-12	0	0	0	0	0	0	0	1192.58	442.4	0	29.7204	26.0455	26.0323	25.6007	26.0284	27.0405	35.7455	35.7455	35.7455	35.7455	43.2714	43.2712	0.119575	0.119654	0.131024	0.127656	0.120134	0.0755561	0.042822	99	0	0
setup	0	2019-02-24 23:00:00	0	0.6	0.591345	3.48035	0	0	0.0086552	0.957593	0.136359	0	7.35523e-13	0.454985	0	0	0	0	0	0	1192.08	441.896	0	29.6876	25.8272	25.8115	25.4264	25.8885	26.9869	35.7456	35.7456	35.7456	35.7456	43.2715	43.2713	0.120882	0.120977	0.132433	0.128745	0.120517	0.0755556	0.0428218	99	0	0
setup	0	2019-02-25 23:00:00	0	0	0	3.43969	0	0	0	0.972152	0	0	2.84495e-13	0	0	0	0	0	0	0	1191.11	440.923	0	28.8951	25.4467	25.4804	25.2456	25.7428	26.93	35.7456	35.7456	35.7456	35.7456	43.2714	43.2712	0.123205	0.122997	0.133916	0.129892	0.120927	0.0755556	0.042822	99	0	0
setup	0	2019-02-26 23:00:00	0	1.7	1.69134	3.57758	0	0	0.0086552	0.978834	0.140411	0	0	1.55093	0	0	0	0	0	0	1191.68	441.491	0	30.4009	25.646	25.5179	25.0757	25.606	26.8784	35.746	35.746	35.746	35.746	43.2717	43.2715	0.121982	0.122766	0.135332	0.130982	0.121299	0.0755538	0.0428209	99	0	0
setup	0	2019-02-27 23:00:00	0	0	0	3.65776	0	0	0	1.03102	0	0	0	0	0	0	0	0	0	0	1190.65	440.46	0	29.2159	25.331	25.3171	24.8881	25.4539	26.8182	35.746	35.746	35.746	35.746	43.2716	43.2715	0.123923	0.124009	0.13692	0.132209	0.121735	0.0755538	0.0428211	99	0	0
setup	0	2019-02-28 23:00:00	0	0	0	3.55046	0	0	0	0.984169	0	0	0	0	0	0	0	0	0	0	1189.67	439.475	0	28.4703	24.924	24.9734	24.7073	25.3069	26.7597	35.746	35.746	35.746	35.746	43.2716	43.2714	0.126491	0.126175	0.138477	0.133411	0.122162	0.0755538	0.0428213	99	0	0
setup	0	2019-03-01 23:00:00	0	0	0	3.60782	0	0	0	0.983052	0	0	0	0	0	0	0	0	0	0	1188.68	438.492	0	25.9034	25.1541	24.8921	24.5249	25.158	26.7	35.746	35.746	35.746	35.746	43.2715	43.2714	0.12503	0.126695	0.140074	0.134643	0.122599	0.0755538	0.0428214	99	0	0
setup	0	2019-03-02 23:00:00	0	0	0	3.83008	0	0	0	1.02264	0	0	0	0	0	0	0	0	0	0	1187.66	437.47	0	24.8279	24.7939	24.7774	24.3325	25.0005	26.6364	35.746	35.746	35.746	35.746	43.2715	43.2714	0.127327	0.127433	0.141788	0.135965	0.123066	0.0755538	0.0428216	99	0	0
setup	0	2019-03-03 23:00:00	0	0	0	3.84365	0	0	0	1.00823	0	0	0	0	0	0	0	0	0	0	1186.65	436.461	0	24.208	24.3401	24.4048	24.1411	24.8433	26.5724	35.746	35.746	35.746	35.746	43.2715	43.2714	0.130302	0.129872	0.143526	0.137303	0.123539	0.0755538	0.0428218	99	0	0
setup	0	2019-03-04 23:00:00	0	0.6	0.591345	3.88883	0	0	0.0086552	0.970018	0.153379	0	0	0.437966	0	0	0	0	0	0	1186.12	435.928	0	24.1292	24.1411	24.1496	23.9597	24.694	26.5117	35.7461	35.7461	35.7461	35.7461	43.2715	43.2714	0.131637	0.131579	0.145202	0.138592	0.123989	0.0755534	0.0428216	99	0	0
setup	0	2019-03-05 23:00:00	0	5.1	5.08269	3.55705	0	0	0.0173104	0.92321	0.2309	0	0	4.85179	0	0	0	0	0	0	1190.05	439.846	0	31.1758	25.337	24.9492	23.8265	24.5851	26.4719	35.7471	35.7471	35.7471	35.7471	43.2722	43.2721	0.123885	0.12633	0.146452	0.139543	0.124286	0.0755488	0.0428182	99	0	0
setup	0	2019-03-06 23:00:00	0	21.9	21.8567	3.50238	0	0	0.043276	0.933968	0.686386	0	4.41675	21.1703	0	0	0	0	0	0	1205.87	455.987	0	35.0441	30.9768	30.9933	29.5067	29.617	29.1745	35.6652	35.7494	35.7548	35.7557	43.2039	43.2861	0.0938639	0.0937878	0.103933	0.103266	0.105968	0.0755385	0.0431638	99	0	0
setup	0	2019-03-07 23:00:00	0	0	0	3.65069	0	0	0	1.21551	0	0	1.6545e-05	0	0	0	0	0	0	0	1204.65	454.762	0	33.5458	30.4398	30.5537	29.275	29.276	29.2675	35.6666	35.7494	35.7548	35.7557	43.213	43.2848	0.0963782	0.0958403	0.105348	0.105342	0.105394	0.0755385	0.0431177	99	0	0
setup	0	2019-03-08 23:00:00	0	0	0	3.74835	0	0	0	1.22816	0	0	3.69666e-05	0	0	0	0	0	0	0	1203.42	453.522	0	32.4528	29.8971	30.1073	29.0384	29.0914	29.2014	35.6666	35.7494	35.7548	35.7557	43.2141	43.2787	0.0989772	0.0979636	0.106813	0.106484	0.105802	0.0755385	0.0431121	99	0	0
setup	0	2019-03-09 23:00:00	0	0	0	3.73386	0	0	0	1.20405	0	0	3.89316e-05	0	0	0	0	0	0	0	1202.22	452.306	0	31.5889	29.3654	29.6676	28.8041	28.9088	29.135	35.6666	35.7494	35.7548	35.7557	43.2143	43.2726	0.101585	0.100095	0.108286	0.107625	0.106213	0.0755385	0.0431114	99	0	0
setup	0	2019-03-10 23:00:00	0	0	0	3.58282	0	0	0	1.13678	0	0	3.24324e-05	0	0	0	0	0	0	0	1201.08	451.158	0	29.4532	29.3887	29.3815	28.5806	28.7342	29.0711	35.6666	35.7494	35.7548	35.7557	43.2143	43.2674	0.10147	0.101506	0.10971	0.10873	0.10661	0.0755385	0.0431113	99	0	0
setup	0	2019-03-11 23:00:00	0	0	0	3.56838	0	0	0	1.11423	0	0	2.48554e-05	0	0	0	0	0	0	0	1199.97	450.034	0	28.7406	28.8968	28.9745	28.3593	28.5606	29.0071	35.6666	35.7494	35.7548	35.7557	43.2143	43.2633	0.103939	0.103545	0.111141	0.109839	0.107009	0.0755385	0.0431113	99	0	0
setup	0	2019-03-12 23:00:00	0	0	0	3.52073	0	0	0	1.0828	0	0	1.84481e-05	0	0	0	0	0	0	0	1198.89	448.944	0	28.0713	28.408	28.5715	28.1424	28.39	28.9438	35.6666	35.7494	35.7548	35.7557	43.2143	43.2601	0.106451	0.105604	0.112565	0.110942	0.107405	0.0755385	0.0431113	99	0	0
setup	0	2019-03-13 23:00:00	0	0	0	3.6427	0	0	0	1.10324	0	0	1.35186e-05	0	0	0	0	0	0	0	1197.78	447.835	0	27.3976	27.9107	28.1593	27.9194	28.2141	28.8782	35.6666	35.7494	35.7548	35.7557	43.2143	43.2576	0.109072	0.107753	0.11405	0.112092	0.107818	0.0755385	0.0431113	99	0	0
setup	0	2019-03-14 23:00:00	0	0	0	3.61075	0	0	0	1.07663	0	0	9.85494e-06	0	0	0	0	0	0	0	1196.71	446.754	0	26.7481	27.426	27.7557	27.6999	28.0403	28.8129	35.6666	35.7494	35.7548	35.7557	43.2143	43.2556	0.111695	0.109903	0.115534	0.113242	0.10823	0.0755385	0.0431113	99	0	0
setup	0	2019-03-15 23:00:00	0	0	0	3.33087	0	0	0	0.978388	0	0	7.16881e-06	0	0	0	0	0	0	0	1195.73	445.772	0	26.1649	26.9862	27.3878	27.4988	27.8806	28.7524	35.6666	35.7494	35.7548	35.7557	43.2143	43.2541	0.114137	0.111905	0.116914	0.11431	0.108613	0.0755385	0.0431113	99	0	0
setup	0	2019-03-16 23:00:00	0	0	0	3.46655	0	0	0	1.00339	0	0	5.21024e-06	0	0	0	0	0	0	0	1194.72	444.765	0	25.5736	26.5358	27.0094	27.2909	27.715	28.6894	35.6666	35.7494	35.7548	35.7557	43.2143	43.2529	0.116703	0.114007	0.118361	0.115431	0.109015	0.0755385	0.0431113	99	0	0
setup	0	2019-03-17 23:00:00	0	0	0	3.48532	0	0	0	0.99372	0	0	3.78539e-06	0	0	0	0	0	0	0	1193.73	443.77	0	24.9947	26.0905	26.6335	27.0833	27.5492	28.6258	35.6666	35.7494	35.7548	35.7557	43.2143	43.252	0.119308	0.11614	0.119828	0.116566	0.109421	0.0755385	0.0431113	99	0	0
setup	0	2019-03-18 23:00:00	0	0	0	3.48662	0	0	0	0.979131	0	0	2.74978e-06	0	0	0	0	0	0	0	1192.75	442.789	0	24.431	25.6525	26.2621	26.8773	27.384	28.5621	35.6666	35.7494	35.7548	35.7557	43.2143	43.2512	0.121942	0.118295	0.121307	0.11771	0.109829	0.0755385	0.0431113	99	0	0
setup	0	2019-03-19 23:00:00	0	1.72	1.71134	3.1742	0	0	0.0086552	0.87098	0.123603	0	1.99392e-06	1.58774	0	0	0	0	0	0	1193.47	443.499	0	28.026	25.2913	25.9551	26.7064	27.2469	28.5096	35.6672	35.7498	35.7552	35.7561	43.2147	43.2509	0.12417	0.120115	0.122551	0.11867	0.110167	0.0755365	0.0431092	99	0	0
setup	0	2019-03-20 23:00:00	0	1.72	1.71134	3.17379	0	0	0.0086552	0.882859	0.123586	0	1.4457e-06	1.58776	0	0	0	0	0	0	1194.17	444.197	0	30.1854	25.3804	25.6555	26.539	27.1121	28.4578	35.6678	35.7503	35.7556	35.7565	43.2151	43.2508	0.123615	0.121923	0.123786	0.119623	0.110502	0.0755345	0.0431071	99	0	0
setup	0	2019-03-21 23:00:00	0	1.72	1.71134	3.17339	0	0	0.0086552	0.892499	0.123569	0	1.04818e-06	1.58778	0	0	0	0	0	0	1194.87	444.887	0	30.9462	26.1067	25.9789	26.3746	26.9795	28.4064	35.6684	35.7507	35.7561	35.757	43.2156	43.2508	0.119212	0.119972	0.125015	0.12057	0.110835	0.0755324	0.043105	99	0	0
setup	0	2019-03-22 23:00:00	0	1.72	1.71134	3.17298	0	0	0.0086552	0.903372	0.123552	0	7.59919e-07	1.58779	0	0	0	0	0	0	1195.55	445.565	0	31.3425	26.7192	26.5072	26.2135	26.8491	28.3557	35.669	35.7512	35.7565	35.7574	43.216	43.2508	0.11565	0.116868	0.126235	0.121511	0.111165	0.0755303	0.0431027	99	0	0
setup	0	2019-03-23 23:00:00	0	1.72	1.71134	3.17258	0	0	0.0086552	0.913786	0.123536	0	5.50889e-07	1.58781	0	0	0	0	0	0	1196.23	446.233	0	31.6292	27.2736	27.0558	26.0556	26.7211	28.3057	35.6696	35.7517	35.757	35.7579	43.2164	43.2509	0.112534	0.113747	0.127446	0.122444	0.111492	0.0755281	0.0431004	99	0	0
setup	0	2019-03-24 23:00:00	0	0	0	3.99119	0	0	0	1.18846	0	0	4.00132e-07	0	0	0	0	0	0	0	1195.04	445.044	0	30.1377	26.9236	26.9016	25.8407	26.546	28.2357	35.6696	35.7517	35.757	35.7579	43.2164	43.2507	0.11449	0.114614	0.12912	0.123735	0.11195	0.0755281	0.0431004	99	0	0
setup	0	2019-03-25 23:00:00	0	0	0	3.59173	0	0	0	1.05104	0	0	2.90631e-07	0	0	0	0	0	0	0	1193.99	443.992	0	29.3319	26.4914	26.5391	25.6485	26.3889	28.1726	35.6696	35.7517	35.757	35.7579	43.2164	43.2505	0.116959	0.116684	0.130642	0.124907	0.112365	0.0755281	0.0431004	99	0	0
setup	0	2019-03-26 23:00:00	0	0	0	3.68386	0	0	0	1.06031	0	0	2.11096e-07	0	0	0	0	0	0	0	1192.93	442.931	0	27.275	26.4842	26.301	25.4528	26.2285	28.1076	35.6696	35.7517	35.757	35.7579	43.2164	43.2504	0.117001	0.118068	0.132218	0.126121	0.112795	0.0755281	0.0431004	99	0	0
setup	0	2019-03-27 23:00:00	0	0	0	3.81104	0	0	0	1.07603	0	0	1.53327e-07	0	0	0	0	0	0	0	1191.85	441.855	0	26.153	26.1472	26.1462	25.2517	26.063	28.0401	35.6696	35.7517	35.757	35.7579	43.2164	43.2502	0.118972	0.118978	0.133866	0.127389	0.113243	0.0755281	0.0431004	99	0	0
setup	0	2019-03-28 23:00:00	0	0	0	3.72661	0	0	0	1.03445	0	0	1.11367e-07	0	0	0	0	0	0	0	1190.82	440.82	0	25.5179	25.6807	25.76	25.0565	25.9019	27.974	35.6696	35.7517	35.757	35.7579	43.2164	43.2502	0.12177	0.121288	0.135493	0.12864	0.113684	0.0755281	0.0431004	99	0	0
setup	0	2019-03-29 23:00:00	0	0	0	3.57244	0	0	0	0.975703	0	0	8.08901e-08	0	0	0	0	0	0	0	1189.84	439.845	0	24.9262	25.241	25.3944	24.8708	25.7482	27.9104	35.6696	35.7517	35.757	35.7579	43.2164	43.2501	0.124484	0.123529	0.137067	0.129849	0.11411	0.0755281	0.0431004	99	0	0
setup	0	2019-03-30 23:00:00	0	0	0	3.71518	0	0	0	0.99838	0	0	5.87535e-08	0	0	0	0	0	0	0	1188.84	438.846	0	24.3279	24.7918	25.019	24.6793	25.5891	27.8441	35.6696	35.7517	35.757	35.7579	43.2164	43.25	0.12734	0.125885	0.13872	0.131118	0.114556	0.0755281	0.0431004	99	0	0
setup	0	2019-03-31 23:00:00	0	4.7	4.69134	3.72169	0	0	0.0086552	1.0197	0.146415	0	4.24996e-08	4.54493	0	0	0	0	0	0	1192.37	442.359	0	31.2398	25.8105	25.5176	24.5238	25.4595	27.791	35.671	35.7527	35.758	35.7589	43.2174	43.2508	0.120983	0.122768	0.140083	0.132164	0.114915	0.0755235	0.0430956	99	0	0
setup	0	2019-04-01 23:00:00	0	0.1	0.0913448	3.70375	0	0	0.0086552	1.02522	0.0913448	0	3.0869e-08	0	0	0	0	0	0	0	1191.34	441.334	0	29.6313	25.5795	25.5214	24.3466	25.3114	27.7286	35.671	35.7527	35.758	35.7589	43.2174	43.2507	0.122388	0.122744	0.141661	0.133373	0.115338	0.0755235	0.0430956	99	0	0
setup	0	2019-04-02 23:00:00	0	0	0	3.6963	0	0	0	1.03344	0	0	2.24212e-08	0	0	0	0	0	0	0	1190.31	440.3	0	28.7575	25.1771	25.2002	24.1661	25.1601	27.6643	35.671	35.7527	35.758	35.7589	43.2174	43.2507	0.124886	0.12474	0.143296	0.134625	0.115776	0.0755235	0.0430956	99	0	0
setup	0	2019-04-03 23:00:00	0	0	0	3.73076	0	0	0	1.02553	0	0	1.62853e-08	0	0	0	0	0	0	0	1189.28	439.275	0	27.0576	24.9652	24.8559	23.9853	25.0081	27.5993	35.671	35.7527	35.758	35.7589	43.2174	43.2507	0.126228	0.126927	0.144963	0.135901	0.116221	0.0755235	0.0430956	99	0	0
setup	0	2019-04-04 23:00:00	0	0	0	3.77571	0	0	0	1.0167	0	0	1.18286e-08	0	0	0	0	0	0	0	1188.27	438.258	0	25.1311	25.0174	24.9594	23.8035	24.8547	27.5332	35.671	35.7527	35.758	35.7589	43.2174	43.2506	0.125895	0.126265	0.14667	0.137205	0.116676	0.0755235	0.0430956	99	0	0
setup	0	2019-04-05 23:00:00	0	0	0	3.64428	0	0	0	0.964118	0	0	8.59152e-09	0	0	0	0	0	0	0	1187.3	437.294	0	24.5046	24.5872	24.6279	23.6294	24.7074	27.4692	35.671	35.7527	35.758	35.7589	43.2174	43.2506	0.12867	0.128404	0.148333	0.138476	0.117118	0.0755235	0.0430956	99	0	0
setup	0	2019-04-06 23:00:00	0	0	0	3.57929	0	0	0	0.931607	0	0	6.24032e-09	0	0	0	0	0	0	0	1186.37	436.362	0	23.9393	24.1665	24.2776	23.4598	24.5634	27.4063	35.671	35.7527	35.758	35.7589	43.2174	43.2506	0.131466	0.130719	0.149983	0.139734	0.117554	0.0755235	0.0430956	99	0	0
setup	0	2019-04-07 23:00:00	0	0	0	3.57187	0	0	0	0.914774	0	0	4.53258e-09	0	0	0	0	0	0	0	1185.46	435.447	0	23.3906	23.754	23.9327	23.2919	24.4204	27.3434	35.671	35.7527	35.758	35.7589	43.2174	43.2506	0.13429	0.133056	0.151644	0.141001	0.117993	0.0755235	0.0430956	99	0	0
setup	0	2019-04-08 23:00:00	0	0	0	3.62024	0	0	0	0.912191	0	0	3.29217e-09	0	0	0	0	0	0	0	1184.54	434.535	0	22.8496	23.3433	23.5877	23.1232	24.2762	27.2795	35.671	35.7527	35.758	35.7589	43.2174	43.2506	0.137188	0.135453	0.153344	0.142296	0.118441	0.0755235	0.0430956	99	0	0
setup	0	2019-04-09 23:00:00	0	0	0	3.71399	0	0	0	0.92038	0	0	2.39119e-09	0	0	0	0	0	0	0	1183.62	433.615	0	22.3102	22.9297	23.2387	22.9516	24.1291	27.2139	35.671	35.7527	35.758	35.7589	43.2174	43.2506	0.140201	0.137942	0.155104	0.143635	0.118902	0.0755235	0.0430956	99	0	0
setup	0	2019-04-10 23:00:00	0	0	0	3.122	0	0	0	0.761702	0	0	1.73682e-09	0	0	0	0	0	0	0	1182.86	432.853	0	21.8686	22.588	22.9491	22.8086	24.0061	27.1586	35.671	35.7527	35.758	35.7589	43.2174	43.2506	0.142765	0.140058	0.156596	0.14477	0.119293	0.0755235	0.0430956	99	0	0
setup	0	2019-04-11 23:00:00	0	1.72	1.71134	3.16497	0	0	0.0086552	0.756946	0.123219	0	1.26008e-09	1.58813	0	0	0	0	0	0	1183.69	433.681	0	23.2588	23.1164	23.0605	22.6804	23.8954	27.1088	35.6714	35.753	35.7583	35.7592	43.2177	43.2508	0.138829	0.139238	0.157954	0.145804	0.119647	0.0755222	0.0430942	99	0	0
setup	0	2019-04-12 23:00:00	0	1.72	1.71134	3.16458	0	0	0.0086552	0.77229	0.123202	0	9.14172e-10	1.58814	0	0	0	0	0	0	1184.51	434.493	0	24.0687	23.6752	23.4656	22.5551	23.7868	27.0596	35.6717	35.7533	35.7586	35.7594	43.2179	43.251	0.134839	0.136316	0.1593	0.146828	0.119997	0.0755209	0.0430929	99	0	0
setup	0	2019-04-13 23:00:00	0	1.72	1.71134	3.1642	0	0	0.0086552	0.789256	0.123186	0	6.63185e-10	1.58816	0	0	0	0	0	0	1185.31	435.289	0	27.5237	23.3454	23.3414	22.4326	23.6804	27.0111	35.6721	35.7536	35.7589	35.7597	43.2182	43.2513	0.137173	0.137202	0.160635	0.147843	0.120344	0.0755195	0.0430914	99	0	0
setup	0	2019-04-14 23:00:00	0	1.72	1.71134	3.16381	0	0	0.0086552	0.801943	0.12317	0	4.81108e-10	1.58817	0	0	0	0	0	0	1186.09	436.072	0	29.3671	23.5677	23.4135	22.3127	23.576	26.9632	35.6725	35.7539	35.7592	35.76	43.2185	43.2515	0.135594	0.136687	0.161959	0.14885	0.120687	0.0755181	0.04309	99	0	0
setup	0	2019-04-15 23:00:00	0	1.72	1.71134	3.16343	0	0	0.0086552	0.811762	0.123154	0	3.48978e-10	1.58819	0	0	0	0	0	0	1186.87	436.844	0	30.0349	24.0917	23.7942	22.4639	23.4731	26.9159	35.673	35.7542	35.7595	35.7603	43.2188	43.2518	0.131971	0.134011	0.160292	0.149852	0.121028	0.0755167	0.0430885	99	0	0
setup	0	2019-04-16 23:00:00	0	1.72	1.71134	3.16304	0	0	0.0086552	0.823043	0.123138	0	2.53172e-10	1.58821	0	0	0	0	0	0	1187.64	437.606	0	30.3714	24.616	24.27	22.8397	23.3722	26.8691	35.6734	35.7545	35.7598	35.7606	43.2191	43.252	0.128482	0.13077	0.15627	0.150847	0.121366	0.0755152	0.043087	99	0	0
setup	0	2019-04-17 23:00:00	0	1.72	1.71134	3.16266	0	0	0.0086552	0.834036	0.123122	0	1.83617e-10	1.58822	0	0	0	0	0	0	1188.39	438.356	0	30.6221	25.0902	24.7146	23.2171	23.273	26.8229	35.6738	35.7548	35.7601	35.761	43.2194	43.2523	0.125434	0.12784	0.152394	0.151833	0.121702	0.0755138	0.0430855	99	0	0
setup	0	2019-04-18 23:00:00	0	0	0	4.11167	0	0	0	1.11962	0	0	1.33379e-10	0	0	0	0	0	0	0	1187.27	437.237	0	29.041	24.6605	24.5573	23.268	23.245	26.7545	35.6738	35.7548	35.7601	35.761	43.2194	43.2523	0.128191	0.128866	0.151884	0.152114	0.122199	0.0755138	0.0430855	99	0	0
setup	0	2019-04-19 23:00:00	0	0	0	3.71471	0	0	0	0.992027	0	0	9.6867e-11	0	0	0	0	0	0	0	1186.28	436.245	0	28.1957	24.2386	24.2503	23.1166	23.1348	26.6926	35.6738	35.7548	35.7601	35.761	43.2194	43.2523	0.13098	0.130902	0.153411	0.153226	0.122653	0.0755138	0.0430855	99	0	0
setup	0	2019-04-20 23:00:00	0	0	0	3.71601	0	0	0	0.97463	0	0	7.03812e-11	0	0	0	0	0	0	0	1185.3	435.27	0	25.5779	24.4585	24.1272	22.9489	23.003	26.6304	35.6738	35.7548	35.7601	35.761	43.2194	43.2523	0.129517	0.131731	0.155132	0.154574	0.12311	0.0755138	0.0430855	99	0	0
setup	0	2019-04-21 23:00:00	0	0	0	3.7888	0	0	0	0.972379	0	0	5.11188e-11	0	0	0	0	0	0	0	1184.33	434.298	0	24.2808	24.1769	24.1115	22.8852	22.8786	26.5669	35.6738	35.7548	35.7601	35.761	43.2194	43.2523	0.131395	0.131837	0.155795	0.155863	0.12358	0.0755138	0.0430855	99	0	0
setup	0	2019-04-22 23:00:00	0	0.9	0.891345	3.64023	0	0	0.0086552	0.893601	0.143021	0	3.70884e-11	0.748324	0	0	0	0	0	0	1184.19	434.151	0	24.2941	24.1648	24.0826	22.8381	22.8236	26.5104	35.674	35.755	35.7602	35.7611	43.2195	43.2524	0.131477	0.132033	0.156287	0.156439	0.123999	0.0755131	0.0430848	99	0	0
setup	0	2019-04-23 23:00:00	0	7.4	7.38269	3.518	0	0	0.0173104	0.927363	0.275856	0	2.67841e-11	7.10683	0	0	0	0	0	0	1190.37	440.315	0	28.4191	27.3972	26.6089	24.3666	23.8584	26.478	35.6758	35.7563	35.7615	35.7624	43.2208	43.2535	0.111854	0.116282	0.141482	0.146152	0.124241	0.075507	0.0430784	99	0	0
setup	0	2019-04-24 23:00:00	0	6.5	6.48269	3.33866	0	0	0.0173104	0.939352	0.260911	0	1.93456e-11	6.22178	0	0	0	0	0	0	1195.65	445.58	0	36.0179	28.5493	27.7347	25.4269	24.8347	26.452	35.6778	35.7578	35.763	35.7639	43.2222	43.2547	0.105718	0.110017	0.132428	0.137377	0.124434	0.0755002	0.0430713	99	0	0
setup	0	2019-04-25 23:00:00	0	29	28.9481	3.32092	0	0	0.0519312	0.844627	0.7783	0	8.84054	28.1698	0	0	0	0	0	0	1214.13	463.429	0	38.1978	30.9389	30.8157	29.1945	29.8273	29.9518	35.9814	35.9998	36	35.9997	43.4229	44.7643	0.0940398	0.0946124	0.105844	0.102006	0.101268	0.074401	0.0420491	99	0	0
setup	0	2019-04-26 23:00:00	0	0	0	3.34484	0	0	0	1.12794	0	0	4.8223	0	0	0	0	0	0	0	1208.18	457.642	0	34.8964	30.6997	30.6144	29.5571	29.6323	29.888	35.9762	35.9996	35.9994	35.9575	43.2282	43.171	0.0951544	0.0955547	0.103628	0.103174	0.101645	0.0744018	0.0430408	99	0	0
setup	0	2019-04-27 23:00:00	0	11.2	11.174	3.36702	0	0	0.0259656	0.986312	0.394912	0	9.64744	10.7791	0	0	0	0	0	0	1208.33	457.728	0	33.5588	30.9476	30.9705	29.497	29.8491	29.943	35.8586	35.9293	35.9054	35.9848	43.9428	43.2374	0.0939995	0.093893	0.103992	0.101877	0.10132	0.0747206	0.0393244	99	0	0
setup	0	2019-04-28 23:00:00	0	19.71	19.6754	3.33195	0	0	0.0346208	0.914338	0.520704	0	9.65294	19.1547	0	0	0	0	0	0	1216.92	465.525	0	30.1384	30.9739	30.9894	29.5009	29.8563	29.9305	35.8056	35.6071	35.5156	35.9985	45.8203	45.3144	0.0938775	0.0938056	0.103969	0.101834	0.101394	0.0761879	0.0278871	99	0	0
setup	0	2019-04-29 23:00:00	0	0	0	3.43398	0	0	0	1.11573	0	0	9.65338	0	0	0	0	0	0	0	1206.15	454.206	0	29.449	30.4614	30.57	29.2798	29.6816	29.8172	35.7333	35.667	35.6457	35.9861	43.3708	43.1599	0.0962759	0.0957636	0.105319	0.102878	0.102066	0.075914	0.0423162	99	0	0
setup	0	2019-04-30 23:00:00	0	0.8	0.791345	3.44055	0	0	0.0086552	1.06838	0.134701	0	1.60903	0.656644	0	0	0	0	0	0	1204.13	453.735	0	30.4878	29.9817	30.1757	29.0714	29.5158	29.7482	35.7051	35.6794	35.6661	35.9614	43.3358	43.2173	0.0985681	0.0976353	0.106608	0.103878	0.102479	0.0758574	0.0424949	99	0	0
setup	0	2019-05-01 23:00:00	0	1.2	1.19134	3.28058	0	0	0.0086552	1.02219	0.128036	0	0.000251309	1.06331	0	0	0	0	0	0	1204.17	453.729	0	31.8348	29.5367	29.8085	28.8766	29.3601	29.6915	35.6907	35.6798	35.6732	35.9431	43.3179	43.2387	0.100738	0.0994077	0.107828	0.104826	0.102818	0.075856	0.0425858	99	0	0
setup	0	2019-05-02 23:00:00	0	0	0	3.34611	0	0	0	1.07376	0	0	0.000297617	0	0	0	0	0	0	0	1203.09	452.621	0	30.9366	29.1234	29.4175	28.6675	29.1934	29.6303	35.6838	35.6788	35.6756	35.9265	43.3086	43.2479	0.102794	0.101327	0.109154	0.105851	0.103186	0.0758605	0.0426329	99	0	0
setup	0	2019-05-03 23:00:00	0	0	0	3.40126	0	0	0	1.07581	0	0	0.000282271	0	0	0	0	0	0	0	1202.02	451.515	0	30.2157	28.6503	29.0243	28.4562	29.0244	29.5678	35.6806	35.6782	35.6768	35.9129	43.3022	43.2529	0.105198	0.103293	0.110512	0.106901	0.103563	0.0758629	0.0426658	99	0	0
setup	0	2019-05-04 23:00:00	0	0	0	3.38703	0	0	0	1.05529	0	0	0.000243069	0	0	0	0	0	0	0	1200.96	450.435	0	28.6368	28.6099	28.6368	28.247	28.8566	29.5053	35.679	35.678	35.6773	35.9019	43.2969	43.2563	0.105406	0.105267	0.111876	0.107954	0.103942	0.0758642	0.0426927	99	0	0
setup	0	2019-05-05 23:00:00	0	0	0	3.28094	0	0	0	1.00715	0	0	0.00020013	0	0	0	0	0	0	0	1199.95	449.406	0	28.0097	28.1629	28.2654	28.0455	28.6944	29.4446	35.6783	35.6778	35.6775	35.8929	43.2924	43.2588	0.107735	0.107196	0.113207	0.108982	0.104311	0.0758648	0.0427155	99	0	0
setup	0	2019-05-06 23:00:00	0	0	0	3.33952	0	0	0	1.01071	0	0	0.000161247	0	0	0	0	0	0	0	1198.94	448.377	0	27.3928	27.7108	27.8915	27.8417	28.53	29.3826	35.6779	35.6777	35.6776	35.8856	43.2886	43.2606	0.110146	0.109175	0.114572	0.110036	0.104689	0.0758652	0.0427348	99	0	0
setup	0	2019-05-07 23:00:00	0	1.6	1.59134	3.30799	0	0	0.0086552	0.97287	0.129178	0	0.000128232	1.46217	0	0	0	0	0	0	1199.43	448.846	0	30.2956	27.3582	27.5532	27.6568	28.3797	29.3258	35.6786	35.6785	35.6784	35.8798	43.2858	43.2626	0.112068	0.111	0.115828	0.111009	0.105036	0.0758618	0.0427491	99	0	0
setup	0	2019-05-08 23:00:00	0	0	0	3.29554	0	0	0	0.997089	0	0	0.000101671	0	0	0	0	0	0	0	1198.43	447.836	0	29.5656	26.9431	27.1962	27.4604	28.2203	29.265	35.6785	35.6785	35.6784	35.8748	43.2831	43.2638	0.11438	0.112963	0.117179	0.112051	0.10541	0.0758619	0.0427628	99	0	0
setup	0	2019-05-09 23:00:00	0	0	0	3.37493	0	0	0	1.00622	0	0	8.03927e-05	0	0	0	0	0	0	0	1197.43	446.82	0	27.8351	26.884	26.8374	27.2605	28.0576	29.2026	35.6785	35.6784	35.6784	35.8707	43.2808	43.2648	0.114713	0.114977	0.118574	0.113127	0.105794	0.0758619	0.0427743	99	0	0
setup	0	2019-05-10 23:00:00	0	0	0	3.28104	0	0	0	0.962198	0	0	6.348e-05	0	0	0	0	0	0	0	1196.47	445.849	0	26.7319	26.7542	26.7687	27.0673	27.8998	29.1417	35.6784	35.6784	35.6784	35.8673	43.2789	43.2656	0.11545	0.115368	0.119942	0.114181	0.106171	0.075862	0.0427839	99	0	0
setup	0	2019-05-11 23:00:00	0	0	0	3.27554	0	0	0	0.946853	0	0	5.00902e-05	0	0	0	0	0	0	0	1195.52	444.894	0	26.1583	26.3335	26.4208	26.8756	27.7429	29.0807	35.6784	35.6784	35.6784	35.8645	43.2774	43.2662	0.117878	0.117369	0.121319	0.115241	0.10655	0.075862	0.0427919	99	0	0
setup	0	2019-05-12 23:00:00	0	0	0	3.25273	0	0	0	0.927003	0	0	3.95105e-05	0	0	0	0	0	0	0	1194.59	443.961	0	25.603	25.9222	26.0793	26.6866	27.5877	29.0201	35.6784	35.6784	35.6784	35.8621	43.276	43.2668	0.120312	0.119375	0.122697	0.116301	0.106928	0.075862	0.0427986	99	0	0
setup	0	2019-05-13 23:00:00	0	0.2	0.191345	3.23167	0	0	0.0086552	0.871668	0.125998	0	3.11573e-05	0.0653473	0	0	0	0	0	0	1193.79	443.15	0	25.2487	25.5372	25.7583	26.5082	27.4407	28.9623	35.6785	35.6785	35.6785	35.8602	43.275	43.2673	0.122648	0.121299	0.124016	0.117316	0.10729	0.0758619	0.0428041	99	0	0
setup	0	2019-05-14 23:00:00	0	0	0	3.26771	0	0	0	0.907013	0	0	2.45698e-05	0	0	0	0	0	0	0	1192.88	442.239	0	24.7135	25.1367	25.423	26.3209	27.286	28.9011	35.6785	35.6785	35.6785	35.8585	43.274	43.2676	0.12514	0.123351	0.12542	0.118395	0.107674	0.0758619	0.0428087	99	0	0
setup	0	2019-05-15 23:00:00	0	0	0	3.26396	0	0	0	0.893103	0	0	1.93741e-05	0	0	0	0	0	0	0	1191.99	441.342	0	24.1921	24.743	25.092	26.1352	27.1322	28.8398	35.6785	35.6785	35.6785	35.8572	43.2733	43.2678	0.127656	0.125422	0.126834	0.11948	0.10806	0.0758619	0.0428127	99	0	0
setup	0	2019-05-16 23:00:00	0	0	0	3.3641	0	0	0	0.907218	0	0	1.52768e-05	0	0	0	0	0	0	0	1191.08	440.431	0	23.6683	24.3438	24.755	25.9452	26.9744	28.7766	35.6785	35.6785	35.6785	35.8561	43.2726	43.268	0.130278	0.127578	0.128302	0.120607	0.10846	0.0758619	0.042816	99	0	0
setup	0	2019-05-17 23:00:00	0	0	0	3.28071	0	0	0	0.871886	0	0	1.20459e-05	0	0	0	0	0	0	0	1190.21	439.557	0	23.1705	23.9608	24.4303	25.7613	26.8211	28.7148	35.6785	35.6785	35.6785	35.8551	43.272	43.268	0.132863	0.129703	0.129745	0.121714	0.108853	0.0758619	0.042819	99	0	0
setup	0	2019-05-18 23:00:00	0	0	0	3.27178	0	0	0	0.857047	0	0	9.49824e-06	0	0	0	0	0	0	0	1189.35	438.697	0	22.6864	23.5851	24.1104	25.5793	26.669	28.653	35.6785	35.6785	35.6785	35.8543	43.2715	43.268	0.135471	0.131844	0.131196	0.122826	0.109247	0.0758619	0.0428217	99	0	0
setup	0	2019-05-19 23:00:00	0	10.7	10.674	3.09003	0	0	0.0259656	0.839225	0.360288	0	7.41498e-06	10.3137	0	0	0	0	0	0	1198.82	448.146	0	32.4519	28.224	28.0536	26.5138	26.5865	28.6193	35.6818	35.6818	35.6818	35.8551	43.2728	43.2698	0.107413	0.108312	0.123973	0.123434	0.109463	0.0758468	0.0428148	99	0	0
setup	0	2019-05-20 23:00:00	0	0	0	2.938	0	0	0	0.898623	0	0	5.8449e-06	0	0	0	0	0	0	0	1197.93	447.246	0	30.3978	28.2035	27.997	26.4947	26.4714	28.5674	35.6818	35.6818	35.6818	35.8545	43.2724	43.2697	0.107521	0.108613	0.124116	0.12429	0.109796	0.0758468	0.042817	99	0	0
setup	0	2019-05-21 23:00:00	0	0	0	3.07746	0	0	0	0.927133	0	0	4.60869e-06	0	0	0	0	0	0	0	1197	446.317	0	29.2585	27.8239	27.7678	26.4054	26.4122	28.5128	35.6818	35.6818	35.6818	35.854	43.272	43.2696	0.109537	0.109839	0.124784	0.124732	0.110147	0.0758468	0.0428189	99	0	0
setup	0	2019-05-22 23:00:00	0	0	0	3.14457	0	0	0	0.932505	0	0	3.63394e-06	0	0	0	0	0	0	0	1196.07	445.383	0	27.7474	27.7091	27.685	26.3101	26.31	28.4569	35.6818	35.6818	35.6818	35.8535	43.2717	43.2695	0.110155	0.110285	0.125502	0.125502	0.110508	0.0758468	0.0428207	99	0	0
setup	0	2019-05-23 23:00:00	0	0	0	3.1357	0	0	0	0.916693	0	0	2.86535e-06	0	0	0	0	0	0	0	1195.15	444.464	0	27.1681	27.2907	27.3484	26.1368	26.1748	28.401	35.6818	35.6818	35.6818	35.8531	43.2714	43.2694	0.11244	0.112122	0.126821	0.12653	0.110871	0.0758468	0.0428223	99	0	0
setup	0	2019-05-24 23:00:00	0	0	0	3.08368	0	0	0	0.889264	0	0	2.25932e-06	0	0	0	0	0	0	0	1194.26	443.574	0	26.6175	26.8862	27.0137	25.9675	26.0423	28.3459	35.6818	35.6818	35.6818	35.8528	43.2711	43.2693	0.114701	0.113982	0.128128	0.127549	0.111229	0.0758468	0.0428238	99	0	0
setup	0	2019-05-25 23:00:00	0	0	0	2.99378	0	0	0	0.851868	0	0	1.78147e-06	0	0	0	0	0	0	0	1193.41	442.721	0	26.0954	26.499	26.6922	25.8041	25.9141	28.2922	35.6818	35.6818	35.6818	35.8524	43.2708	43.2692	0.116915	0.115804	0.129407	0.128545	0.11158	0.0758468	0.0428251	99	0	0
setup	0	2019-05-26 23:00:00	0	0	0	2.98151	0	0	0	0.837276	0	0	1.40468e-06	0	0	0	0	0	0	0	1192.57	441.882	0	25.5873	26.119	26.3753	25.6424	25.7868	28.2387	35.6818	35.6818	35.6818	35.8522	43.2706	43.2691	0.119139	0.117633	0.130691	0.129544	0.111931	0.0758468	0.0428264	99	0	0
setup	0	2019-05-27 23:00:00	0	3	2.99134	2.93652	0	0	0.0086552	0.822748	0.1137	0	1.10415e-06	2.87765	0	0	0	0	0	0	1194.63	443.929	0	30.8192	26.4186	26.3424	25.5072	25.6826	28.1945	35.6828	35.6828	35.6828	35.8524	43.2709	43.2696	0.117381	0.117826	0.131777	0.13037	0.112221	0.0758423	0.0428246	99	0	0
setup	0	2019-05-28 23:00:00	0	0	0	3.02077	0	0	0	0.874979	0	0	8.70616e-07	0	0	0	0	0	0	0	1193.75	443.053	0	29.7348	26.1984	26.1843	25.3487	25.5573	28.1413	35.6828	35.6828	35.6828	35.8521	43.2707	43.2695	0.11867	0.118753	0.133067	0.131373	0.112572	0.0758423	0.0428256	99	0	0
setup	0	2019-05-29 23:00:00	0	0	0	2.97749	0	0	0	0.850585	0	0	6.86478e-07	0	0	0	0	0	0	0	1192.9	442.202	0	29.0598	25.856	25.8905	25.1934	25.4341	28.0886	35.6828	35.6828	35.6828	35.8519	43.2705	43.2694	0.120709	0.120501	0.134349	0.13237	0.112921	0.0758423	0.0428266	99	0	0
setup	0	2019-05-30 23:00:00	0	0	0	3.06696	0	0	0	0.864352	0	0	5.41286e-07	0	0	0	0	0	0	0	1192.04	441.337	0	28.4639	25.4793	25.5781	25.0343	25.3077	28.0343	35.6828	35.6828	35.6828	35.8517	43.2704	43.2694	0.123004	0.122396	0.13568	0.133404	0.113282	0.0758423	0.0428274	99	0	0
setup	0	2019-05-31 23:00:00	0	0	0	3.15825	0	0	0	0.875074	0	0	4.26802e-07	0	0	0	0	0	0	0	1191.16	440.461	0	25.876	25.7579	25.6986	24.8714	25.1778	27.9781	35.6828	35.6828	35.6828	35.8515	43.2702	43.2693	0.121301	0.121661	0.137063	0.134478	0.113657	0.0758423	0.0428282	99	0	0
setup	0	2019-06-01 23:00:00	0	0	0	3.11665	0	0	0	0.850672	0	0	3.36532e-07	0	0	0	0	0	0	0	1190.31	439.61	0	25.3109	25.3796	25.4132	24.7116	25.0501	27.9225	35.6828	35.6828	35.6828	35.8514	43.2701	43.2693	0.123621	0.123412	0.138439	0.135546	0.114029	0.0758423	0.0428289	99	0	0
setup	0	2019-06-02 23:00:00	0	0	0	3.22354	0	0	0	0.867458	0	0	2.65355e-07	0	0	0	0	0	0	0	1189.44	438.741	0	24.7812	24.9874	25.0876	24.5474	24.9186	27.8649	35.6828	35.6828	35.6828	35.8512	43.27	43.2692	0.126086	0.12545	0.139875	0.13666	0.114416	0.0758423	0.0428295	99	0	0
setup	0	2019-06-03 23:00:00	0	23.37	23.3267	3.04044	0	0	0.043276	0.815182	0.590149	0	4.83255	22.7366	0	0	0	0	0	0	1206.53	456.174	0	37.3419	31.0086	31.0493	29.0074	29.4263	29.2311	35.4325	35.686	35.6938	35.841	43.2525	43.2823	0.0937168	0.0935286	0.107007	0.104422	0.105619	0.0758277	0.0429181	99	0	0
setup	0	2019-06-04 23:00:00	0	0	0	3.12481	0	0	0	1.04948	0	0	2.22108e-05	0	0	0	0	0	0	0	1205.48	455.117	0	34.6232	30.8007	30.7025	29.1522	29.2024	29.214	35.4325	35.686	35.6938	35.834	43.2525	43.2805	0.0946824	0.0951412	0.106106	0.105796	0.105724	0.0758277	0.0429181	99	0	0
setup	0	2019-06-05 23:00:00	0	0	0	3.00913	0	0	0	0.999413	0	0	4.2115e-05	0	0	0	0	0	0	0	1204.48	454.106	0	33.2221	30.5578	30.5364	29.0315	29.0563	29.1612	35.4325	35.686	35.6938	35.8336	43.2525	43.2744	0.095821	0.0959217	0.106857	0.106702	0.10605	0.0758277	0.0429181	99	0	0
setup	0	2019-06-06 23:00:00	0	0	0	2.78875	0	0	0	0.914371	0	0	4.1122e-05	0	0	0	0	0	0	0	1203.57	453.179	0	32.3599	30.2392	30.2456	28.8576	28.9211	29.1121	35.4325	35.686	35.6938	35.8336	43.2525	43.2678	0.0973321	0.0973014	0.107948	0.107548	0.106355	0.0758277	0.0429181	99	0	0
setup	0	2019-06-07 23:00:00	0	23.8	23.7567	2.86256	0	0	0.043276	0.768652	0.55309	0	9.66837	23.2036	0	0	0	0	0	0	1216.33	465.263	0	37.8652	30.966	30.8421	29.2176	29.8393	29.956	35.9815	35.9998	36	36	43.1558	45.0658	0.093914	0.0944896	0.105702	0.101935	0.101243	0.074401	0.0434061	99	0	0
setup	0	2019-06-08 23:00:00	0	0	0	2.96743	0	0	0	1.001	0	0	7.25157	0	0	0	0	0	0	0	1208.08	458.11	0	34.8289	30.6903	30.6368	29.6166	29.664	29.8991	35.9763	35.9995	35.999	35.9632	43.3043	43.3559	0.0951987	0.0954495	0.103269	0.102984	0.10158	0.0744022	0.0426553	99	0	0
setup	0	2019-06-09 23:00:00	0	0	0	3.07933	0	0	0	1.02794	0	0	1.26176e-05	0	0	0	0	0	0	0	1207.05	456.973	0	33.3151	30.4976	30.4746	29.4197	29.5108	29.8431	35.9763	35.9953	35.9924	35.95	43.3352	43.294	0.0961048	0.0962135	0.104462	0.103908	0.101912	0.0744214	0.0424977	99	0	0
setup	0	2019-06-10 23:00:00	0	0.6	0.591345	2.78318	0	0	0.0086552	0.886123	0.107311	0	3.44464e-06	0.484034	0	0	0	0	0	0	1206.65	456.515	0	33.5158	30.2655	30.2557	29.2515	29.3798	29.795	35.9763	35.9893	35.9851	35.947	43.3363	43.2838	0.0972066	0.097253	0.105493	0.104706	0.102199	0.0744483	0.0424919	99	0	0
setup	0	2019-06-11 23:00:00	0	0	0	2.6475	0	0	0	0.86936	0	0	1.05521e-06	0	0	0	0	0	0	0	1205.78	455.61	0	32.6739	29.9764	29.9792	29.0842	29.249	29.7467	35.9763	35.983	35.9787	35.9434	43.3321	43.2833	0.0985938	0.0985801	0.106528	0.105508	0.102488	0.074477	0.0425136	99	0	0
setup	0	2019-06-12 23:00:00	0	0	0	2.83629	0	0	0	0.920487	0	0	3.26586e-07	0	0	0	0	0	0	0	1204.86	454.66	0	31.9674	29.5887	29.6468	28.9058	29.1092	29.6949	35.9763	35.977	35.9729	35.9392	43.3288	43.2839	0.100482	0.100197	0.107644	0.106373	0.102798	0.0745044	0.0425305	99	0	0
setup	0	2019-06-13 23:00:00	0	0	0	2.93082	0	0	0	0.93958	0	0	1.01166e-07	0	0	0	0	0	0	0	1203.92	453.693	0	31.3268	29.1747	29.3064	28.7222	28.965	29.6411	35.9752	35.9715	35.9674	35.9351	43.3262	43.2848	0.102536	0.101879	0.108805	0.107272	0.103121	0.0745292	0.0425437	99	0	0
setup	0	2019-06-14 23:00:00	0	0	0	3.04097	0	0	0	0.961236	0	0	3.13402e-08	0	0	0	0	0	0	0	1202.96	452.707	0	29.2674	29.2621	29.262	28.5326	28.8157	29.5851	35.9715	35.967	35.9627	35.9314	43.3241	43.2857	0.1021	0.1021	0.110019	0.108212	0.103458	0.0745494	0.0425544	99	0	0
setup	0	2019-06-15 23:00:00	0	0	0	2.90316	0	0	0	0.905795	0	0	9.70897e-09	0	0	0	0	0	0	0	1202.06	451.779	0	28.7021	28.854	28.9266	28.3526	28.6735	29.5316	35.9677	35.9629	35.9585	35.928	43.3223	43.2866	0.104156	0.103787	0.111186	0.109116	0.103783	0.0745683	0.0425633	99	0	0
setup	0	2019-06-16 23:00:00	0	0	0	2.78965	0	0	0	0.85986	0	0	3.0078e-09	0	0	0	0	0	0	0	1201.2	450.898	0	28.1709	28.4665	28.6072	28.1804	28.5372	29.4799	35.9637	35.9588	35.9545	35.925	43.3208	43.2874	0.106147	0.10542	0.112314	0.109989	0.104096	0.0745865	0.0425709	99	0	0
setup	0	2019-06-17 23:00:00	0	0	0	2.97018	0	0	0	0.90431	0	0	9.31769e-10	0	0	0	0	0	0	0	1200.29	449.973	0	27.6177	28.0594	28.2704	27.9981	28.3925	29.4248	35.9597	35.9549	35.9507	35.9222	43.3195	43.2882	0.108281	0.10717	0.113523	0.110925	0.104431	0.0746042	0.0425775	99	0	0
setup	0	2019-06-18 23:00:00	0	0	0	2.96842	0	0	0	0.892337	0	0	2.88616e-10	0	0	0	0	0	0	0	1199.4	449.062	0	27.0774	27.6582	27.9371	27.8168	28.2483	29.3696	35.9558	35.9512	35.947	35.9197	43.3184	43.289	0.11043	0.108932	0.11474	0.111867	0.104768	0.0746213	0.0425832	99	0	0
setup	0	2019-06-19 23:00:00	0	0	0	2.81359	0	0	0	0.835332	0	0	8.9484e-11	0	0	0	0	0	0	0	1198.56	448.21	0	26.5765	27.2831	27.6242	27.6461	28.1121	29.3171	35.952	35.9476	35.9436	35.9174	43.3174	43.2897	0.112482	0.110614	0.115901	0.112765	0.10509	0.0746377	0.0425882	99	0	0
setup	0	2019-06-20 23:00:00	0	0	0	3.05795	0	0	0	0.896484	0	0	2.77139e-11	0	0	0	0	0	0	0	1197.67	447.297	0	26.0442	26.8809	27.2876	27.4615	27.9645	29.26	35.9484	35.9441	35.9403	35.9153	43.3166	43.2904	0.114731	0.112457	0.117171	0.113748	0.105441	0.0746535	0.0425926	99	0	0
setup	0	2019-06-21 23:00:00	0	0	0	3.0028	0	0	0	0.868862	0	0	8.63198e-12	0	0	0	0	0	0	0	1196.8	446.412	0	25.5337	26.4918	26.9605	27.2814	27.82	29.2037	35.9449	35.9408	35.9371	35.9133	43.3158	43.2911	0.116957	0.114281	0.118427	0.114719	0.105788	0.0746686	0.0425966	99	0	0
setup	0	2019-06-22 23:00:00	0	0	0	2.69165	0	0	0	0.769267	0	0	2.65066e-12	0	0	0	0	0	0	0	1196.03	445.628	0	25.086	26.1477	26.6703	27.1209	27.6909	29.1532	35.9415	35.9376	35.9341	35.9115	43.3151	43.2918	0.118969	0.11593	0.119561	0.115594	0.1061	0.074683	0.0426002	99	0	0
setup	0	2019-06-23 23:00:00	0	0	0	2.99935	0	0	0	0.846713	0	0	7.63278e-13	0	0	0	0	0	0	0	1195.18	444.768	0	24.5979	25.7695	26.3501	26.9431	27.5476	29.0967	35.9383	35.9346	35.9312	35.9097	43.3144	43.2924	0.121231	0.117781	0.120832	0.116576	0.10645	0.0746967	0.0426034	99	0	0
setup	0	2019-06-24 23:00:00	0	0.2	0.191345	3.08379	0	0	0.0086552	0.824814	0.119836	0	0	0.0715087	0	0	0	0	0	0	1194.43	444.002	0	24.3121	25.403	26.0385	26.7694	27.4072	29.0411	35.9353	35.9317	35.9285	35.9081	43.3139	43.2931	0.123475	0.119617	0.12209	0.117548	0.106796	0.0747097	0.0426063	99	0	0
setup	0	2019-06-25 23:00:00	0	0	0	3.10967	0	0	0	0.856507	0	0	0	0	0	0	0	0	0	0	1193.57	443.133	0	23.8245	25.0225	25.7138	26.5876	27.2598	28.9825	35.9323	35.929	35.926	35.9066	43.3133	43.2937	0.125863	0.121569	0.123426	0.118579	0.107163	0.0747221	0.042609	99	0	0
setup	0	2019-06-26 23:00:00	0	0	0	2.84797	0	0	0	0.774269	0	0	0	0	0	0	0	0	0	0	1192.8	442.347	0	23.3882	24.6791	25.4197	26.4222	27.1254	28.9286	35.9296	35.9264	35.9235	35.9051	43.3128	43.2942	0.12807	0.123372	0.124658	0.119529	0.107501	0.0747339	0.0426116	99	0	0
setup	0	2019-06-27 23:00:00	0	0	0	2.9082	0	0	0	0.780753	0	0	0	0	0	0	0	0	0	0	1192.02	441.555	0	22.9524	24.3335	25.1225	26.2544	26.9886	28.8735	35.9269	35.9239	35.9212	35.9037	43.3124	43.2947	0.130346	0.12523	0.125924	0.120505	0.107847	0.074745	0.042614	99	0	0
setup	0	2019-06-28 23:00:00	0	0	0	2.92888	0	0	0	0.776314	0	0	0	0	0	0	0	0	0	0	1191.24	440.768	0	22.5233	23.9904	24.8264	26.0865	26.8515	28.818	35.9244	35.9216	35.919	35.9024	43.3119	43.2951	0.132661	0.127117	0.127208	0.121494	0.108198	0.0747557	0.0426163	99	0	0
setup	0	2019-06-29 23:00:00	0	0	0	2.80512	0	0	0	0.734202	0	0	0	0	0	0	0	0	0	0	1190.51	440.024	0	22.1214	23.6666	24.5459	25.9268	26.7206	28.7647	35.9221	35.9193	35.9169	35.9012	43.3115	43.2955	0.134899	0.128941	0.128445	0.122447	0.108536	0.0747658	0.0426186	99	0	0
setup	0	2019-06-30 23:00:00	0	0	0	2.94275	0	0	0	0.760562	0	0	0	0	0	0	0	0	0	0	1189.75	439.254	0	21.709	23.3317	24.2548	25.7604	26.584	28.7087	35.9198	35.9172	35.9149	35.9	43.311	43.2958	0.137272	0.130872	0.129753	0.123453	0.108892	0.0747753	0.0426208	99	0	0
setup	0	2019-07-01 23:00:00	0	0	0	2.97553	0	0	0	0.759076	0	0	0	0	0	0	0	0	0	0	1188.99	438.485	0	21.3015	22.9982	23.9638	25.5933	26.4464	28.652	35.9177	35.9152	35.913	35.8989	43.3106	43.296	0.139696	0.132842	0.131083	0.124477	0.109253	0.0747844	0.042623	99	0	0
setup	0	2019-07-02 23:00:00	0	0	0	3.12727	0	0	0	0.78713	0	0	0	0	0	0	0	0	0	0	1188.2	437.689	0	20.8832	22.6531	23.6616	25.4191	26.3024	28.5923	35.9156	35.9133	35.9113	35.8979	43.3102	43.2962	0.142271	0.134934	0.132492	0.125559	0.109635	0.074793	0.0426252	99	0	0
setup	0	2019-07-03 23:00:00	0	0	0	3.10493	0	0	0	0.770817	0	0	0	0	0	0	0	0	0	0	1187.43	436.91	0	20.4778	22.316	23.3651	25.2474	26.1603	28.533	35.9137	35.9115	35.9096	35.8968	43.3097	43.2964	0.144858	0.137032	0.133901	0.126642	0.110016	0.0748013	0.0426275	99	0	0
setup	0	2019-07-04 23:00:00	0	0	0	2.97921	0	0	0	0.729707	0	0	0	0	0	0	0	0	0	0	1186.7	436.172	0	20.0979	21.9975	23.0841	25.084	26.0245	28.4761	35.9119	35.9098	35.9079	35.8959	43.3093	43.2965	0.147369	0.139066	0.135262	0.127686	0.110384	0.0748091	0.0426297	99	0	0
setup	0	2019-07-05 23:00:00	0	0	0	2.97069	0	0	0	0.71809	0	0	0	0	0	0	0	0	0	0	1185.98	435.446	0	19.7277	21.6849	22.8071	24.9222	25.8898	28.4192	35.9101	35.9082	35.9064	35.8949	43.3088	43.2966	0.1499	0.141113	0.136629	0.128735	0.110752	0.0748165	0.0426319	99	0	0
setup	0	2019-07-06 23:00:00	0	0	0	3.06039	0	0	0	0.729945	0	0	0	0	0	0	0	0	0	0	1185.25	434.709	0	19.3552	21.3678	22.5252	24.7569	25.7517	28.3606	35.9085	35.9066	35.9049	35.894	43.3084	43.2967	0.152538	0.143244	0.138047	0.129822	0.111133	0.0748235	0.0426341	99	0	0
setup	0	2019-07-07 23:00:00	0	0	0	2.96573	0	0	0	0.697955	0	0	0	0	0	0	0	0	0	0	1184.55	434.003	0	19.0025	21.0654	22.2553	24.5979	25.6186	28.3037	35.9069	35.9051	35.9035	35.8931	43.308	43.2967	0.155124	0.145331	0.139431	0.130881	0.111504	0.0748302	0.0426364	99	0	0
setup	0	2019-07-08 23:00:00	0	0	0	2.9624	0	0	0	0.688039	0	0	0	0	0	0	0	0	0	0	1183.87	433.308	0	18.6583	20.768	21.989	24.4404	25.4863	28.2469	35.9054	35.9037	35.9022	35.8923	43.3075	43.2967	0.157737	0.147436	0.140822	0.131947	0.111877	0.0748367	0.0426386	99	0	0
setup	0	2019-07-09 23:00:00	0	0	0	3.06419	0	0	0	0.7022	0	0	0	0	0	0	0	0	0	0	1183.16	432.599	0	18.3105	20.4653	21.7169	24.2788	25.3502	28.188	35.904	35.9024	35.9009	35.8915	43.3071	43.2967	0.160473	0.149637	0.142272	0.133055	0.112264	0.0748428	0.0426408	99	0	0
setup	0	2019-07-10 23:00:00	0	0	0	3.12297	0	0	0	0.705871	0	0	0	0	0	0	0	0	0	0	1182.46	431.887	0	17.9644	20.1618	21.4431	24.1155	25.2122	28.128	35.9026	35.9011	35.8997	35.8907	43.3067	43.2967	0.163296	0.151905	0.14376	0.134192	0.11266	0.0748486	0.042643	99	0	0
setup	0	2019-07-11 23:00:00	0	0	0	3.05068	0	0	0	0.680089	0	0	0	0	0	0	0	0	0	0	1181.78	431.2	0	17.6343	19.8703	21.1791	23.9574	25.0782	28.0694	35.9013	35.8999	35.8986	35.8899	43.3062	43.2966	0.166088	0.154144	0.145224	0.13531	0.113049	0.0748542	0.0426451	99	0	0
setup	0	2019-07-12 23:00:00	0	0	0	3.08704	0	0	0	0.678827	0	0	0	0	0	0	0	0	0	0	1181.1	430.515	0	17.3082	19.58	20.9153	23.7987	24.9435	28.01	35.9	35.8987	35.8974	35.8892	43.3058	43.2966	0.168948	0.156434	0.146716	0.136448	0.113444	0.0748595	0.0426473	99	0	0
setup	0	2019-07-13 23:00:00	0	0	0	3.16658	0	0	0	0.686655	0	0	0	0	0	0	0	0	0	0	1180.41	429.823	0	16.9817	19.2873	20.6483	23.6373	24.806	27.949	35.8988	35.8976	35.8964	35.8885	43.3054	43.2965	0.17192	0.15881	0.148257	0.137623	0.113851	0.0748646	0.0426494	99	0	0
setup	0	2019-07-14 23:00:00	0	0	0	2.85136	0	0	0	0.61001	0	0	0	0	0	0	0	0	0	0	1179.8	429.207	0	16.6946	19.0281	20.4109	23.4933	24.683	27.8941	35.8977	35.8965	35.8954	35.8878	43.305	43.2964	0.17463	0.160973	0.149655	0.138688	0.114219	0.0748695	0.0426515	99	0	0
setup	0	2019-07-15 23:00:00	0	0	0	2.87044	0	0	0	0.606274	0	0	0	0	0	0	0	0	0	0	1179.2	428.595	0	16.4119	18.7711	20.1748	23.3496	24.5598	27.8389	35.8966	35.8955	35.8944	35.8872	43.3046	43.2963	0.177391	0.163173	0.151071	0.139766	0.114591	0.0748742	0.0426536	99	0	0
setup	0	2019-07-16 23:00:00	0	0	0	2.87577	0	0	0	0.599628	0	0	0	0	0	0	0	0	0	0	1178.6	427.99	0	16.1349	18.5177	19.9412	23.2067	24.4371	27.7835	35.8956	35.8945	35.8934	35.8865	43.3042	43.2962	0.18019	0.165401	0.152499	0.140852	0.114966	0.0748786	0.0426556	99	0	0
setup	0	2019-07-17 23:00:00	0	0	0	2.70232	0	0	0	0.556447	0	0	0	0	0	0	0	0	0	0	1178.04	427.428	0	15.8803	18.2831	19.7243	23.0736	24.3225	27.7314	35.8946	35.8935	35.8925	35.8859	43.3038	43.2961	0.182852	0.167515	0.153849	0.141878	0.115319	0.0748829	0.0426577	99	0	0
setup	0	2019-07-18 23:00:00	0	0	0	2.69905	0	0	0	0.549079	0	0	0	0	0	0	0	0	0	0	1177.49	426.874	0	15.6312	18.0524	19.5103	22.9417	24.2086	27.6794	35.8936	35.8926	35.8917	35.8853	43.3034	43.296	0.185541	0.169649	0.155207	0.142909	0.115673	0.0748871	0.0426596	99	0	0
setup	0	2019-07-19 23:00:00	0	0.8	0.791345	2.86254	0	0	0.0086552	0.563061	0.110617	0	0	0.680728	0	0	0	0	0	0	1177.61	426.986	0	16.8746	17.828	19.3013	22.8123	24.0965	27.6278	35.8928	35.8918	35.8909	35.8848	43.3031	43.2959	0.188225	0.171777	0.156557	0.143935	0.116026	0.0748908	0.0426613	99	0	0
setup	0	2019-07-20 23:00:00	0	0	0	2.81971	0	0	0	0.571493	0	0	0	0	0	0	0	0	0	0	1177.04	426.41	0	16.5928	17.5953	19.084	22.6775	23.9795	27.5738	35.8919	35.891	35.8901	35.8842	43.3027	43.2958	0.191086	0.174039	0.157985	0.145018	0.116396	0.0748946	0.0426632	99	0	0
setup	0	2019-07-21 23:00:00	0	0	0	2.80271	0	0	0	0.560866	0	0	0	0	0	0	0	0	0	0	1176.48	425.844	0	16.3188	17.3675	18.8707	22.5446	23.8638	27.5201	35.891	35.8901	35.8893	35.8837	43.3023	43.2957	0.193964	0.176312	0.159414	0.1461	0.116766	0.0748983	0.042665	99	0	0
setup	0	2019-07-22 23:00:00	0	0	0	3.12172	0	0	0	0.616404	0	0	0	0	0	0	0	0	0	0	1175.86	425.223	0	16.0205	17.1178	18.6361	22.3979	23.7358	27.4603	35.8902	35.8894	35.8886	35.8832	43.302	43.2955	0.197212	0.178872	0.161016	0.147313	0.11718	0.0749018	0.0426668	99	0	0
setup	0	2019-07-23 23:00:00	0	0	0	2.83924	0	0	0	0.553095	0	0	0	0	0	0	0	0	0	0	1175.31	424.666	0	15.7554	16.8945	18.4256	22.2657	23.6201	27.4059	35.8894	35.8886	35.8879	35.8827	43.3016	43.2954	0.200205	0.181227	0.162483	0.148423	0.117557	0.0749052	0.0426686	99	0	0
setup	0	2019-07-24 23:00:00	0	0	0	2.94105	0	0	0	0.565481	0	0	0	0	0	0	0	0	0	0	1174.74	424.097	0	15.487	16.6669	18.2103	22.1299	23.501	27.3496	35.8887	35.8879	35.8872	35.8822	43.3013	43.2953	0.203345	0.183694	0.164013	0.149579	0.11795	0.0749085	0.0426704	99	0	0
setup	0	2019-07-25 23:00:00	0	0	0	2.93955	0	0	0	0.557712	0	0	0	0	0	0	0	0	0	0	1174.18	423.535	0	15.2248	16.4431	17.9979	21.9955	23.3828	27.2933	35.888	35.8872	35.8865	35.8817	43.301	43.2952	0.206524	0.186187	0.165552	0.150742	0.118344	0.0749116	0.0426721	99	0	0
setup	0	2019-07-26 23:00:00	0	0	0	3.03462	0	0	0	0.568011	0	0	0	0	0	0	0	0	0	0	1173.61	422.963	0	14.9603	16.2158	17.7815	21.858	23.2615	27.2352	35.8873	35.8866	35.8859	35.8813	43.3006	43.295	0.209851	0.188791	0.167151	0.151949	0.118752	0.0749146	0.0426737	99	0	0
setup	0	2019-07-27 23:00:00	0	0	0	2.85905	0	0	0	0.528037	0	0	0	0	0	0	0	0	0	0	1173.09	422.431	0	14.7168	16.0053	17.5803	21.7297	23.1479	27.1805	35.8866	35.8859	35.8853	35.8808	43.3003	43.2949	0.213026	0.191272	0.168669	0.153093	0.119138	0.0749175	0.0426753	99	0	0
setup	0	2019-07-28 23:00:00	0	0	0	2.71134	0	0	0	0.494464	0	0	0	0	0	0	0	0	0	0	1172.59	421.933	0	14.4909	15.8087	17.3919	21.609	23.041	27.1286	35.886	35.8853	35.8847	35.8804	43.3	43.2948	0.216075	0.193651	0.170116	0.154184	0.119506	0.0749203	0.0426769	99	0	0
setup	0	2019-07-29 23:00:00	0	0	0	2.79584	0	0	0	0.503549	0	0	0	0	0	0	0	0	0	0	1172.09	421.426	0	14.2629	15.6091	17.2001	21.4857	22.9313	27.0752	35.8853	35.8847	35.8841	35.88	43.2997	43.2946	0.219259	0.196131	0.171618	0.155314	0.119886	0.074923	0.0426785	99	0	0
setup	0	2019-07-30 23:00:00	0	0	0	2.97869	0	0	0	0.529511	0	0	0	0	0	0	0	0	0	0	1171.56	420.893	0	14.0253	15.3999	16.9984	21.3556	22.8153	27.0183	35.8848	35.8841	35.8836	35.8796	43.2994	43.2945	0.222696	0.198803	0.173229	0.156526	0.120292	0.0749256	0.04268	99	0	0
setup	0	2019-07-31 23:00:00	0	0	0	2.81181	0	0	0	0.493315	0	0	0	0	0	0	0	0	0	0	1171.07	420.396	0	13.8061	15.2057	16.8105	21.2339	22.7065	26.9646	35.8842	35.8836	35.883	35.8792	43.2991	43.2944	0.225982	0.201354	0.174759	0.157676	0.120678	0.0749281	0.0426814	99	0	0
setup	0	2019-08-01 23:00:00	0	5.5	5.48269	2.96714	0	0	0.0173104	0.560125	0.229951	0	0	5.25274	0	0	0	0	0	0	1175.76	425.08	0	25.5199	15.4113	16.6773	21.1453	22.6256	26.9229	35.8839	35.8834	35.8828	35.8791	43.2992	43.2947	0.222505	0.203199	0.175889	0.158541	0.120978	0.0749291	0.0426808	99	0	0
setup	0	2019-08-02 23:00:00	0	0	0	3.17293	0	0	0	0.649159	0	0	0	0	0	0	0	0	0	0	1175.11	424.428	0	24.4887	15.5888	16.4783	21.0156	22.5091	26.8648	35.8834	35.8829	35.8823	35.8788	43.299	43.2946	0.219588	0.206017	0.177565	0.159799	0.121397	0.0749314	0.0426821	99	0	0
setup	0	2019-08-03 23:00:00	0	0	0	2.89526	0	0	0	0.58336	0	0	0	0	0	0	0	0	0	0	1174.53	423.841	0	23.91	15.4731	16.299	20.8983	22.4034	26.8118	35.8829	35.8824	35.8819	35.8784	43.2987	43.2944	0.221481	0.208622	0.179106	0.160955	0.121782	0.0749336	0.0426835	99	0	0
setup	0	2019-08-04 23:00:00	0	2.24	2.23134	2.94899	0	0	0.0086552	0.590259	0.114219	0	0	2.11713	0	0	0	0	0	0	1176.05	425.363	0	26.3518	16.4071	16.2244	20.7967	22.311	26.7644	35.8825	35.882	35.8815	35.8782	43.2986	43.2945	0.207044	0.209723	0.18046	0.161977	0.122127	0.0749351	0.0426839	99	0	0
setup	0	2019-08-05 23:00:00	0	0	0	2.93202	0	0	0	0.610391	0	0	0	0	0	0	0	0	0	0	1175.44	424.75	0	25.123	16.5343	16.4602	20.6815	22.2067	26.7114	35.8821	35.8816	35.8811	35.8779	43.2984	43.2944	0.205217	0.206277	0.182017	0.163144	0.122514	0.0749372	0.0426851	99	0	0
setup	0	2019-08-06 23:00:00	0	0	0	3.03758	0	0	0	0.622512	0	0	0	0	0	0	0	0	0	0	1174.82	424.124	0	24.4356	16.403	16.3906	20.5631	22.0992	26.6566	35.8816	35.8811	35.8807	35.8776	43.2981	43.2943	0.207103	0.207284	0.183644	0.164362	0.122917	0.0749392	0.0426864	99	0	0
setup	0	2019-08-07 23:00:00	0	0	0	3.20905	0	0	0	0.647613	0	0	0	0	0	0	0	0	0	0	1174.17	423.474	0	23.9005	16.1833	16.2017	20.4391	21.9864	26.5986	35.8812	35.8807	35.8803	35.8773	43.2979	43.2942	0.210335	0.210061	0.185376	0.165657	0.123345	0.0749412	0.0426875	99	0	0
setup	0	2019-08-08 23:00:00	0	0	0	3.13151	0	0	0	0.616732	0	0	0	0	0	0	0	0	0	0	1173.56	422.855	0	18.7167	17.6174	17.0939	20.3189	21.8767	26.5418	35.8807	35.8803	35.8799	35.877	43.2977	43.2941	0.19081	0.197528	0.187082	0.166932	0.123765	0.0749431	0.0426887	99	0	0
setup	0	2019-08-09 23:00:00	0	0	0	3.02985	0	0	0	0.584098	0	0	0	0	0	0	0	0	0	0	1172.97	422.268	0	17.782	17.4987	17.3321	20.2035	21.771	26.4869	35.8803	35.8799	35.8795	35.8767	43.2975	43.294	0.192297	0.194418	0.188748	0.168177	0.124174	0.0749449	0.0426898	99	0	0
setup	0	2019-08-10 23:00:00	0	0	0	2.85414	0	0	0	0.541743	0	0	0	0	0	0	0	0	0	0	1172.43	421.724	0	17.3383	17.2781	17.2419	20.0956	21.6721	26.4351	35.8799	35.8795	35.8791	35.8764	43.2972	43.2939	0.195116	0.195585	0.190329	0.169357	0.124561	0.0749466	0.0426909	99	0	0
setup	0	2019-08-11 23:00:00	0	0	0	2.82686	0	0	0	0.529242	0	0	0	0	0	0	0	0	0	0	1171.9	421.193	0	17.0311	17.0558	17.0681	19.9898	21.5747	26.3838	35.8795	35.8791	35.8788	35.8761	43.297	43.2938	0.198035	0.197871	0.191906	0.170532	0.124946	0.0749483	0.042692	99	0	0
setup	0	2019-08-12 23:00:00	0	0	0	2.68939	0	0	0	0.496997	0	0	0	0	0	0	0	0	0	0	1171.4	420.694	0	16.759	16.8463	16.8908	19.8899	21.4826	26.335	35.8792	35.8788	35.8784	35.8759	43.2968	43.2937	0.200863	0.200256	0.193415	0.171657	0.125314	0.0749499	0.042693	99	0	0
setup	0	2019-08-13 23:00:00	0	0	0	2.74992	0	0	0	0.501721	0	0	0	0	0	0	0	0	0	0	1170.9	420.19	0	16.4865	16.6352	16.7116	19.7886	21.389	26.2851	35.8788	35.8784	35.8781	35.8756	43.2966	43.2936	0.203789	0.202721	0.194968	0.172814	0.125691	0.0749515	0.042694	99	0	0
setup	0	2019-08-14 23:00:00	0	0	0	2.91573	0	0	0	0.524932	0	0	0	0	0	0	0	0	0	0	1170.38	419.663	0	16.204	16.4149	16.5239	19.6822	21.2903	26.2322	35.8784	35.8781	35.8777	35.8754	43.2965	43.2935	0.206931	0.205365	0.196626	0.174048	0.126092	0.0749531	0.042695	99	0	0
setup	0	2019-08-15 23:00:00	0	0	0	2.75741	0	0	0	0.489833	0	0	0	0	0	0	0	0	0	0	1169.89	419.171	0	15.9426	16.2097	16.3486	19.5824	21.1976	26.1822	35.8781	35.8778	35.8774	35.8751	43.2963	43.2934	0.209941	0.207894	0.198203	0.175221	0.126474	0.0749545	0.0426959	99	0	0
setup	0	2019-08-16 23:00:00	0	0	0	2.69916	0	0	0	0.47336	0	0	0	0	0	0	0	0	0	0	1169.41	418.696	0	15.6921	16.012	16.1792	19.4856	21.1074	26.1333	35.8778	35.8774	35.8771	35.8749	43.2961	43.2933	0.212924	0.210397	0.199757	0.176376	0.126848	0.074956	0.0426968	99	0	0
setup	0	2019-08-17 23:00:00	0	0	0	2.79592	0	0	0	0.48403	0	0	0	0	0	0	0	0	0	0	1168.93	418.21	0	15.4382	15.8102	16.0057	19.3862	21.0145	26.0827	35.8775	35.8771	35.8768	35.8747	43.2959	43.2932	0.216052	0.213019	0.201377	0.177579	0.127237	0.0749574	0.0426977	99	0	0
setup	0	2019-08-18 23:00:00	0	0	0	2.80313	0	0	0	0.47892	0	0	0	0	0	0	0	0	0	0	1168.45	417.729	0	15.189	15.611	15.834	19.2875	20.922	26.032	35.8772	35.8768	35.8765	35.8745	43.2957	43.2931	0.219228	0.215677	0.20301	0.178792	0.127629	0.0749587	0.0426985	99	0	0
setup	0	2019-08-19 23:00:00	0	0	0	2.89316	0	0	0	0.487719	0	0	0	0	0	0	0	0	0	0	1167.96	417.239	0	14.9376	15.4087	15.6591	19.1865	20.8272	25.9796	35.8769	35.8766	35.8763	35.8743	43.2956	43.2931	0.222548	0.218453	0.204707	0.180052	0.128034	0.07496	0.0426993	99	0	0
setup	0	2019-08-20 23:00:00	0	0	0	2.57647	0	0	0	0.428759	0	0	0	0	0	0	0	0	0	0	1167.53	416.809	0	14.7184	15.2313	15.5052	19.0973	20.7433	25.9331	35.8766	35.8763	35.876	35.8741	43.2954	43.293	0.225542	0.220953	0.206227	0.181179	0.128397	0.0749612	0.0427001	99	0	0
setup	0	2019-08-21 23:00:00	0	0	0	2.76443	0	0	0	0.454295	0	0	0	0	0	0	0	0	0	0	1167.08	416.353	0	14.488	15.0438	15.3421	19.0025	20.6538	25.8831	35.8763	35.876	35.8757	35.8739	43.2953	43.2929	0.228795	0.223664	0.207868	0.182395	0.128787	0.0749625	0.0427009	99	0	0
setup	0	2019-08-22 23:00:00	0	0	0	2.92006	0	0	0	0.473498	0	0	0	0	0	0	0	0	0	0	1166.61	415.878	0	14.25	14.8489	15.172	18.9033	20.56	25.8304	35.876	35.8758	35.8755	35.8737	43.2951	43.2928	0.232275	0.226562	0.209612	0.183687	0.1292	0.0749636	0.0427017	99	0	0
setup	0	2019-08-23 23:00:00	0	0	0	2.97916	0	0	0	0.47642	0	0	0	0	0	0	0	0	0	0	1166.13	415.4	0	14.0127	14.6534	15.0008	18.803	20.4649	25.7767	35.8758	35.8755	35.8753	35.8735	43.295	43.2928	0.235874	0.229555	0.211402	0.185012	0.129624	0.0749648	0.0427024	99	0	0
setup	0	2019-08-24 23:00:00	0	0	0	3.18726	0	0	0	0.502363	0	0	0	0	0	0	0	0	0	0	1165.63	414.896	0	13.7649	14.4478	14.8202	18.6969	20.3639	25.7193	35.8755	35.8753	35.875	35.8733	43.2948	43.2927	0.23978	0.232797	0.213331	0.186439	0.130078	0.0749659	0.0427031	99	0	0
setup	0	2019-08-25 23:00:00	0	0	0	3.03176	0	0	0	0.470903	0	0	0	0	0	0	0	0	0	0	1165.16	414.424	0	13.5349	14.2556	14.6509	18.597	20.2686	25.6647	35.8753	35.875	35.8748	35.8732	43.2947	43.2926	0.24355	0.235921	0.215177	0.187804	0.130512	0.0749669	0.0427038	99	0	0
setup	0	2019-08-26 23:00:00	0	0.6	0.591345	3.02173	0	0	0.0086552	0.452543	0.11725	0	0	0.474095	0	0	0	0	0	0	1165.18	414.443	0	14.1495	14.1163	14.4955	18.5053	20.1806	25.6138	35.8751	35.8748	35.8746	35.873	43.2946	43.2926	0.246359	0.238862	0.2169	0.189081	0.13092	0.0749678	0.0427043	99	0	0
setup	0	2019-08-27 23:00:00	0	0	0	3.12252	0	0	0	0.480973	0	0	0	0	0	0	0	0	0	0	1164.7	413.961	0	13.8965	13.9307	14.3264	18.4048	20.0842	25.5579	35.8749	35.8746	35.8744	35.8729	43.2945	43.2925	0.250205	0.242147	0.218818	0.190498	0.131368	0.0749688	0.0427049	99	0	0
setup	0	2019-08-28 23:00:00	0	0	0	3.15063	0	0	0	0.478152	0	0	0	0	0	0	0	0	0	0	1164.22	413.482	0	13.6543	13.7409	14.1583	18.3044	19.9877	25.5016	35.8746	35.8744	35.8742	35.8727	43.2944	43.2925	0.254265	0.245505	0.220766	0.191936	0.131823	0.0749698	0.0427056	99	0	0
setup	0	2019-08-29 23:00:00	0	0	0	3.07823	0	0	0	0.460329	0	0	0	0	0	0	0	0	0	0	1163.76	413.02	0	13.4233	13.5588	13.9964	18.2075	19.8942	25.4466	35.8744	35.8742	35.874	35.8725	43.2942	43.2924	0.258289	0.248829	0.222682	0.19335	0.132268	0.0749707	0.0427062	99	0	0
setup	0	2019-08-30 23:00:00	0	0	0	3.13752	0	0	0	0.462355	0	0	0	0	0	0	0	0	0	0	1163.3	412.556	0	13.1935	13.3764	13.8338	18.1097	19.7996	25.3907	35.8742	35.874	35.8738	35.8724	43.2941	43.2924	0.262452	0.252261	0.224647	0.194799	0.132724	0.0749716	0.0427067	99	0	0
setup	0	2019-08-31 23:00:00	0	0	0	3.02528	0	0	0	0.439365	0	0	0	0	0	0	0	0	0	0	1162.86	412.116	0	12.9772	13.2037	13.6793	18.0164	19.7091	25.3368	35.874	35.8738	35.8736	35.8723	43.294	43.2923	0.266524	0.255612	0.226554	0.196205	0.133165	0.0749725	0.0427073	99	0	0
setup	0	2019-09-01 23:00:00	0	10.8	10.774	3.08975	0	0	0.0259656	0.558762	0.360253	0	0	10.4138	0	0	0	0	0	0	1172.71	421.96	0	34.8885	14.9785	14.3243	17.9949	19.682	25.3138	35.8744	35.8742	35.874	35.8727	43.2946	43.293	0.22995	0.242189	0.226997	0.196628	0.133354	0.0749707	0.0427042	99	0	0
setup	0	2019-09-02 23:00:00	0	31.2	31.1394	2.99832	0	0	0.0605864	0.69446	0.813923	0	0	30.3255	0	0	0	0	0	0	1202.34	451.536	0	33.8117	30.9382	30.7731	28.6519	27.7136	26.013	35.8774	35.8772	35.877	35.8758	43.2985	43.2969	0.094043	0.0948111	0.109254	0.11544	0.127775	0.0749571	0.0426848	99	0	0
setup	0	2019-09-03 23:00:00	0	0	0	2.89832	0	0	0	0.931863	0	0	0	0	0	0	0	0	0	0	1201.41	450.603	0	32.9597	29.9556	29.8145	28.0079	27.5991	26.9218	35.8772	35.877	35.8769	35.8757	43.2984	43.2968	0.0986944	0.0993783	0.113458	0.116223	0.120985	0.0749579	0.0426853	99	0	0
setup	0	2019-09-04 23:00:00	0	0	0	2.9402	0	0	0	0.929635	0	0	0	0	0	0	0	0	0	0	1200.48	449.672	0	32.2155	29.279	29.2302	27.6617	27.495	27.2	35.877	35.8769	35.8767	35.8756	43.2983	43.2968	0.102015	0.102259	0.115794	0.116939	0.119	0.0749586	0.0426858	99	0	0
setup	0	2019-09-05 23:00:00	0	0	0	2.93018	0	0	0	0.913202	0	0	0	0	0	0	0	0	0	0	1199.57	448.758	0	31.564	28.8121	28.8168	27.3842	27.3489	27.2757	35.8769	35.8767	35.8765	35.8754	43.2982	43.2968	0.10437	0.104346	0.117709	0.117955	0.118467	0.0749593	0.0426862	99	0	0
setup	0	2019-09-06 23:00:00	0	0	0	2.90805	0	0	0	0.893049	0	0	0	0	0	0	0	0	0	0	1198.68	447.864	0	28.9809	28.8616	28.7852	27.297	27.2594	27.2436	35.8767	35.8766	35.8764	35.8753	43.2981	43.2967	0.104117	0.104507	0.118318	0.118582	0.118693	0.07496	0.0426867	99	0	0
setup	0	2019-09-07 23:00:00	0	0	0	3.09551	0	0	0	0.937019	0	0	0	0	0	0	0	0	0	0	1197.74	446.926	0	28.3419	28.4186	28.4518	27.1214	27.1386	27.1929	35.8766	35.8764	35.8763	35.8752	43.298	43.2967	0.106396	0.106223	0.119557	0.119435	0.11905	0.0749607	0.0426871	99	0	0
setup	0	2019-09-08 23:00:00	0	0	0	2.94513	0	0	0	0.879793	0	0	0	0	0	0	0	0	0	0	1196.86	446.045	0	27.7895	28.0159	28.1201	26.9515	27.006	27.1446	35.8764	35.8763	35.8761	35.8751	43.2979	43.2966	0.108512	0.107961	0.120772	0.12038	0.119393	0.0749613	0.0426876	99	0	0
setup	0	2019-09-09 23:00:00	0	0	0	2.74143	0	0	0	0.808817	0	0	0	0	0	0	0	0	0	0	1196.05	445.236	0	27.2864	27.6461	27.8141	26.7942	26.883	27.0994	35.8763	35.8761	35.876	35.875	43.2978	43.2966	0.110496	0.109589	0.12191	0.121266	0.119713	0.074962	0.042688	99	0	0
setup	0	2019-09-10 23:00:00	0	0	0	3.03251	0	0	0	0.883478	0	0	0	0	0	0	0	0	0	0	1195.17	444.351	0	26.742	27.2424	27.479	26.6211	26.7473	27.0494	35.8761	35.876	35.8759	35.8749	43.2977	43.2965	0.112707	0.111405	0.123179	0.122252	0.12007	0.0749626	0.0426884	99	0	0
setup	0	2019-09-11 23:00:00	0	0.2	0.191345	3.00689	0	0	0.0086552	0.829935	0.116632	0	0	0.0747129	0	0	0	0	0	0	1194.41	443.595	0	26.429	26.8648	27.1643	26.4581	26.6192	27.0021	35.876	35.8759	35.8757	35.8748	43.2977	43.2965	0.114822	0.113141	0.124389	0.123193	0.120409	0.0749631	0.0426887	99	0	0
setup	0	2019-09-12 23:00:00	0	0.31	0.301345	3.05236	0	0	0.0086552	0.83481	0.118526	0	0	0.182819	0	0	0	0	0	0	1193.76	442.942	0	26.2594	26.4879	26.8491	26.2942	26.4901	26.9544	35.8759	35.8758	35.8756	35.8748	43.2976	43.2965	0.11698	0.114911	0.125622	0.12415	0.120751	0.0749636	0.0426889	99	0	0
setup	0	2019-09-13 23:00:00	0	0	0	3.176	0	0	0	0.894278	0	0	0	0	0	0	0	0	0	0	1192.86	442.047	0	25.7144	26.0835	26.5094	26.1165	26.3497	26.9017	35.8758	35.8756	35.8755	35.8747	43.2976	43.2965	0.11935	0.116855	0.126977	0.125202	0.121131	0.0749641	0.0426892	99	0	0
setup	0	2019-09-14 23:00:00	0	0	0	3.14513	0	0	0	0.873289	0	0	0	0	0	0	0	0	0	0	1191.99	441.173	0	25.1877	25.6891	26.1768	25.9417	26.2112	26.8495	35.8757	35.8755	35.8754	35.8746	43.2975	43.2964	0.121719	0.118798	0.128329	0.126252	0.121509	0.0749647	0.0426896	99	0	0
setup	0	2019-09-15 23:00:00	0	0	0	3.2133	0	0	0	0.879734	0	0	0	0	0	0	0	0	0	0	1191.11	440.292	0	24.6626	25.2923	25.8407	25.7644	26.0703	26.796	35.8755	35.8754	35.8753	35.8745	43.2974	43.2964	0.124164	0.120801	0.129721	0.127333	0.121897	0.0749652	0.0426899	99	0	0
setup	0	2019-09-16 23:00:00	0	0	0	3.24675	0	0	0	0.876226	0	0	0	0	0	0	0	0	0	0	1190.24	439.415	0	24.1451	24.8977	25.5051	25.5864	25.9284	26.7418	35.8754	35.8753	35.8752	35.8744	43.2974	43.2964	0.126659	0.122845	0.131139	0.128433	0.122292	0.0749657	0.0426903	99	0	0
setup	0	2019-09-17 23:00:00	0	0	0	3.12375	0	0	0	0.831146	0	0	0	0	0	0	0	0	0	0	1189.4	438.583	0	23.6593	24.5239	25.1859	25.4164	25.7926	26.6896	35.8753	35.8752	35.8751	35.8743	43.2973	43.2963	0.129086	0.12483	0.132514	0.129499	0.122674	0.0749662	0.0426906	99	0	0
setup	0	2019-09-18 23:00:00	0	0	0	3.11372	0	0	0	0.817027	0	0	0	0	0	0	0	0	0	0	1188.59	437.766	0	23.1867	24.1571	24.8714	25.2482	25.6577	26.6375	35.8752	35.8751	35.875	35.8743	43.2972	43.2963	0.131529	0.126828	0.133895	0.130569	0.123058	0.0749667	0.0426909	99	0	0
setup	0	2019-09-19 23:00:00	0	0	0	3.24625	0	0	0	0.839786	0	0	0	0	0	0	0	0	0	0	1187.75	436.925	0	22.7058	23.7806	24.5474	25.074	25.5177	26.5831	35.8751	35.875	35.8749	35.8742	43.2972	43.2963	0.134105	0.128931	0.135345	0.131692	0.12346	0.0749671	0.0426912	99	0	0
setup	0	2019-09-20 23:00:00	0	0	0	3.06588	0	0	0	0.781975	0	0	0	0	0	0	0	0	0	0	1186.97	436.143	0	22.2627	23.4307	24.245	24.9108	25.3861	26.5316	35.875	35.8749	35.8748	35.8741	43.2971	43.2963	0.136564	0.130938	0.136726	0.132761	0.123841	0.0749676	0.0426915	99	0	0
setup	0	2019-09-21 23:00:00	0	0	0	3.0628	0	0	0	0.770518	0	0	0	0	0	0	0	0	0	0	1186.2	435.372	0	21.8304	23.0865	23.9464	24.7489	25.2552	26.4801	35.8749	35.8748	35.8747	35.874	43.2971	43.2962	0.139048	0.132962	0.138116	0.133836	0.124225	0.074968	0.0426918	99	0	0
setup	0	2019-09-22 23:00:00	0	0	0	3.12922	0	0	0	0.776349	0	0	0	0	0	0	0	0	0	0	1185.42	434.595	0	21.3992	22.7404	23.645	24.5848	25.1222	26.4274	35.8748	35.8747	35.8746	35.874	43.297	43.2962	0.141613	0.135051	0.139546	0.134942	0.124619	0.0749684	0.042692	99	0	0
setup	0	2019-09-23 23:00:00	0	0	0	3.12266	0	0	0	0.763892	0	0	0	0	0	0	0	0	0	0	1184.65	433.83	0	20.9791	22.4004	23.3477	24.4222	24.99	26.3748	35.8747	35.8746	35.8745	35.8739	43.297	43.2962	0.144203	0.137157	0.140985	0.136054	0.125014	0.0749688	0.0426923	99	0	0
setup	0	2019-09-24 23:00:00	0	0	0	3.13697	0	0	0	0.756635	0	0	0	0	0	0	0	0	0	0	1183.9	433.073	0	20.5673	22.0644	23.0528	24.2602	24.8579	26.3218	35.8746	35.8745	35.8744	35.8738	43.2969	43.2962	0.146836	0.139294	0.14244	0.137178	0.125413	0.0749692	0.0426926	99	0	0
setup	0	2019-09-25 23:00:00	0	0	0	3.01399	0	0	0	0.716932	0	0	0	0	0	0	0	0	0	0	1183.18	432.356	0	20.181	21.7467	22.7729	24.1058	24.7317	26.2709	35.8745	35.8744	35.8744	35.8738	43.2969	43.2961	0.149394	0.14137	0.14385	0.138265	0.125799	0.0749696	0.0426928	99	0	0
setup	0	2019-09-26 23:00:00	0	0	0	2.58485	0	0	0	0.607088	0	0	0	0	0	0	0	0	0	0	1182.57	431.748	0	19.8568	21.4781	22.5355	23.9743	24.6239	26.2272	35.8745	35.8744	35.8743	35.8737	43.2968	43.2961	0.151612	0.143166	0.145066	0.139204	0.126131	0.07497	0.042693	99	0	0
setup	0	2019-09-27 23:00:00	0	1.72	1.71134	3.17471	0	0	0.0086552	0.733887	0.123624	0	0	1.58772	0	0	0	0	0	0	1183.43	432.599	0	21.8187	21.7966	22.2725	23.8292	24.5051	26.1806	35.8745	35.8744	35.8743	35.8738	43.297	43.2963	0.148988	0.145197	0.146427	0.140248	0.126486	0.0749697	0.0426924	99	0	0
setup	0	2019-09-28 23:00:00	0	0	0	3.17163	0	0	0	0.754021	0	0	0	0	0	0	0	0	0	0	1182.67	431.845	0	21.3785	21.4719	21.9911	23.6721	24.3757	26.1274	35.8744	35.8744	35.8743	35.8737	43.2969	43.2962	0.151664	0.147419	0.147923	0.1414	0.126893	0.07497	0.0426926	99	0	0
setup	0	2019-09-29 23:00:00	0	0	0	3.35847	0	0	0	0.786631	0	0	0	0	0	0	0	0	0	0	1181.89	431.057	0	20.9275	21.1306	21.697	23.5071	24.2393	26.0711	35.8744	35.8743	35.8742	35.8737	43.2969	43.2962	0.15456	0.1498	0.14952	0.142629	0.127326	0.0749704	0.0426928	99	0	0
setup	0	2019-09-30 23:00:00	0	0	0	3.33796	0	0	0	0.76994	0	0	0	0	0	0	0	0	0	0	1181.12	430.287	0	20.4908	20.7973	21.4085	23.3446	24.1046	26.0151	35.8743	35.8742	35.8741	35.8736	43.2968	43.2962	0.157477	0.152195	0.15112	0.14386	0.127759	0.0749707	0.0426931	99	0	0
setup	0	2019-10-01 23:00:00	0	0	0	3.50772	0	0	0	0.79652	0	0	0	0	0	0	0	0	0	0	1180.32	429.49	0	20.0439	20.4532	21.1095	23.1753	23.9638	25.9562	35.8742	35.8741	35.8741	35.8736	43.2968	43.2962	0.160584	0.154742	0.152816	0.145163	0.128216	0.074971	0.0426933	99	0	0
setup	0	2019-10-02 23:00:00	0	2.5	2.49134	3.2464	0	0	0.0086552	0.742642	0.126611	0	0	2.36473	0	0	0	0	0	0	1181.94	431.109	0	25.7427	20.176	20.8689	23.0399	23.8515	25.9113	35.8743	35.8743	35.8742	35.8737	43.297	43.2964	0.163162	0.156842	0.154194	0.146217	0.128567	0.0749704	0.0426922	99	0	0
setup	0	2019-10-03 23:00:00	0	0	0	3.08661	0	0	0	0.722588	0	0	0	0	0	0	0	0	0	0	1181.22	430.386	0	21.7423	21.2979	21.1804	22.8959	23.731	25.8602	35.8743	35.8742	35.8741	35.8737	43.2969	43.2964	0.153129	0.154132	0.155683	0.147359	0.128966	0.0749707	0.0426924	99	0	0
setup	0	2019-10-04 23:00:00	0	0	0	3.28557	0	0	0	0.755559	0	0	0	0	0	0	0	0	0	0	1180.46	429.63	0	21.081	21.0698	21.0673	22.7437	23.6034	25.8058	35.8742	35.8741	35.8741	35.8736	43.2969	43.2964	0.155086	0.155107	0.157282	0.148585	0.129394	0.074971	0.0426926	99	0	0
setup	0	2019-10-05 23:00:00	0	0	0	3.15353	0	0	0	0.714335	0	0	0	0	0	0	0	0	0	0	1179.75	428.915	0	20.6637	20.757	20.8049	22.5988	23.4816	25.7535	35.8741	35.8741	35.874	35.8736	43.2969	43.2963	0.157835	0.157409	0.158828	0.14977	0.129807	0.0749712	0.0426928	99	0	0
setup	0	2019-10-06 23:00:00	0	0.41	0.401345	3.05993	0	0	0.0086552	0.659788	0.118842	0	0	0.282503	0	0	0	0	0	0	1179.37	428.537	0	20.6272	20.6192	20.619	22.4668	23.3703	25.7058	35.8741	35.874	35.874	35.8736	43.2969	43.2964	0.159072	0.159074	0.16026	0.150865	0.130186	0.0749714	0.0426928	99	0	0
setup	0	2019-10-07 23:00:00	0	0	0	2.87434	0	0	0	0.637957	0	0	0	0	0	0	0	0	0	0	1178.74	427.899	0	20.2566	20.3407	20.3847	22.3371	23.2606	25.6582	35.8741	35.874	35.8739	35.8735	43.2968	43.2963	0.161622	0.161214	0.161687	0.151957	0.130565	0.0749717	0.042693	99	0	0
setup	0	2019-10-08 23:00:00	0	0	0	3.10247	0	0	0	0.679113	0	0	0	0	0	0	0	0	0	0	1178.06	427.219	0	19.8663	20.0438	20.135	22.1982	23.1429	25.6067	35.874	35.8739	35.8739	35.8735	43.2968	43.2963	0.164416	0.16355	0.16324	0.153144	0.130976	0.0749719	0.0426931	99	0	0
setup	0	2019-10-09 23:00:00	0	0	0	3.26843	0	0	0	0.704934	0	0	0	0	0	0	0	0	0	0	1177.35	426.514	0	19.4651	19.7363	19.8752	22.0532	23.0196	25.5525	35.8739	35.8739	35.8738	35.8735	43.2968	43.2963	0.167398	0.16604	0.164888	0.154403	0.131412	0.0749721	0.0426933	99	0	0
setup	0	2019-10-10 23:00:00	0	3.8	3.79134	3.25487	0	0	0.0086552	0.73272	0.126964	0	0	3.66438	0	0	0	0	0	0	1180.28	429.441	0	27.3492	19.9055	19.8096	21.9373	22.9212	25.512	35.8742	35.8741	35.8741	35.8737	43.2971	43.2966	0.165746	0.166679	0.166226	0.155419	0.131738	0.0749711	0.0426917	99	0	0
setup	0	2019-10-11 23:00:00	0	0.3	0.291345	2.9957	0	0	0.0086552	0.669048	0.116166	0	0	0.175179	0	0	0	0	0	0	1179.79	428.946	0	26.7129	19.844	19.7885	21.8164	22.8179	25.4663	35.8741	35.8741	35.874	35.8737	43.2971	43.2966	0.166343	0.166885	0.16764	0.156498	0.132109	0.0749713	0.0426918	99	0	0
setup	0	2019-10-12 23:00:00	0	0	0	2.99084	0	0	0	0.686698	0	0	0	0	0	0	0	0	0	0	1179.1	428.259	0	26.0292	19.6297	19.6263	21.6905	22.71	25.418	35.8741	35.874	35.874	35.8736	43.297	43.2966	0.168452	0.168487	0.169136	0.157639	0.132501	0.0749715	0.0426919	99	0	0
setup	0	2019-10-13 23:00:00	0	0	0	2.93208	0	0	0	0.663618	0	0	0	0	0	0	0	0	0	0	1178.44	427.595	0	25.5124	19.3709	19.4053	21.5679	22.6047	25.3706	35.874	35.874	35.8739	35.8736	43.297	43.2966	0.171063	0.170711	0.170614	0.158765	0.132888	0.0749717	0.0426921	99	0	0
setup	0	2019-10-14 23:00:00	0	0	0	2.93591	0	0	0	0.651467	0	0	0	0	0	0	0	0	0	0	1177.79	426.944	0	21.2158	20.4049	19.9942	21.446	22.4996	25.3231	35.874	35.8739	35.8739	35.8736	43.297	43.2966	0.161029	0.164891	0.172108	0.159902	0.133277	0.0749719	0.0426922	99	0	0
setup	0	2019-10-15 23:00:00	0	0	0	2.98323	0	0	0	0.649137	0	0	0	0	0	0	0	0	0	0	1177.14	426.294	0	20.3425	20.1736	20.0762	21.3228	22.3933	25.2746	35.8739	35.8739	35.8739	35.8735	43.297	43.2966	0.163184	0.164108	0.17364	0.161067	0.133676	0.0749721	0.0426923	99	0	0
setup	0	2019-10-16 23:00:00	0	0	0	3.19442	0	0	0	0.684349	0	0	0	0	0	0	0	0	0	0	1176.45	425.61	0	19.8698	19.8765	19.8798	21.1919	22.28	25.2227	35.8739	35.8739	35.8738	35.8735	43.2969	43.2966	0.166027	0.165995	0.175293	0.162323	0.134105	0.0749723	0.0426925	99	0	0
setup	0	2019-10-17 23:00:00	0	0	0	3.23319	0	0	0	0.682205	0	0	0	0	0	0	0	0	0	0	1175.77	424.927	0	19.4729	19.5753	19.6268	21.0607	22.166	25.1702	35.8739	35.8738	35.8738	35.8735	43.2969	43.2966	0.168995	0.168482	0.176979	0.163604	0.134542	0.0749725	0.0426926	99	0	0
setup	0	2019-10-18 23:00:00	0	55.1	54.9961	2.95819	0	0	0.103862	0.495938	1.35198	0	6.85233	53.6442	0	0	0	0	0	0	1222.07	470.89	0	30.3954	31.1681	31.1419	29.5936	29.9214	29.9723	36.8951	37.6593	36.481	36.0004	45.4544	43.357	0.0929814	0.0931018	0.103407	0.101448	0.101146	0.0669848	0.0304126	99	0	0
setup	0	2019-10-19 23:00:00	0	7.9	7.88269	2.90983	0	0	0.0173104	0.897325	0.225175	0	9.67536	7.65751	0	0	0	0	0	0	1219.15	467.814	0	36.3956	30.0145	29.9475	28.6487	28.7373	29.8855	35.6201	35.4665	36.4865	36.0486	48.0937	43.7626	0.0984099	0.0987335	0.109274	0.10871	0.10166	0.0768315	0.0138681	99	0	0
setup	0	2019-10-20 23:00:00	0	11.3	11.274	3.02331	0	0	0.0259656	0.887167	0.351948	0	9.67644	10.9221	0	0	0	0	0	0	1219.51	467.673	0	33.8733	30.9872	31.0065	29.5222	29.8643	29.8997	35.6604	35.8204	35.7054	35.4455	48.4503	44.595	0.0938161	0.0937265	0.103839	0.101786	0.101576	0.0752152	0.0138681	99	0	0
setup	0	2019-10-21 23:00:00	0	0.41	0.401345	3.19106	0	0	0.0086552	1.01874	0.124306	0	9.67633	0.277039	0	0	0	0	0	0	1209.09	456.44	0	33.5248	30.536	30.6374	29.3279	29.7105	29.7811	35.7233	35.7294	35.7131	35.607	43.1012	44.644	0.0959236	0.0954464	0.105024	0.102704	0.102282	0.0756297	0.0436805	99	0	0
setup	0	2019-10-22 23:00:00	0	0	0	3.23334	0	0	0	1.06266	0	0	3.62866	0	0	0	0	0	0	0	1204.4	454.101	0	32.5849	30.0647	30.2501	29.1228	29.548	29.7216	35.718	35.7047	35.6921	35.6423	43.122	43.4066	0.098168	0.0972797	0.106289	0.103683	0.102638	0.0757422	0.0435762	99	0	0
setup	0	2019-10-23 23:00:00	0	0.9	0.891345	3.28787	0	0	0.0086552	1.03463	0.128339	0	0.000181898	0.763005	0	0	0	0	0	0	1204.13	453.777	0	33.5804	29.6176	29.8813	28.9269	29.3919	29.6649	35.7081	35.6967	35.6877	35.6591	43.1253	43.3607	0.10034	0.0990543	0.107512	0.104632	0.102978	0.0757789	0.0435599	99	0	0
setup	0	2019-10-24 23:00:00	0	2.3	2.29134	3.25504	0	0	0.0086552	1.03218	0.126971	0	0.000152636	2.16437	0	0	0	0	0	0	1205.26	454.867	0	36.2132	29.8886	29.778	28.7398	29.2416	29.6104	35.7015	35.6936	35.6877	35.67	43.1273	43.3413	0.0990186	0.099556	0.108694	0.105554	0.103306	0.0757927	0.0435495	99	0	0
setup	0	2019-10-25 23:00:00	0	24.9	24.8567	3.05293	0	0	0.043276	0.796417	0.592751	0	9.68019	24.264	0	0	0	0	0	0	1219.05	468.232	0	30.2089	31.0232	31.0329	29.5292	29.8746	29.9537	35.4734	37.6309	36.8015	36.0025	49.7557	44.0259	0.0936496	0.0936046	0.103797	0.101725	0.101256	0.0671104	0.0138681	99	0	0
setup	0	2019-10-26 23:00:00	0	12.5	12.474	3.07245	0	0	0.0259656	0.910592	0.358091	0	9.68157	12.1159	0	0	0	0	0	0	1220.57	468.959	0	35.9527	30.9834	31.0031	29.5197	29.8628	29.891	35.616	35.4333	35.5878	36.0802	47.9007	45.1619	0.0938336	0.0937423	0.103854	0.101795	0.101628	0.0769835	0.0138681	99	0	0
setup	0	2019-10-27 23:00:00	0	4.2	4.19134	3.11292	0	0	0.0086552	0.981759	0.12105	0	9.68134	4.0703	0	0	0	0	0	0	1213.98	461.165	0	30.0935	30.9389	30.9634	29.4915	29.8457	29.8601	35.6173	35.7982	35.7463	35.4037	43.6886	45.9751	0.0940395	0.0939261	0.104025	0.101897	0.101811	0.0753163	0.0406716	99	0	0
setup	0	2019-10-28 23:00:00	0	0.1	0.0913448	3.26698	0	0	0.0086552	1.02832	0.0913448	0	9.27634	0	0	0	0	0	0	0	1203.68	453.001	0	29.4579	30.4663	30.5765	29.2875	29.6844	29.7373	35.6517	35.6946	35.6677	35.4789	43.2616	43.2841	0.0962527	0.095733	0.105271	0.102861	0.102544	0.0757881	0.0428718	99	0	0
setup	0	2019-10-29 23:00:00	0	0	0	3.24111	0	0	0	1.03824	0	0	0	0	0	0	0	0	0	0	1202.64	451.934	0	28.8231	29.9896	30.1845	29.0799	29.5198	29.6738	35.6515	35.6419	35.6254	35.5215	43.2406	43.2555	0.09853	0.0975933	0.106555	0.103854	0.102925	0.076029	0.0429784	99	0	0
setup	0	2019-10-30 23:00:00	0	0	0	3.2502	0	0	0	1.027	0	0	0	0	0	0	0	0	0	0	1201.61	450.904	0	28.2022	29.5186	29.7955	28.8728	29.3551	29.6138	35.6407	35.6242	35.6097	35.5452	43.2374	43.2531	0.100827	0.099471	0.107852	0.104857	0.103285	0.0761098	0.0429944	99	0	0
setup	0	2019-10-31 23:00:00	0	2.86	2.85134	3.11776	0	0	0.0086552	0.969862	0.121251	0	0	2.73009	0	0	0	0	0	0	1203.37	452.652	0	32.597	29.6987	29.6484	28.6932	29.2105	29.5617	35.6302	35.6164	35.6054	35.5623	43.2381	43.254	0.0999431	0.10019	0.10899	0.105745	0.1036	0.0761453	0.0429911	99	0	0
setup	0	2019-11-01 23:00:00	0	1.3	1.29134	3.1111	0	0	0.0086552	0.973204	0.120974	0	0	1.17037	0	0	0	0	0	0	1203.57	452.843	0	32.6802	30.0021	29.8946	28.5137	29.0664	29.509	35.6212	35.6109	35.6029	35.5731	43.2386	43.2545	0.0984696	0.0989897	0.110141	0.106639	0.103919	0.0761703	0.0429886	99	0	0
setup	0	2019-11-02 23:00:00	0	0	0	3.09571	0	0	0	1.00102	0	0	0	0	0	0	0	0	0	0	1202.57	451.842	0	31.4995	29.7068	29.7027	28.3249	28.9151	29.453	35.6138	35.6064	35.6007	35.5797	43.2385	43.2545	0.0999039	0.0999239	0.111366	0.107586	0.10426	0.0761909	0.0429887	99	0	0
setup	0	2019-11-03 23:00:00	0	0	0	3.0681	0	0	0	0.978771	0	0	0	0	0	0	0	0	0	0	1201.59	450.864	0	30.7761	29.2916	29.3495	28.1387	28.7655	29.3972	35.6085	35.6032	35.5992	35.5844	43.2385	43.2545	0.101952	0.101664	0.112589	0.10853	0.104599	0.0762054	0.0429887	99	0	0
setup	0	2019-11-04 23:00:00	0	0	0	3.05445	0	0	0	0.961729	0	0	0	0	0	0	0	0	0	0	1200.63	449.902	0	30.1446	28.8633	28.997	27.9544	28.6169	29.3416	35.6047	35.601	35.5982	35.5877	43.2385	43.2545	0.104109	0.103431	0.113815	0.109478	0.10494	0.0762156	0.0429887	99	0	0
setup	0	2019-11-05 23:00:00	0	0	0	3.08618	0	0	0	0.958115	0	0	0	0	0	0	0	0	0	0	1199.67	448.944	0	28.7196	28.7491	28.7659	27.769	28.4672	29.2852	35.602	35.5994	35.5974	35.59	43.2385	43.2545	0.104691	0.104605	0.115064	0.110441	0.105286	0.0762229	0.0429887	99	0	0
setup	0	2019-11-06 23:00:00	0	0	0	3.14238	0	0	0	0.962451	0	0	0	0	0	0	0	0	0	0	1198.71	447.981	0	28.1215	28.3147	28.4085	27.5813	28.3151	29.2276	35.6001	35.5983	35.5969	35.5917	43.2385	43.2545	0.106938	0.106449	0.116345	0.11143	0.10564	0.0762281	0.0429887	99	0	0
setup	0	2019-11-07 23:00:00	0	0	0	3.31061	0	0	0	1.00003	0	0	0	0	0	0	0	0	0	0	1197.71	446.981	0	27.5068	27.8638	28.0358	27.3847	28.1554	29.1667	35.5987	35.5975	35.5965	35.5928	43.2385	43.2545	0.109323	0.108406	0.117705	0.112479	0.106016	0.0762318	0.0429887	99	0	0
setup	0	2019-11-08 23:00:00	0	0	0	3.27941	0	0	0	0.976644	0	0	0	0	0	0	0	0	0	0	1196.73	446.005	0	26.9131	27.4239	27.6708	27.1912	27.9978	29.1063	35.5977	35.5969	35.5962	35.5936	43.2385	43.2545	0.111707	0.110362	0.119063	0.113525	0.106391	0.0762345	0.0429887	99	0	0
setup	0	2019-11-09 23:00:00	0	0	0	3.21323	0	0	0	0.943601	0	0	0	0	0	0	0	0	0	0	1195.79	445.061	0	26.3458	26.9996	27.317	27.0028	27.8438	29.0469	35.597	35.5964	35.596	35.5942	43.2385	43.2545	0.114062	0.112295	0.120403	0.114558	0.106761	0.0762364	0.0429887	99	0	0
setup	0	2019-11-10 23:00:00	0	0	0	3.18904	0	0	0	0.923602	0	0	0	0	0	0	0	0	0	0	1194.86	444.137	0	25.7965	26.5848	26.9698	26.817	27.6916	28.9878	35.5965	35.5962	35.5958	35.5946	43.2385	43.2545	0.11642	0.114229	0.121744	0.11559	0.10713	0.0762377	0.0429887	99	0	0
setup	0	2019-11-11 23:00:00	0	0	0	3.20507	0	0	0	0.915452	0	0	0	0	0	0	0	0	0	0	1193.95	443.222	0	25.2579	26.1742	26.6247	26.6315	27.5392	28.9283	35.5962	35.596	35.5957	35.5949	43.2385	43.2545	0.118813	0.116191	0.123102	0.116635	0.107503	0.0762387	0.0429887	99	0	0
setup	0	2019-11-12 23:00:00	0	0	0	3.22811	0	0	0	0.909217	0	0	0	0	0	0	0	0	0	0	1193.04	442.313	0	24.7287	25.7671	26.281	26.446	27.3862	28.8682	35.596	35.5958	35.5957	35.5951	43.2385	43.2545	0.121245	0.118185	0.12448	0.117694	0.107881	0.0762393	0.0429887	99	0	0
setup	0	2019-11-13 23:00:00	0	0	0	3.16366	0	0	0	0.878725	0	0	0	0	0	0	0	0	0	0	1192.16	441.434	0	24.2227	25.3743	25.9481	26.2654	27.2369	28.8092	35.5958	35.5957	35.5956	35.5952	43.2385	43.2545	0.123653	0.120157	0.12584	0.11874	0.108254	0.0762398	0.0429887	99	0	0
setup	0	2019-11-14 23:00:00	0	0	0	3.04683	0	0	0	0.834855	0	0	0	0	0	0	0	0	0	0	1191.32	440.599	0	23.7469	25.0018	25.631	26.0926	27.0937	28.7522	35.5957	35.5956	35.5956	35.5953	43.2385	43.2545	0.125995	0.122073	0.127161	0.119754	0.108615	0.0762401	0.0429887	99	0	0
setup	0	2019-11-15 23:00:00	0	0	0	3.02263	0	0	0	0.817288	0	0	0	0	0	0	0	0	0	0	1190.51	439.782	0	23.2859	24.6377	25.3199	25.9224	26.9523	28.6956	35.5957	35.5956	35.5955	35.5954	43.2385	43.2545	0.12834	0.123992	0.12848	0.120766	0.108975	0.0762403	0.0429887	99	0	0
setup	0	2019-11-16 23:00:00	0	0	0	2.77353	0	0	0	0.740438	0	0	0	0	0	0	0	0	0	0	1189.77	439.041	0	22.8723	24.3084	25.0375	25.7672	26.8229	28.6436	35.5956	35.5956	35.5955	35.5954	43.2385	43.2545	0.130513	0.125767	0.129699	0.121701	0.109307	0.0762404	0.0429887	99	0	0
setup	0	2019-11-17 23:00:00	0	0	0	3.34686	0	0	0	0.881606	0	0	0	0	0	0	0	0	0	0	1188.88	438.16	0	22.3848	23.9171	24.7006	25.5813	26.6676	28.5807	35.5956	35.5955	35.5955	35.5954	43.2385	43.2545	0.133163	0.127931	0.13118	0.122836	0.10971	0.0762405	0.0429887	99	0	0
setup	0	2019-11-18 23:00:00	0	0	0	3.20698	0	0	0	0.832643	0	0	0	0	0	0	0	0	0	0	1188.05	437.327	0	21.9293	23.5482	24.3818	25.4045	26.5194	28.5204	35.5955	35.5955	35.5955	35.5954	43.2385	43.2545	0.135731	0.130025	0.132611	0.123932	0.110098	0.0762406	0.0429887	99	0	0
setup	0	2019-11-19 23:00:00	0	0	0	3.251	0	0	0	0.832135	0	0	0	0	0	0	0	0	0	0	1187.22	436.495	0	21.4791	23.1804	24.0625	25.2267	26.3699	28.4591	35.5955	35.5955	35.5955	35.5955	43.2385	43.2545	0.138363	0.13217	0.134072	0.12505	0.110494	0.0762407	0.0429887	99	0	0
setup	0	2019-11-20 23:00:00	0	0	0	3.24599	0	0	0	0.819007	0	0	0	0	0	0	0	0	0	0	1186.4	435.676	0	21.0407	22.8192	23.7477	25.0505	26.2214	28.3979	35.5955	35.5955	35.5955	35.5955	43.2385	43.2545	0.141023	0.134333	0.135543	0.126175	0.110891	0.0762407	0.0429887	99	0	0
setup	0	2019-11-21 23:00:00	0	0	0	3.1832	0	0	0	0.791806	0	0	0	0	0	0	0	0	0	0	1185.61	434.884	0	20.6213	22.4708	23.4428	24.8792	26.0765	28.3377	35.5955	35.5955	35.5955	35.5955	43.2385	43.2545	0.143661	0.136478	0.136996	0.127285	0.111282	0.0762407	0.0429887	99	0	0
setup	0	2019-11-22 23:00:00	0	0	0	3.35865	0	0	0	0.82343	0	0	0	0	0	0	0	0	0	0	1184.78	434.061	0	20.19	22.1094	23.1253	24.6998	25.9244	28.2742	35.5955	35.5955	35.5955	35.5955	43.2385	43.2545	0.146479	0.138765	0.138541	0.128464	0.111698	0.0762407	0.0429887	99	0	0
setup	0	2019-11-23 23:00:00	0	0	0	3.32732	0	0	0	0.803722	0	0	0	0	0	0	0	0	0	0	1183.98	433.257	0	19.7735	21.7575	22.8148	24.5237	25.7745	28.2111	35.5955	35.5955	35.5955	35.5955	43.2385	43.2545	0.149306	0.141056	0.140084	0.129641	0.112111	0.0762408	0.0429887	99	0	0
setup	0	2019-11-24 23:00:00	0	0	0	2.98277	0	0	0	0.710429	0	0	0	0	0	0	0	0	0	0	1183.27	432.547	0	19.4093	21.4472	22.54	24.3671	25.6409	28.1546	35.5955	35.5955	35.5955	35.5955	43.2385	43.2545	0.15187	0.143132	0.141477	0.130703	0.112484	0.0762408	0.0429887	99	0	0
setup	0	2019-11-25 23:00:00	0	0	0	3.07559	0	0	0	0.722726	0	0	0	0	0	0	0	0	0	0	1182.55	431.824	0	19.0425	21.1323	22.2601	24.2069	25.5039	28.0962	35.5955	35.5955	35.5955	35.5955	43.2385	43.2545	0.154546	0.145294	0.142924	0.131804	0.11287	0.0762408	0.0429887	99	0	0
setup	0	2019-11-26 23:00:00	0	0	0	2.93949	0	0	0	0.681533	0	0	0	0	0	0	0	0	0	0	1181.87	431.142	0	18.7	20.8361	21.9958	24.055	25.3735	28.0404	35.5955	35.5955	35.5955	35.5955	43.2385	43.2545	0.157133	0.147382	0.144317	0.132864	0.113241	0.0762408	0.0429887	99	0	0
setup	0	2019-11-27 23:00:00	0	0	0	2.98508	0	0	0	0.683012	0	0	0	0	0	0	0	0	0	0	1181.18	430.459	0	18.3601	20.54	21.7306	23.902	25.2419	27.9837	35.5955	35.5955	35.5955	35.5955	43.2385	43.2545	0.159791	0.149525	0.145742	0.133947	0.113619	0.0762408	0.0429887	99	0	0
setup	0	2019-11-28 23:00:00	0	0	0	3.19868	0	0	0	0.721853	0	0	0	0	0	0	0	0	0	0	1180.46	429.738	0	18.0045	20.2279	21.4501	23.7394	25.1016	27.9228	35.5955	35.5955	35.5955	35.5955	43.2385	43.2545	0.162675	0.151846	0.147279	0.135114	0.114026	0.0762408	0.0429887	99	0	0
setup	0	2019-11-29 23:00:00	0	0	0	3.09558	0	0	0	0.688811	0	0	0	0	0	0	0	0	0	0	1179.77	429.049	0	17.6687	19.9308	21.1821	23.5834	24.9667	27.8639	35.5955	35.5955	35.5955	35.5955	43.2385	43.2545	0.165501	0.154117	0.148778	0.136251	0.114422	0.0762408	0.0429887	99	0	0
setup	0	2019-11-30 23:00:00	0	0	0	3.14125	0	0	0	0.689281	0	0	0	0	0	0	0	0	0	0	1179.08	428.359	0	17.3361	19.6345	20.9138	23.4266	24.8305	27.8041	35.5955	35.5955	35.5955	35.5955	43.2385	43.2545	0.168405	0.156448	0.15031	0.137413	0.114826	0.0762408	0.0429887	99	0	0
setup	0	2019-12-01 23:00:00	0	0	0	3.04869	0	0	0	0.659744	0	0	0	0	0	0	0	0	0	0	1178.42	427.7	0	17.021	19.3516	20.6567	23.2756	24.6991	27.7461	35.5955	35.5955	35.5955	35.5955	43.2385	43.2545	0.17126	0.158734	0.151807	0.138547	0.115219	0.0762408	0.0429887	99	0	0
setup	0	2019-12-02 23:00:00	0	0	0	3.03835	0	0	0	0.648587	0	0	0	0	0	0	0	0	0	0	1177.78	427.051	0	16.7143	19.0744	20.4038	23.1265	24.569	27.6882	35.5955	35.5955	35.5955	35.5955	43.2385	43.2545	0.174141	0.161039	0.15331	0.139685	0.115613	0.0762408	0.0429887	99	0	0
setup	0	2019-12-03 23:00:00	0	0	0	3.06473	0	0	0	0.645315	0	0	0	0	0	0	0	0	0	0	1177.13	426.406	0	16.4123	18.7993	20.1519	22.9774	24.4385	27.6298	35.5955	35.5955	35.5955	35.5955	43.2385	43.2545	0.177084	0.163389	0.154837	0.14084	0.116012	0.0762408	0.0429887	99	0	0
setup	0	2019-12-04 23:00:00	0	0.7	0.691345	3.12086	0	0	0.0086552	0.631946	0.121381	0	0	0.569964	0	0	0	0	0	0	1177.07	426.343	0	17.4414	18.5407	19.9143	22.8362	24.3144	27.5739	35.5956	35.5956	35.5956	35.5956	43.2386	43.2545	0.179932	0.165661	0.156306	0.141951	0.116396	0.0762401	0.0429884	99	0	0
setup	0	2019-12-05 23:00:00	0	1.9	1.89134	3.26466	0	0	0.0086552	0.684834	0.127372	0	0	1.76397	0	0	0	0	0	0	1178.15	427.42	0	19.2794	19.1579	19.6803	22.6968	24.191	27.5178	35.5961	35.5961	35.5961	35.5961	43.2388	43.2548	0.173264	0.16795	0.157779	0.143069	0.116782	0.0762382	0.0429872	99	0	0
setup	0	2019-12-06 23:00:00	0	0	0	3.05638	0	0	0	0.659126	0	0	0	0	0	0	0	0	0	0	1177.49	426.761	0	18.8798	18.9173	19.4427	22.5544	24.0653	27.4605	35.5961	35.5961	35.5961	35.5961	43.2388	43.2548	0.175811	0.170332	0.159308	0.144222	0.117178	0.0762382	0.0429872	99	0	0
setup	0	2019-12-07 23:00:00	0	0	0	3.20357	0	0	0	0.68106	0	0	0	0	0	0	0	0	0	0	1176.81	426.08	0	18.5107	18.6354	19.1969	22.4064	23.9344	27.4005	35.5961	35.5961	35.5961	35.5961	43.2388	43.2548	0.178881	0.172857	0.160922	0.145438	0.117595	0.0762382	0.0429872	99	0	0
setup	0	2019-12-08 23:00:00	0	0	0	3.13012	0	0	0	0.655874	0	0	0	0	0	0	0	0	0	0	1176.15	425.424	0	18.1588	18.3645	18.9599	22.2632	23.8073	27.3418	35.5961	35.5961	35.5961	35.5961	43.2388	43.2548	0.181921	0.175355	0.16251	0.146634	0.118004	0.0762382	0.0429872	99	0	0
setup	0	2019-12-09 23:00:00	0	0	0	3.11272	0	0	0	0.642978	0	0	0	0	0	0	0	0	0	0	1175.51	424.781	0	17.8173	18.0996	18.7273	22.122	23.6816	27.2834	35.5961	35.5961	35.5961	35.5961	43.2388	43.2548	0.184984	0.177869	0.164102	0.147832	0.118413	0.0762382	0.0429872	99	0	0
setup	0	2019-12-10 23:00:00	0	0	0	3.14258	0	0	0	0.639918	0	0	0	0	0	0	0	0	0	0	1174.87	424.141	0	17.4809	17.8367	18.4956	21.9808	23.5555	27.2244	35.5961	35.5961	35.5961	35.5961	43.2388	43.2548	0.18812	0.180438	0.165721	0.149049	0.118828	0.0762382	0.0429872	99	0	0
setup	0	2019-12-11 23:00:00	0	0	0	2.97297	0	0	0	0.596948	0	0	0	0	0	0	0	0	0	0	1174.27	423.544	0	17.17	17.5921	18.2792	21.8484	23.437	27.1686	35.5961	35.5961	35.5961	35.5961	43.2388	43.2548	0.191125	0.182897	0.167264	0.150207	0.119222	0.0762382	0.0429872	99	0	0
setup	0	2019-12-12 23:00:00	0	0	0	3.05349	0	0	0	0.60471	0	0	0	0	0	0	0	0	0	0	1173.67	422.939	0	16.8582	17.3449	18.0599	21.7137	23.316	27.1114	35.5961	35.5961	35.5961	35.5961	43.2388	43.2548	0.194253	0.185452	0.168859	0.151404	0.119629	0.0762382	0.0429872	99	0	0
setup	0	2019-12-13 23:00:00	0	0	0	3.07106	0	0	0	0.599708	0	0	0	0	0	0	0	0	0	0	1173.07	422.34	0	16.5519	17.1005	17.8422	21.5794	23.1951	27.0537	35.5961	35.5961	35.5961	35.5961	43.2388	43.2548	0.197441	0.188053	0.170475	0.152616	0.120039	0.0762382	0.0429872	99	0	0
setup	0	2019-12-14 23:00:00	0	0	0	3.18319	0	0	0	0.612758	0	0	0	0	0	0	0	0	0	0	1172.45	421.727	0	16.2421	16.8514	17.6197	21.4415	23.0707	26.994	35.5961	35.5961	35.5961	35.5961	43.2388	43.2548	0.200792	0.190782	0.172163	0.153879	0.120466	0.0762382	0.0429872	99	0	0
setup	0	2019-12-15 23:00:00	0	3.7	3.69134	3.06068	0	0	0.0086552	0.62575	0.118873	0	0	3.57247	0	0	0	0	0	0	1175.4	424.669	0	24.947	16.6596	17.4491	21.3353	22.973	26.9463	35.5968	35.5968	35.5968	35.5968	43.2392	43.2551	0.203447	0.192923	0.173482	0.154883	0.120809	0.0762347	0.0429852	99	0	0
setup	0	2019-12-16 23:00:00	0	5.1	5.08269	3.07298	0	0	0.0173104	0.672165	0.21073	0	0	4.87196	0	0	0	0	0	0	1179.6	428.863	0	33.2501	18.0979	17.8619	21.2451	22.8889	26.9045	35.5979	35.5979	35.5979	35.5979	43.2398	43.2557	0.185005	0.187815	0.174618	0.155756	0.12111	0.0762296	0.0429823	99	0	0
setup	0	2019-12-17 23:00:00	0	0.6	0.591345	3.16408	0	0	0.0086552	0.721825	0.123181	0	0	0.468164	0	0	0	0	0	0	1179.35	428.609	0	33.0358	18.1753	18.0774	21.1276	22.7818	26.8523	35.5981	35.5981	35.5981	35.5981	43.2399	43.2557	0.1841	0.185246	0.176116	0.156878	0.121488	0.0762291	0.0429819	99	0	0
setup	0	2019-12-18 23:00:00	0	0	0	3.13608	0	0	0	0.734732	0	0	0	0	0	0	0	0	0	0	1178.61	427.874	0	32.1236	17.9971	17.9759	21.0043	22.6695	26.7972	35.5981	35.5981	35.5981	35.5981	43.2399	43.2557	0.186196	0.186448	0.177712	0.158071	0.121888	0.0762291	0.0429819	99	0	0
setup	0	2019-12-19 23:00:00	0	0	0	3.21671	0	0	0	0.741934	0	0	0	0	0	0	0	0	0	0	1177.87	427.132	0	31.3855	17.758	17.7734	20.8788	22.5548	26.7406	35.5981	35.5981	35.5981	35.5981	43.2399	43.2557	0.189078	0.188889	0.179364	0.159304	0.122301	0.0762291	0.0429819	99	0	0
setup	0	2019-12-20 23:00:00	0	0	0	3.0591	0	0	0	0.691355	0	0	0	0	0	0	0	0	0	0	1177.18	426.441	0	22.9083	20.2416	18.9376	20.7603	22.4461	26.6866	35.5981	35.5981	35.5981	35.5981	43.2399	43.2557	0.162545	0.175593	0.18095	0.160486	0.122696	0.0762291	0.0429819	99	0	0
setup	0	2019-12-21 23:00:00	0	0	0	3.12563	0	0	0	0.685809	0	0	0	0	0	0	0	0	0	0	1176.49	425.755	0	20.7927	20.1614	19.7795	20.6396	22.3352	26.6312	35.5981	35.5981	35.5981	35.5981	43.2399	43.2557	0.1633	0.166973	0.18259	0.161709	0.123104	0.0762291	0.0429819	99	0	0
setup	0	2019-12-22 23:00:00	0	3.1	3.09134	3.10112	0	0	0.0086552	0.696161	0.120558	0	0	2.97079	0	0	0	0	0	0	1178.77	428.026	0	27.1237	20.1021	19.9415	20.5446	22.246	26.5856	35.5988	35.5988	35.5988	35.5988	43.2402	43.2561	0.163861	0.165398	0.1839	0.162703	0.123441	0.0762258	0.0429801	99	0	0
setup	0	2019-12-23 23:00:00	0	0	0	3.07136	0	0	0	0.708092	0	0	0	0	0	0	0	0	0	0	1178.06	427.318	0	26.2937	19.8781	19.8407	20.4302	22.1405	26.5323	35.5988	35.5988	35.5988	35.5988	43.2402	43.2561	0.166012	0.166375	0.1855	0.163893	0.123836	0.0762258	0.0429801	99	0	0
setup	0	2019-12-24 23:00:00	0	7.2	7.18269	3.18343	0	0	0.0173104	0.754622	0.247975	0	0	6.93471	0	0	0	0	0	0	1184.24	433.489	0	36.6647	21.9217	21.136	20.368	22.0786	26.4987	35.6005	35.6005	35.6005	35.6005	43.2412	43.2569	0.147976	0.154514	0.186382	0.164597	0.124086	0.0762179	0.0429754	99	0	0
setup	0	2019-12-25 23:00:00	0	0.1	0.0913448	3.22021	0	0	0.0086552	0.812278	0.0913448	0	0	0	0	0	0	0	0	0	1183.43	432.676	0	34.142	21.9569	21.6632	20.4294	21.977	26.4469	35.6005	35.6005	35.6005	35.6005	43.2412	43.2569	0.147693	0.150077	0.185511	0.165765	0.124473	0.0762179	0.0429754	99	0	0
setup	0	2019-12-26 23:00:00	0	5.1	5.08269	3.27104	0	0	0.0173104	0.840996	0.218983	0	0	4.86371	0	0	0	0	0	0	1187.45	436.692	0	27.8253	26.4651	25.4257	23.029	22.5991	26.41	35.6019	35.6019	35.6019	35.6019	43.2419	43.2576	0.117112	0.123335	0.154306	0.158825	0.124749	0.0762115	0.0429718	99	0	0
setup	0	2019-12-27 23:00:00	0	14.3	14.274	3.18159	0	0	0.0259656	0.897602	0.371733	0	0	13.9023	0	0	0	0	0	0	1200.45	449.667	0	30.1343	30.9077	30.7399	28.692	27.9649	26.8302	35.6074	35.6074	35.6074	35.6074	43.2447	43.2602	0.0941846	0.0949662	0.108998	0.113744	0.121649	0.0761865	0.0429573	99	0	0
setup	0	2019-12-28 23:00:00	0	36.7	36.6308	3.3903	0	0	0.0692416	0.760733	1.06086	0	9.27702	35.5699	0	0	0	0	0	0	1225.99	472.838	0	34.877	31.0507	31.0545	29.5408	29.8839	29.9588	35.9912	35.9999	36	35.9827	46.9849	48.6029	0.0935223	0.0935046	0.103727	0.10167	0.101226	0.0744002	0.0174365	99	0	0
setup	0	2019-12-29 23:00:00	0	16.4	16.3654	3.2516	0	0	0.0346208	0.90941	0.507313	0	9.68085	15.8581	0	0	0	0	0	0	1231.25	464.413	0	34.0703	30.9812	30.9993	29.5142	29.8611	29.9506	35.9912	35.9997	35.9989	35.9295	43.1818	48.2098	0.0938437	0.0937599	0.103888	0.101806	0.101275	0.0744012	0.0432756	99	0	0
setup	0	2019-12-30 23:00:00	0	0.2	0.191345	3.34628	0	0	0.0086552	1.06567	0.130773	0	9.67909	0.0605717	0	0	0	0	0	0	1220.57	456.52	0	33.1738	30.5072	30.6114	29.3098	29.6995	29.8919	35.9912	35.9933	35.9872	35.9076	43.2389	43.2393	0.0960594	0.0955685	0.105134	0.102771	0.101622	0.0744303	0.042987	99	0	0
setup	0	2019-12-31 23:00:00	0	0	0	3.15507	0	0	0	1.03432	0	0	9.67789	0	0	0	0	0	0	0	1209.86	455.484	0	32.3265	30.0471	30.2333	29.1096	29.5407	29.834	35.9895	35.9823	35.9738	35.904	43.2697	43.2913	0.0982526	0.0973601	0.106371	0.103727	0.101967	0.0744804	0.0428308	99	0	0
setup	0	2020-01-01 23:00:00	0	0	0	3.12547	0	0	0	1.01107	0	0	4.83915	0	0	0	0	0	0	0	1204.01	454.45	0	31.617	29.5977	29.8623	28.9122	29.3839	29.7764	35.9825	35.9727	35.9636	35.9053	43.2899	43.2816	0.100438	0.0991464	0.107604	0.104681	0.10231	0.0745236	0.0427283	99	0	0
setup	0	2020-01-02 23:00:00	0	0	0	3.18499	0	0	0	1.01601	0	0	0.000322007	0	0	0	0	0	0	0	1202.99	453.42	0	29.4496	29.4535	29.4878	28.712	29.2244	29.7176	35.9745	35.9647	35.9562	35.9076	43.2982	43.2783	0.101149	0.10098	0.10887	0.10566	0.102662	0.0745599	0.0426862	99	0	0
setup	0	2020-01-03 23:00:00	0	0	0	3.13756	0	0	0	0.987069	0	0	0.000106504	0	0	0	0	0	0	0	1202	452.417	0	28.835	29.0091	29.1225	28.5159	29.0676	29.6594	35.9668	35.958	35.9505	35.9086	43.3012	43.2771	0.10337	0.102799	0.110127	0.106631	0.103011	0.0745905	0.0426709	99	0	0
setup	0	2020-01-04 23:00:00	0	0.01	0.0013448	3.18479	0	0	0.0086552	0.985474	0.0013448	0	3.31486e-05	0	0	0	0	0	0	0	1201.02	451.415	0	28.2279	28.5659	28.7567	28.3185	28.9095	29.6003	35.9599	35.9522	35.9457	35.9085	43.3025	43.2763	0.105633	0.104653	0.111408	0.107621	0.103367	0.0746166	0.0426639	99	0	0
setup	0	2020-01-05 23:00:00	0	0	0	3.09355	0	0	0	0.947501	0	0	1.02668e-05	0	0	0	0	0	0	0	1200.07	450.451	0	27.6505	28.1403	28.4038	28.1273	28.7558	29.5426	35.9539	35.9471	35.9414	35.9078	43.303	43.2763	0.107854	0.106473	0.112664	0.108592	0.103716	0.0746396	0.0426616	99	0	0
setup	0	2020-01-06 23:00:00	0	0	0	3.21789	0	0	0	0.972388	0	0	3.17855e-06	0	0	0	0	0	0	0	1199.1	449.462	0	27.0643	27.704	28.0407	27.9296	28.5965	29.4824	35.9486	35.9426	35.9374	35.9066	43.3031	43.2767	0.110182	0.108381	0.113981	0.109609	0.104081	0.0746603	0.0426614	99	0	0
setup	0	2020-01-07 23:00:00	0	0.11	0.101345	3.33537	0	0	0.0086552	0.961289	0.101345	0	9.84032e-07	0	0	0	0	0	0	0	1198.14	448.485	0	26.4911	27.2734	27.6806	27.7327	28.4373	29.4219	35.9438	35.9384	35.9337	35.9051	43.3029	43.2775	0.112536	0.110309	0.11531	0.110635	0.104449	0.0746792	0.0426622	99	0	0
setup	0	2020-01-08 23:00:00	0	0.04	0.0313448	3.14574	0	0	0.0086552	0.913112	0.0313448	0	3.04641e-07	0	0	0	0	0	0	0	1197.22	447.558	0	25.9524	26.8649	27.3377	27.5443	28.2846	29.3635	35.9395	35.9346	35.9302	35.9036	43.3027	43.2784	0.114822	0.112181	0.1166	0.111629	0.104805	0.0746967	0.0426634	99	0	0
setup	0	2020-01-09 23:00:00	0	0.12	0.111345	3.00552	0	0	0.0086552	0.837478	0.111345	0	9.43121e-08	0	0	0	0	0	0	0	1196.39	446.706	0	25.4635	26.4907	27.0223	27.3703	28.1432	29.3092	35.9355	35.931	35.927	35.902	43.3024	43.2794	0.116963	0.113934	0.117806	0.11256	0.105138	0.0747129	0.0426646	99	0	0
setup	0	2020-01-10 23:00:00	0	0.03	0.0213448	3.08239	0	0	0.0086552	0.874631	0.0213448	0	2.91975e-08	0	0	0	0	0	0	0	1195.51	445.819	0	24.9579	26.1006	26.6922	27.1873	27.9941	29.2515	35.9319	35.9276	35.9239	35.9005	43.3022	43.2804	0.119248	0.115804	0.11909	0.11355	0.105493	0.0747281	0.0426659	99	0	0
setup	0	2020-01-11 23:00:00	0	0	0	3.26454	0	0	0	0.92274	0	0	9.03916e-09	0	0	0	0	0	0	0	1194.59	444.884	0	24.4303	25.6897	26.3431	26.9929	27.8353	29.1897	35.9284	35.9245	35.921	35.899	43.3019	43.2814	0.121715	0.117821	0.120474	0.114616	0.105874	0.0747424	0.0426671	99	0	0
setup	0	2020-01-12 23:00:00	0	0	0	3.34513	0	0	0	0.932068	0	0	2.79843e-09	0	0	0	0	0	0	0	1193.66	443.94	0	23.9032	25.2754	25.9896	26.7952	27.6732	29.1263	35.9252	35.9215	35.9183	35.8976	43.3017	43.2822	0.124269	0.119908	0.121903	0.115716	0.106267	0.0747558	0.0426683	99	0	0
setup	0	2020-01-13 23:00:00	0	0	0	3.36778	0	0	0	0.92479	0	0	8.66307e-10	0	0	0	0	0	0	0	1192.73	443.004	0	23.3862	24.8652	25.6381	26.5976	27.5107	29.0622	35.9222	35.9187	35.9157	35.8962	43.3014	43.2828	0.126868	0.12203	0.123352	0.116831	0.106665	0.0747685	0.0426697	99	0	0
setup	0	2020-01-14 23:00:00	0	0.17	0.161345	3.05549	0	0	0.0086552	0.793851	0.118657	0	2.68174e-10	0.042688	0	0	0	0	0	0	1191.98	442.241	0	23.0577	24.5145	25.3363	26.4272	27.3702	29.0065	35.9194	35.9161	35.9133	35.8949	43.3011	43.2833	0.129148	0.12389	0.12462	0.117806	0.107013	0.0747803	0.0426713	99	0	0
setup	0	2020-01-15 23:00:00	0	0	0	3.23576	0	0	0	0.86553	0	0	8.30724e-11	0	0	0	0	0	0	0	1191.12	441.365	0	22.5815	24.1325	25.0063	26.2401	27.2155	28.9448	35.9167	35.9137	35.911	35.8937	43.3008	43.2837	0.131695	0.125966	0.126033	0.118891	0.107399	0.0747915	0.0426731	99	0	0
setup	0	2020-01-16 23:00:00	0	0	0	3.32154	0	0	0	0.87583	0	0	2.57017e-11	0	0	0	0	0	0	0	1190.24	440.479	0	22.1049	23.7468	24.6718	26.0494	27.0574	28.8814	35.9142	35.9113	35.9088	35.8925	43.3004	43.284	0.13434	0.128118	0.127493	0.120013	0.107798	0.0748021	0.0426751	99	0	0
setup	0	2020-01-17 23:00:00	0	0	0	3.25115	0	0	0	0.845004	0	0	7.96585e-12	0	0	0	0	0	0	0	1189.4	439.624	0	21.6502	23.3756	24.3484	25.8643	26.9034	28.8191	35.9118	35.9091	35.9067	35.8913	43.2999	43.2841	0.136958	0.130247	0.128934	0.121119	0.108191	0.0748121	0.0426773	99	0	0
setup	0	2020-01-18 23:00:00	0	0	0	3.24568	0	0	0	0.831634	0	0	2.47025e-12	0	0	0	0	0	0	0	1188.56	438.782	0	21.2075	23.011	24.0295	25.6809	26.7504	28.7569	35.9096	35.907	35.9048	35.8902	43.2994	43.2842	0.139602	0.132394	0.130383	0.12223	0.108585	0.0748216	0.0426798	99	0	0
setup	0	2020-01-19 23:00:00	0	0	0	3.32792	0	0	0	0.840474	0	0	6.38378e-13	0	0	0	0	0	0	0	1187.72	437.932	0	20.765	22.6434	23.7067	25.4944	26.5943	28.6931	35.9074	35.9051	35.9029	35.8891	43.2989	43.2842	0.142345	0.134619	0.131881	0.123377	0.108991	0.0748305	0.0426824	99	0	0
setup	0	2020-01-20 23:00:00	0	0	0	3.31365	0	0	0	0.824714	0	0	0	0	0	0	0	0	0	0	1186.9	437.098	0	20.3356	22.2837	23.3894	25.3102	26.4397	28.6294	35.9054	35.9032	35.9012	35.888	43.2984	43.2842	0.14511	0.136859	0.133383	0.124527	0.109398	0.0748391	0.0426851	99	0	0
setup	0	2020-01-21 23:00:00	0	0	0	3.33974	0	0	0	0.819095	0	0	0	0	0	0	0	0	0	0	1186.08	436.27	0	19.9139	21.9273	23.0738	25.1261	26.2847	28.5651	35.9035	35.9014	35.8995	35.8869	43.2978	43.2841	0.147931	0.13914	0.134909	0.125694	0.10981	0.0748472	0.042688	99	0	0
setup	0	2020-01-22 23:00:00	0	0	0	3.37461	0	0	0	0.815459	0	0	0	0	0	0	0	0	0	0	1185.26	435.446	0	19.4987	21.5734	22.7592	24.9418	26.1289	28.5001	35.9017	35.8997	35.8979	35.8859	43.2972	43.2839	0.150818	0.141472	0.136463	0.126881	0.110229	0.0748549	0.042691	99	0	0
setup	0	2020-01-23 23:00:00	0	0	0	3.33223	0	0	0	0.79335	0	0	0	0	0	0	0	0	0	0	1184.47	434.644	0	19.0993	21.2301	22.4527	24.7613	25.976	28.4359	35.9	35.8981	35.8963	35.8849	43.2966	43.2838	0.153706	0.143801	0.138009	0.128062	0.110644	0.0748622	0.042694	99	0	0
setup	0	2020-01-24 23:00:00	0	0	0	3.24429	0	0	0	0.761228	0	0	0	0	0	0	0	0	0	0	1183.71	433.874	0	18.7202	20.9017	22.1582	24.5871	25.828	28.3732	35.8983	35.8965	35.8949	35.884	43.296	43.2836	0.156554	0.146093	0.139526	0.129219	0.111051	0.0748693	0.0426971	99	0	0
setup	0	2020-01-25 23:00:00	0	0	0	3.19146	0	0	0	0.738211	0	0	0	0	0	0	0	0	0	0	1182.97	433.127	0	18.3565	20.584	21.8723	24.4172	25.6832	28.3116	35.8968	35.8951	35.8935	35.883	43.2954	43.2833	0.159391	0.148374	0.141029	0.130365	0.111453	0.074876	0.0427002	99	0	0
setup	0	2020-01-26 23:00:00	0	0	0	3.18946	0	0	0	0.727361	0	0	0	0	0	0	0	0	0	0	1182.24	432.392	0	18.002	20.2719	21.5904	24.2489	25.5393	28.25	35.8953	35.8936	35.8921	35.8821	43.2948	43.2831	0.162262	0.150678	0.142543	0.131518	0.111857	0.0748825	0.0427034	99	0	0
setup	0	2020-01-27 23:00:00	0	0.17	0.161345	3.06669	0	0	0.0086552	0.661926	0.119123	0	0	0.0422214	0	0	0	0	0	0	1181.62	431.764	0	17.7921	19.9894	21.3342	24.0954	25.4077	28.1932	35.8939	35.8923	35.8908	35.8812	43.2942	43.2828	0.164937	0.152822	0.143945	0.132585	0.11223	0.0748886	0.0427065	99	0	0
setup	0	2020-01-28 23:00:00	0	0.03	0.0213448	3.04895	0	0	0.0086552	0.670987	0.0213448	0	0	0	0	0	0	0	0	0	1180.95	431.086	0	17.4693	19.7035	21.0741	23.9388	25.2731	28.1348	35.8925	35.891	35.8896	35.8803	43.2936	43.2825	0.167721	0.155049	0.145397	0.133689	0.112615	0.0748946	0.0427096	99	0	0
setup	0	2020-01-29 23:00:00	0	0.18	0.171345	2.93863	0	0	0.0086552	0.618859	0.113788	0	0	0.0575573	0	0	0	0	0	0	1180.39	430.517	0	17.3238	19.4416	20.8348	23.7942	25.1484	28.0804	35.8912	35.8897	35.8884	35.8795	43.293	43.2823	0.170343	0.157144	0.146758	0.134723	0.112975	0.0749003	0.0427127	99	0	0
setup	0	2020-01-30 23:00:00	0	0	0	3.19714	0	0	0	0.693222	0	0	0	0	0	0	0	0	0	0	1179.7	429.817	0	16.9936	19.1485	20.5662	23.6312	25.0075	28.0185	35.8899	35.8885	35.8872	35.8787	43.2923	43.282	0.173362	0.159552	0.148316	0.135906	0.113387	0.0749058	0.0427158	99	0	0
setup	0	2020-01-31 23:00:00	0	0	0	3.22487	0	0	0	0.689275	0	0	0	0	0	0	0	0	0	0	1179.01	429.12	0	16.6688	18.858	20.299	23.4683	24.8663	27.9561	35.8886	35.8873	35.8861	35.8778	43.2917	43.2817	0.176449	0.16201	0.149899	0.137106	0.113804	0.0749111	0.0427189	99	0	0
setup	0	2020-02-01 23:00:00	0	0	0	3.30168	0	0	0	0.69547	0	0	0	0	0	0	0	0	0	0	1178.31	428.418	0	16.3446	18.5658	20.0292	23.3032	24.7226	27.8922	35.8875	35.8862	35.885	35.8771	43.2911	43.2813	0.179652	0.164556	0.151532	0.138344	0.114233	0.0749162	0.0427219	99	0	0
setup	0	2020-02-02 23:00:00	0	93.1	92.9356	3.12102	0	0	0.164449	0.220229	2.30636	0	7.2638	90.6292	0	0	0	0	0	0	1261.46	481.968	0	38.9921	31.3675	31.3009	29.5567	29.9653	29.9882	35.9908	35.9999	36	36	49.4098	48.7821	0.0920682	0.0923727	0.103631	0.101188	0.101053	0.0744002	0.0138681	99	0	0
setup	0	2020-02-03 23:00:00	0	0	0	3.13123	0	0	0	1.06121	0	0	9.68549	0	0	0	0	0	0	0	1250.71	468.386	0	35.7466	30.8861	30.7489	29.1242	29.76	29.9253	35.9803	35.9997	35.9994	35.8927	43.4029	48.6732	0.0942849	0.0949244	0.10628	0.102408	0.101424	0.0744011	0.042152	99	0	0
setup	0	2020-02-04 23:00:00	0	0	0	3.19742	0	0	0	1.07047	0	0	9.68105	0	0	0	0	0	0	0	1239.96	456.792	0	33.823	30.5343	30.4941	28.9826	29.6003	29.8671	35.9804	35.9912	35.9828	35.8804	43.3337	43.2148	0.0959316	0.0961215	0.107162	0.103367	0.10177	0.07444	0.0425055	99	0	0
setup	0	2020-02-05 23:00:00	0	0	0	3.20061	0	0	0	1.05677	0	0	9.6753	0	0	0	0	0	0	0	1229.23	455.7	0	32.6949	30.2066	30.2079	28.7849	29.4407	29.8086	35.9804	35.9758	35.9653	35.8939	43.2916	43.2333	0.0974876	0.0974813	0.108408	0.104334	0.102118	0.0745097	0.0427197	99	0	0
setup	0	2020-02-06 23:00:00	0	0	0	3.13382	0	0	0	1.02072	0	0	9.67116	0	0	0	0	0	0	0	1218.54	454.641	0	31.8927	29.7866	29.8388	28.5912	29.2847	29.7512	35.9744	35.9641	35.9546	35.9008	43.2817	43.2323	0.0995142	0.0992603	0.109643	0.105288	0.102461	0.0745628	0.0427697	99	0	0
setup	0	2020-02-07 23:00:00	0	0	0	3.13526	0	0	0	1.00769	0	0	9.67196	0	0	0	0	0	0	0	1207.86	453.601	0	31.206	29.3404	29.4721	28.3984	29.1291	29.6935	35.9661	35.9563	35.948	35.9005	43.2783	43.2319	0.10171	0.101057	0.110887	0.106249	0.102806	0.0745979	0.0427872	99	0	0
setup	0	2020-02-08 23:00:00	0	0	0	3.22591	0	0	0	1.02181	0	0	5.64521	0	0	0	0	0	0	0	1201.19	452.55	0	29.3273	29.3362	29.3425	28.201	28.9693	29.6339	35.9585	35.9499	35.9425	35.8984	43.2762	43.2326	0.101731	0.101699	0.112178	0.107245	0.103164	0.0746273	0.0427977	99	0	0
setup	0	2020-02-09 23:00:00	0	0	0	3.14861	0	0	0	0.983576	0	0	0	0	0	0	0	0	0	0	1200.21	451.541	0	28.7134	28.892	28.9777	28.0094	28.8138	29.5756	35.9517	35.9439	35.9372	35.8958	43.2748	43.2334	0.103963	0.103529	0.113448	0.108225	0.103516	0.0746542	0.0428051	99	0	0
setup	0	2020-02-10 23:00:00	0	0	0	3.09935	0	0	0	0.955363	0	0	0	0	0	0	0	0	0	0	1199.25	450.56	0	28.1235	28.461	28.6222	27.8218	28.6611	29.518	35.9455	35.9384	35.9322	35.893	43.2736	43.2343	0.106176	0.105343	0.114706	0.109195	0.103865	0.0746793	0.0428112	99	0	0
setup	0	2020-02-11 23:00:00	0	0	0	3.16894	0	0	0	0.96381	0	0	0	0	0	0	0	0	0	0	1198.29	449.573	0	27.5346	28.0266	28.2624	27.6312	28.5054	29.4589	35.9398	35.9332	35.9273	35.8903	43.2725	43.2351	0.108455	0.107211	0.116003	0.110194	0.104223	0.074703	0.0428167	99	0	0
setup	0	2020-02-12 23:00:00	0	0	0	3.37341	0	0	0	1.01172	0	0	0	0	0	0	0	0	0	0	1197.28	448.539	0	26.9233	27.5713	27.8836	27.4295	28.3403	29.3959	35.9345	35.9282	35.9227	35.8876	43.2715	43.2359	0.110902	0.109217	0.117394	0.111266	0.104607	0.0747254	0.0428218	99	0	0
setup	0	2020-02-13 23:00:00	0	0	0	3.41687	0	0	0	1.0099	0	0	0	0	0	0	0	0	0	0	1196.27	447.507	0	26.3202	27.1174	27.5044	27.2265	28.1736	29.3319	35.9294	35.9235	35.9183	35.8851	43.2705	43.2365	0.113402	0.111267	0.118814	0.112359	0.104999	0.0747467	0.0428268	99	0	0
setup	0	2020-02-14 23:00:00	0	0	0	3.30788	0	0	0	0.963598	0	0	0	0	0	0	0	0	0	0	1195.3	446.523	0	25.7512	26.685	27.1414	27.0313	28.0129	29.2697	35.9247	35.9191	35.9142	35.8826	43.2695	43.2371	0.115845	0.113268	0.120199	0.113424	0.105381	0.0747668	0.0428317	99	0	0
setup	0	2020-02-15 23:00:00	0	0	0	3.24627	0	0	0	0.932338	0	0	0	0	0	0	0	0	0	0	1194.37	445.571	0	25.2068	26.2673	26.7893	26.8411	27.8557	29.2086	35.9202	35.9149	35.9102	35.8803	43.2686	43.2376	0.118265	0.11525	0.121569	0.114478	0.105757	0.0747859	0.0428366	99	0	0
setup	0	2020-02-16 23:00:00	0	0	0	3.08513	0	0	0	0.873969	0	0	0	0	0	0	0	0	0	0	1193.5	444.678	0	24.7019	25.8763	26.4584	26.6615	27.7069	29.1504	35.9159	35.9109	35.9065	35.878	43.2676	43.238	0.120587	0.117151	0.122881	0.115486	0.106118	0.0748041	0.0428414	99	0	0
setup	0	2020-02-17 23:00:00	0	0	0	3.05512	0	0	0	0.853997	0	0	0	0	0	0	0	0	0	0	1192.64	443.806	0	24.2137	25.495	26.1343	26.4848	27.5601	29.0926	35.9118	35.9071	35.9029	35.8759	43.2667	43.2384	0.122907	0.119049	0.12419	0.11649	0.106476	0.0748213	0.0428461	99	0	0
setup	0	2020-02-18 23:00:00	0	0	0	3.26793	0	0	0	0.901014	0	0	0	0	0	0	0	0	0	0	1191.74	442.888	0	23.704	25.0933	25.7915	26.2971	27.4038	29.0306	35.908	35.9035	35.8995	35.8738	43.2658	43.2387	0.125414	0.121098	0.1256	0.117572	0.106862	0.0748377	0.0428508	99	0	0
setup	0	2020-02-19 23:00:00	0	0	0	3.25007	0	0	0	0.883437	0	0	0	0	0	0	0	0	0	0	1190.86	441.988	0	23.2097	24.7002	25.4547	26.1118	27.2489	28.9689	35.9043	35.9001	35.8963	35.8718	43.2648	43.2389	0.127933	0.123156	0.127013	0.118656	0.107248	0.0748533	0.0428554	99	0	0
setup	0	2020-02-20 23:00:00	0	0	0	3.32142	0	0	0	0.88996	0	0	0	0	0	0	0	0	0	0	1189.97	441.082	0	22.7173	24.305	25.1146	25.9238	27.0914	28.9057	35.9008	35.8968	35.8932	35.8699	43.2639	43.2391	0.130536	0.125279	0.128469	0.119771	0.107645	0.0748682	0.04286	99	0	0
setup	0	2020-02-21 23:00:00	0	0	0	3.42084	0	0	0	0.903168	0	0	0	0	0	0	0	0	0	0	1189.06	440.163	0	22.2231	23.9049	24.7688	25.7317	26.9299	28.8405	35.8975	35.8937	35.8902	35.8681	43.263	43.2393	0.133247	0.127489	0.12998	0.120927	0.108055	0.0748823	0.0428645	99	0	0
setup	0	2020-02-22 23:00:00	0	0	0	3.43621	0	0	0	0.893674	0	0	0	0	0	0	0	0	0	0	1188.17	439.255	0	21.7398	23.5098	24.4259	25.5403	26.7685	28.7749	35.8943	35.8907	35.8874	35.8663	43.2622	43.2394	0.136003	0.129733	0.13151	0.122097	0.108471	0.0748958	0.0428689	99	0	0
setup	0	2020-02-23 23:00:00	0	16.55	16.5154	3.28879	0	0	0.0346208	0.904215	0.51351	0	0	16.0019	0	0	0	0	0	0	1203.27	454.266	0	34.3712	30.4615	30.4008	28.7409	28.5539	28.7498	35.8933	35.8899	35.8869	35.8671	43.2647	43.2434	0.0962755	0.0965628	0.108687	0.109882	0.10863	0.0748994	0.0428559	99	0	0
setup	0	2020-02-24 23:00:00	0	1.45	1.44134	3.31638	0	0	0.0086552	1.05089	0.129527	0	0	1.31182	0	0	0	0	0	0	1203.53	454.503	0	35.4646	30.1951	30.0775	28.5158	28.4725	28.6988	35.8908	35.8876	35.8847	35.8659	43.2645	43.244	0.0975428	0.0981066	0.110128	0.110407	0.108955	0.0749099	0.0428574	99	0	0
setup	0	2020-02-25 23:00:00	0	0.01	0.0013448	3.31599	0	0	0.0086552	1.08363	0.0013448	0	0	0	0	0	0	0	0	0	1202.45	453.406	0	33.707	29.9638	29.9053	28.3949	28.3799	28.6419	35.8881	35.8851	35.8823	35.8643	43.2637	43.2441	0.0986546	0.0989379	0.11091	0.111008	0.109318	0.0749214	0.0428614	99	0	0
setup	0	2020-02-26 23:00:00	0	0	0	3.47488	0	0	0	1.12148	0	0	0	0	0	0	0	0	0	0	1201.32	452.273	0	32.5785	29.5743	29.5778	28.1926	28.2246	28.5818	35.8856	35.8826	35.88	35.8629	43.2629	43.2441	0.100553	0.100536	0.112234	0.112023	0.109703	0.0749323	0.0428653	99	0	0
setup	0	2020-02-27 23:00:00	0	0	0	3.41668	0	0	0	1.0863	0	0	0	0	0	0	0	0	0	0	1200.24	451.175	0	31.7455	29.1105	29.1827	27.9872	28.0646	28.5225	35.8831	35.8803	35.8778	35.8615	43.2621	43.2442	0.102859	0.102497	0.113596	0.11308	0.110084	0.0749428	0.0428692	99	0	0
setup	0	2020-02-28 23:00:00	0	0	0	3.3253	0	0	0	1.04181	0	0	0	0	0	0	0	0	0	0	1199.2	450.121	0	29.778	29.0889	28.9438	27.7885	27.9092	28.4646	35.8808	35.8781	35.8758	35.8601	43.2614	43.2442	0.102967	0.1037	0.114932	0.114118	0.110458	0.0749528	0.0428729	99	0	0
setup	0	2020-02-29 23:00:00	0	0	0	3.36861	0	0	0	1.03847	0	0	0	0	0	0	0	0	0	0	1198.16	449.072	0	28.729	28.7545	28.7681	27.5882	27.7521	28.4057	35.8786	35.876	35.8738	35.8588	43.2607	43.2442	0.104664	0.104594	0.116298	0.115178	0.11084	0.0749623	0.0428765	99	0	0
setup	0	2020-03-01 23:00:00	0	0	0	3.44869	0	0	0	1.04744	0	0	0	0	0	0	0	0	0	0	1197.11	448.014	0	28.073	28.2778	28.3758	27.3843	27.5918	28.3453	35.8765	35.874	35.8719	35.8576	43.26	43.2442	0.107131	0.106619	0.117708	0.116272	0.111233	0.0749715	0.0428799	99	0	0
setup	0	2020-03-02 23:00:00	0	0.03	0.0213448	3.39053	0	0	0.0086552	1.00572	0.0213448	0	0	0	0	0	0	0	0	0	1196.1	446.999	0	27.4503	27.8206	27.9979	27.187	27.4362	28.2862	35.8744	35.8721	35.87	35.8564	43.2593	43.2442	0.109555	0.108608	0.119093	0.117347	0.111619	0.0749802	0.0428833	99	0	0
setup	0	2020-03-03 23:00:00	0	22.43	22.3867	3.16479	0	0	0.043276	0.848101	0.616054	0	8.45317	21.7707	0	0	0	0	0	0	1208.57	458.914	0	36.0309	31.0117	31.0253	29.5296	29.8719	29.9413	35.6648	35.6601	36.457	35.8707	43.8935	43.2805	0.0937027	0.0936398	0.103794	0.101741	0.10133	0.0759455	0.0395878	99	0	0
setup	0	2020-03-04 23:00:00	0	0	0	3.45093	0	0	0	1.1633	0	0	1.6074	0	0	0	0	0	0	0	1205.8	456.104	0	34.0476	30.7555	30.7233	29.3109	29.6991	29.7758	35.6694	35.6071	35.5794	35.8645	43.2149	43.3168	0.0948933	0.0950442	0.105128	0.102773	0.102313	0.0761878	0.043108	99	0	0
setup	0	2020-03-05 23:00:00	0	0	0	3.4575	0	0	0	1.14809	0	0	0	0	0	0	0	0	0	0	1204.66	454.92	0	32.8166	30.405	30.4065	29.0929	29.5263	29.7004	35.6434	35.6168	35.6047	35.8534	43.2368	43.3091	0.0965431	0.0965359	0.106474	0.103814	0.102765	0.0761434	0.0429976	99	0	0
setup	0	2020-03-06 23:00:00	0	0.74	0.731345	3.32944	0	0	0.0086552	1.05496	0.130071	0	0	0.601273	0	0	0	0	0	0	1204.2	454.438	0	33.3599	30.0589	30.0605	28.8952	29.3688	29.6431	35.6291	35.6201	35.6156	35.8488	43.248	43.3016	0.0981958	0.0981883	0.107711	0.104773	0.103109	0.0761283	0.0429407	99	0	0
setup	0	2020-03-07 23:00:00	0	0	0	3.42341	0	0	0	1.11585	0	0	0	0	0	0	0	0	0	0	1203.09	453.307	0	32.4291	29.6235	29.6609	28.6825	29.1992	29.5809	35.6239	35.6208	35.6192	35.8462	43.2539	43.2959	0.100312	0.100128	0.109058	0.105815	0.103484	0.0761253	0.0429111	99	0	0
setup	0	2020-03-08 23:00:00	0	0	0	3.43173	0	0	0	1.10231	0	0	0	0	0	0	0	0	0	0	1201.98	452.195	0	31.6464	29.1392	29.2627	28.4706	29.0297	29.5183	35.622	35.621	35.6204	35.8449	43.257	43.2918	0.102715	0.102097	0.11042	0.106868	0.103863	0.0761244	0.0428951	99	0	0
setup	0	2020-03-09 23:00:00	0	0	0	3.35789	0	0	0	1.0621	0	0	0	0	0	0	0	0	0	0	1200.92	451.125	0	29.361	29.2493	29.2048	28.2642	28.8643	29.4568	35.6213	35.621	35.6208	35.8441	43.2587	43.2888	0.102163	0.102386	0.111763	0.107906	0.104236	0.0761242	0.0428863	99	0	0
setup	0	2020-03-10 23:00:00	0	0	0	3.34524	0	0	0	1.04199	0	0	0	0	0	0	0	0	0	0	1199.88	450.077	0	28.6735	28.7892	28.8451	28.0598	28.6998	29.3953	35.6211	35.621	35.621	35.8437	43.2597	43.2863	0.104486	0.104201	0.113112	0.108948	0.104611	0.0761242	0.0428816	99	0	0
setup	0	2020-03-11 23:00:00	0	0	0	3.40771	0	0	0	1.04624	0	0	0	0	0	0	0	0	0	0	1198.83	449.027	0	28.0267	28.3174	28.4562	27.8528	28.5329	29.3325	35.621	35.621	35.621	35.8435	43.2602	43.2843	0.106924	0.1062	0.114498	0.110018	0.104995	0.0761242	0.042879	99	0	0
setup	0	2020-03-12 23:00:00	0	0	0	3.37409	0	0	0	1.02096	0	0	0	0	0	0	0	0	0	0	1197.81	448.002	0	27.4026	27.8575	28.0755	27.6491	28.3681	29.2701	35.621	35.621	35.621	35.8434	43.2605	43.2825	0.109357	0.108196	0.11588	0.111085	0.105378	0.0761242	0.0428776	99	0	0
setup	0	2020-03-13 23:00:00	0	0	0	3.33525	0	0	0	0.994753	0	0	0	0	0	0	0	0	0	0	1196.82	447.003	0	26.8016	27.4101	27.7034	27.4491	28.2057	29.2083	35.621	35.621	35.621	35.8433	43.2606	43.2809	0.111783	0.110186	0.117257	0.112147	0.10576	0.0761242	0.0428769	99	0	0
setup	0	2020-03-14 23:00:00	0	0	0	3.39245	0	0	0	0.997252	0	0	0	0	0	0	0	0	0	0	1195.82	446.003	0	26.2058	26.9621	27.3292	27.247	28.0412	29.1452	35.621	35.621	35.621	35.8433	43.2607	43.2795	0.114272	0.112227	0.118669	0.113236	0.10615	0.0761242	0.0428765	99	0	0
setup	0	2020-03-15 23:00:00	0	0.01	0.0013448	3.25241	0	0	0.0086552	0.939562	0.0013448	0	0	0	0	0	0	0	0	0	1194.88	445.061	0	25.6508	26.5408	26.9757	27.0551	27.8846	29.0847	35.621	35.621	35.621	35.8433	43.2607	43.2782	0.116674	0.114196	0.120029	0.114284	0.106525	0.0761242	0.0428763	99	0	0
setup	0	2020-03-16 23:00:00	0	0	0	3.44399	0	0	0	0.983641	0	0	0	0	0	0	0	0	0	0	1193.9	444.075	0	25.0762	26.1003	26.6045	26.8527	27.7188	29.0204	35.621	35.621	35.621	35.8432	43.2608	43.277	0.11925	0.116307	0.121485	0.115405	0.106926	0.0761242	0.0428761	99	0	0
setup	0	2020-03-17 23:00:00	0	0	0	3.50297	0	0	0	0.985509	0	0	0	0	0	0	0	0	0	0	1192.91	443.087	0	24.5073	25.6598	26.2316	26.6483	27.5509	28.9548	35.621	35.621	35.621	35.8432	43.2608	43.276	0.121897	0.118475	0.122978	0.116554	0.107337	0.0761242	0.0428761	99	0	0
setup	0	2020-03-18 23:00:00	0	0	0	3.40469	0	0	0	0.943551	0	0	0	0	0	0	0	0	0	0	1191.97	442.141	0	23.969	25.2389	25.8737	26.4511	27.3885	28.8908	35.621	35.621	35.621	35.8432	43.2608	43.275	0.124498	0.120603	0.124441	0.117679	0.107738	0.0761242	0.042876	99	0	0
setup	0	2020-03-19 23:00:00	0	0	0	3.38331	0	0	0	0.923835	0	0	0	0	0	0	0	0	0	0	1191.04	441.215	0	23.4478	24.8275	25.5223	26.2567	27.2278	28.8272	35.621	35.621	35.621	35.8432	43.2608	43.2741	0.12711	0.122739	0.125906	0.118805	0.10814	0.0761242	0.042876	99	0	0
setup	0	2020-03-20 23:00:00	0	0.03	0.0213448	3.24337	0	0	0.0086552	0.864849	0.0213448	0	0	0	0	0	0	0	0	0	1190.18	440.349	0	22.9653	24.4431	25.1927	26.0734	27.0758	28.7666	35.621	35.621	35.621	35.8432	43.2608	43.2733	0.129618	0.124787	0.127309	0.119882	0.108523	0.0761242	0.042876	99	0	0
setup	0	2020-03-21 23:00:00	0	0	0	3.32488	0	0	0	0.882139	0	0	0	0	0	0	0	0	0	0	1189.3	439.465	0	22.4786	24.0519	24.8558	25.8851	26.9193	28.7038	35.621	35.621	35.621	35.8432	43.2608	43.2725	0.132242	0.126928	0.128771	0.121004	0.108923	0.0761242	0.042876	99	0	0
setup	0	2020-03-22 23:00:00	0	0.03	0.0213448	3.27216	0	0	0.0086552	0.84787	0.0213448	0	0	0	0	0	0	0	0	0	1188.45	438.616	0	22.0158	23.6767	24.5312	25.703	26.7673	28.6425	35.621	35.621	35.621	35.8432	43.2608	43.2718	0.134829	0.129037	0.130208	0.122106	0.109314	0.0761242	0.042876	99	0	0
setup	0	2020-03-23 23:00:00	0	0	0	3.2822	0	0	0	0.846109	0	0	0	0	0	0	0	0	0	0	1187.6	437.768	0	21.5591	23.303	24.2067	25.52	26.6143	28.5803	35.621	35.621	35.621	35.8432	43.2608	43.2712	0.137478	0.131195	0.131674	0.123229	0.109712	0.0761242	0.042876	99	0	0
setup	0	2020-03-24 23:00:00	0	0	0	3.36545	0	0	0	0.854959	0	0	0	0	0	0	0	0	0	0	1186.75	436.912	0	21.1026	22.9264	23.8783	25.3339	26.4581	28.5165	35.621	35.621	35.621	35.8432	43.2608	43.2706	0.140226	0.13343	0.133189	0.124389	0.110123	0.0761242	0.042876	99	0	0
setup	0	2020-03-25 23:00:00	0	0	0	3.39642	0	0	0	0.850041	0	0	0	0	0	0	0	0	0	0	1185.9	436.061	0	20.6539	22.5528	23.5511	25.1476	26.3014	28.4519	35.621	35.621	35.621	35.8432	43.2608	43.27	0.143034	0.135711	0.13473	0.125568	0.11054	0.0761242	0.042876	99	0	0
setup	0	2020-03-26 23:00:00	0	0	0	3.44309	0	0	0	0.848788	0	0	0	0	0	0	0	0	0	0	1185.05	435.211	0	20.2109	22.1807	23.2238	24.9604	26.1433	28.3864	35.621	35.621	35.621	35.8432	43.2608	43.2695	0.145917	0.138049	0.136304	0.126771	0.110965	0.0761242	0.042876	99	0	0
setup	0	2020-03-27 23:00:00	0	0.32	0.311345	3.3537	0	0	0.0086552	0.784255	0.131082	0	0	0.180262	0	0	0	0	0	0	1184.45	434.605	0	20.2728	21.8411	22.9239	24.7881	25.9973	28.3255	35.6211	35.6211	35.6211	35.8433	43.2608	43.2691	0.148627	0.140244	0.137777	0.127897	0.111362	0.0761239	0.0428759	99	0	0
setup	0	2020-03-28 23:00:00	0	0.04	0.0313448	3.14263	0	0	0.0086552	0.746521	0.0313448	0	0	0	0	0	0	0	0	0	1183.7	433.858	0	19.882	21.5173	22.637	24.6224	25.8566	28.2665	35.6211	35.6211	35.6211	35.8433	43.2608	43.2687	0.151284	0.142394	0.139216	0.128994	0.111748	0.0761239	0.0428759	99	0	0
setup	0	2020-03-29 23:00:00	0	0	0	3.30755	0	0	0	0.784573	0	0	0	0	0	0	0	0	0	0	1182.91	433.073	0	19.4756	21.178	22.3349	24.4473	25.7074	28.2034	35.6211	35.6211	35.6211	35.8433	43.2608	43.2683	0.154153	0.144711	0.140761	0.130172	0.112162	0.0761239	0.0428759	99	0	0
setup	0	2020-03-30 23:00:00	0	0.23	0.221345	3.17487	0	0	0.0086552	0.7134	0.123631	0	0	0.0977138	0	0	0	0	0	0	1182.3	432.456	0	19.3633	20.8719	22.0615	24.2881	25.5714	28.1456	35.6211	35.6211	35.6211	35.8433	43.2608	43.2679	0.156816	0.146859	0.142189	0.13126	0.112544	0.0761238	0.0428758	99	0	0
setup	0	2020-03-31 23:00:00	0	0	0	3.3398	0	0	0	0.772027	0	0	0	0	0	0	0	0	0	0	1181.53	431.683	0	18.9663	20.5408	21.7645	24.1143	25.4225	28.0818	35.6211	35.6211	35.6211	35.8433	43.2608	43.2676	0.159783	0.149248	0.143771	0.132464	0.112966	0.0761238	0.0428758	99	0	0
setup	0	2020-04-01 23:00:00	0	0	0	3.39514	0	0	0	0.773098	0	0	0	0	0	0	0	0	0	0	1180.75	430.909	0	18.5731	20.2102	21.4667	23.9393	25.2721	28.017	35.6211	35.6211	35.6211	35.8433	43.2608	43.2673	0.16284	0.151707	0.145392	0.133697	0.113397	0.0761238	0.0428758	99	0	0
setup	0	2020-04-02 23:00:00	0	0	0	3.3738	0	0	0	0.756691	0	0	0	0	0	0	0	0	0	0	1180	430.152	0	18.1926	19.8875	21.175	23.767	25.1235	27.9526	35.6211	35.6211	35.6211	35.8433	43.2608	43.267	0.16592	0.154179	0.147016	0.134931	0.113827	0.0761238	0.0428758	99	0	0
setup	0	2020-04-03 23:00:00	0	0	0	3.22716	0	0	0	0.713169	0	0	0	0	0	0	0	0	0	0	1179.28	429.438	0	17.8378	19.5843	20.8997	23.6037	24.9823	27.8909	35.6211	35.6211	35.6211	35.8433	43.2608	43.2668	0.168906	0.156571	0.148582	0.136119	0.114241	0.0761238	0.0428758	99	0	0
setup	0	2020-04-04 23:00:00	0	0	0	3.2859	0	0	0	0.715628	0	0	0	0	0	0	0	0	0	0	1178.57	428.722	0	17.4856	19.2809	20.6233	23.439	24.8394	27.8281	35.6211	35.6211	35.6211	35.8433	43.2608	43.2665	0.171987	0.159036	0.150188	0.137337	0.114664	0.0761238	0.0428758	99	0	0
setup	0	2020-04-05 23:00:00	0	0	0	3.26287	0	0	0	0.700244	0	0	0	0	0	0	0	0	0	0	1177.87	428.022	0	17.1447	18.985	20.3525	23.2769	24.6983	27.7656	35.6211	35.6211	35.6211	35.8433	43.2608	43.2663	0.175088	0.161512	0.151794	0.138554	0.115087	0.0761238	0.0428758	99	0	0
setup	0	2020-04-06 23:00:00	0	0	0	3.29029	0	0	0	0.695813	0	0	0	0	0	0	0	0	0	0	1177.17	427.325	0	16.8096	18.6918	20.0833	23.115	24.5571	27.7027	35.6211	35.6211	35.6211	35.8433	43.2608	43.2661	0.178258	0.16404	0.153427	0.13979	0.115515	0.0761238	0.0428758	99	0	0
setup	0	2020-04-07 23:00:00	0	0	0	3.27944	0	0	0	0.683352	0	0	0	0	0	0	0	0	0	0	1176.49	426.642	0	16.484	18.4048	19.8187	22.9552	24.4171	27.6399	35.6211	35.6211	35.6211	35.8433	43.2608	43.2659	0.181462	0.16659	0.155067	0.14103	0.115943	0.0761238	0.0428758	99	0	0
setup	0	2020-04-08 23:00:00	0	0	0	3.26165	0	0	0	0.669714	0	0	0	0	0	0	0	0	0	0	1175.82	425.971	0	16.1684	18.1244	19.5592	22.7978	24.2789	27.5775	35.6211	35.6211	35.6211	35.8433	43.2608	43.2657	0.184694	0.169156	0.15671	0.142271	0.116371	0.0761238	0.0428758	99	0	0
setup	0	2020-04-09 23:00:00	0	0	0	3.32907	0	0	0	0.673497	0	0	0	0	0	0	0	0	0	0	1175.15	425.298	0	15.8543	17.8434	19.2982	22.6387	24.1388	27.5137	35.6211	35.6211	35.6211	35.8433	43.2608	43.2656	0.188039	0.171809	0.1584	0.143547	0.11681	0.0761238	0.0428758	99	0	0
setup	0	2020-04-10 23:00:00	0	0	0	3.25215	0	0	0	0.648247	0	0	0	0	0	0	0	0	0	0	1174.5	424.649	0	15.5554	17.5739	19.0468	22.4849	24.0028	27.4515	35.6211	35.6211	35.6211	35.8433	43.2608	43.2654	0.191353	0.174432	0.160063	0.144801	0.117241	0.0761238	0.0428758	99	0	0
setup	0	2020-04-11 23:00:00	0	0	0	3.31782	0	0	0	0.651621	0	0	0	0	0	0	0	0	0	0	1173.85	423.997	0	15.258	17.3038	18.7941	22.3294	23.8651	27.388	35.6211	35.6211	35.6211	35.8433	43.2608	43.2653	0.194783	0.177141	0.161772	0.146089	0.117682	0.0761238	0.0428758	99	0	0
setup	0	2020-04-12 23:00:00	0	0	0	3.32089	0	0	0	0.642534	0	0	0	0	0	0	0	0	0	0	1173.2	423.354	0	14.9681	17.0385	18.5448	22.1755	23.7282	27.3244	35.6211	35.6211	35.6211	35.8433	43.2608	43.2652	0.198265	0.179887	0.163497	0.147386	0.118126	0.0761238	0.0428758	99	0	0
setup	0	2020-04-13 23:00:00	0	0	0	3.29788	0	0	0	0.628624	0	0	0	0	0	0	0	0	0	0	1172.57	422.725	0	14.6875	16.7799	18.3009	22.0241	23.5932	27.2613	35.6211	35.6211	35.6211	35.8433	43.2608	43.2651	0.201775	0.182648	0.165222	0.148683	0.118568	0.0761238	0.0428758	99	0	0
setup	0	2020-04-14 23:00:00	0	0	0	3.32008	0	0	0	0.623476	0	0	0	0	0	0	0	0	0	0	1171.95	422.102	0	14.4121	16.5243	18.0589	21.8733	23.4583	27.1979	35.6211	35.6211	35.6211	35.8433	43.2608	43.265	0.20536	0.185464	0.166971	0.149998	0.119016	0.0761238	0.0428758	99	0	0
setup	0	2020-04-15 23:00:00	0	0	0	3.28839	0	0	0	0.60838	0	0	0	0	0	0	0	0	0	0	1171.34	421.493	0	14.1464	16.2758	17.8228	21.7256	23.3257	27.135	35.6211	35.6211	35.6211	35.8433	43.2608	43.2649	0.208963	0.188288	0.168717	0.151308	0.119461	0.0761238	0.0428758	99	0	0
setup	0	2020-04-16 23:00:00	0	0.1	0.0913448	3.26888	0	0	0.0086552	0.577781	0.0913448	0	0	0	0	0	0	0	0	0	1170.76	420.915	0	13.8967	16.0407	17.5986	21.5846	23.1988	27.0745	35.6211	35.6211	35.6211	35.8433	43.2608	43.2648	0.212486	0.191044	0.170412	0.152578	0.119891	0.0761238	0.0428758	99	0	0
setup	0	2020-04-17 23:00:00	0	0	0	3.20771	0	0	0	0.576498	0	0	0	0	0	0	0	0	0	0	1170.19	420.339	0	13.6502	15.8069	17.3749	21.4434	23.0713	27.0132	35.6211	35.6211	35.6211	35.8433	43.2608	43.2647	0.216103	0.193869	0.17214	0.153873	0.120329	0.0761238	0.0428758	99	0	0
setup	0	2020-04-18 23:00:00	0	0	0	3.23337	0	0	0	0.572718	0	0	0	0	0	0	0	0	0	0	1169.62	419.766	0	13.4078	15.5756	17.1528	21.3025	22.9438	26.9515	35.6211	35.6211	35.6211	35.8433	43.2608	43.2646	0.219802	0.196751	0.173894	0.155185	0.120772	0.0761238	0.0428758	99	0	0
setup	0	2020-04-19 23:00:00	0	0.09	0.0813448	3.20522	0	0	0.0086552	0.543931	0.0813448	0	0	0	0	0	0	0	0	0	1169.07	419.222	0	13.1801	15.3568	16.9418	21.1682	22.8218	26.8921	35.6211	35.6211	35.6211	35.8433	43.2608	43.2645	0.223417	0.199564	0.175595	0.156458	0.1212	0.0761238	0.0428758	99	0	0
setup	0	2020-04-20 23:00:00	0	0	0	3.09039	0	0	0	0.532081	0	0	0	0	0	0	0	0	0	0	1168.54	418.689	0	12.9596	15.1435	16.7356	21.0364	22.7016	26.8332	35.6211	35.6211	35.6211	35.8433	43.2608	43.2645	0.227055	0.202388	0.177295	0.157728	0.121627	0.0761238	0.0428758	99	0	0
setup	0	2020-04-21 23:00:00	0	0.36	0.351345	3.14896	0	0	0.0086552	0.517011	0.122552	0	0	0.228793	0	0	0	0	0	0	1168.25	418.401	0	13.3403	14.941	16.5389	20.9101	22.5862	26.7762	35.6211	35.6211	35.6211	35.8433	43.2608	43.2644	0.230618	0.205151	0.17895	0.158964	0.122041	0.0761236	0.0428757	99	0	0
setup	0	2020-04-22 23:00:00	0	2.18	2.17134	3.12086	0	0	0.0086552	0.543833	0.121381	0	0	2.04996	0	0	0	0	0	0	1169.76	419.904	0	15.8524	15.6053	16.3626	20.7959	22.4807	26.7234	35.6215	35.6215	35.6215	35.8434	43.261	43.2646	0.219321	0.20769	0.18047	0.160108	0.122427	0.0761219	0.0428747	99	0	0
setup	0	2020-04-23 23:00:00	0	7.01	6.99269	3.10318	0	0	0.0173104	0.614401	0.241288	0	0	6.7514	0	0	0	0	0	0	1175.89	426.03	0	27.8053	17.5942	17.1339	20.7162	22.4044	26.6838	35.6228	35.6228	35.6228	35.844	43.2617	43.2651	0.191099	0.197	0.181546	0.160944	0.122717	0.076116	0.0428715	99	0	0
setup	0	2020-04-24 23:00:00	0	191.91	136.544	2.79333	0	0	0.207725	0	2.58561	0	8.30428	133.958	0	0	0	0	0	0	1301.55	489.036	0	31.5601	31.56	31.56	30	30	30	50.1014	36.0677	36.0041	36	48.5184	48.592	0.0911936	0.0911936	0.100983	0.100983	0.100983	0.0740934	0.0138681	99	0	0
setup	0	2020-04-25 23:00:00	0	0	0	3.16832	0	0	0	1.04223	0	0	9.69705	0	0	0	0	0	0	0	1290.81	475.551	0	30.0548	30.9119	30.9406	29.4784	29.8362	29.8835	35.6132	35.4396	35.9413	36.0072	50.0199	48.6626	0.094165	0.0940318	0.104105	0.101954	0.101672	0.0769547	0.0138681	99	0	0
setup	0	2020-04-26 23:00:00	0	11.13	11.104	3.0623	0	0	0.0259656	0.89673	0.356822	0	9.73172	10.7472	0	0	0	0	0	0	1290.93	472.867	0	33.4941	30.9822	31.002	29.519	29.8624	29.877	35.5415	35.7866	35.5974	35.4533	48.3982	48.8721	0.0938393	0.0937472	0.103858	0.101798	0.101711	0.0753692	0.0138681	99	0	0
setup	0	2020-04-27 23:00:00	0	3.63	3.62134	3.1191	0	0	0.0086552	1.0078	0.121307	0	9.84195	3.50004	0	0	0	0	0	0	1283.58	462.843	0	37.4808	30.6276	30.5761	29.5276	29.6336	29.7487	35.6529	35.6984	35.698	35.7111	43.2486	48.2332	0.0954924	0.0957349	0.103807	0.103166	0.102475	0.0757711	0.0429377	99	0	0
setup	0	2020-04-28 23:00:00	0	0	0	3.06681	0	0	0	1.03155	0	0	10.0413	0	0	0	0	0	0	0	1272.5	455.895	0	34.5816	30.7417	30.6427	29.3329	29.4817	29.6867	35.6622	35.6982	35.6982	35.7378	43.2486	43.2925	0.0949577	0.0954217	0.104993	0.104085	0.102847	0.075772	0.0429377	99	0	0
setup	0	2020-04-29 23:00:00	0	0	0	3.16519	0	0	0	1.05298	0	0	10.3111	0	0	0	0	0	0	0	1261.14	454.79	0	33.1469	30.4898	30.473	29.1333	29.3255	29.6296	35.6622	35.6982	35.6982	35.7421	43.2486	43.2635	0.0961417	0.096221	0.106223	0.105038	0.10319	0.075772	0.0429377	99	0	0
setup	0	2020-04-30 23:00:00	0	0	0	3.22204	0	0	0	1.057	0	0	10.6158	0	0	0	0	0	0	0	1249.47	453.696	0	32.212	30.1007	30.1188	28.931	29.1668	29.5713	35.6622	35.6982	35.6982	35.7428	43.2486	43.2473	0.0979952	0.097908	0.107486	0.106016	0.103542	0.075772	0.0429377	99	0	0
setup	0	2020-05-01 23:00:00	0	0	0	3.25117	0	0	0	1.05196	0	0	10.9178	0	0	0	0	0	0	0	1237.5	452.616	0	31.4639	29.6351	29.7354	28.728	29.007	29.5122	35.6622	35.6982	35.6982	35.7429	43.2485	43.2354	0.100255	0.0997639	0.108769	0.10701	0.1039	0.075772	0.0429382	99	0	0
setup	0	2020-05-02 23:00:00	0	0	0	3.16071	0	0	0	1.00843	0	0	11.1865	0	0	0	0	0	0	0	1225.3	451.586	0	29.7173	29.5937	29.5566	28.5316	28.852	29.4545	35.6622	35.6982	35.6982	35.7429	43.2437	43.2278	0.100458	0.10064	0.110026	0.107983	0.10425	0.075772	0.0429625	99	0	0
setup	0	2020-05-03 23:00:00	0	0	0	3.16731	0	0	0	0.996217	0	0	11.4036	0	0	0	0	0	0	0	1212.9	450.573	0	29.0493	29.1606	29.215	28.3358	28.697	29.3966	35.6622	35.6982	35.6982	35.7429	43.2376	43.2233	0.102607	0.102335	0.111295	0.108966	0.104603	0.075772	0.0429935	99	0	0
setup	0	2020-05-04 23:00:00	0	0	0	3.22242	0	0	0	0.999832	0	0	11.3019	0	0	0	0	0	0	0	1200.6	449.56	0	28.4279	28.7085	28.8428	28.1377	28.5398	29.3374	35.6622	35.6982	35.6982	35.7429	43.2321	43.2203	0.104899	0.104213	0.112596	0.109973	0.104965	0.075772	0.0430212	99	0	0
setup	0	2020-05-05 23:00:00	0	0	0	3.23596	0	0	0	0.990262	0	0	1.22193	0	0	0	0	0	0	0	1198.39	448.559	0	27.8192	28.2612	28.4729	27.94	28.3824	29.2778	35.6622	35.6982	35.6982	35.7429	43.2276	43.2181	0.107218	0.106114	0.113912	0.110991	0.105331	0.075772	0.043044	99	0	0
setup	0	2020-05-06 23:00:00	0	0	0	3.2287	0	0	0	0.974437	0	0	0.00134252	0	0	0	0	0	0	0	1197.41	447.576	0	27.2268	27.8216	28.1079	27.7439	28.2258	29.2182	35.6622	35.6982	35.6982	35.7429	43.224	43.2164	0.10955	0.108025	0.115234	0.112015	0.105698	0.075772	0.0430623	99	0	0
setup	0	2020-05-07 23:00:00	0	0	0	3.25784	0	0	0	0.969615	0	0	0.00105952	0	0	0	0	0	0	0	1196.44	446.599	0	26.6438	27.3847	27.7435	27.5472	28.0684	29.1579	35.6622	35.6982	35.6982	35.7429	43.2211	43.2152	0.111922	0.10997	0.116579	0.113055	0.106071	0.075772	0.0430768	99	0	0
setup	0	2020-05-08 23:00:00	0	0	0	3.07574	0	0	0	0.902989	0	0	0.000890233	0	0	0	0	0	0	0	1195.54	445.691	0	26.1067	26.9784	27.4032	27.3627	27.9203	29.1008	35.6622	35.6982	35.6982	35.7429	43.2189	43.2142	0.114181	0.11182	0.117858	0.114043	0.106425	0.075772	0.0430883	99	0	0
setup	0	2020-05-09 23:00:00	0	0	0	3.04087	0	0	0	0.881024	0	0	0.000765412	0	0	0	0	0	0	0	1194.66	444.806	0	25.5881	26.5826	27.0703	27.1815	27.7744	29.0442	35.6622	35.6982	35.6982	35.7429	43.2171	43.2134	0.116433	0.113665	0.119132	0.115028	0.106777	0.075772	0.0430973	99	0	0
setup	0	2020-05-10 23:00:00	0	0	0	2.98875	0	0	0	0.854683	0	0	0.000663963	0	0	0	0	0	0	0	1193.8	443.948	0	25.0901	26.1991	26.7466	27.0044	27.6314	28.9885	35.6622	35.6982	35.6982	35.7429	43.2157	43.2128	0.118666	0.115494	0.120392	0.116001	0.107126	0.075772	0.0431043	99	0	0
setup	0	2020-05-11 23:00:00	0	1.72	1.71134	3.1527	0	0	0.0086552	0.881244	0.122707	0	0.000577429	1.58864	0	0	0	0	0	0	1194.51	444.648	0	28.7008	25.8317	26.4357	26.8343	27.4937	28.9346	35.6628	35.6987	35.6987	35.7434	43.215	43.2128	0.120855	0.117282	0.121619	0.116949	0.107463	0.0757695	0.0431077	99	0	0
setup	0	2020-05-12 23:00:00	0	1.72	1.71134	3.15241	0	0	0.0086552	0.891941	0.122695	0	0.000503431	1.58865	0	0	0	0	0	0	1195.21	445.336	0	30.5934	26.0586	26.1322	26.6675	27.3582	28.8814	35.6635	35.6993	35.6993	35.7439	43.2146	43.2128	0.119497	0.119061	0.122837	0.11789	0.107798	0.0757668	0.0431098	99	0	0
setup	0	2020-05-13 23:00:00	0	1.72	1.71134	3.15213	0	0	0.0086552	0.901621	0.122684	0	0.000439624	1.58866	0	0	0	0	0	0	1195.89	446.016	0	31.2688	26.7324	26.5837	26.5038	27.2249	28.8287	35.6641	35.6999	35.6999	35.7444	43.2144	43.213	0.115574	0.116426	0.124048	0.118825	0.108131	0.0757642	0.0431109	99	0	0
setup	0	2020-05-14 23:00:00	0	1.72	1.71134	3.15185	0	0	0.0086552	0.912098	0.122672	0	0.000384295	1.58867	0	0	0	0	0	0	1196.57	446.686	0	31.6238	27.2954	27.0847	26.3433	27.0939	28.7766	35.6648	35.7005	35.7005	35.7449	43.2143	43.2132	0.112414	0.113585	0.125251	0.119753	0.10846	0.0757615	0.0431111	99	0	0
setup	0	2020-05-15 23:00:00	0	1.72	1.71134	3.15158	0	0	0.0086552	0.922209	0.12266	0	0.000336151	1.58868	0	0	0	0	0	0	1197.23	447.345	0	31.8982	27.8439	27.6387	26.2003	26.9652	28.7251	35.6655	35.7011	35.7011	35.7454	43.2144	43.2136	0.10943	0.110536	0.126336	0.120673	0.108787	0.0757586	0.0431107	99	0	0
setup	0	2020-05-16 23:00:00	0	1.72	1.71134	3.15131	0	0	0.0086552	0.931978	0.122649	0	0.000294162	1.5887	0	0	0	0	0	0	1197.89	447.994	0	32.1485	28.3308	28.0844	26.5354	26.8387	28.6743	35.6662	35.7017	35.7017	35.746	43.2146	43.2139	0.106853	0.108149	0.123813	0.121587	0.109111	0.0757557	0.0431098	99	0	0
setup	0	2020-05-17 23:00:00	0	1.72	1.71134	3.15105	0	0	0.0086552	0.941123	0.122638	0	0.000257483	1.58871	0	0	0	0	0	0	1198.54	448.635	0	32.3601	28.7439	28.4763	26.863	26.802	28.6241	35.667	35.7024	35.7024	35.7465	43.2149	43.2144	0.104718	0.106096	0.121411	0.121853	0.109432	0.0757526	0.0431084	99	0	0
setup	0	2020-05-18 23:00:00	0	1.72	1.71134	3.15079	0	0	0.0086552	0.949694	0.122628	0	0.000225427	1.58872	0	0	0	0	0	0	1199.18	449.266	0	32.5447	29.1097	28.8271	27.1656	27.0763	28.5745	35.6678	35.7031	35.7031	35.7471	43.2152	43.2148	0.102863	0.104293	0.119244	0.119878	0.10975	0.0757494	0.0431065	99	0	0
setup	0	2020-05-19 23:00:00	0	1.72	1.71134	3.15054	0	0	0.0086552	0.957772	0.122617	0	0.000197514	1.58873	0	0	0	0	0	0	1199.81	449.889	0	32.7095	29.4404	29.1493	27.4388	27.3072	28.5256	35.6686	35.7039	35.7039	35.7478	43.2157	43.2154	0.101214	0.102664	0.117328	0.118247	0.110064	0.075746	0.0431044	99	0	0
setup	0	2020-05-20 23:00:00	0	1.72	1.71134	3.15029	0	0	0.0086552	0.965407	0.122607	0	0.000173436	1.58874	0	0	0	0	0	0	1200.43	450.505	0	32.8585	29.741	29.4458	27.7012	27.5327	28.4773	35.6694	35.7046	35.7046	35.7484	43.2162	43.2159	0.0997368	0.101187	0.115525	0.116679	0.110376	0.0757425	0.0431019	99	0	0
setup	0	2020-05-21 23:00:00	0	1.72	1.71134	3.15005	0	0	0.0086552	0.972632	0.122597	0	0.000152869	1.58875	0	0	0	0	0	0	1201.05	451.112	0	32.9948	30.0158	29.7174	27.948	27.761	28.4297	35.6704	35.7054	35.7054	35.7491	43.2167	43.2165	0.0984037	0.0998519	0.113858	0.115118	0.110684	0.0757388	0.0430991	99	0	0
setup	0	2020-05-22 23:00:00	0	1.72	1.71134	3.14982	0	0	0.0086552	0.981614	0.122587	0	0.000135397	1.58876	0	0	0	0	0	0	1201.65	451.711	0	35.4331	29.6654	29.5213	27.9279	27.8354	28.3828	35.6713	35.7063	35.7063	35.7498	43.2173	43.2172	0.100106	0.100814	0.113993	0.114614	0.110989	0.0757349	0.0430961	99	0	0
setup	0	2020-05-23 23:00:00	0	1.72	1.71134	3.14959	0	0	0.0086552	0.985249	0.122578	0	0.000120586	1.58877	0	0	0	0	0	0	1202.26	452.306	0	36.144	29.9424	29.6708	27.9852	27.8699	28.3363	35.6722	35.7071	35.7071	35.7505	43.2179	43.2178	0.098758	0.10008	0.113609	0.114382	0.111292	0.0757311	0.043093	99	0	0
setup	0	2020-05-24 23:00:00	0	1.72	1.71134	3.14937	0	0	0.0086552	0.99121	0.122569	0	0.000107981	1.58878	0	0	0	0	0	0	1202.85	452.894	0	36.2646	30.2873	29.9522	28.1714	27.9949	28.2903	35.6732	35.708	35.708	35.7513	43.2186	43.2185	0.0971024	0.0987108	0.112374	0.113545	0.111592	0.0757272	0.0430898	99	0	0
setup	0	2020-05-25 23:00:00	0	1.72	1.71134	3.14916	0	0	0.0086552	0.997535	0.12256	0	9.71863e-05	1.58879	0	0	0	0	0	0	1203.45	453.477	0	36.2834	30.5787	30.2207	28.3831	28.1622	28.245	35.6742	35.7089	35.7089	35.7521	43.2192	43.2192	0.0957226	0.0974204	0.110987	0.112434	0.111889	0.075723	0.0430863	99	0	0
setup	0	2020-05-26 23:00:00	0	1.72	1.71134	3.14895	0	0	0.0086552	1.00075	0.122551	0	8.78767e-05	1.58879	0	0	0	0	0	0	1204.03	454.055	0	36.2863	30.5087	30.2615	28.5745	28.487	28.5292	35.6753	35.7099	35.7099	35.7529	43.22	43.2199	0.0960526	0.0972254	0.10975	0.110313	0.110041	0.0757187	0.0430826	99	0	0
setup	0	2020-05-27 23:00:00	0	1.72	1.71134	3.14875	0	0	0.0086552	1.00324	0.122543	0	0.400576	1.5888	0	0	0	0	0	0	1204.22	454.23	0	36.2868	30.5382	30.3502	28.7128	28.6201	28.5261	35.6639	35.7102	35.7108	35.7537	43.2408	43.2239	0.0959134	0.096803	0.108865	0.109457	0.110061	0.0757173	0.0429774	99	0	0
setup	0	2020-05-28 23:00:00	0	1.72	1.71134	3.14856	0	0	0.0086552	1.00469	0.122535	0	0.40061	1.58881	0	0	0	0	0	0	1204.4	454.4	0	36.2869	30.6134	30.42	28.7754	28.6801	28.5785	35.6479	35.7104	35.7118	35.7546	43.2542	43.2309	0.0955592	0.0964719	0.108468	0.109074	0.109724	0.0757162	0.0429093	99	0	0
setup	0	2020-05-29 23:00:00	0	1.72	1.71134	3.14837	0	0	0.0086552	1.00611	0.122527	0	0.400673	1.58882	0	0	0	0	0	0	1204.58	454.565	0	36.287	30.69	30.4863	28.8303	28.7329	28.6178	35.6278	35.7106	35.7127	35.7555	43.2648	43.2384	0.0952001	0.0961582	0.10812	0.108738	0.109472	0.0757155	0.0428557	99	0	0
setup	0	2020-05-30 23:00:00	0	1.72	1.71134	3.14819	0	0	0.0086552	1.00723	0.122519	0	0.400757	1.58883	0	0	0	0	0	0	1204.76	454.725	0	36.287	30.7713	30.55	28.8757	28.7748	28.6636	35.6041	35.7106	35.7136	35.7564	43.2734	43.2458	0.0948197	0.0958579	0.107834	0.108472	0.109179	0.0757154	0.0428122	99	0	0
setup	0	2020-05-31 23:00:00	0	1.72	1.71134	3.14802	0	0	0.0086552	1.00856	0.122512	0	0.400852	1.58883	0	0	0	0	0	0	1204.94	454.881	0	36.287	30.8432	30.6129	28.9259	28.8207	28.7099	35.5773	35.7104	35.7145	35.7573	43.2811	43.2524	0.0944845	0.0955617	0.107518	0.108181	0.108884	0.0757162	0.0427728	99	0	0
setup	0	2020-06-01 23:00:00	0	1.72	1.71134	3.14785	0	0	0.0086552	1.00959	0.122505	0	0.400948	1.58884	0	0	0	0	0	0	1205.12	455.033	0	36.287	30.9165	30.674	28.9721	28.8632	28.7568	35.5479	35.71	35.7153	35.7582	43.2877	43.2583	0.0941435	0.095275	0.107228	0.107912	0.108586	0.075718	0.0427394	99	0	0
setup	0	2020-06-02 23:00:00	0	1.72	1.71134	3.1477	0	0	0.0086552	1.00966	0.122499	0	0.801828	1.58885	0	0	0	0	0	0	1204.9	454.783	0	36.2871	30.7447	30.6603	29.2594	29.0138	28.8007	35.482	35.7072	35.7157	35.7591	43.3221	43.264	0.0949438	0.0953389	0.105444	0.106967	0.108307	0.075731	0.0425646	99	0	0
setup	0	2020-06-03 23:00:00	0	1.72	1.71134	3.14754	0	0	0.0086552	1.0093	0.122492	0	0.401177	1.58885	0	0	0	0	0	0	1205.08	454.93	0	36.2871	30.6377	30.5575	29.0506	28.99	28.8487	35.4486	35.7057	35.7162	35.76	43.3192	43.2707	0.095445	0.0958225	0.106737	0.107116	0.108004	0.0757375	0.042579	99	0	0
setup	0	2020-06-04 23:00:00	0	1.72	1.71134	3.1474	0	0	0.0086552	1.00979	0.122487	0	0.401272	1.58886	0	0	0	0	0	0	1205.26	455.073	0	36.2871	30.8033	30.6248	29.0118	28.9571	28.8772	35.4153	35.7039	35.7167	35.761	43.319	43.2762	0.0946704	0.0955059	0.106979	0.107322	0.107824	0.0757458	0.0425804	99	0	0
setup	0	2020-06-05 23:00:00	0	1.72	1.71134	3.14727	0	0	0.0086552	1.01091	0.122481	0	0.401379	1.58886	0	0	0	0	0	0	1205.43	455.212	0	36.2871	30.922	30.7054	29.0425	28.9672	28.8933	35.3826	35.7017	35.7171	35.7619	43.3202	43.28	0.0941182	0.0951276	0.106788	0.107259	0.107723	0.0757561	0.0425742	99	0	0
setup	0	2020-06-06 23:00:00	0	1.72	1.71134	3.14714	0	0	0.0086552	1.01009	0.122476	0	0.802587	1.58887	0	0	0	0	0	0	1205.21	454.952	0	36.2872	30.6473	30.6314	29.2172	29.0969	28.9193	35.3171	35.6946	35.7162	35.7627	43.3469	43.2846	0.0954002	0.0954748	0.105704	0.106449	0.107559	0.0757884	0.0424383	99	0	0
setup	0	2020-06-07 23:00:00	0	1.72	1.71134	3.14702	0	0	0.0086552	1.01011	0.122471	0	0.401624	1.58887	0	0	0	0	0	0	1205.39	455.089	0	36.2872	30.7207	30.5871	29.0786	29.0432	28.9515	35.2875	35.6909	35.7161	35.7636	43.3416	43.2897	0.0950559	0.0956829	0.106563	0.106784	0.107357	0.0758053	0.0424652	99	0	0
setup	0	2020-06-08 23:00:00	0	1.72	1.71134	3.1469	0	0	0.0086552	1.01117	0.122466	0	0.000471612	1.58888	0	0	0	0	0	0	1205.96	455.625	0	36.2872	30.8725	30.6865	29.068	29.0199	28.9624	35.7726	35.7398	35.7307	35.7646	43.3218	43.2886	0.0943481	0.0952165	0.106629	0.106929	0.107288	0.0755823	0.0425658	99	0	0
setup	0	2020-06-09 23:00:00	0	1.72	1.71134	3.1468	0	0	0.0086552	1.01231	0.122461	0	0.401807	1.58888	0	0	0	0	0	0	1206.14	455.761	0	36.2872	30.9905	30.7708	29.1038	29.0321	28.9707	35.7162	35.7443	35.7437	35.7655	43.3265	43.2892	0.0938007	0.0948219	0.106406	0.106853	0.107237	0.0755617	0.042542	99	0	0
setup	0	2020-06-10 23:00:00	0	1.72	1.71134	3.1467	0	0	0.0086552	1.01099	0.122457	0	0.803359	1.58889	0	0	0	0	0	0	1205.91	455.499	0	36.2872	30.6266	30.6147	29.2167	29.1437	28.9981	35.6172	35.7447	35.745	35.7664	43.3515	43.2938	0.0954974	0.0955533	0.105707	0.106159	0.107066	0.0755601	0.0424145	99	0	0
setup	0	2020-06-11 23:00:00	0	1.72	1.71134	3.14661	0	0	0.0086552	1.01138	0.122454	0	0.401992	1.58889	0	0	0	0	0	0	1206.09	455.634	0	36.2872	30.8102	30.6518	29.1129	29.088	29.0177	35.5732	35.745	35.7461	35.7673	43.3476	43.2983	0.094638	0.0953792	0.10635	0.106505	0.106943	0.0755585	0.0424344	99	0	0
setup	0	2020-06-12 23:00:00	0	1.72	1.71134	3.14653	0	0	0.0086552	1.01239	0.12245	0	0.402083	1.58889	0	0	0	0	0	0	1206.26	455.767	0	36.2872	30.956	30.7558	29.1203	29.0701	29.0226	35.5324	35.7449	35.7471	35.7682	43.3461	43.3012	0.0939606	0.0948919	0.106304	0.106616	0.106912	0.0755588	0.042442	99	0	0
setup	0	2020-06-13 23:00:00	0	1.72	1.71134	3.14646	0	0	0.0086552	1.01115	0.122447	0	0.803947	1.5889	0	0	0	0	0	0	1206.04	455.501	0	36.2872	30.624	30.6272	29.2661	29.1854	29.0401	35.4563	35.7423	35.7478	35.769	43.369	43.3055	0.0955095	0.0954944	0.105403	0.105901	0.106803	0.0755709	0.042325	99	0	0
setup	0	2020-06-14 23:00:00	0	1.72	1.71134	3.1464	0	0	0.0086552	1.01159	0.122445	0	0.402317	1.5889	0	0	0	0	0	0	1206.21	455.632	0	36.2872	30.7826	30.6353	29.1584	29.131	29.0578	35.4231	35.7407	35.7485	35.7699	43.3631	43.3095	0.0947667	0.0954564	0.106068	0.106237	0.106692	0.0755779	0.0423556	99	0	0
setup	0	2020-06-15 23:00:00	0	1.72	1.71134	3.14634	0	0	0.0086552	1.01264	0.122442	0	0.402415	1.5889	0	0	0	0	0	0	1206.39	455.762	0	36.2872	30.9355	30.7491	29.1371	29.1008	29.0602	35.3926	35.7387	35.7491	35.7708	43.3601	43.3118	0.0940556	0.0949236	0.106199	0.106425	0.106678	0.0755873	0.0423707	99	0	0
setup	0	2020-06-16 23:00:00	0	1.72	1.71134	3.14629	0	0	0.0086552	1.01148	0.12244	0	1.20659	1.5889	0	0	0	0	0	0	1205.76	455.493	0	36.2872	30.6534	30.6519	29.3055	29.2147	29.0716	35.3343	35.7318	35.7488	35.7715	43.3823	43.3154	0.0953717	0.0953785	0.105161	0.10572	0.106607	0.0756187	0.0422574	99	0	0
setup	0	2020-06-17 23:00:00	0	1.72	1.71134	3.14625	0	0	0.0086552	1.01165	0.122439	0	0.402587	1.58891	0	0	0	0	0	0	1205.93	455.622	0	36.2872	30.7716	30.6261	29.1881	29.161	29.0888	35.3092	35.728	35.7488	35.7723	43.3747	43.3191	0.0948181	0.0954998	0.105884	0.106052	0.106499	0.0756358	0.042296	99	0	0
setup	0	2020-06-18 23:00:00	0	1.72	1.71134	3.14622	0	0	0.0086552	1.01274	0.122437	0	0.402558	1.58891	0	0	0	0	0	0	1206.1	455.749	0	36.2872	30.9267	30.7443	29.1499	29.1242	29.0897	35.2863	35.7238	35.7486	35.7731	43.3709	43.321	0.0940964	0.0949456	0.10612	0.10628	0.106494	0.0756552	0.0423158	99	0	0
setup	0	2020-06-19 23:00:00	0	1.72	1.71134	3.14619	0	0	0.0086552	1.01162	0.122436	0	0.402523	1.58891	0	0	0	0	0	0	1206.28	455.877	0	36.2872	30.6506	30.6498	29.3239	29.2353	29.0977	35.8115	35.7309	35.7483	35.7739	43.3684	43.3223	0.0953847	0.0953885	0.105048	0.105593	0.106445	0.0756226	0.0423282	99	0	0
setup	0	2020-06-20 23:00:00	0	1.72	1.71134	3.14618	0	0	0.0086552	1.01182	0.122436	0	0.402512	1.58891	0	0	0	0	0	0	1206.45	456.007	0	36.2872	30.7693	30.6237	29.209	29.1827	29.1135	35.734	35.7556	35.7547	35.7747	43.37	43.3219	0.094829	0.0955108	0.105755	0.105917	0.106346	0.0755101	0.0423201	99	0	0
setup	0	2020-06-21 23:00:00	0	1.72	1.71134	3.14617	0	0	0.0086552	1.01292	0.122435	0	0.402492	1.58891	0	0	0	0	0	0	1206.63	456.137	0	36.2871	30.9247	30.7429	29.1628	29.1444	29.1134	35.6905	35.7564	35.7563	35.7755	43.369	43.3234	0.0941054	0.0949524	0.10604	0.106155	0.106347	0.0755067	0.042325	99	0	0
setup	0	2020-06-22 23:00:00	0	1.72	1.71134	3.14617	0	0	0.0086552	1.01182	0.122435	0	0.804894	1.58891	0	0	0	0	0	0	1206.4	455.868	0	36.2871	30.6516	30.6508	29.3419	29.2543	29.1195	35.6092	35.7565	35.7574	35.7761	43.392	43.327	0.09538	0.0953835	0.104938	0.105475	0.106309	0.075506	0.0422074	99	0	0
setup	0	2020-06-23 23:00:00	0	1.72	1.71134	3.14618	0	0	0.0086552	1.01203	0.122436	0	0.402491	1.58891	0	0	0	0	0	0	1206.57	455.997	0	36.2871	30.7701	30.6246	29.2279	29.202	29.1345	35.5728	35.7566	35.7585	35.7769	43.3851	43.3308	0.0948251	0.0955067	0.105639	0.105798	0.106216	0.0755054	0.042243	99	0	0
setup	0	2020-06-24 23:00:00	0	1.72	1.71134	3.1462	0	0	0.0086552	1.01314	0.122436	0	0.402529	1.58891	0	0	0	0	0	0	1206.75	456.125	0	36.2871	30.9256	30.7438	29.1761	29.1628	29.1338	35.5391	35.7564	35.7595	35.7778	43.3817	43.3329	0.0941014	0.0949482	0.105958	0.106041	0.10622	0.0755066	0.0422605	99	0	0
setup	0	2020-06-25 23:00:00	0	1.72	1.71134	3.14623	0	0	0.0086552	1.01206	0.122438	0	0.805079	1.58891	0	0	0	0	0	0	1206.52	455.854	0	36.2871	30.6542	30.6535	29.3582	29.2713	29.1385	35.4749	35.7534	35.7601	35.7783	43.4033	43.3363	0.095368	0.0953712	0.104838	0.105371	0.106191	0.0755203	0.0421496	99	0	0
setup	0	2020-06-26 23:00:00	0	1.72	1.71134	3.14626	0	0	0.0086552	1.01227	0.122439	0	0.805205	1.58891	0	0	0	0	0	0	1206.29	455.982	0	36.287	30.7724	30.6269	29.2446	29.2192	29.1529	35.4467	35.7518	35.7607	35.7791	43.3955	43.3398	0.0948144	0.0954957	0.105535	0.105692	0.106102	0.0755277	0.0421895	99	0	0
setup	0	2020-06-27 23:00:00	0	1.72	1.71134	3.1463	0	0	0.0086552	1.01338	0.122441	0	0.402768	1.5889	0	0	0	0	0	0	1206.46	456.107	0	36.287	30.9276	30.7458	29.1895	29.1792	29.1514	35.4205	35.7496	35.7613	35.7799	43.3915	43.3415	0.0940921	0.0949387	0.105875	0.105939	0.106111	0.0755376	0.0422104	99	0	0
setup	0	2020-06-28 23:00:00	0	1.72	1.71134	3.14635	0	0	0.0086552	1.0123	0.122443	0	0.805387	1.5889	0	0	0	0	0	0	1206.23	455.833	0	36.287	30.6571	30.6564	29.3725	29.2863	29.155	35.3699	35.7427	35.7607	35.7804	43.4125	43.3446	0.0953543	0.0953574	0.10475	0.105279	0.106089	0.0755691	0.0421026	99	0	0
setup	0	2020-06-29 23:00:00	0	1.72	1.71134	3.14641	0	0	0.0086552	1.01252	0.122445	0	0.402777	1.5889	0	0	0	0	0	0	1206.41	455.958	0	36.2869	30.7748	30.6294	29.2591	29.234	29.1687	35.348	35.7391	35.7607	35.7811	43.4043	43.3478	0.0948034	0.0954843	0.105446	0.105601	0.106004	0.0755856	0.0421448	99	0	0
setup	0	2020-06-30 23:00:00	0	1.72	1.71134	3.14648	0	0	0.0086552	1.01363	0.122448	0	0.402756	1.5889	0	0	0	0	0	0	1206.58	456.083	0	36.2869	30.9299	30.7481	29.204	29.1939	29.1668	35.3279	35.735	35.7605	35.7819	43.3998	43.3493	0.0940816	0.0949278	0.105786	0.105848	0.106016	0.075604	0.0421676	99	0	0
setup	0	2020-07-01 23:00:00	0	1.72	1.71134	3.14655	0	0	0.0086552	1.01255	0.122451	0	0.805437	1.58889	0	0	0	0	0	0	1206.35	455.808	0	36.2869	30.6599	30.6593	29.3856	29.2999	29.1696	35.2881	35.7243	35.7585	35.7824	43.4205	43.3522	0.0953408	0.0953438	0.10467	0.105195	0.105998	0.0756527	0.0420617	99	0	0
setup	0	2020-07-02 23:00:00	0	1.72	1.71134	3.14664	0	0	0.0086552	1.01277	0.122455	0	0.402743	1.58889	0	0	0	0	0	0	1206.52	455.933	0	36.2868	30.7773	30.632	29.2724	29.2475	29.1831	35.2714	35.719	35.7576	35.7831	43.412	43.3552	0.0947914	0.0954719	0.105364	0.105518	0.105915	0.0756772	0.0421051	99	0	0
setup	0	2020-07-03 23:00:00	0	1.72	1.71134	3.14673	0	0	0.0086552	1.01389	0.122458	0	2.31908e-05	1.58889	0	0	0	0	0	0	1207.1	456.459	0	36.2868	30.9323	30.7506	29.2173	29.2073	29.1808	35.7765	35.7586	35.7588	35.7841	43.3902	43.352	0.0940703	0.0949161	0.105704	0.105765	0.105929	0.0754964	0.042217	99	0	0
setup	0	2020-07-04 23:00:00	0	1.72	1.71134	3.14683	0	0	0.0086552	1.01282	0.122463	0	0.80547	1.58888	0	0	0	0	0	0	1206.87	456.188	0	36.2867	30.6628	30.6622	29.3981	29.3127	29.1834	35.6935	35.7622	35.7622	35.7847	43.4157	43.3533	0.0953273	0.09533	0.104594	0.105117	0.105913	0.0754802	0.0420861	99	0	0
setup	0	2020-07-05 23:00:00	0	1.72	1.71134	3.14693	0	0	0.0086552	1.01305	0.122467	0	0.402766	1.58888	0	0	0	0	0	0	1207.04	456.317	0	36.2867	30.7802	30.6349	29.2852	29.2604	29.1967	35.6566	35.763	35.7633	35.7855	43.4095	43.3566	0.0947782	0.0954582	0.105286	0.105438	0.105831	0.0754765	0.0421179	99	0	0
setup	0	2020-07-06 23:00:00	0	1.72	1.71134	3.14705	0	0	0.0086552	1.01417	0.122472	0	0.402832	1.58887	0	0	0	0	0	0	1207.21	456.443	0	36.2866	30.9352	30.7536	29.2302	29.2204	29.1943	35.6222	35.7636	35.7645	35.7863	43.4064	43.3585	0.0940568	0.0949022	0.105624	0.105685	0.105846	0.075474	0.042134	99	0	0
setup	0	2020-07-07 23:00:00	0	1.72	1.71134	3.14717	0	0	0.0086552	1.01311	0.122477	0	1.20846	1.58887	0	0	0	0	0	0	1206.58	456.17	0	36.2866	30.6656	30.6651	29.4103	29.3253	29.1966	35.5569	35.7624	35.7655	35.7869	43.428	43.3619	0.0953141	0.0953168	0.10452	0.105039	0.105832	0.0754791	0.0420232	99	0	0
setup	0	2020-07-08 23:00:00	0	1.72	1.71134	3.1473	0	0	0.0086552	1.01333	0.122482	0	0.402966	1.58886	0	0	0	0	0	0	1206.75	456.296	0	36.2865	30.7824	30.6373	29.2972	29.2726	29.2095	35.5279	35.7618	35.7664	35.7876	43.4203	43.3652	0.0947677	0.0954473	0.105212	0.105363	0.105752	0.075482	0.0420628	99	0	0
setup	0	2020-07-09 23:00:00	0	1.72	1.71134	3.14744	0	0	0.0086552	1.01445	0.122488	0	0.402959	1.58886	0	0	0	0	0	0	1206.93	456.419	0	36.2865	30.9371	30.7556	29.2418	29.2322	29.2066	35.5009	35.7607	35.7672	35.7884	43.4162	43.3669	0.094048	0.0948932	0.105552	0.105612	0.10577	0.0754868	0.0420836	99	0	0
setup	0	2020-07-10 23:00:00	0	1.72	1.71134	3.14758	0	0	0.0086552	1.01338	0.122494	0	1.20869	1.58885	0	0	0	0	0	0	1206.29	455.744	0	36.2864	30.6672	30.6667	29.421	29.3363	29.2083	35.4488	35.7562	35.7674	35.7882	43.0981	43.367	0.0953067	0.0953093	0.104454	0.104972	0.105759	0.0755076	0.043696	99	0	0
setup	0	2020-07-11 23:00:00	0	1.72	1.71134	3.14774	0	0	0.0086552	1.0136	0.1225	0	0.40294	1.58884	0	0	0	0	0	0	1206.47	455.878	0	36.2864	30.7836	30.6385	29.3077	29.2833	29.2208	35.426	35.7537	35.7677	35.7722	43.1561	43.3555	0.0947623	0.0954417	0.105147	0.105297	0.105682	0.0755188	0.0434047	99	0	0
setup	0	2020-07-12 23:00:00	0	1.72	1.71134	3.1479	0	0	0.0086552	1.01472	0.122507	0	0.402931	1.58884	0	0	0	0	0	0	1206.64	456.018	0	36.2863	30.938	30.7564	29.2521	29.2425	29.2173	35.4049	35.7509	35.7679	35.7715	43.1934	43.3449	0.0940441	0.094889	0.105489	0.105548	0.105704	0.0755318	0.0432169	99	0	0
setup	0	2020-07-13 23:00:00	0	1.72	1.71134	3.14806	0	0	0.0086552	1.01365	0.122514	0	0.805839	1.58883	0	0	0	0	0	0	1206.41	455.761	0	36.2863	30.6678	30.6673	29.4304	29.346	29.2185	35.3634	35.7426	35.7668	35.7727	43.2623	43.3359	0.0953039	0.0953065	0.104397	0.104913	0.105696	0.0755693	0.0428681	99	0	0
setup	0	2020-07-14 23:00:00	0	1.72	1.71134	3.14824	0	0	0.0086552	1.01387	0.122521	0	0.402929	1.58882	0	0	0	0	0	0	1206.58	455.908	0	36.2862	30.7841	30.639	29.3171	29.2928	29.2308	35.3457	35.7385	35.7665	35.7739	43.2961	43.3283	0.0947601	0.0954393	0.10509	0.105239	0.10562	0.0755883	0.0426969	99	0	0
setup	0	2020-07-15 23:00:00	0	1.72	1.71134	3.14842	0	0	0.0086552	1.01499	0.122529	0	0.40295	1.58882	0	0	0	0	0	0	1206.75	456.056	0	36.2861	30.9383	30.7569	29.2613	29.2519	29.2271	35.3294	35.7339	35.766	35.775	43.329	43.3218	0.0940422	0.0948871	0.105433	0.105491	0.105643	0.075609	0.0425294	99	0	0
setup	0	2020-07-16 23:00:00	0	1.72	1.71134	3.14861	0	0	0.0086552	1.01392	0.122537	0	1.20888	1.58881	0	0	0	0	0	0	1206.11	455.802	0	36.2861	30.6682	30.6676	29.439	29.3549	29.228	35.2964	35.7224	35.7632	35.7761	43.3666	43.3227	0.0953022	0.0953048	0.104345	0.104858	0.105637	0.0756613	0.0423375	99	0	0
setup	0	2020-07-17 23:00:00	0	1.72	1.71134	3.1488	0	0	0.0086552	1.01414	0.122545	0	0.403074	1.5888	0	0	0	0	0	0	1206.29	455.942	0	36.286	30.7841	30.639	29.3255	29.3014	29.2399	35.2827	35.7167	35.762	35.7771	43.3675	43.3271	0.0947601	0.0954392	0.105038	0.105186	0.105564	0.0756874	0.0423328	99	0	0
setup	0	2020-07-18 23:00:00	0	1.72	1.71134	3.14901	0	0	0.0086552	1.01526	0.122553	0	0.403094	1.58879	0	0	0	0	0	0	1206.46	456.077	0	36.2859	30.9381	30.7566	29.2694	29.2601	29.2357	35.2701	35.7107	35.7606	35.7781	43.3693	43.3305	0.0940435	0.0948882	0.105383	0.10544	0.10559	0.0757148	0.0423237	99	0	0
setup	0	2020-07-19 23:00:00	0	1.72	1.71134	3.14922	0	0	0.0086552	1.01419	0.122562	0	0.403097	1.58878	0	0	0	0	0	0	1206.63	456.213	0	36.2858	30.6677	30.6671	29.4463	29.3625	29.2362	35.7369	35.7478	35.7608	35.7792	43.3783	43.3303	0.0953045	0.0953071	0.1043	0.104812	0.105587	0.0755458	0.0422775	99	0	0
setup	0	2020-07-20 23:00:00	0	1.72	1.71134	3.14943	0	0	0.0086552	1.01442	0.122571	0	0.403082	1.58877	0	0	0	0	0	0	1206.8	456.348	0	36.2858	30.7837	30.6387	29.333	29.309	29.2481	35.7008	35.7498	35.7613	35.7802	43.3779	43.3338	0.0947616	0.0954405	0.104992	0.105139	0.105514	0.0755365	0.0422797	99	0	0
setup	0	2020-07-21 23:00:00	0	1.72	1.71134	3.14965	0	0	0.0086552	1.01555	0.12258	0	0.403074	1.58876	0	0	0	0	0	0	1206.97	456.48	0	36.2857	30.9379	30.7565	29.277	29.2679	29.2438	35.6669	35.7508	35.762	35.7813	43.3783	43.337	0.0940443	0.0948889	0.105336	0.105392	0.10554	0.0755322	0.0422777	99	0	0
setup	0	2020-07-22 23:00:00	0	1.72	1.71134	3.14988	0	0	0.0086552	1.01448	0.12259	0	0.806122	1.58875	0	0	0	0	0	0	1206.74	456.211	0	36.2856	30.6676	30.6671	29.4536	29.37	29.2443	35.603	35.7507	35.762	35.7824	43.4026	43.3415	0.0953047	0.0953072	0.104256	0.104766	0.105537	0.0755326	0.0421531	99	0	0
setup	0	2020-07-23 23:00:00	0	1.72	1.71134	3.15012	0	0	0.0086552	1.01472	0.1226	0	0.40307	1.58875	0	0	0	0	0	0	1206.91	456.34	0	36.2855	30.7836	30.6386	29.3403	29.3164	29.256	35.5744	35.7508	35.7626	35.7834	43.397	43.346	0.0947623	0.0954411	0.104948	0.105094	0.105465	0.0755323	0.0421821	99	0	0
setup	0	2020-07-24 23:00:00	0	1.72	1.71134	3.15036	0	0	0.0086552	1.01585	0.12261	0	0.40307	1.58874	0	0	0	0	0	0	1207.08	456.467	0	36.2855	30.9377	30.7563	29.2842	29.2752	29.2515	35.5477	35.7505	35.7631	35.7845	43.3946	43.3486	0.0940454	0.0948899	0.105292	0.105347	0.105493	0.0755334	0.0421941	99	0	0
setup	0	2020-07-25 23:00:00	0	1.72	1.71134	3.1506	0	0	0.0086552	1.01478	0.12262	0	0.806143	1.58872	0	0	0	0	0	0	1206.85	456.193	0	36.2854	30.6674	30.6668	29.4602	29.377	29.2517	35.4963	35.7476	35.7629	35.7856	43.417	43.3524	0.0953061	0.0953086	0.104215	0.104723	0.105491	0.0755466	0.0420797	99	0	0
setup	0	2020-07-26 23:00:00	0	1.72	1.71134	3.15086	0	0	0.0086552	1.01502	0.12263	0	0.403079	1.58871	0	0	0	0	0	0	1207.02	456.319	0	36.2853	30.7832	30.6382	29.347	29.3232	29.2632	35.4739	35.7462	35.7632	35.7866	43.4099	43.3561	0.0947641	0.0954428	0.104907	0.105052	0.105421	0.0755532	0.042116	99	0	0
setup	0	2020-07-27 23:00:00	0	1.72	1.71134	3.15111	0	0	0.0086552	1.01615	0.122641	0	0.806189	1.5887	0	0	0	0	0	0	1206.78	456.443	0	36.2852	30.9372	30.7558	29.2908	29.2819	29.2585	35.4529	35.7443	35.7635	35.7877	43.4064	43.3582	0.0940475	0.094892	0.105251	0.105306	0.105449	0.0755615	0.0421339	99	0	0
setup	0	2020-07-28 23:00:00	0	1.72	1.71134	3.15138	0	0	0.0086552	1.01508	0.122652	0	0.806232	1.58869	0	0	0	0	0	0	1206.55	456.167	0	36.2851	30.6666	30.6661	29.4661	29.3831	29.2583	35.4116	35.7381	35.7623	35.7887	43.4277	43.3614	0.0953094	0.0953119	0.10418	0.104686	0.105451	0.0755898	0.0420247	99	0	0
setup	0	2020-07-29 23:00:00	0	1.72	1.71134	3.15165	0	0	0.0086552	1.01532	0.122663	0	0.403147	1.58868	0	0	0	0	0	0	1206.72	456.29	0	36.285	30.7822	30.6372	29.3526	29.329	29.2694	35.3939	35.735	35.7621	35.7896	43.4198	43.3646	0.094769	0.0954477	0.104872	0.105016	0.105382	0.075604	0.042065	99	0	0
setup	0	2020-07-30 23:00:00	0	1.72	1.71134	3.15192	0	0	0.0086552	1.01645	0.122675	0	0.403143	1.58867	0	0	0	0	0	0	1206.89	456.411	0	36.2849	30.9359	30.7545	29.2962	29.2874	29.2644	35.3773	35.7316	35.7617	35.7906	43.4157	43.3663	0.0940537	0.0948982	0.105218	0.105272	0.105414	0.0756198	0.0420863	99	0	0
setup	0	2020-07-31 23:00:00	0	1.72	1.71134	3.1522	0	0	0.0086552	1.0156	0.122687	0	1.20939	1.58866	0	0	0	0	0	0	1206.25	455.733	0	36.2593	30.6925	30.6856	29.487	29.3889	29.2615	35.3441	35.7222	35.7593	35.7905	43.0925	43.3667	0.0951882	0.0952203	0.104053	0.10465	0.105431	0.0756623	0.0437241	99	0	0
setup	0	2020-08-01 23:00:00	0	1.72	1.71134	3.15249	0	0	0.0086552	1.01561	0.122698	0	0.40314	1.58865	0	0	0	0	0	0	1206.42	455.864	0	36.2823	30.7499	30.6207	29.3647	29.3376	29.2718	35.3301	35.7176	35.7584	35.7747	43.1545	43.3552	0.0949197	0.0955249	0.104798	0.104964	0.105368	0.0756835	0.043413	99	0	0
setup	0	2020-08-02 23:00:00	0	1.72	1.71134	3.15278	0	0	0.0086552	1.01646	0.122711	0	0.40314	1.58863	0	0	0	0	0	0	1206.59	456.002	0	36.2876	30.9082	30.7272	29.3022	29.293	29.2687	35.317	35.7126	35.7573	35.7739	43.192	43.3444	0.0941821	0.095026	0.105181	0.105238	0.105387	0.075706	0.0432238	99	0	0
setup	0	2020-08-03 23:00:00	0	1.72	1.71134	3.15307	0	0	0.0086552	1.01623	0.122723	0	0.806283	1.58862	0	0	0	0	0	0	1206.36	455.743	0	36.2885	30.7204	30.7045	29.5139	29.3939	29.2618	35.29	35.7005	35.7533	35.7751	43.2611	43.3355	0.0950573	0.0951322	0.10389	0.10462	0.105429	0.0757613	0.0428744	99	0	0
setup	0	2020-08-04 23:00:00	0	1.72	1.71134	3.15337	0	0	0.0086552	1.01583	0.122735	0	0.403145	1.58861	0	0	0	0	0	0	1206.53	455.888	0	36.2886	30.7456	30.6171	29.3717	29.3436	29.2747	35.279	35.6947	35.7516	35.7762	43.2949	43.3278	0.0949396	0.0955422	0.104755	0.104927	0.10535	0.0757878	0.0427027	99	0	0
setup	0	2020-08-05 23:00:00	0	1.72	1.71134	3.15368	0	0	0.0086552	1.01675	0.122748	0	0.403154	1.5886	0	0	0	0	0	0	1206.7	456.033	0	36.2885	30.9058	30.7245	29.3071	29.2977	29.2726	35.2689	35.6886	35.7497	35.7772	43.328	43.3213	0.0941932	0.0950385	0.105151	0.105209	0.105363	0.0758154	0.0425347	99	0	0
setup	0	2020-08-06 23:00:00	0	1.72	1.71134	3.15399	0	0	0.0086552	1.01652	0.122761	0	0.806353	1.58858	0	0	0	0	0	0	1206.46	456.179	0	36.2885	30.7182	30.7022	29.5176	29.3979	29.2659	35.7238	35.7321	35.7497	35.7783	43.3515	43.3169	0.0950677	0.0951427	0.103867	0.104595	0.105404	0.0756174	0.0424144	99	0	0
setup	0	2020-08-07 23:00:00	0	1.72	1.71134	3.1543	0	0	0.0086552	1.01614	0.122774	0	0.40324	1.58857	0	0	0	0	0	0	1206.63	456.321	0	36.2885	30.7436	30.615	29.3754	29.3474	29.2787	35.6904	35.7349	35.7501	35.7793	43.3562	43.3202	0.094949	0.0955518	0.104733	0.104904	0.105325	0.0756047	0.0423908	99	0	0
setup	0	2020-08-08 23:00:00	0	1.72	1.71134	3.15462	0	0	0.0086552	1.01705	0.122787	0	0.403248	1.58856	0	0	0	0	0	0	1206.8	456.457	0	36.2884	30.9038	30.7225	29.3107	29.3013	29.2765	35.659	35.7359	35.7506	35.7804	43.3597	43.3243	0.0942024	0.0950479	0.105129	0.105186	0.105339	0.0756001	0.0423728	99	0	0
setup	0	2020-08-09 23:00:00	0	1.72	1.71134	3.15494	0	0	0.0086552	1.01683	0.122801	0	0.806446	1.58854	0	0	0	0	0	0	1206.57	456.19	0	36.2883	30.7162	30.7002	29.5207	29.4012	29.2697	35.5994	35.7359	35.7504	35.7814	43.3887	43.3289	0.095077	0.0951521	0.103848	0.104575	0.105381	0.0755998	0.0422247	99	0	0
setup	0	2020-08-10 23:00:00	0	1.72	1.71134	3.15527	0	0	0.0086552	1.01671	0.122814	0	0.40324	1.58853	0	0	0	0	0	0	1206.73	456.321	0	36.2881	30.736	30.6218	29.3846	29.3531	29.2802	35.5727	35.7361	35.7508	35.7825	43.3841	43.3342	0.0949846	0.0955201	0.104677	0.104869	0.105317	0.0755989	0.042248	99	0	0
setup	0	2020-08-11 23:00:00	0	1.72	1.71134	3.1556	0	0	0.0086552	1.01762	0.122828	0	0.403234	1.58852	0	0	0	0	0	0	1206.9	456.449	0	36.288	30.8981	30.7228	29.3195	29.3079	29.2779	35.5477	35.736	35.7512	35.7835	43.3825	43.3378	0.0942289	0.0950465	0.105075	0.105146	0.105331	0.0755994	0.0422561	99	0	0
setup	0	2020-08-12 23:00:00	0	1.72	1.71134	3.15593	0	0	0.0086552	1.01743	0.122842	0	0.806458	1.5885	0	0	0	0	0	0	1206.67	456.175	0	36.2879	30.7559	30.7271	29.552	29.4028	29.2707	35.4994	35.7335	35.7508	35.7846	43.4087	43.3415	0.0948916	0.0950264	0.103659	0.104565	0.105375	0.075611	0.0421222	99	0	0
setup	0	2020-08-13 23:00:00	0	1.72	1.71134	3.15627	0	0	0.0086552	1.01698	0.122856	0	0.403233	1.58849	0	0	0	0	0	0	1206.83	456.301	0	36.2878	30.7304	30.6189	29.3914	29.3589	29.2831	35.4782	35.7322	35.7511	35.7856	43.4009	43.346	0.0950108	0.0955333	0.104635	0.104833	0.105299	0.0756166	0.0421622	99	0	0
setup	0	2020-08-14 23:00:00	0	1.72	1.71134	3.15661	0	0	0.0086552	1.01792	0.12287	0	0.403235	1.58847	0	0	0	0	0	0	1207	456.424	0	36.2876	30.8936	30.7182	29.3243	29.3125	29.2818	35.4583	35.7307	35.7512	35.7866	43.3973	43.3489	0.0942502	0.0950677	0.105046	0.105118	0.105307	0.0756238	0.0421805	99	0	0
setup	0	2020-08-15 23:00:00	0	1.72	1.71134	3.15696	0	0	0.0086552	1.01772	0.122885	0	0.806475	1.58846	0	0	0	0	0	0	1206.77	456.147	0	36.2875	30.7514	30.7226	29.5553	29.4066	29.2748	35.4191	35.7251	35.7501	35.7876	43.4218	43.3519	0.0949125	0.0950474	0.103639	0.104542	0.10535	0.0756493	0.0420549	99	0	0
setup	0	2020-08-16 23:00:00	0	1.72	1.71134	3.15731	0	0	0.0086552	1.01728	0.122899	0	0.403241	1.58845	0	0	0	0	0	0	1206.93	456.27	0	36.2874	30.7261	30.6146	29.3947	29.3624	29.2869	35.4023	35.7224	35.7499	35.7886	43.4128	43.3557	0.0950307	0.0955536	0.104615	0.104812	0.105275	0.0756617	0.0421009	99	0	0
setup	0	2020-08-17 23:00:00	0	1.72	1.71134	3.15766	0	0	0.0086552	1.01822	0.122914	0	0.806494	1.58843	0	0	0	0	0	0	1206.7	456.391	0	36.2873	30.8893	30.714	29.3275	29.3158	29.2854	35.3867	35.7193	35.7496	35.7896	43.4083	43.358	0.0942697	0.0950876	0.105026	0.105098	0.105284	0.0756756	0.0421243	99	0	0
setup	0	2020-08-18 23:00:00	0	1.72	1.71134	3.15801	0	0	0.0086552	1.01802	0.122929	0	0.806517	1.58842	0	0	0	0	0	0	1206.46	456.111	0	36.2871	30.7471	30.7182	29.5576	29.4092	29.278	35.3548	35.7107	35.7473	35.7904	43.4319	43.3606	0.0949328	0.0950679	0.103625	0.104526	0.10533	0.075715	0.0420032	99	0	0
setup	0	2020-08-19 23:00:00	0	1.72	1.71134	3.15837	0	0	0.0086552	1.01757	0.122944	0	0.403273	1.5884	0	0	0	0	0	0	1206.63	456.231	0	36.287	30.7217	30.6101	29.397	29.3648	29.2897	35.3414	35.7065	35.7465	35.7913	43.4223	43.3639	0.0950513	0.0955746	0.104601	0.104798	0.105258	0.075734	0.0420525	99	0	0
setup	0	2020-08-20 23:00:00	0	1.72	1.71134	3.15873	0	0	0.0086552	1.01851	0.122959	0	0.403272	1.58839	0	0	0	0	0	0	1206.8	456.349	0	36.2869	30.8848	30.7094	29.3295	29.3179	29.2878	35.329	35.702	35.7455	35.7922	43.4172	43.3659	0.094291	0.0951093	0.105014	0.105085	0.10527	0.0757543	0.0420788	99	0	0
setup	0	2020-08-21 23:00:00	0	1.72	1.71134	3.1591	0	0	0.0086552	1.01861	0.122974	0	0.806539	1.58837	0	0	0	0	0	0	1206.56	456.068	0	36.2868	30.7887	30.7426	29.5952	29.4035	29.2781	35.3031	35.6908	35.7418	35.793	43.4413	43.368	0.0947385	0.0949535	0.103398	0.104561	0.105329	0.0758054	0.0419547	99	0	0
setup	0	2020-08-22 23:00:00	0	1.72	1.71134	3.15946	0	0	0.0086552	1.0181	0.122989	0	0.806544	1.58836	0	0	0	0	0	0	1206.32	455.788	0	36.2866	30.7087	30.6175	29.4082	29.371	29.2886	35.2926	35.6855	35.7403	35.7867	43.1122	43.3653	0.0951121	0.09554	0.104532	0.10476	0.105265	0.0758297	0.0436254	99	0	0
setup	0	2020-08-23 23:00:00	0	1.72	1.71134	3.15983	0	0	0.0086552	1.01878	0.123005	0	0.403275	1.58834	0	0	0	0	0	0	1206.49	455.918	0	36.2865	30.8781	30.7033	29.3339	29.3216	29.2892	35.2827	35.6799	35.7385	35.7745	43.1605	43.3535	0.0943222	0.0951377	0.104987	0.105062	0.105261	0.0758552	0.0433825	99	0	0
setup	0	2020-08-24 23:00:00	0	1.72	1.71134	3.1602	0	0	0.0086552	1.02009	0.12302	0	0.403277	1.58832	0	0	0	0	0	0	1206.65	456.051	0	36.2864	31.0192	30.8302	29.29	29.2863	29.2777	35.2734	35.6741	35.7366	35.7744	43.1971	43.3429	0.0936677	0.0945451	0.105256	0.105279	0.105332	0.0758816	0.0431979	99	0	0
setup	0	2020-08-25 23:00:00	0	1.72	1.71134	3.16058	0	0	0.0086552	1.01873	0.123036	0	0.40328	1.58831	0	0	0	0	0	0	1206.82	456.19	0	36.2862	30.6775	30.6479	29.4407	29.3875	29.2819	35.762	35.6943	35.7345	35.7755	43.2326	43.334	0.0952584	0.0953972	0.104335	0.104659	0.105306	0.0757896	0.043019	99	0	0
setup	0	2020-08-26 23:00:00	0	1.72	1.71134	3.16096	0	0	0.0086552	1.01923	0.123051	0	0.403284	1.58829	0	0	0	0	0	0	1206.99	456.331	0	36.2861	30.8601	30.6941	29.35	29.3335	29.2895	35.7084	35.7184	35.7347	35.7765	43.2672	43.3265	0.0944059	0.0951808	0.104888	0.104989	0.105259	0.0756797	0.0428436	99	0	0
setup	0	2020-08-27 23:00:00	0	1.72	1.71134	3.16133	0	0	0.0086552	1.02056	0.123067	0	0.403287	1.58828	0	0	0	0	0	0	1207.15	456.472	0	36.286	31.0029	30.8177	29.3022	29.2962	29.2809	35.6769	35.7198	35.7353	35.7776	43.301	43.3203	0.0937433	0.0946032	0.105181	0.105218	0.105312	0.0756734	0.0426719	99	0	0
setup	0	2020-08-28 23:00:00	0	1.72	1.71134	3.16171	0	0	0.0086552	1.01892	0.123083	0	1.20988	1.58826	0	0	0	0	0	0	1206.51	456.214	0	36.2858	30.6637	30.634	29.4473	29.3941	29.2873	35.6172	35.7205	35.7351	35.7787	43.3499	43.3188	0.0953232	0.0954628	0.104294	0.104619	0.105273	0.0756701	0.0424229	99	0	0
setup	0	2020-08-29 23:00:00	0	1.72	1.71134	3.1621	0	0	0.0086552	1.01943	0.123099	0	0.403312	1.58825	0	0	0	0	0	0	1206.68	456.351	0	36.2857	30.8466	30.6804	29.3552	29.3388	29.2949	35.5904	35.7211	35.7356	35.7798	43.3556	43.322	0.0944685	0.0952449	0.104856	0.104957	0.105226	0.0756675	0.0423939	99	0	0
setup	0	2020-08-30 23:00:00	0	1.72	1.71134	3.16248	0	0	0.0086552	1.02075	0.123115	0	0.403314	1.58823	0	0	0	0	0	0	1206.84	456.482	0	36.2855	30.9897	30.8043	29.3065	29.3006	29.2858	35.5652	35.7214	35.7362	35.7808	43.3598	43.3252	0.0938041	0.0946655	0.105155	0.105191	0.105282	0.075666	0.0423721	99	0	0
setup	0	2020-08-31 23:00:00	0	1.72	1.71134	3.16287	0	0	0.0086552	1.01935	0.123131	0	0.806621	1.58821	0	0	0	0	0	0	1206.6	456.211	0	36.2854	30.6498	30.648	29.4641	29.4023	29.2879	35.5166	35.7198	35.7359	35.7818	43.3855	43.3303	0.0953886	0.0953966	0.104192	0.104569	0.105269	0.0756735	0.0422409	99	0	0
setup	0	2020-09-01 23:00:00	0	1.72	1.71134	3.16326	0	0	0.0086552	1.01987	0.123147	0	0.403314	1.5882	0	0	0	0	0	0	1206.77	456.338	0	36.2853	30.8284	30.6715	29.3664	29.347	29.2964	35.4953	35.7191	35.7363	35.7828	43.3822	43.3351	0.0945533	0.0952866	0.104787	0.104907	0.105216	0.0756766	0.0422578	99	0	0
setup	0	2020-09-02 23:00:00	0	1.72	1.71134	3.16365	0	0	0.0086552	1.02094	0.123163	0	0.403316	1.58818	0	0	0	0	0	0	1206.93	456.461	0	36.2851	30.9753	30.79	29.3125	29.3061	29.2896	35.4752	35.718	35.7366	35.7839	43.3812	43.3381	0.093871	0.0947325	0.105118	0.105157	0.105258	0.0756813	0.0422628	99	0	0
setup	0	2020-09-03 23:00:00	0	1.72	1.71134	3.16404	0	0	0.0086552	1.01981	0.12318	0	0.806636	1.58817	0	0	0	0	0	0	1206.69	456.184	0	36.285	30.6608	30.6653	29.4787	29.4079	29.2894	35.4357	35.7135	35.7358	35.7848	43.4042	43.3423	0.0953368	0.0953159	0.104103	0.104534	0.10526	0.0757019	0.0421452	99	0	0
setup	0	2020-09-04 23:00:00	0	1.72	1.71134	3.16443	0	0	0.0086552	1.02004	0.123196	0	0.403321	1.58815	0	0	0	0	0	0	1206.86	456.305	0	36.2849	30.8141	30.6585	29.3717	29.3517	29.2996	35.4187	35.7114	35.7359	35.7858	43.398	43.3464	0.0946202	0.0953475	0.104755	0.104878	0.105197	0.0757117	0.0421767	99	0	0
setup	0	2020-09-05 23:00:00	0	1.72	1.71134	3.16483	0	0	0.0086552	1.02113	0.123213	0	0.403324	1.58813	0	0	0	0	0	0	1207.02	456.424	0	36.2847	30.962	30.7765	29.3161	29.3097	29.2931	35.4029	35.7089	35.7358	35.7867	43.3952	43.3486	0.0939326	0.0947953	0.105096	0.105135	0.105237	0.0757229	0.0421913	99	0	0
setup	0	2020-09-06 23:00:00	0	1.72	1.71134	3.16522	0	0	0.0086552	1.02001	0.123229	0	0.806653	1.58812	0	0	0	0	0	0	1206.78	456.144	0	36.2846	30.6479	30.6523	29.4807	29.4103	29.2926	35.3708	35.7015	35.734	35.7876	43.4167	43.3522	0.0953972	0.0953765	0.104091	0.104519	0.10524	0.0757566	0.0420812	99	0	0
setup	0	2020-09-07 23:00:00	0	1.72	1.71134	3.16562	0	0	0.0086552	1.02024	0.123246	0	0.806659	1.5881	0	0	0	0	0	0	1206.54	456.263	0	36.2844	30.8022	30.6464	29.3735	29.3538	29.3023	35.3574	35.698	35.7335	35.7885	43.4095	43.3557	0.0946756	0.0954043	0.104744	0.104865	0.10518	0.0757726	0.0421182	99	0	0
setup	0	2020-09-08 23:00:00	0	1.72	1.71134	3.16602	0	0	0.0086552	1.02133	0.123262	0	0.403332	1.58808	0	0	0	0	0	0	1206.71	456.379	0	36.2843	30.9503	30.7647	29.3175	29.3113	29.2953	35.3448	35.6942	35.7328	35.7893	43.4057	43.3574	0.0939868	0.0948507	0.105087	0.105125	0.105224	0.0757902	0.0421375	99	0	0
setup	0	2020-09-09 23:00:00	0	1.72	1.71134	3.16641	0	0	0.0086552	1.02021	0.123279	0	0.806671	1.58807	0	0	0	0	0	0	1206.47	456.096	0	36.2841	30.6364	30.6407	29.4808	29.4109	29.2941	35.3186	35.6841	35.7297	35.79	43.4264	43.3606	0.0954514	0.0954309	0.10409	0.104516	0.105231	0.075836	0.0420315	99	0	0
setup	0	2020-09-10 23:00:00	0	1.72	1.71134	3.16681	0	0	0.0086552	1.02071	0.123295	0	0.403338	1.58805	0	0	0	0	0	0	1206.63	456.213	0	36.284	30.7871	30.6409	29.3786	29.3564	29.3013	35.3079	35.6794	35.7285	35.7908	43.419	43.3635	0.094746	0.0954302	0.104713	0.104849	0.105187	0.0758577	0.0420695	99	0	0
setup	0	2020-09-11 23:00:00	0	1.72	1.71134	3.16721	0	0	0.0086552	1.0218	0.123312	0	0.403341	1.58803	0	0	0	0	0	0	1206.8	456.328	0	36.2839	30.9364	30.7556	29.3228	29.3146	29.2939	35.298	35.6744	35.7272	35.7916	43.4148	43.365	0.0940511	0.0948932	0.105055	0.105105	0.105232	0.0758803	0.042091	99	0	0
setup	0	2020-09-12 23:00:00	0	1.72	1.71134	3.16762	0	0	0.0086552	1.02069	0.123329	0	1.21003	1.58802	0	0	0	0	0	0	1206.15	455.644	0	36.2837	30.663	30.6626	29.4954	29.4136	29.2918	35.2765	35.6623	35.7226	35.7907	43.0967	43.3649	0.0953265	0.0953283	0.104002	0.104499	0.105245	0.0759357	0.0437033	99	0	0
setup	0	2020-09-13 23:00:00	0	1.72	1.71134	3.16802	0	0	0.0086552	1.02088	0.123346	0	0.403346	1.588	0	0	0	0	0	0	1206.32	455.769	0	36.2836	30.7741	30.6297	29.3811	29.3583	29.3009	35.2679	35.6566	35.7206	35.7734	43.1556	43.3532	0.0948065	0.0954828	0.104698	0.104837	0.105189	0.0759618	0.0434071	99	0	0
setup	0	2020-09-14 23:00:00	0	1.72	1.71134	3.16842	0	0	0.0086552	1.02198	0.123362	0	0	1.58798	0	0	0	0	0	0	1206.88	456.301	0	36.2834	30.9244	30.7433	29.3234	29.3151	29.294	35.7351	35.7121	35.7219	35.7704	43.1629	43.3427	0.0941071	0.0949502	0.105051	0.105102	0.105231	0.0757084	0.0433704	99	0	0
setup	0	2020-09-15 23:00:00	0	1.72	1.71134	3.16882	0	0	0.0086552	1.02088	0.123379	0	0.806704	1.58797	0	0	0	0	0	0	1206.64	456.035	0	36.2833	30.6513	30.6509	29.4945	29.4131	29.2918	35.6695	35.7188	35.7227	35.7707	43.2333	43.3336	0.0953814	0.0953834	0.104007	0.104503	0.105245	0.0756779	0.0430153	99	0	0
setup	0	2020-09-16 23:00:00	0	1.72	1.71134	3.16923	0	0	0.0086552	1.02108	0.123396	0	0.403355	1.58795	0	0	0	0	0	0	1206.81	456.174	0	36.2831	30.7635	30.6189	29.3804	29.3577	29.3008	35.6406	35.7199	35.7238	35.7716	43.2677	43.3259	0.094856	0.0955336	0.104702	0.104841	0.10519	0.075673	0.0428408	99	0	0
setup	0	2020-09-17 23:00:00	0	1.72	1.71134	3.16963	0	0	0.0086552	1.0222	0.123413	0	0.403357	1.58793	0	0	0	0	0	0	1206.97	456.313	0	36.283	30.9143	30.7331	29.3226	29.3145	29.2938	35.6133	35.7208	35.725	35.7726	43.3014	43.3194	0.0941538	0.094998	0.105056	0.105106	0.105233	0.075669	0.04267	99	0	0
setup	0	2020-09-18 23:00:00	0	1.72	1.71134	3.17004	0	0	0.0086552	1.02193	0.12343	0	1.21008	1.58792	0	0	0	0	0	0	1206.32	456.052	0	36.2829	30.7235	30.7077	29.5337	29.4148	29.2851	35.561	35.7203	35.7259	35.7738	43.3536	43.3166	0.0950431	0.095117	0.10377	0.104492	0.105286	0.0756708	0.0424037	99	0	0
setup	0	2020-09-19 23:00:00	0	1.72	1.71134	3.17044	0	0	0.0086552	1.0215	0.123447	0	0.403363	1.5879	0	0	0	0	0	0	1206.49	456.187	0	36.2827	30.7441	30.6163	29.3913	29.3637	29.2965	35.5376	35.7203	35.7268	35.7748	43.3572	43.32	0.0949465	0.0955456	0.104636	0.104804	0.105216	0.0756713	0.0423853	99	0	0
setup	0	2020-09-20 23:00:00	0	1.72	1.71134	3.17085	0	0	0.0086552	1.02237	0.123463	0	0.403365	1.58788	0	0	0	0	0	0	1206.65	456.316	0	36.2826	30.9008	30.72	29.3257	29.3167	29.293	35.5156	35.7199	35.7277	35.7758	43.3602	43.3237	0.0942164	0.0950593	0.105037	0.105092	0.105238	0.0756731	0.0423702	99	0	0
setup	0	2020-09-21 23:00:00	0	1.72	1.71134	3.17125	0	0	0.0086552	1.0224	0.12348	0	0.806736	1.58786	0	0	0	0	0	0	1206.41	456.043	0	36.2824	30.7535	30.7248	29.5598	29.4118	29.2828	35.4725	35.7167	35.7279	35.7768	43.3896	43.3277	0.0949026	0.095037	0.103611	0.10451	0.105301	0.0756875	0.0422199	99	0	0
setup	0	2020-09-22 23:00:00	0	1.72	1.71134	3.17166	0	0	0.0086552	1.02191	0.123497	0	0.403371	1.58785	0	0	0	0	0	0	1206.57	456.167	0	36.2823	30.7243	30.6134	29.3995	29.3676	29.2934	35.4537	35.7152	35.7285	35.7778	43.3838	43.3327	0.0950394	0.0955593	0.104585	0.10478	0.105235	0.0756943	0.0422494	99	0	0
setup	0	2020-09-23 23:00:00	0	1.72	1.71134	3.17206	0	0	0.0086552	1.02281	0.123514	0	0.403373	1.58783	0	0	0	0	0	0	1206.73	456.288	0	36.2821	30.8843	30.7094	29.3318	29.3204	29.2908	35.4359	35.7134	35.729	35.7788	43.3818	43.3362	0.0942931	0.0951089	0.105	0.10507	0.105251	0.0757027	0.04226	99	0	0
setup	0	2020-09-24 23:00:00	0	1.72	1.71134	3.17247	0	0	0.0086552	1.02409	0.123531	0	0.403376	1.58781	0	0	0	0	0	0	1206.89	456.407	0	36.282	31.0224	30.8338	29.2892	29.2858	29.2781	35.4192	35.7112	35.7294	35.7797	43.3811	43.3385	0.0936531	0.094528	0.105261	0.105282	0.105329	0.0757125	0.0422636	99	0	0
setup	0	2020-09-25 23:00:00	0	1.72	1.71134	3.17287	0	0	0.0086552	1.02268	0.123548	0	0.806757	1.5878	0	0	0	0	0	0	1206.65	456.126	0	36.2818	30.6779	30.649	29.4402	29.3871	29.2819	35.3853	35.7045	35.7285	35.7806	43.4024	43.3429	0.0952567	0.095392	0.104337	0.104661	0.105306	0.0757433	0.0421541	99	0	0
setup	0	2020-09-26 23:00:00	0	1.72	1.71134	3.17327	0	0	0.0086552	1.02314	0.123565	0	0.403381	1.58778	0	0	0	0	0	0	1206.81	456.243	0	36.2817	30.8576	30.6921	29.3491	29.3327	29.289	35.3709	35.7012	35.7284	35.7815	43.397	43.3464	0.0944173	0.0951901	0.104894	0.104994	0.105262	0.0757579	0.0421818	99	0	0
setup	0	2020-09-27 23:00:00	0	1.72	1.71134	3.17368	0	0	0.0086552	1.02443	0.123581	0	0.403384	1.58776	0	0	0	0	0	0	1206.97	456.359	0	36.2816	30.9978	30.813	29.3007	29.2947	29.2799	35.3574	35.6977	35.7282	35.7825	43.3946	43.3483	0.0937667	0.0946251	0.10519	0.105227	0.105318	0.0757739	0.0421944	99	0	0
setup	0	2020-09-28 23:00:00	0	1.72	1.71134	3.17408	0	0	0.0086552	1.02275	0.123598	0	1.21016	1.58775	0	0	0	0	0	0	1206.33	456.075	0	36.2814	30.6563	30.6271	29.4449	29.3918	29.2857	35.3292	35.6883	35.726	35.7832	43.4144	43.3523	0.0953577	0.0954951	0.104308	0.104632	0.105283	0.0758168	0.042093	99	0	0
setup	0	2020-09-29 23:00:00	0	1.72	1.71134	3.17448	0	0	0.0086552	1.02321	0.123615	0	0.403389	1.58773	0	0	0	0	0	0	1206.49	456.189	0	36.2813	30.8369	30.671	29.3522	29.3359	29.2927	35.3175	35.6838	35.7252	35.784	43.4079	43.3554	0.0945139	0.0952891	0.104875	0.104974	0.10524	0.0758374	0.0421261	99	0	0
setup	0	2020-09-30 23:00:00	0	1.72	1.71134	3.17488	0	0	0.0086552	1.0245	0.123632	0	0.403391	1.58771	0	0	0	0	0	0	1206.65	456.302	0	36.2811	30.9777	30.7926	29.3028	29.2971	29.2829	35.3066	35.6791	35.7242	35.7848	43.4046	43.3568	0.0938597	0.0947203	0.105177	0.105212	0.1053	0.0758591	0.042143	99	0	0
setup	0	2020-10-01 23:00:00	0	1.72	1.71134	3.17528	0	0	0.0086552	1.02333	0.123648	0	0.806787	1.5877	0	0	0	0	0	0	1206.41	456.016	0	36.281	30.6611	30.6657	29.4705	29.3997	29.2816	35.2832	35.6673	35.7204	35.7853	43.4253	43.3598	0.0953354	0.0953139	0.104153	0.104584	0.105307	0.0759126	0.0420369	99	0	0
setup	0	2020-10-02 23:00:00	0	1.72	1.71134	3.17568	0	0	0.0086552	1.02352	0.123665	0	0.403396	1.58768	0	0	0	0	0	0	1206.57	456.129	0	36.2808	30.8111	30.656	29.3633	29.3434	29.2914	35.2739	35.6618	35.7188	35.7861	43.4175	43.3629	0.0946341	0.0953594	0.104807	0.104929	0.105248	0.0759377	0.0420768	99	0	0
setup	0	2020-10-03 23:00:00	0	1.72	1.71134	3.17608	0	0	0.0086552	1.02457	0.123682	0	0.403399	1.58766	0	0	0	0	0	0	1206.73	456.241	0	36.2807	30.9566	30.7715	29.3073	29.301	29.2845	35.2653	35.6562	35.7171	35.7868	43.4133	43.3642	0.0939576	0.0948189	0.10515	0.105189	0.10529	0.0759635	0.0420985	99	0	0
setup	0	2020-10-04 23:00:00	0	1.72	1.71134	3.17648	0	0	0.0086552	1.0234	0.123698	0	0.403401	1.58765	0	0	0	0	0	0	1206.89	456.357	0	36.2805	30.6408	30.6453	29.4715	29.4012	29.2836	35.7126	35.7082	35.7175	35.7875	43.4172	43.3622	0.0954306	0.0954095	0.104147	0.104575	0.105295	0.0757264	0.0420783	99	0	0
setup	0	2020-10-05 23:00:00	0	1.72	1.71134	3.17688	0	0	0.0086552	1.02387	0.123715	0	0.403404	1.58763	0	0	0	0	0	0	1207.05	456.473	0	36.2804	30.7886	30.6429	29.369	29.3467	29.2912	35.6798	35.7112	35.7186	35.7883	43.414	43.3636	0.0947391	0.0954209	0.104772	0.104908	0.105249	0.0757126	0.042095	99	0	0
setup	0	2020-10-06 23:00:00	0	1.72	1.71134	3.17727	0	0	0.0086552	1.02492	0.123731	0	0.403406	1.58761	0	0	0	0	0	0	1207.21	456.587	0	36.2803	30.9359	30.7554	29.3132	29.305	29.2841	35.65	35.7125	35.7197	35.789	43.4117	43.365	0.0940534	0.0948938	0.105113	0.105164	0.105292	0.0757067	0.0421069	99	0	0
setup	0	2020-10-07 23:00:00	0	1.72	1.71134	3.17767	0	0	0.0086552	1.02377	0.123748	0	0.806818	1.5876	0	0	0	0	0	0	1206.96	456.301	0	36.2801	30.6611	30.6608	29.4863	29.4043	29.2822	35.5932	35.713	35.7204	35.7894	43.4335	43.368	0.0953355	0.0953369	0.104057	0.104556	0.105304	0.0757044	0.0419949	99	0	0
setup	0	2020-10-08 23:00:00	0	1.72	1.71134	3.17806	0	0	0.0086552	1.02394	0.123764	0	1.21023	1.58758	0	0	0	0	0	0	1206.32	456.017	0	36.28	30.7701	30.6261	29.372	29.3491	29.2917	35.5679	35.7135	35.7214	35.7795	43.1161	43.3641	0.0948251	0.0954998	0.104753	0.104894	0.105246	0.0757018	0.0436059	99	0	0
setup	0	2020-10-09 23:00:00	0	1.72	1.71134	3.17845	0	0	0.0086552	1.02501	0.12378	0	0.403413	1.58756	0	0	0	0	0	0	1206.48	456.14	0	36.2798	30.9184	30.7377	29.314	29.3057	29.2847	35.5438	35.7137	35.7222	35.7688	43.1597	43.3526	0.0941346	0.0949766	0.105109	0.10516	0.105289	0.0757013	0.0433868	99	0	0
setup	0	2020-10-10 23:00:00	0	1.72	1.71134	3.17884	0	0	0.0086552	1.02414	0.123797	0	0.806831	1.58755	0	0	0	0	0	0	1206.23	455.869	0	36.2797	30.6834	30.6758	29.501	29.4042	29.2796	35.4972	35.7116	35.7225	35.7682	43.23	43.3425	0.0952308	0.0952664	0.103968	0.104557	0.10532	0.0757107	0.0430321	99	0	0
setup	0	2020-10-11 23:00:00	0	1.72	1.71134	3.17923	0	0	0.0086552	1.02426	0.123813	0	0.403418	1.58753	0	0	0	0	0	0	1206.39	456.002	0	36.2795	30.747	30.6167	29.3782	29.3517	29.288	35.4766	35.7107	35.7231	35.7689	43.2644	43.3338	0.0949334	0.0955438	0.104716	0.104878	0.105268	0.075715	0.0428578	99	0	0
setup	0	2020-10-12 23:00:00	0	1.72	1.71134	3.17962	0	0	0.0086552	1.02508	0.123829	0	0.40342	1.58752	0	0	0	0	0	0	1206.55	456.136	0	36.2794	30.9007	30.7201	29.3146	29.3059	29.2832	35.4572	35.7094	35.7237	35.7699	43.298	43.3265	0.0942171	0.0950589	0.105105	0.105159	0.105298	0.0757207	0.0426873	99	0	0
setup	0	2020-10-13 23:00:00	0	1.72	1.71134	3.18001	0	0	0.0086552	1.02507	0.123845	0	0.806844	1.5875	0	0	0	0	0	0	1206.31	455.87	0	36.2793	30.7517	30.7231	29.5498	29.4015	29.2725	35.4189	35.7044	35.7232	35.7709	43.3561	43.3214	0.0949111	0.095045	0.103672	0.104573	0.105364	0.0757433	0.0423913	99	0	0
setup	0	2020-10-14 23:00:00	0	1.72	1.71134	3.18039	0	0	0.0086552	1.02454	0.123861	0	0.403424	1.58748	0	0	0	0	0	0	1206.47	456.003	0	36.2791	30.7204	30.6098	29.3892	29.3573	29.283	35.4023	35.7021	35.7234	35.7719	43.3606	43.3237	0.0950578	0.0955761	0.104648	0.104844	0.105299	0.0757542	0.0423679	99	0	0
setup	0	2020-10-15 23:00:00	0	1.72	1.71134	3.18077	0	0	0.0086552	1.0254	0.123877	0	0.403427	1.58747	0	0	0	0	0	0	1206.63	456.129	0	36.279	30.8787	30.704	29.3212	29.3098	29.2802	35.3866	35.6994	35.7235	35.7729	43.3638	43.327	0.0943193	0.0951342	0.105064	0.105134	0.105316	0.0757665	0.0423516	99	0	0
setup	0	2020-10-16 23:00:00	0	1.72	1.71134	3.18115	0	0	0.0086552	1.02664	0.123893	0	0.403429	1.58745	0	0	0	0	0	0	1206.78	456.252	0	36.2788	31.0151	30.8268	29.2784	29.2751	29.2674	35.3719	35.6964	35.7235	35.774	43.3664	43.3297	0.0936867	0.094561	0.105327	0.105348	0.105395	0.0757802	0.0423384	99	0	0
setup	0	2020-10-17 23:00:00	0	1.72	1.71134	3.18153	0	0	0.0086552	1.02519	0.123908	0	0.806862	1.58744	0	0	0	0	0	0	1206.54	455.973	0	36.2787	30.6693	30.6407	29.4292	29.3761	29.271	35.3415	35.6879	35.7216	35.7749	43.39	43.3346	0.0952968	0.0954312	0.104404	0.104728	0.105373	0.0758187	0.0422176	99	0	0
setup	0	2020-10-18 23:00:00	0	1.72	1.71134	3.1819	0	0	0.0086552	1.02562	0.123924	0	0.403433	1.58742	0	0	0	0	0	0	1206.7	456.091	0	36.2786	30.8476	30.6822	29.3378	29.3214	29.2779	35.3288	35.6839	35.721	35.7758	43.3863	43.3388	0.094464	0.0952364	0.104963	0.105063	0.105331	0.0758369	0.042237	99	0	0
setup	0	2020-10-19 23:00:00	0	1.72	1.71134	3.18227	0	0	0.0086552	1.02688	0.123939	0	0.403435	1.58741	0	0	0	0	0	0	1206.85	456.207	0	36.2784	30.9864	30.8017	29.2891	29.2832	29.2685	35.3168	35.6797	35.7204	35.7768	43.385	43.3412	0.0938196	0.0946778	0.105262	0.105298	0.105388	0.0758563	0.0422433	99	0	0
setup	0	2020-10-20 23:00:00	0	1.72	1.71134	3.18264	0	0	0.0086552	1.02539	0.123955	0	1.21031	1.58739	0	0	0	0	0	0	1206.21	455.924	0	36.2783	30.6427	30.6416	29.447	29.3849	29.2703	35.2914	35.6688	35.7171	35.7776	43.4067	43.3453	0.0954217	0.0954269	0.104296	0.104674	0.105377	0.0759059	0.0421323	99	0	0
setup	0	2020-10-21 23:00:00	0	1.72	1.71134	3.18301	0	0	0.0086552	1.02583	0.12397	0	0.403439	1.58737	0	0	0	0	0	0	1206.36	456.038	0	36.2782	30.817	30.6607	29.3484	29.329	29.2785	35.281	35.6636	35.7157	35.7784	43.4007	43.3489	0.0946064	0.0953372	0.104898	0.105017	0.105327	0.0759295	0.0421628	99	0	0
setup	0	2020-10-22 23:00:00	0	1.72	1.71134	3.18337	0	0	0.0086552	1.02683	0.123985	0	0.403441	1.58736	0	0	0	0	0	0	1206.52	456.15	0	36.278	30.96	30.7752	29.2937	29.2874	29.2711	35.2712	35.6583	35.7142	35.7792	43.3977	43.3508	0.0939417	0.0948015	0.105233	0.105272	0.105372	0.0759539	0.0421786	99	0	0
setup	0	2020-10-23 23:00:00	0	1.72	1.71134	3.18374	0	0	0.0086552	1.02562	0.124	0	0.403443	1.58734	0	0	0	0	0	0	1206.68	456.265	0	36.2779	30.6428	30.6474	29.459	29.3884	29.2702	35.7176	35.7132	35.715	35.78	43.4026	43.3494	0.095421	0.0953995	0.104223	0.104654	0.105378	0.0757034	0.0421536	99	0	0
setup	0	2020-10-24 23:00:00	0	1.72	1.71134	3.18409	0	0	0.0086552	1.02604	0.124015	0	0.403445	1.58733	0	0	0	0	0	0	1206.84	456.38	0	36.2778	30.7883	30.6429	29.3564	29.3339	29.2779	35.6838	35.7162	35.7164	35.7808	43.4001	43.3513	0.0947405	0.0954207	0.104849	0.104987	0.10533	0.0756899	0.0421662	99	0	0
setup	0	2020-10-25 23:00:00	0	1.72	1.71134	3.18445	0	0	0.0086552	1.02706	0.12403	0	0.403448	1.58731	0	0	0	0	0	0	1206.99	456.494	0	36.2776	30.934	30.7537	29.3004	29.2921	29.2709	35.6531	35.7174	35.7178	35.7816	43.3985	43.3532	0.0940624	0.0949017	0.105192	0.105243	0.105373	0.0756844	0.0421745	99	0	0
setup	0	2020-10-26 23:00:00	0	1.72	1.71134	3.1848	0	0	0.0086552	1.02587	0.124045	0	0.806899	1.5873	0	0	0	0	0	0	1206.75	456.208	0	36.2775	30.6579	30.6577	29.4738	29.3916	29.2691	35.5945	35.7178	35.7191	35.7822	43.4209	43.3567	0.0953502	0.0953513	0.104133	0.104634	0.105385	0.0756825	0.0420596	99	0	0
setup	0	2020-10-27 23:00:00	0	1.72	1.71134	3.18515	0	0	0.0086552	1.026	0.124059	0	0.403452	1.58729	0	0	0	0	0	0	1206.91	456.321	0	36.2774	30.7652	30.6214	29.3592	29.3362	29.2785	35.5683	35.7182	35.7204	35.7829	43.4138	43.3602	0.094848	0.0955218	0.104831	0.104972	0.105327	0.0756804	0.0420957	99	0	0
setup	0	2020-10-28 23:00:00	0	1.72	1.71134	3.1855	0	0	0.0086552	1.02704	0.124074	0	0.403454	1.58727	0	0	0	0	0	0	1207.06	456.432	0	36.2772	30.9126	30.732	29.3013	29.293	29.2719	35.5437	35.7184	35.7216	35.7837	43.4103	43.362	0.0941617	0.0950031	0.105186	0.105237	0.105367	0.0756796	0.042114	99	0	0
setup	0	2020-10-29 23:00:00	0	1.72	1.71134	3.18584	0	0	0.0086552	1.0267	0.124088	0	0.806911	1.58726	0	0	0	0	0	0	1206.82	456.143	0	36.2771	30.7192	30.7036	29.5134	29.3938	29.2634	35.4958	35.7164	35.7225	35.784	43.4334	43.3644	0.0950634	0.0951364	0.103893	0.10462	0.105419	0.075689	0.0419952	99	0	0
setup	0	2020-10-30 23:00:00	0	1.72	1.71134	3.18618	0	0	0.0086552	1.02646	0.124102	0	0.403458	1.58724	0	0	0	0	0	0	1206.97	456.254	0	36.277	30.7308	30.6179	29.3765	29.3452	29.273	35.4748	35.7155	35.7235	35.7847	43.4249	43.3676	0.095009	0.095538	0.104726	0.104918	0.105361	0.0756932	0.0420389	99	0	0
setup	0	2020-10-31 23:00:00	0	1.72	1.71134	3.18651	0	0	0.0086552	1.02727	0.124116	0	0.806919	1.58723	0	0	0	0	0	0	1206.73	456.364	0	36.2768	30.8868	30.7124	29.3105	29.2992	29.2699	35.455	35.7142	35.7243	35.7854	43.4201	43.3694	0.0942818	0.0950951	0.10513	0.1052	0.10538	0.0756988	0.0420637	99	0	0
setup	0	2020-11-01 23:00:00	0	1.72	1.71134	3.18685	0	0	0.0086552	1.02848	0.12413	0	0.403461	1.58721	0	0	0	0	0	0	1206.88	456.471	0	36.2767	31.0215	30.8335	29.2684	29.265	29.2571	35.4361	35.7125	35.7251	35.786	43.417	43.3702	0.093657	0.0945295	0.105389	0.10541	0.105458	0.0757064	0.0420793	99	0	0
setup	0	2020-11-02 23:00:00	0	1.72	1.71134	3.18717	0	0	0.0086552	1.02699	0.124144	0	1.21039	1.5872	0	0	0	0	0	0	1206.23	455.781	0	36.2766	30.674	30.6459	29.4203	29.3669	29.2611	35.3984	35.7067	35.7248	35.7829	43.1083	43.3689	0.0952748	0.0954067	0.104458	0.104785	0.105434	0.075733	0.0436452	99	0	0
setup	0	2020-11-03 23:00:00	0	1.72	1.71134	3.1875	0	0	0.0086552	1.02737	0.124157	0	0.403464	1.58719	0	0	0	0	0	0	1206.39	455.9	0	36.2765	30.8506	30.6856	29.3287	29.3121	29.2681	35.382	35.7038	35.7249	35.7682	43.1574	43.3572	0.0944497	0.0952207	0.105019	0.10512	0.10539	0.0757462	0.0433985	99	0	0
setup	0	2020-11-04 23:00:00	0	1.72	1.71134	3.18782	0	0	0.0086552	1.02859	0.12417	0	0.403466	1.58717	0	0	0	0	0	0	1206.54	456.024	0	36.2763	30.988	30.8035	29.2798	29.2738	29.2588	35.3666	35.7006	35.725	35.7671	43.194	43.3465	0.0938124	0.0946694	0.105319	0.105355	0.105448	0.0757607	0.0432138	99	0	0
setup	0	2020-11-05 23:00:00	0	1.72	1.71134	3.18813	0	0	0.0086552	1.02706	0.124184	0	0.806935	1.58716	0	0	0	0	0	0	1206.3	455.752	0	36.2762	30.6429	30.6421	29.4381	29.3758	29.2607	35.335	35.6918	35.7233	35.7677	43.2627	43.3376	0.0954207	0.0954248	0.10435	0.10473	0.105436	0.0758009	0.0428662	99	0	0
setup	0	2020-11-06 23:00:00	0	1.72	1.71134	3.18844	0	0	0.0086552	1.02746	0.124197	0	0.403469	1.58715	0	0	0	0	0	0	1206.45	455.884	0	36.2761	30.816	30.6599	29.3394	29.3199	29.2691	35.3218	35.6876	35.7228	35.7687	43.2963	43.3299	0.0946111	0.0953409	0.104953	0.105073	0.105384	0.0758202	0.0426957	99	0	0
setup	0	2020-11-07 23:00:00	0	1.72	1.71134	3.18875	0	0	0.0086552	1.02842	0.124209	0	0.403471	1.58714	0	0	0	0	0	0	1206.61	456.015	0	36.276	30.958	30.7733	29.2846	29.2783	29.2619	35.3094	35.6831	35.7221	35.7697	43.3291	43.3233	0.0939513	0.0948103	0.105289	0.105328	0.105429	0.0758406	0.0425288	99	0	0
setup	0	2020-11-08 23:00:00	0	1.72	1.71134	3.18905	0	0	0.0086552	1.02717	0.124222	0	0.806945	1.58712	0	0	0	0	0	0	1206.36	455.746	0	36.2759	30.6401	30.6447	29.4503	29.3795	29.2611	35.2833	35.6718	35.7189	35.7707	43.3664	43.3241	0.0954341	0.0954124	0.104276	0.104708	0.105434	0.0758923	0.0423385	99	0	0
setup	0	2020-11-09 23:00:00	0	1.72	1.71134	3.18935	0	0	0.0086552	1.02756	0.124234	0	0.403474	1.58711	0	0	0	0	0	0	1206.52	455.872	0	36.2757	30.7841	30.6389	29.3473	29.3248	29.2687	35.2727	35.6665	35.7176	35.7717	43.368	43.328	0.0947599	0.0954395	0.104904	0.105042	0.105387	0.0759166	0.0423302	99	0	0
setup	0	2020-11-10 23:00:00	0	1.72	1.71134	3.18964	0	0	0.0086552	1.02854	0.124246	0	0	1.5871	0	0	0	0	0	0	1207.08	456.395	0	36.2756	30.9288	30.7486	29.2911	29.2828	29.2616	35.7451	35.7218	35.7196	35.7728	43.3528	43.3269	0.0940866	0.0949256	0.105249	0.1053	0.105431	0.075664	0.0424081	99	0	0
setup	0	2020-11-11 23:00:00	0	1.72	1.71134	3.18992	0	0	0.0086552	1.02731	0.124258	0	1.21043	1.58709	0	0	0	0	0	0	1206.42	456.118	0	36.2755	30.6522	30.6519	29.4647	29.3824	29.2597	35.6752	35.7259	35.7258	35.7737	43.3831	43.3298	0.0953774	0.0953784	0.104188	0.10469	0.105442	0.0756457	0.042253	99	0	0
setup	0	2020-11-12 23:00:00	0	1.72	1.71134	3.1902	0	0	0.0086552	1.0274	0.12427	0	0.403479	1.58707	0	0	0	0	0	0	1206.58	456.238	0	36.2754	30.7584	30.6147	29.3498	29.3268	29.269	35.6441	35.7269	35.7271	35.7746	43.3804	43.3345	0.0948798	0.0955534	0.104889	0.10503	0.105385	0.0756412	0.0422668	99	0	0
setup	0	2020-11-13 23:00:00	0	1.72	1.71134	3.19048	0	0	0.0086552	1.0284	0.124282	0	0.403481	1.58706	0	0	0	0	0	0	1206.74	456.354	0	36.2753	30.9049	30.7244	29.2916	29.2833	29.2622	35.6148	35.7277	35.7283	35.7755	43.38	43.3377	0.0941975	0.0950389	0.105246	0.105297	0.105427	0.0756374	0.0422688	99	0	0
setup	0	2020-11-14 23:00:00	0	1.72	1.71134	3.19075	0	0	0.0086552	1.02832	0.124293	0	0.806964	1.58705	0	0	0	0	0	0	1206.49	456.069	0	36.2752	30.7537	30.7253	29.53	29.3808	29.2512	35.5588	35.7272	35.7295	35.7762	43.4068	43.3412	0.0949016	0.0950346	0.103792	0.1047	0.105495	0.0756397	0.0421316	99	0	0
setup	0	2020-11-15 23:00:00	0	1.72	1.71134	3.19102	0	0	0.0086552	1.02771	0.124304	0	0.403483	1.58704	0	0	0	0	0	0	1206.64	456.183	0	36.2751	30.7196	30.6096	29.3692	29.337	29.262	35.5338	35.727	35.7306	35.777	43.3995	43.3456	0.0950613	0.0955773	0.104771	0.104968	0.105428	0.0756403	0.0421693	99	0	0
setup	0	2020-11-16 23:00:00	0	1.72	1.71134	3.19128	0	0	0.0086552	1.02851	0.124315	0	0.403485	1.58703	0	0	0	0	0	0	1206.8	456.295	0	36.2749	30.8758	30.7015	29.3013	29.2897	29.2597	35.5101	35.7266	35.7316	35.7779	43.3962	43.3485	0.0943326	0.0951458	0.105187	0.105258	0.105443	0.0756424	0.0421863	99	0	0
setup	0	2020-11-17 23:00:00	0	1.72	1.71134	3.19153	0	0	0.0086552	1.02968	0.124325	0	0.403487	1.58702	0	0	0	0	0	0	1206.95	456.405	0	36.2748	31.0102	30.8222	29.2585	29.2551	29.2471	35.4878	35.7258	35.7326	35.7787	43.3945	43.3502	0.0937092	0.0945822	0.10545	0.105471	0.10552	0.0756461	0.0421949	99	0	0
setup	0	2020-11-18 23:00:00	0	1.72	1.71134	3.19178	0	0	0.0086552	1.02816	0.124336	0	0.806976	1.58701	0	0	0	0	0	0	1206.7	456.116	0	36.2747	30.6627	30.6345	29.41	29.3567	29.251	35.4439	35.7217	35.7329	35.7793	43.4149	43.3542	0.0953277	0.0954604	0.104521	0.104847	0.105496	0.0756649	0.0420902	99	0	0
setup	0	2020-11-19 23:00:00	0	1.72	1.71134	3.19202	0	0	0.0086552	1.02852	0.124346	0	0.40349	1.587	0	0	0	0	0	0	1206.86	456.226	0	36.2746	30.8393	30.6741	29.3184	29.302	29.2581	35.4247	35.7197	35.7335	35.78	43.4089	43.3573	0.0945027	0.0952742	0.105081	0.105183	0.105452	0.075674	0.0421211	99	0	0
setup	0	2020-11-20 23:00:00	0	1.72	1.71134	3.19226	0	0	0.0086552	1.02971	0.124356	0	0.403491	1.58699	0	0	0	0	0	0	1207.01	456.334	0	36.2745	30.9764	30.7919	29.2697	29.2637	29.2489	35.4067	35.7173	35.734	35.7808	43.4059	43.3588	0.0938657	0.0947233	0.105381	0.105418	0.105509	0.0756847	0.0421364	99	0	0
setup	0	2020-11-21 23:00:00	0	1.72	1.71134	3.19249	0	0	0.0086552	1.02842	0.124365	0	1.21048	1.58698	0	0	0	0	0	0	1206.36	456.044	0	36.2744	30.6573	30.6621	29.4393	29.3678	29.2483	35.3703	35.7101	35.7332	35.7812	43.4267	43.3619	0.0953532	0.0953309	0.104343	0.104779	0.105513	0.0757176	0.0420295	99	0	0
setup	0	2020-11-22 23:00:00	0	1.72	1.71134	3.19271	0	0	0.0086552	1.0285	0.124374	0	0.403493	1.58697	0	0	0	0	0	0	1206.52	456.152	0	36.2743	30.8029	30.6484	29.3316	29.3113	29.2585	35.3547	35.7065	35.7331	35.7819	43.4192	43.365	0.0946722	0.095395	0.105001	0.105125	0.10545	0.0757339	0.0420685	99	0	0
setup	0	2020-11-23 23:00:00	0	1.72	1.71134	3.19293	0	0	0.0086552	1.02944	0.124383	0	0.403495	1.58696	0	0	0	0	0	0	1206.67	456.258	0	36.2742	30.9452	30.7605	29.2754	29.2689	29.252	35.34	35.7026	35.7328	35.7825	43.415	43.3664	0.0940104	0.09487	0.105346	0.105386	0.10549	0.0757516	0.0420896	99	0	0
setup	0	2020-11-24 23:00:00	0	1.72	1.71134	3.19314	0	0	0.0086552	1.02844	0.124392	0	1.21049	1.58695	0	0	0	0	0	0	1206.02	455.565	0	36.2741	30.6654	30.6652	29.4538	29.3712	29.2487	35.3099	35.6925	35.7305	35.782	43.0951	43.3662	0.0953152	0.0953161	0.104254	0.104759	0.10551	0.075798	0.0437113	99	0	0
setup	0	2020-11-25 23:00:00	0	1.72	1.71134	3.19334	0	0	0.0086552	1.02848	0.124401	0	0.403497	1.58694	0	0	0	0	0	0	1206.17	455.683	0	36.274	30.7695	30.6261	29.3395	29.3162	29.2579	35.2972	35.6875	35.7296	35.7657	43.1511	43.3546	0.094828	0.0954995	0.104952	0.105095	0.105453	0.0758206	0.0434297	99	0	0
setup	0	2020-11-26 23:00:00	0	1.72	1.71134	3.19354	0	0	0.0086552	1.02943	0.124409	0	0.403498	1.58694	0	0	0	0	0	0	1206.33	455.806	0	36.2739	30.9146	30.7343	29.2816	29.2731	29.2513	35.2853	35.6823	35.7285	35.764	43.1882	43.3437	0.0941527	0.0949924	0.105308	0.10536	0.105494	0.0758444	0.0432432	99	0	0
setup	0	2020-11-27 23:00:00	0	1.72	1.71134	3.19373	0	0	0.0086552	1.02901	0.124417	0	0.403499	1.58693	0	0	0	0	0	0	1206.48	455.932	0	36.2739	30.7193	30.7038	29.4948	29.3744	29.2429	35.8163	35.6848	35.7272	35.7646	43.2235	43.3345	0.0950626	0.0951351	0.104005	0.104739	0.105546	0.075833	0.0430648	99	0	0
setup	0	2020-11-28 23:00:00	0	1.72	1.71134	3.19391	0	0	0.0086552	1.02869	0.124424	0	0.403501	1.58692	0	0	0	0	0	0	1206.64	456.062	0	36.2738	30.7287	30.6162	29.3574	29.3257	29.2527	35.7205	35.7289	35.7285	35.7656	43.258	43.3268	0.0950188	0.0955462	0.104843	0.105037	0.105485	0.0756319	0.04289	99	0	0
setup	0	2020-11-29 23:00:00	0	1.72	1.71134	3.19409	0	0	0.0086552	1.02942	0.124432	0	0.403502	1.58691	0	0	0	0	0	0	1206.79	456.192	0	36.2737	30.883	30.7088	29.2912	29.2797	29.2499	35.6865	35.7301	35.7301	35.7668	43.2917	43.3203	0.0942994	0.0951116	0.105249	0.10532	0.105503	0.0756263	0.042719	99	0	0
setup	0	2020-11-30 23:00:00	0	1.72	1.71134	3.19426	0	0	0.0086552	1.03056	0.124439	0	0.403504	1.58691	0	0	0	0	0	0	1206.94	456.323	0	36.2736	31.0164	30.8286	29.2534	29.2461	29.2374	35.6544	35.7312	35.7314	35.7679	43.3236	43.3149	0.0936808	0.0945525	0.105481	0.105526	0.105579	0.0756214	0.042557	99	0	0
setup	0	2020-12-01 23:00:00	0	1.72	1.71134	3.19442	0	0	0.0086552	1.02899	0.124446	0	0.80701	1.5869	0	0	0	0	0	0	1206.69	456.053	0	36.2735	30.6671	30.6391	29.4025	29.3487	29.242	35.593	35.7313	35.7327	35.769	43.358	43.3176	0.0953073	0.0954387	0.104567	0.104896	0.105551	0.0756208	0.0423815	99	0	0
setup	0	2020-12-02 23:00:00	0	1.72	1.71134	3.19457	0	0	0.0086552	1.02931	0.124452	0	0.807012	1.58689	0	0	0	0	0	0	1206.45	456.177	0	36.2734	30.8428	30.6779	29.3107	29.294	29.2496	35.5654	35.7316	35.7339	35.7701	43.36	43.3223	0.0944862	0.0952567	0.105129	0.105231	0.105505	0.0756198	0.0423713	99	0	0
setup	0	2020-12-03 23:00:00	0	1.72	1.71134	3.19472	0	0	0.0086552	1.03045	0.124458	0	0.403507	1.58689	0	0	0	0	0	0	1206.6	456.295	0	36.2734	30.9791	30.7947	29.2618	29.2557	29.2405	35.5393	35.7314	35.7349	35.7711	43.3626	43.3256	0.0938534	0.0947103	0.10543	0.105467	0.10556	0.0756204	0.0423582	99	0	0
setup	0	2020-12-04 23:00:00	0	1.72	1.71134	3.19486	0	0	0.0086552	1.02912	0.124464	0	0.807016	1.58688	0	0	0	0	0	0	1206.35	456.012	0	36.2733	30.6593	30.6641	29.4319	29.36	29.24	35.4888	35.7288	35.7356	35.772	43.3878	43.3304	0.0953439	0.0953215	0.104388	0.104827	0.105564	0.0756325	0.0422293	99	0	0
setup	0	2020-12-05 23:00:00	0	1.72	1.71134	3.19499	0	0	0.0086552	1.02916	0.12447	0	0.403509	1.58688	0	0	0	0	0	0	1206.5	456.127	0	36.2732	30.8041	30.6497	29.324	29.3037	29.2504	35.4664	35.7275	35.7364	35.773	43.3833	43.3351	0.0946668	0.095389	0.105047	0.105172	0.105499	0.0756384	0.0422521	99	0	0
setup	0	2020-12-06 23:00:00	0	1.72	1.71134	3.19512	0	0	0.0086552	1.03006	0.124475	0	0.403511	1.58687	0	0	0	0	0	0	1206.66	456.239	0	36.2731	30.9458	30.7613	29.2679	29.2613	29.2441	35.4454	35.7258	35.737	35.7739	43.3818	43.338	0.0940075	0.0948666	0.105392	0.105433	0.105538	0.075646	0.0422601	99	0	0
setup	0	2020-12-07 23:00:00	0	1.72	1.71134	3.19523	0	0	0.0086552	1.02902	0.12448	0	0.807023	1.58687	0	0	0	0	0	0	1206.41	455.951	0	36.2731	30.6657	30.6655	29.4469	29.364	29.241	35.4039	35.72	35.7368	35.7748	43.4049	43.3418	0.0953139	0.0953147	0.104297	0.104803	0.105557	0.0756725	0.0421415	99	0	0
setup	0	2020-12-08 23:00:00	0	1.72	1.71134	3.19534	0	0	0.0086552	1.02903	0.124484	0	0.403513	1.58686	0	0	0	0	0	0	1206.56	456.062	0	36.273	30.7694	30.6261	29.3326	29.3093	29.2507	35.386	35.7171	35.737	35.7757	43.3984	43.3457	0.0948284	0.0954995	0.104994	0.105138	0.105498	0.0756856	0.0421749	99	0	0
setup	0	2020-12-09 23:00:00	0	1.72	1.71134	3.19544	0	0	0.0086552	1.02996	0.124488	0	0.403514	1.58686	0	0	0	0	0	0	1206.71	456.172	0	36.2729	30.9143	30.7341	29.2749	29.2664	29.2444	35.3692	35.7139	35.7371	35.7766	43.3953	43.3478	0.0941539	0.0949933	0.105349	0.105401	0.105536	0.0757003	0.0421909	99	0	0
setup	0	2020-12-10 23:00:00	0	1.72	1.71134	3.19554	0	0	0.0086552	1.0295	0.124492	0	0.80703	1.58685	0	0	0	0	0	0	1206.47	455.881	0	36.2729	30.7189	30.7035	29.4888	29.3682	29.2363	35.3352	35.705	35.7355	35.7773	43.4189	43.3506	0.0950644	0.0951368	0.104042	0.104777	0.105586	0.0757409	0.0420699	99	0	0
setup	0	2020-12-11 23:00:00	0	1.72	1.71134	3.19562	0	0	0.0086552	1.02915	0.124496	0	0.403516	1.58685	0	0	0	0	0	0	1206.62	455.991	0	36.2728	30.7279	30.6155	29.3513	29.3196	29.2463	35.3208	35.7006	35.735	35.7781	43.4107	43.354	0.0950226	0.0955497	0.10488	0.105074	0.105525	0.0757607	0.0421117	99	0	0
setup	0	2020-12-12 23:00:00	0	1.72	1.71134	3.1957	0	0	0.0086552	1.02984	0.124499	0	0.403517	1.58685	0	0	0	0	0	0	1206.77	456.099	0	36.2727	30.8819	30.7078	29.2851	29.2735	29.2436	35.3073	35.696	35.7343	35.779	43.4062	43.3561	0.0943045	0.0951166	0.105286	0.105357	0.105542	0.0757817	0.0421348	99	0	0
setup	0	2020-12-13 23:00:00	0	1.72	1.71134	3.19577	0	0	0.0086552	1.03094	0.124502	0	0.807037	1.58684	0	0	0	0	0	0	1206.52	456.206	0	36.2727	31.015	30.8273	29.2488	29.2402	29.2313	35.2947	35.6911	35.7335	35.7798	43.4035	43.3573	0.0936871	0.0945587	0.10551	0.105562	0.105618	0.0758041	0.0421487	99	0	0
setup	0	2020-12-14 23:00:00	0	1.72	1.71134	3.19583	0	0	0.0086552	1.02933	0.124504	0	0.807038	1.58684	0	0	0	0	0	0	1206.27	455.913	0	36.2726	30.6652	30.6371	29.3968	29.3429	29.2358	35.2676	35.6789	35.7298	35.7804	43.423	43.3607	0.0953163	0.0954478	0.104602	0.104932	0.10559	0.0758601	0.0420486	99	0	0
setup	0	2020-12-15 23:00:00	0	1.72	1.71134	3.19588	0	0	0.0086552	1.02961	0.124506	0	0	1.58684	0	0	0	0	0	0	1206.83	456.421	0	36.2726	30.8405	30.6756	29.3047	29.288	29.2433	35.7522	35.7251	35.7311	35.7814	43.3985	43.3593	0.094497	0.0952676	0.105166	0.105269	0.105543	0.0756493	0.0421741	99	0	0
setup	0	2020-12-16 23:00:00	0	1.72	1.71134	3.19592	0	0	0.0086552	1.03073	0.124508	0	0.403522	1.58684	0	0	0	0	0	0	1206.98	456.53	0	36.2725	30.9768	30.7925	29.256	29.2499	29.2346	35.7117	35.7335	35.7334	35.7822	43.4005	43.3586	0.0938639	0.0947208	0.105465	0.105503	0.105597	0.0756108	0.0421643	99	0	0
setup	0	2020-12-17 23:00:00	0	1.72	1.71134	3.19596	0	0	0.0086552	1.02937	0.12451	0	0.807046	1.58683	0	0	0	0	0	0	1206.73	456.24	0	36.2725	30.6571	30.6619	29.4264	29.3546	29.2343	35.6436	35.7344	35.7347	35.7828	43.4233	43.3615	0.095354	0.0953315	0.104421	0.10486	0.105599	0.0756067	0.0420472	99	0	0
setup	0	2020-12-18 23:00:00	0	1.72	1.71134	3.19599	0	0	0.0086552	1.02937	0.124511	0	0.403524	1.58683	0	0	0	0	0	0	1206.89	456.349	0	36.2724	30.8021	30.6477	29.3188	29.2984	29.245	35.6129	35.7352	35.736	35.7835	43.4169	43.3648	0.094676	0.0953982	0.105079	0.105204	0.105533	0.0756034	0.0420801	99	0	0
setup	0	2020-12-19 23:00:00	0	1.72	1.71134	3.19601	0	0	0.0086552	1.03025	0.124512	0	0.403525	1.58683	0	0	0	0	0	0	1207.04	456.457	0	36.2724	30.944	30.7594	29.2629	29.2563	29.239	35.584	35.7356	35.7372	35.7843	43.4136	43.3665	0.094016	0.0948752	0.105423	0.105464	0.10557	0.0756013	0.042097	99	0	0
setup	0	2020-12-20 23:00:00	0	1.72	1.71134	3.19602	0	0	0.0086552	1.02918	0.124512	0	0.807052	1.58683	0	0	0	0	0	0	1206.79	456.164	0	36.2723	30.664	30.6638	29.4423	29.3593	29.2362	35.5285	35.7342	35.7382	35.7848	43.4351	43.3693	0.0953218	0.0953226	0.104325	0.104831	0.105587	0.0756077	0.0419867	99	0	0
setup	0	2020-12-21 23:00:00	0	1.72	1.71134	3.19602	0	0	0.0086552	1.02916	0.124512	0	0.807054	1.58683	0	0	0	0	0	0	1206.54	455.874	0	36.2723	30.768	30.6247	29.3282	29.3048	29.2461	35.5039	35.7336	35.7392	35.7757	43.115	43.3651	0.0948352	0.0955063	0.105022	0.105165	0.105526	0.0756106	0.0436113	99	0	0
setup	0	2020-12-22 23:00:00	0	1.72	1.71134	3.19602	0	0	0.0086552	1.03006	0.124512	0	0.403528	1.58683	0	0	0	0	0	0	1206.69	455.992	0	36.2722	30.9128	30.7326	29.2705	29.262	29.2399	35.4806	35.7325	35.7401	35.7658	43.1577	43.3535	0.0941609	0.0950003	0.105376	0.105428	0.105564	0.0756155	0.0433966	99	0	0
setup	0	2020-12-23 23:00:00	0	1.72	1.71134	3.196	0	0	0.0086552	1.02957	0.124512	0	1.21058	1.58683	0	0	0	0	0	0	1206.04	455.715	0	36.2722	30.7175	30.702	29.4847	29.3639	29.2319	35.4352	35.7279	35.7402	35.7657	43.2281	43.3433	0.0950714	0.0951438	0.104067	0.104803	0.105614	0.0756364	0.0430414	99	0	0
setup	0	2020-12-24 23:00:00	0	1.72	1.71134	3.19598	0	0	0.0086552	1.02917	0.124511	0	0.403528	1.58683	0	0	0	0	0	0	1206.19	455.843	0	36.2722	30.7262	30.6137	29.3469	29.3152	29.2418	35.4152	35.7255	35.7406	35.7666	43.2625	43.3345	0.0950304	0.0955577	0.104907	0.105102	0.105553	0.0756472	0.0428674	99	0	0
setup	0	2020-12-25 23:00:00	0	1.72	1.71134	3.19595	0	0	0.0086552	1.02983	0.124509	0	0.40353	1.58684	0	0	0	0	0	0	1206.35	455.971	0	36.2721	30.88	30.7059	29.2806	29.269	29.2389	35.3963	35.7228	35.7409	35.7676	43.296	43.3271	0.0943131	0.0951253	0.105314	0.105385	0.105571	0.0756597	0.042697	99	0	0
setup	0	2020-12-26 23:00:00	0	1.72	1.71134	3.19591	0	0	0.0086552	1.03089	0.124508	0	0.403531	1.58684	0	0	0	0	0	0	1206.5	456.1	0	36.2721	31.0131	30.8253	29.2449	29.2356	29.2264	35.3785	35.7197	35.741	35.7686	43.3286	43.3208	0.0936961	0.0945679	0.105534	0.105591	0.105647	0.0756739	0.0425313	99	0	0
setup	0	2020-12-27 23:00:00	0	1.72	1.71134	3.19587	0	0	0.0086552	1.02925	0.124506	0	0.807063	1.58684	0	0	0	0	0	0	1206.25	455.827	0	36.2721	30.6633	30.6351	29.3924	29.3384	29.2311	35.3426	35.711	35.7395	35.7697	43.3632	43.3227	0.0953252	0.0954572	0.104629	0.104959	0.105619	0.0757133	0.0423547	99	0	0
setup	0	2020-12-28 23:00:00	0	1.72	1.71134	3.19581	0	0	0.0086552	1.02949	0.124504	0	0.403532	1.58684	0	0	0	0	0	0	1206.4	455.95	0	36.2721	30.8387	30.6737	29.3003	29.2835	29.2387	35.3274	35.7068	35.7391	35.7708	43.3651	43.3269	0.0945053	0.0952761	0.105193	0.105296	0.105571	0.0757327	0.0423454	99	0	0
setup	0	2020-12-29 23:00:00	0	1.72	1.71134	3.19575	0	0	0.0086552	1.03057	0.124501	0	0.403533	1.58684	0	0	0	0	0	0	1206.56	456.068	0	36.272	30.975	30.7906	29.2514	29.2453	29.2298	35.313	35.7022	35.7385	35.7718	43.3674	43.3299	0.0938724	0.0947295	0.105493	0.105531	0.105626	0.0757535	0.0423336	99	0	0
setup	0	2020-12-30 23:00:00	0	1.72	1.71134	3.19568	0	0	0.0086552	1.02918	0.124498	0	0.807068	1.58685	0	0	0	0	0	0	1206.31	455.785	0	36.272	30.6553	30.66	29.4218	29.3499	29.2294	35.2832	35.6907	35.7354	35.7728	43.3922	43.3344	0.0953628	0.0953404	0.104449	0.104889	0.105629	0.0758059	0.0422064	99	0	0
setup	0	2020-12-31 23:00:00	0	1.72	1.71134	3.1956	0	0	0.0086552	1.02915	0.124495	0	0.403535	1.58685	0	0	0	0	0	0	1206.46	455.9	0	36.272	30.8003	30.6458	29.314	29.2936	29.2401	35.2709	35.6852	35.7342	35.7738	43.3875	43.3389	0.0946844	0.095407	0.105108	0.105234	0.105563	0.0758312	0.0422304	99	0	0
setup	0	2021-01-01 23:00:00	0	1.72	1.71134	3.19704	0	0	0.0086552	1.03075	0.124555	0	0	1.58679	0	0	0	0	0	0	1207.02	456.414	0	36.2717	30.9395	30.7595	29.2618	29.2534	29.2324	35.7547	35.7339	35.7354	35.7749	43.369	43.337	0.0940368	0.0948747	0.10543	0.105481	0.105611	0.0756091	0.0423252	99	0	0
setup	0	2021-01-02 23:00:00	0	1.72	1.71134	3.19696	0	0	0.0086552	1.02937	0.124551	0	0.807075	1.58679	0	0	0	0	0	0	1206.77	456.129	0	36.2716	30.6612	30.6611	29.4388	29.3555	29.231	35.6806	35.7386	35.7386	35.7759	43.3968	43.3392	0.0953347	0.0953352	0.104346	0.104855	0.105619	0.0755875	0.0421829	99	0	0
setup	0	2021-01-03 23:00:00	0	1.72	1.71134	3.19686	0	0	0.0086552	1.02932	0.124547	0	0.403538	1.5868	0	0	0	0	0	0	1206.92	456.244	0	36.2715	30.7651	30.6218	29.3241	29.3005	29.2414	35.6477	35.7396	35.7399	35.7769	43.3924	43.3432	0.0948487	0.09552	0.105047	0.105191	0.105555	0.0755832	0.0422054	99	0	0
setup	0	2021-01-04 23:00:00	0	1.72	1.71134	3.19676	0	0	0.0086552	1.03019	0.124543	0	0.807078	1.5868	0	0	0	0	0	0	1206.67	456.356	0	36.2715	30.9101	30.73	29.2664	29.2578	29.2356	35.6166	35.7403	35.7411	35.778	43.3907	43.3459	0.0941732	0.0950128	0.105401	0.105454	0.105591	0.0755797	0.0422142	99	0	0
setup	0	2021-01-05 23:00:00	0	1.72	1.71134	3.19665	0	0	0.0086552	1.02996	0.124538	0	0.807078	1.58681	0	0	0	0	0	0	1206.42	456.066	0	36.2715	30.7577	30.7294	29.5074	29.3567	29.2253	35.5573	35.7395	35.7422	35.7788	43.4164	43.3488	0.0948831	0.0950154	0.103929	0.104847	0.105654	0.0755834	0.0420827	99	0	0
setup	0	2021-01-06 23:00:00	0	1.72	1.71134	3.19653	0	0	0.0086552	1.02922	0.124534	0	0.40354	1.58681	0	0	0	0	0	0	1206.58	456.176	0	36.2715	30.7218	30.6121	29.346	29.3132	29.2369	35.5307	35.7392	35.7432	35.7797	43.4082	43.3528	0.0950511	0.0955654	0.104913	0.105113	0.105583	0.075585	0.0421245	99	0	0
setup	0	2021-01-07 23:00:00	0	1.72	1.71134	3.1964	0	0	0.0086552	1.02987	0.124528	0	0.403541	1.58682	0	0	0	0	0	0	1206.73	456.285	0	36.2715	30.8768	30.7028	29.2781	29.2662	29.2353	35.5057	35.7385	35.7441	35.7806	43.4042	43.3553	0.0943279	0.09514	0.105329	0.105402	0.105593	0.0755882	0.042145	99	0	0
setup	0	2021-01-08 23:00:00	0	1.72	1.71134	3.19627	0	0	0.0086552	1.03091	0.124523	0	0.403542	1.58682	0	0	0	0	0	0	1206.88	456.392	0	36.2715	31.0102	30.8224	29.2421	29.2327	29.2234	35.4821	35.7374	35.745	35.7816	43.402	43.3568	0.0937094	0.0945814	0.105551	0.105609	0.105666	0.0755931	0.0421564	99	0	0
setup	0	2021-01-09 23:00:00	0	1.72	1.71134	3.19613	0	0	0.0086552	1.02924	0.124517	0	0.807085	1.58683	0	0	0	0	0	0	1206.63	456.101	0	36.2715	30.6608	30.6326	29.3897	29.3357	29.2283	35.4357	35.7328	35.7451	35.7823	43.4219	43.3604	0.095337	0.0954694	0.104646	0.104976	0.105636	0.0756143	0.0420542	99	0	0
setup	0	2021-01-10 23:00:00	0	1.72	1.71134	3.19598	0	0	0.0086552	1.02946	0.124511	0	0.403543	1.58683	0	0	0	0	0	0	1206.79	456.208	0	36.2715	30.8365	30.6715	29.2977	29.2809	29.2361	35.4155	35.7304	35.7456	35.7832	43.4156	43.3633	0.0945154	0.0952865	0.105209	0.105312	0.105587	0.0756249	0.042087	99	0	0
setup	0	2021-01-11 23:00:00	0	1.72	1.71134	3.19582	0	0	0.0086552	1.03052	0.124504	0	0.403544	1.58684	0	0	0	0	0	0	1206.94	456.315	0	36.2715	30.9731	30.7887	29.249	29.2429	29.2275	35.3965	35.7277	35.7459	35.7841	43.4122	43.3645	0.093881	0.0947383	0.105508	0.105546	0.105641	0.0756372	0.042104	99	0	0
setup	0	2021-01-12 23:00:00	0	1.72	1.71134	3.19566	0	0	0.0086552	1.02911	0.124497	0	0.80709	1.58685	0	0	0	0	0	0	1206.69	456.022	0	36.2715	30.6537	30.6585	29.4197	29.3477	29.2273	35.3585	35.7198	35.7449	35.7847	43.4327	43.3675	0.0953702	0.0953478	0.104462	0.104902	0.105642	0.0756733	0.0419987	99	0	0
setup	0	2021-01-13 23:00:00	0	1.72	1.71134	3.19549	0	0	0.0086552	1.02905	0.12449	0	1.21063	1.58685	0	0	0	0	0	0	1206.04	455.732	0	36.2715	30.7991	30.6447	29.3121	29.2916	29.2381	35.3423	35.7159	35.7447	35.7746	43.1152	43.3627	0.0946898	0.0954125	0.10512	0.105246	0.105575	0.0756911	0.0436102	99	0	0
setup	0	2021-01-14 23:00:00	0	1.72	1.71134	3.19531	0	0	0.0086552	1.03013	0.124483	0	0.403545	1.58686	0	0	0	0	0	0	1206.19	455.849	0	36.2715	30.9386	30.7585	29.2597	29.2514	29.2303	35.3267	35.7115	35.7442	35.7656	43.1573	43.351	0.0940412	0.0948794	0.105442	0.105494	0.105624	0.075711	0.0433986	99	0	0
setup	0	2021-01-15 23:00:00	0	1.72	1.71134	3.19512	0	0	0.0086552	1.02872	0.124475	0	0.807091	1.58687	0	0	0	0	0	0	1205.94	455.573	0	36.2715	30.6603	30.6602	29.4365	29.3531	29.2285	35.2951	35.7004	35.7414	35.7662	43.2275	43.3407	0.0953391	0.0953397	0.10436	0.104869	0.105635	0.0757616	0.0430446	99	0	0
setup	0	2021-01-16 23:00:00	0	1.72	1.71134	3.19493	0	0	0.0086552	1.02864	0.124467	0	0.403546	1.58688	0	0	0	0	0	0	1206.1	455.701	0	36.2715	30.7643	30.6209	29.3215	29.2979	29.2386	35.2819	35.695	35.7402	35.7671	43.2619	43.3319	0.0948524	0.0955241	0.105063	0.105207	0.105572	0.0757863	0.0428706	99	0	0
setup	0	2021-01-17 23:00:00	0	1.72	1.71134	3.19473	0	0	0.0086552	1.02947	0.124459	0	0.403547	1.58689	0	0	0	0	0	0	1206.25	455.83	0	36.2715	30.9094	30.7292	29.2635	29.2548	29.2325	35.2695	35.6893	35.7389	35.7681	43.2954	43.3245	0.0941765	0.0950166	0.105419	0.105472	0.10561	0.0758123	0.0427002	99	0	0
setup	0	2021-01-18 23:00:00	0	1.72	1.71134	3.19453	0	0	0.0086552	1.02922	0.12445	0	0.403547	1.58689	0	0	0	0	0	0	1206.4	455.961	0	36.2715	30.7573	30.7289	29.5045	29.3537	29.2222	35.7224	35.7354	35.7397	35.7691	43.3277	43.3183	0.094885	0.0950176	0.103946	0.104865	0.105674	0.0756021	0.042536	99	0	0
setup	0	2021-01-19 23:00:00	0	1.72	1.71134	3.19431	0	0	0.0086552	1.02846	0.124441	0	0.403548	1.5869	0	0	0	0	0	0	1206.56	456.092	0	36.2716	30.722	30.6122	29.3432	29.3104	29.2339	35.687	35.7384	35.7408	35.7702	43.3441	43.3165	0.0950502	0.095565	0.10493	0.105131	0.105601	0.0755884	0.0424525	99	0	0
setup	0	2021-01-20 23:00:00	0	1.72	1.71134	3.1941	0	0	0.0086552	1.02909	0.124432	0	0.403549	1.58691	0	0	0	0	0	0	1206.71	456.219	0	36.2716	30.8776	30.7034	29.2755	29.2635	29.2324	35.6536	35.7394	35.7419	35.7713	43.351	43.3193	0.0943246	0.095137	0.105345	0.105419	0.105611	0.075584	0.0424173	99	0	0
setup	0	2021-01-21 23:00:00	0	1.72	1.71134	3.19387	0	0	0.0086552	1.03011	0.124423	0	0.40355	1.58692	0	0	0	0	0	0	1206.87	456.34	0	36.2716	31.0114	30.8235	29.2409	29.2304	29.2207	35.622	35.7401	35.743	35.7724	43.3556	43.3224	0.0937037	0.094576	0.105558	0.105623	0.105683	0.0755807	0.0423937	99	0	0
setup	0	2021-01-22 23:00:00	0	1.72	1.71134	3.19364	0	0	0.0086552	1.02842	0.124413	0	0.807102	1.58693	0	0	0	0	0	0	1206.62	456.061	0	36.2716	30.6622	30.6339	29.3878	29.3336	29.2258	35.5616	35.7394	35.7439	35.7735	43.3807	43.3277	0.0953303	0.0954632	0.104657	0.104988	0.105651	0.0755839	0.0422656	99	0	0
setup	0	2021-01-23 23:00:00	0	1.72	1.71134	3.1934	0	0	0.0086552	1.02862	0.124403	0	0.403551	1.58694	0	0	0	0	0	0	1206.77	456.178	0	36.2716	30.8385	30.6734	29.2959	29.279	29.234	35.5346	35.7392	35.7448	35.7746	43.3779	43.3324	0.0945064	0.0952776	0.10522	0.105324	0.105601	0.0755851	0.0422798	99	0	0
setup	0	2021-01-24 23:00:00	0	1.72	1.71134	3.19316	0	0	0.0086552	1.02966	0.124393	0	0.403552	1.58695	0	0	0	0	0	0	1206.93	456.292	0	36.2717	30.9756	30.7911	29.2473	29.2411	29.2255	35.5092	35.7385	35.7457	35.7756	43.3775	43.3352	0.0938696	0.0947271	0.105519	0.105557	0.105653	0.0755879	0.0422819	99	0	0
setup	0	2021-01-25 23:00:00	0	1.72	1.71134	3.19291	0	0	0.0086552	1.02823	0.124383	0	1.21066	1.58696	0	0	0	0	0	0	1206.27	456.007	0	36.2717	30.6563	30.6611	29.4186	29.3464	29.2255	35.4598	35.7348	35.746	35.7767	43.4006	43.3394	0.0953578	0.0953355	0.104469	0.10491	0.105653	0.0756048	0.0421637	99	0	0
setup	0	2021-01-26 23:00:00	0	1.72	1.71134	3.19265	0	0	0.0086552	1.02815	0.124372	0	0.403552	1.58697	0	0	0	0	0	0	1206.43	456.119	0	36.2717	30.8021	30.6476	29.3108	29.2903	29.2365	35.438	35.7329	35.7465	35.7776	43.3946	43.3435	0.0946759	0.0953989	0.105128	0.105254	0.105585	0.0756136	0.0421943	99	0	0
setup	0	2021-01-27 23:00:00	0	1.72	1.71134	3.19239	0	0	0.0086552	1.02895	0.124361	0	0.403553	1.58698	0	0	0	0	0	0	1206.58	456.229	0	36.2717	30.9447	30.7599	29.2549	29.2482	29.2306	35.4175	35.7306	35.7468	35.7786	43.3919	43.3458	0.094013	0.0948727	0.105472	0.105513	0.105622	0.0756242	0.0422083	99	0	0
setup	0	2021-01-28 23:00:00	0	1.72	1.71134	3.19212	0	0	0.0086552	1.02781	0.12435	0	0.807107	1.58699	0	0	0	0	0	0	1206.34	455.94	0	36.2718	30.6652	30.665	29.4349	29.3516	29.2279	35.377	35.7235	35.746	35.7795	43.4141	43.3491	0.0953163	0.0953173	0.10437	0.104878	0.105639	0.0756566	0.0420946	99	0	0
setup	0	2021-01-29 23:00:00	0	1.72	1.71134	3.19185	0	0	0.0086552	1.02771	0.124339	0	0.403554	1.58701	0	0	0	0	0	0	1206.49	456.051	0	36.2718	30.77	30.6265	29.3208	29.2972	29.2379	35.3596	35.7199	35.7458	35.7804	43.4068	43.3526	0.0948259	0.0954977	0.105067	0.105212	0.105576	0.0756727	0.0421319	99	0	0
setup	0	2021-01-30 23:00:00	0	1.72	1.71134	3.19157	0	0	0.0086552	1.02854	0.124327	0	0.403555	1.58702	0	0	0	0	0	0	1206.65	456.16	0	36.2718	30.9157	30.7355	29.2634	29.2547	29.2322	35.3433	35.716	35.7455	35.7814	43.4031	43.3544	0.0941473	0.0949872	0.10542	0.105473	0.105612	0.0756905	0.0421509	99	0	0
setup	0	2021-01-31 23:00:00	0	1.72	1.71134	3.19129	0	0	0.0086552	1.02798	0.124315	0	0.80711	1.58703	0	0	0	0	0	0	1206.4	455.87	0	36.2719	30.7212	30.7057	29.4786	29.3574	29.2245	35.3102	35.7058	35.7432	35.7822	43.4262	43.357	0.0950538	0.0951265	0.104104	0.104843	0.105659	0.0757371	0.0420325	99	0	0
setup	0	2021-02-01 23:00:00	0	1.72	1.71134	3.191	0	0	0.0086552	1.02753	0.124303	0	0.403555	1.58704	0	0	0	0	0	0	1206.55	455.98	0	36.2719	30.7312	30.6186	29.3411	29.3091	29.2351	35.2963	35.7008	35.7423	35.7831	43.4176	43.3601	0.0950072	0.095535	0.104942	0.105138	0.105594	0.0757598	0.0420764	99	0	0
setup	0	2021-02-02 23:00:00	0	1.72	1.71134	3.19071	0	0	0.0086552	1.02812	0.124291	0	0.403556	1.58705	0	0	0	0	0	0	1206.71	456.088	0	36.2719	30.8862	30.712	29.2753	29.2635	29.2329	35.2833	35.6956	35.7412	35.7839	43.4128	43.362	0.0942846	0.095097	0.105346	0.105419	0.105608	0.0757838	0.0421012	99	0	0
setup	0	2021-02-03 23:00:00	0	1.72	1.71134	3.19041	0	0	0.0086552	1.02913	0.124279	0	0.403557	1.58707	0	0	0	0	0	0	1206.86	456.197	0	36.272	31.0204	30.8325	29.2443	29.2315	29.2211	35.2712	35.69	35.74	35.7848	43.4098	43.3629	0.0936625	0.0945343	0.105537	0.105616	0.10568	0.075809	0.0421167	99	0	0
setup	0	2021-02-04 23:00:00	0	1.72	1.71134	3.19011	0	0	0.0086552	1.02742	0.124266	0	0.403558	1.58708	0	0	0	0	0	0	1207.02	456.309	0	36.272	30.6705	30.6423	29.3898	29.3354	29.2268	35.7342	35.7332	35.7405	35.7857	43.4132	43.3613	0.0952911	0.0954238	0.104644	0.104977	0.105645	0.0756122	0.0420991	99	0	0
setup	0	2021-02-05 23:00:00	0	1.72	1.71134	3.1898	0	0	0.0086552	1.02762	0.124253	0	0.403559	1.58709	0	0	0	0	0	0	1207.18	456.422	0	36.2721	30.8475	30.6824	29.2981	29.2811	29.2356	35.6983	35.7351	35.7415	35.7867	43.4106	43.3628	0.0944646	0.0952354	0.105206	0.105311	0.105591	0.0756037	0.0421125	99	0	0
setup	0	2021-02-06 23:00:00	0	1.72	1.71134	3.18949	0	0	0.0086552	1.02865	0.12424	0	0.807119	1.5871	0	0	0	0	0	0	1206.93	456.533	0	36.2721	30.9852	30.8007	29.25	29.2437	29.2277	35.6644	35.7362	35.7425	35.7876	43.409	43.3641	0.0938253	0.0946823	0.105502	0.105541	0.10564	0.0755984	0.0421206	99	0	0
setup	0	2021-02-07 23:00:00	0	1.72	1.71134	3.18917	0	0	0.0086552	1.02692	0.124227	0	0.807118	1.58712	0	0	0	0	0	0	1206.68	456.244	0	36.2721	30.64	30.639	29.4108	29.3478	29.2308	35.5999	35.7364	35.7431	35.7883	43.43	43.3675	0.0954346	0.095439	0.104516	0.104902	0.10562	0.0755977	0.042013	99	0	0
setup	0	2021-02-08 23:00:00	0	1.72	1.71134	3.18885	0	0	0.0086552	1.02713	0.124214	0	0.807118	1.58713	0	0	0	0	0	0	1206.43	455.957	0	36.2722	30.8135	30.6574	29.3123	29.2924	29.2404	35.571	35.7366	35.744	35.7777	43.1155	43.3631	0.0946226	0.0953526	0.105119	0.105242	0.105561	0.0755966	0.0436088	99	0	0
setup	0	2021-02-09 23:00:00	0	1.72	1.71134	3.18853	0	0	0.0086552	1.02791	0.1242	0	0.403559	1.58714	0	0	0	0	0	0	1206.59	456.078	0	36.2722	30.9559	30.7712	29.2579	29.2513	29.234	35.5437	35.7365	35.7448	35.7685	43.1581	43.3518	0.093961	0.0948202	0.105453	0.105494	0.105601	0.0755973	0.0433948	99	0	0
setup	0	2021-02-10 23:00:00	0	1.72	1.71134	3.1882	0	0	0.0086552	1.02647	0.124186	0	0.807119	1.58716	0	0	0	0	0	0	1206.34	455.805	0	36.2723	30.6384	30.643	29.4254	29.3539	29.2339	35.4912	35.7339	35.745	35.7689	43.2285	43.3418	0.0954418	0.0954203	0.104427	0.104864	0.105601	0.0756093	0.0430397	99	0	0
setup	0	2021-02-11 23:00:00	0	1.72	1.71134	3.18787	0	0	0.0086552	1.02667	0.124173	0	0.40356	1.58717	0	0	0	0	0	0	1206.5	455.936	0	36.2723	30.7832	30.6379	29.3226	29.2996	29.2424	35.468	35.7325	35.7455	35.7699	43.2629	43.3333	0.0947643	0.0954444	0.105056	0.105197	0.105549	0.0756153	0.0428652	99	0	0
setup	0	2021-02-12 23:00:00	0	1.72	1.71134	3.18753	0	0	0.0086552	1.02747	0.124159	0	0.40356	1.58719	0	0	0	0	0	0	1206.66	456.068	0	36.2724	30.9285	30.7483	29.2668	29.2582	29.236	35.4462	35.7308	35.7459	35.7709	43.2966	43.3262	0.0940879	0.0949271	0.105398	0.105452	0.105588	0.0756231	0.0426943	99	0	0
setup	0	2021-02-13 23:00:00	0	1.72	1.71134	3.18719	0	0	0.0086552	1.02606	0.124144	0	0.807121	1.5872	0	0	0	0	0	0	1206.41	455.801	0	36.2724	30.6524	30.6522	29.4421	29.359	29.2348	35.4035	35.7249	35.7453	35.772	43.3523	43.3218	0.0953761	0.0953773	0.104326	0.104833	0.105596	0.0756499	0.0424105	99	0	0
setup	0	2021-02-14 23:00:00	0	1.72	1.71134	3.18685	0	0	0.0086552	1.02597	0.12413	0	0.403561	1.58721	0	0	0	0	0	0	1206.57	455.933	0	36.2725	30.7597	30.6158	29.3274	29.3039	29.2449	35.3851	35.722	35.7453	35.7731	43.3584	43.324	0.0948738	0.095548	0.105027	0.10517	0.105533	0.0756632	0.0423793	99	0	0
setup	0	2021-02-15 23:00:00	0	1.72	1.71134	3.1865	0	0	0.0086552	1.02679	0.124116	0	0.403562	1.58723	0	0	0	0	0	0	1206.72	456.058	0	36.2725	30.9072	30.7266	29.2697	29.2611	29.239	35.3678	35.7187	35.7452	35.7742	43.3624	43.327	0.0941869	0.0950287	0.105381	0.105434	0.10557	0.0756783	0.0423588	99	0	0
setup	0	2021-02-16 23:00:00	0	1.72	1.71134	3.18615	0	0	0.0086552	1.02624	0.124101	0	1.21068	1.58724	0	0	0	0	0	0	1206.07	455.782	0	36.2726	30.7141	30.6984	29.4837	29.3631	29.2311	35.3329	35.7097	35.7432	35.7752	43.391	43.3309	0.0950871	0.0951605	0.104073	0.104808	0.105619	0.0757196	0.0422125	99	0	0
setup	0	2021-02-17 23:00:00	0	1.72	1.71134	3.1858	0	0	0.0086552	1.02579	0.124086	0	0.403561	1.58726	0	0	0	0	0	0	1206.23	455.902	0	36.2726	30.7259	30.613	29.3465	29.3147	29.2411	35.3181	35.7052	35.7425	35.7762	43.3862	43.3357	0.0950316	0.0955614	0.10491	0.105105	0.105557	0.0757401	0.0422372	99	0	0
setup	0	2021-02-18 23:00:00	0	1.72	1.71134	3.18544	0	0	0.0086552	1.02638	0.124071	0	0.403561	1.58727	0	0	0	0	0	0	1206.39	456.019	0	36.2727	30.8822	30.7078	29.2806	29.2689	29.2385	35.3042	35.7004	35.7416	35.7772	43.3843	43.339	0.0943029	0.0951168	0.105314	0.105386	0.105573	0.075762	0.0422471	99	0	0
setup	0	2021-02-19 23:00:00	0	1.72	1.71134	3.18508	0	0	0.0086552	1.02738	0.124056	0	0.403562	1.58729	0	0	0	0	0	0	1206.55	456.134	0	36.2727	31.0177	30.8296	29.2466	29.2361	29.2264	35.2911	35.6953	35.7405	35.7782	43.3836	43.3412	0.0936747	0.0945478	0.105523	0.105588	0.105647	0.0757852	0.0422506	99	0	0
setup	0	2021-02-20 23:00:00	0	1.72	1.71134	3.18472	0	0	0.0086552	1.02568	0.124041	0	0.807125	1.5873	0	0	0	0	0	0	1206.3	455.849	0	36.2728	30.6698	30.6412	29.3938	29.3396	29.2316	35.2636	35.6827	35.7365	35.7791	43.4049	43.3455	0.0952945	0.0954286	0.10462	0.104952	0.105615	0.0758423	0.0421415	99	0	0
setup	0	2021-02-21 23:00:00	0	1.72	1.71134	3.18435	0	0	0.0086552	1.02587	0.124026	0	0	1.58732	0	0	0	0	0	0	1206.86	456.366	0	36.2728	30.8476	30.6824	29.3021	29.2852	29.2398	35.7521	35.7259	35.7378	35.7802	43.3816	43.345	0.0944638	0.0952357	0.105182	0.105286	0.105565	0.0756455	0.0422606	99	0	0
setup	0	2021-02-22 23:00:00	0	1.72	1.71134	3.18398	0	0	0.0086552	1.0269	0.124011	0	0.403564	1.58733	0	0	0	0	0	0	1207.02	456.482	0	36.2729	30.9864	30.8018	29.254	29.2477	29.2317	35.7114	35.7347	35.7387	35.7812	43.3847	43.3449	0.0938196	0.0946773	0.105478	0.105516	0.105615	0.0756056	0.0422449	99	0	0
setup	0	2021-02-23 23:00:00	0	1.72	1.71134	3.18361	0	0	0.0086552	1.02519	0.123995	0	0.807129	1.58735	0	0	0	0	0	0	1206.77	456.199	0	36.273	30.6425	30.6414	29.4147	29.3518	29.2349	35.6428	35.7355	35.7396	35.7822	43.4079	43.3487	0.0954227	0.0954278	0.104493	0.104877	0.105595	0.0756016	0.042126	99	0	0
setup	0	2021-02-24 23:00:00	0	1.72	1.71134	3.18324	0	0	0.0086552	1.0254	0.12398	0	0.403565	1.58736	0	0	0	0	0	0	1206.93	456.315	0	36.273	30.8173	30.6611	29.3165	29.2965	29.2445	35.6119	35.7363	35.7407	35.7831	43.4028	43.3524	0.0946049	0.0953356	0.105093	0.105216	0.105536	0.0755983	0.0421522	99	0	0
setup	0	2021-02-25 23:00:00	0	1.72	1.71134	3.18286	0	0	0.0086552	1.02618	0.123964	0	0.403565	1.58738	0	0	0	0	0	0	1207.09	456.429	0	36.2731	30.961	30.7762	29.2626	29.2559	29.2385	35.5829	35.7367	35.7417	35.7841	43.4003	43.3545	0.0939372	0.0947967	0.105425	0.105466	0.105573	0.0755963	0.0421652	99	0	0
setup	0	2021-02-26 23:00:00	0	1.72	1.71134	3.18249	0	0	0.0086552	1.02476	0.123948	0	0.807131	1.5874	0	0	0	0	0	0	1206.85	456.144	0	36.2731	30.6446	30.6491	29.4307	29.359	29.2389	35.5272	35.7352	35.7424	35.785	43.4218	43.358	0.0954129	0.0953915	0.104395	0.104833	0.105571	0.0756029	0.042055	99	0	0
setup	0	2021-02-27 23:00:00	0	1.72	1.71134	3.18211	0	0	0.0086552	1.02497	0.123933	0	0.807131	1.58741	0	0	0	0	0	0	1206.6	456.257	0	36.2732	30.7907	30.6453	29.3283	29.3052	29.2478	35.5026	35.7346	35.7433	35.7859	43.4151	43.3612	0.0947292	0.0954096	0.105021	0.105162	0.105516	0.0756059	0.0420893	99	0	0
setup	0	2021-02-28 23:00:00	0	1.72	1.71134	3.18173	0	0	0.0086552	1.02577	0.123917	0	0.403566	1.58743	0	0	0	0	0	0	1206.76	456.369	0	36.2732	30.937	30.7567	29.2728	29.2641	29.2417	35.4793	35.7335	35.744	35.7868	43.4114	43.3629	0.0940485	0.0948877	0.105362	0.105416	0.105553	0.0756109	0.0421081	99	0	0
setup	0	2021-03-01 23:00:00	0	1.72	1.71134	3.18134	0	0	0.0086552	1.02436	0.123901	0	0.807131	1.58744	0	0	0	0	0	0	1206.52	456.081	0	36.2733	30.6616	30.6614	29.4486	29.3653	29.2407	35.434	35.7288	35.7438	35.7875	43.4325	43.3659	0.0953328	0.0953341	0.104286	0.104794	0.105559	0.0756321	0.0420002	99	0	0
setup	0	2021-03-02 23:00:00	0	1.72	1.71134	3.18096	0	0	0.0086552	1.02428	0.123885	0	0.807131	1.58746	0	0	0	0	0	0	1206.27	455.796	0	36.2734	30.7698	30.6258	29.334	29.3105	29.2512	35.4143	35.7265	35.7442	35.778	43.1137	43.3618	0.0948268	0.0955009	0.104986	0.10513	0.105495	0.0756427	0.0436181	99	0	0
setup	0	2021-03-03 23:00:00	0	1.72	1.71134	3.18057	0	0	0.0086552	1.0251	0.123868	0	0.403565	1.58748	0	0	0	0	0	0	1206.43	455.919	0	36.2734	30.9179	30.7373	29.2765	29.2678	29.2454	35.3957	35.7238	35.7443	35.7682	43.1574	43.3502	0.0941371	0.0949786	0.105339	0.105393	0.105531	0.0756553	0.0433983	99	0	0
setup	0	2021-03-04 23:00:00	0	1.72	1.71134	3.18018	0	0	0.0086552	1.02399	0.123852	0	0.807131	1.58749	0	0	0	0	0	0	1206.19	455.648	0	36.2735	30.6831	30.6755	29.4663	29.3682	29.2413	35.3587	35.7158	35.7429	35.7686	43.2277	43.34	0.0952324	0.0952681	0.104178	0.104777	0.105555	0.0756916	0.0430433	99	0	0
setup	0	2021-03-05 23:00:00	0	1.72	1.71134	3.17979	0	0	0.0086552	1.02387	0.123836	0	0.403565	1.58751	0	0	0	0	0	0	1206.35	455.782	0	36.2736	30.7467	30.6164	29.3434	29.3163	29.2509	35.3429	35.7119	35.7426	35.7695	43.2622	43.3312	0.0949348	0.0955452	0.104928	0.105095	0.105497	0.0757096	0.0428689	99	0	0
setup	0	2021-03-06 23:00:00	0	1.72	1.71134	3.1794	0	0	0.0086552	1.02445	0.12382	0	0.403566	1.58753	0	0	0	0	0	0	1206.51	455.917	0	36.2736	30.9007	30.7202	29.2803	29.2712	29.2471	35.3282	35.7076	35.742	35.7705	43.2958	43.3239	0.094217	0.0950586	0.105315	0.105372	0.10552	0.075729	0.042698	99	0	0
setup	0	2021-03-07 23:00:00	0	1.72	1.71134	3.179	0	0	0.0086552	1.02421	0.123803	0	0.807132	1.58754	0	0	0	0	0	0	1206.26	455.653	0	36.2737	30.7524	30.7237	29.5187	29.3687	29.2375	35.2979	35.6967	35.7392	35.7716	43.3539	43.3189	0.0949081	0.0950423	0.103861	0.104774	0.105579	0.0757787	0.0424025	99	0	0
setup	0	2021-03-08 23:00:00	0	1.72	1.71134	3.17861	0	0	0.0086552	1.02345	0.123787	0	0.403566	1.58756	0	0	0	0	0	0	1206.42	455.788	0	36.2737	30.7215	30.611	29.3578	29.3252	29.2491	35.2854	35.6914	35.738	35.7726	43.3584	43.3212	0.0950522	0.0955708	0.10484	0.10504	0.105508	0.0758027	0.0423795	99	0	0
setup	0	2021-03-09 23:00:00	0	1.72	1.71134	3.17821	0	0	0.0086552	1.02408	0.12377	0	0.807133	1.58757	0	0	0	0	0	0	1206.18	455.917	0	36.2738	30.8807	30.706	29.2903	29.2784	29.2475	35.2737	35.6859	35.7367	35.7737	43.3616	43.3246	0.0943102	0.0951251	0.105254	0.105327	0.105518	0.0758279	0.0423632	99	0	0
setup	0	2021-03-10 23:00:00	0	1.72	1.71134	3.17781	0	0	0.0086552	1.0251	0.123754	0	0	1.58759	0	0	0	0	0	0	1206.74	456.443	0	36.2739	31.0178	30.8294	29.2528	29.2448	29.2355	35.7538	35.7375	35.7379	35.7747	43.3476	43.3228	0.0936742	0.0945485	0.105485	0.105534	0.105592	0.0755926	0.0424344	99	0	0
setup	0	2021-03-11 23:00:00	0	1.72	1.71134	3.17741	0	0	0.0086552	1.02342	0.123737	0	0.807135	1.58761	0	0	0	0	0	0	1206.5	456.169	0	36.2739	30.6722	30.6433	29.402	29.348	29.2405	35.6819	35.7406	35.7406	35.7757	43.3761	43.3264	0.0952833	0.0954189	0.10457	0.1049	0.105561	0.0755783	0.0422892	99	0	0
setup	0	2021-03-12 23:00:00	0	1.72	1.71134	3.17701	0	0	0.0086552	1.02363	0.12372	0	0.403568	1.58762	0	0	0	0	0	0	1206.66	456.293	0	36.274	30.8517	30.6862	29.3107	29.2939	29.2487	35.6494	35.7416	35.7418	35.7768	43.3746	43.331	0.0944449	0.0952177	0.105129	0.105232	0.10551	0.0755742	0.0422967	99	0	0
setup	0	2021-03-13 23:00:00	0	1.72	1.71134	3.17661	0	0	0.0086552	1.02467	0.123704	0	0.403568	1.58764	0	0	0	0	0	0	1206.82	456.413	0	36.2741	30.9918	30.807	29.2627	29.2564	29.2404	35.6187	35.7423	35.7431	35.7778	43.3749	43.334	0.0937945	0.0946529	0.105424	0.105463	0.105561	0.075571	0.0422949	99	0	0
setup	0	2021-03-14 23:00:00	0	1.72	1.71134	3.17621	0	0	0.0086552	1.02297	0.123687	0	0.807137	1.58766	0	0	0	0	0	0	1206.58	456.134	0	36.2741	30.6492	30.648	29.4233	29.3603	29.2435	35.56	35.7415	35.7441	35.7788	43.3979	43.3386	0.0953913	0.0953969	0.104441	0.104825	0.105542	0.0755745	0.0421773	99	0	0
setup	0	2021-03-15 23:00:00	0	1.72	1.71134	3.17581	0	0	0.0086552	1.0232	0.12367	0	0.403569	1.58767	0	0	0	0	0	0	1206.74	456.253	0	36.2742	30.8253	30.6689	29.3252	29.3052	29.2531	35.5339	35.7412	35.7451	35.7798	43.3929	43.3427	0.0945678	0.095299	0.10504	0.105163	0.105483	0.075576	0.0422031	99	0	0
setup	0	2021-03-16 23:00:00	0	1.72	1.71134	3.17541	0	0	0.0086552	1.02399	0.123653	0	0.403569	1.58769	0	0	0	0	0	0	1206.9	456.37	0	36.2743	30.9701	30.7852	29.2714	29.2647	29.2471	35.5094	35.7405	35.7461	35.7808	43.3906	43.345	0.0938949	0.0947546	0.10537	0.105412	0.10552	0.075579	0.0422149	99	0	0
setup	0	2021-03-17 23:00:00	0	1.72	1.71134	3.175	0	0	0.0086552	1.02258	0.123637	0	0.807139	1.58771	0	0	0	0	0	0	1206.65	456.087	0	36.2743	30.6545	30.659	29.4397	29.368	29.2476	35.4618	35.7367	35.7465	35.7818	43.4123	43.3487	0.0953662	0.095345	0.10434	0.104778	0.105517	0.0755963	0.0421034	99	0	0
setup	0	2021-03-18 23:00:00	0	1.72	1.71134	3.1746	0	0	0.0086552	1.02253	0.12362	0	0.403569	1.58772	0	0	0	0	0	0	1206.82	456.204	0	36.2744	30.8059	30.6506	29.3324	29.312	29.2586	35.441	35.7348	35.7471	35.7827	43.4054	43.3523	0.0946584	0.0953847	0.104996	0.105121	0.105449	0.0756049	0.042139	99	0	0
setup	0	2021-03-19 23:00:00	0	1.72	1.71134	3.1742	0	0	0.0086552	1.02335	0.123603	0	0.40357	1.58774	0	0	0	0	0	0	1206.98	456.319	0	36.2745	30.9525	30.7673	29.2769	29.2703	29.2528	35.4215	35.7325	35.7476	35.7837	43.4019	43.3541	0.0939764	0.0948383	0.105336	0.105377	0.105485	0.0756152	0.0421571	99	0	0
setup	0	2021-03-20 23:00:00	0	1.72	1.71134	3.17379	0	0	0.0086552	1.02196	0.123586	0	1.21071	1.58776	0	0	0	0	0	0	1206.33	456.036	0	36.2745	30.6379	30.6423	29.4432	29.3721	29.2529	35.383	35.7255	35.7469	35.7845	43.4226	43.3573	0.0954441	0.0954234	0.104319	0.104753	0.105484	0.0756473	0.0420507	99	0	0
setup	0	2021-03-21 23:00:00	0	1.72	1.71134	3.17339	0	0	0.0086552	1.02218	0.123569	0	0.403569	1.58778	0	0	0	0	0	0	1206.49	456.15	0	36.2746	30.7869	30.641	29.3407	29.318	29.2611	35.3664	35.722	35.7468	35.7854	43.4154	43.3603	0.094747	0.0954298	0.104945	0.105084	0.105434	0.0756635	0.0420879	99	0	0
setup	0	2021-03-22 23:00:00	0	1.72	1.71134	3.17298	0	0	0.0086552	1.02301	0.123552	0	0.40357	1.58779	0	0	0	0	0	0	1206.66	456.264	0	36.2747	30.9353	30.7547	29.2852	29.2767	29.2547	35.351	35.7181	35.7466	35.7862	43.4113	43.3617	0.0940563	0.0948973	0.105285	0.105338	0.105473	0.0756811	0.042109	99	0	0
setup	0	2021-03-23 23:00:00	0	1.72	1.71134	3.17258	0	0	0.0086552	1.02163	0.123536	0	0.80714	1.58781	0	0	0	0	0	0	1206.41	455.979	0	36.2747	30.6615	30.6612	29.4602	29.3774	29.2534	35.3195	35.708	35.7444	35.7869	43.4319	43.3646	0.0953333	0.095335	0.104215	0.104721	0.105481	0.0757273	0.0420029	99	0	0
setup	0	2021-03-24 23:00:00	0	1.72	1.71134	3.17217	0	0	0.0086552	1.02157	0.123519	0	0.807139	1.58783	0	0	0	0	0	0	1206.17	455.696	0	36.2748	30.7721	30.6278	29.346	29.3226	29.2637	35.3065	35.703	35.7435	35.7775	43.113	43.3603	0.0948159	0.0954916	0.104913	0.105056	0.105418	0.0757498	0.0436213	99	0	0
setup	0	2021-03-25 23:00:00	0	1.72	1.71134	3.17177	0	0	0.0086552	1.02242	0.123502	0	0.40357	1.58784	0	0	0	0	0	0	1206.34	455.822	0	36.2749	30.9221	30.7412	29.2885	29.2799	29.2576	35.2942	35.6978	35.7424	35.7676	43.1567	43.3485	0.0941178	0.0949604	0.105265	0.105318	0.105455	0.0757738	0.0434016	99	0	0
setup	0	2021-03-26 23:00:00	0	1.72	1.71134	3.17136	0	0	0.0086552	1.02105	0.123485	0	0.807139	1.58786	0	0	0	0	0	0	1206.1	455.554	0	36.2749	30.6489	30.6485	29.4616	29.3792	29.256	35.2684	35.685	35.7385	35.768	43.2271	43.338	0.0953925	0.0953946	0.104207	0.104709	0.105465	0.0758321	0.0430467	99	0	0
setup	0	2021-03-27 23:00:00	0	1.72	1.71134	3.17096	0	0	0.0086552	1.021	0.123468	0	0	1.58788	0	0	0	0	0	0	1206.66	456.091	0	36.275	30.7609	30.6163	29.3472	29.3241	29.2657	35.7591	35.725	35.7396	35.7691	43.2281	43.3291	0.0948683	0.0955459	0.104905	0.105047	0.105405	0.0756497	0.0430417	99	0	0
setup	0	2021-03-28 23:00:00	0	1.72	1.71134	3.17055	0	0	0.0086552	1.02186	0.123451	0	0.403571	1.58789	0	0	0	0	0	0	1206.82	456.229	0	36.2751	30.9119	30.7308	29.2899	29.2814	29.2596	35.7165	35.7368	35.7405	35.7701	43.2626	43.3217	0.0941648	0.0950088	0.105257	0.105309	0.105443	0.0755958	0.0428667	99	0	0
setup	0	2021-03-29 23:00:00	0	1.72	1.71134	3.17015	0	0	0.0086552	1.02136	0.123434	0	0.807143	1.58791	0	0	0	0	0	0	1206.58	455.968	0	36.2751	30.7217	30.7059	29.5034	29.3832	29.2516	35.6499	35.7377	35.7414	35.7712	43.3273	43.316	0.0950514	0.0951255	0.103953	0.104685	0.105492	0.0755918	0.042538	99	0	0
setup	0	2021-03-30 23:00:00	0	1.72	1.71134	3.16975	0	0	0.0086552	1.02068	0.123418	0	0.403572	1.58793	0	0	0	0	0	0	1206.75	456.109	0	36.2752	30.7432	30.6153	29.3609	29.3328	29.2641	35.6198	35.7384	35.7425	35.7723	43.3424	43.315	0.0949511	0.0955505	0.104821	0.104994	0.105415	0.0755886	0.042461	99	0	0
setup	0	2021-03-31 23:00:00	0	1.72	1.71134	3.16934	0	0	0.0086552	1.02132	0.123401	0	0.807143	1.58794	0	0	0	0	0	0	1206.51	456.244	0	36.2753	30.9008	30.72	29.2959	29.2865	29.2617	35.5915	35.7388	35.7435	35.7734	43.3491	43.3176	0.0942166	0.0950595	0.10522	0.105277	0.10543	0.0755866	0.0424268	99	0	0
setup	0	2021-04-01 23:00:00	0	1.72	1.71134	3.16894	0	0	0.0086552	1.02111	0.123384	0	0.807142	1.58796	0	0	0	0	0	0	1206.27	455.975	0	36.2753	30.7545	30.7256	29.5327	29.3832	29.2522	35.5371	35.7374	35.7441	35.7745	43.3805	43.3215	0.0948983	0.0950332	0.103775	0.104685	0.105488	0.0755932	0.0422666	99	0	0
setup	0	2021-04-02 23:00:00	0	1.72	1.71134	3.16854	0	0	0.0086552	1.02039	0.123367	0	0.403571	1.58798	0	0	0	0	0	0	1206.43	456.103	0	36.2754	30.7261	30.6151	29.3722	29.3397	29.2638	35.5129	35.7367	35.7449	35.7755	43.3759	43.3269	0.0950308	0.0955513	0.104753	0.104951	0.105417	0.0755963	0.04229	99	0	0
setup	0	2021-04-03 23:00:00	0	1.72	1.71134	3.16814	0	0	0.0086552	1.02105	0.123351	0	0.403572	1.58799	0	0	0	0	0	0	1206.59	456.227	0	36.2755	30.8873	30.7123	29.3048	29.293	29.2621	35.4901	35.7357	35.7456	35.7765	43.3746	43.3306	0.0942795	0.0950955	0.105165	0.105238	0.105427	0.0756011	0.0422964	99	0	0
setup	0	2021-04-04 23:00:00	0	1.72	1.71134	3.16774	0	0	0.0086552	1.02088	0.123334	0	0.807144	1.58801	0	0	0	0	0	0	1206.35	455.95	0	36.2755	30.7899	30.744	29.5728	29.3795	29.2528	35.4457	35.7312	35.7455	35.7775	43.4021	43.3341	0.0947326	0.094947	0.103533	0.104708	0.105485	0.0756215	0.0421559	99	0	0
setup	0	2021-04-05 23:00:00	0	1.72	1.71134	3.16734	0	0	0.0086552	1.0201	0.123317	0	0.403572	1.58803	0	0	0	0	0	0	1206.52	456.073	0	36.2756	30.7081	30.6173	29.3848	29.3472	29.2636	35.4264	35.7289	35.7458	35.7785	43.3941	43.3385	0.095115	0.0955411	0.104675	0.104905	0.105418	0.0756317	0.0421967	99	0	0
setup	0	2021-04-06 23:00:00	0	1.72	1.71134	3.16694	0	0	0.0086552	1.02052	0.123301	0	0.403572	1.58804	0	0	0	0	0	0	1206.68	456.194	0	36.2757	30.8765	30.7021	29.3104	29.298	29.2648	35.4082	35.7263	35.746	35.7795	43.3902	43.3417	0.0943293	0.0951434	0.105131	0.105207	0.105411	0.0756435	0.042217	99	0	0
setup	0	2021-04-07 23:00:00	0	1.72	1.71134	3.16655	0	0	0.0086552	1.02158	0.123284	0	0.403573	1.58806	0	0	0	0	0	0	1206.85	456.313	0	36.2757	31.017	30.8282	29.2668	29.2629	29.2538	35.3911	35.7234	35.7461	35.7805	43.3883	43.3435	0.0936782	0.0945545	0.105399	0.105422	0.105479	0.0756569	0.0422266	99	0	0
setup	0	2021-04-08 23:00:00	0	1.72	1.71134	3.16615	0	0	0.0086552	1.01996	0.123268	0	0.807146	1.58808	0	0	0	0	0	0	1206.61	456.033	0	36.2758	30.6748	30.6454	29.4187	29.3651	29.2584	35.3566	35.7151	35.7446	35.7814	43.4087	43.3475	0.0952711	0.095409	0.104468	0.104796	0.10545	0.0756949	0.0421218	99	0	0
setup	0	2021-04-09 23:00:00	0	1.72	1.71134	3.16576	0	0	0.0086552	1.02021	0.123251	0	0.403573	1.58809	0	0	0	0	0	0	1206.77	456.152	0	36.2759	30.8568	30.691	29.3278	29.3111	29.2664	35.3421	35.711	35.7441	35.7824	43.4027	43.3507	0.094421	0.0951953	0.105024	0.105127	0.105401	0.0757133	0.0421531	99	0	0
setup	0	2021-04-10 23:00:00	0	1.72	1.71134	3.16536	0	0	0.0086552	1.02129	0.123235	0	0.403574	1.58811	0	0	0	0	0	0	1206.93	456.27	0	36.2759	30.9993	30.8143	29.28	29.2738	29.258	35.3285	35.7067	35.7435	35.7833	43.3996	43.3522	0.0937599	0.0946193	0.105317	0.105356	0.105453	0.0757331	0.0421685	99	0	0
setup	0	2021-04-11 23:00:00	0	1.72	1.71134	3.16497	0	0	0.0086552	1.0194	0.123219	0	1.21072	1.58813	0	0	0	0	0	0	1206.29	455.99	0	36.276	30.6601	30.6304	29.4261	29.3724	29.2647	35.3003	35.6956	35.7405	35.7842	43.4189	43.356	0.09534	0.0954795	0.104423	0.104751	0.105412	0.0757836	0.0420696	99	0	0
setup	0	2021-04-12 23:00:00	0	1.72	1.71134	3.16458	0	0	0.0086552	1.01966	0.123202	0	0.403573	1.58814	0	0	0	0	0	0	1206.46	456.107	0	36.276	30.8431	30.6769	29.3338	29.3171	29.2726	35.2886	35.6903	35.7393	35.785	43.4121	43.3588	0.0944851	0.0952612	0.104987	0.105089	0.105363	0.0758081	0.0421047	99	0	0
setup	0	2021-04-13 23:00:00	0	1.72	1.71134	3.1642	0	0	0.0086552	1.02074	0.123186	0	0.403574	1.58816	0	0	0	0	0	0	1206.62	456.223	0	36.2761	30.9864	30.801	29.2852	29.2791	29.2638	35.2778	35.6847	35.7378	35.7859	43.4085	43.36	0.0938196	0.0946808	0.105286	0.105323	0.105417	0.0758335	0.0421232	99	0	0
setup	0	2021-04-14 23:00:00	0	1.72	1.71134	3.16381	0	0	0.0086552	1.0191	0.12317	0	0.403574	1.58817	0	0	0	0	0	0	1206.79	456.342	0	36.2762	30.6469	30.6451	29.4438	29.3815	29.2661	35.7754	35.7006	35.7362	35.7868	43.4062	43.3606	0.0954021	0.0954103	0.104315	0.104695	0.105403	0.0757608	0.042135	99	0	0
setup	0	2021-04-15 23:00:00	0	1.72	1.71134	3.16343	0	0	0.0086552	1.01938	0.123154	0	0.403575	1.58819	0	0	0	0	0	0	1206.95	456.462	0	36.2762	30.8263	30.6694	29.3463	29.3265	29.2752	35.7154	35.7276	35.7367	35.7877	43.4071	43.3601	0.094563	0.0952966	0.104911	0.105032	0.105347	0.0756379	0.0421302	99	0	0
setup	0	2021-04-16 23:00:00	0	1.72	1.71134	3.16304	0	0	0.0086552	1.02022	0.123138	0	0.403575	1.58821	0	0	0	0	0	0	1207.12	456.582	0	36.2763	30.974	30.7887	29.2926	29.2861	29.269	35.6825	35.7289	35.7376	35.7886	43.4059	43.3611	0.0938768	0.0947383	0.10524	0.10528	0.105385	0.0756318	0.0421367	99	0	0
setup	0	2021-04-17 23:00:00	0	1.72	1.71134	3.16266	0	0	0.0086552	1.01887	0.123122	0	0.807151	1.58822	0	0	0	0	0	0	1206.88	456.303	0	36.2764	30.6605	30.6649	29.4603	29.389	29.2693	35.6203	35.7295	35.7381	35.7892	43.4277	43.3642	0.0953382	0.0953175	0.104215	0.104649	0.105383	0.0756289	0.0420246	99	0	0
setup	0	2021-04-18 23:00:00	0	1.72	1.71134	3.16228	0	0	0.0086552	1.01888	0.123107	0	0.403576	1.58824	0	0	0	0	0	0	1207.04	456.422	0	36.2764	30.8149	30.6593	29.3535	29.3332	29.2802	35.5925	35.7301	35.739	35.7901	43.4207	43.3674	0.094616	0.0953437	0.104867	0.104991	0.105316	0.0756262	0.0420607	99	0	0
setup	0	2021-04-19 23:00:00	0	1.72	1.71134	3.16191	0	0	0.0086552	1.01974	0.123091	0	0.403577	1.58825	0	0	0	0	0	0	1207.21	456.541	0	36.2765	30.9641	30.7786	29.2983	29.2917	29.2744	35.5664	35.7304	35.7399	35.7909	43.4169	43.3689	0.093923	0.0947856	0.105205	0.105246	0.105352	0.0756248	0.0420798	99	0	0
setup	0	2021-04-20 23:00:00	0	1.72	1.71134	3.16153	0	0	0.0086552	1.0184	0.123075	0	1.6143	1.58827	0	0	0	0	0	0	1206.16	455.86	0	36.2765	30.6512	30.6556	29.4645	29.3936	29.2746	35.5161	35.7287	35.7402	35.7894	43.1026	43.3683	0.0953817	0.0953613	0.104189	0.104621	0.105351	0.0756328	0.0436737	99	0	0
setup	0	2021-04-21 23:00:00	0	1.72	1.71134	3.16116	0	0	0.0086552	1.01841	0.12306	0	0.403575	1.58828	0	0	0	0	0	0	1206.33	455.988	0	36.2766	30.8065	30.6506	29.3573	29.3372	29.2847	35.4938	35.7278	35.7407	35.7734	43.1577	43.3567	0.0946555	0.0953846	0.104843	0.104966	0.105288	0.0756369	0.0433965	99	0	0
setup	0	2021-04-22 23:00:00	0	1.72	1.71134	3.16079	0	0	0.0086552	1.01927	0.123045	0	0.403575	1.5883	0	0	0	0	0	0	1206.5	456.121	0	36.2766	30.9559	30.7702	29.3016	29.2951	29.2782	35.4728	35.7265	35.7411	35.772	43.1947	43.3459	0.0939608	0.0948246	0.105185	0.105225	0.105328	0.0756426	0.0432101	99	0	0
setup	0	2021-04-23 23:00:00	0	1.72	1.71134	3.16043	0	0	0.0086552	1.01794	0.123029	0	0.80715	1.58832	0	0	0	0	0	0	1206.26	455.859	0	36.2767	30.6433	30.6475	29.4666	29.396	29.2777	35.4318	35.7216	35.7406	35.7729	43.2636	43.3368	0.0954191	0.095399	0.104177	0.104607	0.105332	0.075665	0.0428615	99	0	0
setup	0	2021-04-24 23:00:00	0	1.72	1.71134	3.16007	0	0	0.0086552	1.01795	0.123014	0	0.403575	1.58833	0	0	0	0	0	0	1206.43	456	0	36.2768	30.7997	30.6436	29.3595	29.3395	29.2875	35.4142	35.7192	35.7407	35.7739	43.2973	43.3291	0.0946873	0.0954176	0.10483	0.104952	0.105271	0.075676	0.0426904	99	0	0
setup	0	2021-04-25 23:00:00	0	1.72	1.71134	3.15971	0	0	0.0086552	1.01883	0.122999	0	0.403576	1.58835	0	0	0	0	0	0	1206.59	456.142	0	36.2768	30.9498	30.7639	29.3037	29.2973	29.2808	35.3976	35.7165	35.7407	35.7749	43.3301	43.3224	0.0939894	0.0948541	0.105172	0.105211	0.105313	0.0756885	0.0425235	99	0	0
setup	0	2021-04-26 23:00:00	0	1.72	1.71134	3.15935	0	0	0.0086552	1.01751	0.122984	0	0.807152	1.58836	0	0	0	0	0	0	1206.36	455.882	0	36.2769	30.6376	30.6418	29.4682	29.3978	29.28	35.3644	35.7086	35.739	35.776	43.3667	43.3235	0.0954457	0.0954259	0.104167	0.104596	0.105317	0.0757246	0.0423369	99	0	0
setup	0	2021-04-27 23:00:00	0	1.72	1.71134	3.15899	0	0	0.0086552	1.01781	0.12297	0	0.403576	1.58838	0	0	0	0	0	0	1206.52	456.018	0	36.2769	30.7907	30.6443	29.3661	29.3437	29.2877	35.3504	35.7047	35.7385	35.777	43.3681	43.3275	0.0947289	0.0954144	0.104789	0.104927	0.10527	0.075742	0.0423299	99	0	0
setup	0	2021-04-28 23:00:00	0	1.72	1.71134	3.15864	0	0	0.0086552	1.01869	0.122955	0	0.403576	1.58839	0	0	0	0	0	0	1206.69	456.149	0	36.277	30.9422	30.7612	29.3108	29.3024	29.2809	35.3374	35.7006	35.7379	35.778	43.3698	43.3307	0.0940242	0.0948669	0.105128	0.10518	0.105312	0.0757608	0.0423211	99	0	0
setup	0	2021-04-29 23:00:00	0	1.72	1.71134	3.15829	0	0	0.0086552	1.01711	0.12294	0	0.807153	1.5884	0	0	0	0	0	0	1206.45	455.879	0	36.277	30.6324	30.6367	29.4715	29.4009	29.2819	35.3103	35.6901	35.7349	35.779	43.3943	43.3354	0.0954699	0.0954498	0.104147	0.104577	0.105306	0.0758089	0.0421961	99	0	0
setup	0	2021-04-30 23:00:00	0	1.72	1.71134	3.15795	0	0	0.0086552	1.01741	0.122926	0	0.403577	1.58842	0	0	0	0	0	0	1206.62	456.007	0	36.2771	30.7862	30.6396	29.3687	29.3462	29.29	35.2993	35.685	35.7337	35.78	43.3897	43.3397	0.09475	0.0954363	0.104774	0.104912	0.105256	0.0758318	0.0422195	99	0	0
setup	0	2021-05-01 23:00:00	0	1.72	1.71134	3.15761	0	0	0.0086552	1.01831	0.122912	0	0.403577	1.58843	0	0	0	0	0	0	1206.79	456.132	0	36.2771	30.9383	30.7571	29.313	29.3046	29.2832	35.2891	35.6798	35.7323	35.781	43.3878	43.3423	0.0940427	0.0948861	0.105115	0.105166	0.105298	0.0758557	0.0422293	99	0	0
setup	0	2021-05-02 23:00:00	0	1.72	1.71134	3.15727	0	0	0.0086552	1.01701	0.122898	0	1.21073	1.58845	0	0	0	0	0	0	1206.15	455.858	0	36.2772	30.6671	30.6666	29.4868	29.4045	29.2817	35.2671	35.6671	35.7277	35.7819	43.4104	43.3461	0.0953071	0.0953094	0.104054	0.104555	0.105307	0.0759137	0.0421135	99	0	0
setup	0	2021-05-03 23:00:00	0	1.72	1.71134	3.15694	0	0	0.0086552	1.01702	0.122884	0	0	1.58846	0	0	0	0	0	0	1206.72	456.382	0	36.2772	30.7813	30.6365	29.3729	29.3497	29.2914	35.7484	35.7118	35.729	35.7829	43.3847	43.3461	0.0947728	0.0954507	0.104748	0.10489	0.105247	0.07571	0.0422451	99	0	0
setup	0	2021-05-04 23:00:00	0	1.72	1.71134	3.15661	0	0	0.0086552	1.01795	0.12287	0	0.403578	1.58847	0	0	0	0	0	0	1206.89	456.507	0	36.2773	30.9345	30.7533	29.3158	29.3073	29.2854	35.7074	35.7246	35.7298	35.7839	43.3874	43.346	0.09406	0.0949037	0.105097	0.10515	0.105284	0.0756517	0.0422313	99	0	0
setup	0	2021-05-05 23:00:00	0	1.72	1.71134	3.15628	0	0	0.0086552	1.01666	0.122857	0	0.807156	1.58849	0	0	0	0	0	0	1206.65	456.233	0	36.2773	30.6638	30.6633	29.4888	29.4067	29.284	35.6446	35.7255	35.7307	35.7848	43.4115	43.3493	0.0953227	0.0953251	0.104042	0.104541	0.105293	0.0756472	0.0421077	99	0	0
setup	0	2021-05-06 23:00:00	0	1.72	1.71134	3.15596	0	0	0.0086552	1.01669	0.122843	0	0.403578	1.5885	0	0	0	0	0	0	1206.82	456.358	0	36.2774	30.7789	30.634	29.3751	29.352	29.2938	35.6164	35.7264	35.7317	35.7857	43.4054	43.3532	0.0947841	0.0954625	0.104735	0.104876	0.105232	0.0756434	0.0421392	99	0	0
setup	0	2021-05-07 23:00:00	0	1.72	1.71134	3.15565	0	0	0.0086552	1.01762	0.12283	0	0.403579	1.58851	0	0	0	0	0	0	1206.99	456.48	0	36.2774	30.9325	30.7512	29.318	29.3096	29.2878	35.5899	35.7269	35.7327	35.7866	43.4025	43.3553	0.0940693	0.0949135	0.105084	0.105136	0.10527	0.0756408	0.042154	99	0	0
setup	0	2021-05-08 23:00:00	0	1.72	1.71134	3.15533	0	0	0.0086552	1.01634	0.122817	0	0.807158	1.58853	0	0	0	0	0	0	1206.75	456.204	0	36.2775	30.6621	30.6615	29.4908	29.4088	29.2863	35.5389	35.7258	35.7334	35.7873	43.4243	43.3587	0.0953307	0.0953333	0.10403	0.104529	0.105279	0.0756458	0.0420423	99	0	0
setup	0	2021-05-09 23:00:00	0	1.72	1.71134	3.15502	0	0	0.0086552	1.01638	0.122804	0	0.403579	1.58854	0	0	0	0	0	0	1206.92	456.326	0	36.2775	30.7777	30.6327	29.3771	29.3541	29.2961	35.5164	35.7254	35.7343	35.7881	43.4167	43.362	0.0947898	0.0954686	0.104722	0.104863	0.105219	0.0756477	0.0420809	99	0	0
setup	0	2021-05-10 23:00:00	0	1.72	1.71134	3.15472	0	0	0.0086552	1.01732	0.122791	0	0.40358	1.58855	0	0	0	0	0	0	1207.09	456.447	0	36.2775	30.9316	30.7503	29.3201	29.3117	29.29	35.4953	35.7247	35.7351	35.789	43.4128	43.3637	0.0940734	0.0949179	0.105071	0.105123	0.105256	0.075651	0.0421011	99	0	0
setup	0	2021-05-11 23:00:00	0	1.72	1.71134	3.15442	0	0	0.0086552	1.01606	0.122779	0	0.807159	1.58857	0	0	0	0	0	0	1206.85	456.169	0	36.2776	30.6615	30.6609	29.4927	29.4108	29.2885	35.454	35.7208	35.7351	35.7896	43.4337	43.3666	0.0953337	0.0953363	0.104018	0.104516	0.105265	0.0756689	0.0419939	99	0	0
setup	0	2021-05-12 23:00:00	0	1.72	1.71134	3.15413	0	0	0.0086552	1.0161	0.122767	0	1.21074	1.58858	0	0	0	0	0	0	1206.21	455.893	0	36.2776	30.7775	30.6324	29.3791	29.3561	29.2983	35.4361	35.7189	35.7356	35.7798	43.1156	43.3624	0.0947909	0.0954699	0.10471	0.104851	0.105205	0.0756773	0.0436085	99	0	0
setup	0	2021-05-13 23:00:00	0	1.72	1.71134	3.15384	0	0	0.0086552	1.01704	0.122755	0	0.403578	1.58859	0	0	0	0	0	0	1206.38	456.024	0	36.2777	30.9312	30.7498	29.3218	29.3134	29.2918	35.4191	35.7166	35.7358	35.7693	43.1594	43.3507	0.0940753	0.09492	0.105061	0.105113	0.105245	0.075688	0.0433882	99	0	0
setup	0	2021-05-14 23:00:00	0	1.72	1.71134	3.15355	0	0	0.0086552	1.01578	0.122743	0	0.807156	1.5886	0	0	0	0	0	0	1206.15	455.762	0	36.2777	30.6609	30.6603	29.4939	29.4121	29.2898	35.3851	35.7095	35.7347	35.7693	43.2297	43.3403	0.0953363	0.095339	0.104011	0.104509	0.105257	0.0757201	0.0430334	99	0	0
setup	0	2021-05-15 23:00:00	0	1.72	1.71134	3.15327	0	0	0.0086552	1.01582	0.122731	0	0.403578	1.58861	0	0	0	0	0	0	1206.32	455.904	0	36.2777	30.7768	30.6317	29.38	29.357	29.2992	35.3707	35.7061	35.7345	35.7701	43.2641	43.3315	0.0947941	0.0954734	0.104704	0.104845	0.105199	0.0757356	0.042859	99	0	0
setup	0	2021-05-16 23:00:00	0	1.72	1.71134	3.153	0	0	0.0086552	1.01677	0.12272	0	0.403578	1.58862	0	0	0	0	0	0	1206.49	456.047	0	36.2778	30.9308	30.7494	29.3228	29.3143	29.2928	35.3572	35.7024	35.7341	35.7711	43.2978	43.3241	0.0940772	0.0949221	0.105055	0.105107	0.105239	0.0757525	0.0426883	99	0	0
setup	0	2021-05-17 23:00:00	0	1.72	1.71134	3.15273	0	0	0.0086552	1.01551	0.122709	0	0.807157	1.58864	0	0	0	0	0	0	1206.25	455.792	0	36.2778	30.6607	30.6601	29.4948	29.413	29.2909	35.3294	35.6927	35.7316	35.7722	43.3522	43.3199	0.0953372	0.09534	0.104005	0.104503	0.105251	0.0757969	0.0424111	99	0	0
setup	0	2021-05-18 23:00:00	0	1.72	1.71134	3.15247	0	0	0.0086552	1.01557	0.122698	0	0.403578	1.58865	0	0	0	0	0	0	1206.42	455.934	0	36.2778	30.7769	30.6318	29.3811	29.3581	29.3003	35.318	35.6881	35.7307	35.7732	43.3576	43.3222	0.0947936	0.0954731	0.104698	0.104839	0.105193	0.075818	0.0423835	99	0	0
setup	0	2021-05-19 23:00:00	0	1.72	1.71134	3.15221	0	0	0.0086552	1.01653	0.122687	0	0.403579	1.58866	0	0	0	0	0	0	1206.59	456.07	0	36.2779	30.9311	30.7497	29.3238	29.3154	29.2939	35.3073	35.6832	35.7296	35.7742	43.3613	43.3252	0.0940756	0.0949206	0.105048	0.1051	0.105232	0.0758401	0.0423648	99	0	0
setup	0	2021-05-20 23:00:00	0	1.72	1.71134	3.15196	0	0	0.0086552	1.01528	0.122677	0	0.807158	1.58867	0	0	0	0	0	0	1206.36	455.804	0	36.2779	30.6612	30.6606	29.4959	29.4142	29.292	35.2846	35.6713	35.7257	35.7753	43.3876	43.3296	0.0953348	0.0953376	0.103999	0.104496	0.105244	0.0758946	0.0422301	99	0	0
setup	0	2021-05-21 23:00:00	0	1.72	1.71134	3.15172	0	0	0.0086552	1.01535	0.122666	0	0.403579	1.58868	0	0	0	0	0	0	1206.53	455.936	0	36.2779	30.7776	30.6325	29.3822	29.3592	29.3015	35.2756	35.6657	35.724	35.7763	43.3832	43.3343	0.0947902	0.0954697	0.104691	0.104832	0.105186	0.0759201	0.0422526	99	0	0
setup	0	2021-05-22 23:00:00	0	1.72	1.71134	3.15148	0	0	0.0086552	1.01631	0.122656	0	0.403579	1.58869	0	0	0	0	0	0	1206.69	456.065	0	36.2779	30.9321	30.7506	29.325	29.3166	29.2951	35.2673	35.66	35.7222	35.7773	43.3817	43.3372	0.0940714	0.0949163	0.105041	0.105093	0.105225	0.0759463	0.0422603	99	0	0
setup	0	2021-05-23 23:00:00	0	1.72	1.71134	3.15124	0	0	0.0086552	1.01508	0.122647	0	0.40358	1.5887	0	0	0	0	0	0	1206.86	456.196	0	36.278	30.6623	30.6617	29.4972	29.4155	29.2933	35.713	35.7123	35.7227	35.7783	43.3885	43.3363	0.0953299	0.0953326	0.103991	0.104488	0.105236	0.0757077	0.0422258	99	0	0
setup	0	2021-05-24 23:00:00	0	1.72	1.71134	3.15102	0	0	0.0086552	1.01516	0.122637	0	0.807159	1.58871	0	0	0	0	0	0	1206.63	456.327	0	36.278	30.7791	30.634	29.3837	29.3608	29.303	35.6818	35.7149	35.7236	35.7793	43.3864	43.3391	0.0947832	0.0954627	0.104682	0.104822	0.105176	0.0756957	0.0422364	99	0	0
setup	0	2021-05-25 23:00:00	0	1.72	1.71134	3.1508	0	0	0.0086552	1.01613	0.122628	0	0.40358	1.58872	0	0	0	0	0	0	1206.8	456.454	0	36.278	30.9337	30.7522	29.3266	29.3182	29.2967	35.6523	35.7161	35.7245	35.7803	43.3855	43.3417	0.0940638	0.0949087	0.105031	0.105083	0.105215	0.0756904	0.042241	99	0	0
setup	0	2021-05-26 23:00:00	0	1.72	1.71134	3.15058	0	0	0.0086552	1.01491	0.122619	0	0.807159	1.58873	0	0	0	0	0	0	1206.57	456.182	0	36.278	30.664	30.6634	29.4989	29.4171	29.295	35.5963	35.7164	35.725	35.7811	43.4087	43.3456	0.0953218	0.0953245	0.10398	0.104478	0.105226	0.0756886	0.0421221	99	0	0
setup	0	2021-05-27 23:00:00	0	1.72	1.71134	3.15038	0	0	0.0086552	1.01499	0.12261	0	0.40358	1.58873	0	0	0	0	0	0	1206.74	456.308	0	36.278	30.7806	30.6355	29.3853	29.3623	29.3045	35.5712	35.7169	35.7259	35.782	43.4022	43.3496	0.094776	0.0954554	0.104672	0.104813	0.105167	0.0756866	0.0421553	99	0	0
setup	0	2021-05-28 23:00:00	0	1.72	1.71134	3.15017	0	0	0.0086552	1.01597	0.122602	0	0.40358	1.58874	0	0	0	0	0	0	1206.91	456.433	0	36.278	30.9354	30.7539	29.3283	29.3199	29.2983	35.5477	35.7171	35.7268	35.7829	43.3992	43.3518	0.0940561	0.0949009	0.105021	0.105073	0.105205	0.0756858	0.0421709	99	0	0
setup	0	2021-05-29 23:00:00	0	1.72	1.71134	3.14998	0	0	0.0086552	1.01475	0.122594	0	0.80716	1.58875	0	0	0	0	0	0	1206.67	456.158	0	36.2781	30.6658	30.6652	29.5006	29.4188	29.2966	35.5021	35.7151	35.727	35.7837	43.4209	43.3552	0.0953135	0.0953162	0.10397	0.104467	0.105215	0.0756949	0.0420598	99	0	0
setup	0	2021-05-30 23:00:00	0	1.72	1.71134	3.14979	0	0	0.0086552	1.01484	0.122586	0	0.40358	1.58876	0	0	0	0	0	0	1206.84	456.282	0	36.2781	30.7825	30.6374	29.3871	29.3641	29.3063	35.4822	35.7142	35.7277	35.7845	43.4133	43.3586	0.0947675	0.0954468	0.104661	0.104802	0.105156	0.0756987	0.0420985	99	0	0
setup	0	2021-05-31 23:00:00	0	1.72	1.71134	3.14961	0	0	0.0086552	1.01584	0.122579	0	0.403581	1.58877	0	0	0	0	0	0	1207.01	456.405	0	36.2781	30.9373	30.7558	29.3301	29.3217	29.3001	35.4634	35.7131	35.7283	35.7853	43.4094	43.3603	0.0940471	0.0948918	0.10501	0.105062	0.105194	0.0757041	0.0421187	99	0	0
setup	0	2021-06-01 23:00:00	0	1.72	1.71134	3.14944	0	0	0.0086552	1.01463	0.122572	0	0.807161	1.58877	0	0	0	0	0	0	1206.78	456.128	0	36.2781	30.6678	30.6672	29.5025	29.4208	29.2985	35.4263	35.7082	35.7278	35.7859	43.4303	43.3633	0.0953041	0.0953069	0.103958	0.104456	0.105204	0.0757261	0.0420115	99	0	0
setup	0	2021-06-02 23:00:00	0	1.72	1.71134	3.14928	0	0	0.0086552	1.01473	0.122565	0	0.403581	1.58878	0	0	0	0	0	0	1206.95	456.252	0	36.2781	30.7845	30.6394	29.3891	29.3661	29.3082	35.4105	35.706	35.728	35.7867	43.4221	43.3662	0.094758	0.0954372	0.104649	0.10479	0.105144	0.0757364	0.0420533	99	0	0
setup	0	2021-06-03 23:00:00	0	1.72	1.71134	3.14912	0	0	0.0086552	1.01573	0.122558	0	0.403581	1.58879	0	0	0	0	0	0	1207.12	456.374	0	36.2781	30.9394	30.758	29.3321	29.3237	29.3021	35.3957	35.7034	35.7282	35.7875	43.4177	43.3676	0.0940374	0.0948819	0.104997	0.105049	0.105182	0.075748	0.0420761	99	0	0
setup	0	2021-06-04 23:00:00	0	1.72	1.71134	3.14897	0	0	0.0086552	1.01425	0.122552	0	1.61432	1.58879	0	0	0	0	0	0	1206.08	455.698	0	36.2781	30.6316	30.6358	29.4913	29.4212	29.3031	35.3655	35.6958	35.7266	35.786	43.1017	43.3671	0.0954739	0.0954543	0.104027	0.104453	0.105175	0.0757827	0.0436782	99	0	0
setup	0	2021-06-05 23:00:00	0	1.72	1.71134	3.14882	0	0	0.0086552	1.01465	0.122546	0	0.403579	1.5888	0	0	0	0	0	0	1206.25	455.83	0	36.2781	30.7879	30.6409	29.3883	29.3661	29.3106	35.3527	35.6921	35.7262	35.7699	43.1562	43.3553	0.0947421	0.0954302	0.104654	0.10479	0.105129	0.0757996	0.0434042	99	0	0
setup	0	2021-06-06 23:00:00	0	1.72	1.71134	3.14869	0	0	0.0086552	1.01563	0.12254	0	0.403579	1.5888	0	0	0	0	0	0	1206.42	455.967	0	36.2781	30.9417	30.7603	29.3325	29.3242	29.3033	35.3408	35.6881	35.7255	35.7682	43.1932	43.3443	0.0940265	0.0948711	0.104995	0.105046	0.105174	0.0758178	0.0432177	99	0	0
setup	0	2021-06-07 23:00:00	0	1.72	1.71134	3.14856	0	0	0.0086552	1.01416	0.122535	0	0.807158	1.58881	0	0	0	0	0	0	1206.19	455.709	0	36.2781	30.6336	30.6377	29.4918	29.4217	29.3038	35.3158	35.6779	35.7225	35.7689	43.262	43.3352	0.0954647	0.0954451	0.104024	0.10445	0.105171	0.0758644	0.0428698	99	0	0
setup	0	2021-06-08 23:00:00	0	1.72	1.71134	3.14844	0	0	0.0086552	1.01456	0.12253	0	0.403579	1.58882	0	0	0	0	0	0	1206.36	455.855	0	36.2781	30.7899	30.6429	29.389	29.3668	29.3113	35.3057	35.6731	35.7213	35.7698	43.2956	43.3274	0.0947329	0.0954208	0.104649	0.104786	0.105125	0.0758863	0.0426991	99	0	0
setup	0	2021-06-09 23:00:00	0	1.72	1.71134	3.14833	0	0	0.0086552	1.01555	0.122525	0	0.403579	1.58882	0	0	0	0	0	0	1206.53	456.001	0	36.2781	30.9437	30.7623	29.3333	29.325	29.304	35.2963	35.6681	35.72	35.7709	43.3284	43.3207	0.0940172	0.0948617	0.104991	0.105041	0.10517	0.0759092	0.0425325	99	0	0
setup	0	2021-06-10 23:00:00	0	1.72	1.71134	3.14822	0	0	0.0086552	1.01408	0.122521	0	0.807158	1.58882	0	0	0	0	0	0	1206.3	455.746	0	36.2781	30.6356	30.6398	29.4927	29.4226	29.3046	35.2758	35.6559	35.7156	35.7719	43.3649	43.3217	0.0954551	0.0954355	0.104018	0.104444	0.105166	0.0759648	0.0423463	99	0	0
setup	0	2021-06-11 23:00:00	0	1.72	1.71134	3.14812	0	0	0.0086552	1.0145	0.122517	0	0.403579	1.58883	0	0	0	0	0	0	1206.47	455.886	0	36.2781	30.7919	30.6449	29.39	29.3677	29.3122	35.2679	35.6503	35.7137	35.7729	43.3662	43.3258	0.0947236	0.0954113	0.104643	0.10478	0.10512	0.0759905	0.0423394	99	0	0
setup	0	2021-06-12 23:00:00	0	1.72	1.71134	3.14804	0	0	0.0086552	1.0155	0.122513	0	0	1.58883	0	0	0	0	0	0	1207.04	456.423	0	36.278	30.9458	30.7643	29.3343	29.3261	29.305	35.7316	35.708	35.715	35.774	43.3508	43.3246	0.0940079	0.0948521	0.104984	0.105035	0.105164	0.0757272	0.0424182	99	0	0
setup	0	2021-06-13 23:00:00	0	1.72	1.71134	3.14795	0	0	0.0086552	1.01271	0.12251	0	1.61432	1.58884	0	0	0	0	0	0	1206	455.761	0	36.278	30.5697	30.4631	28.8836	29.2913	29.2909	35.6375	35.7146	35.7161	35.7749	43.4045	43.3294	0.095765	0.0962682	0.107784	0.105248	0.105251	0.0756968	0.0421436	99	0	0
setup	0	2021-06-14 23:00:00	0	1.72	1.71134	3.14788	0	0	0.0086552	1.01093	0.122507	0	0.403578	1.58884	0	0	0	0	0	0	1206.18	455.896	0	36.278	30.6599	30.5151	29.2087	29.2104	29.2396	35.6105	35.7154	35.7173	35.7758	43.3928	43.3375	0.0953412	0.0960223	0.105757	0.105746	0.105566	0.0756933	0.0422038	99	0	0
setup	0	2021-06-15 23:00:00	0	1.72	1.71134	3.14782	0	0	0.0086552	1.01247	0.122504	0	0.403579	1.58884	0	0	0	0	0	0	1206.35	456.026	0	36.278	30.816	30.6445	29.2003	29.1941	29.1876	35.5847	35.716	35.7184	35.7767	43.3894	43.3409	0.0946109	0.0954132	0.105809	0.105847	0.105887	0.0756907	0.0422207	99	0	0
setup	0	2021-06-16 23:00:00	0	1.72	1.71134	3.14776	0	0	0.0086552	1.01385	0.122501	0	0.403579	1.58884	0	0	0	0	0	0	1206.52	456.154	0	36.278	30.9632	30.7767	29.1883	29.1743	29.168	35.5599	35.7163	35.7196	35.7776	43.3878	43.3428	0.0939268	0.0947944	0.105883	0.105969	0.106008	0.0756894	0.0422293	99	0	0
setup	0	2021-06-17 23:00:00	0	1.72	1.71134	3.14771	0	0	0.0086552	1.01274	0.122499	0	0.807159	1.58885	0	0	0	0	0	0	1206.29	455.883	0	36.2779	30.6474	30.6514	29.3638	29.2909	29.1718	35.5105	35.7146	35.7204	35.7784	43.4097	43.3464	0.0953997	0.0953808	0.104803	0.105251	0.105985	0.0756971	0.042117	99	0	0
setup	0	2021-06-18 23:00:00	0	1.72	1.71134	3.14767	0	0	0.0086552	1.01296	0.122498	0	0.403579	1.58885	0	0	0	0	0	0	1206.46	456.01	0	36.2779	30.8074	30.6509	29.2606	29.2399	29.1898	35.4879	35.7139	35.7213	35.7792	43.4028	43.3499	0.094651	0.0953831	0.105437	0.105564	0.105873	0.0757004	0.0421521	99	0	0
setup	0	2021-06-19 23:00:00	0	1.72	1.71134	3.14764	0	0	0.0086552	1.01404	0.122496	0	0.40358	1.58885	0	0	0	0	0	0	1206.63	456.136	0	36.2779	30.9599	30.7738	29.2104	29.2029	29.1843	35.4659	35.7128	35.7222	35.78	43.3994	43.3518	0.0939422	0.0948078	0.105746	0.105793	0.105908	0.0757053	0.0421699	99	0	0
setup	0	2021-06-20 23:00:00	0	1.72	1.71134	3.14762	0	0	0.0086552	1.01291	0.122495	0	0.80716	1.58885	0	0	0	0	0	0	1206.4	455.863	0	36.2779	30.6481	30.6522	29.3849	29.3115	29.187	35.4214	35.7082	35.7222	35.7806	43.4202	43.3551	0.0953966	0.0953773	0.104674	0.105124	0.105891	0.0757263	0.0420633	99	0	0
setup	0	2021-06-21 23:00:00	0	1.72	1.71134	3.1476	0	0	0.0086552	1.01312	0.122495	0	0.40358	1.58885	0	0	0	0	0	0	1206.57	455.988	0	36.2778	30.8079	30.6514	29.2787	29.2573	29.2006	35.4014	35.7059	35.7227	35.7814	43.4126	43.3582	0.094649	0.0953809	0.105325	0.105457	0.105807	0.0757365	0.0421023	99	0	0
setup	0	2021-06-22 23:00:00	0	1.72	1.71134	3.14759	0	0	0.0086552	1.01418	0.122495	0	0.403581	1.58885	0	0	0	0	0	0	1206.74	456.113	0	36.2778	30.9604	30.7743	29.2251	29.2176	29.1973	35.3825	35.7034	35.723	35.7821	43.4085	43.3597	0.0939399	0.0948054	0.105656	0.105702	0.105827	0.0757483	0.0421233	99	0	0
setup	0	2021-06-23 23:00:00	0	1.72	1.71134	3.14759	0	0	0.0086552	1.01305	0.122495	0	0.807161	1.58885	0	0	0	0	0	0	1206.51	455.838	0	36.2778	30.6495	30.6536	29.3973	29.3242	29.2002	35.344	35.6957	35.7219	35.7826	43.4287	43.3627	0.0953899	0.0953705	0.104599	0.105046	0.105809	0.0757834	0.0420196	99	0	0
setup	0	2021-06-24 23:00:00	0	1.72	1.71134	3.1476	0	0	0.0086552	1.01327	0.122495	0	0.80716	1.58885	0	0	0	0	0	0	1206.28	455.964	0	36.2777	30.8092	30.6527	29.291	29.2697	29.2135	35.3274	35.6919	35.7217	35.7833	43.4206	43.3656	0.094643	0.0953747	0.10525	0.105381	0.105727	0.0758004	0.0420608	99	0	0
setup	0	2021-06-25 23:00:00	0	1.72	1.71134	3.14762	0	0	0.0086552	1.01433	0.122496	0	0.40358	1.58885	0	0	0	0	0	0	1206.45	456.086	0	36.2777	30.9615	30.7754	29.2369	29.2295	29.2097	35.3117	35.6878	35.7213	35.7839	43.4162	43.3668	0.0939349	0.0948003	0.105583	0.105628	0.105751	0.0758192	0.0420838	99	0	0
setup	0	2021-06-26 23:00:00	0	1.72	1.71134	3.14765	0	0	0.0086552	1.0132	0.122497	0	1.21074	1.58885	0	0	0	0	0	0	1205.82	455.41	0	36.2776	30.6509	30.6551	29.4077	29.3349	29.2118	35.2796	35.6771	35.7187	35.7825	43.0998	43.3661	0.0953832	0.0953636	0.104536	0.10498	0.105737	0.075868	0.0436878	99	0	0
setup	0	2021-06-27 23:00:00	0	1.72	1.71134	3.14768	0	0	0.0086552	1.01341	0.122498	0	0.403579	1.58885	0	0	0	0	0	0	1205.99	455.544	0	36.2776	30.81	30.6536	29.3011	29.28	29.2244	35.2661	35.6719	35.7176	35.7667	43.153	43.3542	0.094639	0.0953705	0.105188	0.105317	0.10566	0.0758917	0.0434203	99	0	0
setup	0	2021-06-28 23:00:00	0	1.72	1.71134	3.14772	0	0	0.0086552	1.01448	0.1225	0	0	1.58884	0	0	0	0	0	0	1206.56	456.084	0	36.2775	30.9622	30.7761	29.2468	29.2395	29.2201	35.7451	35.7244	35.7207	35.7642	43.1587	43.3437	0.0939317	0.094797	0.105522	0.105567	0.105687	0.0756523	0.0433919	99	0	0
setup	0	2021-06-29 23:00:00	0	1.72	1.71134	3.14777	0	0	0.0086552	1.01335	0.122502	0	0.807161	1.58884	0	0	0	0	0	0	1206.33	455.826	0	36.2775	30.6516	30.6558	29.4169	29.3444	29.2219	35.6698	35.7274	35.7273	35.7643	43.2289	43.3344	0.0953799	0.0953604	0.104479	0.104922	0.105675	0.0756386	0.0430376	99	0	0
setup	0	2021-06-30 23:00:00	0	1.72	1.71134	3.14783	0	0	0.0086552	1.01357	0.122505	0	0.403581	1.58884	0	0	0	0	0	0	1206.5	455.973	0	36.2774	30.8109	30.6545	29.3105	29.2896	29.2341	35.6364	35.7284	35.7286	35.7652	43.2632	43.3266	0.0946349	0.0953663	0.10513	0.105259	0.1056	0.0756343	0.0428636	99	0	0
setup	0	2021-07-01 23:00:00	0	1.72	1.71134	3.1479	0	0	0.0086552	1.01465	0.122507	0	0.403581	1.58884	0	0	0	0	0	0	1206.67	456.121	0	36.2774	30.9632	30.7772	29.2562	29.249	29.2297	35.605	35.7291	35.7299	35.7663	43.2968	43.32	0.093927	0.0947921	0.105464	0.105508	0.105627	0.0756308	0.0426933	99	0	0
setup	0	2021-07-02 23:00:00	0	1.72	1.71134	3.14798	0	0	0.0086552	1.01353	0.12251	0	0.807163	1.58883	0	0	0	0	0	0	1206.44	455.869	0	36.2773	30.6526	30.6568	29.4257	29.3534	29.2314	35.5455	35.7285	35.731	35.7674	43.3487	43.3171	0.0953752	0.0953556	0.104426	0.104867	0.105617	0.0756339	0.0424287	99	0	0
setup	0	2021-07-03 23:00:00	0	1.72	1.71134	3.14806	0	0	0.0086552	1.01375	0.122514	0	0.403581	1.58883	0	0	0	0	0	0	1206.61	456.014	0	36.2773	30.8118	30.6554	29.3193	29.2984	29.2432	35.5191	35.7282	35.7321	35.7684	43.3541	43.32	0.0946307	0.0953619	0.105076	0.105204	0.105544	0.0756351	0.0424011	99	0	0
setup	0	2021-07-04 23:00:00	0	1.72	1.71134	3.14815	0	0	0.0086552	1.01483	0.122518	0	0.403582	1.58883	0	0	0	0	0	0	1206.78	456.153	0	36.2772	30.9641	30.7781	29.2648	29.2577	29.2386	35.4944	35.7276	35.7331	35.7695	43.358	43.3232	0.0939229	0.0947879	0.105411	0.105455	0.105572	0.0756379	0.0423815	99	0	0
setup	0	2021-07-05 23:00:00	0	1.72	1.71134	3.14825	0	0	0.0086552	1.01371	0.122522	0	1.21075	1.58882	0	0	0	0	0	0	1206.15	455.889	0	36.2771	30.6535	30.6576	29.4337	29.3617	29.2401	35.4468	35.7238	35.7335	35.7704	43.384	43.3279	0.0953712	0.0953516	0.104377	0.104817	0.105563	0.075655	0.0422486	99	0	0
setup	0	2021-07-06 23:00:00	0	1.72	1.71134	3.14836	0	0	0.0086552	1.01394	0.122526	0	0.403581	1.58882	0	0	0	0	0	0	1206.32	456.022	0	36.2771	30.8123	30.656	29.3271	29.3064	29.2515	35.4259	35.7219	35.7341	35.7714	43.38	43.3327	0.0946282	0.0953593	0.105028	0.105156	0.105493	0.0756637	0.0422689	99	0	0
setup	0	2021-07-07 23:00:00	0	1.72	1.71134	3.14847	0	0	0.0086552	1.01501	0.122531	0	0.403582	1.58881	0	0	0	0	0	0	1206.49	456.151	0	36.277	30.9644	30.7784	29.2723	29.2653	29.2465	35.4066	35.7196	35.7346	35.7723	43.3788	43.3356	0.0939215	0.0947864	0.105365	0.105408	0.105524	0.0756742	0.0422752	99	0	0
setup	0	2021-07-08 23:00:00	0	1.72	1.71134	3.14859	0	0	0.0086552	1.0139	0.122536	0	0.807163	1.58881	0	0	0	0	0	0	1206.26	455.881	0	36.2769	30.6536	30.6578	29.4406	29.3687	29.2476	35.3683	35.7125	35.7339	35.7731	43.4014	43.3396	0.0953707	0.0953511	0.104335	0.104773	0.105517	0.0757066	0.0421595	99	0	0
setup	0	2021-07-09 23:00:00	0	1.72	1.71134	3.14872	0	0	0.0086552	1.01412	0.122542	0	0.403582	1.5888	0	0	0	0	0	0	1206.43	456.009	0	36.2769	30.8124	30.6561	29.3339	29.3133	29.2589	35.352	35.709	35.7339	35.774	43.3952	43.3436	0.0946279	0.0953589	0.104987	0.105113	0.105447	0.0757226	0.0421914	99	0	0
setup	0	2021-07-10 23:00:00	0	1.72	1.71134	3.14886	0	0	0.0086552	1.01521	0.122547	0	0.403582	1.5888	0	0	0	0	0	0	1206.6	456.135	0	36.2768	30.9644	30.7785	29.2791	29.2721	29.2537	35.337	35.7052	35.7337	35.7749	43.3922	43.3458	0.0939214	0.0947862	0.105323	0.105366	0.105479	0.0757401	0.0422064	99	0	0
setup	0	2021-07-11 23:00:00	0	1.72	1.71134	3.14901	0	0	0.0086552	1.0141	0.122553	0	0.807165	1.58879	0	0	0	0	0	0	1206.37	455.861	0	36.2767	30.6536	30.6578	29.4469	29.3752	29.2546	35.3064	35.695	35.7315	35.7756	43.4134	43.3492	0.0953706	0.095351	0.104297	0.104734	0.105474	0.0757863	0.0420978	99	0	0
setup	0	2021-07-12 23:00:00	0	1.72	1.71134	3.14916	0	0	0.0086552	1.01433	0.12256	0	0.403582	1.58879	0	0	0	0	0	0	1206.54	455.987	0	36.2766	30.8124	30.6561	29.3402	29.3197	29.2657	35.2938	35.6902	35.7307	35.7764	43.4062	43.3526	0.0946281	0.095359	0.104948	0.105074	0.105405	0.0758085	0.042135	99	0	0
setup	0	2021-07-13 23:00:00	0	1.72	1.71134	3.14932	0	0	0.0086552	1.01542	0.122566	0	0.403583	1.58878	0	0	0	0	0	0	1206.71	456.111	0	36.2766	30.9643	30.7784	29.2853	29.2785	29.2603	35.2823	35.685	35.7297	35.7772	43.4024	43.3543	0.0939217	0.0947865	0.105285	0.105327	0.105439	0.075832	0.0421544	99	0	0
setup	0	2021-07-14 23:00:00	0	1.72	1.71134	3.14949	0	0	0.0086552	1.01431	0.122573	0	0.403584	1.58877	0	0	0	0	0	0	1206.88	456.236	0	36.2765	30.6535	30.6577	29.4527	29.3812	29.261	35.787	35.6998	35.7286	35.7781	43.4002	43.3551	0.0953711	0.0953514	0.104261	0.104697	0.105434	0.0757643	0.0421656	99	0	0
setup	0	2021-07-15 23:00:00	0	1.72	1.71134	3.14966	0	0	0.0086552	1.01455	0.122581	0	0.403584	1.58876	0	0	0	0	0	0	1207.05	456.363	0	36.2764	30.8125	30.6562	29.3462	29.3258	29.2722	35.7215	35.7303	35.73	35.7789	43.4013	43.3548	0.0946276	0.0953584	0.104911	0.105036	0.105365	0.0756255	0.04216	99	0	0
setup	0	2021-07-16 23:00:00	0	1.72	1.71134	3.14984	0	0	0.0086552	1.01565	0.122588	0	0.403585	1.58876	0	0	0	0	0	0	1207.22	456.49	0	36.2763	30.9646	30.7787	29.2915	29.2847	29.2668	35.688	35.7316	35.7316	35.7798	43.4002	43.3559	0.0939205	0.0947851	0.105247	0.105288	0.105399	0.0756197	0.0421656	99	0	0
setup	0	2021-07-17 23:00:00	0	1.72	1.71134	3.15003	0	0	0.0086552	1.01456	0.122596	0	1.21075	1.58875	0	0	0	0	0	0	1206.58	456.216	0	36.2762	30.6539	30.6581	29.4587	29.3874	29.2676	35.6248	35.7323	35.733	35.7804	43.4221	43.3592	0.0953691	0.0953494	0.104225	0.104659	0.105394	0.0756165	0.0420532	99	0	0
setup	0	2021-07-18 23:00:00	0	1.72	1.71134	3.15023	0	0	0.0086552	1.0148	0.122604	0	0.403584	1.58874	0	0	0	0	0	0	1206.75	456.341	0	36.2762	30.8125	30.6562	29.352	29.3317	29.2785	35.5964	35.7328	35.7342	35.7811	43.4153	43.3625	0.0946275	0.0953582	0.104876	0.105	0.105327	0.075614	0.0420883	99	0	0
setup	0	2021-07-19 23:00:00	0	1.72	1.71134	3.15043	0	0	0.0086552	1.01589	0.122613	0	0.403585	1.58873	0	0	0	0	0	0	1206.92	456.463	0	36.2761	30.9644	30.7785	29.297	29.2903	29.2727	35.5698	35.7331	35.7354	35.7819	43.4117	43.3642	0.0939217	0.0947862	0.105213	0.105254	0.105362	0.0756128	0.0421066	99	0	0
setup	0	2021-07-20 23:00:00	0	1.72	1.71134	3.15064	0	0	0.0086552	1.01479	0.122621	0	0.807169	1.58872	0	0	0	0	0	0	1206.69	456.187	0	36.276	30.6534	30.6576	29.4636	29.3925	29.2731	35.5188	35.7313	35.7363	35.7823	43.4323	43.3673	0.0953714	0.0953517	0.104195	0.104628	0.10536	0.0756209	0.0420011	99	0	0
setup	0	2021-07-21 23:00:00	0	1.72	1.71134	3.15085	0	0	0.0086552	1.01504	0.12263	0	0.807168	1.58871	0	0	0	0	0	0	1206.45	455.912	0	36.2759	30.812	30.6557	29.3569	29.3367	29.2838	35.4964	35.7305	35.7372	35.7723	43.1146	43.3626	0.09463	0.0953606	0.104846	0.104969	0.105294	0.0756246	0.0436133	99	0	0
setup	0	2021-07-22 23:00:00	0	1.72	1.71134	3.15108	0	0	0.0086552	1.01614	0.12264	0	0.403584	1.58871	0	0	0	0	0	0	1206.62	456.045	0	36.2758	30.9636	30.7777	29.3017	29.295	29.2777	35.4753	35.7293	35.738	35.7635	43.1558	43.351	0.0939254	0.0947899	0.105184	0.105225	0.105332	0.0756302	0.0434065	99	0	0
setup	0	2021-07-23 23:00:00	0	1.72	1.71134	3.1513	0	0	0.0086552	1.01503	0.122649	0	0.807168	1.5887	0	0	0	0	0	0	1206.39	455.785	0	36.2757	30.6524	30.6566	29.4677	29.3967	29.2777	35.434	35.7244	35.7381	35.7634	43.226	43.3407	0.0953761	0.0953564	0.10417	0.104602	0.105332	0.0756523	0.0430522	99	0	0
setup	0	2021-07-24 23:00:00	0	1.72	1.71134	3.15154	0	0	0.0086552	1.01528	0.122659	0	0.403584	1.58869	0	0	0	0	0	0	1206.56	455.929	0	36.2756	30.8107	30.6545	29.3608	29.3407	29.288	35.4162	35.722	35.7385	35.7643	43.2604	43.332	0.0946359	0.0953666	0.104822	0.104945	0.105268	0.0756632	0.042878	99	0	0
setup	0	2021-07-25 23:00:00	0	1.72	1.71134	3.15178	0	0	0.0086552	1.01638	0.122669	0	0.403585	1.58868	0	0	0	0	0	0	1206.73	456.073	0	36.2755	30.9623	30.7764	29.3055	29.2989	29.2818	35.3995	35.7193	35.7387	35.7654	43.294	43.3247	0.0939314	0.094796	0.105161	0.105201	0.105306	0.0756757	0.0427074	99	0	0
setup	0	2021-07-26 23:00:00	0	1.72	1.71134	3.15203	0	0	0.0086552	1.01528	0.122679	0	1.21075	1.58867	0	0	0	0	0	0	1206.09	455.819	0	36.2754	30.6511	30.6553	29.4711	29.4004	29.2817	35.3662	35.7114	35.7376	35.7665	43.3491	43.3204	0.0953823	0.0953625	0.104149	0.10458	0.105307	0.0757116	0.0424266	99	0	0
setup	0	2021-07-27 23:00:00	0	1.72	1.71134	3.15228	0	0	0.0086552	1.01552	0.12269	0	0.403583	1.58866	0	0	0	0	0	0	1206.26	455.96	0	36.2753	30.8091	30.6529	29.3641	29.3441	29.2917	35.352	35.7075	35.7373	35.7676	43.3557	43.3224	0.0946431	0.0953739	0.104802	0.104924	0.105246	0.0757293	0.0423934	99	0	0
setup	0	2021-07-28 23:00:00	0	1.72	1.71134	3.15254	0	0	0.0086552	1.01662	0.122701	0	0.403584	1.58864	0	0	0	0	0	0	1206.43	456.096	0	36.2752	30.9605	30.7746	29.3086	29.3021	29.2851	35.3389	35.7033	35.7368	35.7686	43.3598	43.3252	0.0939397	0.0948043	0.105142	0.105182	0.105286	0.0757483	0.0423725	99	0	0
setup	0	2021-07-29 23:00:00	0	1.72	1.71134	3.1528	0	0	0.0086552	1.01553	0.122712	0	0.807167	1.58863	0	0	0	0	0	0	1206.2	455.83	0	36.2751	30.6491	30.6534	29.4736	29.403	29.2847	35.3117	35.6927	35.7341	35.7696	43.3857	43.3298	0.0953915	0.0953717	0.104134	0.104564	0.105289	0.0757969	0.0422397	99	0	0
setup	0	2021-07-30 23:00:00	0	1.72	1.71134	3.15307	0	0	0.0086552	1.01577	0.122723	0	0.403584	1.58862	0	0	0	0	0	0	1206.36	455.961	0	36.275	30.8072	30.651	29.3666	29.3467	29.2945	35.3006	35.6876	35.733	35.7706	43.3818	43.3345	0.0946521	0.0953829	0.104786	0.104908	0.105228	0.0758201	0.04226	99	0	0
setup	0	2021-07-31 23:00:00	0	1.72	1.71134	3.15335	0	0	0.0086552	1.01688	0.122734	0	0.403584	1.58861	0	0	0	0	0	0	1206.53	456.089	0	36.2749	30.9585	30.7726	29.311	29.3046	29.2879	35.2904	35.6823	35.7317	35.7717	43.3805	43.3373	0.0939487	0.0948134	0.105127	0.105166	0.105269	0.0758443	0.0422664	99	0	0
setup	0	2021-08-01 23:00:00	0	1.72	1.71134	3.15363	0	0	0.0086552	1.01578	0.122746	0	0.807168	1.5886	0	0	0	0	0	0	1206.3	455.817	0	36.2748	30.6472	30.6514	29.4758	29.4053	29.2873	35.2684	35.6695	35.7274	35.7726	43.403	43.3413	0.0954006	0.0953809	0.104121	0.10455	0.105273	0.0759028	0.0421511	99	0	0
setup	0	2021-08-02 23:00:00	0	1.72	1.71134	3.15391	0	0	0.0086552	1.01603	0.122758	0	0	1.58859	0	0	0	0	0	0	1206.87	456.344	0	36.2746	30.8053	30.649	29.3688	29.3489	29.297	35.748	35.7159	35.7287	35.7737	43.3786	43.3413	0.0946611	0.095392	0.104773	0.104895	0.105213	0.0756913	0.0422763	99	0	0
setup	0	2021-08-03 23:00:00	0	1.72	1.71134	3.1542	0	0	0.0086552	1.01715	0.12277	0	0.403586	1.58857	0	0	0	0	0	0	1207.04	456.471	0	36.2745	30.9568	30.7709	29.3133	29.3069	29.2904	35.7095	35.7266	35.7297	35.7747	43.3814	43.3414	0.0939568	0.0948216	0.105113	0.105152	0.105254	0.0756423	0.0422619	99	0	0
setup	0	2021-08-04 23:00:00	0	1.72	1.71134	3.1545	0	0	0.0086552	1.01606	0.122782	0	0.807171	1.58856	0	0	0	0	0	0	1206.8	456.199	0	36.2744	30.6456	30.6498	29.478	29.4077	29.2899	35.647	35.7276	35.7308	35.7757	43.4052	43.345	0.095408	0.0953883	0.104107	0.104536	0.105257	0.0756377	0.0421402	99	0	0
setup	0	2021-08-05 23:00:00	0	1.72	1.71134	3.1548	0	0	0.0086552	1.01632	0.122795	0	0.403586	1.58855	0	0	0	0	0	0	1206.97	456.325	0	36.2743	30.8039	30.6477	29.3712	29.3514	29.2997	35.6189	35.7285	35.7319	35.7767	43.3995	43.3489	0.0946674	0.0953983	0.104758	0.10488	0.105197	0.0756338	0.0421693	99	0	0
setup	0	2021-08-06 23:00:00	0	1.72	1.71134	3.1551	0	0	0.0086552	1.01744	0.122807	0	0.403586	1.58854	0	0	0	0	0	0	1207.14	456.449	0	36.2742	30.9554	30.7695	29.3157	29.3094	29.293	35.5926	35.7291	35.7331	35.7777	43.3969	43.3511	0.0939634	0.0948282	0.105098	0.105137	0.105238	0.0756311	0.0421826	99	0	0
setup	0	2021-08-07 23:00:00	0	1.72	1.71134	3.15541	0	0	0.0086552	1.01635	0.12282	0	1.21076	1.58852	0	0	0	0	0	0	1206.5	456.174	0	36.2741	30.6442	30.6484	29.4801	29.4099	29.2924	35.5419	35.728	35.734	35.7786	43.4183	43.3546	0.0954148	0.0953951	0.104095	0.104522	0.105241	0.0756359	0.0420729	99	0	0
setup	0	2021-08-08 23:00:00	0	1.72	1.71134	3.15573	0	0	0.0086552	1.01661	0.122833	0	0.403585	1.58851	0	0	0	0	0	0	1206.67	456.296	0	36.274	30.8022	30.6459	29.3731	29.3533	29.3018	35.5195	35.7276	35.7349	35.7795	43.4112	43.358	0.0946756	0.0954066	0.104747	0.104868	0.105183	0.075638	0.0421094	99	0	0
setup	0	2021-08-09 23:00:00	0	1.72	1.71134	3.15605	0	0	0.0086552	1.01772	0.122847	0	0.403586	1.5885	0	0	0	0	0	0	1206.84	456.416	0	36.2738	30.9533	30.7674	29.3173	29.3111	29.2948	35.4984	35.7268	35.7357	35.7804	43.4075	43.3597	0.0939728	0.0948377	0.105088	0.105127	0.105226	0.0756415	0.0421283	99	0	0
setup	0	2021-08-10 23:00:00	0	1.72	1.71134	3.15637	0	0	0.0086552	1.01663	0.12286	0	0.807171	1.58848	0	0	0	0	0	0	1206.6	456.138	0	36.2737	30.6419	30.6461	29.4812	29.4111	29.2939	35.4572	35.7228	35.7358	35.7811	43.428	43.3628	0.0954254	0.0954057	0.104088	0.104514	0.105232	0.0756596	0.0420232	99	0	0
setup	0	2021-08-11 23:00:00	0	1.72	1.71134	3.1567	0	0	0.0086552	1.01689	0.122874	0	0.403586	1.58847	0	0	0	0	0	0	1206.77	456.258	0	36.2736	30.7999	30.6437	29.3743	29.3546	29.3033	35.4393	35.7209	35.7363	35.7819	43.4202	43.3658	0.0946861	0.0954171	0.10474	0.10486	0.105175	0.0756682	0.042063	99	0	0
setup	0	2021-08-12 23:00:00	0	1.72	1.71134	3.15703	0	0	0.0086552	1.01801	0.122888	0	0.403586	1.58846	0	0	0	0	0	0	1206.94	456.377	0	36.2735	30.9511	30.7652	29.3185	29.3122	29.2962	35.4226	35.7187	35.7367	35.7828	43.416	43.3671	0.0939833	0.0948484	0.105081	0.10512	0.105218	0.0756783	0.0420848	99	0	0
setup	0	2021-08-13 23:00:00	0	1.72	1.71134	3.15736	0	0	0.0086552	1.01692	0.122901	0	1.21076	1.58844	0	0	0	0	0	0	1206.3	455.698	0	36.2734	30.6396	30.6438	29.4821	29.4121	29.2951	35.3891	35.7118	35.7358	35.7813	43.099	43.3665	0.0954362	0.0954164	0.104082	0.104509	0.105224	0.0757097	0.0436915	99	0	0
setup	0	2021-08-14 23:00:00	0	1.72	1.71134	3.1577	0	0	0.0086552	1.01744	0.122916	0	0.403585	1.58843	0	0	0	0	0	0	1206.46	455.828	0	36.2732	30.7932	30.6467	29.3799	29.3577	29.3023	35.3748	35.7084	35.7357	35.7663	43.1527	43.3547	0.0947173	0.0954028	0.104705	0.104841	0.105181	0.0757251	0.0434221	99	0	0
setup	0	2021-08-15 23:00:00	0	1.72	1.71134	3.15804	0	0	0.0086552	1.01856	0.12293	0	0.403585	1.58841	0	0	0	0	0	0	1206.63	455.963	0	36.2731	30.945	30.764	29.3243	29.316	29.295	35.3614	35.7048	35.7354	35.7651	43.1896	43.3438	0.0940114	0.0948539	0.105046	0.105096	0.105225	0.0757418	0.0432358	99	0	0
setup	0	2021-08-16 23:00:00	0	1.72	1.71134	3.15839	0	0	0.0086552	1.01719	0.122944	0	1.21075	1.5884	0	0	0	0	0	0	1205.99	455.702	0	36.273	30.6353	30.6396	29.4841	29.4139	29.2955	35.3337	35.6952	35.733	35.7661	43.2585	43.3347	0.0954563	0.0954362	0.10407	0.104498	0.105222	0.0757857	0.0428878	99	0	0
setup	0	2021-08-17 23:00:00	0	1.72	1.71134	3.15873	0	0	0.0086552	1.01771	0.122959	0	0.403584	1.58839	0	0	0	0	0	0	1206.16	455.844	0	36.2728	30.7887	30.6421	29.3809	29.3586	29.303	35.3222	35.6905	35.7321	35.767	43.2921	43.3269	0.0947385	0.0954244	0.104699	0.104836	0.105176	0.0758069	0.0427171	99	0	0
setup	0	2021-08-18 23:00:00	0	1.72	1.71134	3.15909	0	0	0.0086552	1.01882	0.122973	0	0.403584	1.58837	0	0	0	0	0	0	1206.32	455.985	0	36.2727	30.9403	30.7592	29.3247	29.3165	29.2955	35.3115	35.6856	35.7311	35.768	43.3249	43.3202	0.0940331	0.094876	0.105043	0.105094	0.105222	0.0758292	0.0425501	99	0	0
setup	0	2021-08-19 23:00:00	0	1.72	1.71134	3.15944	0	0	0.0086552	1.01745	0.122988	0	0.807169	1.58836	0	0	0	0	0	0	1206.09	455.726	0	36.2726	30.6305	30.6348	29.4839	29.4138	29.2958	35.2886	35.6737	35.7271	35.7691	43.3628	43.3208	0.0954788	0.0954588	0.104071	0.104498	0.105221	0.0758837	0.0423569	99	0	0
setup	0	2021-08-20 23:00:00	0	1.72	1.71134	3.1598	0	0	0.0086552	1.01797	0.123003	0	0.403584	1.58834	0	0	0	0	0	0	1206.25	455.862	0	36.2725	30.7841	30.6375	29.3807	29.3584	29.3031	35.2795	35.6681	35.7255	35.7701	43.3646	43.3247	0.0947598	0.0954461	0.104701	0.104837	0.105176	0.0759093	0.0423479	99	0	0
setup	0	2021-08-21 23:00:00	0	1.72	1.71134	3.16016	0	0	0.0086552	1.01908	0.123018	0	0.403585	1.58833	0	0	0	0	0	0	1206.42	455.993	0	36.2723	30.9358	30.7547	29.3244	29.3162	29.2955	35.271	35.6623	35.7236	35.7711	43.3665	43.3279	0.0940541	0.0948973	0.105045	0.105095	0.105222	0.0759357	0.042338	99	0	0
setup	0	2021-08-22 23:00:00	0	1.72	1.71134	3.16052	0	0	0.0086552	1.018	0.123033	0	0.403585	1.58831	0	0	0	0	0	0	1206.59	456.125	0	36.2722	30.6644	30.6639	29.4967	29.415	29.2931	35.716	35.7151	35.7241	35.7722	43.3755	43.3276	0.09532	0.0953223	0.103994	0.104491	0.105237	0.0756947	0.0422919	99	0	0
setup	0	2021-08-23 23:00:00	0	1.72	1.71134	3.16089	0	0	0.0086552	1.01823	0.123049	0	0.403586	1.5883	0	0	0	0	0	0	1206.75	456.255	0	36.2721	30.7783	30.6336	29.3827	29.3598	29.3023	35.6847	35.7177	35.7251	35.7732	43.375	43.3309	0.0947868	0.0954643	0.104688	0.104828	0.10518	0.075683	0.0422944	99	0	0
setup	0	2021-08-24 23:00:00	0	1.72	1.71134	3.16126	0	0	0.0086552	1.01936	0.123064	0	0.403586	1.58828	0	0	0	0	0	0	1206.92	456.383	0	36.2719	30.931	30.7499	29.3253	29.3169	29.2957	35.6551	35.7189	35.7261	35.7743	43.3754	43.3339	0.0940765	0.0949198	0.10504	0.105091	0.105221	0.0756776	0.0422927	99	0	0
setup	0	2021-08-25 23:00:00	0	1.72	1.71134	3.16163	0	0	0.0086552	1.01828	0.123079	0	0.807172	1.58827	0	0	0	0	0	0	1206.68	456.109	0	36.2718	30.6598	30.6593	29.4969	29.4153	29.2936	35.5989	35.7193	35.7267	35.7753	43.3995	43.3382	0.0953413	0.0953438	0.103992	0.104489	0.105234	0.0756758	0.0421692	99	0	0
setup	0	2021-08-26 23:00:00	0	1.72	1.71134	3.16201	0	0	0.0086552	1.01851	0.123095	0	0.403586	1.58825	0	0	0	0	0	0	1206.85	456.234	0	36.2717	30.774	30.6292	29.3829	29.36	29.3027	35.5738	35.7197	35.7277	35.7763	43.3937	43.3425	0.0948072	0.0954851	0.104687	0.104827	0.105178	0.0756736	0.0421987	99	0	0
setup	0	2021-08-27 23:00:00	0	1.72	1.71134	3.16238	0	0	0.0086552	1.01965	0.123111	0	0.403587	1.58823	0	0	0	0	0	0	1207.01	456.356	0	36.2715	30.9266	30.7455	29.3253	29.3171	29.296	35.5502	35.7199	35.7286	35.7773	43.3913	43.345	0.0940966	0.0949402	0.105039	0.10509	0.105219	0.0756728	0.0422114	99	0	0
setup	0	2021-08-28 23:00:00	0	1.72	1.71134	3.16276	0	0	0.0086552	1.01857	0.123127	0	1.21076	1.58822	0	0	0	0	0	0	1206.37	456.079	0	36.2714	30.6556	30.655	29.4966	29.4152	29.2938	35.5043	35.7179	35.729	35.7782	43.4134	43.3487	0.0953614	0.0953639	0.103994	0.10449	0.105233	0.0756818	0.0420981	99	0	0
setup	0	2021-08-29 23:00:00	0	1.72	1.71134	3.16314	0	0	0.0086552	1.0188	0.123142	0	0.403585	1.5882	0	0	0	0	0	0	1206.54	456.199	0	36.2713	30.7696	30.6248	29.3824	29.3597	29.3026	35.4841	35.717	35.7296	35.7791	43.4062	43.3523	0.0948275	0.0955058	0.10469	0.104829	0.105179	0.075686	0.0421349	99	0	0
setup	0	2021-08-30 23:00:00	0	1.72	1.71134	3.16353	0	0	0.0086552	1.01993	0.123158	0	0.403586	1.58819	0	0	0	0	0	0	1206.7	456.318	0	36.2711	30.9221	30.7409	29.3246	29.3164	29.2955	35.4651	35.7158	35.7302	35.78	43.4026	43.3542	0.0941177	0.0949617	0.105044	0.105094	0.105222	0.0756917	0.0421535	99	0	0
setup	0	2021-08-31 23:00:00	0	1.72	1.71134	3.16391	0	0	0.0086552	1.01885	0.123174	0	0.807171	1.58817	0	0	0	0	0	0	1206.46	456.037	0	36.271	30.6508	30.6503	29.4954	29.4141	29.293	35.4274	35.7108	35.7297	35.7807	43.4237	43.3573	0.0953835	0.095386	0.104002	0.104497	0.105238	0.0757142	0.0420452	99	0	0
setup	0	2021-09-01 23:00:00	0	1.72	1.71134	3.1643	0	0	0.0086552	1.01908	0.123191	0	0.403586	1.58815	0	0	0	0	0	0	1206.63	456.156	0	36.2709	30.7651	30.6202	29.3812	29.3585	29.3017	35.4112	35.7085	35.7299	35.7816	43.4158	43.3605	0.0948486	0.0955272	0.104697	0.104836	0.105184	0.0757249	0.0420857	99	0	0
setup	0	2021-09-02 23:00:00	0	1.72	1.71134	3.16469	0	0	0.0086552	1.02022	0.123207	0	0.403586	1.58814	0	0	0	0	0	0	1206.79	456.273	0	36.2707	30.9176	30.7364	29.3234	29.3152	29.2945	35.396	35.7058	35.73	35.7824	43.4116	43.362	0.0941385	0.0949828	0.105051	0.105101	0.105229	0.075737	0.0421074	99	0	0
setup	0	2021-09-03 23:00:00	0	1.72	1.71134	3.16508	0	0	0.0086552	1.01914	0.123223	0	0.807172	1.58812	0	0	0	0	0	0	1206.56	455.991	0	36.2706	30.6464	30.6459	29.4939	29.4127	29.2918	35.3651	35.6981	35.7285	35.783	43.4321	43.3648	0.0954043	0.0954069	0.104011	0.104505	0.105245	0.0757723	0.0420019	99	0	0
setup	0	2021-09-04 23:00:00	0	1.72	1.71134	3.16547	0	0	0.0086552	1.01937	0.123239	0	0.807171	1.58811	0	0	0	0	0	0	1206.32	455.71	0	36.2704	30.7608	30.6159	29.3797	29.3571	29.3004	35.3522	35.6944	35.7281	35.7737	43.1116	43.3606	0.0948685	0.0955475	0.104706	0.104845	0.105192	0.075789	0.0436282	99	0	0
setup	0	2021-09-05 23:00:00	0	1.72	1.71134	3.16586	0	0	0.0086552	1.0205	0.123256	0	0.403585	1.58809	0	0	0	0	0	0	1206.48	455.839	0	36.2703	30.9132	30.7319	29.3217	29.3136	29.293	35.3399	35.6904	35.7275	35.7638	43.1546	43.3488	0.0941592	0.0950038	0.105062	0.105111	0.105238	0.0758072	0.0434125	99	0	0
setup	0	2021-09-06 23:00:00	0	1.72	1.71134	3.16626	0	0	0.0086552	1.02026	0.123272	0	1.21075	1.58807	0	0	0	0	0	0	1205.84	455.572	0	36.2702	30.7239	30.708	29.5325	29.4135	29.2838	35.3142	35.6801	35.7245	35.7638	43.225	43.3384	0.095041	0.0951156	0.103777	0.1045	0.105294	0.0758542	0.0430573	99	0	0
setup	0	2021-09-07 23:00:00	0	1.72	1.71134	3.16665	0	0	0.0086552	1.01984	0.123289	0	0.403584	1.58806	0	0	0	0	0	0	1206	455.71	0	36.27	30.7459	30.6179	29.3898	29.3622	29.2949	35.3035	35.6752	35.7233	35.7646	43.2593	43.3294	0.0949381	0.095538	0.104645	0.104813	0.105226	0.0758767	0.0428833	99	0	0
setup	0	2021-09-08 23:00:00	0	1.72	1.71134	3.16705	0	0	0.0086552	1.02074	0.123305	0	0.403584	1.58804	0	0	0	0	0	0	1206.17	455.848	0	36.2699	30.9039	30.7231	29.324	29.315	29.2911	35.2934	35.6701	35.7219	35.7656	43.2929	43.322	0.094202	0.0950449	0.105047	0.105103	0.105249	0.0759002	0.042713	99	0	0
setup	0	2021-09-09 23:00:00	0	1.72	1.71134	3.16745	0	0	0.0086552	1.02049	0.123322	0	0.807167	1.58802	0	0	0	0	0	0	1205.93	455.588	0	36.2698	30.715	30.699	29.5319	29.4131	29.2829	35.2717	35.6577	35.7174	35.7666	43.3502	43.317	0.0950829	0.0951577	0.10378	0.104503	0.1053	0.0759568	0.0424214	99	0	0
setup	0	2021-09-10 23:00:00	0	1.72	1.71134	3.16785	0	0	0.0086552	1.02034	0.123338	0	0	1.58801	0	0	0	0	0	0	1206.5	456.126	0	36.2696	30.7319	30.6181	29.3948	29.3637	29.2919	35.7523	35.7021	35.7186	35.7676	43.336	43.3159	0.0950038	0.0955371	0.104614	0.104804	0.105244	0.0757539	0.0424937	99	0	0
setup	0	2021-09-11 23:00:00	0	1.72	1.71134	3.16825	0	0	0.0086552	1.02123	0.123355	0	0.403585	1.58799	0	0	0	0	0	0	1206.66	456.261	0	36.2695	30.8923	30.7173	29.3287	29.3174	29.2883	35.7068	35.72	35.7199	35.7687	43.3462	43.3166	0.0942561	0.0950719	0.105019	0.105088	0.105266	0.0756724	0.0424417	99	0	0
setup	0	2021-09-12 23:00:00	0	1.72	1.71134	3.16865	0	0	0.0086552	1.02102	0.123372	0	0.80717	1.58797	0	0	0	0	0	0	1206.42	455.993	0	36.2693	30.749	30.7202	29.5588	29.4106	29.2799	35.6446	35.721	35.7213	35.7698	43.3781	43.3204	0.0949236	0.0950584	0.103618	0.104518	0.105318	0.0756678	0.0422787	99	0	0
setup	0	2021-09-13 23:00:00	0	1.72	1.71134	3.16905	0	0	0.0086552	1.02055	0.123388	0	0.403585	1.58796	0	0	0	0	0	0	1206.58	456.122	0	36.2692	30.7214	30.6103	29.3976	29.3655	29.2909	35.6166	35.7218	35.7225	35.7708	43.374	43.3258	0.0950527	0.0955738	0.104597	0.104793	0.105251	0.075664	0.0422999	99	0	0
setup	0	2021-09-14 23:00:00	0	1.72	1.71134	3.16945	0	0	0.0086552	1.02147	0.123405	0	0.403585	1.58794	0	0	0	0	0	0	1206.74	456.247	0	36.2691	30.883	30.708	29.3294	29.318	29.2883	35.5901	35.7225	35.7238	35.7719	43.373	43.3297	0.0942991	0.0951154	0.105014	0.105084	0.105267	0.0756613	0.0423048	99	0	0
setup	0	2021-09-15 23:00:00	0	1.72	1.71134	3.16985	0	0	0.0086552	1.02277	0.123422	0	0.403586	1.58792	0	0	0	0	0	0	1206.91	456.369	0	36.2689	31.0226	30.834	29.2867	29.2833	29.2755	35.5651	35.7228	35.7251	35.773	43.3732	43.3323	0.0936523	0.0945272	0.105277	0.105297	0.105345	0.0756597	0.042304	99	0	0
setup	0	2021-09-16 23:00:00	0	1.72	1.71134	3.17026	0	0	0.0086552	1.02138	0.123439	0	0.807171	1.58791	0	0	0	0	0	0	1206.67	456.091	0	36.2688	30.6795	30.6504	29.4377	29.3846	29.2792	35.5166	35.7211	35.726	35.7739	43.3952	43.337	0.0952493	0.0953855	0.104352	0.104677	0.105322	0.0756672	0.0421914	99	0	0
setup	0	2021-09-17 23:00:00	0	1.72	1.71134	3.17066	0	0	0.0086552	1.02187	0.123456	0	0.403585	1.58789	0	0	0	0	0	0	1206.83	456.211	0	36.2686	30.8606	30.695	29.3466	29.3301	29.2863	35.4952	35.7205	35.7271	35.7749	43.3903	43.3408	0.0944036	0.0951764	0.104909	0.10501	0.105279	0.0756704	0.0422163	99	0	0
setup	0	2021-09-18 23:00:00	0	1.72	1.71134	3.17106	0	0	0.0086552	1.02292	0.123472	0	0.403586	1.58787	0	0	0	0	0	0	1206.99	456.329	0	36.2685	31.0041	30.8156	29.2946	29.2901	29.2786	35.475	35.7194	35.728	35.7759	43.388	43.3431	0.0937376	0.094613	0.105228	0.105255	0.105326	0.075675	0.0422282	99	0	0
setup	0	2021-09-19 23:00:00	0	1.72	1.71134	3.17147	0	0	0.0086552	1.02153	0.123489	0	1.21076	1.58786	0	0	0	0	0	0	1206.35	456.048	0	36.2683	30.6624	30.6329	29.4415	29.3886	29.2831	35.4351	35.7149	35.7282	35.7768	43.4083	43.3472	0.0953291	0.0954679	0.104329	0.104652	0.105298	0.0756957	0.0421243	99	0	0
setup	0	2021-09-20 23:00:00	0	1.72	1.71134	3.17187	0	0	0.0086552	1.02201	0.123506	0	0.403584	1.58784	0	0	0	0	0	0	1206.51	456.165	0	36.2682	30.844	30.6782	29.3493	29.3331	29.2898	35.4177	35.7127	35.7286	35.7777	43.4022	43.3504	0.0944806	0.0952553	0.104892	0.104992	0.105258	0.0757058	0.0421556	99	0	0
setup	0	2021-09-21 23:00:00	0	1.72	1.71134	3.17228	0	0	0.0086552	1.02333	0.123523	0	0.403585	1.58782	0	0	0	0	0	0	1206.67	456.279	0	36.2681	30.9859	30.8009	29.3002	29.2944	29.28	35.4015	35.7101	35.729	35.7785	43.3991	43.3519	0.0938218	0.0946815	0.105193	0.105229	0.105318	0.0757174	0.042171	99	0	0
setup	0	2021-09-22 23:00:00	0	1.72	1.71134	3.17268	0	0	0.0086552	1.0219	0.12354	0	0.807169	1.5878	0	0	0	0	0	0	1206.43	455.995	0	36.2679	30.645	30.6436	29.4573	29.3956	29.2814	35.3685	35.7026	35.7279	35.7792	43.4193	43.3553	0.0954108	0.0954176	0.104233	0.10461	0.105309	0.0757518	0.0420677	99	0	0
setup	0	2021-09-23 23:00:00	0	1.72	1.71134	3.17309	0	0	0.0086552	1.0224	0.123557	0	0.403584	1.58779	0	0	0	0	0	0	1206.59	456.11	0	36.2678	30.8225	30.6659	29.359	29.3396	29.2894	35.3547	35.699	35.7278	35.78	43.4123	43.3583	0.0945808	0.095313	0.104833	0.104952	0.10526	0.0757682	0.0421038	99	0	0
setup	0	2021-09-24 23:00:00	0	1.72	1.71134	3.17349	0	0	0.0086552	1.02345	0.123574	0	0.403585	1.58777	0	0	0	0	0	0	1206.75	456.224	0	36.2676	30.9683	30.7833	29.3044	29.2981	29.2819	35.3417	35.6951	35.7275	35.7808	43.4083	43.3597	0.0939034	0.0947635	0.105168	0.105206	0.105306	0.0757859	0.0421242	99	0	0
setup	0	2021-09-25 23:00:00	0	1.72	1.71134	3.1739	0	0	0.0086552	1.0223	0.123591	0	0.807169	1.58775	0	0	0	0	0	0	1206.51	455.939	0	36.2675	30.6534	30.6579	29.47	29.3993	29.2811	35.3146	35.685	35.725	35.7813	43.4285	43.3627	0.0953714	0.0953505	0.104156	0.104587	0.105311	0.0758321	0.0420204	99	0	0
setup	0	2021-09-26 23:00:00	0	1.72	1.71134	3.1743	0	0	0.0086552	1.02251	0.123607	0	0.403584	1.58774	0	0	0	0	0	0	1206.67	456.053	0	36.2674	30.8054	30.6501	29.3623	29.3425	29.2906	35.3036	35.6802	35.7241	35.7821	43.4205	43.3655	0.0946606	0.0953872	0.104813	0.104934	0.105252	0.0758539	0.0420615	99	0	0
setup	0	2021-09-27 23:00:00	0	1.72	1.71134	3.17471	0	0	0.0086552	1.02359	0.123624	0	0.403585	1.58772	0	0	0	0	0	0	1206.83	456.166	0	36.2672	30.9524	30.7672	29.3061	29.2998	29.2835	35.2934	35.6752	35.723	35.7828	43.4161	43.3667	0.0939773	0.0948389	0.105157	0.105196	0.105296	0.0758767	0.0420843	99	0	0
setup	0	2021-09-28 23:00:00	0	1.72	1.71134	3.17511	0	0	0.0086552	1.02245	0.123641	0	1.61433	1.5877	0	0	0	0	0	0	1205.78	455.48	0	36.2671	30.638	30.6424	29.4699	29.3997	29.2824	35.2711	35.6629	35.719	35.7815	43.0993	43.366	0.0954438	0.0954232	0.104156	0.104584	0.105303	0.0759327	0.0436902	99	0	0
setup	0	2021-09-29 23:00:00	0	1.72	1.71134	3.17551	0	0	0.0086552	1.02292	0.123658	0	0	1.58769	0	0	0	0	0	0	1206.35	456.003	0	36.2669	30.7866	30.6407	29.3669	29.3446	29.2892	35.7489	35.7109	35.7202	35.7625	43.1308	43.3548	0.0947484	0.095431	0.104785	0.104921	0.105261	0.0757139	0.043532	99	0	0
setup	0	2021-09-30 23:00:00	0	1.72	1.71134	3.17592	0	0	0.0086552	1.02399	0.123675	0	0.403583	1.58767	0	0	0	0	0	0	1206.51	456.13	0	36.2668	30.9348	30.7542	29.3106	29.3023	29.2815	35.7076	35.7232	35.7229	35.7588	43.1693	43.3439	0.0940589	0.0948993	0.10513	0.10518	0.105308	0.0756578	0.0433381	99	0	0
setup	0	2021-10-01 23:00:00	0	1.72	1.71134	3.17632	0	0	0.0086552	1.02285	0.123691	0	0.807166	1.58765	0	0	0	0	0	0	1206.26	455.863	0	36.2667	30.6609	30.6605	29.4832	29.4012	29.279	35.6446	35.7241	35.7244	35.7597	43.2387	43.3349	0.0953365	0.0953383	0.104076	0.104575	0.105323	0.0756537	0.0429881	99	0	0
setup	0	2021-10-02 23:00:00	0	1.72	1.71134	3.17672	0	0	0.0086552	1.02303	0.123708	0	0.403583	1.58764	0	0	0	0	0	0	1206.42	455.999	0	36.2665	30.7706	30.6265	29.3685	29.3456	29.288	35.6163	35.7249	35.7256	35.7607	43.2726	43.3272	0.0948228	0.0954979	0.104775	0.104915	0.105268	0.0756502	0.0428159	99	0	0
setup	0	2021-10-03 23:00:00	0	1.72	1.71134	3.17712	0	0	0.0086552	1.02412	0.123725	0	0.403583	1.58762	0	0	0	0	0	0	1206.58	456.135	0	36.2664	30.9201	30.7394	29.3104	29.3021	29.281	35.5895	35.7254	35.7268	35.7618	43.3058	43.3207	0.0941271	0.0949688	0.105131	0.105182	0.105311	0.0756477	0.0426474	99	0	0
setup	0	2021-10-04 23:00:00	0	1.72	1.71134	3.17752	0	0	0.0086552	1.02299	0.123741	0	0.807166	1.5876	0	0	0	0	0	0	1206.34	455.872	0	36.2662	30.6466	30.6462	29.4814	29.3998	29.2784	35.538	35.7243	35.7279	35.7629	43.3541	43.3186	0.0954033	0.0954053	0.104087	0.104583	0.105327	0.0756528	0.0424012	99	0	0
setup	0	2021-10-05 23:00:00	0	1.72	1.71134	3.17792	0	0	0.0086552	1.02317	0.123758	0	0.403583	1.58759	0	0	0	0	0	0	1206.5	456.004	0	36.2661	30.7575	30.6131	29.3667	29.3439	29.287	35.5152	35.7239	35.7289	35.764	43.3582	43.3218	0.0948841	0.0955608	0.104786	0.104925	0.105275	0.0756549	0.0423806	99	0	0
setup	0	2021-10-06 23:00:00	0	1.72	1.71134	3.17831	0	0	0.0086552	1.02427	0.123775	0	0.403583	1.58757	0	0	0	0	0	0	1206.66	456.132	0	36.266	30.9074	30.7265	29.3084	29.3002	29.2796	35.4937	35.7231	35.7298	35.7651	43.3613	43.325	0.0941859	0.095029	0.105143	0.105193	0.10532	0.0756584	0.0423644	99	0	0
setup	0	2021-10-07 23:00:00	0	1.72	1.71134	3.17871	0	0	0.0086552	1.02399	0.123791	0	0.807165	1.58755	0	0	0	0	0	0	1206.42	455.856	0	36.2658	30.7164	30.7005	29.5193	29.4002	29.2704	35.4515	35.7191	35.7301	35.7662	43.3894	43.3289	0.0950765	0.0951506	0.103857	0.104581	0.105376	0.0756766	0.0422212	99	0	0
setup	0	2021-10-08 23:00:00	0	1.72	1.71134	3.17911	0	0	0.0086552	1.0238	0.123808	0	0.403582	1.58754	0	0	0	0	0	0	1206.58	455.979	0	36.2657	30.7305	30.6172	29.3824	29.3512	29.2794	35.4331	35.7172	35.7307	35.7672	43.3843	43.3336	0.0950104	0.0955413	0.10469	0.104881	0.105321	0.0756853	0.042247	99	0	0
setup	0	2021-10-09 23:00:00	0	1.72	1.71134	3.1795	0	0	0.0086552	1.02466	0.123824	0	0.403583	1.58752	0	0	0	0	0	0	1206.74	456.098	0	36.2655	30.8886	30.714	29.3162	29.3049	29.2758	35.4158	35.7149	35.7312	35.7683	43.3822	43.3368	0.0942734	0.0950875	0.105095	0.105165	0.105343	0.0756956	0.0422577	99	0	0
setup	0	2021-10-10 23:00:00	0	1.72	1.71134	3.17989	0	0	0.0086552	1.02592	0.12384	0	0.807165	1.5875	0	0	0	0	0	0	1206.49	456.215	0	36.2654	31.0256	30.8375	29.274	29.2706	29.2628	35.3994	35.7123	35.7316	35.7694	43.3814	43.339	0.0936383	0.094511	0.105354	0.105375	0.105423	0.0757073	0.0422617	99	0	0
setup	0	2021-10-11 23:00:00	0	1.72	1.71134	3.18028	0	0	0.0086552	1.02448	0.123857	0	0.807164	1.58749	0	0	0	0	0	0	1206.25	455.932	0	36.2653	30.6799	30.6515	29.4258	29.3723	29.2665	35.3658	35.7046	35.7304	35.7703	43.4025	43.3432	0.0952472	0.0953804	0.104425	0.104751	0.105401	0.0757425	0.0421538	99	0	0
setup	0	2021-10-12 23:00:00	0	1.72	1.71134	3.18067	0	0	0.0086552	1.02492	0.123873	0	0.403582	1.58747	0	0	0	0	0	0	1206.41	456.047	0	36.2651	30.8586	30.6934	29.3341	29.3176	29.2735	35.3515	35.7009	35.7302	35.7712	43.397	43.3467	0.0944129	0.095184	0.104985	0.105087	0.105358	0.0757595	0.0421818	99	0	0
setup	0	2021-10-13 23:00:00	0	1.72	1.71134	3.18106	0	0	0.0086552	1.0262	0.123889	0	0.403582	1.58746	0	0	0	0	0	0	1206.57	456.16	0	36.265	30.9978	30.8133	29.2854	29.2793	29.2642	35.338	35.6969	35.7298	35.7722	43.3945	43.3484	0.093767	0.0946237	0.105285	0.105322	0.105415	0.0757778	0.0421948	99	0	0
setup	0	2021-10-14 23:00:00	0	1.72	1.71134	3.18144	0	0	0.0086552	1.02448	0.123905	0	0.807164	1.58744	0	0	0	0	0	0	1206.32	455.874	0	36.2649	30.6554	30.6264	29.43	29.3766	29.2698	35.31	35.6865	35.7272	35.773	43.414	43.3524	0.0953622	0.0954982	0.1044	0.104726	0.10538	0.0758252	0.0420947	99	0	0
setup	0	2021-10-15 23:00:00	0	1.72	1.71134	3.18183	0	0	0.0086552	1.02493	0.123921	0	0.403582	1.58742	0	0	0	0	0	0	1206.48	455.987	0	36.2647	30.8352	30.6696	29.3368	29.3204	29.2768	35.2984	35.6816	35.7262	35.7739	43.4076	43.3553	0.0945217	0.0952955	0.104969	0.105069	0.105337	0.0758476	0.0421278	99	0	0
setup	0	2021-10-16 23:00:00	0	1.72	1.71134	3.18221	0	0	0.0086552	1.0262	0.123937	0	0.403582	1.58741	0	0	0	0	0	0	1206.64	456.098	0	36.2646	30.9754	30.7906	29.2872	29.2814	29.267	35.2877	35.6764	35.7251	35.7748	43.4042	43.3566	0.0938705	0.0947297	0.105273	0.105309	0.105398	0.0758711	0.0421449	99	0	0
setup	0	2021-10-17 23:00:00	0	1.72	1.71134	3.18259	0	0	0.0086552	1.02501	0.123953	0	0.807164	1.58739	0	0	0	0	0	0	1206.39	455.811	0	36.2644	30.6586	30.6632	29.4554	29.3843	29.2656	35.2644	35.6639	35.7209	35.7755	43.4247	43.3596	0.0953469	0.0953254	0.104245	0.104678	0.105406	0.0759285	0.04204	99	0	0
setup	0	2021-10-18 23:00:00	0	1.72	1.71134	3.18296	0	0	0.0086552	1.02518	0.123968	0	0	1.58738	0	0	0	0	0	0	1206.96	456.325	0	36.2643	30.8076	30.6528	29.3477	29.3277	29.2753	35.7434	35.7111	35.7222	35.7766	43.3988	43.3586	0.0946501	0.0953745	0.104902	0.105025	0.105346	0.0757132	0.0421726	99	0	0
setup	0	2021-10-19 23:00:00	0	1.72	1.71134	3.18334	0	0	0.0086552	1.02622	0.123984	0	0.403583	1.58736	0	0	0	0	0	0	1207.11	456.439	0	36.2642	30.9528	30.768	29.2917	29.2852	29.2686	35.7042	35.7219	35.7234	35.7775	43.4003	43.3579	0.0939752	0.0948352	0.105246	0.105285	0.105387	0.0756638	0.0421651	99	0	0
setup	0	2021-10-20 23:00:00	0	1.72	1.71134	3.18371	0	0	0.0086552	1.02504	0.123999	0	0.807167	1.58735	0	0	0	0	0	0	1206.87	456.154	0	36.264	30.6372	30.6417	29.4564	29.3858	29.2679	35.6403	35.7229	35.7247	35.7782	43.4228	43.3608	0.0954477	0.0954266	0.104239	0.104669	0.105392	0.075659	0.0420498	99	0	0
setup	0	2021-10-21 23:00:00	0	1.72	1.71134	3.18408	0	0	0.0086552	1.02548	0.124015	0	0.807165	1.58733	0	0	0	0	0	0	1206.62	456.268	0	36.2639	30.7841	30.6386	29.3536	29.3311	29.2754	35.6115	35.7238	35.7259	35.7791	43.4166	43.3638	0.09476	0.0954411	0.104866	0.105004	0.105346	0.075655	0.0420814	99	0	0
setup	0	2021-10-22 23:00:00	0	1.72	1.71134	3.18445	0	0	0.0086552	1.02652	0.12403	0	0.403582	1.58731	0	0	0	0	0	0	1206.78	456.379	0	36.2638	30.9307	30.7505	29.2973	29.289	29.268	35.5844	35.7244	35.7271	35.7799	43.4133	43.3654	0.0940776	0.094917	0.105211	0.105262	0.105392	0.0756526	0.0420987	99	0	0
setup	0	2021-10-23 23:00:00	0	1.72	1.71134	3.18481	0	0	0.0086552	1.02535	0.124045	0	0.807164	1.5873	0	0	0	0	0	0	1206.53	456.09	0	36.2637	30.6557	30.6554	29.4704	29.3882	29.2657	35.5321	35.7232	35.7281	35.7804	43.4343	43.3684	0.0953606	0.0953621	0.104154	0.104655	0.105406	0.0756579	0.0419908	99	0	0
setup	0	2021-10-24 23:00:00	0	1.72	1.71134	3.18517	0	0	0.0086552	1.02549	0.12406	0	0.807163	1.58728	0	0	0	0	0	0	1206.29	455.803	0	36.2635	30.7638	30.6199	29.3555	29.3325	29.2748	35.5089	35.7227	35.729	35.7716	43.1122	43.3643	0.0948545	0.0955288	0.104854	0.104995	0.105349	0.07566	0.0436252	99	0	0
setup	0	2021-10-25 23:00:00	0	1.72	1.71134	3.18553	0	0	0.0086552	1.02654	0.124075	0	0.403581	1.58727	0	0	0	0	0	0	1206.45	455.925	0	36.2634	30.9117	30.7312	29.2971	29.2888	29.2677	35.487	35.7218	35.7299	35.7622	43.1544	43.3527	0.0941657	0.095007	0.105212	0.105263	0.105393	0.075664	0.0434134	99	0	0
setup	0	2021-10-26 23:00:00	0	1.72	1.71134	3.18589	0	0	0.0086552	1.02621	0.12409	0	0.807162	1.58725	0	0	0	0	0	0	1206.2	455.652	0	36.2633	30.7191	30.7034	29.509	29.3893	29.2587	35.444	35.7177	35.7301	35.7621	43.2247	43.3425	0.0950635	0.095137	0.103919	0.104648	0.105448	0.075683	0.0430588	99	0	0
setup	0	2021-10-27 23:00:00	0	1.72	1.71134	3.18624	0	0	0.0086552	1.02598	0.124105	0	0.403581	1.58724	0	0	0	0	0	0	1206.36	455.783	0	36.2631	30.731	30.6181	29.3716	29.3402	29.2679	35.4252	35.7156	35.7305	35.763	43.2591	43.3336	0.095008	0.0955371	0.104756	0.104948	0.105392	0.0756923	0.0428848	99	0	0
setup	0	2021-10-28 23:00:00	0	1.72	1.71134	3.18659	0	0	0.0086552	1.0268	0.124119	0	0.403581	1.58723	0	0	0	0	0	0	1206.51	455.916	0	36.263	30.8874	30.7131	29.3052	29.2938	29.2644	35.4075	35.7133	35.7309	35.764	43.2926	43.3262	0.0942787	0.0950916	0.105163	0.105233	0.105414	0.0757032	0.0427144	99	0	0
setup	0	2021-10-29 23:00:00	0	1.72	1.71134	3.18694	0	0	0.0086552	1.02802	0.124134	0	0.403582	1.58721	0	0	0	0	0	0	1206.67	456.048	0	36.2629	31.0229	30.835	29.2649	29.2596	29.2514	35.3908	35.7105	35.7312	35.7651	43.3254	43.3198	0.0936509	0.0945227	0.105411	0.105443	0.105493	0.0757156	0.0425476	99	0	0
setup	0	2021-10-30 23:00:00	0	1.72	1.71134	3.18728	0	0	0.0086552	1.02654	0.124148	0	0.807163	1.5872	0	0	0	0	0	0	1206.42	455.78	0	36.2628	30.6756	30.6475	29.4153	29.3617	29.2554	35.3568	35.7026	35.7299	35.7662	43.3611	43.3214	0.0952672	0.0953994	0.104489	0.104817	0.105469	0.0757516	0.0423656	99	0	0
setup	0	2021-10-31 23:00:00	0	1.72	1.71134	3.18762	0	0	0.0086552	1.02695	0.124162	0	0.807161	1.58718	0	0	0	0	0	0	1206.18	455.906	0	36.2626	30.8531	30.6881	29.3234	29.3068	29.2625	35.3424	35.6988	35.7296	35.7673	43.3632	43.3254	0.0944384	0.0952088	0.105051	0.105153	0.105425	0.0757689	0.0423547	99	0	0
setup	0	2021-11-01 23:00:00	0	1.72	1.71134	3.18795	0	0	0.0086552	1.02818	0.124176	0	0.40358	1.58717	0	0	0	0	0	0	1206.33	456.027	0	36.2625	30.991	30.8066	29.2744	29.2683	29.2531	35.3286	35.6947	35.7291	35.7684	43.3657	43.3284	0.0937985	0.0946547	0.105352	0.105389	0.105483	0.0757879	0.0423424	99	0	0
setup	0	2021-11-02 23:00:00	0	1.72	1.71134	3.18829	0	0	0.0086552	1.02666	0.12419	0	0.80716	1.58715	0	0	0	0	0	0	1206.09	455.746	0	36.2624	30.6464	30.6456	29.433	29.3705	29.2549	35.3001	35.684	35.7263	35.7693	43.3898	43.3331	0.0954043	0.095408	0.104381	0.104763	0.105472	0.0758366	0.0422187	99	0	0
setup	0	2021-11-03 23:00:00	0	1.72	1.71134	3.18861	0	0	0.0086552	1.02707	0.124204	0	0.40358	1.58714	0	0	0	0	0	0	1206.24	455.863	0	36.2623	30.82	30.664	29.3341	29.3144	29.2633	35.2883	35.6789	35.7252	35.7703	43.3857	43.3375	0.0945925	0.0953219	0.104986	0.105106	0.10542	0.0758599	0.0422398	99	0	0
setup	0	2021-11-04 23:00:00	0	1.72	1.71134	3.18894	0	0	0.0086552	1.02805	0.124217	0	0.40358	1.58713	0	0	0	0	0	0	1206.4	455.977	0	36.2622	30.9624	30.7779	29.2791	29.2726	29.256	35.2772	35.6736	35.724	35.7713	43.3841	43.3401	0.0939307	0.0947888	0.105323	0.105363	0.105465	0.0758842	0.0422483	99	0	0
setup	0	2021-11-05 23:00:00	0	1.72	1.71134	3.18926	0	0	0.0086552	1.02681	0.12423	0	0.403581	1.58711	0	0	0	0	0	0	1206.55	456.092	0	36.262	30.6451	30.6497	29.4452	29.3741	29.2551	35.7777	35.6887	35.7225	35.7723	43.3835	43.3418	0.0954102	0.0953887	0.104307	0.104741	0.10547	0.0758153	0.0422509	99	0	0
setup	0	2021-11-06 23:00:00	0	1.72	1.71134	3.18957	0	0	0.0086552	1.02721	0.124244	0	0.403581	1.5871	0	0	0	0	0	0	1206.71	456.208	0	36.2619	30.7895	30.6444	29.3421	29.3194	29.2629	35.7099	35.7211	35.7234	35.7733	43.3864	43.3419	0.0947345	0.0954136	0.104936	0.105075	0.105423	0.0756675	0.0422361	99	0	0
setup	0	2021-11-07 23:00:00	0	1.72	1.71134	3.18988	0	0	0.0086552	1.02821	0.124257	0	0.403582	1.58709	0	0	0	0	0	0	1206.87	456.322	0	36.2618	30.9348	30.7548	29.2859	29.2775	29.256	35.6769	35.7225	35.7247	35.7743	43.3865	43.3437	0.0940588	0.0948966	0.105281	0.105333	0.105465	0.0756613	0.0422359	99	0	0
setup	0	2021-11-08 23:00:00	0	1.72	1.71134	3.19019	0	0	0.0086552	1.027	0.124269	0	0.807163	1.58708	0	0	0	0	0	0	1206.62	456.037	0	36.2617	30.6588	30.6585	29.4601	29.3774	29.2541	35.6142	35.7231	35.7258	35.7752	43.4098	43.3473	0.0953463	0.0953474	0.104216	0.10472	0.105477	0.0756584	0.0421164	99	0	0
setup	0	2021-11-09 23:00:00	0	1.72	1.71134	3.19049	0	0	0.0086552	1.0271	0.124282	0	0.403582	1.58706	0	0	0	0	0	0	1206.78	456.151	0	36.2616	30.7652	30.6216	29.345	29.3218	29.2636	35.5861	35.7237	35.727	35.7761	43.4035	43.3512	0.0948482	0.095521	0.104918	0.105061	0.105418	0.0756557	0.0421489	99	0	0
setup	0	2021-11-10 23:00:00	0	1.72	1.71134	3.19079	0	0	0.0086552	1.02813	0.124294	0	0.403582	1.58705	0	0	0	0	0	0	1206.93	456.262	0	36.2615	30.9122	30.7319	29.2869	29.2785	29.257	35.5596	35.724	35.7281	35.777	43.4004	43.3533	0.0941637	0.0950039	0.105275	0.105327	0.105459	0.0756543	0.0421644	99	0	0
setup	0	2021-11-11 23:00:00	0	1.72	1.71134	3.19108	0	0	0.0086552	1.02776	0.124306	0	1.21074	1.58704	0	0	0	0	0	0	1206.28	455.974	0	36.2613	30.7189	30.7032	29.4997	29.3796	29.2485	35.5084	35.7222	35.7289	35.7778	43.424	43.356	0.0950647	0.0951379	0.103976	0.104707	0.105511	0.0756624	0.0420435	99	0	0
setup	0	2021-11-12 23:00:00	0	1.72	1.71134	3.19136	0	0	0.0086552	1.0275	0.124318	0	0.403581	1.58703	0	0	0	0	0	0	1206.43	456.084	0	36.2612	30.7295	30.6168	29.3621	29.3306	29.2578	35.4857	35.7214	35.7298	35.7786	43.4159	43.3594	0.0950152	0.0955434	0.104814	0.105007	0.105454	0.0756663	0.0420853	99	0	0
setup	0	2021-11-13 23:00:00	0	1.72	1.71134	3.19165	0	0	0.0086552	1.02828	0.12433	0	0.403581	1.58701	0	0	0	0	0	0	1206.59	456.192	0	36.2611	30.8849	30.7108	29.2956	29.2841	29.2545	35.4642	35.7201	35.7305	35.7794	43.4114	43.3614	0.0942903	0.0951026	0.105222	0.105292	0.105474	0.0756718	0.0421085	99	0	0
setup	0	2021-11-14 23:00:00	0	1.72	1.71134	3.19192	0	0	0.0086552	1.02946	0.124342	0	0.403582	1.587	0	0	0	0	0	0	1206.74	456.3	0	36.261	31.0195	30.8317	29.2572	29.2502	29.2417	35.444	35.7186	35.7312	35.7802	43.4086	43.3624	0.0936666	0.094538	0.105458	0.105501	0.105553	0.0756789	0.0421225	99	0	0
setup	0	2021-11-15 23:00:00	0	1.72	1.71134	3.19219	0	0	0.0086552	1.02794	0.124353	0	0.807163	1.58699	0	0	0	0	0	0	1206.5	456.008	0	36.2609	30.6712	30.6431	29.4063	29.3526	29.2459	35.4037	35.713	35.7309	35.7808	43.428	43.3658	0.0952882	0.0954199	0.104544	0.104872	0.105527	0.0757045	0.042023	99	0	0
setup	0	2021-11-16 23:00:00	0	1.72	1.71134	3.19246	0	0	0.0086552	1.02831	0.124364	0	0.807162	1.58698	0	0	0	0	0	0	1206.25	455.719	0	36.2608	30.8479	30.6829	29.3143	29.2976	29.2532	35.3862	35.7102	35.7311	35.7697	43.1133	43.3605	0.0944628	0.0952329	0.105107	0.105209	0.105482	0.075717	0.0436201	99	0	0
setup	0	2021-11-17 23:00:00	0	1.72	1.71134	3.19272	0	0	0.0086552	1.02951	0.124375	0	0.403581	1.58697	0	0	0	0	0	0	1206.4	455.838	0	36.2607	30.985	30.8008	29.2651	29.2591	29.2438	35.3697	35.7071	35.7311	35.7614	43.1538	43.3489	0.0938261	0.0946822	0.105409	0.105446	0.10554	0.0757314	0.0434161	99	0	0
setup	0	2021-11-18 23:00:00	0	1.72	1.71134	3.19297	0	0	0.0086552	1.02795	0.124385	0	0.807161	1.58696	0	0	0	0	0	0	1206.15	455.563	0	36.2606	30.64	30.6392	29.4238	29.3613	29.2456	35.336	35.6983	35.7294	35.7616	43.224	43.3387	0.0954345	0.0954381	0.104437	0.104819	0.105529	0.0757712	0.0430622	99	0	0
setup	0	2021-11-19 23:00:00	0	1.72	1.71134	3.19322	0	0	0.0086552	1.02833	0.124396	0	0.40358	1.58695	0	0	0	0	0	0	1206.31	455.693	0	36.2605	30.8129	30.657	29.3248	29.3051	29.254	35.3218	35.6941	35.7289	35.7626	43.2584	43.33	0.0946254	0.0953547	0.105043	0.105164	0.105478	0.0757905	0.0428882	99	0	0
setup	0	2021-11-20 23:00:00	0	1.72	1.71134	3.19346	0	0	0.0086552	1.02927	0.124406	0	0.403581	1.58694	0	0	0	0	0	0	1206.46	455.823	0	36.2604	30.9548	30.7703	29.2697	29.2633	29.2467	35.3085	35.6896	35.7282	35.7636	43.292	43.3228	0.093966	0.0948242	0.105381	0.10542	0.105523	0.0758111	0.0427178	99	0	0
setup	0	2021-11-21 23:00:00	0	1.72	1.71134	3.1937	0	0	0.0086552	1.028	0.124416	0	1.21074	1.58693	0	0	0	0	0	0	1205.81	455.555	0	36.2603	30.6372	30.6418	29.4358	29.3647	29.2458	35.2807	35.6782	35.725	35.7647	43.3471	43.3185	0.0954477	0.0954262	0.104364	0.104798	0.105528	0.0758631	0.042437	99	0	0
setup	0	2021-11-22 23:00:00	0	1.72	1.71134	3.19393	0	0	0.0086552	1.02835	0.124425	0	0.403579	1.58692	0	0	0	0	0	0	1205.97	455.682	0	36.2602	30.7807	30.6356	29.3323	29.3096	29.2531	35.2692	35.6727	35.7237	35.7657	43.3541	43.3203	0.0947757	0.0954551	0.104997	0.105136	0.105483	0.0758882	0.0424014	99	0	0
setup	0	2021-11-23 23:00:00	0	1.72	1.71134	3.19415	0	0	0.0086552	1.02931	0.124435	0	0	1.58691	0	0	0	0	0	0	1206.52	456.207	0	36.2601	30.9251	30.7451	29.2756	29.2672	29.2457	35.7468	35.725	35.7249	35.7668	43.3412	43.3189	0.0941036	0.0949419	0.105344	0.105396	0.105528	0.0756497	0.0424672	99	0	0
setup	0	2021-11-24 23:00:00	0	1.72	1.71134	3.19437	0	0	0.0086552	1.02805	0.124444	0	0.807161	1.5869	0	0	0	0	0	0	1206.27	455.93	0	36.26	30.6487	30.6484	29.4494	29.3668	29.2436	35.6748	35.7293	35.7292	35.7678	43.3728	43.3218	0.0953936	0.0953948	0.104281	0.104785	0.105542	0.0756299	0.0423056	99	0	0
setup	0	2021-11-25 23:00:00	0	1.72	1.71134	3.19458	0	0	0.0086552	1.02812	0.124452	0	0.40358	1.58689	0	0	0	0	0	0	1206.43	456.051	0	36.2599	30.7548	30.6111	29.3341	29.311	29.2528	35.6428	35.7303	35.7305	35.7689	43.3711	43.3267	0.0948969	0.0955704	0.104985	0.105127	0.105485	0.0756256	0.0423148	99	0	0
setup	0	2021-11-26 23:00:00	0	1.72	1.71134	3.19479	0	0	0.0086552	1.0291	0.124461	0	0.403581	1.58688	0	0	0	0	0	0	1206.58	456.168	0	36.2599	30.9012	30.7209	29.2757	29.2673	29.2459	35.6127	35.731	35.7318	35.7699	43.3713	43.3302	0.0942145	0.0950554	0.105344	0.105396	0.105527	0.0756221	0.0423135	99	0	0
setup	0	2021-11-27 23:00:00	0	1.72	1.71134	3.19498	0	0	0.0086552	1.02899	0.124469	0	0.807162	1.58688	0	0	0	0	0	0	1206.33	455.883	0	36.2598	30.7505	30.722	29.5148	29.365	29.2348	35.555	35.7304	35.7329	35.7709	43.3986	43.3338	0.0949167	0.0950501	0.103884	0.104796	0.105596	0.0756251	0.042174	99	0	0
setup	0	2021-11-28 23:00:00	0	1.72	1.71134	3.19517	0	0	0.0086552	1.02836	0.124477	0	0.403581	1.58687	0	0	0	0	0	0	1206.49	455.998	0	36.2597	30.7161	30.6062	29.3535	29.321	29.2456	35.5291	35.7302	35.7339	35.7719	43.3916	43.3384	0.0950775	0.0955932	0.104867	0.105065	0.105529	0.0756261	0.0422097	99	0	0
setup	0	2021-11-29 23:00:00	0	1.72	1.71134	3.19536	0	0	0.0086552	1.02913	0.124485	0	0.403581	1.58686	0	0	0	0	0	0	1206.64	456.11	0	36.2596	30.8724	30.6983	29.2853	29.2736	29.2432	35.5048	35.7296	35.7349	35.7729	43.3886	43.3415	0.0943484	0.0951611	0.105285	0.105357	0.105544	0.0756288	0.0422252	99	0	0
setup	0	2021-11-30 23:00:00	0	1.72	1.71134	3.19553	0	0	0.0086552	1.03029	0.124492	0	0.403582	1.58685	0	0	0	0	0	0	1206.8	456.22	0	36.2595	31.0069	30.819	29.246	29.2393	29.2306	35.4818	35.7286	35.7359	35.7739	43.3871	43.3433	0.0937247	0.094597	0.105527	0.105568	0.105621	0.075633	0.0422326	99	0	0
setup	0	2021-12-01 23:00:00	0	1.72	1.71134	3.1957	0	0	0.0086552	1.02873	0.124499	0	0.807163	1.58685	0	0	0	0	0	0	1206.55	455.932	0	36.2594	30.659	30.6307	29.395	29.3413	29.2348	35.4365	35.7243	35.7361	35.7748	43.4077	43.3474	0.0953451	0.0954781	0.104613	0.104942	0.105596	0.075653	0.042127	99	0	0
setup	0	2021-12-02 23:00:00	0	1.72	1.71134	3.19586	0	0	0.0086552	1.02907	0.124506	0	0.403582	1.58684	0	0	0	0	0	0	1206.7	456.042	0	36.2594	30.8357	30.6706	29.3029	29.2863	29.242	35.4168	35.7221	35.7367	35.7757	43.4019	43.3507	0.0945195	0.0952906	0.105177	0.105279	0.105552	0.0756628	0.0421569	99	0	0
setup	0	2021-12-03 23:00:00	0	1.72	1.71134	3.19602	0	0	0.0086552	1.03024	0.124512	0	0.807163	1.58683	0	0	0	0	0	0	1206.45	456.15	0	36.2593	30.973	30.7886	29.2539	29.2478	29.2327	35.3982	35.7196	35.7371	35.7767	43.3991	43.3522	0.0938818	0.0947388	0.105478	0.105515	0.105608	0.0756743	0.0421715	99	0	0
setup	0	2021-12-04 23:00:00	0	1.72	1.71134	3.19617	0	0	0.0086552	1.02892	0.124518	0	0.807162	1.58683	0	0	0	0	0	0	1206.2	455.858	0	36.2592	30.6541	30.6588	29.4237	29.3519	29.2318	35.3605	35.7119	35.7361	35.7774	43.42	43.3554	0.0953683	0.0953463	0.104438	0.104876	0.105614	0.0757092	0.0420642	99	0	0
setup	0	2021-12-05 23:00:00	0	1.72	1.71134	3.1963	0	0	0.0086552	1.02897	0.124524	0	0.403581	1.58682	0	0	0	0	0	0	1206.36	455.966	0	36.2591	30.7997	30.6453	29.3157	29.2953	29.242	35.3444	35.7082	35.7359	35.7782	43.4125	43.3586	0.0946871	0.0954097	0.105099	0.105224	0.105551	0.0757264	0.0421025	99	0	0
setup	0	2021-12-06 23:00:00	0	1.72	1.71134	3.19644	0	0	0.0086552	1.02989	0.12453	0	0.403581	1.58682	0	0	0	0	0	0	1206.51	456.072	0	36.2591	30.9422	30.7576	29.2593	29.2527	29.2355	35.3293	35.7041	35.7355	35.779	43.4085	43.3601	0.0940246	0.0948835	0.105445	0.105486	0.105591	0.0757451	0.042123	99	0	0
setup	0	2021-12-07 23:00:00	0	1.72	1.71134	3.19656	0	0	0.0086552	1.02886	0.124535	0	0.807162	1.58681	0	0	0	0	0	0	1206.26	455.78	0	36.259	30.6629	30.6626	29.4383	29.3553	29.2322	35.2983	35.6935	35.733	35.7796	43.4295	43.3628	0.0953271	0.0953282	0.104349	0.104856	0.105612	0.0757934	0.0420155	99	0	0
setup	0	2021-12-08 23:00:00	0	1.72	1.71134	3.19668	0	0	0.0086552	1.02888	0.12454	0	0.403581	1.58681	0	0	0	0	0	0	1206.42	455.887	0	36.2589	30.7672	30.6239	29.3238	29.3004	29.2416	35.2854	35.6883	35.7321	35.7804	43.4214	43.3657	0.094839	0.0955102	0.105049	0.105192	0.105554	0.0758168	0.0420572	99	0	0
setup	0	2021-12-09 23:00:00	0	1.72	1.71134	3.19679	0	0	0.0086552	1.02982	0.124544	0	0.403581	1.5868	0	0	0	0	0	0	1206.57	455.993	0	36.2589	30.9126	30.7325	29.2659	29.2573	29.2352	35.2733	35.683	35.7309	35.7812	43.4169	43.3669	0.0941619	0.0950009	0.105404	0.105457	0.105593	0.0758413	0.0420802	99	0	0
setup	0	2021-12-10 23:00:00	0	1.72	1.71134	3.19689	0	0	0.0086552	1.02938	0.124548	0	0.403582	1.5868	0	0	0	0	0	0	1206.72	456.102	0	36.2588	30.7181	30.7025	29.4801	29.3592	29.2269	35.7242	35.7327	35.7321	35.7819	43.4228	43.3642	0.0950684	0.0951412	0.104094	0.104832	0.105644	0.0756147	0.0420499	99	0	0
setup	0	2021-12-11 23:00:00	0	1.72	1.71134	3.19698	0	0	0.0086552	1.02904	0.124552	0	0.403582	1.58679	0	0	0	0	0	0	1206.88	456.213	0	36.2587	30.7276	30.6151	29.3425	29.3106	29.2371	35.6891	35.7348	35.7348	35.7827	43.4183	43.3656	0.095024	0.0955511	0.104934	0.105129	0.105582	0.0756051	0.0420728	99	0	0
setup	0	2021-12-12 23:00:00	0	1.72	1.71134	3.19707	0	0	0.0086552	1.02975	0.124556	0	0.403583	1.58679	0	0	0	0	0	0	1207.03	456.322	0	36.2587	30.8822	30.7083	29.2763	29.2646	29.2344	35.6559	35.7359	35.7361	35.7835	43.4152	43.3673	0.0943027	0.0951143	0.10534	0.105412	0.105598	0.0756001	0.0420888	99	0	0
setup	0	2021-12-13 23:00:00	0	1.72	1.71134	3.19714	0	0	0.0086552	1.03087	0.124559	0	0.403584	1.58679	0	0	0	0	0	0	1207.18	456.43	0	36.2586	31.016	30.8284	29.2434	29.232	29.2223	35.6245	35.7368	35.7374	35.7844	43.4132	43.3683	0.0936825	0.0945533	0.105543	0.105613	0.105673	0.075596	0.0420989	99	0	0
setup	0	2021-12-14 23:00:00	0	1.72	1.71134	3.19721	0	0	0.0086552	1.02927	0.124562	0	1.61433	1.58678	0	0	0	0	0	0	1206.13	455.738	0	36.2586	30.6662	30.6382	29.3895	29.3354	29.2275	35.5644	35.7363	35.7386	35.7811	43.105	43.3672	0.0953113	0.095443	0.104646	0.104978	0.105641	0.0755981	0.0436615	99	0	0
setup	0	2021-12-15 23:00:00	0	1.72	1.71134	3.19727	0	0	0.0086552	1.02955	0.124564	0	0.403581	1.58678	0	0	0	0	0	0	1206.28	455.856	0	36.2585	30.8419	30.6771	29.297	29.2801	29.2351	35.5373	35.7361	35.7397	35.767	43.1545	43.3559	0.0944903	0.0952603	0.105213	0.105317	0.105594	0.0755992	0.0434127	99	0	0
setup	0	2021-12-16 23:00:00	0	1.72	1.71134	3.19732	0	0	0.0086552	1.03067	0.124567	0	0.403582	1.58678	0	0	0	0	0	0	1206.43	455.978	0	36.2585	30.9784	30.7942	29.2478	29.2417	29.2261	35.5118	35.7355	35.7406	35.7659	43.1913	43.3455	0.0938565	0.0947126	0.105515	0.105553	0.105649	0.0756019	0.0432276	99	0	0
setup	0	2021-12-17 23:00:00	0	1.72	1.71134	3.19737	0	0	0.0086552	1.02931	0.124568	0	0.807163	1.58678	0	0	0	0	0	0	1206.18	455.704	0	36.2584	30.6588	30.6635	29.4188	29.3466	29.2257	35.4622	35.7319	35.741	35.7668	43.26	43.3367	0.0953462	0.095324	0.104468	0.104909	0.105652	0.0756182	0.0428798	99	0	0
setup	0	2021-12-18 23:00:00	0	1.72	1.71134	3.1974	0	0	0.0086552	1.02932	0.12457	0	0.403581	1.58677	0	0	0	0	0	0	1206.34	455.833	0	36.2584	30.8037	30.6494	29.3106	29.29	29.2363	35.4403	35.7301	35.7416	35.7677	43.2937	43.3292	0.0946686	0.0953904	0.10513	0.105256	0.105587	0.0756265	0.0427091	99	0	0
setup	0	2021-12-19 23:00:00	0	1.72	1.71134	3.19743	0	0	0.0086552	1.0302	0.124571	0	0.403582	1.58677	0	0	0	0	0	0	1206.49	455.963	0	36.2583	30.9457	30.7613	29.2542	29.2475	29.23	35.4197	35.7279	35.7421	35.7688	43.3265	43.3228	0.0940081	0.0948664	0.105476	0.105517	0.105625	0.0756365	0.0425421	99	0	0
setup	0	2021-12-20 23:00:00	0	1.72	1.71134	3.19745	0	0	0.0086552	1.02913	0.124572	0	0.807164	1.58677	0	0	0	0	0	0	1206.24	455.691	0	36.2583	30.6661	30.6659	29.4339	29.3506	29.2269	35.3791	35.721	35.7415	35.7699	43.3656	43.3231	0.0953117	0.0953127	0.104376	0.104884	0.105644	0.075668	0.0423427	99	0	0
setup	0	2021-12-21 23:00:00	0	1.72	1.71134	3.19746	0	0	0.0086552	1.02912	0.124572	0	0.403582	1.58677	0	0	0	0	0	0	1206.39	455.816	0	36.2583	30.7699	30.6267	29.3193	29.2958	29.2366	35.3616	35.7176	35.7414	35.7709	43.367	43.3273	0.0948262	0.0954969	0.105076	0.10522	0.105584	0.0756836	0.0423355	99	0	0
setup	0	2021-12-22 23:00:00	0	1.72	1.71134	3.19747	0	0	0.0086552	1.03002	0.124573	0	0.403582	1.58677	0	0	0	0	0	0	1206.55	455.935	0	36.2582	30.915	30.735	29.2615	29.2528	29.2305	35.3452	35.7138	35.7413	35.772	43.3689	43.3306	0.0941505	0.0949891	0.105431	0.105485	0.105622	0.0757008	0.0423255	99	0	0
setup	0	2021-12-23 23:00:00	0	1.72	1.71134	3.19746	0	0	0.0086552	1.02954	0.124572	0	0.807164	1.58677	0	0	0	0	0	0	1206.3	455.653	0	36.2582	30.7204	30.7048	29.4763	29.3551	29.2224	35.3118	35.7038	35.7392	35.773	43.3963	43.3345	0.0950578	0.0951305	0.104118	0.104857	0.105672	0.0757465	0.0421856	99	0	0
setup	0	2021-12-24 23:00:00	0	1.72	1.71134	3.19745	0	0	0.0086552	1.02916	0.124572	0	0.403582	1.58677	0	0	0	0	0	0	1206.45	455.768	0	36.2582	30.7292	30.6169	29.3384	29.3064	29.2325	35.2978	35.6989	35.7384	35.774	43.3908	43.3391	0.0950163	0.095543	0.104959	0.105155	0.10561	0.0757687	0.042214	99	0	0
setup	0	2021-12-25 23:00:00	0	1.72	1.71134	3.19743	0	0	0.0086552	1.02982	0.124571	0	0.807164	1.58677	0	0	0	0	0	0	1206.2	455.882	0	36.2581	30.8835	30.7096	29.272	29.2603	29.2298	35.2846	35.6937	35.7374	35.775	43.3883	43.3422	0.0942969	0.0951082	0.105367	0.105439	0.105626	0.0757922	0.0422264	99	0	0
setup	0	2021-12-26 23:00:00	0	1.72	1.71134	3.1974	0	0	0.0086552	1.0309	0.12457	0	0.403582	1.58678	0	0	0	0	0	0	1206.35	455.992	0	36.2581	31.0168	30.8292	29.2407	29.2277	29.2174	35.2721	35.6882	35.7362	35.776	43.3872	43.3442	0.0936789	0.0945496	0.105559	0.10564	0.105703	0.0758174	0.0422319	99	0	0
setup	0	2021-12-27 23:00:00	0	1.72	1.71134	3.19736	0	0	0.0086552	1.02925	0.124568	0	0.403582	1.58678	0	0	0	0	0	0	1206.51	456.105	0	36.2581	30.6662	30.6381	29.3852	29.3308	29.2225	35.7339	35.7325	35.7368	35.777	43.3923	43.3435	0.0953116	0.0954434	0.104673	0.105005	0.105672	0.0756153	0.0422062	99	0	0
setup	0	2021-12-28 23:00:00	0	1.72	1.71134	3.19731	0	0	0.0086552	1.02951	0.124566	0	0.403583	1.58678	0	0	0	0	0	0	1206.66	456.219	0	36.2581	30.8421	30.6773	29.2927	29.2758	29.2305	35.6976	35.7344	35.7379	35.778	43.391	43.3458	0.0944896	0.0952595	0.105239	0.105343	0.105622	0.075607	0.0422128	99	0	0
setup	0	2021-12-29 23:00:00	0	1.72	1.71134	3.19726	0	0	0.0086552	1.0306	0.124564	0	0.403583	1.58678	0	0	0	0	0	0	1206.81	456.33	0	36.258	30.9788	30.7946	29.2439	29.2376	29.2219	35.6634	35.7354	35.739	35.7789	43.3905	43.3479	0.0938548	0.0947107	0.10554	0.105578	0.105675	0.0756021	0.042215	99	0	0
setup	0	2021-12-30 23:00:00	0	1.72	1.71134	3.19719	0	0	0.0086552	1.02921	0.124561	0	0.807167	1.58678	0	0	0	0	0	0	1206.56	456.042	0	36.258	30.6591	30.6639	29.4156	29.3432	29.2219	35.5985	35.7356	35.7399	35.7798	43.4132	43.3517	0.0953446	0.0953224	0.104487	0.10493	0.105675	0.0756014	0.0420988	99	0	0
setup	0	2021-12-31 23:00:00	0	1.72	1.71134	3.19712	0	0	0.0086552	1.02919	0.124558	0	0.403583	1.58679	0	0	0	0	0	0	1206.72	456.152	0	36.258	30.8043	30.65	29.3075	29.2869	29.2329	35.5694	35.7358	35.7409	35.7807	43.407	43.3555	0.0946656	0.0953874	0.105149	0.105275	0.105608	0.0756003	0.0421308	99	0	0
setup	0	2022-01-01 23:00:00	0	1.72	1.71134	3.19704	0	0	0.0086552	1.03004	0.124555	0	0.403584	1.58679	0	0	0	0	0	0	1206.87	456.261	0	36.258	30.9466	30.7622	29.2514	29.2446	29.227	35.5419	35.7358	35.7419	35.7817	43.404	43.3575	0.0940039	0.0948621	0.105494	0.105535	0.105644	0.0756006	0.0421462	99	0	0
setup	0	2022-01-02 23:00:00	0	1.72	1.71134	3.19696	0	0	0.0086552	1.02895	0.124551	0	0.807168	1.58679	0	0	0	0	0	0	1206.62	455.97	0	36.258	30.6673	30.6671	29.4316	29.3482	29.2242	35.489	35.7332	35.7423	35.7825	43.4258	43.3606	0.0953063	0.0953073	0.10439	0.104899	0.105661	0.0756124	0.0420343	99	0	0
setup	0	2022-01-03 23:00:00	0	1.72	1.71134	3.19686	0	0	0.0086552	1.02891	0.124547	0	0.403584	1.5868	0	0	0	0	0	0	1206.78	456.079	0	36.258	30.7714	30.6281	29.3172	29.2936	29.2343	35.4657	35.7319	35.743	35.7833	43.4183	43.3638	0.0948194	0.09549	0.105089	0.105234	0.105599	0.0756181	0.0420728	99	0	0
setup	0	2022-01-04 23:00:00	0	1.72	1.71134	3.19676	0	0	0.0086552	1.02979	0.124543	0	0.403584	1.5868	0	0	0	0	0	0	1206.93	456.186	0	36.2579	30.9168	30.7368	29.2596	29.2509	29.2284	35.4438	35.7303	35.7436	35.7842	43.4144	43.3654	0.0941423	0.0949808	0.105443	0.105496	0.105635	0.0756256	0.0420931	99	0	0
setup	0	2022-01-05 23:00:00	0	1.72	1.71134	3.19665	0	0	0.0086552	1.02928	0.124538	0	1.21075	1.58681	0	0	0	0	0	0	1206.28	455.894	0	36.2579	30.7224	30.7069	29.475	29.3536	29.2207	35.4007	35.7244	35.7432	35.7849	43.4371	43.3677	0.0950482	0.0951209	0.104126	0.104866	0.105683	0.0756522	0.0419762	99	0	0
setup	0	2022-01-06 23:00:00	0	1.72	1.71134	3.19653	0	0	0.0086552	1.02886	0.124534	0	0.807165	1.58681	0	0	0	0	0	0	1206.03	455.603	0	36.2579	30.7313	30.619	29.3371	29.305	29.2309	35.3819	35.7215	35.7433	35.7778	43.1102	43.3646	0.0950065	0.0955331	0.104967	0.105164	0.105619	0.0756657	0.0436355	99	0	0
setup	0	2022-01-07 23:00:00	0	1.72	1.71134	3.1964	0	0	0.0086552	1.0295	0.124528	0	0.403583	1.58682	0	0	0	0	0	0	1206.18	455.721	0	36.2579	30.8855	30.7116	29.2706	29.2588	29.2282	35.364	35.7181	35.7432	35.7665	43.1557	43.3529	0.0942875	0.0950987	0.105375	0.105448	0.105636	0.0756812	0.043407	99	0	0
setup	0	2022-01-08 23:00:00	0	1.72	1.71134	3.19627	0	0	0.0086552	1.03054	0.124523	0	0.403583	1.58682	0	0	0	0	0	0	1206.33	455.843	0	36.2579	31.019	30.8314	29.2406	29.2265	29.2159	35.3473	35.7143	35.7429	35.7666	43.1921	43.3425	0.0936689	0.0945394	0.10556	0.105647	0.105712	0.0756983	0.0432236	99	0	0
setup	0	2022-01-09 23:00:00	0	1.72	1.71134	3.19613	0	0	0.0086552	1.02886	0.124517	0	0.807166	1.58683	0	0	0	0	0	0	1206.08	455.57	0	36.2579	30.6682	30.6401	29.3844	29.33	29.2212	35.3131	35.7044	35.7407	35.7676	43.2608	43.3337	0.0953021	0.0954341	0.104677	0.105011	0.105679	0.0757437	0.0428759	99	0	0
setup	0	2022-01-10 23:00:00	0	1.72	1.71134	3.19598	0	0	0.0086552	1.02908	0.124511	0	0.403583	1.58683	0	0	0	0	0	0	1206.24	455.699	0	36.2579	30.8441	30.6793	29.2918	29.2748	29.2293	35.2986	35.6995	35.7398	35.7686	43.2944	43.3263	0.0944803	0.0952502	0.105245	0.10535	0.10563	0.0757659	0.0427053	99	0	0
setup	0	2022-01-11 23:00:00	0	1.72	1.71134	3.19582	0	0	0.0086552	1.03014	0.124504	0	0.403583	1.58684	0	0	0	0	0	0	1206.39	455.829	0	36.2579	30.9808	30.7966	29.2427	29.2364	29.2205	35.2851	35.6943	35.7388	35.7696	43.3272	43.3199	0.0938454	0.0947014	0.105547	0.105586	0.105684	0.0757894	0.0425386	99	0	0
setup	0	2022-01-12 23:00:00	0	1.72	1.71134	3.19566	0	0	0.0086552	1.02872	0.124497	0	0.403584	1.58685	0	0	0	0	0	0	1206.55	455.959	0	36.2579	30.661	30.6657	29.4147	29.3422	29.2205	35.7913	35.7076	35.7376	35.7707	43.3409	43.3191	0.0953358	0.0953137	0.104493	0.104936	0.105684	0.0757291	0.0424684	99	0	0
setup	0	2022-01-13 23:00:00	0	1.72	1.71134	3.19549	0	0	0.0086552	1.02867	0.12449	0	0.403584	1.58685	0	0	0	0	0	0	1206.7	456.087	0	36.258	30.8065	30.6521	29.3066	29.2859	29.2317	35.7246	35.7369	35.7384	35.7718	43.3512	43.3199	0.0946555	0.0953774	0.105154	0.105281	0.105615	0.0755956	0.0424163	99	0	0
setup	0	2022-01-14 23:00:00	0	1.72	1.71134	3.19531	0	0	0.0086552	1.0295	0.124483	0	0.403585	1.58686	0	0	0	0	0	0	1206.85	456.21	0	36.258	30.9491	30.7646	29.2506	29.2438	29.2259	35.6889	35.7381	35.7396	35.7729	43.3562	43.3229	0.0939925	0.0948507	0.105499	0.10554	0.10565	0.0755899	0.0423905	99	0	0
setup	0	2022-01-15 23:00:00	0	1.72	1.71134	3.19512	0	0	0.0086552	1.0281	0.124475	0	1.21075	1.58687	0	0	0	0	0	0	1206.2	455.932	0	36.258	30.6318	30.6363	29.4174	29.3459	29.2259	35.6214	35.7386	35.7408	35.774	43.3829	43.3279	0.0954731	0.0954516	0.104476	0.104913	0.105651	0.0755876	0.042254	99	0	0
setup	0	2022-01-16 23:00:00	0	1.72	1.71134	3.19493	0	0	0.0086552	1.02833	0.124467	0	0.403584	1.58688	0	0	0	0	0	0	1206.36	456.049	0	36.258	30.7758	30.6306	29.314	29.2911	29.234	35.591	35.739	35.7418	35.775	43.3799	43.3328	0.0947986	0.0954784	0.105109	0.105249	0.105601	0.0755859	0.0422697	99	0	0
setup	0	2022-01-17 23:00:00	0	1.72	1.71134	3.19473	0	0	0.0086552	1.02916	0.124459	0	0.403584	1.58689	0	0	0	0	0	0	1206.51	456.164	0	36.258	30.9206	30.7406	29.2577	29.2492	29.2272	35.5623	35.7391	35.7428	35.776	43.3791	43.336	0.0941245	0.0949631	0.105454	0.105507	0.105643	0.0755856	0.0422737	99	0	0
setup	0	2022-01-18 23:00:00	0	1.72	1.71134	3.19453	0	0	0.0086552	1.02806	0.12445	0	0.807169	1.58689	0	0	0	0	0	0	1206.26	455.878	0	36.258	30.6841	30.6766	29.449	29.3503	29.2229	35.5072	35.7369	35.7435	35.777	43.4034	43.34	0.0952277	0.0952629	0.104283	0.104886	0.105669	0.0755954	0.0421491	99	0	0
setup	0	2022-01-19 23:00:00	0	1.72	1.71134	3.19431	0	0	0.0086552	1.02796	0.124441	0	0.403584	1.5869	0	0	0	0	0	0	1206.42	455.991	0	36.258	30.7442	30.6146	29.3255	29.2982	29.2324	35.4828	35.7358	35.7443	35.778	43.3971	43.3441	0.0949461	0.0955536	0.105038	0.105205	0.10561	0.0756004	0.0421817	99	0	0
setup	0	2022-01-20 23:00:00	0	1.72	1.71134	3.1941	0	0	0.0086552	1.02856	0.124432	0	0.403585	1.58691	0	0	0	0	0	0	1206.57	456.102	0	36.2581	30.8959	30.7159	29.262	29.2528	29.2286	35.4599	35.7344	35.7449	35.779	43.3939	43.3468	0.0942392	0.0950784	0.105428	0.105485	0.105634	0.075607	0.0421981	99	0	0
setup	0	2022-01-21 23:00:00	0	1.72	1.71134	3.19387	0	0	0.0086552	1.02863	0.124423	0	0.80717	1.58692	0	0	0	0	0	0	1206.32	455.813	0	36.2581	30.7919	30.7463	29.5376	29.3427	29.2167	35.4149	35.7289	35.7447	35.7798	43.4198	43.3493	0.0947237	0.0949366	0.103746	0.104933	0.105707	0.0756317	0.0420653	99	0	0
setup	0	2022-01-22 23:00:00	0	1.72	1.71134	3.19364	0	0	0.0086552	1.02782	0.124413	0	0.403585	1.58693	0	0	0	0	0	0	1206.48	455.924	0	36.2581	30.7037	30.6142	29.349	29.3111	29.227	35.3953	35.7262	35.745	35.7808	43.4107	43.353	0.0951355	0.0955557	0.104894	0.105127	0.105644	0.0756441	0.042112	99	0	0
setup	0	2022-01-23 23:00:00	0	1.72	1.71134	3.1934	0	0	0.0086552	1.02821	0.124403	0	0.403585	1.58694	0	0	0	0	0	0	1206.63	456.034	0	36.2581	30.8672	30.6936	29.2742	29.2616	29.2281	35.3768	35.7231	35.7451	35.7817	43.4057	43.3555	0.0943726	0.0951828	0.105353	0.105431	0.105637	0.0756582	0.0421373	99	0	0
setup	0	2022-01-24 23:00:00	0	1.72	1.71134	3.19316	0	0	0.0086552	1.02925	0.124393	0	0.403586	1.58695	0	0	0	0	0	0	1206.79	456.143	0	36.2582	31.0028	30.8148	29.2361	29.2269	29.2169	35.3595	35.7197	35.7451	35.7826	43.403	43.3568	0.0937436	0.0946166	0.105588	0.105644	0.105706	0.0756739	0.0421513	99	0	0
setup	0	2022-01-25 23:00:00	0	1.72	1.71134	3.19291	0	0	0.0086552	1.02758	0.124383	0	0.807172	1.58696	0	0	0	0	0	0	1206.54	455.853	0	36.2582	30.6556	30.6269	29.3833	29.3293	29.2218	35.3242	35.7103	35.7432	35.7834	43.4226	43.3604	0.0953612	0.0954958	0.104684	0.105015	0.105676	0.0757169	0.0420507	99	0	0
setup	0	2022-01-26 23:00:00	0	1.72	1.71134	3.19265	0	0	0.0086552	1.02779	0.124372	0	0.807171	1.58697	0	0	0	0	0	0	1206.29	455.963	0	36.2582	30.8332	30.668	29.2912	29.2744	29.2295	35.3094	35.7057	35.7426	35.7843	43.416	43.3631	0.0945309	0.0953028	0.105249	0.105352	0.105628	0.0757378	0.0420849	99	0	0
setup	0	2022-01-27 23:00:00	0	1.72	1.71134	3.19239	0	0	0.0086552	1.02884	0.124361	0	0.403585	1.58698	0	0	0	0	0	0	1206.45	456.07	0	36.2583	30.9713	30.7869	29.2422	29.2361	29.2205	35.2953	35.7007	35.7417	35.7852	43.4124	43.3643	0.0938893	0.094747	0.10555	0.105588	0.105684	0.0757605	0.042103	99	0	0
setup	0	2022-01-28 23:00:00	0	1.72	1.71134	3.19212	0	0	0.0086552	1.02742	0.12435	0	0.807171	1.58699	0	0	0	0	0	0	1206.2	455.779	0	36.2583	30.6531	30.6577	29.4132	29.341	29.2201	35.2661	35.6884	35.7382	35.7858	43.4328	43.3671	0.095373	0.0953513	0.104502	0.104943	0.105686	0.0758166	0.0419986	99	0	0
setup	0	2022-01-29 23:00:00	0	1.72	1.71134	3.19185	0	0	0.0086552	1.02735	0.124339	0	0	1.58701	0	0	0	0	0	0	1206.76	456.289	0	36.2583	30.8001	30.6455	29.3053	29.2847	29.2308	35.7588	35.7294	35.7394	35.7868	43.4067	43.366	0.0946851	0.0954086	0.105162	0.105289	0.10562	0.0756294	0.0421325	99	0	0
setup	0	2022-01-30 23:00:00	0	1.72	1.71134	3.19157	0	0	0.0086552	1.02817	0.124327	0	0.403587	1.58702	0	0	0	0	0	0	1206.91	456.4	0	36.2584	30.9439	30.7593	29.2494	29.2427	29.225	35.7166	35.7391	35.7404	35.7877	43.408	43.3652	0.0940164	0.0948759	0.105506	0.105547	0.105656	0.0755853	0.0421258	99	0	0
setup	0	2022-01-31 23:00:00	0	1.72	1.71134	3.19129	0	0	0.0086552	1.02704	0.124315	0	0.807174	1.58703	0	0	0	0	0	0	1206.67	456.111	0	36.2584	30.6658	30.6655	29.4299	29.3464	29.2224	35.6463	35.74	35.7416	35.7883	43.4312	43.3677	0.0953134	0.0953147	0.1044	0.10491	0.105672	0.0755814	0.0420066	99	0	0
setup	0	2022-02-01 23:00:00	0	1.72	1.71134	3.191	0	0	0.0086552	1.02697	0.124303	0	0.807173	1.58704	0	0	0	0	0	0	1206.42	455.824	0	36.2584	30.7717	30.6282	29.3158	29.2921	29.2326	35.6147	35.7407	35.7428	35.7787	43.1138	43.3638	0.0948179	0.0954898	0.105098	0.105243	0.105609	0.0755782	0.0436173	99	0	0
setup	0	2022-02-02 23:00:00	0	1.72	1.71134	3.19071	0	0	0.0086552	1.0278	0.124291	0	0.403587	1.58705	0	0	0	0	0	0	1206.58	455.946	0	36.2585	30.9183	30.7381	29.2583	29.2495	29.2268	35.5847	35.741	35.7438	35.7685	43.1578	43.3526	0.0941354	0.0949747	0.105451	0.105505	0.105645	0.0755767	0.0433962	99	0	0
setup	0	2022-02-03 23:00:00	0	1.72	1.71134	3.19041	0	0	0.0086552	1.02669	0.124279	0	0.807173	1.58707	0	0	0	0	0	0	1206.33	455.673	0	36.2585	30.6826	30.6751	29.4492	29.3505	29.2229	35.5274	35.7394	35.7446	35.7688	43.2282	43.3426	0.0952344	0.0952699	0.104283	0.104885	0.105669	0.075584	0.043041	99	0	0
setup	0	2022-02-04 23:00:00	0	1.72	1.71134	3.19011	0	0	0.0086552	1.02658	0.124266	0	0.403587	1.58708	0	0	0	0	0	0	1206.49	455.804	0	36.2586	30.7441	30.6143	29.3258	29.2985	29.2325	35.502	35.7386	35.7455	35.7698	43.2627	43.334	0.0949465	0.0955551	0.105036	0.105204	0.10561	0.0755876	0.0428664	99	0	0
setup	0	2022-02-05 23:00:00	0	1.72	1.71134	3.1898	0	0	0.0086552	1.02717	0.124253	0	0.403587	1.58709	0	0	0	0	0	0	1206.64	455.937	0	36.2586	30.8968	30.7167	29.2624	29.2532	29.2288	35.478	35.7375	35.7463	35.7708	43.2964	43.3268	0.0942349	0.0950748	0.105426	0.105483	0.105633	0.0755928	0.0426954	99	0	0
setup	0	2022-02-06 23:00:00	0	1.72	1.71134	3.18949	0	0	0.0086552	1.02723	0.12424	0	1.21076	1.5871	0	0	0	0	0	0	1205.99	455.67	0	36.2587	30.7937	30.748	29.5383	29.3433	29.2171	35.4312	35.7327	35.7463	35.7719	43.3563	43.3215	0.0947152	0.0949285	0.103742	0.104929	0.105705	0.0756147	0.04239	99	0	0
setup	0	2022-02-07 23:00:00	0	1.72	1.71134	3.18917	0	0	0.0086552	1.0264	0.124227	0	0.403586	1.58712	0	0	0	0	0	0	1206.15	455.801	0	36.2587	30.7063	30.6166	29.3497	29.3117	29.2275	35.4107	35.7302	35.7466	35.7729	43.3611	43.3236	0.0951235	0.0955443	0.10489	0.105123	0.105641	0.075626	0.0423658	99	0	0
setup	0	2022-02-08 23:00:00	0	1.72	1.71134	3.18885	0	0	0.0086552	1.02678	0.124214	0	0.403586	1.58713	0	0	0	0	0	0	1206.31	455.926	0	36.2588	30.8705	30.6968	29.275	29.2623	29.2285	35.3913	35.7273	35.7467	35.7739	43.364	43.3272	0.0943573	0.0951679	0.105348	0.105427	0.105635	0.0756391	0.0423509	99	0	0
setup	0	2022-02-09 23:00:00	0	1.72	1.71134	3.18853	0	0	0.0086552	1.0278	0.1242	0	0.403587	1.58714	0	0	0	0	0	0	1206.46	456.047	0	36.2588	31.0068	30.8188	29.2377	29.2277	29.2174	35.373	35.7241	35.7468	35.775	43.3666	43.3301	0.093725	0.0945982	0.105578	0.105639	0.105703	0.0756539	0.0423375	99	0	0
setup	0	2022-02-10 23:00:00	0	1.72	1.71134	3.1882	0	0	0.0086552	1.02612	0.124186	0	0.807174	1.58716	0	0	0	0	0	0	1206.22	455.767	0	36.2589	30.6601	30.6312	29.3845	29.3303	29.2224	35.3363	35.7151	35.7452	35.776	43.3903	43.3351	0.0953402	0.0954755	0.104677	0.105009	0.105672	0.0756947	0.0422163	99	0	0
setup	0	2022-02-11 23:00:00	0	1.72	1.71134	3.18787	0	0	0.0086552	1.02632	0.124173	0	0.403587	1.58717	0	0	0	0	0	0	1206.37	455.885	0	36.2589	30.8384	30.6731	29.2924	29.2755	29.2302	35.3207	35.7107	35.7446	35.777	43.3866	43.3394	0.094507	0.0952792	0.105242	0.105345	0.105624	0.0757149	0.0422353	99	0	0
setup	0	2022-02-12 23:00:00	0	1.72	1.71134	3.18753	0	0	0.0086552	1.02737	0.124159	0	0.403587	1.58719	0	0	0	0	0	0	1206.53	456	0	36.259	30.9774	30.7928	29.2436	29.2374	29.2215	35.306	35.706	35.7439	35.778	43.3854	43.3418	0.0938614	0.0947193	0.105541	0.10558	0.105677	0.0757365	0.0422412	99	0	0
setup	0	2022-02-13 23:00:00	0	1.72	1.71134	3.18719	0	0	0.0086552	1.02593	0.124144	0	0.807174	1.5872	0	0	0	0	0	0	1206.28	455.715	0	36.259	30.6595	30.6641	29.4155	29.3431	29.2216	35.2758	35.6941	35.7407	35.779	43.4079	43.3456	0.0953429	0.0953213	0.104488	0.104931	0.105677	0.0757906	0.0421263	99	0	0
setup	0	2022-02-14 23:00:00	0	1.72	1.71134	3.18685	0	0	0.0086552	1.02586	0.12413	0	0	1.58721	0	0	0	0	0	0	1206.84	456.232	0	36.2591	30.8074	30.6527	29.3076	29.287	29.2327	35.7676	35.7376	35.7419	35.78	43.3832	43.3455	0.0946512	0.0953748	0.105148	0.105275	0.105609	0.0755922	0.0422527	99	0	0
setup	0	2022-02-15 23:00:00	0	1.72	1.71134	3.1865	0	0	0.0086552	1.02667	0.124116	0	0.403589	1.58723	0	0	0	0	0	0	1207	456.348	0	36.2591	30.952	30.7673	29.2521	29.2452	29.2272	35.7249	35.7461	35.7458	35.7811	43.3859	43.3456	0.0939788	0.0948382	0.105489	0.105532	0.105643	0.0755537	0.042239	99	0	0
setup	0	2022-02-16 23:00:00	0	1.72	1.71134	3.18615	0	0	0.0086552	1.02526	0.124101	0	0.807178	1.58724	0	0	0	0	0	0	1206.76	456.065	0	36.2592	30.6362	30.6407	29.4195	29.3478	29.2275	35.654	35.7469	35.7472	35.782	43.4096	43.3491	0.095452	0.095431	0.104463	0.104901	0.105641	0.07555	0.0421174	99	0	0
setup	0	2022-02-17 23:00:00	0	1.72	1.71134	3.1858	0	0	0.0086552	1.02548	0.124086	0	0.807177	1.58726	0	0	0	0	0	0	1206.51	456.181	0	36.2592	30.7828	30.6374	29.3167	29.2937	29.2362	35.622	35.7476	35.7484	35.783	43.4043	43.3528	0.0947659	0.0954468	0.105092	0.105233	0.105587	0.0755468	0.0421449	99	0	0
setup	0	2022-02-18 23:00:00	0	1.72	1.71134	3.18544	0	0	0.0086552	1.0263	0.124071	0	0.403588	1.58727	0	0	0	0	0	0	1206.67	456.294	0	36.2593	30.9294	30.7492	29.2609	29.2522	29.2299	35.5918	35.7479	35.7495	35.784	43.4016	43.3549	0.0940835	0.0949227	0.105435	0.105488	0.105626	0.0755453	0.0421585	99	0	0
setup	0	2022-02-19 23:00:00	0	1.72	1.71134	3.18508	0	0	0.0086552	1.0249	0.124056	0	0.807176	1.58729	0	0	0	0	0	0	1206.42	456.008	0	36.2594	30.6547	30.6544	29.4366	29.3533	29.2286	35.5342	35.7463	35.7504	35.7848	43.4235	43.3583	0.0953655	0.095367	0.104359	0.104868	0.105634	0.0755525	0.0420464	99	0	0
setup	0	2022-02-20 23:00:00	0	1.72	1.71134	3.18472	0	0	0.0086552	1.02483	0.124041	0	0.403588	1.5873	0	0	0	0	0	0	1206.58	456.121	0	36.2594	30.7631	30.6191	29.3218	29.2983	29.2389	35.5086	35.7455	35.7513	35.7857	43.4161	43.3617	0.094858	0.0955324	0.105061	0.105205	0.10557	0.0755561	0.0420844	99	0	0
setup	0	2022-02-21 23:00:00	0	1.72	1.71134	3.18435	0	0	0.0086552	1.02567	0.124026	0	0.403589	1.58732	0	0	0	0	0	0	1206.74	456.232	0	36.2595	30.9116	30.7311	29.2642	29.2555	29.233	35.4845	35.7444	35.7521	35.7866	43.4122	43.3635	0.0941661	0.0950074	0.105415	0.105468	0.105607	0.0755614	0.042104	99	0	0
setup	0	2022-02-22 23:00:00	0	1.72	1.71134	3.18398	0	0	0.0086552	1.02513	0.124011	0	0.807177	1.58733	0	0	0	0	0	0	1206.5	455.944	0	36.2595	30.7198	30.7041	29.4791	29.358	29.2252	35.4376	35.7396	35.7522	35.7873	43.4352	43.3659	0.0950602	0.0951339	0.104101	0.104839	0.105655	0.0755833	0.0419861	99	0	0
setup	0	2022-02-23 23:00:00	0	1.72	1.71134	3.18361	0	0	0.0086552	1.02443	0.123995	0	0.807176	1.58735	0	0	0	0	0	0	1206.25	455.659	0	36.2596	30.7383	30.6109	29.3357	29.3073	29.2379	35.4171	35.7371	35.7526	35.779	43.1123	43.3624	0.0949739	0.0955711	0.104976	0.10515	0.105577	0.0755944	0.043625	99	0	0
setup	0	2022-02-24 23:00:00	0	1.72	1.71134	3.18324	0	0	0.0086552	1.02531	0.12398	0	0.403588	1.58736	0	0	0	0	0	0	1206.41	455.782	0	36.2597	30.8908	30.716	29.2742	29.2628	29.2337	35.3977	35.7342	35.7528	35.7685	43.1574	43.3508	0.094263	0.0950783	0.105353	0.105423	0.105603	0.0756075	0.0433982	99	0	0
setup	0	2022-02-25 23:00:00	0	1.72	1.71134	3.18286	0	0	0.0086552	1.0251	0.123964	0	0.807175	1.58738	0	0	0	0	0	0	1206.16	455.51	0	36.2597	30.791	30.7453	29.5458	29.351	29.2237	35.3592	35.726	35.7516	35.7689	43.228	43.3407	0.0947276	0.094941	0.103696	0.104882	0.105664	0.0756449	0.0430422	99	0	0
setup	0	2022-02-26 23:00:00	0	1.72	1.71134	3.18249	0	0	0.0086552	1.02428	0.123948	0	0.403587	1.5874	0	0	0	0	0	0	1206.32	455.644	0	36.2598	30.7057	30.6156	29.3569	29.3189	29.2345	35.3428	35.7219	35.7513	35.7699	43.2624	43.3317	0.0951264	0.0955491	0.104846	0.105079	0.105598	0.0756636	0.0428677	99	0	0
setup	0	2022-02-27 23:00:00	0	1.72	1.71134	3.18211	0	0	0.0086552	1.02467	0.123933	0	0.807175	1.58741	0	0	0	0	0	0	1206.08	455.779	0	36.2598	30.8715	30.6976	29.2821	29.2694	29.2357	35.3273	35.7175	35.7508	35.771	43.2961	43.3244	0.0943526	0.0951644	0.105304	0.105382	0.10559	0.0756838	0.0426967	99	0	0
setup	0	2022-02-28 23:00:00	0	1.72	1.71134	3.18173	0	0	0.0086552	1.02569	0.123917	0	0.403587	1.58743	0	0	0	0	0	0	1206.24	455.913	0	36.2599	31.0093	30.821	29.2433	29.2346	29.2245	35.3126	35.7127	35.75	35.772	43.3278	43.3182	0.0937138	0.094588	0.105543	0.105597	0.105659	0.0757057	0.0425354	99	0	0
setup	0	2022-03-01 23:00:00	0	1.72	1.71134	3.18134	0	0	0.0086552	1.02402	0.123901	0	0.807174	1.58744	0	0	0	0	0	0	1205.99	455.646	0	36.26	30.664	30.6349	29.3911	29.337	29.2293	35.2823	35.7007	35.7468	35.773	43.3619	43.3204	0.0953218	0.0954582	0.104636	0.104967	0.10563	0.0757603	0.0423617	99	0	0
setup	0	2022-03-02 23:00:00	0	1.72	1.71134	3.18096	0	0	0.0086552	1.02422	0.123885	0	0.403587	1.58746	0	0	0	0	0	0	1206.15	455.774	0	36.26	30.8436	30.6781	29.2992	29.2823	29.2371	35.2697	35.6949	35.7454	35.774	43.3634	43.3247	0.0944827	0.0952556	0.1052	0.105303	0.105582	0.0757868	0.0423538	99	0	0
setup	0	2022-03-03 23:00:00	0	1.72	1.71134	3.18057	0	0	0.0086552	1.02527	0.123868	0	0	1.58748	0	0	0	0	0	0	1206.72	456.3	0	36.2601	30.9838	30.7991	29.2506	29.2443	29.2284	35.7575	35.7401	35.7465	35.7751	43.3488	43.3232	0.0938318	0.09469	0.105498	0.105537	0.105635	0.0755807	0.0424286	99	0	0
setup	0	2022-03-04 23:00:00	0	1.72	1.71134	3.18018	0	0	0.0086552	1.02357	0.123852	0	0.807176	1.58749	0	0	0	0	0	0	1206.47	456.027	0	36.2602	30.6414	30.6401	29.4112	29.3482	29.2312	35.6828	35.745	35.7474	35.7762	43.3779	43.3266	0.0954278	0.0954337	0.104514	0.104899	0.105618	0.0755586	0.0422797	99	0	0
setup	0	2022-03-05 23:00:00	0	1.72	1.71134	3.17979	0	0	0.0086552	1.02381	0.123836	0	0.403588	1.58751	0	0	0	0	0	0	1206.63	456.15	0	36.2602	30.8178	30.6614	29.3128	29.2928	29.2406	35.6495	35.7459	35.7485	35.7772	43.376	43.3312	0.0946025	0.0953338	0.105116	0.105239	0.10556	0.0755546	0.0422893	99	0	0
setup	0	2022-03-06 23:00:00	0	1.72	1.71134	3.1794	0	0	0.0086552	1.0246	0.12382	0	0.403589	1.58753	0	0	0	0	0	0	1206.79	456.271	0	36.2603	30.9629	30.7781	29.2587	29.252	29.2344	35.6181	35.7465	35.7496	35.7783	43.3759	43.3343	0.0939284	0.0947879	0.105448	0.10549	0.105598	0.0755517	0.0422902	99	0	0
setup	0	2022-03-07 23:00:00	0	0	0	3.82246	0	0	0	1.2807	0	0	0	0	0	0	0	0	0	0	1205.51	454.961	0	33.9183	30.7726	30.6974	29.1395	29.1239	29.1679	35.6181	35.7465	35.7496	35.7783	43.3598	43.3311	0.0948135	0.0951651	0.106185	0.106282	0.106009	0.0755517	0.0423722	99	0	0
setup	0	2022-03-08 23:00:00	0	0	0	3.51025	0	0	0	1.15773	0	0	0	0	0	0	0	0	0	0	1204.35	453.778	0	32.6808	30.3824	30.384	28.9377	28.9662	29.1056	35.6181	35.7465	35.7496	35.7783	43.3488	43.3263	0.0966502	0.0966427	0.107444	0.107265	0.106395	0.0755517	0.0424284	99	0	0
setup	0	2022-03-09 23:00:00	0	0	0	3.58677	0	0	0	1.165	0	0	0	0	0	0	0	0	0	0	1203.19	452.592	0	31.7834	29.8883	29.9578	28.7139	28.7919	29.0417	35.6181	35.7465	35.7496	35.7783	43.3401	43.3215	0.0990201	0.0986838	0.108858	0.108363	0.106793	0.0755517	0.0424727	99	0	0
setup	0	2022-03-10 23:00:00	0	0	0	3.55134	0	0	0	1.13598	0	0	0	0	0	0	0	0	0	0	1202.05	451.438	0	30.1834	29.67	29.6075	28.4936	28.6198	28.9782	35.6181	35.7465	35.7496	35.7783	43.3329	43.3172	0.100084	0.10039	0.110271	0.109459	0.10719	0.0755517	0.0425093	99	0	0
setup	0	2022-03-11 23:00:00	0	0	0	3.53516	0	0	0	1.11273	0	0	0	0	0	0	0	0	0	0	1200.94	450.309	0	29.2168	29.2886	29.3258	28.2755	28.4489	28.9148	35.6181	35.7465	35.7496	35.7783	43.3268	43.3133	0.101967	0.101782	0.111689	0.11056	0.107588	0.0755517	0.0425403	99	0	0
setup	0	2022-03-12 23:00:00	0	0	0	3.64141	0	0	0	1.12865	0	0	0	0	0	0	0	0	0	0	1199.81	449.167	0	28.5108	28.775	28.9031	28.0523	28.2735	28.8492	35.6181	35.7465	35.7496	35.7783	43.3216	43.3099	0.104559	0.103906	0.113162	0.111702	0.108001	0.0755517	0.042567	99	0	0
setup	0	2022-03-13 23:00:00	0	0	0	3.60771	0	0	0	1.10094	0	0	0	0	0	0	0	0	0	0	1198.71	448.054	0	27.8306	28.2745	28.4894	27.8326	28.1002	28.784	35.6181	35.7465	35.7496	35.7783	43.3171	43.3067	0.107148	0.106028	0.114633	0.112844	0.108413	0.0755517	0.0425902	99	0	0
setup	0	2022-03-14 23:00:00	0	0	0	3.71925	0	0	0	1.11724	0	0	0	0	0	0	0	0	0	0	1197.59	446.926	0	27.1488	27.7674	28.068	27.6077	27.9223	28.7166	35.6181	35.7465	35.7496	35.7783	43.313	43.3039	0.109841	0.108236	0.116164	0.11403	0.108841	0.0755517	0.0426106	99	0	0
setup	0	2022-03-15 23:00:00	0	0	0	3.75906	0	0	0	1.11111	0	0	0	0	0	0	0	0	0	0	1196.48	445.805	0	26.4793	27.2638	27.6475	27.382	27.7432	28.6482	35.6181	35.7465	35.7496	35.7783	43.3095	43.3013	0.112589	0.110488	0.117724	0.115239	0.109277	0.0755517	0.0426287	99	0	0
setup	0	2022-03-16 23:00:00	0	0	0	3.7796	0	0	0	1.0991	0	0	0	0	0	0	0	0	0	0	1195.38	444.697	0	25.8254	26.7665	27.2301	27.1568	27.5638	28.5793	35.6181	35.7465	35.7496	35.7783	43.3063	43.2989	0.11538	0.112775	0.119306	0.116465	0.109719	0.0755517	0.0426449	99	0	0
setup	0	2022-03-17 23:00:00	0	0	0	3.84744	0	0	0	1.10045	0	0	0	0	0	0	0	0	0	0	1194.28	443.589	0	25.1791	26.2694	26.8109	26.9293	27.382	28.5089	35.6181	35.7465	35.7496	35.7783	43.3034	43.2967	0.118253	0.115128	0.120931	0.117724	0.110172	0.0755517	0.0426596	99	0	0
setup	0	2022-03-18 23:00:00	0	0	0	3.71212	0	0	0	1.04439	0	0	0	0	0	0	0	0	0	0	1193.24	442.537	0	24.5735	25.7986	26.4118	26.7116	27.2074	28.4409	35.6181	35.7465	35.7496	35.7783	43.3008	43.2947	0.121055	0.117421	0.122513	0.118948	0.110612	0.0755517	0.0426728	99	0	0
setup	0	2022-03-19 23:00:00	0	0	0	3.55778	0	0	0	0.985186	0	0	0	0	0	0	0	0	0	0	1192.25	441.546	0	24.0092	25.3553	26.0343	26.5046	27.0408	28.3755	35.6181	35.7465	35.7496	35.7783	43.2984	43.2929	0.123771	0.119642	0.124042	0.120131	0.111036	0.0755517	0.0426848	99	0	0
setup	0	2022-03-20 23:00:00	0	0	0	3.6517	0	0	0	0.995367	0	0	0	0	0	0	0	0	0	0	1191.26	440.544	0	23.4459	24.9084	25.6519	26.2937	26.8706	28.3082	35.6181	35.7465	35.7496	35.7783	43.2963	43.2912	0.126591	0.121945	0.125625	0.121355	0.111475	0.0755517	0.0426959	99	0	0
setup	0	2022-03-21 23:00:00	0	0	0	3.75794	0	0	0	1.00781	0	0	0	0	0	0	0	0	0	0	1190.25	439.531	0	22.8825	24.4569	25.2637	26.0786	26.6964	28.2389	35.6181	35.7465	35.7496	35.7783	43.2943	43.2896	0.129527	0.124342	0.127269	0.122625	0.111929	0.0755517	0.042706	99	0	0
setup	0	2022-03-22 23:00:00	0	0	0	3.67875	0	0	0	0.970554	0	0	0	0	0	0	0	0	0	0	1189.28	438.555	0	22.3467	24.0231	24.889	25.8698	26.5267	28.1708	35.6181	35.7465	35.7496	35.7783	43.2925	43.2882	0.132438	0.126715	0.128891	0.123878	0.112377	0.0755517	0.0427153	99	0	0
setup	0	2022-03-23 23:00:00	0	0	0	3.63458	0	0	0	0.943558	0	0	0	0	0	0	0	0	0	0	1188.34	437.607	0	21.8321	23.6023	24.5238	25.6653	26.36	28.1035	35.6181	35.7465	35.7496	35.7783	43.2908	43.2868	0.13535	0.129086	0.130508	0.125125	0.112822	0.0755517	0.0427238	99	0	0
setup	0	2022-03-24 23:00:00	0	0	0	3.67606	0	0	0	0.939038	0	0	0	0	0	0	0	0	0	0	1187.4	436.663	0	21.3262	23.1846	24.1597	25.4602	26.1922	28.0353	35.6181	35.7465	35.7496	35.7783	43.2892	43.2855	0.138333	0.131512	0.132158	0.126397	0.113275	0.0755517	0.0427317	99	0	0
setup	0	2022-03-25 23:00:00	0	0	0	3.7158	0	0	0	0.933784	0	0	0	0	0	0	0	0	0	0	1186.46	435.725	0	20.8293	22.7703	23.7968	25.2549	26.0236	27.9662	35.6181	35.7465	35.7496	35.7783	43.2878	43.2844	0.141389	0.133993	0.133839	0.127693	0.113736	0.0755517	0.0427391	99	0	0
setup	0	2022-03-26 23:00:00	0	0	0	3.71707	0	0	0	0.918828	0	0	0	0	0	0	0	0	0	0	1185.54	434.803	0	20.3463	22.3638	23.439	25.0513	25.856	27.897	35.6181	35.7465	35.7496	35.7783	43.2864	43.2833	0.144487	0.136505	0.135536	0.129	0.1142	0.0755517	0.0427458	99	0	0
setup	0	2022-03-27 23:00:00	0	4.5	4.49134	3.49832	0	0	0.0086552	0.8952	0.137108	0	0	4.35424	0	0	0	0	0	0	1189	438.251	0	29.1805	22.723	23.1584	24.892	25.7246	27.8437	35.6195	35.7474	35.7504	35.7791	43.2858	43.2828	0.141744	0.138523	0.136886	0.130036	0.114559	0.0755477	0.0427492	99	0	0
setup	0	2022-03-28 23:00:00	0	0	0	3.5345	0	0	0	0.936683	0	0	0	0	0	0	0	0	0	0	1188.07	437.311	0	27.9787	22.6196	22.8378	24.7079	25.572	27.7799	35.6195	35.7474	35.7504	35.7791	43.2846	43.2819	0.142526	0.140884	0.138471	0.131255	0.11499	0.0755477	0.042755	99	0	0
setup	0	2022-03-29 23:00:00	0	0	0	3.40679	0	0	0	0.888284	0	0	0	0	0	0	0	0	0	0	1187.18	436.42	0	27.257	22.2949	22.5326	24.5318	25.4256	27.7183	35.6195	35.7474	35.7504	35.7791	43.2836	43.281	0.145022	0.143188	0.140013	0.132439	0.115408	0.0755477	0.0427604	99	0	0
setup	0	2022-03-30 23:00:00	0	0	0	3.43771	0	0	0	0.882043	0	0	0	0	0	0	0	0	0	0	1186.3	435.535	0	24.7178	22.5133	22.276	24.3554	25.2786	27.656	35.6195	35.7474	35.7504	35.7791	43.2826	43.2802	0.143336	0.14517	0.141582	0.133643	0.115833	0.0755477	0.0427655	99	0	0
setup	0	2022-03-31 23:00:00	0	0	0	3.16413	0	0	0	0.795659	0	0	0	0	0	0	0	0	0	0	1185.5	434.736	0	22.9608	22.8171	22.7594	24.1941	25.1437	27.5985	35.6195	35.7474	35.7504	35.7791	43.2816	43.2795	0.141038	0.141471	0.143041	0.134762	0.116227	0.0755477	0.0427702	99	0	0
setup	0	2022-04-01 23:00:00	0	0	0	3.05264	0	0	0	0.756161	0	0	0	0	0	0	0	0	0	0	1184.74	433.978	0	22.4616	22.504	22.5266	24.0396	25.0141	27.5429	35.6195	35.7474	35.7504	35.7791	43.2808	43.2788	0.143407	0.143234	0.144459	0.13585	0.116609	0.0755477	0.0427745	99	0	0
setup	0	2022-04-02 23:00:00	0	0	0	2.98464	0	0	0	0.729262	0	0	0	0	0	0	0	0	0	0	1184.01	433.246	0	22.0353	22.1836	22.2588	23.8897	24.8881	27.4885	35.6195	35.7474	35.7504	35.7791	43.28	43.2781	0.145893	0.145304	0.145857	0.13692	0.116985	0.0755477	0.0427786	99	0	0
setup	0	2022-04-03 23:00:00	0	0	0	2.90459	0	0	0	0.700292	0	0	0	0	0	0	0	0	0	0	1183.31	432.544	0	21.6297	21.8765	22.0012	23.7449	24.766	27.4354	35.6195	35.7474	35.7504	35.7791	43.2792	43.2775	0.14834	0.147339	0.147227	0.137968	0.117352	0.0755477	0.0427823	99	0	0
setup	0	2022-04-04 23:00:00	0	0	0	2.89038	0	0	0	0.687762	0	0	0	0	0	0	0	0	0	0	1182.63	431.854	0	21.2352	21.5754	21.7477	23.6018	24.645	27.3826	35.6195	35.7474	35.7504	35.7791	43.2786	43.2769	0.150802	0.149386	0.1486	0.139019	0.117719	0.0755477	0.0427859	99	0	0
setup	0	2022-04-05 23:00:00	0	0	0	2.98871	0	0	0	0.701732	0	0	0	0	0	0	0	0	0	0	1181.93	431.151	0	20.8364	21.2688	21.4886	23.455	24.5206	27.328	35.6195	35.7474	35.7504	35.7791	43.2779	43.2764	0.153377	0.151524	0.15003	0.140111	0.118101	0.0755477	0.0427891	99	0	0
setup	0	2022-04-06 23:00:00	0	0	0	3.08886	0	0	0	0.715298	0	0	0	0	0	0	0	0	0	0	1181.21	430.434	0	20.4338	20.9569	21.2241	23.3045	24.3927	27.2714	35.6195	35.7474	35.7504	35.7791	43.2773	43.2759	0.156069	0.153758	0.151519	0.141248	0.118497	0.0755477	0.0427922	99	0	0
setup	0	2022-04-07 23:00:00	0	0	0	3.48474	0	0	0	0.795012	0	0	0	0	0	0	0	0	0	0	1180.41	429.637	0	19.991	20.6109	20.9295	23.1362	24.2492	27.2076	35.6195	35.7474	35.7504	35.7791	43.2767	43.2754	0.159147	0.156309	0.153212	0.14254	0.118947	0.0755477	0.042795	99	0	0
setup	0	2022-04-08 23:00:00	0	0	0	3.40423	0	0	0	0.764532	0	0	0	0	0	0	0	0	0	0	1179.65	428.871	0	19.5699	20.2791	20.6458	22.9733	24.1098	27.1452	35.6195	35.7474	35.7504	35.7791	43.2762	43.275	0.162196	0.158833	0.15488	0.143812	0.119388	0.0755477	0.0427977	99	0	0
setup	0	2022-04-09 23:00:00	0	0	0	3.41598	0	0	0	0.755318	0	0	0	0	0	0	0	0	0	0	1178.89	428.114	0	19.1584	19.952	20.365	22.8113	23.9709	27.0825	35.6195	35.7474	35.7504	35.7791	43.2757	43.2746	0.165297	0.161397	0.156568	0.145097	0.119834	0.0755477	0.0428001	99	0	0
setup	0	2022-04-10 23:00:00	0	0	0	3.39816	0	0	0	0.739763	0	0	0	0	0	0	0	0	0	0	1178.16	427.373	0	18.7597	19.6324	20.0896	22.6517	23.8336	27.0202	35.6195	35.7474	35.7504	35.7791	43.2753	43.2742	0.168425	0.16398	0.158261	0.146386	0.120279	0.0755477	0.0428024	99	0	0
setup	0	2022-04-11 23:00:00	0	0	0	3.37514	0	0	0	0.723447	0	0	0	0	0	0	0	0	0	0	1177.43	426.649	0	18.3741	19.3208	19.8199	22.4947	23.698	26.9582	35.6195	35.7474	35.7504	35.7791	43.2749	43.2739	0.171576	0.166578	0.159955	0.147674	0.120724	0.0755477	0.0428046	99	0	0
setup	0	2022-04-12 23:00:00	0	0	0	3.47562	0	0	0	0.733392	0	0	0	0	0	0	0	0	0	0	1176.7	425.914	0	17.9874	19.0057	19.5461	22.3346	23.5594	26.8944	35.6195	35.7474	35.7504	35.7791	43.2745	43.2735	0.174868	0.169288	0.161715	0.149011	0.121184	0.0755477	0.0428066	99	0	0
setup	0	2022-04-13 23:00:00	0	0	0	3.5013	0	0	0	0.727088	0	0	0	0	0	0	0	0	0	0	1175.97	425.186	0	17.6083	18.6941	19.2744	22.1749	23.4207	26.83	35.6195	35.7474	35.7504	35.7791	43.2741	43.2732	0.178233	0.172054	0.163503	0.150367	0.12165	0.0755477	0.0428084	99	0	0
setup	0	2022-04-14 23:00:00	0	0	0	3.57923	0	0	0	0.731297	0	0	0	0	0	0	0	0	0	0	1175.24	424.454	0	17.2312	18.3818	19.0007	22.0134	23.2799	26.7642	35.6195	35.7474	35.7504	35.7791	43.2738	43.2729	0.181724	0.17492	0.165345	0.151765	0.122128	0.0755477	0.0428102	99	0	0
setup	0	2022-04-15 23:00:00	0	0	0	3.50915	0	0	0	0.705396	0	0	0	0	0	0	0	0	0	0	1174.53	423.747	0	16.8716	18.0813	18.7365	21.8566	23.1428	26.6998	35.6195	35.7474	35.7504	35.7791	43.2734	43.2727	0.1852	0.177769	0.167167	0.153145	0.1226	0.0755477	0.0428118	99	0	0
setup	0	2022-04-16 23:00:00	0	0	0	3.49828	0	0	0	0.691976	0	0	0	0	0	0	0	0	0	0	1173.84	423.054	0	16.5228	17.7875	18.477	21.702	23.0072	26.6355	35.6195	35.7474	35.7504	35.7791	43.2731	43.2724	0.188717	0.180646	0.168998	0.15453	0.123073	0.0755477	0.0428133	99	0	0
setup	0	2022-04-17 23:00:00	0	0	0	3.5849	0	0	0	0.697656	0	0	0	0	0	0	0	0	0	0	1173.14	422.356	0	16.1751	17.4923	18.2152	21.5453	22.8692	26.5696	35.6195	35.7474	35.7504	35.7791	43.2729	43.2722	0.192377	0.183636	0.17089	0.155961	0.123559	0.0755477	0.0428147	99	0	0
setup	0	2022-04-18 23:00:00	0	1.3	1.29134	3.42614	0	0	0.0086552	0.652454	0.134101	0	0	1.15724	0	0	0	0	0	0	1173.65	422.859	0	17.6723	17.6209	17.9893	21.4097	22.7493	26.512	35.6197	35.7475	35.7506	35.7792	43.2727	43.2721	0.190767	0.186289	0.172557	0.157222	0.123987	0.0755469	0.0428155	99	0	0
setup	0	2022-04-19 23:00:00	0	0	0	3.51443	0	0	0	0.68715	0	0	0	0	0	0	0	0	0	0	1172.96	422.171	0	17.2882	17.3451	17.7421	21.2604	22.6171	26.4479	35.6197	35.7475	35.7506	35.7792	43.2725	43.2719	0.194251	0.189271	0.174425	0.158632	0.124465	0.0755469	0.0428167	99	0	0
setup	0	2022-04-20 23:00:00	0	1.5	1.49134	3.47749	0	0	0.0086552	0.668194	0.13624	0	0	1.3551	0	0	0	0	0	0	1173.65	422.856	0	18.3039	17.9792	17.8854	21.128	22.4992	26.3904	35.62	35.7477	35.7508	35.7794	43.2724	43.2719	0.186408	0.187532	0.176112	0.159906	0.124896	0.0755461	0.0428172	99	0	0
setup	0	2022-04-21 23:00:00	0	45.9	45.8134	3.15597	0	0	0.086552	0.615031	1.22843	0	6.86131	44.585	0	0	0	0	0	0	1210.76	459.85	0	33.176	31.1104	31.1025	29.5705	29.9044	29.966	35.9912	37.5417	36.3668	35.7964	43.7632	43.2968	0.0932472	0.0932833	0.103547	0.101549	0.101183	0.0675048	0.0402792	99	0	0
setup	0	2022-04-22 23:00:00	0	0	0	3.32207	0	0	0	1.09761	0	0	4.03592	0	0	0	0	0	0	0	1205.62	455.117	0	32.3907	30.6118	30.6979	29.3568	29.7354	29.9045	35.8776	35.7485	35.6694	35.802	43.1638	43.341	0.0955667	0.0951631	0.104847	0.102555	0.101547	0.0755426	0.0433661	99	0	0
setup	0	2022-04-23 23:00:00	0	15.8	15.7654	3.12059	0	0	0.0346208	0.865935	0.485478	0	9.28266	15.2799	0	0	0	0	0	0	1210.76	459.262	0	32.7478	30.9932	31.0103	29.522	29.8656	29.952	35.9912	35.9999	36	35.9934	43.318	44.7196	0.0937882	0.093709	0.103841	0.101779	0.101267	0.0744002	0.0425853	99	0	0
setup	0	2022-04-24 23:00:00	0	3.6	3.59134	3.16526	0	0	0.0086552	1.02261	0.123231	0	4.03582	3.46811	0	0	0	0	0	0	1209.17	458.381	0	37.2801	30.8112	30.5985	29.0032	29.6649	29.8886	35.9793	35.9993	35.9986	35.9697	43.3141	43.1496	0.0946336	0.0956296	0.107033	0.102978	0.101642	0.074403	0.0426052	99	0	0
setup	0	2022-04-25 23:00:00	0	0.7	0.691345	3.18049	0	0	0.0086552	1.02511	0.123865	0	0.403575	0.56748	0	0	0	0	0	0	1208.3	457.52	0	35.3437	30.7011	30.5791	29.3817	29.4833	29.827	35.973	35.9956	35.9934	35.9562	43.3037	43.2143	0.0951477	0.0957206	0.104694	0.104075	0.102008	0.0744199	0.042658	99	0	0
setup	0	2022-04-26 23:00:00	0	0	0	3.24078	0	0	0	1.08166	0	0	0	0	0	0	0	0	0	0	1207.22	456.438	0	33.5691	30.5228	30.4877	29.1765	29.3231	29.7678	35.973	35.9906	35.9867	35.9425	43.2995	43.2481	0.0959862	0.0961514	0.105956	0.105053	0.102362	0.0744427	0.0426793	99	0	0
setup	0	2022-04-27 23:00:00	0	0	0	3.39132	0	0	0	1.11549	0	0	0	0	0	0	0	0	0	0	1206.11	455.323	0	32.4789	30.1431	30.149	28.9628	29.1557	29.7055	35.973	35.984	35.9792	35.9336	43.3029	43.2681	0.0977915	0.0977636	0.107286	0.106084	0.102734	0.0744725	0.0426623	99	0	0
setup	0	2022-04-28 23:00:00	0	0	0	3.32674	0	0	0	1.07863	0	0	0	0	0	0	0	0	0	0	1205.03	454.244	0	31.6748	29.6762	29.7556	28.7543	28.9919	29.6442	35.973	35.9767	35.9716	35.9282	43.3077	43.2819	0.100053	0.0996654	0.108601	0.107104	0.103102	0.0745057	0.0426375	99	0	0
setup	0	2022-04-29 23:00:00	0	3.8	3.79134	3.13233	0	0	0.0086552	0.995441	0.121859	0	0	3.66949	0	0	0	0	0	0	1207.7	456.894	0	37.1179	30.4197	30.1436	28.5858	28.8585	29.5937	35.9732	35.9697	35.9648	35.9258	43.3142	43.2941	0.0964733	0.0977894	0.109677	0.107942	0.103407	0.0745371	0.0426046	99	0	0
setup	0	2022-04-30 23:00:00	0	5.2	5.18269	3.16834	0	0	0.0173104	0.95738	0.246718	0	5.65006	4.93597	0	0	0	0	0	0	1206.03	455.222	0	30.2312	30.9464	30.9713	29.5003	29.6604	29.2363	35.8571	35.9656	35.9633	35.9336	43.3397	43.3201	0.0940051	0.0938893	0.103972	0.103005	0.105587	0.0745559	0.0424747	99	0	0
setup	0	2022-05-01 23:00:00	0	0	0	3.24592	0	0	0	1.05154	0	0	0	0	0	0	0	0	0	0	1204.98	454.156	0	29.576	30.4609	30.5738	29.2906	29.3381	29.2655	35.8571	35.9593	35.9571	35.9333	43.3434	43.3234	0.0962785	0.0957456	0.105252	0.104961	0.105407	0.0745846	0.0424559	99	0	0
setup	0	2022-05-02 23:00:00	0	5	4.99134	3.23518	0	0	0.0086552	1.01203	0.126144	0	4.43922	4.8652	0	0	0	0	0	0	1204.39	453.955	0	29.8915	29.9315	30.6428	29.167	29.3898	29.3182	35.5455	35.9392	35.9526	35.9293	43.291	43.335	0.0988111	0.0954213	0.106015	0.104645	0.105083	0.0746756	0.0427224	99	0	0
setup	0	2022-05-03 23:00:00	0	0	0	3.27295	0	0	0	1.04677	0	0	0	0	0	0	0	0	0	0	1203.35	452.891	0	29.2392	29.4593	30.2453	28.9582	29.2099	29.269	35.5455	35.9392	35.9461	35.9191	43.3143	43.3296	0.10112	0.097303	0.107315	0.10575	0.105385	0.0746756	0.042604	99	0	0
setup	0	2022-05-04 23:00:00	0	0.4	0.391345	3.08397	0	0	0.0086552	0.937068	0.119844	0	0	0.271501	0	0	0	0	0	0	1202.68	452.206	0	29.0666	29.1655	29.8915	28.7718	29.0629	29.2157	35.5458	35.9392	35.9385	35.917	43.3261	43.3214	0.102583	0.0990047	0.108491	0.106661	0.105713	0.0746757	0.0425439	99	0	0
setup	0	2022-05-05 23:00:00	0	0	0	3.03354	0	0	0	0.949652	0	0	0	0	0	0	0	0	0	0	1201.73	451.239	0	28.4805	28.7387	29.5309	28.5807	28.912	29.1604	35.5458	35.9355	35.9339	35.9166	43.3301	43.3146	0.104745	0.100767	0.10971	0.107605	0.106056	0.0746926	0.0425236	99	0	0
setup	0	2022-05-06 23:00:00	0	0.1	0.0913448	3.09025	0	0	0.0086552	0.924178	0.0913448	0	0	0	0	0	0	0	0	0	1200.81	450.299	0	27.9161	28.3238	29.179	28.3934	28.7636	29.1057	35.5458	35.9315	35.9302	35.9158	43.3296	43.3111	0.10689	0.102515	0.11092	0.108542	0.106395	0.0747104	0.0425263	99	0	0
setup	0	2022-05-07 23:00:00	0	0	0	3.10896	0	0	0	0.948442	0	0	0	0	0	0	0	0	0	0	1199.86	449.336	0	27.3428	27.8985	28.8168	28.1997	28.6098	29.0486	35.5458	35.9282	35.9271	35.9144	43.3282	43.3091	0.109138	0.104345	0.112187	0.109523	0.10675	0.0747254	0.0425335	99	0	0
setup	0	2022-05-08 23:00:00	0	0	0	3.13977	0	0	0	0.945121	0	0	0	0	0	0	0	0	0	0	1198.91	448.377	0	26.7777	27.4753	28.4549	28.0053	28.4549	28.9909	35.5458	35.9254	35.9244	35.9127	43.3266	43.3079	0.111426	0.106207	0.113475	0.110521	0.107111	0.0747384	0.0425415	99	0	0
setup	0	2022-05-09 23:00:00	0	0	0	3.30041	0	0	0	0.979858	0	0	0	0	0	0	0	0	0	0	1197.93	447.384	0	26.1982	27.0371	28.0786	27.8022	28.2927	28.93	35.5458	35.9228	35.9219	35.911	43.3251	43.3071	0.113851	0.10818	0.114839	0.111576	0.107492	0.07475	0.0425494	99	0	0
setup	0	2022-05-10 23:00:00	0	0	0	3.33994	0	0	0	0.977531	0	0	0	0	0	0	0	0	0	0	1196.96	446.394	0	25.6265	26.6008	27.7022	27.5981	28.1291	28.8682	35.5458	35.9204	35.9196	35.9092	43.3236	43.3064	0.116328	0.110192	0.116229	0.112652	0.107881	0.0747608	0.0425569	99	0	0
setup	0	2022-05-11 23:00:00	0	0	0	3.23919	0	0	0	0.934674	0	0	0	0	0	0	0	0	0	0	1196.02	445.447	0	25.086	26.1842	27.3413	27.4014	27.9711	28.8082	35.5458	35.9182	35.9174	35.9074	43.3222	43.3057	0.118754	0.112161	0.117588	0.113703	0.10826	0.074771	0.042564	99	0	0
setup	0	2022-05-12 23:00:00	0	0	0	3.32718	0	0	0	0.946538	0	0	0	0	0	0	0	0	0	0	1195.08	444.49	0	24.5448	25.7632	26.9749	27.2008	27.8094	28.7464	35.5458	35.916	35.9153	35.9058	43.3209	43.3051	0.121269	0.114201	0.118995	0.11479	0.108652	0.0747808	0.0425708	99	0	0
setup	0	2022-05-13 23:00:00	0	0	0	3.22128	0	0	0	0.903485	0	0	0	0	0	0	0	0	0	0	1194.17	443.575	0	24.0338	25.362	26.6243	27.008	27.6535	28.6864	35.5458	35.914	35.9132	35.9042	43.3196	43.3045	0.123729	0.116193	0.120366	0.11585	0.109034	0.0747901	0.0425773	99	0	0
setup	0	2022-05-14 23:00:00	0	0	0	3.19678	0	0	0	0.884194	0	0	0	0	0	0	0	0	0	0	1193.29	442.681	0	23.5392	24.9702	26.2805	26.8179	27.4994	28.6267	35.5458	35.912	35.9113	35.9026	43.3183	43.3039	0.126196	0.118188	0.121737	0.116909	0.109415	0.074799	0.0425836	99	0	0
setup	0	2022-05-15 23:00:00	0	0	0	3.29166	0	0	0	0.897672	0	0	0	0	0	0	0	0	0	0	1192.39	441.773	0	23.0426	24.5732	25.9306	26.6236	27.3414	28.5652	35.5458	35.9101	35.9095	35.9011	43.3172	43.3033	0.128762	0.120261	0.12316	0.118007	0.10981	0.0748075	0.0425896	99	0	0
setup	0	2022-05-16 23:00:00	0	0	0	3.20141	0	0	0	0.86077	0	0	0	0	0	0	0	0	0	0	1191.53	440.902	0	22.5715	24.1933	25.5945	26.4361	27.1884	28.5052	35.5458	35.9084	35.9077	35.8997	43.316	43.3027	0.131285	0.122296	0.124554	0.119082	0.110196	0.0748156	0.0425954	99	0	0
setup	0	2022-05-17 23:00:00	0	0	0	2.98699	0	0	0	0.792311	0	0	0	0	0	0	0	0	0	0	1190.74	440.101	0	22.1424	23.8444	25.2845	26.2623	27.0463	28.4492	35.5458	35.9066	35.906	35.8984	43.3149	43.3021	0.133663	0.124213	0.125863	0.120092	0.110558	0.0748234	0.042601	99	0	0
setup	0	2022-05-18 23:00:00	0	0	0	3.02987	0	0	0	0.793165	0	0	0	0	0	0	0	0	0	0	1189.94	439.299	0	21.7172	23.4958	24.9736	26.0874	26.9028	28.3922	35.5458	35.905	35.9044	35.8971	43.3139	43.3015	0.136102	0.126174	0.127201	0.121122	0.110927	0.0748309	0.0426064	99	0	0
setup	0	2022-05-19 23:00:00	0	0	0	2.98995	0	0	0	0.77244	0	0	0	0	0	0	0	0	0	0	1189.17	438.518	0	21.3073	23.1571	24.6703	25.9159	26.7618	28.336	35.5458	35.9034	35.9028	35.8958	43.3128	43.301	0.138533	0.128128	0.12853	0.122146	0.111294	0.074838	0.0426117	99	0	0
setup	0	2022-05-20 23:00:00	0	0	0	2.95351	0	0	0	0.75312	0	0	0	0	0	0	0	0	0	0	1188.42	437.756	0	20.9116	22.8276	24.3742	25.7478	26.6232	28.2803	35.5458	35.9019	35.9014	35.8946	43.3118	43.3004	0.140961	0.130075	0.129852	0.123163	0.111657	0.0748449	0.0426167	99	0	0
setup	0	2022-05-21 23:00:00	0	0	0	3.21739	0	0	0	0.809358	0	0	0	0	0	0	0	0	0	0	1187.61	436.939	0	20.4907	22.4742	24.0554	25.566	26.4729	28.2196	35.5458	35.9005	35.8999	35.8935	43.3109	43.2999	0.143635	0.132218	0.131303	0.124279	0.112056	0.0748515	0.0426216	99	0	0
setup	0	2022-05-22 23:00:00	0	0	0	3.29497	0	0	0	0.817062	0	0	0	0	0	0	0	0	0	0	1186.79	436.114	0	20.0704	22.1185	23.7332	25.3814	26.3197	28.1574	35.5458	35.8991	35.8986	35.8924	43.3099	43.2994	0.146407	0.134434	0.132799	0.125429	0.112466	0.0748578	0.0426264	99	0	0
setup	0	2022-05-23 23:00:00	0	0	0	3.35876	0	0	0	0.820734	0	0	0	0	0	0	0	0	0	0	1185.97	435.286	0	19.653	21.7621	23.409	25.1948	26.1645	28.0939	35.5458	35.8977	35.8972	35.8913	43.309	43.2989	0.149268	0.136719	0.134337	0.126609	0.112886	0.0748639	0.0426309	99	0	0
setup	0	2022-05-24 23:00:00	0	0	0	3.59252	0	0	0	0.864476	0	0	0	0	0	0	0	0	0	0	1185.11	434.414	0	19.2183	21.3878	23.0671	24.997	25.9994	28.0259	35.5458	35.8964	35.896	35.8903	43.3082	43.2984	0.152369	0.13919	0.135994	0.127881	0.113338	0.0748697	0.0426353	99	0	0
setup	0	2022-05-25 23:00:00	0	0	0	3.30464	0	0	0	0.78312	0	0	0	0	0	0	0	0	0	0	1184.32	433.624	0	18.829	21.0497	22.7569	24.8167	25.8484	27.9632	35.5458	35.8952	35.8948	35.8893	43.3073	43.2979	0.15526	0.141489	0.137531	0.129059	0.113756	0.0748753	0.0426396	99	0	0
setup	0	2022-05-26 23:00:00	0	0	0	3.3546	0	0	0	0.783302	0	0	0	0	0	0	0	0	0	0	1183.54	432.834	0	18.444	20.7125	22.4464	24.6354	25.696	27.8996	35.5458	35.894	35.8936	35.8883	43.3065	43.2975	0.158233	0.143849	0.139103	0.130263	0.114182	0.0748806	0.0426437	99	0	0
setup	0	2022-05-27 23:00:00	0	0	0	3.34918	0	0	0	0.770475	0	0	0	0	0	0	0	0	0	0	1182.77	432.057	0	18.0695	20.3818	22.1405	24.4559	25.5448	27.836	35.5458	35.8929	35.8925	35.8874	43.3058	43.297	0.161241	0.146233	0.140685	0.131474	0.114611	0.0748858	0.0426477	99	0	0
setup	0	2022-05-28 23:00:00	0	0.3	0.291345	3.2089	0	0	0.0086552	0.700605	0.125049	0	0	0.166296	0	0	0	0	0	0	1182.24	431.517	0	18.1692	20.0851	21.8649	24.2934	25.4075	27.7779	35.5459	35.8918	35.8914	35.8865	43.305	43.2966	0.164022	0.148434	0.14214	0.132587	0.115003	0.0748907	0.0426514	99	0	0
setup	0	2022-05-29 23:00:00	0	0	0	3.16898	0	0	0	0.711982	0	0	0	0	0	0	0	0	0	0	1181.52	430.799	0	17.8211	19.7831	21.5835	24.1268	25.2662	27.7178	35.5459	35.8908	35.8904	35.8857	43.3043	43.2962	0.166938	0.150735	0.143656	0.133745	0.115412	0.0748955	0.0426551	99	0	0
setup	0	2022-05-30 23:00:00	0	0	0	3.10319	0	0	0	0.687502	0	0	0	0	0	0	0	0	0	0	1180.84	430.106	0	17.4885	19.4923	21.3115	23.9651	25.1287	27.6589	35.5459	35.8898	35.8894	35.8849	43.3036	43.2958	0.169829	0.153014	0.145152	0.134887	0.115814	0.0749001	0.0426587	99	0	0
setup	0	2022-05-31 23:00:00	0	0	0	3.04782	0	0	0	0.666011	0	0	0	0	0	0	0	0	0	0	1180.17	429.434	0	17.1695	19.2115	21.0478	23.8076	24.9945	27.6009	35.5459	35.8888	35.8884	35.8841	43.3029	43.2954	0.172706	0.155277	0.146631	0.136016	0.11621	0.0749045	0.0426621	99	0	0
setup	0	2022-06-01 23:00:00	0	0	0	3.04248	0	0	0	0.655847	0	0	0	0	0	0	0	0	0	0	1179.51	428.773	0	16.8586	18.9357	20.7879	23.6517	24.8612	27.5431	35.5459	35.8878	35.8875	35.8833	43.3023	43.295	0.175614	0.15756	0.148119	0.13715	0.116607	0.0749088	0.0426654	99	0	0
setup	0	2022-06-02 23:00:00	0	0	0	3.13374	0	0	0	0.66625	0	0	0	0	0	0	0	0	0	0	1178.85	428.102	0	16.5459	18.6564	20.5238	23.4926	24.7248	27.4835	35.5459	35.8869	35.8866	35.8826	43.3016	43.2947	0.178648	0.159938	0.149661	0.138325	0.117019	0.0749129	0.0426686	99	0	0
setup	0	2022-06-03 23:00:00	0	0	0	3.00941	0	0	0	0.631062	0	0	0	0	0	0	0	0	0	0	1178.22	427.466	0	16.2528	18.3927	20.2735	23.3412	24.5946	27.4263	35.5459	35.8861	35.8858	35.8819	43.301	43.2943	0.181599	0.162248	0.151153	0.13946	0.117415	0.0749168	0.0426717	99	0	0
setup	0	2022-06-04 23:00:00	0	0	0	2.86465	0	0	0	0.592836	0	0	0	0	0	0	0	0	0	0	1177.62	426.868	0	15.9801	18.1458	20.0382	23.1984	24.4714	27.3718	35.5459	35.8852	35.8849	35.8812	43.3004	43.294	0.184444	0.164469	0.152583	0.140547	0.117795	0.0749206	0.0426747	99	0	0
setup	0	2022-06-05 23:00:00	0	0	0	2.96779	0	0	0	0.606202	0	0	0	0	0	0	0	0	0	0	1177.02	426.257	0	15.7039	17.894	19.7976	23.0516	24.3445	27.3154	35.5459	35.8844	35.8841	35.8805	43.2999	43.2936	0.187429	0.166796	0.154074	0.14168	0.118189	0.0749242	0.0426775	99	0	0
setup	0	2022-06-06 23:00:00	0	0	0	2.97455	0	0	0	0.599531	0	0	0	0	0	0	0	0	0	0	1176.42	425.653	0	15.4334	17.6458	19.5596	22.9059	24.2182	27.2588	35.5459	35.8837	35.8834	35.8799	43.2993	43.2933	0.190458	0.169153	0.155579	0.142822	0.118586	0.0749278	0.0426803	99	0	0
setup	0	2022-06-07 23:00:00	0	0	0	2.91245	0	0	0	0.579299	0	0	0	0	0	0	0	0	0	0	1175.84	425.07	0	15.1746	17.4067	19.3295	22.7645	24.0952	27.2035	35.5459	35.8829	35.8826	35.8793	43.2988	43.293	0.193463	0.171487	0.157062	0.143947	0.118976	0.0749312	0.042683	99	0	0
setup	0	2022-06-08 23:00:00	0	0	0	2.92783	0	0	0	0.574764	0	0	0	0	0	0	0	0	0	0	1175.26	424.491	0	14.9203	17.1702	19.1012	22.6235	23.9723	27.1478	35.5459	35.8822	35.8819	35.8787	43.2983	43.2927	0.196522	0.173858	0.158562	0.145084	0.11937	0.0749344	0.0426856	99	0	0
setup	0	2022-06-09 23:00:00	0	0	0	3.03968	0	0	0	0.588773	0	0	0	0	0	0	0	0	0	0	1174.68	423.898	0	14.6624	16.9288	18.8673	22.4786	23.8456	27.09	35.5459	35.8815	35.8812	35.8781	43.2978	43.2924	0.19974	0.176348	0.160131	0.146272	0.11978	0.0749376	0.042688	99	0	0
setup	0	2022-06-10 23:00:00	0	0	0	2.85881	0	0	0	0.546432	0	0	0	0	0	0	0	0	0	0	1174.13	423.348	0	14.4253	16.7055	18.6503	22.3435	23.7272	27.0357	35.5459	35.8808	35.8806	35.8776	43.2973	43.2922	0.202806	0.178716	0.161616	0.147396	0.120168	0.0749406	0.0426904	99	0	0
setup	0	2022-06-11 23:00:00	0	0	0	2.99641	0	0	0	0.565242	0	0	0	0	0	0	0	0	0	0	1173.56	422.779	0	14.1825	16.4753	18.4257	22.2033	23.6038	26.9788	35.5459	35.8802	35.88	35.8771	43.2969	43.2919	0.206061	0.181225	0.163183	0.14858	0.120576	0.0749435	0.0426927	99	0	0
setup	0	2022-06-12 23:00:00	0	0	0	3.07904	0	0	0	0.572946	0	0	0	0	0	0	0	0	0	0	1172.99	422.202	0	13.9388	16.2427	18.1982	22.0605	23.478	26.9203	35.5459	35.8796	35.8793	35.8766	43.2964	43.2916	0.209451	0.183834	0.164804	0.149805	0.120996	0.0749463	0.042695	99	0	0
setup	0	2022-06-13 23:00:00	0	0	0	2.93942	0	0	0	0.539596	0	0	0	0	0	0	0	0	0	0	1172.45	421.659	0	13.7115	16.0245	17.9839	21.9255	23.3586	26.8645	35.5459	35.879	35.8788	35.8761	43.296	43.2914	0.212732	0.186353	0.166362	0.150981	0.121399	0.074949	0.0426971	99	0	0
setup	0	2022-06-14 23:00:00	0	0	0	2.8843	0	0	0	0.522574	0	0	0	0	0	0	0	0	0	0	1171.93	421.134	0	13.4936	15.8139	17.7764	21.7943	23.2423	26.8098	35.5459	35.8784	35.8782	35.8756	43.2956	43.2912	0.215993	0.188853	0.167901	0.152141	0.121797	0.0749516	0.0426992	99	0	0
setup	0	2022-06-15 23:00:00	0	0	0	3.08055	0	0	0	0.550693	0	0	0	0	0	0	0	0	0	0	1171.38	420.58	0	13.2661	15.5928	17.5578	21.6556	23.1189	26.7514	35.5459	35.8778	35.8776	35.8752	43.2952	43.2909	0.219523	0.191554	0.169555	0.153388	0.122222	0.0749542	0.0427012	99	0	0
setup	0	2022-06-16 23:00:00	0	0	0	3.02362	0	0	0	0.53313	0	0	0	0	0	0	0	0	0	0	1170.84	420.043	0	13.0482	15.3795	17.3463	21.5207	22.9986	26.6941	35.5459	35.8773	35.8771	35.8747	43.2948	43.2907	0.223037	0.194236	0.17119	0.154618	0.122642	0.0749566	0.0427031	99	0	0
setup	0	2022-06-17 23:00:00	0	0	0	3.07528	0	0	0	0.534841	0	0	0	0	0	0	0	0	0	0	1170.31	419.506	0	12.8317	15.1663	17.1341	21.3849	22.8772	26.6359	35.5459	35.8768	35.8766	35.8743	43.2945	43.2905	0.22666	0.196997	0.172864	0.155878	0.12307	0.0749589	0.042705	99	0	0
setup	0	2022-06-18 23:00:00	0	0	0	2.9667	0	0	0	0.508976	0	0	0	0	0	0	0	0	0	0	1169.8	418.994	0	12.6278	14.9642	16.9323	21.2552	22.7609	26.5797	35.5459	35.8763	35.8761	35.8739	43.2941	43.2903	0.230203	0.199692	0.17449	0.157099	0.123484	0.0749612	0.0427067	99	0	0
setup	0	2022-06-19 23:00:00	0	0	0	2.977	0	0	0	0.50395	0	0	0	0	0	0	0	0	0	0	1169.3	418.487	0	12.4278	14.7649	16.7327	21.1264	22.645	26.5235	35.5459	35.8758	35.8757	35.8735	43.2938	43.2901	0.233808	0.202428	0.176131	0.158332	0.123902	0.0749633	0.0427085	99	0	0
setup	0	2022-06-20 23:00:00	0	0	0	2.87374	0	0	0	0.480094	0	0	0	0	0	0	0	0	0	0	1168.82	418.004	0	12.2392	14.5757	16.5425	21.0032	22.5339	26.4692	35.5459	35.8754	35.8752	35.8731	43.2935	43.2899	0.237335	0.2051	0.177727	0.159529	0.124306	0.0749654	0.0427101	99	0	0
setup	0	2022-06-21 23:00:00	0	0	0	2.87028	0	0	0	0.473352	0	0	0	0	0	0	0	0	0	0	1168.34	417.528	0	12.055	14.3899	16.3552	20.8814	22.4238	26.415	35.5459	35.8749	35.8748	35.8728	43.2931	43.2897	0.240904	0.207798	0.17933	0.160731	0.124712	0.0749675	0.0427117	99	0	0
setup	0	2022-06-22 23:00:00	0	0	0	2.90467	0	0	0	0.472835	0	0	0	0	0	0	0	0	0	0	1167.87	417.053	0	11.8727	14.205	16.1682	20.7594	22.3131	26.3603	35.5459	35.8745	35.8743	35.8724	43.2928	43.2895	0.244564	0.210561	0.180962	0.161954	0.125123	0.0749694	0.0427133	99	0	0
setup	0	2022-06-23 23:00:00	0	0	0	2.86856	0	0	0	0.460923	0	0	0	0	0	0	0	0	0	0	1167.41	416.59	0	11.6967	14.0254	15.986	20.64	22.2046	26.3062	35.5459	35.8741	35.8739	35.8721	43.2926	43.2893	0.248228	0.213321	0.182584	0.163168	0.125531	0.0749713	0.0427148	99	0	0
setup	0	2022-06-24 23:00:00	0	0	0	2.8445	0	0	0	0.451215	0	0	0	0	0	0	0	0	0	0	1166.96	416.136	0	11.5261	13.8503	15.8078	20.5228	22.0977	26.2527	35.5459	35.8737	35.8735	35.8718	43.2923	43.2892	0.251909	0.216089	0.184203	0.164379	0.125937	0.0749731	0.0427162	99	0	0
setup	0	2022-06-25 23:00:00	0	0.1	0.0913448	2.67623	0	0	0.0086552	0.403698	0.0913448	0	0	0	0	0	0	0	0	0	1166.55	415.731	0	11.3748	13.6942	15.6485	20.4177	22.0016	26.2043	35.5459	35.8733	35.8732	35.8714	43.292	43.289	0.255285	0.218623	0.185677	0.165481	0.126305	0.0749748	0.0427176	99	0	0
setup	0	2022-06-26 23:00:00	0	0	0	2.89784	0	0	0	0.448546	0	0	0	0	0	0	0	0	0	0	1166.11	415.28	0	11.2082	13.5214	15.4717	20.3006	21.8942	26.1499	35.5459	35.8729	35.8728	35.8711	43.2917	43.2889	0.259132	0.221505	0.187345	0.166727	0.126721	0.0749765	0.0427189	99	0	0
setup	0	2022-06-27 23:00:00	0	0	0	2.82738	0	0	0	0.432036	0	0	0	0	0	0	0	0	0	0	1165.67	414.846	0	11.0493	13.3556	15.3015	20.1874	21.7902	26.0968	35.5459	35.8726	35.8724	35.8708	43.2915	43.2887	0.262936	0.22435	0.188982	0.167949	0.127128	0.0749781	0.0427202	99	0	0
setup	0	2022-06-28 23:00:00	0	0	0	2.77587	0	0	0	0.418853	0	0	0	0	0	0	0	0	0	0	1165.26	414.425	0	10.8966	13.1955	15.1366	20.0774	21.6889	26.0448	35.5459	35.8722	35.8721	35.8706	43.2912	43.2886	0.266719	0.227174	0.190599	0.169156	0.127529	0.0749797	0.0427215	99	0	0
setup	0	2022-06-29 23:00:00	0	0	0	2.61464	0	0	0	0.389767	0	0	0	0	0	0	0	0	0	0	1164.87	414.033	0	10.7559	13.0471	14.9834	19.9748	21.5941	25.9959	35.5459	35.8719	35.8718	35.8703	43.291	43.2884	0.270329	0.229863	0.192131	0.170297	0.127908	0.0749812	0.0427227	99	0	0
setup	0	2022-06-30 23:00:00	0	0	0	2.56672	0	0	0	0.378193	0	0	0	0	0	0	0	0	0	0	1164.49	413.653	0	10.6205	12.9036	14.8348	19.875	21.5016	25.9479	35.5459	35.8716	35.8715	35.87	43.2908	43.2883	0.273915	0.232531	0.193643	0.171424	0.128281	0.0749826	0.0427238	99	0	0
setup	0	2022-07-01 23:00:00	0	0	0	2.8018	0	0	0	0.407893	0	0	0	0	0	0	0	0	0	0	1164.08	413.244	0	10.4757	12.7495	14.6747	19.7671	21.4014	25.8956	35.5459	35.8713	35.8712	35.8698	43.2906	43.2882	0.277881	0.235475	0.195302	0.172659	0.128689	0.074984	0.0427249	99	0	0
setup	0	2022-07-02 23:00:00	0	0	0	2.58739	0	0	0	0.372142	0	0	0	0	0	0	0	0	0	0	1163.71	412.87	0	10.3448	12.6094	14.5289	19.6684	21.3096	25.8474	35.5459	35.871	35.8709	35.8695	43.2903	43.288	0.281589	0.238224	0.196843	0.173805	0.129067	0.0749854	0.042726	99	0	0
setup	0	2022-07-03 23:00:00	0	0	0	2.82256	0	0	0	0.401079	0	0	0	0	0	0	0	0	0	0	1163.31	412.467	0	10.2051	12.459	14.3718	19.5618	21.2101	25.7948	35.5459	35.8707	35.8706	35.8693	43.2901	43.2879	0.285687	0.241256	0.198533	0.175062	0.129481	0.0749867	0.042727	99	0	0
setup	0	2022-07-04 23:00:00	0	0	0	2.94649	0	0	0	0.413313	0	0	0	0	0	0	0	0	0	0	1162.89	412.052	0	10.0624	12.3047	14.2102	19.4516	21.107	25.7401	35.5459	35.8704	35.8703	35.8691	43.2899	43.2878	0.290024	0.244459	0.200308	0.176381	0.129914	0.0749879	0.042728	99	0	0
setup	0	2022-07-05 23:00:00	0	0	0	2.8382	0	0	0	0.392991	0	0	0	0	0	0	0	0	0	0	1162.5	411.658	0	9.92807	12.1586	14.0567	19.3466	21.0085	25.6874	35.5459	35.8701	35.8701	35.8689	43.2898	43.2877	0.294259	0.24758	0.202028	0.177658	0.130332	0.0749891	0.042729	99	0	0
setup	0	2022-07-06 23:00:00	0	0	0	2.72834	0	0	0	0.373096	0	0	0	0	0	0	0	0	0	0	1162.13	411.283	0	9.80172	12.0205	13.9112	19.2468	20.9145	25.6368	35.5459	35.8699	35.8698	35.8686	43.2896	43.2876	0.298384	0.250615	0.203691	0.178892	0.130736	0.0749903	0.0427299	99	0	0
setup	0	2022-07-07 23:00:00	0	0	0	2.89344	0	0	0	0.390732	0	0	0	0	0	0	0	0	0	0	1161.74	410.891	0	9.67065	11.8765	13.759	19.1419	20.8156	25.5832	35.5459	35.8696	35.8696	35.8684	43.2894	43.2875	0.302818	0.253871	0.205464	0.180207	0.131165	0.0749914	0.0427308	99	0	0
setup	0	2022-07-08 23:00:00	0	0	0	2.57762	0	0	0	0.343839	0	0	0	0	0	0	0	0	0	0	1161.39	410.546	0	9.55636	11.7502	13.6253	19.0495	20.7281	25.5356	35.5459	35.8694	35.8693	35.8683	43.2892	43.2874	0.30682	0.256805	0.207053	0.181384	0.131548	0.0749925	0.0427317	99	0	0
setup	0	2022-07-09 23:00:00	0	0	0	2.5349	0	0	0	0.334298	0	0	0	0	0	0	0	0	0	0	1161.06	410.21	0	9.4462	11.628	13.4954	18.9594	20.6427	25.4888	35.5459	35.8692	35.8691	35.8681	43.2891	43.2873	0.310804	0.25972	0.208622	0.182547	0.131926	0.0749935	0.0427325	99	0	0
setup	0	2022-07-10 23:00:00	0	0	0	2.62754	0	0	0	0.342547	0	0	0	0	0	0	0	0	0	0	1160.72	409.866	0	9.3343	11.5033	13.3625	18.8669	20.5548	25.4404	35.5459	35.869	35.8689	35.8679	43.2889	43.2872	0.314985	0.262775	0.210258	0.183758	0.132319	0.0749945	0.0427333	99	0	0
setup	0	2022-07-11 23:00:00	0	0	0	2.71517	0	0	0	0.349779	0	0	0	0	0	0	0	0	0	0	1160.37	409.515	0	9.22106	11.3764	13.227	18.7723	20.4647	25.3904	35.5459	35.8687	35.8687	35.8677	43.2888	43.2871	0.319362	0.265966	0.211957	0.185015	0.132726	0.0749955	0.0427341	99	0	0
setup	0	2022-07-12 23:00:00	0	0	0	2.81667	0	0	0	0.35841	0	0	0	0	0	0	0	0	0	0	1160.01	409.156	0	9.1061	11.247	13.0884	18.6752	20.3719	25.3387	35.5459	35.8685	35.8685	35.8675	43.2886	43.287	0.323962	0.269315	0.213729	0.186326	0.133149	0.0749964	0.0427348	99	0	0
setup	0	2022-07-13 23:00:00	0	0	0	2.50456	0	0	0	0.314929	0	0	0	0	0	0	0	0	0	0	1159.69	408.84	0	9.00599	11.1337	12.9667	18.5897	20.29	25.2928	35.5459	35.8683	35.8683	35.8674	43.2885	43.2869	0.328105	0.272325	0.215313	0.187497	0.133526	0.0749973	0.0427355	99	0	0
setup	0	2022-07-14 23:00:00	0	0	0	2.87028	0	0	0	0.356636	0	0	0	0	0	0	0	0	0	0	1159.34	408.482	0	8.89365	11.006	12.8292	18.4927	20.1968	25.2402	35.5459	35.8681	35.8681	35.8672	43.2883	43.2868	0.332915	0.275815	0.217138	0.188845	0.13396	0.0749982	0.0427362	99	0	0
setup	0	2022-07-15 23:00:00	0	0	0	2.92552	0	0	0	0.358846	0	0	0	0	0	0	0	0	0	0	1158.98	408.122	0	8.78172	10.8781	12.6911	18.3949	20.1027	25.1868	35.5459	35.868	35.8679	35.8671	43.2882	43.2868	0.337887	0.279414	0.219008	0.190225	0.134403	0.0749991	0.0427369	99	0	0
setup	0	2022-07-16 23:00:00	0	0.1	0.0913448	2.89126	0	0	0.0086552	0.338054	0.0913448	0	0	0	0	0	0	0	0	0	1158.64	407.783	0	8.67729	10.7582	12.5612	18.3026	20.0136	25.1359	35.5459	35.8678	35.8677	35.8669	43.2881	43.2867	0.342697	0.282889	0.220801	0.191549	0.134828	0.0749999	0.0427375	99	0	0
setup	0	2022-07-17 23:00:00	0	0	0	2.81229	0	0	0	0.336389	0	0	0	0	0	0	0	0	0	0	1158.3	407.445	0	8.57436	10.6394	12.4322	18.2107	19.9245	25.0847	35.5459	35.8676	35.8676	35.8668	43.2879	43.2866	0.347608	0.286432	0.222618	0.192889	0.135256	0.0750006	0.0427382	99	0	0
setup	0	2022-07-18 23:00:00	0	0	0	2.61496	0	0	0	0.309038	0	0	0	0	0	0	0	0	0	0	1157.99	407.135	0	8.48068	10.5308	12.3138	18.126	19.8424	25.0372	35.5459	35.8674	35.8674	35.8666	43.2878	43.2865	0.352235	0.289763	0.224316	0.194141	0.135656	0.0750014	0.0427388	99	0	0
setup	0	2022-07-19 23:00:00	0	0	0	2.78685	0	0	0	0.325439	0	0	0	0	0	0	0	0	0	0	1157.67	406.809	0	8.38292	10.4169	12.1895	18.0367	19.7555	24.9866	35.5459	35.8673	35.8672	35.8665	43.2877	43.2865	0.357232	0.293354	0.226135	0.195482	0.136082	0.0750021	0.0427393	99	0	0
setup	0	2022-07-20 23:00:00	0	0	0	2.68223	0	0	0	0.309451	0	0	0	0	0	0	0	0	0	0	1157.36	406.499	0	8.29083	10.309	12.0714	17.9517	19.6725	24.938	35.5459	35.8671	35.8671	35.8664	43.2876	43.2864	0.362105	0.29685	0.227894	0.196778	0.136494	0.0750028	0.0427399	99	0	0
setup	0	2022-07-21 23:00:00	0	0.1	0.0913448	2.60862	0	0	0.0086552	0.286116	0.0913448	0	0	0	0	0	0	0	0	0	1157.07	406.212	0	8.20643	10.2098	11.9624	17.873	19.5955	24.8927	35.5459	35.867	35.8669	35.8663	43.2875	43.2863	0.36672	0.300155	0.229548	0.197995	0.13688	0.0750035	0.0427404	99	0	0
setup	0	2022-07-22 23:00:00	0	0	0	2.72039	0	0	0	0.30671	0	0	0	0	0	0	0	0	0	0	1156.77	405.904	0	8.11677	10.1039	11.8459	17.7885	19.5126	24.8436	35.5459	35.8668	35.8668	35.8662	43.2874	43.2863	0.371788	0.303779	0.231349	0.199321	0.1373	0.0750041	0.0427409	99	0	0
setup	0	2022-07-23 23:00:00	0	0	0	2.57469	0	0	0	0.286908	0	0	0	0	0	0	0	0	0	0	1156.48	405.617	0	8.03365	10.0052	11.737	17.7093	19.4348	24.7973	35.5459	35.8667	35.8667	35.866	43.2873	43.2862	0.376647	0.307247	0.233062	0.200582	0.137698	0.0750048	0.0427414	99	0	0
setup	0	2022-07-24 23:00:00	0	0	0	2.66926	0	0	0	0.294031	0	0	0	0	0	0	0	0	0	0	1156.18	405.322	0	7.94923	9.90457	11.6257	17.6281	19.3548	24.7493	35.5459	35.8666	35.8665	35.8659	43.2872	43.2862	0.38175	0.310882	0.234846	0.201894	0.138112	0.0750054	0.0427419	99	0	0
setup	0	2022-07-25 23:00:00	0	0	0	2.76913	0	0	0	0.301405	0	0	0	0	0	0	0	0	0	0	1155.88	405.02	0	7.8635	9.80189	11.5117	17.5447	19.2724	24.6997	35.5459	35.8664	35.8664	35.8658	43.2871	43.2861	0.387113	0.314697	0.236706	0.203262	0.138543	0.0750059	0.0427424	99	0	0
setup	0	2022-07-26 23:00:00	0	0	0	2.73668	0	0	0	0.294288	0	0	0	0	0	0	0	0	0	0	1155.59	404.725	0	7.78058	9.7021	11.4008	17.4632	19.1916	24.6507	35.5459	35.8663	35.8663	35.8657	43.287	43.2861	0.392485	0.318511	0.238553	0.20462	0.138969	0.0750065	0.0427428	99	0	0
setup	0	2022-07-27 23:00:00	0	0	0	2.84872	0	0	0	0.302604	0	0	0	0	0	0	0	0	0	0	1155.29	404.421	0	7.69613	9.6	11.2869	17.3792	19.1083	24.5998	35.5459	35.8662	35.8662	35.8656	43.2869	43.286	0.398154	0.322528	0.240485	0.206039	0.139414	0.075007	0.0427433	99	0	0
setup	0	2022-07-28 23:00:00	0	0	0	2.73885	0	0	0	0.287386	0	0	0	0	0	0	0	0	0	0	1155	404.133	0	7.6167	9.50351	11.179	17.2994	19.0288	24.551	35.5459	35.8661	35.8661	35.8655	43.2869	43.286	0.403679	0.326436	0.242351	0.20741	0.139843	0.0750076	0.0427437	99	0	0
setup	0	2022-07-29 23:00:00	0	0	0	2.79584	0	0	0	0.289832	0	0	0	0	0	0	0	0	0	0	1154.71	403.843	0	7.53735	9.40666	11.0704	17.2189	18.9484	24.5013	35.5459	35.866	35.8659	35.8654	43.2868	43.2859	0.409396	0.330472	0.244266	0.208816	0.140282	0.0750081	0.0427441	99	0	0
setup	0	2022-07-30 23:00:00	0	0	0	2.82189	0	0	0	0.28896	0	0	0	0	0	0	0	0	0	0	1154.42	403.553	0	7.45901	9.3106	10.9624	17.1384	18.8678	24.4512	35.5459	35.8659	35.8658	35.8654	43.2867	43.2859	0.415245	0.334595	0.246207	0.210242	0.140726	0.0750085	0.0427445	99	0	0
setup	0	2022-07-31 23:00:00	0	0.2	0.191345	2.70173	0	0	0.0086552	0.263621	0.103917	0	0	0.0874281	0	0	0	0	0	0	1154.24	403.376	0	7.61823	9.22466	10.8654	17.0659	18.795	24.4056	35.5459	35.8658	35.8657	35.8653	43.2866	43.2858	0.420636	0.338392	0.247985	0.211548	0.141133	0.075009	0.0427448	99	0	0
setup	0	2022-08-01 23:00:00	0	0	0	2.82755	0	0	0	0.284501	0	0	0	0	0	0	0	0	0	0	1153.96	403.091	0	7.53787	9.13161	10.7602	16.9871	18.7157	24.3557	35.5459	35.8657	35.8656	35.8652	43.2866	43.2858	0.426649	0.342615	0.249947	0.212988	0.14158	0.0750094	0.0427452	99	0	0
setup	0	2022-08-02 23:00:00	0	0	0	2.60944	0	0	0	0.259445	0	0	0	0	0	0	0	0	0	0	1153.7	402.831	0	7.46528	9.04716	10.6645	16.9151	18.6431	24.3097	35.5459	35.8656	35.8655	35.8651	43.2865	43.2858	0.432273	0.346558	0.251765	0.214322	0.141993	0.0750099	0.0427455	99	0	0
setup	0	2022-08-03 23:00:00	0	0	0	2.52216	0	0	0	0.247969	0	0	0	0	0	0	0	0	0	0	1153.45	402.583	0	7.39652	8.96682	10.5732	16.8463	18.5735	24.2654	35.5459	35.8655	35.8655	35.865	43.2864	43.2857	0.437777	0.35041	0.25353	0.215616	0.142393	0.0750103	0.0427459	99	0	0
setup	0	2022-08-04 23:00:00	0	1.72	1.71134	3.1545	0	0	0.0086552	0.326475	0.122782	0	0	1.58856	0	0	0	0	0	0	1154.71	403.843	0	9.83873	9.20128	10.4784	16.773	18.4981	24.2163	35.5461	35.8655	35.8654	35.865	43.2865	43.2858	0.422129	0.354511	0.255436	0.217034	0.142839	0.0750103	0.0427457	99	0	0
setup	0	2022-08-05 23:00:00	0	0	0	2.71329	0	0	0	0.288534	0	0	0	0	0	0	0	0	0	0	1154.43	403.554	0	9.49376	9.36281	10.384	16.7014	18.4253	24.1693	35.5461	35.8654	35.8654	35.865	43.2864	43.2857	0.412043	0.358701	0.257329	0.218423	0.143267	0.0750107	0.042746	99	0	0
setup	0	2022-08-06 23:00:00	0	0	0	2.57093	0	0	0	0.269988	0	0	0	0	0	0	0	0	0	0	1154.16	403.284	0	9.34163	9.32311	10.2957	16.6342	18.3568	24.1249	35.5461	35.8653	35.8653	35.8649	43.2863	43.2857	0.414473	0.362716	0.259131	0.219744	0.143673	0.0750111	0.0427463	99	0	0
setup	0	2022-08-07 23:00:00	0	0	0	2.64504	0	0	0	0.274465	0	0	0	0	0	0	0	0	0	0	1153.88	403.009	0	9.22778	9.23801	10.2061	16.5657	18.2869	24.0794	35.5461	35.8652	35.8652	35.8648	43.2863	43.2857	0.419788	0.366894	0.260993	0.221109	0.144093	0.0750115	0.0427466	99	0	0
setup	0	2022-08-08 23:00:00	0	0	0	2.43079	0	0	0	0.249324	0	0	0	0	0	0	0	0	0	0	1153.63	402.759	0	9.12822	9.15828	10.1248	16.5034	18.2232	24.0376	35.5461	35.8652	35.8651	35.8648	43.2862	43.2856	0.424906	0.370775	0.262711	0.222369	0.144479	0.0750118	0.0427469	99	0	0
setup	0	2022-08-09 23:00:00	0	0	0	2.50819	0	0	0	0.254387	0	0	0	0	0	0	0	0	0	0	1153.38	402.504	0	9.02747	9.07724	10.0419	16.4398	18.1579	23.9945	35.5461	35.8651	35.8651	35.8647	43.2862	43.2856	0.430251	0.374823	0.26449	0.223674	0.144878	0.0750122	0.0427471	99	0	0
setup	0	2022-08-10 23:00:00	0	0.1	0.0913448	2.69055	0	0	0.0086552	0.259715	0.0913448	0	0	0	0	0	0	0	0	0	1153.12	402.244	0	8.92546	8.99482	9.95746	16.3747	18.091	23.9501	35.5461	35.865	35.865	35.8647	43.2861	43.2856	0.435842	0.379049	0.266336	0.225027	0.145291	0.0750125	0.0427474	99	0	0
setup	0	2022-08-11 23:00:00	0	0	0	2.74418	0	0	0	0.271805	0	0	0	0	0	0	0	0	0	0	1152.85	401.972	0	8.81963	8.90891	9.86921	16.3065	18.0206	23.9032	35.5461	35.8649	35.8649	35.8646	43.2861	43.2855	0.441842	0.383578	0.268299	0.226466	0.14573	0.0750128	0.0427476	99	0	0
setup	0	2022-08-12 23:00:00	0	0	0	2.71865	0	0	0	0.265959	0	0	0	0	0	0	0	0	0	0	1152.58	401.706	0	8.71701	8.82521	9.783	16.2397	17.9515	23.8568	35.5461	35.8649	35.8648	35.8646	43.286	43.2855	0.447867	0.388118	0.270253	0.227898	0.146166	0.0750131	0.0427479	99	0	0
setup	0	2022-08-13 23:00:00	0	0	0	2.65183	0	0	0	0.256284	0	0	0	0	0	0	0	0	0	0	1152.32	401.449	0	8.619	8.74488	9.70006	16.1752	17.8847	23.8117	35.5461	35.8648	35.8648	35.8645	43.286	43.2855	0.453821	0.392597	0.272166	0.2293	0.146592	0.0750134	0.0427481	99	0	0
setup	0	2022-08-14 23:00:00	0	0	0	2.75883	0	0	0	0.263385	0	0	0	0	0	0	0	0	0	0	1152.06	401.185	0	8.51918	8.66269	9.61497	16.1088	17.8157	23.7648	35.5461	35.8647	35.8647	35.8644	43.2859	43.2855	0.460099	0.397312	0.274164	0.230765	0.147037	0.0750137	0.0427483	99	0	0
setup	0	2022-08-15 23:00:00	0	0	0	2.6352	0	0	0	0.248534	0	0	0	0	0	0	0	0	0	0	1151.81	400.936	0	8.42583	8.58545	9.53482	16.046	17.7503	23.7202	35.5461	35.8647	35.8647	35.8644	43.2859	43.2854	0.466176	0.401868	0.276081	0.23217	0.147462	0.0750139	0.0427486	99	0	0
setup	0	2022-08-16 23:00:00	0	0	0	2.99235	0	0	0	0.278669	0	0	0	0	0	0	0	0	0	0	1151.53	400.657	0	8.32213	8.49925	9.44512	15.9756	17.6768	23.6696	35.5461	35.8646	35.8646	35.8644	43.2859	43.2854	0.473173	0.407105	0.278266	0.233773	0.147947	0.0750142	0.0427488	99	0	0
setup	0	2022-08-17 23:00:00	0	0	0	3.0601	0	0	0	0.281125	0	0	0	0	0	0	0	0	0	0	1151.25	400.376	0	8.21856	8.4127	9.35481	15.9044	17.6022	23.618	35.5461	35.8646	35.8646	35.8643	43.2858	43.2854	0.480436	0.412531	0.280511	0.235419	0.148444	0.0750144	0.042749	99	0	0
setup	0	2022-08-18 23:00:00	0	0	0	2.6877	0	0	0	0.243736	0	0	0	0	0	0	0	0	0	0	1151.01	400.132	0	8.12964	8.33802	9.27667	15.8427	17.5374	23.5728	35.5461	35.8645	35.8645	35.8643	43.2858	43.2854	0.486906	0.417355	0.282491	0.23687	0.148881	0.0750147	0.0427492	99	0	0
setup	0	2022-08-19 23:00:00	0	0	0	2.77586	0	0	0	0.248667	0	0	0	0	0	0	0	0	0	0	1150.76	399.883	0	8.03975	8.26216	9.19711	15.7795	17.4709	23.5262	35.5461	35.8645	35.8645	35.8642	43.2857	43.2853	0.493679	0.422397	0.284543	0.238376	0.149334	0.0750149	0.0427493	99	0	0
setup	0	2022-08-20 23:00:00	0	0	0	2.98332	0	0	0	0.263832	0	0	0	0	0	0	0	0	0	0	1150.5	399.619	0	7.94528	8.18207	9.11287	15.7125	17.4001	23.4763	35.5461	35.8644	35.8644	35.8642	43.2857	43.2853	0.501062	0.427883	0.286758	0.240001	0.149822	0.0750151	0.0427495	99	0	0
setup	0	2022-08-21 23:00:00	0	0	0	3.22254	0	0	0	0.281069	0	0	0	0	0	0	0	0	0	0	1150.21	399.337	0	7.8457	8.09718	9.02334	15.641	17.3244	23.4225	35.5461	35.8644	35.8644	35.8641	43.2857	43.2853	0.50916	0.433889	0.289161	0.241763	0.15035	0.0750154	0.0427497	99	0	0
setup	0	2022-08-22 23:00:00	0	0	0	3.1536	0	0	0	0.271169	0	0	0	0	0	0	0	0	0	0	1149.94	399.066	0	7.75065	8.01572	8.93717	15.5719	17.2511	23.37	35.5461	35.8643	35.8643	35.8641	43.2856	43.2853	0.517211	0.439848	0.291522	0.243496	0.150868	0.0750156	0.0427499	99	0	0
setup	0	2022-08-23 23:00:00	0	0	0	2.8496	0	0	0	0.241769	0	0	0	0	0	0	0	0	0	0	1149.7	398.824	0	7.66677	7.94346	8.86053	15.5102	17.1854	23.3227	35.5461	35.8643	35.8643	35.8641	43.2856	43.2853	0.524594	0.445302	0.293665	0.245069	0.151338	0.0750158	0.04275	99	0	0
setup	0	2022-08-24 23:00:00	0	0	0	2.64133	0	0	0	0.221377	0	0	0	0	0	0	0	0	0	0	1149.48	398.602	0	7.59068	7.87761	8.7905	15.4537	17.1251	23.2789	35.5461	35.8642	35.8642	35.864	43.2856	43.2852	0.53153	0.450418	0.295657	0.246532	0.151774	0.075016	0.0427502	99	0	0
setup	0	2022-08-25 23:00:00	0	0	0	2.70882	0	0	0	0.224357	0	0	0	0	0	0	0	0	0	0	1149.26	398.378	0	7.51426	7.81118	8.71968	15.3964	17.0637	23.2342	35.5461	35.8642	35.8642	35.864	43.2856	43.2852	0.538739	0.455726	0.297708	0.248039	0.152223	0.0750161	0.0427503	99	0	0
setup	0	2022-08-26 23:00:00	0	0	0	2.68157	0	0	0	0.219465	0	0	0	0	0	0	0	0	0	0	1149.04	398.158	0	7.4402	7.7465	8.65057	15.3403	17.0035	23.19	35.5461	35.8642	35.8641	35.864	43.2855	43.2852	0.54597	0.461041	0.299745	0.249535	0.152668	0.0750163	0.0427505	99	0	0
setup	0	2022-08-27 23:00:00	0	0	0	2.8354	0	0	0	0.229246	0	0	0	0	0	0	0	0	0	0	1148.81	397.929	0	7.36356	7.67927	8.57854	15.2816	16.9404	23.1434	35.5461	35.8641	35.8641	35.8639	43.2855	43.2852	0.553721	0.466729	0.301907	0.251124	0.153139	0.0750165	0.0427506	99	0	0
setup	0	2022-08-28 23:00:00	0	0	0	2.62881	0	0	0	0.209992	0	0	0	0	0	0	0	0	0	0	1148.6	397.718	0	7.29401	7.61798	8.51271	15.2278	16.8824	23.1003	35.5461	35.8641	35.8641	35.8639	43.2855	43.2852	0.561005	0.472065	0.303917	0.252602	0.153577	0.0750167	0.0427507	99	0	0
setup	0	2022-08-29 23:00:00	0	0	0	2.74806	0	0	0	0.216936	0	0	0	0	0	0	0	0	0	0	1148.38	397.501	0	7.22283	7.55496	8.44487	15.1722	16.8222	23.0553	35.5461	35.8641	35.864	35.8639	43.2854	43.2852	0.568722	0.477708	0.306026	0.254153	0.154036	0.0750168	0.0427509	99	0	0
setup	0	2022-08-30 23:00:00	0	0	0	3.0128	0	0	0	0.234849	0	0	0	0	0	0	0	0	0	0	1148.15	397.266	0	7.14652	7.4871	8.37161	15.1119	16.7569	23.0062	35.5461	35.864	35.864	35.8639	43.2854	43.2852	0.577303	0.483972	0.308345	0.255859	0.15454	0.075017	0.042751	99	0	0
setup	0	2022-08-31 23:00:00	0	0	0	3.06338	0	0	0	0.235633	0	0	0	0	0	0	0	0	0	0	1147.91	397.03	0	7.07076	7.41938	8.2983	15.0514	16.6911	22.9564	35.5461	35.864	35.864	35.8638	43.2854	43.2851	0.58616	0.490426	0.310712	0.257602	0.155055	0.0750171	0.0427511	99	0	0
setup	0	2022-09-01 23:00:00	0	0	0	2.75769	0	0	0	0.209428	0	0	0	0	0	0	0	0	0	0	1147.7	396.821	0	7.0041	7.35951	8.23333	14.9976	16.6325	22.9117	35.5461	35.864	35.8639	35.8638	43.2854	43.2851	0.594249	0.496309	0.31285	0.259176	0.155518	0.0750173	0.0427512	99	0	0
setup	0	2022-09-02 23:00:00	0	0	0	2.9291	0	0	0	0.219703	0	0	0	0	0	0	0	0	0	0	1147.48	396.601	0	6.93486	7.29702	8.16534	14.9412	16.5708	22.8643	35.5461	35.8639	35.8639	35.8638	43.2854	43.2851	0.602962	0.502635	0.315127	0.260855	0.156012	0.0750174	0.0427513	99	0	0
setup	0	2022-09-03 23:00:00	0	0	0	2.55323	0	0	0	0.189229	0	0	0	0	0	0	0	0	0	0	1147.29	396.412	0	6.87579	7.24348	8.10694	14.8925	16.5174	22.8231	35.5461	35.8639	35.8639	35.8637	43.2853	43.2851	0.610661	0.508214	0.317119	0.262323	0.156444	0.0750176	0.0427514	99	0	0
setup	0	2022-09-04 23:00:00	0	0	0	2.75698	0	0	0	0.201988	0	0	0	0	0	0	0	0	0	0	1147.09	396.209	0	6.81332	7.18661	8.04476	14.8405	16.4603	22.7788	35.5461	35.8639	35.8639	35.8637	43.2853	43.2851	0.619084	0.514309	0.319275	0.263914	0.15691	0.0750177	0.0427516	99	0	0
setup	0	2022-09-05 23:00:00	0	0	0	2.85235	0	0	0	0.206448	0	0	0	0	0	0	0	0	0	0	1146.88	396.003	0	6.75009	7.12879	7.98137	14.7874	16.4018	22.733	35.5461	35.8638	35.8638	35.8637	43.2853	43.2851	0.62792	0.520691	0.321513	0.265565	0.157394	0.0750178	0.0427517	99	0	0
setup	0	2022-09-06 23:00:00	0	0	0	3.06219	0	0	0	0.218818	0	0	0	0	0	0	0	0	0	0	1146.66	395.784	0	6.68376	7.06784	7.91439	14.731	16.3396	22.6841	35.5461	35.8638	35.8638	35.8637	43.2853	43.2851	0.637546	0.527631	0.323922	0.267345	0.157915	0.0750179	0.0427517	99	0	0
setup	0	2022-09-07 23:00:00	0	5.31	5.29269	2.98632	0	0	0.0173104	0.296406	0.23155	0	0	5.06114	0	0	0	0	0	0	1151.43	400.545	0	19.8208	7.05568	7.89573	14.7078	16.3087	22.654	35.5469	35.864	35.864	35.8639	43.2855	43.2853	0.639507	0.529601	0.324925	0.268236	0.158236	0.075017	0.0427505	99	0	0
setup	0	2022-09-08 23:00:00	0	0.1	0.0913448	2.66687	0	0	0.0086552	0.273835	0.0913448	0	0	0	0	0	0	0	0	0	1151.16	400.271	0	19.4519	7.00762	7.84281	14.6632	16.2593	22.6148	35.5469	35.864	35.864	35.8639	43.2855	43.2853	0.647391	0.535279	0.326874	0.269677	0.158657	0.0750172	0.0427506	99	0	0
setup	0	2022-09-09 23:00:00	0	0	0	2.70172	0	0	0	0.281723	0	0	0	0	0	0	0	0	0	0	1150.87	399.989	0	14.0746	8.37891	7.78776	14.6167	16.2076	22.5735	35.5469	35.864	35.8639	35.8638	43.2855	43.2853	0.48334	0.541332	0.328933	0.271201	0.159101	0.0750173	0.0427507	99	0	0
setup	0	2022-09-10 23:00:00	0	0	0	2.73832	0	0	0	0.2733	0	0	0	0	0	0	0	0	0	0	1150.6	399.716	0	11.601	9.76194	8.81692	14.5698	16.1555	22.5316	35.5469	35.8639	35.8639	35.8638	43.2855	43.2853	0.389245	0.448473	0.331034	0.272756	0.159555	0.0750174	0.0427507	99	0	0
setup	0	2022-09-11 23:00:00	0	0	0	2.89603	0	0	0	0.282108	0	0	0	0	0	0	0	0	0	0	1150.32	399.434	0	10.73	9.84914	9.32651	14.5207	16.1007	22.4873	35.5469	35.8639	35.8639	35.8638	43.2855	43.2853	0.384624	0.414263	0.333266	0.27441	0.160036	0.0750175	0.0427508	99	0	0
setup	0	2022-09-12 23:00:00	0	0	0	3.04021	0	0	0	0.290358	0	0	0	0	0	0	0	0	0	0	1150.03	399.143	0	10.2476	9.78024	9.47101	14.4698	16.0437	22.4409	35.5469	35.8639	35.8639	35.8638	43.2854	43.2853	0.388265	0.405578	0.335619	0.276154	0.160543	0.0750176	0.0427509	99	0	0
setup	0	2022-09-13 23:00:00	0	0	0	3.00939	0	0	0	0.282363	0	0	0	0	0	0	0	0	0	0	1149.75	398.861	0	9.93472	9.67485	9.49859	14.4199	15.9877	22.3951	35.5469	35.8639	35.8639	35.8638	43.2854	43.2853	0.393981	0.403965	0.337955	0.277888	0.161047	0.0750177	0.042751	99	0	0
setup	0	2022-09-14 23:00:00	0	0	0	2.83136	0	0	0	0.261474	0	0	0	0	0	0	0	0	0	0	1149.48	398.599	0	9.71483	9.57401	9.47888	14.3735	15.9355	22.3521	35.5469	35.8638	35.8638	35.8638	43.2854	43.2853	0.399626	0.405116	0.34016	0.279525	0.161522	0.0750177	0.042751	99	0	0
setup	0	2022-09-15 23:00:00	0	0	0	2.89577	0	0	0	0.263501	0	0	0	0	0	0	0	0	0	0	1149.22	398.335	0	9.54078	9.47303	9.42739	14.3266	15.8826	22.3081	35.5469	35.8638	35.8638	35.8637	43.2854	43.2852	0.405459	0.408158	0.342423	0.281207	0.162009	0.0750178	0.0427511	99	0	0
setup	0	2022-09-16 23:00:00	0	0	0	2.7992	0	0	0	0.251119	0	0	0	0	0	0	0	0	0	0	1148.97	398.084	0	9.40082	9.37738	9.36139	14.2817	15.8319	22.2658	35.5469	35.8638	35.8638	35.8637	43.2854	43.2852	0.411159	0.41213	0.344616	0.282838	0.162481	0.0750179	0.0427512	99	0	0
setup	0	2022-09-17 23:00:00	0	0	0	2.97103	0	0	0	0.262813	0	0	0	0	0	0	0	0	0	0	1148.71	397.821	0	9.27214	9.27769	9.2801	14.2346	15.7785	22.221	35.5469	35.8638	35.8638	35.8637	43.2854	43.2852	0.417291	0.417141	0.34695	0.284576	0.162984	0.075018	0.0427512	99	0	0
setup	0	2022-09-18 23:00:00	0	0	0	2.909	0	0	0	0.253702	0	0	0	0	0	0	0	0	0	0	1148.45	397.567	0	9.1522	9.18171	9.19736	14.1891	15.7268	22.1772	35.5469	35.8638	35.8638	35.8637	43.2854	43.2852	0.423388	0.422381	0.349242	0.286284	0.163477	0.0750181	0.0427513	99	0	0
setup	0	2022-09-19 23:00:00	0	0	0	2.84701	0	0	0	0.24488	0	0	0	0	0	0	0	0	0	0	1148.21	397.323	0	9.03744	9.08941	9.11756	14.145	15.6765	22.1344	35.5469	35.8638	35.8638	35.8637	43.2853	43.2852	0.429439	0.427574	0.35149	0.287961	0.163962	0.0750182	0.0427514	99	0	0
setup	0	2022-09-20 23:00:00	0	0	0	3.19796	0	0	0	0.271112	0	0	0	0	0	0	0	0	0	0	1147.94	397.051	0	8.91155	8.9876	9.0293	14.0961	15.6206	22.0865	35.5469	35.8637	35.8637	35.8637	43.2853	43.2852	0.436339	0.433484	0.354023	0.289853	0.164507	0.0750182	0.0427514	99	0	0
setup	0	2022-09-21 23:00:00	0	0	0	3.1097	0	0	0	0.259672	0	0	0	0	0	0	0	0	0	0	1147.68	396.792	0	8.79212	8.89049	8.94485	14.0491	15.5668	22.0401	35.5469	35.8637	35.8637	35.8637	43.2853	43.2852	0.443153	0.43931	0.356493	0.291699	0.165039	0.0750183	0.0427515	99	0	0
setup	0	2022-09-22 23:00:00	0	0	0	3.17442	0	0	0	0.261123	0	0	0	0	0	0	0	0	0	0	1147.42	396.53	0	8.67317	8.79323	8.86002	14.0017	15.5124	21.9928	35.5469	35.8637	35.8637	35.8636	43.2853	43.2852	0.450217	0.445339	0.35902	0.29359	0.165583	0.0750184	0.0427515	99	0	0
setup	0	2022-09-23 23:00:00	0	0	0	3.12962	0	0	0	0.253591	0	0	0	0	0	0	0	0	0	0	1147.16	396.277	0	8.55877	8.69916	8.77774	13.9556	15.4592	21.9463	35.5469	35.8637	35.8637	35.8636	43.2853	43.2852	0.45729	0.451364	0.361518	0.295461	0.166121	0.0750184	0.0427516	99	0	0
setup	0	2022-09-24 23:00:00	0	0	0	3.13523	0	0	0	0.250283	0	0	0	0	0	0	0	0	0	0	1146.91	396.026	0	8.44694	8.60671	8.69664	13.91	15.4065	21.8998	35.5469	35.8637	35.8637	35.8636	43.2853	43.2852	0.464486	0.457483	0.364026	0.297343	0.166662	0.0750185	0.0427516	99	0	0
setup	0	2022-09-25 23:00:00	0	0	0	3.11129	0	0	0	0.24471	0	0	0	0	0	0	0	0	0	0	1146.67	395.782	0	8.33866	8.51671	8.61744	13.8653	15.3547	21.8539	35.5469	35.8637	35.8637	35.8636	43.2853	43.2852	0.471737	0.463638	0.366521	0.299217	0.1672	0.0750185	0.0427517	99	0	0
setup	0	2022-09-26 23:00:00	0	0.51	0.501345	3.11517	0	0	0.0086552	0.239394	0.121143	0	0	0.380201	0	0	0	0	0	0	1146.81	395.922	0	8.82992	8.55585	8.5456	13.825	15.3074	21.811	35.5469	35.8637	35.8637	35.8636	43.2853	43.2852	0.468553	0.469382	0.368803	0.300951	0.167704	0.0750185	0.0427516	99	0	0
setup	0	2022-09-27 23:00:00	0	0	0	3.14861	0	0	0	0.248507	0	0	0	0	0	0	0	0	0	0	1146.56	395.673	0	8.6219	8.52598	8.49725	13.781	15.2561	21.7649	35.5469	35.8637	35.8637	35.8636	43.2853	43.2852	0.470978	0.473338	0.371331	0.302854	0.168249	0.0750186	0.0427517	99	0	0
setup	0	2022-09-28 23:00:00	0	0	0	3.08118	0	0	0	0.239478	0	0	0	0	0	0	0	0	0	0	1146.32	395.434	0	8.48354	8.45396	8.44452	13.7385	15.2064	21.7199	35.5469	35.8637	35.8636	35.8636	43.2853	43.2852	0.476943	0.477737	0.373811	0.304724	0.168785	0.0750186	0.0427517	99	0	0
setup	0	2022-09-29 23:00:00	0	0	0	3.13723	0	0	0	0.240207	0	0	0	0	0	0	0	0	0	0	1146.08	395.194	0	8.36817	8.37021	8.37263	13.6957	15.1563	21.6742	35.5469	35.8636	35.8636	35.8636	43.2853	43.2852	0.484094	0.483883	0.37634	0.306634	0.169331	0.0750187	0.0427518	99	0	0
setup	0	2022-09-30 23:00:00	0	0	0	3.14807	0	0	0	0.23745	0	0	0	0	0	0	0	0	0	0	1145.84	394.956	0	8.26053	8.28373	8.2979	13.6533	15.1065	21.6285	35.5469	35.8636	35.8636	35.8636	43.2853	43.2852	0.491732	0.490462	0.378884	0.308557	0.169881	0.0750187	0.0427518	99	0	0
setup	0	2022-10-01 23:00:00	0	0	0	3.07366	0	0	0	0.228431	0	0	0	0	0	0	0	0	0	0	1145.61	394.728	0	8.15796	8.20089	8.22611	13.6125	15.0583	21.584	35.5469	35.8636	35.8636	35.8636	43.2853	43.2852	0.499305	0.496972	0.381371	0.31044	0.17042	0.0750188	0.0427518	99	0	0
setup	0	2022-10-02 23:00:00	0	13.4	13.374	3.0897	0	0	0.0259656	0.413966	0.360247	0	0	13.0138	0	0	0	0	0	0	1158.21	407.319	0	37.4946	9.76925	8.64281	13.6508	15.0847	21.5849	35.5489	35.8642	35.8642	35.8642	43.286	43.2859	0.388852	0.461646	0.379036	0.309406	0.170408	0.0750161	0.0427482	99	0	0
setup	0	2022-10-03 23:00:00	0	0	0	3.26249	0	0	0	0.515872	0	0	0	0	0	0	0	0	0	0	1157.7	406.803	0	34.5244	10.4926	9.41422	13.6114	15.0384	21.5421	35.5489	35.8642	35.8642	35.8641	43.286	43.2859	0.353892	0.408943	0.381437	0.311226	0.170928	0.0750162	0.0427482	99	0	0
setup	0	2022-10-04 23:00:00	0	0	0	3.16881	0	0	0	0.493173	0	0	0	0	0	0	0	0	0	0	1157.2	406.309	0	33.1039	10.4354	9.7943	13.5735	14.9938	21.5006	35.5489	35.8642	35.8642	35.8641	43.286	43.2859	0.356407	0.387516	0.383778	0.313002	0.171436	0.0750162	0.0427483	99	0	0
setup	0	2022-10-05 23:00:00	0	0	0	3.1309	0	0	0	0.476748	0	0	0	0	0	0	0	0	0	0	1156.73	405.833	0	32.1955	10.2597	9.93229	13.5364	14.95	21.4596	35.5489	35.8642	35.8642	35.8641	43.2859	43.2859	0.36438	0.380329	0.3861	0.314767	0.17194	0.0750163	0.0427483	99	0	0
setup	0	2022-10-06 23:00:00	0	0	0	3.15393	0	0	0	0.470887	0	0	0	0	0	0	0	0	0	0	1156.26	405.362	0	31.4688	10.0889	9.94291	13.4993	14.9062	21.4182	35.5489	35.8642	35.8642	35.8641	43.2859	43.2859	0.372518	0.379788	0.388449	0.316554	0.172451	0.0750163	0.0427483	99	0	0
setup	0	2022-10-07 23:00:00	0	0	0	3.10556	0	0	0	0.449526	0	0	0	0	0	0	0	0	0	0	1155.81	404.912	0	19.2385	14.094	11.239	13.4631	14.8633	21.3775	35.5489	35.8642	35.8642	35.8641	43.2859	43.2859	0.246815	0.324251	0.390775	0.318326	0.172957	0.0750163	0.0427484	99	0	0
setup	0	2022-10-08 23:00:00	0	0	0	3.13381	0	0	0	0.429796	0	0	0	0	0	0	0	0	0	0	1155.38	404.482	0	16.1386	14.2985	12.9185	13.4267	14.82	21.3362	35.5489	35.8642	35.8641	35.8641	43.2859	43.2859	0.242699	0.27354	0.393143	0.320134	0.173472	0.0750164	0.0427484	99	0	0
setup	0	2022-10-09 23:00:00	0	0	0	3.04367	0	0	0	0.404802	0	0	0	0	0	0	0	0	0	0	1154.97	404.077	0	14.8962	14.0439	13.4458	13.3917	14.7782	21.296	35.5489	35.8641	35.8641	35.8641	43.2859	43.2859	0.247844	0.260852	0.395455	0.3219	0.173976	0.0750164	0.0427484	99	0	0
setup	0	2022-10-10 23:00:00	0	0	0	3.0806	0	0	0	0.400711	0	0	0	0	0	0	0	0	0	0	1154.57	403.677	0	14.2208	13.8414	13.5896	13.3565	14.7362	21.2553	35.5489	35.8641	35.8641	35.8641	43.2859	43.2859	0.252099	0.257599	0.397803	0.323698	0.174489	0.0750164	0.0427485	99	0	0
setup	0	2022-10-11 23:00:00	0	0	0	3.17331	0	0	0	0.40503	0	0	0	0	0	0	0	0	0	0	1154.17	403.272	0	13.7984	13.6507	13.5554	13.3207	14.6933	21.2135	35.5489	35.8641	35.8641	35.8641	43.2859	43.2859	0.256241	0.258366	0.400229	0.325557	0.175019	0.0750165	0.0427485	99	0	0
setup	0	2022-10-12 23:00:00	0	0	0	3.0622	0	0	0	0.384165	0	0	0	0	0	0	0	0	0	0	1153.78	402.887	0	13.5085	13.4717	13.4479	13.2865	14.6522	21.1732	35.5489	35.8641	35.8641	35.8641	43.2859	43.2859	0.260261	0.260805	0.402575	0.327359	0.175532	0.0750165	0.0427485	99	0	0
setup	0	2022-10-13 23:00:00	0	0	0	3.14096	0	0	0	0.387648	0	0	0	0	0	0	0	0	0	0	1153.4	402.5	0	13.2702	13.2907	13.301	13.2518	14.6103	21.1319	35.5489	35.8641	35.8641	35.8641	43.2859	43.2859	0.264456	0.264214	0.404987	0.329214	0.176061	0.0750165	0.0427485	99	0	0
setup	0	2022-10-14 23:00:00	0	0	0	3.18319	0	0	0	0.386457	0	0	0	0	0	0	0	0	0	0	1153.01	402.113	0	13.0406	13.1103	13.1468	13.217	14.5683	21.0901	35.5489	35.8641	35.8641	35.8641	43.2859	43.2858	0.26878	0.267894	0.407437	0.331102	0.176599	0.0750166	0.0427486	99	0	0
setup	0	2022-10-15 23:00:00	0	0	0	3.09292	0	0	0	0.369426	0	0	0	0	0	0	0	0	0	0	1152.64	401.744	0	12.823	12.9381	12.9991	13.1835	14.5278	21.0496	35.5489	35.8641	35.8641	35.8641	43.2859	43.2858	0.273044	0.271517	0.409823	0.332943	0.177123	0.0750166	0.0427486	99	0	0
setup	0	2022-10-16 23:00:00	0	0	0	3.10201	0	0	0	0.364604	0	0	0	0	0	0	0	0	0	0	1152.27	401.379	0	12.61	12.7685	12.8533	13.1503	14.4875	21.0091	35.5489	35.8641	35.8641	35.8641	43.2859	43.2858	0.277385	0.275198	0.41222	0.334796	0.177651	0.0750166	0.0427486	99	0	0
setup	0	2022-10-17 23:00:00	0	0	0	3.30129	0	0	0	0.381646	0	0	0	0	0	0	0	0	0	0	1151.89	400.997	0	12.3889	12.5914	12.7004	13.1154	14.445	20.966	35.5489	35.8641	35.8641	35.8641	43.2859	43.2858	0.282075	0.279169	0.414775	0.336775	0.178214	0.0750167	0.0427486	99	0	0
setup	0	2022-10-18 23:00:00	0	0	0	3.39082	0	0	0	0.385261	0	0	0	0	0	0	0	0	0	0	1151.51	400.612	0	12.1677	12.4129	12.5458	13.08	14.4017	20.9218	35.5489	35.8641	35.8641	35.8641	43.2859	43.2858	0.286969	0.283307	0.417405	0.338816	0.178796	0.0750167	0.0427487	99	0	0
setup	0	2022-10-19 23:00:00	0	0	0	3.30032	0	0	0	0.368533	0	0	0	0	0	0	0	0	0	0	1151.14	400.244	0	11.9579	12.2426	12.3978	13.0459	14.3599	20.8789	35.5489	35.8641	35.8641	35.8641	43.2859	43.2858	0.29181	0.287391	0.419969	0.34081	0.179363	0.0750167	0.0427487	99	0	0
setup	0	2022-10-20 23:00:00	0	0	0	3.24481	0	0	0	0.356246	0	0	0	0	0	0	0	0	0	0	1150.78	399.887	0	11.7569	12.0783	12.2546	13.0128	14.3193	20.8368	35.5489	35.8641	35.8641	35.864	43.2859	43.2858	0.296644	0.291463	0.422493	0.342776	0.179923	0.0750167	0.0427487	99	0	0
setup	0	2022-10-21 23:00:00	0	0	0	3.15965	0	0	0	0.341195	0	0	0	0	0	0	0	0	0	0	1150.44	399.546	0	11.5661	11.9213	12.1172	12.9809	14.28	20.7959	35.5489	35.8641	35.8641	35.864	43.2859	43.2858	0.301424	0.295482	0.424955	0.344698	0.180471	0.0750168	0.0427487	99	0	0
setup	0	2022-10-22 23:00:00	0	0	0	3.26128	0	0	0	0.34638	0	0	0	0	0	0	0	0	0	0	1150.1	399.2	0	11.3739	11.7623	11.9777	12.9484	14.2399	20.7538	35.5489	35.8641	35.8641	35.864	43.2859	43.2858	0.306435	0.299688	0.427499	0.346688	0.181038	0.0750168	0.0427487	99	0	0
setup	0	2022-10-23 23:00:00	0	0	0	3.28962	0	0	0	0.343531	0	0	0	0	0	0	0	0	0	0	1149.75	398.856	0	11.185	11.6049	11.8392	12.916	14.1997	20.7114	35.5489	35.8641	35.8641	35.864	43.2859	43.2858	0.311569	0.30399	0.430068	0.348702	0.181611	0.0750168	0.0427487	99	0	0
setup	0	2022-10-24 23:00:00	0	0	0	3.36518	0	0	0	0.345445	0	0	0	0	0	0	0	0	0	0	1149.41	398.511	0	10.9968	11.4471	11.6997	12.8832	14.1591	20.6681	35.5489	35.8641	35.8641	35.864	43.2859	43.2858	0.316906	0.308453	0.432699	0.350769	0.1822	0.0750168	0.0427488	99	0	0
setup	0	2022-10-25 23:00:00	0	0	0	3.50914	0	0	0	0.353904	0	0	0	0	0	0	0	0	0	0	1149.05	398.157	0	10.8057	11.2859	11.5568	12.8495	14.1171	20.6231	35.5489	35.864	35.864	35.864	43.2859	43.2858	0.322564	0.313176	0.435445	0.352931	0.182817	0.0750168	0.0427488	99	0	0
setup	0	2022-10-26 23:00:00	0	0	0	3.52005	0	0	0	0.34864	0	0	0	0	0	0	0	0	0	0	1148.7	397.808	0	10.6192	11.1275	11.4159	12.8161	14.0754	20.578	35.5489	35.864	35.864	35.864	43.2859	43.2858	0.328337	0.317986	0.438203	0.355107	0.183437	0.0750169	0.0427488	99	0	0
setup	0	2022-10-27 23:00:00	0	0	0	3.43984	0	0	0	0.334651	0	0	0	0	0	0	0	0	0	0	1148.37	397.473	0	10.4418	10.9758	11.2805	12.7839	14.035	20.5341	35.5489	35.864	35.864	35.864	43.2859	43.2858	0.334074	0.322756	0.440899	0.35724	0.184046	0.0750169	0.0427488	99	0	0
setup	0	2022-10-28 23:00:00	0	0	0	3.41045	0	0	0	0.326005	0	0	0	0	0	0	0	0	0	0	1148.04	397.147	0	10.2707	10.8286	11.1486	12.7524	13.9954	20.4907	35.5489	35.864	35.864	35.864	43.2858	43.2858	0.339857	0.327555	0.443574	0.359361	0.184651	0.0750169	0.0427488	99	0	0
setup	0	2022-10-29 23:00:00	0	0	0	3.46687	0	0	0	0.325607	0	0	0	0	0	0	0	0	0	0	1147.72	396.822	0	10.1013	10.6819	11.0167	12.7208	13.9555	20.4467	35.5489	35.864	35.864	35.864	43.2858	43.2858	0.345835	0.332506	0.446294	0.361524	0.185268	0.0750169	0.0427488	99	0	0
setup	0	2022-10-30 23:00:00	0	0.41	0.401345	3.47776	0	0	0.0086552	0.313822	0.136251	0	0	0.265093	0	0	0	0	0	0	1147.67	396.773	0	10.4685	10.5457	10.8941	12.6923	13.919	20.4054	35.5489	35.864	35.864	35.864	43.2859	43.2858	0.351589	0.337257	0.448775	0.363528	0.185851	0.0750169	0.0427488	99	0	0
setup	0	2022-10-31 23:00:00	0	0	0	3.32576	0	0	0	0.307767	0	0	0	0	0	0	0	0	0	0	1147.36	396.465	0	10.2947	10.4108	10.772	12.6628	13.8816	20.3635	35.5489	35.864	35.864	35.864	43.2859	43.2858	0.357501	0.342134	0.451381	0.36561	0.186446	0.0750169	0.0427488	99	0	0
setup	0	2022-11-01 23:00:00	0	0	0	3.34361	0	0	0	0.304156	0	0	0	0	0	0	0	0	0	0	1147.06	396.161	0	10.1306	10.2778	10.6513	12.6335	13.8443	20.3214	35.5489	35.864	35.864	35.864	43.2859	43.2858	0.363542	0.347108	0.454001	0.367708	0.187046	0.0750169	0.0427488	99	0	0
setup	0	2022-11-02 23:00:00	0	0.2	0.191345	3.17256	0	0	0.0086552	0.273507	0.123535	0	0	0.0678101	0	0	0	0	0	0	1146.85	395.955	0	10.0994	10.1597	10.5438	12.6075	13.8111	20.2835	35.549	35.864	35.864	35.864	43.2859	43.2858	0.369096	0.351672	0.456348	0.369599	0.18759	0.0750169	0.0427488	99	0	0
setup	0	2022-11-03 23:00:00	0	0	0	3.19211	0	0	0	0.282575	0	0	0	0	0	0	0	0	0	0	1146.57	395.673	0	9.9462	10.0375	10.4322	12.5802	13.7762	20.2436	35.549	35.864	35.864	35.864	43.2859	43.2858	0.375039	0.356548	0.458848	0.371611	0.188166	0.0750169	0.0427488	99	0	0
setup	0	2022-11-04 23:00:00	0	6.7	6.68269	3.03874	0	0	0.0173104	0.361316	0.235918	0	0	6.44677	0	0	0	0	0	0	1152.65	401.754	0	24.0896	10.9431	10.5461	12.5938	13.7811	20.2308	35.5499	35.8643	35.8643	35.8643	43.2862	43.2862	0.335341	0.351576	0.457595	0.371326	0.188351	0.0750156	0.0427471	99	0	0
setup	0	2022-11-05 23:00:00	0	0	0	3.30121	0	0	0	0.429878	0	0	0	0	0	0	0	0	0	0	1152.22	401.324	0	22.6663	11.2049	10.8585	12.5671	13.747	20.1917	35.5499	35.8643	35.8643	35.8643	43.2862	43.2862	0.325486	0.338663	0.46006	0.373312	0.18892	0.0750157	0.0427471	99	0	0
setup	0	2022-11-06 23:00:00	0	0	0	3.34706	0	0	0	0.426062	0	0	0	0	0	0	0	0	0	0	1151.8	400.898	0	21.8822	11.1239	10.9236	12.5402	13.7126	20.152	35.5499	35.8643	35.8643	35.8643	43.2862	43.2862	0.328468	0.336103	0.462563	0.375334	0.1895	0.0750157	0.0427471	99	0	0
setup	0	2022-11-07 23:00:00	0	0	0	3.2861	0	0	0	0.409769	0	0	0	0	0	0	0	0	0	0	1151.39	400.488	0	21.3281	10.9796	10.8889	12.5141	13.6792	20.113	35.5499	35.8643	35.8643	35.8643	43.2862	43.2862	0.33393	0.33746	0.465023	0.377327	0.190073	0.0750157	0.0427471	99	0	0
setup	0	2022-11-08 23:00:00	0	0	0	3.30392	0	0	0	0.395244	0	0	0	0	0	0	0	0	0	0	1150.99	400.093	0	14.8577	12.9016	11.7548	12.4881	13.6457	20.0738	35.5499	35.8643	35.8643	35.8643	43.2862	43.2862	0.273966	0.306674	0.467506	0.379343	0.190652	0.0750157	0.0427471	99	0	0
setup	0	2022-11-09 23:00:00	0	0	0	3.30949	0	0	0	0.383058	0	0	0	0	0	0	0	0	0	0	1150.61	399.71	0	13.6609	12.8095	12.2234	12.4623	13.6124	20.0346	35.5499	35.8643	35.8643	35.8643	43.2862	43.2862	0.276322	0.292365	0.469999	0.381372	0.191236	0.0750157	0.0427471	99	0	0
setup	0	2022-11-10 23:00:00	0	0	0	3.33607	0	0	0	0.376916	0	0	0	0	0	0	0	0	0	0	1150.23	399.333	0	13.0266	12.6225	12.3499	12.4365	13.5792	19.995	35.5499	35.8643	35.8643	35.8643	43.2862	43.2862	0.281237	0.288741	0.472515	0.383425	0.191827	0.0750157	0.0427471	99	0	0
setup	0	2022-11-11 23:00:00	0	0	0	3.40297	0	0	0	0.376521	0	0	0	0	0	0	0	0	0	0	1149.86	398.956	0	12.6176	12.4409	12.3244	12.4105	13.5455	19.9547	35.5499	35.8643	35.8643	35.8643	43.2862	43.2862	0.286189	0.289462	0.475082	0.385526	0.192433	0.0750157	0.0427471	99	0	0
setup	0	2022-11-12 23:00:00	0	0	0	3.3139	0	0	0	0.359714	0	0	0	0	0	0	0	0	0	0	1149.5	398.596	0	12.3293	12.2698	12.2308	12.3856	13.513	19.9156	35.5499	35.8643	35.8643	35.8643	43.2862	43.2862	0.291026	0.292151	0.477581	0.387577	0.193025	0.0750157	0.0427471	99	0	0
setup	0	2022-11-13 23:00:00	0	0	0	3.10946	0	0	0	0.331664	0	0	0	0	0	0	0	0	0	0	1149.17	398.265	0	12.1128	12.1123	12.1115	12.3624	13.4828	19.8789	35.5499	35.8643	35.8643	35.8643	43.2862	43.2862	0.295628	0.295654	0.479926	0.389507	0.193582	0.0750157	0.0427472	99	0	0
setup	0	2022-11-14 23:00:00	0	0	0	3.23392	0	0	0	0.33917	0	0	0	0	0	0	0	0	0	0	1148.83	397.926	0	11.9085	11.9513	11.9736	12.3385	13.4517	19.8409	35.5499	35.8643	35.8643	35.8643	43.2862	43.2862	0.300498	0.299813	0.482364	0.391518	0.194164	0.0750158	0.0427472	99	0	0
setup	0	2022-11-15 23:00:00	0	0.6	0.591345	3.1747	0	0	0.0086552	0.323376	0.123624	0	0	0.467721	0	0	0	0	0	0	1148.97	398.07	0	12.3015	12.0277	11.9281	12.3192	13.4252	19.8069	35.55	35.8643	35.8643	35.8643	43.2862	43.2862	0.298167	0.301213	0.484368	0.393242	0.194687	0.0750157	0.042747	99	0	0
setup	0	2022-11-16 23:00:00	0	1.3	1.29134	3.06656	0	0	0.0086552	0.329735	0.119118	0	0	1.17223	0	0	0	0	0	0	1149.81	398.911	0	13.3112	12.5207	12.1336	12.305	13.4041	19.7768	35.5501	35.8644	35.8644	35.8643	43.2863	43.2862	0.283992	0.294998	0.485842	0.394632	0.195152	0.0750154	0.0427467	99	0	0
setup	0	2022-11-17 23:00:00	0	2.5	2.49134	2.96551	0	0	0.0086552	0.356137	0.114908	0	0	2.37644	0	0	0	0	0	0	1151.83	400.93	0	15.1699	13.7428	12.8956	12.2992	13.3913	19.7526	35.5505	35.8645	35.8645	35.8645	43.2864	43.2864	0.254224	0.27412	0.48645	0.395484	0.195526	0.075015	0.0427461	99	0	0
setup	0	2022-11-18 23:00:00	0	1.23	1.22134	2.91864	0	0	0.0086552	0.361575	0.112955	0	0	1.10839	0	0	0	0	0	0	1152.58	401.676	0	15.3417	14.2356	13.5353	12.4305	13.3722	19.725	35.5507	35.8645	35.8645	35.8645	43.2865	43.2864	0.24395	0.258818	0.473109	0.396752	0.195956	0.0750147	0.0427457	99	0	0
setup	0	2022-11-19 23:00:00	0	0	0	3.15647	0	0	0	0.398224	0	0	0	0	0	0	0	0	0	0	1152.18	401.278	0	14.5153	14.0281	13.6748	12.7497	13.3437	19.6893	35.5507	35.8645	35.8645	35.8645	43.2865	43.2864	0.248171	0.255711	0.443804	0.39867	0.196514	0.0750147	0.0427458	99	0	0
setup	0	2022-11-20 23:00:00	0	0	0	3.16896	0	0	0	0.391479	0	0	0	0	0	0	0	0	0	0	1151.79	400.886	0	14.0254	13.8018	13.6341	12.8338	13.3153	19.6536	35.5507	35.8645	35.8645	35.8645	43.2865	43.2864	0.252948	0.256608	0.436741	0.400601	0.197076	0.0750147	0.0427458	99	0	0
setup	0	2022-11-21 23:00:00	0	0	0	3.21821	0	0	0	0.390071	0	0	0	0	0	0	0	0	0	0	1151.4	400.496	0	13.6786	13.5918	13.528	12.8321	13.2866	19.6173	35.5507	35.8645	35.8645	35.8645	43.2864	43.2864	0.25755	0.258982	0.436878	0.402568	0.197649	0.0750147	0.0427458	99	0	0
setup	0	2022-11-22 23:00:00	0	6.6	6.58269	3.23946	0	0	0.0173104	0.468417	0.252645	0	0	6.33005	0	0	0	0	0	0	1157.26	406.353	0	26.1875	14.7365	13.9933	12.9235	13.2983	19.6083	35.5517	35.8648	35.8648	35.8648	43.2868	43.2868	0.234332	0.248893	0.429472	0.401764	0.197792	0.0750134	0.0427439	99	0	0
setup	0	2022-11-23 23:00:00	0	0.1	0.0913448	3.22042	0	0	0.0086552	0.493929	0.0913448	0	0	0	0	0	0	0	0	0	1156.77	405.86	0	24.5281	14.7617	14.2795	13.1811	13.2718	19.5748	35.5517	35.8648	35.8648	35.8648	43.2868	43.2868	0.233867	0.243075	0.409998	0.403591	0.198325	0.0750134	0.0427439	99	0	0
setup	0	2022-11-24 23:00:00	0	0	0	3.07539	0	0	0	0.476079	0	0	0	0	0	0	0	0	0	0	1156.29	405.383	0	23.6646	14.527	14.2768	13.3474	13.2821	19.5418	35.5517	35.8648	35.8648	35.8648	43.2868	43.2868	0.23826	0.243129	0.398418	0.40288	0.198854	0.0750134	0.0427439	99	0	0
setup	0	2022-11-25 23:00:00	0	17.9	17.8654	3.01091	0	0	0.0346208	0.605604	0.467198	0	0	17.3982	0	0	0	0	0	0	1173.08	422.162	0	36.6399	23.3268	21.1617	16.9536	15.0685	19.5934	35.5549	35.8658	35.8658	35.8658	43.288	43.288	0.137307	0.154293	0.250788	0.310041	0.198029	0.0750089	0.0427379	99	0	0
setup	0	2022-11-26 23:00:00	0	0.4	0.391345	3.0548	0	0	0.0086552	0.697109	0.118628	0	0	0.272716	0	0	0	0	0	0	1172.66	421.737	0	34.7879	21.8842	20.7899	18.0629	16.7435	19.5665	35.555	35.8658	35.8658	35.8658	43.288	43.288	0.148278	0.157542	0.2256	0.256214	0.198458	0.0750089	0.0427378	99	0	0
setup	0	2022-11-27 23:00:00	0	0	0	3.06374	0	0	0	0.712067	0	0	0	0	0	0	0	0	0	0	1171.95	421.025	0	33.3193	20.9271	20.3197	18.3237	17.4765	19.5366	35.555	35.8658	35.8658	35.8658	43.288	43.288	0.15633	0.161817	0.22039	0.238249	0.198937	0.0750089	0.0427378	99	0	0
setup	0	2022-11-28 23:00:00	0	0	0	3.14615	0	0	0	0.713395	0	0	0	0	0	0	0	0	0	0	1171.23	420.311	0	32.3614	20.2079	19.874	18.3195	17.8074	19.5058	35.555	35.8658	35.8658	35.8658	43.288	43.288	0.162862	0.166051	0.220472	0.230943	0.199432	0.0750089	0.0427378	99	0	0
setup	0	2022-11-29 23:00:00	0	0	0	3.14458	0	0	0	0.69817	0	0	0	0	0	0	0	0	0	0	1170.54	419.613	0	31.6175	19.664	19.4954	18.2326	17.9495	19.4749	35.555	35.8658	35.8658	35.8658	43.288	43.288	0.168112	0.169798	0.222183	0.227941	0.199931	0.0750089	0.0427378	99	0	0
setup	0	2022-11-30 23:00:00	0	3.5	3.49134	2.98036	0	0	0.0086552	0.659783	0.115526	0	0	3.37582	0	0	0	0	0	0	1173.25	422.326	0	36.8666	20.2542	19.6716	18.2523	18.0197	19.4652	35.5558	35.866	35.866	35.866	43.2883	43.2883	0.162428	0.168037	0.221792	0.226485	0.200088	0.0750078	0.0427364	99	0	0
setup	0	2022-12-01 23:00:00	0	4.2	4.19134	2.96654	0	0	0.0086552	0.70951	0.114951	0	0	4.07639	0	0	0	0	0	0	1176.62	425.689	0	26.9225	25.1198	23.617	20.4485	19.0961	19.4606	35.5567	35.8663	35.8663	35.8663	43.2886	43.2886	0.125246	0.135247	0.185243	0.206249	0.200163	0.0750066	0.0427347	99	0	0
setup	0	2022-12-02 23:00:00	0	0.51	0.501345	3.07333	0	0	0.0086552	0.714206	0.1194	0	0	0.381945	0	0	0	0	0	0	1176.29	425.356	0	25.0657	24.1979	23.4077	21.0329	19.9755	19.4349	35.5568	35.8663	35.8663	35.8663	43.2887	43.2887	0.131254	0.136728	0.177341	0.19212	0.20058	0.0750064	0.0427345	99	0	0
setup	0	2022-12-03 23:00:00	0	0	0	3.175	0	0	0	0.748225	0	0	0	0	0	0	0	0	0	0	1175.54	424.608	0	23.7898	23.3376	22.896	21.0375	20.3567	19.5226	35.5568	35.8663	35.8663	35.8663	43.2887	43.2887	0.137229	0.140452	0.17728	0.186542	0.199162	0.0750064	0.0427345	99	0	0
setup	0	2022-12-04 23:00:00	0	0	0	3.12612	0	0	0	0.719351	0	0	0	0	0	0	0	0	0	0	1174.82	423.888	0	22.9372	22.6928	22.4421	20.9068	20.4818	19.8939	35.5568	35.8663	35.8663	35.8663	43.2887	43.2887	0.141972	0.143882	0.178994	0.184775	0.193355	0.0750064	0.0427345	99	0	0
setup	0	2022-12-05 23:00:00	0	14.8	14.774	3.05276	0	0	0.0259656	0.782207	0.355629	0	0	14.4184	0	0	0	0	0	0	1188.46	437.507	0	29.8244	28.9458	27.9954	24.8893	23.1348	20.796	35.5608	35.8675	35.8675	35.8675	43.2901	43.2901	0.10369	0.108621	0.136909	0.153226	0.180469	0.075001	0.0427271	99	0	0
setup	0	2022-12-06 23:00:00	0	0.6	0.591345	3.15265	0	0	0.0086552	0.866346	0.122705	0	0	0.46864	0	0	0	0	0	0	1188.06	437.108	0	29.7855	27.4951	26.9732	24.6752	23.6446	22.0318	35.561	35.8676	35.8676	35.8676	43.2902	43.2902	0.111317	0.11421	0.138755	0.148187	0.165134	0.0750007	0.0427268	99	0	0
setup	0	2022-12-07 23:00:00	0	0	0	3.29298	0	0	0	0.918419	0	0	0	0	0	0	0	0	0	0	1187.14	436.19	0	27.3475	26.9008	26.4863	24.4981	23.8131	22.6899	35.561	35.8676	35.8676	35.8676	43.2902	43.2902	0.114618	0.116989	0.140311	0.146579	0.157853	0.0750007	0.0427268	99	0	0
setup	0	2022-12-08 23:00:00	0	0.41	0.401345	3.31766	0	0	0.0086552	0.869904	0.129581	0	0	0.271764	0	0	0	0	0	0	1186.54	435.591	0	26.5539	26.2931	26.0375	24.32	23.8737	23.1419	35.5611	35.8676	35.8676	35.8676	43.2902	43.2902	0.118114	0.119623	0.141901	0.146008	0.153154	0.0750006	0.0427266	99	0	0
setup	0	2022-12-09 23:00:00	0	0	0	3.30198	0	0	0	0.885132	0	0	0	0	0	0	0	0	0	0	1185.66	434.706	0	25.7685	25.6679	25.5511	24.072	23.8258	23.4071	35.5611	35.8676	35.8676	35.8676	43.2902	43.2902	0.121848	0.122562	0.14416	0.146459	0.150501	0.0750006	0.0427266	99	0	0
setup	0	2022-12-10 23:00:00	0	0	0	3.18988	0	0	0	0.839944	0	0	0	0	0	0	0	0	0	0	1184.82	433.866	0	25.1816	25.1716	25.1401	23.8249	23.7202	23.5291	35.5611	35.8676	35.8676	35.8676	43.2902	43.2902	0.12492	0.125118	0.146468	0.147462	0.149305	0.0750006	0.0427266	99	0	0
setup	0	2022-12-11 23:00:00	0	0	0	3.19698	0	0	0	0.828607	0	0	0	0	0	0	0	0	0	0	1183.99	433.038	0	24.6587	24.7665	24.7938	23.5942	23.5819	23.5475	35.5611	35.8676	35.8676	35.8676	43.2902	43.2902	0.127504	0.127327	0.148674	0.148792	0.149127	0.0750006	0.0427266	99	0	0
setup	0	2022-12-12 23:00:00	0	0	0	3.30052	0	0	0	0.842575	0	0	0	0	0	0	0	0	0	0	1183.15	432.195	0	24.1323	24.3739	24.4673	23.433	23.455	23.5058	35.5611	35.8676	35.8676	35.8676	43.2902	43.2902	0.130077	0.129458	0.150246	0.15003	0.149533	0.0750006	0.0427266	99	0	0
setup	0	2022-12-13 23:00:00	0	1.3	1.29134	2.96438	0	0	0.0086552	0.733226	0.114861	0	0	1.17648	0	0	0	0	0	0	1183.59	432.637	0	24.816	24.6756	24.5976	23.344	23.3564	23.4727	35.5614	35.8677	35.8677	35.8677	43.2904	43.2903	0.128093	0.128602	0.151125	0.151002	0.149857	0.0750001	0.0427259	99	0	0
setup	0	2022-12-14 23:00:00	0	2.7	2.69134	2.98717	0	0	0.0086552	0.770296	0.11581	0	0	2.57553	0	0	0	0	0	0	1185.39	434.438	0	29.7379	24.7466	24.6156	23.3208	23.3024	23.4469	35.5623	35.868	35.868	35.868	43.2907	43.2907	0.127633	0.128485	0.151356	0.15154	0.15011	0.074999	0.0427244	99	0	0
setup	0	2022-12-15 23:00:00	0	0	0	3.10094	0	0	0	0.823512	0	0	0	0	0	0	0	0	0	0	1184.57	433.615	0	28.7376	24.4609	24.4332	23.2221	23.2237	23.4053	35.5623	35.868	35.868	35.868	43.2907	43.2907	0.129501	0.129684	0.152344	0.152328	0.150519	0.074999	0.0427244	99	0	0
setup	0	2022-12-16 23:00:00	0	0	0	3.16053	0	0	0	0.826706	0	0	0	0	0	0	0	0	0	0	1183.74	432.788	0	28.0726	24.1121	24.1454	23.078	23.1106	23.3628	35.5623	35.868	35.868	35.868	43.2907	43.2907	0.131833	0.131608	0.153805	0.153472	0.150939	0.074999	0.0427244	99	0	0
setup	0	2022-12-17 23:00:00	0	0	0	3.26575	0	0	0	0.840647	0	0	0	0	0	0	0	0	0	0	1182.9	431.947	0	25.4079	24.4271	24.1008	22.9301	22.9941	23.3188	35.5623	35.868	35.868	35.868	43.2907	43.2907	0.129724	0.13191	0.155327	0.154665	0.151376	0.074999	0.0427244	99	0	0
setup	0	2022-12-18 23:00:00	0	0	0	3.30087	0	0	0	0.833075	0	0	0	0	0	0	0	0	0	0	1182.07	431.114	0	24.2634	24.166	24.1045	22.8813	22.8776	23.2742	35.5623	35.868	35.868	35.868	43.2907	43.2907	0.131469	0.131885	0.155835	0.155873	0.151821	0.074999	0.0427244	99	0	0
setup	0	2022-12-19 23:00:00	0	0	0	3.33775	0	0	0	0.828758	0	0	0	0	0	0	0	0	0	0	1181.24	430.286	0	23.7121	23.7767	23.808	22.7346	22.7609	23.229	35.5623	35.868	35.868	35.868	43.2907	43.2907	0.134132	0.133915	0.157377	0.157099	0.152274	0.074999	0.0427244	99	0	0
setup	0	2022-12-20 23:00:00	0	0	0	3.33075	0	0	0	0.814228	0	0	0	0	0	0	0	0	0	0	1180.43	429.471	0	23.205	23.3974	23.4917	22.5857	22.6436	23.1839	35.5623	35.868	35.868	35.868	43.2907	43.2907	0.136802	0.136131	0.15897	0.158348	0.152729	0.074999	0.0427244	99	0	0
setup	0	2022-12-21 23:00:00	0	0	0	3.4133	0	0	0	0.821354	0	0	0	0	0	0	0	0	0	0	1179.61	428.65	0	22.6987	23.0152	23.1717	22.4342	22.5239	23.1375	35.5623	35.868	35.868	35.868	43.2907	43.2907	0.13957	0.138427	0.160617	0.159638	0.153198	0.074999	0.0427244	99	0	0
setup	0	2022-12-22 23:00:00	0	0	0	3.39573	0	0	0	0.80419	0	0	0	0	0	0	0	0	0	0	1178.8	427.846	0	22.2081	22.6415	22.8574	22.2848	22.4055	23.0914	35.5623	35.868	35.868	35.868	43.2907	43.2907	0.142359	0.140738	0.162269	0.160932	0.153668	0.074999	0.0427244	99	0	0
setup	0	2022-12-23 23:00:00	0	0	0	3.34832	0	0	0	0.780498	0	0	0	0	0	0	0	0	0	0	1178.02	427.065	0	21.7369	22.2793	22.5515	22.1387	22.2894	23.0458	35.5623	35.868	35.868	35.868	43.2907	43.2906	0.145144	0.143044	0.163913	0.162218	0.154134	0.074999	0.0427244	99	0	0
setup	0	2022-12-24 23:00:00	0	0	0	3.30618	0	0	0	0.758701	0	0	0	0	0	0	0	0	0	0	1177.26	426.307	0	21.2835	21.9277	22.2534	21.9957	22.1754	23.0008	35.5623	35.868	35.868	35.868	43.2907	43.2906	0.147928	0.145346	0.16555	0.163498	0.154597	0.074999	0.0427244	99	0	0
setup	0	2022-12-25 23:00:00	0	0	0	3.34652	0	0	0	0.756017	0	0	0	0	0	0	0	0	0	0	1176.51	425.551	0	20.8362	21.5779	21.9555	21.8521	22.0606	22.9551	35.5623	35.868	35.868	35.868	43.2907	43.2906	0.150782	0.147704	0.167221	0.164803	0.155068	0.074999	0.0427244	99	0	0
setup	0	2022-12-26 23:00:00	0	0	0	3.38336	0	0	0	0.752297	0	0	0	0	0	0	0	0	0	0	1175.75	424.798	0	20.3957	21.2303	21.6584	21.7082	21.9452	22.9089	35.5623	35.868	35.868	35.868	43.2907	43.2906	0.153705	0.150117	0.168924	0.166134	0.155547	0.074999	0.0427244	99	0	0
setup	0	2022-12-27 23:00:00	0	0	0	3.39211	0	0	0	0.742256	0	0	0	0	0	0	0	0	0	0	1175.01	424.056	0	19.9655	20.888	21.3646	21.5652	21.8302	22.8626	35.5623	35.868	35.868	35.868	43.2907	43.2906	0.156675	0.152565	0.170647	0.167478	0.15603	0.074999	0.0427244	99	0	0
setup	0	2022-12-28 23:00:00	0	0	0	3.16577	0	0	0	0.682041	0	0	0	0	0	0	0	0	0	0	1174.33	423.374	0	19.5741	20.5739	21.0939	21.433	21.7235	22.8193	35.5623	35.868	35.868	35.868	43.2907	43.2906	0.159482	0.154877	0.172268	0.168742	0.156483	0.074999	0.0427244	99	0	0
setup	0	2022-12-29 23:00:00	0	0	0	3.25336	0	0	0	0.69033	0	0	0	0	0	0	0	0	0	0	1173.64	422.684	0	19.1818	20.2566	20.8194	21.2982	21.6145	22.7749	35.5623	35.868	35.868	35.868	43.2907	43.2906	0.162405	0.15728	0.173948	0.17005	0.156952	0.074999	0.0427244	99	0	0
setup	0	2022-12-30 23:00:00	0	0	0	3.18493	0	0	0	0.665555	0	0	0	0	0	0	0	0	0	0	1172.97	422.018	0	18.8072	19.9513	20.5543	21.1675	21.5084	22.7313	35.5623	35.868	35.868	35.868	43.2907	43.2906	0.165304	0.159661	0.175605	0.17134	0.157413	0.074999	0.0427244	99	0	0
setup	0	2022-12-31 23:00:00	0	0	0	3.13581	0	0	0	0.645516	0	0	0	0	0	0	0	0	0	0	1172.33	421.373	0	18.4474	19.6557	20.2966	21.0399	21.4046	22.6884	35.5623	35.868	35.868	35.868	43.2907	43.2906	0.168195	0.162032	0.177249	0.17262	0.157869	0.074999	0.0427244	99	0	0
setup	0	2023-01-01 23:00:00	0	0	0	3.16375	0	0	0	0.641581	0	0	0	0	0	0	0	0	0	0	1171.69	420.731	0	18.0932	19.3624	20.04	20.9123	21.3005	22.6451	35.5623	35.868	35.868	35.868	43.2907	43.2906	0.171149	0.164453	0.178921	0.173919	0.158332	0.074999	0.0427244	99	0	0
setup	0	2023-01-02 23:00:00	0	0	0	3.25305	0	0	0	0.649688	0	0	0	0	0	0	0	0	0	0	1171.04	420.081	0	17.7379	19.0661	19.7797	20.7823	21.1941	22.6005	35.5623	35.868	35.868	35.868	43.2907	43.2906	0.174228	0.166971	0.180653	0.175265	0.15881	0.074999	0.0427244	99	0	0
setup	0	2023-01-03 23:00:00	0	0.1	0.0913448	3.03055	0	0	0.0086552	0.576698	0.0913448	0	0	0	0	0	0	0	0	0	1170.46	419.505	0	17.4255	18.8035	19.5483	20.6663	21.0989	22.5604	35.5623	35.868	35.868	35.868	43.2907	43.2906	0.177038	0.169267	0.182225	0.176486	0.159243	0.074999	0.0427244	99	0	0
setup	0	2023-01-04 23:00:00	0	10.62	10.594	2.90289	0	0	0.0259656	0.643844	0.336895	0	0	10.2571	0	0	0	0	0	0	1180.07	429.107	0	32.328	22.4709	22.0489	20.7057	21.0708	22.5685	35.5647	35.8687	35.8687	35.8687	43.2915	43.2915	0.143661	0.146959	0.181689	0.176848	0.159155	0.0749957	0.04272	99	0	0
setup	0	2023-01-05 23:00:00	0	4.8	4.79134	2.84867	0	0	0.0086552	0.737099	0.11004	0	0	4.68131	0	0	0	0	0	0	1184.02	433.046	0	27.6588	26.3194	25.2627	22.7377	22.0003	22.5574	35.566	35.8691	35.8691	35.8691	43.292	43.292	0.11796	0.124349	0.157345	0.165496	0.159276	0.0749939	0.0427176	99	0	0
setup	0	2023-01-06 23:00:00	0	0.2	0.191345	2.96731	0	0	0.0086552	0.74769	0.114983	0	0	0.0763623	0	0	0	0	0	0	1183.35	432.374	0	26.0007	25.4897	25.0417	23.1652	22.6593	22.5222	35.566	35.8691	35.8691	35.8691	43.292	43.292	0.122939	0.125741	0.152918	0.158179	0.159657	0.0749939	0.0427175	99	0	0
setup	0	2023-01-07 23:00:00	0	0	0	3.2823	0	0	0	0.844806	0	0	0	0	0	0	0	0	0	0	1182.5	431.529	0	25.017	24.8168	24.6225	23.1028	22.8234	22.5147	35.566	35.8691	35.8691	35.8691	43.292	43.292	0.127179	0.128439	0.153552	0.15644	0.159738	0.0749939	0.0427175	99	0	0
setup	0	2023-01-08 23:00:00	0	0	0	3.31373	0	0	0	0.836867	0	0	0	0	0	0	0	0	0	0	1181.66	430.692	0	24.3449	24.2929	24.2287	22.9203	22.7954	22.6271	35.566	35.8691	35.8691	35.8691	43.292	43.292	0.130617	0.131047	0.155429	0.156735	0.158525	0.0749939	0.0427175	99	0	0
setup	0	2023-01-09 23:00:00	0	0	0	3.21014	0	0	0	0.797295	0	0	0	0	0	0	0	0	0	0	1180.87	429.895	0	23.8293	23.8795	23.8873	22.711	22.69	22.6509	35.566	35.8691	35.8691	35.8691	43.292	43.292	0.133422	0.133368	0.157629	0.157852	0.15827	0.0749939	0.0427175	99	0	0
setup	0	2023-01-10 23:00:00	0	0	0	3.29238	0	0	0	0.805174	0	0	0	0	0	0	0	0	0	0	1180.06	429.09	0	23.3251	23.5028	23.5737	22.5534	22.5702	22.6119	35.566	35.8691	35.8691	35.8691	43.292	43.292	0.136052	0.135552	0.159319	0.159136	0.158687	0.0749939	0.0427175	99	0	0
setup	0	2023-01-11 23:00:00	0	0	0	3.23787	0	0	0	0.779801	0	0	0	0	0	0	0	0	0	0	1179.28	428.31	0	22.8415	23.1383	23.269	22.4102	22.4575	22.57	35.566	35.8691	35.8691	35.8691	43.292	43.292	0.13867	0.137723	0.16088	0.160361	0.159139	0.0749939	0.0427175	99	0	0
setup	0	2023-01-12 23:00:00	0	0	0	3.23946	0	0	0	0.768398	0	0	0	0	0	0	0	0	0	0	1178.51	427.542	0	22.3697	22.7796	22.9678	22.2681	22.3453	22.528	35.566	35.8691	35.8691	35.8691	43.292	43.292	0.141319	0.139919	0.162455	0.161596	0.159594	0.0749939	0.0427175	99	0	0
setup	0	2023-01-13 23:00:00	0	0	0	3.35502	0	0	0	0.783559	0	0	0	0	0	0	0	0	0	0	1177.73	426.758	0	21.8934	22.4143	22.6599	22.1222	22.2297	22.4844	35.566	35.8691	35.8691	35.8691	43.292	43.292	0.144097	0.14222	0.164101	0.162885	0.160068	0.0749939	0.0427175	99	0	0
setup	0	2023-01-14 23:00:00	0	0	0	3.32677	0	0	0	0.764809	0	0	0	0	0	0	0	0	0	0	1176.97	425.993	0	21.4332	22.0582	22.3585	21.9787	22.1157	22.4411	35.566	35.8691	35.8691	35.8691	43.292	43.292	0.146885	0.144528	0.165746	0.164174	0.160541	0.0749939	0.0427175	99	0	0
setup	0	2023-01-15 23:00:00	0	0	0	3.28624	0	0	0	0.743776	0	0	0	0	0	0	0	0	0	0	1176.22	425.25	0	20.9901	21.7124	22.0646	21.8381	22.0037	22.3984	35.566	35.8691	35.8691	35.8691	43.292	43.292	0.149674	0.146834	0.167385	0.165457	0.16101	0.0749939	0.0427175	99	0	0
setup	0	2023-01-16 23:00:00	0	0	0	3.34391	0	0	0	0.74505	0	0	0	0	0	0	0	0	0	0	1175.48	424.505	0	20.5507	21.3665	21.7695	21.6962	21.8904	22.3548	35.566	35.8691	35.8691	35.8691	43.292	43.292	0.152549	0.149208	0.169068	0.166772	0.161491	0.0749939	0.0427175	99	0	0
setup	0	2023-01-17 23:00:00	0	0	0	3.31214	0	0	0	0.726414	0	0	0	0	0	0	0	0	0	0	1174.75	423.778	0	20.1266	21.0297	21.481	21.557	21.7788	22.3117	35.566	35.8691	35.8691	35.8691	43.292	43.292	0.155433	0.151587	0.170748	0.168085	0.16197	0.0749939	0.0427175	99	0	0
setup	0	2023-01-18 23:00:00	0	0	0	3.28387	0	0	0	0.709023	0	0	0	0	0	0	0	0	0	0	1174.04	423.069	0	19.7167	20.7016	21.1988	21.4201	21.6688	22.2689	35.566	35.8691	35.8691	35.8691	43.292	43.292	0.158331	0.153974	0.172428	0.169396	0.162447	0.0749939	0.0427175	99	0	0
setup	0	2023-01-19 23:00:00	0	0	0	3.59264	0	0	0	0.763132	0	0	0	0	0	0	0	0	0	0	1173.28	422.306	0	19.2801	20.3491	20.8944	21.2717	21.5492	22.222	35.566	35.8691	35.8691	35.8691	43.292	43.292	0.161544	0.156618	0.174281	0.170842	0.162973	0.0749939	0.0427175	99	0	0
setup	0	2023-01-20 23:00:00	0	0	0	3.63636	0	0	0	0.759239	0	0	0	0	0	0	0	0	0	0	1172.52	421.547	0	18.8504	19.9991	20.5907	21.1231	21.429	22.1745	35.566	35.8691	35.8691	35.8691	43.292	43.292	0.164844	0.15933	0.176175	0.172318	0.163507	0.0749939	0.0427175	99	0	0
setup	0	2023-01-21 23:00:00	0	0	0	3.55171	0	0	0	0.728956	0	0	0	0	0	0	0	0	0	0	1171.79	420.818	0	18.4423	19.6637	20.2985	20.9793	21.3123	22.1281	35.566	35.8691	35.8691	35.8691	43.292	43.292	0.168115	0.162014	0.17804	0.173771	0.164033	0.0749939	0.0427175	99	0	0
setup	0	2023-01-22 23:00:00	0	0	0	3.53564	0	0	0	0.713478	0	0	0	0	0	0	0	0	0	0	1171.08	420.104	0	18.0471	19.3361	20.012	20.8376	21.197	22.0819	35.566	35.8691	35.8691	35.8691	43.292	43.292	0.171419	0.164721	0.179913	0.175229	0.164559	0.0749939	0.0427175	99	0	0
setup	0	2023-01-23 23:00:00	0	0	0	3.46863	0	0	0	0.688329	0	0	0	0	0	0	0	0	0	0	1170.39	419.416	0	17.6698	19.0207	19.7349	20.7	21.0846	22.0366	35.566	35.8691	35.8691	35.8691	43.292	43.292	0.174708	0.167411	0.181766	0.17667	0.165078	0.0749939	0.0427175	99	0	0
setup	0	2023-01-24 23:00:00	0	0	0	3.3894	0	0	0	0.66165	0	0	0	0	0	0	0	0	0	0	1169.73	418.754	0	17.3109	18.7182	19.4681	20.5668	20.9756	21.9923	35.566	35.8691	35.8691	35.8691	43.292	43.292	0.177968	0.170074	0.183592	0.178089	0.165588	0.0749939	0.0427175	99	0	0
setup	0	2023-01-25 23:00:00	0	0	0	3.38212	0	0	0	0.649603	0	0	0	0	0	0	0	0	0	0	1169.08	418.105	0	16.9621	18.4219	19.2058	20.4353	20.8675	21.9481	35.566	35.8691	35.8691	35.8691	43.292	43.292	0.181269	0.172765	0.185429	0.179515	0.1661	0.0749939	0.0427175	99	0	0
setup	0	2023-01-26 23:00:00	0	0	0	3.53806	0	0	0	0.668379	0	0	0	0	0	0	0	0	0	0	1168.41	417.436	0	16.6068	18.1177	18.9353	20.299	20.7552	21.9019	35.566	35.8691	35.8691	35.8691	43.292	43.292	0.184772	0.175618	0.187367	0.181018	0.166637	0.0749939	0.0427175	99	0	0
setup	0	2023-01-27 23:00:00	0	1.72	1.71134	3.19239	0	0	0.0086552	0.598874	0.124361	0	0	1.58698	0	0	0	0	0	0	1169.4	418.423	0	18.6327	18.5135	18.7171	20.1911	20.667	21.8686	35.5664	35.8692	35.8692	35.8692	43.2921	43.2921	0.180237	0.177981	0.188928	0.182215	0.167027	0.0749934	0.0427169	99	0	0
setup	0	2023-01-28 23:00:00	0	1.72	1.71134	3.19212	0	0	0.0086552	0.618188	0.12435	0	0	1.58699	0	0	0	0	0	0	1170.37	419.39	0	19.7016	19.3179	19.1533	20.0857	20.5806	21.8359	35.5667	35.8693	35.8693	35.8693	43.2923	43.2923	0.171606	0.173313	0.190476	0.183402	0.167411	0.074993	0.0427163	99	0	0
setup	0	2023-01-29 23:00:00	0	1.72	1.71134	3.19185	0	0	0.0086552	0.63571	0.124339	0	0	1.58701	0	0	0	0	0	0	1171.32	420.34	0	20.5016	19.9915	19.704	19.9827	20.4959	21.8038	35.567	35.8694	35.8694	35.8694	43.2924	43.2924	0.164917	0.167716	0.192012	0.184578	0.16779	0.0749925	0.0427156	99	0	0
setup	0	2023-01-30 23:00:00	0	1.72	1.71134	3.19157	0	0	0.0086552	0.651955	0.124327	0	0	1.58702	0	0	0	0	0	0	1172.25	421.274	0	21.1494	20.6095	20.2989	19.8819	20.4129	21.7722	35.5674	35.8695	35.8695	35.8695	43.2925	43.2925	0.15916	0.162011	0.193537	0.185744	0.168163	0.074992	0.042715	99	0	0
setup	0	2023-01-31 23:00:00	0	1.72	1.71134	3.19129	0	0	0.0086552	0.667492	0.124315	0	0	1.58703	0	0	0	0	0	0	1173.17	422.192	0	21.7327	21.2165	20.9208	19.7833	20.3316	21.7412	35.5678	35.8696	35.8696	35.8696	43.2926	43.2926	0.153823	0.156386	0.19505	0.186901	0.168532	0.0749915	0.0427143	99	0	0
setup	0	2023-02-01 23:00:00	0	1.72	1.71134	3.191	0	0	0.0086552	0.682489	0.124303	0	0	1.58704	0	0	0	0	0	0	1174.08	423.094	0	22.2877	21.7763	21.4437	20.1291	20.2518	21.7107	35.5681	35.8697	35.8697	35.8697	43.2928	43.2928	0.149152	0.1519	0.189836	0.188047	0.168895	0.074991	0.0427136	99	0	0
setup	0	2023-02-02 23:00:00	0	1.72	1.71134	3.19071	0	0	0.0086552	0.696667	0.124291	0	0	1.58705	0	0	0	0	0	0	1174.97	423.983	0	22.7877	22.2613	21.895	20.473	20.3611	21.6807	35.5685	35.8698	35.8698	35.8698	43.2929	43.2929	0.145285	0.148191	0.184899	0.18648	0.169254	0.0749905	0.0427129	99	0	0
setup	0	2023-02-03 23:00:00	0	1.72	1.71134	3.19041	0	0	0.0086552	0.709985	0.124279	0	0	1.58707	0	0	0	0	0	0	1175.84	424.858	0	23.2301	22.6942	22.3068	20.806	20.6162	21.6512	35.5689	35.87	35.87	35.87	43.2931	43.2931	0.141961	0.144929	0.180335	0.182912	0.169607	0.07499	0.0427122	99	0	0
setup	0	2023-02-04 23:00:00	0	1.72	1.71134	3.19011	0	0	0.0086552	0.724674	0.124266	0	0	1.58708	0	0	0	0	0	0	1176.71	425.719	0	23.9161	23.089	22.5811	21.0123	20.8074	21.6223	35.5693	35.8701	35.8701	35.8701	43.2932	43.2932	0.13903	0.142818	0.177608	0.180316	0.169956	0.0749894	0.0427115	99	0	0
setup	0	2023-02-05 23:00:00	0	1.72	1.71134	3.1898	0	0	0.0086552	0.73971	0.124253	0	0	1.58709	0	0	0	0	0	0	1177.55	426.565	0	27.2366	22.5908	22.4291	21.1111	20.9663	21.594	35.5697	35.8702	35.8702	35.8702	43.2933	43.2933	0.142745	0.143983	0.176328	0.178211	0.170298	0.0749888	0.0427107	99	0	0
setup	0	2023-02-06 23:00:00	0	1.72	1.71134	3.18949	0	0	0.0086552	0.751698	0.12424	0	0	1.5871	0	0	0	0	0	0	1178.39	427.398	0	28.9951	22.7277	22.4663	21.1315	21.014	21.5661	35.5701	35.8703	35.8703	35.8703	43.2935	43.2935	0.141709	0.143696	0.176066	0.177586	0.170636	0.0749883	0.0427099	99	0	0
setup	0	2023-02-07 23:00:00	0	1.72	1.71134	3.18917	0	0	0.0086552	0.761491	0.124227	0	0	1.58712	0	0	0	0	0	0	1179.21	428.222	0	29.6061	23.1745	22.7704	21.2834	21.101	21.5386	35.5705	35.8705	35.8705	35.8705	43.2937	43.2937	0.138407	0.141388	0.174134	0.176458	0.170971	0.0749877	0.0427092	99	0	0
setup	0	2023-02-08 23:00:00	0	1.72	1.71134	3.18885	0	0	0.0086552	0.772549	0.124214	0	0	1.58713	0	0	0	0	0	0	1180.03	429.035	0	29.8979	23.6061	23.1329	21.5269	21.27	21.5116	35.571	35.8706	35.8706	35.8706	43.2938	43.2938	0.135323	0.138709	0.171115	0.174303	0.171301	0.0749871	0.0427084	99	0	0
setup	0	2023-02-09 23:00:00	0	1.72	1.71134	3.18853	0	0	0.0086552	0.783036	0.1242	0	0	1.58714	0	0	0	0	0	0	1180.83	429.837	0	30.1007	23.9832	23.4814	21.8	21.4833	21.4851	35.5714	35.8707	35.8707	35.8707	43.294	43.294	0.13271	0.136204	0.167834	0.171649	0.171627	0.0749865	0.0427076	99	0	0
setup	0	2023-02-10 23:00:00	0	1.72	1.71134	3.1882	0	0	0.0086552	0.792818	0.124186	0	0	1.58716	0	0	0	0	0	0	1181.63	430.629	0	30.2691	24.3178	23.804	22.0724	21.7154	21.459	35.5719	35.8709	35.8709	35.8709	43.2941	43.2941	0.130451	0.133943	0.164668	0.168838	0.171947	0.0749859	0.0427067	99	0	0
setup	0	2023-02-11 23:00:00	0	1.72	1.71134	3.18787	0	0	0.0086552	0.802041	0.124173	0	0	1.58717	0	0	0	0	0	0	1182.41	431.412	0	30.4185	24.6222	24.1052	22.3412	21.9569	21.5831	35.5723	35.871	35.871	35.871	43.2943	43.2943	0.128441	0.13188	0.161642	0.165998	0.170431	0.0749853	0.0427059	99	0	0
setup	0	2023-02-12 23:00:00	0	1.72	1.71134	3.18753	0	0	0.0086552	0.810774	0.124159	0	0	1.58719	0	0	0	0	0	0	1183.19	432.187	0	30.5556	24.9046	24.3881	22.5985	22.1931	21.7811	35.5728	35.8711	35.8711	35.8711	43.2945	43.2945	0.126615	0.129983	0.158831	0.163297	0.168057	0.0749846	0.042705	99	0	0
setup	0	2023-02-13 23:00:00	0	1.72	1.71134	3.18719	0	0	0.0086552	0.819136	0.124144	0	0	1.5872	0	0	0	0	0	0	1183.96	432.953	0	30.6834	25.1694	24.6558	22.8487	22.4326	21.9801	35.5733	35.8713	35.8713	35.8713	43.2947	43.2947	0.124934	0.128222	0.156175	0.160634	0.165729	0.0749839	0.0427041	99	0	0
setup	0	2023-02-14 23:00:00	0	1.72	1.71134	3.18685	0	0	0.0086552	0.827153	0.12413	0	0	1.58721	0	0	0	0	0	0	1184.72	433.71	0	30.8041	25.4209	24.9122	23.0918	22.6653	22.1606	35.5738	35.8714	35.8714	35.8714	43.2948	43.2948	0.123364	0.126566	0.153664	0.158115	0.163665	0.0749833	0.0427032	99	0	0
setup	0	2023-02-15 23:00:00	0	1.72	1.71134	3.1865	0	0	0.0086552	0.834852	0.124116	0	0	1.58723	0	0	0	0	0	0	1185.47	434.461	0	30.9192	25.6611	25.1573	23.3246	22.8905	22.3648	35.5743	35.8716	35.8716	35.8716	43.295	43.295	0.121889	0.12501	0.151319	0.155739	0.161381	0.0749826	0.0427022	99	0	0
setup	0	2023-02-16 23:00:00	0	1.72	1.71134	3.18615	0	0	0.0086552	0.842304	0.124101	0	0	1.58724	0	0	0	0	0	0	1186.21	435.203	0	31.0293	25.8911	25.3929	23.5512	23.1145	22.58	35.5748	35.8718	35.8718	35.8718	43.2952	43.2952	0.120498	0.123538	0.149091	0.153433	0.15903	0.0749818	0.0427013	99	0	0
setup	0	2023-02-17 23:00:00	0	1.72	1.71134	3.1858	0	0	0.0086552	0.849558	0.124086	0	0	1.58726	0	0	0	0	0	0	1186.95	435.938	0	31.1352	26.1131	25.6214	23.7737	23.3378	22.8015	35.5754	35.8719	35.8719	35.8719	43.2954	43.2954	0.119174	0.122132	0.146953	0.151188	0.156671	0.0749811	0.0427003	99	0	0
setup	0	2023-02-18 23:00:00	0	1.72	1.71134	3.18544	0	0	0.0086552	0.856647	0.124071	0	0	1.58727	0	0	0	0	0	0	1187.68	436.667	0	31.2379	26.3289	25.8444	23.9929	23.5601	23.0263	35.5759	35.8721	35.8721	35.8721	43.2956	43.2956	0.117904	0.120779	0.144892	0.149004	0.154334	0.0749804	0.0426992	99	0	0
setup	0	2023-02-19 23:00:00	0	1.72	1.71134	3.18508	0	0	0.0086552	0.863597	0.124056	0	0	1.58729	0	0	0	0	0	0	1188.41	437.388	0	31.3381	26.5401	26.0632	24.2093	23.7811	23.2525	35.5765	35.8723	35.8723	35.8723	43.2958	43.2958	0.116678	0.11947	0.142902	0.146882	0.152038	0.0749796	0.0426982	99	0	0
setup	0	2023-02-20 23:00:00	0	1.72	1.71134	3.18472	0	0	0.0086552	0.870426	0.124041	0	0	1.5873	0	0	0	0	0	0	1189.12	438.102	0	31.4365	26.7474	26.2785	24.4231	24.0005	23.479	35.5771	35.8724	35.8724	35.8724	43.296	43.296	0.115489	0.118199	0.140977	0.144822	0.149795	0.0749788	0.0426971	99	0	0
setup	0	2023-02-21 23:00:00	0	1.72	1.71134	3.18435	0	0	0.0086552	0.877147	0.124026	0	0	1.58732	0	0	0	0	0	0	1189.83	438.81	0	31.5334	26.9517	26.4908	24.6345	24.2181	23.7047	35.5777	35.8726	35.8726	35.8726	43.2962	43.2962	0.114331	0.116963	0.139111	0.142823	0.14761	0.0749779	0.042696	99	0	0
setup	0	2023-02-22 23:00:00	0	1.72	1.71134	3.18398	0	0	0.0086552	0.883769	0.124011	0	0	1.58733	0	0	0	0	0	0	1190.54	439.51	0	31.629	27.1534	26.7006	24.8436	24.4338	23.9259	35.5783	35.8728	35.8728	35.8728	43.2965	43.2965	0.113202	0.115756	0.1373	0.140882	0.145518	0.0749771	0.0426948	99	0	0
setup	0	2023-02-23 23:00:00	0	1.72	1.71134	3.18361	0	0	0.0086552	0.890251	0.123995	0	0	1.58735	0	0	0	0	0	0	1191.23	440.205	0	31.7235	27.3527	26.9078	25.0494	24.643	24.1071	35.5789	35.873	35.873	35.873	43.2967	43.2967	0.112098	0.114579	0.135552	0.139036	0.143837	0.0749762	0.0426937	99	0	0
setup	0	2023-02-24 23:00:00	0	1.72	1.71134	3.18324	0	0	0.0086552	0.896553	0.12398	0	0	1.58736	0	0	0	0	0	0	1191.93	440.893	0	31.8169	27.5488	27.1104	25.2478	24.842	24.2981	35.5796	35.8732	35.8732	35.8732	43.2969	43.2969	0.111024	0.113441	0.133898	0.137315	0.142098	0.0749753	0.0426924	99	0	0
setup	0	2023-02-25 23:00:00	0	1.72	1.71134	3.18286	0	0	0.0086552	0.902712	0.123964	0	0	1.58738	0	0	0	0	0	0	1192.61	441.574	0	31.9083	27.7404	27.3079	25.4413	25.0375	24.4934	35.5803	35.8734	35.8734	35.8734	43.2972	43.2972	0.109986	0.112345	0.132312	0.135653	0.140352	0.0749744	0.0426912	99	0	0
setup	0	2023-02-26 23:00:00	0	1.72	1.71134	3.18249	0	0	0.0086552	0.908748	0.123948	0	0	1.5874	0	0	0	0	0	0	1193.29	442.25	0	31.9978	27.9278	27.5013	25.6316	25.2312	24.6905	35.581	35.8736	35.8736	35.8736	43.2975	43.2975	0.108981	0.111283	0.130777	0.134035	0.138622	0.0749734	0.0426899	99	0	0
setup	0	2023-02-27 23:00:00	0	1.72	1.71134	3.18211	0	0	0.0086552	0.914678	0.123933	0	0	1.58741	0	0	0	0	0	0	1193.96	442.919	0	32.0856	28.1118	27.6915	25.8194	25.4233	24.8881	35.5817	35.8738	35.8738	35.8738	43.2977	43.2977	0.108004	0.11025	0.129287	0.132458	0.13692	0.0749724	0.0426885	99	0	0
setup	0	2023-02-28 23:00:00	0	1.72	1.71134	3.18173	0	0	0.0086552	0.920515	0.123917	0	0	1.58743	0	0	0	0	0	0	1194.63	443.583	0	32.172	28.2929	27.879	26.0052	25.6139	25.0854	35.5825	35.8741	35.8741	35.8741	43.298	43.298	0.107052	0.109242	0.127836	0.130919	0.13525	0.0749714	0.0426871	99	0	0
setup	0	2023-03-01 23:00:00	0	1.72	1.71134	3.18134	0	0	0.0086552	0.926266	0.123901	0	0	1.58744	0	0	0	0	0	0	1195.29	444.241	0	32.2572	28.4717	28.0641	26.1889	25.8029	25.2819	35.5832	35.8743	35.8743	35.8743	43.2983	43.2983	0.10612	0.108256	0.126423	0.129417	0.133616	0.0749703	0.0426857	99	0	0
setup	0	2023-03-02 23:00:00	0	1.72	1.71134	3.18096	0	0	0.0086552	0.93194	0.123885	0	0	1.58746	0	0	0	0	0	0	1195.94	444.893	0	32.3414	28.6484	28.2472	26.3708	25.9902	25.4772	35.5841	35.8745	35.8745	35.8745	43.2986	43.2986	0.105208	0.107291	0.125044	0.127952	0.13202	0.0749692	0.0426842	99	0	0
setup	0	2023-03-03 23:00:00	0	1.72	1.71134	3.18057	0	0	0.0086552	0.937541	0.123868	0	0	1.58748	0	0	0	0	0	0	1196.59	445.539	0	32.4248	28.8233	28.4284	26.5509	26.1758	25.671	35.5849	35.8748	35.8748	35.8748	43.2989	43.2989	0.104312	0.106345	0.123698	0.126522	0.130462	0.074968	0.0426826	99	0	0
setup	0	2023-03-04 23:00:00	0	1.72	1.71134	3.18018	0	0	0.0086552	0.943072	0.123852	0	0	1.58749	0	0	0	0	0	0	1197.24	446.179	0	32.5074	28.9966	28.6079	26.7293	26.3598	25.8633	35.5858	35.8751	35.8751	35.8751	43.2992	43.2992	0.103433	0.105416	0.122384	0.125126	0.128942	0.0749668	0.042681	99	0	0
setup	0	2023-03-05 23:00:00	0	1.72	1.71134	3.17979	0	0	0.0086552	0.948535	0.123836	0	0	1.58751	0	0	0	0	0	0	1197.88	446.814	0	32.5893	29.1682	28.7857	26.906	26.5421	26.0539	35.5867	35.8753	35.8753	35.8753	43.2995	43.2995	0.102569	0.104504	0.121099	0.123763	0.127459	0.0749656	0.0426793	99	0	0
setup	0	2023-03-06 23:00:00	0	1.72	1.71134	3.1794	0	0	0.0086552	0.953934	0.12382	0	0	1.58753	0	0	0	0	0	0	1198.51	447.444	0	32.6705	29.3384	28.962	27.0812	26.7227	26.2427	35.5876	35.8756	35.8756	35.8756	43.2999	43.2999	0.101719	0.103608	0.119843	0.122432	0.126013	0.0749643	0.0426776	99	0	0
setup	0	2023-03-07 23:00:00	0	1.72	1.71134	3.179	0	0	0.0086552	0.959269	0.123803	0	0	1.58754	0	0	0	0	0	0	1199.14	448.068	0	32.751	29.5072	29.1367	27.2547	26.9017	26.4297	35.5886	35.8759	35.8759	35.8759	43.3002	43.3002	0.100884	0.102727	0.118615	0.121131	0.124601	0.074963	0.0426757	99	0	0
setup	0	2023-03-08 23:00:00	0	1.72	1.71134	3.17861	0	0	0.0086552	0.964542	0.123787	0	0	1.58756	0	0	0	0	0	0	1199.76	448.686	0	32.831	29.6746	29.3099	27.4266	27.0789	26.615	35.5896	35.8762	35.8762	35.8762	43.3006	43.3006	0.100061	0.101862	0.117413	0.119859	0.123224	0.0749615	0.0426738	99	0	0
setup	0	2023-03-09 23:00:00	0	1.72	1.71134	3.17821	0	0	0.0086552	0.969753	0.12377	0	0	1.58757	0	0	0	0	0	0	1200.38	449.299	0	32.9103	29.8405	29.4815	27.597	27.2545	26.7983	35.5907	35.8765	35.8765	35.8765	43.301	43.301	0.0992518	0.10101	0.116237	0.118616	0.12188	0.0749601	0.0426718	99	0	0
setup	0	2023-03-10 23:00:00	0	1.72	1.71134	3.17781	0	0	0.0086552	0.976844	0.123754	0	0	1.58759	0	0	0	0	0	0	1200.99	449.905	0	35.2939	29.3988	29.2141	27.5339	27.3125	26.9664	35.5919	35.8769	35.8769	35.8769	43.3014	43.3014	0.10142	0.102339	0.116671	0.118209	0.120665	0.0749585	0.0426697	99	0	0
setup	0	2023-03-11 23:00:00	0	1.72	1.71134	3.17741	0	0	0.0086552	0.979636	0.123737	0	0	1.58761	0	0	0	0	0	0	1201.6	450.508	0	36.0955	29.5749	29.2692	27.53	27.3256	27.0726	35.593	35.8772	35.8772	35.8772	43.3018	43.3018	0.100551	0.102064	0.116698	0.118117	0.119904	0.074957	0.0426676	99	0	0
setup	0	2023-03-12 23:00:00	0	1.72	1.71134	3.17701	0	0	0.0086552	0.98461	0.12372	0	0	1.58762	0	0	0	0	0	0	1202.2	451.106	0	36.2291	29.8645	29.4975	27.679	27.4338	27.1591	35.5941	35.8776	35.8776	35.8776	43.3022	43.3022	0.0991353	0.100931	0.115676	0.117363	0.11929	0.0749554	0.0426655	99	0	0
setup	0	2023-03-13 23:00:00	0	1.72	1.71134	3.17661	0	0	0.0086552	0.990313	0.123704	0	0	1.58764	0	0	0	0	0	0	1202.8	451.698	0	36.2494	30.1168	29.7301	27.8658	27.5874	27.2645	35.5954	35.8779	35.8779	35.8779	43.3027	43.3027	0.097918	0.0997899	0.11441	0.116303	0.118546	0.0749537	0.0426633	99	0	0
setup	0	2023-03-14 23:00:00	0	1.72	1.71134	3.17621	0	0	0.0086552	0.995726	0.123687	0	0	1.58766	0	0	0	0	0	0	1203.39	452.284	0	36.2525	30.3361	29.9435	28.0526	27.7539	27.3935	35.5966	35.8783	35.8783	35.8783	43.3031	43.3031	0.0968702	0.0987527	0.11316	0.115166	0.117644	0.074952	0.0426609	99	0	0
setup	0	2023-03-15 23:00:00	0	1.72	1.71134	3.17581	0	0	0.0086552	1.00083	0.12367	0	0	1.58767	0	0	0	0	0	0	1203.98	452.865	0	36.253	30.5344	30.141	28.2332	27.9234	27.5397	35.598	35.8787	35.8787	35.8787	43.3036	43.3036	0.0959313	0.0978019	0.111966	0.114023	0.116631	0.0749501	0.0426584	99	0	0
setup	0	2023-03-16 23:00:00	0	1.72	1.71134	3.17541	0	0	0.0086552	1.00367	0.123653	0	0	1.58769	0	0	0	0	0	0	1204.56	453.443	0	36.2532	30.4111	30.1913	28.4923	28.2832	27.8133	35.5994	35.8792	35.8792	35.8792	43.3042	43.3042	0.096514	0.0975609	0.110279	0.111639	0.114764	0.0749482	0.0426558	99	0	0
setup	0	2023-03-17 23:00:00	0	1.72	1.71134	3.175	0	0	0.0086552	1.00864	0.123637	0	0	1.58771	0	0	0	0	0	0	1205.14	454.015	0	36.2532	30.7687	30.4166	28.5582	28.2999	27.9718	35.6009	35.8796	35.8796	35.8796	43.3047	43.3047	0.0948318	0.0964879	0.109855	0.111529	0.113698	0.0749461	0.042653	99	0	0
setup	0	2023-03-18 23:00:00	0	1.72	1.71134	3.1746	0	0	0.0086552	1.01028	0.12362	0	0	1.58772	0	0	0	0	0	0	1205.72	454.585	0	36.2533	30.7059	30.4227	28.6738	28.5226	28.3595	35.6025	35.8801	35.8801	35.8801	43.3053	43.3053	0.0951253	0.0964592	0.109114	0.110084	0.111141	0.0749439	0.04265	99	0	0
setup	0	2023-03-19 23:00:00	0	1.72	1.71134	3.1742	0	0	0.0086552	1.01155	0.123603	0	0.403605	1.58774	0	0	0	0	0	0	1205.89	454.751	0	36.2534	30.7192	30.4662	28.7472	28.6036	28.425	35.5575	35.8795	35.8806	35.8806	43.3246	43.3103	0.0950631	0.0962533	0.108647	0.109563	0.110715	0.0749468	0.0425516	99	0	0
setup	0	2023-03-20 23:00:00	0	1.72	1.71134	3.17379	0	0	0.0086552	1.01268	0.123586	0	0.403606	1.58776	0	0	0	0	0	0	1206.06	454.911	0	36.2534	30.7553	30.5093	28.7985	28.6629	28.4923	35.5105	35.8781	35.881	35.8812	43.3382	43.317	0.0948944	0.0960495	0.108322	0.109184	0.110279	0.0749531	0.0424822	99	0	0
setup	0	2023-03-21 23:00:00	0	1.72	1.71134	3.17339	0	0	0.0086552	1.01385	0.123569	0	0.403606	1.58778	0	0	0	0	0	0	1206.23	455.065	0	36.2535	30.7967	30.5546	28.8474	28.7174	28.5553	35.4628	35.876	35.8812	35.8817	43.3492	43.3235	0.094701	0.0958362	0.108012	0.108836	0.109873	0.0749627	0.0424264	99	0	0
setup	0	2023-03-22 23:00:00	0	1.72	1.71134	3.17298	0	0	0.0086552	1.0148	0.123552	0	0.403607	1.58779	0	0	0	0	0	0	1206.4	455.214	0	36.2536	30.8468	30.6015	28.8915	28.7652	28.6141	35.4156	35.8731	35.8814	35.8823	43.358	43.3295	0.0944675	0.0956153	0.107734	0.108533	0.109496	0.0749759	0.0423814	99	0	0
setup	0	2023-03-23 23:00:00	0	1.72	1.71134	3.17258	0	0	0.0086552	1.01577	0.123536	0	0.403607	1.58781	0	0	0	0	0	0	1206.57	455.359	0	36.2537	30.8997	30.6504	28.9357	28.8109	28.6685	35.3695	35.8694	35.8813	35.8828	43.3653	43.3348	0.0942218	0.0953854	0.107456	0.108243	0.109148	0.0749927	0.0423439	99	0	0
setup	0	2023-03-24 23:00:00	0	1.72	1.71134	3.17217	0	0	0.0086552	1.01675	0.123519	0	0.403608	1.58783	0	0	0	0	0	0	1206.74	455.5	0	36.2537	30.9534	30.7004	28.98	28.8557	28.7195	35.3253	35.8649	35.8811	35.8834	43.3716	43.3396	0.0939722	0.0951514	0.107178	0.10796	0.108823	0.0750131	0.0423121	99	0	0
setup	0	2023-03-25 23:00:00	0	1.72	1.71134	3.17177	0	0	0.0086552	1.01566	0.123502	0	0.807215	1.58784	0	0	0	0	0	0	1206.5	455.641	0	36.2538	30.596	30.5861	29.1084	28.9915	28.778	35.8733	35.8596	35.8806	35.884	43.3772	43.3437	0.0956412	0.0956878	0.106378	0.107107	0.108451	0.0750371	0.0422833	99	0	0
setup	0	2023-03-26 23:00:00	0	1.72	1.71134	3.17136	0	0	0.0086552	1.01566	0.123485	0	0.403608	1.58786	0	0	0	0	0	0	1206.67	455.779	0	36.2539	30.7032	30.5654	28.9934	28.9398	28.8208	35.7909	35.86	35.8802	35.8845	43.3855	43.346	0.0951381	0.0957849	0.107095	0.107431	0.10818	0.0750353	0.042241	99	0	0
setup	0	2023-03-27 23:00:00	0	1.72	1.71134	3.17096	0	0	0.0086552	1.01643	0.123468	0	0.403608	1.58788	0	0	0	0	0	0	1206.84	455.915	0	36.2539	30.8374	30.6403	29.0001	28.9306	28.8428	35.7275	35.8601	35.8798	35.8851	43.3893	43.3501	0.0945114	0.0954332	0.107053	0.107488	0.108041	0.0750347	0.0422215	99	0	0
setup	0	2023-03-28 23:00:00	0	1.72	1.71134	3.17055	0	0	0.0086552	1.01756	0.123451	0	0.403609	1.58789	0	0	0	0	0	0	1207.01	456.048	0	36.254	30.9346	30.7125	29.038	28.9519	28.8619	35.6689	35.8599	35.8794	35.8857	43.3926	43.3539	0.0940595	0.0950946	0.106816	0.107355	0.10792	0.0750357	0.0422044	99	0	0
setup	0	2023-03-29 23:00:00	0	1.72	1.71134	3.17015	0	0	0.0086552	1.0165	0.123434	0	0.807218	1.58791	0	0	0	0	0	0	1206.77	455.779	0	36.2541	30.6504	30.6335	29.2064	29.0824	28.8924	35.5619	35.8572	35.878	35.8863	43.4219	43.3589	0.0953856	0.0954651	0.105771	0.10654	0.107728	0.0750478	0.0420545	99	0	0
setup	0	2023-03-30 23:00:00	0	1.72	1.71134	3.16975	0	0	0.0086552	1.01633	0.123418	0	0.403609	1.58793	0	0	0	0	0	0	1206.94	455.909	0	36.2542	30.7188	30.5857	29.0632	29.0259	28.9249	35.5152	35.8554	35.8775	35.8869	43.4171	43.3646	0.0950652	0.0956897	0.106659	0.106891	0.107524	0.0750562	0.0420793	99	0	0
setup	0	2023-03-31 23:00:00	0	1.72	1.71134	3.16934	0	0	0.0086552	1.01722	0.123401	0	0.40361	1.58794	0	0	0	0	0	0	1207.11	456.036	0	36.2542	30.8661	30.6787	29.0559	29.0032	28.9375	35.4725	35.8529	35.8769	35.8875	43.4156	43.3682	0.0943779	0.095253	0.106705	0.107034	0.107445	0.0750674	0.0420865	99	0	0
setup	0	2023-04-01 23:00:00	0	1.72	1.71134	3.16894	0	0	0.0086552	1.01819	0.123384	0	0.403611	1.58796	0	0	0	0	0	0	1207.27	456.161	0	36.2543	30.979	30.7586	29.0898	29.0151	28.9477	35.433	35.8499	35.8763	35.8881	43.4153	43.3709	0.0938537	0.0948788	0.106494	0.106959	0.107381	0.0750813	0.0420884	99	0	0
setup	0	2023-04-02 23:00:00	0	1.72	1.71134	3.16854	0	0	0.0086552	1.01691	0.123367	0	1.61444	1.58798	0	0	0	0	0	0	1206.23	455.487	0	36.2544	30.6249	30.6268	29.2233	29.1367	28.9746	35.3588	35.841	35.8738	35.8837	43.133	43.3716	0.0955054	0.0954964	0.105666	0.106202	0.107212	0.0751218	0.0435208	99	0	0
setup	0	2023-04-03 23:00:00	0	1.72	1.71134	3.16814	0	0	0.0086552	1.01712	0.123351	0	0.403609	1.58799	0	0	0	0	0	0	1206.4	455.62	0	36.2544	30.7798	30.6329	29.1082	29.0787	28.9975	35.3271	35.8358	35.8725	35.8551	43.2175	43.3615	0.0947798	0.0954676	0.106379	0.106563	0.107069	0.0751452	0.0430949	99	0	0
setup	0	2023-04-04 23:00:00	0	1.72	1.71134	3.16774	0	0	0.0086552	1.01798	0.123334	0	0.40361	1.58801	0	0	0	0	0	0	1206.56	455.758	0	36.2545	30.9249	30.7325	29.1054	29.0566	29.0039	35.2982	35.83	35.8711	35.8532	43.2578	43.3522	0.0941048	0.095001	0.106396	0.1067	0.107029	0.0751714	0.0428912	99	0	0
setup	0	2023-04-05 23:00:00	0	1.72	1.71134	3.16734	0	0	0.0086552	1.01688	0.123317	0	0.403611	1.58803	0	0	0	0	0	0	1206.73	455.9	0	36.2546	30.6723	30.6605	29.2868	29.175	29.0175	35.8544	35.8237	35.8671	35.8559	43.2937	43.3442	0.0952827	0.0953382	0.105276	0.105965	0.106944	0.0752003	0.0427087	99	0	0
setup	0	2023-04-06 23:00:00	0	1.72	1.71134	3.16694	0	0	0.0086552	1.01682	0.123301	0	0.403611	1.58804	0	0	0	0	0	0	1206.9	456.044	0	36.2547	30.7418	30.6105	29.1538	29.1215	29.0383	35.7784	35.8254	35.8638	35.8581	43.3289	43.3376	0.0949575	0.095573	0.106096	0.106296	0.106814	0.0751923	0.0425296	99	0	0
setup	0	2023-04-07 23:00:00	0	1.72	1.71134	3.16655	0	0	0.0086552	1.01752	0.123284	0	0.403612	1.58806	0	0	0	0	0	0	1207.06	456.188	0	36.2547	30.9004	30.7174	29.1152	29.0833	29.0429	35.7283	35.8261	35.8622	35.8596	43.3524	43.3348	0.0942186	0.0950718	0.106336	0.106534	0.106786	0.0751893	0.0424098	99	0	0
setup	0	2023-04-08 23:00:00	0	1.72	1.71134	3.16615	0	0	0.0086552	1.01734	0.123268	0	0.807225	1.58808	0	0	0	0	0	0	1206.83	455.929	0	36.2548	30.7418	30.7052	29.369	29.2036	29.0465	35.6354	35.8255	35.8594	35.8607	43.3917	43.3376	0.0949574	0.0951287	0.104772	0.105788	0.106763	0.0751919	0.0422091	99	0	0
setup	0	2023-04-09 23:00:00	0	1.72	1.71134	3.16576	0	0	0.0086552	1.01666	0.123251	0	0.403613	1.58809	0	0	0	0	0	0	1207	456.066	0	36.2549	30.7138	30.6019	29.1965	29.1594	29.0683	35.5938	35.825	35.8584	35.8615	43.39	43.3437	0.0950883	0.0956132	0.105832	0.106061	0.106628	0.0751942	0.042218	99	0	0
setup	0	2023-04-10 23:00:00	0	1.72	1.71134	3.16536	0	0	0.0086552	1.01741	0.123235	0	0.403613	1.58811	0	0	0	0	0	0	1207.16	456.199	0	36.2549	30.8777	30.7025	29.1339	29.1149	29.0733	35.5553	35.8241	35.8575	35.8622	43.3908	43.3484	0.0943238	0.0951412	0.106219	0.106337	0.106596	0.0751985	0.042214	99	0	0
setup	0	2023-04-11 23:00:00	0	1.72	1.71134	3.16497	0	0	0.0086552	1.01852	0.123219	0	0.403614	1.58813	0	0	0	0	0	0	1207.33	456.328	0	36.255	31.0125	30.8059	29.1603	29.1086	29.0711	35.5193	35.8226	35.8565	35.863	43.3922	43.3518	0.093699	0.0946582	0.106056	0.106377	0.10661	0.0752051	0.0422064	99	0	0
setup	0	2023-04-12 23:00:00	0	1.72	1.71134	3.16458	0	0	0.0086552	1.01687	0.123202	0	1.21084	1.58814	0	0	0	0	0	0	1206.69	456.056	0	36.2551	30.6573	30.6254	29.2748	29.2151	29.0903	35.4508	35.8172	35.8537	35.8637	43.4167	43.3573	0.0953532	0.0955032	0.105349	0.105717	0.10649	0.0752299	0.042081	99	0	0
setup	0	2023-04-13 23:00:00	0	1.72	1.71134	3.1642	0	0	0.0086552	1.01716	0.123186	0	0.403614	1.58816	0	0	0	0	0	0	1206.86	456.182	0	36.2551	30.8416	30.6754	29.1798	29.1601	29.1039	35.421	35.814	35.8525	35.8644	43.4123	43.3619	0.094492	0.0952686	0.105935	0.106057	0.106406	0.0752443	0.0421034	99	0	0
setup	0	2023-04-14 23:00:00	0	1.72	1.71134	3.16381	0	0	0.0086552	1.0183	0.12317	0	0.403615	1.58817	0	0	0	0	0	0	1207.02	456.305	0	36.2552	30.9856	30.7932	29.1717	29.1343	29.1019	35.3937	35.8103	35.8512	35.8651	43.4109	43.3646	0.0938231	0.0947174	0.105985	0.106217	0.106418	0.0752611	0.0421109	99	0	0
setup	0	2023-04-15 23:00:00	0	1.72	1.71134	3.16343	0	0	0.0086552	1.01666	0.123154	0	1.21084	1.58819	0	0	0	0	0	0	1206.38	455.628	0	36.2553	30.6353	30.6323	29.314	29.2463	29.1156	35.3406	35.8003	35.8474	35.8597	43.1275	43.3648	0.0954563	0.0954704	0.105108	0.105525	0.106333	0.0753065	0.0435486	99	0	0
setup	0	2023-04-16 23:00:00	0	1.72	1.71134	3.16304	0	0	0.0086552	1.01697	0.123138	0	0.403614	1.58821	0	0	0	0	0	0	1206.55	455.762	0	36.2553	30.8168	30.6596	29.2131	29.1907	29.1293	35.318	35.795	35.8456	35.8356	43.2025	43.3544	0.0946076	0.0953426	0.10573	0.105868	0.106248	0.075331	0.043171	99	0	0
setup	0	2023-04-17 23:00:00	0	1.72	1.71134	3.16266	0	0	0.0086552	1.01787	0.123122	0	0.403615	1.58822	0	0	0	0	0	0	1206.72	455.899	0	36.2554	30.9661	30.7797	29.1795	29.1548	29.1277	35.2973	35.7891	35.8436	35.8346	43.2411	43.3448	0.0939137	0.0947805	0.105937	0.10609	0.106258	0.0753576	0.0429758	99	0	0
setup	0	2023-04-18 23:00:00	0	1.72	1.71134	3.16228	0	0	0.0086552	1.01654	0.123107	0	0.403616	1.58824	0	0	0	0	0	0	1206.89	456.041	0	36.2555	30.6469	30.6509	29.342	29.2662	29.1352	35.8322	35.7854	35.8414	35.8372	43.2769	43.3366	0.0954022	0.0953831	0.104937	0.105402	0.106211	0.0753744	0.0427942	99	0	0
setup	0	2023-04-19 23:00:00	0	1.72	1.71134	3.16191	0	0	0.0086552	1.0166	0.123091	0	0.403616	1.58825	0	0	0	0	0	0	1207.05	456.186	0	36.2555	30.8044	30.6485	29.2333	29.211	29.1499	35.7679	35.7994	35.8401	35.8389	43.3121	43.3298	0.094665	0.0953946	0.105605	0.105743	0.10612	0.075311	0.0426155	99	0	0
setup	0	2023-04-20 23:00:00	0	0	0	3.74739	0	0	0	1.25162	0	0	0	0	0	0	0	0	0	0	1205.8	454.92	0	33.9232	30.6586	30.5913	29.0511	29.045	29.0923	35.7679	35.7994	35.8401	35.8393	43.3121	43.3232	0.0953472	0.0956633	0.106734	0.106772	0.106478	0.0753108	0.0426155	99	0	0
setup	0	2023-04-21 23:00:00	0	0	0	3.53273	0	0	0	1.16173	0	0	0	0	0	0	0	0	0	0	1204.64	453.745	0	32.6778	30.2751	30.277	28.8443	28.8786	29.0296	35.7679	35.7994	35.8401	35.8395	43.3121	43.3175	0.0971606	0.0971517	0.108032	0.107815	0.106868	0.0753108	0.0426155	99	0	0
setup	0	2023-04-22 23:00:00	0	1	0.991345	3.37415	0	0	0.0086552	1.06266	0.131935	0	0	0.85941	0	0	0	0	0	0	1204.44	453.527	0	33.7943	29.9639	29.9575	28.6472	28.7256	28.9748	35.7685	35.7999	35.8403	35.84	43.3124	43.3132	0.0986542	0.0986851	0.109284	0.108784	0.107211	0.0753085	0.0426138	99	0	0
setup	0	2023-04-23 23:00:00	0	17.06	17.0254	3.00985	0	0	0.0346208	0.846791	0.46702	0	9.6871	16.5584	0	0	0	0	0	0	1210.46	459.452	0	35.412	31.0074	31.0231	29.531	29.871	29.9524	35.7868	36.7847	36.772	35.8564	43.9646	43.3509	0.0937226	0.09365	0.103786	0.101746	0.101264	0.0708705	0.0392073	99	0	0
setup	0	2023-04-24 23:00:00	0	0	0	3.20511	0	0	0	1.07514	0	0	2.82532	0	0	0	0	0	0	0	1206.56	455.544	0	33.7751	30.5851	30.6353	29.3266	29.7094	29.7833	35.6076	35.5242	35.6843	35.8766	43.2272	43.3463	0.0956926	0.0954564	0.105032	0.102711	0.102269	0.0765671	0.0430462	99	0	0
setup	0	2023-04-25 23:00:00	0	0	0	3.36778	0	0	0	1.11349	0	0	0	0	0	0	0	0	0	0	1205.45	454.42	0	32.6618	30.2347	30.239	29.1127	29.5398	29.679	35.5981	35.5794	35.683	35.8646	43.2331	43.3358	0.0973535	0.0973329	0.106351	0.103732	0.102893	0.0763144	0.0430163	99	0	0
setup	0	2023-04-26 23:00:00	0	5.1	5.08269	3.15762	0	0	0.0173104	0.960453	0.214257	0	5.24696	4.86843	0	0	0	0	0	0	1204.11	453.484	0	30.0931	30.6566	30.6059	29.0111	28.9751	29.6349	35.5709	35.5874	35.6459	35.8547	43.225	43.3171	0.0953566	0.0955947	0.106984	0.107209	0.103158	0.0762777	0.0430573	99	0	0
setup	0	2023-04-27 23:00:00	0	35	34.9394	3.09322	0	0	0.0605864	0.721948	0.841603	0	9.68757	34.0978	0	0	0	0	0	0	1227.8	474.669	0	30.2439	31.0568	31.0597	29.5422	29.8855	29.9199	35.5929	35.6577	35.4509	35.9649	49.8518	48.6364	0.0934941	0.0934807	0.103718	0.10166	0.101456	0.0759567	0.0138681	99	0	0
setup	0	2023-04-28 23:00:00	0	0.1	0.0913448	3.18115	0	0	0.0086552	1.00345	0.0913448	0	9.68736	0	0	0	0	0	0	0	1217.11	461.207	0	29.6211	30.5936	30.6808	29.3426	29.7277	29.7675	35.6578	35.5728	35.5318	35.7993	43.2432	48.4344	0.0956525	0.0952428	0.104933	0.102601	0.102363	0.0763445	0.0429648	99	0	0
setup	0	2023-04-29 23:00:00	0	11.7	11.674	2.97153	0	0	0.0259656	0.874931	0.345476	0	9.68715	11.3286	0	0	0	0	0	0	1217.87	459.628	0	34.7214	30.9925	31.0112	29.5255	29.8661	29.8704	35.5114	35.7196	35.7998	35.7009	43.3594	46.6628	0.0937914	0.0937047	0.103819	0.101775	0.10175	0.0756741	0.0423743	99	0	0
setup	0	2023-04-30 23:00:00	0	0	0	3.00403	0	0	0	1.00197	0	0	9.68628	0	0	0	0	0	0	0	1207.19	455.141	0	33.4496	30.5472	30.6468	29.3333	29.7142	29.7114	35.5732	35.7179	35.7132	35.7009	43.3594	43.336	0.0958708	0.0954024	0.104991	0.102682	0.102699	0.0756819	0.0423743	99	0	0
setup	0	2023-05-01 23:00:00	0	14.3	14.274	3.11089	0	0	0.0259656	0.895866	0.362896	0	9.68542	13.9111	0	0	0	0	0	0	1210.51	458.386	0	30.1354	30.9768	30.9942	29.5074	29.8583	29.9491	35.991	35.9999	36	35.7963	44.9233	43.4324	0.093864	0.0937836	0.103929	0.101822	0.101283	0.0744002	0.0337667	99	0	0
setup	0	2023-05-02 23:00:00	0	22.6	22.5567	2.99993	0	0	0.043276	0.804171	0.58171	0	9.68552	21.975	0	0	0	0	0	0	1222	468.937	0	36.355	31.0275	31.0397	29.54	29.8779	29.8856	35.6289	35.6226	35.4681	35.9649	46.7576	45.5909	0.0936293	0.0935733	0.103731	0.101705	0.10166	0.076117	0.0199633	99	0	0
setup	0	2023-05-03 23:00:00	0	0.6	0.591345	3.08948	0	0	0.0086552	1.00439	0.120073	0	9.68461	0.471272	0	0	0	0	0	0	1211.78	457.461	0	35.0006	31.1178	31.0126	29.4441	29.7296	29.7639	35.6569	35.5768	35.5401	35.965	43.3701	44.2194	0.0932127	0.0936982	0.104313	0.10259	0.102385	0.0763262	0.0423198	99	0	0
setup	0	2023-05-04 23:00:00	0	0.1	0.0913448	3.04249	0	0	0.0086552	0.988472	0.0913448	0	5.64939	0	0	0	0	0	0	0	1205.14	455.63	0	33.4658	30.9095	30.8803	29.3533	29.5824	29.694	35.6234	35.5886	35.573	35.9516	43.3235	43.4026	0.094176	0.0943117	0.104868	0.103475	0.102803	0.0762723	0.0425574	99	0	0
setup	0	2023-05-05 23:00:00	0	0	0	3.10094	0	0	0	1.02784	0	0	0	0	0	0	0	0	0	0	1204.12	454.568	0	32.4749	30.5538	30.5599	29.1564	29.4275	29.6374	35.6044	35.5924	35.5865	35.9273	43.3275	43.3694	0.0958398	0.095811	0.10608	0.104415	0.103144	0.0762547	0.042537	99	0	0
setup	0	2023-05-06 23:00:00	0	0	0	3.111	0	0	0	1.01763	0	0	0	0	0	0	0	0	0	0	1203.1	453.523	0	31.72	30.1097	30.1866	28.9597	29.2725	29.5803	35.5974	35.5933	35.5912	35.9147	43.331	43.3422	0.097952	0.0975835	0.107305	0.105364	0.103488	0.0762507	0.0425189	99	0	0
setup	0	2023-05-07 23:00:00	0	0	0	3.14354	0	0	0	1.01465	0	0	0	0	0	0	0	0	0	0	1202.08	452.487	0	30.2761	29.9318	29.8857	28.7621	29.1162	29.5225	35.5949	35.5936	35.5929	35.9089	43.3326	43.3236	0.0988095	0.0990325	0.108552	0.10633	0.103838	0.0762496	0.0425108	99	0	0
setup	0	2023-05-08 23:00:00	0	0	0	3.13112	0	0	0	0.9965	0	0	0	0	0	0	0	0	0	0	1201.09	451.472	0	29.4817	29.5602	29.6002	28.5661	28.9608	29.4647	35.594	35.5936	35.5934	35.9061	43.3308	43.3154	0.100622	0.100426	0.109804	0.107299	0.104188	0.0762493	0.0425201	99	0	0
setup	0	2023-05-09 23:00:00	0	0	0	3.1827	0	0	0	0.999384	0	0	0	0	0	0	0	0	0	0	1200.09	450.455	0	28.8569	29.1062	29.2269	28.3681	28.8033	29.4057	35.5938	35.5936	35.5936	35.9037	43.3273	43.3102	0.102881	0.102275	0.111085	0.108291	0.104548	0.0762493	0.0425382	99	0	0
setup	0	2023-05-10 23:00:00	0	0.1	0.0913448	3.0234	0	0	0.0086552	0.906083	0.0913448	0	0	0	0	0	0	0	0	0	1199.18	449.532	0	28.2963	28.6949	28.8874	28.1871	28.6591	29.3514	35.5937	35.5936	35.5936	35.9011	43.3235	43.3065	0.104969	0.103986	0.112269	0.109208	0.104879	0.0762493	0.0425575	99	0	0
setup	0	2023-05-11 23:00:00	0	0	0	3.09047	0	0	0	0.945644	0	0	0	0	0	0	0	0	0	0	1198.24	448.571	0	27.7171	28.2662	28.5321	27.9969	28.507	29.2938	35.5937	35.5936	35.5936	35.8982	43.3199	43.3035	0.107191	0.105807	0.113531	0.110184	0.105232	0.0762493	0.0425758	99	0	0
setup	0	2023-05-12 23:00:00	0	0	0	3.01938	0	0	0	0.911871	0	0	0	0	0	0	0	0	0	0	1197.33	447.646	0	27.1644	27.8533	28.1885	27.8122	28.3589	29.2375	35.5936	35.5936	35.5936	35.8953	43.3165	43.3012	0.109379	0.1076	0.114772	0.111144	0.105579	0.0762493	0.0425929	99	0	0
setup	0	2023-05-13 23:00:00	0	0	0	3.00357	0	0	0	0.895437	0	0	0	0	0	0	0	0	0	0	1196.43	446.737	0	26.6273	27.4484	27.8501	27.6294	28.2121	29.1812	35.5936	35.5936	35.5936	35.8925	43.3134	43.2992	0.111572	0.109397	0.116015	0.112105	0.105926	0.0762493	0.0426085	99	0	0
setup	0	2023-05-14 23:00:00	0	0	0	3.20716	0	0	0	0.943449	0	0	0	0	0	0	0	0	0	0	1195.49	445.782	0	26.0674	27.0225	27.4926	27.4355	28.0558	29.121	35.5936	35.5936	35.5936	35.8898	43.3106	43.2975	0.113934	0.111331	0.117351	0.113139	0.106299	0.0762493	0.0426229	99	0	0
setup	0	2023-05-15 23:00:00	0	0	0	3.20514	0	0	0	0.929897	0	0	0	0	0	0	0	0	0	0	1194.56	444.842	0	25.5216	26.6032	27.1394	27.243	27.9002	29.0607	35.5936	35.5936	35.5936	35.8873	43.3081	43.296	0.116314	0.11328	0.118697	0.114179	0.106674	0.0762493	0.042636	99	0	0
setup	0	2023-05-16 23:00:00	0	0	0	3.09426	0	0	0	0.885565	0	0	0	0	0	0	0	0	0	0	1193.67	443.947	0	25.0074	26.2047	26.8021	27.0584	27.7505	29.0024	35.5936	35.5936	35.5936	35.885	43.3057	43.2946	0.118633	0.115178	0.120006	0.11519	0.107038	0.0762493	0.042648	99	0	0
setup	0	2023-05-17 23:00:00	0	0	0	3.09572	0	0	0	0.874171	0	0	0	0	0	0	0	0	0	0	1192.8	443.064	0	24.5051	25.8119	26.4684	26.8748	27.6013	28.9439	35.5936	35.5936	35.5936	35.8828	43.3035	43.2933	0.120975	0.117093	0.121325	0.116208	0.107405	0.0762493	0.042659	99	0	0
setup	0	2023-05-18 23:00:00	0	0	0	3.17666	0	0	0	0.884888	0	0	0	0	0	0	0	0	0	0	1191.91	442.17	0	24.0019	25.415	26.1298	26.6878	27.4488	28.8838	35.5936	35.5936	35.5936	35.8808	43.3015	43.2921	0.123401	0.119075	0.122688	0.117259	0.107783	0.0762493	0.0426691	99	0	0
setup	0	2023-05-19 23:00:00	0	0	0	3.0417	0	0	0	0.835883	0	0	0	0	0	0	0	0	0	0	1191.08	441.327	0	23.5317	25.0407	25.8093	26.5099	27.3034	28.8261	35.5936	35.5936	35.5936	35.879	43.2997	43.291	0.125747	0.120991	0.124003	0.118273	0.108147	0.0762493	0.0426785	99	0	0
setup	0	2023-05-20 23:00:00	0	0	0	3.05526	0	0	0	0.828513	0	0	0	0	0	0	0	0	0	0	1190.25	440.491	0	23.0703	24.6705	25.4909	26.3325	27.1579	28.768	35.5936	35.5936	35.5936	35.8773	43.298	43.2899	0.128126	0.122932	0.125333	0.119298	0.108515	0.0762493	0.0426872	99	0	0
setup	0	2023-05-21 23:00:00	0	0	0	3.23468	0	0	0	0.865197	0	0	0	0	0	0	0	0	0	0	1189.38	439.619	0	22.5936	24.2847	25.1578	26.146	27.0046	28.7064	35.5936	35.5936	35.5936	35.8758	43.2964	43.2888	0.130672	0.125007	0.126751	0.12039	0.108906	0.0762493	0.0426953	99	0	0
setup	0	2023-05-22 23:00:00	0	0	0	3.21023	0	0	0	0.846614	0	0	0	0	0	0	0	0	0	0	1188.54	438.766	0	22.1321	23.908	24.8312	25.9622	26.8531	28.6452	35.5936	35.5936	35.5936	35.8743	43.2949	43.2878	0.133226	0.127086	0.128169	0.121482	0.109297	0.0762493	0.0427029	99	0	0
setup	0	2023-05-23 23:00:00	0	0	0	3.30684	0	0	0	0.85971	0	0	0	0	0	0	0	0	0	0	1187.68	437.901	0	21.6686	23.5263	24.4989	25.7745	26.6978	28.582	35.5936	35.5936	35.5936	35.873	43.2935	43.2868	0.135886	0.12925	0.129641	0.122614	0.109701	0.0762493	0.04271	99	0	0
setup	0	2023-05-24 23:00:00	0	0	0	3.29795	0	0	0	0.845032	0	0	0	0	0	0	0	0	0	0	1186.83	437.05	0	21.2181	23.152	24.1717	25.5887	26.5437	28.5189	35.5936	35.5936	35.5936	35.8717	43.2922	43.2859	0.13857	0.131431	0.131121	0.123751	0.110107	0.0762493	0.0427167	99	0	0
setup	0	2023-05-25 23:00:00	0	0	0	3.16116	0	0	0	0.798525	0	0	0	0	0	0	0	0	0	0	1186.03	436.246	0	20.7969	22.7991	23.8619	25.412	26.3967	28.4584	35.5936	35.5936	35.5936	35.8705	43.2909	43.285	0.141173	0.133542	0.13255	0.124849	0.110498	0.0762493	0.0427231	99	0	0
setup	0	2023-05-26 23:00:00	0	0	0	3.18167	0	0	0	0.792535	0	0	0	0	0	0	0	0	0	0	1185.24	435.449	0	20.3833	22.4498	23.5541	25.2356	26.2495	28.3974	35.5936	35.5936	35.5936	35.8694	43.2897	43.2841	0.143823	0.13569	0.133998	0.125961	0.110894	0.0762493	0.0427291	99	0	0
setup	0	2023-05-27 23:00:00	0	0	0	2.98993	0	0	0	0.734667	0	0	0	0	0	0	0	0	0	0	1184.5	434.709	0	20.0038	22.1267	23.2683	25.0712	26.1119	28.34	35.5936	35.5936	35.5936	35.8684	43.2886	43.2833	0.146342	0.137728	0.13537	0.127012	0.111268	0.0762493	0.0427348	99	0	0
setup	0	2023-05-28 23:00:00	0	0.3	0.291345	2.75569	0	0	0.0086552	0.643855	0.106165	0	0	0.185179	0	0	0	0	0	0	1184.05	434.246	0	20.1643	21.8473	23.0202	24.9279	25.9916	28.2895	35.5937	35.5937	35.5937	35.8674	43.2876	43.2825	0.148576	0.139534	0.136581	0.127941	0.111597	0.076249	0.04274	99	0	0
setup	0	2023-05-29 23:00:00	0	0.1	0.0913448	2.90343	0	0	0.0086552	0.675288	0.0913448	0	0	0	0	0	0	0	0	0	1183.37	433.566	0	19.8128	21.5535	22.7585	24.7761	25.864	28.2357	35.5937	35.5937	35.5937	35.8665	43.2866	43.2818	0.150984	0.141477	0.137881	0.128937	0.11195	0.076249	0.0427452	99	0	0
setup	0	2023-05-30 23:00:00	0	2.6	2.59134	2.73646	0	0	0.0086552	0.664884	0.105364	0	0	2.48598	0	0	0	0	0	0	1185.19	435.377	0	26.0447	21.3061	22.5372	24.6474	25.755	28.1895	35.5944	35.5944	35.5944	35.8658	43.2859	43.2813	0.15306	0.143153	0.138998	0.129795	0.112254	0.0762456	0.0427486	99	0	0
setup	0	2023-05-31 23:00:00	0	0	0	2.8618	0	0	0	0.716588	0	0	0	0	0	0	0	0	0	0	1184.48	434.657	0	25.5529	21.02	22.2807	24.4976	25.6284	28.1356	35.5944	35.5944	35.5944	35.865	43.285	43.2806	0.155519	0.145133	0.140315	0.130802	0.11261	0.0762456	0.0427533	99	0	0
setup	0	2023-06-01 23:00:00	0	0	0	3.02179	0	0	0	0.743481	0	0	0	0	0	0	0	0	0	0	1183.73	433.909	0	21.9703	21.8444	22.0126	24.3403	25.4951	28.0784	35.5944	35.5944	35.5944	35.8642	43.2841	43.2799	0.148599	0.147248	0.141718	0.131875	0.112988	0.0762456	0.0427578	99	0	0
setup	0	2023-06-02 23:00:00	0	0	0	3.17863	0	0	0	0.770271	0	0	0	0	0	0	0	0	0	0	1182.96	433.135	0	21.4885	21.5476	21.7338	24.1761	25.3556	28.0182	35.5944	35.5944	35.5944	35.8634	43.2832	43.2792	0.151033	0.149499	0.143205	0.133011	0.113389	0.0762456	0.0427621	99	0	0
setup	0	2023-06-03 23:00:00	0	2.6	2.59134	3.18019	0	0	0.0086552	0.775053	0.123853	0	0	2.46749	0	0	0	0	0	0	1184.65	434.819	0	27.2582	21.3719	21.4924	24.0334	25.2334	27.9652	35.5952	35.5952	35.5952	35.8629	43.2827	43.2789	0.152503	0.151492	0.144517	0.134017	0.113743	0.0762423	0.0427646	99	0	0
setup	0	2023-06-04 23:00:00	0	0	0	2.98859	0	0	0	0.749326	0	0	0	0	0	0	0	0	0	0	1183.9	434.066	0	26.6435	21.1044	21.2413	23.8842	25.106	27.9096	35.5952	35.5952	35.5952	35.8622	43.282	43.2783	0.154787	0.153611	0.145909	0.135078	0.114115	0.0762423	0.0427686	99	0	0
setup	0	2023-06-05 23:00:00	0	0	0	2.92991	0	0	0	0.72451	0	0	0	0	0	0	0	0	0	0	1183.18	433.338	0	24.6369	21.1147	20.9978	23.739	24.9816	27.855	35.5952	35.5952	35.5952	35.8615	43.2812	43.2777	0.154697	0.155712	0.147283	0.136125	0.114483	0.0762423	0.0427724	99	0	0
setup	0	2023-06-06 23:00:00	0	0	0	3.18667	0	0	0	0.772401	0	0	0	0	0	0	0	0	0	0	1182.41	432.563	0	22.0777	21.8163	21.7062	23.582	24.8467	27.7954	35.5952	35.5952	35.5952	35.8609	43.2805	43.2771	0.148828	0.149725	0.148792	0.137274	0.114885	0.0762423	0.042776	99	0	0
setup	0	2023-06-07 23:00:00	0	0.2	0.191345	3.1313	0	0	0.0086552	0.717173	0.121816	0	0	0.069529	0	0	0	0	0	0	1181.76	431.912	0	21.5955	21.5856	21.5836	23.4356	24.7206	27.7394	35.5952	35.5952	35.5952	35.8602	43.2798	43.2765	0.150718	0.150734	0.150221	0.138361	0.115265	0.0762422	0.0427795	99	0	0
setup	0	2023-06-08 23:00:00	0	0	0	3.15189	0	0	0	0.742701	0	0	0	0	0	0	0	0	0	0	1181.02	431.167	0	21.1656	21.2631	21.3134	23.2827	24.5886	27.6804	35.5952	35.5952	35.5952	35.8596	43.2791	43.276	0.153425	0.152997	0.151737	0.139513	0.115667	0.0762422	0.0427829	99	0	0
setup	0	2023-06-09 23:00:00	0	0	0	3.22256	0	0	0	0.748429	0	0	0	0	0	0	0	0	0	0	1180.27	430.415	0	20.7375	20.938	21.0403	23.1277	24.4543	27.62	35.5952	35.5952	35.5952	35.8591	43.2785	43.2755	0.156235	0.155341	0.153298	0.140699	0.11608	0.0762422	0.0427861	99	0	0
setup	0	2023-06-10 23:00:00	0	0	0	3.12407	0	0	0	0.715134	0	0	0	0	0	0	0	0	0	0	1179.55	429.698	0	20.3325	20.628	20.7789	22.9787	24.3248	27.5614	35.5952	35.5952	35.5952	35.8585	43.2779	43.275	0.158993	0.15764	0.154824	0.141857	0.116482	0.0762422	0.0427893	99	0	0
setup	0	2023-06-11 23:00:00	0	0	0	3.03948	0	0	0	0.686056	0	0	0	0	0	0	0	0	0	0	1178.87	429.009	0	19.9479	20.3312	20.5278	22.8349	24.1996	27.5043	35.5952	35.5952	35.5952	35.858	43.2773	43.2745	0.16171	0.159902	0.15632	0.142991	0.116875	0.0762422	0.0427923	99	0	0
setup	0	2023-06-12 23:00:00	0	0	0	3.262	0	0	0	0.725782	0	0	0	0	0	0	0	0	0	0	1178.14	428.281	0	19.5451	20.018	20.2616	22.6819	24.0659	27.443	35.5952	35.5952	35.5952	35.8575	43.2767	43.274	0.164663	0.162358	0.157938	0.144217	0.117299	0.0762422	0.0427952	99	0	0
setup	0	2023-06-13 23:00:00	0	0.2	0.191345	3.27055	0	0	0.0086552	0.688504	0.127618	0	0	0.063727	0	0	0	0	0	0	1177.52	427.653	0	19.3349	19.7226	20.0098	22.5366	23.9386	27.3842	35.5952	35.5952	35.5952	35.857	43.2762	43.2735	0.167532	0.164741	0.159501	0.145399	0.117708	0.0762421	0.042798	99	0	0
setup	0	2023-06-14 23:00:00	0	0	0	2.96001	0	0	0	0.641198	0	0	0	0	0	0	0	0	0	0	1176.88	427.01	0	18.9829	19.4478	19.7746	22.4002	23.8187	27.3286	35.5952	35.5952	35.5952	35.8565	43.2756	43.2731	0.17028	0.167021	0.16099	0.146526	0.118097	0.0762421	0.0428007	99	0	0
setup	0	2023-06-15 23:00:00	0	0	0	3.12711	0	0	0	0.668026	0	0	0	0	0	0	0	0	0	0	1176.21	426.34	0	18.6197	19.1621	19.5292	22.2574	23.6929	27.2698	35.5952	35.5952	35.5952	35.856	43.2751	43.2727	0.17322	0.169458	0.162575	0.147724	0.118509	0.0762421	0.0428033	99	0	0
setup	0	2023-06-16 23:00:00	0	0	0	2.96851	0	0	0	0.625334	0	0	0	0	0	0	0	0	0	0	1175.58	425.712	0	18.283	18.8953	19.2993	22.123	23.5741	27.214	35.5952	35.5952	35.5952	35.8556	43.2746	43.2722	0.176047	0.171798	0.164091	0.148868	0.118902	0.0762421	0.0428059	99	0	0
setup	0	2023-06-17 23:00:00	0	0	0	3.08045	0	0	0	0.639978	0	0	0	0	0	0	0	0	0	0	1174.94	425.07	0	17.9417	18.6229	19.0636	21.9848	23.4516	27.1561	35.5952	35.5952	35.5952	35.8552	43.2741	43.2718	0.179018	0.174254	0.165676	0.150063	0.119311	0.0762421	0.0428083	99	0	0
setup	0	2023-06-18 23:00:00	0	0	0	2.78613	0	0	0	0.571071	0	0	0	0	0	0	0	0	0	0	1174.37	424.497	0	17.64	18.3805	18.8532	21.8608	23.3415	27.1036	35.5952	35.5952	35.5952	35.8547	43.2737	43.2714	0.181739	0.176501	0.167119	0.151151	0.119683	0.0762421	0.0428107	99	0	0
setup	0	2023-06-19 23:00:00	0	0	0	2.88064	0	0	0	0.58281	0	0	0	0	0	0	0	0	0	0	1173.79	423.912	0	17.335	18.1336	18.6382	21.7337	23.2283	27.0494	35.5952	35.5952	35.5952	35.8543	43.2732	43.2711	0.184586	0.178849	0.168621	0.152282	0.12007	0.0762421	0.042813	99	0	0
setup	0	2023-06-20 23:00:00	0	0	0	2.95976	0	0	0	0.590838	0	0	0	0	0	0	0	0	0	0	1173.2	423.319	0	17.0285	17.884	18.4201	21.6042	23.1126	26.9938	35.5952	35.5952	35.5952	35.8539	43.2728	43.2707	0.187549	0.181289	0.170175	0.153451	0.120468	0.0762421	0.0428152	99	0	0
setup	0	2023-06-21 23:00:00	0	0	0	3.05965	0	0	0	0.602386	0	0	0	0	0	0	0	0	0	0	1172.6	422.715	0	16.7191	17.6302	18.1976	21.4716	22.9938	26.9362	35.5952	35.5952	35.5952	35.8536	43.2723	43.2703	0.190652	0.183841	0.171792	0.154668	0.120882	0.0762421	0.0428174	99	0	0
setup	0	2023-06-22 23:00:00	0	0	0	2.95802	0	0	0	0.574362	0	0	0	0	0	0	0	0	0	0	1172.02	422.139	0	16.4269	17.3888	17.9852	21.3445	22.8797	26.8806	35.5952	35.5952	35.5952	35.8532	43.2719	43.27	0.193691	0.186337	0.173367	0.155851	0.121283	0.0762421	0.0428194	99	0	0
setup	0	2023-06-23 23:00:00	0	0	0	2.83417	0	0	0	0.543018	0	0	0	0	0	0	0	0	0	0	1171.48	421.594	0	16.1532	17.1612	17.7843	21.2239	22.7711	26.8273	35.5952	35.5952	35.5952	35.8529	43.2715	43.2697	0.19664	0.188756	0.174887	0.156992	0.12167	0.0762421	0.0428215	99	0	0
setup	0	2023-06-24 23:00:00	0	0	0	2.79294	0	0	0	0.528226	0	0	0	0	0	0	0	0	0	0	1170.95	421.064	0	15.8893	16.9404	17.5888	21.106	22.6646	26.7747	35.5952	35.5952	35.5952	35.8525	43.2712	43.2693	0.199583	0.191167	0.176394	0.158122	0.122052	0.0762421	0.0428234	99	0	0
setup	0	2023-06-25 23:00:00	0	0	0	2.93911	0	0	0	0.548587	0	0	0	0	0	0	0	0	0	0	1170.4	420.514	0	15.6178	16.7117	17.3856	20.9831	22.5533	26.7195	35.5952	35.5952	35.5952	35.8522	43.2708	43.269	0.202719	0.193732	0.17799	0.159319	0.122455	0.0762421	0.0428253	99	0	0
setup	0	2023-06-26 23:00:00	0	0	0	3.0149	0	0	0	0.555068	0	0	0	0	0	0	0	0	0	0	1169.85	419.957	0	15.3456	16.481	17.18	20.8581	22.4399	26.6629	35.5952	35.5952	35.5952	35.8519	43.2704	43.2687	0.205978	0.196394	0.179639	0.160554	0.122871	0.0762421	0.0428271	99	0	0
setup	0	2023-06-27 23:00:00	0	0	0	2.75866	0	0	0	0.501166	0	0	0	0	0	0	0	0	0	0	1169.35	419.455	0	15.1022	16.2733	16.9942	20.7449	22.3368	26.6111	35.5952	35.5952	35.5952	35.8516	43.2701	43.2684	0.209	0.198858	0.181158	0.161691	0.123253	0.0762421	0.0428289	99	0	0
setup	0	2023-06-28 23:00:00	0	0	0	2.74496	0	0	0	0.49239	0	0	0	0	0	0	0	0	0	0	1168.85	418.961	0	14.8651	16.0698	16.8117	20.6332	22.2349	26.5595	35.5952	35.5952	35.5952	35.8513	43.2697	43.2681	0.212043	0.201337	0.182678	0.162828	0.123634	0.0762421	0.0428306	99	0	0
setup	0	2023-06-29 23:00:00	0	0	0	2.87216	0	0	0	0.508583	0	0	0	0	0	0	0	0	0	0	1168.34	418.451	0	14.6224	15.8602	16.623	20.5173	22.1289	26.5056	35.5952	35.5952	35.5952	35.851	43.2694	43.2679	0.215269	0.20396	0.184279	0.164025	0.124034	0.0762421	0.0428323	99	0	0
setup	0	2023-06-30 23:00:00	0	0	0	2.70215	0	0	0	0.47236	0	0	0	0	0	0	0	0	0	0	1167.87	417.977	0	14.399	15.666	16.4478	20.4093	22.0298	26.455	35.5952	35.5952	35.5952	35.8507	43.2691	43.2676	0.218341	0.206455	0.185795	0.165157	0.124412	0.0762421	0.0428339	99	0	0
setup	0	2023-07-01 23:00:00	0	0	0	2.90152	0	0	0	0.500709	0	0	0	0	0	0	0	0	0	0	1167.37	417.475	0	14.1643	15.4609	16.2621	20.2944	21.9241	26.4006	35.5952	35.5952	35.5952	35.8504	43.2688	43.2673	0.221683	0.209165	0.187433	0.166379	0.12482	0.0762421	0.0428354	99	0	0
setup	0	2023-07-02 23:00:00	0	0	0	2.83108	0	0	0	0.482135	0	0	0	0	0	0	0	0	0	0	1166.89	416.992	0	13.9403	15.2639	16.0832	20.1833	21.8217	26.3476	35.5952	35.5952	35.5952	35.8501	43.2685	43.2671	0.224986	0.21184	0.189041	0.167578	0.125219	0.0762421	0.0428369	99	0	0
setup	0	2023-07-03 23:00:00	0	0	0	2.80022	0	0	0	0.470726	0	0	0	0	0	0	0	0	0	0	1166.42	416.52	0	13.7237	15.0722	15.9086	20.0745	21.721	26.2952	35.5952	35.5952	35.5952	35.8499	43.2682	43.2668	0.228296	0.214515	0.190642	0.168771	0.125614	0.0762421	0.0428384	99	0	0
setup	0	2023-07-04 23:00:00	0	0	0	2.83983	0	0	0	0.471219	0	0	0	0	0	0	0	0	0	0	1165.95	416.047	0	13.5087	14.8809	15.7338	19.9652	21.6197	26.2421	35.5952	35.5952	35.5952	35.8496	43.2679	43.2666	0.231696	0.21726	0.192276	0.169988	0.126017	0.0762421	0.0428398	99	0	0
setup	0	2023-07-05 23:00:00	0	0	0	2.72997	0	0	0	0.447204	0	0	0	0	0	0	0	0	0	0	1165.5	415.599	0	13.3065	14.7	15.5679	19.861	21.5229	26.1911	35.5952	35.5952	35.5952	35.8494	43.2677	43.2664	0.235007	0.219928	0.193856	0.171164	0.126406	0.0762421	0.0428412	99	0	0
setup	0	2023-07-06 23:00:00	0	0	0	2.51919	0	0	0	0.407705	0	0	0	0	0	0	0	0	0	0	1165.09	415.19	0	13.1238	14.5354	15.4167	19.7658	21.4341	26.1441	35.5952	35.5952	35.5952	35.8492	43.2674	43.2661	0.238099	0.222416	0.195322	0.172254	0.126765	0.0762421	0.0428425	99	0	0
setup	0	2023-07-07 23:00:00	0	0	0	2.99846	0	0	0	0.479161	0	0	0	0	0	0	0	0	0	0	1164.61	414.71	0	12.9109	14.3427	15.239	19.6535	21.3292	26.0881	35.5952	35.5952	35.5952	35.8489	43.2671	43.2659	0.241827	0.225412	0.197078	0.173559	0.127195	0.0762421	0.0428438	99	0	0
setup	0	2023-07-08 23:00:00	0	0	0	2.68392	0	0	0	0.423305	0	0	0	0	0	0	0	0	0	0	1164.19	414.285	0	12.7245	14.173	15.0821	19.5539	21.236	26.0381	35.5952	35.5952	35.5952	35.8487	43.2669	43.2657	0.245208	0.228124	0.198659	0.174733	0.127581	0.0762421	0.0428451	99	0	0
setup	0	2023-07-09 23:00:00	0	0	0	2.68918	0	0	0	0.418918	0	0	0	0	0	0	0	0	0	0	1163.77	413.865	0	12.5416	14.0056	14.9268	19.4551	21.1432	25.9881	35.5952	35.5952	35.5952	35.8485	43.2666	43.2655	0.248638	0.230872	0.200252	0.175916	0.127968	0.0762421	0.0428463	99	0	0
setup	0	2023-07-10 23:00:00	0	0	0	2.77688	0	0	0	0.427172	0	0	0	0	0	0	0	0	0	0	1163.34	413.437	0	12.3568	13.8355	14.7685	19.354	21.048	25.9365	35.5952	35.5952	35.5952	35.8483	43.2664	43.2653	0.252225	0.233741	0.201907	0.177144	0.12837	0.0762421	0.0428474	99	0	0
setup	0	2023-07-11 23:00:00	0	0	0	3.10759	0	0	0	0.471631	0	0	0	0	0	0	0	0	0	0	1162.87	412.965	0	12.1547	13.6483	14.5939	19.242	20.9423	25.8787	35.5952	35.5952	35.5952	35.8481	43.2662	43.2651	0.256295	0.236991	0.203771	0.178526	0.128821	0.0762421	0.0428486	99	0	0
setup	0	2023-07-12 23:00:00	0	0	0	3.11464	0	0	0	0.465982	0	0	0	0	0	0	0	0	0	0	1162.41	412.498	0	11.9569	13.464	14.4214	19.131	20.8372	25.821	35.5952	35.5952	35.5952	35.8479	43.266	43.2649	0.260435	0.240291	0.205651	0.179918	0.129275	0.0762421	0.0428497	99	0	0
setup	0	2023-07-13 23:00:00	0	0	0	2.78587	0	0	0	0.411163	0	0	0	0	0	0	0	0	0	0	1162	412.086	0	11.7841	13.3021	14.2693	19.0327	20.7439	25.7694	35.5952	35.5952	35.5952	35.8477	43.2658	43.2648	0.264189	0.243278	0.207343	0.181171	0.129682	0.0762421	0.0428507	99	0	0
setup	0	2023-07-14 23:00:00	0	0	0	2.80493	0	0	0	0.40869	0	0	0	0	0	0	0	0	0	0	1161.59	411.676	0	11.6139	13.1416	14.1182	18.9347	20.6506	25.7175	35.5952	35.5952	35.5952	35.8476	43.2656	43.2646	0.268018	0.24632	0.209056	0.182439	0.130093	0.0762421	0.0428518	99	0	0
setup	0	2023-07-15 23:00:00	0	0	0	3.00304	0	0	0	0.431764	0	0	0	0	0	0	0	0	0	0	1161.15	411.243	0	11.4357	12.9728	13.9587	18.8309	20.5515	25.662	35.5952	35.5952	35.5952	35.8474	43.2654	43.2644	0.272175	0.249617	0.210901	0.183804	0.130534	0.0762421	0.0428528	99	0	0
setup	0	2023-07-16 23:00:00	0	0	0	2.83964	0	0	0	0.402824	0	0	0	0	0	0	0	0	0	0	1160.75	410.84	0	11.2711	12.8158	13.8099	18.7338	20.4586	25.6096	35.5952	35.5952	35.5952	35.8472	43.2652	43.2643	0.27616	0.252772	0.212657	0.185101	0.130953	0.0762421	0.0428538	99	0	0
setup	0	2023-07-17 23:00:00	0	0	0	2.73495	0	0	0	0.383038	0	0	0	0	0	0	0	0	0	0	1160.37	410.456	0	11.1159	12.6671	13.6686	18.6412	20.3697	25.5592	35.5952	35.5952	35.5952	35.847	43.265	43.2641	0.280049	0.255846	0.214357	0.186357	0.131358	0.0762421	0.0428547	99	0	0
setup	0	2023-07-18 23:00:00	0	0	0	2.62182	0	0	0	0.362706	0	0	0	0	0	0	0	0	0	0	1160.01	410.092	0	10.9703	12.5268	13.5349	18.5532	20.2851	25.5109	35.5952	35.5952	35.5952	35.8469	43.2648	43.264	0.283825	0.258826	0.215996	0.187567	0.131747	0.0762421	0.0428556	99	0	0
setup	0	2023-07-19 23:00:00	0	0	0	2.69923	0	0	0	0.368891	0	0	0	0	0	0	0	0	0	0	1159.64	409.723	0	10.8235	12.3846	13.399	18.4635	20.1986	25.4613	35.5952	35.5952	35.5952	35.8467	43.2646	43.2638	0.287762	0.261928	0.217692	0.188819	0.132149	0.0762421	0.0428565	99	0	0
setup	0	2023-07-20 23:00:00	0	0	0	2.77329	0	0	0	0.374294	0	0	0	0	0	0	0	0	0	0	1159.26	409.348	0	10.6758	12.2408	13.2612	18.3723	20.1104	25.4105	35.5952	35.5952	35.5952	35.8466	43.2645	43.2637	0.29186	0.265152	0.219444	0.190111	0.132562	0.0762421	0.0428574	99	0	0
setup	0	2023-07-21 23:00:00	0	0	0	3.13186	0	0	0	0.417029	0	0	0	0	0	0	0	0	0	0	1158.85	408.93	0	10.5128	12.0813	13.1079	18.2704	20.0116	25.3531	35.5952	35.5952	35.5952	35.8464	43.2643	43.2635	0.296554	0.268838	0.221434	0.191579	0.133031	0.0762421	0.0428582	99	0	0
setup	0	2023-07-22 23:00:00	0	0	0	3.08202	0	0	0	0.4046	0	0	0	0	0	0	0	0	0	0	1158.44	408.525	0	10.3563	11.9272	12.9593	18.1713	19.9152	25.2967	35.5952	35.5952	35.5952	35.8463	43.2641	43.2634	0.301242	0.272513	0.223405	0.193031	0.133494	0.0762421	0.042859	99	0	0
setup	0	2023-07-23 23:00:00	0	0	0	2.96496	0	0	0	0.383887	0	0	0	0	0	0	0	0	0	0	1158.06	408.14	0	10.2092	11.7816	12.8184	18.077	19.8232	25.2426	35.5952	35.5952	35.5952	35.8462	43.264	43.2633	0.305817	0.276092	0.225312	0.194435	0.133941	0.0762421	0.0428598	99	0	0
setup	0	2023-07-24 23:00:00	0	0	0	2.92554	0	0	0	0.373723	0	0	0	0	0	0	0	0	0	0	1157.68	407.766	0	10.0674	11.6404	12.6815	17.9849	19.7332	25.1893	35.5952	35.5952	35.5952	35.846	43.2638	43.2631	0.310396	0.279669	0.227204	0.195828	0.134383	0.0762421	0.0428605	99	0	0
setup	0	2023-07-25 23:00:00	0	0	0	2.88443	0	0	0	0.363618	0	0	0	0	0	0	0	0	0	0	1157.32	407.401	0	9.93081	11.5036	12.5484	17.8951	19.6452	25.1368	35.5952	35.5952	35.5952	35.8459	43.2637	43.263	0.314974	0.283238	0.22908	0.197208	0.13482	0.0762421	0.0428613	99	0	0
setup	0	2023-07-26 23:00:00	0	0	0	2.99322	0	0	0	0.372318	0	0	0	0	0	0	0	0	0	0	1156.95	407.028	0	9.79224	11.3641	12.4122	17.803	19.5546	25.0824	35.5952	35.5952	35.5952	35.8458	43.2635	43.2629	0.319792	0.286987	0.231037	0.198648	0.135275	0.0762421	0.042862	99	0	0
setup	0	2023-07-27 23:00:00	0	0	0	2.77989	0	0	0	0.34126	0	0	0	0	0	0	0	0	0	0	1156.61	406.687	0	9.66643	11.2368	12.2876	17.7183	19.4712	25.032	35.5952	35.5952	35.5952	35.8456	43.2634	43.2628	0.324329	0.290512	0.232865	0.199992	0.135699	0.0762421	0.0428627	99	0	0
setup	0	2023-07-28 23:00:00	0	0	0	2.81281	0	0	0	0.340938	0	0	0	0	0	0	0	0	0	0	1156.27	406.345	0	9.54189	11.1101	12.1633	17.6336	19.3874	24.9811	35.5952	35.5952	35.5952	35.8455	43.2633	43.2627	0.328982	0.294121	0.234724	0.201358	0.136129	0.0762421	0.0428634	99	0	0
setup	0	2023-07-29 23:00:00	0	0	0	2.78207	0	0	0	0.332952	0	0	0	0	0	0	0	0	0	0	1155.93	406.012	0	9.42139	10.9869	12.042	17.5506	19.3052	24.9309	35.5952	35.5952	35.5952	35.8454	43.2632	43.2625	0.333647	0.297733	0.236572	0.202716	0.136555	0.0762421	0.042864	99	0	0
setup	0	2023-07-30 23:00:00	0	0	0	2.76339	0	0	0	0.326579	0	0	0	0	0	0	0	0	0	0	1155.61	405.684	0	9.30427	10.8666	11.9233	17.4691	19.2242	24.881	35.5952	35.5952	35.5952	35.8453	43.263	43.2624	0.338343	0.301363	0.238417	0.204071	0.13698	0.0762421	0.0428646	99	0	0
setup	0	2023-07-31 23:00:00	0	0	0	2.94963	0	0	0	0.34411	0	0	0	0	0	0	0	0	0	0	1155.26	405.34	0	9.18201	10.7404	11.7983	17.383	19.1384	24.828	35.5952	35.5952	35.5952	35.8452	43.2629	43.2623	0.343425	0.305284	0.240397	0.205524	0.137435	0.0762421	0.0428652	99	0	0
setup	0	2023-08-01 23:00:00	0	0	0	3.10178	0	0	0	0.356941	0	0	0	0	0	0	0	0	0	0	1154.9	404.982	0	9.05646	10.61	11.6688	17.2936	19.049	24.7723	35.5952	35.5952	35.5952	35.8451	43.2628	43.2622	0.348848	0.309461	0.24249	0.20706	0.137914	0.0762421	0.0428658	99	0	0
setup	0	2023-08-02 23:00:00	0	0	0	2.8657	0	0	0	0.325344	0	0	0	0	0	0	0	0	0	0	1154.58	404.657	0	8.94315	10.4917	11.5511	17.2118	18.9671	24.7209	35.5952	35.5952	35.5952	35.845	43.2627	43.2621	0.353931	0.313369	0.244434	0.208487	0.138358	0.0762421	0.0428664	99	0	0
setup	0	2023-08-03 23:00:00	0	0.1	0.0913448	2.82635	0	0	0.0086552	0.305636	0.0913448	0	0	0	0	0	0	0	0	0	1154.27	404.35	0	8.8377	10.3811	11.4406	17.1349	18.8899	24.6721	35.5952	35.5952	35.5952	35.8449	43.2626	43.262	0.358834	0.317131	0.246292	0.20985	0.138782	0.0762421	0.042867	99	0	0
setup	0	2023-08-04 23:00:00	0	0	0	2.61164	0	0	0	0.289265	0	0	0	0	0	0	0	0	0	0	1153.98	404.061	0	8.73877	10.2768	11.3362	17.062	18.8164	24.6255	35.5952	35.5952	35.5952	35.8448	43.2625	43.262	0.36359	0.320776	0.248081	0.211162	0.139189	0.0762421	0.0428675	99	0	0
setup	0	2023-08-05 23:00:00	0	1.72	1.71134	3.1548	0	0	0.0086552	0.363083	0.122795	0	0	1.58855	0	0	0	0	0	0	1155.21	405.284	0	11.1399	10.6427	11.2299	16.9869	18.7395	24.5754	35.5954	35.5954	35.5954	35.8448	43.2625	43.262	0.347469	0.32458	0.249952	0.212553	0.139629	0.076241	0.0428675	99	0	0
setup	0	2023-08-06 23:00:00	0	1.72	1.71134	3.1551	0	0	0.0086552	0.388711	0.122807	0	0	1.58854	0	0	0	0	0	0	1156.41	406.482	0	12.6099	11.6211	11.3194	16.9137	18.6643	24.526	35.5957	35.5957	35.5957	35.8448	43.2625	43.262	0.311034	0.321371	0.251802	0.21393	0.140064	0.0762399	0.0428674	99	0	0
setup	0	2023-08-07 23:00:00	0	1.72	1.71134	3.15541	0	0	0.0086552	0.412425	0.12282	0	0	1.58852	0	0	0	0	0	0	1157.59	407.656	0	13.7183	12.5588	12.011	16.8423	18.5908	24.4774	35.5959	35.5959	35.5959	35.8448	43.2625	43.262	0.282953	0.298673	0.253632	0.215292	0.140494	0.0762388	0.0428673	99	0	0
setup	0	2023-08-08 23:00:00	0	1.72	1.71134	3.15573	0	0	0.0086552	0.434599	0.122833	0	0	1.58851	0	0	0	0	0	0	1158.74	408.807	0	14.621	13.4146	12.745	16.7728	18.5189	24.4295	35.5962	35.5962	35.5962	35.8448	43.2625	43.2621	0.26157	0.277997	0.255442	0.216642	0.140919	0.0762377	0.0428672	99	0	0
setup	0	2023-08-09 23:00:00	0	0	0	3.20104	0	0	0	0.449981	0	0	0	0	0	0	0	0	0	0	1158.29	408.357	0	13.7911	13.2943	12.9693	16.6914	18.436	24.3753	35.5962	35.5962	35.5962	35.8447	43.2624	43.262	0.264371	0.272262	0.257594	0.218218	0.141404	0.0762377	0.0428677	99	0	0
setup	0	2023-08-10 23:00:00	0	1.5	1.49134	2.70259	0	0	0.0086552	0.380657	0.103953	0	0	1.38739	0	0	0	0	0	0	1159.3	409.362	0	14.8182	13.8976	13.3812	16.6341	18.3763	24.3349	35.5964	35.5964	35.5964	35.8448	43.2624	43.262	0.250903	0.26234	0.259134	0.219368	0.141766	0.0762367	0.0428676	99	0	0
setup	0	2023-08-11 23:00:00	0	0	0	2.8941	0	0	0	0.417476	0	0	0	0	0	0	0	0	0	0	1158.88	408.944	0	14.1346	13.7657	13.5281	16.5625	18.3029	24.2864	35.5964	35.5964	35.5964	35.8447	43.2623	43.2619	0.253727	0.258981	0.261082	0.220796	0.142203	0.0762367	0.0428681	99	0	0
setup	0	2023-08-12 23:00:00	0	0	0	2.86853	0	0	0	0.407094	0	0	0	0	0	0	0	0	0	0	1158.47	408.536	0	13.7418	13.5975	13.5046	16.4922	18.2308	24.2384	35.5964	35.5964	35.5964	35.8446	43.2623	43.2619	0.257423	0.259512	0.263024	0.222218	0.142638	0.0762367	0.0428685	99	0	0
setup	0	2023-08-13 23:00:00	0	0	0	2.72582	0	0	0	0.381264	0	0	0	0	0	0	0	0	0	0	1158.09	408.155	0	13.4783	13.4389	13.4135	16.426	18.1627	24.1928	35.5964	35.5964	35.5964	35.8445	43.2622	43.2618	0.26101	0.261593	0.264879	0.223577	0.143053	0.0762367	0.0428689	99	0	0
setup	0	2023-08-14 23:00:00	0	0	0	2.92263	0	0	0	0.403119	0	0	0	0	0	0	0	0	0	0	1157.69	407.751	0	13.2552	13.2709	13.2786	16.3558	18.0902	24.1439	35.5964	35.5964	35.5964	35.8445	43.2621	43.2617	0.264924	0.264741	0.266878	0.225042	0.143499	0.0762367	0.0428693	99	0	0
setup	0	2023-08-15 23:00:00	0	0	0	3.03695	0	0	0	0.412856	0	0	0	0	0	0	0	0	0	0	1157.27	407.338	0	13.0364	13.0989	13.1317	16.2836	18.0155	24.0932	35.5964	35.5964	35.5964	35.8444	43.262	43.2617	0.269057	0.268259	0.268967	0.226572	0.143965	0.0762367	0.0428697	99	0	0
setup	0	2023-08-16 23:00:00	0	0	0	3.18955	0	0	0	0.427091	0	0	0	0	0	0	0	0	0	0	1156.85	406.911	0	12.8122	12.9215	12.9796	16.2086	17.9376	24.0401	35.5964	35.5964	35.5964	35.8443	43.262	43.2616	0.273463	0.272004	0.271172	0.228188	0.144455	0.0762367	0.04287	99	0	0
setup	0	2023-08-17 23:00:00	0	0	0	3.12584	0	0	0	0.412182	0	0	0	0	0	0	0	0	0	0	1156.44	406.498	0	12.5977	12.7508	12.8328	16.1358	17.862	23.9881	35.5964	35.5964	35.5964	35.8443	43.2619	43.2616	0.277846	0.275722	0.273346	0.22978	0.144937	0.0762367	0.0428704	99	0	0
setup	0	2023-08-18 23:00:00	0	0	0	3.03104	0	0	0	0.393745	0	0	0	0	0	0	0	0	0	0	1156.04	406.104	0	12.3948	12.5883	12.6926	16.0661	17.7892	23.9378	35.5964	35.5964	35.5964	35.8442	43.2618	43.2615	0.282158	0.279376	0.275465	0.231333	0.145407	0.0762367	0.0428708	99	0	0
setup	0	2023-08-19 23:00:00	0	0	0	2.99681	0	0	0	0.383643	0	0	0	0	0	0	0	0	0	0	1155.66	405.72	0	12.1988	12.4303	12.5559	15.9979	17.7179	23.8881	35.5964	35.5964	35.5964	35.8442	43.2618	43.2614	0.286484	0.283034	0.27757	0.232875	0.145872	0.0762367	0.0428711	99	0	0
setup	0	2023-08-20 23:00:00	0	0	0	3.14421	0	0	0	0.39657	0	0	0	0	0	0	0	0	0	0	1155.26	405.323	0	11.998	12.2676	12.4146	15.9271	17.6436	23.836	35.5964	35.5964	35.5964	35.8441	43.2617	43.2614	0.291089	0.286923	0.279791	0.234503	0.146362	0.0762367	0.0428714	99	0	0
setup	0	2023-08-21 23:00:00	0	0	0	3.21561	0	0	0	0.399376	0	0	0	0	0	0	0	0	0	0	1154.86	404.924	0	11.7978	12.1042	12.2722	15.8556	17.5683	23.7829	35.5964	35.5964	35.5964	35.844	43.2616	43.2613	0.295871	0.290954	0.282074	0.236176	0.146865	0.0762367	0.0428717	99	0	0
setup	0	2023-08-22 23:00:00	0	0	0	3.19518	0	0	0	0.390727	0	0	0	0	0	0	0	0	0	0	1154.47	404.533	0	11.6037	11.9448	12.133	15.7853	17.4942	23.7302	35.5964	35.5964	35.5964	35.844	43.2616	43.2613	0.300696	0.295014	0.284354	0.237847	0.147367	0.0762367	0.042872	99	0	0
setup	0	2023-08-23 23:00:00	0	0	0	3.36036	0	0	0	0.404471	0	0	0	0	0	0	0	0	0	0	1154.07	404.128	0	11.4048	11.7805	11.9889	15.7123	17.4169	23.6749	35.5964	35.5964	35.5964	35.8439	43.2615	43.2612	0.305852	0.299345	0.286764	0.239614	0.147896	0.0762367	0.0428723	99	0	0
setup	0	2023-08-24 23:00:00	0	0	0	3.04178	0	0	0	0.360493	0	0	0	0	0	0	0	0	0	0	1153.71	403.767	0	11.2292	11.6345	11.8605	15.647	17.3476	23.6249	35.5964	35.5964	35.5964	35.8439	43.2614	43.2612	0.310591	0.303318	0.288957	0.241222	0.148377	0.0762367	0.0428726	99	0	0
setup	0	2023-08-25 23:00:00	0	0	0	3.0231	0	0	0	0.353073	0	0	0	0	0	0	0	0	0	0	1153.35	403.414	0	11.0588	11.492	11.7348	15.5828	17.2792	23.5754	35.5964	35.5964	35.5964	35.8438	43.2614	43.2611	0.315369	0.307319	0.291147	0.242828	0.148856	0.0762367	0.0428729	99	0	0
setup	0	2023-08-26 23:00:00	0	0	0	3.07539	0	0	0	0.35394	0	0	0	0	0	0	0	0	0	0	1153	403.06	0	10.8895	11.3496	11.6088	15.5182	17.2103	23.5251	35.5964	35.5964	35.5964	35.8438	43.2613	43.2611	0.320303	0.311442	0.293385	0.24447	0.149345	0.0762367	0.0428732	99	0	0
setup	0	2023-08-27 23:00:00	0	0	0	3.30117	0	0	0	0.374143	0	0	0	0	0	0	0	0	0	0	1152.63	402.685	0	10.7123	11.1996	11.4756	15.4498	17.137	23.4711	35.5964	35.5964	35.5964	35.8437	43.2613	43.261	0.325681	0.315928	0.295798	0.246241	0.149872	0.0762367	0.0428734	99	0	0
setup	0	2023-08-28 23:00:00	0	0	0	3.24949	0	0	0	0.362527	0	0	0	0	0	0	0	0	0	0	1152.26	402.323	0	10.5423	11.0548	11.3466	15.3832	17.0655	23.4182	35.5964	35.5964	35.5964	35.8437	43.2612	43.261	0.331059	0.320407	0.298185	0.247993	0.150392	0.0762367	0.0428737	99	0	0
setup	0	2023-08-29 23:00:00	0	0	0	3.06784	0	0	0	0.3371	0	0	0	0	0	0	0	0	0	0	1151.93	401.985	0	10.3857	10.9207	11.2268	15.3211	16.9987	23.3683	35.5964	35.5964	35.5964	35.8437	43.2612	43.261	0.336215	0.324692	0.300449	0.249656	0.150885	0.0762367	0.042874	99	0	0
setup	0	2023-08-30 23:00:00	0	0	0	3.01626	0	0	0	0.326628	0	0	0	0	0	0	0	0	0	0	1151.6	401.658	0	10.2354	10.7912	11.1107	15.2607	16.9335	23.3194	35.5964	35.5964	35.5964	35.8436	43.2611	43.2609	0.341359	0.328961	0.302685	0.251298	0.151371	0.0762367	0.0428742	99	0	0
setup	0	2023-08-31 23:00:00	0	0	0	3.00624	0	0	0	0.320879	0	0	0	0	0	0	0	0	0	0	1151.28	401.337	0	10.0891	10.6644	10.9968	15.2012	16.8691	23.2707	35.5964	35.5964	35.5964	35.8436	43.2611	43.2609	0.346562	0.33327	0.304922	0.252943	0.151856	0.0762367	0.0428744	99	0	0
setup	0	2023-09-01 23:00:00	0	0	0	3.01526	0	0	0	0.317238	0	0	0	0	0	0	0	0	0	0	1150.96	401.02	0	9.94572	10.5395	10.8842	15.1422	16.8051	23.222	35.5964	35.5964	35.5964	35.8435	43.2611	43.2608	0.351857	0.337649	0.307175	0.254599	0.152345	0.0762367	0.0428747	99	0	0
setup	0	2023-09-02 23:00:00	0	0	0	3.15428	0	0	0	0.327011	0	0	0	0	0	0	0	0	0	0	1150.63	400.693	0	9.79935	10.4113	10.7682	15.0812	16.7387	23.1712	35.5964	35.5964	35.5964	35.8435	43.261	43.2608	0.35748	0.34229	0.309542	0.25634	0.152858	0.0762367	0.0428749	99	0	0
setup	0	2023-09-03 23:00:00	0	0	0	3.12171	0	0	0	0.318823	0	0	0	0	0	0	0	0	0	0	1150.32	400.374	0	9.65802	10.2867	10.6552	15.0216	16.6736	23.121	35.5964	35.5964	35.5964	35.8435	43.261	43.2608	0.363131	0.346946	0.311894	0.258071	0.153366	0.0762367	0.0428751	99	0	0
setup	0	2023-09-04 23:00:00	0	0	0	3.16026	0	0	0	0.317965	0	0	0	0	0	0	0	0	0	0	1150	400.056	0	9.51842	10.163	10.5426	14.9619	16.6083	23.0703	35.5964	35.5964	35.5964	35.8434	43.2609	43.2607	0.368939	0.351723	0.314285	0.259832	0.153883	0.0762367	0.0428753	99	0	0
setup	0	2023-09-05 23:00:00	0	0	0	3.13983	0	0	0	0.311208	0	0	0	0	0	0	0	0	0	0	1149.69	399.744	0	9.3831	10.0424	10.4325	14.9034	16.544	23.02	35.5964	35.5964	35.5964	35.8434	43.2609	43.2607	0.374799	0.356534	0.316669	0.261589	0.154398	0.0762367	0.0428755	99	0	0
setup	0	2023-09-06 23:00:00	0	0	0	3.28783	0	0	0	0.320943	0	0	0	0	0	0	0	0	0	0	1149.37	399.423	0	9.24493	9.91853	10.3191	14.8429	16.4774	22.9676	35.5964	35.5964	35.5964	35.8433	43.2608	43.2607	0.381033	0.361642	0.319176	0.263437	0.154939	0.0762367	0.0428757	99	0	0
setup	0	2023-09-07 23:00:00	0	0	0	3.42565	0	0	0	0.329119	0	0	0	0	0	0	0	0	0	0	1149.04	399.094	0	9.1047	9.79206	10.203	14.7806	16.4086	22.913	35.5964	35.5964	35.5964	35.8433	43.2608	43.2606	0.387635	0.367041	0.321799	0.265372	0.155504	0.0762367	0.0428759	99	0	0
setup	0	2023-09-08 23:00:00	0	23.2	23.1567	3.10111	0	0	0.043276	0.551059	0.602788	0	0	22.5539	0	0	0	0	0	0	1171.04	421.071	0	37.1449	19.8739	17.4305	14.9605	16.4844	22.9412	35.5999	35.5999	35.5999	35.8446	43.2624	43.2623	0.166052	0.193159	0.314345	0.263242	0.155212	0.0762206	0.0428677	99	0	0
setup	0	2023-09-09 23:00:00	0	1.5	1.49134	2.97668	0	0	0.0086552	0.645167	0.115373	0	0	1.37597	0	0	0	0	0	0	1171.77	421.8	0	36.3439	19.7197	18.554	16.5538	16.4442	22.9071	35.6002	35.6002	35.6002	35.8447	43.2625	43.2624	0.167561	0.179784	0.261319	0.264366	0.155566	0.0762194	0.0428672	99	0	0
setup	0	2023-09-10 23:00:00	0	0	0	2.94241	0	0	0	0.665064	0	0	0	0	0	0	0	0	0	0	1171.1	421.134	0	34.0983	19.366	18.7748	17.2041	16.9627	22.8672	35.6002	35.6002	35.6002	35.8447	43.2625	43.2623	0.171113	0.177351	0.244619	0.25056	0.155982	0.0762194	0.0428674	99	0	0
setup	0	2023-09-11 23:00:00	0	0	0	3.12831	0	0	0	0.693616	0	0	0	0	0	0	0	0	0	0	1170.41	420.441	0	32.8655	18.9358	18.665	17.4441	17.3265	22.8246	35.6002	35.6002	35.6002	35.8447	43.2624	43.2623	0.175613	0.178553	0.23899	0.241714	0.156428	0.0762194	0.0428676	99	0	0
setup	0	2023-09-12 23:00:00	0	0	0	3.29031	0	0	0	0.715704	0	0	0	0	0	0	0	0	0	0	1169.7	419.725	0	31.9883	18.562	18.4675	17.4512	17.392	22.7798	35.6002	35.6002	35.6002	35.8446	43.2624	43.2623	0.179695	0.180754	0.238826	0.240188	0.1569	0.0762194	0.0428677	99	0	0
setup	0	2023-09-13 23:00:00	0	0	0	3.37252	0	0	0	0.720458	0	0	0	0	0	0	0	0	0	0	1168.97	419.004	0	31.2414	18.248	18.2443	17.3601	17.3599	22.7338	35.6002	35.6002	35.6002	35.8446	43.2624	43.2622	0.183257	0.1833	0.240929	0.240935	0.157386	0.0762194	0.0428679	99	0	0
setup	0	2023-09-14 23:00:00	0	0	0	3.10172	0	0	0	0.643303	0	0	0	0	0	0	0	0	0	0	1168.33	418.361	0	22.0632	20.6322	19.6561	17.7941	17.4713	22.6913	35.6002	35.6002	35.6002	35.8446	43.2624	43.2622	0.158955	0.16819	0.231228	0.238368	0.157838	0.0762194	0.042868	99	0	0
setup	0	2023-09-15 23:00:00	0	0	0	3.23416	0	0	0	0.651218	0	0	0	0	0	0	0	0	0	0	1167.68	417.709	0	20.6385	20.1137	19.677	18.176	17.8855	22.6468	35.6002	35.6002	35.6002	35.8446	43.2623	43.2622	0.163751	0.167983	0.22331	0.229284	0.158313	0.0762194	0.0428682	99	0	0
setup	0	2023-09-16 23:00:00	0	0	0	3.05217	0	0	0	0.601583	0	0	0	0	0	0	0	0	0	0	1167.08	417.108	0	19.8935	19.6684	19.4701	18.2632	18.1206	22.6048	35.6002	35.6002	35.6002	35.8445	43.2623	43.2622	0.168068	0.170054	0.221576	0.224426	0.158764	0.0762194	0.0428683	99	0	0
setup	0	2023-09-17 23:00:00	0	0	0	3.21586	0	0	0	0.622463	0	0	0	0	0	0	0	0	0	0	1166.46	416.485	0	19.3691	19.2995	19.2343	18.2122	18.1604	22.5604	35.6002	35.6002	35.6002	35.8445	43.2623	43.2621	0.171795	0.172469	0.222587	0.223623	0.159242	0.0762194	0.0428684	99	0	0
setup	0	2023-09-18 23:00:00	0	7.9	7.88269	3.37118	0	0	0.0173104	0.717849	0.263621	0	0	7.61907	0	0	0	0	0	0	1173.36	423.376	0	33.5066	20.7608	20.0651	18.4918	18.2713	22.5466	35.6016	35.6016	35.6016	35.845	43.2629	43.2628	0.157802	0.164213	0.217154	0.221417	0.159392	0.0762128	0.0428652	99	0	0
setup	0	2023-09-19 23:00:00	0	0	0	3.23059	0	0	0	0.747217	0	0	0	0	0	0	0	0	0	0	1172.61	422.628	0	31.9309	20.3818	20.0674	18.7018	18.4718	22.5044	35.6016	35.6016	35.6016	35.845	43.2629	43.2628	0.161242	0.164191	0.213241	0.217535	0.15985	0.0762128	0.0428653	99	0	0
setup	0	2023-09-20 23:00:00	0	0	0	3.25885	0	0	0	0.738994	0	0	0	0	0	0	0	0	0	0	1171.87	421.889	0	31.0265	19.9536	19.8297	18.6864	18.5669	22.4616	35.6016	35.6016	35.6016	35.845	43.2629	43.2628	0.165281	0.166482	0.213523	0.215738	0.160316	0.0762128	0.0428654	99	0	0
setup	0	2023-09-21 23:00:00	0	0	0	3.38118	0	0	0	0.7529	0	0	0	0	0	0	0	0	0	0	1171.12	421.136	0	30.2884	19.5872	19.5661	18.5771	18.5508	22.4172	35.6016	35.6016	35.6016	35.845	43.2628	43.2627	0.168877	0.169088	0.215548	0.216041	0.160803	0.0762128	0.0428655	99	0	0
setup	0	2023-09-22 23:00:00	0	0	0	3.37813	0	0	0	0.734459	0	0	0	0	0	0	0	0	0	0	1170.38	420.402	0	22.9264	21.4168	20.5031	18.7772	18.5599	22.3727	35.6016	35.6016	35.6016	35.845	43.2628	43.2627	0.152125	0.160127	0.211868	0.21587	0.161293	0.0762128	0.0428657	99	0	0
setup	0	2023-09-23 23:00:00	0	0	0	3.41692	0	0	0	0.721287	0	0	0	0	0	0	0	0	0	0	1169.66	419.68	0	21.4095	20.9429	20.5638	19.0934	18.8145	22.3276	35.6016	35.6016	35.6016	35.8449	43.2628	43.2627	0.156192	0.159574	0.206295	0.211197	0.161793	0.0762128	0.0428658	99	0	0
setup	0	2023-09-24 23:00:00	0	0	0	3.27967	0	0	0	0.677418	0	0	0	0	0	0	0	0	0	0	1168.99	419.003	0	20.6558	20.4775	20.3161	19.1013	18.95	22.2841	35.6016	35.6016	35.6016	35.8449	43.2628	43.2627	0.160361	0.16185	0.206159	0.208787	0.162277	0.0762128	0.0428659	99	0	0
setup	0	2023-09-25 23:00:00	0	0	0	3.16346	0	0	0	0.641639	0	0	0	0	0	0	0	0	0	0	1168.34	418.361	0	20.1494	20.1047	20.0577	19.01	18.9616	22.2421	35.6016	35.6016	35.6016	35.8449	43.2628	43.2627	0.163836	0.164283	0.207737	0.208583	0.162746	0.0762128	0.042866	99	0	0
setup	0	2023-09-26 23:00:00	0	0	0	3.44964	0	0	0	0.68793	0	0	0	0	0	0	0	0	0	0	1167.66	417.673	0	19.7111	19.7647	19.786	18.8813	18.8873	22.1964	35.6016	35.6016	35.6016	35.8449	43.2627	43.2626	0.167119	0.16691	0.210002	0.209896	0.163261	0.0762128	0.0428661	99	0	0
setup	0	2023-09-27 23:00:00	0	0	0	3.40122	0	0	0	0.666881	0	0	0	0	0	0	0	0	0	0	1166.99	417.006	0	19.2974	19.4489	19.5201	18.7729	18.8014	22.1512	35.6016	35.6016	35.6016	35.8449	43.2627	43.2626	0.170269	0.169549	0.211947	0.211432	0.163771	0.0762128	0.0428662	99	0	0
setup	0	2023-09-28 23:00:00	0	0	0	3.40863	0	0	0	0.657186	0	0	0	0	0	0	0	0	0	0	1166.33	416.349	0	18.8936	19.1381	19.2574	18.6652	18.7159	22.106	35.6016	35.6016	35.6016	35.8449	43.2627	43.2626	0.173471	0.172229	0.213913	0.212984	0.164285	0.0762128	0.0428663	99	0	0
setup	0	2023-09-29 23:00:00	0	0	0	3.16855	0	0	0	0.601027	0	0	0	0	0	0	0	0	0	0	1165.73	415.748	0	18.5278	18.8542	19.0166	18.5661	18.6369	22.0639	35.6016	35.6016	35.6016	35.8448	43.2627	43.2626	0.176489	0.174752	0.215754	0.214436	0.164765	0.0762128	0.0428664	99	0	0
setup	0	2023-09-30 23:00:00	0	0	0	3.34319	0	0	0	0.624025	0	0	0	0	0	0	0	0	0	0	1165.11	415.124	0	18.1515	18.5599	18.7659	18.4625	18.5541	22.0195	35.6016	35.6016	35.6016	35.8448	43.2627	43.2626	0.179718	0.177447	0.217712	0.21598	0.165275	0.0762128	0.0428665	99	0	0
setup	0	2023-10-01 23:00:00	0	0	0	3.31746	0	0	0	0.609083	0	0	0	0	0	0	0	0	0	0	1164.5	414.514	0	17.7876	18.2731	18.5207	18.3607	18.4725	21.9755	35.6016	35.6016	35.6016	35.8448	43.2626	43.2626	0.182967	0.180156	0.21967	0.217522	0.165783	0.0762128	0.0428666	99	0	0
setup	0	2023-10-02 23:00:00	0	0	0	3.51516	0	0	0	0.634549	0	0	0	0	0	0	0	0	0	0	1163.86	413.88	0	17.4122	17.9748	18.2646	18.2538	18.3866	21.9288	35.6016	35.6016	35.6016	35.8448	43.2626	43.2626	0.186462	0.183065	0.221762	0.219168	0.166324	0.0762128	0.0428666	99	0	0
setup	0	2023-10-03 23:00:00	0	0	0	3.50162	0	0	0	0.621188	0	0	0	0	0	0	0	0	0	0	1163.24	413.259	0	17.0483	17.6832	18.0133	18.1486	18.3017	21.8824	35.6016	35.6016	35.6016	35.8448	43.2626	43.2625	0.189996	0.186003	0.223861	0.220819	0.166866	0.0762128	0.0428667	99	0	0
setup	0	2023-10-04 23:00:00	0	0	0	3.18623	0	0	0	0.555904	0	0	0	0	0	0	0	0	0	0	1162.69	412.703	0	16.7257	17.4227	17.788	18.0537	18.2251	21.8401	35.6016	35.6016	35.6016	35.8448	43.2626	43.2625	0.193258	0.188711	0.225787	0.222332	0.167361	0.0762128	0.0428668	99	0	0
setup	0	2023-10-05 23:00:00	0	0	0	3.01085	0	0	0	0.517265	0	0	0	0	0	0	0	0	0	0	1162.17	412.185	0	16.4282	17.1808	17.5779	17.965	18.1531	21.8002	35.6016	35.6016	35.6016	35.8447	43.2626	43.2625	0.196384	0.191302	0.227618	0.223771	0.167831	0.0762128	0.0428669	99	0	0
setup	0	2023-10-06 23:00:00	0	0.1	0.0913448	3.14	0	0	0.0086552	0.514475	0.0913448	0	0	0	0	0	0	0	0	0	1161.65	411.671	0	16.1348	16.9405	17.3686	17.8762	18.0809	21.76	35.6016	35.6016	35.6016	35.8447	43.2626	43.2625	0.199581	0.193949	0.22948	0.225232	0.168308	0.0762128	0.042867	99	0	0
setup	0	2023-10-07 23:00:00	0	0	0	3.38105	0	0	0	0.563139	0	0	0	0	0	0	0	0	0	0	1161.09	411.108	0	15.8165	16.678	17.1391	17.7784	18.0012	21.7152	35.6016	35.6016	35.6016	35.8447	43.2626	43.2625	0.203189	0.196931	0.231566	0.226868	0.168841	0.0762128	0.042867	99	0	0
setup	0	2023-10-08 23:00:00	0	0	0	3.38671	0	0	0	0.554654	0	0	0	0	0	0	0	0	0	0	1160.54	410.553	0	15.506	16.42	16.9127	17.6815	17.9219	21.6704	35.6016	35.6016	35.6016	35.8447	43.2625	43.2625	0.206858	0.199958	0.23367	0.228517	0.169377	0.0762128	0.0428671	99	0	0
setup	0	2023-10-09 23:00:00	0	0	0	3.4955	0	0	0	0.562743	0	0	0	0	0	0	0	0	0	0	1159.97	409.99	0	15.194	16.1587	16.6825	17.5825	17.8408	21.6242	35.6016	35.6016	35.6016	35.8447	43.2625	43.2625	0.210703	0.203126	0.235858	0.230231	0.169933	0.0762128	0.0428672	99	0	0
setup	0	2023-10-10 23:00:00	0	0	0	3.56766	0	0	0	0.564342	0	0	0	0	0	0	0	0	0	0	1159.41	409.426	0	14.8843	15.8973	16.4513	17.4827	17.7586	21.5771	35.6016	35.6016	35.6016	35.8447	43.2625	43.2625	0.21469	0.206405	0.238108	0.231992	0.170503	0.0762128	0.0428672	99	0	0
setup	0	2023-10-11 23:00:00	0	0	0	3.50685	0	0	0	0.545019	0	0	0	0	0	0	0	0	0	0	1158.86	408.881	0	14.5881	15.6454	16.2277	17.3857	17.6785	21.5308	35.6016	35.6016	35.6016	35.8447	43.2625	43.2624	0.218673	0.209675	0.240336	0.233735	0.171066	0.0762128	0.0428673	99	0	0
setup	0	2023-10-12 23:00:00	0	0	0	3.48104	0	0	0	0.531658	0	0	0	0	0	0	0	0	0	0	1158.33	408.349	0	14.302	15.4003	16.0092	17.2905	17.5997	21.485	35.6016	35.6016	35.6016	35.8447	43.2625	43.2624	0.222689	0.212966	0.242563	0.235476	0.171628	0.0762128	0.0428674	99	0	0
setup	0	2023-10-13 23:00:00	0	0	0	3.58123	0	0	0	0.537413	0	0	0	0	0	0	0	0	0	0	1157.8	407.811	0	14.0157	15.1531	15.788	17.1936	17.5193	21.4378	35.6016	35.6016	35.6016	35.8447	43.2625	43.2624	0.226888	0.216401	0.244871	0.237279	0.172209	0.0762128	0.0428674	99	0	0
setup	0	2023-10-14 23:00:00	0	0	0	3.73064	0	0	0	0.549722	0	0	0	0	0	0	0	0	0	0	1157.25	407.262	0	13.7258	14.9009	15.5614	17.094	17.4362	21.3888	35.6016	35.6016	35.6016	35.8446	43.2625	43.2624	0.231337	0.220033	0.247293	0.23917	0.172816	0.0762128	0.0428675	99	0	0
setup	0	2023-10-15 23:00:00	0	0	0	3.7346	0	0	0	0.540148	0	0	0	0	0	0	0	0	0	0	1156.71	406.721	0	13.444	14.6538	15.3385	16.9955	17.3538	21.3398	35.6016	35.6016	35.6016	35.8446	43.2625	43.2624	0.235867	0.223724	0.249736	0.241076	0.173427	0.0762128	0.0428675	99	0	0
setup	0	2023-10-16 23:00:00	0	0	0	3.70873	0	0	0	0.526533	0	0	0	0	0	0	0	0	0	0	1156.18	406.195	0	13.1722	14.4135	15.1209	16.8989	17.2728	21.2911	35.6016	35.6016	35.6016	35.8446	43.2624	43.2624	0.240443	0.227446	0.25218	0.242981	0.174037	0.0762128	0.0428676	99	0	0
setup	0	2023-10-17 23:00:00	0	0.5	0.491345	3.48314	0	0	0.0086552	0.473617	0.136476	0	0	0.354869	0	0	0	0	0	0	1156.06	406.076	0	13.7293	14.2045	14.931	16.8149	17.2024	21.2487	35.6017	35.6017	35.6017	35.8446	43.2625	43.2624	0.244574	0.230797	0.254343	0.244661	0.174572	0.0762126	0.0428675	99	0	0
setup	0	2023-10-18 23:00:00	0	0.1	0.0913448	3.47305	0	0	0.0086552	0.470577	0.0913448	0	0	0	0	0	0	0	0	0	1155.59	405.605	0	13.4742	13.995	14.7399	16.7293	17.1301	21.2048	35.6017	35.6017	35.6017	35.8446	43.2624	43.2624	0.248859	0.234268	0.256589	0.24641	0.17513	0.0762126	0.0428676	99	0	0
setup	0	2023-10-19 23:00:00	0	0	0	3.56978	0	0	0	0.489435	0	0	0	0	0	0	0	0	0	0	1155.1	405.116	0	13.2115	13.7777	14.5409	16.6397	17.0543	21.1583	35.6017	35.6017	35.6017	35.8446	43.2624	43.2624	0.253468	0.237995	0.258981	0.248272	0.175723	0.0762126	0.0428676	99	0	0
setup	0	2023-10-20 23:00:00	0	0.9	0.891345	3.31294	0	0	0.0086552	0.443824	0.129384	0	0	0.761961	0	0	0	0	0	0	1155.42	405.433	0	14.0148	13.8814	14.3724	16.5652	16.9914	21.1197	35.6018	35.6018	35.6018	35.8447	43.2625	43.2624	0.251247	0.241245	0.261008	0.249838	0.176217	0.0762121	0.0428674	99	0	0
setup	0	2023-10-21 23:00:00	0	0	0	3.30634	0	0	0	0.454366	0	0	0	0	0	0	0	0	0	0	1154.96	404.978	0	13.7147	13.7263	14.1946	16.4845	16.9227	21.0771	35.6018	35.6018	35.6018	35.8446	43.2625	43.2624	0.254583	0.244772	0.263238	0.251572	0.176767	0.0762121	0.0428675	99	0	0
setup	0	2023-10-22 23:00:00	0	0	0	3.39415	0	0	0	0.458598	0	0	0	0	0	0	0	0	0	0	1154.51	404.52	0	13.4585	13.5253	14.015	16.4026	16.8528	21.0333	35.6018	35.6018	35.6018	35.8446	43.2625	43.2624	0.259042	0.248443	0.265542	0.253362	0.177335	0.0762121	0.0428675	99	0	0
setup	0	2023-10-23 23:00:00	0	0	0	3.59773	0	0	0	0.477606	0	0	0	0	0	0	0	0	0	0	1154.03	404.042	0	13.1942	13.3166	13.8277	16.3169	16.7793	20.987	35.6018	35.6018	35.6018	35.8446	43.2625	43.2624	0.263848	0.252392	0.267999	0.255272	0.177939	0.0762121	0.0428675	99	0	0
setup	0	2023-10-24 23:00:00	0	0	0	3.53328	0	0	0	0.460676	0	0	0	0	0	0	0	0	0	0	1153.57	403.581	0	12.9417	13.1157	13.6468	16.2337	16.7078	20.9416	35.6018	35.6018	35.6018	35.8446	43.2624	43.2624	0.268647	0.256328	0.270428	0.257158	0.178534	0.0762121	0.0428676	99	0	0
setup	0	2023-10-25 23:00:00	0	0	0	3.59328	0	0	0	0.460151	0	0	0	0	0	0	0	0	0	0	1153.11	403.121	0	12.6921	12.9156	13.4659	16.1502	16.6358	20.8956	35.6018	35.6018	35.6018	35.8446	43.2624	43.2624	0.273611	0.260392	0.272914	0.259087	0.179142	0.0762121	0.0428676	99	0	0
setup	0	2023-10-26 23:00:00	0	0	0	3.62351	0	0	0	0.455651	0	0	0	0	0	0	0	0	0	0	1152.65	402.666	0	12.4473	12.7181	13.2866	16.067	16.5638	20.8492	35.6018	35.6018	35.6018	35.8446	43.2624	43.2624	0.278704	0.264552	0.275437	0.261044	0.179758	0.0762121	0.0428677	99	0	0
setup	0	2023-10-27 23:00:00	0	1.9	1.89134	3.32957	0	0	0.0086552	0.430928	0.130077	0	0	1.76127	0	0	0	0	0	0	1153.98	403.994	0	14.2923	13.5877	13.372	16.0042	16.5102	20.8146	35.602	35.602	35.602	35.8447	43.2625	43.2625	0.257642	0.262553	0.277375	0.262525	0.18022	0.0762109	0.0428671	99	0	0
setup	0	2023-10-28 23:00:00	0	0	0	3.37193	0	0	0	0.446216	0	0	0	0	0	0	0	0	0	0	1153.54	403.548	0	13.7187	13.5463	13.4753	15.9294	16.4451	20.7721	35.602	35.602	35.602	35.8447	43.2625	43.2625	0.25857	0.260178	0.279719	0.264342	0.18079	0.0762109	0.0428672	99	0	0
setup	0	2023-10-29 23:00:00	0	0	0	3.4511	0	0	0	0.448385	0	0	0	0	0	0	0	0	0	0	1153.09	403.099	0	13.3949	13.3684	13.3566	15.8538	16.3791	20.7287	35.602	35.602	35.602	35.8447	43.2625	43.2625	0.262637	0.262913	0.282133	0.266213	0.181377	0.0762109	0.0428672	99	0	0
setup	0	2023-10-30 23:00:00	0	0	0	3.45147	0	0	0	0.440519	0	0	0	0	0	0	0	0	0	0	1152.65	402.659	0	13.1397	13.1733	13.1919	15.779	16.3136	20.6853	35.602	35.602	35.602	35.8447	43.2625	43.2625	0.267254	0.266806	0.284561	0.268094	0.181965	0.0762109	0.0428672	99	0	0
setup	0	2023-10-31 23:00:00	0	0	0	3.34676	0	0	0	0.419797	0	0	0	0	0	0	0	0	0	0	1152.23	402.239	0	12.9018	12.9858	13.0314	15.7074	16.2507	20.6433	35.602	35.602	35.602	35.8447	43.2625	43.2625	0.27185	0.270716	0.286929	0.269928	0.182539	0.0762109	0.0428673	99	0	0
setup	0	2023-11-01 23:00:00	0	4.5	4.49134	3.30161	0	0	0.0086552	0.487383	0.128912	0	0	4.36243	0	0	0	0	0	0	1156.1	406.11	0	23.5445	13.042	12.9654	15.6644	16.2147	20.6194	35.6026	35.6026	35.6026	35.8449	43.2628	43.2628	0.270454	0.272359	0.28837	0.270991	0.182867	0.0762081	0.0428658	99	0	0
setup	0	2023-11-02 23:00:00	0	0	0	3.40876	0	0	0	0.515148	0	0	0	0	0	0	0	0	0	0	1155.59	405.594	0	22.7894	12.9539	12.9015	15.5952	16.1536	20.5782	35.6026	35.6026	35.6026	35.8449	43.2628	43.2628	0.272648	0.27397	0.290723	0.272812	0.183435	0.0762081	0.0428659	99	0	0
setup	0	2023-11-03 23:00:00	0	32.9	32.8394	3.18162	0	0	0.0605864	0.669869	0.867387	0	0	31.972	0	0	0	0	0	0	1186.89	436.851	0	37.0141	29.3519	27.9473	23.8566	21.0434	20.7037	35.6089	35.6089	35.6089	35.8473	43.2657	43.2657	0.101653	0.108877	0.146169	0.177203	0.181715	0.0761795	0.042851	99	0	0
setup	0	2023-11-04 23:00:00	0	8.3	8.28269	3.07539	0	0	0.0173104	0.893151	0.238972	0	0	8.04372	0	0	0	0	0	0	1194.04	443.982	0	36.8171	30.535	29.721	26.6783	24.801	21.6843	35.6115	35.6115	35.6115	35.8484	43.267	43.2669	0.0959284	0.0998344	0.122758	0.137666	0.16921	0.0761675	0.0428447	99	0	0
setup	0	2023-11-05 23:00:00	0	8.6	8.58269	3.06523	0	0	0.0173104	0.932716	0.238125	0	0	8.34456	0	0	0	0	0	0	1201.45	451.366	0	37.1146	30.8931	30.7265	28.8566	28.205	25.7336	35.6153	35.6153	35.6153	35.8498	43.2688	43.2687	0.0942523	0.0950293	0.107954	0.112152	0.129965	0.07615	0.0428356	99	0	0
setup	0	2023-11-06 23:00:00	0	7.2	7.18269	3.16685	0	0	0.0173104	0.97926	0.246593	0	2.01776	6.9361	0	0	0	0	0	0	1205.39	455.279	0	35.4357	30.9511	30.9756	29.4612	29.3889	29.1721	35.479	35.6187	35.6204	35.8065	43.3738	43.2888	0.0939832	0.0938698	0.10421	0.10465	0.105983	0.0761348	0.0423009	99	0	0
setup	0	2023-11-07 23:00:00	0	28.39	28.3381	3.2581	0	0	0.0519312	0.827907	0.762594	0	9.68225	27.5755	0	0	0	0	0	0	1222.46	471.468	0	37.5124	30.9933	31.0394	29.0035	29.828	29.9508	35.5021	37.8686	36.8349	36.0025	46.9368	45.1825	0.0937876	0.0935745	0.107032	0.102002	0.101273	0.0660599	0.0180053	99	0	0
setup	0	2023-11-08 23:00:00	0	35.8	35.7308	3.22342	0	0	0.0692416	0.716061	1.00523	0	9.67724	34.7255	0	0	0	0	0	0	1246.79	475.793	0	32.8534	31.0622	31.0654	29.549	29.8884	29.9203	35.5896	35.6564	35.4504	35.9649	49.6993	49.7408	0.0934691	0.0934542	0.103677	0.101643	0.101454	0.0759623	0.0138681	99	0	0
setup	0	2023-11-09 23:00:00	0	3.1	3.09134	3.13105	0	0	0.0086552	1.01159	0.121805	0	9.66967	2.96954	0	0	0	0	0	0	1239.08	464.85	0	36.8864	30.7199	30.5918	28.9807	29.6871	29.7768	35.6628	35.5804	35.5373	35.9296	43.2741	48.9911	0.0950597	0.0956609	0.107174	0.102845	0.102307	0.0763099	0.0428083	99	0	0
setup	0	2023-11-10 23:00:00	0	0	0	3.22752	0	0	0	1.08249	0	0	9.66294	0	0	0	0	0	0	0	1228.33	455.259	0	34.3171	30.6499	30.5571	29.0156	29.5258	29.6992	35.6283	35.5902	35.5729	35.9137	43.3153	43.2477	0.0953877	0.0958243	0.106956	0.103817	0.102772	0.0762651	0.0425993	99	0	0
setup	0	2023-11-11 23:00:00	0	17.8	17.7654	3.16834	0	0	0.0346208	0.894645	0.493436	0	9.66526	17.2719	0	0	0	0	0	0	1235.04	461.442	0	36.4848	31.0314	31.0165	29.5202	29.8645	29.9514	35.9912	35.9999	36	35.9929	43.2648	44.7475	0.0936114	0.0936804	0.103852	0.101785	0.10127	0.0744002	0.0428558	99	0	0
setup	0	2023-11-12 23:00:00	0	11.1	11.074	3.03582	0	0	0.0259656	0.888165	0.353511	0	9.67521	10.7205	0	0	0	0	0	0	1235.2	460.868	0	33.4723	30.9838	31.0034	29.52	29.8628	29.9214	35.4954	37.0333	37.0386	36.0037	44.0142	44.5016	0.0938318	0.0937407	0.103853	0.101795	0.101448	0.0697617	0.0389398	99	0	0
setup	0	2023-11-13 23:00:00	0	4.4	4.39134	3.1724	0	0	0.0086552	0.995108	0.123528	0	9.68378	4.26782	0	0	0	0	0	0	1228.79	453.939	0	30.0586	30.0337	30.012	28.8162	28.7959	29.8408	35.6118	35.5276	35.8758	35.3576	43.223	44.3318	0.0983173	0.0984219	0.108209	0.108338	0.101926	0.0765513	0.0430674	99	0	0
setup	0	2023-11-14 23:00:00	0	3.9	3.89134	3.19892	0	0	0.0086552	1.01824	0.124633	0	9.69999	3.76671	0	0	0	0	0	0	1221.84	455.048	0	36.8192	30.4121	30.1938	28.6418	28.67	29.7197	35.6228	35.5957	35.706	35.5456	43.2895	43.2148	0.0965094	0.0975486	0.109318	0.109138	0.102649	0.0762396	0.0427302	99	0	0
setup	0	2023-11-15 23:00:00	0	22.2	22.1567	3.12923	0	0	0.043276	0.836951	0.608646	0	9.72581	21.5481	0	0	0	0	0	0	1232.82	465.477	0	35.7082	31.0138	31.0272	29.5309	29.8725	29.8832	35.6254	35.6214	35.4675	35.9649	45.3322	45.1331	0.093693	0.093631	0.103786	0.101737	0.101674	0.0761226	0.0312131	99	0	0
setup	0	2023-11-16 23:00:00	0	5.7	5.68269	3.10326	0	0	0.0173104	0.944932	0.241295	0	9.76097	5.4414	0	0	0	0	0	0	1227.56	459.106	0	32.4515	30.9554	30.9795	29.506	29.8527	29.8571	35.6264	35.5489	35.6242	35.7657	43.2893	45.8731	0.0939632	0.0938514	0.103938	0.101855	0.101829	0.0764541	0.0427312	99	0	0
setup	0	2023-11-17 23:00:00	0	6.6	6.58269	3.12799	0	0	0.0173104	0.961635	0.243356	0	9.80411	6.33933	0	0	0	0	0	0	1223.13	454.692	0	34.4444	30.3934	30.3905	29.0233	28.9985	29.8305	35.6715	35.6167	35.6118	35.6968	43.3091	43.3894	0.096598	0.0966116	0.106908	0.107063	0.101987	0.0761437	0.0426309	99	0	0
setup	0	2023-11-18 23:00:00	0	2.5	2.49134	3.13174	0	0	0.0086552	1.00465	0.121834	0	9.85335	2.36951	0	0	0	0	0	0	1214.64	455.966	0	36.6805	30.8216	30.5748	28.9256	28.8917	29.7387	35.6708	35.6439	35.6335	35.6998	43.3019	43.3022	0.0945851	0.0957409	0.10752	0.107733	0.102535	0.0760198	0.0426674	99	0	0
setup	0	2023-11-19 23:00:00	0	1.74	1.73134	3.23349	0	0	0.0086552	1.03821	0.126073	0	9.89655	1.60527	0	0	0	0	0	0	1205.31	455.699	0	36.374	30.5461	30.5277	29.1648	29.1338	29.6792	35.6548	35.6467	35.6408	35.6942	43.3425	43.2953	0.0958761	0.0959628	0.106028	0.10622	0.102892	0.0760067	0.0424605	99	0	0
setup	0	2023-11-20 23:00:00	0	1.4	1.39134	3.26351	0	0	0.0086552	1.05215	0.127324	0	0.404453	1.26402	0	0	0	0	0	0	1205.12	455.875	0	35.9059	30.9991	30.7817	29.1136	29.0584	29.6235	35.6504	35.6458	35.6426	35.6952	43.3233	43.295	0.0937609	0.0947713	0.106345	0.106689	0.103227	0.0760109	0.0425585	99	0	0
setup	0	2023-11-21 23:00:00	0	0.4	0.391345	3.1727	0	0	0.0086552	1.02154	0.12354	0	0.00216194	0.267804	0	0	0	0	0	0	1204.36	455.096	0	34.364	30.8598	30.7434	29.1356	29.0954	29.5687	35.6475	35.6449	35.6431	35.6954	43.3125	43.2919	0.0944072	0.0949499	0.106209	0.106458	0.103558	0.0760151	0.0426131	99	0	0
setup	0	2023-11-22 23:00:00	0	14.2	14.174	3.18693	0	0	0.0259656	0.917493	0.3724	0	9.56517	13.8016	0	0	0	0	0	0	1207.68	458.198	0	30.0889	29.9813	29.9587	28.7301	28.7632	29.7146	36.5115	38.3591	36.771	35.6764	43.9542	43.3308	0.0985701	0.0986795	0.108755	0.108545	0.10268	0.0638976	0.0392631	99	0	0
setup	0	2023-11-23 23:00:00	0	8.7	8.68269	3.08217	0	0	0.0173104	0.949029	0.239537	0	9.57254	8.44315	0	0	0	0	0	0	1205.61	455.957	0	37.2043	30.6208	30.5825	29.4084	29.228	29.0904	35.5073	35.7939	35.8734	35.7731	43.0933	43.4448	0.0955246	0.0957047	0.104531	0.105637	0.10649	0.0753359	0.04372	99	0	0
setup	0	2023-11-24 23:00:00	0	3.6	3.59134	3.10337	0	0	0.0086552	0.977484	0.120652	0	5.98685	3.47069	0	0	0	0	0	0	1202.11	452.363	0	30.082	30.8542	30.7741	29.085	28.9581	29.2712	35.395	35.6553	35.7784	35.7607	43.1145	43.1344	0.0944333	0.0948065	0.106523	0.107316	0.105372	0.0759677	0.0436139	99	0	0
setup	0	2023-11-25 23:00:00	0	9	8.98269	3.13682	0	0	0.0173104	0.968686	0.244091	0	4.39467	8.7386	0	0	0	0	0	0	1205.49	455.697	0	37.4594	30.5213	30.4807	29.1737	29.3126	29.2689	35.6825	35.6289	35.7113	35.7579	43.3688	43.2002	0.0959929	0.0961848	0.105973	0.105118	0.105386	0.0760882	0.0423265	99	0	0
setup	0	2023-11-26 23:00:00	0	6.8	6.78269	3.14227	0	0	0.0173104	0.969618	0.244545	0	4.79776	6.53814	0	0	0	0	0	0	1206.26	456.42	0	34.801	30.9533	30.9776	29.5045	29.8519	29.8654	35.7558	35.7737	35.7648	35.7619	43.283	43.2611	0.0939731	0.0938605	0.103947	0.10186	0.10178	0.0754279	0.0427633	99	0	0
setup	0	2023-11-27 23:00:00	0	8.4	8.38269	3.08647	0	0	0.0173104	0.957989	0.239895	0	6.40182	8.14279	0	0	0	0	0	0	1207.04	457.109	0	36.9164	30.9188	30.7942	29.1736	29.809	29.9005	35.6781	35.5359	35.8112	35.7719	43.3341	43.2977	0.094133	0.0947127	0.105974	0.102116	0.101572	0.0765134	0.0425035	99	0	0
setup	0	2023-11-28 23:00:00	0	2.6	2.59134	3.2898	0	0	0.0086552	1.06054	0.12842	0	1.60221	2.46293	0	0	0	0	0	0	1206.84	456.871	0	37.1945	30.5134	30.4623	29.4673	29.5826	29.7779	35.6686	35.6292	35.7705	35.7799	43.4066	43.3185	0.0960302	0.0962719	0.104173	0.103474	0.102301	0.0760869	0.0421326	99	0	0
setup	0	2023-11-29 23:00:00	0	0	0	3.21988	0	0	0	1.07991	0	0	0.00078306	0	0	0	0	0	0	0	1205.76	455.765	0	34.383	30.6538	30.5641	29.2626	29.4226	29.7052	35.6601	35.6541	35.7705	35.7813	43.3705	43.3295	0.0953698	0.0957914	0.105425	0.104445	0.102736	0.075973	0.0423174	99	0	0
setup	0	2023-11-30 23:00:00	0	0	0	3.30244	0	0	0	1.09403	0	0	0.000568092	0	0	0	0	0	0	0	1204.67	454.644	0	32.9914	30.3598	30.3497	29.0538	29.259	29.6447	35.6574	35.657	35.7705	35.7818	43.3549	43.3281	0.0967577	0.0968054	0.106717	0.105447	0.1031	0.0759597	0.0423974	99	0	0
setup	0	2023-12-01 23:00:00	0	0	0	3.24301	0	0	0	1.05913	0	0	0.000432479	0	0	0	0	0	0	0	1203.61	453.563	0	32.088	29.9519	29.9809	28.8499	29.0986	29.5851	35.6572	35.6572	35.7705	35.782	43.3446	43.3242	0.0987121	0.0985718	0.107997	0.106439	0.103459	0.075959	0.0424497	99	0	0
setup	0	2023-12-02 23:00:00	0	0	0	3.22214	0	0	0	1.03793	0	0	0.000336066	0	0	0	0	0	0	0	1202.57	452.507	0	31.3598	29.4892	29.6009	28.6483	28.9397	29.5256	35.6572	35.6572	35.7705	35.7821	43.3368	43.3204	0.100973	0.100422	0.109277	0.107431	0.103819	0.075959	0.0424895	99	0	0
setup	0	2023-12-03 23:00:00	0	0	0	3.29768	0	0	0	1.04699	0	0	0.00026327	0	0	0	0	0	0	0	1201.52	451.444	0	29.5028	29.4513	29.4338	28.443	28.7774	29.4645	35.6572	35.6572	35.7705	35.7822	43.3305	43.3169	0.10116	0.101246	0.110598	0.108455	0.104189	0.0759589	0.0425217	99	0	0
setup	0	2023-12-04 23:00:00	0	0	0	3.254	0	0	0	1.01815	0	0	0.000206969	0	0	0	0	0	0	0	1200.5	450.413	0	28.8526	28.9936	29.0624	28.2416	28.6177	29.4041	35.6572	35.6572	35.7705	35.7822	43.3253	43.3139	0.103448	0.103101	0.111911	0.109473	0.104558	0.0759589	0.0425483	99	0	0
setup	0	2023-12-05 23:00:00	0	0	0	3.20507	0	0	0	0.9891	0	0	0.000162981	0	0	0	0	0	0	0	1199.51	449.412	0	28.2385	28.5448	28.6925	28.0444	28.4609	29.3443	35.6572	35.6572	35.7705	35.7822	43.3209	43.3111	0.105742	0.104981	0.113215	0.110482	0.104923	0.0759589	0.0425708	99	0	0
setup	0	2023-12-06 23:00:00	0	0	0	3.24551	0	0	0	0.987846	0	0	0.000128449	0	0	0	0	0	0	0	1198.52	448.415	0	27.6318	28.097	28.3218	27.8458	28.3026	29.2837	35.6572	35.6572	35.7705	35.7822	43.3171	43.3086	0.108082	0.106901	0.114544	0.111512	0.105295	0.0759589	0.0425901	99	0	0
setup	0	2023-12-07 23:00:00	0	0	0	3.22285	0	0	0	0.967417	0	0	0.000101277	0	0	0	0	0	0	0	1197.56	447.439	0	27.0443	27.6591	27.9577	27.6499	28.1459	29.2233	35.6572	35.6572	35.7705	35.7822	43.3138	43.3064	0.110425	0.108822	0.115875	0.112542	0.105667	0.0759589	0.0426068	99	0	0
setup	0	2023-12-08 23:00:00	0	0	0	3.23699	0	0	0	0.958245	0	0	7.98706e-05	0	0	0	0	0	0	0	1196.6	446.473	0	26.4689	27.226	27.596	27.4544	27.989	29.1624	35.6572	35.6572	35.7705	35.7822	43.3109	43.3043	0.112798	0.110767	0.117221	0.113583	0.106043	0.0759589	0.0426215	99	0	0
setup	0	2023-12-09 23:00:00	0	0	0	3.2634	0	0	0	0.952606	0	0	6.29959e-05	0	0	0	0	0	0	0	1195.65	445.513	0	25.9032	26.7961	27.2355	27.2585	27.8315	29.101	35.6572	35.6572	35.7705	35.7822	43.3083	43.3025	0.115212	0.112746	0.118588	0.114641	0.106424	0.0759589	0.0426345	99	0	0
setup	0	2023-12-10 23:00:00	0	0	0	3.15484	0	0	0	0.908208	0	0	4.96894e-05	0	0	0	0	0	0	0	1194.74	444.599	0	25.3697	26.3868	26.8908	27.0704	27.6798	29.0414	35.6572	35.6572	35.7705	35.7822	43.3061	43.3008	0.117566	0.114675	0.11992	0.115671	0.106795	0.0759589	0.0426461	99	0	0
setup	0	2023-12-11 23:00:00	0	0.8	0.791345	3.27763	0	0	0.0086552	0.903643	0.127913	0	3.91627e-05	0.663432	0	0	0	0	0	0	1194.5	444.35	0	26.0091	26.0765	26.557	26.8877	27.5319	28.983	35.6575	35.6575	35.7707	35.7824	43.3041	43.2994	0.119391	0.11658	0.121231	0.116685	0.10716	0.0759577	0.0426559	99	0	0
setup	0	2023-12-12 23:00:00	0	0.1	0.0913448	3.24089	0	0	0.0086552	0.891283	0.0913448	0	3.08919e-05	0	0	0	0	0	0	0	1193.61	443.454	0	25.4753	25.6817	26.2231	26.7039	27.3827	28.9238	35.6575	35.6575	35.7707	35.7824	43.3023	43.298	0.121764	0.118525	0.12257	0.117719	0.107531	0.0759577	0.0426653	99	0	0
setup	0	2023-12-13 23:00:00	0	0	0	3.25149	0	0	0	0.909891	0	0	2.43681e-05	0	0	0	0	0	0	0	1192.7	442.539	0	24.9362	25.2792	25.8813	26.5148	27.2289	28.8623	35.6575	35.6575	35.7707	35.7824	43.3006	43.2967	0.124245	0.120557	0.123966	0.118797	0.107918	0.0759577	0.0426739	99	0	0
setup	0	2023-12-14 23:00:00	0	0	0	3.32173	0	0	0	0.916287	0	0	1.92221e-05	0	0	0	0	0	0	0	1191.78	441.619	0	24.3993	24.8747	25.5363	26.3231	27.0724	28.7993	35.6575	35.6575	35.7707	35.7824	43.2991	43.2954	0.126807	0.122653	0.125404	0.119906	0.108316	0.0759577	0.0426817	99	0	0
setup	0	2023-12-15 23:00:00	0	0.1	0.0913448	3.32354	0	0	0.0086552	0.876537	0.0913448	0	1.51629e-05	0	0	0	0	0	0	0	1190.9	440.738	0	23.8912	24.4884	25.2055	26.1383	26.9212	28.7381	35.6575	35.6575	35.7707	35.7824	43.2976	43.2943	0.129319	0.124707	0.126809	0.12099	0.108704	0.0759577	0.0426889	99	0	0
setup	0	2023-12-16 23:00:00	0	4.7	4.69134	3.20433	0	0	0.0086552	0.890361	0.124859	0	1.19059e-05	4.56649	0	0	0	0	0	0	1194.58	444.398	0	31.2005	25.8258	25.6338	25.9864	26.7961	28.6872	35.659	35.659	35.7717	35.7834	43.297	43.294	0.120891	0.122056	0.127982	0.121896	0.109028	0.0759505	0.0426919	99	0	0
setup	0	2023-12-17 23:00:00	0	0	0	3.08177	0	0	0	0.89146	0	0	9.39167e-06	0	0	0	0	0	0	0	1193.69	443.503	0	29.7227	25.7008	25.6495	25.8178	26.6574	28.6305	35.659	35.659	35.7717	35.7834	43.2959	43.293	0.121648	0.12196	0.1293	0.122911	0.109391	0.0759505	0.042698	99	0	0
setup	0	2023-12-18 23:00:00	0	0	0	3.1974	0	0	0	0.911363	0	0	7.40839e-06	0	0	0	0	0	0	0	1192.78	442.589	0	28.9203	25.3629	25.3761	25.644	26.514	28.5714	35.659	35.659	35.7717	35.7834	43.2948	43.2922	0.123724	0.123642	0.130678	0.123972	0.10977	0.0759505	0.0427036	99	0	0
setup	0	2023-12-19 23:00:00	0	0.1	0.0913448	3.1729	0	0	0.0086552	0.863646	0.0913448	0	5.84393e-06	0	0	0	0	0	0	0	1191.91	441.722	0	28.318	24.9917	25.0681	25.478	26.3767	28.5145	35.659	35.659	35.7717	35.7834	43.2937	43.2913	0.126059	0.125573	0.132014	0.124999	0.110136	0.0759505	0.0427087	99	0	0
setup	0	2023-12-20 23:00:00	0	0	0	3.26057	0	0	0	0.901526	0	0	4.60985e-06	0	0	0	0	0	0	0	1191.01	440.818	0	25.5718	25.3033	25.1692	25.3029	26.2314	28.454	35.659	35.659	35.7717	35.7834	43.2928	43.2906	0.124095	0.124935	0.133443	0.126098	0.110527	0.0759505	0.0427135	99	0	0
setup	0	2023-12-21 23:00:00	0	0	0	3.17643	0	0	0	0.863959	0	0	3.63637e-06	0	0	0	0	0	0	0	1190.15	439.952	0	24.9114	24.9341	24.9459	25.1334	26.0904	28.3948	35.659	35.659	35.7717	35.7834	43.2919	43.2899	0.126426	0.126351	0.134849	0.127178	0.110911	0.0759505	0.042718	99	0	0
setup	0	2023-12-22 23:00:00	0	0	0	3.3062	0	0	0	0.886319	0	0	2.86847e-06	0	0	0	0	0	0	0	1189.26	439.063	0	24.3775	24.5378	24.6166	24.9582	25.9442	28.3331	35.659	35.659	35.7717	35.7834	43.2911	43.2892	0.128994	0.128478	0.136323	0.12831	0.111312	0.0759505	0.0427221	99	0	0
setup	0	2023-12-23 23:00:00	0	2.2	2.19134	3.26409	0	0	0.0086552	0.86551	0.127348	0	2.25837e-06	2.064	0	0	0	0	0	0	1190.46	440.254	0	28.894	24.3393	24.3346	24.806	25.8166	28.2789	35.6597	35.6597	35.7722	35.7838	43.2907	43.2889	0.130307	0.130338	0.137623	0.129309	0.111667	0.0759475	0.0427244	99	0	0
setup	0	2023-12-24 23:00:00	0	6.7	6.68269	3.1992	0	0	0.0173104	0.878054	0.24929	0	1.77026e-06	6.4334	0	0	0	0	0	0	1196.02	445.791	0	36.3056	26.7758	26.2026	24.705	25.7211	28.2378	35.6619	35.6619	35.7736	35.7852	43.291	43.2893	0.115327	0.118645	0.138497	0.130064	0.111936	0.0759375	0.0427227	99	0	0
setup	0	2023-12-25 23:00:00	0	0.7	0.691345	3.4238	0	0	0.0086552	0.991332	0.134003	0	1.39537e-06	0.557342	0	0	0	0	0	0	1195.58	445.353	0	34.8223	26.7979	26.5701	25.1141	25.5891	28.1811	35.6621	35.6621	35.7738	35.7854	43.2904	43.2889	0.115201	0.116505	0.13501	0.131118	0.112309	0.0759365	0.0427255	99	0	0
setup	0	2023-12-26 23:00:00	0	0	0	3.43782	0	0	0	1.02559	0	0	1.1007e-06	0	0	0	0	0	0	0	1194.56	444.326	0	33.2473	26.5007	26.4354	25.1009	25.4482	28.1204	35.6621	35.6621	35.7738	35.7854	43.2898	43.2884	0.116906	0.117284	0.135121	0.132255	0.11271	0.0759365	0.0427285	99	0	0
setup	0	2023-12-27 23:00:00	0	0.6	0.591345	3.20262	0	0	0.0086552	0.909739	0.124787	0	8.67779e-07	0.466558	0	0	0	0	0	0	1194.11	443.879	0	33.3761	26.2382	26.2226	24.9597	25.3259	28.0672	35.6623	35.6623	35.7739	35.7855	43.2894	43.288	0.118436	0.118528	0.13631	0.133255	0.113063	0.0759356	0.0427309	99	0	0
setup	0	2023-12-28 23:00:00	0	0	0	3.19381	0	0	0	0.933047	0	0	6.84523e-07	0	0	0	0	0	0	0	1193.18	442.945	0	32.4607	25.9164	25.9234	24.7984	25.1963	28.0106	35.6623	35.6623	35.7739	35.7855	43.2889	43.2876	0.120346	0.120304	0.137689	0.134325	0.113439	0.0759356	0.0427335	99	0	0
setup	0	2023-12-29 23:00:00	0	0	0	3.37795	0	0	0	0.972304	0	0	5.39967e-07	0	0	0	0	0	0	0	1192.21	441.971	0	31.6764	25.5083	25.5808	24.6288	25.0597	27.9506	35.6623	35.6623	35.7739	35.7855	43.2884	43.2872	0.122825	0.12238	0.139161	0.135466	0.11384	0.0759356	0.042736	99	0	0
setup	0	2023-12-30 23:00:00	0	0	0	3.42355	0	0	0	0.968427	0	0	4.25937e-07	0	0	0	0	0	0	0	1191.24	441.001	0	27.1215	26.3449	25.9657	24.5113	24.9216	27.8896	35.6623	35.6623	35.7739	35.7855	43.2879	43.2868	0.117811	0.120051	0.140194	0.136634	0.114249	0.0759356	0.0427383	99	0	0
setup	0	2023-12-31 23:00:00	0	0	0	3.42172	0	0	0	0.948456	0	0	3.35989e-07	0	0	0	0	0	0	0	1190.29	440.052	0	25.9999	25.9208	25.8672	24.5606	24.7839	27.8284	35.6623	35.6623	35.7739	35.7855	43.2875	43.2865	0.12032	0.120642	0.139758	0.137813	0.114662	0.0759356	0.0427404	99	0	0
setup	0	2024-01-01 23:00:00	0	0	0	3.48901	0	0	0	0.951563	0	0	2.65036e-07	0	0	0	0	0	0	0	1189.34	439.099	0	25.3879	25.4812	25.5257	24.3888	24.6441	27.7658	35.6623	35.6623	35.7739	35.7855	43.2871	43.2862	0.122992	0.122718	0.141283	0.139026	0.115086	0.0759356	0.0427424	99	0	0
setup	0	2024-01-02 23:00:00	0	2.14	2.13134	3.48012	0	0	0.0086552	0.935316	0.13635	0	2.08676e-07	1.995	0	0	0	0	0	0	1190.4	440.153	0	29.4921	25.2978	25.2811	24.2352	24.5231	27.711	35.6629	35.6629	35.7743	35.7859	43.287	43.2862	0.12413	0.124233	0.142667	0.140089	0.115458	0.0759328	0.0427427	99	0	0
setup	0	2024-01-03 23:00:00	0	18.7	18.6654	3.39559	0	0	0.0346208	0.953764	0.531312	0	1.20356	18.1341	0	0	0	0	0	0	1206.38	456.062	0	37.4933	30.9075	30.7707	29.1439	29.1831	29.0308	35.617	35.6712	35.7652	35.7914	43.3607	43.2958	0.0941856	0.0948224	0.106157	0.105915	0.106861	0.0758949	0.0423675	99	0	0
setup	0	2024-01-04 23:00:00	0	0	0	3.40603	0	0	0	1.14253	0	0	2.75735e-05	0	0	0	0	0	0	0	1205.23	454.907	0	34.5562	30.8809	30.7444	29.1185	29.0568	29.0166	35.617	35.6712	35.7652	35.7914	43.3324	43.3061	0.0943088	0.0949452	0.106315	0.106699	0.10695	0.0758949	0.042512	99	0	0
setup	0	2024-01-05 23:00:00	0	0	0	3.37603	0	0	0	1.11785	0	0	0.000107681	0	0	0	0	0	0	0	1204.11	453.775	0	33.0909	30.5142	30.484	28.9651	28.9569	28.9651	35.617	35.6712	35.7652	35.7914	43.3224	43.3065	0.0960267	0.0961693	0.107272	0.107323	0.107272	0.0758949	0.0425631	99	0	0
setup	0	2024-01-06 23:00:00	0	9.3	9.28269	3.23192	0	0	0.0173104	0.974445	0.252016	0	6.42063	9.03067	0	0	0	0	0	0	1205.75	455.338	0	30.0846	30.9423	30.9645	29.4893	29.8458	29.9377	35.847	35.7162	35.8534	35.7987	43.3551	43.332	0.094024	0.0939211	0.104039	0.101896	0.101351	0.0756899	0.0423965	99	0	0
setup	0	2024-01-07 23:00:00	0	10.8	10.774	3.22302	0	0	0.0259656	0.938323	0.376912	0	9.63423	10.3971	0	0	0	0	0	0	1205.58	455.045	0	32.7003	30.9612	30.9829	29.5056	29.8541	29.893	35.6411	35.4882	35.4559	35.8203	43.1316	43.3647	0.0939364	0.0938357	0.10394	0.101847	0.101616	0.0767321	0.0435282	99	0	0
setup	0	2024-01-08 23:00:00	0	11	10.974	3.19307	0	0	0.0259656	0.932599	0.373168	0	8.83418	10.6009	0	0	0	0	0	0	1206.41	456.192	0	33.1972	30.9652	30.9866	29.5082	29.8556	29.9443	35.8838	35.5572	35.943	35.8413	43.3411	43.2979	0.0939177	0.0938185	0.103924	0.101838	0.101312	0.0764159	0.0424676	99	0	0
setup	0	2024-01-09 23:00:00	0	0	0	3.2824	0	0	0	1.0816	0	0	0.000437059	0	0	0	0	0	0	0	1205.33	455.11	0	32.3905	30.4764	30.5864	29.297	29.6886	29.8511	35.7905	35.7559	35.8835	35.8471	43.303	43.2979	0.0962051	0.0956863	0.105213	0.102836	0.101865	0.075509	0.0426616	99	0	0
setup	0	2024-01-10 23:00:00	0	0	0	3.22084	0	0	0	1.04679	0	0	0.000424083	0	0	0	0	0	0	0	1204.28	454.064	0	31.6736	30.0037	30.1976	29.0909	29.5251	29.7884	35.7784	35.7751	35.8712	35.8526	43.2997	43.2983	0.0984622	0.0975306	0.106487	0.103822	0.102238	0.0754215	0.0426785	99	0	0
setup	0	2024-01-11 23:00:00	0	0.7	0.691345	3.16983	0	0	0.0086552	0.983957	0.123421	0	0.000355568	0.567924	0	0	0	0	0	0	1203.86	453.638	0	32.5091	29.5686	29.8384	28.8999	29.3727	29.7322	35.7772	35.7771	35.8655	35.8555	43.2992	43.2955	0.100581	0.0992623	0.107681	0.104749	0.102574	0.0754125	0.0426812	99	0	0
setup	0	2024-01-12 23:00:00	0	3	2.99134	3.23279	0	0	0.0086552	1.0193	0.126045	0	0.000272347	2.8653	0	0	0	0	0	0	1205.71	455.456	0	36.666	29.7005	29.6268	28.7153	29.2237	29.6772	35.7788	35.7788	35.8634	35.858	43.2986	43.2925	0.0999346	0.100295	0.108849	0.105664	0.102904	0.0754046	0.0426838	99	0	0
setup	0	2024-01-13 23:00:00	0	16.24	16.2054	3.30983	0	0	0.0346208	0.923383	0.517017	0	9.64858	15.6884	0	0	0	0	0	0	1210.83	459.944	0	33.7558	30.9729	30.9917	29.5088	29.8577	29.9489	35.9911	35.9999	36	35.995	43.3193	44.7576	0.093882	0.0937952	0.103921	0.101826	0.101285	0.0744002	0.0425789	99	0	0
setup	0	2024-01-14 23:00:00	0	31	30.9394	3.12202	0	0	0.0605864	0.739091	0.850003	0	9.65923	30.0894	0	0	0	0	0	0	1230.52	470.749	0	33.3525	31.0516	31.058	29.547	29.8853	29.959	35.9912	35.9999	36	35.9976	44.2838	49.8671	0.0935181	0.0934888	0.103689	0.101662	0.101225	0.0744002	0.0374638	99	0	0
setup	0	2024-01-15 23:00:00	0	0	0	3.39726	0	0	0	1.12205	0	0	9.66103	0	0	0	0	0	0	0	1219.73	457.349	0	32.5072	30.5445	30.6431	29.3282	29.7124	29.8958	35.9912	35.9996	35.9991	35.9563	43.23	44.6703	0.0958836	0.09542	0.105021	0.102693	0.101599	0.0744016	0.0430318	99	0	0
setup	0	2024-01-16 23:00:00	0	0.1	0.0913448	3.44099	0	0	0.0086552	1.08786	0.0913448	0	9.66157	0	0	0	0	0	0	0	1208.98	454.626	0	31.7549	30.0532	30.2392	29.1143	29.5427	29.8334	35.9912	35.9955	35.9915	35.9283	43.237	43.1485	0.0982233	0.0973316	0.106341	0.103715	0.10197	0.0744202	0.0429966	99	0	0
setup	0	2024-01-17 23:00:00	0	0	0	3.44781	0	0	0	1.10603	0	0	4.83125	0	0	0	0	0	0	0	1203.05	453.52	0	29.5463	29.5832	29.8268	28.8947	29.368	29.7688	35.9911	35.9871	35.9806	35.9132	43.2404	43.1833	0.10051	0.0993185	0.107714	0.104778	0.102355	0.0744586	0.0429794	99	0	0
setup	0	2024-01-18 23:00:00	0	0	0	3.4142	0	0	0	1.07914	0	0	0.000317512	0	0	0	0	0	0	0	1201.97	452.441	0	28.8749	29.0957	29.4229	28.6785	29.1955	29.7046	35.9858	35.978	35.9699	35.904	43.2473	43.2058	0.102933	0.101301	0.109084	0.105838	0.10274	0.0744995	0.0429444	99	0	0
setup	0	2024-01-19 23:00:00	0	0	0	3.27002	0	0	0	1.019	0	0	0.00017296	0	0	0	0	0	0	0	1200.95	451.419	0	28.2482	28.636	29.0402	28.4726	29.0308	29.6429	35.9786	35.9693	35.9605	35.8985	43.2546	43.2204	0.105271	0.103213	0.110406	0.106861	0.10311	0.0745393	0.0429075	99	0	0
setup	0	2024-01-20 23:00:00	0	0	0	3.18564	0	0	0	0.979162	0	0	8.79448e-05	0	0	0	0	0	0	0	1199.97	450.432	0	27.6527	28.1948	28.6713	28.2733	28.8709	29.5826	35.9707	35.961	35.9523	35.8952	43.2606	43.2287	0.107566	0.10509	0.111703	0.107864	0.103474	0.0745766	0.0428767	99	0	0
setup	0	2024-01-21 23:00:00	0	1.72	1.71134	3.19243	0	0	0.0086552	0.95552	0.124363	0	4.40383e-05	1.58698	0	0	0	0	0	0	1200.6	451.042	0	30.7967	27.9077	28.3334	28.0903	28.7229	29.5265	35.9629	35.9535	35.9452	35.8934	43.2657	43.2346	0.109088	0.10684	0.112909	0.108801	0.103813	0.0746107	0.0428512	99	0	0
setup	0	2024-01-22 23:00:00	0	1.72	1.71134	3.1922	0	0	0.0086552	0.962489	0.124353	0	2.20017e-05	1.58699	0	0	0	0	0	0	1201.22	451.643	0	31.9596	28.5022	28.426	27.9107	28.5772	29.4709	35.9555	35.9467	35.939	35.892	43.2694	43.2391	0.105962	0.106357	0.114108	0.109732	0.10415	0.0746418	0.0428325	99	0	0
setup	0	2024-01-23 23:00:00	0	1.72	1.71134	3.19196	0	0	0.0086552	0.97153	0.124343	0	1.09867e-05	1.587	0	0	0	0	0	0	1201.84	452.234	0	32.4073	29.0356	28.8747	27.7346	28.434	29.416	35.9485	35.9405	35.9334	35.8907	43.2722	43.243	0.103236	0.104051	0.115297	0.110656	0.104485	0.0746698	0.0428183	99	0	0
setup	0	2024-01-24 23:00:00	0	1.72	1.71134	3.19171	0	0	0.0086552	0.980741	0.124333	0	5.48501e-06	1.58701	0	0	0	0	0	0	1202.45	452.816	0	32.6843	29.5345	29.3429	27.8068	28.2934	29.3618	35.9423	35.9349	35.9285	35.8895	43.2744	43.2465	0.100749	0.101697	0.114808	0.111572	0.104816	0.0746952	0.0428071	99	0	0
setup	0	2024-01-25 23:00:00	0	1.72	1.71134	3.19146	0	0	0.0086552	0.989526	0.124322	0	2.73776e-06	1.58702	0	0	0	0	0	0	1203.04	453.389	0	32.9077	29.9591	29.7385	28.1226	28.1553	29.3082	35.9366	35.9299	35.924	35.8884	43.2762	43.2497	0.0986771	0.0997489	0.112696	0.112479	0.105144	0.074718	0.0427979	99	0	0
setup	0	2024-01-26 23:00:00	0	1.72	1.71134	3.19121	0	0	0.0086552	0.999517	0.124312	0	1.36621e-06	1.58703	0	0	0	0	0	0	1203.63	453.951	0	35.2969	29.747	29.6576	28.1453	28.1347	29.2555	35.9314	35.9253	35.92	35.8873	43.2777	43.2526	0.0997071	0.100144	0.112545	0.112615	0.105468	0.0747387	0.0427901	99	0	0
setup	0	2024-01-27 23:00:00	0	1.72	1.71134	3.19095	0	0	0.0086552	1.00421	0.124301	0	6.81784e-07	1.58704	0	0	0	0	0	0	1204.21	454.51	0	36.0876	30.0696	29.8316	28.1975	28.1534	29.2032	35.9267	35.9212	35.9163	35.8863	43.279	43.2552	0.0981445	0.0992951	0.112201	0.112492	0.105791	0.0747575	0.0427836	99	0	0
setup	0	2024-01-28 23:00:00	0	1.72	1.71134	3.19068	0	0	0.0086552	1.01047	0.12429	0	3.40192e-07	1.58705	0	0	0	0	0	0	1204.79	455.062	0	36.2179	30.4531	30.1436	28.4022	28.2898	29.1515	35.9225	35.9174	35.9129	35.8852	43.2801	43.2576	0.0963152	0.0977893	0.110863	0.111596	0.106111	0.0747746	0.0427779	99	0	0
setup	0	2024-01-29 23:00:00	0	1.72	1.71134	3.19041	0	0	0.0086552	1.0172	0.124279	0	1.69707e-07	1.58707	0	0	0	0	0	0	1205.36	455.608	0	36.2374	30.7774	30.4452	28.6453	28.4836	29.1005	35.9186	35.914	35.9099	35.8843	43.2811	43.2598	0.0947912	0.0963526	0.109296	0.110335	0.106427	0.0747901	0.0427728	99	0	0
setup	0	2024-01-30 23:00:00	0	1.72	1.71134	3.19013	0	0	0.0086552	1.01828	0.124267	0	0.4028	1.58708	0	0	0	0	0	0	1205.53	455.751	0	36.2403	30.7565	30.495	28.7761	28.6562	29.0012	35.9097	35.9101	35.9069	35.8861	43.2948	43.2658	0.0948888	0.096117	0.108463	0.109227	0.107046	0.0748078	0.0427034	99	0	0
setup	0	2024-01-31 23:00:00	0	1.72	1.71134	3.18985	0	0	0.0086552	1.01982	0.124255	0	0.402805	1.58709	0	0	0	0	0	0	1205.69	455.889	0	36.2408	30.7903	30.5527	28.8616	28.759	28.9059	35.8988	35.9066	35.9041	35.8885	43.3047	43.2724	0.0947311	0.0958449	0.107923	0.108572	0.107643	0.0748236	0.042653	99	0	0
setup	0	2024-02-01 23:00:00	0	1.72	1.71134	3.18956	0	0	0.0086552	1.02099	0.124243	0	0.40281	1.5871	0	0	0	0	0	0	1205.85	456.023	0	36.2409	30.8497	30.6136	28.9239	28.8262	28.8275	35.8854	35.9039	35.9021	35.8909	43.3122	43.2785	0.094454	0.0955583	0.10753	0.108146	0.108138	0.074836	0.0426148	99	0	0
setup	0	2024-02-02 23:00:00	0	1.72	1.71134	3.18927	0	0	0.0086552	1.0222	0.124231	0	0.402815	1.58711	0	0	0	0	0	0	1206.02	456.152	0	36.2409	30.9147	30.6759	28.9818	28.8846	28.8117	35.8694	35.9018	35.9006	35.893	43.3186	43.2839	0.0941522	0.0952661	0.107167	0.107777	0.108238	0.0748455	0.0425825	99	0	0
setup	0	2024-02-03 23:00:00	0	1.72	1.71134	3.18897	0	0	0.0086552	1.02338	0.124219	0	0.40282	1.58713	0	0	0	0	0	0	1206.18	456.279	0	36.241	30.98	30.737	29.0343	28.933	28.8555	35.851	35.9001	35.8995	35.8946	43.3241	43.2887	0.093849	0.0949801	0.106839	0.107473	0.107961	0.0748531	0.0425543	99	0	0
setup	0	2024-02-04 23:00:00	0	1.72	1.71134	3.18867	0	0	0.0086552	1.02194	0.124206	0	0.80565	1.58714	0	0	0	0	0	0	1205.94	456.005	0	36.241	30.5904	30.575	29.1329	29.0559	28.9241	35.8061	35.8992	35.8989	35.8959	43.354	43.2955	0.0956673	0.0957401	0.106226	0.106704	0.107529	0.0748573	0.0424019	99	0	0
setup	0	2024-02-05 23:00:00	0	1.72	1.71134	3.18836	0	0	0.0086552	1.02215	0.124193	0	0.40283	1.58715	0	0	0	0	0	0	1206.1	456.127	0	36.2411	30.7653	30.6069	29.0405	29.0097	28.95	35.7809	35.8987	35.8985	35.8968	43.3517	43.302	0.0948479	0.0955897	0.106801	0.106993	0.107367	0.0748594	0.0424136	99	0	0
setup	0	2024-02-06 23:00:00	0	1.72	1.71134	3.18805	0	0	0.0086552	1.02325	0.12418	0	0.402835	1.58716	0	0	0	0	0	0	1206.26	456.245	0	36.2411	30.8955	30.6974	29.0617	29.0063	28.957	35.7538	35.8983	35.8985	35.8975	43.3522	43.3062	0.094241	0.0951651	0.106668	0.107014	0.107322	0.0748613	0.042411	99	0	0
setup	0	2024-02-07 23:00:00	0	1.72	1.71134	3.18773	0	0	0.0086552	1.02442	0.124167	0	0.40284	1.58718	0	0	0	0	0	0	1206.42	456.362	0	36.2412	30.9952	30.7737	29.1021	29.0267	28.9669	35.7253	35.8976	35.8987	35.8982	43.3535	43.3095	0.093779	0.0948084	0.106417	0.106886	0.107261	0.0748643	0.0424045	99	0	0
setup	0	2024-02-08 23:00:00	0	0	0	3.57666	0	0	0	1.1951	0	0	0	0	0	0	0	0	0	0	1205.23	455.136	0	33.9424	30.753	30.6487	29.0436	28.9821	28.936	35.7253	35.8976	35.8985	35.8982	43.3365	43.3062	0.0949052	0.0953936	0.106781	0.107165	0.107454	0.0748643	0.0424909	99	0	0
setup	0	2024-02-09 23:00:00	0	0	0	3.3885	0	0	0	1.11483	0	0	0	0	0	0	0	0	0	0	1204.11	453.995	0	32.7168	30.3423	30.3361	28.852	28.8576	28.8845	35.7253	35.8976	35.8984	35.8983	43.3251	43.3014	0.0968408	0.0968701	0.107983	0.107948	0.107778	0.0748643	0.0425491	99	0	0
setup	0	2024-02-10 23:00:00	0	0	0	3.54783	0	0	0	1.14976	0	0	0	0	0	0	0	0	0	0	1202.96	452.824	0	31.8193	29.8569	29.9195	28.6311	28.6857	28.8216	35.7253	35.8976	35.8984	35.8974	43.3186	43.2972	0.0991723	0.0988691	0.109387	0.109038	0.108175	0.0748643	0.0425821	99	0	0
setup	0	2024-02-11 23:00:00	0	0	0	3.48601	0	0	0	1.11285	0	0	0	0	0	0	0	0	0	0	1201.85	451.693	0	30.3851	29.5535	29.519	28.4153	28.5172	28.7596	35.7253	35.8976	35.8981	35.8956	43.314	43.2941	0.100655	0.100826	0.110778	0.110118	0.108568	0.0748643	0.0426058	99	0	0
setup	0	2024-02-12 23:00:00	0	0	0	3.36816	0	0	0	1.05848	0	0	0	0	0	0	0	0	0	0	1200.79	450.618	0	29.2505	29.2979	29.323	28.2079	28.3549	28.6995	35.7253	35.8976	35.8974	35.8936	43.3103	43.2919	0.101921	0.101796	0.112133	0.111171	0.10895	0.0748646	0.0426244	99	0	0
setup	0	2024-02-13 23:00:00	0	0	0	3.46949	0	0	0	1.07435	0	0	0	0	0	0	0	0	0	0	1199.72	449.53	0	28.576	28.8072	28.9196	27.9956	28.1881	28.6373	35.7253	35.8969	35.8966	35.8917	43.3074	43.2903	0.104394	0.103823	0.11354	0.112263	0.109347	0.0748674	0.0426395	99	0	0
setup	0	2024-02-14 23:00:00	0	0	0	3.59724	0	0	0	1.09714	0	0	0	0	0	0	0	0	0	0	1198.62	448.42	0	27.8955	28.3068	28.5061	27.7768	28.0158	28.5727	35.7253	35.896	35.8956	35.8899	43.3049	43.289	0.106979	0.105942	0.115011	0.113405	0.109762	0.0748717	0.0426519	99	0	0
setup	0	2024-02-15 23:00:00	0	0	0	3.63023	0	0	0	1.09009	0	0	0	0	0	0	0	0	0	0	1197.53	447.318	0	27.2275	27.8103	28.0938	27.5576	27.8426	28.5072	35.7253	35.8949	35.8944	35.8882	43.3029	43.288	0.10961	0.108099	0.116508	0.114566	0.110183	0.0748769	0.0426622	99	0	0
setup	0	2024-02-16 23:00:00	0	0	0	3.61577	0	0	0	1.06888	0	0	0	0	0	0	0	0	0	0	1196.46	446.239	0	26.5806	27.3242	27.6882	27.3408	27.6707	28.4419	35.7253	35.8936	35.8931	35.8866	43.3012	43.2872	0.112255	0.110268	0.118012	0.115733	0.110605	0.0748826	0.0426711	99	0	0
setup	0	2024-02-17 23:00:00	0	0	0	3.52059	0	0	0	1.02475	0	0	0	0	0	0	0	0	0	0	1195.43	445.204	0	25.9678	26.8589	27.2981	27.1311	27.5039	28.378	35.7253	35.8922	35.8917	35.8852	43.2996	43.2864	0.114856	0.112399	0.119488	0.116878	0.11102	0.0748888	0.0426787	99	0	0
setup	0	2024-02-18 23:00:00	0	0	0	3.55879	0	0	0	1.02005	0	0	0	0	0	0	0	0	0	0	1194.41	444.175	0	25.3651	26.3965	26.9086	26.9208	27.3361	28.3134	35.7253	35.8909	35.8904	35.8838	43.2983	43.2858	0.11751	0.114574	0.120993	0.118044	0.111441	0.074895	0.0426855	99	0	0
setup	0	2024-02-19 23:00:00	0	0	0	3.83604	0	0	0	1.08196	0	0	0	0	0	0	0	0	0	0	1193.33	443.084	0	24.7336	25.9069	26.4943	26.6958	27.156	28.2435	35.7253	35.8895	35.889	35.8825	43.2971	43.2853	0.120403	0.116942	0.122629	0.119312	0.111899	0.0749014	0.0426915	99	0	0
setup	0	2024-02-20 23:00:00	0	0	0	3.90601	0	0	0	1.08322	0	0	0	0	0	0	0	0	0	0	1192.25	441.992	0	24.1096	25.4178	26.0783	26.4686	26.9735	28.1721	35.7253	35.8881	35.8876	35.8813	43.296	43.2848	0.123384	0.119381	0.124311	0.120614	0.112369	0.0749076	0.042697	99	0	0
setup	0	2024-02-21 23:00:00	0	11.4	11.374	3.74021	0	0	0.0259656	1.05935	0.44156	0	0	10.9325	0	0	0	0	0	0	1202.12	451.823	0	33.9447	29.5052	29.6597	28.2124	28.143	28.1404	35.7289	35.8882	35.8878	35.8817	43.2971	43.2865	0.100894	0.100134	0.112103	0.112561	0.112578	0.074907	0.0426917	99	0	0
setup	0	2024-02-22 23:00:00	0	0.1	0.0913448	3.69409	0	0	0.0086552	1.14657	0.0913448	0	0	0	0	0	0	0	0	0	1200.98	450.669	0	32.8652	28.9998	29.2421	27.9438	27.9616	28.0788	35.7289	35.8869	35.8865	35.8806	43.2962	43.2861	0.103417	0.102199	0.113886	0.113767	0.112986	0.0749129	0.0426964	99	0	0
setup	0	2024-02-23 23:00:00	0	0	0	3.51993	0	0	0	1.10564	0	0	0	0	0	0	0	0	0	0	1199.87	449.557	0	32.0018	28.5126	28.8377	27.7334	27.7976	28.0184	35.7289	35.8857	35.8852	35.8796	43.2953	43.2857	0.105908	0.104239	0.115305	0.11487	0.113388	0.0749186	0.0427008	99	0	0
setup	0	2024-02-24 23:00:00	0	0	0	3.39863	0	0	0	1.05139	0	0	0	0	0	0	0	0	0	0	1198.82	448.499	0	29.5308	28.6554	28.5405	27.5315	27.6396	27.9598	35.7289	35.8845	35.884	35.8786	43.2945	43.2853	0.105172	0.105764	0.116687	0.115945	0.113779	0.0749241	0.0427049	99	0	0
setup	0	2024-02-25 23:00:00	0	17.4	17.3654	3.18317	0	0	0.0346208	0.897059	0.495908	0	6.84933	16.8695	0	0	0	0	0	0	1207.94	457.53	0	35.9214	30.9886	31.006	29.5188	29.8637	29.8725	35.5865	35.7017	35.5605	35.8879	43.3882	43.3164	0.0938096	0.093729	0.10386	0.10179	0.101738	0.0757561	0.042227	99	0	0
setup	0	2024-02-26 23:00:00	0	0.2	0.191345	3.46261	0	0	0.0086552	1.11773	0.13562	0	0	0.0557244	0	0	0	0	0	0	1206.88	456.438	0	34.0706	30.7862	30.748	29.3076	29.6966	29.7434	35.6787	35.6964	35.6907	35.8917	43.3655	43.3277	0.0947503	0.0949283	0.105148	0.102788	0.102507	0.0757799	0.042343	99	0	0
setup	0	2024-02-27 23:00:00	0	0	0	3.55332	0	0	0	1.17907	0	0	0	0	0	0	0	0	0	0	1205.7	455.235	0	32.8043	30.4182	30.4202	29.0825	29.518	29.6774	35.6803	35.6968	35.6965	35.8927	43.3514	43.3272	0.0964804	0.0964709	0.106539	0.103865	0.102903	0.0757782	0.0424149	99	0	0
setup	0	2024-02-28 23:00:00	0	3.5	3.49134	3.45478	0	0	0.0086552	1.11039	0.135294	0	0.402908	3.35605	0	0	0	0	0	0	1207.54	457.034	0	37.0573	30.7039	30.5032	29.3508	29.365	29.6159	35.6773	35.7001	35.7001	35.8942	43.3651	43.3296	0.0951347	0.0960783	0.104883	0.104796	0.103273	0.075763	0.0423453	99	0	0
setup	0	2024-02-29 23:00:00	0	8.9	8.88269	3.38086	0	0	0.0173104	1.04909	0.264428	0	6.84987	8.61826	0	0	0	0	0	0	1208.26	457.67	0	37.3302	30.8948	30.7963	29.8517	29.7672	29.9101	35.6939	35.4969	35.8238	35.8965	43.4519	43.3609	0.0942442	0.0947031	0.101861	0.102365	0.101514	0.0766918	0.0419005	99	0	0
setup	0	2024-03-01 23:00:00	0	3.2	3.19134	3.62391	0	0	0.0086552	1.16618	0.142341	0	2.41753	3.049	0	0	0	0	0	0	1207.73	457.091	0	37.6278	30.6431	30.364	28.7459	29.5057	29.7826	35.6701	35.6222	35.7705	35.8783	43.3053	43.3579	0.0954197	0.0967375	0.108655	0.103939	0.102273	0.0761189	0.0426497	99	0	0
setup	0	2024-03-02 23:00:00	0	0	0	3.54985	0	0	0	1.19019	0	0	0	0	0	0	0	0	0	0	1206.54	455.879	0	34.4732	30.6849	30.5554	28.9957	29.33	29.7027	35.6585	35.6517	35.7705	35.8739	43.3053	43.3485	0.0952238	0.0958321	0.107081	0.10501	0.102751	0.0759842	0.0426497	99	0	0
setup	0	2024-03-03 23:00:00	0	0	0	3.57219	0	0	0	1.18208	0	0	0	0	0	0	0	0	0	0	1205.36	454.677	0	32.9845	30.3334	30.3218	28.8451	29.1538	29.6372	35.6554	35.655	35.7705	35.8734	43.3053	43.3392	0.0968831	0.096938	0.108027	0.106096	0.103145	0.075969	0.0426497	99	0	0
setup	0	2024-03-04 23:00:00	0	0	0	3.59629	0	0	0	1.1716	0	0	0	0	0	0	0	0	0	0	1204.18	453.488	0	32.0084	29.8695	29.9104	28.6214	28.9769	29.571	35.6552	35.6552	35.7705	35.8733	43.3053	43.3311	0.0991113	0.0989132	0.109449	0.107198	0.103544	0.0759681	0.0426497	99	0	0
setup	0	2024-03-05 23:00:00	0	0	0	3.63616	0	0	0	1.16648	0	0	0	0	0	0	0	0	0	0	1203.02	452.307	0	31.2016	29.3489	29.4825	28.3965	28.7984	29.5037	35.6552	35.6552	35.7705	35.8733	43.3053	43.3246	0.101668	0.101006	0.1109	0.108322	0.103951	0.0759681	0.0426497	99	0	0
setup	0	2024-03-06 23:00:00	0	0	0	3.49557	0	0	0	1.10347	0	0	0	0	0	0	0	0	0	0	1201.91	451.192	0	29.2889	29.2952	29.3006	28.1816	28.6273	29.4388	35.6552	35.6552	35.7705	35.8733	43.3053	43.3194	0.101935	0.101908	0.112306	0.109411	0.104346	0.0759681	0.0426497	99	0	0
setup	0	2024-03-07 23:00:00	0	0	0	3.45139	0	0	0	1.07309	0	0	0	0	0	0	0	0	0	0	1200.84	450.109	0	28.6168	28.8072	28.8996	27.9706	28.4589	29.3746	35.6552	35.6552	35.7705	35.8733	43.3053	43.3152	0.104394	0.103924	0.113706	0.110495	0.104738	0.0759681	0.0426497	99	0	0
setup	0	2024-03-08 23:00:00	0	0	0	3.54021	0	0	0	1.08437	0	0	0	0	0	0	0	0	0	0	1199.76	449.017	0	27.9458	28.3147	28.493	27.7557	28.2867	29.3084	35.6552	35.6552	35.7705	35.8733	43.3053	43.3118	0.106938	0.10601	0.115154	0.111616	0.105143	0.0759681	0.0426497	99	0	0
setup	0	2024-03-09 23:00:00	0	0	0	3.65713	0	0	0	1.10303	0	0	0	0	0	0	0	0	0	0	1198.65	447.907	0	27.2716	27.8145	28.078	27.5351	28.1094	29.2398	35.6552	35.6552	35.7705	35.8733	43.3053	43.309	0.109588	0.108183	0.116663	0.112783	0.105565	0.0759681	0.0426497	99	0	0
setup	0	2024-03-10 23:00:00	0	0.3	0.291345	3.62338	0	0	0.0086552	1.03428	0.142319	0	0	0.149026	0	0	0	0	0	0	1197.77	447.016	0	26.9923	27.3489	27.69	27.3279	27.9424	29.1748	35.6553	35.6553	35.7706	35.8733	43.3054	43.3066	0.112119	0.110258	0.118101	0.113896	0.105966	0.0759677	0.0426495	99	0	0
setup	0	2024-03-11 23:00:00	0	0	0	3.60015	0	0	0	1.05608	0	0	0	0	0	0	0	0	0	0	1196.71	445.956	0	26.3545	26.8733	27.2916	27.1141	27.7694	29.107	35.6553	35.6553	35.7706	35.8733	43.3054	43.3046	0.114774	0.112435	0.119609	0.115061	0.106386	0.0759677	0.0426495	99	0	0
setup	0	2024-03-12 23:00:00	0	0	0	3.62072	0	0	0	1.04563	0	0	0	0	0	0	0	0	0	0	1195.67	444.906	0	25.7307	26.4032	26.8961	26.9005	27.5962	29.0387	35.6553	35.6553	35.7706	35.8733	43.3052	43.303	0.117471	0.114645	0.121139	0.116243	0.106812	0.0759677	0.0426504	99	0	0
setup	0	2024-03-13 23:00:00	0	0	0	3.57299	0	0	0	1.01585	0	0	0	0	0	0	0	0	0	0	1194.65	443.887	0	25.1319	25.9473	26.5106	26.6914	27.4259	28.971	35.6553	35.6553	35.7706	35.8733	43.3043	43.3017	0.120161	0.116848	0.122661	0.117418	0.107235	0.0759677	0.042655	99	0	0
setup	0	2024-03-14 23:00:00	0	0	0	3.62855	0	0	0	1.0156	0	0	0	0	0	0	0	0	0	0	1193.64	442.868	0	24.5406	25.4924	26.1242	26.4806	27.2538	28.9022	35.6553	35.6553	35.7706	35.8733	43.3033	43.3007	0.122923	0.119108	0.124221	0.118621	0.107667	0.0759677	0.0426602	99	0	0
setup	0	2024-03-15 23:00:00	0	0	0	3.48113	0	0	0	0.959319	0	0	0	0	0	0	0	0	0	0	1192.68	441.906	0	23.9887	25.0636	25.7583	26.28	27.0895	28.836	35.6553	35.6553	35.7706	35.8733	43.3023	43.2999	0.125602	0.121299	0.125729	0.119784	0.108084	0.0759677	0.0426653	99	0	0
setup	0	2024-03-16 23:00:00	0	0	0	3.41604	0	0	0	0.927275	0	0	0	0	0	0	0	0	0	0	1191.75	440.976	0	23.4614	24.6499	25.4037	26.0847	26.929	28.7709	35.6553	35.6553	35.7706	35.8733	43.3013	43.2991	0.12826	0.123471	0.127222	0.120934	0.108496	0.0759677	0.0426701	99	0	0
setup	0	2024-03-17 23:00:00	0	0	0	3.45753	0	0	0	0.9245	0	0	0	0	0	0	0	0	0	0	1190.82	440.049	0	22.9417	24.2384	25.0494	25.8885	26.7672	28.7049	35.6553	35.6553	35.7706	35.8733	43.3005	43.2984	0.130982	0.125692	0.128745	0.122107	0.108916	0.0759677	0.0426746	99	0	0
setup	0	2024-03-18 23:00:00	0	0	0	3.73353	0	0	0	0.982674	0	0	0	0	0	0	0	0	0	0	1189.84	439.064	0	22.3959	23.802	24.6719	25.6784	26.5935	28.6335	35.6553	35.6553	35.7706	35.8733	43.2996	43.2977	0.133957	0.128117	0.130403	0.123383	0.109372	0.0759677	0.0426787	99	0	0
setup	0	2024-03-19 23:00:00	0	0	0	3.68227	0	0	0	0.953474	0	0	0	0	0	0	0	0	0	0	1188.89	438.108	0	21.8729	23.3796	24.3048	25.4731	26.4231	28.5629	35.6553	35.6553	35.7706	35.8733	43.2989	43.2971	0.136929	0.130537	0.132053	0.124651	0.109824	0.0759677	0.0426826	99	0	0
setup	0	2024-03-20 23:00:00	0	0	0	3.64854	0	0	0	0.929574	0	0	0	0	0	0	0	0	0	0	1187.96	437.177	0	21.3692	22.9689	23.9462	25.2714	26.2552	28.4929	35.6553	35.6553	35.7706	35.8733	43.2982	43.2965	0.139912	0.132963	0.133703	0.125918	0.110275	0.0759677	0.0426861	99	0	0
setup	0	2024-03-21 23:00:00	0	0.4	0.391345	3.57285	0	0	0.0086552	0.864008	0.140214	0	0	0.251131	0	0	0	0	0	0	1187.35	436.562	0	21.5569	22.593	23.6166	25.0852	26.0996	28.4275	35.6553	35.6553	35.7706	35.8733	43.2976	43.296	0.142728	0.135249	0.135251	0.127107	0.110698	0.0759674	0.0426893	99	0	0
setup	0	2024-03-22 23:00:00	0	0.1	0.0913448	3.65635	0	0	0.0086552	0.883624	0.0913448	0	0	0	0	0	0	0	0	0	1186.46	435.676	0	21.0742	22.2076	23.2772	24.8925	25.938	28.3592	35.6553	35.6553	35.7706	35.8733	43.297	43.2956	0.145705	0.137664	0.136883	0.128358	0.111142	0.0759674	0.0426923	99	0	0
setup	0	2024-03-23 23:00:00	0	0	0	3.75392	0	0	0	0.917692	0	0	0	0	0	0	0	0	0	0	1185.54	434.757	0	20.579	21.8084	22.9241	24.6908	25.7685	28.287	35.6553	35.6553	35.7706	35.8733	43.2966	43.2951	0.148891	0.140243	0.138619	0.129688	0.111614	0.0759674	0.0426943	99	0	0
setup	0	2024-03-24 23:00:00	0	37.7	37.6308	3.50683	0	0	0.0692416	0.791177	1.0997	0	8.0596	36.5311	0	0	0	0	0	0	1213.22	462.258	0	36.7788	31.0405	31.045	29.5336	29.8796	29.9569	35.9911	35.9999	36	37.9129	43.9134	43.3284	0.0935694	0.0935484	0.10377	0.101695	0.101238	0.0744002	0.0394816	99	0	0
setup	0	2024-03-25 23:00:00	0	7.8	7.78269	3.45924	0	0	0.0173104	1.07404	0.270959	0	9.67112	7.51173	0	0	0	0	0	0	1209.99	458.938	0	36.1849	31.005	30.9685	29.4812	29.8376	29.8655	35.5771	35.6689	35.5306	35.8813	44.6523	43.4451	0.0937336	0.0939025	0.104088	0.101945	0.101779	0.0759055	0.0353712	99	0	0
setup	0	2024-03-26 23:00:00	0	11.1	11.074	3.43611	0	0	0.0259656	1.0043	0.403548	0	9.67081	10.6705	0	0	0	0	0	0	1209.99	458.742	0	33.3664	30.9372	30.9612	29.4904	29.8448	29.9227	35.7044	35.8913	35.7056	35.8338	44.7758	43.6678	0.0940475	0.0939364	0.104032	0.101902	0.10144	0.0748932	0.0346479	99	0	0
setup	0	2024-03-27 23:00:00	0	0	0	3.54915	0	0	0	1.16933	0	0	3.62625	0	0	0	0	0	0	0	1205.19	454.608	0	32.4677	30.4096	30.5291	29.2624	29.6643	29.7972	35.7663	35.7991	35.7908	35.8191	43.2094	43.249	0.0965212	0.0959565	0.105426	0.102982	0.102186	0.075312	0.0431361	99	0	0
setup	0	2024-03-28 23:00:00	0	0	0	3.43	0	0	0	1.11348	0	0	0.000181943	0	0	0	0	0	0	0	1204.08	453.45	0	31.6965	29.9076	30.1159	29.0432	29.4903	29.7334	35.7664	35.7918	35.788	35.8114	43.2159	43.2441	0.0989265	0.0979221	0.106784	0.104033	0.102567	0.0753452	0.0431031	99	0	0
setup	0	2024-03-29 23:00:00	0	0.1	0.0913448	3.40166	0	0	0.0086552	1.05593	0.0913448	0	0.000277604	0	0	0	0	0	0	0	1203.02	452.382	0	29.4684	29.5215	29.7223	28.8334	29.3232	29.6717	35.7664	35.7886	35.7869	35.8091	43.2178	43.2442	0.100813	0.0998278	0.108101	0.105052	0.102937	0.07536	0.0430937	99	0	0
setup	0	2024-03-30 23:00:00	0	3	2.99134	3.41169	0	0	0.0086552	1.07086	0.133499	0	0.000236735	2.85785	0	0	0	0	0	0	1204.81	454.15	0	33.0469	30.2046	30.0649	28.6385	29.1658	29.6138	35.768	35.7887	35.7879	35.8098	43.2199	43.2458	0.0974974	0.0981671	0.10934	0.106022	0.103286	0.0753597	0.0430829	99	0	0
setup	0	2024-03-31 23:00:00	0	2.2	2.19134	3.30149	0	0	0.0086552	1.05008	0.128907	0	0.000181302	2.06244	0	0	0	0	0	0	1205.82	455.148	0	36.1323	30.2486	30.095	28.5514	29.0161	29.5583	35.7693	35.7893	35.7889	35.8107	43.2214	43.247	0.0972869	0.0980224	0.109898	0.106953	0.103621	0.075357	0.0430754	99	0	0
setup	0	2024-04-01 23:00:00	0	0	0	3.24015	0	0	0	1.07127	0	0	0.000134701	0	0	0	0	0	0	0	1204.75	454.076	0	34.0404	30.1263	30.0563	28.5505	28.8589	29.4993	35.7693	35.789	35.7888	35.8107	43.2214	43.247	0.0978724	0.0982086	0.109904	0.107939	0.103978	0.0753582	0.0430752	99	0	0
setup	0	2024-04-02 23:00:00	0	0.3	0.291345	3.29891	0	0	0.0086552	1.03335	0.128799	0	9.86605e-05	0.162545	0	0	0	0	0	0	1203.88	453.205	0	33.1995	29.8338	29.8247	28.3826	28.7066	29.4417	35.7694	35.789	35.7889	35.8107	43.2216	43.2471	0.0992844	0.0993289	0.11099	0.108905	0.104328	0.0753583	0.0430746	99	0	0
setup	0	2024-04-03 23:00:00	0	0	0	3.39776	0	0	0	1.09474	0	0	7.1895e-05	0	0	0	0	0	0	0	1202.78	452.11	0	32.2503	29.4158	29.4438	28.1759	28.5427	29.3794	35.7694	35.7889	35.7889	35.8107	43.2216	43.2471	0.101336	0.101197	0.112344	0.109954	0.104708	0.0753586	0.0430746	99	0	0
setup	0	2024-04-04 23:00:00	0	0	0	3.41825	0	0	0	1.08535	0	0	5.22723e-05	0	0	0	0	0	0	0	1201.7	451.024	0	31.474	28.9348	29.048	27.9691	28.3783	29.3166	35.7694	35.7889	35.7889	35.8107	43.2216	43.2471	0.103746	0.103173	0.113717	0.111018	0.105093	0.0753587	0.0430746	99	0	0
setup	0	2024-04-05 23:00:00	0	0	0	3.39343	0	0	0	1.06075	0	0	3.79701e-05	0	0	0	0	0	0	0	1200.64	449.964	0	29.132	29.0298	28.9846	27.7649	28.2154	29.2539	35.7694	35.7889	35.7889	35.8107	43.2216	43.2471	0.103265	0.103494	0.115092	0.112083	0.105478	0.0753587	0.0430746	99	0	0
setup	0	2024-04-06 23:00:00	0	0	0	3.52199	0	0	0	1.08365	0	0	2.75706e-05	0	0	0	0	0	0	0	1199.55	448.88	0	28.4207	28.5439	28.6038	27.5541	28.0469	29.1886	35.7694	35.7889	35.7889	35.8107	43.2216	43.2471	0.105746	0.105437	0.116532	0.113198	0.105881	0.0753587	0.0430746	99	0	0
setup	0	2024-04-07 23:00:00	0	0	0	3.27423	0	0	0	0.992772	0	0	2.00162e-05	0	0	0	0	0	0	0	1198.56	447.887	0	27.8043	28.0924	28.2313	27.3595	27.8907	29.1277	35.7694	35.7889	35.7889	35.8107	43.2216	43.2471	0.108107	0.107375	0.117881	0.114242	0.106258	0.0753587	0.0430746	99	0	0
setup	0	2024-04-08 23:00:00	0	0	0	3.50542	0	0	0	1.04747	0	0	1.45309e-05	0	0	0	0	0	0	0	1197.51	446.84	0	27.1614	27.6166	27.837	27.1524	27.7241	29.0624	35.7694	35.7889	35.7889	35.8107	43.2216	43.2471	0.110656	0.109467	0.119337	0.115369	0.106664	0.0753588	0.0430746	99	0	0
setup	0	2024-04-09 23:00:00	0	0	0	3.38825	0	0	0	0.997467	0	0	1.05485e-05	0	0	0	0	0	0	0	1196.52	445.842	0	26.5564	27.1642	27.4604	26.9536	27.5636	28.999	35.7694	35.7889	35.7889	35.8107	43.2216	43.2471	0.113141	0.111507	0.120756	0.116466	0.107059	0.0753588	0.0430746	99	0	0
setup	0	2024-04-10 23:00:00	0	0	0	3.25736	0	0	0	0.945204	0	0	7.65742e-06	0	0	0	0	0	0	0	1195.57	444.897	0	25.9894	26.7362	27.1024	26.7638	27.4099	28.938	35.7694	35.7889	35.7889	35.8107	43.2216	43.2471	0.115553	0.113486	0.122132	0.117529	0.107442	0.0753588	0.0430746	99	0	0
setup	0	2024-04-11 23:00:00	0	0	0	3.47449	0	0	0	0.993583	0	0	5.55871e-06	0	0	0	0	0	0	0	1194.58	443.904	0	25.4001	26.2869	26.7251	26.5627	27.2466	28.8727	35.7694	35.7889	35.7889	35.8107	43.2216	43.2471	0.11815	0.115616	0.123611	0.118672	0.107852	0.0753588	0.0430746	99	0	0
setup	0	2024-04-12 23:00:00	0	0	0	3.49149	0	0	0	0.983401	0	0	4.0352e-06	0	0	0	0	0	0	0	1193.59	442.92	0	24.8237	25.8431	26.3506	26.3621	27.0832	28.807	35.7694	35.7889	35.7889	35.8107	43.2216	43.2471	0.120787	0.117778	0.125109	0.119829	0.108268	0.0753588	0.0430746	99	0	0
setup	0	2024-04-13 23:00:00	0	0	0	3.41269	0	0	0	0.94681	0	0	2.92925e-06	0	0	0	0	0	0	0	1192.65	441.973	0	24.2752	25.4165	25.9891	26.1675	26.9242	28.7425	35.7694	35.7889	35.7889	35.8107	43.2216	43.2471	0.123392	0.119912	0.126586	0.120968	0.108676	0.0753588	0.0430746	99	0	0
setup	0	2024-04-14 23:00:00	0	0	0	3.34442	0	0	0	0.914233	0	0	2.12641e-06	0	0	0	0	0	0	0	1191.73	441.059	0	23.7515	25.0054	25.6391	25.9782	26.7691	28.6793	35.7694	35.7889	35.7889	35.8107	43.2216	43.2471	0.125971	0.122024	0.128045	0.122093	0.109079	0.0753588	0.0430746	99	0	0
setup	0	2024-04-15 23:00:00	0	0	0	3.42231	0	0	0	0.921738	0	0	1.54361e-06	0	0	0	0	0	0	0	1190.81	440.137	0	23.2294	24.5918	25.2854	25.786	26.6111	28.6144	35.7694	35.7889	35.7889	35.8107	43.2216	43.2471	0.12864	0.124207	0.12955	0.123253	0.109494	0.0753588	0.0430746	99	0	0
setup	0	2024-04-16 23:00:00	0	0	0	3.27583	0	0	0	0.86937	0	0	1.12054e-06	0	0	0	0	0	0	0	1189.94	439.268	0	22.7425	24.2024	24.9511	25.6034	26.4605	28.5522	35.7694	35.7889	35.7889	35.8107	43.2216	43.2471	0.131223	0.126318	0.131003	0.124371	0.109893	0.0753588	0.0430746	99	0	0
setup	0	2024-04-17 23:00:00	0	0	0	3.35365	0	0	0	0.877118	0	0	8.13429e-07	0	0	0	0	0	0	0	1189.06	438.391	0	22.2567	23.8105	24.6131	25.4179	26.3071	28.4885	35.7694	35.7889	35.7889	35.8107	43.2216	43.2471	0.133898	0.128501	0.132501	0.125524	0.110304	0.0753588	0.0430746	99	0	0
setup	0	2024-04-18 23:00:00	0	12.3	12.274	3.42282	0	0	0.0259656	0.945873	0.401887	0	5.83433e-07	11.8721	0	0	0	0	0	0	1199.99	449.289	0	35.6238	28.5939	28.2748	26.5794	26.4766	28.4547	35.7723	35.7915	35.7915	35.8131	43.2244	43.2496	0.105488	0.107146	0.123487	0.124251	0.110522	0.0753468	0.0430601	99	0	0
setup	0	2024-04-19 23:00:00	0	0	0	3.48159	0	0	0	1.08891	0	0	4.23299e-07	0	0	0	0	0	0	0	1198.9	448.2	0	33.797	28.2083	28.1034	26.6342	26.5988	28.3934	35.7723	35.7915	35.7915	35.8131	43.2244	43.2496	0.107496	0.108049	0.123082	0.123343	0.11092	0.0753468	0.0430601	99	0	0
setup	0	2024-04-20 23:00:00	0	0	0	3.33856	0	0	0	1.02708	0	0	3.07282e-07	0	0	0	0	0	0	0	1197.87	447.173	0	32.6691	27.8347	27.8288	26.4785	26.4909	28.3344	35.7723	35.7915	35.7915	35.8131	43.2244	43.2496	0.109479	0.109511	0.124237	0.124144	0.111304	0.0753468	0.0430601	99	0	0
setup	0	2024-04-21 23:00:00	0	0	0	3.36076	0	0	0	1.01848	0	0	2.23063e-07	0	0	0	0	0	0	0	1196.86	446.155	0	31.832	27.4164	27.467	26.2927	26.3456	28.2748	35.7723	35.7915	35.7915	35.8131	43.2244	43.2496	0.111748	0.111471	0.125634	0.125233	0.111694	0.0753468	0.0430601	99	0	0
setup	0	2024-04-22 23:00:00	0	0	0	3.19022	0	0	0	0.952772	0	0	1.61926e-07	0	0	0	0	0	0	0	1195.9	445.202	0	29.3669	27.5301	27.2522	26.1173	26.2082	28.2181	35.7723	35.7915	35.7915	35.8131	43.2244	43.2496	0.111126	0.112653	0.126971	0.126276	0.112066	0.0753468	0.0430601	99	0	0
setup	0	2024-04-23 23:00:00	0	0.1	0.0913448	3.32698	0	0	0.0086552	0.946836	0.0913448	0	1.17546e-07	0	0	0	0	0	0	0	1194.96	444.255	0	27.5716	27.4798	27.4251	26.0438	26.0693	28.1604	35.7723	35.7915	35.7915	35.8131	43.2244	43.2496	0.111401	0.1117	0.127537	0.12734	0.112446	0.0753468	0.0430601	99	0	0
setup	0	2024-04-24 23:00:00	0	0	0	3.38219	0	0	0	0.977213	0	0	8.53286e-08	0	0	0	0	0	0	0	1193.98	443.278	0	26.9307	27.0298	27.0774	25.8631	25.9243	28.0999	35.7723	35.7915	35.7915	35.8131	43.2244	43.2496	0.113892	0.113626	0.128944	0.128465	0.112846	0.0753468	0.0430601	99	0	0
setup	0	2024-04-25 23:00:00	0	0	0	3.34533	0	0	0	0.952311	0	0	6.19422e-08	0	0	0	0	0	0	0	1193.03	442.326	0	26.3391	26.5934	26.7162	25.6811	25.7814	28.0398	35.7723	35.7915	35.7915	35.8131	43.2244	43.2496	0.116371	0.115667	0.130382	0.129587	0.113245	0.0753468	0.0430601	99	0	0
setup	0	2024-04-26 23:00:00	0	24.9	24.8567	3.20611	0	0	0.043276	0.835579	0.624663	0	8.46797	24.2321	0	0	0	0	0	0	1207.95	457.187	0	30.1698	31.0058	31.0167	29.5173	29.8675	29.9524	35.9656	36.6331	36.5592	35.8142	43.835	43.2796	0.0937296	0.0936795	0.103869	0.101767	0.101264	0.0715487	0.0398993	99	0	0
setup	0	2024-04-27 23:00:00	0	31.8	31.7394	3.05677	0	0	0.0605864	0.729128	0.83097	0	9.6812	30.9084	0	0	0	0	0	0	1228.45	469.543	0	35.1582	31.0585	31.0644	29.5517	29.888	29.96	35.9912	35.9999	36	35.9627	44.2234	48.7179	0.0934862	0.0934593	0.103661	0.101645	0.101219	0.0744002	0.0377982	99	0	0
setup	0	2024-04-28 23:00:00	0	0.6	0.591345	3.29907	0	0	0.0086552	1.0643	0.128806	0	9.68175	0.462539	0	0	0	0	0	0	1218.17	457.369	0	34.5289	30.5921	30.6831	29.3514	29.7288	29.9018	35.9912	35.9972	35.9941	35.9477	43.3537	43.2131	0.0956594	0.0952321	0.104879	0.102594	0.101564	0.0744126	0.0424032	99	0	0
setup	0	2024-04-29 23:00:00	0	0.3	0.291345	3.25881	0	0	0.0086552	1.04107	0.127128	0	9.68174	0.164216	0	0	0	0	0	0	1207.61	456.454	0	33.5461	30.4129	30.4024	29.1539	29.572	29.8441	35.9912	35.9907	35.9861	35.947	43.3214	43.2375	0.0965055	0.0965552	0.106096	0.103538	0.101906	0.0744422	0.0425678	99	0	0
setup	0	2024-04-30 23:00:00	0	61.1	60.9875	3.16485	0	0	0.112518	0.486027	1.60177	0	9.68702	59.3857	0	0	0	0	0	0	1256.82	475.519	0	33.8064	31.1856	31.1488	29.5931	29.9241	29.9731	35.9911	35.9999	36	36	49.2254	48.7304	0.0929011	0.0930702	0.103411	0.101432	0.101142	0.0744002	0.0138681	99	0	0
setup	0	2024-05-01 23:00:00	0	4.8	4.79134	3.42128	0	0	0.0086552	1.0776	0.133898	0	9.68956	4.65745	0	0	0	0	0	0	1250.71	466.582	0	30.019	30.8975	30.9259	29.4653	29.8295	29.8669	35.6781	35.5433	35.4953	35.9542	44.6571	48.6783	0.0942317	0.0940999	0.104185	0.101993	0.101771	0.0764794	0.0353437	99	0	0
setup	0	2024-05-02 23:00:00	0	33.6	33.5394	3.30286	0	0	0.0605864	0.79243	0.902748	0	9.99873	32.6367	0	0	0	0	0	0	1272.56	469.532	0	37.948	30.9915	30.9336	29.094	29.8336	29.9532	35.9807	35.9998	36	35.9969	44.0883	48.4299	0.0937958	0.0940641	0.106467	0.101969	0.10126	0.074401	0.0385385	99	0	0
setup	0	2024-05-03 23:00:00	0	6.1	6.08269	3.23142	0	0	0.0173104	0.989575	0.251974	0	9.72029	5.83072	0	0	0	0	0	0	1267.68	462.189	0	33.3876	30.9407	30.9661	29.4967	29.8471	29.8806	35.6213	35.6843	35.5485	35.9654	43.2684	47.7456	0.0940315	0.0939134	0.103994	0.101889	0.10169	0.075835	0.0428376	99	0	0
setup	0	2024-05-04 23:00:00	0	11	10.974	3.38548	0	0	0.0259656	0.988259	0.397219	0	9.79223	10.5768	0	0	0	0	0	0	1267.48	460.118	0	33.1469	30.9427	30.9661	29.4939	29.8469	29.8898	35.5558	35.5846	35.4646	35.7371	43.1734	46.6494	0.0940219	0.0939134	0.104011	0.10189	0.101635	0.0762908	0.0433176	99	0	0
setup	0	2024-05-05 23:00:00	0	43	42.9221	3.15454	0	0	0.0778968	0.668128	1.10505	0	10.5352	41.817	0	0	0	0	0	0	1298.09	481.922	0	37.4675	31.0904	31.0885	29.5631	29.8982	29.9636	35.4256	37.8303	36.6626	36.0011	48.0771	51.1452	0.0933393	0.0933479	0.103592	0.101585	0.101198	0.0662292	0.0138681	99	0	0
setup	0	2024-05-06 23:00:00	0	0.3	0.291345	3.30671	0	0	0.0086552	1.0676	0.129124	0	10.2372	0.16222	0	0	0	0	0	0	1286.95	467.456	0	34.9495	30.6619	30.6041	29.0828	29.6911	29.7838	35.6411	35.5753	35.6386	35.6409	43.3508	50.1965	0.0953314	0.0956032	0.106537	0.102821	0.102266	0.0763329	0.0424183	99	0	0
setup	0	2024-05-07 23:00:00	0	26.6	26.5481	3.09161	0	0	0.0519312	0.779454	0.720971	0	10.804	25.8271	0	0	0	0	0	0	1301.19	473.893	0	34.6844	31.0358	31.0455	29.5411	29.8801	29.9559	35.5273	37.6608	36.8128	36.0025	47.1134	49.3073	0.093591	0.0935464	0.103725	0.101692	0.101243	0.0669781	0.0157957	99	0	0
setup	0	2024-05-08 23:00:00	0	3.2	3.19134	3.15533	0	0	0.0086552	1.01963	0.122817	0	10.9278	3.06853	0	0	0	0	0	0	1292.31	463.344	0	37.3381	30.7121	30.6132	29.5351	29.6527	29.7829	35.6584	35.6109	35.6519	35.6259	43.4348	48.3556	0.0950962	0.0955604	0.103761	0.103051	0.102271	0.0761704	0.0419883	99	0	0
setup	0	2024-05-09 23:00:00	0	1.5	1.49134	3.09793	0	0	0.0086552	0.998282	0.120425	0	11.2692	1.37092	0	0	0	0	0	0	1281.42	455.831	0	36.29	30.9216	30.6672	29.0416	29.4693	29.7111	35.6522	35.6362	35.6289	35.6345	43.2189	43.1469	0.0941201	0.095307	0.106794	0.10416	0.1027	0.0760547	0.0430878	99	0	0
setup	0	2024-05-10 23:00:00	0	0.2	0.191345	3.04231	0	0	0.0086552	0.979784	0.118108	0	11.5616	0.0732371	0	0	0	0	0	0	1268.95	454.884	0	34.1909	30.8522	30.7553	29.185	29.3255	29.6581	35.6429	35.6364	35.6324	35.6347	43.2219	43.1695	0.0944425	0.0948946	0.105903	0.105038	0.103019	0.076054	0.0430729	99	0	0
setup	0	2024-05-11 23:00:00	0	0.9	0.891345	3.06622	0	0	0.0086552	0.986143	0.119104	0	11.7841	0.772241	0	0	0	0	0	0	1256.95	454.633	0	34.4688	30.7108	30.6457	29.1078	29.1835	29.6056	35.6397	35.6368	35.635	35.6358	43.2106	43.1697	0.0951025	0.0954074	0.106382	0.105913	0.103335	0.0760519	0.0431299	99	0	0
