year,day,tavg,tmin,tmax,grad,prec,rh,wind
2000,1,20.59,13.91,28.8,276.18,0.04,66,3.78
2000,2,20.74,14.92,28.2,248.29,0.17,68.79,4.08
2000,3,20.33,15.48,27.28,260.33,0.45,70.28,4.35
2000,4,19.64,14.49,26.85,310.77,0.06,67.51,4.45
2000,5,19.9,13.2,27.9,313.2,0.24,63.76,4.1
2000,6,20.65,14.58,28.82,309.5,0.03,64.05,3.76
2000,7,20.8,14.05,28.86,327.43,0.07,63.33,4.04
2000,8,21.07,14.44,28.88,270.28,0.01,57.62,4.38
2000,9,21.3,15.56,28.79,280.34,0.01,59.48,4.36
2000,10,20.73,14.38,28.87,311.58,0.01,55.38,4.26
2000,11,20.77,13.64,29.03,321.53,0.27,59.05,3.84
2000,12,21.33,14.36,29.47,324.89,0.28,61.37,4.57
2000,13,20.96,14.98,28.52,294.11,0.56,64.17,5.04
2000,14,20.17,13.24,28.6,311.93,0.21,55.55,4.59
2000,15,20.09,12.38,28.88,317.02,0.02,52.73,4.41
2000,16,20.53,12.31,30.13,329.05,0.03,46.93,3.93
2000,17,21.11,13.21,30.91,328.24,0.01,48.49,3.62
2000,18,21.68,13.92,30.66,308.22,0.03,53.26,3.63
2000,19,21.45,14.99,29.18,304.87,0.32,60.06,3.86
2000,20,22,14.62,30.76,317.37,0.22,53.09,3.81
2000,21,21.66,15.27,29.63,255.7,0.33,59.33,3.38
2000,22,22.17,15.95,29.98,269.93,0.21,59.8,4.44
2000,23,20.77,16.16,27.43,251.18,1.56,70.2,4.86
2000,24,21.23,16.02,28.45,197.04,0.31,65.06,5.26
2000,25,20.91,15.53,28.18,272.01,1.67,64.05,5.22
2000,26,20.08,12.47,29.57,341.08,0.02,47.28,4.87
2000,27,20.34,11.68,30.53,340.74,0,38.51,4.49
2000,28,21.2,11.99,31.87,341.55,0,36.2,3.69
2000,29,21.88,14.26,31.55,343.63,0,38.32,3.73
2000,30,21.41,13.75,30.8,336.92,0,41.72,4.47
2000,31,20.75,13.6,29.7,316.09,0,44.06,5.13
2000,32,20.65,12.4,29.89,305.33,0,49.91,4.63
2000,33,22.8,14.22,31.97,319.45,0.01,47.57,3.59
2000,34,22.71,17.15,30.37,301.51,0.08,51.84,3.6
2000,35,22.09,15.4,30.81,318.64,0.02,48.45,4.06
2000,36,21.75,15.19,30.65,336.11,0.07,46.13,4.75
2000,37,21.74,13.92,30.97,336.11,0.28,46.59,4.22
2000,38,22.52,14.28,32.23,338.19,0.23,46.93,3.32
2000,39,23.05,15.28,31.67,323.27,0.6,50.51,2.31
2000,40,23.11,17.35,30.74,325.35,0.5,50.87,3
2000,41,22.25,15.42,30.73,288.21,0.03,50.91,4.44
2000,42,21.77,14.82,30.21,314.01,0,49.43,4.96
2000,43,21.51,14.02,30.65,306.14,0,49.9,4.58
2000,44,22.06,13.99,30.81,342.01,0,47.05,3.75
2000,45,23.52,15.07,33.03,341.55,0,40.37,4.03
2000,46,23.2,15.58,32.18,344.9,0,43.32,4.67
2000,47,22.47,14.41,31.09,339,0,43.62,5.06
2000,48,22.37,14.95,31.61,334.49,0,41.18,4.62
2000,49,21.73,14.73,29.7,317.02,0,42.03,4.39
2000,50,22.13,15.38,30.79,273.63,0,41.29,4.62
2000,51,21.49,14.75,29.38,335.3,0,35.28,4.36
2000,52,21.44,14.48,30.13,345.71,0,33.4,4.49
2000,53,22.27,12.73,33.17,328.59,0,28.43,4.03
2000,54,23.08,14.1,33.46,336.11,0,28.52,3.87
2000,55,22.86,14.53,32.69,339,0,35.02,4.46
2000,56,22.56,14.62,32.15,331.13,0.01,44.84,4.27
2000,57,23.36,14.99,33.21,333.68,0.06,43.57,3.72
2000,58,24.76,16.03,34.52,320.72,0,37.7,3.71
2000,59,24.77,17.05,33.79,324.08,0.22,43.25,3.59
2000,60,24.45,17.36,32.99,338.65,0.72,44.26,3.03
2000,61,24.64,17.76,33.1,286.94,2.44,45.63,2.6
2000,62,24.72,17.51,33.57,245.75,0.42,41.57,2.68
2000,63,24.29,16.71,32.92,331.94,0.6,44.67,3.36
2000,64,22.84,17.59,29.38,271.2,1,58.37,3.71
2000,65,23.32,17.58,30.22,257.78,0.84,57.37,4.07
2000,66,23.42,17.37,30.89,319.91,0.6,56.25,3.88
2000,67,23.48,17.26,31.67,320.26,0.35,52.39,4.05
2000,68,23.09,17.25,29.52,284.51,0.21,52.35,3.8
2000,69,23.26,16.42,31.91,295.73,0.11,43.26,3.81
2000,70,24.18,16.51,32.49,326.97,0,41.56,3.31
2000,71,24.05,17.15,32.9,336.57,0.11,48.63,3.95
2000,72,23.57,17.28,32.02,311.58,0.66,54.14,4.59
2000,73,23.93,16.61,33.1,336.11,0.21,49.7,3.96
2000,74,23.39,17.63,31.26,274.44,0.63,57.26,3.83
2000,75,23.59,17.37,31.7,299.89,0.57,53.7,3.87
2000,76,23.34,17.28,31.51,258.71,0.72,56.01,4.08
2000,77,23.47,16.82,32.45,261.6,0.51,53.47,4.18
2000,78,23.67,17.05,32.31,259.05,0.26,54.28,4.53
2000,79,23.42,17.12,31.32,257.43,0.47,54.67,4.67
2000,80,23.57,17.07,32.05,275.37,0.25,52.07,4.48
2000,81,22.34,17.45,30.32,267.85,0.39,60.34,4.69
2000,82,22.41,16.99,30.22,261.6,0.92,58.23,5.36
2000,83,22.68,16.63,31.32,257.78,0.49,53.65,4.66
2000,84,23.2,16.55,32.1,314.47,0.63,54.51,4.31
2000,85,22.61,16.95,30.81,272.01,2.82,59.64,4.55
2000,86,22.3,16.49,30.58,266.11,1.95,59.16,4.48
2000,87,21.41,16.79,28.03,235.33,1.38,65.53,4.46
2000,88,22.36,16.85,30.55,266.57,0.87,59.94,4.78
2000,89,22.3,16.24,30.67,251.18,1.32,59.61,4.5
2000,90,22.66,16.96,30.55,263.22,1.06,60.88,4.19
2000,91,22.47,16.9,30.58,242.85,1.19,62.85,4.37
2000,92,22.04,16.97,29.76,239.04,1.05,65.83,4.7
2000,93,21.98,17,29.47,230.36,2.34,66.28,4.72
2000,94,22.75,16.85,30.97,272.82,1.63,60.48,4.04
2000,95,22.58,17.17,30.13,257.78,2.32,63.59,3.06
2000,96,21.38,17.4,27.07,229.55,7.05,71.93,1.71
2000,97,22,17.29,30.02,242.39,8,64.35,2.64
2000,98,22.24,16.82,30.34,303.6,1.3,62.72,3.08
2000,99,22.03,17.19,29.05,234.87,1.51,67,3.69
2000,100,21.26,17.75,27.03,218.21,4.47,72.5,3.78
2000,101,21.46,17.08,28.51,234.06,5.82,71.78,3.94
2000,102,21.28,17.03,28.01,229.55,3.96,73.32,4.64
2000,103,21.27,16.79,27.97,219.95,1.25,70.9,5.1
2000,104,21.12,15.88,27.95,229.9,0.98,71.68,4.53
2000,105,20.69,16.6,27.3,243.2,0.47,70.52,3.87
2000,106,21.52,14.5,30.27,242.04,0.5,56.31,3.2
2000,107,21.81,16.33,29.57,267.85,0.12,62.89,4.35
2000,108,21.42,15.4,29.67,260.33,0.17,59.09,3.94
2000,109,21.73,15.64,30.57,260.79,0.22,57.18,3.77
2000,110,20.87,13.48,29.56,274.9,0.15,56.47,3.84
2000,111,21.31,13.14,30.71,308.69,0.04,51.66,3.27
2000,112,22.19,15.19,31.2,265.76,0.59,56.48,2.95
2000,113,22.26,16.48,30.36,268.19,3.1,65.26,3.06
2000,114,21.72,15.96,29.47,254.54,1.24,65.73,3.73
2000,115,21.7,15.25,29.99,202.48,0.76,59.59,4.03
2000,116,21.71,15.31,30.39,211.15,0.45,54.3,4
2000,117,21.51,15.62,29.49,228.28,1.29,66.26,4.29
2000,118,21.58,15.57,29.84,235.33,0.35,57.42,4.38
2000,119,21.27,15.62,28.96,238.23,1.81,68.28,4.24
2000,120,21.17,15.29,28.56,228.62,0.76,65.48,4.34
2000,121,21.46,15.16,29.33,227.81,0.24,62.91,4
2000,122,21.69,16.14,29.29,215.32,0.69,66.02,4.23
2000,123,21.35,15.7,29.3,244.94,1.11,66.24,4.53
2000,124,20.54,14.83,27.91,183.73,1.68,69.16,4.16
2000,125,20.76,16.43,27.58,206.99,0.69,72.02,4.5
2000,126,20.91,15.39,28.23,211.62,0.45,69.89,4.38
2000,127,20.94,15.98,28.43,226.54,1.16,72.51,5.02
2000,128,21,15.39,28.79,177.02,0.58,65.29,4.67
2000,129,20.75,15.49,28.5,206.99,3.45,70.6,4.17
2000,130,20.29,15.09,27.84,135.37,1.22,71.89,4.66
2000,131,20.39,14.85,28.01,135.37,1.81,70.01,4.2
2000,132,19.96,15.11,26.63,139.53,1.27,70.83,4.38
2000,133,20.34,14.96,27.69,164.06,1.27,68.76,3.91
2000,134,20.65,14,28.74,273.28,0.48,64.23,4.25
2000,135,20.16,13.74,28.2,266.11,0.2,57.55,4.11
2000,136,20.48,13.16,28.86,283.23,0.32,61.08,3.73
2000,137,20.17,15.47,27.37,203.28,2.34,70.34,3.79
2000,138,21.17,15.37,29.05,184.89,0.32,62.61,3.71
2000,139,21.12,14.58,29.64,207.8,0.2,58.42,3.79
2000,140,21.14,15.09,29.16,175.75,0.34,59.29,3.74
2000,141,20.62,12.91,29.22,261.94,0.46,55.99,3.81
2000,142,21.03,14.8,29.22,203.63,0.14,63.51,4.06
2000,143,21.39,14.96,29.51,202.01,0.02,60.36,3.83
2000,144,21.79,14.81,30.66,249.91,0.01,51.9,3.24
2000,145,21.94,15.52,30.18,227,0.01,55.18,2.89
2000,146,21.77,15.16,30.85,190.79,0,52.62,3.24
2000,147,21.58,14.99,29.8,221.57,0.21,52.97,2.43
2000,148,22.01,15.47,29.93,177.02,0.35,54.16,1.93
2000,149,20.61,15.54,26.81,164.53,0.53,61.81,2.56
2000,150,21.03,15.23,28.82,251.99,0.95,61.89,2.95
2000,151,20.84,14.86,29.61,209.07,0.5,56.11,3.85
2000,152,20.31,13.57,29.41,298.62,0,53.02,3.41
2000,153,20.05,13.51,29.22,241.58,0.03,51.75,3.41
2000,154,19.45,12,28.95,272.36,0.01,46.65,3.33
2000,155,20.3,11.96,29.15,262.41,0.04,54.02,3.71
2000,156,20.71,14.29,28.68,239.04,0.37,62.29,3.94
2000,157,19.93,15.22,26.67,139.53,0.88,67.96,3.81
2000,158,19.94,14.16,27.99,122.87,0.09,53.63,3.6
2000,159,19.96,14.09,27.73,188.24,0.42,62.19,3.9
2000,160,19.64,14.02,27.53,179.91,0.5,64.18,4.02
2000,161,20.2,13.86,28.13,183.73,0.19,57.17,2.79
2000,162,20.26,13.96,27.72,214.05,0.21,59.37,2.23
2000,163,20.18,14.62,27.53,151.22,0.46,60.16,2.95
2000,164,19.32,14.31,26.19,84.58,0.59,63.77,2.67
2000,165,19.22,13.98,25.74,91.17,0.34,63.91,3.61
2000,166,19.42,13.59,27.04,145.32,0.12,60.44,3.72
2000,167,19.29,14.16,26.93,167.42,0.49,63.11,4.28
2000,168,19.35,13.64,27.29,177.83,0.46,66.13,4.34
2000,169,19.56,14.35,27.05,204.9,0.55,65.57,4.63
2000,170,19.95,14.11,27.82,233.25,0.81,67.68,4.12
2000,171,19.93,14.9,26.99,124.49,2.28,68.61,4.41
2000,172,19.84,14.62,27.38,206.18,0.58,62.6,3.28
2000,173,20.02,13.06,28.96,234.06,0.03,55.57,3.03
2000,174,20.31,14.08,28.54,171.58,0.08,56.47,3
2000,175,20.14,14.54,27.31,93.25,0.32,62.17,3.27
2000,176,19.66,14.57,26.99,121.25,1.09,64.07,4.01
2000,177,19.26,12.78,27.43,221.57,0.25,59.91,3.85
2000,178,19.15,13.89,26.1,202.82,0.33,60.88,3.08
2000,179,19.12,13.24,26.22,82.03,0.05,57.62,3.06
2000,180,19.11,13.35,25.85,134.91,0.02,59,2.9
2000,181,19.01,13.24,26.89,139.53,0,55.26,3.41
2000,182,18.32,11.74,27.1,141.15,0.02,51.33,2.84
2000,183,18.38,10.42,26.58,171.24,0.04,51.96,2.94
2000,184,18.76,12.9,25.86,135.37,0.27,60.43,3.47
2000,185,18.48,13.42,24.64,85.39,0.52,61.67,3.47
2000,186,18.07,13.09,24.49,129.93,0.72,61.69,2.78
2000,187,18.95,12.65,26.45,146.24,0.2,58.34,2.67
2000,188,19.44,13.42,26.99,170.31,0.16,58.61,2.68
2000,189,19.8,12.69,28.16,265.76,0.1,50.18,2.62
2000,190,19.36,12.21,27.65,227.81,0.09,51.62,2.48
2000,191,19.05,13.06,26.27,192.87,0.3,59.24,2.9
2000,192,18.97,13.14,25.96,142.43,0.31,56.77,2.99
2000,193,19.04,12.31,27.17,119.52,0.02,54.57,3.28
2000,194,19.06,12.56,26.13,133.75,0.06,55.76,3.1
2000,195,19.41,13.27,27.09,209.88,0.16,57.33,2.69
2000,196,19.06,13.5,25.44,158.28,0.07,59.74,2.58
2000,197,20.21,13.77,28.83,199.47,0.08,56.06,2.85
2000,198,19.91,13.77,28.17,255.35,0.18,56.09,3.3
2000,199,20.01,13,29.34,199.93,0.06,49.69,2.85
2000,200,19.81,12.06,29.08,240.31,0.05,48.03,2.34
2000,201,20.07,12.9,28.32,201.2,0.11,52.42,2.15
2000,202,19.93,13.84,27.41,227,0.4,57.63,2.84
2000,203,20.24,14.04,28.34,209.53,0.46,56.93,2.9
2000,204,20.03,14.04,27.95,178.29,0.58,53.89,2.47
2000,205,19.26,12.5,26.94,169.15,0.15,51.19,3.29
2000,206,18.61,13.3,25.44,115.82,0.62,60.8,4.09
2000,207,18.49,13.26,25.27,122.41,0.23,60.48,4.08
2000,208,18.14,12.8,24.88,128.66,0.67,60.97,3.54
2000,209,18.72,12.4,26.97,172.39,0.23,52.85,3.59
2000,210,19.46,12.37,27.93,196.23,0.06,50.78,3.45
2000,211,19.64,13.73,27.61,219.95,0.84,61.4,3.91
2000,212,19.95,13.41,27.73,259.86,0.4,58.97,4.3
2000,213,19.9,14.42,27.83,194.49,0.48,61.48,4.82
2000,214,20.08,13.49,28.5,256.16,0.32,57.21,3.62
2000,215,19.95,13.63,28.79,239.96,0.22,51.18,3.73
2000,216,19.64,13.51,28.34,260.33,0.24,56.11,4.32
2000,217,19.35,12.05,28.44,270.28,0.34,52.28,3.92
2000,218,18.66,10.94,28.35,199.12,3.41,59.35,3.94
2000,219,19.07,12.98,27.28,218.21,3.04,63.9,3.88
2000,220,19.18,13.63,26.73,238.69,0.46,61.02,3.2
2000,221,19.13,12.87,26.46,209.07,0.72,59.64,2.72
2000,222,19.54,13.04,28.05,147.05,0.25,56.89,3.24
2000,223,19.65,13.51,27.37,241.12,0.22,56.94,2.62
2000,224,20.31,12.43,29.32,294.11,0.05,50.76,2.54
2000,225,20.53,13.69,28.92,281.96,0.03,52.52,3.33
2000,226,19.4,13.97,26.35,204.09,0.09,57.53,3.66
2000,227,18.85,13.94,25.87,186.97,1.28,61.6,4.15
2000,228,18.72,13.28,25.48,70.81,1.53,62.3,3.74
2000,229,18.93,13.31,26.73,134.1,0.19,60.64,4.27
2000,230,19.13,12.81,27.22,151.57,0.54,58.91,3.56
2000,231,19.37,13.46,27.16,157.81,0.55,59.54,3.32
2000,232,19.46,13.25,27.42,198.31,0.26,56.95,3.73
2000,233,19.88,13.12,28.51,167.88,0.12,52.65,3.14
2000,234,19.45,12.1,28.77,217.86,0.04,48.18,3.55
2000,235,19.76,11.11,29.2,322.34,0.01,46.4,3.44
2000,236,20.16,12.53,29.34,299.43,0.03,48.99,3.96
2000,237,20.49,13.81,28.63,211.96,0.28,53.85,3.37
2000,238,20.25,14.2,27.84,185.81,0.41,57.23,3.42
2000,239,19.71,13.98,28.04,108.3,1.44,59.64,4.35
2000,240,18.87,13.5,26.01,95.8,0.74,62.89,4.37
2000,241,18.75,12.17,26.67,173.32,0.52,58.16,4.43
2000,242,18.96,12.92,26.95,207.45,0.59,57.39,4.31
2000,243,19.01,12.79,27.32,177.02,0.16,58.61,4.42
2000,244,19.69,12.75,28.35,213.24,0.48,57.64,3.63
2000,245,20.35,13.27,29.47,197.04,0.34,53.94,4.05
2000,246,20.08,13.34,28.96,133.29,0.16,52.84,4.45
2000,247,20.09,13.53,28.84,215.32,1.25,59.19,4.88
2000,248,20.06,13.88,28.19,224.92,0.91,60.81,4.55
2000,249,20.69,14.15,30.02,301.98,0.34,50.75,4.09
2000,250,20.34,12.29,29.93,307.76,0.28,45.85,3.94
2000,251,20.98,14.44,29.84,295.27,0.33,53.41,3.46
2000,252,20.82,13.8,29.93,257.43,0.43,52.79,4.1
2000,253,20.58,13.92,29.82,325.7,0.16,50.38,4.68
2000,254,19.76,13.03,28.99,328.24,0.37,48.59,4.77
2000,255,19.78,12.78,29.19,314.47,0.23,48.68,4.75
2000,256,19.85,12.71,28.99,323.27,0.21,48.42,4.86
2000,257,19.43,10.87,28.51,231.98,2.74,59.12,5
2000,258,19.88,13.97,27.69,178.64,1.13,62.16,4.88
2000,259,20.31,13.61,29,260.33,0.08,51.49,4.28
2000,260,20.23,12.1,29.72,317.37,0.03,48.25,3.88
2000,261,20.82,14,29.82,313.66,0.38,55.8,4.25
2000,262,21.03,14.39,29.91,268.19,0.33,55.32,4.16
2000,263,21.13,14.23,30.66,243.66,0.28,50.84,4.2
2000,264,20.67,14.56,29.04,102.86,0.21,57.95,4.43
2000,265,20.34,13.95,28.59,197.85,0.43,55.95,4.14
2000,266,20.1,13.83,27.92,146.59,0.21,53.33,3.59
2000,267,20.27,13.36,28.7,229.9,0.09,55.75,4.57
2000,268,20.12,13.99,27.91,222.03,0.22,59.54,4.77
2000,269,19.98,13.95,27.59,225.38,0.44,58.93,4.25
2000,270,20.64,13.94,28.56,228.62,0.12,53.67,3.67
2000,271,20.6,14.29,28.22,199.12,0.23,55.71,4.01
2000,272,20.23,13.74,28.56,197.85,0.14,55.12,4.23
2000,273,20.71,14.11,29.1,151.22,0.1,54.96,3.77
2000,274,21.61,14.22,30.98,270.74,0.29,51.17,3.76
2000,275,22.12,14.1,31.36,318.18,0.04,44.75,3.69
2000,276,21.18,14.68,29.52,229.09,1.23,59.26,4.49
2000,277,21.34,13.88,29.91,241.58,0.57,55.22,4.71
2000,278,20.99,14.02,29.45,329.51,0.04,48.06,4.44
2000,279,21.15,11.98,30.58,315.75,0.39,47.94,4.24
2000,280,21.49,15.43,29.66,269.47,1.95,62.89,4.98
2000,281,21.34,15.95,29.19,215.78,2.1,64.94,5.36
2000,282,20.78,15.59,28.29,220.76,1.16,66.07,5.35
2000,283,20.8,13.3,29.25,260.79,0.66,60.5,4.69
2000,284,21.15,14.88,29.11,250.72,0.56,60.46,4.8
2000,285,21.3,14.78,29.88,279.88,0.14,52.85,4.86
2000,286,19.97,11.45,29.1,297,0.36,57.24,4.85
2000,287,21.21,13.74,30.45,228.28,0.21,50.47,4.3
2000,288,21.17,13.82,30.27,249.45,0.18,50.66,4.23
2000,289,21.13,14.02,30.26,244.47,0.22,48.51,4.57
2000,290,21.83,14.48,30.72,210.34,0.22,51.45,4.29
2000,291,22.41,15.52,31.33,234.52,0.34,52.13,3.96
2000,292,22.49,15.96,30.49,251.99,0.53,54.12,3.8
2000,293,21.48,15.55,28.82,204.56,0.27,53.82,3.37
2000,294,21.92,15.77,29.91,106.21,0.37,52.54,3.91
2000,295,21.38,14.15,29.97,221.57,0.23,48.87,4.13
2000,296,20.99,13.69,29.93,262.41,0.24,44.34,3.77
2000,297,21.09,12.94,30.83,312.39,0.36,45.27,3.71
2000,298,21.83,13.88,31.28,302.44,0.12,46.16,3.77
2000,299,21.86,14.47,31.27,278.61,0.31,44.63,4.23
2000,300,21.7,14.95,30.84,264.95,0.09,45.06,4.13
2000,301,21.35,15.14,29.44,290.29,0.41,52.93,4.39
2000,302,21.9,14.31,30.98,275.37,0.21,48.8,3.98
2000,303,22.06,14.89,31.47,272.36,0.5,43.59,3.8
2000,304,22.13,14.8,31.48,248.29,0.58,45.06,3.65
2000,305,21.82,15.38,29.44,169.15,0.25,53.8,3.96
2000,306,21.89,15.71,29.65,217.4,0.96,57.98,4.41
2000,307,21.88,16.24,29.27,206.18,0.99,60.15,5.06
2000,308,21.58,15.24,29.04,210.81,0.41,57.87,4.46
2000,309,21.99,15.67,30.02,201.2,1.4,59.19,4.57
2000,310,21.83,16.63,29.35,214.97,2.69,63.77,4.93
2000,311,21.26,16.17,28.73,204.09,2.08,63.09,4.73
2000,312,20.48,14.54,28.79,186.97,0.89,53.54,4.18
2000,313,21.24,14.89,29.56,229.9,0.92,56.87,4.41
2000,314,21.28,16.22,28.72,201.2,2.27,63.91,4.71
2000,315,21.42,15.7,28.98,228.62,1.1,60.06,4.75
2000,316,20.55,15.65,27.41,170.31,2.23,65.5,5.15
2000,317,21.43,15.14,29.26,179.91,0.37,60.4,4.47
2000,318,21.33,15.32,29.3,192.41,3.84,65.4,4.07
2000,319,21.55,16.64,28.53,212.43,3.47,66.82,4.3
2000,320,21.48,16.63,28.4,190.33,3.71,70.27,4.34
2000,321,21.65,17.28,28.49,188.24,4.68,71.94,4.23
2000,322,21.97,17.11,28.92,184.89,19.57,72.29,1.45
2000,323,20.68,17,25.68,220.29,9.39,74.9,1.58
2000,324,20.2,17.62,24.79,185.35,2.92,80.75,2.68
2000,325,20.37,17.04,25.41,164.99,5.65,79.19,3.74
2000,326,20.2,16.77,25.56,193.22,7.19,79.68,3.12
2000,327,18.8,16.51,22.12,123.68,4.68,86.02,1.77
2000,328,19.96,15.27,26.41,235.8,5.39,72.13,2.27
2000,329,20.56,15.96,27.46,174.13,3.89,73.8,3.69
2000,330,20.23,15.86,26.75,176.56,3.36,75.42,4.17
2000,331,20.49,14.99,27.72,195.3,5.04,73.05,3.82
2000,332,20.83,16,28.02,299.08,0.74,69.27,3.66
2000,333,20.92,15.11,28.61,253.27,2.58,70.07,3.58
2000,334,20.68,16.76,26.85,227.47,0.69,73.76,4.03
2000,335,20.4,16.41,26.67,242.04,2.99,74.96,3.67
2000,336,21.06,16.85,27.2,240.77,0.75,73.26,3.61
2000,337,21.14,16.96,27.55,220.76,2.21,73.35,3.57
2000,338,21.04,16.26,28.17,241.58,2.58,72.91,3.81
2000,339,20.96,15.76,28.37,225.38,1.65,69.88,3.82
2000,340,20.96,15.59,28.7,251.53,1.32,67.95,3.66
2000,341,21.23,15.82,29.13,242.04,2.18,66.6,3.45
2000,342,21.36,15.7,29.29,234.52,1.1,65.17,3.31
2000,343,21.52,15.96,29.13,249.45,0.73,66.95,2.84
2000,344,21.38,16.92,27.65,219.95,1.81,71.45,2.16
2000,345,21.05,17.62,26.78,211.62,3.6,76.36,2.62
2000,346,21.42,17.58,27.4,244.13,2.99,74.37,2.8
2000,347,21.67,16.63,28.85,247.02,3.83,70.91,3.39
2000,348,21.2,16.18,28.51,249.1,2.59,71.43,3.76
2000,349,21.35,15.52,29.59,278.61,2.1,65.64,3.46
2000,350,21.01,15.1,29.07,244.13,2.06,67.55,3.54
2000,351,20.51,15.37,27.39,223.3,2.75,73.08,3.79
2000,352,20,14.93,26.31,80.41,6.76,75.66,4.73
2000,353,19.38,14.45,26.22,183.27,2.69,73.98,4.67
2000,354,20.12,14.69,27.39,227,1.88,71.81,3.7
2000,355,20.57,15.52,27.54,240.31,9.29,74.91,3.39
2000,356,20.4,16.52,26.44,157.47,7.39,78.22,4.13
2000,357,20.4,16.06,27.14,229.9,0.68,74.66,3.85
2000,358,20,15.3,27.17,260.33,0.77,71.83,3.36
2000,359,20.62,14.14,28.9,267.38,0.17,61,3.32
2000,360,21.09,14.48,29.81,324.08,0.29,56.44,3.14
2000,361,21,13.99,29.23,318.18,0.1,58.43,3.81
2000,362,21.06,14.96,28.46,286.59,0.89,65.82,3.7
2000,363,21.25,16.12,28.79,269.12,0.87,66.58,4.12
2000,364,20.62,14.11,28.83,267.04,1.62,62.8,3.91
2000,365,20.14,13.67,28.48,299.43,1.15,58.51,3.91
2000,366,19.91,14.02,27.49,290.29,0.06,56.44,3.27
2001,1,20.46,14.02,28.28,279.88,0.22,60.9,3.44
2001,2,20.95,14.33,28.9,267.04,0.09,60.96,3.58
2001,3,21.59,14.69,30.17,279.53,1.64,59.24,2.82
2001,4,22.08,16.09,29.79,228.62,5.38,65.7,1.88
2001,5,20.11,17.13,24.33,144.97,12.31,79.31,1.3
2001,6,20.15,16.75,25.1,200.74,16.16,77.81,1.64
2001,7,20.98,16.35,27.45,227,7.37,70.68,1.94
2001,8,20.9,16.62,26.43,177.02,9.04,74.83,1.7
2001,9,19.68,16.92,23.85,161.98,17.65,82.14,1.27
2001,10,19.53,16.68,23.54,205.71,9.44,83.59,1.9
2001,11,19.2,15.67,23.64,176.56,4.44,83.5,3.11
2001,12,19.2,15.34,24.61,229.9,6.94,80.89,2.8
2001,13,19.51,15.16,25.92,190.33,10.11,78.53,2.79
2001,14,19.16,15.42,24.81,232.79,7.2,81.23,3
2001,15,19.41,14.15,25.93,259.86,5.42,78.92,3.26
2001,16,19.48,13.42,27.04,323.27,1.11,69.52,3.51
2001,17,19.44,13.11,27.22,292.37,0.41,66.1,3.18
2001,18,19.89,14.39,27.21,250.72,1.75,69.41,3
2001,19,20.43,14.91,27.98,290.29,1.15,64.98,2.67
2001,20,20.97,14.78,28.89,304.06,1.22,63.36,2.52
2001,21,20.84,15.34,27.67,279.53,2.43,72.8,2.58
2001,22,20.22,16.2,26.23,192.41,3.43,79.81,2.97
2001,23,20.02,16.07,25.22,268.19,12.33,78.93,1.24
2001,24,19.87,16.55,24.38,168.69,7.6,80.69,1.03
2001,25,20.05,16.23,24.77,224.11,15.48,74.17,1.24
2001,26,19.99,14.89,25.02,89.55,7.59,75.32,1.52
2001,27,20.31,16.25,25.41,228.62,4.13,78.86,1.94
2001,28,20.46,16.96,25.37,239.04,1.48,78.69,1.73
2001,29,20.53,15.8,26.82,260.79,1.39,72.88,2.94
2001,30,19.44,14.94,25.84,231.98,1.43,76.22,3.77
2001,31,19.59,12.89,27.49,318.64,0.04,65.96,3.2
2001,32,19.3,13.23,27.45,329.86,0.02,62.51,3.07
2001,33,19.44,12.35,28.1,336.57,0.01,55.8,2.92
2001,34,20,12.44,29.69,336.11,0,49.86,2.86
2001,35,20.68,12.47,29.76,322.8,0.08,52.22,2.54
2001,36,21.11,14.56,29.62,324.08,2.88,60.82,2.47
2001,37,20.75,15.01,28.01,293.65,1.23,70.25,2.75
2001,38,21.04,14.84,28.77,324.42,1.22,66.3,3.05
2001,39,20.6,14.73,28.18,265.3,2.22,67.47,3.03
2001,40,20.53,15.13,27.23,259.05,0.9,70.17,2.93
2001,41,20.61,15.36,27.73,256.97,1.13,70.53,3.84
2001,42,21.08,15.33,28.47,260.33,0.68,65.26,3.68
2001,43,21.34,14.28,29.45,279.07,0.81,63.32,3.34
2001,44,21.34,15.44,28.97,246.21,1.66,66.85,3.69
2001,45,21.11,15.57,28.43,275.71,1.3,67.85,3.89
2001,46,21.76,15.73,29.77,257.43,0.03,63.25,4.03
2001,47,21.29,15.48,29.51,264.49,0,61.73,3.95
2001,48,21.01,13.99,30.03,323.61,0,56.69,3.44
2001,49,21.7,14.26,30.89,306.14,0.02,55.94,2.67
2001,50,22.47,15.56,30.88,311.58,0.02,58.47,3.1
2001,51,22.08,16.36,29.15,289.02,0.37,64.36,3.34
2001,52,22.3,16.99,29.38,303.6,0.36,63.67,3.26
2001,53,22.51,15.65,31.33,319.45,0.15,56.06,2.96
2001,54,22.67,16.14,31.12,286.94,0.1,56.71,3.09
2001,55,22.46,16.67,30.08,280.34,0.1,60.59,3.81
2001,56,22.49,16.38,30.68,270.28,0.27,58.95,3.94
2001,57,22.38,15.56,30.61,279.88,0.32,56.44,4.02
2001,58,22.22,15.62,30.79,292.84,0.05,57.39,4.32
2001,59,21.87,15.86,29.39,259.52,0.42,61.04,4.67
2001,60,21.35,15.77,29,275.71,0.13,58.2,4.23
2001,61,21.23,13.53,30.75,331.94,0.14,46.38,3.85
2001,62,22.04,13.53,31.84,338.65,0.17,41.54,3.48
2001,63,22.19,14.07,31.76,338.19,1,42.14,3.49
2001,64,21.9,15.52,29.73,296.54,1.78,54.89,3.17
2001,65,21.23,16.03,27.89,149.95,13.05,69.74,2.11
2001,66,20.5,16.32,25.76,204.09,0.45,70.83,2.54
2001,67,21.47,15.72,29.57,243.66,0.31,62.01,3.74
2001,68,20.99,14.52,29.9,268.66,0.31,56.04,3.2
2001,69,21.22,13.37,30.85,331.6,0.01,49.7,3.24
2001,70,21.71,13.41,31.36,319.45,0.01,46.58,2.75
2001,71,21.92,15.99,29.91,306.61,0.64,57.73,2.93
2001,72,20.7,15.74,26.8,272.01,1.33,67.56,2.85
2001,73,21.91,16.82,29.75,281.96,0.54,57.72,3.6
2001,74,22.4,16.16,31.33,278.26,0.45,54.87,3.88
2001,75,22.26,15.36,31.36,269.47,0.48,53.04,4.08
2001,76,22.27,16.05,30.72,253.27,0.41,57.58,3.69
2001,77,22.49,15.23,31.7,258.24,0.37,54.31,3.48
2001,78,22.41,15.93,30.7,260.33,0.64,57.42,3.77
2001,79,22.62,16.26,30.44,249.45,0.23,57.66,3.88
2001,80,22.63,15.82,30.92,269.47,0.48,55.75,4.01
2001,81,22.33,16.53,30.54,267.85,0.99,55.76,3.65
2001,82,22.82,15.22,32.25,275.37,2.23,51.64,2.95
2001,83,21.76,16.02,30.21,250.37,10.89,63.9,2.81
2001,84,22.05,16.98,29.31,294.46,7.57,66.8,2.4
2001,85,22.14,17.2,30.05,245.75,6.32,67,2.86
2001,86,21.08,17.23,27.39,221.22,1.36,73.4,3.27
2001,87,21.76,16.82,29.27,281.15,2.13,67.02,3.74
2001,88,20.98,15.77,28.59,274.09,5.26,68.05,2.59
2001,89,21.88,16.8,29.21,233.71,6.99,67.88,2.77
2001,90,21.34,17.27,28.11,245.75,2.71,73.23,2.97
2001,91,20.98,17.18,27,136.99,1.46,75.01,3.81
2001,92,21.71,15.92,30.17,278.61,0.34,62.2,3.51
2001,93,21.97,15.42,30.93,308.69,0.42,59.22,3.06
2001,94,22.45,15.99,31.13,242.85,1.19,61.39,2.96
2001,95,22.19,17.23,29.59,217.4,4.62,68.71,3.03
2001,96,22.26,17.07,29.61,190.33,6.76,69.39,2.67
2001,97,22.08,17.27,29.1,222.38,8.6,72.41,2.66
2001,98,22.01,17.54,28.9,194.14,4.79,71.76,3.25
2001,99,22.06,17.09,29.01,224.11,6.64,72.82,3.14
2001,100,21.61,17.04,28.29,237.42,4.91,73.9,3.34
2001,101,21.53,16.99,28.36,231.98,1.57,71.33,4.13
2001,102,21.49,16.36,28.92,240.77,1.95,67.86,3.63
2001,103,21.45,16.24,29.23,256.16,2.56,67.16,3.4
2001,104,21.31,15.61,29.26,244.47,1.35,66.96,3.69
2001,105,21.37,15.99,29.25,219.95,2.26,66.25,3.97
2001,106,21.17,15.82,28.35,222.38,1.45,68.7,3.88
2001,107,21.71,16.22,29.45,214.05,0.79,63.35,3.56
2001,108,21.71,16.24,29.78,225.73,1.99,62.55,3.53
2001,109,21.39,15.49,28.86,243.66,2.61,65.62,3.87
2001,110,21.43,16.11,28.65,221.22,1.75,65.78,3.56
2001,111,20.71,15.97,28.03,225.73,4.05,68.35,3.33
2001,112,21.2,15.56,29.04,229.9,0.51,66.72,2.95
2001,113,21.54,15.65,29.51,223.65,3.78,67.38,3.28
2001,114,20.86,16.22,27.77,221.22,5.19,76.3,3.55
2001,115,21.19,16.59,28.08,231.63,6.06,72.52,3.51
2001,116,20.99,16.13,28.07,237.42,0.54,66.44,3.47
2001,117,21.22,15.63,28.81,221.57,1.64,68.1,3.4
2001,118,21.48,15.72,29.11,242.39,1.99,69.18,3.15
2001,119,21.59,16.11,29.04,201.2,2.48,71.65,3.42
2001,120,21.49,16.85,28.48,209.88,4.88,74.07,4.18
2001,121,21.03,15.27,28.47,249.91,4.15,70.55,3.7
2001,122,21.26,16.02,28.6,219.95,2.57,70.98,2.86
2001,123,21.19,16.25,28.11,190.33,6.17,73.71,2.01
2001,124,21.05,17.09,27.51,129.93,3.75,75.18,2.88
2001,125,21.44,16.22,28.56,193.22,2.07,71.96,3.5
2001,126,21.55,16.09,29.49,232.79,1.51,65.65,3.36
2001,127,21.55,15.71,29.86,249.45,0.2,59.91,3.33
2001,128,21.2,14.78,29.21,218.67,0.62,65.89,3.59
2001,129,21.11,15.33,28.56,219.95,0.41,68.74,3.93
2001,130,21,14.5,28.76,253.61,0.65,68.07,3.71
2001,131,20.99,16.36,27.89,140.81,1.77,73.75,4.41
2001,132,20.88,15.51,27.98,223.3,0.77,71.36,4.15
2001,133,20.96,15.14,28.38,174.94,0.58,69.88,3.68
2001,134,21.09,15.45,28.54,208.26,2.19,70.16,3.71
2001,135,21.25,15.56,28.83,215.32,0.4,65.64,3.41
2001,136,21.06,15.78,28.48,154.92,0.36,64.41,3.32
2001,137,20.88,15.55,28.79,134.91,0.4,62.66,3.45
2001,138,20.74,14.78,28.56,204.9,0.23,62.13,3.27
2001,139,20.93,15.5,28.35,185.81,0.28,64.77,3.73
2001,140,21.07,14.87,28.53,229.9,0.83,68.2,3.37
2001,141,21.38,15.08,29.35,199.93,0.64,62.02,3.47
2001,142,21.93,16.25,29.69,204.56,0.51,65.86,3.39
2001,143,21.24,16.18,28.05,193.22,1.09,69.18,3.89
2001,144,21.3,15.22,29.2,244.13,0.42,59.83,3.64
2001,145,20.83,14.66,28.3,215.32,0.12,64.44,3.6
2001,146,20.64,14.52,28.26,204.09,0.27,58.38,3.29
2001,147,20.11,14.63,27.05,137.45,3.27,70.93,3.31
2001,148,19.25,15.51,25.4,138.26,4.84,71,3.8
2001,149,19.5,13.36,27.06,249.91,0.3,61.45,2.77
2001,150,19.64,13.63,27.1,204.9,0.15,60.27,2.67
2001,151,20.09,13.25,27.75,210.34,0.04,60.7,2.46
2001,152,19.8,14.86,26.26,126.23,0.1,65.93,2.68
2001,153,20.02,14.67,27.46,163.72,0.11,63.65,3.22
2001,154,20.04,14.19,28.02,209.88,0.08,59.61,2.99
2001,155,20.61,13.7,28.81,220.29,0.06,59.39,2.87
2001,156,20.63,14.98,28.15,177.83,2.25,65.57,2.21
2001,157,19,15.56,24.09,109.57,6.17,74.41,2.42
2001,158,18.66,14.61,24.75,99.96,0.86,69.29,2.65
2001,159,19.28,13.75,26.5,201.2,1.65,68.48,2.99
2001,160,19.25,13.79,26.38,189.05,0.36,65.19,2.98
2001,161,19.34,13.74,26.79,198.66,0.05,61.97,2.59
2001,162,19.19,11.59,27.9,214.97,0.02,56.23,2.61
2001,163,19.19,12.79,27.52,180.72,0.04,59.91,2.23
2001,164,18.88,13.32,26.43,166.15,0.16,57.86,2.16
2001,165,18.71,11.56,26.81,169.96,0.13,57.41,1.75
2001,166,19.04,13.24,25.98,121.25,0.21,60.32,2.75
2001,167,19.21,12.99,27.22,192.41,0.15,57.92,3.45
2001,168,19.67,13.35,27.73,200.74,0.17,59.4,3.34
2001,169,19.81,13.33,27.87,206.18,1.2,64.69,3.08
2001,170,20.26,14.8,27.8,139.07,0.87,66.84,3.03
2001,171,19.75,14.23,27.08,145.78,1.14,66.6,3.94
2001,172,19.33,14.1,26.35,123.68,1.03,71.06,4.34
2001,173,19.38,13.82,26.99,149.48,1.03,69.09,3.9
2001,174,20.07,14,28.29,202.82,0.33,58.82,3.11
2001,175,19.74,13.61,28.21,278.61,0.11,56.01,3
2001,176,20.17,13.85,28.12,182.46,0.35,64.77,2.96
2001,177,19.95,14.94,27.25,154.58,1.62,66.76,3.22
2001,178,19.8,14.37,26.96,88.28,1.39,63.67,2.95
2001,179,19.68,13.86,28.25,117.09,0.22,59.84,3.24
2001,180,19.81,13.59,28.47,204.56,0.09,57.2,2.75
2001,181,20.05,14.52,28.12,202.82,0.2,59.79,3.02
2001,182,19.49,12.69,28.42,144.51,0.12,53.88,2.67
2001,183,19.01,11.72,27.38,109.92,0.08,57.44,3.08
2001,184,19.53,13.3,27.72,157.47,0.18,57.02,3.2
2001,185,18.99,13.56,26.37,160.36,0.22,61.86,3.2
2001,186,19.39,12.73,27.59,201.55,0.06,54.98,2.82
2001,187,19.22,12.31,27.39,178.29,0.09,55.52,3.35
2001,188,19.01,13.26,26.9,163.72,0.38,60.81,4.12
2001,189,19.32,12.72,27.86,179.91,0.13,56.14,3.21
2001,190,19.25,13.77,26.73,176.21,0.14,59.52,2.6
2001,191,18.69,13.8,26.13,204.09,0.04,59.69,2.06
2001,192,19.56,12.92,29.02,222.38,0.07,57.46,2.24
2001,193,19.44,12.95,27.98,210.34,0.14,57.5,2.05
2001,194,19.67,12.1,28,281.15,0.3,53.42,2.22
2001,195,19.04,11.8,27.89,112.92,0.05,51.98,2.51
2001,196,18.54,11.53,28.02,153.65,0.15,51.81,2.86
2001,197,18.28,12.28,26.4,149.95,0.11,58.97,2.58
2001,198,19.18,12.43,27.8,159.55,0.17,59.16,2.55
2001,199,19.42,13.22,27.12,150.76,0.88,60.81,2.18
2001,200,19.85,13.58,27.64,138.72,2,61.83,2.48
2001,201,19.77,14.15,27.34,168.23,3.84,64.84,2.27
2001,202,19.54,14.31,26.96,197.85,2.98,67.53,2.53
2001,203,19.32,13.98,26.45,204.09,1.23,68.71,2.85
2001,204,18.91,13.86,25.71,194.49,0.68,66.48,3.41
2001,205,18.85,12.91,27.18,140,0.45,59.91,3.39
2001,206,18.25,12.13,25.95,109.57,0.54,62.09,2.37
2001,207,17.85,12.67,24.56,129.93,0.48,62.67,3.08
2001,208,18.21,12.76,25.36,108.3,0.83,61.33,2.93
2001,209,18.43,12.63,25.91,160.82,0.71,63.75,2.68
2001,210,18.14,13.04,25.24,73.7,1.08,64.63,2.95
2001,211,18.39,12.01,26.93,138.72,0.39,56.16,2.48
2001,212,18.91,11.18,27.64,199.93,0.58,53.64,3.51
2001,213,18.44,13.08,25.32,102.05,1.78,64.25,3.74
2001,214,18.03,11.3,26.65,123.68,0.61,54.07,3.9
2001,215,17.82,11,26.63,131.2,0.5,57.28,2.44
2001,216,18.78,10.93,28.22,274.9,0.17,54.08,2.57
2001,217,19.83,12.16,29.46,271.55,0.39,50.58,2.49
2001,218,18.95,10.63,28.69,179.57,0.03,45.8,2.59
2001,219,19.68,10.89,29.53,253.27,0.26,45.3,1.85
2001,220,19.6,13.14,27.51,195.76,4.1,58.06,2.21
2001,221,18.51,14.11,24.86,123.34,1.43,65.36,3.47
2001,222,19.27,13.33,26.82,217.05,0.45,61.35,2.63
2001,223,20.45,13,29.1,274.9,0.16,58.38,2.77
2001,224,20.64,14.74,27.66,180.38,1.49,62.62,1.91
2001,225,20.32,14.26,27.36,287.86,1,62.21,3.05
2001,226,20.58,14.33,28.82,174.48,0.71,59.92,3.71
2001,227,20.8,13.85,29.99,185.35,0.6,56,2.7
2001,228,20.36,13.79,28.61,244.13,0.43,58.14,2.99
2001,229,20.91,14.69,29.12,282.77,0.36,55.27,3.62
2001,230,20.5,12.57,29.85,272.36,0.18,50.78,3.6
2001,231,20.33,13.67,30.01,244.94,0.23,43.71,3.67
2001,232,19.68,12.03,29.47,297.35,0.04,46.07,3.44
2001,233,20.83,13.26,30.6,286.94,0.3,50.27,3.53
2001,234,21.07,14.03,30.94,217.05,0.25,50.08,3.2
2001,235,20.39,13.09,30.3,273.63,0,43.58,3.32
2001,236,19.5,11.05,29.69,302.79,0,43.12,2.69
2001,237,19.5,11.34,29.53,254.08,0.1,46.58,2.68
2001,238,20.06,12.02,29.64,251.18,0.43,47.95,2.81
2001,239,20.2,13.63,29.69,236.95,0.91,50.19,3.66
2001,240,18.76,12.29,28.2,203.28,0.34,47.34,3.49
2001,241,18.98,10.02,28.12,289.02,0.02,46.48,3.11
2001,242,19.53,12.1,28.41,217.4,0.24,56.34,3.28
2001,243,19.61,13.66,27.32,159.55,0.18,55.57,3.43
2001,244,20.2,12.11,29.43,199.47,0.16,52.33,2.97
2001,245,20.12,13.59,28.41,137.91,0.29,55.12,3.3
2001,246,20.11,13.46,28.94,131.2,0.2,56.83,3.41
2001,247,19.76,13.99,26.68,119.98,0.39,60.34,3.03
2001,248,20.48,13.99,28.71,280.69,0.17,57.98,3.57
2001,249,21.47,14.32,29.74,274.9,0.42,54.95,2.97
2001,250,21.8,14.47,30.82,251.53,0.41,53.84,3.51
2001,251,21.08,14.97,29.53,229.55,0.27,54.71,4.12
2001,252,20.39,13.61,29.06,253.27,0.39,52.08,4.22
2001,253,20.4,14.08,28.58,224.92,1.35,56.89,4.21
2001,254,20.52,13.47,29.23,264.03,0.17,51.51,4.51
2001,255,20.77,13.52,29.64,308.69,0.15,46.68,4.06
2001,256,21.52,14.14,31.14,308.69,0.36,48.99,3.62
2001,257,21.71,14.45,31.55,296.19,0.29,49.01,3.89
2001,258,20.96,13.23,29.81,318.64,0.14,49.2,4.2
2001,259,20.82,13.83,29.2,244.47,0.14,51.8,3.72
2001,260,20.93,14.47,28.99,212.89,0.53,56.04,3.81
2001,261,21.32,14.44,29.71,249.91,0.64,53.16,3.81
2001,262,21.63,14.97,29.82,236.95,2.3,56.72,4.13
2001,263,21.6,15.38,29.64,247.37,1.78,59.24,3.9
2001,264,21.95,14.83,30.43,286.13,0.71,53.6,3.31
2001,265,21.35,14.46,29.22,288.21,0.71,54.5,3.26
2001,266,21.81,15.06,30.24,276.18,0.55,54.63,3.4
2001,267,21.53,14.75,30.76,254.89,0.06,48.65,4.17
2001,268,21.72,14.36,31.06,317.02,0.04,45.84,3.44
2001,269,21.58,13.17,30.72,322.8,0.01,43.66,3.6
2001,270,22.01,15.24,30.78,298.27,0.1,50.45,4.11
2001,271,21.97,15.2,30.71,245.28,0.42,54.31,3.99
2001,272,21.73,14.84,30.73,258.24,0.33,49.53,4.04
2001,273,20.81,12.3,30.29,242.85,0.06,44.64,3.48
2001,274,21.44,13.69,29.81,236.61,0.34,50.41,2.98
2001,275,21.2,15.06,28.74,143.7,2.92,58.34,3.3
2001,276,20.79,14.37,28.06,126.58,1.21,55.62,3.86
2001,277,20.88,14.11,28.87,192.87,1.03,57.1,4.36
2001,278,21.63,15.33,29.59,166.61,1.28,59.16,3.77
2001,279,20.69,15.42,27.45,239.96,0.48,58.53,3
2001,280,21.75,15.2,30.21,235.33,0.6,55.85,3.89
2001,281,20.92,14.64,29.02,202.48,0.38,58.87,4.44
2001,282,20.96,14.49,29.27,226.54,0.24,55.15,4.48
2001,283,20.82,14.41,28.71,242.39,0.24,59.56,4.67
2001,284,21.4,14.68,30.18,264.95,0.15,55.16,4.33
2001,285,21.65,14.93,30.05,247.37,0.09,54.17,4.41
2001,286,22.16,14.93,31.47,294.92,0.03,48.37,4.2
2001,287,21.63,14.39,30.65,279.07,0.01,46.58,4.36
2001,288,21.25,13.16,30.6,259.05,0.02,47.2,3.96
2001,289,21.73,14.54,30.82,326.16,0.02,51.18,4.25
2001,290,22.46,15.37,31.52,334.03,0.03,50.23,4.12
2001,291,22.36,14.81,31.87,334.84,0.03,46.46,4.01
2001,292,22.11,15.19,31.08,326.51,0.12,48.3,4.21
2001,293,22.09,15.54,30.68,266.11,0.44,53.24,4.86
2001,294,22,14.75,31.16,236.14,0.22,50.77,4.27
2001,295,22.04,14.8,31.01,263.68,0.43,52.48,4.13
2001,296,22.07,15.74,30.43,246.21,1.41,57.9,4.8
2001,297,22.18,15.49,31.05,268.19,0.68,52.88,4.41
2001,298,22.53,16.08,31.38,278.26,0.35,50.01,3.98
2001,299,22.28,15.67,30.62,266.11,0.11,51.16,3.86
2001,300,22.81,15.2,31.48,243.66,0.29,49.38,2.75
2001,301,22.76,15.47,31.12,163.25,1.55,48.12,3.01
2001,302,22.88,15.33,31.29,219.14,1.15,50.03,3.25
2001,303,22.56,16.34,29.95,256.97,2.65,58.9,3.56
2001,304,21.73,16.58,28.92,229.9,7.78,66.54,3.98
2001,305,21.83,16.67,29.58,197.85,5.6,67.5,4.37
2001,306,21.13,17.02,27.12,191.6,11.15,72.73,3.8
2001,307,21.09,16.65,28.05,147.4,8.03,73.01,4.9
2001,308,20.23,15.9,26.81,206.99,17.84,76.57,5.16
2001,309,19.96,15.78,26.27,164.06,13.62,76.27,5.05
2001,310,20.09,15.85,26.55,187.43,3.32,73.48,4.51
2001,311,20.04,14.74,27.72,247.37,1.19,66.16,3.61
2001,312,20.49,14.81,28.52,299.08,0.47,63.35,3.55
2001,313,20.93,15.94,27.99,217.86,4.91,72.84,3.98
2001,314,20.77,15.08,28.65,228.28,2.82,64.64,4.06
2001,315,20.65,15.58,28.27,172.39,3,66.39,3.77
2001,316,20.7,15.71,27.29,185.81,4.86,71.79,2.48
2001,317,19.86,16.35,25.13,101.58,12.83,78.42,3.41
2001,318,20.25,16.23,26.44,157.47,9.19,77.16,3.81
2001,319,20.49,16.04,26.93,145.78,5.13,75.17,3.93
2001,320,19.59,16.23,25.16,213.24,10.15,79.1,3.72
2001,321,19.7,16.06,25.53,211.15,3.41,79.13,3.08
2001,322,20.24,16.33,26.3,239.96,3.66,78.18,3.92
2001,323,20.16,15.16,26.89,245.28,1.03,73.77,3.82
2001,324,19.59,14.18,27.43,247.37,0.28,67.05,3.52
2001,325,19.76,14.63,26.66,223.65,1.39,74.23,3.98
2001,326,20.08,15.98,26.11,144.97,4.16,76.53,4.18
2001,327,20.26,16.18,26.67,246.21,3.31,74.94,4.16
2001,328,20.17,15.9,26.46,263.22,5.62,75.95,4.18
2001,329,20.24,16.17,26.33,181.65,4.98,76.19,4.24
2001,330,19.64,16.2,25.33,159.9,7.72,77.96,4.58
2001,331,19.71,15.57,25.7,237.88,2.73,77.68,4.31
2001,332,19.58,15.73,25.31,215.32,1.76,76.83,3.71
2001,333,20.37,15.43,27.12,241.12,0.89,71.92,3.12
2001,334,19.95,15.22,26.99,217.86,1.17,70.75,3.2
2001,335,20.26,14.82,27.59,211.62,2.11,72.59,2.89
2001,336,20.72,16.35,27.03,222.03,2.77,75.26,3.44
2001,337,20.7,16.37,27.47,237.42,2.84,73.36,3.78
2001,338,20.27,15.07,27.26,259.86,2.08,73.86,4.24
2001,339,20.35,16.07,27.06,234.52,2.36,73.34,4.11
2001,340,20.22,15.63,27.2,234.52,1.87,71.66,3.65
2001,341,20.03,15.03,27.06,237.88,2.07,72.62,3.66
2001,342,20.62,15.54,27.65,230.36,0.67,69.72,4.12
2001,343,20.62,15.14,27.38,252.8,0.65,71.44,4.34
2001,344,21.01,15.79,27.95,241.58,1.23,70.56,3.94
2001,345,21.02,16.15,27.97,223.65,3.05,73.34,4.11
2001,346,20.58,16.81,26.54,177.02,1.87,75.38,4.56
2001,347,19.88,15.71,26.46,170.77,4.21,74.73,4.55
2001,348,19.95,15.53,26.39,161.98,1.81,72.27,4.36
2001,349,20.32,15.91,26.88,206.99,5.91,76.53,4.35
2001,350,20.64,16.76,27.07,175.75,1.79,75.58,4.52
2001,351,20.56,15.87,27.1,157.47,5.3,76.27,4.16
2001,352,20.57,16.51,26.71,134.91,5.82,78.15,4.6
2001,353,20.67,16.76,26.58,154.92,2.32,77.55,4.51
2001,354,20.65,17,26.94,196.57,2.63,76.91,4.83
2001,355,20.28,15.63,27.17,286.59,0.98,71.61,4
2001,356,20.38,14.44,27.85,292.03,0.26,70.89,4.26
2001,357,20.5,15.49,27.4,194.49,0.55,73.79,4.39
2001,358,20.63,15.92,27.63,217.05,0.42,70.37,4.35
2001,359,21.14,15.81,29.14,294.92,0.16,65.65,3.77
2001,360,20.69,14.73,28.37,234.52,0.71,66.23,3.96
2001,361,21.01,15.7,28.23,245.75,0.57,69.07,3.87
2001,362,20.2,15.7,26.32,224.46,0.32,70.51,4.3
2001,363,20.33,14.33,28.07,281.61,0.13,67.33,4.22
2001,364,20.6,14.44,27.9,231.98,0.04,67.31,4.49
2001,365,20.4,15.12,26.47,221.57,0.14,69.37,3.98
2002,1,21.5,15.78,29.4,257.43,1.38,65.23,3.75
2002,2,20.36,16.37,26.35,256.97,4.48,76.5,3.57
2002,3,20.06,16.47,25.22,237.42,2.57,77.87,3.78
2002,4,20.48,16.86,26.47,196.57,1.51,76.2,3.95
2002,5,20.38,16.89,25.72,206.64,1.12,73.67,4.44
2002,6,20.57,15.59,27.63,205.37,0.46,68.43,4.4
2002,7,20.4,14.31,28.2,243.2,0.47,64.7,4.6
2002,8,21.04,13.82,29.19,234.52,0.01,59.38,3.71
2002,9,21.71,16.45,28.98,249.91,0.7,63.52,3.18
2002,10,21.97,15.74,29.76,249.1,0.68,63.7,3.15
2002,11,21.82,17.11,29.02,227.47,3.24,72.02,3.13
2002,12,20.91,17.65,26.48,206.99,11.03,79.59,3.46
2002,13,20.7,17.07,26.65,190.33,4.87,76.44,3.33
2002,14,20.14,16.7,25.82,198.66,4.07,80.26,1.66
2002,15,20.5,16.71,25.85,167.88,6.9,75.62,0.96
2002,16,19.26,16.58,23.57,263.68,1.89,79.11,1.61
2002,17,20.98,15.2,28.51,281.61,0.29,65.32,3.37
2002,18,20.39,15.53,27.91,275.71,0.17,64.85,4.1
2002,19,20.07,13.36,28.77,294.92,0.18,56.47,4.23
2002,20,20.17,13.67,28.29,300.7,0.26,59.19,3.34
2002,21,21.14,13.51,30.59,266.57,0.92,54.16,2.94
2002,22,21.81,14.83,30.65,277.45,3.38,55.83,2.47
2002,23,21.18,16.61,28.15,251.18,5.45,57.92,1.74
2002,24,21.38,15.05,29.86,277.45,1.42,53.79,2.36
2002,25,20.5,14.84,28.16,249.1,0.34,56.05,2.96
2002,26,20.99,14.01,28.55,282.42,0.25,57.44,3.43
2002,27,20.29,16.01,27.07,236.14,0.3,67.09,2.82
2002,28,20.45,15.09,28,302.44,0.12,64.34,3.43
2002,29,21.1,13.85,30.03,289.02,0.03,53.82,4.07
2002,30,20.98,13.25,30.23,296.19,0.02,50.08,4.06
2002,31,20.78,12.51,30.5,326.51,0,46.51,3.72
2002,32,20.96,13.67,29.97,321.53,0,52.63,4.01
2002,33,20.4,13.06,28.86,289.02,0,57.87,4.48
2002,34,20.7,12.9,30.05,322.34,0,48.37,4.1
2002,35,21.08,12.39,31.35,330.32,0,42.57,3.6
2002,36,21.62,13.48,31.77,337.38,0,38.3,3.85
2002,37,21.29,13.88,30.52,329.05,0,45.33,4.29
2002,38,21.13,13,30.8,328.59,0,44.13,4.16
2002,39,21.55,13.61,31.19,324.42,0.01,44.29,3.66
2002,40,22.84,14.86,32.73,321.99,0.13,43.31,3.36
2002,41,22.73,15.23,32.61,336.57,0.29,43.06,3.71
2002,42,22.66,14.71,32.95,330.32,0.16,40.79,3.69
2002,43,22.96,14.17,33.52,311.12,0.05,37.27,3.22
2002,44,22.94,15.12,32.08,293.65,0.61,41.88,3.06
2002,45,22.78,16.44,31.46,275.37,2.51,49.51,3.31
2002,46,22.84,14.82,31.89,294.92,0.21,47.34,3.7
2002,47,23.11,15.68,31.69,274.09,1.14,48.91,3.19
2002,48,22.82,16.87,29.96,239.96,2.45,55.98,2.35
2002,49,22.04,17.11,28.84,297,3,61.85,2.37
2002,50,22.07,15.52,30.35,276.18,0.9,58.42,3.77
2002,51,22.38,14.55,31.34,318.18,0.04,48.44,3.95
2002,52,22.22,14.33,30.99,310.31,0.17,50.69,4.73
2002,53,21.82,15.95,29.65,205.37,1.86,58.71,4.8
2002,54,21.49,16.85,28.79,167.88,1.79,63.08,5.09
2002,55,21.74,15.63,30.11,206.64,0.41,54.89,4.02
2002,56,22.28,15.82,30.33,190.33,0.58,58.36,4.28
2002,57,23.43,16.72,31.77,260.33,0.42,57.4,3.62
2002,58,21.39,17.74,27.02,272.82,1.97,69.96,3.67
2002,59,22.16,16.92,29.94,272.82,1.17,63.47,3.52
2002,60,22.43,16.81,30.66,276.52,0.64,59.35,4.23
2002,61,22.85,16.93,31.78,263.68,1.12,57.12,3.68
2002,62,22.16,16.83,29.98,224.46,8.71,68.37,2.68
2002,63,20.36,17.9,24.01,178.64,13.81,82.76,2.54
2002,64,20.22,17.78,24.7,196.23,7.03,81.75,3.3
2002,65,21.12,16.66,27.29,206.18,4.79,75.66,4.16
2002,66,21.81,16.59,29.43,255.7,3.17,69.71,3.96
2002,67,22.14,16.33,30.35,319.1,1.5,64.74,2.94
2002,68,22.47,16.91,29.89,299.08,2.2,64.58,1.92
2002,69,22.93,16.75,30.68,202.48,4.89,63.43,2.72
2002,70,22.42,17.14,29.46,222.84,3.7,67.96,2.72
2002,71,21.6,16.77,28.7,205.37,3.6,69.88,3.53
2002,72,20.96,15.94,27.27,251.53,0.89,71.62,4.02
2002,73,21.36,17.01,28.25,209.07,0.62,68.22,4.24
2002,74,20.95,16.55,27.4,274.44,1.99,69.69,3.58
2002,75,22.08,16.75,30.09,231.63,0.88,66.03,4.02
2002,76,22.11,16.3,30.58,264.03,0.95,61.25,4.03
2002,77,21.74,16.29,30.32,255.7,5.31,62.6,3.53
2002,78,21.51,16.01,29.07,256.62,6.65,70.39,2.93
2002,79,22.01,17.47,28.93,217.4,3.77,70.99,3.66
2002,80,21.44,17.03,28.33,219.95,4.19,72.7,3.51
2002,81,22.01,16.27,29.74,277.45,0.44,66.05,3.75
2002,82,22.41,16.57,30.4,301.98,0.51,62.39,3.77
2002,83,22.21,16.77,29.66,215.32,0.48,65.49,3.54
2002,84,23.03,15.99,32.02,288.67,0.2,58.3,2.84
2002,85,22.75,16.92,31.23,274.44,1.53,61.48,2.47
2002,86,22.96,17.28,31.37,283.23,1.12,62.01,3.39
2002,87,22.83,17,31.35,283.7,0.49,61.76,3.21
2002,88,22.99,16.9,31.96,280.69,0.59,55.43,3.09
2002,89,22.74,16.56,31.8,273.63,1.15,56.27,3.08
2002,90,22.59,17.25,30.57,273.28,1.53,64.83,3.4
2002,91,22.49,17.31,30.17,202.48,1.96,67.81,4.09
2002,92,22.21,17.57,29.37,244.13,2.09,68.98,4.47
2002,93,22.06,17.18,29.45,236.95,1.91,69.69,4.33
2002,94,22.42,16.95,30.34,268.19,1.15,65.4,4.2
2002,95,21.96,16.31,29.84,254.08,1.96,65.35,4.16
2002,96,22.17,15.99,30.4,259.86,1.36,63.47,4.1
2002,97,21.41,16.74,27.69,231.17,0.94,68.72,4.31
2002,98,21.79,16.98,28.91,234.87,0.75,68.03,4.81
2002,99,22,16.3,29.83,221.57,0.42,61.58,4.4
2002,100,22.58,16.52,30.73,256.97,0.18,60.93,3.97
2002,101,21.7,17.74,29.89,256.62,3.68,71.21,4.03
2002,102,21.15,16.96,28.19,251.18,6.35,72.63,4.36
2002,103,21.03,16.58,27.64,257.43,5,74.02,3.92
2002,104,21.77,16.96,28.85,234.87,4.26,71.89,4.3
2002,105,20.9,17.4,27.15,179.91,8.98,75.73,4.85
2002,106,21.07,16.43,28.05,197.38,2.98,71.62,4.24
2002,107,21.23,16.56,28.17,182.46,4.02,72.74,3.97
2002,108,21.42,16.58,28.47,203.63,2.01,70.97,3.94
2002,109,21.12,16.78,28.13,218.21,6.89,74.91,3.64
2002,110,21.31,16.29,28.49,219.48,4.11,72.41,3.1
2002,111,21.6,16.75,29.14,217.05,9.1,71.34,3.25
2002,112,20.97,17.02,27.3,211.96,5.2,76.36,3.08
2002,113,20.32,16.86,25.95,186.97,5.17,78.34,3.48
2002,114,21.14,15.88,28.4,229.09,3.61,72.03,3.14
2002,115,21.06,16.55,27.68,211.15,2.77,73.39,3.63
2002,116,21.16,16.47,27.68,172.05,3.89,74.56,4.17
2002,117,21.2,15.91,27.9,225.73,1.37,69.94,3.84
2002,118,21.35,16.69,28.44,197.85,5.42,72.53,3.34
2002,119,20.72,16.45,27.19,151.22,9.11,77.95,3.6
2002,120,20.51,16.16,27.02,132.82,6.73,77.75,3.3
2002,121,20.45,16.45,26.69,179.91,7.14,74.32,2.35
2002,122,20.69,16.25,27.38,200.74,6.02,76.16,2.57
2002,123,20.79,15.94,27.81,227.81,4.68,70.27,2.36
2002,124,20.65,15.05,28.1,221.22,3.15,68.69,2.26
2002,125,20.38,15.46,26.86,180.72,2.89,73.77,2.35
2002,126,20.44,16.16,26.67,161.63,2.79,77.12,3
2002,127,18.9,16.6,22.52,170.31,5.81,85.14,1.55
2002,128,20.18,16,26.09,160.82,6.04,80.55,0.91
2002,129,20.78,17.18,25.74,278.61,7.44,78.89,1.42
2002,130,20.86,16.77,26.53,172.86,7.43,74.1,1.85
2002,131,20.39,16.37,25.58,164.06,9.21,77.57,1.4
2002,132,20.6,15.11,27.22,228.62,4.51,73.66,1.29
2002,133,20.28,14.63,27.74,221.22,2.96,74.28,2.16
2002,134,20.25,14.31,27.9,221.57,0.96,72.97,2.21
2002,135,20.49,14.78,27.73,234.06,0.55,72.87,2.27
2002,136,20.92,14.87,28.62,226.19,0.15,69,1.69
2002,137,20.06,14.71,27.13,158.74,0.19,70.6,2.31
2002,138,19.71,14.85,26.29,178.64,0.23,70.96,3.49
2002,139,19.48,13.76,26.35,219.14,0.96,75.67,4.07
2002,140,19.79,15.07,25.99,156.66,0.58,76.82,3.7
2002,141,19.84,15.83,26.21,172.05,0.45,74.41,4.25
2002,142,19.71,14.35,26.92,182,0.23,72.76,3.84
2002,143,19.96,13.4,27.55,258.24,0.19,66.35,2.96
2002,144,20.6,14.68,28.46,219.14,0.07,66.36,3.11
2002,145,20.55,15.24,28.28,202.01,0.11,67.03,3.19
2002,146,20.08,14.68,27.37,213.7,0.29,69.62,3.44
2002,147,20.22,14.77,27.84,235.33,0.4,66.91,3.47
2002,148,20.2,14.75,27.7,211.96,0.24,67.06,3.2
2002,149,20.31,14.66,28.14,229.55,0.17,65.55,3
2002,150,20.03,14.12,28.35,198.31,0.13,63.41,2.94
2002,151,19.88,14.46,28.12,216.13,0.28,64.1,3.13
2002,152,19.89,13.74,28.98,242.39,0.21,58.42,2.21
2002,153,20.41,13.65,29.5,272.36,0.24,60.44,2.21
2002,154,20.73,14.1,29.56,283.23,0.2,58.98,2.6
2002,155,20.62,14.79,28.67,276.18,0.55,62.64,2.27
2002,156,20.15,14.48,27.78,179.91,0.23,63.9,2.52
2002,157,19.49,13.27,27.63,175.4,0.12,61.09,2.49
2002,158,18.87,12.28,27.32,198.31,0.09,58.98,3.48
2002,159,19.32,13.16,27.31,107.02,0.59,69.06,3.61
2002,160,19.34,13.8,26.54,148.33,0.16,62.23,2.89
2002,161,19.56,13.41,27.77,215.32,0.1,59.1,2.42
2002,162,19,13.22,26.87,104.94,0.07,62.2,2.01
2002,163,19.3,12.78,27.58,94.99,0.24,61.51,1.75
2002,164,19.71,12.88,28.15,181.65,0.18,58.41,1.59
2002,165,19.45,13.6,26.53,118.25,0.89,62.5,2.22
2002,166,19.15,13.21,27.12,135.37,1.43,63.2,1.87
2002,167,19.01,13.24,26.92,144.16,1.78,63.64,2.36
2002,168,18.91,13.02,26.13,52.87,0.91,62.12,2.35
2002,169,18.66,11.82,26.81,146.24,0.18,58.82,2.14
2002,170,18.9,11.97,27.06,148.67,0.15,60.53,2.21
2002,171,19.6,14.09,27.09,167.42,0.17,62.39,2.33
2002,172,19.38,13.91,26.14,160.82,0.24,61.81,2.38
2002,173,19.18,13.22,26.37,144.51,0.33,60.87,2.15
2002,174,19.03,12.38,26.74,174.48,0.13,59.51,2.12
2002,175,19.31,12.32,27.64,140.81,0.02,61.48,3.03
2002,176,20.17,13.77,28.43,148.67,0.15,61.4,2.29
2002,177,20.47,13.96,28.82,143.24,0.39,59.63,1.69
2002,178,20.17,13.1,28.91,232.44,0.47,55.17,2.34
2002,179,20.12,13.19,28.54,174.13,0.11,57.29,3.08
2002,180,20.26,13.59,28.12,223.65,0.33,62.16,3.76
2002,181,20.16,14.15,28.14,179.57,0.79,63.62,3.46
2002,182,20.43,14.34,28.21,151.22,1.36,62.87,2.79
2002,183,19.71,14.61,27.38,130.39,0.79,65.86,3.76
2002,184,19.59,13.6,27.71,127.85,0.02,59.62,3.6
2002,185,19.36,13.63,27.16,212.89,1.42,63.96,3.55
2002,186,19.49,13.66,27.61,129.12,0.29,62.54,3.46
2002,187,18.94,13.14,27.56,193.22,0.17,57.68,3.73
2002,188,18.57,11.55,27.5,236.61,0.04,51.57,3.76
2002,189,19.09,11.69,27.62,251.99,0.02,57.75,3.59
2002,190,20.14,13.58,28.62,206.64,0.42,60.43,3.29
2002,191,20.9,14.27,29.37,210.81,0.47,59.17,2.7
2002,192,20.75,14.68,28.62,200.74,1.53,59.69,2.28
2002,193,20.4,14.53,28.43,205.71,0.79,61.26,3.13
2002,194,20.06,14.29,27.65,237.42,0.03,58.23,2.9
2002,195,19.48,12.64,27.7,220.76,0.26,57.39,2.7
2002,196,20.01,13.32,28.63,200.39,0.2,58.66,2.68
2002,197,20.18,13.73,29.36,195.3,0.2,57.13,3.32
2002,198,19.82,13.08,28.8,127.04,0.21,56.35,3.13
2002,199,20.18,13.72,28.18,225.38,0.11,57.4,2.78
2002,200,20.2,13.79,28.37,186.16,0.35,59.15,3.38
2002,201,20.13,14.39,27.82,187.43,0.62,63.93,3.88
2002,202,19.85,13.66,28.43,162.44,0.12,56.61,3.95
2002,203,19.52,12.45,29.28,271.2,0.07,49.34,3.31
2002,204,18.95,11.76,28.55,306.14,0.06,49.33,3.54
2002,205,19.25,12.26,28.32,285.78,0.08,52.39,3.71
2002,206,19.18,12.12,28.53,193.22,0.08,48.11,3.66
2002,207,19.3,11.23,28.74,232.79,0.12,46.06,3.27
2002,208,18.99,12.56,26.43,197.38,0.73,59.17,3.2
2002,209,19.3,13.2,27.31,147.05,0.64,60.39,3.84
2002,210,19.44,12.91,27.08,149.14,0.29,58.27,3.67
2002,211,19.12,14.04,26.03,142.08,0.5,61.58,3.04
2002,212,19.57,13.7,26.69,134.1,0.41,61.75,3.35
2002,213,19.18,13.72,26.28,112,0.49,62.32,3.91
2002,214,19.22,13.54,26.47,167.07,0.36,59.25,3.62
2002,215,19.56,12.27,27.25,129.12,0.44,56.62,3.08
2002,216,19.05,13.44,26.37,117.09,0.75,63.08,3.4
2002,217,19.64,13.5,27.58,146.59,0.28,56.16,3.24
2002,218,19.64,13.02,28.14,138.72,0.07,54.39,3.07
2002,219,19.6,13.35,26.49,187.43,0.55,58.58,2.59
2002,220,19.28,13.99,25.92,143.24,0.72,59.99,3.09
2002,221,19.3,12.55,26.97,134.1,0.29,53.71,2.79
2002,222,19.48,11.97,27.66,202.01,0.16,51.21,2.8
2002,223,19.29,13.24,27.36,130.74,0.16,60.67,4.3
2002,224,19.56,13.15,27.63,228.28,0.09,59.77,4.61
2002,225,20.06,12.85,28.52,239.04,0.21,56.33,4.61
2002,226,19.95,14.9,27.32,158.74,2.13,67.38,4.72
2002,227,20.24,13.49,28.85,292.03,0.44,58.15,3.57
2002,228,20.61,13.66,30.08,159.9,0.15,52.32,3.54
2002,229,20,12.64,28.87,140.34,0.11,52.5,2.98
2002,230,20.05,13.49,28.81,154.58,0.26,57.82,3.79
2002,231,19.85,13.94,28.26,109.92,0.45,60.85,4.13
2002,232,19.82,13.8,28.38,97.88,0.79,58.71,3.96
2002,233,19.6,13.17,28.78,124.15,0.25,53.14,3.77
2002,234,19.29,12.11,28.33,174.94,0.07,50.57,3.44
2002,235,18.82,12.63,26.68,95.8,0.63,54.54,4.22
2002,236,19.11,13.24,27.01,247.83,1.09,64.83,5.06
2002,237,19.49,13.95,26.87,157,1.19,63.8,4.92
2002,238,19.19,12.45,27.26,236.95,1.24,63.98,4.66
2002,239,19.64,12.04,28.87,200.39,0.09,49.84,4.16
2002,240,19.91,13.01,28.72,206.18,0.11,54.81,3.79
2002,241,19.81,13.35,28.08,145.32,0.16,60.11,4.22
2002,242,20.12,13.56,28.09,126.23,0.09,59.03,4.08
2002,243,20.63,13.85,29.4,159.9,0.1,56.46,3.94
2002,244,19.89,13.8,27.66,132.48,0.08,59.54,4.31
2002,245,19.85,13.66,28.25,137.91,0.1,56.05,4.66
2002,246,19.3,13.35,26.76,205.37,1.55,58.55,4.23
2002,247,19.73,12.56,28.59,253.27,0.28,51.19,4.19
2002,248,20.29,13.05,29.15,321.53,0.21,51.77,4.08
2002,249,20.63,12.2,29.77,282.77,1.06,52.44,4.2
2002,250,19.68,15.45,25.75,162.91,8.12,69.49,3.95
2002,251,20.67,14.25,29.31,261.13,0.27,53.81,4.34
2002,252,20.32,12.53,29.49,304.87,0.05,52.08,4.05
2002,253,21.02,13.2,30.43,320.72,0.03,51.29,3.7
2002,254,22,14.93,31.39,282.42,0.21,52.99,3.84
2002,255,21.84,15.3,30.68,264.03,0.36,55.19,4.32
2002,256,21.42,14.42,30.33,284.04,0.3,50.15,4.39
2002,257,20.32,12.22,29.31,282.42,0.57,53.42,4.66
2002,258,20.18,14.27,28.53,202.01,1.21,59.15,4.91
2002,259,19.31,13.37,27.43,239.5,2.22,62.63,5.56
2002,260,19.25,14.67,26.58,153.65,5.3,70.7,6.09
2002,261,18.9,12.79,26.79,195.3,0.73,64.37,5.12
2002,262,19.04,11.92,27.91,244.13,0.2,56.52,4.83
2002,263,19.06,11.29,28.12,199.47,0.17,54.6,4.66
2002,264,19.27,11.47,27.7,325.35,0.74,62.75,4.74
2002,265,20.19,13.27,28.9,245.75,0.38,58.2,4.64
2002,266,20.32,14.43,27.25,269.47,0.36,60.17,3.72
2002,267,21.08,14.15,29.4,282.77,0.06,57.92,4.13
2002,268,21.42,14.15,30.13,311.93,0.03,51.47,4.38
2002,269,20.81,13.62,30.06,334.84,0.08,49.07,4.77
2002,270,20.81,13.36,29.97,324.08,0.04,46.07,4.09
2002,271,20.91,11.58,31,313.2,0.06,42.79,3.65
2002,272,22.15,15.38,30.75,280.34,0.76,56.83,3.95
2002,273,22.35,15.3,31.81,307.76,0.14,49.85,3.93
2002,274,22.35,14.44,31.88,292.84,0.26,45.54,3.39
2002,275,21.98,14.25,31.55,259.86,0.89,47.39,3.69
2002,276,21.81,15.32,30.78,258.71,0.31,48.07,4.17
2002,277,21.48,15.32,30.29,234.87,0.21,49.94,4.57
2002,278,21.74,14.75,30.96,256.16,0.1,47.44,3.9
2002,279,22.12,14.83,31.16,248.29,0.2,51.89,4.25
2002,280,22.05,15.31,30.38,215.32,0.48,57.54,4.58
2002,281,22.01,15.61,30.34,280.69,1.54,57.54,3.92
2002,282,21.64,15.68,29.58,232.44,4.18,61.41,3.74
2002,283,21,15.67,28.13,249.45,0.99,59.73,4.15
2002,284,20.94,13.77,30.22,232.79,0.49,52.05,4.22
2002,285,20.94,14.73,29.52,203.63,0.97,56.54,4.1
2002,286,21.28,14.1,29.85,229.9,0.08,50.93,4.09
2002,287,21.21,14.19,29.95,267.38,0.15,53.17,4.59
2002,288,21.82,15.09,30.86,264.03,1.09,56.55,4.46
2002,289,21.46,15.28,29.55,232.44,1.27,62.76,4.9
2002,290,21.62,15.58,29.95,262.41,1.18,60.34,4.48
2002,291,21.38,14.94,30.02,268.66,0.82,56.17,4.08
2002,292,21.84,15.24,30.81,307.41,0.21,52.3,4.15
2002,293,22.14,15.19,31.19,286.94,0.66,52.24,4.37
2002,294,21.41,15.54,29.55,252.46,1.55,61.34,4.88
2002,295,20.56,13.74,28.76,254.89,3.21,68.34,5.25
2002,296,20.63,16.24,27.59,120.79,7.7,72.88,5.5
2002,297,20.66,15.13,28.24,145.78,2.09,67.43,4.2
2002,298,21.17,15.39,29.72,288.67,1.55,56.59,4.01
2002,299,21.1,15.96,28.7,229.55,3.84,66.69,4.7
2002,300,20.77,15.54,28.12,187.43,5.88,68.72,4.93
2002,301,20.51,14.57,28.03,252.8,3.49,68.26,4.21
2002,302,21.23,15.65,29.23,240.77,11.18,66.45,4.13
2002,303,20.03,16.11,26.05,191.6,9.26,76.63,4.13
2002,304,20.3,15.72,26.96,169.96,11.37,75.77,3.94
2002,305,20.43,15.64,27.46,146.59,5.69,71.09,3.87
2002,306,20.8,15.55,28.61,229.55,0.7,64.83,3.81
2002,307,21.51,15.61,29.51,251.18,1.34,63.93,3.67
2002,308,21.7,16.41,29.08,216.13,4.83,69.07,3.64
2002,309,21.24,17.3,27.62,250.37,7.85,74.1,4.32
2002,310,20.64,16.75,26.63,175.4,13.37,77.67,3.99
2002,311,19.75,17.01,24.17,224.92,5.94,81.88,3.34
2002,312,19.07,15.05,24.79,201.2,1.59,71.07,2.98
2002,313,20.66,14.36,29.4,268.66,0.44,62.42,2.1
2002,314,20.9,15.43,27.95,239.04,2.01,71.25,2.81
2002,315,21.78,17.2,28.89,217.86,2.96,67.37,3.38
2002,316,21.17,17.06,27.85,221.57,1.58,71.46,3.5
2002,317,20.92,16.54,27.22,212.89,5.11,74.3,2.39
2002,318,20.78,17.14,26.54,216.13,8.66,76.72,2.9
2002,319,20.85,16.66,26.81,208.72,8.13,77.18,3.04
2002,320,20.6,17.34,26.41,174.94,3.86,77.56,3.37
2002,321,20.79,16.4,27.28,153.65,1.76,73.34,3.1
2002,322,20.37,16.95,26.29,222.84,4.11,76.82,3.48
2002,323,20.8,16.26,27.65,244.47,2.99,73.08,3.67
2002,324,20.72,16.4,27.32,173.32,4.29,74.78,3.8
2002,325,21.23,16.27,28.53,231.63,2.92,71.16,3.29
2002,326,21.05,17.14,27.2,228.28,1.34,74.57,3.86
2002,327,21.36,16.33,28.61,245.75,0.88,70.83,3.82
2002,328,21.07,16.57,27.91,250.37,0.63,72.26,3.56
2002,329,21.39,15.79,29.35,263.68,1.94,68.92,3.11
2002,330,21.32,16.26,28.68,291.56,2.16,71.31,3.64
2002,331,21.3,16.48,28.45,230.71,0.4,69.81,4.12
2002,332,20.93,16.05,27.86,229.9,0.36,69.69,4.02
2002,333,20.76,16.11,27.25,236.61,0.4,70.75,4.27
2002,334,21.05,16.14,28.38,225.73,0.23,67.57,3.75
2002,335,21.27,15.78,28.51,206.99,0.6,67.53,2.95
2002,336,21.34,16.29,28.52,246.21,2.82,70.48,3.19
2002,337,21.53,16.71,28.67,223.3,2.56,70.29,3.8
2002,338,20.08,16.66,25.01,174.13,3.86,79.2,3.65
2002,339,20.46,17,26.71,182,4.45,78.55,3.95
2002,340,20.46,16.43,27.28,146.59,4.55,75.98,3.61
2002,341,20.78,16.33,27.53,216.59,3.62,73.89,4.01
2002,342,20.55,16.43,27.59,245.75,3.32,74.44,4.02
2002,343,20.08,15.67,26.31,142.89,5.45,78.7,4.36
2002,344,21.01,15.95,28.18,221.57,1.08,72.54,4.16
2002,345,21.19,16.6,28.12,234.87,1.13,73.85,4.42
2002,346,21.38,16.44,28.6,234.06,2.63,72.92,4.26
2002,347,21.54,16.88,28.56,282.77,6.81,73.13,3.88
2002,348,21.3,16.89,27.47,219.48,2.77,75.87,3.78
2002,349,21.46,17.28,28.07,238.69,6.14,74.29,3.76
2002,350,21.44,16.96,27.78,266.57,1.39,74.42,3.67
2002,351,21.18,17.19,27.08,265.76,1.02,75.71,3.41
2002,352,21.15,16.53,28.21,305.33,2.7,74.5,3.46
2002,353,20.87,16.81,26.94,294.92,4.95,77.1,3.21
2002,354,21.28,17.39,27.37,229.55,7.54,76.56,2.21
2002,355,19.82,17.58,23.62,174.48,10.42,85.66,2.02
2002,356,20.83,17.03,26.41,249.91,5.05,77.99,1.64
2002,357,21.08,16.94,27.2,211.62,6.97,77.71,2.2
2002,358,20.1,17.27,24.2,206.18,3.44,80.22,1.08
2002,359,19.94,15.08,25.39,168.23,5.51,78.16,1.34
2002,360,20.25,16.81,25.3,217.86,3.74,80.17,2.23
2002,361,20.61,16.22,26.77,141.15,3.63,78.56,2.68
2002,362,20.13,16.57,25.39,188.24,3.06,79.79,1.48
2002,363,20.19,16.65,25.38,233.25,3.47,80.12,2.52
2002,364,19.88,16.73,24.38,236.14,1.89,83.26,3.43
2002,365,20.16,16.33,25.86,212.89,3.24,79.98,4.28
2003,1,20.07,14.82,27.21,219.48,1.1,73.52,3.42
2003,2,20.48,14.78,27.57,256.16,1.21,71.92,3.25
2003,3,20.59,15.21,27.59,233.71,1.64,73.61,3.1
2003,4,20.95,15.48,27.86,214.97,2.68,73.87,2.66
2003,5,20.82,15.91,27.19,219.14,3.42,75.05,2.79
2003,6,20.38,15.42,27,209.88,0.59,72.57,4.59
2003,7,19.5,14.38,26.97,229.55,0.15,67.04,4.65
2003,8,20.01,12.85,28.11,265.3,0.02,63.74,3.78
2003,9,20.96,13.49,29.49,292.03,0.04,62.2,3.06
2003,10,21.6,14.51,30.08,258.71,0.24,61.74,3.18
2003,11,21.06,14.69,29.17,289.02,0.08,61.21,3.95
2003,12,20.28,13.59,28.64,269.47,0.02,58.21,4.52
2003,13,19.38,11.64,29.09,316.56,0,48.71,3.88
2003,14,19.84,11.33,29.63,324.89,0,47.67,3.47
2003,15,20.87,13.12,29.84,324.42,0,52.72,4.03
2003,16,21.25,13.64,29.49,310.77,0.21,58.69,3.91
2003,17,21.85,15.67,29.86,293.18,0.49,63.86,3.68
2003,18,21.17,16.09,27.91,246.21,0.26,68.55,4.19
2003,19,21.28,15.96,28.32,239.96,0.09,66.36,4.14
2003,20,21.07,15.04,28.96,251.18,0.36,63.03,3.53
2003,21,21.07,14.13,29.5,272.01,0.17,57.39,3.71
2003,22,21.42,15.05,29.36,280.34,0.17,62.19,3.78
2003,23,21.4,15.15,29.67,295.27,0.23,61.71,3.87
2003,24,21.76,14.47,30.53,320.26,0.09,56.74,3.63
2003,25,22.21,14.16,31.97,329.51,0.03,48.7,3.31
2003,26,22.44,14.55,32.2,321.18,0,47.72,3.18
2003,27,22.36,14.46,32.05,329.05,0,48.15,3.49
2003,28,22.29,14.05,32.16,328.24,0,44.83,3.81
2003,29,22.13,13.78,31.94,336.11,0,43.14,3.96
2003,30,21.66,13.13,31.96,338.65,0,38.3,4.04
2003,31,21.56,13.58,30.72,340.27,0,41.12,4.18
2003,32,22.38,13.53,31.85,330.67,0,36.1,4.7
2003,33,21.24,13.6,30.61,329.51,0,44.94,4.96
2003,34,21.13,12.89,30.84,336.11,0,44.67,4.3
2003,35,21.93,12.9,32.35,338.65,0,39.11,3.44
2003,36,23.91,14.11,33.92,311.93,0.21,40.89,2.55
2003,37,24.26,16.05,32.72,266.11,0.55,45.68,2.79
2003,38,24.53,17.34,32.67,305.68,0.37,47.39,3.66
2003,39,23.3,17.62,30.6,268.19,0.79,57.06,4.1
2003,40,23.3,16.36,32.12,329.86,0.26,47.15,3.81
2003,41,24.37,15.99,33.69,291.56,0.48,42.16,2.7
2003,42,24.13,17.38,32.96,246.21,3.72,46.03,2.67
2003,43,23.1,17.12,32.02,255.35,9.25,57.26,2.9
2003,44,22.34,17.16,29.95,243.2,3.18,61.5,2.14
2003,45,22.73,16.22,31.68,214.97,5.09,57.57,2.66
2003,46,23.01,16.11,32.12,294.92,2.71,55.51,2.39
2003,47,23.13,16.27,31.82,296.19,0.97,57.04,3.56
2003,48,22.73,15.09,31.72,328.59,0.02,52.44,4.01
2003,49,22.04,14.73,31.1,326.51,0.3,53.23,4.23
2003,50,22.12,14.46,31.36,333.22,0.12,48.43,4.15
2003,51,21.64,15.12,29.59,339,0,51.25,3.81
2003,52,21.87,15.13,30.73,295.27,0,53.89,4.3
2003,53,21.9,14.03,31.22,316.09,0,45.8,4.29
2003,54,22.9,14.2,32.72,329.51,0,41.71,4.02
2003,55,23.43,15.02,32.55,319.45,0,49.08,3.86
2003,56,23.2,15.94,31.58,280.34,0.32,51.32,4.4
2003,57,23.21,15.79,32.07,293.65,0.18,49.61,4.11
2003,58,23.17,15.1,31.86,302.44,0.23,49.88,3.71
2003,59,23.61,15.93,32.63,293.65,0.19,48.37,3.57
2003,60,23.47,16.52,32.21,310.31,0.25,46.72,3.66
2003,61,23.01,15.15,32.21,326.16,0.35,44.97,4.1
2003,62,21.86,14.52,30.28,275.71,0.02,49.3,4.69
2003,63,22.5,13.75,32.21,335.3,0.02,38.32,4.29
2003,64,22.98,14.61,32.45,330.67,0.01,39.28,4.18
2003,65,23.46,15.39,32.38,312.85,0.08,47.59,3.96
2003,66,23.76,16.38,32.58,291.56,0.14,51.73,4.25
2003,67,24.11,16.68,33.4,307.41,0.06,48.87,3.93
2003,68,24.56,16.9,34.05,296.54,0.12,46.14,3.59
2003,69,24.54,16.74,33.48,304.06,0.04,45.24,3.82
2003,70,24.73,16.95,33.97,289.94,0.11,44.66,3.69
2003,71,24.99,16.92,34.29,298.62,0.31,42.08,3.35
2003,72,23.81,17.65,30.83,294.11,0.31,46.22,3.12
2003,73,24.19,16.65,32.71,260.33,0.15,50.44,4.31
2003,74,23.81,17.49,31.53,258.24,0.16,56.25,5.08
2003,75,23.75,17.21,32.43,270.74,0.17,47.52,4.66
2003,76,23.76,15.87,32.86,304.52,1.55,46.09,4.2
2003,77,23.35,15.73,32.05,276.18,0.28,49.59,4.17
2003,78,23.65,16.7,32.28,284.51,0.08,49.77,4.36
2003,79,23.72,16.47,32.45,267.85,0.1,49.19,4.08
2003,80,24.45,15.5,33.41,312.39,0.08,44.06,3.46
2003,81,24.3,17.34,32.33,259.52,2.03,54.87,3.62
2003,82,23.62,18.26,30.99,275.71,6.32,60.88,3.33
2003,83,22.71,17.65,29.61,230.71,2.26,64.82,3.48
2003,84,22.82,17.78,29.76,255.7,1.69,65.82,3.86
2003,85,21.71,18.08,28.49,219.14,7.61,71.1,4.61
2003,86,21.77,17.11,28.59,190.79,2.15,68.92,3.75
2003,87,22.61,16.37,31.17,279.88,1.47,60.43,4.02
2003,88,21.77,17.52,28.77,272.36,6.59,70.24,3.43
2003,89,21.5,16.83,28.66,173.32,7.04,70.66,2.29
2003,90,22.08,15.89,30.63,248.64,0.74,60.3,3.23
2003,91,22.39,16.74,30.73,247.37,1.3,62.24,3.68
2003,92,22.46,16.76,30.34,259.86,0.46,63.79,3.99
2003,93,22.39,16.49,30.4,244.47,1.4,64.6,4.17
2003,94,23.05,16.8,30.92,242.04,1.03,64.05,4
2003,95,23.37,17.48,31.63,257.43,0.77,59.93,3.69
2003,96,23.67,16.47,32.53,321.99,0.02,53.04,3.12
2003,97,23.56,16.78,32.19,284.85,0.01,55.01,3.93
2003,98,22.73,17.13,30.65,267.85,0,58.32,4.61
2003,99,22.36,15.67,30.49,293.65,0,59.5,4.2
2003,100,23.06,16.8,31.66,314.01,0,55.89,4.01
2003,101,22.41,14.24,31.87,320.26,0.23,48.29,3.65
2003,102,23.1,16.52,31.32,259.52,0.67,58.86,3.88
2003,103,23.56,16.73,31.59,259.86,0.17,52.46,3.88
2003,104,23.02,16.38,31.89,222.38,3.67,58.23,3.71
2003,105,22.14,16.39,29.83,230.36,4.38,66.89,4.5
2003,106,21.45,16.42,28.44,176.56,4.36,71.35,4.25
2003,107,22.06,17.24,29.36,193.68,2.75,68.28,4.22
2003,108,22.34,16.82,30.2,158.74,2.75,67.08,3.97
2003,109,21.66,16.66,29.18,216.13,2.89,67.34,3.96
2003,110,21.5,16.6,29.03,187.9,2.19,69.67,3.27
2003,111,21.78,17.36,28.79,179.57,5.98,72.6,3.61
2003,112,21.76,17.2,28.56,179.57,9.48,71.51,2.1
2003,113,22.03,16.65,29.36,159.9,9.99,69.07,2.7
2003,114,20.96,15.2,28.15,246.21,0.88,66.41,3.44
2003,115,20.98,17.01,27.22,265.76,3.62,72.08,3.29
2003,116,21.28,16.31,28.35,196.57,2.82,67.77,2.43
2003,117,22.31,15.71,30.44,228.28,14.57,63.51,1.78
2003,118,20.82,17.59,26.36,205.71,23.71,78.08,2.4
2003,119,19.9,16.97,24.21,192.41,13.68,80.63,1.46
2003,120,20.31,16.17,25.69,181.19,20.17,79.29,2.03
2003,121,19.11,17.06,22.64,117.09,15.68,87.58,1.54
2003,122,19.36,16.69,24.03,171.24,6.62,84.69,2.66
2003,123,18.37,16.57,21.49,149.48,13.6,88.29,1.65
2003,124,20.14,16.18,25.73,136.99,17.7,82.18,1.81
2003,125,19.11,16.93,22.33,186.16,5.46,87.59,1.47
2003,126,19.58,16.12,24.33,159.9,9.08,82.66,1.35
2003,127,20,15.87,25.59,166.15,14.14,84.55,2.43
2003,128,19.59,15.22,25.04,121.6,17.62,82.84,2
2003,129,20.2,15.25,25.95,256.97,8.75,79.84,1.05
2003,130,20.36,16.12,26.03,203.28,11.02,82.52,2
2003,131,20.54,16.72,25.94,224.11,3.66,83.49,1.96
2003,132,20.13,17.04,24.92,196.23,5.04,85.5,2.87
2003,133,20.18,16.59,25.17,217.05,3.1,84.18,2.16
2003,134,19.88,16,25.52,211.62,5.24,80.16,2.78
2003,135,19.43,15.1,24.93,198.66,5.32,81.44,2.58
2003,136,19.31,15.02,24.95,226.19,3.39,79.37,2.45
2003,137,19.3,14.06,25.29,220.29,1.02,79.91,2.58
2003,138,19.53,15,25.27,197.85,1.84,81.39,2.9
2003,139,19.33,14.86,25.01,157.47,2.18,81.79,3.31
2003,140,19.19,14.68,24.8,178.29,1.2,80.69,3.34
2003,141,18.72,15.89,22.2,122.87,5.38,89.83,3.18
2003,142,19.49,16.41,24.61,139.07,2.05,83.85,3.63
2003,143,19.32,15.67,24.99,180.72,3.33,83.39,3.78
2003,144,18.92,14.64,24.26,129.93,3.1,84.32,2.88
2003,145,19.83,15.47,25.61,209.53,3.22,82.66,3.23
2003,146,19.93,15.55,25.59,193.22,4.72,82.66,3.37
2003,147,19.67,16.29,24.49,182.81,3.68,84.01,3.59
2003,148,19.54,16.38,24.41,204.56,1.55,83.61,3.43
2003,149,18.9,15.1,24.02,166.61,2.71,84.76,3.64
2003,150,18.13,14.27,23.25,112,2.23,85.6,3.99
2003,151,18.44,14.55,23.61,169.96,1.39,82.7,3.7
2003,152,18.47,14.66,24.23,206.18,0.5,78.77,3.05
2003,153,18.74,14.65,24.61,231.63,0.75,79.09,2.52
2003,154,19.41,14.52,25.69,207.45,1.13,78.3,2.27
2003,155,19.49,15.17,26.05,191.6,0.57,77.82,2.6
2003,156,19.4,14.9,25.65,207.45,0.82,77.68,2.5
2003,157,19.39,14.62,25.65,193.22,0.28,77.01,2.33
2003,158,19.41,15.1,25.2,142.89,1.82,80.8,2.43
2003,159,19.52,15.81,25.33,182.81,1.47,80.64,2.56
2003,160,19.81,15.35,25.94,171.58,1.02,78.14,2.1
2003,161,19.22,13.91,26.13,251.99,0.45,72.38,2.05
2003,162,17.99,11.75,25.77,277.8,0.03,65.77,2.16
2003,163,17.91,12.44,24.78,233.71,0.9,75.7,2.35
2003,164,18.22,13.49,24.93,205.71,0.27,73.73,2.48
2003,165,18.26,12.28,25.67,220.29,0.08,68.33,2.16
2003,166,18.16,13.5,24.06,133.29,0.38,75.68,2.29
2003,167,17.69,14.62,22.99,120.33,1,79.85,2.59
2003,168,18.39,13.8,24.84,117.44,0.26,73.54,2.39
2003,169,18.08,13.05,24.85,141.15,0.05,69.66,2.41
2003,170,17.9,11.61,25.61,199.12,0.34,69.05,2.8
2003,171,18.72,13.46,25.51,166.15,0.35,74.02,3.18
2003,172,18.8,13.85,25.45,226.54,0.17,72.8,3.46
2003,173,18.38,12.49,25.12,220.29,0.3,71.04,3.52
2003,174,18.86,13.84,25.78,219.95,0.23,76.19,3.95
2003,175,18.63,13.34,25.55,200.39,0.1,72.53,3.62
2003,176,18.44,13.11,25.48,193.22,0.08,68.35,3.1
2003,177,17.88,13.09,23.61,133.75,0.09,72.93,2.61
2003,178,18.29,13.41,24.94,139.07,0.35,74.16,2.55
2003,179,18.49,13.94,25.24,145.32,0.4,71.31,2.87
2003,180,18.32,13.61,25.43,157.47,0.16,69.84,3.05
2003,181,18.33,13.11,25.96,207.8,0.39,68.51,3.08
2003,182,18.74,12.64,26.46,211.62,0.34,66.59,2.88
2003,183,19.08,13.84,26.48,228.62,0.52,67.78,2.79
2003,184,19.04,12.81,27.06,242.39,0.59,66.68,3.09
2003,185,19.14,14.11,25.9,207.8,0.58,69.8,2.5
2003,186,18.85,14.32,25.16,60.86,1.18,71.02,2.53
2003,187,17.72,12.75,24.19,57.5,0.51,67.12,2.66
2003,188,17.12,10.22,24.93,181.65,0.02,60.13,3.04
2003,189,16.92,10.6,25.14,133.29,0,56.74,2.92
2003,190,17.67,10.26,26.11,230.36,0.01,58.95,3.5
2003,191,18.03,11.7,25.65,70,0.57,71.08,3.61
2003,192,18.37,13.19,25.08,145.78,0.4,68.66,3.86
2003,193,18.4,12.85,25.97,155.73,0.13,65.83,3.22
2003,194,18.86,12.27,26.68,178.29,0.05,59.37,3.69
2003,195,18.82,13.42,26.15,173.67,0.18,64.89,3.3
2003,196,18.52,13.63,25.66,109.11,0.14,64.1,2.92
2003,197,18.17,12.71,25.65,134.1,0.14,63.12,2.77
2003,198,18.16,12.23,26.55,111.65,0.09,61.94,2.38
2003,199,18.7,12.64,26.16,158.74,0.33,62.48,2.47
2003,200,19.83,13.79,28.3,264.49,0.1,59.75,2.9
2003,201,20.29,13.79,28.19,202.48,0.2,60.86,2.16
2003,202,20.27,14.53,27.99,245.75,0.12,61.39,3.37
2003,203,20.16,14.27,28.06,184.89,0.05,61.37,2.9
2003,204,19.32,12.47,28.24,276.52,0.01,54.63,2.79
2003,205,18.95,12.3,27.88,170.77,0.02,56.96,2.24
2003,206,19.39,12.56,27.83,154.92,0.07,57.56,2.18
2003,207,19.31,13.5,26.68,173.32,0.17,61.27,2.53
2003,208,19.43,13.39,27.65,169.15,0.13,60.23,2.43
2003,209,19.65,12.86,28.15,116.16,0.17,60.94,2.41
2003,210,20.14,13.69,28.71,273.28,0.15,59.8,2.17
2003,211,19.64,12.79,29.01,193.22,0.22,52.92,2.19
2003,212,18.74,11.51,28.28,142.89,0.03,50.46,2.87
2003,213,18.87,12.54,27.76,105.75,0.58,56.52,2.85
2003,214,18.6,12.52,25.56,192.87,0.21,61.04,2.43
2003,215,18.44,13.22,25.74,84.58,0.85,62.67,3.33
2003,216,17.8,13.03,24.8,80.76,0.76,66.79,3.54
2003,217,17.66,12.29,25.38,82.03,0.28,64.54,3.48
2003,218,17.9,12,26.14,86.66,0.17,60.46,3.52
2003,219,18.13,11.08,26.71,186.97,0,49.67,3.19
2003,220,18.63,11.67,26.87,197.38,1.02,64.51,4.1
2003,221,19.46,14.1,26.94,163.72,0.7,66.98,4.4
2003,222,19.51,13.76,27,132.48,0.95,65.19,3.64
2003,223,19.44,13.64,26.84,148.33,1.12,64.26,3.21
2003,224,19.79,13.79,27.82,172.05,0.44,62.58,2.97
2003,225,20.2,13.83,28.08,233.25,1.03,60.4,2.31
2003,226,21.12,13.6,30.74,290.75,2.08,57.36,2.93
2003,227,20.47,14.14,28.87,241.58,2.81,59.51,2.4
2003,228,20.27,13.27,29.34,199.93,0.47,53.95,2.35
2003,229,19.87,12.4,28.36,226.19,0.75,53.44,2.12
2003,230,20.03,13.46,27.75,160.82,0.52,58.44,2.5
2003,231,20.04,13.82,27.91,244.47,0.2,57.71,3.2
2003,232,20.64,14.16,28.35,179.1,1.01,60.43,2.87
2003,233,20.28,15.2,27.02,148.67,3.62,66.02,3.36
2003,234,19.39,14.21,25.98,84.58,0.7,62.29,3.94
2003,235,19.53,13.72,27.02,157,0.21,58.23,3.52
2003,236,19.27,12.73,25.93,197.04,0.44,60.25,2.53
2003,237,20.55,14.18,28.63,192.41,2.02,61.34,2.29
2003,238,20.78,14.52,28.8,229.9,3.43,65.26,2.04
2003,239,18.9,15.12,23.83,181.65,2.84,71.73,2.39
2003,240,19.09,12.8,28.04,307.76,0.14,48.25,3.58
2003,241,18.57,10.67,28.17,326.16,0,49.44,2.79
2003,242,19.33,12.28,28.42,294.46,0.09,52.45,2.87
2003,243,19.39,11.41,28.45,272.01,0.02,53.52,3.35
2003,244,19.84,13.55,28.33,156.2,0.27,57.29,4.65
2003,245,19.29,13.63,26.57,164.99,0.49,63.39,4.68
2003,246,19.3,12.38,27.57,167.07,0.22,58.7,4.47
2003,247,20.4,13.37,29.35,268.66,0.3,58.58,3.97
2003,248,21.17,13.98,29.95,261.94,0.21,55.36,3.29
2003,249,22.05,14.17,31.41,256.62,0.3,51.52,3.13
2003,250,20.79,15.15,28.44,171.58,1.99,61.95,3.86
2003,251,20.53,14.55,28.05,191.14,0.13,55.86,3.64
2003,252,20.21,13.27,28.65,237.88,0.15,54.65,3.84
2003,253,20.03,13.51,27.25,196.57,0.36,56.66,3.34
2003,254,21.54,14.33,29.65,242.39,0.46,55.1,3.62
2003,255,21.66,15.2,29.59,206.99,0.46,54.11,4.37
2003,256,21.86,14.87,30.3,262.87,0.73,52.43,3.56
2003,257,21.48,15.43,29.02,218.67,0.35,50.81,3.77
2003,258,21.05,14.06,29.09,259.05,0.09,46.87,3.75
2003,259,20.69,14.46,28.41,200.39,0.76,57.46,4.67
2003,260,20.45,14.83,28.2,164.53,2.52,63.99,5.04
2003,261,20.31,14.12,28.58,202.01,0.57,64.29,4.9
2003,262,20.63,14.01,28.68,251.18,0.17,59.52,4.95
2003,263,21.17,13.01,30.17,308.69,0.09,52.71,4.55
2003,264,21.61,15.34,29.72,288.21,0.9,59.29,4.61
2003,265,21.99,15.47,30.67,267.38,0.21,52.75,4.44
2003,266,21.79,15.08,30.8,301.17,0.04,50.93,4.49
2003,267,21.29,13.47,29.9,291.56,0.08,52.85,4.28
2003,268,21.61,14.85,30.34,241.12,0.09,53.3,4.61
2003,269,21.17,13.6,30.21,280.69,0.01,48.07,4.83
2003,270,20.84,12.53,29.65,265.3,0.09,50.46,4.76
2003,271,21.02,13.85,29.97,247.02,0.3,52.58,4.89
2003,272,21.2,13.78,29.82,310.31,0.19,51.6,4.47
2003,273,20.64,13.91,29.13,124.96,0.19,53.79,4.65
2003,274,20.48,13.56,28.51,185.81,0.12,54.96,4.15
2003,275,20.5,14.63,27.73,161.17,0.77,60.87,4.37
2003,276,20.88,15.21,28.05,202.48,1.64,62.13,4.1
2003,277,21.1,15.64,28.61,213.24,1.79,59.52,4.45
2003,278,21.41,14.65,29.87,256.97,0.24,55.42,4.42
2003,279,22.03,14.72,30.99,288.21,0.12,50.55,4.13
2003,280,22.46,15.64,31.43,277.45,0.26,54.27,4.44
2003,281,22.24,15.34,31.16,291.1,0.25,51.6,3.97
2003,282,21.56,14.2,31.3,264.03,0.12,45.91,3.86
2003,283,21.33,12.81,31.63,317.37,0,40,3.95
2003,284,21.89,14.27,31.69,297,0.06,45.39,3.71
2003,285,22.95,14.76,32.42,276.18,0.08,44.89,2.9
2003,286,22.06,14.04,30.58,234.87,0,41.29,3.49
2003,287,22.27,14.33,31.51,336.11,0,47.21,3.76
2003,288,22.74,15.34,31.38,308.22,0.07,48.04,3.73
2003,289,23.05,15.41,31.79,291.1,0.61,52.99,4.01
2003,290,23.06,17.26,30.93,218.21,2.65,59.56,4.38
2003,291,22.06,17.13,28.42,217.86,1.05,63.71,4.35
2003,292,22.22,16.6,29.96,244.94,1.24,55.59,4.69
2003,293,21.77,15.56,29.95,236.61,0.77,55.65,4.68
2003,294,21.84,15.43,30.2,225.73,2.35,58.76,4.78
2003,295,21.37,16.51,28.72,194.14,6.29,67.44,5.01
2003,296,20.89,14.11,29.17,212.89,2.59,62.08,4.8
2003,297,20.87,16.04,28.01,149.14,9.13,70.17,4.9
2003,298,21.17,15.58,28.77,219.95,4.4,68.47,4.28
2003,299,21.19,16.44,28.27,208.72,3.09,70.11,4.01
2003,300,21.41,16.09,28.81,249.91,2.63,66.9,4.36
2003,301,20.68,14.77,28.18,170.31,3.47,69.46,4.73
2003,302,20.42,15.37,27.5,117.9,3.12,71.46,4.48
2003,303,20.58,16.12,27,180.72,2.54,73.2,4.47
2003,304,20.88,16.38,27.55,168.69,4.88,72.56,4.06
2003,305,20.68,16.58,26.72,229.9,5.02,74.23,3.85
2003,306,20.13,17.18,25.2,152.49,4.13,77.59,3.47
2003,307,20.55,16.63,26.86,198.31,1.6,74.37,4.05
2003,308,20.54,16.65,26.47,164.99,1.02,73.13,4.6
2003,309,20.79,16.21,27.46,192.06,3.51,72.15,4.65
2003,310,20.83,16.08,27.58,208.26,2.73,72.1,4.5
2003,311,21.94,16.07,29.94,294.46,0.76,64.29,4.06
2003,312,21.74,15.98,29.94,251.18,0.25,59.4,4.01
2003,313,21.68,15.49,29.55,321.18,0.66,63.86,3.51
2003,314,21.54,16.07,29.14,220.29,0.61,65.9,4.11
2003,315,21.53,15.93,29.9,271.55,0.36,61,4.26
2003,316,21.28,15.28,29.33,244.94,1.99,64.81,3.91
2003,317,21.95,16.54,29.46,235.33,3.3,66.8,3.54
2003,318,21.66,17.03,28.63,199.47,4.77,70.22,3.84
2003,319,21.37,15,29.81,214.51,2.65,57.59,3.31
2003,320,21.06,14.71,29.41,280.34,0.96,62.52,3.47
2003,321,21.39,15.29,29.83,244.13,1.29,60.71,3.78
2003,322,21.26,14.98,29.91,291.1,1.04,58.42,3.87
2003,323,21.21,15.32,28.93,206.64,2.13,65.51,3.95
2003,324,21.37,16.27,28.78,146.59,5.75,68.26,4.13
2003,325,20.96,16.51,27.74,163.25,6.85,73.37,4.3
2003,326,20.84,16.66,27.34,140,3.05,75.03,4.12
2003,327,21.11,16.93,27.37,214.97,2.63,71.44,3.53
2003,328,21.19,15.84,28.55,229.9,5.18,70.89,3.32
2003,329,21.05,16.87,27.43,245.28,3.33,74.73,4.27
2003,330,21.14,16.76,27.56,242.39,4.56,75.11,4.26
2003,331,21.39,17.14,27.74,228.62,2.79,74.26,4.16
2003,332,21.6,16.86,28.36,246.21,2.12,72.13,3.55
2003,333,21.68,17.07,28.78,221.57,1.68,71.25,3.97
2003,334,21.44,16.48,29.18,236.14,1.63,67.42,3.6
2003,335,21.4,16.47,28.49,222.38,2.58,71.71,3.79
2003,336,21.23,16.69,27.85,203.28,3.71,74.12,4.3
2003,337,21.4,16.95,27.91,244.13,2.16,73.3,4.34
2003,338,21.67,16.47,28.94,194.14,1.08,69.57,3.65
2003,339,21.75,16.32,29.03,223.3,1.64,69.39,3.58
2003,340,21.84,16.07,29.94,232.44,0.59,62.27,3.09
2003,341,22.13,16.09,30.11,237.88,0.97,64.12,2.92
2003,342,21.99,16.34,29.62,239.04,1,66.87,3.68
2003,343,20.86,17.35,26.2,134.56,1.97,77.32,3.97
2003,344,20.93,15.78,28.54,182.81,5.72,70.83,3.96
2003,345,20.12,15.6,25.94,289.94,4.23,77.43,4.02
2003,346,20.77,16.12,27.33,265.76,0.42,71.49,4.32
2003,347,19.86,13.76,27.88,300.7,0.19,56.36,4.27
2003,348,19.53,13.48,27.99,319.1,0.02,56.1,4.62
2003,349,19.33,12.01,28.3,317.02,0.01,54.99,4.21
2003,350,19.72,12.01,28.93,316.56,0.09,52.12,4.02
2003,351,20.64,12.78,30.23,301.98,0.91,54.18,3.32
2003,352,21.05,14.21,29.55,278.26,2.02,62.63,3.58
2003,353,21.48,15.59,29.59,255.7,1.16,64.77,3.9
2003,354,21.7,15.95,29.54,253.27,1.15,65.53,3.8
2003,355,21.61,15.87,29.24,265.3,1.65,66.6,4.27
2003,356,21.69,16.49,28.92,268.19,0.71,65.95,4.61
2003,357,21.25,15.31,28.72,255.7,0.44,65.87,4.85
2003,358,20.65,15,28.6,274.9,0.21,60.62,4.96
2003,359,20.24,12.57,29.18,318.64,0.01,51.79,4.47
2003,360,21.08,13.32,30.76,318.18,0.1,44.7,3.67
2003,361,21.12,13.3,30.83,316.09,0.14,41.63,3.84
2003,362,20.67,13.03,30.41,301.51,0.13,46.16,3.94
2003,363,20.54,12.79,29.81,307.41,0.12,47.38,4.43
2003,364,20.75,13.22,29.03,264.95,0.41,59.83,4.7
2003,365,21.8,16.06,29.43,172.86,0.57,66.15,4.61
2004,1,21.95,17.02,29.34,197.04,2.08,66.68,4.83
2004,2,22.31,16.87,30.17,249.1,2.13,65.42,4.7
2004,3,22.1,17.37,29.24,228.62,2.01,70.28,4.24
2004,4,21.11,17.57,27.3,214.51,4.12,74.45,4.17
2004,5,21.41,17.01,28.16,227.81,1.33,71.54,4.46
2004,6,21.73,16.78,29.07,246.21,0.4,70.8,4.51
2004,7,21.51,16.5,28.61,212.43,0.72,66.16,4.41
2004,8,21.86,16.03,29.15,228.62,1.04,65.99,4.15
2004,9,21.82,16.76,29.25,254.89,2.66,68.97,4.37
2004,10,22.16,15.51,30.28,305.68,0.68,61.56,4.14
2004,11,22.65,17.63,29.81,227.47,0.81,59.73,4.89
2004,12,22.23,15.61,30.31,259.52,0.4,62.24,4.65
2004,13,22.06,17.31,29.37,197.04,3.71,70.26,4.21
2004,14,21.47,17.54,27.54,155.39,4.47,75.23,2.22
2004,15,21.36,17.43,27.65,205.71,14.39,77.52,2.24
2004,16,20.52,17.92,25.33,102.86,8.21,82.05,3.6
2004,17,21.47,17.03,28.04,228.62,2.15,74.69,3.96
2004,18,21.77,17.16,28.64,256.97,2.82,72.83,4.25
2004,19,21.73,16.8,29.13,307.76,0.27,67.83,4.04
2004,20,22.09,15.65,30.61,322.34,0.73,62.1,3.94
2004,21,21.7,15.72,29.58,278.26,0.26,66.21,3.63
2004,22,22.06,15.36,30.51,323.27,0.14,60.37,2.92
2004,23,22.95,15.09,32.14,304.06,2.31,55.1,2.06
2004,24,21.97,16.78,29,227,3.95,67.31,2.09
2004,25,22.63,16.97,30.65,279.07,0.05,64.6,2.97
2004,26,22.42,17.16,29.79,289.02,0.03,63.99,3.92
2004,27,22.44,15.73,30.92,311.12,0.02,58.53,3.76
2004,28,22.49,14.11,32.13,325.7,0,49.39,3.44
2004,29,22.87,15.91,31.69,263.68,0.01,49.44,3.69
2004,30,22.56,16.08,31.16,263.68,0.04,53.92,3.5
2004,31,21.86,15.98,30.13,272.36,1.32,57.05,3.38
2004,32,22.48,17.17,30.57,297.35,2.12,57.95,2.04
2004,33,22.55,17.01,29.6,220.76,4.87,61.82,1.58
2004,34,22.35,17.32,29.51,224.46,4.28,66.59,1.76
2004,35,21.14,18.12,26.02,239.04,9.05,77.95,0.81
2004,36,22.45,16.89,31.08,248.64,1.6,61.25,2.31
2004,37,22.77,16.32,30.81,271.2,1.48,59.35,2.98
2004,38,21.85,16.46,29.12,247.02,1.69,66.4,3.83
2004,39,21.46,15.88,29.15,230.71,1.81,69.23,4.78
2004,40,21.13,16.94,27.74,156.2,0.99,73.17,5.66
2004,41,21.27,16.69,28.31,217.4,0.13,67.78,5.46
2004,42,21.32,16.03,28.97,200.74,0.07,64.25,4.85
2004,43,21.16,14.31,29.54,296.54,0.06,59.22,4.35
2004,44,21.9,14.23,30.46,306.95,0.07,55.96,3.81
2004,45,22.56,15.63,30.68,314.47,0.5,59.53,3.33
2004,46,22.31,16.71,29.93,251.53,3.35,66.24,3.08
2004,47,22.25,16.99,29.77,224.11,2.23,65.05,3.96
2004,48,22.55,16.7,30.48,239.5,1.14,62.31,3.2
2004,49,22.77,16.58,30.62,284.85,1.39,62.5,2.99
2004,50,22.72,17.41,30.84,255.7,2.32,64.4,4.17
2004,51,22.29,16.84,30.47,278.26,1.3,62.11,3.97
2004,52,22.29,15.82,30.88,321.99,2.06,58.83,3.65
2004,53,22.08,16.11,30.3,200.74,7.48,62.62,3.17
2004,54,21.33,16.41,28.37,226.19,2.72,68.03,3.46
2004,55,21.37,16.87,27.89,184.08,1.92,67.95,3.76
2004,56,21.76,16.38,29.7,278.61,0.86,61.59,4.06
2004,57,21.83,14.98,29.55,296.54,0.4,58.21,3.67
2004,58,22.23,16.01,30.56,267.04,1.38,63.13,3.24
2004,59,22.66,16.14,30.34,256.16,0.5,60.33,2.97
2004,60,22.75,16.13,31.3,269.12,1.07,56.98,3.17
2004,61,22.39,16.02,30.24,317.37,1.11,57.91,4.17
2004,62,22.42,15.64,30.66,304.87,0.18,52.93,4.46
2004,63,22.78,15.83,31.3,297.35,0.01,54.2,4.53
2004,64,22.88,15.16,32.34,324.08,0.04,49.93,4.07
2004,65,23.16,15,32.81,332.75,0,44.28,3.37
2004,66,24.5,16.16,34.07,325.35,0.17,40.32,3.14
2004,67,24.4,17.88,33.14,233.71,2.64,42.57,1.9
2004,68,23.07,17.12,31.49,279.53,2.32,49.48,3.16
2004,69,22.23,16.86,29.79,231.98,3.62,63.71,3.51
2004,70,22.63,16.58,30.59,207.45,1.44,62.21,2.9
2004,71,20.94,17.58,26.5,214.97,1.07,75.66,1.16
2004,72,21.68,16.63,28.43,163.72,1.5,64.48,2.39
2004,73,22.01,18.13,28.36,294.92,2.57,68.7,3.09
2004,74,21.73,16.56,29.45,278.26,1.51,61.44,3.93
2004,75,21.57,15.04,31.04,294.11,0.51,54.56,3.7
2004,76,21.7,13.53,31.42,316.56,0.24,50.98,3.17
2004,77,22.86,15.25,31.64,270.28,0.13,55.58,3.39
2004,78,23.65,17.09,31.75,247.37,0.14,57.57,4.07
2004,79,23.64,17.11,31.63,240.31,0.35,54.7,4.09
2004,80,23.36,17.06,31.14,268.19,0.25,59.09,4.36
2004,81,23.7,17.1,32.03,316.56,0.34,54.58,4.21
2004,82,23.75,17.46,32.24,292.03,0.77,56.53,4.35
2004,83,23.87,17.57,32.35,269.47,0.31,55.05,4.33
2004,84,23.6,17.38,31.68,239.04,0.29,56.71,4.05
2004,85,24.23,17.41,32.35,267.04,0.2,54.7,3.58
2004,86,24.15,17.99,31.92,198.66,1.15,57.55,3.48
2004,87,22.97,18.23,28.9,216.59,0.83,62.08,3.35
2004,88,23.07,17.85,31.13,197.38,2.85,63.02,4.5
2004,89,22.85,18.04,30.55,197.04,2.33,67.9,4.41
2004,90,22.77,17.76,30.2,244.94,1.59,66.32,3.76
2004,91,22.41,18.23,29.32,245.75,4.1,69.48,3.7
2004,92,21.74,17.59,28.61,162.44,2.58,69.26,2.89
2004,93,22.24,17.37,30.19,216.59,1.5,67.44,3.9
2004,94,22.45,17.55,30.42,195.3,0.72,61.07,3.94
2004,95,22.52,16.81,30.77,247.37,1.01,61.19,3.9
2004,96,22.41,16.59,30.64,244.47,2.09,62.71,3.63
2004,97,23.18,16.83,31.73,218.21,0.54,58.19,3.57
2004,98,22.31,17.41,29.79,217.4,2.19,66.83,3.88
2004,99,22.57,17.22,30.26,204.09,1.64,64.18,3.71
2004,100,22.45,17.71,30.05,179.57,7.09,68.7,3.39
2004,101,21.76,17.78,27.9,166.61,28.55,74.75,2.72
2004,102,21.51,17.98,27.61,222.03,8.35,77.06,3.01
2004,103,21.17,17.51,27.5,189.05,6.37,76.7,2.95
2004,104,20.95,17.05,27.35,164.06,4.24,75.15,4.27
2004,105,21.01,16.26,28.13,185.81,2.87,67.96,4.26
2004,106,20.92,15.79,28.55,214.97,0.85,64.55,4.11
2004,107,20.96,15.85,28.88,235.33,0.87,64.71,3.84
2004,108,21.68,15.66,29.93,251.99,0.44,61.84,3.18
2004,109,22.55,16.67,30.51,289.94,1.04,64.23,2.73
2004,110,22.31,16.42,29.99,247.37,0.76,66.87,3.44
2004,111,21.65,16.95,28.53,272.36,2.7,72.78,3.6
2004,112,20.91,15.48,27.37,231.98,3.2,72.69,2.77
2004,113,21.99,16.25,29.55,313.2,1.44,67.95,2.72
2004,114,22.35,17.17,30.02,253.61,1.36,69.33,3.35
2004,115,21.19,16.39,28.16,203.63,8.8,74.77,3.51
2004,116,21.34,16.88,28.6,170.31,2.01,68.47,3.26
2004,117,21.73,16.26,29.05,229.09,2.21,70.59,2.77
2004,118,20.86,16.78,27.23,198.66,7.22,76.23,4.57
2004,119,20.71,15.86,27.65,197.04,3.21,71.99,3.51
2004,120,20.65,15.68,27.83,192.06,1.27,69.76,2.21
2004,121,19.93,15.6,25.68,152.03,2.79,73.31,2.3
2004,122,20.35,15.44,26.94,116.63,2.68,72.45,2.14
2004,123,20.66,15.64,27.2,138.26,3.2,72.69,1.9
2004,124,20.28,16.26,26.06,62.94,5.4,76.79,1.61
2004,125,20.58,16.52,26.71,159.9,5.68,75.27,1.8
2004,126,20.91,16.2,27.82,212.43,4.08,74.68,2.25
2004,127,21.03,16.03,27.84,154.92,0.5,70.47,1.66
2004,128,20.89,15.36,28,194.49,0.98,70,1.6
2004,129,21.35,14.56,28.71,252.8,0.9,67.5,0.74
2004,130,21.71,16.68,28.27,260.79,0.61,69.53,1.03
2004,131,20.52,16.83,26.24,256.62,1.28,73.9,1.98
2004,132,21.67,16.29,28.69,262.41,0.34,66.4,1.42
2004,133,21.32,15.99,28.42,197.85,0.1,67.21,2.28
2004,134,21.58,14.99,29.33,225.73,0.11,64.56,2.51
2004,135,21.75,16.22,28.87,210.81,0.21,66.81,2.96
2004,136,21.56,16.07,28.57,201.55,0.1,66.5,2.86
2004,137,21.56,16.07,29.06,227.47,0.39,66.12,2.66
2004,138,21.43,15.49,29.04,285.32,0.23,64.9,2.95
2004,139,21.01,15.77,28.38,181.65,0.56,67.74,3.41
2004,140,20.82,14.86,29.11,254.08,0.31,61.95,2.88
2004,141,20.71,14.62,28.84,261.6,0.03,62.09,2.96
2004,142,20.07,14.47,28.05,254.89,0.13,61.54,2.96
2004,143,19.69,12.9,28.39,237.42,0.04,57.19,3.07
2004,144,19.99,14.34,27.81,178.29,0.08,62.84,2.72
2004,145,20.13,13.84,28.74,220.29,0.03,57.98,2.32
2004,146,19.82,13.38,27.3,190.79,0.02,62,2.65
2004,147,20.23,12.89,29.4,255.7,0.02,51.35,3.04
2004,148,20.13,13.25,28.78,228.62,1.39,65.36,3.03
2004,149,20.33,15.55,27.12,182.46,0.29,65.01,3.72
2004,150,19.85,14.29,27.3,167.88,0.25,60.71,2.73
2004,151,19.89,12.56,28.1,142.43,0.13,59.44,2.09
2004,152,19.98,14.89,27.22,186.97,0.59,65.89,3.55
2004,153,19.97,14.25,27.74,180.72,0.18,64.19,3
2004,154,19.63,14.11,27.22,179.91,0.09,60.42,3.07
2004,155,19.18,12.17,28.4,201.2,0,52.2,2.7
2004,156,18.73,10.72,28.11,251.99,0,50.32,2.83
2004,157,18.54,11.66,27.59,219.95,0,52.19,2.92
2004,158,18.75,10.72,27.5,229.09,0.12,57.19,3.59
2004,159,19.36,13.97,25.38,159.09,0.48,68.88,3.35
2004,160,19.99,14.2,27.18,166.15,0.2,64.65,3.41
2004,161,20.18,13.69,28.99,272.01,0.07,54.37,3.54
2004,162,19.94,13.77,27.95,215.32,0.12,58.67,3.9
2004,163,20.07,14.75,27.39,169.15,0.12,58.27,3.86
2004,164,20.33,12.44,29.47,266.57,0,50.13,2.58
2004,165,20.51,13.38,29.48,286.13,0,51.25,2.25
2004,166,20.59,13.27,29.27,220.29,0.07,52.52,1.78
2004,167,19.53,14.33,26.91,229.09,2.2,66.41,2.4
2004,168,19.11,14.4,26.14,132.48,2.32,69.96,3.06
2004,169,19.04,13.8,25.91,131.67,0.29,65.11,2.95
2004,170,19.31,11.78,27.01,154.58,0.06,54.64,2.6
2004,171,19.41,12.87,26.83,103.67,0.05,56.47,2.72
2004,172,18.46,13.3,25.21,63.29,0.05,59.5,2.59
2004,173,18.54,11.04,27.33,168.69,0,54.56,3.3
2004,174,18.96,11.35,27.53,193.68,0.74,62.57,3.81
2004,175,19.01,13.46,26.29,125.77,0.41,67.29,4.05
2004,176,19.49,13.45,27.41,123.34,0.25,58.75,3.91
2004,177,18.98,13.65,26.45,144.97,0.51,64.54,4.26
2004,178,18.72,12.14,26.5,181.19,0.33,62.89,4.09
2004,179,18.72,11.4,27.11,154.92,0.93,64.45,3.95
2004,180,18.77,13.26,26.6,149.95,0.62,64.36,4.33
2004,181,18.39,12.18,26.28,171.58,0.58,61.65,4.27
2004,182,18.35,11.43,26.47,105.4,0.14,59.18,3.97
2004,183,18.7,12.59,26.85,199.12,0.07,56.42,3.84
2004,184,18.42,11,27.36,137.91,0.05,55.76,3.44
2004,185,18.9,11.88,28.1,273.28,0.01,48.54,3.12
2004,186,18.53,11.31,28.23,214.05,0.01,48.72,2.63
2004,187,19.29,11.41,29.2,286.13,0.01,49.46,2.2
2004,188,18.98,11.01,28.51,269.12,0.05,48.9,2.69
2004,189,19.16,11.65,28.09,206.64,0.01,48.89,2.54
2004,190,18.21,10.75,26.75,193.22,0.02,50.87,2.6
2004,191,18.52,10.73,27.25,135.83,0.01,53.45,2.88
2004,192,19.05,12.57,27.39,91.63,0.01,55.81,2.65
2004,193,19.47,12.11,28.96,210.34,0.01,50.46,2.41
2004,194,18.97,11.43,27.54,265.3,0.01,51.13,2.9
2004,195,19.61,12.75,28.63,252.46,0.02,54.42,2.82
2004,196,19.75,12.46,29.19,281.15,0,53.47,3.41
2004,197,19.5,13.37,27.92,180.72,0.07,54.11,3.4
2004,198,19.25,11.43,28.4,222.84,0.04,45.82,3.08
2004,199,19.48,11.16,28.23,235.8,0.07,54.03,3.56
2004,200,19.98,14.55,27.46,208.72,2.45,64.22,4.07
2004,201,19.32,13.87,26.84,150.76,0.68,62.99,4.07
2004,202,19.46,13.26,27.39,135.83,0.38,60.28,3.4
2004,203,19.43,13.53,26.66,163.25,0.69,61.33,2.66
2004,204,19.44,13.75,26.98,179.91,0.27,57.06,3.28
2004,205,19.4,11.37,28.26,264.03,0.01,52.36,3.73
2004,206,19.81,13.73,27.74,236.95,1.98,59.72,3.5
2004,207,20.01,12.84,28.98,248.29,0.06,56.24,3.09
2004,208,20.34,13.87,29.35,228.28,0.08,53.14,3.23
2004,209,20.16,12.94,29.79,291.1,0,45.9,2.85
2004,210,20.26,12.56,29.81,298.27,0.02,51.01,2.43
2004,211,20.59,14.14,28.58,277.45,0.31,53.09,2.43
2004,212,19.96,12.31,29.24,288.67,0.32,48.52,2.15
2004,213,20.39,12.25,30.28,286.59,0.05,46.71,2.57
2004,214,19.96,12.78,28.05,228.62,0.02,53.23,3.18
2004,215,19.76,14.26,27.25,154.11,0.11,60.36,4.25
2004,216,20.02,13.2,28.52,244.47,0.04,50.9,4.04
2004,217,19.77,13.41,28.26,168.69,0.07,54.07,4.01
2004,218,19.69,13.1,28.15,131.2,0.09,55.81,3.95
2004,219,19.59,13.55,27.8,108.3,0.2,52.86,3.51
2004,220,19.72,11.59,28.89,286.13,0.03,42.15,2.65
2004,221,19.53,12.66,28.61,180.72,0.09,52.1,3.12
2004,222,19.6,12.15,28.84,239.04,0.33,49.75,2.93
2004,223,20.41,12.94,28.85,254.08,0.63,54.31,2.59
2004,224,20.38,14.7,27.99,172.05,2.37,60.25,3.22
2004,225,20.35,14.15,28.73,111.65,0.24,56.87,3.57
2004,226,20.13,13.86,28.59,172.39,0.05,55.93,3.78
2004,227,20.35,13.71,28.79,243.2,0.16,58.99,3.87
2004,228,20.75,13.97,29.74,182.81,0.19,54.64,3.46
2004,229,21.07,13.82,30.63,204.56,0.04,51.48,3.15
2004,230,20.64,13.84,28.96,231.17,0.03,53.13,3.31
2004,231,19.77,13.94,28.45,173.67,0.05,47.07,3.85
2004,232,19.24,12.21,28.13,251.18,0.02,48.66,4.15
2004,233,19.77,13.13,28.14,177.48,0.18,56.38,3.63
2004,234,19.93,13.37,28.33,152.03,0.18,54.25,3.14
2004,235,19.51,13.35,27.13,165.34,0.5,58.34,3.39
2004,236,20.2,12.36,29.23,194.95,0.03,50.1,3.69
2004,237,20.01,11.74,29.82,281.15,0,45.44,3.56
2004,238,19.97,11.82,29.72,276.18,0.01,44.14,3.13
2004,239,20.03,11.45,29.62,319.91,0.04,46.45,2.95
2004,240,20.17,13.55,29.15,258.71,0.04,51.59,4.16
2004,241,19.59,13.45,27.66,150.76,0.17,57.72,4.34
2004,242,19.96,12.92,28.74,220.76,0.02,50.14,3.97
2004,243,19.97,11.86,29.47,279.88,0.05,49.09,3.86
2004,244,20.7,13.29,29.74,247.83,0.04,50.38,3.74
2004,245,21.11,13.99,29.38,255.35,0.21,53.86,2.76
2004,246,21.96,14.65,30.48,244.94,0.26,51.01,2.8
2004,247,21.46,15.06,30.09,299.89,1.07,51.8,3.42
2004,248,21.86,15.1,30.19,295.73,0.32,51.26,3.74
2004,249,22.24,14.46,31.48,284.04,0.05,48.48,3.43
2004,250,22.23,15.18,30.97,276.18,1.06,53.27,3.89
2004,251,21.54,14.99,30.35,267.38,0.6,52.1,4.52
2004,252,20.54,12.09,29.59,312.85,0.15,49.36,4.59
2004,253,20.89,14.12,29.74,311.93,0.24,52.93,4.62
2004,254,20.82,14.1,29.42,248.29,0.23,52.53,4.67
2004,255,20.68,14.05,29.85,195.76,0.32,51.79,4.89
2004,256,20.71,13.57,29.56,269.47,0.2,49.33,3.92
2004,257,20.22,14.9,27.1,178.29,1.32,57.5,4.42
2004,258,20.39,13.86,28.93,167.88,0.72,54.31,5.29
2004,259,19.86,13.92,27.58,150.41,3.08,61.93,5
2004,260,20.45,12.97,29.1,177.83,0.49,56.62,4.08
2004,261,21.12,14.25,30.03,224.46,1.2,56.88,4.13
2004,262,21.25,14.84,29.07,218.21,0.55,58.72,4.06
2004,263,21.57,14.97,29.59,282.42,0.19,56.66,3.96
2004,264,21.74,14.74,30.26,302.44,0.16,53.14,4.11
2004,265,21.05,15.01,29.06,232.44,0.22,57.05,4.45
2004,266,20.88,14.14,28.88,228.28,0.17,53.65,3.82
2004,267,20.65,14.65,27.94,219.95,0.44,56.23,3.96
2004,268,21.68,14.5,30.04,252.46,0.82,53.33,3.31
2004,269,21.51,14.7,29.03,256.97,2.86,56.35,2.2
2004,270,21.92,15.62,28.17,161.63,2.05,58.66,1.49
2004,271,21.53,15.71,29.03,234.52,3.76,61.96,3.03
2004,272,20.99,14.8,29.54,203.63,0.8,54.06,3.29
2004,273,20.89,12.33,30.38,321.18,0.03,47.98,2.85
2004,274,21.06,15.07,28.62,258.24,1.3,61.01,4.03
2004,275,20.73,15.22,28.15,194.49,1.11,61.97,4.69
2004,276,20.42,14.72,27.77,179.1,0.53,61.82,4.55
2004,277,20.57,14.12,28.72,211.15,0.23,57.53,4.91
2004,278,20.78,12.96,29.12,237.88,0.06,55.72,5
2004,279,21.11,13.79,29.03,268.66,0.32,60.03,4.6
2004,280,22.16,14.88,30.9,276.52,0.09,55.49,4.62
2004,281,22.01,16.05,29.8,219.48,0.64,60.34,4.6
2004,282,22.14,13.93,32.05,331.94,0.03,43.06,3.81
2004,283,22.23,13.82,32.56,339.46,0.01,39.84,3.62
2004,284,22.1,13.94,32.24,325.7,0,39.02,3.65
2004,285,21.75,13.89,31.19,299.08,0.07,49.14,4.26
2004,286,22.61,15.81,31.04,260.33,0.22,54.65,4.94
2004,287,22.43,15.84,30.72,240.77,0.75,55.55,5.21
2004,288,21.56,16,29.27,213.24,1.85,64.75,5.63
2004,289,20.87,16.37,27.78,197.04,5.05,69.84,5.61
2004,290,20.49,15.5,27.67,126.58,3.73,69.26,4.91
2004,291,21.08,14.49,29.12,234.87,1.05,61.63,4.82
2004,292,20.7,14.9,28.36,172.39,2.41,68.69,4.65
2004,293,20.88,14.86,28.84,182.46,0.45,59.01,4.45
2004,294,20.88,14.91,28.53,155.39,0.39,59.06,4.24
2004,295,20.75,14.83,27.59,194.49,0.32,63.63,4.2
2004,296,21.49,15.73,28.79,231.17,0.44,58.75,4.27
2004,297,21.96,15.68,30.11,217.86,0.5,58.5,4.09
2004,298,22.09,16.18,29.7,191.6,0.77,58.97,4.16
2004,299,22.21,15.76,30.54,208.26,0.36,55.59,4.06
2004,300,22.02,16.41,29.48,186.16,0.54,58.69,3.79
2004,301,21.4,15.71,28.81,204.56,1.91,63.23,4.01
2004,302,22.36,16.38,30.3,246.21,2.63,59.37,3.82
2004,303,22.76,16.1,31.45,243.2,1.05,55.26,3.34
2004,304,22.55,16.6,31.17,248.64,0.48,57.04,3.85
2004,305,22.76,16.37,31.79,279.88,0.64,48.47,3.87
2004,306,22.61,16.15,31.6,252.46,1.34,54.74,3.6
2004,307,22.42,15.82,30.71,223.65,0.63,54.48,4.06
2004,308,21.74,16.12,29.22,207.8,0.93,57.44,4.19
2004,309,21.61,16.28,29.61,204.9,2.07,65.1,4.41
2004,310,21.27,16.4,28.45,198.66,2.16,69.61,4.72
2004,311,21.24,15.49,29.28,221.22,1.31,63.8,4.76
2004,312,21.36,15.8,28.98,174.13,1.11,67.1,4.77
2004,313,21.39,15.89,28.64,186.97,0.86,65.04,4.27
2004,314,21.73,16.22,29.44,147.86,1.48,62.66,4.26
2004,315,22.03,16.52,29.84,234.87,2.1,63.76,4
2004,316,21.99,16.72,29.52,211.15,3.38,64.54,4.31
2004,317,21.4,16.74,28.39,239.96,9.03,71.63,4.59
2004,318,20.97,16.21,27.74,168.23,4.04,68.86,4.72
2004,319,21.15,16.25,28.71,184.89,4.03,66.9,4.15
2004,320,21.64,15.78,29.82,234.87,1.51,64.05,3.73
2004,321,22.05,16.03,30.19,238.69,1.6,62.62,3.58
2004,322,21.79,16.83,29.3,184.08,1.2,64.97,4.61
2004,323,21.1,15.89,28.45,132.01,2.75,65.04,4.06
2004,324,21.64,15.85,29.63,253.27,0.62,60.08,3.6
2004,325,21.51,16.07,29.01,257.43,1.83,62.21,3.29
2004,326,21.59,14.12,31.23,270.28,2.67,53.44,2.78
2004,327,22.11,15.97,30.65,220.29,4.72,61.79,3.08
2004,328,21.89,16.04,30.21,194.49,3.31,61.92,3.67
2004,329,21.71,16.69,29.35,182.46,4.98,68.5,3.94
2004,330,21.16,17.1,28,153.65,2.94,72.25,4.34
2004,331,21.51,16.01,29.53,236.95,1.11,64.96,3.82
2004,332,21.37,15.94,29.63,296.54,1.16,62.67,4.22
2004,333,21.28,15.62,29.27,254.89,0.35,62.27,4.22
2004,334,20.85,15.59,28.33,244.94,1.01,67.08,4.7
2004,335,20.99,16.21,28.24,167.42,1.49,69.22,4.87
2004,336,21.49,15.78,29.56,223.3,0.91,62.18,4.27
2004,337,21.12,15.78,28.74,226.19,2.07,67.32,4.5
2004,338,21.37,16.53,28.83,136.18,1.56,67.63,4.68
2004,339,21.18,16.38,28.45,160.82,2.41,70.47,4.36
2004,340,21.21,16.34,28.63,211.62,1.46,66.61,4.36
2004,341,21.04,16.13,28.45,196.23,3.69,72.61,4.79
2004,342,20.57,17.2,26.45,183.73,6.77,75.69,5.48
2004,343,20.69,16.94,27.24,175.75,2.96,74.47,4.85
2004,344,21.26,16.43,28.3,198.66,5.38,73.78,3.88
2004,345,21.64,17.18,28.55,178.29,2.52,72.91,4.2
2004,346,21.47,17,28.48,226.54,4.1,73.26,4.62
2004,347,21.28,16.22,28.83,246.21,1.15,68.17,4.62
2004,348,21.68,14.91,29.97,312.39,1.02,62.4,3.88
2004,349,21.78,16.88,29.26,249.1,2,68.51,3.5
2004,350,21.78,15.97,29.56,280.69,1.03,63.54,3.4
2004,351,21.83,15.6,29.64,226.54,4.93,65.74,3.28
2004,352,22.1,16.3,30.22,301.98,1.6,62.69,2.98
2004,353,21.54,14.87,29.02,237.42,0.59,62.5,4.14
2004,354,20.86,15.88,27.57,257.78,0.43,67.31,4.1
2004,355,22.26,15.32,30.44,302.79,0.16,60.89,4.01
2004,356,22.25,16.75,29.51,252.8,0.57,64.36,3.46
2004,357,22.21,16.41,29.51,263.68,1.95,64.31,3.38
2004,358,21.77,15.85,29.98,254.54,1.9,62.56,3.62
2004,359,21.7,16.58,29.4,274.44,3.71,66.85,3.72
2004,360,20.93,14.75,29.75,311.12,1.95,58.56,4.12
2004,361,20.99,13.86,30.29,319.1,1.31,54.65,4.07
2004,362,21.74,14.03,31.27,317.37,0.1,50.32,3.38
2004,363,22.13,14.91,30.83,314.47,0.67,50.37,3.52
2004,364,21.6,15.34,28.71,250.37,1.44,59.85,2.87
2004,365,21.52,16.99,28.23,194.95,1.31,66.68,3.3
2004,366,20.47,15,27.69,259.05,2.26,66.64,4.33
2005,1,20.05,12.79,30.04,330.67,0.04,39,3.91
2005,2,19.85,11.48,30.24,326.16,0,35.32,4.25
2005,3,20.8,11.82,31.87,321.18,0.01,30.9,3.59
2005,4,21.54,12.44,32.38,321.18,0.03,30.9,3.04
2005,5,22.27,14.4,32,314.01,0,40.2,2.73
2005,6,22.97,15.13,31.71,307.76,0.11,46.68,2.92
2005,7,23.48,16.12,31.56,314.01,0.03,48.03,3.08
2005,8,22.96,16.1,30.47,303.6,0.03,52.15,4.03
2005,9,22.59,15.8,30.52,257.78,0.29,53.27,4.63
2005,10,22.42,14.65,31.27,278.26,0.1,46.83,4.25
2005,11,22.64,15.06,31.29,296.54,0.33,52.01,4.14
2005,12,22.89,16.14,31.02,290.29,0.39,57.12,4.08
2005,13,22.36,16.88,29.8,230.36,0.74,62.37,4.98
2005,14,21.38,15.96,29.2,250.37,1.22,61.28,4.32
2005,15,21.84,14.89,30.36,288.67,0.38,54.11,4
2005,16,22.24,15.04,30.68,283.7,0.02,52.07,4.13
2005,17,22.39,14.93,30.74,268.66,0.02,52.5,4.25
2005,18,22.68,15.37,31.35,278.26,0.02,52.12,3.59
2005,19,23.07,15.54,31.43,282.42,0.03,50.4,3.14
2005,20,23,15.93,30.97,310.31,0.05,52.48,4.08
2005,21,22.05,16.25,29.74,303.25,0.39,55.3,5.37
2005,22,21.7,13.77,30.32,312.85,0.09,52.22,5.09
2005,23,23,15.7,31.52,296.54,0.09,50.11,3.67
2005,24,23.5,17.29,30.89,254.54,0.35,49.55,3.57
2005,25,23.44,16.43,31.67,284.04,1.39,52.54,3.85
2005,26,22.15,15.52,29.87,228.28,5.07,55.93,3.03
2005,27,22.35,16.61,30.44,271.55,2.76,57.46,3.71
2005,28,21.93,15.91,29.68,272.82,3.1,64.71,3.38
2005,29,22,17.11,29.25,232.44,3.76,68.11,2.82
2005,30,22.45,16.67,30.27,262.87,1.79,66.06,1.78
2005,31,22.19,17.85,28.55,224.92,1.3,68.54,2.6
2005,32,21.44,16.55,28.49,244.94,0.52,56.72,4.13
2005,33,21.1,14.05,29.62,327.78,0,45.47,3.95
2005,34,21.69,14.56,30.26,336.92,0.02,44.86,3.65
2005,35,23.34,15.57,33.27,333.22,0.09,39.14,3.14
2005,36,23.19,15.51,32,291.56,0.14,53.48,3.82
2005,37,23,16.51,30.72,291.56,0.18,59.18,4.66
2005,38,22.84,17.33,30.27,264.03,0.05,60.33,4.71
2005,39,23.17,16.15,31.55,326.51,0.05,53.94,4.48
2005,40,23.15,15.7,32.38,336.11,0.11,45.53,4.11
2005,41,22.47,14.72,31.82,340.74,0.57,45.64,4.19
2005,42,22.32,14.25,31.52,330.67,0.1,45.66,4.78
2005,43,22.18,14.45,31.37,319.45,0.04,45.57,4.62
2005,44,22.61,14.45,31.31,306.14,0.11,49.75,4.49
2005,45,23.24,16.18,31.35,296.54,0.36,53.06,4.96
2005,46,22.93,15.73,31.07,216.59,0.01,49.8,5.32
2005,47,22.93,16.04,30.77,275.71,0.03,54.15,4.98
2005,48,23.65,17.03,31.83,285.32,0.08,51.26,4.27
2005,49,24,16.61,32.17,334.03,0.15,50.11,4.16
2005,50,23.98,16.47,33.33,333.22,0.12,44.53,4.12
2005,51,23.55,14.59,33.24,341.08,0,35.82,4.57
2005,52,23.3,14.61,32.94,345.71,0,37.59,5.03
2005,53,23.57,14.23,33.61,344.44,0,35.68,4.58
2005,54,24.33,14.89,34.99,343.63,0,32.2,3.92
2005,55,25.06,15.93,35.6,342.82,0,34.85,3.96
2005,56,25.87,17.33,35.69,328.24,0.62,36.33,3.61
2005,57,24.96,18.19,33.02,286.94,3.87,48.88,3.44
2005,58,25.38,16.88,35.04,335.76,1.01,46.22,2.85
2005,59,25.71,17.84,34.5,224.11,1.45,46.03,1.85
2005,60,25.76,18.76,34.33,236.14,0.88,45.83,2.46
2005,61,24.73,17.59,33.43,279.53,1.52,46.53,3.61
2005,62,24.48,16.96,33.65,267.04,0.09,48.66,3.71
2005,63,24.5,16.65,33.47,317.83,0.04,44.37,3.85
2005,64,23.29,16.71,31.93,291.1,0.02,48.85,4.05
2005,65,23.37,15.06,33.13,296.54,0,42.22,3.85
2005,66,23.53,15.76,32.31,281.15,0.06,46.46,4.03
2005,67,23.07,16.58,31.61,256.97,0.51,52.59,4.74
2005,68,22.6,17.18,30.64,224.46,0.69,58.14,5.05
2005,69,22.45,14.89,31.46,280.34,0.03,45.38,4.61
2005,70,22.31,14.04,31.57,267.38,0.03,45.58,4.35
2005,71,23.23,15.92,32.01,260.33,0.44,51.06,3.9
2005,72,23.52,17.24,31.64,245.75,0.89,57.06,4.36
2005,73,23.42,17.6,31.34,253.61,1.51,58.08,4.84
2005,74,23.6,17.23,31.69,264.03,0.27,55.1,4.5
2005,75,23.84,16.38,32.96,269.47,0.16,48.06,3.84
2005,76,23.45,16.83,31.79,248.64,0.6,50.9,3.78
2005,77,23.62,17.36,31.7,258.71,0.54,55.05,2.9
2005,78,23.11,18.39,30.38,239.04,3.51,63.99,3.21
2005,79,23.28,17.87,30.61,198.66,7.64,66.19,2.31
2005,80,23.35,18.21,31.11,251.18,5.2,65.07,1.8
2005,81,23.37,17.77,30.82,229.09,1.27,65.23,2.32
2005,82,21.44,18.44,25.14,216.13,24.39,74.51,1.91
2005,83,22.53,16.7,30.03,274.09,4.73,64.79,2.36
2005,84,22.92,18.28,30.25,292.84,1.74,65.23,2.86
2005,85,22.54,17.41,30.09,269.93,2.07,65.86,2.78
2005,86,23.03,16.25,31.7,318.64,0.44,57.66,2.98
2005,87,23.34,16.73,31.83,299.43,0.29,57.05,2.8
2005,88,23.02,16.98,30.96,299.89,0.51,59.42,3.68
2005,89,22.4,16.67,30.18,276.99,0.62,62.49,3.61
2005,90,22.35,16.65,30.02,284.85,0.07,62,3.88
2005,91,22.39,15.62,31.07,310.77,0.23,56.25,3.37
2005,92,22.56,15.4,31.22,334.03,0.09,54.82,2.53
2005,93,23.53,16.16,32.25,319.91,3.9,56.35,1.51
2005,94,22.51,18.49,28.44,254.89,6.92,71.78,1.19
2005,95,21.8,18.64,27.25,247.83,3.42,74.29,1.79
2005,96,22.12,17.85,27.64,209.07,4.93,72.42,1.72
2005,97,20.21,17.59,24.59,232.44,8.01,82.16,1.27
2005,98,20.57,17.22,25.28,213.7,5.85,80.91,2.25
2005,99,21.45,16.87,28,174.48,3.11,72.8,2.99
2005,100,21.92,17.27,28.88,229.9,2.17,71.22,3.94
2005,101,21.87,16.67,28.92,204.56,1.7,70.76,3.89
2005,102,22.42,17.06,29.72,262.87,0.92,69.91,3.75
2005,103,22.4,17.55,29.46,242.39,1.97,67.2,4.12
2005,104,22.41,17.21,29.87,253.27,0.83,65.79,4.16
2005,105,22.2,17.21,29.28,262.41,2.94,70.1,3.84
2005,106,22.23,16.66,29.64,240.31,1.26,68.07,3.96
2005,107,22.12,16.9,29.38,242.04,1.18,67.87,4.2
2005,108,21.77,16.68,28.94,219.95,0.74,66.22,4.54
2005,109,21.85,17.08,29.3,243.2,0.38,63.05,4.61
2005,110,21.82,16.5,29.7,251.53,0.48,63.12,4.2
2005,111,21.81,16.75,29.55,220.29,1.43,65.46,4.29
2005,112,21.7,15.76,29.95,225.73,0.65,59.17,4.08
2005,113,21.64,15.27,30.1,293.18,0.52,59.41,3.91
2005,114,21.96,16.5,29.44,250.72,3.88,67.88,3.6
2005,115,22.15,16.91,30.34,249.45,0.43,58.4,3.74
2005,116,22.29,16.45,30.01,250.72,1.26,67.53,3.72
2005,117,22.72,16.89,30.32,300.7,1.06,64.15,3.74
2005,118,22.58,17.49,29.85,229.9,5.45,69.46,2.58
2005,119,20.09,17.93,23.79,172.86,7.44,81.25,3.24
2005,120,21.01,16.47,27.28,224.11,0.97,69.71,2.55
2005,121,21.71,15.59,29.73,212.89,0.73,62.44,2.32
2005,122,20.71,15.17,28.18,183.73,1.84,67.17,2.85
2005,123,21.34,15.8,29.19,218.21,2.08,66.41,2.46
2005,124,21.29,15.72,28.34,244.47,2.19,67.1,2.6
2005,125,20.85,16.23,27.78,227,1.3,65.58,2.39
2005,126,21.68,14.61,29.52,248.64,0.56,60.34,1.8
2005,127,21.89,16.23,29.41,229.09,2.95,67.75,2.22
2005,128,21.66,17.13,28.42,230.71,2.3,72.01,3.35
2005,129,21.6,16.75,28.76,165.34,0.71,67.5,3.16
2005,130,21.42,15.01,29.38,237.42,0.7,63.64,3.08
2005,131,21.5,16.1,28.98,206.64,1.01,71.41,3.83
2005,132,21.25,15.54,28.43,214.51,0.43,68.13,3.68
2005,133,21.85,16.47,29,217.4,0.19,62.87,3.34
2005,134,22.09,15.79,29.87,214.51,0.14,60.6,2.61
2005,135,22.23,16.17,29.93,249.1,0.31,61.34,2.71
2005,136,21.73,16.39,29.31,198.31,1.4,64.01,3.42
2005,137,21.2,14.76,29.86,253.27,0.39,54.6,3.21
2005,138,21.18,14.4,29.84,241.12,0.17,58.84,2.84
2005,139,22.47,14.92,31.28,257.43,0.37,52.59,2.55
2005,140,22.25,16.97,30.1,239.04,3.81,67.24,3.16
2005,141,21.15,16.56,28.18,152.84,2.52,72.96,4.53
2005,142,19.4,15.89,24.37,188.24,1.73,73.89,3.16
2005,143,20.21,15.22,26.79,229.55,2.67,73.27,3.22
2005,144,20.26,15.72,27.24,176.56,4.61,70.63,3.02
2005,145,20.18,15.43,26.18,162.91,5.4,72.9,2.74
2005,146,20.28,16.31,26.58,167.42,7.17,78.24,3.29
2005,147,19.72,16.23,25.48,127.85,5.8,77.72,2.85
2005,148,19.05,16.59,23.39,152.49,9.7,81.09,3.65
2005,149,20.23,14.69,27.2,213.24,7.57,74.4,2.73
2005,150,19.98,15.64,26.43,182,4.58,75.16,3.16
2005,151,20.34,15.24,27.13,218.21,1,69.02,2.49
2005,152,20.37,14.43,27.51,186.16,1.15,70.27,2.87
2005,153,20.41,14.9,27.65,176.21,1.3,70.78,3.36
2005,154,20.14,14.88,27.23,190.79,1.99,71.5,2.93
2005,155,19.6,15.03,26.48,169.5,1.13,71.3,2.9
2005,156,19.89,13.92,27.9,118.71,0.07,66.21,1.98
2005,157,20.21,14.46,27.64,160.36,0.17,67.5,2.3
2005,158,20.06,14.9,27.25,146.24,0.18,67.54,2.85
2005,159,20.11,14.51,27.78,177.48,0.24,65.81,3.03
2005,160,20.4,14.68,28.45,197.38,0.09,61.07,2.67
2005,161,20.43,15.17,28.15,197.04,0.26,64.97,2.7
2005,162,20.13,13.6,28.59,232.79,0.07,59.54,2.56
2005,163,19.95,12.51,28.72,290.29,0.02,58.35,2.33
2005,164,20.77,14.11,29.4,250.72,0.02,59.57,1.71
2005,165,19.72,13.37,27.59,139.07,0.08,62.17,2.53
2005,166,20.11,14.22,27.95,182.81,0.44,64.27,2.65
2005,167,19.98,14.82,27.35,178.64,0.56,67.65,3.43
2005,168,19.44,14.1,26.71,152.49,0.46,66.55,3.73
2005,169,19.25,14.37,25.57,112.92,0.36,66.93,2.49
2005,170,19.24,14.07,26.04,103.32,0.65,67.4,2.39
2005,171,18.44,14.26,23.66,98.69,1.45,74.07,2.16
2005,172,18.82,14.66,25.04,48.71,2.49,72.44,3.13
2005,173,18.84,14.41,25.91,65.02,1.14,71.09,3.7
2005,174,18.57,13.76,25.05,74.51,0.28,67.27,3.59
2005,175,19.14,12.45,27.39,184.08,0.23,57.73,3.36
2005,176,19.18,12.64,26.46,110.84,0.15,63.13,2.83
2005,177,19.71,13.9,27.34,124.49,0.09,61.44,2.99
2005,178,19.54,12.94,27.53,94.99,0.24,57.47,2.96
2005,179,19.79,13.8,27.37,163.72,0.83,62.41,3.56
2005,180,19.71,14.15,26.48,157,0.12,60.53,2.96
2005,181,19.37,14.01,26.42,182.81,0.54,64.53,3.09
2005,182,19.62,13.28,27.84,142.89,0.05,59.86,2.66
2005,183,19.75,13.79,27.63,189.98,0.12,58.69,2.54
2005,184,19.47,13.01,27.03,172.39,0.11,61.17,2.02
2005,185,19.74,13.77,27.32,139.53,0.08,54.91,2.56
2005,186,19.22,11.98,27.66,228.62,0.09,52.66,2.72
2005,187,18.98,12.03,27.87,164.99,0.08,54.53,3.29
2005,188,19.25,12.83,27.04,267.04,1.02,62.7,3.89
2005,189,18.35,13.92,24.29,84.11,1.3,72.65,3.9
2005,190,18.68,13.45,25.93,125.42,0.47,58.81,4.62
2005,191,18.22,12.7,25.61,189.05,0.01,64.88,4.56
2005,192,18.82,13.21,26.36,177.83,0,59.47,4.48
2005,193,18.87,11.86,26.97,146.59,0,63.64,4.21
2005,194,19.57,13.8,27.61,197.04,0,57.81,3.47
2005,195,19.26,12.76,28.59,223.3,0,50.46,2.64
2005,196,19.44,11.32,28.64,242.04,0.03,48.99,2.26
2005,197,19.52,13.11,27.17,217.05,0.3,57.73,2.55
2005,198,20.2,13.04,28.81,158.28,0.18,52.34,1.87
2005,199,18.87,13.33,25.42,149.48,2.16,60.29,1.97
2005,200,19.16,13.66,26.74,104.13,2.45,63.45,2.54
2005,201,19.3,13.13,26.7,155.39,0.52,62.31,2.68
2005,202,19.17,13.86,26.03,134.91,0.14,62.67,2.98
2005,203,19.73,13.35,27.27,159.9,0.18,61.45,2.86
2005,204,19.68,14.81,26.04,131.2,0.44,60.23,3.48
2005,205,20.04,13.84,27.87,153.3,0.14,56.24,4.15
2005,206,19.85,14.06,27.77,230.36,0.26,61.63,4.34
2005,207,19.81,13.5,28.02,185.35,0.19,57.86,3.4
2005,208,20.69,13.36,28.41,198.66,0.11,55.56,2
2005,209,20.34,15.32,26.89,126.58,0.65,62.45,3.08
2005,210,19.56,14.69,25.45,99.15,0.22,61.58,3.19
2005,211,19.27,13.84,25.94,68.26,0.08,54.05,3.5
2005,212,18.61,13.13,25.47,59.59,0.42,61.09,3.41
2005,213,18.85,13.21,25.8,106.68,0.83,63.42,3.7
2005,214,19.06,13.49,26.22,126.23,0.95,62.83,3.32
2005,215,18.87,13.33,26.02,148.67,0.86,63.23,2.65
2005,216,19,12.98,26.9,114.54,1.41,61.12,3.06
2005,217,18.63,12.98,26.22,107.49,0.59,60.17,3.75
2005,218,18.86,12.4,27.02,192.41,0.82,59.98,4.11
2005,219,19.23,13.51,26.9,133.75,2.66,68.02,4.06
2005,220,18.99,13.27,26.56,185.35,0.65,62.05,3.8
2005,221,20.18,12.98,29.31,214.05,0.18,56.23,2.77
2005,222,20.02,13.85,28.08,112.92,0.34,59.33,3.7
2005,223,19.84,14.67,27.03,145.78,0.85,64.58,3.88
2005,224,19.18,14.11,25.99,123.34,0.53,65.46,4.15
2005,225,19.85,13.64,27.77,139.53,0.44,61.35,3.47
2005,226,19.84,14.15,27.19,139.53,0.45,64.67,4.16
2005,227,20.54,13.92,28.93,184.89,0.28,59.83,3.49
2005,228,20.15,14.52,27.63,123.34,0.36,61.66,3.36
2005,229,19.6,14.34,25.99,103.67,0.63,64.44,2.72
2005,230,19.64,14.63,25.5,156.2,0.57,63.06,2.52
2005,231,19.43,14.82,25.96,106.68,0.75,61.99,3.01
2005,232,20.42,13.2,29.23,276.18,0.25,55.8,2.96
2005,233,21.38,14.26,29.61,249.1,0.24,54.65,2.56
2005,234,21.5,13.39,31.35,306.14,0.01,43.47,2.64
2005,235,20.92,12.04,30.75,310.77,0.02,41.95,2.58
2005,236,20.98,13.11,30.5,284.04,0.08,51.29,3.38
2005,237,20.86,14.6,29.67,200.74,1.23,55.07,3.93
2005,238,20.54,14.09,29.02,156.66,0.51,53.89,3.72
2005,239,20.11,13.73,29.17,197.85,0.29,52.59,4.06
2005,240,19.04,12.71,28.36,177.48,0.03,46.82,4.19
2005,241,18.3,12.42,26.69,259.52,0.27,53.45,4.59
2005,242,18.29,10.79,27.33,216.13,0.7,60.78,4.63
2005,243,19.29,12.26,28.2,261.6,0.17,51.06,4.2
2005,244,19.33,13.4,26.69,160.36,0.16,57.78,3.72
2005,245,20.28,13.55,28.74,212.43,0.45,57.17,3.96
2005,246,20.41,13.63,28.2,160.36,0.16,58.11,3.95
2005,247,21.9,14.14,30.87,249.1,0.07,52.2,2.75
2005,248,22.12,14,31.62,268.66,0.18,49.87,3.3
2005,249,21.65,14.81,29.77,244.94,0.81,55.82,3.03
2005,250,21.23,14.78,29.05,226.19,0.65,56.2,3.61
2005,251,20.52,14.09,27.35,184.08,0.13,52.95,3.25
2005,252,20.76,14.13,28.13,113.27,1.31,55.46,2.61
2005,253,20.36,14.87,27.06,104.13,0.69,58.4,3.1
2005,254,19.82,13.45,26.96,205.37,0.16,52.56,3.18
2005,255,20.25,12.77,28.9,256.62,0.04,50.56,3.03
2005,256,20.65,13.78,28.14,190.33,0.29,54.15,2.84
2005,257,21.35,14.14,29.54,192.41,0.46,52.42,2.83
2005,258,21.14,14.35,28.86,205.71,0.77,51.61,2.92
2005,259,19.81,14.99,25.53,132.82,0.49,62.61,3.51
2005,260,20.15,14.42,27.64,132.01,0.64,60.92,4.04
2005,261,20.39,13.95,28.46,161.98,0.3,57.16,4.7
2005,262,20.7,14.39,28.64,205.71,0.1,55.67,4.73
2005,263,20.59,12.65,29.74,295.73,0.02,47.87,4.51
2005,264,20.86,14,29.21,288.21,0.16,55.25,4.86
2005,265,21.38,15.35,29.69,251.18,0.28,55.33,5.26
2005,266,21.07,13.67,30.06,316.56,0.03,50.01,4.96
2005,267,21.06,12.04,30.48,336.11,0.01,44.8,4.11
2005,268,21.19,14.56,29.77,247.83,0.03,54.77,4.71
2005,269,21.23,14.18,30.4,326.51,0,46.87,4.49
2005,270,21.68,13.32,31.12,319.1,0.04,48.03,4.32
2005,271,22.62,15.95,31.5,270.28,1.5,57.58,4.53
2005,272,22.51,16.73,30.39,250.37,1.38,59.03,4.31
2005,273,21.75,15.54,30.35,256.62,0.97,54.38,4.68
2005,274,21.43,14.37,30.64,302.44,0.17,50.55,4.42
2005,275,21.19,13.97,30.34,245.28,0.45,48.62,4.34
2005,276,22.12,15.23,31.28,306.14,0.52,50.43,3.97
2005,277,22.08,14.76,31.58,252.46,0.31,44.2,3.97
2005,278,21.68,14.17,30.84,199.93,0.23,48.47,4.37
2005,279,21.47,15.17,30.09,286.94,0.32,49.58,4.88
2005,280,21.06,13.71,29.72,297.35,0.35,51.63,4.85
2005,281,21.4,12.58,31.2,329.05,0.04,39.54,3.84
2005,282,22.03,13.56,31.13,278.26,1.18,56.2,4
2005,283,22.85,15.79,31.66,282.42,0.49,50.8,4.04
2005,284,22.47,15.36,32.06,301.51,0.1,45.97,4.05
2005,285,22.23,14.38,31.75,303.25,0.07,50.78,3.9
2005,286,22.08,15.68,30.68,277.8,0.21,54.4,4.34
2005,287,21.82,15.39,29.88,220.76,0.64,55.61,4.11
2005,288,21.89,15.01,30.03,227,0.25,48.43,3.28
2005,289,21.27,13.6,30.01,237.42,0.22,51.27,3.64
2005,290,20.86,14.5,29.01,224.92,0.4,56.24,4.21
2005,291,20.42,14.27,28.05,218.21,0.76,58.03,4.73
2005,292,21.06,14.87,29.11,213.24,1.58,62.56,4.4
2005,293,20.78,15.45,27.77,154.11,2.26,67,4.03
2005,294,21.08,16.33,27.52,208.26,4.44,67.75,3
2005,295,21.2,15.84,28.14,183.73,6.3,66.6,3.09
2005,296,21.29,15.21,29.48,215.78,1.17,58.99,3.37
2005,297,20.73,14.7,28.75,192.06,0.69,59.43,4.02
2005,298,21.05,15.79,28.5,215.78,4.23,69.69,4.6
2005,299,21.03,15.94,28.14,159.55,2.93,69.27,5.12
2005,300,20.54,15.48,27.66,235.33,3.2,70.44,5.42
2005,301,20.26,12.66,29.69,312.85,0.01,46.88,3.48
2005,302,20.51,12.95,30.04,319.45,0.04,48.28,3.62
2005,303,21.13,14.16,30.48,294.46,0.08,51.47,3.69
2005,304,21.46,14.19,30.82,300.7,0.09,49.32,3.56
2005,305,21.09,15.37,29.25,279.53,1.43,67.5,3.75
2005,306,21.76,16.31,29.45,264.49,1.11,65.99,4.15
2005,307,21.87,15.8,29.97,253.27,0.87,62.15,4.52
2005,308,22.28,16.4,30.33,243.2,1.38,64.33,4.42
2005,309,21.69,16.45,29.23,227.81,2.54,67.87,4.86
2005,310,21.39,16.12,29.12,232.79,1.48,67.93,4.77
2005,311,21.57,16.71,29.08,177.48,2.57,68.73,4.66
2005,312,21.51,16.9,28.59,264.49,4.01,69.4,4.27
2005,313,21.53,16.7,28.67,244.13,3.87,69.35,4.12
2005,314,21.33,16.52,28.57,205.71,2.04,69.23,4.7
2005,315,21.45,14.92,29.9,118.25,0.34,57.72,3.47
2005,316,20.92,15.47,27.66,220.76,0.36,62.31,3.25
2005,317,20.55,15.4,27.1,168.23,0.88,66.78,3.73
2005,318,21.59,16.2,28.92,238.69,1.1,68.12,4.52
2005,319,22.45,17.08,30.05,231.63,0.41,63.94,4.47
2005,320,22.43,16.69,30.27,243.66,0.5,62.52,4.36
2005,321,21.87,16.5,29.85,260.33,1.61,63.17,4.16
2005,322,21.83,16.36,29.95,200.39,1.37,61.05,4.37
2005,323,21.68,14.73,30.69,240.77,0.27,51.51,4.13
2005,324,21.67,15.31,30.49,238.69,0.62,52.05,4.35
2005,325,21.31,15.03,29.8,222.03,1.67,60.73,4.23
2005,326,21.49,16.31,28.82,186.62,1.66,67.34,4.22
2005,327,21.54,16.75,28.81,203.28,3.16,69.45,4.79
2005,328,20.21,16.91,25.37,170.31,2.32,76.28,4.72
2005,329,21,16.34,28.3,176.21,3.73,71.33,5
2005,330,21.1,16.88,27.8,211.62,1.7,69.97,5.43
2005,331,21.68,16.59,29.06,274.09,0.1,61.36,5.03
2005,332,21.7,15,29.57,278.26,0.2,58.75,4.72
2005,333,21.58,16.12,28.7,240.77,0.18,62.51,4.74
2005,334,21.51,16.65,28.32,209.88,0.63,64.13,4.41
2005,335,21.63,16.41,28.49,235.33,0.74,65.84,4.09
2005,336,21.7,16.66,28.8,213.7,0.98,64.74,4.79
2005,337,21.03,16.85,27.36,210.34,0.94,68.76,4.41
2005,338,20.82,16.98,26.86,224.46,0.41,69.31,3.97
2005,339,20.09,16.77,24.66,222.03,0.92,72.24,3.74
2005,340,21.6,15.94,29.28,249.1,0.57,60.72,4.48
2005,341,21.7,15.53,29.53,246.21,0.57,59.35,4.72
2005,342,22.16,15.59,30.53,267.85,0.69,59.69,4.18
2005,343,22.4,16.99,29.28,248.64,0.72,63.49,4.02
2005,344,22.13,17.01,29.25,283.23,0.58,61.65,3.69
2005,345,21.59,16.09,28.86,259.52,1.14,65.24,4.14
2005,346,22.26,16.48,30.52,252.8,0.06,57.17,4.63
2005,347,21.4,13.86,30.52,321.53,0.01,42.83,4.33
2005,348,21.46,13.49,30.34,294.92,0.02,42.89,4.69
2005,349,22.1,15.83,30.21,273.63,0.04,52.65,4.68
2005,350,22.14,14.18,31.29,319.1,0.01,48.52,4.01
2005,351,23.09,15.83,31.94,317.83,0,49.53,3.72
2005,352,23.58,15.94,31.93,311.58,0,48.68,3.99
2005,353,23.47,16.93,32.02,295.27,0,50.22,4.09
2005,354,23.21,16.14,32.24,305.33,0,47.47,4.36
2005,355,22.8,15.46,31.22,296.19,0,51.48,4.87
2005,356,22.8,16.22,30.7,294.92,0.02,52.75,4.65
2005,357,22.95,15.14,31.96,309.03,0,44.5,3.96
2005,358,22.92,15.2,31.43,306.95,0,46.9,3.38
2005,359,23.67,16.03,31.86,289.48,0.02,45.04,3.3
2005,360,23.6,16.45,31.48,247.83,0.03,45.33,3.76
2005,361,22.83,16.73,30.05,261.6,1.23,49.43,4.24
2005,362,21.54,14.56,29.71,291.1,0.72,52.98,4.75
2005,363,21.24,14.26,29.99,307.41,0.26,47.64,4.7
2005,364,21.09,13.3,29.69,293.65,0.46,47.95,4.96
2005,365,21.41,13.9,29.89,277.45,0.61,53.54,4.99
2006,1,21.95,16.42,29.57,223.65,0.51,58.21,5.28
2006,2,21.74,15.53,29.53,227,0.32,59.91,5.2
2006,3,21.58,17.01,28.8,190.79,1.49,66.08,5.12
2006,4,21.52,16.32,28.84,272.82,0.88,60.04,4.71
2006,5,21.31,14.43,29.38,300.7,0.26,56.37,4.59
2006,6,21.61,14.53,29.39,265.3,0.04,56.1,4.76
2006,7,22.46,16.29,30.43,257.43,0.05,55.86,4.47
2006,8,22.64,15.83,30.83,294.11,0.04,54.99,4.1
2006,9,22.9,15.49,31.43,296.54,0.12,54.08,3.66
2006,10,23.69,16.78,31.31,304.06,0.22,52.56,3.57
2006,11,23.3,16.3,31.82,272.01,3.48,54.32,3.9
2006,12,21.71,16.11,28.64,199.47,3.38,61.95,3.66
2006,13,20.86,15.03,26.89,284.85,1.02,63.55,3.99
2006,14,21.76,15.03,30.75,314.47,2.87,53.76,3.86
2006,15,22.48,14.08,31.87,314.01,1.88,49.01,2.96
2006,16,22.21,16.53,29.59,241.58,3.86,63,3.16
2006,17,21.95,16.68,29.62,236.61,2.32,63.6,4.12
2006,18,21.93,16.48,29.79,253.27,2.1,62.56,3.93
2006,19,21.46,15.15,29.67,268.19,1.06,60.07,3.76
2006,20,21.54,14.84,29.51,257.43,0.46,61.1,3.93
2006,21,19.57,14.98,26.12,139.07,1.8,71.08,4.02
2006,22,20.91,13.21,29.63,297.35,0.62,58.52,4.37
2006,23,21.85,13.91,30.56,323.61,0.62,51.34,4.41
2006,24,21.77,15.41,29.66,267.85,0.91,59.66,4.52
2006,25,22.26,15.42,30.33,266.57,0.41,56.39,4.73
2006,26,22.31,16.21,30.64,281.61,0.02,55.97,4.56
2006,27,22.64,14.58,31.95,332.41,0,47.24,4.09
2006,28,23.2,14.96,33.07,332.75,0,39.39,3.72
2006,29,24.27,14.94,33.51,310.31,0,39.5,3.04
2006,30,25.03,16.76,33.4,286.94,0,40.48,3.14
2006,31,24.13,17.52,31.77,270.74,0.43,49.21,4.29
2006,32,23.12,17.45,29.82,261.13,0.09,56.85,4.61
2006,33,22.79,16.53,30.21,247.02,0.14,56.01,4.67
2006,34,22.32,16.48,29.96,256.62,0.11,56.23,4.93
2006,35,22.42,15.88,31.12,297.35,0.02,47.3,5.07
2006,36,22.83,14.69,31.59,318.18,0.07,47.83,4.66
2006,37,22.74,15.8,31.56,328.24,0.11,47.27,4.81
2006,38,22.78,14.38,31.65,326.16,0.02,46.73,4.13
2006,39,23.17,15.91,31.6,307.41,0.01,48.97,4.47
2006,40,22.49,15.64,30.33,234.87,0.02,52.73,4.49
2006,41,23.14,15.84,31.3,292.37,0.03,53.98,4.37
2006,42,24.04,17.35,32.06,331.13,0.26,50.08,3.64
2006,43,24.54,16.31,33.75,288.21,0.38,43.48,3.39
2006,44,24.64,17.4,32.63,217.05,0.65,47.56,3.32
2006,45,24.12,17.42,31.45,272.36,0.17,48.05,3.82
2006,46,23.81,16.83,31.78,304.06,1.29,49.35,4.11
2006,47,23.24,15.73,32.25,306.95,0.63,46.42,3.86
2006,48,23.6,15.68,32.85,279.53,0.91,44.92,3.96
2006,49,23.89,15.74,32.75,326.51,0.7,45.04,3.85
2006,50,23.69,16.42,32.31,271.2,1.11,45.96,4.01
2006,51,23.74,16.42,31.84,278.26,0.48,47.65,4.29
2006,52,23.16,16.23,30.75,311.93,0.79,53.72,4.34
2006,53,23.42,15.79,32.17,297.81,0.27,47.68,4.02
2006,54,23.99,15.31,33.48,343.17,0.04,39.56,3.35
2006,55,24.89,16.47,33.6,271.2,0.85,40.94,2.06
2006,56,25.63,18.73,33.39,280.34,3.36,42.35,2.03
2006,57,23.44,18.99,28.41,189.05,1.8,57.77,2.85
2006,58,21.41,18.19,26.31,208.72,5.56,73.99,3.53
2006,59,22.22,17.49,28.45,233.71,7.11,70.94,2.54
2006,60,21.18,18.04,26.06,169.5,9.1,75.67,1.44
2006,61,22.74,17.54,30.19,252.8,3.88,65.09,2.3
2006,62,22.2,18.47,28.63,214.51,12.45,70.39,2.03
2006,63,22.31,17.9,28.63,157,5.38,67.98,2.51
2006,64,22.16,16.92,29.35,264.03,9.74,63.3,2.22
2006,65,21.95,16.88,29.09,245.75,6.91,67.52,2.15
2006,66,22.67,16.76,30.41,240.77,0.83,62.44,2.38
2006,67,22.59,16.95,30.04,251.53,0.62,62.41,3.59
2006,68,21.83,17.1,29.43,229.9,1.58,66.72,4.05
2006,69,21.78,16.41,29.37,244.47,0.41,62.76,3.94
2006,70,21.59,15.69,29.76,261.13,0.53,60.38,3.7
2006,71,21.94,15.42,30,258.71,0.19,62.22,3.21
2006,72,21.16,16.06,28.31,252.46,1.14,68.23,3.6
2006,73,21.99,16.56,29.57,254.54,0.5,62.43,4.01
2006,74,21.52,16.2,29.03,258.71,0.71,63.52,3.74
2006,75,22.22,16.11,30.4,270.28,0.43,60.33,3.26
2006,76,22.65,16.53,31.22,222.84,0.72,58.73,3.53
2006,77,22.7,16.91,31.34,258.24,1.34,58.25,3.75
2006,78,22.62,16.95,30.73,254.54,3.96,64.78,3.34
2006,79,21.77,17.53,28.08,223.3,3.17,72.26,3.18
2006,80,22.72,17.45,29.95,249.1,0.89,65.15,3.45
2006,81,22.76,17.47,30.39,255.7,1.52,65.48,3.65
2006,82,22.92,17.27,30.77,258.71,0.94,62.69,3.22
2006,83,22.47,16.53,30.46,260.79,2.1,63.58,2.82
2006,84,21.54,17.02,27.18,227,1.44,71.55,3.12
2006,85,19.85,16.46,23.99,215.32,2.43,79.65,2.92
2006,86,21.29,15.83,29.33,270.28,4.46,65.45,3.79
2006,87,21.43,15.65,30.07,328.59,0.7,63.38,3.37
2006,88,21.95,15.74,29.73,280.34,0.54,62.61,2.57
2006,89,22.01,16.14,29.99,211.62,3.3,64.06,2.82
2006,90,22.15,16.27,30.59,249.91,4.37,61.76,3.36
2006,91,21.79,16.51,29.37,248.29,4.52,68.45,3.36
2006,92,22.49,16.32,30.94,232.44,1.44,62.15,3.16
2006,93,21.99,17.18,29.27,219.48,3.78,70.96,3.71
2006,94,21.41,16.63,28.15,187.43,3.38,69.29,2.91
2006,95,21.68,16.67,29.13,187.43,15.9,69.5,3.16
2006,96,20.38,17.36,25.21,86.2,26.81,82.66,3.03
2006,97,20.79,16.99,26.49,224.92,5.33,76.57,1.39
2006,98,20.4,17.75,25.01,214.97,5.93,83.23,2.14
2006,99,20.89,16.77,27.63,182.46,5.4,77.51,3.71
2006,100,20.08,16.92,25.37,205.71,3.76,79.24,3.87
2006,101,20.28,16.14,26.52,209.88,1.04,78.59,4.11
2006,102,21.07,16.34,27.96,231.17,0.36,70.62,3.7
2006,103,20.94,16.09,27.76,245.28,0.66,71.45,3.7
2006,104,21.56,15.73,29.39,231.17,0.38,64.5,3.39
2006,105,20.87,16.46,27.12,240.77,1.13,74.58,3.1
2006,106,21.14,16.99,27,272.82,1.85,73.28,2.06
2006,107,21.69,16.82,28.21,180.72,2.79,72.2,1.46
2006,108,21.72,17.39,28.05,166.61,3.97,73.65,2.95
2006,109,21.1,17.11,27.7,217.86,7.59,75.39,3.46
2006,110,19.48,14.74,25.18,222.84,4.59,76.43,2.96
2006,111,20.5,14.2,28.25,219.48,1.21,68.2,2.59
2006,112,20.89,15.41,28.22,209.88,3.11,71.31,3.47
2006,113,19.9,16.28,25.72,214.05,3.72,78.41,3.47
2006,114,20.59,15.17,27.49,248.29,3.36,73.19,2.51
2006,115,20.72,16.35,27.1,213.24,4.15,76.52,3.38
2006,116,20.09,15.29,27,225.73,5.12,76.16,4.04
2006,117,20.1,14.49,26.83,172.39,2.19,75.1,4.11
2006,118,20.17,13.94,26.86,243.2,6.28,76.72,2.99
2006,119,19.25,16.42,23.49,147.86,8.09,81.48,3.63
2006,120,19.43,14.96,24.76,203.63,3.06,78,2.72
2006,121,19.67,15.85,25.83,182.81,20.48,83.79,3.65
2006,122,19.3,15.38,24.75,128.66,8.99,82.55,2.81
2006,123,19.78,15.4,25.78,169.96,8.6,78.82,2.72
2006,124,20.08,16.07,25.78,132.48,2.68,79.83,2.54
2006,125,20.38,16.09,26.68,187.9,3.13,77.36,3.13
2006,126,20.46,15.51,26.78,202.82,2.2,75.86,2.81
2006,127,20.74,16.29,26.63,212.43,4.38,79.69,2.69
2006,128,20.36,16.58,26.37,204.09,17.27,80.38,3.29
2006,129,19.91,15.87,25.55,179.57,10.05,80.37,3.14
2006,130,19.9,15.58,25.56,166.61,5.24,82.31,3.65
2006,131,19.42,15.35,25.14,204.9,1.72,80.77,3.78
2006,132,19.75,14.94,26.23,214.97,1.06,76.68,3.27
2006,133,19.95,15.86,25.5,213.7,2.47,82.41,3.72
2006,134,19.9,15.4,25.88,173.67,1.85,79.91,3.56
2006,135,19.48,15.04,25.28,197.85,0.74,78.17,3.38
2006,136,19.32,14.47,26.33,195.3,1.2,72.2,2.28
2006,137,19.7,15.11,27.02,238.23,0.42,72.24,2.47
2006,138,19.76,14.57,27.29,294.92,0.36,71.05,2.36
2006,139,20.15,14.81,27.58,287.4,0.65,71.72,2.04
2006,140,19.66,14.37,27.28,254.08,0.19,68.9,2.37
2006,141,20.47,15.36,28.16,264.03,0.04,69.64,2.85
2006,142,20.38,15.83,27.11,206.64,0.29,72.37,3.59
2006,143,19.49,13.18,26.52,206.99,0.29,71.98,3.36
2006,144,19.06,11.63,26.66,174.48,0.69,73.55,2.7
2006,145,19.78,14.31,26.69,223.3,0.13,71.01,3.46
2006,146,20.23,15.4,27.17,198.31,0.16,71.7,2.9
2006,147,20.42,14.62,27.56,208.72,0.41,69.93,2.53
2006,148,20.78,15.3,27.79,192.41,0.64,72.27,2.79
2006,149,20.08,16.03,26.18,182.81,0.66,73.21,3.71
2006,150,19.56,14.6,26.56,197.85,0.09,68.22,2.95
2006,151,19.44,13.31,27.58,197.85,0,64.97,2.26
2006,152,19.24,13.05,27.43,234.52,0,64.4,2.32
2006,153,19.63,13.57,27.52,263.22,0.05,64.18,2.7
2006,154,19.92,15.31,26.59,227.47,0.37,70.96,3.24
2006,155,20.02,14.79,27.32,209.53,0.11,65.45,3.54
2006,156,19.33,14.41,26.29,176.56,0.39,67.18,3.69
2006,157,18.95,12.9,26.46,174.94,0.3,67.27,2.71
2006,158,19.59,13.45,27.23,230.36,0.25,64.61,2.72
2006,159,20.14,12.6,28.82,231.17,0.78,63.27,3.07
2006,160,20.11,14.28,27.41,177.02,0.56,68.53,3.18
2006,161,20.38,14.08,28.04,197.85,0.5,65.09,3.54
2006,162,19.94,14.88,27.03,131.67,0.5,70.38,3.93
2006,163,19.06,13.35,27.18,250.37,0.16,63.78,3.67
2006,164,18.94,12.28,26.92,174.48,0.47,69,3.08
2006,165,19.65,13.63,28.82,204.56,0.44,60.62,2.64
2006,166,19.06,12.24,28.81,278.26,0.05,52.28,1.96
2006,167,18.61,11.29,27.79,238.23,0,51.28,2.3
2006,168,19.56,12.58,27.65,217.86,0.16,63.99,3.03
2006,169,20.04,15.35,26.92,155.73,0.47,68.93,3.6
2006,170,19.99,13.58,27.73,200.74,0.33,61.61,3.41
2006,171,19.79,13.85,27.61,186.62,0.14,61.25,3.49
2006,172,19.78,14.62,27.3,200.39,0.05,64.03,3.21
2006,173,20.21,14.4,28.2,238.23,0.07,62.15,2.71
2006,174,20.78,13.8,28.3,208.72,0.99,64.48,1.5
2006,175,20.42,15.73,26.8,126.58,1.06,67.34,2.46
2006,176,19.66,14.65,26.51,96.61,0.59,67.09,2.43
2006,177,18.93,14.28,25.24,118.71,0.57,66.3,2.34
2006,178,18.58,12.28,27.38,190.79,0.16,54.89,2.3
2006,179,18.62,11.96,27.01,229.9,0.36,58,1.99
2006,180,18.54,12.08,26.73,169.96,0.18,59.66,1.94
2006,181,18.81,11.95,27.01,137.45,0.02,59.31,2
2006,182,18.96,13.35,26.25,95.34,0.13,62.94,2.64
2006,183,18.65,12.16,26.95,178.64,0.1,60.09,2.08
2006,184,19.79,12.6,28.67,260.33,0.12,57.06,2.16
2006,185,20.14,12.79,29.1,265.3,0.17,58.4,2.06
2006,186,19.44,13.9,27.01,176.21,0.46,62.9,2.11
2006,187,19.05,13.44,26.53,146.59,0.38,64.36,2.53
2006,188,18.39,13.6,24.65,109.57,0.34,65.64,2.43
2006,189,19.63,13.61,27.18,116.16,0.29,62.09,3.18
2006,190,19.08,13.88,26.18,96.61,0.09,62.74,3.18
2006,191,19.19,13.22,26.9,93.72,0.31,59.61,2.84
2006,192,18.82,13.54,26.02,127.5,0.21,62,3.51
2006,193,18.14,12.2,25.41,133.75,0.05,60.63,3.02
2006,194,18.55,12.92,26,152.49,0.09,59.54,3.04
2006,195,18.81,12.85,25.71,126.23,0.07,58.89,2.71
2006,196,19.23,13.58,26.51,122.87,0.08,58.51,3.79
2006,197,19.3,13.77,26.84,183.27,0.46,64.34,4.35
2006,198,19.77,12.68,27.63,185.81,0.08,56.46,3.38
2006,199,19.57,13.41,26.61,172.86,0.07,59.85,3.02
2006,200,20.16,13.34,27.32,175.4,0.2,58.52,2.52
2006,201,19.65,14.77,25.58,140,0.48,63.1,2.6
2006,202,19.54,14.95,25.58,156.2,0.88,64.34,1.88
2006,203,20.08,14.62,27,160.36,0.93,63.3,2.83
2006,204,18.87,14.98,24.54,136.64,0.35,66.73,3.85
2006,205,19.92,13.21,28.17,186.16,0.04,56.53,3.58
2006,206,20.21,13.27,29.16,247.02,0.05,53.84,3.43
2006,207,19.43,13.32,27.17,179.91,0.49,59.67,2.82
2006,208,18.87,13.82,25.29,67.92,0.45,64.01,3.21
2006,209,18.45,14.12,24.64,81.68,0.79,64.07,4.01
2006,210,18.62,12.96,25.96,132.82,0.5,61.07,4.12
2006,211,18.89,12.79,26.5,124.49,0.3,64.62,4.05
2006,212,19.18,13.25,26.41,253.61,0.12,62.62,3.82
2006,213,19.91,13.08,27.97,224.11,0.1,55.77,3.19
2006,214,21.02,14.44,29.24,251.53,0.13,54.5,2.75
2006,215,21.14,14.27,29,216.13,0.53,57.12,2.57
2006,216,20.05,15.39,25.67,186.62,2.03,66.46,2.03
2006,217,20.5,15.03,27.03,127.04,2.49,64.38,1.96
2006,218,19.45,15.86,25.35,142.43,2.01,71.63,3.37
2006,219,19.49,14.25,26.23,133.75,0.53,63.35,3.97
2006,220,18.85,14.1,25.43,86.2,0.92,67.41,4.49
2006,221,19.12,13.18,26.17,116.63,0.28,62.17,4.04
2006,222,19.7,13.75,28.09,257.43,0.28,57.84,5.11
2006,223,19.38,13,27.19,210.81,0.2,61.62,4.28
2006,224,19.76,12.99,28.67,232.44,0.11,52.04,3.91
2006,225,19.86,11.61,29.63,295.27,0.06,47.37,3.27
2006,226,20.04,13.39,28.84,256.97,0.21,53.01,3.58
2006,227,19.97,12.99,29.16,256.62,0.03,47.12,3.33
2006,228,20.39,13.81,29.06,208.72,0.4,57.51,3.96
2006,229,20.28,14.17,28.99,183.73,0.59,59,3.77
2006,230,19.94,13.52,29.07,207.8,0.44,51.99,3.34
2006,231,20,12.79,29.73,319.91,0.03,47.52,2.99
2006,232,19.93,11.73,29.18,314.94,0.1,48.05,2.55
2006,233,20.45,13.27,29.75,213.24,0.22,52.93,3.18
2006,234,20.24,13.2,29.72,232.79,0.21,51.6,3
2006,235,20.44,12.95,29.4,262.41,0.18,49.79,3.28
2006,236,19.93,13.78,27.75,144.16,0.21,59.45,2.97
2006,237,21.16,13.7,30.98,234.06,0.42,53.07,2.84
2006,238,21.29,14.68,29.83,221.57,2.13,56.71,3.06
2006,239,20.92,15,28.76,214.51,1.75,58.79,3.08
2006,240,20.09,14.5,27.4,144.51,0.83,62.88,3.81
2006,241,20.58,14.8,28.07,206.18,0.26,63.28,4.4
2006,242,20.89,14.79,28.54,209.88,0.21,59.36,4.01
2006,243,21.56,13.68,30.51,254.54,0.49,53.4,4.23
2006,244,20.54,14.94,28.05,145.32,0.35,60.05,5.34
2006,245,20.48,13.19,28.84,248.29,0.02,53.62,4.36
2006,246,19.8,13.78,28.22,211.15,0.16,53.41,4.94
2006,247,19.41,12.55,27.81,224.46,0.31,53.29,5.08
2006,248,19.76,12.76,28.3,147.05,0.17,54.36,4.58
2006,249,19.81,12.5,28.89,269.47,0.07,50.14,3.76
2006,250,20.36,13.36,29.05,134.56,0.17,51.87,3.44
2006,251,19.29,13.56,26.38,111.65,0.2,57.35,4.19
2006,252,19.19,13.23,26.81,124.49,0.69,58.33,4.37
2006,253,19.55,12.62,27.43,227,0.15,54.36,4.06
2006,254,19.65,13.12,26.99,181.65,0.53,55.06,3.32
2006,255,19.28,13.53,25.31,239.96,0.51,57,3.32
2006,256,20.53,13.82,28.59,211.62,0.03,54.33,3.99
2006,257,20.79,14.16,28.91,166.61,0.11,58.7,4.44
2006,258,21.13,14.46,28.84,203.28,0.1,55.77,4.23
2006,259,21.55,14.78,29.51,231.63,0.15,52.68,3.76
2006,260,22.01,14,31.09,263.68,0.06,48.43,3.98
2006,261,22.28,14.3,31.24,268.19,0.89,53.61,4.03
2006,262,22.82,16.58,30.95,245.75,1.65,59.71,4.09
2006,263,21.6,16.64,28.9,188.24,2.58,62.97,5.19
2006,264,21.21,15.27,30.01,159.09,0.34,53.01,4.5
2006,265,20.4,13.25,29.51,261.94,0.12,47.9,3.88
2006,266,20.42,15,28.65,207.45,0.43,59.13,4.56
2006,267,20.64,13.49,29.66,276.52,0.09,50.86,4.78
2006,268,20.97,13.2,30.05,316.56,0.01,46.13,3.94
2006,269,21.34,14,30.44,327.78,0.05,50.23,4.24
2006,270,21.46,14.67,30.72,299.08,0.06,46.8,4.46
2006,271,20.84,12.01,30.58,321.99,1.74,54.74,4.76
2006,272,21.09,15.98,28.85,188.24,4.53,65.67,4.92
2006,273,21.02,15.42,28.98,212.89,1.37,62.54,4.43
2006,274,21.23,13.59,30.48,327.78,0.23,49.34,3.88
2006,275,21.27,14.25,30.5,307.41,0.67,51.29,4
2006,276,22.4,15.48,31.62,319.1,0.48,54.8,3.85
2006,277,22.66,16,31.56,274.9,0.39,57.49,4.14
2006,278,22.96,16.86,31.64,266.57,0.94,57.05,4.43
2006,279,21.88,14.92,31.27,294.11,0.13,46.28,4
2006,280,21.63,13.22,30.82,317.83,0.36,50.94,4.23
2006,281,22.3,16.46,30.73,247.83,0.52,53.71,4.57
2006,282,21.66,14.31,30.71,270.28,0.15,48.69,4.24
2006,283,20.9,13.41,29.82,254.89,0.69,57.45,4.78
2006,284,20.88,14.71,29.15,220.29,0.68,59.17,5.56
2006,285,20.62,14.39,28.62,237.42,0.74,61.98,5.56
2006,286,19.84,14.3,27.21,148.67,0.83,65.34,5.26
2006,287,19.73,12.69,28.36,262.41,0.27,59.44,4.75
2006,288,20.95,14.35,29.37,274.09,2.92,64.94,4.53
2006,289,21.36,16.55,28.43,191.14,2.12,67.15,4.91
2006,290,21.25,16.07,28.71,196.23,0.38,64.84,5.16
2006,291,20.78,14.03,29.3,258.24,3.27,63.44,4.63
2006,292,21.15,14.69,28.91,241.58,2.19,62.84,4.2
2006,293,21.3,15.21,29.24,219.48,1.98,67.78,4.72
2006,294,21.1,16.2,28.46,199.47,8.11,71.75,4.58
2006,295,21.27,15.77,28.98,197.04,5.22,67.63,4.15
2006,296,21.65,15.44,30.51,313.66,2.15,54.11,3.59
2006,297,22.2,15.98,30.61,265.3,2.84,63.61,2.8
2006,298,22.07,16.4,30.45,231.98,1.09,58.38,3.03
2006,299,22.14,16.23,30.36,243.66,0.89,58.83,3.11
2006,300,21.8,16.78,29.16,249.1,1.29,63.65,4.31
2006,301,20.59,15.41,27.14,209.53,4.45,69.65,4.2
2006,302,21.41,14.13,30.1,218.67,0.3,51.42,3.48
2006,303,21.4,14.96,30.11,270.28,2.57,61.87,4.17
2006,304,21.55,16.44,28.95,214.05,9.92,73.23,4.61
2006,305,20.99,16.81,27.5,107.02,8.11,73.82,5.07
2006,306,21.39,16.67,28.48,217.86,3.64,70.81,4.18
2006,307,22.05,16.39,29.61,218.67,1.44,65.68,3.52
2006,308,22.15,17.05,29.58,218.67,2.71,68.82,3.76
2006,309,21.31,17.4,27.64,211.62,5.41,75.21,4.03
2006,310,20.7,17.31,26.4,139.07,3.93,76.21,4.68
2006,311,19.97,16.67,24.7,144.97,11.11,80.81,4.32
2006,312,20.85,14.98,28.43,225.38,3.42,66.44,3.41
2006,313,20.83,16.01,27.5,197.85,11.62,74.45,3.6
2006,314,20.57,16.4,26.49,231.17,8.5,74.8,3.43
2006,315,20.56,16.78,26.5,218.67,5.94,75.7,3.25
2006,316,21.04,16.26,27.99,148.33,4.51,71.65,3.74
2006,317,20.72,16.66,26.69,205.71,4.28,76.24,4.06
2006,318,20.83,16.24,27.38,211.62,12.13,76.31,3.7
2006,319,21.06,16.85,27.29,150.76,7.17,75.31,3.2
2006,320,20.09,14.87,26.67,227.81,5.88,71.85,3.49
2006,321,20.24,16.54,26.02,202.01,5.28,78.19,3.31
2006,322,20.47,15.08,27.64,206.18,0.96,67.81,2.29
2006,323,21.01,16.03,27.95,194.95,6.48,74.05,2.89
2006,324,20.76,16.55,27.33,194.95,7.42,73.48,3.04
2006,325,19.11,16.43,23.48,192.06,6.64,83.92,2.26
2006,326,19.93,15.7,25.57,123.34,15.51,78.69,1.81
2006,327,19.95,16.5,25.3,157.81,11.3,80.93,2.05
2006,328,20.38,16.94,25.93,261.94,0.64,77.16,3.38
2006,329,20.42,16.53,26.87,240.31,1.64,74.91,3
2006,330,20.34,16.09,26.43,183.73,8.27,78.87,2.11
2006,331,20.11,16.04,25.62,229.09,10.08,77.38,2.25
2006,332,20.46,15.7,26.21,214.51,5.3,78.53,2.03
2006,333,20.35,16.87,25.34,204.09,8.46,80.03,1.91
2006,334,20.08,16.68,25.22,180.38,9.86,82.78,2.6
2006,335,20.26,16.92,25.14,232.79,2.04,83.82,3.36
2006,336,20.07,16.37,25.74,135.37,2.29,81.73,3.38
2006,337,20.13,14.99,26.38,272.01,0.95,77.69,2.37
2006,338,20.86,16.24,27.28,252.46,3.59,78.54,2.53
2006,339,20.92,16.78,26.79,236.61,2.7,79.76,2.66
2006,340,20.8,16.48,26.56,211.15,2.15,80.01,3.09
2006,341,20.61,16.59,26.47,233.25,1.79,79.59,3.99
2006,342,20.28,16.08,26.61,255.35,1.36,76.45,4.11
2006,343,20.16,15.14,26.78,263.22,1.74,76.55,3.92
2006,344,19.81,16,25.43,229.55,1.11,78.72,4.26
2006,345,20.65,15.23,27.46,263.22,2.25,76.42,3.11
2006,346,20.74,16.85,26.35,220.76,2.41,80.95,3.2
2006,347,20.25,16.96,25.25,144.97,4.43,82.96,3.42
2006,348,19.84,16.82,24.15,206.64,4.78,83.7,3.57
2006,349,20.61,16.56,26.85,252.8,1.36,76.15,3.68
2006,350,19.94,16.93,25.27,285.32,2.65,81.51,3.46
2006,351,20.63,16.53,26.92,251.18,0.75,76.92,2.96
2006,352,20.11,16.93,25.52,229.55,1.08,79.27,3.36
2006,353,20.02,17.22,25.08,242.04,1.59,79.73,3.65
2006,354,20.08,16.66,25.63,231.17,0.78,78.7,3.41
2006,355,20.48,16.75,26.48,237.42,3.47,77.02,2.44
2006,356,20.34,15.8,25.89,189.05,12.23,77.78,1.44
2006,357,19.56,16.99,22.94,144.51,16.87,85.23,1.44
2006,358,19.67,16.65,23.73,177.48,10.15,83.96,1.82
2006,359,19.75,17.11,23.71,89.09,19.22,86.27,1.45
2006,360,19.6,16.92,23.55,174.94,5.07,84.15,2.12
2006,361,19.56,16.22,24.16,240.31,11.64,84.62,2.69
2006,362,18.66,16.64,21.5,102.51,31.42,89.2,1.75
2006,363,19.56,15.9,24.59,161.63,14.21,83.01,1.99
2006,364,19.3,16.59,23.32,120.33,14.28,85.18,1.45
2006,365,18.71,16.39,22.93,176.21,9.6,84.83,1.85
2007,1,18.83,14.56,25.36,278.61,0.96,73.19,3.39
2007,2,18.75,13.36,24.81,232.44,4.12,83.58,3.81
2007,3,19,15.54,23.13,206.99,5.52,87.49,3.71
2007,4,18.65,15.85,22.3,86.2,4.07,88.4,4.82
2007,5,18.37,13.9,24.14,260.33,0.32,79.59,4.13
2007,6,17.99,13.07,24.85,316.56,0.02,75.62,3.2
2007,7,18.66,13.66,26,290.29,0.12,69.64,2.45
2007,8,18.97,13.33,26.32,296.19,0.04,72.64,2.12
2007,9,18.85,13.14,26.44,299.89,0.05,71.37,2.67
2007,10,18.73,12.82,25.97,315.28,0.13,75.46,3.34
2007,11,19.28,14.79,25.91,244.13,0.15,77.32,3.51
2007,12,19.34,13.64,26.21,254.08,1.55,76.41,2.63
2007,13,19.45,16.14,24.13,247.02,1.47,83.71,2.99
2007,14,19.68,15.97,24.73,226.19,1.48,82.8,3.39
2007,15,20.24,15.99,25.82,249.91,1.52,81.29,3.1
2007,16,20.62,16.2,26.66,232.79,1.12,79.79,2.95
2007,17,20.85,16.73,26.86,244.13,0.99,79.03,2.84
2007,18,20.79,15.63,27.34,228.28,1.58,76.97,3.41
2007,19,20.69,16.2,26.85,230.71,1.67,79.24,3.5
2007,20,20.01,15.89,26.07,232.44,0.57,77.26,3.2
2007,21,19.75,14.57,26.9,283.23,0.26,71.68,3.25
2007,22,19.41,13.11,27.23,296.54,0.19,70.53,3.58
2007,23,19.98,13.7,27.71,304.87,0.25,70.9,3.08
2007,24,20.93,14.44,28.87,311.12,0.18,69.76,2.93
2007,25,21.28,15.13,28.75,276.99,0.35,71.33,3.5
2007,26,21.3,16.45,27.98,246.56,0.22,74.06,3.95
2007,27,20.79,15.24,28.34,261.13,0.21,70.57,3.53
2007,28,20.86,13.91,29.14,304.87,0.23,65.71,3.34
2007,29,21.22,14.66,28.88,276.99,1.18,69.59,2.97
2007,30,21.39,17.17,27.64,172.05,2.29,74.31,1.68
2007,31,21.39,17.42,27.57,219.14,4.33,74.95,1.66
2007,32,21.34,17.38,27.3,242.85,4.49,73.21,1.93
2007,33,21.49,16.78,27.93,254.89,4.39,72.69,2.24
2007,34,21.75,16.61,28.6,242.39,2.46,72.9,3.1
2007,35,21.87,16.9,28.81,256.16,1.3,73.76,3.55
2007,36,21.77,17.1,28.6,248.29,2.13,73.45,3.39
2007,37,20.98,15.85,26.89,266.57,1.3,73.26,3.54
2007,38,21.1,16.02,27.73,238.23,0.77,69.72,3.85
2007,39,21.29,14.58,30.05,307.41,0.12,61.92,3.29
2007,40,21.81,14.87,30.84,315.75,1.84,58.23,2.96
2007,41,22.62,15.32,31.05,271.55,0.88,58.2,2.45
2007,42,22.38,17.34,28.76,258.24,1.76,68.32,1.09
2007,43,22.04,17.68,27.77,283.7,0.58,67.29,2.25
2007,44,21.76,16.17,29.74,267.85,0.75,61.03,3.13
2007,45,21.95,15.54,30.04,276.52,0.41,57.64,2.71
2007,46,21.21,16.56,29.32,286.13,0.36,64.94,3.24
2007,47,20.5,15.77,27.09,267.85,0.31,68.96,2.86
2007,48,20.88,15.71,28.87,290.29,0.33,65.4,3.68
2007,49,20.14,14.05,28.64,303.25,0.16,62.5,4.15
2007,50,19.67,13.43,26.47,316.09,0.07,61.02,3.88
2007,51,20.02,13.21,28.34,303.6,0,54.91,4.03
2007,52,20.32,12.71,28.91,286.59,0,53.84,4.42
2007,53,21.13,13.4,30.44,331.13,0.05,51.94,3.58
2007,54,23.07,13.7,32.98,331.6,0.21,46.89,1.99
2007,55,24.12,16.68,32.78,284.51,0.76,49.74,2.25
2007,56,22.26,16.9,29.28,232.79,2.44,62.48,2.22
2007,57,22.79,17.22,29.84,267.04,4.87,64.63,1.35
2007,58,22.93,17.63,29.62,325.35,3.37,61.96,1.21
2007,59,22.82,17.54,29.88,200.39,3.71,61.65,2.37
2007,60,21.87,17.15,28.32,247.02,0.32,64.65,2.54
2007,61,20.92,16.67,26.9,262.41,0.52,69.38,2.91
2007,62,21.03,16.03,27.26,240.77,0.26,65.59,3.85
2007,63,22.13,14.79,30.93,267.85,0.36,56.17,4.27
2007,64,22.11,15.05,30.98,303.6,0.22,55.68,4.04
2007,65,22.55,14.22,31.59,341.08,0.08,51.05,4.05
2007,66,22.07,14.45,31.41,339,0.09,46.53,3.99
2007,67,22.27,14.65,31.71,319.91,0.89,53.73,3.02
2007,68,23.01,15.89,31.82,264.49,1.84,57.06,2.69
2007,69,22.47,16.6,30.41,256.16,2.07,61.94,2.94
2007,70,22,17.17,29.14,266.11,1.67,67.06,3.52
2007,71,21.22,16.03,28.06,295.73,0.59,62.28,2.88
2007,72,22.16,15.16,30.91,323.27,0.29,55.53,2.42
2007,73,22.96,16.41,31.03,278.61,0.43,57.19,2.4
2007,74,23.37,16.76,31.6,296.54,0.59,60.36,3.11
2007,75,23.35,17.84,30.63,276.99,0.88,62.02,3.53
2007,76,23.42,17.44,30.98,256.16,1.24,59.66,3.36
2007,77,23.71,16.95,32.14,316.56,2.58,56.15,2.81
2007,78,22.96,17.24,30.42,270.74,6.11,63.39,2.05
2007,79,21.52,17.78,27.06,260.79,3.49,73.19,2.79
2007,80,22.16,17.36,29.85,244.94,0.97,64.31,4.16
2007,81,22.12,16.47,29.72,230.36,0.45,63.26,4.24
2007,82,21.9,16.74,29.66,245.28,0.67,62.8,4.67
2007,83,21.73,16.27,29.75,261.6,0.67,59.34,4.63
2007,84,21.27,16.02,29.08,171.24,3.21,64.91,4.31
2007,85,21.5,16.6,28.78,159.09,1.8,65.53,4.19
2007,86,21.63,16.01,29.82,265.3,1.09,59.18,4.43
2007,87,21.73,15.99,29.75,261.94,2.39,66.11,4.53
2007,88,21.65,16.01,29.43,222.84,3.79,65.91,3.92
2007,89,21.84,16.88,29.59,198.66,3.28,67.56,3.87
2007,90,21.89,16.22,29.98,218.67,1.76,64.69,4.13
2007,91,21.9,16.52,29.76,249.91,0.46,61.95,4.3
2007,92,21.89,16.03,29.93,242.04,0.28,61.39,4.2
2007,93,22.06,16.14,29.74,254.08,0.25,61.08,3.18
2007,94,22.7,16.55,30.68,268.66,0.61,60.26,3.22
2007,95,22.85,16.58,31.64,269.93,0.38,59.15,3.63
2007,96,22.55,16.76,30.49,212.89,0.81,61.79,3.75
2007,97,22.71,16.26,31.1,257.43,0.63,57.81,3.71
2007,98,22.73,16.21,31.23,303.25,1.1,58.53,3.31
2007,99,22.3,16.27,29.81,245.75,2.16,63.21,2.74
2007,100,22.21,17.49,29.47,193.22,2.03,65.46,3.13
2007,101,22.14,17.3,29.06,149.48,0.68,63.31,3.17
2007,102,22.36,16.38,30.35,207.8,2.21,61.44,3.59
2007,103,22.45,16.58,29.86,238.23,3.5,65.23,3.54
2007,104,21.96,17.47,28.71,244.47,3.67,70.15,3.92
2007,105,22.72,16.02,30.88,198.66,1.11,58.46,2.95
2007,106,21.99,16.67,29.31,217.4,4.91,69.66,3.15
2007,107,21.52,16.83,27.98,194.14,6.75,73.33,3.06
2007,108,21.46,17.33,28.01,195.76,12.18,75.03,2.52
2007,109,20.91,17.45,26.82,215.32,11.47,78.38,2.81
2007,110,21.52,17,28.28,220.76,6.63,73.89,2.88
2007,111,21.77,16.58,28.92,189.05,6.02,70.55,2.87
2007,112,21.71,15.35,30.05,189.98,1.45,63.38,2.5
2007,113,21.56,17.23,28.42,205.71,4.95,73.66,3.83
2007,114,21.43,17.08,28.08,192.41,3.6,73.28,4.21
2007,115,20.85,16.89,27.15,143.24,3.34,76.46,3.98
2007,116,21.45,16.6,28.33,219.48,1.55,70.53,4.02
2007,117,21.57,16.38,28.61,219.95,1.19,68.25,3.67
2007,118,21.62,15.78,29.32,259.05,1.06,66.36,3
2007,119,22.48,16.46,30.92,286.13,0.57,61.17,2.48
2007,120,21.99,16.2,30.66,244.94,0.77,57.36,2.72
2007,121,21.64,15.82,29.41,231.98,1.41,66.47,3.57
2007,122,21.7,16.3,29.39,222.84,1.6,65.02,3.87
2007,123,21.23,15.42,29.03,206.18,2.71,68.24,3.21
2007,124,21.04,15.81,28.59,214.97,8.16,70.08,2.92
2007,125,20.64,15.99,27.64,179.1,11.5,72.43,3.28
2007,126,20.61,16.03,27.72,184.89,1.92,70.19,3.22
2007,127,20.99,15.05,28.79,211.62,1.06,64.26,3.23
2007,128,21.51,16.05,28.99,222.03,1.67,67.53,3.39
2007,129,21.36,16.54,27.94,153.3,1.92,73.22,3.76
2007,130,21.26,15.95,28.43,204.09,0.83,69.09,3.92
2007,131,20.01,16.54,24.61,116.63,2.46,78.75,4.08
2007,132,20.08,13.76,27.2,126.58,2.19,73.99,3.55
2007,133,20.09,15.03,27.19,114.54,4.92,76.8,3.41
2007,134,20.55,15.75,27.56,172.05,1.26,71.57,3.26
2007,135,21.02,15.11,28.45,228.62,0.9,68.77,2.54
2007,136,20.72,16.55,26.63,210.34,3,74.85,2.99
2007,137,19.13,16.49,22.77,169.96,5.13,86.14,2.9
2007,138,20.25,15.1,27.54,146.59,1.66,73.16,2.77
2007,139,20.88,14.73,28.82,215.78,1.84,68.97,2.97
2007,140,20.62,14.62,28.69,222.38,0.46,65.4,2.88
2007,141,20.79,15.16,29.31,261.6,0.07,61.57,2.95
2007,142,21.34,15.47,29.35,254.54,0.18,65.43,3.35
2007,143,21.19,15.18,28.79,266.57,0.17,65.46,3.89
2007,144,21.09,15.03,28.58,249.91,0.24,67.64,3.28
2007,145,21.41,15.69,29.12,201.55,0.33,63.94,2.94
2007,146,20.73,15.74,27.91,165.8,2.79,69.9,2.89
2007,147,20.43,15.75,27.02,216.59,1.32,69.73,3.06
2007,148,20.65,15.3,27.99,231.17,0.11,63.57,3.27
2007,149,20.26,14.76,27.41,117.09,0.61,69.55,3.14
2007,150,20.66,15.35,28.21,191.14,0.5,70.26,3.1
2007,151,19.55,15.87,25.82,219.48,5.14,77.47,3.27
2007,152,19.89,15.15,26.39,152.03,1.25,73.91,3.18
2007,153,20.37,15.27,27.07,169.5,0.3,68.25,3.48
2007,154,19.87,13.64,26.98,157,1.41,71.9,3.04
2007,155,19.83,14.57,26.52,232.79,0.22,70.44,3.05
2007,156,20.94,15.95,28.23,223.3,0.53,67.52,2.63
2007,157,21.35,15.78,29.01,215.78,0.41,62.49,1.99
2007,158,21.41,15.92,28.76,217.86,0.57,66.8,1.76
2007,159,19.46,16.46,23.43,193.68,0.6,78.67,1.64
2007,160,20,16.24,25.1,214.51,0.6,75.2,1.8
2007,161,20.36,15.04,27.43,201.2,0.37,61.6,1.85
2007,162,20.23,13.52,27.43,231.98,0.3,63.97,2.53
2007,163,19.75,14.34,26.65,239.04,0.1,62.87,2.12
2007,164,19.03,13.52,25.32,240.31,0.5,60.1,1.57
2007,165,20.03,14.3,27.49,213.24,0.27,56.18,1.52
2007,166,20.43,13.5,28.41,262.87,0.78,56.13,1.58
2007,167,19.27,14.74,24.87,172.05,1.33,68.43,1.85
2007,168,19.16,13.46,26.81,210.34,0.28,60.64,2.44
2007,169,19.21,11.5,27.92,288.67,0.22,52.28,2.59
2007,170,18.93,11.19,28.24,286.59,0.2,52.84,2.37
2007,171,18.95,10.92,27.63,287.4,0.11,50.62,2.46
2007,172,19.14,12.21,27.29,219.14,0.51,56.85,1.96
2007,173,18.33,12.89,24.94,161.98,0.65,63.03,1.9
2007,174,18.53,11.72,26.9,194.49,0.84,58.51,2.61
2007,175,18.42,12.55,25.75,157,0.19,59.15,2.27
2007,176,17.15,12.83,21.57,140.34,0.93,69.9,2.18
2007,177,18.94,14.17,25.68,142.08,1.04,65.37,3.36
2007,178,20,13.49,27.72,210.81,0.63,62.26,3.22
2007,179,19.77,14.03,27.63,145.32,2.06,67.42,3.56
2007,180,19.8,14.44,27.25,146.24,0.86,64.89,3.2
2007,181,20.7,14.2,29.59,248.29,0.27,59.73,2.76
2007,182,21.23,14.7,30.21,282.77,0.89,61.03,2.22
2007,183,20.53,14.88,28.46,252.46,3.23,65.83,2.21
2007,184,19.47,13.81,27.03,170.31,0.79,62.41,3.22
2007,185,18.37,11.89,26.26,186.16,0.07,57.87,2.38
2007,186,18.67,13.82,25.22,159.09,0.28,59.6,2.67
2007,187,18.6,12.93,26.22,118.71,0.55,62.09,2.83
2007,188,19.22,13.49,26.36,207.45,0.36,60.79,3.8
2007,189,19.21,13.79,26.44,168.23,0.25,62.68,3.78
2007,190,19.69,12.88,28.25,159.09,0.09,58.65,3.01
2007,191,19.08,14.31,25.97,141.62,0.12,62.59,3.25
2007,192,18.76,13.2,25.78,118.71,0.09,60.94,2.64
2007,193,18.81,13.26,26.22,144.16,0.09,62.49,3.4
2007,194,19.59,13,28.41,137.91,0.04,54.35,2.84
2007,195,18.88,12.99,26.09,123.68,0.04,60.46,2.8
2007,196,18.59,12.75,25.31,105.4,0.3,61.82,2.98
2007,197,18.91,13.16,26.01,179.91,0.12,55.85,3.44
2007,198,18.95,13.07,26.51,174.48,0.86,65.99,3.75
2007,199,19.12,13.75,26.36,129.93,0.67,63.56,3.94
2007,200,18.95,12.45,26.36,110.38,0.43,60.47,3.47
2007,201,19.19,13.95,25.97,159.55,0.33,61.84,3.53
2007,202,19.51,13.56,27.3,156.2,0.11,62.16,3.71
2007,203,19.72,14.15,27,170.31,0.24,60.08,3.35
2007,204,19.47,12.68,26.73,217.86,0.18,57.22,2.81
2007,205,19.63,14.09,26.87,223.65,0.49,61.89,2.64
2007,206,18.77,14.29,24.74,186.16,0.99,66.73,2.45
2007,207,19.98,14.09,26.61,169.15,2,61.44,1.68
2007,208,19.87,15.07,25.58,254.54,3.82,70.04,1.29
2007,209,19.31,15.98,24.16,242.04,6.88,75.39,1.84
2007,210,21.03,14.97,27.72,281.96,7.58,68.42,1.77
2007,211,20.11,14.52,26.44,215.78,5.59,69.53,2.24
2007,212,19.84,12.48,28.31,242.39,0.77,59.94,2.96
2007,213,19.44,14.11,26.31,82.49,0.62,66.44,3.89
2007,214,19.47,13.83,26.69,203.28,0.66,67.44,4.21
2007,215,19.49,14.14,27.01,128.66,1.93,71.58,3.96
2007,216,19.33,14.02,26.62,175.75,1.92,68.36,3.37
2007,217,19.31,13.95,26.61,207.45,1.85,67.21,3.1
2007,218,18.98,13.35,26.07,163.72,1.45,67.5,2.75
2007,219,19.05,14.56,25.69,192.06,3.11,69.3,2.8
2007,220,17.64,14.52,22.38,88.28,2.76,74.46,3.32
2007,221,19.13,13.62,26.16,129.93,0.88,66.26,3.5
2007,222,18.66,13.79,25.31,90.01,0.91,68.85,3.64
2007,223,18.02,13.58,24.05,103.67,0.42,69.27,2.91
2007,224,19.09,13.19,27.4,201.55,0.31,62.39,2.91
2007,225,18.78,13.57,25.44,146.24,0.23,66.29,3.09
2007,226,18.75,13.61,25.5,199.47,0.47,66.74,3.12
2007,227,19.98,13.38,28.17,267.04,0.4,60.16,2.33
2007,228,20.76,13.96,28.45,252.8,0.32,59.46,2.55
2007,229,21.04,15.28,28.22,186.62,1.66,63.22,2.93
2007,230,19.88,15.6,26.5,152.84,2.49,71.87,4.68
2007,231,19.28,13.56,26.7,243.66,1.55,68.95,4.58
2007,232,19.25,14.21,26.84,139.53,1.67,69.62,4.94
2007,233,19.17,12.97,26.83,149.95,0.89,67.56,4.19
2007,234,19.76,13.76,27.64,223.3,0.56,64.56,4.29
2007,235,20.1,13.46,28.65,217.86,0.41,61.06,3.41
2007,236,20.08,13.93,29.11,284.85,0.09,53.87,3.07
2007,237,19.97,12.13,28.81,301.98,0.25,55.25,3.62
2007,238,19.97,14.17,28.05,160.82,0.31,60.72,3.96
2007,239,19.92,13.71,27.92,233.25,0.06,57.01,2.86
2007,240,20.55,13.82,28.89,254.54,1.25,58.24,2.7
2007,241,20.37,14.71,27.1,229.09,0.88,62.33,2.36
2007,242,20.42,14.2,27.98,278.61,0.3,56.11,2.49
2007,243,20.23,14.34,26.79,184.89,0.15,60.17,2.55
2007,244,20.76,15.05,28.26,239.96,0.14,61.28,3.66
2007,245,21.28,14.14,29.77,264.95,0.2,55.15,3.61
2007,246,20.34,14.67,27.56,195.3,0.18,60.91,3.86
2007,247,20.08,14.23,26.82,204.9,0.15,59.17,3.57
2007,248,20.74,14.54,29.05,169.15,0.08,54.54,3.47
2007,249,21.19,14.66,29.44,215.78,0.13,58.1,3.49
2007,250,21.69,13.87,30.11,259.05,0.25,51.59,4.01
2007,251,21.53,15.31,29.47,266.11,0.49,56.77,3.45
2007,252,20.77,15.56,28.35,211.15,3.03,64.35,3.66
2007,253,19.9,14.83,26.51,169.96,2.07,65.53,3.01
2007,254,21.02,14.54,29.11,251.18,1.54,60.99,2.93
2007,255,21.77,15.16,29.69,266.57,1.89,59.56,2.24
2007,256,19.46,15,24.43,113.73,3.38,65.73,2.44
2007,257,19.28,15.3,24.65,132.48,3.55,72.33,2.43
2007,258,19.68,15.39,25.93,112.46,1.73,67.73,3.05
2007,259,20.41,15.09,27.13,147.86,1.66,60.99,3.18
2007,260,21.16,15.43,29.16,213.7,1.35,59.98,3.95
2007,261,21.11,14.46,29.64,244.47,0.15,57.34,5.36
2007,262,20.75,12.72,29.62,329.05,0.07,48.48,4.52
2007,263,20.82,13.48,29.45,310.31,0.31,59.47,4.51
2007,264,21.03,14.1,29.42,224.46,0.04,52.82,4.58
2007,265,21.12,13.97,30.47,291.56,0.01,46.4,3.48
2007,266,21.7,12.43,32.42,321.18,0,41.77,2.33
2007,267,22.37,13.88,32.52,329.86,0.04,43.94,3.1
2007,268,22.61,14.36,33.17,329.51,0.2,38.91,3.06
2007,269,21.92,14.02,32.03,341.08,0,39.37,3.6
2007,270,21.28,12.93,30.72,320.26,0.06,46.8,3.9
2007,271,20.53,13.3,29.58,206.99,1.83,59.63,4.49
2007,272,20.53,14.84,28.47,203.63,1.8,64.2,4.6
2007,273,20.66,14.19,29.1,182.46,0.29,57.52,4.68
2007,274,20.84,14.32,29.87,282.42,0.12,50.74,4.27
2007,275,21.31,14.07,30.74,240.77,0.39,52.62,3.74
2007,276,21.77,15.47,30.61,244.47,1.28,58.27,4.03
2007,277,22.14,15.21,31.65,313.66,0.47,50.75,4.13
2007,278,21.89,15.51,30.62,265.76,1.13,57.24,4.19
2007,279,21.82,15.93,29.87,233.25,1.72,60.24,3.53
2007,280,20.98,15.62,27.99,169.5,1,60.3,3.72
2007,281,20.95,15.41,28.51,183.27,1.02,64.71,4.36
2007,282,21.65,15.05,30.24,255.7,1.56,55.9,4.51
2007,283,21.65,16.41,29.06,258.24,4.47,65.79,4.21
2007,284,20.65,15.73,28.1,190.33,2.55,62,3.72
2007,285,20.6,14.9,28.44,264.95,0.48,59.19,3.99
2007,286,20.41,14.87,27.8,232.79,0.38,61.69,4.21
2007,287,20.72,15.29,27.89,199.47,0.48,60.8,4.24
2007,288,21.46,15.24,29.69,254.08,0.71,59.01,4.53
2007,289,21.37,15.61,28.96,257.78,0.93,61.09,4.66
2007,290,21.78,15.18,30.35,260.33,0.34,52.98,4.31
2007,291,21.93,15.93,30.3,274.44,1.02,59.63,4.33
2007,292,21.95,15.7,29.91,279.88,0.23,55.04,4.2
2007,293,22.03,15.29,30.86,262.41,0.28,55.02,4.71
2007,294,21.77,16.03,29.37,231.17,3.73,62.48,4.33
2007,295,21.87,15.83,30.1,244.94,0.6,54.21,4.35
2007,296,22.06,15.13,30.43,243.2,0.6,56.26,3.87
2007,297,21.83,15.83,29.86,228.62,5.6,62.27,4.37
2007,298,21.2,16.9,28.17,252.46,8.92,70.12,5.13
2007,299,20.44,15.37,27.57,223.65,14.18,68.82,4.95
2007,300,20.02,14.83,27,211.15,7.11,70.02,4.57
2007,301,20.1,13.48,28.24,250.37,0.76,64.46,4.21
2007,302,20.27,13.54,29,271.55,0.15,55.55,3.64
2007,303,21.06,14.93,29.43,227.47,0.63,61.77,3.66
2007,304,21.58,16.32,29.02,227.81,1.38,66.2,4.31
2007,305,21.25,16.2,28.3,136.18,0.62,66.51,3.99
2007,306,21.22,15.68,28.69,243.66,0.24,60.32,3.52
2007,307,21.03,14.48,29.34,268.19,0.2,59.1,3.58
2007,308,21.2,14.77,30.17,257.43,0.15,56.42,3.54
2007,309,21.43,15.42,30.09,273.28,0.49,59.35,3.87
2007,310,22.06,15.54,31.12,270.28,0.64,58.26,3.63
2007,311,21.61,16.51,28.99,219.14,2.38,66.14,4.43
2007,312,21.77,15.88,30.13,247.37,1.19,59.96,3.77
2007,313,22.09,16.06,30.6,261.13,1.76,60.08,3.64
2007,314,21.92,16.25,29.6,255.35,2.81,66,3.73
2007,315,21.39,17.37,27.75,174.13,5.51,71.35,4.22
2007,316,21.2,17.04,28.15,173.32,6.28,71.55,4.85
2007,317,20.82,15.78,28.06,222.84,2.02,67.21,4.38
2007,318,21.28,15.68,29.17,189.05,0.93,63.88,3.62
2007,319,21.07,15.03,28.73,219.48,5.04,70.22,3.83
2007,320,20.8,16.33,27.55,172.86,4.27,72.98,4.41
2007,321,19.92,15.66,26.4,145.78,1.05,74.14,3.86
2007,322,20.8,15.64,28.08,186.16,2.34,69.69,3.54
2007,323,20.43,16.49,27.09,253.61,3.13,73.05,4.41
2007,324,20.86,15.75,28,256.62,0.97,69.04,4.65
2007,325,21.2,16.66,28.06,181.19,0.6,70.18,4.7
2007,326,21.33,16.73,28.43,144.16,1.15,69.22,4.7
2007,327,21.44,17.03,28.33,249.1,2.26,69.39,4.6
2007,328,21.6,16.31,28.99,237.88,1.66,68.11,3.96
2007,329,21.6,16.43,29.32,278.26,2.37,66.46,3.78
2007,330,21.82,15.62,30.28,311.93,1.87,63.81,3.65
2007,331,22.01,16.86,30.03,278.61,3.98,66.08,3.94
2007,332,21.35,16.73,28.73,285.78,3.29,71.31,4.36
2007,333,20.79,15.97,27.47,237.88,4.13,72.77,4.5
2007,334,20.87,16.61,27.31,178.29,1.64,71.74,4.9
2007,335,20.86,16.36,28.19,200.74,1.9,68.54,5.02
2007,336,20.88,16.11,27.94,185.35,1.04,69.87,4.57
2007,337,20.85,15.89,27.69,241.58,1.93,71.32,3.72
2007,338,21.28,16.11,28.58,251.18,1.88,68.5,3.91
2007,339,21.8,15.81,29.69,249.45,0.54,63.37,3.76
2007,340,21.4,15.72,28.85,248.64,1.16,67.47,4.21
2007,341,20.42,17.23,25.32,240.31,1.73,76.9,4.43
2007,342,21.25,16.73,28.48,220.29,2.18,68.4,4.02
2007,343,20.91,16.21,27.77,231.98,2.24,69.75,3.69
2007,344,20,17.08,25.14,225.73,2.18,78.24,3.57
2007,345,20.04,16.43,26.09,248.64,0.89,72.63,3.82
2007,346,20.94,16.89,27.84,231.17,6.46,68.88,3.14
2007,347,20.5,16.38,27.17,239.04,12.65,73.8,3.25
2007,348,20.46,14.54,28.65,314.47,4.04,65.91,3.85
2007,349,19.9,12.98,28.99,326.97,1.64,58.2,3.49
2007,350,19.9,12.42,29.36,326.51,0.85,55.61,4.04
2007,351,19.61,12.09,29.51,306.14,0.12,47.06,3.84
2007,352,20.18,12.77,29.2,318.18,0.49,57.44,3.77
2007,353,20.69,13.4,29.26,285.32,1.98,57.24,3.01
2007,354,20.38,15.68,26.87,254.08,5.47,61.96,1.79
2007,355,19.9,15.7,25.85,177.02,1.48,72.48,1.43
2007,356,20.86,15.71,27.84,167.88,1.28,68.98,3.18
2007,357,21.28,15.49,29.37,302.44,0.39,57.6,3.81
2007,358,20.75,13.8,29.68,311.93,0.33,52.6,3.83
2007,359,21.31,14.07,29.49,271.55,0.33,57.37,3.88
2007,360,21.85,15.3,29.55,242.39,0.53,60.04,4.07
2007,361,20.37,15.48,27.41,215.32,5,71.47,4.7
2007,362,19.53,15.16,26.47,228.28,3.68,72.53,4.9
2007,363,19.45,13.29,27.43,265.3,2.01,67.39,4.31
2007,364,20.03,13.39,28.15,264.95,2.02,67.21,4.15
2007,365,20.28,15.12,27.66,229.09,0.97,71.76,4.49
2008,1,20.79,15.05,28.33,254.54,0.1,66.55,4.27
2008,2,20.66,13.81,28.98,292.14,0.12,60.19,4.11
2008,3,21.11,13.58,30.19,291.56,0.08,55.94,3.97
2008,4,21.5,13.92,30.5,287.75,0.12,57.5,3.77
2008,5,22.23,15.65,30.3,277.1,0.2,58.6,4.12
2008,6,21.67,14.98,30.61,289.83,0.03,54.04,3.91
2008,7,21.12,13.09,29.95,298.74,0.01,49.95,4.18
2008,8,21.53,13.35,31.03,296.54,0.01,47.57,4.32
2008,9,21.63,13.87,30.25,250.61,0.04,55.69,4.54
2008,10,21.55,15.56,28.79,250.03,0.02,61.62,4.54
2008,11,20.82,16.21,28.2,255.81,0.92,68.28,4.46
2008,12,20.92,16.4,27.58,261.02,1.18,65.73,4.43
2008,13,21.82,15.87,29.94,270.16,0.84,60.73,4.45
2008,14,21.11,16.98,28.32,253.5,4.15,68.82,4.07
2008,15,21.21,15.35,28.65,255.35,3.48,68.22,3.27
2008,16,19.81,16.65,25.44,133.29,3.63,79.62,3.73
2008,17,20.57,16.14,27.21,246.21,4.14,72.41,4.57
2008,18,19.98,16.04,25.46,-99.99,2.15,73.39,4.69
2008,19,20.41,15.13,27.7,234.64,3.12,72.11,4.18
2008,20,18.36,16.14,21.93,139.19,8.16,87.29,3.29
2008,21,19.39,14.64,25.72,253.96,0.6,67.81,2.88
2008,22,20.29,15.66,26.23,290.87,0.8,72.09,3
2008,23,21.35,16.18,29.45,294.8,1.45,63.08,2.39
2008,24,20.68,15.15,27.78,280.46,0.39,61.08,3.58
2008,25,21.36,15.07,30.46,265.99,0.43,51.13,4
2008,26,21.35,14.8,28.89,296.31,0.36,56.76,2.85
2008,27,21.06,17.31,26.78,189.05,0.78,70.3,1.3
2008,28,21.35,15.56,28.58,266.23,0.16,57.93,3.72
2008,29,21.37,14.9,29.19,271.66,0.1,55.77,3.71
2008,30,22.24,15.17,31.31,292.37,0.03,48.55,3.63
2008,31,22.81,15.62,31.28,294.23,0.1,50.2,3.3
2008,32,22.28,16.26,30.32,246.79,0.07,49.5,3.4
2008,33,22.05,15.41,30.36,298.04,0.02,46.48,4.81
2008,34,20.82,13.33,29.67,306.72,0.01,53.03,4.78
2008,35,21.73,12.97,31.47,300.94,0.02,46.22,3.82
2008,36,22.74,14.99,32.15,292.95,1.43,51.67,3.18
2008,37,22.43,16.32,30.78,283.58,2.46,53.16,2.01
2008,38,20.47,17.26,24.59,134.33,3.67,70.52,1.22
2008,39,20,16.18,25.69,247.14,6.04,69.9,1.97
2008,40,21.44,14.05,30.57,301.05,2.24,53.52,3.45
2008,41,21.13,14.44,29.47,236.95,1.62,57.3,3.7
2008,42,21.44,15.57,28.87,233.6,2.36,55.16,2.23
2008,43,21.5,15.52,29.59,269.58,4.02,55.69,2.35
2008,44,21.78,14.73,29.86,278.49,2.03,52.91,1.76
2008,45,22.42,15.29,30.9,278.14,1.83,57.66,1.62
2008,46,22.44,15.93,29.81,268.08,0.21,53.36,2.54
2008,47,22.18,15.38,30.02,284.74,0.11,56.3,3.67
2008,48,21.85,15.4,29.66,180.49,0.02,58.92,4.14
2008,49,21.64,15.29,29.3,269.35,0.05,61.8,4.27
2008,50,22,15.74,29.32,294.69,0.04,60.48,4.15
2008,51,21.73,16.5,28.53,252.8,0.12,60.57,3.84
2008,52,22,15.51,30.16,290.29,0.08,53.5,4.2
2008,53,21.33,15.04,28.41,281.5,0.03,51.38,4.51
2008,54,21.42,13.69,30.32,312.27,0,41.51,4.72
2008,55,21.71,13.79,30.66,270.04,0.02,48.64,4.48
2008,56,22.46,14.77,31.05,269.23,0.03,52.86,3.8
2008,57,22.76,16.04,30.82,289.71,0.09,54.85,4.07
2008,58,23.47,16.4,32.12,285.32,0.01,50.35,3.57
2008,59,23.28,15.24,32.09,279.07,0.03,46.04,3.58
2008,60,23.24,15.68,32.33,303.94,0,45.68,3.71
2008,61,22.73,15.14,31.44,278.26,0.08,46.95,3.5
2008,62,23.38,15.57,31.77,289.83,0.48,48.5,3.4
2008,63,23.76,16.62,32.08,276.99,0.83,49.72,3.74
2008,64,23.36,16.83,31.06,262.64,1.13,53.64,2.95
2008,65,23.69,16.98,31.54,265.76,0.54,53.13,3.39
2008,66,23.38,17.14,31.38,267.15,0.29,56.57,4.64
2008,67,22.52,17.46,29.33,229.43,0.54,62.32,5.01
2008,68,22.05,17.07,28.83,252.23,1.05,64.12,5.3
2008,69,22.67,16.52,30.52,248.64,0.66,57.98,5.02
2008,70,22.36,16.32,29.8,281.61,0.3,57.77,4.42
2008,71,23.14,15.78,32.03,283.7,0.28,51.65,3.92
2008,72,23.76,16.7,32.75,297.46,1.97,53.49,3.19
2008,73,21.39,17.87,27.17,275.25,5.06,70.07,2.55
2008,74,20.85,17.03,26.16,275.6,1.51,72.47,2.25
2008,75,22.14,16.49,29.5,283.47,0.72,64.25,2.97
2008,76,22.35,16.46,30.24,282.77,0.73,60.94,3.55
2008,77,22.76,16.68,31.19,286.59,0.84,57.86,3.53
2008,78,22.97,17.02,30.25,292.61,0.52,59.47,3
2008,79,23.32,17.79,30.58,268.31,1.22,59.67,2.86
2008,80,22.94,18.19,28.76,303.83,2.09,60.89,1.14
2008,81,21.67,17.68,27.54,275.6,6.42,66.95,1.49
2008,82,21.02,17.53,25.99,256.04,4.05,72.61,1.82
2008,83,21.5,17.61,28.05,219.14,0.84,71.42,2.27
2008,84,20.01,17.02,24.13,192.99,4.1,77.05,1.42
2008,85,22.19,15.92,30.34,286.24,6.68,66.67,1.52
2008,86,20.07,18.09,23.69,200.05,8.27,83.33,2.91
2008,87,20.37,17.2,25.06,214.62,1.19,77.28,2.11
2008,88,21.39,17.21,28.42,217.28,8.83,73.31,1.87
2008,89,21.17,17.39,27.63,-99.99,11,74.22,2.47
2008,90,21.41,16.9,28.9,258.94,6.58,70.82,3.56
2008,91,21.26,16.32,28.8,273.75,2.74,69.79,3.79
2008,92,21.41,15.76,28.96,264.72,0.33,64.71,4.21
2008,93,21.66,16.27,29.21,266.46,0.29,64.31,4.47
2008,94,21.44,16.27,29.02,276.29,0.17,62.57,4.69
2008,95,21.14,16.06,28.46,271.43,0.48,63.85,4.51
2008,96,21.02,15.21,29.09,225.27,0.14,60.7,4.1
2008,97,21.57,16.41,29.02,257.43,0.26,64.09,4.37
2008,98,21.55,16.39,29.4,290.41,0.28,62.57,4.09
2008,99,21.4,14.97,29.4,261.25,0.26,62.67,3.34
2008,100,20.59,16.39,27.19,236.95,5.61,70.67,2.97
2008,101,19.98,15.51,25.99,244.71,6.8,76.04,2.97
2008,102,20.42,15.98,27.15,249.1,5.07,71,2.45
2008,103,20.62,15.59,27.9,226.08,1.93,71.69,3.14
2008,104,21.07,16.39,28,235.45,1.41,70.66,3.18
2008,105,21.37,15.94,28.99,152.15,0.73,67.81,3.36
2008,106,21.81,16.24,29.59,252.57,0.55,65.39,3.62
2008,107,21.59,15.83,29.63,266.92,1.77,65.79,3.58
2008,108,21.62,16.5,29.74,252.57,0.93,63.65,3.21
2008,109,20.28,15.22,26.62,253.5,3.09,67.49,2.55
2008,110,21.36,14.78,29.85,270.16,5.83,64.55,2.76
2008,111,20.69,16.12,27.56,222.03,5.61,74.43,3.25
2008,112,19.72,16.33,25.46,255.58,14.71,80.09,3.44
2008,113,20.72,15.97,27.72,255.58,3.93,71.42,2.43
2008,114,20.42,15.96,27.08,252.34,4.99,73.22,3.98
2008,115,20.07,15.97,26.57,193.91,4.46,73.31,4.48
2008,116,19.85,14.91,26.29,244.82,3.72,75.18,4.5
2008,117,20.21,15.16,27.57,238.8,2.06,68.42,3.92
2008,118,20.58,15.47,27.58,252.46,0.49,70.76,3.54
2008,119,20.65,14.06,27.99,257.2,0.52,69.8,3.12
2008,120,21.28,15.92,28.46,245.98,0.95,70.79,3.67
2008,121,21.2,15.84,28.53,192.41,0.74,69.59,3.63
2008,122,20.79,14.77,28.25,251.07,0.73,71.72,3.62
2008,123,20.72,15.43,28.13,263.45,1.22,71.22,4.14
2008,124,19.86,14.15,27.17,253.15,0.6,68.02,3.76
2008,125,19.94,14.11,28.04,235.22,0.4,63.65,3.56
2008,126,20.61,14.6,28.28,233.6,0.4,66.12,3.35
2008,127,21.51,15.5,29.21,266.69,0.16,61.74,3.11
2008,128,21.67,15.25,29.73,274.67,0.53,61.46,2.66
2008,129,21.33,16.2,28.58,228.74,0.76,66.76,2.9
2008,130,20.91,14.93,28.62,251.88,0.34,63.78,2.85
2008,131,21.1,14.89,28.89,241.47,0.64,64.99,2.83
2008,132,21.23,15.47,29.32,265.76,0.33,62.59,3.19
2008,133,21.54,15.59,29.76,268.89,0.15,60.53,3.22
2008,134,21.3,15.98,28.6,239.15,0.74,69.37,3.71
2008,135,20.85,15.61,28.1,230.59,0.54,64.44,4.01
2008,136,20.67,14.32,28.47,253.27,0.5,62.91,3.87
2008,137,20.51,14.87,27.65,209.07,1.6,69.02,3.46
2008,138,20.43,15.82,26.99,141.96,0.54,71.64,3.77
2008,139,20.31,14.34,27.74,160.13,0.74,67.18,3.17
2008,140,20.17,14.86,26.81,208.61,0.76,68.77,3.54
2008,141,20.45,14.95,28.27,209.65,0.41,62.87,3.49
2008,142,20.49,14.41,28.66,246.44,0.13,60.88,3.41
2008,143,20.13,13.68,27.67,208.03,0.13,63.48,3.3
2008,144,19.46,14.12,26.25,188.01,0.66,69.66,3.99
2008,145,19.75,14.86,26.28,180.61,1.48,69.1,3.64
2008,146,20.41,14.6,28.35,204.56,0.28,61.33,3.15
2008,147,19.77,15.03,27.34,187.09,5.14,70.28,3.14
2008,148,19.97,14.09,28.04,251.76,0.66,62.08,3.34
2008,149,19.13,14.42,26.64,164.06,6.72,73.58,3.03
2008,150,19.33,14.08,26.44,180.84,2.83,73.88,3.83
2008,151,19.31,14.48,26.18,148.91,2.76,72.3,4.13
2008,152,19.45,13.86,26.31,199.7,0.2,67.02,3.92
2008,153,20.01,13.97,27.63,246.21,0.35,64.48,3.46
2008,154,20.44,13.78,28.49,250.03,0.52,61.05,2.71
2008,155,20.9,15.02,28.65,242.51,0.49,64.53,2.51
2008,156,20.84,15.85,28.06,185.12,0.61,67.82,3.15
2008,157,20.63,14.68,28.99,246.56,0.22,57.09,3.31
2008,158,20.08,14.93,27.2,220.87,0.31,65.13,2.73
2008,159,20.31,15.08,27.6,164.99,0.19,66.56,2.7
2008,160,20.53,15.1,28.29,124.03,0.17,62.59,1.79
2008,161,19.04,13.9,26.05,110.49,0.07,61.8,2.29
2008,162,19.13,12.77,27.26,198.54,0.07,56.35,2.41
2008,163,19.39,12.35,27.96,251.18,0.04,55.27,2.45
2008,164,18.53,12.69,25.58,127.62,0.13,61.62,2.21
2008,165,18.2,11.67,26.78,159.67,0.02,56.92,3.2
2008,166,17.72,12.43,24.62,133.86,1.02,70.6,4.06
2008,167,18.46,12.79,25.8,135.95,1.27,70.1,4.1
2008,168,19.01,13.71,26.64,126.69,1.45,72.29,4.09
2008,169,19.34,13.27,27.25,177.48,0.18,62.91,3.38
2008,170,19.54,13.09,27.56,182,0.15,59.38,3.33
2008,171,19.02,13.2,25.71,111.19,0.66,65.1,2.82
2008,172,17.64,14.5,22.72,121.37,0.76,72.48,2.98
2008,173,18.34,13.5,25.53,148.21,0.25,67.74,3.68
2008,174,18.95,13.24,26.41,180.38,0.11,66.29,3.8
2008,175,18.8,13.81,25.6,182.23,0.44,67.59,3.73
2008,176,19.2,13.94,26.58,141.15,0.19,64,2.83
2008,177,19.51,13.41,27.72,247.83,0.05,57.55,2.75
2008,178,19.26,12.34,27.71,218.21,0.08,58.31,3.08
2008,179,19.22,13.12,26.84,214.28,0.12,60.91,3.12
2008,180,19.98,13.25,29.31,238.92,0.06,54.6,2.01
2008,181,20.23,11.71,30.04,263.8,0.02,48.65,2.12
2008,182,20.47,12.06,29.85,255.58,0.03,53.09,2.5
2008,183,20.28,13.92,28.86,168.46,0.09,57.49,2.4
2008,184,19.87,13.05,28.33,140.69,0.21,55.76,2.53
2008,185,19.75,13.78,27.68,144.86,0.41,61.17,2.72
2008,186,20.46,14.74,28.31,227.35,1.99,63.05,2.78
2008,187,20.43,15.2,27.37,215.66,0.78,65.35,2.23
2008,188,20.1,15.35,27.33,154.23,1.04,67,3.1
2008,189,19.81,14.07,28.51,263.8,0.07,53.44,3.4
2008,190,19.05,12.76,28.29,270.74,0.03,49.15,2.92
2008,191,18.99,10.67,28.69,266.8,0.03,51.39,2.83
2008,192,19.53,13.83,26.54,176.1,0.18,61.6,2.58
2008,193,20.48,13.61,28.9,257.78,0.02,51.73,2.37
2008,194,19.85,13.42,27.59,158.74,0.17,57.72,2.05
2008,195,19.07,14.17,25.22,135.6,0.3,62.58,2.75
2008,196,17.88,13.95,23.56,139.65,0.23,64.97,3.46
2008,197,18.66,12.82,26.17,148.33,0.59,61.93,3.53
2008,198,19.31,13.37,27.09,203.75,0.52,61.37,3.55
2008,199,19.6,14.2,26.98,178.41,0.67,62.07,3.14
2008,200,19.21,13.65,26.78,135.25,0.85,60.83,3.24
2008,201,18.46,13.54,25.24,234.99,0.67,57.9,2.38
2008,202,19.56,13.42,26.27,202.59,1.02,54.96,2.4
2008,203,19.12,14.14,25.86,152.15,1.34,65.58,3.42
2008,204,19.07,13.56,26.78,142.31,1.22,64.89,3.63
2008,205,17.35,12.98,23.14,137.8,2.06,69.82,3.48
2008,206,17.88,13.11,24.37,145.2,0.61,65.87,3.41
2008,207,18.71,12.53,26.5,165.1,0.07,58.76,2.85
2008,208,18.98,12.66,26.34,239.96,0.28,59.07,2.63
2008,209,18.11,13.22,23.76,177.37,0.3,65.26,2.16
2008,210,19.04,13.42,25.57,183.96,0.39,61.79,2.23
2008,211,19.14,13.98,25.45,145.43,1.22,65.18,2.48
2008,212,18.01,14.63,23.09,97.65,1.69,71.93,2.54
2008,213,18.64,13.56,25.47,119.06,1.2,66.71,3.21
2008,214,18.32,13.74,25.09,119.06,0.72,66.44,3
2008,215,17.72,13.64,23.85,131.32,1.23,70.08,2.58
2008,216,18.83,13.51,25.34,160.01,0.54,65.09,3.2
2008,217,19.64,14.05,26.85,227.93,0.12,58.83,3.16
2008,218,19.91,13.74,27.93,183.96,0.16,57.17,2.9
2008,219,19.99,13.94,27.84,224.92,0.2,57.66,2.71
2008,220,20.53,13.89,28.93,243.2,0.05,56.25,3.44
2008,221,20.82,14.55,29.1,261.02,0.07,57.37,3.69
2008,222,21.14,13.28,29.64,279.76,0.01,49.3,3.51
2008,223,21,15.02,28.71,223.07,0.51,58.31,4.06
2008,224,20.22,14.84,27.62,221.91,0.17,59.31,4.62
2008,225,19.39,13.52,27.1,254.66,0.12,58.66,5.09
2008,226,19.46,12.73,27.79,186.62,0.48,63.62,4.4
2008,227,19.27,13.25,26.62,124.72,0.19,60.74,3.95
2008,228,19.85,13.62,27.23,172.16,0.09,57.59,2.74
2008,229,20.34,13.35,27.86,242.85,0.51,54.3,2.67
2008,230,19.58,14.37,25.75,138.49,0.69,62.06,2.89
2008,231,19.7,14.16,26.7,210.11,0.16,58.83,3.63
2008,232,19.72,14.24,26.47,237.99,0.02,59.47,3.3
2008,233,19.95,14.38,27.05,147.29,0.03,59.91,3.65
2008,234,19.88,14.33,27.04,135.83,0.03,61.58,3.78
2008,235,19.94,14.47,26.44,206.87,0.05,59.44,3.46
2008,236,20.19,14.17,26.93,257.55,0.02,53.9,3.44
2008,237,20.28,14.5,27.63,203.75,0.93,63.1,4.01
2008,238,20.14,14.6,27.55,211.96,1.59,62.37,4.42
2008,239,20.52,14.22,28.23,196.23,0.69,58.36,3.53
2008,240,21.02,14.19,29.19,238.23,0.08,54.41,3.57
2008,241,20.48,13.89,28.94,232.9,0.24,54.52,4.11
2008,242,20.35,13.75,28.5,200.28,0.37,54.88,3.89
2008,243,20.6,13.86,28.99,282.31,0.3,53.85,3.3
2008,244,21.21,14.49,29.59,281.5,0.25,54.66,3.16
2008,245,21.86,14.07,30.59,267.96,0.66,53.14,2.82
2008,246,21.74,14.71,30.65,271.78,0.39,51.8,4.3
2008,247,20.79,14.54,29,222.61,0.16,53.42,4.72
2008,248,20.96,13.39,29.76,206.76,0.51,57.14,4.42
2008,249,20.92,14.74,29.54,248.29,0.23,49.98,4.15
2008,250,21.12,12.2,31.4,297.81,0,43.59,2.95
2008,251,21.14,13,29.7,242.28,0.04,47.91,2.8
2008,252,21.23,14.62,29.35,277.8,1.27,54.47,2.82
2008,253,21.15,15.1,28.48,266.23,1.24,56.66,2.54
2008,254,20.33,14.85,26.29,266.57,1.68,59.64,2.03
2008,255,20.75,15.33,27.81,237.88,2.64,61.73,1.83
2008,256,20.31,15.36,26.04,212.43,1.96,61.37,2.58
2008,257,20.71,14.57,27.88,194.26,0.03,56.83,3.16
2008,258,21.14,14.27,29.05,187.43,0.07,53.92,2.68
2008,259,20.15,15.8,27.01,168.69,0.35,59.61,2.64
2008,260,20.98,14.63,29.24,265.65,0.2,54.06,3.35
2008,261,21.39,14.59,29.42,220.06,0.13,55.94,3.37
2008,262,21.9,15.49,29.99,239.85,0.3,55.01,3.77
2008,263,22.26,14.95,31.43,293.53,0.1,50.38,3.79
2008,264,22.53,14.53,31.84,300.94,0.04,46.94,3.46
2008,265,23.14,15.27,31.23,306.84,0.05,51.29,3.7
2008,266,23.17,17.1,31.67,277.91,0.51,55.49,4.5
2008,267,22.72,16.31,31.12,279.18,0.14,50.88,4.68
2008,268,21.92,13.98,30.87,301.63,0.06,49.75,4.29
2008,269,21.9,15.06,29.95,303.25,0.03,49.23,4.3
2008,270,22.08,15.26,30.9,289.48,0.09,50.99,4.59
2008,271,22.34,16.03,30.49,257.32,0.49,57.06,4.76
2008,272,22.43,16.45,30.6,208.49,0.64,56.42,4.78
2008,273,22.11,14.98,31.21,262.75,0.56,47.57,4.26
2008,274,22.47,15.14,31.89,273.98,1.58,49.14,3.77
2008,275,22.99,15.33,31.97,285.2,1.06,49.36,4.22
2008,276,22.78,14.59,31.68,267.27,0.39,49.78,3.94
2008,277,22.98,16.35,31.55,280.34,1.98,52.53,4.24
2008,278,22.18,16.63,29.7,253.38,3.97,56.52,4.34
2008,279,21.34,15.72,28.73,190.21,3.95,61.01,3.88
2008,280,20.86,15.24,28.11,171.7,2.85,62.02,4.68
2008,281,20.81,14.7,28.28,236.95,2.36,64.23,4.92
2008,282,20.97,14.07,28.85,192.64,0.47,59.11,4.3
2008,283,21.61,14.4,30.6,261.71,0.19,56.2,4.32
2008,284,22.41,16.03,31.13,279.07,1.03,56.49,4.25
2008,285,22.29,16.62,30.25,252.23,0.94,59.65,4.45
2008,286,21.98,16.7,29.46,244.24,1.33,62.85,4.54
2008,287,21.85,15.9,30.13,237.53,1.04,57.13,4.71
2008,288,21.82,15.07,30.52,269.7,0.5,50.25,4.38
2008,289,22.17,14.67,31.14,287.63,0.37,46.36,3.77
2008,290,22.32,16.54,29.83,221.33,5.8,60.64,3.51
2008,291,21.5,16.2,28.35,266.92,3.46,64.91,3.3
2008,292,21.31,16.47,28.33,203.4,6.04,71.04,3.68
2008,293,21.31,16.52,27.68,255.81,3.9,65.04,2.85
2008,294,21.87,15.66,29.73,243.2,1.68,61.89,2.65
2008,295,20.66,15.72,27.27,211.38,3.76,66.75,2.01
2008,296,21.2,14.59,28.72,217.86,2.94,62.41,1.6
2008,297,19.84,16.39,25.51,193.68,5.32,73.05,1.86
2008,298,21.25,15.6,27.87,163.37,1.47,63.87,2.17
2008,299,22.63,15.51,30.9,245.28,1.14,56.88,2.8
2008,300,22.32,17.43,29.16,241.12,1.89,66.35,4.78
2008,301,21.79,15.25,29.95,254.54,0.27,59.36,4.16
2008,302,21.88,16,29.3,268.42,0.91,63.57,3.88
2008,303,22.56,15.24,31.67,282.66,0.38,51.95,3.36
2008,304,23.1,15.97,32.57,301.4,0.27,49.15,3.08
2008,305,22.34,14.9,31.22,303.83,0.21,53.04,3.94
2008,306,22.49,17.33,30.1,214.05,2.27,67.14,4.01
2008,307,22.35,17.22,30.16,266.92,2.22,63.6,4.39
2008,308,22.5,16.57,30.61,272.24,0.83,59.16,4.05
2008,309,22.72,16.12,31.17,256.85,0.68,54.18,3.21
2008,310,21.33,16.42,27.82,223.19,6.58,68.36,2.82
2008,311,20.53,17.12,25.12,227.35,16.39,75.97,2.3
2008,312,19.26,16.67,23.2,232.79,9.4,81.14,2.52
2008,313,20.3,16.32,26.19,145.55,7.05,73.13,2.73
2008,314,20.33,16.27,26.38,218.21,3.11,74.37,3.47
2008,315,20.45,15.9,27.07,220.06,5.38,75.4,4.32
2008,316,19.47,16.53,24.31,180.03,4.55,82.2,3.34
2008,317,20.85,16.69,27.38,271.43,1.05,71.39,3.73
2008,318,21.6,15.82,29.11,272.7,1.13,67.87,3.63
2008,319,21.79,16.43,29.08,259.05,1.85,68.65,3.44
2008,320,21.45,16.71,27.9,259.05,1.97,71.83,3.55
2008,321,21.63,16.71,28.44,252.57,1.62,71.43,3.78
2008,322,21.51,17.05,28.56,244.82,1.8,71.14,4.57
2008,323,20.88,15.77,28.18,248.87,1.54,68.06,4.55
2008,324,20.54,15.83,27.47,249.33,0.67,66.84,4.52
2008,325,20.33,13.94,27.96,286.94,0.2,61.43,4.15
2008,326,20.63,13.27,29.55,278.03,0.3,57.72,3.38
2008,327,21.39,14.28,30.32,281.85,0.81,54.52,3.11
2008,328,21.32,14.93,29.25,263.56,1.29,61.22,3.63
2008,329,21.61,15.23,29.66,256.39,0.17,61.58,4.01
2008,330,21.98,15.24,30.32,284.62,0.1,59.1,4.5
2008,331,22.78,16.43,30.75,265.65,0.17,60.84,4.04
2008,332,22.4,17.11,29.4,247.14,1.8,66.86,3.64
2008,333,21.63,16.93,28.26,244.47,2.23,70.65,4.19
2008,334,21.07,17.68,26.69,230.36,1.82,74.49,4.13
2008,335,20.76,16.67,26.11,237.07,0.53,74.49,4.15
2008,336,20.93,16.92,27.72,216.47,0.61,67.67,4.05
2008,337,21.63,15.51,29.54,283.12,0.17,60.34,3.35
2008,338,21.41,15.72,29.11,240.54,1.1,63.34,3.48
2008,339,21.22,16.42,27.99,249.68,0.99,65.93,4.26
2008,340,20.84,15.41,28.07,241.35,0.78,65.8,4.66
2008,341,21.12,15.39,28.7,261.83,0.3,61.9,4.46
2008,342,21.79,14.93,29.69,225.96,0.05,57.52,4.09
2008,343,21.95,15.36,29.79,250.14,1.04,60.14,4.15
2008,344,22.13,17.04,29.51,266.92,1.38,62.99,4.4
2008,345,21.41,15.71,29.08,202.13,0.65,60.21,4.44
2008,346,21.24,14.2,29.71,269.23,0.31,53.06,4.13
2008,347,21.23,13.91,30.59,290.87,0.01,45.55,4.06
2008,348,21.68,13.22,31.2,291.8,0,48.28,3.8
2008,349,22.87,15.37,31.33,272.24,0.01,55.81,3.79
2008,350,22.96,16.99,30.83,265.88,0.01,60.2,4.04
2008,351,22.85,17.11,30.08,259.52,0.01,58.78,4.46
2008,352,22.96,15.48,31.44,283,0.19,51.02,4.46
2008,353,22.64,16.05,30.3,261.6,0.52,56.48,4.33
2008,354,21.65,16.85,28.39,241.93,0.34,61.57,4.95
2008,355,21.11,14.35,29.27,285.55,0.03,49.32,4.75
2008,356,20.08,13.89,27.97,289.25,0,44.88,4.68
2008,357,21.37,12.92,30.03,284.39,0,44.28,4.81
2008,358,22.09,14.8,30.32,252.8,1,55.83,4.38
2008,359,22.46,15.36,30.35,264.37,1.03,55.76,3.97
2008,360,22.78,15.65,30.84,284.51,0.31,53.98,4.45
2008,361,21.87,15.65,29.42,175.98,1.23,61.21,4.49
2008,362,21.78,16.12,28.93,234.99,1.09,63.59,4.36
2008,363,22.14,16.04,29.89,257.78,0.47,60.1,4.16
2008,364,22.45,16.1,30.1,274.9,0.53,60.48,4.66
2008,365,22.75,16.77,29.92,258.71,0.61,59.96,4.79
2008,366,22.55,16.68,29.91,280.8,0.33,56.95,4.84
2009,1,22.25,14.89,30.88,292.49,0.05,52.34,4.37
2009,2,22.54,14.78,31.24,274.09,0.03,46.43,4.23
2009,3,22.51,15.59,31.5,291.8,0,41.23,4
2009,4,22.58,15.17,31.25,279.65,0.05,41.99,4.24
2009,5,22.39,14.86,30.81,280.34,0.04,43.65,4.41
2009,6,21.96,14.78,30.72,280.8,0.02,43.17,4.52
2009,7,21.85,14.66,29.96,265.3,0.03,50.43,4.26
2009,8,22.42,15.28,30.95,287.86,0.01,48.3,4.25
2009,9,22.21,13.91,31.34,287.17,0,43.99,4.02
2009,10,22.28,13.96,31.56,293.88,0,43.42,4.06
2009,11,22.82,14.25,32.43,304.18,0.05,39.33,3.67
2009,12,22.62,15.13,31.28,299.08,0.02,41.29,4.46
2009,13,22.28,15.06,30.7,278.03,0.59,49.11,4.18
2009,14,22.44,15.18,30.72,268.31,0.75,55.93,4.43
2009,15,21.51,16.01,28.72,249.91,1.56,65.17,5.06
2009,16,20.8,16.68,27.62,185.47,2.43,70.59,5.61
2009,17,20.41,16.46,26.05,206.41,2.44,73.38,5.3
2009,18,21.73,15.92,30.35,211.27,2.35,64.73,4.24
2009,19,22.36,15.76,31.18,254.08,1.79,59.76,3.7
2009,20,23,16.1,31.33,291.1,0.87,55.57,3.68
2009,21,22.53,16.35,29.56,265.07,0.05,58.1,4.29
2009,22,22.23,15.97,30.56,255.47,0.15,56.76,3.31
2009,23,22.4,16.48,29.21,261.71,0.24,60.86,3.39
2009,24,22.68,16.18,29.93,272.7,0.2,57.3,3.63
2009,25,22.7,15.91,30.31,278.84,0.13,52.78,3.69
2009,26,21.66,16.44,29.17,250.37,3.77,63.13,3.36
2009,27,21.41,15.9,28.2,185.81,4.16,66.49,3.67
2009,28,21.45,16.9,28.72,266.57,7.07,70.15,4.4
2009,29,21.94,16.42,29.99,281.04,3.47,61.98,3.74
2009,30,21.54,14.42,30.34,279.3,2.05,55.99,3.53
2009,31,21.66,14.14,30.63,289.6,1.3,54.18,3.67
2009,32,20.92,15.39,27.75,258.94,2.25,65.3,3.28
2009,33,21,15.6,28.4,261.25,2.08,65.2,3.99
2009,34,21.39,14.53,30.09,244.47,0.7,63.87,3.93
2009,35,21.32,15.63,28.58,266.57,1.56,63.9,4.57
2009,36,21.26,14.05,29.67,304.18,0.25,55.99,4.5
2009,37,20.14,14.94,26.29,280.92,0.49,65.41,3.46
2009,38,22.49,16.71,29.97,261.94,0.49,55.55,2.82
2009,39,22.15,16.91,29.54,243.43,0.13,53.08,3.65
2009,40,21.7,15.5,29.14,227.7,0.44,58.88,4.5
2009,41,21.34,16.97,27.14,204.09,0.49,64.06,4.85
2009,42,22,16.2,30.38,269.12,0.21,58.75,4.06
2009,43,22.04,16.65,29.02,185,0.05,58.5,4.57
2009,44,21.54,15.32,30.04,296.77,0.05,51.54,4.9
2009,45,21.66,14.91,30.86,301.63,0.05,47.7,4.27
2009,46,22.42,14.44,31.16,260.09,0.08,52.55,3.79
2009,47,21.67,16.52,27.8,228.74,0.48,64.87,3.78
2009,48,22.48,17.37,29.39,279.3,0.65,60.01,4.49
2009,49,22.06,16.66,28.95,263.8,0.61,61.78,4.71
2009,50,22.69,16.14,31.21,275.02,0.16,49.6,4.32
2009,51,22.5,14.87,31.54,298.39,0.97,49.4,4.04
2009,52,22.41,15.64,31.57,306.37,0.7,50.75,3.93
2009,53,22.99,15.01,32.61,308.57,3.04,44.68,3.12
2009,54,22.76,16.17,30.29,272.82,3.95,55.15,3.56
2009,55,22.8,17.3,30.22,279.07,1.11,60.44,4.66
2009,56,22.36,16.98,30.02,275.83,1.49,62.06,4.85
2009,57,22.86,16.51,31.07,242.39,0.71,59.18,4.35
2009,58,23.18,17.04,30.88,273.28,1.15,59.22,4.37
2009,59,23.13,16.48,31.09,280.11,0.5,54.75,4.42
2009,60,23.13,15.47,31.32,277.45,1.04,54.81,4.05
2009,61,23.31,17.6,31.04,273.51,0.9,57.32,4.25
2009,62,23.47,16.64,31.31,257.9,0.39,55.87,4.12
2009,63,23.5,17.68,30.6,289.71,0.52,53.14,4.4
2009,64,23.56,16.18,31.62,287.17,0.17,49.49,4.68
2009,65,22.91,16.88,30.17,266.69,0.33,57.08,5.07
2009,66,22.74,16.89,30.6,242.62,0.24,53.74,5.12
2009,67,23.15,15.54,32.08,313.08,0.07,45.83,4.34
2009,68,23.97,15.51,32.97,300.7,0.1,42.83,3.65
2009,69,24.35,16.7,32.57,282.77,0.37,50.97,3.5
2009,70,24.24,18.03,32.07,302.32,0.74,54.34,4.15
2009,71,23.45,18.29,30.15,289.71,0.25,59.27,4.09
2009,72,22.49,17.47,28.36,278.03,1.04,62.33,4.61
2009,73,23.15,17.43,30.61,232.56,1.13,57.05,4.39
2009,74,22.94,17.19,29.67,275.48,0.37,58.88,3.75
2009,75,23.35,17.44,30.59,283.23,0.47,55.26,4.37
2009,76,23.82,16.63,32.59,302.21,0.24,48.2,3.47
2009,77,23.89,16.42,32.72,308.69,0.05,46.15,3.98
2009,78,23.78,16.59,32.36,303.13,0.11,49.4,4.11
2009,79,23.52,17.39,32.14,294.8,0.01,48.19,4.39
2009,80,23.39,15.65,32.68,313.89,0.01,42.94,3.96
2009,81,24.48,15.96,34.25,295.15,0.1,38.76,3.11
2009,82,24.44,16.35,33.81,311,0.24,41.35,3.33
2009,83,23.51,15.06,32.9,306.03,0.01,41.36,4.01
2009,84,23.26,14.9,32.46,309.38,0.02,44.03,4.26
2009,85,23.48,16.27,32.22,295.61,0.03,45.13,4.03
2009,86,23.93,16.38,32.79,287.86,0.47,55.22,4.01
2009,87,22.07,17.74,27.58,270.62,4.49,69.53,4.07
2009,88,22.94,16.78,30.62,210.92,0.56,60.58,3.53
2009,89,22.35,17.83,29.77,256.74,6.25,68.49,4.04
2009,90,21.22,17.55,26.88,237.53,3.48,73.19,3.8
2009,91,21.78,16.48,29.67,209.42,1.71,62.66,3.65
2009,92,21.85,15.21,30.51,262.75,0.39,56.84,3.39
2009,93,21.71,15.5,30.13,292.84,0.08,57.07,3.36
2009,94,22.75,16.15,31.12,289.02,0.27,53.47,3.52
2009,95,23.19,16.5,31.33,257.32,1.4,58.07,3.62
2009,96,21.63,17.95,27.41,234.18,2.2,71.17,2.56
2009,97,19.94,17.73,23.61,224.11,3.37,82.8,2.13
2009,98,20.58,17.33,25.31,283.12,3.02,76.89,2.84
2009,99,21.78,17.33,28.77,275.6,0.93,69.56,3.38
2009,100,22.52,17.19,30.62,256.51,0.89,65.06,3.4
2009,101,22.12,17.36,29.26,231.86,3.09,71.18,3.73
2009,102,21.86,16.84,29.39,242.74,4.66,67.16,3.9
2009,103,22.2,16.97,29.82,254.08,1.9,66.66,3.38
2009,104,22.3,16.35,30.61,242.85,1.58,61.23,3.83
2009,105,21.9,15.71,29.74,261.02,1.41,61.92,3.7
2009,106,21.94,16.4,29.67,232.33,4.57,66.93,3.14
2009,107,21.43,17,28.23,244.71,3.48,67.79,3.37
2009,108,21.87,15.97,29.37,249.68,6.04,66.38,3.14
2009,109,22.08,16.83,29.66,247.02,6.31,68.98,3.27
2009,110,21,17.14,26.45,223.65,5.7,77.05,2.93
2009,111,21.01,16.6,27.68,248.29,4.05,71.77,3.12
2009,112,21.23,15.33,28.73,240.42,2.56,68.16,3.6
2009,113,20.89,16.05,27.69,224,2.27,71.39,4.62
2009,114,20.94,15.59,28.14,213.58,1.55,70.71,4.64
2009,115,21.4,16.41,28.58,196.69,4.31,74.11,4.67
2009,116,21.81,16.12,29.52,232.44,2.52,67.92,3.9
2009,117,21.83,17.31,28.77,211.96,5.01,72.22,3.79
2009,118,21.92,17.75,28.4,255.7,1.22,71.1,3.84
2009,119,22,16.47,29.33,251.53,0.87,68.92,4.11
2009,120,21.13,15.93,28.52,228.62,1.29,60.63,3.24
2009,121,21.11,14.77,29.83,255.81,0.97,60.02,3.25
2009,122,21.33,16.28,28.25,209.88,1.51,66.91,4.34
2009,123,21.25,16.66,28.34,196,1.83,67.27,4.74
2009,124,21.55,16.35,29.29,253.38,0.55,63.04,4.16
2009,125,21.26,15.66,28.94,264.72,0.94,64.91,3.76
2009,126,21.68,16.66,28.7,221.91,1.28,68.06,4.15
2009,127,21.95,17,29.46,246.33,1.11,65.12,4.31
2009,128,21.71,16.86,28.64,258.01,0.9,65.99,3.84
2009,129,21.57,16.29,28.97,251.18,1.56,66.29,3.96
2009,130,21.02,16.82,27.91,219.14,2.71,71.13,4.21
2009,131,20.69,16.03,27.53,210.81,4.4,75.39,3.41
2009,132,20.24,16.27,26.24,192.18,4.15,72.25,3.28
2009,133,20.67,15.8,27.54,212.77,2.92,70.73,3.3
2009,134,20.97,15.69,28.48,190.67,0.87,61.73,2.86
2009,135,20.73,14.99,28.88,226.54,1.23,63.86,2.71
2009,136,20.59,14.87,27.95,208.84,0.63,64.17,2.82
2009,137,20.79,15.62,27.85,228.62,1.12,64.54,3.13
2009,138,21.54,15.27,29.7,260.79,0.11,58.95,2.57
2009,139,21.29,15.08,29.02,257.55,2.98,67.38,3.39
2009,140,20.89,15.1,28.27,179.45,1.29,68.13,3.98
2009,141,20.27,15.19,27.05,193.1,0.44,66.71,4.02
2009,142,20.01,13.8,28.56,255.35,0.06,58.36,3.44
2009,143,20.71,14.63,28.57,227.7,0.14,62.68,2.8
2009,144,21.38,15.01,29.65,230.47,0.53,61,2.01
2009,145,21.23,15.9,28.59,171.7,1.1,67.51,2.09
2009,146,19.7,16.37,24.73,191.14,3.95,73.19,1.97
2009,147,20.24,15.29,26.78,181.88,3.69,71.33,1.42
2009,148,20.1,16.06,26.49,152.72,3.28,73.15,2.15
2009,149,20.26,16.03,27.13,181.76,3.99,71.97,3.02
2009,150,20.9,15.29,28.47,250.95,2.37,69.23,2.91
2009,151,21.3,15.51,28.84,244.82,2.23,67.69,2.45
2009,152,21.5,15.82,28.55,245.28,2.17,68.83,1.44
2009,153,20.83,16.31,27.23,181.3,3.16,74.22,2.78
2009,154,20.91,15.61,28.14,216.71,1.62,67.3,2.63
2009,155,20.69,13.52,28.87,267.27,0.3,59.21,3.48
2009,156,20.74,15.37,27.88,203.17,0.28,65.33,3.73
2009,157,20.54,14.01,28.14,245.75,0.4,65.13,3.25
2009,158,20.61,13.87,28.25,135.48,0.36,65.19,3.49
2009,159,20.13,14.64,27.82,221.91,0.78,65.41,4.09
2009,160,19.74,13.09,27.65,210.46,0.28,64.07,4.07
2009,161,19.82,13.79,27.92,241.93,0.16,57.68,3.53
2009,162,20.17,14.58,28.52,251.76,0.11,56.54,3.11
2009,163,20.47,13.45,28.97,247.37,0.83,60.97,3.2
2009,164,20.46,14.72,27.97,211.85,0.77,62.77,3.63
2009,165,20.22,14.89,27.41,197.96,1.59,66.11,3.54
2009,166,20.25,13.44,28.46,220.87,0.31,58.54,3.69
2009,167,20.14,14.96,27.29,162.79,0.93,69.51,4.16
2009,168,19.93,14.35,27.44,191.02,0.83,68.09,3.99
2009,169,19.79,14.02,27.68,241.35,0.44,62.9,3.78
2009,170,19.92,14.27,27.38,196.34,0.24,62.4,3.21
2009,171,20.19,13.8,28.18,203.4,0.13,58.65,2.96
2009,172,20.12,14.35,27.48,214.97,0.19,64.16,3.45
2009,173,20.37,14.43,28.12,234.64,0.23,61.35,2.93
2009,174,21.08,14.34,29.77,242.51,0.36,59.13,1.97
2009,175,21.88,14.75,30.57,249.91,0.3,54.83,2.4
2009,176,21.64,14.59,30.58,259.28,0.04,51.88,2.24
2009,177,20.82,14.22,28.5,239.85,0.04,54.92,2.67
2009,178,21.2,15.52,28.82,204.44,0.03,60.24,3.74
2009,179,20.73,13.97,28.55,225.73,0.03,57.47,3.18
2009,180,21.3,15.29,28.71,215.32,0.14,58.64,3.36
2009,181,19.68,14.95,26.55,186.86,0.35,64.3,3.98
2009,182,19.06,12.79,26.57,214.39,0.07,53.32,3.25
2009,183,18.38,12.13,25.79,231.52,0.01,50.87,3.66
2009,184,18.96,12.17,27.21,220.06,0.01,60.16,3.96
2009,185,18.84,13.55,26.65,183.27,0.05,55.29,3.78
2009,186,18.99,12.92,27.61,224.23,0.11,54.66,3.53
2009,187,19.17,13.11,27.84,191.37,0.08,52.87,3.07
2009,188,18.87,13.36,26.53,164.99,0.11,59.44,3.66
2009,189,18.66,12.87,26.81,184.19,0.27,57.84,3.94
2009,190,18.95,13.09,27.26,219.48,0.25,55.2,4.03
2009,191,18.47,12.9,25.47,185.58,0.47,65.78,3.8
2009,192,19.38,12.96,26.97,202.82,0.38,60.34,3.33
2009,193,20.23,13.13,28.65,199.12,0.12,53.69,2.9
2009,194,20.27,12.29,29.59,262.75,0.01,48.18,3.12
2009,195,20.46,12.56,29.68,268.54,0.05,49.64,2.98
2009,196,20.99,13.72,29.31,257.43,0.17,53.16,2.57
2009,197,20.21,14.78,27.35,159.55,0.11,59.08,3.44
2009,198,19.68,13.82,28.23,192.99,0.07,54.57,3.67
2009,199,19.36,13.1,27.35,245.52,0.06,54.8,4.16
2009,200,19.72,13.58,27.5,233.6,0.03,54.41,3.56
2009,201,19.2,12.56,26.62,159.43,0.03,52.08,2.87
2009,202,19.37,13.14,26.46,161.98,0.06,56.83,2.91
2009,203,19.19,13.24,26.83,107.83,0.3,60.71,2.83
2009,204,20.21,14.14,28.39,123.45,0.73,62.11,3.14
2009,205,20.74,14.64,28.49,242.62,0.66,59.66,3.36
2009,206,20.49,14.45,28.45,251.53,0.03,52.38,4.16
2009,207,20.11,13.73,28.16,262.29,0.02,53.87,4.23
2009,208,19.45,11.65,28.18,183.04,0.01,53.8,3.83
2009,209,19.83,11.59,28.93,270.74,0,45.09,3.32
2009,210,20.58,12.48,29.84,280.11,0,44.8,2.57
2009,211,20.82,13.87,29.87,233.95,0.03,54.08,3.33
2009,212,20.5,14.46,28.41,167.53,0.1,58.16,3.56
2009,213,20.45,13.97,28.73,217.98,0.07,56.95,3.33
2009,214,20.32,14.2,28.3,197.15,0.07,55.71,3.65
2009,215,20.43,14.27,28.42,153.53,0.16,57.3,3.73
2009,216,19.81,13.98,27.47,167.3,0.37,62.19,4.51
2009,217,19.89,13.58,27.97,178.18,0.12,59.23,3.86
2009,218,20.02,13.68,28.08,146.13,0.12,59.52,3.96
2009,219,19.45,13.51,27.11,183.04,0.05,58.36,4.24
2009,220,19.82,13.43,28.87,206.87,0.02,50.82,4.2
2009,221,19.86,12.82,29.18,269.7,0.04,50.59,3.99
2009,222,19.97,13.26,29.11,214.51,0.02,50.49,3.73
2009,223,19.93,13.31,28.59,248.52,0,53.1,3.89
2009,224,20.11,13.82,27.82,221.91,0.05,54.93,3.64
2009,225,20.15,14.28,26.88,257.78,0.27,58.67,2.65
2009,226,20.7,14.63,28.39,120.68,0.25,58.59,3.71
2009,227,20.64,14.4,28.83,174.24,0.04,54.86,3.68
2009,228,19.6,14.11,26.17,122.41,0.07,60.27,3.28
2009,229,19.57,14.51,26.31,169.62,0.2,61.33,2.84
2009,230,19.67,13.96,26.49,126.92,0.21,60.24,2.91
2009,231,20.33,13.51,27.88,261.13,0.32,56.82,2.79
2009,232,20.89,14.06,29.39,195.65,0.66,56.67,2.99
2009,233,20.09,14.53,27.53,148.33,0.52,62.49,4
2009,234,19.93,14.12,27.73,134.56,0.15,57.91,4.49
2009,235,19.9,12.88,28.19,283.81,0.1,55.67,4.74
2009,236,19.98,14.32,27.59,145.09,0.28,59.6,4.16
2009,237,19.56,14.24,27.04,213,0.34,61.83,4.66
2009,238,19.68,14.11,27,134.44,0.14,61.87,4.72
2009,239,20.1,13.39,28.98,234.76,0.14,55.41,4.5
2009,240,20.39,13.59,28.79,262.29,0.1,54.16,4.66
2009,241,20.23,12.33,29.23,276.64,0.05,50.69,4.39
2009,242,21.04,13.97,29.94,259.05,0.12,53.08,3.94
2009,243,21.36,14.44,29.59,269.58,0.16,54.72,3.7
2009,244,21.09,14.88,28.97,276.75,0.26,57.57,3.88
2009,245,19.9,15.1,26.6,198.19,0.29,58.55,4.09
2009,246,19.09,14.48,24.8,120.91,0.62,60.05,3.43
2009,247,19.71,12.63,27.83,158.62,0.51,59.36,4.59
2009,248,20.1,13.63,28.36,223.88,0.43,60.19,4.67
2009,249,20.52,13.66,29.18,248.29,0.17,56.72,4.12
2009,250,20.83,13.97,29.58,231.28,0.17,54.18,4.14
2009,251,20.67,13.92,28.88,246.21,0.23,55.88,3.95
2009,252,21.38,14.6,29.69,176.67,0.24,56.64,3.66
2009,253,21.6,14.85,30.45,300.82,0.05,53.05,4.26
2009,254,21.29,13.88,30.72,304.52,0.01,50.17,3.91
2009,255,21.19,14.06,30.24,251.42,0.08,51.23,4.22
2009,256,21.76,14.37,30.67,303.25,0.01,47.36,3.77
2009,257,21.43,14.79,29.91,293.3,0.02,52.83,4.39
2009,258,22.07,14.77,31.24,297.35,0.05,45.79,4.11
2009,259,22.26,13.47,32.09,302.56,0.01,41.93,3.82
2009,260,22.89,15.7,31.93,292.03,0.1,49.99,4.11
2009,261,22.41,15.77,31.1,278.84,0.59,52.94,4.46
2009,262,22.87,15.7,32.08,288.9,0.25,49.67,4.55
2009,263,22.24,15.8,30.83,244.24,0.52,53.89,5.14
2009,264,21.89,14.13,30.74,282.77,0.16,49.42,5.01
2009,265,22.52,15.33,31.26,298.16,0.06,51.34,3.89
2009,266,22.5,15.3,31.1,271.55,1.34,52.71,3.88
2009,267,22.71,14.79,31.84,301.86,0.1,47.94,4.29
2009,268,22.06,14.67,31.21,304.75,0.11,48.11,4.55
2009,269,22.13,14.31,31.38,301.05,0.06,46.2,4.31
2009,270,22.74,15.55,31.81,288.32,0.09,47.76,4.27
2009,271,22.26,14.26,31.82,307.53,0.02,42.16,3.94
2009,272,22.34,14.76,31.39,295.96,0.03,47.36,3.7
2009,273,22.07,15.17,30.27,296.65,0.15,48.9,3.78
2009,274,22.15,15.56,30.09,234.18,0.14,54.36,4.16
2009,275,22.07,15.59,29.38,271.43,1.08,55.57,3.66
2009,276,22.66,16.08,30.18,245.98,0.99,50.3,3.29
2009,277,22.33,15.68,30.02,265.99,1.15,53.47,3.96
2009,278,22.92,15.54,32.19,294.34,0.09,47.43,4.5
2009,279,22.73,15.54,31.49,292.37,0.15,50.95,4.05
2009,280,22.98,16.34,31.6,197.15,0.38,53.3,4.02
2009,281,22.74,15.99,31.96,288.21,0.4,47.56,4.05
2009,282,22.1,15.93,30.27,216.71,1.33,51.27,4.01
2009,283,21.28,13.96,30.01,289.37,2.76,57.44,4.63
2009,284,20.95,13.8,29.38,302.56,0.2,51.2,4.52
2009,285,21.2,13.03,30.45,306.26,0.12,48.81,4.25
2009,286,22.08,15.06,31.17,301.98,0.37,50.62,4.42
2009,287,21.45,16.25,29.22,247.37,7.26,69.11,5.04
2009,288,20.74,16.21,28.27,193.45,4.37,73.1,5.47
2009,289,19.48,16.54,24.35,185.12,7.64,78.55,5.06
2009,290,20.28,15.67,26.82,234.64,5.02,72.09,4.48
2009,291,20.71,16.08,27.37,213.58,1.91,70.3,5.03
2009,292,20.68,15.56,27.91,267.85,1.88,68.17,5.03
2009,293,20.86,15.71,28.28,257.55,1.05,66.32,4.95
2009,294,20.9,13.35,29.3,290.52,0.85,58.26,4.39
2009,295,21.18,15.89,28.74,200.74,2.85,68.98,4.57
2009,296,20.82,16.03,27.54,189.75,1.66,70.4,4.69
2009,297,20.66,14.74,27,264.03,0.84,64.18,4.19
2009,298,21.12,14.08,29.13,267.04,0.61,58.97,4.36
2009,299,20.85,16.44,28.1,185.24,1.16,69.91,5.35
2009,300,20.49,15.55,27.31,203.86,1.27,69.42,4.62
2009,301,20.87,16.16,28.03,197.96,4.15,70.24,4.23
2009,302,20.86,14.94,28.03,255.23,0.93,65.27,4.01
2009,303,20.74,15.93,27.56,243.9,3.36,72.06,4.61
2009,304,19.81,16.34,25.57,203.75,7.21,77.49,4.59
2009,305,20,16.03,26.37,200.16,3.1,72.43,3.5
2009,306,20.36,15.48,26.94,196.57,2.87,72.58,3.49
2009,307,20.66,16.5,26.61,253.04,0.55,70.5,3.88
2009,308,21.75,16.14,29.35,270.51,0.63,66.89,3.8
2009,309,21.78,16.93,28.87,208.84,4.35,71.05,4.22
2009,310,21.7,17.46,28.29,262.64,2.07,69.31,4.4
2009,311,22.15,16.18,30.11,293.99,0.53,63.63,3.88
2009,312,22.15,16.97,29.48,284.04,0.46,62.23,3.98
2009,313,21.96,16.36,29.26,292.26,0.21,60.72,3.94
2009,314,22.15,17,29.83,286.24,0.39,61.35,4.19
2009,315,22.11,16.31,29.89,246.79,0.34,60.85,3.58
2009,316,21.72,15.66,29.53,268.89,0.94,61.69,3.2
2009,317,21.78,16.36,29.45,288.09,0.06,58.47,3.8
2009,318,21.68,15.48,29.97,277.8,0.05,56.69,4.09
2009,319,21.43,15.73,28.96,255.58,0.11,60.92,4.29
2009,320,21.99,15.84,29.79,273.86,0.59,61.65,3.37
2009,321,21.61,17.2,28.57,238.11,3.8,69.23,4.21
2009,322,20.66,17.01,26.13,189.4,4.89,72.09,3.21
2009,323,21.23,16.25,28.61,267.15,2.75,66.37,4.07
2009,324,21,15.79,28.52,280.23,1.55,64.79,4.59
2009,325,20.96,14.49,29.4,283,1.22,58.82,4.23
2009,326,21.55,15.8,29.41,274.56,0.63,63.06,3.74
2009,327,21.43,16.19,28.84,242.16,2.22,65.22,3.37
2009,328,21.4,16.76,28.72,215.09,1.74,67.02,3.93
2009,329,21.36,16.64,28.45,229.09,1.13,69.69,4.1
2009,330,21.77,16.6,29.28,259.28,1.4,65.23,4.34
2009,331,21.86,16.26,29.34,242.51,1.94,65.36,3.92
2009,332,21.49,16.89,27.89,182.34,4.93,70.46,3.63
2009,333,21.86,16.5,29.45,277.1,1.26,65.62,3.75
2009,334,21.91,15.85,29.78,267.85,0.67,63.15,3.88
2009,335,21.63,16.72,28.69,254.42,2.59,67.8,4.59
2009,336,21.58,16.93,28.58,224.46,2.87,69.95,4.84
2009,337,20.13,17.54,24.77,101.82,6.07,79.37,4.52
2009,338,20.92,16.93,27.07,211.73,0.27,70.65,3.79
2009,339,20.79,15.88,27.77,231.28,3.17,71.77,3.82
2009,340,21.22,16.22,28.17,282.54,5.88,72.42,3.98
2009,341,21.58,16.83,28.86,268.42,2.23,68.27,3.95
2009,342,22.16,16.35,30.2,274.79,1.4,62.85,3.25
2009,343,21.58,17.45,28.46,256.85,2.89,70.52,3.49
2009,344,22.05,16.99,29.67,233.02,2.5,67.2,3.67
2009,345,21.27,17.13,27.44,259.63,2.6,72.43,3.13
2009,346,21.31,16.84,27.63,228.51,7.75,73.99,2.76
2009,347,21.62,17.29,28.06,255.81,2.9,71.9,2.84
2009,348,21.37,17.68,27.67,269.35,4.61,74.43,3.52
2009,349,21.55,16.97,28.33,281.61,4.38,71.04,3.62
2009,350,21.26,16.37,28.77,257.43,5.21,72.29,4.36
2009,351,20.98,15.26,29.29,283.23,0.19,63.12,4.19
2009,352,21.42,14.78,29.58,268.19,0.03,64.17,4.51
2009,353,21.73,15.96,29.07,272.13,0.03,64.43,4.78
2009,354,21.94,16.4,29.35,242.74,0.07,63.43,4.53
2009,355,22.07,16,29.67,267.96,0.03,62.14,3.7
2009,356,22.12,16.35,29.72,255.7,3.11,65.71,3.08
2009,357,20.21,17.38,24.71,209.42,9.06,80.3,2.52
2009,358,20.1,16.7,25.91,159.32,13.56,78.42,3.22
2009,359,19.68,16.33,24.8,194.03,10.35,80.02,2.51
2009,360,19.85,16.46,24.72,182.23,5.26,80.86,2.54
2009,361,19.69,16.58,24.49,223.88,8.13,83.25,1.85
2009,362,20.36,16.71,25.7,236.03,4,78.37,1.93
2009,363,20.35,16.66,26.17,240.08,2.76,77.12,3.47
2009,364,20.78,16.09,27.65,265.42,3.23,74.02,2.97
2009,365,21.18,16.32,27.79,248.52,3,74.5,2.85
2010,1,11.98680813,10.45845381,17.13081942,182.9269796,0.02809125,66.53,4.99
2010,2,12.0363404,10.92902541,16.78232214,183.6645884,0,74.22,1.72
2010,3,12.3731598,12.14074728,16.6625262,151.7630083,0.19663875,84.45,2.29
2010,4,13.84922129,14.61124818,18.25254504,98.10196891,4.69123875,87.71,3.4
2010,5,13.76006322,13.95244794,18.32877882,135.1668105,31.09701375,79.37,5.33
2010,6,12.5613824,11.74076142,17.03280456,126.4999073,0.22473,70.89,3.21
2010,7,11.43204676,9.5290749,14.5388709,37.80245043,68.205555,86.13,3.83
2010,8,6.756200946,5.87038071,9.98662518,126.1311029,0.47755125,63.38,6.49
2010,9,5.993404065,3.77633709,11.15191296,203.5800257,0,58.84,4.08
2010,10,6.954330006,5.21158047,11.36972376,134.9824084,5.98343625,63,1.35
2010,11,10.8970983,8.75263176,17.35952076,137.9328435,0.89892,83.73,2.95
2010,12,12.00662104,10.15258227,15.86751678,45.36294051,3.3147675,85.45,5.13
2010,13,12.24437591,10.48198239,17.3704113,134.7980062,4.63505625,75.67,3.66
2010,14,14.43370202,14.36419809,18.25254504,185.6930126,1.26410625,67.09,8.08
2010,15,12.49203723,11.47018275,18.2416545,204.8708411,0,72.23,2.21
2010,16,13.7006245,13.16424051,19.74454902,170.0188258,0,80.19,1.95
2010,17,12.67035339,11.97604722,18.04562478,158.954694,0,86.53,1.15
2010,18,13.2152083,12.78778323,18.8950869,186.6150236,0,84.2,1.86
2010,19,13.74025031,13.51716921,18.70994772,116.910993,0,84.91,2.08
2010,20,13.0467986,12.07016154,18.97132068,166.8839885,0,77.47,2.13
2010,21,11.78867907,10.38786807,17.05458564,189.1966543,0,72.08,1.84
2010,22,11.99671458,11.77605429,16.70608836,217.2257883,0,80.82,1.61
2010,23,12.14531138,12.89366184,15.49723842,116.910993,0.14045625,83.29,4.41
2010,24,11.94718232,12.32897592,15.47545734,148.0749644,5.6744325,79.22,5.59
2010,25,10.64943698,11.39959701,13.33002096,110.0881117,6.82617375,82.39,6.84
2010,26,10.18383368,10.61138958,12.82905612,36.69603724,66.88526625,89.6,8.62
2010,27,8.42048505,7.71737424,10.6182765,76.89571623,1.685475,81.29,7.34
2010,28,9.648885222,7.83501714,14.6477763,241.5668783,0.08427375,72.28,3.97
2010,29,10.81784668,8.5879317,17.90404776,245.8081289,0,61.74,3.49
2010,30,10.65934343,8.34088161,17.13081942,244.8861179,0,68.77,3.05
2010,31,10.2234595,7.95266004,17.14170996,250.2337816,0,70.51,2.94
2010,32,9.668698128,7.94089575,14.90914926,250.7869882,0,72.61,3.96
2010,33,9.619165863,8.96438898,13.75475202,182.9269796,0,76.91,3.86
2010,34,9.292252914,7.4115027,12.7419318,179.4233379,0.0561825,85.06,3.54
2010,35,12.78923082,11.65841139,19.78811118,93.67631618,17.2480275,86.93,3.39
2010,36,13.78978258,13.18776909,20.08215576,222.3890498,0.0561825,81.11,3.97
2010,37,12.88829535,10.04670366,19.9841409,267.9363925,0,74.27,1.92
2010,38,12.8783889,11.98781151,17.29417752,149.1813775,0.1685475,74.7,1.71
2010,39,12.79913728,12.85836897,18.2961072,88.32865246,5.59015875,84.22,3.72
2010,40,12.53166305,11.90546148,18.20898288,204.5020367,0.786555,70.24,3.74
2010,41,11.69952099,11.37606843,16.09621812,144.7557248,2.10684375,73.14,2.13
2010,42,10.26308531,7.85854572,15.67148706,204.8708411,0.1685475,61.29,2.98
2010,43,7.469465562,4.22338011,13.05775746,232.5311707,17.52894,60.93,3.8
2010,44,7.697313981,6.54094524,10.37868462,59.0087031,23.00673375,80.88,5.09
2010,45,7.182178425,4.81159461,10.346013,164.1179555,1.011285,79.78,3.79
2010,46,9.906453,10.59962529,12.15384264,38.54005921,16.77047625,90.64,5.09
2010,47,12.17503074,10.54080384,17.28328698,99.57718649,24.46747875,88.8,4.38
2010,48,12.67035339,12.07016154,17.57733156,218.1477993,3.3147675,77.56,6.05
2010,49,11.7193339,11.28195411,14.72401008,79.1085426,17.75367,88.15,2.84
2010,50,11.59055001,9.75259641,15.66059652,148.0749644,20.08524375,78.2,3.86
2010,51,10.54046599,7.39973841,16.03087488,315.5121594,0,64.6,3.81
2010,52,11.70942745,12.37603308,15.55169112,168.9124126,4.94406,85.84,4.39
2010,53,13.41333736,12.57602601,18.69905718,264.617153,0.5056425,86.1,5.93
2010,54,14.36435685,13.89362649,19.96235982,290.2490584,3.73613625,78.23,5.55
2010,55,14.55257946,13.27011912,20.68113546,322.1506385,0.0561825,74.39,5.09
2010,56,14.28510523,12.30544734,20.19106116,247.0989442,0.08427375,81.74,4.9
2010,57,15.24603117,14.79947682,20.82271248,215.3817663,0.08427375,83.63,3.25
2010,58,15.71163446,14.09361942,20.45243412,260.1915002,0,78.59,3.86
2010,59,13.67090514,14.01126939,18.17631126,111.1945249,0.75846375,77.29,3.57
2010,60,13.08642441,11.9995758,18.70994772,346.6761307,0.8427375,71.8,3.48
2010,61,11.64008228,12.39956166,14.17948308,89.43506564,48.429315,85.91,5.08
2010,62,13.37371155,13.25835483,17.98028154,305.1856364,22.10781375,79.67,4.9
2010,63,14.47332783,13.59951924,20.01681252,314.9589528,2.2473,79.47,3.53
2010,64,12.59110176,13.23482625,16.20512352,177.5793159,0.2809125,78.66,5.01
2010,65,11.065508,11.75252571,13.68940878,119.4926238,2.83721625,76.93,7.76
2010,66,10.98625638,10.48198239,14.39729388,194.1755137,1.2921975,81.56,4.02
2010,67,12.95764052,7.75266711,18.50302746,194.3599158,18.764955,75.25,4.1
2010,68,8.212449537,4.29396585,14.20126416,341.1440648,5.36542875,68.42,4.26
2010,69,9.440849709,6.19978083,15.31209924,359.0310779,0,55.73,2.95
2010,70,9.995611077,8.92909611,13.87454796,325.1010737,1.011285,72.41,2.84
2010,71,9.80738847,9.42319629,13.3953642,136.6420281,13.84898625,81.57,3.92
2010,72,9.837107829,9.68201067,13.62406554,253.5530212,0.42136875,70.76,2.76
2010,73,9.866827188,10.44668952,12.12117102,316.987377,4.831695,67.35,2.08
2010,74,10.40177565,8.18794584,15.01805466,398.308746,0,64.02,2.69
2010,75,10.97634992,8.85851037,16.35759108,397.7555394,0,76.3,5.36
2010,76,12.23446946,10.7055039,17.98028154,382.8189614,0,71.93,5.72
2010,77,12.86848245,11.71723284,19.36338012,205.2396455,0,76.5,2.4
2010,78,15.35500215,15.57591996,21.0187422,138.4860501,0,73.17,1.44
2010,79,16.40508617,17.38762062,20.62668276,147.8905622,23.7651975,75.62,0.91
2010,80,14.73089561,15.72885573,17.45753562,88.14425026,1.99447875,85.23,1.39
2010,81,15.12715373,14.34066951,20.50688682,344.6477066,0.08427375,76.76,1.98
2010,82,13.60155997,13.23482625,16.6080735,260.929109,0,84.03,3.55
2010,83,13.2152083,13.37599773,18.4050126,168.359206,0,85.95,2.93
2010,84,14.55257946,13.81127646,19.96235982,321.7818341,0,83.65,4.14
2010,85,14.98846339,14.17596945,21.06230436,359.0310779,0,72.93,3.61
2010,86,13.69071805,11.5290042,19.3307085,423.9406514,0,73.5,2.32
2010,87,14.43370202,14.36419809,19.20002202,380.9749394,0,75.82,1.55
2010,88,15.50359895,13.58775495,22.7612286,414.9049437,0,72.55,4.39
2010,89,14.82996014,13.87009791,20.44154358,450.67897,0,68.51,3.69
2010,90,12.89820181,12.04663296,17.25061536,379.1309174,0,71.21,2.52
2010,91,12.99726634,10.30551804,18.513918,424.1250536,0,72.8,2.82
2010,92,13.46286963,11.87016861,18.68816664,446.068915,0,79.55,2.42
2010,93,14.60211172,14.04656226,20.44154358,372.1236339,0,71.44,2.24
2010,94,13.89875356,13.10541906,19.84256388,463.5871238,0,69.08,3.77
2010,95,12.44250497,13.09365477,15.64970598,223.8642674,0,79.12,7.19
2010,96,13.95819228,13.34070486,19.91879766,274.2060672,0,78.53,5.55
2010,97,16.03854741,14.08185513,23.04438264,427.9974997,0,76.24,2.39
2010,98,13.68081159,13.45834776,17.88226668,451.9697853,0,76.92,3.96
2010,99,13.50249544,13.37599773,17.66445588,422.8342382,0,75.8,4.81
2010,100,13.5520277,12.52896885,17.9149383,390.0106471,0,79.15,6.45
2010,101,14.19594715,14.84653398,19.24358418,352.9458054,0,73.97,4.35
2010,102,14.63183108,14.83476969,18.41590314,349.4421637,0.08427375,77.76,2.05
2010,103,14.1860407,15.50533422,17.61000318,134.613604,0.64609875,86.79,3.78
2010,104,14.41388912,14.44654812,18.60104232,186.6150236,0.7303725,83.19,4.38
2010,105,14.33463749,15.44651277,18.14363964,200.9983949,2.55630375,85.1,3.87
2010,106,14.47332783,14.68183392,19.23269364,144.018116,5.730615,80.36,3.34
2010,107,14.19594715,15.58768425,17.77336128,215.7505707,8.652105,81.94,2.61
2010,108,15.18659245,15.78767718,19.45050444,354.6054252,4.382235,80.17,2.09
2010,109,16.03854741,15.10534836,21.35634894,442.7496755,0.42136875,74.55,1.89
2010,110,16.8409701,17.56408497,21.74840838,292.4618848,0,69.55,2.65
2010,111,16.40508617,16.97587047,21.63950298,343.5412934,1.236015,72.03,3.88
2010,112,17.56414117,17.5287921,22.36916916,241.9356827,6.29244,73.39,2.52
2010,113,17.39573147,16.55235603,22.15135836,423.3874448,0,76.6,2.19
2010,114,18.08918318,18.26994237,22.80479076,451.7853831,0,76.68,1.24
2010,115,17.92077348,18.50522817,23.07705426,381.1593416,0,77.14,3.29
2010,116,17.86133476,17.70525645,23.29486506,506.5528357,0,69.08,3.65
2010,117,19.82281245,19.01109264,26.34421626,506.3684335,0,57.01,1.58
2010,118,18.1486219,17.9993637,23.65425288,501.3895742,0,69.87,3.85
2010,119,17.84152185,17.75231361,23.42555154,436.664403,0,71.26,2.55
2010,120,18.24768643,18.5875782,23.92651638,382.2657548,0.87082875,72.27,1.66
2010,121,20.11009959,18.16406376,27.30258378,443.4872843,1.0674675,69.54,3.08
2010,122,18.08918318,19.08167838,23.01171102,432.4231524,0.64609875,77.44,2.53
2010,123,18.37647032,16.72882038,25.25516226,370.4640142,6.629535,64.2,3.97
2010,124,15.24603117,13.37599773,21.7266273,458.4238622,0.0561825,49.88,4.83
2010,125,15.42434732,12.34074021,21.6177219,443.4872843,0,52.75,3.6
2010,126,15.60266348,14.38772667,21.1276476,429.4727173,0.02809125,59.8,2.91
2010,127,17.63348634,16.91704902,23.1423975,475.2044622,0.89892,67.49,3.71
2010,128,17.3263863,16.76411325,22.69588536,504.8932159,2.33157375,69.6,3.22
2010,129,18.69347681,16.86999186,25.20070956,442.5652733,0.02809125,70.8,4.78
2010,130,18.76282198,17.78760648,24.67796364,447.912937,0.02809125,67.64,3.96
2010,131,18.39628322,17.51702781,23.7958299,407.5288558,1.011285,68.59,4.44
2010,132,17.57404762,16.10531301,23.59980018,462.2963084,0.337095,60.09,4.53
2010,133,16.88059591,15.54062709,22.22759214,438.6928271,0.786555,59.7,4
2010,134,16.06826677,15.07005549,21.1821003,372.1236339,0.64609875,54.71,3.97
2010,135,17.42545083,15.89355579,23.22952182,502.8647918,0,61.92,2.97
2010,136,16.62302813,15.65826999,21.96621918,554.6818092,0,60.18,3.19
2010,137,16.80134429,16.28177736,22.4889651,561.5046905,0,67.24,3.93
2010,138,17.494796,15.9994344,23.61069072,561.1358861,0,64.74,3.98
2010,139,18.56469292,17.95230654,25.03735146,553.0221894,0,63.33,3.21
2010,140,17.53442181,17.63467071,22.73944752,546.9369169,0,68.36,5.68
2010,141,17.84152185,16.89352044,23.5780191,546.5681125,0,65.75,6.43
2010,142,18.36656386,18.21112092,24.08987448,535.6883829,0,62.67,5.16
2010,143,18.11890254,17.8817208,23.65425288,493.4602797,0,65.87,2.58
2010,144,18.56469292,17.81113506,24.20967042,548.9653411,0.92701125,65.57,3.4
2010,145,20.13981895,18.85815687,26.71449462,494.9354973,0,60.19,2.9
2010,146,21.49700301,20.34045741,28.5876675,533.6599587,0.0561825,61.04,2.35
2010,147,22.23008053,21.70511505,28.84904046,469.6723963,0.98319375,59.59,3.23
2010,148,20.25869639,20.56397892,25.44030144,339.1156407,3.258585,67.72,1.6
2010,149,20.07047378,20.19928593,25.98482844,516.3261522,0.0561825,69.14,2.67
2010,150,22.2994257,21.48159354,28.66390128,546.1993081,0,62.31,2.04
2010,151,24.47884536,23.74033722,31.45187952,551.3625696,0,55.72,2.01
2010,152,24.1123066,24.42266604,30.58063632,535.8727851,0,59.11,1.81
2010,153,23.39904199,23.86974441,29.52425394,403.4720075,0,62.67,2.78
2010,154,22.84428062,23.08153698,29.37178638,494.1978885,0.81464625,66.87,2.68
2010,155,23.33960327,24.50501607,29.2410999,531.8159367,3.62377125,72.24,2.04
2010,156,23.39904199,23.84621583,29.33911476,543.8020795,0,65.62,2.64
2010,157,23.70614203,23.36387994,30.1667958,552.2845806,0,59.94,2.58
2010,158,21.9427934,22.03451517,27.58573782,536.9791982,0,71.69,2.86
2010,159,23.87455173,23.72857293,29.948985,547.1213191,0,59.12,3.67
2010,160,22.4480225,23.79915867,27.81443916,357.9246648,0.14045625,62.41,5.92
2010,161,21.57625463,21.82275795,27.01942974,566.4835498,0.112365,58.93,5.53
2010,162,21.08093198,20.63456466,26.97586758,552.8377872,0,55.24,4.08
2010,163,20.81345775,20.28163596,26.01750006,503.7868028,0.0561825,60.02,3.51
2010,164,20.44691899,22.01098659,24.97200822,393.5142888,2.1911175,62.98,1.79
2010,165,19.63458985,21.06984339,23.99185962,390.7482559,14.46699375,71.16,2.69
2010,166,20.28841574,21.06984339,26.38777842,309.0580825,30.08572875,76.22,2.72
2010,167,19.72374792,20.57574321,25.29872442,432.7919568,0.9551025,72.14,2.82
2010,168,19.88225117,19.4110785,25.5383163,563.1643102,0,67.39,2.98
2010,169,20.87289647,20.61103608,26.63826084,544.1708839,0,69.09,2.72
2010,170,22.33905152,20.9404362,29.30644314,541.7736554,0.561825,57.81,2.99
2010,171,22.17064181,22.66978683,28.34807562,486.0841918,0,63.9,3.17
2010,172,20.27850929,21.06984339,25.44030144,547.8589279,0,72.89,3.35
2010,173,21.06111908,21.92863656,26.92141488,565.9303432,0,72.27,1.83
2010,174,21.40784493,21.6462936,27.90156348,571.4624091,0,69.95,4.27
2010,175,22.36877087,21.97569372,28.77280668,536.6103939,0,62.56,5.38
2010,176,22.47774186,22.8227226,28.32629454,497.7015302,0,61.84,3.56
2010,177,22.131016,22.57567251,28.08670266,548.9653411,0,61.89,3.08
2010,178,22.22017408,22.29332955,27.6619716,525.9150664,0,64.25,3.77
2010,179,22.64615156,24.05797305,27.6619716,487.5594094,0,62.68,3.39
2010,180,23.46838716,24.50501607,29.04507018,514.297728,0.02809125,59.4,2.58
2010,181,24.21137113,24.55207323,30.37371606,546.7525147,0,52.97,3.44
2010,182,25.06332609,25.83438084,31.35386466,551.1781674,0,53.43,2.99
2010,183,24.38968729,25.74026652,29.88364176,513.0069126,0.02809125,57.86,3.84
2010,184,24.02314853,25.68144507,30.4390593,214.6441575,0.19663875,63.76,4.96
2010,185,24.88500994,26.54023824,31.4736606,502.8647918,0,59.2,6.84
2010,186,25.34070677,26.57553111,31.51722276,536.0571873,0,56.8,5.87
2010,187,24.31043566,25.71673794,30.04699986,541.7736554,0,60.72,4.81
2010,188,24.81566477,25.34028066,31.038039,526.6526752,0,57.08,4.78
2010,189,26.05397139,26.45788821,32.2904511,491.9850621,0,50.83,4.32
2010,190,26.2620069,26.99904555,33.31416186,485.7153874,0,55.43,3.72
2010,191,24.87510348,26.25789528,31.01625792,524.4398488,0,61.69,2.69
2010,192,25.60818101,26.9402241,31.8548295,535.6883829,0,64.31,2.04
2010,193,26.23228754,27.23433135,32.60627676,516.14175,0,60.42,2.57
2010,194,27.18330703,27.56373147,34.4141064,546.7525147,0,52.88,2.32
2010,195,27.63900387,27.35197425,34.93685232,558.0010487,0,52.28,2.81
2010,196,27.53993934,28.75192476,34.33787262,544.1708839,0,53.04,2.06
2010,197,26.44032306,27.8813673,33.09635106,495.8575083,0,62.88,2.24
2010,198,25.59827455,27.85783872,31.48455114,474.098049,0,68.88,2.76
2010,199,25.17229707,26.85787407,31.00536738,499.36115,0,77.45,4.07
2010,200,25.64780682,26.79905262,32.20332678,513.0069126,0,67.87,1.92
2010,201,25.24164224,25.95202374,31.83304842,521.1206093,0,73.84,2.66
2010,202,26.45022951,26.2343667,33.62998752,510.7940862,0,62.58,3.18
2010,203,26.28181981,27.04610271,33.61909698,517.6169675,0,65.69,1.82
2010,204,25.50911648,26.97551697,31.83304842,483.3181589,0.30900375,78.97,3.28
2010,205,24.97416801,27.51667431,30.21035796,368.9887966,0.58991625,78.61,4.68
2010,206,25.28126806,26.88140265,31.73503356,515.4041412,0,72.27,3.5
2010,207,24.84538412,26.61082398,30.7657755,516.3261522,0,70.02,3.98
2010,208,24.72650669,26.01084519,30.15590526,529.6031104,0,68.03,5.08
2010,209,25.19210998,25.91673087,31.6914714,522.0426203,0,64.03,3.58
2010,210,26.87620699,27.42255999,33.7062213,469.4879941,0,57.11,2.36
2010,211,25.32089387,26.77552404,31.82215788,484.6089742,0,77.02,3.35
2010,212,25.05341964,27.18727419,30.83111874,508.9500643,0,71.53,4.17
2010,213,25.44967776,26.25789528,32.10531192,517.9857719,0,67.96,3.23
2010,214,25.84593588,26.66964543,32.8894308,510.0564775,0,64.22,2.42
2010,215,25.06332609,26.22260241,31.50633222,464.6935369,0,76.17,4.03
2010,216,24.94444865,27.26962422,30.83111874,493.0914753,0,71.08,3.22
2010,217,25.083139,27.10492416,30.89646198,467.4595699,0,71.31,2.91
2010,218,25.44967776,27.16374561,31.27763088,455.4734271,0,70.35,5.71
2010,219,24.86519703,26.44612392,31.22317818,483.6869633,0,67.45,5.92
2010,220,25.30108096,26.02260948,30.61330794,393.8830932,0,58.16,4.03
2010,221,26.39079079,27.9990102,33.08546052,409.3728778,0.561825,57.75,2.77
2010,222,27.71825549,29.32837497,34.10917128,321.0442253,1.03937625,55.15,1.73
2010,223,29.18441054,28.7048676,37.3545522,449.756959,0,55.05,2.36
2010,224,27.37152964,28.75192476,33.2705997,460.083482,0.14045625,66.96,3.07
2010,225,25.30108096,27.51667431,30.83111874,348.1513483,16.967115,77.57,5.21
2010,226,23.36932263,26.44612392,27.96690672,380.7905372,29.29917375,79.01,4.11
2010,227,24.18165177,25.79908797,29.76384582,462.849515,0,74.97,3.01
2010,228,24.39959374,25.7637951,29.74206474,253.9218255,1.7416575,77.12,2.66
2010,229,23.93399045,26.54023824,28.60944858,287.2986232,7.55654625,79.78,2.72
2010,230,24.08258724,26.42259534,28.92527424,361.9815131,1.82593125,71.2,1.66
2010,231,23.69623558,25.66968078,28.5332148,361.9815131,13.23097875,77.65,2.43
2010,232,25.38033259,26.61082398,31.49544168,472.9916358,0,71.86,2.59
2010,233,25.32089387,26.71670259,31.50633222,478.3392995,0,73.35,4.01
2010,234,25.13267126,26.48141679,31.038039,463.771526,0,70.96,2.32
2010,235,27.74797485,28.28135316,35.7209712,465.6155479,0,62.42,2.91
2010,236,27.65881678,28.22253171,34.65369828,479.6301149,0,53.25,2.54
2010,237,26.51957468,27.71666724,32.70429162,477.0484842,0,62.72,3.22
2010,238,27.2328393,28.17547455,34.70815098,471.1476138,0,60.27,2.24
2010,239,29.69954609,30.48127539,37.65948732,460.083482,0,50.3,1.88
2010,240,27.70834904,29.37543213,34.7408226,449.0193502,0,61.3,3.93
2010,241,25.88556169,28.68133902,31.37564574,413.0609217,0,71.93,4.71
2010,242,25.48930357,27.61078863,31.61523762,453.9982095,0,73.19,3.56
2010,243,24.77603895,27.58726005,29.8400796,396.6491262,0,73.02,5.8
2010,244,24.24109049,26.03437377,29.7856269,380.606135,0,66.38,4.53
2010,245,23.39904199,25.46968785,29.03417964,312.7461265,0.02809125,66.33,1.81
2010,246,24.27080985,26.49318108,29.82918906,370.6484164,0,67.85,2.2
2010,247,24.02314853,25.28145921,30.03610932,445.5157084,0,67.11,2.76
2010,248,24.9147293,25.86967371,31.0924917,449.3881546,0,59.91,2.76
2010,249,24.82557122,26.09319522,30.8746809,431.5011414,0,59.58,2.5
2010,250,26.17284883,26.26965957,34.23985776,436.664403,0,53.54,4.38
2010,251,24.2807163,25.71673794,30.1123431,417.8553789,0,55.98,3.16
2010,252,23.9438969,24.38737317,31.05982008,437.7708162,0.0561825,55.89,3.54
2010,253,22.80465481,23.77563009,28.68568236,429.1039129,0,67.49,3.95
2010,254,22.73530964,23.2932942,28.94705532,389.4574405,0,71.79,4.86
2010,255,22.97306451,24.71677329,28.41341886,408.2664646,0,72.05,4.36
2010,256,23.20091293,24.50501607,29.21931882,383.1877658,0,72.08,3.95
2010,257,23.66651622,25.44615927,30.72221334,399.9683657,0,70.61,2.28
2010,258,22.33905152,24.29325885,27.78176754,382.450157,0,76.08,2.67
2010,259,23.69623558,24.31678743,30.28659174,159.3234984,0.337095,65.8,2.01
2010,260,23.84483237,25.54027359,29.01239856,232.8999751,8.1464625,70.46,2.71
2010,261,23.04240968,23.45799426,29.20842828,385.0317878,0,65.73,2.16
2010,262,22.52727412,23.36387994,28.44609048,361.7971109,0.1685475,77.46,3.72
2010,263,22.37867733,24.32855172,26.92141488,200.6295906,14.8883625,82.88,3.32
2010,264,22.62633865,23.6462229,28.63122966,360.1374911,0.02809125,73.44,2.16
2010,265,22.67587092,23.89327299,28.0431405,311.6397133,0,77.82,2.75
2010,266,22.63624511,24.51678036,27.19367838,150.6565951,0.22473,78.17,2.43
2010,267,23.49810652,23.35211565,30.28659174,377.4712977,1.15174125,64.54,3.06
2010,268,22.53718058,23.24623704,28.65301074,351.2861857,0,67.75,3.2
2010,269,21.89326113,23.26976562,26.92141488,320.6754209,0.2809125,74.6,2.33
2010,270,21.32859331,23.19917988,26.64915138,274.5748716,0,71.43,2.3
2010,271,21.76447724,21.92863656,28.19560806,314.7745506,1.12365,64,2.13
2010,272,22.14092246,22.98742266,28.39163778,368.9887966,0,63.41,2.48
2010,273,22.80465481,23.45799426,29.60048772,362.7191219,0,55.56,2.1
2010,274,22.28951925,22.88154405,29.1866472,371.0172208,0,62.76,1.85
2010,275,22.35886442,22.39920816,30.01432824,351.6549901,0,68.52,1.83
2010,276,23.16128711,23.57563716,30.41727822,299.1003639,0,61.97,5.51
2010,277,21.44747075,22.10510091,27.05210136,204.3176345,1.1798325,63.52,4.38
2010,278,19.89215762,19.72871433,25.5383163,353.3146098,0,60.24,2.73
2010,279,20.44691899,20.49339318,26.43134058,335.7964011,0,69.43,3.4
2010,280,21.52672237,22.41097245,27.50950404,203.3956235,0.02809125,81.3,2.48
2010,281,21.21962233,22.92860121,26.5729176,277.709709,0.02809125,82.23,1.5
2010,282,21.1205578,22.2345081,27.47683242,207.636874,13.23097875,81.14,2.57
2010,283,19.87234472,20.75220756,25.87592304,264.0639464,9.4948425,67.6,4.75
2010,284,18.23777997,18.92874261,23.10972588,279.3693288,3.2024025,63.99,2.3
2010,285,19.21851882,18.7052211,25.49475414,270.7024255,2.05066125,63.75,2.78
2010,286,19.80299955,20.3522217,26.23531086,190.4874697,5.505885,69.48,2.59
2010,287,19.812906,20.55221463,25.7561271,294.1215045,0,69.42,2.48
2010,288,19.75346728,20.59927179,25.38584874,235.8504102,0.02809125,72.06,2.16
2010,289,18.89160587,19.63460001,24.07898394,256.8722607,0.0561825,79.54,2.36
2010,290,18.68357036,18.50522817,24.7759785,239.1696498,0.0561825,63.59,3.15
2010,291,16.55368296,15.62297712,22.55430834,323.9946605,0,53.73,3.2
2010,292,16.63293459,17.54055639,21.9988908,316.6185726,0,55.49,1.73
2010,293,17.35610566,17.71702074,23.26219344,310.7177023,0,60.07,2.1
2010,294,16.71218621,16.56412032,22.12957728,291.3554716,0,75.48,3.44
2010,295,16.68246685,15.58768425,21.95532864,282.5041661,0,78.48,2.85
2010,296,17.47498309,18.57581391,22.17313944,176.6573049,0.64609875,78.39,1.58
2010,297,18.90151232,18.56404962,25.51653522,280.4757419,0.30900375,68.65,2.19
2010,298,18.35665741,17.1758634,23.7958299,233.821986,0,61.81,3.71
2010,299,15.67200865,12.52896885,23.76315828,304.816832,0,45.37,2.81
2010,300,16.80134429,17.71702074,21.9444381,294.4903089,0,50.27,1.25
2010,301,17.27685403,17.57584926,22.29293538,231.0559531,0,51.29,0.74
2010,302,17.87124121,17.66996358,23.91562584,234.0063882,0,62.34,2.88
2010,303,17.40563792,18.822864,21.74840838,83.34979313,0.25282125,76.68,4.92
2010,304,17.82170895,18.24641379,22.45629348,200.6295906,10.92749625,68.04,7.39
2010,305,16.87068946,15.89355579,23.4691137,239.9072586,0,61.73,4.41
2010,306,16.89050237,16.01119869,23.06616372,271.0712299,0,61.49,3.25
2010,307,16.70227976,16.48177029,22.870134,265.7235662,0,67.9,1.87
2010,308,16.60321523,16.9405776,21.8899854,263.1419354,0,68.49,2.52
2010,309,16.34564745,16.66999893,21.28011516,149.3657797,0.53373375,75.37,3.89
2010,310,16.12770548,15.94061295,22.15135836,243.2264981,0.44946,76.4,3.13
2010,311,16.74190557,15.94061295,23.32753668,197.1259488,0,70.1,3.62
2010,312,15.96920224,15.24651984,21.48703542,204.1332323,0.14045625,65.78,6.42
2010,313,17.58395408,16.8229347,23.21863128,174.9976851,0.6180075,64.25,8.14
2010,314,14.38416976,13.14071193,20.61579222,207.0836675,0.0561825,60.85,4.01
2010,315,14.40398266,12.78778323,20.40887196,242.3044871,0,61.31,2.56
2010,316,15.76116672,14.10538371,23.21863128,229.0275289,0,66.59,2.48
2010,317,16.19705066,16.54059174,22.69588536,234.5595948,0,72.28,2.38
2010,318,16.03854741,15.04652691,22.72855698,232.5311707,0,74.25,4.03
2010,319,13.93837937,12.42309024,19.57030038,244.7017157,0.02809125,59.84,3.71
2010,320,12.78923082,10.4702181,19.13467878,226.6303004,0,64.75,3.15
2010,321,13.07651796,12.54073314,17.62089372,74.12968327,0.8427375,71.1,2.71
2010,322,12.86848245,10.98784686,19.21091256,217.7789949,0,66.53,2.71
2010,323,13.45296317,14.19949803,17.79514236,124.4714831,0,71.82,2.14
2010,324,14.56248591,13.10541906,21.59594082,198.232362,0.0561825,79.56,4.64
2010,325,12.88829535,11.38783272,18.87330582,200.9983949,0,65.14,4.19
2010,326,12.35334689,11.23489695,18.50302746,217.5945927,0,62.71,3.52
2010,327,12.52175659,10.68197532,18.86241528,140.3300721,0.0561825,67.9,1.91
2010,328,14.26529232,14.52889815,18.82974366,161.5363247,2.584395,86.39,1.09
2010,329,14.57239236,15.24651984,19.46139498,98.4707733,5.4497025,89.22,1.88
2010,330,11.80849198,13.1760048,14.03790606,77.26452063,2.33157375,71.48,4.96
2010,331,10.12439497,10.32904662,12.34987236,55.13625696,62.8682175,89.1,5.64
2010,332,11.03578864,9.31731768,17.30506806,199.3387752,2.83721625,67.24,3.15
2010,333,9.054498042,10.16434656,10.68361974,41.85929876,54.35656875,84.24,4.14
2010,334,11.24382416,10.7055039,14.74579116,60.48392068,16.82665875,84.83,2.69
2010,335,11.64008228,11.35253985,16.56451134,164.6711621,0.6180075,73.5,5.32
2010,336,11.63017582,8.34088161,17.2615059,179.9765445,1.011285,67.92,4.47
2010,337,8.707772187,7.09386687,13.74386148,202.8424169,0.0561825,60.79,4.03
2010,338,8.271888255,6.21154512,12.34987236,186.983828,0,69.72,3.76
2010,339,11.28344997,10.65844674,15.58436274,112.8541447,0,76,2.17
2010,340,15.33518924,14.57595531,20.77915032,165.9619775,0.53373375,85.94,4.58
2010,341,15.94938933,16.75234896,21.5088165,171.3096412,0.30900375,86.77,3.21
2010,342,16.55368296,16.83469899,21.80286108,155.6354544,0.53373375,82.13,2.47
2010,343,16.94003463,18.05818515,21.86820432,179.6077401,0.02809125,76.69,2.32
2010,344,14.25538587,14.38772667,16.85855592,81.32136897,0.9551025,85.34,6.8
2010,345,12.63072758,12.76425465,17.22883428,160.9831182,0,77.66,4.54
2010,346,13.2152083,12.98777616,18.00206262,146.9685512,0,71.16,1.69
2010,347,13.58174706,14.38772667,17.29417752,95.70474035,0.0561825,80.12,3.15
2010,348,13.59165352,14.03479797,18.76440042,119.8614282,0.19663875,82.65,1.67
2010,349,9.619165863,8.84674608,13.22111556,195.0975246,0,57.4,5.15
2010,350,6.974142912,4.96453038,10.86875892,193.0691005,0,50.21,3.33
2010,351,9.391317444,7.24680264,14.17948308,183.295784,0.30900375,55.51,1.95
2010,352,12.224563,12.51720456,15.25764654,56.79587674,10.87131375,84.98,1.98
2010,353,14.49314074,13.65834069,20.24551386,99.20838209,55.171215,85.54,5.16
2010,354,11.90755651,9.07026759,18.2961072,174.9976851,0.22473,79.28,2.6
2010,355,14.30491813,14.85829827,18.14363964,89.98827223,20.42233875,93.68,4.66
2010,356,14.46342138,16.42294884,17.30506806,106.4000678,9.01729125,88.39,5.58
2010,357,12.91801471,10.76432535,17.10903834,150.8409973,0.6180075,68.03,7.6
2010,358,9.084217401,7.43503128,14.7566817,167.6215973,0,62.22,3.37
2010,359,9.658791675,7.44679557,14.38640334,134.4292018,0.14045625,62.17,2.45
2010,360,8.757304452,6.3527166,14.22304524,195.0975246,0.02809125,55.44,2.85
2010,361,9.430943256,8.85851037,13.5587223,194.1755137,0,62.56,1.24
2010,362,11.03578864,11.11725405,15.07250736,163.1959445,0,72.92,1.08
2010,363,10.59990471,10.49374668,14.702229,155.6354544,0,84.2,3.54
2010,364,11.2339177,10.91726112,15.11606952,120.0458304,0.08427375,85.95,2.35
2010,365,12.24437591,13.03483332,15.0833979,137.5640391,16.18056,89.99,1.4
2011,1,12.90810826,12.04663296,18.33966936,118.9394172,6.96663,82.78,1.78
2011,2,12.41278561,11.49371133,18.03473424,145.4933336,1.32028875,75.44,2.46
2011,3,11.29335642,9.91729647,16.68430728,194.544318,0,74.11,2.41
2011,4,11.35279514,9.67024638,16.46649648,168.5436082,0,78.86,1.89
2011,5,12.42269206,10.97608257,18.52480854,155.4510522,0,81.91,2.63
2011,6,13.74025031,13.09365477,19.6574247,174.8132829,0,87.85,3.5
2011,7,13.68081159,13.49364063,18.68816664,120.2302326,0.08427375,80.96,3.44
2011,8,13.93837937,14.43478383,19.04755446,189.5654587,0,83,1.82
2011,9,13.31427283,13.35246915,17.94760992,117.2797974,0.42136875,77.36,3.7
2011,10,11.69952099,10.48198239,17.28328698,206.1616565,0.14045625,66.81,2.42
2011,11,12.59110176,10.64668245,19.59208146,169.0968148,0,73.42,2.62
2011,12,13.61146642,12.3525045,19.9841409,199.3387752,0,75.1,2.77
2011,13,13.54212125,13.98774081,18.513918,210.9561136,0,74.83,1.41
2011,14,14.02753745,14.07009084,19.55940984,212.0625268,0,74.25,1.48
2011,15,13.27464702,12.48191169,18.4594653,206.1616565,0,75.06,2.21
2011,16,12.30381463,12.03486867,17.4793167,152.6850193,0,77.26,1.89
2011,17,12.04624685,11.81134716,17.82781398,198.232362,0,68.78,1.45
2011,18,10.92681766,11.25842553,14.22304524,106.7688722,0,79.02,3.23
2011,19,10.78812732,11.21136837,14.60421414,102.7120238,0.0561825,88.67,3.94
2011,20,11.31316933,11.71723284,15.75861138,188.8278499,0.87082875,81.42,2.87
2011,21,8.995059324,7.91736717,12.80727504,179.7921423,0,64.87,5.11
2011,22,6.478820262,4.25867298,9.76881438,215.7505707,0,59.73,4.13
2011,23,7.885536588,6.63505956,10.0192968,85.3782173,0.337095,74.5,6.28
2011,24,9.292252914,10.27022517,11.08656972,47.94457127,0.1685475,77.27,8.36
2011,25,9.480475521,10.21140372,11.69643996,49.78859324,0.58991625,84.14,5.51
2011,26,10.19374014,10.51727526,13.19933448,113.0385469,3.39904125,87.34,5.86
2011,27,10.3918692,10.43492523,14.96360196,121.3366458,26.181045,84.11,3.63
2011,28,11.93727587,11.44665417,16.61896404,134.9824084,17.44466625,82.73,5.08
2011,29,11.53111129,10.587861,16.96746132,219.0698103,0.44946,69.6,4.22
2011,30,10.21355304,7.9997172,14.31016956,215.7505707,0.3932775,68.84,2.33
2011,31,9.440849709,8.41146735,13.86365742,192.7002961,0.3932775,61.39,3.45
2011,32,9.51019488,7.4115027,14.03790606,202.8424169,0.42136875,58.94,2.84
2011,33,9.678604581,6.79975962,15.61703436,246.1769333,0.0561825,56.66,3.3
2011,34,9.80738847,7.56443847,15.54080058,262.4043266,0,64.43,3.38
2011,35,11.15466608,9.18791049,16.8258843,266.8299793,0,66.46,2.36
2011,36,11.56083065,10.99961115,16.67341674,269.4116101,0,69.63,2.22
2011,37,12.19484364,12.18780444,17.30506806,271.2556321,0,57.57,1.21
2011,38,11.5509242,11.45841846,16.24868568,269.5960123,0,64.73,1.26
2011,39,10.75840796,9.8820036,15.45367626,215.9349729,0,78.19,1.77
2011,40,11.4023274,10.56433242,16.89122754,259.2694893,0,74.72,1.26
2011,41,10.47112082,9.56436777,15.70415868,267.0143815,0,78.44,2.37
2011,42,10.63953052,10.2349323,15.69326814,273.4684584,0,73.31,1.61
2011,43,11.7193339,9.50554632,17.93671938,275.6812848,0,72.65,1.93
2011,44,12.65054048,10.24669659,18.54658962,262.773131,2.72485125,70.03,4
2011,45,11.43204676,9.95258934,16.35759108,271.2556321,2.94958125,64.09,4.69
2011,46,11.5509242,11.23489695,15.37744248,103.2652304,11.48932125,79.67,6.26
2011,47,11.28344997,8.69381031,15.92196948,208.7432872,8.73637875,74.76,6.42
2011,48,12.27409527,11.37606843,16.67341674,266.8299793,0.3932775,60.59,8.19
2011,49,11.92736941,9.50554632,16.96746132,308.8736803,0,67.45,3.41
2011,50,13.29445993,11.71723284,19.06933554,216.4881795,0.53373375,70.87,2.08
2011,51,14.21576006,14.19949803,20.38709088,248.2053574,0.08427375,73.96,2.61
2011,52,13.41333736,12.10545441,19.03666392,286.5610144,0,69.52,2.67
2011,53,14.46342138,13.38776202,20.98607058,241.3824761,0,71.81,2.53
2011,54,14.14641488,13.30541199,19.96235982,304.816832,0,71.16,3.26
2011,55,14.48323429,14.79947682,19.90790712,319.9378121,0,70.75,1.19
2011,56,13.31427283,13.01130474,17.6971275,320.4910187,0,74.94,2.58
2011,57,16.0187345,12.99954045,24.63440148,301.4975924,0,64.28,2.21
2011,58,13.23502121,11.54076849,17.2615059,123.3650699,0.02809125,68.72,3.58
2011,59,11.37260804,8.99968185,17.51198832,265.9079684,0.1685475,52.3,3.75
2011,60,9.460662615,7.11739545,14.36462226,335.4275967,0.0561825,56.51,3.45
2011,61,9.936172359,7.12915974,15.09428844,339.6688472,0,56.84,2.74
2011,62,9.351691632,8.22323871,12.39343452,275.4968826,0.1685475,68.72,1.9
2011,63,10.66924988,11.10548976,12.80727504,210.7717114,9.6072075,73.62,3.97
2011,64,11.70942745,11.30548269,15.58436274,225.5238872,0.02809125,72.86,5.94
2011,65,11.50139193,10.92902541,15.94375056,292.646287,0,80.69,5.61
2011,66,11.81839843,10.52903955,16.81499376,264.617153,0,79.24,6.56
2011,67,12.79913728,12.97601187,17.41397346,144.018116,0.19663875,82.09,9.11
2011,68,12.48213078,13.49364063,15.94375056,80.76816237,1.7416575,84.91,8.8
2011,69,10.7286886,11.74076142,12.33898182,82.42778215,0.47755125,85.47,7.59
2011,70,11.78867907,12.4701474,13.91811012,70.44163933,8.90492625,93.38,6.24
2011,71,13.99781809,14.17596945,19.10200716,192.7002961,14.719815,82.06,2.5
2011,72,13.89875356,12.22309731,19.23269364,361.7971109,0.112365,75.13,2.38
2011,73,13.91856647,13.44658347,18.3505599,227.5523113,14.01753375,81.15,2.74
2011,74,13.83931484,12.95248329,18.77529096,286.7454166,5.36542875,69.91,3.92
2011,75,12.93782762,10.09376082,19.31981796,367.3291768,0,63.16,4.79
2011,76,15.0082763,12.98777616,21.54148812,342.8036846,0,62.93,2.65
2011,77,14.46342138,13.49364063,19.88612604,404.5784207,0,65.41,3.3
2011,78,15.176686,14.25831948,21.43258272,407.8976602,0,68.65,1.78
2011,79,13.62137288,13.10541906,18.82974366,404.0252141,0,77.23,3.98
2011,80,13.10623732,13.4112906,17.0981478,276.787698,0,78.42,5.92
2011,81,12.0561533,12.09369012,15.27942762,206.5304609,1.88211375,73.57,8.11
2011,82,13.50249544,13.43481918,17.89315722,165.0399665,11.6297775,84.75,6.66
2011,83,13.96809873,14.5877196,17.63178426,163.7491511,1.43265375,85.24,6.4
2011,84,13.81950194,13.78774788,18.42679368,242.8576937,0,84.94,4.72
2011,85,13.8690342,12.44661882,19.28714634,353.8678164,0,80.56,2.7
2011,86,15.6819151,13.18776909,22.63054212,403.2876053,0,70.25,3.38
2011,87,16.12770548,14.78771253,21.59594082,343.5412934,0,68.8,2.08
2011,88,15.23612471,15.6465057,19.55940984,235.2972036,6.6857175,75.41,1.2
2011,89,16.31592809,14.43478383,23.07705426,385.9537987,0,66.38,2.09
2011,90,16.41499262,15.57591996,21.55237866,427.6286953,0,70.38,1.57
2011,91,16.34564745,16.10531301,21.60683136,449.3881546,0,66.25,3.09
2011,92,17.87124121,16.19942733,24.63440148,389.2730383,0,58.81,1.72
2011,93,18.94113814,20.12870019,24.40570014,185.3242082,0.08427375,63.89,1.34
2011,94,17.55423472,17.92877796,22.88102454,380.0529284,0,70.77,4.28
2011,95,16.11779903,16.3523631,21.41080164,241.5668783,0,68.4,7.6
2011,96,16.17723775,16.66999893,20.97518004,352.0237945,0,63.88,7.57
2011,97,16.86078301,16.27001307,22.7612286,428.9195107,0,56.24,5.48
2011,98,17.63348634,16.03472727,23.56712856,448.0973392,0,48.53,2.1
2011,99,21.76447724,19.34049276,30.3846066,463.4027216,0,46.34,2.79
2011,100,19.4760866,18.85815687,25.99571898,463.5871238,0,62.88,2.37
2011,101,16.5041507,16.49353458,20.88805572,373.0456449,0,76.58,4.16
2011,102,16.80134429,16.51706316,22.20581106,452.5229919,0,69.02,3.15
2011,103,17.46507664,17.16409911,23.1968502,482.5805501,0,66.32,2.66
2011,104,18.3170316,16.12884159,25.95215682,481.2897347,0,62.06,2.73
2011,105,16.45461843,17.23468485,21.48703542,402.7343987,0,80.89,4.65
2011,106,15.84041835,15.82297005,20.24551386,334.5055857,0,70.4,6.59
2011,107,15.21631181,15.38769132,19.9841409,469.4879941,0,69.42,6.56
2011,108,15.11724728,14.2347909,20.34352872,385.0317878,0.1685475,70.69,5.57
2011,109,15.07762147,14.27008377,20.93161788,271.8088387,3.23049375,78.88,3.15
2011,110,16.09798613,15.45827706,20.92072734,379.8685262,0.42136875,79.2,5.38
2011,111,16.94003463,17.35232775,21.35634894,196.2039378,13.6523475,78.38,3.68
2011,112,15.29556343,15.31710558,19.73365848,383.372168,3.59568,73.74,5.14
2011,113,15.88004416,16.15237017,20.39798142,360.6906977,0.19663875,72.03,3.29
2011,114,14.61201818,16.21119162,17.19616266,208.0056784,14.12989875,83.42,2.13
2011,115,16.09798613,16.84646328,19.55940984,224.9706806,7.89364125,73.35,3.61
2011,116,17.56414117,16.49353458,23.13150696,409.1884756,1.26410625,69.29,2.38
2011,117,17.8316154,18.19935663,22.80479076,465.4311457,0,71.86,1.88
2011,118,17.82170895,17.23468485,23.38198938,496.0419105,0,67.66,3.3
2011,119,15.18659245,16.56412032,18.47035584,148.8125731,4.94406,73.06,4.39
2011,120,15.91966997,15.62297712,21.49792596,329.8955308,1.09555875,71.22,2.96
2011,121,16.38527326,17.34056346,21.71573676,346.1229241,3.932775,77.67,5.01
2011,122,16.80134429,17.68172787,21.37813002,229.7651377,16.068195,80.52,2.88
2011,123,18.76282198,17.8817208,24.46015284,412.6921173,0.53373375,70.01,2.26
2011,124,19.26805109,19.31696418,24.85221228,435.742392,0.02809125,69.18,2
2011,125,18.27740579,17.91701367,23.59980018,497.1483237,0,75.91,2.49
2011,126,18.88169942,18.68169252,24.30768528,397.2023328,1.43265375,74.51,5.47
2011,127,19.60487049,19.69342146,25.5383163,384.8473856,3.932775,63.72,4.37
2011,128,18.27740579,17.08174908,24.26412312,538.0856114,0,64.28,2.06
2011,129,18.68357036,18.4699353,24.503715,540.6672422,0,68.38,3.79
2011,130,17.95049284,16.99939905,23.76315828,532.7379477,0,75.64,5.71
2011,131,18.5052542,18.16406376,24.31857582,490.6942467,0,62.32,5.83
2011,132,19.20861237,18.72874968,24.89577444,347.2293373,0,56.63,4.71
2011,133,18.81235425,19.22284986,23.75226774,398.8619525,0,63.66,4.63
2011,134,19.91197053,19.11697125,26.32243518,505.6308247,0,58.6,2.21
2011,135,18.13871544,19.10520696,22.9245867,200.076384,0.08427375,75.86,6.11
2011,136,17.19760241,18.71698539,20.89894626,390.1950493,0.02809125,73.34,5.82
2011,137,18.13871544,18.54052104,23.3602083,364.3787417,0.112365,70.38,4.67
2011,138,17.22732177,18.76404255,20.35441926,187.7214367,5.6744325,79.66,5.52
2011,139,17.85142831,19.2934356,22.35827862,308.3204737,0.14045625,77.3,4.54
2011,140,18.85198006,18.37582098,24.32946636,347.7825439,3.8765925,68.99,4.7
2011,141,19.61477694,18.66992823,25.54920684,555.2350158,0,58.69,2.12
2011,142,19.75346728,19.31696418,24.9937893,541.404851,0,60.79,1.88
2011,143,21.24934169,21.51688641,26.60558922,557.8166465,0,53.3,1.3
2011,144,22.24989344,23.03447982,27.86889186,555.9726246,0,52.43,1.81
2011,145,22.48764831,21.97569372,28.5876675,564.2707234,0,52.44,2.11
2011,146,23.62689041,23.95209444,29.54603502,405.1316272,0,43.64,2.06
2011,147,22.49755476,23.43446568,27.72731484,332.4771616,0,62.62,2.45
2011,148,21.03139972,21.55217928,26.70360408,444.9625018,0.25282125,76.66,3.62
2011,149,21.29887395,22.42273674,26.63826084,320.1222143,3.45522375,76.18,3.86
2011,150,22.48764831,21.98745801,28.63122966,400.5215723,0.08427375,61.84,4.02
2011,151,21.82391596,22.16392236,26.80161894,447.3597304,0.0561825,62.77,2.33
2011,152,19.68412211,20.98749336,24.25323258,220.72943,3.56758875,74.19,5.25
2011,153,18.41609613,19.66989288,22.58697996,414.3517371,0.5056425,70.85,4.62
2011,154,18.44581549,18.68169252,23.20774074,417.3021723,0,69.9,4.24
2011,155,18.66375745,18.68169252,24.503715,533.2911543,0,67.44,4.02
2011,156,19.35720916,19.34049276,24.7759785,528.312295,0,66.41,3.03
2011,157,20.66486096,20.97572907,25.1026947,406.0536382,0.0561825,64.38,1.98
2011,158,21.21962233,21.26983632,26.50757436,429.8415217,3.2024025,62.8,4.15
2011,159,21.05121263,20.14046448,27.21545946,459.3458732,0.02809125,59.77,4.24
2011,160,21.74466434,21.25807203,28.08670266,536.794796,0,56.89,2.74
2011,161,22.18054827,21.30512919,28.4243094,518.9077829,0.22473,59.67,2.67
2011,162,21.18990297,22.02275088,26.15907708,462.4807106,0,69.86,3.08
2011,163,21.87344822,21.5286507,27.92334456,541.5892532,0,64.39,1.89
2011,164,25.02370028,24.44619462,32.41024704,541.5892532,0,50.89,2.32
2011,165,23.35941617,24.22267311,28.57677696,557.2634399,0,62.54,3.03
2011,166,23.11175485,24.22267311,28.78369722,563.1643102,0,63,2.1
2011,167,24.49865827,24.44619462,30.83111874,554.497407,0,59,2.38
2011,168,25.57846165,26.18730954,32.05085922,568.511974,0,55.26,2.37
2011,169,27.17340058,26.16378096,34.5230118,562.9799081,0,44.58,2.47
2011,170,23.51791942,25.32851637,28.82725938,539.3764268,0,73.92,5.11
2011,171,22.58671284,23.96385873,27.5530662,490.1410402,0,76.75,2.88
2011,172,23.47829361,24.41090175,28.90349316,523.3334357,0.02809125,69.63,1.87
2011,173,24.87510348,24.49325178,31.49544168,491.8006599,0,61.53,2.16
2011,174,25.2515487,25.92849516,30.8746809,529.4187082,0,62.97,2.46
2011,175,23.66651622,25.55203788,29.08863234,472.6228314,0,74.32,5.75
2011,176,23.54763878,24.32855172,29.85097014,542.5112642,0,69,5.17
2011,177,23.62689041,24.14032308,29.53514448,557.8166465,0,64.4,3.51
2011,178,23.83492592,24.32855172,30.29748228,550.6249608,0,64.56,2.86
2011,179,25.48930357,25.7637951,31.88750112,547.1213191,0,58.71,2.16
2011,180,26.11341011,26.81081691,31.86572004,503.7868028,0,62.73,2.61
2011,181,24.02314853,26.34024531,29.42623908,462.849515,0,78.21,4.67
2011,182,23.93399045,25.5285093,29.23020936,466.7219611,0,73.15,2.69
2011,183,26.9158328,26.37553818,34.37054424,509.6876731,0,58.79,2.32
2011,184,26.94555216,27.9990102,34.12006182,372.8612427,0,56.12,3.52
2011,185,24.70669378,25.15205202,31.68058086,561.3202883,0,51.26,3.37
2011,186,24.87510348,25.66968078,30.79844712,558.5542553,0,54.36,2.16
2011,187,27.43096836,27.04610271,34.49034018,562.2422993,0,50.45,3.35
2011,188,28.37208139,27.81078156,36.5922144,571.6468113,0,41.23,3.37
2011,189,26.25210045,26.18730954,32.62805784,561.3202883,0,46.85,2.65
2011,190,25.02370028,25.58733075,31.16872548,453.8138073,0.02809125,65.52,2.31
2011,191,25.57846165,27.12845274,30.8202282,432.6075546,0,62,1.89
2011,192,25.98462622,26.15201667,32.70429162,459.5302754,0,64.73,2.45
2011,193,26.54929404,27.42255999,34.72993206,262.2199244,0,56.74,4.06
2011,194,25.80631007,26.56376682,32.55182406,555.2350158,0,54.67,2.75
2011,195,24.32034212,26.44612392,29.74206474,510.4252818,0,72.74,4.12
2011,196,24.4293131,26.44612392,30.1667958,513.1913148,0,70.2,4.99
2011,197,25.00388737,25.24616634,30.79844712,524.8086532,0,61.35,2.94
2011,198,28.31264267,26.78728833,36.36351306,546.5681125,0,49.82,4.1
2011,199,25.1029519,25.78732368,30.2757012,462.6651128,0,65.83,3.64
2011,200,26.14312947,25.59909504,34.05471858,515.4041412,0,54.75,3.37
2011,201,23.93399045,25.90496658,28.9688364,526.468273,0,69.97,5.13
2011,202,24.05286788,25.04617341,29.92720392,512.453706,0,66.8,4.26
2011,203,24.05286788,25.6461522,29.65494042,437.2176096,0.02809125,72.34,4.25
2011,204,24.449126,26.09319522,29.86186068,414.9049437,0,72.39,3.13
2011,205,24.9147293,26.32848102,31.93106328,492.9070731,0,68.34,2.95
2011,206,24.67697442,26.32848102,30.3846066,494.5666929,0,66.61,2.9
2011,207,26.25210045,26.9402241,32.63894838,512.0849016,0,57.48,1.78
2011,208,25.52892938,27.09315987,32.02907814,510.7940862,0,72.76,4.97
2011,209,24.35996793,26.14025238,29.88364176,448.0973392,0,74.26,4.7
2011,210,24.52837763,25.7637951,30.35193498,490.8786489,0,69.03,2.85
2011,211,25.46949066,27.16374561,31.9637349,486.268594,0,68.34,2.58
2011,212,24.449126,26.21083812,30.64597956,493.8290841,0,74.36,2.45
2011,213,24.35006147,26.26965957,30.07967148,461.1898952,0,74.68,4.33
2011,214,25.2515487,26.72846688,31.33208358,466.3531567,0,62.79,2.98
2011,215,26.47004242,27.16374561,33.30327132,491.2474533,0,61.32,2.31
2011,216,25.04351318,26.25789528,31.44098898,487.7438116,0,72.79,2.53
2011,217,25.96481331,27.02257413,32.02907814,430.3947283,0,64.29,2.78
2011,218,28.38198785,28.62251757,35.26356852,497.1483237,0,55.83,2.74
2011,219,29.32310088,31.08125418,35.9932347,510.0564775,0,51,2.47
2011,220,27.53993934,29.03426772,35.11110096,492.7226709,0.02809125,63.02,3.4
2011,221,24.7661325,27.25785993,29.8945323,446.6221216,0,74.86,6.37
2011,222,24.08258724,26.44612392,29.0232891,426.1534777,0,70.14,6.14
2011,223,23.91417754,25.79908797,29.86186068,470.7788095,0,67.94,4.72
2011,224,24.4293131,25.01088054,30.4390593,470.9632116,0,64.87,3.56
2011,225,26.32144562,26.43435963,33.33594294,478.3392995,0,58.4,2.75
2011,226,27.21302639,27.65784579,34.22896722,468.9347875,0,60.05,2.24
2011,227,27.27246511,28.72839618,33.58642536,488.112616,0,58.85,1.67
2011,228,26.02425203,26.97551697,32.91121188,484.7933764,0,71.06,3.1
2011,229,26.62854566,27.19903848,33.47751996,466.7219611,0,63.14,3.09
2011,230,27.09414896,28.68133902,33.55375374,440.5368491,0,63.49,4.4
2011,231,26.62854566,29.42248929,31.76770518,448.2817414,0,64.7,4.94
2011,232,27.21302639,28.81074621,33.69533076,458.7926666,0,58.56,5.26
2011,233,27.00499088,28.84603908,33.4884105,462.1119062,0,59.26,4.77
2011,234,26.99508443,28.234296,33.95670372,443.1184799,0,55.68,2.86
2011,235,26.06387784,27.39903141,32.7805254,453.6294051,0,57.5,2.14
2011,236,27.36162319,27.14021703,34.80616584,457.5018513,0,57.95,3.57
2011,237,27.96591682,28.66957473,35.1219915,482.5805501,0,44.61,3.7
2011,238,28.13432652,27.48138144,35.71008066,474.6512556,0,46.99,3.38
2011,239,25.51902293,27.84607443,30.86379036,420.9902162,0.02809125,63.76,5.03
2011,240,25.05341964,26.89316694,30.47173092,361.6127087,0.0561825,71.86,4.33
2011,241,25.97471977,26.55200253,32.67162,352.0237945,0.64609875,66.33,2.25
2011,242,26.98517797,28.22253171,33.64087806,422.0966294,0.64609875,57.54,3.2
2011,243,26.35116498,27.12845274,33.28149024,433.1607612,0.14045625,47.71,3.43
2011,244,26.58891985,26.59905969,33.58642536,424.493858,0.08427375,50.56,3.07
2011,245,22.59661929,24.64618755,28.06492158,97.91756671,36.2377125,68.33,3.62
2011,246,23.11175485,23.28152991,29.26288098,400.1527679,2.50012125,61.34,2.73
2011,247,23.81511301,24.44619462,30.13412418,441.8276645,0,61.94,3.23
2011,248,23.924084,24.99911625,30.07967148,437.4020118,0,68.22,1.99
2011,249,23.72595494,24.83441619,29.86186068,427.0754887,0,75.33,3.47
2011,250,24.21137113,25.24616634,30.66776064,441.6432623,0,67.21,2.11
2011,251,25.05341964,26.75199546,30.7113228,444.2248931,0,58.38,1.54
2011,252,25.44967776,26.76375975,31.40831736,439.7992403,0,54.68,1.56
2011,253,25.40014549,26.59905969,32.08353084,432.4231524,0,55.89,2.39
2011,254,25.94500041,26.41083105,33.1616943,404.2096163,0,55.4,2.06
2011,255,25.83602942,26.62258827,32.36668488,408.4508668,0,59.99,3.65
2011,256,24.2609034,25.15205202,30.80933766,413.0609217,0,72.52,4.39
2011,257,24.2807163,24.86970906,30.4390593,410.8480954,0,72.66,5.7
2011,258,24.01324207,25.44615927,29.91631338,389.4574405,0,76.43,4.21
2011,259,23.30988391,24.08150163,29.2955526,385.9537987,0,74.08,2.5
2011,260,24.75622605,25.86967371,31.56078492,361.4283065,0,67.11,2.35
2011,261,27.07433605,27.82254585,35.49226986,361.2439043,0,49.97,3.48
2011,262,22.67587092,24.42266604,27.47683242,347.9669461,0,65.92,5.45
2011,263,22.23998699,23.31682278,27.83622024,385.0317878,0,68.21,5.02
2011,264,22.35886442,22.98742266,28.40252832,364.7475461,0,75.59,3.53
2011,265,22.67587092,24.56383752,28.72924452,323.4414539,0,72.85,1.82
2011,266,21.6257869,23.69328006,25.54920684,257.2410651,5.0002425,73.35,2.23
2011,267,22.82446771,22.84625118,30.01432824,369.357601,0,61.83,3.4
2011,268,22.71549673,23.52858,28.66390128,360.5062955,0,67.73,2.97
2011,269,22.64615156,23.66975148,28.5876675,339.8532494,0.08427375,77.54,5.45
2011,270,22.50746122,23.37564423,28.40252832,355.8962406,0,76.4,5.3
2011,271,22.74521609,23.91680157,28.19560806,319.9378121,0,75.56,5.32
2011,272,22.81456126,24.83441619,27.6619716,236.7724212,0.02809125,77.16,5.57
2011,273,22.80465481,24.48148749,27.9342351,283.0573727,0.0561825,76.26,6.1
2011,274,22.70559028,25.12852344,27.86889186,287.6674276,0.112365,72.07,6.66
2011,275,22.48764831,24.06973734,27.89067294,296.1499287,0.0561825,76.35,5.02
2011,276,21.76447724,23.04624411,27.35703648,316.2497682,0,75.8,2.22
2011,277,21.51681592,23.21094417,27.03032028,337.6404231,0,70.4,2.5
2011,278,21.83382241,22.2345081,28.14115536,351.6549901,0,64.19,2.6
2011,279,22.2994257,23.34035136,28.95794586,348.5201527,0,59.79,2
2011,280,22.58671284,23.83445154,29.65494042,275.1280782,0,62.49,2.87
2011,281,20.49645126,21.49335783,25.50564468,317.5405836,0,58.82,4.74
2011,282,20.05066087,20.72867898,25.35317712,335.7964011,0,70.89,2.8
2011,283,20.57570288,20.98749336,26.27887302,335.7964011,0,71.8,3.23
2011,284,22.79474835,22.84625118,29.36089584,335.9808033,0,50.56,1.64
2011,285,23.56745169,24.85794477,29.7311742,340.2220538,0,47.6,1.29
2011,286,23.69623558,24.77559474,29.8400796,339.3000428,0,47.06,1.31
2011,287,21.6257869,22.72860828,27.31347432,322.5194429,0,67.66,2.5
2011,288,20.94224164,23.24623704,25.6472217,262.5887288,0.08427375,76.64,3.55
2011,289,20.32804156,22.15215807,25.29872442,262.5887288,0.14045625,72.26,2.28
2011,290,19.48599305,20.96396478,23.97007854,219.2542125,0.44946,70.93,3.52
2011,291,19.43646079,19.78753578,24.73241634,278.63172,0,62.85,3.24
2011,292,20.12000604,20.88161475,26.4640122,299.4691683,0,60.54,2.32
2011,293,19.85253181,21.22277916,24.2314515,214.6441575,0.0561825,71.6,3.28
2011,294,19.27795754,20.43457173,23.82850152,240.0916608,0.19663875,80.15,4.63
2011,295,19.4760866,21.95216514,23.10972588,151.5786061,0.58991625,77,4.21
2011,296,18.80244779,20.37575028,22.95725832,242.6732915,0.3932775,79.17,2.64
2011,297,18.0000251,19.37578563,22.98992994,89.06626125,5.08451625,84.58,5.57
2011,298,18.42600258,16.97587047,24.87399336,289.6958518,0.08427375,59.75,3.33
2011,299,17.63348634,17.54055639,22.94636778,207.8212762,0,63.57,2.06
2011,300,18.53497356,19.74047862,23.66514342,125.9467007,17.78176125,75.47,5.33
2011,301,17.84152185,18.7052211,22.60876104,151.5786061,18.96159375,77.14,4.12
2011,302,18.77272844,19.23461415,24.18788934,145.6777358,1.4045625,77.53,4.84
2011,303,19.27795754,20.66985753,24.24234204,183.6645884,1.236015,80.67,4.71
2011,304,18.58450583,19.69342146,23.3057556,245.0705201,0.2809125,82.02,1.93
2011,305,18.81235425,20.49339318,24.05720286,248.9429662,0.02809125,76.65,1.5
2011,306,18.64394455,20.14046448,23.82850152,105.4780568,0.0561825,78.94,1.61
2011,307,19.02038976,20.41104315,23.92651638,150.6565951,11.82641625,81.74,5.58
2011,308,16.09798613,17.14057053,19.8752355,79.47734699,36.1253475,81.56,6.48
2011,309,15.58285057,15.91708437,20.3108571,177.2105115,0.14045625,62.98,6.01
2011,310,16.45461843,16.52882745,22.91369616,218.1477993,0.0561825,57.94,4.7
2011,311,15.88995061,15.14064123,21.10586652,171.6784456,0.22473,64.04,2.6
2011,312,16.23667647,15.72885573,22.73944752,241.5668783,0,66.54,2.89
2011,313,15.64228929,15.65826999,20.44154358,244.3329113,0,70.06,1.79
2011,314,16.63293459,17.24644914,22.49985564,239.354052,0,73.69,1.53
2011,315,17.47498309,18.41111385,23.16417858,238.6164432,0,71.72,1.51
2011,316,17.58395408,18.65816394,22.60876104,194.3599158,0,80.47,5.15
2011,317,17.80189604,18.78757113,22.07512458,163.3803467,0,86.28,5.14
2011,318,17.1777895,18.75227826,21.0187422,103.0808282,1.460745,84.91,4.06
2011,319,16.32583454,16.2347202,21.8899854,226.261496,2.44393875,68.94,3.85
2011,320,15.16677954,14.41125525,20.64846384,229.0275289,0,66.83,2
2011,321,15.29556343,14.78771253,19.83167334,133.8759952,0.44946,78.23,3.26
2011,322,15.0280892,15.95237724,17.969391,74.68288987,5.75870625,88.04,3.22
2011,323,14.74080206,15.07005549,19.15645986,158.4014874,1.0674675,81.91,1.99
2011,324,16.31592809,16.98763476,20.19106116,123.7338743,13.7647125,82.39,4.26
2011,325,16.28620873,17.24644914,21.09497598,123.5494721,24.24274875,76.11,2.99
2011,326,15.25593762,15.74062002,20.22373278,153.2382259,7.753185,67.42,3.75
2011,327,14.10678907,15.10534836,17.57733156,96.07354474,13.7647125,74.35,2.42
2011,328,14.84977305,16.49353458,17.30506806,87.59104367,13.0905225,85.11,5.5
2011,329,14.84977305,15.62297712,19.78811118,181.2673598,1.0674675,81.35,5.95
2011,330,14.45351493,14.45831241,19.79900172,202.1048081,0.25282125,78.31,5.5
2011,331,14.14641488,14.52889815,18.3505599,164.6711621,3.5394975,80.63,6.06
2011,332,14.46342138,14.90535543,18.5683707,106.2156656,2.05066125,78.25,4.93
2011,333,14.76061497,15.54062709,19.42872336,189.1966543,0.0561825,78.54,1.69
2011,334,14.76061497,15.32886987,19.21091256,189.7498609,0,80.1,1.68
2011,335,13.99781809,14.29361235,18.76440042,158.2170852,0.02809125,87.29,2.03
2011,336,13.81950194,11.90546148,19.02577338,104.1872414,8.31501,74.88,4.23
2011,337,12.73969856,10.36433949,17.02191402,118.3862106,7.21945125,76.21,3.05
2011,338,13.68081159,14.52889815,18.2416545,191.5938829,0,75.64,3.06
2011,339,13.68081159,11.84664003,19.73365848,197.8635576,0,72.16,2.19
2011,340,14.38416976,13.78774788,20.33263818,199.8919818,0,76.05,2.49
2011,341,13.76006322,13.55246208,19.26536526,199.5231774,0,71.09,1.77
2011,342,13.99781809,14.67006963,18.9495396,182.373773,0,63.6,1.48
2011,343,13.65109223,14.4700767,17.40308292,106.7688722,0,70.95,1.44
2011,344,13.92847292,14.31714093,18.80796258,119.8614282,0,73.28,2.32
2011,345,13.45296317,12.59955459,19.61386254,127.6063205,0.112365,70.96,2.86
2011,346,12.98735988,12.32897592,18.4050126,159.3234984,0,70.1,1.84
2011,347,12.70007275,11.27018982,19.55940984,163.9335533,0,75.06,2.4
2011,348,13.76996967,11.58782565,20.5286679,160.9831182,0,79.38,2.89
2011,349,13.44305672,12.22309731,19.20002202,183.4801862,0,72.2,2.26
2011,350,13.89875356,12.62308317,20.92072734,142.7273006,0,66.23,3.85
2011,351,13.5520277,12.29368305,18.36145044,148.2593665,0.02809125,65.31,3.03
2011,352,10.98625638,9.44672487,16.65163566,177.2105115,0.02809125,56.26,2.85
2011,353,10.32252403,9.07026759,14.4844182,182.9269796,0.47755125,55.88,2.77
2011,354,11.11504027,8.87027466,17.76247074,183.1113818,0,56.04,2.8
2011,355,14.53276655,12.91719042,22.00978134,176.1040983,0,65.38,2.67
2011,356,14.58229882,14.02303368,20.23462332,191.4094807,0,66.86,2.07
2011,357,13.72043741,14.05832655,19.7118774,193.0691005,0,67.88,2.05
2011,358,12.71988565,12.3525045,17.99117208,179.0545335,0,73.37,3.88
2011,359,11.69952099,10.78785393,15.38833302,180.5297511,0.22473,83.12,4.56
2011,360,12.45241142,13.31717628,15.88929786,112.3009381,0.47755125,73.3,4.51
2011,361,11.46176612,10.31728233,15.82395462,172.7848588,1.82593125,71.16,4.27
2011,362,12.34344044,11.85840432,16.4991681,168.9124126,1.03937625,71.99,3.83
2011,363,11.4023274,9.69377496,16.37937216,158.954694,0.112365,65.25,2.21
2011,364,10.85747249,8.67028173,17.06547618,199.3387752,0,59.2,2.8
2011,365,13.31427283,10.98784686,19.9841409,192.5158939,0,61.51,2.19
2012,1,14.21576006,14.01126939,20.21284224,193.4379049,0,68.66,2.66
2012,2,13.07651796,12.37603308,19.18913148,187.5370346,0,71.4,2.74
2012,3,12.42269206,11.08196118,18.97132068,198.7855686,0,67.68,2.34
2012,4,13.08642441,11.78781858,19.75543956,207.636874,0,61.81,1.7
2012,5,14.23557296,13.08189048,21.86820432,205.0552433,0,58.9,3.06
2012,6,14.98846339,13.85833362,22.9790394,163.0115423,0,60.89,2.35
2012,7,13.09633087,14.117148,16.880337,184.9554038,0,81.52,2.66
2012,8,11.91746296,11.59958994,16.25957622,203.7644279,0,73.17,2.19
2012,9,11.46176612,11.32901127,16.18334244,193.9911115,0,72.38,3.09
2012,10,11.73914681,11.55253278,15.0289452,155.26665,0,82.71,4.16
2012,11,11.48157903,10.587861,15.56258166,130.3723534,0,84.51,4.44
2012,12,12.06605975,12.74072607,15.66059652,147.70616,0,78.55,3.81
2012,13,11.17447898,11.79958287,14.3755128,146.784149,0.14045625,80.81,2.31
2012,14,12.09577911,10.71726819,18.5683707,203.0268191,0.08427375,72.41,2.67
2012,15,11.25373061,8.8232175,16.57540188,175.3664895,6.65762625,66.13,2.27
2012,16,10.91691121,10.41139665,14.87647764,79.1085426,14.18608125,68.31,2.71
2012,17,12.02643394,11.23489695,15.39922356,124.8402875,23.034825,81.87,8.08
2012,18,11.69952099,11.49371133,15.48634788,171.6784456,2.44393875,79.31,4.39
2012,19,10.74850151,10.54080384,14.76757224,213.5377444,0,74.58,2.57
2012,20,11.31316933,9.58789635,17.2615059,203.3956235,0,68.51,1.54
2012,21,11.64998873,11.12901834,16.880337,216.3037773,0,72.9,1.83
2012,22,11.74905326,10.62315387,17.84959506,229.9495399,0,67.67,2.32
2012,23,12.23446946,10.61138958,18.08918694,226.9991048,0,72.97,1.99
2012,24,12.49203723,12.48191169,17.34863022,220.9138322,0,76.4,1.68
2012,25,11.53111129,11.2937184,16.0090938,187.7214367,0,83.75,1.86
2012,26,11.16457253,8.95262469,17.18527212,203.5800257,0.02809125,73.16,1.9
2012,27,10.79803377,11.39959701,12.93796152,137.7484413,6.1238925,86.56,2.48
2012,28,11.5509242,12.22309731,14.96360196,142.174094,8.3711925,80.5,3.95
2012,29,10.37205629,8.57616741,16.16156136,234.3751926,0.2809125,55.14,3.84
2012,30,8.361046332,5.97625932,13.15577232,246.9145421,0,54.64,3.23
2012,31,10.5800918,9.01144614,16.35759108,246.7301399,0,60.92,2.84
2012,32,12.29390817,9.89376789,20.12571792,238.0632366,0,63.4,2.65
2012,33,8.727585093,5.39980911,13.09042908,130.003549,7.8093675,65.16,3.9
2012,34,5.220700731,2.39991516,10.43313732,250.602586,0.02809125,52.07,6.24
2012,35,5.44854915,2.48226519,10.22621706,246.3613355,0.02809125,48.75,7.38
2012,36,7.885536588,3.70575135,13.21022502,155.6354544,0.47755125,61.79,5.17
2012,37,11.08532091,6.92916681,17.90404776,247.6521508,0,61.53,4.85
2012,38,11.42214031,8.34088161,18.0782964,156.188661,0.02809125,60.53,4.5
2012,39,6.597697698,3.56457987,10.92321162,275.3124804,0.02809125,57.44,5.01
2012,40,8.034133383,5.81155926,12.26274804,255.2126409,0.3932775,60.45,3.77
2012,41,9.777669111,6.98798826,15.86751678,269.9648167,0,49.31,2.58
2012,42,8.588894751,6.02331648,14.19037362,267.5675881,0,53.58,3.94
2012,43,6.716575134,3.78810138,11.14102242,276.9721002,0,47.21,3.47
2012,44,6.052842783,2.29403655,10.97766432,282.8729705,0,44.33,4.01
2012,45,9.143656119,6.05860935,15.00716412,205.2396455,0.70228125,56.65,3.56
2012,46,8.529456033,6.63505956,12.2518575,262.2199244,4.35414375,69.68,2.98
2012,47,9.232814196,7.59973134,14.11413984,227.9211157,0,61.32,2.49
2012,48,9.490381974,7.82325285,14.09235876,209.6652982,0,77.14,4
2012,49,10.64943698,8.83498179,16.29224784,296.8875375,0,76.39,2.79
2012,50,11.51129839,8.84674608,17.969391,302.050799,0,63.73,1.53
2012,51,10.13430142,8.67028173,14.51708982,207.2680697,0.112365,75.04,3.22
2012,52,9.430943256,7.10563116,13.8309858,267.0143815,0.0561825,78.18,2.84
2012,53,10.12439497,9.31731768,14.87647764,311.8241155,0.02809125,63.74,1.91
2012,54,11.12494672,9.0585033,16.48827756,320.3066165,0,51.65,1.58
2012,55,11.84811779,11.04666831,17.02191402,329.157922,0,50.46,1.98
2012,56,12.45241142,9.82318215,18.90597744,323.2570517,0,56.72,2.66
2012,57,15.69182155,13.58775495,22.95725832,301.128788,0,48.49,3.15
2012,58,14.65164399,14.12891229,20.2019517,299.8379726,0,68.31,3.16
2012,59,12.7099792,12.15251157,17.27239644,304.816832,0,80.28,3.99
2012,60,12.00662104,10.91726112,17.22883428,326.391889,0,76.18,2.36
2012,61,12.5613824,12.54073314,17.65356534,319.7534099,0.25282125,74.02,1.59
2012,62,12.45241142,12.98777616,16.2269046,219.6230169,8.11837125,75.14,2.87
2012,63,13.11614377,10.59962529,19.1128977,326.2074868,0,70.92,2.68
2012,64,14.83986659,12.5877903,21.3999111,320.8598231,0,65.72,3.06
2012,65,13.11614377,12.34074021,17.98028154,305.0012342,0,67.17,3.53
2012,66,12.71988565,11.56429707,18.54658962,366.591568,0.02809125,59.14,2.55
2012,67,10.99616283,9.37613913,16.12888974,353.499012,0.02809125,56.59,3.44
2012,68,13.0467986,9.95258934,20.76825978,313.6681374,0,59.21,3.03
2012,69,11.77877262,11.5290042,16.0635465,330.4487374,0.2809125,67.86,3.19
2012,70,11.17447898,9.57613206,16.09621812,359.3998823,0.14045625,67.4,3.65
2012,71,12.14531138,10.63491816,17.5337694,377.4712977,0,63.07,1.97
2012,72,13.29445993,12.31721163,18.79707204,387.0602119,0,54.45,1.35
2012,73,14.10678907,12.41132595,19.94057874,393.5142888,0,55.06,2.07
2012,74,15.15687309,14.42301954,21.05141382,402.5499965,0,53.2,2.4
2012,75,14.57239236,13.36423344,20.82271248,391.4858647,0,58.09,3.38
2012,76,13.72043741,12.36426879,19.1673504,384.4785812,0,62.71,3.09
2012,77,14.73089561,12.79954752,20.9642895,379.1309174,0,66.96,3
2012,78,14.87949241,13.62304782,20.48510574,400.8903767,0,64.73,2.56
2012,79,13.34399219,12.44661882,18.66638556,348.5201527,1.76974875,62.86,6.07
2012,80,9.995611077,8.71733889,13.2320061,105.8468612,34.80505875,78.05,6.08
2012,81,11.12494672,8.59969599,16.40115324,314.9589528,2.05066125,67.53,2.24
2012,82,12.15521783,11.31724698,17.5882221,419.883803,0,69.87,2.63
2012,83,12.90810826,10.88196825,18.42679368,405.6848338,0,70.2,5.49
2012,84,13.06661151,13.34070486,17.89315722,150.1033885,0.67419,71.34,5.34
2012,85,13.16567604,12.88189755,17.61000318,336.9028143,0.08427375,76.16,5.23
2012,86,13.31427283,13.36423344,17.49020724,372.3080361,0.36518625,78.04,5.86
2012,87,13.8690342,12.59955459,19.30892742,401.9967899,0,73.38,5.52
2012,88,13.81950194,12.91719042,19.12378824,413.6141283,0,74.13,5.84
2012,89,14.1860407,13.63481211,19.09111662,398.4931481,0.25282125,72.52,4.92
2012,90,14.3544504,13.12894764,18.8950869,390.1950493,0.02809125,61.34,2.1
2012,91,15.6819151,15.96414153,20.56133952,386.8758097,0.42136875,61.1,2.38
2012,92,15.56303766,14.10538371,21.0187422,332.2927594,0,71.81,3.39
2012,93,15.38472151,15.0582912,21.22566246,327.1294978,0.02809125,73.4,2.92
2012,94,15.44416023,14.81124111,20.27818548,307.0296583,0.42136875,70.26,4.06
2012,95,15.58285057,15.4112199,20.28907602,288.5894386,1.37647125,66.77,2.97
2012,96,14.56248591,13.07012619,19.41783282,361.0595021,1.82593125,64.74,4.65
2012,97,14.05725681,12.44661882,19.73365848,450.67897,0.0561825,57.14,5.86
2012,98,13.98791164,11.97604722,19.69009632,411.5857042,0.08427375,60.79,4.17
2012,99,15.04790211,11.92899006,21.77018946,471.7008204,0,53.74,2.75
2012,100,17.26694758,15.36416274,24.11165556,472.0696248,0,56.59,1.79
2012,101,18.53497356,17.78760648,25.2116001,365.669557,0,51.62,4.52
2012,102,16.21686356,15.7641486,21.7266273,482.3961479,0,66.01,3.62
2012,103,15.10734083,15.72885573,18.80796258,228.8431267,8.06218875,63.35,2.5
2012,104,13.88884711,13.14071193,18.8406342,320.6754209,0.98319375,59.53,3.72
2012,105,14.95874403,13.22306196,20.67024492,333.5835747,0.9551025,62.32,6.6
2012,106,13.68081159,12.75249036,17.88226668,384.8473856,0.53373375,52.61,4.19
2012,107,13.77987612,10.85843967,19.72276794,463.2183194,0.08427375,48.28,4.25
2012,108,14.58229882,9.83494644,21.3999111,506.9216401,0,48.51,3.58
2012,109,16.94994108,14.29361235,23.38198938,420.9902162,0,54.05,4.24
2012,110,16.26639583,14.77594824,21.63950298,382.0813526,0.02809125,56.9,5.42
2012,111,16.53387006,14.44654812,22.68499482,468.3815809,0,60.78,3.04
2012,112,17.16788305,16.3523631,22.41273132,443.6716865,0,60.87,2.28
2012,113,17.42545083,16.65823464,22.8156813,443.6716865,0,62.49,2.8
2012,114,17.64339279,15.55239138,23.83939206,478.1548973,0,55.03,3.15
2012,115,16.76171848,15.56415567,22.56519888,503.2335962,0,64.82,2.42
2012,116,17.42545083,15.62297712,24.26412312,511.7160972,0,55.8,3.41
2012,117,17.80189604,15.36416274,24.80865012,457.8706556,0,58.99,2.63
2012,118,18.58450583,18.17582805,24.35124744,383.0033636,0.08427375,62.93,2.13
2012,119,17.14807014,16.89352044,23.2513029,279.7381332,0.22473,66.71,5.04
2012,120,13.80959548,13.75245501,17.71890858,366.0383614,0.2809125,70.81,5.5
2012,121,14.3742633,12.3525045,19.47228552,434.4515766,0.64609875,59.6,4.56
2012,122,14.3742633,12.65837604,19.24358418,504.8932159,0.02809125,60.21,2.5
2012,123,15.29556343,14.42301954,20.76825978,523.1490335,0,62.29,1.88
2012,124,17.01928625,14.08185513,23.21863128,514.6665324,0,60.41,3.79
2012,125,17.79198959,15.70532715,23.62158126,439.9836425,0.02809125,60.35,4.79
2012,126,16.48433779,17.06998479,20.76825978,257.6098695,0.47755125,70.56,4.13
2012,127,17.23722822,15.62297712,24.02453124,518.1701741,0.02809125,66.63,3.78
2012,128,17.71273796,16.8229347,23.42555154,525.1774576,0,58.74,2.15
2012,129,19.3076769,18.25817808,25.02646092,492.9070731,0,55.54,1.67
2012,130,20.53607707,20.74044327,26.681823,507.8436511,0,51.27,1.94
2012,131,20.87289647,20.52868605,27.09566352,540.2984378,0,47.71,3.83
2012,132,21.02149327,21.08160768,27.07388244,546.5681125,0,50.72,3.67
2012,133,21.63569335,20.51692176,27.92334456,511.9004994,0,47.86,2.25
2012,134,24.07268079,23.14035843,30.31926336,507.6592489,0,40.41,1.67
2012,135,22.4480225,23.06977269,27.91245402,468.9347875,0,58.5,3.03
2012,136,20.27850929,19.81106436,25.94126628,529.9719148,0,68.75,3.07
2012,137,18.67366391,19.24637844,23.98096908,471.5164182,0,73.7,5.37
2012,138,19.02038976,18.66992823,25.048242,458.0550578,0,69.77,3.54
2012,139,21.68522562,19.2934356,29.52425394,360.1374911,0,58.38,3.87
2012,140,20.22897703,19.58754285,26.22442032,446.8065238,0,57.67,5.44
2012,141,17.62357989,17.79937077,23.10972588,414.1673349,3.06194625,51.07,6
2012,142,18.24768643,16.10531301,25.05913254,536.6103939,0.02809125,47.8,3.73
2012,143,19.12936074,17.54055639,25.2116001,566.1147454,0,47.41,2.93
2012,144,19.9813157,19.68165717,25.62544062,570.5403981,0,56.84,2.27
2012,145,20.02094151,19.11697125,26.3551068,563.7175168,0,61.18,2.44
2012,146,20.28841574,19.44637137,27.19367838,527.5746862,0,59.76,2.33
2012,147,21.60597399,21.25807203,27.30258378,518.3545763,0,56.48,1.92
2012,148,20.82336421,21.49335783,26.23531086,509.8720753,0,58.99,2.15
2012,149,19.19870591,20.43457173,23.00082048,446.068915,0,70.7,2.32
2012,150,20.24878993,20.38751457,25.8650325,512.453706,0,63.48,1.71
2012,151,20.84317711,20.90514333,26.20263924,437.9552184,0,64.05,3.6
2012,152,21.83382241,23.58740145,27.10655406,347.9669461,0.112365,54.48,4.52
2012,153,23.11175485,23.32858707,28.74013506,520.0141961,0,49.59,4.24
2012,154,23.93399045,24.17561595,30.50440254,515.7729456,0.0561825,46.29,2.28
2012,155,23.28016455,23.95209444,29.21931882,439.9836425,0.0561825,60.01,2.29
2012,156,22.33905152,22.88154405,28.1520459,511.9004994,0,66,2.26
2012,157,21.52672237,21.59923644,27.62929998,523.1490335,0,74.11,2.55
2012,158,24.56800344,22.75213686,31.3103025,547.6745257,0.02809125,53.98,2.7
2012,159,25.98462622,26.29318815,32.53004298,481.1053325,0,48.26,2.72
2012,160,25.01379383,26.52847395,30.36282552,496.4107149,0,46.02,3.09
2012,161,22.53718058,23.34035136,27.95601618,442.0120667,0,55.35,3.08
2012,162,24.5977228,23.15212272,31.32119304,548.2277323,0,49.79,3.09
2012,163,26.42051015,26.57553111,33.83690778,559.4762663,0,44.85,3.36
2012,164,21.54653528,21.55217928,27.84711078,584.7393673,0,53.01,3.12
2012,165,21.26915459,21.32865777,26.80161894,551.1781674,0,63.22,4.31
2012,166,21.29887395,21.16395771,27.18278784,533.2911543,0,63.04,3.64
2012,167,22.01213857,22.43450103,27.83622024,548.0433301,0,59.65,1.41
2012,168,21.57625463,21.24630774,26.21352978,541.7736554,0,62.89,1.65
2012,169,21.91307404,23.45799426,26.48579328,512.8225104,0,71.28,2.33
2012,170,22.79474835,23.79915867,28.22827968,421.3590206,1.685475,73.21,3.25
2012,171,23.71604848,25.09323057,29.79651744,450.8633722,1.03937625,74.02,3.62
2012,172,24.04296143,24.08150163,30.25392012,538.638818,0,65.13,2.64
2012,173,25.81621652,25.44615927,33.30327132,575.1504531,0,48.92,2.82
2012,174,25.2713616,25.37557353,31.44098898,535.6883829,0,60.37,3.03
2012,175,23.13156776,24.29325885,28.76191614,526.6526752,0,72.45,4
2012,176,23.55754523,24.54030894,29.60048772,521.1206093,0,65.97,3
2012,177,24.04296143,24.50501607,30.64597956,488.4814204,0,63.81,3.35
2012,178,24.78594541,25.96378803,31.23406872,476.3108754,0,56.43,2.49
2012,179,26.77714246,26.75199546,34.43588748,440.3524469,0,54.32,2.11
2012,180,28.8773105,30.29304675,35.3398023,502.6803896,0,45.45,2.2
2012,181,29.74907836,30.587154,36.7555725,528.4966972,0,38.21,4.15
2012,182,28.46123947,28.89309624,35.86254822,528.312295,0,37.55,4.75
2012,183,24.95435511,25.89320229,31.99640652,570.9092025,0,42.93,2.76
2012,184,22.74521609,23.23447275,28.21738914,516.5105544,0,65.49,3.68
2012,185,22.36877087,22.86977976,28.50054318,493.2758775,0,70.13,3.15
2012,186,24.34015502,23.35211565,31.26674034,542.8800686,0,61.36,2.71
2012,187,26.81676827,26.51670966,34.76260368,563.5331146,0,44.91,2.91
2012,188,24.46893891,24.64618755,30.493512,558.7386575,0,49.96,2.73
2012,189,23.25044519,23.77563009,29.27377152,501.0207698,0,73.39,2.58
2012,190,25.04351318,25.16381631,32.42113758,512.2693038,0,57.85,2.61
2012,191,24.50856472,24.89323764,31.29941196,518.5389785,0,66.72,2.18
2012,192,26.13322301,25.63438791,33.31416186,516.3261522,0,54.71,2.58
2012,193,26.0737843,25.85790942,33.20525646,524.0710444,0,48.53,2.2
2012,194,24.55809699,25.78732368,30.36282552,526.468273,0,70.61,2.55
2012,195,26.45022951,26.1167238,33.22703754,507.1060423,0,62.37,1.92
2012,196,29.22403635,28.19900313,38.32381026,503.2335962,0,48.26,3.63
2012,197,24.89491639,27.10492416,30.62419848,468.5659831,11.798325,78.16,5.3
2012,198,23.89436464,25.70497365,28.71835398,453.0761985,0,72.16,6.37
2012,199,23.88445818,25.11675915,29.60048772,537.716807,0,68.06,5.2
2012,200,24.77603895,24.56383752,30.91824306,562.7955059,0,53.08,3.62
2012,201,25.82612297,26.76375975,31.92017274,554.3130048,0,47.76,2.02
2012,202,26.12331656,27.39903141,32.37757542,532.9223499,0,53.88,2.49
2012,203,25.5883681,26.89316694,31.83304842,527.5746862,0.08427375,60.82,3.31
2012,204,24.23118404,26.31671673,30.6568701,445.8845128,11.71405125,78.89,3.56
2012,205,23.32969682,25.74026652,28.13026482,418.7773898,0,71.16,3.95
2012,206,23.63679686,24.91676622,29.08863234,506.3684335,0,64.29,4.5
2012,207,24.82557122,25.51674501,30.51529308,477.4172886,0,59.91,6.11
2012,208,25.66761972,26.79905262,32.06174976,447.912937,0.112365,66.12,3.13
2012,209,25.76668425,26.25789528,31.87661058,475.5732666,0,63.84,2.7
2012,210,25.57846165,26.74023117,31.53900384,509.6876731,0,55.28,2.89
2012,211,24.41940665,25.84614513,29.74206474,517.2481631,0,68.44,2.31
2012,212,24.56800344,24.76383045,30.79844712,489.034627,0,73.71,2.39
2012,213,25.53883583,26.34024531,32.15976462,476.6796798,0,68.22,1.92
2012,214,28.67918144,28.04606736,37.50701976,418.0397811,0,50.35,2.29
2012,215,29.07543956,29.37543213,36.85358736,388.3510273,0,49.12,1.88
2012,216,26.32144562,27.32844567,33.33594294,442.9340777,0.02809125,69.01,2.33
2012,217,25.64780682,27.08139558,33.15080376,450.67897,0,68.13,2.07
2012,218,27.65881678,27.34020996,35.47048878,508.3968577,0,47.26,4.72
2012,219,25.77659071,26.9402241,32.09442138,466.7219611,0,53.43,2.71
2012,220,25.31098742,26.68140972,31.15783494,424.493858,0,72.57,6.34
2012,221,25.13267126,26.79905262,30.48262146,400.5215723,0,67.07,4.13
2012,222,26.55920049,26.81081691,33.47751996,444.7780996,0,66.52,2.66
2012,223,30.76944302,30.15187527,38.40004404,397.9399416,0,43.08,2.05
2012,224,30.83878819,31.90475448,37.8446265,403.2876053,0,43.68,1.68
2012,225,30.878414,31.55182578,38.8792278,428.3663041,0,37.77,2.4
2012,226,27.27246511,27.72843153,34.33787262,442.9340777,0,54.48,2.56
2012,227,26.39079079,27.65784579,32.96566458,498.9923456,0,53.05,2.44
2012,228,28.02535554,27.77548869,35.84076714,485.8997896,0,44.48,3.55
2012,229,27.26255866,28.3519389,34.2507483,462.4807106,0,55.67,2.61
2012,230,26.80686182,27.66961008,34.02204696,457.6862535,0.02809125,66.99,4.01
2012,231,27.61919096,29.34013926,35.53583202,331.7395528,0.337095,64.24,2.56
2012,232,27.29227802,29.62248222,34.29431046,398.1243438,0.02809125,65.49,2.74
2012,233,27.21302639,28.84603908,34.21807668,434.820381,0.02809125,60.47,2.77
2012,234,27.53993934,29.5283679,33.71711184,436.8488052,0,60.35,1.57
2012,235,27.74797485,29.51660361,34.22896722,441.0900557,0,58.82,1.4
2012,236,27.2526522,28.42252464,34.4141064,453.0761985,0,63.86,2.37
2012,237,28.84759114,29.15191062,35.8843293,476.6796798,0,43.54,3.32
2012,238,29.00609438,29.21073207,36.20015496,467.0907655,0,41.67,2.73
2012,239,27.47059417,29.34013926,33.40128618,432.7919568,0,63.46,3.22
2012,240,25.94500041,28.12841739,31.75681464,435.9267942,0,76.41,2.57
2012,241,26.22238109,27.45785286,32.32312272,444.5936974,0,62.55,1.95
2012,242,26.28181981,27.24609564,32.8349781,446.2533172,0,57.06,2.63
2012,243,27.01489733,28.45781751,34.78438476,453.9982095,1.685475,59.61,3.19
2012,244,23.68632912,26.66964543,28.38074724,373.9676559,8.17455375,73.62,6.74
2012,245,23.44857425,26.15201667,27.7164243,336.3496077,0,69.25,4.41
2012,246,22.53718058,24.24620169,27.43327026,349.2577615,0,62.99,5.13
2012,247,21.97251275,23.22270846,27.21545946,444.9625018,0,62.56,3.07
2012,248,22.51736767,23.08153698,28.4787621,424.6782602,0,64.63,4.23
2012,249,22.88390643,23.75210151,28.28273238,394.2518976,0,72.72,5.15
2012,250,23.25044519,24.72853758,29.0777418,396.2803218,0,73.29,6.26
2012,251,22.91362579,24.8226519,28.45698102,380.7905372,0.337095,76.83,5.14
2012,252,23.17119357,24.18738024,29.04507018,402.5499965,0,64.22,2
2012,253,23.37922908,23.82268725,29.72028366,410.6636932,0,64.61,2.88
2012,254,22.87399998,23.66975148,28.93616478,335.4275967,0,67.29,1.86
2012,255,23.2702581,24.24620169,29.2410999,400.7059745,0,63.1,1.47
2012,256,24.60762925,24.92853051,30.99447684,404.9472251,0,58.36,2.58
2012,257,23.26035164,24.02268018,28.43519994,377.4712977,0,65.14,4.77
2012,258,22.38858378,23.39917281,28.28273238,389.4574405,0,66.09,2.28
2012,259,24.10240015,25.02264483,29.97076608,413.6141283,0,52.8,1.55
2012,260,25.06332609,26.52847395,31.61523762,418.4085854,0,47.46,1.65
2012,261,24.50856472,24.79912332,31.75681464,368.2511878,0,58.82,1.52
2012,262,24.63734861,26.43435963,31.05982008,230.1339421,0,57.7,1.25
2012,263,24.15193241,26.51670966,29.64404988,278.4473178,0,71.91,2.91
2012,264,23.20091293,25.61085933,28.28273238,252.9998146,0.02809125,79.53,5.86
2012,265,23.23063229,24.41090175,29.61137826,284.1637859,0,76.65,3.63
2012,266,23.69623558,24.49325178,30.44994984,357.7402626,0,70.58,2.5
2012,267,26.00443913,25.39910211,33.51019158,345.3853154,0,52.66,3.79
2012,268,24.47884536,25.61085933,31.4736606,257.9786739,0,54.31,4.58
2012,269,22.56689993,22.16392236,29.58959718,393.8830932,0,54.67,4.03
2012,270,22.03195147,21.72864363,28.14115536,238.9852476,1.60120125,62.36,4.81
2012,271,20.64504805,23.04624411,24.37302852,182.373773,9.74766375,79.13,3.28
2012,272,20.01103506,20.76397185,23.65425288,105.8468612,102.92634,83.42,5.42
2012,273,18.40618967,19.97576442,22.5978705,225.7082894,2.33157375,80.79,4.21
2012,274,19.20861237,19.7640072,24.38391906,314.5901484,0.02809125,71.55,2.71
2012,275,19.56524468,21.23454345,24.78686904,352.9458054,1.20792375,77.69,1.72
2012,276,20.43701254,21.32865777,26.00660952,353.1302076,0,67.89,1.27
2012,277,20.2983222,20.76397185,26.20263924,346.3073263,0,71.89,2.46
2012,278,20.34785446,20.84632188,26.8451811,333.0303681,0,74.03,4.05
2012,279,20.43701254,21.16395771,26.31154464,292.2774826,0.02809125,79.2,2.99
2012,280,21.25924814,22.10510091,27.16100676,313.1149308,0,75.99,1.69
2012,281,22.15082891,22.352151,28.28273238,314.7745506,0,68.31,1.72
2012,282,23.02259677,24.43443033,29.50247286,325.4698781,0,65.23,1.67
2012,283,23.62689041,24.34031601,30.28659174,334.3211835,0,63.43,1.39
2012,284,23.66651622,25.85790942,29.948985,251.8934014,0.02809125,64.79,1.87
2012,285,23.15138066,24.32855172,29.0232891,229.5807355,0.1685475,67.92,2.42
2012,286,21.61588045,22.63449396,27.52039458,224.6018762,2.5282125,66.62,2.05
2012,287,20.59551579,21.51688641,26.47490274,223.6798652,0.25282125,64.69,2.02
2012,288,20.20916412,20.34045741,26.681823,261.85112,0,56.81,3.15
2012,289,18.653851,19.8816501,23.87206368,299.2847661,0.70228125,62.32,3.4
2012,290,18.37647032,19.96400013,23.00082048,305.5544408,0,67.94,2.1
2012,291,18.92132523,18.38758527,25.61455008,287.2986232,0,67.16,1.78
2012,292,20.65495451,20.52868605,27.22635,241.3824761,0.02809125,70.52,2.36
2012,293,20.20916412,21.36395064,24.65618256,153.2382259,3.39904125,62.48,4.12
2012,294,17.9802122,19.98752871,21.65039352,139.4080611,18.73686375,72.15,3.37
2012,295,17.89105412,18.52875675,23.87206368,172.7848588,3.7642275,66,3.91
2012,296,18.12880899,18.10524231,23.77404882,274.943676,0,73.62,1.76
2012,297,18.24768643,19.16402841,23.6324718,283.9793837,0.08427375,77.09,1.95
2012,298,18.0000251,19.56401427,21.9444381,131.847571,5.505885,80.84,2.06
2012,299,17.76227023,18.89344974,22.12957728,117.4641996,0.70228125,88.19,2.47
2012,300,18.30712514,19.32872847,23.42555154,210.9561136,18.5964075,86.12,5.03
2012,301,18.66375745,18.38758527,25.22249064,211.5093202,1.26410625,72.98,3.97
2012,302,13.85912775,13.8818622,17.66445588,276.6032958,1.43265375,49.76,4.58
2012,303,14.75070852,15.74062002,18.53569908,259.0850871,0,57.49,2.03
2012,304,15.13706018,16.02296298,19.058445,140.1456699,19.80433125,76.42,2.59
2012,305,16.14751839,13.95244794,23.00082048,268.6740013,0.08427375,67.82,3.24
2012,306,16.96975399,16.30530594,24.25323258,245.0705201,0,66.4,2.5
2012,307,16.79143784,14.75241966,22.82657184,244.8861179,1.76974875,71.27,2.87
2012,308,18.66375745,18.32876382,24.36213798,163.5647489,2.69676,86.69,4.96
2012,309,20.21907057,20.66985753,25.61455008,172.4160544,1.54501875,82.35,6.57
2012,310,18.09908963,18.88168545,22.45629348,199.154373,7.16326875,76.7,2.4
2012,311,14.72098916,16.63470606,17.46842616,53.84544158,26.06868,83.89,5.55
2012,312,15.15687309,16.5876489,17.81692344,58.82430091,21.2931675,86.66,7.06
2012,313,16.32583454,17.97583512,19.9296882,72.10125911,0.47755125,86.67,6.59
2012,314,16.89050237,17.94054225,21.46525434,59.74631189,8.8206525,90.11,3.32
2012,315,15.91966997,15.8817915,21.42169218,227.183507,1.236015,73.42,2.64
2012,316,13.24492766,11.72899713,17.45753562,70.25723713,118.095615,76.78,4.2
2012,317,14.48323429,14.61124818,18.21987342,77.63332502,18.9335025,79.84,6.76
2012,318,14.36435685,15.39945561,17.2070532,62.88114925,7.94982375,67.47,7.52
2012,319,16.07817322,16.49353458,20.94250842,166.6995863,1.32028875,85.55,2.8
2012,320,15.93948288,17.19939198,20.35441926,132.4007776,0.337095,90.22,4.06
2012,321,15.21631181,16.22295591,19.70098686,135.5356149,0.02809125,92.28,3.31
2012,322,15.56303766,16.69352751,19.50495714,145.6777358,0.70228125,89.03,1.9
2012,323,15.05780856,15.85826292,18.21987342,146.784149,4.4384175,81.56,1.77
2012,324,15.62247638,16.89352044,19.69009632,199.154373,0.337095,80.55,2.17
2012,325,15.39462796,15.94061295,20.06037468,213.9065488,0.0561825,80.65,1.94
2012,326,15.54322476,16.45824171,19.86434496,174.6288807,0,76.45,1.8
2012,327,14.82005369,14.96417688,19.45050444,178.8701313,0,82.03,2.02
2012,328,14.25538587,15.62297712,18.2416545,179.7921423,0,85.07,1.88
2012,329,14.70117625,15.62297712,19.64653416,195.0975246,0,80.2,1.27
2012,330,15.22621826,16.77587754,19.23269364,177.9481203,0,80.38,0.68
2012,331,15.46397313,16.21119162,20.86627464,114.1449601,0.75846375,76.45,1.65
2012,332,12.70007275,11.03490402,17.4793167,200.6295906,8.73637875,66.31,3.73
2012,333,10.84756604,9.37613913,16.65163566,193.6223071,0.337095,61.18,5.02
2012,334,10.75840796,9.74083212,16.76054106,196.7571444,0.02809125,63.84,5.03
2012,335,9.896546547,8.50558167,14.47352766,167.0683907,0.70228125,62.26,2.04
2012,336,10.19374014,8.81145321,15.39922356,138.1172457,4.6631475,61.6,3.62
2012,337,10.60981116,8.9408604,15.97642218,199.8919818,0.14045625,60.5,2.57
2012,338,11.52120484,9.37613913,17.87137614,207.4524719,0,61.18,3.01
2012,339,12.04624685,10.44668952,18.54658962,158.032683,0,70.22,3.29
2012,340,11.42214031,9.89376789,17.00013294,102.5276216,0,66.35,2.55
2012,341,10.95653702,9.34084626,15.29031816,140.6988765,0.02809125,66.64,1.93
2012,342,13.00717279,13.67010498,17.54465994,141.6208874,0.87082875,84.66,3.9
2012,343,12.59110176,11.30548269,18.97132068,199.7075796,0.02809125,70.36,2.88
2012,344,11.96699522,12.32897592,16.12888974,193.8067093,0,68.51,2.08
2012,345,12.33353399,10.84667538,18.27432612,174.9976851,0,70.47,2.08
2012,346,11.2141048,10.38786807,15.70415868,186.983828,0,73.66,3.16
2012,347,11.69952099,11.65841139,15.36655194,156.7418676,0,75.07,2.23
2012,348,12.41278561,11.55253278,17.51198832,177.0261093,0,75.66,2.38
2012,349,13.25483411,11.54076849,19.3307085,131.1099622,0,81.63,4.47
2012,350,15.01818275,14.90535543,20.2019517,127.0531139,0,88.87,5.2
2012,351,15.12715373,15.38769132,20.2564044,115.4357754,0,88.28,2.84
2012,352,14.97855694,14.63477676,21.1276476,87.03783708,0,81.82,2.03
2012,353,13.92847292,13.42305489,18.92775852,155.8198566,0,85.58,1.92
2012,354,13.85912775,14.52889815,18.85152474,143.2805072,0,84.96,2.06
2012,355,14.33463749,12.45838311,21.33456786,102.1588172,0,84.14,2.28
2012,356,15.0082763,13.9995051,21.95532864,162.2739335,0,79.31,1.84
2012,357,14.67145689,14.39949096,20.23462332,187.3526324,0,79.44,1.71
2012,358,15.44416023,16.62294177,20.4742152,152.6850193,0,71.75,1.34
2012,359,15.09743437,14.52889815,20.97518004,155.0822478,0,70.53,1.4
2012,360,14.58229882,13.91715507,19.58119092,104.3716436,0.30900375,68.85,3.97
2012,361,12.5613824,11.43488988,18.23076396,188.4590455,0.22473,67.32,2.86
2012,362,12.12549847,10.55256813,18.57926124,200.2607862,0,66.11,2.48
2012,363,12.27409527,11.12901834,18.28521666,203.3956235,0,63.01,2.02
2012,364,12.78923082,11.78781858,19.63564362,197.8635576,0,64.79,2.95
2012,365,11.26363706,9.35261055,16.52094918,185.5086104,0,66.72,3.23
2012,366,11.64008228,11.08196118,17.84959506,158.5858896,0.337095,72.04,2.41
2013,1,11.84811779,11.56429707,16.7169789,172.2316522,0,61.67,3.49
2013,2,10.64943698,10.65844674,14.49530874,142.7273006,1.236015,74.52,4.97
2013,3,10.88719185,10.36433949,15.18141276,195.6507312,0.112365,82.46,2.72
2013,4,12.73969856,10.78785393,20.35441926,203.9488301,0,65.78,3.02
2013,5,13.5322148,12.45838311,20.61579222,207.636874,0,58.12,2.61
2013,6,13.45296317,12.7054332,20.29996656,209.1120916,0,60.51,2.34
2013,7,12.86848245,12.69366891,18.69905718,208.9276894,0,62.67,2.41
2013,8,11.75895971,10.1172894,18.39412206,176.4729027,0,67.08,2.62
2013,9,12.41278561,10.54080384,18.66638556,155.4510522,0,76.89,1.97
2013,10,12.18493719,10.64668245,18.44857476,191.0406763,0,80.79,2.59
2013,11,12.30381463,9.9996465,18.57926124,188.6434477,0.112365,77.81,3
2013,12,11.36270159,9.62318922,16.2269046,199.5231774,0.2809125,65.83,3.95
2013,13,10.53055954,8.36441019,16.65163566,191.2250785,0.2809125,62.15,4.1
2013,14,11.0456951,9.04673901,17.81692344,173.5224676,0,60.69,2.89
2013,15,11.50139193,10.55256813,16.10710866,69.70403054,0.7303725,68.6,4.79
2013,16,13.39352446,12.98777616,18.97132068,191.5938829,0.0561825,69.92,3.6
2013,17,15.38472151,14.52889815,21.48703542,111.7477315,0.1685475,76.03,4.97
2013,18,13.7006245,14.42301954,16.69519782,74.49848767,10.70276625,74.69,10.07
2013,19,11.76886616,11.48194704,16.35759108,180.3453489,0.0561825,60.96,6.17
2013,20,12.0561533,9.75259641,17.28328698,217.2257883,0.42136875,66.47,4.53
2013,21,10.79803377,8.72910318,16.03087488,217.4101905,1.460745,66.11,6.18
2013,22,10.4116821,10.01141079,14.5388709,231.6091597,0.561825,56.61,6.87
2013,23,13.47277608,13.30541199,18.26343558,213.3533422,0.2809125,66.17,5.85
2013,24,11.70942745,10.01141079,16.6080735,144.2025182,0.08427375,71.17,2.02
2013,25,13.17558249,11.45841846,20.48510574,203.3956235,0,70.05,2.6
2013,26,13.8690342,11.65841139,21.57415974,197.310351,0,67.73,3.16
2013,27,12.55147595,10.97608257,18.87330582,201.7360037,0,67.55,2.69
2013,28,12.84866954,11.49371133,19.95146928,232.3467685,0,62.47,1.5
2013,29,14.49314074,13.2936477,21.96621918,232.7155729,0,57.84,1.85
2013,30,14.50304719,13.55246208,21.17120976,256.3190541,0,60.53,2.08
2013,31,14.83986659,14.02303368,22.88102454,254.8438365,0,59.93,2.79
2013,32,12.95764052,11.02313973,18.08918694,246.5457377,0,61.64,5.16
2013,33,10.55037245,9.15261762,15.9001884,268.8584035,0,50.02,4.87
2013,34,9.995611077,7.81148856,15.4101141,267.7519903,0,58.48,2.6
2013,35,13.13595668,10.75256106,20.23462332,262.773131,0,66.46,2.63
2013,36,11.32307578,9.22320336,17.03280456,271.2556321,0,66.14,3.35
2013,37,10.28289821,7.55267418,16.41204378,279.0005244,0,54.29,4.02
2013,38,10.74850151,8.22323871,16.34670054,206.7148631,0.0561825,54.03,2.46
2013,39,10.2234595,7.98795291,15.99820326,271.0712299,0.02809125,53.04,4.68
2013,40,11.61036292,8.03501007,18.68816664,251.1557926,0,62.57,4.77
2013,41,10.75840796,9.21143907,14.39729388,245.2549223,0.75846375,62.34,6.59
2013,42,9.500288427,6.39977376,15.87840732,285.6390035,0.02809125,56.78,3.25
2013,43,11.90755651,7.79972427,19.26536526,259.6382937,0,61.99,1.98
2013,44,13.46286963,12.16427586,19.77722064,295.9655265,0,69.17,2.26
2013,45,13.62137288,12.51720456,20.06037468,298.5471573,0,74.05,1.69
2013,46,12.52175659,12.57602601,17.40308292,263.3263376,0,83.58,1.93
2013,47,13.06661151,13.56422637,17.33773968,194.7287202,0,79.92,2.48
2013,48,12.82885664,11.97604722,17.1526005,249.3117706,0,79.96,1.84
2013,49,12.52175659,13.94068365,15.27942762,98.28637111,5.0002425,87.72,6.02
2013,50,12.00662104,12.5877903,15.38833302,147.70616,20.75943375,84.48,3.95
2013,51,13.383618,10.50551097,20.3108571,292.0930804,0.08427375,72.84,3.49
2013,52,14.36435685,13.91715507,20.22373278,274.5748716,0.53373375,75.45,6.24
2013,53,11.99671458,8.3526459,17.35952076,207.636874,1.4045625,59.52,5.06
2013,54,8.895994794,4.8233589,15.27942762,323.9946605,0.112365,52.95,3.26
2013,55,8.806836717,5.90567358,13.84187634,312.9305286,0.02809125,54.8,3.31
2013,56,8.687959281,6.32918802,13.60228446,328.4203132,0.02809125,54.8,3.45
2013,57,8.787023811,7.44679557,12.0340467,167.4371951,2.44393875,74.83,7
2013,58,9.60925941,8.9408604,12.9597426,146.2309424,38.73783375,76.93,6.25
2013,59,10.54046599,7.6467885,16.61896404,293.9371023,0.98319375,65.02,3.33
2013,60,10.87728539,9.59966064,15.05072628,319.2002034,0.112365,70.54,3.72
2013,61,11.95708877,12.95248329,15.4101141,139.2236589,0.22473,84.23,5.35
2013,62,11.81839843,12.88189755,14.0487966,70.44163933,33.45667875,92.7,5.4
2013,63,12.80904373,12.1172187,17.1526005,101.2368063,6.09580125,84.87,2.23
2013,64,14.76061497,13.07012619,21.05141382,303.3416144,2.38775625,77.5,5.39
2013,65,14.82996014,14.52889815,21.17120976,201.1827971,4.12941375,85.52,5.21
2013,66,15.26584407,13.69363356,21.9444381,370.279612,0,74.19,5.32
2013,67,14.56248591,13.57599066,20.28907602,253.5530212,0.0561825,79.67,5.02
2013,68,13.50249544,12.09369012,18.88419636,325.6542803,0.19663875,73,5.16
2013,69,13.57184061,11.84664003,19.42872336,335.2431945,0.19663875,67.19,5.5
2013,70,13.0269857,13.11718335,17.4793167,208.558885,5.84298,77.09,4.71
2013,71,11.00606928,9.04673901,14.31016956,356.265045,0.112365,55.57,5.88
2013,72,10.20364659,6.36448089,16.79321268,398.6775503,0,52.14,3.24
2013,73,10.78812732,8.02324578,16.4991681,404.3940185,0,53.96,2.49
2013,74,12.0561533,11.92899006,16.32491946,252.8154124,0.14045625,61.97,1.75
2013,75,13.99781809,13.45834776,18.50302746,133.8759952,1.82593125,73.28,3.23
2013,76,14.93893112,13.6465764,21.97710972,423.2030426,0.47755125,69.61,3.27
2013,77,14.30491813,12.65837604,19.48317606,342.8036846,2.83721625,71.37,3.42
2013,78,14.64173753,13.89362649,20.61579222,372.1236339,3.90468375,68.28,3.27
2013,79,13.14586313,12.08192583,18.26343558,400.7059745,0,70.57,2.4
2013,80,15.16677954,13.83480504,21.49792596,402.7343987,0,63.88,4
2013,81,13.59165352,13.2936477,18.3505599,268.1207947,2.3034825,76.04,4.18
2013,82,13.65109223,12.29368305,19.48317606,358.109067,0.47755125,62.81,5.18
2013,83,14.60211172,11.85840432,21.10586652,357.3714582,0.02809125,66.17,4.22
2013,84,15.60266348,14.52889815,21.38902056,230.1339421,0,71.97,4.56
2013,85,15.88004416,14.84653398,21.51970704,358.8466758,0.0561825,71.03,5.17
2013,86,16.26639583,15.11711265,22.68499482,320.8598231,0.02809125,68.14,2.83
2013,87,16.77162493,14.77594824,24.10076502,226.9991048,0,68.08,4.5
2013,88,17.76227023,17.2935063,24.2314515,443.1184799,0.112365,61.49,3.65
2013,89,16.44471198,16.86999186,20.67024492,158.4014874,1.76974875,73.78,3.89
2013,90,16.1871442,15.31710558,22.14046782,448.834948,0.1685475,63.72,5.2
2013,91,15.14696664,13.61128353,20.99696112,417.4865745,0.3932775,63.93,3.04
2013,92,14.62192463,13.22306196,19.9841409,377.2868955,0,70.05,3.54
2013,93,13.8690342,13.6465764,18.72083826,309.7956913,0.47755125,68.7,3.98
2013,94,12.90810826,12.4701474,17.22883428,264.9859574,8.62401375,77.54,2.93
2013,95,12.26418881,8.77616034,18.25254504,437.586414,0.0561825,53.22,3.5
2013,96,12.55147595,9.92906076,17.56644102,425.2314667,0,60.21,2.9
2013,97,15.78097963,11.98781151,23.10972588,361.9815131,0,63.33,3.13
2013,98,17.65329925,16.22295591,24.14432718,412.5077151,0,60.31,2.93
2013,99,17.25704113,16.36412739,22.9790394,461.3742974,0,66.62,2.44
2013,100,18.4854413,18.03465657,25.69078386,383.7409724,0,63.98,3.62
2013,101,17.14807014,16.74058467,22.61965158,467.8283743,0.02809125,63.05,1.68
2013,102,16.46452489,15.32886987,21.91176648,474.098049,0.1685475,65.97,3.32
2013,103,17.03909916,17.09351337,22.44540294,386.5070053,0.1685475,63.24,5.41
2013,104,17.21741531,17.03469192,23.00082048,446.4377194,0,65.4,2.66
2013,105,16.95984754,17.48173494,22.14046782,453.4450029,0,68.84,1.92
2013,106,17.64339279,16.77587754,23.78493936,451.7853831,0,62.02,2.86
2013,107,18.62413164,19.5287214,23.48000424,472.254027,0,57.04,1.46
2013,108,17.08863143,16.72882038,23.414661,424.493858,0.02809125,74.56,3.18
2013,109,15.60266348,16.63470606,19.80989226,208.3744828,0,74.73,5.05
2013,110,15.0280892,15.58768425,19.36338012,409.0040734,0,72.87,3.02
2013,111,14.76061497,15.57591996,19.21091256,280.1069375,0.22473,74,3.36
2013,112,14.39407621,14.36419809,19.02577338,388.9042339,0.2809125,72.28,5.45
2013,113,15.01818275,13.38776202,19.88612604,389.4574405,3.56758875,68.2,5.55
2013,114,15.52341185,16.50529887,19.5485193,101.9744151,38.11982625,74.99,5.48
2013,115,16.32583454,16.09354872,21.36723948,361.6127087,9.101565,74.49,2.73
2013,116,18.02974446,16.31707023,24.7759785,365.8539592,10.08475875,72.9,4.02
2013,117,13.40343091,11.84664003,18.60104232,177.5793159,23.45619375,72.47,4.19
2013,118,12.50194369,11.78781858,16.45560594,466.3531567,6.1238925,62.05,4.95
2013,119,12.81895018,13.18776909,16.0635465,269.0428057,15.394005,69.5,3.81
2013,120,13.61146642,11.54076849,18.9495396,520.3830005,0,66.03,2.64
2013,121,14.91911822,13.4112906,20.33263818,487.9282138,0,68,2.48
2013,122,14.8596795,14.62301247,19.3851612,451.9697853,0,72.86,2.81
2013,123,15.0280892,15.67003428,19.63564362,430.9479349,0.02809125,76.36,2.31
2013,124,16.75181202,15.87002721,22.1077962,512.453706,0,69.01,2.5
2013,125,19.35720916,17.97583512,25.39673928,504.1556071,0,60.95,2.17
2013,126,20.47663835,20.44633602,25.50564468,435.0047832,0,62.41,1.82
2013,127,21.97251275,21.94040085,28.74013506,394.0674954,0,57.57,2.01
2013,128,22.7848419,22.48155819,29.76384582,437.4020118,0,60.64,1.81
2013,129,20.65495451,20.78750043,25.7561271,413.2453239,0,68.8,2.57
2013,130,18.73310262,19.74047862,24.65618256,462.4807106,0,79.44,2.98
2013,131,17.89105412,19.43460708,22.18402998,271.6244365,0,79.41,4.71
2013,132,17.97030574,18.42287814,23.0334921,442.0120667,0,73.89,4.61
2013,133,18.29721869,18.42287814,23.49089478,316.065366,2.359665,73.92,3.05
2013,134,19.82281245,18.83462829,26.92141488,442.3808711,6.65762625,63.41,4.07
2013,135,17.70283151,17.08174908,23.3057556,451.9697853,1.12365,54.36,4.48
2013,136,16.39517972,15.39945561,21.68306514,433.89837,1.2921975,63.03,7
2013,137,15.91966997,14.43478383,21.6721746,522.5958269,0.6180075,54.18,5.38
2013,138,15.95929578,14.68183392,20.89894626,485.1621808,0.02809125,56.2,4.45
2013,139,15.90976352,15.6465057,20.147499,401.0747789,5.39352,57.61,2.23
2013,140,13.52230835,14.3524338,16.34670054,133.8759952,25.4506725,78,2.81
2013,141,17.1777895,14.49360528,23.49089478,510.4252818,0.02809125,63.71,3.47
2013,142,19.59496403,18.79933542,25.11358524,548.9653411,0,61.77,2.55
2013,143,18.18824771,17.85819222,23.07705426,490.5098446,0,67.45,3.16
2013,144,17.90096057,17.74054932,23.6324718,487.3750072,0,74.99,2.58
2013,145,17.33629275,18.28170666,22.11868674,280.2913397,0.02809125,75.07,3.83
2013,146,18.0000251,17.59937784,23.64336234,375.2584713,5.30924625,69.04,3.13
2013,147,18.9906704,16.68176322,25.49475414,522.2270225,0.44946,58.08,3.27
2013,148,19.44636724,17.71702074,26.2462014,557.0790377,0,51.31,3.49
2013,149,17.97030574,17.63467071,24.1225461,580.4981168,0,60.55,3.45
2013,150,19.59496403,17.69349216,26.34421626,564.2707234,0,54.52,2.09
2013,151,18.23777997,18.02289228,24.52549608,582.526541,0,54.62,3.2
2013,152,18.23777997,17.48173494,23.86117314,576.4412684,0,61.34,3.07
2013,153,18.87179297,18.08171373,24.86310282,571.8312135,0,63.63,3.68
2013,154,19.3076769,17.86995651,25.28783388,564.6395278,0,63.96,4.53
2013,155,20.91252228,21.48159354,26.88874326,521.6738159,0,55.44,3.94
2013,156,20.32804156,20.5875075,25.58187846,500.4675632,0,56.27,2.45
2013,157,20.37757382,19.31696418,26.06106222,513.9289236,0,62.49,4.28
2013,158,19.76337374,18.77580684,25.40762982,539.7452312,0,52.61,4.2
2013,159,20.40729318,18.97579977,26.37688788,512.453706,0,54.42,3.48
2013,160,20.56579643,20.22281451,26.70360408,508.0280533,0,60.79,3.39
2013,161,21.98241921,21.5286507,28.08670266,532.1847411,0,59.03,2.22
2013,162,23.66651622,24.49325178,29.64404988,537.5324048,0,51.69,1.59
2013,163,23.73586139,24.97558767,29.41534854,562.2422993,0,52.08,1.52
2013,164,23.09194194,23.68151577,29.25199044,547.1213191,0.02809125,57.91,3.37
2013,165,23.58726459,24.2344374,29.70939312,548.4121345,0,57.23,2.11
2013,166,23.15138066,24.06973734,29.05596072,527.390284,0,61.55,2
2013,167,24.40950019,23.98738731,32.03996868,432.6075546,1.37647125,55.99,3.72
2013,168,21.95269985,21.96392943,27.12833514,510.0564775,1.12365,48.42,4.6
2013,169,20.24878993,20.30516454,25.71256494,475.3888644,0,60.37,3.15
2013,170,20.57570288,20.75220756,25.592769,564.82393,0,62.32,1.91
2013,171,20.51626416,21.11690055,27.07388244,449.9413612,0,60.15,1.84
2013,172,21.3087804,20.68162182,27.25902162,570.1715937,0,63.24,2.85
2013,173,21.67531916,21.95216514,27.43327026,564.0863212,0,63.37,2.35
2013,174,21.18990297,22.10510091,26.49668382,552.4689828,0,73.73,5.78
2013,175,20.42710609,20.83455759,26.0828433,533.2911543,0,73.59,5.8
2013,176,20.10019314,20.3522217,25.24427172,552.653385,0,73.38,5.44
2013,177,20.1497254,20.51692176,25.54920684,530.156317,0,70.78,5.74
2013,178,20.1299125,20.36398599,25.05913254,528.312295,0,67.27,4.75
2013,179,20.86299002,20.43457173,26.7907284,556.5258311,0,62.83,5.06
2013,180,22.20036117,21.79922937,28.77280668,534.3975675,0,60.09,5.99
2013,181,21.74466434,22.41097245,27.59662836,509.6876731,0,67.45,4.76
2013,182,21.57625463,22.55214393,26.63826084,483.5025611,0,70.25,2.92
2013,183,22.71549673,22.05804375,28.90349316,519.8297939,0,64.91,1.82
2013,184,22.82446771,23.25800133,28.51143372,532.3691433,0,70.08,3.85
2013,185,22.51736767,23.32858707,28.0431405,559.6606685,0,71.02,5.05
2013,186,22.59661929,22.71684399,28.60944858,570.9092025,0,65.44,4.33
2013,187,23.26035164,22.79919402,29.8400796,566.8523542,0,59.24,4.25
2013,188,24.16183887,24.3520803,30.35193498,562.2422993,0,54.89,4.04
2013,189,24.19155823,25.01088054,29.98165662,486.8218006,0,59.57,2.91
2013,190,24.66706797,25.01088054,30.53707416,445.7001106,0.92701125,56.25,1.93
2013,191,24.22127759,24.24620169,30.90735252,533.6599587,0,64.98,2.54
2013,192,23.56745169,24.95205909,28.51143372,330.2643352,0.337095,68.34,2.24
2013,193,25.26145515,26.30495244,31.38653628,529.234306,0,61.04,2.03
2013,194,24.01324207,24.57560181,30.36282552,538.8232202,0,60.74,1.86
2013,195,23.35941617,23.79915867,29.52425394,539.9296334,0,66.27,2.17
2013,196,24.70669378,24.72853758,31.27763088,531.8159367,0,62.17,2.44
2013,197,24.94444865,25.54027359,31.21228764,541.7736554,0,59.92,2.46
2013,198,24.62744216,25.09323057,30.79844712,529.9719148,0,64.8,2.7
2013,199,25.54874229,25.71673794,32.10531192,524.4398488,0,59.48,4.42
2013,200,26.06387784,27.2931528,32.11620246,519.2765873,0.02809125,53.75,3.3
2013,201,25.4199584,26.96375268,31.40831736,493.6446819,0.0561825,62.39,3.65
2013,202,24.99398092,26.04613806,31.00536738,520.9362071,0.0561825,66.24,2.75
2013,203,25.26145515,25.58733075,30.80933766,513.7445214,0,59.22,1.99
2013,204,25.35061323,26.32848102,30.99447684,520.3830005,0,61.87,1.83
2013,205,26.05397139,26.92845981,32.3449038,507.8436511,0,61.89,1.53
2013,206,26.2620069,27.31668138,32.9983362,511.531695,0,65.52,2.46
2013,207,28.09470071,28.37546748,36.22193604,491.0630511,0,50.76,4.76
2013,208,26.88611344,26.64611685,33.74978346,470.2256029,0,49.35,4.49
2013,209,25.16239062,26.28142386,31.28852142,543.9864817,0,48.88,2.71
2013,210,24.98407447,25.49321643,31.88750112,527.2058818,0,59.75,4.39
2013,211,24.39959374,24.92853051,31.12516332,530.3407191,0,66.92,4.03
2013,212,24.50856472,25.39910211,30.79844712,509.5032709,0,64.7,3.59
2013,213,24.99398092,25.03440912,31.27763088,423.7562492,0,67.47,3.13
2013,214,25.37042613,26.97551697,31.26674034,474.6512556,0,68.61,2.33
2013,215,25.29117451,27.38726712,30.91824306,481.8429413,0,72.22,2.6
2013,216,26.06387784,27.81078156,34.31609154,337.2716187,0,71.37,1.53
2013,217,27.65881678,28.62251757,35.14377258,462.4807106,0,58.44,2.86
2013,218,28.66927498,28.41076035,36.95160222,498.439139,0,43,3.86
2013,219,25.49921002,27.31668138,31.1469444,503.2335962,0,60.32,4.12
2013,220,24.18165177,25.96378803,29.86186068,505.0776181,0,66.54,3.61
2013,221,24.13211951,25.16381631,30.29748228,515.219739,0,62.88,2.9
2013,222,24.65716152,25.2932235,31.02714846,506.7372379,0,65.02,3.45
2013,223,25.31098742,26.50494537,32.02907814,487.7438116,0,66.95,3.1
2013,224,24.46893891,24.90500193,31.17961602,480.7365281,0,76.18,3.85
2013,225,25.05341964,26.12848809,31.21228764,488.112616,0,71.69,4.58
2013,226,25.40014549,26.06966664,31.87661058,491.8006599,0,65.05,4.02
2013,227,25.74687135,26.9402241,31.40831736,466.5375589,0,61.28,2.9
2013,228,25.06332609,26.77552404,30.77666604,409.3728778,0,70.13,2.66
2013,229,25.67752618,26.18730954,32.67162,459.5302754,0,68.64,3.58
2013,230,25.93509395,26.77552404,33.04189836,469.6723963,0,63.41,3.16
2013,231,25.30108096,27.02257413,31.34297412,458.23946,0,71.7,3.63
2013,232,24.68688088,26.81081691,30.56974578,445.5157084,0,76,3.51
2013,233,24.63734861,25.48145214,30.95091468,418.7773898,0,69.77,2.3
2013,234,24.9345422,26.66964543,30.9291336,408.8196712,0,68.06,2.62
2013,235,24.62744216,25.78732368,30.86379036,443.3028821,0,74.78,2.76
2013,236,24.71660024,26.77552404,30.7657755,423.571847,0,76.55,2.76
2013,237,24.67697442,26.81081691,30.26481066,275.6812848,0.25282125,75.93,1.91
2013,238,24.7661325,27.11668845,29.63315934,348.7045549,5.14069875,77.98,2.98
2013,239,24.73641314,27.58726005,30.03610932,346.8605329,2.21920875,76.37,4.55
2013,240,24.04296143,26.88140265,28.51143372,276.4188936,18.2593125,75.32,5.47
2013,241,22.77493545,25.4108664,26.31154464,369.5420032,13.28716125,75.54,3.92
2013,242,23.41885489,23.95209444,29.31733368,435.1891854,0,64.92,3.22
2013,243,23.35941617,24.75206616,29.06685126,412.5077151,0,67.57,3.12
2013,244,23.26035164,24.2344374,28.78369722,444.4092953,0,69.44,3.88
2013,245,23.32969682,24.95205909,28.95794586,430.9479349,0,71.7,4.23
2013,246,22.9334387,23.65798719,28.859931,411.401302,0,72.68,4.62
2013,247,22.76502899,24.04620876,28.29362292,385.4005921,0,74.7,2.7
2013,248,23.34950972,24.34031601,29.5678161,408.8196712,0,69.37,2.38
2013,249,21.34840622,23.84621583,25.50564468,121.8898523,10.75894875,78.11,3.31
2013,250,23.21081938,23.89327299,30.53707416,324.7322693,0.42136875,68.18,2.24
2013,251,22.80465481,25.03440912,27.86889186,319.3846056,3.34285875,76.49,1.54
2013,252,23.05231613,25.0579377,28.44609048,402.9188009,2.134935,70.23,1.55
2013,253,23.26035164,24.19914453,28.90349316,402.9188009,0.08427375,72.01,4.02
2013,254,23.37922908,25.04617341,28.81636884,390.3794515,0.3932775,78.01,5.2
2013,255,23.26035164,25.65791649,28.2609513,309.2424847,0.02809125,74.01,5.3
2013,256,22.65605801,24.72853758,28.1520459,330.2643352,0.0561825,74.07,3.28
2013,257,24.2609034,24.57560181,30.97269576,383.372168,0,66.37,2.44
2013,258,23.86464528,25.78732368,29.31733368,288.4050364,0,74.27,2.57
2013,259,25.11285836,26.92845981,31.26674034,354.2366208,0.08427375,62.41,2.15
2013,260,23.89436464,26.01084519,29.52425394,338.0092275,0.19663875,73.9,3
2013,261,23.4386678,26.04613806,29.12130396,349.2577615,0.337095,73.75,3.66
2013,262,23.2702581,25.21087347,28.68568236,350.3641747,0.22473,76.31,3.03
2013,263,22.57680639,23.66975148,28.40252832,374.5208625,0,76.71,3.53
2013,264,22.2796128,23.50505142,28.03224996,357.9246648,0,78.51,3.75
2013,265,21.69513207,23.35211565,26.98675812,385.5849943,0,72,2.99
2013,266,21.78429015,23.31682278,26.97586758,373.5988515,0,70.74,1.85
2013,267,22.62633865,23.48152284,28.89260262,370.8328186,0,68.77,2.15
2013,268,23.15138066,23.84621583,29.5678161,354.421023,0,71.42,3.95
2013,269,23.37922908,24.12855879,29.06685126,272.3620453,0,70.85,2.8
2013,270,23.14147421,24.9402948,28.29362292,149.7345841,0.112365,66.68,5.67
2013,271,23.18110002,24.26973027,28.5876675,214.8285597,0,64.38,4.65
2013,272,24.63734861,23.43446568,32.47559028,309.6112891,0,64.85,3.52
2013,273,24.54819053,25.51674501,31.26674034,352.7614032,0,69.65,2.76
2013,274,24.61753571,25.91673087,31.00536738,342.9880868,0,62.73,1.94
2013,275,24.05286788,26.25789528,29.6767215,328.7891176,0.14045625,71.31,1.86
2013,276,23.924084,25.82261655,29.70939312,264.8015552,0.112365,75.43,2.24
2013,277,23.41885489,25.5285093,28.6421202,276.4188936,0,74.06,1.99
2013,278,22.05176438,25.16381631,25.90859466,223.8642674,0.02809125,83.59,4.01
2013,279,21.84372887,23.63445861,27.08477298,288.5894386,0.02809125,75.7,3.65
2013,280,21.29887395,22.85801547,26.5184649,290.2490584,0,78.22,4.25
2013,281,21.01158681,22.49332248,26.0828433,282.3197639,0,76.91,5.41
2013,282,21.02149327,22.26980097,26.92141488,314.9589528,0,74.29,3.76
2013,283,21.67531916,21.85805082,27.95601618,323.2570517,0,66.3,2.75
2013,284,21.04130617,21.31689348,26.75805678,289.5114496,0,70.94,2.23
2013,285,20.971961,20.97572907,27.4441608,307.9516693,0,62.77,2.19
2013,286,20.38748027,21.4110078,26.42045004,237.3256278,0,68.59,1.96
2013,287,21.68522562,21.96392943,28.18471752,255.0282387,0,58.14,2.02
2013,288,22.53718058,23.42270139,29.6222688,306.6608539,0,58.73,2.04
2013,289,22.14092246,23.09330127,28.17382698,296.1499287,0,61.72,2.48
2013,290,21.46728365,21.77570079,28.17382698,299.6535705,0,67.22,2.45
2013,291,21.1403707,22.61096538,26.72538516,244.7017157,0,73.85,1.82
2013,292,21.6257869,22.52861535,27.6619716,209.6652982,0,62.14,2.41
2013,293,20.85308357,21.15219342,27.10655406,279.7381332,0,63.06,2.14
2013,294,21.11065134,21.36395064,27.18278784,193.0691005,0.02809125,67.34,4.19
2013,295,21.13046425,23.08153698,26.98675812,168.5436082,0.5056425,78.62,3.98
2013,296,21.17999651,21.89334369,27.46594188,243.9641069,0,68.82,1.78
2013,297,21.67531916,22.36391529,28.13026482,259.2694893,0,73.36,1.75
2013,298,21.69513207,23.83445154,26.7362757,233.6375839,0,59.65,1.13
2013,299,20.90261583,21.45806496,27.34614594,254.8438365,0,59.9,1.97
2013,300,21.76447724,23.22270846,28.57677696,242.4888893,0,60.62,2.19
2013,301,20.50635771,20.59927179,26.27887302,225.1550828,4.74742125,61.08,2.8
2013,302,17.1777895,16.68176322,22.3800597,222.0202454,0.58991625,52.35,3.59
2013,303,17.10844433,18.42287814,21.96621918,250.4181838,0,52.69,1.81
2013,304,17.13816369,17.55232068,23.02260156,267.5675881,0,58.28,2.11
2013,305,18.40618967,17.36409204,25.18981902,263.8795442,0,59.35,2.61
2013,306,19.55533822,18.98756406,26.70360408,256.8722607,0,58.7,2.35
2013,307,19.05010912,18.01112799,25.96304736,124.4714831,0,62.06,3.82
2013,308,20.20916412,19.63460001,27.20456892,226.8147026,0,64.78,2.82
2013,309,20.35776092,20.9404362,26.82340002,257.6098695,0,64.42,2.59
2013,310,19.68412211,20.18752164,26.32243518,249.8649772,0,64.63,3.24
2013,311,18.60431873,17.2935063,25.84325142,233.4531817,0,63.49,2.3
2013,312,17.70283151,18.63463536,22.5434178,236.588019,0,73.95,1.78
2013,313,17.58395408,16.52882745,24.42748122,194.3599158,0,52.68,2.38
2013,314,18.3170316,17.71702074,24.7215258,236.2192146,0,57.86,2.87
2013,315,17.45517019,18.26994237,23.10972588,229.7651377,0,68.46,2.94
2013,316,17.04900561,18.44640672,21.30189624,133.8759952,6.82617375,73.3,1.86
2013,317,16.29611519,17.34056346,19.77722064,150.1033885,12.58488,78.32,2.38
2013,318,13.87894065,13.37599773,19.09111662,202.2892103,0.3932775,60.73,4.34
2013,319,11.59055001,10.41139665,16.01998434,218.7010059,0.9551025,58.94,3.2
2013,320,11.8877436,12.19956873,15.92196948,154.1602369,1.37647125,57.67,2.27
2013,321,11.95708877,11.23489695,16.76054106,146.9685512,0.87082875,62.66,4.49
2013,322,14.05725681,12.39956166,20.97518004,216.8569839,0.22473,62.09,3.63
2013,323,12.0363404,10.8231468,17.2615059,214.8285597,7.977915,57.16,3.78
2013,324,12.15521783,10.38786807,19.57030038,204.1332323,0.02809125,56.15,3.78
2013,325,11.85802424,9.90553218,18.513918,207.636874,0,63.49,3.1
2013,326,11.77877262,9.61142493,18.03473424,224.417474,0,53.27,3.29
2013,327,10.74850151,8.39970306,16.01998434,219.6230169,0,56.44,3.45
2013,328,11.48157903,9.5290749,16.78232214,210.7717114,0.08427375,60.5,2.76
2013,329,11.39242095,9.97611792,15.91107894,190.1186653,1.460745,68.21,3.19
2013,330,11.19429189,12.09369012,13.21022502,91.27908761,9.91621125,82.44,4.55
2013,331,11.03578864,11.02313973,13.68940878,114.6981667,4.18559625,79.39,6.75
2013,332,10.27299176,9.19967478,14.51708982,203.3956235,0.14045625,72.05,3.88
2013,333,11.5509242,9.7643607,17.50109778,146.784149,0.08427375,57.86,3.3
2013,334,10.44140146,9.38790342,13.9398912,99.57718649,2.61248625,69.63,8.57
2013,335,11.15466608,10.3525752,15.49723842,195.466329,0,69.39,2.32
2013,336,12.08587266,10.72903248,16.48827756,92.2010986,0,72.14,2.69
2013,337,12.63072758,12.57602601,16.80410322,132.9539842,0,88.11,3.49
2013,338,12.51185014,11.78781858,17.77336128,200.076384,0,74.53,2.03
2013,339,11.97690168,11.67017568,16.45560594,191.7782851,0,70.06,2.15
2013,340,11.29335642,11.58782565,15.55169112,191.7782851,0,82.32,2.28
2013,341,10.79803377,10.87020396,15.3556614,178.3169247,0,73.19,2.26
2013,342,12.15521783,11.09372547,16.69519782,142.174094,0,81.62,3.85
2013,343,12.76941792,13.28188341,16.24868568,155.6354544,0,81.53,4.61
2013,344,12.35334689,12.41132595,16.20512352,146.0465402,0,81.36,4.8
2013,345,11.74905326,11.79958287,16.52094918,170.7564346,0,89.3,4.12
2013,346,12.32362753,11.4113613,17.33773968,154.5290413,0,72.5,2
2013,347,12.34344044,12.29368305,16.83677484,143.4649094,0,77.26,3.61
2013,348,11.77877262,11.9995758,16.21601406,166.6995863,0,89.59,3.62
2013,349,12.59110176,13.27011912,16.2813573,91.27908761,0,84.94,4.71
2013,350,12.98735988,13.72892643,17.0981478,121.3366458,0.25282125,84.45,3.6
2013,351,13.39352446,12.44661882,18.74261934,149.7345841,0.81464625,77.77,2.23
2013,352,13.62137288,13.43481918,19.66831524,73.57647668,18.0345825,76.06,4.28
2013,353,11.86793069,12.10545441,15.92196948,93.30751178,6.32053125,58.66,6.94
2013,354,11.83821134,12.5877903,15.43189518,88.88185905,0.81464625,76.69,5.18
2013,355,11.93727587,10.98784686,17.77336128,180.5297511,0,77.29,2.22
2013,356,12.02643394,11.2937184,17.38130184,180.3453489,0,78.48,3.03
2013,357,12.94773407,11.09372547,18.64460448,127.7907227,0.02809125,76.32,6.04
2013,358,14.11669553,12.65837604,18.06740586,72.6544657,3.28667625,75.38,9.28
2013,359,11.59055001,11.22313266,17.2070532,189.3810565,0.0561825,63.62,3.88
2013,360,12.36325334,10.62315387,19.29803688,167.0683907,0,77.64,2.99
2013,361,12.68025984,10.65844674,19.0039923,125.2090919,0.19663875,76.67,3.84
2013,362,10.70887569,8.88203895,16.33581,196.9415466,0.0561825,57.38,2.89
2013,363,10.15411433,8.31735303,15.44278572,183.295784,0,65.62,2.68
2013,364,11.64008228,10.21140372,17.76247074,171.3096412,0,61.87,2.85
2013,365,12.93782762,11.77605429,18.48124638,182.9269796,0,73.58,2.4
2014,1,14.19594715,14.31714093,19.3851612,47.39136468,0.337095,81.51,3.81
2014,2,14.58229882,13.87009791,21.46525434,191.7782851,0.112365,84.15,3.75
2014,3,14.65164399,12.99954045,20.89894626,180.1609467,0.02809125,76.78,6.23
2014,4,12.58119531,10.99961115,19.9841409,186.6150236,0,61.31,2.35
2014,5,13.75015676,12.36426879,19.9296882,198.9699708,0,69.32,2.04
2014,6,14.00772454,13.65834069,19.70098686,178.3169247,0,60.66,1.4
2014,7,12.53166305,12.42309024,17.78425182,201.7360037,0,66.89,2.4
2014,8,11.98680813,11.62311852,16.89122754,164.1179555,0,75.06,3.81
2014,9,11.95708877,11.90546148,16.18334244,111.5633293,1.4045625,82.04,4.14
2014,10,12.44250497,13.22306196,16.36848162,111.9321337,2.72485125,85.76,2.77
2014,11,13.18548894,11.48194704,19.9841409,194.544318,0.02809125,77.88,2.2
2014,12,12.00662104,9.78788928,16.32491946,66.56919319,0.9551025,78.14,2.44
2014,13,11.72924035,10.3525752,16.96746132,164.1179555,0.0561825,71.52,3.65
2014,14,12.46231787,11.67017568,17.88226668,179.7921423,0,85.64,2.84
2014,15,13.05670505,13.28188341,17.7515802,80.21495578,2.50012125,85.83,3.51
2014,16,11.58064356,11.87016861,15.44278572,202.4736125,0.112365,72.3,3.24
2014,17,11.65989518,12.1172187,15.1923033,163.3803467,1.236015,79.15,4.91
2014,18,10.78812732,10.39963236,15.50812896,107.6908832,5.08451625,74.06,5.62
2014,19,10.13430142,8.07030294,16.69519782,222.0202454,0,62.08,2.75
2014,20,9.975798171,7.21150977,15.75861138,217.5945927,0,66.07,2.38
2014,21,12.5415695,11.58782565,18.38323152,185.8774148,4.26987,73.32,3.36
2014,22,11.75895971,11.14078263,16.84766538,215.7505707,1.48883625,63.3,3.7
2014,23,12.21465655,9.96435363,18.79707204,219.2542125,0,62.02,3.47
2014,24,14.90921177,13.71716214,22.12957728,119.677026,0,64.49,2.48
2014,25,14.28510523,12.45838311,21.35634894,235.666008,0,65.44,3.26
2014,26,13.95819228,11.89369719,20.4742152,236.9568234,0,68.32,4.08
2014,27,11.28344997,8.49381738,17.4793167,233.2687795,0.02809125,62.22,4.41
2014,28,11.76886616,9.15261762,16.3902627,137.5640391,1.60120125,68.7,4.82
2014,29,10.23336595,8.21147442,16.47738702,242.4888893,0.02809125,57.5,3.81
2014,30,10.95653702,8.98791756,16.1179992,191.9626873,0.02809125,67.67,2.19
2014,31,12.71988565,10.84667538,19.31981796,136.0888215,0.02809125,74.97,3.48
2014,32,9.658791675,6.84681678,14.83291548,237.51003,0,62.96,3.01
2014,33,11.49148548,9.95258934,17.55555048,187.3526324,0.2809125,69.02,4.13
2014,34,11.44195322,9.47025345,16.76054106,219.6230169,0,61.51,3.55
2014,35,13.80959548,13.10541906,19.64653416,167.2527929,0.0561825,78.22,6.02
2014,36,14.36435685,13.81127646,20.37620034,252.8154124,0.1685475,79.14,4.16
2014,37,12.7099792,11.38783272,18.32877882,274.021665,0.0561825,59.83,3.82
2014,38,13.09633087,10.71726819,18.37234098,214.0909509,0.14045625,71.03,6.39
2014,39,13.64118578,13.0583619,17.70801804,170.9408368,11.20840875,79.82,5.42
2014,40,11.61036292,10.54080384,16.04176542,246.9145421,4.1013225,56.79,8.19
2014,41,10.77822086,7.87031001,15.86751678,128.7127336,1.34838,64.29,5.2
2014,42,14.017631,12.89366184,19.72276794,280.6601441,0.08427375,76.8,2.46
2014,43,15.76116672,15.09358407,22.42362186,230.5027465,0.0561825,77.26,4.25
2014,44,15.31537634,14.05832655,21.93354756,287.114221,0,75.62,3.94
2014,45,14.19594715,12.24662589,20.3653098,262.773131,0.0561825,73.46,3.21
2014,46,13.69071805,12.84660468,18.52480854,209.1120916,0.02809125,74.25,2.11
2014,47,11.82830488,13.36423344,13.70029932,86.30022829,0.0561825,86.44,4.56
2014,48,12.69016629,12.72896178,16.52094918,108.0596876,0.22473,71.8,2.83
2014,49,13.12605023,11.19960408,19.26536526,258.7162827,0,59.27,1.94
2014,50,13.66099869,10.91726112,21.13853814,306.2920495,0,60.69,3.12
2014,51,14.12660198,12.75249036,20.83360302,267.1987837,0,67.67,3.09
2014,52,11.73914681,9.09379617,18.0238437,323.2570517,0,60.15,3.33
2014,53,11.47167257,10.98784686,15.60614382,328.235911,0,66.11,2.58
2014,54,11.48157903,10.78785393,15.4645668,117.2797974,32.1925725,70.98,2.43
2014,55,11.66980163,9.07026759,17.21794374,284.7169925,0,68.13,2.6
2014,56,12.24437591,9.67024638,18.5683707,268.4895991,0,63.34,2.43
2014,57,12.06605975,9.03497472,18.16542072,237.1412256,0.112365,63.11,3.15
2014,58,14.45351493,11.63488281,21.70484622,251.1557926,0.02809125,64.33,3.58
2014,59,14.34454394,13.79951217,19.35248958,150.6565951,1.236015,71.99,4.73
2014,60,16.22677001,16.07002014,21.69395568,262.9575332,0.02809125,67.75,3.88
2014,61,14.41388912,13.09365477,19.26536526,332.4771616,0.02809125,59.24,5.57
2014,62,12.63072758,9.9996465,19.058445,355.7118384,0,55.52,3.25
2014,63,14.27519877,11.63488281,21.19299084,327.8671066,0,63.81,2.18
2014,64,13.33408574,12.12898299,18.25254504,359.2154801,0,79.37,3.16
2014,65,12.46231787,11.84664003,16.76054106,365.3007527,0,76.55,3.9
2014,66,11.7193339,9.69377496,17.56644102,377.4712977,0,73.95,4.13
2014,67,12.30381463,11.01137544,17.59911264,375.9960801,0,73.33,6.37
2014,68,11.91746296,10.9407897,15.81306408,376.3648845,0,72.33,4.5
2014,69,11.99671458,10.1172894,17.16349104,340.0376516,0,71.31,4.84
2014,70,11.85802424,11.9995758,15.1378506,180.5297511,0.22473,78.26,6.69
2014,71,12.26418881,12.31721163,16.23779514,239.354052,2.55630375,75.92,5.32
2014,72,12.23446946,11.58782565,17.424864,212.8001356,0.58991625,68.09,3.38
2014,73,13.35389864,11.37606843,19.02577338,356.6338494,0,61.47,2.4
2014,74,15.10734083,13.42305489,21.49792596,381.8969504,0,61.04,3.18
2014,75,15.88995061,14.88182685,21.4543638,369.357601,0,58.64,1.16
2014,76,16.12770548,14.96417688,22.17313944,397.0179306,0,64.09,1.57
2014,77,13.81950194,13.50540492,18.59015178,352.2081967,0,80.15,4.03
2014,78,13.64118578,13.04659761,18.39412206,357.7402626,0,76.37,2.33
2014,79,15.24603117,13.6465764,21.41080164,342.250478,0,74.52,2.71
2014,80,16.69237331,15.22299126,23.58890964,307.7672671,0,64.32,2.98
2014,81,13.84922129,11.79958287,20.26729494,373.4144493,0,60.7,2.9
2014,82,15.73144736,14.22302661,22.2711543,380.9749394,0.14045625,63.03,3.29
2014,83,15.77107318,12.63484746,22.39095024,386.1382009,0.14045625,51.59,4.78
2014,84,13.65109223,11.55253278,19.57030038,408.0820624,0.14045625,49.5,4.94
2014,85,12.94773407,11.54076849,18.31788828,385.0317878,0,61.08,3.76
2014,86,13.20530185,11.68193997,17.57733156,292.2774826,0,74.36,5.42
2014,87,13.88884711,13.79951217,17.72979912,265.539164,0.08427375,72.63,4.34
2014,88,14.16622779,10.48198239,20.9098368,347.5981417,0,58.01,3.08
2014,89,14.5228601,13.31717628,20.08215576,419.883803,0,64.91,2.17
2014,90,14.91911822,14.61124818,19.88612604,271.9932409,0,64.89,3.61
2014,91,15.62247638,15.51709851,21.20388138,278.0785134,6.3486225,65.64,3.89
2014,92,14.72098916,14.08185513,19.37427066,383.7409724,2.584395,61.84,5.29
2014,93,15.90976352,13.15247622,22.23848268,449.9413612,0,54.95,3.58
2014,94,17.81180249,15.4112199,24.48193392,349.9953703,0,63.77,1.97
2014,95,18.653851,17.68172787,24.7215258,445.3313062,0,61.3,1.69
2014,96,18.63403809,18.84639258,23.86117314,467.2751677,0,59.68,1.24
2014,97,19.18879946,18.37582098,25.54920684,467.4595699,0,55.39,1.78
2014,98,16.94003463,16.69352751,22.89191508,441.8276645,0,63.34,3.82
2014,99,17.68301861,17.36409204,23.61069072,405.5004316,0,57.94,1.57
2014,100,19.45627369,18.9405069,26.09373384,261.6667178,0.0561825,54.6,1.88
2014,101,18.41609613,18.2346495,24.20967042,328.235911,0.22473,67.72,1.89
2014,102,17.40563792,17.22292056,23.10972588,462.849515,0,69.33,2.21
2014,103,16.25648937,15.9994344,21.48703542,373.5988515,0,68.55,3.99
2014,104,17.90096057,16.63470606,24.5581677,370.4640142,0,54.09,2.32
2014,105,18.81235425,18.21112092,24.51460554,455.2890249,0,61.42,1.38
2014,106,17.6632057,17.36409204,23.69781504,463.9559282,0,65.66,3.18
2014,107,18.77272844,17.36409204,25.08091362,461.7431018,0,63.61,2.77
2014,108,20.43701254,20.54045034,26.50757436,307.9516693,0,55.47,4.91
2014,109,17.82170895,16.84646328,23.53445694,416.5645635,0.08427375,60.91,5.23
2014,110,17.11835078,16.77587754,22.2711543,414.1673349,0.30900375,68.18,5.88
2014,111,18.1486219,15.94061295,24.81954066,466.7219611,0,57.97,2.74
2014,112,17.52451536,16.98763476,23.07705426,489.7722358,0,60.8,2.79
2014,113,19.02038976,17.85819222,25.8650325,482.7649523,0,54.81,3.97
2014,114,17.14807014,14.34066951,23.33842722,514.1133258,0,46.88,2.78
2014,115,18.61422519,16.45824171,25.00467984,470.7788095,0,54.54,3.2
2014,116,18.89160587,18.39934956,25.17892848,501.0207698,0,61.29,2.05
2014,117,19.16898656,18.32876382,24.86310282,499.5455522,0,59.96,2.3
2014,118,20.32804156,19.82282865,26.47490274,491.8006599,0,57.7,1.98
2014,119,19.24823818,19.12873554,25.77790818,519.6453917,0,64.77,2.43
2014,120,18.25759288,18.45817101,23.8502826,483.8713655,0,71.47,2.94
2014,121,18.42600258,17.85819222,24.31857582,492.1694643,0,66.94,3.39
2014,122,17.13816369,16.89352044,22.80479076,537.716807,0,61.15,3.41
2014,123,17.68301861,17.25821343,23.24041236,536.6103939,0,61.84,2.94
2014,124,17.40563792,16.81117041,23.53445694,529.6031104,0,68.17,4.3
2014,125,17.94058638,16.05825585,25.048242,536.6103939,0,62.79,3.99
2014,126,19.27795754,18.62287107,26.05017168,436.1111964,0,59.7,2.56
2014,127,17.96039929,18.79933542,23.06616372,433.7139678,0,73.3,3.09
2014,128,18.54488002,18.10524231,24.18788934,497.1483237,0,68.76,2.57
2014,129,20.19925767,20.05811445,26.00660952,519.8297939,0,54.11,2.21
2014,130,22.89381288,22.26980097,30.493512,434.6359788,0,62.23,2.93
2014,131,19.86243827,19.85812152,25.77790818,497.3327258,0,75.51,3.71
2014,132,18.22787352,18.37582098,23.6324718,406.6068448,0,80.94,4.68
2014,133,17.92077348,19.08167838,22.1077962,357.9246648,0,71.06,6.3
2014,134,17.24713467,17.72878503,22.0533435,458.6082644,0,67.46,5.96
2014,135,17.23722822,17.56408497,21.9444381,497.3327258,0.08427375,64.94,6.39
2014,136,16.79143784,17.19939198,22.12957728,342.0660758,0.53373375,65.02,5.64
2014,137,16.78153138,16.2347202,23.18595966,485.346583,0.36518625,68.98,3.56
2014,138,18.62413164,16.52882745,24.97200822,533.4755565,0,63.69,3.59
2014,139,20.4667319,20.02282158,26.37688788,427.8130975,0.19663875,58.03,4.67
2014,140,19.48599305,19.49342853,24.97200822,498.8079434,0.112365,57.24,6.26
2014,141,19.04020267,17.5287921,25.36406766,552.2845806,0.08427375,51.88,4.43
2014,142,18.64394455,18.01112799,24.6670731,569.433985,0,54.64,3.25
2014,143,16.79143784,17.06998479,21.2910057,206.3460587,2.83721625,70.45,2.56
2014,144,18.08918318,17.31703488,23.50178532,519.8297939,4.12941375,66.94,2.92
2014,145,19.71384147,18.50522817,26.681823,575.3348553,0,60.03,2.83
2014,146,18.54488002,18.68169252,23.66514342,460.8210908,0,71.58,2.79
2014,147,20.64504805,18.61110678,26.80161894,398.6775503,0,55.73,2.99
2014,148,20.54598352,20.15222877,26.10462438,550.9937652,0,59.8,3
2014,149,21.73475788,20.5875075,28.46787156,535.8727851,0,62.57,2.93
2014,150,19.06001557,20.52868605,24.11165556,358.2934692,0.8427375,72.99,5.86
2014,151,18.3368445,19.7640072,21.8355327,240.276063,5.4497025,66.35,5.01
2014,152,19.54543177,19.69342146,25.02646092,467.6439721,0.14045625,61.95,3.45
2014,153,21.29887395,18.66992823,27.96690672,546.0149059,0,61.3,3.82
2014,154,24.05286788,22.98742266,31.43009844,573.3064311,0,48.79,3.37
2014,155,21.89326113,22.34038671,27.07388244,423.2030426,0,63.18,2.27
2014,156,22.2994257,22.39920816,28.28273238,518.1701741,0.47755125,64.74,3.08
2014,157,23.03250323,24.01091589,28.55499588,532.0003389,0,55.89,2.07
2014,158,22.45792895,22.98742266,28.21738914,520.0141961,0,62.16,1.79
2014,159,21.13046425,22.2345081,25.85414196,528.4966972,0,71.91,1.8
2014,160,21.52672237,21.04631481,28.43519994,324.3634649,0.81464625,72.42,2.5
2014,161,22.36877087,23.36387994,28.27184184,520.5674027,0,66.59,3.85
2014,162,23.4386678,23.69328006,29.20842828,535.6883829,0,55.89,3.95
2014,163,24.62744216,24.38737317,30.86379036,542.6956664,0,46.44,2.41
2014,164,25.29117451,25.4108664,31.6914714,533.4755565,0,50.66,2.07
2014,165,23.02259677,23.89327299,29.57870664,506.9216401,0,70.94,5.26
2014,166,21.4573772,22.83448689,26.54024598,453.0761985,0.112365,70.88,4.35
2014,167,21.06111908,21.90510798,26.20263924,452.8917963,15.42209625,69.82,3.15
2014,168,22.4678354,22.61096538,28.05403104,526.0994686,0,65.3,2.06
2014,169,22.23008053,22.41097245,28.46787156,453.6294051,0,69.98,3.94
2014,170,22.97306451,23.23447275,29.09952288,489.7722358,0.02809125,63,2.75
2014,171,23.52782588,23.42270139,29.48069178,520.9362071,0.02809125,60.9,3.07
2014,172,24.92463575,24.98735196,31.35386466,423.9406514,0,49.02,3.91
2014,173,24.08258724,24.88147335,30.2212485,481.6585391,3.59568,59.19,1.95
2014,174,21.73475788,22.57567251,26.60558922,398.308746,25.53494625,64.58,4.92
2014,175,22.31923861,21.46982925,28.2609513,417.6709767,10.6184925,62.08,3.01
2014,176,23.67642267,23.75210151,29.77473636,513.0069126,0,58.77,2.82
2014,177,23.76558075,24.5873661,29.63315934,562.6111037,0,59.94,1.42
2014,178,24.98407447,24.85794477,31.38653628,554.8662114,0,53.9,3.08
2014,179,25.19210998,24.83441619,32.36668488,557.4478421,0,53.63,2.18
2014,180,22.71549673,23.77563009,28.2609513,563.7175168,0,72.78,2.96
2014,181,24.61753571,23.12859414,32.05085922,564.82393,0,54.19,3.53
2014,182,23.42876135,22.98742266,29.04507018,439.4304359,0,55.18,4.01
2014,183,21.67531916,21.50512212,26.98675812,518.9077829,0,63.46,3.18
2014,184,23.51791942,23.25800133,30.12323364,561.8734949,0,52.31,2.77
2014,185,24.22127759,25.02264483,30.41727822,554.3130048,0,56.42,2.17
2014,186,25.40014549,24.59913039,31.72414302,506.3684335,0,51.18,3.46
2014,187,24.57790989,24.41090175,30.90735252,516.3261522,0,57.31,2.89
2014,188,22.6164322,23.61093003,28.21738914,494.3822907,0,75.19,3.19
2014,189,23.14147421,24.62265897,28.88171208,540.8516444,0,75.39,4.31
2014,190,22.73530964,24.12855879,28.25006076,483.1337567,0,66.66,3.91
2014,191,22.74521609,23.4109371,28.40252832,546.0149059,0,73.19,3.24
2014,192,23.15138066,23.98738731,29.64404988,524.2554466,0,73.52,3.06
2014,193,23.56745169,24.56383752,29.69850258,534.5819697,0,70.58,2.97
2014,194,25.12276481,25.36380924,32.2359984,523.70224,0,63.69,2.6
2014,195,24.63734861,26.21083812,30.91824306,516.5105544,0,71.67,4.77
2014,196,25.17229707,25.50498072,32.15976462,528.6810994,0,65.59,4.59
2014,197,25.60818101,26.36377389,31.87661058,493.4602797,0,61.32,4.59
2014,198,27.29227802,28.24606029,34.34876316,409.3728778,0,53.83,3.17
2014,199,28.35226849,29.62248222,35.76453336,465.4311457,0,45.27,3.89
2014,200,26.42051015,27.59902434,31.99640652,536.2415895,0,47.75,2.75
2014,201,24.66706797,26.17554525,30.44994984,537.1636004,0,59.19,3.28
2014,202,24.84538412,25.54027359,30.8746809,537.5324048,0,58.47,2.68
2014,203,25.94500041,25.91673087,32.60627676,529.7875126,0,55.57,2.19
2014,204,25.64780682,26.63435256,31.19050656,482.5805501,0,63.06,2.1
2014,205,25.2515487,26.9402241,32.17065516,463.9559282,0,63.7,2.32
2014,206,24.70669378,26.50494537,30.1123431,494.1978885,0,73.1,2.59
2014,207,25.39023904,27.36373854,30.9291336,499.5455522,0,72.09,2.05
2014,208,26.46013596,26.56376682,33.12902268,506.9216401,0,64.24,3.38
2014,209,25.02370028,27.02257413,30.5479647,452.1541875,0,63.58,4.69
2014,210,24.87510348,26.32848102,30.8202282,490.3254424,0,65.69,3.24
2014,211,25.53883583,26.59905969,31.70236194,489.956638,0,66.63,3.09
2014,212,27.87675874,27.6460815,35.02397664,533.2911543,0,46.27,4.51
2014,213,26.64835857,27.057867,32.41024704,505.2620203,0,45.94,3.81
2014,214,26.04406494,27.70490295,31.89839166,513.9289236,0,50.1,2.22
2014,215,25.4199584,25.9990809,31.89839166,490.5098446,0,60.66,2.36
2014,216,25.39023904,26.56376682,32.00729706,505.2620203,0,66.28,2.33
2014,217,24.35006147,25.22263776,30.51529308,489.4034314,0,72.36,2.62
2014,218,24.9147293,26.65788114,30.06878094,489.956638,0,66.8,1.86
2014,219,25.97471977,26.88140265,32.93299296,486.8218006,0,61.43,1.64
2014,220,26.22238109,27.57549576,32.63894838,453.4450029,0,57.11,1.92
2014,221,27.9064781,28.06959594,35.2308969,475.02006,0,50.86,3.3
2014,222,27.60928451,27.72843153,34.45766856,502.8647918,0.02809125,50.17,2.52
2014,223,25.39023904,27.21080277,31.48455114,481.6585391,0.0561825,73.93,2.78
2014,224,27.68853614,28.24606029,35.14377258,490.5098446,0,56.45,3.51
2014,225,25.81621652,28.234296,31.51722276,412.1389107,0,71.87,5.31
2014,226,25.31098742,27.94018875,31.1469444,421.5434228,0,75.27,3.12
2014,227,24.89491639,27.51667431,30.44994984,378.0245043,0.0561825,75.52,4.88
2014,228,24.52837763,26.48141679,29.98165662,437.2176096,0.02809125,71.09,5.95
2014,229,24.02314853,25.30498779,29.82918906,392.77668,0,72.55,3.58
2014,230,24.67697442,24.92853051,31.038039,455.2890249,0,69.35,3.05
2014,231,25.50911648,25.25793063,32.41024704,493.4602797,0,58.26,2.36
2014,232,25.33080032,26.79905262,31.50633222,476.1264732,0,59.98,2.64
2014,233,25.68743263,26.37553818,32.70429162,456.9486447,0,60.48,2.8
2014,234,25.15248417,27.15198132,30.56974578,437.9552184,0,68.07,3.88
2014,235,24.99398092,26.83434549,31.13605386,443.4872843,0,74.64,3.71
2014,236,25.74687135,26.44612392,31.92017274,465.6155479,0,63.16,1.95
2014,237,27.92629101,28.26958887,35.4487077,464.1403304,0,50.17,2.65
2014,238,28.2432975,28.74016047,35.73186174,457.1330469,0,52.15,2.16
2014,239,26.03415848,26.95198839,32.30134164,449.0193502,0,71.04,2.14
2014,240,26.02425203,27.66961008,32.73696324,353.6834142,0,64.07,2.47
2014,241,25.22182934,27.22256706,31.37564574,374.7052647,0,75.97,3.41
2014,242,24.96426156,27.43432428,30.61330794,398.1243438,0,75.42,3.27
2014,243,25.15248417,26.71670259,31.04892954,426.3378799,0,71.79,2.57
2014,244,27.39134255,28.32841032,34.29431046,418.5929876,0,56.81,2.04
2014,245,27.61919096,27.82254585,35.65562796,424.493858,0,67.37,2.48
2014,246,26.99508443,28.17547455,33.95670372,430.3947283,0,63.93,2.76
2014,247,26.27191336,27.9990102,32.75874432,421.9122272,0,67.79,2.38
2014,248,26.47994887,27.57549576,32.96566458,421.5434228,0,64.11,2.71
2014,249,27.33190383,27.71666724,34.53390234,406.2380404,0,54.43,3.42
2014,250,26.11341011,27.50491002,31.9637349,367.6979812,0,59.2,2.44
2014,251,25.36051968,27.14021703,31.10338224,384.8473856,0,71.26,2.1
2014,252,25.88556169,26.77552404,32.37757542,399.7839635,0,63.44,3.31
2014,253,27.21302639,26.99904555,34.10917128,419.3305964,0,49.32,3.87
2014,254,26.80686182,27.71666724,34.13095236,417.6709767,0,52.39,3.76
2014,255,26.61863921,27.63431721,33.84779832,396.2803218,0,58.93,3.03
2014,256,26.88611344,26.91669552,34.10917128,415.6425525,0,47.31,4
2014,257,25.42986485,26.63435256,32.3993565,356.6338494,0,51.13,3.42
2014,258,24.81566477,25.18734489,31.89839166,166.6995863,1.99447875,64.45,2.66
2014,259,25.16239062,27.04610271,31.08160116,340.9596626,0.0561825,55.58,4.82
2014,260,24.449126,25.61085933,30.47173092,332.8459659,0,60.89,2.71
2014,261,24.51847118,25.54027359,30.6568701,283.0573727,0,56.38,2.84
2014,262,25.29117451,26.62258827,31.62612816,246.7301399,0,54.03,2.22
2014,263,24.18165177,27.12845274,29.2955526,260.1915002,0.64609875,64.45,1.75
2014,264,24.16183887,25.77555939,30.03610932,274.021665,6.03961875,65.17,2.87
2014,265,23.02259677,22.95212979,28.97972694,323.6258561,7.528455,58.31,3.42
2014,266,23.17119357,23.49328713,29.33911476,328.0515088,2.134935,60.81,2.75
2014,267,22.03195147,24.4697232,26.03928114,229.5807355,1.37647125,77.23,3.59
2014,268,22.47774186,24.66971613,27.1718973,263.8795442,2.809125,75.41,5.68
2014,269,22.14092246,25.06970199,25.65811224,82.42778215,3.6518625,78.89,6.42
2014,270,21.37812557,23.4109371,25.45119198,191.2250785,2.38775625,76.33,2.99
2014,271,22.15082891,24.28149456,27.0085392,169.8344236,10.47803625,79.92,2.85
2014,272,22.03195147,24.06973734,26.54024598,281.5821551,13.4276175,80.88,4.48
2014,273,22.31923861,24.8226519,26.76894732,199.7075796,14.86027125,83.45,6.16
2014,274,22.09139019,25.19910918,25.7561271,188.8278499,3.033855,85.56,5.85
2014,275,21.80410305,23.55210858,27.21545946,307.9516693,0.64609875,78.24,3.28
2014,276,21.92298049,23.04624411,27.6619716,296.1499287,1.2921975,70.91,2.16
2014,277,22.77493545,24.16385166,28.57677696,291.3554716,0,67.78,1.86
2014,278,21.88335468,23.85798012,27.5530662,299.6535705,0,73.03,2.78
2014,279,21.77438369,21.72864363,28.45698102,343.172489,0,60.53,2.49
2014,280,22.10129664,23.04624411,28.57677696,330.8175418,0,63.56,2.48
2014,281,22.43811605,22.34038671,29.46980124,331.001944,0,63.83,3.21
2014,282,22.74521609,23.11682985,29.52425394,260.1915002,0.02809125,63.37,3.2
2014,283,21.4573772,22.98742266,26.71449462,139.9612677,5.19688125,72.56,3.15
2014,284,20.53607707,20.8227933,25.69078386,215.9349729,10.8432225,75.04,5.07
2014,285,19.14917365,19.21108557,25.11358524,290.4334606,0.2809125,67.01,4.79
2014,286,18.23777997,19.03462122,23.70870558,261.1135112,21.43362375,67.48,3.88
2014,287,19.24823818,17.51702781,26.37688788,264.9859574,0,67.29,2.93
2014,288,20.971961,21.14042913,27.40059864,313.4837352,0,76.03,2.53
2014,289,21.83382241,22.34038671,28.1520459,301.8663968,0,67.82,1.38
2014,290,21.95269985,23.57563716,28.0431405,282.3197639,0,70.11,2.31
2014,291,21.93288694,23.43446568,28.59855804,287.6674276,0,72.55,4.44
2014,292,22.24989344,23.21094417,28.54410534,284.7169925,0,70.62,3.82
2014,293,24.07268079,23.9991516,31.28852142,283.4261771,0,51.16,1.6
2014,294,22.43811605,21.89334369,28.8054783,283.0573727,0,61.02,3.7
2014,295,19.89215762,19.8816501,25.87592304,286.7454166,0,67.08,2.57
2014,296,21.17999651,22.45802961,27.36792702,292.4618848,0,51.79,2.02
2014,297,20.94224164,21.89334369,26.80161894,265.539164,0,54.25,3.49
2014,298,21.16018361,22.51685106,26.91052434,254.1062277,0,62.28,3.99
2014,299,20.57570288,21.26983632,26.64915138,259.6382937,0,70.38,3.86
2014,300,19.10954784,19.66989288,24.40570014,238.0632366,0,82.06,3.33
2014,301,19.02038976,19.59930714,24.6126204,259.8226959,0,81.48,3.56
2014,302,19.01048331,19.16402841,25.1571474,269.2272079,0,82.49,4.03
2014,303,19.00057685,20.55221463,23.99185962,244.7017157,0,80.84,4.15
2014,304,18.72319617,20.09340732,23.92651638,236.4036168,0,82.48,2.76
2014,305,18.39628322,19.84635723,23.26219344,226.9991048,0,75.8,2.23
2014,306,19.18879946,19.59930714,24.37302852,236.2192146,0.0561825,66.78,3.98
2014,307,16.49424425,14.95241259,20.692026,125.7622985,24.3270225,70.19,6.82
2014,308,14.67145689,13.36423344,20.92072734,249.680575,0.0561825,58.79,3.91
2014,309,15.67200865,14.37596238,21.8355327,244.8861179,0,55.11,3.21
2014,310,17.50470245,15.58768425,24.81954066,236.588019,0.112365,67.27,3.02
2014,311,17.87124121,18.29347095,24.11165556,175.9196961,0.75846375,70.83,2.88
2014,312,16.04845386,15.69356286,21.32367732,146.5997468,1.011285,63.49,3.83
2014,313,14.17613424,13.30541199,19.35248958,242.1200849,0,60.78,2.96
2014,314,15.03799565,15.89355579,19.2218031,129.2659402,10.674675,78.89,5.22
2014,315,16.88059591,16.89352044,23.20774074,184.5865994,0.14045625,74.72,3.79
2014,316,17.30657339,17.38762062,23.32753668,175.5508917,0.02809125,80.11,3.3
2014,317,17.31647984,18.25817808,22.36916916,131.4787666,1.8540225,87.04,5.57
2014,318,16.12770548,15.61121283,22.15135836,223.1266586,0.337095,64.98,3.34
2014,319,15.73144736,15.14064123,21.09497598,223.3110608,0,62.07,2.46
2014,320,14.46342138,12.59955459,21.47614488,213.9065488,0,64.98,1.8
2014,321,14.63183108,13.89362649,20.04948414,214.2753531,0,70.26,1.88
2014,322,15.44416023,15.57591996,20.94250842,217.7789949,0,72.85,2.55
2014,323,16.19705066,15.95237724,21.41080164,129.4503424,0,87.1,5.7
2014,324,16.26639583,17.63467071,20.01681252,97.54876232,0,88.44,3.43
2014,325,17.09853788,17.44644207,22.44540294,102.3432194,0.02809125,77,2.71
2014,326,17.89105412,18.92874261,22.2711543,112.1165359,0,75.56,3.39
2014,327,16.89050237,17.92877796,21.92265702,160.6143138,0,86.62,3.31
2014,328,16.48433779,16.72882038,21.92265702,167.2527929,1.7416575,83.79,2.68
2014,329,15.74135382,16.15237017,20.99696112,164.4867599,2.05066125,80.54,2.83
2014,330,15.08752792,16.27001307,18.70994772,125.3934941,1.011285,81.66,3.41
2014,331,15.07762147,17.38762062,17.22883428,44.80973392,13.146705,82.38,5.01
2014,332,14.91911822,15.63474141,18.2416545,152.5006171,11.573595,86.76,1.81
2014,333,14.89930531,14.99946975,19.9841409,88.88185905,8.00600625,74.07,3.69
2014,334,16.31592809,16.89352044,22.56519888,173.1536632,0.3932775,71.78,2.74
2014,335,14.09688262,13.31717628,19.64653416,196.0195356,0.25282125,63.45,3.61
2014,336,13.78978258,14.97594117,18.16542072,163.9335533,2.66866875,70.39,1.38
2014,337,13.46286963,12.49367598,18.86241528,156.3730632,12.0792375,67.96,3.6
2014,338,13.12605023,11.96428293,18.87330582,182.5581752,0.19663875,63.46,2.56
2014,339,11.98680813,11.04666831,17.94760992,200.076384,0,59.07,3.17
2014,340,11.30326287,9.28202481,17.54465994,203.7644279,0,57.81,3.39
2014,341,12.15521783,10.8231468,19.03666392,200.076384,0,59.78,2.69
2014,342,12.27409527,10.99961115,18.23076396,140.3300721,0,59.24,4.99
2014,343,10.61971762,8.49381738,16.73875998,198.4167642,0,58.59,2.95
2014,344,12.81895018,11.32901127,19.1128977,191.0406763,0,62.49,2.03
2014,345,13.09633087,13.34070486,18.16542072,195.2819268,0,64.7,2.37
2014,346,13.72043741,14.36419809,18.68816664,152.5006171,0.02809125,83.22,3.81
2014,347,12.14531138,13.25835483,14.20126416,33.1923955,22.72582125,82.51,2.78
2014,348,11.76886616,12.27015447,15.82395462,61.77473606,7.528455,73.36,3.32
2014,349,12.67035339,11.15254692,18.99310176,148.2593665,0.0561825,69.24,2.59
2014,350,12.62082112,10.8231468,18.7317288,191.0406763,0,67.63,3.22
2014,351,13.97800518,13.02306903,20.50688682,188.8278499,0,72.49,2.2
2014,352,14.62192463,15.48180564,20.10393684,190.3030675,0,72.7,2.15
2014,353,13.72043741,12.85836897,18.77529096,188.6434477,0,77.85,2.52
2014,354,12.15521783,11.78781858,16.85855592,160.6143138,0,82.49,2.83
2014,355,12.45241142,13.55246208,16.09621812,129.8191468,0,87.01,3.91
2014,356,12.02643394,12.04663296,15.97642218,132.0319732,0,84.26,2.99
2014,357,12.0363404,11.54076849,17.02191402,167.8059995,0,74.67,1.96
2014,358,12.12549847,12.65837604,16.40115324,156.188661,0,74.58,1.48
2014,359,11.7193339,10.49374668,17.41397346,190.4874697,0,72.98,2.08
2014,360,12.78923082,11.34077556,19.72276794,182.9269796,0,71.1,2.92
2014,361,12.13540493,10.63491816,18.7317288,172.969261,1.1798325,71.38,3.78
2014,362,8.529456033,6.83505249,12.58946424,189.0122521,0.5056425,61.74,6.2
2014,363,9.222907743,7.90560288,14.22304524,198.9699708,0,43.79,2.21
2014,364,10.50084018,7.39973841,17.969391,203.3956235,0,46.52,2.88
2014,365,10.71878215,9.91729647,15.33388032,171.125239,0,65.93,3.54
2015,1,11.2339177,10.99961115,16.0090938,198.4167642,0,73.13,1.33
2015,2,12.42269206,11.54076849,18.30699774,203.3956235,0,62.69,2.01
2015,3,13.74025031,12.84660468,20.88805572,206.1616565,0,60.76,1.85
2015,4,12.29390817,12.38779737,17.67534642,192.7002961,0,71.62,1.76
2015,5,12.12549847,10.45845381,18.08918694,182.5581752,0,66.31,1.91
2015,6,11.24382416,10.99961115,15.10517898,157.6638786,0,77.69,2.66
2015,7,11.68961454,11.62311852,16.09621812,191.2250785,0,80.68,2.93
2015,8,11.26363706,10.25846088,15.85662624,204.1332323,0,67.88,2.64
2015,9,12.82885664,11.98781151,19.89701658,215.1973641,0,56.11,2.51
2015,10,13.71053095,12.49367598,21.42169218,200.8139928,0,59.14,2.36
2015,11,12.51185014,12.34074021,16.67341674,158.5858896,0,85.14,4
2015,12,12.88829535,12.78778323,18.16542072,167.4371951,0,74,2.02
2015,13,13.72043741,13.91715507,18.49213692,172.6004566,0,70.02,1.3
2015,14,14.09688262,13.84656933,20.12571792,198.6011664,0,73.1,3.05
2015,15,12.12549847,9.57613206,17.06547618,130.1879512,3.00576375,65.54,4.57
2015,16,9.965891718,7.77619569,15.31209924,223.1266586,0.2809125,60.13,2.77
2015,17,10.91691121,10.65844674,14.2121547,126.1311029,6.29244,69.61,3.58
2015,18,9.530007786,9.18791049,13.58050338,91.09468542,27.05187375,78.73,4.47
2015,19,9.01487223,5.97625932,14.5933236,173.3380654,5.47779375,61.34,2.53
2015,20,9.539914239,8.77616034,14.5388709,203.7644279,16.742385,64.5,3.18
2015,21,9.391317444,7.51738131,14.39729388,184.217795,0.8427375,65.43,5.17
2015,22,9.847014282,8.12912439,16.07443704,232.7155729,0,59.67,4.46
2015,23,9.549820692,6.88210965,15.43189518,230.1339421,0,55.59,3.02
2015,24,11.18438544,9.01144614,17.25061536,232.5311707,0,52.19,3.62
2015,25,10.69896924,9.11732475,16.53183972,233.4531817,0,59.1,2.63
2015,26,12.27409527,10.57609671,18.1872018,227.7367135,0,62.13,1.88
2015,27,12.28400172,10.31728233,19.03666392,242.3044871,0,65.09,2.95
2015,28,13.26474057,9.89376789,20.45243412,223.6798652,0,68.39,3.89
2015,29,16.36546036,16.9405776,21.17120976,205.4240477,1.011285,67.98,8.29
2015,30,14.93893112,12.44661882,19.602972,198.0479598,3.5394975,58.71,9.21
2015,31,9.70832394,8.5879317,14.72401008,256.6878585,0,54.35,5.45
2015,32,10.11448851,7.45855986,16.35759108,222.0202454,0.42136875,62.84,4.03
2015,33,12.2047501,10.81138251,17.95850046,221.651441,1.26410625,66.1,5.44
2015,34,9.747949752,7.59973134,13.54783176,244.5173135,1.460745,54.82,7.07
2015,35,7.637875263,5.75273781,13.3409115,257.7942717,0,52.14,6.35
2015,36,8.479923768,6.32918802,13.76564256,256.6878585,0.02809125,49.86,2.51
2015,37,7.806284964,6.77623104,11.06478864,165.2243687,6.51717,66.74,3.24
2015,38,8.232262443,7.49385273,11.26081836,254.8438365,13.28716125,74.52,3.19
2015,39,9.351691632,6.95269539,14.17948308,169.6500214,0.337095,74.73,5.37
2015,40,10.7286886,10.90549683,13.9398912,138.8548545,0.81464625,76.76,5.77
2015,41,11.07541445,9.57613206,16.2813573,207.8212762,0.0561825,82.25,4.64
2015,42,10.52065309,11.34077556,13.76564256,72.83886789,19.1582325,85.75,4.57
2015,43,11.92736941,10.65844674,17.57733156,249.3117706,0.0561825,74.74,2.7
2015,44,12.60100822,9.98788221,19.09111662,223.1266586,0.19663875,71.74,3.05
2015,45,13.59165352,12.4701474,19.79900172,251.3401948,1.1798325,72.52,4.19
2015,46,13.60155997,12.01134009,20.0385936,258.1630761,0.14045625,70.92,3.08
2015,47,11.67970809,11.37606843,14.95271142,113.0385469,58.79498625,81.09,7.86
2015,48,11.8877436,12.77601894,14.8655871,120.4146348,7.528455,80.16,8.77
2015,49,11.3825145,11.74076142,14.73490062,212.9845378,1.71356625,77.04,7.53
2015,50,10.62962407,10.85843967,13.80920472,169.6500214,7.55654625,86.03,4.8
2015,51,11.92736941,10.08199653,17.93671938,185.5086104,0.42136875,71.25,3.36
2015,52,11.91746296,8.54087454,18.70994772,316.4341704,0.02809125,59.97,2.42
2015,53,13.76996967,11.14078263,21.16031922,259.6382937,0.02809125,69.61,2.07
2015,54,12.3731598,10.1172894,18.21987342,328.0515088,0.02809125,59.81,3.06
2015,55,12.3929727,9.85847502,17.62089372,187.3526324,0,58.64,4.36
2015,56,15.0280892,13.0583619,22.07512458,291.1710694,0,63.12,3.41
2015,57,14.78042788,12.99954045,21.48703542,296.3343309,0,67.44,2.18
2015,58,13.57184061,13.7642193,18.30699774,316.065366,0,66.87,2.46
2015,59,15.06771501,14.12891229,20.97518004,298.1783529,0,69.69,2.69
2015,60,16.13761194,14.89359114,22.325607,328.235911,0,68.85,2.56
2015,61,16.43480553,15.54062709,22.870134,306.1076474,0,73.03,1.36
2015,62,15.29556343,14.18773374,22.60876104,250.9713904,0,76.4,1.91
2015,63,11.34288869,9.77612499,16.32491946,376.5492867,0,52.09,4.79
2015,64,11.27354351,10.1172894,16.19423298,375.0740691,0,50.65,1.72
2015,65,11.95708877,10.21140372,17.35952076,378.2089065,0,53.27,1.76
2015,66,12.73969856,12.36426879,16.880337,286.5610144,0,64.32,2.67
2015,67,12.224563,11.48194704,17.424864,336.5340099,0,72.25,2.1
2015,68,13.62137288,13.28188341,18.97132068,366.4071658,0,68.71,1.51
2015,69,16.15742484,13.62304782,23.87206368,383.5565702,0,56.97,1.87
2015,70,17.18769596,16.36412739,23.92651638,378.0245043,0,55.36,2.12
2015,71,14.28510523,14.03479797,18.86241528,316.987377,0.02809125,70.05,3.52
2015,72,11.47167257,11.95251864,14.34284118,167.0683907,0.64609875,83.89,3.51
2015,73,11.52120484,11.35253985,15.36655194,281.3977529,0.02809125,70.42,2.7
2015,74,11.77877262,11.36430414,16.13978028,326.0230846,0.02809125,69.84,2.61
2015,75,11.51129839,10.81138251,15.67148706,307.3984627,18.90541125,72.9,5.14
2015,76,11.68961454,10.4702181,16.6625262,102.1588172,18.56831625,79.34,6.08
2015,77,13.03689215,12.3525045,17.1526005,90.91028322,1.2921975,83.67,8.13
2015,78,13.68081159,14.36419809,17.38130184,128.3439293,8.56783125,87.08,6.24
2015,79,13.33408574,13.61128353,17.51198832,296.5187331,1.7416575,79.35,2.96
2015,80,12.76941792,13.18776909,16.27046676,297.2563419,1.79784,81.32,1.79
2015,81,12.52175659,12.48191169,15.74772084,229.3963333,5.61825,87.32,2.42
2015,82,12.61091467,13.16424051,17.01102348,190.1186653,18.17503875,75.23,3.88
2015,83,11.28344997,8.88203895,16.73875998,285.6390035,12.472515,62.48,4.38
2015,84,12.19484364,7.71737424,18.64460448,356.4494472,0,55.17,2.86
2015,85,16.21686356,13.58775495,23.05527318,422.649836,0,67.56,2.72
2015,86,17.43535728,16.83469899,23.5235664,435.742392,0,62.06,2.74
2015,87,18.70338326,17.61114213,25.90859466,412.3233129,0,59.61,1.56
2015,88,19.87234472,18.03465657,27.24813108,362.9035241,0,52.4,1.77
2015,89,19.18879946,20.18752164,24.13343664,442.0120667,0,57.21,2.35
2015,90,16.53387006,15.42298419,21.02963274,430.7635327,0,71.06,4.26
2015,91,14.16622779,13.8818622,19.08022608,401.9967899,0,79.26,3.88
2015,92,14.98846339,14.9406483,20.32174764,384.294179,0,74.32,2.29
2015,93,14.53276655,14.14067658,19.21091256,383.5565702,0,75.87,3.65
2015,94,14.22566651,13.34070486,20.49599628,426.7066843,0,76.1,3.08
2015,95,13.46286963,13.89362649,17.6426748,225.339485,2.10684375,76.74,7.2
2015,96,13.14586313,13.28188341,16.92389916,154.7134435,1.26410625,72.54,8.17
2015,97,12.98735988,12.95248329,16.9347897,305.0012342,1.54501875,68.31,8.45
2015,98,13.2152083,11.8819329,18.64460448,164.8555643,3.37095,74.38,5.82
2015,99,13.37371155,12.31721163,18.59015178,367.513579,0,75.93,3.67
2015,100,13.5520277,14.21126232,17.67534642,150.6565951,11.798325,82.82,2
2015,101,14.50304719,13.84656933,19.2762558,333.9523791,4.606965,79.41,7.18
2015,102,15.88004416,16.04649156,21.46525434,334.5055857,0.112365,73.79,7.45
2015,103,16.60321523,16.9405776,21.236553,371.3860252,0.0561825,65.8,8.22
2015,104,15.70172801,15.89355579,20.38709088,107.506481,36.49053375,81.2,2.73
2015,105,16.66265395,15.293577,22.60876104,411.0324976,1.34838,74.67,3.01
2015,106,16.99947335,16.98763476,22.00978134,431.5011414,0,67.61,1.8
2015,107,17.02919271,17.61114213,22.71766644,421.9122272,2.02257,67.25,2.69
2015,108,16.02864095,14.87006256,21.58505028,449.3881546,3.2024025,66.57,2.43
2015,109,15.88995061,14.95241259,21.21477192,475.7576688,0.0561825,71.98,4.29
2015,110,15.44416023,15.74062002,20.56133952,382.0813526,0.0561825,77.79,6.86
2015,111,16.14751839,16.22295591,22.2711543,378.5777109,0.3932775,79.49,3.32
2015,112,16.78153138,15.34063416,22.93547724,433.7139678,0.02809125,73.3,1.51
2015,113,16.59330878,16.72882038,21.58505028,344.6477066,0.02809125,76.32,2.19
2015,114,18.01983801,16.51706316,23.77404882,347.0449351,0,65.56,2.25
2015,115,18.61422519,18.03465657,24.31857582,361.2439043,1.93829625,66.04,4.98
2015,116,17.68301861,16.15237017,24.2859042,445.3313062,0.44946,62.54,3.67
2015,117,17.3461992,16.28177736,22.78300968,496.0419105,0,63,1.96
2015,118,18.49534775,17.23468485,25.41852036,493.4602797,0.02809125,68.14,2.35
2015,119,18.38637677,19.08167838,23.3602083,460.2678842,0.02809125,66.54,2.42
2015,120,20.50635771,19.09344267,27.19367838,425.9690755,0,59.81,2.08
2015,121,22.16073536,22.39920816,28.859931,477.6016907,0,51.56,1.76
2015,122,23.66651622,22.68155112,30.83111874,456.3954381,0,45.37,1.85
2015,123,22.79474835,22.77566544,29.41534854,320.1222143,0,45.71,2.55
2015,124,21.42765784,22.29332955,27.54217566,334.8743901,0,55.89,2.68
2015,125,19.83271891,19.72871433,25.4838636,513.7445214,0,53.71,2.29
2015,126,19.44636724,18.5875782,25.49475414,518.7233807,0,63.22,2.83
2015,127,21.64559981,19.69342146,29.4589107,548.2277323,0,56.09,2.46
2015,128,21.4573772,21.8815794,26.91052434,525.3618598,0,57.07,2.73
2015,129,20.68467386,20.96396478,26.93230542,507.2904445,0,59.77,5.27
2015,130,21.33849976,21.37571493,28.43519994,524.8086532,0,50.49,5.33
2015,131,20.93233519,20.4698646,27.95601618,537.5324048,0,51.68,2.65
2015,132,23.63679686,22.66978683,31.10338224,499.1767478,0,43.03,1.37
2015,133,26.66817148,27.35197425,33.02011728,468.9347875,0,33.43,2.62
2015,134,19.86243827,19.37578563,25.4838636,528.6810994,0,62.01,4.1
2015,135,18.47553485,18.95227119,24.1225461,561.1358861,0,62.8,3.12
2015,136,19.42655433,18.89344974,25.56009738,552.4689828,0,54.85,2.94
2015,137,19.54543177,18.75227826,25.6472217,519.6453917,0.02809125,63.72,3.96
2015,138,21.38803203,21.01102194,28.33718508,476.1264732,0.112365,64.69,3.69
2015,139,18.03965091,18.86992116,22.61965158,309.4268869,1.0674675,67.22,5.63
2015,140,17.3263863,18.08171373,21.73751784,440.9056535,0.02809125,68.2,3.8
2015,141,17.23722822,17.72878503,21.73751784,420.9902162,0,66.86,4.05
2015,142,17.79198959,17.26997772,22.98992994,502.4959874,0.02809125,60.91,4.02
2015,143,17.29666694,18.28170666,20.49599628,255.7658475,1.0674675,68.67,4.75
2015,144,17.6632057,18.30523524,23.02260156,365.1163505,4.94406,71.3,4.49
2015,145,19.83271891,19.79930007,25.51653522,510.609684,0,63.53,3.88
2015,146,19.57515113,19.999293,24.85221228,533.6599587,0,68.01,2.79
2015,147,19.79309309,19.11697125,25.50564468,542.5112642,0.0561825,65.21,4.92
2015,148,21.3087804,20.5875075,27.9342351,358.8466758,0.2809125,60.57,3.81
2015,149,21.21962233,21.62276502,26.137296,443.3028821,0.14045625,65.22,1.86
2015,150,21.90316758,22.36391529,27.29169324,456.0266337,0.2809125,62.18,1.51
2015,151,21.57625463,22.71684399,26.34421626,498.8079434,0.22473,66.4,1.91
2015,152,21.57625463,20.90514333,27.50950404,548.7809389,0.02809125,65.58,3.14
2015,153,22.12110955,21.6462936,28.5332148,566.667952,0,56.29,4.73
2015,154,21.83382241,21.61100073,27.770877,547.6745257,0,57,4.47
2015,155,21.97251275,21.56394357,28.02135942,555.419418,0,60.41,3.69
2015,156,22.6164322,22.76390115,28.59855804,521.3050115,0.0561825,55.6,4.23
2015,157,22.59661929,22.54037964,28.52232426,572.0156157,0,51.68,4.05
2015,158,22.98297096,23.15212272,28.76191614,534.5819697,0,53.56,3.94
2015,159,23.36932263,24.24620169,29.08863234,441.8276645,0,55.2,2.59
2015,160,22.70559028,22.86977976,28.40252832,527.390284,0.112365,64.98,2.27
2015,161,21.48709656,23.77563009,26.00660952,230.3183443,9.551025,70.12,3.48
2015,162,22.96315805,23.63445861,28.52232426,501.5739764,0.0561825,58.9,3.77
2015,163,22.87399998,23.08153698,28.859931,510.9784884,0,49.05,5.54
2015,164,20.94224164,21.18748629,25.7016744,420.9902162,0.25282125,54.18,4.12
2015,165,21.66541271,21.04631481,27.0085392,460.4522864,0.19663875,56.36,3.67
2015,166,21.36821912,22.59920109,26.39866896,502.127183,0.25282125,57.64,2.04
2015,167,21.55644173,22.14039378,27.05210136,548.5965367,0,60.92,2.66
2015,168,21.65550626,21.91687227,27.12833514,552.8377872,0.02809125,67.1,4.4
2015,169,22.81456126,22.69331541,28.82725938,571.0936047,0,59.02,2.45
2015,170,22.63624511,22.62272967,28.82725938,561.1358861,0,63.91,2.88
2015,171,23.55754523,23.23447275,30.40638768,550.809363,0,59.38,4
2015,172,25.42986485,25.09323057,32.51915244,526.8370774,0,50.39,2.74
2015,173,25.9053746,25.10499486,33.2705997,495.4887039,0,51.37,2.62
2015,174,24.01324207,24.96382338,29.53514448,519.0921851,0.02809125,62.09,3.44
2015,175,23.11175485,23.56387287,28.55499588,552.4689828,0.02809125,64.53,3.05
2015,176,24.63734861,25.24616634,30.0578904,556.341429,0,54.15,1.98
2015,177,26.56910695,27.28138851,32.66072946,553.2065916,0,45.15,2.08
2015,178,28.51077173,30.12834669,34.32698208,550.9937652,0,38.56,1.44
2015,179,27.27246511,27.79901727,33.89136048,532.3691433,0.02809125,50.84,3.95
2015,180,26.64835857,28.42252464,32.43202812,532.0003389,0,53.45,4.67
2015,181,26.4106037,28.19900313,32.4538092,508.0280533,0,57.38,4.12
2015,182,26.13322301,28.44605322,32.74785378,430.0259239,0,61.86,1.69
2015,183,26.05397139,27.32844567,31.40831736,482.0273435,0,67.97,3.85
2015,184,26.82667472,28.234296,33.41217672,532.1847411,0,55.48,4.4
2015,185,27.79750712,28.39899606,35.26356852,525.7306642,0,52.78,3.63
2015,186,28.62964917,29.91658947,35.19822528,532.9223499,0.02809125,45.64,3.99
2015,187,29.84814289,30.63421116,36.98427384,541.5892532,0,38.77,2.14
2015,188,29.77879772,29.82247515,38.10599946,522.5958269,0,48.23,2.16
2015,189,26.01434558,27.84607443,31.98551598,515.4041412,0,73.3,3.97
2015,190,25.4199584,26.37553818,31.65879978,520.1985983,0,72.8,2.63
2015,191,26.62854566,27.9990102,33.17258484,525.7306642,0,65.54,2.52
2015,192,25.83602942,27.66961008,32.35579434,532.7379477,0,68.62,2.35
2015,193,25.93509395,27.65784579,31.49544168,524.2554466,0,71.49,1.99
2015,194,26.47004242,28.05783165,32.20332678,531.6315345,0,67.63,2
2015,195,26.78704891,27.86960301,32.85675918,512.6381082,0,65.12,2.49
2015,196,26.90592635,27.79901727,33.42306726,517.9857719,0,65.51,3.5
2015,197,26.68798438,28.234296,32.7260727,468.1971787,0.08427375,65.6,3.8
2015,198,27.22293284,28.83427479,33.44484834,493.8290841,0.0561825,61.09,2.89
2015,199,27.53993934,28.9401534,34.59924558,481.2897347,0.02809125,64.2,2.21
2015,200,27.64891032,29.22249636,34.00026588,510.4252818,0,62.52,1.79
2015,201,27.80741357,29.06956059,34.22896722,524.4398488,0,63.83,2.42
2015,202,28.45133302,29.30484639,35.85165768,482.7649523,0.02809125,57.49,2.31
2015,203,27.46068772,28.5872247,33.68444022,496.0419105,0.14045625,67.03,2.8
2015,204,28.8971234,29.54013219,35.2308969,506.1840313,0.02809125,58.93,3.49
2015,205,28.62964917,30.37539678,35.1764442,513.0069126,0,58.42,3.09
2015,206,27.30218447,29.69306796,33.94581318,511.7160972,0,73.25,3.13
2015,207,29.57076221,29.410725,37.85551704,523.3334357,0,54.57,3.33
2015,208,27.53993934,29.75188941,33.35772402,495.1198995,0,73.69,3.11
2015,209,27.81732002,30.02246808,34.66458882,453.6294051,0.02809125,64.7,2.18
2015,210,27.61919096,29.83423944,33.6517686,413.7985305,1.6292925,73.33,2.95
2015,211,27.05452314,29.50483932,33.17258484,333.0303681,0.30900375,73.91,3.28
2015,212,26.84648763,28.63428186,33.62998752,437.0332074,0.0561825,68.9,3.6
2015,213,26.63845212,29.48131074,32.4538092,430.0259239,0.08427375,75.16,5.49
2015,214,27.05452314,28.56369612,32.64983892,447.5441326,0.02809125,64.9,4.32
2015,215,27.74797485,29.68130367,33.45573888,456.7642425,1.09555875,57.42,1.98
2015,216,26.8960199,28.01077449,33.20525646,454.3670139,2.809125,72.4,2.43
2015,217,26.48985532,29.55189648,31.33208358,336.1652055,7.1351775,80.54,1.65
2015,218,28.12442007,30.17540385,33.4884105,323.6258561,3.4271325,70.03,2.5
2015,219,28.57021045,30.61068258,34.75171314,315.143355,1.43265375,59.98,3.76
2015,220,27.11396186,29.79894657,32.38846596,328.6047154,0.92701125,73.96,4.31
2015,221,28.86740404,29.69306796,35.90611038,363.6411329,0.6180075,65,2.83
2015,222,28.06498135,30.61068258,34.51212126,299.4691683,0.70228125,71.87,2.06
2015,223,28.40180075,30.01070379,34.61013612,451.4165787,0.0561825,65.92,2.4
2015,224,30.49206233,31.19889708,38.92278996,463.4027216,0.0561825,44.61,2.86
2015,225,27.41115545,27.83431014,34.305201,498.6235412,0,38.31,3.39
2015,226,27.03471024,28.21076742,34.15273344,421.3590206,0.22473,47.71,2.73
2015,227,25.69733908,27.75196011,30.64597956,430.5791305,0.98319375,70.08,3.36
2015,228,26.7474231,28.42252464,33.29238078,465.2467435,0.02809125,64.04,3.25
2015,229,25.62799391,27.98724591,31.22317818,452.7073941,0.02809125,71.69,2.47
2015,230,26.12331656,28.55193183,31.64790924,377.1024933,0.47755125,73.07,3.17
2015,231,26.46013596,28.95191769,31.89839166,454.1826117,0.02809125,69.88,4.69
2015,232,26.63845212,28.50487467,32.95477404,435.3735876,0.2809125,66.92,4.76
2015,233,26.13322301,26.90493123,31.81126734,453.4450029,0.8427375,66.18,3.99
2015,234,27.63900387,28.31664603,34.18540506,446.4377194,0,48.53,4.35
2015,235,25.79640361,26.42259534,32.22510786,469.3035919,0,50.37,2.87
2015,236,24.88500994,26.63435256,30.14501472,465.6155479,0,63.8,3.06
2015,237,24.65716152,25.96378803,30.7657755,441.6432623,0.112365,73.26,3.54
2015,238,24.7661325,26.91669552,30.18857688,440.1680447,0.22473,71.72,2.03
2015,239,25.19210998,26.49318108,31.28852142,431.1323371,0.22473,74.89,3.77
2015,240,25.28126806,26.39906676,30.9835863,388.5354295,0.2809125,72.26,4.29
2015,241,25.52892938,28.41076035,31.2558498,388.3510273,0.561825,78.62,4.43
2015,242,25.44967776,27.54020289,30.74399442,308.3204737,0.5056425,78.22,2.18
2015,243,25.81621652,27.37550283,32.60627676,358.4778714,0.337095,74.51,2.56
2015,244,25.62799391,27.49314573,31.46277006,411.401302,0.0561825,67.33,2.75
2015,245,25.49921002,26.3520096,32.22510786,435.0047832,0,56.18,3.54
2015,246,25.15248417,25.46968785,31.50633222,325.2854759,0,56.59,2.94
2015,247,23.74576784,26.61082398,28.43519994,197.1259488,4.6631475,75.57,5.64
2015,248,23.11175485,25.46968785,27.9886878,109.3505029,25.98440625,78.53,5.32
2015,249,22.54708703,25.75203081,26.26798248,173.3380654,20.92798125,82.05,4.18
2015,250,22.50746122,24.50501607,28.17382698,358.4778714,12.83770125,74.93,2.66
2015,251,22.73530964,24.15208737,28.71835398,357.187056,0.08427375,70.51,2.04
2015,252,23.95380335,25.30498779,30.0578904,360.3218933,0,62.95,1.86
2015,253,24.19155823,26.19907383,29.74206474,359.7686867,0,63.77,1.58
2015,254,24.32034212,25.78732368,30.67865118,174.4444786,1.20792375,71.01,2.26
2015,255,24.69678733,25.78732368,31.82215788,344.8321088,0,63.32,3.7
2015,256,23.49810652,23.75210151,30.15590526,407.5288558,0,62.48,2.76
2015,257,23.78539365,23.54034429,30.40638768,404.3940185,0,59.27,4.24
2015,258,24.48875182,23.95209444,31.99640652,412.5077151,0,58.94,5.39
2015,259,23.40894844,24.55207323,29.57870664,402.7343987,0.2809125,64.37,3.57
2015,260,22.00223211,22.92860121,27.18278784,361.0595021,0,64.99,5.11
2015,261,22.15082891,23.8815087,27.32436486,281.9509595,0.14045625,75.19,5.65
2015,262,21.66541271,22.31685813,27.69464322,379.3153196,0,73.12,2.93
2015,263,24.03305498,24.18738024,30.64597956,339.6688472,0,63.67,2.49
2015,264,25.9053746,26.31671673,33.90225102,392.9610822,0,48.85,3.01
2015,265,22.71549673,23.83445154,29.11041342,385.0317878,0,58.91,3.62
2015,266,21.59606754,23.94033015,26.681823,338.5624341,0,72.74,2.78
2015,267,21.57625463,23.01095124,27.43327026,370.8328186,0,69.85,1.77
2015,268,21.53662882,22.49332248,27.16100676,329.157922,0.02809125,66.88,1.33
2015,269,21.3087804,23.34035136,26.4640122,297.9939507,1.03937625,72.93,2.82
2015,270,20.90261583,22.38744387,25.4838636,329.157922,5.14069875,75.56,5.21
2015,271,19.48599305,21.69335076,22.4345124,170.7564346,10.19712375,78.65,4.49
2015,272,20.23888348,20.84632188,25.95215682,288.7738408,1.4045625,71.85,2.54
2015,273,20.56579643,21.16395771,26.26798248,319.3846056,0.112365,71.48,1.95
2015,274,22.06167083,21.78746508,28.72924452,339.484445,0,62.72,2.69
2015,275,22.18054827,23.74033722,28.5876675,185.139806,0,68.03,2.01
2015,276,24.05286788,23.68151577,31.73503356,273.6528606,0,62.29,2.19
2015,277,25.28126806,26.79905262,31.84393896,179.7921423,1.48883625,61.63,2.87
2015,278,24.04296143,25.12852344,30.96180522,277.8941112,0.42136875,62.1,3.9
2015,279,21.44747075,22.92860121,26.45312166,266.2767728,0,67.31,2.45
2015,280,20.67476741,21.78746508,26.47490274,189.1966543,0.92701125,74.54,4.29
2015,281,19.92187698,21.14042913,25.17892848,278.2629156,1.7416575,74.16,3.89
2015,282,20.54598352,21.55217928,25.7561271,307.3984627,0.08427375,66.24,2.28
2015,283,21.88335468,21.74040792,28.5332148,262.2199244,0.19663875,62.99,4.19
2015,284,22.1112031,22.63449396,28.06492158,275.6812848,0.337095,65.63,3.85
2015,285,21.17999651,21.81099366,26.97586758,270.1492189,10.5061275,70.67,3.23
2015,286,19.9813157,20.71691469,25.35317712,248.758564,1.03937625,72.56,3.02
2015,287,20.11009959,21.98745801,25.27694334,296.5187331,0.3932775,78.28,1.99
2015,288,20.17944476,21.95216514,25.11358524,224.417474,0.0561825,80.62,2.91
2015,289,20.41719963,21.58747215,25.79968926,259.6382937,0.0561825,78.14,5.23
2015,290,20.55588998,21.84628653,25.71256494,262.5887288,18.96159375,76.55,3.72
2015,291,20.18935121,21.54041499,25.45119198,283.0573727,5.70252375,77.25,2.09
2015,292,19.67421566,21.9992223,23.99185962,104.9248502,84.610845,83.99,2.82
2015,293,19.03029621,20.17575735,25.07002308,220.5450279,8.3711925,72.14,3.17
2015,294,18.69347681,18.75227826,24.91755552,298.9159617,0.02809125,63.52,1.87
2015,295,19.04020267,20.55221463,24.00275016,266.6455772,0,67.82,1.57
2015,296,18.22787352,19.98752871,21.80286108,99.57718649,0.5056425,80.34,3.64
2015,297,18.10899608,20.16399306,22.03156242,81.87457556,9.9443025,83.86,3.72
2015,298,18.24768643,19.85812152,22.63054212,97.91756671,8.5959225,85.26,2.4
2015,299,19.60487049,20.37575028,25.18981902,233.4531817,1.76974875,78.71,4.52
2015,300,18.25759288,17.24644914,24.42748122,258.3474783,0,67.53,2.9
2015,301,17.8316154,17.71702074,23.22952182,260.0070981,0,66.43,1.82
2015,302,18.41609613,19.56401427,23.45822316,263.8795442,0,75.11,3.17
2015,303,18.23777997,19.25814273,22.88102454,223.495463,0,80.32,5
2015,304,18.74300908,20.51692176,22.41273132,152.8694215,16.292925,81.82,8.72
2015,305,17.06881852,17.69349216,20.8009314,79.1085426,11.1803175,75.82,4.28
2015,306,17.87124121,17.66996358,23.16417858,238.9852476,0.14045625,77.06,3.83
2015,307,18.4854413,19.26990702,23.98096908,237.51003,0.02809125,74.56,2.15
2015,308,18.58450583,18.84639258,24.5581677,238.6164432,0,72.3,1.76
2015,309,19.18879946,20.32869312,24.38391906,246.5457377,0,70.05,1.79
2015,310,18.1486219,18.66992823,23.49089478,247.0989442,0,79.03,3.32
2015,311,17.10844433,17.98759941,22.2711543,227.5523113,0.02809125,87.19,4.28
2015,312,16.86078301,16.83469899,22.9245867,238.0632366,0,84.2,3.11
2015,313,17.12825724,17.4111492,23.0334921,245.6237267,0,76.62,2.03
2015,314,16.93012818,17.71702074,22.5434178,237.8788344,0,66.22,1.87
2015,315,15.71163446,16.04649156,20.55044898,217.0413861,0,75.75,2.57
2015,316,16.29611519,17.1758634,21.21477192,219.8074191,0,76.13,2.38
2015,317,16.85087655,18.42287814,20.77915032,123.7338743,0,74.27,3.2
2015,318,16.02864095,15.57591996,21.32367732,196.2039378,0,76.8,1.68
2015,319,16.90040882,16.03472727,24.16610826,229.7651377,0,68.87,1.83
2015,320,16.48433779,16.43471313,22.57608942,227.5523113,0.02809125,69.43,1.76
2015,321,16.13761194,16.99939905,21.28011516,217.9633971,0.02809125,70.32,1.74
2015,322,16.87068946,17.11704195,22.75033806,215.9349729,0,67.8,1.68
2015,323,18.52506711,18.5875782,25.61455008,211.1405158,0,63.73,2.44
2015,324,17.27685403,15.75238431,24.69974472,127.9751249,0.561825,65.23,4.42
2015,325,12.76941792,11.25842553,17.62089372,204.6864389,0.19663875,52.27,3.14
2015,326,11.78867907,11.22313266,15.6823776,197.8635576,2.3034825,62.32,3.92
2015,327,11.82830488,9.22320336,17.46842616,216.4881795,0.112365,50.55,3
2015,328,14.29501168,11.90546148,21.3999111,197.6791554,0,58.47,2.82
2015,329,15.8503248,13.49364063,24.24234204,216.1193751,0,61.93,3.45
2015,330,14.5228601,14.41125525,19.8207828,194.3599158,0,70.26,3.54
2015,331,14.78042788,14.37596238,20.7464787,207.0836675,0,65.5,2.34
2015,332,14.13650843,14.52889815,18.77529096,200.6295906,0,78.07,3.09
2015,333,13.32417929,12.09369012,18.50302746,206.3460587,0,77.25,2.15
2015,334,14.5228601,14.71712679,19.90790712,192.7002961,0,67.88,1.92
2015,335,14.38416976,14.50536957,19.57030038,176.8417071,0,65.76,1.12
2015,336,14.56248591,15.43474848,19.3851612,186.2462192,0,72.24,2.22
2015,337,14.39407621,15.09358407,19.31981796,187.9058389,0,77.98,2.03
2015,338,13.5322148,14.30537664,17.2070532,165.4087709,0,85.75,1.89
2015,339,13.66099869,14.30537664,18.4050126,137.5640391,0,85.12,3.07
2015,340,14.04735035,14.57595531,18.28521666,140.8832787,0,82.89,2.84
2015,341,14.31482459,14.92888401,19.35248958,172.7848588,0,80.97,2.22
2015,342,14.47332783,14.79947682,18.80796258,124.4714831,0.53373375,84.28,4.96
2015,343,15.0280892,16.97587047,18.11096802,102.3432194,2.83721625,84.93,5.34
2015,344,15.0280892,16.28177736,18.20898288,129.6347446,0.02809125,81.56,5.31
2015,345,14.55257946,15.18769839,18.3505599,123.9182765,0,78.21,3.72
2015,346,13.84922129,14.12891229,18.60104232,155.26665,0,76.69,2.04
2015,347,14.43370202,14.54066244,19.35248958,134.9824084,0,68.65,1.35
2015,348,15.38472151,15.7641486,21.28011516,168.5436082,0,62.29,1.68
2015,349,16.26639583,16.42294884,21.71573676,167.4371951,0,55.73,1.7
2015,350,16.38527326,17.25821343,21.60683136,161.5363247,0,60.36,2.07
2015,351,16.05836031,16.37589168,20.99696112,154.1602369,0,58.22,1.62
2015,352,15.56303766,16.31707023,20.33263818,180.8985555,0,65.08,1.29
2015,353,14.87949241,15.1759341,20.21284224,175.5508917,0,70.85,1.31
2015,354,13.57184061,13.82304075,18.70994772,175.3664895,0,74.05,2.84
2015,355,13.23502121,13.15247622,18.65549502,149.7345841,0,87.16,3.07
2015,356,13.14586313,13.90539078,17.35952076,120.7834392,0,89.09,2.84
2015,357,13.25483411,12.90542613,18.50302746,155.6354544,0,78.39,2.27
2015,358,13.13595668,13.63481211,17.83870452,135.7200171,0,80.5,2.66
2015,359,13.29445993,13.98774081,17.77336128,170.3876302,0,86.12,2.87
2015,360,13.66099869,14.09361942,16.91300862,142.7273006,0.02809125,84.78,4.51
2015,361,14.41388912,14.77594824,19.97325036,169.6500214,0.02809125,79.44,3.61
2015,362,14.78042788,14.48184099,20.13660846,147.3373556,0.25282125,76.53,2.72
2015,363,14.32473104,13.22306196,21.41080164,189.5654587,0.02809125,75.62,2.54
2015,364,14.07706971,12.27015447,20.53955844,135.3512127,0,79.4,1.93
2015,365,14.99836984,15.07005549,20.38709088,170.9408368,0.112365,88.64,2.88
2016,1,14.90921177,14.64654105,21.57415974,140.1456699,0.1685475,82.55,3.11
2016,2,15.22621826,14.4700767,20.9642895,135.1668105,0.19663875,75.7,3.65
2016,3,16.88059591,17.34056346,22.63054212,80.39935798,0.2809125,80.22,7.26
2016,4,14.38416976,12.42309024,18.97132068,164.8555643,4.5507825,66.51,5.39
2016,5,11.0456951,9.36437484,15.6279249,174.8132829,0,65.2,3.88
2016,6,13.96809873,12.38779737,21.09497598,171.6784456,0,82.07,4.36
2016,7,14.542673,12.42309024,21.35634894,198.0479598,0.02809125,79.92,3.85
2016,8,15.0082763,13.82304075,21.3999111,153.0538237,0.25282125,77.99,4.44
2016,9,14.00772454,13.04659761,19.46139498,151.0253995,0,75.96,5.6
2016,10,15.37481506,15.54062709,21.13853814,167.4371951,0.58991625,76.32,6.12
2016,11,12.97745343,12.01134009,18.38323152,206.1616565,0,63.82,1.59
2016,12,11.83821134,11.77605429,16.21601406,180.3453489,0,69.47,2.58
2016,13,13.46286963,11.78781858,20.5286679,130.92556,0,68.58,2.58
2016,14,12.44250497,10.62315387,16.72786944,64.17196463,9.12965625,76.96,2.94
2016,15,9.847014282,7.75266711,15.49723842,220.72943,0,56.63,4.15
2016,16,10.00551753,8.79968892,15.06161682,199.8919818,0,55.39,2.23
2016,17,12.19484364,10.34081091,19.50495714,209.1120916,0,69.38,1.98
2016,18,11.7193339,10.15258227,16.59718296,180.1609467,0,73.2,1.97
2016,19,12.62082112,12.05839725,18.04562478,156.188661,2.0787525,79.46,2.16
2016,20,12.5415695,10.39963236,18.4050126,202.1048081,0,70.32,2.11
2016,21,13.41333736,13.68186927,18.04562478,183.4801862,0,77.46,1.39
2016,22,13.72043741,14.117148,18.52480854,170.5720324,0,80.41,2.33
2016,23,13.383618,13.2936477,18.0238437,216.8569839,0,82.15,2.96
2016,24,12.97745343,12.37603308,18.28521666,195.8351334,0.02809125,81.17,2.16
2016,25,12.76941792,13.67010498,16.97835186,92.93870739,0.2809125,81.13,0.95
2016,26,12.45241142,12.69366891,16.40115324,154.8978456,1.4045625,84.2,1.7
2016,27,12.46231787,11.39959701,17.27239644,211.5093202,0.02809125,76.75,1.59
2016,28,12.97745343,13.92891936,16.34670054,104.0028392,1.7416575,82.59,2.67
2016,29,13.22511476,13.67010498,18.63371394,208.9276894,3.8765925,80.03,3.41
2016,30,13.74025031,11.68193997,19.62475308,216.3037773,0,72.5,2.31
2016,31,14.82005369,14.96417688,20.3653098,246.5457377,0,73.32,1.67
2016,32,14.3544504,14.78771253,19.63564362,229.2119311,0,76.55,1.37
2016,33,13.72043741,13.97597652,18.0238437,178.3169247,0,77.42,2.89
2016,34,11.72924035,11.48194704,15.48634788,134.9824084,0,79.12,5.32
2016,35,12.09577911,12.09369012,16.42293432,209.480896,0,74.8,4.19
2016,36,14.0374439,13.56422637,20.01681252,191.0406763,0.02809125,71.93,3.25
2016,37,14.13650843,12.98777616,19.2218031,196.7571444,0.53373375,69.22,4.2
2016,38,13.62137288,11.95251864,20.39798142,216.6725817,0,68.55,2.05
2016,39,14.32473104,11.4113613,21.65039352,219.0698103,0.02809125,68.78,3.92
2016,40,16.34564745,15.98767011,21.96621918,130.3723534,0.337095,72.47,5.5
2016,41,16.54377651,16.72882038,22.67410428,170.203228,1.460745,74.88,4.32
2016,42,15.8503248,13.85833362,22.2167016,148.6281709,0.64609875,74.95,5.33
2016,43,16.96975399,17.46997065,22.93547724,126.3155051,0.19663875,69.84,6.03
2016,44,14.1860407,11.94075435,19.42872336,206.5304609,1.79784,63.1,8.34
2016,45,11.18438544,9.78788928,15.88929786,211.5093202,1.011285,53.43,7.25
2016,46,9.847014282,7.70560995,14.63688576,291.1710694,0.3932775,56.25,4.53
2016,47,10.48102727,9.18791049,15.12696006,292.4618848,0.44946,60.39,3.75
2016,48,10.75840796,9.51731061,14.78935332,186.2462192,2.69676,63.81,1.85
2016,49,11.31316933,12.59955459,14.20126416,99.76158869,1.34838,81.59,6.48
2016,50,12.15521783,12.8230761,15.17052222,128.8971358,0.47755125,77.38,8.61
2016,51,12.98735988,12.92895471,17.93671938,198.0479598,0.1685475,74.59,6.04
2016,52,14.81014724,13.57599066,20.94250842,259.6382937,0,58.37,2.46
2016,53,14.56248591,12.84660468,20.95339896,303.894821,0,60.64,3.16
2016,54,14.77052142,13.65834069,21.6721746,268.6740013,0,57.22,3.62
2016,55,13.72043741,12.25839018,20.11482738,287.2986232,0.30900375,64.23,3.14
2016,56,12.62082112,11.08196118,18.50302746,247.836553,12.10732875,67.92,4.98
2016,57,10.5800918,9.57613206,14.12503038,215.0129619,1.09555875,56.32,6.49
2016,58,11.4023274,9.16438191,17.33773968,270.5180233,0.47755125,57.85,5.3
2016,59,12.55147595,10.31728233,18.80796258,292.8306892,0.02809125,57.7,3.93
2016,60,11.74905326,8.63498886,17.98028154,352.2081967,0,53.62,3.18
2016,61,15.10734083,12.05839725,23.00082048,351.8393923,0,52.64,2.42
2016,62,13.84922129,12.45838311,19.58119092,354.0522186,0,74.96,2.8
2016,63,14.67145689,13.7642193,20.11482738,352.7614032,0,63.04,3.02
2016,64,12.80904373,10.32904662,18.38323152,363.8255351,0.0561825,54.87,3.63
2016,65,12.07596621,10.52903955,17.59911264,335.4275967,0.22473,53.48,2.63
2016,66,11.14475963,10.84667538,15.5190195,79.66174919,11.6297775,60.57,4.36
2016,67,11.35279514,8.8232175,16.89122754,338.3780319,0.2809125,53.8,4.07
2016,68,12.94773407,9.59966064,18.4594653,258.5318805,0.0561825,55.26,3.62
2016,69,11.99671458,9.97611792,16.9892424,280.8445463,0.112365,55,4.83
2016,70,11.19429189,9.63495351,16.81499376,380.2373306,0,55.81,3.43
2016,71,11.5707371,9.48201774,16.91300862,383.5565702,0,62.1,2.45
2016,72,12.16512428,11.85840432,17.22883428,380.0529284,0,67.96,1.9
2016,73,12.60100822,12.21133302,17.74068966,355.343034,0,67.28,1.96
2016,74,13.79968903,13.36423344,19.0039923,268.1207947,0,65.98,2.08
2016,75,14.44360847,13.08189048,20.3108571,295.7811243,0.87082875,62.64,2.24
2016,76,13.10623732,11.81134716,18.19809234,371.0172208,0.08427375,74.5,3.11
2016,77,13.30436638,14.18773374,17.79514236,208.7432872,0.14045625,78.75,2.01
2016,78,14.2058536,14.39949096,19.23269364,231.0559531,0.67419,73.7,2.69
2016,79,13.90866001,12.79954752,18.93864906,351.4705879,0.1685475,71.09,1.97
2016,80,11.8877436,12.88189755,14.01612498,144.018116,14.46699375,82.71,1.21
2016,81,12.70007275,12.97601187,16.09621812,179.4233379,8.876835,73.87,1.94
2016,82,13.78978258,11.5290042,19.20002202,327.1294978,0.30900375,66.05,2.78
2016,83,13.91856647,11.72899713,20.692026,420.2526074,0,60.11,3.3
2016,84,16.43480553,12.83484039,24.30768528,403.2876053,0,56.31,2.77
2016,85,16.43480553,14.99946975,22.3800597,419.883803,0,57.38,3.01
2016,86,16.73199912,14.88182685,23.39287992,372.1236339,0,63.56,2.86
2016,87,16.0187345,13.18776909,23.3057556,401.4435833,0,53.77,2.43
2016,88,16.27630228,15.4112199,22.31471646,441.4588601,0,61.72,1.99
2016,89,17.0093798,15.89355579,23.29486506,357.7402626,0,60.84,1.65
2016,90,16.36546036,15.35239845,22.64143266,380.7905372,0,54.55,4.21
2016,91,13.62137288,11.76429,19.85345442,436.2955986,0,49.15,3.53
2016,92,13.57184061,13.12894764,18.2961072,447.1753282,0,60.95,2.61
2016,93,14.91911822,13.81127646,20.82271248,347.5981417,0,59.54,2.98
2016,94,15.69182155,16.14060588,21.93354756,195.0975246,32.05211625,73.19,5.45
2016,95,14.29501168,13.62304782,18.53569908,182.5581752,8.00600625,67.08,4.85
2016,96,15.21631181,13.89362649,20.73558816,183.1113818,0.8427375,73.68,3.85
2016,97,14.99836984,14.89359114,19.41783282,400.7059745,0.0561825,78.48,2.49
2016,98,13.74025031,12.29368305,19.48317606,359.9530889,0.92701125,67.83,4.1
2016,99,14.32473104,11.57606136,20.76825978,469.1191897,0,62.74,3.88
2016,100,15.96920224,14.56419102,22.02067188,439.4304359,0.14045625,66.07,4.61
2016,101,15.66210219,14.5877196,20.48510574,440.9056535,0.19663875,69.61,4.44
2016,102,16.44471198,15.03476262,22.19492052,457.3174491,0.02809125,64.43,4.27
2016,103,16.8409701,15.58768425,22.85924346,444.2248931,0.02809125,67.25,3.73
2016,104,17.11835078,16.49353458,23.45822316,467.2751677,0,67.54,2.02
2016,105,17.21741531,16.10531301,23.33842722,361.4283065,0.0561825,67.11,3
2016,106,18.30712514,15.81120576,24.65618256,447.5441326,0.02809125,63.77,3.33
2016,107,18.73310262,18.10524231,24.42748122,372.8612427,0.6180075,62.79,2.92
2016,108,17.40563792,18.16406376,21.9444381,277.8941112,1.2921975,72.03,3.94
2016,109,16.62302813,17.35232775,20.88805572,394.0674954,0.14045625,69.46,8.11
2016,110,16.10789258,16.43471313,21.10586652,252.9998146,3.84850125,64.62,4.47
2016,111,15.72154091,13.97597652,20.8009314,500.6519654,0,62.23,2.33
2016,112,17.40563792,17.4111492,23.05527318,268.6740013,0,62.68,2.75
2016,113,18.01983801,16.5876489,23.32753668,372.1236339,0.02809125,68.13,2.16
2016,114,17.04900561,16.96410618,22.7067759,497.517128,0,65.79,3.14
2016,115,15.80079254,16.19942733,20.22373278,460.6366886,0,72.72,3.54
2016,116,16.77162493,15.7641486,22.9245867,503.2335962,0,68.67,2.66
2016,117,18.00993155,17.24644914,24.27501366,428.7351085,0,67.49,2.43
2016,118,17.1777895,18.15229947,22.870134,363.0879263,0.02809125,77.4,2.9
2016,119,15.96920224,17.23468485,19.83167334,212.6157334,0.19663875,80.71,5.32
2016,120,16.85087655,16.37589168,22.88102454,300.206777,0.1685475,73.89,2.83
2016,121,15.52341185,14.77594824,19.86434496,506.7372379,0.14045625,67.04,4.35
2016,122,15.15687309,14.3524338,20.5286679,547.3057213,0,54.93,3.15
2016,123,17.18769596,15.02299833,23.50178532,544.5396883,0,51.83,4.53
2016,124,17.92077348,17.81113506,23.75226774,452.1541875,0,53.56,5.64
2016,125,16.77162493,17.35232775,21.49792596,289.3270474,2.72485125,67.6,4.82
2016,126,15.98901514,16.2347202,21.11675706,378.2089065,4.63505625,75.15,2.91
2016,127,17.63348634,16.9405776,22.325607,338.7468363,1.011285,72.21,2.96
2016,128,17.80189604,18.36405669,23.02260156,269.2272079,5.64634125,73.17,2.2
2016,129,16.61312168,16.86999186,21.59594082,232.7155729,13.79280375,69.75,3.62
2016,130,17.16788305,17.24644914,22.68499482,263.1419354,8.39928375,72.07,3.32
2016,131,16.8409701,16.04649156,22.29293538,492.3538665,1.43265375,65.06,5.11
2016,132,17.08863143,16.07002014,22.77211914,399.0463547,2.92149,64.94,5.2
2016,133,17.64339279,15.98767011,23.58890964,460.4522864,1.1798325,59.62,3.79
2016,134,18.36656386,16.38765597,24.63440148,499.7299544,0.08427375,60.13,3.14
2016,135,18.67366391,18.63463536,23.31664614,441.6432623,0,64.28,1.91
2016,136,18.83216715,19.16402841,23.959188,508.0280533,0,68,1.94
2016,137,18.77272844,18.36405669,24.43837176,445.5157084,0,68.77,4.01
2016,138,18.653851,18.38758527,23.80672044,467.8283743,0,66,3.24
2016,139,20.76392549,20.37575028,28.19560806,519.2765873,0.02809125,67.5,2.53
2016,140,18.92132523,19.18755699,23.86117314,539.7452312,0,70.12,3.53
2016,141,19.07982848,18.42287814,24.80865012,540.8516444,0,65.55,3.64
2016,142,22.51736767,19.84635723,30.77666604,503.6024006,0,50.01,3.42
2016,143,18.92132523,19.79930007,23.71959612,495.6731061,0,67.9,4.54
2016,144,19.9615028,19.22284986,27.05210136,453.9982095,0,69.3,2.58
2016,145,21.31868686,20.66985753,28.65301074,526.6526752,0,68.71,2.69
2016,146,20.3181351,20.29340025,25.89770412,515.0353368,0.08427375,71.9,2.43
2016,147,21.90316758,20.3522217,28.90349316,510.0564775,0.02809125,60.89,2.96
2016,148,22.9334387,22.52861535,29.17575666,486.4529962,0.112365,48.04,4.84
2016,149,20.53607707,20.26987167,26.16996762,569.8027893,0,53.94,3.51
2016,150,20.32804156,20.48162889,26.14818654,522.4114247,0,54.83,2.7
2016,151,20.16953831,20.62280037,25.9739379,521.3050115,0,62.74,2.22
2016,152,20.06056733,20.04635016,26.23531086,561.5046905,0,68.07,2.73
2016,153,20.39738673,19.35225705,26.80161894,551.5469718,0.02809125,68.42,3.09
2016,154,20.90261583,21.24630774,26.7907284,489.5878336,0.3932775,66.4,2.6
2016,155,21.44747075,21.26983632,27.99957834,504.1556071,0.53373375,62.96,2.33
2016,156,21.4573772,21.98745801,27.1718973,525.546262,0,61.42,2.33
2016,157,21.98241921,22.61096538,27.68375268,531.0783279,0,60.74,2.4
2016,158,22.28951925,22.26980097,28.40252832,557.2634399,0,61.69,3.92
2016,159,23.16128711,22.49332248,30.39549714,539.7452312,0,56.52,2.8
2016,160,25.18220353,25.42263069,32.48648082,520.9362071,0,51.81,2.05
2016,161,25.84593588,24.78735903,33.5428632,519.6453917,0.08427375,56.52,2.23
2016,162,23.35941617,23.6462229,29.15397558,481.1053325,0.02809125,68.74,2.78
2016,163,23.39904199,23.31682278,29.38267692,473.9136468,0,64.04,2.49
2016,164,27.59937806,26.05790235,34.93685232,562.2422993,0,48.27,3.15
2016,165,26.10350366,27.65784579,31.46277006,570.1715937,0,54.92,2.87
2016,166,25.99453267,26.57553111,33.33594294,572.9376267,0,46.09,4.49
2016,167,22.57680639,23.16388701,28.25006076,534.9507741,0,43.64,3.84
2016,168,21.53662882,21.85805082,26.85607164,554.3130048,0,49.8,3.04
2016,169,21.89326113,21.68158647,29.0232891,543.248873,0,57.27,2.72
2016,170,20.51626416,21.45806496,25.74523656,545.6461015,0.02809125,66.11,3.54
2016,171,20.47663835,21.01102194,25.73434602,548.2277323,0,65.35,3.16
2016,172,21.22952878,21.175722,27.2808027,569.2495828,0,61.75,4.74
2016,173,21.97251275,21.18748629,28.55499588,565.745941,0,63.33,5.33
2016,174,22.2994257,22.25803668,29.30644314,561.8734949,0,66.25,3.49
2016,175,22.81456126,23.11682985,28.77280668,544.1708839,0,60.48,1.6
2016,176,23.99342917,23.81092296,30.56974578,523.70224,0.02809125,57.46,1.79
2016,177,22.97306451,23.63445861,29.12130396,431.3167393,0.36518625,76.16,3.86
2016,178,23.44857425,24.98735196,29.37178638,469.1191897,0.1685475,68.42,5.76
2016,179,23.99342917,25.02264483,30.34104444,269.0428057,0.0561825,61.42,6.41
2016,180,24.39959374,26.44612392,30.29748228,514.6665324,0.2809125,60.89,3.81
2016,181,24.7661325,25.21087347,30.39549714,479.8145171,0,63.53,2.43
2016,182,24.49865827,25.71673794,30.10145256,522.4114247,0,65.53,2
2016,183,25.19210998,26.21083812,31.00536738,525.9150664,0,58.84,2.2
2016,184,25.02370028,26.62258827,30.40638768,516.14175,0,61.12,7.8
2016,185,24.5977228,25.55203788,31.19050656,428.9195107,0,65.62,4.48
2016,186,24.29062276,25.63438791,29.58959718,531.6315345,0,65.64,1.92
2016,187,25.20201643,26.36377389,30.99447684,539.1920246,0,57.6,4.4
2016,188,24.08258724,25.97555232,28.70746344,166.1463797,0.08427375,66.35,4.33
2016,189,25.83602942,26.14025238,32.09442138,480.3677237,0,57.23,2.7
2016,190,26.27191336,28.05783165,31.77859572,501.5739764,0,53.65,4.85
2016,191,25.9251875,26.98728126,31.98551598,523.8866422,0,55.48,2.71
2016,192,26.20256819,27.43432428,32.84586864,517.6169675,0,55.06,2.01
2016,193,26.61863921,26.95198839,33.73889292,531.2627301,0,63.1,2.63
2016,194,24.30052921,26.14025238,30.42816876,460.083482,0,79.15,5.68
2016,195,23.76558075,26.19907383,29.23020936,466.9063633,0,71.75,4.93
2016,196,23.36932263,25.57556646,28.63122966,434.4515766,0,69.37,5.95
2016,197,22.98297096,24.41090175,28.6421202,550.0717542,0,62.84,5.63
2016,198,22.94334515,22.8227226,29.00150802,536.9791982,0,65.99,4.74
2016,199,23.19100647,23.61093003,29.3500053,522.5958269,0,67.32,4.47
2016,200,23.51791942,23.78739438,29.86186068,464.6935369,0,70.01,3.62
2016,201,25.80631007,26.32848102,32.44291866,334.8743901,0.02809125,56.92,2.41
2016,202,26.72761019,27.94018875,33.30327132,449.0193502,0,55.19,2.41
2016,203,25.9053746,26.34024531,34.15273344,539.1920246,0,59.82,2.89
2016,204,24.2807163,26.32848102,30.12323364,513.5601192,0,75.99,4.58
2016,205,24.51847118,25.61085933,30.44994984,528.312295,0,65.71,4.29
2016,206,24.89491639,26.08143093,31.05982008,530.3407191,0,59.66,3.74
2016,207,25.52892938,25.95202374,31.9637349,508.9500643,0,60.05,3.37
2016,208,26.67807793,26.81081691,33.96759426,509.6876731,0,59.3,3.54
2016,209,26.17284883,27.32844567,33.15080376,500.8363676,0,62.86,4.73
2016,210,25.85584233,26.25789528,32.60627676,503.6024006,0,64.15,3.74
2016,211,28.25320396,28.34017461,36.57043332,455.8422315,0,53.06,2.93
2016,212,30.90813336,32.940012,36.49419954,275.3124804,0.02809125,37.72,2.63
2016,213,26.5790134,27.59902434,32.31223218,503.4179984,0.02809125,64.61,5.04
2016,214,25.26145515,26.51670966,31.97462544,500.8363676,0,70.78,4.56
2016,215,26.42051015,26.81081691,33.33594294,497.3327258,0,63.45,2.71
2016,216,28.38198785,28.10488881,36.61399548,516.14175,0,53.52,2.39
2016,217,26.92573925,28.24606029,32.67162,478.7081039,0,64.31,5.26
2016,218,24.90482284,27.46961715,30.29748228,496.0419105,0,68.5,4.95
2016,219,24.37978083,26.21083812,29.68761204,502.3115852,0,67.97,5.05
2016,220,24.50856472,25.11675915,30.53707416,514.4821302,0,60.75,4.65
2016,221,24.64725506,25.2932235,31.19050656,523.5178379,0,58.4,3.53
2016,222,24.01324207,25.4108664,29.31733368,335.2431945,0.08427375,73.08,4.93
2016,223,24.06277434,26.28142386,29.05596072,421.3590206,0.1685475,70.15,5.65
2016,224,23.40894844,25.04617341,28.76191614,458.9770688,0,69.31,6.05
2016,225,23.35941617,24.14032308,29.36089584,498.6235412,0,69.89,5.65
2016,226,23.88445818,25.35204495,29.90542284,487.5594094,0,68.63,4.92
2016,227,23.20091293,24.56383752,28.05403104,424.493858,0.0561825,73.62,3.17
2016,228,25.12276481,26.48141679,31.15783494,318.2781924,1.26410625,67.61,1.61
2016,229,27.07433605,27.94018875,34.15273344,437.2176096,0.02809125,55.75,2.45
2016,230,27.46068772,29.02250343,34.0329375,480.5521259,0.0561825,53.88,2.3
2016,231,27.39134255,28.21076742,33.82601724,473.176038,0,59.54,2
2016,232,27.70834904,28.90486053,34.96952394,475.942071,0,56.89,2.57
2016,233,25.54874229,28.15194597,31.10338224,363.4567307,0,78.51,5.7
2016,234,24.77603895,26.36377389,30.24302958,467.8283743,0,72.52,5.09
2016,235,24.20146468,25.24616634,30.18857688,483.5025611,0,70.58,4.48
2016,236,24.24109049,25.23440205,30.58063632,476.3108754,0,68.15,4.87
2016,237,24.06277434,24.45795891,30.2212485,479.8145171,0,69.14,4.76
2016,238,23.90427109,25.43439498,29.75295528,449.0193502,0,70.43,3.95
2016,239,24.58781635,25.94025945,29.70939312,422.4654338,0,70.34,2.03
2016,240,26.14312947,27.02257413,33.33594294,389.2730383,0,66.81,2.16
2016,241,26.76723601,27.37550283,34.71904152,436.4800008,0.22473,65.28,2.46
2016,242,25.11285836,27.68137437,31.01625792,389.2730383,0.44946,80.18,3.16
2016,243,24.69678733,27.04610271,30.29748228,340.2220538,0.3932775,75.54,3.2
2016,244,24.55809699,26.03437377,29.98165662,378.2089065,0.87082875,75.63,4.9
2016,245,24.66706797,25.881438,30.35193498,416.0113569,0.70228125,70.2,3.15
2016,246,25.94500041,26.86963836,32.86764972,423.2030426,0,61.42,2.88
2016,247,27.61919096,28.61075328,34.62102666,414.1673349,0,47.09,2.19
2016,248,30.46234298,31.85769732,37.98620352,395.542713,0,39.16,1.52
2016,249,28.03526199,28.98721056,35.74275228,400.8903767,0,57.45,2.8
2016,250,26.23228754,27.66961008,33.1072416,393.698691,0,65.36,2.3
2016,251,25.71715199,27.16374561,33.46662942,413.6141283,0,71.29,2.27
2016,252,25.17229707,26.65788114,31.6914714,404.5784207,0.112365,73.72,2.51
2016,253,25.01379383,26.15201667,31.94195382,414.5361393,0.08427375,59.55,2.25
2016,254,24.20146468,25.46968785,29.87275122,364.1943395,0.2809125,75.61,3.24
2016,255,24.55809699,25.83438084,30.37371606,358.2934692,0.70228125,74.14,3.74
2016,256,25.06332609,26.21083812,31.26674034,339.6688472,0.42136875,64.83,4.31
2016,257,23.35941617,24.4697232,28.8054783,292.4618848,0,44.7,3.22
2016,258,22.03195147,22.39920816,27.9342351,376.3648845,0,44.79,3.41
2016,259,21.9427934,21.49335783,28.74013506,415.2737481,0,49.74,3.1
2016,260,22.79474835,23.4109371,29.3500053,410.2948888,0,54.2,2.27
2016,261,22.35886442,23.54034429,28.62033912,387.7978207,0,68.15,3.09
2016,262,22.12110955,23.79915867,27.96690672,358.6622736,0.36518625,71.48,2.88
2016,263,23.25044519,23.69328006,29.88364176,233.6375839,2.4158475,65.3,3.79
2016,264,23.83492592,24.30502314,30.28659174,384.4785812,0,51.4,2.19
2016,265,22.91362579,24.34031601,29.04507018,326.391889,0.08427375,63.9,1.95
2016,266,22.70559028,23.90503728,28.76191614,346.6761307,0,62.75,1.91
2016,267,22.19045472,23.04624411,28.32629454,361.6127087,0.02809125,74.17,3.77
2016,268,22.21026763,23.66975148,27.96690672,340.5908582,0,72.62,2.22
2016,269,22.37867733,23.95209444,27.57484728,272.3620453,0.02809125,77.5,3.97
2016,270,22.7848419,24.4697232,28.89260262,320.3066165,0,74.48,4.37
2016,271,21.9427934,24.28149456,26.83429056,264.9859574,4.4946,73.36,6.4
2016,272,22.02204502,24.49325178,26.86696218,279.0005244,6.629535,76.53,6.27
2016,273,21.87344822,23.57563716,27.07388244,321.4130297,3.2024025,76.26,4.22
2016,274,22.41830314,22.74037257,28.81636884,333.0303681,0.08427375,68.65,2.45
2016,275,22.84428062,24.34031601,29.11041342,323.4414539,0,64.78,2.14
2016,276,22.07157728,22.16392236,28.65301074,341.328467,0,76.27,4.17
2016,277,21.83382241,22.69331541,28.18471752,330.6331396,0.337095,77.09,3.86
2016,278,21.61588045,22.79919402,27.5530662,287.6674276,0.81464625,81.99,4.55
2016,279,22.64615156,22.66978683,29.26288098,314.221344,0.112365,67.6,2.65
2016,280,22.51736767,24.51678036,28.6965729,304.6324298,0.0561825,66.39,1.94
2016,281,22.98297096,24.08150163,30.06878094,288.4050364,0.02809125,62.03,1.46
2016,282,21.35831267,23.02271553,26.81250948,248.3897596,0.14045625,80.37,1.94
2016,283,21.50690946,22.25803668,27.52039458,303.1572122,0.08427375,68.96,2
2016,284,21.76447724,21.72864363,28.6965729,334.5055857,0,58.96,3.29
2016,285,20.21907057,20.25810738,26.87785272,225.7082894,30.70373625,66.16,3.74
2016,286,18.84207361,20.2345788,23.01171102,131.6631688,13.371435,77.93,4.86
2016,287,19.33739626,19.1757927,25.58187846,237.1412256,1.20792375,61.99,3.53
2016,288,18.96095104,18.74051397,24.95022714,321.2286275,0,65.6,2.24
2016,289,20.05066087,20.29340025,25.96304736,263.695142,0,79.72,3.34
2016,290,20.52617062,20.79926472,26.9540865,269.0428057,0.08427375,80.58,2.34
2016,291,20.43701254,21.96392943,24.97200822,180.5297511,1.37647125,83.75,2.51
2016,292,20.30822865,22.49332248,24.85221228,180.3453489,1.37647125,82.35,1.89
2016,293,19.73365438,21.9992223,23.4691137,142.7273006,7.977915,81.84,1.16
2016,294,19.73365438,21.44630067,24.08987448,175.5508917,2.809125,83.77,2.08
2016,295,20.41719963,22.30509384,25.71256494,185.6930126,0.98319375,76.59,2.73
2016,296,20.36766737,21.30512919,25.65811224,238.432041,0.112365,76.25,3.83
2016,297,20.92242874,22.2345081,26.11551492,210.9561136,1.99447875,76.32,2.88
2016,298,21.39793848,23.39917281,26.82340002,133.3227886,0.42136875,76.3,2.05
2016,299,21.98241921,23.81092296,27.86889186,183.6645884,0,75.04,3.57
2016,300,21.15027716,22.83448689,26.25709194,220.3606257,0,80.65,5.08
2016,301,19.85253181,21.31689348,24.78686904,163.0115423,0,82.2,4.39
2016,302,18.8222607,19.55224998,23.88295422,278.0785134,0,72.09,2.86
2016,303,18.07927673,19.15226412,23.32753668,272.9152519,0,67.22,2.41
2016,304,17.8316154,18.41111385,22.98992994,256.5034563,0,78.91,3.5
2016,305,18.66375745,19.85812152,24.16610826,237.3256278,0,76.54,2.26
2016,306,19.94168989,20.05811445,26.55113652,225.5238872,0,67.29,1.75
2016,307,21.22952878,21.54041499,27.0629919,191.0406763,0,62.07,2.09
2016,308,20.4667319,22.5874368,24.89577444,130.92556,0.112365,66.13,1.64
2016,309,20.06056733,21.66982218,25.6472217,187.3526324,2.21920875,71.47,4.91
2016,310,17.44526373,15.70532715,23.05527318,254.1062277,1.011285,58.24,3.93
2016,311,14.16622779,12.55249743,19.7118774,211.5093202,0.53373375,54.41,3.19
2016,312,13.45296317,12.14074728,19.96235982,249.1273684,0.1685475,51.84,4.16
2016,313,15.94938933,12.61131888,23.45822316,190.8562741,0.02809125,59.59,2.52
2016,314,16.66265395,17.16409911,21.98800026,238.8008454,0.89892,65.12,2.18
2016,315,15.78097963,14.63477676,22.2711543,246.7301399,0,60.47,2.43
2016,316,15.42434732,15.28181271,21.0187422,225.5238872,0,64.44,2.31
2016,317,15.42434732,16.25824878,19.88612604,195.0975246,0,66.11,1.5
2016,318,15.43425377,14.9406483,21.1276476,208.0056784,0.786555,68.02,4.68
2016,319,14.56248591,14.4700767,19.25447472,185.6930126,2.5282125,72.2,6.45
2016,320,14.57239236,13.59951924,20.45243412,224.0486696,0.337095,68.15,4.5
2016,321,14.5228601,13.85833362,20.99696112,221.8358432,0,60.11,1.88
2016,322,15.32528279,14.10538371,22.31471646,222.3890498,0,61.49,2.86
2016,323,15.5135054,15.24651984,21.33456786,202.6580147,0,72.94,2.01
2016,324,15.62247638,14.37596238,21.74840838,161.5363247,1.12365,69.93,3.49
2016,325,17.05891207,18.76404255,21.74840838,69.70403054,5.25306375,84.76,5.98
2016,326,15.67200865,15.48180564,20.02770306,88.51305466,51.1822575,86.2,3.76
2016,327,13.5520277,15.12887694,16.9347897,128.3439293,16.99520625,76.36,4.46
2016,328,12.3731598,12.49367598,16.1179992,123.1806677,1.93829625,67.11,3.9
2016,329,12.78923082,12.76425465,16.19423298,191.5938829,1.54501875,75.53,2.49
2016,330,14.71108271,15.82297005,18.23076396,99.57718649,0.7303725,77.71,1.58
2016,331,13.82940839,14.90535543,17.1526005,78.00212942,8.45546625,82.12,2.43
2016,332,13.62137288,13.1760048,17.77336128,134.9824084,5.2249725,73.1,1.76
2016,333,13.64118578,13.5289335,17.6971275,165.9619775,0.08427375,81.54,3.15
2016,334,15.47387959,17.1758634,18.47035584,137.5640391,0.25282125,83.49,7.01
2016,335,14.56248591,15.45827706,17.16349104,73.39207449,3.23049375,86.04,4.18
2016,336,14.09688262,15.48180564,18.48124638,183.4801862,0.14045625,82.96,1.66
2016,337,14.48323429,15.8817915,17.35952076,90.17267443,13.371435,86.84,2.64
2016,338,14.99836984,16.75234896,17.66445588,28.58234057,91.128015,92.57,4.54
2016,339,15.0280892,16.66999893,18.0238437,106.9532744,12.8657925,92.24,3.31
2016,340,15.0280892,15.54062709,19.95146928,146.5997468,1.09555875,84.67,4.65
2016,341,13.69071805,13.50540492,18.59015178,185.8774148,0.19663875,83.46,4.35
2016,342,13.71053095,12.54073314,18.44857476,102.896426,2.16302625,88.68,5.3
2016,343,14.86958595,15.83473434,18.57926124,62.51234485,2.6405775,92.27,3.89
2016,344,14.34454394,15.44651277,18.55748016,156.5574654,0.02809125,91.3,2.41
2016,345,13.85912775,14.24655519,19.29803688,176.8417071,0.0561825,83.13,1.76
2016,346,13.57184061,13.77598359,18.80796258,189.3810565,0,81.21,1.7
2016,347,13.43315027,14.96417688,16.70608836,108.6128942,0.08427375,83.73,1.19
2016,348,13.12605023,13.82304075,16.27046676,120.7834392,13.23097875,78.97,1.67
2016,349,12.10568557,12.2348616,15.75861138,78.18653161,13.03434,76.6,1.46
2016,350,12.0561533,13.57599066,13.95078174,46.46935369,37.5860925,84.15,3.26
2016,351,13.2152083,13.94068365,15.7368303,28.39793837,108.2355863,87.69,7.32
2016,352,13.64118578,15.38769132,16.42293432,72.6544657,90.81901125,88.65,6.97
2016,353,12.21465655,13.12894764,15.47545734,53.66103939,36.9119025,81.84,4.05
2016,354,12.0561533,10.75256106,17.6426748,185.6930126,0.02809125,65.32,2.48
2016,355,11.78867907,11.57606136,16.2269046,186.983828,0,64.47,3.68
2016,356,13.18548894,11.81134716,18.60104232,181.6361642,0,62.38,2.15
2016,357,12.60100822,12.45838311,17.17438158,182.5581752,0.08427375,76.9,2.46
2016,358,12.51185014,12.91719042,17.03280456,181.8205664,0.08427375,82.83,2.38
2016,359,12.53166305,13.15247622,16.68430728,189.9342631,0.14045625,86.16,1.82
2016,360,12.50194369,12.39956166,17.00013294,191.4094807,0,71.87,1.57
2016,361,12.49203723,12.16427586,17.30506806,160.6143138,0,81.82,3.85
2016,362,13.15576958,13.82304075,16.24868568,63.61875803,0.02809125,85.8,5.29
2016,363,13.30436638,12.98777616,17.50109778,185.3242082,0,81.38,3.29
2016,364,11.54101775,12.03486867,15.54080058,127.4219183,0,83.9,2.75
2016,365,11.47167257,12.42309024,15.12696006,139.4080611,0,71.05,1.6
2016,366,11.64998873,12.25839018,15.37744248,153.2382259,0,71.3,1.56
2017,1,12.81895018,11.72899713,19.06933554,167.6215973,0,66.1,1.77
2017,2,13.68081159,13.10541906,19.7663301,182.9269796,0,80.09,2.51
2017,3,13.27464702,12.59955459,19.8207828,200.2607862,0,76.12,2.79
2017,4,11.97690168,11.82311145,15.70415868,120.599037,0.2809125,78.78,3.48
2017,5,11.49148548,11.43488988,15.44278572,183.8489906,0,72.31,2.93
2017,6,9.985704624,8.38793877,14.74579116,204.3176345,0,77.99,2.33
2017,7,10.65934343,10.25846088,15.1923033,186.7994258,0,68.63,2.03
2017,8,11.32307578,9.58789635,17.13081942,78.55533601,0,69.38,2.68
2017,9,12.06605975,11.6466471,16.72786944,174.6288807,0.02809125,68.24,4.81
2017,10,12.41278561,11.25842553,17.70801804,203.2112213,0,76.35,3.5
2017,11,12.94773407,11.69370426,19.89701658,215.1973641,0.561825,78.36,2.57
2017,12,10.03523689,8.79968892,15.10517898,214.6441575,0.1685475,60.59,4.87
2017,13,10.19374014,7.79972427,16.56451134,203.7644279,0,60.06,4.41
2017,14,11.8877436,10.21140372,18.82974366,208.1900806,0,64.06,4.61
2017,15,11.2141048,6.85858107,17.68623696,171.6784456,0.02809125,65.65,5.19
2017,16,6.14200086,4.12926579,8.4401685,96.25794694,12.9781575,78.4,6.03
2017,17,7.211897784,6.63505956,9.13716306,65.09397561,28.00697625,89.04,5.31
2017,18,8.975246418,9.14085333,12.1974048,101.6056107,17.4727575,85.42,3.32
2017,19,9.11393676,8.76439605,13.15577232,51.81701741,28.99017,79.18,5.53
2017,20,10.86737894,10.43492523,15.87840732,172.4160544,0.6180075,66.53,4.15
2017,21,10.61971762,9.09379617,14.83291548,179.2389357,1.2921975,66.57,2.78
2017,22,11.3825145,9.56436777,17.6426748,177.9481203,0.02809125,62.82,2.99
2017,23,11.26363706,9.45848916,17.40308292,235.2972036,0,66.02,3.43
2017,24,10.5602789,9.37613913,15.09428844,173.5224676,0.22473,72.06,2.06
2017,25,12.18493719,12.49367598,15.6823776,92.56990299,30.92846625,77.26,6.27
2017,26,10.92681766,9.57613206,16.79321268,244.3329113,0.02809125,65.83,4.51
2017,27,10.60981116,9.59966064,14.85469656,153.9758347,0.112365,77.05,2.41
2017,28,12.02643394,10.67021103,17.94760992,233.6375839,0,81.39,2.07
2017,29,12.75951146,12.69366891,17.5337694,222.9422564,0,80.42,1.7
2017,30,13.59165352,12.85836897,19.61386254,234.0063882,0,72.41,2.7
2017,31,12.78923082,12.09369012,18.04562478,97.36436012,0.42136875,89.52,4.32
2017,32,14.09688262,13.34070486,19.8207828,175.7352939,0,81.83,4.84
2017,33,14.02753745,12.87013326,19.7118774,170.7564346,0.337095,77.55,5.5
2017,34,14.17613424,13.02306903,19.13467878,244.7017157,0.92701125,68.03,6.07
2017,35,13.35389864,10.99961115,20.147499,209.2964938,0,64.6,2.55
2017,36,14.19594715,11.95251864,20.8009314,242.1200849,0,68.88,2.45
2017,37,11.72924035,9.411432,17.65356534,285.0857969,0,59.91,3.28
2017,38,10.37205629,8.91733182,15.86751678,260.5603046,0,59.08,2.43
2017,39,11.24382416,11.24666124,14.78935332,176.6573049,1.7416575,69.43,2.52
2017,40,12.09577911,12.3525045,16.64074512,141.9896918,2.27539125,86.23,4.05
2017,41,13.49258899,13.50540492,18.50302746,150.2877907,1.57311,83.5,2.71
2017,42,14.14641488,13.72892643,18.99310176,196.2039378,1.93829625,78.36,4.54
2017,43,12.45241142,11.10548976,17.6426748,261.6667178,0,75.68,2.5
2017,44,12.18493719,11.32901127,16.89122754,245.6237267,0.02809125,85.03,5.41
2017,45,12.63072758,12.77601894,16.94568024,216.8569839,0.02809125,84.65,5.42
2017,46,11.83821134,12.52896885,15.45367626,196.7571444,0.0561825,85.5,3.95
2017,47,11.99671458,11.50547562,16.81499376,258.5318805,0.02809125,77.25,1.57
2017,48,12.10568557,13.23482625,14.5388709,118.3862106,1.32028875,79.87,6.51
2017,49,12.32362753,13.02306903,16.10710866,111.3789271,1.09555875,82.09,9.07
2017,50,12.14531138,12.02310438,16.01998434,235.1128014,0,77.3,8.39
2017,51,13.09633087,12.41132595,17.4793167,176.6573049,0.08427375,73.79,7.34
2017,52,14.59220527,15.03476262,18.53569908,230.3183443,1.910205,85.69,3.79
2017,53,14.3742633,13.94068365,19.25447472,154.7134435,0.2809125,80,1.27
2017,54,13.22511476,12.16427586,19.17824094,283.9793837,0.02809125,76.34,2.43
2017,55,13.06661151,11.51723991,18.60104232,317.3561814,0.02809125,82.11,1.97
2017,56,14.02753745,11.90546148,20.76825978,318.4625946,0,76.01,2.55
2017,57,13.80959548,10.62315387,20.87716518,340.406456,0,68.96,2.99
2017,58,13.16567604,12.25839018,18.04562478,339.6688472,0,77.92,1.73
2017,59,13.81950194,13.43481918,18.92775852,348.8889571,0,75.22,1.45
2017,60,12.72979211,11.71723284,17.92582884,250.0493794,1.09555875,76.47,4.5
2017,61,12.2047501,10.87020396,16.29224784,140.5144743,4.69123875,76.7,6.11
2017,62,14.09688262,13.03483332,19.86434496,258.1630761,0.02809125,77.7,1.88
2017,63,16.09798613,14.81124111,22.57608942,251.7089992,0.02809125,71.51,1.56
2017,64,16.48433779,14.95241259,23.33842722,326.7606934,0,67.59,2.34
2017,65,15.47387959,15.31710558,21.00785166,352.0237945,0,68.98,2.64
2017,66,17.494796,15.91708437,23.51267586,372.1236339,0,58.76,1.11
2017,67,19.80299955,18.98756406,26.80161894,388.9042339,0,41.38,1.58
2017,68,18.54488002,18.25817808,24.9393366,373.9676559,0,56.48,1.79
2017,69,16.78153138,16.84646328,21.73751784,287.2986232,0.08427375,70.59,1.98
2017,70,11.76886616,11.27018982,15.6279249,83.34979313,49.328235,72.39,4.11
2017,71,13.31427283,13.22306196,16.61896404,117.0953952,58.34552625,83.1,8.82
2017,72,13.61146642,14.30537664,17.43575454,370.0952098,0,76.93,9.25
2017,73,13.1953954,13.1760048,17.59911264,380.9749394,0,79.61,7.27
2017,74,13.18548894,13.14071193,17.84959506,305.5544408,0,80.38,6.63
2017,75,13.54212125,12.19956873,19.24358418,394.2518976,0,71.61,4.62
2017,76,14.87949241,13.57599066,20.32174764,418.2241832,0,57.15,1.93
2017,77,15.66210219,14.91711972,20.84449356,323.6258561,0,65.65,1.7
2017,78,16.56358942,14.91711972,23.50178532,344.6477066,0,64.5,2.63
2017,79,14.77052142,13.94068365,20.59401114,361.7971109,0.22473,68,3.64
2017,80,12.09577911,11.56429707,16.54273026,317.5405836,0.36518625,60.83,3.9
2017,81,10.13430142,10.91726112,12.77460342,326.0230846,1.57311,67.39,2.35
2017,82,11.65989518,10.22316801,16.8258843,430.9479349,0.02809125,67.2,3.55
2017,83,13.11614377,11.70546855,18.01295316,424.493858,0,71.26,2.12
2017,84,14.11669553,12.77601894,19.86434496,399.4151591,0.58991625,71.84,2.75
2017,85,14.95874403,14.62301247,19.74454902,398.308746,0.02809125,73.02,1.71
2017,86,15.37481506,14.85829827,20.44154358,428.3663041,0,70.23,1.51
2017,87,14.79033433,14.51713386,20.06037468,421.1746184,0,71.01,3.06
2017,88,16.25648937,15.36416274,22.14046782,389.0886361,0,63.55,2.68
2017,89,16.41499262,14.84653398,22.5434178,462.849515,0,61.38,2.12
2017,90,15.58285057,14.07009084,22.33649754,446.6221216,0,60.85,2.8
2017,91,14.34454394,13.51716921,19.48317606,461.3742974,0,70.94,3.03
2017,92,14.87949241,13.71716214,20.3108571,449.0193502,0,63.65,2.27
2017,93,15.23612471,14.39949096,21.05141382,403.2876053,0,68.93,3.55
2017,94,14.30491813,13.87009791,18.99310176,385.0317878,0.19663875,71.48,3.79
2017,95,14.542673,13.08189048,19.74454902,461.005493,0,67.06,3.19
2017,96,14.43370202,13.34070486,19.86434496,464.1403304,0.0561825,75.5,3.82
2017,97,14.542673,13.37599773,19.88612604,406.0536382,0.70228125,82.19,4.45
2017,98,14.96865048,13.4112906,20.59401114,475.3888644,0.02809125,74.54,4.48
2017,99,16.29611519,14.78771253,22.7067759,482.5805501,0,62.12,1.9
2017,100,17.44526373,16.84646328,23.89384476,473.5448424,0,65.25,2.21
2017,101,20.03084797,17.70525645,26.97586758,428.1819019,0,59.06,2.33
2017,102,20.34785446,20.3522217,26.86696218,394.620702,0,58.07,2.37
2017,103,19.21851882,18.16406376,25.60365954,394.0674954,0,61.25,2.06
2017,104,16.72209266,17.03469192,21.9444381,375.0740691,0.02809125,81.15,3.78
2017,105,17.31647984,17.57584926,22.93547724,451.6009809,0,74.18,2.05
2017,106,17.73255087,17.90524938,23.27308398,456.3954381,0,68.77,3.38
2017,107,16.07817322,17.18762769,19.7663301,254.4750321,0,71.05,7.72
2017,108,14.57239236,15.4112199,18.2416545,369.9108076,0,63.09,8.82
2017,109,14.0374439,14.3524338,17.82781398,390.5638537,0,66.57,8.81
2017,110,14.00772454,14.84653398,18.19809234,323.0726495,0.02809125,76.04,6.43
2017,111,15.14696664,14.21126232,20.57223006,444.0404909,0,67.64,4.14
2017,112,15.79088608,14.91711972,20.92072734,440.5368491,1.09555875,66.82,2.17
2017,113,17.5146089,16.22295591,23.09883534,422.649836,0.89892,70.89,2.92
2017,114,18.38637677,17.85819222,24.32946636,398.1243438,0,67.48,2.99
2017,115,15.72154091,16.09354872,20.27818548,149.9189863,5.02833375,78.32,4.46
2017,116,13.25483411,15.21122697,15.05072628,106.4000678,16.517655,82.81,7.02
2017,117,14.14641488,15.59944854,17.02191402,137.3796369,3.34285875,85.82,3.2
2017,118,17.48488955,15.37592703,24.65618256,504.8932159,0.30900375,70.17,4.34
2017,119,15.93948288,15.59944854,21.0731949,469.3035919,0.02809125,67.76,2.95
2017,120,15.73144736,14.84653398,21.1276476,529.4187082,0,69.56,3.01
2017,121,16.26639583,14.96417688,22.40184078,529.7875126,0,67.87,4.47
2017,122,16.85087655,15.65826999,22.18402998,426.7066843,0.02809125,72.39,4.49
2017,123,19.79309309,18.26994237,26.54024598,453.8138073,0.02809125,62.69,4.35
2017,124,18.37647032,17.46997065,23.92651638,543.9864817,0,63.07,2.09
2017,125,18.18824771,17.50526352,24.1769988,534.5819697,0,64.16,2.49
2017,126,19.10954784,18.56404962,25.11358524,519.2765873,0,56.62,2.05
2017,127,20.37757382,18.88168545,26.93230542,484.7933764,0,56.07,2.94
2017,128,20.00112861,20.39927886,26.00660952,450.4945678,0.0561825,65.29,3.48
2017,129,19.02038976,19.61107143,24.79775958,321.5974319,1.43265375,67.58,5.16
2017,130,19.21851882,17.8817208,25.18981902,407.713258,1.011285,66.17,5.04
2017,131,19.60487049,18.4699353,25.8105798,524.2554466,0,63.29,2.89
2017,132,20.20916412,20.55221463,26.05017168,531.0783279,0,59.58,2.29
2017,133,19.91197053,19.90517868,26.21352978,520.5674027,0,62.03,3.38
2017,134,20.03084797,19.91694297,25.67989332,435.5579898,0,55.46,4.59
2017,135,19.72374792,20.08164303,25.83236088,448.4661436,0,58.04,3.66
2017,136,21.05121263,19.94047155,28.4787621,524.0710444,0,51.89,3.27
2017,137,18.36656386,18.59934249,23.50178532,506.3684335,0,67.68,4.41
2017,138,18.70338326,17.48173494,24.68885418,560.7670817,0,67.24,4.51
2017,139,19.20861237,18.56404962,24.08987448,388.5354295,0,65.31,5.71
2017,140,19.74356083,20.21105022,25.82147034,501.5739764,0,62.32,3.47
2017,141,19.79309309,19.94047155,25.72345548,507.6592489,0,63.8,5.2
2017,142,20.32804156,20.31692883,26.18085816,529.7875126,0.08427375,60.63,5.45
2017,143,21.7941966,21.77570079,28.13026482,510.609684,0.47755125,53.24,5.37
2017,144,22.39849023,23.1756513,28.28273238,517.0637609,0.02809125,52.36,3.77
2017,145,22.05176438,22.38744387,27.61840944,528.312295,0,55.52,5.42
2017,146,21.91307404,22.42273674,27.8797824,489.2190292,0.02809125,57.95,4.75
2017,147,20.53607707,21.30512919,25.73434602,462.2963084,1.7416575,60.41,2.95
2017,148,20.71439322,21.63452931,25.7016744,463.9559282,0.0561825,75.49,2.58
2017,149,20.54598352,21.04631481,25.61455008,511.1628906,0,72.47,3.96
2017,150,20.83327066,21.71687934,26.05017168,508.9500643,0.02809125,74.36,4.34
2017,151,21.98241921,22.76390115,27.62929998,517.2481631,0,63.79,4.02
2017,152,22.26970634,22.96389408,28.50054318,501.7583786,0.02809125,64.9,2.34
2017,153,22.00223211,23.03447982,27.25902162,400.8903767,0.22473,70.78,2.42
2017,154,22.19045472,22.37567958,29.11041342,562.2422993,0,63.33,2.91
2017,155,22.81456126,22.19921523,29.7311742,565.9303432,0,63.74,2.46
2017,156,22.20036117,22.66978683,27.83622024,560.2138751,0,72.22,4.91
2017,157,22.04185793,22.69331541,28.16293644,542.8800686,0,66.72,5.55
2017,158,21.33849976,22.85801547,27.1718973,458.7926666,0,68.81,2.37
2017,159,21.4771901,21.54041499,27.18278784,477.7860929,0,71.07,3.39
2017,160,23.26035164,22.79919402,29.66583096,555.9726246,0,57.55,3.2
2017,161,23.49810652,24.05797305,29.85097014,559.4762663,0,56.17,4.58
2017,162,24.32034212,24.31678743,30.9291336,546.3837103,0,56.94,4.66
2017,163,24.90482284,25.57556646,30.94002414,548.4121345,0,57.32,2.64
2017,164,25.51902293,27.25785993,31.44098898,543.6176773,0.02809125,58.67,1.56
2017,165,26.11341011,27.01080984,32.75874432,530.3407191,0,51.6,3.95
2017,166,25.59827455,26.4696525,32.22510786,543.4332751,0,60.92,3.05
2017,167,25.31098742,25.50498072,31.39742682,498.2547368,0.08427375,63.39,3.14
2017,168,24.5977228,26.32848102,30.0578904,522.5958269,0.02809125,67.84,4.59
2017,169,24.45903246,24.99911625,30.52618362,533.4755565,0,65.06,4.32
2017,170,24.95435511,25.90496658,30.68954172,536.794796,0,55.58,2.81
2017,171,25.69733908,26.59905969,31.46277006,533.4755565,0,54.42,1.77
2017,172,26.67807793,27.04610271,33.55375374,539.560829,0,56.31,2.28
2017,173,27.43096836,27.63431721,34.20718614,542.1424598,0,53.95,1.66
2017,174,26.60873276,28.79898192,33.06367944,385.21619,0,57.27,4.66
2017,175,27.76778776,28.65781044,34.89329016,531.6315345,0,51.24,3.55
2017,176,28.64946208,29.5283679,36.00412524,375.2584713,0,41.97,4.18
2017,177,26.78704891,26.77552404,34.22896722,573.4908333,0,45.2,4.14
2017,178,25.4397713,25.62262362,32.06174976,576.6256706,0,43.45,3.98
2017,179,22.54708703,23.15212272,28.78369722,576.8100728,0,45.43,3.61
2017,180,22.16073536,22.97565837,28.46787156,489.7722358,0.14045625,60.15,3.08
2017,181,22.06167083,22.52861535,27.72731484,560.5826795,0,63.15,3.95
2017,182,22.68577737,22.88154405,28.79458776,571.6468113,0,64.7,5.46
2017,183,23.05231613,23.09330127,29.43712962,558.5542553,0,66.67,5.16
2017,184,22.87399998,23.38740852,28.2609513,507.4748467,0.02809125,72.07,3.71
2017,185,24.5977228,26.06966664,29.8945323,331.7395528,0.112365,66.56,3.24
2017,186,24.79585186,25.06970199,30.94002414,316.8029748,0.89892,62,3.38
2017,187,25.18220353,24.69324471,31.39742682,556.8946355,0.112365,52.58,3.11
2017,188,26.46013596,27.55196718,33.08546052,543.9864817,0,53.04,2.4
2017,189,25.55864874,26.88140265,31.26674034,544.9084927,0,58.69,1.73
2017,190,25.59827455,26.9402241,32.06174976,510.0564775,0,62.83,2.22
2017,191,26.94555216,27.50491002,33.5973159,521.6738159,0,59.75,1.63
2017,192,27.72816195,28.7048676,36.06946848,496.4107149,0,59.66,1.92
2017,193,25.9251875,27.04610271,31.9637349,497.7015302,0,69.83,3.19
2017,194,24.35996793,26.04613806,30.1667958,521.4894137,0,77.37,4
2017,195,24.97416801,25.55203788,31.50633222,533.1067521,0,63.76,4.27
2017,196,25.49921002,27.34020996,31.61523762,507.1060423,0,62.22,4.94
2017,197,25.68743263,27.43432428,31.29941196,492.7226709,0,61.07,4.73
2017,198,26.75732955,27.61078863,33.42306726,508.0280533,0.02809125,54.4,3.55
2017,199,26.97527152,26.96375268,33.83690778,531.4471323,0,54.58,2.83
2017,200,25.33080032,25.70497365,32.25777948,517.2481631,0,62.25,2.61
2017,201,25.083139,25.66968078,31.4736606,502.8647918,0,57.56,1.99
2017,202,26.01434558,26.4696525,33.96759426,438.1396205,0,56.96,2.39
2017,203,26.21247464,26.42259534,33.64087806,541.5892532,0,56.32,2.44
2017,204,25.02370028,26.99904555,30.31926336,495.1198995,0,75.08,4.01
2017,205,25.13267126,26.10495951,31.68058086,503.9712049,0,69.69,2.86
2017,206,26.08369075,26.63435256,32.54093352,519.2765873,0,65,1.68
2017,207,27.79750712,29.37543213,34.31609154,516.8793588,0,53.58,1.87
2017,208,27.26255866,28.63428186,33.74978346,518.3545763,0,58.32,1.9
2017,209,28.47114592,29.78718228,35.54672256,516.3261522,0,47.64,1.42
2017,210,27.12386831,28.76368905,33.67354968,483.8713655,0.0561825,60.23,1.92
2017,211,27.58947161,28.48134609,34.81705638,318.6469968,0.67419,58.01,2.13
2017,212,27.7380684,29.51660361,34.78438476,352.9458054,0.112365,66.61,2.3
2017,213,28.12442007,29.18720349,35.76453336,498.0703346,0,57.08,2.17
2017,214,28.8971234,29.59895364,35.0130861,506.1840313,0,50.04,1.64
2017,215,28.91693631,30.92831841,35.25267798,491.0630511,0,54.56,1.62
2017,216,27.03471024,29.5283679,32.80230648,469.1191897,0.08427375,73.37,2.64
2017,217,27.14368122,29.36366784,32.47559028,387.4290163,0.22473,71.61,2.35
2017,218,30.07599131,30.22246101,38.85744672,414.1673349,0.02809125,51.59,3.64
2017,219,27.03471024,28.36370319,33.77156454,489.956638,0.02809125,65.39,3.54
2017,220,23.97361626,25.09323057,29.64404988,303.3416144,0.22473,68.98,6.44
2017,221,24.39959374,25.881438,30.17768634,503.9712049,0,65.51,5.24
2017,222,24.0924937,26.1167238,29.6222688,496.2263127,0,65.68,5.52
2017,223,24.30052921,25.10499486,30.37371606,464.6935369,0,67.89,5.43
2017,224,24.90482284,26.1167238,30.7113228,434.0827722,0.0561825,68.67,5.17
2017,225,25.5883681,26.8225812,31.7459241,439.4304359,0.1685475,71.2,3.49
2017,226,25.73696489,27.68137437,32.20332678,428.7351085,0.14045625,74.32,1.66
2017,227,25.41005195,27.10492416,30.99447684,456.5798403,0.08427375,77.23,2.14
2017,228,25.67752618,26.78728833,31.5281133,468.1971787,0.08427375,70.91,2.12
2017,229,25.49921002,27.83431014,31.2013971,411.2168998,0,73.62,3.77
2017,230,25.37042613,27.86960301,30.9291336,450.8633722,0,74.98,5.41
2017,231,25.00388737,26.88140265,31.16872548,449.0193502,0,70.14,4.7
2017,232,24.7661325,26.10495951,30.88557144,466.3531567,0,65.7,3
2017,233,24.71660024,26.57553111,30.75488496,464.5091347,0,66.89,2.73
2017,234,24.86519703,26.84610978,30.55885524,458.6082644,0,69.03,2.62
2017,235,25.1029519,26.62258827,30.31926336,416.7489657,0.0561825,71.33,2.42
2017,236,25.21192289,26.38730247,30.86379036,409.0040734,0.08427375,75.5,3.57
2017,237,25.28126806,27.79901727,30.90735252,263.1419354,2.66866875,75.6,3.39
2017,238,24.69678733,27.5284386,29.19753774,162.4583357,5.53397625,80.46,2.05
2017,239,22.22017408,23.71680864,25.99571898,168.7280104,73.7676225,77.24,2.69
2017,240,22.37867733,23.96385873,28.35896616,120.2302326,35.50734,76.67,1.67
2017,241,24.35996793,25.39910211,30.6024174,357.0026538,0.112365,70.83,3.26
2017,242,24.22127759,25.62262362,29.85097014,388.1666251,0.14045625,78.38,5.2
2017,243,23.59717105,25.881438,28.0431405,328.0515088,0.53373375,76.46,4.28
2017,244,24.03305498,25.95202374,30.06878094,368.9887966,0,70.85,2.36
2017,245,25.68743263,26.24613099,33.24881862,431.6855436,0,67.08,2.89
2017,246,24.39959374,25.94025945,30.1667958,424.3094558,0,76.5,3.37
2017,247,24.51847118,26.34024531,30.1667958,375.9960801,0,72.08,2.68
2017,248,24.04296143,26.22260241,29.57870664,372.4924383,0.02809125,79.61,2.94
2017,249,23.98352271,25.68144507,30.10145256,376.1804823,0.08427375,78.42,2.13
2017,250,25.44967776,24.74030187,33.88046994,203.7644279,0.3932775,56.02,3.88
2017,251,22.77493545,22.31685813,29.948985,445.8845128,0.14045625,51.86,3.82
2017,252,24.03305498,23.74033722,31.34297412,431.8699458,0,50.32,2.96
2017,253,24.25099694,25.23440205,31.2013971,417.4865745,0,63.35,3.6
2017,254,23.40894844,24.30502314,29.4589107,417.4865745,0,71.99,3.33
2017,255,24.92463575,24.78735903,32.42113758,418.961792,0,59.41,2.53
2017,256,24.20146468,25.28145921,30.64597956,366.7759702,0.0561825,62.42,3.01
2017,257,21.56634818,23.63445861,26.28976356,317.3561814,0.14045625,71.02,3.48
2017,258,21.67531916,23.19917988,27.10655406,380.0529284,0,71.06,2.53
2017,259,23.82501947,22.17568665,31.61523762,414.1673349,0,47.71,2.75
2017,260,22.80465481,23.22270846,29.6767215,396.2803218,0,61.97,3.25
2017,261,22.40839669,23.65798719,28.03224996,366.2227636,0,72.35,2.18
2017,262,22.52727412,23.25800133,28.97972694,380.0529284,0,70.03,3.32
2017,263,22.34895797,23.89327299,27.6075189,311.2709089,0,77.05,4.81
2017,264,22.28951925,23.6462229,27.80354862,282.6885683,0.0561825,74.01,4.03
2017,265,22.42820959,23.55210858,28.54410534,378.0245043,0,67.82,1.67
2017,266,23.93399045,23.85798012,31.3103025,372.1236339,0,60.85,3.28
2017,267,22.99287741,24.4697232,29.01239856,336.1652055,0.02809125,67.75,3.88
2017,268,22.2796128,24.85794477,27.1718973,273.8372628,0.08427375,78.73,3.44
2017,269,22.25979989,24.03444447,27.21545946,281.7665573,0,73.46,4.27
2017,270,21.50690946,22.55214393,27.30258378,333.5835747,0.02809125,71.47,3.52
2017,271,21.15027716,23.1756513,26.52935544,306.6608539,0,70.01,1.77
2017,272,20.96205455,23.2932942,25.35317712,226.0770938,0,78.1,2.33
2017,273,22.05176438,23.24623704,27.85800132,291.1710694,0.0561825,74.3,3.44
2017,274,21.80410305,22.7050797,27.8253297,334.8743901,0.08427375,75.36,2.57
2017,275,21.82391596,23.59916574,27.0085392,308.8736803,0.0561825,77.38,3.26
2017,276,21.77438369,23.0580084,27.92334456,328.7891176,0,73.63,2.62
2017,277,22.76502899,23.06977269,30.42816876,341.328467,0,62.24,2.21
2017,278,21.51681592,22.77566544,26.86696218,276.9721002,0.02809125,79,4.17
2017,279,21.26915459,22.85801547,26.5184649,324.1790627,0,72.2,2.63
2017,280,21.17999651,22.55214393,27.0629919,328.6047154,0,68.96,1.56
2017,281,21.13046425,22.59920109,27.03032028,307.3984627,0,71.65,1.36
2017,282,21.26915459,22.15215807,27.01942974,318.0937902,0,72.26,1.62
2017,283,22.58671284,23.62269432,28.63122966,302.4196034,0,61.74,1.46
2017,284,22.98297096,23.96385873,29.15397558,309.4268869,0,60.42,1.73
2017,285,22.32914506,22.96389408,28.89260262,305.5544408,0,70.74,3.69
2017,286,21.02149327,22.09333662,27.04121082,305.738843,0,81.02,5.03
2017,287,20.54598352,21.2933649,26.48579328,305.738843,0,76.74,4.19
2017,288,20.6351416,21.84628653,26.03928114,237.1412256,1.7416575,74.91,1.94
2017,289,19.86243827,21.37571493,24.31857582,125.3934941,40.22667,78.44,4.23
2017,290,18.83216715,18.86992116,25.1026947,278.2629156,25.16976,65.08,3.26
2017,291,19.68412211,19.15226412,26.67093246,288.5894386,0,66.22,2.7
2017,292,20.52617062,20.79926472,26.80161894,296.8875375,0,70.64,2.38
2017,293,20.49645126,21.77570079,25.73434602,248.9429662,0.02809125,76.65,3.29
2017,294,19.11945429,20.30516454,23.99185962,219.8074191,0,80.35,3.09
2017,295,19.17889301,18.98756406,24.8304312,291.9086782,0,71.87,2.08
2017,296,20.10019314,20.78750043,26.16996762,292.4618848,0,66.4,2.28
2017,297,20.01103506,20.78750043,26.4095595,289.5114496,0,70.44,3.17
2017,298,20.47663835,20.49339318,27.5530662,292.8306892,0,60.27,2.47
2017,299,19.55533822,20.54045034,24.8848839,243.7797047,0,74.84,3.83
2017,300,19.4958995,21.36395064,24.62351094,241.7512805,0,71.9,2.31
2017,301,19.31758335,20.91690762,24.05720286,255.3970431,0,74.1,2.13
2017,302,18.87179297,20.44633602,24.0680934,211.324918,0.42136875,80.78,3.48
2017,303,18.58450583,20.02282158,23.49089478,197.4947532,1.1798325,83.69,3.62
2017,304,18.29721869,18.75227826,23.20774074,226.6303004,0,85.56,3.49
2017,305,18.57459938,19.85812152,23.0879448,167.9904016,0.64609875,79.54,1.57
2017,306,18.58450583,19.82282865,23.45822316,124.6558853,4.4946,75.29,4.5
2017,307,18.52506711,18.2346495,25.47297306,240.6448673,0.19663875,64.3,2.62
2017,308,15.9989216,15.293577,21.42169218,262.4043266,0,53.88,3.83
2017,309,15.28565698,13.74069072,22.11868674,257.0566629,0,57.14,2.58
2017,310,16.21686356,15.63474141,22.63054212,254.1062277,0,61.02,1.81
2017,311,14.48323429,13.68186927,19.46139498,244.1485091,0.1685475,54.95,4.68
2017,312,14.2058536,12.74072607,19.94057874,244.3329113,0.02809125,56.4,3.82
2017,313,16.15742484,15.31710558,22.72855698,243.0420959,0,61.26,2.49
2017,314,17.24713467,15.90532008,24.91755552,246.7301399,0,55.08,2.41
2017,315,16.76171848,15.21122697,23.77404882,246.5457377,0,51.89,4.14
2017,316,12.71988565,11.19960408,17.5337694,232.3467685,0,55.88,3.48
2017,317,14.33463749,14.44654812,19.4940666,234.743997,0,63.67,1.7
2017,318,14.78042788,14.85829827,20.0385936,234.9283992,0,59,1.36
2017,319,14.91911822,15.92884866,19.88612604,226.4458982,0,70.73,1.36
2017,320,15.06771501,15.07005549,19.88612604,214.8285597,8.09028,74.95,1.52
2017,321,14.53276655,13.82304075,20.12571792,221.8358432,5.84298,82.48,2.89
2017,322,15.45406668,15.8817915,21.41080164,226.9991048,0.25282125,70.47,1.69
2017,323,16.03854741,16.32883452,22.33649754,224.2330718,0,61.9,1.45
2017,324,15.59275702,16.28177736,20.4742152,205.7928521,0,64.12,1.53
2017,325,16.1871442,14.88182685,23.04438264,204.1332323,0,61.11,2.23
2017,326,17.6632057,18.17582805,24.13343664,188.6434477,0,57.2,2.21
2017,327,18.01983801,16.99939905,25.22249064,82.24337995,0,58.13,2.38
2017,328,15.72154091,15.89355579,19.7663301,178.5013269,0.02809125,74.56,4.21
2017,329,15.12715373,16.86999186,18.80796258,113.5917535,0.0561825,74.28,2.89
2017,330,15.5333183,16.32883452,20.33263818,71.54805251,0.08427375,71.78,2.7
2017,331,16.20695711,15.82297005,21.1276476,87.22223928,25.5630375,85.94,4.94
2017,332,11.44195322,11.14078263,14.13592092,92.75430519,21.04034625,75.77,4.84
2017,333,10.85747249,8.87027466,17.50109778,203.5800257,0,53.64,4.09
2017,334,9.599352957,7.21150977,16.27046676,207.8212762,0,57.94,4.83
2017,335,9.321972273,6.2350737,14.25571686,205.9772543,0,53.85,2.75
2017,336,10.44140146,10.39963236,14.4299655,198.0479598,0,51.71,2.39
2017,337,10.93672411,9.96435363,15.61703436,195.0975246,0,72.72,3.23
2017,338,11.25373061,9.411432,16.24868568,182.373773,0,82.62,3.05
2017,339,12.11559202,12.32897592,16.880337,182.1893708,0,72.6,1.58
2017,340,13.72043741,11.38783272,20.81182194,183.8489906,0,62.32,2.65
2017,341,14.95874403,14.2347909,21.49792596,161.1675204,0.08427375,75.62,1.42
2017,342,14.78042788,14.03479797,21.68306514,158.954694,0.42136875,79.86,4.26
2017,343,13.71053095,12.76425465,17.68623696,70.81044372,6.9104475,72.41,6.71
2017,344,11.50139193,9.91729647,16.85855592,190.6718719,0.19663875,57.83,2.82
2017,345,10.30271112,8.37617448,16.31402892,198.0479598,0,57.48,2.79
2017,346,12.63072758,10.3525752,19.84256388,166.1463797,0.02809125,76.21,2.75
2017,347,14.90921177,13.94068365,21.16031922,143.096105,1.7416575,80.8,3.55
2017,348,11.70942745,10.44668952,16.90211808,190.8562741,1.09555875,64.63,4.01
2017,349,9.995611077,8.74086747,15.06161682,194.3599158,0,61.7,3.41
2017,350,9.886640094,8.38793877,15.17052222,189.9342631,0,55.91,2.49
2017,351,12.01652749,11.43488988,16.1724519,131.847571,1.15174125,70.85,6.3
2017,352,10.60981116,8.85851037,16.05265596,157.2950742,0.08427375,70.49,3.18
2017,353,11.56083065,10.32904662,16.1724519,157.110672,0.47755125,75.23,3.62
2017,354,12.79913728,11.15254692,19.8207828,188.2746433,0,70.76,3
2017,355,12.12549847,11.51723991,17.34863022,120.0458304,0,83.25,3.31
2017,356,12.06605975,12.02310438,16.16156136,136.0888215,0,85.66,3.56
2017,357,11.5707371,9.19967478,17.56644102,184.0333928,0.02809125,78.67,3.57
2017,358,12.93782762,12.1172187,19.13467878,117.833004,0.42136875,74.61,4.28
2017,359,13.34399219,12.81131181,18.61193286,136.8264303,0.7303725,66.96,5.37
2017,360,14.64173753,12.99954045,20.9642895,145.4933336,0.19663875,75.22,4.17
2017,361,14.94883758,14.62301247,21.3999111,175.7352939,0.14045625,79.62,2.21
2017,362,14.6912698,14.76418395,20.93161788,190.4874697,0,77.08,1.95
2017,363,0,0,0,91.83229421,0,74.55,2.48
2017,364,12.55147595,9.77612499,18.75350988,199.5231774,0,66.42,2.51
2017,365,13.35389864,11.30548269,21.02963274,190.1186653,0,62.97,2.4
2018,1,15.08752792,14.41125525,21.97710972,182.5581752,0,71.99,3.13
2018,2,15.47387959,14.67006963,23.12061642,197.8635576,0,71.5,2.85
2018,3,13.67090514,12.61131888,20.12571792,200.6295906,0,76.79,3.08
2018,4,11.3825145,9.62318922,14.80024386,101.2368063,6.82617375,77.11,4.82
2018,5,9.094123854,7.79972427,13.7765331,190.8562741,0.87082875,63.29,3.43
2018,6,9.004965777,9.57613206,11.58753456,191.7782851,4.85978625,69.71,1.94
2018,7,10.5800918,8.81145321,15.3012087,140.1456699,1.79784,66.29,3.2
2018,8,12.55147595,11.97604722,18.00206262,199.154373,6.6857175,80.32,3.73
2018,9,10.33243048,8.25853158,16.37937216,191.2250785,0.14045625,67.85,3.75
2018,10,10.28289821,7.84678143,16.24868568,211.5093202,0,66.27,2.92
2018,11,10.51074663,10.9407897,13.68940878,122.0742545,0.36518625,71.89,2.22
2018,12,10.0550498,9.97611792,14.8655871,134.613604,14.35462875,73.31,2.11
2018,13,9.480475521,8.49381738,12.93796152,139.9612677,3.11812875,80.65,3.68
2018,14,11.29335642,8.44676022,18.43768422,220.5450279,0,72.68,3.36
2018,15,12.62082112,11.18783979,19.24358418,224.0486696,0,77.41,2.85
2018,16,12.13540493,10.89373254,17.22883428,205.0552433,0.1685475,86.35,4.72
2018,17,12.0363404,12.43485453,15.12696006,106.2156656,2.0787525,86.22,2.51
2018,18,13.34399219,11.58782565,20.51777736,206.7148631,0,64.66,2.71
2018,19,15.04790211,12.62308317,23.04438264,221.8358432,0,61.4,2.52
2018,20,15.75126027,15.57591996,22.34738808,232.3467685,0,67.54,2.92
2018,21,14.23557296,14.61124818,19.28714634,232.3467685,0.02809125,74.36,2.6
2018,22,12.86848245,13.44658347,17.39219238,214.4597553,0.0561825,74.21,1.43
2018,23,13.25483411,13.56422637,17.8060329,157.6638786,0.67419,73.77,3.65
2018,24,10.8970983,10.42316094,15.44278572,145.862138,2.359665,62.79,4.66
2018,25,10.20364659,8.91733182,14.3210601,188.6434477,5.7867975,65,5.39
2018,26,11.46176612,10.99961115,14.5933236,165.5931731,19.52341875,75.64,7.54
2018,27,12.93782762,13.01130474,16.25957622,179.4233379,0.0561825,84.26,7.24
2018,28,12.13540493,11.98781151,16.16156136,154.3446391,0.22473,86.84,5.33
2018,29,11.3825145,11.70546855,14.5933236,181.2673598,1.99447875,89.18,4.18
2018,30,13.11614377,12.17604015,19.058445,198.0479598,4.24177875,72.3,3.68
2018,31,9.391317444,8.51734596,12.92707098,149.3657797,10.30948875,63.37,5.28
2018,32,9.381410991,6.68211672,15.1923033,264.8015552,0,54.35,3.4
2018,33,9.767762658,9.24673194,13.80920472,123.9182765,13.06243125,70.69,3.75
2018,34,9.361598085,8.9408604,12.93796152,176.6573049,4.12941375,67.72,2.86
2018,35,8.826649623,7.30562409,14.13592092,229.0275289,1.88211375,62.97,3.23
2018,36,8.925714153,6.08213793,14.08146822,253.368619,0.02809125,58.59,2.48
2018,37,9.034685136,7.2938598,13.27556826,251.8934014,0.98319375,68.98,3.7
2018,38,9.470569068,7.51738131,13.60228446,255.5814453,0.9551025,54.52,1.78
2018,39,10.10458206,8.21147442,15.45367626,232.8999751,0,57.94,4.2
2018,40,11.62026937,8.27029587,18.90597744,248.2053574,0,65.38,3.21
2018,41,13.22511476,11.49371133,20.28907602,153.0538237,0.561825,71.04,3.36
2018,42,11.5707371,9.2937891,18.04562478,281.3977529,0,62.8,2.61
2018,43,12.10568557,9.25849623,19.20002202,273.2840563,0,62.85,1.83
2018,44,13.07651796,11.51723991,18.65549502,288.5894386,0,69.08,1.87
2018,45,13.57184061,13.7642193,18.6228234,256.1346519,0,74.94,1.6
2018,46,14.29501168,12.90542613,21.1276476,287.4830254,0,70.23,2.26
2018,47,12.61091467,13.25835483,16.15067082,118.9394172,0.8427375,82.17,4.38
2018,48,11.47167257,11.98781151,14.27749794,225.8926916,4.5507825,83.42,2.18
2018,49,13.81950194,11.49371133,20.23462332,276.9721002,0,67.17,2.17
2018,50,12.61091467,11.28195411,17.90404776,219.2542125,1.48883625,64.22,4.43
2018,51,11.35279514,10.37610378,16.15067082,290.802265,1.910205,64.31,3
2018,52,9.01487223,6.85858107,14.157702,315.6965616,0,59.21,4.29
2018,53,9.460662615,7.31738838,14.28838848,297.0719397,0,69.86,2.98
2018,54,11.47167257,10.48198239,16.12888974,240.4604651,0.42136875,65.58,2.13
2018,55,12.36325334,10.01141079,18.64460448,313.8525396,0.25282125,63.92,2.63
2018,56,14.06716326,13.21129767,20.23462332,180.7141533,3.56758875,75.84,2.84
2018,57,14.43370202,13.59951924,19.4940666,280.2913397,2.3034825,81.67,5.52
2018,58,14.55257946,15.11711265,18.87330582,204.3176345,12.36015,80.89,7.66
2018,59,14.21576006,12.92895471,19.01488284,141.8052896,24.57984375,83.06,6.54
2018,60,14.00772454,13.25835483,19.47228552,162.0895313,13.4838,77.48,4.65
2018,61,13.0269857,12.12898299,17.67534642,194.9131224,8.09028,80.65,4.95
2018,62,13.73034386,13.07012619,18.60104232,166.5151841,9.88812,69.93,6.88
2018,63,13.46286963,12.67014033,18.28521666,279.553731,1.685475,68.73,4.99
2018,64,12.25428236,10.50551097,17.4793167,342.250478,1.4045625,68.58,2.73
2018,65,14.83986659,12.65837604,21.53059758,291.724276,17.2480275,81.01,4.25
2018,66,15.30546989,13.94068365,21.75929892,359.7686867,0.08427375,75.23,4.06
2018,67,15.74135382,14.90535543,21.82464216,310.3488979,1.1798325,77.05,4.66
2018,68,14.09688262,13.39952631,18.79707204,350.5485769,3.258585,69.36,7.32
2018,69,14.2058536,12.84660468,19.88612604,377.1024933,0.0561825,63.51,4.44
2018,70,15.45406668,14.25831948,21.37813002,276.2344914,0.36518625,74.36,2.78
2018,71,15.1964989,15.95237724,19.29803688,247.2833464,0.3932775,80.37,4.32
2018,72,14.80024078,13.95244794,19.39605174,189.5654587,4.07323125,73.77,5.57
2018,73,12.91801471,11.96428293,18.30699774,302.6040056,1.7416575,62.93,2.96
2018,74,12.63072758,10.55256813,17.34863022,276.787698,11.7421425,69.12,7.21
2018,75,12.90810826,11.77605429,17.44664508,215.7505707,19.41105375,72.97,2.52
2018,76,13.69071805,11.56429707,19.8207828,325.2854759,4.97215125,64.94,5.76
2018,77,11.0456951,9.97611792,16.03087488,350.3641747,0.22473,51.38,5.11
2018,78,9.847014282,5.95273074,15.7368303,398.1243438,0.02809125,52.53,3.78
2018,79,10.25317886,7.03504542,15.87840732,425.2314667,0.02809125,52.57,4.6
2018,80,13.42324382,8.97615327,20.8009314,287.8518298,1.76974875,64.03,3.59
2018,81,13.30436638,12.5877903,17.55555048,394.9895064,2.55630375,58.16,8.54
2018,82,12.43259852,11.50547562,17.35952076,256.3190541,2.66866875,63.29,3.35
2018,83,13.57184061,10.95255399,19.8752355,398.308746,0.02809125,61.72,2.69
2018,84,15.13706018,12.77601894,21.54148812,430.9479349,0,61.81,3.23
2018,85,16.93012818,15.34063416,23.82850152,436.664403,0,63.03,2.9
2018,86,16.72209266,16.15237017,22.82657184,287.114221,0,62.22,3.5
2018,87,13.96809873,12.2348616,19.1673504,369.7264054,0.67419,62.09,5.35
2018,88,13.85912775,12.28191876,19.64653416,430.0259239,0.1685475,58.26,3.44
2018,89,13.95819228,12.59955459,18.98221122,429.2883151,0,60.65,3.59
2018,90,14.57239236,14.43478383,19.53762876,298.7315595,0,61.95,2.85
2018,91,16.31592809,14.77594824,22.8156813,410.6636932,0,68.92,3.6
2018,92,15.97910869,13.67010498,22.9245867,466.9063633,0,63.12,3.03
2018,93,15.37481506,13.95244794,20.6375733,436.664403,0,62.71,3.54
2018,94,15.71163446,16.14060588,19.75543956,219.8074191,2.584395,68.02,4.3
2018,95,15.27575053,14.37596238,20.6375733,199.3387752,0.6180075,66.07,3.59
2018,96,15.10734083,13.68186927,21.21477192,401.0747789,1.82593125,60.56,3.47
2018,97,14.41388912,13.50540492,19.55940984,365.669557,0.58991625,58.58,4.97
2018,98,13.31427283,11.91722577,18.04562478,311.0865067,35.394975,70.31,6.96
2018,99,13.43315027,11.84664003,18.33966936,412.6921173,0.81464625,56.91,6.34
2018,100,13.61146642,11.9995758,19.04755446,352.9458054,5.4497025,70.33,5.18
2018,101,12.46231787,12.28191876,15.26853708,396.2803218,2.83721625,73.53,3.25
2018,102,14.95874403,11.83487574,22.39095024,443.4872843,0.08427375,64.15,2.15
2018,103,16.22677001,13.8818622,22.69588536,444.4092953,0,68.91,2.6
2018,104,16.91031527,16.22295591,23.0334921,495.6731061,1.60120125,62.54,2.36
2018,105,16.12770548,15.18769839,21.43258272,490.8786489,0,63.27,2.27
2018,106,16.25648937,15.48180564,21.44347326,497.3327258,0,67.62,3.23
2018,107,15.93948288,15.49356993,21.21477192,449.2037524,0,71.97,4.77
2018,108,15.26584407,14.92888401,19.62475308,292.0930804,0.112365,78.98,6.37
2018,109,16.46452489,16.38765597,21.6177219,357.0026538,0,68.05,6.59
2018,110,17.77217668,17.38762062,22.83746238,417.3021723,0.02809125,60.38,6.44
2018,111,18.56469292,18.61110678,23.44733262,338.3780319,0.7303725,53.94,7.59
2018,112,18.35665741,19.50519282,22.78300968,458.7926666,0.08427375,61.45,7.24
2018,113,16.65274749,18.38758527,19.97325036,149.7345841,20.75943375,68.93,5.2
2018,114,16.99947335,18.17582805,21.4543638,219.6230169,24.69220875,72.02,4.32
2018,115,18.89160587,17.69349216,24.79775958,426.5222821,0,69.59,2.41
2018,116,19.05010912,18.48169959,25.51653522,504.5244115,0.112365,56.97,4.15
2018,117,15.97910869,14.57595531,21.49792596,523.8866422,0.22473,55.82,5.44
2018,118,15.59275702,14.28184806,21.08408544,416.1957591,0.53373375,57.26,2.84
2018,119,14.38416976,12.97601187,20.18017062,386.6914075,11.93878125,55.75,3.06
2018,120,15.49369249,12.51720456,21.41080164,487.5594094,0,57.18,3.99
2018,121,18.07927673,17.12880624,23.13150696,403.2876053,0.14045625,55.18,2.73
2018,122,16.05836031,16.16413446,19.72276794,444.5936974,2.584395,72.59,3.34
2018,123,16.89050237,15.77591289,22.46718402,443.1184799,0.2809125,67.92,2.17
2018,124,17.16788305,17.68172787,21.60683136,486.6373984,0.02809125,71.64,3.55
2018,125,17.19760241,17.18762769,22.6523232,469.8567985,0.02809125,72.48,3.13
2018,126,18.1684348,16.48177029,24.48193392,427.9974997,2.359665,74.44,2.14
2018,127,20.09028668,19.42284279,24.97200822,387.9822229,1.82593125,66.57,1.54
2018,128,18.29721869,18.88168545,22.83746238,321.9662363,3.033855,81.88,2.57
2018,129,17.91086702,17.26997772,23.88295422,429.4727173,0,75.63,2.83
2018,130,20.39738673,18.22288521,27.46594188,483.1337567,0,60.24,3.89
2018,131,16.97966044,16.99939905,22.40184078,499.36115,0,60.02,3.61
2018,132,17.68301861,16.63470606,23.65425288,462.849515,0,53.64,2
2018,133,17.02919271,17.12880624,22.07512458,531.0783279,0,67.74,3.96
2018,134,17.22732177,16.21119162,22.60876104,550.4405586,0.02809125,64.07,5.48
2018,135,17.09853788,17.77584219,21.20388138,425.4158689,1.88211375,68.67,6.02
2018,136,17.53442181,16.75234896,22.56519888,490.5098446,0.337095,67.86,2.68
2018,137,17.89105412,17.81113506,22.77211914,491.9850621,0.58991625,69.02,2.33
2018,138,18.24768643,18.81109971,23.00082048,476.864082,0.0561825,68.05,1.43
2018,139,18.40618967,18.08171373,22.88102454,461.005493,0.561825,67.88,1.9
2018,140,19.91197053,18.91697832,25.63633116,523.5178379,0,63.37,1.92
2018,141,20.03084797,19.15226412,25.45119198,453.6294051,0,62.83,3.57
2018,142,20.88280292,22.43450103,25.6472217,450.1257634,0.14045625,59.49,5.48
2018,143,20.93233519,21.10513626,27.32436486,479.8145171,0.0561825,56.84,3.65
2018,144,20.76392549,20.57574321,26.4640122,492.5382687,0.02809125,62.4,2.13
2018,145,20.73420613,19.98752871,26.44223112,427.8130975,0.42136875,67.6,2.92
2018,146,20.69458032,20.66985753,26.0828433,511.3472928,0.112365,65.11,2.59
2018,147,20.1299125,20.55221463,25.28783388,480.5521259,0.19663875,67.16,3.31
2018,148,20.12000604,19.74047862,25.47297306,456.0266337,0.08427375,61.35,3
2018,149,20.75401904,21.03455052,25.94126628,533.1067521,0,60.94,2.02
2018,150,19.66430921,19.37578563,25.40762982,504.8932159,1.20792375,66.61,2.59
2018,151,18.52506711,19.69342146,22.88102454,315.5121594,15.4501875,74.65,2.12
2018,152,20.32804156,18.63463536,27.0629919,476.4952776,0.70228125,65.98,3.53
2018,153,22.04185793,21.22277916,28.55499588,553.3909938,0,57.59,3.04
2018,154,20.8035513,22.54037964,25.29872442,356.265045,0.337095,60.29,3.29
2018,155,20.20916412,20.5875075,24.96111768,372.8612427,15.87155625,62.33,2.67
2018,156,19.83271891,18.84639258,25.49475414,518.3545763,0,66.39,2.85
2018,157,20.77383194,21.34042206,26.20263924,517.4325653,0.02809125,65.16,3.09
2018,158,21.64559981,22.14039378,26.92141488,380.606135,1.79784,64.51,2.42
2018,159,20.81345775,21.51688641,26.21352978,461.005493,0.08427375,64.31,2.35
2018,160,20.99177391,21.83452224,25.87592304,508.5812599,0,61.26,2.71
2018,161,21.48709656,21.12866484,27.1174446,524.2554466,0,56.47,3.12
2018,162,22.74521609,23.36387994,28.17382698,490.8786489,0,55.15,2.53
2018,163,21.2889675,21.84628653,27.58573782,543.9864817,0.112365,67.66,2.71
2018,164,21.21962233,21.54041499,27.19367838,557.6322443,0,69.59,2.3
2018,165,21.86354177,21.59923644,28.30451346,551.1781674,0,64.07,2.68
2018,166,22.37867733,22.66978683,28.52232426,552.8377872,0,61.88,3.43
2018,167,22.19045472,22.78742973,28.2064986,554.3130048,0,66.93,3.62
2018,168,22.10129664,23.06977269,27.34614594,557.4478421,0,67.52,3.78
2018,169,22.50746122,22.75213686,28.28273238,565.5615388,0,64.94,3.93
2018,170,23.09194194,22.83448689,29.06685126,557.4478421,0,62.45,3.73
2018,171,23.97361626,24.65795184,30.15590526,555.0506136,0,55.41,3.4
2018,172,24.35006147,25.14028773,30.23213904,539.1920246,0,54.98,4.43
2018,173,23.71604848,24.78735903,30.02521878,527.9434906,0,61.08,4.99
2018,174,23.37922908,24.15208737,29.01239856,522.9646313,0.112365,66.72,2.33
2018,175,23.46838716,23.96385873,29.38267692,526.2838708,0.0561825,61.14,1.34
2018,176,23.73586139,24.48148749,29.50247286,535.3195785,0.112365,61.35,2.07
2018,177,23.79530011,24.12855879,29.93809446,447.3597304,4.26987,67.96,2.38
2018,178,23.15138066,24.31678743,28.859931,508.9500643,0.0561825,75.57,3.21
2018,179,23.90427109,24.83441619,29.20842828,482.3961479,0,70.32,3.27
2018,180,25.18220353,24.71677329,32.26867002,538.4544158,0,58.97,4.06
2018,181,24.62744216,24.88147335,31.53900384,573.4908333,0,49.93,3.64
2018,182,25.22182934,25.2932235,31.54989438,484.424572,0,49.49,2.5
2018,183,25.89546814,25.49321643,33.28149024,515.219739,0,47.58,3.36
2018,184,24.63734861,25.39910211,31.29941196,564.4551256,0,49.8,2.6
2018,185,23.48820006,24.08150163,29.75295528,540.2984378,0,61.02,2.4
2018,186,24.33024857,25.1755806,30.90735252,453.8138073,0,60.77,3.49
2018,187,24.89491639,26.66964543,31.26674034,510.7940862,0,64.75,2.68
2018,188,25.49921002,26.54023824,31.77859572,536.794796,0,57.25,1.9
2018,189,26.23228754,27.16374561,32.87854026,533.1067521,0,55.34,2.88
2018,190,26.96536507,27.6460815,33.8151267,534.2131653,0,47.39,2.75
2018,191,24.9147293,26.1167238,31.11427278,530.7095235,0,68.04,2.42
2018,192,25.00388737,26.01084519,31.01625792,473.7292446,0,68.88,2.31
2018,193,25.83602942,25.65791649,32.64983892,512.453706,0,53.15,2.87
2018,194,26.95545861,27.61078863,33.5973159,466.7219611,0,46.3,3.66
2018,195,25.21192289,25.61085933,32.27956056,564.0863212,0,46.84,2.92
2018,196,25.09304545,25.58733075,31.07071062,508.0280533,0.19663875,52.98,3.18
2018,197,25.20201643,26.09319522,31.75681464,480.1833215,0,61.64,3.3
2018,198,25.07323254,26.03437377,31.4192079,454.7358183,0.0561825,61.54,2.2
2018,199,26.73751665,26.56376682,34.12006182,431.3167393,0,51.03,2.5
2018,200,25.63790036,25.61085933,31.582566,532.1847411,0,53.73,2.33
2018,201,24.30052921,24.68148042,31.00536738,482.3961479,0,79.36,3.36
2018,202,25.00388737,26.49318108,31.11427278,516.14175,0,72.25,2.64
2018,203,25.69733908,26.15201667,32.55182406,532.9223499,0,59.64,2.66
2018,204,25.28126806,26.1167238,31.64790924,527.5746862,0,62.42,2.16
2018,205,24.81566477,25.54027359,31.22317818,518.9077829,0,63.61,1.89
2018,206,25.49921002,26.88140265,31.6914714,516.14175,0,55.2,1.99
2018,207,27.28237156,26.76375975,34.80616584,524.9930554,0,45.44,2.85
2018,208,27.13377477,28.234296,34.00026588,540.8516444,0,46.15,2.61
2018,209,27.0842425,28.72839618,33.31416186,537.9012092,0,47.82,1.96
2018,210,26.59882631,28.4695818,32.63894838,513.1913148,0,55.45,1.57
2018,211,26.83658118,27.68137437,33.216147,520.7518049,0,58.03,3.79
2018,212,26.90592635,27.69313866,33.57553482,510.4252818,0,61.83,3.8
2018,213,26.8960199,28.56369612,33.33594294,484.7933764,0,60.86,2.32
2018,214,27.21302639,27.71666724,33.4339578,494.0134863,0,58.71,2.07
2018,215,28.60983626,30.10481811,34.31609154,483.3181589,0,48.57,1.5
2018,216,29.2141299,31.5282972,35.78631444,453.2606007,0,50.9,1.86
2018,217,27.87675874,29.96364663,33.73889292,408.8196712,0,65.55,1.95
2018,218,27.48050062,28.71663189,33.85868886,436.8488052,0.14045625,66.9,2.87
2018,219,27.02480378,28.7048676,33.29238078,448.4661436,0.81464625,61.45,2.67
2018,220,26.31153917,27.37550283,31.8548295,422.0966294,1.54501875,73.91,4.06
2018,221,26.71770374,29.19896778,32.20332678,425.2314667,2.02257,72.38,5.38
2018,222,26.86630054,27.9990102,32.96566458,469.8567985,1.0674675,69.21,3.29
2018,223,27.30218447,28.10488881,34.07649966,439.2460337,0.58991625,63.39,2.34
2018,224,27.01489733,29.50483932,32.91121188,465.4311457,0.2809125,65.88,3.23
2018,225,26.51957468,29.32837497,32.17065516,377.2868955,2.55630375,77.1,3.4
2018,226,26.10350366,28.32841032,31.64790924,378.3933087,1.65738375,68.43,2.68
2018,227,25.2515487,27.89313159,31.05982008,381.1593416,2.94958125,69.41,2.22
2018,228,25.62799391,28.01077449,30.72221334,390.9326581,0.14045625,70.64,4.86
2018,229,25.51902293,28.01077449,30.90735252,326.391889,0.02809125,70.01,6.13
2018,230,25.34070677,26.28142386,31.48455114,468.7503853,0.0561825,67.32,4.15
2018,231,25.79640361,26.92845981,31.8548295,462.6651128,0.08427375,62.12,3.6
2018,232,25.82612297,27.02257413,32.0181876,463.771526,0.08427375,61.86,2.38
2018,233,26.39079079,28.1166531,31.98551598,370.8328186,0.36518625,57.94,2.04
2018,234,27.39134255,28.04606736,33.78245508,450.3101656,0.02809125,51.49,2.46
2018,235,28.04516844,29.28131781,34.34876316,391.6702669,0,55.81,2.02
2018,236,26.32144562,28.45781751,32.80230648,431.1323371,0,72.24,3.9
2018,237,25.85584233,27.81078156,32.19243624,423.571847,0,73.45,3.8
2018,238,25.89546814,28.15194597,32.2359984,389.4574405,0.02809125,69.53,3.62
2018,239,26.04406494,28.10488881,32.13798354,431.5011414,0.1685475,63.68,1.96
2018,240,25.64780682,27.65784579,31.44098898,398.4931481,0.25282125,72.22,4.2
2018,241,25.54874229,26.85787407,31.88750112,422.8342382,0.02809125,72.88,4.43
2018,242,25.35061323,26.99904555,31.39742682,414.3517371,0.02809125,73.71,4.65
2018,243,25.12276481,25.96378803,31.84393896,352.9458054,0.02809125,74.23,2.92
2018,244,25.9053746,27.81078156,31.33208358,316.987377,0.8427375,69.52,1.54
2018,245,25.65771327,26.37553818,32.38846596,402.9188009,0.19663875,68.25,2.81
2018,246,26.11341011,26.48141679,32.73696324,398.6775503,0,55.63,3.81
2018,247,25.5883681,26.52847395,32.27956056,427.0754887,0,51.98,3.3
2018,248,24.60762925,26.54023824,30.1123431,370.8328186,0.3932775,68.54,2.86
2018,249,23.76558075,26.36377389,28.66390128,142.7273006,48.2607675,79.07,5.79
2018,250,24.18165177,26.69317401,29.50247286,167.2527929,13.6523475,77.11,5.5
2018,251,24.39959374,25.68144507,29.7856269,329.8955308,0.70228125,75.62,4.45
2018,252,24.68688088,26.41083105,29.90542284,177.7637181,0.89892,76.2,5.89
2018,253,24.39959374,26.68140972,29.76384582,263.1419354,1.011285,81.9,2.73
2018,254,24.84538412,26.90493123,30.4390593,353.8678164,0.22473,73.94,1.59
2018,255,23.6070775,26.08143093,27.56395674,282.8729705,1.685475,82.34,3.04
2018,256,22.84428062,26.37553818,26.05017168,193.9911115,11.15222625,86.77,3.67
2018,257,23.33960327,25.74026652,28.14115536,321.0442253,2.16302625,80.4,3.92
2018,258,23.50801297,25.881438,28.21738914,198.0479598,4.12941375,82.81,4.06
2018,259,24.39959374,25.58733075,31.038039,319.9378121,0.7303725,74.37,2.18
2018,260,24.27080985,26.15201667,29.60048772,318.831399,2.83721625,75.83,1.54
2018,261,24.07268079,26.62258827,29.23020936,370.279612,0.89892,77,1.7
2018,262,25.04351318,26.01084519,31.1469444,380.0529284,0.0561825,65.32,1.75
2018,263,25.2713616,27.16374561,30.74399442,367.1447746,0,61.2,1.64
2018,264,25.99453267,27.56373147,32.21421732,378.5777109,0,58.95,2.19
2018,265,26.0935972,27.49314573,32.44291866,377.1024933,0,64.03,2.31
2018,266,24.48875182,26.5872954,30.03610932,306.8452561,0.44946,79.69,4.97
2018,267,23.93399045,26.50494537,28.51143372,253.368619,1.910205,76.22,6.67
2018,268,23.18110002,25.34028066,28.21738914,314.9589528,1.12365,74.28,6.44
2018,269,22.26970634,24.44619462,27.61840944,338.9312385,0,73.87,3.1
2018,270,22.1112031,23.65798719,28.2064986,366.0383614,0,67.6,1.9
2018,271,22.08148374,22.89330834,28.71835398,356.0806428,0,68.41,2.28
2018,272,22.9334387,24.51678036,29.6767215,266.0923706,0.3932775,68.69,2.34
2018,273,21.72485143,23.35211565,26.8996338,302.7884078,0,65.97,4.06
2018,274,21.57625463,23.11682985,27.41148918,349.2577615,0,60.01,1.46
2018,275,21.69513207,23.30505849,27.36792702,346.6761307,0,66.64,2.36
2018,276,21.41775139,23.39917281,26.71449462,337.4560209,0,70.51,2.23
2018,277,22.43811605,23.68151577,28.5876675,338.1936297,0,64.3,2.24
2018,278,23.57735814,24.08150163,31.27763088,319.0158012,0.08427375,62.17,3.29
2018,279,20.89270938,23.44622997,24.42748122,183.8489906,6.15198375,73.29,4.63
2018,280,19.82281245,22.10510091,23.88295422,139.2236589,17.38848375,78.59,5.26
2018,281,20.68467386,21.04631481,26.55113652,284.3481881,1.71356625,73.86,2.12
2018,282,21.51681592,23.89327299,26.09373384,219.8074191,0.2809125,76.93,2.9
2018,283,21.97251275,22.95212979,27.75998646,305.0012342,0,76.12,1.8
2018,284,21.33849976,22.7050797,26.83429056,285.8234057,0.36518625,80.73,2.56
2018,285,20.54598352,18.98756406,26.26798248,155.0822478,10.87131375,72.05,3.91
2018,286,19.04020267,18.04642086,25.47297306,271.9932409,0.2809125,55.3,2.97
2018,287,18.94113814,19.45813566,24.6126204,202.6580147,35.25451875,70.31,3.41
2018,288,19.79309309,20.39927886,26.21352978,295.7811243,0.92701125,71.89,3.33
2018,289,19.1590801,19.54048569,23.86117314,198.9699708,21.4055325,74.15,2.2
2018,290,18.04955737,19.06991409,22.58697996,249.680575,2.1911175,68.45,2.59
2018,291,20.22897703,21.22277916,24.67796364,118.0174062,5.75870625,85.26,7.73
2018,292,20.99177391,22.39920816,25.4838636,178.3169247,1.79784,86.51,6.57
2018,293,20.19925767,20.90514333,26.09373384,281.2133507,0.70228125,78.07,2.25
2018,294,20.00112861,21.82275795,24.53638662,164.6711621,0.67419,79.55,3.55
2018,295,19.62468339,20.5875075,25.57098792,290.9866672,0,69.84,2.13
2018,296,19.94168989,20.91690762,26.00660952,292.646287,0,63.82,1.97
2018,297,20.30822865,20.84632188,26.8451811,231.6091597,0.02809125,64.11,2.05
2018,298,19.72374792,18.97579977,25.2116001,118.3862106,3.033855,69.62,4.36
2018,299,13.5322148,13.12894764,17.07636672,152.1318127,3.39904125,58.15,3.77
2018,300,13.33408574,11.04666831,19.62475308,256.5034563,0,56.01,5.43
2018,301,14.5228601,15.63474141,17.21794374,82.98098874,23.00673375,75.59,6.23
2018,302,13.89875356,13.39952631,18.82974366,236.9568234,14.495085,71.03,5.5
2018,303,15.22621826,14.04656226,21.11675706,254.4750321,1.9663875,62.13,3.36
2018,304,16.25648937,14.09361942,22.77211914,194.3599158,0.02809125,64.94,2.95
2018,305,15.48378604,15.32886987,20.6375733,240.4604651,0,67.5,2.76
2018,306,15.73144736,15.01123404,22.04245296,254.2906299,0,70.63,2.82
2018,307,15.12715373,14.71712679,19.79900172,60.11511629,9.7195725,77.91,5.07
2018,308,14.46342138,13.14071193,20.24551386,258.9006849,0,63.52,3.09
2018,309,15.60266348,13.87009791,22.42362186,248.2053574,0.02809125,72.33,2.79
2018,310,16.09798613,16.64647035,21.35634894,188.2746433,1.5169275,83.06,2.38
2018,311,14.51295365,12.8230761,20.7464787,252.9998146,0.75846375,62,3.77
2018,312,15.94938933,15.19946268,22.20581106,222.7578542,0,67.29,2.37
2018,313,16.39517972,16.28177736,21.81375162,239.5384542,0,77.58,1.5
2018,314,15.93948288,16.28177736,20.76825978,185.3242082,0.08427375,85.58,2.11
2018,315,17.23722822,18.61110678,21.28011516,162.8271401,2.8653075,88.13,4.36
2018,316,16.85087655,19.28167131,19.57030038,120.599037,12.16351125,87.88,5.64
2018,317,16.77162493,18.24641379,20.50688682,148.2593665,10.3937625,88.08,3.81
2018,318,16.5041507,17.5287921,20.68113546,118.0174062,5.42161125,89.1,4.55
2018,319,16.22677001,17.62290642,20.16928008,131.847571,4.07323125,86.22,4.61
2018,320,15.78097963,17.34056346,19.17824094,93.30751178,21.57408,84.58,5.06
2018,321,15.35500215,15.63474141,19.35248958,100.6835997,11.54550375,76.78,2.55
2018,322,15.28565698,15.78767718,20.64846384,135.7200171,3.8765925,75.35,5.75
2018,323,15.0280892,16.15237017,18.87330582,94.78272936,2.02257,80.61,4.39
2018,324,15.12715373,15.94061295,18.97132068,111.7477315,0.42136875,74.11,1.59
2018,325,15.23612471,15.35239845,19.21091256,104.5560458,1.685475,78.01,2.09
2018,326,14.19594715,14.19949803,19.20002202,178.5013269,1.54501875,68.15,2.66
2018,327,15.32528279,13.78774788,21.02963274,189.7498609,0.58991625,76.98,5.6
2018,328,14.47332783,13.63481211,19.06933554,200.9983949,0.36518625,65.85,5.12
2018,329,13.76006322,12.31721163,20.15838954,198.9699708,0,68.8,3.1
2018,330,14.47332783,14.55242673,21.00785166,199.8919818,0,57.7,1.79
2018,331,14.45351493,15.0582912,19.3851612,204.1332323,0,63.81,1.8
2018,332,14.65164399,13.57599066,21.55237866,193.2535027,0.02809125,73.99,2.4
2018,333,13.41333736,12.10545441,19.52673822,184.4021972,0,63.85,2.37
2018,334,15.57294412,14.36419809,22.71766644,181.451762,0,69,1.72
2018,335,17.48488955,17.12880624,24.6126204,192.7002961,0,66.5,1.14
2018,336,17.08863143,17.34056346,22.23848268,197.4947532,0,60.97,1.93
2018,337,17.44526373,18.17582805,23.9047353,182.373773,0,57.65,1.93
2018,338,16.47443134,16.48177029,22.5434178,200.2607862,0,69.21,1.56
2018,339,15.12715373,15.1759341,21.36723948,189.7498609,0,71.5,2.23
2018,340,14.34454394,14.18773374,19.8207828,176.1040983,0,77.12,3.18
2018,341,15.28565698,13.89362649,21.71573676,195.8351334,0,69.45,1.98
2018,342,15.07762147,14.99946975,19.8207828,169.6500214,0,75.69,3.27
2018,343,14.33463749,14.3524338,20.11482738,161.7207269,0,82.92,2.39
2018,344,14.17613424,13.77598359,19.36338012,188.0902411,0.0561825,78.62,2.82
2018,345,13.78978258,13.7642193,19.45050444,119.4926238,13.9894425,70.86,6.81
2018,346,12.21465655,11.56429707,18.0782964,187.7214367,0.112365,60.46,4.79
2018,347,13.24492766,10.68197532,20.4197625,182.7425774,0,67.72,2.62
2018,348,15.38472151,14.27008377,23.38198938,172.4160544,0.02809125,75.8,2.43
2018,349,12.81895018,11.96428293,17.38130184,198.232362,0,73.13,2.97
2018,350,12.49203723,11.91722577,17.68623696,176.2885005,0,82.86,2.46
2018,351,14.04735035,13.02306903,20.75736924,131.4787666,0.02809125,79.39,2.78
2018,352,13.24492766,12.52896885,18.60104232,152.3162149,0,62.95,2.29
2018,353,12.73969856,12.54073314,17.9149383,191.0406763,0,70.06,1.91
2018,354,13.26474057,12.77601894,18.88419636,189.0122521,0,66.2,1.14
2018,355,13.59165352,13.71716214,18.6228234,192.1470895,0,63.41,1.52
2018,356,14.31482459,14.65830534,19.3851612,179.7921423,0,57,1.36
2018,357,12.86848245,12.76425465,17.5337694,159.5079006,0,76.3,3.83
2018,358,12.94773407,12.77601894,17.52287886,164.1179555,0,82.27,2.81
2018,359,12.224563,13.01130474,15.45367626,143.6493116,0.02809125,78.41,1.18
2018,360,11.64008228,12.10545441,15.39922356,146.9685512,0.0561825,77.03,1.86
2018,361,12.66044693,13.03483332,15.72593976,75.97370525,1.236015,86.45,5.62
2018,362,12.30381463,12.16427586,16.15067082,176.2885005,0.02809125,82.67,4.92
2018,363,12.57128886,11.14078263,18.1872018,196.0195356,0,65.09,1.8
2018,364,0,0,0,0,0,0,0
2018,365,0,0,0,0,0,0,0
2019,1,21.71,16.61,29.16,262.41,0.52,65.09,3.7
2019,2,22.02,15.21,30.41,291.91,0.18,59.66,3.6
2019,3,22.03,15.08,29.98,272.36,1.27,64.81,4.1
2019,4,21.11,18.14,26.78,204.79,4.91,79.63,5.02
2019,5,21.17,17.01,27.93,224.23,8.32,75.47,4.79
2019,6,20.87,16.73,25.71,272.59,0.42,71.64,3.52
2019,7,22.03,15.36,30.09,297.81,0.01,54.91,4.05
2019,8,20.87,15.87,27.8,205.71,0.65,65.43,3.7
2019,9,21.46,16.22,28.5,262.41,0.18,61.78,3.6
2019,10,20.73,15.47,27.04,261.48,0.55,66.21,4.04
2019,11,21.66,16.06,28.5,262.75,0.3,65.15,4.73
2019,12,21.23,14.73,28.63,293.65,0.02,60.35,4.64
2019,13,20.94,14.37,29.02,277.56,1.22,65.1,4.24
2019,14,21.72,15.72,28.98,257.09,0.35,64.86,3.85
2019,15,20.4,16.22,25.76,207.68,1.1,73.49,3.47
2019,16,21.31,16.14,28.41,-99.99,1.88,66.18,3.27
2019,17,21.61,15.94,28.85,302.56,0.01,59.55,2.7
2019,18,22.69,15.72,31.23,294.8,0.01,52.93,3.28
2019,19,22.65,15.51,31.04,299.66,0,52.44,3.93
2019,20,23.26,15.67,32.24,312.04,0,46.74,3.51
2019,21,22.97,16.1,30.11,287.63,0,50.79,3.12
2019,22,22.11,16.73,27.99,285.08,0.05,58.67,3.37
2019,23,22.34,17.32,29.33,228.28,0.11,61.52,3.5
2019,24,22.27,15.56,30.26,302.09,0,54.34,4.18
2019,25,23.43,15.49,31.95,306.14,0.09,51.54,4.17
2019,26,23.3,17.95,30.79,286.47,0.12,56.71,3.93
2019,27,23.28,15.89,31.5,300.7,0.01,55.4,4.39
2019,28,22.77,15.96,30.49,260.9,0.01,57.25,4.49
2019,29,23.07,16.21,31.7,299.66,0.02,54.33,4.02
2019,30,23.18,15.46,32.2,299.78,0.01,51.56,3.89
2019,31,23.75,16.12,32.48,309.84,0.1,50.75,4.02
2019,32,23.47,16.07,31.72,284.04,0.03,51.02,4.06
2019,33,24.22,16.12,32.89,320.03,0,42.59,4.35
2019,34,24.33,16.42,33.35,321.07,0,39.16,4.33
2019,35,23.94,16.82,32.51,305.8,0.07,46.07,4.22
2019,36,23.15,16.91,30.59,295.61,0.25,54.25,5.08
2019,37,22.78,16.38,30.31,298.62,0.06,53.72,4.64
2019,38,23.38,17.09,30.56,277.56,0.62,58.54,4.43
2019,39,23.29,18.32,29.94,183.96,0.58,59.44,4.48
2019,40,23.34,17.75,30.78,269.47,0.29,58.18,4.57
2019,41,22.85,17.37,30.35,292.72,0.37,57.14,4.91
2019,42,23.24,15.61,32.17,297.81,0.04,44.72,4.53
2019,43,22.84,15.77,31.67,307.65,0.04,48.96,4.8
2019,44,22.77,14.95,31.31,279.18,0.04,50.91,4.75
2019,45,23.3,16.33,30.98,260.21,0.03,51.85,4.4
2019,46,24.11,16.42,32.93,297.58,0.12,50.56,4.1
2019,47,23.51,18.23,30.09,247.83,0.95,57.42,4.41
2019,48,24.3,17.53,32.14,290.18,0.14,51.6,4.61
2019,49,24.78,16.19,34.24,320.6,0.02,42.87,3.52
2019,50,25.16,17.48,32.97,307.53,0.14,48.03,3.73
2019,51,23.49,18.09,30.71,302.9,1.25,56.54,4.85
2019,52,23.37,17.57,30.51,249.91,0.31,54.83,5.48
2019,53,23.38,16.91,30.92,246.21,0.77,56.82,4.52
2019,54,22.72,17.21,29.75,267.15,1.41,62.05,4.25
2019,55,23.24,17.89,30.13,213.93,0.61,60.05,3.69
2019,56,22.61,17.38,28.91,281.61,0.47,62.16,3.37
2019,57,23.2,16.29,31.38,314.36,0.03,51.06,3.93
2019,58,23.63,16.77,31.55,290.06,0.09,52.73,4.33
2019,59,24.45,16.08,33.34,317.83,0.01,46.14,4.06
2019,60,25.53,17.02,35.09,323.27,0,41.35,2.86
2019,61,25.88,17.26,34.86,280.46,1.12,41.41,2.34
2019,62,25.75,18.29,34.22,314.36,1.1,45.95,1.87
2019,63,24.19,18.82,29.98,273.28,0.71,54.48,2.38
2019,64,23.48,18.46,29.63,263.45,1.21,57.41,3.11
2019,65,24.58,17.14,32.39,320.26,0.01,45.5,2.91
2019,66,25.48,17.84,34.07,322.69,0.06,39.08,3.47
2019,67,24.66,17.11,33.36,312.04,0.12,39.64,3.74
2019,68,24.2,16.93,32.76,299.43,0.06,42.52,4.49
2019,69,23.2,15.77,31.16,325.46,0.3,44.1,4.39
2019,70,24.07,16.53,32.87,313.78,0.2,43.64,4.11
2019,71,24.06,16.37,33.2,320.03,0.01,40.89,4.38
2019,72,23.43,15.85,33,315.28,0.04,44.93,4.46
2019,73,23.51,16.12,32.26,293.42,0.11,49.91,4.44
2019,74,23.87,15.76,32.61,297.46,0.04,46.31,4.36
2019,75,24.01,16.64,32.28,292.14,0.16,52.08,4.25
2019,76,24.93,17.35,33.46,318.87,0.03,47.55,4.07
2019,77,24.56,17.49,32.76,302.9,0.02,47.1,4.04
2019,78,24.66,16.3,33.39,317.83,0.01,46.18,4.26
2019,79,24.87,17.71,33.47,288.56,0.07,48.43,4.34
2019,80,25.21,16.79,34.19,316.09,0,44.36,4
2019,81,25.04,17.25,33.91,309.38,0.04,45.68,4.06
2019,82,24.35,16.89,33.19,291.91,0.37,50.37,4.45
2019,83,24.16,17.55,32.96,279.42,0.37,48,4.23
2019,84,24.94,15.48,34.19,296.31,0,40.63,3.29
2019,85,25.43,16.97,34.71,311.7,0.01,38.92,3.75
2019,86,24.23,16.95,32.34,286.59,1.87,46.56,4.6
2019,87,23.83,16.51,32.2,283.47,0.81,50.97,4.33
2019,88,24.84,16.5,33.54,291.68,0.21,47.17,3.83
2019,89,24.76,18.13,32.97,291.56,0.59,51.55,4.28
2019,90,24.73,18.47,33.17,306.03,0.78,51.83,4.08
2019,91,24.55,18.21,32.8,279.42,1.57,53.99,4.19
2019,92,24.6,18.28,33,286.7,0.46,53.05,4.39
2019,93,23.9,18.35,31.75,263.56,0.91,60.63,4.12
2019,94,23.12,18.4,29.85,206.76,0.83,64.75,4.66
2019,95,23.37,17.57,31.02,245.63,0.24,62.37,5.04
2019,96,23.8,17.79,31.69,291.1,0.67,55.87,4.79
2019,97,23.73,17.08,32.12,257.32,0.1,52.01,4.3
2019,98,24.49,17.24,33.41,311.23,0.17,51.67,3.94
2019,99,24.19,17.99,31.38,269.93,0.35,55.78,4.13
2019,100,23.34,18.89,29.31,283.23,0.06,57.63,3.94
2019,101,23.18,18.08,29.99,254.19,0.43,63.35,4.28
2019,102,23.64,18.35,31.07,265.99,0.1,57.13,4.42
2019,103,24.16,17.83,31.76,217.28,0.27,56.61,4.37
2019,104,24.2,18.32,31.89,270.04,0.1,53.4,4.45
2019,105,23.98,17.39,32.3,-99.99,0.01,51.9,4.36
2019,106,24.13,17.07,33.25,300.59,0.03,45.03,3.91
2019,107,23.66,14.83,33.25,302.21,0.02,41.74,3.85
2019,108,24.68,16.72,33.65,286.7,0.02,46.94,3.92
2019,109,24.73,18.12,33.33,269.12,0.58,54.49,4.21
2019,110,24.59,17.83,32.66,285.89,0.66,54.92,3.24
2019,111,23.18,18.99,28.56,255,0.88,66.1,2.66
2019,112,23.89,17.89,31.69,255,1.04,61.35,2.99
2019,113,23.38,18.12,30.89,182.81,2,64.14,2.24
2019,114,22.39,18.88,27.8,238.46,2.87,66.99,2.42
2019,115,23.26,17.69,31.51,182.11,2.89,61.97,2.5
2019,116,22.33,17.64,29.49,200.86,11.07,74.63,2.46
2019,117,22.69,18.73,28.53,242.39,2.25,73,1.43
2019,118,23.58,18.47,30.76,259.98,0.62,67.23,2.63
2019,119,23.18,18.75,30.27,260.79,0.53,69.49,4.02
2019,120,23.15,18.39,30.18,241.93,0.71,68.98,4.36
2019,121,23.29,17.86,30.5,288.09,0.42,65.53,3.92
2019,122,22.96,18.06,30.46,278.03,0.51,64.4,3.9
2019,123,22.86,17.08,30.74,232.67,0.6,62.86,3.63
2019,124,22.11,16.82,29.61,200.74,2.43,68.93,4.23
2019,125,22.03,16.41,29.78,243.2,16,71.3,3.97
2019,126,22.39,17.81,29.34,177.14,2.24,69.49,3.8
2019,127,21.91,17.69,29.14,245.4,4.21,67.24,4
2019,128,21.43,16.09,29.19,251.53,0.58,64.49,3.56
2019,129,20.96,15.19,28.07,240.31,2.06,69.41,2.75
2019,130,19.85,15.22,25.71,224.92,0.27,66.46,4.08
2019,131,19.7,13.11,27.33,245.28,1.09,63.21,3.58
2019,132,20.89,14.4,28.71,220.29,0.99,63.88,3.25
2019,133,21.18,15.12,28.37,218.9,2.11,69.92,3.31
2019,134,21.41,16.39,28.94,224.11,0.96,65.86,4.13
2019,135,21.49,16.05,28.55,234.52,0.83,68.52,3.96
2019,136,21.77,16.05,29.43,216.82,1.6,66.19,3.81
2019,137,21.67,16.13,29.13,251.07,1.46,70.47,4.08
2019,138,20.52,16.18,27.08,171.24,2.97,75.16,4.54
2019,139,19.88,15.47,25.7,150.76,4.8,72.46,2.98
2019,140,20.06,15.69,26.68,214.74,1.16,71.23,3.47
2019,141,21.04,14.11,29.35,251.18,0.05,58.43,3.19
2019,142,21.03,15.63,28.53,218.56,1.27,68.86,3.05
2019,143,20.09,15.94,26.46,189.86,5.43,74.04,3.6
2019,144,19.78,15.61,26.48,198.66,2.21,70.86,3.83
2019,145,19.84,14.75,27.01,172.86,0.82,66.78,3.51
2019,146,20.28,15.34,27.05,163.6,1.27,68.97,3.67
2019,147,20.07,15.33,26.48,189.52,0.79,71.81,3.27
2019,148,19.64,15.12,25.12,179.57,0.72,73.07,3.27
2019,149,20.19,15.57,27.24,185.35,0.5,66.14,3.18
2019,150,20.76,14.69,28.67,222.61,0.27,63.73,2.67
2019,151,20.91,15.73,28.29,201.55,0.73,67.31,1.96
2019,152,20.96,16.72,27.59,173.2,3.37,72.92,1.81
2019,153,20.1,16.74,25.38,155.39,7.1,78.7,2.06
2019,154,20.21,14.98,27.7,189.17,2.54,68.77,2.17
2019,155,20.38,15.04,27.47,137.22,1.1,70.34,1.79
2019,156,18.87,15.76,24.38,129.35,3.1,75.51,2.25
2019,157,19.21,14.82,25.62,145.09,2.42,73.03,1.92
2019,158,20.08,14.84,26.91,223.42,1.87,72.05,1.98
2019,159,19.43,15.68,24.82,203.17,0.85,72.95,2.5
2019,160,18.99,15.3,23.83,87.24,1.6,76.81,2.73
2019,161,19.46,14.07,26.75,81.57,0.15,63.68,2.86
2019,162,18.79,13.53,25.04,155.96,0.53,66.06,2.46
2019,163,19.49,14.68,25.73,134.1,0.5,69.98,2.85
2019,164,20.14,14.9,26.88,207.33,0.34,68.87,2.62
2019,165,20.18,15.78,26.26,112,0.83,72.91,2.78
2019,166,19.63,15.3,25.89,113.04,0.46,70.95,2.25
2019,167,19.66,14.97,26.43,229.66,0.19,64.23,2.43
2019,168,19.88,14.31,27.01,254.19,0.05,58.4,2.64
2019,169,19.91,13.84,27.82,149.25,0.12,61.16,2.62
2019,170,20.72,14.8,28,223.53,0.27,65.28,1.75
2019,171,20.53,15.43,27.28,153.53,0.29,66.55,2.31
2019,172,19.72,15.28,26.29,93.6,0.71,69.91,2.11
2019,173,19.63,14.34,26.62,204.33,0.35,66.07,1.66
2019,174,20.14,13.8,26.84,254.89,0.22,62.01,1.16
2019,175,21.08,15.32,27.98,179.34,1.4,65.66,1.22
2019,176,19.35,16.24,24.5,141.96,4.95,78.34,2.11
2019,177,19.28,15.76,24.53,168.81,1.78,73.99,2.85
2019,178,20.07,14.83,27.17,144.74,0.71,69.41,2.54
2019,179,20.41,14.69,27.94,120.79,0.5,65.07,1.98
2019,180,20.27,13.72,28.56,254.77,0.45,60.02,2.21
2019,181,20.67,13,29.37,258.24,0.03,53.97,2.92
2019,182,21.33,15.32,29.63,215.55,0.17,57.68,3.17
2019,183,21.53,15.56,29.08,243.09,0.14,60.95,2.66
2019,184,20.7,15.58,27.39,135.14,0.35,62.23,2.95
2019,185,20.47,15.01,27.57,191.14,0.12,57,2.51
2019,186,20.56,14.5,28.17,244.59,0.17,59.52,2.64
2019,187,20.38,15.23,27.13,155.62,0.48,64.69,3.16
2019,188,20.74,14.96,28.48,184.31,0.11,61.36,3.24
2019,189,21.02,14.59,29.34,213.35,0.06,57.08,3.03
2019,190,21.29,14.65,29.73,253.38,0.1,55.35,3.15
2019,191,21.47,14.87,29.18,184.54,0.26,58.88,3
2019,192,21.19,15.75,28.45,219.71,0.35,61.43,4.32
2019,193,21.27,15.02,29.14,241.81,0.31,56.29,3.53
2019,194,20.51,15,27.29,175.98,0.32,58.49,3.76
2019,195,20.43,14.55,27.86,202.94,0.22,59.6,3.85
2019,196,19.62,14.22,26.99,174.59,0.64,62.21,4.49
2019,197,19.45,13.63,27.4,130.97,0.21,57.72,4.08
2019,198,19.33,13.84,26.84,148.1,0.43,63.37,4.53
2019,199,19.46,12.99,27.37,251.07,0.21,58.63,4.29
2019,200,19.54,14.22,26.74,171,0.76,65.59,3.83
2019,201,19.82,13.94,26.9,166.96,0.28,62.34,2.41
2019,202,20.31,14.91,26.66,231.52,0.45,60.05,2.17
2019,203,20.32,14.6,28.18,176.44,0.02,53.82,2.91
2019,204,19.73,11.8,27.87,257.78,0.03,46.66,1.94
2019,205,20.88,13.34,29.85,180.26,0.02,43.4,2.11
2019,206,20.29,12,30.01,267.73,0.12,47.32,2.33
2019,207,20.72,13.01,30.2,231.86,0.05,50.52,2.57
2019,208,20.27,13.51,29.37,244.82,0.24,52.73,2.79
2019,209,20.13,13.1,27.7,195.88,0.21,54.23,2.34
2019,210,20.35,14.81,27.7,179.91,1.08,58.9,2.11
2019,211,19.25,15.42,24.58,133.06,2.58,70.13,2.2
2019,212,19.37,15.6,25.3,165.8,3.94,71.96,2.79
2019,213,20.39,16.01,27.73,250.14,1.02,63.3,3.32
2019,214,20.52,14.98,27.98,166.15,0.37,66.41,4.44
2019,215,19.88,13.35,28.22,224.81,0.07,58.13,4.01
2019,216,20.29,13.07,29.03,282.42,0.11,56.13,3.6
2019,217,21.38,14.22,30.62,266.23,0.1,51.74,2.75
2019,218,21.81,13.66,30.99,274.56,0.07,51.42,2.77
2019,219,21.69,15.85,29.37,185.12,0.73,62.49,4.24
2019,220,20.84,15.83,28.06,210,0.66,60.55,4.64
2019,221,20.7,13.51,29.55,178.87,0.02,50.75,3.61
2019,222,20.51,13.74,29.13,244.47,0.47,58.1,3.68
2019,223,19.84,14.38,26.78,112.69,0.23,63.68,3.83
2019,224,19.77,13.56,27.18,-99.99,0.1,54.51,3.41
2019,225,20.44,13.98,29.02,235.57,0.17,56.42,3.54
2019,226,20.2,14.35,28.04,104.59,0.31,56.35,3.14
2019,227,19.59,12.76,27.68,217.05,0.11,51.37,3.49
2019,228,19.53,13.53,26.65,126.69,0.11,58.32,3.58
2019,229,20.41,14.15,27.86,176.44,0.15,56.33,3.11
2019,230,20.57,14.6,28.02,162.79,0.41,60.32,3.31
2019,231,20.41,14.92,27.78,144.05,0.56,58.74,3.75
2019,232,20,13.93,27.61,221.57,0.3,56.88,3.04
2019,233,20.44,14.65,27.49,182.11,0.23,59.16,3.63
2019,234,21.4,15.02,29.7,175.29,0.23,55.04,3.9
2019,235,21.45,15.22,29.07,250.95,0.26,54.45,3.99
2019,236,20.3,15.42,27.25,181.65,1.57,64.07,4.75
2019,237,21.05,14.07,29.59,262.52,0.03,50.05,4
2019,238,21.41,15.27,29.5,260.44,0.19,55.84,4.32
2019,239,21.81,14.74,29.78,224,0.23,53.57,3.02
2019,240,21.39,15.48,28.98,238.34,1.08,59.08,3.27
2019,241,21.2,15.2,27.95,221.8,0.55,58.49,3.28
2019,242,21.55,15.4,29.13,155.62,0.58,60.68,3.42
2019,243,21.27,15.54,27.56,193.68,0.55,61.25,2.69
2019,244,22.31,16.14,29.38,253.61,0.84,59.45,2.21
2019,245,22.02,16.49,29.48,172.51,0.78,59.14,3.37
2019,246,21.19,15.47,28.62,159.78,0.27,58.07,3.77
2019,247,21.72,15.07,29.46,238.46,0.14,54.65,3.55
2019,248,20.16,14.83,25.89,189.52,0.12,56.68,3.39
2019,249,21.27,15.17,28.19,239.96,0.22,59.16,2.91
2019,250,20.47,15.73,26.96,189.17,0.45,58.59,3.92
2019,251,20.4,14.78,27.9,159.55,0.21,55.95,4.04
2019,252,21.06,14.02,29.39,235.45,0.16,53.63,4.95
2019,253,20.98,15.53,29.06,182.69,2.21,66.17,4.88
2019,254,21.33,14.92,30,-99.99,0.2,57.08,4.32
2019,255,21.79,15.19,30.48,282.42,0.16,53.57,4.15
2019,256,22.38,15.82,31.27,302.56,0.14,51.85,4.41
2019,257,22.63,15.74,31.81,300.94,0.14,51.19,4.14
2019,258,22.45,15.94,31.27,279.07,0.16,51.32,4.2
2019,259,22.04,15.69,30.67,-99.99,0.07,53.74,4.67
2019,260,21.43,13.71,30.78,302.9,0.05,47.47,4.2
2019,261,21.76,15.22,30.48,295.61,0.04,49.77,3.9
2019,262,21.45,14.94,30.61,314.36,0.04,47.19,4.57
2019,263,21.26,13.85,30.5,303.02,0.01,46.23,4.21
2019,264,21.96,14.53,30.87,288.79,0.02,50.91,4.01
2019,265,21.46,15.12,28.49,267.27,0.25,56.49,3.72
2019,266,21.56,14.72,29.68,279.65,0.55,53,3.58
2019,267,21.98,15.65,29.87,132.94,0.72,56.64,3.65
2019,268,22.25,15.35,29.78,264.14,0.47,54.02,3.43
2019,269,21.58,16.67,29.06,203.86,3.15,65.71,5.38
2019,270,21.01,15.27,28.35,205.6,0.76,61.45,4.78
2019,271,22.54,15.4,31.67,278.49,0.13,47.55,3.44
2019,272,22.81,15.53,31.57,307.53,0.04,47.41,3.63
2019,273,22.94,15.8,31.93,297.81,0.85,54.07,3.89
2019,274,22.28,17.25,28.77,244.24,4.59,65.75,4.23
2019,275,22.32,17.15,29.84,150.41,1.69,60.81,4.77
2019,276,20.69,15.76,28.81,275.6,3.79,67.33,5.33
2019,277,20.97,15.58,28.47,196.81,1.43,61.5,4.63
2019,278,20.34,15.03,27.84,213.12,6.08,69.51,4.63
2019,279,20.02,14.55,26.67,157.24,0.72,65.14,4.49
2019,280,20.31,14.01,27.59,309.03,0.37,56.87,3.95
2019,281,21.2,14.53,28.67,294.46,8.13,62.26,4.31
2019,282,21.11,15.48,28.73,193.57,13.85,69.65,4.77
2019,283,20.73,16.13,27.64,248.41,7.73,71.35,5.39
2019,284,20.74,16.09,27.68,223.07,6.68,71.36,5.07
2019,285,20.66,15.4,28.06,205.6,20.72,70.13,4.69
2019,286,20.52,16.2,26.75,158.51,7.02,76.47,4.6
2019,287,20.68,15.79,27.53,179.57,3.7,74.22,4.15
2019,288,20.14,14.88,26.31,227,0.16,60.39,3.29
2019,289,20.54,13.85,27.1,311.35,2.77,69.57,3.67
2019,290,20.69,16.37,27.14,199.81,5.45,75.61,4.32
2019,291,20.29,15.73,26.68,256.28,12.34,75.89,4.01
2019,292,20.18,15.87,26.06,167.3,2.51,76.27,4.04
2019,293,20.65,15.93,27.78,261.6,1.38,68.58,3.91
2019,294,21.48,16.2,28.65,272.24,1.09,69.66,3.5
2019,295,21.74,16.21,29.15,246.9,2.31,67.73,3.6
2019,296,21.51,17.24,27.96,267.5,3.46,72.86,4.05
2019,297,20.61,16.45,27.57,259.52,3.98,70.28,4.6
2019,298,20.58,15.7,27.29,208.49,24.86,70.88,4.13
2019,299,20.17,16.9,26.04,220.06,4.93,77.54,3.74
2019,300,20.62,16.09,27.31,292.49,5.9,74.49,3.68
2019,301,20.35,15.44,27.14,258.13,13.32,74.91,2.66
2019,302,20.76,16.83,26.22,260.79,4.02,78.94,3.36
2019,303,20.35,17.14,25.08,240.89,7.43,82.83,3.62
2019,304,20.63,15.95,27.24,289.37,0.97,73.01,3.16
2019,305,20.67,16.03,27.61,284.97,0.48,70.9,2.96
2019,306,20.23,15.11,27.43,266.46,0.31,68.6,3.09
2019,307,20.5,15.56,27.49,280.34,0.52,70.04,3.33
2019,308,20.72,15.6,27.98,296.89,0.54,67.73,3.43
2019,309,21.02,15.62,28.32,281.96,0.31,67.67,3.38
2019,310,21.3,14.73,28.99,307.53,1.61,66.33,3.19
2019,311,21.07,15.72,27.91,238.34,3.43,72.47,3.77
2019,312,21.06,16.05,28.22,265.99,0.35,65.98,3.82
2019,313,20.83,16.06,26.81,263.22,1.12,74.44,3.46
2019,314,21.56,16.49,28.28,250.95,3.46,73.53,4.14
2019,315,21.26,16.59,27.6,259.98,3.72,76.8,4.15
2019,316,20.44,17.52,24.83,221.1,7.15,82.78,4.1
2019,317,20.42,17.08,25.96,182.46,6.39,81.88,3.36
2019,318,19.73,17.4,22.9,150.41,11.13,86.21,3.73
2019,319,21.29,17.27,27.72,275.83,5.88,76.39,3.59
2019,320,21.28,17.32,27.37,266.11,1.36,77.79,4.24
2019,321,20.46,17.26,25.54,265.76,4.02,80.67,4.28
2019,322,20.81,17.02,27.05,256.74,7.44,79.33,4.38
2019,323,20.52,17.18,26.04,252.57,3.81,79.18,4.78
2019,324,20.47,16.69,26.34,261.25,3.59,77.45,3.22
2019,325,21.25,16.49,28.15,262.75,1.77,73.87,2.52
2019,326,20.52,16.93,25.74,252.34,3.91,80.57,3.15
2019,327,19.61,17.36,23.78,181.88,5.94,86.95,3.81
2019,328,20.44,16.49,26.04,199.93,9.08,81.76,2.15
2019,329,19.95,16.52,25.08,189.63,10.03,80.34,2.3
2019,330,20.23,17.03,25.05,195.76,6.9,80.65,1.71
2019,331,20.58,17.06,26.12,274.79,2.75,80.57,3.72
2019,332,20.61,16.25,27.07,243.32,0.38,76.12,3.61
2019,333,20.9,16.27,27.46,257.43,1.46,76.42,2.76
2019,334,20.55,16.67,26.26,208.26,11.03,82.28,3.28
2019,335,20.47,17.37,25.48,206.76,16.5,83.59,4.08
2019,336,20.14,15.84,25.46,234.06,9.79,79.66,2.87
2019,337,20.36,17,25.45,234.76,11.99,82.9,3.15
2019,338,20.53,16.4,26.72,267.61,0.82,75.71,2.29
2019,339,20.64,16.22,26.88,238.46,1.53,78.55,2.52
2019,340,20.72,16.76,26.49,250.03,4.58,80.66,2.76
2019,341,20.65,16.7,26.27,218.21,4.77,83.53,2.81
2019,342,21.05,17.16,26.36,215.2,3.33,80.68,2.46
2019,343,20.37,17.42,25,120.91,5.55,86.23,2.49
2019,344,20.77,17.46,26.01,189.05,10.69,84.1,3.59
2019,345,20.13,16.92,24.98,245.98,1.97,83.44,3.73
2019,346,20.26,15.87,26.21,246.67,3.99,79.1,3.07
2019,347,19.74,16.34,24.57,268.08,3.95,83.08,3.12
2019,348,19.98,16.43,25.26,197.62,3.51,82.55,3.05
2019,349,19.99,16.01,25.64,248.52,9.52,82.03,3.17
2019,350,20.42,16.12,26.21,294.69,1.74,79.95,3.01
2019,351,20.47,16.63,25.54,263.1,0.67,81.36,2.89
2019,352,20.65,17.41,26.08,285.32,0.52,81.73,3.79
2019,353,19.99,15.47,26.57,300.7,0.02,73.64,4.01
2019,354,20.47,14.48,27.71,281.04,5.8,75.47,3.58
2019,355,19.79,16.94,23.95,205.71,4.37,86.97,3.65
2019,356,20.43,17.11,25.93,197.73,0.53,80.05,3.24
2019,357,20.79,16.66,26.64,250.95,5.17,80.46,2.72
2019,358,20.88,17.6,26.06,230.47,5.38,81.35,2.74
2019,359,20.88,17.67,26.1,232.79,5.37,81.79,2.97
2019,360,21.26,17.24,26.66,256.16,1.83,79.73,2.26
2019,361,21.61,16.51,27.95,252.69,0.6,76.3,1.51
2019,362,21.2,17.33,26.52,250.61,3.47,80.98,1.79
2019,363,20.84,17.29,26.51,255.47,1.77,79.89,3.28
2019,364,20.8,16.05,27.01,253.5,0.14,77.02,3.56
2019,365,20.65,16.19,27.08,236.72,1.52,78.41,3.69
2020,1,20.68,14.58,27.98,287.86,0.04,70.68,3.82
2020,2,20.5,16,26.58,256.04,1.21,78.76,4.23
2020,3,20.67,16.36,26.68,251.3,1,78.74,4.4
2020,4,19.97,16.39,25.45,249.91,0.33,79.24,3.9
2020,5,19.96,15.46,26.32,271.55,0.33,74.59,2.94
2020,6,20.76,14.92,27.77,265.53,0.8,72.06,3.07
2020,7,20.57,17.22,25.63,209.88,1.81,81.9,4.14
2020,8,20.68,17.36,26.22,218.9,3.9,79.08,4.17
2020,9,20.6,17.01,26.04,237.99,2.06,80.6,3.23
2020,10,21.25,16.64,28.27,242.85,0.96,73.38,3.13
2020,11,21.05,16.81,28.4,288.79,0.31,69.31,2.61
2020,12,21.2,16.52,28.48,267.73,0.41,70.26,1.46
2020,13,20.87,17.12,26.32,169.5,11.73,77.52,1.94
2020,14,20.88,16.37,27.11,244.36,8.4,76.46,3.29
2020,15,21.07,17.18,27.06,281.73,2.98,78.16,3.59
2020,16,21.24,17.14,27.44,245.98,1.18,76.63,3.2
2020,17,20.81,17.03,25.93,264.26,1.2,76.89,2.53
2020,18,21.03,17.27,27.54,295.27,2.61,72.37,2.33
2020,19,20.99,16.67,27.45,251.53,0.23,69.36,2.48
2020,20,22.04,15.53,30.07,300.82,0.1,65.3,2.47
2020,21,22.44,15.76,30.13,291.22,0.05,62.15,2.43
2020,22,22.59,17.43,29.43,259.17,0.03,64.73,2.68
2020,23,20.71,17.86,25.16,193.45,0.55,75.86,2.44
2020,24,21.54,17.87,27.86,190.1,1.47,74.03,2.64
2020,25,20.38,17.75,24.92,157.47,7.96,87.39,3.42
2020,26,20.59,17.79,25.57,119.98,8.02,81.96,3.64
2020,27,20.96,16.8,27.06,166.26,5.33,79.2,3.84
2020,28,20.11,16.83,25.24,186.28,9.94,81.3,4.19
2020,29,20.12,16.17,25.65,232.56,3.71,80.72,3.26
2020,30,20.82,17.04,26.47,225.96,2.52,78.52,3.08
2020,31,20.53,16.98,25.15,272.01,7.56,82.67,2.38
2020,32,20.28,17.91,24.44,225.04,11.02,82.87,1.23
2020,33,20.47,16.88,25.9,213.81,4.14,80.34,1.77
2020,34,20.92,17.2,26.65,277.22,2.04,77.23,2.28
2020,35,20.7,16.99,26.77,301.51,0.36,76.24,2.77
2020,36,20.01,15.43,25.42,284.85,0.27,77.14,3.08
2020,37,20.76,15.42,28,301.63,0.13,69.09,3.55
2020,38,20.67,14.49,28.59,310.54,0.07,69.04,3.95
2020,39,20.72,15.02,28.48,289.71,0.42,70.66,3.87
2020,40,21.16,15.07,29.05,288.79,0.16,68.12,3.3
2020,41,21.46,14.23,30.4,321.88,0.03,57.91,2.87
2020,42,22.64,15.18,31.8,322.92,0,55.97,1.92
2020,43,22.89,16.06,30.82,305.68,0.05,61.45,2.1
2020,44,21.61,17.4,27.97,253.27,1.88,74.53,4.44
2020,45,21.5,16.77,28.48,226.66,0.62,71.16,5.07
2020,46,20.35,16.32,25.12,249.33,3.67,80.4,4.39
2020,47,21.38,16.34,28.03,224.81,1.1,72.21,4.06
2020,48,22.33,16.51,29.64,275.48,0.36,69.29,3.64
2020,49,22.55,17.08,30.03,193.1,0.85,69.89,3.59
2020,50,22.73,17.31,30.09,262.99,1.14,68.24,3.7
2020,51,23.54,17.83,31.14,309.84,0.28,64,3.53
2020,52,22.99,17.46,31.01,291.8,0.25,64.82,3.53
2020,53,22.67,17.42,29.82,248.99,0.34,67.55,4.23
2020,54,22.24,16.42,29.68,225.15,0.53,70.91,4.47
2020,55,22.92,17.04,30.43,293.99,0.13,64.34,3.89
2020,56,23.45,16.69,31.52,291.22,0.44,60.64,3.07
2020,57,21.98,17.43,28,257.2,4.31,72.9,3.33
2020,58,21.99,18.47,27.86,295.61,1.46,75.33,4.03
2020,59,22.87,17.22,30.98,278.49,0.47,65.1,3.42
2020,60,23.82,16.77,32.5,241.47,0.22,58.46,1.81
2020,61,21.79,18.5,26.77,291.22,9.67,76.15,1.47
2020,62,22.01,17.01,29.01,205.6,13.09,73.54,0.91
2020,63,23.03,18.82,29.81,251.76,2.41,70.29,1.57
2020,64,21.02,17.84,25.66,290.06,6.78,79.99,2.17
2020,65,21.75,15.99,29.64,186.51,5.47,66.53,1.85
2020,66,23.29,16.67,31.49,317.48,1.35,62.36,2.11
2020,67,23.28,18.39,30.65,310.19,1.56,66.23,1.87
2020,68,21.57,18.89,26.59,224.81,6.71,81.17,2.97
2020,69,22.5,18.14,28.75,213.24,5.27,75.2,2.18
2020,70,22.99,18.11,30.26,231.52,1.36,70.02,2.06
2020,71,22.28,18.36,28.09,258.47,1.12,77.35,3.12
2020,72,21.82,18.32,27.62,214.39,2.23,77.13,3.97
2020,73,22.64,17.84,29.58,274.21,2.85,74.6,4.1
2020,74,22.63,18.79,28.79,254.42,4.79,74.44,3.5
2020,75,23.18,17.17,31.2,298.97,0.05,64.26,3.18
2020,76,23.03,18.16,29.92,308.92,0.26,70.19,3.04
2020,77,22.47,18.13,28.89,253.38,1.9,73.4,3.54
2020,78,22.14,17.67,29.07,265.3,1.81,71.4,3.47
2020,79,22.07,17.03,29.08,251.18,1.67,69.66,3.5
2020,80,21.63,17.32,27.69,251.88,1.69,73.51,3.82
2020,81,22.46,17.44,30.02,262.64,0.46,63.34,4.33
2020,82,22.09,16.83,29.87,289.83,0.54,63.77,3.61
2020,83,21.99,16.8,29.2,287.17,0.01,66.82,3.42
2020,84,21.82,17.08,28.81,257.32,0.3,68.95,3.18
2020,85,21.59,17.08,28.26,283.81,2.23,73.8,2.4
2020,86,22,18.04,28.27,272.47,16.34,77.09,1.6
2020,87,19.97,17.85,23.92,212.08,14.16,85.71,1.57
2020,88,21.8,16.69,29.23,247.48,6.51,71.54,2.6
2020,89,20.45,17.33,24.68,262.64,6.05,81.85,2.16
2020,90,21.56,16.72,28.26,252.8,1.01,74.07,2.7
2020,91,20.84,17.95,25.58,265.99,2.04,82.56,2.56
2020,92,21.05,17.62,25.77,285.43,0.87,82.29,3.07
2020,93,22.02,17.66,28.48,258.36,1.38,75.1,3.56
2020,94,22.02,17.49,28.63,271.55,2.84,75.2,4.16
2020,95,22.15,17.39,28.98,264.26,0.06,71.44,3.93
2020,96,22.04,17.45,28.72,262.06,1.36,73.15,3.84
2020,97,21.9,17.91,28.11,240.31,2.69,75.29,3.97
2020,98,21.97,17.65,28.28,239.96,0.55,73.89,4.21
2020,99,21.78,16.92,28.81,296.19,0.64,72.04,3.7
2020,100,22.04,17.07,29.25,261.37,0.72,68.08,3.89
2020,101,21.85,15.98,29.13,272.47,0.35,69.29,3.71
2020,102,22.11,16.72,29.33,297,0.94,69.67,3.17
2020,103,21.97,17.05,29.19,250.14,2.64,73.93,3.24
2020,104,21.27,18.09,26.65,235.91,0.86,78.54,3.68
2020,105,22.36,17.41,29.35,237.88,1.37,71.4,2.6
2020,106,22.83,17.28,30.2,249.45,6.68,67.38,3.17
2020,107,21.84,17.65,28.44,270.85,8.39,71.92,3.12
2020,108,22.11,17.06,29.7,235.33,22.87,69.38,2.52
2020,109,19.94,17.41,24.91,226.08,23.48,84.91,2.71
2020,110,20.5,16.77,25.9,224,5.09,80.54,1.16
2020,111,19.57,17.24,23.96,219.71,11.46,85.46,1.74
2020,112,19.72,16.79,24.27,167.42,9.08,84.38,1.82
2020,113,19.48,16.81,24.34,116.63,15.71,84.43,2.11
2020,114,19.41,16.4,23.51,130.74,10.58,88.2,1.63
2020,115,20.4,17.19,25.76,179.57,21.43,84.66,1.53
2020,116,19.07,17.07,22.45,177.37,14.98,88.26,2.04
2020,117,19.96,14.99,25.96,232.44,1.75,78.26,2.27
2020,118,19.36,15.58,25.36,231.28,2.94,80.82,3.14
2020,119,19.23,15.89,24.42,252.11,7.55,84.69,2.77
2020,120,19,15.66,23.71,243.66,6.52,85.38,2.68
2020,121,19.23,15.57,24.45,254.77,3.29,83.42,2.73
2020,122,19.58,16.19,25.01,233.95,0.62,83.52,2.96
2020,123,18.45,14.28,24,224.57,1.53,77.95,2.44
2020,124,19.33,14.6,25.53,225.62,1.67,76.25,1.77
2020,125,20.31,15.05,26.73,259.75,0.71,78.66,2.17
2020,126,20.47,15.74,26.27,242.74,1.95,81.98,2.74
2020,127,18.77,14.99,23.66,244.82,3.76,84.39,3.3
2020,128,19.16,15.16,24.81,177.25,0.82,80.89,3.43
2020,129,18.53,14.07,23.14,201.09,0.73,83.85,2.63
2020,130,19.36,15.49,24.59,185.81,1.67,82.53,2.81
2020,131,18.66,14.97,23.27,160.13,4.37,84.49,3.02
2020,132,19.36,14.81,25.02,182.11,1.35,81.74,3.25
2020,133,19.46,15.5,24.62,233.6,2.05,83.39,2.63
2020,134,19.65,15.98,24.64,271.55,1.69,83.4,2.88
2020,135,20.51,16.05,26.72,273.28,1.96,77.47,1.79
2020,136,20.25,16.97,25.43,213.93,5.17,83.93,2.98
2020,137,19.03,14.63,25.21,203.28,0.93,78.87,2.15
2020,138,18.99,13.74,26.01,237.19,0.07,75.8,2.15
2020,139,18.54,13.02,26.34,241.47,0.14,70.13,1.8
2020,140,19.52,12.99,26.46,256.85,0.9,73.04,2.28
2020,141,19.96,15.21,26.01,226.19,1.27,76.98,3.03
2020,142,19.89,16.15,25.99,168.23,0.44,79.02,3.47
2020,143,19.22,14.87,25.87,244.71,0.2,74.15,3.07
2020,144,19.5,14.21,26.44,203.98,0.07,73.52,2.1
2020,145,20.02,14.91,27.13,222.26,0.1,72.95,2.05
2020,146,19.98,13.39,27.37,242.85,0.14,72.82,2.66
2020,147,20.64,15.46,27.69,255.81,0.53,73.82,2.92
2020,148,20.87,15.65,28.03,248.52,0.33,71.51,2.52
2020,149,20.67,14.76,27.86,260.44,0.61,70.29,2.68
2020,150,20.52,15.91,27.2,246.21,0.75,72.01,3.24
2020,151,19.89,14.73,27.92,278.14,0.19,63.93,2.86
2020,152,20.03,13.96,27.66,276.29,0.12,67.6,2.98
2020,153,20.31,14.7,27.7,230.01,0.11,67.14,2.83
2020,154,19.76,14.01,26.67,265.99,0.35,71.88,3.36
2020,155,19.65,14.53,25.8,202.94,0.36,72.68,3.08
2020,156,19.85,14.91,26.69,263.56,0.21,66.24,2.85
2020,157,19.44,13.53,27.22,242.85,0.02,67.5,2.14
2020,158,20.65,14.19,28.63,261.83,0.07,65.25,2.13
2020,159,20.11,15.02,26.91,226.54,1.83,71.44,2.56
2020,160,19.01,15.33,24.83,119.06,2.73,75.99,3.43
2020,161,18.78,13.73,25.87,225.96,0.3,65.48,2.85
2020,162,18.93,14.23,25.4,110.72,0.46,72.63,2.82
2020,163,19.37,13.99,26.6,237.99,1.47,71.12,1.76
2020,164,19.28,14.68,25.83,206.64,3.2,74.49,1.97
2020,165,19.11,15.18,25.26,145.43,2.27,75.81,2.18
2020,166,18.61,14.85,24.26,95.22,2.28,72.89,2.7
2020,167,18.42,13.51,24.4,96.15,1.23,71.02,2.06
2020,168,18.65,13.58,25.03,126,0.2,70.3,2.01
2020,169,18.53,13.28,26.2,180.49,0.09,65.61,2.41
2020,170,18.89,12.87,26.26,244.94,0.04,64.77,2.14
2020,171,19.6,13.26,26.77,222.61,0.08,67.61,1.85
2020,172,19.83,15.02,26.43,219.02,2.09,69.86,2.21
2020,173,18.33,15.01,23.22,231.63,6.83,76.99,2.08
2020,174,19.37,14.67,26.01,206.64,2.94,71.81,1.71
2020,175,20.17,15.09,27.02,213,0.42,68.4,2.57
2020,176,19.9,14.99,26.7,216.59,2.94,73.12,3.29
2020,177,19.86,14.79,26.87,198.31,0.48,68.7,2.94
2020,178,19.55,14.2,26.44,197.04,0.74,69.99,3.17
2020,179,19.65,14.55,27.77,223.42,0.51,65.99,3.23
2020,180,19.72,13.38,27.61,256.39,0.32,64.95,2.98
2020,181,19.77,13.48,28.02,262.75,0.26,56.43,3.63
2020,182,18.79,11.48,26.92,265.3,0.15,62.71,2.91
2020,183,19.69,15.11,26.99,145.2,0.2,68.81,3.35
2020,184,19.2,14.01,26.07,139.77,0.09,66.12,2.9
2020,185,18.55,13.62,25.16,165.34,0.15,65.94,2.46
2020,186,18.8,12.9,25.75,258.36,0.06,65.06,2.46
2020,187,18.83,13.54,25.94,165.68,0.35,67.95,2.78
2020,188,18.95,13.77,25.92,175.75,0.5,66.71,2.18
2020,189,18.93,12.37,26.35,213.47,0.22,65.12,2.99
2020,190,19.55,13.63,27.38,197.15,0.08,63.61,3.05
2020,191,19.21,13.68,26.46,147.05,1.51,71.07,4.17
2020,192,19.34,14.25,27.18,130.63,0.44,61.34,4.03
2020,193,19.48,13.05,27.51,256.04,0.18,64.99,3.19
2020,194,20.24,14.15,28.19,253.5,0.08,63.6,2.62
2020,195,19.01,15.09,25.05,176.79,1.45,71.29,2.74
2020,196,18.55,14.29,25.05,201.67,0.32,65.07,2.44
2020,197,19.28,14.3,26.19,123.34,0.54,70.27,3.38
2020,198,18.69,14.06,25.77,137.45,0.86,67.88,4.26
2020,199,17.71,9.98,26.67,220.41,0.01,54.83,2.6
2020,200,17.04,10.3,24.48,210.92,0.12,55.19,2.82
2020,201,18.18,12.17,24.75,188.82,0.09,62.55,2.95
2020,202,18.47,13.26,25.41,207.57,0.28,62.23,3.01
2020,203,18.14,12.75,24.36,207.22,0.59,64.16,2.16
2020,204,19.36,13.18,26.55,177.14,0.22,62.59,2.77
2020,205,19.85,13.28,28.51,204.21,0.22,61.33,2.73
2020,206,19.66,13.68,27.88,167.77,0.24,60.54,2.67
2020,207,19.53,12.1,28.16,270.04,0.02,53.91,2.76
2020,208,19.5,13.02,27.3,194.14,0.11,58.25,2.62
2020,209,19.55,14.05,26.03,185.58,0.34,62.86,2.3
2020,210,20.07,14.68,26.83,108.99,0.38,61.82,3.52
2020,211,20.46,14.24,28.51,193.91,0.05,56.97,3.22
2020,212,20.33,13.52,28.17,154,0.14,60.21,3.6
2020,213,20.65,14.3,28.3,182.23,0.71,62.69,3.52
2020,214,20.23,14.4,28.03,214.05,0.19,58.82,4.02
2020,215,18.81,12.1,27.07,214.16,0.03,54.84,3.91
2020,216,19.05,11.55,27.23,240.89,0.06,55.83,4.38
2020,217,20.3,13.46,29.24,263.91,0.05,49.61,3.42
2020,218,20.73,13.74,29.32,234.87,0.16,58.06,3.08
2020,219,21.66,15.25,29.9,262.41,0.24,56.92,2.72
2020,220,21.36,14.98,29.5,244.01,0.59,57.72,2.83
2020,221,20.2,14.9,26.78,225.62,0.16,57.6,3.71
2020,222,19.9,13.53,27.09,216.94,0.08,57.17,3.07
2020,223,20.36,14.08,28.73,217.17,0.17,58.74,2.6
2020,224,20.94,13.99,29.18,248.18,0.69,57.73,2.12
2020,225,19.95,15.66,26.94,144.74,1.12,66.84,2.68
2020,226,20.57,14.45,28.06,166.49,0.45,63.89,2.57
2020,227,20.32,15,26.95,235.1,0.49,64.41,2.25
2020,228,20.77,15.07,27.77,250.61,0.26,59.71,2.33
2020,229,20.31,14.11,28.05,183.04,0.13,57.11,3.58
2020,230,20.42,14.61,28.53,106.68,0.23,59.9,4.18
2020,231,20.98,13,29.97,254.31,0.11,50.54,3.71
2020,232,20.71,14.92,28.48,171,1.41,62.5,4.38
2020,233,20.38,14.32,27.91,223.3,0.94,61.71,4.45
2020,234,20.16,14.49,27.27,161.29,0.41,61.84,4.23
2020,235,19.56,14.15,26.33,115.47,1.01,61.04,4.08
2020,236,19.34,13.49,26.7,69.19,1.69,61.63,4.16
2020,237,19.48,14.46,25.95,101.82,1.24,64.88,4.23
2020,238,20.19,13.27,28.28,243.09,0.11,57.08,4.07
2020,239,20.89,14.03,28.99,232.09,0.3,57.26,4.26
2020,240,21,14.77,28.88,136.64,0.42,58.87,3.86
2020,241,21.38,14.86,29.68,211.62,0.44,55.11,3.12
2020,242,21.03,14.4,29.7,225.62,0.09,51.84,3.35
2020,243,21.23,14.24,29.92,-99.99,0.07,50.15,3.43
2020,244,21.33,14.21,30.63,299.78,0.17,50.93,3.74
2020,245,20.67,14.62,29.58,268.31,0.16,48.54,3.58
2020,246,19.92,12.35,29.12,304.18,0.12,46.84,4.11
2020,247,20.43,13.93,28.55,146.01,0.35,55.39,2.96
2020,248,20.7,14.61,27.9,253.04,1.42,58.34,2.17
2020,249,20.02,16.08,25.66,161.86,3.97,67.62,2.65
2020,250,18.63,15.41,23.79,129.24,3.65,73.35,3.63
2020,251,18.48,14.73,23.79,119.4,0.89,67.65,3.63
2020,252,18.98,13.21,25.77,117.09,0.2,61.22,3.3
2020,253,19.76,13.39,27.1,205.6,0.23,59.59,3.14
2020,254,20.39,13.74,28.1,189.29,0.13,57.49,3.55
2020,255,20.45,14.49,28.03,199.58,0.1,57.46,3.88
2020,256,20.64,14.81,28.08,222.72,0.11,53.43,3.65
2020,257,21.26,13.87,30.12,310.31,0.09,49.33,3.7
2020,258,21.54,14.04,30.62,273.63,0.04,52.65,4.33
2020,259,21.73,15.01,30.1,269.58,0.22,56.38,4
2020,260,22.49,15.28,31.99,310.77,0.12,47.26,3.66
2020,261,22.01,13.86,31.79,311.12,0.12,45.61,3.82
2020,262,21.59,14.74,30.74,271.2,0.36,49.28,4.22
2020,263,22.04,15.72,30.65,181.07,0.52,57.34,4.41
2020,264,21.38,15.01,30.27,113.73,0.16,54.02,3.72
2020,265,21.66,14.62,30.96,252.11,0.14,52.13,3.71
2020,266,21.86,14.93,31.14,273.51,0.09,48,3.53
2020,267,21.31,14.63,30.05,276.06,4.47,61.73,4.67
2020,268,20.96,15.67,28.16,154.69,3.87,65.97,3.85
2020,269,20.11,15.19,27.14,191.71,6.4,67.77,3.86
2020,270,20.17,14.64,27.75,246.56,2.77,65.15,3.34
2020,271,21.37,15,29.93,306.49,1.23,59.99,3.49
2020,272,21.86,16.01,29.85,268.54,0.81,62.64,3.88
2020,273,22.52,16.71,30.69,250.49,0.43,60.97,4.32
2020,274,22.1,15.96,30.81,270.04,0.15,57.34,3.78
2020,275,22.1,15.31,30.74,285.08,0.12,54.03,4.23
2020,276,21.75,15.84,30.06,268.31,0.35,58.09,4.6
2020,277,22,14.45,30.96,296.42,0.09,51.75,4.39
2020,278,21.97,14.68,30.19,314.94,0.09,48.66,4.05
2020,279,22.63,14.11,32.21,302.44,0.03,44.28,3.46
2020,280,22.84,14.79,32.22,305.68,0.06,40.39,3.01
2020,281,22.37,14.35,31.56,318.06,0,44.05,3.78
2020,282,22.88,14.86,31.88,312.62,0.05,47.2,3.72
2020,283,23.19,15.38,32.5,314.01,0.4,47.51,3.64
2020,284,23.55,17.37,31.81,259.98,2.68,54.02,3.11
2020,285,23.33,16.43,32.07,294.69,0.73,47.94,3.02
2020,286,23.04,16.02,31.67,279.18,0.25,47.94,3.15
2020,287,22.77,15.41,30.55,293.3,0.38,51.52,3.57
2020,288,23.25,17.17,30.97,242.28,0.19,54.29,4.86
2020,289,22.96,15.21,31.28,312.04,0.06,51.9,4.54
2020,290,22.39,16.86,29.65,243.55,2.89,59.31,3.99
2020,291,22.14,15.53,30.16,185.24,0.31,52.31,4
2020,292,21.76,15.97,29.35,201.67,1.32,57.35,3.94
2020,293,21.57,15.93,29.02,192.06,2.6,62.15,3.47
2020,294,21.44,15.26,28.93,200.39,0.92,60.77,4.07
2020,295,21.76,15.42,30.1,281.38,0.54,51.78,4.16
2020,296,22.13,14.43,30.96,258.94,0.38,52.75,4.05
2020,297,22.77,15.46,31.47,246.09,0.26,51.53,4.06
2020,298,22.48,15,30.62,282.31,0.16,55.61,3.87
2020,299,21.78,16.49,29.32,215.78,3.67,62.81,4.19
2020,300,21.07,16.14,27.82,100.31,3.23,62.84,3.82
2020,301,21.39,15.72,29.14,177.6,4.9,59.23,3.89
2020,302,21.15,16.71,27.82,191.14,18.33,71.98,4.81
2020,303,20.18,15.15,27.14,170.08,8.93,64.4,5.53
2020,304,20.13,15.15,26.98,136.06,4.95,73.76,5.02
2020,305,20.27,15.12,27.18,250.72,2.86,70.4,4.46
2020,306,21.02,15.06,28.89,262.64,0.98,63.54,4.36
2020,307,21.27,15.8,28.9,254.19,1.48,61.54,4.53
2020,308,20.63,16.25,27.1,183.04,9.2,73.09,4.68
2020,309,20.88,15.88,27.99,205.25,4.81,72.4,4.11
2020,310,20.89,16.25,27.68,204.67,7.41,73.47,4.05
2020,311,21.21,16.7,27.82,210.46,3.95,72.38,3.56
2020,312,21.13,15.14,29.22,268.66,0.56,62.53,3.72
2020,313,21.17,15.61,28.16,236.95,2.75,70.68,3.81
2020,314,21.17,16.75,28,147.98,5.23,73.39,4.43
2020,315,20.79,16.76,26.96,229.78,17.81,78.28,4.35
2020,316,20.59,17.51,26.67,221.91,5.12,76.9,3.74
2020,317,20.83,16.46,27.44,267.61,0.76,70.79,4.36
2020,318,20.89,16.11,27.9,236.38,1.34,74.24,4.25
2020,319,21.17,16.77,27.86,220.52,1.13,72.84,4.2
2020,320,21.52,16.23,28.45,267.73,0.56,70.28,3.8
2020,321,21.33,16.96,28.27,201.55,2.59,73.63,4.32
2020,322,21.13,16.9,27.75,244.36,7.69,74.46,4.56
2020,323,20.99,16.49,27.87,298.39,5.13,69.3,4.52
2020,324,21.44,16.08,28.79,282.19,3.95,71.06,3.48
2020,325,21.15,17.41,27.75,212.08,6.48,73.03,3.95
2020,326,21.29,16.47,28.18,283.47,3.78,71.82,3.98
2020,327,21.48,17.15,28.2,278.03,2.48,74.17,3.79
2020,328,21.8,17.18,28.7,264.95,1,72.9,3.73
2020,329,21.63,16.84,28.61,251.88,0.33,71.02,3.19
2020,330,21.65,16.01,29.74,277.22,0.17,65.31,2.61
2020,331,21.96,16.44,29.72,232.33,0.25,65.67,2.93
2020,332,21.64,17.38,28.17,255.58,2.1,73.42,3.99
2020,333,20.33,17.21,26.08,176.79,8.62,81.62,4.42
2020,334,21.03,17.11,27.08,163.6,8.38,77.97,3.28
2020,335,21.5,16.55,28.46,295.73,1.03,71.71,3.22
2020,336,21.2,16.28,28.09,268.54,1.06,72.18,3.52
2020,337,19.94,16.9,24.93,256.51,3.39,80.53,3.49
2020,338,20.17,16.5,25.97,242.85,2.69,76.53,4.23
2020,339,20.52,15.68,27.48,235.57,2.83,74.05,3.78
2020,340,21.08,16.14,28.07,279.07,1.75,73.06,3.34
2020,341,21.34,15.97,28.94,265.53,0.2,68.77,3.05
2020,342,21.85,16.28,29.64,283,0.9,67.62,3.12
2020,343,20.94,16.92,27.4,237.19,3.28,75.45,3.4
2020,344,20.71,16.03,27.27,201.32,5.41,73.63,4.04
2020,345,19.03,16.02,22.12,259.52,8.5,84.88,3.85
2020,346,20.4,14.53,28.06,293.42,0.83,67.83,3.97
2020,347,20.62,14.84,27.85,272.7,0.05,68.99,3.56
2020,348,20.48,15.26,27.74,291.45,0.03,68.09,3.81
2020,349,20.32,13.18,28.7,301.28,0,62.7,3.01
2020,350,20.95,13.6,29.52,294.46,0,59.17,3.05
2020,351,21.36,14.43,29.49,296.31,0.02,62.28,3.27
2020,352,21.1,16.32,27.87,256.85,1.78,70.81,3.79
2020,353,20.89,15.86,27.94,260.67,1.2,69.66,3.48
2020,354,21.51,15.52,28.39,247.71,0.42,66.09,3.41
2020,355,21.54,16.59,28.62,255.58,1.05,69.31,3.64
2020,356,21.74,15.71,29.58,260.79,0.31,65.84,3.83
2020,357,21.71,16,29.46,276.87,0.83,64.91,3.75
2020,358,21.29,15.09,29.13,258.36,0.97,66.78,3.8
2020,359,21.57,16.5,28.44,248.06,2.33,67.68,3.4
2020,360,22.07,15.61,29.79,287.86,0.11,62.69,3.27
2020,361,22.07,15.86,29.71,278.84,0.05,58.09,4.36
2020,362,21.18,14.64,29.61,263.1,0,53.39,4.31
2020,363,21.1,13.86,29.29,299.08,0.01,52.3,4.08
2020,364,21.85,14.44,30.49,276.18,0.07,56.3,3.86
2020,365,22.01,15.35,30.17,257.43,3.72,63.77,4.14
2020,366,20.79,17.39,27.04,210.46,12.3,78.07,4.24
