*,*,tavg,tmin,tmax,grad,prec,rh,wind
2018,208,18.92759328,14.77867306,24.07701151,314.8268433,1.724931084,55,2
2018,209,18.92759328,14.77867306,24.07701151,314.8268433,1.724931084,55,2
2018,210,18.92759328,14.77867306,24.07701151,314.8268433,1.724931084,55,2
2018,211,16.59947059,15.062,23.09,314.8268433,55.62352941,55,2
2018,212,16.76679167,13.748,20.399,256.9423404,0,55,2
2018,213,17.60833333,14.078,23.6,276.2473762,0,55,2
2018,214,17.1466,11.427,24.453,370.207,0,55,2
2018,215,16.592675,11.447,23.441,418.8935,0,55,2
2018,216,15.89626087,11.465,21.901,229.3984429,0,55,2
2018,217,15.40841667,12.371,19.377,129.7873714,0,55,2
2018,218,16.55489583,11.153,22.108,335.59583,0,55,2
2018,219,16.83527083,10.311,23.814,393.7628905,0,55,2
2018,220,17.3220625,10.449,24.611,358.9684238,0,55,2
2018,221,17.43008333,12.323,23.099,267.8541545,0,55,2
2018,222,15.99520833,11.445,21.379,279.7726048,0,55,2
2018,223,16.25537778,13.132,21.545,267.2807895,0,55,2
2018,224,16.08716667,12.096,20.976,300.5655714,0,55,2
2018,225,14.86014583,10.779,18.879,186.9884227,0,55,2
2018,226,16.16741667,10.401,22.585,362.4465818,0,55,2
2018,227,15.72627083,12.184,21.018,193.2864143,0,55,2
2018,228,14.76427083,10.473,19.425,191.7043033,0.1,55,2
2018,229,15.0650625,12.446,18.638,137.5398667,0,55,2
2018,230,15.17222917,11.667,19.211,193.86475,0,55,2
2018,231,15.92614583,12.667,21.257,194.0664367,0,55,2
2018,232,15.73383333,11.444,21.277,264.5372571,0,55,2
2018,233,16.30558333,10.777,21.123,185.6066409,0,55,2
2018,234,17.060875,10.963,24.119,296.858425,0,55,2
2018,235,15.9065,13.392,18.69,113.440235,0,55,2
2018,236,17.28608333,12.488,23.06,215.2927252,0,55,2
2018,237,17.74116667,11.877,23.371,259.1563776,0,55,2
2018,238,17.086375,14.402,22.169,179.3387857,0,55,2
2018,239,17.73029167,12.357,24.349,261.6323765,1.5,55,2
2018,240,15.9313125,14.088,18.769,90.39011045,0.1,55,2
2018,241,16.370125,13.472,19.549,143.6762,0,55,2
2018,242,16.82110417,12.715,21.064,211.6110667,0,55,2
2018,243,16.55527083,13.204,20.14,201.456925,0,55,2
2018,244,15.46852083,11.77,19.591,120.0849735,0,55,2
2018,245,16.34327083,13.178,21.045,108.1998564,0,55,2
2018,246,16.616625,10.713,22.469,210.5094315,0,55,2
2018,247,16.41758333,11.877,21.522,192.345035,0,55,2
2018,248,18.100875,14.541,23.261,341.2803205,0,55,2
2018,249,17.83204167,13.625,23.344,294.4958667,0,55,2
2018,250,17.77283333,12.83,23.708,399.6777143,0,55,2
2018,251,17.85670213,11.986,23.802,348.41895,0,55,2
2018,252,18.9486875,11.892,26.467,388.1023952,0,55,2
2018,253,20.01608333,14.366,26.752,362.8622753,0,55,2
2018,254,19.084,14.84,24.555,375.275719,0,55,2
2018,255,18.00991667,11.399,24.921,382.8598381,0,55,2
2018,256,18.89933333,13.458,25.214,381.1486667,0,55,2
2018,257,19.74189583,13.806,25.912,344.46356,0,55,2
2018,258,18.99320833,11.419,26.661,390.9516524,0,55,2
2018,259,19.415875,11.634,26.66,386.2123619,0,55,2
2018,260,19.0406875,11.43,26.797,343.897885,0,55,2
2018,261,17.95785417,11.557,25.689,367.3801143,0,55,2
2018,262,17.69572917,12.248,24.728,302.2517667,0,55,2
2018,263,19.23335417,12.657,26.444,402.7454857,0,55,2
2018,264,19.45064583,14.445,26.205,375.5112524,0,55,2
2018,265,18.16225,13.006,23.555,276.903881,0,55,2
2018,266,18.54195833,13.003,24.954,348.0343048,0,55,2
2018,267,17.97460417,10.742,25.28,390.0460714,0,55,2
2018,268,19.06627083,13.964,24.867,307.700489,0,55,2
2018,269,19.43872917,12.782,26.227,338.7569619,0,55,2
2018,270,18.55344681,14.649,22.859,262.6176579,0,55,2
2018,271,19.10545833,15.23,24.789,325.2551091,0,55,2
2018,272,19.33516667,13.567,26.128,340.4967365,0,55,2
2018,273,19.39045833,13.988,25.704,427.603435,0,55,2
2018,274,17.8973125,10.417,24.282,386.57023,0,55,2
2018,275,17.91329167,12.044,24.287,294.81434,0,55,2
2018,276,19.27370833,13.896,26.014,413.407285,0,55,2
2018,277,18.68620833,14.181,24.045,302.8738905,0,55,2
2018,278,19.00158333,13.033,25.493,363.1469762,0,55,2
2018,279,20.11304167,15.162,26.995,385.8895615,0,55,2
2018,280,19.044,14.532,26.459,290.1379085,9.9,55,2
2018,281,18.54725,12.954,24.163,240.489005,0.8,55,2
2018,282,18.74847917,13.468,23.905,311.961119,0,55,2
2018,283,18.23654167,11.875,24.243,315.3679968,0,55,2
2018,284,19.09504167,13.372,25.093,377.1494286,0,55,2
2018,285,19.43304167,12.157,27.155,366.5311053,0,55,2
2018,286,20.19539583,15.506,26.886,293.9231286,0,55,2
2018,287,19.6460625,13.543,27.374,321.7971682,0,55,2
2018,288,20.139125,14.711,26.351,314.2965059,0,55,2
2018,289,19.70841667,14.396,26.675,341.2157381,0,55,2
2018,290,20.39329167,15.485,26.245,376.2089095,0,55,2
2018,291,20.3906875,15.868,26.024,379.6096952,0,55,2
2018,292,20.31222917,15.813,26.362,397.830635,0,55,2
2018,293,20.48910417,14.778,26.484,391.036219,0,55,2
2018,294,20.02275,14.675,25.479,360.1803333,0,55,2
2018,295,18.92320833,13.101,24.476,374.5093035,0,55,2
2018,296,16.42329787,14.077,19.603,163.0483271,3.472340426,55,2
2018,297,16.34534043,14.688,20.044,153.8728636,0.204255319,55,2
2018,298,16.83408696,14.169,20.525,222.1107759,1.773913043,55,2
2018,299,17.711875,13.7,22.466,223.8457476,0,55,2
2018,300,17.70193617,14.686,22.499,294.1570967,5.412765957,55,2
2018,301,18.27772917,15.042,23.006,309.4248409,0,55,2
2018,302,19.17175,15.272,24.548,351.5007195,0.7,55,2
2018,303,19.8945625,15.032,25.789,322.8658182,0,55,2
2018,304,20.0308125,14.3,26.134,403.3080455,0,55,2
2018,305,19.99197917,15.474,25.362,316.2128905,0,55,2
2018,306,19.36916667,16.127,24.783,383.4368514,7.9,55,2
2018,307,19.20722917,16.089,23.977,393.3823818,0,55,2
2018,308,19.0794375,13.706,24.805,369.0232095,0,55,2
2018,309,19.43810417,11.704,25.557,432.4688429,0,55,2
2018,310,19.73891667,14.414,26.24,383.09415,0,55,2
2018,311,20.31516667,14.136,27.567,406.8100571,0,55,2
2018,312,20.67047917,13.74,27.566,379.0438667,0,55,2
2018,313,19.8735625,14.814,26.381,219.5612214,0,55,2
2018,314,20.4835,16.14,26.031,328.1735714,0,55,2
2018,315,19.605625,14.552,25.784,380.2397443,0.2,55,2
2018,316,20.2389375,15.575,26.121,397.1489,0.1,55,2
2018,317,19.53966667,16.046,24.824,315.3244332,0,55,2
2018,318,19.4875,14.222,25.025,377.6935048,0,55,2
2018,319,20.3939375,14.101,26.934,415.7241667,0,55,2
2018,320,20.68139583,12.651,27.663,399.7247524,0,55,2
2018,321,19.15483333,15.917,25.36,227.8709227,0.1,55,2
2018,322,20.24845833,14.307,26.686,398.7994059,0,55,2
2018,323,19.77245833,14.497,25.303,369.2982409,20.5,55,2
2018,324,19.18763636,15.687,23.103,335.8128364,16.58181818,55,2
2018,325,18.35589583,15.974,23.18,250.8430545,20.7,55,2
2018,326,19.18441667,15.469,24.067,315.2749759,0,55,2
2018,327,19.52775,14.453,24.866,413.1580623,0,55,2
2018,328,18.92891667,15.542,23.658,343.0524883,0,55,2
2018,329,18.58089362,15.502,23.287,404.8226273,4.493617021,55,2
2018,330,17.71804444,14.971,22.084,340.8704622,32.53333333,55,2
2018,331,18.73340426,14.887,23.525,389.3496455,1.021276596,55,2
2018,332,19.07195833,15.637,23.533,362.1164957,0,55,2
2018,333,18.220125,15.765,22.204,346.8439136,12.3,55,2
2018,334,18.599625,15.886,22.799,381.3977465,2.4,55,2
2018,335,17.45791667,15.311,21.465,315.2303045,2.8,55,2
2018,336,18.06595833,14.471,22.933,345.0354857,0,55,2
2018,337,18.73552083,15.354,23.642,417.4323435,0,55,2
2018,338,18.1395,15.394,23.178,365.683795,14.9,55,2
2018,339,18.32847917,15.751,23.162,377.0275136,18.1,55,2
2018,340,19.58664583,15.825,24.575,449.2925136,1.9,55,2
2018,341,19.61497917,16.367,24.041,461.9314136,0,55,2
2018,342,17.97985417,14.305,22.324,318.9177214,29.6,55,2
2018,343,19.3856875,16.278,23.751,435.3489968,0.6,55,2
2018,344,18.068,15.596,22.151,245.6851667,2.8,55,2
2018,345,17.22514894,14.44,21.158,260.87417,23.4893617,55,2
2018,346,19.3009375,14.581,24.566,413.8660857,0,55,2
2018,347,18.5538125,14.4,22.855,405.6479161,2.9,55,2
2018,348,18.48447826,15.386,23.265,448.8579333,18.26086957,55,2
2018,349,17.68379167,15.286,22.315,353.0416117,24.7,55,2
2018,350,18.06846809,13.165,22.969,446.1316182,0.10212766,55,2
2018,351,18.5996875,14.249,23.532,472.0907455,0,55,2
2018,352,19.1941875,14.379,24.294,459.0277773,0,55,2
2018,353,19.19175,16.484,23.371,278.2214619,1.3,55,2
2018,354,18.71260417,15.5,23.563,367.8737478,0,55,2
2018,355,18.1483125,13.397,23.726,344.3003318,0,55,2
2018,356,18.84466667,14.161,24.477,384.5702182,0,55,2
2018,357,19.0385625,14.563,24.145,457.4992909,0,55,2
2018,358,18.27472917,14.183,23.314,420.9563636,0,55,2
2018,359,18.40054167,13.731,23.945,399.9924773,0,55,2
2018,360,18.25266667,14.043,22.739,413.9560905,0,55,2
2018,361,18.44054167,15.119,23.322,403.5497182,0,55,2
2018,362,18.66957447,13.863,24.894,445.8902182,0,55,2
2018,363,19.2863125,14.456,25.22,444.7439136,0,55,2
2018,364,19.28929167,15.61,24.636,402.790777,0.1,55,2
2018,365,18.67341667,14.933,23.53,404.1278,0,55,2
2019,1,18.090125,12.826,24.2,382.8937455,0,55,2
2019,2,18.9870625,12.825,24.754,430.3645877,0,55,2
2019,3,19.14752083,14.073,24.682,446.4670786,0,55,2
2019,4,17.5605,14.631,21.997,297.7747455,7.7,55,2
2019,5,18.12370833,15.543,21.808,347.2390409,1.5,55,2
2019,6,18.84735417,14.891,24.309,454.2400182,0,55,2
2019,7,19.4195,13.922,24.925,453.7171905,0,55,2
2019,8,16.29471429,15.985,16.767,314.8268433,0,55,2
2019,9,18.92759328,14.77867306,24.07701151,314.8268433,1.724931084,55,2
2019,10,21.87833333,18.877,24.354,417.7476421,0,55,2
2019,11,19.72135417,15.902,24.62,360.2912,0.2,55,2
2019,12,18.57235417,14.041,24.127,407.6904045,0,55,2
2019,13,15.857,15.857,15.857,314.8268433,0,55,2
2019,14,18.92759328,14.77867306,24.07701151,314.8268433,1.724931084,55,2
2019,15,18.92759328,14.77867306,24.07701151,314.8268433,1.724931084,55,2
2019,16,18.92759328,14.77867306,24.07701151,314.8268433,1.724931084,55,2
2019,17,18.92759328,14.77867306,24.07701151,314.8268433,1.724931084,55,2
2019,18,18.92759328,14.77867306,24.07701151,314.8268433,1.724931084,55,2
2019,19,18.92759328,14.77867306,24.07701151,314.8268433,1.724931084,55,2
2019,20,18.92759328,14.77867306,24.07701151,314.8268433,1.724931084,55,2
2019,21,18.92759328,14.77867306,24.07701151,314.8268433,1.724931084,55,2
2019,22,18.92759328,14.77867306,24.07701151,314.8268433,1.724931084,55,2
2019,23,18.92759328,14.77867306,24.07701151,314.8268433,1.724931084,55,2
2019,24,18.92759328,14.77867306,24.07701151,314.8268433,1.724931084,55,2
2019,25,18.92759328,14.77867306,24.07701151,314.8268433,1.724931084,55,2
2019,26,18.92759328,14.77867306,24.07701151,314.8268433,1.724931084,55,2
2019,27,18.92759328,14.77867306,24.07701151,314.8268433,1.724931084,55,2
2019,28,18.92759328,14.77867306,24.07701151,314.8268433,1.724931084,55,2
2019,29,18.92759328,14.77867306,24.07701151,314.8268433,1.724931084,55,2
2019,30,18.92759328,14.77867306,24.07701151,314.8268433,1.724931084,55,2
2019,31,18.92759328,14.77867306,24.07701151,314.8268433,1.724931084,55,2
2019,32,22.63147619,17.957,26.573,452.5107778,0,55,2
2019,33,20.53339583,12.886,28.074,425.1061429,0,55,2
2019,34,16.5829,13.777,23.03,179.78535,0,55,2
2019,35,18.92759328,14.77867306,24.07701151,314.8268433,1.724931084,55,2
2019,36,18.92759328,14.77867306,24.07701151,314.8268433,1.724931084,55,2
2019,37,18.92759328,14.77867306,24.07701151,314.8268433,1.724931084,55,2
2019,38,18.92759328,14.77867306,24.07701151,314.8268433,1.724931084,55,2
2019,39,18.92759328,14.77867306,24.07701151,314.8268433,1.724931084,55,2
2019,40,18.92759328,14.77867306,24.07701151,314.8268433,1.724931084,55,2
2019,41,21.5247,16.898,25.442,433.5216421,0,55,2
2019,42,20.06788889,13.711,27.334,423.163,0,55,2
2019,43,19.5489375,13.419,26.115,421.2742238,0,55,2
2019,44,19.0293125,13.44,26.075,421.51551,0,55,2
2019,45,19.5836875,14.335,25.676,391.3702429,0,55,2
2019,46,21.042125,14.824,27.389,401.3515,0,55,2
2019,47,21.27914894,17.328,26.892,330.917825,0,55,2
2019,48,21.534125,16.733,26.844,361.4659332,0,55,2
2019,49,21.97683333,14.022,29.487,419.6190381,0,55,2
2019,50,21.96079167,15.236,29.597,395.6075682,0,55,2
2019,51,21.35910417,16.15,27.524,433.9790429,0,55,2
2019,52,20.45089583,16.329,25.874,403.0746486,3.7,55,2
2019,53,20.39441667,15.57,26.484,422.9691,0,55,2
2019,54,20.6323125,15.604,27.706,372.2695259,0.6,55,2
2019,55,20.39814583,15.786,27.763,330.1312619,0,55,2
2019,56,21.18872917,15.908,27.877,392.5725082,1.7,55,2
2019,57,21.6455,14.892,28.85,446.149381,0,55,2
2019,58,21.04347917,13.938,27.471,429.4560048,0,55,2
2019,59,21.3714375,13.543,28.471,438.5984619,0,55,2
2019,60,22.6353125,13.591,30.687,430.3084286,0,55,2
2019,61,22.722625,15.863,29.74,204.2603143,0,55,2
2019,62,22.97614583,16.435,30.633,380.996755,0.6,55,2
2019,63,21.0890625,15.576,27.895,348.6887032,5.1,55,2
2019,64,20.77575,15.746,26.895,444.394615,21.9,55,2
2019,65,21.634,14.551,28.62,484.6369857,0,55,2
2019,66,22.185125,15.634,29.162,470.5664476,0,55,2
2019,67,22.11,14.65,28.631,479.4415714,0,55,2
2019,68,21.2541875,15.029,27.897,451.6899429,0,55,2
2019,69,21.16572917,15.114,27.803,457.5396905,0,55,2
2019,70,20.90027083,13.909,27.458,425.2117857,0,55,2
2019,71,21.60302083,14.709,28.998,427.7415259,0,55,2
2019,72,21.42310417,14.904,28.318,412.1518909,0,55,2
2019,73,19.81689583,15.383,25.889,417.68191,0,55,2
2019,74,20.595375,14.816,26.717,453.1503286,0,55,2
2019,75,20.7075625,15.083,26.86,386.2703,0,55,2
2019,76,20.71951613,14.788,28.05,510.6816,0,55,2
2019,77,18.92759328,14.77867306,24.07701151,314.8268433,1.724931084,55,2
2019,78,18.92759328,14.77867306,24.07701151,314.8268433,1.724931084,55,2
2019,79,18.92759328,14.77867306,24.07701151,314.8268433,1.724931084,55,2
2019,80,18.92759328,14.77867306,24.07701151,314.8268433,1.724931084,55,2
2019,81,18.92759328,14.77867306,24.07701151,314.8268433,1.724931084,55,2
2019,82,23.61567742,18.955,27.308,440.02012,0,55,2
2019,83,21.33591667,16.179,27.518,370.3654468,0,55,2
2019,84,21.8654375,14.937,29.243,400.424455,0,55,2
2019,85,22.598,15.764,30.185,397.2919619,0,55,2
2019,86,22.12325,16.247,28.072,379.6483571,0,55,2
2019,87,21.23789583,15.86,27.26,375.7017381,0,55,2
2019,88,22.06120833,16.532,28.375,350.2538524,0,55,2
2019,89,22.10477083,16.447,27.581,336.7348,4.7,55,2
2019,90,21.9968125,15.705,28.746,397.8566429,0.1,55,2
2019,91,21.96425,16.225,28.242,386.574281,0,55,2
2019,92,22.1646875,16.706,28.482,387.73682,0,55,2
2019,93,22.41820833,16.14,28.602,405.30838,0,55,2
2019,94,21.6673125,16.927,27.451,348.146551,0,55,2
2019,95,21.29810417,16.462,26.717,311.9429136,0,55,2
2019,96,21.26035417,15.94,27.21,340.1333909,0,55,2
2019,97,21.538375,16.296,27.531,380.6682,0,55,2
2019,98,22.07604167,15.119,29.024,433.5594222,0,55,2
2019,99,18.67877778,17.777,19.794,314.8268433,0,55,2
2019,100,18.92759328,14.77867306,24.07701151,314.8268433,1.724931084,55,2
2019,101,18.92759328,14.77867306,24.07701151,314.8268433,1.724931084,55,2
2019,102,18.92759328,14.77867306,24.07701151,314.8268433,1.724931084,55,2
2019,103,18.92759328,14.77867306,24.07701151,314.8268433,1.724931084,55,2
2019,104,18.92759328,14.77867306,24.07701151,314.8268433,1.724931084,55,2
2019,105,18.92759328,14.77867306,24.07701151,314.8268433,1.724931084,55,2
2019,106,18.92759328,14.77867306,24.07701151,314.8268433,1.724931084,55,2
2019,107,24.37776471,20.088,28.404,255.72358,0,55,2
2019,108,22.11402083,15.591,28.47,305.3847619,0,55,2
2019,109,22.12491667,16.34,28.114,304.2725476,0,55,2
2019,110,22.53510638,16.668,28.873,267.0500633,0,55,2
2019,111,21.69447917,16.647,28.78,256.6729938,0.9,55,2
2019,112,20.99033333,16.398,26.624,254.2395045,7.4,55,2
2019,113,19.95527083,17.527,24.396,159.9832448,6.5,55,2
2019,114,19.86239583,15.875,26.738,351.4240384,29,55,2
2019,115,19.9985,17.28,24.687,191.8979087,0,55,2
2019,116,20.13439583,16.782,24.42,372.5340941,11.2,55,2
2019,117,19.92731915,15.206,25.022,334.2100095,19.7106383,55,2
2019,118,20.52297561,16.436,26.209,440.94682,0,55,2
2019,119,20.5579375,16.428,25.086,391.8794174,0.8,55,2
2019,120,19.6418125,16.096,24.671,352.3294709,1.2,55,2
2019,121,20.01806522,16.104,25.729,430.248449,0,55,2
2019,122,20.33908333,15.327,26.282,422.0197238,0,55,2
2019,123,20.26141667,16.683,24.943,313.6843571,0,55,2
2019,124,19.65077083,16.254,23.977,281.2347532,0,55,2
2019,125,19.99166667,16.257,25.276,320.5160952,0,55,2
2019,126,19.80789583,16.156,24.771,372.298781,1.6,55,2
2019,127,19.737625,15.945,25.124,353.4086227,0,55,2
2019,128,20.20197917,16.086,24.847,349.1198081,0,55,2
2019,129,19.65535417,15.221,24.504,308.710681,0,55,2
2019,130,19.62770213,16.076,24.924,271.5425776,0,55,2
2019,131,19.495125,15.702,24.83,311.7584741,0,55,2
2019,132,19.38008333,16.015,24.63,289.6899,0.2,55,2
2019,133,19.5861875,14.752,24.367,277.7902136,0,55,2
2019,134,19.574375,15.619,24.855,304.1537429,0,55,2
2019,135,20.15420833,15.519,25.831,358.3983333,0,55,2
2019,136,19.66925,14.882,24.329,277.4671143,0,55,2
2019,137,19.62310417,14.869,24.798,263.5745571,0,55,2
2019,138,18.572375,16.313,22.29,268.1662032,10.7,55,2
2019,139,17.6941875,15.029,20.465,200.9771014,0,55,2
2019,140,18.49908333,14.182,22.358,264.5857952,0,55,2
2019,141,18.89070833,14.066,24.228,319.9960952,0,55,2
2019,142,18.84202083,14.79,24.046,226.1048571,0,55,2
2019,143,18.54091667,15.494,22.668,282.258685,0,55,2
2019,144,18.01851064,14.764,23.119,340.4065714,0,55,2
2019,145,17.952875,15.735,21.958,233.6828091,0,55,2
2019,146,17.69295833,15.518,21.093,211.704703,3,55,2
2019,147,18.1834375,15.763,22.108,251.0196455,0,55,2
2019,148,17.93479167,14.357,21.84,201.5107685,0,55,2
2019,149,18.45379167,15.472,22.574,259.819081,0,55,2
2019,150,18.97966667,13.857,24.028,343.8386286,0,55,2
2019,151,18.7435625,14.857,23.739,203.35889,0,55,2
2019,152,19.35852174,15.903,26.373,332.4836,0,55,2
2019,153,18.30478261,15.863,25.481,296.9831961,23.37391304,55,2
2019,154,18.78522917,15.858,23.389,319.4590129,0,55,2
2019,155,18.12222917,14.667,22.128,243.6390795,0,55,2
2019,156,16.838125,15.005,19.189,118.1578377,0,55,2
2019,157,17.2675625,14.148,21.337,222.7094682,23.8,55,2
2019,158,17.88264583,14.75,21.604,247.6343,0,55,2
2019,159,18.53020833,14.923,23.313,307.5061429,0,55,2
2019,160,16.8135,15.649,18.912,88.11416048,0.6,55,2
2019,161,16.02010417,14.193,18.698,106.7178091,0,55,2
2019,162,17.124125,13.535,20.823,212.6003091,0,55,2
2019,163,17.66935417,14.323,20.69,150.0778318,0,55,2
2019,164,18.3101875,14.85,22.746,260.2243591,0,55,2
2019,165,17.5058125,14.361,21.767,228.40627,0,55,2
2019,166,16.84647917,13.837,20.652,210.6696476,0,55,2
2019,167,17.90110417,13.407,23.496,287.1253271,0,55,2
2019,168,17.89270833,11.911,23.722,354.2207524,0,55,2
2019,169,16.994125,12.826,21.419,185.4260952,0,55,2
2019,170,18.41216667,13.147,24.451,306.49289,0,55,2
2019,171,18.089,13.8,22.918,257.4653727,0,55,2
2019,172,16.2775625,13.908,18.737,115.7184367,0,55,2
2019,173,18.07358333,13.929,23.237,289.9902818,0,55,2
2019,174,18.56464583,14.168,25.269,347.6225056,0.2,55,2
2019,175,18.70839583,14.172,24.317,234.0549762,0,55,2
2019,176,17.19195833,13.191,20.816,171.40568,0,55,2
2019,177,17.54497917,14.608,22.725,168.8890014,0,55,2
2019,178,17.65539583,13.548,22.058,171.5502429,0,55,2
2019,179,16.94079167,13.948,21.807,209.4768429,0,55,2
2019,180,17.73677083,11.849,24.729,376.874585,0,55,2
2019,181,17.93227083,11.469,24.609,293.8143857,0,55,2
2019,182,18.81414583,13.313,24.599,355.329,0,55,2
2019,183,18.6834375,12.965,24.501,302.972025,0,55,2
2019,184,17.94583333,14.303,21.357,151.5433259,0,55,2
2019,185,17.89941667,12.352,23.86,300.3129667,0,55,2
2019,186,18.42241667,12.862,24.563,303.342205,0,55,2
2019,187,17.87377083,14.635,22.66,221.0248062,0,55,2
2019,188,17.85314583,13.704,23.31,210.0051857,0,55,2
2019,189,18.43777083,12.393,24.557,293.6772832,0,55,2
2019,190,18.77925,12.942,24.975,334.151985,0,55,2
2019,191,18.3608125,12.386,24.25,254.0409129,0,55,2
2019,192,18.57175,13.602,23.861,284.9672619,0,55,2
2019,193,19.03191667,13.911,24.829,324.9871665,0,55,2
2019,194,17.20491667,12.312,22.174,167.079365,0,55,2
2019,195,17.305375,11.728,22.823,244.3946,0,55,2
2019,196,17.34408333,12.642,22.767,219.15634,0,55,2
2019,197,16.33002083,12.084,20.609,192.5094,0,55,2
2019,198,16.30677083,13.613,20.223,152.09283,0,55,2
2019,199,17.25747917,12.942,22.707,337.883275,0.8,55,2
2019,200,17.0083125,13.632,21.974,248.28551,0,55,2
2019,201,16.90545833,13.073,22.828,187.85306,0,55,2
2019,202,18.7648125,11.56,25.883,320.4749095,0,55,2
2019,203,17.11910417,13.122,23.377,201.9653443,0,55,2
2019,204,17.71340426,10.842,25.248,331.386465,0,55,2
2019,205,17.69991667,11.235,24.662,282.0665737,0,55,2
2019,206,18.24823404,11.506,25.806,356.65395,0,55,2
2019,207,17.2319375,12.009,24.508,344.3746421,0,55,2
2019,208,16.37345833,10.473,23.417,277.1727,0,55,2
2019,209,16.86145833,11.642,22.32,223.747555,0,55,2
2019,210,17.9211875,12.384,22.828,252.0471737,0,55,2
2019,211,16.9489375,13.023,20.796,139.8661632,0,55,2
2019,212,17.85079167,14.644,22.221,137.035855,5.5,55,2
2019,213,19.03722917,13.918,25.13,337.480935,0,55,2
2019,214,17.42989583,11.769,23.224,242.4551524,0,55,2
2019,215,17.74235556,13.265,22.951,386.33277,2.24,55,2
2019,216,17.63779167,11.114,24.331,401.7756048,0,55,2
2019,217,18.25254167,11.195,25.792,379.6654095,0,55,2
2019,218,19.2408125,10.892,27.046,347.97833,0,55,2
2019,219,18.78783333,15.689,23.916,276.47165,0,55,2
2019,220,18.19883333,13.836,23.436,336.175165,0,55,2
2019,221,17.17897917,11.212,22.865,342.0681205,0,55,2
2019,222,17.017375,11.508,22.784,255.1495,0,55,2
2019,223,16.21925,13.916,20.347,164.0219048,0,55,2
2019,224,16.57114583,11.912,22.013,293.3029429,0,55,2
2019,225,17.53439583,13.12,24.092,316.0480571,0,55,2
2019,226,16.60879167,13.483,20.824,164.3927095,0,55,2
2019,227,16.27164583,10.483,21.528,198.75662,0,55,2
2019,228,16.82716667,13.06,20.039,168.0399633,0,55,2
2019,229,16.871875,10.763,21.793,204.0185238,0,55,2
2019,230,17.39220833,13.132,22.197,215.6056182,0,55,2
2019,231,15.551125,12.984,18.901,115.763781,0,55,2
2019,232,16.6385625,11.708,22.908,232.3388048,0,55,2
2019,233,17.544125,12.727,23.052,279.8856524,0,55,2
2019,234,17.88360417,13.185,23.808,243.3732081,0,55,2
2019,235,19.08264583,14.361,25.125,376.064065,0,55,2
2019,236,18.1813125,14.068,24.02,265.7893526,0,55,2
2019,237,18.11645833,13.087,23.772,366.2388514,0.6,55,2
2019,238,18.69960417,13.637,24.495,369.5595681,0,55,2
2019,239,18.86145833,14.106,24.051,221.6008524,0,55,2
2019,240,18.44304167,11.759,25.395,331.85184,0,55,2
2019,241,18.78202128,13.515,23.909,229.7228316,0,55,2
2019,242,18.12670833,14.897,22.537,205.6871967,0,55,2
2019,243,18.49585417,14.328,25.009,216.46402,10.8,55,2
2019,244,17.96814583,14.874,27.125,390.4661389,31.2,55,2
2019,245,17.39239583,13.116,22.634,341.155097,0,55,2
2019,246,17.62727083,14.824,22.535,195.1359095,0,55,2
2019,247,17.57066667,12.921,22.502,256.8291786,0,55,2
2019,248,17.443625,13.294,22.019,196.9149605,0,55,2
2019,249,18.51935417,12.92,24.57,367.6862095,0,55,2
2019,250,17.64522917,15.034,22.096,185.5149571,0,55,2
2019,251,16.46644681,12.952,20.121,156.3750429,0,55,2
2019,252,18.14727083,12.918,23.875,299.374625,0,55,2
2019,253,17.9978125,14.772,23.351,210.9952182,0.2,55,2
2019,254,18.26270213,14.397,23.63,293.7505957,0.306382979,55,2
2019,255,18.96729167,13.408,24.949,380.4660741,0,55,2
2019,256,18.7892766,12.068,25.685,386.65487,0,55,2
2019,257,19.178875,12.88,26.259,395.1533429,0,55,2
2019,258,19.36822917,14.207,26.282,373.740075,0,55,2
2019,259,18.65552083,13.117,24.723,387.2554619,0,55,2
2019,260,18.59735417,11.736,25.314,380.3609455,0,55,2
2019,261,19.36245833,12.843,26.385,307.4612048,0,55,2
2019,262,18.32002083,11.522,25.059,421.3430048,0,55,2
2019,263,18.29964583,10.694,24.813,376.5842571,0,55,2
2019,264,18.68345833,11.867,25.462,344.2096571,0,55,2
2019,265,18.63835417,12.029,25.697,391.01568,0,55,2
2019,266,18.71577083,12.848,25.538,329.7860476,0,55,2
2019,267,18.01127083,14.357,22.414,252.7183714,0,55,2
2019,268,15.52690476,13.329,20.494,214.4517167,0,55,2
2019,269,18.92759328,14.77867306,24.07701151,314.8268433,1.724931084,55,2
2019,270,18.90655556,14.873,23.32,165.8210905,0,55,2
2019,271,19.97679167,13.261,26.776,380.2240143,0,55,2
2019,272,19.857625,12.866,27.435,399.5961381,0,55,2
2019,273,20.829,13.798,27.979,385.9257571,0,55,2
2019,274,19.334375,15.198,26.672,285.4194505,2.5,55,2
2019,275,18.41017021,13.745,24.032,310.2747586,0,55,2
2019,276,19.55108333,15.949,25.066,329.8480476,0,55,2
2019,277,18.78970833,14.173,23.392,345.4680252,0,55,2
2019,278,18.25261702,14.718,23.562,200.9216238,0.408510638,55,2
2019,279,17.17651064,14.369,21.731,268.6615286,0,55,2
2019,280,18.491625,13.026,23.956,424.0813409,0,55,2
2019,281,19.43810417,12.546,25.729,450.2710619,0,55,2
2019,282,19.36052083,16.018,24.802,352.4140952,3.8,55,2
2019,283,17.87064583,14.139,23.071,293.4011322,0.3,55,2
2019,284,17.84454167,15.21,22.079,255.4720752,0,55,2
2019,285,17.50283333,15.039,21.396,355.5940286,0,55,2
2019,286,17.5163125,15.22,21.511,315.3833273,0,55,2
2019,287,17.792625,15.133,21.198,254.7299773,0,55,2
2019,288,18.99747917,15.346,23.623,404.7332514,0,55,2
2019,289,19.21985417,14.014,25.172,462.0178591,0,55,2
2019,290,17.63795833,15.634,20.59,263.2106333,55.1,55,2
2019,291,17.35866667,15.411,20.649,217.4905639,7.9,55,2
2019,292,18.01008333,15.583,21.678,248.8215622,11.3,55,2
2019,293,18.97402128,15.338,23.734,467.0407636,0.408510638,55,2
2019,294,19.2109375,15.338,24.285,397.396119,0,55,2
2019,295,19.51529167,14.684,25.006,394.0851273,0.9,55,2
2019,296,19.32625,15.772,24.127,440.5828682,2.3,55,2
2019,297,18.17208333,15.073,22.692,329.3988864,24.9,55,2
2019,298,18.27814583,15.423,22.578,379.6393409,12.5,55,2
2019,299,18.5108125,15.632,22.266,444.314187,4.2,55,2
2019,300,19.3949375,15.034,23.962,438.4043565,0.1,55,2
2019,301,19.24002128,15.722,24.014,431.6322318,0,55,2
2019,302,19.291125,15.583,24.836,373.5538786,0,55,2
2019,303,18.52980851,15.559,23.049,341.5903367,2.859574468,55,2
2019,304,18.49270833,15.223,22.928,338.2595773,1.3,55,2
2019,305,18.40325,14.892,23.318,445.501019,0,55,2
2019,306,18.236,14.246,22.919,380.7329381,0,55,2
2019,307,18.15985417,13.893,24.39,430.8369565,0,55,2
2019,308,18.33702083,14.164,23.698,475.46485,0,55,2
2019,309,18.65664583,14.516,23.765,434.7494429,0,55,2
2019,310,19.616,15.194,24.962,474.4802238,0,55,2
2019,311,19.4403125,16.048,24.724,379.4623095,0,55,2
2019,312,19.0591875,16.043,23.764,440.6051619,0,55,2
2019,313,18.92072917,13.926,23.975,402.8490668,0,55,2
2019,314,19.00595833,15.808,23.617,364.3496,0,55,2
2019,315,19.136875,15.978,23.858,397.2073136,0,55,2
2019,316,18.77485417,16.062,22.701,346.4651273,0,55,2
2019,317,18.0980625,15.583,22.249,284.5290709,0,55,2
2019,318,17.96008333,15.523,22.282,325.4580952,0,55,2
2019,319,16.526,16.526,16.526,314.8268433,0,55,2
2019,320,19.80583333,16.034,23.906,467.3034381,0,55,2
2019,321,19.01135417,14.288,24.055,435.6981429,0,55,2
2019,322,19.25670833,15.258,24.253,427.6843048,0,55,2
2019,323,19.22904167,15.86,23.998,393.9546955,0,55,2
2019,324,18.865375,15.259,24.864,438.368355,0,55,2
2019,325,19.86516667,16.627,24.889,393.3982877,0,55,2
2019,326,19.69166667,15.39,24.425,497.3230305,0,55,2
2019,327,17.72285417,15.471,20.758,252.3327421,0,55,2
2019,328,18.24797917,14.927,23.508,294.8263476,0,55,2
2019,329,17.47220833,15.086,22.912,333.8971286,0,55,2
2019,330,17.7250625,15.014,21.993,324.1688176,0,55,2
2019,331,18.954375,15.618,23.385,467.2498261,0,55,2
2019,332,18.36110417,14.341,23.177,448.1644826,0,55,2
2019,333,18.62225,14.355,24.026,347.6107476,0,55,2
2019,334,18.08964583,15.944,22.546,269.2942727,0,55,2
2019,335,18.02972917,15.754,22.07,417.38093,0,55,2
2019,336,18.177375,15.726,22.362,251.0878987,0,55,2
2019,337,18.5045625,15.931,23.083,319.4620986,0.7,55,2
2019,338,19.31772917,15.667,24.27,409.5941685,1.9,55,2
2019,339,18.13447917,15.011,22.242,241.3432739,0,55,2
2019,340,18.96960417,15.284,23.356,370.4328524,0,55,2
2019,341,18.5540625,16.054,21.78,211.1105622,0,55,2
2019,342,18.45470833,14.906,23.413,298.7638695,0,55,2
2019,343,18.6214375,16.072,23.391,243.0238157,0,55,2
2019,344,17.64820833,16.339,20.492,253.0359545,0,55,2
2019,345,18.11041667,15.52,22.708,389.3110136,0,55,2
2019,346,18.20564583,14.156,23.7,467.7177714,0,55,2
2019,347,18.84733333,14.949,23.971,481.5538455,0,55,2
2019,348,18.15445833,14.921,22.629,367.6766864,3.7,55,2
2019,349,18.21672917,15.093,22.946,315.5814726,5.1,55,2
2019,350,18.74470833,15.02,23.641,421.8475609,0.6,55,2
2019,351,18.57597917,15.306,23.331,332.7252435,0,55,2
2019,352,19.0415,15.824,23.611,448.4768883,0,55,2
2019,353,18.1445625,13.598,23.351,461.9954227,0,55,2
2019,354,18.51916667,13.564,23.937,454.4767318,0,55,2
2019,355,18.38141667,14.96,23.578,296.1950238,3.1,55,2
2019,356,18.21279167,15.16,22.454,310.1868864,0,55,2
2019,357,18.85383333,15.222,23.565,404.0893,7.2,55,2
2019,358,19.05858333,15.764,22.865,280.3804905,0.1,55,2
2019,359,19.34733333,15.186,23.961,392.7827565,5.1,55,2
2019,360,18.83510417,14.178,24.069,409.29838,14.3,55,2
2019,361,20.0258125,16.843,25.15,378.5193668,36.7,55,2
2019,362,19.2393125,16.701,24.566,354.0882352,16.4,55,2
2019,363,19.780125,17.049,23.96,355.1786682,0.2,55,2
2019,364,18.6861875,14.018,23.165,439.38431,0,55,2
2019,365,18.53102083,14.558,23.5,428.5109095,0,55,2
2020,1,18.86520833,14.267,24.059,469.5304,0,55,2
2020,2,18.5978125,15.093,24.196,445.1245714,0,55,2
2020,3,18.86846809,14.791,23.393,376.6693409,0.009191489,55,2
2020,4,18.3518125,14.912,22.963,394.6250605,0,55,2
2020,5,19.06104167,13.758,24.797,461.1195,0,55,2
2020,6,19.72872917,16.043,25.177,427.2621545,0.107,55,2
2020,7,18.64714894,16.181,22.577,324.7754095,0.043914894,55,2
2020,8,17.84816667,15.513,21.769,286.9602187,0.117,55,2
2020,9,18.2946875,14.918,23.682,342.4185476,0.026,55,2
2020,10,19.33404167,15.431,25.038,406.3049545,0.001,55,2
2020,11,19.79302174,14.857,25.569,437.5305224,0,55,2
2020,12,19.9211875,15.969,26.216,491.2343684,0,55,2
2020,13,18.1388125,15.618,23.121,290.944675,0.174,55,2
2020,14,19.16516667,15.589,23.345,401.3814986,0,55,2
2020,15,19.66325,16.054,24.299,473.97455,0,55,2
2020,16,19.2645,15.724,23.539,355.0406905,0,55,2
2020,17,19.233,15.233,24.325,329.1082286,0,55,2
2020,18,19.69502083,15.629,25.213,479.8353526,0,55,2
2020,19,19.61595833,14.574,25.266,393.9708333,0,55,2
2020,20,19.77364583,14.658,25.735,458.6949143,0,55,2
2020,21,19.97247917,15.245,25.139,396.4947571,0,55,2
2020,22,19.7261875,16.269,23.653,330.9910571,0,55,2
2020,23,19.22929167,16.723,23.311,318.1971271,0,55,2
2020,24,18.9330625,16.766,22.385,210.7117365,0,55,2
2020,25,18.92041667,16.126,23.474,296.2868238,0.002,55,2
2020,26,18.21854167,16.011,21.796,276.2377745,0.174,55,2
2020,27,18.1158125,15.758,21.756,282.4776591,0.033,55,2
2020,28,17.48504167,15.283,20.928,257.5531305,0.178,55,2
2020,29,18.9668125,15.648,23.87,461.0426429,0,55,2
2020,30,19.12545833,16.024,23.804,443.7960136,0,55,2
2020,31,19.56729167,15.445,24.686,377.7620909,0,55,2
2020,32,18.5428125,15.064,23.725,363.9282955,93.099,55,2
2020,33,18.59952083,15.454,24.213,355.7351474,0,55,2
2020,34,18.98316667,15.136,24.178,447.0319955,0,55,2
2020,35,18.99620833,14.466,23.998,419.0480261,0,55,2
2020,36,18.6233125,13.047,23.96,459.9412091,0,55,2
2020,37,18.6345,14.813,24.547,487.2813714,0,55,2
2020,38,19.14791489,13.233,25.598,518.23976,0,55,2
2020,39,18.7088125,14.714,24.318,444.8922136,0,55,2
2020,40,18.43235417,14.378,24.001,469.7273832,0,55,2
2020,41,18.83366667,12.547,25.975,494.418619,0,55,2
2020,42,20.0021875,12.815,27.743,490.8081286,0,55,2
2020,43,20.24622917,13.965,26.154,472.9312095,0,55,2
2020,44,19.6303125,15.651,24.615,402.7515609,0,55,2
2020,45,19.28133333,16.144,24.175,465.9584714,0,55,2
2020,46,18.35635417,15.785,23.661,325.9854818,0,55,2
2020,47,18.19160417,15.729,22.674,312.7949652,0,55,2
2020,48,19.41252083,15.509,24.993,466.8485727,0,55,2
2020,49,19.31404167,14.855,24.592,494.1455952,0,55,2
2020,50,19.719625,16.24,25.129,464.3918909,0,55,2
2020,51,20.29479167,14.473,26.543,495.5415318,0,55,2
2020,52,20.382875,15.674,26.271,454.6050043,0,55,2
2020,53,19.5436875,15.713,25.242,329.8846313,16.548,55,2
2020,54,19.70122917,16.545,24.634,340.4493378,1.446,55,2
2020,55,19.70035417,16.307,25.161,464.4806048,0.006,55,2
2020,56,20.60941667,14.283,27.144,448.6134348,0.002,55,2
2020,57,20.2818125,16.848,26.368,402.6605796,0.001,55,2
2020,58,19.75741667,15.887,25.47,461.7468486,0,55,2
2020,59,20.00585417,16.428,25.482,435.2955714,0,55,2
2020,60,20.4700625,14.514,26.991,354.4134636,0,55,2
2020,61,20.14085417,15.929,27.255,291.59169,0.035,55,2
2020,62,18.8536875,15.826,25.187,350.66203,22.433,55,2
2020,63,20.4949375,16.487,25.456,399.2810805,0,55,2
2020,64,20.52714583,16.727,26.123,429.6350667,0,55,2
2020,65,19.79514583,15.118,27.371,437.9293877,0.739,55,2
2020,66,20.33752083,15.4,26.896,471.3034762,0,55,2
2020,67,20.39391667,15.209,27.027,448.568587,0,55,2
2020,68,19.974375,16.249,25.241,479.2792105,0,55,2
2020,69,19.901375,16.921,25.396,317.3172591,0,55,2
2020,70,20.25516667,16.558,25.559,461.4390224,0,55,2
2020,71,20.07025,15.981,25.99,432.0684455,0,55,2
2020,72,19.85270833,16.713,25.091,345.8304182,0,55,2
2020,73,20.18306383,16.541,25.71,404.1151524,0,55,2
2020,74,19.38378378,14.631,25.857,362.4497286,0.006486486,55,2
2020,75,20.47972727,16.057,26.938,455.2231,0,55,2
2020,76,20.81691667,15.913,28.211,434.7530286,0,55,2
2020,77,20.26395833,17.176,25.809,418.4385714,0,55,2
2020,78,20.137,16.055,25.718,407.6181125,0,55,2
2020,79,19.33709091,15.327,25.396,387.0441,0.026181818,55,2
2020,80,19.80520833,15.529,26.221,434.7774857,0,55,2
2020,81,19.50630435,15.85,25.09,505.4211714,0.027130435,55,2
2020,82,19.57054167,15.35,25.098,462.2074125,0,55,2
2020,83,20.04743478,14.282,26.848,455.0158286,0,55,2
2020,84,20.22922727,15.973,26.704,343.9928,0,55,2
2020,85,20.50252,16.357,26.196,315.2942857,0,55,2
2020,86,19.98508333,15.441,26.751,286.6201713,0.322,55,2
2020,87,18.78126087,15.747,24.969,319.4996846,0.039652174,55,2
2020,88,19.733375,16.339,24.857,271.81145,0,55,2
2020,89,18.97026087,14.046,25.289,437.573,0.229565217,55,2
2020,90,19.92169565,15.37,25.894,437.0686357,0.002086957,55,2
2020,91,20.24404167,17.009,24.885,430.2244,0,55,2
2020,92,20.12040909,15.329,25.561,438.7562786,0.002181818,55,2
2020,93,19.28429167,14.246,24.999,392.2966571,0,55,2
2020,94,19.616,16.518,24.577,426.8756125,0,55,2
2020,95,19.49495455,15.388,24.531,451.4931875,0,55,2
2020,96,19.65130435,15.368,25.354,410.3240429,0,55,2
2020,97,19.58617391,16.054,25.315,408.0190692,0.002086957,55,2
2020,98,19.49232,17.261,23.814,305.6059,0,55,2
2020,99,19.879375,16.099,24.923,484.4656571,0,55,2
2020,100,19.43591304,14.565,25.312,375.0230643,0,55,2
2020,101,19.82004348,15.715,24.828,439.6247833,0,55,2
2020,102,19.83808696,14.446,26.309,431.6932786,0,55,2
2020,103,19.71213043,13.394,26.147,350.8525143,0,55,2
2020,104,19.8422,16.24,24.761,232.2167857,0,55,2
2020,105,19.66195833,15.749,26.32,253.7747386,0,55,2
2020,106,19.55436364,15.933,26.53,372.362325,0.104727273,55,2
2020,107,19.19616667,14.994,25.944,410.62985,0,55,2
2020,108,19.3532,14.958,25.088,119.5464857,0,55,2
2020,109,19.19426087,16.957,25.999,237.1969125,0.087652174,55,2
2020,110,18.53291304,15.63,22.944,280.1898786,0,55,2
2020,111,18.87,16.192,23.766,257.73395,0.358956522,55,2
2020,112,18.71329167,15.448,24.201,345.2808667,2.178,55,2
2020,113,18.61282609,15.473,22.268,169.0165571,7.012173913,55,2
2020,114,16.82413043,15.373,19.122,134.6369786,191.9081739,55,2
2020,115,18.991,14.838,24.437,321.9154847,0,55,2
2020,116,18.37633333,14.913,22.315,271.4156286,11.13,55,2
2020,117,18.70691304,16.598,24.708,232.65745,3.629217391,55,2
2020,118,18.40652174,13.849,22.357,306.3282071,0,55,2
2020,119,18.97969565,14.055,24.833,368.9338487,0,55,2
2020,120,19.31368,16.555,23.754,221.0773,0,55,2
2020,121,19.48195652,16.453,24.7,393.3811429,0,55,2
2020,122,18.95729167,15.79,24.424,357.8591247,0,55,2
2020,123,19.00079167,16.275,24.206,233.4374,0,55,2
2020,124,19.31932,16.448,24.312,306.167625,0,55,2
2020,125,19.40358333,14.975,25.003,463.6810667,0,55,2
2020,126,19.35913636,15.019,24.461,348.4920254,0,55,2
2020,127,19.53178261,16.43,24.577,327.0389538,0,55,2
2020,128,18.47641667,16.113,21.771,197.422775,0,55,2
2020,129,18.28282609,14.62,22.766,254.057425,0,55,2
2020,130,17.98053846,16.379,21.01,226.7948,0,55,2
2020,131,18.92759328,14.77867306,24.07701151,314.8268433,1.724931084,55,2
2020,132,18.92759328,14.77867306,24.07701151,314.8268433,1.724931084,55,2
2020,133,18.92759328,14.77867306,24.07701151,314.8268433,1.724931084,55,2
2020,134,18.92759328,14.77867306,24.07701151,314.8268433,1.724931084,55,2
2020,135,18.92759328,14.77867306,24.07701151,314.8268433,1.724931084,55,2
2020,136,18.92759328,14.77867306,24.07701151,314.8268433,1.724931084,55,2
2020,137,18.92759328,14.77867306,24.07701151,314.8268433,1.724931084,55,2
2020,138,18.92759328,14.77867306,24.07701151,314.8268433,1.724931084,55,2
2020,139,18.92759328,14.77867306,24.07701151,314.8268433,1.724931084,55,2
2020,140,18.92759328,14.77867306,24.07701151,314.8268433,1.724931084,55,2
2020,141,18.92759328,14.77867306,24.07701151,314.8268433,1.724931084,55,2
2020,142,18.92759328,14.77867306,24.07701151,314.8268433,1.724931084,55,2
2020,143,18.92759328,14.77867306,24.07701151,314.8268433,1.724931084,55,2
2020,144,18.92759328,14.77867306,24.07701151,314.8268433,1.724931084,55,2
2020,145,18.92759328,14.77867306,24.07701151,314.8268433,1.724931084,55,2
2020,146,18.92759328,14.77867306,24.07701151,314.8268433,1.724931084,55,2
2020,147,18.92759328,14.77867306,24.07701151,314.8268433,1.724931084,55,2
2020,148,18.92759328,14.77867306,24.07701151,314.8268433,1.724931084,55,2
2020,149,18.92759328,14.77867306,24.07701151,314.8268433,1.724931084,55,2
2020,150,18.92759328,14.77867306,24.07701151,314.8268433,1.724931084,55,2
2020,151,18.92759328,14.77867306,24.07701151,314.8268433,1.724931084,55,2
2020,152,18.92759328,14.77867306,24.07701151,314.8268433,1.724931084,55,2
2020,153,18.92759328,14.77867306,24.07701151,314.8268433,1.724931084,55,2
2020,154,18.92759328,14.77867306,24.07701151,314.8268433,1.724931084,55,2
2020,155,18.92759328,14.77867306,24.07701151,314.8268433,1.724931084,55,2
2020,156,18.92759328,14.77867306,24.07701151,314.8268433,1.724931084,55,2
2020,157,18.92759328,14.77867306,24.07701151,314.8268433,1.724931084,55,2
2020,158,18.92759328,14.77867306,24.07701151,314.8268433,1.724931084,55,2
2020,159,18.92759328,14.77867306,24.07701151,314.8268433,1.724931084,55,2
2020,160,18.92759328,14.77867306,24.07701151,314.8268433,1.724931084,55,2
2020,161,18.92759328,14.77867306,24.07701151,314.8268433,1.724931084,55,2
2020,162,18.92759328,14.77867306,24.07701151,314.8268433,1.724931084,55,2
2020,163,18.92759328,14.77867306,24.07701151,314.8268433,1.724931084,55,2
2020,164,18.92759328,14.77867306,24.07701151,314.8268433,1.724931084,55,2
2020,165,18.92759328,14.77867306,24.07701151,314.8268433,1.724931084,55,2
2020,166,18.92759328,14.77867306,24.07701151,314.8268433,1.724931084,55,2
2020,167,18.92759328,14.77867306,24.07701151,314.8268433,1.724931084,55,2
2020,168,18.92759328,14.77867306,24.07701151,314.8268433,1.724931084,55,2
2020,169,18.92759328,14.77867306,24.07701151,314.8268433,1.724931084,55,2
2020,170,18.92759328,14.77867306,24.07701151,314.8268433,1.724931084,55,2
2020,171,18.92759328,14.77867306,24.07701151,314.8268433,1.724931084,55,2
2020,172,18.92759328,14.77867306,24.07701151,314.8268433,1.724931084,55,2
2020,173,18.92759328,14.77867306,24.07701151,314.8268433,1.724931084,55,2
2020,174,18.92759328,14.77867306,24.07701151,314.8268433,1.724931084,55,2
2020,175,18.92759328,14.77867306,24.07701151,314.8268433,1.724931084,55,2
2020,176,18.92759328,14.77867306,24.07701151,314.8268433,1.724931084,55,2
2020,177,18.92759328,14.77867306,24.07701151,314.8268433,1.724931084,55,2
2020,178,18.92759328,14.77867306,24.07701151,314.8268433,1.724931084,55,2
2020,179,18.92759328,14.77867306,24.07701151,314.8268433,1.724931084,55,2
2020,180,18.92759328,14.77867306,24.07701151,314.8268433,1.724931084,55,2
2020,181,18.92759328,14.77867306,24.07701151,314.8268433,1.724931084,55,2
2020,182,18.92759328,14.77867306,24.07701151,314.8268433,1.724931084,55,2
2020,183,18.92759328,14.77867306,24.07701151,314.8268433,1.724931084,55,2
2020,184,18.92759328,14.77867306,24.07701151,314.8268433,1.724931084,55,2
2020,185,18.92759328,14.77867306,24.07701151,314.8268433,1.724931084,55,2
2020,186,18.92759328,14.77867306,24.07701151,314.8268433,1.724931084,55,2
2020,187,18.92759328,14.77867306,24.07701151,314.8268433,1.724931084,55,2
2020,188,18.92759328,14.77867306,24.07701151,314.8268433,1.724931084,55,2
2020,189,18.92759328,14.77867306,24.07701151,314.8268433,1.724931084,55,2
2020,190,18.92759328,14.77867306,24.07701151,314.8268433,1.724931084,55,2
2020,191,18.92759328,14.77867306,24.07701151,314.8268433,1.724931084,55,2
2020,192,18.92759328,14.77867306,24.07701151,314.8268433,1.724931084,55,2
2020,193,18.92759328,14.77867306,24.07701151,314.8268433,1.724931084,55,2
2020,194,18.92759328,14.77867306,24.07701151,314.8268433,1.724931084,55,2
2020,195,18.92759328,14.77867306,24.07701151,314.8268433,1.724931084,55,2
2020,196,18.92759328,14.77867306,24.07701151,314.8268433,1.724931084,55,2
2020,197,18.92759328,14.77867306,24.07701151,314.8268433,1.724931084,55,2
2020,198,18.92759328,14.77867306,24.07701151,314.8268433,1.724931084,55,2
2020,199,18.92759328,14.77867306,24.07701151,314.8268433,1.724931084,55,2
2020,200,18.92759328,14.77867306,24.07701151,314.8268433,1.724931084,55,2
2020,201,18.92759328,14.77867306,24.07701151,314.8268433,1.724931084,55,2
2020,202,18.92759328,14.77867306,24.07701151,314.8268433,1.724931084,55,2
2020,203,18.92759328,14.77867306,24.07701151,314.8268433,1.724931084,55,2
2020,204,18.92759328,14.77867306,24.07701151,314.8268433,1.724931084,55,2
2020,205,18.92759328,14.77867306,24.07701151,314.8268433,1.724931084,55,2
2020,206,18.92759328,14.77867306,24.07701151,314.8268433,1.724931084,55,2
2020,207,18.92759328,14.77867306,24.07701151,314.8268433,1.724931084,55,2
2020,208,18.92759328,14.77867306,24.07701151,314.8268433,1.724931084,55,2
2020,209,18.92759328,14.77867306,24.07701151,314.8268433,1.724931084,55,2
2020,210,18.92759328,14.77867306,24.07701151,314.8268433,1.724931084,55,2
2020,211,18.92759328,14.77867306,24.07701151,314.8268433,1.724931084,55,2
2020,212,18.92759328,14.77867306,24.07701151,314.8268433,1.724931084,55,2
2020,213,18.92759328,14.77867306,24.07701151,314.8268433,1.724931084,55,2
2020,214,18.92759328,14.77867306,24.07701151,314.8268433,1.724931084,55,2
2020,215,18.92759328,14.77867306,24.07701151,314.8268433,1.724931084,55,2
2020,216,18.92759328,14.77867306,24.07701151,314.8268433,1.724931084,55,2
2020,217,18.92759328,14.77867306,24.07701151,314.8268433,1.724931084,55,2
2020,218,18.92759328,14.77867306,24.07701151,314.8268433,1.724931084,55,2
2020,219,18.92759328,14.77867306,24.07701151,314.8268433,1.724931084,55,2
2020,220,18.92759328,14.77867306,24.07701151,314.8268433,1.724931084,55,2
2020,221,18.92759328,14.77867306,24.07701151,314.8268433,1.724931084,55,2
2020,222,18.92759328,14.77867306,24.07701151,314.8268433,1.724931084,55,2
2020,223,18.92759328,14.77867306,24.07701151,314.8268433,1.724931084,55,2
2020,224,18.92759328,14.77867306,24.07701151,314.8268433,1.724931084,55,2
2020,225,18.92759328,14.77867306,24.07701151,314.8268433,1.724931084,55,2
2020,226,18.92759328,14.77867306,24.07701151,314.8268433,1.724931084,55,2
2020,227,18.92759328,14.77867306,24.07701151,314.8268433,1.724931084,55,2
2020,228,18.92759328,14.77867306,24.07701151,314.8268433,1.724931084,55,2
2020,229,18.92759328,14.77867306,24.07701151,314.8268433,1.724931084,55,2
2020,230,18.92759328,14.77867306,24.07701151,314.8268433,1.724931084,55,2
2020,231,18.92759328,14.77867306,24.07701151,314.8268433,1.724931084,55,2
2020,232,18.92759328,14.77867306,24.07701151,314.8268433,1.724931084,55,2
2020,233,18.92759328,14.77867306,24.07701151,314.8268433,1.724931084,55,2
2020,234,18.92759328,14.77867306,24.07701151,314.8268433,1.724931084,55,2
2020,235,18.92759328,14.77867306,24.07701151,314.8268433,1.724931084,55,2
2020,236,18.92759328,14.77867306,24.07701151,314.8268433,1.724931084,55,2
2020,237,18.92759328,14.77867306,24.07701151,314.8268433,1.724931084,55,2
2020,238,18.92759328,14.77867306,24.07701151,314.8268433,1.724931084,55,2
2020,239,18.92759328,14.77867306,24.07701151,314.8268433,1.724931084,55,2
2020,240,18.92759328,14.77867306,24.07701151,314.8268433,1.724931084,55,2
2020,241,18.92759328,14.77867306,24.07701151,314.8268433,1.724931084,55,2
2020,242,18.92759328,14.77867306,24.07701151,314.8268433,1.724931084,55,2
2020,243,18.92759328,14.77867306,24.07701151,314.8268433,1.724931084,55,2
2020,244,18.92759328,14.77867306,24.07701151,314.8268433,1.724931084,55,2
2020,245,18.92759328,14.77867306,24.07701151,314.8268433,1.724931084,55,2
2020,246,18.92759328,14.77867306,24.07701151,314.8268433,1.724931084,55,2
2020,247,18.92759328,14.77867306,24.07701151,314.8268433,1.724931084,55,2
2020,248,18.92759328,14.77867306,24.07701151,314.8268433,1.724931084,55,2
2020,249,18.92759328,14.77867306,24.07701151,314.8268433,1.724931084,55,2
2020,250,18.92759328,14.77867306,24.07701151,314.8268433,1.724931084,55,2
2020,251,18.92759328,14.77867306,24.07701151,314.8268433,1.724931084,55,2
2020,252,18.92759328,14.77867306,24.07701151,314.8268433,1.724931084,55,2
2020,253,18.92759328,14.77867306,24.07701151,314.8268433,1.724931084,55,2
2020,254,18.92759328,14.77867306,24.07701151,314.8268433,1.724931084,55,2
2020,255,18.92759328,14.77867306,24.07701151,314.8268433,1.724931084,55,2
2020,256,18.92759328,14.77867306,24.07701151,314.8268433,1.724931084,55,2
2020,257,18.92759328,14.77867306,24.07701151,314.8268433,1.724931084,55,2
2020,258,18.92759328,14.77867306,24.07701151,314.8268433,1.724931084,55,2
2020,259,18.92759328,14.77867306,24.07701151,314.8268433,1.724931084,55,2
2020,260,18.92759328,14.77867306,24.07701151,314.8268433,1.724931084,55,2
2020,261,18.92759328,14.77867306,24.07701151,314.8268433,1.724931084,55,2
2020,262,18.92759328,14.77867306,24.07701151,314.8268433,1.724931084,55,2
2020,263,18.92759328,14.77867306,24.07701151,314.8268433,1.724931084,55,2
2020,264,18.92759328,14.77867306,24.07701151,314.8268433,1.724931084,55,2
2020,265,18.92759328,14.77867306,24.07701151,314.8268433,1.724931084,55,2
2020,266,18.92759328,14.77867306,24.07701151,314.8268433,1.724931084,55,2
2020,267,18.92759328,14.77867306,24.07701151,314.8268433,1.724931084,55,2
2020,268,18.92759328,14.77867306,24.07701151,314.8268433,1.724931084,55,2
2020,269,18.92759328,14.77867306,24.07701151,314.8268433,1.724931084,55,2
2020,270,18.92759328,14.77867306,24.07701151,314.8268433,1.724931084,55,2
2020,271,18.92759328,14.77867306,24.07701151,314.8268433,1.724931084,55,2
2020,272,18.92759328,14.77867306,24.07701151,314.8268433,1.724931084,55,2
2020,273,18.92759328,14.77867306,24.07701151,314.8268433,1.724931084,55,2
2020,274,18.92759328,14.77867306,24.07701151,314.8268433,1.724931084,55,2
2020,275,18.92759328,14.77867306,24.07701151,314.8268433,1.724931084,55,2
2020,276,18.92759328,14.77867306,24.07701151,314.8268433,1.724931084,55,2
2020,277,18.92759328,14.77867306,24.07701151,314.8268433,1.724931084,55,2
2020,278,18.92759328,14.77867306,24.07701151,314.8268433,1.724931084,55,2
2020,279,18.92759328,14.77867306,24.07701151,314.8268433,1.724931084,55,2
2020,280,18.92759328,14.77867306,24.07701151,314.8268433,1.724931084,55,2
2020,281,18.92759328,14.77867306,24.07701151,314.8268433,1.724931084,55,2
2020,282,18.92759328,14.77867306,24.07701151,314.8268433,1.724931084,55,2
2020,283,18.92759328,14.77867306,24.07701151,314.8268433,1.724931084,55,2
2020,284,18.92759328,14.77867306,24.07701151,314.8268433,1.724931084,55,2
2020,285,18.92759328,14.77867306,24.07701151,314.8268433,1.724931084,55,2
2020,286,18.92759328,14.77867306,24.07701151,314.8268433,1.724931084,55,2
2020,287,18.92759328,14.77867306,24.07701151,314.8268433,1.724931084,55,2
2020,288,18.92759328,14.77867306,24.07701151,314.8268433,1.724931084,55,2
2020,289,18.92759328,14.77867306,24.07701151,314.8268433,1.724931084,55,2
2020,290,18.92759328,14.77867306,24.07701151,314.8268433,1.724931084,55,2
2020,291,18.92759328,14.77867306,24.07701151,314.8268433,1.724931084,55,2
2020,292,18.92759328,14.77867306,24.07701151,314.8268433,1.724931084,55,2
2020,293,18.92759328,14.77867306,24.07701151,314.8268433,1.724931084,55,2
2020,294,18.92759328,14.77867306,24.07701151,314.8268433,1.724931084,55,2
2020,295,18.92759328,14.77867306,24.07701151,314.8268433,1.724931084,55,2
2020,296,18.92759328,14.77867306,24.07701151,314.8268433,1.724931084,55,2
2020,297,18.92759328,14.77867306,24.07701151,314.8268433,1.724931084,55,2
2020,298,18.92759328,14.77867306,24.07701151,314.8268433,1.724931084,55,2
2020,299,18.92759328,14.77867306,24.07701151,314.8268433,1.724931084,55,2
2020,300,18.92759328,14.77867306,24.07701151,314.8268433,1.724931084,55,2
2020,301,18.92759328,14.77867306,24.07701151,314.8268433,1.724931084,55,2
2020,302,18.92759328,14.77867306,24.07701151,314.8268433,1.724931084,55,2
2020,303,18.92759328,14.77867306,24.07701151,314.8268433,1.724931084,55,2
2020,304,18.92759328,14.77867306,24.07701151,314.8268433,1.724931084,55,2
2020,305,18.92759328,14.77867306,24.07701151,314.8268433,1.724931084,55,2
2020,306,18.92759328,14.77867306,24.07701151,314.8268433,1.724931084,55,2
2020,307,18.92759328,14.77867306,24.07701151,314.8268433,1.724931084,55,2
2020,308,18.92759328,14.77867306,24.07701151,314.8268433,1.724931084,55,2
2020,309,18.92759328,14.77867306,24.07701151,314.8268433,1.724931084,55,2
2020,310,18.92759328,14.77867306,24.07701151,314.8268433,1.724931084,55,2
2020,311,18.92759328,14.77867306,24.07701151,314.8268433,1.724931084,55,2
2020,312,18.92759328,14.77867306,24.07701151,314.8268433,1.724931084,55,2
2020,313,18.92759328,14.77867306,24.07701151,314.8268433,1.724931084,55,2
2020,314,18.92759328,14.77867306,24.07701151,314.8268433,1.724931084,55,2
2020,315,18.92759328,14.77867306,24.07701151,314.8268433,1.724931084,55,2
2020,316,18.92759328,14.77867306,24.07701151,314.8268433,1.724931084,55,2
2020,317,18.92759328,14.77867306,24.07701151,314.8268433,1.724931084,55,2
2020,318,18.92759328,14.77867306,24.07701151,314.8268433,1.724931084,55,2
2020,319,18.92759328,14.77867306,24.07701151,314.8268433,1.724931084,55,2
2020,320,18.92759328,14.77867306,24.07701151,314.8268433,1.724931084,55,2
2020,321,18.92759328,14.77867306,24.07701151,314.8268433,1.724931084,55,2
2020,322,18.92759328,14.77867306,24.07701151,314.8268433,1.724931084,55,2
2020,323,18.92759328,14.77867306,24.07701151,314.8268433,1.724931084,55,2
2020,324,18.92759328,14.77867306,24.07701151,314.8268433,1.724931084,55,2
2020,325,18.92759328,14.77867306,24.07701151,314.8268433,1.724931084,55,2
2020,326,18.92759328,14.77867306,24.07701151,314.8268433,1.724931084,55,2
2020,327,18.92759328,14.77867306,24.07701151,314.8268433,1.724931084,55,2
2020,328,18.92759328,14.77867306,24.07701151,314.8268433,1.724931084,55,2
2020,329,18.92759328,14.77867306,24.07701151,314.8268433,1.724931084,55,2
2020,330,18.92759328,14.77867306,24.07701151,314.8268433,1.724931084,55,2
2020,331,18.92759328,14.77867306,24.07701151,314.8268433,1.724931084,55,2
2020,332,18.92759328,14.77867306,24.07701151,314.8268433,1.724931084,55,2
2020,333,18.92759328,14.77867306,24.07701151,314.8268433,1.724931084,55,2
2020,334,18.92759328,14.77867306,24.07701151,314.8268433,1.724931084,55,2
2020,335,18.92759328,14.77867306,24.07701151,314.8268433,1.724931084,55,2
2020,336,18.92759328,14.77867306,24.07701151,314.8268433,1.724931084,55,2
2020,337,18.92759328,14.77867306,24.07701151,314.8268433,1.724931084,55,2
2020,338,18.92759328,14.77867306,24.07701151,314.8268433,1.724931084,55,2
2020,339,18.92759328,14.77867306,24.07701151,314.8268433,1.724931084,55,2
2020,340,18.92759328,14.77867306,24.07701151,314.8268433,1.724931084,55,2
2020,341,18.92759328,14.77867306,24.07701151,314.8268433,1.724931084,55,2
2020,342,18.92759328,14.77867306,24.07701151,314.8268433,1.724931084,55,2
2020,343,18.92759328,14.77867306,24.07701151,314.8268433,1.724931084,55,2
2020,344,18.92759328,14.77867306,24.07701151,314.8268433,1.724931084,55,2
2020,345,18.92759328,14.77867306,24.07701151,314.8268433,1.724931084,55,2
2020,346,18.92759328,14.77867306,24.07701151,314.8268433,1.724931084,55,2
2020,347,18.92759328,14.77867306,24.07701151,314.8268433,1.724931084,55,2
2020,348,18.92759328,14.77867306,24.07701151,314.8268433,1.724931084,55,2
2020,349,18.92759328,14.77867306,24.07701151,314.8268433,1.724931084,55,2
2020,350,18.92759328,14.77867306,24.07701151,314.8268433,1.724931084,55,2
2020,351,18.92759328,14.77867306,24.07701151,314.8268433,1.724931084,55,2
2020,352,18.92759328,14.77867306,24.07701151,314.8268433,1.724931084,55,2
2020,353,18.92759328,14.77867306,24.07701151,314.8268433,1.724931084,55,2
2020,354,18.92759328,14.77867306,24.07701151,314.8268433,1.724931084,55,2
2020,355,18.92759328,14.77867306,24.07701151,314.8268433,1.724931084,55,2
2020,356,18.92759328,14.77867306,24.07701151,314.8268433,1.724931084,55,2
2020,357,18.92759328,14.77867306,24.07701151,314.8268433,1.724931084,55,2
2020,358,18.92759328,14.77867306,24.07701151,314.8268433,1.724931084,55,2
2020,359,18.92759328,14.77867306,24.07701151,314.8268433,1.724931084,55,2
2020,360,18.92759328,14.77867306,24.07701151,314.8268433,1.724931084,55,2
2020,361,18.92759328,14.77867306,24.07701151,314.8268433,1.724931084,55,2
2020,362,18.92759328,14.77867306,24.07701151,314.8268433,1.724931084,55,2
2020,363,18.92759328,14.77867306,24.07701151,314.8268433,1.724931084,55,2
2020,364,18.92759328,14.77867306,24.07701151,314.8268433,1.724931084,55,2
2020,365,18.92759328,14.77867306,24.07701151,314.8268433,1.724931084,55,2
2020,366,18.92759328,14.77867306,24.07701151,314.8268433,1.724931084,55,2
2021,1,18.92759328,14.77867306,24.07701151,314.8268433,1.724931084,55,2
2021,2,18.92759328,14.77867306,24.07701151,314.8268433,1.724931084,55,2
2021,3,18.92759328,14.77867306,24.07701151,314.8268433,1.724931084,55,2
2021,4,18.92759328,14.77867306,24.07701151,314.8268433,1.724931084,55,2
2021,5,18.92759328,14.77867306,24.07701151,314.8268433,1.724931084,55,2
2021,6,18.92759328,14.77867306,24.07701151,314.8268433,1.724931084,55,2
2021,7,18.92759328,14.77867306,24.07701151,314.8268433,1.724931084,55,2
2021,8,18.92759328,14.77867306,24.07701151,314.8268433,1.724931084,55,2
2021,9,18.92759328,14.77867306,24.07701151,314.8268433,1.724931084,55,2
2021,10,18.92759328,14.77867306,24.07701151,314.8268433,1.724931084,55,2
2021,11,18.92759328,14.77867306,24.07701151,314.8268433,1.724931084,55,2
2021,12,18.92759328,14.77867306,24.07701151,314.8268433,1.724931084,55,2
2021,13,18.92759328,14.77867306,24.07701151,314.8268433,1.724931084,55,2
2021,14,18.92759328,14.77867306,24.07701151,314.8268433,1.724931084,55,2
2021,15,18.92759328,14.77867306,24.07701151,314.8268433,1.724931084,55,2
2021,16,18.92759328,14.77867306,24.07701151,314.8268433,1.724931084,55,2
2021,17,18.92759328,14.77867306,24.07701151,314.8268433,1.724931084,55,2
2021,18,18.92759328,14.77867306,24.07701151,314.8268433,1.724931084,55,2
2021,19,18.92759328,14.77867306,24.07701151,314.8268433,1.724931084,55,2
2021,20,18.92759328,14.77867306,24.07701151,314.8268433,1.724931084,55,2
2021,21,18.92759328,14.77867306,24.07701151,314.8268433,1.724931084,55,2
2021,22,18.92759328,14.77867306,24.07701151,314.8268433,1.724931084,55,2
2021,23,18.92759328,14.77867306,24.07701151,314.8268433,1.724931084,55,2
2021,24,18.92759328,14.77867306,24.07701151,314.8268433,1.724931084,55,2
2021,25,18.92759328,14.77867306,24.07701151,314.8268433,1.724931084,55,2
2021,26,18.92759328,14.77867306,24.07701151,314.8268433,1.724931084,55,2
2021,27,18.92759328,14.77867306,24.07701151,314.8268433,1.724931084,55,2
2021,28,18.92759328,14.77867306,24.07701151,314.8268433,1.724931084,55,2
2021,29,18.92759328,14.77867306,24.07701151,314.8268433,1.724931084,55,2
2021,30,18.92759328,14.77867306,24.07701151,314.8268433,1.724931084,55,2
2021,31,18.92759328,14.77867306,24.07701151,314.8268433,1.724931084,55,2
2021,32,18.92759328,14.77867306,24.07701151,314.8268433,1.724931084,55,2
2021,33,18.92759328,14.77867306,24.07701151,314.8268433,1.724931084,55,2
2021,34,18.92759328,14.77867306,24.07701151,314.8268433,1.724931084,55,2
2021,35,18.92759328,14.77867306,24.07701151,314.8268433,1.724931084,55,2
2021,36,18.92759328,14.77867306,24.07701151,314.8268433,1.724931084,55,2
2021,37,18.92759328,14.77867306,24.07701151,314.8268433,1.724931084,55,2
2021,38,18.92759328,14.77867306,24.07701151,314.8268433,1.724931084,55,2
2021,39,18.92759328,14.77867306,24.07701151,314.8268433,1.724931084,55,2
2021,40,18.92759328,14.77867306,24.07701151,314.8268433,1.724931084,55,2
2021,41,18.92759328,14.77867306,24.07701151,314.8268433,1.724931084,55,2
2021,42,18.92759328,14.77867306,24.07701151,314.8268433,1.724931084,55,2
2021,43,18.92759328,14.77867306,24.07701151,314.8268433,1.724931084,55,2
2021,44,18.92759328,14.77867306,24.07701151,314.8268433,1.724931084,55,2
2021,45,18.92759328,14.77867306,24.07701151,314.8268433,1.724931084,55,2
2021,46,18.92759328,14.77867306,24.07701151,314.8268433,1.724931084,55,2
2021,47,18.92759328,14.77867306,24.07701151,314.8268433,1.724931084,55,2
2021,48,18.92759328,14.77867306,24.07701151,314.8268433,1.724931084,55,2
2021,49,18.92759328,14.77867306,24.07701151,314.8268433,1.724931084,55,2
2021,50,18.92759328,14.77867306,24.07701151,314.8268433,1.724931084,55,2
2021,51,18.92759328,14.77867306,24.07701151,314.8268433,1.724931084,55,2
2021,52,18.92759328,14.77867306,24.07701151,314.8268433,1.724931084,55,2
2021,53,18.92759328,14.77867306,24.07701151,314.8268433,1.724931084,55,2
2021,54,18.92759328,14.77867306,24.07701151,314.8268433,1.724931084,55,2
2021,55,18.92759328,14.77867306,24.07701151,314.8268433,1.724931084,55,2
2021,56,18.92759328,14.77867306,24.07701151,314.8268433,1.724931084,55,2
2021,57,18.92759328,14.77867306,24.07701151,314.8268433,1.724931084,55,2
2021,58,18.92759328,14.77867306,24.07701151,314.8268433,1.724931084,55,2
2021,59,18.92759328,14.77867306,24.07701151,314.8268433,1.724931084,55,2
2021,60,18.92759328,14.77867306,24.07701151,314.8268433,1.724931084,55,2
2021,61,18.92759328,14.77867306,24.07701151,314.8268433,1.724931084,55,2
2021,62,18.92759328,14.77867306,24.07701151,314.8268433,1.724931084,55,2
2021,63,18.92759328,14.77867306,24.07701151,314.8268433,1.724931084,55,2
2021,64,18.92759328,14.77867306,24.07701151,314.8268433,1.724931084,55,2
2021,65,18.92759328,14.77867306,24.07701151,314.8268433,1.724931084,55,2
2021,66,18.92759328,14.77867306,24.07701151,314.8268433,1.724931084,55,2
2021,67,18.92759328,14.77867306,24.07701151,314.8268433,1.724931084,55,2
2021,68,18.92759328,14.77867306,24.07701151,314.8268433,1.724931084,55,2
2021,69,18.92759328,14.77867306,24.07701151,314.8268433,1.724931084,55,2
2021,70,18.92759328,14.77867306,24.07701151,314.8268433,1.724931084,55,2
2021,71,18.92759328,14.77867306,24.07701151,314.8268433,1.724931084,55,2
2021,72,18.92759328,14.77867306,24.07701151,314.8268433,1.724931084,55,2
2021,73,18.92759328,14.77867306,24.07701151,314.8268433,1.724931084,55,2
2021,74,18.92759328,14.77867306,24.07701151,314.8268433,1.724931084,55,2
2021,75,18.92759328,14.77867306,24.07701151,314.8268433,1.724931084,55,2
2021,76,18.92759328,14.77867306,24.07701151,314.8268433,1.724931084,55,2
2021,77,18.92759328,14.77867306,24.07701151,314.8268433,1.724931084,55,2
2021,78,18.92759328,14.77867306,24.07701151,314.8268433,1.724931084,55,2
2021,79,18.92759328,14.77867306,24.07701151,314.8268433,1.724931084,55,2
2021,80,18.92759328,14.77867306,24.07701151,314.8268433,1.724931084,55,2
2021,81,18.92759328,14.77867306,24.07701151,314.8268433,1.724931084,55,2
2021,82,18.92759328,14.77867306,24.07701151,314.8268433,1.724931084,55,2
2021,83,18.92759328,14.77867306,24.07701151,314.8268433,1.724931084,55,2
2021,84,18.92759328,14.77867306,24.07701151,314.8268433,1.724931084,55,2
2021,85,18.92759328,14.77867306,24.07701151,314.8268433,1.724931084,55,2
2021,86,18.92759328,14.77867306,24.07701151,314.8268433,1.724931084,55,2
2021,87,18.92759328,14.77867306,24.07701151,314.8268433,1.724931084,55,2
2021,88,18.92759328,14.77867306,24.07701151,314.8268433,1.724931084,55,2
2021,89,18.92759328,14.77867306,24.07701151,314.8268433,1.724931084,55,2
2021,90,18.92759328,14.77867306,24.07701151,314.8268433,1.724931084,55,2
2021,91,18.92759328,14.77867306,24.07701151,314.8268433,1.724931084,55,2
2021,92,18.92759328,14.77867306,24.07701151,314.8268433,1.724931084,55,2
2021,93,18.92759328,14.77867306,24.07701151,314.8268433,1.724931084,55,2
2021,94,18.92759328,14.77867306,24.07701151,314.8268433,1.724931084,55,2
2021,95,18.92759328,14.77867306,24.07701151,314.8268433,1.724931084,55,2
2021,96,18.92759328,14.77867306,24.07701151,314.8268433,1.724931084,55,2
2021,97,18.92759328,14.77867306,24.07701151,314.8268433,1.724931084,55,2
2021,98,18.92759328,14.77867306,24.07701151,314.8268433,1.724931084,55,2
2021,99,18.92759328,14.77867306,24.07701151,314.8268433,1.724931084,55,2
2021,100,18.92759328,14.77867306,24.07701151,314.8268433,1.724931084,55,2
2021,101,18.92759328,14.77867306,24.07701151,314.8268433,1.724931084,55,2
2021,102,18.92759328,14.77867306,24.07701151,314.8268433,1.724931084,55,2
2021,103,18.92759328,14.77867306,24.07701151,314.8268433,1.724931084,55,2
2021,104,18.92759328,14.77867306,24.07701151,314.8268433,1.724931084,55,2
2021,105,18.92759328,14.77867306,24.07701151,314.8268433,1.724931084,55,2
2021,106,18.92759328,14.77867306,24.07701151,314.8268433,1.724931084,55,2
2021,107,18.92759328,14.77867306,24.07701151,314.8268433,1.724931084,55,2
2021,108,18.92759328,14.77867306,24.07701151,314.8268433,1.724931084,55,2
2021,109,18.92759328,14.77867306,24.07701151,314.8268433,1.724931084,55,2
2021,110,18.92759328,14.77867306,24.07701151,314.8268433,1.724931084,55,2
2021,111,18.92759328,14.77867306,24.07701151,314.8268433,1.724931084,55,2
2021,112,18.92759328,14.77867306,24.07701151,314.8268433,1.724931084,55,2
2021,113,18.92759328,14.77867306,24.07701151,314.8268433,1.724931084,55,2
2021,114,18.92759328,14.77867306,24.07701151,314.8268433,1.724931084,55,2
2021,115,18.92759328,14.77867306,24.07701151,314.8268433,1.724931084,55,2
2021,116,18.92759328,14.77867306,24.07701151,314.8268433,1.724931084,55,2
2021,117,18.92759328,14.77867306,24.07701151,314.8268433,1.724931084,55,2
2021,118,18.92759328,14.77867306,24.07701151,314.8268433,1.724931084,55,2
2021,119,18.92759328,14.77867306,24.07701151,314.8268433,1.724931084,55,2
2021,120,18.92759328,14.77867306,24.07701151,314.8268433,1.724931084,55,2
2021,121,18.92759328,14.77867306,24.07701151,314.8268433,1.724931084,55,2
2021,122,18.92759328,14.77867306,24.07701151,314.8268433,1.724931084,55,2
2021,123,18.92759328,14.77867306,24.07701151,314.8268433,1.724931084,55,2
2021,124,18.92759328,14.77867306,24.07701151,314.8268433,1.724931084,55,2
2021,125,18.92759328,14.77867306,24.07701151,314.8268433,1.724931084,55,2
2021,126,18.92759328,14.77867306,24.07701151,314.8268433,1.724931084,55,2
2021,127,18.92759328,14.77867306,24.07701151,314.8268433,1.724931084,55,2
2021,128,18.92759328,14.77867306,24.07701151,314.8268433,1.724931084,55,2
2021,129,18.92759328,14.77867306,24.07701151,314.8268433,1.724931084,55,2
2021,130,18.92759328,14.77867306,24.07701151,314.8268433,1.724931084,55,2
2021,131,18.92759328,14.77867306,24.07701151,314.8268433,1.724931084,55,2
2021,132,18.92759328,14.77867306,24.07701151,314.8268433,1.724931084,55,2
2021,133,18.92759328,14.77867306,24.07701151,314.8268433,1.724931084,55,2
2021,134,18.92759328,14.77867306,24.07701151,314.8268433,1.724931084,55,2
2021,135,18.92759328,14.77867306,24.07701151,314.8268433,1.724931084,55,2
2021,136,18.92759328,14.77867306,24.07701151,314.8268433,1.724931084,55,2
2021,137,18.92759328,14.77867306,24.07701151,314.8268433,1.724931084,55,2
2021,138,18.92759328,14.77867306,24.07701151,314.8268433,1.724931084,55,2
2021,139,18.92759328,14.77867306,24.07701151,314.8268433,1.724931084,55,2
2021,140,18.92759328,14.77867306,24.07701151,314.8268433,1.724931084,55,2
2021,141,18.92759328,14.77867306,24.07701151,314.8268433,1.724931084,55,2
2021,142,18.92759328,14.77867306,24.07701151,314.8268433,1.724931084,55,2
2021,143,18.92759328,14.77867306,24.07701151,314.8268433,1.724931084,55,2
2021,144,18.92759328,14.77867306,24.07701151,314.8268433,1.724931084,55,2
2021,145,18.92759328,14.77867306,24.07701151,314.8268433,1.724931084,55,2
2021,146,18.92759328,14.77867306,24.07701151,314.8268433,1.724931084,55,2
2021,147,18.92759328,14.77867306,24.07701151,314.8268433,1.724931084,55,2
2021,148,18.92759328,14.77867306,24.07701151,314.8268433,1.724931084,55,2
2021,149,18.92759328,14.77867306,24.07701151,314.8268433,1.724931084,55,2
2021,150,18.92759328,14.77867306,24.07701151,314.8268433,1.724931084,55,2
2021,151,18.92759328,14.77867306,24.07701151,314.8268433,1.724931084,55,2
2021,152,18.92759328,14.77867306,24.07701151,314.8268433,1.724931084,55,2
2021,153,18.92759328,14.77867306,24.07701151,314.8268433,1.724931084,55,2
2021,154,18.92759328,14.77867306,24.07701151,314.8268433,1.724931084,55,2
2021,155,18.92759328,14.77867306,24.07701151,314.8268433,1.724931084,55,2
2021,156,18.92759328,14.77867306,24.07701151,314.8268433,1.724931084,55,2
2021,157,18.92759328,14.77867306,24.07701151,314.8268433,1.724931084,55,2
2021,158,18.92759328,14.77867306,24.07701151,314.8268433,1.724931084,55,2
2021,159,18.92759328,14.77867306,24.07701151,314.8268433,1.724931084,55,2
2021,160,18.92759328,14.77867306,24.07701151,314.8268433,1.724931084,55,2
2021,161,18.92759328,14.77867306,24.07701151,314.8268433,1.724931084,55,2
2021,162,18.92759328,14.77867306,24.07701151,314.8268433,1.724931084,55,2
2021,163,18.92759328,14.77867306,24.07701151,314.8268433,1.724931084,55,2
2021,164,18.92759328,14.77867306,24.07701151,314.8268433,1.724931084,55,2
2021,165,18.92759328,14.77867306,24.07701151,314.8268433,1.724931084,55,2
2021,166,18.92759328,14.77867306,24.07701151,314.8268433,1.724931084,55,2
2021,167,18.92759328,14.77867306,24.07701151,314.8268433,1.724931084,55,2
2021,168,18.92759328,14.77867306,24.07701151,314.8268433,1.724931084,55,2
2021,169,18.92759328,14.77867306,24.07701151,314.8268433,1.724931084,55,2
2021,170,18.92759328,14.77867306,24.07701151,314.8268433,1.724931084,55,2
2021,171,18.92759328,14.77867306,24.07701151,314.8268433,1.724931084,55,2
2021,172,18.92759328,14.77867306,24.07701151,314.8268433,1.724931084,55,2
2021,173,18.92759328,14.77867306,24.07701151,314.8268433,1.724931084,55,2
2021,174,18.92759328,14.77867306,24.07701151,314.8268433,1.724931084,55,2
2021,175,18.92759328,14.77867306,24.07701151,314.8268433,1.724931084,55,2
2021,176,18.92759328,14.77867306,24.07701151,314.8268433,1.724931084,55,2
2021,177,18.92759328,14.77867306,24.07701151,314.8268433,1.724931084,55,2
2021,178,18.92759328,14.77867306,24.07701151,314.8268433,1.724931084,55,2
2021,179,18.92759328,14.77867306,24.07701151,314.8268433,1.724931084,55,2
2021,180,18.92759328,14.77867306,24.07701151,314.8268433,1.724931084,55,2
2021,181,18.92759328,14.77867306,24.07701151,314.8268433,1.724931084,55,2
2021,182,18.92759328,14.77867306,24.07701151,314.8268433,1.724931084,55,2
2021,183,18.92759328,14.77867306,24.07701151,314.8268433,1.724931084,55,2
2021,184,18.92759328,14.77867306,24.07701151,314.8268433,1.724931084,55,2
2021,185,18.92759328,14.77867306,24.07701151,314.8268433,1.724931084,55,2
2021,186,18.92759328,14.77867306,24.07701151,314.8268433,1.724931084,55,2
2021,187,18.92759328,14.77867306,24.07701151,314.8268433,1.724931084,55,2
2021,188,18.92759328,14.77867306,24.07701151,314.8268433,1.724931084,55,2
2021,189,18.92759328,14.77867306,24.07701151,314.8268433,1.724931084,55,2
2021,190,18.92759328,14.77867306,24.07701151,314.8268433,1.724931084,55,2
2021,191,18.92759328,14.77867306,24.07701151,314.8268433,1.724931084,55,2
2021,192,18.92759328,14.77867306,24.07701151,314.8268433,1.724931084,55,2
2021,193,18.92759328,14.77867306,24.07701151,314.8268433,1.724931084,55,2
2021,194,18.92759328,14.77867306,24.07701151,314.8268433,1.724931084,55,2
2021,195,18.92759328,14.77867306,24.07701151,314.8268433,1.724931084,55,2
2021,196,18.92759328,14.77867306,24.07701151,314.8268433,1.724931084,55,2
2021,197,18.92759328,14.77867306,24.07701151,314.8268433,1.724931084,55,2
2021,198,18.92759328,14.77867306,24.07701151,314.8268433,1.724931084,55,2
2021,199,18.92759328,14.77867306,24.07701151,314.8268433,1.724931084,55,2
2021,200,18.92759328,14.77867306,24.07701151,314.8268433,1.724931084,55,2
2021,201,18.92759328,14.77867306,24.07701151,314.8268433,1.724931084,55,2
2021,202,18.92759328,14.77867306,24.07701151,314.8268433,1.724931084,55,2
2021,203,18.92759328,14.77867306,24.07701151,314.8268433,1.724931084,55,2
2021,204,18.92759328,14.77867306,24.07701151,314.8268433,1.724931084,55,2
2021,205,18.92759328,14.77867306,24.07701151,314.8268433,1.724931084,55,2
2021,206,18.92759328,14.77867306,24.07701151,314.8268433,1.724931084,55,2
2021,207,18.92759328,14.77867306,24.07701151,314.8268433,1.724931084,55,2
2021,208,18.92759328,14.77867306,24.07701151,314.8268433,1.724931084,55,2
2021,209,18.92759328,14.77867306,24.07701151,314.8268433,1.724931084,55,2
2021,210,18.92759328,14.77867306,24.07701151,314.8268433,1.724931084,55,2
2021,211,18.92759328,14.77867306,24.07701151,314.8268433,1.724931084,55,2
2021,212,18.92759328,14.77867306,24.07701151,314.8268433,1.724931084,55,2
2021,213,18.92759328,14.77867306,24.07701151,314.8268433,1.724931084,55,2
2021,214,18.92759328,14.77867306,24.07701151,314.8268433,1.724931084,55,2
2021,215,18.92759328,14.77867306,24.07701151,314.8268433,1.724931084,55,2
2021,216,18.92759328,14.77867306,24.07701151,314.8268433,1.724931084,55,2
2021,217,18.92759328,14.77867306,24.07701151,314.8268433,1.724931084,55,2
2021,218,18.92759328,14.77867306,24.07701151,314.8268433,1.724931084,55,2
2021,219,18.92759328,14.77867306,24.07701151,314.8268433,1.724931084,55,2
2021,220,18.92759328,14.77867306,24.07701151,314.8268433,1.724931084,55,2
2021,221,18.92759328,14.77867306,24.07701151,314.8268433,1.724931084,55,2
2021,222,18.92759328,14.77867306,24.07701151,314.8268433,1.724931084,55,2
2021,223,18.92759328,14.77867306,24.07701151,314.8268433,1.724931084,55,2
2021,224,18.92759328,14.77867306,24.07701151,314.8268433,1.724931084,55,2
2021,225,18.92759328,14.77867306,24.07701151,314.8268433,1.724931084,55,2
2021,226,18.92759328,14.77867306,24.07701151,314.8268433,1.724931084,55,2
2021,227,18.92759328,14.77867306,24.07701151,314.8268433,1.724931084,55,2
2021,228,18.92759328,14.77867306,24.07701151,314.8268433,1.724931084,55,2
2021,229,18.92759328,14.77867306,24.07701151,314.8268433,1.724931084,55,2
2021,230,18.92759328,14.77867306,24.07701151,314.8268433,1.724931084,55,2
2021,231,18.92759328,14.77867306,24.07701151,314.8268433,1.724931084,55,2
2021,232,18.92759328,14.77867306,24.07701151,314.8268433,1.724931084,55,2
2021,233,18.92759328,14.77867306,24.07701151,314.8268433,1.724931084,55,2
2021,234,18.92759328,14.77867306,24.07701151,314.8268433,1.724931084,55,2
2021,235,18.92759328,14.77867306,24.07701151,314.8268433,1.724931084,55,2
2021,236,18.92759328,14.77867306,24.07701151,314.8268433,1.724931084,55,2
2021,237,18.92759328,14.77867306,24.07701151,314.8268433,1.724931084,55,2
2021,238,18.92759328,14.77867306,24.07701151,314.8268433,1.724931084,55,2
2021,239,18.92759328,14.77867306,24.07701151,314.8268433,1.724931084,55,2
2021,240,18.92759328,14.77867306,24.07701151,314.8268433,1.724931084,55,2
2021,241,18.92759328,14.77867306,24.07701151,314.8268433,1.724931084,55,2
2021,242,18.92759328,14.77867306,24.07701151,314.8268433,1.724931084,55,2
2021,243,18.92759328,14.77867306,24.07701151,314.8268433,1.724931084,55,2
2021,244,18.92759328,14.77867306,24.07701151,314.8268433,1.724931084,55,2
2021,245,18.92759328,14.77867306,24.07701151,314.8268433,1.724931084,55,2
2021,246,18.92759328,14.77867306,24.07701151,314.8268433,1.724931084,55,2
2021,247,18.92759328,14.77867306,24.07701151,314.8268433,1.724931084,55,2
2021,248,18.92759328,14.77867306,24.07701151,314.8268433,1.724931084,55,2
2021,249,18.92759328,14.77867306,24.07701151,314.8268433,1.724931084,55,2
2021,250,18.92759328,14.77867306,24.07701151,314.8268433,1.724931084,55,2
2021,251,18.92759328,14.77867306,24.07701151,314.8268433,1.724931084,55,2
2021,252,18.92759328,14.77867306,24.07701151,314.8268433,1.724931084,55,2
2021,253,18.92759328,14.77867306,24.07701151,314.8268433,1.724931084,55,2
2021,254,18.92759328,14.77867306,24.07701151,314.8268433,1.724931084,55,2
2021,255,18.92759328,14.77867306,24.07701151,314.8268433,1.724931084,55,2
2021,256,18.92759328,14.77867306,24.07701151,314.8268433,1.724931084,55,2
2021,257,18.92759328,14.77867306,24.07701151,314.8268433,1.724931084,55,2
2021,258,18.92759328,14.77867306,24.07701151,314.8268433,1.724931084,55,2
2021,259,18.92759328,14.77867306,24.07701151,314.8268433,1.724931084,55,2
2021,260,18.92759328,14.77867306,24.07701151,314.8268433,1.724931084,55,2
2021,261,18.92759328,14.77867306,24.07701151,314.8268433,1.724931084,55,2
2021,262,18.92759328,14.77867306,24.07701151,314.8268433,1.724931084,55,2
2021,263,18.92759328,14.77867306,24.07701151,314.8268433,1.724931084,55,2
2021,264,18.92759328,14.77867306,24.07701151,314.8268433,1.724931084,55,2
2021,265,18.92759328,14.77867306,24.07701151,314.8268433,1.724931084,55,2
2021,266,18.92759328,14.77867306,24.07701151,314.8268433,1.724931084,55,2
2021,267,18.92759328,14.77867306,24.07701151,314.8268433,1.724931084,55,2
2021,268,18.92759328,14.77867306,24.07701151,314.8268433,1.724931084,55,2
2021,269,18.92759328,14.77867306,24.07701151,314.8268433,1.724931084,55,2
2021,270,18.92759328,14.77867306,24.07701151,314.8268433,1.724931084,55,2
2021,271,18.92759328,14.77867306,24.07701151,314.8268433,1.724931084,55,2
2021,272,18.92759328,14.77867306,24.07701151,314.8268433,1.724931084,55,2
2021,273,18.92759328,14.77867306,24.07701151,314.8268433,1.724931084,55,2
2021,274,18.92759328,14.77867306,24.07701151,314.8268433,1.724931084,55,2
2021,275,18.92759328,14.77867306,24.07701151,314.8268433,1.724931084,55,2
2021,276,18.92759328,14.77867306,24.07701151,314.8268433,1.724931084,55,2
2021,277,18.92759328,14.77867306,24.07701151,314.8268433,1.724931084,55,2
2021,278,18.92759328,14.77867306,24.07701151,314.8268433,1.724931084,55,2
2021,279,18.92759328,14.77867306,24.07701151,314.8268433,1.724931084,55,2
2021,280,18.92759328,14.77867306,24.07701151,314.8268433,1.724931084,55,2
2021,281,18.92759328,14.77867306,24.07701151,314.8268433,1.724931084,55,2
2021,282,18.92759328,14.77867306,24.07701151,314.8268433,1.724931084,55,2
2021,283,18.92759328,14.77867306,24.07701151,314.8268433,1.724931084,55,2
2021,284,18.92759328,14.77867306,24.07701151,314.8268433,1.724931084,55,2
2021,285,18.92759328,14.77867306,24.07701151,314.8268433,1.724931084,55,2
2021,286,18.92759328,14.77867306,24.07701151,314.8268433,1.724931084,55,2
2021,287,18.92759328,14.77867306,24.07701151,314.8268433,1.724931084,55,2
2021,288,18.92759328,14.77867306,24.07701151,314.8268433,1.724931084,55,2
2021,289,18.92759328,14.77867306,24.07701151,314.8268433,1.724931084,55,2
2021,290,18.92759328,14.77867306,24.07701151,314.8268433,1.724931084,55,2
2021,291,18.92759328,14.77867306,24.07701151,314.8268433,1.724931084,55,2
2021,292,18.92759328,14.77867306,24.07701151,314.8268433,1.724931084,55,2
2021,293,18.92759328,14.77867306,24.07701151,314.8268433,1.724931084,55,2
2021,294,18.92759328,14.77867306,24.07701151,314.8268433,1.724931084,55,2
2021,295,18.92759328,14.77867306,24.07701151,314.8268433,1.724931084,55,2
2021,296,18.92759328,14.77867306,24.07701151,314.8268433,1.724931084,55,2
2021,297,18.92759328,14.77867306,24.07701151,314.8268433,1.724931084,55,2
2021,298,18.92759328,14.77867306,24.07701151,314.8268433,1.724931084,55,2
2021,299,18.92759328,14.77867306,24.07701151,314.8268433,1.724931084,55,2
2021,300,18.92759328,14.77867306,24.07701151,314.8268433,1.724931084,55,2
2021,301,18.92759328,14.77867306,24.07701151,314.8268433,1.724931084,55,2
2021,302,18.92759328,14.77867306,24.07701151,314.8268433,1.724931084,55,2
2021,303,18.92759328,14.77867306,24.07701151,314.8268433,1.724931084,55,2
2021,304,18.92759328,14.77867306,24.07701151,314.8268433,1.724931084,55,2
2021,305,18.92759328,14.77867306,24.07701151,314.8268433,1.724931084,55,2
2021,306,18.92759328,14.77867306,24.07701151,314.8268433,1.724931084,55,2
2021,307,18.92759328,14.77867306,24.07701151,314.8268433,1.724931084,55,2
2021,308,18.92759328,14.77867306,24.07701151,314.8268433,1.724931084,55,2
2021,309,18.92759328,14.77867306,24.07701151,314.8268433,1.724931084,55,2
2021,310,18.92759328,14.77867306,24.07701151,314.8268433,1.724931084,55,2
2021,311,18.92759328,14.77867306,24.07701151,314.8268433,1.724931084,55,2
2021,312,18.92759328,14.77867306,24.07701151,314.8268433,1.724931084,55,2
2021,313,18.92759328,14.77867306,24.07701151,314.8268433,1.724931084,55,2
2021,314,18.92759328,14.77867306,24.07701151,314.8268433,1.724931084,55,2
2021,315,18.92759328,14.77867306,24.07701151,314.8268433,1.724931084,55,2
2021,316,18.92759328,14.77867306,24.07701151,314.8268433,1.724931084,55,2
2021,317,18.92759328,14.77867306,24.07701151,314.8268433,1.724931084,55,2
2021,318,18.92759328,14.77867306,24.07701151,314.8268433,1.724931084,55,2
2021,319,18.92759328,14.77867306,24.07701151,314.8268433,1.724931084,55,2
2021,320,18.92759328,14.77867306,24.07701151,314.8268433,1.724931084,55,2
2021,321,18.92759328,14.77867306,24.07701151,314.8268433,1.724931084,55,2
2021,322,18.92759328,14.77867306,24.07701151,314.8268433,1.724931084,55,2
2021,323,18.92759328,14.77867306,24.07701151,314.8268433,1.724931084,55,2
2021,324,18.92759328,14.77867306,24.07701151,314.8268433,1.724931084,55,2
2021,325,18.92759328,14.77867306,24.07701151,314.8268433,1.724931084,55,2
2021,326,18.92759328,14.77867306,24.07701151,314.8268433,1.724931084,55,2
2021,327,18.92759328,14.77867306,24.07701151,314.8268433,1.724931084,55,2
2021,328,18.92759328,14.77867306,24.07701151,314.8268433,1.724931084,55,2
2021,329,18.92759328,14.77867306,24.07701151,314.8268433,1.724931084,55,2
2021,330,18.92759328,14.77867306,24.07701151,314.8268433,1.724931084,55,2
2021,331,18.92759328,14.77867306,24.07701151,314.8268433,1.724931084,55,2
2021,332,18.92759328,14.77867306,24.07701151,314.8268433,1.724931084,55,2
2021,333,18.92759328,14.77867306,24.07701151,314.8268433,1.724931084,55,2
2021,334,18.92759328,14.77867306,24.07701151,314.8268433,1.724931084,55,2
2021,335,18.92759328,14.77867306,24.07701151,314.8268433,1.724931084,55,2
2021,336,18.92759328,14.77867306,24.07701151,314.8268433,1.724931084,55,2
2021,337,18.92759328,14.77867306,24.07701151,314.8268433,1.724931084,55,2
2021,338,18.92759328,14.77867306,24.07701151,314.8268433,1.724931084,55,2
2021,339,18.92759328,14.77867306,24.07701151,314.8268433,1.724931084,55,2
2021,340,18.92759328,14.77867306,24.07701151,314.8268433,1.724931084,55,2
2021,341,18.92759328,14.77867306,24.07701151,314.8268433,1.724931084,55,2
2021,342,18.92759328,14.77867306,24.07701151,314.8268433,1.724931084,55,2
2021,343,18.92759328,14.77867306,24.07701151,314.8268433,1.724931084,55,2
2021,344,18.92759328,14.77867306,24.07701151,314.8268433,1.724931084,55,2
2021,345,18.92759328,14.77867306,24.07701151,314.8268433,1.724931084,55,2
2021,346,18.92759328,14.77867306,24.07701151,314.8268433,1.724931084,55,2
2021,347,18.92759328,14.77867306,24.07701151,314.8268433,1.724931084,55,2
2021,348,18.92759328,14.77867306,24.07701151,314.8268433,1.724931084,55,2
2021,349,18.92759328,14.77867306,24.07701151,314.8268433,1.724931084,55,2
2021,350,18.92759328,14.77867306,24.07701151,314.8268433,1.724931084,55,2
2021,351,18.92759328,14.77867306,24.07701151,314.8268433,1.724931084,55,2
2021,352,18.92759328,14.77867306,24.07701151,314.8268433,1.724931084,55,2
2021,353,18.92759328,14.77867306,24.07701151,314.8268433,1.724931084,55,2
2021,354,18.92759328,14.77867306,24.07701151,314.8268433,1.724931084,55,2
2021,355,18.92759328,14.77867306,24.07701151,314.8268433,1.724931084,55,2
2021,356,18.92759328,14.77867306,24.07701151,314.8268433,1.724931084,55,2
2021,357,18.92759328,14.77867306,24.07701151,314.8268433,1.724931084,55,2
2021,358,18.92759328,14.77867306,24.07701151,314.8268433,1.724931084,55,2
2021,359,18.92759328,14.77867306,24.07701151,314.8268433,1.724931084,55,2
2021,360,18.92759328,14.77867306,24.07701151,314.8268433,1.724931084,55,2
2021,361,18.92759328,14.77867306,24.07701151,314.8268433,1.724931084,55,2
2021,362,18.92759328,14.77867306,24.07701151,314.8268433,1.724931084,55,2
2021,363,18.92759328,14.77867306,24.07701151,314.8268433,1.724931084,55,2
2021,364,18.92759328,14.77867306,24.07701151,314.8268433,1.724931084,55,2
2021,365,18.92759328,14.77867306,24.07701151,314.8268433,1.724931084,55,2
2022,1,18.92759328,14.77867306,24.07701151,314.8268433,1.724931084,55,2
2022,2,18.92759328,14.77867306,24.07701151,314.8268433,1.724931084,55,2
2022,3,18.92759328,14.77867306,24.07701151,314.8268433,1.724931084,55,2
2022,4,18.92759328,14.77867306,24.07701151,314.8268433,1.724931084,55,2
2022,5,18.92759328,14.77867306,24.07701151,314.8268433,1.724931084,55,2
2022,6,18.92759328,14.77867306,24.07701151,314.8268433,1.724931084,55,2
2022,7,18.92759328,14.77867306,24.07701151,314.8268433,1.724931084,55,2
2022,8,18.92759328,14.77867306,24.07701151,314.8268433,1.724931084,55,2
2022,9,18.92759328,14.77867306,24.07701151,314.8268433,1.724931084,55,2
2022,10,18.92759328,14.77867306,24.07701151,314.8268433,1.724931084,55,2
2022,11,18.92759328,14.77867306,24.07701151,314.8268433,1.724931084,55,2
2022,12,18.92759328,14.77867306,24.07701151,314.8268433,1.724931084,55,2
2022,13,18.92759328,14.77867306,24.07701151,314.8268433,1.724931084,55,2
2022,14,18.92759328,14.77867306,24.07701151,314.8268433,1.724931084,55,2
2022,15,18.92759328,14.77867306,24.07701151,314.8268433,1.724931084,55,2
2022,16,18.92759328,14.77867306,24.07701151,314.8268433,1.724931084,55,2
2022,17,18.92759328,14.77867306,24.07701151,314.8268433,1.724931084,55,2
2022,18,18.92759328,14.77867306,24.07701151,314.8268433,1.724931084,55,2
2022,19,18.92759328,14.77867306,24.07701151,314.8268433,1.724931084,55,2
2022,20,18.92759328,14.77867306,24.07701151,314.8268433,1.724931084,55,2
2022,21,18.92759328,14.77867306,24.07701151,314.8268433,1.724931084,55,2
2022,22,18.92759328,14.77867306,24.07701151,314.8268433,1.724931084,55,2
2022,23,18.92759328,14.77867306,24.07701151,314.8268433,1.724931084,55,2
2022,24,18.92759328,14.77867306,24.07701151,314.8268433,1.724931084,55,2
2022,25,18.92759328,14.77867306,24.07701151,314.8268433,1.724931084,55,2
2022,26,18.92759328,14.77867306,24.07701151,314.8268433,1.724931084,55,2
2022,27,18.92759328,14.77867306,24.07701151,314.8268433,1.724931084,55,2
2022,28,18.92759328,14.77867306,24.07701151,314.8268433,1.724931084,55,2
2022,29,18.92759328,14.77867306,24.07701151,314.8268433,1.724931084,55,2
2022,30,18.92759328,14.77867306,24.07701151,314.8268433,1.724931084,55,2
2022,31,18.92759328,14.77867306,24.07701151,314.8268433,1.724931084,55,2
2022,32,18.92759328,14.77867306,24.07701151,314.8268433,1.724931084,55,2
2022,33,18.92759328,14.77867306,24.07701151,314.8268433,1.724931084,55,2
2022,34,18.92759328,14.77867306,24.07701151,314.8268433,1.724931084,55,2
2022,35,18.92759328,14.77867306,24.07701151,314.8268433,1.724931084,55,2
2022,36,18.92759328,14.77867306,24.07701151,314.8268433,1.724931084,55,2
2022,37,18.92759328,14.77867306,24.07701151,314.8268433,1.724931084,55,2
2022,38,18.92759328,14.77867306,24.07701151,314.8268433,1.724931084,55,2
2022,39,18.92759328,14.77867306,24.07701151,314.8268433,1.724931084,55,2
2022,40,18.92759328,14.77867306,24.07701151,314.8268433,1.724931084,55,2
2022,41,18.92759328,14.77867306,24.07701151,314.8268433,1.724931084,55,2
2022,42,18.92759328,14.77867306,24.07701151,314.8268433,1.724931084,55,2
2022,43,18.92759328,14.77867306,24.07701151,314.8268433,1.724931084,55,2
2022,44,18.92759328,14.77867306,24.07701151,314.8268433,1.724931084,55,2
2022,45,18.92759328,14.77867306,24.07701151,314.8268433,1.724931084,55,2
2022,46,18.92759328,14.77867306,24.07701151,314.8268433,1.724931084,55,2
2022,47,18.92759328,14.77867306,24.07701151,314.8268433,1.724931084,55,2
2022,48,18.92759328,14.77867306,24.07701151,314.8268433,1.724931084,55,2
2022,49,18.92759328,14.77867306,24.07701151,314.8268433,1.724931084,55,2
2022,50,18.92759328,14.77867306,24.07701151,314.8268433,1.724931084,55,2
2022,51,18.92759328,14.77867306,24.07701151,314.8268433,1.724931084,55,2
2022,52,18.92759328,14.77867306,24.07701151,314.8268433,1.724931084,55,2
2022,53,18.92759328,14.77867306,24.07701151,314.8268433,1.724931084,55,2
2022,54,18.92759328,14.77867306,24.07701151,314.8268433,1.724931084,55,2
2022,55,18.92759328,14.77867306,24.07701151,314.8268433,1.724931084,55,2
2022,56,18.92759328,14.77867306,24.07701151,314.8268433,1.724931084,55,2
2022,57,18.92759328,14.77867306,24.07701151,314.8268433,1.724931084,55,2
2022,58,18.92759328,14.77867306,24.07701151,314.8268433,1.724931084,55,2
2022,59,18.92759328,14.77867306,24.07701151,314.8268433,1.724931084,55,2
2022,60,18.92759328,14.77867306,24.07701151,314.8268433,1.724931084,55,2
2022,61,18.92759328,14.77867306,24.07701151,314.8268433,1.724931084,55,2
2022,62,18.92759328,14.77867306,24.07701151,314.8268433,1.724931084,55,2
2022,63,18.92759328,14.77867306,24.07701151,314.8268433,1.724931084,55,2
2022,64,18.92759328,14.77867306,24.07701151,314.8268433,1.724931084,55,2
2022,65,22.6055625,18.142,27.063,517.4625444,0,55,2
2022,66,20.83075,15.175,27.206,528.876795,0,55,2
2022,67,21.269375,15.426,27.729,494.8831842,0,55,2
2022,68,21.0715,14.747,27.928,353.3279632,0,55,2
2022,69,20.98210417,15.253,27.775,375.3467263,0,55,2
2022,70,21.58689583,14.987,27.717,366.2552158,0,55,2
2022,71,21.4043125,14.502,28.201,386.3174789,0,55,2
2022,72,22.04247917,14.761,29.134,384.1799263,0,55,2
2022,73,22.27110417,16.061,29.028,334.1297444,0,55,2
2022,74,22.39364583,14.512,28.803,351.2939316,0,55,2
2022,75,22.77514583,16.754,29.3,298.0025737,0,55,2
2022,76,22.0118125,16.43,28.745,284.8936278,0,55,2
2022,77,21.1290625,15.244,27.011,321.7386053,0,55,2
2022,78,21.6729375,16.213,28.243,381.5483167,0,55,2
2022,79,22.2753125,16.203,28.673,358.8308421,0,55,2
2022,80,21.828625,16.284,27.345,355.3986842,0,55,2
2022,81,21.5826875,16.203,27.362,354.6788947,0,55,2
2022,82,21.816,15.305,28.529,379.2416667,0,55,2
2022,83,22.04566667,16.714,27.724,322.01225,0,55,2
2022,84,22.05777083,16.58,29.123,337.9115889,0,55,2
2022,85,20.81458333,15.65,26.217,318.8529526,4.5,55,2
2022,86,21.02233333,16.653,26.069,271.4193444,0,55,2
2022,87,20.29204167,15.964,25.775,381.8690235,0,55,2
2022,88,20.46847917,17.077,25.378,381.3913889,0,55,2
2022,89,18.89504878,15.574,23.086,362.9746889,0,55,2
2022,90,18.26290909,13.565,23.456,393.8872556,0,55,2
2022,91,17.87183333,16.879,20.035,182.1748647,0,55,2
2022,92,17.412625,16.393,19.397,364.7253765,0,55,2
2022,93,17.326,16.086,18.863,395.4662529,0,55,2
2022,94,17.90109091,16.712,19.787,500.3043,0,55,2
2022,95,18.47736,16.504,21.8,435.7344167,0,55,2
2022,96,20.7622619,17.197,26.165,344.8224706,0,55,2
2022,97,20.30467391,16.244,25.605,383.5975107,0,55,2
2022,98,20.374875,16.146,25.71,320.08825,0,55,2
2022,99,20.2744375,15.699,25.745,426.4464323,0,55,2
2022,100,20.14460417,15.138,24.782,394.9892848,0,55,2
2022,101,20.72364583,15.581,25.306,348.5562556,0,55,2
2022,102,20.87247917,14.678,26.698,397.45985,0,55,2
2022,103,21.3153125,16.919,27.053,372.32287,0,55,2
2022,104,20.91757447,16.822,25.805,439.9868235,0,55,2
2022,105,20.86091667,16.473,25.972,377.9943294,0,55,2
2022,106,21.3608125,15.897,27.154,286.9838056,0,55,2
2022,107,20.45214583,16.048,26.111,243.2678077,1.3,55,2
2022,108,20.96079167,16.83,26.403,297.6645,0,55,2
2022,109,20.75452083,15.686,26.311,291.2229533,1.5,55,2
2022,110,18.90314583,14.591,23.765,190.4100846,45.9,55,2
2022,111,19.86454167,16.421,24.565,322.3485071,0,55,2
2022,112,18.70070833,16.644,23.704,306.2007875,15.8,55,2
2022,113,18.96375,16.324,23.196,365.0031222,3.6,55,2
2022,114,19.048625,16.425,23.035,424.4624412,0.7,55,2
2022,115,19.40341667,15.872,24.192,434.4757556,0,55,2
2022,116,20.27420833,16.682,25.207,465.2337611,0,55,2
2022,117,19.89891667,16.679,24.104,308.3213306,0,55,2
2022,118,18.77572917,16.698,22.301,174.7016643,3.8,55,2
2022,119,18.9931875,16.092,23.579,349.0036714,5.2,55,2
2022,120,19.44335417,15.556,24.414,414.9035033,0,55,2
2022,121,19.38370833,15.836,24.193,260.6704421,5,55,2
2022,122,19.59952083,16.518,24.683,332.8054722,0,55,2
2022,123,18.5065625,16.137,23.2,216.645928,0.4,55,2
2022,124,18.21520833,14.047,22.757,352.3791,0,55,2
2022,125,18.55120833,15.897,21.268,235.9351695,0.1,55,2
2022,126,18.66104167,15.123,22.6,244.1745538,0,55,2
2022,127,18.841,15.483,23.33,282.4736494,0,55,2
2022,128,19.76574468,15.767,24.981,458.6492667,0,55,2
2022,129,20.00327083,15.754,25.747,399.495625,0,55,2
2022,130,19.418,14.888,25.426,395.8046429,0,55,2
2022,131,19.92802083,15.682,25.719,388.2832,0,55,2
2022,132,19.32082979,14.659,25.342,372.5788375,0,55,2
2022,133,19.17770833,13.557,25.278,360.3218286,0,55,2
2022,134,19.72564583,15.105,25.976,380.2572647,0,55,2
2022,135,19.21077083,14.669,24.776,338.9019056,0,55,2
2022,136,17.9705625,13.891,22.805,126.0342563,0,55,2
2022,137,18.22047917,13.287,23.641,221.1418091,0,55,2
2022,138,17.98714583,14.153,23.213,297.8239636,0,55,2
2022,139,17.77566667,12.568,23.884,293.6552214,0,55,2
2022,140,19.3105,14.838,25.6,365.6561875,0,55,2
2022,141,19.76264583,15.292,25.54,326.9532,0,55,2
2022,142,20.13208333,15.216,26.378,228.1569157,0,55,2
2022,143,21.47547917,16.243,27.643,428.2905385,0,55,2
2022,144,19.82354167,14.596,25.66,340.458375,0,55,2
2022,145,20.110875,14.902,25.688,222.9053214,0,55,2
2022,146,20.08091667,16.208,24.897,191.7277667,0,55,2
2022,147,19.27147917,15.781,23.44,144.3187182,0.3,55,2
2022,148,19.04297917,15.739,23.75,225.556,0,55,2
2022,149,18.6555625,14.923,23.374,155.9303538,0,55,2
2022,150,18.3371875,14.995,22.287,118.0858829,0,55,2
2022,151,18.30817021,15.021,22.613,195.7407083,0,55,2
2022,152,18.83835417,15.067,24.153,294.2341938,0,55,2
2022,153,18.115875,14.854,22.863,252.0192688,0,55,2
2022,154,17.2825,13.278,22.356,199.747226,0,55,2
2022,155,17.88351064,12.018,24.058,341.9909235,0,55,2
2022,156,17.9208125,11.035,24.49,301.2139044,0,55,2
2022,157,17.56083333,15.097,22.156,232.1923,0,55,2
2022,158,17.64857447,14.172,21.587,196.6854056,0,55,2
2022,159,18.303,14.411,23.325,157.4371607,0,55,2
2022,160,17.24933333,13.261,22.395,159.7396857,0,55,2
2022,161,18.05233333,14.058,23.036,161.2705091,0,55,2
2022,162,18.52876596,15.082,22.87,202.84729,0,55,2
2022,163,17.72060417,14.747,22.137,107.20832,0,55,2
2022,164,17.40145833,14.692,20.596,56.577375,0,55,2
2022,165,18.53858333,13.604,25.197,189.0173733,0,55,2
2022,166,18.20935417,13.874,23.448,243.410825,0,55,2
2022,167,18.51033333,13.003,24.426,280.1910063,0,55,2
2022,168,17.87914583,13.291,22.653,232.953675,0,55,2
2022,169,17.93841667,13.132,23.585,178.981775,0,55,2
2022,170,17.335375,13.659,20.914,56.50408286,0,55,2
2022,171,17.31966667,14.389,22.72,95.3388625,0,55,2
2022,172,17.52183333,11.972,23.338,313.9201143,0,55,2
2022,173,17.30858333,14.029,21.736,168.96106,0,55,2
2022,174,17.170625,14.231,20.82,50.52411625,0,55,2
2022,175,16.1864375,13.435,18.775,92.2894875,0.1,55,2
2022,176,17.48308333,14.424,21.781,128.2951,0,55,2
2022,177,17.07047917,14.735,20.838,244.3785714,0,55,2
2022,178,16.77397917,13.751,20.251,72.968,0,55,2
2022,179,15.8260625,12.645,19.083,68.47135,0,55,2
2022,180,15.55133333,12.031,19.176,188.5554,0,55,2
2022,181,16.919375,11.876,22.737,303.8219455,0,55,2
2022,182,15.66914583,12.865,18.842,59.7705075,0,55,2
2022,183,17.0353125,12.252,22.861,328.1226071,0,55,2
2022,184,17.7566875,13.493,23.664,331.9286063,0,55,2
2022,185,17.13141667,11.569,22.606,230.2124333,0,55,2
2022,186,16.49247917,12.715,21.528,72.8372625,0,55,2
2022,187,17.45283333,12.82,22.841,154.4925571,0,55,2
2022,188,15.61083333,12.394,19.304,70.13553333,0,55,2
2022,189,15.35870213,13.062,17.578,72.4723,0,55,2
2022,190,15.90158333,13.063,19.382,81.6142125,0,55,2
2022,191,16.40777083,13.223,20.082,164.5858154,0,55,2
2022,192,17.00158333,13.049,23.085,286.2798125,0,55,2
2022,193,15.182,13.429,17.656,82.3983,0,55,2
2022,194,17.310375,11.502,22.935,308.2238733,0,55,2
2022,195,17.63127083,13.038,22.382,136.36202,0,55,2
2022,196,17.43260417,13.808,22.051,150.387254,0.1,55,2
2022,197,16.9736875,14.059,21.373,94.86806,0,55,2
2022,198,15.81529787,12.425,18.738,48.00889,0,55,2
2022,199,16.81577083,13.559,19.658,258.0305714,0,55,2
2022,200,16.2083125,13.303,20.873,117.7762125,0,55,2
2022,201,15.7774375,12.566,20.697,175.98685,0.1,55,2
2022,202,16.4273125,12.591,20.694,165.72709,0,55,2
2022,203,15.57885417,12.939,21.044,137.5975571,0,55,2
2022,204,16.12852083,12.021,21.941,227.1790167,0,55,2
2022,205,16.7116875,11.954,22.011,217.5519214,0,55,2
2022,206,16.51789583,12.16,22.149,318.4793917,0,55,2
2022,207,17.1716875,13.792,22.146,171.4191593,0,55,2
2022,208,16.52733333,11.255,22.235,263.9044846,0,55,2
2022,209,16.86158333,14.077,21.057,143.82515,0,55,2
2022,210,17.00834043,13.891,21.471,210.3595556,0,55,2
2022,211,16.314,14.207,19.202,221.0332545,0.2,55,2
2022,212,17.03622917,13.71,21.668,123.77192,0,55,2
2022,213,15.769625,14.738,17.601,65.52111,0,55,2
2022,214,15.25923404,13.787,17.626,29.74285,0,55,2
2022,215,18.92759328,14.77867306,24.07701151,314.8268433,1.724931084,55,2
2022,216,16.37255172,13.504,18.733,131.6479155,0,55,2
2022,217,15.53672917,13.157,19.778,173.1135,0,55,2
2022,218,15.96746809,10.608,21.316,140.5083923,0,55,2
2022,219,14.72355319,10.495,19.279,108.3027,0,55,2
2022,220,15.16876,12.944,20.303,314.8268433,0,55,2
2022,221,16.23277083,11.609,21.521,136.431,0.1,55,2
2022,222,16.53805556,13.18,22.487,148.94422,0,55,2
2022,223,16.38989583,13.349,20.544,262.9262273,0,55,2
2022,224,15.9971875,12.988,19.878,120.2790625,0,55,2
2022,225,16.61937037,13.254,20.899,95.0939,0,55,2
2022,226,15.8956875,12.711,19.618,64.39212778,0,55,2
2022,227,17.97185714,15.121,20.934,144.829,0,55,2
2022,228,18.3575625,14.544,23.322,182.7962154,0,55,2
2022,229,16.20473333,13.845,21.035,314.8268433,0,55,2
2022,230,16.71497917,10.577,23.926,319.3278571,0,55,2
2022,231,17.90652083,11.115,24.934,326.2748813,0,55,2
2022,232,19.2889375,12.072,27.285,317.8102688,0,55,2
2022,233,18.8905,11.585,25.679,361.8294563,0,55,2
2022,234,17.13166667,11.581,23.116,317.058,0,55,2
2022,235,15.921,11.779,20.368,198.142,0,55,2
2022,236,16.3059375,11.627,21.077,204.4771588,0,55,2
2022,237,16.1461875,12.382,19.389,91.03381429,0,55,2
2022,238,17.0440625,14.211,21.623,174.0929769,0,55,2
2022,239,15.83634043,14.041,18.589,126.9866,0,55,2
2022,240,16.52820833,13.432,19.451,135.1973857,0,55,2
2022,241,18.06395833,10.992,24.182,210.5090313,0,55,2
2022,242,18.34870833,12.516,25.349,337.6845924,0,55,2
2022,243,16.57654167,12.682,20.242,67.5298,0,55,2
2022,244,17.5721875,12.39,23.489,351.0347727,0,55,2
2022,245,15.38864583,13.02,18.116,17.7302,0,55,2
2022,246,16.57197917,12.949,21.764,143.2364167,0,55,2
2022,247,17.11908511,11.363,24.612,211.8345,0,55,2
2022,248,18.32770833,12.804,24.049,270.3432333,0,55,2
2022,249,17.89210638,13.972,24.334,214.8583091,5.310638298,55,2
2022,250,16.04408333,13.756,18.486,142.4261688,0.1,55,2
2022,251,16.24348936,13.458,19.34,49.56773,0,55,2
2022,252,16.4460625,11.872,20.141,97.47637143,0,55,2
2022,253,17.36012766,11.937,23.696,229.1093643,0,55,2
2022,254,18.19339583,13.59,23.955,259.0065067,0,55,2
2022,255,18.01275,14.048,23.067,370.4098462,0,55,2
2022,256,16.98383333,13.056,21.548,213.2214154,0,55,2
2022,257,17.3468125,13.572,21.543,146.5570429,0,55,2
2022,258,16.78785417,12.986,21.06,106.9807273,0,55,2
2022,259,17.78139583,13.844,23.14,233.4565588,0,55,2
2022,260,17.4166875,13.916,21.291,154.7234393,0,55,2
2022,261,17.0575,12.955,22.447,161.7968454,0,55,2
2022,262,19.08453191,14.386,25.397,340.07505,0,55,2
2022,263,18.57266667,13.852,24.279,348.032475,0,55,2
2022,264,18.94229167,13.556,25.369,346.0718625,0,55,2
2022,265,18.67558333,13.52,24.572,387.7738429,0,55,2
2022,266,18.71389583,11.928,25.071,354.8089089,0,55,2
2022,267,18.56704167,12.012,25.222,351.4294529,0,55,2
2022,268,18.58608511,13.237,23.555,304.7313333,0.510638298,55,2
2022,269,18.77697917,13.635,24.033,338.9050471,0,55,2
2022,270,18.38877083,12.168,24.31,376.5836,0,55,2
2022,271,18.71470833,12.756,25.034,324.8131076,0,55,2
2022,272,18.7664375,12.602,25.289,337.0892488,0,55,2
2022,273,18.3374375,14.426,23.574,206.5360467,0,55,2
2022,274,18.428625,14.393,24.965,341.92948,13.4,55,2
2022,275,19.42072917,14,25.918,337.4003125,0,55,2
2022,276,18.88227083,12.783,25.6,392.881475,0,55,2
2022,277,18.65739583,12.621,25.662,277.6981821,0,55,2
2022,278,18.78529167,13.836,25.265,396.04056,0,55,2
2022,279,18.51345833,14.151,24.236,297.7714571,0,55,2
2022,280,18.6741875,14.441,23.879,199.2645714,0,55,2
2022,281,18.14608511,12.426,24.777,381.5576692,0,55,2
2022,282,18.36416667,14.161,23.397,319.2285669,0,55,2
2022,283,18.89297917,13.256,24.274,310.3056943,0,55,2
2022,284,18.2470625,12.491,24.484,330.2515889,0,55,2
2022,285,18.702,11.284,25.315,301.0198029,0,55,2
2022,286,18.93647917,13.18,25.629,352.2501067,0,55,2
2022,287,18.42319149,12.284,25.038,392.359,0,55,2
2022,288,18.4661875,11.665,25.025,320.5016712,0,55,2
2022,289,19.60610417,13.579,25.571,357.7070053,0,55,2
2022,290,20.12377083,14.682,25.833,303.060115,0,55,2
2022,291,19.59622917,15.825,24.486,304.7187433,0,55,2
2022,292,19.27639583,14.467,24.794,295.0566,0,55,2
2022,293,18.78839583,13.385,24.816,258.5492813,0,55,2
2022,294,19.37285417,14.218,25.903,361.0253846,0,55,2
2022,295,19.52520833,13.208,25.981,363.4873235,0,55,2
2022,296,19.96375,14.312,25.604,312.8107889,0,55,2
2022,297,20.78172917,14.728,27.138,348.8016368,0,55,2
2022,298,20.84164583,15.024,26.658,335.4889156,0,55,2
2022,299,20.38289583,15.265,25.74,370.12225,0,55,2
2022,300,20.21264583,15.262,25.503,306.23675,0,55,2
2022,301,20.53180851,15.23,26.723,350.5165933,0,55,2
2022,302,20.5943617,15.286,26.198,321.7952588,0.408510638,55,2
2022,303,19.71591667,14.929,25.098,367.6794647,0,55,2
2022,304,19.8233125,15.631,25.338,283.8562706,0,55,2
2022,305,18.8405,16.123,23.33,305.4526636,0.2,55,2
2022,306,18.9473125,16.21,23.062,255.5983236,0,55,2
2022,307,18.07477083,15.209,21.561,248.77795,6.7,55,2
2022,308,19.56721277,15.152,25.023,305.4947412,0,55,2
2022,309,19.82510417,14.71,25.149,365.7522389,0,55,2
2022,310,19.48085417,15.867,24.558,262.1218588,0,55,2
2022,311,19.58114583,16.076,24.389,303.7771938,0,55,2
2022,312,19.614625,15.501,24.691,352.19965,0,55,2
2022,313,19.755,15.418,24.697,328.6877274,0,55,2
2022,314,20.13795833,16.136,25.141,292.2991059,0,55,2
2022,315,19.62579167,16.215,24.426,356.2497582,0,55,2
2022,316,18.4645625,15.901,22.405,201.4298621,0,55,2
2022,317,19.1699375,15.358,23.504,214.0024944,0,55,2
2022,318,18.83435417,16.3,22.845,74.79074538,0.6,55,2
2022,319,18.21460417,16.247,22.613,149.8961625,1.3,55,2
2022,320,17.62666667,15.708,21.447,176.9940286,2.5,55,2
2022,321,17.35738298,14.59,20.676,129.424607,1.225531915,55,2
2022,322,18.72039583,14.798,24.326,308.32592,0,55,2
2022,323,18.78760417,15.745,22.979,283.368825,0,55,2
2022,324,19.06854167,14.692,24.045,244.9267006,0,55,2
2022,325,19.19427083,14.867,23.922,276.4098235,6.6,55,2
2022,326,19.0801875,16.249,24.439,273.3635412,0.1,55,2
2022,327,18.25435417,15.689,23.314,327.93,0,55,2
2022,328,17.88447917,14.484,22.08,333.4752647,17.9,55,2
2022,329,18.13397917,15.155,22.11,374.4101563,0.4,55,2
2022,330,18.17689362,14.504,23.122,368.108225,0,55,2
2022,331,18.64779167,14.297,24.06,274.6256778,0,55,2
2022,332,18.63789583,16.023,23.177,295.1228246,0,55,2
2022,333,17.69733333,15.313,22.04,281.08075,3.5,55,2
2022,334,17.61720833,15.561,22.254,307.2173867,4.2,55,2
2022,335,18.23308511,14.967,23.541,359.7981824,0.510638298,55,2
2022,336,18.807,14.342,24.331,301.7439737,0,55,2
2022,337,18.52989583,15.496,23.239,328.84648,0,55,2
2022,338,18.10597917,15.097,21.481,349.1687188,14.8,55,2
2022,339,18.68304167,15.848,23.248,403.0763125,0.6,55,2
2022,340,19.47814583,15.866,24.137,388.2174111,0,55,2
2022,341,19.61729787,16.366,24.212,416.2311176,0.408510638,55,2
2022,342,19.531125,16.336,24.045,385.9185,0,55,2
2022,343,18.89279167,15.904,24.953,323.6268429,0,55,2
2022,344,18.93002083,15.388,24.041,185.299315,0,55,2
2022,345,19.51604167,15.579,24.565,369.8514,0,55,2
2022,346,17.60458333,15.753,20.618,116.5463571,1.3,55,2
2022,347,17.7345,14.863,22.606,351.0873294,2.7,55,2
2022,348,18.3845,13.71,23.412,325.5939778,0,55,2
2022,349,18.724375,14.677,24.177,371.6088941,0,55,2
2022,350,19.32452083,14.834,24.577,332.2134471,0,55,2
2022,351,19.52460417,14.814,24.876,359.0197611,0,55,2
2022,352,19.7306383,15.006,24.786,323.0192889,0,55,2
2022,353,19.689625,14.658,24.985,316.8106643,0,55,2
2022,354,20.16033333,15.69,25.286,320.8880389,0,55,2
2022,355,20.05666667,15.874,25.465,265.9918647,0,55,2
2022,356,19.78847917,15.884,24.244,180.9714389,0,55,2
2022,357,19.54683333,15.279,25.029,301.3643606,0,55,2
2022,358,19.7753125,14.618,25.191,299.6447647,0,55,2
2022,359,19.99322917,15.608,25.106,257.3314094,0,55,2
2022,360,20.03704167,14.837,25.485,306.6938,0,55,2
2022,361,18.75164583,16.79,22.706,178.6380273,0,55,2
2022,362,19.24827083,15.392,23.727,249.0994706,0,55,2
2022,363,18.85945833,14.625,23.781,195.7026731,0,55,2
2022,364,18.58052083,13.945,23.492,278.3669944,0,55,2
2022,365,18.74391667,13.611,23.83,326.3810056,0,55,2
2023,1,19.24982979,14.115,24.18,280.2279944,0,55,2
2023,2,17.97704167,13.75,23.008,211.0852615,0.1,55,2
2023,3,17.25312766,15.445,20.818,214.3244917,10.6212766,55,2
2023,4,16.93747917,15.211,19.176,103.8317,4.8,55,2
2023,5,17.61727083,14.545,21.549,274.5129706,0.2,55,2
2023,6,19.4165,13.573,24.659,376.0471516,0,55,2
2023,7,19.59591667,14.229,24.563,355.4645789,0,55,2
2023,8,19.00641667,13.807,24.598,361.2930632,0,55,2
2023,9,19.47579167,16.269,24.331,277.8177167,0,55,2
2023,10,19.16854167,15.903,23.541,312.8018611,0,55,2
2023,11,19.17622917,14.338,24.064,300.6652547,0,55,2
2023,12,19.83585417,14.593,25.321,365.5818217,0,55,2
2023,13,19.6761875,13.386,25.109,359.6171105,0,55,2
2023,14,19.45344681,13.797,24.51,341.8603806,0,55,2
2023,15,19.78104167,13.979,24.889,349.0298142,0,55,2
2023,16,19.59847917,14.318,24.979,347.2296889,0,55,2
2023,17,19.44141667,13.618,24.809,280.4627316,0,55,2
2023,18,21.19940426,14.543,27.444,350.8524944,0,55,2
2023,19,21.45222917,15.574,27.245,356.4987778,0,55,2
2023,20,20.96697917,15.399,26.664,353.8150421,0,55,2
2023,21,20.8804375,14.598,26.143,356.2465526,0,55,2
2023,22,20.49627083,16.158,24.792,235.9376589,0,55,2
2023,23,20.048625,16.039,24.839,262.4698529,0,55,2
2023,24,20.01347917,14.806,25.447,300.2384722,0,55,2
2023,25,20.89921951,14.874,26.58,352.4958833,0,55,2
2023,26,18.92759328,14.77867306,24.07701151,314.8268433,1.724931084,55,2
2023,27,18.92759328,14.77867306,24.07701151,314.8268433,1.724931084,55,2
2023,28,18.92759328,14.77867306,24.07701151,314.8268433,1.724931084,55,2
2023,29,18.92759328,14.77867306,24.07701151,314.8268433,1.724931084,55,2
2023,30,18.92759328,14.77867306,24.07701151,314.8268433,1.724931084,55,2
2023,31,18.92759328,14.77867306,24.07701151,314.8268433,1.724931084,55,2
2023,32,18.92759328,14.77867306,24.07701151,314.8268433,1.724931084,55,2
2023,33,18.92759328,14.77867306,24.07701151,314.8268433,1.724931084,55,2
2023,34,18.92759328,14.77867306,24.07701151,314.8268433,1.724931084,55,2
2023,35,18.92759328,14.77867306,24.07701151,314.8268433,1.724931084,55,2
2023,36,18.92759328,14.77867306,24.07701151,314.8268433,1.724931084,55,2
2023,37,18.92759328,14.77867306,24.07701151,314.8268433,1.724931084,55,2
2023,38,18.92759328,14.77867306,24.07701151,314.8268433,1.724931084,55,2
2023,39,18.92759328,14.77867306,24.07701151,314.8268433,1.724931084,55,2
2023,40,18.92759328,14.77867306,24.07701151,314.8268433,1.724931084,55,2
2023,41,18.92759328,14.77867306,24.07701151,314.8268433,1.724931084,55,2
2023,42,18.92759328,14.77867306,24.07701151,314.8268433,1.724931084,55,2
2023,43,18.92759328,14.77867306,24.07701151,314.8268433,1.724931084,55,2
2023,44,18.92759328,14.77867306,24.07701151,314.8268433,1.724931084,55,2
2023,45,18.92759328,14.77867306,24.07701151,314.8268433,1.724931084,55,2
2023,46,18.92759328,14.77867306,24.07701151,314.8268433,1.724931084,55,2
2023,47,18.92759328,14.77867306,24.07701151,314.8268433,1.724931084,55,2
2023,48,18.92759328,14.77867306,24.07701151,314.8268433,1.724931084,55,2
2023,49,18.92759328,14.77867306,24.07701151,314.8268433,1.724931084,55,2
2023,50,18.92759328,14.77867306,24.07701151,314.8268433,1.724931084,55,2
2023,51,18.92759328,14.77867306,24.07701151,314.8268433,1.724931084,55,2
2023,52,18.92759328,14.77867306,24.07701151,314.8268433,1.724931084,55,2
2023,53,18.92759328,14.77867306,24.07701151,314.8268433,1.724931084,55,2
2023,54,18.92759328,14.77867306,24.07701151,314.8268433,1.724931084,55,2
2023,55,18.92759328,14.77867306,24.07701151,314.8268433,1.724931084,55,2
2023,56,18.92759328,14.77867306,24.07701151,314.8268433,1.724931084,55,2
2023,57,18.92759328,14.77867306,24.07701151,314.8268433,1.724931084,55,2
2023,58,18.92759328,14.77867306,24.07701151,314.8268433,1.724931084,55,2
2023,59,18.92759328,14.77867306,24.07701151,314.8268433,1.724931084,55,2
2023,60,18.92759328,14.77867306,24.07701151,314.8268433,1.724931084,55,2
2023,61,18.92759328,14.77867306,24.07701151,314.8268433,1.724931084,55,2
2023,62,18.92759328,14.77867306,24.07701151,314.8268433,1.724931084,55,2
2023,63,18.92759328,14.77867306,24.07701151,314.8268433,1.724931084,55,2
2023,64,18.92759328,14.77867306,24.07701151,314.8268433,1.724931084,55,2
2023,65,18.92759328,14.77867306,24.07701151,314.8268433,1.724931084,55,2
2023,66,18.92759328,14.77867306,24.07701151,314.8268433,1.724931084,55,2
2023,67,18.92759328,14.77867306,24.07701151,314.8268433,1.724931084,55,2
2023,68,18.92759328,14.77867306,24.07701151,314.8268433,1.724931084,55,2
2023,69,18.92759328,14.77867306,24.07701151,314.8268433,1.724931084,55,2
2023,70,18.92759328,14.77867306,24.07701151,314.8268433,1.724931084,55,2
2023,71,18.92759328,14.77867306,24.07701151,314.8268433,1.724931084,55,2
2023,72,18.92759328,14.77867306,24.07701151,314.8268433,1.724931084,55,2
2023,73,18.92759328,14.77867306,24.07701151,314.8268433,1.724931084,55,2
2023,74,18.92759328,14.77867306,24.07701151,314.8268433,1.724931084,55,2
2023,75,18.92759328,14.77867306,24.07701151,314.8268433,1.724931084,55,2
2023,76,18.92759328,14.77867306,24.07701151,314.8268433,1.724931084,55,2
2023,77,18.92759328,14.77867306,24.07701151,314.8268433,1.724931084,55,2
2023,78,18.92759328,14.77867306,24.07701151,314.8268433,1.724931084,55,2
2023,79,18.92759328,14.77867306,24.07701151,314.8268433,1.724931084,55,2
2023,80,18.92759328,14.77867306,24.07701151,314.8268433,1.724931084,55,2
2023,81,18.92759328,14.77867306,24.07701151,314.8268433,1.724931084,55,2
2023,82,18.92759328,14.77867306,24.07701151,314.8268433,1.724931084,55,2
2023,83,18.92759328,14.77867306,24.07701151,314.8268433,1.724931084,55,2
2023,84,18.92759328,14.77867306,24.07701151,314.8268433,1.724931084,55,2
2023,85,18.92759328,14.77867306,24.07701151,314.8268433,1.724931084,55,2
2023,86,18.92759328,14.77867306,24.07701151,314.8268433,1.724931084,55,2
2023,87,18.92759328,14.77867306,24.07701151,314.8268433,1.724931084,55,2
2023,88,18.92759328,14.77867306,24.07701151,314.8268433,1.724931084,55,2
2023,89,18.92759328,14.77867306,24.07701151,314.8268433,1.724931084,55,2
2023,90,18.92759328,14.77867306,24.07701151,314.8268433,1.724931084,55,2
2023,91,18.92759328,14.77867306,24.07701151,314.8268433,1.724931084,55,2
2023,92,18.92759328,14.77867306,24.07701151,314.8268433,1.724931084,55,2
2023,93,18.92759328,14.77867306,24.07701151,314.8268433,1.724931084,55,2
2023,94,18.92759328,14.77867306,24.07701151,314.8268433,1.724931084,55,2
2023,95,18.92759328,14.77867306,24.07701151,314.8268433,1.724931084,55,2
2023,96,18.92759328,14.77867306,24.07701151,314.8268433,1.724931084,55,2
2023,97,18.92759328,14.77867306,24.07701151,314.8268433,1.724931084,55,2
2023,98,18.92759328,14.77867306,24.07701151,314.8268433,1.724931084,55,2
2023,99,18.92759328,14.77867306,24.07701151,314.8268433,1.724931084,55,2
2023,100,18.92759328,14.77867306,24.07701151,314.8268433,1.724931084,55,2
2023,101,18.92759328,14.77867306,24.07701151,314.8268433,1.724931084,55,2
2023,102,18.92759328,14.77867306,24.07701151,314.8268433,1.724931084,55,2
2023,103,18.92759328,14.77867306,24.07701151,314.8268433,1.724931084,55,2
2023,104,18.92759328,14.77867306,24.07701151,314.8268433,1.724931084,55,2
2023,105,18.92759328,14.77867306,24.07701151,314.8268433,1.724931084,55,2
2023,106,18.92759328,14.77867306,24.07701151,314.8268433,1.724931084,55,2
2023,107,18.92759328,14.77867306,24.07701151,314.8268433,1.724931084,55,2
2023,108,18.92759328,14.77867306,24.07701151,314.8268433,1.724931084,55,2
2023,109,22.295,22.295,22.295,314.8268433,0,55,2
2023,110,21.0743,17.004,24.094,314.8268433,0,55,2
2023,111,20.15835417,17.067,25.364,314.8268433,1,55,2
2023,112,18.06161702,16.81,19.594,314.8268433,17.05531915,55,2
2023,113,19.18964583,15.333,23.636,314.8268433,0,55,2
2023,114,20.1343617,17.323,24.314,314.8268433,0,55,2
2023,115,18.91864583,15.945,22.833,314.8268433,5.1,55,2
2023,116,18.5533125,16.407,22.86,314.8268433,35,55,2
2023,117,19.05835417,15.697,23.061,314.8268433,0.1,55,2
2023,118,17.8461875,16.687,20.076,314.8268433,11.7,55,2
2023,119,18.04191489,15.505,21.489,314.8268433,0,55,2
2023,120,18.660125,16.793,22.474,314.8268433,14.3,55,2
2023,121,18.0178125,16.165,20.283,314.8268433,22.6,55,2
2023,122,18.541,14.621,22.182,314.8268433,0.6,55,2
2023,123,18.26514583,16.542,21.519,314.8268433,0.1,55,2
2023,124,18.61487234,15.124,23.358,314.8268433,0,55,2
2023,125,18.66897917,14.483,23.521,314.8268433,0,55,2
2023,126,18.86385417,15.231,23.423,314.8268433,0,55,2
2023,127,18.78858333,15.605,23.073,314.8268433,0,55,2
2023,128,19.0858125,15.801,23.443,314.8268433,0,55,2
2023,129,18.16904167,16.241,21.579,314.8268433,0.1,55,2
2023,130,18.558,16.061,22.683,314.8268433,0,55,2
2023,131,18.14697917,15.101,22.147,314.8268433,0,55,2
2023,132,18.06102083,14.02,23.32,314.8268433,0,55,2
2023,133,19.241625,15.48,24.248,314.8268433,0,55,2
2023,134,19.22912766,16.329,24.042,314.8268433,0,55,2
2023,135,18.5895,14.765,23.401,314.8268433,0,55,2
2023,136,18.60193617,14.349,23.735,314.8268433,0,55,2
2023,137,19.06660417,15.983,23.059,314.8268433,0,55,2
2023,138,18.29320833,13.914,22.885,314.8268433,0,55,2
2023,139,18.374875,14.627,23.802,314.8268433,0,55,2
2023,140,19.40935417,13.126,26.121,314.8268433,0,55,2
2023,141,19.27408333,13.296,24.697,314.8268433,0,55,2
2023,142,19.83342553,15.968,25.448,314.8268433,0,55,2
2023,143,19.77970833,16.039,24.785,314.8268433,0,55,2
2023,144,18.9878125,14.958,23.772,314.8268433,0,55,2
2023,145,19.10935417,14.577,23.869,314.8268433,0,55,2
2023,146,18.00063043,14.1,22.593,314.8268433,0,55,2
2023,147,16.6354375,12.718,21.045,314.8268433,0.3,55,2
2023,148,17.50116667,14.023,22.45,314.8268433,0.1,55,2
2023,149,16.5326875,14.068,19.748,314.8268433,2.6,55,2
2023,150,17.25722917,13.761,20.815,314.8268433,0,55,2
2023,151,18.1921875,15.48,23.031,165.3650893,0,55,2
2023,152,19.10395833,14.833,24.043,252.1772647,0,55,2
2023,153,19.108375,15.584,23.989,273.0846067,2.6,55,2
2023,154,18.00385417,14.686,22.032,69.77948,0,55,2
2023,155,17.65804167,13.893,22.83,199.4673385,0,55,2
2023,156,19.151125,14.114,24.665,306.0276383,0,55,2
2023,157,18.82566667,15.246,23.877,200.9633714,0.2,55,2
2023,158,18.95079167,13.437,24.912,360.3519167,0,55,2
2023,159,19.35622917,12.314,26.039,365.9479824,0,55,2
2023,160,18.78770833,15.88,23.801,229.6349615,0,55,2
2023,161,18.29933333,13.625,24.316,251.44168,0,55,2
2023,162,19.58770833,14.985,24.609,351.3917059,0,55,2
2023,163,19.64338298,14.916,24.476,241.6040406,0.204255319,55,2
2023,164,17.84072917,13.519,22.291,190.263558,0,55,2
2023,165,18.80566667,14.979,25.013,245.0552889,0,55,2
2023,166,17.89446809,14.885,21.546,141.3783667,0,55,2
2023,167,18.5400625,14.653,23.946,188.5644818,0,55,2
2023,168,16.826125,14.586,19.369,54.06803333,0,55,2
2023,169,17.376375,13.353,22.42,172.23637,0,55,2
2023,170,17.84489583,12.974,22.965,224.3715714,0,55,2
2023,171,18.42052083,14.648,22.697,138.1813471,0,55,2
2023,172,17.82504444,15.909,20.93,191.656682,0,55,2
2023,173,17.10552083,14.771,20.052,117.71066,0,55,2
2023,174,16.86997917,15.437,18.651,61.62432571,0,55,2
2023,175,17.71604167,14.228,22.799,198.4669,0,55,2
2023,176,18.16064583,13.409,24.209,249.2748707,0,55,2
2023,177,16.67145833,13.496,21.314,115.1999844,0,55,2
2023,178,16.59075,13.909,20.482,94.91048,0,55,2
2023,179,17.32795833,12.337,22.773,236.0908182,0,55,2
2023,180,16.3421875,13.535,19.664,114.412731,0,55,2
2023,181,17.49902083,14.715,21.099,109.4048438,0,55,2
2023,182,17.09160417,14.496,20.392,26.13132,0,55,2
2023,183,16.911875,14.711,19.945,85.0538,0,55,2
2023,184,17.14410417,13.457,21.055,61.39194667,0,55,2
2023,185,16.5005625,13.967,19.815,167.1146344,0,55,2
2023,186,15.26651429,12.426,18.936,12.182875,0,55,2
2023,187,18.05764,15.835,19.509,95.6315,0,55,2
2023,188,16.22908333,14.205,18.338,100.5588167,0,55,2
2023,189,16.25775,12.365,20.808,159.0215725,0,55,2
2023,190,16.7728125,11.201,23.563,248.1138125,0,55,2
2023,191,18.69414583,10.526,26.258,315.3078312,0,55,2
2023,192,18.72854167,13.047,25.434,289.7096118,0,55,2
2023,193,16.82085417,13.68,20.287,189.5511636,0,55,2
2023,194,16.93177083,12.667,20.859,192.6995375,0,55,2
2023,195,18.07570833,13.391,23.37,212.7694994,0,55,2
2023,196,17.13008333,12.581,22.485,132.9099863,0,55,2
2023,197,16.51620833,12.526,20.623,203.15679,0,55,2
2023,198,15.85635417,11.927,19.803,67.6549,0,55,2
2023,199,16.3076875,12.248,21.51,91.40406875,0,55,2
2023,200,16.74254167,12.407,21.445,65.78089231,0,55,2
2023,201,18.8194375,12.138,25.914,312.2287471,0,55,2
2023,202,18.53270833,13.183,24.255,317.91795,0,55,2
2023,203,17.8510625,14.488,22.474,64.00795267,0,55,2
2023,204,17.6249375,14.847,21.876,183.77623,0,55,2
2023,205,17.3805,13.129,21.379,87.99448333,0,55,2
2023,206,18.01325,15.604,22.061,164.1166091,0,55,2
2023,207,16.767875,14.221,22.159,164.79628,0,55,2
2023,208,16.96397917,12.305,21.475,97.1178,0,55,2
2023,209,16.7824375,14.6,20.272,100.0814436,0,55,2
2023,210,16.6664375,13.595,21.407,84.46176667,0,55,2
2023,211,17.7510625,12.736,24.262,309.8307923,0,55,2
2023,212,18.63352083,12.907,25.688,320.3987063,0,55,2
2023,213,17.262,14.019,21.612,108.0952538,0,55,2
2023,214,17.02785417,13.911,20.317,245.2215714,0.1,55,2
2023,215,15.77554545,15.4,16.353,314.8268433,0,55,2
2023,216,18.92759328,14.77867306,24.07701151,314.8268433,1.724931084,55,2
2023,217,18.92759328,14.77867306,24.07701151,314.8268433,1.724931084,55,2
2023,218,18.92759328,14.77867306,24.07701151,314.8268433,1.724931084,55,2
2023,219,18.92759328,14.77867306,24.07701151,314.8268433,1.724931084,55,2
2023,220,19.18546667,16.098,22.773,314.8268433,0,55,2
2023,221,16.30152083,14.345,19.474,99.71858625,1.5,55,2
2023,222,17.408,14.541,21.896,314.8268433,0,55,2
2023,223,17.2586875,13.47,21.836,314.8268433,0,55,2
2023,224,16.43204255,11.829,22.031,314.8268433,0,55,2
2023,225,17.56810417,11.74,23.439,314.8268433,0,55,2
2023,226,18.22675,12.316,24.093,314.8268433,0,55,2
2023,227,19.11425,13.956,24.685,314.8268433,0,55,2
2023,228,18.74364583,15.676,22.93,314.8268433,0,55,2
2023,229,18.18716667,14.993,22.602,314.8268433,0,55,2
2023,230,17.98954167,14.351,23.52,314.8268433,0,55,2
2023,231,18.83910417,13.732,25.125,314.8268433,0,55,2
2023,232,19.24627083,12.044,25.809,314.8268433,0,55,2
2023,233,19.13147917,12.717,24.831,314.8268433,0,55,2
2023,234,20.0821875,15.128,25.935,314.8268433,0,55,2
2023,235,18.24192857,12.746,24.9,278.2914385,0,55,2
2023,236,18.12525,13.515,24.141,286.1716824,0,55,2
2023,237,18.431375,12.481,24.749,339.2560222,0,55,2
2023,238,19.72879167,14.787,25.964,370.3865706,0,55,2
2023,239,19.4253125,14.237,26.093,348.3735,0,55,2
2023,240,18.37739583,14.17,23.006,204.7322467,0,55,2
2023,241,18.07752083,13.665,22.525,203.2066692,0,55,2
2023,242,18.024625,15.118,21.837,184.284475,0,55,2
2023,243,18.073875,15.239,22.706,132.612175,0,55,2
2023,244,18.87080851,15.46,23.509,134.2499538,0,55,2
2023,245,18.67966667,15.53,23.494,177.4641,0,55,2
2023,246,18.90041667,12.729,25.891,309.2844506,0,55,2
2023,247,18.7764375,14.349,24.476,183.6883385,0,55,2
2023,248,19.6305625,13.736,25.63,239.4060471,0,55,2
2023,249,20.41591667,13.625,26.98,276.9307313,0,55,2
2023,250,18.54616667,15.469,24.235,183.0069333,23.2,55,2
2023,251,17.82627083,15.345,20.883,216.3071769,1.5,55,2
2023,252,17.62659574,15.183,20.303,237.6906,0,55,2
2023,253,18.7040625,13.124,24.802,304.8400059,0,55,2
2023,254,19.6343125,15.061,25.398,286.3938118,0,55,2
2023,255,20.10154167,15.272,26.385,311.1784706,0,55,2
2023,256,18.544125,15.581,23.426,212.3662583,0,55,2
2023,257,19.3026875,15.091,24.612,303.0766595,0,55,2
2023,258,18.24591667,15.113,22.307,305.07546,0,55,2
2023,259,19.18573913,13.581,25.406,335.7980625,0,55,2
2023,260,20.0790625,15.784,27.177,352.8750462,7.9,55,2
2023,261,19.2705,15.203,24.899,296.6136681,0,55,2
2023,262,19.43258333,14.032,24.854,321.4852781,0,55,2
2023,263,20.1345,15.045,27.251,425.0056923,0,55,2
2023,264,20.10579167,14.46,26.739,335.6144711,0,55,2
2023,265,20.326125,15.959,25.848,292.6119563,0,55,2
2023,266,19.53754167,15.602,24.746,214.4121353,0,55,2
2023,267,18.87377083,16.083,24.308,306.5698,0,55,2
2023,268,20.51345833,14.709,27.223,310.9818,0,55,2
2023,269,20.2265625,13.955,27.282,291.1571941,0,55,2
2023,270,20.27185417,14.796,26.274,303.7445447,0,55,2
2023,271,18.89033333,16.028,22.688,79.79812,0,55,2
2023,272,19.89458333,13.945,26.59,315.9823333,0,55,2
2023,273,19.7404375,15.228,26.395,221.8500375,0,55,2
2023,274,20.86591667,16.394,27.582,279.4792453,0,55,2
2023,275,20.7868125,14.592,27.581,290.7448625,0,55,2
2023,276,18.97916667,12.246,25.451,355.8871222,0,55,2
2023,277,17.96977083,16.285,21.069,314.8268433,0,55,2
2023,278,18.71410417,15.172,23.322,314.8268433,0.1,55,2
2023,279,20.0886875,15.802,26.429,314.8268433,0,55,2
2023,280,20.11845833,14.916,26.075,314.8268433,0,55,2
2023,281,20.73739583,13.074,27.895,314.8268433,0,55,2
2023,282,21.14566667,14.465,27.939,314.8268433,0,55,2
2023,283,20.80443478,16.307,27.404,314.8268433,0,55,2
2023,284,20.65133333,14.572,26.529,314.8268433,0,55,2
2023,285,21.22423404,14.611,27.947,29.4434,0,55,2
2023,286,22.06974468,14.436,29.036,427.229765,0,55,2
2023,287,22.09370833,16.24,28.139,428.301035,0,55,2
2023,288,21.9380625,17.653,27.562,348.2606095,0,55,2
2023,289,20.6519375,16.415,25.559,391.8616273,0.5,55,2
2023,290,20.58683333,16.998,26.705,287.0201524,0.1,55,2
2023,291,21.14316667,17.401,25.88,391.8947762,0,55,2
2023,292,19.66808333,16.879,24.565,333.0048636,0.9,55,2
2023,293,19.63377083,14.752,24.338,333.19557,0,55,2
2023,294,20.13320833,15.766,25.426,317.3772238,0,55,2
2023,295,21.29479167,16.207,26.313,335.4798909,0,55,2
2023,296,20.91883333,15.512,26.956,386.78877,0,55,2
2023,297,21.25577083,15.268,26.838,361.8258545,0,55,2
2023,298,21.42902083,17.083,26.312,373.886511,0,55,2
2023,299,19.75302083,16.887,24.274,302.0152736,1.9,55,2
2023,300,19.9925625,16.107,24.466,275.1679095,0,55,2
2023,301,20.44425,15.294,26.183,299.9179952,0,55,2
2023,302,20.4365,16.2,25.093,293.1710143,0,55,2
2023,303,19.83872917,16.069,25.109,320.1238095,0,55,2
2023,304,19.57747917,16.661,24.131,286.4357941,4.5,55,2
2023,305,20.1858125,15.984,25.036,301.5811227,0,55,2
2023,306,18.8945,16.545,22.208,304.4031864,32.9,55,2
2023,307,18.27916667,16.62,22.504,326.5011732,8.3,55,2
2023,308,18.2175,15.528,21.34,294.1589378,8.6,55,2
2023,309,18.80229167,16.419,23.165,313.0037945,7.2,55,2
2023,310,19.31587234,16.171,24.13,442.3029682,28.39148936,55,2
2023,311,19.12183333,15.6,23.813,471.3682235,35.8,55,2
2023,312,18.588125,16.887,21.94,329.3809182,3.1,55,2
2023,313,19.13610417,15.534,23.055,388.7485333,0,55,2
2023,314,18.7955,16.011,22.5,265.69565,17.8,55,2
2023,315,18.0381875,15.136,21.423,278.5872027,11.1,55,2
2023,316,18.82325,16.501,23.126,342.7816727,4.4,55,2
2023,317,18.97466667,16.485,22.721,418.3622545,3.9,55,2
2023,318,18.5663125,16.327,23.09,332.4272714,22.2,55,2
2023,319,18.42410417,16.633,22.498,327.1107174,5.7,55,2
2023,320,18.5588125,16.259,22.067,379.3306682,6.6,55,2
2023,321,18.58395833,16.268,22.186,301.9217548,2.5,55,2
2023,322,19.16314894,16.243,23.038,360.3715091,1.736170213,55,2
2023,323,19.327125,16.451,23.334,426.0244773,1.4,55,2
2023,324,18.81029167,15.887,23.295,398.0372591,0.4,55,2
2023,325,18.88514583,16.914,22.183,319.6408987,14.2,55,2
2023,326,18.29110417,16.524,21.889,360.6054891,8.7,55,2
2023,327,18.41197917,16.009,21.807,332.8827504,3.6,55,2
2023,328,18.59654167,16.201,22.586,392.3933364,9,55,2
2023,329,18.62602083,16.171,22.4,319.9198857,6.8,55,2
2023,330,18.31283333,15.642,21.965,339.0046445,8.4,55,2
2023,331,19.46889583,15.776,24.041,471.5076864,2.6,55,2
2023,332,19.0666383,16.667,23.432,349.5513,0,55,2
2023,333,19.53754167,16.519,23.983,498.2127905,0,55,2
2023,334,19.19629167,15.457,23.404,483.4082143,0,55,2
2023,335,19.08458333,14.869,23.944,461.9597773,0,55,2
2023,336,19.513,14.764,24.388,411.9766045,0,55,2
2023,337,19.26483333,16.648,23.413,401.6812939,0,55,2
2023,338,18.97825532,15.925,23.501,363.49848,0,55,2
2023,339,19.2105,15.701,24.028,404.0892523,0,55,2
2023,340,19.08010638,16.362,23.583,383.1767364,0,55,2
2023,341,19.162,13.776,24.675,473.767581,0,55,2
2023,342,19.31308333,14.632,24.828,446.4881636,0,55,2
2023,343,18.68914583,14.402,23.861,398.5653227,0,55,2
2023,344,19.388,16.503,23.565,397.2559429,0.8,55,2
2023,345,19.18322917,15.521,23.854,396.1808536,0.1,55,2
2023,346,19.24414583,15.004,24.279,353.7523018,0,55,2
2023,347,19.63789583,15.866,24.745,349.7017476,0,55,2
2023,348,19.65102083,17.216,23.878,355.748605,0.1,55,2
2023,349,18.96766667,16.036,22.86,373.1566364,4.7,55,2
2023,350,18.26897917,16.297,21.587,235.5942922,0,55,2
2023,351,18.92733333,15.664,23.38,376.4523452,0,55,2
2023,352,18.79191489,15.601,23.308,400.2908086,0.10212766,55,2
2023,353,19.29127083,16.034,23.725,350.9354473,0,55,2
2023,354,18.8055625,14.531,23.848,403.1487667,0,55,2
2023,355,19.55102083,15.624,24.474,407.9879095,0,55,2
2023,356,19.30689583,15.924,23.698,323.9358778,2.2,55,2
2023,357,18.93652083,16.357,23.239,309.7718273,6.7,55,2
2023,358,20.2195625,16.905,24.796,409.7844182,0.7,55,2
2023,359,20.300375,17.159,25.006,417.5960773,0,55,2
2023,360,18.96475,16.807,22.359,248.0669057,0.6,55,2
2023,361,18.91252083,14.839,23.137,434.4231476,0,55,2
2023,362,19.95714583,15.719,24.862,444.7668209,0,55,2
2023,363,20.2183125,15.596,25.202,410.62315,0,55,2
2023,364,20.21089583,16.759,25.209,330.6289957,0,55,2
2023,365,20.5957234,17.186,25.443,386.3208182,0,55,2
2024,1,20.5546383,16.906,25.019,395.6497257,2.144680851,55,2
2024,2,20.070875,16.559,24.677,328.0415783,18.7,55,2
2024,3,20.13277083,17.197,24.79,425.1261636,0,55,2
2024,4,19.95854167,16.085,24.532,390.4259476,0,55,2
2024,5,19.13522917,16.565,24.905,303.8777333,9.3,55,2
2024,6,19.09489583,16.539,23.044,280.3164409,10.8,55,2
2024,7,18.92102083,16.762,22.923,273.2328164,11,55,2
2024,8,19.4325,16.566,23.663,356.87425,0,55,2
2024,9,19.07589583,15.932,23.211,462.743835,0,55,2
2024,10,18.7933125,14.917,22.806,326.6636091,0.7,55,2
2024,11,19.14558333,16.004,24.147,297.4166609,3,55,2
2024,12,19.59168085,16.952,23.85,259.6113652,16.23829787,55,2
2024,13,18.52058333,16.359,22.042,190.8428382,31,55,2
2024,14,20.08610417,17.754,24.479,277.5327429,0,55,2
2024,15,20.3378125,17.241,24.64,379.9297591,0.1,55,2
2024,16,20.38164583,16.408,25.062,366.7652864,0,55,2
2024,17,20.19129167,16.927,24.187,312.1532667,0,55,2
2024,18,19.37389583,17.009,23.031,311.0208455,0,55,2
2024,19,18.88565217,16.861,23.699,315.6817325,0,55,2
2024,20,18.92759328,14.77867306,24.07701151,314.8268433,1.724931084,55,2
2024,21,18.92759328,14.77867306,24.07701151,314.8268433,1.724931084,55,2
2024,22,18.92759328,14.77867306,24.07701151,314.8268433,1.724931084,55,2
2024,23,18.92759328,14.77867306,24.07701151,314.8268433,1.724931084,55,2
2024,24,18.92759328,14.77867306,24.07701151,314.8268433,1.724931084,55,2
2024,25,18.92759328,14.77867306,24.07701151,314.8268433,1.724931084,55,2
2024,26,18.92759328,14.77867306,24.07701151,314.8268433,1.724931084,55,2
2024,27,18.92759328,14.77867306,24.07701151,314.8268433,1.724931084,55,2
2024,28,18.92759328,14.77867306,24.07701151,314.8268433,1.724931084,55,2
2024,29,18.92759328,14.77867306,24.07701151,314.8268433,1.724931084,55,2
2024,30,18.92759328,14.77867306,24.07701151,314.8268433,1.724931084,55,2
2024,31,18.92759328,14.77867306,24.07701151,314.8268433,1.724931084,55,2
2024,32,18.92759328,14.77867306,24.07701151,314.8268433,1.724931084,55,2
2024,33,18.92759328,14.77867306,24.07701151,314.8268433,1.724931084,55,2
2024,34,18.92759328,14.77867306,24.07701151,314.8268433,1.724931084,55,2
2024,35,18.92759328,14.77867306,24.07701151,314.8268433,1.724931084,55,2
2024,36,18.92759328,14.77867306,24.07701151,314.8268433,1.724931084,55,2
2024,37,18.92759328,14.77867306,24.07701151,314.8268433,1.724931084,55,2
2024,38,21.1504375,17.698,26.22,221.3082,0,55,2
2024,39,20.07995745,15.995,24.99,346.4680105,0,55,2
2024,40,20.99225,15.873,26.338,462.2422818,0,55,2
2024,41,20.63535417,17.094,26.15,447.4777455,0,55,2
2024,42,19.97152083,14.369,25.995,399.4241364,0,55,2
2024,43,20.55178723,14.427,26.679,468.13976,0,55,2
2024,44,21.28227083,15.747,27.181,457.0164064,0,55,2
2024,45,21.46985417,15.821,27.646,459.0377082,0,55,2
2024,46,21.39497917,14.98,27.626,467.3027364,0,55,2
2024,47,20.85414583,14.839,26.93,431.1470318,0,55,2
2024,48,21.065,15.829,27.359,446.3651091,0,55,2
2024,49,22.64675,14.906,29.692,443.1974136,0,55,2
2024,50,23.0520625,17.381,29.571,416.2170238,0,55,2
2024,51,22.11375,17.195,28.551,387.1766227,11.4,55,2
2024,52,21.8541875,16.798,28.033,449.7896545,0.1,55,2
2024,53,20.8623125,16.122,26.323,473.3871571,0,55,2
2024,54,20.16783333,16.552,25.245,359.8002636,0,55,2
2024,55,18.935875,16.09,24.258,408.3134238,17.4,55,2
2024,56,20.53708333,16.065,25.742,363.4621132,0.2,55,2
2024,57,21.05554167,16.668,26.914,303.7319282,0,55,2
2024,58,20.50189583,17.288,27.153,377.0152757,3.5,55,2
2024,59,20.0833125,15.678,26.25,349.1405,8.9,55,2
2024,60,21.46966667,17.313,26.542,464.2060561,3.2,55,2
2024,61,21.0516875,16.2,26.196,490.3969909,0,55,2
2024,62,21.18351064,17.125,26.198,401.9894571,0,55,2
2024,63,21.31797917,16.243,27.179,467.7433452,0,55,2
2024,64,21.5509375,16.181,27.877,325.9325409,0,55,2
2024,65,20.75008333,17.428,25.549,496.0069524,0,55,2
2024,66,20.4968125,16.453,25.772,389.1124182,0,55,2
2024,67,21.00902083,15.449,26.842,383.3398696,0,55,2
2024,68,21.682125,15.353,28.288,444.4051682,0,55,2
2024,69,21.48766667,16.934,27.208,452.6105773,0.3,55,2
2024,70,21.36016667,16.354,27.36,432.4917773,0,55,2
2024,71,21.4849375,16.608,27.438,460.6761143,0,55,2
2024,72,21.21129787,14.959,27.753,447.1164857,0,55,2
2024,73,21.53225,15.596,27.851,454.1056955,0,55,2
2024,74,20.686625,16.635,26.527,326.4825909,0,55,2
2024,75,20.3200625,15.358,26.028,367.0246095,0,55,2
2024,76,20.56022917,14.77,26.782,446.9767952,0,55,2
2024,77,22.13670833,15.515,29.486,377.6017364,0,55,2
2024,78,21.85325,16.881,27.715,393.5065,0,55,2
2024,79,21.65670833,16.586,27.896,370.2001435,0,55,2
2024,80,21.22710417,17.049,27.019,395.68125,0.4,55,2
2024,81,21.712625,16.728,27.925,411.7295864,0.1,55,2
2024,82,22.27370833,16.561,28.805,446.8931136,0,55,2
2024,83,20.85739583,16.189,27.551,243.7714432,37.7,55,2
2024,84,20.58879167,16.531,26.684,356.4586905,7.8,55,2
2024,85,20.46289583,15.283,27.478,447.6222271,11.1,55,2
2024,86,21.11117021,18.003,25.762,403.256381,0,55,2
2024,87,20.42583333,17.714,26.288,469.38371,0,55,2
2024,88,20.2695625,17.047,25.235,387.9063195,0.1,55,2
2024,89,20.32670833,15.752,25.535,384.7969182,3,55,2
2024,90,19.69960417,17.704,24.45,397.6725422,2.2,55,2
2024,91,19.345375,16.365,23.474,361.3488391,0,55,2
2024,92,19.6933125,16.655,24.313,411.3517109,0.3,55,2
2024,93,20.25616667,17.374,24.641,404.5024505,0,55,2
2024,94,20.3784375,16.211,25.5,389.4761696,0,55,2
2024,95,20.24120833,17.333,25.287,408.25065,0,55,2
2024,96,20.980625,17.46,25.418,495.8334641,0,55,2
2024,97,19.5633125,16.104,24.015,320.7782476,0,55,2
2024,98,20.88814894,16.815,25.548,465.8687135,0,55,2
2024,99,20.21672917,17.877,24.382,288.3623955,0,55,2
2024,100,19.46995833,15.668,24.817,316.1909864,0,55,2
2024,101,20.71738298,16.593,26.32,467.7169,0,55,2
2024,102,20.81689583,16.639,26.279,403.2238318,0,55,2
2024,103,20.36995833,16.499,24.764,394.0721952,0,55,2
2024,104,19.97883333,17.242,23.992,283.5310509,0,55,2
2024,105,20.4253125,17.163,25.034,381.7461667,0,55,2
2024,106,19.58966667,17.165,24.522,337.5893524,0,55,2
2024,107,20.039125,16.624,24.465,380.1295636,0,55,2
2024,108,20.43677083,17.298,25.279,457.1117952,12.3,55,2
2024,109,20.78085417,17.978,25.291,387.1711409,0,55,2
2024,110,19.96445833,16.989,24.118,261.4700273,0,55,2
2024,111,20.09241667,16.146,25.003,409.8616986,0,55,2
2024,112,19.11004255,16.827,24.052,261.2404409,0,55,2
2024,113,19.89864583,16.835,24.627,393.135835,0.1,55,2
2024,114,20.21852083,17.921,24.132,287.8616752,0,55,2
2024,115,20.01270833,17.38,24.687,397.8410586,0,55,2
2024,116,19.21441667,17.838,24.043,248.9211333,24.9,55,2
2024,117,18.35029167,16.253,22.653,322.3800805,31.8,55,2
2024,118,19.747375,17.01,24.009,363.6837964,0.6,55,2
2024,119,19.5173125,17.464,22.631,322.6802905,0.3,55,2
2024,120,18.97670833,16.257,24.895,308.5971976,61.1,55,2
2024,121,20.465,17.013,26.243,370.8839805,4.8,55,2
2024,122,19.776625,17.338,24.714,313.36276,33.6,55,2
2024,123,19.36660417,17.605,24.774,220.9831659,6.1,55,2
2024,124,20.25741667,17.517,23.667,250.3533,11,55,2
2024,125,18.930125,16.816,23.298,199.3336476,43,55,2
2024,126,19.81058333,16.73,25.594,355.0326805,0.3,55,2
2024,127,18.57360417,15.885,22.234,194.6213945,26.6,55,2
2024,128,18.9358125,16.701,22.759,265.8695282,3.2,55,2
2024,129,18.60879167,16.652,22.637,272.4228,1.5,55,2
2024,130,18.2925,15.704,21.964,221.2087361,0.2,55,2
2024,131,18.43414583,16.26,22.175,245.47311,0.9,55,2
