1980,1,19.25,14.12,24.18,280.23,0,62.72,4.63
1980,2,17.98,13.75,23.01,211.09,0.1,72.71,4.88
1980,3,17.25,15.45,20.82,214.32,10.62,87.78,5.48
1980,4,16.94,15.21,19.18,103.83,4.8,89.25,4.65
1980,5,17.62,14.54,21.55,274.51,0.2,77.42,4.38
1980,6,19.42,13.57,24.66,376.05,0,56.91,3.87
1980,7,19.6,14.23,24.56,355.46,0,60.44,4.2
1980,8,19.01,13.81,24.6,361.29,0,73.27,4.48
1980,9,19.48,16.27,24.33,277.82,0,74.98,5.09
1980,10,19.17,15.9,23.54,312.8,0,73.78,4.69
1980,11,19.18,14.34,24.06,300.67,0,70.07,4.13
1980,12,19.84,14.59,25.32,365.58,0,64.35,4.95
1980,13,19.68,13.39,25.11,359.62,0,57.99,4.46
1980,14,19.45,13.8,24.51,341.86,0,57.68,3.85
1980,15,19.78,13.98,24.89,349.03,0,53.19,4.17
1980,16,19.6,14.32,24.98,347.23,0,58.45,4.01
1980,17,19.44,13.62,24.81,280.46,0,61.1,4.05
1980,18,21.2,14.54,27.44,350.85,0,39.06,3.88
1980,19,21.45,15.57,27.25,356.5,0,43.76,3.63
1980,20,20.97,15.4,26.66,353.82,0,53.2,4.18
1980,21,20.88,14.6,26.14,356.25,0,51.04,4.37
1980,22,20.5,16.16,24.79,235.94,0,54.3,4.54
1980,23,20.05,16.04,24.84,262.47,0,65.03,4.02
1980,24,20.01,14.81,25.45,300.24,0,64.15,4.56
1980,25,20.9,14.87,26.58,352.5,0,58.19,4.1
1980,26,18.93,14.78,24.08,340.3,1.72,63.2328,3.64
1980,27,18.93,14.78,24.08,340.3,1.72,63.253312,3.64
1980,28,18.93,14.78,24.08,340.3,1.72,62.87504448,3.64
1980,29,18.93,14.78,24.08,340.3,1.72,61.87884626,3.64
1980,30,18.93,14.78,24.08,340.3,1.72,60.78400011,3.64
1980,31,18.93,14.78,24.08,340.3,1.72,60.11856011,3.64
1980,32,18.93,14.78,24.08,340.3,1.72,60.24690252,3.64
1980,33,18.93,14.78,24.08,340.3,1.72,60.23917862,3.64
1980,34,18.93,14.78,24.08,340.3,1.72,59.71794576,3.64
1980,35,18.93,14.78,24.08,340.3,1.72,59.10746359,3.64
1980,36,18.93,14.78,24.08,340.3,1.72,58.52056214,3.64
1980,37,18.93,14.78,24.08,340.3,1.72,58.05858462,3.64
1980,38,18.93,14.78,24.08,340.3,1.72,57.80692801,3.64
1980,39,18.93,14.78,24.08,340.3,1.72,57.79960513,3.64
1980,40,18.93,14.78,24.08,340.3,1.72,57.80438933,3.64
1980,41,18.93,14.78,24.08,340.3,1.72,57.98896491,3.64
1980,42,18.93,14.78,24.08,340.3,1.72,57.9705235,3.64
1980,43,18.93,14.78,24.08,340.3,1.72,57.84534444,3.64
1980,44,18.93,14.78,24.08,340.3,1.72,58.59675822,3.64
1980,45,18.93,14.78,24.08,340.3,1.72,59.19022855,3.64
1980,46,18.93,14.78,24.08,340.3,1.72,59.42983769,3.64
1980,47,18.93,14.78,24.08,340.3,1.72,59.7654312,3.64
1980,48,18.93,14.78,24.08,340.3,1.72,59.98404845,3.64
1980,49,18.93,14.78,24.08,340.3,1.72,59.78221039,3.64
1980,50,18.93,14.78,24.08,340.3,1.72,59.6074988,3.64
1980,51,18.93,14.78,24.08,340.3,1.72,59.66419875,3.64
1980,52,18.93,14.78,24.08,340.3,1.72,59.5214547,3.64
1980,53,18.93,14.78,24.08,340.3,1.72,59.37218041,3.64
1980,54,18.93,14.78,24.08,340.3,1.72,59.23206585,3.64
1980,55,18.93,14.78,24.08,340.3,1.72,59.12619463,3.64
1980,56,18.93,14.78,24.08,340.3,1.72,59.05988241,3.64
1980,57,18.93,14.78,24.08,340.3,1.72,59.01753531,3.64
1980,58,18.93,14.78,24.08,340.3,1.72,58.96836062,3.64
1980,59,18.93,14.78,24.08,340.3,1.72,58.9175279,3.64
1980,60,18.93,14.78,24.08,352.06,1.72,58.88551118,3.47
1980,61,18.93,14.78,24.08,352.06,1.72,58.87663309,3.47
1980,62,18.93,14.78,24.08,352.06,1.72,58.89087592,3.47
1980,63,18.93,14.78,24.08,352.06,1.72,58.92416758,3.47
1980,64,18.93,14.78,24.08,352.06,1.72,58.96885716,3.47
1980,65,18.93,14.78,24.08,352.06,1.72,59.01562724,3.47
1980,66,18.93,14.78,24.08,352.06,1.72,59.06407676,3.47
1980,67,18.93,14.78,24.08,352.06,1.72,59.10708123,3.47
1980,68,18.93,14.78,24.08,352.06,1.72,59.15254354,3.47
1980,69,18.93,14.78,24.08,352.06,1.72,59.2048315,3.47
1980,70,18.93,14.78,24.08,352.06,1.72,59.22915443,3.47
1980,71,18.93,14.78,24.08,352.06,1.72,59.23071147,3.47
1980,72,18.93,14.78,24.08,352.06,1.72,59.22274642,3.47
1980,73,18.93,14.78,24.08,352.06,1.72,59.20103903,3.47
1980,74,18.93,14.78,24.08,352.06,1.72,59.16971865,3.47
1980,75,18.93,14.78,24.08,352.06,1.72,59.14521898,3.47
1980,76,18.93,14.78,24.08,352.06,1.72,59.12672779,3.47
1980,77,18.93,14.78,24.08,352.06,1.72,59.10522895,3.47
1980,78,18.93,14.78,24.08,352.06,1.72,59.08857992,3.47
1980,79,18.93,14.78,24.08,352.06,1.72,59.0772359,3.47
1980,80,18.93,14.78,24.08,352.06,1.72,59.07104271,3.47
1980,81,18.93,14.78,24.08,352.06,1.72,59.06883663,3.47
1980,82,18.93,14.78,24.08,352.06,1.72,59.0691948,3.47
1980,83,18.93,14.78,24.08,352.06,1.72,59.07126118,3.47
1980,84,18.93,14.78,24.08,352.06,1.72,59.0753772,3.47
1980,85,18.93,14.78,24.08,352.06,1.72,59.08169117,3.47
1980,86,18.93,14.78,24.08,352.06,1.72,59.08953837,3.47
1980,87,18.93,14.78,24.08,352.06,1.72,59.09805458,3.47
1980,88,18.93,14.78,24.08,352.06,1.72,59.10634173,3.47
1980,89,18.93,14.78,24.08,352.06,1.72,59.11362869,3.47
1980,90,18.93,14.78,24.08,352.06,1.72,59.11941956,3.47
1980,91,18.93,14.78,24.08,352.06,1.72,59.12357125,3.47
1980,92,18.93,14.78,24.08,352.06,1.72,59.12595103,3.47
1980,93,18.93,14.78,24.08,352.06,1.72,59.12670582,3.47
1980,94,18.93,14.78,24.08,352.06,1.72,59.12567231,3.47
1980,95,18.93,14.78,24.08,352.06,1.72,59.12250594,3.47
1980,96,18.93,14.78,24.08,352.06,1.72,59.11824,3.47
1980,97,18.93,14.78,24.08,352.06,1.72,59.11374114,3.47
1980,98,18.93,14.78,24.08,352.06,1.72,59.10938093,3.47
1980,99,18.93,14.78,24.08,352.06,1.72,59.10571461,3.47
1980,100,18.93,14.78,24.08,352.06,1.72,59.10315445,3.47
1980,101,18.93,14.78,24.08,352.06,1.72,59.10147187,3.47
1980,102,18.93,14.78,24.08,352.06,1.72,59.10046163,3.47
1980,103,18.93,14.78,24.08,352.06,1.72,59.10027094,3.47
1980,104,18.93,14.78,24.08,352.06,1.72,59.10073858,3.47
1980,105,18.93,14.78,24.08,352.06,1.72,59.10167868,3.47
1980,106,18.93,14.78,24.08,352.06,1.72,59.10290412,3.47
1980,107,18.93,14.78,24.08,352.06,1.72,59.10426682,3.47
1980,108,18.93,14.78,24.08,352.06,1.72,59.1056697,3.47
1980,109,22.3,22.3,22.3,352.06,0,64.7,3.47
1980,110,21.07,17,24.09,352.06,0,71.13,3.74
1980,111,20.16,17.07,25.36,352.06,1,80.23,2.82
1980,112,18.06,16.81,19.59,352.06,17.06,92.29,2.83
1980,113,19.19,15.33,23.64,352.06,0,80.92,2.44
1980,114,20.13,17.32,24.31,352.06,0,81.88,2.65
1980,115,18.92,15.95,22.83,352.06,5.1,86.61,2.42
1980,116,18.55,16.41,22.86,352.06,35,89.17,1.62
1980,117,19.06,15.7,23.06,352.06,0.1,80.9,2.39
1980,118,17.85,16.69,20.08,352.06,11.7,90.83,2.03
1980,119,18.04,15.51,21.49,352.06,0,85.63,2.1
1980,120,18.66,16.79,22.47,352.06,14.3,87.36,2.18
1980,121,18.02,16.16,20.28,352.06,22.6,89.17,2.66
1980,122,18.54,14.62,22.18,352.06,0.6,84.6,2.64
1980,123,18.27,16.54,21.52,352.06,0.1,89.09,3.64
1980,124,18.61,15.12,23.36,352.06,0,83.58,1.96
1980,125,18.67,14.48,23.52,352.06,0,82.14,2.29
1980,126,18.86,15.23,23.42,352.06,0,82.42,2.8
1980,127,18.79,15.61,23.07,352.06,0,83.04,2.71
1980,128,19.09,15.8,23.44,352.06,0,81.1,2.44
1980,129,18.17,16.24,21.58,352.06,0.1,86.29,3.69
1980,130,18.56,16.06,22.68,352.06,0,81.82,3.32
1980,131,18.15,15.1,22.15,352.06,0,82.4,3.2
1980,132,18.06,14.02,23.32,352.06,0,80.69,2.41
1980,133,19.24,15.48,24.25,352.06,0,80.52,2.45
1980,134,19.23,16.33,24.04,352.06,0,79.02,3.41
1980,135,18.59,14.77,23.4,352.06,0,80.56,2.58
1980,136,18.6,14.35,23.74,352.06,0,75.81,2.95
1980,137,19.07,15.98,23.06,352.06,0,78.16,2.98
1980,138,18.29,13.91,22.89,352.06,0,81.01,2.73
1980,139,18.37,14.63,23.8,352.06,0,79.61,2.45
1980,140,19.41,13.13,26.12,352.06,0,72.85,2.35
1980,141,19.27,13.3,24.7,352.06,0,73.65,2.67
1980,142,19.83,15.97,25.45,352.06,0,76.68,2.49
1980,143,19.78,16.04,24.78,352.06,0,77.59,3.21
1980,144,18.99,14.96,23.77,352.06,0,73.95,3.17
1980,145,19.11,14.58,23.87,352.06,0,72.29,3.33
1980,146,18,14.1,22.59,352.06,0,75.42,3.35
1980,147,16.64,12.72,21.05,352.06,0.3,82.01,3.15
1980,148,17.5,14.02,22.45,352.06,0.1,80.72,3.26
1980,149,16.53,14.07,19.75,352.06,2.6,89.1,3.74
1980,150,17.26,13.76,20.82,352.06,0,82.09,2.58
1980,151,18.19,15.48,23.03,165.37,0,78.43,2.52
1980,152,19.1,14.83,24.04,252.18,0,74.88,3.37
1980,153,19.11,15.58,23.99,273.08,2.6,76.13,3.6
1980,154,18,14.69,22.03,69.78,0,80.43,3.46
1980,155,17.66,13.89,22.83,199.47,0,79.68,3.11
1980,156,19.15,14.11,24.66,306.03,0,72.1,2.52
1980,157,18.83,15.25,23.88,200.96,0.2,76.26,3.01
1980,158,18.95,13.44,24.91,360.35,0,62.02,2.54
1980,159,19.36,12.31,26.04,365.95,0,64.25,2.55
1980,160,18.79,15.88,23.8,229.63,0,75.18,3.93
1980,161,18.3,13.62,24.32,251.44,0,74.56,2.85
1980,162,19.59,14.98,24.61,351.39,0,63.15,2.73
1980,163,19.64,14.92,24.48,241.6,0.2,63.95,2.52
1980,164,17.84,13.52,22.29,190.26,0,74.48,2.64
1980,165,18.81,14.98,25.01,245.06,0,78.03,2.24
1980,166,17.89,14.88,21.55,141.38,0,77.07,2.1
1980,167,18.54,14.65,23.95,188.56,0,74.76,2.65
1980,168,16.83,14.59,19.37,54.07,0,80.78,3.03
1980,169,17.38,13.35,22.42,172.24,0,74.23,2.81
1980,170,17.84,12.97,22.96,224.37,0,73.04,2.49
1980,171,18.42,14.65,22.7,138.18,0,77.27,2.83
1980,172,17.83,15.91,20.93,191.66,0,79.93,3.14
1980,173,17.11,14.77,20.05,117.71,0,78.53,2.92
1980,174,16.87,15.44,18.65,61.62,0,81.36,3.27
1980,175,17.72,14.23,22.8,198.47,0,69.59,2.7
1980,176,18.16,13.41,24.21,249.27,0,60.96,2.39
1980,177,16.67,13.5,21.31,115.2,0,76.59,2.67
1980,178,16.59,13.91,20.48,94.91,0,79.69,2.63
1980,179,17.33,12.34,22.77,236.09,0,73.82,2.46
1980,180,16.34,13.54,19.66,114.41,0,79.4,2.51
1980,181,17.5,14.71,21.1,109.4,0,75.77,3.1
1980,182,17.09,14.5,20.39,26.13,0,79.28,3.5
1980,183,16.91,14.71,19.95,85.05,0,75.76,3.45
1980,184,17.14,13.46,21.06,61.39,0,73.3,3.53
1980,185,16.5,13.97,19.82,167.11,0,73.98,3.97
1980,186,15.27,12.43,18.94,12.18,0,79.14,2.19
1980,187,18.06,15.84,19.51,95.63,0,66.31,4.78
1980,188,16.23,14.2,18.34,100.56,0,71.89,4.13
1980,189,16.26,12.37,20.81,159.02,0,72.12,3.26
1980,190,16.77,11.2,23.56,248.11,0,72.19,2.32
1980,191,18.69,10.53,26.26,315.31,0,65.96,2.48
1980,192,18.73,13.05,25.43,289.71,0,67.15,2.61
1980,193,16.82,13.68,20.29,189.55,0,74.61,3
1980,194,16.93,12.67,20.86,192.7,0,72.44,3.07
1980,195,18.08,13.39,23.37,212.77,0,65.2,3.12
1980,196,17.13,12.58,22.48,132.91,0,70.3,2.48
1980,197,16.52,12.53,20.62,203.16,0,72.56,2.49
1980,198,15.86,11.93,19.8,67.65,0,73.96,2.59
1980,199,16.31,12.25,21.51,91.4,0,71.79,3.25
1980,200,16.74,12.41,21.45,65.78,0,73.66,2.79
1980,201,18.82,12.14,25.91,312.23,0,61.97,2.95
1980,202,18.53,13.18,24.25,317.92,0,62.06,3.24
1980,203,17.85,14.49,22.47,64.01,0,70.11,3.15
1980,204,17.62,14.85,21.88,183.78,0,74.82,3.76
1980,205,17.38,13.13,21.38,87.99,0,73.91,2.7
1980,206,18.01,15.6,22.06,164.12,0,74.49,3.37
1980,207,16.77,14.22,22.16,164.8,0,75.2,3.05
1980,208,16.96,12.3,21.48,97.12,0,71.97,2.7
1980,209,16.78,14.6,20.27,100.08,0,75.65,3.99
1980,210,16.67,13.6,21.41,84.46,0,77.88,2.76
1980,211,17.75,12.74,24.26,309.83,0,75.95,2.78
1980,212,18.63,12.91,25.69,320.4,0,71.32,2.99
1980,213,17.26,14.02,21.61,108.1,0,75.7,3.71
1980,214,17.03,13.91,20.32,245.22,0.1,76.65,5.05
1980,215,15.78,15.4,16.35,340.3,0,84.12,3.86
1980,216,18.93,14.78,24.08,340.3,1.72,77.88,3.64
1980,217,18.93,14.78,24.08,340.3,1.72,75.95,3.64
1980,218,18.93,14.78,24.08,340.3,1.72,71.32,3.64
1980,219,18.93,14.78,24.08,340.3,1.72,75.7,3.64
1980,220,19.19,16.1,22.77,340.3,0,60.43,3.98
1980,221,16.3,14.35,19.47,99.72,1.5,82.14,3.25
1980,222,17.41,14.54,21.9,340.3,0,74.2,3.32
1980,223,17.26,13.47,21.84,340.3,0,70.81,2.72
1980,224,16.43,11.83,22.03,340.3,0,69.39,2.8
1980,225,17.57,11.74,23.44,340.3,0,67.25,3.53
1980,226,18.23,12.32,24.09,340.3,0,66.17,3.32
1980,227,19.11,13.96,24.68,340.3,0,69.91,3.56
1980,228,18.74,15.68,22.93,340.3,0,69.27,3.69
1980,229,18.19,14.99,22.6,340.3,0,70.44,3.82
1980,230,17.99,14.35,23.52,340.3,0,68.34,4.51
1980,231,18.84,13.73,25.12,340.3,0,60.16,3.04
1980,232,19.25,12.04,25.81,340.3,0,51.77,3.25
1980,233,19.13,12.72,24.83,340.3,0,55.64,3.8
1980,234,20.08,15.13,25.93,340.3,0,60.22,3.34
1980,235,18.24,12.75,24.9,278.29,0,66.35,3.65
1980,236,18.13,13.52,24.14,286.17,0,67.29,3.42
1980,237,18.43,12.48,24.75,339.26,0,67.22,3.85
1980,238,19.73,14.79,25.96,370.39,0,61.21,3.94
1980,239,19.43,14.24,26.09,348.37,0,62.14,3.64
1980,240,18.38,14.17,23.01,204.73,0,66.11,4.3
1980,241,18.08,13.66,22.52,203.21,0,65.33,4.51
1980,242,18.02,15.12,21.84,184.28,0,72.23,4.32
1980,243,18.07,15.24,22.71,132.61,0,72.33,3.66
1980,244,18.87,15.46,23.51,134.25,0,70.98,3.71
1980,245,18.68,15.53,23.49,177.46,0,71.85,3.22
1980,246,18.9,12.73,25.89,309.28,0,65.73,3.63
1980,247,18.78,14.35,24.48,183.69,0,65.77,3.56
1980,248,19.63,13.74,25.63,239.41,0,65.78,3.22
1980,249,20.42,13.62,26.98,276.93,0,59.99,2.42
1980,250,18.55,15.47,24.24,183.01,23.2,79.81,2.36
1980,251,17.83,15.35,20.88,216.31,1.5,84.97,3.37
1980,252,17.63,15.18,20.3,237.69,0,79.53,3.56
1980,253,18.7,13.12,24.8,304.84,0,69.46,3.47
1980,254,19.63,15.06,25.4,286.39,0,68.96,3.1
1980,255,20.1,15.27,26.39,311.18,0,70.71,2.69
1980,256,18.54,15.58,23.43,212.37,0,78.29,3.58
1980,257,19.3,15.09,24.61,303.08,0,61.66,4.59
1980,258,18.25,15.11,22.31,305.08,0,70.57,3.47
1980,259,19.19,13.58,25.41,335.8,0,67.65,3.06
1980,260,20.08,15.78,27.18,352.88,7.9,69.76,3.16
1980,261,19.27,15.2,24.9,296.61,0,71.05,3.53
1980,262,19.43,14.03,24.85,321.49,0,70.28,3.57
1980,263,20.13,15.04,27.25,425.01,0,68.7,2.81
1980,264,20.11,14.46,26.74,335.61,0,68.67,3.61
1980,265,20.33,15.96,25.85,292.61,0,63.45,4.06
1980,266,19.54,15.6,24.75,214.41,0,65.68,4.21
1980,267,18.87,16.08,24.31,306.57,0,72.24,4.2
1980,268,20.51,14.71,27.22,310.98,0,58.63,3.17
1980,269,20.23,13.96,27.28,291.16,0,64.9,2.78
1980,270,20.27,14.8,26.27,303.74,0,67.24,3.51
1980,271,18.89,16.03,22.69,79.8,0,71.98,3.83
1980,272,19.89,13.95,26.59,315.98,0,67.54,3.7
1980,273,19.74,15.23,26.4,221.85,0,71.17,4.05
1980,274,20.87,16.39,27.58,279.48,0,66.11,3.52
1980,275,20.79,14.59,27.58,290.74,0,61.65,3.22
1980,276,18.98,12.25,25.45,355.89,0,61.51,3.36
1980,277,17.97,16.28,21.07,340.3,0,79.37,4.62
1980,278,18.71,15.17,23.32,340.3,0.1,73.05,3.82
1980,279,20.09,15.8,26.43,340.3,0,67.62,4.09
1980,280,20.12,14.92,26.08,340.3,0,59.02,3.57
1980,281,20.74,13.07,27.9,340.3,0,56.38,3.34
1980,282,21.15,14.46,27.94,340.3,0,61.27,4.24
1980,283,20.8,16.31,27.4,340.3,0,66.42,5.2
1980,284,20.65,14.57,26.53,340.3,0,61.27,4.42
1980,285,21.22,14.61,27.95,29.44,0,58.16,4.01
1980,286,22.07,14.44,29.04,427.23,0,57.17,3.61
1980,287,22.09,16.24,28.14,428.3,0,64.39,5.2
1980,288,21.94,17.65,27.56,348.26,0,67.16,5.57
1980,289,20.65,16.41,25.56,391.86,0.5,73,4.75
1980,290,20.59,17,26.7,287.02,0.1,72.18,3.44
1980,291,21.14,17.4,25.88,391.89,0,71.74,4.22
1980,292,19.67,16.88,24.57,333,0.9,79.34,4.75
1980,293,19.63,14.75,24.34,333.2,0,70.86,3.97
1980,294,20.13,15.77,25.43,317.38,0,68.67,4.18
1980,295,21.29,16.21,26.31,335.48,0,56.17,3.38
1980,296,20.92,15.51,26.96,386.79,0,56.58,3.52
1980,297,21.26,15.27,26.84,361.83,0,62.73,3.41
1980,298,21.43,17.08,26.31,373.89,0,67.31,4.54
1980,299,19.75,16.89,24.27,302.02,1.9,76.47,4.64
1980,300,19.99,16.11,24.47,275.17,0,70.49,3.55
1980,301,20.44,15.29,26.18,299.92,0,67.55,3.87
1980,302,20.44,16.2,25.09,293.17,0,66.86,3.74
1980,303,19.84,16.07,25.11,320.12,0,72.71,4.13
1980,304,19.58,16.66,24.13,286.44,4.5,78.4,4.26
1980,305,20.19,15.98,25.04,301.58,0,72.37,3.77
1980,306,18.89,16.55,22.21,304.4,32.9,85.22,3.63
1980,307,18.28,16.62,22.5,326.5,8.3,88.67,3.3
1980,308,18.22,15.53,21.34,294.16,8.6,84.66,3.2
1980,309,18.8,16.42,23.16,313,7.2,85.41,3
1980,310,19.32,16.17,24.13,442.3,28.39,81.98,3.32
1980,311,19.12,15.6,23.81,471.37,35.8,82.53,2.9
1980,312,18.59,16.89,21.94,329.38,3.1,88.16,3.48
1980,313,19.14,15.53,23.06,388.75,0,78.03,3.7
1980,314,18.8,16.01,22.5,265.7,17.8,85.21,3.72
1980,315,18.04,15.14,21.42,278.59,11.1,87.17,4.04
1980,316,18.82,16.5,23.13,342.78,4.4,86.05,3.73
1980,317,18.97,16.48,22.72,418.36,3.9,87.41,4.58
1980,318,18.57,16.33,23.09,332.43,22.2,89.79,2.51
1980,319,18.42,16.63,22.5,327.11,5.7,89.16,3.26
1980,320,18.56,16.26,22.07,379.33,6.6,87.77,3.73
1980,321,18.58,16.27,22.19,301.92,2.5,87.67,3.39
1980,322,19.16,16.24,23.04,360.37,1.74,82.42,3.52
1980,323,19.33,16.45,23.33,426.02,1.4,82.05,3.47
1980,324,18.81,15.89,23.3,398.04,0.4,85.17,3.46
1980,325,18.89,16.91,22.18,319.64,14.2,87.74,3.58
1980,326,18.29,16.52,21.89,360.61,8.7,91.68,4.05
1980,327,18.41,16.01,21.81,332.88,3.6,87.89,4.08
1980,328,18.6,16.2,22.59,392.39,9,87.44,3.59
1980,329,18.63,16.17,22.4,319.92,6.8,87.22,2.76
1980,330,18.31,15.64,21.96,339,8.4,89.85,3.28
1980,331,19.47,15.78,24.04,471.51,2.6,77.23,3.81
1980,332,19.07,16.67,23.43,349.55,0,83.95,3.15
1980,333,19.54,16.52,23.98,498.21,0,75.99,3.76
1980,334,19.2,15.46,23.4,483.41,0,72.17,3.74
1980,335,19.08,14.87,23.94,461.96,0,71.36,3.2
1980,336,19.51,14.76,24.39,411.98,0,75.32,3.14
1980,337,19.26,16.65,23.41,401.68,0,82.54,3.88
1980,338,18.98,15.93,23.5,363.5,0,80.18,3.54
1980,339,19.21,15.7,24.03,404.09,0,75.45,2.89
1980,340,19.08,16.36,23.58,383.18,0,79.45,2.86
1980,341,19.16,13.78,24.68,473.77,0,76.59,2.78
1980,342,19.31,14.63,24.83,446.49,0,70.69,2.85
1980,343,18.69,14.4,23.86,398.57,0,78.08,2.72
1980,344,19.39,16.5,23.57,397.26,0.8,80.59,4.16
1980,345,19.18,15.52,23.85,396.18,0.1,80.1,3.6
1980,346,19.24,15,24.28,353.75,0,81.24,2.85
1980,347,19.64,15.87,24.75,349.7,0,82.55,2.64
1980,348,19.65,17.22,23.88,355.75,0.1,85.12,3.01
1980,349,18.97,16.04,22.86,373.16,4.7,87.32,4.19
1980,350,18.27,16.3,21.59,235.59,0,85.91,4.21
1980,351,18.93,15.66,23.38,376.45,0,79.05,3.99
1980,352,18.79,15.6,23.31,400.29,0.1,80.3,3.54
1980,353,19.29,16.03,23.73,350.94,0,76.19,2.57
1980,354,18.81,14.53,23.85,403.15,0,78.18,2.74
1980,355,19.55,15.62,24.47,407.99,0,74.8,3.57
1980,356,19.31,15.92,23.7,323.94,2.2,83.67,3.45
1980,357,18.94,16.36,23.24,309.77,6.7,86.91,3.82
1980,358,20.22,16.91,24.8,409.78,0.7,81.63,3.41
1980,359,20.3,17.16,25.01,417.6,0,83.61,3.95
1980,360,18.96,16.81,22.36,248.07,0.6,86.86,4.58
1980,361,18.91,14.84,23.14,434.42,0,73.13,3.85
1980,362,19.96,15.72,24.86,444.77,0,68.75,3.05
1980,363,20.22,15.6,25.2,410.62,0,77.61,2.63
1980,364,20.21,16.76,25.21,330.63,0,81.03,3.1
1980,365,20.6,17.19,25.44,386.32,0,78.05,2.63
1981,1,19.25,14.12,24.18,280.23,0,62.72,4.63
1981,2,17.98,13.75,23.01,211.09,0.1,72.71,4.88
1981,3,17.25,15.45,20.82,214.32,10.62,87.78,5.48
1981,4,16.94,15.21,19.18,103.83,4.8,89.25,4.65
1981,5,17.62,14.54,21.55,274.51,0.2,77.42,4.38
1981,6,19.42,13.57,24.66,376.05,0,56.91,3.87
1981,7,19.6,14.23,24.56,355.46,0,60.44,4.2
1981,8,19.01,13.81,24.6,361.29,0,73.27,4.48
1981,9,19.48,16.27,24.33,277.82,0,74.98,5.09
1981,10,19.17,15.9,23.54,312.8,0,73.78,4.69
1981,11,19.18,14.34,24.06,300.67,0,70.07,4.13
1981,12,19.84,14.59,25.32,365.58,0,64.35,4.95
1981,13,19.68,13.39,25.11,359.62,0,57.99,4.46
1981,14,19.45,13.8,24.51,341.86,0,57.68,3.85
1981,15,19.78,13.98,24.89,349.03,0,53.19,4.17
1981,16,19.6,14.32,24.98,347.23,0,58.45,4.01
1981,17,19.44,13.62,24.81,280.46,0,61.1,4.05
1981,18,21.2,14.54,27.44,350.85,0,39.06,3.88
1981,19,21.45,15.57,27.25,356.5,0,43.76,3.63
1981,20,20.97,15.4,26.66,353.82,0,53.2,4.18
1981,21,20.88,14.6,26.14,356.25,0,51.04,4.37
1981,22,20.5,16.16,24.79,235.94,0,54.3,4.54
1981,23,20.05,16.04,24.84,262.47,0,65.03,4.02
1981,24,20.01,14.81,25.45,300.24,0,64.15,4.56
1981,25,20.9,14.87,26.58,352.5,0,58.19,4.1
1981,26,18.93,14.78,24.08,340.3,1.72,63.2328,3.64
1981,27,18.93,14.78,24.08,340.3,1.72,63.253312,3.64
1981,28,18.93,14.78,24.08,340.3,1.72,62.87504448,3.64
1981,29,18.93,14.78,24.08,340.3,1.72,61.87884626,3.64
1981,30,18.93,14.78,24.08,340.3,1.72,60.78400011,3.64
1981,31,18.93,14.78,24.08,340.3,1.72,60.11856011,3.64
1981,32,18.93,14.78,24.08,340.3,1.72,60.24690252,3.64
1981,33,18.93,14.78,24.08,340.3,1.72,60.23917862,3.64
1981,34,18.93,14.78,24.08,340.3,1.72,59.71794576,3.64
1981,35,18.93,14.78,24.08,340.3,1.72,59.10746359,3.64
1981,36,18.93,14.78,24.08,340.3,1.72,58.52056214,3.64
1981,37,18.93,14.78,24.08,340.3,1.72,58.05858462,3.64
1981,38,18.93,14.78,24.08,340.3,1.72,57.80692801,3.64
1981,39,18.93,14.78,24.08,340.3,1.72,57.79960513,3.64
1981,40,18.93,14.78,24.08,340.3,1.72,57.80438933,3.64
1981,41,18.93,14.78,24.08,340.3,1.72,57.98896491,3.64
1981,42,18.93,14.78,24.08,340.3,1.72,57.9705235,3.64
1981,43,18.93,14.78,24.08,340.3,1.72,57.84534444,3.64
1981,44,18.93,14.78,24.08,340.3,1.72,58.59675822,3.64
1981,45,18.93,14.78,24.08,340.3,1.72,59.19022855,3.64
1981,46,18.93,14.78,24.08,340.3,1.72,59.42983769,3.64
1981,47,18.93,14.78,24.08,340.3,1.72,59.7654312,3.64
1981,48,18.93,14.78,24.08,340.3,1.72,59.98404845,3.64
1981,49,18.93,14.78,24.08,340.3,1.72,59.78221039,3.64
1981,50,18.93,14.78,24.08,340.3,1.72,59.6074988,3.64
1981,51,18.93,14.78,24.08,340.3,1.72,59.66419875,3.64
1981,52,18.93,14.78,24.08,340.3,1.72,59.5214547,3.64
1981,53,18.93,14.78,24.08,340.3,1.72,59.37218041,3.64
1981,54,18.93,14.78,24.08,340.3,1.72,59.23206585,3.64
1981,55,18.93,14.78,24.08,340.3,1.72,59.12619463,3.64
1981,56,18.93,14.78,24.08,340.3,1.72,59.05988241,3.64
1981,57,18.93,14.78,24.08,340.3,1.72,59.01753531,3.64
1981,58,18.93,14.78,24.08,340.3,1.72,58.96836062,3.64
1981,59,18.93,14.78,24.08,340.3,1.72,58.9175279,3.64
1981,60,18.93,14.78,24.08,352.06,1.72,58.88551118,3.47
1981,61,18.93,14.78,24.08,352.06,1.72,58.87663309,3.47
1981,62,18.93,14.78,24.08,352.06,1.72,58.89087592,3.47
1981,63,18.93,14.78,24.08,352.06,1.72,58.92416758,3.47
1981,64,18.93,14.78,24.08,352.06,1.72,58.96885716,3.47
1981,65,18.93,14.78,24.08,352.06,1.72,59.01562724,3.47
1981,66,18.93,14.78,24.08,352.06,1.72,59.06407676,3.47
1981,67,18.93,14.78,24.08,352.06,1.72,59.10708123,3.47
1981,68,18.93,14.78,24.08,352.06,1.72,59.15254354,3.47
1981,69,18.93,14.78,24.08,352.06,1.72,59.2048315,3.47
1981,70,18.93,14.78,24.08,352.06,1.72,59.22915443,3.47
1981,71,18.93,14.78,24.08,352.06,1.72,59.23071147,3.47
1981,72,18.93,14.78,24.08,352.06,1.72,59.22274642,3.47
1981,73,18.93,14.78,24.08,352.06,1.72,59.20103903,3.47
1981,74,18.93,14.78,24.08,352.06,1.72,59.16971865,3.47
1981,75,18.93,14.78,24.08,352.06,1.72,59.14521898,3.47
1981,76,18.93,14.78,24.08,352.06,1.72,59.12672779,3.47
1981,77,18.93,14.78,24.08,352.06,1.72,59.10522895,3.47
1981,78,18.93,14.78,24.08,352.06,1.72,59.08857992,3.47
1981,79,18.93,14.78,24.08,352.06,1.72,59.0772359,3.47
1981,80,18.93,14.78,24.08,352.06,1.72,59.07104271,3.47
1981,81,18.93,14.78,24.08,352.06,1.72,59.06883663,3.47
1981,82,18.93,14.78,24.08,352.06,1.72,59.0691948,3.47
1981,83,18.93,14.78,24.08,352.06,1.72,59.07126118,3.47
1981,84,18.93,14.78,24.08,352.06,1.72,59.0753772,3.47
1981,85,18.93,14.78,24.08,352.06,1.72,59.08169117,3.47
1981,86,18.93,14.78,24.08,352.06,1.72,59.08953837,3.47
1981,87,18.93,14.78,24.08,352.06,1.72,59.09805458,3.47
1981,88,18.93,14.78,24.08,352.06,1.72,59.10634173,3.47
1981,89,18.93,14.78,24.08,352.06,1.72,59.11362869,3.47
1981,90,18.93,14.78,24.08,352.06,1.72,59.11941956,3.47
1981,91,18.93,14.78,24.08,352.06,1.72,59.12357125,3.47
1981,92,18.93,14.78,24.08,352.06,1.72,59.12595103,3.47
1981,93,18.93,14.78,24.08,352.06,1.72,59.12670582,3.47
1981,94,18.93,14.78,24.08,352.06,1.72,59.12567231,3.47
1981,95,18.93,14.78,24.08,352.06,1.72,59.12250594,3.47
1981,96,18.93,14.78,24.08,352.06,1.72,59.11824,3.47
1981,97,18.93,14.78,24.08,352.06,1.72,59.11374114,3.47
1981,98,18.93,14.78,24.08,352.06,1.72,59.10938093,3.47
1981,99,18.93,14.78,24.08,352.06,1.72,59.10571461,3.47
1981,100,18.93,14.78,24.08,352.06,1.72,59.10315445,3.47
1981,101,18.93,14.78,24.08,352.06,1.72,59.10147187,3.47
1981,102,18.93,14.78,24.08,352.06,1.72,59.10046163,3.47
1981,103,18.93,14.78,24.08,352.06,1.72,59.10027094,3.47
1981,104,18.93,14.78,24.08,352.06,1.72,59.10073858,3.47
1981,105,18.93,14.78,24.08,352.06,1.72,59.10167868,3.47
1981,106,18.93,14.78,24.08,352.06,1.72,59.10290412,3.47
1981,107,18.93,14.78,24.08,352.06,1.72,59.10426682,3.47
1981,108,18.93,14.78,24.08,352.06,1.72,59.1056697,3.47
1981,109,22.3,22.3,22.3,352.06,0,64.7,3.47
1981,110,21.07,17,24.09,352.06,0,71.13,3.74
1981,111,20.16,17.07,25.36,352.06,1,80.23,2.82
1981,112,18.06,16.81,19.59,352.06,17.06,92.29,2.83
1981,113,19.19,15.33,23.64,352.06,0,80.92,2.44
1981,114,20.13,17.32,24.31,352.06,0,81.88,2.65
1981,115,18.92,15.95,22.83,352.06,5.1,86.61,2.42
1981,116,18.55,16.41,22.86,352.06,35,89.17,1.62
1981,117,19.06,15.7,23.06,352.06,0.1,80.9,2.39
1981,118,17.85,16.69,20.08,352.06,11.7,90.83,2.03
1981,119,18.04,15.51,21.49,352.06,0,85.63,2.1
1981,120,18.66,16.79,22.47,352.06,14.3,87.36,2.18
1981,121,18.02,16.16,20.28,352.06,22.6,89.17,2.66
1981,122,18.54,14.62,22.18,352.06,0.6,84.6,2.64
1981,123,18.27,16.54,21.52,352.06,0.1,89.09,3.64
1981,124,18.61,15.12,23.36,352.06,0,83.58,1.96
1981,125,18.67,14.48,23.52,352.06,0,82.14,2.29
1981,126,18.86,15.23,23.42,352.06,0,82.42,2.8
1981,127,18.79,15.61,23.07,352.06,0,83.04,2.71
1981,128,19.09,15.8,23.44,352.06,0,81.1,2.44
1981,129,18.17,16.24,21.58,352.06,0.1,86.29,3.69
1981,130,18.56,16.06,22.68,352.06,0,81.82,3.32
1981,131,18.15,15.1,22.15,352.06,0,82.4,3.2
1981,132,18.06,14.02,23.32,352.06,0,80.69,2.41
1981,133,19.24,15.48,24.25,352.06,0,80.52,2.45
1981,134,19.23,16.33,24.04,352.06,0,79.02,3.41
1981,135,18.59,14.77,23.4,352.06,0,80.56,2.58
1981,136,18.6,14.35,23.74,352.06,0,75.81,2.95
1981,137,19.07,15.98,23.06,352.06,0,78.16,2.98
1981,138,18.29,13.91,22.89,352.06,0,81.01,2.73
1981,139,18.37,14.63,23.8,352.06,0,79.61,2.45
1981,140,19.41,13.13,26.12,352.06,0,72.85,2.35
1981,141,19.27,13.3,24.7,352.06,0,73.65,2.67
1981,142,19.83,15.97,25.45,352.06,0,76.68,2.49
1981,143,19.78,16.04,24.78,352.06,0,77.59,3.21
1981,144,18.99,14.96,23.77,352.06,0,73.95,3.17
1981,145,19.11,14.58,23.87,352.06,0,72.29,3.33
1981,146,18,14.1,22.59,352.06,0,75.42,3.35
1981,147,16.64,12.72,21.05,352.06,0.3,82.01,3.15
1981,148,17.5,14.02,22.45,352.06,0.1,80.72,3.26
1981,149,16.53,14.07,19.75,352.06,2.6,89.1,3.74
1981,150,17.26,13.76,20.82,352.06,0,82.09,2.58
1981,151,18.19,15.48,23.03,165.37,0,78.43,2.52
1981,152,19.1,14.83,24.04,252.18,0,74.88,3.37
1981,153,19.11,15.58,23.99,273.08,2.6,76.13,3.6
1981,154,18,14.69,22.03,69.78,0,80.43,3.46
1981,155,17.66,13.89,22.83,199.47,0,79.68,3.11
1981,156,19.15,14.11,24.66,306.03,0,72.1,2.52
1981,157,18.83,15.25,23.88,200.96,0.2,76.26,3.01
1981,158,18.95,13.44,24.91,360.35,0,62.02,2.54
1981,159,19.36,12.31,26.04,365.95,0,64.25,2.55
1981,160,18.79,15.88,23.8,229.63,0,75.18,3.93
1981,161,18.3,13.62,24.32,251.44,0,74.56,2.85
1981,162,19.59,14.98,24.61,351.39,0,63.15,2.73
1981,163,19.64,14.92,24.48,241.6,0.2,63.95,2.52
1981,164,17.84,13.52,22.29,190.26,0,74.48,2.64
1981,165,18.81,14.98,25.01,245.06,0,78.03,2.24
1981,166,17.89,14.88,21.55,141.38,0,77.07,2.1
1981,167,18.54,14.65,23.95,188.56,0,74.76,2.65
1981,168,16.83,14.59,19.37,54.07,0,80.78,3.03
1981,169,17.38,13.35,22.42,172.24,0,74.23,2.81
1981,170,17.84,12.97,22.96,224.37,0,73.04,2.49
1981,171,18.42,14.65,22.7,138.18,0,77.27,2.83
1981,172,17.83,15.91,20.93,191.66,0,79.93,3.14
1981,173,17.11,14.77,20.05,117.71,0,78.53,2.92
1981,174,16.87,15.44,18.65,61.62,0,81.36,3.27
1981,175,17.72,14.23,22.8,198.47,0,69.59,2.7
1981,176,18.16,13.41,24.21,249.27,0,60.96,2.39
1981,177,16.67,13.5,21.31,115.2,0,76.59,2.67
1981,178,16.59,13.91,20.48,94.91,0,79.69,2.63
1981,179,17.33,12.34,22.77,236.09,0,73.82,2.46
1981,180,16.34,13.54,19.66,114.41,0,79.4,2.51
1981,181,17.5,14.71,21.1,109.4,0,75.77,3.1
1981,182,17.09,14.5,20.39,26.13,0,79.28,3.5
1981,183,16.91,14.71,19.95,85.05,0,75.76,3.45
1981,184,17.14,13.46,21.06,61.39,0,73.3,3.53
1981,185,16.5,13.97,19.82,167.11,0,73.98,3.97
1981,186,15.27,12.43,18.94,12.18,0,79.14,2.19
1981,187,18.06,15.84,19.51,95.63,0,66.31,4.78
1981,188,16.23,14.2,18.34,100.56,0,71.89,4.13
1981,189,16.26,12.37,20.81,159.02,0,72.12,3.26
1981,190,16.77,11.2,23.56,248.11,0,72.19,2.32
1981,191,18.69,10.53,26.26,315.31,0,65.96,2.48
1981,192,18.73,13.05,25.43,289.71,0,67.15,2.61
1981,193,16.82,13.68,20.29,189.55,0,74.61,3
1981,194,16.93,12.67,20.86,192.7,0,72.44,3.07
1981,195,18.08,13.39,23.37,212.77,0,65.2,3.12
1981,196,17.13,12.58,22.48,132.91,0,70.3,2.48
1981,197,16.52,12.53,20.62,203.16,0,72.56,2.49
1981,198,15.86,11.93,19.8,67.65,0,73.96,2.59
1981,199,16.31,12.25,21.51,91.4,0,71.79,3.25
1981,200,16.74,12.41,21.45,65.78,0,73.66,2.79
1981,201,18.82,12.14,25.91,312.23,0,61.97,2.95
1981,202,18.53,13.18,24.25,317.92,0,62.06,3.24
1981,203,17.85,14.49,22.47,64.01,0,70.11,3.15
1981,204,17.62,14.85,21.88,183.78,0,74.82,3.76
1981,205,17.38,13.13,21.38,87.99,0,73.91,2.7
1981,206,18.01,15.6,22.06,164.12,0,74.49,3.37
1981,207,16.77,14.22,22.16,164.8,0,75.2,3.05
1981,208,16.96,12.3,21.48,97.12,0,71.97,2.7
1981,209,16.78,14.6,20.27,100.08,0,75.65,3.99
1981,210,16.67,13.6,21.41,84.46,0,77.88,2.76
1981,211,17.75,12.74,24.26,309.83,0,75.95,2.78
1981,212,18.63,12.91,25.69,320.4,0,71.32,2.99
1981,213,17.26,14.02,21.61,108.1,0,75.7,3.71
1981,214,17.03,13.91,20.32,245.22,0.1,76.65,5.05
1981,215,15.78,15.4,16.35,340.3,0,84.12,3.86
1981,216,18.93,14.78,24.08,340.3,1.72,77.88,3.64
1981,217,18.93,14.78,24.08,340.3,1.72,75.95,3.64
1981,218,18.93,14.78,24.08,340.3,1.72,71.32,3.64
1981,219,18.93,14.78,24.08,340.3,1.72,75.7,3.64
1981,220,19.19,16.1,22.77,340.3,0,60.43,3.98
1981,221,16.3,14.35,19.47,99.72,1.5,82.14,3.25
1981,222,17.41,14.54,21.9,340.3,0,74.2,3.32
1981,223,17.26,13.47,21.84,340.3,0,70.81,2.72
1981,224,16.43,11.83,22.03,340.3,0,69.39,2.8
1981,225,17.57,11.74,23.44,340.3,0,67.25,3.53
1981,226,18.23,12.32,24.09,340.3,0,66.17,3.32
1981,227,19.11,13.96,24.68,340.3,0,69.91,3.56
1981,228,18.74,15.68,22.93,340.3,0,69.27,3.69
1981,229,18.19,14.99,22.6,340.3,0,70.44,3.82
1981,230,17.99,14.35,23.52,340.3,0,68.34,4.51
1981,231,18.84,13.73,25.12,340.3,0,60.16,3.04
1981,232,19.25,12.04,25.81,340.3,0,51.77,3.25
1981,233,19.13,12.72,24.83,340.3,0,55.64,3.8
1981,234,20.08,15.13,25.93,340.3,0,60.22,3.34
1981,235,18.24,12.75,24.9,278.29,0,66.35,3.65
1981,236,18.13,13.52,24.14,286.17,0,67.29,3.42
1981,237,18.43,12.48,24.75,339.26,0,67.22,3.85
1981,238,19.73,14.79,25.96,370.39,0,61.21,3.94
1981,239,19.43,14.24,26.09,348.37,0,62.14,3.64
1981,240,18.38,14.17,23.01,204.73,0,66.11,4.3
1981,241,18.08,13.66,22.52,203.21,0,65.33,4.51
1981,242,18.02,15.12,21.84,184.28,0,72.23,4.32
1981,243,18.07,15.24,22.71,132.61,0,72.33,3.66
1981,244,18.87,15.46,23.51,134.25,0,70.98,3.71
1981,245,18.68,15.53,23.49,177.46,0,71.85,3.22
1981,246,18.9,12.73,25.89,309.28,0,65.73,3.63
1981,247,18.78,14.35,24.48,183.69,0,65.77,3.56
1981,248,19.63,13.74,25.63,239.41,0,65.78,3.22
1981,249,20.42,13.62,26.98,276.93,0,59.99,2.42
1981,250,18.55,15.47,24.24,183.01,23.2,79.81,2.36
1981,251,17.83,15.35,20.88,216.31,1.5,84.97,3.37
1981,252,17.63,15.18,20.3,237.69,0,79.53,3.56
1981,253,18.7,13.12,24.8,304.84,0,69.46,3.47
1981,254,19.63,15.06,25.4,286.39,0,68.96,3.1
1981,255,20.1,15.27,26.39,311.18,0,70.71,2.69
1981,256,18.54,15.58,23.43,212.37,0,78.29,3.58
1981,257,19.3,15.09,24.61,303.08,0,61.66,4.59
1981,258,18.25,15.11,22.31,305.08,0,70.57,3.47
1981,259,19.19,13.58,25.41,335.8,0,67.65,3.06
1981,260,20.08,15.78,27.18,352.88,7.9,69.76,3.16
1981,261,19.27,15.2,24.9,296.61,0,71.05,3.53
1981,262,19.43,14.03,24.85,321.49,0,70.28,3.57
1981,263,20.13,15.04,27.25,425.01,0,68.7,2.81
1981,264,20.11,14.46,26.74,335.61,0,68.67,3.61
1981,265,20.33,15.96,25.85,292.61,0,63.45,4.06
1981,266,19.54,15.6,24.75,214.41,0,65.68,4.21
1981,267,18.87,16.08,24.31,306.57,0,72.24,4.2
1981,268,20.51,14.71,27.22,310.98,0,58.63,3.17
1981,269,20.23,13.96,27.28,291.16,0,64.9,2.78
1981,270,20.27,14.8,26.27,303.74,0,67.24,3.51
1981,271,18.89,16.03,22.69,79.8,0,71.98,3.83
1981,272,19.89,13.95,26.59,315.98,0,67.54,3.7
1981,273,19.74,15.23,26.4,221.85,0,71.17,4.05
1981,274,20.87,16.39,27.58,279.48,0,66.11,3.52
1981,275,20.79,14.59,27.58,290.74,0,61.65,3.22
1981,276,18.98,12.25,25.45,355.89,0,61.51,3.36
1981,277,17.97,16.28,21.07,340.3,0,79.37,4.62
1981,278,18.71,15.17,23.32,340.3,0.1,73.05,3.82
1981,279,20.09,15.8,26.43,340.3,0,67.62,4.09
1981,280,20.12,14.92,26.08,340.3,0,59.02,3.57
1981,281,20.74,13.07,27.9,340.3,0,56.38,3.34
1981,282,21.15,14.46,27.94,340.3,0,61.27,4.24
1981,283,20.8,16.31,27.4,340.3,0,66.42,5.2
1981,284,20.65,14.57,26.53,340.3,0,61.27,4.42
1981,285,21.22,14.61,27.95,29.44,0,58.16,4.01
1981,286,22.07,14.44,29.04,427.23,0,57.17,3.61
1981,287,22.09,16.24,28.14,428.3,0,64.39,5.2
1981,288,21.94,17.65,27.56,348.26,0,67.16,5.57
1981,289,20.65,16.41,25.56,391.86,0.5,73,4.75
1981,290,20.59,17,26.7,287.02,0.1,72.18,3.44
1981,291,21.14,17.4,25.88,391.89,0,71.74,4.22
1981,292,19.67,16.88,24.57,333,0.9,79.34,4.75
1981,293,19.63,14.75,24.34,333.2,0,70.86,3.97
1981,294,20.13,15.77,25.43,317.38,0,68.67,4.18
1981,295,21.29,16.21,26.31,335.48,0,56.17,3.38
1981,296,20.92,15.51,26.96,386.79,0,56.58,3.52
1981,297,21.26,15.27,26.84,361.83,0,62.73,3.41
1981,298,21.43,17.08,26.31,373.89,0,67.31,4.54
1981,299,19.75,16.89,24.27,302.02,1.9,76.47,4.64
1981,300,19.99,16.11,24.47,275.17,0,70.49,3.55
1981,301,20.44,15.29,26.18,299.92,0,67.55,3.87
1981,302,20.44,16.2,25.09,293.17,0,66.86,3.74
1981,303,19.84,16.07,25.11,320.12,0,72.71,4.13
1981,304,19.58,16.66,24.13,286.44,4.5,78.4,4.26
1981,305,20.19,15.98,25.04,301.58,0,72.37,3.77
1981,306,18.89,16.55,22.21,304.4,32.9,85.22,3.63
1981,307,18.28,16.62,22.5,326.5,8.3,88.67,3.3
1981,308,18.22,15.53,21.34,294.16,8.6,84.66,3.2
1981,309,18.8,16.42,23.16,313,7.2,85.41,3
1981,310,19.32,16.17,24.13,442.3,28.39,81.98,3.32
1981,311,19.12,15.6,23.81,471.37,35.8,82.53,2.9
1981,312,18.59,16.89,21.94,329.38,3.1,88.16,3.48
1981,313,19.14,15.53,23.06,388.75,0,78.03,3.7
1981,314,18.8,16.01,22.5,265.7,17.8,85.21,3.72
1981,315,18.04,15.14,21.42,278.59,11.1,87.17,4.04
1981,316,18.82,16.5,23.13,342.78,4.4,86.05,3.73
1981,317,18.97,16.48,22.72,418.36,3.9,87.41,4.58
1981,318,18.57,16.33,23.09,332.43,22.2,89.79,2.51
1981,319,18.42,16.63,22.5,327.11,5.7,89.16,3.26
1981,320,18.56,16.26,22.07,379.33,6.6,87.77,3.73
1981,321,18.58,16.27,22.19,301.92,2.5,87.67,3.39
1981,322,19.16,16.24,23.04,360.37,1.74,82.42,3.52
1981,323,19.33,16.45,23.33,426.02,1.4,82.05,3.47
1981,324,18.81,15.89,23.3,398.04,0.4,85.17,3.46
1981,325,18.89,16.91,22.18,319.64,14.2,87.74,3.58
1981,326,18.29,16.52,21.89,360.61,8.7,91.68,4.05
1981,327,18.41,16.01,21.81,332.88,3.6,87.89,4.08
1981,328,18.6,16.2,22.59,392.39,9,87.44,3.59
1981,329,18.63,16.17,22.4,319.92,6.8,87.22,2.76
1981,330,18.31,15.64,21.96,339,8.4,89.85,3.28
1981,331,19.47,15.78,24.04,471.51,2.6,77.23,3.81
1981,332,19.07,16.67,23.43,349.55,0,83.95,3.15
1981,333,19.54,16.52,23.98,498.21,0,75.99,3.76
1981,334,19.2,15.46,23.4,483.41,0,72.17,3.74
1981,335,19.08,14.87,23.94,461.96,0,71.36,3.2
1981,336,19.51,14.76,24.39,411.98,0,75.32,3.14
1981,337,19.26,16.65,23.41,401.68,0,82.54,3.88
1981,338,18.98,15.93,23.5,363.5,0,80.18,3.54
1981,339,19.21,15.7,24.03,404.09,0,75.45,2.89
1981,340,19.08,16.36,23.58,383.18,0,79.45,2.86
1981,341,19.16,13.78,24.68,473.77,0,76.59,2.78
1981,342,19.31,14.63,24.83,446.49,0,70.69,2.85
1981,343,18.69,14.4,23.86,398.57,0,78.08,2.72
1981,344,19.39,16.5,23.57,397.26,0.8,80.59,4.16
1981,345,19.18,15.52,23.85,396.18,0.1,80.1,3.6
1981,346,19.24,15,24.28,353.75,0,81.24,2.85
1981,347,19.64,15.87,24.75,349.7,0,82.55,2.64
1981,348,19.65,17.22,23.88,355.75,0.1,85.12,3.01
1981,349,18.97,16.04,22.86,373.16,4.7,87.32,4.19
1981,350,18.27,16.3,21.59,235.59,0,85.91,4.21
1981,351,18.93,15.66,23.38,376.45,0,79.05,3.99
1981,352,18.79,15.6,23.31,400.29,0.1,80.3,3.54
1981,353,19.29,16.03,23.73,350.94,0,76.19,2.57
1981,354,18.81,14.53,23.85,403.15,0,78.18,2.74
1981,355,19.55,15.62,24.47,407.99,0,74.8,3.57
1981,356,19.31,15.92,23.7,323.94,2.2,83.67,3.45
1981,357,18.94,16.36,23.24,309.77,6.7,86.91,3.82
1981,358,20.22,16.91,24.8,409.78,0.7,81.63,3.41
1981,359,20.3,17.16,25.01,417.6,0,83.61,3.95
1981,360,18.96,16.81,22.36,248.07,0.6,86.86,4.58
1981,361,18.91,14.84,23.14,434.42,0,73.13,3.85
1981,362,19.96,15.72,24.86,444.77,0,68.75,3.05
1981,363,20.22,15.6,25.2,410.62,0,77.61,2.63
1981,364,20.21,16.76,25.21,330.63,0,81.03,3.1
1981,365,20.6,17.19,25.44,386.32,0,78.05,2.63
1982,1,19.25,14.12,24.18,280.23,0,62.72,4.63
1982,2,17.98,13.75,23.01,211.09,0.1,72.71,4.88
1982,3,17.25,15.45,20.82,214.32,10.62,87.78,5.48
1982,4,16.94,15.21,19.18,103.83,4.8,89.25,4.65
1982,5,17.62,14.54,21.55,274.51,0.2,77.42,4.38
1982,6,19.42,13.57,24.66,376.05,0,56.91,3.87
1982,7,19.6,14.23,24.56,355.46,0,60.44,4.2
1982,8,19.01,13.81,24.6,361.29,0,73.27,4.48
1982,9,19.48,16.27,24.33,277.82,0,74.98,5.09
1982,10,19.17,15.9,23.54,312.8,0,73.78,4.69
1982,11,19.18,14.34,24.06,300.67,0,70.07,4.13
1982,12,19.84,14.59,25.32,365.58,0,64.35,4.95
1982,13,19.68,13.39,25.11,359.62,0,57.99,4.46
1982,14,19.45,13.8,24.51,341.86,0,57.68,3.85
1982,15,19.78,13.98,24.89,349.03,0,53.19,4.17
1982,16,19.6,14.32,24.98,347.23,0,58.45,4.01
1982,17,19.44,13.62,24.81,280.46,0,61.1,4.05
1982,18,21.2,14.54,27.44,350.85,0,39.06,3.88
1982,19,21.45,15.57,27.25,356.5,0,43.76,3.63
1982,20,20.97,15.4,26.66,353.82,0,53.2,4.18
1982,21,20.88,14.6,26.14,356.25,0,51.04,4.37
1982,22,20.5,16.16,24.79,235.94,0,54.3,4.54
1982,23,20.05,16.04,24.84,262.47,0,65.03,4.02
1982,24,20.01,14.81,25.45,300.24,0,64.15,4.56
1982,25,20.9,14.87,26.58,352.5,0,58.19,4.1
1982,26,18.93,14.78,24.08,340.3,1.72,63.2328,3.64
1982,27,18.93,14.78,24.08,340.3,1.72,63.253312,3.64
1982,28,18.93,14.78,24.08,340.3,1.72,62.87504448,3.64
1982,29,18.93,14.78,24.08,340.3,1.72,61.87884626,3.64
1982,30,18.93,14.78,24.08,340.3,1.72,60.78400011,3.64
1982,31,18.93,14.78,24.08,340.3,1.72,60.11856011,3.64
1982,32,18.93,14.78,24.08,340.3,1.72,60.24690252,3.64
1982,33,18.93,14.78,24.08,340.3,1.72,60.23917862,3.64
1982,34,18.93,14.78,24.08,340.3,1.72,59.71794576,3.64
1982,35,18.93,14.78,24.08,340.3,1.72,59.10746359,3.64
1982,36,18.93,14.78,24.08,340.3,1.72,58.52056214,3.64
1982,37,18.93,14.78,24.08,340.3,1.72,58.05858462,3.64
1982,38,18.93,14.78,24.08,340.3,1.72,57.80692801,3.64
1982,39,18.93,14.78,24.08,340.3,1.72,57.79960513,3.64
1982,40,18.93,14.78,24.08,340.3,1.72,57.80438933,3.64
1982,41,18.93,14.78,24.08,340.3,1.72,57.98896491,3.64
1982,42,18.93,14.78,24.08,340.3,1.72,57.9705235,3.64
1982,43,18.93,14.78,24.08,340.3,1.72,57.84534444,3.64
1982,44,18.93,14.78,24.08,340.3,1.72,58.59675822,3.64
1982,45,18.93,14.78,24.08,340.3,1.72,59.19022855,3.64
1982,46,18.93,14.78,24.08,340.3,1.72,59.42983769,3.64
1982,47,18.93,14.78,24.08,340.3,1.72,59.7654312,3.64
1982,48,18.93,14.78,24.08,340.3,1.72,59.98404845,3.64
1982,49,18.93,14.78,24.08,340.3,1.72,59.78221039,3.64
1982,50,18.93,14.78,24.08,340.3,1.72,59.6074988,3.64
1982,51,18.93,14.78,24.08,340.3,1.72,59.66419875,3.64
1982,52,18.93,14.78,24.08,340.3,1.72,59.5214547,3.64
1982,53,18.93,14.78,24.08,340.3,1.72,59.37218041,3.64
1982,54,18.93,14.78,24.08,340.3,1.72,59.23206585,3.64
1982,55,18.93,14.78,24.08,340.3,1.72,59.12619463,3.64
1982,56,18.93,14.78,24.08,340.3,1.72,59.05988241,3.64
1982,57,18.93,14.78,24.08,340.3,1.72,59.01753531,3.64
1982,58,18.93,14.78,24.08,340.3,1.72,58.96836062,3.64
1982,59,18.93,14.78,24.08,340.3,1.72,58.9175279,3.64
1982,60,18.93,14.78,24.08,352.06,1.72,58.88551118,3.47
1982,61,18.93,14.78,24.08,352.06,1.72,58.87663309,3.47
1982,62,18.93,14.78,24.08,352.06,1.72,58.89087592,3.47
1982,63,18.93,14.78,24.08,352.06,1.72,58.92416758,3.47
1982,64,18.93,14.78,24.08,352.06,1.72,58.96885716,3.47
1982,65,18.93,14.78,24.08,352.06,1.72,59.01562724,3.47
1982,66,18.93,14.78,24.08,352.06,1.72,59.06407676,3.47
1982,67,18.93,14.78,24.08,352.06,1.72,59.10708123,3.47
1982,68,18.93,14.78,24.08,352.06,1.72,59.15254354,3.47
1982,69,18.93,14.78,24.08,352.06,1.72,59.2048315,3.47
1982,70,18.93,14.78,24.08,352.06,1.72,59.22915443,3.47
1982,71,18.93,14.78,24.08,352.06,1.72,59.23071147,3.47
1982,72,18.93,14.78,24.08,352.06,1.72,59.22274642,3.47
1982,73,18.93,14.78,24.08,352.06,1.72,59.20103903,3.47
1982,74,18.93,14.78,24.08,352.06,1.72,59.16971865,3.47
1982,75,18.93,14.78,24.08,352.06,1.72,59.14521898,3.47
1982,76,18.93,14.78,24.08,352.06,1.72,59.12672779,3.47
1982,77,18.93,14.78,24.08,352.06,1.72,59.10522895,3.47
1982,78,18.93,14.78,24.08,352.06,1.72,59.08857992,3.47
1982,79,18.93,14.78,24.08,352.06,1.72,59.0772359,3.47
1982,80,18.93,14.78,24.08,352.06,1.72,59.07104271,3.47
1982,81,18.93,14.78,24.08,352.06,1.72,59.06883663,3.47
1982,82,18.93,14.78,24.08,352.06,1.72,59.0691948,3.47
1982,83,18.93,14.78,24.08,352.06,1.72,59.07126118,3.47
1982,84,18.93,14.78,24.08,352.06,1.72,59.0753772,3.47
1982,85,18.93,14.78,24.08,352.06,1.72,59.08169117,3.47
1982,86,18.93,14.78,24.08,352.06,1.72,59.08953837,3.47
1982,87,18.93,14.78,24.08,352.06,1.72,59.09805458,3.47
1982,88,18.93,14.78,24.08,352.06,1.72,59.10634173,3.47
1982,89,18.93,14.78,24.08,352.06,1.72,59.11362869,3.47
1982,90,18.93,14.78,24.08,352.06,1.72,59.11941956,3.47
1982,91,18.93,14.78,24.08,352.06,1.72,59.12357125,3.47
1982,92,18.93,14.78,24.08,352.06,1.72,59.12595103,3.47
1982,93,18.93,14.78,24.08,352.06,1.72,59.12670582,3.47
1982,94,18.93,14.78,24.08,352.06,1.72,59.12567231,3.47
1982,95,18.93,14.78,24.08,352.06,1.72,59.12250594,3.47
1982,96,18.93,14.78,24.08,352.06,1.72,59.11824,3.47
1982,97,18.93,14.78,24.08,352.06,1.72,59.11374114,3.47
1982,98,18.93,14.78,24.08,352.06,1.72,59.10938093,3.47
1982,99,18.93,14.78,24.08,352.06,1.72,59.10571461,3.47
1982,100,18.93,14.78,24.08,352.06,1.72,59.10315445,3.47
1982,101,18.93,14.78,24.08,352.06,1.72,59.10147187,3.47
1982,102,18.93,14.78,24.08,352.06,1.72,59.10046163,3.47
1982,103,18.93,14.78,24.08,352.06,1.72,59.10027094,3.47
1982,104,18.93,14.78,24.08,352.06,1.72,59.10073858,3.47
1982,105,18.93,14.78,24.08,352.06,1.72,59.10167868,3.47
1982,106,18.93,14.78,24.08,352.06,1.72,59.10290412,3.47
1982,107,18.93,14.78,24.08,352.06,1.72,59.10426682,3.47
1982,108,18.93,14.78,24.08,352.06,1.72,59.1056697,3.47
1982,109,22.3,22.3,22.3,352.06,0,64.7,3.47
1982,110,21.07,17,24.09,352.06,0,71.13,3.74
1982,111,20.16,17.07,25.36,352.06,1,80.23,2.82
1982,112,18.06,16.81,19.59,352.06,17.06,92.29,2.83
1982,113,19.19,15.33,23.64,352.06,0,80.92,2.44
1982,114,20.13,17.32,24.31,352.06,0,81.88,2.65
1982,115,18.92,15.95,22.83,352.06,5.1,86.61,2.42
1982,116,18.55,16.41,22.86,352.06,35,89.17,1.62
1982,117,19.06,15.7,23.06,352.06,0.1,80.9,2.39
1982,118,17.85,16.69,20.08,352.06,11.7,90.83,2.03
1982,119,18.04,15.51,21.49,352.06,0,85.63,2.1
1982,120,18.66,16.79,22.47,352.06,14.3,87.36,2.18
1982,121,18.02,16.16,20.28,352.06,22.6,89.17,2.66
1982,122,18.54,14.62,22.18,352.06,0.6,84.6,2.64
1982,123,18.27,16.54,21.52,352.06,0.1,89.09,3.64
1982,124,18.61,15.12,23.36,352.06,0,83.58,1.96
1982,125,18.67,14.48,23.52,352.06,0,82.14,2.29
1982,126,18.86,15.23,23.42,352.06,0,82.42,2.8
1982,127,18.79,15.61,23.07,352.06,0,83.04,2.71
1982,128,19.09,15.8,23.44,352.06,0,81.1,2.44
1982,129,18.17,16.24,21.58,352.06,0.1,86.29,3.69
1982,130,18.56,16.06,22.68,352.06,0,81.82,3.32
1982,131,18.15,15.1,22.15,352.06,0,82.4,3.2
1982,132,18.06,14.02,23.32,352.06,0,80.69,2.41
1982,133,19.24,15.48,24.25,352.06,0,80.52,2.45
1982,134,19.23,16.33,24.04,352.06,0,79.02,3.41
1982,135,18.59,14.77,23.4,352.06,0,80.56,2.58
1982,136,18.6,14.35,23.74,352.06,0,75.81,2.95
1982,137,19.07,15.98,23.06,352.06,0,78.16,2.98
1982,138,18.29,13.91,22.89,352.06,0,81.01,2.73
1982,139,18.37,14.63,23.8,352.06,0,79.61,2.45
1982,140,19.41,13.13,26.12,352.06,0,72.85,2.35
1982,141,19.27,13.3,24.7,352.06,0,73.65,2.67
1982,142,19.83,15.97,25.45,352.06,0,76.68,2.49
1982,143,19.78,16.04,24.78,352.06,0,77.59,3.21
1982,144,18.99,14.96,23.77,352.06,0,73.95,3.17
1982,145,19.11,14.58,23.87,352.06,0,72.29,3.33
1982,146,18,14.1,22.59,352.06,0,75.42,3.35
1982,147,16.64,12.72,21.05,352.06,0.3,82.01,3.15
1982,148,17.5,14.02,22.45,352.06,0.1,80.72,3.26
1982,149,16.53,14.07,19.75,352.06,2.6,89.1,3.74
1982,150,17.26,13.76,20.82,352.06,0,82.09,2.58
1982,151,18.19,15.48,23.03,165.37,0,78.43,2.52
1982,152,19.1,14.83,24.04,252.18,0,74.88,3.37
1982,153,19.11,15.58,23.99,273.08,2.6,76.13,3.6
1982,154,18,14.69,22.03,69.78,0,80.43,3.46
1982,155,17.66,13.89,22.83,199.47,0,79.68,3.11
1982,156,19.15,14.11,24.66,306.03,0,72.1,2.52
1982,157,18.83,15.25,23.88,200.96,0.2,76.26,3.01
1982,158,18.95,13.44,24.91,360.35,0,62.02,2.54
1982,159,19.36,12.31,26.04,365.95,0,64.25,2.55
1982,160,18.79,15.88,23.8,229.63,0,75.18,3.93
1982,161,18.3,13.62,24.32,251.44,0,74.56,2.85
1982,162,19.59,14.98,24.61,351.39,0,63.15,2.73
1982,163,19.64,14.92,24.48,241.6,0.2,63.95,2.52
1982,164,17.84,13.52,22.29,190.26,0,74.48,2.64
1982,165,18.81,14.98,25.01,245.06,0,78.03,2.24
1982,166,17.89,14.88,21.55,141.38,0,77.07,2.1
1982,167,18.54,14.65,23.95,188.56,0,74.76,2.65
1982,168,16.83,14.59,19.37,54.07,0,80.78,3.03
1982,169,17.38,13.35,22.42,172.24,0,74.23,2.81
1982,170,17.84,12.97,22.96,224.37,0,73.04,2.49
1982,171,18.42,14.65,22.7,138.18,0,77.27,2.83
1982,172,17.83,15.91,20.93,191.66,0,79.93,3.14
1982,173,17.11,14.77,20.05,117.71,0,78.53,2.92
1982,174,16.87,15.44,18.65,61.62,0,81.36,3.27
1982,175,17.72,14.23,22.8,198.47,0,69.59,2.7
1982,176,18.16,13.41,24.21,249.27,0,60.96,2.39
1982,177,16.67,13.5,21.31,115.2,0,76.59,2.67
1982,178,16.59,13.91,20.48,94.91,0,79.69,2.63
1982,179,17.33,12.34,22.77,236.09,0,73.82,2.46
1982,180,16.34,13.54,19.66,114.41,0,79.4,2.51
1982,181,17.5,14.71,21.1,109.4,0,75.77,3.1
1982,182,17.09,14.5,20.39,26.13,0,79.28,3.5
1982,183,16.91,14.71,19.95,85.05,0,75.76,3.45
1982,184,17.14,13.46,21.06,61.39,0,73.3,3.53
1982,185,16.5,13.97,19.82,167.11,0,73.98,3.97
1982,186,15.27,12.43,18.94,12.18,0,79.14,2.19
1982,187,18.06,15.84,19.51,95.63,0,66.31,4.78
1982,188,16.23,14.2,18.34,100.56,0,71.89,4.13
1982,189,16.26,12.37,20.81,159.02,0,72.12,3.26
1982,190,16.77,11.2,23.56,248.11,0,72.19,2.32
1982,191,18.69,10.53,26.26,315.31,0,65.96,2.48
1982,192,18.73,13.05,25.43,289.71,0,67.15,2.61
1982,193,16.82,13.68,20.29,189.55,0,74.61,3
1982,194,16.93,12.67,20.86,192.7,0,72.44,3.07
1982,195,18.08,13.39,23.37,212.77,0,65.2,3.12
1982,196,17.13,12.58,22.48,132.91,0,70.3,2.48
1982,197,16.52,12.53,20.62,203.16,0,72.56,2.49
1982,198,15.86,11.93,19.8,67.65,0,73.96,2.59
1982,199,16.31,12.25,21.51,91.4,0,71.79,3.25
1982,200,16.74,12.41,21.45,65.78,0,73.66,2.79
1982,201,18.82,12.14,25.91,312.23,0,61.97,2.95
1982,202,18.53,13.18,24.25,317.92,0,62.06,3.24
1982,203,17.85,14.49,22.47,64.01,0,70.11,3.15
1982,204,17.62,14.85,21.88,183.78,0,74.82,3.76
1982,205,17.38,13.13,21.38,87.99,0,73.91,2.7
1982,206,18.01,15.6,22.06,164.12,0,74.49,3.37
1982,207,16.77,14.22,22.16,164.8,0,75.2,3.05
1982,208,16.96,12.3,21.48,97.12,0,71.97,2.7
1982,209,16.78,14.6,20.27,100.08,0,75.65,3.99
1982,210,16.67,13.6,21.41,84.46,0,77.88,2.76
1982,211,17.75,12.74,24.26,309.83,0,75.95,2.78
1982,212,18.63,12.91,25.69,320.4,0,71.32,2.99
1982,213,17.26,14.02,21.61,108.1,0,75.7,3.71
1982,214,17.03,13.91,20.32,245.22,0.1,76.65,5.05
1982,215,15.78,15.4,16.35,340.3,0,84.12,3.86
1982,216,18.93,14.78,24.08,340.3,1.72,77.88,3.64
1982,217,18.93,14.78,24.08,340.3,1.72,75.95,3.64
1982,218,18.93,14.78,24.08,340.3,1.72,71.32,3.64
1982,219,18.93,14.78,24.08,340.3,1.72,75.7,3.64
1982,220,19.19,16.1,22.77,340.3,0,60.43,3.98
1982,221,16.3,14.35,19.47,99.72,1.5,82.14,3.25
1982,222,17.41,14.54,21.9,340.3,0,74.2,3.32
1982,223,17.26,13.47,21.84,340.3,0,70.81,2.72
1982,224,16.43,11.83,22.03,340.3,0,69.39,2.8
1982,225,17.57,11.74,23.44,340.3,0,67.25,3.53
1982,226,18.23,12.32,24.09,340.3,0,66.17,3.32
1982,227,19.11,13.96,24.68,340.3,0,69.91,3.56
1982,228,18.74,15.68,22.93,340.3,0,69.27,3.69
1982,229,18.19,14.99,22.6,340.3,0,70.44,3.82
1982,230,17.99,14.35,23.52,340.3,0,68.34,4.51
1982,231,18.84,13.73,25.12,340.3,0,60.16,3.04
1982,232,19.25,12.04,25.81,340.3,0,51.77,3.25
1982,233,19.13,12.72,24.83,340.3,0,55.64,3.8
1982,234,20.08,15.13,25.93,340.3,0,60.22,3.34
1982,235,18.24,12.75,24.9,278.29,0,66.35,3.65
1982,236,18.13,13.52,24.14,286.17,0,67.29,3.42
1982,237,18.43,12.48,24.75,339.26,0,67.22,3.85
1982,238,19.73,14.79,25.96,370.39,0,61.21,3.94
1982,239,19.43,14.24,26.09,348.37,0,62.14,3.64
1982,240,18.38,14.17,23.01,204.73,0,66.11,4.3
1982,241,18.08,13.66,22.52,203.21,0,65.33,4.51
1982,242,18.02,15.12,21.84,184.28,0,72.23,4.32
1982,243,18.07,15.24,22.71,132.61,0,72.33,3.66
1982,244,18.87,15.46,23.51,134.25,0,70.98,3.71
1982,245,18.68,15.53,23.49,177.46,0,71.85,3.22
1982,246,18.9,12.73,25.89,309.28,0,65.73,3.63
1982,247,18.78,14.35,24.48,183.69,0,65.77,3.56
1982,248,19.63,13.74,25.63,239.41,0,65.78,3.22
1982,249,20.42,13.62,26.98,276.93,0,59.99,2.42
1982,250,18.55,15.47,24.24,183.01,23.2,79.81,2.36
1982,251,17.83,15.35,20.88,216.31,1.5,84.97,3.37
1982,252,17.63,15.18,20.3,237.69,0,79.53,3.56
1982,253,18.7,13.12,24.8,304.84,0,69.46,3.47
1982,254,19.63,15.06,25.4,286.39,0,68.96,3.1
1982,255,20.1,15.27,26.39,311.18,0,70.71,2.69
1982,256,18.54,15.58,23.43,212.37,0,78.29,3.58
1982,257,19.3,15.09,24.61,303.08,0,61.66,4.59
1982,258,18.25,15.11,22.31,305.08,0,70.57,3.47
1982,259,19.19,13.58,25.41,335.8,0,67.65,3.06
1982,260,20.08,15.78,27.18,352.88,7.9,69.76,3.16
1982,261,19.27,15.2,24.9,296.61,0,71.05,3.53
1982,262,19.43,14.03,24.85,321.49,0,70.28,3.57
1982,263,20.13,15.04,27.25,425.01,0,68.7,2.81
1982,264,20.11,14.46,26.74,335.61,0,68.67,3.61
1982,265,20.33,15.96,25.85,292.61,0,63.45,4.06
1982,266,19.54,15.6,24.75,214.41,0,65.68,4.21
1982,267,18.87,16.08,24.31,306.57,0,72.24,4.2
1982,268,20.51,14.71,27.22,310.98,0,58.63,3.17
1982,269,20.23,13.96,27.28,291.16,0,64.9,2.78
1982,270,20.27,14.8,26.27,303.74,0,67.24,3.51
1982,271,18.89,16.03,22.69,79.8,0,71.98,3.83
1982,272,19.89,13.95,26.59,315.98,0,67.54,3.7
1982,273,19.74,15.23,26.4,221.85,0,71.17,4.05
1982,274,20.87,16.39,27.58,279.48,0,66.11,3.52
1982,275,20.79,14.59,27.58,290.74,0,61.65,3.22
1982,276,18.98,12.25,25.45,355.89,0,61.51,3.36
1982,277,17.97,16.28,21.07,340.3,0,79.37,4.62
1982,278,18.71,15.17,23.32,340.3,0.1,73.05,3.82
1982,279,20.09,15.8,26.43,340.3,0,67.62,4.09
1982,280,20.12,14.92,26.08,340.3,0,59.02,3.57
1982,281,20.74,13.07,27.9,340.3,0,56.38,3.34
1982,282,21.15,14.46,27.94,340.3,0,61.27,4.24
1982,283,20.8,16.31,27.4,340.3,0,66.42,5.2
1982,284,20.65,14.57,26.53,340.3,0,61.27,4.42
1982,285,21.22,14.61,27.95,29.44,0,58.16,4.01
1982,286,22.07,14.44,29.04,427.23,0,57.17,3.61
1982,287,22.09,16.24,28.14,428.3,0,64.39,5.2
1982,288,21.94,17.65,27.56,348.26,0,67.16,5.57
1982,289,20.65,16.41,25.56,391.86,0.5,73,4.75
1982,290,20.59,17,26.7,287.02,0.1,72.18,3.44
1982,291,21.14,17.4,25.88,391.89,0,71.74,4.22
1982,292,19.67,16.88,24.57,333,0.9,79.34,4.75
1982,293,19.63,14.75,24.34,333.2,0,70.86,3.97
1982,294,20.13,15.77,25.43,317.38,0,68.67,4.18
1982,295,21.29,16.21,26.31,335.48,0,56.17,3.38
1982,296,20.92,15.51,26.96,386.79,0,56.58,3.52
1982,297,21.26,15.27,26.84,361.83,0,62.73,3.41
1982,298,21.43,17.08,26.31,373.89,0,67.31,4.54
1982,299,19.75,16.89,24.27,302.02,1.9,76.47,4.64
1982,300,19.99,16.11,24.47,275.17,0,70.49,3.55
1982,301,20.44,15.29,26.18,299.92,0,67.55,3.87
1982,302,20.44,16.2,25.09,293.17,0,66.86,3.74
1982,303,19.84,16.07,25.11,320.12,0,72.71,4.13
1982,304,19.58,16.66,24.13,286.44,4.5,78.4,4.26
1982,305,20.19,15.98,25.04,301.58,0,72.37,3.77
1982,306,18.89,16.55,22.21,304.4,32.9,85.22,3.63
1982,307,18.28,16.62,22.5,326.5,8.3,88.67,3.3
1982,308,18.22,15.53,21.34,294.16,8.6,84.66,3.2
1982,309,18.8,16.42,23.16,313,7.2,85.41,3
1982,310,19.32,16.17,24.13,442.3,28.39,81.98,3.32
1982,311,19.12,15.6,23.81,471.37,35.8,82.53,2.9
1982,312,18.59,16.89,21.94,329.38,3.1,88.16,3.48
1982,313,19.14,15.53,23.06,388.75,0,78.03,3.7
1982,314,18.8,16.01,22.5,265.7,17.8,85.21,3.72
1982,315,18.04,15.14,21.42,278.59,11.1,87.17,4.04
1982,316,18.82,16.5,23.13,342.78,4.4,86.05,3.73
1982,317,18.97,16.48,22.72,418.36,3.9,87.41,4.58
1982,318,18.57,16.33,23.09,332.43,22.2,89.79,2.51
1982,319,18.42,16.63,22.5,327.11,5.7,89.16,3.26
1982,320,18.56,16.26,22.07,379.33,6.6,87.77,3.73
1982,321,18.58,16.27,22.19,301.92,2.5,87.67,3.39
1982,322,19.16,16.24,23.04,360.37,1.74,82.42,3.52
1982,323,19.33,16.45,23.33,426.02,1.4,82.05,3.47
1982,324,18.81,15.89,23.3,398.04,0.4,85.17,3.46
1982,325,18.89,16.91,22.18,319.64,14.2,87.74,3.58
1982,326,18.29,16.52,21.89,360.61,8.7,91.68,4.05
1982,327,18.41,16.01,21.81,332.88,3.6,87.89,4.08
1982,328,18.6,16.2,22.59,392.39,9,87.44,3.59
1982,329,18.63,16.17,22.4,319.92,6.8,87.22,2.76
1982,330,18.31,15.64,21.96,339,8.4,89.85,3.28
1982,331,19.47,15.78,24.04,471.51,2.6,77.23,3.81
1982,332,19.07,16.67,23.43,349.55,0,83.95,3.15
1982,333,19.54,16.52,23.98,498.21,0,75.99,3.76
1982,334,19.2,15.46,23.4,483.41,0,72.17,3.74
1982,335,19.08,14.87,23.94,461.96,0,71.36,3.2
1982,336,19.51,14.76,24.39,411.98,0,75.32,3.14
1982,337,19.26,16.65,23.41,401.68,0,82.54,3.88
1982,338,18.98,15.93,23.5,363.5,0,80.18,3.54
1982,339,19.21,15.7,24.03,404.09,0,75.45,2.89
1982,340,19.08,16.36,23.58,383.18,0,79.45,2.86
1982,341,19.16,13.78,24.68,473.77,0,76.59,2.78
1982,342,19.31,14.63,24.83,446.49,0,70.69,2.85
1982,343,18.69,14.4,23.86,398.57,0,78.08,2.72
1982,344,19.39,16.5,23.57,397.26,0.8,80.59,4.16
1982,345,19.18,15.52,23.85,396.18,0.1,80.1,3.6
1982,346,19.24,15,24.28,353.75,0,81.24,2.85
1982,347,19.64,15.87,24.75,349.7,0,82.55,2.64
1982,348,19.65,17.22,23.88,355.75,0.1,85.12,3.01
1982,349,18.97,16.04,22.86,373.16,4.7,87.32,4.19
1982,350,18.27,16.3,21.59,235.59,0,85.91,4.21
1982,351,18.93,15.66,23.38,376.45,0,79.05,3.99
1982,352,18.79,15.6,23.31,400.29,0.1,80.3,3.54
1982,353,19.29,16.03,23.73,350.94,0,76.19,2.57
1982,354,18.81,14.53,23.85,403.15,0,78.18,2.74
1982,355,19.55,15.62,24.47,407.99,0,74.8,3.57
1982,356,19.31,15.92,23.7,323.94,2.2,83.67,3.45
1982,357,18.94,16.36,23.24,309.77,6.7,86.91,3.82
1982,358,20.22,16.91,24.8,409.78,0.7,81.63,3.41
1982,359,20.3,17.16,25.01,417.6,0,83.61,3.95
1982,360,18.96,16.81,22.36,248.07,0.6,86.86,4.58
1982,361,18.91,14.84,23.14,434.42,0,73.13,3.85
1982,362,19.96,15.72,24.86,444.77,0,68.75,3.05
1982,363,20.22,15.6,25.2,410.62,0,77.61,2.63
1982,364,20.21,16.76,25.21,330.63,0,81.03,3.1
1982,365,20.6,17.19,25.44,386.32,0,78.05,2.63
1983,1,19.25,14.12,24.18,280.23,0,62.72,4.63
1983,2,17.98,13.75,23.01,211.09,0.1,72.71,4.88
1983,3,17.25,15.45,20.82,214.32,10.62,87.78,5.48
1983,4,16.94,15.21,19.18,103.83,4.8,89.25,4.65
1983,5,17.62,14.54,21.55,274.51,0.2,77.42,4.38
1983,6,19.42,13.57,24.66,376.05,0,56.91,3.87
1983,7,19.6,14.23,24.56,355.46,0,60.44,4.2
1983,8,19.01,13.81,24.6,361.29,0,73.27,4.48
1983,9,19.48,16.27,24.33,277.82,0,74.98,5.09
1983,10,19.17,15.9,23.54,312.8,0,73.78,4.69
1983,11,19.18,14.34,24.06,300.67,0,70.07,4.13
1983,12,19.84,14.59,25.32,365.58,0,64.35,4.95
1983,13,19.68,13.39,25.11,359.62,0,57.99,4.46
1983,14,19.45,13.8,24.51,341.86,0,57.68,3.85
1983,15,19.78,13.98,24.89,349.03,0,53.19,4.17
1983,16,19.6,14.32,24.98,347.23,0,58.45,4.01
1983,17,19.44,13.62,24.81,280.46,0,61.1,4.05
1983,18,21.2,14.54,27.44,350.85,0,39.06,3.88
1983,19,21.45,15.57,27.25,356.5,0,43.76,3.63
1983,20,20.97,15.4,26.66,353.82,0,53.2,4.18
1983,21,20.88,14.6,26.14,356.25,0,51.04,4.37
1983,22,20.5,16.16,24.79,235.94,0,54.3,4.54
1983,23,20.05,16.04,24.84,262.47,0,65.03,4.02
1983,24,20.01,14.81,25.45,300.24,0,64.15,4.56
1983,25,20.9,14.87,26.58,352.5,0,58.19,4.1
1983,26,18.93,14.78,24.08,340.3,1.72,63.2328,3.64
1983,27,18.93,14.78,24.08,340.3,1.72,63.253312,3.64
1983,28,18.93,14.78,24.08,340.3,1.72,62.87504448,3.64
1983,29,18.93,14.78,24.08,340.3,1.72,61.87884626,3.64
1983,30,18.93,14.78,24.08,340.3,1.72,60.78400011,3.64
1983,31,18.93,14.78,24.08,340.3,1.72,60.11856011,3.64
1983,32,18.93,14.78,24.08,340.3,1.72,60.24690252,3.64
1983,33,18.93,14.78,24.08,340.3,1.72,60.23917862,3.64
1983,34,18.93,14.78,24.08,340.3,1.72,59.71794576,3.64
1983,35,18.93,14.78,24.08,340.3,1.72,59.10746359,3.64
1983,36,18.93,14.78,24.08,340.3,1.72,58.52056214,3.64
1983,37,18.93,14.78,24.08,340.3,1.72,58.05858462,3.64
1983,38,18.93,14.78,24.08,340.3,1.72,57.80692801,3.64
1983,39,18.93,14.78,24.08,340.3,1.72,57.79960513,3.64
1983,40,18.93,14.78,24.08,340.3,1.72,57.80438933,3.64
1983,41,18.93,14.78,24.08,340.3,1.72,57.98896491,3.64
1983,42,18.93,14.78,24.08,340.3,1.72,57.9705235,3.64
1983,43,18.93,14.78,24.08,340.3,1.72,57.84534444,3.64
1983,44,18.93,14.78,24.08,340.3,1.72,58.59675822,3.64
1983,45,18.93,14.78,24.08,340.3,1.72,59.19022855,3.64
1983,46,18.93,14.78,24.08,340.3,1.72,59.42983769,3.64
1983,47,18.93,14.78,24.08,340.3,1.72,59.7654312,3.64
1983,48,18.93,14.78,24.08,340.3,1.72,59.98404845,3.64
1983,49,18.93,14.78,24.08,340.3,1.72,59.78221039,3.64
1983,50,18.93,14.78,24.08,340.3,1.72,59.6074988,3.64
1983,51,18.93,14.78,24.08,340.3,1.72,59.66419875,3.64
1983,52,18.93,14.78,24.08,340.3,1.72,59.5214547,3.64
1983,53,18.93,14.78,24.08,340.3,1.72,59.37218041,3.64
1983,54,18.93,14.78,24.08,340.3,1.72,59.23206585,3.64
1983,55,18.93,14.78,24.08,340.3,1.72,59.12619463,3.64
1983,56,18.93,14.78,24.08,340.3,1.72,59.05988241,3.64
1983,57,18.93,14.78,24.08,340.3,1.72,59.01753531,3.64
1983,58,18.93,14.78,24.08,340.3,1.72,58.96836062,3.64
1983,59,18.93,14.78,24.08,340.3,1.72,58.9175279,3.64
1983,60,18.93,14.78,24.08,352.06,1.72,58.88551118,3.47
1983,61,18.93,14.78,24.08,352.06,1.72,58.87663309,3.47
1983,62,18.93,14.78,24.08,352.06,1.72,58.89087592,3.47
1983,63,18.93,14.78,24.08,352.06,1.72,58.92416758,3.47
1983,64,18.93,14.78,24.08,352.06,1.72,58.96885716,3.47
1983,65,18.93,14.78,24.08,352.06,1.72,59.01562724,3.47
1983,66,18.93,14.78,24.08,352.06,1.72,59.06407676,3.47
1983,67,18.93,14.78,24.08,352.06,1.72,59.10708123,3.47
1983,68,18.93,14.78,24.08,352.06,1.72,59.15254354,3.47
1983,69,18.93,14.78,24.08,352.06,1.72,59.2048315,3.47
1983,70,18.93,14.78,24.08,352.06,1.72,59.22915443,3.47
1983,71,18.93,14.78,24.08,352.06,1.72,59.23071147,3.47
1983,72,18.93,14.78,24.08,352.06,1.72,59.22274642,3.47
1983,73,18.93,14.78,24.08,352.06,1.72,59.20103903,3.47
1983,74,18.93,14.78,24.08,352.06,1.72,59.16971865,3.47
1983,75,18.93,14.78,24.08,352.06,1.72,59.14521898,3.47
1983,76,18.93,14.78,24.08,352.06,1.72,59.12672779,3.47
1983,77,18.93,14.78,24.08,352.06,1.72,59.10522895,3.47
1983,78,18.93,14.78,24.08,352.06,1.72,59.08857992,3.47
1983,79,18.93,14.78,24.08,352.06,1.72,59.0772359,3.47
1983,80,18.93,14.78,24.08,352.06,1.72,59.07104271,3.47
1983,81,18.93,14.78,24.08,352.06,1.72,59.06883663,3.47
1983,82,18.93,14.78,24.08,352.06,1.72,59.0691948,3.47
1983,83,18.93,14.78,24.08,352.06,1.72,59.07126118,3.47
1983,84,18.93,14.78,24.08,352.06,1.72,59.0753772,3.47
1983,85,18.93,14.78,24.08,352.06,1.72,59.08169117,3.47
1983,86,18.93,14.78,24.08,352.06,1.72,59.08953837,3.47
1983,87,18.93,14.78,24.08,352.06,1.72,59.09805458,3.47
1983,88,18.93,14.78,24.08,352.06,1.72,59.10634173,3.47
1983,89,18.93,14.78,24.08,352.06,1.72,59.11362869,3.47
1983,90,18.93,14.78,24.08,352.06,1.72,59.11941956,3.47
1983,91,18.93,14.78,24.08,352.06,1.72,59.12357125,3.47
1983,92,18.93,14.78,24.08,352.06,1.72,59.12595103,3.47
1983,93,18.93,14.78,24.08,352.06,1.72,59.12670582,3.47
1983,94,18.93,14.78,24.08,352.06,1.72,59.12567231,3.47
1983,95,18.93,14.78,24.08,352.06,1.72,59.12250594,3.47
1983,96,18.93,14.78,24.08,352.06,1.72,59.11824,3.47
1983,97,18.93,14.78,24.08,352.06,1.72,59.11374114,3.47
1983,98,18.93,14.78,24.08,352.06,1.72,59.10938093,3.47
1983,99,18.93,14.78,24.08,352.06,1.72,59.10571461,3.47
1983,100,18.93,14.78,24.08,352.06,1.72,59.10315445,3.47
1983,101,18.93,14.78,24.08,352.06,1.72,59.10147187,3.47
1983,102,18.93,14.78,24.08,352.06,1.72,59.10046163,3.47
1983,103,18.93,14.78,24.08,352.06,1.72,59.10027094,3.47
1983,104,18.93,14.78,24.08,352.06,1.72,59.10073858,3.47
1983,105,18.93,14.78,24.08,352.06,1.72,59.10167868,3.47
1983,106,18.93,14.78,24.08,352.06,1.72,59.10290412,3.47
1983,107,18.93,14.78,24.08,352.06,1.72,59.10426682,3.47
1983,108,18.93,14.78,24.08,352.06,1.72,59.1056697,3.47
1983,109,22.3,22.3,22.3,352.06,0,64.7,3.47
1983,110,21.07,17,24.09,352.06,0,71.13,3.74
1983,111,20.16,17.07,25.36,352.06,1,80.23,2.82
1983,112,18.06,16.81,19.59,352.06,17.06,92.29,2.83
1983,113,19.19,15.33,23.64,352.06,0,80.92,2.44
1983,114,20.13,17.32,24.31,352.06,0,81.88,2.65
1983,115,18.92,15.95,22.83,352.06,5.1,86.61,2.42
1983,116,18.55,16.41,22.86,352.06,35,89.17,1.62
1983,117,19.06,15.7,23.06,352.06,0.1,80.9,2.39
1983,118,17.85,16.69,20.08,352.06,11.7,90.83,2.03
1983,119,18.04,15.51,21.49,352.06,0,85.63,2.1
1983,120,18.66,16.79,22.47,352.06,14.3,87.36,2.18
1983,121,18.02,16.16,20.28,352.06,22.6,89.17,2.66
1983,122,18.54,14.62,22.18,352.06,0.6,84.6,2.64
1983,123,18.27,16.54,21.52,352.06,0.1,89.09,3.64
1983,124,18.61,15.12,23.36,352.06,0,83.58,1.96
1983,125,18.67,14.48,23.52,352.06,0,82.14,2.29
1983,126,18.86,15.23,23.42,352.06,0,82.42,2.8
1983,127,18.79,15.61,23.07,352.06,0,83.04,2.71
1983,128,19.09,15.8,23.44,352.06,0,81.1,2.44
1983,129,18.17,16.24,21.58,352.06,0.1,86.29,3.69
1983,130,18.56,16.06,22.68,352.06,0,81.82,3.32
1983,131,18.15,15.1,22.15,352.06,0,82.4,3.2
1983,132,18.06,14.02,23.32,352.06,0,80.69,2.41
1983,133,19.24,15.48,24.25,352.06,0,80.52,2.45
1983,134,19.23,16.33,24.04,352.06,0,79.02,3.41
1983,135,18.59,14.77,23.4,352.06,0,80.56,2.58
1983,136,18.6,14.35,23.74,352.06,0,75.81,2.95
1983,137,19.07,15.98,23.06,352.06,0,78.16,2.98
1983,138,18.29,13.91,22.89,352.06,0,81.01,2.73
1983,139,18.37,14.63,23.8,352.06,0,79.61,2.45
1983,140,19.41,13.13,26.12,352.06,0,72.85,2.35
1983,141,19.27,13.3,24.7,352.06,0,73.65,2.67
1983,142,19.83,15.97,25.45,352.06,0,76.68,2.49
1983,143,19.78,16.04,24.78,352.06,0,77.59,3.21
1983,144,18.99,14.96,23.77,352.06,0,73.95,3.17
1983,145,19.11,14.58,23.87,352.06,0,72.29,3.33
1983,146,18,14.1,22.59,352.06,0,75.42,3.35
1983,147,16.64,12.72,21.05,352.06,0.3,82.01,3.15
1983,148,17.5,14.02,22.45,352.06,0.1,80.72,3.26
1983,149,16.53,14.07,19.75,352.06,2.6,89.1,3.74
1983,150,17.26,13.76,20.82,352.06,0,82.09,2.58
1983,151,18.19,15.48,23.03,165.37,0,78.43,2.52
1983,152,19.1,14.83,24.04,252.18,0,74.88,3.37
1983,153,19.11,15.58,23.99,273.08,2.6,76.13,3.6
1983,154,18,14.69,22.03,69.78,0,80.43,3.46
1983,155,17.66,13.89,22.83,199.47,0,79.68,3.11
1983,156,19.15,14.11,24.66,306.03,0,72.1,2.52
1983,157,18.83,15.25,23.88,200.96,0.2,76.26,3.01
1983,158,18.95,13.44,24.91,360.35,0,62.02,2.54
1983,159,19.36,12.31,26.04,365.95,0,64.25,2.55
1983,160,18.79,15.88,23.8,229.63,0,75.18,3.93
1983,161,18.3,13.62,24.32,251.44,0,74.56,2.85
1983,162,19.59,14.98,24.61,351.39,0,63.15,2.73
1983,163,19.64,14.92,24.48,241.6,0.2,63.95,2.52
1983,164,17.84,13.52,22.29,190.26,0,74.48,2.64
1983,165,18.81,14.98,25.01,245.06,0,78.03,2.24
1983,166,17.89,14.88,21.55,141.38,0,77.07,2.1
1983,167,18.54,14.65,23.95,188.56,0,74.76,2.65
1983,168,16.83,14.59,19.37,54.07,0,80.78,3.03
1983,169,17.38,13.35,22.42,172.24,0,74.23,2.81
1983,170,17.84,12.97,22.96,224.37,0,73.04,2.49
1983,171,18.42,14.65,22.7,138.18,0,77.27,2.83
1983,172,17.83,15.91,20.93,191.66,0,79.93,3.14
1983,173,17.11,14.77,20.05,117.71,0,78.53,2.92
1983,174,16.87,15.44,18.65,61.62,0,81.36,3.27
1983,175,17.72,14.23,22.8,198.47,0,69.59,2.7
1983,176,18.16,13.41,24.21,249.27,0,60.96,2.39
1983,177,16.67,13.5,21.31,115.2,0,76.59,2.67
1983,178,16.59,13.91,20.48,94.91,0,79.69,2.63
1983,179,17.33,12.34,22.77,236.09,0,73.82,2.46
1983,180,16.34,13.54,19.66,114.41,0,79.4,2.51
1983,181,17.5,14.71,21.1,109.4,0,75.77,3.1
1983,182,17.09,14.5,20.39,26.13,0,79.28,3.5
1983,183,16.91,14.71,19.95,85.05,0,75.76,3.45
1983,184,17.14,13.46,21.06,61.39,0,73.3,3.53
1983,185,16.5,13.97,19.82,167.11,0,73.98,3.97
1983,186,15.27,12.43,18.94,12.18,0,79.14,2.19
1983,187,18.06,15.84,19.51,95.63,0,66.31,4.78
1983,188,16.23,14.2,18.34,100.56,0,71.89,4.13
1983,189,16.26,12.37,20.81,159.02,0,72.12,3.26
1983,190,16.77,11.2,23.56,248.11,0,72.19,2.32
1983,191,18.69,10.53,26.26,315.31,0,65.96,2.48
1983,192,18.73,13.05,25.43,289.71,0,67.15,2.61
1983,193,16.82,13.68,20.29,189.55,0,74.61,3
1983,194,16.93,12.67,20.86,192.7,0,72.44,3.07
1983,195,18.08,13.39,23.37,212.77,0,65.2,3.12
1983,196,17.13,12.58,22.48,132.91,0,70.3,2.48
1983,197,16.52,12.53,20.62,203.16,0,72.56,2.49
1983,198,15.86,11.93,19.8,67.65,0,73.96,2.59
1983,199,16.31,12.25,21.51,91.4,0,71.79,3.25
1983,200,16.74,12.41,21.45,65.78,0,73.66,2.79
1983,201,18.82,12.14,25.91,312.23,0,61.97,2.95
1983,202,18.53,13.18,24.25,317.92,0,62.06,3.24
1983,203,17.85,14.49,22.47,64.01,0,70.11,3.15
1983,204,17.62,14.85,21.88,183.78,0,74.82,3.76
1983,205,17.38,13.13,21.38,87.99,0,73.91,2.7
1983,206,18.01,15.6,22.06,164.12,0,74.49,3.37
1983,207,16.77,14.22,22.16,164.8,0,75.2,3.05
1983,208,16.96,12.3,21.48,97.12,0,71.97,2.7
1983,209,16.78,14.6,20.27,100.08,0,75.65,3.99
1983,210,16.67,13.6,21.41,84.46,0,77.88,2.76
1983,211,17.75,12.74,24.26,309.83,0,75.95,2.78
1983,212,18.63,12.91,25.69,320.4,0,71.32,2.99
1983,213,17.26,14.02,21.61,108.1,0,75.7,3.71
1983,214,17.03,13.91,20.32,245.22,0.1,76.65,5.05
1983,215,15.78,15.4,16.35,340.3,0,84.12,3.86
1983,216,18.93,14.78,24.08,340.3,1.72,77.88,3.64
1983,217,18.93,14.78,24.08,340.3,1.72,75.95,3.64
1983,218,18.93,14.78,24.08,340.3,1.72,71.32,3.64
1983,219,18.93,14.78,24.08,340.3,1.72,75.7,3.64
1983,220,19.19,16.1,22.77,340.3,0,60.43,3.98
1983,221,16.3,14.35,19.47,99.72,1.5,82.14,3.25
1983,222,17.41,14.54,21.9,340.3,0,74.2,3.32
1983,223,17.26,13.47,21.84,340.3,0,70.81,2.72
1983,224,16.43,11.83,22.03,340.3,0,69.39,2.8
1983,225,17.57,11.74,23.44,340.3,0,67.25,3.53
1983,226,18.23,12.32,24.09,340.3,0,66.17,3.32
1983,227,19.11,13.96,24.68,340.3,0,69.91,3.56
1983,228,18.74,15.68,22.93,340.3,0,69.27,3.69
1983,229,18.19,14.99,22.6,340.3,0,70.44,3.82
1983,230,17.99,14.35,23.52,340.3,0,68.34,4.51
1983,231,18.84,13.73,25.12,340.3,0,60.16,3.04
1983,232,19.25,12.04,25.81,340.3,0,51.77,3.25
1983,233,19.13,12.72,24.83,340.3,0,55.64,3.8
1983,234,20.08,15.13,25.93,340.3,0,60.22,3.34
1983,235,18.24,12.75,24.9,278.29,0,66.35,3.65
1983,236,18.13,13.52,24.14,286.17,0,67.29,3.42
1983,237,18.43,12.48,24.75,339.26,0,67.22,3.85
1983,238,19.73,14.79,25.96,370.39,0,61.21,3.94
1983,239,19.43,14.24,26.09,348.37,0,62.14,3.64
1983,240,18.38,14.17,23.01,204.73,0,66.11,4.3
1983,241,18.08,13.66,22.52,203.21,0,65.33,4.51
1983,242,18.02,15.12,21.84,184.28,0,72.23,4.32
1983,243,18.07,15.24,22.71,132.61,0,72.33,3.66
1983,244,18.87,15.46,23.51,134.25,0,70.98,3.71
1983,245,18.68,15.53,23.49,177.46,0,71.85,3.22
1983,246,18.9,12.73,25.89,309.28,0,65.73,3.63
1983,247,18.78,14.35,24.48,183.69,0,65.77,3.56
1983,248,19.63,13.74,25.63,239.41,0,65.78,3.22
1983,249,20.42,13.62,26.98,276.93,0,59.99,2.42
1983,250,18.55,15.47,24.24,183.01,23.2,79.81,2.36
1983,251,17.83,15.35,20.88,216.31,1.5,84.97,3.37
1983,252,17.63,15.18,20.3,237.69,0,79.53,3.56
1983,253,18.7,13.12,24.8,304.84,0,69.46,3.47
1983,254,19.63,15.06,25.4,286.39,0,68.96,3.1
1983,255,20.1,15.27,26.39,311.18,0,70.71,2.69
1983,256,18.54,15.58,23.43,212.37,0,78.29,3.58
1983,257,19.3,15.09,24.61,303.08,0,61.66,4.59
1983,258,18.25,15.11,22.31,305.08,0,70.57,3.47
1983,259,19.19,13.58,25.41,335.8,0,67.65,3.06
1983,260,20.08,15.78,27.18,352.88,7.9,69.76,3.16
1983,261,19.27,15.2,24.9,296.61,0,71.05,3.53
1983,262,19.43,14.03,24.85,321.49,0,70.28,3.57
1983,263,20.13,15.04,27.25,425.01,0,68.7,2.81
1983,264,20.11,14.46,26.74,335.61,0,68.67,3.61
1983,265,20.33,15.96,25.85,292.61,0,63.45,4.06
1983,266,19.54,15.6,24.75,214.41,0,65.68,4.21
1983,267,18.87,16.08,24.31,306.57,0,72.24,4.2
1983,268,20.51,14.71,27.22,310.98,0,58.63,3.17
1983,269,20.23,13.96,27.28,291.16,0,64.9,2.78
1983,270,20.27,14.8,26.27,303.74,0,67.24,3.51
1983,271,18.89,16.03,22.69,79.8,0,71.98,3.83
1983,272,19.89,13.95,26.59,315.98,0,67.54,3.7
1983,273,19.74,15.23,26.4,221.85,0,71.17,4.05
1983,274,20.87,16.39,27.58,279.48,0,66.11,3.52
1983,275,20.79,14.59,27.58,290.74,0,61.65,3.22
1983,276,18.98,12.25,25.45,355.89,0,61.51,3.36
1983,277,17.97,16.28,21.07,340.3,0,79.37,4.62
1983,278,18.71,15.17,23.32,340.3,0.1,73.05,3.82
1983,279,20.09,15.8,26.43,340.3,0,67.62,4.09
1983,280,20.12,14.92,26.08,340.3,0,59.02,3.57
1983,281,20.74,13.07,27.9,340.3,0,56.38,3.34
1983,282,21.15,14.46,27.94,340.3,0,61.27,4.24
1983,283,20.8,16.31,27.4,340.3,0,66.42,5.2
1983,284,20.65,14.57,26.53,340.3,0,61.27,4.42
1983,285,21.22,14.61,27.95,29.44,0,58.16,4.01
1983,286,22.07,14.44,29.04,427.23,0,57.17,3.61
1983,287,22.09,16.24,28.14,428.3,0,64.39,5.2
1983,288,21.94,17.65,27.56,348.26,0,67.16,5.57
1983,289,20.65,16.41,25.56,391.86,0.5,73,4.75
1983,290,20.59,17,26.7,287.02,0.1,72.18,3.44
1983,291,21.14,17.4,25.88,391.89,0,71.74,4.22
1983,292,19.67,16.88,24.57,333,0.9,79.34,4.75
1983,293,19.63,14.75,24.34,333.2,0,70.86,3.97
1983,294,20.13,15.77,25.43,317.38,0,68.67,4.18
1983,295,21.29,16.21,26.31,335.48,0,56.17,3.38
1983,296,20.92,15.51,26.96,386.79,0,56.58,3.52
1983,297,21.26,15.27,26.84,361.83,0,62.73,3.41
1983,298,21.43,17.08,26.31,373.89,0,67.31,4.54
1983,299,19.75,16.89,24.27,302.02,1.9,76.47,4.64
1983,300,19.99,16.11,24.47,275.17,0,70.49,3.55
1983,301,20.44,15.29,26.18,299.92,0,67.55,3.87
1983,302,20.44,16.2,25.09,293.17,0,66.86,3.74
1983,303,19.84,16.07,25.11,320.12,0,72.71,4.13
1983,304,19.58,16.66,24.13,286.44,4.5,78.4,4.26
1983,305,20.19,15.98,25.04,301.58,0,72.37,3.77
1983,306,18.89,16.55,22.21,304.4,32.9,85.22,3.63
1983,307,18.28,16.62,22.5,326.5,8.3,88.67,3.3
1983,308,18.22,15.53,21.34,294.16,8.6,84.66,3.2
1983,309,18.8,16.42,23.16,313,7.2,85.41,3
1983,310,19.32,16.17,24.13,442.3,28.39,81.98,3.32
1983,311,19.12,15.6,23.81,471.37,35.8,82.53,2.9
1983,312,18.59,16.89,21.94,329.38,3.1,88.16,3.48
1983,313,19.14,15.53,23.06,388.75,0,78.03,3.7
1983,314,18.8,16.01,22.5,265.7,17.8,85.21,3.72
1983,315,18.04,15.14,21.42,278.59,11.1,87.17,4.04
1983,316,18.82,16.5,23.13,342.78,4.4,86.05,3.73
1983,317,18.97,16.48,22.72,418.36,3.9,87.41,4.58
1983,318,18.57,16.33,23.09,332.43,22.2,89.79,2.51
1983,319,18.42,16.63,22.5,327.11,5.7,89.16,3.26
1983,320,18.56,16.26,22.07,379.33,6.6,87.77,3.73
1983,321,18.58,16.27,22.19,301.92,2.5,87.67,3.39
1983,322,19.16,16.24,23.04,360.37,1.74,82.42,3.52
1983,323,19.33,16.45,23.33,426.02,1.4,82.05,3.47
1983,324,18.81,15.89,23.3,398.04,0.4,85.17,3.46
1983,325,18.89,16.91,22.18,319.64,14.2,87.74,3.58
1983,326,18.29,16.52,21.89,360.61,8.7,91.68,4.05
1983,327,18.41,16.01,21.81,332.88,3.6,87.89,4.08
1983,328,18.6,16.2,22.59,392.39,9,87.44,3.59
1983,329,18.63,16.17,22.4,319.92,6.8,87.22,2.76
1983,330,18.31,15.64,21.96,339,8.4,89.85,3.28
1983,331,19.47,15.78,24.04,471.51,2.6,77.23,3.81
1983,332,19.07,16.67,23.43,349.55,0,83.95,3.15
1983,333,19.54,16.52,23.98,498.21,0,75.99,3.76
1983,334,19.2,15.46,23.4,483.41,0,72.17,3.74
1983,335,19.08,14.87,23.94,461.96,0,71.36,3.2
1983,336,19.51,14.76,24.39,411.98,0,75.32,3.14
1983,337,19.26,16.65,23.41,401.68,0,82.54,3.88
1983,338,18.98,15.93,23.5,363.5,0,80.18,3.54
1983,339,19.21,15.7,24.03,404.09,0,75.45,2.89
1983,340,19.08,16.36,23.58,383.18,0,79.45,2.86
1983,341,19.16,13.78,24.68,473.77,0,76.59,2.78
1983,342,19.31,14.63,24.83,446.49,0,70.69,2.85
1983,343,18.69,14.4,23.86,398.57,0,78.08,2.72
1983,344,19.39,16.5,23.57,397.26,0.8,80.59,4.16
1983,345,19.18,15.52,23.85,396.18,0.1,80.1,3.6
1983,346,19.24,15,24.28,353.75,0,81.24,2.85
1983,347,19.64,15.87,24.75,349.7,0,82.55,2.64
1983,348,19.65,17.22,23.88,355.75,0.1,85.12,3.01
1983,349,18.97,16.04,22.86,373.16,4.7,87.32,4.19
1983,350,18.27,16.3,21.59,235.59,0,85.91,4.21
1983,351,18.93,15.66,23.38,376.45,0,79.05,3.99
1983,352,18.79,15.6,23.31,400.29,0.1,80.3,3.54
1983,353,19.29,16.03,23.73,350.94,0,76.19,2.57
1983,354,18.81,14.53,23.85,403.15,0,78.18,2.74
1983,355,19.55,15.62,24.47,407.99,0,74.8,3.57
1983,356,19.31,15.92,23.7,323.94,2.2,83.67,3.45
1983,357,18.94,16.36,23.24,309.77,6.7,86.91,3.82
1983,358,20.22,16.91,24.8,409.78,0.7,81.63,3.41
1983,359,20.3,17.16,25.01,417.6,0,83.61,3.95
1983,360,18.96,16.81,22.36,248.07,0.6,86.86,4.58
1983,361,18.91,14.84,23.14,434.42,0,73.13,3.85
1983,362,19.96,15.72,24.86,444.77,0,68.75,3.05
1983,363,20.22,15.6,25.2,410.62,0,77.61,2.63
1983,364,20.21,16.76,25.21,330.63,0,81.03,3.1
1983,365,20.6,17.19,25.44,386.32,0,78.05,2.63
1984,1,19.25,14.12,24.18,280.23,0,62.72,4.63
1984,2,17.98,13.75,23.01,211.09,0.1,72.71,4.88
1984,3,17.25,15.45,20.82,214.32,10.62,87.78,5.48
1984,4,16.94,15.21,19.18,103.83,4.8,89.25,4.65
1984,5,17.62,14.54,21.55,274.51,0.2,77.42,4.38
1984,6,19.42,13.57,24.66,376.05,0,56.91,3.87
1984,7,19.6,14.23,24.56,355.46,0,60.44,4.2
1984,8,19.01,13.81,24.6,361.29,0,73.27,4.48
1984,9,19.48,16.27,24.33,277.82,0,74.98,5.09
1984,10,19.17,15.9,23.54,312.8,0,73.78,4.69
1984,11,19.18,14.34,24.06,300.67,0,70.07,4.13
1984,12,19.84,14.59,25.32,365.58,0,64.35,4.95
1984,13,19.68,13.39,25.11,359.62,0,57.99,4.46
1984,14,19.45,13.8,24.51,341.86,0,57.68,3.85
1984,15,19.78,13.98,24.89,349.03,0,53.19,4.17
1984,16,19.6,14.32,24.98,347.23,0,58.45,4.01
1984,17,19.44,13.62,24.81,280.46,0,61.1,4.05
1984,18,21.2,14.54,27.44,350.85,0,39.06,3.88
1984,19,21.45,15.57,27.25,356.5,0,43.76,3.63
1984,20,20.97,15.4,26.66,353.82,0,53.2,4.18
1984,21,20.88,14.6,26.14,356.25,0,51.04,4.37
1984,22,20.5,16.16,24.79,235.94,0,54.3,4.54
1984,23,20.05,16.04,24.84,262.47,0,65.03,4.02
1984,24,20.01,14.81,25.45,300.24,0,64.15,4.56
1984,25,20.9,14.87,26.58,352.5,0,58.19,4.1
1984,26,18.93,14.78,24.08,340.3,1.72,63.2328,3.64
1984,27,18.93,14.78,24.08,340.3,1.72,63.253312,3.64
1984,28,18.93,14.78,24.08,340.3,1.72,62.87504448,3.64
1984,29,18.93,14.78,24.08,340.3,1.72,61.87884626,3.64
1984,30,18.93,14.78,24.08,340.3,1.72,60.78400011,3.64
1984,31,18.93,14.78,24.08,340.3,1.72,60.11856011,3.64
1984,32,18.93,14.78,24.08,340.3,1.72,60.24690252,3.64
1984,33,18.93,14.78,24.08,340.3,1.72,60.23917862,3.64
1984,34,18.93,14.78,24.08,340.3,1.72,59.71794576,3.64
1984,35,18.93,14.78,24.08,340.3,1.72,59.10746359,3.64
1984,36,18.93,14.78,24.08,340.3,1.72,58.52056214,3.64
1984,37,18.93,14.78,24.08,340.3,1.72,58.05858462,3.64
1984,38,18.93,14.78,24.08,340.3,1.72,57.80692801,3.64
1984,39,18.93,14.78,24.08,340.3,1.72,57.79960513,3.64
1984,40,18.93,14.78,24.08,340.3,1.72,57.80438933,3.64
1984,41,18.93,14.78,24.08,340.3,1.72,57.98896491,3.64
1984,42,18.93,14.78,24.08,340.3,1.72,57.9705235,3.64
1984,43,18.93,14.78,24.08,340.3,1.72,57.84534444,3.64
1984,44,18.93,14.78,24.08,340.3,1.72,58.59675822,3.64
1984,45,18.93,14.78,24.08,340.3,1.72,59.19022855,3.64
1984,46,18.93,14.78,24.08,340.3,1.72,59.42983769,3.64
1984,47,18.93,14.78,24.08,340.3,1.72,59.7654312,3.64
1984,48,18.93,14.78,24.08,340.3,1.72,59.98404845,3.64
1984,49,18.93,14.78,24.08,340.3,1.72,59.78221039,3.64
1984,50,18.93,14.78,24.08,340.3,1.72,59.6074988,3.64
1984,51,18.93,14.78,24.08,340.3,1.72,59.66419875,3.64
1984,52,18.93,14.78,24.08,340.3,1.72,59.5214547,3.64
1984,53,18.93,14.78,24.08,340.3,1.72,59.37218041,3.64
1984,54,18.93,14.78,24.08,340.3,1.72,59.23206585,3.64
1984,55,18.93,14.78,24.08,340.3,1.72,59.12619463,3.64
1984,56,18.93,14.78,24.08,340.3,1.72,59.05988241,3.64
1984,57,18.93,14.78,24.08,340.3,1.72,59.01753531,3.64
1984,58,18.93,14.78,24.08,340.3,1.72,58.96836062,3.64
1984,59,18.93,14.78,24.08,340.3,1.72,58.9175279,3.64
1984,60,18.93,14.78,24.08,352.06,1.72,58.88551118,3.47
1984,61,18.93,14.78,24.08,352.06,1.72,58.87663309,3.47
1984,62,18.93,14.78,24.08,352.06,1.72,58.89087592,3.47
1984,63,18.93,14.78,24.08,352.06,1.72,58.92416758,3.47
1984,64,18.93,14.78,24.08,352.06,1.72,58.96885716,3.47
1984,65,18.93,14.78,24.08,352.06,1.72,59.01562724,3.47
1984,66,18.93,14.78,24.08,352.06,1.72,59.06407676,3.47
1984,67,18.93,14.78,24.08,352.06,1.72,59.10708123,3.47
1984,68,18.93,14.78,24.08,352.06,1.72,59.15254354,3.47
1984,69,18.93,14.78,24.08,352.06,1.72,59.2048315,3.47
1984,70,18.93,14.78,24.08,352.06,1.72,59.22915443,3.47
1984,71,18.93,14.78,24.08,352.06,1.72,59.23071147,3.47
1984,72,18.93,14.78,24.08,352.06,1.72,59.22274642,3.47
1984,73,18.93,14.78,24.08,352.06,1.72,59.20103903,3.47
1984,74,18.93,14.78,24.08,352.06,1.72,59.16971865,3.47
1984,75,18.93,14.78,24.08,352.06,1.72,59.14521898,3.47
1984,76,18.93,14.78,24.08,352.06,1.72,59.12672779,3.47
1984,77,18.93,14.78,24.08,352.06,1.72,59.10522895,3.47
1984,78,18.93,14.78,24.08,352.06,1.72,59.08857992,3.47
1984,79,18.93,14.78,24.08,352.06,1.72,59.0772359,3.47
1984,80,18.93,14.78,24.08,352.06,1.72,59.07104271,3.47
1984,81,18.93,14.78,24.08,352.06,1.72,59.06883663,3.47
1984,82,18.93,14.78,24.08,352.06,1.72,59.0691948,3.47
1984,83,18.93,14.78,24.08,352.06,1.72,59.07126118,3.47
1984,84,18.93,14.78,24.08,352.06,1.72,59.0753772,3.47
1984,85,18.93,14.78,24.08,352.06,1.72,59.08169117,3.47
1984,86,18.93,14.78,24.08,352.06,1.72,59.08953837,3.47
1984,87,18.93,14.78,24.08,352.06,1.72,59.09805458,3.47
1984,88,18.93,14.78,24.08,352.06,1.72,59.10634173,3.47
1984,89,18.93,14.78,24.08,352.06,1.72,59.11362869,3.47
1984,90,18.93,14.78,24.08,352.06,1.72,59.11941956,3.47
1984,91,18.93,14.78,24.08,352.06,1.72,59.12357125,3.47
1984,92,18.93,14.78,24.08,352.06,1.72,59.12595103,3.47
1984,93,18.93,14.78,24.08,352.06,1.72,59.12670582,3.47
1984,94,18.93,14.78,24.08,352.06,1.72,59.12567231,3.47
1984,95,18.93,14.78,24.08,352.06,1.72,59.12250594,3.47
1984,96,18.93,14.78,24.08,352.06,1.72,59.11824,3.47
1984,97,18.93,14.78,24.08,352.06,1.72,59.11374114,3.47
1984,98,18.93,14.78,24.08,352.06,1.72,59.10938093,3.47
1984,99,18.93,14.78,24.08,352.06,1.72,59.10571461,3.47
1984,100,18.93,14.78,24.08,352.06,1.72,59.10315445,3.47
1984,101,18.93,14.78,24.08,352.06,1.72,59.10147187,3.47
1984,102,18.93,14.78,24.08,352.06,1.72,59.10046163,3.47
1984,103,18.93,14.78,24.08,352.06,1.72,59.10027094,3.47
1984,104,18.93,14.78,24.08,352.06,1.72,59.10073858,3.47
1984,105,18.93,14.78,24.08,352.06,1.72,59.10167868,3.47
1984,106,18.93,14.78,24.08,352.06,1.72,59.10290412,3.47
1984,107,18.93,14.78,24.08,352.06,1.72,59.10426682,3.47
1984,108,18.93,14.78,24.08,352.06,1.72,59.1056697,3.47
1984,109,22.3,22.3,22.3,352.06,0,64.7,3.47
1984,110,21.07,17,24.09,352.06,0,71.13,3.74
1984,111,20.16,17.07,25.36,352.06,1,80.23,2.82
1984,112,18.06,16.81,19.59,352.06,17.06,92.29,2.83
1984,113,19.19,15.33,23.64,352.06,0,80.92,2.44
1984,114,20.13,17.32,24.31,352.06,0,81.88,2.65
1984,115,18.92,15.95,22.83,352.06,5.1,86.61,2.42
1984,116,18.55,16.41,22.86,352.06,35,89.17,1.62
1984,117,19.06,15.7,23.06,352.06,0.1,80.9,2.39
1984,118,17.85,16.69,20.08,352.06,11.7,90.83,2.03
1984,119,18.04,15.51,21.49,352.06,0,85.63,2.1
1984,120,18.66,16.79,22.47,352.06,14.3,87.36,2.18
1984,121,18.02,16.16,20.28,352.06,22.6,89.17,2.66
1984,122,18.54,14.62,22.18,352.06,0.6,84.6,2.64
1984,123,18.27,16.54,21.52,352.06,0.1,89.09,3.64
1984,124,18.61,15.12,23.36,352.06,0,83.58,1.96
1984,125,18.67,14.48,23.52,352.06,0,82.14,2.29
1984,126,18.86,15.23,23.42,352.06,0,82.42,2.8
1984,127,18.79,15.61,23.07,352.06,0,83.04,2.71
1984,128,19.09,15.8,23.44,352.06,0,81.1,2.44
1984,129,18.17,16.24,21.58,352.06,0.1,86.29,3.69
1984,130,18.56,16.06,22.68,352.06,0,81.82,3.32
1984,131,18.15,15.1,22.15,352.06,0,82.4,3.2
1984,132,18.06,14.02,23.32,352.06,0,80.69,2.41
1984,133,19.24,15.48,24.25,352.06,0,80.52,2.45
1984,134,19.23,16.33,24.04,352.06,0,79.02,3.41
1984,135,18.59,14.77,23.4,352.06,0,80.56,2.58
1984,136,18.6,14.35,23.74,352.06,0,75.81,2.95
1984,137,19.07,15.98,23.06,352.06,0,78.16,2.98
1984,138,18.29,13.91,22.89,352.06,0,81.01,2.73
1984,139,18.37,14.63,23.8,352.06,0,79.61,2.45
1984,140,19.41,13.13,26.12,352.06,0,72.85,2.35
1984,141,19.27,13.3,24.7,352.06,0,73.65,2.67
1984,142,19.83,15.97,25.45,352.06,0,76.68,2.49
1984,143,19.78,16.04,24.78,352.06,0,77.59,3.21
1984,144,18.99,14.96,23.77,352.06,0,73.95,3.17
1984,145,19.11,14.58,23.87,352.06,0,72.29,3.33
1984,146,18,14.1,22.59,352.06,0,75.42,3.35
1984,147,16.64,12.72,21.05,352.06,0.3,82.01,3.15
1984,148,17.5,14.02,22.45,352.06,0.1,80.72,3.26
1984,149,16.53,14.07,19.75,352.06,2.6,89.1,3.74
1984,150,17.26,13.76,20.82,352.06,0,82.09,2.58
1984,151,18.19,15.48,23.03,165.37,0,78.43,2.52
1984,152,19.1,14.83,24.04,252.18,0,74.88,3.37
1984,153,19.11,15.58,23.99,273.08,2.6,76.13,3.6
1984,154,18,14.69,22.03,69.78,0,80.43,3.46
1984,155,17.66,13.89,22.83,199.47,0,79.68,3.11
1984,156,19.15,14.11,24.66,306.03,0,72.1,2.52
1984,157,18.83,15.25,23.88,200.96,0.2,76.26,3.01
1984,158,18.95,13.44,24.91,360.35,0,62.02,2.54
1984,159,19.36,12.31,26.04,365.95,0,64.25,2.55
1984,160,18.79,15.88,23.8,229.63,0,75.18,3.93
1984,161,18.3,13.62,24.32,251.44,0,74.56,2.85
1984,162,19.59,14.98,24.61,351.39,0,63.15,2.73
1984,163,19.64,14.92,24.48,241.6,0.2,63.95,2.52
1984,164,17.84,13.52,22.29,190.26,0,74.48,2.64
1984,165,18.81,14.98,25.01,245.06,0,78.03,2.24
1984,166,17.89,14.88,21.55,141.38,0,77.07,2.1
1984,167,18.54,14.65,23.95,188.56,0,74.76,2.65
1984,168,16.83,14.59,19.37,54.07,0,80.78,3.03
1984,169,17.38,13.35,22.42,172.24,0,74.23,2.81
1984,170,17.84,12.97,22.96,224.37,0,73.04,2.49
1984,171,18.42,14.65,22.7,138.18,0,77.27,2.83
1984,172,17.83,15.91,20.93,191.66,0,79.93,3.14
1984,173,17.11,14.77,20.05,117.71,0,78.53,2.92
1984,174,16.87,15.44,18.65,61.62,0,81.36,3.27
1984,175,17.72,14.23,22.8,198.47,0,69.59,2.7
1984,176,18.16,13.41,24.21,249.27,0,60.96,2.39
1984,177,16.67,13.5,21.31,115.2,0,76.59,2.67
1984,178,16.59,13.91,20.48,94.91,0,79.69,2.63
1984,179,17.33,12.34,22.77,236.09,0,73.82,2.46
1984,180,16.34,13.54,19.66,114.41,0,79.4,2.51
1984,181,17.5,14.71,21.1,109.4,0,75.77,3.1
1984,182,17.09,14.5,20.39,26.13,0,79.28,3.5
1984,183,16.91,14.71,19.95,85.05,0,75.76,3.45
1984,184,17.14,13.46,21.06,61.39,0,73.3,3.53
1984,185,16.5,13.97,19.82,167.11,0,73.98,3.97
1984,186,15.27,12.43,18.94,12.18,0,79.14,2.19
1984,187,18.06,15.84,19.51,95.63,0,66.31,4.78
1984,188,16.23,14.2,18.34,100.56,0,71.89,4.13
1984,189,16.26,12.37,20.81,159.02,0,72.12,3.26
1984,190,16.77,11.2,23.56,248.11,0,72.19,2.32
1984,191,18.69,10.53,26.26,315.31,0,65.96,2.48
1984,192,18.73,13.05,25.43,289.71,0,67.15,2.61
1984,193,16.82,13.68,20.29,189.55,0,74.61,3
1984,194,16.93,12.67,20.86,192.7,0,72.44,3.07
1984,195,18.08,13.39,23.37,212.77,0,65.2,3.12
1984,196,17.13,12.58,22.48,132.91,0,70.3,2.48
1984,197,16.52,12.53,20.62,203.16,0,72.56,2.49
1984,198,15.86,11.93,19.8,67.65,0,73.96,2.59
1984,199,16.31,12.25,21.51,91.4,0,71.79,3.25
1984,200,16.74,12.41,21.45,65.78,0,73.66,2.79
1984,201,18.82,12.14,25.91,312.23,0,61.97,2.95
1984,202,18.53,13.18,24.25,317.92,0,62.06,3.24
1984,203,17.85,14.49,22.47,64.01,0,70.11,3.15
1984,204,17.62,14.85,21.88,183.78,0,74.82,3.76
1984,205,17.38,13.13,21.38,87.99,0,73.91,2.7
1984,206,18.01,15.6,22.06,164.12,0,74.49,3.37
1984,207,16.77,14.22,22.16,164.8,0,75.2,3.05
1984,208,16.96,12.3,21.48,97.12,0,71.97,2.7
1984,209,16.78,14.6,20.27,100.08,0,75.65,3.99
1984,210,16.67,13.6,21.41,84.46,0,77.88,2.76
1984,211,17.75,12.74,24.26,309.83,0,75.95,2.78
1984,212,18.63,12.91,25.69,320.4,0,71.32,2.99
1984,213,17.26,14.02,21.61,108.1,0,75.7,3.71
1984,214,17.03,13.91,20.32,245.22,0.1,76.65,5.05
1984,215,15.78,15.4,16.35,340.3,0,84.12,3.86
1984,216,18.93,14.78,24.08,340.3,1.72,77.88,3.64
1984,217,18.93,14.78,24.08,340.3,1.72,75.95,3.64
1984,218,18.93,14.78,24.08,340.3,1.72,71.32,3.64
1984,219,18.93,14.78,24.08,340.3,1.72,75.7,3.64
1984,220,19.19,16.1,22.77,340.3,0,60.43,3.98
1984,221,16.3,14.35,19.47,99.72,1.5,82.14,3.25
1984,222,17.41,14.54,21.9,340.3,0,74.2,3.32
1984,223,17.26,13.47,21.84,340.3,0,70.81,2.72
1984,224,16.43,11.83,22.03,340.3,0,69.39,2.8
1984,225,17.57,11.74,23.44,340.3,0,67.25,3.53
1984,226,18.23,12.32,24.09,340.3,0,66.17,3.32
1984,227,19.11,13.96,24.68,340.3,0,69.91,3.56
1984,228,18.74,15.68,22.93,340.3,0,69.27,3.69
1984,229,18.19,14.99,22.6,340.3,0,70.44,3.82
1984,230,17.99,14.35,23.52,340.3,0,68.34,4.51
1984,231,18.84,13.73,25.12,340.3,0,60.16,3.04
1984,232,19.25,12.04,25.81,340.3,0,51.77,3.25
1984,233,19.13,12.72,24.83,340.3,0,55.64,3.8
1984,234,20.08,15.13,25.93,340.3,0,60.22,3.34
1984,235,18.24,12.75,24.9,278.29,0,66.35,3.65
1984,236,18.13,13.52,24.14,286.17,0,67.29,3.42
1984,237,18.43,12.48,24.75,339.26,0,67.22,3.85
1984,238,19.73,14.79,25.96,370.39,0,61.21,3.94
1984,239,19.43,14.24,26.09,348.37,0,62.14,3.64
1984,240,18.38,14.17,23.01,204.73,0,66.11,4.3
1984,241,18.08,13.66,22.52,203.21,0,65.33,4.51
1984,242,18.02,15.12,21.84,184.28,0,72.23,4.32
1984,243,18.07,15.24,22.71,132.61,0,72.33,3.66
1984,244,18.87,15.46,23.51,134.25,0,70.98,3.71
1984,245,18.68,15.53,23.49,177.46,0,71.85,3.22
1984,246,18.9,12.73,25.89,309.28,0,65.73,3.63
1984,247,18.78,14.35,24.48,183.69,0,65.77,3.56
1984,248,19.63,13.74,25.63,239.41,0,65.78,3.22
1984,249,20.42,13.62,26.98,276.93,0,59.99,2.42
1984,250,18.55,15.47,24.24,183.01,23.2,79.81,2.36
1984,251,17.83,15.35,20.88,216.31,1.5,84.97,3.37
1984,252,17.63,15.18,20.3,237.69,0,79.53,3.56
1984,253,18.7,13.12,24.8,304.84,0,69.46,3.47
1984,254,19.63,15.06,25.4,286.39,0,68.96,3.1
1984,255,20.1,15.27,26.39,311.18,0,70.71,2.69
1984,256,18.54,15.58,23.43,212.37,0,78.29,3.58
1984,257,19.3,15.09,24.61,303.08,0,61.66,4.59
1984,258,18.25,15.11,22.31,305.08,0,70.57,3.47
1984,259,19.19,13.58,25.41,335.8,0,67.65,3.06
1984,260,20.08,15.78,27.18,352.88,7.9,69.76,3.16
1984,261,19.27,15.2,24.9,296.61,0,71.05,3.53
1984,262,19.43,14.03,24.85,321.49,0,70.28,3.57
1984,263,20.13,15.04,27.25,425.01,0,68.7,2.81
1984,264,20.11,14.46,26.74,335.61,0,68.67,3.61
1984,265,20.33,15.96,25.85,292.61,0,63.45,4.06
1984,266,19.54,15.6,24.75,214.41,0,65.68,4.21
1984,267,18.87,16.08,24.31,306.57,0,72.24,4.2
1984,268,20.51,14.71,27.22,310.98,0,58.63,3.17
1984,269,20.23,13.96,27.28,291.16,0,64.9,2.78
1984,270,20.27,14.8,26.27,303.74,0,67.24,3.51
1984,271,18.89,16.03,22.69,79.8,0,71.98,3.83
1984,272,19.89,13.95,26.59,315.98,0,67.54,3.7
1984,273,19.74,15.23,26.4,221.85,0,71.17,4.05
1984,274,20.87,16.39,27.58,279.48,0,66.11,3.52
1984,275,20.79,14.59,27.58,290.74,0,61.65,3.22
1984,276,18.98,12.25,25.45,355.89,0,61.51,3.36
1984,277,17.97,16.28,21.07,340.3,0,79.37,4.62
1984,278,18.71,15.17,23.32,340.3,0.1,73.05,3.82
1984,279,20.09,15.8,26.43,340.3,0,67.62,4.09
1984,280,20.12,14.92,26.08,340.3,0,59.02,3.57
1984,281,20.74,13.07,27.9,340.3,0,56.38,3.34
1984,282,21.15,14.46,27.94,340.3,0,61.27,4.24
1984,283,20.8,16.31,27.4,340.3,0,66.42,5.2
1984,284,20.65,14.57,26.53,340.3,0,61.27,4.42
1984,285,21.22,14.61,27.95,29.44,0,58.16,4.01
1984,286,22.07,14.44,29.04,427.23,0,57.17,3.61
1984,287,22.09,16.24,28.14,428.3,0,64.39,5.2
1984,288,21.94,17.65,27.56,348.26,0,67.16,5.57
1984,289,20.65,16.41,25.56,391.86,0.5,73,4.75
1984,290,20.59,17,26.7,287.02,0.1,72.18,3.44
1984,291,21.14,17.4,25.88,391.89,0,71.74,4.22
1984,292,19.67,16.88,24.57,333,0.9,79.34,4.75
1984,293,19.63,14.75,24.34,333.2,0,70.86,3.97
1984,294,20.13,15.77,25.43,317.38,0,68.67,4.18
1984,295,21.29,16.21,26.31,335.48,0,56.17,3.38
1984,296,20.92,15.51,26.96,386.79,0,56.58,3.52
1984,297,21.26,15.27,26.84,361.83,0,62.73,3.41
1984,298,21.43,17.08,26.31,373.89,0,67.31,4.54
1984,299,19.75,16.89,24.27,302.02,1.9,76.47,4.64
1984,300,19.99,16.11,24.47,275.17,0,70.49,3.55
1984,301,20.44,15.29,26.18,299.92,0,67.55,3.87
1984,302,20.44,16.2,25.09,293.17,0,66.86,3.74
1984,303,19.84,16.07,25.11,320.12,0,72.71,4.13
1984,304,19.58,16.66,24.13,286.44,4.5,78.4,4.26
1984,305,20.19,15.98,25.04,301.58,0,72.37,3.77
1984,306,18.89,16.55,22.21,304.4,32.9,85.22,3.63
1984,307,18.28,16.62,22.5,326.5,8.3,88.67,3.3
1984,308,18.22,15.53,21.34,294.16,8.6,84.66,3.2
1984,309,18.8,16.42,23.16,313,7.2,85.41,3
1984,310,19.32,16.17,24.13,442.3,28.39,81.98,3.32
1984,311,19.12,15.6,23.81,471.37,35.8,82.53,2.9
1984,312,18.59,16.89,21.94,329.38,3.1,88.16,3.48
1984,313,19.14,15.53,23.06,388.75,0,78.03,3.7
1984,314,18.8,16.01,22.5,265.7,17.8,85.21,3.72
1984,315,18.04,15.14,21.42,278.59,11.1,87.17,4.04
1984,316,18.82,16.5,23.13,342.78,4.4,86.05,3.73
1984,317,18.97,16.48,22.72,418.36,3.9,87.41,4.58
1984,318,18.57,16.33,23.09,332.43,22.2,89.79,2.51
1984,319,18.42,16.63,22.5,327.11,5.7,89.16,3.26
1984,320,18.56,16.26,22.07,379.33,6.6,87.77,3.73
1984,321,18.58,16.27,22.19,301.92,2.5,87.67,3.39
1984,322,19.16,16.24,23.04,360.37,1.74,82.42,3.52
1984,323,19.33,16.45,23.33,426.02,1.4,82.05,3.47
1984,324,18.81,15.89,23.3,398.04,0.4,85.17,3.46
1984,325,18.89,16.91,22.18,319.64,14.2,87.74,3.58
1984,326,18.29,16.52,21.89,360.61,8.7,91.68,4.05
1984,327,18.41,16.01,21.81,332.88,3.6,87.89,4.08
1984,328,18.6,16.2,22.59,392.39,9,87.44,3.59
1984,329,18.63,16.17,22.4,319.92,6.8,87.22,2.76
1984,330,18.31,15.64,21.96,339,8.4,89.85,3.28
1984,331,19.47,15.78,24.04,471.51,2.6,77.23,3.81
1984,332,19.07,16.67,23.43,349.55,0,83.95,3.15
1984,333,19.54,16.52,23.98,498.21,0,75.99,3.76
1984,334,19.2,15.46,23.4,483.41,0,72.17,3.74
1984,335,19.08,14.87,23.94,461.96,0,71.36,3.2
1984,336,19.51,14.76,24.39,411.98,0,75.32,3.14
1984,337,19.26,16.65,23.41,401.68,0,82.54,3.88
1984,338,18.98,15.93,23.5,363.5,0,80.18,3.54
1984,339,19.21,15.7,24.03,404.09,0,75.45,2.89
1984,340,19.08,16.36,23.58,383.18,0,79.45,2.86
1984,341,19.16,13.78,24.68,473.77,0,76.59,2.78
1984,342,19.31,14.63,24.83,446.49,0,70.69,2.85
1984,343,18.69,14.4,23.86,398.57,0,78.08,2.72
1984,344,19.39,16.5,23.57,397.26,0.8,80.59,4.16
1984,345,19.18,15.52,23.85,396.18,0.1,80.1,3.6
1984,346,19.24,15,24.28,353.75,0,81.24,2.85
1984,347,19.64,15.87,24.75,349.7,0,82.55,2.64
1984,348,19.65,17.22,23.88,355.75,0.1,85.12,3.01
1984,349,18.97,16.04,22.86,373.16,4.7,87.32,4.19
1984,350,18.27,16.3,21.59,235.59,0,85.91,4.21
1984,351,18.93,15.66,23.38,376.45,0,79.05,3.99
1984,352,18.79,15.6,23.31,400.29,0.1,80.3,3.54
1984,353,19.29,16.03,23.73,350.94,0,76.19,2.57
1984,354,18.81,14.53,23.85,403.15,0,78.18,2.74
1984,355,19.55,15.62,24.47,407.99,0,74.8,3.57
1984,356,19.31,15.92,23.7,323.94,2.2,83.67,3.45
1984,357,18.94,16.36,23.24,309.77,6.7,86.91,3.82
1984,358,20.22,16.91,24.8,409.78,0.7,81.63,3.41
1984,359,20.3,17.16,25.01,417.6,0,83.61,3.95
1984,360,18.96,16.81,22.36,248.07,0.6,86.86,4.58
1984,361,18.91,14.84,23.14,434.42,0,73.13,3.85
1984,362,19.96,15.72,24.86,444.77,0,68.75,3.05
1984,363,20.22,15.6,25.2,410.62,0,77.61,2.63
1984,364,20.21,16.76,25.21,330.63,0,81.03,3.1
1984,365,20.6,17.19,25.44,386.32,0,78.05,2.63
1985,1,19.25,14.12,24.18,280.23,0,62.72,4.63
1985,2,17.98,13.75,23.01,211.09,0.1,72.71,4.88
1985,3,17.25,15.45,20.82,214.32,10.62,87.78,5.48
1985,4,16.94,15.21,19.18,103.83,4.8,89.25,4.65
1985,5,17.62,14.54,21.55,274.51,0.2,77.42,4.38
1985,6,19.42,13.57,24.66,376.05,0,56.91,3.87
1985,7,19.6,14.23,24.56,355.46,0,60.44,4.2
1985,8,19.01,13.81,24.6,361.29,0,73.27,4.48
1985,9,19.48,16.27,24.33,277.82,0,74.98,5.09
1985,10,19.17,15.9,23.54,312.8,0,73.78,4.69
1985,11,19.18,14.34,24.06,300.67,0,70.07,4.13
1985,12,19.84,14.59,25.32,365.58,0,64.35,4.95
1985,13,19.68,13.39,25.11,359.62,0,57.99,4.46
1985,14,19.45,13.8,24.51,341.86,0,57.68,3.85
1985,15,19.78,13.98,24.89,349.03,0,53.19,4.17
1985,16,19.6,14.32,24.98,347.23,0,58.45,4.01
1985,17,19.44,13.62,24.81,280.46,0,61.1,4.05
1985,18,21.2,14.54,27.44,350.85,0,39.06,3.88
1985,19,21.45,15.57,27.25,356.5,0,43.76,3.63
1985,20,20.97,15.4,26.66,353.82,0,53.2,4.18
1985,21,20.88,14.6,26.14,356.25,0,51.04,4.37
1985,22,20.5,16.16,24.79,235.94,0,54.3,4.54
1985,23,20.05,16.04,24.84,262.47,0,65.03,4.02
1985,24,20.01,14.81,25.45,300.24,0,64.15,4.56
1985,25,20.9,14.87,26.58,352.5,0,58.19,4.1
1985,26,18.93,14.78,24.08,340.3,1.72,63.2328,3.64
1985,27,18.93,14.78,24.08,340.3,1.72,63.253312,3.64
1985,28,18.93,14.78,24.08,340.3,1.72,62.87504448,3.64
1985,29,18.93,14.78,24.08,340.3,1.72,61.87884626,3.64
1985,30,18.93,14.78,24.08,340.3,1.72,60.78400011,3.64
1985,31,18.93,14.78,24.08,340.3,1.72,60.11856011,3.64
1985,32,18.93,14.78,24.08,340.3,1.72,60.24690252,3.64
1985,33,18.93,14.78,24.08,340.3,1.72,60.23917862,3.64
1985,34,18.93,14.78,24.08,340.3,1.72,59.71794576,3.64
1985,35,18.93,14.78,24.08,340.3,1.72,59.10746359,3.64
1985,36,18.93,14.78,24.08,340.3,1.72,58.52056214,3.64
1985,37,18.93,14.78,24.08,340.3,1.72,58.05858462,3.64
1985,38,18.93,14.78,24.08,340.3,1.72,57.80692801,3.64
1985,39,18.93,14.78,24.08,340.3,1.72,57.79960513,3.64
1985,40,18.93,14.78,24.08,340.3,1.72,57.80438933,3.64
1985,41,18.93,14.78,24.08,340.3,1.72,57.98896491,3.64
1985,42,18.93,14.78,24.08,340.3,1.72,57.9705235,3.64
1985,43,18.93,14.78,24.08,340.3,1.72,57.84534444,3.64
1985,44,18.93,14.78,24.08,340.3,1.72,58.59675822,3.64
1985,45,18.93,14.78,24.08,340.3,1.72,59.19022855,3.64
1985,46,18.93,14.78,24.08,340.3,1.72,59.42983769,3.64
1985,47,18.93,14.78,24.08,340.3,1.72,59.7654312,3.64
1985,48,18.93,14.78,24.08,340.3,1.72,59.98404845,3.64
1985,49,18.93,14.78,24.08,340.3,1.72,59.78221039,3.64
1985,50,18.93,14.78,24.08,340.3,1.72,59.6074988,3.64
1985,51,18.93,14.78,24.08,340.3,1.72,59.66419875,3.64
1985,52,18.93,14.78,24.08,340.3,1.72,59.5214547,3.64
1985,53,18.93,14.78,24.08,340.3,1.72,59.37218041,3.64
1985,54,18.93,14.78,24.08,340.3,1.72,59.23206585,3.64
1985,55,18.93,14.78,24.08,340.3,1.72,59.12619463,3.64
1985,56,18.93,14.78,24.08,340.3,1.72,59.05988241,3.64
1985,57,18.93,14.78,24.08,340.3,1.72,59.01753531,3.64
1985,58,18.93,14.78,24.08,340.3,1.72,58.96836062,3.64
1985,59,18.93,14.78,24.08,340.3,1.72,58.9175279,3.64
1985,60,18.93,14.78,24.08,352.06,1.72,58.88551118,3.47
1985,61,18.93,14.78,24.08,352.06,1.72,58.87663309,3.47
1985,62,18.93,14.78,24.08,352.06,1.72,58.89087592,3.47
1985,63,18.93,14.78,24.08,352.06,1.72,58.92416758,3.47
1985,64,18.93,14.78,24.08,352.06,1.72,58.96885716,3.47
1985,65,18.93,14.78,24.08,352.06,1.72,59.01562724,3.47
1985,66,18.93,14.78,24.08,352.06,1.72,59.06407676,3.47
1985,67,18.93,14.78,24.08,352.06,1.72,59.10708123,3.47
1985,68,18.93,14.78,24.08,352.06,1.72,59.15254354,3.47
1985,69,18.93,14.78,24.08,352.06,1.72,59.2048315,3.47
1985,70,18.93,14.78,24.08,352.06,1.72,59.22915443,3.47
1985,71,18.93,14.78,24.08,352.06,1.72,59.23071147,3.47
1985,72,18.93,14.78,24.08,352.06,1.72,59.22274642,3.47
1985,73,18.93,14.78,24.08,352.06,1.72,59.20103903,3.47
1985,74,18.93,14.78,24.08,352.06,1.72,59.16971865,3.47
1985,75,18.93,14.78,24.08,352.06,1.72,59.14521898,3.47
1985,76,18.93,14.78,24.08,352.06,1.72,59.12672779,3.47
1985,77,18.93,14.78,24.08,352.06,1.72,59.10522895,3.47
1985,78,18.93,14.78,24.08,352.06,1.72,59.08857992,3.47
1985,79,18.93,14.78,24.08,352.06,1.72,59.0772359,3.47
1985,80,18.93,14.78,24.08,352.06,1.72,59.07104271,3.47
1985,81,18.93,14.78,24.08,352.06,1.72,59.06883663,3.47
1985,82,18.93,14.78,24.08,352.06,1.72,59.0691948,3.47
1985,83,18.93,14.78,24.08,352.06,1.72,59.07126118,3.47
1985,84,18.93,14.78,24.08,352.06,1.72,59.0753772,3.47
1985,85,18.93,14.78,24.08,352.06,1.72,59.08169117,3.47
1985,86,18.93,14.78,24.08,352.06,1.72,59.08953837,3.47
1985,87,18.93,14.78,24.08,352.06,1.72,59.09805458,3.47
1985,88,18.93,14.78,24.08,352.06,1.72,59.10634173,3.47
1985,89,18.93,14.78,24.08,352.06,1.72,59.11362869,3.47
1985,90,18.93,14.78,24.08,352.06,1.72,59.11941956,3.47
1985,91,18.93,14.78,24.08,352.06,1.72,59.12357125,3.47
1985,92,18.93,14.78,24.08,352.06,1.72,59.12595103,3.47
1985,93,18.93,14.78,24.08,352.06,1.72,59.12670582,3.47
1985,94,18.93,14.78,24.08,352.06,1.72,59.12567231,3.47
1985,95,18.93,14.78,24.08,352.06,1.72,59.12250594,3.47
1985,96,18.93,14.78,24.08,352.06,1.72,59.11824,3.47
1985,97,18.93,14.78,24.08,352.06,1.72,59.11374114,3.47
1985,98,18.93,14.78,24.08,352.06,1.72,59.10938093,3.47
1985,99,18.93,14.78,24.08,352.06,1.72,59.10571461,3.47
1985,100,18.93,14.78,24.08,352.06,1.72,59.10315445,3.47
1985,101,18.93,14.78,24.08,352.06,1.72,59.10147187,3.47
1985,102,18.93,14.78,24.08,352.06,1.72,59.10046163,3.47
1985,103,18.93,14.78,24.08,352.06,1.72,59.10027094,3.47
1985,104,18.93,14.78,24.08,352.06,1.72,59.10073858,3.47
1985,105,18.93,14.78,24.08,352.06,1.72,59.10167868,3.47
1985,106,18.93,14.78,24.08,352.06,1.72,59.10290412,3.47
1985,107,18.93,14.78,24.08,352.06,1.72,59.10426682,3.47
1985,108,18.93,14.78,24.08,352.06,1.72,59.1056697,3.47
1985,109,22.3,22.3,22.3,352.06,0,64.7,3.47
1985,110,21.07,17,24.09,352.06,0,71.13,3.74
1985,111,20.16,17.07,25.36,352.06,1,80.23,2.82
1985,112,18.06,16.81,19.59,352.06,17.06,92.29,2.83
1985,113,19.19,15.33,23.64,352.06,0,80.92,2.44
1985,114,20.13,17.32,24.31,352.06,0,81.88,2.65
1985,115,18.92,15.95,22.83,352.06,5.1,86.61,2.42
1985,116,18.55,16.41,22.86,352.06,35,89.17,1.62
1985,117,19.06,15.7,23.06,352.06,0.1,80.9,2.39
1985,118,17.85,16.69,20.08,352.06,11.7,90.83,2.03
1985,119,18.04,15.51,21.49,352.06,0,85.63,2.1
1985,120,18.66,16.79,22.47,352.06,14.3,87.36,2.18
1985,121,18.02,16.16,20.28,352.06,22.6,89.17,2.66
1985,122,18.54,14.62,22.18,352.06,0.6,84.6,2.64
1985,123,18.27,16.54,21.52,352.06,0.1,89.09,3.64
1985,124,18.61,15.12,23.36,352.06,0,83.58,1.96
1985,125,18.67,14.48,23.52,352.06,0,82.14,2.29
1985,126,18.86,15.23,23.42,352.06,0,82.42,2.8
1985,127,18.79,15.61,23.07,352.06,0,83.04,2.71
1985,128,19.09,15.8,23.44,352.06,0,81.1,2.44
1985,129,18.17,16.24,21.58,352.06,0.1,86.29,3.69
1985,130,18.56,16.06,22.68,352.06,0,81.82,3.32
1985,131,18.15,15.1,22.15,352.06,0,82.4,3.2
1985,132,18.06,14.02,23.32,352.06,0,80.69,2.41
1985,133,19.24,15.48,24.25,352.06,0,80.52,2.45
1985,134,19.23,16.33,24.04,352.06,0,79.02,3.41
1985,135,18.59,14.77,23.4,352.06,0,80.56,2.58
1985,136,18.6,14.35,23.74,352.06,0,75.81,2.95
1985,137,19.07,15.98,23.06,352.06,0,78.16,2.98
1985,138,18.29,13.91,22.89,352.06,0,81.01,2.73
1985,139,18.37,14.63,23.8,352.06,0,79.61,2.45
1985,140,19.41,13.13,26.12,352.06,0,72.85,2.35
1985,141,19.27,13.3,24.7,352.06,0,73.65,2.67
1985,142,19.83,15.97,25.45,352.06,0,76.68,2.49
1985,143,19.78,16.04,24.78,352.06,0,77.59,3.21
1985,144,18.99,14.96,23.77,352.06,0,73.95,3.17
1985,145,19.11,14.58,23.87,352.06,0,72.29,3.33
1985,146,18,14.1,22.59,352.06,0,75.42,3.35
1985,147,16.64,12.72,21.05,352.06,0.3,82.01,3.15
1985,148,17.5,14.02,22.45,352.06,0.1,80.72,3.26
1985,149,16.53,14.07,19.75,352.06,2.6,89.1,3.74
1985,150,17.26,13.76,20.82,352.06,0,82.09,2.58
1985,151,18.19,15.48,23.03,165.37,0,78.43,2.52
1985,152,19.1,14.83,24.04,252.18,0,74.88,3.37
1985,153,19.11,15.58,23.99,273.08,2.6,76.13,3.6
1985,154,18,14.69,22.03,69.78,0,80.43,3.46
1985,155,17.66,13.89,22.83,199.47,0,79.68,3.11
1985,156,19.15,14.11,24.66,306.03,0,72.1,2.52
1985,157,18.83,15.25,23.88,200.96,0.2,76.26,3.01
1985,158,18.95,13.44,24.91,360.35,0,62.02,2.54
1985,159,19.36,12.31,26.04,365.95,0,64.25,2.55
1985,160,18.79,15.88,23.8,229.63,0,75.18,3.93
1985,161,18.3,13.62,24.32,251.44,0,74.56,2.85
1985,162,19.59,14.98,24.61,351.39,0,63.15,2.73
1985,163,19.64,14.92,24.48,241.6,0.2,63.95,2.52
1985,164,17.84,13.52,22.29,190.26,0,74.48,2.64
1985,165,18.81,14.98,25.01,245.06,0,78.03,2.24
1985,166,17.89,14.88,21.55,141.38,0,77.07,2.1
1985,167,18.54,14.65,23.95,188.56,0,74.76,2.65
1985,168,16.83,14.59,19.37,54.07,0,80.78,3.03
1985,169,17.38,13.35,22.42,172.24,0,74.23,2.81
1985,170,17.84,12.97,22.96,224.37,0,73.04,2.49
1985,171,18.42,14.65,22.7,138.18,0,77.27,2.83
1985,172,17.83,15.91,20.93,191.66,0,79.93,3.14
1985,173,17.11,14.77,20.05,117.71,0,78.53,2.92
1985,174,16.87,15.44,18.65,61.62,0,81.36,3.27
1985,175,17.72,14.23,22.8,198.47,0,69.59,2.7
1985,176,18.16,13.41,24.21,249.27,0,60.96,2.39
1985,177,16.67,13.5,21.31,115.2,0,76.59,2.67
1985,178,16.59,13.91,20.48,94.91,0,79.69,2.63
1985,179,17.33,12.34,22.77,236.09,0,73.82,2.46
1985,180,16.34,13.54,19.66,114.41,0,79.4,2.51
1985,181,17.5,14.71,21.1,109.4,0,75.77,3.1
1985,182,17.09,14.5,20.39,26.13,0,79.28,3.5
1985,183,16.91,14.71,19.95,85.05,0,75.76,3.45
1985,184,17.14,13.46,21.06,61.39,0,73.3,3.53
1985,185,16.5,13.97,19.82,167.11,0,73.98,3.97
1985,186,15.27,12.43,18.94,12.18,0,79.14,2.19
1985,187,18.06,15.84,19.51,95.63,0,66.31,4.78
1985,188,16.23,14.2,18.34,100.56,0,71.89,4.13
1985,189,16.26,12.37,20.81,159.02,0,72.12,3.26
1985,190,16.77,11.2,23.56,248.11,0,72.19,2.32
1985,191,18.69,10.53,26.26,315.31,0,65.96,2.48
1985,192,18.73,13.05,25.43,289.71,0,67.15,2.61
1985,193,16.82,13.68,20.29,189.55,0,74.61,3
1985,194,16.93,12.67,20.86,192.7,0,72.44,3.07
1985,195,18.08,13.39,23.37,212.77,0,65.2,3.12
1985,196,17.13,12.58,22.48,132.91,0,70.3,2.48
1985,197,16.52,12.53,20.62,203.16,0,72.56,2.49
1985,198,15.86,11.93,19.8,67.65,0,73.96,2.59
1985,199,16.31,12.25,21.51,91.4,0,71.79,3.25
1985,200,16.74,12.41,21.45,65.78,0,73.66,2.79
1985,201,18.82,12.14,25.91,312.23,0,61.97,2.95
1985,202,18.53,13.18,24.25,317.92,0,62.06,3.24
1985,203,17.85,14.49,22.47,64.01,0,70.11,3.15
1985,204,17.62,14.85,21.88,183.78,0,74.82,3.76
1985,205,17.38,13.13,21.38,87.99,0,73.91,2.7
1985,206,18.01,15.6,22.06,164.12,0,74.49,3.37
1985,207,16.77,14.22,22.16,164.8,0,75.2,3.05
1985,208,16.96,12.3,21.48,97.12,0,71.97,2.7
1985,209,16.78,14.6,20.27,100.08,0,75.65,3.99
1985,210,16.67,13.6,21.41,84.46,0,77.88,2.76
1985,211,17.75,12.74,24.26,309.83,0,75.95,2.78
1985,212,18.63,12.91,25.69,320.4,0,71.32,2.99
1985,213,17.26,14.02,21.61,108.1,0,75.7,3.71
1985,214,17.03,13.91,20.32,245.22,0.1,76.65,5.05
1985,215,15.78,15.4,16.35,340.3,0,84.12,3.86
1985,216,18.93,14.78,24.08,340.3,1.72,77.88,3.64
1985,217,18.93,14.78,24.08,340.3,1.72,75.95,3.64
1985,218,18.93,14.78,24.08,340.3,1.72,71.32,3.64
1985,219,18.93,14.78,24.08,340.3,1.72,75.7,3.64
1985,220,19.19,16.1,22.77,340.3,0,60.43,3.98
1985,221,16.3,14.35,19.47,99.72,1.5,82.14,3.25
1985,222,17.41,14.54,21.9,340.3,0,74.2,3.32
1985,223,17.26,13.47,21.84,340.3,0,70.81,2.72
1985,224,16.43,11.83,22.03,340.3,0,69.39,2.8
1985,225,17.57,11.74,23.44,340.3,0,67.25,3.53
1985,226,18.23,12.32,24.09,340.3,0,66.17,3.32
1985,227,19.11,13.96,24.68,340.3,0,69.91,3.56
1985,228,18.74,15.68,22.93,340.3,0,69.27,3.69
1985,229,18.19,14.99,22.6,340.3,0,70.44,3.82
1985,230,17.99,14.35,23.52,340.3,0,68.34,4.51
1985,231,18.84,13.73,25.12,340.3,0,60.16,3.04
1985,232,19.25,12.04,25.81,340.3,0,51.77,3.25
1985,233,19.13,12.72,24.83,340.3,0,55.64,3.8
1985,234,20.08,15.13,25.93,340.3,0,60.22,3.34
1985,235,18.24,12.75,24.9,278.29,0,66.35,3.65
1985,236,18.13,13.52,24.14,286.17,0,67.29,3.42
1985,237,18.43,12.48,24.75,339.26,0,67.22,3.85
1985,238,19.73,14.79,25.96,370.39,0,61.21,3.94
1985,239,19.43,14.24,26.09,348.37,0,62.14,3.64
1985,240,18.38,14.17,23.01,204.73,0,66.11,4.3
1985,241,18.08,13.66,22.52,203.21,0,65.33,4.51
1985,242,18.02,15.12,21.84,184.28,0,72.23,4.32
1985,243,18.07,15.24,22.71,132.61,0,72.33,3.66
1985,244,18.87,15.46,23.51,134.25,0,70.98,3.71
1985,245,18.68,15.53,23.49,177.46,0,71.85,3.22
1985,246,18.9,12.73,25.89,309.28,0,65.73,3.63
1985,247,18.78,14.35,24.48,183.69,0,65.77,3.56
1985,248,19.63,13.74,25.63,239.41,0,65.78,3.22
1985,249,20.42,13.62,26.98,276.93,0,59.99,2.42
1985,250,18.55,15.47,24.24,183.01,23.2,79.81,2.36
1985,251,17.83,15.35,20.88,216.31,1.5,84.97,3.37
1985,252,17.63,15.18,20.3,237.69,0,79.53,3.56
1985,253,18.7,13.12,24.8,304.84,0,69.46,3.47
1985,254,19.63,15.06,25.4,286.39,0,68.96,3.1
1985,255,20.1,15.27,26.39,311.18,0,70.71,2.69
1985,256,18.54,15.58,23.43,212.37,0,78.29,3.58
1985,257,19.3,15.09,24.61,303.08,0,61.66,4.59
1985,258,18.25,15.11,22.31,305.08,0,70.57,3.47
1985,259,19.19,13.58,25.41,335.8,0,67.65,3.06
1985,260,20.08,15.78,27.18,352.88,7.9,69.76,3.16
1985,261,19.27,15.2,24.9,296.61,0,71.05,3.53
1985,262,19.43,14.03,24.85,321.49,0,70.28,3.57
1985,263,20.13,15.04,27.25,425.01,0,68.7,2.81
1985,264,20.11,14.46,26.74,335.61,0,68.67,3.61
1985,265,20.33,15.96,25.85,292.61,0,63.45,4.06
1985,266,19.54,15.6,24.75,214.41,0,65.68,4.21
1985,267,18.87,16.08,24.31,306.57,0,72.24,4.2
1985,268,20.51,14.71,27.22,310.98,0,58.63,3.17
1985,269,20.23,13.96,27.28,291.16,0,64.9,2.78
1985,270,20.27,14.8,26.27,303.74,0,67.24,3.51
1985,271,18.89,16.03,22.69,79.8,0,71.98,3.83
1985,272,19.89,13.95,26.59,315.98,0,67.54,3.7
1985,273,19.74,15.23,26.4,221.85,0,71.17,4.05
1985,274,20.87,16.39,27.58,279.48,0,66.11,3.52
1985,275,20.79,14.59,27.58,290.74,0,61.65,3.22
1985,276,18.98,12.25,25.45,355.89,0,61.51,3.36
1985,277,17.97,16.28,21.07,340.3,0,79.37,4.62
1985,278,18.71,15.17,23.32,340.3,0.1,73.05,3.82
1985,279,20.09,15.8,26.43,340.3,0,67.62,4.09
1985,280,20.12,14.92,26.08,340.3,0,59.02,3.57
1985,281,20.74,13.07,27.9,340.3,0,56.38,3.34
1985,282,21.15,14.46,27.94,340.3,0,61.27,4.24
1985,283,20.8,16.31,27.4,340.3,0,66.42,5.2
1985,284,20.65,14.57,26.53,340.3,0,61.27,4.42
1985,285,21.22,14.61,27.95,29.44,0,58.16,4.01
1985,286,22.07,14.44,29.04,427.23,0,57.17,3.61
1985,287,22.09,16.24,28.14,428.3,0,64.39,5.2
1985,288,21.94,17.65,27.56,348.26,0,67.16,5.57
1985,289,20.65,16.41,25.56,391.86,0.5,73,4.75
1985,290,20.59,17,26.7,287.02,0.1,72.18,3.44
1985,291,21.14,17.4,25.88,391.89,0,71.74,4.22
1985,292,19.67,16.88,24.57,333,0.9,79.34,4.75
1985,293,19.63,14.75,24.34,333.2,0,70.86,3.97
1985,294,20.13,15.77,25.43,317.38,0,68.67,4.18
1985,295,21.29,16.21,26.31,335.48,0,56.17,3.38
1985,296,20.92,15.51,26.96,386.79,0,56.58,3.52
1985,297,21.26,15.27,26.84,361.83,0,62.73,3.41
1985,298,21.43,17.08,26.31,373.89,0,67.31,4.54
1985,299,19.75,16.89,24.27,302.02,1.9,76.47,4.64
1985,300,19.99,16.11,24.47,275.17,0,70.49,3.55
1985,301,20.44,15.29,26.18,299.92,0,67.55,3.87
1985,302,20.44,16.2,25.09,293.17,0,66.86,3.74
1985,303,19.84,16.07,25.11,320.12,0,72.71,4.13
1985,304,19.58,16.66,24.13,286.44,4.5,78.4,4.26
1985,305,20.19,15.98,25.04,301.58,0,72.37,3.77
1985,306,18.89,16.55,22.21,304.4,32.9,85.22,3.63
1985,307,18.28,16.62,22.5,326.5,8.3,88.67,3.3
1985,308,18.22,15.53,21.34,294.16,8.6,84.66,3.2
1985,309,18.8,16.42,23.16,313,7.2,85.41,3
1985,310,19.32,16.17,24.13,442.3,28.39,81.98,3.32
1985,311,19.12,15.6,23.81,471.37,35.8,82.53,2.9
1985,312,18.59,16.89,21.94,329.38,3.1,88.16,3.48
1985,313,19.14,15.53,23.06,388.75,0,78.03,3.7
1985,314,18.8,16.01,22.5,265.7,17.8,85.21,3.72
1985,315,18.04,15.14,21.42,278.59,11.1,87.17,4.04
1985,316,18.82,16.5,23.13,342.78,4.4,86.05,3.73
1985,317,18.97,16.48,22.72,418.36,3.9,87.41,4.58
1985,318,18.57,16.33,23.09,332.43,22.2,89.79,2.51
1985,319,18.42,16.63,22.5,327.11,5.7,89.16,3.26
1985,320,18.56,16.26,22.07,379.33,6.6,87.77,3.73
1985,321,18.58,16.27,22.19,301.92,2.5,87.67,3.39
1985,322,19.16,16.24,23.04,360.37,1.74,82.42,3.52
1985,323,19.33,16.45,23.33,426.02,1.4,82.05,3.47
1985,324,18.81,15.89,23.3,398.04,0.4,85.17,3.46
1985,325,18.89,16.91,22.18,319.64,14.2,87.74,3.58
1985,326,18.29,16.52,21.89,360.61,8.7,91.68,4.05
1985,327,18.41,16.01,21.81,332.88,3.6,87.89,4.08
1985,328,18.6,16.2,22.59,392.39,9,87.44,3.59
1985,329,18.63,16.17,22.4,319.92,6.8,87.22,2.76
1985,330,18.31,15.64,21.96,339,8.4,89.85,3.28
1985,331,19.47,15.78,24.04,471.51,2.6,77.23,3.81
1985,332,19.07,16.67,23.43,349.55,0,83.95,3.15
1985,333,19.54,16.52,23.98,498.21,0,75.99,3.76
1985,334,19.2,15.46,23.4,483.41,0,72.17,3.74
1985,335,19.08,14.87,23.94,461.96,0,71.36,3.2
1985,336,19.51,14.76,24.39,411.98,0,75.32,3.14
1985,337,19.26,16.65,23.41,401.68,0,82.54,3.88
1985,338,18.98,15.93,23.5,363.5,0,80.18,3.54
1985,339,19.21,15.7,24.03,404.09,0,75.45,2.89
1985,340,19.08,16.36,23.58,383.18,0,79.45,2.86
1985,341,19.16,13.78,24.68,473.77,0,76.59,2.78
1985,342,19.31,14.63,24.83,446.49,0,70.69,2.85
1985,343,18.69,14.4,23.86,398.57,0,78.08,2.72
1985,344,19.39,16.5,23.57,397.26,0.8,80.59,4.16
1985,345,19.18,15.52,23.85,396.18,0.1,80.1,3.6
1985,346,19.24,15,24.28,353.75,0,81.24,2.85
1985,347,19.64,15.87,24.75,349.7,0,82.55,2.64
1985,348,19.65,17.22,23.88,355.75,0.1,85.12,3.01
1985,349,18.97,16.04,22.86,373.16,4.7,87.32,4.19
1985,350,18.27,16.3,21.59,235.59,0,85.91,4.21
1985,351,18.93,15.66,23.38,376.45,0,79.05,3.99
1985,352,18.79,15.6,23.31,400.29,0.1,80.3,3.54
1985,353,19.29,16.03,23.73,350.94,0,76.19,2.57
1985,354,18.81,14.53,23.85,403.15,0,78.18,2.74
1985,355,19.55,15.62,24.47,407.99,0,74.8,3.57
1985,356,19.31,15.92,23.7,323.94,2.2,83.67,3.45
1985,357,18.94,16.36,23.24,309.77,6.7,86.91,3.82
1985,358,20.22,16.91,24.8,409.78,0.7,81.63,3.41
1985,359,20.3,17.16,25.01,417.6,0,83.61,3.95
1985,360,18.96,16.81,22.36,248.07,0.6,86.86,4.58
1985,361,18.91,14.84,23.14,434.42,0,73.13,3.85
1985,362,19.96,15.72,24.86,444.77,0,68.75,3.05
1985,363,20.22,15.6,25.2,410.62,0,77.61,2.63
1985,364,20.21,16.76,25.21,330.63,0,81.03,3.1
1985,365,20.6,17.19,25.44,386.32,0,78.05,2.63
1986,1,19.25,14.12,24.18,280.23,0,62.72,4.63
1986,2,17.98,13.75,23.01,211.09,0.1,72.71,4.88
1986,3,17.25,15.45,20.82,214.32,10.62,87.78,5.48
1986,4,16.94,15.21,19.18,103.83,4.8,89.25,4.65
1986,5,17.62,14.54,21.55,274.51,0.2,77.42,4.38
1986,6,19.42,13.57,24.66,376.05,0,56.91,3.87
1986,7,19.6,14.23,24.56,355.46,0,60.44,4.2
1986,8,19.01,13.81,24.6,361.29,0,73.27,4.48
1986,9,19.48,16.27,24.33,277.82,0,74.98,5.09
1986,10,19.17,15.9,23.54,312.8,0,73.78,4.69
1986,11,19.18,14.34,24.06,300.67,0,70.07,4.13
1986,12,19.84,14.59,25.32,365.58,0,64.35,4.95
1986,13,19.68,13.39,25.11,359.62,0,57.99,4.46
1986,14,19.45,13.8,24.51,341.86,0,57.68,3.85
1986,15,19.78,13.98,24.89,349.03,0,53.19,4.17
1986,16,19.6,14.32,24.98,347.23,0,58.45,4.01
1986,17,19.44,13.62,24.81,280.46,0,61.1,4.05
1986,18,21.2,14.54,27.44,350.85,0,39.06,3.88
1986,19,21.45,15.57,27.25,356.5,0,43.76,3.63
1986,20,20.97,15.4,26.66,353.82,0,53.2,4.18
1986,21,20.88,14.6,26.14,356.25,0,51.04,4.37
1986,22,20.5,16.16,24.79,235.94,0,54.3,4.54
1986,23,20.05,16.04,24.84,262.47,0,65.03,4.02
1986,24,20.01,14.81,25.45,300.24,0,64.15,4.56
1986,25,20.9,14.87,26.58,352.5,0,58.19,4.1
1986,26,18.93,14.78,24.08,340.3,1.72,63.2328,3.64
1986,27,18.93,14.78,24.08,340.3,1.72,63.253312,3.64
1986,28,18.93,14.78,24.08,340.3,1.72,62.87504448,3.64
1986,29,18.93,14.78,24.08,340.3,1.72,61.87884626,3.64
1986,30,18.93,14.78,24.08,340.3,1.72,60.78400011,3.64
1986,31,18.93,14.78,24.08,340.3,1.72,60.11856011,3.64
1986,32,18.93,14.78,24.08,340.3,1.72,60.24690252,3.64
1986,33,18.93,14.78,24.08,340.3,1.72,60.23917862,3.64
1986,34,18.93,14.78,24.08,340.3,1.72,59.71794576,3.64
1986,35,18.93,14.78,24.08,340.3,1.72,59.10746359,3.64
1986,36,18.93,14.78,24.08,340.3,1.72,58.52056214,3.64
1986,37,18.93,14.78,24.08,340.3,1.72,58.05858462,3.64
1986,38,18.93,14.78,24.08,340.3,1.72,57.80692801,3.64
1986,39,18.93,14.78,24.08,340.3,1.72,57.79960513,3.64
1986,40,18.93,14.78,24.08,340.3,1.72,57.80438933,3.64
1986,41,18.93,14.78,24.08,340.3,1.72,57.98896491,3.64
1986,42,18.93,14.78,24.08,340.3,1.72,57.9705235,3.64
1986,43,18.93,14.78,24.08,340.3,1.72,57.84534444,3.64
1986,44,18.93,14.78,24.08,340.3,1.72,58.59675822,3.64
1986,45,18.93,14.78,24.08,340.3,1.72,59.19022855,3.64
1986,46,18.93,14.78,24.08,340.3,1.72,59.42983769,3.64
1986,47,18.93,14.78,24.08,340.3,1.72,59.7654312,3.64
1986,48,18.93,14.78,24.08,340.3,1.72,59.98404845,3.64
1986,49,18.93,14.78,24.08,340.3,1.72,59.78221039,3.64
1986,50,18.93,14.78,24.08,340.3,1.72,59.6074988,3.64
1986,51,18.93,14.78,24.08,340.3,1.72,59.66419875,3.64
1986,52,18.93,14.78,24.08,340.3,1.72,59.5214547,3.64
1986,53,18.93,14.78,24.08,340.3,1.72,59.37218041,3.64
1986,54,18.93,14.78,24.08,340.3,1.72,59.23206585,3.64
1986,55,18.93,14.78,24.08,340.3,1.72,59.12619463,3.64
1986,56,18.93,14.78,24.08,340.3,1.72,59.05988241,3.64
1986,57,18.93,14.78,24.08,340.3,1.72,59.01753531,3.64
1986,58,18.93,14.78,24.08,340.3,1.72,58.96836062,3.64
1986,59,18.93,14.78,24.08,340.3,1.72,58.9175279,3.64
1986,60,18.93,14.78,24.08,352.06,1.72,58.88551118,3.47
1986,61,18.93,14.78,24.08,352.06,1.72,58.87663309,3.47
1986,62,18.93,14.78,24.08,352.06,1.72,58.89087592,3.47
1986,63,18.93,14.78,24.08,352.06,1.72,58.92416758,3.47
1986,64,18.93,14.78,24.08,352.06,1.72,58.96885716,3.47
1986,65,18.93,14.78,24.08,352.06,1.72,59.01562724,3.47
1986,66,18.93,14.78,24.08,352.06,1.72,59.06407676,3.47
1986,67,18.93,14.78,24.08,352.06,1.72,59.10708123,3.47
1986,68,18.93,14.78,24.08,352.06,1.72,59.15254354,3.47
1986,69,18.93,14.78,24.08,352.06,1.72,59.2048315,3.47
1986,70,18.93,14.78,24.08,352.06,1.72,59.22915443,3.47
1986,71,18.93,14.78,24.08,352.06,1.72,59.23071147,3.47
1986,72,18.93,14.78,24.08,352.06,1.72,59.22274642,3.47
1986,73,18.93,14.78,24.08,352.06,1.72,59.20103903,3.47
1986,74,18.93,14.78,24.08,352.06,1.72,59.16971865,3.47
1986,75,18.93,14.78,24.08,352.06,1.72,59.14521898,3.47
1986,76,18.93,14.78,24.08,352.06,1.72,59.12672779,3.47
1986,77,18.93,14.78,24.08,352.06,1.72,59.10522895,3.47
1986,78,18.93,14.78,24.08,352.06,1.72,59.08857992,3.47
1986,79,18.93,14.78,24.08,352.06,1.72,59.0772359,3.47
1986,80,18.93,14.78,24.08,352.06,1.72,59.07104271,3.47
1986,81,18.93,14.78,24.08,352.06,1.72,59.06883663,3.47
1986,82,18.93,14.78,24.08,352.06,1.72,59.0691948,3.47
1986,83,18.93,14.78,24.08,352.06,1.72,59.07126118,3.47
1986,84,18.93,14.78,24.08,352.06,1.72,59.0753772,3.47
1986,85,18.93,14.78,24.08,352.06,1.72,59.08169117,3.47
1986,86,18.93,14.78,24.08,352.06,1.72,59.08953837,3.47
1986,87,18.93,14.78,24.08,352.06,1.72,59.09805458,3.47
1986,88,18.93,14.78,24.08,352.06,1.72,59.10634173,3.47
1986,89,18.93,14.78,24.08,352.06,1.72,59.11362869,3.47
1986,90,18.93,14.78,24.08,352.06,1.72,59.11941956,3.47
1986,91,18.93,14.78,24.08,352.06,1.72,59.12357125,3.47
1986,92,18.93,14.78,24.08,352.06,1.72,59.12595103,3.47
1986,93,18.93,14.78,24.08,352.06,1.72,59.12670582,3.47
1986,94,18.93,14.78,24.08,352.06,1.72,59.12567231,3.47
1986,95,18.93,14.78,24.08,352.06,1.72,59.12250594,3.47
1986,96,18.93,14.78,24.08,352.06,1.72,59.11824,3.47
1986,97,18.93,14.78,24.08,352.06,1.72,59.11374114,3.47
1986,98,18.93,14.78,24.08,352.06,1.72,59.10938093,3.47
1986,99,18.93,14.78,24.08,352.06,1.72,59.10571461,3.47
1986,100,18.93,14.78,24.08,352.06,1.72,59.10315445,3.47
1986,101,18.93,14.78,24.08,352.06,1.72,59.10147187,3.47
1986,102,18.93,14.78,24.08,352.06,1.72,59.10046163,3.47
1986,103,18.93,14.78,24.08,352.06,1.72,59.10027094,3.47
1986,104,18.93,14.78,24.08,352.06,1.72,59.10073858,3.47
1986,105,18.93,14.78,24.08,352.06,1.72,59.10167868,3.47
1986,106,18.93,14.78,24.08,352.06,1.72,59.10290412,3.47
1986,107,18.93,14.78,24.08,352.06,1.72,59.10426682,3.47
1986,108,18.93,14.78,24.08,352.06,1.72,59.1056697,3.47
1986,109,22.3,22.3,22.3,352.06,0,64.7,3.47
1986,110,21.07,17,24.09,352.06,0,71.13,3.74
1986,111,20.16,17.07,25.36,352.06,1,80.23,2.82
1986,112,18.06,16.81,19.59,352.06,17.06,92.29,2.83
1986,113,19.19,15.33,23.64,352.06,0,80.92,2.44
1986,114,20.13,17.32,24.31,352.06,0,81.88,2.65
1986,115,18.92,15.95,22.83,352.06,5.1,86.61,2.42
1986,116,18.55,16.41,22.86,352.06,35,89.17,1.62
1986,117,19.06,15.7,23.06,352.06,0.1,80.9,2.39
1986,118,17.85,16.69,20.08,352.06,11.7,90.83,2.03
1986,119,18.04,15.51,21.49,352.06,0,85.63,2.1
1986,120,18.66,16.79,22.47,352.06,14.3,87.36,2.18
1986,121,18.02,16.16,20.28,352.06,22.6,89.17,2.66
1986,122,18.54,14.62,22.18,352.06,0.6,84.6,2.64
1986,123,18.27,16.54,21.52,352.06,0.1,89.09,3.64
1986,124,18.61,15.12,23.36,352.06,0,83.58,1.96
1986,125,18.67,14.48,23.52,352.06,0,82.14,2.29
1986,126,18.86,15.23,23.42,352.06,0,82.42,2.8
1986,127,18.79,15.61,23.07,352.06,0,83.04,2.71
1986,128,19.09,15.8,23.44,352.06,0,81.1,2.44
1986,129,18.17,16.24,21.58,352.06,0.1,86.29,3.69
1986,130,18.56,16.06,22.68,352.06,0,81.82,3.32
1986,131,18.15,15.1,22.15,352.06,0,82.4,3.2
1986,132,18.06,14.02,23.32,352.06,0,80.69,2.41
1986,133,19.24,15.48,24.25,352.06,0,80.52,2.45
1986,134,19.23,16.33,24.04,352.06,0,79.02,3.41
1986,135,18.59,14.77,23.4,352.06,0,80.56,2.58
1986,136,18.6,14.35,23.74,352.06,0,75.81,2.95
1986,137,19.07,15.98,23.06,352.06,0,78.16,2.98
1986,138,18.29,13.91,22.89,352.06,0,81.01,2.73
1986,139,18.37,14.63,23.8,352.06,0,79.61,2.45
1986,140,19.41,13.13,26.12,352.06,0,72.85,2.35
1986,141,19.27,13.3,24.7,352.06,0,73.65,2.67
1986,142,19.83,15.97,25.45,352.06,0,76.68,2.49
1986,143,19.78,16.04,24.78,352.06,0,77.59,3.21
1986,144,18.99,14.96,23.77,352.06,0,73.95,3.17
1986,145,19.11,14.58,23.87,352.06,0,72.29,3.33
1986,146,18,14.1,22.59,352.06,0,75.42,3.35
1986,147,16.64,12.72,21.05,352.06,0.3,82.01,3.15
1986,148,17.5,14.02,22.45,352.06,0.1,80.72,3.26
1986,149,16.53,14.07,19.75,352.06,2.6,89.1,3.74
1986,150,17.26,13.76,20.82,352.06,0,82.09,2.58
1986,151,18.19,15.48,23.03,165.37,0,78.43,2.52
1986,152,19.1,14.83,24.04,252.18,0,74.88,3.37
1986,153,19.11,15.58,23.99,273.08,2.6,76.13,3.6
1986,154,18,14.69,22.03,69.78,0,80.43,3.46
1986,155,17.66,13.89,22.83,199.47,0,79.68,3.11
1986,156,19.15,14.11,24.66,306.03,0,72.1,2.52
1986,157,18.83,15.25,23.88,200.96,0.2,76.26,3.01
1986,158,18.95,13.44,24.91,360.35,0,62.02,2.54
1986,159,19.36,12.31,26.04,365.95,0,64.25,2.55
1986,160,18.79,15.88,23.8,229.63,0,75.18,3.93
1986,161,18.3,13.62,24.32,251.44,0,74.56,2.85
1986,162,19.59,14.98,24.61,351.39,0,63.15,2.73
1986,163,19.64,14.92,24.48,241.6,0.2,63.95,2.52
1986,164,17.84,13.52,22.29,190.26,0,74.48,2.64
1986,165,18.81,14.98,25.01,245.06,0,78.03,2.24
1986,166,17.89,14.88,21.55,141.38,0,77.07,2.1
1986,167,18.54,14.65,23.95,188.56,0,74.76,2.65
1986,168,16.83,14.59,19.37,54.07,0,80.78,3.03
1986,169,17.38,13.35,22.42,172.24,0,74.23,2.81
1986,170,17.84,12.97,22.96,224.37,0,73.04,2.49
1986,171,18.42,14.65,22.7,138.18,0,77.27,2.83
1986,172,17.83,15.91,20.93,191.66,0,79.93,3.14
1986,173,17.11,14.77,20.05,117.71,0,78.53,2.92
1986,174,16.87,15.44,18.65,61.62,0,81.36,3.27
1986,175,17.72,14.23,22.8,198.47,0,69.59,2.7
1986,176,18.16,13.41,24.21,249.27,0,60.96,2.39
1986,177,16.67,13.5,21.31,115.2,0,76.59,2.67
1986,178,16.59,13.91,20.48,94.91,0,79.69,2.63
1986,179,17.33,12.34,22.77,236.09,0,73.82,2.46
1986,180,16.34,13.54,19.66,114.41,0,79.4,2.51
1986,181,17.5,14.71,21.1,109.4,0,75.77,3.1
1986,182,17.09,14.5,20.39,26.13,0,79.28,3.5
1986,183,16.91,14.71,19.95,85.05,0,75.76,3.45
1986,184,17.14,13.46,21.06,61.39,0,73.3,3.53
1986,185,16.5,13.97,19.82,167.11,0,73.98,3.97
1986,186,15.27,12.43,18.94,12.18,0,79.14,2.19
1986,187,18.06,15.84,19.51,95.63,0,66.31,4.78
1986,188,16.23,14.2,18.34,100.56,0,71.89,4.13
1986,189,16.26,12.37,20.81,159.02,0,72.12,3.26
1986,190,16.77,11.2,23.56,248.11,0,72.19,2.32
1986,191,18.69,10.53,26.26,315.31,0,65.96,2.48
1986,192,18.73,13.05,25.43,289.71,0,67.15,2.61
1986,193,16.82,13.68,20.29,189.55,0,74.61,3
1986,194,16.93,12.67,20.86,192.7,0,72.44,3.07
1986,195,18.08,13.39,23.37,212.77,0,65.2,3.12
1986,196,17.13,12.58,22.48,132.91,0,70.3,2.48
1986,197,16.52,12.53,20.62,203.16,0,72.56,2.49
1986,198,15.86,11.93,19.8,67.65,0,73.96,2.59
1986,199,16.31,12.25,21.51,91.4,0,71.79,3.25
1986,200,16.74,12.41,21.45,65.78,0,73.66,2.79
1986,201,18.82,12.14,25.91,312.23,0,61.97,2.95
1986,202,18.53,13.18,24.25,317.92,0,62.06,3.24
1986,203,17.85,14.49,22.47,64.01,0,70.11,3.15
1986,204,17.62,14.85,21.88,183.78,0,74.82,3.76
1986,205,17.38,13.13,21.38,87.99,0,73.91,2.7
1986,206,18.01,15.6,22.06,164.12,0,74.49,3.37
1986,207,16.77,14.22,22.16,164.8,0,75.2,3.05
1986,208,16.96,12.3,21.48,97.12,0,71.97,2.7
1986,209,16.78,14.6,20.27,100.08,0,75.65,3.99
1986,210,16.67,13.6,21.41,84.46,0,77.88,2.76
1986,211,17.75,12.74,24.26,309.83,0,75.95,2.78
1986,212,18.63,12.91,25.69,320.4,0,71.32,2.99
1986,213,17.26,14.02,21.61,108.1,0,75.7,3.71
1986,214,17.03,13.91,20.32,245.22,0.1,76.65,5.05
1986,215,15.78,15.4,16.35,340.3,0,84.12,3.86
1986,216,18.93,14.78,24.08,340.3,1.72,77.88,3.64
1986,217,18.93,14.78,24.08,340.3,1.72,75.95,3.64
1986,218,18.93,14.78,24.08,340.3,1.72,71.32,3.64
1986,219,18.93,14.78,24.08,340.3,1.72,75.7,3.64
1986,220,19.19,16.1,22.77,340.3,0,60.43,3.98
1986,221,16.3,14.35,19.47,99.72,1.5,82.14,3.25
1986,222,17.41,14.54,21.9,340.3,0,74.2,3.32
1986,223,17.26,13.47,21.84,340.3,0,70.81,2.72
1986,224,16.43,11.83,22.03,340.3,0,69.39,2.8
1986,225,17.57,11.74,23.44,340.3,0,67.25,3.53
1986,226,18.23,12.32,24.09,340.3,0,66.17,3.32
1986,227,19.11,13.96,24.68,340.3,0,69.91,3.56
1986,228,18.74,15.68,22.93,340.3,0,69.27,3.69
1986,229,18.19,14.99,22.6,340.3,0,70.44,3.82
1986,230,17.99,14.35,23.52,340.3,0,68.34,4.51
1986,231,18.84,13.73,25.12,340.3,0,60.16,3.04
1986,232,19.25,12.04,25.81,340.3,0,51.77,3.25
1986,233,19.13,12.72,24.83,340.3,0,55.64,3.8
1986,234,20.08,15.13,25.93,340.3,0,60.22,3.34
1986,235,18.24,12.75,24.9,278.29,0,66.35,3.65
1986,236,18.13,13.52,24.14,286.17,0,67.29,3.42
1986,237,18.43,12.48,24.75,339.26,0,67.22,3.85
1986,238,19.73,14.79,25.96,370.39,0,61.21,3.94
1986,239,19.43,14.24,26.09,348.37,0,62.14,3.64
1986,240,18.38,14.17,23.01,204.73,0,66.11,4.3
1986,241,18.08,13.66,22.52,203.21,0,65.33,4.51
1986,242,18.02,15.12,21.84,184.28,0,72.23,4.32
1986,243,18.07,15.24,22.71,132.61,0,72.33,3.66
1986,244,18.87,15.46,23.51,134.25,0,70.98,3.71
1986,245,18.68,15.53,23.49,177.46,0,71.85,3.22
1986,246,18.9,12.73,25.89,309.28,0,65.73,3.63
1986,247,18.78,14.35,24.48,183.69,0,65.77,3.56
1986,248,19.63,13.74,25.63,239.41,0,65.78,3.22
1986,249,20.42,13.62,26.98,276.93,0,59.99,2.42
1986,250,18.55,15.47,24.24,183.01,23.2,79.81,2.36
1986,251,17.83,15.35,20.88,216.31,1.5,84.97,3.37
1986,252,17.63,15.18,20.3,237.69,0,79.53,3.56
1986,253,18.7,13.12,24.8,304.84,0,69.46,3.47
1986,254,19.63,15.06,25.4,286.39,0,68.96,3.1
1986,255,20.1,15.27,26.39,311.18,0,70.71,2.69
1986,256,18.54,15.58,23.43,212.37,0,78.29,3.58
1986,257,19.3,15.09,24.61,303.08,0,61.66,4.59
1986,258,18.25,15.11,22.31,305.08,0,70.57,3.47
1986,259,19.19,13.58,25.41,335.8,0,67.65,3.06
1986,260,20.08,15.78,27.18,352.88,7.9,69.76,3.16
1986,261,19.27,15.2,24.9,296.61,0,71.05,3.53
1986,262,19.43,14.03,24.85,321.49,0,70.28,3.57
1986,263,20.13,15.04,27.25,425.01,0,68.7,2.81
1986,264,20.11,14.46,26.74,335.61,0,68.67,3.61
1986,265,20.33,15.96,25.85,292.61,0,63.45,4.06
1986,266,19.54,15.6,24.75,214.41,0,65.68,4.21
1986,267,18.87,16.08,24.31,306.57,0,72.24,4.2
1986,268,20.51,14.71,27.22,310.98,0,58.63,3.17
1986,269,20.23,13.96,27.28,291.16,0,64.9,2.78
1986,270,20.27,14.8,26.27,303.74,0,67.24,3.51
1986,271,18.89,16.03,22.69,79.8,0,71.98,3.83
1986,272,19.89,13.95,26.59,315.98,0,67.54,3.7
1986,273,19.74,15.23,26.4,221.85,0,71.17,4.05
1986,274,20.87,16.39,27.58,279.48,0,66.11,3.52
1986,275,20.79,14.59,27.58,290.74,0,61.65,3.22
1986,276,18.98,12.25,25.45,355.89,0,61.51,3.36
1986,277,17.97,16.28,21.07,340.3,0,79.37,4.62
1986,278,18.71,15.17,23.32,340.3,0.1,73.05,3.82
1986,279,20.09,15.8,26.43,340.3,0,67.62,4.09
1986,280,20.12,14.92,26.08,340.3,0,59.02,3.57
1986,281,20.74,13.07,27.9,340.3,0,56.38,3.34
1986,282,21.15,14.46,27.94,340.3,0,61.27,4.24
1986,283,20.8,16.31,27.4,340.3,0,66.42,5.2
1986,284,20.65,14.57,26.53,340.3,0,61.27,4.42
1986,285,21.22,14.61,27.95,29.44,0,58.16,4.01
1986,286,22.07,14.44,29.04,427.23,0,57.17,3.61
1986,287,22.09,16.24,28.14,428.3,0,64.39,5.2
1986,288,21.94,17.65,27.56,348.26,0,67.16,5.57
1986,289,20.65,16.41,25.56,391.86,0.5,73,4.75
1986,290,20.59,17,26.7,287.02,0.1,72.18,3.44
1986,291,21.14,17.4,25.88,391.89,0,71.74,4.22
1986,292,19.67,16.88,24.57,333,0.9,79.34,4.75
1986,293,19.63,14.75,24.34,333.2,0,70.86,3.97
1986,294,20.13,15.77,25.43,317.38,0,68.67,4.18
1986,295,21.29,16.21,26.31,335.48,0,56.17,3.38
1986,296,20.92,15.51,26.96,386.79,0,56.58,3.52
1986,297,21.26,15.27,26.84,361.83,0,62.73,3.41
1986,298,21.43,17.08,26.31,373.89,0,67.31,4.54
1986,299,19.75,16.89,24.27,302.02,1.9,76.47,4.64
1986,300,19.99,16.11,24.47,275.17,0,70.49,3.55
1986,301,20.44,15.29,26.18,299.92,0,67.55,3.87
1986,302,20.44,16.2,25.09,293.17,0,66.86,3.74
1986,303,19.84,16.07,25.11,320.12,0,72.71,4.13
1986,304,19.58,16.66,24.13,286.44,4.5,78.4,4.26
1986,305,20.19,15.98,25.04,301.58,0,72.37,3.77
1986,306,18.89,16.55,22.21,304.4,32.9,85.22,3.63
1986,307,18.28,16.62,22.5,326.5,8.3,88.67,3.3
1986,308,18.22,15.53,21.34,294.16,8.6,84.66,3.2
1986,309,18.8,16.42,23.16,313,7.2,85.41,3
1986,310,19.32,16.17,24.13,442.3,28.39,81.98,3.32
1986,311,19.12,15.6,23.81,471.37,35.8,82.53,2.9
1986,312,18.59,16.89,21.94,329.38,3.1,88.16,3.48
1986,313,19.14,15.53,23.06,388.75,0,78.03,3.7
1986,314,18.8,16.01,22.5,265.7,17.8,85.21,3.72
1986,315,18.04,15.14,21.42,278.59,11.1,87.17,4.04
1986,316,18.82,16.5,23.13,342.78,4.4,86.05,3.73
1986,317,18.97,16.48,22.72,418.36,3.9,87.41,4.58
1986,318,18.57,16.33,23.09,332.43,22.2,89.79,2.51
1986,319,18.42,16.63,22.5,327.11,5.7,89.16,3.26
1986,320,18.56,16.26,22.07,379.33,6.6,87.77,3.73
1986,321,18.58,16.27,22.19,301.92,2.5,87.67,3.39
1986,322,19.16,16.24,23.04,360.37,1.74,82.42,3.52
1986,323,19.33,16.45,23.33,426.02,1.4,82.05,3.47
1986,324,18.81,15.89,23.3,398.04,0.4,85.17,3.46
1986,325,18.89,16.91,22.18,319.64,14.2,87.74,3.58
1986,326,18.29,16.52,21.89,360.61,8.7,91.68,4.05
1986,327,18.41,16.01,21.81,332.88,3.6,87.89,4.08
1986,328,18.6,16.2,22.59,392.39,9,87.44,3.59
1986,329,18.63,16.17,22.4,319.92,6.8,87.22,2.76
1986,330,18.31,15.64,21.96,339,8.4,89.85,3.28
1986,331,19.47,15.78,24.04,471.51,2.6,77.23,3.81
1986,332,19.07,16.67,23.43,349.55,0,83.95,3.15
1986,333,19.54,16.52,23.98,498.21,0,75.99,3.76
1986,334,19.2,15.46,23.4,483.41,0,72.17,3.74
1986,335,19.08,14.87,23.94,461.96,0,71.36,3.2
1986,336,19.51,14.76,24.39,411.98,0,75.32,3.14
1986,337,19.26,16.65,23.41,401.68,0,82.54,3.88
1986,338,18.98,15.93,23.5,363.5,0,80.18,3.54
1986,339,19.21,15.7,24.03,404.09,0,75.45,2.89
1986,340,19.08,16.36,23.58,383.18,0,79.45,2.86
1986,341,19.16,13.78,24.68,473.77,0,76.59,2.78
1986,342,19.31,14.63,24.83,446.49,0,70.69,2.85
1986,343,18.69,14.4,23.86,398.57,0,78.08,2.72
1986,344,19.39,16.5,23.57,397.26,0.8,80.59,4.16
1986,345,19.18,15.52,23.85,396.18,0.1,80.1,3.6
1986,346,19.24,15,24.28,353.75,0,81.24,2.85
1986,347,19.64,15.87,24.75,349.7,0,82.55,2.64
1986,348,19.65,17.22,23.88,355.75,0.1,85.12,3.01
1986,349,18.97,16.04,22.86,373.16,4.7,87.32,4.19
1986,350,18.27,16.3,21.59,235.59,0,85.91,4.21
1986,351,18.93,15.66,23.38,376.45,0,79.05,3.99
1986,352,18.79,15.6,23.31,400.29,0.1,80.3,3.54
1986,353,19.29,16.03,23.73,350.94,0,76.19,2.57
1986,354,18.81,14.53,23.85,403.15,0,78.18,2.74
1986,355,19.55,15.62,24.47,407.99,0,74.8,3.57
1986,356,19.31,15.92,23.7,323.94,2.2,83.67,3.45
1986,357,18.94,16.36,23.24,309.77,6.7,86.91,3.82
1986,358,20.22,16.91,24.8,409.78,0.7,81.63,3.41
1986,359,20.3,17.16,25.01,417.6,0,83.61,3.95
1986,360,18.96,16.81,22.36,248.07,0.6,86.86,4.58
1986,361,18.91,14.84,23.14,434.42,0,73.13,3.85
1986,362,19.96,15.72,24.86,444.77,0,68.75,3.05
1986,363,20.22,15.6,25.2,410.62,0,77.61,2.63
1986,364,20.21,16.76,25.21,330.63,0,81.03,3.1
1986,365,20.6,17.19,25.44,386.32,0,78.05,2.63
1987,1,19.25,14.12,24.18,280.23,0,62.72,4.63
1987,2,17.98,13.75,23.01,211.09,0.1,72.71,4.88
1987,3,17.25,15.45,20.82,214.32,10.62,87.78,5.48
1987,4,16.94,15.21,19.18,103.83,4.8,89.25,4.65
1987,5,17.62,14.54,21.55,274.51,0.2,77.42,4.38
1987,6,19.42,13.57,24.66,376.05,0,56.91,3.87
1987,7,19.6,14.23,24.56,355.46,0,60.44,4.2
1987,8,19.01,13.81,24.6,361.29,0,73.27,4.48
1987,9,19.48,16.27,24.33,277.82,0,74.98,5.09
1987,10,19.17,15.9,23.54,312.8,0,73.78,4.69
1987,11,19.18,14.34,24.06,300.67,0,70.07,4.13
1987,12,19.84,14.59,25.32,365.58,0,64.35,4.95
1987,13,19.68,13.39,25.11,359.62,0,57.99,4.46
1987,14,19.45,13.8,24.51,341.86,0,57.68,3.85
1987,15,19.78,13.98,24.89,349.03,0,53.19,4.17
1987,16,19.6,14.32,24.98,347.23,0,58.45,4.01
1987,17,19.44,13.62,24.81,280.46,0,61.1,4.05
1987,18,21.2,14.54,27.44,350.85,0,39.06,3.88
1987,19,21.45,15.57,27.25,356.5,0,43.76,3.63
1987,20,20.97,15.4,26.66,353.82,0,53.2,4.18
1987,21,20.88,14.6,26.14,356.25,0,51.04,4.37
1987,22,20.5,16.16,24.79,235.94,0,54.3,4.54
1987,23,20.05,16.04,24.84,262.47,0,65.03,4.02
1987,24,20.01,14.81,25.45,300.24,0,64.15,4.56
1987,25,20.9,14.87,26.58,352.5,0,58.19,4.1
1987,26,18.93,14.78,24.08,340.3,1.72,63.2328,3.64
1987,27,18.93,14.78,24.08,340.3,1.72,63.253312,3.64
1987,28,18.93,14.78,24.08,340.3,1.72,62.87504448,3.64
1987,29,18.93,14.78,24.08,340.3,1.72,61.87884626,3.64
1987,30,18.93,14.78,24.08,340.3,1.72,60.78400011,3.64
1987,31,18.93,14.78,24.08,340.3,1.72,60.11856011,3.64
1987,32,18.93,14.78,24.08,340.3,1.72,60.24690252,3.64
1987,33,18.93,14.78,24.08,340.3,1.72,60.23917862,3.64
1987,34,18.93,14.78,24.08,340.3,1.72,59.71794576,3.64
1987,35,18.93,14.78,24.08,340.3,1.72,59.10746359,3.64
1987,36,18.93,14.78,24.08,340.3,1.72,58.52056214,3.64
1987,37,18.93,14.78,24.08,340.3,1.72,58.05858462,3.64
1987,38,18.93,14.78,24.08,340.3,1.72,57.80692801,3.64
1987,39,18.93,14.78,24.08,340.3,1.72,57.79960513,3.64
1987,40,18.93,14.78,24.08,340.3,1.72,57.80438933,3.64
1987,41,18.93,14.78,24.08,340.3,1.72,57.98896491,3.64
1987,42,18.93,14.78,24.08,340.3,1.72,57.9705235,3.64
1987,43,18.93,14.78,24.08,340.3,1.72,57.84534444,3.64
1987,44,18.93,14.78,24.08,340.3,1.72,58.59675822,3.64
1987,45,18.93,14.78,24.08,340.3,1.72,59.19022855,3.64
1987,46,18.93,14.78,24.08,340.3,1.72,59.42983769,3.64
1987,47,18.93,14.78,24.08,340.3,1.72,59.7654312,3.64
1987,48,18.93,14.78,24.08,340.3,1.72,59.98404845,3.64
1987,49,18.93,14.78,24.08,340.3,1.72,59.78221039,3.64
1987,50,18.93,14.78,24.08,340.3,1.72,59.6074988,3.64
1987,51,18.93,14.78,24.08,340.3,1.72,59.66419875,3.64
1987,52,18.93,14.78,24.08,340.3,1.72,59.5214547,3.64
1987,53,18.93,14.78,24.08,340.3,1.72,59.37218041,3.64
1987,54,18.93,14.78,24.08,340.3,1.72,59.23206585,3.64
1987,55,18.93,14.78,24.08,340.3,1.72,59.12619463,3.64
1987,56,18.93,14.78,24.08,340.3,1.72,59.05988241,3.64
1987,57,18.93,14.78,24.08,340.3,1.72,59.01753531,3.64
1987,58,18.93,14.78,24.08,340.3,1.72,58.96836062,3.64
1987,59,18.93,14.78,24.08,340.3,1.72,58.9175279,3.64
1987,60,18.93,14.78,24.08,352.06,1.72,58.88551118,3.47
1987,61,18.93,14.78,24.08,352.06,1.72,58.87663309,3.47
1987,62,18.93,14.78,24.08,352.06,1.72,58.89087592,3.47
1987,63,18.93,14.78,24.08,352.06,1.72,58.92416758,3.47
1987,64,18.93,14.78,24.08,352.06,1.72,58.96885716,3.47
1987,65,18.93,14.78,24.08,352.06,1.72,59.01562724,3.47
1987,66,18.93,14.78,24.08,352.06,1.72,59.06407676,3.47
1987,67,18.93,14.78,24.08,352.06,1.72,59.10708123,3.47
1987,68,18.93,14.78,24.08,352.06,1.72,59.15254354,3.47
1987,69,18.93,14.78,24.08,352.06,1.72,59.2048315,3.47
1987,70,18.93,14.78,24.08,352.06,1.72,59.22915443,3.47
1987,71,18.93,14.78,24.08,352.06,1.72,59.23071147,3.47
1987,72,18.93,14.78,24.08,352.06,1.72,59.22274642,3.47
1987,73,18.93,14.78,24.08,352.06,1.72,59.20103903,3.47
1987,74,18.93,14.78,24.08,352.06,1.72,59.16971865,3.47
1987,75,18.93,14.78,24.08,352.06,1.72,59.14521898,3.47
1987,76,18.93,14.78,24.08,352.06,1.72,59.12672779,3.47
1987,77,18.93,14.78,24.08,352.06,1.72,59.10522895,3.47
1987,78,18.93,14.78,24.08,352.06,1.72,59.08857992,3.47
1987,79,18.93,14.78,24.08,352.06,1.72,59.0772359,3.47
1987,80,18.93,14.78,24.08,352.06,1.72,59.07104271,3.47
1987,81,18.93,14.78,24.08,352.06,1.72,59.06883663,3.47
1987,82,18.93,14.78,24.08,352.06,1.72,59.0691948,3.47
1987,83,18.93,14.78,24.08,352.06,1.72,59.07126118,3.47
1987,84,18.93,14.78,24.08,352.06,1.72,59.0753772,3.47
1987,85,18.93,14.78,24.08,352.06,1.72,59.08169117,3.47
1987,86,18.93,14.78,24.08,352.06,1.72,59.08953837,3.47
1987,87,18.93,14.78,24.08,352.06,1.72,59.09805458,3.47
1987,88,18.93,14.78,24.08,352.06,1.72,59.10634173,3.47
1987,89,18.93,14.78,24.08,352.06,1.72,59.11362869,3.47
1987,90,18.93,14.78,24.08,352.06,1.72,59.11941956,3.47
1987,91,18.93,14.78,24.08,352.06,1.72,59.12357125,3.47
1987,92,18.93,14.78,24.08,352.06,1.72,59.12595103,3.47
1987,93,18.93,14.78,24.08,352.06,1.72,59.12670582,3.47
1987,94,18.93,14.78,24.08,352.06,1.72,59.12567231,3.47
1987,95,18.93,14.78,24.08,352.06,1.72,59.12250594,3.47
1987,96,18.93,14.78,24.08,352.06,1.72,59.11824,3.47
1987,97,18.93,14.78,24.08,352.06,1.72,59.11374114,3.47
1987,98,18.93,14.78,24.08,352.06,1.72,59.10938093,3.47
1987,99,18.93,14.78,24.08,352.06,1.72,59.10571461,3.47
1987,100,18.93,14.78,24.08,352.06,1.72,59.10315445,3.47
1987,101,18.93,14.78,24.08,352.06,1.72,59.10147187,3.47
1987,102,18.93,14.78,24.08,352.06,1.72,59.10046163,3.47
1987,103,18.93,14.78,24.08,352.06,1.72,59.10027094,3.47
1987,104,18.93,14.78,24.08,352.06,1.72,59.10073858,3.47
1987,105,18.93,14.78,24.08,352.06,1.72,59.10167868,3.47
1987,106,18.93,14.78,24.08,352.06,1.72,59.10290412,3.47
1987,107,18.93,14.78,24.08,352.06,1.72,59.10426682,3.47
1987,108,18.93,14.78,24.08,352.06,1.72,59.1056697,3.47
1987,109,22.3,22.3,22.3,352.06,0,64.7,3.47
1987,110,21.07,17,24.09,352.06,0,71.13,3.74
1987,111,20.16,17.07,25.36,352.06,1,80.23,2.82
1987,112,18.06,16.81,19.59,352.06,17.06,92.29,2.83
1987,113,19.19,15.33,23.64,352.06,0,80.92,2.44
1987,114,20.13,17.32,24.31,352.06,0,81.88,2.65
1987,115,18.92,15.95,22.83,352.06,5.1,86.61,2.42
1987,116,18.55,16.41,22.86,352.06,35,89.17,1.62
1987,117,19.06,15.7,23.06,352.06,0.1,80.9,2.39
1987,118,17.85,16.69,20.08,352.06,11.7,90.83,2.03
1987,119,18.04,15.51,21.49,352.06,0,85.63,2.1
1987,120,18.66,16.79,22.47,352.06,14.3,87.36,2.18
1987,121,18.02,16.16,20.28,352.06,22.6,89.17,2.66
1987,122,18.54,14.62,22.18,352.06,0.6,84.6,2.64
1987,123,18.27,16.54,21.52,352.06,0.1,89.09,3.64
1987,124,18.61,15.12,23.36,352.06,0,83.58,1.96
1987,125,18.67,14.48,23.52,352.06,0,82.14,2.29
1987,126,18.86,15.23,23.42,352.06,0,82.42,2.8
1987,127,18.79,15.61,23.07,352.06,0,83.04,2.71
1987,128,19.09,15.8,23.44,352.06,0,81.1,2.44
1987,129,18.17,16.24,21.58,352.06,0.1,86.29,3.69
1987,130,18.56,16.06,22.68,352.06,0,81.82,3.32
1987,131,18.15,15.1,22.15,352.06,0,82.4,3.2
1987,132,18.06,14.02,23.32,352.06,0,80.69,2.41
1987,133,19.24,15.48,24.25,352.06,0,80.52,2.45
1987,134,19.23,16.33,24.04,352.06,0,79.02,3.41
1987,135,18.59,14.77,23.4,352.06,0,80.56,2.58
1987,136,18.6,14.35,23.74,352.06,0,75.81,2.95
1987,137,19.07,15.98,23.06,352.06,0,78.16,2.98
1987,138,18.29,13.91,22.89,352.06,0,81.01,2.73
1987,139,18.37,14.63,23.8,352.06,0,79.61,2.45
1987,140,19.41,13.13,26.12,352.06,0,72.85,2.35
1987,141,19.27,13.3,24.7,352.06,0,73.65,2.67
1987,142,19.83,15.97,25.45,352.06,0,76.68,2.49
1987,143,19.78,16.04,24.78,352.06,0,77.59,3.21
1987,144,18.99,14.96,23.77,352.06,0,73.95,3.17
1987,145,19.11,14.58,23.87,352.06,0,72.29,3.33
1987,146,18,14.1,22.59,352.06,0,75.42,3.35
1987,147,16.64,12.72,21.05,352.06,0.3,82.01,3.15
1987,148,17.5,14.02,22.45,352.06,0.1,80.72,3.26
1987,149,16.53,14.07,19.75,352.06,2.6,89.1,3.74
1987,150,17.26,13.76,20.82,352.06,0,82.09,2.58
1987,151,18.19,15.48,23.03,165.37,0,78.43,2.52
1987,152,19.1,14.83,24.04,252.18,0,74.88,3.37
1987,153,19.11,15.58,23.99,273.08,2.6,76.13,3.6
1987,154,18,14.69,22.03,69.78,0,80.43,3.46
1987,155,17.66,13.89,22.83,199.47,0,79.68,3.11
1987,156,19.15,14.11,24.66,306.03,0,72.1,2.52
1987,157,18.83,15.25,23.88,200.96,0.2,76.26,3.01
1987,158,18.95,13.44,24.91,360.35,0,62.02,2.54
1987,159,19.36,12.31,26.04,365.95,0,64.25,2.55
1987,160,18.79,15.88,23.8,229.63,0,75.18,3.93
1987,161,18.3,13.62,24.32,251.44,0,74.56,2.85
1987,162,19.59,14.98,24.61,351.39,0,63.15,2.73
1987,163,19.64,14.92,24.48,241.6,0.2,63.95,2.52
1987,164,17.84,13.52,22.29,190.26,0,74.48,2.64
1987,165,18.81,14.98,25.01,245.06,0,78.03,2.24
1987,166,17.89,14.88,21.55,141.38,0,77.07,2.1
1987,167,18.54,14.65,23.95,188.56,0,74.76,2.65
1987,168,16.83,14.59,19.37,54.07,0,80.78,3.03
1987,169,17.38,13.35,22.42,172.24,0,74.23,2.81
1987,170,17.84,12.97,22.96,224.37,0,73.04,2.49
1987,171,18.42,14.65,22.7,138.18,0,77.27,2.83
1987,172,17.83,15.91,20.93,191.66,0,79.93,3.14
1987,173,17.11,14.77,20.05,117.71,0,78.53,2.92
1987,174,16.87,15.44,18.65,61.62,0,81.36,3.27
1987,175,17.72,14.23,22.8,198.47,0,69.59,2.7
1987,176,18.16,13.41,24.21,249.27,0,60.96,2.39
1987,177,16.67,13.5,21.31,115.2,0,76.59,2.67
1987,178,16.59,13.91,20.48,94.91,0,79.69,2.63
1987,179,17.33,12.34,22.77,236.09,0,73.82,2.46
1987,180,16.34,13.54,19.66,114.41,0,79.4,2.51
1987,181,17.5,14.71,21.1,109.4,0,75.77,3.1
1987,182,17.09,14.5,20.39,26.13,0,79.28,3.5
1987,183,16.91,14.71,19.95,85.05,0,75.76,3.45
1987,184,17.14,13.46,21.06,61.39,0,73.3,3.53
1987,185,16.5,13.97,19.82,167.11,0,73.98,3.97
1987,186,15.27,12.43,18.94,12.18,0,79.14,2.19
1987,187,18.06,15.84,19.51,95.63,0,66.31,4.78
1987,188,16.23,14.2,18.34,100.56,0,71.89,4.13
1987,189,16.26,12.37,20.81,159.02,0,72.12,3.26
1987,190,16.77,11.2,23.56,248.11,0,72.19,2.32
1987,191,18.69,10.53,26.26,315.31,0,65.96,2.48
1987,192,18.73,13.05,25.43,289.71,0,67.15,2.61
1987,193,16.82,13.68,20.29,189.55,0,74.61,3
1987,194,16.93,12.67,20.86,192.7,0,72.44,3.07
1987,195,18.08,13.39,23.37,212.77,0,65.2,3.12
1987,196,17.13,12.58,22.48,132.91,0,70.3,2.48
1987,197,16.52,12.53,20.62,203.16,0,72.56,2.49
1987,198,15.86,11.93,19.8,67.65,0,73.96,2.59
1987,199,16.31,12.25,21.51,91.4,0,71.79,3.25
1987,200,16.74,12.41,21.45,65.78,0,73.66,2.79
1987,201,18.82,12.14,25.91,312.23,0,61.97,2.95
1987,202,18.53,13.18,24.25,317.92,0,62.06,3.24
1987,203,17.85,14.49,22.47,64.01,0,70.11,3.15
1987,204,17.62,14.85,21.88,183.78,0,74.82,3.76
1987,205,17.38,13.13,21.38,87.99,0,73.91,2.7
1987,206,18.01,15.6,22.06,164.12,0,74.49,3.37
1987,207,16.77,14.22,22.16,164.8,0,75.2,3.05
1987,208,16.96,12.3,21.48,97.12,0,71.97,2.7
1987,209,16.78,14.6,20.27,100.08,0,75.65,3.99
1987,210,16.67,13.6,21.41,84.46,0,77.88,2.76
1987,211,17.75,12.74,24.26,309.83,0,75.95,2.78
1987,212,18.63,12.91,25.69,320.4,0,71.32,2.99
1987,213,17.26,14.02,21.61,108.1,0,75.7,3.71
1987,214,17.03,13.91,20.32,245.22,0.1,76.65,5.05
1987,215,15.78,15.4,16.35,340.3,0,84.12,3.86
1987,216,18.93,14.78,24.08,340.3,1.72,77.88,3.64
1987,217,18.93,14.78,24.08,340.3,1.72,75.95,3.64
1987,218,18.93,14.78,24.08,340.3,1.72,71.32,3.64
1987,219,18.93,14.78,24.08,340.3,1.72,75.7,3.64
1987,220,19.19,16.1,22.77,340.3,0,60.43,3.98
1987,221,16.3,14.35,19.47,99.72,1.5,82.14,3.25
1987,222,17.41,14.54,21.9,340.3,0,74.2,3.32
1987,223,17.26,13.47,21.84,340.3,0,70.81,2.72
1987,224,16.43,11.83,22.03,340.3,0,69.39,2.8
1987,225,17.57,11.74,23.44,340.3,0,67.25,3.53
1987,226,18.23,12.32,24.09,340.3,0,66.17,3.32
1987,227,19.11,13.96,24.68,340.3,0,69.91,3.56
1987,228,18.74,15.68,22.93,340.3,0,69.27,3.69
1987,229,18.19,14.99,22.6,340.3,0,70.44,3.82
1987,230,17.99,14.35,23.52,340.3,0,68.34,4.51
1987,231,18.84,13.73,25.12,340.3,0,60.16,3.04
1987,232,19.25,12.04,25.81,340.3,0,51.77,3.25
1987,233,19.13,12.72,24.83,340.3,0,55.64,3.8
1987,234,20.08,15.13,25.93,340.3,0,60.22,3.34
1987,235,18.24,12.75,24.9,278.29,0,66.35,3.65
1987,236,18.13,13.52,24.14,286.17,0,67.29,3.42
1987,237,18.43,12.48,24.75,339.26,0,67.22,3.85
1987,238,19.73,14.79,25.96,370.39,0,61.21,3.94
1987,239,19.43,14.24,26.09,348.37,0,62.14,3.64
1987,240,18.38,14.17,23.01,204.73,0,66.11,4.3
1987,241,18.08,13.66,22.52,203.21,0,65.33,4.51
1987,242,18.02,15.12,21.84,184.28,0,72.23,4.32
1987,243,18.07,15.24,22.71,132.61,0,72.33,3.66
1987,244,18.87,15.46,23.51,134.25,0,70.98,3.71
1987,245,18.68,15.53,23.49,177.46,0,71.85,3.22
1987,246,18.9,12.73,25.89,309.28,0,65.73,3.63
1987,247,18.78,14.35,24.48,183.69,0,65.77,3.56
1987,248,19.63,13.74,25.63,239.41,0,65.78,3.22
1987,249,20.42,13.62,26.98,276.93,0,59.99,2.42
1987,250,18.55,15.47,24.24,183.01,23.2,79.81,2.36
1987,251,17.83,15.35,20.88,216.31,1.5,84.97,3.37
1987,252,17.63,15.18,20.3,237.69,0,79.53,3.56
1987,253,18.7,13.12,24.8,304.84,0,69.46,3.47
1987,254,19.63,15.06,25.4,286.39,0,68.96,3.1
1987,255,20.1,15.27,26.39,311.18,0,70.71,2.69
1987,256,18.54,15.58,23.43,212.37,0,78.29,3.58
1987,257,19.3,15.09,24.61,303.08,0,61.66,4.59
1987,258,18.25,15.11,22.31,305.08,0,70.57,3.47
1987,259,19.19,13.58,25.41,335.8,0,67.65,3.06
1987,260,20.08,15.78,27.18,352.88,7.9,69.76,3.16
1987,261,19.27,15.2,24.9,296.61,0,71.05,3.53
1987,262,19.43,14.03,24.85,321.49,0,70.28,3.57
1987,263,20.13,15.04,27.25,425.01,0,68.7,2.81
1987,264,20.11,14.46,26.74,335.61,0,68.67,3.61
1987,265,20.33,15.96,25.85,292.61,0,63.45,4.06
1987,266,19.54,15.6,24.75,214.41,0,65.68,4.21
1987,267,18.87,16.08,24.31,306.57,0,72.24,4.2
1987,268,20.51,14.71,27.22,310.98,0,58.63,3.17
1987,269,20.23,13.96,27.28,291.16,0,64.9,2.78
1987,270,20.27,14.8,26.27,303.74,0,67.24,3.51
1987,271,18.89,16.03,22.69,79.8,0,71.98,3.83
1987,272,19.89,13.95,26.59,315.98,0,67.54,3.7
1987,273,19.74,15.23,26.4,221.85,0,71.17,4.05
1987,274,20.87,16.39,27.58,279.48,0,66.11,3.52
1987,275,20.79,14.59,27.58,290.74,0,61.65,3.22
1987,276,18.98,12.25,25.45,355.89,0,61.51,3.36
1987,277,17.97,16.28,21.07,340.3,0,79.37,4.62
1987,278,18.71,15.17,23.32,340.3,0.1,73.05,3.82
1987,279,20.09,15.8,26.43,340.3,0,67.62,4.09
1987,280,20.12,14.92,26.08,340.3,0,59.02,3.57
1987,281,20.74,13.07,27.9,340.3,0,56.38,3.34
1987,282,21.15,14.46,27.94,340.3,0,61.27,4.24
1987,283,20.8,16.31,27.4,340.3,0,66.42,5.2
1987,284,20.65,14.57,26.53,340.3,0,61.27,4.42
1987,285,21.22,14.61,27.95,29.44,0,58.16,4.01
1987,286,22.07,14.44,29.04,427.23,0,57.17,3.61
1987,287,22.09,16.24,28.14,428.3,0,64.39,5.2
1987,288,21.94,17.65,27.56,348.26,0,67.16,5.57
1987,289,20.65,16.41,25.56,391.86,0.5,73,4.75
1987,290,20.59,17,26.7,287.02,0.1,72.18,3.44
1987,291,21.14,17.4,25.88,391.89,0,71.74,4.22
1987,292,19.67,16.88,24.57,333,0.9,79.34,4.75
1987,293,19.63,14.75,24.34,333.2,0,70.86,3.97
1987,294,20.13,15.77,25.43,317.38,0,68.67,4.18
1987,295,21.29,16.21,26.31,335.48,0,56.17,3.38
1987,296,20.92,15.51,26.96,386.79,0,56.58,3.52
1987,297,21.26,15.27,26.84,361.83,0,62.73,3.41
1987,298,21.43,17.08,26.31,373.89,0,67.31,4.54
1987,299,19.75,16.89,24.27,302.02,1.9,76.47,4.64
1987,300,19.99,16.11,24.47,275.17,0,70.49,3.55
1987,301,20.44,15.29,26.18,299.92,0,67.55,3.87
1987,302,20.44,16.2,25.09,293.17,0,66.86,3.74
1987,303,19.84,16.07,25.11,320.12,0,72.71,4.13
1987,304,19.58,16.66,24.13,286.44,4.5,78.4,4.26
1987,305,20.19,15.98,25.04,301.58,0,72.37,3.77
1987,306,18.89,16.55,22.21,304.4,32.9,85.22,3.63
1987,307,18.28,16.62,22.5,326.5,8.3,88.67,3.3
1987,308,18.22,15.53,21.34,294.16,8.6,84.66,3.2
1987,309,18.8,16.42,23.16,313,7.2,85.41,3
1987,310,19.32,16.17,24.13,442.3,28.39,81.98,3.32
1987,311,19.12,15.6,23.81,471.37,35.8,82.53,2.9
1987,312,18.59,16.89,21.94,329.38,3.1,88.16,3.48
1987,313,19.14,15.53,23.06,388.75,0,78.03,3.7
1987,314,18.8,16.01,22.5,265.7,17.8,85.21,3.72
1987,315,18.04,15.14,21.42,278.59,11.1,87.17,4.04
1987,316,18.82,16.5,23.13,342.78,4.4,86.05,3.73
1987,317,18.97,16.48,22.72,418.36,3.9,87.41,4.58
1987,318,18.57,16.33,23.09,332.43,22.2,89.79,2.51
1987,319,18.42,16.63,22.5,327.11,5.7,89.16,3.26
1987,320,18.56,16.26,22.07,379.33,6.6,87.77,3.73
1987,321,18.58,16.27,22.19,301.92,2.5,87.67,3.39
1987,322,19.16,16.24,23.04,360.37,1.74,82.42,3.52
1987,323,19.33,16.45,23.33,426.02,1.4,82.05,3.47
1987,324,18.81,15.89,23.3,398.04,0.4,85.17,3.46
1987,325,18.89,16.91,22.18,319.64,14.2,87.74,3.58
1987,326,18.29,16.52,21.89,360.61,8.7,91.68,4.05
1987,327,18.41,16.01,21.81,332.88,3.6,87.89,4.08
1987,328,18.6,16.2,22.59,392.39,9,87.44,3.59
1987,329,18.63,16.17,22.4,319.92,6.8,87.22,2.76
1987,330,18.31,15.64,21.96,339,8.4,89.85,3.28
1987,331,19.47,15.78,24.04,471.51,2.6,77.23,3.81
1987,332,19.07,16.67,23.43,349.55,0,83.95,3.15
1987,333,19.54,16.52,23.98,498.21,0,75.99,3.76
1987,334,19.2,15.46,23.4,483.41,0,72.17,3.74
1987,335,19.08,14.87,23.94,461.96,0,71.36,3.2
1987,336,19.51,14.76,24.39,411.98,0,75.32,3.14
1987,337,19.26,16.65,23.41,401.68,0,82.54,3.88
1987,338,18.98,15.93,23.5,363.5,0,80.18,3.54
1987,339,19.21,15.7,24.03,404.09,0,75.45,2.89
1987,340,19.08,16.36,23.58,383.18,0,79.45,2.86
1987,341,19.16,13.78,24.68,473.77,0,76.59,2.78
1987,342,19.31,14.63,24.83,446.49,0,70.69,2.85
1987,343,18.69,14.4,23.86,398.57,0,78.08,2.72
1987,344,19.39,16.5,23.57,397.26,0.8,80.59,4.16
1987,345,19.18,15.52,23.85,396.18,0.1,80.1,3.6
1987,346,19.24,15,24.28,353.75,0,81.24,2.85
1987,347,19.64,15.87,24.75,349.7,0,82.55,2.64
1987,348,19.65,17.22,23.88,355.75,0.1,85.12,3.01
1987,349,18.97,16.04,22.86,373.16,4.7,87.32,4.19
1987,350,18.27,16.3,21.59,235.59,0,85.91,4.21
1987,351,18.93,15.66,23.38,376.45,0,79.05,3.99
1987,352,18.79,15.6,23.31,400.29,0.1,80.3,3.54
1987,353,19.29,16.03,23.73,350.94,0,76.19,2.57
1987,354,18.81,14.53,23.85,403.15,0,78.18,2.74
1987,355,19.55,15.62,24.47,407.99,0,74.8,3.57
1987,356,19.31,15.92,23.7,323.94,2.2,83.67,3.45
1987,357,18.94,16.36,23.24,309.77,6.7,86.91,3.82
1987,358,20.22,16.91,24.8,409.78,0.7,81.63,3.41
1987,359,20.3,17.16,25.01,417.6,0,83.61,3.95
1987,360,18.96,16.81,22.36,248.07,0.6,86.86,4.58
1987,361,18.91,14.84,23.14,434.42,0,73.13,3.85
1987,362,19.96,15.72,24.86,444.77,0,68.75,3.05
1987,363,20.22,15.6,25.2,410.62,0,77.61,2.63
1987,364,20.21,16.76,25.21,330.63,0,81.03,3.1
1987,365,20.6,17.19,25.44,386.32,0,78.05,2.63
1988,1,19.25,14.12,24.18,280.23,0,62.72,4.63
1988,2,17.98,13.75,23.01,211.09,0.1,72.71,4.88
1988,3,17.25,15.45,20.82,214.32,10.62,87.78,5.48
1988,4,16.94,15.21,19.18,103.83,4.8,89.25,4.65
1988,5,17.62,14.54,21.55,274.51,0.2,77.42,4.38
1988,6,19.42,13.57,24.66,376.05,0,56.91,3.87
1988,7,19.6,14.23,24.56,355.46,0,60.44,4.2
1988,8,19.01,13.81,24.6,361.29,0,73.27,4.48
1988,9,19.48,16.27,24.33,277.82,0,74.98,5.09
1988,10,19.17,15.9,23.54,312.8,0,73.78,4.69
1988,11,19.18,14.34,24.06,300.67,0,70.07,4.13
1988,12,19.84,14.59,25.32,365.58,0,64.35,4.95
1988,13,19.68,13.39,25.11,359.62,0,57.99,4.46
1988,14,19.45,13.8,24.51,341.86,0,57.68,3.85
1988,15,19.78,13.98,24.89,349.03,0,53.19,4.17
1988,16,19.6,14.32,24.98,347.23,0,58.45,4.01
1988,17,19.44,13.62,24.81,280.46,0,61.1,4.05
1988,18,21.2,14.54,27.44,350.85,0,39.06,3.88
1988,19,21.45,15.57,27.25,356.5,0,43.76,3.63
1988,20,20.97,15.4,26.66,353.82,0,53.2,4.18
1988,21,20.88,14.6,26.14,356.25,0,51.04,4.37
1988,22,20.5,16.16,24.79,235.94,0,54.3,4.54
1988,23,20.05,16.04,24.84,262.47,0,65.03,4.02
1988,24,20.01,14.81,25.45,300.24,0,64.15,4.56
1988,25,20.9,14.87,26.58,352.5,0,58.19,4.1
1988,26,18.93,14.78,24.08,340.3,1.72,63.2328,3.64
1988,27,18.93,14.78,24.08,340.3,1.72,63.253312,3.64
1988,28,18.93,14.78,24.08,340.3,1.72,62.87504448,3.64
1988,29,18.93,14.78,24.08,340.3,1.72,61.87884626,3.64
1988,30,18.93,14.78,24.08,340.3,1.72,60.78400011,3.64
1988,31,18.93,14.78,24.08,340.3,1.72,60.11856011,3.64
1988,32,18.93,14.78,24.08,340.3,1.72,60.24690252,3.64
1988,33,18.93,14.78,24.08,340.3,1.72,60.23917862,3.64
1988,34,18.93,14.78,24.08,340.3,1.72,59.71794576,3.64
1988,35,18.93,14.78,24.08,340.3,1.72,59.10746359,3.64
1988,36,18.93,14.78,24.08,340.3,1.72,58.52056214,3.64
1988,37,18.93,14.78,24.08,340.3,1.72,58.05858462,3.64
1988,38,18.93,14.78,24.08,340.3,1.72,57.80692801,3.64
1988,39,18.93,14.78,24.08,340.3,1.72,57.79960513,3.64
1988,40,18.93,14.78,24.08,340.3,1.72,57.80438933,3.64
1988,41,18.93,14.78,24.08,340.3,1.72,57.98896491,3.64
1988,42,18.93,14.78,24.08,340.3,1.72,57.9705235,3.64
1988,43,18.93,14.78,24.08,340.3,1.72,57.84534444,3.64
1988,44,18.93,14.78,24.08,340.3,1.72,58.59675822,3.64
1988,45,18.93,14.78,24.08,340.3,1.72,59.19022855,3.64
1988,46,18.93,14.78,24.08,340.3,1.72,59.42983769,3.64
1988,47,18.93,14.78,24.08,340.3,1.72,59.7654312,3.64
1988,48,18.93,14.78,24.08,340.3,1.72,59.98404845,3.64
1988,49,18.93,14.78,24.08,340.3,1.72,59.78221039,3.64
1988,50,18.93,14.78,24.08,340.3,1.72,59.6074988,3.64
1988,51,18.93,14.78,24.08,340.3,1.72,59.66419875,3.64
1988,52,18.93,14.78,24.08,340.3,1.72,59.5214547,3.64
1988,53,18.93,14.78,24.08,340.3,1.72,59.37218041,3.64
1988,54,18.93,14.78,24.08,340.3,1.72,59.23206585,3.64
1988,55,18.93,14.78,24.08,340.3,1.72,59.12619463,3.64
1988,56,18.93,14.78,24.08,340.3,1.72,59.05988241,3.64
1988,57,18.93,14.78,24.08,340.3,1.72,59.01753531,3.64
1988,58,18.93,14.78,24.08,340.3,1.72,58.96836062,3.64
1988,59,18.93,14.78,24.08,340.3,1.72,58.9175279,3.64
1988,60,18.93,14.78,24.08,352.06,1.72,58.88551118,3.47
1988,61,18.93,14.78,24.08,352.06,1.72,58.87663309,3.47
1988,62,18.93,14.78,24.08,352.06,1.72,58.89087592,3.47
1988,63,18.93,14.78,24.08,352.06,1.72,58.92416758,3.47
1988,64,18.93,14.78,24.08,352.06,1.72,58.96885716,3.47
1988,65,18.93,14.78,24.08,352.06,1.72,59.01562724,3.47
1988,66,18.93,14.78,24.08,352.06,1.72,59.06407676,3.47
1988,67,18.93,14.78,24.08,352.06,1.72,59.10708123,3.47
1988,68,18.93,14.78,24.08,352.06,1.72,59.15254354,3.47
1988,69,18.93,14.78,24.08,352.06,1.72,59.2048315,3.47
1988,70,18.93,14.78,24.08,352.06,1.72,59.22915443,3.47
1988,71,18.93,14.78,24.08,352.06,1.72,59.23071147,3.47
1988,72,18.93,14.78,24.08,352.06,1.72,59.22274642,3.47
1988,73,18.93,14.78,24.08,352.06,1.72,59.20103903,3.47
1988,74,18.93,14.78,24.08,352.06,1.72,59.16971865,3.47
1988,75,18.93,14.78,24.08,352.06,1.72,59.14521898,3.47
1988,76,18.93,14.78,24.08,352.06,1.72,59.12672779,3.47
1988,77,18.93,14.78,24.08,352.06,1.72,59.10522895,3.47
1988,78,18.93,14.78,24.08,352.06,1.72,59.08857992,3.47
1988,79,18.93,14.78,24.08,352.06,1.72,59.0772359,3.47
1988,80,18.93,14.78,24.08,352.06,1.72,59.07104271,3.47
1988,81,18.93,14.78,24.08,352.06,1.72,59.06883663,3.47
1988,82,18.93,14.78,24.08,352.06,1.72,59.0691948,3.47
1988,83,18.93,14.78,24.08,352.06,1.72,59.07126118,3.47
1988,84,18.93,14.78,24.08,352.06,1.72,59.0753772,3.47
1988,85,18.93,14.78,24.08,352.06,1.72,59.08169117,3.47
1988,86,18.93,14.78,24.08,352.06,1.72,59.08953837,3.47
1988,87,18.93,14.78,24.08,352.06,1.72,59.09805458,3.47
1988,88,18.93,14.78,24.08,352.06,1.72,59.10634173,3.47
1988,89,18.93,14.78,24.08,352.06,1.72,59.11362869,3.47
1988,90,18.93,14.78,24.08,352.06,1.72,59.11941956,3.47
1988,91,18.93,14.78,24.08,352.06,1.72,59.12357125,3.47
1988,92,18.93,14.78,24.08,352.06,1.72,59.12595103,3.47
1988,93,18.93,14.78,24.08,352.06,1.72,59.12670582,3.47
1988,94,18.93,14.78,24.08,352.06,1.72,59.12567231,3.47
1988,95,18.93,14.78,24.08,352.06,1.72,59.12250594,3.47
1988,96,18.93,14.78,24.08,352.06,1.72,59.11824,3.47
1988,97,18.93,14.78,24.08,352.06,1.72,59.11374114,3.47
1988,98,18.93,14.78,24.08,352.06,1.72,59.10938093,3.47
1988,99,18.93,14.78,24.08,352.06,1.72,59.10571461,3.47
1988,100,18.93,14.78,24.08,352.06,1.72,59.10315445,3.47
1988,101,18.93,14.78,24.08,352.06,1.72,59.10147187,3.47
1988,102,18.93,14.78,24.08,352.06,1.72,59.10046163,3.47
1988,103,18.93,14.78,24.08,352.06,1.72,59.10027094,3.47
1988,104,18.93,14.78,24.08,352.06,1.72,59.10073858,3.47
1988,105,18.93,14.78,24.08,352.06,1.72,59.10167868,3.47
1988,106,18.93,14.78,24.08,352.06,1.72,59.10290412,3.47
1988,107,18.93,14.78,24.08,352.06,1.72,59.10426682,3.47
1988,108,18.93,14.78,24.08,352.06,1.72,59.1056697,3.47
1988,109,22.3,22.3,22.3,352.06,0,64.7,3.47
1988,110,21.07,17,24.09,352.06,0,71.13,3.74
1988,111,20.16,17.07,25.36,352.06,1,80.23,2.82
1988,112,18.06,16.81,19.59,352.06,17.06,92.29,2.83
1988,113,19.19,15.33,23.64,352.06,0,80.92,2.44
1988,114,20.13,17.32,24.31,352.06,0,81.88,2.65
1988,115,18.92,15.95,22.83,352.06,5.1,86.61,2.42
1988,116,18.55,16.41,22.86,352.06,35,89.17,1.62
1988,117,19.06,15.7,23.06,352.06,0.1,80.9,2.39
1988,118,17.85,16.69,20.08,352.06,11.7,90.83,2.03
1988,119,18.04,15.51,21.49,352.06,0,85.63,2.1
1988,120,18.66,16.79,22.47,352.06,14.3,87.36,2.18
1988,121,18.02,16.16,20.28,352.06,22.6,89.17,2.66
1988,122,18.54,14.62,22.18,352.06,0.6,84.6,2.64
1988,123,18.27,16.54,21.52,352.06,0.1,89.09,3.64
1988,124,18.61,15.12,23.36,352.06,0,83.58,1.96
1988,125,18.67,14.48,23.52,352.06,0,82.14,2.29
1988,126,18.86,15.23,23.42,352.06,0,82.42,2.8
1988,127,18.79,15.61,23.07,352.06,0,83.04,2.71
1988,128,19.09,15.8,23.44,352.06,0,81.1,2.44
1988,129,18.17,16.24,21.58,352.06,0.1,86.29,3.69
1988,130,18.56,16.06,22.68,352.06,0,81.82,3.32
1988,131,18.15,15.1,22.15,352.06,0,82.4,3.2
1988,132,18.06,14.02,23.32,352.06,0,80.69,2.41
1988,133,19.24,15.48,24.25,352.06,0,80.52,2.45
1988,134,19.23,16.33,24.04,352.06,0,79.02,3.41
1988,135,18.59,14.77,23.4,352.06,0,80.56,2.58
1988,136,18.6,14.35,23.74,352.06,0,75.81,2.95
1988,137,19.07,15.98,23.06,352.06,0,78.16,2.98
1988,138,18.29,13.91,22.89,352.06,0,81.01,2.73
1988,139,18.37,14.63,23.8,352.06,0,79.61,2.45
1988,140,19.41,13.13,26.12,352.06,0,72.85,2.35
1988,141,19.27,13.3,24.7,352.06,0,73.65,2.67
1988,142,19.83,15.97,25.45,352.06,0,76.68,2.49
1988,143,19.78,16.04,24.78,352.06,0,77.59,3.21
1988,144,18.99,14.96,23.77,352.06,0,73.95,3.17
1988,145,19.11,14.58,23.87,352.06,0,72.29,3.33
1988,146,18,14.1,22.59,352.06,0,75.42,3.35
1988,147,16.64,12.72,21.05,352.06,0.3,82.01,3.15
1988,148,17.5,14.02,22.45,352.06,0.1,80.72,3.26
1988,149,16.53,14.07,19.75,352.06,2.6,89.1,3.74
1988,150,17.26,13.76,20.82,352.06,0,82.09,2.58
1988,151,18.19,15.48,23.03,165.37,0,78.43,2.52
1988,152,19.1,14.83,24.04,252.18,0,74.88,3.37
1988,153,19.11,15.58,23.99,273.08,2.6,76.13,3.6
1988,154,18,14.69,22.03,69.78,0,80.43,3.46
1988,155,17.66,13.89,22.83,199.47,0,79.68,3.11
1988,156,19.15,14.11,24.66,306.03,0,72.1,2.52
1988,157,18.83,15.25,23.88,200.96,0.2,76.26,3.01
1988,158,18.95,13.44,24.91,360.35,0,62.02,2.54
1988,159,19.36,12.31,26.04,365.95,0,64.25,2.55
1988,160,18.79,15.88,23.8,229.63,0,75.18,3.93
1988,161,18.3,13.62,24.32,251.44,0,74.56,2.85
1988,162,19.59,14.98,24.61,351.39,0,63.15,2.73
1988,163,19.64,14.92,24.48,241.6,0.2,63.95,2.52
1988,164,17.84,13.52,22.29,190.26,0,74.48,2.64
1988,165,18.81,14.98,25.01,245.06,0,78.03,2.24
1988,166,17.89,14.88,21.55,141.38,0,77.07,2.1
1988,167,18.54,14.65,23.95,188.56,0,74.76,2.65
1988,168,16.83,14.59,19.37,54.07,0,80.78,3.03
1988,169,17.38,13.35,22.42,172.24,0,74.23,2.81
1988,170,17.84,12.97,22.96,224.37,0,73.04,2.49
1988,171,18.42,14.65,22.7,138.18,0,77.27,2.83
1988,172,17.83,15.91,20.93,191.66,0,79.93,3.14
1988,173,17.11,14.77,20.05,117.71,0,78.53,2.92
1988,174,16.87,15.44,18.65,61.62,0,81.36,3.27
1988,175,17.72,14.23,22.8,198.47,0,69.59,2.7
1988,176,18.16,13.41,24.21,249.27,0,60.96,2.39
1988,177,16.67,13.5,21.31,115.2,0,76.59,2.67
1988,178,16.59,13.91,20.48,94.91,0,79.69,2.63
1988,179,17.33,12.34,22.77,236.09,0,73.82,2.46
1988,180,16.34,13.54,19.66,114.41,0,79.4,2.51
1988,181,17.5,14.71,21.1,109.4,0,75.77,3.1
1988,182,17.09,14.5,20.39,26.13,0,79.28,3.5
1988,183,16.91,14.71,19.95,85.05,0,75.76,3.45
1988,184,17.14,13.46,21.06,61.39,0,73.3,3.53
1988,185,16.5,13.97,19.82,167.11,0,73.98,3.97
1988,186,15.27,12.43,18.94,12.18,0,79.14,2.19
1988,187,18.06,15.84,19.51,95.63,0,66.31,4.78
1988,188,16.23,14.2,18.34,100.56,0,71.89,4.13
1988,189,16.26,12.37,20.81,159.02,0,72.12,3.26
1988,190,16.77,11.2,23.56,248.11,0,72.19,2.32
1988,191,18.69,10.53,26.26,315.31,0,65.96,2.48
1988,192,18.73,13.05,25.43,289.71,0,67.15,2.61
1988,193,16.82,13.68,20.29,189.55,0,74.61,3
1988,194,16.93,12.67,20.86,192.7,0,72.44,3.07
1988,195,18.08,13.39,23.37,212.77,0,65.2,3.12
1988,196,17.13,12.58,22.48,132.91,0,70.3,2.48
1988,197,16.52,12.53,20.62,203.16,0,72.56,2.49
1988,198,15.86,11.93,19.8,67.65,0,73.96,2.59
1988,199,16.31,12.25,21.51,91.4,0,71.79,3.25
1988,200,16.74,12.41,21.45,65.78,0,73.66,2.79
1988,201,18.82,12.14,25.91,312.23,0,61.97,2.95
1988,202,18.53,13.18,24.25,317.92,0,62.06,3.24
1988,203,17.85,14.49,22.47,64.01,0,70.11,3.15
1988,204,17.62,14.85,21.88,183.78,0,74.82,3.76
1988,205,17.38,13.13,21.38,87.99,0,73.91,2.7
1988,206,18.01,15.6,22.06,164.12,0,74.49,3.37
1988,207,16.77,14.22,22.16,164.8,0,75.2,3.05
1988,208,16.96,12.3,21.48,97.12,0,71.97,2.7
1988,209,16.78,14.6,20.27,100.08,0,75.65,3.99
1988,210,16.67,13.6,21.41,84.46,0,77.88,2.76
1988,211,17.75,12.74,24.26,309.83,0,75.95,2.78
1988,212,18.63,12.91,25.69,320.4,0,71.32,2.99
1988,213,17.26,14.02,21.61,108.1,0,75.7,3.71
1988,214,17.03,13.91,20.32,245.22,0.1,76.65,5.05
1988,215,15.78,15.4,16.35,340.3,0,84.12,3.86
1988,216,18.93,14.78,24.08,340.3,1.72,77.88,3.64
1988,217,18.93,14.78,24.08,340.3,1.72,75.95,3.64
1988,218,18.93,14.78,24.08,340.3,1.72,71.32,3.64
1988,219,18.93,14.78,24.08,340.3,1.72,75.7,3.64
1988,220,19.19,16.1,22.77,340.3,0,60.43,3.98
1988,221,16.3,14.35,19.47,99.72,1.5,82.14,3.25
1988,222,17.41,14.54,21.9,340.3,0,74.2,3.32
1988,223,17.26,13.47,21.84,340.3,0,70.81,2.72
1988,224,16.43,11.83,22.03,340.3,0,69.39,2.8
1988,225,17.57,11.74,23.44,340.3,0,67.25,3.53
1988,226,18.23,12.32,24.09,340.3,0,66.17,3.32
1988,227,19.11,13.96,24.68,340.3,0,69.91,3.56
1988,228,18.74,15.68,22.93,340.3,0,69.27,3.69
1988,229,18.19,14.99,22.6,340.3,0,70.44,3.82
1988,230,17.99,14.35,23.52,340.3,0,68.34,4.51
1988,231,18.84,13.73,25.12,340.3,0,60.16,3.04
1988,232,19.25,12.04,25.81,340.3,0,51.77,3.25
1988,233,19.13,12.72,24.83,340.3,0,55.64,3.8
1988,234,20.08,15.13,25.93,340.3,0,60.22,3.34
1988,235,18.24,12.75,24.9,278.29,0,66.35,3.65
1988,236,18.13,13.52,24.14,286.17,0,67.29,3.42
1988,237,18.43,12.48,24.75,339.26,0,67.22,3.85
1988,238,19.73,14.79,25.96,370.39,0,61.21,3.94
1988,239,19.43,14.24,26.09,348.37,0,62.14,3.64
1988,240,18.38,14.17,23.01,204.73,0,66.11,4.3
1988,241,18.08,13.66,22.52,203.21,0,65.33,4.51
1988,242,18.02,15.12,21.84,184.28,0,72.23,4.32
1988,243,18.07,15.24,22.71,132.61,0,72.33,3.66
1988,244,18.87,15.46,23.51,134.25,0,70.98,3.71
1988,245,18.68,15.53,23.49,177.46,0,71.85,3.22
1988,246,18.9,12.73,25.89,309.28,0,65.73,3.63
1988,247,18.78,14.35,24.48,183.69,0,65.77,3.56
1988,248,19.63,13.74,25.63,239.41,0,65.78,3.22
1988,249,20.42,13.62,26.98,276.93,0,59.99,2.42
1988,250,18.55,15.47,24.24,183.01,23.2,79.81,2.36
1988,251,17.83,15.35,20.88,216.31,1.5,84.97,3.37
1988,252,17.63,15.18,20.3,237.69,0,79.53,3.56
1988,253,18.7,13.12,24.8,304.84,0,69.46,3.47
1988,254,19.63,15.06,25.4,286.39,0,68.96,3.1
1988,255,20.1,15.27,26.39,311.18,0,70.71,2.69
1988,256,18.54,15.58,23.43,212.37,0,78.29,3.58
1988,257,19.3,15.09,24.61,303.08,0,61.66,4.59
1988,258,18.25,15.11,22.31,305.08,0,70.57,3.47
1988,259,19.19,13.58,25.41,335.8,0,67.65,3.06
1988,260,20.08,15.78,27.18,352.88,7.9,69.76,3.16
1988,261,19.27,15.2,24.9,296.61,0,71.05,3.53
1988,262,19.43,14.03,24.85,321.49,0,70.28,3.57
1988,263,20.13,15.04,27.25,425.01,0,68.7,2.81
1988,264,20.11,14.46,26.74,335.61,0,68.67,3.61
1988,265,20.33,15.96,25.85,292.61,0,63.45,4.06
1988,266,19.54,15.6,24.75,214.41,0,65.68,4.21
1988,267,18.87,16.08,24.31,306.57,0,72.24,4.2
1988,268,20.51,14.71,27.22,310.98,0,58.63,3.17
1988,269,20.23,13.96,27.28,291.16,0,64.9,2.78
1988,270,20.27,14.8,26.27,303.74,0,67.24,3.51
1988,271,18.89,16.03,22.69,79.8,0,71.98,3.83
1988,272,19.89,13.95,26.59,315.98,0,67.54,3.7
1988,273,19.74,15.23,26.4,221.85,0,71.17,4.05
1988,274,20.87,16.39,27.58,279.48,0,66.11,3.52
1988,275,20.79,14.59,27.58,290.74,0,61.65,3.22
1988,276,18.98,12.25,25.45,355.89,0,61.51,3.36
1988,277,17.97,16.28,21.07,340.3,0,79.37,4.62
1988,278,18.71,15.17,23.32,340.3,0.1,73.05,3.82
1988,279,20.09,15.8,26.43,340.3,0,67.62,4.09
1988,280,20.12,14.92,26.08,340.3,0,59.02,3.57
1988,281,20.74,13.07,27.9,340.3,0,56.38,3.34
1988,282,21.15,14.46,27.94,340.3,0,61.27,4.24
1988,283,20.8,16.31,27.4,340.3,0,66.42,5.2
1988,284,20.65,14.57,26.53,340.3,0,61.27,4.42
1988,285,21.22,14.61,27.95,29.44,0,58.16,4.01
1988,286,22.07,14.44,29.04,427.23,0,57.17,3.61
1988,287,22.09,16.24,28.14,428.3,0,64.39,5.2
1988,288,21.94,17.65,27.56,348.26,0,67.16,5.57
1988,289,20.65,16.41,25.56,391.86,0.5,73,4.75
1988,290,20.59,17,26.7,287.02,0.1,72.18,3.44
1988,291,21.14,17.4,25.88,391.89,0,71.74,4.22
1988,292,19.67,16.88,24.57,333,0.9,79.34,4.75
1988,293,19.63,14.75,24.34,333.2,0,70.86,3.97
1988,294,20.13,15.77,25.43,317.38,0,68.67,4.18
1988,295,21.29,16.21,26.31,335.48,0,56.17,3.38
1988,296,20.92,15.51,26.96,386.79,0,56.58,3.52
1988,297,21.26,15.27,26.84,361.83,0,62.73,3.41
1988,298,21.43,17.08,26.31,373.89,0,67.31,4.54
1988,299,19.75,16.89,24.27,302.02,1.9,76.47,4.64
1988,300,19.99,16.11,24.47,275.17,0,70.49,3.55
1988,301,20.44,15.29,26.18,299.92,0,67.55,3.87
1988,302,20.44,16.2,25.09,293.17,0,66.86,3.74
1988,303,19.84,16.07,25.11,320.12,0,72.71,4.13
1988,304,19.58,16.66,24.13,286.44,4.5,78.4,4.26
1988,305,20.19,15.98,25.04,301.58,0,72.37,3.77
1988,306,18.89,16.55,22.21,304.4,32.9,85.22,3.63
1988,307,18.28,16.62,22.5,326.5,8.3,88.67,3.3
1988,308,18.22,15.53,21.34,294.16,8.6,84.66,3.2
1988,309,18.8,16.42,23.16,313,7.2,85.41,3
1988,310,19.32,16.17,24.13,442.3,28.39,81.98,3.32
1988,311,19.12,15.6,23.81,471.37,35.8,82.53,2.9
1988,312,18.59,16.89,21.94,329.38,3.1,88.16,3.48
1988,313,19.14,15.53,23.06,388.75,0,78.03,3.7
1988,314,18.8,16.01,22.5,265.7,17.8,85.21,3.72
1988,315,18.04,15.14,21.42,278.59,11.1,87.17,4.04
1988,316,18.82,16.5,23.13,342.78,4.4,86.05,3.73
1988,317,18.97,16.48,22.72,418.36,3.9,87.41,4.58
1988,318,18.57,16.33,23.09,332.43,22.2,89.79,2.51
1988,319,18.42,16.63,22.5,327.11,5.7,89.16,3.26
1988,320,18.56,16.26,22.07,379.33,6.6,87.77,3.73
1988,321,18.58,16.27,22.19,301.92,2.5,87.67,3.39
1988,322,19.16,16.24,23.04,360.37,1.74,82.42,3.52
1988,323,19.33,16.45,23.33,426.02,1.4,82.05,3.47
1988,324,18.81,15.89,23.3,398.04,0.4,85.17,3.46
1988,325,18.89,16.91,22.18,319.64,14.2,87.74,3.58
1988,326,18.29,16.52,21.89,360.61,8.7,91.68,4.05
1988,327,18.41,16.01,21.81,332.88,3.6,87.89,4.08
1988,328,18.6,16.2,22.59,392.39,9,87.44,3.59
1988,329,18.63,16.17,22.4,319.92,6.8,87.22,2.76
1988,330,18.31,15.64,21.96,339,8.4,89.85,3.28
1988,331,19.47,15.78,24.04,471.51,2.6,77.23,3.81
1988,332,19.07,16.67,23.43,349.55,0,83.95,3.15
1988,333,19.54,16.52,23.98,498.21,0,75.99,3.76
1988,334,19.2,15.46,23.4,483.41,0,72.17,3.74
1988,335,19.08,14.87,23.94,461.96,0,71.36,3.2
1988,336,19.51,14.76,24.39,411.98,0,75.32,3.14
1988,337,19.26,16.65,23.41,401.68,0,82.54,3.88
1988,338,18.98,15.93,23.5,363.5,0,80.18,3.54
1988,339,19.21,15.7,24.03,404.09,0,75.45,2.89
1988,340,19.08,16.36,23.58,383.18,0,79.45,2.86
1988,341,19.16,13.78,24.68,473.77,0,76.59,2.78
1988,342,19.31,14.63,24.83,446.49,0,70.69,2.85
1988,343,18.69,14.4,23.86,398.57,0,78.08,2.72
1988,344,19.39,16.5,23.57,397.26,0.8,80.59,4.16
1988,345,19.18,15.52,23.85,396.18,0.1,80.1,3.6
1988,346,19.24,15,24.28,353.75,0,81.24,2.85
1988,347,19.64,15.87,24.75,349.7,0,82.55,2.64
1988,348,19.65,17.22,23.88,355.75,0.1,85.12,3.01
1988,349,18.97,16.04,22.86,373.16,4.7,87.32,4.19
1988,350,18.27,16.3,21.59,235.59,0,85.91,4.21
1988,351,18.93,15.66,23.38,376.45,0,79.05,3.99
1988,352,18.79,15.6,23.31,400.29,0.1,80.3,3.54
1988,353,19.29,16.03,23.73,350.94,0,76.19,2.57
1988,354,18.81,14.53,23.85,403.15,0,78.18,2.74
1988,355,19.55,15.62,24.47,407.99,0,74.8,3.57
1988,356,19.31,15.92,23.7,323.94,2.2,83.67,3.45
1988,357,18.94,16.36,23.24,309.77,6.7,86.91,3.82
1988,358,20.22,16.91,24.8,409.78,0.7,81.63,3.41
1988,359,20.3,17.16,25.01,417.6,0,83.61,3.95
1988,360,18.96,16.81,22.36,248.07,0.6,86.86,4.58
1988,361,18.91,14.84,23.14,434.42,0,73.13,3.85
1988,362,19.96,15.72,24.86,444.77,0,68.75,3.05
1988,363,20.22,15.6,25.2,410.62,0,77.61,2.63
1988,364,20.21,16.76,25.21,330.63,0,81.03,3.1
1988,365,20.6,17.19,25.44,386.32,0,78.05,2.63
1989,1,19.25,14.12,24.18,280.23,0,62.72,4.63
1989,2,17.98,13.75,23.01,211.09,0.1,72.71,4.88
1989,3,17.25,15.45,20.82,214.32,10.62,87.78,5.48
1989,4,16.94,15.21,19.18,103.83,4.8,89.25,4.65
1989,5,17.62,14.54,21.55,274.51,0.2,77.42,4.38
1989,6,19.42,13.57,24.66,376.05,0,56.91,3.87
1989,7,19.6,14.23,24.56,355.46,0,60.44,4.2
1989,8,19.01,13.81,24.6,361.29,0,73.27,4.48
1989,9,19.48,16.27,24.33,277.82,0,74.98,5.09
1989,10,19.17,15.9,23.54,312.8,0,73.78,4.69
1989,11,19.18,14.34,24.06,300.67,0,70.07,4.13
1989,12,19.84,14.59,25.32,365.58,0,64.35,4.95
1989,13,19.68,13.39,25.11,359.62,0,57.99,4.46
1989,14,19.45,13.8,24.51,341.86,0,57.68,3.85
1989,15,19.78,13.98,24.89,349.03,0,53.19,4.17
1989,16,19.6,14.32,24.98,347.23,0,58.45,4.01
1989,17,19.44,13.62,24.81,280.46,0,61.1,4.05
1989,18,21.2,14.54,27.44,350.85,0,39.06,3.88
1989,19,21.45,15.57,27.25,356.5,0,43.76,3.63
1989,20,20.97,15.4,26.66,353.82,0,53.2,4.18
1989,21,20.88,14.6,26.14,356.25,0,51.04,4.37
1989,22,20.5,16.16,24.79,235.94,0,54.3,4.54
1989,23,20.05,16.04,24.84,262.47,0,65.03,4.02
1989,24,20.01,14.81,25.45,300.24,0,64.15,4.56
1989,25,20.9,14.87,26.58,352.5,0,58.19,4.1
1989,26,18.93,14.78,24.08,340.3,1.72,63.2328,3.64
1989,27,18.93,14.78,24.08,340.3,1.72,63.253312,3.64
1989,28,18.93,14.78,24.08,340.3,1.72,62.87504448,3.64
1989,29,18.93,14.78,24.08,340.3,1.72,61.87884626,3.64
1989,30,18.93,14.78,24.08,340.3,1.72,60.78400011,3.64
1989,31,18.93,14.78,24.08,340.3,1.72,60.11856011,3.64
1989,32,18.93,14.78,24.08,340.3,1.72,60.24690252,3.64
1989,33,18.93,14.78,24.08,340.3,1.72,60.23917862,3.64
1989,34,18.93,14.78,24.08,340.3,1.72,59.71794576,3.64
1989,35,18.93,14.78,24.08,340.3,1.72,59.10746359,3.64
1989,36,18.93,14.78,24.08,340.3,1.72,58.52056214,3.64
1989,37,18.93,14.78,24.08,340.3,1.72,58.05858462,3.64
1989,38,18.93,14.78,24.08,340.3,1.72,57.80692801,3.64
1989,39,18.93,14.78,24.08,340.3,1.72,57.79960513,3.64
1989,40,18.93,14.78,24.08,340.3,1.72,57.80438933,3.64
1989,41,18.93,14.78,24.08,340.3,1.72,57.98896491,3.64
1989,42,18.93,14.78,24.08,340.3,1.72,57.9705235,3.64
1989,43,18.93,14.78,24.08,340.3,1.72,57.84534444,3.64
1989,44,18.93,14.78,24.08,340.3,1.72,58.59675822,3.64
1989,45,18.93,14.78,24.08,340.3,1.72,59.19022855,3.64
1989,46,18.93,14.78,24.08,340.3,1.72,59.42983769,3.64
1989,47,18.93,14.78,24.08,340.3,1.72,59.7654312,3.64
1989,48,18.93,14.78,24.08,340.3,1.72,59.98404845,3.64
1989,49,18.93,14.78,24.08,340.3,1.72,59.78221039,3.64
1989,50,18.93,14.78,24.08,340.3,1.72,59.6074988,3.64
1989,51,18.93,14.78,24.08,340.3,1.72,59.66419875,3.64
1989,52,18.93,14.78,24.08,340.3,1.72,59.5214547,3.64
1989,53,18.93,14.78,24.08,340.3,1.72,59.37218041,3.64
1989,54,18.93,14.78,24.08,340.3,1.72,59.23206585,3.64
1989,55,18.93,14.78,24.08,340.3,1.72,59.12619463,3.64
1989,56,18.93,14.78,24.08,340.3,1.72,59.05988241,3.64
1989,57,18.93,14.78,24.08,340.3,1.72,59.01753531,3.64
1989,58,18.93,14.78,24.08,340.3,1.72,58.96836062,3.64
1989,59,18.93,14.78,24.08,340.3,1.72,58.9175279,3.64
1989,60,18.93,14.78,24.08,352.06,1.72,58.88551118,3.47
1989,61,18.93,14.78,24.08,352.06,1.72,58.87663309,3.47
1989,62,18.93,14.78,24.08,352.06,1.72,58.89087592,3.47
1989,63,18.93,14.78,24.08,352.06,1.72,58.92416758,3.47
1989,64,18.93,14.78,24.08,352.06,1.72,58.96885716,3.47
1989,65,18.93,14.78,24.08,352.06,1.72,59.01562724,3.47
1989,66,18.93,14.78,24.08,352.06,1.72,59.06407676,3.47
1989,67,18.93,14.78,24.08,352.06,1.72,59.10708123,3.47
1989,68,18.93,14.78,24.08,352.06,1.72,59.15254354,3.47
1989,69,18.93,14.78,24.08,352.06,1.72,59.2048315,3.47
1989,70,18.93,14.78,24.08,352.06,1.72,59.22915443,3.47
1989,71,18.93,14.78,24.08,352.06,1.72,59.23071147,3.47
1989,72,18.93,14.78,24.08,352.06,1.72,59.22274642,3.47
1989,73,18.93,14.78,24.08,352.06,1.72,59.20103903,3.47
1989,74,18.93,14.78,24.08,352.06,1.72,59.16971865,3.47
1989,75,18.93,14.78,24.08,352.06,1.72,59.14521898,3.47
1989,76,18.93,14.78,24.08,352.06,1.72,59.12672779,3.47
1989,77,18.93,14.78,24.08,352.06,1.72,59.10522895,3.47
1989,78,18.93,14.78,24.08,352.06,1.72,59.08857992,3.47
1989,79,18.93,14.78,24.08,352.06,1.72,59.0772359,3.47
1989,80,18.93,14.78,24.08,352.06,1.72,59.07104271,3.47
1989,81,18.93,14.78,24.08,352.06,1.72,59.06883663,3.47
1989,82,18.93,14.78,24.08,352.06,1.72,59.0691948,3.47
1989,83,18.93,14.78,24.08,352.06,1.72,59.07126118,3.47
1989,84,18.93,14.78,24.08,352.06,1.72,59.0753772,3.47
1989,85,18.93,14.78,24.08,352.06,1.72,59.08169117,3.47
1989,86,18.93,14.78,24.08,352.06,1.72,59.08953837,3.47
1989,87,18.93,14.78,24.08,352.06,1.72,59.09805458,3.47
1989,88,18.93,14.78,24.08,352.06,1.72,59.10634173,3.47
1989,89,18.93,14.78,24.08,352.06,1.72,59.11362869,3.47
1989,90,18.93,14.78,24.08,352.06,1.72,59.11941956,3.47
1989,91,18.93,14.78,24.08,352.06,1.72,59.12357125,3.47
1989,92,18.93,14.78,24.08,352.06,1.72,59.12595103,3.47
1989,93,18.93,14.78,24.08,352.06,1.72,59.12670582,3.47
1989,94,18.93,14.78,24.08,352.06,1.72,59.12567231,3.47
1989,95,18.93,14.78,24.08,352.06,1.72,59.12250594,3.47
1989,96,18.93,14.78,24.08,352.06,1.72,59.11824,3.47
1989,97,18.93,14.78,24.08,352.06,1.72,59.11374114,3.47
1989,98,18.93,14.78,24.08,352.06,1.72,59.10938093,3.47
1989,99,18.93,14.78,24.08,352.06,1.72,59.10571461,3.47
1989,100,18.93,14.78,24.08,352.06,1.72,59.10315445,3.47
1989,101,18.93,14.78,24.08,352.06,1.72,59.10147187,3.47
1989,102,18.93,14.78,24.08,352.06,1.72,59.10046163,3.47
1989,103,18.93,14.78,24.08,352.06,1.72,59.10027094,3.47
1989,104,18.93,14.78,24.08,352.06,1.72,59.10073858,3.47
1989,105,18.93,14.78,24.08,352.06,1.72,59.10167868,3.47
1989,106,18.93,14.78,24.08,352.06,1.72,59.10290412,3.47
1989,107,18.93,14.78,24.08,352.06,1.72,59.10426682,3.47
1989,108,18.93,14.78,24.08,352.06,1.72,59.1056697,3.47
1989,109,22.3,22.3,22.3,352.06,0,64.7,3.47
1989,110,21.07,17,24.09,352.06,0,71.13,3.74
1989,111,20.16,17.07,25.36,352.06,1,80.23,2.82
1989,112,18.06,16.81,19.59,352.06,17.06,92.29,2.83
1989,113,19.19,15.33,23.64,352.06,0,80.92,2.44
1989,114,20.13,17.32,24.31,352.06,0,81.88,2.65
1989,115,18.92,15.95,22.83,352.06,5.1,86.61,2.42
1989,116,18.55,16.41,22.86,352.06,35,89.17,1.62
1989,117,19.06,15.7,23.06,352.06,0.1,80.9,2.39
1989,118,17.85,16.69,20.08,352.06,11.7,90.83,2.03
1989,119,18.04,15.51,21.49,352.06,0,85.63,2.1
1989,120,18.66,16.79,22.47,352.06,14.3,87.36,2.18
1989,121,18.02,16.16,20.28,352.06,22.6,89.17,2.66
1989,122,18.54,14.62,22.18,352.06,0.6,84.6,2.64
1989,123,18.27,16.54,21.52,352.06,0.1,89.09,3.64
1989,124,18.61,15.12,23.36,352.06,0,83.58,1.96
1989,125,18.67,14.48,23.52,352.06,0,82.14,2.29
1989,126,18.86,15.23,23.42,352.06,0,82.42,2.8
1989,127,18.79,15.61,23.07,352.06,0,83.04,2.71
1989,128,19.09,15.8,23.44,352.06,0,81.1,2.44
1989,129,18.17,16.24,21.58,352.06,0.1,86.29,3.69
1989,130,18.56,16.06,22.68,352.06,0,81.82,3.32
1989,131,18.15,15.1,22.15,352.06,0,82.4,3.2
1989,132,18.06,14.02,23.32,352.06,0,80.69,2.41
1989,133,19.24,15.48,24.25,352.06,0,80.52,2.45
1989,134,19.23,16.33,24.04,352.06,0,79.02,3.41
1989,135,18.59,14.77,23.4,352.06,0,80.56,2.58
1989,136,18.6,14.35,23.74,352.06,0,75.81,2.95
1989,137,19.07,15.98,23.06,352.06,0,78.16,2.98
1989,138,18.29,13.91,22.89,352.06,0,81.01,2.73
1989,139,18.37,14.63,23.8,352.06,0,79.61,2.45
1989,140,19.41,13.13,26.12,352.06,0,72.85,2.35
1989,141,19.27,13.3,24.7,352.06,0,73.65,2.67
1989,142,19.83,15.97,25.45,352.06,0,76.68,2.49
1989,143,19.78,16.04,24.78,352.06,0,77.59,3.21
1989,144,18.99,14.96,23.77,352.06,0,73.95,3.17
1989,145,19.11,14.58,23.87,352.06,0,72.29,3.33
1989,146,18,14.1,22.59,352.06,0,75.42,3.35
1989,147,16.64,12.72,21.05,352.06,0.3,82.01,3.15
1989,148,17.5,14.02,22.45,352.06,0.1,80.72,3.26
1989,149,16.53,14.07,19.75,352.06,2.6,89.1,3.74
1989,150,17.26,13.76,20.82,352.06,0,82.09,2.58
1989,151,18.19,15.48,23.03,165.37,0,78.43,2.52
1989,152,19.1,14.83,24.04,252.18,0,74.88,3.37
1989,153,19.11,15.58,23.99,273.08,2.6,76.13,3.6
1989,154,18,14.69,22.03,69.78,0,80.43,3.46
1989,155,17.66,13.89,22.83,199.47,0,79.68,3.11
1989,156,19.15,14.11,24.66,306.03,0,72.1,2.52
1989,157,18.83,15.25,23.88,200.96,0.2,76.26,3.01
1989,158,18.95,13.44,24.91,360.35,0,62.02,2.54
1989,159,19.36,12.31,26.04,365.95,0,64.25,2.55
1989,160,18.79,15.88,23.8,229.63,0,75.18,3.93
1989,161,18.3,13.62,24.32,251.44,0,74.56,2.85
1989,162,19.59,14.98,24.61,351.39,0,63.15,2.73
1989,163,19.64,14.92,24.48,241.6,0.2,63.95,2.52
1989,164,17.84,13.52,22.29,190.26,0,74.48,2.64
1989,165,18.81,14.98,25.01,245.06,0,78.03,2.24
1989,166,17.89,14.88,21.55,141.38,0,77.07,2.1
1989,167,18.54,14.65,23.95,188.56,0,74.76,2.65
1989,168,16.83,14.59,19.37,54.07,0,80.78,3.03
1989,169,17.38,13.35,22.42,172.24,0,74.23,2.81
1989,170,17.84,12.97,22.96,224.37,0,73.04,2.49
1989,171,18.42,14.65,22.7,138.18,0,77.27,2.83
1989,172,17.83,15.91,20.93,191.66,0,79.93,3.14
1989,173,17.11,14.77,20.05,117.71,0,78.53,2.92
1989,174,16.87,15.44,18.65,61.62,0,81.36,3.27
1989,175,17.72,14.23,22.8,198.47,0,69.59,2.7
1989,176,18.16,13.41,24.21,249.27,0,60.96,2.39
1989,177,16.67,13.5,21.31,115.2,0,76.59,2.67
1989,178,16.59,13.91,20.48,94.91,0,79.69,2.63
1989,179,17.33,12.34,22.77,236.09,0,73.82,2.46
1989,180,16.34,13.54,19.66,114.41,0,79.4,2.51
1989,181,17.5,14.71,21.1,109.4,0,75.77,3.1
1989,182,17.09,14.5,20.39,26.13,0,79.28,3.5
1989,183,16.91,14.71,19.95,85.05,0,75.76,3.45
1989,184,17.14,13.46,21.06,61.39,0,73.3,3.53
1989,185,16.5,13.97,19.82,167.11,0,73.98,3.97
1989,186,15.27,12.43,18.94,12.18,0,79.14,2.19
1989,187,18.06,15.84,19.51,95.63,0,66.31,4.78
1989,188,16.23,14.2,18.34,100.56,0,71.89,4.13
1989,189,16.26,12.37,20.81,159.02,0,72.12,3.26
1989,190,16.77,11.2,23.56,248.11,0,72.19,2.32
1989,191,18.69,10.53,26.26,315.31,0,65.96,2.48
1989,192,18.73,13.05,25.43,289.71,0,67.15,2.61
1989,193,16.82,13.68,20.29,189.55,0,74.61,3
1989,194,16.93,12.67,20.86,192.7,0,72.44,3.07
1989,195,18.08,13.39,23.37,212.77,0,65.2,3.12
1989,196,17.13,12.58,22.48,132.91,0,70.3,2.48
1989,197,16.52,12.53,20.62,203.16,0,72.56,2.49
1989,198,15.86,11.93,19.8,67.65,0,73.96,2.59
1989,199,16.31,12.25,21.51,91.4,0,71.79,3.25
1989,200,16.74,12.41,21.45,65.78,0,73.66,2.79
1989,201,18.82,12.14,25.91,312.23,0,61.97,2.95
1989,202,18.53,13.18,24.25,317.92,0,62.06,3.24
1989,203,17.85,14.49,22.47,64.01,0,70.11,3.15
1989,204,17.62,14.85,21.88,183.78,0,74.82,3.76
1989,205,17.38,13.13,21.38,87.99,0,73.91,2.7
1989,206,18.01,15.6,22.06,164.12,0,74.49,3.37
1989,207,16.77,14.22,22.16,164.8,0,75.2,3.05
1989,208,16.96,12.3,21.48,97.12,0,71.97,2.7
1989,209,16.78,14.6,20.27,100.08,0,75.65,3.99
1989,210,16.67,13.6,21.41,84.46,0,77.88,2.76
1989,211,17.75,12.74,24.26,309.83,0,75.95,2.78
1989,212,18.63,12.91,25.69,320.4,0,71.32,2.99
1989,213,17.26,14.02,21.61,108.1,0,75.7,3.71
1989,214,17.03,13.91,20.32,245.22,0.1,76.65,5.05
1989,215,15.78,15.4,16.35,340.3,0,84.12,3.86
1989,216,18.93,14.78,24.08,340.3,1.72,77.88,3.64
1989,217,18.93,14.78,24.08,340.3,1.72,75.95,3.64
1989,218,18.93,14.78,24.08,340.3,1.72,71.32,3.64
1989,219,18.93,14.78,24.08,340.3,1.72,75.7,3.64
1989,220,19.19,16.1,22.77,340.3,0,60.43,3.98
1989,221,16.3,14.35,19.47,99.72,1.5,82.14,3.25
1989,222,17.41,14.54,21.9,340.3,0,74.2,3.32
1989,223,17.26,13.47,21.84,340.3,0,70.81,2.72
1989,224,16.43,11.83,22.03,340.3,0,69.39,2.8
1989,225,17.57,11.74,23.44,340.3,0,67.25,3.53
1989,226,18.23,12.32,24.09,340.3,0,66.17,3.32
1989,227,19.11,13.96,24.68,340.3,0,69.91,3.56
1989,228,18.74,15.68,22.93,340.3,0,69.27,3.69
1989,229,18.19,14.99,22.6,340.3,0,70.44,3.82
1989,230,17.99,14.35,23.52,340.3,0,68.34,4.51
1989,231,18.84,13.73,25.12,340.3,0,60.16,3.04
1989,232,19.25,12.04,25.81,340.3,0,51.77,3.25
1989,233,19.13,12.72,24.83,340.3,0,55.64,3.8
1989,234,20.08,15.13,25.93,340.3,0,60.22,3.34
1989,235,18.24,12.75,24.9,278.29,0,66.35,3.65
1989,236,18.13,13.52,24.14,286.17,0,67.29,3.42
1989,237,18.43,12.48,24.75,339.26,0,67.22,3.85
1989,238,19.73,14.79,25.96,370.39,0,61.21,3.94
1989,239,19.43,14.24,26.09,348.37,0,62.14,3.64
1989,240,18.38,14.17,23.01,204.73,0,66.11,4.3
1989,241,18.08,13.66,22.52,203.21,0,65.33,4.51
1989,242,18.02,15.12,21.84,184.28,0,72.23,4.32
1989,243,18.07,15.24,22.71,132.61,0,72.33,3.66
1989,244,18.87,15.46,23.51,134.25,0,70.98,3.71
1989,245,18.68,15.53,23.49,177.46,0,71.85,3.22
1989,246,18.9,12.73,25.89,309.28,0,65.73,3.63
1989,247,18.78,14.35,24.48,183.69,0,65.77,3.56
1989,248,19.63,13.74,25.63,239.41,0,65.78,3.22
1989,249,20.42,13.62,26.98,276.93,0,59.99,2.42
1989,250,18.55,15.47,24.24,183.01,23.2,79.81,2.36
1989,251,17.83,15.35,20.88,216.31,1.5,84.97,3.37
1989,252,17.63,15.18,20.3,237.69,0,79.53,3.56
1989,253,18.7,13.12,24.8,304.84,0,69.46,3.47
1989,254,19.63,15.06,25.4,286.39,0,68.96,3.1
1989,255,20.1,15.27,26.39,311.18,0,70.71,2.69
1989,256,18.54,15.58,23.43,212.37,0,78.29,3.58
1989,257,19.3,15.09,24.61,303.08,0,61.66,4.59
1989,258,18.25,15.11,22.31,305.08,0,70.57,3.47
1989,259,19.19,13.58,25.41,335.8,0,67.65,3.06
1989,260,20.08,15.78,27.18,352.88,7.9,69.76,3.16
1989,261,19.27,15.2,24.9,296.61,0,71.05,3.53
1989,262,19.43,14.03,24.85,321.49,0,70.28,3.57
1989,263,20.13,15.04,27.25,425.01,0,68.7,2.81
1989,264,20.11,14.46,26.74,335.61,0,68.67,3.61
1989,265,20.33,15.96,25.85,292.61,0,63.45,4.06
1989,266,19.54,15.6,24.75,214.41,0,65.68,4.21
1989,267,18.87,16.08,24.31,306.57,0,72.24,4.2
1989,268,20.51,14.71,27.22,310.98,0,58.63,3.17
1989,269,20.23,13.96,27.28,291.16,0,64.9,2.78
1989,270,20.27,14.8,26.27,303.74,0,67.24,3.51
1989,271,18.89,16.03,22.69,79.8,0,71.98,3.83
1989,272,19.89,13.95,26.59,315.98,0,67.54,3.7
1989,273,19.74,15.23,26.4,221.85,0,71.17,4.05
1989,274,20.87,16.39,27.58,279.48,0,66.11,3.52
1989,275,20.79,14.59,27.58,290.74,0,61.65,3.22
1989,276,18.98,12.25,25.45,355.89,0,61.51,3.36
1989,277,17.97,16.28,21.07,340.3,0,79.37,4.62
1989,278,18.71,15.17,23.32,340.3,0.1,73.05,3.82
1989,279,20.09,15.8,26.43,340.3,0,67.62,4.09
1989,280,20.12,14.92,26.08,340.3,0,59.02,3.57
1989,281,20.74,13.07,27.9,340.3,0,56.38,3.34
1989,282,21.15,14.46,27.94,340.3,0,61.27,4.24
1989,283,20.8,16.31,27.4,340.3,0,66.42,5.2
1989,284,20.65,14.57,26.53,340.3,0,61.27,4.42
1989,285,21.22,14.61,27.95,29.44,0,58.16,4.01
1989,286,22.07,14.44,29.04,427.23,0,57.17,3.61
1989,287,22.09,16.24,28.14,428.3,0,64.39,5.2
1989,288,21.94,17.65,27.56,348.26,0,67.16,5.57
1989,289,20.65,16.41,25.56,391.86,0.5,73,4.75
1989,290,20.59,17,26.7,287.02,0.1,72.18,3.44
1989,291,21.14,17.4,25.88,391.89,0,71.74,4.22
1989,292,19.67,16.88,24.57,333,0.9,79.34,4.75
1989,293,19.63,14.75,24.34,333.2,0,70.86,3.97
1989,294,20.13,15.77,25.43,317.38,0,68.67,4.18
1989,295,21.29,16.21,26.31,335.48,0,56.17,3.38
1989,296,20.92,15.51,26.96,386.79,0,56.58,3.52
1989,297,21.26,15.27,26.84,361.83,0,62.73,3.41
1989,298,21.43,17.08,26.31,373.89,0,67.31,4.54
1989,299,19.75,16.89,24.27,302.02,1.9,76.47,4.64
1989,300,19.99,16.11,24.47,275.17,0,70.49,3.55
1989,301,20.44,15.29,26.18,299.92,0,67.55,3.87
1989,302,20.44,16.2,25.09,293.17,0,66.86,3.74
1989,303,19.84,16.07,25.11,320.12,0,72.71,4.13
1989,304,19.58,16.66,24.13,286.44,4.5,78.4,4.26
1989,305,20.19,15.98,25.04,301.58,0,72.37,3.77
1989,306,18.89,16.55,22.21,304.4,32.9,85.22,3.63
1989,307,18.28,16.62,22.5,326.5,8.3,88.67,3.3
1989,308,18.22,15.53,21.34,294.16,8.6,84.66,3.2
1989,309,18.8,16.42,23.16,313,7.2,85.41,3
1989,310,19.32,16.17,24.13,442.3,28.39,81.98,3.32
1989,311,19.12,15.6,23.81,471.37,35.8,82.53,2.9
1989,312,18.59,16.89,21.94,329.38,3.1,88.16,3.48
1989,313,19.14,15.53,23.06,388.75,0,78.03,3.7
1989,314,18.8,16.01,22.5,265.7,17.8,85.21,3.72
1989,315,18.04,15.14,21.42,278.59,11.1,87.17,4.04
1989,316,18.82,16.5,23.13,342.78,4.4,86.05,3.73
1989,317,18.97,16.48,22.72,418.36,3.9,87.41,4.58
1989,318,18.57,16.33,23.09,332.43,22.2,89.79,2.51
1989,319,18.42,16.63,22.5,327.11,5.7,89.16,3.26
1989,320,18.56,16.26,22.07,379.33,6.6,87.77,3.73
1989,321,18.58,16.27,22.19,301.92,2.5,87.67,3.39
1989,322,19.16,16.24,23.04,360.37,1.74,82.42,3.52
1989,323,19.33,16.45,23.33,426.02,1.4,82.05,3.47
1989,324,18.81,15.89,23.3,398.04,0.4,85.17,3.46
1989,325,18.89,16.91,22.18,319.64,14.2,87.74,3.58
1989,326,18.29,16.52,21.89,360.61,8.7,91.68,4.05
1989,327,18.41,16.01,21.81,332.88,3.6,87.89,4.08
1989,328,18.6,16.2,22.59,392.39,9,87.44,3.59
1989,329,18.63,16.17,22.4,319.92,6.8,87.22,2.76
1989,330,18.31,15.64,21.96,339,8.4,89.85,3.28
1989,331,19.47,15.78,24.04,471.51,2.6,77.23,3.81
1989,332,19.07,16.67,23.43,349.55,0,83.95,3.15
1989,333,19.54,16.52,23.98,498.21,0,75.99,3.76
1989,334,19.2,15.46,23.4,483.41,0,72.17,3.74
1989,335,19.08,14.87,23.94,461.96,0,71.36,3.2
1989,336,19.51,14.76,24.39,411.98,0,75.32,3.14
1989,337,19.26,16.65,23.41,401.68,0,82.54,3.88
1989,338,18.98,15.93,23.5,363.5,0,80.18,3.54
1989,339,19.21,15.7,24.03,404.09,0,75.45,2.89
1989,340,19.08,16.36,23.58,383.18,0,79.45,2.86
1989,341,19.16,13.78,24.68,473.77,0,76.59,2.78
1989,342,19.31,14.63,24.83,446.49,0,70.69,2.85
1989,343,18.69,14.4,23.86,398.57,0,78.08,2.72
1989,344,19.39,16.5,23.57,397.26,0.8,80.59,4.16
1989,345,19.18,15.52,23.85,396.18,0.1,80.1,3.6
1989,346,19.24,15,24.28,353.75,0,81.24,2.85
1989,347,19.64,15.87,24.75,349.7,0,82.55,2.64
1989,348,19.65,17.22,23.88,355.75,0.1,85.12,3.01
1989,349,18.97,16.04,22.86,373.16,4.7,87.32,4.19
1989,350,18.27,16.3,21.59,235.59,0,85.91,4.21
1989,351,18.93,15.66,23.38,376.45,0,79.05,3.99
1989,352,18.79,15.6,23.31,400.29,0.1,80.3,3.54
1989,353,19.29,16.03,23.73,350.94,0,76.19,2.57
1989,354,18.81,14.53,23.85,403.15,0,78.18,2.74
1989,355,19.55,15.62,24.47,407.99,0,74.8,3.57
1989,356,19.31,15.92,23.7,323.94,2.2,83.67,3.45
1989,357,18.94,16.36,23.24,309.77,6.7,86.91,3.82
1989,358,20.22,16.91,24.8,409.78,0.7,81.63,3.41
1989,359,20.3,17.16,25.01,417.6,0,83.61,3.95
1989,360,18.96,16.81,22.36,248.07,0.6,86.86,4.58
1989,361,18.91,14.84,23.14,434.42,0,73.13,3.85
1989,362,19.96,15.72,24.86,444.77,0,68.75,3.05
1989,363,20.22,15.6,25.2,410.62,0,77.61,2.63
1989,364,20.21,16.76,25.21,330.63,0,81.03,3.1
1989,365,20.6,17.19,25.44,386.32,0,78.05,2.63
1990,1,19.25,14.12,24.18,280.23,0,62.72,4.63
1990,2,17.98,13.75,23.01,211.09,0.1,72.71,4.88
1990,3,17.25,15.45,20.82,214.32,10.62,87.78,5.48
1990,4,16.94,15.21,19.18,103.83,4.8,89.25,4.65
1990,5,17.62,14.54,21.55,274.51,0.2,77.42,4.38
1990,6,19.42,13.57,24.66,376.05,0,56.91,3.87
1990,7,19.6,14.23,24.56,355.46,0,60.44,4.2
1990,8,19.01,13.81,24.6,361.29,0,73.27,4.48
1990,9,19.48,16.27,24.33,277.82,0,74.98,5.09
1990,10,19.17,15.9,23.54,312.8,0,73.78,4.69
1990,11,19.18,14.34,24.06,300.67,0,70.07,4.13
1990,12,19.84,14.59,25.32,365.58,0,64.35,4.95
1990,13,19.68,13.39,25.11,359.62,0,57.99,4.46
1990,14,19.45,13.8,24.51,341.86,0,57.68,3.85
1990,15,19.78,13.98,24.89,349.03,0,53.19,4.17
1990,16,19.6,14.32,24.98,347.23,0,58.45,4.01
1990,17,19.44,13.62,24.81,280.46,0,61.1,4.05
1990,18,21.2,14.54,27.44,350.85,0,39.06,3.88
1990,19,21.45,15.57,27.25,356.5,0,43.76,3.63
1990,20,20.97,15.4,26.66,353.82,0,53.2,4.18
1990,21,20.88,14.6,26.14,356.25,0,51.04,4.37
1990,22,20.5,16.16,24.79,235.94,0,54.3,4.54
1990,23,20.05,16.04,24.84,262.47,0,65.03,4.02
1990,24,20.01,14.81,25.45,300.24,0,64.15,4.56
1990,25,20.9,14.87,26.58,352.5,0,58.19,4.1
1990,26,18.93,14.78,24.08,340.3,1.72,63.2328,3.64
1990,27,18.93,14.78,24.08,340.3,1.72,63.253312,3.64
1990,28,18.93,14.78,24.08,340.3,1.72,62.87504448,3.64
1990,29,18.93,14.78,24.08,340.3,1.72,61.87884626,3.64
1990,30,18.93,14.78,24.08,340.3,1.72,60.78400011,3.64
1990,31,18.93,14.78,24.08,340.3,1.72,60.11856011,3.64
1990,32,18.93,14.78,24.08,340.3,1.72,60.24690252,3.64
1990,33,18.93,14.78,24.08,340.3,1.72,60.23917862,3.64
1990,34,18.93,14.78,24.08,340.3,1.72,59.71794576,3.64
1990,35,18.93,14.78,24.08,340.3,1.72,59.10746359,3.64
1990,36,18.93,14.78,24.08,340.3,1.72,58.52056214,3.64
1990,37,18.93,14.78,24.08,340.3,1.72,58.05858462,3.64
1990,38,18.93,14.78,24.08,340.3,1.72,57.80692801,3.64
1990,39,18.93,14.78,24.08,340.3,1.72,57.79960513,3.64
1990,40,18.93,14.78,24.08,340.3,1.72,57.80438933,3.64
1990,41,18.93,14.78,24.08,340.3,1.72,57.98896491,3.64
1990,42,18.93,14.78,24.08,340.3,1.72,57.9705235,3.64
1990,43,18.93,14.78,24.08,340.3,1.72,57.84534444,3.64
1990,44,18.93,14.78,24.08,340.3,1.72,58.59675822,3.64
1990,45,18.93,14.78,24.08,340.3,1.72,59.19022855,3.64
1990,46,18.93,14.78,24.08,340.3,1.72,59.42983769,3.64
1990,47,18.93,14.78,24.08,340.3,1.72,59.7654312,3.64
1990,48,18.93,14.78,24.08,340.3,1.72,59.98404845,3.64
1990,49,18.93,14.78,24.08,340.3,1.72,59.78221039,3.64
1990,50,18.93,14.78,24.08,340.3,1.72,59.6074988,3.64
1990,51,18.93,14.78,24.08,340.3,1.72,59.66419875,3.64
1990,52,18.93,14.78,24.08,340.3,1.72,59.5214547,3.64
1990,53,18.93,14.78,24.08,340.3,1.72,59.37218041,3.64
1990,54,18.93,14.78,24.08,340.3,1.72,59.23206585,3.64
1990,55,18.93,14.78,24.08,340.3,1.72,59.12619463,3.64
1990,56,18.93,14.78,24.08,340.3,1.72,59.05988241,3.64
1990,57,18.93,14.78,24.08,340.3,1.72,59.01753531,3.64
1990,58,18.93,14.78,24.08,340.3,1.72,58.96836062,3.64
1990,59,18.93,14.78,24.08,340.3,1.72,58.9175279,3.64
1990,60,18.93,14.78,24.08,352.06,1.72,58.88551118,3.47
1990,61,18.93,14.78,24.08,352.06,1.72,58.87663309,3.47
1990,62,18.93,14.78,24.08,352.06,1.72,58.89087592,3.47
1990,63,18.93,14.78,24.08,352.06,1.72,58.92416758,3.47
1990,64,18.93,14.78,24.08,352.06,1.72,58.96885716,3.47
1990,65,18.93,14.78,24.08,352.06,1.72,59.01562724,3.47
1990,66,18.93,14.78,24.08,352.06,1.72,59.06407676,3.47
1990,67,18.93,14.78,24.08,352.06,1.72,59.10708123,3.47
1990,68,18.93,14.78,24.08,352.06,1.72,59.15254354,3.47
1990,69,18.93,14.78,24.08,352.06,1.72,59.2048315,3.47
1990,70,18.93,14.78,24.08,352.06,1.72,59.22915443,3.47
1990,71,18.93,14.78,24.08,352.06,1.72,59.23071147,3.47
1990,72,18.93,14.78,24.08,352.06,1.72,59.22274642,3.47
1990,73,18.93,14.78,24.08,352.06,1.72,59.20103903,3.47
1990,74,18.93,14.78,24.08,352.06,1.72,59.16971865,3.47
1990,75,18.93,14.78,24.08,352.06,1.72,59.14521898,3.47
1990,76,18.93,14.78,24.08,352.06,1.72,59.12672779,3.47
1990,77,18.93,14.78,24.08,352.06,1.72,59.10522895,3.47
1990,78,18.93,14.78,24.08,352.06,1.72,59.08857992,3.47
1990,79,18.93,14.78,24.08,352.06,1.72,59.0772359,3.47
1990,80,18.93,14.78,24.08,352.06,1.72,59.07104271,3.47
1990,81,18.93,14.78,24.08,352.06,1.72,59.06883663,3.47
1990,82,18.93,14.78,24.08,352.06,1.72,59.0691948,3.47
1990,83,18.93,14.78,24.08,352.06,1.72,59.07126118,3.47
1990,84,18.93,14.78,24.08,352.06,1.72,59.0753772,3.47
1990,85,18.93,14.78,24.08,352.06,1.72,59.08169117,3.47
1990,86,18.93,14.78,24.08,352.06,1.72,59.08953837,3.47
1990,87,18.93,14.78,24.08,352.06,1.72,59.09805458,3.47
1990,88,18.93,14.78,24.08,352.06,1.72,59.10634173,3.47
1990,89,18.93,14.78,24.08,352.06,1.72,59.11362869,3.47
1990,90,18.93,14.78,24.08,352.06,1.72,59.11941956,3.47
1990,91,18.93,14.78,24.08,352.06,1.72,59.12357125,3.47
1990,92,18.93,14.78,24.08,352.06,1.72,59.12595103,3.47
1990,93,18.93,14.78,24.08,352.06,1.72,59.12670582,3.47
1990,94,18.93,14.78,24.08,352.06,1.72,59.12567231,3.47
1990,95,18.93,14.78,24.08,352.06,1.72,59.12250594,3.47
1990,96,18.93,14.78,24.08,352.06,1.72,59.11824,3.47
1990,97,18.93,14.78,24.08,352.06,1.72,59.11374114,3.47
1990,98,18.93,14.78,24.08,352.06,1.72,59.10938093,3.47
1990,99,18.93,14.78,24.08,352.06,1.72,59.10571461,3.47
1990,100,18.93,14.78,24.08,352.06,1.72,59.10315445,3.47
1990,101,18.93,14.78,24.08,352.06,1.72,59.10147187,3.47
1990,102,18.93,14.78,24.08,352.06,1.72,59.10046163,3.47
1990,103,18.93,14.78,24.08,352.06,1.72,59.10027094,3.47
1990,104,18.93,14.78,24.08,352.06,1.72,59.10073858,3.47
1990,105,18.93,14.78,24.08,352.06,1.72,59.10167868,3.47
1990,106,18.93,14.78,24.08,352.06,1.72,59.10290412,3.47
1990,107,18.93,14.78,24.08,352.06,1.72,59.10426682,3.47
1990,108,18.93,14.78,24.08,352.06,1.72,59.1056697,3.47
1990,109,22.3,22.3,22.3,352.06,0,64.7,3.47
1990,110,21.07,17,24.09,352.06,0,71.13,3.74
1990,111,20.16,17.07,25.36,352.06,1,80.23,2.82
1990,112,18.06,16.81,19.59,352.06,17.06,92.29,2.83
1990,113,19.19,15.33,23.64,352.06,0,80.92,2.44
1990,114,20.13,17.32,24.31,352.06,0,81.88,2.65
1990,115,18.92,15.95,22.83,352.06,5.1,86.61,2.42
1990,116,18.55,16.41,22.86,352.06,35,89.17,1.62
1990,117,19.06,15.7,23.06,352.06,0.1,80.9,2.39
1990,118,17.85,16.69,20.08,352.06,11.7,90.83,2.03
1990,119,18.04,15.51,21.49,352.06,0,85.63,2.1
1990,120,18.66,16.79,22.47,352.06,14.3,87.36,2.18
1990,121,18.02,16.16,20.28,352.06,22.6,89.17,2.66
1990,122,18.54,14.62,22.18,352.06,0.6,84.6,2.64
1990,123,18.27,16.54,21.52,352.06,0.1,89.09,3.64
1990,124,18.61,15.12,23.36,352.06,0,83.58,1.96
1990,125,18.67,14.48,23.52,352.06,0,82.14,2.29
1990,126,18.86,15.23,23.42,352.06,0,82.42,2.8
1990,127,18.79,15.61,23.07,352.06,0,83.04,2.71
1990,128,19.09,15.8,23.44,352.06,0,81.1,2.44
1990,129,18.17,16.24,21.58,352.06,0.1,86.29,3.69
1990,130,18.56,16.06,22.68,352.06,0,81.82,3.32
1990,131,18.15,15.1,22.15,352.06,0,82.4,3.2
1990,132,18.06,14.02,23.32,352.06,0,80.69,2.41
1990,133,19.24,15.48,24.25,352.06,0,80.52,2.45
1990,134,19.23,16.33,24.04,352.06,0,79.02,3.41
1990,135,18.59,14.77,23.4,352.06,0,80.56,2.58
1990,136,18.6,14.35,23.74,352.06,0,75.81,2.95
1990,137,19.07,15.98,23.06,352.06,0,78.16,2.98
1990,138,18.29,13.91,22.89,352.06,0,81.01,2.73
1990,139,18.37,14.63,23.8,352.06,0,79.61,2.45
1990,140,19.41,13.13,26.12,352.06,0,72.85,2.35
1990,141,19.27,13.3,24.7,352.06,0,73.65,2.67
1990,142,19.83,15.97,25.45,352.06,0,76.68,2.49
1990,143,19.78,16.04,24.78,352.06,0,77.59,3.21
1990,144,18.99,14.96,23.77,352.06,0,73.95,3.17
1990,145,19.11,14.58,23.87,352.06,0,72.29,3.33
1990,146,18,14.1,22.59,352.06,0,75.42,3.35
1990,147,16.64,12.72,21.05,352.06,0.3,82.01,3.15
1990,148,17.5,14.02,22.45,352.06,0.1,80.72,3.26
1990,149,16.53,14.07,19.75,352.06,2.6,89.1,3.74
1990,150,17.26,13.76,20.82,352.06,0,82.09,2.58
1990,151,18.19,15.48,23.03,165.37,0,78.43,2.52
1990,152,19.1,14.83,24.04,252.18,0,74.88,3.37
1990,153,19.11,15.58,23.99,273.08,2.6,76.13,3.6
1990,154,18,14.69,22.03,69.78,0,80.43,3.46
1990,155,17.66,13.89,22.83,199.47,0,79.68,3.11
1990,156,19.15,14.11,24.66,306.03,0,72.1,2.52
1990,157,18.83,15.25,23.88,200.96,0.2,76.26,3.01
1990,158,18.95,13.44,24.91,360.35,0,62.02,2.54
1990,159,19.36,12.31,26.04,365.95,0,64.25,2.55
1990,160,18.79,15.88,23.8,229.63,0,75.18,3.93
1990,161,18.3,13.62,24.32,251.44,0,74.56,2.85
1990,162,19.59,14.98,24.61,351.39,0,63.15,2.73
1990,163,19.64,14.92,24.48,241.6,0.2,63.95,2.52
1990,164,17.84,13.52,22.29,190.26,0,74.48,2.64
1990,165,18.81,14.98,25.01,245.06,0,78.03,2.24
1990,166,17.89,14.88,21.55,141.38,0,77.07,2.1
1990,167,18.54,14.65,23.95,188.56,0,74.76,2.65
1990,168,16.83,14.59,19.37,54.07,0,80.78,3.03
1990,169,17.38,13.35,22.42,172.24,0,74.23,2.81
1990,170,17.84,12.97,22.96,224.37,0,73.04,2.49
1990,171,18.42,14.65,22.7,138.18,0,77.27,2.83
1990,172,17.83,15.91,20.93,191.66,0,79.93,3.14
1990,173,17.11,14.77,20.05,117.71,0,78.53,2.92
1990,174,16.87,15.44,18.65,61.62,0,81.36,3.27
1990,175,17.72,14.23,22.8,198.47,0,69.59,2.7
1990,176,18.16,13.41,24.21,249.27,0,60.96,2.39
1990,177,16.67,13.5,21.31,115.2,0,76.59,2.67
1990,178,16.59,13.91,20.48,94.91,0,79.69,2.63
1990,179,17.33,12.34,22.77,236.09,0,73.82,2.46
1990,180,16.34,13.54,19.66,114.41,0,79.4,2.51
1990,181,17.5,14.71,21.1,109.4,0,75.77,3.1
1990,182,17.09,14.5,20.39,26.13,0,79.28,3.5
1990,183,16.91,14.71,19.95,85.05,0,75.76,3.45
1990,184,17.14,13.46,21.06,61.39,0,73.3,3.53
1990,185,16.5,13.97,19.82,167.11,0,73.98,3.97
1990,186,15.27,12.43,18.94,12.18,0,79.14,2.19
1990,187,18.06,15.84,19.51,95.63,0,66.31,4.78
1990,188,16.23,14.2,18.34,100.56,0,71.89,4.13
1990,189,16.26,12.37,20.81,159.02,0,72.12,3.26
1990,190,16.77,11.2,23.56,248.11,0,72.19,2.32
1990,191,18.69,10.53,26.26,315.31,0,65.96,2.48
1990,192,18.73,13.05,25.43,289.71,0,67.15,2.61
1990,193,16.82,13.68,20.29,189.55,0,74.61,3
1990,194,16.93,12.67,20.86,192.7,0,72.44,3.07
1990,195,18.08,13.39,23.37,212.77,0,65.2,3.12
1990,196,17.13,12.58,22.48,132.91,0,70.3,2.48
1990,197,16.52,12.53,20.62,203.16,0,72.56,2.49
1990,198,15.86,11.93,19.8,67.65,0,73.96,2.59
1990,199,16.31,12.25,21.51,91.4,0,71.79,3.25
1990,200,16.74,12.41,21.45,65.78,0,73.66,2.79
1990,201,18.82,12.14,25.91,312.23,0,61.97,2.95
1990,202,18.53,13.18,24.25,317.92,0,62.06,3.24
1990,203,17.85,14.49,22.47,64.01,0,70.11,3.15
1990,204,17.62,14.85,21.88,183.78,0,74.82,3.76
1990,205,17.38,13.13,21.38,87.99,0,73.91,2.7
1990,206,18.01,15.6,22.06,164.12,0,74.49,3.37
1990,207,16.77,14.22,22.16,164.8,0,75.2,3.05
1990,208,16.96,12.3,21.48,97.12,0,71.97,2.7
1990,209,16.78,14.6,20.27,100.08,0,75.65,3.99
1990,210,16.67,13.6,21.41,84.46,0,77.88,2.76
1990,211,17.75,12.74,24.26,309.83,0,75.95,2.78
1990,212,18.63,12.91,25.69,320.4,0,71.32,2.99
1990,213,17.26,14.02,21.61,108.1,0,75.7,3.71
1990,214,17.03,13.91,20.32,245.22,0.1,76.65,5.05
1990,215,15.78,15.4,16.35,340.3,0,84.12,3.86
1990,216,18.93,14.78,24.08,340.3,1.72,77.88,3.64
1990,217,18.93,14.78,24.08,340.3,1.72,75.95,3.64
1990,218,18.93,14.78,24.08,340.3,1.72,71.32,3.64
1990,219,18.93,14.78,24.08,340.3,1.72,75.7,3.64
1990,220,19.19,16.1,22.77,340.3,0,60.43,3.98
1990,221,16.3,14.35,19.47,99.72,1.5,82.14,3.25
1990,222,17.41,14.54,21.9,340.3,0,74.2,3.32
1990,223,17.26,13.47,21.84,340.3,0,70.81,2.72
1990,224,16.43,11.83,22.03,340.3,0,69.39,2.8
1990,225,17.57,11.74,23.44,340.3,0,67.25,3.53
1990,226,18.23,12.32,24.09,340.3,0,66.17,3.32
1990,227,19.11,13.96,24.68,340.3,0,69.91,3.56
1990,228,18.74,15.68,22.93,340.3,0,69.27,3.69
1990,229,18.19,14.99,22.6,340.3,0,70.44,3.82
1990,230,17.99,14.35,23.52,340.3,0,68.34,4.51
1990,231,18.84,13.73,25.12,340.3,0,60.16,3.04
1990,232,19.25,12.04,25.81,340.3,0,51.77,3.25
1990,233,19.13,12.72,24.83,340.3,0,55.64,3.8
1990,234,20.08,15.13,25.93,340.3,0,60.22,3.34
1990,235,18.24,12.75,24.9,278.29,0,66.35,3.65
1990,236,18.13,13.52,24.14,286.17,0,67.29,3.42
1990,237,18.43,12.48,24.75,339.26,0,67.22,3.85
1990,238,19.73,14.79,25.96,370.39,0,61.21,3.94
1990,239,19.43,14.24,26.09,348.37,0,62.14,3.64
1990,240,18.38,14.17,23.01,204.73,0,66.11,4.3
1990,241,18.08,13.66,22.52,203.21,0,65.33,4.51
1990,242,18.02,15.12,21.84,184.28,0,72.23,4.32
1990,243,18.07,15.24,22.71,132.61,0,72.33,3.66
1990,244,18.87,15.46,23.51,134.25,0,70.98,3.71
1990,245,18.68,15.53,23.49,177.46,0,71.85,3.22
1990,246,18.9,12.73,25.89,309.28,0,65.73,3.63
1990,247,18.78,14.35,24.48,183.69,0,65.77,3.56
1990,248,19.63,13.74,25.63,239.41,0,65.78,3.22
1990,249,20.42,13.62,26.98,276.93,0,59.99,2.42
1990,250,18.55,15.47,24.24,183.01,23.2,79.81,2.36
1990,251,17.83,15.35,20.88,216.31,1.5,84.97,3.37
1990,252,17.63,15.18,20.3,237.69,0,79.53,3.56
1990,253,18.7,13.12,24.8,304.84,0,69.46,3.47
1990,254,19.63,15.06,25.4,286.39,0,68.96,3.1
1990,255,20.1,15.27,26.39,311.18,0,70.71,2.69
1990,256,18.54,15.58,23.43,212.37,0,78.29,3.58
1990,257,19.3,15.09,24.61,303.08,0,61.66,4.59
1990,258,18.25,15.11,22.31,305.08,0,70.57,3.47
1990,259,19.19,13.58,25.41,335.8,0,67.65,3.06
1990,260,20.08,15.78,27.18,352.88,7.9,69.76,3.16
1990,261,19.27,15.2,24.9,296.61,0,71.05,3.53
1990,262,19.43,14.03,24.85,321.49,0,70.28,3.57
1990,263,20.13,15.04,27.25,425.01,0,68.7,2.81
1990,264,20.11,14.46,26.74,335.61,0,68.67,3.61
1990,265,20.33,15.96,25.85,292.61,0,63.45,4.06
1990,266,19.54,15.6,24.75,214.41,0,65.68,4.21
1990,267,18.87,16.08,24.31,306.57,0,72.24,4.2
1990,268,20.51,14.71,27.22,310.98,0,58.63,3.17
1990,269,20.23,13.96,27.28,291.16,0,64.9,2.78
1990,270,20.27,14.8,26.27,303.74,0,67.24,3.51
1990,271,18.89,16.03,22.69,79.8,0,71.98,3.83
1990,272,19.89,13.95,26.59,315.98,0,67.54,3.7
1990,273,19.74,15.23,26.4,221.85,0,71.17,4.05
1990,274,20.87,16.39,27.58,279.48,0,66.11,3.52
1990,275,20.79,14.59,27.58,290.74,0,61.65,3.22
1990,276,18.98,12.25,25.45,355.89,0,61.51,3.36
1990,277,17.97,16.28,21.07,340.3,0,79.37,4.62
1990,278,18.71,15.17,23.32,340.3,0.1,73.05,3.82
1990,279,20.09,15.8,26.43,340.3,0,67.62,4.09
1990,280,20.12,14.92,26.08,340.3,0,59.02,3.57
1990,281,20.74,13.07,27.9,340.3,0,56.38,3.34
1990,282,21.15,14.46,27.94,340.3,0,61.27,4.24
1990,283,20.8,16.31,27.4,340.3,0,66.42,5.2
1990,284,20.65,14.57,26.53,340.3,0,61.27,4.42
1990,285,21.22,14.61,27.95,29.44,0,58.16,4.01
1990,286,22.07,14.44,29.04,427.23,0,57.17,3.61
1990,287,22.09,16.24,28.14,428.3,0,64.39,5.2
1990,288,21.94,17.65,27.56,348.26,0,67.16,5.57
1990,289,20.65,16.41,25.56,391.86,0.5,73,4.75
1990,290,20.59,17,26.7,287.02,0.1,72.18,3.44
1990,291,21.14,17.4,25.88,391.89,0,71.74,4.22
1990,292,19.67,16.88,24.57,333,0.9,79.34,4.75
1990,293,19.63,14.75,24.34,333.2,0,70.86,3.97
1990,294,20.13,15.77,25.43,317.38,0,68.67,4.18
1990,295,21.29,16.21,26.31,335.48,0,56.17,3.38
1990,296,20.92,15.51,26.96,386.79,0,56.58,3.52
1990,297,21.26,15.27,26.84,361.83,0,62.73,3.41
1990,298,21.43,17.08,26.31,373.89,0,67.31,4.54
1990,299,19.75,16.89,24.27,302.02,1.9,76.47,4.64
1990,300,19.99,16.11,24.47,275.17,0,70.49,3.55
1990,301,20.44,15.29,26.18,299.92,0,67.55,3.87
1990,302,20.44,16.2,25.09,293.17,0,66.86,3.74
1990,303,19.84,16.07,25.11,320.12,0,72.71,4.13
1990,304,19.58,16.66,24.13,286.44,4.5,78.4,4.26
1990,305,20.19,15.98,25.04,301.58,0,72.37,3.77
1990,306,18.89,16.55,22.21,304.4,32.9,85.22,3.63
1990,307,18.28,16.62,22.5,326.5,8.3,88.67,3.3
1990,308,18.22,15.53,21.34,294.16,8.6,84.66,3.2
1990,309,18.8,16.42,23.16,313,7.2,85.41,3
1990,310,19.32,16.17,24.13,442.3,28.39,81.98,3.32
1990,311,19.12,15.6,23.81,471.37,35.8,82.53,2.9
1990,312,18.59,16.89,21.94,329.38,3.1,88.16,3.48
1990,313,19.14,15.53,23.06,388.75,0,78.03,3.7
1990,314,18.8,16.01,22.5,265.7,17.8,85.21,3.72
1990,315,18.04,15.14,21.42,278.59,11.1,87.17,4.04
1990,316,18.82,16.5,23.13,342.78,4.4,86.05,3.73
1990,317,18.97,16.48,22.72,418.36,3.9,87.41,4.58
1990,318,18.57,16.33,23.09,332.43,22.2,89.79,2.51
1990,319,18.42,16.63,22.5,327.11,5.7,89.16,3.26
1990,320,18.56,16.26,22.07,379.33,6.6,87.77,3.73
1990,321,18.58,16.27,22.19,301.92,2.5,87.67,3.39
1990,322,19.16,16.24,23.04,360.37,1.74,82.42,3.52
1990,323,19.33,16.45,23.33,426.02,1.4,82.05,3.47
1990,324,18.81,15.89,23.3,398.04,0.4,85.17,3.46
1990,325,18.89,16.91,22.18,319.64,14.2,87.74,3.58
1990,326,18.29,16.52,21.89,360.61,8.7,91.68,4.05
1990,327,18.41,16.01,21.81,332.88,3.6,87.89,4.08
1990,328,18.6,16.2,22.59,392.39,9,87.44,3.59
1990,329,18.63,16.17,22.4,319.92,6.8,87.22,2.76
1990,330,18.31,15.64,21.96,339,8.4,89.85,3.28
1990,331,19.47,15.78,24.04,471.51,2.6,77.23,3.81
1990,332,19.07,16.67,23.43,349.55,0,83.95,3.15
1990,333,19.54,16.52,23.98,498.21,0,75.99,3.76
1990,334,19.2,15.46,23.4,483.41,0,72.17,3.74
1990,335,19.08,14.87,23.94,461.96,0,71.36,3.2
1990,336,19.51,14.76,24.39,411.98,0,75.32,3.14
1990,337,19.26,16.65,23.41,401.68,0,82.54,3.88
1990,338,18.98,15.93,23.5,363.5,0,80.18,3.54
1990,339,19.21,15.7,24.03,404.09,0,75.45,2.89
1990,340,19.08,16.36,23.58,383.18,0,79.45,2.86
1990,341,19.16,13.78,24.68,473.77,0,76.59,2.78
1990,342,19.31,14.63,24.83,446.49,0,70.69,2.85
1990,343,18.69,14.4,23.86,398.57,0,78.08,2.72
1990,344,19.39,16.5,23.57,397.26,0.8,80.59,4.16
1990,345,19.18,15.52,23.85,396.18,0.1,80.1,3.6
1990,346,19.24,15,24.28,353.75,0,81.24,2.85
1990,347,19.64,15.87,24.75,349.7,0,82.55,2.64
1990,348,19.65,17.22,23.88,355.75,0.1,85.12,3.01
1990,349,18.97,16.04,22.86,373.16,4.7,87.32,4.19
1990,350,18.27,16.3,21.59,235.59,0,85.91,4.21
1990,351,18.93,15.66,23.38,376.45,0,79.05,3.99
1990,352,18.79,15.6,23.31,400.29,0.1,80.3,3.54
1990,353,19.29,16.03,23.73,350.94,0,76.19,2.57
1990,354,18.81,14.53,23.85,403.15,0,78.18,2.74
1990,355,19.55,15.62,24.47,407.99,0,74.8,3.57
1990,356,19.31,15.92,23.7,323.94,2.2,83.67,3.45
1990,357,18.94,16.36,23.24,309.77,6.7,86.91,3.82
1990,358,20.22,16.91,24.8,409.78,0.7,81.63,3.41
1990,359,20.3,17.16,25.01,417.6,0,83.61,3.95
1990,360,18.96,16.81,22.36,248.07,0.6,86.86,4.58
1990,361,18.91,14.84,23.14,434.42,0,73.13,3.85
1990,362,19.96,15.72,24.86,444.77,0,68.75,3.05
1990,363,20.22,15.6,25.2,410.62,0,77.61,2.63
1990,364,20.21,16.76,25.21,330.63,0,81.03,3.1
1990,365,20.6,17.19,25.44,386.32,0,78.05,2.63
1991,1,19.25,14.12,24.18,280.23,0,62.72,4.63
1991,2,17.98,13.75,23.01,211.09,0.1,72.71,4.88
1991,3,17.25,15.45,20.82,214.32,10.62,87.78,5.48
1991,4,16.94,15.21,19.18,103.83,4.8,89.25,4.65
1991,5,17.62,14.54,21.55,274.51,0.2,77.42,4.38
1991,6,19.42,13.57,24.66,376.05,0,56.91,3.87
1991,7,19.6,14.23,24.56,355.46,0,60.44,4.2
1991,8,19.01,13.81,24.6,361.29,0,73.27,4.48
1991,9,19.48,16.27,24.33,277.82,0,74.98,5.09
1991,10,19.17,15.9,23.54,312.8,0,73.78,4.69
1991,11,19.18,14.34,24.06,300.67,0,70.07,4.13
1991,12,19.84,14.59,25.32,365.58,0,64.35,4.95
1991,13,19.68,13.39,25.11,359.62,0,57.99,4.46
1991,14,19.45,13.8,24.51,341.86,0,57.68,3.85
1991,15,19.78,13.98,24.89,349.03,0,53.19,4.17
1991,16,19.6,14.32,24.98,347.23,0,58.45,4.01
1991,17,19.44,13.62,24.81,280.46,0,61.1,4.05
1991,18,21.2,14.54,27.44,350.85,0,39.06,3.88
1991,19,21.45,15.57,27.25,356.5,0,43.76,3.63
1991,20,20.97,15.4,26.66,353.82,0,53.2,4.18
1991,21,20.88,14.6,26.14,356.25,0,51.04,4.37
1991,22,20.5,16.16,24.79,235.94,0,54.3,4.54
1991,23,20.05,16.04,24.84,262.47,0,65.03,4.02
1991,24,20.01,14.81,25.45,300.24,0,64.15,4.56
1991,25,20.9,14.87,26.58,352.5,0,58.19,4.1
1991,26,18.93,14.78,24.08,340.3,1.72,63.2328,3.64
1991,27,18.93,14.78,24.08,340.3,1.72,63.253312,3.64
1991,28,18.93,14.78,24.08,340.3,1.72,62.87504448,3.64
1991,29,18.93,14.78,24.08,340.3,1.72,61.87884626,3.64
1991,30,18.93,14.78,24.08,340.3,1.72,60.78400011,3.64
1991,31,18.93,14.78,24.08,340.3,1.72,60.11856011,3.64
1991,32,18.93,14.78,24.08,340.3,1.72,60.24690252,3.64
1991,33,18.93,14.78,24.08,340.3,1.72,60.23917862,3.64
1991,34,18.93,14.78,24.08,340.3,1.72,59.71794576,3.64
1991,35,18.93,14.78,24.08,340.3,1.72,59.10746359,3.64
1991,36,18.93,14.78,24.08,340.3,1.72,58.52056214,3.64
1991,37,18.93,14.78,24.08,340.3,1.72,58.05858462,3.64
1991,38,18.93,14.78,24.08,340.3,1.72,57.80692801,3.64
1991,39,18.93,14.78,24.08,340.3,1.72,57.79960513,3.64
1991,40,18.93,14.78,24.08,340.3,1.72,57.80438933,3.64
1991,41,18.93,14.78,24.08,340.3,1.72,57.98896491,3.64
1991,42,18.93,14.78,24.08,340.3,1.72,57.9705235,3.64
1991,43,18.93,14.78,24.08,340.3,1.72,57.84534444,3.64
1991,44,18.93,14.78,24.08,340.3,1.72,58.59675822,3.64
1991,45,18.93,14.78,24.08,340.3,1.72,59.19022855,3.64
1991,46,18.93,14.78,24.08,340.3,1.72,59.42983769,3.64
1991,47,18.93,14.78,24.08,340.3,1.72,59.7654312,3.64
1991,48,18.93,14.78,24.08,340.3,1.72,59.98404845,3.64
1991,49,18.93,14.78,24.08,340.3,1.72,59.78221039,3.64
1991,50,18.93,14.78,24.08,340.3,1.72,59.6074988,3.64
1991,51,18.93,14.78,24.08,340.3,1.72,59.66419875,3.64
1991,52,18.93,14.78,24.08,340.3,1.72,59.5214547,3.64
1991,53,18.93,14.78,24.08,340.3,1.72,59.37218041,3.64
1991,54,18.93,14.78,24.08,340.3,1.72,59.23206585,3.64
1991,55,18.93,14.78,24.08,340.3,1.72,59.12619463,3.64
1991,56,18.93,14.78,24.08,340.3,1.72,59.05988241,3.64
1991,57,18.93,14.78,24.08,340.3,1.72,59.01753531,3.64
1991,58,18.93,14.78,24.08,340.3,1.72,58.96836062,3.64
1991,59,18.93,14.78,24.08,340.3,1.72,58.9175279,3.64
1991,60,18.93,14.78,24.08,352.06,1.72,58.88551118,3.47
1991,61,18.93,14.78,24.08,352.06,1.72,58.87663309,3.47
1991,62,18.93,14.78,24.08,352.06,1.72,58.89087592,3.47
1991,63,18.93,14.78,24.08,352.06,1.72,58.92416758,3.47
1991,64,18.93,14.78,24.08,352.06,1.72,58.96885716,3.47
1991,65,18.93,14.78,24.08,352.06,1.72,59.01562724,3.47
1991,66,18.93,14.78,24.08,352.06,1.72,59.06407676,3.47
1991,67,18.93,14.78,24.08,352.06,1.72,59.10708123,3.47
1991,68,18.93,14.78,24.08,352.06,1.72,59.15254354,3.47
1991,69,18.93,14.78,24.08,352.06,1.72,59.2048315,3.47
1991,70,18.93,14.78,24.08,352.06,1.72,59.22915443,3.47
1991,71,18.93,14.78,24.08,352.06,1.72,59.23071147,3.47
1991,72,18.93,14.78,24.08,352.06,1.72,59.22274642,3.47
1991,73,18.93,14.78,24.08,352.06,1.72,59.20103903,3.47
1991,74,18.93,14.78,24.08,352.06,1.72,59.16971865,3.47
1991,75,18.93,14.78,24.08,352.06,1.72,59.14521898,3.47
1991,76,18.93,14.78,24.08,352.06,1.72,59.12672779,3.47
1991,77,18.93,14.78,24.08,352.06,1.72,59.10522895,3.47
1991,78,18.93,14.78,24.08,352.06,1.72,59.08857992,3.47
1991,79,18.93,14.78,24.08,352.06,1.72,59.0772359,3.47
1991,80,18.93,14.78,24.08,352.06,1.72,59.07104271,3.47
1991,81,18.93,14.78,24.08,352.06,1.72,59.06883663,3.47
1991,82,18.93,14.78,24.08,352.06,1.72,59.0691948,3.47
1991,83,18.93,14.78,24.08,352.06,1.72,59.07126118,3.47
1991,84,18.93,14.78,24.08,352.06,1.72,59.0753772,3.47
1991,85,18.93,14.78,24.08,352.06,1.72,59.08169117,3.47
1991,86,18.93,14.78,24.08,352.06,1.72,59.08953837,3.47
1991,87,18.93,14.78,24.08,352.06,1.72,59.09805458,3.47
1991,88,18.93,14.78,24.08,352.06,1.72,59.10634173,3.47
1991,89,18.93,14.78,24.08,352.06,1.72,59.11362869,3.47
1991,90,18.93,14.78,24.08,352.06,1.72,59.11941956,3.47
1991,91,18.93,14.78,24.08,352.06,1.72,59.12357125,3.47
1991,92,18.93,14.78,24.08,352.06,1.72,59.12595103,3.47
1991,93,18.93,14.78,24.08,352.06,1.72,59.12670582,3.47
1991,94,18.93,14.78,24.08,352.06,1.72,59.12567231,3.47
1991,95,18.93,14.78,24.08,352.06,1.72,59.12250594,3.47
1991,96,18.93,14.78,24.08,352.06,1.72,59.11824,3.47
1991,97,18.93,14.78,24.08,352.06,1.72,59.11374114,3.47
1991,98,18.93,14.78,24.08,352.06,1.72,59.10938093,3.47
1991,99,18.93,14.78,24.08,352.06,1.72,59.10571461,3.47
1991,100,18.93,14.78,24.08,352.06,1.72,59.10315445,3.47
1991,101,18.93,14.78,24.08,352.06,1.72,59.10147187,3.47
1991,102,18.93,14.78,24.08,352.06,1.72,59.10046163,3.47
1991,103,18.93,14.78,24.08,352.06,1.72,59.10027094,3.47
1991,104,18.93,14.78,24.08,352.06,1.72,59.10073858,3.47
1991,105,18.93,14.78,24.08,352.06,1.72,59.10167868,3.47
1991,106,18.93,14.78,24.08,352.06,1.72,59.10290412,3.47
1991,107,18.93,14.78,24.08,352.06,1.72,59.10426682,3.47
1991,108,18.93,14.78,24.08,352.06,1.72,59.1056697,3.47
1991,109,22.3,22.3,22.3,352.06,0,64.7,3.47
1991,110,21.07,17,24.09,352.06,0,71.13,3.74
1991,111,20.16,17.07,25.36,352.06,1,80.23,2.82
1991,112,18.06,16.81,19.59,352.06,17.06,92.29,2.83
1991,113,19.19,15.33,23.64,352.06,0,80.92,2.44
1991,114,20.13,17.32,24.31,352.06,0,81.88,2.65
1991,115,18.92,15.95,22.83,352.06,5.1,86.61,2.42
1991,116,18.55,16.41,22.86,352.06,35,89.17,1.62
1991,117,19.06,15.7,23.06,352.06,0.1,80.9,2.39
1991,118,17.85,16.69,20.08,352.06,11.7,90.83,2.03
1991,119,18.04,15.51,21.49,352.06,0,85.63,2.1
1991,120,18.66,16.79,22.47,352.06,14.3,87.36,2.18
1991,121,18.02,16.16,20.28,352.06,22.6,89.17,2.66
1991,122,18.54,14.62,22.18,352.06,0.6,84.6,2.64
1991,123,18.27,16.54,21.52,352.06,0.1,89.09,3.64
1991,124,18.61,15.12,23.36,352.06,0,83.58,1.96
1991,125,18.67,14.48,23.52,352.06,0,82.14,2.29
1991,126,18.86,15.23,23.42,352.06,0,82.42,2.8
1991,127,18.79,15.61,23.07,352.06,0,83.04,2.71
1991,128,19.09,15.8,23.44,352.06,0,81.1,2.44
1991,129,18.17,16.24,21.58,352.06,0.1,86.29,3.69
1991,130,18.56,16.06,22.68,352.06,0,81.82,3.32
1991,131,18.15,15.1,22.15,352.06,0,82.4,3.2
1991,132,18.06,14.02,23.32,352.06,0,80.69,2.41
1991,133,19.24,15.48,24.25,352.06,0,80.52,2.45
1991,134,19.23,16.33,24.04,352.06,0,79.02,3.41
1991,135,18.59,14.77,23.4,352.06,0,80.56,2.58
1991,136,18.6,14.35,23.74,352.06,0,75.81,2.95
1991,137,19.07,15.98,23.06,352.06,0,78.16,2.98
1991,138,18.29,13.91,22.89,352.06,0,81.01,2.73
1991,139,18.37,14.63,23.8,352.06,0,79.61,2.45
1991,140,19.41,13.13,26.12,352.06,0,72.85,2.35
1991,141,19.27,13.3,24.7,352.06,0,73.65,2.67
1991,142,19.83,15.97,25.45,352.06,0,76.68,2.49
1991,143,19.78,16.04,24.78,352.06,0,77.59,3.21
1991,144,18.99,14.96,23.77,352.06,0,73.95,3.17
1991,145,19.11,14.58,23.87,352.06,0,72.29,3.33
1991,146,18,14.1,22.59,352.06,0,75.42,3.35
1991,147,16.64,12.72,21.05,352.06,0.3,82.01,3.15
1991,148,17.5,14.02,22.45,352.06,0.1,80.72,3.26
1991,149,16.53,14.07,19.75,352.06,2.6,89.1,3.74
1991,150,17.26,13.76,20.82,352.06,0,82.09,2.58
1991,151,18.19,15.48,23.03,165.37,0,78.43,2.52
1991,152,19.1,14.83,24.04,252.18,0,74.88,3.37
1991,153,19.11,15.58,23.99,273.08,2.6,76.13,3.6
1991,154,18,14.69,22.03,69.78,0,80.43,3.46
1991,155,17.66,13.89,22.83,199.47,0,79.68,3.11
1991,156,19.15,14.11,24.66,306.03,0,72.1,2.52
1991,157,18.83,15.25,23.88,200.96,0.2,76.26,3.01
1991,158,18.95,13.44,24.91,360.35,0,62.02,2.54
1991,159,19.36,12.31,26.04,365.95,0,64.25,2.55
1991,160,18.79,15.88,23.8,229.63,0,75.18,3.93
1991,161,18.3,13.62,24.32,251.44,0,74.56,2.85
1991,162,19.59,14.98,24.61,351.39,0,63.15,2.73
1991,163,19.64,14.92,24.48,241.6,0.2,63.95,2.52
1991,164,17.84,13.52,22.29,190.26,0,74.48,2.64
1991,165,18.81,14.98,25.01,245.06,0,78.03,2.24
1991,166,17.89,14.88,21.55,141.38,0,77.07,2.1
1991,167,18.54,14.65,23.95,188.56,0,74.76,2.65
1991,168,16.83,14.59,19.37,54.07,0,80.78,3.03
1991,169,17.38,13.35,22.42,172.24,0,74.23,2.81
1991,170,17.84,12.97,22.96,224.37,0,73.04,2.49
1991,171,18.42,14.65,22.7,138.18,0,77.27,2.83
1991,172,17.83,15.91,20.93,191.66,0,79.93,3.14
1991,173,17.11,14.77,20.05,117.71,0,78.53,2.92
1991,174,16.87,15.44,18.65,61.62,0,81.36,3.27
1991,175,17.72,14.23,22.8,198.47,0,69.59,2.7
1991,176,18.16,13.41,24.21,249.27,0,60.96,2.39
1991,177,16.67,13.5,21.31,115.2,0,76.59,2.67
1991,178,16.59,13.91,20.48,94.91,0,79.69,2.63
1991,179,17.33,12.34,22.77,236.09,0,73.82,2.46
1991,180,16.34,13.54,19.66,114.41,0,79.4,2.51
1991,181,17.5,14.71,21.1,109.4,0,75.77,3.1
1991,182,17.09,14.5,20.39,26.13,0,79.28,3.5
1991,183,16.91,14.71,19.95,85.05,0,75.76,3.45
1991,184,17.14,13.46,21.06,61.39,0,73.3,3.53
1991,185,16.5,13.97,19.82,167.11,0,73.98,3.97
1991,186,15.27,12.43,18.94,12.18,0,79.14,2.19
1991,187,18.06,15.84,19.51,95.63,0,66.31,4.78
1991,188,16.23,14.2,18.34,100.56,0,71.89,4.13
1991,189,16.26,12.37,20.81,159.02,0,72.12,3.26
1991,190,16.77,11.2,23.56,248.11,0,72.19,2.32
1991,191,18.69,10.53,26.26,315.31,0,65.96,2.48
1991,192,18.73,13.05,25.43,289.71,0,67.15,2.61
1991,193,16.82,13.68,20.29,189.55,0,74.61,3
1991,194,16.93,12.67,20.86,192.7,0,72.44,3.07
1991,195,18.08,13.39,23.37,212.77,0,65.2,3.12
1991,196,17.13,12.58,22.48,132.91,0,70.3,2.48
1991,197,16.52,12.53,20.62,203.16,0,72.56,2.49
1991,198,15.86,11.93,19.8,67.65,0,73.96,2.59
1991,199,16.31,12.25,21.51,91.4,0,71.79,3.25
1991,200,16.74,12.41,21.45,65.78,0,73.66,2.79
1991,201,18.82,12.14,25.91,312.23,0,61.97,2.95
1991,202,18.53,13.18,24.25,317.92,0,62.06,3.24
1991,203,17.85,14.49,22.47,64.01,0,70.11,3.15
1991,204,17.62,14.85,21.88,183.78,0,74.82,3.76
1991,205,17.38,13.13,21.38,87.99,0,73.91,2.7
1991,206,18.01,15.6,22.06,164.12,0,74.49,3.37
1991,207,16.77,14.22,22.16,164.8,0,75.2,3.05
1991,208,16.96,12.3,21.48,97.12,0,71.97,2.7
1991,209,16.78,14.6,20.27,100.08,0,75.65,3.99
1991,210,16.67,13.6,21.41,84.46,0,77.88,2.76
1991,211,17.75,12.74,24.26,309.83,0,75.95,2.78
1991,212,18.63,12.91,25.69,320.4,0,71.32,2.99
1991,213,17.26,14.02,21.61,108.1,0,75.7,3.71
1991,214,17.03,13.91,20.32,245.22,0.1,76.65,5.05
1991,215,15.78,15.4,16.35,340.3,0,84.12,3.86
1991,216,18.93,14.78,24.08,340.3,1.72,77.88,3.64
1991,217,18.93,14.78,24.08,340.3,1.72,75.95,3.64
1991,218,18.93,14.78,24.08,340.3,1.72,71.32,3.64
1991,219,18.93,14.78,24.08,340.3,1.72,75.7,3.64
1991,220,19.19,16.1,22.77,340.3,0,60.43,3.98
1991,221,16.3,14.35,19.47,99.72,1.5,82.14,3.25
1991,222,17.41,14.54,21.9,340.3,0,74.2,3.32
1991,223,17.26,13.47,21.84,340.3,0,70.81,2.72
1991,224,16.43,11.83,22.03,340.3,0,69.39,2.8
1991,225,17.57,11.74,23.44,340.3,0,67.25,3.53
1991,226,18.23,12.32,24.09,340.3,0,66.17,3.32
1991,227,19.11,13.96,24.68,340.3,0,69.91,3.56
1991,228,18.74,15.68,22.93,340.3,0,69.27,3.69
1991,229,18.19,14.99,22.6,340.3,0,70.44,3.82
1991,230,17.99,14.35,23.52,340.3,0,68.34,4.51
1991,231,18.84,13.73,25.12,340.3,0,60.16,3.04
1991,232,19.25,12.04,25.81,340.3,0,51.77,3.25
1991,233,19.13,12.72,24.83,340.3,0,55.64,3.8
1991,234,20.08,15.13,25.93,340.3,0,60.22,3.34
1991,235,18.24,12.75,24.9,278.29,0,66.35,3.65
1991,236,18.13,13.52,24.14,286.17,0,67.29,3.42
1991,237,18.43,12.48,24.75,339.26,0,67.22,3.85
1991,238,19.73,14.79,25.96,370.39,0,61.21,3.94
1991,239,19.43,14.24,26.09,348.37,0,62.14,3.64
1991,240,18.38,14.17,23.01,204.73,0,66.11,4.3
1991,241,18.08,13.66,22.52,203.21,0,65.33,4.51
1991,242,18.02,15.12,21.84,184.28,0,72.23,4.32
1991,243,18.07,15.24,22.71,132.61,0,72.33,3.66
1991,244,18.87,15.46,23.51,134.25,0,70.98,3.71
1991,245,18.68,15.53,23.49,177.46,0,71.85,3.22
1991,246,18.9,12.73,25.89,309.28,0,65.73,3.63
1991,247,18.78,14.35,24.48,183.69,0,65.77,3.56
1991,248,19.63,13.74,25.63,239.41,0,65.78,3.22
1991,249,20.42,13.62,26.98,276.93,0,59.99,2.42
1991,250,18.55,15.47,24.24,183.01,23.2,79.81,2.36
1991,251,17.83,15.35,20.88,216.31,1.5,84.97,3.37
1991,252,17.63,15.18,20.3,237.69,0,79.53,3.56
1991,253,18.7,13.12,24.8,304.84,0,69.46,3.47
1991,254,19.63,15.06,25.4,286.39,0,68.96,3.1
1991,255,20.1,15.27,26.39,311.18,0,70.71,2.69
1991,256,18.54,15.58,23.43,212.37,0,78.29,3.58
1991,257,19.3,15.09,24.61,303.08,0,61.66,4.59
1991,258,18.25,15.11,22.31,305.08,0,70.57,3.47
1991,259,19.19,13.58,25.41,335.8,0,67.65,3.06
1991,260,20.08,15.78,27.18,352.88,7.9,69.76,3.16
1991,261,19.27,15.2,24.9,296.61,0,71.05,3.53
1991,262,19.43,14.03,24.85,321.49,0,70.28,3.57
1991,263,20.13,15.04,27.25,425.01,0,68.7,2.81
1991,264,20.11,14.46,26.74,335.61,0,68.67,3.61
1991,265,20.33,15.96,25.85,292.61,0,63.45,4.06
1991,266,19.54,15.6,24.75,214.41,0,65.68,4.21
1991,267,18.87,16.08,24.31,306.57,0,72.24,4.2
1991,268,20.51,14.71,27.22,310.98,0,58.63,3.17
1991,269,20.23,13.96,27.28,291.16,0,64.9,2.78
1991,270,20.27,14.8,26.27,303.74,0,67.24,3.51
1991,271,18.89,16.03,22.69,79.8,0,71.98,3.83
1991,272,19.89,13.95,26.59,315.98,0,67.54,3.7
1991,273,19.74,15.23,26.4,221.85,0,71.17,4.05
1991,274,20.87,16.39,27.58,279.48,0,66.11,3.52
1991,275,20.79,14.59,27.58,290.74,0,61.65,3.22
1991,276,18.98,12.25,25.45,355.89,0,61.51,3.36
1991,277,17.97,16.28,21.07,340.3,0,79.37,4.62
1991,278,18.71,15.17,23.32,340.3,0.1,73.05,3.82
1991,279,20.09,15.8,26.43,340.3,0,67.62,4.09
1991,280,20.12,14.92,26.08,340.3,0,59.02,3.57
1991,281,20.74,13.07,27.9,340.3,0,56.38,3.34
1991,282,21.15,14.46,27.94,340.3,0,61.27,4.24
1991,283,20.8,16.31,27.4,340.3,0,66.42,5.2
1991,284,20.65,14.57,26.53,340.3,0,61.27,4.42
1991,285,21.22,14.61,27.95,29.44,0,58.16,4.01
1991,286,22.07,14.44,29.04,427.23,0,57.17,3.61
1991,287,22.09,16.24,28.14,428.3,0,64.39,5.2
1991,288,21.94,17.65,27.56,348.26,0,67.16,5.57
1991,289,20.65,16.41,25.56,391.86,0.5,73,4.75
1991,290,20.59,17,26.7,287.02,0.1,72.18,3.44
1991,291,21.14,17.4,25.88,391.89,0,71.74,4.22
1991,292,19.67,16.88,24.57,333,0.9,79.34,4.75
1991,293,19.63,14.75,24.34,333.2,0,70.86,3.97
1991,294,20.13,15.77,25.43,317.38,0,68.67,4.18
1991,295,21.29,16.21,26.31,335.48,0,56.17,3.38
1991,296,20.92,15.51,26.96,386.79,0,56.58,3.52
1991,297,21.26,15.27,26.84,361.83,0,62.73,3.41
1991,298,21.43,17.08,26.31,373.89,0,67.31,4.54
1991,299,19.75,16.89,24.27,302.02,1.9,76.47,4.64
1991,300,19.99,16.11,24.47,275.17,0,70.49,3.55
1991,301,20.44,15.29,26.18,299.92,0,67.55,3.87
1991,302,20.44,16.2,25.09,293.17,0,66.86,3.74
1991,303,19.84,16.07,25.11,320.12,0,72.71,4.13
1991,304,19.58,16.66,24.13,286.44,4.5,78.4,4.26
1991,305,20.19,15.98,25.04,301.58,0,72.37,3.77
1991,306,18.89,16.55,22.21,304.4,32.9,85.22,3.63
1991,307,18.28,16.62,22.5,326.5,8.3,88.67,3.3
1991,308,18.22,15.53,21.34,294.16,8.6,84.66,3.2
1991,309,18.8,16.42,23.16,313,7.2,85.41,3
1991,310,19.32,16.17,24.13,442.3,28.39,81.98,3.32
1991,311,19.12,15.6,23.81,471.37,35.8,82.53,2.9
1991,312,18.59,16.89,21.94,329.38,3.1,88.16,3.48
1991,313,19.14,15.53,23.06,388.75,0,78.03,3.7
1991,314,18.8,16.01,22.5,265.7,17.8,85.21,3.72
1991,315,18.04,15.14,21.42,278.59,11.1,87.17,4.04
1991,316,18.82,16.5,23.13,342.78,4.4,86.05,3.73
1991,317,18.97,16.48,22.72,418.36,3.9,87.41,4.58
1991,318,18.57,16.33,23.09,332.43,22.2,89.79,2.51
1991,319,18.42,16.63,22.5,327.11,5.7,89.16,3.26
1991,320,18.56,16.26,22.07,379.33,6.6,87.77,3.73
1991,321,18.58,16.27,22.19,301.92,2.5,87.67,3.39
1991,322,19.16,16.24,23.04,360.37,1.74,82.42,3.52
1991,323,19.33,16.45,23.33,426.02,1.4,82.05,3.47
1991,324,18.81,15.89,23.3,398.04,0.4,85.17,3.46
1991,325,18.89,16.91,22.18,319.64,14.2,87.74,3.58
1991,326,18.29,16.52,21.89,360.61,8.7,91.68,4.05
1991,327,18.41,16.01,21.81,332.88,3.6,87.89,4.08
1991,328,18.6,16.2,22.59,392.39,9,87.44,3.59
1991,329,18.63,16.17,22.4,319.92,6.8,87.22,2.76
1991,330,18.31,15.64,21.96,339,8.4,89.85,3.28
1991,331,19.47,15.78,24.04,471.51,2.6,77.23,3.81
1991,332,19.07,16.67,23.43,349.55,0,83.95,3.15
1991,333,19.54,16.52,23.98,498.21,0,75.99,3.76
1991,334,19.2,15.46,23.4,483.41,0,72.17,3.74
1991,335,19.08,14.87,23.94,461.96,0,71.36,3.2
1991,336,19.51,14.76,24.39,411.98,0,75.32,3.14
1991,337,19.26,16.65,23.41,401.68,0,82.54,3.88
1991,338,18.98,15.93,23.5,363.5,0,80.18,3.54
1991,339,19.21,15.7,24.03,404.09,0,75.45,2.89
1991,340,19.08,16.36,23.58,383.18,0,79.45,2.86
1991,341,19.16,13.78,24.68,473.77,0,76.59,2.78
1991,342,19.31,14.63,24.83,446.49,0,70.69,2.85
1991,343,18.69,14.4,23.86,398.57,0,78.08,2.72
1991,344,19.39,16.5,23.57,397.26,0.8,80.59,4.16
1991,345,19.18,15.52,23.85,396.18,0.1,80.1,3.6
1991,346,19.24,15,24.28,353.75,0,81.24,2.85
1991,347,19.64,15.87,24.75,349.7,0,82.55,2.64
1991,348,19.65,17.22,23.88,355.75,0.1,85.12,3.01
1991,349,18.97,16.04,22.86,373.16,4.7,87.32,4.19
1991,350,18.27,16.3,21.59,235.59,0,85.91,4.21
1991,351,18.93,15.66,23.38,376.45,0,79.05,3.99
1991,352,18.79,15.6,23.31,400.29,0.1,80.3,3.54
1991,353,19.29,16.03,23.73,350.94,0,76.19,2.57
1991,354,18.81,14.53,23.85,403.15,0,78.18,2.74
1991,355,19.55,15.62,24.47,407.99,0,74.8,3.57
1991,356,19.31,15.92,23.7,323.94,2.2,83.67,3.45
1991,357,18.94,16.36,23.24,309.77,6.7,86.91,3.82
1991,358,20.22,16.91,24.8,409.78,0.7,81.63,3.41
1991,359,20.3,17.16,25.01,417.6,0,83.61,3.95
1991,360,18.96,16.81,22.36,248.07,0.6,86.86,4.58
1991,361,18.91,14.84,23.14,434.42,0,73.13,3.85
1991,362,19.96,15.72,24.86,444.77,0,68.75,3.05
1991,363,20.22,15.6,25.2,410.62,0,77.61,2.63
1991,364,20.21,16.76,25.21,330.63,0,81.03,3.1
1991,365,20.6,17.19,25.44,386.32,0,78.05,2.63
1992,1,19.25,14.12,24.18,280.23,0,62.72,4.63
1992,2,17.98,13.75,23.01,211.09,0.1,72.71,4.88
1992,3,17.25,15.45,20.82,214.32,10.62,87.78,5.48
1992,4,16.94,15.21,19.18,103.83,4.8,89.25,4.65
1992,5,17.62,14.54,21.55,274.51,0.2,77.42,4.38
1992,6,19.42,13.57,24.66,376.05,0,56.91,3.87
1992,7,19.6,14.23,24.56,355.46,0,60.44,4.2
1992,8,19.01,13.81,24.6,361.29,0,73.27,4.48
1992,9,19.48,16.27,24.33,277.82,0,74.98,5.09
1992,10,19.17,15.9,23.54,312.8,0,73.78,4.69
1992,11,19.18,14.34,24.06,300.67,0,70.07,4.13
1992,12,19.84,14.59,25.32,365.58,0,64.35,4.95
1992,13,19.68,13.39,25.11,359.62,0,57.99,4.46
1992,14,19.45,13.8,24.51,341.86,0,57.68,3.85
1992,15,19.78,13.98,24.89,349.03,0,53.19,4.17
1992,16,19.6,14.32,24.98,347.23,0,58.45,4.01
1992,17,19.44,13.62,24.81,280.46,0,61.1,4.05
1992,18,21.2,14.54,27.44,350.85,0,39.06,3.88
1992,19,21.45,15.57,27.25,356.5,0,43.76,3.63
1992,20,20.97,15.4,26.66,353.82,0,53.2,4.18
1992,21,20.88,14.6,26.14,356.25,0,51.04,4.37
1992,22,20.5,16.16,24.79,235.94,0,54.3,4.54
1992,23,20.05,16.04,24.84,262.47,0,65.03,4.02
1992,24,20.01,14.81,25.45,300.24,0,64.15,4.56
1992,25,20.9,14.87,26.58,352.5,0,58.19,4.1
1992,26,18.93,14.78,24.08,340.3,1.72,63.2328,3.64
1992,27,18.93,14.78,24.08,340.3,1.72,63.253312,3.64
1992,28,18.93,14.78,24.08,340.3,1.72,62.87504448,3.64
1992,29,18.93,14.78,24.08,340.3,1.72,61.87884626,3.64
1992,30,18.93,14.78,24.08,340.3,1.72,60.78400011,3.64
1992,31,18.93,14.78,24.08,340.3,1.72,60.11856011,3.64
1992,32,18.93,14.78,24.08,340.3,1.72,60.24690252,3.64
1992,33,18.93,14.78,24.08,340.3,1.72,60.23917862,3.64
1992,34,18.93,14.78,24.08,340.3,1.72,59.71794576,3.64
1992,35,18.93,14.78,24.08,340.3,1.72,59.10746359,3.64
1992,36,18.93,14.78,24.08,340.3,1.72,58.52056214,3.64
1992,37,18.93,14.78,24.08,340.3,1.72,58.05858462,3.64
1992,38,18.93,14.78,24.08,340.3,1.72,57.80692801,3.64
1992,39,18.93,14.78,24.08,340.3,1.72,57.79960513,3.64
1992,40,18.93,14.78,24.08,340.3,1.72,57.80438933,3.64
1992,41,18.93,14.78,24.08,340.3,1.72,57.98896491,3.64
1992,42,18.93,14.78,24.08,340.3,1.72,57.9705235,3.64
1992,43,18.93,14.78,24.08,340.3,1.72,57.84534444,3.64
1992,44,18.93,14.78,24.08,340.3,1.72,58.59675822,3.64
1992,45,18.93,14.78,24.08,340.3,1.72,59.19022855,3.64
1992,46,18.93,14.78,24.08,340.3,1.72,59.42983769,3.64
1992,47,18.93,14.78,24.08,340.3,1.72,59.7654312,3.64
1992,48,18.93,14.78,24.08,340.3,1.72,59.98404845,3.64
1992,49,18.93,14.78,24.08,340.3,1.72,59.78221039,3.64
1992,50,18.93,14.78,24.08,340.3,1.72,59.6074988,3.64
1992,51,18.93,14.78,24.08,340.3,1.72,59.66419875,3.64
1992,52,18.93,14.78,24.08,340.3,1.72,59.5214547,3.64
1992,53,18.93,14.78,24.08,340.3,1.72,59.37218041,3.64
1992,54,18.93,14.78,24.08,340.3,1.72,59.23206585,3.64
1992,55,18.93,14.78,24.08,340.3,1.72,59.12619463,3.64
1992,56,18.93,14.78,24.08,340.3,1.72,59.05988241,3.64
1992,57,18.93,14.78,24.08,340.3,1.72,59.01753531,3.64
1992,58,18.93,14.78,24.08,340.3,1.72,58.96836062,3.64
1992,59,18.93,14.78,24.08,340.3,1.72,58.9175279,3.64
1992,60,18.93,14.78,24.08,352.06,1.72,58.88551118,3.47
1992,61,18.93,14.78,24.08,352.06,1.72,58.87663309,3.47
1992,62,18.93,14.78,24.08,352.06,1.72,58.89087592,3.47
1992,63,18.93,14.78,24.08,352.06,1.72,58.92416758,3.47
1992,64,18.93,14.78,24.08,352.06,1.72,58.96885716,3.47
1992,65,18.93,14.78,24.08,352.06,1.72,59.01562724,3.47
1992,66,18.93,14.78,24.08,352.06,1.72,59.06407676,3.47
1992,67,18.93,14.78,24.08,352.06,1.72,59.10708123,3.47
1992,68,18.93,14.78,24.08,352.06,1.72,59.15254354,3.47
1992,69,18.93,14.78,24.08,352.06,1.72,59.2048315,3.47
1992,70,18.93,14.78,24.08,352.06,1.72,59.22915443,3.47
1992,71,18.93,14.78,24.08,352.06,1.72,59.23071147,3.47
1992,72,18.93,14.78,24.08,352.06,1.72,59.22274642,3.47
1992,73,18.93,14.78,24.08,352.06,1.72,59.20103903,3.47
1992,74,18.93,14.78,24.08,352.06,1.72,59.16971865,3.47
1992,75,18.93,14.78,24.08,352.06,1.72,59.14521898,3.47
1992,76,18.93,14.78,24.08,352.06,1.72,59.12672779,3.47
1992,77,18.93,14.78,24.08,352.06,1.72,59.10522895,3.47
1992,78,18.93,14.78,24.08,352.06,1.72,59.08857992,3.47
1992,79,18.93,14.78,24.08,352.06,1.72,59.0772359,3.47
1992,80,18.93,14.78,24.08,352.06,1.72,59.07104271,3.47
1992,81,18.93,14.78,24.08,352.06,1.72,59.06883663,3.47
1992,82,18.93,14.78,24.08,352.06,1.72,59.0691948,3.47
1992,83,18.93,14.78,24.08,352.06,1.72,59.07126118,3.47
1992,84,18.93,14.78,24.08,352.06,1.72,59.0753772,3.47
1992,85,18.93,14.78,24.08,352.06,1.72,59.08169117,3.47
1992,86,18.93,14.78,24.08,352.06,1.72,59.08953837,3.47
1992,87,18.93,14.78,24.08,352.06,1.72,59.09805458,3.47
1992,88,18.93,14.78,24.08,352.06,1.72,59.10634173,3.47
1992,89,18.93,14.78,24.08,352.06,1.72,59.11362869,3.47
1992,90,18.93,14.78,24.08,352.06,1.72,59.11941956,3.47
1992,91,18.93,14.78,24.08,352.06,1.72,59.12357125,3.47
1992,92,18.93,14.78,24.08,352.06,1.72,59.12595103,3.47
1992,93,18.93,14.78,24.08,352.06,1.72,59.12670582,3.47
1992,94,18.93,14.78,24.08,352.06,1.72,59.12567231,3.47
1992,95,18.93,14.78,24.08,352.06,1.72,59.12250594,3.47
1992,96,18.93,14.78,24.08,352.06,1.72,59.11824,3.47
1992,97,18.93,14.78,24.08,352.06,1.72,59.11374114,3.47
1992,98,18.93,14.78,24.08,352.06,1.72,59.10938093,3.47
1992,99,18.93,14.78,24.08,352.06,1.72,59.10571461,3.47
1992,100,18.93,14.78,24.08,352.06,1.72,59.10315445,3.47
1992,101,18.93,14.78,24.08,352.06,1.72,59.10147187,3.47
1992,102,18.93,14.78,24.08,352.06,1.72,59.10046163,3.47
1992,103,18.93,14.78,24.08,352.06,1.72,59.10027094,3.47
1992,104,18.93,14.78,24.08,352.06,1.72,59.10073858,3.47
1992,105,18.93,14.78,24.08,352.06,1.72,59.10167868,3.47
1992,106,18.93,14.78,24.08,352.06,1.72,59.10290412,3.47
1992,107,18.93,14.78,24.08,352.06,1.72,59.10426682,3.47
1992,108,18.93,14.78,24.08,352.06,1.72,59.1056697,3.47
1992,109,22.3,22.3,22.3,352.06,0,64.7,3.47
1992,110,21.07,17,24.09,352.06,0,71.13,3.74
1992,111,20.16,17.07,25.36,352.06,1,80.23,2.82
1992,112,18.06,16.81,19.59,352.06,17.06,92.29,2.83
1992,113,19.19,15.33,23.64,352.06,0,80.92,2.44
1992,114,20.13,17.32,24.31,352.06,0,81.88,2.65
1992,115,18.92,15.95,22.83,352.06,5.1,86.61,2.42
1992,116,18.55,16.41,22.86,352.06,35,89.17,1.62
1992,117,19.06,15.7,23.06,352.06,0.1,80.9,2.39
1992,118,17.85,16.69,20.08,352.06,11.7,90.83,2.03
1992,119,18.04,15.51,21.49,352.06,0,85.63,2.1
1992,120,18.66,16.79,22.47,352.06,14.3,87.36,2.18
1992,121,18.02,16.16,20.28,352.06,22.6,89.17,2.66
1992,122,18.54,14.62,22.18,352.06,0.6,84.6,2.64
1992,123,18.27,16.54,21.52,352.06,0.1,89.09,3.64
1992,124,18.61,15.12,23.36,352.06,0,83.58,1.96
1992,125,18.67,14.48,23.52,352.06,0,82.14,2.29
1992,126,18.86,15.23,23.42,352.06,0,82.42,2.8
1992,127,18.79,15.61,23.07,352.06,0,83.04,2.71
1992,128,19.09,15.8,23.44,352.06,0,81.1,2.44
1992,129,18.17,16.24,21.58,352.06,0.1,86.29,3.69
1992,130,18.56,16.06,22.68,352.06,0,81.82,3.32
1992,131,18.15,15.1,22.15,352.06,0,82.4,3.2
1992,132,18.06,14.02,23.32,352.06,0,80.69,2.41
1992,133,19.24,15.48,24.25,352.06,0,80.52,2.45
1992,134,19.23,16.33,24.04,352.06,0,79.02,3.41
1992,135,18.59,14.77,23.4,352.06,0,80.56,2.58
1992,136,18.6,14.35,23.74,352.06,0,75.81,2.95
1992,137,19.07,15.98,23.06,352.06,0,78.16,2.98
1992,138,18.29,13.91,22.89,352.06,0,81.01,2.73
1992,139,18.37,14.63,23.8,352.06,0,79.61,2.45
1992,140,19.41,13.13,26.12,352.06,0,72.85,2.35
1992,141,19.27,13.3,24.7,352.06,0,73.65,2.67
1992,142,19.83,15.97,25.45,352.06,0,76.68,2.49
1992,143,19.78,16.04,24.78,352.06,0,77.59,3.21
1992,144,18.99,14.96,23.77,352.06,0,73.95,3.17
1992,145,19.11,14.58,23.87,352.06,0,72.29,3.33
1992,146,18,14.1,22.59,352.06,0,75.42,3.35
1992,147,16.64,12.72,21.05,352.06,0.3,82.01,3.15
1992,148,17.5,14.02,22.45,352.06,0.1,80.72,3.26
1992,149,16.53,14.07,19.75,352.06,2.6,89.1,3.74
1992,150,17.26,13.76,20.82,352.06,0,82.09,2.58
1992,151,18.19,15.48,23.03,165.37,0,78.43,2.52
1992,152,19.1,14.83,24.04,252.18,0,74.88,3.37
1992,153,19.11,15.58,23.99,273.08,2.6,76.13,3.6
1992,154,18,14.69,22.03,69.78,0,80.43,3.46
1992,155,17.66,13.89,22.83,199.47,0,79.68,3.11
1992,156,19.15,14.11,24.66,306.03,0,72.1,2.52
1992,157,18.83,15.25,23.88,200.96,0.2,76.26,3.01
1992,158,18.95,13.44,24.91,360.35,0,62.02,2.54
1992,159,19.36,12.31,26.04,365.95,0,64.25,2.55
1992,160,18.79,15.88,23.8,229.63,0,75.18,3.93
1992,161,18.3,13.62,24.32,251.44,0,74.56,2.85
1992,162,19.59,14.98,24.61,351.39,0,63.15,2.73
1992,163,19.64,14.92,24.48,241.6,0.2,63.95,2.52
1992,164,17.84,13.52,22.29,190.26,0,74.48,2.64
1992,165,18.81,14.98,25.01,245.06,0,78.03,2.24
1992,166,17.89,14.88,21.55,141.38,0,77.07,2.1
1992,167,18.54,14.65,23.95,188.56,0,74.76,2.65
1992,168,16.83,14.59,19.37,54.07,0,80.78,3.03
1992,169,17.38,13.35,22.42,172.24,0,74.23,2.81
1992,170,17.84,12.97,22.96,224.37,0,73.04,2.49
1992,171,18.42,14.65,22.7,138.18,0,77.27,2.83
1992,172,17.83,15.91,20.93,191.66,0,79.93,3.14
1992,173,17.11,14.77,20.05,117.71,0,78.53,2.92
1992,174,16.87,15.44,18.65,61.62,0,81.36,3.27
1992,175,17.72,14.23,22.8,198.47,0,69.59,2.7
1992,176,18.16,13.41,24.21,249.27,0,60.96,2.39
1992,177,16.67,13.5,21.31,115.2,0,76.59,2.67
1992,178,16.59,13.91,20.48,94.91,0,79.69,2.63
1992,179,17.33,12.34,22.77,236.09,0,73.82,2.46
1992,180,16.34,13.54,19.66,114.41,0,79.4,2.51
1992,181,17.5,14.71,21.1,109.4,0,75.77,3.1
1992,182,17.09,14.5,20.39,26.13,0,79.28,3.5
1992,183,16.91,14.71,19.95,85.05,0,75.76,3.45
1992,184,17.14,13.46,21.06,61.39,0,73.3,3.53
1992,185,16.5,13.97,19.82,167.11,0,73.98,3.97
1992,186,15.27,12.43,18.94,12.18,0,79.14,2.19
1992,187,18.06,15.84,19.51,95.63,0,66.31,4.78
1992,188,16.23,14.2,18.34,100.56,0,71.89,4.13
1992,189,16.26,12.37,20.81,159.02,0,72.12,3.26
1992,190,16.77,11.2,23.56,248.11,0,72.19,2.32
1992,191,18.69,10.53,26.26,315.31,0,65.96,2.48
1992,192,18.73,13.05,25.43,289.71,0,67.15,2.61
1992,193,16.82,13.68,20.29,189.55,0,74.61,3
1992,194,16.93,12.67,20.86,192.7,0,72.44,3.07
1992,195,18.08,13.39,23.37,212.77,0,65.2,3.12
1992,196,17.13,12.58,22.48,132.91,0,70.3,2.48
1992,197,16.52,12.53,20.62,203.16,0,72.56,2.49
1992,198,15.86,11.93,19.8,67.65,0,73.96,2.59
1992,199,16.31,12.25,21.51,91.4,0,71.79,3.25
1992,200,16.74,12.41,21.45,65.78,0,73.66,2.79
1992,201,18.82,12.14,25.91,312.23,0,61.97,2.95
1992,202,18.53,13.18,24.25,317.92,0,62.06,3.24
1992,203,17.85,14.49,22.47,64.01,0,70.11,3.15
1992,204,17.62,14.85,21.88,183.78,0,74.82,3.76
1992,205,17.38,13.13,21.38,87.99,0,73.91,2.7
1992,206,18.01,15.6,22.06,164.12,0,74.49,3.37
1992,207,16.77,14.22,22.16,164.8,0,75.2,3.05
1992,208,16.96,12.3,21.48,97.12,0,71.97,2.7
1992,209,16.78,14.6,20.27,100.08,0,75.65,3.99
1992,210,16.67,13.6,21.41,84.46,0,77.88,2.76
1992,211,17.75,12.74,24.26,309.83,0,75.95,2.78
1992,212,18.63,12.91,25.69,320.4,0,71.32,2.99
1992,213,17.26,14.02,21.61,108.1,0,75.7,3.71
1992,214,17.03,13.91,20.32,245.22,0.1,76.65,5.05
1992,215,15.78,15.4,16.35,340.3,0,84.12,3.86
1992,216,18.93,14.78,24.08,340.3,1.72,77.88,3.64
1992,217,18.93,14.78,24.08,340.3,1.72,75.95,3.64
1992,218,18.93,14.78,24.08,340.3,1.72,71.32,3.64
1992,219,18.93,14.78,24.08,340.3,1.72,75.7,3.64
1992,220,19.19,16.1,22.77,340.3,0,60.43,3.98
1992,221,16.3,14.35,19.47,99.72,1.5,82.14,3.25
1992,222,17.41,14.54,21.9,340.3,0,74.2,3.32
1992,223,17.26,13.47,21.84,340.3,0,70.81,2.72
1992,224,16.43,11.83,22.03,340.3,0,69.39,2.8
1992,225,17.57,11.74,23.44,340.3,0,67.25,3.53
1992,226,18.23,12.32,24.09,340.3,0,66.17,3.32
1992,227,19.11,13.96,24.68,340.3,0,69.91,3.56
1992,228,18.74,15.68,22.93,340.3,0,69.27,3.69
1992,229,18.19,14.99,22.6,340.3,0,70.44,3.82
1992,230,17.99,14.35,23.52,340.3,0,68.34,4.51
1992,231,18.84,13.73,25.12,340.3,0,60.16,3.04
1992,232,19.25,12.04,25.81,340.3,0,51.77,3.25
1992,233,19.13,12.72,24.83,340.3,0,55.64,3.8
1992,234,20.08,15.13,25.93,340.3,0,60.22,3.34
1992,235,18.24,12.75,24.9,278.29,0,66.35,3.65
1992,236,18.13,13.52,24.14,286.17,0,67.29,3.42
1992,237,18.43,12.48,24.75,339.26,0,67.22,3.85
1992,238,19.73,14.79,25.96,370.39,0,61.21,3.94
1992,239,19.43,14.24,26.09,348.37,0,62.14,3.64
1992,240,18.38,14.17,23.01,204.73,0,66.11,4.3
1992,241,18.08,13.66,22.52,203.21,0,65.33,4.51
1992,242,18.02,15.12,21.84,184.28,0,72.23,4.32
1992,243,18.07,15.24,22.71,132.61,0,72.33,3.66
1992,244,18.87,15.46,23.51,134.25,0,70.98,3.71
1992,245,18.68,15.53,23.49,177.46,0,71.85,3.22
1992,246,18.9,12.73,25.89,309.28,0,65.73,3.63
1992,247,18.78,14.35,24.48,183.69,0,65.77,3.56
1992,248,19.63,13.74,25.63,239.41,0,65.78,3.22
1992,249,20.42,13.62,26.98,276.93,0,59.99,2.42
1992,250,18.55,15.47,24.24,183.01,23.2,79.81,2.36
1992,251,17.83,15.35,20.88,216.31,1.5,84.97,3.37
1992,252,17.63,15.18,20.3,237.69,0,79.53,3.56
1992,253,18.7,13.12,24.8,304.84,0,69.46,3.47
1992,254,19.63,15.06,25.4,286.39,0,68.96,3.1
1992,255,20.1,15.27,26.39,311.18,0,70.71,2.69
1992,256,18.54,15.58,23.43,212.37,0,78.29,3.58
1992,257,19.3,15.09,24.61,303.08,0,61.66,4.59
1992,258,18.25,15.11,22.31,305.08,0,70.57,3.47
1992,259,19.19,13.58,25.41,335.8,0,67.65,3.06
1992,260,20.08,15.78,27.18,352.88,7.9,69.76,3.16
1992,261,19.27,15.2,24.9,296.61,0,71.05,3.53
1992,262,19.43,14.03,24.85,321.49,0,70.28,3.57
1992,263,20.13,15.04,27.25,425.01,0,68.7,2.81
1992,264,20.11,14.46,26.74,335.61,0,68.67,3.61
1992,265,20.33,15.96,25.85,292.61,0,63.45,4.06
1992,266,19.54,15.6,24.75,214.41,0,65.68,4.21
1992,267,18.87,16.08,24.31,306.57,0,72.24,4.2
1992,268,20.51,14.71,27.22,310.98,0,58.63,3.17
1992,269,20.23,13.96,27.28,291.16,0,64.9,2.78
1992,270,20.27,14.8,26.27,303.74,0,67.24,3.51
1992,271,18.89,16.03,22.69,79.8,0,71.98,3.83
1992,272,19.89,13.95,26.59,315.98,0,67.54,3.7
1992,273,19.74,15.23,26.4,221.85,0,71.17,4.05
1992,274,20.87,16.39,27.58,279.48,0,66.11,3.52
1992,275,20.79,14.59,27.58,290.74,0,61.65,3.22
1992,276,18.98,12.25,25.45,355.89,0,61.51,3.36
1992,277,17.97,16.28,21.07,340.3,0,79.37,4.62
1992,278,18.71,15.17,23.32,340.3,0.1,73.05,3.82
1992,279,20.09,15.8,26.43,340.3,0,67.62,4.09
1992,280,20.12,14.92,26.08,340.3,0,59.02,3.57
1992,281,20.74,13.07,27.9,340.3,0,56.38,3.34
1992,282,21.15,14.46,27.94,340.3,0,61.27,4.24
1992,283,20.8,16.31,27.4,340.3,0,66.42,5.2
1992,284,20.65,14.57,26.53,340.3,0,61.27,4.42
1992,285,21.22,14.61,27.95,29.44,0,58.16,4.01
1992,286,22.07,14.44,29.04,427.23,0,57.17,3.61
1992,287,22.09,16.24,28.14,428.3,0,64.39,5.2
1992,288,21.94,17.65,27.56,348.26,0,67.16,5.57
1992,289,20.65,16.41,25.56,391.86,0.5,73,4.75
1992,290,20.59,17,26.7,287.02,0.1,72.18,3.44
1992,291,21.14,17.4,25.88,391.89,0,71.74,4.22
1992,292,19.67,16.88,24.57,333,0.9,79.34,4.75
1992,293,19.63,14.75,24.34,333.2,0,70.86,3.97
1992,294,20.13,15.77,25.43,317.38,0,68.67,4.18
1992,295,21.29,16.21,26.31,335.48,0,56.17,3.38
1992,296,20.92,15.51,26.96,386.79,0,56.58,3.52
1992,297,21.26,15.27,26.84,361.83,0,62.73,3.41
1992,298,21.43,17.08,26.31,373.89,0,67.31,4.54
1992,299,19.75,16.89,24.27,302.02,1.9,76.47,4.64
1992,300,19.99,16.11,24.47,275.17,0,70.49,3.55
1992,301,20.44,15.29,26.18,299.92,0,67.55,3.87
1992,302,20.44,16.2,25.09,293.17,0,66.86,3.74
1992,303,19.84,16.07,25.11,320.12,0,72.71,4.13
1992,304,19.58,16.66,24.13,286.44,4.5,78.4,4.26
1992,305,20.19,15.98,25.04,301.58,0,72.37,3.77
1992,306,18.89,16.55,22.21,304.4,32.9,85.22,3.63
1992,307,18.28,16.62,22.5,326.5,8.3,88.67,3.3
1992,308,18.22,15.53,21.34,294.16,8.6,84.66,3.2
1992,309,18.8,16.42,23.16,313,7.2,85.41,3
1992,310,19.32,16.17,24.13,442.3,28.39,81.98,3.32
1992,311,19.12,15.6,23.81,471.37,35.8,82.53,2.9
1992,312,18.59,16.89,21.94,329.38,3.1,88.16,3.48
1992,313,19.14,15.53,23.06,388.75,0,78.03,3.7
1992,314,18.8,16.01,22.5,265.7,17.8,85.21,3.72
1992,315,18.04,15.14,21.42,278.59,11.1,87.17,4.04
1992,316,18.82,16.5,23.13,342.78,4.4,86.05,3.73
1992,317,18.97,16.48,22.72,418.36,3.9,87.41,4.58
1992,318,18.57,16.33,23.09,332.43,22.2,89.79,2.51
1992,319,18.42,16.63,22.5,327.11,5.7,89.16,3.26
1992,320,18.56,16.26,22.07,379.33,6.6,87.77,3.73
1992,321,18.58,16.27,22.19,301.92,2.5,87.67,3.39
1992,322,19.16,16.24,23.04,360.37,1.74,82.42,3.52
1992,323,19.33,16.45,23.33,426.02,1.4,82.05,3.47
1992,324,18.81,15.89,23.3,398.04,0.4,85.17,3.46
1992,325,18.89,16.91,22.18,319.64,14.2,87.74,3.58
1992,326,18.29,16.52,21.89,360.61,8.7,91.68,4.05
1992,327,18.41,16.01,21.81,332.88,3.6,87.89,4.08
1992,328,18.6,16.2,22.59,392.39,9,87.44,3.59
1992,329,18.63,16.17,22.4,319.92,6.8,87.22,2.76
1992,330,18.31,15.64,21.96,339,8.4,89.85,3.28
1992,331,19.47,15.78,24.04,471.51,2.6,77.23,3.81
1992,332,19.07,16.67,23.43,349.55,0,83.95,3.15
1992,333,19.54,16.52,23.98,498.21,0,75.99,3.76
1992,334,19.2,15.46,23.4,483.41,0,72.17,3.74
1992,335,19.08,14.87,23.94,461.96,0,71.36,3.2
1992,336,19.51,14.76,24.39,411.98,0,75.32,3.14
1992,337,19.26,16.65,23.41,401.68,0,82.54,3.88
1992,338,18.98,15.93,23.5,363.5,0,80.18,3.54
1992,339,19.21,15.7,24.03,404.09,0,75.45,2.89
1992,340,19.08,16.36,23.58,383.18,0,79.45,2.86
1992,341,19.16,13.78,24.68,473.77,0,76.59,2.78
1992,342,19.31,14.63,24.83,446.49,0,70.69,2.85
1992,343,18.69,14.4,23.86,398.57,0,78.08,2.72
1992,344,19.39,16.5,23.57,397.26,0.8,80.59,4.16
1992,345,19.18,15.52,23.85,396.18,0.1,80.1,3.6
1992,346,19.24,15,24.28,353.75,0,81.24,2.85
1992,347,19.64,15.87,24.75,349.7,0,82.55,2.64
1992,348,19.65,17.22,23.88,355.75,0.1,85.12,3.01
1992,349,18.97,16.04,22.86,373.16,4.7,87.32,4.19
1992,350,18.27,16.3,21.59,235.59,0,85.91,4.21
1992,351,18.93,15.66,23.38,376.45,0,79.05,3.99
1992,352,18.79,15.6,23.31,400.29,0.1,80.3,3.54
1992,353,19.29,16.03,23.73,350.94,0,76.19,2.57
1992,354,18.81,14.53,23.85,403.15,0,78.18,2.74
1992,355,19.55,15.62,24.47,407.99,0,74.8,3.57
1992,356,19.31,15.92,23.7,323.94,2.2,83.67,3.45
1992,357,18.94,16.36,23.24,309.77,6.7,86.91,3.82
1992,358,20.22,16.91,24.8,409.78,0.7,81.63,3.41
1992,359,20.3,17.16,25.01,417.6,0,83.61,3.95
1992,360,18.96,16.81,22.36,248.07,0.6,86.86,4.58
1992,361,18.91,14.84,23.14,434.42,0,73.13,3.85
1992,362,19.96,15.72,24.86,444.77,0,68.75,3.05
1992,363,20.22,15.6,25.2,410.62,0,77.61,2.63
1992,364,20.21,16.76,25.21,330.63,0,81.03,3.1
1992,365,20.6,17.19,25.44,386.32,0,78.05,2.63
1993,1,19.25,14.12,24.18,280.23,0,62.72,4.63
1993,2,17.98,13.75,23.01,211.09,0.1,72.71,4.88
1993,3,17.25,15.45,20.82,214.32,10.62,87.78,5.48
1993,4,16.94,15.21,19.18,103.83,4.8,89.25,4.65
1993,5,17.62,14.54,21.55,274.51,0.2,77.42,4.38
1993,6,19.42,13.57,24.66,376.05,0,56.91,3.87
1993,7,19.6,14.23,24.56,355.46,0,60.44,4.2
1993,8,19.01,13.81,24.6,361.29,0,73.27,4.48
1993,9,19.48,16.27,24.33,277.82,0,74.98,5.09
1993,10,19.17,15.9,23.54,312.8,0,73.78,4.69
1993,11,19.18,14.34,24.06,300.67,0,70.07,4.13
1993,12,19.84,14.59,25.32,365.58,0,64.35,4.95
1993,13,19.68,13.39,25.11,359.62,0,57.99,4.46
1993,14,19.45,13.8,24.51,341.86,0,57.68,3.85
1993,15,19.78,13.98,24.89,349.03,0,53.19,4.17
1993,16,19.6,14.32,24.98,347.23,0,58.45,4.01
1993,17,19.44,13.62,24.81,280.46,0,61.1,4.05
1993,18,21.2,14.54,27.44,350.85,0,39.06,3.88
1993,19,21.45,15.57,27.25,356.5,0,43.76,3.63
1993,20,20.97,15.4,26.66,353.82,0,53.2,4.18
1993,21,20.88,14.6,26.14,356.25,0,51.04,4.37
1993,22,20.5,16.16,24.79,235.94,0,54.3,4.54
1993,23,20.05,16.04,24.84,262.47,0,65.03,4.02
1993,24,20.01,14.81,25.45,300.24,0,64.15,4.56
1993,25,20.9,14.87,26.58,352.5,0,58.19,4.1
1993,26,18.93,14.78,24.08,340.3,1.72,63.2328,3.64
1993,27,18.93,14.78,24.08,340.3,1.72,63.253312,3.64
1993,28,18.93,14.78,24.08,340.3,1.72,62.87504448,3.64
1993,29,18.93,14.78,24.08,340.3,1.72,61.87884626,3.64
1993,30,18.93,14.78,24.08,340.3,1.72,60.78400011,3.64
1993,31,18.93,14.78,24.08,340.3,1.72,60.11856011,3.64
1993,32,18.93,14.78,24.08,340.3,1.72,60.24690252,3.64
1993,33,18.93,14.78,24.08,340.3,1.72,60.23917862,3.64
1993,34,18.93,14.78,24.08,340.3,1.72,59.71794576,3.64
1993,35,18.93,14.78,24.08,340.3,1.72,59.10746359,3.64
1993,36,18.93,14.78,24.08,340.3,1.72,58.52056214,3.64
1993,37,18.93,14.78,24.08,340.3,1.72,58.05858462,3.64
1993,38,18.93,14.78,24.08,340.3,1.72,57.80692801,3.64
1993,39,18.93,14.78,24.08,340.3,1.72,57.79960513,3.64
1993,40,18.93,14.78,24.08,340.3,1.72,57.80438933,3.64
1993,41,18.93,14.78,24.08,340.3,1.72,57.98896491,3.64
1993,42,18.93,14.78,24.08,340.3,1.72,57.9705235,3.64
1993,43,18.93,14.78,24.08,340.3,1.72,57.84534444,3.64
1993,44,18.93,14.78,24.08,340.3,1.72,58.59675822,3.64
1993,45,18.93,14.78,24.08,340.3,1.72,59.19022855,3.64
1993,46,18.93,14.78,24.08,340.3,1.72,59.42983769,3.64
1993,47,18.93,14.78,24.08,340.3,1.72,59.7654312,3.64
1993,48,18.93,14.78,24.08,340.3,1.72,59.98404845,3.64
1993,49,18.93,14.78,24.08,340.3,1.72,59.78221039,3.64
1993,50,18.93,14.78,24.08,340.3,1.72,59.6074988,3.64
1993,51,18.93,14.78,24.08,340.3,1.72,59.66419875,3.64
1993,52,18.93,14.78,24.08,340.3,1.72,59.5214547,3.64
1993,53,18.93,14.78,24.08,340.3,1.72,59.37218041,3.64
1993,54,18.93,14.78,24.08,340.3,1.72,59.23206585,3.64
1993,55,18.93,14.78,24.08,340.3,1.72,59.12619463,3.64
1993,56,18.93,14.78,24.08,340.3,1.72,59.05988241,3.64
1993,57,18.93,14.78,24.08,340.3,1.72,59.01753531,3.64
1993,58,18.93,14.78,24.08,340.3,1.72,58.96836062,3.64
1993,59,18.93,14.78,24.08,340.3,1.72,58.9175279,3.64
1993,60,18.93,14.78,24.08,352.06,1.72,58.88551118,3.47
1993,61,18.93,14.78,24.08,352.06,1.72,58.87663309,3.47
1993,62,18.93,14.78,24.08,352.06,1.72,58.89087592,3.47
1993,63,18.93,14.78,24.08,352.06,1.72,58.92416758,3.47
1993,64,18.93,14.78,24.08,352.06,1.72,58.96885716,3.47
1993,65,18.93,14.78,24.08,352.06,1.72,59.01562724,3.47
1993,66,18.93,14.78,24.08,352.06,1.72,59.06407676,3.47
1993,67,18.93,14.78,24.08,352.06,1.72,59.10708123,3.47
1993,68,18.93,14.78,24.08,352.06,1.72,59.15254354,3.47
1993,69,18.93,14.78,24.08,352.06,1.72,59.2048315,3.47
1993,70,18.93,14.78,24.08,352.06,1.72,59.22915443,3.47
1993,71,18.93,14.78,24.08,352.06,1.72,59.23071147,3.47
1993,72,18.93,14.78,24.08,352.06,1.72,59.22274642,3.47
1993,73,18.93,14.78,24.08,352.06,1.72,59.20103903,3.47
1993,74,18.93,14.78,24.08,352.06,1.72,59.16971865,3.47
1993,75,18.93,14.78,24.08,352.06,1.72,59.14521898,3.47
1993,76,18.93,14.78,24.08,352.06,1.72,59.12672779,3.47
1993,77,18.93,14.78,24.08,352.06,1.72,59.10522895,3.47
1993,78,18.93,14.78,24.08,352.06,1.72,59.08857992,3.47
1993,79,18.93,14.78,24.08,352.06,1.72,59.0772359,3.47
1993,80,18.93,14.78,24.08,352.06,1.72,59.07104271,3.47
1993,81,18.93,14.78,24.08,352.06,1.72,59.06883663,3.47
1993,82,18.93,14.78,24.08,352.06,1.72,59.0691948,3.47
1993,83,18.93,14.78,24.08,352.06,1.72,59.07126118,3.47
1993,84,18.93,14.78,24.08,352.06,1.72,59.0753772,3.47
1993,85,18.93,14.78,24.08,352.06,1.72,59.08169117,3.47
1993,86,18.93,14.78,24.08,352.06,1.72,59.08953837,3.47
1993,87,18.93,14.78,24.08,352.06,1.72,59.09805458,3.47
1993,88,18.93,14.78,24.08,352.06,1.72,59.10634173,3.47
1993,89,18.93,14.78,24.08,352.06,1.72,59.11362869,3.47
1993,90,18.93,14.78,24.08,352.06,1.72,59.11941956,3.47
1993,91,18.93,14.78,24.08,352.06,1.72,59.12357125,3.47
1993,92,18.93,14.78,24.08,352.06,1.72,59.12595103,3.47
1993,93,18.93,14.78,24.08,352.06,1.72,59.12670582,3.47
1993,94,18.93,14.78,24.08,352.06,1.72,59.12567231,3.47
1993,95,18.93,14.78,24.08,352.06,1.72,59.12250594,3.47
1993,96,18.93,14.78,24.08,352.06,1.72,59.11824,3.47
1993,97,18.93,14.78,24.08,352.06,1.72,59.11374114,3.47
1993,98,18.93,14.78,24.08,352.06,1.72,59.10938093,3.47
1993,99,18.93,14.78,24.08,352.06,1.72,59.10571461,3.47
1993,100,18.93,14.78,24.08,352.06,1.72,59.10315445,3.47
1993,101,18.93,14.78,24.08,352.06,1.72,59.10147187,3.47
1993,102,18.93,14.78,24.08,352.06,1.72,59.10046163,3.47
1993,103,18.93,14.78,24.08,352.06,1.72,59.10027094,3.47
1993,104,18.93,14.78,24.08,352.06,1.72,59.10073858,3.47
1993,105,18.93,14.78,24.08,352.06,1.72,59.10167868,3.47
1993,106,18.93,14.78,24.08,352.06,1.72,59.10290412,3.47
1993,107,18.93,14.78,24.08,352.06,1.72,59.10426682,3.47
1993,108,18.93,14.78,24.08,352.06,1.72,59.1056697,3.47
1993,109,22.3,22.3,22.3,352.06,0,64.7,3.47
1993,110,21.07,17,24.09,352.06,0,71.13,3.74
1993,111,20.16,17.07,25.36,352.06,1,80.23,2.82
1993,112,18.06,16.81,19.59,352.06,17.06,92.29,2.83
1993,113,19.19,15.33,23.64,352.06,0,80.92,2.44
1993,114,20.13,17.32,24.31,352.06,0,81.88,2.65
1993,115,18.92,15.95,22.83,352.06,5.1,86.61,2.42
1993,116,18.55,16.41,22.86,352.06,35,89.17,1.62
1993,117,19.06,15.7,23.06,352.06,0.1,80.9,2.39
1993,118,17.85,16.69,20.08,352.06,11.7,90.83,2.03
1993,119,18.04,15.51,21.49,352.06,0,85.63,2.1
1993,120,18.66,16.79,22.47,352.06,14.3,87.36,2.18
1993,121,18.02,16.16,20.28,352.06,22.6,89.17,2.66
1993,122,18.54,14.62,22.18,352.06,0.6,84.6,2.64
1993,123,18.27,16.54,21.52,352.06,0.1,89.09,3.64
1993,124,18.61,15.12,23.36,352.06,0,83.58,1.96
1993,125,18.67,14.48,23.52,352.06,0,82.14,2.29
1993,126,18.86,15.23,23.42,352.06,0,82.42,2.8
1993,127,18.79,15.61,23.07,352.06,0,83.04,2.71
1993,128,19.09,15.8,23.44,352.06,0,81.1,2.44
1993,129,18.17,16.24,21.58,352.06,0.1,86.29,3.69
1993,130,18.56,16.06,22.68,352.06,0,81.82,3.32
1993,131,18.15,15.1,22.15,352.06,0,82.4,3.2
1993,132,18.06,14.02,23.32,352.06,0,80.69,2.41
1993,133,19.24,15.48,24.25,352.06,0,80.52,2.45
1993,134,19.23,16.33,24.04,352.06,0,79.02,3.41
1993,135,18.59,14.77,23.4,352.06,0,80.56,2.58
1993,136,18.6,14.35,23.74,352.06,0,75.81,2.95
1993,137,19.07,15.98,23.06,352.06,0,78.16,2.98
1993,138,18.29,13.91,22.89,352.06,0,81.01,2.73
1993,139,18.37,14.63,23.8,352.06,0,79.61,2.45
1993,140,19.41,13.13,26.12,352.06,0,72.85,2.35
1993,141,19.27,13.3,24.7,352.06,0,73.65,2.67
1993,142,19.83,15.97,25.45,352.06,0,76.68,2.49
1993,143,19.78,16.04,24.78,352.06,0,77.59,3.21
1993,144,18.99,14.96,23.77,352.06,0,73.95,3.17
1993,145,19.11,14.58,23.87,352.06,0,72.29,3.33
1993,146,18,14.1,22.59,352.06,0,75.42,3.35
1993,147,16.64,12.72,21.05,352.06,0.3,82.01,3.15
1993,148,17.5,14.02,22.45,352.06,0.1,80.72,3.26
1993,149,16.53,14.07,19.75,352.06,2.6,89.1,3.74
1993,150,17.26,13.76,20.82,352.06,0,82.09,2.58
1993,151,18.19,15.48,23.03,165.37,0,78.43,2.52
1993,152,19.1,14.83,24.04,252.18,0,74.88,3.37
1993,153,19.11,15.58,23.99,273.08,2.6,76.13,3.6
1993,154,18,14.69,22.03,69.78,0,80.43,3.46
1993,155,17.66,13.89,22.83,199.47,0,79.68,3.11
1993,156,19.15,14.11,24.66,306.03,0,72.1,2.52
1993,157,18.83,15.25,23.88,200.96,0.2,76.26,3.01
1993,158,18.95,13.44,24.91,360.35,0,62.02,2.54
1993,159,19.36,12.31,26.04,365.95,0,64.25,2.55
1993,160,18.79,15.88,23.8,229.63,0,75.18,3.93
1993,161,18.3,13.62,24.32,251.44,0,74.56,2.85
1993,162,19.59,14.98,24.61,351.39,0,63.15,2.73
1993,163,19.64,14.92,24.48,241.6,0.2,63.95,2.52
1993,164,17.84,13.52,22.29,190.26,0,74.48,2.64
1993,165,18.81,14.98,25.01,245.06,0,78.03,2.24
1993,166,17.89,14.88,21.55,141.38,0,77.07,2.1
1993,167,18.54,14.65,23.95,188.56,0,74.76,2.65
1993,168,16.83,14.59,19.37,54.07,0,80.78,3.03
1993,169,17.38,13.35,22.42,172.24,0,74.23,2.81
1993,170,17.84,12.97,22.96,224.37,0,73.04,2.49
1993,171,18.42,14.65,22.7,138.18,0,77.27,2.83
1993,172,17.83,15.91,20.93,191.66,0,79.93,3.14
1993,173,17.11,14.77,20.05,117.71,0,78.53,2.92
1993,174,16.87,15.44,18.65,61.62,0,81.36,3.27
1993,175,17.72,14.23,22.8,198.47,0,69.59,2.7
1993,176,18.16,13.41,24.21,249.27,0,60.96,2.39
1993,177,16.67,13.5,21.31,115.2,0,76.59,2.67
1993,178,16.59,13.91,20.48,94.91,0,79.69,2.63
1993,179,17.33,12.34,22.77,236.09,0,73.82,2.46
1993,180,16.34,13.54,19.66,114.41,0,79.4,2.51
1993,181,17.5,14.71,21.1,109.4,0,75.77,3.1
1993,182,17.09,14.5,20.39,26.13,0,79.28,3.5
1993,183,16.91,14.71,19.95,85.05,0,75.76,3.45
1993,184,17.14,13.46,21.06,61.39,0,73.3,3.53
1993,185,16.5,13.97,19.82,167.11,0,73.98,3.97
1993,186,15.27,12.43,18.94,12.18,0,79.14,2.19
1993,187,18.06,15.84,19.51,95.63,0,66.31,4.78
1993,188,16.23,14.2,18.34,100.56,0,71.89,4.13
1993,189,16.26,12.37,20.81,159.02,0,72.12,3.26
1993,190,16.77,11.2,23.56,248.11,0,72.19,2.32
1993,191,18.69,10.53,26.26,315.31,0,65.96,2.48
1993,192,18.73,13.05,25.43,289.71,0,67.15,2.61
1993,193,16.82,13.68,20.29,189.55,0,74.61,3
1993,194,16.93,12.67,20.86,192.7,0,72.44,3.07
1993,195,18.08,13.39,23.37,212.77,0,65.2,3.12
1993,196,17.13,12.58,22.48,132.91,0,70.3,2.48
1993,197,16.52,12.53,20.62,203.16,0,72.56,2.49
1993,198,15.86,11.93,19.8,67.65,0,73.96,2.59
1993,199,16.31,12.25,21.51,91.4,0,71.79,3.25
1993,200,16.74,12.41,21.45,65.78,0,73.66,2.79
1993,201,18.82,12.14,25.91,312.23,0,61.97,2.95
1993,202,18.53,13.18,24.25,317.92,0,62.06,3.24
1993,203,17.85,14.49,22.47,64.01,0,70.11,3.15
1993,204,17.62,14.85,21.88,183.78,0,74.82,3.76
1993,205,17.38,13.13,21.38,87.99,0,73.91,2.7
1993,206,18.01,15.6,22.06,164.12,0,74.49,3.37
1993,207,16.77,14.22,22.16,164.8,0,75.2,3.05
1993,208,16.96,12.3,21.48,97.12,0,71.97,2.7
1993,209,16.78,14.6,20.27,100.08,0,75.65,3.99
1993,210,16.67,13.6,21.41,84.46,0,77.88,2.76
1993,211,17.75,12.74,24.26,309.83,0,75.95,2.78
1993,212,18.63,12.91,25.69,320.4,0,71.32,2.99
1993,213,17.26,14.02,21.61,108.1,0,75.7,3.71
1993,214,17.03,13.91,20.32,245.22,0.1,76.65,5.05
1993,215,15.78,15.4,16.35,340.3,0,84.12,3.86
1993,216,18.93,14.78,24.08,340.3,1.72,77.88,3.64
1993,217,18.93,14.78,24.08,340.3,1.72,75.95,3.64
1993,218,18.93,14.78,24.08,340.3,1.72,71.32,3.64
1993,219,18.93,14.78,24.08,340.3,1.72,75.7,3.64
1993,220,19.19,16.1,22.77,340.3,0,60.43,3.98
1993,221,16.3,14.35,19.47,99.72,1.5,82.14,3.25
1993,222,17.41,14.54,21.9,340.3,0,74.2,3.32
1993,223,17.26,13.47,21.84,340.3,0,70.81,2.72
1993,224,16.43,11.83,22.03,340.3,0,69.39,2.8
1993,225,17.57,11.74,23.44,340.3,0,67.25,3.53
1993,226,18.23,12.32,24.09,340.3,0,66.17,3.32
1993,227,19.11,13.96,24.68,340.3,0,69.91,3.56
1993,228,18.74,15.68,22.93,340.3,0,69.27,3.69
1993,229,18.19,14.99,22.6,340.3,0,70.44,3.82
1993,230,17.99,14.35,23.52,340.3,0,68.34,4.51
1993,231,18.84,13.73,25.12,340.3,0,60.16,3.04
1993,232,19.25,12.04,25.81,340.3,0,51.77,3.25
1993,233,19.13,12.72,24.83,340.3,0,55.64,3.8
1993,234,20.08,15.13,25.93,340.3,0,60.22,3.34
1993,235,18.24,12.75,24.9,278.29,0,66.35,3.65
1993,236,18.13,13.52,24.14,286.17,0,67.29,3.42
1993,237,18.43,12.48,24.75,339.26,0,67.22,3.85
1993,238,19.73,14.79,25.96,370.39,0,61.21,3.94
1993,239,19.43,14.24,26.09,348.37,0,62.14,3.64
1993,240,18.38,14.17,23.01,204.73,0,66.11,4.3
1993,241,18.08,13.66,22.52,203.21,0,65.33,4.51
1993,242,18.02,15.12,21.84,184.28,0,72.23,4.32
1993,243,18.07,15.24,22.71,132.61,0,72.33,3.66
1993,244,18.87,15.46,23.51,134.25,0,70.98,3.71
1993,245,18.68,15.53,23.49,177.46,0,71.85,3.22
1993,246,18.9,12.73,25.89,309.28,0,65.73,3.63
1993,247,18.78,14.35,24.48,183.69,0,65.77,3.56
1993,248,19.63,13.74,25.63,239.41,0,65.78,3.22
1993,249,20.42,13.62,26.98,276.93,0,59.99,2.42
1993,250,18.55,15.47,24.24,183.01,23.2,79.81,2.36
1993,251,17.83,15.35,20.88,216.31,1.5,84.97,3.37
1993,252,17.63,15.18,20.3,237.69,0,79.53,3.56
1993,253,18.7,13.12,24.8,304.84,0,69.46,3.47
1993,254,19.63,15.06,25.4,286.39,0,68.96,3.1
1993,255,20.1,15.27,26.39,311.18,0,70.71,2.69
1993,256,18.54,15.58,23.43,212.37,0,78.29,3.58
1993,257,19.3,15.09,24.61,303.08,0,61.66,4.59
1993,258,18.25,15.11,22.31,305.08,0,70.57,3.47
1993,259,19.19,13.58,25.41,335.8,0,67.65,3.06
1993,260,20.08,15.78,27.18,352.88,7.9,69.76,3.16
1993,261,19.27,15.2,24.9,296.61,0,71.05,3.53
1993,262,19.43,14.03,24.85,321.49,0,70.28,3.57
1993,263,20.13,15.04,27.25,425.01,0,68.7,2.81
1993,264,20.11,14.46,26.74,335.61,0,68.67,3.61
1993,265,20.33,15.96,25.85,292.61,0,63.45,4.06
1993,266,19.54,15.6,24.75,214.41,0,65.68,4.21
1993,267,18.87,16.08,24.31,306.57,0,72.24,4.2
1993,268,20.51,14.71,27.22,310.98,0,58.63,3.17
1993,269,20.23,13.96,27.28,291.16,0,64.9,2.78
1993,270,20.27,14.8,26.27,303.74,0,67.24,3.51
1993,271,18.89,16.03,22.69,79.8,0,71.98,3.83
1993,272,19.89,13.95,26.59,315.98,0,67.54,3.7
1993,273,19.74,15.23,26.4,221.85,0,71.17,4.05
1993,274,20.87,16.39,27.58,279.48,0,66.11,3.52
1993,275,20.79,14.59,27.58,290.74,0,61.65,3.22
1993,276,18.98,12.25,25.45,355.89,0,61.51,3.36
1993,277,17.97,16.28,21.07,340.3,0,79.37,4.62
1993,278,18.71,15.17,23.32,340.3,0.1,73.05,3.82
1993,279,20.09,15.8,26.43,340.3,0,67.62,4.09
1993,280,20.12,14.92,26.08,340.3,0,59.02,3.57
1993,281,20.74,13.07,27.9,340.3,0,56.38,3.34
1993,282,21.15,14.46,27.94,340.3,0,61.27,4.24
1993,283,20.8,16.31,27.4,340.3,0,66.42,5.2
1993,284,20.65,14.57,26.53,340.3,0,61.27,4.42
1993,285,21.22,14.61,27.95,29.44,0,58.16,4.01
1993,286,22.07,14.44,29.04,427.23,0,57.17,3.61
1993,287,22.09,16.24,28.14,428.3,0,64.39,5.2
1993,288,21.94,17.65,27.56,348.26,0,67.16,5.57
1993,289,20.65,16.41,25.56,391.86,0.5,73,4.75
1993,290,20.59,17,26.7,287.02,0.1,72.18,3.44
1993,291,21.14,17.4,25.88,391.89,0,71.74,4.22
1993,292,19.67,16.88,24.57,333,0.9,79.34,4.75
1993,293,19.63,14.75,24.34,333.2,0,70.86,3.97
1993,294,20.13,15.77,25.43,317.38,0,68.67,4.18
1993,295,21.29,16.21,26.31,335.48,0,56.17,3.38
1993,296,20.92,15.51,26.96,386.79,0,56.58,3.52
1993,297,21.26,15.27,26.84,361.83,0,62.73,3.41
1993,298,21.43,17.08,26.31,373.89,0,67.31,4.54
1993,299,19.75,16.89,24.27,302.02,1.9,76.47,4.64
1993,300,19.99,16.11,24.47,275.17,0,70.49,3.55
1993,301,20.44,15.29,26.18,299.92,0,67.55,3.87
1993,302,20.44,16.2,25.09,293.17,0,66.86,3.74
1993,303,19.84,16.07,25.11,320.12,0,72.71,4.13
1993,304,19.58,16.66,24.13,286.44,4.5,78.4,4.26
1993,305,20.19,15.98,25.04,301.58,0,72.37,3.77
1993,306,18.89,16.55,22.21,304.4,32.9,85.22,3.63
1993,307,18.28,16.62,22.5,326.5,8.3,88.67,3.3
1993,308,18.22,15.53,21.34,294.16,8.6,84.66,3.2
1993,309,18.8,16.42,23.16,313,7.2,85.41,3
1993,310,19.32,16.17,24.13,442.3,28.39,81.98,3.32
1993,311,19.12,15.6,23.81,471.37,35.8,82.53,2.9
1993,312,18.59,16.89,21.94,329.38,3.1,88.16,3.48
1993,313,19.14,15.53,23.06,388.75,0,78.03,3.7
1993,314,18.8,16.01,22.5,265.7,17.8,85.21,3.72
1993,315,18.04,15.14,21.42,278.59,11.1,87.17,4.04
1993,316,18.82,16.5,23.13,342.78,4.4,86.05,3.73
1993,317,18.97,16.48,22.72,418.36,3.9,87.41,4.58
1993,318,18.57,16.33,23.09,332.43,22.2,89.79,2.51
1993,319,18.42,16.63,22.5,327.11,5.7,89.16,3.26
1993,320,18.56,16.26,22.07,379.33,6.6,87.77,3.73
1993,321,18.58,16.27,22.19,301.92,2.5,87.67,3.39
1993,322,19.16,16.24,23.04,360.37,1.74,82.42,3.52
1993,323,19.33,16.45,23.33,426.02,1.4,82.05,3.47
1993,324,18.81,15.89,23.3,398.04,0.4,85.17,3.46
1993,325,18.89,16.91,22.18,319.64,14.2,87.74,3.58
1993,326,18.29,16.52,21.89,360.61,8.7,91.68,4.05
1993,327,18.41,16.01,21.81,332.88,3.6,87.89,4.08
1993,328,18.6,16.2,22.59,392.39,9,87.44,3.59
1993,329,18.63,16.17,22.4,319.92,6.8,87.22,2.76
1993,330,18.31,15.64,21.96,339,8.4,89.85,3.28
1993,331,19.47,15.78,24.04,471.51,2.6,77.23,3.81
1993,332,19.07,16.67,23.43,349.55,0,83.95,3.15
1993,333,19.54,16.52,23.98,498.21,0,75.99,3.76
1993,334,19.2,15.46,23.4,483.41,0,72.17,3.74
1993,335,19.08,14.87,23.94,461.96,0,71.36,3.2
1993,336,19.51,14.76,24.39,411.98,0,75.32,3.14
1993,337,19.26,16.65,23.41,401.68,0,82.54,3.88
1993,338,18.98,15.93,23.5,363.5,0,80.18,3.54
1993,339,19.21,15.7,24.03,404.09,0,75.45,2.89
1993,340,19.08,16.36,23.58,383.18,0,79.45,2.86
1993,341,19.16,13.78,24.68,473.77,0,76.59,2.78
1993,342,19.31,14.63,24.83,446.49,0,70.69,2.85
1993,343,18.69,14.4,23.86,398.57,0,78.08,2.72
1993,344,19.39,16.5,23.57,397.26,0.8,80.59,4.16
1993,345,19.18,15.52,23.85,396.18,0.1,80.1,3.6
1993,346,19.24,15,24.28,353.75,0,81.24,2.85
1993,347,19.64,15.87,24.75,349.7,0,82.55,2.64
1993,348,19.65,17.22,23.88,355.75,0.1,85.12,3.01
1993,349,18.97,16.04,22.86,373.16,4.7,87.32,4.19
1993,350,18.27,16.3,21.59,235.59,0,85.91,4.21
1993,351,18.93,15.66,23.38,376.45,0,79.05,3.99
1993,352,18.79,15.6,23.31,400.29,0.1,80.3,3.54
1993,353,19.29,16.03,23.73,350.94,0,76.19,2.57
1993,354,18.81,14.53,23.85,403.15,0,78.18,2.74
1993,355,19.55,15.62,24.47,407.99,0,74.8,3.57
1993,356,19.31,15.92,23.7,323.94,2.2,83.67,3.45
1993,357,18.94,16.36,23.24,309.77,6.7,86.91,3.82
1993,358,20.22,16.91,24.8,409.78,0.7,81.63,3.41
1993,359,20.3,17.16,25.01,417.6,0,83.61,3.95
1993,360,18.96,16.81,22.36,248.07,0.6,86.86,4.58
1993,361,18.91,14.84,23.14,434.42,0,73.13,3.85
1993,362,19.96,15.72,24.86,444.77,0,68.75,3.05
1993,363,20.22,15.6,25.2,410.62,0,77.61,2.63
1993,364,20.21,16.76,25.21,330.63,0,81.03,3.1
1993,365,20.6,17.19,25.44,386.32,0,78.05,2.63
1994,1,19.25,14.12,24.18,280.23,0,62.72,4.63
1994,2,17.98,13.75,23.01,211.09,0.1,72.71,4.88
1994,3,17.25,15.45,20.82,214.32,10.62,87.78,5.48
1994,4,16.94,15.21,19.18,103.83,4.8,89.25,4.65
1994,5,17.62,14.54,21.55,274.51,0.2,77.42,4.38
1994,6,19.42,13.57,24.66,376.05,0,56.91,3.87
1994,7,19.6,14.23,24.56,355.46,0,60.44,4.2
1994,8,19.01,13.81,24.6,361.29,0,73.27,4.48
1994,9,19.48,16.27,24.33,277.82,0,74.98,5.09
1994,10,19.17,15.9,23.54,312.8,0,73.78,4.69
1994,11,19.18,14.34,24.06,300.67,0,70.07,4.13
1994,12,19.84,14.59,25.32,365.58,0,64.35,4.95
1994,13,19.68,13.39,25.11,359.62,0,57.99,4.46
1994,14,19.45,13.8,24.51,341.86,0,57.68,3.85
1994,15,19.78,13.98,24.89,349.03,0,53.19,4.17
1994,16,19.6,14.32,24.98,347.23,0,58.45,4.01
1994,17,19.44,13.62,24.81,280.46,0,61.1,4.05
1994,18,21.2,14.54,27.44,350.85,0,39.06,3.88
1994,19,21.45,15.57,27.25,356.5,0,43.76,3.63
1994,20,20.97,15.4,26.66,353.82,0,53.2,4.18
1994,21,20.88,14.6,26.14,356.25,0,51.04,4.37
1994,22,20.5,16.16,24.79,235.94,0,54.3,4.54
1994,23,20.05,16.04,24.84,262.47,0,65.03,4.02
1994,24,20.01,14.81,25.45,300.24,0,64.15,4.56
1994,25,20.9,14.87,26.58,352.5,0,58.19,4.1
1994,26,18.93,14.78,24.08,340.3,1.72,63.2328,3.64
1994,27,18.93,14.78,24.08,340.3,1.72,63.253312,3.64
1994,28,18.93,14.78,24.08,340.3,1.72,62.87504448,3.64
1994,29,18.93,14.78,24.08,340.3,1.72,61.87884626,3.64
1994,30,18.93,14.78,24.08,340.3,1.72,60.78400011,3.64
1994,31,18.93,14.78,24.08,340.3,1.72,60.11856011,3.64
1994,32,18.93,14.78,24.08,340.3,1.72,60.24690252,3.64
1994,33,18.93,14.78,24.08,340.3,1.72,60.23917862,3.64
1994,34,18.93,14.78,24.08,340.3,1.72,59.71794576,3.64
1994,35,18.93,14.78,24.08,340.3,1.72,59.10746359,3.64
1994,36,18.93,14.78,24.08,340.3,1.72,58.52056214,3.64
1994,37,18.93,14.78,24.08,340.3,1.72,58.05858462,3.64
1994,38,18.93,14.78,24.08,340.3,1.72,57.80692801,3.64
1994,39,18.93,14.78,24.08,340.3,1.72,57.79960513,3.64
1994,40,18.93,14.78,24.08,340.3,1.72,57.80438933,3.64
1994,41,18.93,14.78,24.08,340.3,1.72,57.98896491,3.64
1994,42,18.93,14.78,24.08,340.3,1.72,57.9705235,3.64
1994,43,18.93,14.78,24.08,340.3,1.72,57.84534444,3.64
1994,44,18.93,14.78,24.08,340.3,1.72,58.59675822,3.64
1994,45,18.93,14.78,24.08,340.3,1.72,59.19022855,3.64
1994,46,18.93,14.78,24.08,340.3,1.72,59.42983769,3.64
1994,47,18.93,14.78,24.08,340.3,1.72,59.7654312,3.64
1994,48,18.93,14.78,24.08,340.3,1.72,59.98404845,3.64
1994,49,18.93,14.78,24.08,340.3,1.72,59.78221039,3.64
1994,50,18.93,14.78,24.08,340.3,1.72,59.6074988,3.64
1994,51,18.93,14.78,24.08,340.3,1.72,59.66419875,3.64
1994,52,18.93,14.78,24.08,340.3,1.72,59.5214547,3.64
1994,53,18.93,14.78,24.08,340.3,1.72,59.37218041,3.64
1994,54,18.93,14.78,24.08,340.3,1.72,59.23206585,3.64
1994,55,18.93,14.78,24.08,340.3,1.72,59.12619463,3.64
1994,56,18.93,14.78,24.08,340.3,1.72,59.05988241,3.64
1994,57,18.93,14.78,24.08,340.3,1.72,59.01753531,3.64
1994,58,18.93,14.78,24.08,340.3,1.72,58.96836062,3.64
1994,59,18.93,14.78,24.08,340.3,1.72,58.9175279,3.64
1994,60,18.93,14.78,24.08,352.06,1.72,58.88551118,3.47
1994,61,18.93,14.78,24.08,352.06,1.72,58.87663309,3.47
1994,62,18.93,14.78,24.08,352.06,1.72,58.89087592,3.47
1994,63,18.93,14.78,24.08,352.06,1.72,58.92416758,3.47
1994,64,18.93,14.78,24.08,352.06,1.72,58.96885716,3.47
1994,65,18.93,14.78,24.08,352.06,1.72,59.01562724,3.47
1994,66,18.93,14.78,24.08,352.06,1.72,59.06407676,3.47
1994,67,18.93,14.78,24.08,352.06,1.72,59.10708123,3.47
1994,68,18.93,14.78,24.08,352.06,1.72,59.15254354,3.47
1994,69,18.93,14.78,24.08,352.06,1.72,59.2048315,3.47
1994,70,18.93,14.78,24.08,352.06,1.72,59.22915443,3.47
1994,71,18.93,14.78,24.08,352.06,1.72,59.23071147,3.47
1994,72,18.93,14.78,24.08,352.06,1.72,59.22274642,3.47
1994,73,18.93,14.78,24.08,352.06,1.72,59.20103903,3.47
1994,74,18.93,14.78,24.08,352.06,1.72,59.16971865,3.47
1994,75,18.93,14.78,24.08,352.06,1.72,59.14521898,3.47
1994,76,18.93,14.78,24.08,352.06,1.72,59.12672779,3.47
1994,77,18.93,14.78,24.08,352.06,1.72,59.10522895,3.47
1994,78,18.93,14.78,24.08,352.06,1.72,59.08857992,3.47
1994,79,18.93,14.78,24.08,352.06,1.72,59.0772359,3.47
1994,80,18.93,14.78,24.08,352.06,1.72,59.07104271,3.47
1994,81,18.93,14.78,24.08,352.06,1.72,59.06883663,3.47
1994,82,18.93,14.78,24.08,352.06,1.72,59.0691948,3.47
1994,83,18.93,14.78,24.08,352.06,1.72,59.07126118,3.47
1994,84,18.93,14.78,24.08,352.06,1.72,59.0753772,3.47
1994,85,18.93,14.78,24.08,352.06,1.72,59.08169117,3.47
1994,86,18.93,14.78,24.08,352.06,1.72,59.08953837,3.47
1994,87,18.93,14.78,24.08,352.06,1.72,59.09805458,3.47
1994,88,18.93,14.78,24.08,352.06,1.72,59.10634173,3.47
1994,89,18.93,14.78,24.08,352.06,1.72,59.11362869,3.47
1994,90,18.93,14.78,24.08,352.06,1.72,59.11941956,3.47
1994,91,18.93,14.78,24.08,352.06,1.72,59.12357125,3.47
1994,92,18.93,14.78,24.08,352.06,1.72,59.12595103,3.47
1994,93,18.93,14.78,24.08,352.06,1.72,59.12670582,3.47
1994,94,18.93,14.78,24.08,352.06,1.72,59.12567231,3.47
1994,95,18.93,14.78,24.08,352.06,1.72,59.12250594,3.47
1994,96,18.93,14.78,24.08,352.06,1.72,59.11824,3.47
1994,97,18.93,14.78,24.08,352.06,1.72,59.11374114,3.47
1994,98,18.93,14.78,24.08,352.06,1.72,59.10938093,3.47
1994,99,18.93,14.78,24.08,352.06,1.72,59.10571461,3.47
1994,100,18.93,14.78,24.08,352.06,1.72,59.10315445,3.47
1994,101,18.93,14.78,24.08,352.06,1.72,59.10147187,3.47
1994,102,18.93,14.78,24.08,352.06,1.72,59.10046163,3.47
1994,103,18.93,14.78,24.08,352.06,1.72,59.10027094,3.47
1994,104,18.93,14.78,24.08,352.06,1.72,59.10073858,3.47
1994,105,18.93,14.78,24.08,352.06,1.72,59.10167868,3.47
1994,106,18.93,14.78,24.08,352.06,1.72,59.10290412,3.47
1994,107,18.93,14.78,24.08,352.06,1.72,59.10426682,3.47
1994,108,18.93,14.78,24.08,352.06,1.72,59.1056697,3.47
1994,109,22.3,22.3,22.3,352.06,0,64.7,3.47
1994,110,21.07,17,24.09,352.06,0,71.13,3.74
1994,111,20.16,17.07,25.36,352.06,1,80.23,2.82
1994,112,18.06,16.81,19.59,352.06,17.06,92.29,2.83
1994,113,19.19,15.33,23.64,352.06,0,80.92,2.44
1994,114,20.13,17.32,24.31,352.06,0,81.88,2.65
1994,115,18.92,15.95,22.83,352.06,5.1,86.61,2.42
1994,116,18.55,16.41,22.86,352.06,35,89.17,1.62
1994,117,19.06,15.7,23.06,352.06,0.1,80.9,2.39
1994,118,17.85,16.69,20.08,352.06,11.7,90.83,2.03
1994,119,18.04,15.51,21.49,352.06,0,85.63,2.1
1994,120,18.66,16.79,22.47,352.06,14.3,87.36,2.18
1994,121,18.02,16.16,20.28,352.06,22.6,89.17,2.66
1994,122,18.54,14.62,22.18,352.06,0.6,84.6,2.64
1994,123,18.27,16.54,21.52,352.06,0.1,89.09,3.64
1994,124,18.61,15.12,23.36,352.06,0,83.58,1.96
1994,125,18.67,14.48,23.52,352.06,0,82.14,2.29
1994,126,18.86,15.23,23.42,352.06,0,82.42,2.8
1994,127,18.79,15.61,23.07,352.06,0,83.04,2.71
1994,128,19.09,15.8,23.44,352.06,0,81.1,2.44
1994,129,18.17,16.24,21.58,352.06,0.1,86.29,3.69
1994,130,18.56,16.06,22.68,352.06,0,81.82,3.32
1994,131,18.15,15.1,22.15,352.06,0,82.4,3.2
1994,132,18.06,14.02,23.32,352.06,0,80.69,2.41
1994,133,19.24,15.48,24.25,352.06,0,80.52,2.45
1994,134,19.23,16.33,24.04,352.06,0,79.02,3.41
1994,135,18.59,14.77,23.4,352.06,0,80.56,2.58
1994,136,18.6,14.35,23.74,352.06,0,75.81,2.95
1994,137,19.07,15.98,23.06,352.06,0,78.16,2.98
1994,138,18.29,13.91,22.89,352.06,0,81.01,2.73
1994,139,18.37,14.63,23.8,352.06,0,79.61,2.45
1994,140,19.41,13.13,26.12,352.06,0,72.85,2.35
1994,141,19.27,13.3,24.7,352.06,0,73.65,2.67
1994,142,19.83,15.97,25.45,352.06,0,76.68,2.49
1994,143,19.78,16.04,24.78,352.06,0,77.59,3.21
1994,144,18.99,14.96,23.77,352.06,0,73.95,3.17
1994,145,19.11,14.58,23.87,352.06,0,72.29,3.33
1994,146,18,14.1,22.59,352.06,0,75.42,3.35
1994,147,16.64,12.72,21.05,352.06,0.3,82.01,3.15
1994,148,17.5,14.02,22.45,352.06,0.1,80.72,3.26
1994,149,16.53,14.07,19.75,352.06,2.6,89.1,3.74
1994,150,17.26,13.76,20.82,352.06,0,82.09,2.58
1994,151,18.19,15.48,23.03,165.37,0,78.43,2.52
1994,152,19.1,14.83,24.04,252.18,0,74.88,3.37
1994,153,19.11,15.58,23.99,273.08,2.6,76.13,3.6
1994,154,18,14.69,22.03,69.78,0,80.43,3.46
1994,155,17.66,13.89,22.83,199.47,0,79.68,3.11
1994,156,19.15,14.11,24.66,306.03,0,72.1,2.52
1994,157,18.83,15.25,23.88,200.96,0.2,76.26,3.01
1994,158,18.95,13.44,24.91,360.35,0,62.02,2.54
1994,159,19.36,12.31,26.04,365.95,0,64.25,2.55
1994,160,18.79,15.88,23.8,229.63,0,75.18,3.93
1994,161,18.3,13.62,24.32,251.44,0,74.56,2.85
1994,162,19.59,14.98,24.61,351.39,0,63.15,2.73
1994,163,19.64,14.92,24.48,241.6,0.2,63.95,2.52
1994,164,17.84,13.52,22.29,190.26,0,74.48,2.64
1994,165,18.81,14.98,25.01,245.06,0,78.03,2.24
1994,166,17.89,14.88,21.55,141.38,0,77.07,2.1
1994,167,18.54,14.65,23.95,188.56,0,74.76,2.65
1994,168,16.83,14.59,19.37,54.07,0,80.78,3.03
1994,169,17.38,13.35,22.42,172.24,0,74.23,2.81
1994,170,17.84,12.97,22.96,224.37,0,73.04,2.49
1994,171,18.42,14.65,22.7,138.18,0,77.27,2.83
1994,172,17.83,15.91,20.93,191.66,0,79.93,3.14
1994,173,17.11,14.77,20.05,117.71,0,78.53,2.92
1994,174,16.87,15.44,18.65,61.62,0,81.36,3.27
1994,175,17.72,14.23,22.8,198.47,0,69.59,2.7
1994,176,18.16,13.41,24.21,249.27,0,60.96,2.39
1994,177,16.67,13.5,21.31,115.2,0,76.59,2.67
1994,178,16.59,13.91,20.48,94.91,0,79.69,2.63
1994,179,17.33,12.34,22.77,236.09,0,73.82,2.46
1994,180,16.34,13.54,19.66,114.41,0,79.4,2.51
1994,181,17.5,14.71,21.1,109.4,0,75.77,3.1
1994,182,17.09,14.5,20.39,26.13,0,79.28,3.5
1994,183,16.91,14.71,19.95,85.05,0,75.76,3.45
1994,184,17.14,13.46,21.06,61.39,0,73.3,3.53
1994,185,16.5,13.97,19.82,167.11,0,73.98,3.97
1994,186,15.27,12.43,18.94,12.18,0,79.14,2.19
1994,187,18.06,15.84,19.51,95.63,0,66.31,4.78
1994,188,16.23,14.2,18.34,100.56,0,71.89,4.13
1994,189,16.26,12.37,20.81,159.02,0,72.12,3.26
1994,190,16.77,11.2,23.56,248.11,0,72.19,2.32
1994,191,18.69,10.53,26.26,315.31,0,65.96,2.48
1994,192,18.73,13.05,25.43,289.71,0,67.15,2.61
1994,193,16.82,13.68,20.29,189.55,0,74.61,3
1994,194,16.93,12.67,20.86,192.7,0,72.44,3.07
1994,195,18.08,13.39,23.37,212.77,0,65.2,3.12
1994,196,17.13,12.58,22.48,132.91,0,70.3,2.48
1994,197,16.52,12.53,20.62,203.16,0,72.56,2.49
1994,198,15.86,11.93,19.8,67.65,0,73.96,2.59
1994,199,16.31,12.25,21.51,91.4,0,71.79,3.25
1994,200,16.74,12.41,21.45,65.78,0,73.66,2.79
1994,201,18.82,12.14,25.91,312.23,0,61.97,2.95
1994,202,18.53,13.18,24.25,317.92,0,62.06,3.24
1994,203,17.85,14.49,22.47,64.01,0,70.11,3.15
1994,204,17.62,14.85,21.88,183.78,0,74.82,3.76
1994,205,17.38,13.13,21.38,87.99,0,73.91,2.7
1994,206,18.01,15.6,22.06,164.12,0,74.49,3.37
1994,207,16.77,14.22,22.16,164.8,0,75.2,3.05
1994,208,16.96,12.3,21.48,97.12,0,71.97,2.7
1994,209,16.78,14.6,20.27,100.08,0,75.65,3.99
1994,210,16.67,13.6,21.41,84.46,0,77.88,2.76
1994,211,17.75,12.74,24.26,309.83,0,75.95,2.78
1994,212,18.63,12.91,25.69,320.4,0,71.32,2.99
1994,213,17.26,14.02,21.61,108.1,0,75.7,3.71
1994,214,17.03,13.91,20.32,245.22,0.1,76.65,5.05
1994,215,15.78,15.4,16.35,340.3,0,84.12,3.86
1994,216,18.93,14.78,24.08,340.3,1.72,77.88,3.64
1994,217,18.93,14.78,24.08,340.3,1.72,75.95,3.64
1994,218,18.93,14.78,24.08,340.3,1.72,71.32,3.64
1994,219,18.93,14.78,24.08,340.3,1.72,75.7,3.64
1994,220,19.19,16.1,22.77,340.3,0,60.43,3.98
1994,221,16.3,14.35,19.47,99.72,1.5,82.14,3.25
1994,222,17.41,14.54,21.9,340.3,0,74.2,3.32
1994,223,17.26,13.47,21.84,340.3,0,70.81,2.72
1994,224,16.43,11.83,22.03,340.3,0,69.39,2.8
1994,225,17.57,11.74,23.44,340.3,0,67.25,3.53
1994,226,18.23,12.32,24.09,340.3,0,66.17,3.32
1994,227,19.11,13.96,24.68,340.3,0,69.91,3.56
1994,228,18.74,15.68,22.93,340.3,0,69.27,3.69
1994,229,18.19,14.99,22.6,340.3,0,70.44,3.82
1994,230,17.99,14.35,23.52,340.3,0,68.34,4.51
1994,231,18.84,13.73,25.12,340.3,0,60.16,3.04
1994,232,19.25,12.04,25.81,340.3,0,51.77,3.25
1994,233,19.13,12.72,24.83,340.3,0,55.64,3.8
1994,234,20.08,15.13,25.93,340.3,0,60.22,3.34
1994,235,18.24,12.75,24.9,278.29,0,66.35,3.65
1994,236,18.13,13.52,24.14,286.17,0,67.29,3.42
1994,237,18.43,12.48,24.75,339.26,0,67.22,3.85
1994,238,19.73,14.79,25.96,370.39,0,61.21,3.94
1994,239,19.43,14.24,26.09,348.37,0,62.14,3.64
1994,240,18.38,14.17,23.01,204.73,0,66.11,4.3
1994,241,18.08,13.66,22.52,203.21,0,65.33,4.51
1994,242,18.02,15.12,21.84,184.28,0,72.23,4.32
1994,243,18.07,15.24,22.71,132.61,0,72.33,3.66
1994,244,18.87,15.46,23.51,134.25,0,70.98,3.71
1994,245,18.68,15.53,23.49,177.46,0,71.85,3.22
1994,246,18.9,12.73,25.89,309.28,0,65.73,3.63
1994,247,18.78,14.35,24.48,183.69,0,65.77,3.56
1994,248,19.63,13.74,25.63,239.41,0,65.78,3.22
1994,249,20.42,13.62,26.98,276.93,0,59.99,2.42
1994,250,18.55,15.47,24.24,183.01,23.2,79.81,2.36
1994,251,17.83,15.35,20.88,216.31,1.5,84.97,3.37
1994,252,17.63,15.18,20.3,237.69,0,79.53,3.56
1994,253,18.7,13.12,24.8,304.84,0,69.46,3.47
1994,254,19.63,15.06,25.4,286.39,0,68.96,3.1
1994,255,20.1,15.27,26.39,311.18,0,70.71,2.69
1994,256,18.54,15.58,23.43,212.37,0,78.29,3.58
1994,257,19.3,15.09,24.61,303.08,0,61.66,4.59
1994,258,18.25,15.11,22.31,305.08,0,70.57,3.47
1994,259,19.19,13.58,25.41,335.8,0,67.65,3.06
1994,260,20.08,15.78,27.18,352.88,7.9,69.76,3.16
1994,261,19.27,15.2,24.9,296.61,0,71.05,3.53
1994,262,19.43,14.03,24.85,321.49,0,70.28,3.57
1994,263,20.13,15.04,27.25,425.01,0,68.7,2.81
1994,264,20.11,14.46,26.74,335.61,0,68.67,3.61
1994,265,20.33,15.96,25.85,292.61,0,63.45,4.06
1994,266,19.54,15.6,24.75,214.41,0,65.68,4.21
1994,267,18.87,16.08,24.31,306.57,0,72.24,4.2
1994,268,20.51,14.71,27.22,310.98,0,58.63,3.17
1994,269,20.23,13.96,27.28,291.16,0,64.9,2.78
1994,270,20.27,14.8,26.27,303.74,0,67.24,3.51
1994,271,18.89,16.03,22.69,79.8,0,71.98,3.83
1994,272,19.89,13.95,26.59,315.98,0,67.54,3.7
1994,273,19.74,15.23,26.4,221.85,0,71.17,4.05
1994,274,20.87,16.39,27.58,279.48,0,66.11,3.52
1994,275,20.79,14.59,27.58,290.74,0,61.65,3.22
1994,276,18.98,12.25,25.45,355.89,0,61.51,3.36
1994,277,17.97,16.28,21.07,340.3,0,79.37,4.62
1994,278,18.71,15.17,23.32,340.3,0.1,73.05,3.82
1994,279,20.09,15.8,26.43,340.3,0,67.62,4.09
1994,280,20.12,14.92,26.08,340.3,0,59.02,3.57
1994,281,20.74,13.07,27.9,340.3,0,56.38,3.34
1994,282,21.15,14.46,27.94,340.3,0,61.27,4.24
1994,283,20.8,16.31,27.4,340.3,0,66.42,5.2
1994,284,20.65,14.57,26.53,340.3,0,61.27,4.42
1994,285,21.22,14.61,27.95,29.44,0,58.16,4.01
1994,286,22.07,14.44,29.04,427.23,0,57.17,3.61
1994,287,22.09,16.24,28.14,428.3,0,64.39,5.2
1994,288,21.94,17.65,27.56,348.26,0,67.16,5.57
1994,289,20.65,16.41,25.56,391.86,0.5,73,4.75
1994,290,20.59,17,26.7,287.02,0.1,72.18,3.44
1994,291,21.14,17.4,25.88,391.89,0,71.74,4.22
1994,292,19.67,16.88,24.57,333,0.9,79.34,4.75
1994,293,19.63,14.75,24.34,333.2,0,70.86,3.97
1994,294,20.13,15.77,25.43,317.38,0,68.67,4.18
1994,295,21.29,16.21,26.31,335.48,0,56.17,3.38
1994,296,20.92,15.51,26.96,386.79,0,56.58,3.52
1994,297,21.26,15.27,26.84,361.83,0,62.73,3.41
1994,298,21.43,17.08,26.31,373.89,0,67.31,4.54
1994,299,19.75,16.89,24.27,302.02,1.9,76.47,4.64
1994,300,19.99,16.11,24.47,275.17,0,70.49,3.55
1994,301,20.44,15.29,26.18,299.92,0,67.55,3.87
1994,302,20.44,16.2,25.09,293.17,0,66.86,3.74
1994,303,19.84,16.07,25.11,320.12,0,72.71,4.13
1994,304,19.58,16.66,24.13,286.44,4.5,78.4,4.26
1994,305,20.19,15.98,25.04,301.58,0,72.37,3.77
1994,306,18.89,16.55,22.21,304.4,32.9,85.22,3.63
1994,307,18.28,16.62,22.5,326.5,8.3,88.67,3.3
1994,308,18.22,15.53,21.34,294.16,8.6,84.66,3.2
1994,309,18.8,16.42,23.16,313,7.2,85.41,3
1994,310,19.32,16.17,24.13,442.3,28.39,81.98,3.32
1994,311,19.12,15.6,23.81,471.37,35.8,82.53,2.9
1994,312,18.59,16.89,21.94,329.38,3.1,88.16,3.48
1994,313,19.14,15.53,23.06,388.75,0,78.03,3.7
1994,314,18.8,16.01,22.5,265.7,17.8,85.21,3.72
1994,315,18.04,15.14,21.42,278.59,11.1,87.17,4.04
1994,316,18.82,16.5,23.13,342.78,4.4,86.05,3.73
1994,317,18.97,16.48,22.72,418.36,3.9,87.41,4.58
1994,318,18.57,16.33,23.09,332.43,22.2,89.79,2.51
1994,319,18.42,16.63,22.5,327.11,5.7,89.16,3.26
1994,320,18.56,16.26,22.07,379.33,6.6,87.77,3.73
1994,321,18.58,16.27,22.19,301.92,2.5,87.67,3.39
1994,322,19.16,16.24,23.04,360.37,1.74,82.42,3.52
1994,323,19.33,16.45,23.33,426.02,1.4,82.05,3.47
1994,324,18.81,15.89,23.3,398.04,0.4,85.17,3.46
1994,325,18.89,16.91,22.18,319.64,14.2,87.74,3.58
1994,326,18.29,16.52,21.89,360.61,8.7,91.68,4.05
1994,327,18.41,16.01,21.81,332.88,3.6,87.89,4.08
1994,328,18.6,16.2,22.59,392.39,9,87.44,3.59
1994,329,18.63,16.17,22.4,319.92,6.8,87.22,2.76
1994,330,18.31,15.64,21.96,339,8.4,89.85,3.28
1994,331,19.47,15.78,24.04,471.51,2.6,77.23,3.81
1994,332,19.07,16.67,23.43,349.55,0,83.95,3.15
1994,333,19.54,16.52,23.98,498.21,0,75.99,3.76
1994,334,19.2,15.46,23.4,483.41,0,72.17,3.74
1994,335,19.08,14.87,23.94,461.96,0,71.36,3.2
1994,336,19.51,14.76,24.39,411.98,0,75.32,3.14
1994,337,19.26,16.65,23.41,401.68,0,82.54,3.88
1994,338,18.98,15.93,23.5,363.5,0,80.18,3.54
1994,339,19.21,15.7,24.03,404.09,0,75.45,2.89
1994,340,19.08,16.36,23.58,383.18,0,79.45,2.86
1994,341,19.16,13.78,24.68,473.77,0,76.59,2.78
1994,342,19.31,14.63,24.83,446.49,0,70.69,2.85
1994,343,18.69,14.4,23.86,398.57,0,78.08,2.72
1994,344,19.39,16.5,23.57,397.26,0.8,80.59,4.16
1994,345,19.18,15.52,23.85,396.18,0.1,80.1,3.6
1994,346,19.24,15,24.28,353.75,0,81.24,2.85
1994,347,19.64,15.87,24.75,349.7,0,82.55,2.64
1994,348,19.65,17.22,23.88,355.75,0.1,85.12,3.01
1994,349,18.97,16.04,22.86,373.16,4.7,87.32,4.19
1994,350,18.27,16.3,21.59,235.59,0,85.91,4.21
1994,351,18.93,15.66,23.38,376.45,0,79.05,3.99
1994,352,18.79,15.6,23.31,400.29,0.1,80.3,3.54
1994,353,19.29,16.03,23.73,350.94,0,76.19,2.57
1994,354,18.81,14.53,23.85,403.15,0,78.18,2.74
1994,355,19.55,15.62,24.47,407.99,0,74.8,3.57
1994,356,19.31,15.92,23.7,323.94,2.2,83.67,3.45
1994,357,18.94,16.36,23.24,309.77,6.7,86.91,3.82
1994,358,20.22,16.91,24.8,409.78,0.7,81.63,3.41
1994,359,20.3,17.16,25.01,417.6,0,83.61,3.95
1994,360,18.96,16.81,22.36,248.07,0.6,86.86,4.58
1994,361,18.91,14.84,23.14,434.42,0,73.13,3.85
1994,362,19.96,15.72,24.86,444.77,0,68.75,3.05
1994,363,20.22,15.6,25.2,410.62,0,77.61,2.63
1994,364,20.21,16.76,25.21,330.63,0,81.03,3.1
1994,365,20.6,17.19,25.44,386.32,0,78.05,2.63
1995,1,19.25,14.12,24.18,280.23,0,62.72,4.63
1995,2,17.98,13.75,23.01,211.09,0.1,72.71,4.88
1995,3,17.25,15.45,20.82,214.32,10.62,87.78,5.48
1995,4,16.94,15.21,19.18,103.83,4.8,89.25,4.65
1995,5,17.62,14.54,21.55,274.51,0.2,77.42,4.38
1995,6,19.42,13.57,24.66,376.05,0,56.91,3.87
1995,7,19.6,14.23,24.56,355.46,0,60.44,4.2
1995,8,19.01,13.81,24.6,361.29,0,73.27,4.48
1995,9,19.48,16.27,24.33,277.82,0,74.98,5.09
1995,10,19.17,15.9,23.54,312.8,0,73.78,4.69
1995,11,19.18,14.34,24.06,300.67,0,70.07,4.13
1995,12,19.84,14.59,25.32,365.58,0,64.35,4.95
1995,13,19.68,13.39,25.11,359.62,0,57.99,4.46
1995,14,19.45,13.8,24.51,341.86,0,57.68,3.85
1995,15,19.78,13.98,24.89,349.03,0,53.19,4.17
1995,16,19.6,14.32,24.98,347.23,0,58.45,4.01
1995,17,19.44,13.62,24.81,280.46,0,61.1,4.05
1995,18,21.2,14.54,27.44,350.85,0,39.06,3.88
1995,19,21.45,15.57,27.25,356.5,0,43.76,3.63
1995,20,20.97,15.4,26.66,353.82,0,53.2,4.18
1995,21,20.88,14.6,26.14,356.25,0,51.04,4.37
1995,22,20.5,16.16,24.79,235.94,0,54.3,4.54
1995,23,20.05,16.04,24.84,262.47,0,65.03,4.02
1995,24,20.01,14.81,25.45,300.24,0,64.15,4.56
1995,25,20.9,14.87,26.58,352.5,0,58.19,4.1
1995,26,18.93,14.78,24.08,340.3,1.72,63.2328,3.64
1995,27,18.93,14.78,24.08,340.3,1.72,63.253312,3.64
1995,28,18.93,14.78,24.08,340.3,1.72,62.87504448,3.64
1995,29,18.93,14.78,24.08,340.3,1.72,61.87884626,3.64
1995,30,18.93,14.78,24.08,340.3,1.72,60.78400011,3.64
1995,31,18.93,14.78,24.08,340.3,1.72,60.11856011,3.64
1995,32,18.93,14.78,24.08,340.3,1.72,60.24690252,3.64
1995,33,18.93,14.78,24.08,340.3,1.72,60.23917862,3.64
1995,34,18.93,14.78,24.08,340.3,1.72,59.71794576,3.64
1995,35,18.93,14.78,24.08,340.3,1.72,59.10746359,3.64
1995,36,18.93,14.78,24.08,340.3,1.72,58.52056214,3.64
1995,37,18.93,14.78,24.08,340.3,1.72,58.05858462,3.64
1995,38,18.93,14.78,24.08,340.3,1.72,57.80692801,3.64
1995,39,18.93,14.78,24.08,340.3,1.72,57.79960513,3.64
1995,40,18.93,14.78,24.08,340.3,1.72,57.80438933,3.64
1995,41,18.93,14.78,24.08,340.3,1.72,57.98896491,3.64
1995,42,18.93,14.78,24.08,340.3,1.72,57.9705235,3.64
1995,43,18.93,14.78,24.08,340.3,1.72,57.84534444,3.64
1995,44,18.93,14.78,24.08,340.3,1.72,58.59675822,3.64
1995,45,18.93,14.78,24.08,340.3,1.72,59.19022855,3.64
1995,46,18.93,14.78,24.08,340.3,1.72,59.42983769,3.64
1995,47,18.93,14.78,24.08,340.3,1.72,59.7654312,3.64
1995,48,18.93,14.78,24.08,340.3,1.72,59.98404845,3.64
1995,49,18.93,14.78,24.08,340.3,1.72,59.78221039,3.64
1995,50,18.93,14.78,24.08,340.3,1.72,59.6074988,3.64
1995,51,18.93,14.78,24.08,340.3,1.72,59.66419875,3.64
1995,52,18.93,14.78,24.08,340.3,1.72,59.5214547,3.64
1995,53,18.93,14.78,24.08,340.3,1.72,59.37218041,3.64
1995,54,18.93,14.78,24.08,340.3,1.72,59.23206585,3.64
1995,55,18.93,14.78,24.08,340.3,1.72,59.12619463,3.64
1995,56,18.93,14.78,24.08,340.3,1.72,59.05988241,3.64
1995,57,18.93,14.78,24.08,340.3,1.72,59.01753531,3.64
1995,58,18.93,14.78,24.08,340.3,1.72,58.96836062,3.64
1995,59,18.93,14.78,24.08,340.3,1.72,58.9175279,3.64
1995,60,18.93,14.78,24.08,352.06,1.72,58.88551118,3.47
1995,61,18.93,14.78,24.08,352.06,1.72,58.87663309,3.47
1995,62,18.93,14.78,24.08,352.06,1.72,58.89087592,3.47
1995,63,18.93,14.78,24.08,352.06,1.72,58.92416758,3.47
1995,64,18.93,14.78,24.08,352.06,1.72,58.96885716,3.47
1995,65,18.93,14.78,24.08,352.06,1.72,59.01562724,3.47
1995,66,18.93,14.78,24.08,352.06,1.72,59.06407676,3.47
1995,67,18.93,14.78,24.08,352.06,1.72,59.10708123,3.47
1995,68,18.93,14.78,24.08,352.06,1.72,59.15254354,3.47
1995,69,18.93,14.78,24.08,352.06,1.72,59.2048315,3.47
1995,70,18.93,14.78,24.08,352.06,1.72,59.22915443,3.47
1995,71,18.93,14.78,24.08,352.06,1.72,59.23071147,3.47
1995,72,18.93,14.78,24.08,352.06,1.72,59.22274642,3.47
1995,73,18.93,14.78,24.08,352.06,1.72,59.20103903,3.47
1995,74,18.93,14.78,24.08,352.06,1.72,59.16971865,3.47
1995,75,18.93,14.78,24.08,352.06,1.72,59.14521898,3.47
1995,76,18.93,14.78,24.08,352.06,1.72,59.12672779,3.47
1995,77,18.93,14.78,24.08,352.06,1.72,59.10522895,3.47
1995,78,18.93,14.78,24.08,352.06,1.72,59.08857992,3.47
1995,79,18.93,14.78,24.08,352.06,1.72,59.0772359,3.47
1995,80,18.93,14.78,24.08,352.06,1.72,59.07104271,3.47
1995,81,18.93,14.78,24.08,352.06,1.72,59.06883663,3.47
1995,82,18.93,14.78,24.08,352.06,1.72,59.0691948,3.47
1995,83,18.93,14.78,24.08,352.06,1.72,59.07126118,3.47
1995,84,18.93,14.78,24.08,352.06,1.72,59.0753772,3.47
1995,85,18.93,14.78,24.08,352.06,1.72,59.08169117,3.47
1995,86,18.93,14.78,24.08,352.06,1.72,59.08953837,3.47
1995,87,18.93,14.78,24.08,352.06,1.72,59.09805458,3.47
1995,88,18.93,14.78,24.08,352.06,1.72,59.10634173,3.47
1995,89,18.93,14.78,24.08,352.06,1.72,59.11362869,3.47
1995,90,18.93,14.78,24.08,352.06,1.72,59.11941956,3.47
1995,91,18.93,14.78,24.08,352.06,1.72,59.12357125,3.47
1995,92,18.93,14.78,24.08,352.06,1.72,59.12595103,3.47
1995,93,18.93,14.78,24.08,352.06,1.72,59.12670582,3.47
1995,94,18.93,14.78,24.08,352.06,1.72,59.12567231,3.47
1995,95,18.93,14.78,24.08,352.06,1.72,59.12250594,3.47
1995,96,18.93,14.78,24.08,352.06,1.72,59.11824,3.47
1995,97,18.93,14.78,24.08,352.06,1.72,59.11374114,3.47
1995,98,18.93,14.78,24.08,352.06,1.72,59.10938093,3.47
1995,99,18.93,14.78,24.08,352.06,1.72,59.10571461,3.47
1995,100,18.93,14.78,24.08,352.06,1.72,59.10315445,3.47
1995,101,18.93,14.78,24.08,352.06,1.72,59.10147187,3.47
1995,102,18.93,14.78,24.08,352.06,1.72,59.10046163,3.47
1995,103,18.93,14.78,24.08,352.06,1.72,59.10027094,3.47
1995,104,18.93,14.78,24.08,352.06,1.72,59.10073858,3.47
1995,105,18.93,14.78,24.08,352.06,1.72,59.10167868,3.47
1995,106,18.93,14.78,24.08,352.06,1.72,59.10290412,3.47
1995,107,18.93,14.78,24.08,352.06,1.72,59.10426682,3.47
1995,108,18.93,14.78,24.08,352.06,1.72,59.1056697,3.47
1995,109,22.3,22.3,22.3,352.06,0,64.7,3.47
1995,110,21.07,17,24.09,352.06,0,71.13,3.74
1995,111,20.16,17.07,25.36,352.06,1,80.23,2.82
1995,112,18.06,16.81,19.59,352.06,17.06,92.29,2.83
1995,113,19.19,15.33,23.64,352.06,0,80.92,2.44
1995,114,20.13,17.32,24.31,352.06,0,81.88,2.65
1995,115,18.92,15.95,22.83,352.06,5.1,86.61,2.42
1995,116,18.55,16.41,22.86,352.06,35,89.17,1.62
1995,117,19.06,15.7,23.06,352.06,0.1,80.9,2.39
1995,118,17.85,16.69,20.08,352.06,11.7,90.83,2.03
1995,119,18.04,15.51,21.49,352.06,0,85.63,2.1
1995,120,18.66,16.79,22.47,352.06,14.3,87.36,2.18
1995,121,18.02,16.16,20.28,352.06,22.6,89.17,2.66
1995,122,18.54,14.62,22.18,352.06,0.6,84.6,2.64
1995,123,18.27,16.54,21.52,352.06,0.1,89.09,3.64
1995,124,18.61,15.12,23.36,352.06,0,83.58,1.96
1995,125,18.67,14.48,23.52,352.06,0,82.14,2.29
1995,126,18.86,15.23,23.42,352.06,0,82.42,2.8
1995,127,18.79,15.61,23.07,352.06,0,83.04,2.71
1995,128,19.09,15.8,23.44,352.06,0,81.1,2.44
1995,129,18.17,16.24,21.58,352.06,0.1,86.29,3.69
1995,130,18.56,16.06,22.68,352.06,0,81.82,3.32
1995,131,18.15,15.1,22.15,352.06,0,82.4,3.2
1995,132,18.06,14.02,23.32,352.06,0,80.69,2.41
1995,133,19.24,15.48,24.25,352.06,0,80.52,2.45
1995,134,19.23,16.33,24.04,352.06,0,79.02,3.41
1995,135,18.59,14.77,23.4,352.06,0,80.56,2.58
1995,136,18.6,14.35,23.74,352.06,0,75.81,2.95
1995,137,19.07,15.98,23.06,352.06,0,78.16,2.98
1995,138,18.29,13.91,22.89,352.06,0,81.01,2.73
1995,139,18.37,14.63,23.8,352.06,0,79.61,2.45
1995,140,19.41,13.13,26.12,352.06,0,72.85,2.35
1995,141,19.27,13.3,24.7,352.06,0,73.65,2.67
1995,142,19.83,15.97,25.45,352.06,0,76.68,2.49
1995,143,19.78,16.04,24.78,352.06,0,77.59,3.21
1995,144,18.99,14.96,23.77,352.06,0,73.95,3.17
1995,145,19.11,14.58,23.87,352.06,0,72.29,3.33
1995,146,18,14.1,22.59,352.06,0,75.42,3.35
1995,147,16.64,12.72,21.05,352.06,0.3,82.01,3.15
1995,148,17.5,14.02,22.45,352.06,0.1,80.72,3.26
1995,149,16.53,14.07,19.75,352.06,2.6,89.1,3.74
1995,150,17.26,13.76,20.82,352.06,0,82.09,2.58
1995,151,18.19,15.48,23.03,165.37,0,78.43,2.52
1995,152,19.1,14.83,24.04,252.18,0,74.88,3.37
1995,153,19.11,15.58,23.99,273.08,2.6,76.13,3.6
1995,154,18,14.69,22.03,69.78,0,80.43,3.46
1995,155,17.66,13.89,22.83,199.47,0,79.68,3.11
1995,156,19.15,14.11,24.66,306.03,0,72.1,2.52
1995,157,18.83,15.25,23.88,200.96,0.2,76.26,3.01
1995,158,18.95,13.44,24.91,360.35,0,62.02,2.54
1995,159,19.36,12.31,26.04,365.95,0,64.25,2.55
1995,160,18.79,15.88,23.8,229.63,0,75.18,3.93
1995,161,18.3,13.62,24.32,251.44,0,74.56,2.85
1995,162,19.59,14.98,24.61,351.39,0,63.15,2.73
1995,163,19.64,14.92,24.48,241.6,0.2,63.95,2.52
1995,164,17.84,13.52,22.29,190.26,0,74.48,2.64
1995,165,18.81,14.98,25.01,245.06,0,78.03,2.24
1995,166,17.89,14.88,21.55,141.38,0,77.07,2.1
1995,167,18.54,14.65,23.95,188.56,0,74.76,2.65
1995,168,16.83,14.59,19.37,54.07,0,80.78,3.03
1995,169,17.38,13.35,22.42,172.24,0,74.23,2.81
1995,170,17.84,12.97,22.96,224.37,0,73.04,2.49
1995,171,18.42,14.65,22.7,138.18,0,77.27,2.83
1995,172,17.83,15.91,20.93,191.66,0,79.93,3.14
1995,173,17.11,14.77,20.05,117.71,0,78.53,2.92
1995,174,16.87,15.44,18.65,61.62,0,81.36,3.27
1995,175,17.72,14.23,22.8,198.47,0,69.59,2.7
1995,176,18.16,13.41,24.21,249.27,0,60.96,2.39
1995,177,16.67,13.5,21.31,115.2,0,76.59,2.67
1995,178,16.59,13.91,20.48,94.91,0,79.69,2.63
1995,179,17.33,12.34,22.77,236.09,0,73.82,2.46
1995,180,16.34,13.54,19.66,114.41,0,79.4,2.51
1995,181,17.5,14.71,21.1,109.4,0,75.77,3.1
1995,182,17.09,14.5,20.39,26.13,0,79.28,3.5
1995,183,16.91,14.71,19.95,85.05,0,75.76,3.45
1995,184,17.14,13.46,21.06,61.39,0,73.3,3.53
1995,185,16.5,13.97,19.82,167.11,0,73.98,3.97
1995,186,15.27,12.43,18.94,12.18,0,79.14,2.19
1995,187,18.06,15.84,19.51,95.63,0,66.31,4.78
1995,188,16.23,14.2,18.34,100.56,0,71.89,4.13
1995,189,16.26,12.37,20.81,159.02,0,72.12,3.26
1995,190,16.77,11.2,23.56,248.11,0,72.19,2.32
1995,191,18.69,10.53,26.26,315.31,0,65.96,2.48
1995,192,18.73,13.05,25.43,289.71,0,67.15,2.61
1995,193,16.82,13.68,20.29,189.55,0,74.61,3
1995,194,16.93,12.67,20.86,192.7,0,72.44,3.07
1995,195,18.08,13.39,23.37,212.77,0,65.2,3.12
1995,196,17.13,12.58,22.48,132.91,0,70.3,2.48
1995,197,16.52,12.53,20.62,203.16,0,72.56,2.49
1995,198,15.86,11.93,19.8,67.65,0,73.96,2.59
1995,199,16.31,12.25,21.51,91.4,0,71.79,3.25
1995,200,16.74,12.41,21.45,65.78,0,73.66,2.79
1995,201,18.82,12.14,25.91,312.23,0,61.97,2.95
1995,202,18.53,13.18,24.25,317.92,0,62.06,3.24
1995,203,17.85,14.49,22.47,64.01,0,70.11,3.15
1995,204,17.62,14.85,21.88,183.78,0,74.82,3.76
1995,205,17.38,13.13,21.38,87.99,0,73.91,2.7
1995,206,18.01,15.6,22.06,164.12,0,74.49,3.37
1995,207,16.77,14.22,22.16,164.8,0,75.2,3.05
1995,208,16.96,12.3,21.48,97.12,0,71.97,2.7
1995,209,16.78,14.6,20.27,100.08,0,75.65,3.99
1995,210,16.67,13.6,21.41,84.46,0,77.88,2.76
1995,211,17.75,12.74,24.26,309.83,0,75.95,2.78
1995,212,18.63,12.91,25.69,320.4,0,71.32,2.99
1995,213,17.26,14.02,21.61,108.1,0,75.7,3.71
1995,214,17.03,13.91,20.32,245.22,0.1,76.65,5.05
1995,215,15.78,15.4,16.35,340.3,0,84.12,3.86
1995,216,18.93,14.78,24.08,340.3,1.72,77.88,3.64
1995,217,18.93,14.78,24.08,340.3,1.72,75.95,3.64
1995,218,18.93,14.78,24.08,340.3,1.72,71.32,3.64
1995,219,18.93,14.78,24.08,340.3,1.72,75.7,3.64
1995,220,19.19,16.1,22.77,340.3,0,60.43,3.98
1995,221,16.3,14.35,19.47,99.72,1.5,82.14,3.25
1995,222,17.41,14.54,21.9,340.3,0,74.2,3.32
1995,223,17.26,13.47,21.84,340.3,0,70.81,2.72
1995,224,16.43,11.83,22.03,340.3,0,69.39,2.8
1995,225,17.57,11.74,23.44,340.3,0,67.25,3.53
1995,226,18.23,12.32,24.09,340.3,0,66.17,3.32
1995,227,19.11,13.96,24.68,340.3,0,69.91,3.56
1995,228,18.74,15.68,22.93,340.3,0,69.27,3.69
1995,229,18.19,14.99,22.6,340.3,0,70.44,3.82
1995,230,17.99,14.35,23.52,340.3,0,68.34,4.51
1995,231,18.84,13.73,25.12,340.3,0,60.16,3.04
1995,232,19.25,12.04,25.81,340.3,0,51.77,3.25
1995,233,19.13,12.72,24.83,340.3,0,55.64,3.8
1995,234,20.08,15.13,25.93,340.3,0,60.22,3.34
1995,235,18.24,12.75,24.9,278.29,0,66.35,3.65
1995,236,18.13,13.52,24.14,286.17,0,67.29,3.42
1995,237,18.43,12.48,24.75,339.26,0,67.22,3.85
1995,238,19.73,14.79,25.96,370.39,0,61.21,3.94
1995,239,19.43,14.24,26.09,348.37,0,62.14,3.64
1995,240,18.38,14.17,23.01,204.73,0,66.11,4.3
1995,241,18.08,13.66,22.52,203.21,0,65.33,4.51
1995,242,18.02,15.12,21.84,184.28,0,72.23,4.32
1995,243,18.07,15.24,22.71,132.61,0,72.33,3.66
1995,244,18.87,15.46,23.51,134.25,0,70.98,3.71
1995,245,18.68,15.53,23.49,177.46,0,71.85,3.22
1995,246,18.9,12.73,25.89,309.28,0,65.73,3.63
1995,247,18.78,14.35,24.48,183.69,0,65.77,3.56
1995,248,19.63,13.74,25.63,239.41,0,65.78,3.22
1995,249,20.42,13.62,26.98,276.93,0,59.99,2.42
1995,250,18.55,15.47,24.24,183.01,23.2,79.81,2.36
1995,251,17.83,15.35,20.88,216.31,1.5,84.97,3.37
1995,252,17.63,15.18,20.3,237.69,0,79.53,3.56
1995,253,18.7,13.12,24.8,304.84,0,69.46,3.47
1995,254,19.63,15.06,25.4,286.39,0,68.96,3.1
1995,255,20.1,15.27,26.39,311.18,0,70.71,2.69
1995,256,18.54,15.58,23.43,212.37,0,78.29,3.58
1995,257,19.3,15.09,24.61,303.08,0,61.66,4.59
1995,258,18.25,15.11,22.31,305.08,0,70.57,3.47
1995,259,19.19,13.58,25.41,335.8,0,67.65,3.06
1995,260,20.08,15.78,27.18,352.88,7.9,69.76,3.16
1995,261,19.27,15.2,24.9,296.61,0,71.05,3.53
1995,262,19.43,14.03,24.85,321.49,0,70.28,3.57
1995,263,20.13,15.04,27.25,425.01,0,68.7,2.81
1995,264,20.11,14.46,26.74,335.61,0,68.67,3.61
1995,265,20.33,15.96,25.85,292.61,0,63.45,4.06
1995,266,19.54,15.6,24.75,214.41,0,65.68,4.21
1995,267,18.87,16.08,24.31,306.57,0,72.24,4.2
1995,268,20.51,14.71,27.22,310.98,0,58.63,3.17
1995,269,20.23,13.96,27.28,291.16,0,64.9,2.78
1995,270,20.27,14.8,26.27,303.74,0,67.24,3.51
1995,271,18.89,16.03,22.69,79.8,0,71.98,3.83
1995,272,19.89,13.95,26.59,315.98,0,67.54,3.7
1995,273,19.74,15.23,26.4,221.85,0,71.17,4.05
1995,274,20.87,16.39,27.58,279.48,0,66.11,3.52
1995,275,20.79,14.59,27.58,290.74,0,61.65,3.22
1995,276,18.98,12.25,25.45,355.89,0,61.51,3.36
1995,277,17.97,16.28,21.07,340.3,0,79.37,4.62
1995,278,18.71,15.17,23.32,340.3,0.1,73.05,3.82
1995,279,20.09,15.8,26.43,340.3,0,67.62,4.09
1995,280,20.12,14.92,26.08,340.3,0,59.02,3.57
1995,281,20.74,13.07,27.9,340.3,0,56.38,3.34
1995,282,21.15,14.46,27.94,340.3,0,61.27,4.24
1995,283,20.8,16.31,27.4,340.3,0,66.42,5.2
1995,284,20.65,14.57,26.53,340.3,0,61.27,4.42
1995,285,21.22,14.61,27.95,29.44,0,58.16,4.01
1995,286,22.07,14.44,29.04,427.23,0,57.17,3.61
1995,287,22.09,16.24,28.14,428.3,0,64.39,5.2
1995,288,21.94,17.65,27.56,348.26,0,67.16,5.57
1995,289,20.65,16.41,25.56,391.86,0.5,73,4.75
1995,290,20.59,17,26.7,287.02,0.1,72.18,3.44
1995,291,21.14,17.4,25.88,391.89,0,71.74,4.22
1995,292,19.67,16.88,24.57,333,0.9,79.34,4.75
1995,293,19.63,14.75,24.34,333.2,0,70.86,3.97
1995,294,20.13,15.77,25.43,317.38,0,68.67,4.18
1995,295,21.29,16.21,26.31,335.48,0,56.17,3.38
1995,296,20.92,15.51,26.96,386.79,0,56.58,3.52
1995,297,21.26,15.27,26.84,361.83,0,62.73,3.41
1995,298,21.43,17.08,26.31,373.89,0,67.31,4.54
1995,299,19.75,16.89,24.27,302.02,1.9,76.47,4.64
1995,300,19.99,16.11,24.47,275.17,0,70.49,3.55
1995,301,20.44,15.29,26.18,299.92,0,67.55,3.87
1995,302,20.44,16.2,25.09,293.17,0,66.86,3.74
1995,303,19.84,16.07,25.11,320.12,0,72.71,4.13
1995,304,19.58,16.66,24.13,286.44,4.5,78.4,4.26
1995,305,20.19,15.98,25.04,301.58,0,72.37,3.77
1995,306,18.89,16.55,22.21,304.4,32.9,85.22,3.63
1995,307,18.28,16.62,22.5,326.5,8.3,88.67,3.3
1995,308,18.22,15.53,21.34,294.16,8.6,84.66,3.2
1995,309,18.8,16.42,23.16,313,7.2,85.41,3
1995,310,19.32,16.17,24.13,442.3,28.39,81.98,3.32
1995,311,19.12,15.6,23.81,471.37,35.8,82.53,2.9
1995,312,18.59,16.89,21.94,329.38,3.1,88.16,3.48
1995,313,19.14,15.53,23.06,388.75,0,78.03,3.7
1995,314,18.8,16.01,22.5,265.7,17.8,85.21,3.72
1995,315,18.04,15.14,21.42,278.59,11.1,87.17,4.04
1995,316,18.82,16.5,23.13,342.78,4.4,86.05,3.73
1995,317,18.97,16.48,22.72,418.36,3.9,87.41,4.58
1995,318,18.57,16.33,23.09,332.43,22.2,89.79,2.51
1995,319,18.42,16.63,22.5,327.11,5.7,89.16,3.26
1995,320,18.56,16.26,22.07,379.33,6.6,87.77,3.73
1995,321,18.58,16.27,22.19,301.92,2.5,87.67,3.39
1995,322,19.16,16.24,23.04,360.37,1.74,82.42,3.52
1995,323,19.33,16.45,23.33,426.02,1.4,82.05,3.47
1995,324,18.81,15.89,23.3,398.04,0.4,85.17,3.46
1995,325,18.89,16.91,22.18,319.64,14.2,87.74,3.58
1995,326,18.29,16.52,21.89,360.61,8.7,91.68,4.05
1995,327,18.41,16.01,21.81,332.88,3.6,87.89,4.08
1995,328,18.6,16.2,22.59,392.39,9,87.44,3.59
1995,329,18.63,16.17,22.4,319.92,6.8,87.22,2.76
1995,330,18.31,15.64,21.96,339,8.4,89.85,3.28
1995,331,19.47,15.78,24.04,471.51,2.6,77.23,3.81
1995,332,19.07,16.67,23.43,349.55,0,83.95,3.15
1995,333,19.54,16.52,23.98,498.21,0,75.99,3.76
1995,334,19.2,15.46,23.4,483.41,0,72.17,3.74
1995,335,19.08,14.87,23.94,461.96,0,71.36,3.2
1995,336,19.51,14.76,24.39,411.98,0,75.32,3.14
1995,337,19.26,16.65,23.41,401.68,0,82.54,3.88
1995,338,18.98,15.93,23.5,363.5,0,80.18,3.54
1995,339,19.21,15.7,24.03,404.09,0,75.45,2.89
1995,340,19.08,16.36,23.58,383.18,0,79.45,2.86
1995,341,19.16,13.78,24.68,473.77,0,76.59,2.78
1995,342,19.31,14.63,24.83,446.49,0,70.69,2.85
1995,343,18.69,14.4,23.86,398.57,0,78.08,2.72
1995,344,19.39,16.5,23.57,397.26,0.8,80.59,4.16
1995,345,19.18,15.52,23.85,396.18,0.1,80.1,3.6
1995,346,19.24,15,24.28,353.75,0,81.24,2.85
1995,347,19.64,15.87,24.75,349.7,0,82.55,2.64
1995,348,19.65,17.22,23.88,355.75,0.1,85.12,3.01
1995,349,18.97,16.04,22.86,373.16,4.7,87.32,4.19
1995,350,18.27,16.3,21.59,235.59,0,85.91,4.21
1995,351,18.93,15.66,23.38,376.45,0,79.05,3.99
1995,352,18.79,15.6,23.31,400.29,0.1,80.3,3.54
1995,353,19.29,16.03,23.73,350.94,0,76.19,2.57
1995,354,18.81,14.53,23.85,403.15,0,78.18,2.74
1995,355,19.55,15.62,24.47,407.99,0,74.8,3.57
1995,356,19.31,15.92,23.7,323.94,2.2,83.67,3.45
1995,357,18.94,16.36,23.24,309.77,6.7,86.91,3.82
1995,358,20.22,16.91,24.8,409.78,0.7,81.63,3.41
1995,359,20.3,17.16,25.01,417.6,0,83.61,3.95
1995,360,18.96,16.81,22.36,248.07,0.6,86.86,4.58
1995,361,18.91,14.84,23.14,434.42,0,73.13,3.85
1995,362,19.96,15.72,24.86,444.77,0,68.75,3.05
1995,363,20.22,15.6,25.2,410.62,0,77.61,2.63
1995,364,20.21,16.76,25.21,330.63,0,81.03,3.1
1995,365,20.6,17.19,25.44,386.32,0,78.05,2.63
1996,1,19.25,14.12,24.18,280.23,0,62.72,4.63
1996,2,17.98,13.75,23.01,211.09,0.1,72.71,4.88
1996,3,17.25,15.45,20.82,214.32,10.62,87.78,5.48
1996,4,16.94,15.21,19.18,103.83,4.8,89.25,4.65
1996,5,17.62,14.54,21.55,274.51,0.2,77.42,4.38
1996,6,19.42,13.57,24.66,376.05,0,56.91,3.87
1996,7,19.6,14.23,24.56,355.46,0,60.44,4.2
1996,8,19.01,13.81,24.6,361.29,0,73.27,4.48
1996,9,19.48,16.27,24.33,277.82,0,74.98,5.09
1996,10,19.17,15.9,23.54,312.8,0,73.78,4.69
1996,11,19.18,14.34,24.06,300.67,0,70.07,4.13
1996,12,19.84,14.59,25.32,365.58,0,64.35,4.95
1996,13,19.68,13.39,25.11,359.62,0,57.99,4.46
1996,14,19.45,13.8,24.51,341.86,0,57.68,3.85
1996,15,19.78,13.98,24.89,349.03,0,53.19,4.17
1996,16,19.6,14.32,24.98,347.23,0,58.45,4.01
1996,17,19.44,13.62,24.81,280.46,0,61.1,4.05
1996,18,21.2,14.54,27.44,350.85,0,39.06,3.88
1996,19,21.45,15.57,27.25,356.5,0,43.76,3.63
1996,20,20.97,15.4,26.66,353.82,0,53.2,4.18
1996,21,20.88,14.6,26.14,356.25,0,51.04,4.37
1996,22,20.5,16.16,24.79,235.94,0,54.3,4.54
1996,23,20.05,16.04,24.84,262.47,0,65.03,4.02
1996,24,20.01,14.81,25.45,300.24,0,64.15,4.56
1996,25,20.9,14.87,26.58,352.5,0,58.19,4.1
1996,26,18.93,14.78,24.08,340.3,1.72,63.2328,3.64
1996,27,18.93,14.78,24.08,340.3,1.72,63.253312,3.64
1996,28,18.93,14.78,24.08,340.3,1.72,62.87504448,3.64
1996,29,18.93,14.78,24.08,340.3,1.72,61.87884626,3.64
1996,30,18.93,14.78,24.08,340.3,1.72,60.78400011,3.64
1996,31,18.93,14.78,24.08,340.3,1.72,60.11856011,3.64
1996,32,18.93,14.78,24.08,340.3,1.72,60.24690252,3.64
1996,33,18.93,14.78,24.08,340.3,1.72,60.23917862,3.64
1996,34,18.93,14.78,24.08,340.3,1.72,59.71794576,3.64
1996,35,18.93,14.78,24.08,340.3,1.72,59.10746359,3.64
1996,36,18.93,14.78,24.08,340.3,1.72,58.52056214,3.64
1996,37,18.93,14.78,24.08,340.3,1.72,58.05858462,3.64
1996,38,18.93,14.78,24.08,340.3,1.72,57.80692801,3.64
1996,39,18.93,14.78,24.08,340.3,1.72,57.79960513,3.64
1996,40,18.93,14.78,24.08,340.3,1.72,57.80438933,3.64
1996,41,18.93,14.78,24.08,340.3,1.72,57.98896491,3.64
1996,42,18.93,14.78,24.08,340.3,1.72,57.9705235,3.64
1996,43,18.93,14.78,24.08,340.3,1.72,57.84534444,3.64
1996,44,18.93,14.78,24.08,340.3,1.72,58.59675822,3.64
1996,45,18.93,14.78,24.08,340.3,1.72,59.19022855,3.64
1996,46,18.93,14.78,24.08,340.3,1.72,59.42983769,3.64
1996,47,18.93,14.78,24.08,340.3,1.72,59.7654312,3.64
1996,48,18.93,14.78,24.08,340.3,1.72,59.98404845,3.64
1996,49,18.93,14.78,24.08,340.3,1.72,59.78221039,3.64
1996,50,18.93,14.78,24.08,340.3,1.72,59.6074988,3.64
1996,51,18.93,14.78,24.08,340.3,1.72,59.66419875,3.64
1996,52,18.93,14.78,24.08,340.3,1.72,59.5214547,3.64
1996,53,18.93,14.78,24.08,340.3,1.72,59.37218041,3.64
1996,54,18.93,14.78,24.08,340.3,1.72,59.23206585,3.64
1996,55,18.93,14.78,24.08,340.3,1.72,59.12619463,3.64
1996,56,18.93,14.78,24.08,340.3,1.72,59.05988241,3.64
1996,57,18.93,14.78,24.08,340.3,1.72,59.01753531,3.64
1996,58,18.93,14.78,24.08,340.3,1.72,58.96836062,3.64
1996,59,18.93,14.78,24.08,340.3,1.72,58.9175279,3.64
1996,60,18.93,14.78,24.08,352.06,1.72,58.88551118,3.47
1996,61,18.93,14.78,24.08,352.06,1.72,58.87663309,3.47
1996,62,18.93,14.78,24.08,352.06,1.72,58.89087592,3.47
1996,63,18.93,14.78,24.08,352.06,1.72,58.92416758,3.47
1996,64,18.93,14.78,24.08,352.06,1.72,58.96885716,3.47
1996,65,18.93,14.78,24.08,352.06,1.72,59.01562724,3.47
1996,66,18.93,14.78,24.08,352.06,1.72,59.06407676,3.47
1996,67,18.93,14.78,24.08,352.06,1.72,59.10708123,3.47
1996,68,18.93,14.78,24.08,352.06,1.72,59.15254354,3.47
1996,69,18.93,14.78,24.08,352.06,1.72,59.2048315,3.47
1996,70,18.93,14.78,24.08,352.06,1.72,59.22915443,3.47
1996,71,18.93,14.78,24.08,352.06,1.72,59.23071147,3.47
1996,72,18.93,14.78,24.08,352.06,1.72,59.22274642,3.47
1996,73,18.93,14.78,24.08,352.06,1.72,59.20103903,3.47
1996,74,18.93,14.78,24.08,352.06,1.72,59.16971865,3.47
1996,75,18.93,14.78,24.08,352.06,1.72,59.14521898,3.47
1996,76,18.93,14.78,24.08,352.06,1.72,59.12672779,3.47
1996,77,18.93,14.78,24.08,352.06,1.72,59.10522895,3.47
1996,78,18.93,14.78,24.08,352.06,1.72,59.08857992,3.47
1996,79,18.93,14.78,24.08,352.06,1.72,59.0772359,3.47
1996,80,18.93,14.78,24.08,352.06,1.72,59.07104271,3.47
1996,81,18.93,14.78,24.08,352.06,1.72,59.06883663,3.47
1996,82,18.93,14.78,24.08,352.06,1.72,59.0691948,3.47
1996,83,18.93,14.78,24.08,352.06,1.72,59.07126118,3.47
1996,84,18.93,14.78,24.08,352.06,1.72,59.0753772,3.47
1996,85,18.93,14.78,24.08,352.06,1.72,59.08169117,3.47
1996,86,18.93,14.78,24.08,352.06,1.72,59.08953837,3.47
1996,87,18.93,14.78,24.08,352.06,1.72,59.09805458,3.47
1996,88,18.93,14.78,24.08,352.06,1.72,59.10634173,3.47
1996,89,18.93,14.78,24.08,352.06,1.72,59.11362869,3.47
1996,90,18.93,14.78,24.08,352.06,1.72,59.11941956,3.47
1996,91,18.93,14.78,24.08,352.06,1.72,59.12357125,3.47
1996,92,18.93,14.78,24.08,352.06,1.72,59.12595103,3.47
1996,93,18.93,14.78,24.08,352.06,1.72,59.12670582,3.47
1996,94,18.93,14.78,24.08,352.06,1.72,59.12567231,3.47
1996,95,18.93,14.78,24.08,352.06,1.72,59.12250594,3.47
1996,96,18.93,14.78,24.08,352.06,1.72,59.11824,3.47
1996,97,18.93,14.78,24.08,352.06,1.72,59.11374114,3.47
1996,98,18.93,14.78,24.08,352.06,1.72,59.10938093,3.47
1996,99,18.93,14.78,24.08,352.06,1.72,59.10571461,3.47
1996,100,18.93,14.78,24.08,352.06,1.72,59.10315445,3.47
1996,101,18.93,14.78,24.08,352.06,1.72,59.10147187,3.47
1996,102,18.93,14.78,24.08,352.06,1.72,59.10046163,3.47
1996,103,18.93,14.78,24.08,352.06,1.72,59.10027094,3.47
1996,104,18.93,14.78,24.08,352.06,1.72,59.10073858,3.47
1996,105,18.93,14.78,24.08,352.06,1.72,59.10167868,3.47
1996,106,18.93,14.78,24.08,352.06,1.72,59.10290412,3.47
1996,107,18.93,14.78,24.08,352.06,1.72,59.10426682,3.47
1996,108,18.93,14.78,24.08,352.06,1.72,59.1056697,3.47
1996,109,22.3,22.3,22.3,352.06,0,64.7,3.47
1996,110,21.07,17,24.09,352.06,0,71.13,3.74
1996,111,20.16,17.07,25.36,352.06,1,80.23,2.82
1996,112,18.06,16.81,19.59,352.06,17.06,92.29,2.83
1996,113,19.19,15.33,23.64,352.06,0,80.92,2.44
1996,114,20.13,17.32,24.31,352.06,0,81.88,2.65
1996,115,18.92,15.95,22.83,352.06,5.1,86.61,2.42
1996,116,18.55,16.41,22.86,352.06,35,89.17,1.62
1996,117,19.06,15.7,23.06,352.06,0.1,80.9,2.39
1996,118,17.85,16.69,20.08,352.06,11.7,90.83,2.03
1996,119,18.04,15.51,21.49,352.06,0,85.63,2.1
1996,120,18.66,16.79,22.47,352.06,14.3,87.36,2.18
1996,121,18.02,16.16,20.28,352.06,22.6,89.17,2.66
1996,122,18.54,14.62,22.18,352.06,0.6,84.6,2.64
1996,123,18.27,16.54,21.52,352.06,0.1,89.09,3.64
1996,124,18.61,15.12,23.36,352.06,0,83.58,1.96
1996,125,18.67,14.48,23.52,352.06,0,82.14,2.29
1996,126,18.86,15.23,23.42,352.06,0,82.42,2.8
1996,127,18.79,15.61,23.07,352.06,0,83.04,2.71
1996,128,19.09,15.8,23.44,352.06,0,81.1,2.44
1996,129,18.17,16.24,21.58,352.06,0.1,86.29,3.69
1996,130,18.56,16.06,22.68,352.06,0,81.82,3.32
1996,131,18.15,15.1,22.15,352.06,0,82.4,3.2
1996,132,18.06,14.02,23.32,352.06,0,80.69,2.41
1996,133,19.24,15.48,24.25,352.06,0,80.52,2.45
1996,134,19.23,16.33,24.04,352.06,0,79.02,3.41
1996,135,18.59,14.77,23.4,352.06,0,80.56,2.58
1996,136,18.6,14.35,23.74,352.06,0,75.81,2.95
1996,137,19.07,15.98,23.06,352.06,0,78.16,2.98
1996,138,18.29,13.91,22.89,352.06,0,81.01,2.73
1996,139,18.37,14.63,23.8,352.06,0,79.61,2.45
1996,140,19.41,13.13,26.12,352.06,0,72.85,2.35
1996,141,19.27,13.3,24.7,352.06,0,73.65,2.67
1996,142,19.83,15.97,25.45,352.06,0,76.68,2.49
1996,143,19.78,16.04,24.78,352.06,0,77.59,3.21
1996,144,18.99,14.96,23.77,352.06,0,73.95,3.17
1996,145,19.11,14.58,23.87,352.06,0,72.29,3.33
1996,146,18,14.1,22.59,352.06,0,75.42,3.35
1996,147,16.64,12.72,21.05,352.06,0.3,82.01,3.15
1996,148,17.5,14.02,22.45,352.06,0.1,80.72,3.26
1996,149,16.53,14.07,19.75,352.06,2.6,89.1,3.74
1996,150,17.26,13.76,20.82,352.06,0,82.09,2.58
1996,151,18.19,15.48,23.03,165.37,0,78.43,2.52
1996,152,19.1,14.83,24.04,252.18,0,74.88,3.37
1996,153,19.11,15.58,23.99,273.08,2.6,76.13,3.6
1996,154,18,14.69,22.03,69.78,0,80.43,3.46
1996,155,17.66,13.89,22.83,199.47,0,79.68,3.11
1996,156,19.15,14.11,24.66,306.03,0,72.1,2.52
1996,157,18.83,15.25,23.88,200.96,0.2,76.26,3.01
1996,158,18.95,13.44,24.91,360.35,0,62.02,2.54
1996,159,19.36,12.31,26.04,365.95,0,64.25,2.55
1996,160,18.79,15.88,23.8,229.63,0,75.18,3.93
1996,161,18.3,13.62,24.32,251.44,0,74.56,2.85
1996,162,19.59,14.98,24.61,351.39,0,63.15,2.73
1996,163,19.64,14.92,24.48,241.6,0.2,63.95,2.52
1996,164,17.84,13.52,22.29,190.26,0,74.48,2.64
1996,165,18.81,14.98,25.01,245.06,0,78.03,2.24
1996,166,17.89,14.88,21.55,141.38,0,77.07,2.1
1996,167,18.54,14.65,23.95,188.56,0,74.76,2.65
1996,168,16.83,14.59,19.37,54.07,0,80.78,3.03
1996,169,17.38,13.35,22.42,172.24,0,74.23,2.81
1996,170,17.84,12.97,22.96,224.37,0,73.04,2.49
1996,171,18.42,14.65,22.7,138.18,0,77.27,2.83
1996,172,17.83,15.91,20.93,191.66,0,79.93,3.14
1996,173,17.11,14.77,20.05,117.71,0,78.53,2.92
1996,174,16.87,15.44,18.65,61.62,0,81.36,3.27
1996,175,17.72,14.23,22.8,198.47,0,69.59,2.7
1996,176,18.16,13.41,24.21,249.27,0,60.96,2.39
1996,177,16.67,13.5,21.31,115.2,0,76.59,2.67
1996,178,16.59,13.91,20.48,94.91,0,79.69,2.63
1996,179,17.33,12.34,22.77,236.09,0,73.82,2.46
1996,180,16.34,13.54,19.66,114.41,0,79.4,2.51
1996,181,17.5,14.71,21.1,109.4,0,75.77,3.1
1996,182,17.09,14.5,20.39,26.13,0,79.28,3.5
1996,183,16.91,14.71,19.95,85.05,0,75.76,3.45
1996,184,17.14,13.46,21.06,61.39,0,73.3,3.53
1996,185,16.5,13.97,19.82,167.11,0,73.98,3.97
1996,186,15.27,12.43,18.94,12.18,0,79.14,2.19
1996,187,18.06,15.84,19.51,95.63,0,66.31,4.78
1996,188,16.23,14.2,18.34,100.56,0,71.89,4.13
1996,189,16.26,12.37,20.81,159.02,0,72.12,3.26
1996,190,16.77,11.2,23.56,248.11,0,72.19,2.32
1996,191,18.69,10.53,26.26,315.31,0,65.96,2.48
1996,192,18.73,13.05,25.43,289.71,0,67.15,2.61
1996,193,16.82,13.68,20.29,189.55,0,74.61,3
1996,194,16.93,12.67,20.86,192.7,0,72.44,3.07
1996,195,18.08,13.39,23.37,212.77,0,65.2,3.12
1996,196,17.13,12.58,22.48,132.91,0,70.3,2.48
1996,197,16.52,12.53,20.62,203.16,0,72.56,2.49
1996,198,15.86,11.93,19.8,67.65,0,73.96,2.59
1996,199,16.31,12.25,21.51,91.4,0,71.79,3.25
1996,200,16.74,12.41,21.45,65.78,0,73.66,2.79
1996,201,18.82,12.14,25.91,312.23,0,61.97,2.95
1996,202,18.53,13.18,24.25,317.92,0,62.06,3.24
1996,203,17.85,14.49,22.47,64.01,0,70.11,3.15
1996,204,17.62,14.85,21.88,183.78,0,74.82,3.76
1996,205,17.38,13.13,21.38,87.99,0,73.91,2.7
1996,206,18.01,15.6,22.06,164.12,0,74.49,3.37
1996,207,16.77,14.22,22.16,164.8,0,75.2,3.05
1996,208,16.96,12.3,21.48,97.12,0,71.97,2.7
1996,209,16.78,14.6,20.27,100.08,0,75.65,3.99
1996,210,16.67,13.6,21.41,84.46,0,77.88,2.76
1996,211,17.75,12.74,24.26,309.83,0,75.95,2.78
1996,212,18.63,12.91,25.69,320.4,0,71.32,2.99
1996,213,17.26,14.02,21.61,108.1,0,75.7,3.71
1996,214,17.03,13.91,20.32,245.22,0.1,76.65,5.05
1996,215,15.78,15.4,16.35,340.3,0,84.12,3.86
1996,216,18.93,14.78,24.08,340.3,1.72,77.88,3.64
1996,217,18.93,14.78,24.08,340.3,1.72,75.95,3.64
1996,218,18.93,14.78,24.08,340.3,1.72,71.32,3.64
1996,219,18.93,14.78,24.08,340.3,1.72,75.7,3.64
1996,220,19.19,16.1,22.77,340.3,0,60.43,3.98
1996,221,16.3,14.35,19.47,99.72,1.5,82.14,3.25
1996,222,17.41,14.54,21.9,340.3,0,74.2,3.32
1996,223,17.26,13.47,21.84,340.3,0,70.81,2.72
1996,224,16.43,11.83,22.03,340.3,0,69.39,2.8
1996,225,17.57,11.74,23.44,340.3,0,67.25,3.53
1996,226,18.23,12.32,24.09,340.3,0,66.17,3.32
1996,227,19.11,13.96,24.68,340.3,0,69.91,3.56
1996,228,18.74,15.68,22.93,340.3,0,69.27,3.69
1996,229,18.19,14.99,22.6,340.3,0,70.44,3.82
1996,230,17.99,14.35,23.52,340.3,0,68.34,4.51
1996,231,18.84,13.73,25.12,340.3,0,60.16,3.04
1996,232,19.25,12.04,25.81,340.3,0,51.77,3.25
1996,233,19.13,12.72,24.83,340.3,0,55.64,3.8
1996,234,20.08,15.13,25.93,340.3,0,60.22,3.34
1996,235,18.24,12.75,24.9,278.29,0,66.35,3.65
1996,236,18.13,13.52,24.14,286.17,0,67.29,3.42
1996,237,18.43,12.48,24.75,339.26,0,67.22,3.85
1996,238,19.73,14.79,25.96,370.39,0,61.21,3.94
1996,239,19.43,14.24,26.09,348.37,0,62.14,3.64
1996,240,18.38,14.17,23.01,204.73,0,66.11,4.3
1996,241,18.08,13.66,22.52,203.21,0,65.33,4.51
1996,242,18.02,15.12,21.84,184.28,0,72.23,4.32
1996,243,18.07,15.24,22.71,132.61,0,72.33,3.66
1996,244,18.87,15.46,23.51,134.25,0,70.98,3.71
1996,245,18.68,15.53,23.49,177.46,0,71.85,3.22
1996,246,18.9,12.73,25.89,309.28,0,65.73,3.63
1996,247,18.78,14.35,24.48,183.69,0,65.77,3.56
1996,248,19.63,13.74,25.63,239.41,0,65.78,3.22
1996,249,20.42,13.62,26.98,276.93,0,59.99,2.42
1996,250,18.55,15.47,24.24,183.01,23.2,79.81,2.36
1996,251,17.83,15.35,20.88,216.31,1.5,84.97,3.37
1996,252,17.63,15.18,20.3,237.69,0,79.53,3.56
1996,253,18.7,13.12,24.8,304.84,0,69.46,3.47
1996,254,19.63,15.06,25.4,286.39,0,68.96,3.1
1996,255,20.1,15.27,26.39,311.18,0,70.71,2.69
1996,256,18.54,15.58,23.43,212.37,0,78.29,3.58
1996,257,19.3,15.09,24.61,303.08,0,61.66,4.59
1996,258,18.25,15.11,22.31,305.08,0,70.57,3.47
1996,259,19.19,13.58,25.41,335.8,0,67.65,3.06
1996,260,20.08,15.78,27.18,352.88,7.9,69.76,3.16
1996,261,19.27,15.2,24.9,296.61,0,71.05,3.53
1996,262,19.43,14.03,24.85,321.49,0,70.28,3.57
1996,263,20.13,15.04,27.25,425.01,0,68.7,2.81
1996,264,20.11,14.46,26.74,335.61,0,68.67,3.61
1996,265,20.33,15.96,25.85,292.61,0,63.45,4.06
1996,266,19.54,15.6,24.75,214.41,0,65.68,4.21
1996,267,18.87,16.08,24.31,306.57,0,72.24,4.2
1996,268,20.51,14.71,27.22,310.98,0,58.63,3.17
1996,269,20.23,13.96,27.28,291.16,0,64.9,2.78
1996,270,20.27,14.8,26.27,303.74,0,67.24,3.51
1996,271,18.89,16.03,22.69,79.8,0,71.98,3.83
1996,272,19.89,13.95,26.59,315.98,0,67.54,3.7
1996,273,19.74,15.23,26.4,221.85,0,71.17,4.05
1996,274,20.87,16.39,27.58,279.48,0,66.11,3.52
1996,275,20.79,14.59,27.58,290.74,0,61.65,3.22
1996,276,18.98,12.25,25.45,355.89,0,61.51,3.36
1996,277,17.97,16.28,21.07,340.3,0,79.37,4.62
1996,278,18.71,15.17,23.32,340.3,0.1,73.05,3.82
1996,279,20.09,15.8,26.43,340.3,0,67.62,4.09
1996,280,20.12,14.92,26.08,340.3,0,59.02,3.57
1996,281,20.74,13.07,27.9,340.3,0,56.38,3.34
1996,282,21.15,14.46,27.94,340.3,0,61.27,4.24
1996,283,20.8,16.31,27.4,340.3,0,66.42,5.2
1996,284,20.65,14.57,26.53,340.3,0,61.27,4.42
1996,285,21.22,14.61,27.95,29.44,0,58.16,4.01
1996,286,22.07,14.44,29.04,427.23,0,57.17,3.61
1996,287,22.09,16.24,28.14,428.3,0,64.39,5.2
1996,288,21.94,17.65,27.56,348.26,0,67.16,5.57
1996,289,20.65,16.41,25.56,391.86,0.5,73,4.75
1996,290,20.59,17,26.7,287.02,0.1,72.18,3.44
1996,291,21.14,17.4,25.88,391.89,0,71.74,4.22
1996,292,19.67,16.88,24.57,333,0.9,79.34,4.75
1996,293,19.63,14.75,24.34,333.2,0,70.86,3.97
1996,294,20.13,15.77,25.43,317.38,0,68.67,4.18
1996,295,21.29,16.21,26.31,335.48,0,56.17,3.38
1996,296,20.92,15.51,26.96,386.79,0,56.58,3.52
1996,297,21.26,15.27,26.84,361.83,0,62.73,3.41
1996,298,21.43,17.08,26.31,373.89,0,67.31,4.54
1996,299,19.75,16.89,24.27,302.02,1.9,76.47,4.64
1996,300,19.99,16.11,24.47,275.17,0,70.49,3.55
1996,301,20.44,15.29,26.18,299.92,0,67.55,3.87
1996,302,20.44,16.2,25.09,293.17,0,66.86,3.74
1996,303,19.84,16.07,25.11,320.12,0,72.71,4.13
1996,304,19.58,16.66,24.13,286.44,4.5,78.4,4.26
1996,305,20.19,15.98,25.04,301.58,0,72.37,3.77
1996,306,18.89,16.55,22.21,304.4,32.9,85.22,3.63
1996,307,18.28,16.62,22.5,326.5,8.3,88.67,3.3
1996,308,18.22,15.53,21.34,294.16,8.6,84.66,3.2
1996,309,18.8,16.42,23.16,313,7.2,85.41,3
1996,310,19.32,16.17,24.13,442.3,28.39,81.98,3.32
1996,311,19.12,15.6,23.81,471.37,35.8,82.53,2.9
1996,312,18.59,16.89,21.94,329.38,3.1,88.16,3.48
1996,313,19.14,15.53,23.06,388.75,0,78.03,3.7
1996,314,18.8,16.01,22.5,265.7,17.8,85.21,3.72
1996,315,18.04,15.14,21.42,278.59,11.1,87.17,4.04
1996,316,18.82,16.5,23.13,342.78,4.4,86.05,3.73
1996,317,18.97,16.48,22.72,418.36,3.9,87.41,4.58
1996,318,18.57,16.33,23.09,332.43,22.2,89.79,2.51
1996,319,18.42,16.63,22.5,327.11,5.7,89.16,3.26
1996,320,18.56,16.26,22.07,379.33,6.6,87.77,3.73
1996,321,18.58,16.27,22.19,301.92,2.5,87.67,3.39
1996,322,19.16,16.24,23.04,360.37,1.74,82.42,3.52
1996,323,19.33,16.45,23.33,426.02,1.4,82.05,3.47
1996,324,18.81,15.89,23.3,398.04,0.4,85.17,3.46
1996,325,18.89,16.91,22.18,319.64,14.2,87.74,3.58
1996,326,18.29,16.52,21.89,360.61,8.7,91.68,4.05
1996,327,18.41,16.01,21.81,332.88,3.6,87.89,4.08
1996,328,18.6,16.2,22.59,392.39,9,87.44,3.59
1996,329,18.63,16.17,22.4,319.92,6.8,87.22,2.76
1996,330,18.31,15.64,21.96,339,8.4,89.85,3.28
1996,331,19.47,15.78,24.04,471.51,2.6,77.23,3.81
1996,332,19.07,16.67,23.43,349.55,0,83.95,3.15
1996,333,19.54,16.52,23.98,498.21,0,75.99,3.76
1996,334,19.2,15.46,23.4,483.41,0,72.17,3.74
1996,335,19.08,14.87,23.94,461.96,0,71.36,3.2
1996,336,19.51,14.76,24.39,411.98,0,75.32,3.14
1996,337,19.26,16.65,23.41,401.68,0,82.54,3.88
1996,338,18.98,15.93,23.5,363.5,0,80.18,3.54
1996,339,19.21,15.7,24.03,404.09,0,75.45,2.89
1996,340,19.08,16.36,23.58,383.18,0,79.45,2.86
1996,341,19.16,13.78,24.68,473.77,0,76.59,2.78
1996,342,19.31,14.63,24.83,446.49,0,70.69,2.85
1996,343,18.69,14.4,23.86,398.57,0,78.08,2.72
1996,344,19.39,16.5,23.57,397.26,0.8,80.59,4.16
1996,345,19.18,15.52,23.85,396.18,0.1,80.1,3.6
1996,346,19.24,15,24.28,353.75,0,81.24,2.85
1996,347,19.64,15.87,24.75,349.7,0,82.55,2.64
1996,348,19.65,17.22,23.88,355.75,0.1,85.12,3.01
1996,349,18.97,16.04,22.86,373.16,4.7,87.32,4.19
1996,350,18.27,16.3,21.59,235.59,0,85.91,4.21
1996,351,18.93,15.66,23.38,376.45,0,79.05,3.99
1996,352,18.79,15.6,23.31,400.29,0.1,80.3,3.54
1996,353,19.29,16.03,23.73,350.94,0,76.19,2.57
1996,354,18.81,14.53,23.85,403.15,0,78.18,2.74
1996,355,19.55,15.62,24.47,407.99,0,74.8,3.57
1996,356,19.31,15.92,23.7,323.94,2.2,83.67,3.45
1996,357,18.94,16.36,23.24,309.77,6.7,86.91,3.82
1996,358,20.22,16.91,24.8,409.78,0.7,81.63,3.41
1996,359,20.3,17.16,25.01,417.6,0,83.61,3.95
1996,360,18.96,16.81,22.36,248.07,0.6,86.86,4.58
1996,361,18.91,14.84,23.14,434.42,0,73.13,3.85
1996,362,19.96,15.72,24.86,444.77,0,68.75,3.05
1996,363,20.22,15.6,25.2,410.62,0,77.61,2.63
1996,364,20.21,16.76,25.21,330.63,0,81.03,3.1
1996,365,20.6,17.19,25.44,386.32,0,78.05,2.63
1997,1,19.25,14.12,24.18,280.23,0,62.72,4.63
1997,2,17.98,13.75,23.01,211.09,0.1,72.71,4.88
1997,3,17.25,15.45,20.82,214.32,10.62,87.78,5.48
1997,4,16.94,15.21,19.18,103.83,4.8,89.25,4.65
1997,5,17.62,14.54,21.55,274.51,0.2,77.42,4.38
1997,6,19.42,13.57,24.66,376.05,0,56.91,3.87
1997,7,19.6,14.23,24.56,355.46,0,60.44,4.2
1997,8,19.01,13.81,24.6,361.29,0,73.27,4.48
1997,9,19.48,16.27,24.33,277.82,0,74.98,5.09
1997,10,19.17,15.9,23.54,312.8,0,73.78,4.69
1997,11,19.18,14.34,24.06,300.67,0,70.07,4.13
1997,12,19.84,14.59,25.32,365.58,0,64.35,4.95
1997,13,19.68,13.39,25.11,359.62,0,57.99,4.46
1997,14,19.45,13.8,24.51,341.86,0,57.68,3.85
1997,15,19.78,13.98,24.89,349.03,0,53.19,4.17
1997,16,19.6,14.32,24.98,347.23,0,58.45,4.01
1997,17,19.44,13.62,24.81,280.46,0,61.1,4.05
1997,18,21.2,14.54,27.44,350.85,0,39.06,3.88
1997,19,21.45,15.57,27.25,356.5,0,43.76,3.63
1997,20,20.97,15.4,26.66,353.82,0,53.2,4.18
1997,21,20.88,14.6,26.14,356.25,0,51.04,4.37
1997,22,20.5,16.16,24.79,235.94,0,54.3,4.54
1997,23,20.05,16.04,24.84,262.47,0,65.03,4.02
1997,24,20.01,14.81,25.45,300.24,0,64.15,4.56
1997,25,20.9,14.87,26.58,352.5,0,58.19,4.1
1997,26,18.93,14.78,24.08,340.3,1.72,63.2328,3.64
1997,27,18.93,14.78,24.08,340.3,1.72,63.253312,3.64
1997,28,18.93,14.78,24.08,340.3,1.72,62.87504448,3.64
1997,29,18.93,14.78,24.08,340.3,1.72,61.87884626,3.64
1997,30,18.93,14.78,24.08,340.3,1.72,60.78400011,3.64
1997,31,18.93,14.78,24.08,340.3,1.72,60.11856011,3.64
1997,32,18.93,14.78,24.08,340.3,1.72,60.24690252,3.64
1997,33,18.93,14.78,24.08,340.3,1.72,60.23917862,3.64
1997,34,18.93,14.78,24.08,340.3,1.72,59.71794576,3.64
1997,35,18.93,14.78,24.08,340.3,1.72,59.10746359,3.64
1997,36,18.93,14.78,24.08,340.3,1.72,58.52056214,3.64
1997,37,18.93,14.78,24.08,340.3,1.72,58.05858462,3.64
1997,38,18.93,14.78,24.08,340.3,1.72,57.80692801,3.64
1997,39,18.93,14.78,24.08,340.3,1.72,57.79960513,3.64
1997,40,18.93,14.78,24.08,340.3,1.72,57.80438933,3.64
1997,41,18.93,14.78,24.08,340.3,1.72,57.98896491,3.64
1997,42,18.93,14.78,24.08,340.3,1.72,57.9705235,3.64
1997,43,18.93,14.78,24.08,340.3,1.72,57.84534444,3.64
1997,44,18.93,14.78,24.08,340.3,1.72,58.59675822,3.64
1997,45,18.93,14.78,24.08,340.3,1.72,59.19022855,3.64
1997,46,18.93,14.78,24.08,340.3,1.72,59.42983769,3.64
1997,47,18.93,14.78,24.08,340.3,1.72,59.7654312,3.64
1997,48,18.93,14.78,24.08,340.3,1.72,59.98404845,3.64
1997,49,18.93,14.78,24.08,340.3,1.72,59.78221039,3.64
1997,50,18.93,14.78,24.08,340.3,1.72,59.6074988,3.64
1997,51,18.93,14.78,24.08,340.3,1.72,59.66419875,3.64
1997,52,18.93,14.78,24.08,340.3,1.72,59.5214547,3.64
1997,53,18.93,14.78,24.08,340.3,1.72,59.37218041,3.64
1997,54,18.93,14.78,24.08,340.3,1.72,59.23206585,3.64
1997,55,18.93,14.78,24.08,340.3,1.72,59.12619463,3.64
1997,56,18.93,14.78,24.08,340.3,1.72,59.05988241,3.64
1997,57,18.93,14.78,24.08,340.3,1.72,59.01753531,3.64
1997,58,18.93,14.78,24.08,340.3,1.72,58.96836062,3.64
1997,59,18.93,14.78,24.08,340.3,1.72,58.9175279,3.64
1997,60,18.93,14.78,24.08,352.06,1.72,58.88551118,3.47
1997,61,18.93,14.78,24.08,352.06,1.72,58.87663309,3.47
1997,62,18.93,14.78,24.08,352.06,1.72,58.89087592,3.47
1997,63,18.93,14.78,24.08,352.06,1.72,58.92416758,3.47
1997,64,18.93,14.78,24.08,352.06,1.72,58.96885716,3.47
1997,65,18.93,14.78,24.08,352.06,1.72,59.01562724,3.47
1997,66,18.93,14.78,24.08,352.06,1.72,59.06407676,3.47
1997,67,18.93,14.78,24.08,352.06,1.72,59.10708123,3.47
1997,68,18.93,14.78,24.08,352.06,1.72,59.15254354,3.47
1997,69,18.93,14.78,24.08,352.06,1.72,59.2048315,3.47
1997,70,18.93,14.78,24.08,352.06,1.72,59.22915443,3.47
1997,71,18.93,14.78,24.08,352.06,1.72,59.23071147,3.47
1997,72,18.93,14.78,24.08,352.06,1.72,59.22274642,3.47
1997,73,18.93,14.78,24.08,352.06,1.72,59.20103903,3.47
1997,74,18.93,14.78,24.08,352.06,1.72,59.16971865,3.47
1997,75,18.93,14.78,24.08,352.06,1.72,59.14521898,3.47
1997,76,18.93,14.78,24.08,352.06,1.72,59.12672779,3.47
1997,77,18.93,14.78,24.08,352.06,1.72,59.10522895,3.47
1997,78,18.93,14.78,24.08,352.06,1.72,59.08857992,3.47
1997,79,18.93,14.78,24.08,352.06,1.72,59.0772359,3.47
1997,80,18.93,14.78,24.08,352.06,1.72,59.07104271,3.47
1997,81,18.93,14.78,24.08,352.06,1.72,59.06883663,3.47
1997,82,18.93,14.78,24.08,352.06,1.72,59.0691948,3.47
1997,83,18.93,14.78,24.08,352.06,1.72,59.07126118,3.47
1997,84,18.93,14.78,24.08,352.06,1.72,59.0753772,3.47
1997,85,18.93,14.78,24.08,352.06,1.72,59.08169117,3.47
1997,86,18.93,14.78,24.08,352.06,1.72,59.08953837,3.47
1997,87,18.93,14.78,24.08,352.06,1.72,59.09805458,3.47
1997,88,18.93,14.78,24.08,352.06,1.72,59.10634173,3.47
1997,89,18.93,14.78,24.08,352.06,1.72,59.11362869,3.47
1997,90,18.93,14.78,24.08,352.06,1.72,59.11941956,3.47
1997,91,18.93,14.78,24.08,352.06,1.72,59.12357125,3.47
1997,92,18.93,14.78,24.08,352.06,1.72,59.12595103,3.47
1997,93,18.93,14.78,24.08,352.06,1.72,59.12670582,3.47
1997,94,18.93,14.78,24.08,352.06,1.72,59.12567231,3.47
1997,95,18.93,14.78,24.08,352.06,1.72,59.12250594,3.47
1997,96,18.93,14.78,24.08,352.06,1.72,59.11824,3.47
1997,97,18.93,14.78,24.08,352.06,1.72,59.11374114,3.47
1997,98,18.93,14.78,24.08,352.06,1.72,59.10938093,3.47
1997,99,18.93,14.78,24.08,352.06,1.72,59.10571461,3.47
1997,100,18.93,14.78,24.08,352.06,1.72,59.10315445,3.47
1997,101,18.93,14.78,24.08,352.06,1.72,59.10147187,3.47
1997,102,18.93,14.78,24.08,352.06,1.72,59.10046163,3.47
1997,103,18.93,14.78,24.08,352.06,1.72,59.10027094,3.47
1997,104,18.93,14.78,24.08,352.06,1.72,59.10073858,3.47
1997,105,18.93,14.78,24.08,352.06,1.72,59.10167868,3.47
1997,106,18.93,14.78,24.08,352.06,1.72,59.10290412,3.47
1997,107,18.93,14.78,24.08,352.06,1.72,59.10426682,3.47
1997,108,18.93,14.78,24.08,352.06,1.72,59.1056697,3.47
1997,109,22.3,22.3,22.3,352.06,0,64.7,3.47
1997,110,21.07,17,24.09,352.06,0,71.13,3.74
1997,111,20.16,17.07,25.36,352.06,1,80.23,2.82
1997,112,18.06,16.81,19.59,352.06,17.06,92.29,2.83
1997,113,19.19,15.33,23.64,352.06,0,80.92,2.44
1997,114,20.13,17.32,24.31,352.06,0,81.88,2.65
1997,115,18.92,15.95,22.83,352.06,5.1,86.61,2.42
1997,116,18.55,16.41,22.86,352.06,35,89.17,1.62
1997,117,19.06,15.7,23.06,352.06,0.1,80.9,2.39
1997,118,17.85,16.69,20.08,352.06,11.7,90.83,2.03
1997,119,18.04,15.51,21.49,352.06,0,85.63,2.1
1997,120,18.66,16.79,22.47,352.06,14.3,87.36,2.18
1997,121,18.02,16.16,20.28,352.06,22.6,89.17,2.66
1997,122,18.54,14.62,22.18,352.06,0.6,84.6,2.64
1997,123,18.27,16.54,21.52,352.06,0.1,89.09,3.64
1997,124,18.61,15.12,23.36,352.06,0,83.58,1.96
1997,125,18.67,14.48,23.52,352.06,0,82.14,2.29
1997,126,18.86,15.23,23.42,352.06,0,82.42,2.8
1997,127,18.79,15.61,23.07,352.06,0,83.04,2.71
1997,128,19.09,15.8,23.44,352.06,0,81.1,2.44
1997,129,18.17,16.24,21.58,352.06,0.1,86.29,3.69
1997,130,18.56,16.06,22.68,352.06,0,81.82,3.32
1997,131,18.15,15.1,22.15,352.06,0,82.4,3.2
1997,132,18.06,14.02,23.32,352.06,0,80.69,2.41
1997,133,19.24,15.48,24.25,352.06,0,80.52,2.45
1997,134,19.23,16.33,24.04,352.06,0,79.02,3.41
1997,135,18.59,14.77,23.4,352.06,0,80.56,2.58
1997,136,18.6,14.35,23.74,352.06,0,75.81,2.95
1997,137,19.07,15.98,23.06,352.06,0,78.16,2.98
1997,138,18.29,13.91,22.89,352.06,0,81.01,2.73
1997,139,18.37,14.63,23.8,352.06,0,79.61,2.45
1997,140,19.41,13.13,26.12,352.06,0,72.85,2.35
1997,141,19.27,13.3,24.7,352.06,0,73.65,2.67
1997,142,19.83,15.97,25.45,352.06,0,76.68,2.49
1997,143,19.78,16.04,24.78,352.06,0,77.59,3.21
1997,144,18.99,14.96,23.77,352.06,0,73.95,3.17
1997,145,19.11,14.58,23.87,352.06,0,72.29,3.33
1997,146,18,14.1,22.59,352.06,0,75.42,3.35
1997,147,16.64,12.72,21.05,352.06,0.3,82.01,3.15
1997,148,17.5,14.02,22.45,352.06,0.1,80.72,3.26
1997,149,16.53,14.07,19.75,352.06,2.6,89.1,3.74
1997,150,17.26,13.76,20.82,352.06,0,82.09,2.58
1997,151,18.19,15.48,23.03,165.37,0,78.43,2.52
1997,152,19.1,14.83,24.04,252.18,0,74.88,3.37
1997,153,19.11,15.58,23.99,273.08,2.6,76.13,3.6
1997,154,18,14.69,22.03,69.78,0,80.43,3.46
1997,155,17.66,13.89,22.83,199.47,0,79.68,3.11
1997,156,19.15,14.11,24.66,306.03,0,72.1,2.52
1997,157,18.83,15.25,23.88,200.96,0.2,76.26,3.01
1997,158,18.95,13.44,24.91,360.35,0,62.02,2.54
1997,159,19.36,12.31,26.04,365.95,0,64.25,2.55
1997,160,18.79,15.88,23.8,229.63,0,75.18,3.93
1997,161,18.3,13.62,24.32,251.44,0,74.56,2.85
1997,162,19.59,14.98,24.61,351.39,0,63.15,2.73
1997,163,19.64,14.92,24.48,241.6,0.2,63.95,2.52
1997,164,17.84,13.52,22.29,190.26,0,74.48,2.64
1997,165,18.81,14.98,25.01,245.06,0,78.03,2.24
1997,166,17.89,14.88,21.55,141.38,0,77.07,2.1
1997,167,18.54,14.65,23.95,188.56,0,74.76,2.65
1997,168,16.83,14.59,19.37,54.07,0,80.78,3.03
1997,169,17.38,13.35,22.42,172.24,0,74.23,2.81
1997,170,17.84,12.97,22.96,224.37,0,73.04,2.49
1997,171,18.42,14.65,22.7,138.18,0,77.27,2.83
1997,172,17.83,15.91,20.93,191.66,0,79.93,3.14
1997,173,17.11,14.77,20.05,117.71,0,78.53,2.92
1997,174,16.87,15.44,18.65,61.62,0,81.36,3.27
1997,175,17.72,14.23,22.8,198.47,0,69.59,2.7
1997,176,18.16,13.41,24.21,249.27,0,60.96,2.39
1997,177,16.67,13.5,21.31,115.2,0,76.59,2.67
1997,178,16.59,13.91,20.48,94.91,0,79.69,2.63
1997,179,17.33,12.34,22.77,236.09,0,73.82,2.46
1997,180,16.34,13.54,19.66,114.41,0,79.4,2.51
1997,181,17.5,14.71,21.1,109.4,0,75.77,3.1
1997,182,17.09,14.5,20.39,26.13,0,79.28,3.5
1997,183,16.91,14.71,19.95,85.05,0,75.76,3.45
1997,184,17.14,13.46,21.06,61.39,0,73.3,3.53
1997,185,16.5,13.97,19.82,167.11,0,73.98,3.97
1997,186,15.27,12.43,18.94,12.18,0,79.14,2.19
1997,187,18.06,15.84,19.51,95.63,0,66.31,4.78
1997,188,16.23,14.2,18.34,100.56,0,71.89,4.13
1997,189,16.26,12.37,20.81,159.02,0,72.12,3.26
1997,190,16.77,11.2,23.56,248.11,0,72.19,2.32
1997,191,18.69,10.53,26.26,315.31,0,65.96,2.48
1997,192,18.73,13.05,25.43,289.71,0,67.15,2.61
1997,193,16.82,13.68,20.29,189.55,0,74.61,3
1997,194,16.93,12.67,20.86,192.7,0,72.44,3.07
1997,195,18.08,13.39,23.37,212.77,0,65.2,3.12
1997,196,17.13,12.58,22.48,132.91,0,70.3,2.48
1997,197,16.52,12.53,20.62,203.16,0,72.56,2.49
1997,198,15.86,11.93,19.8,67.65,0,73.96,2.59
1997,199,16.31,12.25,21.51,91.4,0,71.79,3.25
1997,200,16.74,12.41,21.45,65.78,0,73.66,2.79
1997,201,18.82,12.14,25.91,312.23,0,61.97,2.95
1997,202,18.53,13.18,24.25,317.92,0,62.06,3.24
1997,203,17.85,14.49,22.47,64.01,0,70.11,3.15
1997,204,17.62,14.85,21.88,183.78,0,74.82,3.76
1997,205,17.38,13.13,21.38,87.99,0,73.91,2.7
1997,206,18.01,15.6,22.06,164.12,0,74.49,3.37
1997,207,16.77,14.22,22.16,164.8,0,75.2,3.05
1997,208,16.96,12.3,21.48,97.12,0,71.97,2.7
1997,209,16.78,14.6,20.27,100.08,0,75.65,3.99
1997,210,16.67,13.6,21.41,84.46,0,77.88,2.76
1997,211,17.75,12.74,24.26,309.83,0,75.95,2.78
1997,212,18.63,12.91,25.69,320.4,0,71.32,2.99
1997,213,17.26,14.02,21.61,108.1,0,75.7,3.71
1997,214,17.03,13.91,20.32,245.22,0.1,76.65,5.05
1997,215,15.78,15.4,16.35,340.3,0,84.12,3.86
1997,216,18.93,14.78,24.08,340.3,1.72,77.88,3.64
1997,217,18.93,14.78,24.08,340.3,1.72,75.95,3.64
1997,218,18.93,14.78,24.08,340.3,1.72,71.32,3.64
1997,219,18.93,14.78,24.08,340.3,1.72,75.7,3.64
1997,220,19.19,16.1,22.77,340.3,0,60.43,3.98
1997,221,16.3,14.35,19.47,99.72,1.5,82.14,3.25
1997,222,17.41,14.54,21.9,340.3,0,74.2,3.32
1997,223,17.26,13.47,21.84,340.3,0,70.81,2.72
1997,224,16.43,11.83,22.03,340.3,0,69.39,2.8
1997,225,17.57,11.74,23.44,340.3,0,67.25,3.53
1997,226,18.23,12.32,24.09,340.3,0,66.17,3.32
1997,227,19.11,13.96,24.68,340.3,0,69.91,3.56
1997,228,18.74,15.68,22.93,340.3,0,69.27,3.69
1997,229,18.19,14.99,22.6,340.3,0,70.44,3.82
1997,230,17.99,14.35,23.52,340.3,0,68.34,4.51
1997,231,18.84,13.73,25.12,340.3,0,60.16,3.04
1997,232,19.25,12.04,25.81,340.3,0,51.77,3.25
1997,233,19.13,12.72,24.83,340.3,0,55.64,3.8
1997,234,20.08,15.13,25.93,340.3,0,60.22,3.34
1997,235,18.24,12.75,24.9,278.29,0,66.35,3.65
1997,236,18.13,13.52,24.14,286.17,0,67.29,3.42
1997,237,18.43,12.48,24.75,339.26,0,67.22,3.85
1997,238,19.73,14.79,25.96,370.39,0,61.21,3.94
1997,239,19.43,14.24,26.09,348.37,0,62.14,3.64
1997,240,18.38,14.17,23.01,204.73,0,66.11,4.3
1997,241,18.08,13.66,22.52,203.21,0,65.33,4.51
1997,242,18.02,15.12,21.84,184.28,0,72.23,4.32
1997,243,18.07,15.24,22.71,132.61,0,72.33,3.66
1997,244,18.87,15.46,23.51,134.25,0,70.98,3.71
1997,245,18.68,15.53,23.49,177.46,0,71.85,3.22
1997,246,18.9,12.73,25.89,309.28,0,65.73,3.63
1997,247,18.78,14.35,24.48,183.69,0,65.77,3.56
1997,248,19.63,13.74,25.63,239.41,0,65.78,3.22
1997,249,20.42,13.62,26.98,276.93,0,59.99,2.42
1997,250,18.55,15.47,24.24,183.01,23.2,79.81,2.36
1997,251,17.83,15.35,20.88,216.31,1.5,84.97,3.37
1997,252,17.63,15.18,20.3,237.69,0,79.53,3.56
1997,253,18.7,13.12,24.8,304.84,0,69.46,3.47
1997,254,19.63,15.06,25.4,286.39,0,68.96,3.1
1997,255,20.1,15.27,26.39,311.18,0,70.71,2.69
1997,256,18.54,15.58,23.43,212.37,0,78.29,3.58
1997,257,19.3,15.09,24.61,303.08,0,61.66,4.59
1997,258,18.25,15.11,22.31,305.08,0,70.57,3.47
1997,259,19.19,13.58,25.41,335.8,0,67.65,3.06
1997,260,20.08,15.78,27.18,352.88,7.9,69.76,3.16
1997,261,19.27,15.2,24.9,296.61,0,71.05,3.53
1997,262,19.43,14.03,24.85,321.49,0,70.28,3.57
1997,263,20.13,15.04,27.25,425.01,0,68.7,2.81
1997,264,20.11,14.46,26.74,335.61,0,68.67,3.61
1997,265,20.33,15.96,25.85,292.61,0,63.45,4.06
1997,266,19.54,15.6,24.75,214.41,0,65.68,4.21
1997,267,18.87,16.08,24.31,306.57,0,72.24,4.2
1997,268,20.51,14.71,27.22,310.98,0,58.63,3.17
1997,269,20.23,13.96,27.28,291.16,0,64.9,2.78
1997,270,20.27,14.8,26.27,303.74,0,67.24,3.51
1997,271,18.89,16.03,22.69,79.8,0,71.98,3.83
1997,272,19.89,13.95,26.59,315.98,0,67.54,3.7
1997,273,19.74,15.23,26.4,221.85,0,71.17,4.05
1997,274,20.87,16.39,27.58,279.48,0,66.11,3.52
1997,275,20.79,14.59,27.58,290.74,0,61.65,3.22
1997,276,18.98,12.25,25.45,355.89,0,61.51,3.36
1997,277,17.97,16.28,21.07,340.3,0,79.37,4.62
1997,278,18.71,15.17,23.32,340.3,0.1,73.05,3.82
1997,279,20.09,15.8,26.43,340.3,0,67.62,4.09
1997,280,20.12,14.92,26.08,340.3,0,59.02,3.57
1997,281,20.74,13.07,27.9,340.3,0,56.38,3.34
1997,282,21.15,14.46,27.94,340.3,0,61.27,4.24
1997,283,20.8,16.31,27.4,340.3,0,66.42,5.2
1997,284,20.65,14.57,26.53,340.3,0,61.27,4.42
1997,285,21.22,14.61,27.95,29.44,0,58.16,4.01
1997,286,22.07,14.44,29.04,427.23,0,57.17,3.61
1997,287,22.09,16.24,28.14,428.3,0,64.39,5.2
1997,288,21.94,17.65,27.56,348.26,0,67.16,5.57
1997,289,20.65,16.41,25.56,391.86,0.5,73,4.75
1997,290,20.59,17,26.7,287.02,0.1,72.18,3.44
1997,291,21.14,17.4,25.88,391.89,0,71.74,4.22
1997,292,19.67,16.88,24.57,333,0.9,79.34,4.75
1997,293,19.63,14.75,24.34,333.2,0,70.86,3.97
1997,294,20.13,15.77,25.43,317.38,0,68.67,4.18
1997,295,21.29,16.21,26.31,335.48,0,56.17,3.38
1997,296,20.92,15.51,26.96,386.79,0,56.58,3.52
1997,297,21.26,15.27,26.84,361.83,0,62.73,3.41
1997,298,21.43,17.08,26.31,373.89,0,67.31,4.54
1997,299,19.75,16.89,24.27,302.02,1.9,76.47,4.64
1997,300,19.99,16.11,24.47,275.17,0,70.49,3.55
1997,301,20.44,15.29,26.18,299.92,0,67.55,3.87
1997,302,20.44,16.2,25.09,293.17,0,66.86,3.74
1997,303,19.84,16.07,25.11,320.12,0,72.71,4.13
1997,304,19.58,16.66,24.13,286.44,4.5,78.4,4.26
1997,305,20.19,15.98,25.04,301.58,0,72.37,3.77
1997,306,18.89,16.55,22.21,304.4,32.9,85.22,3.63
1997,307,18.28,16.62,22.5,326.5,8.3,88.67,3.3
1997,308,18.22,15.53,21.34,294.16,8.6,84.66,3.2
1997,309,18.8,16.42,23.16,313,7.2,85.41,3
1997,310,19.32,16.17,24.13,442.3,28.39,81.98,3.32
1997,311,19.12,15.6,23.81,471.37,35.8,82.53,2.9
1997,312,18.59,16.89,21.94,329.38,3.1,88.16,3.48
1997,313,19.14,15.53,23.06,388.75,0,78.03,3.7
1997,314,18.8,16.01,22.5,265.7,17.8,85.21,3.72
1997,315,18.04,15.14,21.42,278.59,11.1,87.17,4.04
1997,316,18.82,16.5,23.13,342.78,4.4,86.05,3.73
1997,317,18.97,16.48,22.72,418.36,3.9,87.41,4.58
1997,318,18.57,16.33,23.09,332.43,22.2,89.79,2.51
1997,319,18.42,16.63,22.5,327.11,5.7,89.16,3.26
1997,320,18.56,16.26,22.07,379.33,6.6,87.77,3.73
1997,321,18.58,16.27,22.19,301.92,2.5,87.67,3.39
1997,322,19.16,16.24,23.04,360.37,1.74,82.42,3.52
1997,323,19.33,16.45,23.33,426.02,1.4,82.05,3.47
1997,324,18.81,15.89,23.3,398.04,0.4,85.17,3.46
1997,325,18.89,16.91,22.18,319.64,14.2,87.74,3.58
1997,326,18.29,16.52,21.89,360.61,8.7,91.68,4.05
1997,327,18.41,16.01,21.81,332.88,3.6,87.89,4.08
1997,328,18.6,16.2,22.59,392.39,9,87.44,3.59
1997,329,18.63,16.17,22.4,319.92,6.8,87.22,2.76
1997,330,18.31,15.64,21.96,339,8.4,89.85,3.28
1997,331,19.47,15.78,24.04,471.51,2.6,77.23,3.81
1997,332,19.07,16.67,23.43,349.55,0,83.95,3.15
1997,333,19.54,16.52,23.98,498.21,0,75.99,3.76
1997,334,19.2,15.46,23.4,483.41,0,72.17,3.74
1997,335,19.08,14.87,23.94,461.96,0,71.36,3.2
1997,336,19.51,14.76,24.39,411.98,0,75.32,3.14
1997,337,19.26,16.65,23.41,401.68,0,82.54,3.88
1997,338,18.98,15.93,23.5,363.5,0,80.18,3.54
1997,339,19.21,15.7,24.03,404.09,0,75.45,2.89
1997,340,19.08,16.36,23.58,383.18,0,79.45,2.86
1997,341,19.16,13.78,24.68,473.77,0,76.59,2.78
1997,342,19.31,14.63,24.83,446.49,0,70.69,2.85
1997,343,18.69,14.4,23.86,398.57,0,78.08,2.72
1997,344,19.39,16.5,23.57,397.26,0.8,80.59,4.16
1997,345,19.18,15.52,23.85,396.18,0.1,80.1,3.6
1997,346,19.24,15,24.28,353.75,0,81.24,2.85
1997,347,19.64,15.87,24.75,349.7,0,82.55,2.64
1997,348,19.65,17.22,23.88,355.75,0.1,85.12,3.01
1997,349,18.97,16.04,22.86,373.16,4.7,87.32,4.19
1997,350,18.27,16.3,21.59,235.59,0,85.91,4.21
1997,351,18.93,15.66,23.38,376.45,0,79.05,3.99
1997,352,18.79,15.6,23.31,400.29,0.1,80.3,3.54
1997,353,19.29,16.03,23.73,350.94,0,76.19,2.57
1997,354,18.81,14.53,23.85,403.15,0,78.18,2.74
1997,355,19.55,15.62,24.47,407.99,0,74.8,3.57
1997,356,19.31,15.92,23.7,323.94,2.2,83.67,3.45
1997,357,18.94,16.36,23.24,309.77,6.7,86.91,3.82
1997,358,20.22,16.91,24.8,409.78,0.7,81.63,3.41
1997,359,20.3,17.16,25.01,417.6,0,83.61,3.95
1997,360,18.96,16.81,22.36,248.07,0.6,86.86,4.58
1997,361,18.91,14.84,23.14,434.42,0,73.13,3.85
1997,362,19.96,15.72,24.86,444.77,0,68.75,3.05
1997,363,20.22,15.6,25.2,410.62,0,77.61,2.63
1997,364,20.21,16.76,25.21,330.63,0,81.03,3.1
1997,365,20.6,17.19,25.44,386.32,0,78.05,2.63
1998,1,19.25,14.12,24.18,280.23,0,62.72,4.63
1998,2,17.98,13.75,23.01,211.09,0.1,72.71,4.88
1998,3,17.25,15.45,20.82,214.32,10.62,87.78,5.48
1998,4,16.94,15.21,19.18,103.83,4.8,89.25,4.65
1998,5,17.62,14.54,21.55,274.51,0.2,77.42,4.38
1998,6,19.42,13.57,24.66,376.05,0,56.91,3.87
1998,7,19.6,14.23,24.56,355.46,0,60.44,4.2
1998,8,19.01,13.81,24.6,361.29,0,73.27,4.48
1998,9,19.48,16.27,24.33,277.82,0,74.98,5.09
1998,10,19.17,15.9,23.54,312.8,0,73.78,4.69
1998,11,19.18,14.34,24.06,300.67,0,70.07,4.13
1998,12,19.84,14.59,25.32,365.58,0,64.35,4.95
1998,13,19.68,13.39,25.11,359.62,0,57.99,4.46
1998,14,19.45,13.8,24.51,341.86,0,57.68,3.85
1998,15,19.78,13.98,24.89,349.03,0,53.19,4.17
1998,16,19.6,14.32,24.98,347.23,0,58.45,4.01
1998,17,19.44,13.62,24.81,280.46,0,61.1,4.05
1998,18,21.2,14.54,27.44,350.85,0,39.06,3.88
1998,19,21.45,15.57,27.25,356.5,0,43.76,3.63
1998,20,20.97,15.4,26.66,353.82,0,53.2,4.18
1998,21,20.88,14.6,26.14,356.25,0,51.04,4.37
1998,22,20.5,16.16,24.79,235.94,0,54.3,4.54
1998,23,20.05,16.04,24.84,262.47,0,65.03,4.02
1998,24,20.01,14.81,25.45,300.24,0,64.15,4.56
1998,25,20.9,14.87,26.58,352.5,0,58.19,4.1
1998,26,18.93,14.78,24.08,340.3,1.72,63.2328,3.64
1998,27,18.93,14.78,24.08,340.3,1.72,63.253312,3.64
1998,28,18.93,14.78,24.08,340.3,1.72,62.87504448,3.64
1998,29,18.93,14.78,24.08,340.3,1.72,61.87884626,3.64
1998,30,18.93,14.78,24.08,340.3,1.72,60.78400011,3.64
1998,31,18.93,14.78,24.08,340.3,1.72,60.11856011,3.64
1998,32,18.93,14.78,24.08,340.3,1.72,60.24690252,3.64
1998,33,18.93,14.78,24.08,340.3,1.72,60.23917862,3.64
1998,34,18.93,14.78,24.08,340.3,1.72,59.71794576,3.64
1998,35,18.93,14.78,24.08,340.3,1.72,59.10746359,3.64
1998,36,18.93,14.78,24.08,340.3,1.72,58.52056214,3.64
1998,37,18.93,14.78,24.08,340.3,1.72,58.05858462,3.64
1998,38,18.93,14.78,24.08,340.3,1.72,57.80692801,3.64
1998,39,18.93,14.78,24.08,340.3,1.72,57.79960513,3.64
1998,40,18.93,14.78,24.08,340.3,1.72,57.80438933,3.64
1998,41,18.93,14.78,24.08,340.3,1.72,57.98896491,3.64
1998,42,18.93,14.78,24.08,340.3,1.72,57.9705235,3.64
1998,43,18.93,14.78,24.08,340.3,1.72,57.84534444,3.64
1998,44,18.93,14.78,24.08,340.3,1.72,58.59675822,3.64
1998,45,18.93,14.78,24.08,340.3,1.72,59.19022855,3.64
1998,46,18.93,14.78,24.08,340.3,1.72,59.42983769,3.64
1998,47,18.93,14.78,24.08,340.3,1.72,59.7654312,3.64
1998,48,18.93,14.78,24.08,340.3,1.72,59.98404845,3.64
1998,49,18.93,14.78,24.08,340.3,1.72,59.78221039,3.64
1998,50,18.93,14.78,24.08,340.3,1.72,59.6074988,3.64
1998,51,18.93,14.78,24.08,340.3,1.72,59.66419875,3.64
1998,52,18.93,14.78,24.08,340.3,1.72,59.5214547,3.64
1998,53,18.93,14.78,24.08,340.3,1.72,59.37218041,3.64
1998,54,18.93,14.78,24.08,340.3,1.72,59.23206585,3.64
1998,55,18.93,14.78,24.08,340.3,1.72,59.12619463,3.64
1998,56,18.93,14.78,24.08,340.3,1.72,59.05988241,3.64
1998,57,18.93,14.78,24.08,340.3,1.72,59.01753531,3.64
1998,58,18.93,14.78,24.08,340.3,1.72,58.96836062,3.64
1998,59,18.93,14.78,24.08,340.3,1.72,58.9175279,3.64
1998,60,18.93,14.78,24.08,352.06,1.72,58.88551118,3.47
1998,61,18.93,14.78,24.08,352.06,1.72,58.87663309,3.47
1998,62,18.93,14.78,24.08,352.06,1.72,58.89087592,3.47
1998,63,18.93,14.78,24.08,352.06,1.72,58.92416758,3.47
1998,64,18.93,14.78,24.08,352.06,1.72,58.96885716,3.47
1998,65,18.93,14.78,24.08,352.06,1.72,59.01562724,3.47
1998,66,18.93,14.78,24.08,352.06,1.72,59.06407676,3.47
1998,67,18.93,14.78,24.08,352.06,1.72,59.10708123,3.47
1998,68,18.93,14.78,24.08,352.06,1.72,59.15254354,3.47
1998,69,18.93,14.78,24.08,352.06,1.72,59.2048315,3.47
1998,70,18.93,14.78,24.08,352.06,1.72,59.22915443,3.47
1998,71,18.93,14.78,24.08,352.06,1.72,59.23071147,3.47
1998,72,18.93,14.78,24.08,352.06,1.72,59.22274642,3.47
1998,73,18.93,14.78,24.08,352.06,1.72,59.20103903,3.47
1998,74,18.93,14.78,24.08,352.06,1.72,59.16971865,3.47
1998,75,18.93,14.78,24.08,352.06,1.72,59.14521898,3.47
1998,76,18.93,14.78,24.08,352.06,1.72,59.12672779,3.47
1998,77,18.93,14.78,24.08,352.06,1.72,59.10522895,3.47
1998,78,18.93,14.78,24.08,352.06,1.72,59.08857992,3.47
1998,79,18.93,14.78,24.08,352.06,1.72,59.0772359,3.47
1998,80,18.93,14.78,24.08,352.06,1.72,59.07104271,3.47
1998,81,18.93,14.78,24.08,352.06,1.72,59.06883663,3.47
1998,82,18.93,14.78,24.08,352.06,1.72,59.0691948,3.47
1998,83,18.93,14.78,24.08,352.06,1.72,59.07126118,3.47
1998,84,18.93,14.78,24.08,352.06,1.72,59.0753772,3.47
1998,85,18.93,14.78,24.08,352.06,1.72,59.08169117,3.47
1998,86,18.93,14.78,24.08,352.06,1.72,59.08953837,3.47
1998,87,18.93,14.78,24.08,352.06,1.72,59.09805458,3.47
1998,88,18.93,14.78,24.08,352.06,1.72,59.10634173,3.47
1998,89,18.93,14.78,24.08,352.06,1.72,59.11362869,3.47
1998,90,18.93,14.78,24.08,352.06,1.72,59.11941956,3.47
1998,91,18.93,14.78,24.08,352.06,1.72,59.12357125,3.47
1998,92,18.93,14.78,24.08,352.06,1.72,59.12595103,3.47
1998,93,18.93,14.78,24.08,352.06,1.72,59.12670582,3.47
1998,94,18.93,14.78,24.08,352.06,1.72,59.12567231,3.47
1998,95,18.93,14.78,24.08,352.06,1.72,59.12250594,3.47
1998,96,18.93,14.78,24.08,352.06,1.72,59.11824,3.47
1998,97,18.93,14.78,24.08,352.06,1.72,59.11374114,3.47
1998,98,18.93,14.78,24.08,352.06,1.72,59.10938093,3.47
1998,99,18.93,14.78,24.08,352.06,1.72,59.10571461,3.47
1998,100,18.93,14.78,24.08,352.06,1.72,59.10315445,3.47
1998,101,18.93,14.78,24.08,352.06,1.72,59.10147187,3.47
1998,102,18.93,14.78,24.08,352.06,1.72,59.10046163,3.47
1998,103,18.93,14.78,24.08,352.06,1.72,59.10027094,3.47
1998,104,18.93,14.78,24.08,352.06,1.72,59.10073858,3.47
1998,105,18.93,14.78,24.08,352.06,1.72,59.10167868,3.47
1998,106,18.93,14.78,24.08,352.06,1.72,59.10290412,3.47
1998,107,18.93,14.78,24.08,352.06,1.72,59.10426682,3.47
1998,108,18.93,14.78,24.08,352.06,1.72,59.1056697,3.47
1998,109,22.3,22.3,22.3,352.06,0,64.7,3.47
1998,110,21.07,17,24.09,352.06,0,71.13,3.74
1998,111,20.16,17.07,25.36,352.06,1,80.23,2.82
1998,112,18.06,16.81,19.59,352.06,17.06,92.29,2.83
1998,113,19.19,15.33,23.64,352.06,0,80.92,2.44
1998,114,20.13,17.32,24.31,352.06,0,81.88,2.65
1998,115,18.92,15.95,22.83,352.06,5.1,86.61,2.42
1998,116,18.55,16.41,22.86,352.06,35,89.17,1.62
1998,117,19.06,15.7,23.06,352.06,0.1,80.9,2.39
1998,118,17.85,16.69,20.08,352.06,11.7,90.83,2.03
1998,119,18.04,15.51,21.49,352.06,0,85.63,2.1
1998,120,18.66,16.79,22.47,352.06,14.3,87.36,2.18
1998,121,18.02,16.16,20.28,352.06,22.6,89.17,2.66
1998,122,18.54,14.62,22.18,352.06,0.6,84.6,2.64
1998,123,18.27,16.54,21.52,352.06,0.1,89.09,3.64
1998,124,18.61,15.12,23.36,352.06,0,83.58,1.96
1998,125,18.67,14.48,23.52,352.06,0,82.14,2.29
1998,126,18.86,15.23,23.42,352.06,0,82.42,2.8
1998,127,18.79,15.61,23.07,352.06,0,83.04,2.71
1998,128,19.09,15.8,23.44,352.06,0,81.1,2.44
1998,129,18.17,16.24,21.58,352.06,0.1,86.29,3.69
1998,130,18.56,16.06,22.68,352.06,0,81.82,3.32
1998,131,18.15,15.1,22.15,352.06,0,82.4,3.2
1998,132,18.06,14.02,23.32,352.06,0,80.69,2.41
1998,133,19.24,15.48,24.25,352.06,0,80.52,2.45
1998,134,19.23,16.33,24.04,352.06,0,79.02,3.41
1998,135,18.59,14.77,23.4,352.06,0,80.56,2.58
1998,136,18.6,14.35,23.74,352.06,0,75.81,2.95
1998,137,19.07,15.98,23.06,352.06,0,78.16,2.98
1998,138,18.29,13.91,22.89,352.06,0,81.01,2.73
1998,139,18.37,14.63,23.8,352.06,0,79.61,2.45
1998,140,19.41,13.13,26.12,352.06,0,72.85,2.35
1998,141,19.27,13.3,24.7,352.06,0,73.65,2.67
1998,142,19.83,15.97,25.45,352.06,0,76.68,2.49
1998,143,19.78,16.04,24.78,352.06,0,77.59,3.21
1998,144,18.99,14.96,23.77,352.06,0,73.95,3.17
1998,145,19.11,14.58,23.87,352.06,0,72.29,3.33
1998,146,18,14.1,22.59,352.06,0,75.42,3.35
1998,147,16.64,12.72,21.05,352.06,0.3,82.01,3.15
1998,148,17.5,14.02,22.45,352.06,0.1,80.72,3.26
1998,149,16.53,14.07,19.75,352.06,2.6,89.1,3.74
1998,150,17.26,13.76,20.82,352.06,0,82.09,2.58
1998,151,18.19,15.48,23.03,165.37,0,78.43,2.52
1998,152,19.1,14.83,24.04,252.18,0,74.88,3.37
1998,153,19.11,15.58,23.99,273.08,2.6,76.13,3.6
1998,154,18,14.69,22.03,69.78,0,80.43,3.46
1998,155,17.66,13.89,22.83,199.47,0,79.68,3.11
1998,156,19.15,14.11,24.66,306.03,0,72.1,2.52
1998,157,18.83,15.25,23.88,200.96,0.2,76.26,3.01
1998,158,18.95,13.44,24.91,360.35,0,62.02,2.54
1998,159,19.36,12.31,26.04,365.95,0,64.25,2.55
1998,160,18.79,15.88,23.8,229.63,0,75.18,3.93
1998,161,18.3,13.62,24.32,251.44,0,74.56,2.85
1998,162,19.59,14.98,24.61,351.39,0,63.15,2.73
1998,163,19.64,14.92,24.48,241.6,0.2,63.95,2.52
1998,164,17.84,13.52,22.29,190.26,0,74.48,2.64
1998,165,18.81,14.98,25.01,245.06,0,78.03,2.24
1998,166,17.89,14.88,21.55,141.38,0,77.07,2.1
1998,167,18.54,14.65,23.95,188.56,0,74.76,2.65
1998,168,16.83,14.59,19.37,54.07,0,80.78,3.03
1998,169,17.38,13.35,22.42,172.24,0,74.23,2.81
1998,170,17.84,12.97,22.96,224.37,0,73.04,2.49
1998,171,18.42,14.65,22.7,138.18,0,77.27,2.83
1998,172,17.83,15.91,20.93,191.66,0,79.93,3.14
1998,173,17.11,14.77,20.05,117.71,0,78.53,2.92
1998,174,16.87,15.44,18.65,61.62,0,81.36,3.27
1998,175,17.72,14.23,22.8,198.47,0,69.59,2.7
1998,176,18.16,13.41,24.21,249.27,0,60.96,2.39
1998,177,16.67,13.5,21.31,115.2,0,76.59,2.67
1998,178,16.59,13.91,20.48,94.91,0,79.69,2.63
1998,179,17.33,12.34,22.77,236.09,0,73.82,2.46
1998,180,16.34,13.54,19.66,114.41,0,79.4,2.51
1998,181,17.5,14.71,21.1,109.4,0,75.77,3.1
1998,182,17.09,14.5,20.39,26.13,0,79.28,3.5
1998,183,16.91,14.71,19.95,85.05,0,75.76,3.45
1998,184,17.14,13.46,21.06,61.39,0,73.3,3.53
1998,185,16.5,13.97,19.82,167.11,0,73.98,3.97
1998,186,15.27,12.43,18.94,12.18,0,79.14,2.19
1998,187,18.06,15.84,19.51,95.63,0,66.31,4.78
1998,188,16.23,14.2,18.34,100.56,0,71.89,4.13
1998,189,16.26,12.37,20.81,159.02,0,72.12,3.26
1998,190,16.77,11.2,23.56,248.11,0,72.19,2.32
1998,191,18.69,10.53,26.26,315.31,0,65.96,2.48
1998,192,18.73,13.05,25.43,289.71,0,67.15,2.61
1998,193,16.82,13.68,20.29,189.55,0,74.61,3
1998,194,16.93,12.67,20.86,192.7,0,72.44,3.07
1998,195,18.08,13.39,23.37,212.77,0,65.2,3.12
1998,196,17.13,12.58,22.48,132.91,0,70.3,2.48
1998,197,16.52,12.53,20.62,203.16,0,72.56,2.49
1998,198,15.86,11.93,19.8,67.65,0,73.96,2.59
1998,199,16.31,12.25,21.51,91.4,0,71.79,3.25
1998,200,16.74,12.41,21.45,65.78,0,73.66,2.79
1998,201,18.82,12.14,25.91,312.23,0,61.97,2.95
1998,202,18.53,13.18,24.25,317.92,0,62.06,3.24
1998,203,17.85,14.49,22.47,64.01,0,70.11,3.15
1998,204,17.62,14.85,21.88,183.78,0,74.82,3.76
1998,205,17.38,13.13,21.38,87.99,0,73.91,2.7
1998,206,18.01,15.6,22.06,164.12,0,74.49,3.37
1998,207,16.77,14.22,22.16,164.8,0,75.2,3.05
1998,208,16.96,12.3,21.48,97.12,0,71.97,2.7
1998,209,16.78,14.6,20.27,100.08,0,75.65,3.99
1998,210,16.67,13.6,21.41,84.46,0,77.88,2.76
1998,211,17.75,12.74,24.26,309.83,0,75.95,2.78
1998,212,18.63,12.91,25.69,320.4,0,71.32,2.99
1998,213,17.26,14.02,21.61,108.1,0,75.7,3.71
1998,214,17.03,13.91,20.32,245.22,0.1,76.65,5.05
1998,215,15.78,15.4,16.35,340.3,0,84.12,3.86
1998,216,18.93,14.78,24.08,340.3,1.72,77.88,3.64
1998,217,18.93,14.78,24.08,340.3,1.72,75.95,3.64
1998,218,18.93,14.78,24.08,340.3,1.72,71.32,3.64
1998,219,18.93,14.78,24.08,340.3,1.72,75.7,3.64
1998,220,19.19,16.1,22.77,340.3,0,60.43,3.98
1998,221,16.3,14.35,19.47,99.72,1.5,82.14,3.25
1998,222,17.41,14.54,21.9,340.3,0,74.2,3.32
1998,223,17.26,13.47,21.84,340.3,0,70.81,2.72
1998,224,16.43,11.83,22.03,340.3,0,69.39,2.8
1998,225,17.57,11.74,23.44,340.3,0,67.25,3.53
1998,226,18.23,12.32,24.09,340.3,0,66.17,3.32
1998,227,19.11,13.96,24.68,340.3,0,69.91,3.56
1998,228,18.74,15.68,22.93,340.3,0,69.27,3.69
1998,229,18.19,14.99,22.6,340.3,0,70.44,3.82
1998,230,17.99,14.35,23.52,340.3,0,68.34,4.51
1998,231,18.84,13.73,25.12,340.3,0,60.16,3.04
1998,232,19.25,12.04,25.81,340.3,0,51.77,3.25
1998,233,19.13,12.72,24.83,340.3,0,55.64,3.8
1998,234,20.08,15.13,25.93,340.3,0,60.22,3.34
1998,235,18.24,12.75,24.9,278.29,0,66.35,3.65
1998,236,18.13,13.52,24.14,286.17,0,67.29,3.42
1998,237,18.43,12.48,24.75,339.26,0,67.22,3.85
1998,238,19.73,14.79,25.96,370.39,0,61.21,3.94
1998,239,19.43,14.24,26.09,348.37,0,62.14,3.64
1998,240,18.38,14.17,23.01,204.73,0,66.11,4.3
1998,241,18.08,13.66,22.52,203.21,0,65.33,4.51
1998,242,18.02,15.12,21.84,184.28,0,72.23,4.32
1998,243,18.07,15.24,22.71,132.61,0,72.33,3.66
1998,244,18.87,15.46,23.51,134.25,0,70.98,3.71
1998,245,18.68,15.53,23.49,177.46,0,71.85,3.22
1998,246,18.9,12.73,25.89,309.28,0,65.73,3.63
1998,247,18.78,14.35,24.48,183.69,0,65.77,3.56
1998,248,19.63,13.74,25.63,239.41,0,65.78,3.22
1998,249,20.42,13.62,26.98,276.93,0,59.99,2.42
1998,250,18.55,15.47,24.24,183.01,23.2,79.81,2.36
1998,251,17.83,15.35,20.88,216.31,1.5,84.97,3.37
1998,252,17.63,15.18,20.3,237.69,0,79.53,3.56
1998,253,18.7,13.12,24.8,304.84,0,69.46,3.47
1998,254,19.63,15.06,25.4,286.39,0,68.96,3.1
1998,255,20.1,15.27,26.39,311.18,0,70.71,2.69
1998,256,18.54,15.58,23.43,212.37,0,78.29,3.58
1998,257,19.3,15.09,24.61,303.08,0,61.66,4.59
1998,258,18.25,15.11,22.31,305.08,0,70.57,3.47
1998,259,19.19,13.58,25.41,335.8,0,67.65,3.06
1998,260,20.08,15.78,27.18,352.88,7.9,69.76,3.16
1998,261,19.27,15.2,24.9,296.61,0,71.05,3.53
1998,262,19.43,14.03,24.85,321.49,0,70.28,3.57
1998,263,20.13,15.04,27.25,425.01,0,68.7,2.81
1998,264,20.11,14.46,26.74,335.61,0,68.67,3.61
1998,265,20.33,15.96,25.85,292.61,0,63.45,4.06
1998,266,19.54,15.6,24.75,214.41,0,65.68,4.21
1998,267,18.87,16.08,24.31,306.57,0,72.24,4.2
1998,268,20.51,14.71,27.22,310.98,0,58.63,3.17
1998,269,20.23,13.96,27.28,291.16,0,64.9,2.78
1998,270,20.27,14.8,26.27,303.74,0,67.24,3.51
1998,271,18.89,16.03,22.69,79.8,0,71.98,3.83
1998,272,19.89,13.95,26.59,315.98,0,67.54,3.7
1998,273,19.74,15.23,26.4,221.85,0,71.17,4.05
1998,274,20.87,16.39,27.58,279.48,0,66.11,3.52
1998,275,20.79,14.59,27.58,290.74,0,61.65,3.22
1998,276,18.98,12.25,25.45,355.89,0,61.51,3.36
1998,277,17.97,16.28,21.07,340.3,0,79.37,4.62
1998,278,18.71,15.17,23.32,340.3,0.1,73.05,3.82
1998,279,20.09,15.8,26.43,340.3,0,67.62,4.09
1998,280,20.12,14.92,26.08,340.3,0,59.02,3.57
1998,281,20.74,13.07,27.9,340.3,0,56.38,3.34
1998,282,21.15,14.46,27.94,340.3,0,61.27,4.24
1998,283,20.8,16.31,27.4,340.3,0,66.42,5.2
1998,284,20.65,14.57,26.53,340.3,0,61.27,4.42
1998,285,21.22,14.61,27.95,29.44,0,58.16,4.01
1998,286,22.07,14.44,29.04,427.23,0,57.17,3.61
1998,287,22.09,16.24,28.14,428.3,0,64.39,5.2
1998,288,21.94,17.65,27.56,348.26,0,67.16,5.57
1998,289,20.65,16.41,25.56,391.86,0.5,73,4.75
1998,290,20.59,17,26.7,287.02,0.1,72.18,3.44
1998,291,21.14,17.4,25.88,391.89,0,71.74,4.22
1998,292,19.67,16.88,24.57,333,0.9,79.34,4.75
1998,293,19.63,14.75,24.34,333.2,0,70.86,3.97
1998,294,20.13,15.77,25.43,317.38,0,68.67,4.18
1998,295,21.29,16.21,26.31,335.48,0,56.17,3.38
1998,296,20.92,15.51,26.96,386.79,0,56.58,3.52
1998,297,21.26,15.27,26.84,361.83,0,62.73,3.41
1998,298,21.43,17.08,26.31,373.89,0,67.31,4.54
1998,299,19.75,16.89,24.27,302.02,1.9,76.47,4.64
1998,300,19.99,16.11,24.47,275.17,0,70.49,3.55
1998,301,20.44,15.29,26.18,299.92,0,67.55,3.87
1998,302,20.44,16.2,25.09,293.17,0,66.86,3.74
1998,303,19.84,16.07,25.11,320.12,0,72.71,4.13
1998,304,19.58,16.66,24.13,286.44,4.5,78.4,4.26
1998,305,20.19,15.98,25.04,301.58,0,72.37,3.77
1998,306,18.89,16.55,22.21,304.4,32.9,85.22,3.63
1998,307,18.28,16.62,22.5,326.5,8.3,88.67,3.3
1998,308,18.22,15.53,21.34,294.16,8.6,84.66,3.2
1998,309,18.8,16.42,23.16,313,7.2,85.41,3
1998,310,19.32,16.17,24.13,442.3,28.39,81.98,3.32
1998,311,19.12,15.6,23.81,471.37,35.8,82.53,2.9
1998,312,18.59,16.89,21.94,329.38,3.1,88.16,3.48
1998,313,19.14,15.53,23.06,388.75,0,78.03,3.7
1998,314,18.8,16.01,22.5,265.7,17.8,85.21,3.72
1998,315,18.04,15.14,21.42,278.59,11.1,87.17,4.04
1998,316,18.82,16.5,23.13,342.78,4.4,86.05,3.73
1998,317,18.97,16.48,22.72,418.36,3.9,87.41,4.58
1998,318,18.57,16.33,23.09,332.43,22.2,89.79,2.51
1998,319,18.42,16.63,22.5,327.11,5.7,89.16,3.26
1998,320,18.56,16.26,22.07,379.33,6.6,87.77,3.73
1998,321,18.58,16.27,22.19,301.92,2.5,87.67,3.39
1998,322,19.16,16.24,23.04,360.37,1.74,82.42,3.52
1998,323,19.33,16.45,23.33,426.02,1.4,82.05,3.47
1998,324,18.81,15.89,23.3,398.04,0.4,85.17,3.46
1998,325,18.89,16.91,22.18,319.64,14.2,87.74,3.58
1998,326,18.29,16.52,21.89,360.61,8.7,91.68,4.05
1998,327,18.41,16.01,21.81,332.88,3.6,87.89,4.08
1998,328,18.6,16.2,22.59,392.39,9,87.44,3.59
1998,329,18.63,16.17,22.4,319.92,6.8,87.22,2.76
1998,330,18.31,15.64,21.96,339,8.4,89.85,3.28
1998,331,19.47,15.78,24.04,471.51,2.6,77.23,3.81
1998,332,19.07,16.67,23.43,349.55,0,83.95,3.15
1998,333,19.54,16.52,23.98,498.21,0,75.99,3.76
1998,334,19.2,15.46,23.4,483.41,0,72.17,3.74
1998,335,19.08,14.87,23.94,461.96,0,71.36,3.2
1998,336,19.51,14.76,24.39,411.98,0,75.32,3.14
1998,337,19.26,16.65,23.41,401.68,0,82.54,3.88
1998,338,18.98,15.93,23.5,363.5,0,80.18,3.54
1998,339,19.21,15.7,24.03,404.09,0,75.45,2.89
1998,340,19.08,16.36,23.58,383.18,0,79.45,2.86
1998,341,19.16,13.78,24.68,473.77,0,76.59,2.78
1998,342,19.31,14.63,24.83,446.49,0,70.69,2.85
1998,343,18.69,14.4,23.86,398.57,0,78.08,2.72
1998,344,19.39,16.5,23.57,397.26,0.8,80.59,4.16
1998,345,19.18,15.52,23.85,396.18,0.1,80.1,3.6
1998,346,19.24,15,24.28,353.75,0,81.24,2.85
1998,347,19.64,15.87,24.75,349.7,0,82.55,2.64
1998,348,19.65,17.22,23.88,355.75,0.1,85.12,3.01
1998,349,18.97,16.04,22.86,373.16,4.7,87.32,4.19
1998,350,18.27,16.3,21.59,235.59,0,85.91,4.21
1998,351,18.93,15.66,23.38,376.45,0,79.05,3.99
1998,352,18.79,15.6,23.31,400.29,0.1,80.3,3.54
1998,353,19.29,16.03,23.73,350.94,0,76.19,2.57
1998,354,18.81,14.53,23.85,403.15,0,78.18,2.74
1998,355,19.55,15.62,24.47,407.99,0,74.8,3.57
1998,356,19.31,15.92,23.7,323.94,2.2,83.67,3.45
1998,357,18.94,16.36,23.24,309.77,6.7,86.91,3.82
1998,358,20.22,16.91,24.8,409.78,0.7,81.63,3.41
1998,359,20.3,17.16,25.01,417.6,0,83.61,3.95
1998,360,18.96,16.81,22.36,248.07,0.6,86.86,4.58
1998,361,18.91,14.84,23.14,434.42,0,73.13,3.85
1998,362,19.96,15.72,24.86,444.77,0,68.75,3.05
1998,363,20.22,15.6,25.2,410.62,0,77.61,2.63
1998,364,20.21,16.76,25.21,330.63,0,81.03,3.1
1998,365,20.6,17.19,25.44,386.32,0,78.05,2.63
1999,1,19.25,14.12,24.18,280.23,0,62.72,4.63
1999,2,17.98,13.75,23.01,211.09,0.1,72.71,4.88
1999,3,17.25,15.45,20.82,214.32,10.62,87.78,5.48
1999,4,16.94,15.21,19.18,103.83,4.8,89.25,4.65
1999,5,17.62,14.54,21.55,274.51,0.2,77.42,4.38
1999,6,19.42,13.57,24.66,376.05,0,56.91,3.87
1999,7,19.6,14.23,24.56,355.46,0,60.44,4.2
1999,8,19.01,13.81,24.6,361.29,0,73.27,4.48
1999,9,19.48,16.27,24.33,277.82,0,74.98,5.09
1999,10,19.17,15.9,23.54,312.8,0,73.78,4.69
1999,11,19.18,14.34,24.06,300.67,0,70.07,4.13
1999,12,19.84,14.59,25.32,365.58,0,64.35,4.95
1999,13,19.68,13.39,25.11,359.62,0,57.99,4.46
1999,14,19.45,13.8,24.51,341.86,0,57.68,3.85
1999,15,19.78,13.98,24.89,349.03,0,53.19,4.17
1999,16,19.6,14.32,24.98,347.23,0,58.45,4.01
1999,17,19.44,13.62,24.81,280.46,0,61.1,4.05
1999,18,21.2,14.54,27.44,350.85,0,39.06,3.88
1999,19,21.45,15.57,27.25,356.5,0,43.76,3.63
1999,20,20.97,15.4,26.66,353.82,0,53.2,4.18
1999,21,20.88,14.6,26.14,356.25,0,51.04,4.37
1999,22,20.5,16.16,24.79,235.94,0,54.3,4.54
1999,23,20.05,16.04,24.84,262.47,0,65.03,4.02
1999,24,20.01,14.81,25.45,300.24,0,64.15,4.56
1999,25,20.9,14.87,26.58,352.5,0,58.19,4.1
1999,26,18.93,14.78,24.08,340.3,1.72,63.2328,3.64
1999,27,18.93,14.78,24.08,340.3,1.72,63.253312,3.64
1999,28,18.93,14.78,24.08,340.3,1.72,62.87504448,3.64
1999,29,18.93,14.78,24.08,340.3,1.72,61.87884626,3.64
1999,30,18.93,14.78,24.08,340.3,1.72,60.78400011,3.64
1999,31,18.93,14.78,24.08,340.3,1.72,60.11856011,3.64
1999,32,18.93,14.78,24.08,340.3,1.72,60.24690252,3.64
1999,33,18.93,14.78,24.08,340.3,1.72,60.23917862,3.64
1999,34,18.93,14.78,24.08,340.3,1.72,59.71794576,3.64
1999,35,18.93,14.78,24.08,340.3,1.72,59.10746359,3.64
1999,36,18.93,14.78,24.08,340.3,1.72,58.52056214,3.64
1999,37,18.93,14.78,24.08,340.3,1.72,58.05858462,3.64
1999,38,18.93,14.78,24.08,340.3,1.72,57.80692801,3.64
1999,39,18.93,14.78,24.08,340.3,1.72,57.79960513,3.64
1999,40,18.93,14.78,24.08,340.3,1.72,57.80438933,3.64
1999,41,18.93,14.78,24.08,340.3,1.72,57.98896491,3.64
1999,42,18.93,14.78,24.08,340.3,1.72,57.9705235,3.64
1999,43,18.93,14.78,24.08,340.3,1.72,57.84534444,3.64
1999,44,18.93,14.78,24.08,340.3,1.72,58.59675822,3.64
1999,45,18.93,14.78,24.08,340.3,1.72,59.19022855,3.64
1999,46,18.93,14.78,24.08,340.3,1.72,59.42983769,3.64
1999,47,18.93,14.78,24.08,340.3,1.72,59.7654312,3.64
1999,48,18.93,14.78,24.08,340.3,1.72,59.98404845,3.64
1999,49,18.93,14.78,24.08,340.3,1.72,59.78221039,3.64
1999,50,18.93,14.78,24.08,340.3,1.72,59.6074988,3.64
1999,51,18.93,14.78,24.08,340.3,1.72,59.66419875,3.64
1999,52,18.93,14.78,24.08,340.3,1.72,59.5214547,3.64
1999,53,18.93,14.78,24.08,340.3,1.72,59.37218041,3.64
1999,54,18.93,14.78,24.08,340.3,1.72,59.23206585,3.64
1999,55,18.93,14.78,24.08,340.3,1.72,59.12619463,3.64
1999,56,18.93,14.78,24.08,340.3,1.72,59.05988241,3.64
1999,57,18.93,14.78,24.08,340.3,1.72,59.01753531,3.64
1999,58,18.93,14.78,24.08,340.3,1.72,58.96836062,3.64
1999,59,18.93,14.78,24.08,340.3,1.72,58.9175279,3.64
1999,60,18.93,14.78,24.08,352.06,1.72,58.88551118,3.47
1999,61,18.93,14.78,24.08,352.06,1.72,58.87663309,3.47
1999,62,18.93,14.78,24.08,352.06,1.72,58.89087592,3.47
1999,63,18.93,14.78,24.08,352.06,1.72,58.92416758,3.47
1999,64,18.93,14.78,24.08,352.06,1.72,58.96885716,3.47
1999,65,18.93,14.78,24.08,352.06,1.72,59.01562724,3.47
1999,66,18.93,14.78,24.08,352.06,1.72,59.06407676,3.47
1999,67,18.93,14.78,24.08,352.06,1.72,59.10708123,3.47
1999,68,18.93,14.78,24.08,352.06,1.72,59.15254354,3.47
1999,69,18.93,14.78,24.08,352.06,1.72,59.2048315,3.47
1999,70,18.93,14.78,24.08,352.06,1.72,59.22915443,3.47
1999,71,18.93,14.78,24.08,352.06,1.72,59.23071147,3.47
1999,72,18.93,14.78,24.08,352.06,1.72,59.22274642,3.47
1999,73,18.93,14.78,24.08,352.06,1.72,59.20103903,3.47
1999,74,18.93,14.78,24.08,352.06,1.72,59.16971865,3.47
1999,75,18.93,14.78,24.08,352.06,1.72,59.14521898,3.47
1999,76,18.93,14.78,24.08,352.06,1.72,59.12672779,3.47
1999,77,18.93,14.78,24.08,352.06,1.72,59.10522895,3.47
1999,78,18.93,14.78,24.08,352.06,1.72,59.08857992,3.47
1999,79,18.93,14.78,24.08,352.06,1.72,59.0772359,3.47
1999,80,18.93,14.78,24.08,352.06,1.72,59.07104271,3.47
1999,81,18.93,14.78,24.08,352.06,1.72,59.06883663,3.47
1999,82,18.93,14.78,24.08,352.06,1.72,59.0691948,3.47
1999,83,18.93,14.78,24.08,352.06,1.72,59.07126118,3.47
1999,84,18.93,14.78,24.08,352.06,1.72,59.0753772,3.47
1999,85,18.93,14.78,24.08,352.06,1.72,59.08169117,3.47
1999,86,18.93,14.78,24.08,352.06,1.72,59.08953837,3.47
1999,87,18.93,14.78,24.08,352.06,1.72,59.09805458,3.47
1999,88,18.93,14.78,24.08,352.06,1.72,59.10634173,3.47
1999,89,18.93,14.78,24.08,352.06,1.72,59.11362869,3.47
1999,90,18.93,14.78,24.08,352.06,1.72,59.11941956,3.47
1999,91,18.93,14.78,24.08,352.06,1.72,59.12357125,3.47
1999,92,18.93,14.78,24.08,352.06,1.72,59.12595103,3.47
1999,93,18.93,14.78,24.08,352.06,1.72,59.12670582,3.47
1999,94,18.93,14.78,24.08,352.06,1.72,59.12567231,3.47
1999,95,18.93,14.78,24.08,352.06,1.72,59.12250594,3.47
1999,96,18.93,14.78,24.08,352.06,1.72,59.11824,3.47
1999,97,18.93,14.78,24.08,352.06,1.72,59.11374114,3.47
1999,98,18.93,14.78,24.08,352.06,1.72,59.10938093,3.47
1999,99,18.93,14.78,24.08,352.06,1.72,59.10571461,3.47
1999,100,18.93,14.78,24.08,352.06,1.72,59.10315445,3.47
1999,101,18.93,14.78,24.08,352.06,1.72,59.10147187,3.47
1999,102,18.93,14.78,24.08,352.06,1.72,59.10046163,3.47
1999,103,18.93,14.78,24.08,352.06,1.72,59.10027094,3.47
1999,104,18.93,14.78,24.08,352.06,1.72,59.10073858,3.47
1999,105,18.93,14.78,24.08,352.06,1.72,59.10167868,3.47
1999,106,18.93,14.78,24.08,352.06,1.72,59.10290412,3.47
1999,107,18.93,14.78,24.08,352.06,1.72,59.10426682,3.47
1999,108,18.93,14.78,24.08,352.06,1.72,59.1056697,3.47
1999,109,22.3,22.3,22.3,352.06,0,64.7,3.47
1999,110,21.07,17,24.09,352.06,0,71.13,3.74
1999,111,20.16,17.07,25.36,352.06,1,80.23,2.82
1999,112,18.06,16.81,19.59,352.06,17.06,92.29,2.83
1999,113,19.19,15.33,23.64,352.06,0,80.92,2.44
1999,114,20.13,17.32,24.31,352.06,0,81.88,2.65
1999,115,18.92,15.95,22.83,352.06,5.1,86.61,2.42
1999,116,18.55,16.41,22.86,352.06,35,89.17,1.62
1999,117,19.06,15.7,23.06,352.06,0.1,80.9,2.39
1999,118,17.85,16.69,20.08,352.06,11.7,90.83,2.03
1999,119,18.04,15.51,21.49,352.06,0,85.63,2.1
1999,120,18.66,16.79,22.47,352.06,14.3,87.36,2.18
1999,121,18.02,16.16,20.28,352.06,22.6,89.17,2.66
1999,122,18.54,14.62,22.18,352.06,0.6,84.6,2.64
1999,123,18.27,16.54,21.52,352.06,0.1,89.09,3.64
1999,124,18.61,15.12,23.36,352.06,0,83.58,1.96
1999,125,18.67,14.48,23.52,352.06,0,82.14,2.29
1999,126,18.86,15.23,23.42,352.06,0,82.42,2.8
1999,127,18.79,15.61,23.07,352.06,0,83.04,2.71
1999,128,19.09,15.8,23.44,352.06,0,81.1,2.44
1999,129,18.17,16.24,21.58,352.06,0.1,86.29,3.69
1999,130,18.56,16.06,22.68,352.06,0,81.82,3.32
1999,131,18.15,15.1,22.15,352.06,0,82.4,3.2
1999,132,18.06,14.02,23.32,352.06,0,80.69,2.41
1999,133,19.24,15.48,24.25,352.06,0,80.52,2.45
1999,134,19.23,16.33,24.04,352.06,0,79.02,3.41
1999,135,18.59,14.77,23.4,352.06,0,80.56,2.58
1999,136,18.6,14.35,23.74,352.06,0,75.81,2.95
1999,137,19.07,15.98,23.06,352.06,0,78.16,2.98
1999,138,18.29,13.91,22.89,352.06,0,81.01,2.73
1999,139,18.37,14.63,23.8,352.06,0,79.61,2.45
1999,140,19.41,13.13,26.12,352.06,0,72.85,2.35
1999,141,19.27,13.3,24.7,352.06,0,73.65,2.67
1999,142,19.83,15.97,25.45,352.06,0,76.68,2.49
1999,143,19.78,16.04,24.78,352.06,0,77.59,3.21
1999,144,18.99,14.96,23.77,352.06,0,73.95,3.17
1999,145,19.11,14.58,23.87,352.06,0,72.29,3.33
1999,146,18,14.1,22.59,352.06,0,75.42,3.35
1999,147,16.64,12.72,21.05,352.06,0.3,82.01,3.15
1999,148,17.5,14.02,22.45,352.06,0.1,80.72,3.26
1999,149,16.53,14.07,19.75,352.06,2.6,89.1,3.74
1999,150,17.26,13.76,20.82,352.06,0,82.09,2.58
1999,151,18.19,15.48,23.03,165.37,0,78.43,2.52
1999,152,19.1,14.83,24.04,252.18,0,74.88,3.37
1999,153,19.11,15.58,23.99,273.08,2.6,76.13,3.6
1999,154,18,14.69,22.03,69.78,0,80.43,3.46
1999,155,17.66,13.89,22.83,199.47,0,79.68,3.11
1999,156,19.15,14.11,24.66,306.03,0,72.1,2.52
1999,157,18.83,15.25,23.88,200.96,0.2,76.26,3.01
1999,158,18.95,13.44,24.91,360.35,0,62.02,2.54
1999,159,19.36,12.31,26.04,365.95,0,64.25,2.55
1999,160,18.79,15.88,23.8,229.63,0,75.18,3.93
1999,161,18.3,13.62,24.32,251.44,0,74.56,2.85
1999,162,19.59,14.98,24.61,351.39,0,63.15,2.73
1999,163,19.64,14.92,24.48,241.6,0.2,63.95,2.52
1999,164,17.84,13.52,22.29,190.26,0,74.48,2.64
1999,165,18.81,14.98,25.01,245.06,0,78.03,2.24
1999,166,17.89,14.88,21.55,141.38,0,77.07,2.1
1999,167,18.54,14.65,23.95,188.56,0,74.76,2.65
1999,168,16.83,14.59,19.37,54.07,0,80.78,3.03
1999,169,17.38,13.35,22.42,172.24,0,74.23,2.81
1999,170,17.84,12.97,22.96,224.37,0,73.04,2.49
1999,171,18.42,14.65,22.7,138.18,0,77.27,2.83
1999,172,17.83,15.91,20.93,191.66,0,79.93,3.14
1999,173,17.11,14.77,20.05,117.71,0,78.53,2.92
1999,174,16.87,15.44,18.65,61.62,0,81.36,3.27
1999,175,17.72,14.23,22.8,198.47,0,69.59,2.7
1999,176,18.16,13.41,24.21,249.27,0,60.96,2.39
1999,177,16.67,13.5,21.31,115.2,0,76.59,2.67
1999,178,16.59,13.91,20.48,94.91,0,79.69,2.63
1999,179,17.33,12.34,22.77,236.09,0,73.82,2.46
1999,180,16.34,13.54,19.66,114.41,0,79.4,2.51
1999,181,17.5,14.71,21.1,109.4,0,75.77,3.1
1999,182,17.09,14.5,20.39,26.13,0,79.28,3.5
1999,183,16.91,14.71,19.95,85.05,0,75.76,3.45
1999,184,17.14,13.46,21.06,61.39,0,73.3,3.53
1999,185,16.5,13.97,19.82,167.11,0,73.98,3.97
1999,186,15.27,12.43,18.94,12.18,0,79.14,2.19
1999,187,18.06,15.84,19.51,95.63,0,66.31,4.78
1999,188,16.23,14.2,18.34,100.56,0,71.89,4.13
1999,189,16.26,12.37,20.81,159.02,0,72.12,3.26
1999,190,16.77,11.2,23.56,248.11,0,72.19,2.32
1999,191,18.69,10.53,26.26,315.31,0,65.96,2.48
1999,192,18.73,13.05,25.43,289.71,0,67.15,2.61
1999,193,16.82,13.68,20.29,189.55,0,74.61,3
1999,194,16.93,12.67,20.86,192.7,0,72.44,3.07
1999,195,18.08,13.39,23.37,212.77,0,65.2,3.12
1999,196,17.13,12.58,22.48,132.91,0,70.3,2.48
1999,197,16.52,12.53,20.62,203.16,0,72.56,2.49
1999,198,15.86,11.93,19.8,67.65,0,73.96,2.59
1999,199,16.31,12.25,21.51,91.4,0,71.79,3.25
1999,200,16.74,12.41,21.45,65.78,0,73.66,2.79
1999,201,18.82,12.14,25.91,312.23,0,61.97,2.95
1999,202,18.53,13.18,24.25,317.92,0,62.06,3.24
1999,203,17.85,14.49,22.47,64.01,0,70.11,3.15
1999,204,17.62,14.85,21.88,183.78,0,74.82,3.76
1999,205,17.38,13.13,21.38,87.99,0,73.91,2.7
1999,206,18.01,15.6,22.06,164.12,0,74.49,3.37
1999,207,16.77,14.22,22.16,164.8,0,75.2,3.05
1999,208,16.96,12.3,21.48,97.12,0,71.97,2.7
1999,209,16.78,14.6,20.27,100.08,0,75.65,3.99
1999,210,16.67,13.6,21.41,84.46,0,77.88,2.76
1999,211,17.75,12.74,24.26,309.83,0,75.95,2.78
1999,212,18.63,12.91,25.69,320.4,0,71.32,2.99
1999,213,17.26,14.02,21.61,108.1,0,75.7,3.71
1999,214,17.03,13.91,20.32,245.22,0.1,76.65,5.05
1999,215,15.78,15.4,16.35,340.3,0,84.12,3.86
1999,216,18.93,14.78,24.08,340.3,1.72,77.88,3.64
1999,217,18.93,14.78,24.08,340.3,1.72,75.95,3.64
1999,218,18.93,14.78,24.08,340.3,1.72,71.32,3.64
1999,219,18.93,14.78,24.08,340.3,1.72,75.7,3.64
1999,220,19.19,16.1,22.77,340.3,0,60.43,3.98
1999,221,16.3,14.35,19.47,99.72,1.5,82.14,3.25
1999,222,17.41,14.54,21.9,340.3,0,74.2,3.32
1999,223,17.26,13.47,21.84,340.3,0,70.81,2.72
1999,224,16.43,11.83,22.03,340.3,0,69.39,2.8
1999,225,17.57,11.74,23.44,340.3,0,67.25,3.53
1999,226,18.23,12.32,24.09,340.3,0,66.17,3.32
1999,227,19.11,13.96,24.68,340.3,0,69.91,3.56
1999,228,18.74,15.68,22.93,340.3,0,69.27,3.69
1999,229,18.19,14.99,22.6,340.3,0,70.44,3.82
1999,230,17.99,14.35,23.52,340.3,0,68.34,4.51
1999,231,18.84,13.73,25.12,340.3,0,60.16,3.04
1999,232,19.25,12.04,25.81,340.3,0,51.77,3.25
1999,233,19.13,12.72,24.83,340.3,0,55.64,3.8
1999,234,20.08,15.13,25.93,340.3,0,60.22,3.34
1999,235,18.24,12.75,24.9,278.29,0,66.35,3.65
1999,236,18.13,13.52,24.14,286.17,0,67.29,3.42
1999,237,18.43,12.48,24.75,339.26,0,67.22,3.85
1999,238,19.73,14.79,25.96,370.39,0,61.21,3.94
1999,239,19.43,14.24,26.09,348.37,0,62.14,3.64
1999,240,18.38,14.17,23.01,204.73,0,66.11,4.3
1999,241,18.08,13.66,22.52,203.21,0,65.33,4.51
1999,242,18.02,15.12,21.84,184.28,0,72.23,4.32
1999,243,18.07,15.24,22.71,132.61,0,72.33,3.66
1999,244,18.87,15.46,23.51,134.25,0,70.98,3.71
1999,245,18.68,15.53,23.49,177.46,0,71.85,3.22
1999,246,18.9,12.73,25.89,309.28,0,65.73,3.63
1999,247,18.78,14.35,24.48,183.69,0,65.77,3.56
1999,248,19.63,13.74,25.63,239.41,0,65.78,3.22
1999,249,20.42,13.62,26.98,276.93,0,59.99,2.42
1999,250,18.55,15.47,24.24,183.01,23.2,79.81,2.36
1999,251,17.83,15.35,20.88,216.31,1.5,84.97,3.37
1999,252,17.63,15.18,20.3,237.69,0,79.53,3.56
1999,253,18.7,13.12,24.8,304.84,0,69.46,3.47
1999,254,19.63,15.06,25.4,286.39,0,68.96,3.1
1999,255,20.1,15.27,26.39,311.18,0,70.71,2.69
1999,256,18.54,15.58,23.43,212.37,0,78.29,3.58
1999,257,19.3,15.09,24.61,303.08,0,61.66,4.59
1999,258,18.25,15.11,22.31,305.08,0,70.57,3.47
1999,259,19.19,13.58,25.41,335.8,0,67.65,3.06
1999,260,20.08,15.78,27.18,352.88,7.9,69.76,3.16
1999,261,19.27,15.2,24.9,296.61,0,71.05,3.53
1999,262,19.43,14.03,24.85,321.49,0,70.28,3.57
1999,263,20.13,15.04,27.25,425.01,0,68.7,2.81
1999,264,20.11,14.46,26.74,335.61,0,68.67,3.61
1999,265,20.33,15.96,25.85,292.61,0,63.45,4.06
1999,266,19.54,15.6,24.75,214.41,0,65.68,4.21
1999,267,18.87,16.08,24.31,306.57,0,72.24,4.2
1999,268,20.51,14.71,27.22,310.98,0,58.63,3.17
1999,269,20.23,13.96,27.28,291.16,0,64.9,2.78
1999,270,20.27,14.8,26.27,303.74,0,67.24,3.51
1999,271,18.89,16.03,22.69,79.8,0,71.98,3.83
1999,272,19.89,13.95,26.59,315.98,0,67.54,3.7
1999,273,19.74,15.23,26.4,221.85,0,71.17,4.05
1999,274,20.87,16.39,27.58,279.48,0,66.11,3.52
1999,275,20.79,14.59,27.58,290.74,0,61.65,3.22
1999,276,18.98,12.25,25.45,355.89,0,61.51,3.36
1999,277,17.97,16.28,21.07,340.3,0,79.37,4.62
1999,278,18.71,15.17,23.32,340.3,0.1,73.05,3.82
1999,279,20.09,15.8,26.43,340.3,0,67.62,4.09
1999,280,20.12,14.92,26.08,340.3,0,59.02,3.57
1999,281,20.74,13.07,27.9,340.3,0,56.38,3.34
1999,282,21.15,14.46,27.94,340.3,0,61.27,4.24
1999,283,20.8,16.31,27.4,340.3,0,66.42,5.2
1999,284,20.65,14.57,26.53,340.3,0,61.27,4.42
1999,285,21.22,14.61,27.95,29.44,0,58.16,4.01
1999,286,22.07,14.44,29.04,427.23,0,57.17,3.61
1999,287,22.09,16.24,28.14,428.3,0,64.39,5.2
1999,288,21.94,17.65,27.56,348.26,0,67.16,5.57
1999,289,20.65,16.41,25.56,391.86,0.5,73,4.75
1999,290,20.59,17,26.7,287.02,0.1,72.18,3.44
1999,291,21.14,17.4,25.88,391.89,0,71.74,4.22
1999,292,19.67,16.88,24.57,333,0.9,79.34,4.75
1999,293,19.63,14.75,24.34,333.2,0,70.86,3.97
1999,294,20.13,15.77,25.43,317.38,0,68.67,4.18
1999,295,21.29,16.21,26.31,335.48,0,56.17,3.38
1999,296,20.92,15.51,26.96,386.79,0,56.58,3.52
1999,297,21.26,15.27,26.84,361.83,0,62.73,3.41
1999,298,21.43,17.08,26.31,373.89,0,67.31,4.54
1999,299,19.75,16.89,24.27,302.02,1.9,76.47,4.64
1999,300,19.99,16.11,24.47,275.17,0,70.49,3.55
1999,301,20.44,15.29,26.18,299.92,0,67.55,3.87
1999,302,20.44,16.2,25.09,293.17,0,66.86,3.74
1999,303,19.84,16.07,25.11,320.12,0,72.71,4.13
1999,304,19.58,16.66,24.13,286.44,4.5,78.4,4.26
1999,305,20.19,15.98,25.04,301.58,0,72.37,3.77
1999,306,18.89,16.55,22.21,304.4,32.9,85.22,3.63
1999,307,18.28,16.62,22.5,326.5,8.3,88.67,3.3
1999,308,18.22,15.53,21.34,294.16,8.6,84.66,3.2
1999,309,18.8,16.42,23.16,313,7.2,85.41,3
1999,310,19.32,16.17,24.13,442.3,28.39,81.98,3.32
1999,311,19.12,15.6,23.81,471.37,35.8,82.53,2.9
1999,312,18.59,16.89,21.94,329.38,3.1,88.16,3.48
1999,313,19.14,15.53,23.06,388.75,0,78.03,3.7
1999,314,18.8,16.01,22.5,265.7,17.8,85.21,3.72
1999,315,18.04,15.14,21.42,278.59,11.1,87.17,4.04
1999,316,18.82,16.5,23.13,342.78,4.4,86.05,3.73
1999,317,18.97,16.48,22.72,418.36,3.9,87.41,4.58
1999,318,18.57,16.33,23.09,332.43,22.2,89.79,2.51
1999,319,18.42,16.63,22.5,327.11,5.7,89.16,3.26
1999,320,18.56,16.26,22.07,379.33,6.6,87.77,3.73
1999,321,18.58,16.27,22.19,301.92,2.5,87.67,3.39
1999,322,19.16,16.24,23.04,360.37,1.74,82.42,3.52
1999,323,19.33,16.45,23.33,426.02,1.4,82.05,3.47
1999,324,18.81,15.89,23.3,398.04,0.4,85.17,3.46
1999,325,18.89,16.91,22.18,319.64,14.2,87.74,3.58
1999,326,18.29,16.52,21.89,360.61,8.7,91.68,4.05
1999,327,18.41,16.01,21.81,332.88,3.6,87.89,4.08
1999,328,18.6,16.2,22.59,392.39,9,87.44,3.59
1999,329,18.63,16.17,22.4,319.92,6.8,87.22,2.76
1999,330,18.31,15.64,21.96,339,8.4,89.85,3.28
1999,331,19.47,15.78,24.04,471.51,2.6,77.23,3.81
1999,332,19.07,16.67,23.43,349.55,0,83.95,3.15
1999,333,19.54,16.52,23.98,498.21,0,75.99,3.76
1999,334,19.2,15.46,23.4,483.41,0,72.17,3.74
1999,335,19.08,14.87,23.94,461.96,0,71.36,3.2
1999,336,19.51,14.76,24.39,411.98,0,75.32,3.14
1999,337,19.26,16.65,23.41,401.68,0,82.54,3.88
1999,338,18.98,15.93,23.5,363.5,0,80.18,3.54
1999,339,19.21,15.7,24.03,404.09,0,75.45,2.89
1999,340,19.08,16.36,23.58,383.18,0,79.45,2.86
1999,341,19.16,13.78,24.68,473.77,0,76.59,2.78
1999,342,19.31,14.63,24.83,446.49,0,70.69,2.85
1999,343,18.69,14.4,23.86,398.57,0,78.08,2.72
1999,344,19.39,16.5,23.57,397.26,0.8,80.59,4.16
1999,345,19.18,15.52,23.85,396.18,0.1,80.1,3.6
1999,346,19.24,15,24.28,353.75,0,81.24,2.85
1999,347,19.64,15.87,24.75,349.7,0,82.55,2.64
1999,348,19.65,17.22,23.88,355.75,0.1,85.12,3.01
1999,349,18.97,16.04,22.86,373.16,4.7,87.32,4.19
1999,350,18.27,16.3,21.59,235.59,0,85.91,4.21
1999,351,18.93,15.66,23.38,376.45,0,79.05,3.99
1999,352,18.79,15.6,23.31,400.29,0.1,80.3,3.54
1999,353,19.29,16.03,23.73,350.94,0,76.19,2.57
1999,354,18.81,14.53,23.85,403.15,0,78.18,2.74
1999,355,19.55,15.62,24.47,407.99,0,74.8,3.57
1999,356,19.31,15.92,23.7,323.94,2.2,83.67,3.45
1999,357,18.94,16.36,23.24,309.77,6.7,86.91,3.82
1999,358,20.22,16.91,24.8,409.78,0.7,81.63,3.41
1999,359,20.3,17.16,25.01,417.6,0,83.61,3.95
1999,360,18.96,16.81,22.36,248.07,0.6,86.86,4.58
1999,361,18.91,14.84,23.14,434.42,0,73.13,3.85
1999,362,19.96,15.72,24.86,444.77,0,68.75,3.05
1999,363,20.22,15.6,25.2,410.62,0,77.61,2.63
1999,364,20.21,16.76,25.21,330.63,0,81.03,3.1
1999,365,20.6,17.19,25.44,386.32,0,78.05,2.63
2000,1,19.25,14.12,24.18,280.23,0,62.72,4.63
2000,2,17.98,13.75,23.01,211.09,0.1,72.71,4.88
2000,3,17.25,15.45,20.82,214.32,10.62,87.78,5.48
2000,4,16.94,15.21,19.18,103.83,4.8,89.25,4.65
2000,5,17.62,14.54,21.55,274.51,0.2,77.42,4.38
2000,6,19.42,13.57,24.66,376.05,0,56.91,3.87
2000,7,19.6,14.23,24.56,355.46,0,60.44,4.2
2000,8,19.01,13.81,24.6,361.29,0,73.27,4.48
2000,9,19.48,16.27,24.33,277.82,0,74.98,5.09
2000,10,19.17,15.9,23.54,312.8,0,73.78,4.69
2000,11,19.18,14.34,24.06,300.67,0,70.07,4.13
2000,12,19.84,14.59,25.32,365.58,0,64.35,4.95
2000,13,19.68,13.39,25.11,359.62,0,57.99,4.46
2000,14,19.45,13.8,24.51,341.86,0,57.68,3.85
2000,15,19.78,13.98,24.89,349.03,0,53.19,4.17
2000,16,19.6,14.32,24.98,347.23,0,58.45,4.01
2000,17,19.44,13.62,24.81,280.46,0,61.1,4.05
2000,18,21.2,14.54,27.44,350.85,0,39.06,3.88
2000,19,21.45,15.57,27.25,356.5,0,43.76,3.63
2000,20,20.97,15.4,26.66,353.82,0,53.2,4.18
2000,21,20.88,14.6,26.14,356.25,0,51.04,4.37
2000,22,20.5,16.16,24.79,235.94,0,54.3,4.54
2000,23,20.05,16.04,24.84,262.47,0,65.03,4.02
2000,24,20.01,14.81,25.45,300.24,0,64.15,4.56
2000,25,20.9,14.87,26.58,352.5,0,58.19,4.1
2000,26,18.93,14.78,24.08,340.3,1.72,63.2328,3.64
2000,27,18.93,14.78,24.08,340.3,1.72,63.253312,3.64
2000,28,18.93,14.78,24.08,340.3,1.72,62.87504448,3.64
2000,29,18.93,14.78,24.08,340.3,1.72,61.87884626,3.64
2000,30,18.93,14.78,24.08,340.3,1.72,60.78400011,3.64
2000,31,18.93,14.78,24.08,340.3,1.72,60.11856011,3.64
2000,32,18.93,14.78,24.08,340.3,1.72,60.24690252,3.64
2000,33,18.93,14.78,24.08,340.3,1.72,60.23917862,3.64
2000,34,18.93,14.78,24.08,340.3,1.72,59.71794576,3.64
2000,35,18.93,14.78,24.08,340.3,1.72,59.10746359,3.64
2000,36,18.93,14.78,24.08,340.3,1.72,58.52056214,3.64
2000,37,18.93,14.78,24.08,340.3,1.72,58.05858462,3.64
2000,38,18.93,14.78,24.08,340.3,1.72,57.80692801,3.64
2000,39,18.93,14.78,24.08,340.3,1.72,57.79960513,3.64
2000,40,18.93,14.78,24.08,340.3,1.72,57.80438933,3.64
2000,41,18.93,14.78,24.08,340.3,1.72,57.98896491,3.64
2000,42,18.93,14.78,24.08,340.3,1.72,57.9705235,3.64
2000,43,18.93,14.78,24.08,340.3,1.72,57.84534444,3.64
2000,44,18.93,14.78,24.08,340.3,1.72,58.59675822,3.64
2000,45,18.93,14.78,24.08,340.3,1.72,59.19022855,3.64
2000,46,18.93,14.78,24.08,340.3,1.72,59.42983769,3.64
2000,47,18.93,14.78,24.08,340.3,1.72,59.7654312,3.64
2000,48,18.93,14.78,24.08,340.3,1.72,59.98404845,3.64
2000,49,18.93,14.78,24.08,340.3,1.72,59.78221039,3.64
2000,50,18.93,14.78,24.08,340.3,1.72,59.6074988,3.64
2000,51,18.93,14.78,24.08,340.3,1.72,59.66419875,3.64
2000,52,18.93,14.78,24.08,340.3,1.72,59.5214547,3.64
2000,53,18.93,14.78,24.08,340.3,1.72,59.37218041,3.64
2000,54,18.93,14.78,24.08,340.3,1.72,59.23206585,3.64
2000,55,18.93,14.78,24.08,340.3,1.72,59.12619463,3.64
2000,56,18.93,14.78,24.08,340.3,1.72,59.05988241,3.64
2000,57,18.93,14.78,24.08,340.3,1.72,59.01753531,3.64
2000,58,18.93,14.78,24.08,340.3,1.72,58.96836062,3.64
2000,59,18.93,14.78,24.08,340.3,1.72,58.9175279,3.64
2000,60,18.93,14.78,24.08,352.06,1.72,58.88551118,3.47
2000,61,18.93,14.78,24.08,352.06,1.72,58.87663309,3.47
2000,62,18.93,14.78,24.08,352.06,1.72,58.89087592,3.47
2000,63,18.93,14.78,24.08,352.06,1.72,58.92416758,3.47
2000,64,18.93,14.78,24.08,352.06,1.72,58.96885716,3.47
2000,65,18.93,14.78,24.08,352.06,1.72,59.01562724,3.47
2000,66,18.93,14.78,24.08,352.06,1.72,59.06407676,3.47
2000,67,18.93,14.78,24.08,352.06,1.72,59.10708123,3.47
2000,68,18.93,14.78,24.08,352.06,1.72,59.15254354,3.47
2000,69,18.93,14.78,24.08,352.06,1.72,59.2048315,3.47
2000,70,18.93,14.78,24.08,352.06,1.72,59.22915443,3.47
2000,71,18.93,14.78,24.08,352.06,1.72,59.23071147,3.47
2000,72,18.93,14.78,24.08,352.06,1.72,59.22274642,3.47
2000,73,18.93,14.78,24.08,352.06,1.72,59.20103903,3.47
2000,74,18.93,14.78,24.08,352.06,1.72,59.16971865,3.47
2000,75,18.93,14.78,24.08,352.06,1.72,59.14521898,3.47
2000,76,18.93,14.78,24.08,352.06,1.72,59.12672779,3.47
2000,77,18.93,14.78,24.08,352.06,1.72,59.10522895,3.47
2000,78,18.93,14.78,24.08,352.06,1.72,59.08857992,3.47
2000,79,18.93,14.78,24.08,352.06,1.72,59.0772359,3.47
2000,80,18.93,14.78,24.08,352.06,1.72,59.07104271,3.47
2000,81,18.93,14.78,24.08,352.06,1.72,59.06883663,3.47
2000,82,18.93,14.78,24.08,352.06,1.72,59.0691948,3.47
2000,83,18.93,14.78,24.08,352.06,1.72,59.07126118,3.47
2000,84,18.93,14.78,24.08,352.06,1.72,59.0753772,3.47
2000,85,18.93,14.78,24.08,352.06,1.72,59.08169117,3.47
2000,86,18.93,14.78,24.08,352.06,1.72,59.08953837,3.47
2000,87,18.93,14.78,24.08,352.06,1.72,59.09805458,3.47
2000,88,18.93,14.78,24.08,352.06,1.72,59.10634173,3.47
2000,89,18.93,14.78,24.08,352.06,1.72,59.11362869,3.47
2000,90,18.93,14.78,24.08,352.06,1.72,59.11941956,3.47
2000,91,18.93,14.78,24.08,352.06,1.72,59.12357125,3.47
2000,92,18.93,14.78,24.08,352.06,1.72,59.12595103,3.47
2000,93,18.93,14.78,24.08,352.06,1.72,59.12670582,3.47
2000,94,18.93,14.78,24.08,352.06,1.72,59.12567231,3.47
2000,95,18.93,14.78,24.08,352.06,1.72,59.12250594,3.47
2000,96,18.93,14.78,24.08,352.06,1.72,59.11824,3.47
2000,97,18.93,14.78,24.08,352.06,1.72,59.11374114,3.47
2000,98,18.93,14.78,24.08,352.06,1.72,59.10938093,3.47
2000,99,18.93,14.78,24.08,352.06,1.72,59.10571461,3.47
2000,100,18.93,14.78,24.08,352.06,1.72,59.10315445,3.47
2000,101,18.93,14.78,24.08,352.06,1.72,59.10147187,3.47
2000,102,18.93,14.78,24.08,352.06,1.72,59.10046163,3.47
2000,103,18.93,14.78,24.08,352.06,1.72,59.10027094,3.47
2000,104,18.93,14.78,24.08,352.06,1.72,59.10073858,3.47
2000,105,18.93,14.78,24.08,352.06,1.72,59.10167868,3.47
2000,106,18.93,14.78,24.08,352.06,1.72,59.10290412,3.47
2000,107,18.93,14.78,24.08,352.06,1.72,59.10426682,3.47
2000,108,18.93,14.78,24.08,352.06,1.72,59.1056697,3.47
2000,109,22.3,22.3,22.3,352.06,0,64.7,3.47
2000,110,21.07,17,24.09,352.06,0,71.13,3.74
2000,111,20.16,17.07,25.36,352.06,1,80.23,2.82
2000,112,18.06,16.81,19.59,352.06,17.06,92.29,2.83
2000,113,19.19,15.33,23.64,352.06,0,80.92,2.44
2000,114,20.13,17.32,24.31,352.06,0,81.88,2.65
2000,115,18.92,15.95,22.83,352.06,5.1,86.61,2.42
2000,116,18.55,16.41,22.86,352.06,35,89.17,1.62
2000,117,19.06,15.7,23.06,352.06,0.1,80.9,2.39
2000,118,17.85,16.69,20.08,352.06,11.7,90.83,2.03
2000,119,18.04,15.51,21.49,352.06,0,85.63,2.1
2000,120,18.66,16.79,22.47,352.06,14.3,87.36,2.18
2000,121,18.02,16.16,20.28,352.06,22.6,89.17,2.66
2000,122,18.54,14.62,22.18,352.06,0.6,84.6,2.64
2000,123,18.27,16.54,21.52,352.06,0.1,89.09,3.64
2000,124,18.61,15.12,23.36,352.06,0,83.58,1.96
2000,125,18.67,14.48,23.52,352.06,0,82.14,2.29
2000,126,18.86,15.23,23.42,352.06,0,82.42,2.8
2000,127,18.79,15.61,23.07,352.06,0,83.04,2.71
2000,128,19.09,15.8,23.44,352.06,0,81.1,2.44
2000,129,18.17,16.24,21.58,352.06,0.1,86.29,3.69
2000,130,18.56,16.06,22.68,352.06,0,81.82,3.32
2000,131,18.15,15.1,22.15,352.06,0,82.4,3.2
2000,132,18.06,14.02,23.32,352.06,0,80.69,2.41
2000,133,19.24,15.48,24.25,352.06,0,80.52,2.45
2000,134,19.23,16.33,24.04,352.06,0,79.02,3.41
2000,135,18.59,14.77,23.4,352.06,0,80.56,2.58
2000,136,18.6,14.35,23.74,352.06,0,75.81,2.95
2000,137,19.07,15.98,23.06,352.06,0,78.16,2.98
2000,138,18.29,13.91,22.89,352.06,0,81.01,2.73
2000,139,18.37,14.63,23.8,352.06,0,79.61,2.45
2000,140,19.41,13.13,26.12,352.06,0,72.85,2.35
2000,141,19.27,13.3,24.7,352.06,0,73.65,2.67
2000,142,19.83,15.97,25.45,352.06,0,76.68,2.49
2000,143,19.78,16.04,24.78,352.06,0,77.59,3.21
2000,144,18.99,14.96,23.77,352.06,0,73.95,3.17
2000,145,19.11,14.58,23.87,352.06,0,72.29,3.33
2000,146,18,14.1,22.59,352.06,0,75.42,3.35
2000,147,16.64,12.72,21.05,352.06,0.3,82.01,3.15
2000,148,17.5,14.02,22.45,352.06,0.1,80.72,3.26
2000,149,16.53,14.07,19.75,352.06,2.6,89.1,3.74
2000,150,17.26,13.76,20.82,352.06,0,82.09,2.58
2000,151,18.19,15.48,23.03,165.37,0,78.43,2.52
2000,152,19.1,14.83,24.04,252.18,0,74.88,3.37
2000,153,19.11,15.58,23.99,273.08,2.6,76.13,3.6
2000,154,18,14.69,22.03,69.78,0,80.43,3.46
2000,155,17.66,13.89,22.83,199.47,0,79.68,3.11
2000,156,19.15,14.11,24.66,306.03,0,72.1,2.52
2000,157,18.83,15.25,23.88,200.96,0.2,76.26,3.01
2000,158,18.95,13.44,24.91,360.35,0,62.02,2.54
2000,159,19.36,12.31,26.04,365.95,0,64.25,2.55
2000,160,18.79,15.88,23.8,229.63,0,75.18,3.93
2000,161,18.3,13.62,24.32,251.44,0,74.56,2.85
2000,162,19.59,14.98,24.61,351.39,0,63.15,2.73
2000,163,19.64,14.92,24.48,241.6,0.2,63.95,2.52
2000,164,17.84,13.52,22.29,190.26,0,74.48,2.64
2000,165,18.81,14.98,25.01,245.06,0,78.03,2.24
2000,166,17.89,14.88,21.55,141.38,0,77.07,2.1
2000,167,18.54,14.65,23.95,188.56,0,74.76,2.65
2000,168,16.83,14.59,19.37,54.07,0,80.78,3.03
2000,169,17.38,13.35,22.42,172.24,0,74.23,2.81
2000,170,17.84,12.97,22.96,224.37,0,73.04,2.49
2000,171,18.42,14.65,22.7,138.18,0,77.27,2.83
2000,172,17.83,15.91,20.93,191.66,0,79.93,3.14
2000,173,17.11,14.77,20.05,117.71,0,78.53,2.92
2000,174,16.87,15.44,18.65,61.62,0,81.36,3.27
2000,175,17.72,14.23,22.8,198.47,0,69.59,2.7
2000,176,18.16,13.41,24.21,249.27,0,60.96,2.39
2000,177,16.67,13.5,21.31,115.2,0,76.59,2.67
2000,178,16.59,13.91,20.48,94.91,0,79.69,2.63
2000,179,17.33,12.34,22.77,236.09,0,73.82,2.46
2000,180,16.34,13.54,19.66,114.41,0,79.4,2.51
2000,181,17.5,14.71,21.1,109.4,0,75.77,3.1
2000,182,17.09,14.5,20.39,26.13,0,79.28,3.5
2000,183,16.91,14.71,19.95,85.05,0,75.76,3.45
2000,184,17.14,13.46,21.06,61.39,0,73.3,3.53
2000,185,16.5,13.97,19.82,167.11,0,73.98,3.97
2000,186,15.27,12.43,18.94,12.18,0,79.14,2.19
2000,187,18.06,15.84,19.51,95.63,0,66.31,4.78
2000,188,16.23,14.2,18.34,100.56,0,71.89,4.13
2000,189,16.26,12.37,20.81,159.02,0,72.12,3.26
2000,190,16.77,11.2,23.56,248.11,0,72.19,2.32
2000,191,18.69,10.53,26.26,315.31,0,65.96,2.48
2000,192,18.73,13.05,25.43,289.71,0,67.15,2.61
2000,193,16.82,13.68,20.29,189.55,0,74.61,3
2000,194,16.93,12.67,20.86,192.7,0,72.44,3.07
2000,195,18.08,13.39,23.37,212.77,0,65.2,3.12
2000,196,17.13,12.58,22.48,132.91,0,70.3,2.48
2000,197,16.52,12.53,20.62,203.16,0,72.56,2.49
2000,198,15.86,11.93,19.8,67.65,0,73.96,2.59
2000,199,16.31,12.25,21.51,91.4,0,71.79,3.25
2000,200,16.74,12.41,21.45,65.78,0,73.66,2.79
2000,201,18.82,12.14,25.91,312.23,0,61.97,2.95
2000,202,18.53,13.18,24.25,317.92,0,62.06,3.24
2000,203,17.85,14.49,22.47,64.01,0,70.11,3.15
2000,204,17.62,14.85,21.88,183.78,0,74.82,3.76
2000,205,17.38,13.13,21.38,87.99,0,73.91,2.7
2000,206,18.01,15.6,22.06,164.12,0,74.49,3.37
2000,207,16.77,14.22,22.16,164.8,0,75.2,3.05
2000,208,16.96,12.3,21.48,97.12,0,71.97,2.7
2000,209,16.78,14.6,20.27,100.08,0,75.65,3.99
2000,210,16.67,13.6,21.41,84.46,0,77.88,2.76
2000,211,17.75,12.74,24.26,309.83,0,75.95,2.78
2000,212,18.63,12.91,25.69,320.4,0,71.32,2.99
2000,213,17.26,14.02,21.61,108.1,0,75.7,3.71
2000,214,17.03,13.91,20.32,245.22,0.1,76.65,5.05
2000,215,15.78,15.4,16.35,340.3,0,84.12,3.86
2000,216,18.93,14.78,24.08,340.3,1.72,77.88,3.64
2000,217,18.93,14.78,24.08,340.3,1.72,75.95,3.64
2000,218,18.93,14.78,24.08,340.3,1.72,71.32,3.64
2000,219,18.93,14.78,24.08,340.3,1.72,75.7,3.64
2000,220,19.19,16.1,22.77,340.3,0,60.43,3.98
2000,221,16.3,14.35,19.47,99.72,1.5,82.14,3.25
2000,222,17.41,14.54,21.9,340.3,0,74.2,3.32
2000,223,17.26,13.47,21.84,340.3,0,70.81,2.72
2000,224,16.43,11.83,22.03,340.3,0,69.39,2.8
2000,225,17.57,11.74,23.44,340.3,0,67.25,3.53
2000,226,18.23,12.32,24.09,340.3,0,66.17,3.32
2000,227,19.11,13.96,24.68,340.3,0,69.91,3.56
2000,228,18.74,15.68,22.93,340.3,0,69.27,3.69
2000,229,18.19,14.99,22.6,340.3,0,70.44,3.82
2000,230,17.99,14.35,23.52,340.3,0,68.34,4.51
2000,231,18.84,13.73,25.12,340.3,0,60.16,3.04
2000,232,19.25,12.04,25.81,340.3,0,51.77,3.25
2000,233,19.13,12.72,24.83,340.3,0,55.64,3.8
2000,234,20.08,15.13,25.93,340.3,0,60.22,3.34
2000,235,18.24,12.75,24.9,278.29,0,66.35,3.65
2000,236,18.13,13.52,24.14,286.17,0,67.29,3.42
2000,237,18.43,12.48,24.75,339.26,0,67.22,3.85
2000,238,19.73,14.79,25.96,370.39,0,61.21,3.94
2000,239,19.43,14.24,26.09,348.37,0,62.14,3.64
2000,240,18.38,14.17,23.01,204.73,0,66.11,4.3
2000,241,18.08,13.66,22.52,203.21,0,65.33,4.51
2000,242,18.02,15.12,21.84,184.28,0,72.23,4.32
2000,243,18.07,15.24,22.71,132.61,0,72.33,3.66
2000,244,18.87,15.46,23.51,134.25,0,70.98,3.71
2000,245,18.68,15.53,23.49,177.46,0,71.85,3.22
2000,246,18.9,12.73,25.89,309.28,0,65.73,3.63
2000,247,18.78,14.35,24.48,183.69,0,65.77,3.56
2000,248,19.63,13.74,25.63,239.41,0,65.78,3.22
2000,249,20.42,13.62,26.98,276.93,0,59.99,2.42
2000,250,18.55,15.47,24.24,183.01,23.2,79.81,2.36
2000,251,17.83,15.35,20.88,216.31,1.5,84.97,3.37
2000,252,17.63,15.18,20.3,237.69,0,79.53,3.56
2000,253,18.7,13.12,24.8,304.84,0,69.46,3.47
2000,254,19.63,15.06,25.4,286.39,0,68.96,3.1
2000,255,20.1,15.27,26.39,311.18,0,70.71,2.69
2000,256,18.54,15.58,23.43,212.37,0,78.29,3.58
2000,257,19.3,15.09,24.61,303.08,0,61.66,4.59
2000,258,18.25,15.11,22.31,305.08,0,70.57,3.47
2000,259,19.19,13.58,25.41,335.8,0,67.65,3.06
2000,260,20.08,15.78,27.18,352.88,7.9,69.76,3.16
2000,261,19.27,15.2,24.9,296.61,0,71.05,3.53
2000,262,19.43,14.03,24.85,321.49,0,70.28,3.57
2000,263,20.13,15.04,27.25,425.01,0,68.7,2.81
2000,264,20.11,14.46,26.74,335.61,0,68.67,3.61
2000,265,20.33,15.96,25.85,292.61,0,63.45,4.06
2000,266,19.54,15.6,24.75,214.41,0,65.68,4.21
2000,267,18.87,16.08,24.31,306.57,0,72.24,4.2
2000,268,20.51,14.71,27.22,310.98,0,58.63,3.17
2000,269,20.23,13.96,27.28,291.16,0,64.9,2.78
2000,270,20.27,14.8,26.27,303.74,0,67.24,3.51
2000,271,18.89,16.03,22.69,79.8,0,71.98,3.83
2000,272,19.89,13.95,26.59,315.98,0,67.54,3.7
2000,273,19.74,15.23,26.4,221.85,0,71.17,4.05
2000,274,20.87,16.39,27.58,279.48,0,66.11,3.52
2000,275,20.79,14.59,27.58,290.74,0,61.65,3.22
2000,276,18.98,12.25,25.45,355.89,0,61.51,3.36
2000,277,17.97,16.28,21.07,340.3,0,79.37,4.62
2000,278,18.71,15.17,23.32,340.3,0.1,73.05,3.82
2000,279,20.09,15.8,26.43,340.3,0,67.62,4.09
2000,280,20.12,14.92,26.08,340.3,0,59.02,3.57
2000,281,20.74,13.07,27.9,340.3,0,56.38,3.34
2000,282,21.15,14.46,27.94,340.3,0,61.27,4.24
2000,283,20.8,16.31,27.4,340.3,0,66.42,5.2
2000,284,20.65,14.57,26.53,340.3,0,61.27,4.42
2000,285,21.22,14.61,27.95,29.44,0,58.16,4.01
2000,286,22.07,14.44,29.04,427.23,0,57.17,3.61
2000,287,22.09,16.24,28.14,428.3,0,64.39,5.2
2000,288,21.94,17.65,27.56,348.26,0,67.16,5.57
2000,289,20.65,16.41,25.56,391.86,0.5,73,4.75
2000,290,20.59,17,26.7,287.02,0.1,72.18,3.44
2000,291,21.14,17.4,25.88,391.89,0,71.74,4.22
2000,292,19.67,16.88,24.57,333,0.9,79.34,4.75
2000,293,19.63,14.75,24.34,333.2,0,70.86,3.97
2000,294,20.13,15.77,25.43,317.38,0,68.67,4.18
2000,295,21.29,16.21,26.31,335.48,0,56.17,3.38
2000,296,20.92,15.51,26.96,386.79,0,56.58,3.52
2000,297,21.26,15.27,26.84,361.83,0,62.73,3.41
2000,298,21.43,17.08,26.31,373.89,0,67.31,4.54
2000,299,19.75,16.89,24.27,302.02,1.9,76.47,4.64
2000,300,19.99,16.11,24.47,275.17,0,70.49,3.55
2000,301,20.44,15.29,26.18,299.92,0,67.55,3.87
2000,302,20.44,16.2,25.09,293.17,0,66.86,3.74
2000,303,19.84,16.07,25.11,320.12,0,72.71,4.13
2000,304,19.58,16.66,24.13,286.44,4.5,78.4,4.26
2000,305,20.19,15.98,25.04,301.58,0,72.37,3.77
2000,306,18.89,16.55,22.21,304.4,32.9,85.22,3.63
2000,307,18.28,16.62,22.5,326.5,8.3,88.67,3.3
2000,308,18.22,15.53,21.34,294.16,8.6,84.66,3.2
2000,309,18.8,16.42,23.16,313,7.2,85.41,3
2000,310,19.32,16.17,24.13,442.3,28.39,81.98,3.32
2000,311,19.12,15.6,23.81,471.37,35.8,82.53,2.9
2000,312,18.59,16.89,21.94,329.38,3.1,88.16,3.48
2000,313,19.14,15.53,23.06,388.75,0,78.03,3.7
2000,314,18.8,16.01,22.5,265.7,17.8,85.21,3.72
2000,315,18.04,15.14,21.42,278.59,11.1,87.17,4.04
2000,316,18.82,16.5,23.13,342.78,4.4,86.05,3.73
2000,317,18.97,16.48,22.72,418.36,3.9,87.41,4.58
2000,318,18.57,16.33,23.09,332.43,22.2,89.79,2.51
2000,319,18.42,16.63,22.5,327.11,5.7,89.16,3.26
2000,320,18.56,16.26,22.07,379.33,6.6,87.77,3.73
2000,321,18.58,16.27,22.19,301.92,2.5,87.67,3.39
2000,322,19.16,16.24,23.04,360.37,1.74,82.42,3.52
2000,323,19.33,16.45,23.33,426.02,1.4,82.05,3.47
2000,324,18.81,15.89,23.3,398.04,0.4,85.17,3.46
2000,325,18.89,16.91,22.18,319.64,14.2,87.74,3.58
2000,326,18.29,16.52,21.89,360.61,8.7,91.68,4.05
2000,327,18.41,16.01,21.81,332.88,3.6,87.89,4.08
2000,328,18.6,16.2,22.59,392.39,9,87.44,3.59
2000,329,18.63,16.17,22.4,319.92,6.8,87.22,2.76
2000,330,18.31,15.64,21.96,339,8.4,89.85,3.28
2000,331,19.47,15.78,24.04,471.51,2.6,77.23,3.81
2000,332,19.07,16.67,23.43,349.55,0,83.95,3.15
2000,333,19.54,16.52,23.98,498.21,0,75.99,3.76
2000,334,19.2,15.46,23.4,483.41,0,72.17,3.74
2000,335,19.08,14.87,23.94,461.96,0,71.36,3.2
2000,336,19.51,14.76,24.39,411.98,0,75.32,3.14
2000,337,19.26,16.65,23.41,401.68,0,82.54,3.88
2000,338,18.98,15.93,23.5,363.5,0,80.18,3.54
2000,339,19.21,15.7,24.03,404.09,0,75.45,2.89
2000,340,19.08,16.36,23.58,383.18,0,79.45,2.86
2000,341,19.16,13.78,24.68,473.77,0,76.59,2.78
2000,342,19.31,14.63,24.83,446.49,0,70.69,2.85
2000,343,18.69,14.4,23.86,398.57,0,78.08,2.72
2000,344,19.39,16.5,23.57,397.26,0.8,80.59,4.16
2000,345,19.18,15.52,23.85,396.18,0.1,80.1,3.6
2000,346,19.24,15,24.28,353.75,0,81.24,2.85
2000,347,19.64,15.87,24.75,349.7,0,82.55,2.64
2000,348,19.65,17.22,23.88,355.75,0.1,85.12,3.01
2000,349,18.97,16.04,22.86,373.16,4.7,87.32,4.19
2000,350,18.27,16.3,21.59,235.59,0,85.91,4.21
2000,351,18.93,15.66,23.38,376.45,0,79.05,3.99
2000,352,18.79,15.6,23.31,400.29,0.1,80.3,3.54
2000,353,19.29,16.03,23.73,350.94,0,76.19,2.57
2000,354,18.81,14.53,23.85,403.15,0,78.18,2.74
2000,355,19.55,15.62,24.47,407.99,0,74.8,3.57
2000,356,19.31,15.92,23.7,323.94,2.2,83.67,3.45
2000,357,18.94,16.36,23.24,309.77,6.7,86.91,3.82
2000,358,20.22,16.91,24.8,409.78,0.7,81.63,3.41
2000,359,20.3,17.16,25.01,417.6,0,83.61,3.95
2000,360,18.96,16.81,22.36,248.07,0.6,86.86,4.58
2000,361,18.91,14.84,23.14,434.42,0,73.13,3.85
2000,362,19.96,15.72,24.86,444.77,0,68.75,3.05
2000,363,20.22,15.6,25.2,410.62,0,77.61,2.63
2000,364,20.21,16.76,25.21,330.63,0,81.03,3.1
2000,365,20.6,17.19,25.44,386.32,0,78.05,2.63
2001,1,19.25,14.12,24.18,280.23,0,62.72,4.63
2001,2,17.98,13.75,23.01,211.09,0.1,72.71,4.88
2001,3,17.25,15.45,20.82,214.32,10.62,87.78,5.48
2001,4,16.94,15.21,19.18,103.83,4.8,89.25,4.65
2001,5,17.62,14.54,21.55,274.51,0.2,77.42,4.38
2001,6,19.42,13.57,24.66,376.05,0,56.91,3.87
2001,7,19.6,14.23,24.56,355.46,0,60.44,4.2
2001,8,19.01,13.81,24.6,361.29,0,73.27,4.48
2001,9,19.48,16.27,24.33,277.82,0,74.98,5.09
2001,10,19.17,15.9,23.54,312.8,0,73.78,4.69
2001,11,19.18,14.34,24.06,300.67,0,70.07,4.13
2001,12,19.84,14.59,25.32,365.58,0,64.35,4.95
2001,13,19.68,13.39,25.11,359.62,0,57.99,4.46
2001,14,19.45,13.8,24.51,341.86,0,57.68,3.85
2001,15,19.78,13.98,24.89,349.03,0,53.19,4.17
2001,16,19.6,14.32,24.98,347.23,0,58.45,4.01
2001,17,19.44,13.62,24.81,280.46,0,61.1,4.05
2001,18,21.2,14.54,27.44,350.85,0,39.06,3.88
2001,19,21.45,15.57,27.25,356.5,0,43.76,3.63
2001,20,20.97,15.4,26.66,353.82,0,53.2,4.18
2001,21,20.88,14.6,26.14,356.25,0,51.04,4.37
2001,22,20.5,16.16,24.79,235.94,0,54.3,4.54
2001,23,20.05,16.04,24.84,262.47,0,65.03,4.02
2001,24,20.01,14.81,25.45,300.24,0,64.15,4.56
2001,25,20.9,14.87,26.58,352.5,0,58.19,4.1
2001,26,18.93,14.78,24.08,340.3,1.72,63.2328,3.64
2001,27,18.93,14.78,24.08,340.3,1.72,63.253312,3.64
2001,28,18.93,14.78,24.08,340.3,1.72,62.87504448,3.64
2001,29,18.93,14.78,24.08,340.3,1.72,61.87884626,3.64
2001,30,18.93,14.78,24.08,340.3,1.72,60.78400011,3.64
2001,31,18.93,14.78,24.08,340.3,1.72,60.11856011,3.64
2001,32,18.93,14.78,24.08,340.3,1.72,60.24690252,3.64
2001,33,18.93,14.78,24.08,340.3,1.72,60.23917862,3.64
2001,34,18.93,14.78,24.08,340.3,1.72,59.71794576,3.64
2001,35,18.93,14.78,24.08,340.3,1.72,59.10746359,3.64
2001,36,18.93,14.78,24.08,340.3,1.72,58.52056214,3.64
2001,37,18.93,14.78,24.08,340.3,1.72,58.05858462,3.64
2001,38,18.93,14.78,24.08,340.3,1.72,57.80692801,3.64
2001,39,18.93,14.78,24.08,340.3,1.72,57.79960513,3.64
2001,40,18.93,14.78,24.08,340.3,1.72,57.80438933,3.64
2001,41,18.93,14.78,24.08,340.3,1.72,57.98896491,3.64
2001,42,18.93,14.78,24.08,340.3,1.72,57.9705235,3.64
2001,43,18.93,14.78,24.08,340.3,1.72,57.84534444,3.64
2001,44,18.93,14.78,24.08,340.3,1.72,58.59675822,3.64
2001,45,18.93,14.78,24.08,340.3,1.72,59.19022855,3.64
2001,46,18.93,14.78,24.08,340.3,1.72,59.42983769,3.64
2001,47,18.93,14.78,24.08,340.3,1.72,59.7654312,3.64
2001,48,18.93,14.78,24.08,340.3,1.72,59.98404845,3.64
2001,49,18.93,14.78,24.08,340.3,1.72,59.78221039,3.64
2001,50,18.93,14.78,24.08,340.3,1.72,59.6074988,3.64
2001,51,18.93,14.78,24.08,340.3,1.72,59.66419875,3.64
2001,52,18.93,14.78,24.08,340.3,1.72,59.5214547,3.64
2001,53,18.93,14.78,24.08,340.3,1.72,59.37218041,3.64
2001,54,18.93,14.78,24.08,340.3,1.72,59.23206585,3.64
2001,55,18.93,14.78,24.08,340.3,1.72,59.12619463,3.64
2001,56,18.93,14.78,24.08,340.3,1.72,59.05988241,3.64
2001,57,18.93,14.78,24.08,340.3,1.72,59.01753531,3.64
2001,58,18.93,14.78,24.08,340.3,1.72,58.96836062,3.64
2001,59,18.93,14.78,24.08,340.3,1.72,58.9175279,3.64
2001,60,18.93,14.78,24.08,352.06,1.72,58.88551118,3.47
2001,61,18.93,14.78,24.08,352.06,1.72,58.87663309,3.47
2001,62,18.93,14.78,24.08,352.06,1.72,58.89087592,3.47
2001,63,18.93,14.78,24.08,352.06,1.72,58.92416758,3.47
2001,64,18.93,14.78,24.08,352.06,1.72,58.96885716,3.47
2001,65,18.93,14.78,24.08,352.06,1.72,59.01562724,3.47
2001,66,18.93,14.78,24.08,352.06,1.72,59.06407676,3.47
2001,67,18.93,14.78,24.08,352.06,1.72,59.10708123,3.47
2001,68,18.93,14.78,24.08,352.06,1.72,59.15254354,3.47
2001,69,18.93,14.78,24.08,352.06,1.72,59.2048315,3.47
2001,70,18.93,14.78,24.08,352.06,1.72,59.22915443,3.47
2001,71,18.93,14.78,24.08,352.06,1.72,59.23071147,3.47
2001,72,18.93,14.78,24.08,352.06,1.72,59.22274642,3.47
2001,73,18.93,14.78,24.08,352.06,1.72,59.20103903,3.47
2001,74,18.93,14.78,24.08,352.06,1.72,59.16971865,3.47
2001,75,18.93,14.78,24.08,352.06,1.72,59.14521898,3.47
2001,76,18.93,14.78,24.08,352.06,1.72,59.12672779,3.47
2001,77,18.93,14.78,24.08,352.06,1.72,59.10522895,3.47
2001,78,18.93,14.78,24.08,352.06,1.72,59.08857992,3.47
2001,79,18.93,14.78,24.08,352.06,1.72,59.0772359,3.47
2001,80,18.93,14.78,24.08,352.06,1.72,59.07104271,3.47
2001,81,18.93,14.78,24.08,352.06,1.72,59.06883663,3.47
2001,82,18.93,14.78,24.08,352.06,1.72,59.0691948,3.47
2001,83,18.93,14.78,24.08,352.06,1.72,59.07126118,3.47
2001,84,18.93,14.78,24.08,352.06,1.72,59.0753772,3.47
2001,85,18.93,14.78,24.08,352.06,1.72,59.08169117,3.47
2001,86,18.93,14.78,24.08,352.06,1.72,59.08953837,3.47
2001,87,18.93,14.78,24.08,352.06,1.72,59.09805458,3.47
2001,88,18.93,14.78,24.08,352.06,1.72,59.10634173,3.47
2001,89,18.93,14.78,24.08,352.06,1.72,59.11362869,3.47
2001,90,18.93,14.78,24.08,352.06,1.72,59.11941956,3.47
2001,91,18.93,14.78,24.08,352.06,1.72,59.12357125,3.47
2001,92,18.93,14.78,24.08,352.06,1.72,59.12595103,3.47
2001,93,18.93,14.78,24.08,352.06,1.72,59.12670582,3.47
2001,94,18.93,14.78,24.08,352.06,1.72,59.12567231,3.47
2001,95,18.93,14.78,24.08,352.06,1.72,59.12250594,3.47
2001,96,18.93,14.78,24.08,352.06,1.72,59.11824,3.47
2001,97,18.93,14.78,24.08,352.06,1.72,59.11374114,3.47
2001,98,18.93,14.78,24.08,352.06,1.72,59.10938093,3.47
2001,99,18.93,14.78,24.08,352.06,1.72,59.10571461,3.47
2001,100,18.93,14.78,24.08,352.06,1.72,59.10315445,3.47
2001,101,18.93,14.78,24.08,352.06,1.72,59.10147187,3.47
2001,102,18.93,14.78,24.08,352.06,1.72,59.10046163,3.47
2001,103,18.93,14.78,24.08,352.06,1.72,59.10027094,3.47
2001,104,18.93,14.78,24.08,352.06,1.72,59.10073858,3.47
2001,105,18.93,14.78,24.08,352.06,1.72,59.10167868,3.47
2001,106,18.93,14.78,24.08,352.06,1.72,59.10290412,3.47
2001,107,18.93,14.78,24.08,352.06,1.72,59.10426682,3.47
2001,108,18.93,14.78,24.08,352.06,1.72,59.1056697,3.47
2001,109,22.3,22.3,22.3,352.06,0,64.7,3.47
2001,110,21.07,17,24.09,352.06,0,71.13,3.74
2001,111,20.16,17.07,25.36,352.06,1,80.23,2.82
2001,112,18.06,16.81,19.59,352.06,17.06,92.29,2.83
2001,113,19.19,15.33,23.64,352.06,0,80.92,2.44
2001,114,20.13,17.32,24.31,352.06,0,81.88,2.65
2001,115,18.92,15.95,22.83,352.06,5.1,86.61,2.42
2001,116,18.55,16.41,22.86,352.06,35,89.17,1.62
2001,117,19.06,15.7,23.06,352.06,0.1,80.9,2.39
2001,118,17.85,16.69,20.08,352.06,11.7,90.83,2.03
2001,119,18.04,15.51,21.49,352.06,0,85.63,2.1
2001,120,18.66,16.79,22.47,352.06,14.3,87.36,2.18
2001,121,18.02,16.16,20.28,352.06,22.6,89.17,2.66
2001,122,18.54,14.62,22.18,352.06,0.6,84.6,2.64
2001,123,18.27,16.54,21.52,352.06,0.1,89.09,3.64
2001,124,18.61,15.12,23.36,352.06,0,83.58,1.96
2001,125,18.67,14.48,23.52,352.06,0,82.14,2.29
2001,126,18.86,15.23,23.42,352.06,0,82.42,2.8
2001,127,18.79,15.61,23.07,352.06,0,83.04,2.71
2001,128,19.09,15.8,23.44,352.06,0,81.1,2.44
2001,129,18.17,16.24,21.58,352.06,0.1,86.29,3.69
2001,130,18.56,16.06,22.68,352.06,0,81.82,3.32
2001,131,18.15,15.1,22.15,352.06,0,82.4,3.2
2001,132,18.06,14.02,23.32,352.06,0,80.69,2.41
2001,133,19.24,15.48,24.25,352.06,0,80.52,2.45
2001,134,19.23,16.33,24.04,352.06,0,79.02,3.41
2001,135,18.59,14.77,23.4,352.06,0,80.56,2.58
2001,136,18.6,14.35,23.74,352.06,0,75.81,2.95
2001,137,19.07,15.98,23.06,352.06,0,78.16,2.98
2001,138,18.29,13.91,22.89,352.06,0,81.01,2.73
2001,139,18.37,14.63,23.8,352.06,0,79.61,2.45
2001,140,19.41,13.13,26.12,352.06,0,72.85,2.35
2001,141,19.27,13.3,24.7,352.06,0,73.65,2.67
2001,142,19.83,15.97,25.45,352.06,0,76.68,2.49
2001,143,19.78,16.04,24.78,352.06,0,77.59,3.21
2001,144,18.99,14.96,23.77,352.06,0,73.95,3.17
2001,145,19.11,14.58,23.87,352.06,0,72.29,3.33
2001,146,18,14.1,22.59,352.06,0,75.42,3.35
2001,147,16.64,12.72,21.05,352.06,0.3,82.01,3.15
2001,148,17.5,14.02,22.45,352.06,0.1,80.72,3.26
2001,149,16.53,14.07,19.75,352.06,2.6,89.1,3.74
2001,150,17.26,13.76,20.82,352.06,0,82.09,2.58
2001,151,18.19,15.48,23.03,165.37,0,78.43,2.52
2001,152,19.1,14.83,24.04,252.18,0,74.88,3.37
2001,153,19.11,15.58,23.99,273.08,2.6,76.13,3.6
2001,154,18,14.69,22.03,69.78,0,80.43,3.46
2001,155,17.66,13.89,22.83,199.47,0,79.68,3.11
2001,156,19.15,14.11,24.66,306.03,0,72.1,2.52
2001,157,18.83,15.25,23.88,200.96,0.2,76.26,3.01
2001,158,18.95,13.44,24.91,360.35,0,62.02,2.54
2001,159,19.36,12.31,26.04,365.95,0,64.25,2.55
2001,160,18.79,15.88,23.8,229.63,0,75.18,3.93
2001,161,18.3,13.62,24.32,251.44,0,74.56,2.85
2001,162,19.59,14.98,24.61,351.39,0,63.15,2.73
2001,163,19.64,14.92,24.48,241.6,0.2,63.95,2.52
2001,164,17.84,13.52,22.29,190.26,0,74.48,2.64
2001,165,18.81,14.98,25.01,245.06,0,78.03,2.24
2001,166,17.89,14.88,21.55,141.38,0,77.07,2.1
2001,167,18.54,14.65,23.95,188.56,0,74.76,2.65
2001,168,16.83,14.59,19.37,54.07,0,80.78,3.03
2001,169,17.38,13.35,22.42,172.24,0,74.23,2.81
2001,170,17.84,12.97,22.96,224.37,0,73.04,2.49
2001,171,18.42,14.65,22.7,138.18,0,77.27,2.83
2001,172,17.83,15.91,20.93,191.66,0,79.93,3.14
2001,173,17.11,14.77,20.05,117.71,0,78.53,2.92
2001,174,16.87,15.44,18.65,61.62,0,81.36,3.27
2001,175,17.72,14.23,22.8,198.47,0,69.59,2.7
2001,176,18.16,13.41,24.21,249.27,0,60.96,2.39
2001,177,16.67,13.5,21.31,115.2,0,76.59,2.67
2001,178,16.59,13.91,20.48,94.91,0,79.69,2.63
2001,179,17.33,12.34,22.77,236.09,0,73.82,2.46
2001,180,16.34,13.54,19.66,114.41,0,79.4,2.51
2001,181,17.5,14.71,21.1,109.4,0,75.77,3.1
2001,182,17.09,14.5,20.39,26.13,0,79.28,3.5
2001,183,16.91,14.71,19.95,85.05,0,75.76,3.45
2001,184,17.14,13.46,21.06,61.39,0,73.3,3.53
2001,185,16.5,13.97,19.82,167.11,0,73.98,3.97
2001,186,15.27,12.43,18.94,12.18,0,79.14,2.19
2001,187,18.06,15.84,19.51,95.63,0,66.31,4.78
2001,188,16.23,14.2,18.34,100.56,0,71.89,4.13
2001,189,16.26,12.37,20.81,159.02,0,72.12,3.26
2001,190,16.77,11.2,23.56,248.11,0,72.19,2.32
2001,191,18.69,10.53,26.26,315.31,0,65.96,2.48
2001,192,18.73,13.05,25.43,289.71,0,67.15,2.61
2001,193,16.82,13.68,20.29,189.55,0,74.61,3
2001,194,16.93,12.67,20.86,192.7,0,72.44,3.07
2001,195,18.08,13.39,23.37,212.77,0,65.2,3.12
2001,196,17.13,12.58,22.48,132.91,0,70.3,2.48
2001,197,16.52,12.53,20.62,203.16,0,72.56,2.49
2001,198,15.86,11.93,19.8,67.65,0,73.96,2.59
2001,199,16.31,12.25,21.51,91.4,0,71.79,3.25
2001,200,16.74,12.41,21.45,65.78,0,73.66,2.79
2001,201,18.82,12.14,25.91,312.23,0,61.97,2.95
2001,202,18.53,13.18,24.25,317.92,0,62.06,3.24
2001,203,17.85,14.49,22.47,64.01,0,70.11,3.15
2001,204,17.62,14.85,21.88,183.78,0,74.82,3.76
2001,205,17.38,13.13,21.38,87.99,0,73.91,2.7
2001,206,18.01,15.6,22.06,164.12,0,74.49,3.37
2001,207,16.77,14.22,22.16,164.8,0,75.2,3.05
2001,208,16.96,12.3,21.48,97.12,0,71.97,2.7
2001,209,16.78,14.6,20.27,100.08,0,75.65,3.99
2001,210,16.67,13.6,21.41,84.46,0,77.88,2.76
2001,211,17.75,12.74,24.26,309.83,0,75.95,2.78
2001,212,18.63,12.91,25.69,320.4,0,71.32,2.99
2001,213,17.26,14.02,21.61,108.1,0,75.7,3.71
2001,214,17.03,13.91,20.32,245.22,0.1,76.65,5.05
2001,215,15.78,15.4,16.35,340.3,0,84.12,3.86
2001,216,18.93,14.78,24.08,340.3,1.72,77.88,3.64
2001,217,18.93,14.78,24.08,340.3,1.72,75.95,3.64
2001,218,18.93,14.78,24.08,340.3,1.72,71.32,3.64
2001,219,18.93,14.78,24.08,340.3,1.72,75.7,3.64
2001,220,19.19,16.1,22.77,340.3,0,60.43,3.98
2001,221,16.3,14.35,19.47,99.72,1.5,82.14,3.25
2001,222,17.41,14.54,21.9,340.3,0,74.2,3.32
2001,223,17.26,13.47,21.84,340.3,0,70.81,2.72
2001,224,16.43,11.83,22.03,340.3,0,69.39,2.8
2001,225,17.57,11.74,23.44,340.3,0,67.25,3.53
2001,226,18.23,12.32,24.09,340.3,0,66.17,3.32
2001,227,19.11,13.96,24.68,340.3,0,69.91,3.56
2001,228,18.74,15.68,22.93,340.3,0,69.27,3.69
2001,229,18.19,14.99,22.6,340.3,0,70.44,3.82
2001,230,17.99,14.35,23.52,340.3,0,68.34,4.51
2001,231,18.84,13.73,25.12,340.3,0,60.16,3.04
2001,232,19.25,12.04,25.81,340.3,0,51.77,3.25
2001,233,19.13,12.72,24.83,340.3,0,55.64,3.8
2001,234,20.08,15.13,25.93,340.3,0,60.22,3.34
2001,235,18.24,12.75,24.9,278.29,0,66.35,3.65
2001,236,18.13,13.52,24.14,286.17,0,67.29,3.42
2001,237,18.43,12.48,24.75,339.26,0,67.22,3.85
2001,238,19.73,14.79,25.96,370.39,0,61.21,3.94
2001,239,19.43,14.24,26.09,348.37,0,62.14,3.64
2001,240,18.38,14.17,23.01,204.73,0,66.11,4.3
2001,241,18.08,13.66,22.52,203.21,0,65.33,4.51
2001,242,18.02,15.12,21.84,184.28,0,72.23,4.32
2001,243,18.07,15.24,22.71,132.61,0,72.33,3.66
2001,244,18.87,15.46,23.51,134.25,0,70.98,3.71
2001,245,18.68,15.53,23.49,177.46,0,71.85,3.22
2001,246,18.9,12.73,25.89,309.28,0,65.73,3.63
2001,247,18.78,14.35,24.48,183.69,0,65.77,3.56
2001,248,19.63,13.74,25.63,239.41,0,65.78,3.22
2001,249,20.42,13.62,26.98,276.93,0,59.99,2.42
2001,250,18.55,15.47,24.24,183.01,23.2,79.81,2.36
2001,251,17.83,15.35,20.88,216.31,1.5,84.97,3.37
2001,252,17.63,15.18,20.3,237.69,0,79.53,3.56
2001,253,18.7,13.12,24.8,304.84,0,69.46,3.47
2001,254,19.63,15.06,25.4,286.39,0,68.96,3.1
2001,255,20.1,15.27,26.39,311.18,0,70.71,2.69
2001,256,18.54,15.58,23.43,212.37,0,78.29,3.58
2001,257,19.3,15.09,24.61,303.08,0,61.66,4.59
2001,258,18.25,15.11,22.31,305.08,0,70.57,3.47
2001,259,19.19,13.58,25.41,335.8,0,67.65,3.06
2001,260,20.08,15.78,27.18,352.88,7.9,69.76,3.16
2001,261,19.27,15.2,24.9,296.61,0,71.05,3.53
2001,262,19.43,14.03,24.85,321.49,0,70.28,3.57
2001,263,20.13,15.04,27.25,425.01,0,68.7,2.81
2001,264,20.11,14.46,26.74,335.61,0,68.67,3.61
2001,265,20.33,15.96,25.85,292.61,0,63.45,4.06
2001,266,19.54,15.6,24.75,214.41,0,65.68,4.21
2001,267,18.87,16.08,24.31,306.57,0,72.24,4.2
2001,268,20.51,14.71,27.22,310.98,0,58.63,3.17
2001,269,20.23,13.96,27.28,291.16,0,64.9,2.78
2001,270,20.27,14.8,26.27,303.74,0,67.24,3.51
2001,271,18.89,16.03,22.69,79.8,0,71.98,3.83
2001,272,19.89,13.95,26.59,315.98,0,67.54,3.7
2001,273,19.74,15.23,26.4,221.85,0,71.17,4.05
2001,274,20.87,16.39,27.58,279.48,0,66.11,3.52
2001,275,20.79,14.59,27.58,290.74,0,61.65,3.22
2001,276,18.98,12.25,25.45,355.89,0,61.51,3.36
2001,277,17.97,16.28,21.07,340.3,0,79.37,4.62
2001,278,18.71,15.17,23.32,340.3,0.1,73.05,3.82
2001,279,20.09,15.8,26.43,340.3,0,67.62,4.09
2001,280,20.12,14.92,26.08,340.3,0,59.02,3.57
2001,281,20.74,13.07,27.9,340.3,0,56.38,3.34
2001,282,21.15,14.46,27.94,340.3,0,61.27,4.24
2001,283,20.8,16.31,27.4,340.3,0,66.42,5.2
2001,284,20.65,14.57,26.53,340.3,0,61.27,4.42
2001,285,21.22,14.61,27.95,29.44,0,58.16,4.01
2001,286,22.07,14.44,29.04,427.23,0,57.17,3.61
2001,287,22.09,16.24,28.14,428.3,0,64.39,5.2
2001,288,21.94,17.65,27.56,348.26,0,67.16,5.57
2001,289,20.65,16.41,25.56,391.86,0.5,73,4.75
2001,290,20.59,17,26.7,287.02,0.1,72.18,3.44
2001,291,21.14,17.4,25.88,391.89,0,71.74,4.22
2001,292,19.67,16.88,24.57,333,0.9,79.34,4.75
2001,293,19.63,14.75,24.34,333.2,0,70.86,3.97
2001,294,20.13,15.77,25.43,317.38,0,68.67,4.18
2001,295,21.29,16.21,26.31,335.48,0,56.17,3.38
2001,296,20.92,15.51,26.96,386.79,0,56.58,3.52
2001,297,21.26,15.27,26.84,361.83,0,62.73,3.41
2001,298,21.43,17.08,26.31,373.89,0,67.31,4.54
2001,299,19.75,16.89,24.27,302.02,1.9,76.47,4.64
2001,300,19.99,16.11,24.47,275.17,0,70.49,3.55
2001,301,20.44,15.29,26.18,299.92,0,67.55,3.87
2001,302,20.44,16.2,25.09,293.17,0,66.86,3.74
2001,303,19.84,16.07,25.11,320.12,0,72.71,4.13
2001,304,19.58,16.66,24.13,286.44,4.5,78.4,4.26
2001,305,20.19,15.98,25.04,301.58,0,72.37,3.77
2001,306,18.89,16.55,22.21,304.4,32.9,85.22,3.63
2001,307,18.28,16.62,22.5,326.5,8.3,88.67,3.3
2001,308,18.22,15.53,21.34,294.16,8.6,84.66,3.2
2001,309,18.8,16.42,23.16,313,7.2,85.41,3
2001,310,19.32,16.17,24.13,442.3,28.39,81.98,3.32
2001,311,19.12,15.6,23.81,471.37,35.8,82.53,2.9
2001,312,18.59,16.89,21.94,329.38,3.1,88.16,3.48
2001,313,19.14,15.53,23.06,388.75,0,78.03,3.7
2001,314,18.8,16.01,22.5,265.7,17.8,85.21,3.72
2001,315,18.04,15.14,21.42,278.59,11.1,87.17,4.04
2001,316,18.82,16.5,23.13,342.78,4.4,86.05,3.73
2001,317,18.97,16.48,22.72,418.36,3.9,87.41,4.58
2001,318,18.57,16.33,23.09,332.43,22.2,89.79,2.51
2001,319,18.42,16.63,22.5,327.11,5.7,89.16,3.26
2001,320,18.56,16.26,22.07,379.33,6.6,87.77,3.73
2001,321,18.58,16.27,22.19,301.92,2.5,87.67,3.39
2001,322,19.16,16.24,23.04,360.37,1.74,82.42,3.52
2001,323,19.33,16.45,23.33,426.02,1.4,82.05,3.47
2001,324,18.81,15.89,23.3,398.04,0.4,85.17,3.46
2001,325,18.89,16.91,22.18,319.64,14.2,87.74,3.58
2001,326,18.29,16.52,21.89,360.61,8.7,91.68,4.05
2001,327,18.41,16.01,21.81,332.88,3.6,87.89,4.08
2001,328,18.6,16.2,22.59,392.39,9,87.44,3.59
2001,329,18.63,16.17,22.4,319.92,6.8,87.22,2.76
2001,330,18.31,15.64,21.96,339,8.4,89.85,3.28
2001,331,19.47,15.78,24.04,471.51,2.6,77.23,3.81
2001,332,19.07,16.67,23.43,349.55,0,83.95,3.15
2001,333,19.54,16.52,23.98,498.21,0,75.99,3.76
2001,334,19.2,15.46,23.4,483.41,0,72.17,3.74
2001,335,19.08,14.87,23.94,461.96,0,71.36,3.2
2001,336,19.51,14.76,24.39,411.98,0,75.32,3.14
2001,337,19.26,16.65,23.41,401.68,0,82.54,3.88
2001,338,18.98,15.93,23.5,363.5,0,80.18,3.54
2001,339,19.21,15.7,24.03,404.09,0,75.45,2.89
2001,340,19.08,16.36,23.58,383.18,0,79.45,2.86
2001,341,19.16,13.78,24.68,473.77,0,76.59,2.78
2001,342,19.31,14.63,24.83,446.49,0,70.69,2.85
2001,343,18.69,14.4,23.86,398.57,0,78.08,2.72
2001,344,19.39,16.5,23.57,397.26,0.8,80.59,4.16
2001,345,19.18,15.52,23.85,396.18,0.1,80.1,3.6
2001,346,19.24,15,24.28,353.75,0,81.24,2.85
2001,347,19.64,15.87,24.75,349.7,0,82.55,2.64
2001,348,19.65,17.22,23.88,355.75,0.1,85.12,3.01
2001,349,18.97,16.04,22.86,373.16,4.7,87.32,4.19
2001,350,18.27,16.3,21.59,235.59,0,85.91,4.21
2001,351,18.93,15.66,23.38,376.45,0,79.05,3.99
2001,352,18.79,15.6,23.31,400.29,0.1,80.3,3.54
2001,353,19.29,16.03,23.73,350.94,0,76.19,2.57
2001,354,18.81,14.53,23.85,403.15,0,78.18,2.74
2001,355,19.55,15.62,24.47,407.99,0,74.8,3.57
2001,356,19.31,15.92,23.7,323.94,2.2,83.67,3.45
2001,357,18.94,16.36,23.24,309.77,6.7,86.91,3.82
2001,358,20.22,16.91,24.8,409.78,0.7,81.63,3.41
2001,359,20.3,17.16,25.01,417.6,0,83.61,3.95
2001,360,18.96,16.81,22.36,248.07,0.6,86.86,4.58
2001,361,18.91,14.84,23.14,434.42,0,73.13,3.85
2001,362,19.96,15.72,24.86,444.77,0,68.75,3.05
2001,363,20.22,15.6,25.2,410.62,0,77.61,2.63
2001,364,20.21,16.76,25.21,330.63,0,81.03,3.1
2001,365,20.6,17.19,25.44,386.32,0,78.05,2.63
2002,1,19.25,14.12,24.18,280.23,0,62.72,4.63
2002,2,17.98,13.75,23.01,211.09,0.1,72.71,4.88
2002,3,17.25,15.45,20.82,214.32,10.62,87.78,5.48
2002,4,16.94,15.21,19.18,103.83,4.8,89.25,4.65
2002,5,17.62,14.54,21.55,274.51,0.2,77.42,4.38
2002,6,19.42,13.57,24.66,376.05,0,56.91,3.87
2002,7,19.6,14.23,24.56,355.46,0,60.44,4.2
2002,8,19.01,13.81,24.6,361.29,0,73.27,4.48
2002,9,19.48,16.27,24.33,277.82,0,74.98,5.09
2002,10,19.17,15.9,23.54,312.8,0,73.78,4.69
2002,11,19.18,14.34,24.06,300.67,0,70.07,4.13
2002,12,19.84,14.59,25.32,365.58,0,64.35,4.95
2002,13,19.68,13.39,25.11,359.62,0,57.99,4.46
2002,14,19.45,13.8,24.51,341.86,0,57.68,3.85
2002,15,19.78,13.98,24.89,349.03,0,53.19,4.17
2002,16,19.6,14.32,24.98,347.23,0,58.45,4.01
2002,17,19.44,13.62,24.81,280.46,0,61.1,4.05
2002,18,21.2,14.54,27.44,350.85,0,39.06,3.88
2002,19,21.45,15.57,27.25,356.5,0,43.76,3.63
2002,20,20.97,15.4,26.66,353.82,0,53.2,4.18
2002,21,20.88,14.6,26.14,356.25,0,51.04,4.37
2002,22,20.5,16.16,24.79,235.94,0,54.3,4.54
2002,23,20.05,16.04,24.84,262.47,0,65.03,4.02
2002,24,20.01,14.81,25.45,300.24,0,64.15,4.56
2002,25,20.9,14.87,26.58,352.5,0,58.19,4.1
2002,26,18.93,14.78,24.08,340.3,1.72,63.2328,3.64
2002,27,18.93,14.78,24.08,340.3,1.72,63.253312,3.64
2002,28,18.93,14.78,24.08,340.3,1.72,62.87504448,3.64
2002,29,18.93,14.78,24.08,340.3,1.72,61.87884626,3.64
2002,30,18.93,14.78,24.08,340.3,1.72,60.78400011,3.64
2002,31,18.93,14.78,24.08,340.3,1.72,60.11856011,3.64
2002,32,18.93,14.78,24.08,340.3,1.72,60.24690252,3.64
2002,33,18.93,14.78,24.08,340.3,1.72,60.23917862,3.64
2002,34,18.93,14.78,24.08,340.3,1.72,59.71794576,3.64
2002,35,18.93,14.78,24.08,340.3,1.72,59.10746359,3.64
2002,36,18.93,14.78,24.08,340.3,1.72,58.52056214,3.64
2002,37,18.93,14.78,24.08,340.3,1.72,58.05858462,3.64
2002,38,18.93,14.78,24.08,340.3,1.72,57.80692801,3.64
2002,39,18.93,14.78,24.08,340.3,1.72,57.79960513,3.64
2002,40,18.93,14.78,24.08,340.3,1.72,57.80438933,3.64
2002,41,18.93,14.78,24.08,340.3,1.72,57.98896491,3.64
2002,42,18.93,14.78,24.08,340.3,1.72,57.9705235,3.64
2002,43,18.93,14.78,24.08,340.3,1.72,57.84534444,3.64
2002,44,18.93,14.78,24.08,340.3,1.72,58.59675822,3.64
2002,45,18.93,14.78,24.08,340.3,1.72,59.19022855,3.64
2002,46,18.93,14.78,24.08,340.3,1.72,59.42983769,3.64
2002,47,18.93,14.78,24.08,340.3,1.72,59.7654312,3.64
2002,48,18.93,14.78,24.08,340.3,1.72,59.98404845,3.64
2002,49,18.93,14.78,24.08,340.3,1.72,59.78221039,3.64
2002,50,18.93,14.78,24.08,340.3,1.72,59.6074988,3.64
2002,51,18.93,14.78,24.08,340.3,1.72,59.66419875,3.64
2002,52,18.93,14.78,24.08,340.3,1.72,59.5214547,3.64
2002,53,18.93,14.78,24.08,340.3,1.72,59.37218041,3.64
2002,54,18.93,14.78,24.08,340.3,1.72,59.23206585,3.64
2002,55,18.93,14.78,24.08,340.3,1.72,59.12619463,3.64
2002,56,18.93,14.78,24.08,340.3,1.72,59.05988241,3.64
2002,57,18.93,14.78,24.08,340.3,1.72,59.01753531,3.64
2002,58,18.93,14.78,24.08,340.3,1.72,58.96836062,3.64
2002,59,18.93,14.78,24.08,340.3,1.72,58.9175279,3.64
2002,60,18.93,14.78,24.08,352.06,1.72,58.88551118,3.47
2002,61,18.93,14.78,24.08,352.06,1.72,58.87663309,3.47
2002,62,18.93,14.78,24.08,352.06,1.72,58.89087592,3.47
2002,63,18.93,14.78,24.08,352.06,1.72,58.92416758,3.47
2002,64,18.93,14.78,24.08,352.06,1.72,58.96885716,3.47
2002,65,18.93,14.78,24.08,352.06,1.72,59.01562724,3.47
2002,66,18.93,14.78,24.08,352.06,1.72,59.06407676,3.47
2002,67,18.93,14.78,24.08,352.06,1.72,59.10708123,3.47
2002,68,18.93,14.78,24.08,352.06,1.72,59.15254354,3.47
2002,69,18.93,14.78,24.08,352.06,1.72,59.2048315,3.47
2002,70,18.93,14.78,24.08,352.06,1.72,59.22915443,3.47
2002,71,18.93,14.78,24.08,352.06,1.72,59.23071147,3.47
2002,72,18.93,14.78,24.08,352.06,1.72,59.22274642,3.47
2002,73,18.93,14.78,24.08,352.06,1.72,59.20103903,3.47
2002,74,18.93,14.78,24.08,352.06,1.72,59.16971865,3.47
2002,75,18.93,14.78,24.08,352.06,1.72,59.14521898,3.47
2002,76,18.93,14.78,24.08,352.06,1.72,59.12672779,3.47
2002,77,18.93,14.78,24.08,352.06,1.72,59.10522895,3.47
2002,78,18.93,14.78,24.08,352.06,1.72,59.08857992,3.47
2002,79,18.93,14.78,24.08,352.06,1.72,59.0772359,3.47
2002,80,18.93,14.78,24.08,352.06,1.72,59.07104271,3.47
2002,81,18.93,14.78,24.08,352.06,1.72,59.06883663,3.47
2002,82,18.93,14.78,24.08,352.06,1.72,59.0691948,3.47
2002,83,18.93,14.78,24.08,352.06,1.72,59.07126118,3.47
2002,84,18.93,14.78,24.08,352.06,1.72,59.0753772,3.47
2002,85,18.93,14.78,24.08,352.06,1.72,59.08169117,3.47
2002,86,18.93,14.78,24.08,352.06,1.72,59.08953837,3.47
2002,87,18.93,14.78,24.08,352.06,1.72,59.09805458,3.47
2002,88,18.93,14.78,24.08,352.06,1.72,59.10634173,3.47
2002,89,18.93,14.78,24.08,352.06,1.72,59.11362869,3.47
2002,90,18.93,14.78,24.08,352.06,1.72,59.11941956,3.47
2002,91,18.93,14.78,24.08,352.06,1.72,59.12357125,3.47
2002,92,18.93,14.78,24.08,352.06,1.72,59.12595103,3.47
2002,93,18.93,14.78,24.08,352.06,1.72,59.12670582,3.47
2002,94,18.93,14.78,24.08,352.06,1.72,59.12567231,3.47
2002,95,18.93,14.78,24.08,352.06,1.72,59.12250594,3.47
2002,96,18.93,14.78,24.08,352.06,1.72,59.11824,3.47
2002,97,18.93,14.78,24.08,352.06,1.72,59.11374114,3.47
2002,98,18.93,14.78,24.08,352.06,1.72,59.10938093,3.47
2002,99,18.93,14.78,24.08,352.06,1.72,59.10571461,3.47
2002,100,18.93,14.78,24.08,352.06,1.72,59.10315445,3.47
2002,101,18.93,14.78,24.08,352.06,1.72,59.10147187,3.47
2002,102,18.93,14.78,24.08,352.06,1.72,59.10046163,3.47
2002,103,18.93,14.78,24.08,352.06,1.72,59.10027094,3.47
2002,104,18.93,14.78,24.08,352.06,1.72,59.10073858,3.47
2002,105,18.93,14.78,24.08,352.06,1.72,59.10167868,3.47
2002,106,18.93,14.78,24.08,352.06,1.72,59.10290412,3.47
2002,107,18.93,14.78,24.08,352.06,1.72,59.10426682,3.47
2002,108,18.93,14.78,24.08,352.06,1.72,59.1056697,3.47
2002,109,22.3,22.3,22.3,352.06,0,64.7,3.47
2002,110,21.07,17,24.09,352.06,0,71.13,3.74
2002,111,20.16,17.07,25.36,352.06,1,80.23,2.82
2002,112,18.06,16.81,19.59,352.06,17.06,92.29,2.83
2002,113,19.19,15.33,23.64,352.06,0,80.92,2.44
2002,114,20.13,17.32,24.31,352.06,0,81.88,2.65
2002,115,18.92,15.95,22.83,352.06,5.1,86.61,2.42
2002,116,18.55,16.41,22.86,352.06,35,89.17,1.62
2002,117,19.06,15.7,23.06,352.06,0.1,80.9,2.39
2002,118,17.85,16.69,20.08,352.06,11.7,90.83,2.03
2002,119,18.04,15.51,21.49,352.06,0,85.63,2.1
2002,120,18.66,16.79,22.47,352.06,14.3,87.36,2.18
2002,121,18.02,16.16,20.28,352.06,22.6,89.17,2.66
2002,122,18.54,14.62,22.18,352.06,0.6,84.6,2.64
2002,123,18.27,16.54,21.52,352.06,0.1,89.09,3.64
2002,124,18.61,15.12,23.36,352.06,0,83.58,1.96
2002,125,18.67,14.48,23.52,352.06,0,82.14,2.29
2002,126,18.86,15.23,23.42,352.06,0,82.42,2.8
2002,127,18.79,15.61,23.07,352.06,0,83.04,2.71
2002,128,19.09,15.8,23.44,352.06,0,81.1,2.44
2002,129,18.17,16.24,21.58,352.06,0.1,86.29,3.69
2002,130,18.56,16.06,22.68,352.06,0,81.82,3.32
2002,131,18.15,15.1,22.15,352.06,0,82.4,3.2
2002,132,18.06,14.02,23.32,352.06,0,80.69,2.41
2002,133,19.24,15.48,24.25,352.06,0,80.52,2.45
2002,134,19.23,16.33,24.04,352.06,0,79.02,3.41
2002,135,18.59,14.77,23.4,352.06,0,80.56,2.58
2002,136,18.6,14.35,23.74,352.06,0,75.81,2.95
2002,137,19.07,15.98,23.06,352.06,0,78.16,2.98
2002,138,18.29,13.91,22.89,352.06,0,81.01,2.73
2002,139,18.37,14.63,23.8,352.06,0,79.61,2.45
2002,140,19.41,13.13,26.12,352.06,0,72.85,2.35
2002,141,19.27,13.3,24.7,352.06,0,73.65,2.67
2002,142,19.83,15.97,25.45,352.06,0,76.68,2.49
2002,143,19.78,16.04,24.78,352.06,0,77.59,3.21
2002,144,18.99,14.96,23.77,352.06,0,73.95,3.17
2002,145,19.11,14.58,23.87,352.06,0,72.29,3.33
2002,146,18,14.1,22.59,352.06,0,75.42,3.35
2002,147,16.64,12.72,21.05,352.06,0.3,82.01,3.15
2002,148,17.5,14.02,22.45,352.06,0.1,80.72,3.26
2002,149,16.53,14.07,19.75,352.06,2.6,89.1,3.74
2002,150,17.26,13.76,20.82,352.06,0,82.09,2.58
2002,151,18.19,15.48,23.03,165.37,0,78.43,2.52
2002,152,19.1,14.83,24.04,252.18,0,74.88,3.37
2002,153,19.11,15.58,23.99,273.08,2.6,76.13,3.6
2002,154,18,14.69,22.03,69.78,0,80.43,3.46
2002,155,17.66,13.89,22.83,199.47,0,79.68,3.11
2002,156,19.15,14.11,24.66,306.03,0,72.1,2.52
2002,157,18.83,15.25,23.88,200.96,0.2,76.26,3.01
2002,158,18.95,13.44,24.91,360.35,0,62.02,2.54
2002,159,19.36,12.31,26.04,365.95,0,64.25,2.55
2002,160,18.79,15.88,23.8,229.63,0,75.18,3.93
2002,161,18.3,13.62,24.32,251.44,0,74.56,2.85
2002,162,19.59,14.98,24.61,351.39,0,63.15,2.73
2002,163,19.64,14.92,24.48,241.6,0.2,63.95,2.52
2002,164,17.84,13.52,22.29,190.26,0,74.48,2.64
2002,165,18.81,14.98,25.01,245.06,0,78.03,2.24
2002,166,17.89,14.88,21.55,141.38,0,77.07,2.1
2002,167,18.54,14.65,23.95,188.56,0,74.76,2.65
2002,168,16.83,14.59,19.37,54.07,0,80.78,3.03
2002,169,17.38,13.35,22.42,172.24,0,74.23,2.81
2002,170,17.84,12.97,22.96,224.37,0,73.04,2.49
2002,171,18.42,14.65,22.7,138.18,0,77.27,2.83
2002,172,17.83,15.91,20.93,191.66,0,79.93,3.14
2002,173,17.11,14.77,20.05,117.71,0,78.53,2.92
2002,174,16.87,15.44,18.65,61.62,0,81.36,3.27
2002,175,17.72,14.23,22.8,198.47,0,69.59,2.7
2002,176,18.16,13.41,24.21,249.27,0,60.96,2.39
2002,177,16.67,13.5,21.31,115.2,0,76.59,2.67
2002,178,16.59,13.91,20.48,94.91,0,79.69,2.63
2002,179,17.33,12.34,22.77,236.09,0,73.82,2.46
2002,180,16.34,13.54,19.66,114.41,0,79.4,2.51
2002,181,17.5,14.71,21.1,109.4,0,75.77,3.1
2002,182,17.09,14.5,20.39,26.13,0,79.28,3.5
2002,183,16.91,14.71,19.95,85.05,0,75.76,3.45
2002,184,17.14,13.46,21.06,61.39,0,73.3,3.53
2002,185,16.5,13.97,19.82,167.11,0,73.98,3.97
2002,186,15.27,12.43,18.94,12.18,0,79.14,2.19
2002,187,18.06,15.84,19.51,95.63,0,66.31,4.78
2002,188,16.23,14.2,18.34,100.56,0,71.89,4.13
2002,189,16.26,12.37,20.81,159.02,0,72.12,3.26
2002,190,16.77,11.2,23.56,248.11,0,72.19,2.32
2002,191,18.69,10.53,26.26,315.31,0,65.96,2.48
2002,192,18.73,13.05,25.43,289.71,0,67.15,2.61
2002,193,16.82,13.68,20.29,189.55,0,74.61,3
2002,194,16.93,12.67,20.86,192.7,0,72.44,3.07
2002,195,18.08,13.39,23.37,212.77,0,65.2,3.12
2002,196,17.13,12.58,22.48,132.91,0,70.3,2.48
2002,197,16.52,12.53,20.62,203.16,0,72.56,2.49
2002,198,15.86,11.93,19.8,67.65,0,73.96,2.59
2002,199,16.31,12.25,21.51,91.4,0,71.79,3.25
2002,200,16.74,12.41,21.45,65.78,0,73.66,2.79
2002,201,18.82,12.14,25.91,312.23,0,61.97,2.95
2002,202,18.53,13.18,24.25,317.92,0,62.06,3.24
2002,203,17.85,14.49,22.47,64.01,0,70.11,3.15
2002,204,17.62,14.85,21.88,183.78,0,74.82,3.76
2002,205,17.38,13.13,21.38,87.99,0,73.91,2.7
2002,206,18.01,15.6,22.06,164.12,0,74.49,3.37
2002,207,16.77,14.22,22.16,164.8,0,75.2,3.05
2002,208,16.96,12.3,21.48,97.12,0,71.97,2.7
2002,209,16.78,14.6,20.27,100.08,0,75.65,3.99
2002,210,16.67,13.6,21.41,84.46,0,77.88,2.76
2002,211,17.75,12.74,24.26,309.83,0,75.95,2.78
2002,212,18.63,12.91,25.69,320.4,0,71.32,2.99
2002,213,17.26,14.02,21.61,108.1,0,75.7,3.71
2002,214,17.03,13.91,20.32,245.22,0.1,76.65,5.05
2002,215,15.78,15.4,16.35,340.3,0,84.12,3.86
2002,216,18.93,14.78,24.08,340.3,1.72,77.88,3.64
2002,217,18.93,14.78,24.08,340.3,1.72,75.95,3.64
2002,218,18.93,14.78,24.08,340.3,1.72,71.32,3.64
2002,219,18.93,14.78,24.08,340.3,1.72,75.7,3.64
2002,220,19.19,16.1,22.77,340.3,0,60.43,3.98
2002,221,16.3,14.35,19.47,99.72,1.5,82.14,3.25
2002,222,17.41,14.54,21.9,340.3,0,74.2,3.32
2002,223,17.26,13.47,21.84,340.3,0,70.81,2.72
2002,224,16.43,11.83,22.03,340.3,0,69.39,2.8
2002,225,17.57,11.74,23.44,340.3,0,67.25,3.53
2002,226,18.23,12.32,24.09,340.3,0,66.17,3.32
2002,227,19.11,13.96,24.68,340.3,0,69.91,3.56
2002,228,18.74,15.68,22.93,340.3,0,69.27,3.69
2002,229,18.19,14.99,22.6,340.3,0,70.44,3.82
2002,230,17.99,14.35,23.52,340.3,0,68.34,4.51
2002,231,18.84,13.73,25.12,340.3,0,60.16,3.04
2002,232,19.25,12.04,25.81,340.3,0,51.77,3.25
2002,233,19.13,12.72,24.83,340.3,0,55.64,3.8
2002,234,20.08,15.13,25.93,340.3,0,60.22,3.34
2002,235,18.24,12.75,24.9,278.29,0,66.35,3.65
2002,236,18.13,13.52,24.14,286.17,0,67.29,3.42
2002,237,18.43,12.48,24.75,339.26,0,67.22,3.85
2002,238,19.73,14.79,25.96,370.39,0,61.21,3.94
2002,239,19.43,14.24,26.09,348.37,0,62.14,3.64
2002,240,18.38,14.17,23.01,204.73,0,66.11,4.3
2002,241,18.08,13.66,22.52,203.21,0,65.33,4.51
2002,242,18.02,15.12,21.84,184.28,0,72.23,4.32
2002,243,18.07,15.24,22.71,132.61,0,72.33,3.66
2002,244,18.87,15.46,23.51,134.25,0,70.98,3.71
2002,245,18.68,15.53,23.49,177.46,0,71.85,3.22
2002,246,18.9,12.73,25.89,309.28,0,65.73,3.63
2002,247,18.78,14.35,24.48,183.69,0,65.77,3.56
2002,248,19.63,13.74,25.63,239.41,0,65.78,3.22
2002,249,20.42,13.62,26.98,276.93,0,59.99,2.42
2002,250,18.55,15.47,24.24,183.01,23.2,79.81,2.36
2002,251,17.83,15.35,20.88,216.31,1.5,84.97,3.37
2002,252,17.63,15.18,20.3,237.69,0,79.53,3.56
2002,253,18.7,13.12,24.8,304.84,0,69.46,3.47
2002,254,19.63,15.06,25.4,286.39,0,68.96,3.1
2002,255,20.1,15.27,26.39,311.18,0,70.71,2.69
2002,256,18.54,15.58,23.43,212.37,0,78.29,3.58
2002,257,19.3,15.09,24.61,303.08,0,61.66,4.59
2002,258,18.25,15.11,22.31,305.08,0,70.57,3.47
2002,259,19.19,13.58,25.41,335.8,0,67.65,3.06
2002,260,20.08,15.78,27.18,352.88,7.9,69.76,3.16
2002,261,19.27,15.2,24.9,296.61,0,71.05,3.53
2002,262,19.43,14.03,24.85,321.49,0,70.28,3.57
2002,263,20.13,15.04,27.25,425.01,0,68.7,2.81
2002,264,20.11,14.46,26.74,335.61,0,68.67,3.61
2002,265,20.33,15.96,25.85,292.61,0,63.45,4.06
2002,266,19.54,15.6,24.75,214.41,0,65.68,4.21
2002,267,18.87,16.08,24.31,306.57,0,72.24,4.2
2002,268,20.51,14.71,27.22,310.98,0,58.63,3.17
2002,269,20.23,13.96,27.28,291.16,0,64.9,2.78
2002,270,20.27,14.8,26.27,303.74,0,67.24,3.51
2002,271,18.89,16.03,22.69,79.8,0,71.98,3.83
2002,272,19.89,13.95,26.59,315.98,0,67.54,3.7
2002,273,19.74,15.23,26.4,221.85,0,71.17,4.05
2002,274,20.87,16.39,27.58,279.48,0,66.11,3.52
2002,275,20.79,14.59,27.58,290.74,0,61.65,3.22
2002,276,18.98,12.25,25.45,355.89,0,61.51,3.36
2002,277,17.97,16.28,21.07,340.3,0,79.37,4.62
2002,278,18.71,15.17,23.32,340.3,0.1,73.05,3.82
2002,279,20.09,15.8,26.43,340.3,0,67.62,4.09
2002,280,20.12,14.92,26.08,340.3,0,59.02,3.57
2002,281,20.74,13.07,27.9,340.3,0,56.38,3.34
2002,282,21.15,14.46,27.94,340.3,0,61.27,4.24
2002,283,20.8,16.31,27.4,340.3,0,66.42,5.2
2002,284,20.65,14.57,26.53,340.3,0,61.27,4.42
2002,285,21.22,14.61,27.95,29.44,0,58.16,4.01
2002,286,22.07,14.44,29.04,427.23,0,57.17,3.61
2002,287,22.09,16.24,28.14,428.3,0,64.39,5.2
2002,288,21.94,17.65,27.56,348.26,0,67.16,5.57
2002,289,20.65,16.41,25.56,391.86,0.5,73,4.75
2002,290,20.59,17,26.7,287.02,0.1,72.18,3.44
2002,291,21.14,17.4,25.88,391.89,0,71.74,4.22
2002,292,19.67,16.88,24.57,333,0.9,79.34,4.75
2002,293,19.63,14.75,24.34,333.2,0,70.86,3.97
2002,294,20.13,15.77,25.43,317.38,0,68.67,4.18
2002,295,21.29,16.21,26.31,335.48,0,56.17,3.38
2002,296,20.92,15.51,26.96,386.79,0,56.58,3.52
2002,297,21.26,15.27,26.84,361.83,0,62.73,3.41
2002,298,21.43,17.08,26.31,373.89,0,67.31,4.54
2002,299,19.75,16.89,24.27,302.02,1.9,76.47,4.64
2002,300,19.99,16.11,24.47,275.17,0,70.49,3.55
2002,301,20.44,15.29,26.18,299.92,0,67.55,3.87
2002,302,20.44,16.2,25.09,293.17,0,66.86,3.74
2002,303,19.84,16.07,25.11,320.12,0,72.71,4.13
2002,304,19.58,16.66,24.13,286.44,4.5,78.4,4.26
2002,305,20.19,15.98,25.04,301.58,0,72.37,3.77
2002,306,18.89,16.55,22.21,304.4,32.9,85.22,3.63
2002,307,18.28,16.62,22.5,326.5,8.3,88.67,3.3
2002,308,18.22,15.53,21.34,294.16,8.6,84.66,3.2
2002,309,18.8,16.42,23.16,313,7.2,85.41,3
2002,310,19.32,16.17,24.13,442.3,28.39,81.98,3.32
2002,311,19.12,15.6,23.81,471.37,35.8,82.53,2.9
2002,312,18.59,16.89,21.94,329.38,3.1,88.16,3.48
2002,313,19.14,15.53,23.06,388.75,0,78.03,3.7
2002,314,18.8,16.01,22.5,265.7,17.8,85.21,3.72
2002,315,18.04,15.14,21.42,278.59,11.1,87.17,4.04
2002,316,18.82,16.5,23.13,342.78,4.4,86.05,3.73
2002,317,18.97,16.48,22.72,418.36,3.9,87.41,4.58
2002,318,18.57,16.33,23.09,332.43,22.2,89.79,2.51
2002,319,18.42,16.63,22.5,327.11,5.7,89.16,3.26
2002,320,18.56,16.26,22.07,379.33,6.6,87.77,3.73
2002,321,18.58,16.27,22.19,301.92,2.5,87.67,3.39
2002,322,19.16,16.24,23.04,360.37,1.74,82.42,3.52
2002,323,19.33,16.45,23.33,426.02,1.4,82.05,3.47
2002,324,18.81,15.89,23.3,398.04,0.4,85.17,3.46
2002,325,18.89,16.91,22.18,319.64,14.2,87.74,3.58
2002,326,18.29,16.52,21.89,360.61,8.7,91.68,4.05
2002,327,18.41,16.01,21.81,332.88,3.6,87.89,4.08
2002,328,18.6,16.2,22.59,392.39,9,87.44,3.59
2002,329,18.63,16.17,22.4,319.92,6.8,87.22,2.76
2002,330,18.31,15.64,21.96,339,8.4,89.85,3.28
2002,331,19.47,15.78,24.04,471.51,2.6,77.23,3.81
2002,332,19.07,16.67,23.43,349.55,0,83.95,3.15
2002,333,19.54,16.52,23.98,498.21,0,75.99,3.76
2002,334,19.2,15.46,23.4,483.41,0,72.17,3.74
2002,335,19.08,14.87,23.94,461.96,0,71.36,3.2
2002,336,19.51,14.76,24.39,411.98,0,75.32,3.14
2002,337,19.26,16.65,23.41,401.68,0,82.54,3.88
2002,338,18.98,15.93,23.5,363.5,0,80.18,3.54
2002,339,19.21,15.7,24.03,404.09,0,75.45,2.89
2002,340,19.08,16.36,23.58,383.18,0,79.45,2.86
2002,341,19.16,13.78,24.68,473.77,0,76.59,2.78
2002,342,19.31,14.63,24.83,446.49,0,70.69,2.85
2002,343,18.69,14.4,23.86,398.57,0,78.08,2.72
2002,344,19.39,16.5,23.57,397.26,0.8,80.59,4.16
2002,345,19.18,15.52,23.85,396.18,0.1,80.1,3.6
2002,346,19.24,15,24.28,353.75,0,81.24,2.85
2002,347,19.64,15.87,24.75,349.7,0,82.55,2.64
2002,348,19.65,17.22,23.88,355.75,0.1,85.12,3.01
2002,349,18.97,16.04,22.86,373.16,4.7,87.32,4.19
2002,350,18.27,16.3,21.59,235.59,0,85.91,4.21
2002,351,18.93,15.66,23.38,376.45,0,79.05,3.99
2002,352,18.79,15.6,23.31,400.29,0.1,80.3,3.54
2002,353,19.29,16.03,23.73,350.94,0,76.19,2.57
2002,354,18.81,14.53,23.85,403.15,0,78.18,2.74
2002,355,19.55,15.62,24.47,407.99,0,74.8,3.57
2002,356,19.31,15.92,23.7,323.94,2.2,83.67,3.45
2002,357,18.94,16.36,23.24,309.77,6.7,86.91,3.82
2002,358,20.22,16.91,24.8,409.78,0.7,81.63,3.41
2002,359,20.3,17.16,25.01,417.6,0,83.61,3.95
2002,360,18.96,16.81,22.36,248.07,0.6,86.86,4.58
2002,361,18.91,14.84,23.14,434.42,0,73.13,3.85
2002,362,19.96,15.72,24.86,444.77,0,68.75,3.05
2002,363,20.22,15.6,25.2,410.62,0,77.61,2.63
2002,364,20.21,16.76,25.21,330.63,0,81.03,3.1
2002,365,20.6,17.19,25.44,386.32,0,78.05,2.63
2003,1,19.25,14.12,24.18,280.23,0,62.72,4.63
2003,2,17.98,13.75,23.01,211.09,0.1,72.71,4.88
2003,3,17.25,15.45,20.82,214.32,10.62,87.78,5.48
2003,4,16.94,15.21,19.18,103.83,4.8,89.25,4.65
2003,5,17.62,14.54,21.55,274.51,0.2,77.42,4.38
2003,6,19.42,13.57,24.66,376.05,0,56.91,3.87
2003,7,19.6,14.23,24.56,355.46,0,60.44,4.2
2003,8,19.01,13.81,24.6,361.29,0,73.27,4.48
2003,9,19.48,16.27,24.33,277.82,0,74.98,5.09
2003,10,19.17,15.9,23.54,312.8,0,73.78,4.69
2003,11,19.18,14.34,24.06,300.67,0,70.07,4.13
2003,12,19.84,14.59,25.32,365.58,0,64.35,4.95
2003,13,19.68,13.39,25.11,359.62,0,57.99,4.46
2003,14,19.45,13.8,24.51,341.86,0,57.68,3.85
2003,15,19.78,13.98,24.89,349.03,0,53.19,4.17
2003,16,19.6,14.32,24.98,347.23,0,58.45,4.01
2003,17,19.44,13.62,24.81,280.46,0,61.1,4.05
2003,18,21.2,14.54,27.44,350.85,0,39.06,3.88
2003,19,21.45,15.57,27.25,356.5,0,43.76,3.63
2003,20,20.97,15.4,26.66,353.82,0,53.2,4.18
2003,21,20.88,14.6,26.14,356.25,0,51.04,4.37
2003,22,20.5,16.16,24.79,235.94,0,54.3,4.54
2003,23,20.05,16.04,24.84,262.47,0,65.03,4.02
2003,24,20.01,14.81,25.45,300.24,0,64.15,4.56
2003,25,20.9,14.87,26.58,352.5,0,58.19,4.1
2003,26,18.93,14.78,24.08,340.3,1.72,63.2328,3.64
2003,27,18.93,14.78,24.08,340.3,1.72,63.253312,3.64
2003,28,18.93,14.78,24.08,340.3,1.72,62.87504448,3.64
2003,29,18.93,14.78,24.08,340.3,1.72,61.87884626,3.64
2003,30,18.93,14.78,24.08,340.3,1.72,60.78400011,3.64
2003,31,18.93,14.78,24.08,340.3,1.72,60.11856011,3.64
2003,32,18.93,14.78,24.08,340.3,1.72,60.24690252,3.64
2003,33,18.93,14.78,24.08,340.3,1.72,60.23917862,3.64
2003,34,18.93,14.78,24.08,340.3,1.72,59.71794576,3.64
2003,35,18.93,14.78,24.08,340.3,1.72,59.10746359,3.64
2003,36,18.93,14.78,24.08,340.3,1.72,58.52056214,3.64
2003,37,18.93,14.78,24.08,340.3,1.72,58.05858462,3.64
2003,38,18.93,14.78,24.08,340.3,1.72,57.80692801,3.64
2003,39,18.93,14.78,24.08,340.3,1.72,57.79960513,3.64
2003,40,18.93,14.78,24.08,340.3,1.72,57.80438933,3.64
2003,41,18.93,14.78,24.08,340.3,1.72,57.98896491,3.64
2003,42,18.93,14.78,24.08,340.3,1.72,57.9705235,3.64
2003,43,18.93,14.78,24.08,340.3,1.72,57.84534444,3.64
2003,44,18.93,14.78,24.08,340.3,1.72,58.59675822,3.64
2003,45,18.93,14.78,24.08,340.3,1.72,59.19022855,3.64
2003,46,18.93,14.78,24.08,340.3,1.72,59.42983769,3.64
2003,47,18.93,14.78,24.08,340.3,1.72,59.7654312,3.64
2003,48,18.93,14.78,24.08,340.3,1.72,59.98404845,3.64
2003,49,18.93,14.78,24.08,340.3,1.72,59.78221039,3.64
2003,50,18.93,14.78,24.08,340.3,1.72,59.6074988,3.64
2003,51,18.93,14.78,24.08,340.3,1.72,59.66419875,3.64
2003,52,18.93,14.78,24.08,340.3,1.72,59.5214547,3.64
2003,53,18.93,14.78,24.08,340.3,1.72,59.37218041,3.64
2003,54,18.93,14.78,24.08,340.3,1.72,59.23206585,3.64
2003,55,18.93,14.78,24.08,340.3,1.72,59.12619463,3.64
2003,56,18.93,14.78,24.08,340.3,1.72,59.05988241,3.64
2003,57,18.93,14.78,24.08,340.3,1.72,59.01753531,3.64
2003,58,18.93,14.78,24.08,340.3,1.72,58.96836062,3.64
2003,59,18.93,14.78,24.08,340.3,1.72,58.9175279,3.64
2003,60,18.93,14.78,24.08,352.06,1.72,58.88551118,3.47
2003,61,18.93,14.78,24.08,352.06,1.72,58.87663309,3.47
2003,62,18.93,14.78,24.08,352.06,1.72,58.89087592,3.47
2003,63,18.93,14.78,24.08,352.06,1.72,58.92416758,3.47
2003,64,18.93,14.78,24.08,352.06,1.72,58.96885716,3.47
2003,65,18.93,14.78,24.08,352.06,1.72,59.01562724,3.47
2003,66,18.93,14.78,24.08,352.06,1.72,59.06407676,3.47
2003,67,18.93,14.78,24.08,352.06,1.72,59.10708123,3.47
2003,68,18.93,14.78,24.08,352.06,1.72,59.15254354,3.47
2003,69,18.93,14.78,24.08,352.06,1.72,59.2048315,3.47
2003,70,18.93,14.78,24.08,352.06,1.72,59.22915443,3.47
2003,71,18.93,14.78,24.08,352.06,1.72,59.23071147,3.47
2003,72,18.93,14.78,24.08,352.06,1.72,59.22274642,3.47
2003,73,18.93,14.78,24.08,352.06,1.72,59.20103903,3.47
2003,74,18.93,14.78,24.08,352.06,1.72,59.16971865,3.47
2003,75,18.93,14.78,24.08,352.06,1.72,59.14521898,3.47
2003,76,18.93,14.78,24.08,352.06,1.72,59.12672779,3.47
2003,77,18.93,14.78,24.08,352.06,1.72,59.10522895,3.47
2003,78,18.93,14.78,24.08,352.06,1.72,59.08857992,3.47
2003,79,18.93,14.78,24.08,352.06,1.72,59.0772359,3.47
2003,80,18.93,14.78,24.08,352.06,1.72,59.07104271,3.47
2003,81,18.93,14.78,24.08,352.06,1.72,59.06883663,3.47
2003,82,18.93,14.78,24.08,352.06,1.72,59.0691948,3.47
2003,83,18.93,14.78,24.08,352.06,1.72,59.07126118,3.47
2003,84,18.93,14.78,24.08,352.06,1.72,59.0753772,3.47
2003,85,18.93,14.78,24.08,352.06,1.72,59.08169117,3.47
2003,86,18.93,14.78,24.08,352.06,1.72,59.08953837,3.47
2003,87,18.93,14.78,24.08,352.06,1.72,59.09805458,3.47
2003,88,18.93,14.78,24.08,352.06,1.72,59.10634173,3.47
2003,89,18.93,14.78,24.08,352.06,1.72,59.11362869,3.47
2003,90,18.93,14.78,24.08,352.06,1.72,59.11941956,3.47
2003,91,18.93,14.78,24.08,352.06,1.72,59.12357125,3.47
2003,92,18.93,14.78,24.08,352.06,1.72,59.12595103,3.47
2003,93,18.93,14.78,24.08,352.06,1.72,59.12670582,3.47
2003,94,18.93,14.78,24.08,352.06,1.72,59.12567231,3.47
2003,95,18.93,14.78,24.08,352.06,1.72,59.12250594,3.47
2003,96,18.93,14.78,24.08,352.06,1.72,59.11824,3.47
2003,97,18.93,14.78,24.08,352.06,1.72,59.11374114,3.47
2003,98,18.93,14.78,24.08,352.06,1.72,59.10938093,3.47
2003,99,18.93,14.78,24.08,352.06,1.72,59.10571461,3.47
2003,100,18.93,14.78,24.08,352.06,1.72,59.10315445,3.47
2003,101,18.93,14.78,24.08,352.06,1.72,59.10147187,3.47
2003,102,18.93,14.78,24.08,352.06,1.72,59.10046163,3.47
2003,103,18.93,14.78,24.08,352.06,1.72,59.10027094,3.47
2003,104,18.93,14.78,24.08,352.06,1.72,59.10073858,3.47
2003,105,18.93,14.78,24.08,352.06,1.72,59.10167868,3.47
2003,106,18.93,14.78,24.08,352.06,1.72,59.10290412,3.47
2003,107,18.93,14.78,24.08,352.06,1.72,59.10426682,3.47
2003,108,18.93,14.78,24.08,352.06,1.72,59.1056697,3.47
2003,109,22.3,22.3,22.3,352.06,0,64.7,3.47
2003,110,21.07,17,24.09,352.06,0,71.13,3.74
2003,111,20.16,17.07,25.36,352.06,1,80.23,2.82
2003,112,18.06,16.81,19.59,352.06,17.06,92.29,2.83
2003,113,19.19,15.33,23.64,352.06,0,80.92,2.44
2003,114,20.13,17.32,24.31,352.06,0,81.88,2.65
2003,115,18.92,15.95,22.83,352.06,5.1,86.61,2.42
2003,116,18.55,16.41,22.86,352.06,35,89.17,1.62
2003,117,19.06,15.7,23.06,352.06,0.1,80.9,2.39
2003,118,17.85,16.69,20.08,352.06,11.7,90.83,2.03
2003,119,18.04,15.51,21.49,352.06,0,85.63,2.1
2003,120,18.66,16.79,22.47,352.06,14.3,87.36,2.18
2003,121,18.02,16.16,20.28,352.06,22.6,89.17,2.66
2003,122,18.54,14.62,22.18,352.06,0.6,84.6,2.64
2003,123,18.27,16.54,21.52,352.06,0.1,89.09,3.64
2003,124,18.61,15.12,23.36,352.06,0,83.58,1.96
2003,125,18.67,14.48,23.52,352.06,0,82.14,2.29
2003,126,18.86,15.23,23.42,352.06,0,82.42,2.8
2003,127,18.79,15.61,23.07,352.06,0,83.04,2.71
2003,128,19.09,15.8,23.44,352.06,0,81.1,2.44
2003,129,18.17,16.24,21.58,352.06,0.1,86.29,3.69
2003,130,18.56,16.06,22.68,352.06,0,81.82,3.32
2003,131,18.15,15.1,22.15,352.06,0,82.4,3.2
2003,132,18.06,14.02,23.32,352.06,0,80.69,2.41
2003,133,19.24,15.48,24.25,352.06,0,80.52,2.45
2003,134,19.23,16.33,24.04,352.06,0,79.02,3.41
2003,135,18.59,14.77,23.4,352.06,0,80.56,2.58
2003,136,18.6,14.35,23.74,352.06,0,75.81,2.95
2003,137,19.07,15.98,23.06,352.06,0,78.16,2.98
2003,138,18.29,13.91,22.89,352.06,0,81.01,2.73
2003,139,18.37,14.63,23.8,352.06,0,79.61,2.45
2003,140,19.41,13.13,26.12,352.06,0,72.85,2.35
2003,141,19.27,13.3,24.7,352.06,0,73.65,2.67
2003,142,19.83,15.97,25.45,352.06,0,76.68,2.49
2003,143,19.78,16.04,24.78,352.06,0,77.59,3.21
2003,144,18.99,14.96,23.77,352.06,0,73.95,3.17
2003,145,19.11,14.58,23.87,352.06,0,72.29,3.33
2003,146,18,14.1,22.59,352.06,0,75.42,3.35
2003,147,16.64,12.72,21.05,352.06,0.3,82.01,3.15
2003,148,17.5,14.02,22.45,352.06,0.1,80.72,3.26
2003,149,16.53,14.07,19.75,352.06,2.6,89.1,3.74
2003,150,17.26,13.76,20.82,352.06,0,82.09,2.58
2003,151,18.19,15.48,23.03,165.37,0,78.43,2.52
2003,152,19.1,14.83,24.04,252.18,0,74.88,3.37
2003,153,19.11,15.58,23.99,273.08,2.6,76.13,3.6
2003,154,18,14.69,22.03,69.78,0,80.43,3.46
2003,155,17.66,13.89,22.83,199.47,0,79.68,3.11
2003,156,19.15,14.11,24.66,306.03,0,72.1,2.52
2003,157,18.83,15.25,23.88,200.96,0.2,76.26,3.01
2003,158,18.95,13.44,24.91,360.35,0,62.02,2.54
2003,159,19.36,12.31,26.04,365.95,0,64.25,2.55
2003,160,18.79,15.88,23.8,229.63,0,75.18,3.93
2003,161,18.3,13.62,24.32,251.44,0,74.56,2.85
2003,162,19.59,14.98,24.61,351.39,0,63.15,2.73
2003,163,19.64,14.92,24.48,241.6,0.2,63.95,2.52
2003,164,17.84,13.52,22.29,190.26,0,74.48,2.64
2003,165,18.81,14.98,25.01,245.06,0,78.03,2.24
2003,166,17.89,14.88,21.55,141.38,0,77.07,2.1
2003,167,18.54,14.65,23.95,188.56,0,74.76,2.65
2003,168,16.83,14.59,19.37,54.07,0,80.78,3.03
2003,169,17.38,13.35,22.42,172.24,0,74.23,2.81
2003,170,17.84,12.97,22.96,224.37,0,73.04,2.49
2003,171,18.42,14.65,22.7,138.18,0,77.27,2.83
2003,172,17.83,15.91,20.93,191.66,0,79.93,3.14
2003,173,17.11,14.77,20.05,117.71,0,78.53,2.92
2003,174,16.87,15.44,18.65,61.62,0,81.36,3.27
2003,175,17.72,14.23,22.8,198.47,0,69.59,2.7
2003,176,18.16,13.41,24.21,249.27,0,60.96,2.39
2003,177,16.67,13.5,21.31,115.2,0,76.59,2.67
2003,178,16.59,13.91,20.48,94.91,0,79.69,2.63
2003,179,17.33,12.34,22.77,236.09,0,73.82,2.46
2003,180,16.34,13.54,19.66,114.41,0,79.4,2.51
2003,181,17.5,14.71,21.1,109.4,0,75.77,3.1
2003,182,17.09,14.5,20.39,26.13,0,79.28,3.5
2003,183,16.91,14.71,19.95,85.05,0,75.76,3.45
2003,184,17.14,13.46,21.06,61.39,0,73.3,3.53
2003,185,16.5,13.97,19.82,167.11,0,73.98,3.97
2003,186,15.27,12.43,18.94,12.18,0,79.14,2.19
2003,187,18.06,15.84,19.51,95.63,0,66.31,4.78
2003,188,16.23,14.2,18.34,100.56,0,71.89,4.13
2003,189,16.26,12.37,20.81,159.02,0,72.12,3.26
2003,190,16.77,11.2,23.56,248.11,0,72.19,2.32
2003,191,18.69,10.53,26.26,315.31,0,65.96,2.48
2003,192,18.73,13.05,25.43,289.71,0,67.15,2.61
2003,193,16.82,13.68,20.29,189.55,0,74.61,3
2003,194,16.93,12.67,20.86,192.7,0,72.44,3.07
2003,195,18.08,13.39,23.37,212.77,0,65.2,3.12
2003,196,17.13,12.58,22.48,132.91,0,70.3,2.48
2003,197,16.52,12.53,20.62,203.16,0,72.56,2.49
2003,198,15.86,11.93,19.8,67.65,0,73.96,2.59
2003,199,16.31,12.25,21.51,91.4,0,71.79,3.25
2003,200,16.74,12.41,21.45,65.78,0,73.66,2.79
2003,201,18.82,12.14,25.91,312.23,0,61.97,2.95
2003,202,18.53,13.18,24.25,317.92,0,62.06,3.24
2003,203,17.85,14.49,22.47,64.01,0,70.11,3.15
2003,204,17.62,14.85,21.88,183.78,0,74.82,3.76
2003,205,17.38,13.13,21.38,87.99,0,73.91,2.7
2003,206,18.01,15.6,22.06,164.12,0,74.49,3.37
2003,207,16.77,14.22,22.16,164.8,0,75.2,3.05
2003,208,16.96,12.3,21.48,97.12,0,71.97,2.7
2003,209,16.78,14.6,20.27,100.08,0,75.65,3.99
2003,210,16.67,13.6,21.41,84.46,0,77.88,2.76
2003,211,17.75,12.74,24.26,309.83,0,75.95,2.78
2003,212,18.63,12.91,25.69,320.4,0,71.32,2.99
2003,213,17.26,14.02,21.61,108.1,0,75.7,3.71
2003,214,17.03,13.91,20.32,245.22,0.1,76.65,5.05
2003,215,15.78,15.4,16.35,340.3,0,84.12,3.86
2003,216,18.93,14.78,24.08,340.3,1.72,77.88,3.64
2003,217,18.93,14.78,24.08,340.3,1.72,75.95,3.64
2003,218,18.93,14.78,24.08,340.3,1.72,71.32,3.64
2003,219,18.93,14.78,24.08,340.3,1.72,75.7,3.64
2003,220,19.19,16.1,22.77,340.3,0,60.43,3.98
2003,221,16.3,14.35,19.47,99.72,1.5,82.14,3.25
2003,222,17.41,14.54,21.9,340.3,0,74.2,3.32
2003,223,17.26,13.47,21.84,340.3,0,70.81,2.72
2003,224,16.43,11.83,22.03,340.3,0,69.39,2.8
2003,225,17.57,11.74,23.44,340.3,0,67.25,3.53
2003,226,18.23,12.32,24.09,340.3,0,66.17,3.32
2003,227,19.11,13.96,24.68,340.3,0,69.91,3.56
2003,228,18.74,15.68,22.93,340.3,0,69.27,3.69
2003,229,18.19,14.99,22.6,340.3,0,70.44,3.82
2003,230,17.99,14.35,23.52,340.3,0,68.34,4.51
2003,231,18.84,13.73,25.12,340.3,0,60.16,3.04
2003,232,19.25,12.04,25.81,340.3,0,51.77,3.25
2003,233,19.13,12.72,24.83,340.3,0,55.64,3.8
2003,234,20.08,15.13,25.93,340.3,0,60.22,3.34
2003,235,18.24,12.75,24.9,278.29,0,66.35,3.65
2003,236,18.13,13.52,24.14,286.17,0,67.29,3.42
2003,237,18.43,12.48,24.75,339.26,0,67.22,3.85
2003,238,19.73,14.79,25.96,370.39,0,61.21,3.94
2003,239,19.43,14.24,26.09,348.37,0,62.14,3.64
2003,240,18.38,14.17,23.01,204.73,0,66.11,4.3
2003,241,18.08,13.66,22.52,203.21,0,65.33,4.51
2003,242,18.02,15.12,21.84,184.28,0,72.23,4.32
2003,243,18.07,15.24,22.71,132.61,0,72.33,3.66
2003,244,18.87,15.46,23.51,134.25,0,70.98,3.71
2003,245,18.68,15.53,23.49,177.46,0,71.85,3.22
2003,246,18.9,12.73,25.89,309.28,0,65.73,3.63
2003,247,18.78,14.35,24.48,183.69,0,65.77,3.56
2003,248,19.63,13.74,25.63,239.41,0,65.78,3.22
2003,249,20.42,13.62,26.98,276.93,0,59.99,2.42
2003,250,18.55,15.47,24.24,183.01,23.2,79.81,2.36
2003,251,17.83,15.35,20.88,216.31,1.5,84.97,3.37
2003,252,17.63,15.18,20.3,237.69,0,79.53,3.56
2003,253,18.7,13.12,24.8,304.84,0,69.46,3.47
2003,254,19.63,15.06,25.4,286.39,0,68.96,3.1
2003,255,20.1,15.27,26.39,311.18,0,70.71,2.69
2003,256,18.54,15.58,23.43,212.37,0,78.29,3.58
2003,257,19.3,15.09,24.61,303.08,0,61.66,4.59
2003,258,18.25,15.11,22.31,305.08,0,70.57,3.47
2003,259,19.19,13.58,25.41,335.8,0,67.65,3.06
2003,260,20.08,15.78,27.18,352.88,7.9,69.76,3.16
2003,261,19.27,15.2,24.9,296.61,0,71.05,3.53
2003,262,19.43,14.03,24.85,321.49,0,70.28,3.57
2003,263,20.13,15.04,27.25,425.01,0,68.7,2.81
2003,264,20.11,14.46,26.74,335.61,0,68.67,3.61
2003,265,20.33,15.96,25.85,292.61,0,63.45,4.06
2003,266,19.54,15.6,24.75,214.41,0,65.68,4.21
2003,267,18.87,16.08,24.31,306.57,0,72.24,4.2
2003,268,20.51,14.71,27.22,310.98,0,58.63,3.17
2003,269,20.23,13.96,27.28,291.16,0,64.9,2.78
2003,270,20.27,14.8,26.27,303.74,0,67.24,3.51
2003,271,18.89,16.03,22.69,79.8,0,71.98,3.83
2003,272,19.89,13.95,26.59,315.98,0,67.54,3.7
2003,273,19.74,15.23,26.4,221.85,0,71.17,4.05
2003,274,20.87,16.39,27.58,279.48,0,66.11,3.52
2003,275,20.79,14.59,27.58,290.74,0,61.65,3.22
2003,276,18.98,12.25,25.45,355.89,0,61.51,3.36
2003,277,17.97,16.28,21.07,340.3,0,79.37,4.62
2003,278,18.71,15.17,23.32,340.3,0.1,73.05,3.82
2003,279,20.09,15.8,26.43,340.3,0,67.62,4.09
2003,280,20.12,14.92,26.08,340.3,0,59.02,3.57
2003,281,20.74,13.07,27.9,340.3,0,56.38,3.34
2003,282,21.15,14.46,27.94,340.3,0,61.27,4.24
2003,283,20.8,16.31,27.4,340.3,0,66.42,5.2
2003,284,20.65,14.57,26.53,340.3,0,61.27,4.42
2003,285,21.22,14.61,27.95,29.44,0,58.16,4.01
2003,286,22.07,14.44,29.04,427.23,0,57.17,3.61
2003,287,22.09,16.24,28.14,428.3,0,64.39,5.2
2003,288,21.94,17.65,27.56,348.26,0,67.16,5.57
2003,289,20.65,16.41,25.56,391.86,0.5,73,4.75
2003,290,20.59,17,26.7,287.02,0.1,72.18,3.44
2003,291,21.14,17.4,25.88,391.89,0,71.74,4.22
2003,292,19.67,16.88,24.57,333,0.9,79.34,4.75
2003,293,19.63,14.75,24.34,333.2,0,70.86,3.97
2003,294,20.13,15.77,25.43,317.38,0,68.67,4.18
2003,295,21.29,16.21,26.31,335.48,0,56.17,3.38
2003,296,20.92,15.51,26.96,386.79,0,56.58,3.52
2003,297,21.26,15.27,26.84,361.83,0,62.73,3.41
2003,298,21.43,17.08,26.31,373.89,0,67.31,4.54
2003,299,19.75,16.89,24.27,302.02,1.9,76.47,4.64
2003,300,19.99,16.11,24.47,275.17,0,70.49,3.55
2003,301,20.44,15.29,26.18,299.92,0,67.55,3.87
2003,302,20.44,16.2,25.09,293.17,0,66.86,3.74
2003,303,19.84,16.07,25.11,320.12,0,72.71,4.13
2003,304,19.58,16.66,24.13,286.44,4.5,78.4,4.26
2003,305,20.19,15.98,25.04,301.58,0,72.37,3.77
2003,306,18.89,16.55,22.21,304.4,32.9,85.22,3.63
2003,307,18.28,16.62,22.5,326.5,8.3,88.67,3.3
2003,308,18.22,15.53,21.34,294.16,8.6,84.66,3.2
2003,309,18.8,16.42,23.16,313,7.2,85.41,3
2003,310,19.32,16.17,24.13,442.3,28.39,81.98,3.32
2003,311,19.12,15.6,23.81,471.37,35.8,82.53,2.9
2003,312,18.59,16.89,21.94,329.38,3.1,88.16,3.48
2003,313,19.14,15.53,23.06,388.75,0,78.03,3.7
2003,314,18.8,16.01,22.5,265.7,17.8,85.21,3.72
2003,315,18.04,15.14,21.42,278.59,11.1,87.17,4.04
2003,316,18.82,16.5,23.13,342.78,4.4,86.05,3.73
2003,317,18.97,16.48,22.72,418.36,3.9,87.41,4.58
2003,318,18.57,16.33,23.09,332.43,22.2,89.79,2.51
2003,319,18.42,16.63,22.5,327.11,5.7,89.16,3.26
2003,320,18.56,16.26,22.07,379.33,6.6,87.77,3.73
2003,321,18.58,16.27,22.19,301.92,2.5,87.67,3.39
2003,322,19.16,16.24,23.04,360.37,1.74,82.42,3.52
2003,323,19.33,16.45,23.33,426.02,1.4,82.05,3.47
2003,324,18.81,15.89,23.3,398.04,0.4,85.17,3.46
2003,325,18.89,16.91,22.18,319.64,14.2,87.74,3.58
2003,326,18.29,16.52,21.89,360.61,8.7,91.68,4.05
2003,327,18.41,16.01,21.81,332.88,3.6,87.89,4.08
2003,328,18.6,16.2,22.59,392.39,9,87.44,3.59
2003,329,18.63,16.17,22.4,319.92,6.8,87.22,2.76
2003,330,18.31,15.64,21.96,339,8.4,89.85,3.28
2003,331,19.47,15.78,24.04,471.51,2.6,77.23,3.81
2003,332,19.07,16.67,23.43,349.55,0,83.95,3.15
2003,333,19.54,16.52,23.98,498.21,0,75.99,3.76
2003,334,19.2,15.46,23.4,483.41,0,72.17,3.74
2003,335,19.08,14.87,23.94,461.96,0,71.36,3.2
2003,336,19.51,14.76,24.39,411.98,0,75.32,3.14
2003,337,19.26,16.65,23.41,401.68,0,82.54,3.88
2003,338,18.98,15.93,23.5,363.5,0,80.18,3.54
2003,339,19.21,15.7,24.03,404.09,0,75.45,2.89
2003,340,19.08,16.36,23.58,383.18,0,79.45,2.86
2003,341,19.16,13.78,24.68,473.77,0,76.59,2.78
2003,342,19.31,14.63,24.83,446.49,0,70.69,2.85
2003,343,18.69,14.4,23.86,398.57,0,78.08,2.72
2003,344,19.39,16.5,23.57,397.26,0.8,80.59,4.16
2003,345,19.18,15.52,23.85,396.18,0.1,80.1,3.6
2003,346,19.24,15,24.28,353.75,0,81.24,2.85
2003,347,19.64,15.87,24.75,349.7,0,82.55,2.64
2003,348,19.65,17.22,23.88,355.75,0.1,85.12,3.01
2003,349,18.97,16.04,22.86,373.16,4.7,87.32,4.19
2003,350,18.27,16.3,21.59,235.59,0,85.91,4.21
2003,351,18.93,15.66,23.38,376.45,0,79.05,3.99
2003,352,18.79,15.6,23.31,400.29,0.1,80.3,3.54
2003,353,19.29,16.03,23.73,350.94,0,76.19,2.57
2003,354,18.81,14.53,23.85,403.15,0,78.18,2.74
2003,355,19.55,15.62,24.47,407.99,0,74.8,3.57
2003,356,19.31,15.92,23.7,323.94,2.2,83.67,3.45
2003,357,18.94,16.36,23.24,309.77,6.7,86.91,3.82
2003,358,20.22,16.91,24.8,409.78,0.7,81.63,3.41
2003,359,20.3,17.16,25.01,417.6,0,83.61,3.95
2003,360,18.96,16.81,22.36,248.07,0.6,86.86,4.58
2003,361,18.91,14.84,23.14,434.42,0,73.13,3.85
2003,362,19.96,15.72,24.86,444.77,0,68.75,3.05
2003,363,20.22,15.6,25.2,410.62,0,77.61,2.63
2003,364,20.21,16.76,25.21,330.63,0,81.03,3.1
2003,365,20.6,17.19,25.44,386.32,0,78.05,2.63
2004,1,19.25,14.12,24.18,280.23,0,62.72,4.63
2004,2,17.98,13.75,23.01,211.09,0.1,72.71,4.88
2004,3,17.25,15.45,20.82,214.32,10.62,87.78,5.48
2004,4,16.94,15.21,19.18,103.83,4.8,89.25,4.65
2004,5,17.62,14.54,21.55,274.51,0.2,77.42,4.38
2004,6,19.42,13.57,24.66,376.05,0,56.91,3.87
2004,7,19.6,14.23,24.56,355.46,0,60.44,4.2
2004,8,19.01,13.81,24.6,361.29,0,73.27,4.48
2004,9,19.48,16.27,24.33,277.82,0,74.98,5.09
2004,10,19.17,15.9,23.54,312.8,0,73.78,4.69
2004,11,19.18,14.34,24.06,300.67,0,70.07,4.13
2004,12,19.84,14.59,25.32,365.58,0,64.35,4.95
2004,13,19.68,13.39,25.11,359.62,0,57.99,4.46
2004,14,19.45,13.8,24.51,341.86,0,57.68,3.85
2004,15,19.78,13.98,24.89,349.03,0,53.19,4.17
2004,16,19.6,14.32,24.98,347.23,0,58.45,4.01
2004,17,19.44,13.62,24.81,280.46,0,61.1,4.05
2004,18,21.2,14.54,27.44,350.85,0,39.06,3.88
2004,19,21.45,15.57,27.25,356.5,0,43.76,3.63
2004,20,20.97,15.4,26.66,353.82,0,53.2,4.18
2004,21,20.88,14.6,26.14,356.25,0,51.04,4.37
2004,22,20.5,16.16,24.79,235.94,0,54.3,4.54
2004,23,20.05,16.04,24.84,262.47,0,65.03,4.02
2004,24,20.01,14.81,25.45,300.24,0,64.15,4.56
2004,25,20.9,14.87,26.58,352.5,0,58.19,4.1
2004,26,18.93,14.78,24.08,340.3,1.72,63.2328,3.64
2004,27,18.93,14.78,24.08,340.3,1.72,63.253312,3.64
2004,28,18.93,14.78,24.08,340.3,1.72,62.87504448,3.64
2004,29,18.93,14.78,24.08,340.3,1.72,61.87884626,3.64
2004,30,18.93,14.78,24.08,340.3,1.72,60.78400011,3.64
2004,31,18.93,14.78,24.08,340.3,1.72,60.11856011,3.64
2004,32,18.93,14.78,24.08,340.3,1.72,60.24690252,3.64
2004,33,18.93,14.78,24.08,340.3,1.72,60.23917862,3.64
2004,34,18.93,14.78,24.08,340.3,1.72,59.71794576,3.64
2004,35,18.93,14.78,24.08,340.3,1.72,59.10746359,3.64
2004,36,18.93,14.78,24.08,340.3,1.72,58.52056214,3.64
2004,37,18.93,14.78,24.08,340.3,1.72,58.05858462,3.64
2004,38,18.93,14.78,24.08,340.3,1.72,57.80692801,3.64
2004,39,18.93,14.78,24.08,340.3,1.72,57.79960513,3.64
2004,40,18.93,14.78,24.08,340.3,1.72,57.80438933,3.64
2004,41,18.93,14.78,24.08,340.3,1.72,57.98896491,3.64
2004,42,18.93,14.78,24.08,340.3,1.72,57.9705235,3.64
2004,43,18.93,14.78,24.08,340.3,1.72,57.84534444,3.64
2004,44,18.93,14.78,24.08,340.3,1.72,58.59675822,3.64
2004,45,18.93,14.78,24.08,340.3,1.72,59.19022855,3.64
2004,46,18.93,14.78,24.08,340.3,1.72,59.42983769,3.64
2004,47,18.93,14.78,24.08,340.3,1.72,59.7654312,3.64
2004,48,18.93,14.78,24.08,340.3,1.72,59.98404845,3.64
2004,49,18.93,14.78,24.08,340.3,1.72,59.78221039,3.64
2004,50,18.93,14.78,24.08,340.3,1.72,59.6074988,3.64
2004,51,18.93,14.78,24.08,340.3,1.72,59.66419875,3.64
2004,52,18.93,14.78,24.08,340.3,1.72,59.5214547,3.64
2004,53,18.93,14.78,24.08,340.3,1.72,59.37218041,3.64
2004,54,18.93,14.78,24.08,340.3,1.72,59.23206585,3.64
2004,55,18.93,14.78,24.08,340.3,1.72,59.12619463,3.64
2004,56,18.93,14.78,24.08,340.3,1.72,59.05988241,3.64
2004,57,18.93,14.78,24.08,340.3,1.72,59.01753531,3.64
2004,58,18.93,14.78,24.08,340.3,1.72,58.96836062,3.64
2004,59,18.93,14.78,24.08,340.3,1.72,58.9175279,3.64
2004,60,18.93,14.78,24.08,352.06,1.72,58.88551118,3.47
2004,61,18.93,14.78,24.08,352.06,1.72,58.87663309,3.47
2004,62,18.93,14.78,24.08,352.06,1.72,58.89087592,3.47
2004,63,18.93,14.78,24.08,352.06,1.72,58.92416758,3.47
2004,64,18.93,14.78,24.08,352.06,1.72,58.96885716,3.47
2004,65,18.93,14.78,24.08,352.06,1.72,59.01562724,3.47
2004,66,18.93,14.78,24.08,352.06,1.72,59.06407676,3.47
2004,67,18.93,14.78,24.08,352.06,1.72,59.10708123,3.47
2004,68,18.93,14.78,24.08,352.06,1.72,59.15254354,3.47
2004,69,18.93,14.78,24.08,352.06,1.72,59.2048315,3.47
2004,70,18.93,14.78,24.08,352.06,1.72,59.22915443,3.47
2004,71,18.93,14.78,24.08,352.06,1.72,59.23071147,3.47
2004,72,18.93,14.78,24.08,352.06,1.72,59.22274642,3.47
2004,73,18.93,14.78,24.08,352.06,1.72,59.20103903,3.47
2004,74,18.93,14.78,24.08,352.06,1.72,59.16971865,3.47
2004,75,18.93,14.78,24.08,352.06,1.72,59.14521898,3.47
2004,76,18.93,14.78,24.08,352.06,1.72,59.12672779,3.47
2004,77,18.93,14.78,24.08,352.06,1.72,59.10522895,3.47
2004,78,18.93,14.78,24.08,352.06,1.72,59.08857992,3.47
2004,79,18.93,14.78,24.08,352.06,1.72,59.0772359,3.47
2004,80,18.93,14.78,24.08,352.06,1.72,59.07104271,3.47
2004,81,18.93,14.78,24.08,352.06,1.72,59.06883663,3.47
2004,82,18.93,14.78,24.08,352.06,1.72,59.0691948,3.47
2004,83,18.93,14.78,24.08,352.06,1.72,59.07126118,3.47
2004,84,18.93,14.78,24.08,352.06,1.72,59.0753772,3.47
2004,85,18.93,14.78,24.08,352.06,1.72,59.08169117,3.47
2004,86,18.93,14.78,24.08,352.06,1.72,59.08953837,3.47
2004,87,18.93,14.78,24.08,352.06,1.72,59.09805458,3.47
2004,88,18.93,14.78,24.08,352.06,1.72,59.10634173,3.47
2004,89,18.93,14.78,24.08,352.06,1.72,59.11362869,3.47
2004,90,18.93,14.78,24.08,352.06,1.72,59.11941956,3.47
2004,91,18.93,14.78,24.08,352.06,1.72,59.12357125,3.47
2004,92,18.93,14.78,24.08,352.06,1.72,59.12595103,3.47
2004,93,18.93,14.78,24.08,352.06,1.72,59.12670582,3.47
2004,94,18.93,14.78,24.08,352.06,1.72,59.12567231,3.47
2004,95,18.93,14.78,24.08,352.06,1.72,59.12250594,3.47
2004,96,18.93,14.78,24.08,352.06,1.72,59.11824,3.47
2004,97,18.93,14.78,24.08,352.06,1.72,59.11374114,3.47
2004,98,18.93,14.78,24.08,352.06,1.72,59.10938093,3.47
2004,99,18.93,14.78,24.08,352.06,1.72,59.10571461,3.47
2004,100,18.93,14.78,24.08,352.06,1.72,59.10315445,3.47
2004,101,18.93,14.78,24.08,352.06,1.72,59.10147187,3.47
2004,102,18.93,14.78,24.08,352.06,1.72,59.10046163,3.47
2004,103,18.93,14.78,24.08,352.06,1.72,59.10027094,3.47
2004,104,18.93,14.78,24.08,352.06,1.72,59.10073858,3.47
2004,105,18.93,14.78,24.08,352.06,1.72,59.10167868,3.47
2004,106,18.93,14.78,24.08,352.06,1.72,59.10290412,3.47
2004,107,18.93,14.78,24.08,352.06,1.72,59.10426682,3.47
2004,108,18.93,14.78,24.08,352.06,1.72,59.1056697,3.47
2004,109,22.3,22.3,22.3,352.06,0,64.7,3.47
2004,110,21.07,17,24.09,352.06,0,71.13,3.74
2004,111,20.16,17.07,25.36,352.06,1,80.23,2.82
2004,112,18.06,16.81,19.59,352.06,17.06,92.29,2.83
2004,113,19.19,15.33,23.64,352.06,0,80.92,2.44
2004,114,20.13,17.32,24.31,352.06,0,81.88,2.65
2004,115,18.92,15.95,22.83,352.06,5.1,86.61,2.42
2004,116,18.55,16.41,22.86,352.06,35,89.17,1.62
2004,117,19.06,15.7,23.06,352.06,0.1,80.9,2.39
2004,118,17.85,16.69,20.08,352.06,11.7,90.83,2.03
2004,119,18.04,15.51,21.49,352.06,0,85.63,2.1
2004,120,18.66,16.79,22.47,352.06,14.3,87.36,2.18
2004,121,18.02,16.16,20.28,352.06,22.6,89.17,2.66
2004,122,18.54,14.62,22.18,352.06,0.6,84.6,2.64
2004,123,18.27,16.54,21.52,352.06,0.1,89.09,3.64
2004,124,18.61,15.12,23.36,352.06,0,83.58,1.96
2004,125,18.67,14.48,23.52,352.06,0,82.14,2.29
2004,126,18.86,15.23,23.42,352.06,0,82.42,2.8
2004,127,18.79,15.61,23.07,352.06,0,83.04,2.71
2004,128,19.09,15.8,23.44,352.06,0,81.1,2.44
2004,129,18.17,16.24,21.58,352.06,0.1,86.29,3.69
2004,130,18.56,16.06,22.68,352.06,0,81.82,3.32
2004,131,18.15,15.1,22.15,352.06,0,82.4,3.2
2004,132,18.06,14.02,23.32,352.06,0,80.69,2.41
2004,133,19.24,15.48,24.25,352.06,0,80.52,2.45
2004,134,19.23,16.33,24.04,352.06,0,79.02,3.41
2004,135,18.59,14.77,23.4,352.06,0,80.56,2.58
2004,136,18.6,14.35,23.74,352.06,0,75.81,2.95
2004,137,19.07,15.98,23.06,352.06,0,78.16,2.98
2004,138,18.29,13.91,22.89,352.06,0,81.01,2.73
2004,139,18.37,14.63,23.8,352.06,0,79.61,2.45
2004,140,19.41,13.13,26.12,352.06,0,72.85,2.35
2004,141,19.27,13.3,24.7,352.06,0,73.65,2.67
2004,142,19.83,15.97,25.45,352.06,0,76.68,2.49
2004,143,19.78,16.04,24.78,352.06,0,77.59,3.21
2004,144,18.99,14.96,23.77,352.06,0,73.95,3.17
2004,145,19.11,14.58,23.87,352.06,0,72.29,3.33
2004,146,18,14.1,22.59,352.06,0,75.42,3.35
2004,147,16.64,12.72,21.05,352.06,0.3,82.01,3.15
2004,148,17.5,14.02,22.45,352.06,0.1,80.72,3.26
2004,149,16.53,14.07,19.75,352.06,2.6,89.1,3.74
2004,150,17.26,13.76,20.82,352.06,0,82.09,2.58
2004,151,18.19,15.48,23.03,165.37,0,78.43,2.52
2004,152,19.1,14.83,24.04,252.18,0,74.88,3.37
2004,153,19.11,15.58,23.99,273.08,2.6,76.13,3.6
2004,154,18,14.69,22.03,69.78,0,80.43,3.46
2004,155,17.66,13.89,22.83,199.47,0,79.68,3.11
2004,156,19.15,14.11,24.66,306.03,0,72.1,2.52
2004,157,18.83,15.25,23.88,200.96,0.2,76.26,3.01
2004,158,18.95,13.44,24.91,360.35,0,62.02,2.54
2004,159,19.36,12.31,26.04,365.95,0,64.25,2.55
2004,160,18.79,15.88,23.8,229.63,0,75.18,3.93
2004,161,18.3,13.62,24.32,251.44,0,74.56,2.85
2004,162,19.59,14.98,24.61,351.39,0,63.15,2.73
2004,163,19.64,14.92,24.48,241.6,0.2,63.95,2.52
2004,164,17.84,13.52,22.29,190.26,0,74.48,2.64
2004,165,18.81,14.98,25.01,245.06,0,78.03,2.24
2004,166,17.89,14.88,21.55,141.38,0,77.07,2.1
2004,167,18.54,14.65,23.95,188.56,0,74.76,2.65
2004,168,16.83,14.59,19.37,54.07,0,80.78,3.03
2004,169,17.38,13.35,22.42,172.24,0,74.23,2.81
2004,170,17.84,12.97,22.96,224.37,0,73.04,2.49
2004,171,18.42,14.65,22.7,138.18,0,77.27,2.83
2004,172,17.83,15.91,20.93,191.66,0,79.93,3.14
2004,173,17.11,14.77,20.05,117.71,0,78.53,2.92
2004,174,16.87,15.44,18.65,61.62,0,81.36,3.27
2004,175,17.72,14.23,22.8,198.47,0,69.59,2.7
2004,176,18.16,13.41,24.21,249.27,0,60.96,2.39
2004,177,16.67,13.5,21.31,115.2,0,76.59,2.67
2004,178,16.59,13.91,20.48,94.91,0,79.69,2.63
2004,179,17.33,12.34,22.77,236.09,0,73.82,2.46
2004,180,16.34,13.54,19.66,114.41,0,79.4,2.51
2004,181,17.5,14.71,21.1,109.4,0,75.77,3.1
2004,182,17.09,14.5,20.39,26.13,0,79.28,3.5
2004,183,16.91,14.71,19.95,85.05,0,75.76,3.45
2004,184,17.14,13.46,21.06,61.39,0,73.3,3.53
2004,185,16.5,13.97,19.82,167.11,0,73.98,3.97
2004,186,15.27,12.43,18.94,12.18,0,79.14,2.19
2004,187,18.06,15.84,19.51,95.63,0,66.31,4.78
2004,188,16.23,14.2,18.34,100.56,0,71.89,4.13
2004,189,16.26,12.37,20.81,159.02,0,72.12,3.26
2004,190,16.77,11.2,23.56,248.11,0,72.19,2.32
2004,191,18.69,10.53,26.26,315.31,0,65.96,2.48
2004,192,18.73,13.05,25.43,289.71,0,67.15,2.61
2004,193,16.82,13.68,20.29,189.55,0,74.61,3
2004,194,16.93,12.67,20.86,192.7,0,72.44,3.07
2004,195,18.08,13.39,23.37,212.77,0,65.2,3.12
2004,196,17.13,12.58,22.48,132.91,0,70.3,2.48
2004,197,16.52,12.53,20.62,203.16,0,72.56,2.49
2004,198,15.86,11.93,19.8,67.65,0,73.96,2.59
2004,199,16.31,12.25,21.51,91.4,0,71.79,3.25
2004,200,16.74,12.41,21.45,65.78,0,73.66,2.79
2004,201,18.82,12.14,25.91,312.23,0,61.97,2.95
2004,202,18.53,13.18,24.25,317.92,0,62.06,3.24
2004,203,17.85,14.49,22.47,64.01,0,70.11,3.15
2004,204,17.62,14.85,21.88,183.78,0,74.82,3.76
2004,205,17.38,13.13,21.38,87.99,0,73.91,2.7
2004,206,18.01,15.6,22.06,164.12,0,74.49,3.37
2004,207,16.77,14.22,22.16,164.8,0,75.2,3.05
2004,208,16.96,12.3,21.48,97.12,0,71.97,2.7
2004,209,16.78,14.6,20.27,100.08,0,75.65,3.99
2004,210,16.67,13.6,21.41,84.46,0,77.88,2.76
2004,211,17.75,12.74,24.26,309.83,0,75.95,2.78
2004,212,18.63,12.91,25.69,320.4,0,71.32,2.99
2004,213,17.26,14.02,21.61,108.1,0,75.7,3.71
2004,214,17.03,13.91,20.32,245.22,0.1,76.65,5.05
2004,215,15.78,15.4,16.35,340.3,0,84.12,3.86
2004,216,18.93,14.78,24.08,340.3,1.72,77.88,3.64
2004,217,18.93,14.78,24.08,340.3,1.72,75.95,3.64
2004,218,18.93,14.78,24.08,340.3,1.72,71.32,3.64
2004,219,18.93,14.78,24.08,340.3,1.72,75.7,3.64
2004,220,19.19,16.1,22.77,340.3,0,60.43,3.98
2004,221,16.3,14.35,19.47,99.72,1.5,82.14,3.25
2004,222,17.41,14.54,21.9,340.3,0,74.2,3.32
2004,223,17.26,13.47,21.84,340.3,0,70.81,2.72
2004,224,16.43,11.83,22.03,340.3,0,69.39,2.8
2004,225,17.57,11.74,23.44,340.3,0,67.25,3.53
2004,226,18.23,12.32,24.09,340.3,0,66.17,3.32
2004,227,19.11,13.96,24.68,340.3,0,69.91,3.56
2004,228,18.74,15.68,22.93,340.3,0,69.27,3.69
2004,229,18.19,14.99,22.6,340.3,0,70.44,3.82
2004,230,17.99,14.35,23.52,340.3,0,68.34,4.51
2004,231,18.84,13.73,25.12,340.3,0,60.16,3.04
2004,232,19.25,12.04,25.81,340.3,0,51.77,3.25
2004,233,19.13,12.72,24.83,340.3,0,55.64,3.8
2004,234,20.08,15.13,25.93,340.3,0,60.22,3.34
2004,235,18.24,12.75,24.9,278.29,0,66.35,3.65
2004,236,18.13,13.52,24.14,286.17,0,67.29,3.42
2004,237,18.43,12.48,24.75,339.26,0,67.22,3.85
2004,238,19.73,14.79,25.96,370.39,0,61.21,3.94
2004,239,19.43,14.24,26.09,348.37,0,62.14,3.64
2004,240,18.38,14.17,23.01,204.73,0,66.11,4.3
2004,241,18.08,13.66,22.52,203.21,0,65.33,4.51
2004,242,18.02,15.12,21.84,184.28,0,72.23,4.32
2004,243,18.07,15.24,22.71,132.61,0,72.33,3.66
2004,244,18.87,15.46,23.51,134.25,0,70.98,3.71
2004,245,18.68,15.53,23.49,177.46,0,71.85,3.22
2004,246,18.9,12.73,25.89,309.28,0,65.73,3.63
2004,247,18.78,14.35,24.48,183.69,0,65.77,3.56
2004,248,19.63,13.74,25.63,239.41,0,65.78,3.22
2004,249,20.42,13.62,26.98,276.93,0,59.99,2.42
2004,250,18.55,15.47,24.24,183.01,23.2,79.81,2.36
2004,251,17.83,15.35,20.88,216.31,1.5,84.97,3.37
2004,252,17.63,15.18,20.3,237.69,0,79.53,3.56
2004,253,18.7,13.12,24.8,304.84,0,69.46,3.47
2004,254,19.63,15.06,25.4,286.39,0,68.96,3.1
2004,255,20.1,15.27,26.39,311.18,0,70.71,2.69
2004,256,18.54,15.58,23.43,212.37,0,78.29,3.58
2004,257,19.3,15.09,24.61,303.08,0,61.66,4.59
2004,258,18.25,15.11,22.31,305.08,0,70.57,3.47
2004,259,19.19,13.58,25.41,335.8,0,67.65,3.06
2004,260,20.08,15.78,27.18,352.88,7.9,69.76,3.16
2004,261,19.27,15.2,24.9,296.61,0,71.05,3.53
2004,262,19.43,14.03,24.85,321.49,0,70.28,3.57
2004,263,20.13,15.04,27.25,425.01,0,68.7,2.81
2004,264,20.11,14.46,26.74,335.61,0,68.67,3.61
2004,265,20.33,15.96,25.85,292.61,0,63.45,4.06
2004,266,19.54,15.6,24.75,214.41,0,65.68,4.21
2004,267,18.87,16.08,24.31,306.57,0,72.24,4.2
2004,268,20.51,14.71,27.22,310.98,0,58.63,3.17
2004,269,20.23,13.96,27.28,291.16,0,64.9,2.78
2004,270,20.27,14.8,26.27,303.74,0,67.24,3.51
2004,271,18.89,16.03,22.69,79.8,0,71.98,3.83
2004,272,19.89,13.95,26.59,315.98,0,67.54,3.7
2004,273,19.74,15.23,26.4,221.85,0,71.17,4.05
2004,274,20.87,16.39,27.58,279.48,0,66.11,3.52
2004,275,20.79,14.59,27.58,290.74,0,61.65,3.22
2004,276,18.98,12.25,25.45,355.89,0,61.51,3.36
2004,277,17.97,16.28,21.07,340.3,0,79.37,4.62
2004,278,18.71,15.17,23.32,340.3,0.1,73.05,3.82
2004,279,20.09,15.8,26.43,340.3,0,67.62,4.09
2004,280,20.12,14.92,26.08,340.3,0,59.02,3.57
2004,281,20.74,13.07,27.9,340.3,0,56.38,3.34
2004,282,21.15,14.46,27.94,340.3,0,61.27,4.24
2004,283,20.8,16.31,27.4,340.3,0,66.42,5.2
2004,284,20.65,14.57,26.53,340.3,0,61.27,4.42
2004,285,21.22,14.61,27.95,29.44,0,58.16,4.01
2004,286,22.07,14.44,29.04,427.23,0,57.17,3.61
2004,287,22.09,16.24,28.14,428.3,0,64.39,5.2
2004,288,21.94,17.65,27.56,348.26,0,67.16,5.57
2004,289,20.65,16.41,25.56,391.86,0.5,73,4.75
2004,290,20.59,17,26.7,287.02,0.1,72.18,3.44
2004,291,21.14,17.4,25.88,391.89,0,71.74,4.22
2004,292,19.67,16.88,24.57,333,0.9,79.34,4.75
2004,293,19.63,14.75,24.34,333.2,0,70.86,3.97
2004,294,20.13,15.77,25.43,317.38,0,68.67,4.18
2004,295,21.29,16.21,26.31,335.48,0,56.17,3.38
2004,296,20.92,15.51,26.96,386.79,0,56.58,3.52
2004,297,21.26,15.27,26.84,361.83,0,62.73,3.41
2004,298,21.43,17.08,26.31,373.89,0,67.31,4.54
2004,299,19.75,16.89,24.27,302.02,1.9,76.47,4.64
2004,300,19.99,16.11,24.47,275.17,0,70.49,3.55
2004,301,20.44,15.29,26.18,299.92,0,67.55,3.87
2004,302,20.44,16.2,25.09,293.17,0,66.86,3.74
2004,303,19.84,16.07,25.11,320.12,0,72.71,4.13
2004,304,19.58,16.66,24.13,286.44,4.5,78.4,4.26
2004,305,20.19,15.98,25.04,301.58,0,72.37,3.77
2004,306,18.89,16.55,22.21,304.4,32.9,85.22,3.63
2004,307,18.28,16.62,22.5,326.5,8.3,88.67,3.3
2004,308,18.22,15.53,21.34,294.16,8.6,84.66,3.2
2004,309,18.8,16.42,23.16,313,7.2,85.41,3
2004,310,19.32,16.17,24.13,442.3,28.39,81.98,3.32
2004,311,19.12,15.6,23.81,471.37,35.8,82.53,2.9
2004,312,18.59,16.89,21.94,329.38,3.1,88.16,3.48
2004,313,19.14,15.53,23.06,388.75,0,78.03,3.7
2004,314,18.8,16.01,22.5,265.7,17.8,85.21,3.72
2004,315,18.04,15.14,21.42,278.59,11.1,87.17,4.04
2004,316,18.82,16.5,23.13,342.78,4.4,86.05,3.73
2004,317,18.97,16.48,22.72,418.36,3.9,87.41,4.58
2004,318,18.57,16.33,23.09,332.43,22.2,89.79,2.51
2004,319,18.42,16.63,22.5,327.11,5.7,89.16,3.26
2004,320,18.56,16.26,22.07,379.33,6.6,87.77,3.73
2004,321,18.58,16.27,22.19,301.92,2.5,87.67,3.39
2004,322,19.16,16.24,23.04,360.37,1.74,82.42,3.52
2004,323,19.33,16.45,23.33,426.02,1.4,82.05,3.47
2004,324,18.81,15.89,23.3,398.04,0.4,85.17,3.46
2004,325,18.89,16.91,22.18,319.64,14.2,87.74,3.58
2004,326,18.29,16.52,21.89,360.61,8.7,91.68,4.05
2004,327,18.41,16.01,21.81,332.88,3.6,87.89,4.08
2004,328,18.6,16.2,22.59,392.39,9,87.44,3.59
2004,329,18.63,16.17,22.4,319.92,6.8,87.22,2.76
2004,330,18.31,15.64,21.96,339,8.4,89.85,3.28
2004,331,19.47,15.78,24.04,471.51,2.6,77.23,3.81
2004,332,19.07,16.67,23.43,349.55,0,83.95,3.15
2004,333,19.54,16.52,23.98,498.21,0,75.99,3.76
2004,334,19.2,15.46,23.4,483.41,0,72.17,3.74
2004,335,19.08,14.87,23.94,461.96,0,71.36,3.2
2004,336,19.51,14.76,24.39,411.98,0,75.32,3.14
2004,337,19.26,16.65,23.41,401.68,0,82.54,3.88
2004,338,18.98,15.93,23.5,363.5,0,80.18,3.54
2004,339,19.21,15.7,24.03,404.09,0,75.45,2.89
2004,340,19.08,16.36,23.58,383.18,0,79.45,2.86
2004,341,19.16,13.78,24.68,473.77,0,76.59,2.78
2004,342,19.31,14.63,24.83,446.49,0,70.69,2.85
2004,343,18.69,14.4,23.86,398.57,0,78.08,2.72
2004,344,19.39,16.5,23.57,397.26,0.8,80.59,4.16
2004,345,19.18,15.52,23.85,396.18,0.1,80.1,3.6
2004,346,19.24,15,24.28,353.75,0,81.24,2.85
2004,347,19.64,15.87,24.75,349.7,0,82.55,2.64
2004,348,19.65,17.22,23.88,355.75,0.1,85.12,3.01
2004,349,18.97,16.04,22.86,373.16,4.7,87.32,4.19
2004,350,18.27,16.3,21.59,235.59,0,85.91,4.21
2004,351,18.93,15.66,23.38,376.45,0,79.05,3.99
2004,352,18.79,15.6,23.31,400.29,0.1,80.3,3.54
2004,353,19.29,16.03,23.73,350.94,0,76.19,2.57
2004,354,18.81,14.53,23.85,403.15,0,78.18,2.74
2004,355,19.55,15.62,24.47,407.99,0,74.8,3.57
2004,356,19.31,15.92,23.7,323.94,2.2,83.67,3.45
2004,357,18.94,16.36,23.24,309.77,6.7,86.91,3.82
2004,358,20.22,16.91,24.8,409.78,0.7,81.63,3.41
2004,359,20.3,17.16,25.01,417.6,0,83.61,3.95
2004,360,18.96,16.81,22.36,248.07,0.6,86.86,4.58
2004,361,18.91,14.84,23.14,434.42,0,73.13,3.85
2004,362,19.96,15.72,24.86,444.77,0,68.75,3.05
2004,363,20.22,15.6,25.2,410.62,0,77.61,2.63
2004,364,20.21,16.76,25.21,330.63,0,81.03,3.1
2004,365,20.6,17.19,25.44,386.32,0,78.05,2.63
2005,1,19.25,14.12,24.18,280.23,0,62.72,4.63
2005,2,17.98,13.75,23.01,211.09,0.1,72.71,4.88
2005,3,17.25,15.45,20.82,214.32,10.62,87.78,5.48
2005,4,16.94,15.21,19.18,103.83,4.8,89.25,4.65
2005,5,17.62,14.54,21.55,274.51,0.2,77.42,4.38
2005,6,19.42,13.57,24.66,376.05,0,56.91,3.87
2005,7,19.6,14.23,24.56,355.46,0,60.44,4.2
2005,8,19.01,13.81,24.6,361.29,0,73.27,4.48
2005,9,19.48,16.27,24.33,277.82,0,74.98,5.09
2005,10,19.17,15.9,23.54,312.8,0,73.78,4.69
2005,11,19.18,14.34,24.06,300.67,0,70.07,4.13
2005,12,19.84,14.59,25.32,365.58,0,64.35,4.95
2005,13,19.68,13.39,25.11,359.62,0,57.99,4.46
2005,14,19.45,13.8,24.51,341.86,0,57.68,3.85
2005,15,19.78,13.98,24.89,349.03,0,53.19,4.17
2005,16,19.6,14.32,24.98,347.23,0,58.45,4.01
2005,17,19.44,13.62,24.81,280.46,0,61.1,4.05
2005,18,21.2,14.54,27.44,350.85,0,39.06,3.88
2005,19,21.45,15.57,27.25,356.5,0,43.76,3.63
2005,20,20.97,15.4,26.66,353.82,0,53.2,4.18
2005,21,20.88,14.6,26.14,356.25,0,51.04,4.37
2005,22,20.5,16.16,24.79,235.94,0,54.3,4.54
2005,23,20.05,16.04,24.84,262.47,0,65.03,4.02
2005,24,20.01,14.81,25.45,300.24,0,64.15,4.56
2005,25,20.9,14.87,26.58,352.5,0,58.19,4.1
2005,26,18.93,14.78,24.08,340.3,1.72,63.2328,3.64
2005,27,18.93,14.78,24.08,340.3,1.72,63.253312,3.64
2005,28,18.93,14.78,24.08,340.3,1.72,62.87504448,3.64
2005,29,18.93,14.78,24.08,340.3,1.72,61.87884626,3.64
2005,30,18.93,14.78,24.08,340.3,1.72,60.78400011,3.64
2005,31,18.93,14.78,24.08,340.3,1.72,60.11856011,3.64
2005,32,18.93,14.78,24.08,340.3,1.72,60.24690252,3.64
2005,33,18.93,14.78,24.08,340.3,1.72,60.23917862,3.64
2005,34,18.93,14.78,24.08,340.3,1.72,59.71794576,3.64
2005,35,18.93,14.78,24.08,340.3,1.72,59.10746359,3.64
2005,36,18.93,14.78,24.08,340.3,1.72,58.52056214,3.64
2005,37,18.93,14.78,24.08,340.3,1.72,58.05858462,3.64
2005,38,18.93,14.78,24.08,340.3,1.72,57.80692801,3.64
2005,39,18.93,14.78,24.08,340.3,1.72,57.79960513,3.64
2005,40,18.93,14.78,24.08,340.3,1.72,57.80438933,3.64
2005,41,18.93,14.78,24.08,340.3,1.72,57.98896491,3.64
2005,42,18.93,14.78,24.08,340.3,1.72,57.9705235,3.64
2005,43,18.93,14.78,24.08,340.3,1.72,57.84534444,3.64
2005,44,18.93,14.78,24.08,340.3,1.72,58.59675822,3.64
2005,45,18.93,14.78,24.08,340.3,1.72,59.19022855,3.64
2005,46,18.93,14.78,24.08,340.3,1.72,59.42983769,3.64
2005,47,18.93,14.78,24.08,340.3,1.72,59.7654312,3.64
2005,48,18.93,14.78,24.08,340.3,1.72,59.98404845,3.64
2005,49,18.93,14.78,24.08,340.3,1.72,59.78221039,3.64
2005,50,18.93,14.78,24.08,340.3,1.72,59.6074988,3.64
2005,51,18.93,14.78,24.08,340.3,1.72,59.66419875,3.64
2005,52,18.93,14.78,24.08,340.3,1.72,59.5214547,3.64
2005,53,18.93,14.78,24.08,340.3,1.72,59.37218041,3.64
2005,54,18.93,14.78,24.08,340.3,1.72,59.23206585,3.64
2005,55,18.93,14.78,24.08,340.3,1.72,59.12619463,3.64
2005,56,18.93,14.78,24.08,340.3,1.72,59.05988241,3.64
2005,57,18.93,14.78,24.08,340.3,1.72,59.01753531,3.64
2005,58,18.93,14.78,24.08,340.3,1.72,58.96836062,3.64
2005,59,18.93,14.78,24.08,340.3,1.72,58.9175279,3.64
2005,60,18.93,14.78,24.08,352.06,1.72,58.88551118,3.47
2005,61,18.93,14.78,24.08,352.06,1.72,58.87663309,3.47
2005,62,18.93,14.78,24.08,352.06,1.72,58.89087592,3.47
2005,63,18.93,14.78,24.08,352.06,1.72,58.92416758,3.47
2005,64,18.93,14.78,24.08,352.06,1.72,58.96885716,3.47
2005,65,18.93,14.78,24.08,352.06,1.72,59.01562724,3.47
2005,66,18.93,14.78,24.08,352.06,1.72,59.06407676,3.47
2005,67,18.93,14.78,24.08,352.06,1.72,59.10708123,3.47
2005,68,18.93,14.78,24.08,352.06,1.72,59.15254354,3.47
2005,69,18.93,14.78,24.08,352.06,1.72,59.2048315,3.47
2005,70,18.93,14.78,24.08,352.06,1.72,59.22915443,3.47
2005,71,18.93,14.78,24.08,352.06,1.72,59.23071147,3.47
2005,72,18.93,14.78,24.08,352.06,1.72,59.22274642,3.47
2005,73,18.93,14.78,24.08,352.06,1.72,59.20103903,3.47
2005,74,18.93,14.78,24.08,352.06,1.72,59.16971865,3.47
2005,75,18.93,14.78,24.08,352.06,1.72,59.14521898,3.47
2005,76,18.93,14.78,24.08,352.06,1.72,59.12672779,3.47
2005,77,18.93,14.78,24.08,352.06,1.72,59.10522895,3.47
2005,78,18.93,14.78,24.08,352.06,1.72,59.08857992,3.47
2005,79,18.93,14.78,24.08,352.06,1.72,59.0772359,3.47
2005,80,18.93,14.78,24.08,352.06,1.72,59.07104271,3.47
2005,81,18.93,14.78,24.08,352.06,1.72,59.06883663,3.47
2005,82,18.93,14.78,24.08,352.06,1.72,59.0691948,3.47
2005,83,18.93,14.78,24.08,352.06,1.72,59.07126118,3.47
2005,84,18.93,14.78,24.08,352.06,1.72,59.0753772,3.47
2005,85,18.93,14.78,24.08,352.06,1.72,59.08169117,3.47
2005,86,18.93,14.78,24.08,352.06,1.72,59.08953837,3.47
2005,87,18.93,14.78,24.08,352.06,1.72,59.09805458,3.47
2005,88,18.93,14.78,24.08,352.06,1.72,59.10634173,3.47
2005,89,18.93,14.78,24.08,352.06,1.72,59.11362869,3.47
2005,90,18.93,14.78,24.08,352.06,1.72,59.11941956,3.47
2005,91,18.93,14.78,24.08,352.06,1.72,59.12357125,3.47
2005,92,18.93,14.78,24.08,352.06,1.72,59.12595103,3.47
2005,93,18.93,14.78,24.08,352.06,1.72,59.12670582,3.47
2005,94,18.93,14.78,24.08,352.06,1.72,59.12567231,3.47
2005,95,18.93,14.78,24.08,352.06,1.72,59.12250594,3.47
2005,96,18.93,14.78,24.08,352.06,1.72,59.11824,3.47
2005,97,18.93,14.78,24.08,352.06,1.72,59.11374114,3.47
2005,98,18.93,14.78,24.08,352.06,1.72,59.10938093,3.47
2005,99,18.93,14.78,24.08,352.06,1.72,59.10571461,3.47
2005,100,18.93,14.78,24.08,352.06,1.72,59.10315445,3.47
2005,101,18.93,14.78,24.08,352.06,1.72,59.10147187,3.47
2005,102,18.93,14.78,24.08,352.06,1.72,59.10046163,3.47
2005,103,18.93,14.78,24.08,352.06,1.72,59.10027094,3.47
2005,104,18.93,14.78,24.08,352.06,1.72,59.10073858,3.47
2005,105,18.93,14.78,24.08,352.06,1.72,59.10167868,3.47
2005,106,18.93,14.78,24.08,352.06,1.72,59.10290412,3.47
2005,107,18.93,14.78,24.08,352.06,1.72,59.10426682,3.47
2005,108,18.93,14.78,24.08,352.06,1.72,59.1056697,3.47
2005,109,22.3,22.3,22.3,352.06,0,64.7,3.47
2005,110,21.07,17,24.09,352.06,0,71.13,3.74
2005,111,20.16,17.07,25.36,352.06,1,80.23,2.82
2005,112,18.06,16.81,19.59,352.06,17.06,92.29,2.83
2005,113,19.19,15.33,23.64,352.06,0,80.92,2.44
2005,114,20.13,17.32,24.31,352.06,0,81.88,2.65
2005,115,18.92,15.95,22.83,352.06,5.1,86.61,2.42
2005,116,18.55,16.41,22.86,352.06,35,89.17,1.62
2005,117,19.06,15.7,23.06,352.06,0.1,80.9,2.39
2005,118,17.85,16.69,20.08,352.06,11.7,90.83,2.03
2005,119,18.04,15.51,21.49,352.06,0,85.63,2.1
2005,120,18.66,16.79,22.47,352.06,14.3,87.36,2.18
2005,121,18.02,16.16,20.28,352.06,22.6,89.17,2.66
2005,122,18.54,14.62,22.18,352.06,0.6,84.6,2.64
2005,123,18.27,16.54,21.52,352.06,0.1,89.09,3.64
2005,124,18.61,15.12,23.36,352.06,0,83.58,1.96
2005,125,18.67,14.48,23.52,352.06,0,82.14,2.29
2005,126,18.86,15.23,23.42,352.06,0,82.42,2.8
2005,127,18.79,15.61,23.07,352.06,0,83.04,2.71
2005,128,19.09,15.8,23.44,352.06,0,81.1,2.44
2005,129,18.17,16.24,21.58,352.06,0.1,86.29,3.69
2005,130,18.56,16.06,22.68,352.06,0,81.82,3.32
2005,131,18.15,15.1,22.15,352.06,0,82.4,3.2
2005,132,18.06,14.02,23.32,352.06,0,80.69,2.41
2005,133,19.24,15.48,24.25,352.06,0,80.52,2.45
2005,134,19.23,16.33,24.04,352.06,0,79.02,3.41
2005,135,18.59,14.77,23.4,352.06,0,80.56,2.58
2005,136,18.6,14.35,23.74,352.06,0,75.81,2.95
2005,137,19.07,15.98,23.06,352.06,0,78.16,2.98
2005,138,18.29,13.91,22.89,352.06,0,81.01,2.73
2005,139,18.37,14.63,23.8,352.06,0,79.61,2.45
2005,140,19.41,13.13,26.12,352.06,0,72.85,2.35
2005,141,19.27,13.3,24.7,352.06,0,73.65,2.67
2005,142,19.83,15.97,25.45,352.06,0,76.68,2.49
2005,143,19.78,16.04,24.78,352.06,0,77.59,3.21
2005,144,18.99,14.96,23.77,352.06,0,73.95,3.17
2005,145,19.11,14.58,23.87,352.06,0,72.29,3.33
2005,146,18,14.1,22.59,352.06,0,75.42,3.35
2005,147,16.64,12.72,21.05,352.06,0.3,82.01,3.15
2005,148,17.5,14.02,22.45,352.06,0.1,80.72,3.26
2005,149,16.53,14.07,19.75,352.06,2.6,89.1,3.74
2005,150,17.26,13.76,20.82,352.06,0,82.09,2.58
2005,151,18.19,15.48,23.03,165.37,0,78.43,2.52
2005,152,19.1,14.83,24.04,252.18,0,74.88,3.37
2005,153,19.11,15.58,23.99,273.08,2.6,76.13,3.6
2005,154,18,14.69,22.03,69.78,0,80.43,3.46
2005,155,17.66,13.89,22.83,199.47,0,79.68,3.11
2005,156,19.15,14.11,24.66,306.03,0,72.1,2.52
2005,157,18.83,15.25,23.88,200.96,0.2,76.26,3.01
2005,158,18.95,13.44,24.91,360.35,0,62.02,2.54
2005,159,19.36,12.31,26.04,365.95,0,64.25,2.55
2005,160,18.79,15.88,23.8,229.63,0,75.18,3.93
2005,161,18.3,13.62,24.32,251.44,0,74.56,2.85
2005,162,19.59,14.98,24.61,351.39,0,63.15,2.73
2005,163,19.64,14.92,24.48,241.6,0.2,63.95,2.52
2005,164,17.84,13.52,22.29,190.26,0,74.48,2.64
2005,165,18.81,14.98,25.01,245.06,0,78.03,2.24
2005,166,17.89,14.88,21.55,141.38,0,77.07,2.1
2005,167,18.54,14.65,23.95,188.56,0,74.76,2.65
2005,168,16.83,14.59,19.37,54.07,0,80.78,3.03
2005,169,17.38,13.35,22.42,172.24,0,74.23,2.81
2005,170,17.84,12.97,22.96,224.37,0,73.04,2.49
2005,171,18.42,14.65,22.7,138.18,0,77.27,2.83
2005,172,17.83,15.91,20.93,191.66,0,79.93,3.14
2005,173,17.11,14.77,20.05,117.71,0,78.53,2.92
2005,174,16.87,15.44,18.65,61.62,0,81.36,3.27
2005,175,17.72,14.23,22.8,198.47,0,69.59,2.7
2005,176,18.16,13.41,24.21,249.27,0,60.96,2.39
2005,177,16.67,13.5,21.31,115.2,0,76.59,2.67
2005,178,16.59,13.91,20.48,94.91,0,79.69,2.63
2005,179,17.33,12.34,22.77,236.09,0,73.82,2.46
2005,180,16.34,13.54,19.66,114.41,0,79.4,2.51
2005,181,17.5,14.71,21.1,109.4,0,75.77,3.1
2005,182,17.09,14.5,20.39,26.13,0,79.28,3.5
2005,183,16.91,14.71,19.95,85.05,0,75.76,3.45
2005,184,17.14,13.46,21.06,61.39,0,73.3,3.53
2005,185,16.5,13.97,19.82,167.11,0,73.98,3.97
2005,186,15.27,12.43,18.94,12.18,0,79.14,2.19
2005,187,18.06,15.84,19.51,95.63,0,66.31,4.78
2005,188,16.23,14.2,18.34,100.56,0,71.89,4.13
2005,189,16.26,12.37,20.81,159.02,0,72.12,3.26
2005,190,16.77,11.2,23.56,248.11,0,72.19,2.32
2005,191,18.69,10.53,26.26,315.31,0,65.96,2.48
2005,192,18.73,13.05,25.43,289.71,0,67.15,2.61
2005,193,16.82,13.68,20.29,189.55,0,74.61,3
2005,194,16.93,12.67,20.86,192.7,0,72.44,3.07
2005,195,18.08,13.39,23.37,212.77,0,65.2,3.12
2005,196,17.13,12.58,22.48,132.91,0,70.3,2.48
2005,197,16.52,12.53,20.62,203.16,0,72.56,2.49
2005,198,15.86,11.93,19.8,67.65,0,73.96,2.59
2005,199,16.31,12.25,21.51,91.4,0,71.79,3.25
2005,200,16.74,12.41,21.45,65.78,0,73.66,2.79
2005,201,18.82,12.14,25.91,312.23,0,61.97,2.95
2005,202,18.53,13.18,24.25,317.92,0,62.06,3.24
2005,203,17.85,14.49,22.47,64.01,0,70.11,3.15
2005,204,17.62,14.85,21.88,183.78,0,74.82,3.76
2005,205,17.38,13.13,21.38,87.99,0,73.91,2.7
2005,206,18.01,15.6,22.06,164.12,0,74.49,3.37
2005,207,16.77,14.22,22.16,164.8,0,75.2,3.05
2005,208,16.96,12.3,21.48,97.12,0,71.97,2.7
2005,209,16.78,14.6,20.27,100.08,0,75.65,3.99
2005,210,16.67,13.6,21.41,84.46,0,77.88,2.76
2005,211,17.75,12.74,24.26,309.83,0,75.95,2.78
2005,212,18.63,12.91,25.69,320.4,0,71.32,2.99
2005,213,17.26,14.02,21.61,108.1,0,75.7,3.71
2005,214,17.03,13.91,20.32,245.22,0.1,76.65,5.05
2005,215,15.78,15.4,16.35,340.3,0,84.12,3.86
2005,216,18.93,14.78,24.08,340.3,1.72,77.88,3.64
2005,217,18.93,14.78,24.08,340.3,1.72,75.95,3.64
2005,218,18.93,14.78,24.08,340.3,1.72,71.32,3.64
2005,219,18.93,14.78,24.08,340.3,1.72,75.7,3.64
2005,220,19.19,16.1,22.77,340.3,0,60.43,3.98
2005,221,16.3,14.35,19.47,99.72,1.5,82.14,3.25
2005,222,17.41,14.54,21.9,340.3,0,74.2,3.32
2005,223,17.26,13.47,21.84,340.3,0,70.81,2.72
2005,224,16.43,11.83,22.03,340.3,0,69.39,2.8
2005,225,17.57,11.74,23.44,340.3,0,67.25,3.53
2005,226,18.23,12.32,24.09,340.3,0,66.17,3.32
2005,227,19.11,13.96,24.68,340.3,0,69.91,3.56
2005,228,18.74,15.68,22.93,340.3,0,69.27,3.69
2005,229,18.19,14.99,22.6,340.3,0,70.44,3.82
2005,230,17.99,14.35,23.52,340.3,0,68.34,4.51
2005,231,18.84,13.73,25.12,340.3,0,60.16,3.04
2005,232,19.25,12.04,25.81,340.3,0,51.77,3.25
2005,233,19.13,12.72,24.83,340.3,0,55.64,3.8
2005,234,20.08,15.13,25.93,340.3,0,60.22,3.34
2005,235,18.24,12.75,24.9,278.29,0,66.35,3.65
2005,236,18.13,13.52,24.14,286.17,0,67.29,3.42
2005,237,18.43,12.48,24.75,339.26,0,67.22,3.85
2005,238,19.73,14.79,25.96,370.39,0,61.21,3.94
2005,239,19.43,14.24,26.09,348.37,0,62.14,3.64
2005,240,18.38,14.17,23.01,204.73,0,66.11,4.3
2005,241,18.08,13.66,22.52,203.21,0,65.33,4.51
2005,242,18.02,15.12,21.84,184.28,0,72.23,4.32
2005,243,18.07,15.24,22.71,132.61,0,72.33,3.66
2005,244,18.87,15.46,23.51,134.25,0,70.98,3.71
2005,245,18.68,15.53,23.49,177.46,0,71.85,3.22
2005,246,18.9,12.73,25.89,309.28,0,65.73,3.63
2005,247,18.78,14.35,24.48,183.69,0,65.77,3.56
2005,248,19.63,13.74,25.63,239.41,0,65.78,3.22
2005,249,20.42,13.62,26.98,276.93,0,59.99,2.42
2005,250,18.55,15.47,24.24,183.01,23.2,79.81,2.36
2005,251,17.83,15.35,20.88,216.31,1.5,84.97,3.37
2005,252,17.63,15.18,20.3,237.69,0,79.53,3.56
2005,253,18.7,13.12,24.8,304.84,0,69.46,3.47
2005,254,19.63,15.06,25.4,286.39,0,68.96,3.1
2005,255,20.1,15.27,26.39,311.18,0,70.71,2.69
2005,256,18.54,15.58,23.43,212.37,0,78.29,3.58
2005,257,19.3,15.09,24.61,303.08,0,61.66,4.59
2005,258,18.25,15.11,22.31,305.08,0,70.57,3.47
2005,259,19.19,13.58,25.41,335.8,0,67.65,3.06
2005,260,20.08,15.78,27.18,352.88,7.9,69.76,3.16
2005,261,19.27,15.2,24.9,296.61,0,71.05,3.53
2005,262,19.43,14.03,24.85,321.49,0,70.28,3.57
2005,263,20.13,15.04,27.25,425.01,0,68.7,2.81
2005,264,20.11,14.46,26.74,335.61,0,68.67,3.61
2005,265,20.33,15.96,25.85,292.61,0,63.45,4.06
2005,266,19.54,15.6,24.75,214.41,0,65.68,4.21
2005,267,18.87,16.08,24.31,306.57,0,72.24,4.2
2005,268,20.51,14.71,27.22,310.98,0,58.63,3.17
2005,269,20.23,13.96,27.28,291.16,0,64.9,2.78
2005,270,20.27,14.8,26.27,303.74,0,67.24,3.51
2005,271,18.89,16.03,22.69,79.8,0,71.98,3.83
2005,272,19.89,13.95,26.59,315.98,0,67.54,3.7
2005,273,19.74,15.23,26.4,221.85,0,71.17,4.05
2005,274,20.87,16.39,27.58,279.48,0,66.11,3.52
2005,275,20.79,14.59,27.58,290.74,0,61.65,3.22
2005,276,18.98,12.25,25.45,355.89,0,61.51,3.36
2005,277,17.97,16.28,21.07,340.3,0,79.37,4.62
2005,278,18.71,15.17,23.32,340.3,0.1,73.05,3.82
2005,279,20.09,15.8,26.43,340.3,0,67.62,4.09
2005,280,20.12,14.92,26.08,340.3,0,59.02,3.57
2005,281,20.74,13.07,27.9,340.3,0,56.38,3.34
2005,282,21.15,14.46,27.94,340.3,0,61.27,4.24
2005,283,20.8,16.31,27.4,340.3,0,66.42,5.2
2005,284,20.65,14.57,26.53,340.3,0,61.27,4.42
2005,285,21.22,14.61,27.95,29.44,0,58.16,4.01
2005,286,22.07,14.44,29.04,427.23,0,57.17,3.61
2005,287,22.09,16.24,28.14,428.3,0,64.39,5.2
2005,288,21.94,17.65,27.56,348.26,0,67.16,5.57
2005,289,20.65,16.41,25.56,391.86,0.5,73,4.75
2005,290,20.59,17,26.7,287.02,0.1,72.18,3.44
2005,291,21.14,17.4,25.88,391.89,0,71.74,4.22
2005,292,19.67,16.88,24.57,333,0.9,79.34,4.75
2005,293,19.63,14.75,24.34,333.2,0,70.86,3.97
2005,294,20.13,15.77,25.43,317.38,0,68.67,4.18
2005,295,21.29,16.21,26.31,335.48,0,56.17,3.38
2005,296,20.92,15.51,26.96,386.79,0,56.58,3.52
2005,297,21.26,15.27,26.84,361.83,0,62.73,3.41
2005,298,21.43,17.08,26.31,373.89,0,67.31,4.54
2005,299,19.75,16.89,24.27,302.02,1.9,76.47,4.64
2005,300,19.99,16.11,24.47,275.17,0,70.49,3.55
2005,301,20.44,15.29,26.18,299.92,0,67.55,3.87
2005,302,20.44,16.2,25.09,293.17,0,66.86,3.74
2005,303,19.84,16.07,25.11,320.12,0,72.71,4.13
2005,304,19.58,16.66,24.13,286.44,4.5,78.4,4.26
2005,305,20.19,15.98,25.04,301.58,0,72.37,3.77
2005,306,18.89,16.55,22.21,304.4,32.9,85.22,3.63
2005,307,18.28,16.62,22.5,326.5,8.3,88.67,3.3
2005,308,18.22,15.53,21.34,294.16,8.6,84.66,3.2
2005,309,18.8,16.42,23.16,313,7.2,85.41,3
2005,310,19.32,16.17,24.13,442.3,28.39,81.98,3.32
2005,311,19.12,15.6,23.81,471.37,35.8,82.53,2.9
2005,312,18.59,16.89,21.94,329.38,3.1,88.16,3.48
2005,313,19.14,15.53,23.06,388.75,0,78.03,3.7
2005,314,18.8,16.01,22.5,265.7,17.8,85.21,3.72
2005,315,18.04,15.14,21.42,278.59,11.1,87.17,4.04
2005,316,18.82,16.5,23.13,342.78,4.4,86.05,3.73
2005,317,18.97,16.48,22.72,418.36,3.9,87.41,4.58
2005,318,18.57,16.33,23.09,332.43,22.2,89.79,2.51
2005,319,18.42,16.63,22.5,327.11,5.7,89.16,3.26
2005,320,18.56,16.26,22.07,379.33,6.6,87.77,3.73
2005,321,18.58,16.27,22.19,301.92,2.5,87.67,3.39
2005,322,19.16,16.24,23.04,360.37,1.74,82.42,3.52
2005,323,19.33,16.45,23.33,426.02,1.4,82.05,3.47
2005,324,18.81,15.89,23.3,398.04,0.4,85.17,3.46
2005,325,18.89,16.91,22.18,319.64,14.2,87.74,3.58
2005,326,18.29,16.52,21.89,360.61,8.7,91.68,4.05
2005,327,18.41,16.01,21.81,332.88,3.6,87.89,4.08
2005,328,18.6,16.2,22.59,392.39,9,87.44,3.59
2005,329,18.63,16.17,22.4,319.92,6.8,87.22,2.76
2005,330,18.31,15.64,21.96,339,8.4,89.85,3.28
2005,331,19.47,15.78,24.04,471.51,2.6,77.23,3.81
2005,332,19.07,16.67,23.43,349.55,0,83.95,3.15
2005,333,19.54,16.52,23.98,498.21,0,75.99,3.76
2005,334,19.2,15.46,23.4,483.41,0,72.17,3.74
2005,335,19.08,14.87,23.94,461.96,0,71.36,3.2
2005,336,19.51,14.76,24.39,411.98,0,75.32,3.14
2005,337,19.26,16.65,23.41,401.68,0,82.54,3.88
2005,338,18.98,15.93,23.5,363.5,0,80.18,3.54
2005,339,19.21,15.7,24.03,404.09,0,75.45,2.89
2005,340,19.08,16.36,23.58,383.18,0,79.45,2.86
2005,341,19.16,13.78,24.68,473.77,0,76.59,2.78
2005,342,19.31,14.63,24.83,446.49,0,70.69,2.85
2005,343,18.69,14.4,23.86,398.57,0,78.08,2.72
2005,344,19.39,16.5,23.57,397.26,0.8,80.59,4.16
2005,345,19.18,15.52,23.85,396.18,0.1,80.1,3.6
2005,346,19.24,15,24.28,353.75,0,81.24,2.85
2005,347,19.64,15.87,24.75,349.7,0,82.55,2.64
2005,348,19.65,17.22,23.88,355.75,0.1,85.12,3.01
2005,349,18.97,16.04,22.86,373.16,4.7,87.32,4.19
2005,350,18.27,16.3,21.59,235.59,0,85.91,4.21
2005,351,18.93,15.66,23.38,376.45,0,79.05,3.99
2005,352,18.79,15.6,23.31,400.29,0.1,80.3,3.54
2005,353,19.29,16.03,23.73,350.94,0,76.19,2.57
2005,354,18.81,14.53,23.85,403.15,0,78.18,2.74
2005,355,19.55,15.62,24.47,407.99,0,74.8,3.57
2005,356,19.31,15.92,23.7,323.94,2.2,83.67,3.45
2005,357,18.94,16.36,23.24,309.77,6.7,86.91,3.82
2005,358,20.22,16.91,24.8,409.78,0.7,81.63,3.41
2005,359,20.3,17.16,25.01,417.6,0,83.61,3.95
2005,360,18.96,16.81,22.36,248.07,0.6,86.86,4.58
2005,361,18.91,14.84,23.14,434.42,0,73.13,3.85
2005,362,19.96,15.72,24.86,444.77,0,68.75,3.05
2005,363,20.22,15.6,25.2,410.62,0,77.61,2.63
2005,364,20.21,16.76,25.21,330.63,0,81.03,3.1
2005,365,20.6,17.19,25.44,386.32,0,78.05,2.63
2006,1,19.25,14.12,24.18,280.23,0,62.72,4.63
2006,2,17.98,13.75,23.01,211.09,0.1,72.71,4.88
2006,3,17.25,15.45,20.82,214.32,10.62,87.78,5.48
2006,4,16.94,15.21,19.18,103.83,4.8,89.25,4.65
2006,5,17.62,14.54,21.55,274.51,0.2,77.42,4.38
2006,6,19.42,13.57,24.66,376.05,0,56.91,3.87
2006,7,19.6,14.23,24.56,355.46,0,60.44,4.2
2006,8,19.01,13.81,24.6,361.29,0,73.27,4.48
2006,9,19.48,16.27,24.33,277.82,0,74.98,5.09
2006,10,19.17,15.9,23.54,312.8,0,73.78,4.69
2006,11,19.18,14.34,24.06,300.67,0,70.07,4.13
2006,12,19.84,14.59,25.32,365.58,0,64.35,4.95
2006,13,19.68,13.39,25.11,359.62,0,57.99,4.46
2006,14,19.45,13.8,24.51,341.86,0,57.68,3.85
2006,15,19.78,13.98,24.89,349.03,0,53.19,4.17
2006,16,19.6,14.32,24.98,347.23,0,58.45,4.01
2006,17,19.44,13.62,24.81,280.46,0,61.1,4.05
2006,18,21.2,14.54,27.44,350.85,0,39.06,3.88
2006,19,21.45,15.57,27.25,356.5,0,43.76,3.63
2006,20,20.97,15.4,26.66,353.82,0,53.2,4.18
2006,21,20.88,14.6,26.14,356.25,0,51.04,4.37
2006,22,20.5,16.16,24.79,235.94,0,54.3,4.54
2006,23,20.05,16.04,24.84,262.47,0,65.03,4.02
2006,24,20.01,14.81,25.45,300.24,0,64.15,4.56
2006,25,20.9,14.87,26.58,352.5,0,58.19,4.1
2006,26,18.93,14.78,24.08,340.3,1.72,63.2328,3.64
2006,27,18.93,14.78,24.08,340.3,1.72,63.253312,3.64
2006,28,18.93,14.78,24.08,340.3,1.72,62.87504448,3.64
2006,29,18.93,14.78,24.08,340.3,1.72,61.87884626,3.64
2006,30,18.93,14.78,24.08,340.3,1.72,60.78400011,3.64
2006,31,18.93,14.78,24.08,340.3,1.72,60.11856011,3.64
2006,32,18.93,14.78,24.08,340.3,1.72,60.24690252,3.64
2006,33,18.93,14.78,24.08,340.3,1.72,60.23917862,3.64
2006,34,18.93,14.78,24.08,340.3,1.72,59.71794576,3.64
2006,35,18.93,14.78,24.08,340.3,1.72,59.10746359,3.64
2006,36,18.93,14.78,24.08,340.3,1.72,58.52056214,3.64
2006,37,18.93,14.78,24.08,340.3,1.72,58.05858462,3.64
2006,38,18.93,14.78,24.08,340.3,1.72,57.80692801,3.64
2006,39,18.93,14.78,24.08,340.3,1.72,57.79960513,3.64
2006,40,18.93,14.78,24.08,340.3,1.72,57.80438933,3.64
2006,41,18.93,14.78,24.08,340.3,1.72,57.98896491,3.64
2006,42,18.93,14.78,24.08,340.3,1.72,57.9705235,3.64
2006,43,18.93,14.78,24.08,340.3,1.72,57.84534444,3.64
2006,44,18.93,14.78,24.08,340.3,1.72,58.59675822,3.64
2006,45,18.93,14.78,24.08,340.3,1.72,59.19022855,3.64
2006,46,18.93,14.78,24.08,340.3,1.72,59.42983769,3.64
2006,47,18.93,14.78,24.08,340.3,1.72,59.7654312,3.64
2006,48,18.93,14.78,24.08,340.3,1.72,59.98404845,3.64
2006,49,18.93,14.78,24.08,340.3,1.72,59.78221039,3.64
2006,50,18.93,14.78,24.08,340.3,1.72,59.6074988,3.64
2006,51,18.93,14.78,24.08,340.3,1.72,59.66419875,3.64
2006,52,18.93,14.78,24.08,340.3,1.72,59.5214547,3.64
2006,53,18.93,14.78,24.08,340.3,1.72,59.37218041,3.64
2006,54,18.93,14.78,24.08,340.3,1.72,59.23206585,3.64
2006,55,18.93,14.78,24.08,340.3,1.72,59.12619463,3.64
2006,56,18.93,14.78,24.08,340.3,1.72,59.05988241,3.64
2006,57,18.93,14.78,24.08,340.3,1.72,59.01753531,3.64
2006,58,18.93,14.78,24.08,340.3,1.72,58.96836062,3.64
2006,59,18.93,14.78,24.08,340.3,1.72,58.9175279,3.64
2006,60,18.93,14.78,24.08,352.06,1.72,58.88551118,3.47
2006,61,18.93,14.78,24.08,352.06,1.72,58.87663309,3.47
2006,62,18.93,14.78,24.08,352.06,1.72,58.89087592,3.47
2006,63,18.93,14.78,24.08,352.06,1.72,58.92416758,3.47
2006,64,18.93,14.78,24.08,352.06,1.72,58.96885716,3.47
2006,65,18.93,14.78,24.08,352.06,1.72,59.01562724,3.47
2006,66,18.93,14.78,24.08,352.06,1.72,59.06407676,3.47
2006,67,18.93,14.78,24.08,352.06,1.72,59.10708123,3.47
2006,68,18.93,14.78,24.08,352.06,1.72,59.15254354,3.47
2006,69,18.93,14.78,24.08,352.06,1.72,59.2048315,3.47
2006,70,18.93,14.78,24.08,352.06,1.72,59.22915443,3.47
2006,71,18.93,14.78,24.08,352.06,1.72,59.23071147,3.47
2006,72,18.93,14.78,24.08,352.06,1.72,59.22274642,3.47
2006,73,18.93,14.78,24.08,352.06,1.72,59.20103903,3.47
2006,74,18.93,14.78,24.08,352.06,1.72,59.16971865,3.47
2006,75,18.93,14.78,24.08,352.06,1.72,59.14521898,3.47
2006,76,18.93,14.78,24.08,352.06,1.72,59.12672779,3.47
2006,77,18.93,14.78,24.08,352.06,1.72,59.10522895,3.47
2006,78,18.93,14.78,24.08,352.06,1.72,59.08857992,3.47
2006,79,18.93,14.78,24.08,352.06,1.72,59.0772359,3.47
2006,80,18.93,14.78,24.08,352.06,1.72,59.07104271,3.47
2006,81,18.93,14.78,24.08,352.06,1.72,59.06883663,3.47
2006,82,18.93,14.78,24.08,352.06,1.72,59.0691948,3.47
2006,83,18.93,14.78,24.08,352.06,1.72,59.07126118,3.47
2006,84,18.93,14.78,24.08,352.06,1.72,59.0753772,3.47
2006,85,18.93,14.78,24.08,352.06,1.72,59.08169117,3.47
2006,86,18.93,14.78,24.08,352.06,1.72,59.08953837,3.47
2006,87,18.93,14.78,24.08,352.06,1.72,59.09805458,3.47
2006,88,18.93,14.78,24.08,352.06,1.72,59.10634173,3.47
2006,89,18.93,14.78,24.08,352.06,1.72,59.11362869,3.47
2006,90,18.93,14.78,24.08,352.06,1.72,59.11941956,3.47
2006,91,18.93,14.78,24.08,352.06,1.72,59.12357125,3.47
2006,92,18.93,14.78,24.08,352.06,1.72,59.12595103,3.47
2006,93,18.93,14.78,24.08,352.06,1.72,59.12670582,3.47
2006,94,18.93,14.78,24.08,352.06,1.72,59.12567231,3.47
2006,95,18.93,14.78,24.08,352.06,1.72,59.12250594,3.47
2006,96,18.93,14.78,24.08,352.06,1.72,59.11824,3.47
2006,97,18.93,14.78,24.08,352.06,1.72,59.11374114,3.47
2006,98,18.93,14.78,24.08,352.06,1.72,59.10938093,3.47
2006,99,18.93,14.78,24.08,352.06,1.72,59.10571461,3.47
2006,100,18.93,14.78,24.08,352.06,1.72,59.10315445,3.47
2006,101,18.93,14.78,24.08,352.06,1.72,59.10147187,3.47
2006,102,18.93,14.78,24.08,352.06,1.72,59.10046163,3.47
2006,103,18.93,14.78,24.08,352.06,1.72,59.10027094,3.47
2006,104,18.93,14.78,24.08,352.06,1.72,59.10073858,3.47
2006,105,18.93,14.78,24.08,352.06,1.72,59.10167868,3.47
2006,106,18.93,14.78,24.08,352.06,1.72,59.10290412,3.47
2006,107,18.93,14.78,24.08,352.06,1.72,59.10426682,3.47
2006,108,18.93,14.78,24.08,352.06,1.72,59.1056697,3.47
2006,109,22.3,22.3,22.3,352.06,0,64.7,3.47
2006,110,21.07,17,24.09,352.06,0,71.13,3.74
2006,111,20.16,17.07,25.36,352.06,1,80.23,2.82
2006,112,18.06,16.81,19.59,352.06,17.06,92.29,2.83
2006,113,19.19,15.33,23.64,352.06,0,80.92,2.44
2006,114,20.13,17.32,24.31,352.06,0,81.88,2.65
2006,115,18.92,15.95,22.83,352.06,5.1,86.61,2.42
2006,116,18.55,16.41,22.86,352.06,35,89.17,1.62
2006,117,19.06,15.7,23.06,352.06,0.1,80.9,2.39
2006,118,17.85,16.69,20.08,352.06,11.7,90.83,2.03
2006,119,18.04,15.51,21.49,352.06,0,85.63,2.1
2006,120,18.66,16.79,22.47,352.06,14.3,87.36,2.18
2006,121,18.02,16.16,20.28,352.06,22.6,89.17,2.66
2006,122,18.54,14.62,22.18,352.06,0.6,84.6,2.64
2006,123,18.27,16.54,21.52,352.06,0.1,89.09,3.64
2006,124,18.61,15.12,23.36,352.06,0,83.58,1.96
2006,125,18.67,14.48,23.52,352.06,0,82.14,2.29
2006,126,18.86,15.23,23.42,352.06,0,82.42,2.8
2006,127,18.79,15.61,23.07,352.06,0,83.04,2.71
2006,128,19.09,15.8,23.44,352.06,0,81.1,2.44
2006,129,18.17,16.24,21.58,352.06,0.1,86.29,3.69
2006,130,18.56,16.06,22.68,352.06,0,81.82,3.32
2006,131,18.15,15.1,22.15,352.06,0,82.4,3.2
2006,132,18.06,14.02,23.32,352.06,0,80.69,2.41
2006,133,19.24,15.48,24.25,352.06,0,80.52,2.45
2006,134,19.23,16.33,24.04,352.06,0,79.02,3.41
2006,135,18.59,14.77,23.4,352.06,0,80.56,2.58
2006,136,18.6,14.35,23.74,352.06,0,75.81,2.95
2006,137,19.07,15.98,23.06,352.06,0,78.16,2.98
2006,138,18.29,13.91,22.89,352.06,0,81.01,2.73
2006,139,18.37,14.63,23.8,352.06,0,79.61,2.45
2006,140,19.41,13.13,26.12,352.06,0,72.85,2.35
2006,141,19.27,13.3,24.7,352.06,0,73.65,2.67
2006,142,19.83,15.97,25.45,352.06,0,76.68,2.49
2006,143,19.78,16.04,24.78,352.06,0,77.59,3.21
2006,144,18.99,14.96,23.77,352.06,0,73.95,3.17
2006,145,19.11,14.58,23.87,352.06,0,72.29,3.33
2006,146,18,14.1,22.59,352.06,0,75.42,3.35
2006,147,16.64,12.72,21.05,352.06,0.3,82.01,3.15
2006,148,17.5,14.02,22.45,352.06,0.1,80.72,3.26
2006,149,16.53,14.07,19.75,352.06,2.6,89.1,3.74
2006,150,17.26,13.76,20.82,352.06,0,82.09,2.58
2006,151,18.19,15.48,23.03,165.37,0,78.43,2.52
2006,152,19.1,14.83,24.04,252.18,0,74.88,3.37
2006,153,19.11,15.58,23.99,273.08,2.6,76.13,3.6
2006,154,18,14.69,22.03,69.78,0,80.43,3.46
2006,155,17.66,13.89,22.83,199.47,0,79.68,3.11
2006,156,19.15,14.11,24.66,306.03,0,72.1,2.52
2006,157,18.83,15.25,23.88,200.96,0.2,76.26,3.01
2006,158,18.95,13.44,24.91,360.35,0,62.02,2.54
2006,159,19.36,12.31,26.04,365.95,0,64.25,2.55
2006,160,18.79,15.88,23.8,229.63,0,75.18,3.93
2006,161,18.3,13.62,24.32,251.44,0,74.56,2.85
2006,162,19.59,14.98,24.61,351.39,0,63.15,2.73
2006,163,19.64,14.92,24.48,241.6,0.2,63.95,2.52
2006,164,17.84,13.52,22.29,190.26,0,74.48,2.64
2006,165,18.81,14.98,25.01,245.06,0,78.03,2.24
2006,166,17.89,14.88,21.55,141.38,0,77.07,2.1
2006,167,18.54,14.65,23.95,188.56,0,74.76,2.65
2006,168,16.83,14.59,19.37,54.07,0,80.78,3.03
2006,169,17.38,13.35,22.42,172.24,0,74.23,2.81
2006,170,17.84,12.97,22.96,224.37,0,73.04,2.49
2006,171,18.42,14.65,22.7,138.18,0,77.27,2.83
2006,172,17.83,15.91,20.93,191.66,0,79.93,3.14
2006,173,17.11,14.77,20.05,117.71,0,78.53,2.92
2006,174,16.87,15.44,18.65,61.62,0,81.36,3.27
2006,175,17.72,14.23,22.8,198.47,0,69.59,2.7
2006,176,18.16,13.41,24.21,249.27,0,60.96,2.39
2006,177,16.67,13.5,21.31,115.2,0,76.59,2.67
2006,178,16.59,13.91,20.48,94.91,0,79.69,2.63
2006,179,17.33,12.34,22.77,236.09,0,73.82,2.46
2006,180,16.34,13.54,19.66,114.41,0,79.4,2.51
2006,181,17.5,14.71,21.1,109.4,0,75.77,3.1
2006,182,17.09,14.5,20.39,26.13,0,79.28,3.5
2006,183,16.91,14.71,19.95,85.05,0,75.76,3.45
2006,184,17.14,13.46,21.06,61.39,0,73.3,3.53
2006,185,16.5,13.97,19.82,167.11,0,73.98,3.97
2006,186,15.27,12.43,18.94,12.18,0,79.14,2.19
2006,187,18.06,15.84,19.51,95.63,0,66.31,4.78
2006,188,16.23,14.2,18.34,100.56,0,71.89,4.13
2006,189,16.26,12.37,20.81,159.02,0,72.12,3.26
2006,190,16.77,11.2,23.56,248.11,0,72.19,2.32
2006,191,18.69,10.53,26.26,315.31,0,65.96,2.48
2006,192,18.73,13.05,25.43,289.71,0,67.15,2.61
2006,193,16.82,13.68,20.29,189.55,0,74.61,3
2006,194,16.93,12.67,20.86,192.7,0,72.44,3.07
2006,195,18.08,13.39,23.37,212.77,0,65.2,3.12
2006,196,17.13,12.58,22.48,132.91,0,70.3,2.48
2006,197,16.52,12.53,20.62,203.16,0,72.56,2.49
2006,198,15.86,11.93,19.8,67.65,0,73.96,2.59
2006,199,16.31,12.25,21.51,91.4,0,71.79,3.25
2006,200,16.74,12.41,21.45,65.78,0,73.66,2.79
2006,201,18.82,12.14,25.91,312.23,0,61.97,2.95
2006,202,18.53,13.18,24.25,317.92,0,62.06,3.24
2006,203,17.85,14.49,22.47,64.01,0,70.11,3.15
2006,204,17.62,14.85,21.88,183.78,0,74.82,3.76
2006,205,17.38,13.13,21.38,87.99,0,73.91,2.7
2006,206,18.01,15.6,22.06,164.12,0,74.49,3.37
2006,207,16.77,14.22,22.16,164.8,0,75.2,3.05
2006,208,16.96,12.3,21.48,97.12,0,71.97,2.7
2006,209,16.78,14.6,20.27,100.08,0,75.65,3.99
2006,210,16.67,13.6,21.41,84.46,0,77.88,2.76
2006,211,17.75,12.74,24.26,309.83,0,75.95,2.78
2006,212,18.63,12.91,25.69,320.4,0,71.32,2.99
2006,213,17.26,14.02,21.61,108.1,0,75.7,3.71
2006,214,17.03,13.91,20.32,245.22,0.1,76.65,5.05
2006,215,15.78,15.4,16.35,340.3,0,84.12,3.86
2006,216,18.93,14.78,24.08,340.3,1.72,77.88,3.64
2006,217,18.93,14.78,24.08,340.3,1.72,75.95,3.64
2006,218,18.93,14.78,24.08,340.3,1.72,71.32,3.64
2006,219,18.93,14.78,24.08,340.3,1.72,75.7,3.64
2006,220,19.19,16.1,22.77,340.3,0,60.43,3.98
2006,221,16.3,14.35,19.47,99.72,1.5,82.14,3.25
2006,222,17.41,14.54,21.9,340.3,0,74.2,3.32
2006,223,17.26,13.47,21.84,340.3,0,70.81,2.72
2006,224,16.43,11.83,22.03,340.3,0,69.39,2.8
2006,225,17.57,11.74,23.44,340.3,0,67.25,3.53
2006,226,18.23,12.32,24.09,340.3,0,66.17,3.32
2006,227,19.11,13.96,24.68,340.3,0,69.91,3.56
2006,228,18.74,15.68,22.93,340.3,0,69.27,3.69
2006,229,18.19,14.99,22.6,340.3,0,70.44,3.82
2006,230,17.99,14.35,23.52,340.3,0,68.34,4.51
2006,231,18.84,13.73,25.12,340.3,0,60.16,3.04
2006,232,19.25,12.04,25.81,340.3,0,51.77,3.25
2006,233,19.13,12.72,24.83,340.3,0,55.64,3.8
2006,234,20.08,15.13,25.93,340.3,0,60.22,3.34
2006,235,18.24,12.75,24.9,278.29,0,66.35,3.65
2006,236,18.13,13.52,24.14,286.17,0,67.29,3.42
2006,237,18.43,12.48,24.75,339.26,0,67.22,3.85
2006,238,19.73,14.79,25.96,370.39,0,61.21,3.94
2006,239,19.43,14.24,26.09,348.37,0,62.14,3.64
2006,240,18.38,14.17,23.01,204.73,0,66.11,4.3
2006,241,18.08,13.66,22.52,203.21,0,65.33,4.51
2006,242,18.02,15.12,21.84,184.28,0,72.23,4.32
2006,243,18.07,15.24,22.71,132.61,0,72.33,3.66
2006,244,18.87,15.46,23.51,134.25,0,70.98,3.71
2006,245,18.68,15.53,23.49,177.46,0,71.85,3.22
2006,246,18.9,12.73,25.89,309.28,0,65.73,3.63
2006,247,18.78,14.35,24.48,183.69,0,65.77,3.56
2006,248,19.63,13.74,25.63,239.41,0,65.78,3.22
2006,249,20.42,13.62,26.98,276.93,0,59.99,2.42
2006,250,18.55,15.47,24.24,183.01,23.2,79.81,2.36
2006,251,17.83,15.35,20.88,216.31,1.5,84.97,3.37
2006,252,17.63,15.18,20.3,237.69,0,79.53,3.56
2006,253,18.7,13.12,24.8,304.84,0,69.46,3.47
2006,254,19.63,15.06,25.4,286.39,0,68.96,3.1
2006,255,20.1,15.27,26.39,311.18,0,70.71,2.69
2006,256,18.54,15.58,23.43,212.37,0,78.29,3.58
2006,257,19.3,15.09,24.61,303.08,0,61.66,4.59
2006,258,18.25,15.11,22.31,305.08,0,70.57,3.47
2006,259,19.19,13.58,25.41,335.8,0,67.65,3.06
2006,260,20.08,15.78,27.18,352.88,7.9,69.76,3.16
2006,261,19.27,15.2,24.9,296.61,0,71.05,3.53
2006,262,19.43,14.03,24.85,321.49,0,70.28,3.57
2006,263,20.13,15.04,27.25,425.01,0,68.7,2.81
2006,264,20.11,14.46,26.74,335.61,0,68.67,3.61
2006,265,20.33,15.96,25.85,292.61,0,63.45,4.06
2006,266,19.54,15.6,24.75,214.41,0,65.68,4.21
2006,267,18.87,16.08,24.31,306.57,0,72.24,4.2
2006,268,20.51,14.71,27.22,310.98,0,58.63,3.17
2006,269,20.23,13.96,27.28,291.16,0,64.9,2.78
2006,270,20.27,14.8,26.27,303.74,0,67.24,3.51
2006,271,18.89,16.03,22.69,79.8,0,71.98,3.83
2006,272,19.89,13.95,26.59,315.98,0,67.54,3.7
2006,273,19.74,15.23,26.4,221.85,0,71.17,4.05
2006,274,20.87,16.39,27.58,279.48,0,66.11,3.52
2006,275,20.79,14.59,27.58,290.74,0,61.65,3.22
2006,276,18.98,12.25,25.45,355.89,0,61.51,3.36
2006,277,17.97,16.28,21.07,340.3,0,79.37,4.62
2006,278,18.71,15.17,23.32,340.3,0.1,73.05,3.82
2006,279,20.09,15.8,26.43,340.3,0,67.62,4.09
2006,280,20.12,14.92,26.08,340.3,0,59.02,3.57
2006,281,20.74,13.07,27.9,340.3,0,56.38,3.34
2006,282,21.15,14.46,27.94,340.3,0,61.27,4.24
2006,283,20.8,16.31,27.4,340.3,0,66.42,5.2
2006,284,20.65,14.57,26.53,340.3,0,61.27,4.42
2006,285,21.22,14.61,27.95,29.44,0,58.16,4.01
2006,286,22.07,14.44,29.04,427.23,0,57.17,3.61
2006,287,22.09,16.24,28.14,428.3,0,64.39,5.2
2006,288,21.94,17.65,27.56,348.26,0,67.16,5.57
2006,289,20.65,16.41,25.56,391.86,0.5,73,4.75
2006,290,20.59,17,26.7,287.02,0.1,72.18,3.44
2006,291,21.14,17.4,25.88,391.89,0,71.74,4.22
2006,292,19.67,16.88,24.57,333,0.9,79.34,4.75
2006,293,19.63,14.75,24.34,333.2,0,70.86,3.97
2006,294,20.13,15.77,25.43,317.38,0,68.67,4.18
2006,295,21.29,16.21,26.31,335.48,0,56.17,3.38
2006,296,20.92,15.51,26.96,386.79,0,56.58,3.52
2006,297,21.26,15.27,26.84,361.83,0,62.73,3.41
2006,298,21.43,17.08,26.31,373.89,0,67.31,4.54
2006,299,19.75,16.89,24.27,302.02,1.9,76.47,4.64
2006,300,19.99,16.11,24.47,275.17,0,70.49,3.55
2006,301,20.44,15.29,26.18,299.92,0,67.55,3.87
2006,302,20.44,16.2,25.09,293.17,0,66.86,3.74
2006,303,19.84,16.07,25.11,320.12,0,72.71,4.13
2006,304,19.58,16.66,24.13,286.44,4.5,78.4,4.26
2006,305,20.19,15.98,25.04,301.58,0,72.37,3.77
2006,306,18.89,16.55,22.21,304.4,32.9,85.22,3.63
2006,307,18.28,16.62,22.5,326.5,8.3,88.67,3.3
2006,308,18.22,15.53,21.34,294.16,8.6,84.66,3.2
2006,309,18.8,16.42,23.16,313,7.2,85.41,3
2006,310,19.32,16.17,24.13,442.3,28.39,81.98,3.32
2006,311,19.12,15.6,23.81,471.37,35.8,82.53,2.9
2006,312,18.59,16.89,21.94,329.38,3.1,88.16,3.48
2006,313,19.14,15.53,23.06,388.75,0,78.03,3.7
2006,314,18.8,16.01,22.5,265.7,17.8,85.21,3.72
2006,315,18.04,15.14,21.42,278.59,11.1,87.17,4.04
2006,316,18.82,16.5,23.13,342.78,4.4,86.05,3.73
2006,317,18.97,16.48,22.72,418.36,3.9,87.41,4.58
2006,318,18.57,16.33,23.09,332.43,22.2,89.79,2.51
2006,319,18.42,16.63,22.5,327.11,5.7,89.16,3.26
2006,320,18.56,16.26,22.07,379.33,6.6,87.77,3.73
2006,321,18.58,16.27,22.19,301.92,2.5,87.67,3.39
2006,322,19.16,16.24,23.04,360.37,1.74,82.42,3.52
2006,323,19.33,16.45,23.33,426.02,1.4,82.05,3.47
2006,324,18.81,15.89,23.3,398.04,0.4,85.17,3.46
2006,325,18.89,16.91,22.18,319.64,14.2,87.74,3.58
2006,326,18.29,16.52,21.89,360.61,8.7,91.68,4.05
2006,327,18.41,16.01,21.81,332.88,3.6,87.89,4.08
2006,328,18.6,16.2,22.59,392.39,9,87.44,3.59
2006,329,18.63,16.17,22.4,319.92,6.8,87.22,2.76
2006,330,18.31,15.64,21.96,339,8.4,89.85,3.28
2006,331,19.47,15.78,24.04,471.51,2.6,77.23,3.81
2006,332,19.07,16.67,23.43,349.55,0,83.95,3.15
2006,333,19.54,16.52,23.98,498.21,0,75.99,3.76
2006,334,19.2,15.46,23.4,483.41,0,72.17,3.74
2006,335,19.08,14.87,23.94,461.96,0,71.36,3.2
2006,336,19.51,14.76,24.39,411.98,0,75.32,3.14
2006,337,19.26,16.65,23.41,401.68,0,82.54,3.88
2006,338,18.98,15.93,23.5,363.5,0,80.18,3.54
2006,339,19.21,15.7,24.03,404.09,0,75.45,2.89
2006,340,19.08,16.36,23.58,383.18,0,79.45,2.86
2006,341,19.16,13.78,24.68,473.77,0,76.59,2.78
2006,342,19.31,14.63,24.83,446.49,0,70.69,2.85
2006,343,18.69,14.4,23.86,398.57,0,78.08,2.72
2006,344,19.39,16.5,23.57,397.26,0.8,80.59,4.16
2006,345,19.18,15.52,23.85,396.18,0.1,80.1,3.6
2006,346,19.24,15,24.28,353.75,0,81.24,2.85
2006,347,19.64,15.87,24.75,349.7,0,82.55,2.64
2006,348,19.65,17.22,23.88,355.75,0.1,85.12,3.01
2006,349,18.97,16.04,22.86,373.16,4.7,87.32,4.19
2006,350,18.27,16.3,21.59,235.59,0,85.91,4.21
2006,351,18.93,15.66,23.38,376.45,0,79.05,3.99
2006,352,18.79,15.6,23.31,400.29,0.1,80.3,3.54
2006,353,19.29,16.03,23.73,350.94,0,76.19,2.57
2006,354,18.81,14.53,23.85,403.15,0,78.18,2.74
2006,355,19.55,15.62,24.47,407.99,0,74.8,3.57
2006,356,19.31,15.92,23.7,323.94,2.2,83.67,3.45
2006,357,18.94,16.36,23.24,309.77,6.7,86.91,3.82
2006,358,20.22,16.91,24.8,409.78,0.7,81.63,3.41
2006,359,20.3,17.16,25.01,417.6,0,83.61,3.95
2006,360,18.96,16.81,22.36,248.07,0.6,86.86,4.58
2006,361,18.91,14.84,23.14,434.42,0,73.13,3.85
2006,362,19.96,15.72,24.86,444.77,0,68.75,3.05
2006,363,20.22,15.6,25.2,410.62,0,77.61,2.63
2006,364,20.21,16.76,25.21,330.63,0,81.03,3.1
2006,365,20.6,17.19,25.44,386.32,0,78.05,2.63
2007,1,19.25,14.12,24.18,280.23,0,62.72,4.63
2007,2,17.98,13.75,23.01,211.09,0.1,72.71,4.88
2007,3,17.25,15.45,20.82,214.32,10.62,87.78,5.48
2007,4,16.94,15.21,19.18,103.83,4.8,89.25,4.65
2007,5,17.62,14.54,21.55,274.51,0.2,77.42,4.38
2007,6,19.42,13.57,24.66,376.05,0,56.91,3.87
2007,7,19.6,14.23,24.56,355.46,0,60.44,4.2
2007,8,19.01,13.81,24.6,361.29,0,73.27,4.48
2007,9,19.48,16.27,24.33,277.82,0,74.98,5.09
2007,10,19.17,15.9,23.54,312.8,0,73.78,4.69
2007,11,19.18,14.34,24.06,300.67,0,70.07,4.13
2007,12,19.84,14.59,25.32,365.58,0,64.35,4.95
2007,13,19.68,13.39,25.11,359.62,0,57.99,4.46
2007,14,19.45,13.8,24.51,341.86,0,57.68,3.85
2007,15,19.78,13.98,24.89,349.03,0,53.19,4.17
2007,16,19.6,14.32,24.98,347.23,0,58.45,4.01
2007,17,19.44,13.62,24.81,280.46,0,61.1,4.05
2007,18,21.2,14.54,27.44,350.85,0,39.06,3.88
2007,19,21.45,15.57,27.25,356.5,0,43.76,3.63
2007,20,20.97,15.4,26.66,353.82,0,53.2,4.18
2007,21,20.88,14.6,26.14,356.25,0,51.04,4.37
2007,22,20.5,16.16,24.79,235.94,0,54.3,4.54
2007,23,20.05,16.04,24.84,262.47,0,65.03,4.02
2007,24,20.01,14.81,25.45,300.24,0,64.15,4.56
2007,25,20.9,14.87,26.58,352.5,0,58.19,4.1
2007,26,18.93,14.78,24.08,340.3,1.72,63.2328,3.64
2007,27,18.93,14.78,24.08,340.3,1.72,63.253312,3.64
2007,28,18.93,14.78,24.08,340.3,1.72,62.87504448,3.64
2007,29,18.93,14.78,24.08,340.3,1.72,61.87884626,3.64
2007,30,18.93,14.78,24.08,340.3,1.72,60.78400011,3.64
2007,31,18.93,14.78,24.08,340.3,1.72,60.11856011,3.64
2007,32,18.93,14.78,24.08,340.3,1.72,60.24690252,3.64
2007,33,18.93,14.78,24.08,340.3,1.72,60.23917862,3.64
2007,34,18.93,14.78,24.08,340.3,1.72,59.71794576,3.64
2007,35,18.93,14.78,24.08,340.3,1.72,59.10746359,3.64
2007,36,18.93,14.78,24.08,340.3,1.72,58.52056214,3.64
2007,37,18.93,14.78,24.08,340.3,1.72,58.05858462,3.64
2007,38,18.93,14.78,24.08,340.3,1.72,57.80692801,3.64
2007,39,18.93,14.78,24.08,340.3,1.72,57.79960513,3.64
2007,40,18.93,14.78,24.08,340.3,1.72,57.80438933,3.64
2007,41,18.93,14.78,24.08,340.3,1.72,57.98896491,3.64
2007,42,18.93,14.78,24.08,340.3,1.72,57.9705235,3.64
2007,43,18.93,14.78,24.08,340.3,1.72,57.84534444,3.64
2007,44,18.93,14.78,24.08,340.3,1.72,58.59675822,3.64
2007,45,18.93,14.78,24.08,340.3,1.72,59.19022855,3.64
2007,46,18.93,14.78,24.08,340.3,1.72,59.42983769,3.64
2007,47,18.93,14.78,24.08,340.3,1.72,59.7654312,3.64
2007,48,18.93,14.78,24.08,340.3,1.72,59.98404845,3.64
2007,49,18.93,14.78,24.08,340.3,1.72,59.78221039,3.64
2007,50,18.93,14.78,24.08,340.3,1.72,59.6074988,3.64
2007,51,18.93,14.78,24.08,340.3,1.72,59.66419875,3.64
2007,52,18.93,14.78,24.08,340.3,1.72,59.5214547,3.64
2007,53,18.93,14.78,24.08,340.3,1.72,59.37218041,3.64
2007,54,18.93,14.78,24.08,340.3,1.72,59.23206585,3.64
2007,55,18.93,14.78,24.08,340.3,1.72,59.12619463,3.64
2007,56,18.93,14.78,24.08,340.3,1.72,59.05988241,3.64
2007,57,18.93,14.78,24.08,340.3,1.72,59.01753531,3.64
2007,58,18.93,14.78,24.08,340.3,1.72,58.96836062,3.64
2007,59,18.93,14.78,24.08,340.3,1.72,58.9175279,3.64
2007,60,18.93,14.78,24.08,352.06,1.72,58.88551118,3.47
2007,61,18.93,14.78,24.08,352.06,1.72,58.87663309,3.47
2007,62,18.93,14.78,24.08,352.06,1.72,58.89087592,3.47
2007,63,18.93,14.78,24.08,352.06,1.72,58.92416758,3.47
2007,64,18.93,14.78,24.08,352.06,1.72,58.96885716,3.47
2007,65,18.93,14.78,24.08,352.06,1.72,59.01562724,3.47
2007,66,18.93,14.78,24.08,352.06,1.72,59.06407676,3.47
2007,67,18.93,14.78,24.08,352.06,1.72,59.10708123,3.47
2007,68,18.93,14.78,24.08,352.06,1.72,59.15254354,3.47
2007,69,18.93,14.78,24.08,352.06,1.72,59.2048315,3.47
2007,70,18.93,14.78,24.08,352.06,1.72,59.22915443,3.47
2007,71,18.93,14.78,24.08,352.06,1.72,59.23071147,3.47
2007,72,18.93,14.78,24.08,352.06,1.72,59.22274642,3.47
2007,73,18.93,14.78,24.08,352.06,1.72,59.20103903,3.47
2007,74,18.93,14.78,24.08,352.06,1.72,59.16971865,3.47
2007,75,18.93,14.78,24.08,352.06,1.72,59.14521898,3.47
2007,76,18.93,14.78,24.08,352.06,1.72,59.12672779,3.47
2007,77,18.93,14.78,24.08,352.06,1.72,59.10522895,3.47
2007,78,18.93,14.78,24.08,352.06,1.72,59.08857992,3.47
2007,79,18.93,14.78,24.08,352.06,1.72,59.0772359,3.47
2007,80,18.93,14.78,24.08,352.06,1.72,59.07104271,3.47
2007,81,18.93,14.78,24.08,352.06,1.72,59.06883663,3.47
2007,82,18.93,14.78,24.08,352.06,1.72,59.0691948,3.47
2007,83,18.93,14.78,24.08,352.06,1.72,59.07126118,3.47
2007,84,18.93,14.78,24.08,352.06,1.72,59.0753772,3.47
2007,85,18.93,14.78,24.08,352.06,1.72,59.08169117,3.47
2007,86,18.93,14.78,24.08,352.06,1.72,59.08953837,3.47
2007,87,18.93,14.78,24.08,352.06,1.72,59.09805458,3.47
2007,88,18.93,14.78,24.08,352.06,1.72,59.10634173,3.47
2007,89,18.93,14.78,24.08,352.06,1.72,59.11362869,3.47
2007,90,18.93,14.78,24.08,352.06,1.72,59.11941956,3.47
2007,91,18.93,14.78,24.08,352.06,1.72,59.12357125,3.47
2007,92,18.93,14.78,24.08,352.06,1.72,59.12595103,3.47
2007,93,18.93,14.78,24.08,352.06,1.72,59.12670582,3.47
2007,94,18.93,14.78,24.08,352.06,1.72,59.12567231,3.47
2007,95,18.93,14.78,24.08,352.06,1.72,59.12250594,3.47
2007,96,18.93,14.78,24.08,352.06,1.72,59.11824,3.47
2007,97,18.93,14.78,24.08,352.06,1.72,59.11374114,3.47
2007,98,18.93,14.78,24.08,352.06,1.72,59.10938093,3.47
2007,99,18.93,14.78,24.08,352.06,1.72,59.10571461,3.47
2007,100,18.93,14.78,24.08,352.06,1.72,59.10315445,3.47
2007,101,18.93,14.78,24.08,352.06,1.72,59.10147187,3.47
2007,102,18.93,14.78,24.08,352.06,1.72,59.10046163,3.47
2007,103,18.93,14.78,24.08,352.06,1.72,59.10027094,3.47
2007,104,18.93,14.78,24.08,352.06,1.72,59.10073858,3.47
2007,105,18.93,14.78,24.08,352.06,1.72,59.10167868,3.47
2007,106,18.93,14.78,24.08,352.06,1.72,59.10290412,3.47
2007,107,18.93,14.78,24.08,352.06,1.72,59.10426682,3.47
2007,108,18.93,14.78,24.08,352.06,1.72,59.1056697,3.47
2007,109,22.3,22.3,22.3,352.06,0,64.7,3.47
2007,110,21.07,17,24.09,352.06,0,71.13,3.74
2007,111,20.16,17.07,25.36,352.06,1,80.23,2.82
2007,112,18.06,16.81,19.59,352.06,17.06,92.29,2.83
2007,113,19.19,15.33,23.64,352.06,0,80.92,2.44
2007,114,20.13,17.32,24.31,352.06,0,81.88,2.65
2007,115,18.92,15.95,22.83,352.06,5.1,86.61,2.42
2007,116,18.55,16.41,22.86,352.06,35,89.17,1.62
2007,117,19.06,15.7,23.06,352.06,0.1,80.9,2.39
2007,118,17.85,16.69,20.08,352.06,11.7,90.83,2.03
2007,119,18.04,15.51,21.49,352.06,0,85.63,2.1
2007,120,18.66,16.79,22.47,352.06,14.3,87.36,2.18
2007,121,18.02,16.16,20.28,352.06,22.6,89.17,2.66
2007,122,18.54,14.62,22.18,352.06,0.6,84.6,2.64
2007,123,18.27,16.54,21.52,352.06,0.1,89.09,3.64
2007,124,18.61,15.12,23.36,352.06,0,83.58,1.96
2007,125,18.67,14.48,23.52,352.06,0,82.14,2.29
2007,126,18.86,15.23,23.42,352.06,0,82.42,2.8
2007,127,18.79,15.61,23.07,352.06,0,83.04,2.71
2007,128,19.09,15.8,23.44,352.06,0,81.1,2.44
2007,129,18.17,16.24,21.58,352.06,0.1,86.29,3.69
2007,130,18.56,16.06,22.68,352.06,0,81.82,3.32
2007,131,18.15,15.1,22.15,352.06,0,82.4,3.2
2007,132,18.06,14.02,23.32,352.06,0,80.69,2.41
2007,133,19.24,15.48,24.25,352.06,0,80.52,2.45
2007,134,19.23,16.33,24.04,352.06,0,79.02,3.41
2007,135,18.59,14.77,23.4,352.06,0,80.56,2.58
2007,136,18.6,14.35,23.74,352.06,0,75.81,2.95
2007,137,19.07,15.98,23.06,352.06,0,78.16,2.98
2007,138,18.29,13.91,22.89,352.06,0,81.01,2.73
2007,139,18.37,14.63,23.8,352.06,0,79.61,2.45
2007,140,19.41,13.13,26.12,352.06,0,72.85,2.35
2007,141,19.27,13.3,24.7,352.06,0,73.65,2.67
2007,142,19.83,15.97,25.45,352.06,0,76.68,2.49
2007,143,19.78,16.04,24.78,352.06,0,77.59,3.21
2007,144,18.99,14.96,23.77,352.06,0,73.95,3.17
2007,145,19.11,14.58,23.87,352.06,0,72.29,3.33
2007,146,18,14.1,22.59,352.06,0,75.42,3.35
2007,147,16.64,12.72,21.05,352.06,0.3,82.01,3.15
2007,148,17.5,14.02,22.45,352.06,0.1,80.72,3.26
2007,149,16.53,14.07,19.75,352.06,2.6,89.1,3.74
2007,150,17.26,13.76,20.82,352.06,0,82.09,2.58
2007,151,18.19,15.48,23.03,165.37,0,78.43,2.52
2007,152,19.1,14.83,24.04,252.18,0,74.88,3.37
2007,153,19.11,15.58,23.99,273.08,2.6,76.13,3.6
2007,154,18,14.69,22.03,69.78,0,80.43,3.46
2007,155,17.66,13.89,22.83,199.47,0,79.68,3.11
2007,156,19.15,14.11,24.66,306.03,0,72.1,2.52
2007,157,18.83,15.25,23.88,200.96,0.2,76.26,3.01
2007,158,18.95,13.44,24.91,360.35,0,62.02,2.54
2007,159,19.36,12.31,26.04,365.95,0,64.25,2.55
2007,160,18.79,15.88,23.8,229.63,0,75.18,3.93
2007,161,18.3,13.62,24.32,251.44,0,74.56,2.85
2007,162,19.59,14.98,24.61,351.39,0,63.15,2.73
2007,163,19.64,14.92,24.48,241.6,0.2,63.95,2.52
2007,164,17.84,13.52,22.29,190.26,0,74.48,2.64
2007,165,18.81,14.98,25.01,245.06,0,78.03,2.24
2007,166,17.89,14.88,21.55,141.38,0,77.07,2.1
2007,167,18.54,14.65,23.95,188.56,0,74.76,2.65
2007,168,16.83,14.59,19.37,54.07,0,80.78,3.03
2007,169,17.38,13.35,22.42,172.24,0,74.23,2.81
2007,170,17.84,12.97,22.96,224.37,0,73.04,2.49
2007,171,18.42,14.65,22.7,138.18,0,77.27,2.83
2007,172,17.83,15.91,20.93,191.66,0,79.93,3.14
2007,173,17.11,14.77,20.05,117.71,0,78.53,2.92
2007,174,16.87,15.44,18.65,61.62,0,81.36,3.27
2007,175,17.72,14.23,22.8,198.47,0,69.59,2.7
2007,176,18.16,13.41,24.21,249.27,0,60.96,2.39
2007,177,16.67,13.5,21.31,115.2,0,76.59,2.67
2007,178,16.59,13.91,20.48,94.91,0,79.69,2.63
2007,179,17.33,12.34,22.77,236.09,0,73.82,2.46
2007,180,16.34,13.54,19.66,114.41,0,79.4,2.51
2007,181,17.5,14.71,21.1,109.4,0,75.77,3.1
2007,182,17.09,14.5,20.39,26.13,0,79.28,3.5
2007,183,16.91,14.71,19.95,85.05,0,75.76,3.45
2007,184,17.14,13.46,21.06,61.39,0,73.3,3.53
2007,185,16.5,13.97,19.82,167.11,0,73.98,3.97
2007,186,15.27,12.43,18.94,12.18,0,79.14,2.19
2007,187,18.06,15.84,19.51,95.63,0,66.31,4.78
2007,188,16.23,14.2,18.34,100.56,0,71.89,4.13
2007,189,16.26,12.37,20.81,159.02,0,72.12,3.26
2007,190,16.77,11.2,23.56,248.11,0,72.19,2.32
2007,191,18.69,10.53,26.26,315.31,0,65.96,2.48
2007,192,18.73,13.05,25.43,289.71,0,67.15,2.61
2007,193,16.82,13.68,20.29,189.55,0,74.61,3
2007,194,16.93,12.67,20.86,192.7,0,72.44,3.07
2007,195,18.08,13.39,23.37,212.77,0,65.2,3.12
2007,196,17.13,12.58,22.48,132.91,0,70.3,2.48
2007,197,16.52,12.53,20.62,203.16,0,72.56,2.49
2007,198,15.86,11.93,19.8,67.65,0,73.96,2.59
2007,199,16.31,12.25,21.51,91.4,0,71.79,3.25
2007,200,16.74,12.41,21.45,65.78,0,73.66,2.79
2007,201,18.82,12.14,25.91,312.23,0,61.97,2.95
2007,202,18.53,13.18,24.25,317.92,0,62.06,3.24
2007,203,17.85,14.49,22.47,64.01,0,70.11,3.15
2007,204,17.62,14.85,21.88,183.78,0,74.82,3.76
2007,205,17.38,13.13,21.38,87.99,0,73.91,2.7
2007,206,18.01,15.6,22.06,164.12,0,74.49,3.37
2007,207,16.77,14.22,22.16,164.8,0,75.2,3.05
2007,208,16.96,12.3,21.48,97.12,0,71.97,2.7
2007,209,16.78,14.6,20.27,100.08,0,75.65,3.99
2007,210,16.67,13.6,21.41,84.46,0,77.88,2.76
2007,211,17.75,12.74,24.26,309.83,0,75.95,2.78
2007,212,18.63,12.91,25.69,320.4,0,71.32,2.99
2007,213,17.26,14.02,21.61,108.1,0,75.7,3.71
2007,214,17.03,13.91,20.32,245.22,0.1,76.65,5.05
2007,215,15.78,15.4,16.35,340.3,0,84.12,3.86
2007,216,18.93,14.78,24.08,340.3,1.72,77.88,3.64
2007,217,18.93,14.78,24.08,340.3,1.72,75.95,3.64
2007,218,18.93,14.78,24.08,340.3,1.72,71.32,3.64
2007,219,18.93,14.78,24.08,340.3,1.72,75.7,3.64
2007,220,19.19,16.1,22.77,340.3,0,60.43,3.98
2007,221,16.3,14.35,19.47,99.72,1.5,82.14,3.25
2007,222,17.41,14.54,21.9,340.3,0,74.2,3.32
2007,223,17.26,13.47,21.84,340.3,0,70.81,2.72
2007,224,16.43,11.83,22.03,340.3,0,69.39,2.8
2007,225,17.57,11.74,23.44,340.3,0,67.25,3.53
2007,226,18.23,12.32,24.09,340.3,0,66.17,3.32
2007,227,19.11,13.96,24.68,340.3,0,69.91,3.56
2007,228,18.74,15.68,22.93,340.3,0,69.27,3.69
2007,229,18.19,14.99,22.6,340.3,0,70.44,3.82
2007,230,17.99,14.35,23.52,340.3,0,68.34,4.51
2007,231,18.84,13.73,25.12,340.3,0,60.16,3.04
2007,232,19.25,12.04,25.81,340.3,0,51.77,3.25
2007,233,19.13,12.72,24.83,340.3,0,55.64,3.8
2007,234,20.08,15.13,25.93,340.3,0,60.22,3.34
2007,235,18.24,12.75,24.9,278.29,0,66.35,3.65
2007,236,18.13,13.52,24.14,286.17,0,67.29,3.42
2007,237,18.43,12.48,24.75,339.26,0,67.22,3.85
2007,238,19.73,14.79,25.96,370.39,0,61.21,3.94
2007,239,19.43,14.24,26.09,348.37,0,62.14,3.64
2007,240,18.38,14.17,23.01,204.73,0,66.11,4.3
2007,241,18.08,13.66,22.52,203.21,0,65.33,4.51
2007,242,18.02,15.12,21.84,184.28,0,72.23,4.32
2007,243,18.07,15.24,22.71,132.61,0,72.33,3.66
2007,244,18.87,15.46,23.51,134.25,0,70.98,3.71
2007,245,18.68,15.53,23.49,177.46,0,71.85,3.22
2007,246,18.9,12.73,25.89,309.28,0,65.73,3.63
2007,247,18.78,14.35,24.48,183.69,0,65.77,3.56
2007,248,19.63,13.74,25.63,239.41,0,65.78,3.22
2007,249,20.42,13.62,26.98,276.93,0,59.99,2.42
2007,250,18.55,15.47,24.24,183.01,23.2,79.81,2.36
2007,251,17.83,15.35,20.88,216.31,1.5,84.97,3.37
2007,252,17.63,15.18,20.3,237.69,0,79.53,3.56
2007,253,18.7,13.12,24.8,304.84,0,69.46,3.47
2007,254,19.63,15.06,25.4,286.39,0,68.96,3.1
2007,255,20.1,15.27,26.39,311.18,0,70.71,2.69
2007,256,18.54,15.58,23.43,212.37,0,78.29,3.58
2007,257,19.3,15.09,24.61,303.08,0,61.66,4.59
2007,258,18.25,15.11,22.31,305.08,0,70.57,3.47
2007,259,19.19,13.58,25.41,335.8,0,67.65,3.06
2007,260,20.08,15.78,27.18,352.88,7.9,69.76,3.16
2007,261,19.27,15.2,24.9,296.61,0,71.05,3.53
2007,262,19.43,14.03,24.85,321.49,0,70.28,3.57
2007,263,20.13,15.04,27.25,425.01,0,68.7,2.81
2007,264,20.11,14.46,26.74,335.61,0,68.67,3.61
2007,265,20.33,15.96,25.85,292.61,0,63.45,4.06
2007,266,19.54,15.6,24.75,214.41,0,65.68,4.21
2007,267,18.87,16.08,24.31,306.57,0,72.24,4.2
2007,268,20.51,14.71,27.22,310.98,0,58.63,3.17
2007,269,20.23,13.96,27.28,291.16,0,64.9,2.78
2007,270,20.27,14.8,26.27,303.74,0,67.24,3.51
2007,271,18.89,16.03,22.69,79.8,0,71.98,3.83
2007,272,19.89,13.95,26.59,315.98,0,67.54,3.7
2007,273,19.74,15.23,26.4,221.85,0,71.17,4.05
2007,274,20.87,16.39,27.58,279.48,0,66.11,3.52
2007,275,20.79,14.59,27.58,290.74,0,61.65,3.22
2007,276,18.98,12.25,25.45,355.89,0,61.51,3.36
2007,277,17.97,16.28,21.07,340.3,0,79.37,4.62
2007,278,18.71,15.17,23.32,340.3,0.1,73.05,3.82
2007,279,20.09,15.8,26.43,340.3,0,67.62,4.09
2007,280,20.12,14.92,26.08,340.3,0,59.02,3.57
2007,281,20.74,13.07,27.9,340.3,0,56.38,3.34
2007,282,21.15,14.46,27.94,340.3,0,61.27,4.24
2007,283,20.8,16.31,27.4,340.3,0,66.42,5.2
2007,284,20.65,14.57,26.53,340.3,0,61.27,4.42
2007,285,21.22,14.61,27.95,29.44,0,58.16,4.01
2007,286,22.07,14.44,29.04,427.23,0,57.17,3.61
2007,287,22.09,16.24,28.14,428.3,0,64.39,5.2
2007,288,21.94,17.65,27.56,348.26,0,67.16,5.57
2007,289,20.65,16.41,25.56,391.86,0.5,73,4.75
2007,290,20.59,17,26.7,287.02,0.1,72.18,3.44
2007,291,21.14,17.4,25.88,391.89,0,71.74,4.22
2007,292,19.67,16.88,24.57,333,0.9,79.34,4.75
2007,293,19.63,14.75,24.34,333.2,0,70.86,3.97
2007,294,20.13,15.77,25.43,317.38,0,68.67,4.18
2007,295,21.29,16.21,26.31,335.48,0,56.17,3.38
2007,296,20.92,15.51,26.96,386.79,0,56.58,3.52
2007,297,21.26,15.27,26.84,361.83,0,62.73,3.41
2007,298,21.43,17.08,26.31,373.89,0,67.31,4.54
2007,299,19.75,16.89,24.27,302.02,1.9,76.47,4.64
2007,300,19.99,16.11,24.47,275.17,0,70.49,3.55
2007,301,20.44,15.29,26.18,299.92,0,67.55,3.87
2007,302,20.44,16.2,25.09,293.17,0,66.86,3.74
2007,303,19.84,16.07,25.11,320.12,0,72.71,4.13
2007,304,19.58,16.66,24.13,286.44,4.5,78.4,4.26
2007,305,20.19,15.98,25.04,301.58,0,72.37,3.77
2007,306,18.89,16.55,22.21,304.4,32.9,85.22,3.63
2007,307,18.28,16.62,22.5,326.5,8.3,88.67,3.3
2007,308,18.22,15.53,21.34,294.16,8.6,84.66,3.2
2007,309,18.8,16.42,23.16,313,7.2,85.41,3
2007,310,19.32,16.17,24.13,442.3,28.39,81.98,3.32
2007,311,19.12,15.6,23.81,471.37,35.8,82.53,2.9
2007,312,18.59,16.89,21.94,329.38,3.1,88.16,3.48
2007,313,19.14,15.53,23.06,388.75,0,78.03,3.7
2007,314,18.8,16.01,22.5,265.7,17.8,85.21,3.72
2007,315,18.04,15.14,21.42,278.59,11.1,87.17,4.04
2007,316,18.82,16.5,23.13,342.78,4.4,86.05,3.73
2007,317,18.97,16.48,22.72,418.36,3.9,87.41,4.58
2007,318,18.57,16.33,23.09,332.43,22.2,89.79,2.51
2007,319,18.42,16.63,22.5,327.11,5.7,89.16,3.26
2007,320,18.56,16.26,22.07,379.33,6.6,87.77,3.73
2007,321,18.58,16.27,22.19,301.92,2.5,87.67,3.39
2007,322,19.16,16.24,23.04,360.37,1.74,82.42,3.52
2007,323,19.33,16.45,23.33,426.02,1.4,82.05,3.47
2007,324,18.81,15.89,23.3,398.04,0.4,85.17,3.46
2007,325,18.89,16.91,22.18,319.64,14.2,87.74,3.58
2007,326,18.29,16.52,21.89,360.61,8.7,91.68,4.05
2007,327,18.41,16.01,21.81,332.88,3.6,87.89,4.08
2007,328,18.6,16.2,22.59,392.39,9,87.44,3.59
2007,329,18.63,16.17,22.4,319.92,6.8,87.22,2.76
2007,330,18.31,15.64,21.96,339,8.4,89.85,3.28
2007,331,19.47,15.78,24.04,471.51,2.6,77.23,3.81
2007,332,19.07,16.67,23.43,349.55,0,83.95,3.15
2007,333,19.54,16.52,23.98,498.21,0,75.99,3.76
2007,334,19.2,15.46,23.4,483.41,0,72.17,3.74
2007,335,19.08,14.87,23.94,461.96,0,71.36,3.2
2007,336,19.51,14.76,24.39,411.98,0,75.32,3.14
2007,337,19.26,16.65,23.41,401.68,0,82.54,3.88
2007,338,18.98,15.93,23.5,363.5,0,80.18,3.54
2007,339,19.21,15.7,24.03,404.09,0,75.45,2.89
2007,340,19.08,16.36,23.58,383.18,0,79.45,2.86
2007,341,19.16,13.78,24.68,473.77,0,76.59,2.78
2007,342,19.31,14.63,24.83,446.49,0,70.69,2.85
2007,343,18.69,14.4,23.86,398.57,0,78.08,2.72
2007,344,19.39,16.5,23.57,397.26,0.8,80.59,4.16
2007,345,19.18,15.52,23.85,396.18,0.1,80.1,3.6
2007,346,19.24,15,24.28,353.75,0,81.24,2.85
2007,347,19.64,15.87,24.75,349.7,0,82.55,2.64
2007,348,19.65,17.22,23.88,355.75,0.1,85.12,3.01
2007,349,18.97,16.04,22.86,373.16,4.7,87.32,4.19
2007,350,18.27,16.3,21.59,235.59,0,85.91,4.21
2007,351,18.93,15.66,23.38,376.45,0,79.05,3.99
2007,352,18.79,15.6,23.31,400.29,0.1,80.3,3.54
2007,353,19.29,16.03,23.73,350.94,0,76.19,2.57
2007,354,18.81,14.53,23.85,403.15,0,78.18,2.74
2007,355,19.55,15.62,24.47,407.99,0,74.8,3.57
2007,356,19.31,15.92,23.7,323.94,2.2,83.67,3.45
2007,357,18.94,16.36,23.24,309.77,6.7,86.91,3.82
2007,358,20.22,16.91,24.8,409.78,0.7,81.63,3.41
2007,359,20.3,17.16,25.01,417.6,0,83.61,3.95
2007,360,18.96,16.81,22.36,248.07,0.6,86.86,4.58
2007,361,18.91,14.84,23.14,434.42,0,73.13,3.85
2007,362,19.96,15.72,24.86,444.77,0,68.75,3.05
2007,363,20.22,15.6,25.2,410.62,0,77.61,2.63
2007,364,20.21,16.76,25.21,330.63,0,81.03,3.1
2007,365,20.6,17.19,25.44,386.32,0,78.05,2.63
2008,1,19.25,14.12,24.18,280.23,0,62.72,4.63
2008,2,17.98,13.75,23.01,211.09,0.1,72.71,4.88
2008,3,17.25,15.45,20.82,214.32,10.62,87.78,5.48
2008,4,16.94,15.21,19.18,103.83,4.8,89.25,4.65
2008,5,17.62,14.54,21.55,274.51,0.2,77.42,4.38
2008,6,19.42,13.57,24.66,376.05,0,56.91,3.87
2008,7,19.6,14.23,24.56,355.46,0,60.44,4.2
2008,8,19.01,13.81,24.6,361.29,0,73.27,4.48
2008,9,19.48,16.27,24.33,277.82,0,74.98,5.09
2008,10,19.17,15.9,23.54,312.8,0,73.78,4.69
2008,11,19.18,14.34,24.06,300.67,0,70.07,4.13
2008,12,19.84,14.59,25.32,365.58,0,64.35,4.95
2008,13,19.68,13.39,25.11,359.62,0,57.99,4.46
2008,14,19.45,13.8,24.51,341.86,0,57.68,3.85
2008,15,19.78,13.98,24.89,349.03,0,53.19,4.17
2008,16,19.6,14.32,24.98,347.23,0,58.45,4.01
2008,17,19.44,13.62,24.81,280.46,0,61.1,4.05
2008,18,21.2,14.54,27.44,350.85,0,39.06,3.88
2008,19,21.45,15.57,27.25,356.5,0,43.76,3.63
2008,20,20.97,15.4,26.66,353.82,0,53.2,4.18
2008,21,20.88,14.6,26.14,356.25,0,51.04,4.37
2008,22,20.5,16.16,24.79,235.94,0,54.3,4.54
2008,23,20.05,16.04,24.84,262.47,0,65.03,4.02
2008,24,20.01,14.81,25.45,300.24,0,64.15,4.56
2008,25,20.9,14.87,26.58,352.5,0,58.19,4.1
2008,26,18.93,14.78,24.08,340.3,1.72,63.2328,3.64
2008,27,18.93,14.78,24.08,340.3,1.72,63.253312,3.64
2008,28,18.93,14.78,24.08,340.3,1.72,62.87504448,3.64
2008,29,18.93,14.78,24.08,340.3,1.72,61.87884626,3.64
2008,30,18.93,14.78,24.08,340.3,1.72,60.78400011,3.64
2008,31,18.93,14.78,24.08,340.3,1.72,60.11856011,3.64
2008,32,18.93,14.78,24.08,340.3,1.72,60.24690252,3.64
2008,33,18.93,14.78,24.08,340.3,1.72,60.23917862,3.64
2008,34,18.93,14.78,24.08,340.3,1.72,59.71794576,3.64
2008,35,18.93,14.78,24.08,340.3,1.72,59.10746359,3.64
2008,36,18.93,14.78,24.08,340.3,1.72,58.52056214,3.64
2008,37,18.93,14.78,24.08,340.3,1.72,58.05858462,3.64
2008,38,18.93,14.78,24.08,340.3,1.72,57.80692801,3.64
2008,39,18.93,14.78,24.08,340.3,1.72,57.79960513,3.64
2008,40,18.93,14.78,24.08,340.3,1.72,57.80438933,3.64
2008,41,18.93,14.78,24.08,340.3,1.72,57.98896491,3.64
2008,42,18.93,14.78,24.08,340.3,1.72,57.9705235,3.64
2008,43,18.93,14.78,24.08,340.3,1.72,57.84534444,3.64
2008,44,18.93,14.78,24.08,340.3,1.72,58.59675822,3.64
2008,45,18.93,14.78,24.08,340.3,1.72,59.19022855,3.64
2008,46,18.93,14.78,24.08,340.3,1.72,59.42983769,3.64
2008,47,18.93,14.78,24.08,340.3,1.72,59.7654312,3.64
2008,48,18.93,14.78,24.08,340.3,1.72,59.98404845,3.64
2008,49,18.93,14.78,24.08,340.3,1.72,59.78221039,3.64
2008,50,18.93,14.78,24.08,340.3,1.72,59.6074988,3.64
2008,51,18.93,14.78,24.08,340.3,1.72,59.66419875,3.64
2008,52,18.93,14.78,24.08,340.3,1.72,59.5214547,3.64
2008,53,18.93,14.78,24.08,340.3,1.72,59.37218041,3.64
2008,54,18.93,14.78,24.08,340.3,1.72,59.23206585,3.64
2008,55,18.93,14.78,24.08,340.3,1.72,59.12619463,3.64
2008,56,18.93,14.78,24.08,340.3,1.72,59.05988241,3.64
2008,57,18.93,14.78,24.08,340.3,1.72,59.01753531,3.64
2008,58,18.93,14.78,24.08,340.3,1.72,58.96836062,3.64
2008,59,18.93,14.78,24.08,340.3,1.72,58.9175279,3.64
2008,60,18.93,14.78,24.08,352.06,1.72,58.88551118,3.47
2008,61,18.93,14.78,24.08,352.06,1.72,58.87663309,3.47
2008,62,18.93,14.78,24.08,352.06,1.72,58.89087592,3.47
2008,63,18.93,14.78,24.08,352.06,1.72,58.92416758,3.47
2008,64,18.93,14.78,24.08,352.06,1.72,58.96885716,3.47
2008,65,18.93,14.78,24.08,352.06,1.72,59.01562724,3.47
2008,66,18.93,14.78,24.08,352.06,1.72,59.06407676,3.47
2008,67,18.93,14.78,24.08,352.06,1.72,59.10708123,3.47
2008,68,18.93,14.78,24.08,352.06,1.72,59.15254354,3.47
2008,69,18.93,14.78,24.08,352.06,1.72,59.2048315,3.47
2008,70,18.93,14.78,24.08,352.06,1.72,59.22915443,3.47
2008,71,18.93,14.78,24.08,352.06,1.72,59.23071147,3.47
2008,72,18.93,14.78,24.08,352.06,1.72,59.22274642,3.47
2008,73,18.93,14.78,24.08,352.06,1.72,59.20103903,3.47
2008,74,18.93,14.78,24.08,352.06,1.72,59.16971865,3.47
2008,75,18.93,14.78,24.08,352.06,1.72,59.14521898,3.47
2008,76,18.93,14.78,24.08,352.06,1.72,59.12672779,3.47
2008,77,18.93,14.78,24.08,352.06,1.72,59.10522895,3.47
2008,78,18.93,14.78,24.08,352.06,1.72,59.08857992,3.47
2008,79,18.93,14.78,24.08,352.06,1.72,59.0772359,3.47
2008,80,18.93,14.78,24.08,352.06,1.72,59.07104271,3.47
2008,81,18.93,14.78,24.08,352.06,1.72,59.06883663,3.47
2008,82,18.93,14.78,24.08,352.06,1.72,59.0691948,3.47
2008,83,18.93,14.78,24.08,352.06,1.72,59.07126118,3.47
2008,84,18.93,14.78,24.08,352.06,1.72,59.0753772,3.47
2008,85,18.93,14.78,24.08,352.06,1.72,59.08169117,3.47
2008,86,18.93,14.78,24.08,352.06,1.72,59.08953837,3.47
2008,87,18.93,14.78,24.08,352.06,1.72,59.09805458,3.47
2008,88,18.93,14.78,24.08,352.06,1.72,59.10634173,3.47
2008,89,18.93,14.78,24.08,352.06,1.72,59.11362869,3.47
2008,90,18.93,14.78,24.08,352.06,1.72,59.11941956,3.47
2008,91,18.93,14.78,24.08,352.06,1.72,59.12357125,3.47
2008,92,18.93,14.78,24.08,352.06,1.72,59.12595103,3.47
2008,93,18.93,14.78,24.08,352.06,1.72,59.12670582,3.47
2008,94,18.93,14.78,24.08,352.06,1.72,59.12567231,3.47
2008,95,18.93,14.78,24.08,352.06,1.72,59.12250594,3.47
2008,96,18.93,14.78,24.08,352.06,1.72,59.11824,3.47
2008,97,18.93,14.78,24.08,352.06,1.72,59.11374114,3.47
2008,98,18.93,14.78,24.08,352.06,1.72,59.10938093,3.47
2008,99,18.93,14.78,24.08,352.06,1.72,59.10571461,3.47
2008,100,18.93,14.78,24.08,352.06,1.72,59.10315445,3.47
2008,101,18.93,14.78,24.08,352.06,1.72,59.10147187,3.47
2008,102,18.93,14.78,24.08,352.06,1.72,59.10046163,3.47
2008,103,18.93,14.78,24.08,352.06,1.72,59.10027094,3.47
2008,104,18.93,14.78,24.08,352.06,1.72,59.10073858,3.47
2008,105,18.93,14.78,24.08,352.06,1.72,59.10167868,3.47
2008,106,18.93,14.78,24.08,352.06,1.72,59.10290412,3.47
2008,107,18.93,14.78,24.08,352.06,1.72,59.10426682,3.47
2008,108,18.93,14.78,24.08,352.06,1.72,59.1056697,3.47
2008,109,22.3,22.3,22.3,352.06,0,64.7,3.47
2008,110,21.07,17,24.09,352.06,0,71.13,3.74
2008,111,20.16,17.07,25.36,352.06,1,80.23,2.82
2008,112,18.06,16.81,19.59,352.06,17.06,92.29,2.83
2008,113,19.19,15.33,23.64,352.06,0,80.92,2.44
2008,114,20.13,17.32,24.31,352.06,0,81.88,2.65
2008,115,18.92,15.95,22.83,352.06,5.1,86.61,2.42
2008,116,18.55,16.41,22.86,352.06,35,89.17,1.62
2008,117,19.06,15.7,23.06,352.06,0.1,80.9,2.39
2008,118,17.85,16.69,20.08,352.06,11.7,90.83,2.03
2008,119,18.04,15.51,21.49,352.06,0,85.63,2.1
2008,120,18.66,16.79,22.47,352.06,14.3,87.36,2.18
2008,121,18.02,16.16,20.28,352.06,22.6,89.17,2.66
2008,122,18.54,14.62,22.18,352.06,0.6,84.6,2.64
2008,123,18.27,16.54,21.52,352.06,0.1,89.09,3.64
2008,124,18.61,15.12,23.36,352.06,0,83.58,1.96
2008,125,18.67,14.48,23.52,352.06,0,82.14,2.29
2008,126,18.86,15.23,23.42,352.06,0,82.42,2.8
2008,127,18.79,15.61,23.07,352.06,0,83.04,2.71
2008,128,19.09,15.8,23.44,352.06,0,81.1,2.44
2008,129,18.17,16.24,21.58,352.06,0.1,86.29,3.69
2008,130,18.56,16.06,22.68,352.06,0,81.82,3.32
2008,131,18.15,15.1,22.15,352.06,0,82.4,3.2
2008,132,18.06,14.02,23.32,352.06,0,80.69,2.41
2008,133,19.24,15.48,24.25,352.06,0,80.52,2.45
2008,134,19.23,16.33,24.04,352.06,0,79.02,3.41
2008,135,18.59,14.77,23.4,352.06,0,80.56,2.58
2008,136,18.6,14.35,23.74,352.06,0,75.81,2.95
2008,137,19.07,15.98,23.06,352.06,0,78.16,2.98
2008,138,18.29,13.91,22.89,352.06,0,81.01,2.73
2008,139,18.37,14.63,23.8,352.06,0,79.61,2.45
2008,140,19.41,13.13,26.12,352.06,0,72.85,2.35
2008,141,19.27,13.3,24.7,352.06,0,73.65,2.67
2008,142,19.83,15.97,25.45,352.06,0,76.68,2.49
2008,143,19.78,16.04,24.78,352.06,0,77.59,3.21
2008,144,18.99,14.96,23.77,352.06,0,73.95,3.17
2008,145,19.11,14.58,23.87,352.06,0,72.29,3.33
2008,146,18,14.1,22.59,352.06,0,75.42,3.35
2008,147,16.64,12.72,21.05,352.06,0.3,82.01,3.15
2008,148,17.5,14.02,22.45,352.06,0.1,80.72,3.26
2008,149,16.53,14.07,19.75,352.06,2.6,89.1,3.74
2008,150,17.26,13.76,20.82,352.06,0,82.09,2.58
2008,151,18.19,15.48,23.03,165.37,0,78.43,2.52
2008,152,19.1,14.83,24.04,252.18,0,74.88,3.37
2008,153,19.11,15.58,23.99,273.08,2.6,76.13,3.6
2008,154,18,14.69,22.03,69.78,0,80.43,3.46
2008,155,17.66,13.89,22.83,199.47,0,79.68,3.11
2008,156,19.15,14.11,24.66,306.03,0,72.1,2.52
2008,157,18.83,15.25,23.88,200.96,0.2,76.26,3.01
2008,158,18.95,13.44,24.91,360.35,0,62.02,2.54
2008,159,19.36,12.31,26.04,365.95,0,64.25,2.55
2008,160,18.79,15.88,23.8,229.63,0,75.18,3.93
2008,161,18.3,13.62,24.32,251.44,0,74.56,2.85
2008,162,19.59,14.98,24.61,351.39,0,63.15,2.73
2008,163,19.64,14.92,24.48,241.6,0.2,63.95,2.52
2008,164,17.84,13.52,22.29,190.26,0,74.48,2.64
2008,165,18.81,14.98,25.01,245.06,0,78.03,2.24
2008,166,17.89,14.88,21.55,141.38,0,77.07,2.1
2008,167,18.54,14.65,23.95,188.56,0,74.76,2.65
2008,168,16.83,14.59,19.37,54.07,0,80.78,3.03
2008,169,17.38,13.35,22.42,172.24,0,74.23,2.81
2008,170,17.84,12.97,22.96,224.37,0,73.04,2.49
2008,171,18.42,14.65,22.7,138.18,0,77.27,2.83
2008,172,17.83,15.91,20.93,191.66,0,79.93,3.14
2008,173,17.11,14.77,20.05,117.71,0,78.53,2.92
2008,174,16.87,15.44,18.65,61.62,0,81.36,3.27
2008,175,17.72,14.23,22.8,198.47,0,69.59,2.7
2008,176,18.16,13.41,24.21,249.27,0,60.96,2.39
2008,177,16.67,13.5,21.31,115.2,0,76.59,2.67
2008,178,16.59,13.91,20.48,94.91,0,79.69,2.63
2008,179,17.33,12.34,22.77,236.09,0,73.82,2.46
2008,180,16.34,13.54,19.66,114.41,0,79.4,2.51
2008,181,17.5,14.71,21.1,109.4,0,75.77,3.1
2008,182,17.09,14.5,20.39,26.13,0,79.28,3.5
2008,183,16.91,14.71,19.95,85.05,0,75.76,3.45
2008,184,17.14,13.46,21.06,61.39,0,73.3,3.53
2008,185,16.5,13.97,19.82,167.11,0,73.98,3.97
2008,186,15.27,12.43,18.94,12.18,0,79.14,2.19
2008,187,18.06,15.84,19.51,95.63,0,66.31,4.78
2008,188,16.23,14.2,18.34,100.56,0,71.89,4.13
2008,189,16.26,12.37,20.81,159.02,0,72.12,3.26
2008,190,16.77,11.2,23.56,248.11,0,72.19,2.32
2008,191,18.69,10.53,26.26,315.31,0,65.96,2.48
2008,192,18.73,13.05,25.43,289.71,0,67.15,2.61
2008,193,16.82,13.68,20.29,189.55,0,74.61,3
2008,194,16.93,12.67,20.86,192.7,0,72.44,3.07
2008,195,18.08,13.39,23.37,212.77,0,65.2,3.12
2008,196,17.13,12.58,22.48,132.91,0,70.3,2.48
2008,197,16.52,12.53,20.62,203.16,0,72.56,2.49
2008,198,15.86,11.93,19.8,67.65,0,73.96,2.59
2008,199,16.31,12.25,21.51,91.4,0,71.79,3.25
2008,200,16.74,12.41,21.45,65.78,0,73.66,2.79
2008,201,18.82,12.14,25.91,312.23,0,61.97,2.95
2008,202,18.53,13.18,24.25,317.92,0,62.06,3.24
2008,203,17.85,14.49,22.47,64.01,0,70.11,3.15
2008,204,17.62,14.85,21.88,183.78,0,74.82,3.76
2008,205,17.38,13.13,21.38,87.99,0,73.91,2.7
2008,206,18.01,15.6,22.06,164.12,0,74.49,3.37
2008,207,16.77,14.22,22.16,164.8,0,75.2,3.05
2008,208,16.96,12.3,21.48,97.12,0,71.97,2.7
2008,209,16.78,14.6,20.27,100.08,0,75.65,3.99
2008,210,16.67,13.6,21.41,84.46,0,77.88,2.76
2008,211,17.75,12.74,24.26,309.83,0,75.95,2.78
2008,212,18.63,12.91,25.69,320.4,0,71.32,2.99
2008,213,17.26,14.02,21.61,108.1,0,75.7,3.71
2008,214,17.03,13.91,20.32,245.22,0.1,76.65,5.05
2008,215,15.78,15.4,16.35,340.3,0,84.12,3.86
2008,216,18.93,14.78,24.08,340.3,1.72,77.88,3.64
2008,217,18.93,14.78,24.08,340.3,1.72,75.95,3.64
2008,218,18.93,14.78,24.08,340.3,1.72,71.32,3.64
2008,219,18.93,14.78,24.08,340.3,1.72,75.7,3.64
2008,220,19.19,16.1,22.77,340.3,0,60.43,3.98
2008,221,16.3,14.35,19.47,99.72,1.5,82.14,3.25
2008,222,17.41,14.54,21.9,340.3,0,74.2,3.32
2008,223,17.26,13.47,21.84,340.3,0,70.81,2.72
2008,224,16.43,11.83,22.03,340.3,0,69.39,2.8
2008,225,17.57,11.74,23.44,340.3,0,67.25,3.53
2008,226,18.23,12.32,24.09,340.3,0,66.17,3.32
2008,227,19.11,13.96,24.68,340.3,0,69.91,3.56
2008,228,18.74,15.68,22.93,340.3,0,69.27,3.69
2008,229,18.19,14.99,22.6,340.3,0,70.44,3.82
2008,230,17.99,14.35,23.52,340.3,0,68.34,4.51
2008,231,18.84,13.73,25.12,340.3,0,60.16,3.04
2008,232,19.25,12.04,25.81,340.3,0,51.77,3.25
2008,233,19.13,12.72,24.83,340.3,0,55.64,3.8
2008,234,20.08,15.13,25.93,340.3,0,60.22,3.34
2008,235,18.24,12.75,24.9,278.29,0,66.35,3.65
2008,236,18.13,13.52,24.14,286.17,0,67.29,3.42
2008,237,18.43,12.48,24.75,339.26,0,67.22,3.85
2008,238,19.73,14.79,25.96,370.39,0,61.21,3.94
2008,239,19.43,14.24,26.09,348.37,0,62.14,3.64
2008,240,18.38,14.17,23.01,204.73,0,66.11,4.3
2008,241,18.08,13.66,22.52,203.21,0,65.33,4.51
2008,242,18.02,15.12,21.84,184.28,0,72.23,4.32
2008,243,18.07,15.24,22.71,132.61,0,72.33,3.66
2008,244,18.87,15.46,23.51,134.25,0,70.98,3.71
2008,245,18.68,15.53,23.49,177.46,0,71.85,3.22
2008,246,18.9,12.73,25.89,309.28,0,65.73,3.63
2008,247,18.78,14.35,24.48,183.69,0,65.77,3.56
2008,248,19.63,13.74,25.63,239.41,0,65.78,3.22
2008,249,20.42,13.62,26.98,276.93,0,59.99,2.42
2008,250,18.55,15.47,24.24,183.01,23.2,79.81,2.36
2008,251,17.83,15.35,20.88,216.31,1.5,84.97,3.37
2008,252,17.63,15.18,20.3,237.69,0,79.53,3.56
2008,253,18.7,13.12,24.8,304.84,0,69.46,3.47
2008,254,19.63,15.06,25.4,286.39,0,68.96,3.1
2008,255,20.1,15.27,26.39,311.18,0,70.71,2.69
2008,256,18.54,15.58,23.43,212.37,0,78.29,3.58
2008,257,19.3,15.09,24.61,303.08,0,61.66,4.59
2008,258,18.25,15.11,22.31,305.08,0,70.57,3.47
2008,259,19.19,13.58,25.41,335.8,0,67.65,3.06
2008,260,20.08,15.78,27.18,352.88,7.9,69.76,3.16
2008,261,19.27,15.2,24.9,296.61,0,71.05,3.53
2008,262,19.43,14.03,24.85,321.49,0,70.28,3.57
2008,263,20.13,15.04,27.25,425.01,0,68.7,2.81
2008,264,20.11,14.46,26.74,335.61,0,68.67,3.61
2008,265,20.33,15.96,25.85,292.61,0,63.45,4.06
2008,266,19.54,15.6,24.75,214.41,0,65.68,4.21
2008,267,18.87,16.08,24.31,306.57,0,72.24,4.2
2008,268,20.51,14.71,27.22,310.98,0,58.63,3.17
2008,269,20.23,13.96,27.28,291.16,0,64.9,2.78
2008,270,20.27,14.8,26.27,303.74,0,67.24,3.51
2008,271,18.89,16.03,22.69,79.8,0,71.98,3.83
2008,272,19.89,13.95,26.59,315.98,0,67.54,3.7
2008,273,19.74,15.23,26.4,221.85,0,71.17,4.05
2008,274,20.87,16.39,27.58,279.48,0,66.11,3.52
2008,275,20.79,14.59,27.58,290.74,0,61.65,3.22
2008,276,18.98,12.25,25.45,355.89,0,61.51,3.36
2008,277,17.97,16.28,21.07,340.3,0,79.37,4.62
2008,278,18.71,15.17,23.32,340.3,0.1,73.05,3.82
2008,279,20.09,15.8,26.43,340.3,0,67.62,4.09
2008,280,20.12,14.92,26.08,340.3,0,59.02,3.57
2008,281,20.74,13.07,27.9,340.3,0,56.38,3.34
2008,282,21.15,14.46,27.94,340.3,0,61.27,4.24
2008,283,20.8,16.31,27.4,340.3,0,66.42,5.2
2008,284,20.65,14.57,26.53,340.3,0,61.27,4.42
2008,285,21.22,14.61,27.95,29.44,0,58.16,4.01
2008,286,22.07,14.44,29.04,427.23,0,57.17,3.61
2008,287,22.09,16.24,28.14,428.3,0,64.39,5.2
2008,288,21.94,17.65,27.56,348.26,0,67.16,5.57
2008,289,20.65,16.41,25.56,391.86,0.5,73,4.75
2008,290,20.59,17,26.7,287.02,0.1,72.18,3.44
2008,291,21.14,17.4,25.88,391.89,0,71.74,4.22
2008,292,19.67,16.88,24.57,333,0.9,79.34,4.75
2008,293,19.63,14.75,24.34,333.2,0,70.86,3.97
2008,294,20.13,15.77,25.43,317.38,0,68.67,4.18
2008,295,21.29,16.21,26.31,335.48,0,56.17,3.38
2008,296,20.92,15.51,26.96,386.79,0,56.58,3.52
2008,297,21.26,15.27,26.84,361.83,0,62.73,3.41
2008,298,21.43,17.08,26.31,373.89,0,67.31,4.54
2008,299,19.75,16.89,24.27,302.02,1.9,76.47,4.64
2008,300,19.99,16.11,24.47,275.17,0,70.49,3.55
2008,301,20.44,15.29,26.18,299.92,0,67.55,3.87
2008,302,20.44,16.2,25.09,293.17,0,66.86,3.74
2008,303,19.84,16.07,25.11,320.12,0,72.71,4.13
2008,304,19.58,16.66,24.13,286.44,4.5,78.4,4.26
2008,305,20.19,15.98,25.04,301.58,0,72.37,3.77
2008,306,18.89,16.55,22.21,304.4,32.9,85.22,3.63
2008,307,18.28,16.62,22.5,326.5,8.3,88.67,3.3
2008,308,18.22,15.53,21.34,294.16,8.6,84.66,3.2
2008,309,18.8,16.42,23.16,313,7.2,85.41,3
2008,310,19.32,16.17,24.13,442.3,28.39,81.98,3.32
2008,311,19.12,15.6,23.81,471.37,35.8,82.53,2.9
2008,312,18.59,16.89,21.94,329.38,3.1,88.16,3.48
2008,313,19.14,15.53,23.06,388.75,0,78.03,3.7
2008,314,18.8,16.01,22.5,265.7,17.8,85.21,3.72
2008,315,18.04,15.14,21.42,278.59,11.1,87.17,4.04
2008,316,18.82,16.5,23.13,342.78,4.4,86.05,3.73
2008,317,18.97,16.48,22.72,418.36,3.9,87.41,4.58
2008,318,18.57,16.33,23.09,332.43,22.2,89.79,2.51
2008,319,18.42,16.63,22.5,327.11,5.7,89.16,3.26
2008,320,18.56,16.26,22.07,379.33,6.6,87.77,3.73
2008,321,18.58,16.27,22.19,301.92,2.5,87.67,3.39
2008,322,19.16,16.24,23.04,360.37,1.74,82.42,3.52
2008,323,19.33,16.45,23.33,426.02,1.4,82.05,3.47
2008,324,18.81,15.89,23.3,398.04,0.4,85.17,3.46
2008,325,18.89,16.91,22.18,319.64,14.2,87.74,3.58
2008,326,18.29,16.52,21.89,360.61,8.7,91.68,4.05
2008,327,18.41,16.01,21.81,332.88,3.6,87.89,4.08
2008,328,18.6,16.2,22.59,392.39,9,87.44,3.59
2008,329,18.63,16.17,22.4,319.92,6.8,87.22,2.76
2008,330,18.31,15.64,21.96,339,8.4,89.85,3.28
2008,331,19.47,15.78,24.04,471.51,2.6,77.23,3.81
2008,332,19.07,16.67,23.43,349.55,0,83.95,3.15
2008,333,19.54,16.52,23.98,498.21,0,75.99,3.76
2008,334,19.2,15.46,23.4,483.41,0,72.17,3.74
2008,335,19.08,14.87,23.94,461.96,0,71.36,3.2
2008,336,19.51,14.76,24.39,411.98,0,75.32,3.14
2008,337,19.26,16.65,23.41,401.68,0,82.54,3.88
2008,338,18.98,15.93,23.5,363.5,0,80.18,3.54
2008,339,19.21,15.7,24.03,404.09,0,75.45,2.89
2008,340,19.08,16.36,23.58,383.18,0,79.45,2.86
2008,341,19.16,13.78,24.68,473.77,0,76.59,2.78
2008,342,19.31,14.63,24.83,446.49,0,70.69,2.85
2008,343,18.69,14.4,23.86,398.57,0,78.08,2.72
2008,344,19.39,16.5,23.57,397.26,0.8,80.59,4.16
2008,345,19.18,15.52,23.85,396.18,0.1,80.1,3.6
2008,346,19.24,15,24.28,353.75,0,81.24,2.85
2008,347,19.64,15.87,24.75,349.7,0,82.55,2.64
2008,348,19.65,17.22,23.88,355.75,0.1,85.12,3.01
2008,349,18.97,16.04,22.86,373.16,4.7,87.32,4.19
2008,350,18.27,16.3,21.59,235.59,0,85.91,4.21
2008,351,18.93,15.66,23.38,376.45,0,79.05,3.99
2008,352,18.79,15.6,23.31,400.29,0.1,80.3,3.54
2008,353,19.29,16.03,23.73,350.94,0,76.19,2.57
2008,354,18.81,14.53,23.85,403.15,0,78.18,2.74
2008,355,19.55,15.62,24.47,407.99,0,74.8,3.57
2008,356,19.31,15.92,23.7,323.94,2.2,83.67,3.45
2008,357,18.94,16.36,23.24,309.77,6.7,86.91,3.82
2008,358,20.22,16.91,24.8,409.78,0.7,81.63,3.41
2008,359,20.3,17.16,25.01,417.6,0,83.61,3.95
2008,360,18.96,16.81,22.36,248.07,0.6,86.86,4.58
2008,361,18.91,14.84,23.14,434.42,0,73.13,3.85
2008,362,19.96,15.72,24.86,444.77,0,68.75,3.05
2008,363,20.22,15.6,25.2,410.62,0,77.61,2.63
2008,364,20.21,16.76,25.21,330.63,0,81.03,3.1
2008,365,20.6,17.19,25.44,386.32,0,78.05,2.63
2009,1,19.25,14.12,24.18,280.23,0,62.72,4.63
2009,2,17.98,13.75,23.01,211.09,0.1,72.71,4.88
2009,3,17.25,15.45,20.82,214.32,10.62,87.78,5.48
2009,4,16.94,15.21,19.18,103.83,4.8,89.25,4.65
2009,5,17.62,14.54,21.55,274.51,0.2,77.42,4.38
2009,6,19.42,13.57,24.66,376.05,0,56.91,3.87
2009,7,19.6,14.23,24.56,355.46,0,60.44,4.2
2009,8,19.01,13.81,24.6,361.29,0,73.27,4.48
2009,9,19.48,16.27,24.33,277.82,0,74.98,5.09
2009,10,19.17,15.9,23.54,312.8,0,73.78,4.69
2009,11,19.18,14.34,24.06,300.67,0,70.07,4.13
2009,12,19.84,14.59,25.32,365.58,0,64.35,4.95
2009,13,19.68,13.39,25.11,359.62,0,57.99,4.46
2009,14,19.45,13.8,24.51,341.86,0,57.68,3.85
2009,15,19.78,13.98,24.89,349.03,0,53.19,4.17
2009,16,19.6,14.32,24.98,347.23,0,58.45,4.01
2009,17,19.44,13.62,24.81,280.46,0,61.1,4.05
2009,18,21.2,14.54,27.44,350.85,0,39.06,3.88
2009,19,21.45,15.57,27.25,356.5,0,43.76,3.63
2009,20,20.97,15.4,26.66,353.82,0,53.2,4.18
2009,21,20.88,14.6,26.14,356.25,0,51.04,4.37
2009,22,20.5,16.16,24.79,235.94,0,54.3,4.54
2009,23,20.05,16.04,24.84,262.47,0,65.03,4.02
2009,24,20.01,14.81,25.45,300.24,0,64.15,4.56
2009,25,20.9,14.87,26.58,352.5,0,58.19,4.1
2009,26,18.93,14.78,24.08,340.3,1.72,63.2328,3.64
2009,27,18.93,14.78,24.08,340.3,1.72,63.253312,3.64
2009,28,18.93,14.78,24.08,340.3,1.72,62.87504448,3.64
2009,29,18.93,14.78,24.08,340.3,1.72,61.87884626,3.64
2009,30,18.93,14.78,24.08,340.3,1.72,60.78400011,3.64
2009,31,18.93,14.78,24.08,340.3,1.72,60.11856011,3.64
2009,32,18.93,14.78,24.08,340.3,1.72,60.24690252,3.64
2009,33,18.93,14.78,24.08,340.3,1.72,60.23917862,3.64
2009,34,18.93,14.78,24.08,340.3,1.72,59.71794576,3.64
2009,35,18.93,14.78,24.08,340.3,1.72,59.10746359,3.64
2009,36,18.93,14.78,24.08,340.3,1.72,58.52056214,3.64
2009,37,18.93,14.78,24.08,340.3,1.72,58.05858462,3.64
2009,38,18.93,14.78,24.08,340.3,1.72,57.80692801,3.64
2009,39,18.93,14.78,24.08,340.3,1.72,57.79960513,3.64
2009,40,18.93,14.78,24.08,340.3,1.72,57.80438933,3.64
2009,41,18.93,14.78,24.08,340.3,1.72,57.98896491,3.64
2009,42,18.93,14.78,24.08,340.3,1.72,57.9705235,3.64
2009,43,18.93,14.78,24.08,340.3,1.72,57.84534444,3.64
2009,44,18.93,14.78,24.08,340.3,1.72,58.59675822,3.64
2009,45,18.93,14.78,24.08,340.3,1.72,59.19022855,3.64
2009,46,18.93,14.78,24.08,340.3,1.72,59.42983769,3.64
2009,47,18.93,14.78,24.08,340.3,1.72,59.7654312,3.64
2009,48,18.93,14.78,24.08,340.3,1.72,59.98404845,3.64
2009,49,18.93,14.78,24.08,340.3,1.72,59.78221039,3.64
2009,50,18.93,14.78,24.08,340.3,1.72,59.6074988,3.64
2009,51,18.93,14.78,24.08,340.3,1.72,59.66419875,3.64
2009,52,18.93,14.78,24.08,340.3,1.72,59.5214547,3.64
2009,53,18.93,14.78,24.08,340.3,1.72,59.37218041,3.64
2009,54,18.93,14.78,24.08,340.3,1.72,59.23206585,3.64
2009,55,18.93,14.78,24.08,340.3,1.72,59.12619463,3.64
2009,56,18.93,14.78,24.08,340.3,1.72,59.05988241,3.64
2009,57,18.93,14.78,24.08,340.3,1.72,59.01753531,3.64
2009,58,18.93,14.78,24.08,340.3,1.72,58.96836062,3.64
2009,59,18.93,14.78,24.08,340.3,1.72,58.9175279,3.64
2009,60,18.93,14.78,24.08,352.06,1.72,58.88551118,3.47
2009,61,18.93,14.78,24.08,352.06,1.72,58.87663309,3.47
2009,62,18.93,14.78,24.08,352.06,1.72,58.89087592,3.47
2009,63,18.93,14.78,24.08,352.06,1.72,58.92416758,3.47
2009,64,18.93,14.78,24.08,352.06,1.72,58.96885716,3.47
2009,65,18.93,14.78,24.08,352.06,1.72,59.01562724,3.47
2009,66,18.93,14.78,24.08,352.06,1.72,59.06407676,3.47
2009,67,18.93,14.78,24.08,352.06,1.72,59.10708123,3.47
2009,68,18.93,14.78,24.08,352.06,1.72,59.15254354,3.47
2009,69,18.93,14.78,24.08,352.06,1.72,59.2048315,3.47
2009,70,18.93,14.78,24.08,352.06,1.72,59.22915443,3.47
2009,71,18.93,14.78,24.08,352.06,1.72,59.23071147,3.47
2009,72,18.93,14.78,24.08,352.06,1.72,59.22274642,3.47
2009,73,18.93,14.78,24.08,352.06,1.72,59.20103903,3.47
2009,74,18.93,14.78,24.08,352.06,1.72,59.16971865,3.47
2009,75,18.93,14.78,24.08,352.06,1.72,59.14521898,3.47
2009,76,18.93,14.78,24.08,352.06,1.72,59.12672779,3.47
2009,77,18.93,14.78,24.08,352.06,1.72,59.10522895,3.47
2009,78,18.93,14.78,24.08,352.06,1.72,59.08857992,3.47
2009,79,18.93,14.78,24.08,352.06,1.72,59.0772359,3.47
2009,80,18.93,14.78,24.08,352.06,1.72,59.07104271,3.47
2009,81,18.93,14.78,24.08,352.06,1.72,59.06883663,3.47
2009,82,18.93,14.78,24.08,352.06,1.72,59.0691948,3.47
2009,83,18.93,14.78,24.08,352.06,1.72,59.07126118,3.47
2009,84,18.93,14.78,24.08,352.06,1.72,59.0753772,3.47
2009,85,18.93,14.78,24.08,352.06,1.72,59.08169117,3.47
2009,86,18.93,14.78,24.08,352.06,1.72,59.08953837,3.47
2009,87,18.93,14.78,24.08,352.06,1.72,59.09805458,3.47
2009,88,18.93,14.78,24.08,352.06,1.72,59.10634173,3.47
2009,89,18.93,14.78,24.08,352.06,1.72,59.11362869,3.47
2009,90,18.93,14.78,24.08,352.06,1.72,59.11941956,3.47
2009,91,18.93,14.78,24.08,352.06,1.72,59.12357125,3.47
2009,92,18.93,14.78,24.08,352.06,1.72,59.12595103,3.47
2009,93,18.93,14.78,24.08,352.06,1.72,59.12670582,3.47
2009,94,18.93,14.78,24.08,352.06,1.72,59.12567231,3.47
2009,95,18.93,14.78,24.08,352.06,1.72,59.12250594,3.47
2009,96,18.93,14.78,24.08,352.06,1.72,59.11824,3.47
2009,97,18.93,14.78,24.08,352.06,1.72,59.11374114,3.47
2009,98,18.93,14.78,24.08,352.06,1.72,59.10938093,3.47
2009,99,18.93,14.78,24.08,352.06,1.72,59.10571461,3.47
2009,100,18.93,14.78,24.08,352.06,1.72,59.10315445,3.47
2009,101,18.93,14.78,24.08,352.06,1.72,59.10147187,3.47
2009,102,18.93,14.78,24.08,352.06,1.72,59.10046163,3.47
2009,103,18.93,14.78,24.08,352.06,1.72,59.10027094,3.47
2009,104,18.93,14.78,24.08,352.06,1.72,59.10073858,3.47
2009,105,18.93,14.78,24.08,352.06,1.72,59.10167868,3.47
2009,106,18.93,14.78,24.08,352.06,1.72,59.10290412,3.47
2009,107,18.93,14.78,24.08,352.06,1.72,59.10426682,3.47
2009,108,18.93,14.78,24.08,352.06,1.72,59.1056697,3.47
2009,109,22.3,22.3,22.3,352.06,0,64.7,3.47
2009,110,21.07,17,24.09,352.06,0,71.13,3.74
2009,111,20.16,17.07,25.36,352.06,1,80.23,2.82
2009,112,18.06,16.81,19.59,352.06,17.06,92.29,2.83
2009,113,19.19,15.33,23.64,352.06,0,80.92,2.44
2009,114,20.13,17.32,24.31,352.06,0,81.88,2.65
2009,115,18.92,15.95,22.83,352.06,5.1,86.61,2.42
2009,116,18.55,16.41,22.86,352.06,35,89.17,1.62
2009,117,19.06,15.7,23.06,352.06,0.1,80.9,2.39
2009,118,17.85,16.69,20.08,352.06,11.7,90.83,2.03
2009,119,18.04,15.51,21.49,352.06,0,85.63,2.1
2009,120,18.66,16.79,22.47,352.06,14.3,87.36,2.18
2009,121,18.02,16.16,20.28,352.06,22.6,89.17,2.66
2009,122,18.54,14.62,22.18,352.06,0.6,84.6,2.64
2009,123,18.27,16.54,21.52,352.06,0.1,89.09,3.64
2009,124,18.61,15.12,23.36,352.06,0,83.58,1.96
2009,125,18.67,14.48,23.52,352.06,0,82.14,2.29
2009,126,18.86,15.23,23.42,352.06,0,82.42,2.8
2009,127,18.79,15.61,23.07,352.06,0,83.04,2.71
2009,128,19.09,15.8,23.44,352.06,0,81.1,2.44
2009,129,18.17,16.24,21.58,352.06,0.1,86.29,3.69
2009,130,18.56,16.06,22.68,352.06,0,81.82,3.32
2009,131,18.15,15.1,22.15,352.06,0,82.4,3.2
2009,132,18.06,14.02,23.32,352.06,0,80.69,2.41
2009,133,19.24,15.48,24.25,352.06,0,80.52,2.45
2009,134,19.23,16.33,24.04,352.06,0,79.02,3.41
2009,135,18.59,14.77,23.4,352.06,0,80.56,2.58
2009,136,18.6,14.35,23.74,352.06,0,75.81,2.95
2009,137,19.07,15.98,23.06,352.06,0,78.16,2.98
2009,138,18.29,13.91,22.89,352.06,0,81.01,2.73
2009,139,18.37,14.63,23.8,352.06,0,79.61,2.45
2009,140,19.41,13.13,26.12,352.06,0,72.85,2.35
2009,141,19.27,13.3,24.7,352.06,0,73.65,2.67
2009,142,19.83,15.97,25.45,352.06,0,76.68,2.49
2009,143,19.78,16.04,24.78,352.06,0,77.59,3.21
2009,144,18.99,14.96,23.77,352.06,0,73.95,3.17
2009,145,19.11,14.58,23.87,352.06,0,72.29,3.33
2009,146,18,14.1,22.59,352.06,0,75.42,3.35
2009,147,16.64,12.72,21.05,352.06,0.3,82.01,3.15
2009,148,17.5,14.02,22.45,352.06,0.1,80.72,3.26
2009,149,16.53,14.07,19.75,352.06,2.6,89.1,3.74
2009,150,17.26,13.76,20.82,352.06,0,82.09,2.58
2009,151,18.19,15.48,23.03,165.37,0,78.43,2.52
2009,152,19.1,14.83,24.04,252.18,0,74.88,3.37
2009,153,19.11,15.58,23.99,273.08,2.6,76.13,3.6
2009,154,18,14.69,22.03,69.78,0,80.43,3.46
2009,155,17.66,13.89,22.83,199.47,0,79.68,3.11
2009,156,19.15,14.11,24.66,306.03,0,72.1,2.52
2009,157,18.83,15.25,23.88,200.96,0.2,76.26,3.01
2009,158,18.95,13.44,24.91,360.35,0,62.02,2.54
2009,159,19.36,12.31,26.04,365.95,0,64.25,2.55
2009,160,18.79,15.88,23.8,229.63,0,75.18,3.93
2009,161,18.3,13.62,24.32,251.44,0,74.56,2.85
2009,162,19.59,14.98,24.61,351.39,0,63.15,2.73
2009,163,19.64,14.92,24.48,241.6,0.2,63.95,2.52
2009,164,17.84,13.52,22.29,190.26,0,74.48,2.64
2009,165,18.81,14.98,25.01,245.06,0,78.03,2.24
2009,166,17.89,14.88,21.55,141.38,0,77.07,2.1
2009,167,18.54,14.65,23.95,188.56,0,74.76,2.65
2009,168,16.83,14.59,19.37,54.07,0,80.78,3.03
2009,169,17.38,13.35,22.42,172.24,0,74.23,2.81
2009,170,17.84,12.97,22.96,224.37,0,73.04,2.49
2009,171,18.42,14.65,22.7,138.18,0,77.27,2.83
2009,172,17.83,15.91,20.93,191.66,0,79.93,3.14
2009,173,17.11,14.77,20.05,117.71,0,78.53,2.92
2009,174,16.87,15.44,18.65,61.62,0,81.36,3.27
2009,175,17.72,14.23,22.8,198.47,0,69.59,2.7
2009,176,18.16,13.41,24.21,249.27,0,60.96,2.39
2009,177,16.67,13.5,21.31,115.2,0,76.59,2.67
2009,178,16.59,13.91,20.48,94.91,0,79.69,2.63
2009,179,17.33,12.34,22.77,236.09,0,73.82,2.46
2009,180,16.34,13.54,19.66,114.41,0,79.4,2.51
2009,181,17.5,14.71,21.1,109.4,0,75.77,3.1
2009,182,17.09,14.5,20.39,26.13,0,79.28,3.5
2009,183,16.91,14.71,19.95,85.05,0,75.76,3.45
2009,184,17.14,13.46,21.06,61.39,0,73.3,3.53
2009,185,16.5,13.97,19.82,167.11,0,73.98,3.97
2009,186,15.27,12.43,18.94,12.18,0,79.14,2.19
2009,187,18.06,15.84,19.51,95.63,0,66.31,4.78
2009,188,16.23,14.2,18.34,100.56,0,71.89,4.13
2009,189,16.26,12.37,20.81,159.02,0,72.12,3.26
2009,190,16.77,11.2,23.56,248.11,0,72.19,2.32
2009,191,18.69,10.53,26.26,315.31,0,65.96,2.48
2009,192,18.73,13.05,25.43,289.71,0,67.15,2.61
2009,193,16.82,13.68,20.29,189.55,0,74.61,3
2009,194,16.93,12.67,20.86,192.7,0,72.44,3.07
2009,195,18.08,13.39,23.37,212.77,0,65.2,3.12
2009,196,17.13,12.58,22.48,132.91,0,70.3,2.48
2009,197,16.52,12.53,20.62,203.16,0,72.56,2.49
2009,198,15.86,11.93,19.8,67.65,0,73.96,2.59
2009,199,16.31,12.25,21.51,91.4,0,71.79,3.25
2009,200,16.74,12.41,21.45,65.78,0,73.66,2.79
2009,201,18.82,12.14,25.91,312.23,0,61.97,2.95
2009,202,18.53,13.18,24.25,317.92,0,62.06,3.24
2009,203,17.85,14.49,22.47,64.01,0,70.11,3.15
2009,204,17.62,14.85,21.88,183.78,0,74.82,3.76
2009,205,17.38,13.13,21.38,87.99,0,73.91,2.7
2009,206,18.01,15.6,22.06,164.12,0,74.49,3.37
2009,207,16.77,14.22,22.16,164.8,0,75.2,3.05
2009,208,16.96,12.3,21.48,97.12,0,71.97,2.7
2009,209,16.78,14.6,20.27,100.08,0,75.65,3.99
2009,210,16.67,13.6,21.41,84.46,0,77.88,2.76
2009,211,17.75,12.74,24.26,309.83,0,75.95,2.78
2009,212,18.63,12.91,25.69,320.4,0,71.32,2.99
2009,213,17.26,14.02,21.61,108.1,0,75.7,3.71
2009,214,17.03,13.91,20.32,245.22,0.1,76.65,5.05
2009,215,15.78,15.4,16.35,340.3,0,84.12,3.86
2009,216,18.93,14.78,24.08,340.3,1.72,77.88,3.64
2009,217,18.93,14.78,24.08,340.3,1.72,75.95,3.64
2009,218,18.93,14.78,24.08,340.3,1.72,71.32,3.64
2009,219,18.93,14.78,24.08,340.3,1.72,75.7,3.64
2009,220,19.19,16.1,22.77,340.3,0,60.43,3.98
2009,221,16.3,14.35,19.47,99.72,1.5,82.14,3.25
2009,222,17.41,14.54,21.9,340.3,0,74.2,3.32
2009,223,17.26,13.47,21.84,340.3,0,70.81,2.72
2009,224,16.43,11.83,22.03,340.3,0,69.39,2.8
2009,225,17.57,11.74,23.44,340.3,0,67.25,3.53
2009,226,18.23,12.32,24.09,340.3,0,66.17,3.32
2009,227,19.11,13.96,24.68,340.3,0,69.91,3.56
2009,228,18.74,15.68,22.93,340.3,0,69.27,3.69
2009,229,18.19,14.99,22.6,340.3,0,70.44,3.82
2009,230,17.99,14.35,23.52,340.3,0,68.34,4.51
2009,231,18.84,13.73,25.12,340.3,0,60.16,3.04
2009,232,19.25,12.04,25.81,340.3,0,51.77,3.25
2009,233,19.13,12.72,24.83,340.3,0,55.64,3.8
2009,234,20.08,15.13,25.93,340.3,0,60.22,3.34
2009,235,18.24,12.75,24.9,278.29,0,66.35,3.65
2009,236,18.13,13.52,24.14,286.17,0,67.29,3.42
2009,237,18.43,12.48,24.75,339.26,0,67.22,3.85
2009,238,19.73,14.79,25.96,370.39,0,61.21,3.94
2009,239,19.43,14.24,26.09,348.37,0,62.14,3.64
2009,240,18.38,14.17,23.01,204.73,0,66.11,4.3
2009,241,18.08,13.66,22.52,203.21,0,65.33,4.51
2009,242,18.02,15.12,21.84,184.28,0,72.23,4.32
2009,243,18.07,15.24,22.71,132.61,0,72.33,3.66
2009,244,18.87,15.46,23.51,134.25,0,70.98,3.71
2009,245,18.68,15.53,23.49,177.46,0,71.85,3.22
2009,246,18.9,12.73,25.89,309.28,0,65.73,3.63
2009,247,18.78,14.35,24.48,183.69,0,65.77,3.56
2009,248,19.63,13.74,25.63,239.41,0,65.78,3.22
2009,249,20.42,13.62,26.98,276.93,0,59.99,2.42
2009,250,18.55,15.47,24.24,183.01,23.2,79.81,2.36
2009,251,17.83,15.35,20.88,216.31,1.5,84.97,3.37
2009,252,17.63,15.18,20.3,237.69,0,79.53,3.56
2009,253,18.7,13.12,24.8,304.84,0,69.46,3.47
2009,254,19.63,15.06,25.4,286.39,0,68.96,3.1
2009,255,20.1,15.27,26.39,311.18,0,70.71,2.69
2009,256,18.54,15.58,23.43,212.37,0,78.29,3.58
2009,257,19.3,15.09,24.61,303.08,0,61.66,4.59
2009,258,18.25,15.11,22.31,305.08,0,70.57,3.47
2009,259,19.19,13.58,25.41,335.8,0,67.65,3.06
2009,260,20.08,15.78,27.18,352.88,7.9,69.76,3.16
2009,261,19.27,15.2,24.9,296.61,0,71.05,3.53
2009,262,19.43,14.03,24.85,321.49,0,70.28,3.57
2009,263,20.13,15.04,27.25,425.01,0,68.7,2.81
2009,264,20.11,14.46,26.74,335.61,0,68.67,3.61
2009,265,20.33,15.96,25.85,292.61,0,63.45,4.06
2009,266,19.54,15.6,24.75,214.41,0,65.68,4.21
2009,267,18.87,16.08,24.31,306.57,0,72.24,4.2
2009,268,20.51,14.71,27.22,310.98,0,58.63,3.17
2009,269,20.23,13.96,27.28,291.16,0,64.9,2.78
2009,270,20.27,14.8,26.27,303.74,0,67.24,3.51
2009,271,18.89,16.03,22.69,79.8,0,71.98,3.83
2009,272,19.89,13.95,26.59,315.98,0,67.54,3.7
2009,273,19.74,15.23,26.4,221.85,0,71.17,4.05
2009,274,20.87,16.39,27.58,279.48,0,66.11,3.52
2009,275,20.79,14.59,27.58,290.74,0,61.65,3.22
2009,276,18.98,12.25,25.45,355.89,0,61.51,3.36
2009,277,17.97,16.28,21.07,340.3,0,79.37,4.62
2009,278,18.71,15.17,23.32,340.3,0.1,73.05,3.82
2009,279,20.09,15.8,26.43,340.3,0,67.62,4.09
2009,280,20.12,14.92,26.08,340.3,0,59.02,3.57
2009,281,20.74,13.07,27.9,340.3,0,56.38,3.34
2009,282,21.15,14.46,27.94,340.3,0,61.27,4.24
2009,283,20.8,16.31,27.4,340.3,0,66.42,5.2
2009,284,20.65,14.57,26.53,340.3,0,61.27,4.42
2009,285,21.22,14.61,27.95,29.44,0,58.16,4.01
2009,286,22.07,14.44,29.04,427.23,0,57.17,3.61
2009,287,22.09,16.24,28.14,428.3,0,64.39,5.2
2009,288,21.94,17.65,27.56,348.26,0,67.16,5.57
2009,289,20.65,16.41,25.56,391.86,0.5,73,4.75
2009,290,20.59,17,26.7,287.02,0.1,72.18,3.44
2009,291,21.14,17.4,25.88,391.89,0,71.74,4.22
2009,292,19.67,16.88,24.57,333,0.9,79.34,4.75
2009,293,19.63,14.75,24.34,333.2,0,70.86,3.97
2009,294,20.13,15.77,25.43,317.38,0,68.67,4.18
2009,295,21.29,16.21,26.31,335.48,0,56.17,3.38
2009,296,20.92,15.51,26.96,386.79,0,56.58,3.52
2009,297,21.26,15.27,26.84,361.83,0,62.73,3.41
2009,298,21.43,17.08,26.31,373.89,0,67.31,4.54
2009,299,19.75,16.89,24.27,302.02,1.9,76.47,4.64
2009,300,19.99,16.11,24.47,275.17,0,70.49,3.55
2009,301,20.44,15.29,26.18,299.92,0,67.55,3.87
2009,302,20.44,16.2,25.09,293.17,0,66.86,3.74
2009,303,19.84,16.07,25.11,320.12,0,72.71,4.13
2009,304,19.58,16.66,24.13,286.44,4.5,78.4,4.26
2009,305,20.19,15.98,25.04,301.58,0,72.37,3.77
2009,306,18.89,16.55,22.21,304.4,32.9,85.22,3.63
2009,307,18.28,16.62,22.5,326.5,8.3,88.67,3.3
2009,308,18.22,15.53,21.34,294.16,8.6,84.66,3.2
2009,309,18.8,16.42,23.16,313,7.2,85.41,3
2009,310,19.32,16.17,24.13,442.3,28.39,81.98,3.32
2009,311,19.12,15.6,23.81,471.37,35.8,82.53,2.9
2009,312,18.59,16.89,21.94,329.38,3.1,88.16,3.48
2009,313,19.14,15.53,23.06,388.75,0,78.03,3.7
2009,314,18.8,16.01,22.5,265.7,17.8,85.21,3.72
2009,315,18.04,15.14,21.42,278.59,11.1,87.17,4.04
2009,316,18.82,16.5,23.13,342.78,4.4,86.05,3.73
2009,317,18.97,16.48,22.72,418.36,3.9,87.41,4.58
2009,318,18.57,16.33,23.09,332.43,22.2,89.79,2.51
2009,319,18.42,16.63,22.5,327.11,5.7,89.16,3.26
2009,320,18.56,16.26,22.07,379.33,6.6,87.77,3.73
2009,321,18.58,16.27,22.19,301.92,2.5,87.67,3.39
2009,322,19.16,16.24,23.04,360.37,1.74,82.42,3.52
2009,323,19.33,16.45,23.33,426.02,1.4,82.05,3.47
2009,324,18.81,15.89,23.3,398.04,0.4,85.17,3.46
2009,325,18.89,16.91,22.18,319.64,14.2,87.74,3.58
2009,326,18.29,16.52,21.89,360.61,8.7,91.68,4.05
2009,327,18.41,16.01,21.81,332.88,3.6,87.89,4.08
2009,328,18.6,16.2,22.59,392.39,9,87.44,3.59
2009,329,18.63,16.17,22.4,319.92,6.8,87.22,2.76
2009,330,18.31,15.64,21.96,339,8.4,89.85,3.28
2009,331,19.47,15.78,24.04,471.51,2.6,77.23,3.81
2009,332,19.07,16.67,23.43,349.55,0,83.95,3.15
2009,333,19.54,16.52,23.98,498.21,0,75.99,3.76
2009,334,19.2,15.46,23.4,483.41,0,72.17,3.74
2009,335,19.08,14.87,23.94,461.96,0,71.36,3.2
2009,336,19.51,14.76,24.39,411.98,0,75.32,3.14
2009,337,19.26,16.65,23.41,401.68,0,82.54,3.88
2009,338,18.98,15.93,23.5,363.5,0,80.18,3.54
2009,339,19.21,15.7,24.03,404.09,0,75.45,2.89
2009,340,19.08,16.36,23.58,383.18,0,79.45,2.86
2009,341,19.16,13.78,24.68,473.77,0,76.59,2.78
2009,342,19.31,14.63,24.83,446.49,0,70.69,2.85
2009,343,18.69,14.4,23.86,398.57,0,78.08,2.72
2009,344,19.39,16.5,23.57,397.26,0.8,80.59,4.16
2009,345,19.18,15.52,23.85,396.18,0.1,80.1,3.6
2009,346,19.24,15,24.28,353.75,0,81.24,2.85
2009,347,19.64,15.87,24.75,349.7,0,82.55,2.64
2009,348,19.65,17.22,23.88,355.75,0.1,85.12,3.01
2009,349,18.97,16.04,22.86,373.16,4.7,87.32,4.19
2009,350,18.27,16.3,21.59,235.59,0,85.91,4.21
2009,351,18.93,15.66,23.38,376.45,0,79.05,3.99
2009,352,18.79,15.6,23.31,400.29,0.1,80.3,3.54
2009,353,19.29,16.03,23.73,350.94,0,76.19,2.57
2009,354,18.81,14.53,23.85,403.15,0,78.18,2.74
2009,355,19.55,15.62,24.47,407.99,0,74.8,3.57
2009,356,19.31,15.92,23.7,323.94,2.2,83.67,3.45
2009,357,18.94,16.36,23.24,309.77,6.7,86.91,3.82
2009,358,20.22,16.91,24.8,409.78,0.7,81.63,3.41
2009,359,20.3,17.16,25.01,417.6,0,83.61,3.95
2009,360,18.96,16.81,22.36,248.07,0.6,86.86,4.58
2009,361,18.91,14.84,23.14,434.42,0,73.13,3.85
2009,362,19.96,15.72,24.86,444.77,0,68.75,3.05
2009,363,20.22,15.6,25.2,410.62,0,77.61,2.63
2009,364,20.21,16.76,25.21,330.63,0,81.03,3.1
2009,365,20.6,17.19,25.44,386.32,0,78.05,2.63
2010,1,19.25,14.12,24.18,280.23,0,62.72,4.63
2010,2,17.98,13.75,23.01,211.09,0.1,72.71,4.88
2010,3,17.25,15.45,20.82,214.32,10.62,87.78,5.48
2010,4,16.94,15.21,19.18,103.83,4.8,89.25,4.65
2010,5,17.62,14.54,21.55,274.51,0.2,77.42,4.38
2010,6,19.42,13.57,24.66,376.05,0,56.91,3.87
2010,7,19.6,14.23,24.56,355.46,0,60.44,4.2
2010,8,19.01,13.81,24.6,361.29,0,73.27,4.48
2010,9,19.48,16.27,24.33,277.82,0,74.98,5.09
2010,10,19.17,15.9,23.54,312.8,0,73.78,4.69
2010,11,19.18,14.34,24.06,300.67,0,70.07,4.13
2010,12,19.84,14.59,25.32,365.58,0,64.35,4.95
2010,13,19.68,13.39,25.11,359.62,0,57.99,4.46
2010,14,19.45,13.8,24.51,341.86,0,57.68,3.85
2010,15,19.78,13.98,24.89,349.03,0,53.19,4.17
2010,16,19.6,14.32,24.98,347.23,0,58.45,4.01
2010,17,19.44,13.62,24.81,280.46,0,61.1,4.05
2010,18,21.2,14.54,27.44,350.85,0,39.06,3.88
2010,19,21.45,15.57,27.25,356.5,0,43.76,3.63
2010,20,20.97,15.4,26.66,353.82,0,53.2,4.18
2010,21,20.88,14.6,26.14,356.25,0,51.04,4.37
2010,22,20.5,16.16,24.79,235.94,0,54.3,4.54
2010,23,20.05,16.04,24.84,262.47,0,65.03,4.02
2010,24,20.01,14.81,25.45,300.24,0,64.15,4.56
2010,25,20.9,14.87,26.58,352.5,0,58.19,4.1
2010,26,18.93,14.78,24.08,340.3,1.72,63.2328,3.64
2010,27,18.93,14.78,24.08,340.3,1.72,63.253312,3.64
2010,28,18.93,14.78,24.08,340.3,1.72,62.87504448,3.64
2010,29,18.93,14.78,24.08,340.3,1.72,61.87884626,3.64
2010,30,18.93,14.78,24.08,340.3,1.72,60.78400011,3.64
2010,31,18.93,14.78,24.08,340.3,1.72,60.11856011,3.64
2010,32,18.93,14.78,24.08,340.3,1.72,60.24690252,3.64
2010,33,18.93,14.78,24.08,340.3,1.72,60.23917862,3.64
2010,34,18.93,14.78,24.08,340.3,1.72,59.71794576,3.64
2010,35,18.93,14.78,24.08,340.3,1.72,59.10746359,3.64
2010,36,18.93,14.78,24.08,340.3,1.72,58.52056214,3.64
2010,37,18.93,14.78,24.08,340.3,1.72,58.05858462,3.64
2010,38,18.93,14.78,24.08,340.3,1.72,57.80692801,3.64
2010,39,18.93,14.78,24.08,340.3,1.72,57.79960513,3.64
2010,40,18.93,14.78,24.08,340.3,1.72,57.80438933,3.64
2010,41,18.93,14.78,24.08,340.3,1.72,57.98896491,3.64
2010,42,18.93,14.78,24.08,340.3,1.72,57.9705235,3.64
2010,43,18.93,14.78,24.08,340.3,1.72,57.84534444,3.64
2010,44,18.93,14.78,24.08,340.3,1.72,58.59675822,3.64
2010,45,18.93,14.78,24.08,340.3,1.72,59.19022855,3.64
2010,46,18.93,14.78,24.08,340.3,1.72,59.42983769,3.64
2010,47,18.93,14.78,24.08,340.3,1.72,59.7654312,3.64
2010,48,18.93,14.78,24.08,340.3,1.72,59.98404845,3.64
2010,49,18.93,14.78,24.08,340.3,1.72,59.78221039,3.64
2010,50,18.93,14.78,24.08,340.3,1.72,59.6074988,3.64
2010,51,18.93,14.78,24.08,340.3,1.72,59.66419875,3.64
2010,52,18.93,14.78,24.08,340.3,1.72,59.5214547,3.64
2010,53,18.93,14.78,24.08,340.3,1.72,59.37218041,3.64
2010,54,18.93,14.78,24.08,340.3,1.72,59.23206585,3.64
2010,55,18.93,14.78,24.08,340.3,1.72,59.12619463,3.64
2010,56,18.93,14.78,24.08,340.3,1.72,59.05988241,3.64
2010,57,18.93,14.78,24.08,340.3,1.72,59.01753531,3.64
2010,58,18.93,14.78,24.08,340.3,1.72,58.96836062,3.64
2010,59,18.93,14.78,24.08,340.3,1.72,58.9175279,3.64
2010,60,18.93,14.78,24.08,352.06,1.72,58.88551118,3.47
2010,61,18.93,14.78,24.08,352.06,1.72,58.87663309,3.47
2010,62,18.93,14.78,24.08,352.06,1.72,58.89087592,3.47
2010,63,18.93,14.78,24.08,352.06,1.72,58.92416758,3.47
2010,64,18.93,14.78,24.08,352.06,1.72,58.96885716,3.47
2010,65,18.93,14.78,24.08,352.06,1.72,59.01562724,3.47
2010,66,18.93,14.78,24.08,352.06,1.72,59.06407676,3.47
2010,67,18.93,14.78,24.08,352.06,1.72,59.10708123,3.47
2010,68,18.93,14.78,24.08,352.06,1.72,59.15254354,3.47
2010,69,18.93,14.78,24.08,352.06,1.72,59.2048315,3.47
2010,70,18.93,14.78,24.08,352.06,1.72,59.22915443,3.47
2010,71,18.93,14.78,24.08,352.06,1.72,59.23071147,3.47
2010,72,18.93,14.78,24.08,352.06,1.72,59.22274642,3.47
2010,73,18.93,14.78,24.08,352.06,1.72,59.20103903,3.47
2010,74,18.93,14.78,24.08,352.06,1.72,59.16971865,3.47
2010,75,18.93,14.78,24.08,352.06,1.72,59.14521898,3.47
2010,76,18.93,14.78,24.08,352.06,1.72,59.12672779,3.47
2010,77,18.93,14.78,24.08,352.06,1.72,59.10522895,3.47
2010,78,18.93,14.78,24.08,352.06,1.72,59.08857992,3.47
2010,79,18.93,14.78,24.08,352.06,1.72,59.0772359,3.47
2010,80,18.93,14.78,24.08,352.06,1.72,59.07104271,3.47
2010,81,18.93,14.78,24.08,352.06,1.72,59.06883663,3.47
2010,82,18.93,14.78,24.08,352.06,1.72,59.0691948,3.47
2010,83,18.93,14.78,24.08,352.06,1.72,59.07126118,3.47
2010,84,18.93,14.78,24.08,352.06,1.72,59.0753772,3.47
2010,85,18.93,14.78,24.08,352.06,1.72,59.08169117,3.47
2010,86,18.93,14.78,24.08,352.06,1.72,59.08953837,3.47
2010,87,18.93,14.78,24.08,352.06,1.72,59.09805458,3.47
2010,88,18.93,14.78,24.08,352.06,1.72,59.10634173,3.47
2010,89,18.93,14.78,24.08,352.06,1.72,59.11362869,3.47
2010,90,18.93,14.78,24.08,352.06,1.72,59.11941956,3.47
2010,91,18.93,14.78,24.08,352.06,1.72,59.12357125,3.47
2010,92,18.93,14.78,24.08,352.06,1.72,59.12595103,3.47
2010,93,18.93,14.78,24.08,352.06,1.72,59.12670582,3.47
2010,94,18.93,14.78,24.08,352.06,1.72,59.12567231,3.47
2010,95,18.93,14.78,24.08,352.06,1.72,59.12250594,3.47
2010,96,18.93,14.78,24.08,352.06,1.72,59.11824,3.47
2010,97,18.93,14.78,24.08,352.06,1.72,59.11374114,3.47
2010,98,18.93,14.78,24.08,352.06,1.72,59.10938093,3.47
2010,99,18.93,14.78,24.08,352.06,1.72,59.10571461,3.47
2010,100,18.93,14.78,24.08,352.06,1.72,59.10315445,3.47
2010,101,18.93,14.78,24.08,352.06,1.72,59.10147187,3.47
2010,102,18.93,14.78,24.08,352.06,1.72,59.10046163,3.47
2010,103,18.93,14.78,24.08,352.06,1.72,59.10027094,3.47
2010,104,18.93,14.78,24.08,352.06,1.72,59.10073858,3.47
2010,105,18.93,14.78,24.08,352.06,1.72,59.10167868,3.47
2010,106,18.93,14.78,24.08,352.06,1.72,59.10290412,3.47
2010,107,18.93,14.78,24.08,352.06,1.72,59.10426682,3.47
2010,108,18.93,14.78,24.08,352.06,1.72,59.1056697,3.47
2010,109,22.3,22.3,22.3,352.06,0,64.7,3.47
2010,110,21.07,17,24.09,352.06,0,71.13,3.74
2010,111,20.16,17.07,25.36,352.06,1,80.23,2.82
2010,112,18.06,16.81,19.59,352.06,17.06,92.29,2.83
2010,113,19.19,15.33,23.64,352.06,0,80.92,2.44
2010,114,20.13,17.32,24.31,352.06,0,81.88,2.65
2010,115,18.92,15.95,22.83,352.06,5.1,86.61,2.42
2010,116,18.55,16.41,22.86,352.06,35,89.17,1.62
2010,117,19.06,15.7,23.06,352.06,0.1,80.9,2.39
2010,118,17.85,16.69,20.08,352.06,11.7,90.83,2.03
2010,119,18.04,15.51,21.49,352.06,0,85.63,2.1
2010,120,18.66,16.79,22.47,352.06,14.3,87.36,2.18
2010,121,18.02,16.16,20.28,352.06,22.6,89.17,2.66
2010,122,18.54,14.62,22.18,352.06,0.6,84.6,2.64
2010,123,18.27,16.54,21.52,352.06,0.1,89.09,3.64
2010,124,18.61,15.12,23.36,352.06,0,83.58,1.96
2010,125,18.67,14.48,23.52,352.06,0,82.14,2.29
2010,126,18.86,15.23,23.42,352.06,0,82.42,2.8
2010,127,18.79,15.61,23.07,352.06,0,83.04,2.71
2010,128,19.09,15.8,23.44,352.06,0,81.1,2.44
2010,129,18.17,16.24,21.58,352.06,0.1,86.29,3.69
2010,130,18.56,16.06,22.68,352.06,0,81.82,3.32
2010,131,18.15,15.1,22.15,352.06,0,82.4,3.2
2010,132,18.06,14.02,23.32,352.06,0,80.69,2.41
2010,133,19.24,15.48,24.25,352.06,0,80.52,2.45
2010,134,19.23,16.33,24.04,352.06,0,79.02,3.41
2010,135,18.59,14.77,23.4,352.06,0,80.56,2.58
2010,136,18.6,14.35,23.74,352.06,0,75.81,2.95
2010,137,19.07,15.98,23.06,352.06,0,78.16,2.98
2010,138,18.29,13.91,22.89,352.06,0,81.01,2.73
2010,139,18.37,14.63,23.8,352.06,0,79.61,2.45
2010,140,19.41,13.13,26.12,352.06,0,72.85,2.35
2010,141,19.27,13.3,24.7,352.06,0,73.65,2.67
2010,142,19.83,15.97,25.45,352.06,0,76.68,2.49
2010,143,19.78,16.04,24.78,352.06,0,77.59,3.21
2010,144,18.99,14.96,23.77,352.06,0,73.95,3.17
2010,145,19.11,14.58,23.87,352.06,0,72.29,3.33
2010,146,18,14.1,22.59,352.06,0,75.42,3.35
2010,147,16.64,12.72,21.05,352.06,0.3,82.01,3.15
2010,148,17.5,14.02,22.45,352.06,0.1,80.72,3.26
2010,149,16.53,14.07,19.75,352.06,2.6,89.1,3.74
2010,150,17.26,13.76,20.82,352.06,0,82.09,2.58
2010,151,18.19,15.48,23.03,165.37,0,78.43,2.52
2010,152,19.1,14.83,24.04,252.18,0,74.88,3.37
2010,153,19.11,15.58,23.99,273.08,2.6,76.13,3.6
2010,154,18,14.69,22.03,69.78,0,80.43,3.46
2010,155,17.66,13.89,22.83,199.47,0,79.68,3.11
2010,156,19.15,14.11,24.66,306.03,0,72.1,2.52
2010,157,18.83,15.25,23.88,200.96,0.2,76.26,3.01
2010,158,18.95,13.44,24.91,360.35,0,62.02,2.54
2010,159,19.36,12.31,26.04,365.95,0,64.25,2.55
2010,160,18.79,15.88,23.8,229.63,0,75.18,3.93
2010,161,18.3,13.62,24.32,251.44,0,74.56,2.85
2010,162,19.59,14.98,24.61,351.39,0,63.15,2.73
2010,163,19.64,14.92,24.48,241.6,0.2,63.95,2.52
2010,164,17.84,13.52,22.29,190.26,0,74.48,2.64
2010,165,18.81,14.98,25.01,245.06,0,78.03,2.24
2010,166,17.89,14.88,21.55,141.38,0,77.07,2.1
2010,167,18.54,14.65,23.95,188.56,0,74.76,2.65
2010,168,16.83,14.59,19.37,54.07,0,80.78,3.03
2010,169,17.38,13.35,22.42,172.24,0,74.23,2.81
2010,170,17.84,12.97,22.96,224.37,0,73.04,2.49
2010,171,18.42,14.65,22.7,138.18,0,77.27,2.83
2010,172,17.83,15.91,20.93,191.66,0,79.93,3.14
2010,173,17.11,14.77,20.05,117.71,0,78.53,2.92
2010,174,16.87,15.44,18.65,61.62,0,81.36,3.27
2010,175,17.72,14.23,22.8,198.47,0,69.59,2.7
2010,176,18.16,13.41,24.21,249.27,0,60.96,2.39
2010,177,16.67,13.5,21.31,115.2,0,76.59,2.67
2010,178,16.59,13.91,20.48,94.91,0,79.69,2.63
2010,179,17.33,12.34,22.77,236.09,0,73.82,2.46
2010,180,16.34,13.54,19.66,114.41,0,79.4,2.51
2010,181,17.5,14.71,21.1,109.4,0,75.77,3.1
2010,182,17.09,14.5,20.39,26.13,0,79.28,3.5
2010,183,16.91,14.71,19.95,85.05,0,75.76,3.45
2010,184,17.14,13.46,21.06,61.39,0,73.3,3.53
2010,185,16.5,13.97,19.82,167.11,0,73.98,3.97
2010,186,15.27,12.43,18.94,12.18,0,79.14,2.19
2010,187,18.06,15.84,19.51,95.63,0,66.31,4.78
2010,188,16.23,14.2,18.34,100.56,0,71.89,4.13
2010,189,16.26,12.37,20.81,159.02,0,72.12,3.26
2010,190,16.77,11.2,23.56,248.11,0,72.19,2.32
2010,191,18.69,10.53,26.26,315.31,0,65.96,2.48
2010,192,18.73,13.05,25.43,289.71,0,67.15,2.61
2010,193,16.82,13.68,20.29,189.55,0,74.61,3
2010,194,16.93,12.67,20.86,192.7,0,72.44,3.07
2010,195,18.08,13.39,23.37,212.77,0,65.2,3.12
2010,196,17.13,12.58,22.48,132.91,0,70.3,2.48
2010,197,16.52,12.53,20.62,203.16,0,72.56,2.49
2010,198,15.86,11.93,19.8,67.65,0,73.96,2.59
2010,199,16.31,12.25,21.51,91.4,0,71.79,3.25
2010,200,16.74,12.41,21.45,65.78,0,73.66,2.79
2010,201,18.82,12.14,25.91,312.23,0,61.97,2.95
2010,202,18.53,13.18,24.25,317.92,0,62.06,3.24
2010,203,17.85,14.49,22.47,64.01,0,70.11,3.15
2010,204,17.62,14.85,21.88,183.78,0,74.82,3.76
2010,205,17.38,13.13,21.38,87.99,0,73.91,2.7
2010,206,18.01,15.6,22.06,164.12,0,74.49,3.37
2010,207,16.77,14.22,22.16,164.8,0,75.2,3.05
2010,208,16.96,12.3,21.48,97.12,0,71.97,2.7
2010,209,16.78,14.6,20.27,100.08,0,75.65,3.99
2010,210,16.67,13.6,21.41,84.46,0,77.88,2.76
2010,211,17.75,12.74,24.26,309.83,0,75.95,2.78
2010,212,18.63,12.91,25.69,320.4,0,71.32,2.99
2010,213,17.26,14.02,21.61,108.1,0,75.7,3.71
2010,214,17.03,13.91,20.32,245.22,0.1,76.65,5.05
2010,215,15.78,15.4,16.35,340.3,0,84.12,3.86
2010,216,18.93,14.78,24.08,340.3,1.72,77.88,3.64
2010,217,18.93,14.78,24.08,340.3,1.72,75.95,3.64
2010,218,18.93,14.78,24.08,340.3,1.72,71.32,3.64
2010,219,18.93,14.78,24.08,340.3,1.72,75.7,3.64
2010,220,19.19,16.1,22.77,340.3,0,60.43,3.98
2010,221,16.3,14.35,19.47,99.72,1.5,82.14,3.25
2010,222,17.41,14.54,21.9,340.3,0,74.2,3.32
2010,223,17.26,13.47,21.84,340.3,0,70.81,2.72
2010,224,16.43,11.83,22.03,340.3,0,69.39,2.8
2010,225,17.57,11.74,23.44,340.3,0,67.25,3.53
2010,226,18.23,12.32,24.09,340.3,0,66.17,3.32
2010,227,19.11,13.96,24.68,340.3,0,69.91,3.56
2010,228,18.74,15.68,22.93,340.3,0,69.27,3.69
2010,229,18.19,14.99,22.6,340.3,0,70.44,3.82
2010,230,17.99,14.35,23.52,340.3,0,68.34,4.51
2010,231,18.84,13.73,25.12,340.3,0,60.16,3.04
2010,232,19.25,12.04,25.81,340.3,0,51.77,3.25
2010,233,19.13,12.72,24.83,340.3,0,55.64,3.8
2010,234,20.08,15.13,25.93,340.3,0,60.22,3.34
2010,235,18.24,12.75,24.9,278.29,0,66.35,3.65
2010,236,18.13,13.52,24.14,286.17,0,67.29,3.42
2010,237,18.43,12.48,24.75,339.26,0,67.22,3.85
2010,238,19.73,14.79,25.96,370.39,0,61.21,3.94
2010,239,19.43,14.24,26.09,348.37,0,62.14,3.64
2010,240,18.38,14.17,23.01,204.73,0,66.11,4.3
2010,241,18.08,13.66,22.52,203.21,0,65.33,4.51
2010,242,18.02,15.12,21.84,184.28,0,72.23,4.32
2010,243,18.07,15.24,22.71,132.61,0,72.33,3.66
2010,244,18.87,15.46,23.51,134.25,0,70.98,3.71
2010,245,18.68,15.53,23.49,177.46,0,71.85,3.22
2010,246,18.9,12.73,25.89,309.28,0,65.73,3.63
2010,247,18.78,14.35,24.48,183.69,0,65.77,3.56
2010,248,19.63,13.74,25.63,239.41,0,65.78,3.22
2010,249,20.42,13.62,26.98,276.93,0,59.99,2.42
2010,250,18.55,15.47,24.24,183.01,23.2,79.81,2.36
2010,251,17.83,15.35,20.88,216.31,1.5,84.97,3.37
2010,252,17.63,15.18,20.3,237.69,0,79.53,3.56
2010,253,18.7,13.12,24.8,304.84,0,69.46,3.47
2010,254,19.63,15.06,25.4,286.39,0,68.96,3.1
2010,255,20.1,15.27,26.39,311.18,0,70.71,2.69
2010,256,18.54,15.58,23.43,212.37,0,78.29,3.58
2010,257,19.3,15.09,24.61,303.08,0,61.66,4.59
2010,258,18.25,15.11,22.31,305.08,0,70.57,3.47
2010,259,19.19,13.58,25.41,335.8,0,67.65,3.06
2010,260,20.08,15.78,27.18,352.88,7.9,69.76,3.16
2010,261,19.27,15.2,24.9,296.61,0,71.05,3.53
2010,262,19.43,14.03,24.85,321.49,0,70.28,3.57
2010,263,20.13,15.04,27.25,425.01,0,68.7,2.81
2010,264,20.11,14.46,26.74,335.61,0,68.67,3.61
2010,265,20.33,15.96,25.85,292.61,0,63.45,4.06
2010,266,19.54,15.6,24.75,214.41,0,65.68,4.21
2010,267,18.87,16.08,24.31,306.57,0,72.24,4.2
2010,268,20.51,14.71,27.22,310.98,0,58.63,3.17
2010,269,20.23,13.96,27.28,291.16,0,64.9,2.78
2010,270,20.27,14.8,26.27,303.74,0,67.24,3.51
2010,271,18.89,16.03,22.69,79.8,0,71.98,3.83
2010,272,19.89,13.95,26.59,315.98,0,67.54,3.7
2010,273,19.74,15.23,26.4,221.85,0,71.17,4.05
2010,274,20.87,16.39,27.58,279.48,0,66.11,3.52
2010,275,20.79,14.59,27.58,290.74,0,61.65,3.22
2010,276,18.98,12.25,25.45,355.89,0,61.51,3.36
2010,277,17.97,16.28,21.07,340.3,0,79.37,4.62
2010,278,18.71,15.17,23.32,340.3,0.1,73.05,3.82
2010,279,20.09,15.8,26.43,340.3,0,67.62,4.09
2010,280,20.12,14.92,26.08,340.3,0,59.02,3.57
2010,281,20.74,13.07,27.9,340.3,0,56.38,3.34
2010,282,21.15,14.46,27.94,340.3,0,61.27,4.24
2010,283,20.8,16.31,27.4,340.3,0,66.42,5.2
2010,284,20.65,14.57,26.53,340.3,0,61.27,4.42
2010,285,21.22,14.61,27.95,29.44,0,58.16,4.01
2010,286,22.07,14.44,29.04,427.23,0,57.17,3.61
2010,287,22.09,16.24,28.14,428.3,0,64.39,5.2
2010,288,21.94,17.65,27.56,348.26,0,67.16,5.57
2010,289,20.65,16.41,25.56,391.86,0.5,73,4.75
2010,290,20.59,17,26.7,287.02,0.1,72.18,3.44
2010,291,21.14,17.4,25.88,391.89,0,71.74,4.22
2010,292,19.67,16.88,24.57,333,0.9,79.34,4.75
2010,293,19.63,14.75,24.34,333.2,0,70.86,3.97
2010,294,20.13,15.77,25.43,317.38,0,68.67,4.18
2010,295,21.29,16.21,26.31,335.48,0,56.17,3.38
2010,296,20.92,15.51,26.96,386.79,0,56.58,3.52
2010,297,21.26,15.27,26.84,361.83,0,62.73,3.41
2010,298,21.43,17.08,26.31,373.89,0,67.31,4.54
2010,299,19.75,16.89,24.27,302.02,1.9,76.47,4.64
2010,300,19.99,16.11,24.47,275.17,0,70.49,3.55
2010,301,20.44,15.29,26.18,299.92,0,67.55,3.87
2010,302,20.44,16.2,25.09,293.17,0,66.86,3.74
2010,303,19.84,16.07,25.11,320.12,0,72.71,4.13
2010,304,19.58,16.66,24.13,286.44,4.5,78.4,4.26
2010,305,20.19,15.98,25.04,301.58,0,72.37,3.77
2010,306,18.89,16.55,22.21,304.4,32.9,85.22,3.63
2010,307,18.28,16.62,22.5,326.5,8.3,88.67,3.3
2010,308,18.22,15.53,21.34,294.16,8.6,84.66,3.2
2010,309,18.8,16.42,23.16,313,7.2,85.41,3
2010,310,19.32,16.17,24.13,442.3,28.39,81.98,3.32
2010,311,19.12,15.6,23.81,471.37,35.8,82.53,2.9
2010,312,18.59,16.89,21.94,329.38,3.1,88.16,3.48
2010,313,19.14,15.53,23.06,388.75,0,78.03,3.7
2010,314,18.8,16.01,22.5,265.7,17.8,85.21,3.72
2010,315,18.04,15.14,21.42,278.59,11.1,87.17,4.04
2010,316,18.82,16.5,23.13,342.78,4.4,86.05,3.73
2010,317,18.97,16.48,22.72,418.36,3.9,87.41,4.58
2010,318,18.57,16.33,23.09,332.43,22.2,89.79,2.51
2010,319,18.42,16.63,22.5,327.11,5.7,89.16,3.26
2010,320,18.56,16.26,22.07,379.33,6.6,87.77,3.73
2010,321,18.58,16.27,22.19,301.92,2.5,87.67,3.39
2010,322,19.16,16.24,23.04,360.37,1.74,82.42,3.52
2010,323,19.33,16.45,23.33,426.02,1.4,82.05,3.47
2010,324,18.81,15.89,23.3,398.04,0.4,85.17,3.46
2010,325,18.89,16.91,22.18,319.64,14.2,87.74,3.58
2010,326,18.29,16.52,21.89,360.61,8.7,91.68,4.05
2010,327,18.41,16.01,21.81,332.88,3.6,87.89,4.08
2010,328,18.6,16.2,22.59,392.39,9,87.44,3.59
2010,329,18.63,16.17,22.4,319.92,6.8,87.22,2.76
2010,330,18.31,15.64,21.96,339,8.4,89.85,3.28
2010,331,19.47,15.78,24.04,471.51,2.6,77.23,3.81
2010,332,19.07,16.67,23.43,349.55,0,83.95,3.15
2010,333,19.54,16.52,23.98,498.21,0,75.99,3.76
2010,334,19.2,15.46,23.4,483.41,0,72.17,3.74
2010,335,19.08,14.87,23.94,461.96,0,71.36,3.2
2010,336,19.51,14.76,24.39,411.98,0,75.32,3.14
2010,337,19.26,16.65,23.41,401.68,0,82.54,3.88
2010,338,18.98,15.93,23.5,363.5,0,80.18,3.54
2010,339,19.21,15.7,24.03,404.09,0,75.45,2.89
2010,340,19.08,16.36,23.58,383.18,0,79.45,2.86
2010,341,19.16,13.78,24.68,473.77,0,76.59,2.78
2010,342,19.31,14.63,24.83,446.49,0,70.69,2.85
2010,343,18.69,14.4,23.86,398.57,0,78.08,2.72
2010,344,19.39,16.5,23.57,397.26,0.8,80.59,4.16
2010,345,19.18,15.52,23.85,396.18,0.1,80.1,3.6
2010,346,19.24,15,24.28,353.75,0,81.24,2.85
2010,347,19.64,15.87,24.75,349.7,0,82.55,2.64
2010,348,19.65,17.22,23.88,355.75,0.1,85.12,3.01
2010,349,18.97,16.04,22.86,373.16,4.7,87.32,4.19
2010,350,18.27,16.3,21.59,235.59,0,85.91,4.21
2010,351,18.93,15.66,23.38,376.45,0,79.05,3.99
2010,352,18.79,15.6,23.31,400.29,0.1,80.3,3.54
2010,353,19.29,16.03,23.73,350.94,0,76.19,2.57
2010,354,18.81,14.53,23.85,403.15,0,78.18,2.74
2010,355,19.55,15.62,24.47,407.99,0,74.8,3.57
2010,356,19.31,15.92,23.7,323.94,2.2,83.67,3.45
2010,357,18.94,16.36,23.24,309.77,6.7,86.91,3.82
2010,358,20.22,16.91,24.8,409.78,0.7,81.63,3.41
2010,359,20.3,17.16,25.01,417.6,0,83.61,3.95
2010,360,18.96,16.81,22.36,248.07,0.6,86.86,4.58
2010,361,18.91,14.84,23.14,434.42,0,73.13,3.85
2010,362,19.96,15.72,24.86,444.77,0,68.75,3.05
2010,363,20.22,15.6,25.2,410.62,0,77.61,2.63
2010,364,20.21,16.76,25.21,330.63,0,81.03,3.1
2010,365,20.6,17.19,25.44,386.32,0,78.05,2.63
2011,1,19.25,14.12,24.18,280.23,0,62.72,4.63
2011,2,17.98,13.75,23.01,211.09,0.1,72.71,4.88
2011,3,17.25,15.45,20.82,214.32,10.62,87.78,5.48
2011,4,16.94,15.21,19.18,103.83,4.8,89.25,4.65
2011,5,17.62,14.54,21.55,274.51,0.2,77.42,4.38
2011,6,19.42,13.57,24.66,376.05,0,56.91,3.87
2011,7,19.6,14.23,24.56,355.46,0,60.44,4.2
2011,8,19.01,13.81,24.6,361.29,0,73.27,4.48
2011,9,19.48,16.27,24.33,277.82,0,74.98,5.09
2011,10,19.17,15.9,23.54,312.8,0,73.78,4.69
2011,11,19.18,14.34,24.06,300.67,0,70.07,4.13
2011,12,19.84,14.59,25.32,365.58,0,64.35,4.95
2011,13,19.68,13.39,25.11,359.62,0,57.99,4.46
2011,14,19.45,13.8,24.51,341.86,0,57.68,3.85
2011,15,19.78,13.98,24.89,349.03,0,53.19,4.17
2011,16,19.6,14.32,24.98,347.23,0,58.45,4.01
2011,17,19.44,13.62,24.81,280.46,0,61.1,4.05
2011,18,21.2,14.54,27.44,350.85,0,39.06,3.88
2011,19,21.45,15.57,27.25,356.5,0,43.76,3.63
2011,20,20.97,15.4,26.66,353.82,0,53.2,4.18
2011,21,20.88,14.6,26.14,356.25,0,51.04,4.37
2011,22,20.5,16.16,24.79,235.94,0,54.3,4.54
2011,23,20.05,16.04,24.84,262.47,0,65.03,4.02
2011,24,20.01,14.81,25.45,300.24,0,64.15,4.56
2011,25,20.9,14.87,26.58,352.5,0,58.19,4.1
2011,26,18.93,14.78,24.08,340.3,1.72,63.2328,3.64
2011,27,18.93,14.78,24.08,340.3,1.72,63.253312,3.64
2011,28,18.93,14.78,24.08,340.3,1.72,62.87504448,3.64
2011,29,18.93,14.78,24.08,340.3,1.72,61.87884626,3.64
2011,30,18.93,14.78,24.08,340.3,1.72,60.78400011,3.64
2011,31,18.93,14.78,24.08,340.3,1.72,60.11856011,3.64
2011,32,18.93,14.78,24.08,340.3,1.72,60.24690252,3.64
2011,33,18.93,14.78,24.08,340.3,1.72,60.23917862,3.64
2011,34,18.93,14.78,24.08,340.3,1.72,59.71794576,3.64
2011,35,18.93,14.78,24.08,340.3,1.72,59.10746359,3.64
2011,36,18.93,14.78,24.08,340.3,1.72,58.52056214,3.64
2011,37,18.93,14.78,24.08,340.3,1.72,58.05858462,3.64
2011,38,18.93,14.78,24.08,340.3,1.72,57.80692801,3.64
2011,39,18.93,14.78,24.08,340.3,1.72,57.79960513,3.64
2011,40,18.93,14.78,24.08,340.3,1.72,57.80438933,3.64
2011,41,18.93,14.78,24.08,340.3,1.72,57.98896491,3.64
2011,42,18.93,14.78,24.08,340.3,1.72,57.9705235,3.64
2011,43,18.93,14.78,24.08,340.3,1.72,57.84534444,3.64
2011,44,18.93,14.78,24.08,340.3,1.72,58.59675822,3.64
2011,45,18.93,14.78,24.08,340.3,1.72,59.19022855,3.64
2011,46,18.93,14.78,24.08,340.3,1.72,59.42983769,3.64
2011,47,18.93,14.78,24.08,340.3,1.72,59.7654312,3.64
2011,48,18.93,14.78,24.08,340.3,1.72,59.98404845,3.64
2011,49,18.93,14.78,24.08,340.3,1.72,59.78221039,3.64
2011,50,18.93,14.78,24.08,340.3,1.72,59.6074988,3.64
2011,51,18.93,14.78,24.08,340.3,1.72,59.66419875,3.64
2011,52,18.93,14.78,24.08,340.3,1.72,59.5214547,3.64
2011,53,18.93,14.78,24.08,340.3,1.72,59.37218041,3.64
2011,54,18.93,14.78,24.08,340.3,1.72,59.23206585,3.64
2011,55,18.93,14.78,24.08,340.3,1.72,59.12619463,3.64
2011,56,18.93,14.78,24.08,340.3,1.72,59.05988241,3.64
2011,57,18.93,14.78,24.08,340.3,1.72,59.01753531,3.64
2011,58,18.93,14.78,24.08,340.3,1.72,58.96836062,3.64
2011,59,18.93,14.78,24.08,340.3,1.72,58.9175279,3.64
2011,60,18.93,14.78,24.08,352.06,1.72,58.88551118,3.47
2011,61,18.93,14.78,24.08,352.06,1.72,58.87663309,3.47
2011,62,18.93,14.78,24.08,352.06,1.72,58.89087592,3.47
2011,63,18.93,14.78,24.08,352.06,1.72,58.92416758,3.47
2011,64,18.93,14.78,24.08,352.06,1.72,58.96885716,3.47
2011,65,18.93,14.78,24.08,352.06,1.72,59.01562724,3.47
2011,66,18.93,14.78,24.08,352.06,1.72,59.06407676,3.47
2011,67,18.93,14.78,24.08,352.06,1.72,59.10708123,3.47
2011,68,18.93,14.78,24.08,352.06,1.72,59.15254354,3.47
2011,69,18.93,14.78,24.08,352.06,1.72,59.2048315,3.47
2011,70,18.93,14.78,24.08,352.06,1.72,59.22915443,3.47
2011,71,18.93,14.78,24.08,352.06,1.72,59.23071147,3.47
2011,72,18.93,14.78,24.08,352.06,1.72,59.22274642,3.47
2011,73,18.93,14.78,24.08,352.06,1.72,59.20103903,3.47
2011,74,18.93,14.78,24.08,352.06,1.72,59.16971865,3.47
2011,75,18.93,14.78,24.08,352.06,1.72,59.14521898,3.47
2011,76,18.93,14.78,24.08,352.06,1.72,59.12672779,3.47
2011,77,18.93,14.78,24.08,352.06,1.72,59.10522895,3.47
2011,78,18.93,14.78,24.08,352.06,1.72,59.08857992,3.47
2011,79,18.93,14.78,24.08,352.06,1.72,59.0772359,3.47
2011,80,18.93,14.78,24.08,352.06,1.72,59.07104271,3.47
2011,81,18.93,14.78,24.08,352.06,1.72,59.06883663,3.47
2011,82,18.93,14.78,24.08,352.06,1.72,59.0691948,3.47
2011,83,18.93,14.78,24.08,352.06,1.72,59.07126118,3.47
2011,84,18.93,14.78,24.08,352.06,1.72,59.0753772,3.47
2011,85,18.93,14.78,24.08,352.06,1.72,59.08169117,3.47
2011,86,18.93,14.78,24.08,352.06,1.72,59.08953837,3.47
2011,87,18.93,14.78,24.08,352.06,1.72,59.09805458,3.47
2011,88,18.93,14.78,24.08,352.06,1.72,59.10634173,3.47
2011,89,18.93,14.78,24.08,352.06,1.72,59.11362869,3.47
2011,90,18.93,14.78,24.08,352.06,1.72,59.11941956,3.47
2011,91,18.93,14.78,24.08,352.06,1.72,59.12357125,3.47
2011,92,18.93,14.78,24.08,352.06,1.72,59.12595103,3.47
2011,93,18.93,14.78,24.08,352.06,1.72,59.12670582,3.47
2011,94,18.93,14.78,24.08,352.06,1.72,59.12567231,3.47
2011,95,18.93,14.78,24.08,352.06,1.72,59.12250594,3.47
2011,96,18.93,14.78,24.08,352.06,1.72,59.11824,3.47
2011,97,18.93,14.78,24.08,352.06,1.72,59.11374114,3.47
2011,98,18.93,14.78,24.08,352.06,1.72,59.10938093,3.47
2011,99,18.93,14.78,24.08,352.06,1.72,59.10571461,3.47
2011,100,18.93,14.78,24.08,352.06,1.72,59.10315445,3.47
2011,101,18.93,14.78,24.08,352.06,1.72,59.10147187,3.47
2011,102,18.93,14.78,24.08,352.06,1.72,59.10046163,3.47
2011,103,18.93,14.78,24.08,352.06,1.72,59.10027094,3.47
2011,104,18.93,14.78,24.08,352.06,1.72,59.10073858,3.47
2011,105,18.93,14.78,24.08,352.06,1.72,59.10167868,3.47
2011,106,18.93,14.78,24.08,352.06,1.72,59.10290412,3.47
2011,107,18.93,14.78,24.08,352.06,1.72,59.10426682,3.47
2011,108,18.93,14.78,24.08,352.06,1.72,59.1056697,3.47
2011,109,22.3,22.3,22.3,352.06,0,64.7,3.47
2011,110,21.07,17,24.09,352.06,0,71.13,3.74
2011,111,20.16,17.07,25.36,352.06,1,80.23,2.82
2011,112,18.06,16.81,19.59,352.06,17.06,92.29,2.83
2011,113,19.19,15.33,23.64,352.06,0,80.92,2.44
2011,114,20.13,17.32,24.31,352.06,0,81.88,2.65
2011,115,18.92,15.95,22.83,352.06,5.1,86.61,2.42
2011,116,18.55,16.41,22.86,352.06,35,89.17,1.62
2011,117,19.06,15.7,23.06,352.06,0.1,80.9,2.39
2011,118,17.85,16.69,20.08,352.06,11.7,90.83,2.03
2011,119,18.04,15.51,21.49,352.06,0,85.63,2.1
2011,120,18.66,16.79,22.47,352.06,14.3,87.36,2.18
2011,121,18.02,16.16,20.28,352.06,22.6,89.17,2.66
2011,122,18.54,14.62,22.18,352.06,0.6,84.6,2.64
2011,123,18.27,16.54,21.52,352.06,0.1,89.09,3.64
2011,124,18.61,15.12,23.36,352.06,0,83.58,1.96
2011,125,18.67,14.48,23.52,352.06,0,82.14,2.29
2011,126,18.86,15.23,23.42,352.06,0,82.42,2.8
2011,127,18.79,15.61,23.07,352.06,0,83.04,2.71
2011,128,19.09,15.8,23.44,352.06,0,81.1,2.44
2011,129,18.17,16.24,21.58,352.06,0.1,86.29,3.69
2011,130,18.56,16.06,22.68,352.06,0,81.82,3.32
2011,131,18.15,15.1,22.15,352.06,0,82.4,3.2
2011,132,18.06,14.02,23.32,352.06,0,80.69,2.41
2011,133,19.24,15.48,24.25,352.06,0,80.52,2.45
2011,134,19.23,16.33,24.04,352.06,0,79.02,3.41
2011,135,18.59,14.77,23.4,352.06,0,80.56,2.58
2011,136,18.6,14.35,23.74,352.06,0,75.81,2.95
2011,137,19.07,15.98,23.06,352.06,0,78.16,2.98
2011,138,18.29,13.91,22.89,352.06,0,81.01,2.73
2011,139,18.37,14.63,23.8,352.06,0,79.61,2.45
2011,140,19.41,13.13,26.12,352.06,0,72.85,2.35
2011,141,19.27,13.3,24.7,352.06,0,73.65,2.67
2011,142,19.83,15.97,25.45,352.06,0,76.68,2.49
2011,143,19.78,16.04,24.78,352.06,0,77.59,3.21
2011,144,18.99,14.96,23.77,352.06,0,73.95,3.17
2011,145,19.11,14.58,23.87,352.06,0,72.29,3.33
2011,146,18,14.1,22.59,352.06,0,75.42,3.35
2011,147,16.64,12.72,21.05,352.06,0.3,82.01,3.15
2011,148,17.5,14.02,22.45,352.06,0.1,80.72,3.26
2011,149,16.53,14.07,19.75,352.06,2.6,89.1,3.74
2011,150,17.26,13.76,20.82,352.06,0,82.09,2.58
2011,151,18.19,15.48,23.03,165.37,0,78.43,2.52
2011,152,19.1,14.83,24.04,252.18,0,74.88,3.37
2011,153,19.11,15.58,23.99,273.08,2.6,76.13,3.6
2011,154,18,14.69,22.03,69.78,0,80.43,3.46
2011,155,17.66,13.89,22.83,199.47,0,79.68,3.11
2011,156,19.15,14.11,24.66,306.03,0,72.1,2.52
2011,157,18.83,15.25,23.88,200.96,0.2,76.26,3.01
2011,158,18.95,13.44,24.91,360.35,0,62.02,2.54
2011,159,19.36,12.31,26.04,365.95,0,64.25,2.55
2011,160,18.79,15.88,23.8,229.63,0,75.18,3.93
2011,161,18.3,13.62,24.32,251.44,0,74.56,2.85
2011,162,19.59,14.98,24.61,351.39,0,63.15,2.73
2011,163,19.64,14.92,24.48,241.6,0.2,63.95,2.52
2011,164,17.84,13.52,22.29,190.26,0,74.48,2.64
2011,165,18.81,14.98,25.01,245.06,0,78.03,2.24
2011,166,17.89,14.88,21.55,141.38,0,77.07,2.1
2011,167,18.54,14.65,23.95,188.56,0,74.76,2.65
2011,168,16.83,14.59,19.37,54.07,0,80.78,3.03
2011,169,17.38,13.35,22.42,172.24,0,74.23,2.81
2011,170,17.84,12.97,22.96,224.37,0,73.04,2.49
2011,171,18.42,14.65,22.7,138.18,0,77.27,2.83
2011,172,17.83,15.91,20.93,191.66,0,79.93,3.14
2011,173,17.11,14.77,20.05,117.71,0,78.53,2.92
2011,174,16.87,15.44,18.65,61.62,0,81.36,3.27
2011,175,17.72,14.23,22.8,198.47,0,69.59,2.7
2011,176,18.16,13.41,24.21,249.27,0,60.96,2.39
2011,177,16.67,13.5,21.31,115.2,0,76.59,2.67
2011,178,16.59,13.91,20.48,94.91,0,79.69,2.63
2011,179,17.33,12.34,22.77,236.09,0,73.82,2.46
2011,180,16.34,13.54,19.66,114.41,0,79.4,2.51
2011,181,17.5,14.71,21.1,109.4,0,75.77,3.1
2011,182,17.09,14.5,20.39,26.13,0,79.28,3.5
2011,183,16.91,14.71,19.95,85.05,0,75.76,3.45
2011,184,17.14,13.46,21.06,61.39,0,73.3,3.53
2011,185,16.5,13.97,19.82,167.11,0,73.98,3.97
2011,186,15.27,12.43,18.94,12.18,0,79.14,2.19
2011,187,18.06,15.84,19.51,95.63,0,66.31,4.78
2011,188,16.23,14.2,18.34,100.56,0,71.89,4.13
2011,189,16.26,12.37,20.81,159.02,0,72.12,3.26
2011,190,16.77,11.2,23.56,248.11,0,72.19,2.32
2011,191,18.69,10.53,26.26,315.31,0,65.96,2.48
2011,192,18.73,13.05,25.43,289.71,0,67.15,2.61
2011,193,16.82,13.68,20.29,189.55,0,74.61,3
2011,194,16.93,12.67,20.86,192.7,0,72.44,3.07
2011,195,18.08,13.39,23.37,212.77,0,65.2,3.12
2011,196,17.13,12.58,22.48,132.91,0,70.3,2.48
2011,197,16.52,12.53,20.62,203.16,0,72.56,2.49
2011,198,15.86,11.93,19.8,67.65,0,73.96,2.59
2011,199,16.31,12.25,21.51,91.4,0,71.79,3.25
2011,200,16.74,12.41,21.45,65.78,0,73.66,2.79
2011,201,18.82,12.14,25.91,312.23,0,61.97,2.95
2011,202,18.53,13.18,24.25,317.92,0,62.06,3.24
2011,203,17.85,14.49,22.47,64.01,0,70.11,3.15
2011,204,17.62,14.85,21.88,183.78,0,74.82,3.76
2011,205,17.38,13.13,21.38,87.99,0,73.91,2.7
2011,206,18.01,15.6,22.06,164.12,0,74.49,3.37
2011,207,16.77,14.22,22.16,164.8,0,75.2,3.05
2011,208,16.96,12.3,21.48,97.12,0,71.97,2.7
2011,209,16.78,14.6,20.27,100.08,0,75.65,3.99
2011,210,16.67,13.6,21.41,84.46,0,77.88,2.76
2011,211,17.75,12.74,24.26,309.83,0,75.95,2.78
2011,212,18.63,12.91,25.69,320.4,0,71.32,2.99
2011,213,17.26,14.02,21.61,108.1,0,75.7,3.71
2011,214,17.03,13.91,20.32,245.22,0.1,76.65,5.05
2011,215,15.78,15.4,16.35,340.3,0,84.12,3.86
2011,216,18.93,14.78,24.08,340.3,1.72,77.88,3.64
2011,217,18.93,14.78,24.08,340.3,1.72,75.95,3.64
2011,218,18.93,14.78,24.08,340.3,1.72,71.32,3.64
2011,219,18.93,14.78,24.08,340.3,1.72,75.7,3.64
2011,220,19.19,16.1,22.77,340.3,0,60.43,3.98
2011,221,16.3,14.35,19.47,99.72,1.5,82.14,3.25
2011,222,17.41,14.54,21.9,340.3,0,74.2,3.32
2011,223,17.26,13.47,21.84,340.3,0,70.81,2.72
2011,224,16.43,11.83,22.03,340.3,0,69.39,2.8
2011,225,17.57,11.74,23.44,340.3,0,67.25,3.53
2011,226,18.23,12.32,24.09,340.3,0,66.17,3.32
2011,227,19.11,13.96,24.68,340.3,0,69.91,3.56
2011,228,18.74,15.68,22.93,340.3,0,69.27,3.69
2011,229,18.19,14.99,22.6,340.3,0,70.44,3.82
2011,230,17.99,14.35,23.52,340.3,0,68.34,4.51
2011,231,18.84,13.73,25.12,340.3,0,60.16,3.04
2011,232,19.25,12.04,25.81,340.3,0,51.77,3.25
2011,233,19.13,12.72,24.83,340.3,0,55.64,3.8
2011,234,20.08,15.13,25.93,340.3,0,60.22,3.34
2011,235,18.24,12.75,24.9,278.29,0,66.35,3.65
2011,236,18.13,13.52,24.14,286.17,0,67.29,3.42
2011,237,18.43,12.48,24.75,339.26,0,67.22,3.85
2011,238,19.73,14.79,25.96,370.39,0,61.21,3.94
2011,239,19.43,14.24,26.09,348.37,0,62.14,3.64
2011,240,18.38,14.17,23.01,204.73,0,66.11,4.3
2011,241,18.08,13.66,22.52,203.21,0,65.33,4.51
2011,242,18.02,15.12,21.84,184.28,0,72.23,4.32
2011,243,18.07,15.24,22.71,132.61,0,72.33,3.66
2011,244,18.87,15.46,23.51,134.25,0,70.98,3.71
2011,245,18.68,15.53,23.49,177.46,0,71.85,3.22
2011,246,18.9,12.73,25.89,309.28,0,65.73,3.63
2011,247,18.78,14.35,24.48,183.69,0,65.77,3.56
2011,248,19.63,13.74,25.63,239.41,0,65.78,3.22
2011,249,20.42,13.62,26.98,276.93,0,59.99,2.42
2011,250,18.55,15.47,24.24,183.01,23.2,79.81,2.36
2011,251,17.83,15.35,20.88,216.31,1.5,84.97,3.37
2011,252,17.63,15.18,20.3,237.69,0,79.53,3.56
2011,253,18.7,13.12,24.8,304.84,0,69.46,3.47
2011,254,19.63,15.06,25.4,286.39,0,68.96,3.1
2011,255,20.1,15.27,26.39,311.18,0,70.71,2.69
2011,256,18.54,15.58,23.43,212.37,0,78.29,3.58
2011,257,19.3,15.09,24.61,303.08,0,61.66,4.59
2011,258,18.25,15.11,22.31,305.08,0,70.57,3.47
2011,259,19.19,13.58,25.41,335.8,0,67.65,3.06
2011,260,20.08,15.78,27.18,352.88,7.9,69.76,3.16
2011,261,19.27,15.2,24.9,296.61,0,71.05,3.53
2011,262,19.43,14.03,24.85,321.49,0,70.28,3.57
2011,263,20.13,15.04,27.25,425.01,0,68.7,2.81
2011,264,20.11,14.46,26.74,335.61,0,68.67,3.61
2011,265,20.33,15.96,25.85,292.61,0,63.45,4.06
2011,266,19.54,15.6,24.75,214.41,0,65.68,4.21
2011,267,18.87,16.08,24.31,306.57,0,72.24,4.2
2011,268,20.51,14.71,27.22,310.98,0,58.63,3.17
2011,269,20.23,13.96,27.28,291.16,0,64.9,2.78
2011,270,20.27,14.8,26.27,303.74,0,67.24,3.51
2011,271,18.89,16.03,22.69,79.8,0,71.98,3.83
2011,272,19.89,13.95,26.59,315.98,0,67.54,3.7
2011,273,19.74,15.23,26.4,221.85,0,71.17,4.05
2011,274,20.87,16.39,27.58,279.48,0,66.11,3.52
2011,275,20.79,14.59,27.58,290.74,0,61.65,3.22
2011,276,18.98,12.25,25.45,355.89,0,61.51,3.36
2011,277,17.97,16.28,21.07,340.3,0,79.37,4.62
2011,278,18.71,15.17,23.32,340.3,0.1,73.05,3.82
2011,279,20.09,15.8,26.43,340.3,0,67.62,4.09
2011,280,20.12,14.92,26.08,340.3,0,59.02,3.57
2011,281,20.74,13.07,27.9,340.3,0,56.38,3.34
2011,282,21.15,14.46,27.94,340.3,0,61.27,4.24
2011,283,20.8,16.31,27.4,340.3,0,66.42,5.2
2011,284,20.65,14.57,26.53,340.3,0,61.27,4.42
2011,285,21.22,14.61,27.95,29.44,0,58.16,4.01
2011,286,22.07,14.44,29.04,427.23,0,57.17,3.61
2011,287,22.09,16.24,28.14,428.3,0,64.39,5.2
2011,288,21.94,17.65,27.56,348.26,0,67.16,5.57
2011,289,20.65,16.41,25.56,391.86,0.5,73,4.75
2011,290,20.59,17,26.7,287.02,0.1,72.18,3.44
2011,291,21.14,17.4,25.88,391.89,0,71.74,4.22
2011,292,19.67,16.88,24.57,333,0.9,79.34,4.75
2011,293,19.63,14.75,24.34,333.2,0,70.86,3.97
2011,294,20.13,15.77,25.43,317.38,0,68.67,4.18
2011,295,21.29,16.21,26.31,335.48,0,56.17,3.38
2011,296,20.92,15.51,26.96,386.79,0,56.58,3.52
2011,297,21.26,15.27,26.84,361.83,0,62.73,3.41
2011,298,21.43,17.08,26.31,373.89,0,67.31,4.54
2011,299,19.75,16.89,24.27,302.02,1.9,76.47,4.64
2011,300,19.99,16.11,24.47,275.17,0,70.49,3.55
2011,301,20.44,15.29,26.18,299.92,0,67.55,3.87
2011,302,20.44,16.2,25.09,293.17,0,66.86,3.74
2011,303,19.84,16.07,25.11,320.12,0,72.71,4.13
2011,304,19.58,16.66,24.13,286.44,4.5,78.4,4.26
2011,305,20.19,15.98,25.04,301.58,0,72.37,3.77
2011,306,18.89,16.55,22.21,304.4,32.9,85.22,3.63
2011,307,18.28,16.62,22.5,326.5,8.3,88.67,3.3
2011,308,18.22,15.53,21.34,294.16,8.6,84.66,3.2
2011,309,18.8,16.42,23.16,313,7.2,85.41,3
2011,310,19.32,16.17,24.13,442.3,28.39,81.98,3.32
2011,311,19.12,15.6,23.81,471.37,35.8,82.53,2.9
2011,312,18.59,16.89,21.94,329.38,3.1,88.16,3.48
2011,313,19.14,15.53,23.06,388.75,0,78.03,3.7
2011,314,18.8,16.01,22.5,265.7,17.8,85.21,3.72
2011,315,18.04,15.14,21.42,278.59,11.1,87.17,4.04
2011,316,18.82,16.5,23.13,342.78,4.4,86.05,3.73
2011,317,18.97,16.48,22.72,418.36,3.9,87.41,4.58
2011,318,18.57,16.33,23.09,332.43,22.2,89.79,2.51
2011,319,18.42,16.63,22.5,327.11,5.7,89.16,3.26
2011,320,18.56,16.26,22.07,379.33,6.6,87.77,3.73
2011,321,18.58,16.27,22.19,301.92,2.5,87.67,3.39
2011,322,19.16,16.24,23.04,360.37,1.74,82.42,3.52
2011,323,19.33,16.45,23.33,426.02,1.4,82.05,3.47
2011,324,18.81,15.89,23.3,398.04,0.4,85.17,3.46
2011,325,18.89,16.91,22.18,319.64,14.2,87.74,3.58
2011,326,18.29,16.52,21.89,360.61,8.7,91.68,4.05
2011,327,18.41,16.01,21.81,332.88,3.6,87.89,4.08
2011,328,18.6,16.2,22.59,392.39,9,87.44,3.59
2011,329,18.63,16.17,22.4,319.92,6.8,87.22,2.76
2011,330,18.31,15.64,21.96,339,8.4,89.85,3.28
2011,331,19.47,15.78,24.04,471.51,2.6,77.23,3.81
2011,332,19.07,16.67,23.43,349.55,0,83.95,3.15
2011,333,19.54,16.52,23.98,498.21,0,75.99,3.76
2011,334,19.2,15.46,23.4,483.41,0,72.17,3.74
2011,335,19.08,14.87,23.94,461.96,0,71.36,3.2
2011,336,19.51,14.76,24.39,411.98,0,75.32,3.14
2011,337,19.26,16.65,23.41,401.68,0,82.54,3.88
2011,338,18.98,15.93,23.5,363.5,0,80.18,3.54
2011,339,19.21,15.7,24.03,404.09,0,75.45,2.89
2011,340,19.08,16.36,23.58,383.18,0,79.45,2.86
2011,341,19.16,13.78,24.68,473.77,0,76.59,2.78
2011,342,19.31,14.63,24.83,446.49,0,70.69,2.85
2011,343,18.69,14.4,23.86,398.57,0,78.08,2.72
2011,344,19.39,16.5,23.57,397.26,0.8,80.59,4.16
2011,345,19.18,15.52,23.85,396.18,0.1,80.1,3.6
2011,346,19.24,15,24.28,353.75,0,81.24,2.85
2011,347,19.64,15.87,24.75,349.7,0,82.55,2.64
2011,348,19.65,17.22,23.88,355.75,0.1,85.12,3.01
2011,349,18.97,16.04,22.86,373.16,4.7,87.32,4.19
2011,350,18.27,16.3,21.59,235.59,0,85.91,4.21
2011,351,18.93,15.66,23.38,376.45,0,79.05,3.99
2011,352,18.79,15.6,23.31,400.29,0.1,80.3,3.54
2011,353,19.29,16.03,23.73,350.94,0,76.19,2.57
2011,354,18.81,14.53,23.85,403.15,0,78.18,2.74
2011,355,19.55,15.62,24.47,407.99,0,74.8,3.57
2011,356,19.31,15.92,23.7,323.94,2.2,83.67,3.45
2011,357,18.94,16.36,23.24,309.77,6.7,86.91,3.82
2011,358,20.22,16.91,24.8,409.78,0.7,81.63,3.41
2011,359,20.3,17.16,25.01,417.6,0,83.61,3.95
2011,360,18.96,16.81,22.36,248.07,0.6,86.86,4.58
2011,361,18.91,14.84,23.14,434.42,0,73.13,3.85
2011,362,19.96,15.72,24.86,444.77,0,68.75,3.05
2011,363,20.22,15.6,25.2,410.62,0,77.61,2.63
2011,364,20.21,16.76,25.21,330.63,0,81.03,3.1
2011,365,20.6,17.19,25.44,386.32,0,78.05,2.63
2012,1,19.25,14.12,24.18,280.23,0,62.72,4.63
2012,2,17.98,13.75,23.01,211.09,0.1,72.71,4.88
2012,3,17.25,15.45,20.82,214.32,10.62,87.78,5.48
2012,4,16.94,15.21,19.18,103.83,4.8,89.25,4.65
2012,5,17.62,14.54,21.55,274.51,0.2,77.42,4.38
2012,6,19.42,13.57,24.66,376.05,0,56.91,3.87
2012,7,19.6,14.23,24.56,355.46,0,60.44,4.2
2012,8,19.01,13.81,24.6,361.29,0,73.27,4.48
2012,9,19.48,16.27,24.33,277.82,0,74.98,5.09
2012,10,19.17,15.9,23.54,312.8,0,73.78,4.69
2012,11,19.18,14.34,24.06,300.67,0,70.07,4.13
2012,12,19.84,14.59,25.32,365.58,0,64.35,4.95
2012,13,19.68,13.39,25.11,359.62,0,57.99,4.46
2012,14,19.45,13.8,24.51,341.86,0,57.68,3.85
2012,15,19.78,13.98,24.89,349.03,0,53.19,4.17
2012,16,19.6,14.32,24.98,347.23,0,58.45,4.01
2012,17,19.44,13.62,24.81,280.46,0,61.1,4.05
2012,18,21.2,14.54,27.44,350.85,0,39.06,3.88
2012,19,21.45,15.57,27.25,356.5,0,43.76,3.63
2012,20,20.97,15.4,26.66,353.82,0,53.2,4.18
2012,21,20.88,14.6,26.14,356.25,0,51.04,4.37
2012,22,20.5,16.16,24.79,235.94,0,54.3,4.54
2012,23,20.05,16.04,24.84,262.47,0,65.03,4.02
2012,24,20.01,14.81,25.45,300.24,0,64.15,4.56
2012,25,20.9,14.87,26.58,352.5,0,58.19,4.1
2012,26,18.93,14.78,24.08,340.3,1.72,63.2328,3.64
2012,27,18.93,14.78,24.08,340.3,1.72,63.253312,3.64
2012,28,18.93,14.78,24.08,340.3,1.72,62.87504448,3.64
2012,29,18.93,14.78,24.08,340.3,1.72,61.87884626,3.64
2012,30,18.93,14.78,24.08,340.3,1.72,60.78400011,3.64
2012,31,18.93,14.78,24.08,340.3,1.72,60.11856011,3.64
2012,32,18.93,14.78,24.08,340.3,1.72,60.24690252,3.64
2012,33,18.93,14.78,24.08,340.3,1.72,60.23917862,3.64
2012,34,18.93,14.78,24.08,340.3,1.72,59.71794576,3.64
2012,35,18.93,14.78,24.08,340.3,1.72,59.10746359,3.64
2012,36,18.93,14.78,24.08,340.3,1.72,58.52056214,3.64
2012,37,18.93,14.78,24.08,340.3,1.72,58.05858462,3.64
2012,38,18.93,14.78,24.08,340.3,1.72,57.80692801,3.64
2012,39,18.93,14.78,24.08,340.3,1.72,57.79960513,3.64
2012,40,18.93,14.78,24.08,340.3,1.72,57.80438933,3.64
2012,41,18.93,14.78,24.08,340.3,1.72,57.98896491,3.64
2012,42,18.93,14.78,24.08,340.3,1.72,57.9705235,3.64
2012,43,18.93,14.78,24.08,340.3,1.72,57.84534444,3.64
2012,44,18.93,14.78,24.08,340.3,1.72,58.59675822,3.64
2012,45,18.93,14.78,24.08,340.3,1.72,59.19022855,3.64
2012,46,18.93,14.78,24.08,340.3,1.72,59.42983769,3.64
2012,47,18.93,14.78,24.08,340.3,1.72,59.7654312,3.64
2012,48,18.93,14.78,24.08,340.3,1.72,59.98404845,3.64
2012,49,18.93,14.78,24.08,340.3,1.72,59.78221039,3.64
2012,50,18.93,14.78,24.08,340.3,1.72,59.6074988,3.64
2012,51,18.93,14.78,24.08,340.3,1.72,59.66419875,3.64
2012,52,18.93,14.78,24.08,340.3,1.72,59.5214547,3.64
2012,53,18.93,14.78,24.08,340.3,1.72,59.37218041,3.64
2012,54,18.93,14.78,24.08,340.3,1.72,59.23206585,3.64
2012,55,18.93,14.78,24.08,340.3,1.72,59.12619463,3.64
2012,56,18.93,14.78,24.08,340.3,1.72,59.05988241,3.64
2012,57,18.93,14.78,24.08,340.3,1.72,59.01753531,3.64
2012,58,18.93,14.78,24.08,340.3,1.72,58.96836062,3.64
2012,59,18.93,14.78,24.08,340.3,1.72,58.9175279,3.64
2012,60,18.93,14.78,24.08,352.06,1.72,58.88551118,3.47
2012,61,18.93,14.78,24.08,352.06,1.72,58.87663309,3.47
2012,62,18.93,14.78,24.08,352.06,1.72,58.89087592,3.47
2012,63,18.93,14.78,24.08,352.06,1.72,58.92416758,3.47
2012,64,18.93,14.78,24.08,352.06,1.72,58.96885716,3.47
2012,65,18.93,14.78,24.08,352.06,1.72,59.01562724,3.47
2012,66,18.93,14.78,24.08,352.06,1.72,59.06407676,3.47
2012,67,18.93,14.78,24.08,352.06,1.72,59.10708123,3.47
2012,68,18.93,14.78,24.08,352.06,1.72,59.15254354,3.47
2012,69,18.93,14.78,24.08,352.06,1.72,59.2048315,3.47
2012,70,18.93,14.78,24.08,352.06,1.72,59.22915443,3.47
2012,71,18.93,14.78,24.08,352.06,1.72,59.23071147,3.47
2012,72,18.93,14.78,24.08,352.06,1.72,59.22274642,3.47
2012,73,18.93,14.78,24.08,352.06,1.72,59.20103903,3.47
2012,74,18.93,14.78,24.08,352.06,1.72,59.16971865,3.47
2012,75,18.93,14.78,24.08,352.06,1.72,59.14521898,3.47
2012,76,18.93,14.78,24.08,352.06,1.72,59.12672779,3.47
2012,77,18.93,14.78,24.08,352.06,1.72,59.10522895,3.47
2012,78,18.93,14.78,24.08,352.06,1.72,59.08857992,3.47
2012,79,18.93,14.78,24.08,352.06,1.72,59.0772359,3.47
2012,80,18.93,14.78,24.08,352.06,1.72,59.07104271,3.47
2012,81,18.93,14.78,24.08,352.06,1.72,59.06883663,3.47
2012,82,18.93,14.78,24.08,352.06,1.72,59.0691948,3.47
2012,83,18.93,14.78,24.08,352.06,1.72,59.07126118,3.47
2012,84,18.93,14.78,24.08,352.06,1.72,59.0753772,3.47
2012,85,18.93,14.78,24.08,352.06,1.72,59.08169117,3.47
2012,86,18.93,14.78,24.08,352.06,1.72,59.08953837,3.47
2012,87,18.93,14.78,24.08,352.06,1.72,59.09805458,3.47
2012,88,18.93,14.78,24.08,352.06,1.72,59.10634173,3.47
2012,89,18.93,14.78,24.08,352.06,1.72,59.11362869,3.47
2012,90,18.93,14.78,24.08,352.06,1.72,59.11941956,3.47
2012,91,18.93,14.78,24.08,352.06,1.72,59.12357125,3.47
2012,92,18.93,14.78,24.08,352.06,1.72,59.12595103,3.47
2012,93,18.93,14.78,24.08,352.06,1.72,59.12670582,3.47
2012,94,18.93,14.78,24.08,352.06,1.72,59.12567231,3.47
2012,95,18.93,14.78,24.08,352.06,1.72,59.12250594,3.47
2012,96,18.93,14.78,24.08,352.06,1.72,59.11824,3.47
2012,97,18.93,14.78,24.08,352.06,1.72,59.11374114,3.47
2012,98,18.93,14.78,24.08,352.06,1.72,59.10938093,3.47
2012,99,18.93,14.78,24.08,352.06,1.72,59.10571461,3.47
2012,100,18.93,14.78,24.08,352.06,1.72,59.10315445,3.47
2012,101,18.93,14.78,24.08,352.06,1.72,59.10147187,3.47
2012,102,18.93,14.78,24.08,352.06,1.72,59.10046163,3.47
2012,103,18.93,14.78,24.08,352.06,1.72,59.10027094,3.47
2012,104,18.93,14.78,24.08,352.06,1.72,59.10073858,3.47
2012,105,18.93,14.78,24.08,352.06,1.72,59.10167868,3.47
2012,106,18.93,14.78,24.08,352.06,1.72,59.10290412,3.47
2012,107,18.93,14.78,24.08,352.06,1.72,59.10426682,3.47
2012,108,18.93,14.78,24.08,352.06,1.72,59.1056697,3.47
2012,109,22.3,22.3,22.3,352.06,0,64.7,3.47
2012,110,21.07,17,24.09,352.06,0,71.13,3.74
2012,111,20.16,17.07,25.36,352.06,1,80.23,2.82
2012,112,18.06,16.81,19.59,352.06,17.06,92.29,2.83
2012,113,19.19,15.33,23.64,352.06,0,80.92,2.44
2012,114,20.13,17.32,24.31,352.06,0,81.88,2.65
2012,115,18.92,15.95,22.83,352.06,5.1,86.61,2.42
2012,116,18.55,16.41,22.86,352.06,35,89.17,1.62
2012,117,19.06,15.7,23.06,352.06,0.1,80.9,2.39
2012,118,17.85,16.69,20.08,352.06,11.7,90.83,2.03
2012,119,18.04,15.51,21.49,352.06,0,85.63,2.1
2012,120,18.66,16.79,22.47,352.06,14.3,87.36,2.18
2012,121,18.02,16.16,20.28,352.06,22.6,89.17,2.66
2012,122,18.54,14.62,22.18,352.06,0.6,84.6,2.64
2012,123,18.27,16.54,21.52,352.06,0.1,89.09,3.64
2012,124,18.61,15.12,23.36,352.06,0,83.58,1.96
2012,125,18.67,14.48,23.52,352.06,0,82.14,2.29
2012,126,18.86,15.23,23.42,352.06,0,82.42,2.8
2012,127,18.79,15.61,23.07,352.06,0,83.04,2.71
2012,128,19.09,15.8,23.44,352.06,0,81.1,2.44
2012,129,18.17,16.24,21.58,352.06,0.1,86.29,3.69
2012,130,18.56,16.06,22.68,352.06,0,81.82,3.32
2012,131,18.15,15.1,22.15,352.06,0,82.4,3.2
2012,132,18.06,14.02,23.32,352.06,0,80.69,2.41
2012,133,19.24,15.48,24.25,352.06,0,80.52,2.45
2012,134,19.23,16.33,24.04,352.06,0,79.02,3.41
2012,135,18.59,14.77,23.4,352.06,0,80.56,2.58
2012,136,18.6,14.35,23.74,352.06,0,75.81,2.95
2012,137,19.07,15.98,23.06,352.06,0,78.16,2.98
2012,138,18.29,13.91,22.89,352.06,0,81.01,2.73
2012,139,18.37,14.63,23.8,352.06,0,79.61,2.45
2012,140,19.41,13.13,26.12,352.06,0,72.85,2.35
2012,141,19.27,13.3,24.7,352.06,0,73.65,2.67
2012,142,19.83,15.97,25.45,352.06,0,76.68,2.49
2012,143,19.78,16.04,24.78,352.06,0,77.59,3.21
2012,144,18.99,14.96,23.77,352.06,0,73.95,3.17
2012,145,19.11,14.58,23.87,352.06,0,72.29,3.33
2012,146,18,14.1,22.59,352.06,0,75.42,3.35
2012,147,16.64,12.72,21.05,352.06,0.3,82.01,3.15
2012,148,17.5,14.02,22.45,352.06,0.1,80.72,3.26
2012,149,16.53,14.07,19.75,352.06,2.6,89.1,3.74
2012,150,17.26,13.76,20.82,352.06,0,82.09,2.58
2012,151,18.19,15.48,23.03,165.37,0,78.43,2.52
2012,152,19.1,14.83,24.04,252.18,0,74.88,3.37
2012,153,19.11,15.58,23.99,273.08,2.6,76.13,3.6
2012,154,18,14.69,22.03,69.78,0,80.43,3.46
2012,155,17.66,13.89,22.83,199.47,0,79.68,3.11
2012,156,19.15,14.11,24.66,306.03,0,72.1,2.52
2012,157,18.83,15.25,23.88,200.96,0.2,76.26,3.01
2012,158,18.95,13.44,24.91,360.35,0,62.02,2.54
2012,159,19.36,12.31,26.04,365.95,0,64.25,2.55
2012,160,18.79,15.88,23.8,229.63,0,75.18,3.93
2012,161,18.3,13.62,24.32,251.44,0,74.56,2.85
2012,162,19.59,14.98,24.61,351.39,0,63.15,2.73
2012,163,19.64,14.92,24.48,241.6,0.2,63.95,2.52
2012,164,17.84,13.52,22.29,190.26,0,74.48,2.64
2012,165,18.81,14.98,25.01,245.06,0,78.03,2.24
2012,166,17.89,14.88,21.55,141.38,0,77.07,2.1
2012,167,18.54,14.65,23.95,188.56,0,74.76,2.65
2012,168,16.83,14.59,19.37,54.07,0,80.78,3.03
2012,169,17.38,13.35,22.42,172.24,0,74.23,2.81
2012,170,17.84,12.97,22.96,224.37,0,73.04,2.49
2012,171,18.42,14.65,22.7,138.18,0,77.27,2.83
2012,172,17.83,15.91,20.93,191.66,0,79.93,3.14
2012,173,17.11,14.77,20.05,117.71,0,78.53,2.92
2012,174,16.87,15.44,18.65,61.62,0,81.36,3.27
2012,175,17.72,14.23,22.8,198.47,0,69.59,2.7
2012,176,18.16,13.41,24.21,249.27,0,60.96,2.39
2012,177,16.67,13.5,21.31,115.2,0,76.59,2.67
2012,178,16.59,13.91,20.48,94.91,0,79.69,2.63
2012,179,17.33,12.34,22.77,236.09,0,73.82,2.46
2012,180,16.34,13.54,19.66,114.41,0,79.4,2.51
2012,181,17.5,14.71,21.1,109.4,0,75.77,3.1
2012,182,17.09,14.5,20.39,26.13,0,79.28,3.5
2012,183,16.91,14.71,19.95,85.05,0,75.76,3.45
2012,184,17.14,13.46,21.06,61.39,0,73.3,3.53
2012,185,16.5,13.97,19.82,167.11,0,73.98,3.97
2012,186,15.27,12.43,18.94,12.18,0,79.14,2.19
2012,187,18.06,15.84,19.51,95.63,0,66.31,4.78
2012,188,16.23,14.2,18.34,100.56,0,71.89,4.13
2012,189,16.26,12.37,20.81,159.02,0,72.12,3.26
2012,190,16.77,11.2,23.56,248.11,0,72.19,2.32
2012,191,18.69,10.53,26.26,315.31,0,65.96,2.48
2012,192,18.73,13.05,25.43,289.71,0,67.15,2.61
2012,193,16.82,13.68,20.29,189.55,0,74.61,3
2012,194,16.93,12.67,20.86,192.7,0,72.44,3.07
2012,195,18.08,13.39,23.37,212.77,0,65.2,3.12
2012,196,17.13,12.58,22.48,132.91,0,70.3,2.48
2012,197,16.52,12.53,20.62,203.16,0,72.56,2.49
2012,198,15.86,11.93,19.8,67.65,0,73.96,2.59
2012,199,16.31,12.25,21.51,91.4,0,71.79,3.25
2012,200,16.74,12.41,21.45,65.78,0,73.66,2.79
2012,201,18.82,12.14,25.91,312.23,0,61.97,2.95
2012,202,18.53,13.18,24.25,317.92,0,62.06,3.24
2012,203,17.85,14.49,22.47,64.01,0,70.11,3.15
2012,204,17.62,14.85,21.88,183.78,0,74.82,3.76
2012,205,17.38,13.13,21.38,87.99,0,73.91,2.7
2012,206,18.01,15.6,22.06,164.12,0,74.49,3.37
2012,207,16.77,14.22,22.16,164.8,0,75.2,3.05
2012,208,16.96,12.3,21.48,97.12,0,71.97,2.7
2012,209,16.78,14.6,20.27,100.08,0,75.65,3.99
2012,210,16.67,13.6,21.41,84.46,0,77.88,2.76
2012,211,17.75,12.74,24.26,309.83,0,75.95,2.78
2012,212,18.63,12.91,25.69,320.4,0,71.32,2.99
2012,213,17.26,14.02,21.61,108.1,0,75.7,3.71
2012,214,17.03,13.91,20.32,245.22,0.1,76.65,5.05
2012,215,15.78,15.4,16.35,340.3,0,84.12,3.86
2012,216,18.93,14.78,24.08,340.3,1.72,77.88,3.64
2012,217,18.93,14.78,24.08,340.3,1.72,75.95,3.64
2012,218,18.93,14.78,24.08,340.3,1.72,71.32,3.64
2012,219,18.93,14.78,24.08,340.3,1.72,75.7,3.64
2012,220,19.19,16.1,22.77,340.3,0,60.43,3.98
2012,221,16.3,14.35,19.47,99.72,1.5,82.14,3.25
2012,222,17.41,14.54,21.9,340.3,0,74.2,3.32
2012,223,17.26,13.47,21.84,340.3,0,70.81,2.72
2012,224,16.43,11.83,22.03,340.3,0,69.39,2.8
2012,225,17.57,11.74,23.44,340.3,0,67.25,3.53
2012,226,18.23,12.32,24.09,340.3,0,66.17,3.32
2012,227,19.11,13.96,24.68,340.3,0,69.91,3.56
2012,228,18.74,15.68,22.93,340.3,0,69.27,3.69
2012,229,18.19,14.99,22.6,340.3,0,70.44,3.82
2012,230,17.99,14.35,23.52,340.3,0,68.34,4.51
2012,231,18.84,13.73,25.12,340.3,0,60.16,3.04
2012,232,19.25,12.04,25.81,340.3,0,51.77,3.25
2012,233,19.13,12.72,24.83,340.3,0,55.64,3.8
2012,234,20.08,15.13,25.93,340.3,0,60.22,3.34
2012,235,18.24,12.75,24.9,278.29,0,66.35,3.65
2012,236,18.13,13.52,24.14,286.17,0,67.29,3.42
2012,237,18.43,12.48,24.75,339.26,0,67.22,3.85
2012,238,19.73,14.79,25.96,370.39,0,61.21,3.94
2012,239,19.43,14.24,26.09,348.37,0,62.14,3.64
2012,240,18.38,14.17,23.01,204.73,0,66.11,4.3
2012,241,18.08,13.66,22.52,203.21,0,65.33,4.51
2012,242,18.02,15.12,21.84,184.28,0,72.23,4.32
2012,243,18.07,15.24,22.71,132.61,0,72.33,3.66
2012,244,18.87,15.46,23.51,134.25,0,70.98,3.71
2012,245,18.68,15.53,23.49,177.46,0,71.85,3.22
2012,246,18.9,12.73,25.89,309.28,0,65.73,3.63
2012,247,18.78,14.35,24.48,183.69,0,65.77,3.56
2012,248,19.63,13.74,25.63,239.41,0,65.78,3.22
2012,249,20.42,13.62,26.98,276.93,0,59.99,2.42
2012,250,18.55,15.47,24.24,183.01,23.2,79.81,2.36
2012,251,17.83,15.35,20.88,216.31,1.5,84.97,3.37
2012,252,17.63,15.18,20.3,237.69,0,79.53,3.56
2012,253,18.7,13.12,24.8,304.84,0,69.46,3.47
2012,254,19.63,15.06,25.4,286.39,0,68.96,3.1
2012,255,20.1,15.27,26.39,311.18,0,70.71,2.69
2012,256,18.54,15.58,23.43,212.37,0,78.29,3.58
2012,257,19.3,15.09,24.61,303.08,0,61.66,4.59
2012,258,18.25,15.11,22.31,305.08,0,70.57,3.47
2012,259,19.19,13.58,25.41,335.8,0,67.65,3.06
2012,260,20.08,15.78,27.18,352.88,7.9,69.76,3.16
2012,261,19.27,15.2,24.9,296.61,0,71.05,3.53
2012,262,19.43,14.03,24.85,321.49,0,70.28,3.57
2012,263,20.13,15.04,27.25,425.01,0,68.7,2.81
2012,264,20.11,14.46,26.74,335.61,0,68.67,3.61
2012,265,20.33,15.96,25.85,292.61,0,63.45,4.06
2012,266,19.54,15.6,24.75,214.41,0,65.68,4.21
2012,267,18.87,16.08,24.31,306.57,0,72.24,4.2
2012,268,20.51,14.71,27.22,310.98,0,58.63,3.17
2012,269,20.23,13.96,27.28,291.16,0,64.9,2.78
2012,270,20.27,14.8,26.27,303.74,0,67.24,3.51
2012,271,18.89,16.03,22.69,79.8,0,71.98,3.83
2012,272,19.89,13.95,26.59,315.98,0,67.54,3.7
2012,273,19.74,15.23,26.4,221.85,0,71.17,4.05
2012,274,20.87,16.39,27.58,279.48,0,66.11,3.52
2012,275,20.79,14.59,27.58,290.74,0,61.65,3.22
2012,276,18.98,12.25,25.45,355.89,0,61.51,3.36
2012,277,17.97,16.28,21.07,340.3,0,79.37,4.62
2012,278,18.71,15.17,23.32,340.3,0.1,73.05,3.82
2012,279,20.09,15.8,26.43,340.3,0,67.62,4.09
2012,280,20.12,14.92,26.08,340.3,0,59.02,3.57
2012,281,20.74,13.07,27.9,340.3,0,56.38,3.34
2012,282,21.15,14.46,27.94,340.3,0,61.27,4.24
2012,283,20.8,16.31,27.4,340.3,0,66.42,5.2
2012,284,20.65,14.57,26.53,340.3,0,61.27,4.42
2012,285,21.22,14.61,27.95,29.44,0,58.16,4.01
2012,286,22.07,14.44,29.04,427.23,0,57.17,3.61
2012,287,22.09,16.24,28.14,428.3,0,64.39,5.2
2012,288,21.94,17.65,27.56,348.26,0,67.16,5.57
2012,289,20.65,16.41,25.56,391.86,0.5,73,4.75
2012,290,20.59,17,26.7,287.02,0.1,72.18,3.44
2012,291,21.14,17.4,25.88,391.89,0,71.74,4.22
2012,292,19.67,16.88,24.57,333,0.9,79.34,4.75
2012,293,19.63,14.75,24.34,333.2,0,70.86,3.97
2012,294,20.13,15.77,25.43,317.38,0,68.67,4.18
2012,295,21.29,16.21,26.31,335.48,0,56.17,3.38
2012,296,20.92,15.51,26.96,386.79,0,56.58,3.52
2012,297,21.26,15.27,26.84,361.83,0,62.73,3.41
2012,298,21.43,17.08,26.31,373.89,0,67.31,4.54
2012,299,19.75,16.89,24.27,302.02,1.9,76.47,4.64
2012,300,19.99,16.11,24.47,275.17,0,70.49,3.55
2012,301,20.44,15.29,26.18,299.92,0,67.55,3.87
2012,302,20.44,16.2,25.09,293.17,0,66.86,3.74
2012,303,19.84,16.07,25.11,320.12,0,72.71,4.13
2012,304,19.58,16.66,24.13,286.44,4.5,78.4,4.26
2012,305,20.19,15.98,25.04,301.58,0,72.37,3.77
2012,306,18.89,16.55,22.21,304.4,32.9,85.22,3.63
2012,307,18.28,16.62,22.5,326.5,8.3,88.67,3.3
2012,308,18.22,15.53,21.34,294.16,8.6,84.66,3.2
2012,309,18.8,16.42,23.16,313,7.2,85.41,3
2012,310,19.32,16.17,24.13,442.3,28.39,81.98,3.32
2012,311,19.12,15.6,23.81,471.37,35.8,82.53,2.9
2012,312,18.59,16.89,21.94,329.38,3.1,88.16,3.48
2012,313,19.14,15.53,23.06,388.75,0,78.03,3.7
2012,314,18.8,16.01,22.5,265.7,17.8,85.21,3.72
2012,315,18.04,15.14,21.42,278.59,11.1,87.17,4.04
2012,316,18.82,16.5,23.13,342.78,4.4,86.05,3.73
2012,317,18.97,16.48,22.72,418.36,3.9,87.41,4.58
2012,318,18.57,16.33,23.09,332.43,22.2,89.79,2.51
2012,319,18.42,16.63,22.5,327.11,5.7,89.16,3.26
2012,320,18.56,16.26,22.07,379.33,6.6,87.77,3.73
2012,321,18.58,16.27,22.19,301.92,2.5,87.67,3.39
2012,322,19.16,16.24,23.04,360.37,1.74,82.42,3.52
2012,323,19.33,16.45,23.33,426.02,1.4,82.05,3.47
2012,324,18.81,15.89,23.3,398.04,0.4,85.17,3.46
2012,325,18.89,16.91,22.18,319.64,14.2,87.74,3.58
2012,326,18.29,16.52,21.89,360.61,8.7,91.68,4.05
2012,327,18.41,16.01,21.81,332.88,3.6,87.89,4.08
2012,328,18.6,16.2,22.59,392.39,9,87.44,3.59
2012,329,18.63,16.17,22.4,319.92,6.8,87.22,2.76
2012,330,18.31,15.64,21.96,339,8.4,89.85,3.28
2012,331,19.47,15.78,24.04,471.51,2.6,77.23,3.81
2012,332,19.07,16.67,23.43,349.55,0,83.95,3.15
2012,333,19.54,16.52,23.98,498.21,0,75.99,3.76
2012,334,19.2,15.46,23.4,483.41,0,72.17,3.74
2012,335,19.08,14.87,23.94,461.96,0,71.36,3.2
2012,336,19.51,14.76,24.39,411.98,0,75.32,3.14
2012,337,19.26,16.65,23.41,401.68,0,82.54,3.88
2012,338,18.98,15.93,23.5,363.5,0,80.18,3.54
2012,339,19.21,15.7,24.03,404.09,0,75.45,2.89
2012,340,19.08,16.36,23.58,383.18,0,79.45,2.86
2012,341,19.16,13.78,24.68,473.77,0,76.59,2.78
2012,342,19.31,14.63,24.83,446.49,0,70.69,2.85
2012,343,18.69,14.4,23.86,398.57,0,78.08,2.72
2012,344,19.39,16.5,23.57,397.26,0.8,80.59,4.16
2012,345,19.18,15.52,23.85,396.18,0.1,80.1,3.6
2012,346,19.24,15,24.28,353.75,0,81.24,2.85
2012,347,19.64,15.87,24.75,349.7,0,82.55,2.64
2012,348,19.65,17.22,23.88,355.75,0.1,85.12,3.01
2012,349,18.97,16.04,22.86,373.16,4.7,87.32,4.19
2012,350,18.27,16.3,21.59,235.59,0,85.91,4.21
2012,351,18.93,15.66,23.38,376.45,0,79.05,3.99
2012,352,18.79,15.6,23.31,400.29,0.1,80.3,3.54
2012,353,19.29,16.03,23.73,350.94,0,76.19,2.57
2012,354,18.81,14.53,23.85,403.15,0,78.18,2.74
2012,355,19.55,15.62,24.47,407.99,0,74.8,3.57
2012,356,19.31,15.92,23.7,323.94,2.2,83.67,3.45
2012,357,18.94,16.36,23.24,309.77,6.7,86.91,3.82
2012,358,20.22,16.91,24.8,409.78,0.7,81.63,3.41
2012,359,20.3,17.16,25.01,417.6,0,83.61,3.95
2012,360,18.96,16.81,22.36,248.07,0.6,86.86,4.58
2012,361,18.91,14.84,23.14,434.42,0,73.13,3.85
2012,362,19.96,15.72,24.86,444.77,0,68.75,3.05
2012,363,20.22,15.6,25.2,410.62,0,77.61,2.63
2012,364,20.21,16.76,25.21,330.63,0,81.03,3.1
2012,365,20.6,17.19,25.44,386.32,0,78.05,2.63
2013,1,19.25,14.12,24.18,280.23,0,62.72,4.63
2013,2,17.98,13.75,23.01,211.09,0.1,72.71,4.88
2013,3,17.25,15.45,20.82,214.32,10.62,87.78,5.48
2013,4,16.94,15.21,19.18,103.83,4.8,89.25,4.65
2013,5,17.62,14.54,21.55,274.51,0.2,77.42,4.38
2013,6,19.42,13.57,24.66,376.05,0,56.91,3.87
2013,7,19.6,14.23,24.56,355.46,0,60.44,4.2
2013,8,19.01,13.81,24.6,361.29,0,73.27,4.48
2013,9,19.48,16.27,24.33,277.82,0,74.98,5.09
2013,10,19.17,15.9,23.54,312.8,0,73.78,4.69
2013,11,19.18,14.34,24.06,300.67,0,70.07,4.13
2013,12,19.84,14.59,25.32,365.58,0,64.35,4.95
2013,13,19.68,13.39,25.11,359.62,0,57.99,4.46
2013,14,19.45,13.8,24.51,341.86,0,57.68,3.85
2013,15,19.78,13.98,24.89,349.03,0,53.19,4.17
2013,16,19.6,14.32,24.98,347.23,0,58.45,4.01
2013,17,19.44,13.62,24.81,280.46,0,61.1,4.05
2013,18,21.2,14.54,27.44,350.85,0,39.06,3.88
2013,19,21.45,15.57,27.25,356.5,0,43.76,3.63
2013,20,20.97,15.4,26.66,353.82,0,53.2,4.18
2013,21,20.88,14.6,26.14,356.25,0,51.04,4.37
2013,22,20.5,16.16,24.79,235.94,0,54.3,4.54
2013,23,20.05,16.04,24.84,262.47,0,65.03,4.02
2013,24,20.01,14.81,25.45,300.24,0,64.15,4.56
2013,25,20.9,14.87,26.58,352.5,0,58.19,4.1
2013,26,18.93,14.78,24.08,340.3,1.72,63.2328,3.64
2013,27,18.93,14.78,24.08,340.3,1.72,63.253312,3.64
2013,28,18.93,14.78,24.08,340.3,1.72,62.87504448,3.64
2013,29,18.93,14.78,24.08,340.3,1.72,61.87884626,3.64
2013,30,18.93,14.78,24.08,340.3,1.72,60.78400011,3.64
2013,31,18.93,14.78,24.08,340.3,1.72,60.11856011,3.64
2013,32,18.93,14.78,24.08,340.3,1.72,60.24690252,3.64
2013,33,18.93,14.78,24.08,340.3,1.72,60.23917862,3.64
2013,34,18.93,14.78,24.08,340.3,1.72,59.71794576,3.64
2013,35,18.93,14.78,24.08,340.3,1.72,59.10746359,3.64
2013,36,18.93,14.78,24.08,340.3,1.72,58.52056214,3.64
2013,37,18.93,14.78,24.08,340.3,1.72,58.05858462,3.64
2013,38,18.93,14.78,24.08,340.3,1.72,57.80692801,3.64
2013,39,18.93,14.78,24.08,340.3,1.72,57.79960513,3.64
2013,40,18.93,14.78,24.08,340.3,1.72,57.80438933,3.64
2013,41,18.93,14.78,24.08,340.3,1.72,57.98896491,3.64
2013,42,18.93,14.78,24.08,340.3,1.72,57.9705235,3.64
2013,43,18.93,14.78,24.08,340.3,1.72,57.84534444,3.64
2013,44,18.93,14.78,24.08,340.3,1.72,58.59675822,3.64
2013,45,18.93,14.78,24.08,340.3,1.72,59.19022855,3.64
2013,46,18.93,14.78,24.08,340.3,1.72,59.42983769,3.64
2013,47,18.93,14.78,24.08,340.3,1.72,59.7654312,3.64
2013,48,18.93,14.78,24.08,340.3,1.72,59.98404845,3.64
2013,49,18.93,14.78,24.08,340.3,1.72,59.78221039,3.64
2013,50,18.93,14.78,24.08,340.3,1.72,59.6074988,3.64
2013,51,18.93,14.78,24.08,340.3,1.72,59.66419875,3.64
2013,52,18.93,14.78,24.08,340.3,1.72,59.5214547,3.64
2013,53,18.93,14.78,24.08,340.3,1.72,59.37218041,3.64
2013,54,18.93,14.78,24.08,340.3,1.72,59.23206585,3.64
2013,55,18.93,14.78,24.08,340.3,1.72,59.12619463,3.64
2013,56,18.93,14.78,24.08,340.3,1.72,59.05988241,3.64
2013,57,18.93,14.78,24.08,340.3,1.72,59.01753531,3.64
2013,58,18.93,14.78,24.08,340.3,1.72,58.96836062,3.64
2013,59,18.93,14.78,24.08,340.3,1.72,58.9175279,3.64
2013,60,18.93,14.78,24.08,352.06,1.72,58.88551118,3.47
2013,61,18.93,14.78,24.08,352.06,1.72,58.87663309,3.47
2013,62,18.93,14.78,24.08,352.06,1.72,58.89087592,3.47
2013,63,18.93,14.78,24.08,352.06,1.72,58.92416758,3.47
2013,64,18.93,14.78,24.08,352.06,1.72,58.96885716,3.47
2013,65,18.93,14.78,24.08,352.06,1.72,59.01562724,3.47
2013,66,18.93,14.78,24.08,352.06,1.72,59.06407676,3.47
2013,67,18.93,14.78,24.08,352.06,1.72,59.10708123,3.47
2013,68,18.93,14.78,24.08,352.06,1.72,59.15254354,3.47
2013,69,18.93,14.78,24.08,352.06,1.72,59.2048315,3.47
2013,70,18.93,14.78,24.08,352.06,1.72,59.22915443,3.47
2013,71,18.93,14.78,24.08,352.06,1.72,59.23071147,3.47
2013,72,18.93,14.78,24.08,352.06,1.72,59.22274642,3.47
2013,73,18.93,14.78,24.08,352.06,1.72,59.20103903,3.47
2013,74,18.93,14.78,24.08,352.06,1.72,59.16971865,3.47
2013,75,18.93,14.78,24.08,352.06,1.72,59.14521898,3.47
2013,76,18.93,14.78,24.08,352.06,1.72,59.12672779,3.47
2013,77,18.93,14.78,24.08,352.06,1.72,59.10522895,3.47
2013,78,18.93,14.78,24.08,352.06,1.72,59.08857992,3.47
2013,79,18.93,14.78,24.08,352.06,1.72,59.0772359,3.47
2013,80,18.93,14.78,24.08,352.06,1.72,59.07104271,3.47
2013,81,18.93,14.78,24.08,352.06,1.72,59.06883663,3.47
2013,82,18.93,14.78,24.08,352.06,1.72,59.0691948,3.47
2013,83,18.93,14.78,24.08,352.06,1.72,59.07126118,3.47
2013,84,18.93,14.78,24.08,352.06,1.72,59.0753772,3.47
2013,85,18.93,14.78,24.08,352.06,1.72,59.08169117,3.47
2013,86,18.93,14.78,24.08,352.06,1.72,59.08953837,3.47
2013,87,18.93,14.78,24.08,352.06,1.72,59.09805458,3.47
2013,88,18.93,14.78,24.08,352.06,1.72,59.10634173,3.47
2013,89,18.93,14.78,24.08,352.06,1.72,59.11362869,3.47
2013,90,18.93,14.78,24.08,352.06,1.72,59.11941956,3.47
2013,91,18.93,14.78,24.08,352.06,1.72,59.12357125,3.47
2013,92,18.93,14.78,24.08,352.06,1.72,59.12595103,3.47
2013,93,18.93,14.78,24.08,352.06,1.72,59.12670582,3.47
2013,94,18.93,14.78,24.08,352.06,1.72,59.12567231,3.47
2013,95,18.93,14.78,24.08,352.06,1.72,59.12250594,3.47
2013,96,18.93,14.78,24.08,352.06,1.72,59.11824,3.47
2013,97,18.93,14.78,24.08,352.06,1.72,59.11374114,3.47
2013,98,18.93,14.78,24.08,352.06,1.72,59.10938093,3.47
2013,99,18.93,14.78,24.08,352.06,1.72,59.10571461,3.47
2013,100,18.93,14.78,24.08,352.06,1.72,59.10315445,3.47
2013,101,18.93,14.78,24.08,352.06,1.72,59.10147187,3.47
2013,102,18.93,14.78,24.08,352.06,1.72,59.10046163,3.47
2013,103,18.93,14.78,24.08,352.06,1.72,59.10027094,3.47
2013,104,18.93,14.78,24.08,352.06,1.72,59.10073858,3.47
2013,105,18.93,14.78,24.08,352.06,1.72,59.10167868,3.47
2013,106,18.93,14.78,24.08,352.06,1.72,59.10290412,3.47
2013,107,18.93,14.78,24.08,352.06,1.72,59.10426682,3.47
2013,108,18.93,14.78,24.08,352.06,1.72,59.1056697,3.47
2013,109,22.3,22.3,22.3,352.06,0,64.7,3.47
2013,110,21.07,17,24.09,352.06,0,71.13,3.74
2013,111,20.16,17.07,25.36,352.06,1,80.23,2.82
2013,112,18.06,16.81,19.59,352.06,17.06,92.29,2.83
2013,113,19.19,15.33,23.64,352.06,0,80.92,2.44
2013,114,20.13,17.32,24.31,352.06,0,81.88,2.65
2013,115,18.92,15.95,22.83,352.06,5.1,86.61,2.42
2013,116,18.55,16.41,22.86,352.06,35,89.17,1.62
2013,117,19.06,15.7,23.06,352.06,0.1,80.9,2.39
2013,118,17.85,16.69,20.08,352.06,11.7,90.83,2.03
2013,119,18.04,15.51,21.49,352.06,0,85.63,2.1
2013,120,18.66,16.79,22.47,352.06,14.3,87.36,2.18
2013,121,18.02,16.16,20.28,352.06,22.6,89.17,2.66
2013,122,18.54,14.62,22.18,352.06,0.6,84.6,2.64
2013,123,18.27,16.54,21.52,352.06,0.1,89.09,3.64
2013,124,18.61,15.12,23.36,352.06,0,83.58,1.96
2013,125,18.67,14.48,23.52,352.06,0,82.14,2.29
2013,126,18.86,15.23,23.42,352.06,0,82.42,2.8
2013,127,18.79,15.61,23.07,352.06,0,83.04,2.71
2013,128,19.09,15.8,23.44,352.06,0,81.1,2.44
2013,129,18.17,16.24,21.58,352.06,0.1,86.29,3.69
2013,130,18.56,16.06,22.68,352.06,0,81.82,3.32
2013,131,18.15,15.1,22.15,352.06,0,82.4,3.2
2013,132,18.06,14.02,23.32,352.06,0,80.69,2.41
2013,133,19.24,15.48,24.25,352.06,0,80.52,2.45
2013,134,19.23,16.33,24.04,352.06,0,79.02,3.41
2013,135,18.59,14.77,23.4,352.06,0,80.56,2.58
2013,136,18.6,14.35,23.74,352.06,0,75.81,2.95
2013,137,19.07,15.98,23.06,352.06,0,78.16,2.98
2013,138,18.29,13.91,22.89,352.06,0,81.01,2.73
2013,139,18.37,14.63,23.8,352.06,0,79.61,2.45
2013,140,19.41,13.13,26.12,352.06,0,72.85,2.35
2013,141,19.27,13.3,24.7,352.06,0,73.65,2.67
2013,142,19.83,15.97,25.45,352.06,0,76.68,2.49
2013,143,19.78,16.04,24.78,352.06,0,77.59,3.21
2013,144,18.99,14.96,23.77,352.06,0,73.95,3.17
2013,145,19.11,14.58,23.87,352.06,0,72.29,3.33
2013,146,18,14.1,22.59,352.06,0,75.42,3.35
2013,147,16.64,12.72,21.05,352.06,0.3,82.01,3.15
2013,148,17.5,14.02,22.45,352.06,0.1,80.72,3.26
2013,149,16.53,14.07,19.75,352.06,2.6,89.1,3.74
2013,150,17.26,13.76,20.82,352.06,0,82.09,2.58
2013,151,18.19,15.48,23.03,165.37,0,78.43,2.52
2013,152,19.1,14.83,24.04,252.18,0,74.88,3.37
2013,153,19.11,15.58,23.99,273.08,2.6,76.13,3.6
2013,154,18,14.69,22.03,69.78,0,80.43,3.46
2013,155,17.66,13.89,22.83,199.47,0,79.68,3.11
2013,156,19.15,14.11,24.66,306.03,0,72.1,2.52
2013,157,18.83,15.25,23.88,200.96,0.2,76.26,3.01
2013,158,18.95,13.44,24.91,360.35,0,62.02,2.54
2013,159,19.36,12.31,26.04,365.95,0,64.25,2.55
2013,160,18.79,15.88,23.8,229.63,0,75.18,3.93
2013,161,18.3,13.62,24.32,251.44,0,74.56,2.85
2013,162,19.59,14.98,24.61,351.39,0,63.15,2.73
2013,163,19.64,14.92,24.48,241.6,0.2,63.95,2.52
2013,164,17.84,13.52,22.29,190.26,0,74.48,2.64
2013,165,18.81,14.98,25.01,245.06,0,78.03,2.24
2013,166,17.89,14.88,21.55,141.38,0,77.07,2.1
2013,167,18.54,14.65,23.95,188.56,0,74.76,2.65
2013,168,16.83,14.59,19.37,54.07,0,80.78,3.03
2013,169,17.38,13.35,22.42,172.24,0,74.23,2.81
2013,170,17.84,12.97,22.96,224.37,0,73.04,2.49
2013,171,18.42,14.65,22.7,138.18,0,77.27,2.83
2013,172,17.83,15.91,20.93,191.66,0,79.93,3.14
2013,173,17.11,14.77,20.05,117.71,0,78.53,2.92
2013,174,16.87,15.44,18.65,61.62,0,81.36,3.27
2013,175,17.72,14.23,22.8,198.47,0,69.59,2.7
2013,176,18.16,13.41,24.21,249.27,0,60.96,2.39
2013,177,16.67,13.5,21.31,115.2,0,76.59,2.67
2013,178,16.59,13.91,20.48,94.91,0,79.69,2.63
2013,179,17.33,12.34,22.77,236.09,0,73.82,2.46
2013,180,16.34,13.54,19.66,114.41,0,79.4,2.51
2013,181,17.5,14.71,21.1,109.4,0,75.77,3.1
2013,182,17.09,14.5,20.39,26.13,0,79.28,3.5
2013,183,16.91,14.71,19.95,85.05,0,75.76,3.45
2013,184,17.14,13.46,21.06,61.39,0,73.3,3.53
2013,185,16.5,13.97,19.82,167.11,0,73.98,3.97
2013,186,15.27,12.43,18.94,12.18,0,79.14,2.19
2013,187,18.06,15.84,19.51,95.63,0,66.31,4.78
2013,188,16.23,14.2,18.34,100.56,0,71.89,4.13
2013,189,16.26,12.37,20.81,159.02,0,72.12,3.26
2013,190,16.77,11.2,23.56,248.11,0,72.19,2.32
2013,191,18.69,10.53,26.26,315.31,0,65.96,2.48
2013,192,18.73,13.05,25.43,289.71,0,67.15,2.61
2013,193,16.82,13.68,20.29,189.55,0,74.61,3
2013,194,16.93,12.67,20.86,192.7,0,72.44,3.07
2013,195,18.08,13.39,23.37,212.77,0,65.2,3.12
2013,196,17.13,12.58,22.48,132.91,0,70.3,2.48
2013,197,16.52,12.53,20.62,203.16,0,72.56,2.49
2013,198,15.86,11.93,19.8,67.65,0,73.96,2.59
2013,199,16.31,12.25,21.51,91.4,0,71.79,3.25
2013,200,16.74,12.41,21.45,65.78,0,73.66,2.79
2013,201,18.82,12.14,25.91,312.23,0,61.97,2.95
2013,202,18.53,13.18,24.25,317.92,0,62.06,3.24
2013,203,17.85,14.49,22.47,64.01,0,70.11,3.15
2013,204,17.62,14.85,21.88,183.78,0,74.82,3.76
2013,205,17.38,13.13,21.38,87.99,0,73.91,2.7
2013,206,18.01,15.6,22.06,164.12,0,74.49,3.37
2013,207,16.77,14.22,22.16,164.8,0,75.2,3.05
2013,208,16.96,12.3,21.48,97.12,0,71.97,2.7
2013,209,16.78,14.6,20.27,100.08,0,75.65,3.99
2013,210,16.67,13.6,21.41,84.46,0,77.88,2.76
2013,211,17.75,12.74,24.26,309.83,0,75.95,2.78
2013,212,18.63,12.91,25.69,320.4,0,71.32,2.99
2013,213,17.26,14.02,21.61,108.1,0,75.7,3.71
2013,214,17.03,13.91,20.32,245.22,0.1,76.65,5.05
2013,215,15.78,15.4,16.35,340.3,0,84.12,3.86
2013,216,18.93,14.78,24.08,340.3,1.72,77.88,3.64
2013,217,18.93,14.78,24.08,340.3,1.72,75.95,3.64
2013,218,18.93,14.78,24.08,340.3,1.72,71.32,3.64
2013,219,18.93,14.78,24.08,340.3,1.72,75.7,3.64
2013,220,19.19,16.1,22.77,340.3,0,60.43,3.98
2013,221,16.3,14.35,19.47,99.72,1.5,82.14,3.25
2013,222,17.41,14.54,21.9,340.3,0,74.2,3.32
2013,223,17.26,13.47,21.84,340.3,0,70.81,2.72
2013,224,16.43,11.83,22.03,340.3,0,69.39,2.8
2013,225,17.57,11.74,23.44,340.3,0,67.25,3.53
2013,226,18.23,12.32,24.09,340.3,0,66.17,3.32
2013,227,19.11,13.96,24.68,340.3,0,69.91,3.56
2013,228,18.74,15.68,22.93,340.3,0,69.27,3.69
2013,229,18.19,14.99,22.6,340.3,0,70.44,3.82
2013,230,17.99,14.35,23.52,340.3,0,68.34,4.51
2013,231,18.84,13.73,25.12,340.3,0,60.16,3.04
2013,232,19.25,12.04,25.81,340.3,0,51.77,3.25
2013,233,19.13,12.72,24.83,340.3,0,55.64,3.8
2013,234,20.08,15.13,25.93,340.3,0,60.22,3.34
2013,235,18.24,12.75,24.9,278.29,0,66.35,3.65
2013,236,18.13,13.52,24.14,286.17,0,67.29,3.42
2013,237,18.43,12.48,24.75,339.26,0,67.22,3.85
2013,238,19.73,14.79,25.96,370.39,0,61.21,3.94
2013,239,19.43,14.24,26.09,348.37,0,62.14,3.64
2013,240,18.38,14.17,23.01,204.73,0,66.11,4.3
2013,241,18.08,13.66,22.52,203.21,0,65.33,4.51
2013,242,18.02,15.12,21.84,184.28,0,72.23,4.32
2013,243,18.07,15.24,22.71,132.61,0,72.33,3.66
2013,244,18.87,15.46,23.51,134.25,0,70.98,3.71
2013,245,18.68,15.53,23.49,177.46,0,71.85,3.22
2013,246,18.9,12.73,25.89,309.28,0,65.73,3.63
2013,247,18.78,14.35,24.48,183.69,0,65.77,3.56
2013,248,19.63,13.74,25.63,239.41,0,65.78,3.22
2013,249,20.42,13.62,26.98,276.93,0,59.99,2.42
2013,250,18.55,15.47,24.24,183.01,23.2,79.81,2.36
2013,251,17.83,15.35,20.88,216.31,1.5,84.97,3.37
2013,252,17.63,15.18,20.3,237.69,0,79.53,3.56
2013,253,18.7,13.12,24.8,304.84,0,69.46,3.47
2013,254,19.63,15.06,25.4,286.39,0,68.96,3.1
2013,255,20.1,15.27,26.39,311.18,0,70.71,2.69
2013,256,18.54,15.58,23.43,212.37,0,78.29,3.58
2013,257,19.3,15.09,24.61,303.08,0,61.66,4.59
2013,258,18.25,15.11,22.31,305.08,0,70.57,3.47
2013,259,19.19,13.58,25.41,335.8,0,67.65,3.06
2013,260,20.08,15.78,27.18,352.88,7.9,69.76,3.16
2013,261,19.27,15.2,24.9,296.61,0,71.05,3.53
2013,262,19.43,14.03,24.85,321.49,0,70.28,3.57
2013,263,20.13,15.04,27.25,425.01,0,68.7,2.81
2013,264,20.11,14.46,26.74,335.61,0,68.67,3.61
2013,265,20.33,15.96,25.85,292.61,0,63.45,4.06
2013,266,19.54,15.6,24.75,214.41,0,65.68,4.21
2013,267,18.87,16.08,24.31,306.57,0,72.24,4.2
2013,268,20.51,14.71,27.22,310.98,0,58.63,3.17
2013,269,20.23,13.96,27.28,291.16,0,64.9,2.78
2013,270,20.27,14.8,26.27,303.74,0,67.24,3.51
2013,271,18.89,16.03,22.69,79.8,0,71.98,3.83
2013,272,19.89,13.95,26.59,315.98,0,67.54,3.7
2013,273,19.74,15.23,26.4,221.85,0,71.17,4.05
2013,274,20.87,16.39,27.58,279.48,0,66.11,3.52
2013,275,20.79,14.59,27.58,290.74,0,61.65,3.22
2013,276,18.98,12.25,25.45,355.89,0,61.51,3.36
2013,277,17.97,16.28,21.07,340.3,0,79.37,4.62
2013,278,18.71,15.17,23.32,340.3,0.1,73.05,3.82
2013,279,20.09,15.8,26.43,340.3,0,67.62,4.09
2013,280,20.12,14.92,26.08,340.3,0,59.02,3.57
2013,281,20.74,13.07,27.9,340.3,0,56.38,3.34
2013,282,21.15,14.46,27.94,340.3,0,61.27,4.24
2013,283,20.8,16.31,27.4,340.3,0,66.42,5.2
2013,284,20.65,14.57,26.53,340.3,0,61.27,4.42
2013,285,21.22,14.61,27.95,29.44,0,58.16,4.01
2013,286,22.07,14.44,29.04,427.23,0,57.17,3.61
2013,287,22.09,16.24,28.14,428.3,0,64.39,5.2
2013,288,21.94,17.65,27.56,348.26,0,67.16,5.57
2013,289,20.65,16.41,25.56,391.86,0.5,73,4.75
2013,290,20.59,17,26.7,287.02,0.1,72.18,3.44
2013,291,21.14,17.4,25.88,391.89,0,71.74,4.22
2013,292,19.67,16.88,24.57,333,0.9,79.34,4.75
2013,293,19.63,14.75,24.34,333.2,0,70.86,3.97
2013,294,20.13,15.77,25.43,317.38,0,68.67,4.18
2013,295,21.29,16.21,26.31,335.48,0,56.17,3.38
2013,296,20.92,15.51,26.96,386.79,0,56.58,3.52
2013,297,21.26,15.27,26.84,361.83,0,62.73,3.41
2013,298,21.43,17.08,26.31,373.89,0,67.31,4.54
2013,299,19.75,16.89,24.27,302.02,1.9,76.47,4.64
2013,300,19.99,16.11,24.47,275.17,0,70.49,3.55
2013,301,20.44,15.29,26.18,299.92,0,67.55,3.87
2013,302,20.44,16.2,25.09,293.17,0,66.86,3.74
2013,303,19.84,16.07,25.11,320.12,0,72.71,4.13
2013,304,19.58,16.66,24.13,286.44,4.5,78.4,4.26
2013,305,20.19,15.98,25.04,301.58,0,72.37,3.77
2013,306,18.89,16.55,22.21,304.4,32.9,85.22,3.63
2013,307,18.28,16.62,22.5,326.5,8.3,88.67,3.3
2013,308,18.22,15.53,21.34,294.16,8.6,84.66,3.2
2013,309,18.8,16.42,23.16,313,7.2,85.41,3
2013,310,19.32,16.17,24.13,442.3,28.39,81.98,3.32
2013,311,19.12,15.6,23.81,471.37,35.8,82.53,2.9
2013,312,18.59,16.89,21.94,329.38,3.1,88.16,3.48
2013,313,19.14,15.53,23.06,388.75,0,78.03,3.7
2013,314,18.8,16.01,22.5,265.7,17.8,85.21,3.72
2013,315,18.04,15.14,21.42,278.59,11.1,87.17,4.04
2013,316,18.82,16.5,23.13,342.78,4.4,86.05,3.73
2013,317,18.97,16.48,22.72,418.36,3.9,87.41,4.58
2013,318,18.57,16.33,23.09,332.43,22.2,89.79,2.51
2013,319,18.42,16.63,22.5,327.11,5.7,89.16,3.26
2013,320,18.56,16.26,22.07,379.33,6.6,87.77,3.73
2013,321,18.58,16.27,22.19,301.92,2.5,87.67,3.39
2013,322,19.16,16.24,23.04,360.37,1.74,82.42,3.52
2013,323,19.33,16.45,23.33,426.02,1.4,82.05,3.47
2013,324,18.81,15.89,23.3,398.04,0.4,85.17,3.46
2013,325,18.89,16.91,22.18,319.64,14.2,87.74,3.58
2013,326,18.29,16.52,21.89,360.61,8.7,91.68,4.05
2013,327,18.41,16.01,21.81,332.88,3.6,87.89,4.08
2013,328,18.6,16.2,22.59,392.39,9,87.44,3.59
2013,329,18.63,16.17,22.4,319.92,6.8,87.22,2.76
2013,330,18.31,15.64,21.96,339,8.4,89.85,3.28
2013,331,19.47,15.78,24.04,471.51,2.6,77.23,3.81
2013,332,19.07,16.67,23.43,349.55,0,83.95,3.15
2013,333,19.54,16.52,23.98,498.21,0,75.99,3.76
2013,334,19.2,15.46,23.4,483.41,0,72.17,3.74
2013,335,19.08,14.87,23.94,461.96,0,71.36,3.2
2013,336,19.51,14.76,24.39,411.98,0,75.32,3.14
2013,337,19.26,16.65,23.41,401.68,0,82.54,3.88
2013,338,18.98,15.93,23.5,363.5,0,80.18,3.54
2013,339,19.21,15.7,24.03,404.09,0,75.45,2.89
2013,340,19.08,16.36,23.58,383.18,0,79.45,2.86
2013,341,19.16,13.78,24.68,473.77,0,76.59,2.78
2013,342,19.31,14.63,24.83,446.49,0,70.69,2.85
2013,343,18.69,14.4,23.86,398.57,0,78.08,2.72
2013,344,19.39,16.5,23.57,397.26,0.8,80.59,4.16
2013,345,19.18,15.52,23.85,396.18,0.1,80.1,3.6
2013,346,19.24,15,24.28,353.75,0,81.24,2.85
2013,347,19.64,15.87,24.75,349.7,0,82.55,2.64
2013,348,19.65,17.22,23.88,355.75,0.1,85.12,3.01
2013,349,18.97,16.04,22.86,373.16,4.7,87.32,4.19
2013,350,18.27,16.3,21.59,235.59,0,85.91,4.21
2013,351,18.93,15.66,23.38,376.45,0,79.05,3.99
2013,352,18.79,15.6,23.31,400.29,0.1,80.3,3.54
2013,353,19.29,16.03,23.73,350.94,0,76.19,2.57
2013,354,18.81,14.53,23.85,403.15,0,78.18,2.74
2013,355,19.55,15.62,24.47,407.99,0,74.8,3.57
2013,356,19.31,15.92,23.7,323.94,2.2,83.67,3.45
2013,357,18.94,16.36,23.24,309.77,6.7,86.91,3.82
2013,358,20.22,16.91,24.8,409.78,0.7,81.63,3.41
2013,359,20.3,17.16,25.01,417.6,0,83.61,3.95
2013,360,18.96,16.81,22.36,248.07,0.6,86.86,4.58
2013,361,18.91,14.84,23.14,434.42,0,73.13,3.85
2013,362,19.96,15.72,24.86,444.77,0,68.75,3.05
2013,363,20.22,15.6,25.2,410.62,0,77.61,2.63
2013,364,20.21,16.76,25.21,330.63,0,81.03,3.1
2013,365,20.6,17.19,25.44,386.32,0,78.05,2.63
2014,1,19.25,14.12,24.18,280.23,0,62.72,4.63
2014,2,17.98,13.75,23.01,211.09,0.1,72.71,4.88
2014,3,17.25,15.45,20.82,214.32,10.62,87.78,5.48
2014,4,16.94,15.21,19.18,103.83,4.8,89.25,4.65
2014,5,17.62,14.54,21.55,274.51,0.2,77.42,4.38
2014,6,19.42,13.57,24.66,376.05,0,56.91,3.87
2014,7,19.6,14.23,24.56,355.46,0,60.44,4.2
2014,8,19.01,13.81,24.6,361.29,0,73.27,4.48
2014,9,19.48,16.27,24.33,277.82,0,74.98,5.09
2014,10,19.17,15.9,23.54,312.8,0,73.78,4.69
2014,11,19.18,14.34,24.06,300.67,0,70.07,4.13
2014,12,19.84,14.59,25.32,365.58,0,64.35,4.95
2014,13,19.68,13.39,25.11,359.62,0,57.99,4.46
2014,14,19.45,13.8,24.51,341.86,0,57.68,3.85
2014,15,19.78,13.98,24.89,349.03,0,53.19,4.17
2014,16,19.6,14.32,24.98,347.23,0,58.45,4.01
2014,17,19.44,13.62,24.81,280.46,0,61.1,4.05
2014,18,21.2,14.54,27.44,350.85,0,39.06,3.88
2014,19,21.45,15.57,27.25,356.5,0,43.76,3.63
2014,20,20.97,15.4,26.66,353.82,0,53.2,4.18
2014,21,20.88,14.6,26.14,356.25,0,51.04,4.37
2014,22,20.5,16.16,24.79,235.94,0,54.3,4.54
2014,23,20.05,16.04,24.84,262.47,0,65.03,4.02
2014,24,20.01,14.81,25.45,300.24,0,64.15,4.56
2014,25,20.9,14.87,26.58,352.5,0,58.19,4.1
2014,26,18.93,14.78,24.08,340.3,1.72,63.2328,3.64
2014,27,18.93,14.78,24.08,340.3,1.72,63.253312,3.64
2014,28,18.93,14.78,24.08,340.3,1.72,62.87504448,3.64
2014,29,18.93,14.78,24.08,340.3,1.72,61.87884626,3.64
2014,30,18.93,14.78,24.08,340.3,1.72,60.78400011,3.64
2014,31,18.93,14.78,24.08,340.3,1.72,60.11856011,3.64
2014,32,18.93,14.78,24.08,340.3,1.72,60.24690252,3.64
2014,33,18.93,14.78,24.08,340.3,1.72,60.23917862,3.64
2014,34,18.93,14.78,24.08,340.3,1.72,59.71794576,3.64
2014,35,18.93,14.78,24.08,340.3,1.72,59.10746359,3.64
2014,36,18.93,14.78,24.08,340.3,1.72,58.52056214,3.64
2014,37,18.93,14.78,24.08,340.3,1.72,58.05858462,3.64
2014,38,18.93,14.78,24.08,340.3,1.72,57.80692801,3.64
2014,39,18.93,14.78,24.08,340.3,1.72,57.79960513,3.64
2014,40,18.93,14.78,24.08,340.3,1.72,57.80438933,3.64
2014,41,18.93,14.78,24.08,340.3,1.72,57.98896491,3.64
2014,42,18.93,14.78,24.08,340.3,1.72,57.9705235,3.64
2014,43,18.93,14.78,24.08,340.3,1.72,57.84534444,3.64
2014,44,18.93,14.78,24.08,340.3,1.72,58.59675822,3.64
2014,45,18.93,14.78,24.08,340.3,1.72,59.19022855,3.64
2014,46,18.93,14.78,24.08,340.3,1.72,59.42983769,3.64
2014,47,18.93,14.78,24.08,340.3,1.72,59.7654312,3.64
2014,48,18.93,14.78,24.08,340.3,1.72,59.98404845,3.64
2014,49,18.93,14.78,24.08,340.3,1.72,59.78221039,3.64
2014,50,18.93,14.78,24.08,340.3,1.72,59.6074988,3.64
2014,51,18.93,14.78,24.08,340.3,1.72,59.66419875,3.64
2014,52,18.93,14.78,24.08,340.3,1.72,59.5214547,3.64
2014,53,18.93,14.78,24.08,340.3,1.72,59.37218041,3.64
2014,54,18.93,14.78,24.08,340.3,1.72,59.23206585,3.64
2014,55,18.93,14.78,24.08,340.3,1.72,59.12619463,3.64
2014,56,18.93,14.78,24.08,340.3,1.72,59.05988241,3.64
2014,57,18.93,14.78,24.08,340.3,1.72,59.01753531,3.64
2014,58,18.93,14.78,24.08,340.3,1.72,58.96836062,3.64
2014,59,18.93,14.78,24.08,340.3,1.72,58.9175279,3.64
2014,60,18.93,14.78,24.08,352.06,1.72,58.88551118,3.47
2014,61,18.93,14.78,24.08,352.06,1.72,58.87663309,3.47
2014,62,18.93,14.78,24.08,352.06,1.72,58.89087592,3.47
2014,63,18.93,14.78,24.08,352.06,1.72,58.92416758,3.47
2014,64,18.93,14.78,24.08,352.06,1.72,58.96885716,3.47
2014,65,18.93,14.78,24.08,352.06,1.72,59.01562724,3.47
2014,66,18.93,14.78,24.08,352.06,1.72,59.06407676,3.47
2014,67,18.93,14.78,24.08,352.06,1.72,59.10708123,3.47
2014,68,18.93,14.78,24.08,352.06,1.72,59.15254354,3.47
2014,69,18.93,14.78,24.08,352.06,1.72,59.2048315,3.47
2014,70,18.93,14.78,24.08,352.06,1.72,59.22915443,3.47
2014,71,18.93,14.78,24.08,352.06,1.72,59.23071147,3.47
2014,72,18.93,14.78,24.08,352.06,1.72,59.22274642,3.47
2014,73,18.93,14.78,24.08,352.06,1.72,59.20103903,3.47
2014,74,18.93,14.78,24.08,352.06,1.72,59.16971865,3.47
2014,75,18.93,14.78,24.08,352.06,1.72,59.14521898,3.47
2014,76,18.93,14.78,24.08,352.06,1.72,59.12672779,3.47
2014,77,18.93,14.78,24.08,352.06,1.72,59.10522895,3.47
2014,78,18.93,14.78,24.08,352.06,1.72,59.08857992,3.47
2014,79,18.93,14.78,24.08,352.06,1.72,59.0772359,3.47
2014,80,18.93,14.78,24.08,352.06,1.72,59.07104271,3.47
2014,81,18.93,14.78,24.08,352.06,1.72,59.06883663,3.47
2014,82,18.93,14.78,24.08,352.06,1.72,59.0691948,3.47
2014,83,18.93,14.78,24.08,352.06,1.72,59.07126118,3.47
2014,84,18.93,14.78,24.08,352.06,1.72,59.0753772,3.47
2014,85,18.93,14.78,24.08,352.06,1.72,59.08169117,3.47
2014,86,18.93,14.78,24.08,352.06,1.72,59.08953837,3.47
2014,87,18.93,14.78,24.08,352.06,1.72,59.09805458,3.47
2014,88,18.93,14.78,24.08,352.06,1.72,59.10634173,3.47
2014,89,18.93,14.78,24.08,352.06,1.72,59.11362869,3.47
2014,90,18.93,14.78,24.08,352.06,1.72,59.11941956,3.47
2014,91,18.93,14.78,24.08,352.06,1.72,59.12357125,3.47
2014,92,18.93,14.78,24.08,352.06,1.72,59.12595103,3.47
2014,93,18.93,14.78,24.08,352.06,1.72,59.12670582,3.47
2014,94,18.93,14.78,24.08,352.06,1.72,59.12567231,3.47
2014,95,18.93,14.78,24.08,352.06,1.72,59.12250594,3.47
2014,96,18.93,14.78,24.08,352.06,1.72,59.11824,3.47
2014,97,18.93,14.78,24.08,352.06,1.72,59.11374114,3.47
2014,98,18.93,14.78,24.08,352.06,1.72,59.10938093,3.47
2014,99,18.93,14.78,24.08,352.06,1.72,59.10571461,3.47
2014,100,18.93,14.78,24.08,352.06,1.72,59.10315445,3.47
2014,101,18.93,14.78,24.08,352.06,1.72,59.10147187,3.47
2014,102,18.93,14.78,24.08,352.06,1.72,59.10046163,3.47
2014,103,18.93,14.78,24.08,352.06,1.72,59.10027094,3.47
2014,104,18.93,14.78,24.08,352.06,1.72,59.10073858,3.47
2014,105,18.93,14.78,24.08,352.06,1.72,59.10167868,3.47
2014,106,18.93,14.78,24.08,352.06,1.72,59.10290412,3.47
2014,107,18.93,14.78,24.08,352.06,1.72,59.10426682,3.47
2014,108,18.93,14.78,24.08,352.06,1.72,59.1056697,3.47
2014,109,22.3,22.3,22.3,352.06,0,64.7,3.47
2014,110,21.07,17,24.09,352.06,0,71.13,3.74
2014,111,20.16,17.07,25.36,352.06,1,80.23,2.82
2014,112,18.06,16.81,19.59,352.06,17.06,92.29,2.83
2014,113,19.19,15.33,23.64,352.06,0,80.92,2.44
2014,114,20.13,17.32,24.31,352.06,0,81.88,2.65
2014,115,18.92,15.95,22.83,352.06,5.1,86.61,2.42
2014,116,18.55,16.41,22.86,352.06,35,89.17,1.62
2014,117,19.06,15.7,23.06,352.06,0.1,80.9,2.39
2014,118,17.85,16.69,20.08,352.06,11.7,90.83,2.03
2014,119,18.04,15.51,21.49,352.06,0,85.63,2.1
2014,120,18.66,16.79,22.47,352.06,14.3,87.36,2.18
2014,121,18.02,16.16,20.28,352.06,22.6,89.17,2.66
2014,122,18.54,14.62,22.18,352.06,0.6,84.6,2.64
2014,123,18.27,16.54,21.52,352.06,0.1,89.09,3.64
2014,124,18.61,15.12,23.36,352.06,0,83.58,1.96
2014,125,18.67,14.48,23.52,352.06,0,82.14,2.29
2014,126,18.86,15.23,23.42,352.06,0,82.42,2.8
2014,127,18.79,15.61,23.07,352.06,0,83.04,2.71
2014,128,19.09,15.8,23.44,352.06,0,81.1,2.44
2014,129,18.17,16.24,21.58,352.06,0.1,86.29,3.69
2014,130,18.56,16.06,22.68,352.06,0,81.82,3.32
2014,131,18.15,15.1,22.15,352.06,0,82.4,3.2
2014,132,18.06,14.02,23.32,352.06,0,80.69,2.41
2014,133,19.24,15.48,24.25,352.06,0,80.52,2.45
2014,134,19.23,16.33,24.04,352.06,0,79.02,3.41
2014,135,18.59,14.77,23.4,352.06,0,80.56,2.58
2014,136,18.6,14.35,23.74,352.06,0,75.81,2.95
2014,137,19.07,15.98,23.06,352.06,0,78.16,2.98
2014,138,18.29,13.91,22.89,352.06,0,81.01,2.73
2014,139,18.37,14.63,23.8,352.06,0,79.61,2.45
2014,140,19.41,13.13,26.12,352.06,0,72.85,2.35
2014,141,19.27,13.3,24.7,352.06,0,73.65,2.67
2014,142,19.83,15.97,25.45,352.06,0,76.68,2.49
2014,143,19.78,16.04,24.78,352.06,0,77.59,3.21
2014,144,18.99,14.96,23.77,352.06,0,73.95,3.17
2014,145,19.11,14.58,23.87,352.06,0,72.29,3.33
2014,146,18,14.1,22.59,352.06,0,75.42,3.35
2014,147,16.64,12.72,21.05,352.06,0.3,82.01,3.15
2014,148,17.5,14.02,22.45,352.06,0.1,80.72,3.26
2014,149,16.53,14.07,19.75,352.06,2.6,89.1,3.74
2014,150,17.26,13.76,20.82,352.06,0,82.09,2.58
2014,151,18.19,15.48,23.03,165.37,0,78.43,2.52
2014,152,19.1,14.83,24.04,252.18,0,74.88,3.37
2014,153,19.11,15.58,23.99,273.08,2.6,76.13,3.6
2014,154,18,14.69,22.03,69.78,0,80.43,3.46
2014,155,17.66,13.89,22.83,199.47,0,79.68,3.11
2014,156,19.15,14.11,24.66,306.03,0,72.1,2.52
2014,157,18.83,15.25,23.88,200.96,0.2,76.26,3.01
2014,158,18.95,13.44,24.91,360.35,0,62.02,2.54
2014,159,19.36,12.31,26.04,365.95,0,64.25,2.55
2014,160,18.79,15.88,23.8,229.63,0,75.18,3.93
2014,161,18.3,13.62,24.32,251.44,0,74.56,2.85
2014,162,19.59,14.98,24.61,351.39,0,63.15,2.73
2014,163,19.64,14.92,24.48,241.6,0.2,63.95,2.52
2014,164,17.84,13.52,22.29,190.26,0,74.48,2.64
2014,165,18.81,14.98,25.01,245.06,0,78.03,2.24
2014,166,17.89,14.88,21.55,141.38,0,77.07,2.1
2014,167,18.54,14.65,23.95,188.56,0,74.76,2.65
2014,168,16.83,14.59,19.37,54.07,0,80.78,3.03
2014,169,17.38,13.35,22.42,172.24,0,74.23,2.81
2014,170,17.84,12.97,22.96,224.37,0,73.04,2.49
2014,171,18.42,14.65,22.7,138.18,0,77.27,2.83
2014,172,17.83,15.91,20.93,191.66,0,79.93,3.14
2014,173,17.11,14.77,20.05,117.71,0,78.53,2.92
2014,174,16.87,15.44,18.65,61.62,0,81.36,3.27
2014,175,17.72,14.23,22.8,198.47,0,69.59,2.7
2014,176,18.16,13.41,24.21,249.27,0,60.96,2.39
2014,177,16.67,13.5,21.31,115.2,0,76.59,2.67
2014,178,16.59,13.91,20.48,94.91,0,79.69,2.63
2014,179,17.33,12.34,22.77,236.09,0,73.82,2.46
2014,180,16.34,13.54,19.66,114.41,0,79.4,2.51
2014,181,17.5,14.71,21.1,109.4,0,75.77,3.1
2014,182,17.09,14.5,20.39,26.13,0,79.28,3.5
2014,183,16.91,14.71,19.95,85.05,0,75.76,3.45
2014,184,17.14,13.46,21.06,61.39,0,73.3,3.53
2014,185,16.5,13.97,19.82,167.11,0,73.98,3.97
2014,186,15.27,12.43,18.94,12.18,0,79.14,2.19
2014,187,18.06,15.84,19.51,95.63,0,66.31,4.78
2014,188,16.23,14.2,18.34,100.56,0,71.89,4.13
2014,189,16.26,12.37,20.81,159.02,0,72.12,3.26
2014,190,16.77,11.2,23.56,248.11,0,72.19,2.32
2014,191,18.69,10.53,26.26,315.31,0,65.96,2.48
2014,192,18.73,13.05,25.43,289.71,0,67.15,2.61
2014,193,16.82,13.68,20.29,189.55,0,74.61,3
2014,194,16.93,12.67,20.86,192.7,0,72.44,3.07
2014,195,18.08,13.39,23.37,212.77,0,65.2,3.12
2014,196,17.13,12.58,22.48,132.91,0,70.3,2.48
2014,197,16.52,12.53,20.62,203.16,0,72.56,2.49
2014,198,15.86,11.93,19.8,67.65,0,73.96,2.59
2014,199,16.31,12.25,21.51,91.4,0,71.79,3.25
2014,200,16.74,12.41,21.45,65.78,0,73.66,2.79
2014,201,18.82,12.14,25.91,312.23,0,61.97,2.95
2014,202,18.53,13.18,24.25,317.92,0,62.06,3.24
2014,203,17.85,14.49,22.47,64.01,0,70.11,3.15
2014,204,17.62,14.85,21.88,183.78,0,74.82,3.76
2014,205,17.38,13.13,21.38,87.99,0,73.91,2.7
2014,206,18.01,15.6,22.06,164.12,0,74.49,3.37
2014,207,16.77,14.22,22.16,164.8,0,75.2,3.05
2014,208,16.96,12.3,21.48,97.12,0,71.97,2.7
2014,209,16.78,14.6,20.27,100.08,0,75.65,3.99
2014,210,16.67,13.6,21.41,84.46,0,77.88,2.76
2014,211,17.75,12.74,24.26,309.83,0,75.95,2.78
2014,212,18.63,12.91,25.69,320.4,0,71.32,2.99
2014,213,17.26,14.02,21.61,108.1,0,75.7,3.71
2014,214,17.03,13.91,20.32,245.22,0.1,76.65,5.05
2014,215,15.78,15.4,16.35,340.3,0,84.12,3.86
2014,216,18.93,14.78,24.08,340.3,1.72,77.88,3.64
2014,217,18.93,14.78,24.08,340.3,1.72,75.95,3.64
2014,218,18.93,14.78,24.08,340.3,1.72,71.32,3.64
2014,219,18.93,14.78,24.08,340.3,1.72,75.7,3.64
2014,220,19.19,16.1,22.77,340.3,0,60.43,3.98
2014,221,16.3,14.35,19.47,99.72,1.5,82.14,3.25
2014,222,17.41,14.54,21.9,340.3,0,74.2,3.32
2014,223,17.26,13.47,21.84,340.3,0,70.81,2.72
2014,224,16.43,11.83,22.03,340.3,0,69.39,2.8
2014,225,17.57,11.74,23.44,340.3,0,67.25,3.53
2014,226,18.23,12.32,24.09,340.3,0,66.17,3.32
2014,227,19.11,13.96,24.68,340.3,0,69.91,3.56
2014,228,18.74,15.68,22.93,340.3,0,69.27,3.69
2014,229,18.19,14.99,22.6,340.3,0,70.44,3.82
2014,230,17.99,14.35,23.52,340.3,0,68.34,4.51
2014,231,18.84,13.73,25.12,340.3,0,60.16,3.04
2014,232,19.25,12.04,25.81,340.3,0,51.77,3.25
2014,233,19.13,12.72,24.83,340.3,0,55.64,3.8
2014,234,20.08,15.13,25.93,340.3,0,60.22,3.34
2014,235,18.24,12.75,24.9,278.29,0,66.35,3.65
2014,236,18.13,13.52,24.14,286.17,0,67.29,3.42
2014,237,18.43,12.48,24.75,339.26,0,67.22,3.85
2014,238,19.73,14.79,25.96,370.39,0,61.21,3.94
2014,239,19.43,14.24,26.09,348.37,0,62.14,3.64
2014,240,18.38,14.17,23.01,204.73,0,66.11,4.3
2014,241,18.08,13.66,22.52,203.21,0,65.33,4.51
2014,242,18.02,15.12,21.84,184.28,0,72.23,4.32
2014,243,18.07,15.24,22.71,132.61,0,72.33,3.66
2014,244,18.87,15.46,23.51,134.25,0,70.98,3.71
2014,245,18.68,15.53,23.49,177.46,0,71.85,3.22
2014,246,18.9,12.73,25.89,309.28,0,65.73,3.63
2014,247,18.78,14.35,24.48,183.69,0,65.77,3.56
2014,248,19.63,13.74,25.63,239.41,0,65.78,3.22
2014,249,20.42,13.62,26.98,276.93,0,59.99,2.42
2014,250,18.55,15.47,24.24,183.01,23.2,79.81,2.36
2014,251,17.83,15.35,20.88,216.31,1.5,84.97,3.37
2014,252,17.63,15.18,20.3,237.69,0,79.53,3.56
2014,253,18.7,13.12,24.8,304.84,0,69.46,3.47
2014,254,19.63,15.06,25.4,286.39,0,68.96,3.1
2014,255,20.1,15.27,26.39,311.18,0,70.71,2.69
2014,256,18.54,15.58,23.43,212.37,0,78.29,3.58
2014,257,19.3,15.09,24.61,303.08,0,61.66,4.59
2014,258,18.25,15.11,22.31,305.08,0,70.57,3.47
2014,259,19.19,13.58,25.41,335.8,0,67.65,3.06
2014,260,20.08,15.78,27.18,352.88,7.9,69.76,3.16
2014,261,19.27,15.2,24.9,296.61,0,71.05,3.53
2014,262,19.43,14.03,24.85,321.49,0,70.28,3.57
2014,263,20.13,15.04,27.25,425.01,0,68.7,2.81
2014,264,20.11,14.46,26.74,335.61,0,68.67,3.61
2014,265,20.33,15.96,25.85,292.61,0,63.45,4.06
2014,266,19.54,15.6,24.75,214.41,0,65.68,4.21
2014,267,18.87,16.08,24.31,306.57,0,72.24,4.2
2014,268,20.51,14.71,27.22,310.98,0,58.63,3.17
2014,269,20.23,13.96,27.28,291.16,0,64.9,2.78
2014,270,20.27,14.8,26.27,303.74,0,67.24,3.51
2014,271,18.89,16.03,22.69,79.8,0,71.98,3.83
2014,272,19.89,13.95,26.59,315.98,0,67.54,3.7
2014,273,19.74,15.23,26.4,221.85,0,71.17,4.05
2014,274,20.87,16.39,27.58,279.48,0,66.11,3.52
2014,275,20.79,14.59,27.58,290.74,0,61.65,3.22
2014,276,18.98,12.25,25.45,355.89,0,61.51,3.36
2014,277,17.97,16.28,21.07,340.3,0,79.37,4.62
2014,278,18.71,15.17,23.32,340.3,0.1,73.05,3.82
2014,279,20.09,15.8,26.43,340.3,0,67.62,4.09
2014,280,20.12,14.92,26.08,340.3,0,59.02,3.57
2014,281,20.74,13.07,27.9,340.3,0,56.38,3.34
2014,282,21.15,14.46,27.94,340.3,0,61.27,4.24
2014,283,20.8,16.31,27.4,340.3,0,66.42,5.2
2014,284,20.65,14.57,26.53,340.3,0,61.27,4.42
2014,285,21.22,14.61,27.95,29.44,0,58.16,4.01
2014,286,22.07,14.44,29.04,427.23,0,57.17,3.61
2014,287,22.09,16.24,28.14,428.3,0,64.39,5.2
2014,288,21.94,17.65,27.56,348.26,0,67.16,5.57
2014,289,20.65,16.41,25.56,391.86,0.5,73,4.75
2014,290,20.59,17,26.7,287.02,0.1,72.18,3.44
2014,291,21.14,17.4,25.88,391.89,0,71.74,4.22
2014,292,19.67,16.88,24.57,333,0.9,79.34,4.75
2014,293,19.63,14.75,24.34,333.2,0,70.86,3.97
2014,294,20.13,15.77,25.43,317.38,0,68.67,4.18
2014,295,21.29,16.21,26.31,335.48,0,56.17,3.38
2014,296,20.92,15.51,26.96,386.79,0,56.58,3.52
2014,297,21.26,15.27,26.84,361.83,0,62.73,3.41
2014,298,21.43,17.08,26.31,373.89,0,67.31,4.54
2014,299,19.75,16.89,24.27,302.02,1.9,76.47,4.64
2014,300,19.99,16.11,24.47,275.17,0,70.49,3.55
2014,301,20.44,15.29,26.18,299.92,0,67.55,3.87
2014,302,20.44,16.2,25.09,293.17,0,66.86,3.74
2014,303,19.84,16.07,25.11,320.12,0,72.71,4.13
2014,304,19.58,16.66,24.13,286.44,4.5,78.4,4.26
2014,305,20.19,15.98,25.04,301.58,0,72.37,3.77
2014,306,18.89,16.55,22.21,304.4,32.9,85.22,3.63
2014,307,18.28,16.62,22.5,326.5,8.3,88.67,3.3
2014,308,18.22,15.53,21.34,294.16,8.6,84.66,3.2
2014,309,18.8,16.42,23.16,313,7.2,85.41,3
2014,310,19.32,16.17,24.13,442.3,28.39,81.98,3.32
2014,311,19.12,15.6,23.81,471.37,35.8,82.53,2.9
2014,312,18.59,16.89,21.94,329.38,3.1,88.16,3.48
2014,313,19.14,15.53,23.06,388.75,0,78.03,3.7
2014,314,18.8,16.01,22.5,265.7,17.8,85.21,3.72
2014,315,18.04,15.14,21.42,278.59,11.1,87.17,4.04
2014,316,18.82,16.5,23.13,342.78,4.4,86.05,3.73
2014,317,18.97,16.48,22.72,418.36,3.9,87.41,4.58
2014,318,18.57,16.33,23.09,332.43,22.2,89.79,2.51
2014,319,18.42,16.63,22.5,327.11,5.7,89.16,3.26
2014,320,18.56,16.26,22.07,379.33,6.6,87.77,3.73
2014,321,18.58,16.27,22.19,301.92,2.5,87.67,3.39
2014,322,19.16,16.24,23.04,360.37,1.74,82.42,3.52
2014,323,19.33,16.45,23.33,426.02,1.4,82.05,3.47
2014,324,18.81,15.89,23.3,398.04,0.4,85.17,3.46
2014,325,18.89,16.91,22.18,319.64,14.2,87.74,3.58
2014,326,18.29,16.52,21.89,360.61,8.7,91.68,4.05
2014,327,18.41,16.01,21.81,332.88,3.6,87.89,4.08
2014,328,18.6,16.2,22.59,392.39,9,87.44,3.59
2014,329,18.63,16.17,22.4,319.92,6.8,87.22,2.76
2014,330,18.31,15.64,21.96,339,8.4,89.85,3.28
2014,331,19.47,15.78,24.04,471.51,2.6,77.23,3.81
2014,332,19.07,16.67,23.43,349.55,0,83.95,3.15
2014,333,19.54,16.52,23.98,498.21,0,75.99,3.76
2014,334,19.2,15.46,23.4,483.41,0,72.17,3.74
2014,335,19.08,14.87,23.94,461.96,0,71.36,3.2
2014,336,19.51,14.76,24.39,411.98,0,75.32,3.14
2014,337,19.26,16.65,23.41,401.68,0,82.54,3.88
2014,338,18.98,15.93,23.5,363.5,0,80.18,3.54
2014,339,19.21,15.7,24.03,404.09,0,75.45,2.89
2014,340,19.08,16.36,23.58,383.18,0,79.45,2.86
2014,341,19.16,13.78,24.68,473.77,0,76.59,2.78
2014,342,19.31,14.63,24.83,446.49,0,70.69,2.85
2014,343,18.69,14.4,23.86,398.57,0,78.08,2.72
2014,344,19.39,16.5,23.57,397.26,0.8,80.59,4.16
2014,345,19.18,15.52,23.85,396.18,0.1,80.1,3.6
2014,346,19.24,15,24.28,353.75,0,81.24,2.85
2014,347,19.64,15.87,24.75,349.7,0,82.55,2.64
2014,348,19.65,17.22,23.88,355.75,0.1,85.12,3.01
2014,349,18.97,16.04,22.86,373.16,4.7,87.32,4.19
2014,350,18.27,16.3,21.59,235.59,0,85.91,4.21
2014,351,18.93,15.66,23.38,376.45,0,79.05,3.99
2014,352,18.79,15.6,23.31,400.29,0.1,80.3,3.54
2014,353,19.29,16.03,23.73,350.94,0,76.19,2.57
2014,354,18.81,14.53,23.85,403.15,0,78.18,2.74
2014,355,19.55,15.62,24.47,407.99,0,74.8,3.57
2014,356,19.31,15.92,23.7,323.94,2.2,83.67,3.45
2014,357,18.94,16.36,23.24,309.77,6.7,86.91,3.82
2014,358,20.22,16.91,24.8,409.78,0.7,81.63,3.41
2014,359,20.3,17.16,25.01,417.6,0,83.61,3.95
2014,360,18.96,16.81,22.36,248.07,0.6,86.86,4.58
2014,361,18.91,14.84,23.14,434.42,0,73.13,3.85
2014,362,19.96,15.72,24.86,444.77,0,68.75,3.05
2014,363,20.22,15.6,25.2,410.62,0,77.61,2.63
2014,364,20.21,16.76,25.21,330.63,0,81.03,3.1
2014,365,20.6,17.19,25.44,386.32,0,78.05,2.63
2015,1,19.25,14.12,24.18,280.23,0,62.72,4.63
2015,2,17.98,13.75,23.01,211.09,0.1,72.71,4.88
2015,3,17.25,15.45,20.82,214.32,10.62,87.78,5.48
2015,4,16.94,15.21,19.18,103.83,4.8,89.25,4.65
2015,5,17.62,14.54,21.55,274.51,0.2,77.42,4.38
2015,6,19.42,13.57,24.66,376.05,0,56.91,3.87
2015,7,19.6,14.23,24.56,355.46,0,60.44,4.2
2015,8,19.01,13.81,24.6,361.29,0,73.27,4.48
2015,9,19.48,16.27,24.33,277.82,0,74.98,5.09
2015,10,19.17,15.9,23.54,312.8,0,73.78,4.69
2015,11,19.18,14.34,24.06,300.67,0,70.07,4.13
2015,12,19.84,14.59,25.32,365.58,0,64.35,4.95
2015,13,19.68,13.39,25.11,359.62,0,57.99,4.46
2015,14,19.45,13.8,24.51,341.86,0,57.68,3.85
2015,15,19.78,13.98,24.89,349.03,0,53.19,4.17
2015,16,19.6,14.32,24.98,347.23,0,58.45,4.01
2015,17,19.44,13.62,24.81,280.46,0,61.1,4.05
2015,18,21.2,14.54,27.44,350.85,0,39.06,3.88
2015,19,21.45,15.57,27.25,356.5,0,43.76,3.63
2015,20,20.97,15.4,26.66,353.82,0,53.2,4.18
2015,21,20.88,14.6,26.14,356.25,0,51.04,4.37
2015,22,20.5,16.16,24.79,235.94,0,54.3,4.54
2015,23,20.05,16.04,24.84,262.47,0,65.03,4.02
2015,24,20.01,14.81,25.45,300.24,0,64.15,4.56
2015,25,20.9,14.87,26.58,352.5,0,58.19,4.1
2015,26,18.93,14.78,24.08,340.3,1.72,63.2328,3.64
2015,27,18.93,14.78,24.08,340.3,1.72,63.253312,3.64
2015,28,18.93,14.78,24.08,340.3,1.72,62.87504448,3.64
2015,29,18.93,14.78,24.08,340.3,1.72,61.87884626,3.64
2015,30,18.93,14.78,24.08,340.3,1.72,60.78400011,3.64
2015,31,18.93,14.78,24.08,340.3,1.72,60.11856011,3.64
2015,32,18.93,14.78,24.08,340.3,1.72,60.24690252,3.64
2015,33,18.93,14.78,24.08,340.3,1.72,60.23917862,3.64
2015,34,18.93,14.78,24.08,340.3,1.72,59.71794576,3.64
2015,35,18.93,14.78,24.08,340.3,1.72,59.10746359,3.64
2015,36,18.93,14.78,24.08,340.3,1.72,58.52056214,3.64
2015,37,18.93,14.78,24.08,340.3,1.72,58.05858462,3.64
2015,38,18.93,14.78,24.08,340.3,1.72,57.80692801,3.64
2015,39,18.93,14.78,24.08,340.3,1.72,57.79960513,3.64
2015,40,18.93,14.78,24.08,340.3,1.72,57.80438933,3.64
2015,41,18.93,14.78,24.08,340.3,1.72,57.98896491,3.64
2015,42,18.93,14.78,24.08,340.3,1.72,57.9705235,3.64
2015,43,18.93,14.78,24.08,340.3,1.72,57.84534444,3.64
2015,44,18.93,14.78,24.08,340.3,1.72,58.59675822,3.64
2015,45,18.93,14.78,24.08,340.3,1.72,59.19022855,3.64
2015,46,18.93,14.78,24.08,340.3,1.72,59.42983769,3.64
2015,47,18.93,14.78,24.08,340.3,1.72,59.7654312,3.64
2015,48,18.93,14.78,24.08,340.3,1.72,59.98404845,3.64
2015,49,18.93,14.78,24.08,340.3,1.72,59.78221039,3.64
2015,50,18.93,14.78,24.08,340.3,1.72,59.6074988,3.64
2015,51,18.93,14.78,24.08,340.3,1.72,59.66419875,3.64
2015,52,18.93,14.78,24.08,340.3,1.72,59.5214547,3.64
2015,53,18.93,14.78,24.08,340.3,1.72,59.37218041,3.64
2015,54,18.93,14.78,24.08,340.3,1.72,59.23206585,3.64
2015,55,18.93,14.78,24.08,340.3,1.72,59.12619463,3.64
2015,56,18.93,14.78,24.08,340.3,1.72,59.05988241,3.64
2015,57,18.93,14.78,24.08,340.3,1.72,59.01753531,3.64
2015,58,18.93,14.78,24.08,340.3,1.72,58.96836062,3.64
2015,59,18.93,14.78,24.08,340.3,1.72,58.9175279,3.64
2015,60,18.93,14.78,24.08,352.06,1.72,58.88551118,3.47
2015,61,18.93,14.78,24.08,352.06,1.72,58.87663309,3.47
2015,62,18.93,14.78,24.08,352.06,1.72,58.89087592,3.47
2015,63,18.93,14.78,24.08,352.06,1.72,58.92416758,3.47
2015,64,18.93,14.78,24.08,352.06,1.72,58.96885716,3.47
2015,65,18.93,14.78,24.08,352.06,1.72,59.01562724,3.47
2015,66,18.93,14.78,24.08,352.06,1.72,59.06407676,3.47
2015,67,18.93,14.78,24.08,352.06,1.72,59.10708123,3.47
2015,68,18.93,14.78,24.08,352.06,1.72,59.15254354,3.47
2015,69,18.93,14.78,24.08,352.06,1.72,59.2048315,3.47
2015,70,18.93,14.78,24.08,352.06,1.72,59.22915443,3.47
2015,71,18.93,14.78,24.08,352.06,1.72,59.23071147,3.47
2015,72,18.93,14.78,24.08,352.06,1.72,59.22274642,3.47
2015,73,18.93,14.78,24.08,352.06,1.72,59.20103903,3.47
2015,74,18.93,14.78,24.08,352.06,1.72,59.16971865,3.47
2015,75,18.93,14.78,24.08,352.06,1.72,59.14521898,3.47
2015,76,18.93,14.78,24.08,352.06,1.72,59.12672779,3.47
2015,77,18.93,14.78,24.08,352.06,1.72,59.10522895,3.47
2015,78,18.93,14.78,24.08,352.06,1.72,59.08857992,3.47
2015,79,18.93,14.78,24.08,352.06,1.72,59.0772359,3.47
2015,80,18.93,14.78,24.08,352.06,1.72,59.07104271,3.47
2015,81,18.93,14.78,24.08,352.06,1.72,59.06883663,3.47
2015,82,18.93,14.78,24.08,352.06,1.72,59.0691948,3.47
2015,83,18.93,14.78,24.08,352.06,1.72,59.07126118,3.47
2015,84,18.93,14.78,24.08,352.06,1.72,59.0753772,3.47
2015,85,18.93,14.78,24.08,352.06,1.72,59.08169117,3.47
2015,86,18.93,14.78,24.08,352.06,1.72,59.08953837,3.47
2015,87,18.93,14.78,24.08,352.06,1.72,59.09805458,3.47
2015,88,18.93,14.78,24.08,352.06,1.72,59.10634173,3.47
2015,89,18.93,14.78,24.08,352.06,1.72,59.11362869,3.47
2015,90,18.93,14.78,24.08,352.06,1.72,59.11941956,3.47
2015,91,18.93,14.78,24.08,352.06,1.72,59.12357125,3.47
2015,92,18.93,14.78,24.08,352.06,1.72,59.12595103,3.47
2015,93,18.93,14.78,24.08,352.06,1.72,59.12670582,3.47
2015,94,18.93,14.78,24.08,352.06,1.72,59.12567231,3.47
2015,95,18.93,14.78,24.08,352.06,1.72,59.12250594,3.47
2015,96,18.93,14.78,24.08,352.06,1.72,59.11824,3.47
2015,97,18.93,14.78,24.08,352.06,1.72,59.11374114,3.47
2015,98,18.93,14.78,24.08,352.06,1.72,59.10938093,3.47
2015,99,18.93,14.78,24.08,352.06,1.72,59.10571461,3.47
2015,100,18.93,14.78,24.08,352.06,1.72,59.10315445,3.47
2015,101,18.93,14.78,24.08,352.06,1.72,59.10147187,3.47
2015,102,18.93,14.78,24.08,352.06,1.72,59.10046163,3.47
2015,103,18.93,14.78,24.08,352.06,1.72,59.10027094,3.47
2015,104,18.93,14.78,24.08,352.06,1.72,59.10073858,3.47
2015,105,18.93,14.78,24.08,352.06,1.72,59.10167868,3.47
2015,106,18.93,14.78,24.08,352.06,1.72,59.10290412,3.47
2015,107,18.93,14.78,24.08,352.06,1.72,59.10426682,3.47
2015,108,18.93,14.78,24.08,352.06,1.72,59.1056697,3.47
2015,109,22.3,22.3,22.3,352.06,0,64.7,3.47
2015,110,21.07,17,24.09,352.06,0,71.13,3.74
2015,111,20.16,17.07,25.36,352.06,1,80.23,2.82
2015,112,18.06,16.81,19.59,352.06,17.06,92.29,2.83
2015,113,19.19,15.33,23.64,352.06,0,80.92,2.44
2015,114,20.13,17.32,24.31,352.06,0,81.88,2.65
2015,115,18.92,15.95,22.83,352.06,5.1,86.61,2.42
2015,116,18.55,16.41,22.86,352.06,35,89.17,1.62
2015,117,19.06,15.7,23.06,352.06,0.1,80.9,2.39
2015,118,17.85,16.69,20.08,352.06,11.7,90.83,2.03
2015,119,18.04,15.51,21.49,352.06,0,85.63,2.1
2015,120,18.66,16.79,22.47,352.06,14.3,87.36,2.18
2015,121,18.02,16.16,20.28,352.06,22.6,89.17,2.66
2015,122,18.54,14.62,22.18,352.06,0.6,84.6,2.64
2015,123,18.27,16.54,21.52,352.06,0.1,89.09,3.64
2015,124,18.61,15.12,23.36,352.06,0,83.58,1.96
2015,125,18.67,14.48,23.52,352.06,0,82.14,2.29
2015,126,18.86,15.23,23.42,352.06,0,82.42,2.8
2015,127,18.79,15.61,23.07,352.06,0,83.04,2.71
2015,128,19.09,15.8,23.44,352.06,0,81.1,2.44
2015,129,18.17,16.24,21.58,352.06,0.1,86.29,3.69
2015,130,18.56,16.06,22.68,352.06,0,81.82,3.32
2015,131,18.15,15.1,22.15,352.06,0,82.4,3.2
2015,132,18.06,14.02,23.32,352.06,0,80.69,2.41
2015,133,19.24,15.48,24.25,352.06,0,80.52,2.45
2015,134,19.23,16.33,24.04,352.06,0,79.02,3.41
2015,135,18.59,14.77,23.4,352.06,0,80.56,2.58
2015,136,18.6,14.35,23.74,352.06,0,75.81,2.95
2015,137,19.07,15.98,23.06,352.06,0,78.16,2.98
2015,138,18.29,13.91,22.89,352.06,0,81.01,2.73
2015,139,18.37,14.63,23.8,352.06,0,79.61,2.45
2015,140,19.41,13.13,26.12,352.06,0,72.85,2.35
2015,141,19.27,13.3,24.7,352.06,0,73.65,2.67
2015,142,19.83,15.97,25.45,352.06,0,76.68,2.49
2015,143,19.78,16.04,24.78,352.06,0,77.59,3.21
2015,144,18.99,14.96,23.77,352.06,0,73.95,3.17
2015,145,19.11,14.58,23.87,352.06,0,72.29,3.33
2015,146,18,14.1,22.59,352.06,0,75.42,3.35
2015,147,16.64,12.72,21.05,352.06,0.3,82.01,3.15
2015,148,17.5,14.02,22.45,352.06,0.1,80.72,3.26
2015,149,16.53,14.07,19.75,352.06,2.6,89.1,3.74
2015,150,17.26,13.76,20.82,352.06,0,82.09,2.58
2015,151,18.19,15.48,23.03,165.37,0,78.43,2.52
2015,152,19.1,14.83,24.04,252.18,0,74.88,3.37
2015,153,19.11,15.58,23.99,273.08,2.6,76.13,3.6
2015,154,18,14.69,22.03,69.78,0,80.43,3.46
2015,155,17.66,13.89,22.83,199.47,0,79.68,3.11
2015,156,19.15,14.11,24.66,306.03,0,72.1,2.52
2015,157,18.83,15.25,23.88,200.96,0.2,76.26,3.01
2015,158,18.95,13.44,24.91,360.35,0,62.02,2.54
2015,159,19.36,12.31,26.04,365.95,0,64.25,2.55
2015,160,18.79,15.88,23.8,229.63,0,75.18,3.93
2015,161,18.3,13.62,24.32,251.44,0,74.56,2.85
2015,162,19.59,14.98,24.61,351.39,0,63.15,2.73
2015,163,19.64,14.92,24.48,241.6,0.2,63.95,2.52
2015,164,17.84,13.52,22.29,190.26,0,74.48,2.64
2015,165,18.81,14.98,25.01,245.06,0,78.03,2.24
2015,166,17.89,14.88,21.55,141.38,0,77.07,2.1
2015,167,18.54,14.65,23.95,188.56,0,74.76,2.65
2015,168,16.83,14.59,19.37,54.07,0,80.78,3.03
2015,169,17.38,13.35,22.42,172.24,0,74.23,2.81
2015,170,17.84,12.97,22.96,224.37,0,73.04,2.49
2015,171,18.42,14.65,22.7,138.18,0,77.27,2.83
2015,172,17.83,15.91,20.93,191.66,0,79.93,3.14
2015,173,17.11,14.77,20.05,117.71,0,78.53,2.92
2015,174,16.87,15.44,18.65,61.62,0,81.36,3.27
2015,175,17.72,14.23,22.8,198.47,0,69.59,2.7
2015,176,18.16,13.41,24.21,249.27,0,60.96,2.39
2015,177,16.67,13.5,21.31,115.2,0,76.59,2.67
2015,178,16.59,13.91,20.48,94.91,0,79.69,2.63
2015,179,17.33,12.34,22.77,236.09,0,73.82,2.46
2015,180,16.34,13.54,19.66,114.41,0,79.4,2.51
2015,181,17.5,14.71,21.1,109.4,0,75.77,3.1
2015,182,17.09,14.5,20.39,26.13,0,79.28,3.5
2015,183,16.91,14.71,19.95,85.05,0,75.76,3.45
2015,184,17.14,13.46,21.06,61.39,0,73.3,3.53
2015,185,16.5,13.97,19.82,167.11,0,73.98,3.97
2015,186,15.27,12.43,18.94,12.18,0,79.14,2.19
2015,187,18.06,15.84,19.51,95.63,0,66.31,4.78
2015,188,16.23,14.2,18.34,100.56,0,71.89,4.13
2015,189,16.26,12.37,20.81,159.02,0,72.12,3.26
2015,190,16.77,11.2,23.56,248.11,0,72.19,2.32
2015,191,18.69,10.53,26.26,315.31,0,65.96,2.48
2015,192,18.73,13.05,25.43,289.71,0,67.15,2.61
2015,193,16.82,13.68,20.29,189.55,0,74.61,3
2015,194,16.93,12.67,20.86,192.7,0,72.44,3.07
2015,195,18.08,13.39,23.37,212.77,0,65.2,3.12
2015,196,17.13,12.58,22.48,132.91,0,70.3,2.48
2015,197,16.52,12.53,20.62,203.16,0,72.56,2.49
2015,198,15.86,11.93,19.8,67.65,0,73.96,2.59
2015,199,16.31,12.25,21.51,91.4,0,71.79,3.25
2015,200,16.74,12.41,21.45,65.78,0,73.66,2.79
2015,201,18.82,12.14,25.91,312.23,0,61.97,2.95
2015,202,18.53,13.18,24.25,317.92,0,62.06,3.24
2015,203,17.85,14.49,22.47,64.01,0,70.11,3.15
2015,204,17.62,14.85,21.88,183.78,0,74.82,3.76
2015,205,17.38,13.13,21.38,87.99,0,73.91,2.7
2015,206,18.01,15.6,22.06,164.12,0,74.49,3.37
2015,207,16.77,14.22,22.16,164.8,0,75.2,3.05
2015,208,16.96,12.3,21.48,97.12,0,71.97,2.7
2015,209,16.78,14.6,20.27,100.08,0,75.65,3.99
2015,210,16.67,13.6,21.41,84.46,0,77.88,2.76
2015,211,17.75,12.74,24.26,309.83,0,75.95,2.78
2015,212,18.63,12.91,25.69,320.4,0,71.32,2.99
2015,213,17.26,14.02,21.61,108.1,0,75.7,3.71
2015,214,17.03,13.91,20.32,245.22,0.1,76.65,5.05
2015,215,15.78,15.4,16.35,340.3,0,84.12,3.86
2015,216,18.93,14.78,24.08,340.3,1.72,77.88,3.64
2015,217,18.93,14.78,24.08,340.3,1.72,75.95,3.64
2015,218,18.93,14.78,24.08,340.3,1.72,71.32,3.64
2015,219,18.93,14.78,24.08,340.3,1.72,75.7,3.64
2015,220,19.19,16.1,22.77,340.3,0,60.43,3.98
2015,221,16.3,14.35,19.47,99.72,1.5,82.14,3.25
2015,222,17.41,14.54,21.9,340.3,0,74.2,3.32
2015,223,17.26,13.47,21.84,340.3,0,70.81,2.72
2015,224,16.43,11.83,22.03,340.3,0,69.39,2.8
2015,225,17.57,11.74,23.44,340.3,0,67.25,3.53
2015,226,18.23,12.32,24.09,340.3,0,66.17,3.32
2015,227,19.11,13.96,24.68,340.3,0,69.91,3.56
2015,228,18.74,15.68,22.93,340.3,0,69.27,3.69
2015,229,18.19,14.99,22.6,340.3,0,70.44,3.82
2015,230,17.99,14.35,23.52,340.3,0,68.34,4.51
2015,231,18.84,13.73,25.12,340.3,0,60.16,3.04
2015,232,19.25,12.04,25.81,340.3,0,51.77,3.25
2015,233,19.13,12.72,24.83,340.3,0,55.64,3.8
2015,234,20.08,15.13,25.93,340.3,0,60.22,3.34
2015,235,18.24,12.75,24.9,278.29,0,66.35,3.65
2015,236,18.13,13.52,24.14,286.17,0,67.29,3.42
2015,237,18.43,12.48,24.75,339.26,0,67.22,3.85
2015,238,19.73,14.79,25.96,370.39,0,61.21,3.94
2015,239,19.43,14.24,26.09,348.37,0,62.14,3.64
2015,240,18.38,14.17,23.01,204.73,0,66.11,4.3
2015,241,18.08,13.66,22.52,203.21,0,65.33,4.51
2015,242,18.02,15.12,21.84,184.28,0,72.23,4.32
2015,243,18.07,15.24,22.71,132.61,0,72.33,3.66
2015,244,18.87,15.46,23.51,134.25,0,70.98,3.71
2015,245,18.68,15.53,23.49,177.46,0,71.85,3.22
2015,246,18.9,12.73,25.89,309.28,0,65.73,3.63
2015,247,18.78,14.35,24.48,183.69,0,65.77,3.56
2015,248,19.63,13.74,25.63,239.41,0,65.78,3.22
2015,249,20.42,13.62,26.98,276.93,0,59.99,2.42
2015,250,18.55,15.47,24.24,183.01,23.2,79.81,2.36
2015,251,17.83,15.35,20.88,216.31,1.5,84.97,3.37
2015,252,17.63,15.18,20.3,237.69,0,79.53,3.56
2015,253,18.7,13.12,24.8,304.84,0,69.46,3.47
2015,254,19.63,15.06,25.4,286.39,0,68.96,3.1
2015,255,20.1,15.27,26.39,311.18,0,70.71,2.69
2015,256,18.54,15.58,23.43,212.37,0,78.29,3.58
2015,257,19.3,15.09,24.61,303.08,0,61.66,4.59
2015,258,18.25,15.11,22.31,305.08,0,70.57,3.47
2015,259,19.19,13.58,25.41,335.8,0,67.65,3.06
2015,260,20.08,15.78,27.18,352.88,7.9,69.76,3.16
2015,261,19.27,15.2,24.9,296.61,0,71.05,3.53
2015,262,19.43,14.03,24.85,321.49,0,70.28,3.57
2015,263,20.13,15.04,27.25,425.01,0,68.7,2.81
2015,264,20.11,14.46,26.74,335.61,0,68.67,3.61
2015,265,20.33,15.96,25.85,292.61,0,63.45,4.06
2015,266,19.54,15.6,24.75,214.41,0,65.68,4.21
2015,267,18.87,16.08,24.31,306.57,0,72.24,4.2
2015,268,20.51,14.71,27.22,310.98,0,58.63,3.17
2015,269,20.23,13.96,27.28,291.16,0,64.9,2.78
2015,270,20.27,14.8,26.27,303.74,0,67.24,3.51
2015,271,18.89,16.03,22.69,79.8,0,71.98,3.83
2015,272,19.89,13.95,26.59,315.98,0,67.54,3.7
2015,273,19.74,15.23,26.4,221.85,0,71.17,4.05
2015,274,20.87,16.39,27.58,279.48,0,66.11,3.52
2015,275,20.79,14.59,27.58,290.74,0,61.65,3.22
2015,276,18.98,12.25,25.45,355.89,0,61.51,3.36
2015,277,17.97,16.28,21.07,340.3,0,79.37,4.62
2015,278,18.71,15.17,23.32,340.3,0.1,73.05,3.82
2015,279,20.09,15.8,26.43,340.3,0,67.62,4.09
2015,280,20.12,14.92,26.08,340.3,0,59.02,3.57
2015,281,20.74,13.07,27.9,340.3,0,56.38,3.34
2015,282,21.15,14.46,27.94,340.3,0,61.27,4.24
2015,283,20.8,16.31,27.4,340.3,0,66.42,5.2
2015,284,20.65,14.57,26.53,340.3,0,61.27,4.42
2015,285,21.22,14.61,27.95,29.44,0,58.16,4.01
2015,286,22.07,14.44,29.04,427.23,0,57.17,3.61
2015,287,22.09,16.24,28.14,428.3,0,64.39,5.2
2015,288,21.94,17.65,27.56,348.26,0,67.16,5.57
2015,289,20.65,16.41,25.56,391.86,0.5,73,4.75
2015,290,20.59,17,26.7,287.02,0.1,72.18,3.44
2015,291,21.14,17.4,25.88,391.89,0,71.74,4.22
2015,292,19.67,16.88,24.57,333,0.9,79.34,4.75
2015,293,19.63,14.75,24.34,333.2,0,70.86,3.97
2015,294,20.13,15.77,25.43,317.38,0,68.67,4.18
2015,295,21.29,16.21,26.31,335.48,0,56.17,3.38
2015,296,20.92,15.51,26.96,386.79,0,56.58,3.52
2015,297,21.26,15.27,26.84,361.83,0,62.73,3.41
2015,298,21.43,17.08,26.31,373.89,0,67.31,4.54
2015,299,19.75,16.89,24.27,302.02,1.9,76.47,4.64
2015,300,19.99,16.11,24.47,275.17,0,70.49,3.55
2015,301,20.44,15.29,26.18,299.92,0,67.55,3.87
2015,302,20.44,16.2,25.09,293.17,0,66.86,3.74
2015,303,19.84,16.07,25.11,320.12,0,72.71,4.13
2015,304,19.58,16.66,24.13,286.44,4.5,78.4,4.26
2015,305,20.19,15.98,25.04,301.58,0,72.37,3.77
2015,306,18.89,16.55,22.21,304.4,32.9,85.22,3.63
2015,307,18.28,16.62,22.5,326.5,8.3,88.67,3.3
2015,308,18.22,15.53,21.34,294.16,8.6,84.66,3.2
2015,309,18.8,16.42,23.16,313,7.2,85.41,3
2015,310,19.32,16.17,24.13,442.3,28.39,81.98,3.32
2015,311,19.12,15.6,23.81,471.37,35.8,82.53,2.9
2015,312,18.59,16.89,21.94,329.38,3.1,88.16,3.48
2015,313,19.14,15.53,23.06,388.75,0,78.03,3.7
2015,314,18.8,16.01,22.5,265.7,17.8,85.21,3.72
2015,315,18.04,15.14,21.42,278.59,11.1,87.17,4.04
2015,316,18.82,16.5,23.13,342.78,4.4,86.05,3.73
2015,317,18.97,16.48,22.72,418.36,3.9,87.41,4.58
2015,318,18.57,16.33,23.09,332.43,22.2,89.79,2.51
2015,319,18.42,16.63,22.5,327.11,5.7,89.16,3.26
2015,320,18.56,16.26,22.07,379.33,6.6,87.77,3.73
2015,321,18.58,16.27,22.19,301.92,2.5,87.67,3.39
2015,322,19.16,16.24,23.04,360.37,1.74,82.42,3.52
2015,323,19.33,16.45,23.33,426.02,1.4,82.05,3.47
2015,324,18.81,15.89,23.3,398.04,0.4,85.17,3.46
2015,325,18.89,16.91,22.18,319.64,14.2,87.74,3.58
2015,326,18.29,16.52,21.89,360.61,8.7,91.68,4.05
2015,327,18.41,16.01,21.81,332.88,3.6,87.89,4.08
2015,328,18.6,16.2,22.59,392.39,9,87.44,3.59
2015,329,18.63,16.17,22.4,319.92,6.8,87.22,2.76
2015,330,18.31,15.64,21.96,339,8.4,89.85,3.28
2015,331,19.47,15.78,24.04,471.51,2.6,77.23,3.81
2015,332,19.07,16.67,23.43,349.55,0,83.95,3.15
2015,333,19.54,16.52,23.98,498.21,0,75.99,3.76
2015,334,19.2,15.46,23.4,483.41,0,72.17,3.74
2015,335,19.08,14.87,23.94,461.96,0,71.36,3.2
2015,336,19.51,14.76,24.39,411.98,0,75.32,3.14
2015,337,19.26,16.65,23.41,401.68,0,82.54,3.88
2015,338,18.98,15.93,23.5,363.5,0,80.18,3.54
2015,339,19.21,15.7,24.03,404.09,0,75.45,2.89
2015,340,19.08,16.36,23.58,383.18,0,79.45,2.86
2015,341,19.16,13.78,24.68,473.77,0,76.59,2.78
2015,342,19.31,14.63,24.83,446.49,0,70.69,2.85
2015,343,18.69,14.4,23.86,398.57,0,78.08,2.72
2015,344,19.39,16.5,23.57,397.26,0.8,80.59,4.16
2015,345,19.18,15.52,23.85,396.18,0.1,80.1,3.6
2015,346,19.24,15,24.28,353.75,0,81.24,2.85
2015,347,19.64,15.87,24.75,349.7,0,82.55,2.64
2015,348,19.65,17.22,23.88,355.75,0.1,85.12,3.01
2015,349,18.97,16.04,22.86,373.16,4.7,87.32,4.19
2015,350,18.27,16.3,21.59,235.59,0,85.91,4.21
2015,351,18.93,15.66,23.38,376.45,0,79.05,3.99
2015,352,18.79,15.6,23.31,400.29,0.1,80.3,3.54
2015,353,19.29,16.03,23.73,350.94,0,76.19,2.57
2015,354,18.81,14.53,23.85,403.15,0,78.18,2.74
2015,355,19.55,15.62,24.47,407.99,0,74.8,3.57
2015,356,19.31,15.92,23.7,323.94,2.2,83.67,3.45
2015,357,18.94,16.36,23.24,309.77,6.7,86.91,3.82
2015,358,20.22,16.91,24.8,409.78,0.7,81.63,3.41
2015,359,20.3,17.16,25.01,417.6,0,83.61,3.95
2015,360,18.96,16.81,22.36,248.07,0.6,86.86,4.58
2015,361,18.91,14.84,23.14,434.42,0,73.13,3.85
2015,362,19.96,15.72,24.86,444.77,0,68.75,3.05
2015,363,20.22,15.6,25.2,410.62,0,77.61,2.63
2015,364,20.21,16.76,25.21,330.63,0,81.03,3.1
2015,365,20.6,17.19,25.44,386.32,0,78.05,2.63
2016,1,19.25,14.12,24.18,280.23,0,62.72,4.63
2016,2,17.98,13.75,23.01,211.09,0.1,72.71,4.88
2016,3,17.25,15.45,20.82,214.32,10.62,87.78,5.48
2016,4,16.94,15.21,19.18,103.83,4.8,89.25,4.65
2016,5,17.62,14.54,21.55,274.51,0.2,77.42,4.38
2016,6,19.42,13.57,24.66,376.05,0,56.91,3.87
2016,7,19.6,14.23,24.56,355.46,0,60.44,4.2
2016,8,19.01,13.81,24.6,361.29,0,73.27,4.48
2016,9,19.48,16.27,24.33,277.82,0,74.98,5.09
2016,10,19.17,15.9,23.54,312.8,0,73.78,4.69
2016,11,19.18,14.34,24.06,300.67,0,70.07,4.13
2016,12,19.84,14.59,25.32,365.58,0,64.35,4.95
2016,13,19.68,13.39,25.11,359.62,0,57.99,4.46
2016,14,19.45,13.8,24.51,341.86,0,57.68,3.85
2016,15,19.78,13.98,24.89,349.03,0,53.19,4.17
2016,16,19.6,14.32,24.98,347.23,0,58.45,4.01
2016,17,19.44,13.62,24.81,280.46,0,61.1,4.05
2016,18,21.2,14.54,27.44,350.85,0,39.06,3.88
2016,19,21.45,15.57,27.25,356.5,0,43.76,3.63
2016,20,20.97,15.4,26.66,353.82,0,53.2,4.18
2016,21,20.88,14.6,26.14,356.25,0,51.04,4.37
2016,22,20.5,16.16,24.79,235.94,0,54.3,4.54
2016,23,20.05,16.04,24.84,262.47,0,65.03,4.02
2016,24,20.01,14.81,25.45,300.24,0,64.15,4.56
2016,25,20.9,14.87,26.58,352.5,0,58.19,4.1
2016,26,18.93,14.78,24.08,340.3,1.72,63.2328,3.64
2016,27,18.93,14.78,24.08,340.3,1.72,63.253312,3.64
2016,28,18.93,14.78,24.08,340.3,1.72,62.87504448,3.64
2016,29,18.93,14.78,24.08,340.3,1.72,61.87884626,3.64
2016,30,18.93,14.78,24.08,340.3,1.72,60.78400011,3.64
2016,31,18.93,14.78,24.08,340.3,1.72,60.11856011,3.64
2016,32,18.93,14.78,24.08,340.3,1.72,60.24690252,3.64
2016,33,18.93,14.78,24.08,340.3,1.72,60.23917862,3.64
2016,34,18.93,14.78,24.08,340.3,1.72,59.71794576,3.64
2016,35,18.93,14.78,24.08,340.3,1.72,59.10746359,3.64
2016,36,18.93,14.78,24.08,340.3,1.72,58.52056214,3.64
2016,37,18.93,14.78,24.08,340.3,1.72,58.05858462,3.64
2016,38,18.93,14.78,24.08,340.3,1.72,57.80692801,3.64
2016,39,18.93,14.78,24.08,340.3,1.72,57.79960513,3.64
2016,40,18.93,14.78,24.08,340.3,1.72,57.80438933,3.64
2016,41,18.93,14.78,24.08,340.3,1.72,57.98896491,3.64
2016,42,18.93,14.78,24.08,340.3,1.72,57.9705235,3.64
2016,43,18.93,14.78,24.08,340.3,1.72,57.84534444,3.64
2016,44,18.93,14.78,24.08,340.3,1.72,58.59675822,3.64
2016,45,18.93,14.78,24.08,340.3,1.72,59.19022855,3.64
2016,46,18.93,14.78,24.08,340.3,1.72,59.42983769,3.64
2016,47,18.93,14.78,24.08,340.3,1.72,59.7654312,3.64
2016,48,18.93,14.78,24.08,340.3,1.72,59.98404845,3.64
2016,49,18.93,14.78,24.08,340.3,1.72,59.78221039,3.64
2016,50,18.93,14.78,24.08,340.3,1.72,59.6074988,3.64
2016,51,18.93,14.78,24.08,340.3,1.72,59.66419875,3.64
2016,52,18.93,14.78,24.08,340.3,1.72,59.5214547,3.64
2016,53,18.93,14.78,24.08,340.3,1.72,59.37218041,3.64
2016,54,18.93,14.78,24.08,340.3,1.72,59.23206585,3.64
2016,55,18.93,14.78,24.08,340.3,1.72,59.12619463,3.64
2016,56,18.93,14.78,24.08,340.3,1.72,59.05988241,3.64
2016,57,18.93,14.78,24.08,340.3,1.72,59.01753531,3.64
2016,58,18.93,14.78,24.08,340.3,1.72,58.96836062,3.64
2016,59,18.93,14.78,24.08,340.3,1.72,58.9175279,3.64
2016,60,18.93,14.78,24.08,352.06,1.72,58.88551118,3.47
2016,61,18.93,14.78,24.08,352.06,1.72,58.87663309,3.47
2016,62,18.93,14.78,24.08,352.06,1.72,58.89087592,3.47
2016,63,18.93,14.78,24.08,352.06,1.72,58.92416758,3.47
2016,64,18.93,14.78,24.08,352.06,1.72,58.96885716,3.47
2016,65,18.93,14.78,24.08,352.06,1.72,59.01562724,3.47
2016,66,18.93,14.78,24.08,352.06,1.72,59.06407676,3.47
2016,67,18.93,14.78,24.08,352.06,1.72,59.10708123,3.47
2016,68,18.93,14.78,24.08,352.06,1.72,59.15254354,3.47
2016,69,18.93,14.78,24.08,352.06,1.72,59.2048315,3.47
2016,70,18.93,14.78,24.08,352.06,1.72,59.22915443,3.47
2016,71,18.93,14.78,24.08,352.06,1.72,59.23071147,3.47
2016,72,18.93,14.78,24.08,352.06,1.72,59.22274642,3.47
2016,73,18.93,14.78,24.08,352.06,1.72,59.20103903,3.47
2016,74,18.93,14.78,24.08,352.06,1.72,59.16971865,3.47
2016,75,18.93,14.78,24.08,352.06,1.72,59.14521898,3.47
2016,76,18.93,14.78,24.08,352.06,1.72,59.12672779,3.47
2016,77,18.93,14.78,24.08,352.06,1.72,59.10522895,3.47
2016,78,18.93,14.78,24.08,352.06,1.72,59.08857992,3.47
2016,79,18.93,14.78,24.08,352.06,1.72,59.0772359,3.47
2016,80,18.93,14.78,24.08,352.06,1.72,59.07104271,3.47
2016,81,18.93,14.78,24.08,352.06,1.72,59.06883663,3.47
2016,82,18.93,14.78,24.08,352.06,1.72,59.0691948,3.47
2016,83,18.93,14.78,24.08,352.06,1.72,59.07126118,3.47
2016,84,18.93,14.78,24.08,352.06,1.72,59.0753772,3.47
2016,85,18.93,14.78,24.08,352.06,1.72,59.08169117,3.47
2016,86,18.93,14.78,24.08,352.06,1.72,59.08953837,3.47
2016,87,18.93,14.78,24.08,352.06,1.72,59.09805458,3.47
2016,88,18.93,14.78,24.08,352.06,1.72,59.10634173,3.47
2016,89,18.93,14.78,24.08,352.06,1.72,59.11362869,3.47
2016,90,18.93,14.78,24.08,352.06,1.72,59.11941956,3.47
2016,91,18.93,14.78,24.08,352.06,1.72,59.12357125,3.47
2016,92,18.93,14.78,24.08,352.06,1.72,59.12595103,3.47
2016,93,18.93,14.78,24.08,352.06,1.72,59.12670582,3.47
2016,94,18.93,14.78,24.08,352.06,1.72,59.12567231,3.47
2016,95,18.93,14.78,24.08,352.06,1.72,59.12250594,3.47
2016,96,18.93,14.78,24.08,352.06,1.72,59.11824,3.47
2016,97,18.93,14.78,24.08,352.06,1.72,59.11374114,3.47
2016,98,18.93,14.78,24.08,352.06,1.72,59.10938093,3.47
2016,99,18.93,14.78,24.08,352.06,1.72,59.10571461,3.47
2016,100,18.93,14.78,24.08,352.06,1.72,59.10315445,3.47
2016,101,18.93,14.78,24.08,352.06,1.72,59.10147187,3.47
2016,102,18.93,14.78,24.08,352.06,1.72,59.10046163,3.47
2016,103,18.93,14.78,24.08,352.06,1.72,59.10027094,3.47
2016,104,18.93,14.78,24.08,352.06,1.72,59.10073858,3.47
2016,105,18.93,14.78,24.08,352.06,1.72,59.10167868,3.47
2016,106,18.93,14.78,24.08,352.06,1.72,59.10290412,3.47
2016,107,18.93,14.78,24.08,352.06,1.72,59.10426682,3.47
2016,108,18.93,14.78,24.08,352.06,1.72,59.1056697,3.47
2016,109,22.3,22.3,22.3,352.06,0,64.7,3.47
2016,110,21.07,17,24.09,352.06,0,71.13,3.74
2016,111,20.16,17.07,25.36,352.06,1,80.23,2.82
2016,112,18.06,16.81,19.59,352.06,17.06,92.29,2.83
2016,113,19.19,15.33,23.64,352.06,0,80.92,2.44
2016,114,20.13,17.32,24.31,352.06,0,81.88,2.65
2016,115,18.92,15.95,22.83,352.06,5.1,86.61,2.42
2016,116,18.55,16.41,22.86,352.06,35,89.17,1.62
2016,117,19.06,15.7,23.06,352.06,0.1,80.9,2.39
2016,118,17.85,16.69,20.08,352.06,11.7,90.83,2.03
2016,119,18.04,15.51,21.49,352.06,0,85.63,2.1
2016,120,18.66,16.79,22.47,352.06,14.3,87.36,2.18
2016,121,18.02,16.16,20.28,352.06,22.6,89.17,2.66
2016,122,18.54,14.62,22.18,352.06,0.6,84.6,2.64
2016,123,18.27,16.54,21.52,352.06,0.1,89.09,3.64
2016,124,18.61,15.12,23.36,352.06,0,83.58,1.96
2016,125,18.67,14.48,23.52,352.06,0,82.14,2.29
2016,126,18.86,15.23,23.42,352.06,0,82.42,2.8
2016,127,18.79,15.61,23.07,352.06,0,83.04,2.71
2016,128,19.09,15.8,23.44,352.06,0,81.1,2.44
2016,129,18.17,16.24,21.58,352.06,0.1,86.29,3.69
2016,130,18.56,16.06,22.68,352.06,0,81.82,3.32
2016,131,18.15,15.1,22.15,352.06,0,82.4,3.2
2016,132,18.06,14.02,23.32,352.06,0,80.69,2.41
2016,133,19.24,15.48,24.25,352.06,0,80.52,2.45
2016,134,19.23,16.33,24.04,352.06,0,79.02,3.41
2016,135,18.59,14.77,23.4,352.06,0,80.56,2.58
2016,136,18.6,14.35,23.74,352.06,0,75.81,2.95
2016,137,19.07,15.98,23.06,352.06,0,78.16,2.98
2016,138,18.29,13.91,22.89,352.06,0,81.01,2.73
2016,139,18.37,14.63,23.8,352.06,0,79.61,2.45
2016,140,19.41,13.13,26.12,352.06,0,72.85,2.35
2016,141,19.27,13.3,24.7,352.06,0,73.65,2.67
2016,142,19.83,15.97,25.45,352.06,0,76.68,2.49
2016,143,19.78,16.04,24.78,352.06,0,77.59,3.21
2016,144,18.99,14.96,23.77,352.06,0,73.95,3.17
2016,145,19.11,14.58,23.87,352.06,0,72.29,3.33
2016,146,18,14.1,22.59,352.06,0,75.42,3.35
2016,147,16.64,12.72,21.05,352.06,0.3,82.01,3.15
2016,148,17.5,14.02,22.45,352.06,0.1,80.72,3.26
2016,149,16.53,14.07,19.75,352.06,2.6,89.1,3.74
2016,150,17.26,13.76,20.82,352.06,0,82.09,2.58
2016,151,18.19,15.48,23.03,165.37,0,78.43,2.52
2016,152,19.1,14.83,24.04,252.18,0,74.88,3.37
2016,153,19.11,15.58,23.99,273.08,2.6,76.13,3.6
2016,154,18,14.69,22.03,69.78,0,80.43,3.46
2016,155,17.66,13.89,22.83,199.47,0,79.68,3.11
2016,156,19.15,14.11,24.66,306.03,0,72.1,2.52
2016,157,18.83,15.25,23.88,200.96,0.2,76.26,3.01
2016,158,18.95,13.44,24.91,360.35,0,62.02,2.54
2016,159,19.36,12.31,26.04,365.95,0,64.25,2.55
2016,160,18.79,15.88,23.8,229.63,0,75.18,3.93
2016,161,18.3,13.62,24.32,251.44,0,74.56,2.85
2016,162,19.59,14.98,24.61,351.39,0,63.15,2.73
2016,163,19.64,14.92,24.48,241.6,0.2,63.95,2.52
2016,164,17.84,13.52,22.29,190.26,0,74.48,2.64
2016,165,18.81,14.98,25.01,245.06,0,78.03,2.24
2016,166,17.89,14.88,21.55,141.38,0,77.07,2.1
2016,167,18.54,14.65,23.95,188.56,0,74.76,2.65
2016,168,16.83,14.59,19.37,54.07,0,80.78,3.03
2016,169,17.38,13.35,22.42,172.24,0,74.23,2.81
2016,170,17.84,12.97,22.96,224.37,0,73.04,2.49
2016,171,18.42,14.65,22.7,138.18,0,77.27,2.83
2016,172,17.83,15.91,20.93,191.66,0,79.93,3.14
2016,173,17.11,14.77,20.05,117.71,0,78.53,2.92
2016,174,16.87,15.44,18.65,61.62,0,81.36,3.27
2016,175,17.72,14.23,22.8,198.47,0,69.59,2.7
2016,176,18.16,13.41,24.21,249.27,0,60.96,2.39
2016,177,16.67,13.5,21.31,115.2,0,76.59,2.67
2016,178,16.59,13.91,20.48,94.91,0,79.69,2.63
2016,179,17.33,12.34,22.77,236.09,0,73.82,2.46
2016,180,16.34,13.54,19.66,114.41,0,79.4,2.51
2016,181,17.5,14.71,21.1,109.4,0,75.77,3.1
2016,182,17.09,14.5,20.39,26.13,0,79.28,3.5
2016,183,16.91,14.71,19.95,85.05,0,75.76,3.45
2016,184,17.14,13.46,21.06,61.39,0,73.3,3.53
2016,185,16.5,13.97,19.82,167.11,0,73.98,3.97
2016,186,15.27,12.43,18.94,12.18,0,79.14,2.19
2016,187,18.06,15.84,19.51,95.63,0,66.31,4.78
2016,188,16.23,14.2,18.34,100.56,0,71.89,4.13
2016,189,16.26,12.37,20.81,159.02,0,72.12,3.26
2016,190,16.77,11.2,23.56,248.11,0,72.19,2.32
2016,191,18.69,10.53,26.26,315.31,0,65.96,2.48
2016,192,18.73,13.05,25.43,289.71,0,67.15,2.61
2016,193,16.82,13.68,20.29,189.55,0,74.61,3
2016,194,16.93,12.67,20.86,192.7,0,72.44,3.07
2016,195,18.08,13.39,23.37,212.77,0,65.2,3.12
2016,196,17.13,12.58,22.48,132.91,0,70.3,2.48
2016,197,16.52,12.53,20.62,203.16,0,72.56,2.49
2016,198,15.86,11.93,19.8,67.65,0,73.96,2.59
2016,199,16.31,12.25,21.51,91.4,0,71.79,3.25
2016,200,16.74,12.41,21.45,65.78,0,73.66,2.79
2016,201,18.82,12.14,25.91,312.23,0,61.97,2.95
2016,202,18.53,13.18,24.25,317.92,0,62.06,3.24
2016,203,17.85,14.49,22.47,64.01,0,70.11,3.15
2016,204,17.62,14.85,21.88,183.78,0,74.82,3.76
2016,205,17.38,13.13,21.38,87.99,0,73.91,2.7
2016,206,18.01,15.6,22.06,164.12,0,74.49,3.37
2016,207,16.77,14.22,22.16,164.8,0,75.2,3.05
2016,208,16.96,12.3,21.48,97.12,0,71.97,2.7
2016,209,16.78,14.6,20.27,100.08,0,75.65,3.99
2016,210,16.67,13.6,21.41,84.46,0,77.88,2.76
2016,211,17.75,12.74,24.26,309.83,0,75.95,2.78
2016,212,18.63,12.91,25.69,320.4,0,71.32,2.99
2016,213,17.26,14.02,21.61,108.1,0,75.7,3.71
2016,214,17.03,13.91,20.32,245.22,0.1,76.65,5.05
2016,215,15.78,15.4,16.35,340.3,0,84.12,3.86
2016,216,18.93,14.78,24.08,340.3,1.72,77.88,3.64
2016,217,18.93,14.78,24.08,340.3,1.72,75.95,3.64
2016,218,18.93,14.78,24.08,340.3,1.72,71.32,3.64
2016,219,18.93,14.78,24.08,340.3,1.72,75.7,3.64
2016,220,19.19,16.1,22.77,340.3,0,60.43,3.98
2016,221,16.3,14.35,19.47,99.72,1.5,82.14,3.25
2016,222,17.41,14.54,21.9,340.3,0,74.2,3.32
2016,223,17.26,13.47,21.84,340.3,0,70.81,2.72
2016,224,16.43,11.83,22.03,340.3,0,69.39,2.8
2016,225,17.57,11.74,23.44,340.3,0,67.25,3.53
2016,226,18.23,12.32,24.09,340.3,0,66.17,3.32
2016,227,19.11,13.96,24.68,340.3,0,69.91,3.56
2016,228,18.74,15.68,22.93,340.3,0,69.27,3.69
2016,229,18.19,14.99,22.6,340.3,0,70.44,3.82
2016,230,17.99,14.35,23.52,340.3,0,68.34,4.51
2016,231,18.84,13.73,25.12,340.3,0,60.16,3.04
2016,232,19.25,12.04,25.81,340.3,0,51.77,3.25
2016,233,19.13,12.72,24.83,340.3,0,55.64,3.8
2016,234,20.08,15.13,25.93,340.3,0,60.22,3.34
2016,235,18.24,12.75,24.9,278.29,0,66.35,3.65
2016,236,18.13,13.52,24.14,286.17,0,67.29,3.42
2016,237,18.43,12.48,24.75,339.26,0,67.22,3.85
2016,238,19.73,14.79,25.96,370.39,0,61.21,3.94
2016,239,19.43,14.24,26.09,348.37,0,62.14,3.64
2016,240,18.38,14.17,23.01,204.73,0,66.11,4.3
2016,241,18.08,13.66,22.52,203.21,0,65.33,4.51
2016,242,18.02,15.12,21.84,184.28,0,72.23,4.32
2016,243,18.07,15.24,22.71,132.61,0,72.33,3.66
2016,244,18.87,15.46,23.51,134.25,0,70.98,3.71
2016,245,18.68,15.53,23.49,177.46,0,71.85,3.22
2016,246,18.9,12.73,25.89,309.28,0,65.73,3.63
2016,247,18.78,14.35,24.48,183.69,0,65.77,3.56
2016,248,19.63,13.74,25.63,239.41,0,65.78,3.22
2016,249,20.42,13.62,26.98,276.93,0,59.99,2.42
2016,250,18.55,15.47,24.24,183.01,23.2,79.81,2.36
2016,251,17.83,15.35,20.88,216.31,1.5,84.97,3.37
2016,252,17.63,15.18,20.3,237.69,0,79.53,3.56
2016,253,18.7,13.12,24.8,304.84,0,69.46,3.47
2016,254,19.63,15.06,25.4,286.39,0,68.96,3.1
2016,255,20.1,15.27,26.39,311.18,0,70.71,2.69
2016,256,18.54,15.58,23.43,212.37,0,78.29,3.58
2016,257,19.3,15.09,24.61,303.08,0,61.66,4.59
2016,258,18.25,15.11,22.31,305.08,0,70.57,3.47
2016,259,19.19,13.58,25.41,335.8,0,67.65,3.06
2016,260,20.08,15.78,27.18,352.88,7.9,69.76,3.16
2016,261,19.27,15.2,24.9,296.61,0,71.05,3.53
2016,262,19.43,14.03,24.85,321.49,0,70.28,3.57
2016,263,20.13,15.04,27.25,425.01,0,68.7,2.81
2016,264,20.11,14.46,26.74,335.61,0,68.67,3.61
2016,265,20.33,15.96,25.85,292.61,0,63.45,4.06
2016,266,19.54,15.6,24.75,214.41,0,65.68,4.21
2016,267,18.87,16.08,24.31,306.57,0,72.24,4.2
2016,268,20.51,14.71,27.22,310.98,0,58.63,3.17
2016,269,20.23,13.96,27.28,291.16,0,64.9,2.78
2016,270,20.27,14.8,26.27,303.74,0,67.24,3.51
2016,271,18.89,16.03,22.69,79.8,0,71.98,3.83
2016,272,19.89,13.95,26.59,315.98,0,67.54,3.7
2016,273,19.74,15.23,26.4,221.85,0,71.17,4.05
2016,274,20.87,16.39,27.58,279.48,0,66.11,3.52
2016,275,20.79,14.59,27.58,290.74,0,61.65,3.22
2016,276,18.98,12.25,25.45,355.89,0,61.51,3.36
2016,277,17.97,16.28,21.07,340.3,0,79.37,4.62
2016,278,18.71,15.17,23.32,340.3,0.1,73.05,3.82
2016,279,20.09,15.8,26.43,340.3,0,67.62,4.09
2016,280,20.12,14.92,26.08,340.3,0,59.02,3.57
2016,281,20.74,13.07,27.9,340.3,0,56.38,3.34
2016,282,21.15,14.46,27.94,340.3,0,61.27,4.24
2016,283,20.8,16.31,27.4,340.3,0,66.42,5.2
2016,284,20.65,14.57,26.53,340.3,0,61.27,4.42
2016,285,21.22,14.61,27.95,29.44,0,58.16,4.01
2016,286,22.07,14.44,29.04,427.23,0,57.17,3.61
2016,287,22.09,16.24,28.14,428.3,0,64.39,5.2
2016,288,21.94,17.65,27.56,348.26,0,67.16,5.57
2016,289,20.65,16.41,25.56,391.86,0.5,73,4.75
2016,290,20.59,17,26.7,287.02,0.1,72.18,3.44
2016,291,21.14,17.4,25.88,391.89,0,71.74,4.22
2016,292,19.67,16.88,24.57,333,0.9,79.34,4.75
2016,293,19.63,14.75,24.34,333.2,0,70.86,3.97
2016,294,20.13,15.77,25.43,317.38,0,68.67,4.18
2016,295,21.29,16.21,26.31,335.48,0,56.17,3.38
2016,296,20.92,15.51,26.96,386.79,0,56.58,3.52
2016,297,21.26,15.27,26.84,361.83,0,62.73,3.41
2016,298,21.43,17.08,26.31,373.89,0,67.31,4.54
2016,299,19.75,16.89,24.27,302.02,1.9,76.47,4.64
2016,300,19.99,16.11,24.47,275.17,0,70.49,3.55
2016,301,20.44,15.29,26.18,299.92,0,67.55,3.87
2016,302,20.44,16.2,25.09,293.17,0,66.86,3.74
2016,303,19.84,16.07,25.11,320.12,0,72.71,4.13
2016,304,19.58,16.66,24.13,286.44,4.5,78.4,4.26
2016,305,20.19,15.98,25.04,301.58,0,72.37,3.77
2016,306,18.89,16.55,22.21,304.4,32.9,85.22,3.63
2016,307,18.28,16.62,22.5,326.5,8.3,88.67,3.3
2016,308,18.22,15.53,21.34,294.16,8.6,84.66,3.2
2016,309,18.8,16.42,23.16,313,7.2,85.41,3
2016,310,19.32,16.17,24.13,442.3,28.39,81.98,3.32
2016,311,19.12,15.6,23.81,471.37,35.8,82.53,2.9
2016,312,18.59,16.89,21.94,329.38,3.1,88.16,3.48
2016,313,19.14,15.53,23.06,388.75,0,78.03,3.7
2016,314,18.8,16.01,22.5,265.7,17.8,85.21,3.72
2016,315,18.04,15.14,21.42,278.59,11.1,87.17,4.04
2016,316,18.82,16.5,23.13,342.78,4.4,86.05,3.73
2016,317,18.97,16.48,22.72,418.36,3.9,87.41,4.58
2016,318,18.57,16.33,23.09,332.43,22.2,89.79,2.51
2016,319,18.42,16.63,22.5,327.11,5.7,89.16,3.26
2016,320,18.56,16.26,22.07,379.33,6.6,87.77,3.73
2016,321,18.58,16.27,22.19,301.92,2.5,87.67,3.39
2016,322,19.16,16.24,23.04,360.37,1.74,82.42,3.52
2016,323,19.33,16.45,23.33,426.02,1.4,82.05,3.47
2016,324,18.81,15.89,23.3,398.04,0.4,85.17,3.46
2016,325,18.89,16.91,22.18,319.64,14.2,87.74,3.58
2016,326,18.29,16.52,21.89,360.61,8.7,91.68,4.05
2016,327,18.41,16.01,21.81,332.88,3.6,87.89,4.08
2016,328,18.6,16.2,22.59,392.39,9,87.44,3.59
2016,329,18.63,16.17,22.4,319.92,6.8,87.22,2.76
2016,330,18.31,15.64,21.96,339,8.4,89.85,3.28
2016,331,19.47,15.78,24.04,471.51,2.6,77.23,3.81
2016,332,19.07,16.67,23.43,349.55,0,83.95,3.15
2016,333,19.54,16.52,23.98,498.21,0,75.99,3.76
2016,334,19.2,15.46,23.4,483.41,0,72.17,3.74
2016,335,19.08,14.87,23.94,461.96,0,71.36,3.2
2016,336,19.51,14.76,24.39,411.98,0,75.32,3.14
2016,337,19.26,16.65,23.41,401.68,0,82.54,3.88
2016,338,18.98,15.93,23.5,363.5,0,80.18,3.54
2016,339,19.21,15.7,24.03,404.09,0,75.45,2.89
2016,340,19.08,16.36,23.58,383.18,0,79.45,2.86
2016,341,19.16,13.78,24.68,473.77,0,76.59,2.78
2016,342,19.31,14.63,24.83,446.49,0,70.69,2.85
2016,343,18.69,14.4,23.86,398.57,0,78.08,2.72
2016,344,19.39,16.5,23.57,397.26,0.8,80.59,4.16
2016,345,19.18,15.52,23.85,396.18,0.1,80.1,3.6
2016,346,19.24,15,24.28,353.75,0,81.24,2.85
2016,347,19.64,15.87,24.75,349.7,0,82.55,2.64
2016,348,19.65,17.22,23.88,355.75,0.1,85.12,3.01
2016,349,18.97,16.04,22.86,373.16,4.7,87.32,4.19
2016,350,18.27,16.3,21.59,235.59,0,85.91,4.21
2016,351,18.93,15.66,23.38,376.45,0,79.05,3.99
2016,352,18.79,15.6,23.31,400.29,0.1,80.3,3.54
2016,353,19.29,16.03,23.73,350.94,0,76.19,2.57
2016,354,18.81,14.53,23.85,403.15,0,78.18,2.74
2016,355,19.55,15.62,24.47,407.99,0,74.8,3.57
2016,356,19.31,15.92,23.7,323.94,2.2,83.67,3.45
2016,357,18.94,16.36,23.24,309.77,6.7,86.91,3.82
2016,358,20.22,16.91,24.8,409.78,0.7,81.63,3.41
2016,359,20.3,17.16,25.01,417.6,0,83.61,3.95
2016,360,18.96,16.81,22.36,248.07,0.6,86.86,4.58
2016,361,18.91,14.84,23.14,434.42,0,73.13,3.85
2016,362,19.96,15.72,24.86,444.77,0,68.75,3.05
2016,363,20.22,15.6,25.2,410.62,0,77.61,2.63
2016,364,20.21,16.76,25.21,330.63,0,81.03,3.1
2016,365,20.6,17.19,25.44,386.32,0,78.05,2.63
2017,1,19.25,14.12,24.18,280.23,0,62.72,4.63
2017,2,17.98,13.75,23.01,211.09,0.1,72.71,4.88
2017,3,17.25,15.45,20.82,214.32,10.62,87.78,5.48
2017,4,16.94,15.21,19.18,103.83,4.8,89.25,4.65
2017,5,17.62,14.54,21.55,274.51,0.2,77.42,4.38
2017,6,19.42,13.57,24.66,376.05,0,56.91,3.87
2017,7,19.6,14.23,24.56,355.46,0,60.44,4.2
2017,8,19.01,13.81,24.6,361.29,0,73.27,4.48
2017,9,19.48,16.27,24.33,277.82,0,74.98,5.09
2017,10,19.17,15.9,23.54,312.8,0,73.78,4.69
2017,11,19.18,14.34,24.06,300.67,0,70.07,4.13
2017,12,19.84,14.59,25.32,365.58,0,64.35,4.95
2017,13,19.68,13.39,25.11,359.62,0,57.99,4.46
2017,14,19.45,13.8,24.51,341.86,0,57.68,3.85
2017,15,19.78,13.98,24.89,349.03,0,53.19,4.17
2017,16,19.6,14.32,24.98,347.23,0,58.45,4.01
2017,17,19.44,13.62,24.81,280.46,0,61.1,4.05
2017,18,21.2,14.54,27.44,350.85,0,39.06,3.88
2017,19,21.45,15.57,27.25,356.5,0,43.76,3.63
2017,20,20.97,15.4,26.66,353.82,0,53.2,4.18
2017,21,20.88,14.6,26.14,356.25,0,51.04,4.37
2017,22,20.5,16.16,24.79,235.94,0,54.3,4.54
2017,23,20.05,16.04,24.84,262.47,0,65.03,4.02
2017,24,20.01,14.81,25.45,300.24,0,64.15,4.56
2017,25,20.9,14.87,26.58,352.5,0,58.19,4.1
2017,26,18.93,14.78,24.08,340.3,1.72,63.2328,3.64
2017,27,18.93,14.78,24.08,340.3,1.72,63.253312,3.64
2017,28,18.93,14.78,24.08,340.3,1.72,62.87504448,3.64
2017,29,18.93,14.78,24.08,340.3,1.72,61.87884626,3.64
2017,30,18.93,14.78,24.08,340.3,1.72,60.78400011,3.64
2017,31,18.93,14.78,24.08,340.3,1.72,60.11856011,3.64
2017,32,18.93,14.78,24.08,340.3,1.72,60.24690252,3.64
2017,33,18.93,14.78,24.08,340.3,1.72,60.23917862,3.64
2017,34,18.93,14.78,24.08,340.3,1.72,59.71794576,3.64
2017,35,18.93,14.78,24.08,340.3,1.72,59.10746359,3.64
2017,36,18.93,14.78,24.08,340.3,1.72,58.52056214,3.64
2017,37,18.93,14.78,24.08,340.3,1.72,58.05858462,3.64
2017,38,18.93,14.78,24.08,340.3,1.72,57.80692801,3.64
2017,39,18.93,14.78,24.08,340.3,1.72,57.79960513,3.64
2017,40,18.93,14.78,24.08,340.3,1.72,57.80438933,3.64
2017,41,18.93,14.78,24.08,340.3,1.72,57.98896491,3.64
2017,42,18.93,14.78,24.08,340.3,1.72,57.9705235,3.64
2017,43,18.93,14.78,24.08,340.3,1.72,57.84534444,3.64
2017,44,18.93,14.78,24.08,340.3,1.72,58.59675822,3.64
2017,45,18.93,14.78,24.08,340.3,1.72,59.19022855,3.64
2017,46,18.93,14.78,24.08,340.3,1.72,59.42983769,3.64
2017,47,18.93,14.78,24.08,340.3,1.72,59.7654312,3.64
2017,48,18.93,14.78,24.08,340.3,1.72,59.98404845,3.64
2017,49,18.93,14.78,24.08,340.3,1.72,59.78221039,3.64
2017,50,18.93,14.78,24.08,340.3,1.72,59.6074988,3.64
2017,51,18.93,14.78,24.08,340.3,1.72,59.66419875,3.64
2017,52,18.93,14.78,24.08,340.3,1.72,59.5214547,3.64
2017,53,18.93,14.78,24.08,340.3,1.72,59.37218041,3.64
2017,54,18.93,14.78,24.08,340.3,1.72,59.23206585,3.64
2017,55,18.93,14.78,24.08,340.3,1.72,59.12619463,3.64
2017,56,18.93,14.78,24.08,340.3,1.72,59.05988241,3.64
2017,57,18.93,14.78,24.08,340.3,1.72,59.01753531,3.64
2017,58,18.93,14.78,24.08,340.3,1.72,58.96836062,3.64
2017,59,18.93,14.78,24.08,340.3,1.72,58.9175279,3.64
2017,60,18.93,14.78,24.08,352.06,1.72,58.88551118,3.47
2017,61,18.93,14.78,24.08,352.06,1.72,58.87663309,3.47
2017,62,18.93,14.78,24.08,352.06,1.72,58.89087592,3.47
2017,63,18.93,14.78,24.08,352.06,1.72,58.92416758,3.47
2017,64,18.93,14.78,24.08,352.06,1.72,58.96885716,3.47
2017,65,18.93,14.78,24.08,352.06,1.72,59.01562724,3.47
2017,66,18.93,14.78,24.08,352.06,1.72,59.06407676,3.47
2017,67,18.93,14.78,24.08,352.06,1.72,59.10708123,3.47
2017,68,18.93,14.78,24.08,352.06,1.72,59.15254354,3.47
2017,69,18.93,14.78,24.08,352.06,1.72,59.2048315,3.47
2017,70,18.93,14.78,24.08,352.06,1.72,59.22915443,3.47
2017,71,18.93,14.78,24.08,352.06,1.72,59.23071147,3.47
2017,72,18.93,14.78,24.08,352.06,1.72,59.22274642,3.47
2017,73,18.93,14.78,24.08,352.06,1.72,59.20103903,3.47
2017,74,18.93,14.78,24.08,352.06,1.72,59.16971865,3.47
2017,75,18.93,14.78,24.08,352.06,1.72,59.14521898,3.47
2017,76,18.93,14.78,24.08,352.06,1.72,59.12672779,3.47
2017,77,18.93,14.78,24.08,352.06,1.72,59.10522895,3.47
2017,78,18.93,14.78,24.08,352.06,1.72,59.08857992,3.47
2017,79,18.93,14.78,24.08,352.06,1.72,59.0772359,3.47
2017,80,18.93,14.78,24.08,352.06,1.72,59.07104271,3.47
2017,81,18.93,14.78,24.08,352.06,1.72,59.06883663,3.47
2017,82,18.93,14.78,24.08,352.06,1.72,59.0691948,3.47
2017,83,18.93,14.78,24.08,352.06,1.72,59.07126118,3.47
2017,84,18.93,14.78,24.08,352.06,1.72,59.0753772,3.47
2017,85,18.93,14.78,24.08,352.06,1.72,59.08169117,3.47
2017,86,18.93,14.78,24.08,352.06,1.72,59.08953837,3.47
2017,87,18.93,14.78,24.08,352.06,1.72,59.09805458,3.47
2017,88,18.93,14.78,24.08,352.06,1.72,59.10634173,3.47
2017,89,18.93,14.78,24.08,352.06,1.72,59.11362869,3.47
2017,90,18.93,14.78,24.08,352.06,1.72,59.11941956,3.47
2017,91,18.93,14.78,24.08,352.06,1.72,59.12357125,3.47
2017,92,18.93,14.78,24.08,352.06,1.72,59.12595103,3.47
2017,93,18.93,14.78,24.08,352.06,1.72,59.12670582,3.47
2017,94,18.93,14.78,24.08,352.06,1.72,59.12567231,3.47
2017,95,18.93,14.78,24.08,352.06,1.72,59.12250594,3.47
2017,96,18.93,14.78,24.08,352.06,1.72,59.11824,3.47
2017,97,18.93,14.78,24.08,352.06,1.72,59.11374114,3.47
2017,98,18.93,14.78,24.08,352.06,1.72,59.10938093,3.47
2017,99,18.93,14.78,24.08,352.06,1.72,59.10571461,3.47
2017,100,18.93,14.78,24.08,352.06,1.72,59.10315445,3.47
2017,101,18.93,14.78,24.08,352.06,1.72,59.10147187,3.47
2017,102,18.93,14.78,24.08,352.06,1.72,59.10046163,3.47
2017,103,18.93,14.78,24.08,352.06,1.72,59.10027094,3.47
2017,104,18.93,14.78,24.08,352.06,1.72,59.10073858,3.47
2017,105,18.93,14.78,24.08,352.06,1.72,59.10167868,3.47
2017,106,18.93,14.78,24.08,352.06,1.72,59.10290412,3.47
2017,107,18.93,14.78,24.08,352.06,1.72,59.10426682,3.47
2017,108,18.93,14.78,24.08,352.06,1.72,59.1056697,3.47
2017,109,22.3,22.3,22.3,352.06,0,64.7,3.47
2017,110,21.07,17,24.09,352.06,0,71.13,3.74
2017,111,20.16,17.07,25.36,352.06,1,80.23,2.82
2017,112,18.06,16.81,19.59,352.06,17.06,92.29,2.83
2017,113,19.19,15.33,23.64,352.06,0,80.92,2.44
2017,114,20.13,17.32,24.31,352.06,0,81.88,2.65
2017,115,18.92,15.95,22.83,352.06,5.1,86.61,2.42
2017,116,18.55,16.41,22.86,352.06,35,89.17,1.62
2017,117,19.06,15.7,23.06,352.06,0.1,80.9,2.39
2017,118,17.85,16.69,20.08,352.06,11.7,90.83,2.03
2017,119,18.04,15.51,21.49,352.06,0,85.63,2.1
2017,120,18.66,16.79,22.47,352.06,14.3,87.36,2.18
2017,121,18.02,16.16,20.28,352.06,22.6,89.17,2.66
2017,122,18.54,14.62,22.18,352.06,0.6,84.6,2.64
2017,123,18.27,16.54,21.52,352.06,0.1,89.09,3.64
2017,124,18.61,15.12,23.36,352.06,0,83.58,1.96
2017,125,18.67,14.48,23.52,352.06,0,82.14,2.29
2017,126,18.86,15.23,23.42,352.06,0,82.42,2.8
2017,127,18.79,15.61,23.07,352.06,0,83.04,2.71
2017,128,19.09,15.8,23.44,352.06,0,81.1,2.44
2017,129,18.17,16.24,21.58,352.06,0.1,86.29,3.69
2017,130,18.56,16.06,22.68,352.06,0,81.82,3.32
2017,131,18.15,15.1,22.15,352.06,0,82.4,3.2
2017,132,18.06,14.02,23.32,352.06,0,80.69,2.41
2017,133,19.24,15.48,24.25,352.06,0,80.52,2.45
2017,134,19.23,16.33,24.04,352.06,0,79.02,3.41
2017,135,18.59,14.77,23.4,352.06,0,80.56,2.58
2017,136,18.6,14.35,23.74,352.06,0,75.81,2.95
2017,137,19.07,15.98,23.06,352.06,0,78.16,2.98
2017,138,18.29,13.91,22.89,352.06,0,81.01,2.73
2017,139,18.37,14.63,23.8,352.06,0,79.61,2.45
2017,140,19.41,13.13,26.12,352.06,0,72.85,2.35
2017,141,19.27,13.3,24.7,352.06,0,73.65,2.67
2017,142,19.83,15.97,25.45,352.06,0,76.68,2.49
2017,143,19.78,16.04,24.78,352.06,0,77.59,3.21
2017,144,18.99,14.96,23.77,352.06,0,73.95,3.17
2017,145,19.11,14.58,23.87,352.06,0,72.29,3.33
2017,146,18,14.1,22.59,352.06,0,75.42,3.35
2017,147,16.64,12.72,21.05,352.06,0.3,82.01,3.15
2017,148,17.5,14.02,22.45,352.06,0.1,80.72,3.26
2017,149,16.53,14.07,19.75,352.06,2.6,89.1,3.74
2017,150,17.26,13.76,20.82,352.06,0,82.09,2.58
2017,151,18.19,15.48,23.03,165.37,0,78.43,2.52
2017,152,19.1,14.83,24.04,252.18,0,74.88,3.37
2017,153,19.11,15.58,23.99,273.08,2.6,76.13,3.6
2017,154,18,14.69,22.03,69.78,0,80.43,3.46
2017,155,17.66,13.89,22.83,199.47,0,79.68,3.11
2017,156,19.15,14.11,24.66,306.03,0,72.1,2.52
2017,157,18.83,15.25,23.88,200.96,0.2,76.26,3.01
2017,158,18.95,13.44,24.91,360.35,0,62.02,2.54
2017,159,19.36,12.31,26.04,365.95,0,64.25,2.55
2017,160,18.79,15.88,23.8,229.63,0,75.18,3.93
2017,161,18.3,13.62,24.32,251.44,0,74.56,2.85
2017,162,19.59,14.98,24.61,351.39,0,63.15,2.73
2017,163,19.64,14.92,24.48,241.6,0.2,63.95,2.52
2017,164,17.84,13.52,22.29,190.26,0,74.48,2.64
2017,165,18.81,14.98,25.01,245.06,0,78.03,2.24
2017,166,17.89,14.88,21.55,141.38,0,77.07,2.1
2017,167,18.54,14.65,23.95,188.56,0,74.76,2.65
2017,168,16.83,14.59,19.37,54.07,0,80.78,3.03
2017,169,17.38,13.35,22.42,172.24,0,74.23,2.81
2017,170,17.84,12.97,22.96,224.37,0,73.04,2.49
2017,171,18.42,14.65,22.7,138.18,0,77.27,2.83
2017,172,17.83,15.91,20.93,191.66,0,79.93,3.14
2017,173,17.11,14.77,20.05,117.71,0,78.53,2.92
2017,174,16.87,15.44,18.65,61.62,0,81.36,3.27
2017,175,17.72,14.23,22.8,198.47,0,69.59,2.7
2017,176,18.16,13.41,24.21,249.27,0,60.96,2.39
2017,177,16.67,13.5,21.31,115.2,0,76.59,2.67
2017,178,16.59,13.91,20.48,94.91,0,79.69,2.63
2017,179,17.33,12.34,22.77,236.09,0,73.82,2.46
2017,180,16.34,13.54,19.66,114.41,0,79.4,2.51
2017,181,17.5,14.71,21.1,109.4,0,75.77,3.1
2017,182,17.09,14.5,20.39,26.13,0,79.28,3.5
2017,183,16.91,14.71,19.95,85.05,0,75.76,3.45
2017,184,17.14,13.46,21.06,61.39,0,73.3,3.53
2017,185,16.5,13.97,19.82,167.11,0,73.98,3.97
2017,186,15.27,12.43,18.94,12.18,0,79.14,2.19
2017,187,18.06,15.84,19.51,95.63,0,66.31,4.78
2017,188,16.23,14.2,18.34,100.56,0,71.89,4.13
2017,189,16.26,12.37,20.81,159.02,0,72.12,3.26
2017,190,16.77,11.2,23.56,248.11,0,72.19,2.32
2017,191,18.69,10.53,26.26,315.31,0,65.96,2.48
2017,192,18.73,13.05,25.43,289.71,0,67.15,2.61
2017,193,16.82,13.68,20.29,189.55,0,74.61,3
2017,194,16.93,12.67,20.86,192.7,0,72.44,3.07
2017,195,18.08,13.39,23.37,212.77,0,65.2,3.12
2017,196,17.13,12.58,22.48,132.91,0,70.3,2.48
2017,197,16.52,12.53,20.62,203.16,0,72.56,2.49
2017,198,15.86,11.93,19.8,67.65,0,73.96,2.59
2017,199,16.31,12.25,21.51,91.4,0,71.79,3.25
2017,200,16.74,12.41,21.45,65.78,0,73.66,2.79
2017,201,18.82,12.14,25.91,312.23,0,61.97,2.95
2017,202,18.53,13.18,24.25,317.92,0,62.06,3.24
2017,203,17.85,14.49,22.47,64.01,0,70.11,3.15
2017,204,17.62,14.85,21.88,183.78,0,74.82,3.76
2017,205,17.38,13.13,21.38,87.99,0,73.91,2.7
2017,206,18.01,15.6,22.06,164.12,0,74.49,3.37
2017,207,16.77,14.22,22.16,164.8,0,75.2,3.05
2017,208,16.96,12.3,21.48,97.12,0,71.97,2.7
2017,209,16.78,14.6,20.27,100.08,0,75.65,3.99
2017,210,16.67,13.6,21.41,84.46,0,77.88,2.76
2017,211,17.75,12.74,24.26,309.83,0,75.95,2.78
2017,212,18.63,12.91,25.69,320.4,0,71.32,2.99
2017,213,17.26,14.02,21.61,108.1,0,75.7,3.71
2017,214,17.03,13.91,20.32,245.22,0.1,76.65,5.05
2017,215,15.78,15.4,16.35,340.3,0,84.12,3.86
2017,216,18.93,14.78,24.08,340.3,1.72,77.88,3.64
2017,217,18.93,14.78,24.08,340.3,1.72,75.95,3.64
2017,218,18.93,14.78,24.08,340.3,1.72,71.32,3.64
2017,219,18.93,14.78,24.08,340.3,1.72,75.7,3.64
2017,220,19.19,16.1,22.77,340.3,0,60.43,3.98
2017,221,16.3,14.35,19.47,99.72,1.5,82.14,3.25
2017,222,17.41,14.54,21.9,340.3,0,74.2,3.32
2017,223,17.26,13.47,21.84,340.3,0,70.81,2.72
2017,224,16.43,11.83,22.03,340.3,0,69.39,2.8
2017,225,17.57,11.74,23.44,340.3,0,67.25,3.53
2017,226,18.23,12.32,24.09,340.3,0,66.17,3.32
2017,227,19.11,13.96,24.68,340.3,0,69.91,3.56
2017,228,18.74,15.68,22.93,340.3,0,69.27,3.69
2017,229,18.19,14.99,22.6,340.3,0,70.44,3.82
2017,230,17.99,14.35,23.52,340.3,0,68.34,4.51
2017,231,18.84,13.73,25.12,340.3,0,60.16,3.04
2017,232,19.25,12.04,25.81,340.3,0,51.77,3.25
2017,233,19.13,12.72,24.83,340.3,0,55.64,3.8
2017,234,20.08,15.13,25.93,340.3,0,60.22,3.34
2017,235,18.24,12.75,24.9,278.29,0,66.35,3.65
2017,236,18.13,13.52,24.14,286.17,0,67.29,3.42
2017,237,18.43,12.48,24.75,339.26,0,67.22,3.85
2017,238,19.73,14.79,25.96,370.39,0,61.21,3.94
2017,239,19.43,14.24,26.09,348.37,0,62.14,3.64
2017,240,18.38,14.17,23.01,204.73,0,66.11,4.3
2017,241,18.08,13.66,22.52,203.21,0,65.33,4.51
2017,242,18.02,15.12,21.84,184.28,0,72.23,4.32
2017,243,18.07,15.24,22.71,132.61,0,72.33,3.66
2017,244,18.87,15.46,23.51,134.25,0,70.98,3.71
2017,245,18.68,15.53,23.49,177.46,0,71.85,3.22
2017,246,18.9,12.73,25.89,309.28,0,65.73,3.63
2017,247,18.78,14.35,24.48,183.69,0,65.77,3.56
2017,248,19.63,13.74,25.63,239.41,0,65.78,3.22
2017,249,20.42,13.62,26.98,276.93,0,59.99,2.42
2017,250,18.55,15.47,24.24,183.01,23.2,79.81,2.36
2017,251,17.83,15.35,20.88,216.31,1.5,84.97,3.37
2017,252,17.63,15.18,20.3,237.69,0,79.53,3.56
2017,253,18.7,13.12,24.8,304.84,0,69.46,3.47
2017,254,19.63,15.06,25.4,286.39,0,68.96,3.1
2017,255,20.1,15.27,26.39,311.18,0,70.71,2.69
2017,256,18.54,15.58,23.43,212.37,0,78.29,3.58
2017,257,19.3,15.09,24.61,303.08,0,61.66,4.59
2017,258,18.25,15.11,22.31,305.08,0,70.57,3.47
2017,259,19.19,13.58,25.41,335.8,0,67.65,3.06
2017,260,20.08,15.78,27.18,352.88,7.9,69.76,3.16
2017,261,19.27,15.2,24.9,296.61,0,71.05,3.53
2017,262,19.43,14.03,24.85,321.49,0,70.28,3.57
2017,263,20.13,15.04,27.25,425.01,0,68.7,2.81
2017,264,20.11,14.46,26.74,335.61,0,68.67,3.61
2017,265,20.33,15.96,25.85,292.61,0,63.45,4.06
2017,266,19.54,15.6,24.75,214.41,0,65.68,4.21
2017,267,18.87,16.08,24.31,306.57,0,72.24,4.2
2017,268,20.51,14.71,27.22,310.98,0,58.63,3.17
2017,269,20.23,13.96,27.28,291.16,0,64.9,2.78
2017,270,20.27,14.8,26.27,303.74,0,67.24,3.51
2017,271,18.89,16.03,22.69,79.8,0,71.98,3.83
2017,272,19.89,13.95,26.59,315.98,0,67.54,3.7
2017,273,19.74,15.23,26.4,221.85,0,71.17,4.05
2017,274,20.87,16.39,27.58,279.48,0,66.11,3.52
2017,275,20.79,14.59,27.58,290.74,0,61.65,3.22
2017,276,18.98,12.25,25.45,355.89,0,61.51,3.36
2017,277,17.97,16.28,21.07,340.3,0,79.37,4.62
2017,278,18.71,15.17,23.32,340.3,0.1,73.05,3.82
2017,279,20.09,15.8,26.43,340.3,0,67.62,4.09
2017,280,20.12,14.92,26.08,340.3,0,59.02,3.57
2017,281,20.74,13.07,27.9,340.3,0,56.38,3.34
2017,282,21.15,14.46,27.94,340.3,0,61.27,4.24
2017,283,20.8,16.31,27.4,340.3,0,66.42,5.2
2017,284,20.65,14.57,26.53,340.3,0,61.27,4.42
2017,285,21.22,14.61,27.95,29.44,0,58.16,4.01
2017,286,22.07,14.44,29.04,427.23,0,57.17,3.61
2017,287,22.09,16.24,28.14,428.3,0,64.39,5.2
2017,288,21.94,17.65,27.56,348.26,0,67.16,5.57
2017,289,20.65,16.41,25.56,391.86,0.5,73,4.75
2017,290,20.59,17,26.7,287.02,0.1,72.18,3.44
2017,291,21.14,17.4,25.88,391.89,0,71.74,4.22
2017,292,19.67,16.88,24.57,333,0.9,79.34,4.75
2017,293,19.63,14.75,24.34,333.2,0,70.86,3.97
2017,294,20.13,15.77,25.43,317.38,0,68.67,4.18
2017,295,21.29,16.21,26.31,335.48,0,56.17,3.38
2017,296,20.92,15.51,26.96,386.79,0,56.58,3.52
2017,297,21.26,15.27,26.84,361.83,0,62.73,3.41
2017,298,21.43,17.08,26.31,373.89,0,67.31,4.54
2017,299,19.75,16.89,24.27,302.02,1.9,76.47,4.64
2017,300,19.99,16.11,24.47,275.17,0,70.49,3.55
2017,301,20.44,15.29,26.18,299.92,0,67.55,3.87
2017,302,20.44,16.2,25.09,293.17,0,66.86,3.74
2017,303,19.84,16.07,25.11,320.12,0,72.71,4.13
2017,304,19.58,16.66,24.13,286.44,4.5,78.4,4.26
2017,305,20.19,15.98,25.04,301.58,0,72.37,3.77
2017,306,18.89,16.55,22.21,304.4,32.9,85.22,3.63
2017,307,18.28,16.62,22.5,326.5,8.3,88.67,3.3
2017,308,18.22,15.53,21.34,294.16,8.6,84.66,3.2
2017,309,18.8,16.42,23.16,313,7.2,85.41,3
2017,310,19.32,16.17,24.13,442.3,28.39,81.98,3.32
2017,311,19.12,15.6,23.81,471.37,35.8,82.53,2.9
2017,312,18.59,16.89,21.94,329.38,3.1,88.16,3.48
2017,313,19.14,15.53,23.06,388.75,0,78.03,3.7
2017,314,18.8,16.01,22.5,265.7,17.8,85.21,3.72
2017,315,18.04,15.14,21.42,278.59,11.1,87.17,4.04
2017,316,18.82,16.5,23.13,342.78,4.4,86.05,3.73
2017,317,18.97,16.48,22.72,418.36,3.9,87.41,4.58
2017,318,18.57,16.33,23.09,332.43,22.2,89.79,2.51
2017,319,18.42,16.63,22.5,327.11,5.7,89.16,3.26
2017,320,18.56,16.26,22.07,379.33,6.6,87.77,3.73
2017,321,18.58,16.27,22.19,301.92,2.5,87.67,3.39
2017,322,19.16,16.24,23.04,360.37,1.74,82.42,3.52
2017,323,19.33,16.45,23.33,426.02,1.4,82.05,3.47
2017,324,18.81,15.89,23.3,398.04,0.4,85.17,3.46
2017,325,18.89,16.91,22.18,319.64,14.2,87.74,3.58
2017,326,18.29,16.52,21.89,360.61,8.7,91.68,4.05
2017,327,18.41,16.01,21.81,332.88,3.6,87.89,4.08
2017,328,18.6,16.2,22.59,392.39,9,87.44,3.59
2017,329,18.63,16.17,22.4,319.92,6.8,87.22,2.76
2017,330,18.31,15.64,21.96,339,8.4,89.85,3.28
2017,331,19.47,15.78,24.04,471.51,2.6,77.23,3.81
2017,332,19.07,16.67,23.43,349.55,0,83.95,3.15
2017,333,19.54,16.52,23.98,498.21,0,75.99,3.76
2017,334,19.2,15.46,23.4,483.41,0,72.17,3.74
2017,335,19.08,14.87,23.94,461.96,0,71.36,3.2
2017,336,19.51,14.76,24.39,411.98,0,75.32,3.14
2017,337,19.26,16.65,23.41,401.68,0,82.54,3.88
2017,338,18.98,15.93,23.5,363.5,0,80.18,3.54
2017,339,19.21,15.7,24.03,404.09,0,75.45,2.89
2017,340,19.08,16.36,23.58,383.18,0,79.45,2.86
2017,341,19.16,13.78,24.68,473.77,0,76.59,2.78
2017,342,19.31,14.63,24.83,446.49,0,70.69,2.85
2017,343,18.69,14.4,23.86,398.57,0,78.08,2.72
2017,344,19.39,16.5,23.57,397.26,0.8,80.59,4.16
2017,345,19.18,15.52,23.85,396.18,0.1,80.1,3.6
2017,346,19.24,15,24.28,353.75,0,81.24,2.85
2017,347,19.64,15.87,24.75,349.7,0,82.55,2.64
2017,348,19.65,17.22,23.88,355.75,0.1,85.12,3.01
2017,349,18.97,16.04,22.86,373.16,4.7,87.32,4.19
2017,350,18.27,16.3,21.59,235.59,0,85.91,4.21
2017,351,18.93,15.66,23.38,376.45,0,79.05,3.99
2017,352,18.79,15.6,23.31,400.29,0.1,80.3,3.54
2017,353,19.29,16.03,23.73,350.94,0,76.19,2.57
2017,354,18.81,14.53,23.85,403.15,0,78.18,2.74
2017,355,19.55,15.62,24.47,407.99,0,74.8,3.57
2017,356,19.31,15.92,23.7,323.94,2.2,83.67,3.45
2017,357,18.94,16.36,23.24,309.77,6.7,86.91,3.82
2017,358,20.22,16.91,24.8,409.78,0.7,81.63,3.41
2017,359,20.3,17.16,25.01,417.6,0,83.61,3.95
2017,360,18.96,16.81,22.36,248.07,0.6,86.86,4.58
2017,361,18.91,14.84,23.14,434.42,0,73.13,3.85
2017,362,19.96,15.72,24.86,444.77,0,68.75,3.05
2017,363,20.22,15.6,25.2,410.62,0,77.61,2.63
2017,364,20.21,16.76,25.21,330.63,0,81.03,3.1
2017,365,20.6,17.19,25.44,386.32,0,78.05,2.63
2018,1,19.25,14.12,24.18,280.23,0,62.72,4.63
2018,2,17.98,13.75,23.01,211.09,0.1,72.71,4.88
2018,3,17.25,15.45,20.82,214.32,10.62,87.78,5.48
2018,4,16.94,15.21,19.18,103.83,4.8,89.25,4.65
2018,5,17.62,14.54,21.55,274.51,0.2,77.42,4.38
2018,6,19.42,13.57,24.66,376.05,0,56.91,3.87
2018,7,19.6,14.23,24.56,355.46,0,60.44,4.2
2018,8,19.01,13.81,24.6,361.29,0,73.27,4.48
2018,9,19.48,16.27,24.33,277.82,0,74.98,5.09
2018,10,19.17,15.9,23.54,312.8,0,73.78,4.69
2018,11,19.18,14.34,24.06,300.67,0,70.07,4.13
2018,12,19.84,14.59,25.32,365.58,0,64.35,4.95
2018,13,19.68,13.39,25.11,359.62,0,57.99,4.46
2018,14,19.45,13.8,24.51,341.86,0,57.68,3.85
2018,15,19.78,13.98,24.89,349.03,0,53.19,4.17
2018,16,19.6,14.32,24.98,347.23,0,58.45,4.01
2018,17,19.44,13.62,24.81,280.46,0,61.1,4.05
2018,18,21.2,14.54,27.44,350.85,0,39.06,3.88
2018,19,21.45,15.57,27.25,356.5,0,43.76,3.63
2018,20,20.97,15.4,26.66,353.82,0,53.2,4.18
2018,21,20.88,14.6,26.14,356.25,0,51.04,4.37
2018,22,20.5,16.16,24.79,235.94,0,54.3,4.54
2018,23,20.05,16.04,24.84,262.47,0,65.03,4.02
2018,24,20.01,14.81,25.45,300.24,0,64.15,4.56
2018,25,20.9,14.87,26.58,352.5,0,58.19,4.1
2018,26,18.93,14.78,24.08,340.3,1.72,63.2328,3.64
2018,27,18.93,14.78,24.08,340.3,1.72,63.253312,3.64
2018,28,18.93,14.78,24.08,340.3,1.72,62.87504448,3.64
2018,29,18.93,14.78,24.08,340.3,1.72,61.87884626,3.64
2018,30,18.93,14.78,24.08,340.3,1.72,60.78400011,3.64
2018,31,18.93,14.78,24.08,340.3,1.72,60.11856011,3.64
2018,32,18.93,14.78,24.08,340.3,1.72,60.24690252,3.64
2018,33,18.93,14.78,24.08,340.3,1.72,60.23917862,3.64
2018,34,18.93,14.78,24.08,340.3,1.72,59.71794576,3.64
2018,35,18.93,14.78,24.08,340.3,1.72,59.10746359,3.64
2018,36,18.93,14.78,24.08,340.3,1.72,58.52056214,3.64
2018,37,18.93,14.78,24.08,340.3,1.72,58.05858462,3.64
2018,38,18.93,14.78,24.08,340.3,1.72,57.80692801,3.64
2018,39,18.93,14.78,24.08,340.3,1.72,57.79960513,3.64
2018,40,18.93,14.78,24.08,340.3,1.72,57.80438933,3.64
2018,41,18.93,14.78,24.08,340.3,1.72,57.98896491,3.64
2018,42,18.93,14.78,24.08,340.3,1.72,57.9705235,3.64
2018,43,18.93,14.78,24.08,340.3,1.72,57.84534444,3.64
2018,44,18.93,14.78,24.08,340.3,1.72,58.59675822,3.64
2018,45,18.93,14.78,24.08,340.3,1.72,59.19022855,3.64
2018,46,18.93,14.78,24.08,340.3,1.72,59.42983769,3.64
2018,47,18.93,14.78,24.08,340.3,1.72,59.7654312,3.64
2018,48,18.93,14.78,24.08,340.3,1.72,59.98404845,3.64
2018,49,18.93,14.78,24.08,340.3,1.72,59.78221039,3.64
2018,50,18.93,14.78,24.08,340.3,1.72,59.6074988,3.64
2018,51,18.93,14.78,24.08,340.3,1.72,59.66419875,3.64
2018,52,18.93,14.78,24.08,340.3,1.72,59.5214547,3.64
2018,53,18.93,14.78,24.08,340.3,1.72,59.37218041,3.64
2018,54,18.93,14.78,24.08,340.3,1.72,59.23206585,3.64
2018,55,18.93,14.78,24.08,340.3,1.72,59.12619463,3.64
2018,56,18.93,14.78,24.08,340.3,1.72,59.05988241,3.64
2018,57,18.93,14.78,24.08,340.3,1.72,59.01753531,3.64
2018,58,18.93,14.78,24.08,340.3,1.72,58.96836062,3.64
2018,59,18.93,14.78,24.08,340.3,1.72,58.9175279,3.64
2018,60,18.93,14.78,24.08,352.06,1.72,58.88551118,3.47
2018,61,18.93,14.78,24.08,352.06,1.72,58.87663309,3.47
2018,62,18.93,14.78,24.08,352.06,1.72,58.89087592,3.47
2018,63,18.93,14.78,24.08,352.06,1.72,58.92416758,3.47
2018,64,18.93,14.78,24.08,352.06,1.72,58.96885716,3.47
2018,65,18.93,14.78,24.08,352.06,1.72,59.01562724,3.47
2018,66,18.93,14.78,24.08,352.06,1.72,59.06407676,3.47
2018,67,18.93,14.78,24.08,352.06,1.72,59.10708123,3.47
2018,68,18.93,14.78,24.08,352.06,1.72,59.15254354,3.47
2018,69,18.93,14.78,24.08,352.06,1.72,59.2048315,3.47
2018,70,18.93,14.78,24.08,352.06,1.72,59.22915443,3.47
2018,71,18.93,14.78,24.08,352.06,1.72,59.23071147,3.47
2018,72,18.93,14.78,24.08,352.06,1.72,59.22274642,3.47
2018,73,18.93,14.78,24.08,352.06,1.72,59.20103903,3.47
2018,74,18.93,14.78,24.08,352.06,1.72,59.16971865,3.47
2018,75,18.93,14.78,24.08,352.06,1.72,59.14521898,3.47
2018,76,18.93,14.78,24.08,352.06,1.72,59.12672779,3.47
2018,77,18.93,14.78,24.08,352.06,1.72,59.10522895,3.47
2018,78,18.93,14.78,24.08,352.06,1.72,59.08857992,3.47
2018,79,18.93,14.78,24.08,352.06,1.72,59.0772359,3.47
2018,80,18.93,14.78,24.08,352.06,1.72,59.07104271,3.47
2018,81,18.93,14.78,24.08,352.06,1.72,59.06883663,3.47
2018,82,18.93,14.78,24.08,352.06,1.72,59.0691948,3.47
2018,83,18.93,14.78,24.08,352.06,1.72,59.07126118,3.47
2018,84,18.93,14.78,24.08,352.06,1.72,59.0753772,3.47
2018,85,18.93,14.78,24.08,352.06,1.72,59.08169117,3.47
2018,86,18.93,14.78,24.08,352.06,1.72,59.08953837,3.47
2018,87,18.93,14.78,24.08,352.06,1.72,59.09805458,3.47
2018,88,18.93,14.78,24.08,352.06,1.72,59.10634173,3.47
2018,89,18.93,14.78,24.08,352.06,1.72,59.11362869,3.47
2018,90,18.93,14.78,24.08,352.06,1.72,59.11941956,3.47
2018,91,18.93,14.78,24.08,352.06,1.72,59.12357125,3.47
2018,92,18.93,14.78,24.08,352.06,1.72,59.12595103,3.47
2018,93,18.93,14.78,24.08,352.06,1.72,59.12670582,3.47
2018,94,18.93,14.78,24.08,352.06,1.72,59.12567231,3.47
2018,95,18.93,14.78,24.08,352.06,1.72,59.12250594,3.47
2018,96,18.93,14.78,24.08,352.06,1.72,59.11824,3.47
2018,97,18.93,14.78,24.08,352.06,1.72,59.11374114,3.47
2018,98,18.93,14.78,24.08,352.06,1.72,59.10938093,3.47
2018,99,18.93,14.78,24.08,352.06,1.72,59.10571461,3.47
2018,100,18.93,14.78,24.08,352.06,1.72,59.10315445,3.47
2018,101,18.93,14.78,24.08,352.06,1.72,59.10147187,3.47
2018,102,18.93,14.78,24.08,352.06,1.72,59.10046163,3.47
2018,103,18.93,14.78,24.08,352.06,1.72,59.10027094,3.47
2018,104,18.93,14.78,24.08,352.06,1.72,59.10073858,3.47
2018,105,18.93,14.78,24.08,352.06,1.72,59.10167868,3.47
2018,106,18.93,14.78,24.08,352.06,1.72,59.10290412,3.47
2018,107,18.93,14.78,24.08,352.06,1.72,59.10426682,3.47
2018,108,18.93,14.78,24.08,352.06,1.72,59.1056697,3.47
2018,109,22.3,22.3,22.3,352.06,0,64.7,3.47
2018,110,21.07,17,24.09,352.06,0,71.13,3.74
2018,111,20.16,17.07,25.36,352.06,1,80.23,2.82
2018,112,18.06,16.81,19.59,352.06,17.06,92.29,2.83
2018,113,19.19,15.33,23.64,352.06,0,80.92,2.44
2018,114,20.13,17.32,24.31,352.06,0,81.88,2.65
2018,115,18.92,15.95,22.83,352.06,5.1,86.61,2.42
2018,116,18.55,16.41,22.86,352.06,35,89.17,1.62
2018,117,19.06,15.7,23.06,352.06,0.1,80.9,2.39
2018,118,17.85,16.69,20.08,352.06,11.7,90.83,2.03
2018,119,18.04,15.51,21.49,352.06,0,85.63,2.1
2018,120,18.66,16.79,22.47,352.06,14.3,87.36,2.18
2018,121,18.02,16.16,20.28,352.06,22.6,89.17,2.66
2018,122,18.54,14.62,22.18,352.06,0.6,84.6,2.64
2018,123,18.27,16.54,21.52,352.06,0.1,89.09,3.64
2018,124,18.61,15.12,23.36,352.06,0,83.58,1.96
2018,125,18.67,14.48,23.52,352.06,0,82.14,2.29
2018,126,18.86,15.23,23.42,352.06,0,82.42,2.8
2018,127,18.79,15.61,23.07,352.06,0,83.04,2.71
2018,128,19.09,15.8,23.44,352.06,0,81.1,2.44
2018,129,18.17,16.24,21.58,352.06,0.1,86.29,3.69
2018,130,18.56,16.06,22.68,352.06,0,81.82,3.32
2018,131,18.15,15.1,22.15,352.06,0,82.4,3.2
2018,132,18.06,14.02,23.32,352.06,0,80.69,2.41
2018,133,19.24,15.48,24.25,352.06,0,80.52,2.45
2018,134,19.23,16.33,24.04,352.06,0,79.02,3.41
2018,135,18.59,14.77,23.4,352.06,0,80.56,2.58
2018,136,18.6,14.35,23.74,352.06,0,75.81,2.95
2018,137,19.07,15.98,23.06,352.06,0,78.16,2.98
2018,138,18.29,13.91,22.89,352.06,0,81.01,2.73
2018,139,18.37,14.63,23.8,352.06,0,79.61,2.45
2018,140,19.41,13.13,26.12,352.06,0,72.85,2.35
2018,141,19.27,13.3,24.7,352.06,0,73.65,2.67
2018,142,19.83,15.97,25.45,352.06,0,76.68,2.49
2018,143,19.78,16.04,24.78,352.06,0,77.59,3.21
2018,144,18.99,14.96,23.77,352.06,0,73.95,3.17
2018,145,19.11,14.58,23.87,352.06,0,72.29,3.33
2018,146,18,14.1,22.59,352.06,0,75.42,3.35
2018,147,16.64,12.72,21.05,352.06,0.3,82.01,3.15
2018,148,17.5,14.02,22.45,352.06,0.1,80.72,3.26
2018,149,16.53,14.07,19.75,352.06,2.6,89.1,3.74
2018,150,17.26,13.76,20.82,352.06,0,82.09,2.58
2018,151,18.19,15.48,23.03,165.37,0,78.43,2.52
2018,152,19.1,14.83,24.04,252.18,0,74.88,3.37
2018,153,19.11,15.58,23.99,273.08,2.6,76.13,3.6
2018,154,18,14.69,22.03,69.78,0,80.43,3.46
2018,155,17.66,13.89,22.83,199.47,0,79.68,3.11
2018,156,19.15,14.11,24.66,306.03,0,72.1,2.52
2018,157,18.83,15.25,23.88,200.96,0.2,76.26,3.01
2018,158,18.95,13.44,24.91,360.35,0,62.02,2.54
2018,159,19.36,12.31,26.04,365.95,0,64.25,2.55
2018,160,18.79,15.88,23.8,229.63,0,75.18,3.93
2018,161,18.3,13.62,24.32,251.44,0,74.56,2.85
2018,162,19.59,14.98,24.61,351.39,0,63.15,2.73
2018,163,19.64,14.92,24.48,241.6,0.2,63.95,2.52
2018,164,17.84,13.52,22.29,190.26,0,74.48,2.64
2018,165,18.81,14.98,25.01,245.06,0,78.03,2.24
2018,166,17.89,14.88,21.55,141.38,0,77.07,2.1
2018,167,18.54,14.65,23.95,188.56,0,74.76,2.65
2018,168,16.83,14.59,19.37,54.07,0,80.78,3.03
2018,169,17.38,13.35,22.42,172.24,0,74.23,2.81
2018,170,17.84,12.97,22.96,224.37,0,73.04,2.49
2018,171,18.42,14.65,22.7,138.18,0,77.27,2.83
2018,172,17.83,15.91,20.93,191.66,0,79.93,3.14
2018,173,17.11,14.77,20.05,117.71,0,78.53,2.92
2018,174,16.87,15.44,18.65,61.62,0,81.36,3.27
2018,175,17.72,14.23,22.8,198.47,0,69.59,2.7
2018,176,18.16,13.41,24.21,249.27,0,60.96,2.39
2018,177,16.67,13.5,21.31,115.2,0,76.59,2.67
2018,178,16.59,13.91,20.48,94.91,0,79.69,2.63
2018,179,17.33,12.34,22.77,236.09,0,73.82,2.46
2018,180,16.34,13.54,19.66,114.41,0,79.4,2.51
2018,181,17.5,14.71,21.1,109.4,0,75.77,3.1
2018,182,17.09,14.5,20.39,26.13,0,79.28,3.5
2018,183,16.91,14.71,19.95,85.05,0,75.76,3.45
2018,184,17.14,13.46,21.06,61.39,0,73.3,3.53
2018,185,16.5,13.97,19.82,167.11,0,73.98,3.97
2018,186,15.27,12.43,18.94,12.18,0,79.14,2.19
2018,187,18.06,15.84,19.51,95.63,0,66.31,4.78
2018,188,16.23,14.2,18.34,100.56,0,71.89,4.13
2018,189,16.26,12.37,20.81,159.02,0,72.12,3.26
2018,190,16.77,11.2,23.56,248.11,0,72.19,2.32
2018,191,18.69,10.53,26.26,315.31,0,65.96,2.48
2018,192,18.73,13.05,25.43,289.71,0,67.15,2.61
2018,193,16.82,13.68,20.29,189.55,0,74.61,3
2018,194,16.93,12.67,20.86,192.7,0,72.44,3.07
2018,195,18.08,13.39,23.37,212.77,0,65.2,3.12
2018,196,17.13,12.58,22.48,132.91,0,70.3,2.48
2018,197,16.52,12.53,20.62,203.16,0,72.56,2.49
2018,198,15.86,11.93,19.8,67.65,0,73.96,2.59
2018,199,16.31,12.25,21.51,91.4,0,71.79,3.25
2018,200,16.74,12.41,21.45,65.78,0,73.66,2.79
2018,201,18.82,12.14,25.91,312.23,0,61.97,2.95
2018,202,18.53,13.18,24.25,317.92,0,62.06,3.24
2018,203,17.85,14.49,22.47,64.01,0,70.11,3.15
2018,204,17.62,14.85,21.88,183.78,0,74.82,3.76
2018,205,17.38,13.13,21.38,87.99,0,73.91,2.7
2018,206,18.01,15.6,22.06,164.12,0,74.49,3.37
2018,207,16.77,14.22,22.16,164.8,0,75.2,3.05
2018,208,16.96,12.3,21.48,97.12,0,71.97,2.7
2018,209,16.78,14.6,20.27,100.08,0,75.65,3.99
2018,210,19.48,14.25,25.65,NA,1.13,NA,1.6
2018,211,19.48,14.25,25.65,NA,1.13,NA,NA
2018,212,16.6,15.06,23.09,29.4,55.62,88.21,2.67
2018,213,16.77,13.75,20.4,256.94,0,84.08,2.81
2018,214,17.61,14.08,23.6,276.25,0,78.61,2.72
2018,215,17.15,11.43,24.45,370.21,0,75.81,3.08
2018,216,16.59,11.45,23.44,418.89,0,77.72,2.74
2018,217,15.9,11.46,21.9,229.4,0,77.46,2.77
2018,218,15.41,12.37,19.38,129.79,0,76.78,3.42
2018,219,16.55,11.15,22.11,335.6,0,69.57,3.58
2018,220,16.84,10.31,23.81,393.76,0,68.58,2.79
2018,221,17.32,10.45,24.61,358.97,0,65.19,2.24
2018,222,17.43,12.32,23.1,267.85,0,73.64,2.81
2018,223,16,11.45,21.38,279.77,0,78.38,2.8
2018,224,16.26,13.13,21.55,267.28,0,77.27,4.25
2018,225,16.09,12.1,20.98,300.57,0,76.85,3.58
2018,226,14.86,10.78,18.88,186.99,0,77.27,3.24
2018,227,16.17,10.4,22.59,362.45,0,78.62,3.16
2018,228,15.73,12.18,21.02,193.29,0,78.01,3.29
2018,229,14.76,10.47,19.42,191.7,0.1,76.82,3.4
2018,230,15.07,12.45,18.64,137.54,0,79.41,2.91
2018,231,15.17,11.67,19.21,193.86,0,79.29,3.31
2018,232,15.93,12.67,21.26,194.07,0,76.26,2.81
2018,233,15.73,11.44,21.28,264.54,0,73.77,3.09
2018,234,16.31,10.78,21.12,185.61,0,73.29,2.97
2018,235,17.06,10.96,24.12,296.86,0,70.25,2.67
2018,236,15.91,13.39,18.69,113.44,0,80.69,3.04
2018,237,17.29,12.49,23.06,215.29,0,71.77,3.16
2018,238,17.74,11.88,23.37,259.16,0,69.32,3.31
2018,239,17.09,14.4,22.17,179.34,0,80.39,3.14
2018,240,17.73,12.36,24.35,261.63,1.5,77.19,2.4
2018,241,15.93,14.09,18.77,90.39,0.1,85.06,2.51
2018,242,16.37,13.47,19.55,143.68,0,73.13,3.12
2018,243,16.82,12.71,21.06,211.61,0,69.27,3.23
2018,244,16.56,13.2,20.14,201.46,0,70.47,3.44
2018,245,15.47,11.77,19.59,120.08,0,79.36,2.89
2018,246,16.34,13.18,21.05,108.2,0,80.7,2.97
2018,247,16.62,10.71,22.47,210.51,0,73.36,2.75
2018,248,16.42,11.88,21.52,192.35,0,78.64,3.12
2018,249,18.1,14.54,23.26,341.28,0,71.59,3.58
2018,250,17.83,13.62,23.34,294.5,0,70.7,4.22
2018,251,17.77,12.83,23.71,399.68,0,67.35,3.36
2018,252,17.86,11.99,23.8,348.42,0,66.87,3.1
2018,253,18.95,11.89,26.47,388.1,0,62.47,3.32
2018,254,20.02,14.37,26.75,362.86,0,65.57,3.25
2018,255,19.08,14.84,24.56,375.28,0,65.17,4.16
2018,256,18.01,11.4,24.92,382.86,0,62.4,3.43
2018,257,18.9,13.46,25.21,381.15,0,65.56,3.47
2018,258,19.74,13.81,25.91,344.46,0,65.12,3.65
2018,259,18.99,11.42,26.66,390.95,0,62.88,3.41
2018,260,19.42,11.63,26.66,386.21,0,60.22,3.63
2018,261,19.04,11.43,26.8,343.9,0,60.76,3.49
2018,262,17.96,11.56,25.69,367.38,0,67.64,3.23
2018,263,17.7,12.25,24.73,302.25,0,66.95,2.91
2018,264,19.23,12.66,26.44,402.75,0,68.43,3.84
2018,265,19.45,14.45,26.2,375.51,0,64.75,4.15
2018,266,18.16,13.01,23.56,276.9,0,69.04,3.94
2018,267,18.54,13,24.95,348.03,0,65.83,3.46
2018,268,17.97,10.74,25.28,390.05,0,64.04,3.77
2018,269,19.07,13.96,24.87,307.7,0,65.64,3.91
2018,270,19.44,12.78,26.23,338.76,0,66.81,3.84
2018,271,18.55,14.65,22.86,262.62,0,73.67,3.5
2018,272,19.11,15.23,24.79,325.26,0,73.01,4.54
2018,273,19.34,13.57,26.13,340.5,0,66.09,3.74
2018,274,19.39,13.99,25.7,427.6,0,60.8,3.95
2018,275,17.9,10.42,24.28,386.57,0,58.5,3.94
2018,276,17.91,12.04,24.29,294.81,0,67.9,3.78
2018,277,19.27,13.9,26.01,413.41,0,68.04,4.18
2018,278,18.69,14.18,24.05,302.87,0,67.84,3.75
2018,279,19,13.03,25.49,363.15,0,64.31,3.22
2018,280,20.11,15.16,27,385.89,0,65.87,3.79
2018,281,19.04,14.53,26.46,290.14,9.9,73.65,3.15
2018,282,18.55,12.95,24.16,240.49,0.8,70.68,3.29
2018,283,18.75,13.47,23.91,311.96,0,70.33,3.63
2018,284,18.24,11.88,24.24,315.37,0,69.49,3.67
2018,285,19.1,13.37,25.09,377.15,0,64.16,3.28
2018,286,19.43,12.16,27.16,366.53,0,64.07,2.98
2018,287,20.2,15.51,26.89,293.92,0,68.46,3.44
2018,288,19.65,13.54,27.37,321.8,0,65.76,3.47
2018,289,20.14,14.71,26.35,314.3,0,67.57,2.95
2018,290,19.71,14.4,26.68,341.22,0,67.4,2.94
2018,291,20.39,15.48,26.25,376.21,0,68.03,3.58
2018,292,20.39,15.87,26.02,379.61,0,69.01,4.43
2018,293,20.31,15.81,26.36,397.83,0,69.7,4.39
2018,294,20.49,14.78,26.48,391.04,0,68.59,3.55
2018,295,20.02,14.68,25.48,360.18,0,70.87,4.71
2018,296,18.92,13.1,24.48,374.51,0,68.88,5.36
2018,297,16.42,14.08,19.6,163.05,3.47,83.86,4.5
2018,298,16.35,14.69,20.04,153.87,0.2,82.92,1.81
2018,299,16.83,14.17,20.52,222.11,1.77,88.02,3.5
2018,300,17.71,13.7,22.47,223.85,0,84.5,3.48
2018,301,17.7,14.69,22.5,294.16,5.41,83.7,4.2
2018,302,18.28,15.04,23.01,309.42,0,79.45,3.54
2018,303,19.17,15.27,24.55,351.5,0.7,74.29,4.07
2018,304,19.89,15.03,25.79,322.87,0,66.35,4.56
2018,305,20.03,14.3,26.13,403.31,0,66.73,4.77
2018,306,19.99,15.47,25.36,316.21,0,71.42,5.36
2018,307,19.37,16.13,24.78,383.44,7.9,79.59,4.31
2018,308,19.21,16.09,23.98,393.38,0,78.15,4.39
2018,309,19.08,13.71,24.8,369.02,0,69.24,3.86
2018,310,19.44,11.7,25.56,432.47,0,64.07,3.28
2018,311,19.74,14.41,26.24,383.09,0,69.85,3.6
2018,312,20.32,14.14,27.57,406.81,0,70.13,3.37
2018,313,20.67,13.74,27.57,379.04,0,66.76,3.16
2018,314,19.87,14.81,26.38,219.56,0,70.38,3.45
2018,315,20.48,16.14,26.03,328.17,0,63.67,3.62
2018,316,19.61,14.55,25.78,380.24,0.2,71.68,3.74
2018,317,20.24,15.57,26.12,397.15,0.1,72.62,4.09
2018,318,19.54,16.05,24.82,315.32,0,69.36,3.82
2018,319,19.49,14.22,25.02,377.69,0,66.96,3.75
2018,320,20.39,14.1,26.93,415.72,0,61.09,3.56
2018,321,20.68,12.65,27.66,399.72,0,62.59,3.36
2018,322,19.15,15.92,25.36,227.87,0.1,78.9,3.17
2018,323,20.25,14.31,26.69,398.8,0,66.78,3.24
2018,324,19.77,14.5,25.3,369.3,20.5,73.33,4.07
2018,325,19.19,15.69,23.1,335.81,16.58,81.78,4.08
2018,326,18.36,15.97,23.18,250.84,20.7,83.38,3.5
2018,327,19.18,15.47,24.07,315.27,0,77.21,3.68
2018,328,19.53,14.45,24.87,413.16,0,68.12,4.36
2018,329,18.93,15.54,23.66,343.05,0,74.51,3.78
2018,330,18.58,15.5,23.29,404.82,4.49,80.91,4.62
2018,331,17.72,14.97,22.08,340.87,32.53,89.04,4.4
2018,332,18.73,14.89,23.52,389.35,1.02,80.39,3.85
2018,333,19.07,15.64,23.53,362.12,0,78.39,4.38
2018,334,18.22,15.77,22.2,346.84,12.3,85.63,4.48
2018,335,18.6,15.89,22.8,381.4,2.4,79.28,5.25
2018,336,17.46,15.31,21.46,315.23,2.8,87.59,4.08
2018,337,18.07,14.47,22.93,345.04,0,83.59,2.74
2018,338,18.74,15.35,23.64,417.43,0,84.58,3.58
2018,339,18.14,15.39,23.18,365.68,14.9,85.89,3.2
2018,340,18.33,15.75,23.16,377.03,18.1,88.06,3.16
2018,341,19.59,15.82,24.58,449.29,1.9,80.81,2.91
2018,342,19.61,16.37,24.04,461.93,0,81.12,3.62
2018,343,17.98,14.3,22.32,318.92,29.6,83.84,2.47
2018,344,19.39,16.28,23.75,435.35,0.6,79.97,3.01
2018,345,18.07,15.6,22.15,245.69,2.8,87.7,2.04
2018,346,17.23,14.44,21.16,260.87,23.49,89.71,2.48
2018,347,19.3,14.58,24.57,413.87,0,80.65,3.09
2018,348,18.55,14.4,22.86,405.65,2.9,84.89,3.23
2018,349,18.48,15.39,23.26,448.86,18.26,85.67,3.24
2018,350,17.68,15.29,22.32,353.04,24.7,88.68,3.41
2018,351,18.07,13.16,22.97,446.13,0.1,82.22,2.95
2018,352,18.6,14.25,23.53,472.09,0,77.31,3.08
2018,353,19.19,14.38,24.29,459.03,0,79.76,3.4
2018,354,19.19,16.48,23.37,278.22,1.3,81.68,3
2018,355,18.71,15.5,23.56,367.87,0,78.52,3.07
2018,356,18.15,13.4,23.73,344.3,0,74.92,2.83
2018,357,18.84,14.16,24.48,384.57,0,79.45,2.85
2018,358,19.04,14.56,24.14,457.5,0,78.56,3.66
2018,359,18.27,14.18,23.31,420.96,0,73.32,3.2
2018,360,18.4,13.73,23.95,399.99,0,76.34,3.43
2018,361,18.25,14.04,22.74,413.96,0,78.01,3.78
2018,362,18.44,15.12,23.32,403.55,0,79,4.14
2018,363,18.67,13.86,24.89,445.89,0,78.88,3.12
2018,364,19.29,14.46,25.22,444.74,0,77.72,3.29
2018,365,19.29,15.61,24.64,402.79,0.1,78.21,3.38
2019,1,18.67,14.93,23.53,404.13,0,78.74,4.01
2019,2,18.09,12.83,24.2,382.89,0,74.47,2.52
2019,3,18.99,12.82,24.75,430.36,0,68.57,2.36
2019,4,19.15,14.07,24.68,446.47,0,70.32,3.41
2019,5,17.56,14.63,22,297.77,7.7,88.16,3.74
2019,6,18.12,15.54,21.81,347.24,1.5,82.25,3.82
2019,7,18.85,14.89,24.31,454.24,0,75.08,3.45
2019,8,19.42,13.92,24.92,453.72,0,65.2,2.97
2019,9,16.29,15.98,16.77,29.4,0,74.2,0.7
2019,10,19.48,14.25,25.65,29.4,1.13,70,3.64
2019,11,21.88,18.88,24.35,417.75,0,54.67,4.22
2019,12,19.72,15.9,24.62,360.29,0.2,71.13,4.04
2019,13,18.57,14.04,24.13,407.69,0,73.19,3.61
2019,14,15.86,15.86,15.86,29.4,0,65.21,0.53
2019,15,19.48,14.25,25.65,29.4,1.13,73.46,3.64
2019,16,19.48,14.25,25.65,29.4,1.13,81.46,3.64
2019,17,19.48,14.25,25.65,29.4,1.13,81.44,3.64
2019,18,19.48,14.25,25.65,29.4,1.13,71.85,3.64
2019,19,19.48,14.25,25.65,29.4,1.13,70.39,3.64
2019,20,19.48,14.25,25.65,29.4,1.13,68.11,3.64
2019,21,19.48,14.25,25.65,29.4,1.13,62.72,3.64
2019,22,19.48,14.25,25.65,29.4,1.13,64.64,3.64
2019,23,19.48,14.25,25.65,29.4,1.13,67.85,3.64
2019,24,19.48,14.25,25.65,29.4,1.13,68.45,3.64
2019,25,19.48,14.25,25.65,29.4,1.13,68.48,3.64
2019,26,19.48,14.25,25.65,29.4,1.13,67.19,3.64
2019,27,19.48,14.25,25.65,29.4,1.13,74.31,3.64
2019,28,19.48,14.25,25.65,29.4,1.13,68.61,3.64
2019,29,19.48,14.25,25.65,29.4,1.13,71.57,3.64
2019,30,19.48,14.25,25.65,29.4,1.13,68.14,3.64
2019,31,19.48,14.25,25.65,29.4,1.13,67.04,3.64
2019,32,19.48,14.25,25.65,29.4,1.13,66.55,3.64
2019,33,22.63,17.96,26.57,452.51,0,49.13,4.55
2019,34,20.53,12.89,28.07,425.11,0,61.74,3.52
2019,35,16.58,13.78,23.03,179.79,0,58.84,1.5
2019,36,19.48,14.25,25.65,29.4,1.13,63.01,3.64
2019,37,19.48,14.25,25.65,29.4,1.13,66.11,3.64
2019,38,19.48,14.25,25.65,29.4,1.13,63.53,3.64
2019,39,19.48,14.25,25.65,29.4,1.13,64.35,3.64
2019,40,19.48,14.25,25.65,29.4,1.13,65.99,3.64
2019,41,19.48,14.25,25.65,29.4,1.13,66.99,3.64
2019,42,21.52,16.9,25.44,433.52,0,57.22,6.26
2019,43,20.07,13.71,27.33,423.16,0,63.73,4.1
2019,44,19.55,13.42,26.11,421.27,0,60.44,4.23
2019,45,19.03,13.44,26.08,421.52,0,61.81,4.21
2019,46,19.58,14.34,25.68,391.37,0,63.52,4.05
2019,47,21.04,14.82,27.39,401.35,0,64.48,4
2019,48,21.28,17.33,26.89,330.92,0,65.75,4.66
2019,49,21.53,16.73,26.84,361.47,0,66.93,3.86
2019,50,21.98,14.02,29.49,419.62,0,63.03,2.99
2019,51,21.96,15.24,29.6,395.61,0,61.43,3.2
2019,52,21.36,16.15,27.52,433.98,0,61.93,4.38
2019,53,20.45,16.33,25.87,403.07,3.7,71.35,4.85
2019,54,20.39,15.57,26.48,422.97,0,67.64,4.35
2019,55,20.63,15.6,27.71,372.27,0.6,70.96,3.84
2019,56,20.4,15.79,27.76,330.13,0,69.18,2.87
2019,57,21.19,15.91,27.88,392.57,1.7,64.79,3.19
2019,58,21.65,14.89,28.85,446.15,0,57.55,4.68
2019,59,21.04,13.94,27.47,429.46,0,53.54,3.8
2019,60,21.37,13.54,28.47,438.6,0,48.81,4.02
2019,61,22.64,13.59,30.69,430.31,0,57.37,3.24
2019,62,22.72,15.86,29.74,204.26,0,46.12,2.17
2019,63,22.98,16.43,30.63,381,0.6,51.2,3.07
2019,64,21.09,15.58,27.9,348.69,5.1,64.29,2.4
2019,65,20.78,15.75,26.9,444.39,21.9,68.4,3.24
2019,66,21.63,14.55,28.62,484.64,0,52.13,3.2
2019,67,22.19,15.63,29.16,470.57,0,49.94,3.5
2019,68,22.11,14.65,28.63,479.44,0,50.07,3.37
2019,69,21.25,15.03,27.9,451.69,0,55.81,4.06
2019,70,21.17,15.11,27.8,457.54,0,57.38,4.49
2019,71,20.9,13.91,27.46,425.21,0,57.63,4.12
2019,72,21.6,14.71,29,427.74,0,58.99,3.95
2019,73,21.42,14.9,28.32,412.15,0,58.15,4.84
2019,74,19.82,15.38,25.89,417.68,0,66.55,4.49
2019,75,20.6,14.82,26.72,453.15,0,63.32,4.25
2019,76,20.71,15.08,26.86,386.27,0,64.34,3.51
2019,77,20.72,14.79,28.05,510.68,0,62.7,3.2
2019,78,19.05,15.05,24.35,30.42,2.88,79.66,3.47
2019,79,19.05,15.05,24.35,30.42,2.88,79.66,3.47
2019,80,19.05,15.05,24.35,30.42,2.88,79.66,3.47
2019,81,19.05,15.05,24.35,30.42,2.88,79.66,3.47
2019,82,19.05,15.05,24.35,30.42,2.88,79.66,3.47
2019,83,23.62,18.95,27.31,440.02,0,47.82,5.01
2019,84,21.34,16.18,27.52,370.37,0,59.38,3.57
2019,85,21.87,14.94,29.24,400.42,0,60.78,2.82
2019,86,22.6,15.76,30.18,397.29,0,58.62,3.26
2019,87,22.12,16.25,28.07,379.65,0,56.18,3.97
2019,88,21.24,15.86,27.26,375.7,0,61.95,4.08
2019,89,22.06,16.53,28.38,350.25,0,61.14,3.71
2019,90,22.1,16.45,27.58,336.73,4.7,60.59,4.24
2019,91,22,15.7,28.75,397.86,0.1,63.65,3.99
2019,92,21.96,16.23,28.24,386.57,0,62.99,4.3
2019,93,22.16,16.71,28.48,387.74,0,59.3,3.6
2019,94,22.42,16.14,28.6,405.31,0,61.19,3.63
2019,95,21.67,16.93,27.45,348.15,0,69.39,4.41
2019,96,21.3,16.46,26.72,311.94,0,66.75,4.75
2019,97,21.26,15.94,27.21,340.13,0,63.66,5.05
2019,98,21.54,16.3,27.53,380.67,0,61.17,4.16
2019,99,22.08,15.12,29.02,433.56,0,54.36,2.93
2019,100,18.68,17.78,19.79,30.42,0,81.59,3.01
2019,101,19.05,15.05,24.35,30.42,2.88,79.66,3.47
2019,102,19.05,15.05,24.35,30.42,2.88,79.66,3.47
2019,103,19.05,15.05,24.35,30.42,2.88,79.66,3.47
2019,104,19.05,15.05,24.35,30.42,2.88,79.66,3.47
2019,105,19.05,15.05,24.35,30.42,2.88,79.66,3.47
2019,106,19.05,15.05,24.35,30.42,2.88,79.66,3.47
2019,107,19.05,15.05,24.35,30.42,2.88,79.66,3.47
2019,108,24.38,20.09,28.4,255.72,0,36.04,4.38
2019,109,22.11,15.59,28.47,305.38,0,56.36,3.53
2019,110,22.12,16.34,28.11,304.27,0,62.42,4.07
2019,111,22.54,16.67,28.87,267.05,0,64.08,3.2
2019,112,21.69,16.65,28.78,256.67,0.9,68.84,3.25
2019,113,20.99,16.4,26.62,254.24,7.4,73.39,2.25
2019,114,19.96,17.53,24.4,159.98,6.5,81.76,2.64
2019,115,19.86,15.88,26.74,351.42,29,80.44,3.06
2019,116,20,17.28,24.69,191.9,0,86.34,2.81
2019,117,20.13,16.78,24.42,372.53,11.2,84.5,3.26
2019,118,19.93,15.21,25.02,334.21,19.71,79.93,2.09
2019,119,20.52,16.44,26.21,440.95,0,78.88,3.03
2019,120,20.56,16.43,25.09,391.88,0.8,78.61,3.64
2019,121,19.64,16.1,24.67,352.33,1.2,81,3.77
2019,122,20.02,16.1,25.73,430.25,0,72.89,3.09
2019,123,20.34,15.33,26.28,422.02,0,70.87,2.83
2019,124,20.26,16.68,24.94,313.68,0,76.48,3.29
2019,125,19.65,16.25,23.98,281.23,0,78.47,3.68
2019,126,19.99,16.26,25.28,320.52,0,76.96,3.52
2019,127,19.81,16.16,24.77,372.3,1.6,78.42,3.23
2019,128,19.74,15.95,25.12,353.41,0,78.01,3.69
2019,129,20.2,16.09,24.85,349.12,0,73.44,3.74
2019,130,19.66,15.22,24.5,308.71,0,75.38,2.91
2019,131,19.63,16.08,24.92,271.54,0,78.38,3.91
2019,132,19.5,15.7,24.83,311.76,0,75.69,4.25
2019,133,19.38,16.02,24.63,289.69,0.2,78.13,3.47
2019,134,19.59,14.75,24.37,277.79,0,77.66,3.7
2019,135,19.57,15.62,24.86,304.15,0,76.46,3.84
2019,136,20.15,15.52,25.83,358.4,0,74.15,3.32
2019,137,19.67,14.88,24.33,277.47,0,73.07,3.4
2019,138,19.62,14.87,24.8,263.57,0,73.52,3.73
2019,139,18.57,16.31,22.29,268.17,10.7,86.36,3.82
2019,140,17.69,15.03,20.46,200.98,0,82.94,3.18
2019,141,18.5,14.18,22.36,264.59,0,78.94,3.24
2019,142,18.89,14.07,24.23,320,0,75.2,3.24
2019,143,18.84,14.79,24.05,226.1,0,78.11,2.92
2019,144,18.54,15.49,22.67,282.26,0,82.81,3.52
2019,145,18.02,14.76,23.12,340.41,0,81.13,3.47
2019,146,17.95,15.73,21.96,233.68,0,84.72,3.29
2019,147,17.69,15.52,21.09,211.7,3,86.23,3.73
2019,148,18.18,15.76,22.11,251.02,0,77.9,3.29
2019,149,17.93,14.36,21.84,201.51,0,74.91,3.28
2019,150,18.45,15.47,22.57,259.82,0,75.9,2.95
2019,151,18.98,13.86,24.03,343.84,0,73.66,2.7
2019,152,18.74,14.86,23.74,203.36,0,74.88,2.15
2019,153,19.36,15.9,26.37,332.48,0,77.99,2.23
2019,154,18.3,15.86,25.48,296.98,23.37,89.25,2.35
2019,155,18.79,15.86,23.39,319.46,0,84.46,2.3
2019,156,18.12,14.67,22.13,243.64,0,77.36,2.63
2019,157,16.84,15.01,19.19,118.16,0,85.53,2.48
2019,158,17.27,14.15,21.34,222.71,23.8,85.12,2.47
2019,159,17.88,14.75,21.6,247.63,0,79.37,2.59
2019,160,18.53,14.92,23.31,307.51,0,75.83,2.96
2019,161,16.81,15.65,18.91,88.11,0.6,86.39,2.65
2019,162,16.02,14.19,18.7,106.72,0,82.91,2.96
2019,163,17.12,13.54,20.82,212.6,0,73.4,2.15
2019,164,17.67,14.32,20.69,150.08,0,76.45,2.1
2019,165,18.31,14.85,22.75,260.22,0,74.44,3.21
2019,166,17.51,14.36,21.77,228.41,0,78.3,2.57
2019,167,16.85,13.84,20.65,210.67,0,78.98,2.68
2019,168,17.9,13.41,23.5,287.13,0,70.3,2.43
2019,169,17.89,11.91,23.72,354.22,0,62.31,2.58
2019,170,16.99,12.83,21.42,185.43,0,74.38,2.14
2019,171,18.41,13.15,24.45,306.49,0,72.78,2.26
2019,172,18.09,13.8,22.92,257.47,0,74.03,2.64
2019,173,16.28,13.91,18.74,115.72,0,83.88,2.71
2019,174,18.07,13.93,23.24,289.99,0,75.94,2.02
2019,175,18.56,14.17,25.27,347.62,0.2,73.58,2.13
2019,176,18.71,14.17,24.32,234.05,0,74.77,1.63
2019,177,17.19,13.19,20.82,171.41,0,80.87,2.9
2019,178,17.54,14.61,22.73,168.89,0,78.23,2.76
2019,179,17.66,13.55,22.06,171.55,0,76.36,2.67
2019,180,16.94,13.95,21.81,209.48,0,77.42,2.62
2019,181,17.74,11.85,24.73,376.87,0,69.58,2.71
2019,182,17.93,11.47,24.61,293.81,0,65.05,2.83
2019,183,18.81,13.31,24.6,355.33,0,67.47,2.76
2019,184,18.68,12.96,24.5,302.97,0,68.49,2.53
2019,185,17.95,14.3,21.36,151.54,0,71.87,2.93
2019,186,17.9,12.35,23.86,300.31,0,63.8,3.27
2019,187,18.42,12.86,24.56,303.34,0,65.3,2.6
2019,188,17.87,14.63,22.66,221.02,0,73.42,2.77
2019,189,17.85,13.7,23.31,210.01,0,71.68,2.82
2019,190,18.44,12.39,24.56,293.68,0,69.62,2.79
2019,191,18.78,12.94,24.98,334.15,0,67.49,2.76
2019,192,18.36,12.39,24.25,254.04,0,70.29,3.06
2019,193,18.57,13.6,23.86,284.97,0,69.55,3.52
2019,194,19.03,13.91,24.83,324.99,0,63.26,2.95
2019,195,17.2,12.31,22.17,167.08,0,71.7,2.55
2019,196,17.31,11.73,22.82,244.39,0,71.47,3.41
2019,197,17.34,12.64,22.77,219.16,0,68.75,3.22
2019,198,16.33,12.08,20.61,192.51,0,72.8,3
2019,199,16.31,13.61,20.22,152.09,0,75.54,3.85
2019,200,17.26,12.94,22.71,337.88,0.8,67.69,3.34
2019,201,17.01,13.63,21.97,248.29,0,73.15,3.52
2019,202,16.91,13.07,22.83,187.85,0,72.86,2.32
2019,203,18.76,11.56,25.88,320.47,0,65.03,2.6
2019,204,17.12,13.12,23.38,201.97,0,70.18,2.8
2019,205,17.71,10.84,25.25,331.39,0,59.23,2.73
2019,206,17.7,11.23,24.66,282.07,0,59.14,2.33
2019,207,18.25,11.51,25.81,356.65,0,58,2.63
2019,208,17.23,12.01,24.51,344.37,0,63.51,3.02
2019,209,16.37,10.47,23.42,277.17,0,65.21,2.9
2019,210,16.86,11.64,22.32,223.75,0,66.71,2.58
2019,211,17.92,12.38,22.83,252.05,0,66.47,2.69
2019,212,16.95,13.02,20.8,139.87,0,74.36,2.56
2019,213,17.85,14.64,22.22,137.04,5.5,75.51,2.75
2019,214,19.04,13.92,25.13,337.48,0,68.8,3.36
2019,215,17.43,11.77,23.22,242.46,0,76.73,3.23
2019,216,17.74,13.27,22.95,386.33,2.24,74.75,3.89
2019,217,17.64,11.11,24.33,401.78,0,64.31,3.26
2019,218,18.25,11.2,25.79,379.67,0,65.53,2.69
2019,219,19.24,10.89,27.05,347.98,0,61.35,2.68
2019,220,18.79,15.69,23.92,276.47,0,72.48,3.74
2019,221,18.2,13.84,23.44,336.18,0,70.43,3.61
2019,222,17.18,11.21,22.86,342.07,0,71.69,2.81
2019,223,17.02,11.51,22.78,255.15,0,64.48,3.01
2019,224,16.22,13.92,20.35,164.02,0,70.69,3.17
2019,225,16.57,11.91,22.01,293.3,0,67.33,2.97
2019,226,17.53,13.12,24.09,316.05,0,66.26,3.31
2019,227,16.61,13.48,20.82,164.39,0,70.68,3.34
2019,228,16.27,10.48,21.53,198.76,0,64.55,3.86
2019,229,16.83,13.06,20.04,168.04,0,64.35,3.56
2019,230,16.87,10.76,21.79,204.02,0,66.23,2.8
2019,231,17.39,13.13,22.2,215.61,0,71.74,3.13
2019,232,15.55,12.98,18.9,115.76,0,77.83,2.72
2019,233,16.64,11.71,22.91,232.34,0,67.66,3.02
2019,234,17.54,12.73,23.05,279.89,0,67.03,3.54
2019,235,17.88,13.19,23.81,243.37,0,68.05,2.83
2019,236,19.08,14.36,25.12,376.06,0,61.53,3.68
2019,237,18.18,14.07,24.02,265.79,0,73.07,3.94
2019,238,18.12,13.09,23.77,366.24,0.6,67.64,4.38
2019,239,18.7,13.64,24.5,369.56,0,62.93,4.55
2019,240,18.86,14.11,24.05,221.6,0,65.54,2.89
2019,241,18.44,11.76,25.4,331.85,0,67.02,3.02
2019,242,18.78,13.52,23.91,229.72,0,68.75,3.05
2019,243,18.13,14.9,22.54,205.69,0,75.25,3.71
2019,244,18.5,14.33,25.01,216.46,10.8,74.84,2.55
2019,245,17.97,14.87,27.12,390.47,31.2,83.01,1.87
2019,246,17.39,13.12,22.63,341.16,0,84.31,2.91
2019,247,17.63,14.82,22.54,195.14,0,75.01,3.35
2019,248,17.57,12.92,22.5,256.83,0,72.48,3
2019,249,17.44,13.29,22.02,196.91,0,72.29,3.13
2019,250,18.52,12.92,24.57,367.69,0,71.07,2.82
2019,251,17.65,15.03,22.1,185.51,0,71.6,3.59
2019,252,16.47,12.95,20.12,156.38,0,73.57,3.41
2019,253,18.15,12.92,23.88,299.37,0,65.24,3.33
2019,254,18,14.77,23.35,211,0.2,78.48,3.9
2019,255,18.26,14.4,23.63,293.75,0.31,73.97,3.27
2019,256,18.97,13.41,24.95,380.47,0,68.89,2.93
2019,257,18.79,12.07,25.68,386.65,0,69.8,3.22
2019,258,19.18,12.88,26.26,395.15,0,68.56,3.31
2019,259,19.37,14.21,26.28,373.74,0,67.03,3.35
2019,260,18.66,13.12,24.72,387.26,0,64.2,3.16
2019,261,18.6,11.74,25.31,380.36,0,61.99,3.93
2019,262,19.36,12.84,26.39,307.46,0,59.42,3.08
2019,263,18.32,11.52,25.06,421.34,0,52.94,4.31
2019,264,18.3,10.69,24.81,376.58,0,60.61,3.88
2019,265,18.68,11.87,25.46,344.21,0,63.13,3.35
2019,266,18.64,12.03,25.7,391.02,0,62.58,3.74
2019,267,18.72,12.85,25.54,329.79,0,66.4,3.3
2019,268,18.01,14.36,22.41,252.72,0,74.25,3.1
2019,269,15.53,13.33,20.49,214.45,0,85.5,2.54
2019,270,18.66,14.2,25.9,29.4,0,70,3.64
2019,271,18.91,14.87,23.32,165.82,0,67.93,3.77
2019,272,19.98,13.26,26.78,380.22,0,63.57,3.52
2019,273,19.86,12.87,27.43,399.6,0,62.49,3.36
2019,274,20.83,13.8,27.98,385.93,0,62.75,3.4
2019,275,19.33,15.2,26.67,285.42,2.5,74.41,3.95
2019,276,18.41,13.74,24.03,310.27,0,79.64,3.65
2019,277,19.55,15.95,25.07,329.85,0,71.22,4.24
2019,278,18.79,14.17,23.39,345.47,0,67.92,4.5
2019,279,18.25,14.72,23.56,200.92,0.41,80.45,3.56
2019,280,17.18,14.37,21.73,268.66,0,86.17,4.67
2019,281,18.49,13.03,23.96,424.08,0,64.43,3.57
2019,282,19.44,12.55,25.73,450.27,0,63.76,3.52
2019,283,19.36,16.02,24.8,352.41,3.8,77.92,3.6
2019,284,17.87,14.14,23.07,293.4,0.3,86.98,3.64
2019,285,17.84,15.21,22.08,255.47,0,87.43,4.69
2019,286,17.5,15.04,21.4,355.59,0,86.89,4.23
2019,287,17.52,15.22,21.51,315.38,0,89.59,3.58
2019,288,17.79,15.13,21.2,254.73,0,84.05,3.4
2019,289,19,15.35,23.62,404.73,0,77.1,3.58
2019,290,19.22,14.01,25.17,462.02,0,72.89,3.08
2019,291,17.64,15.63,20.59,263.21,55.1,88.97,2.97
2019,292,17.36,15.41,20.65,217.49,7.9,90.78,3.07
2019,293,18.01,15.58,21.68,248.82,11.3,86.16,3.29
2019,294,18.97,15.34,23.73,467.04,0.41,79.78,3.38
2019,295,19.21,15.34,24.28,397.4,0,76.85,3.04
2019,296,19.52,14.68,25.01,394.09,0.9,76.23,2.59
2019,297,19.33,15.77,24.13,440.58,2.3,82.12,3.65
2019,298,18.17,15.07,22.69,329.4,24.9,87.77,3.04
2019,299,18.28,15.42,22.58,379.64,12.5,87.99,3.92
2019,300,18.51,15.63,22.27,444.31,4.2,85.89,4.22
2019,301,19.39,15.03,23.96,438.4,0.1,77.77,3.05
2019,302,19.24,15.72,24.01,431.63,0,80.67,2.63
2019,303,19.29,15.58,24.84,373.55,0,82.93,2.79
2019,304,18.53,15.56,23.05,341.59,2.86,82.61,2.61
2019,305,18.49,15.22,22.93,338.26,1.3,84.43,2.53
2019,306,18.4,14.89,23.32,445.5,0,79.37,2.62
2019,307,18.24,14.25,22.92,380.73,0,77.47,2.63
2019,308,18.16,13.89,24.39,430.84,0,78.55,2.93
2019,309,18.34,14.16,23.7,475.46,0,78.28,3.14
2019,310,18.66,14.52,23.76,434.75,0,75.8,2.51
2019,311,19.62,15.19,24.96,474.48,0,70.59,2.91
2019,312,19.44,16.05,24.72,379.46,0,79.47,3.25
2019,313,19.06,16.04,23.76,440.61,0,77.8,2.88
2019,314,18.92,13.93,23.98,402.85,0,75.97,2.82
2019,315,19.01,15.81,23.62,364.35,0,81.64,3.13
2019,316,19.14,15.98,23.86,397.21,0,81.13,3.74
2019,317,18.77,16.06,22.7,346.47,0,83.55,3.3
2019,318,18.1,15.58,22.25,284.53,0,88.77,3.58
2019,319,17.96,15.52,22.28,325.46,0,89.88,4.06
2019,320,16.53,16.53,16.53,30.42,0,98.55,1.86
2019,321,19.81,16.03,23.91,467.3,0,75.82,4.96
2019,322,19.01,14.29,24.06,435.7,0,78.11,3.87
2019,323,19.26,15.26,24.25,427.68,0,78.29,3.84
2019,324,19.23,15.86,24,393.95,0,82.32,3.81
2019,325,18.87,15.26,24.86,438.37,0,82.85,2.83
2019,326,19.87,16.63,24.89,393.4,0,83.27,2.3
2019,327,19.69,15.39,24.42,497.32,0,84.57,3.16
2019,328,17.72,15.47,20.76,252.33,0,92.78,2.14
2019,329,18.25,14.93,23.51,294.83,0,86.96,2.46
2019,330,17.47,15.09,22.91,333.9,0,88.54,2.04
2019,331,17.73,15.01,21.99,324.17,0,85.56,2.75
2019,332,18.95,15.62,23.39,467.25,0,77.08,4.2
2019,333,18.36,14.34,23.18,448.16,0,81.9,3.43
2019,334,18.62,14.36,24.03,347.61,0,85.16,2.29
2019,335,18.09,15.94,22.55,269.29,0,92.68,2.77
2019,336,18.03,15.75,22.07,417.38,0,91.16,3.99
2019,337,18.18,15.73,22.36,251.09,0,91.11,2.39
2019,338,18.5,15.93,23.08,319.46,0.7,89.54,2.97
2019,339,19.32,15.67,24.27,409.59,1.9,83.96,1.99
2019,340,18.13,15.01,22.24,241.34,0,91.09,1.66
2019,341,18.97,15.28,23.36,370.43,0,86.6,2.57
2019,342,18.55,16.05,21.78,211.11,0,90.11,2.63
2019,343,18.45,14.91,23.41,298.76,0,87.73,1.99
2019,344,18.62,16.07,23.39,243.02,0,89.38,2.39
2019,345,17.65,16.34,20.49,253.04,0,94.14,2.82
2019,346,18.11,15.52,22.71,389.31,0,88.68,3.13
2019,347,18.21,14.16,23.7,467.72,0,87.58,2.92
2019,348,18.85,14.95,23.97,481.55,0,83.65,3.06
2019,349,18.15,14.92,22.63,367.68,3.7,88.18,3.24
2019,350,18.22,15.09,22.95,315.58,5.1,87.88,2.78
2019,351,18.74,15.02,23.64,421.85,0.6,82.45,2.53
2019,352,18.58,15.31,23.33,332.73,0,84.36,3.02
2019,353,19.04,15.82,23.61,448.48,0,79.9,3.86
2019,354,18.14,13.6,23.35,462,0,71.32,3.39
2019,355,18.52,13.56,23.94,454.48,0,73.44,3.59
2019,356,18.38,14.96,23.58,296.2,3.1,86,2.88
2019,357,18.21,15.16,22.45,310.19,0,88.48,3.08
2019,358,18.85,15.22,23.57,404.09,7.2,86.19,3.41
2019,359,19.06,15.76,22.86,280.38,0.1,87.02,2.77
2019,360,19.35,15.19,23.96,392.78,5.1,84.99,3.02
2019,361,18.84,14.18,24.07,409.3,14.3,86.76,1.86
2019,362,20.03,16.84,25.15,378.52,36.7,85.95,2.39
2019,363,19.24,16.7,24.57,354.09,16.4,87.63,2.31
2019,364,19.78,17.05,23.96,355.18,0.2,83.63,3.31
2019,365,18.69,14.02,23.16,439.38,0,80.33,3.4
2020,1,18.53,14.56,23.5,428.51,0,81.11,2.92
2020,2,18.87,14.27,24.06,469.53,0,74.59,3.44
2020,3,18.6,15.09,24.2,445.12,0,80.34,3.62
2020,4,18.87,14.79,23.39,376.67,0.01,82.55,3.54
2020,5,18.35,14.91,22.96,394.63,0,83.63,3.12
2020,6,19.06,13.76,24.8,461.12,0,81.45,2.54
2020,7,19.73,16.04,25.18,427.26,0.11,84.37,2.81
2020,8,18.65,16.18,22.58,324.78,0.04,91.03,3.28
2020,9,17.85,15.51,21.77,286.96,0.12,90.8,3.25
2020,10,18.29,14.92,23.68,342.42,0.03,88.79,2.24
2020,11,19.33,15.43,25.04,406.3,0,85.99,2.2
2020,12,19.79,14.86,25.57,437.53,0,80.38,2.34
2020,13,19.92,15.97,26.22,491.23,0,80.78,1.73
2020,14,18.14,15.62,23.12,290.94,0.17,88.77,2.44
2020,15,19.17,15.59,23.34,401.38,0,86.09,3.33
2020,16,19.66,16.05,24.3,473.97,0,83.27,3.51
2020,17,19.26,15.72,23.54,355.04,0,85.15,3.54
2020,18,19.23,15.23,24.32,329.11,0,83.04,2.27
2020,19,19.7,15.63,25.21,479.84,0,81.78,2.11
2020,20,19.62,14.57,25.27,393.97,0,80.69,2.26
2020,21,19.77,14.66,25.74,458.69,0,79.65,1.91
2020,22,19.97,15.24,25.14,396.49,0,78.3,2.32
2020,23,19.73,16.27,23.65,330.99,0,77.14,2.67
2020,24,19.23,16.72,23.31,318.2,0,84.43,2.99
2020,25,18.93,16.77,22.39,210.71,0,85.08,2.21
2020,26,18.92,16.13,23.47,296.29,0,85.7,2.98
2020,27,18.22,16.01,21.8,276.24,0.17,90.6,3.12
2020,28,18.12,15.76,21.76,282.48,0.03,91.29,3.29
2020,29,17.49,15.28,20.93,257.55,0.18,94.46,3.16
2020,30,18.97,15.65,23.87,461.04,0,87.57,2.66
2020,31,19.13,16.02,23.8,443.8,0,86.69,2.9
2020,32,19.57,15.45,24.69,377.76,0,83.39,2.45
2020,33,18.54,15.06,23.73,363.93,93.1,86.57,2.39
2020,34,18.6,15.45,24.21,355.74,0,83.69,1.95
2020,35,18.98,15.14,24.18,447.03,0,84.82,2.55
2020,36,19,14.47,24,419.05,0,82.6,3.19
2020,37,18.62,13.05,23.96,459.94,0,82.73,2.86
2020,38,18.63,14.81,24.55,487.28,0,78.14,2.56
2020,39,19.15,13.23,25.6,518.24,0,74.57,3.74
2020,40,18.71,14.71,24.32,444.89,0,79.52,4.27
2020,41,18.43,14.38,24,469.73,0,77.13,3.1
2020,42,18.83,12.55,25.98,494.42,0,69.59,1.91
2020,43,20,12.81,27.74,490.81,0,63.14,1.93
2020,44,20.25,13.96,26.15,472.93,0,74.53,2.54
2020,45,19.63,15.65,24.61,402.75,0,85.52,3.74
2020,46,19.28,16.14,24.18,465.96,0,82.05,4.55
2020,47,18.36,15.79,23.66,325.99,0,85.67,4
2020,48,18.19,15.73,22.67,312.79,0,87.6,2.98
2020,49,19.41,15.51,24.99,466.85,0,84.98,3.57
2020,50,19.31,14.86,24.59,494.15,0,82.85,3.33
2020,51,19.72,16.24,25.13,464.39,0,82.76,3.38
2020,52,20.29,14.47,26.54,495.54,0,77.59,2.37
2020,53,20.38,15.67,26.27,454.61,0,78.57,2.71
2020,54,19.54,15.71,25.24,329.88,16.55,85.46,3.15
2020,55,19.7,16.55,24.63,340.45,1.45,84.72,3.69
2020,56,19.7,16.31,25.16,464.48,0.01,75.53,3.45
2020,57,20.61,14.28,27.14,448.61,0,71.1,1.96
2020,58,20.28,16.85,26.37,402.66,0,82.91,2.65
2020,59,19.76,15.89,25.47,461.75,0,84.75,4.09
2020,60,20.01,16.43,25.48,435.3,0,79.09,3.74
2020,61,20.47,14.51,26.99,354.41,0,77.36,1.91
2020,62,20.14,15.93,27.25,291.59,0.03,82.27,1.91
2020,63,18.85,15.83,25.19,350.66,22.43,86.34,2.34
2020,64,20.49,16.49,25.46,399.28,0,80.69,2.56
2020,65,20.53,16.73,26.12,429.64,0,78.2,2.07
2020,66,19.8,15.12,27.37,437.93,0.74,71.16,2.66
2020,67,20.34,15.4,26.9,471.3,0,71.39,2.11
2020,68,20.39,15.21,27.03,448.57,0,74.56,2.74
2020,69,19.97,16.25,25.24,479.28,0,84.55,3.28
2020,70,19.9,16.92,25.4,317.32,0,86.11,2.38
2020,71,20.26,16.56,25.56,461.44,0,81.95,2.86
2020,72,20.07,15.98,25.99,432.07,0,83.54,3.19
2020,73,19.85,16.71,25.09,345.83,0,84.41,3.47
2020,74,20.18,16.54,25.71,404.12,0,81.96,3.35
2020,75,19.38,14.63,25.86,362.45,0.01,84.81,2.55
2020,76,20.48,16.06,26.94,455.22,0,80.57,1.86
2020,77,20.82,15.91,28.21,434.75,0,80.64,2.48
2020,78,20.26,17.18,25.81,418.44,0,84.32,3.24
2020,79,20.14,16.06,25.72,407.62,0,79.29,3.9
2020,80,19.34,15.33,25.4,387.04,0.03,82.46,3.42
2020,81,19.81,15.53,26.22,434.78,0,80.98,3.58
2020,82,19.51,15.85,25.09,505.42,0.03,77.75,3.6
2020,83,19.57,15.35,25.1,462.21,0,71.66,3
2020,84,20.05,14.28,26.85,455.02,0,74.46,2.73
2020,85,20.23,15.97,26.7,343.99,0,78.23,2.9
2020,86,20.5,16.36,26.2,315.29,0,75.22,2.45
2020,87,19.99,15.44,26.75,286.62,0.32,79.71,2.15
2020,88,18.78,15.75,24.97,319.5,0.04,85.33,2.28
2020,89,19.73,16.34,24.86,271.81,0,83.48,1.73
2020,90,18.97,14.05,25.29,437.57,0.23,80.71,2.58
2020,91,19.92,15.37,25.89,437.07,0,83.69,2.41
2020,92,20.24,17.01,24.89,430.22,0,82.76,3.56
2020,93,20.12,15.33,25.56,438.76,0,80.8,3.01
2020,94,19.28,14.25,25,392.3,0,86.45,2.36
2020,95,19.62,16.52,24.58,426.88,0,80.14,3.12
2020,96,19.49,15.39,24.53,451.49,0,81.25,3.32
2020,97,19.65,15.37,25.35,410.32,0,81.23,3.1
2020,98,19.59,16.05,25.32,408.02,0,84.33,3.26
2020,99,19.49,17.26,23.81,305.61,0,88.05,3.06
2020,100,19.88,16.1,24.92,484.47,0,80.13,3.26
2020,101,19.44,14.56,25.31,375.02,0,80.7,2.8
2020,102,19.82,15.71,24.83,439.62,0,77.38,2.85
2020,103,19.84,14.45,26.31,431.69,0,75.81,2.41
2020,104,19.71,13.39,26.15,350.85,0,77.89,2.02
2020,105,19.84,16.24,24.76,232.22,0,84.55,2.57
2020,106,19.66,15.75,26.32,253.77,0,82.14,2.19
2020,107,19.55,15.93,26.53,372.36,0.1,82.98,1.93
2020,108,19.2,14.99,25.94,410.63,0,84.47,1.99
2020,109,19.35,14.96,25.09,119.55,0,82.13,2.62
2020,110,19.19,16.96,26,237.2,0.09,86.88,2.35
2020,111,18.53,15.63,22.94,280.19,0,86.82,3.94
2020,112,18.87,16.19,23.77,257.73,0.36,84.83,3.37
2020,113,18.71,15.45,24.2,345.28,2.18,86.2,2.25
2020,114,18.61,15.47,22.27,169.02,7.01,88.76,2.24
2020,115,16.82,15.37,19.12,134.64,191.91,93.55,3.25
2020,116,18.99,14.84,24.44,321.92,0,81.49,2.54
2020,117,18.38,14.91,22.32,271.42,11.13,86.28,2.2
2020,118,18.71,16.6,24.71,232.66,3.63,90.33,2.15
2020,119,18.41,13.85,22.36,306.33,0,81.5,2.38
2020,120,18.98,14.05,24.83,368.93,0,82.06,2.42
2020,121,19.31,16.56,23.75,221.08,0,84.85,2.63
2020,122,19.48,16.45,24.7,393.38,0,82.5,3.27
2020,123,18.96,15.79,24.42,357.86,0,83.76,2.97
2020,124,19,16.27,24.21,233.44,0,83.89,2.33
2020,125,19.32,16.45,24.31,306.17,0,81.93,2.53
2020,126,19.4,14.97,25,463.68,0,80.67,2.71
2020,127,19.36,15.02,24.46,348.49,0,82.07,2.66
2020,128,19.53,16.43,24.58,327.04,0,83.7,2.78
2020,129,18.48,16.11,21.77,197.42,0,84.01,3.33
2020,130,18.28,14.62,22.77,254.06,0,84.97,3.16
2020,131,17.98,16.38,21.01,226.79,0,86.53,1.65
2020,132,17.11,14,21.9,23.27,13.29,83.5,2.79
2020,133,17.64,13.5,23.5,23.77,0.14,82.47,2.9
2020,134,18.67,14.6,25,30.92,1,80.35,2.68
2020,135,19.32,13.8,27,30.51,0.17,81.42,2.4
2020,136,19.76,14.6,27.4,29.79,0.17,79.18,2.32
2020,137,18.73,15.6,24.5,24.12,3.37,86.55,2.28
2020,138,18.81,14.5,25,24.89,0.88,83.48,2.32
2020,139,17.78,13,24.8,30.71,0.05,76.01,2.76
2020,140,17.53,12.1,24.1,34.08,0.07,73.79,2.62
2020,141,18.63,11.6,26.2,26.06,0.1,75.58,2.75
2020,142,18.31,14.4,24.8,30.31,0.02,81.11,2.82
2020,143,18.25,14.9,22.5,24.73,0,78.13,3.22
2020,144,17.73,12.5,24,22.94,0,77.3,2.69
2020,145,16.95,11.4,22.9,26.8,0.09,75.07,2.47
2020,146,17.41,13.1,23.7,25.28,0.09,76.33,2.39
2020,147,18.23,13.4,25.4,30.2,0.14,75.27,2.81
2020,148,18.99,14.6,25.7,27.29,0.09,80.17,2.72
2020,149,19.33,13.9,26.7,28.96,0.05,76.22,2.74
2020,150,19.34,15.4,26,27.96,0,77.39,3
2020,151,18.43,12.4,25,26.77,0.07,75.83,2.95
2020,152,17.38,10.4,25.1,33.93,0.1,70.6,2.77
2020,153,17.52,10.5,25.2,34.92,0.14,68.98,2.83
2020,154,18.01,12.7,24.8,30.22,0.05,72.28,2.74
2020,155,17.67,11.5,24.7,30.78,0.12,74.88,2.97
2020,156,16.91,11.2,23.5,27.23,0.12,75.86,2.88
2020,157,18.04,11.9,24.9,28.77,0.09,73.6,2.57
2020,158,17.89,10.5,26,32.4,0,66.78,2.55
2020,159,18.38,11.4,26.4,33.76,0.09,68.93,2.84
2020,160,18.68,13.4,25,26.74,0.02,77.84,2.69
2020,161,16.6,12.9,20,24.86,0,79,3.21
2020,162,17.88,13.2,24.5,24.74,6.6,73.76,3.18
2020,163,16.03,13.1,21,18.15,5.22,80.41,2.95
2020,164,17.69,12.6,24.7,27.31,0.15,77.93,2.45
2020,165,17.53,14.2,24.2,28.05,3.45,80.61,2.38
2020,166,17.29,14.1,22.7,27.08,1.07,81.36,2.58
2020,167,16.61,14.4,21.3,24.52,0.03,75.74,2.94
2020,168,16.16,13.1,19.3,19.92,0,74.35,2.49
2020,169,15.81,12.9,19.6,21.99,0.07,74.72,2.48
2020,170,16.65,12.5,22.4,23.89,0,74.09,2.79
2020,171,16.12,10.8,22,25.41,0,71.93,2.49
2020,172,17.24,10.1,23.7,25.04,0.09,74.21,2.36
2020,173,18.07,12.7,25.7,29.58,2.38,73.66,2.85
2020,174,17.93,11.4,25,26.46,0,71.67,2.88
2020,175,18.05,12.9,24.6,25.53,0.05,78.67,2.34
2020,176,17.83,12.9,24.1,28.14,0,72.98,2.54
2020,177,17.63,12.4,24.9,27.54,0.02,75.5,2.86
2020,178,16.65,10.6,24.5,27.19,0.05,72.39,2.86
2020,179,16.87,10.7,24.1,27.46,0.1,72.22,2.92
2020,180,17.99,13.9,24.7,29.12,0,74.43,2.74
2020,181,17.98,12.4,25.8,30.35,0.05,71.36,2.89
2020,182,17.27,10.3,24.7,32.19,0.14,67.13,3.04
2020,183,16.95,8.1,24.9,33.57,0.07,64.14,2.97
2020,184,15.82,10.1,22.8,23.05,0.12,74.09,2.6
2020,185,16.47,12.3,21.9,21.1,0,73.25,2.82
2020,186,16.19,10.4,22.8,20.42,0,73.71,2.67
2020,187,16.79,9.5,24.5,24.46,0.09,70.93,2.74
2020,188,16.49,13,21.5,23.34,0,72.33,2.61
2020,189,17.27,12.7,23.1,25,0,74.16,2.48
2020,190,16.63,12,22.5,22.26,0,71.4,2.52
2020,191,17.45,13,22.5,27.95,0,69.84,2.71
2020,192,17.12,11.2,24.5,25.08,0.14,78.9,3.42
2020,193,15.26,10.4,22.2,24.61,0.03,73.72,3.75
2020,194,15.9,8.3,23.9,26.28,0.17,72.96,2.89
2020,195,17.9,11,26.2,27.07,0.07,71.47,2.65
2020,196,17.47,10.9,22.9,23.93,0,72.16,2.8
2020,197,17.08,11.8,23.4,22.52,0,71.05,2.88
2020,198,16.79,12.3,21.9,20.87,0,76.16,3.24
2020,199,16.39,12.4,22,22.06,0,78.23,3.18
2020,200,15.51,9.8,21.5,25.02,0,67.11,2.6
2020,201,15.09,10.6,19.8,26.44,0,64.29,2.39
2020,202,15.89,10.1,22.3,24.18,0,67.89,2.78
2020,203,15.51,10.5,19.3,18.47,0.02,73.49,2.69
2020,204,17.02,11,23,21.87,0,71.02,2.63
2020,205,17.17,12,23.5,24.25,0,71.03,2.92
2020,206,17.09,13.1,25.6,26.28,0,69.42,3.02
2020,207,16.22,11.5,22.9,25.82,0,69.03,2.82
2020,208,16.86,11,24.4,30.56,0,63.36,3
2020,209,16.46,11.1,23.5,28.94,0,67.47,2.72
2020,210,16.95,12.2,22.1,23,0.02,73.28,2.72
2020,211,16.65,13,21.1,19.99,0,73.34,2.78
2020,212,17.73,12.1,25.7,21.87,0,70.94,3.1
2020,213,16.49,10.3,24.4,27.57,0.02,71.72,3.07
2020,214,16.84,10.6,24.9,29.91,0.12,75.21,2.93
2020,215,17.63,10.9,25.7,25.01,0,70.77,2.95
2020,216,15.27,8.6,23.1,33.2,0.07,68.13,3.44
2020,217,16.11,9.8,24,31.86,0.09,66.77,3.4
2020,218,17.17,9.7,25.3,31.62,0.09,67.27,2.92
2020,219,16.49,10,23.1,23.51,0.09,72.47,2.72
2020,220,17.63,9.9,27.2,29.52,0.1,69.23,2.74
2020,221,18.45,11,28.2,33.08,0.07,67.44,2.91
2020,222,17.29,10.5,25.1,24.97,0.03,67.86,2.91
2020,223,16.83,11.2,24.4,23.84,0,69.85,2.74
2020,224,17.47,11.2,26.4,27.78,0.03,70.71,2.52
2020,225,17.99,10.9,27.8,28.95,1.43,69.98,2.65
2020,226,16.61,13.4,23.2,22.17,0.03,77.75,2.92
2020,227,17.72,13.7,24,20.9,0.05,77.85,2.63
2020,228,18.22,12.9,24.3,22.98,0,76.54,2.74
2020,229,18.1,11.5,27.1,30.11,0,72.06,3.01
2020,230,16.4,12.2,23.6,26.15,0,71.28,3.09
2020,231,16.84,12.3,23.5,23.96,0.15,76.6,3.42
2020,232,18.14,11.4,25.6,30.89,0.09,68.18,3.38
2020,233,17.11,13.9,21.6,21.59,0,76.05,3.45
2020,234,18.2,13.7,25.9,22.92,0,75.27,3.54
2020,235,17.26,12.6,21.9,22.27,0,74.43,3.72
2020,236,16.23,13.3,20.4,20.31,0,75.14,3.64
2020,237,16.8,13.7,22.4,23.75,0,72.21,3.46
2020,238,16.42,13.5,22.2,22.5,0.07,76.62,3.66
2020,239,18.34,13.2,25.4,28.38,0,69.22,3.39
2020,240,18.57,14.3,26.6,27.93,0,72.03,3.25
2020,241,17.21,11.4,24.1,25.04,0.05,75.48,3.13
2020,242,18.13,12,26.2,27.7,0.05,70.78,3.09
2020,243,18.13,11.9,26.9,31.46,0,67.53,3.01
2020,244,18.66,9.7,28.4,36.6,0.12,62.82,3.09
2020,245,18.78,10.6,27.8,34.13,0.02,63.74,2.94
2020,246,18.23,12.7,26.8,32.53,0,65.28,3.31
2020,247,17.82,10.7,25.9,35.61,0,65.31,3.52
2020,248,17.33,11.3,24.1,23.65,0,69.41,2.83
2020,249,17.52,9.9,26.2,29.86,1.12,69.13,2.45
2020,250,17.07,13.6,23.3,32.12,0.66,76.94,3.01
2020,251,15.66,14.3,18.1,21.2,0.07,81,3.36
2020,252,14.92,13.5,17.3,15.57,2.06,82.4,2.99
2020,253,15.62,11.5,20,22.84,0,74.33,3.37
2020,254,16.3,10.3,23.5,22.92,0,71.03,3.01
2020,255,17.32,10.3,23,26.21,0,70.26,2.94
2020,256,17.29,12.2,23.8,23.76,0,73.86,3.54
2020,257,17.77,11.3,25.4,27.25,0.07,69.13,3.13
2020,258,19.04,9.9,26.9,36.1,0,65.52,3.44
2020,259,18.49,10.6,26.6,32.05,0.1,70.18,3.43
2020,260,18.8,12.6,27.2,31.42,0,71.19,3.33
2020,261,20.08,11,29.8,34.56,0.15,67.15,2.92
2020,262,18.57,11.1,28.5,36.63,0.1,65.48,3.22
2020,263,18.86,13.8,26.3,35.88,0.05,68.84,3.55
2020,264,18.06,12,24.6,25.5,0.03,72.99,3.35
2020,265,16.84,12.8,22.3,28.73,0.02,68.77,3.25
2020,266,18.46,12,27.1,28.63,0.12,70.86,3.17
2020,267,18.93,11.7,28.2,33.45,0.05,67.21,3.13
2020,268,19.49,11.2,27.9,31.84,0,73.56,3.41
2020,269,18.09,14.7,24.2,26.49,0.02,72.91,3.26
2020,270,18.85,14.7,25.5,26.23,0,74.28,3.16
2020,271,17.91,13.1,26.9,27.41,22.44,70.7,2.91
2020,272,19.57,13.9,28.9,34.69,0.02,65.77,3.31
2020,273,19.32,13.6,26.8,31.42,0.05,70.01,3.35
2020,274,19.93,12.7,29,33.09,0.14,72.3,3.17
2020,275,19.31,14.3,28,31.18,2.74,70.36,3.34
2020,276,20.19,14.9,28.4,33.6,0,67.68,3.4
2020,277,19.65,13,27.9,33.46,0,69.6,3.67
2020,278,19.59,11.2,28.3,35.49,0.09,66.18,3.6
2020,279,19.97,11,28.9,37.71,0.12,62.73,3.36
2020,280,19.99,11.1,29,38.28,0.1,63.18,3.24
2020,281,20.56,11.8,29.5,34.15,0.1,59.13,3.06
2020,282,20.1,9.6,28.4,37.67,0,57.55,3.42
2020,283,20.17,11.1,28.5,38.08,0.07,62.7,3.4
2020,284,20.69,13,29.6,37.09,0.09,62,2.97
2020,285,19.79,15.3,29.4,32.49,1.21,64.8,2.95
2020,286,20.99,14.3,30.1,34.45,0.02,61.95,2.93
2020,287,20.66,14.7,28.8,33.83,0.07,63.09,3.21
2020,288,20.81,12.6,29.8,36.06,0.1,63.47,3.35
2020,289,19.9,13.9,28.1,31.51,0.05,69.91,3.85
2020,290,20.5,12.6,28.8,37.32,0.07,64.82,3.46
2020,291,19.95,12.8,27.2,29.32,0.03,73.04,3.13
2020,292,19.7,12.4,27.1,31.04,0,66.56,3.59
2020,293,19.66,15.6,25.1,27.69,0,68.97,3.44
2020,294,18.19,13,24.8,28.02,4.27,69.87,3.06
2020,295,18.73,14.8,23.6,30.35,0.82,70.47,3.56
2020,296,20.12,12.9,27.9,31.1,0.12,67.21,3.58
2020,297,19.2,11.5,27.1,31.18,0.07,65.49,3.56
2020,298,19.92,11.6,28.1,33.61,0.14,67.51,3.34
2020,299,20.4,13.5,27.7,35.39,0,69.34,3.49
2020,300,19.05,13.8,26,23.39,0,72.3,3.6
2020,301,17.68,14.8,21.6,17.86,0,76.1,2.74
2020,302,18.01,15.7,22.1,23.29,1.94,71.13,3.34
2020,303,18.8,15.3,26.1,26.72,0.8,81.44,3.58
2020,304,17.81,14.8,22.9,26.64,5.51,77.2,4.23
2020,305,16.05,11.1,22.5,23.25,1.63,84.74,3.51
2020,306,18.55,14.4,25.5,30.64,0.09,78.83,3.48
2020,307,18.48,12.3,26.1,31.19,0.12,72.44,3.6
2020,308,18.98,13.2,25.9,30.2,0.17,72.27,3.68
2020,309,18.98,15.7,24.9,28.23,3.1,78.85,3.67
2020,310,18.57,15.5,25.7,27.5,3.48,80.32,3.4
2020,311,18.88,16,25.3,25.64,0.19,80.77,3.32
2020,312,18.96,15.2,25.7,27.72,2.63,80.45,3.25
2020,313,19.24,14.3,26.9,33.85,0.07,69.87,3.27
2020,314,19.39,13.7,26.3,31.25,4.3,72.59,3.54
2020,315,18.83,15.7,25.2,27.07,1.55,83.54,3.1
2020,316,19.25,15.5,25.4,30.71,0.2,75.34,3.77
2020,317,18.39,15.4,24.4,19.47,8.68,86.34,2.97
2020,318,19.62,14.7,26.3,33.78,1.58,72.72,4.07
2020,319,19.01,15.4,25.5,29.26,19.08,80.75,3.52
2020,320,18.21,14.9,23.5,24.86,4.34,84.41,3.14
2020,321,19.14,13.9,25.9,31.19,0.29,79.79,3.24
2020,322,18.85,13.8,24.6,27.96,0.07,82.92,3.22
2020,323,19.06,13.7,25.6,29.4,0.1,76.27,3.88
2020,324,19.65,13.6,26.9,36.81,0.05,69.26,3.84
2020,325,20.06,13.9,27.7,31.29,0.07,72.02,3.4
2020,326,18.63,14.9,25.5,30.32,7.15,74.57,3.57
2020,327,19.73,14.3,26.3,31.05,0.02,74.89,3.55
2020,328,19.53,15.2,25.8,29.22,1.61,79.06,3.17
2020,329,19.72,15.4,26.5,31.31,0.15,73.61,3.1
2020,330,19.62,14.3,26.7,31.02,1.96,72.28,3.03
2020,331,20,13.3,28,34.3,0.12,69.99,2.69
2020,332,19.59,14.1,27.9,32.79,0.14,71.6,3.04
2020,333,19.41,15.8,25.5,29.08,8.5,76.34,3.55
2020,334,17.73,15.5,23.3,17.4,18.22,89.03,2.94
2020,335,17.35,13.8,22.1,22.16,4.86,86.99,2.56
2020,336,19.21,13.2,26.1,33.2,0.22,74.75,2.85
2020,337,19.31,13.9,26.4,30.69,0.12,76.56,3.25
2020,338,19.04,14.1,25.4,31.57,0.12,74.19,3.89
2020,339,18.24,13.7,25.2,30.69,0.22,74.51,3.73
2020,340,17.5,12.8,24.4,30.27,0.2,77.47,3.52
2020,341,18.29,12.1,25.2,33.11,0.29,74.53,3.08
2020,342,19.27,12.9,26.4,30.74,0.27,77.34,3.05
2020,343,19.96,15.2,26.7,33.53,0.09,73.23,3.11
2020,344,19.11,14.5,26.1,32.27,0.61,76.81,3.32
2020,345,18.81,14.8,25.2,27.38,0.09,79.19,3.47
2020,346,18.89,12.8,25.5,31.89,0.12,73.27,3.83
2020,347,19.08,12.7,26.4,33.68,0.22,68.78,3.6
2020,348,19.1,12,25.8,36.5,0.19,69.2,3.59
2020,349,19.13,13.9,26.3,31.71,0.14,72.88,3.73
2020,350,18.82,12.2,26.5,35.37,0.12,64.88,3.33
2020,351,19.23,11.6,26.8,36.04,0.1,65.77,3.11
2020,352,19.01,12.2,26.2,31.96,0.14,66.82,3.42
2020,353,19.13,13.8,25.8,29.3,0.14,69.69,3.61
2020,354,18.55,13.2,26.1,32.8,0.09,68.59,3.37
2020,355,19.37,13.6,26.6,31.81,0.07,68.02,3.67
2020,356,18.87,13,26.7,30.62,0.19,75.84,3.61
2020,357,19.57,13.1,26.6,31.01,0.12,74.76,3.73
2020,358,19.61,12.8,27.2,31.39,0.2,72.51,3.73
2020,359,19.29,11.6,26.6,30.39,0.17,76.23,3.48
2020,360,20.47,14.5,27.6,31.64,0,71.8,3.47
2020,361,20.52,13.1,28.3,32.29,0.09,68.46,3.35
2020,362,20.01,13,27.5,32.85,0.03,65.24,3.76
2020,363,18.73,11.6,26,35.8,0.05,62.06,4.13
2020,364,18.96,10.8,27.1,37.78,0,59.3,3.83
2020,365,19.09,12.4,26.4,36.86,0,64.18,3.82
2021,1,20.36,13.2,26.9,34.66,0.94,68.27,3.97
2021,2,17.45,14,24.6,22.26,20.55,85.3,2.94
2021,3,17.68,14.5,23.6,23.78,0.31,86.55,2.87
2021,4,18.61,12.8,25.1,34.48,0.22,72.97,3.39
2021,5,19.24,13.6,26.5,34.67,0.1,68.94,3.43
2021,6,19.1,13,26.6,34.98,0.12,66.28,3.34
2021,7,18.84,12.8,26,34.53,0.19,69.99,3.53
2021,8,19.38,13,26.4,35.45,0.2,66.58,3.72
2021,9,19.52,13.8,26.7,37.04,0.03,63.54,3.54
2021,10,19.68,12.7,26.8,33.27,0.66,65.08,3.06
2021,11,18.96,15.9,26.7,25.69,1.9,76.76,2.43
2021,12,17.24,15.6,22.1,24.3,14.01,84.59,2.43
2021,13,18.19,16,22.5,26.77,4.76,84,2.68
2021,14,18.38,15.5,22.7,23.26,0,76.6,3.46
2021,15,18.62,14.1,24.5,32.34,0.05,70.61,3.57
2021,16,18.81,13.3,25.7,33.74,0.17,67.84,3.56
2021,17,18.88,12.8,26,33.85,0.24,71.54,3.18
2021,18,19.52,12.6,26.6,33.53,0.22,70.23,3.03
2021,19,20.11,13.4,26.9,32.82,0.14,69.52,3.11
2021,20,20.7,14.2,27.6,33.3,0.03,67.06,3.06
2021,21,20.07,13.5,27.2,33.76,0,64.61,3.33
2021,22,20.09,12.8,27.6,36.39,0,59.83,3.33
2021,23,19.56,13.4,26.1,33.78,0,65.26,3.75
2021,24,19.11,14.8,26.3,29.17,0,77,4.08
2021,25,19.09,13.8,25.8,27.66,0.03,80.46,3.65
2021,26,19.75,12.4,27.1,32.53,0.15,72.72,3.63
2021,27,19.27,14.6,27.3,29.86,0.1,75.87,3.63
2021,28,18.92,11.3,26.9,37.75,0.14,65.4,3.49
2021,29,19.16,11.3,27.2,37.36,0.09,63.3,3.55
2021,30,19.57,11.4,27.5,36.31,0.07,65.93,3.44
2021,31,20.03,12.9,27.5,36.14,0.14,67.91,3.75
2021,32,19.84,13,27.3,34.13,0.09,70.31,3.59
2021,33,18.97,11.7,27.2,37.97,0.02,61.6,3.93
2021,34,19.15,11,27,38.9,0,58.7,3.85
2021,35,20.91,10.7,28.4,36.71,0,62.3,3.58
2021,36,20.73,14.6,27.9,34.93,0,65.13,3.46
2021,37,20.56,11.6,28.6,37.46,0.1,60.49,3.33
2021,38,21.04,13.3,28.8,33.85,0,64.01,3
2021,39,19.57,13.9,27.9,29.2,16.56,74.32,2.54
2021,40,18.72,15.8,25.6,28.97,12.36,77.1,2.55
2021,41,17.12,15.3,20.5,16.95,18.05,90.34,2.65
2021,42,18.31,15.2,22.9,25.01,0.07,80.6,3.55
2021,43,19.09,15.9,24.1,22.98,0.05,75.3,3.31
2021,44,19.19,16.1,22.4,25.99,0.07,78.03,2.53
2021,45,19.86,14.7,25.3,26,5.62,78.33,2.51
2021,46,18.51,15.1,22.7,27.2,25.75,83.9,2.48
2021,47,18.25,14.5,25.3,25.79,6.66,77.51,2.54
2021,48,20.2,15.5,25.9,34.33,0.03,73.76,3.47
2021,49,19.47,14.2,25.7,31.38,0,70.99,3.49
2021,50,19.24,13.5,26.1,38.17,0.17,68.12,3.35
2021,51,19.15,13.2,26,38.6,0.14,66.2,3.29
2021,52,20.26,12.5,27.4,37.94,0.02,61.37,2.96
2021,53,19.44,13.1,26.4,35.88,0.07,65.62,2.54
2021,54,19.72,15,26.8,30.74,2.87,78.13,2.18
2021,55,17.31,15,21.8,28.43,5.97,82.54,2.52
2021,56,19.76,14.7,25.8,31.96,0.1,78.14,2.7
2021,57,18.91,13.1,25,34.92,0.1,68.7,3.28
2021,58,19.1,13.1,26.1,36.09,0,65.88,3.12
2021,59,19.51,12.4,27.1,38.03,0.02,62.52,3.13
2021,60,20.4,12.3,28.3,38.86,0,57.02,3.3
2021,61,20.95,13,28.9,38.26,0,55.63,3.51
2021,62,20.74,13.5,27.9,36.67,0,60.98,3.67
2021,63,19.52,14.2,26.8,35.56,0.07,63.87,4.12
2021,64,20.28,12.1,27.5,36.89,0,61.55,4.12
2021,65,19.61,13.8,26.1,30.06,0,66.3,3.89
2021,66,21.26,14.2,27.1,32.36,0,64.97,3.85
2021,67,20.74,14.9,27.3,32.82,0,61.48,3.65
2021,68,20.84,13.6,28.4,32.13,0,63.69,3.4
2021,69,20.7,14.8,27.5,32.97,0.05,66.48,3.51
2021,70,20.11,13.5,27.5,34.48,0,64.04,3.63
2021,71,19.58,13,27.5,36.94,0.1,62.67,3.79
2021,72,20.92,12.2,28.7,39.02,0.05,59.37,3.66
2021,73,19.77,12,27.4,36.83,0.09,61.43,3.68
2021,74,20.2,12.4,28,39.36,0.05,57.48,3.58
2021,75,20.6,12.5,28.9,37.37,0.05,61.22,3.4
2021,76,20.89,13.8,28.4,33.68,0.05,64.24,3.62
2021,77,20.47,12.3,27.6,32.36,0,67.8,3.74
2021,78,20.68,13.8,27.6,32.11,0,65.93,3.47
2021,79,20.77,14.6,28.1,33.78,0.03,65.2,3.33
2021,80,20.98,15.3,27.9,34.48,0,65.78,3.75
2021,81,20.9,15.1,28.1,33.06,0.05,66.68,3.97
2021,82,20.44,14.7,27.2,30.3,0,70.19,3.78
2021,83,20.45,12.8,27.9,33.89,0.03,66.48,3.68
2021,84,20.66,14.8,28.2,30.11,0,70.79,3.87
2021,85,20.36,14.7,28.2,32.12,0.05,71.7,3.61
2021,86,21.52,13.8,29.3,37.63,0.09,59.68,3.37
2021,87,21.36,14.5,28.4,30.88,0,71.74,3.16
2021,88,21.23,16,28.8,33.82,2.63,61.27,2.61
2021,89,19.49,15.1,27.5,22.94,4.78,68.2,2.8
2021,90,21.1,15.2,28.1,33.63,2.26,70.63,3.15
2021,91,19.97,15.9,26.5,28.37,15.63,75.84,3.19
2021,92,20.14,15.6,27.1,31.78,0.07,74.16,3.2
2021,93,20.35,15.1,26.8,31.33,0,73.11,3.47
2021,94,20.8,15.3,27.6,31.8,0.02,71.63,2.86
2021,95,20.79,15.6,27.9,33.16,4.74,72.91,2.57
2021,96,20.05,15.3,26.8,29.9,4.93,80.07,2.57
2021,97,19.67,15.7,24.8,29.67,0.99,81.08,2.49
2021,98,19.87,16.5,25.7,31.06,7.86,78.99,3.11
2021,99,19.81,15.3,25.3,31.17,0,75.23,3.52
2021,100,19.89,16.6,25.7,23.86,0.44,84.71,2.5
2021,101,17.8,15.3,23.5,31.08,12.35,79.87,2.41
2021,102,19.64,14.9,25.7,30.7,1.05,82.42,2.69
2021,103,19.06,13.8,25.3,31.04,0,77.4,3.16
2021,104,19.24,14.4,25.7,31.72,0,76.79,3.25
2021,105,19.32,15.5,25.7,31.19,0.68,79.07,2.57
2021,106,18.92,16,24.8,29.77,0.15,79.86,2.26
2021,107,19.71,15,26,29.43,0.12,80.21,2.59
2021,108,19.96,14.6,26.8,31.83,0.1,74.17,2.9
2021,109,20.09,14.8,26.6,31.16,0.09,76.77,3.48
2021,110,19.6,15.9,25.5,29.58,0,84.08,3.64
2021,111,19.68,14.8,26.4,30.19,0,77.3,3.35
2021,112,19.69,14.5,26.7,30.7,0.07,77.24,3.15
2021,113,19.91,15.2,26.9,31.46,8.99,72.15,3.11
2021,114,19.75,15.1,25.1,30.46,1.43,77.19,2.74
2021,115,19.22,15.5,24.9,29.98,3.69,78.5,3.03
2021,116,19.84,16.4,25.7,28.36,0.53,76.98,3.05
2021,117,19.26,15.4,24.8,29.07,13.88,74.39,3.28
2021,118,19.45,15,25.8,31.07,0.12,73.59,2.78
2021,119,20.01,16.2,25.3,28.43,0.02,77.26,3.3
2021,120,19.69,16.6,25,29.35,1.87,82.9,3.71
2021,121,19.58,15.4,25.4,30.16,0.44,80.07,3.47
2021,122,20.04,15.2,26,31.94,1.45,74.5,3.24
2021,123,20.18,14.7,26.8,31.03,0.05,74.29,3.11
2021,124,19.64,15.4,25.8,30.99,0.65,75.92,3.1
2021,125,19.57,16.5,25.3,28.57,0.1,81.09,2.8
2021,126,19.3,13.8,25.2,28.37,0,80.01,3
2021,127,19.04,15.5,25.1,22.06,0.46,78.62,2.83
2021,128,19.15,14.7,24.7,30.13,0,74.71,2.77
2021,129,19.03,14.5,24,27.76,0.03,82.25,2.23
2021,130,19.5,15.6,26.8,28.96,0,81.23,2.22
2021,131,18.32,15.6,22.5,16.69,27.83,86.7,2.06
2021,132,17.54,15,22.8,22.15,24.23,86.65,2.58
2021,133,17.16,15,22.6,20.6,34.18,88.63,2.21
2021,134,17.3,14.9,21.9,18.44,41.96,84.85,2.28
2021,135,17.88,14.9,23.2,25.58,0.02,79.64,2.61
2021,136,18.04,13.6,23.3,23.93,0,76.98,2.91
2021,137,18.14,12.9,24.1,27.44,0.1,72.12,2.47
2021,138,18.33,13.4,23.8,27.96,0.07,73.02,2.51
2021,139,18.53,14,24.1,32.48,0.14,73.07,3
2021,140,18.57,14.5,24.3,28.41,0.1,72.91,2.97
2021,141,18.16,14.1,24.1,26.98,0.02,71.83,2.57
2021,142,18.21,13.6,24.2,30.71,0.03,73.07,2.56
2021,143,17.55,13.3,24,30,0,71.67,2.61
2021,144,17.88,14.3,23.1,29.22,0,71.76,2.54
2021,145,17.46,14,22.7,24.85,0.02,72.62,2.63
2021,146,17.19,13.2,21.8,24.01,0,72.87,2.75
2021,147,17.2,11.5,23,24.91,0.07,71.45,2.88
2021,148,16.41,11.8,22.2,28.71,0,70.99,2.92
2021,149,16.96,11,23.2,28.62,0.17,73.07,2.94
2021,150,17.27,13.1,23.8,23.55,0.03,75.95,2.81
2021,151,17.97,14.3,23.3,21.66,0.05,78.74,3.04
2021,152,17.44,14.3,21.8,20.6,0,75.71,3.14
2021,153,16.67,13.3,22.4,23.95,0,75.2,3.29
2021,154,16.98,12.8,22.5,33,0,71.21,3.33
2021,155,16.62,10.7,23.2,29.33,0,70.41,2.99
2021,156,17.61,11.2,23.7,29.78,0,71.77,2.59
2021,157,17.24,13.4,22.5,24.87,0,74.02,2.94
2021,158,16.98,13.5,22.5,24.11,0,73.33,3.22
2021,159,17.49,13.6,23.3,24.62,0,73.79,3.15
2021,160,17.06,11.8,23.6,24.34,0,72.46,3.03
2021,161,16.06,10,22.3,25.43,0,73.58,3.2
2021,162,16.68,13.3,20.8,19.89,0,78.86,2.84
2021,163,16.56,11.8,22.2,23.97,0,71.46,2.68
2021,164,16.4,11,21.5,24.27,0,70.07,2.6
2021,165,15.39,11.5,18.1,21.96,0,75.77,2.61
2021,166,16.05,10.9,21.8,22.9,0,72.75,2.34
2021,167,16.92,9.8,25.2,32.15,0,68.02,2.3
2021,168,16.99,10.4,23.7,28.45,0,73.7,2.47
2021,169,16.21,12.5,21.5,22.82,0,74.34,2.63
2021,170,16.33,13.4,21,21.19,0,75.11,2.66
2021,171,17.3,12.7,23.2,27.12,0.03,71.84,2.89
2021,172,16.51,13.3,21.5,24.97,0.05,75.19,2.84
2021,173,15.57,10,20.3,19.95,0,71.93,2.8
2021,174,16.7,10.3,22.7,28.65,0,69.4,3.16
2021,175,15.78,11.9,21.8,25.9,0.12,77.09,3.45
2021,176,15.32,11.6,19.6,23.32,0,72.71,3.38
2021,177,16.55,11.4,23.2,22.78,0.02,70.92,2.78
2021,178,15.01,9.9,19.4,22.38,0,74.21,2.39
2021,179,15.61,10.9,22,21.61,0.03,75.98,2.58
2021,180,14.7,11.2,17.1,20.71,0.05,77.68,2.89
2021,181,16.97,13,22.6,27.88,0,72.02,3.21
2021,182,16.23,12.2,22.5,25.24,0,72.54,3.13
2021,183,16.28,11.7,21.6,25.57,0,71.04,2.57
2021,184,16.83,9.2,24.2,30.25,0.05,72.14,2.44
2021,185,15.12,11.5,19.7,21.22,0,74.07,2.69
2021,186,15.25,10.5,20.8,22.59,0,71.41,2.58
2021,187,15.57,10.8,20.2,23.75,0,68.69,2.58
2021,188,15.1,11.9,18.4,20.6,0,75.28,2.59
2021,189,15.25,13.1,19.7,20.29,0,74.17,2.7
2021,190,16.22,11.8,20.1,23.26,0,70.25,2.75
2021,191,16.11,12.9,20.1,18.02,0.05,74.06,2.82
2021,192,15.59,12.7,19.9,18.42,0,76.17,2.72
2021,193,15.64,13,19.9,18.95,0,72.63,2.86
2021,194,16.73,11.8,20.9,23.22,0,71.82,2.79
2021,195,15.62,12.4,20,16.56,0,78.23,2.72
2021,196,17.69,11.1,23.5,24.05,0,74.02,2.85
2021,197,17.39,13.2,23.7,20.97,0,73.43,3.16
2021,198,16.53,14,20.2,21.34,0,79.44,2.92
2021,199,16.78,11.4,23,21.51,0,74.73,2.75
2021,200,15.53,11.6,19.4,20.93,0,70.73,2.74
2021,201,16.1,12.2,20.9,21.93,0,69.28,2.55
2021,202,16.48,11.1,22.5,23.45,0,69.99,2.57
2021,203,16.75,11.4,23,21.84,0,69.8,2.9
2021,204,16.97,13.5,22.8,23.74,0,70.21,3.16
2021,205,17.69,11.1,24.5,27.15,0,71.3,3.1
2021,206,17.5,14.4,22.1,20.76,0,71.84,2.84
2021,207,17.97,13.4,24,26.85,0,59.58,3.39
2021,208,15.91,11.2,20.9,23.39,0,64.44,2.83
2021,209,16.49,12.1,22.6,26.14,0,61.69,2.93
2021,210,16.38,10,21.5,23.57,0,64.2,2.74
2021,211,14.96,11.6,18.5,21.79,0,69.19,2.91
2021,212,15.04,12.2,17.9,20.18,0,72.4,2.89
2021,213,15.24,9.9,21.1,20.26,0,72.43,3
2021,214,16.11,8.1,23.6,29.84,0.02,67.21,3.23
2021,215,16.34,9.3,22.5,24.63,0,70.6,3.5
2021,216,16.73,11.3,23,22.25,0,68.77,3.03
2021,217,16.15,9.9,21.5,22.51,0,70.37,3.15
2021,218,15.43,9.5,19.5,21.95,0,75.2,3.33
2021,219,17.56,11.5,24.5,23.5,0,71.8,3.07
2021,220,15.76,11.1,19.7,23.87,0,72.41,2.88
2021,221,17.17,12.7,23.4,22.09,0,72.6,2.85
2021,222,17.01,13.1,22.5,21.22,0,71.5,2.76
2021,223,17.44,10.8,25.3,29.76,0,71.88,2.3
2021,224,17.01,10.1,26.3,29.42,0.97,73.94,2.89
2021,225,15.33,13.7,18.1,18.63,0,76.16,3.31
2021,226,15.83,12,20,19.63,0,73.06,2.9
2021,227,16.22,9.1,23.1,25.76,0.05,70.98,3.2
2021,228,16.68,12.5,21.6,20.85,0,71.23,3.1
2021,229,16.83,11.7,21.8,24.17,0,67.83,3.09
2021,230,16.21,12.9,21.7,21.15,0,73.85,3.47
2021,231,17.4,12.7,23.8,24.68,0,72.2,3.51
2021,232,16.29,11.1,22.6,24.97,0,74.5,2.98
2021,233,18.17,11.3,25.1,29.11,0.02,66.62,2.83
2021,234,18.06,13.4,24.2,23.08,0,67.41,2.89
2021,235,19.26,14.2,26.9,30.01,0,68.26,3.42
2021,236,19.36,11.8,27.1,33.13,0,68.96,3.46
2021,237,18.36,10.8,26,35.84,0,63.45,3.63
2021,238,17.79,8.5,25.7,37.1,0.07,62.9,3.28
2021,239,17.92,12.2,25.1,29.89,0,64.3,3.36
2021,240,17.87,9.7,25.6,34.15,0,60.73,3.08
2021,241,18.21,8.6,27.4,36.9,0,54.9,2.83
2021,242,18.97,10.7,27.9,34.39,0,56.82,2.75
2021,243,20.33,10.6,29.9,36.5,0,55.1,2.85
2021,244,19.33,11.1,26.9,34.18,0,61.62,2.74
2021,245,18.83,13.9,25,29.3,0,64.1,3.06
2021,246,18.5,13.1,23.6,25.1,0,68.11,3.62
2021,247,17.9,13.9,23.4,26.78,0,71.72,4
2021,248,16.97,14.2,21.3,21.85,0,70.85,3.66
2021,249,16.59,12.2,21.7,21.26,0,69.51,3.07
2021,250,17.18,12.6,23,25.19,0,70.84,3.2
2021,251,17.2,13.5,22.6,21.27,0,74.06,3.59
2021,252,17.15,13.7,23.9,22.47,0,72.45,3.06
2021,253,18.74,13.2,25.4,25.55,0,70.03,3.3
2021,254,17.97,14.5,23.3,22.48,0,73.67,3.71
2021,255,17.25,11.3,23.4,22.69,0,70.01,3.89
2021,256,16.66,11.2,22.9,23.5,0,67.55,3.44
2021,257,18.22,13.7,25.9,24.59,0,70.24,3.25
2021,258,17.91,12.8,25,25.65,0,69.9,3.02
2021,259,17.82,12.7,25.5,27.04,0,67.79,3.04
2021,260,19.29,13.4,26.7,29.98,0,68.11,3.03
2021,261,18.5,13.4,24.9,27.45,0,71.77,2.9
2021,262,19.78,11.9,29,32.63,0.14,65.63,2.81
2021,263,19.7,13.1,26.7,31.11,0,66.27,2.82
2021,264,19.43,11.3,27.1,36.12,0,55.52,3.02
2021,265,18.54,11,25.6,27.85,0,65.17,3.14
2021,266,17.95,11.9,24.3,25.63,0.09,71.29,3.71
2021,267,19.19,14.2,26,31.87,0,65.57,3.67
2021,268,18.55,14.4,24.8,25.27,0,69.81,3.65
2021,269,18.35,13.2,24.9,26.15,0,68.91,3.52
2021,270,18.94,13.2,24.9,32.24,0,68.03,3.78
2021,271,18.7,13.3,24.9,26.46,0,67.53,3.35
2021,272,19.54,11.6,27.9,35.6,0.03,61.83,2.87
2021,273,19.67,11.9,28.6,35.86,0,62.55,3.14
2021,274,20.44,12.7,29,36.83,0.03,65.01,3.26
2021,275,20.14,15.7,26.6,29.78,0,70.23,3.67
2021,276,19.31,13.4,26.2,27.84,0,68.31,3.64
2021,277,19.66,12.3,27.6,37.35,0,62.64,3.29
2021,278,19.1,12.1,28.3,37.16,16.54,62.6,2.86
2021,279,19.64,13.1,28.5,32.69,0,62.08,2.75
2021,280,19.75,12.6,27.8,33.7,0,62.21,3.11
2021,281,19.67,12.4,27.9,33.67,0,58.23,2.89
2021,282,20.16,11.6,28.3,34.65,0,59.27,3.08
2021,283,20.29,15.4,26.9,31.99,0,65.5,2.99
2021,284,18.43,15.1,23,19.68,0,73.17,3.32
2021,285,19.33,14.2,27.1,26.03,0,73.38,3.38
2021,286,18.08,12.5,23.4,28.08,0,67.06,3.59
2021,287,19.08,11.9,27,32.07,0.02,63.29,3.34
2021,288,18.02,12.6,23,23.98,0.03,70.79,3.42
2021,289,20.22,13.1,27.6,32.37,0,65,3.7
2021,290,20.28,13.7,27.4,33.41,0,66.19,3.66
2021,291,20.28,14.7,27.3,30.66,0.12,68.75,3.22
2021,292,20.1,12.9,27.9,34.75,0.22,63.88,3.08
2021,293,20.55,13.9,28.1,32.12,0.03,66.61,3.66
2021,294,20.24,14.6,26.1,31.33,0,70.03,3.95
2021,295,19.43,14.9,25.5,30.31,0,72.31,4.26
2021,296,19.35,14.2,23.9,28.39,0,66.26,3.62
2021,297,20.03,12.6,28.3,32.3,0,64.41,3.18
2021,298,21.46,13.2,28.6,33.82,0,64.68,3.18
2021,299,21.51,14.3,29.2,35.47,0,63.15,3.77
2021,300,21.09,14.8,28.6,35.41,0.1,64.21,3.66
2021,301,20.7,14.8,27.9,33.16,0.05,68.23,3.96
2021,302,19.42,13.5,27.1,32.14,0,72.81,3.83
2021,303,19.98,11.1,27.3,35.23,0.07,61.99,3.21
2021,304,20.59,12.5,28.5,32.45,0,66.42,3.29
2021,305,20.06,15.4,25.9,27.67,1.44,74.11,3.65
2021,306,21.21,15,28.4,29.89,0.02,69.82,3.88
2021,307,21.26,15.5,28.3,30.28,0,65.42,4.08
2021,308,20.62,14.8,27.9,32.75,0,64.7,3.72
2021,309,20.52,15.1,28.2,32.41,0,66.35,3.61
2021,310,21.06,14.5,28.3,30.23,0.05,72.32,3.27
2021,311,20.75,15.8,27.6,29.32,0,68.83,3.24
2021,312,20.81,14.6,27.7,31.82,0.03,65.69,3.17
2021,313,21.26,13.1,28.9,36.76,0.05,57.47,3.12
2021,314,20.54,12.2,28.4,36.24,0.09,61.14,3.15
2021,315,21.52,13.4,28.5,37.03,0.05,62.47,3.42
2021,316,19.88,16,27.4,31.76,0.07,67.57,3.93
2021,317,20.62,14.3,27.5,34.16,0.03,62.23,3.63
2021,318,20.57,13.2,28.4,31.77,0,63.51,3.47
2021,319,20.4,15.1,27.1,32.48,0.05,67,3.62
2021,320,19.92,14.4,27.4,30.63,0,72.63,3.77
2021,321,20.27,14.6,26.5,30.15,5.31,72.1,3.57
2021,322,20.37,14.6,27.3,29.88,0.02,72.64,3.44
2021,323,20.35,13.7,27.6,31.91,6.22,67.49,3.63
2021,324,20.85,15,27.9,32.45,13.06,65.6,3.35
2021,325,21.4,15.8,28.3,32.56,0,67.49,2.95
2021,326,20.26,15.5,28.2,32.16,1.26,72.88,3.1
2021,327,20.08,16.2,28.3,30.54,25.4,71.56,3.46
2021,328,19.96,15.4,26.8,30.51,1.5,69.14,3.32
2021,329,21,15,29.1,34.47,0.03,59.82,3.14
2021,330,21.95,14.6,29.2,35.46,0,59.87,2.85
2021,331,21.47,15.4,28.7,32.47,0.12,65.88,3.44
2021,332,20.78,15.4,27.6,29.52,18.07,79.5,2.66
2021,333,18.39,14.7,23.4,26.03,11.74,77.19,2.99
2021,334,18.77,13.1,24.2,21.31,12.96,83.38,2.83
2021,335,18.66,15.6,24.3,26.5,7.14,84.4,2.98
2021,336,17.17,13.6,21.7,15.58,42.83,90.92,2.36
2021,337,18.76,15.2,24.1,23.63,5.97,80.08,3.27
2021,338,17.22,15.3,22.2,22.65,7.93,86.98,2.81
2021,339,17.52,14.6,21.6,24.53,13.46,80.82,3.23
2021,340,17.65,14.6,22.7,27.92,5,84.39,3.43
2021,341,17.74,14.9,23.1,26.94,2.02,82.92,3.04
2021,342,18.39,15.1,23.4,29.2,0.51,80,3.48
2021,343,18.79,15.1,24.2,28.34,0.2,78.13,3.41
2021,344,19.41,15.8,25.1,31.25,0.07,76.7,3.22
2021,345,19.09,15.9,24.8,29.79,0.73,80.08,3.45
2021,346,18.91,15.1,23.9,28.62,0.09,76.78,3.72
2021,347,18.49,13.7,24.2,29.4,0.17,74.59,4.16
2021,348,18.29,13.7,22.8,28.44,0.09,75.83,3.89
2021,349,18.51,15.8,23.6,26.37,0.05,82.69,3.57
2021,350,18.16,15.5,23.3,27.2,0.03,84.78,3.44
2021,351,18.45,15.4,24.1,25.8,0.31,87.13,3.27
2021,352,18.01,14.8,23.6,28.46,3.88,83.6,4.04
2021,353,17.79,15,22.7,29.95,0.36,78.39,3.7
2021,354,19.19,14.6,24.5,30.02,4.92,82.1,3.34
2021,355,19.06,15.7,24.5,29.65,3.04,83.48,3.48
2021,356,18.92,16.4,23.7,30.49,10.38,83.76,3.91
2021,357,17.93,14.9,22.4,24.76,16.59,85.76,3.52
2021,358,17.66,14.5,22,30.35,5.19,79.46,3.83
2021,359,18.66,15.8,23.1,30.07,0.41,79.94,3.9
2021,360,19.17,14.4,23.8,29.89,0.49,79.24,3.86
2021,361,18.15,15.6,23.4,24.81,18.42,85.99,3.02
2021,362,18.26,15.3,23,23.21,2.14,87.16,2.89
2021,363,18.46,15,23.3,30.17,0.31,78.53,3.42
2021,364,18.14,14.1,23.8,31.34,1.87,81.07,3.54
2021,365,19.16,14.5,24.2,32.02,0.15,75.5,3.18
2022,1,18.98,13.9,24.2,32.8,0.26,72.37,3.39
2022,2,18.04,12.8,23.7,34.97,0.27,70.64,3.42
2022,3,18.51,12.6,24.5,36.08,0.19,71.8,3.12
2022,4,18.89,14,24.1,36.99,0.12,71.04,3.31
2022,5,18.31,12.5,24.1,37.93,0.32,68.83,3.47
2022,6,18.62,11.2,25.2,37.9,0.24,65.59,3.8
2022,7,18.39,12.9,24.7,31.92,0.29,74.78,3.23
2022,8,18.48,14,24.1,30.91,0.22,78.1,3.65
2022,9,19.21,14.3,24.8,31.44,0.27,78,3.73
2022,10,18.55,12.6,24.7,33.53,0.34,73.68,3.63
2022,11,18.49,13.1,24.7,32.61,0.32,75.28,3.71
2022,12,18.64,10.9,26.1,35.88,0.31,70.95,3.92
2022,13,18.24,12.9,24.5,35.18,0.19,69.67,4.12
2022,14,18.24,12.7,24.3,37.18,0.15,67.25,4.08
2022,15,18.91,10.8,26.1,38.23,0.05,63.85,3.71
2022,16,19.55,11.9,27,37.87,0.07,62.14,3.39
2022,17,18.92,12.8,26.4,32.33,0.07,72.24,2.49
2022,18,20.39,13.7,27.1,34.61,0.14,70.6,2.27
2022,19,17.64,14.8,23.8,27.02,16.7,82.05,2.71
2022,20,18.69,15.1,24.8,22.9,0.02,77.56,2.74
2022,21,19.13,15.3,24.2,35.47,0,68.12,2.94
2022,22,19.96,13.8,26.9,33.8,0.03,66.87,3.29
2022,23,18.72,16,24.1,31.69,2.18,69.99,3.51
2022,24,19.36,14.5,25.2,33.4,0,64.43,3.75
2022,25,19.17,12.6,25.7,34.05,0,61.94,3.38
2022,26,20.06,14.2,25.9,34.14,0,62.82,3.68
2022,27,19.54,14,25.6,36.59,0,58.54,3.96
2022,28,18.53,12,26.2,38.56,0,61.11,3.65
2022,29,18.98,12.8,25.9,36.5,0,64.77,3.38
2022,30,20.61,12.5,28.3,35.55,0.12,62.52,3.41
2022,31,19.69,13.7,26.8,31.44,0,70.7,3.47
2022,32,19.93,12.3,26.2,34.75,0.12,67.07,3.28
2022,33,20.44,15.4,26.5,31.14,0.02,67.04,3.02
2022,34,20.82,16,26.7,25.7,0,66.14,2.74
2022,35,21.06,15.5,27.2,31.38,0,69.92,3.32
2022,36,19.26,14.6,25.6,33.17,0.12,69.72,3.81
2022,37,19.74,13.9,27.2,33.46,0.1,67.57,3.45
2022,38,20.36,12.2,29,33.64,5.87,61.4,2.63
2022,39,21.26,16.2,28.4,31.85,0.1,61.72,3.17
2022,40,19.41,15.2,27,32.04,13.03,66.37,3.39
2022,41,19.2,14.2,25.9,35.67,0.09,65,3.71
2022,42,18.94,12,25.9,38.13,0,52.88,3.96
2022,43,20.3,12.3,27.3,38.05,0,56.47,3.62
2022,44,20.58,13.4,27.4,35.38,0,63.36,3.28
2022,45,20.87,14.4,27.8,36.15,0,63.72,3.21
2022,46,21.4,14.6,29.4,35.4,0,62.5,3.2
2022,47,21.11,12.8,29,36.23,0,60.09,3.21
2022,48,20.32,14.9,28.5,31.08,0,62.09,2.98
2022,49,21.54,14.3,29.4,36.49,0,58.09,3.09
2022,50,22.26,13.8,30.5,36.48,0,56.45,3
2022,51,21.14,15.3,28.4,32.47,7.98,66.37,2.56
2022,52,21.17,15.3,28.6,33.81,0.09,67.15,2.9
2022,53,21.28,14.5,29.9,37.08,0.31,56.98,3.1
2022,54,20.04,14.8,28.2,34.79,0.03,58.41,2.78
2022,55,18.54,15.6,26.4,25.67,25.49,74.92,2.53
2022,56,18.87,15.1,25.8,29.97,15.15,74.86,2.82
2022,57,18.8,15.3,23.4,29.35,0.02,79.92,2.75
2022,58,19.02,14.7,24.7,26.42,0.17,75.54,3.22
2022,59,20.13,13.4,27.7,36,0.12,67.53,2.96
2022,60,20.71,13.6,28.5,38.55,0.1,61.77,3.47
2022,61,20.94,13.8,27.5,38.39,0.07,62.83,3.98
2022,62,20.47,14.9,26.8,34.25,0.1,64.82,4.08
2022,63,19.84,13.9,26.6,36.14,0,62.22,4.03
2022,64,21.3,14.6,27.7,39.77,0,54.83,4.11
2022,65,20.98,14.6,28,38.53,0,56.84,3.69
2022,66,20.43,13.6,28.1,38.34,0,59.06,3.74
2022,67,22.61,18.14,27.06,517.46,0,63.12,5.08
2022,68,20.83,15.18,27.21,528.88,0,63.19,3.23
2022,69,21.27,15.43,27.73,494.88,0,62.12,3.21
2022,70,21.07,14.75,27.93,353.33,0,62.24,3.65
2022,71,20.98,15.25,27.77,375.35,0,59.9,3.52
2022,72,21.59,14.99,27.72,366.26,0,60.2,3.08
2022,73,21.4,14.5,28.2,386.32,0,60.07,4.25
2022,74,22.04,14.76,29.13,384.18,0,55.39,3.34
2022,75,22.27,16.06,29.03,334.13,0,57.14,3.27
2022,76,22.39,14.51,28.8,351.29,0,57.69,3.28
2022,77,22.78,16.75,29.3,298,0,57.8,3.52
2022,78,22.01,16.43,28.75,284.89,0,60.48,3.8
2022,79,21.13,15.24,27.01,321.74,0,62.17,3.38
2022,80,21.67,16.21,28.24,381.55,0,61.72,2.96
2022,81,22.28,16.2,28.67,358.83,0,62.94,3.39
2022,82,21.83,16.28,27.34,355.4,0,62.43,4.27
2022,83,21.58,16.2,27.36,354.68,0,61.52,3.89
2022,84,21.82,15.3,28.53,379.24,0,62.76,3.6
2022,85,22.05,16.71,27.72,322.01,0,67.04,3.66
2022,86,22.06,16.58,29.12,337.91,0,63.88,3.15
2022,87,20.81,15.65,26.22,318.85,4.5,63.79,3.73
2022,88,21.02,16.65,26.07,271.42,0,68.8,2.57
2022,89,20.29,15.96,25.77,381.87,0,73.04,3.37
2022,90,20.47,17.08,25.38,381.39,0,76.01,4.23
2022,91,18.9,15.57,23.09,362.97,0,75.91,3.86
2022,92,18.26,13.56,23.46,393.89,0,72.04,4.08
2022,93,17.87,16.88,20.04,182.17,0,78.2,3.61
2022,94,17.41,16.39,19.4,364.73,0,75.33,4.89
2022,95,17.33,16.09,18.86,395.47,0,71.74,3.67
2022,96,17.9,16.71,19.79,500.3,0,67.24,3.31
2022,97,18.48,16.5,21.8,435.73,0,65.57,3.31
2022,98,20.76,17.2,26.16,344.82,0,67.31,3.7
2022,99,20.3,16.24,25.6,383.6,0,65.56,3.74
2022,100,20.37,16.15,25.71,320.09,0,67.55,3.57
2022,101,20.27,15.7,25.75,426.45,0,66.32,3.44
2022,102,20.14,15.14,24.78,394.99,0,68,4.34
2022,103,20.72,15.58,25.31,348.56,0,63.29,3.29
2022,104,20.87,14.68,26.7,397.46,0,67.87,2.57
2022,105,21.32,16.92,27.05,372.32,0,69.49,3.46
2022,106,20.92,16.82,25.8,439.99,0,73.25,4.03
2022,107,20.86,16.47,25.97,377.99,0,72.04,3.38
2022,108,21.36,15.9,27.15,286.98,0,71.31,2.75
2022,109,20.45,16.05,26.11,243.27,1.3,73.69,2.5
2022,110,20.96,16.83,26.4,297.66,0,71.3,3.55
2022,111,20.75,15.69,26.31,291.22,1.5,70.35,3.47
2022,112,18.9,14.59,23.76,190.41,45.9,78.23,3.16
2022,113,19.86,16.42,24.57,322.35,0,82,2.73
2022,114,18.7,16.64,23.7,306.2,15.8,78.6,2.43
2022,115,18.96,16.32,23.2,365,3.6,83.91,3.1
2022,116,19.05,16.42,23.04,424.46,0.7,80.96,3.7
2022,117,19.4,15.87,24.19,434.48,0,77.98,2.43
2022,118,20.27,16.68,25.21,465.23,0,76.71,2.86
2022,119,19.9,16.68,24.1,308.32,0,75.8,2.87
2022,120,18.78,16.7,22.3,174.7,3.8,83.27,2.63
2022,121,18.99,16.09,23.58,349,5.2,78.36,3.1
2022,122,19.44,15.56,24.41,414.9,0,74.86,2.39
2022,123,19.38,15.84,24.19,260.67,5,73.02,2.79
2022,124,19.6,16.52,24.68,332.81,0,72.84,3.17
2022,125,18.51,16.14,23.2,216.65,0.4,75.89,2.81
2022,126,18.22,14.05,22.76,352.38,0,76.9,2.79
2022,127,18.55,15.9,21.27,235.94,0.1,81.54,2.73
2022,128,18.66,15.12,22.6,244.17,0,76.93,2.7
2022,129,18.84,15.48,23.33,282.47,0,76.38,3.06
2022,130,19.77,15.77,24.98,458.65,0,70.13,2.85
2022,131,20,15.75,25.75,399.5,0,69.48,2.62
2022,132,19.42,14.89,25.43,395.8,0,68.38,2.81
2022,133,19.93,15.68,25.72,388.28,0,69.14,2.9
2022,134,19.32,14.66,25.34,372.58,0,64.75,2.77
2022,135,19.18,13.56,25.28,360.32,0,69.29,2.62
2022,136,19.73,15.11,25.98,380.26,0,70.29,3.28
2022,137,19.21,14.67,24.78,338.9,0,68.32,3.67
2022,138,17.97,13.89,22.8,126.03,0,68.99,3.16
2022,139,18.22,13.29,23.64,221.14,0,72.58,2.87
2022,140,17.99,14.15,23.21,297.82,0,70.57,2.73
2022,141,17.78,12.57,23.88,293.66,0,69.29,2.31
2022,142,19.31,14.84,25.6,365.66,0,67.64,3.31
2022,143,19.76,15.29,25.54,326.95,0,69.77,3.2
2022,144,20.13,15.22,26.38,228.16,0,66.66,2.55
2022,145,21.48,16.24,27.64,428.29,0,61.45,2.91
2022,146,19.82,14.6,25.66,340.46,0,60.95,2.95
2022,147,20.11,14.9,25.69,222.91,0,70.05,2.62
2022,148,20.08,16.21,24.9,191.73,0,72.28,2.72
2022,149,19.27,15.78,23.44,144.32,0.3,72.5,2.78
2022,150,19.04,15.74,23.75,225.56,0,73.22,2.76
2022,151,18.66,14.92,23.37,155.93,0,70.68,3.04
2022,152,18.34,14.99,22.29,118.09,0,70.58,2.94
2022,153,18.31,15.02,22.61,195.74,0,71.91,2.87
2022,154,18.84,15.07,24.15,294.23,0,74.09,3.02
2022,155,18.12,14.85,22.86,252.02,0,72.46,4.09
2022,156,17.28,13.28,22.36,199.75,0,71.74,3.1
2022,157,17.88,12.02,24.06,341.99,0,65.63,3.66
2022,158,17.92,11.04,24.49,301.21,0,70.76,2.58
2022,159,17.56,15.1,22.16,232.19,0,75.7,3.6
2022,160,17.65,14.17,21.59,196.69,0,70.1,3.64
2022,161,18.3,14.41,23.32,157.44,0,66.24,2.71
2022,162,17.25,13.26,22.4,159.74,0,69.18,2.33
2022,163,18.05,14.06,23.04,161.27,0,69.29,2.93
2022,164,18.53,15.08,22.87,202.85,0,69.88,2.86
2022,165,17.72,14.75,22.14,107.21,0,72.64,2.94
2022,166,17.4,14.69,20.6,56.58,0,71.15,2.62
2022,167,18.54,13.6,25.2,189.02,0,67.61,2.89
2022,168,18.21,13.87,23.45,243.41,0,68.95,2.5
2022,169,18.51,13,24.43,280.19,0,66,3.28
2022,170,17.88,13.29,22.65,232.95,0,69.53,3.66
2022,171,17.94,13.13,23.59,178.98,0,66.71,3.24
2022,172,17.34,13.66,20.91,56.5,0,71.3,3.06
2022,173,17.32,14.39,22.72,95.34,0,68.5,3.21
2022,174,17.52,11.97,23.34,313.92,0,64.96,2.64
2022,175,17.31,14.03,21.74,168.96,0,67.21,2.83
2022,176,17.17,14.23,20.82,50.52,0,72.23,3.37
2022,177,16.19,13.44,18.77,92.29,0.1,70.88,3.34
2022,178,17.48,14.42,21.78,128.3,0,71.6,2.74
2022,179,17.07,14.73,20.84,244.38,0,66.19,2.58
2022,180,16.77,13.75,20.25,72.97,0,67.32,2.65
2022,181,15.83,12.64,19.08,68.47,0,64.6,2.37
2022,182,15.55,12.03,19.18,188.56,0,69.78,2.41
2022,183,16.92,11.88,22.74,303.82,0,67.57,2.96
2022,184,15.67,12.87,18.84,59.77,0,71.94,2.76
2022,185,17.04,12.25,22.86,328.12,0,68.99,3.18
2022,186,17.76,13.49,23.66,331.93,0,63.76,3.57
2022,187,17.13,11.57,22.61,230.21,0,64.79,2.45
2022,188,16.49,12.71,21.53,72.84,0,69.45,2.19
2022,189,17.45,12.82,22.84,154.49,0,67.26,3.43
2022,190,15.61,12.39,19.3,70.14,0,71.41,3.02
2022,191,15.36,13.06,17.58,72.47,0,72.78,3.65
2022,192,15.9,13.06,19.38,81.61,0,70.79,3.71
2022,193,16.41,13.22,20.08,164.59,0,70.89,3.63
2022,194,17,13.05,23.09,286.28,0,71.47,4.3
2022,195,15.18,13.43,17.66,82.4,0,76.47,4.08
2022,196,17.31,11.5,22.93,308.22,0,63.61,2.69
2022,197,17.63,13.04,22.38,136.36,0,63.78,3.42
2022,198,17.43,13.81,22.05,150.39,0.1,73.16,4.11
2022,199,16.97,14.06,21.37,94.87,0,70.5,3.05
2022,200,15.82,12.43,18.74,48.01,0,74.91,3.56
2022,201,16.82,13.56,19.66,258.03,0,68.57,4.16
2022,202,16.21,13.3,20.87,117.78,0,69.6,3.53
2022,203,15.78,12.57,20.7,175.99,0.1,78.4,3.28
2022,204,16.43,12.59,20.69,165.73,0,68.17,3.49
2022,205,15.58,12.94,21.04,137.6,0,75.4,3.47
2022,206,16.13,12.02,21.94,227.18,0,71.17,3.57
2022,207,16.71,11.95,22.01,217.55,0,69.26,3.35
2022,208,16.52,12.16,22.15,318.48,0,69.15,3.14
2022,209,17.17,13.79,22.15,171.42,0,66.34,3.77
2022,210,16.53,11.26,22.24,263.9,0,69.19,2.86
2022,211,16.86,14.08,21.06,143.83,0,73.01,3.21
2022,212,17.01,13.89,21.47,210.36,0,75.13,3.46
2022,213,16.31,14.21,19.2,221.03,0.2,80.82,3.26
2022,214,17.04,13.71,21.67,123.77,0,71.99,2.87
2022,215,15.77,14.74,17.6,65.52,0,82.37,3.52
2022,216,15.26,13.79,17.63,29.74,0,79,2.79
2022,217,15.85,12.6,20.8,29.4,0,70,3.64
2022,218,16.37,13.5,18.73,131.65,0,75.41,4.86
2022,219,15.54,13.16,19.78,173.11,0,72.26,3.21
2022,220,15.97,10.61,21.32,140.51,0,66.09,2.78
2022,221,14.72,10.49,19.28,108.3,0,74.05,2.9
2022,222,15.17,12.94,20.3,29.4,0,70.71,3.1
2022,223,16.23,11.61,21.52,136.43,0.1,70.32,3.02
2022,224,16.54,13.18,22.49,148.94,0,69.9,3.92
2022,225,16.39,13.35,20.54,262.93,0,74.53,5.08
2022,226,16,12.99,19.88,120.28,0,68.38,4.6
2022,227,16.62,13.25,20.9,95.09,0,73.2,3.54
2022,228,15.9,12.71,19.62,64.39,0,78.45,3.45
2022,229,17.97,15.12,20.93,144.83,0,73.86,3.58
2022,230,18.36,14.54,23.32,182.8,0,70.3,3.14
2022,231,16.2,13.85,21.04,29.4,0,70.9,3.65
2022,232,16.71,10.58,23.93,319.33,0,62.69,2.93
2022,233,17.91,11.12,24.93,326.27,0,58.32,2.82
2022,234,19.29,12.07,27.28,317.81,0,54.37,3.06
2022,235,18.89,11.59,25.68,361.83,0,56.41,3.37
2022,236,17.13,11.58,23.12,317.06,0,64.51,3.45
2022,237,15.92,11.78,20.37,198.14,0,69.24,3.56
2022,238,16.31,11.63,21.08,204.48,0,62.17,3.48
2022,239,16.15,12.38,19.39,91.03,0,72.4,3.56
2022,240,17.04,14.21,21.62,174.09,0,72.9,3.89
2022,241,15.84,14.04,18.59,126.99,0,76.54,3.85
2022,242,16.53,13.43,19.45,135.2,0,71.17,3.26
2022,243,18.06,10.99,24.18,210.51,0,65.74,2.98
2022,244,18.35,12.52,25.35,337.68,0,60.96,3.39
2022,245,16.58,12.68,20.24,67.53,0,69.25,3.25
2022,246,17.57,12.39,23.49,351.03,0,61.14,2.84
2022,247,15.39,13.02,18.12,17.73,0,78.45,2.89
2022,248,16.57,12.95,21.76,143.24,0,71.21,3.02
2022,249,17.12,11.36,24.61,211.83,0,69.45,2.72
2022,250,18.33,12.8,24.05,270.34,0,65.01,2.63
2022,251,17.89,13.97,24.33,214.86,5.31,74.16,2.66
2022,252,16.04,13.76,18.49,142.43,0.1,81.88,3.44
2022,253,16.24,13.46,19.34,49.57,0,72.97,2.86
2022,254,16.45,11.87,20.14,97.48,0,68.42,3.13
2022,255,17.36,11.94,23.7,229.11,0,66,2.98
2022,256,18.19,13.59,23.95,259.01,0,69.87,3.08
2022,257,18.01,14.05,23.07,370.41,0,70.29,3.08
2022,258,16.98,13.06,21.55,213.22,0,73.42,3.39
2022,259,17.35,13.57,21.54,146.56,0,65.85,3.42
2022,260,16.79,12.99,21.06,106.98,0,70.13,4.09
2022,261,17.78,13.84,23.14,233.46,0,65.91,4.54
2022,262,17.42,13.92,21.29,154.72,0,72.98,3.78
2022,263,17.06,12.96,22.45,161.8,0,72.83,3.61
2022,264,19.08,14.39,25.4,340.08,0,67.1,3.47
2022,265,18.57,13.85,24.28,348.03,0,71.5,3.59
2022,266,18.94,13.56,25.37,346.07,0,64.96,3.78
2022,267,18.68,13.52,24.57,387.77,0,66.65,3.67
2022,268,18.71,11.93,25.07,354.81,0,59.6,3.5
2022,269,18.57,12.01,25.22,351.43,0,63.4,3.92
2022,270,18.59,13.24,23.56,304.73,0.51,66.49,4.67
2022,271,18.78,13.63,24.03,338.91,0,64.78,4.3
2022,272,18.39,12.17,24.31,376.58,0,61.17,4.13
2022,273,18.71,12.76,25.03,324.81,0,57.93,3.59
2022,274,18.77,12.6,25.29,337.09,0,59.13,3.66
2022,275,18.34,14.43,23.57,206.54,0,68.18,3.66
2022,276,18.43,14.39,24.96,341.93,13.4,70.88,3.26
2022,277,19.42,14,25.92,337.4,0,64.31,3.22
2022,278,18.88,12.78,25.6,392.88,0,63.29,3.04
2022,279,18.66,12.62,25.66,277.7,0,65.63,3.54
2022,280,18.79,13.84,25.26,396.04,0,66.62,3.81
2022,281,18.51,14.15,24.24,297.77,0,69.72,4.17
2022,282,18.67,14.44,23.88,199.26,0,65.64,3.93
2022,283,18.15,12.43,24.78,381.56,0,60.26,3.91
2022,284,18.36,14.16,23.4,319.23,0,58.33,3.68
2022,285,18.89,13.26,24.27,310.31,0,58.29,3.16
2022,286,18.25,12.49,24.48,330.25,0,60.94,3.34
2022,287,18.7,11.28,25.32,301.02,0,53.02,3.29
2022,288,18.94,13.18,25.63,352.25,0,54.43,3.25
2022,289,18.42,12.28,25.04,392.36,0,56.83,3.67
2022,290,18.47,11.66,25.02,320.5,0,60.5,3.8
2022,291,19.61,13.58,25.57,357.71,0,61.88,4.58
2022,292,20.12,14.68,25.83,303.06,0,63.51,4.18
2022,293,19.6,15.82,24.49,304.72,0,67.43,4.25
2022,294,19.28,14.47,24.79,295.06,0,65.65,4.34
2022,295,18.79,13.38,24.82,258.55,0,67.11,3.93
2022,296,19.37,14.22,25.9,361.03,0,62.1,3.74
2022,297,19.53,13.21,25.98,363.49,0,57.1,3.98
2022,298,19.96,14.31,25.6,312.81,0,61.47,4.03
2022,299,20.78,14.73,27.14,348.8,0,60.32,3.73
2022,300,20.84,15.02,26.66,335.49,0,59.09,3.7
2022,301,20.38,15.27,25.74,370.12,0,63.81,4.59
2022,302,20.21,15.26,25.5,306.24,0,65.33,4.17
2022,303,20.53,15.23,26.72,350.52,0,64.7,3.53
2022,304,20.59,15.29,26.2,321.8,0.41,61.37,4.12
2022,305,19.72,14.93,25.1,367.68,0,63.66,4.13
2022,306,19.82,15.63,25.34,283.86,0,69.09,4.76
2022,307,18.84,16.12,23.33,305.45,0.2,79.45,4.39
2022,308,18.95,16.21,23.06,255.6,0,78.02,4.9
2022,309,18.07,15.21,21.56,248.78,6.7,82.41,3.45
2022,310,19.57,15.15,25.02,305.49,0,68.45,3.83
2022,311,19.83,14.71,25.15,365.75,0,68.94,4.71
2022,312,19.48,15.87,24.56,262.12,0,75.33,4.8
2022,313,19.58,16.08,24.39,303.78,0,73.86,4.9
2022,314,19.61,15.5,24.69,352.2,0,67.34,4.08
2022,315,19.76,15.42,24.7,328.69,0,65.53,4.24
2022,316,20.14,16.14,25.14,292.3,0,67.14,4.81
2022,317,19.63,16.22,24.43,356.25,0,70.45,5.16
2022,318,18.46,15.9,22.41,201.43,0,79.44,4.61
2022,319,19.17,15.36,23.5,214,0,73.57,3.52
2022,320,18.83,16.3,22.84,74.79,0.6,76.38,3.32
2022,321,18.21,16.25,22.61,149.9,1.3,84.19,3.33
2022,322,17.63,15.71,21.45,176.99,2.5,87.11,3.78
2022,323,17.36,14.59,20.68,129.42,1.23,81.86,3.44
2022,324,18.72,14.8,24.33,308.33,0,75.22,4.07
2022,325,18.79,15.74,22.98,283.37,0,78.99,4.98
2022,326,19.07,14.69,24.05,244.93,0,74.38,3.71
2022,327,19.19,14.87,23.92,276.41,6.6,75.23,4.07
2022,328,19.08,16.25,24.44,273.36,0.1,79.62,4.5
2022,329,18.25,15.69,23.31,327.93,0,81.32,4.45
2022,330,17.88,14.48,22.08,333.48,17.9,81.39,4.31
2022,331,18.13,15.15,22.11,374.41,0.4,77.75,4.39
2022,332,18.18,14.5,23.12,368.11,0,73.7,3.7
2022,333,18.65,14.3,24.06,274.63,0,75.04,3.96
2022,334,18.64,16.02,23.18,295.12,0,79.8,4.48
2022,335,17.7,15.31,22.04,281.08,3.5,85.27,4.29
2022,336,17.62,15.56,22.25,307.22,4.2,86.05,4.4
2022,337,18.23,14.97,23.54,359.8,0.51,79.24,4.94
2022,338,18.81,14.34,24.33,301.74,0,72.81,3.98
2022,339,18.53,15.5,23.24,328.85,0,80.92,4.55
2022,340,18.11,15.1,21.48,349.17,14.8,83.92,4.31
2022,341,18.68,15.85,23.25,403.08,0.6,78.79,4.02
2022,342,19.48,15.87,24.14,388.22,0,76.32,3.56
2022,343,19.62,16.37,24.21,416.23,0.41,75.56,4.19
2022,344,19.53,16.34,24.05,385.92,0,76.6,4.67
2022,345,18.89,15.9,24.95,323.63,0,76.64,3.46
2022,346,18.93,15.39,24.04,185.3,0,76.05,2.7
2022,347,19.52,15.58,24.57,369.85,0,74.91,3.55
2022,348,17.6,15.75,20.62,116.55,1.3,85.17,3.36
2022,349,17.73,14.86,22.61,351.09,2.7,83.68,4.42
2022,350,18.38,13.71,23.41,325.59,0,78.55,3.77
2022,351,18.72,14.68,24.18,371.61,0,77.14,3.8
2022,352,19.32,14.83,24.58,332.21,0,75.61,3.79
2022,353,19.52,14.81,24.88,359.02,0,74.49,4.19
2022,354,19.73,15.01,24.79,323.02,0,71.84,4.14
2022,355,19.69,14.66,24.98,316.81,0,67.14,3.59
2022,356,20.16,15.69,25.29,320.89,0,60.93,3.97
2022,357,20.06,15.87,25.46,265.99,0,63.58,3.15
2022,358,19.79,15.88,24.24,180.97,0,71.69,4.1
2022,359,19.55,15.28,25.03,301.36,0,76.68,4.66
2022,360,19.78,14.62,25.19,299.64,0,75.68,4.03
2022,361,19.99,15.61,25.11,257.33,0,73.22,4.44
2022,362,20.04,14.84,25.48,306.69,0,71.88,4.22
2022,363,18.75,16.79,22.71,178.64,0,80.42,3.77
2022,364,19.25,15.39,23.73,249.1,0,71.77,4.25
2022,365,18.86,14.62,23.78,195.7,0,68.53,4.96
2023,1,18.58,13.95,23.49,278.37,0,65.27,4.51
2023,2,18.74,13.61,23.83,326.38,0,60.87,4.51
2023,3,19.25,14.12,24.18,280.23,0,62.72,4.63
2023,4,17.98,13.75,23.01,211.09,0.1,72.71,4.88
2023,5,17.25,15.45,20.82,214.32,10.62,87.78,5.48
2023,6,16.94,15.21,19.18,103.83,4.8,89.25,4.65
2023,7,17.62,14.54,21.55,274.51,0.2,77.42,4.38
2023,8,19.42,13.57,24.66,376.05,0,56.91,3.87
2023,9,19.6,14.23,24.56,355.46,0,60.44,4.2
2023,10,19.01,13.81,24.6,361.29,0,73.27,4.48
2023,11,19.48,16.27,24.33,277.82,0,74.98,5.09
2023,12,19.17,15.9,23.54,312.8,0,73.78,4.69
2023,13,19.18,14.34,24.06,300.67,0,70.07,4.13
2023,14,19.84,14.59,25.32,365.58,0,64.35,4.95
2023,15,19.68,13.39,25.11,359.62,0,57.99,4.46
2023,16,19.45,13.8,24.51,341.86,0,57.68,3.85
2023,17,19.78,13.98,24.89,349.03,0,53.19,4.17
2023,18,19.6,14.32,24.98,347.23,0,58.45,4.01
2023,19,19.44,13.62,24.81,280.46,0,61.1,4.05
2023,20,21.2,14.54,27.44,350.85,0,39.06,3.88
2023,21,21.45,15.57,27.25,356.5,0,43.76,3.63
2023,22,20.97,15.4,26.66,353.82,0,53.2,4.18
2023,23,20.88,14.6,26.14,356.25,0,51.04,4.37
2023,24,20.5,16.16,24.79,235.94,0,54.3,4.54
2023,25,20.05,16.04,24.84,262.47,0,65.03,4.02
2023,26,20.01,14.81,25.45,300.24,0,64.15,4.56
2023,27,20.9,14.87,26.58,352.5,0,58.19,4.1
2023,28,21.4,15.7,28.3,36.88,0,56.38,3.88
2023,29,19.54,14.2,26.3,33.9,0,62.56,3.69
2023,30,19.86,13.5,26.8,38.43,0,59.22,3.64
2023,31,20.24,13.4,27.6,35.66,0,59.62,3.75
2023,32,20.13,13.7,27.7,34.6,0,60.72,3.36
2023,33,20.28,13.7,27.8,33.72,0,62.53,3.27
2023,34,21.34,14.6,29.2,34.54,0.03,62.29,2.95
2023,35,21.31,14.5,28.9,32.61,0.02,57.66,3
2023,36,21.74,14.5,29.1,38.85,0.05,49.45,3.69
2023,37,21.78,15,29.8,39.02,0,52.85,4.03
2023,38,22.05,15.3,29.2,38.59,0,51.93,3.65
2023,39,21.79,14.8,29.8,38.16,0,50.7,3.41
2023,40,21.31,14.3,29.2,34.58,0,57.1,3.31
2023,41,20.73,14.9,27.9,36.15,0,60.38,3.56
2023,42,20.57,14.6,27.9,33.89,0,62.17,3.45
2023,43,21.88,14.7,29.5,37.57,0,57.32,3.87
2023,44,21.2,14.9,28.1,35.73,0,59.43,4.2
2023,45,20.76,15.5,27.7,38.6,0,55.31,4.46
2023,46,20.68,13.5,28.5,39.43,0,53.06,3.72
2023,47,20.33,12.9,28.4,38.06,0,57.76,3.7
2023,48,21.29,14.1,28.8,38.05,0,57.53,3.77
2023,49,21.29,14.9,28.5,33.78,0,63.97,3.85
2023,50,20.35,13.7,27.9,35.05,0,60.64,4.29
2023,51,20.11,13.9,26.9,33.89,0,60.88,4.31
2023,52,20.74,15.5,27.9,32.41,0,62.73,4.3
2023,53,20.73,14.7,27.7,36.27,0,56.59,3.99
2023,54,20.75,14.3,27.8,37.5,0,54.49,3.79
2023,55,20.8,14.3,28,37.72,0,54.92,3.73
2023,56,20.58,14.8,28.5,36.79,0,57.38,3.69
2023,57,21.66,15.7,28.8,36.9,0,58.07,3.38
2023,58,21.12,15.5,28,37.28,0,61.49,3.82
2023,59,21.03,14.9,27.8,36.53,0,60.43,4.11
2023,60,19.51,15.1,26.5,33.52,0.02,66.62,4.38
2023,61,20.28,14.7,27.2,32.62,0,63.95,3.91
2023,62,21.39,14.4,28.5,36.37,0,57.36,3.48
2023,63,21.46,14.7,28.3,35.62,0,57.56,3.67
2023,64,21.75,15.7,28.5,32.96,0,59.04,3.73
2023,65,21.2,15.6,27.9,38.17,0,56.71,4.18
2023,66,20.73,14.9,28,36.36,0,61.13,4.52
2023,67,21.06,14.3,28.2,36.55,0,59.95,4.25
2023,68,20.72,14.1,28.7,36.59,0,61.79,3.95
2023,69,21.25,15.1,29,38.23,0,59.65,3.8
2023,70,22.05,15.8,30,34.8,0,57.91,3.64
2023,71,21.24,15,28.5,35.01,0,61.2,3.61
2023,72,20.72,16.4,26.6,32.47,0,62.41,3.92
2023,73,20.85,15.7,27.4,32.51,0,63.7,3.72
2023,74,20.9,15.6,28.4,34.46,0.02,61.96,3.82
2023,75,20.83,15.8,27.7,34.76,0,63.33,3.8
2023,76,20.69,15.1,26.9,28.3,2.65,65.53,3.34
2023,77,18.26,14.5,23,25.98,11.11,73.58,3.18
2023,78,19.81,15.2,25.9,32.78,0,64.84,3.98
2023,79,20.52,14.3,27.1,36.35,0,61.37,3.6
2023,80,20.74,15.4,27.2,35.3,0,64.57,3.43
2023,81,19.71,14.8,27,32.62,1.29,69.26,3.07
2023,82,17.79,15.3,24.7,24.81,17.81,82.21,2.11
2023,83,19.74,15.8,25.7,30.01,0.19,79.06,2.63
2023,84,19.89,14.2,28.2,32.39,8.7,78.11,3.12
2023,85,20.39,16,26.4,32.41,4.44,75.21,2.84
2023,86,18.23,14.9,21.3,25.4,15.26,82.55,2.59
2023,87,18.13,14.8,21.8,27.48,11.05,82.66,2.58
2023,88,19.95,14.8,25.4,31.31,0,77.55,3.18
2023,89,20.19,16.2,26.7,30.54,0,78.55,3.08
2023,90,19.85,15.7,26.2,25.45,0,80.41,2.82
2023,91,20.25,16.4,25.9,31.82,0,74.82,3.83
2023,92,19.22,15.8,26.4,29.58,0,75.55,3.43
2023,93,20.68,15.4,27.7,32.76,0,76.14,2.51
2023,94,20.74,15.6,27.3,31.83,0,70.95,3.01
2023,95,19.65,13.6,26.3,30.67,0,74.04,3.01
2023,96,18.7,13.6,24.6,29.13,0,76.88,3.18
2023,97,19.09,15.5,24,28.87,3.91,76.31,3.83
2023,98,18.19,15.5,22.9,29.83,0.37,77.25,3.15
2023,99,19.77,15.9,25.4,31.26,0.12,75.75,3.53
2023,100,16.99,15.5,20.7,28.37,16.55,84,3.33
2023,101,18.19,15.6,23.1,29.31,1.04,80.56,3.48
2023,102,19.22,15.6,24.8,30.88,0.14,77.26,3.7
2023,103,18.05,15.8,21.6,29.59,1.16,81.56,3.28
2023,104,18.26,16.2,22.3,27.6,2.72,83.31,3.15
2023,105,18.46,15,23,29.23,8.75,82.27,3.55
2023,106,17.18,15.4,21.2,29.19,9.15,81.54,3.27
2023,107,17.96,15.5,23.3,25.85,2.13,83.31,3.28
2023,108,18.25,14.6,23.1,31.38,0.88,77.39,3.49
2023,109,18.56,15.7,23.6,27.58,1.27,85.3,3.07
2023,110,18.79,15.4,23.8,27.45,1.92,84.43,3
2023,111,22.3,22.3,22.3,30.38,0,64.7,2.93
2023,112,21.07,17,24.09,30.02,0,71.13,3.74
2023,113,20.16,17.07,25.36,31.79,1,80.23,2.82
2023,114,18.06,16.81,19.59,22.14,17.06,92.29,2.83
2023,115,19.19,15.33,23.64,26.58,0,80.92,2.44
2023,116,20.13,17.32,24.31,28.33,0,81.88,2.65
2023,117,18.92,15.95,22.83,22.1,5.1,86.61,2.42
2023,118,18.55,16.41,22.86,21.54,35,89.17,1.62
2023,119,19.06,15.7,23.06,29.55,0.1,80.9,2.39
2023,120,17.85,16.69,20.08,19.04,11.7,90.83,2.03
2023,121,18.04,15.51,21.49,24.32,0,85.63,2.1
2023,122,18.66,16.79,22.47,24.01,14.3,87.36,2.18
2023,123,18.02,16.16,20.28,18.37,22.6,89.17,2.66
2023,124,18.54,14.62,22.18,28.91,0.6,84.6,2.64
2023,125,18.27,16.54,21.52,27,0.1,89.09,3.64
2023,126,18.61,15.12,23.36,29.99,0,83.58,1.96
2023,127,18.67,14.48,23.52,30.7,0,82.14,2.29
2023,128,18.86,15.23,23.42,26.48,0,82.42,2.8
2023,129,18.79,15.61,23.07,29.89,0,83.04,2.71
2023,130,19.09,15.8,23.44,28.73,0,81.1,2.44
2023,131,18.17,16.24,21.58,28.43,0.1,86.29,3.69
2023,132,18.56,16.06,22.68,26.32,0,81.82,3.32
2023,133,18.15,15.1,22.15,27.64,0,82.4,3.2
2023,134,18.06,14.02,23.32,32.23,0,80.69,2.41
2023,135,19.24,15.48,24.25,28.29,0,80.52,2.45
2023,136,19.23,16.33,24.04,29.44,0,79.02,3.41
2023,137,18.59,14.77,23.4,29.83,0,80.56,2.58
2023,138,18.6,14.35,23.74,30.1,0,75.81,2.95
2023,139,19.07,15.98,23.06,22.29,0,78.16,2.98
2023,140,18.29,13.91,22.89,29.28,0,81.01,2.73
2023,141,18.37,14.63,23.8,26.3,0,79.61,2.45
2023,142,19.41,13.13,26.12,34.63,0,72.85,2.35
2023,143,19.27,13.3,24.7,29.61,0,73.65,2.67
2023,144,19.83,15.97,25.45,28.93,0,76.68,2.49
2023,145,19.78,16.04,24.78,29.21,0,77.59,3.21
2023,146,18.99,14.96,23.77,28.61,0,73.95,3.17
2023,147,19.11,14.58,23.87,33.42,0,72.29,3.33
2023,148,18,14.1,22.59,27.07,0,75.42,3.35
2023,149,16.64,12.72,21.05,26.92,0.3,82.01,3.15
2023,150,17.5,14.02,22.45,26.96,0.1,80.72,3.26
2023,151,16.53,14.07,19.75,26.82,2.6,89.1,3.74
2023,152,17.26,13.76,20.82,24.52,0,82.09,2.58
2023,153,18.19,15.48,23.03,165.37,0,78.43,2.52
2023,154,19.1,14.83,24.04,252.18,0,74.88,3.37
2023,155,19.11,15.58,23.99,273.08,2.6,76.13,3.6
2023,156,18,14.69,22.03,69.78,0,80.43,3.46
2023,157,17.66,13.89,22.83,199.47,0,79.68,3.11
2023,158,19.15,14.11,24.66,306.03,0,72.1,2.52
2023,159,18.83,15.25,23.88,200.96,0.2,76.26,3.01
2023,160,18.95,13.44,24.91,360.35,0,62.02,2.54
2023,161,19.36,12.31,26.04,365.95,0,64.25,2.55
2023,162,18.79,15.88,23.8,229.63,0,75.18,3.93
2023,163,18.3,13.62,24.32,251.44,0,74.56,2.85
2023,164,19.59,14.98,24.61,351.39,0,63.15,2.73
2023,165,19.64,14.92,24.48,241.6,0.2,63.95,2.52
2023,166,17.84,13.52,22.29,190.26,0,74.48,2.64
2023,167,18.81,14.98,25.01,245.06,0,78.03,2.24
2023,168,17.89,14.88,21.55,141.38,0,77.07,2.1
2023,169,18.54,14.65,23.95,188.56,0,74.76,2.65
2023,170,16.83,14.59,19.37,54.07,0,80.78,3.03
2023,171,17.38,13.35,22.42,172.24,0,74.23,2.81
2023,172,17.84,12.97,22.96,224.37,0,73.04,2.49
2023,173,18.42,14.65,22.7,138.18,0,77.27,2.83
2023,174,17.83,15.91,20.93,191.66,0,79.93,3.14
2023,175,17.11,14.77,20.05,117.71,0,78.53,2.92
2023,176,16.87,15.44,18.65,61.62,0,81.36,3.27
2023,177,17.72,14.23,22.8,198.47,0,69.59,2.7
2023,178,18.16,13.41,24.21,249.27,0,60.96,2.39
2023,179,16.67,13.5,21.31,115.2,0,76.59,2.67
2023,180,16.59,13.91,20.48,94.91,0,79.69,2.63
2023,181,17.33,12.34,22.77,236.09,0,73.82,2.46
2023,182,16.34,13.54,19.66,114.41,0,79.4,2.51
2023,183,17.5,14.71,21.1,109.4,0,75.77,3.1
2023,184,17.09,14.5,20.39,26.13,0,79.28,3.5
2023,185,16.91,14.71,19.95,85.05,0,75.76,3.45
2023,186,17.14,13.46,21.06,61.39,0,73.3,3.53
2023,187,16.5,13.97,19.82,167.11,0,73.98,3.97
2023,188,15.27,12.43,18.94,12.18,0,79.14,2.19
2023,189,18.06,15.84,19.51,95.63,0,66.31,4.78
2023,190,16.23,14.2,18.34,100.56,0,71.89,4.13
2023,191,16.26,12.37,20.81,159.02,0,72.12,3.26
2023,192,16.77,11.2,23.56,248.11,0,72.19,2.32
2023,193,18.69,10.53,26.26,315.31,0,65.96,2.48
2023,194,18.73,13.05,25.43,289.71,0,67.15,2.61
2023,195,16.82,13.68,20.29,189.55,0,74.61,3
2023,196,16.93,12.67,20.86,192.7,0,72.44,3.07
2023,197,18.08,13.39,23.37,212.77,0,65.2,3.12
2023,198,17.13,12.58,22.48,132.91,0,70.3,2.48
2023,199,16.52,12.53,20.62,203.16,0,72.56,2.49
2023,200,15.86,11.93,19.8,67.65,0,73.96,2.59
2023,201,16.31,12.25,21.51,91.4,0,71.79,3.25
2023,202,16.74,12.41,21.45,65.78,0,73.66,2.79
2023,203,18.82,12.14,25.91,312.23,0,61.97,2.95
2023,204,18.53,13.18,24.25,317.92,0,62.06,3.24
2023,205,17.85,14.49,22.47,64.01,0,70.11,3.15
2023,206,17.62,14.85,21.88,183.78,0,74.82,3.76
2023,207,17.38,13.13,21.38,87.99,0,73.91,2.7
2023,208,18.01,15.6,22.06,164.12,0,74.49,3.37
2023,209,16.77,14.22,22.16,164.8,0,75.2,3.05
2023,210,16.96,12.3,21.48,97.12,0,71.97,2.7
2023,211,16.78,14.6,20.27,100.08,0,75.65,3.99
2023,212,16.67,13.6,21.41,84.46,0,77.88,2.76
2023,213,17.75,12.74,24.26,309.83,0,75.95,2.78
2023,214,18.63,12.91,25.69,320.4,0,71.32,2.99
2023,215,17.26,14.02,21.61,108.1,0,75.7,3.71
2023,216,17.03,13.91,20.32,245.22,0.1,76.65,5.05
2023,217,15.78,15.4,16.35,20.22,0,84.12,3.86
2023,218,17,13.1,21.4,20.73,0.05,70,3.64
2023,219,16.92,12.7,22.3,23.97,0,70,3.64
2023,220,16.78,13.6,22,23.08,0.56,70,3.64
2023,221,17.39,11.9,24.6,25.9,0,70,3.64
2023,222,19.19,16.1,22.77,23.55,0,60.43,3.98
2023,223,16.3,14.35,19.47,99.72,1.5,82.14,3.25
2023,224,17.41,14.54,21.9,19.81,0,74.2,3.32
2023,225,17.26,13.47,21.84,22.47,0,70.81,2.72
2023,226,16.43,11.83,22.03,23.08,0,69.39,2.8
2023,227,17.57,11.74,23.44,24.38,0,67.25,3.53
2023,228,18.23,12.32,24.09,29.12,0,66.17,3.32
2023,229,19.11,13.96,24.68,31.06,0,69.91,3.56
2023,230,18.74,15.68,22.93,23.37,0,69.27,3.69
2023,231,18.19,14.99,22.6,23.77,0,70.44,3.82
2023,232,17.99,14.35,23.52,24.87,0,68.34,4.51
2023,233,18.84,13.73,25.12,36.77,0,60.16,3.04
2023,234,19.25,12.04,25.81,36.32,0,51.77,3.25
2023,235,19.13,12.72,24.83,33.64,0,55.64,3.8
2023,236,20.08,15.13,25.93,33.42,0,60.22,3.34
2023,237,18.24,12.75,24.9,278.29,0,66.35,3.65
2023,238,18.13,13.52,24.14,286.17,0,67.29,3.42
2023,239,18.43,12.48,24.75,339.26,0,67.22,3.85
2023,240,19.73,14.79,25.96,370.39,0,61.21,3.94
2023,241,19.43,14.24,26.09,348.37,0,62.14,3.64
2023,242,18.38,14.17,23.01,204.73,0,66.11,4.3
2023,243,18.08,13.66,22.52,203.21,0,65.33,4.51
2023,244,18.02,15.12,21.84,184.28,0,72.23,4.32
2023,245,18.07,15.24,22.71,132.61,0,72.33,3.66
2023,246,18.87,15.46,23.51,134.25,0,70.98,3.71
2023,247,18.68,15.53,23.49,177.46,0,71.85,3.22
2023,248,18.9,12.73,25.89,309.28,0,65.73,3.63
2023,249,18.78,14.35,24.48,183.69,0,65.77,3.56
2023,250,19.63,13.74,25.63,239.41,0,65.78,3.22
2023,251,20.42,13.62,26.98,276.93,0,59.99,2.42
2023,252,18.55,15.47,24.24,183.01,23.2,79.81,2.36
2023,253,17.83,15.35,20.88,216.31,1.5,84.97,3.37
2023,254,17.63,15.18,20.3,237.69,0,79.53,3.56
2023,255,18.7,13.12,24.8,304.84,0,69.46,3.47
2023,256,19.63,15.06,25.4,286.39,0,68.96,3.1
2023,257,20.1,15.27,26.39,311.18,0,70.71,2.69
2023,258,18.54,15.58,23.43,212.37,0,78.29,3.58
2023,259,19.3,15.09,24.61,303.08,0,61.66,4.59
2023,260,18.25,15.11,22.31,305.08,0,70.57,3.47
2023,261,19.19,13.58,25.41,335.8,0,67.65,3.06
2023,262,20.08,15.78,27.18,352.88,7.9,69.76,3.16
2023,263,19.27,15.2,24.9,296.61,0,71.05,3.53
2023,264,19.43,14.03,24.85,321.49,0,70.28,3.57
2023,265,20.13,15.04,27.25,425.01,0,68.7,2.81
2023,266,20.11,14.46,26.74,335.61,0,68.67,3.61
2023,267,20.33,15.96,25.85,292.61,0,63.45,4.06
2023,268,19.54,15.6,24.75,214.41,0,65.68,4.21
2023,269,18.87,16.08,24.31,306.57,0,72.24,4.2
2023,270,20.51,14.71,27.22,310.98,0,58.63,3.17
2023,271,20.23,13.96,27.28,291.16,0,64.9,2.78
2023,272,20.27,14.8,26.27,303.74,0,67.24,3.51
2023,273,18.89,16.03,22.69,79.8,0,71.98,3.83
2023,274,19.89,13.95,26.59,315.98,0,67.54,3.7
2023,275,19.74,15.23,26.4,221.85,0,71.17,4.05
2023,276,20.87,16.39,27.58,279.48,0,66.11,3.52
2023,277,20.79,14.59,27.58,290.74,0,61.65,3.22
2023,278,18.98,12.25,25.45,355.89,0,61.51,3.36
2023,279,17.97,16.28,21.07,26.63,0,79.37,4.62
2023,280,18.71,15.17,23.32,26.26,0.1,73.05,3.82
2023,281,20.09,15.8,26.43,30.59,0,67.62,4.09
2023,282,20.12,14.92,26.08,37.22,0,59.02,3.57
2023,283,20.74,13.07,27.9,37.92,0,56.38,3.34
2023,284,21.15,14.46,27.94,37.47,0,61.27,4.24
2023,285,20.8,16.31,27.4,34.54,0,66.42,5.2
2023,286,20.65,14.57,26.53,37.34,0,61.27,4.42
2023,287,21.22,14.61,27.95,29.44,0,58.16,4.01
2023,288,22.07,14.44,29.04,427.23,0,57.17,3.61
2023,289,22.09,16.24,28.14,428.3,0,64.39,5.2
2023,290,21.94,17.65,27.56,348.26,0,67.16,5.57
2023,291,20.65,16.41,25.56,391.86,0.5,73,4.75
2023,292,20.59,17,26.7,287.02,0.1,72.18,3.44
2023,293,21.14,17.4,25.88,391.89,0,71.74,4.22
2023,294,19.67,16.88,24.57,333,0.9,79.34,4.75
2023,295,19.63,14.75,24.34,333.2,0,70.86,3.97
2023,296,20.13,15.77,25.43,317.38,0,68.67,4.18
2023,297,21.29,16.21,26.31,335.48,0,56.17,3.38
2023,298,20.92,15.51,26.96,386.79,0,56.58,3.52
2023,299,21.26,15.27,26.84,361.83,0,62.73,3.41
2023,300,21.43,17.08,26.31,373.89,0,67.31,4.54
2023,301,19.75,16.89,24.27,302.02,1.9,76.47,4.64
2023,302,19.99,16.11,24.47,275.17,0,70.49,3.55
2023,303,20.44,15.29,26.18,299.92,0,67.55,3.87
2023,304,20.44,16.2,25.09,293.17,0,66.86,3.74
2023,305,19.84,16.07,25.11,320.12,0,72.71,4.13
2023,306,19.58,16.66,24.13,286.44,4.5,78.4,4.26
2023,307,20.19,15.98,25.04,301.58,0,72.37,3.77
2023,308,18.89,16.55,22.21,304.4,32.9,85.22,3.63
2023,309,18.28,16.62,22.5,326.5,8.3,88.67,3.3
2023,310,18.22,15.53,21.34,294.16,8.6,84.66,3.2
2023,311,18.8,16.42,23.16,313,7.2,85.41,3
2023,312,19.32,16.17,24.13,442.3,28.39,81.98,3.32
2023,313,19.12,15.6,23.81,471.37,35.8,82.53,2.9
2023,314,18.59,16.89,21.94,329.38,3.1,88.16,3.48
2023,315,19.14,15.53,23.06,388.75,0,78.03,3.7
2023,316,18.8,16.01,22.5,265.7,17.8,85.21,3.72
2023,317,18.04,15.14,21.42,278.59,11.1,87.17,4.04
2023,318,18.82,16.5,23.13,342.78,4.4,86.05,3.73
2023,319,18.97,16.48,22.72,418.36,3.9,87.41,4.58
2023,320,18.57,16.33,23.09,332.43,22.2,89.79,2.51
2023,321,18.42,16.63,22.5,327.11,5.7,89.16,3.26
2023,322,18.56,16.26,22.07,379.33,6.6,87.77,3.73
2023,323,18.58,16.27,22.19,301.92,2.5,87.67,3.39
2023,324,19.16,16.24,23.04,360.37,1.74,82.42,3.52
2023,325,19.33,16.45,23.33,426.02,1.4,82.05,3.47
2023,326,18.81,15.89,23.3,398.04,0.4,85.17,3.46
2023,327,18.89,16.91,22.18,319.64,14.2,87.74,3.58
2023,328,18.29,16.52,21.89,360.61,8.7,91.68,4.05
2023,329,18.41,16.01,21.81,332.88,3.6,87.89,4.08
2023,330,18.6,16.2,22.59,392.39,9,87.44,3.59
2023,331,18.63,16.17,22.4,319.92,6.8,87.22,2.76
2023,332,18.31,15.64,21.96,339,8.4,89.85,3.28
2023,333,19.47,15.78,24.04,471.51,2.6,77.23,3.81
2023,334,19.07,16.67,23.43,349.55,0,83.95,3.15
2023,335,19.54,16.52,23.98,498.21,0,75.99,3.76
2023,336,19.2,15.46,23.4,483.41,0,72.17,3.74
2023,337,19.08,14.87,23.94,461.96,0,71.36,3.2
2023,338,19.51,14.76,24.39,411.98,0,75.32,3.14
2023,339,19.26,16.65,23.41,401.68,0,82.54,3.88
2023,340,18.98,15.93,23.5,363.5,0,80.18,3.54
2023,341,19.21,15.7,24.03,404.09,0,75.45,2.89
2023,342,19.08,16.36,23.58,383.18,0,79.45,2.86
2023,343,19.16,13.78,24.68,473.77,0,76.59,2.78
2023,344,19.31,14.63,24.83,446.49,0,70.69,2.85
2023,345,18.69,14.4,23.86,398.57,0,78.08,2.72
2023,346,19.39,16.5,23.57,397.26,0.8,80.59,4.16
2023,347,19.18,15.52,23.85,396.18,0.1,80.1,3.6
2023,348,19.24,15,24.28,353.75,0,81.24,2.85
2023,349,19.64,15.87,24.75,349.7,0,82.55,2.64
2023,350,19.65,17.22,23.88,355.75,0.1,85.12,3.01
2023,351,18.97,16.04,22.86,373.16,4.7,87.32,4.19
2023,352,18.27,16.3,21.59,235.59,0,85.91,4.21
2023,353,18.93,15.66,23.38,376.45,0,79.05,3.99
2023,354,18.79,15.6,23.31,400.29,0.1,80.3,3.54
2023,355,19.29,16.03,23.73,350.94,0,76.19,2.57
2023,356,18.81,14.53,23.85,403.15,0,78.18,2.74
2023,357,19.55,15.62,24.47,407.99,0,74.8,3.57
2023,358,19.31,15.92,23.7,323.94,2.2,83.67,3.45
2023,359,18.94,16.36,23.24,309.77,6.7,86.91,3.82
2023,360,20.22,16.91,24.8,409.78,0.7,81.63,3.41
2023,361,20.3,17.16,25.01,417.6,0,83.61,3.95
2023,362,18.96,16.81,22.36,248.07,0.6,86.86,4.58
2023,363,18.91,14.84,23.14,434.42,0,73.13,3.85
2023,364,19.96,15.72,24.86,444.77,0,68.75,3.05
2023,365,20.22,15.6,25.2,410.62,0,77.61,2.63
2024,1,20.21,16.76,25.21,330.63,0,81.03,3.1
2024,2,20.6,17.19,25.44,386.32,0,78.05,2.63
2024,3,20.55,16.91,25.02,395.65,2.14,79.65,2.95
2024,4,20.07,16.56,24.68,328.04,18.7,80.88,2.81
2024,5,20.13,17.2,24.79,425.13,0,76.48,2.76
2024,6,19.96,16.09,24.53,390.43,0,78.53,2.37
2024,7,19.14,16.57,24.91,303.88,9.3,81.65,2.17
2024,8,19.09,16.54,23.04,280.32,10.8,86.83,2.06
2024,9,18.92,16.76,22.92,273.23,11,85.78,2.74
2024,10,19.43,16.57,23.66,356.87,0,82.43,3.18
2024,11,19.08,15.93,23.21,462.74,0,80.3,2.95
2024,12,18.79,14.92,22.81,326.66,0.7,80.51,2.45
2024,13,19.15,16,24.15,297.42,3,83.1,1.91
2024,14,19.59,16.95,23.85,259.61,16.24,85.06,1.93
2024,15,18.52,16.36,22.04,190.84,31,90.67,1.92
2024,16,20.09,17.75,24.48,277.53,0,83.03,1.77
2024,17,20.34,17.24,24.64,379.93,0.1,81.08,2.65
2024,18,20.38,16.41,25.06,366.77,0,77.44,1.81
2024,19,20.19,16.93,24.19,312.15,0,80.54,1.92
2024,20,19.37,17.01,23.03,311.02,0,82.27,2.99
2024,21,18.89,16.86,23.7,315.68,0,76.86,1.33
2024,22,18.98,16.9,24.6,26.98,0.24,82.38,2.72
2024,23,20.08,15.2,25.2,27.79,0,73.41,3.44
2024,24,19.15,14.3,24.9,32.54,0.03,70.88,3.56
2024,25,19.38,13,25.3,35.5,0.14,68.49,3.51
2024,26,19.68,12.2,26.5,35.04,0,66.81,3.09
2024,27,20.12,12.9,26.5,32.88,0.15,72.81,2.89
2024,28,20.39,15.3,26.6,28.16,0.17,78.16,3.04
2024,29,20.09,14.7,26.2,32.45,0.22,73.74,3.5
2024,30,19.97,14.1,26.1,31.66,0.44,71.89,3.84
2024,31,20.5,15,26.3,34.21,0.1,69.94,3.69
2024,32,20.53,15.5,26.7,32.81,0.03,72.48,3.55
2024,33,19.99,13.6,26.4,31.9,1.98,73.22,3.67
2024,34,18.94,13.3,25.9,32.58,0.15,71.28,3.51
2024,35,19.49,12.7,26.8,34.17,0.1,67.13,2.97
2024,36,20.54,13.3,28,35,0.1,66.83,3.27
2024,37,20.05,15.9,25.7,31.53,0,70.8,3.84
2024,38,20.69,15.5,27.4,34.54,0,71.86,3.72
2024,39,20.88,15,27.8,35.07,0.14,64.95,3.59
2024,40,21.15,17.7,26.22,221.31,0,67.37,2.95
2024,41,20.08,15.99,24.99,346.47,0,75.07,3.1
2024,42,20.99,15.87,26.34,462.24,0,73.07,3.54
2024,43,20.64,17.09,26.15,447.48,0,78.1,4.11
2024,44,19.97,14.37,26,399.42,0,76.3,3.03
2024,45,20.55,14.43,26.68,468.14,0,69.09,2.94
2024,46,21.28,15.75,27.18,457.02,0,65.69,3.33
2024,47,21.47,15.82,27.65,459.04,0,62.63,3.77
2024,48,21.39,14.98,27.63,467.3,0,61.12,3.12
2024,49,20.85,14.84,26.93,431.15,0,65.61,3.49
2024,50,21.07,15.83,27.36,446.37,0,68.6,4
2024,51,22.65,14.91,29.69,443.2,0,58.75,3.44
2024,52,23.05,17.38,29.57,416.22,0,61.66,2.57
2024,53,22.11,17.2,28.55,387.18,11.4,70.1,3.1
2024,54,21.85,16.8,28.03,449.79,0.1,68.65,4.39
2024,55,20.86,16.12,26.32,473.39,0,65.55,4.82
2024,56,20.17,16.55,25.25,359.8,0,67.57,5.02
2024,57,18.94,16.09,24.26,408.31,17.4,81.4,4.01
2024,58,20.54,16.07,25.74,363.46,0.2,73.2,2.49
2024,59,21.06,16.67,26.91,303.73,0,73.15,2.15
2024,60,20.5,17.29,27.15,377.02,3.5,77.4,2.15
2024,61,20.08,15.68,26.25,349.14,8.9,77.9,2.3
2024,62,21.47,17.31,26.54,464.21,3.2,73.18,2.91
2024,63,21.05,16.2,26.2,490.4,0,75.55,2.82
2024,64,21.18,17.12,26.2,401.99,0,72.25,3.41
2024,65,21.32,16.24,27.18,467.74,0,68.87,2.48
2024,66,21.55,16.18,27.88,325.93,0,68.87,2.48
2024,67,20.75,17.43,25.55,496.01,0,77.21,3.75
2024,68,20.5,16.45,25.77,389.11,0,75.04,3.54
2024,69,21.01,15.45,26.84,383.34,0,69.08,3.33
2024,70,21.68,15.35,28.29,444.41,0,66.99,2.64
2024,71,21.49,16.93,27.21,452.61,0.3,71.68,3.69
2024,72,21.36,16.35,27.36,432.49,0,69.4,4.23
2024,73,21.48,16.61,27.44,460.68,0,65.35,4.51
2024,74,21.21,14.96,27.75,447.12,0,59.91,3.27
2024,75,21.53,15.6,27.85,454.11,0,62.34,3.32
2024,76,20.69,16.64,26.53,326.48,0,73.5,3.73
2024,77,20.32,15.36,26.03,367.02,0,69.98,3.63
2024,78,20.56,14.77,26.78,446.98,0,65.62,3.09
2024,79,22.14,15.52,29.49,377.6,0,60.85,2.59
2024,80,21.85,16.88,27.72,393.51,0,69.84,3.84
2024,81,21.66,16.59,27.9,370.2,0,69.79,3.51
2024,82,21.23,17.05,27.02,395.68,0.4,74.14,3.79
2024,83,21.71,16.73,27.92,411.73,0.1,67.1,3.21
2024,84,22.27,16.56,28.8,446.89,0,64.25,3.12
2024,85,20.86,16.19,27.55,243.77,37.7,77.31,2.77
2024,86,20.59,16.53,26.68,356.46,7.8,79.66,3.18
2024,87,20.46,15.28,27.48,447.62,11.1,78.99,2.84
2024,88,21.11,18,25.76,403.26,0,78.4,3.73
2024,89,20.43,17.71,26.29,469.38,0,81.8,3.56
2024,90,20.27,17.05,25.24,387.91,0.1,79.62,3.72
2024,91,20.33,15.75,25.54,384.8,3,78.9,2.98
2024,92,19.7,17.7,24.45,397.67,2.2,87.25,3.79
2024,93,19.35,16.36,23.47,361.35,0,86.92,3.98
2024,94,19.69,16.66,24.31,411.35,0.3,82.88,3.42
2024,95,20.26,17.37,24.64,404.5,0,82.41,2.73
2024,96,20.38,16.21,25.5,389.48,0,79.51,2.81
2024,97,20.24,17.33,25.29,408.25,0,81.76,2.85
2024,98,20.98,17.46,25.42,495.83,0,79.76,3.18
2024,99,19.56,16.1,24.02,320.78,0,88.71,2.51
2024,100,20.89,16.82,25.55,465.87,0,80.14,2.74
2024,101,20.22,17.88,24.38,288.36,0,86.2,1.74
2024,102,19.47,15.67,24.82,316.19,0,82.2,2.32
2024,103,20.72,16.59,26.32,467.72,0,79.33,2.71
2024,104,20.82,16.64,26.28,403.22,0,81.62,2.48
2024,105,20.37,16.5,24.76,394.07,0,84.83,2.54
2024,106,19.98,17.24,23.99,283.53,0,86.72,2.09
2024,107,20.43,17.16,25.03,381.75,0,83.8,2.09
2024,108,19.59,17.16,24.52,337.59,0,86.57,2.49
2024,109,20.04,16.62,24.46,380.13,0,81.86,2.3
2024,110,20.44,17.3,25.28,457.11,12.3,81.68,2.78
2024,111,20.78,17.98,25.29,387.17,0,79.7,2.61
2024,112,19.96,16.99,24.12,261.47,0,83.55,2.5
2024,113,20.09,16.15,25,409.86,0,82.23,2.9
2024,114,19.11,16.83,24.05,261.24,0,88.92,2.72
2024,115,19.9,16.84,24.63,393.14,0.1,86.51,2.69
2024,116,20.22,17.92,24.13,287.86,0,86.38,2.73
2024,117,20.01,17.38,24.69,397.84,0,86.96,3.16
2024,118,19.21,17.84,24.04,248.92,24.9,90.55,2.43
2024,119,18.35,16.25,22.65,322.38,31.8,90.97,2.56
2024,120,19.75,17.01,24.01,363.68,0.6,85.18,2.94
2024,121,19.52,17.46,22.63,322.68,0.3,85.98,2.84
2024,122,18.98,16.26,24.9,308.6,61.1,87.51,1.55
2024,123,20.46,17.01,26.24,370.88,4.8,83.42,2.08
2024,124,19.78,17.34,24.71,313.36,33.6,88.22,2.42
2024,125,19.37,17.6,24.77,220.98,6.1,91.45,1.87
2024,126,20.26,17.52,23.67,250.35,11,85.49,2.62
2024,127,18.93,16.82,23.3,199.33,43,92.35,1.73
2024,128,19.81,16.73,25.59,355.03,0.3,85.06,2.33
2024,129,18.57,15.88,22.23,194.62,26.6,90.14,1.99
2024,130,18.94,16.7,22.76,265.87,3.2,89.23,2.8
2024,131,18.61,16.65,22.64,272.42,1.5,87.04,2.67
2024,132,18.29,15.7,21.96,221.21,0.2,84.36,2.93
2024,133,18.43,16.26,22.18,245.47,0.9,87.81,2.75
2024,134,19.21,14.99,24.73,355.95,0.1,83.65,2.1
2024,135,18.48,13.81,24.15,364.68,0,85.88,2.48
2024,136,18.37,13.25,24.3,406.86,0.1,83.93,2
2024,137,19.26,15.22,24.31,409.13,0.1,81.14,2.38
2024,138,19.52,15.58,24.66,363.03,0,79.05,2.29
2024,139,19.04,13.74,24.73,335.25,0.6,84.19,2
2024,140,19.95,16.67,25.07,386.38,0,85.06,1.96
2024,141,20.26,15.12,25.41,356.48,0,77.84,2.04
2024,142,20.01,14.87,25.19,378.57,0,78.69,2.27
2024,143,20.71,17.22,25.42,371.92,0,76.51,3.11
2024,144,20.28,16.73,24.37,379.91,0,75.62,3.07
2024,145,19.21,16.03,23.61,340.49,6.84,80.27,2.79
2024,146,17.97,15.66,21.07,229.96,0.7,88.1,3.39
2024,147,18.97,16.2,23.28,289.83,0,79.71,3.16
2024,148,18.81,15.62,23.4,245.17,0,83.52,2.45
2024,149,18.93,15.51,24.42,350.98,0,83.63,2.41
2024,150,18.54,11.56,25.98,411.7,0.1,83.01,2.5
2024,151,18.04,15.01,23.06,259.34,0,85.19,2.32
2024,152,17.96,14.38,23.19,309.2,0,82.19,2.09
2024,153,18.11,11.98,24.23,430.52,0,78.05,2.24
2024,154,18.48,13.29,24.34,384.53,0,78.66,2.34
2024,155,18.81,13.4,24.46,406,0,78.98,2.55
2024,156,18.72,15.05,23.65,337.85,0,81.12,2.13
2024,157,18.76,14.57,23.67,270.46,0,83.39,2.22
2024,158,19.43,15.38,24.35,434.98,0,78.99,2.25
2024,159,18.01,14.76,22.76,245.66,0,83.86,2.42
2024,160,17.85,14.55,22.77,230.89,0,84.1,2.83
2024,161,18.59,13.81,24.41,305.4,0,80.97,2.32
2024,162,17.58,13.67,22.28,252.23,0,81.38,2.65
2024,163,16.92,14.85,19.93,113.71,0,82.21,2.44
2024,164,17.92,14.05,23.12,304.88,0,74.68,2.61
2024,165,17.26,12.78,22.84,334.72,0,73.55,2.36
2024,166,17.26,12.4,23.55,398.22,0,73.13,2.46
2024,167,17.42,11.72,24.37,383.97,0,73.26,2.24
2024,168,17.54,11.58,23.45,316.13,0.1,73.1,2.31
2024,169,17.22,12.53,21.8,286.44,0,76.35,2.45
2024,170,17.4,11.63,22.98,336.6,0,71.28,2.33
2024,171,17.58,12.78,24.45,340.28,0,73.4,2.68
2024,172,17.48,10.72,23.51,360.31,0,71.13,2.32
2024,173,17.54,14.02,23.42,276.38,4.1,85.08,2.96
2024,174,16.73,14.32,19.57,156.59,0.6,87.69,2.84
2024,175,16.68,13.1,21.26,354.9,0,78.34,3.65
2024,176,16.1,12.21,21.49,268.58,0,76.38,2.77
2024,177,16.68,11.66,22.3,359.51,0,71.96,2.65
2024,178,16.27,11.95,21.83,306.54,0,75.07,2.67
2024,179,16.25,10.13,22.35,355.04,0,67.98,2.71
2024,180,16.93,11.5,22.31,337.48,0,69.25,2.54
2024,181,15.89,12.56,21.1,215.27,0.1,80.33,3.43
2024,182,15.99,11.54,21.35,260.48,0,75.11,2.18
2024,183,17,13.18,22.7,359.61,0,76.21,2.17
2024,184,16.22,12.18,21.92,218.53,0,78.21,2.11
2024,185,17.54,12.45,23.58,392.55,0,72.04,2.42
2024,186,17.5,11.17,23.79,351.02,0,70.05,2.38
2024,187,17.53,11.51,23.27,314.43,0,72.45,2.19
2024,188,17.66,12.75,23.78,360.78,0,72.41,2.51
2024,189,17.5,12.38,23.54,302.01,0,73.61,2.41
2024,190,17.87,13.59,23.61,220.86,0,79.63,2.29
2024,191,17.79,15.11,22.79,216.64,23,84.48,1.74
2024,192,18.33,13.79,26.17,372.56,0.7,82.58,2.54
2024,193,18.6,15.05,23.27,306.9,0,80.29,2.74
2024,194,16.85,12.49,22,295.04,0,72.61,2.5
2024,195,15.82,10.24,21.32,280.49,0,75.27,2.42
2024,196,17.21,11.72,23.98,366.04,0,70.78,2.79
2024,197,16.98,13.62,21.29,202.03,0,82.39,2.58
2024,198,17.18,13.36,22.72,311.47,0.2,74.49,2.94
2024,199,17.51,11.06,22.59,356.55,0,72.74,2.22
2024,200,16.55,14.42,19.9,118.74,0,84.07,2.55
2024,201,16.59,13.94,20.95,230.91,0,84.14,2.37
2024,202,15.78,13.91,19.23,173.05,0,84.34,2.83
2024,203,16.15,12.51,20.52,161.66,0,81.84,2.44
2024,204,17.27,13.7,21.06,154.85,0,76.14,2.4
2024,205,16.73,13.45,23.52,269.49,0,84.61,2.19
2024,206,17.4,12.97,23.45,296.43,0,76.22,2.51
2024,207,16.36,10.29,23.37,332.72,0,67.47,2.42
2024,208,16.28,12.7,21.11,193.38,0,79.79,1.93
2024,209,17.22,11.95,24.3,300.09,0,83.2,2.31
2024,210,18.16,14.73,23.86,275.7,0,79.99,2.77
2024,211,16.45,12.75,19.54,155.83,0,83,2.13
2024,212,16.87,12.94,23.98,266.06,0,84.72,2.21
2024,213,18.26,12.83,24.27,229.46,0,76.49,1.71
2024,214,17.79,13.04,22.33,250.14,0,78.52,2.51
2024,215,16.41,12.41,20.86,300.01,0,76.86,2.67
2024,216,16.18,10.86,21.9,247.81,0,72.82,2.44
2024,217,16.42,12.46,20.85,179.81,0,78.01,2.33
2024,218,16.01,12.46,18.76,168.79,0,81.46,2.84
2024,219,17.84,13.99,23.98,371.38,0,72.77,2.51
2024,220,18.05,11.05,26.26,405.66,0,69.23,2.31
2024,221,18.45,10.92,26.04,408.62,0,61.66,2.38
2024,222,17.64,11.87,22.94,322.19,0,70.84,2.81
2024,223,17.26,14.02,21.17,174.67,0,81.95,3.12
2024,224,16.58,14.38,19.91,164.78,0,85.86,3.33
2024,225,16.41,13.02,21.77,298.53,0,79.37,2.61
2024,226,16.69,13.89,20.26,147.78,0,82.88,3.08
2024,227,17.35,14.48,21.73,200.3,0,79.42,3.09
2024,228,17.83,12.8,23.64,282.6,0,70.76,3.05
2024,229,17.93,14.05,23.13,238.72,0,76.85,2.63
2024,230,17.43,14.15,22.13,228.96,0,81.73,2.89
2024,231,17.62,13.86,23.34,252,0,75.07,2.95
2024,232,17.44,10.73,24.03,367.59,0,63.93,2.73
2024,233,17.01,13.41,22.19,205.19,0,75.19,2.92
2024,234,16.64,10.51,23.53,259.8,0,69.26,2.35
2024,235,17.39,12.02,23.18,276.67,0,71.07,2.84
2024,236,16.19,13.45,19.56,178.14,0,77.78,3.1
2024,237,16.83,13.21,22.18,176.06,0,75.19,2.75
2024,238,17.01,14.19,21.04,158.14,0,74.76,2.7
2024,239,16.97,14.28,20.64,128.97,0,74.61,2.55
2024,240,17.42,14.15,21.69,219.99,0,68.29,3.66
2024,241,17.78,11.64,23.46,312.84,0,68.52,2.75
2024,242,18.87,15.78,23.43,305.55,0,76.66,3.57
2024,243,19.17,15.22,24.23,343.09,0,75.27,3.22
2024,244,19.44,14.68,25.62,432.31,0,71.78,2.89
2024,245,18.77,15.13,24.66,369.39,0,68.28,2.84
2024,246,17.14,12.54,22.96,256.73,0,75.71,2.79
2024,247,18.39,14.15,23.42,292.75,0,70.33,3.16
2024,248,17.15,12.59,21.71,175.26,0,74.43,2.57
2024,249,17.74,13.47,21.47,160.42,0,76.76,3.05
2024,250,17.74,15.01,21.75,203.84,0,73.87,3.54
2024,251,18.05,12.62,23.73,297.85,0,68.99,3.04
2024,252,17.64,13.72,22.48,226.14,0.8,78.38,3.5
2024,253,18.22,12.91,24.34,363.96,0,70.77,2.97
2024,254,19.54,14.56,26.43,352.14,0,67.28,3.2
2024,255,19.59,13.06,26.62,409.2,0,67.32,2.75
2024,256,19.5,13.43,26.65,449.71,0,67.02,3.1
2024,257,19.14,13.45,25.84,463.85,0,61.33,2.9
2024,258,19.17,14.27,25.01,410.22,0,65.2,3.22
2024,259,18.94,13.8,26.14,430.63,0,64.76,3.03
2024,260,18.46,12.06,25.28,464.39,0,61.96,3.08
2024,261,18.4,11.12,26.45,440.08,0,64.24,2.93
2024,262,17.69,12.73,23.61,386.66,0,72.43,3.03
2024,263,18.54,13.62,24.22,294.68,0,68.14,3.02
2024,264,18.9,13.28,25.66,272.96,75.47,70.62,2.81
2024,265,22.31,17.6,26.27,219.04,0,59.25,2.91
2024,266,19.61,14.07,26.45,320.06,0,69.45,3.02
2024,267,19.02,14.7,26.1,299.68,0,74.42,3.08
2024,268,19.25,14.44,25.41,396.23,0,69.15,3.11
2024,269,18.34,13.9,23.7,297.29,0,64.9,3.17
2024,270,17.9,11.73,24.09,298.73,0,67.29,3.23
2024,271,18.88,15.49,24.85,318.65,0,65.97,3.53
2024,272,19.46,13.15,26.39,351.17,0,66.72,3.01
2024,273,19.71,14.44,26.16,292.63,0,71.92,2.48
2024,274,18.3,14.11,26.52,269.92,24,78.82,1.86
2024,275,19.39,12.09,26.54,313.35,0,71.27,2.27
2024,276,19.52,14.42,25.4,210.76,0,72.41,2.34
2024,277,20.25,14.47,27.06,395.52,0,70.8,3.39
2024,278,19,15.22,24.06,353.78,0,75.89,3.67
2024,279,18.75,13.96,24.33,326.62,0,69.16,3.8
2024,280,18.9,11.62,26.24,397.27,0,65.91,3.28
2024,281,18.59,15.16,23.92,240.76,0,73.63,3.18
2024,282,18.9,14.36,24.06,322.6,0,69.07,3.32
2024,283,18.34,14.24,22.93,307.02,0,76.83,3.15
2024,284,19.75,14.61,26.1,390.34,0,68.46,3.52
2024,285,19.25,13.39,25.41,437.66,0,64.46,3.37
2024,286,18.13,12.74,25.32,418.43,0,70.69,3
2024,287,19.42,14.7,25.52,391.96,0,65.75,3.51
2024,288,19.19,13.78,25.15,430.3,0,67.82,4.25
2024,289,18.25,14.09,24.17,307.87,0,68.73,3.42
2024,290,19.5,13.01,26.56,392.04,0,63.33,2.52
2024,291,19.01,13.63,27.12,366.54,0,74.11,2.26
2024,292,20.18,15.16,26.42,268.13,9.7,67.42,2.13
2024,293,21.01,15.65,27.08,395.64,0,56.12,2.62
2024,294,18.54,13.49,25.61,320.77,3.98,81.65,1.86
2024,295,18.5,16.29,22.93,149.82,20.3,88.2,1.68
2024,296,20.15,16.64,25.3,334.2,0,75.99,3.09
2024,297,19.74,14.09,25.53,344.58,0,69.26,3.25
2024,298,20.04,14.02,26.61,437.72,0,64.73,3.38
2024,299,19.44,13.11,26.04,450.73,0,65.08,2.81
2024,300,19.55,13.87,26.34,375.25,0,70.99,2.88
2024,301,19.93,14.54,26.52,395.65,0,69.98,3.08
2024,302,20.54,15.01,27.09,425.93,0,67.65,3.05
2024,303,21.14,16.29,28.04,427.63,0,67.84,3.07
2024,304,20.88,16.06,27.28,409.87,0,66.31,3.33
2024,305,20.45,14.54,27.52,454.39,0,63.08,3.12
2024,306,21.22,14.41,28.49,426.08,0,57.49,2.93
2024,307,21.13,14.11,28.3,432.07,0,58.08,2.96
2024,308,20.61,15.95,27.06,306.48,0,68.49,3.72
2024,309,20.03,15.59,26.01,369.19,0,67.55,4
2024,310,20.43,14.95,27.11,342.08,0,66.11,3.25
2024,311,20.79,14.29,27.74,418.15,0,62.07,3.15
2024,312,20.77,14.61,27.03,425.28,0,67.99,3.72
2024,313,19.22,15.78,25.59,355.76,2.4,81.21,4.06
2024,314,18.54,15.8,23.95,326.21,1.4,85.95,4.37
2024,315,19.16,15.66,24.42,393.74,5.7,75.42,3.75
2024,316,19.54,14.7,24.93,401.96,0,72.33,3.61
2024,317,19.56,15.88,23.95,291.6,0.2,77.73,3.43
2024,318,17.98,15.71,22.99,201.95,10.7,79.84,3.03
2024,319,19.74,14.33,25.35,375.54,0,68.25,2.76
2024,320,18.98,15.22,23.72,241.82,13.3,83.01,2.19
2024,321,20.06,16.56,25.81,363.5,15.2,79.11,2.89
2024,322,18.06,15.98,22.74,273.88,15.42,88.7,3.64
2024,323,16.64,14.72,19.28,174.41,7.2,90.66,2.9
2024,324,18.67,13.1,23.12,382.33,0,75.69,2.85
2024,325,19.59,15.02,25.5,345.06,0,73.98,2.65
2024,326,20.01,15.8,25.7,448.03,0,77,3.14
2024,327,18.91,16.25,23.33,266.9,6,86.15,2.57
2024,328,18.57,15.1,23.21,323.34,0,84.74,2.74
2024,329,19.15,15.39,25.09,374.44,0,84.93,2.85
2024,330,19.96,16.44,25.04,393.06,0.2,81.96,3.46
2024,331,19.19,16.12,23.92,276.56,0,85.53,2.94
2024,332,17.86,16.39,22.49,216.74,12.7,93.33,1.62
2024,333,19.27,15.4,24.24,463.72,0.2,80.82,2.76
2024,334,19.31,15.64,24.18,295.37,0,82.7,2.5
2024,335,19.77,15.63,25.41,364.17,1.4,84.08,2.58
2024,336,19.68,14.71,25.53,352.78,0.8,81.57,1.81
2024,337,19.42,14.96,24.89,327.32,0,78.6,2.49
2024,338,18.83,15.1,23.41,279.73,0.61,84.62,3.34
2024,339,19.17,16.29,24.05,237.65,0,81.65,3.29
