source	id	datetime	daylength[h]	solar_radiation[Wm-2]	sw_radiation_above_canopy_in[Wm-2]	sw_radiation_above_canopy_out[Wm-2]	lw_radiation_above_canopy_in[Wm-2]	lw_radiation_above_canopy_out[Wm-2]	latent_heat_out_top[Wm-2]	latent_heat_out_bottom[Wm-2]	sensible_heat_out_top[Wm-2]	sensible_heat_out_bottom[Wm-2]	energy[Jm-2]	temp_above_canopy_avg[oC]	temp_above_canopy_min[oC]	temp_above_canopy_max[oC]	temp_canopy_top[oC]	temp_canopy_middle[oC]	temp_canopy_bottom[oC]	temp_surfacewater[oC]	temp_soil_surface[oC]	temp_5cm[oC]	temp_10cm[oC]	temp_15cm[oC]	temp_20cm[oC]	temp_30cm[oC]	temp_50cm[oC]	temp_100cm[oC]	vpd[mbar]
setup	0	2006-01-01 23:00:00	12.0927	421.532	223.65	7.12654	359.26	0	30.3772	0	0	0	0	21.95	16.42	29.57	43.9527	39.5957	35.6472	-99.99	35.5919	18.5107	16.6274	14.2505	12.9416	10.6314	8.62875	8.01112	2.26465
setup	0	2006-01-02 23:00:00	12.0924	421.752	227	7.28917	357.672	0	33.138	0	0	0	0	21.74	15.53	29.53	21.7228	21.5622	21.4831	-99.99	21.4807	20.1571	19.1097	17.573	16.5866	14.3527	11.0536	8.26791	1.11498
setup	0	2006-01-03 23:00:00	12.092	421.985	190.79	6.12894	374.229	0	105.972	0	0	0	0	21.58	17.01	28.8	21.566	21.4351	21.3707	-99.99	21.3687	20.3654	19.573	18.3974	17.628	15.8007	12.7218	8.86036	0.922634
setup	0	2006-01-04 23:00:00	12.0916	422.232	272.82	8.76795	338.151	0	105.663	0	0	0	0	21.52	16.32	28.84	21.5088	21.4046	21.3532	-99.99	21.3516	20.4913	19.8062	18.7865	18.118	16.5212	13.7316	9.50952	1.08586
setup	0	2006-01-05 23:00:00	12.0912	422.491	300.7	9.66855	321.494	0	104.59	0	0	0	0	21.31	14.43	29.38	21.3013	21.2209	21.1813	-99.99	21.1801	20.4414	19.8452	18.9505	18.3608	16.9405	14.3965	10.1008	1.19899
setup	0	2006-01-06 23:00:00	12.0908	422.763	265.3	8.53464	338.36	0	106.114	0	0	0	0	21.61	14.53	29.39	21.5994	21.5009	21.4524	-99.99	21.4509	20.708	20.1238	19.2607	18.6963	17.3418	14.9082	10.6186	1.22478
setup	0	2006-01-07 23:00:00	12.0903	423.048	257.43	8.28591	348.14	0	110.444	0	0	0	0	22.46	16.29	30.43	22.4471	22.3265	22.267	-99.99	22.2652	21.4402	20.8034	19.8781	19.2809	17.8721	15.4038	11.0819	1.28231
setup	0	2006-01-08 23:00:00	12.0898	423.344	294.11	9.47191	333.989	0	111.358	0	0	0	0	22.64	15.83	30.83	22.63	22.5371	22.4913	-99.99	22.4899	21.7491	21.1619	20.2914	19.7213	18.3531	15.9049	11.5183	1.33558
setup	0	2006-01-09 23:00:00	12.0893	423.651	296.54	9.55588	334.25	0	112.68	0	0	0	0	22.9	15.49	31.43	22.8901	22.7985	22.7533	-99.99	22.752	22.0296	21.4582	20.6124	20.0587	18.7287	16.3347	11.9338	1.39659
setup	0	2006-01-10 23:00:00	12.0887	423.97	304.06	9.80435	336.171	0	116.71	0	0	0	0	23.69	16.78	31.31	23.6773	23.5591	23.5008	-99.99	23.4991	22.703	22.0882	21.1928	20.6127	19.2318	16.7784	12.3247	1.48234
setup	0	2006-01-11 23:00:00	12.0881	424.298	272.01	8.77664	347.984	0	114.712	0	0	0	0	23.3	16.3	31.82	23.2927	23.2248	23.1914	-99.99	23.1904	22.5667	22.0609	21.2954	20.7847	19.5267	17.1823	12.7037	1.41926
setup	0	2006-01-12 23:00:00	12.0875	424.637	199.47	6.44047	370.287	0	106.594	0	0	0	0	21.71	16.11	28.64	21.7076	21.6864	21.6759	-99.99	21.6756	21.3646	21.09	20.6334	20.3017	19.3853	17.3934	13.0562	1.05914
setup	0	2006-01-13 23:00:00	12.0868	424.985	284.85	9.20372	332.487	0	102.262	0	0	0	0	20.86	15.03	26.89	20.8576	20.8358	20.8251	-99.99	20.8248	20.5476	20.3091	19.9238	19.65	18.9076	17.2797	13.3416	0.959594
setup	0	2006-01-14 23:00:00	12.0862	425.343	314.47	10.1682	317.776	0	106.838	0	0	0	0	21.76	15.03	30.75	21.7524	21.6821	21.6475	-99.99	21.6464	21.102	20.6778	20.0655	19.6746	18.7637	17.1386	13.5371	1.3132
setup	0	2006-01-15 23:00:00	12.0855	425.708	314.01	10.1611	318.135	0	110.501	0	0	0	0	22.48	14.08	31.87	22.4712	22.3897	22.3495	-99.99	22.3483	21.7396	21.2655	20.5776	20.1357	19.0995	17.2878	13.694	1.53283
setup	0	2006-01-16 23:00:00	12.0847	426.082	241.58	7.82341	359.524	0	109.118	0	0	0	0	22.21	16.53	29.59	22.2025	22.1334	22.0993	-99.99	22.0983	21.639	21.2778	20.7322	20.3632	19.4231	17.583	13.8731	1.06449
setup	0	2006-01-17 23:00:00	12.084	426.463	236.61	7.66863	359.902	0	107.786	0	0	0	0	21.95	16.68	29.62	21.9448	21.8971	21.8735	-99.99	21.8728	21.4566	21.1192	20.6061	20.2607	19.3911	17.6953	14.0677	1.03311
setup	0	2006-01-18 23:00:00	12.0832	426.85	253.27	8.21538	352.91	0	107.677	0	0	0	0	21.93	16.48	29.79	21.9244	21.8728	21.8473	-99.99	21.8466	21.4193	21.0771	20.5636	20.222	19.3748	17.7508	14.2379	1.06352
setup	0	2006-01-19 23:00:00	12.0824	427.244	268.19	8.70672	341.5	0	105.277	0	0	0	0	21.46	15.15	29.67	21.4567	21.4266	21.4118	-99.99	21.4113	21.0706	20.7867	20.3473	20.0481	19.2868	17.776	14.3844	1.11592
setup	0	2006-01-20 23:00:00	12.0816	427.644	257.43	8.36465	347.34	0	105.677	0	0	0	0	21.54	14.84	29.51	21.5347	21.4855	21.4612	-99.99	21.4605	21.0728	20.7641	20.3026	19.9961	19.236	17.7714	14.5075	1.09493
setup	0	2006-01-21 23:00:00	12.0807	428.049	139.07	4.52293	382.757	0	95.6592	0	0	0	0	19.57	14.98	26.12	19.5721	19.5925	19.6026	-99.99	19.6029	19.5869	19.5411	19.4163	19.2973	18.8767	17.7202	14.6133	0.714571
setup	0	2006-01-22 23:00:00	12.0798	428.457	297.35	9.67972	324.68	0	102.457	0	0	0	0	20.91	13.21	29.63	20.9033	20.8419	20.8117	-99.99	20.8107	20.3587	20.013	19.5275	19.2266	18.5549	17.4163	14.6746	1.1421
setup	0	2006-01-23 23:00:00	12.0789	428.87	323.61	10.5447	313.612	0	107.232	0	0	0	0	21.85	13.91	30.56	21.8412	21.7598	21.7198	-99.99	21.7186	21.1924	20.7909	20.2171	19.8521	19.0043	17.5531	14.7057	1.39737
setup	0	2006-01-24 23:00:00	12.078	429.286	267.85	8.73637	344.616	0	106.816	0	0	0	0	21.77	15.41	29.66	21.7637	21.7059	21.6775	-99.99	21.6766	21.2691	20.9472	20.4654	20.1436	19.3408	17.8201	14.7886	1.14096
setup	0	2006-01-25 23:00:00	12.0771	429.704	266.57	8.70336	346.176	0	109.304	0	0	0	0	22.26	15.42	30.33	22.2528	22.1861	22.1534	-99.99	22.1524	21.6689	21.291	20.7387	20.3801	19.5227	17.9821	14.906	1.27094
setup	0	2006-01-26 23:00:00	12.0761	430.124	281.61	9.20385	340.458	0	109.55	0	0	0	0	22.31	16.21	30.64	22.3039	22.2471	22.2192	-99.99	22.2183	21.784	21.4391	20.9248	20.5842	19.7465	18.1839	15.0318	1.28031
setup	0	2006-01-27 23:00:00	12.0751	430.545	332.41	10.8755	311.918	0	111.222	0	0	0	0	22.64	14.58	31.95	22.634	22.5785	22.5513	-99.99	22.5504	22.0714	21.6895	21.1258	20.7588	19.8832	18.3187	15.1643	1.5922
setup	0	2006-01-28 23:00:00	12.0741	430.967	332.75	10.8983	304.943	0	114.069	0	0	0	0	23.2	14.96	33.07	23.192	23.1183	23.0822	-99.99	23.0811	22.5495	22.1341	21.5277	21.1347	20.1985	18.5352	15.2974	1.88038
setup	0	2006-01-29 23:00:00	12.0731	431.388	310.31	10.1744	324.323	0	119.522	0	0	0	0	24.27	14.94	33.51	24.2594	24.1607	24.1124	-99.99	24.1109	23.4586	22.9571	22.2358	21.7747	20.6971	18.8484	15.4494	2.00504
setup	0	2006-01-30 23:00:00	12.072	431.808	286.94	9.4186	342.638	0	123.397	0	0	0	0	25.03	16.76	33.4	25.0189	24.9161	24.8659	-99.99	24.8643	24.2022	23.6916	22.95	22.4699	21.3241	19.3008	15.6377	2.02653
setup	0	2006-01-31 23:00:00	12.071	432.227	270.74	8.89692	353.328	0	118.786	0	0	0	0	24.13	17.52	31.77	24.1253	24.0826	24.0617	-99.99	24.0611	23.6603	23.3283	22.81	22.4519	21.5205	19.6546	15.865	1.62816
setup	0	2006-02-01 23:00:00	12.0699	432.643	261.13	8.59103	356.909	0	113.621	0	0	0	0	23.12	17.45	29.82	23.1176	23.0954	23.0847	-99.99	23.0843	22.818	22.5894	22.2198	21.9564	21.2399	19.6868	16.0774	1.29493
setup	0	2006-02-02 23:00:00	12.0688	433.056	247.02	8.1364	359.097	0	111.928	0	0	0	0	22.79	16.53	30.21	22.787	22.7602	22.7471	-99.99	22.7467	22.4488	22.2014	21.8191	21.5585	20.8908	19.5275	16.2246	1.30956
setup	0	2006-02-03 23:00:00	12.0676	433.466	256.62	8.46277	352.158	0	109.524	0	0	0	0	22.32	16.48	29.96	22.3173	22.2932	22.2816	-99.99	22.2812	22.0281	21.8169	21.4867	21.2583	20.6599	19.4038	16.3152	1.26528
setup	0	2006-02-04 23:00:00	12.0665	433.871	297.35	9.81799	327.512	0	110.022	0	0	0	0	22.42	15.88	31.12	22.4161	22.38	22.3626	-99.99	22.3621	22.0393	21.7792	21.3897	21.1316	20.4963	19.2721	16.3753	1.53858
setup	0	2006-02-05 23:00:00	12.0653	434.271	318.18	10.5189	322.841	0	112.1	0	0	0	0	22.83	14.69	31.59	22.8244	22.7734	22.7488	-99.99	22.748	22.3523	22.04	21.5813	21.2829	20.5682	19.2638	16.4223	1.58694
setup	0	2006-02-06 23:00:00	12.0641	434.665	328.24	10.8654	317.401	0	111.631	0	0	0	0	22.74	15.8	31.56	22.7351	22.69	22.6684	-99.99	22.6678	22.3283	22.0575	21.6501	21.3773	20.6937	19.3661	16.4847	1.57613
setup	0	2006-02-07 23:00:00	12.063	435.053	326.16	10.8107	318.172	0	111.823	0	0	0	0	22.78	14.38	31.65	22.7757	22.7361	22.7172	-99.99	22.7166	22.3659	22.0834	21.6601	21.3797	20.6925	19.3962	16.5608	1.62047
setup	0	2006-02-08 23:00:00	12.0617	435.433	307.41	10.2029	332.316	0	113.799	0	0	0	0	23.17	15.91	31.6	23.1631	23.1002	23.0702	-99.99	23.0693	22.667	22.3551	21.8981	21.5988	20.8697	19.505	16.6367	1.56547
setup	0	2006-02-09 23:00:00	12.0605	435.806	234.87	7.80604	360.226	0	110.324	0	0	0	0	22.49	15.64	30.33	22.4875	22.4646	22.4537	-99.99	22.4534	22.2052	21.9966	21.6677	21.4387	20.8357	19.5823	16.7262	1.39064
setup	0	2006-02-10 23:00:00	12.0593	436.17	292.37	9.73081	344.305	0	113.623	0	0	0	0	23.14	15.84	31.3	23.1334	23.0732	23.0448	-99.99	23.0439	22.6355	22.3185	21.8582	21.561	20.8543	19.5699	16.8042	1.41746
setup	0	2006-02-11 23:00:00	12.058	436.525	331.13	11.0368	332.347	0	118.199	0	0	0	0	24.04	17.35	32.06	24.031	23.9483	23.9096	-99.99	23.9084	23.4008	23.0123	22.4533	22.095	21.2523	19.7708	16.883	1.59642
setup	0	2006-02-12 23:00:00	12.0567	436.869	288.21	9.62063	345.486	0	120.738	0	0	0	0	24.54	16.31	33.75	24.5329	24.4685	24.4385	-99.99	24.4376	23.9242	23.5181	22.9222	22.5365	21.627	20.0384	17.0005	1.89713
setup	0	2006-02-13 23:00:00	12.0555	437.204	217.05	7.25642	379.805	0	121.236	0	0	0	0	24.64	17.4	32.63	24.6326	24.5654	24.5344	-99.99	24.5334	24.0798	23.7234	23.1944	22.8445	21.983	20.3622	17.151	1.74227
setup	0	2006-02-14 23:00:00	12.0542	437.527	272.36	9.12001	354.481	0	118.569	0	0	0	0	24.12	17.42	31.45	24.1159	24.0784	24.0612	-99.99	24.0606	23.7273	23.4542	23.0334	22.7462	22.009	20.5267	17.3175	1.66013
setup	0	2006-02-15 23:00:00	12.0528	437.838	304.06	10.1982	341.138	0	116.976	0	0	0	0	23.81	16.83	31.78	23.8065	23.7753	23.7611	-99.99	23.7607	23.4475	23.1901	22.7959	22.5294	21.8559	20.5151	17.4571	1.60649
setup	0	2006-02-16 23:00:00	12.0515	438.136	306.95	10.3127	332.026	0	114.059	0	0	0	0	23.24	15.73	32.25	23.2382	23.2227	23.2157	-99.99	23.2155	22.9719	22.7645	22.4382	22.2134	21.6323	20.4354	17.557	1.66404
setup	0	2006-02-17 23:00:00	12.0502	438.422	279.53	9.40804	344.758	0	115.88	0	0	0	0	23.6	15.68	32.85	23.5946	23.5455	23.5237	-99.99	23.523	23.1723	22.8966	22.4907	22.2253	21.5828	20.3703	17.6234	1.75115
setup	0	2006-02-18 23:00:00	12.0488	438.693	326.51	11.0094	327.872	0	117.345	0	0	0	0	23.89	15.74	32.75	23.884	23.83	23.8063	-99.99	23.8056	23.4311	23.1372	22.7037	22.4198	21.7314	20.4452	17.6872	1.7742
setup	0	2006-02-19 23:00:00	12.0475	438.951	271.2	9.16194	350.502	0	116.312	0	0	0	0	23.69	16.42	32.31	23.6855	23.6452	23.6276	-99.99	23.6271	23.3184	23.0705	22.6952	22.4427	21.8063	20.5472	17.7699	1.70885
setup	0	2006-02-20 23:00:00	12.0461	439.193	278.26	9.41921	350.054	0	116.554	0	0	0	0	23.74	16.42	31.84	23.735	23.6904	23.6712	-99.99	23.6707	23.3462	23.0885	22.7033	22.4476	21.8142	20.5853	17.8557	1.65607
setup	0	2006-02-21 23:00:00	12.0447	439.42	311.93	10.581	339.353	0	113.587	0	0	0	0	23.16	16.23	30.75	23.1576	23.1362	23.1272	-99.99	23.1269	22.9074	22.724	22.4354	22.235	21.707	20.5901	17.9342	1.41705
setup	0	2006-02-22 23:00:00	12.0433	439.631	297.81	10.1241	340.184	0	114.898	0	0	0	0	23.42	15.79	32.17	23.4156	23.3767	23.3606	-99.99	23.3601	23.0471	22.7978	22.4282	22.1861	21.6023	20.5051	17.9914	1.64079
setup	0	2006-02-23 23:00:00	12.0419	439.825	343.17	11.6928	314.851	0	117.787	0	0	0	0	23.99	15.31	33.48	23.9837	23.9279	23.9052	-99.99	23.9045	23.5099	23.2011	22.7508	22.4605	21.7787	20.5676	18.0389	1.96982
setup	0	2006-02-24 23:00:00	12.0405	440.002	271.2	9.26277	355.192	0	122.361	0	0	0	0	24.89	16.47	33.6	24.8804	24.7958	24.7621	-99.99	24.761	24.2741	23.9024	23.3681	23.0261	22.2264	20.824	18.1169	2.00904
setup	0	2006-02-25 23:00:00	12.0391	440.162	280.34	9.59914	359.043	0	126.123	0	0	0	0	25.63	18.73	33.39	25.6196	25.5281	25.4924	-99.99	25.4913	24.9751	24.5804	24.009	23.6404	22.7666	21.2045	18.2487	2.00526
setup	0	2006-02-26 23:00:00	12.0377	440.303	189.05	6.49049	390.147	0	114.945	0	0	0	0	23.44	18.99	28.41	23.4415	23.4552	23.4604	-99.99	23.4606	23.4048	23.3335	23.1792	23.0454	22.5969	21.4007	18.4212	1.26511
setup	0	2006-02-27 23:00:00	12.0362	440.427	208.72	7.18588	377.485	0	104.621	0	0	0	0	21.41	18.19	26.31	21.4155	21.4641	21.4821	-99.99	21.4827	21.6	21.6644	21.7106	21.7097	21.5867	20.9511	18.5232	0.699229
setup	0	2006-02-28 23:00:00	12.0348	440.531	233.71	8.07002	374.44	0	108.718	0	0	0	0	22.22	17.49	28.45	22.2161	22.1829	22.1709	-99.99	22.1705	21.9543	21.7866	21.5497	21.4009	21.0601	20.4191	18.4853	0.833371
setup	0	2006-03-01 23:00:00	12.0333	440.615	169.5	5.87109	388.574	0	103.43	0	0	0	0	21.18	18.04	26.06	21.1805	21.1855	21.1872	-99.99	21.1873	21.1705	21.1522	21.1003	21.0485	20.854	20.2654	18.4179	0.64195
setup	0	2006-03-02 23:00:00	12.0319	440.68	252.8	8.78521	368.811	0	111.332	0	0	0	0	22.74	17.54	30.19	22.7324	22.6676	22.6456	-99.99	22.6449	22.2591	21.969	21.573	21.3343	20.8236	20.0483	18.3561	1.03762
setup	0	2006-03-03 23:00:00	12.0304	440.725	214.51	7.48043	380.173	0	108.577	0	0	0	0	22.2	18.47	28.63	22.1969	22.1702	22.1614	-99.99	22.1612	21.9679	21.8223	21.6109	21.4642	21.0684	20.2294	18.333	0.839015
setup	0	2006-03-04 23:00:00	12.0289	440.75	157	5.49496	397.783	0	109.122	0	0	0	0	22.31	17.9	28.63	22.3064	22.2764	22.2669	-99.99	22.2666	22.0501	21.8771	21.6194	21.4485	21.0262	20.2133	18.3513	0.915033
setup	0	2006-03-05 23:00:00	12.0275	440.753	264.03	9.2766	359.593	0	108.347	0	0	0	0	22.16	16.92	29.35	22.1573	22.1353	22.1286	-99.99	22.1284	21.9339	21.7778	21.5387	21.3782	20.978	20.1965	18.3667	1.05141
setup	0	2006-03-06 23:00:00	12.026	440.736	245.75	8.66937	367.124	0	107.269	0	0	0	0	21.95	16.88	29.09	21.9474	21.9257	21.9195	-99.99	21.9193	21.7565	21.6277	21.4281	21.2905	20.9313	20.1823	18.381	0.924539
setup	0	2006-03-07 23:00:00	12.0245	440.697	240.77	8.52989	370.921	0	110.908	0	0	0	0	22.67	16.76	30.41	22.6636	22.6107	22.5961	-99.99	22.5957	22.2885	22.0523	21.7187	21.5086	21.0249	20.1817	18.394	1.12027
setup	0	2006-03-08 23:00:00	12.023	440.636	251.53	8.95093	366.845	0	110.488	0	0	0	0	22.59	16.95	30.04	22.5861	22.5539	22.5455	-99.99	22.5453	22.3256	22.145	21.8712	21.6867	21.2223	20.3241	18.4279	1.11068
setup	0	2006-03-09 23:00:00	12.0215	440.554	229.9	8.21954	371.121	0	106.621	0	0	0	0	21.83	17.1	29.43	21.8301	21.8316	21.8319	-99.99	21.8319	21.7524	21.6716	21.5274	21.417	21.0945	20.3429	18.482	0.942876
setup	0	2006-03-10 23:00:00	12.02	440.449	244.47	8.78315	363.495	0	106.354	0	0	0	0	21.78	16.41	29.37	21.7778	21.7601	21.756	-99.99	21.7559	21.6186	21.5028	21.3209	21.1969	20.8779	20.2126	18.511	1.04926
setup	0	2006-03-11 23:00:00	12.0185	440.323	261.13	9.4293	354.725	0	105.378	0	0	0	0	21.59	15.69	29.76	21.5887	21.5782	21.576	-99.99	21.5759	21.4479	21.3393	21.1694	21.0525	20.7496	20.1183	18.5148	1.11364
setup	0	2006-03-12 23:00:00	12.017	440.173	258.71	9.39096	359.753	0	107.138	0	0	0	0	21.94	15.42	30	21.9353	21.8981	21.8906	-99.99	21.8903	21.6782	21.5146	21.2773	21.1238	20.7561	20.074	18.5126	1.09344
setup	0	2006-03-13 23:00:00	12.0154	440.002	252.46	9.21363	360.163	0	103.175	0	0	0	0	21.16	16.06	28.31	21.1601	21.1608	21.1609	-99.99	21.1609	21.1196	21.076	20.989	20.9163	20.6824	20.0844	18.5235	0.867406
setup	0	2006-03-14 23:00:00	12.0139	439.808	254.54	9.34099	361.922	0	107.364	0	0	0	0	21.99	16.56	29.57	21.983	21.9283	21.9189	-99.99	21.9187	21.6587	21.4654	21.1963	21.0291	20.6486	19.9928	18.528	1.06889
setup	0	2006-03-15 23:00:00	12.0124	439.591	258.71	9.54756	357.814	0	104.971	0	0	0	0	21.52	16.2	29.03	21.5189	21.5103	21.5089	-99.99	21.5089	21.3931	21.2924	21.1294	21.0138	20.704	20.0529	18.5388	1.0131
setup	0	2006-03-16 23:00:00	12.0109	439.351	270.28	10.0314	356.978	0	108.502	0	0	0	0	22.22	16.11	30.4	22.2132	22.161	22.1536	-99.99	22.1534	21.8799	21.6719	21.3777	21.1928	20.7703	20.053	18.5593	1.15738
setup	0	2006-03-17 23:00:00	12.0094	439.089	222.84	8.31804	375.391	0	110.667	0	0	0	0	22.65	16.53	31.22	22.643	22.5889	22.5822	-99.99	22.582	22.2934	22.071	21.7499	21.544	21.0601	20.219	18.5956	1.23698
setup	0	2006-03-18 23:00:00	12.0078	438.804	258.24	9.69434	363.362	0	110.907	0	0	0	0	22.7	16.91	31.34	22.6945	22.6523	22.6477	-99.99	22.6475	22.4015	22.2075	21.9197	21.7299	21.2652	20.4019	18.6664	1.25123
setup	0	2006-03-19 23:00:00	12.0063	438.496	254.54	9.60908	369.005	0	110.487	0	0	0	0	22.62	16.95	30.73	22.6151	22.5779	22.5743	-99.99	22.5742	22.3573	22.1885	21.9352	21.7658	21.3414	20.5163	18.7504	1.05735
setup	0	2006-03-20 23:00:00	12.0048	438.166	223.3	8.47587	376.846	0	106.169	0	0	0	0	21.77	17.53	28.08	21.7694	21.7647	21.7643	-99.99	21.7643	21.7073	21.6542	21.5539	21.4722	21.212	20.5436	18.8281	0.775892
setup	0	2006-03-21 23:00:00	12.0032	437.813	249.1	9.50495	371.921	0	110.966	0	0	0	0	22.72	17.45	29.95	22.7116	22.6485	22.6442	-99.99	22.6441	22.3452	22.1209	21.8075	21.6129	21.1752	20.4439	18.8719	1.03446
setup	0	2006-03-22 23:00:00	12.0017	437.437	255.7	9.80551	370.487	0	111.154	0	0	0	0	22.76	17.47	30.39	22.7548	22.7162	22.714	-99.99	22.714	22.4798	22.2943	22.0187	21.8372	21.3952	20.5818	18.9152	1.03523
setup	0	2006-03-23 23:00:00	12.0002	437.04	258.71	9.96724	368.784	0	111.951	0	0	0	0	22.92	17.27	30.77	22.9142	22.8715	22.8696	-99.99	22.8695	22.6252	22.4331	22.1494	21.9637	21.5143	20.6897	18.9837	1.13054
setup	0	2006-03-24 23:00:00	11.9986	436.62	260.79	10.0902	365.319	0	109.657	0	0	0	0	22.47	16.53	30.46	22.4683	22.4558	22.4553	-99.99	22.4553	22.3084	22.1836	21.9858	21.8482	21.4886	20.7489	19.0573	1.08494
setup	0	2006-03-25 23:00:00	11.9971	436.179	227	8.81616	373.918	0	104.938	0	0	0	0	21.54	17.02	27.18	21.5405	21.5441	21.5441	-99.99	21.5442	21.538	21.5235	21.479	21.4325	21.2513	20.699	19.1161	0.780222
setup	0	2006-03-26 23:00:00	11.9956	435.716	215.32	8.38982	369.007	0	96.3957	0	0	0	0	19.85	16.46	23.99	19.8586	19.9214	19.9226	-99.99	19.9226	20.1202	20.2524	20.4068	20.4808	20.5582	20.3677	19.1288	0.502015
setup	0	2006-03-27 23:00:00	11.9941	435.232	270.28	10.5595	354.598	0	103.648	0	0	0	0	21.29	15.83	29.33	21.2833	21.2341	21.2335	-99.99	21.2335	20.9937	20.8222	20.5969	20.4683	20.2248	19.9238	19.0526	0.955752
setup	0	2006-03-28 23:00:00	11.9925	434.726	328.59	12.8638	334.747	0	104.342	0	0	0	0	21.43	15.65	30.07	21.4261	21.3981	21.3979	-99.99	21.3979	21.2333	21.1043	20.9153	20.7932	20.5056	20.0069	18.981	1.0303
setup	0	2006-03-29 23:00:00	11.991	434.2	280.34	10.9899	354.373	0	106.957	0	0	0	0	21.95	15.74	29.73	21.9424	21.8875	21.8873	-99.99	21.8873	21.66	21.49	21.2488	21.0958	20.7416	20.1364	18.9762	1.07506
setup	0	2006-03-30 23:00:00	11.9895	433.653	211.62	8.30151	378.331	0	107.247	0	0	0	0	22.01	16.14	29.99	22.0049	21.9681	21.9681	-99.99	21.9681	21.7761	21.6288	21.4112	21.2684	20.9217	20.2854	19.0106	1.03997
setup	0	2006-03-31 23:00:00	11.988	433.086	249.91	9.80306	365.441	0	107.941	0	0	0	0	22.15	16.27	30.59	22.1447	22.1064	22.1064	-99.99	22.1064	21.9022	21.748	21.5229	21.3762	21.0239	20.382	19.0611	1.11623
setup	0	2006-04-01 23:00:00	11.9864	432.5	248.29	9.73531	367.761	0	106.107	0	0	0	0	21.79	16.51	29.37	21.7877	21.7709	21.7709	-99.99	21.7709	21.6661	21.5736	21.4277	21.3253	21.0499	20.4614	19.1158	0.903725
setup	0	2006-04-02 23:00:00	11.9849	431.894	232.44	9.10959	374.067	0	109.633	0	0	0	0	22.49	16.32	30.94	22.4823	22.4268	22.4268	-99.99	22.4268	22.1631	21.966	21.6893	21.5163	21.1241	20.4726	19.161	1.13121
setup	0	2006-04-03 23:00:00	11.9834	431.269	219.48	8.59738	379.517	0	107.091	0	0	0	0	21.99	17.18	29.27	21.9872	21.9672	21.9672	-99.99	21.9672	21.8567	21.7688	21.6277	21.5257	21.2416	20.6167	19.2158	0.841095
setup	0	2006-04-04 23:00:00	11.9819	430.626	187.43	7.33801	384.298	0	104.149	0	0	0	0	21.41	16.63	28.15	21.4105	21.4142	21.4142	-99.99	21.4142	21.3713	21.3304	21.2548	21.1947	21.0103	20.5455	19.2701	0.845335
setup	0	2006-04-05 23:00:00	11.9804	429.965	187.43	7.33386	386.271	0	105.498	0	0	0	0	21.68	16.67	29.13	21.6748	21.6371	21.6371	-99.99	21.6371	21.4489	21.3215	21.1643	21.0683	20.8415	20.4086	19.2847	0.863966
setup	0	2006-04-06 23:00:00	11.9789	429.286	86.2	3.37086	409.966	0	98.9296	0	0	0	0	20.38	17.36	25.21	20.3837	20.4102	20.4102	-99.99	20.4102	20.519	20.5838	20.6535	20.6744	20.6544	20.3653	19.2879	0.459861
setup	0	2006-04-07 23:00:00	11.9774	428.591	224.92	8.78996	371.956	0	100.983	0	0	0	0	20.79	16.99	26.49	20.7871	20.766	20.766	-99.99	20.766	20.6679	20.5982	20.5049	20.4494	20.3274	20.0868	19.2632	0.619578
setup	0	2006-04-08 23:00:00	11.9759	427.879	214.97	8.39554	375.015	0	99.0055	0	0	0	0	20.4	17.75	25.01	20.3998	20.3983	20.3983	-99.99	20.3983	20.4027	20.4045	20.3929	20.375	20.2922	20.0251	19.2181	0.436494
setup	0	2006-04-09 23:00:00	11.9744	427.151	182.46	7.12094	385.31	0	101.462	0	0	0	0	20.89	16.77	27.63	20.8868	20.8631	20.8631	-99.99	20.8631	20.7106	20.5948	20.4386	20.3482	20.1672	19.8914	19.1815	0.63103
setup	0	2006-04-10 23:00:00	11.9729	426.408	205.71	8.02251	373.593	0	97.3703	0	0	0	0	20.08	16.92	25.37	20.0826	20.1016	20.1016	-99.99	20.1016	20.1624	20.1988	20.2263	20.2269	20.1687	19.9115	19.1528	0.52692
setup	0	2006-04-11 23:00:00	11.9714	425.651	209.88	8.17897	373.54	0	98.3647	0	0	0	0	20.28	16.14	26.52	20.2791	20.2724	20.2724	-99.99	20.2724	20.2092	20.1593	20.0889	20.0454	19.9471	19.7544	19.1275	0.580286
setup	0	2006-04-12 23:00:00	11.9699	424.879	231.17	9.00159	369.024	0	102.331	0	0	0	0	21.07	16.34	27.96	21.0631	21.0128	21.0128	-99.99	21.0128	20.8071	20.6572	20.4574	20.3395	20.0967	19.7494	19.0905	0.793453
setup	0	2006-04-13 23:00:00	11.9685	424.094	245.28	9.54328	364.178	0	101.663	0	0	0	0	20.94	16.09	27.76	20.938	20.9233	20.9233	-99.99	20.9233	20.82	20.7337	20.6016	20.5126	20.2916	19.883	19.0895	0.772335
setup	0	2006-04-14 23:00:00	11.967	423.296	231.17	8.98675	369.113	0	104.776	0	0	0	0	21.56	15.73	29.39	21.5539	21.5091	21.5091	-99.99	21.5091	21.2891	21.1206	20.8871	20.7445	20.4357	19.9634	19.1146	0.997406
setup	0	2006-04-15 23:00:00	11.9656	422.486	240.77	9.35186	366.812	0	101.286	0	0	0	0	20.87	16.46	27.12	20.8698	20.8678	20.8678	-99.99	20.8678	20.8455	20.8247	20.772	20.723	20.554	20.1208	19.1587	0.686564
setup	0	2006-04-16 23:00:00	11.9641	421.665	272.82	10.5873	358.555	0	102.634	0	0	0	0	21.14	16.99	27	21.1357	21.1043	21.1043	-99.99	21.1043	20.982	20.892	20.7644	20.6824	20.4832	20.0968	19.2025	0.713919
setup	0	2006-04-17 23:00:00	11.9627	420.833	180.72	7.00677	389.373	0	105.393	0	0	0	0	21.69	16.82	28.21	21.6838	21.6388	21.6388	-99.99	21.6388	21.4255	21.267	21.0473	20.9122	20.6144	20.1393	19.2308	0.783038
setup	0	2006-04-18 23:00:00	11.9612	419.991	166.61	6.45364	394.185	0	105.532	0	0	0	0	21.72	17.39	28.05	21.7157	21.6843	21.6843	-99.99	21.6843	21.5298	21.4081	21.2285	21.1103	20.8215	20.2915	19.2761	0.739652
setup	0	2006-04-19 23:00:00	11.9598	419.139	217.86	8.42948	375.615	0	102.395	0	0	0	0	21.1	17.11	27.7	21.1008	21.1063	21.1063	-99.99	21.1063	21.0646	21.0285	20.9604	20.9057	20.7391	20.335	19.337	0.678275
setup	0	2006-04-20 23:00:00	11.9584	418.279	222.84	8.61336	362.798	0	94.239	0	0	0	0	19.48	14.74	25.18	19.4905	19.5659	19.566	-99.99	19.566	19.7751	19.913	20.0711	20.1474	20.242	20.1504	19.3696	0.599296
setup	0	2006-04-21 23:00:00	11.957	417.411	219.48	8.47456	367.116	0	99.3524	0	0	0	0	20.5	14.2	28.25	20.4955	20.4622	20.4622	-99.99	20.4622	20.318	20.2178	20.0955	20.0315	19.9263	19.8149	19.3301	0.864236
setup	0	2006-04-22 23:00:00	11.9556	416.536	209.88	8.09512	374.441	0	101.302	0	0	0	0	20.89	15.41	28.22	20.8844	20.8434	20.8434	-99.99	20.8434	20.7023	20.6022	20.4653	20.3806	20.189	19.8741	19.2795	0.793999
setup	0	2006-04-23 23:00:00	11.9542	415.655	214.05	8.24676	369.29	0	96.3144	0	0	0	0	19.9	16.28	25.72	19.9032	19.9262	19.9262	-99.99	19.9262	20.0142	20.0736	20.1344	20.1553	20.139	19.9329	19.2809	0.554784
setup	0	2006-04-24 23:00:00	11.9529	414.768	248.29	9.55497	361.354	0	99.7704	0	0	0	0	20.59	15.17	27.49	20.5861	20.5578	20.5577	-99.99	20.5577	20.4179	20.3171	20.1858	20.1112	19.9679	19.7753	19.2726	0.733882
setup	0	2006-04-25 23:00:00	11.9515	413.876	213.24	8.19644	374.543	0	100.413	0	0	0	0	20.72	16.35	27.1	20.7159	20.6856	20.6855	-99.99	20.6855	20.5802	20.5058	20.4004	20.332	20.1653	19.858	19.2565	0.641484
setup	0	2006-04-26 23:00:00	11.9501	412.981	225.73	8.66596	366.015	0	97.2355	0	0	0	0	20.09	15.29	27	20.0931	20.115	20.1151	-99.99	20.1151	20.1322	20.137	20.1281	20.1131	20.0489	19.8512	19.2671	0.648364
setup	0	2006-04-27 23:00:00	11.9488	412.081	172.39	6.60988	381.82	0	97.2748	0	0	0	0	20.1	14.49	26.83	20.0997	20.0969	20.0969	-99.99	20.0969	20.0653	20.0398	20.0009	19.9746	19.9068	19.7531	19.2617	0.680024
setup	0	2006-04-28 23:00:00	11.9475	411.18	243.2	9.31281	361.571	0	97.6155	0	0	0	0	20.17	13.94	26.86	20.1683	20.1555	20.1555	-99.99	20.1555	20.0898	20.0467	19.9876	19.9504	19.8634	19.6971	19.2429	0.668213
setup	0	2006-04-29 23:00:00	11.9462	410.277	147.86	5.65437	385.26	0	92.9893	0	0	0	0	19.25	16.42	23.49	19.252	19.2666	19.2667	-99.99	19.2667	19.3974	19.5027	19.6317	19.6953	19.7703	19.6928	19.2303	0.438112
setup	0	2006-04-30 23:00:00	11.9449	409.373	203.63	7.77625	368.649	0	93.8814	0	0	0	0	19.43	14.96	24.76	19.4309	19.4374	19.4375	-99.99	19.4375	19.4279	19.4211	19.4154	19.4156	19.4279	19.4459	19.2014	0.552177
setup	0	2006-05-01 23:00:00	11.9436	408.469	182.81	6.97109	378.501	0	95.0747	0	0	0	0	19.67	15.85	25.83	19.668	19.653	19.6529	-99.99	19.6529	19.5946	19.5546	19.5014	19.4763	19.4343	19.3774	19.1461	0.464801
setup	0	2006-05-02 23:00:00	11.9423	407.565	128.66	4.89883	391.312	0	93.2097	0	0	0	0	19.3	15.38	24.75	19.3011	19.3091	19.3091	-99.99	19.3091	19.3401	19.3663	19.393	19.4034	19.4066	19.353	19.109	0.462608
setup	0	2006-05-03 23:00:00	11.941	406.663	169.96	6.46125	381.349	0	95.6061	0	0	0	0	19.78	15.4	25.78	19.7761	19.7476	19.7474	-99.99	19.7474	19.6456	19.5808	19.4999	19.4558	19.3778	19.2932	19.0782	0.55778
setup	0	2006-05-04 23:00:00	11.9398	405.763	132.48	5.02821	394.524	0	97.101	0	0	0	0	20.08	16.07	25.78	20.0759	20.0457	20.0455	-99.99	20.0455	19.9376	19.8615	19.7589	19.697	19.5636	19.3647	19.0574	0.535485
setup	0	2006-05-05 23:00:00	11.9386	404.867	187.9	7.11953	379.536	0	98.5966	0	0	0	0	20.38	16.09	26.68	20.3763	20.3489	20.3487	-99.99	20.3487	20.216	20.1156	19.9774	19.8941	19.718	19.4612	19.0652	0.609421
setup	0	2006-05-06 23:00:00	11.9373	403.974	202.82	7.67122	375.005	0	98.9881	0	0	0	0	20.46	15.51	26.78	20.4576	20.4395	20.4393	-99.99	20.4393	20.3304	20.2449	20.1215	20.0431	19.8649	19.5743	19.0921	0.655578
setup	0	2006-05-07 23:00:00	11.9361	403.086	212.43	8.0198	375.882	0	100.384	0	0	0	0	20.74	16.29	26.63	20.7349	20.6976	20.6972	-99.99	20.6972	20.5577	20.4575	20.3177	20.2301	20.0292	19.693	19.1318	0.572546
setup	0	2006-05-08 23:00:00	11.935	402.203	204.09	7.68999	375.746	0	98.4665	0	0	0	0	20.36	16.58	26.37	20.3597	20.3573	20.3573	-99.99	20.3573	20.3267	20.298	20.2428	20.1911	20.0655	19.7858	19.1822	0.538108
setup	0	2006-05-09 23:00:00	11.9338	401.327	179.57	6.75236	379.636	0	96.1998	0	0	0	0	19.91	15.87	25.55	19.9125	19.9302	19.9305	-99.99	19.9305	19.965	19.9805	19.9886	19.9848	19.9446	19.7668	19.2242	0.523499
setup	0	2006-05-10 23:00:00	11.9326	400.457	166.61	6.25172	383.875	0	96.1404	0	0	0	0	19.9	15.58	25.56	19.8997	19.8971	19.897	-99.99	19.897	19.8815	19.8697	19.851	19.8375	19.7968	19.6772	19.2411	0.496299
setup	0	2006-05-11 23:00:00	11.9315	399.596	204.9	7.67142	368.807	0	93.7264	0	0	0	0	19.42	15.35	25.14	19.4232	19.4463	19.4467	-99.99	19.4467	19.5152	19.5597	19.6103	19.6336	19.6557	19.5969	19.2382	0.504763
setup	0	2006-05-12 23:00:00	11.9304	398.742	214.97	8.02978	366.292	0	95.3707	0	0	0	0	19.75	14.94	26.23	19.7487	19.7383	19.7381	-99.99	19.7381	19.6849	19.6474	19.6013	19.577	19.5355	19.4798	19.2205	0.614957
setup	0	2006-05-13 23:00:00	11.9293	397.899	213.7	7.96305	370.653	0	96.3641	0	0	0	0	19.95	15.86	25.5	19.9468	19.923	19.9225	-99.99	19.9225	19.8598	19.8182	19.7626	19.7277	19.6445	19.496	19.1991	0.486775
setup	0	2006-05-14 23:00:00	11.9282	397.065	173.67	6.45514	380.943	0	96.1049	0	0	0	0	19.9	15.4	25.88	19.8998	19.8982	19.8981	-99.99	19.8981	19.8586	19.8244	19.7724	19.7383	19.6574	19.5124	19.1966	0.547437
setup	0	2006-05-15 23:00:00	11.9272	396.241	197.85	7.33468	370.12	0	93.9927	0	0	0	0	19.48	15.04	25.28	19.4823	19.4991	19.4996	-99.99	19.4996	19.5428	19.5681	19.5919	19.5993	19.59	19.5028	19.1991	0.559959
setup	0	2006-05-16 23:00:00	11.9261	395.429	195.3	7.22056	367.414	0	93.1837	0	0	0	0	19.32	14.47	26.33	19.3223	19.3384	19.3389	-99.99	19.3389	19.3652	19.3793	19.3945	19.4022	19.414	19.403	19.1919	0.693115
setup	0	2006-05-17 23:00:00	11.9251	394.63	238.23	8.78317	356.019	0	95.0781	0	0	0	0	19.7	15.11	27.02	19.6974	19.6773	19.6766	-99.99	19.6766	19.6123	19.5688	19.5146	19.4845	19.4268	19.3529	19.1687	0.70657
setup	0	2006-05-18 23:00:00	11.9241	393.843	294.92	10.842	337.08	0	95.3706	0	0	0	0	19.76	14.57	27.29	19.7593	19.7533	19.753	-99.99	19.753	19.7047	19.6652	19.6083	19.5726	19.4936	19.3738	19.1534	0.748227
setup	0	2006-05-19 23:00:00	11.9232	393.07	287.4	10.5345	343.082	0	97.3165	0	0	0	0	20.15	14.81	27.58	20.1462	20.1175	20.1163	-99.99	20.1162	20.0021	19.9218	19.8156	19.7525	19.6195	19.4308	19.1526	0.751931
setup	0	2006-05-20 23:00:00	11.9222	392.311	254.08	9.28523	348.286	0	94.8546	0	0	0	0	19.66	14.37	27.28	19.6622	19.6781	19.6789	-99.99	19.6789	19.6997	19.7057	19.6999	19.6881	19.6363	19.491	19.1678	0.790112
setup	0	2006-05-21 23:00:00	11.9213	391.566	264.03	9.61947	351.548	0	98.9051	0	0	0	0	20.47	15.36	28.16	20.4637	20.416	20.4135	-99.99	20.4134	20.2485	20.135	19.9883	19.9037	19.7342	19.5119	19.183	0.807166
setup	0	2006-05-22 23:00:00	11.9204	390.838	206.64	7.50541	370.887	0	98.4464	0	0	0	0	20.38	15.83	27.11	20.3778	20.3608	20.3598	-99.99	20.3597	20.2875	20.2316	20.1464	20.088	19.9373	19.6551	19.209	0.72141
setup	0	2006-05-23 23:00:00	11.9195	390.125	206.99	7.4949	364.273	0	93.9823	0	0	0	0	19.49	13.18	26.52	19.4961	19.5409	19.5437	-99.99	19.5438	19.6301	19.6763	19.7191	19.7341	19.7335	19.6358	19.2488	0.735957
setup	0	2006-05-24 23:00:00	11.9186	389.429	174.48	6.29825	372.636	0	91.825	0	0	0	0	19.06	11.63	26.66	19.0644	19.0965	19.0987	-99.99	19.0988	19.1843	19.2401	19.309	19.3472	19.4174	19.4659	19.2552	0.730165
setup	0	2006-05-25 23:00:00	11.9178	388.751	223.3	8.03583	360.368	0	95.4201	0	0	0	0	19.78	14.31	26.69	19.7744	19.7317	19.7286	-99.99	19.7285	19.6441	19.5963	19.5437	19.5168	19.4661	19.3974	19.2277	0.741075
setup	0	2006-05-26 23:00:00	11.917	388.09	198.31	7.11496	372.008	0	97.667	0	0	0	0	20.23	15.4	27.17	20.2257	20.193	20.1904	-99.99	20.1903	20.0726	19.9895	19.8784	19.8118	19.6702	19.4723	19.2145	0.736376
setup	0	2006-05-27 23:00:00	11.9162	387.448	208.72	7.46629	369.104	0	98.6124	0	0	0	0	20.42	14.62	27.56	20.4178	20.4002	20.3988	-99.99	20.3987	20.2878	20.2018	20.0791	20.0025	19.8332	19.582	19.231	0.804167
setup	0	2006-05-28 23:00:00	11.9154	386.825	192.41	6.86305	377.898	0	100.411	0	0	0	0	20.78	15.3	27.79	20.7756	20.7417	20.7387	-99.99	20.7386	20.5954	20.49	20.3431	20.2517	20.0458	19.7238	19.2671	0.76326
setup	0	2006-05-29 23:00:00	11.9147	386.222	182.81	6.50254	376.44	0	96.8971	0	0	0	0	20.08	16.03	26.18	20.0815	20.0921	20.093	-99.99	20.0931	20.1233	20.1384	20.143	20.1338	20.068	19.8378	19.3208	0.676355
setup	0	2006-05-30 23:00:00	11.914	385.638	197.85	7.01883	365.855	0	94.2891	0	0	0	0	19.56	14.6	26.56	19.5641	19.594	19.5969	-99.99	19.597	19.6584	19.6937	19.7304	19.7466	19.7622	19.7128	19.3593	0.786846
setup	0	2006-05-31 23:00:00	11.9133	385.076	197.85	7.00119	363.584	0	93.6836	0	0	0	0	19.44	13.31	27.58	19.4424	19.4594	19.4611	-99.99	19.4612	19.4864	19.4996	19.514	19.5219	19.5388	19.5486	19.3519	0.882032
setup	0	2006-06-01 23:00:00	11.9127	384.534	234.52	8.27924	348.662	0	92.6786	0	0	0	0	19.24	13.05	27.43	19.2417	19.2536	19.2549	-99.99	19.2549	19.2974	19.327	19.3651	19.3864	19.4249	19.4503	19.3221	0.88466
setup	0	2006-06-02 23:00:00	11.912	384.014	263.22	9.27214	340.943	0	94.6237	0	0	0	0	19.63	13.57	27.52	19.6277	19.6092	19.6072	-99.99	19.6072	19.5587	19.5282	19.4919	19.4725	19.4374	19.3979	19.29	0.901457
setup	0	2006-06-03 23:00:00	11.9114	383.515	227.47	7.99683	359.55	0	96.0698	0	0	0	0	19.92	15.31	26.59	19.9163	19.8876	19.8844	-99.99	19.8843	19.8191	19.7777	19.7242	19.6913	19.6132	19.4757	19.2735	0.730541
setup	0	2006-06-04 23:00:00	11.9109	383.04	209.53	7.35308	363.487	0	96.5656	0	0	0	0	20.02	14.79	27.32	20.0192	20.012	20.0112	-99.99	20.0112	19.9473	19.8965	19.8229	19.7765	19.6741	19.521	19.2813	0.877285
setup	0	2006-06-05 23:00:00	11.9103	382.586	176.56	6.18642	371.106	0	93.1103	0	0	0	0	19.33	14.41	26.29	19.3333	19.3577	19.3605	-99.99	19.3605	19.4337	19.4806	19.5336	19.5581	19.5831	19.5345	19.2951	0.798216
setup	0	2006-06-06 23:00:00	11.9098	382.156	174.94	6.1258	369.203	0	91.2077	0	0	0	0	18.95	12.9	26.46	18.9538	18.9822	18.9854	-99.99	18.9855	19.063	19.1144	19.1799	19.2175	19.2927	19.3735	19.2899	0.800882
setup	0	2006-06-07 23:00:00	11.9093	381.75	230.36	8.06166	352.514	0	94.4022	0	0	0	0	19.59	13.45	27.23	19.5868	19.5618	19.559	-99.99	19.5589	19.4861	19.4392	19.3839	19.3557	19.3123	19.2922	19.2539	0.887154
setup	0	2006-06-08 23:00:00	11.9089	381.367	231.17	8.08557	355.336	0	97.15	0	0	0	0	20.14	12.6	28.82	20.1371	20.1143	20.1117	-99.99	20.1117	19.981	19.8834	19.7511	19.6734	19.522	19.36	19.2316	0.990291
setup	0	2006-06-09 23:00:00	11.9085	381.009	177.02	6.18845	376.497	0	96.9964	0	0	0	0	20.11	14.28	27.41	20.1072	20.085	20.0824	-99.99	20.0824	20.0242	19.9836	19.9243	19.8837	19.7747	19.5554	19.2481	0.820909
setup	0	2006-06-10 23:00:00	11.9081	380.674	197.85	6.91346	369.723	0	98.3447	0	0	0	0	20.38	14.08	28.04	20.3777	20.3589	20.3567	-99.99	20.3567	20.2552	20.1784	20.0699	20.0024	19.8537	19.6272	19.2888	0.922577
setup	0	2006-06-11 23:00:00	11.9077	380.365	131.67	4.59903	391.144	0	96.1395	0	0	0	0	19.94	14.88	27.03	19.9405	19.9437	19.9441	-99.99	19.9441	19.952	19.9542	19.9478	19.9367	19.8832	19.7134	19.3303	0.759761
setup	0	2006-06-12 23:00:00	11.9074	380.08	250.37	8.74181	340.807	0	91.7382	0	0	0	0	19.06	13.35	27.18	19.0662	19.1125	19.1178	-99.99	19.1179	19.2378	19.3145	19.4065	19.4553	19.5368	19.5761	19.357	0.883069
setup	0	2006-06-13 23:00:00	11.907	379.821	174.48	6.09013	369.748	0	91.1366	0	0	0	0	18.94	12.28	26.92	18.9423	18.9586	18.9605	-99.99	18.9605	19.0229	19.0684	19.1316	19.1707	19.256	19.3672	19.3334	0.79006
setup	0	2006-06-14 23:00:00	11.9068	379.587	204.56	7.13814	360.113	0	94.6818	0	0	0	0	19.65	13.63	28.82	19.6466	19.6196	19.6166	-99.99	19.6165	19.5322	19.4766	19.4094	19.3742	19.3193	19.2955	19.286	0.999321
setup	0	2006-06-15 23:00:00	11.9065	379.378	278.26	9.7078	321.546	0	91.7318	0	0	0	0	19.06	12.24	28.81	19.0639	19.093	19.0963	-99.99	19.0964	19.1584	19.1954	19.2367	19.2572	19.2888	19.3059	19.2613	1.17081
setup	0	2006-06-16 23:00:00	11.9063	379.196	238.23	8.30991	334.411	0	89.484	0	0	0	0	18.61	11.29	27.79	18.6135	18.6392	18.6421	-99.99	18.6421	18.7406	18.8109	18.9046	18.9596	19.0694	19.1957	19.2385	1.15964
setup	0	2006-06-17 23:00:00	11.9061	379.038	217.86	7.59855	356.279	0	94.2268	0	0	0	0	19.56	12.58	27.65	19.5544	19.5106	19.5057	-99.99	19.5056	19.4037	19.3413	19.2698	19.2336	19.1786	19.1561	19.1983	0.918257
setup	0	2006-06-18 23:00:00	11.906	378.907	155.73	5.4313	383.284	0	96.626	0	0	0	0	20.04	15.35	26.92	20.0344	19.991	19.9862	-99.99	19.986	19.8784	19.8079	19.716	19.6608	19.5386	19.3518	19.1905	0.784029
setup	0	2006-06-19 23:00:00	11.9059	378.802	200.74	7.00115	364.283	0	96.3748	0	0	0	0	19.99	13.58	27.73	19.9904	19.9925	19.9927	-99.99	19.9927	19.9295	19.8749	19.7917	19.7379	19.6187	19.4464	19.2241	0.985424
setup	0	2006-06-20 23:00:00	11.9058	378.723	186.62	6.50915	367.994	0	95.3738	0	0	0	0	19.79	13.85	27.61	19.7901	19.7902	19.7902	-99.99	19.7902	19.7737	19.7583	19.7312	19.7106	19.6512	19.5181	19.2592	0.977114
setup	0	2006-06-21 23:00:00	11.9057	378.67	200.39	6.99037	364.128	0	95.3233	0	0	0	0	19.78	14.62	27.3	19.779	19.7709	19.77	-99.99	19.77	19.7475	19.7315	19.7075	19.6907	19.6437	19.5344	19.2879	0.899307
setup	0	2006-06-22 23:00:00	11.9057	378.643	238.23	8.31202	352.447	0	97.4742	0	0	0	0	20.21	14.4	28.2	20.2074	20.1864	20.1841	-99.99	20.184	20.0835	20.0095	19.9079	19.8467	19.721	19.553	19.3074	0.979768
setup	0	2006-06-23 23:00:00	11.9057	378.643	208.72	7.28432	368.354	0	100.328	0	0	0	0	20.78	13.8	28.3	20.7754	20.7398	20.7359	-99.99	20.7358	20.5755	20.4579	20.2953	20.1961	19.9868	19.6961	19.3373	0.966703
setup	0	2006-06-24 23:00:00	11.9057	378.668	126.58	4.41911	395.222	0	96.9723	0	0	0	0	20.42	15.73	26.8	20.4185	20.4062	20.4049	-99.99	20.4048	20.3724	20.3474	20.3045	20.2708	20.1635	19.897	19.4004	0.837813
setup	0	2006-06-25 23:00:00	11.9058	378.719	96.61	3.37417	401.03	0	83.5926	0	0	0	0	19.66	14.65	26.51	19.6643	19.6964	19.6998	-99.99	19.6999	19.7716	19.8144	19.8604	19.8809	19.8965	19.8245	19.4597	0.817007
setup	0	2006-06-26 23:00:00	11.9059	378.797	118.71	4.148	388.863	0	74.7829	0	0	0	0	18.93	14.28	25.24	18.9346	18.9689	18.9726	-99.99	18.9727	19.1074	19.2027	19.3279	19.3996	19.5301	19.6296	19.4653	0.790397
setup	0	2006-06-27 23:00:00	11.906	378.9	190.79	6.67031	355.875	0	75.5741	0	0	0	0	18.58	12.28	27.38	18.5858	18.6292	18.6338	-99.99	18.6339	18.7405	18.8112	18.9053	18.9633	19.0963	19.3071	19.415	1.06309
setup	0	2006-06-28 23:00:00	11.9062	379.029	229.9	8.0427	342.099	0	84.8686	0	0	0	0	18.62	11.96	27.01	18.6213	18.6299	18.6308	-99.99	18.6308	18.6901	18.7371	18.8073	18.8533	18.9619	19.1408	19.3315	0.99602
setup	0	2006-06-29 23:00:00	11.9064	379.183	169.96	5.94999	365.783	0	82.6618	0	0	0	0	18.54	12.08	26.73	18.5415	18.5518	18.5528	-99.99	18.5529	18.6158	18.6644	18.7351	18.7802	18.8826	19.0456	19.259	0.950896
setup	0	2006-06-30 23:00:00	11.9066	379.363	137.45	4.81565	379.96	0	75.5478	0	0	0	0	18.81	11.95	27.01	18.8096	18.8056	18.8052	-99.99	18.8052	18.8068	18.8116	18.8243	18.836	18.8769	18.9842	19.1978	0.978341
setup	0	2006-07-01 23:00:00	11.9068	379.568	95.34	3.3432	397.318	0	70.0255	0	0	0	0	18.96	13.35	26.25	18.9584	18.9454	18.9441	-99.99	18.9441	18.9433	18.9488	18.9616	18.9713	18.9946	19.0356	19.1577	0.881434
setup	0	2006-07-02 23:00:00	11.9071	379.799	178.64	6.6325	363.363	0	61.3764	0	0	0	0	18.65	12.16	26.95	18.6532	18.6771	18.6798	-99.99	18.6799	18.7343	18.7691	18.8132	18.8393	18.8969	18.9933	19.1363	0.950472
setup	0	2006-07-03 23:00:00	11.9074	380.054	260.33	10.3164	337.995	0	65.6841	0	0	0	0	19.79	12.6	28.67	19.7843	19.7391	19.7332	-99.99	19.7331	19.572	19.462	19.3221	19.2448	19.113	19.0278	19.1089	1.10047
setup	0	2006-07-04 23:00:00	11.9078	380.333	265.3	11.3044	339.694	0	66.6262	0	0	0	0	20.14	12.79	29.1	20.1367	20.1098	20.1059	-99.99	20.1057	19.9777	19.8834	19.7518	19.671	19.5	19.2755	19.1249	1.09702
setup	0	2006-07-05 23:00:00	11.9082	380.637	176.21	8.12262	370.498	0	64.3214	0	0	0	0	19.44	13.9	27.01	19.4412	19.45	19.4515	-99.99	19.4515	19.4987	19.5302	19.5643	19.5773	19.5697	19.4505	19.1869	0.912378
setup	0	2006-07-06 23:00:00	11.9086	380.965	146.59	7.34165	379.326	0	51.9526	0	0	0	0	19.05	13.44	26.53	19.0523	19.0702	19.0737	-99.99	19.0738	19.1377	19.1814	19.2371	19.2681	19.3215	19.3483	19.2274	0.859274
setup	0	2006-07-07 23:00:00	11.909	381.316	109.57	5.97488	389.154	0	45.2383	0	0	0	0	18.39	13.6	24.65	18.3933	18.4197	18.4258	-99.99	18.426	18.5677	18.6709	18.8106	18.8927	19.0495	19.204	19.221	0.778897
setup	0	2006-07-08 23:00:00	11.9095	381.691	116.16	6.89486	393.578	0	39.2181	0	0	0	0	19.63	13.61	27.18	19.6259	19.591	19.5812	-99.99	19.5809	19.4391	19.3439	19.2267	19.1652	19.0756	19.0674	19.1784	0.942686
setup	0	2006-07-09 23:00:00	11.91	382.089	96.61	6.22502	397.678	0	34.9398	0	0	0	0	19.08	13.88	26.18	19.0815	19.0931	19.0971	-99.99	19.0973	19.1417	19.1703	19.2027	19.2177	19.2312	19.2044	19.1647	0.887508
setup	0	2006-07-10 23:00:00	11.9105	382.509	93.72	6.52223	399.233	0	33.9954	0	0	0	0	19.19	13.22	26.9	19.1903	19.1917	19.1924	-99.99	19.1924	19.1816	19.1726	19.1607	19.1544	19.1476	19.157	19.169	0.977168
setup	0	2006-07-11 23:00:00	11.911	382.951	127.5	9.04723	384.655	0	30.2587	0	0	0	0	18.82	13.54	26.02	18.8211	18.8309	18.8363	-99.99	18.8365	18.899	18.9438	19.0031	19.0371	19.0985	19.1507	19.1635	0.891226
setup	0	2006-07-12 23:00:00	11.9116	383.415	133.75	9.54658	378.031	0	23.2405	0	0	0	0	18.14	12.2	25.41	18.1426	18.1705	18.1912	-99.99	18.1918	18.3346	18.433	18.5641	18.6416	18.7988	18.9956	19.1449	0.892955
setup	0	2006-07-13 23:00:00	11.9122	383.901	152.49	10.9481	373.077	0	22.0785	0	0	0	0	18.55	12.92	26	18.5498	18.5452	18.5406	-99.99	18.5404	18.5516	18.5667	18.5973	18.6217	18.6934	18.8476	19.0914	0.933593
setup	0	2006-07-14 23:00:00	11.9128	384.407	126.23	9.13054	384.65	0	19.9177	0	0	0	0	18.81	12.85	25.71	18.8099	18.8054	18.799	-99.99	18.7988	18.7846	18.7783	18.775	18.7763	18.7913	18.8548	19.0446	0.960285
setup	0	2006-07-15 23:00:00	11.9135	384.933	122.87	9.00904	388.395	0	18.3786	0	0	0	0	19.23	13.58	26.51	19.23	19.2217	19.2061	-99.99	19.2056	19.1406	19.0974	19.0425	19.0121	18.9599	18.9305	19.0266	0.994145
setup	0	2006-07-16 23:00:00	11.9142	385.48	183.27	14.1245	368.077	0	20.3535	0	0	0	0	19.3	13.77	26.84	19.3001	19.2972	19.2909	-99.99	19.2907	19.2517	19.2233	19.183	19.1581	19.1056	19.0407	19.0367	0.870728
setup	0	2006-07-17 23:00:00	11.9149	386.046	185.81	14.3788	367.098	0	15.7582	0	0	0	0	19.77	12.68	27.63	19.7701	19.7623	19.7456	-99.99	19.7451	19.6361	19.5572	19.4493	19.3853	19.261	19.1284	19.0603	1.09964
setup	0	2006-07-18 23:00:00	11.9156	386.63	172.86	13.4327	372.097	0	16.5432	0	0	0	0	19.57	13.41	26.61	19.5701	19.5675	19.562	-99.99	19.5618	19.5411	19.5255	19.4995	19.4798	19.4208	19.288	19.1018	0.988918
setup	0	2006-07-19 23:00:00	11.9164	387.233	175.4	13.6886	374.522	0	18.1041	0	0	0	0	20.16	13.34	27.32	20.1601	20.148	20.1223	-99.99	20.1215	19.9909	19.8993	19.7752	19.7012	19.5514	19.36	19.1487	1.06386
setup	0	2006-07-20 23:00:00	11.9172	387.854	140	10.9736	385.675	0	17.7063	0	0	0	0	19.65	14.77	25.58	19.6501	19.6502	19.6506	-99.99	19.6506	19.6696	19.6821	19.6917	19.6909	19.6579	19.512	19.2055	0.894965
setup	0	2006-07-21 23:00:00	11.918	388.492	156.2	12.2977	379.564	0	16.3254	0	0	0	0	19.54	14.95	25.58	19.5401	19.5407	19.5421	-99.99	19.5422	19.544	19.5451	19.5437	19.5408	19.5251	19.4628	19.2524	0.859176
setup	0	2006-07-22 23:00:00	11.9189	389.146	160.36	12.6818	381.267	0	16.0996	0	0	0	0	20.08	14.62	27	20.0801	20.0712	20.0523	-99.99	20.0518	19.9417	19.8653	19.7619	19.7012	19.5835	19.448	19.2694	0.928205
setup	0	2006-07-23 23:00:00	11.9197	389.816	136.64	10.8547	383.008	0	15.5143	0	0	0	0	18.87	14.98	24.54	18.8701	18.8856	18.9185	-99.99	18.9196	19.0736	19.1766	19.3054	19.3741	19.478	19.4936	19.2959	0.766377
setup	0	2006-07-24 23:00:00	11.9206	390.502	186.16	14.8553	368.427	0	11.0578	0	0	0	0	19.92	13.21	28.17	19.9201	19.9111	19.8922	-99.99	19.8916	19.7501	19.6506	19.5219	19.4516	19.3415	19.2992	19.2893	1.10778
setup	0	2006-07-25 23:00:00	11.9215	391.202	247.02	19.8006	345.542	0	12.0002	0	0	0	0	20.21	13.27	29.16	20.2101	20.2019	20.1846	-99.99	20.184	20.0713	19.9897	19.8751	19.8048	19.6569	19.4634	19.2836	1.20409
setup	0	2006-07-26 23:00:00	11.9224	391.916	179.91	14.4856	368.995	0	13.7519	0	0	0	0	19.43	13.32	27.17	19.4301	19.4377	19.4538	-99.99	19.4543	19.5227	19.5664	19.6158	19.6379	19.6523	19.5722	19.3244	0.994036
setup	0	2006-07-27 23:00:00	11.9234	392.644	67.92	5.49272	407.468	0	12.4571	0	0	0	0	18.87	13.82	25.29	18.8701	18.8782	18.8953	-99.99	18.8958	19.0099	19.0916	19.201	19.264	19.3769	19.4554	19.3465	0.841053
setup	0	2006-07-28 23:00:00	11.9244	393.384	81.68	6.63376	400.219	0	10.963	0	0	0	0	18.45	14.12	24.64	18.4501	18.4601	18.4814	-99.99	18.482	18.6082	18.6994	18.8255	18.9017	19.0574	19.2432	19.3201	0.810133
setup	0	2006-07-29 23:00:00	11.9254	394.137	132.82	10.832	382.095	0	10.645	0	0	0	0	18.62	12.96	25.96	18.6201	18.625	18.6354	-99.99	18.6358	18.6708	18.6968	18.7376	18.767	18.8506	19.0284	19.2557	0.906103
setup	0	2006-07-30 23:00:00	11.9264	394.9	124.49	10.1934	387.389	0	10.5527	0	0	0	0	18.89	12.79	26.5	18.8901	18.8882	18.8843	-99.99	18.8841	18.8738	18.8701	18.8705	18.8748	18.8999	18.9882	19.1901	0.850601
setup	0	2006-07-31 23:00:00	11.9274	395.675	253.61	20.8461	342.134	0	9.57573	0	0	0	0	19.18	13.25	26.41	19.1801	19.1742	19.1616	-99.99	19.1613	19.1235	19.1012	19.0753	19.0621	19.0428	19.0469	19.1555	0.902925
setup	0	2006-08-01 23:00:00	11.9285	396.459	224.11	18.4891	354.13	0	8.54962	0	0	0	0	19.91	13.08	27.97	19.9101	19.8974	19.8706	-99.99	19.8697	19.7257	19.6271	19.4964	19.4212	19.2808	19.152	19.1503	1.12306
setup	0	2006-08-02 23:00:00	11.9296	397.252	251.53	20.8235	350.785	0	9.19644	0	0	0	0	21.02	14.44	29.24	21.0201	20.9932	20.9364	-99.99	20.9346	20.67	20.4906	20.2495	20.1062	19.8142	19.4517	19.1866	1.22815
setup	0	2006-08-03 23:00:00	11.9307	398.054	216.13	17.9504	366.493	0	9.30287	0	0	0	0	21.14	14.27	29	21.1401	21.1277	21.1016	-99.99	21.1008	20.9288	20.8035	20.6212	20.5042	20.2353	19.8078	19.2866	1.17326
setup	0	2006-08-04 23:00:00	11.9318	398.863	186.62	15.5454	373.848	0	9.9306	0	0	0	0	20.05	15.39	25.67	20.0501	20.0562	20.0692	-99.99	20.0696	20.1393	20.1848	20.2306	20.245	20.2176	19.9912	19.4111	0.834391
setup	0	2006-08-05 23:00:00	11.9329	399.68	127.04	10.6109	396.375	0	11.2026	0	0	0	0	20.5	15.03	27.03	20.5001	20.4922	20.4754	-99.99	20.4749	20.3717	20.3036	20.2115	20.1564	20.0426	19.8718	19.4835	0.921832
setup	0	2006-08-06 23:00:00	11.9341	400.502	142.43	11.9251	386.234	0	11.5589	0	0	0	0	19.45	15.86	25.35	19.4501	19.4628	19.4898	-99.99	19.4906	19.6143	19.6958	19.7949	19.8452	19.9107	19.8662	19.5195	0.682375
setup	0	2006-08-07 23:00:00	11.9353	401.33	133.75	10.6976	387.82	0	11.1582	0	0	0	0	19.49	14.25	26.23	19.4903	19.4965	19.5057	-99.99	19.506	19.5234	19.5336	19.5482	19.5588	19.588	19.6329	19.5194	0.893078
setup	0	2006-08-08 23:00:00	11.9364	402.163	86.2	6.89282	401.157	0	11.0689	0	0	0	0	18.85	14.1	25.43	18.851	18.8678	18.8889	-99.99	18.8896	19.0137	19.0978	19.2077	19.2707	19.3907	19.5075	19.4848	0.765659
setup	0	2006-08-09 23:00:00	11.9377	403	116.63	9.32272	391.634	0	10.7141	0	0	0	0	19.12	13.18	26.17	19.1201	19.1214	19.1227	-99.99	19.1227	19.1285	19.1352	19.1508	19.1652	19.2134	19.3246	19.4329	0.911657
setup	0	2006-08-10 23:00:00	11.9389	403.84	257.43	20.5691	342.182	0	10.7485	0	0	0	0	19.7	13.75	28.09	19.6997	19.6859	19.6728	-99.99	19.6725	19.5817	19.523	19.4498	19.4109	19.3478	19.3219	19.3811	1.06348
setup	0	2006-08-11 23:00:00	11.9401	404.682	210.81	16.8382	359.265	0	10.2622	0	0	0	0	19.38	13	27.19	19.3802	19.3865	19.3924	-99.99	19.3926	19.4146	19.4261	19.4361	19.4388	19.4346	19.4063	19.3673	0.9586
setup	0	2006-08-12 23:00:00	11.9414	405.526	232.44	18.5647	348.563	0	9.41477	0	0	0	0	19.76	12.99	28.67	19.7599	19.7514	19.7433	-99.99	19.7431	19.6722	19.6239	19.5609	19.5254	19.4611	19.4044	19.3651	1.22288
setup	0	2006-08-13 23:00:00	11.9426	406.371	295.27	23.5918	320.466	0	7.85182	0	0	0	0	19.86	11.61	29.63	19.8601	19.8588	19.8575	-99.99	19.8575	19.7966	19.7496	19.6821	19.6409	19.5574	19.4607	19.3678	1.37702
setup	0	2006-08-14 23:00:00	11.9439	407.216	256.97	20.5395	341.712	0	9.93863	0	0	0	0	20.04	13.39	28.84	20.0397	20.0238	20.0087	-99.99	20.0083	19.946	19.9079	19.8565	19.8237	19.7424	19.5929	19.3883	1.21741
setup	0	2006-08-15 23:00:00	11.9452	408.06	256.62	20.5192	337.123	0	6.79562	0	0	0	0	19.97	12.99	29.16	19.9701	19.9695	19.9689	-99.99	19.9689	19.9343	19.9064	19.8631	19.8341	19.7639	19.6404	19.4234	1.36104
setup	0	2006-08-16 23:00:00	11.9465	408.903	208.72	16.6953	365.127	0	10.0234	0	0	0	0	20.39	13.81	29.06	20.3896	20.3702	20.3518	-99.99	20.3513	20.2445	20.1752	20.0823	20.0263	19.904	19.7188	19.4538	1.13246
setup	0	2006-08-17 23:00:00	11.9478	409.744	183.73	14.7018	374.17	0	10.219	0	0	0	0	20.28	14.17	28.99	20.28	20.2753	20.2709	-99.99	20.2707	20.2232	20.1883	20.1341	20.0969	20.0013	19.8179	19.4963	1.08334
setup	0	2006-08-18 23:00:00	11.9492	410.582	207.8	16.6339	359.783	0	10.1251	0	0	0	0	19.94	13.52	29.07	19.9403	19.948	19.9553	-99.99	19.9555	19.9656	19.9668	19.9601	19.9511	19.9161	19.8149	19.5364	1.23565
setup	0	2006-08-19 23:00:00	11.9505	411.416	319.91	25.6173	312.046	0	6.99932	0	0	0	0	20	12.79	29.73	20.0001	19.9999	19.9997	-99.99	19.9997	19.9687	19.9446	19.9093	19.8872	19.8386	19.7592	19.5527	1.36665
setup	0	2006-08-20 23:00:00	11.9518	412.246	314.94	25.2283	314.179	0	8.70839	0	0	0	0	19.93	11.73	29.18	19.9301	19.9309	19.9317	-99.99	19.9317	19.9165	19.9033	19.8817	19.8665	19.8278	19.75	19.5581	1.35715
setup	0	2006-08-21 23:00:00	11.9532	413.071	213.24	17.0876	361.709	0	9.92509	0	0	0	0	20.45	13.27	29.75	20.4495	20.4283	20.4081	-99.99	20.4076	20.2972	20.2269	20.1349	20.0807	19.9661	19.8021	19.5666	1.26612
setup	0	2006-08-22 23:00:00	11.9546	413.89	232.79	18.6606	352.03	0	9.74731	0	0	0	0	20.24	13.2	29.72	20.2401	20.2402	20.2404	-99.99	20.2404	20.2125	20.1888	20.1487	20.1197	20.0419	19.8858	19.5945	1.28275
setup	0	2006-08-23 23:00:00	11.956	414.702	262.41	21.0422	340.592	0	9.725	0	0	0	0	20.44	12.95	29.4	20.4398	20.4294	20.4194	-99.99	20.4192	20.3463	20.2965	20.227	20.1835	20.0846	19.9205	19.6247	1.34044
setup	0	2006-08-24 23:00:00	11.9574	415.507	144.16	11.5638	386.573	0	9.40265	0	0	0	0	19.93	13.78	27.75	19.9302	19.9354	19.9403	-99.99	19.9404	19.9874	20.0176	20.0505	20.0635	20.062	19.9646	19.6555	1.03851
setup	0	2006-08-25 23:00:00	11.9588	416.304	234.06	18.7813	358.94	0	10.1012	0	0	0	0	21.16	13.7	30.98	21.1593	21.1269	21.0962	-99.99	21.0954	20.8606	20.7046	20.5005	20.3843	20.1649	19.934	19.6704	1.33128
setup	0	2006-08-26 23:00:00	11.9602	417.092	221.57	17.7848	366.675	0	11.824	0	0	0	0	21.29	14.68	29.83	21.2844	21.2438	21.2438	-99.99	21.2438	21.0987	21.0034	20.8674	20.7796	20.5703	20.2132	19.7125	1.1993
setup	0	2006-08-27 23:00:00	11.9616	417.871	214.51	17.2235	367.787	0	12.7525	0	0	0	0	20.92	15	28.76	20.9193	20.9136	20.9136	-99.99	20.9136	20.8722	20.8412	20.7878	20.7469	20.6264	20.3506	19.7951	1.10564
setup	0	2006-08-28 23:00:00	11.9631	418.64	144.51	11.6066	388.304	0	12.5684	0	0	0	0	20.09	14.5	27.4	20.0946	20.1273	20.1273	-99.99	20.1273	20.219	20.274	20.335	20.3623	20.3847	20.2935	19.856	0.948188
setup	0	2006-08-29 23:00:00	11.9645	419.399	206.18	16.5648	370.597	0	12.7045	0	0	0	0	20.58	14.8	28.07	20.5767	20.5526	20.5526	-99.99	20.5526	20.4754	20.4272	20.366	20.3315	20.2625	20.1589	19.8651	0.967184
setup	0	2006-08-30 23:00:00	11.9659	420.146	209.88	16.867	369.564	0	12.7342	0	0	0	0	20.89	14.79	28.54	20.8867	20.8626	20.8626	-99.99	20.8626	20.7583	20.6869	20.5883	20.5279	20.3965	20.1991	19.8652	1.08808
setup	0	2006-08-31 23:00:00	11.9674	420.881	254.54	20.4619	354.565	0	13.1208	0	0	0	0	21.56	13.68	30.51	21.5547	21.5157	21.5157	-99.99	21.5157	21.3104	21.1678	20.9721	20.8549	20.6136	20.3008	19.8885	1.32932
setup	0	2006-09-01 23:00:00	11.9689	421.603	145.32	11.6852	390.189	0	12.3408	0	0	0	0	20.54	14.94	28.05	20.5429	20.5633	20.5633	-99.99	20.5633	20.6368	20.6794	20.7188	20.7282	20.6936	20.4802	19.9451	1.04435
setup	0	2006-09-02 23:00:00	11.9703	422.313	248.29	19.9705	349.386	0	8.8396	0	0	0	0	20.48	13.19	28.84	20.4817	20.4941	20.4941	-99.99	20.4941	20.4857	20.4737	20.4522	20.4373	20.401	20.3192	19.9823	1.22757
setup	0	2006-09-03 23:00:00	11.9718	423.008	211.15	16.9877	358.776	0	11.4531	0	0	0	0	19.8	13.78	28.22	19.8043	19.8347	19.8347	-99.99	19.8347	19.9428	20.0117	20.0967	20.1415	20.2115	20.2214	19.9753	1.16866
setup	0	2006-09-04 23:00:00	11.9733	423.69	224.46	18.0631	351	0	11.1643	0	0	0	0	19.41	12.55	27.81	19.4145	19.447	19.447	-99.99	19.447	19.552	19.6206	19.7113	19.7647	19.8736	19.996	19.9407	1.15456
setup	0	2006-09-05 23:00:00	11.9748	424.357	147.05	11.8366	383.368	0	11.1576	0	0	0	0	19.76	12.76	28.3	19.7588	19.7496	19.7496	-99.99	19.7496	19.7389	19.7369	19.7412	19.7482	19.7765	19.8448	19.8762	1.15558
setup	0	2006-09-06 23:00:00	11.9763	425.008	269.47	21.6957	333.975	0	9.18968	0	0	0	0	19.81	12.5	28.89	19.8103	19.8122	19.8122	-99.99	19.8122	19.8068	19.8025	19.7972	19.7949	19.7953	19.8123	19.8231	1.26912
setup	0	2006-09-07 23:00:00	11.9778	425.643	134.56	10.8362	391.188	0	11.131	0	0	0	0	20.36	13.36	29.05	20.3553	20.3207	20.3207	-99.99	20.3207	20.2226	20.1622	20.0859	20.043	19.9598	19.8668	19.7933	1.25796
setup	0	2006-09-08 23:00:00	11.9793	426.263	111.65	8.99323	394.419	0	10.4649	0	0	0	0	19.29	13.56	26.38	19.2956	19.3363	19.3363	-99.99	19.3363	19.4927	19.5931	19.7174	19.7828	19.8852	19.9186	19.7953	1.0268
setup	0	2006-09-09 23:00:00	11.9808	426.865	124.49	10.0296	389.184	0	10.7586	0	0	0	0	19.19	13.23	26.81	19.1927	19.212	19.212	-99.99	19.212	19.2861	19.338	19.4113	19.4572	19.5603	19.7062	19.7732	1.00576
setup	0	2006-09-10 23:00:00	11.9823	427.45	227	18.292	351.472	0	10.7865	0	0	0	0	19.55	12.62	27.43	19.5491	19.5423	19.5423	-99.99	19.5423	19.5211	19.51	19.5016	19.5014	19.5191	19.5948	19.7156	1.13151
setup	0	2006-09-11 23:00:00	11.9838	428.018	181.65	14.6404	369.694	0	11.0982	0	0	0	0	19.65	13.12	26.99	19.6487	19.6394	19.6394	-99.99	19.6394	19.6277	19.6237	19.6209	19.6201	19.6205	19.6288	19.6752	1.11053
setup	0	2006-09-12 23:00:00	11.9853	428.568	239.96	19.3435	346.205	0	11.0565	0	0	0	0	19.28	13.53	25.31	19.2817	19.2935	19.2935	-99.99	19.2935	19.3658	19.4164	19.4833	19.5209	19.5881	19.6415	19.6601	1.02112
setup	0	2006-09-13 23:00:00	11.9868	429.099	211.62	17.0619	363.764	0	8.63738	0	0	0	0	20.53	13.82	28.59	20.5227	20.4695	20.4695	-99.99	20.4695	20.2653	20.1341	19.9683	19.8781	19.7234	19.6189	19.64	1.19729
setup	0	2006-09-14 23:00:00	11.9884	429.612	166.61	13.4352	383.734	0	10.7166	0	0	0	0	20.79	14.16	28.91	20.7857	20.7544	20.7544	-99.99	20.7544	20.6175	20.5234	20.3914	20.3096	20.1298	19.8772	19.6553	1.11021
setup	0	2006-09-15 23:00:00	11.9899	430.105	203.28	16.3947	371.552	0	10.4133	0	0	0	0	21.13	14.46	28.84	21.1249	21.0875	21.0875	-99.99	21.0875	20.937	20.8347	20.6916	20.6024	20.4024	20.0965	19.7203	1.20111
setup	0	2006-09-16 23:00:00	11.9914	430.58	231.63	18.6839	362.179	0	11.7089	0	0	0	0	21.55	14.78	29.51	21.5443	21.5028	21.5028	-99.99	21.5028	21.321	21.1962	21.0212	20.9124	20.6701	20.3013	19.8034	1.31567
setup	0	2006-09-17 23:00:00	11.9929	431.034	263.68	21.272	350.025	0	9.22746	0	0	0	0	22.01	14	31.09	22.0046	21.9651	21.9651	-99.99	21.9651	21.7463	21.5921	21.3738	21.2383	20.9414	20.5044	19.8986	1.50107
setup	0	2006-09-18 23:00:00	11.9945	431.469	268.19	21.6386	354.585	0	12.3481	0	0	0	0	22.28	14.3	31.24	22.2738	22.2292	22.2292	-99.99	22.2292	22.0255	21.8849	21.6828	21.554	21.2554	20.7625	20.0097	1.38318
setup	0	2006-09-19 23:00:00	11.996	431.884	245.75	19.8304	371.067	0	13.9313	0	0	0	0	22.82	16.58	30.95	22.8101	22.7388	22.7388	-99.99	22.7388	22.4895	22.326	22.0968	21.9519	21.614	21.041	20.1388	1.21606
setup	0	2006-09-20 23:00:00	11.9975	432.278	188.24	15.1914	383.056	0	15.4373	0	0	0	0	21.6	16.64	28.9	21.6037	21.6306	21.6306	-99.99	21.6306	21.6724	21.6886	21.6854	21.6653	21.5553	21.1871	20.2793	1.02789
setup	0	2006-09-21 23:00:00	11.9991	432.652	159.09	12.8401	386.983	0	15.2957	0	0	0	0	21.21	15.27	30.01	21.2133	21.2374	21.2374	-99.99	21.2374	21.2503	21.2481	21.2328	21.217	21.1616	20.9912	20.361	1.28577
setup	0	2006-09-22 23:00:00	12.0006	433.005	261.94	21.143	338.463	0	14.2133	0	0	0	0	20.4	13.25	29.51	20.4066	20.4547	20.4547	-99.99	20.4547	20.569	20.634	20.7085	20.7458	20.8003	20.7815	20.3709	1.36999
setup	0	2006-09-23 23:00:00	12.0021	433.338	207.45	16.7461	366.441	0	14.4769	0	0	0	0	20.42	15	28.65	20.4191	20.4125	20.4125	-99.99	20.4125	20.4487	20.48	20.5256	20.5524	20.5982	20.6017	20.3393	1.06351
setup	0	2006-09-24 23:00:00	12.0036	433.65	276.52	22.3233	336.537	0	13.5683	0	0	0	0	20.64	13.49	29.66	20.64	20.6401	20.6401	-99.99	20.6401	20.6028	20.5753	20.5384	20.5181	20.4841	20.4548	20.2942	1.31315
setup	0	2006-09-25 23:00:00	12.0052	433.941	316.56	25.5573	318.255	0	10.9099	0	0	0	0	20.97	13.2	30.05	20.9672	20.9472	20.9472	-99.99	20.9472	20.8626	20.8063	20.7304	20.6853	20.5923	20.468	20.258	1.46574
setup	0	2006-09-26 23:00:00	12.0067	434.211	327.78	26.4645	320.886	0	11.6587	0	0	0	0	21.34	14	30.44	21.3355	21.3031	21.3031	-99.99	21.3031	21.1847	21.1064	20.9994	20.9339	20.7899	20.5733	20.2543	1.38717
setup	0	2006-09-27 23:00:00	12.0082	434.46	299.08	24.1483	329.41	0	11.981	0	0	0	0	21.46	14.67	30.72	21.4569	21.4342	21.4342	-99.99	21.4342	21.3352	21.2666	21.1678	21.1042	20.9544	20.6998	20.2814	1.47962
setup	0	2006-09-28 23:00:00	12.0098	434.688	321.99	25.999	323.671	0	14.9795	0	0	0	0	20.84	12.01	30.58	20.8441	20.8742	20.8742	-99.99	20.8742	20.8937	20.8974	20.888	20.8749	20.8265	20.6949	20.3167	1.27367
setup	0	2006-09-29 23:00:00	12.0113	434.895	188.24	15.1997	380.109	0	18.8417	0	0	0	0	21.09	15.98	28.85	21.084	21.0403	21.0403	-99.99	21.0403	20.9936	20.9753	20.9547	20.9402	20.8879	20.7274	20.3325	0.931511
setup	0	2006-09-30 23:00:00	12.0128	435.081	212.89	17.1903	369.809	0	20.715	0	0	0	0	21.02	15.42	28.98	21.0198	21.0183	21.0183	-99.99	21.0183	20.9853	20.9605	20.9214	20.8948	20.8277	20.6923	20.3482	1.01679
setup	0	2006-10-01 23:00:00	12.0143	435.247	327.78	26.4672	318.24	0	21.657	0	0	0	0	21.23	13.59	30.48	21.2294	21.2253	21.2253	-99.99	21.2253	21.139	21.0734	20.9802	20.9238	20.8079	20.6534	20.3511	1.40947
setup	0	2006-10-02 23:00:00	12.0158	435.392	307.41	24.8221	328.433	0	21.0856	0	0	0	0	21.27	14.25	30.5	21.2678	21.2521	21.2521	-99.99	21.2521	21.1876	21.1425	21.0762	21.0326	20.9257	20.7294	20.3596	1.35299
setup	0	2006-10-03 23:00:00	12.0174	435.516	319.1	25.7655	336.438	0	22.0854	0	0	0	0	22.4	15.48	31.62	22.3897	22.315	22.315	-99.99	22.315	22.0541	21.8821	21.6541	21.5197	21.2414	20.8673	20.3873	1.34565
setup	0	2006-10-04 23:00:00	12.0189	435.62	274.9	22.1959	356.669	0	22.8471	0	0	0	0	22.66	16	31.56	22.6539	22.6102	22.6102	-99.99	22.6102	22.4134	22.2736	22.0731	21.9452	21.6483	21.1637	20.4594	1.28571
setup	0	2006-10-05 23:00:00	12.0204	435.704	266.57	21.5224	361.389	0	23.7693	0	0	0	0	22.96	16.86	31.64	22.9535	22.907	22.907	-99.99	22.907	22.7063	22.5645	22.3611	22.231	21.9255	21.4068	20.5673	1.30893
setup	0	2006-10-06 23:00:00	12.0219	435.768	294.11	23.7447	332.488	0	22.2962	0	0	0	0	21.88	14.92	31.27	21.8856	21.9266	21.9266	-99.99	21.9266	21.9609	21.9636	21.9403	21.9104	21.7958	21.4767	20.6769	1.54045
setup	0	2006-10-07 23:00:00	12.0234	435.812	317.83	25.6582	325.858	0	20.6831	0	0	0	0	21.63	13.22	30.82	21.6316	21.6432	21.6432	-99.99	21.6432	21.638	21.627	21.6021	21.5811	21.5151	21.3341	20.733	1.41538
setup	0	2006-10-08 23:00:00	12.0249	435.837	247.83	20.0059	359.964	0	21.2646	0	0	0	0	22.3	16.46	30.73	22.2919	22.2333	22.2333	-99.99	22.2333	22.0875	21.9972	21.8786	21.8065	21.6403	21.3449	20.7495	1.34084
setup	0	2006-10-09 23:00:00	12.0264	435.843	270.28	21.8166	342.265	0	21.0498	0	0	0	0	21.66	14.31	30.71	21.6635	21.6891	21.6891	-99.99	21.6891	21.7053	21.6971	21.6657	21.6376	21.5504	21.3395	20.7803	1.4576
setup	0	2006-10-10 23:00:00	12.0278	435.829	254.89	20.5728	349.528	0	19.3753	0	0	0	0	20.9	13.41	29.82	20.905	20.9415	20.9415	-99.99	20.9415	21.0413	21.1019	21.1733	21.2086	21.2542	21.2097	20.7918	1.17731
setup	0	2006-10-11 23:00:00	12.0293	435.798	220.29	17.7785	363.039	0	20.7648	0	0	0	0	20.88	14.71	29.15	20.8795	20.8762	20.8762	-99.99	20.8762	20.9089	20.937	20.9773	21.0006	21.0394	21.0351	20.764	1.10286
setup	0	2006-10-12 23:00:00	12.0308	435.748	237.42	19.1592	356.572	0	21.9777	0	0	0	0	20.62	14.39	28.62	20.6221	20.6373	20.6373	-99.99	20.6373	20.6935	20.7315	20.7809	20.8086	20.859	20.8889	20.7183	1.01604
setup	0	2006-10-13 23:00:00	12.0323	435.68	148.67	11.996	383.983	0	22.4466	0	0	0	0	19.84	14.3	27.21	19.8459	19.8886	19.8886	-99.99	19.8886	20.0572	20.1698	20.3173	20.4015	20.5616	20.7143	20.6632	0.878006
setup	0	2006-10-14 23:00:00	12.0337	435.595	262.41	21.1711	338.911	0	22.2239	0	0	0	0	19.73	12.69	28.36	19.7345	19.7671	19.7671	-99.99	19.7671	19.8598	19.9207	20.0065	20.0619	20.1958	20.418	20.5778	1.04129
setup	0	2006-10-15 23:00:00	12.0352	435.492	274.09	22.1107	347.85	0	24.3728	0	0	0	0	20.95	14.35	29.37	20.9416	20.8809	20.8809	-99.99	20.8809	20.7317	20.6388	20.5314	20.4777	20.3974	20.3787	20.4798	0.974155
setup	0	2006-10-16 23:00:00	12.0366	435.374	191.14	15.4172	379.908	0	26.9774	0	0	0	0	21.36	16.55	28.43	21.3536	21.3072	21.3072	-99.99	21.3072	21.1914	21.1159	21.0168	20.9567	20.8221	20.6205	20.4501	0.897255
setup	0	2006-10-17 23:00:00	12.038	435.239	196.23	15.8255	376.247	0	29.9964	0	0	0	0	21.25	16.07	28.71	21.2494	21.2458	21.2458	-99.99	21.2458	21.1894	21.1462	21.0805	21.0367	20.9312	20.7509	20.4796	0.961348
setup	0	2006-10-18 23:00:00	12.0395	435.088	258.24	20.8235	350.368	0	33.4263	0	0	0	0	20.78	14.03	29.3	20.7839	20.8122	20.8122	-99.99	20.8122	20.8379	20.8437	20.84	20.8327	20.8057	20.7335	20.5063	1.00789
setup	0	2006-10-19 23:00:00	12.0409	434.922	241.58	19.4772	358.408	0	33.3913	0	0	0	0	21.15	14.69	28.91	21.1459	21.117	21.117	-99.99	21.117	21.0419	20.9985	20.9432	20.9107	20.8408	20.729	20.5098	1.02381
setup	0	2006-10-20 23:00:00	12.0423	434.742	219.48	17.6926	369.918	0	35.9961	0	0	0	0	21.3	15.21	29.24	21.2973	21.2783	21.2783	-99.99	21.2783	21.2034	21.1548	21.0867	21.0441	20.9468	20.7878	20.5197	0.915403
setup	0	2006-10-21 23:00:00	12.0437	434.548	199.47	16.0769	376.834	0	43.9288	0	0	0	0	21.1	16.2	28.46	21.0979	21.0832	21.0832	-99.99	21.0832	21.0467	21.0366	21.0244	21.0135	20.9716	20.8461	20.5435	0.785259
setup	0	2006-10-22 23:00:00	12.0451	434.34	197.04	15.8783	376.761	0	47.5499	0	0	0	0	21.27	15.77	28.98	21.2677	21.2512	21.2512	-99.99	21.2512	21.1812	21.1346	21.0708	21.0328	20.9526	20.8266	20.5618	0.900319
setup	0	2006-10-23 23:00:00	12.0465	434.119	313.66	25.2664	327.306	0	52.1272	0	0	0	0	21.65	15.44	30.51	21.6465	21.6217	21.6216	-99.99	21.6216	21.4933	21.4055	21.2857	21.2144	21.068	20.8712	20.5751	1.29195
setup	0	2006-10-24 23:00:00	12.0478	433.885	265.3	21.3657	357.978	0	58.5599	0	0	0	0	22.2	15.98	30.61	22.193	22.1424	22.1422	-99.99	22.1422	21.9593	21.8389	21.6752	21.5757	21.3598	21.0402	20.6083	1.07291
setup	0	2006-10-25 23:00:00	12.0492	433.64	231.98	18.6775	364.566	0	59.4933	0	0	0	0	22.07	16.4	30.45	22.0678	22.0526	22.0525	-99.99	22.0525	21.9663	21.9004	21.7984	21.7286	21.5523	21.2243	20.6748	1.19799
setup	0	2006-10-26 23:00:00	12.0505	433.383	243.66	19.6124	360.983	0	61.4808	0	0	0	0	22.14	16.23	30.36	22.1374	22.1189	22.1188	-99.99	22.1188	22.0233	21.9522	21.8471	21.778	21.611	21.309	20.7466	1.19195
setup	0	2006-10-27 23:00:00	12.0519	433.115	249.1	20.0442	359.839	0	61.7915	0	0	0	0	21.8	16.78	29.16	21.7995	21.7967	21.7967	-99.99	21.7967	21.7832	21.7698	21.7394	21.7117	21.6172	21.372	20.8087	1.02152
setup	0	2006-10-28 23:00:00	12.0532	432.838	209.53	16.8546	367.842	0	60.2182	0	0	0	0	20.59	15.41	27.14	20.5974	20.6516	20.652	-99.99	20.6521	20.82	20.9338	21.0697	21.1391	21.2421	21.2421	20.8489	0.802232
setup	0	2006-10-29 23:00:00	12.0545	432.551	218.67	17.5835	359.469	0	56.3077	0	0	0	0	21.41	14.13	30.1	21.4072	21.3877	21.3875	-99.99	21.3875	21.2761	21.2012	21.1105	21.0649	21.0005	20.9782	20.8234	1.35589
setup	0	2006-10-30 23:00:00	12.0558	432.255	270.28	21.7249	347.24	0	61.1172	0	0	0	0	21.4	14.96	30.11	21.3981	21.3846	21.3844	-99.99	21.3844	21.3401	21.3117	21.2692	21.2407	21.1692	21.0378	20.7907	1.07741
setup	0	2006-10-31 23:00:00	12.0571	431.951	214.05	17.1976	374.891	0	67.2207	0	0	0	0	21.55	16.44	28.95	21.5456	21.5144	21.514	-99.99	21.514	21.4298	21.376	21.3263	21.3025	21.2433	21.1022	20.7956	0.779235
setup	0	2006-11-01 23:00:00	12.0583	431.64	107.02	8.59417	404.917	0	65.3029	0	0	0	0	20.99	16.81	27.5	20.9913	21.0009	21.0011	-99.99	21.0011	21.0549	21.0977	21.144	21.1633	21.1745	21.1013	20.8101	0.708355
setup	0	2006-11-02 23:00:00	12.0596	431.322	217.86	17.4855	370.816	0	62.681	0	0	0	0	21.39	16.67	28.48	21.3871	21.3662	21.3658	-99.99	21.3658	21.2839	21.2358	21.176	21.1435	21.0847	21.0107	20.8063	0.809327
setup	0	2006-11-03 23:00:00	12.0608	430.997	218.67	17.5398	372.303	0	70.6058	0	0	0	0	22.05	16.39	29.61	22.0444	22.0039	22.003	-99.99	22.0029	21.8299	21.7124	21.5575	21.4678	21.2913	21.0743	20.7988	0.989872
setup	0	2006-11-04 23:00:00	12.0621	430.667	218.67	17.5277	374.816	0	76.7279	0	0	0	0	22.15	17.05	29.58	22.1462	22.1189	22.1182	-99.99	22.1182	22.0033	21.9229	21.8065	21.7313	21.5543	21.2596	20.8282	0.906671
setup	0	2006-11-05 23:00:00	12.0633	430.332	211.62	16.9494	374.173	0	76.3659	0	0	0	0	21.31	17.4	27.64	21.3126	21.3318	21.3324	-99.99	21.3324	21.4021	21.4514	21.5008	21.5172	21.5028	21.3415	20.8836	0.68473
setup	0	2006-11-06 23:00:00	12.0645	429.993	139.07	11.129	392.93	0	68.9736	0	0	0	0	20.7	17.31	26.4	20.7037	20.7315	20.7324	-99.99	20.7324	20.8466	20.9288	21.0314	21.0859	21.1719	21.191	20.9092	0.621661
setup	0	2006-11-07 23:00:00	12.0656	429.65	144.97	11.5899	387.362	0	69.3401	0	0	0	0	19.97	16.67	24.7	19.9763	20.0228	20.0246	-99.99	20.0247	20.2187	20.3505	20.5209	20.6091	20.7848	20.9555	20.8814	0.488313
setup	0	2006-11-08 23:00:00	12.0668	429.305	225.38	17.9989	360.631	0	64.7915	0	0	0	0	20.85	14.98	28.43	20.8477	20.8313	20.8305	-99.99	20.8305	20.7243	20.6576	20.5846	20.5557	20.5507	20.6748	20.8065	0.90874
setup	0	2006-11-09 23:00:00	12.0679	428.957	197.85	15.7809	374.037	0	82.2861	0	0	0	0	20.83	16.01	27.5	20.8285	20.8183	20.8178	-99.99	20.8178	20.8095	20.8061	20.8039	20.8023	20.7837	20.7531	20.7402	0.702901
setup	0	2006-11-10 23:00:00	12.0691	428.608	231.17	18.4134	361.303	0	76.0031	0	0	0	0	20.57	16.4	26.49	20.5712	20.5807	20.5813	-99.99	20.5813	20.6373	20.6782	20.7299	20.7498	20.7708	20.7729	20.7215	0.660302
setup	0	2006-11-11 23:00:00	12.0702	428.257	218.67	17.3915	365.652	0	77.1254	0	0	0	0	20.56	16.78	26.5	20.5597	20.5582	20.5581	-99.99	20.5581	20.576	20.5955	20.6236	20.6408	20.6758	20.7143	20.7035	0.63414
setup	0	2006-11-12 23:00:00	12.0712	427.907	148.33	11.7773	390.322	0	77.0278	0	0	0	0	21.04	16.26	27.99	21.0372	21.0166	21.0151	-99.99	21.0151	20.9191	20.858	20.7827	20.7439	20.6893	20.673	20.6766	0.773016
setup	0	2006-11-13 23:00:00	12.0723	427.557	205.71	16.3025	371.024	0	80.1101	0	0	0	0	20.72	16.66	26.69	20.7202	20.7222	20.7223	-99.99	20.7224	20.7474	20.7687	20.7904	20.7978	20.7941	20.7456	20.6632	0.635051
setup	0	2006-11-14 23:00:00	12.0734	427.208	211.62	16.7365	369.852	0	81.6788	0	0	0	0	20.83	16.24	27.38	20.8298	20.829	20.8289	-99.99	20.8289	20.8106	20.7949	20.7759	20.7666	20.7518	20.7285	20.6633	0.659916
setup	0	2006-11-15 23:00:00	12.0744	426.861	150.76	11.8965	390.447	0	82.6129	0	0	0	0	21.06	16.85	27.29	21.057	21.0346	21.0324	-99.99	21.0323	20.9698	20.9366	20.8942	20.8695	20.8185	20.7515	20.6596	0.672842
setup	0	2006-11-16 23:00:00	12.0754	426.517	227.81	17.932	356.047	0	81.3868	0	0	0	0	20.09	14.87	26.67	20.0964	20.1457	20.1512	-99.99	20.1513	20.2957	20.3929	20.5066	20.5654	20.6616	20.723	20.6624	0.733724
setup	0	2006-11-17 23:00:00	12.0764	426.175	202.01	15.8582	369.094	0	85.2484	0	0	0	0	20.24	16.54	26.02	20.2386	20.2287	20.2275	-99.99	20.2275	20.2652	20.3101	20.3785	20.4214	20.5085	20.6075	20.6437	0.568283
setup	0	2006-11-18 23:00:00	12.0773	425.837	206.18	16.1387	363.909	0	80.9011	0	0	0	0	20.47	15.08	27.64	20.4704	20.4745	20.4751	-99.99	20.4751	20.4506	20.4328	20.414	20.409	20.4229	20.5033	20.608	0.845682
setup	0	2006-11-19 23:00:00	12.0783	425.503	194.95	15.2117	374.786	0	93.3342	0	0	0	0	21.01	16.03	27.95	21.0052	20.9688	20.9636	-99.99	20.9634	20.8499	20.7842	20.7044	20.6617	20.5913	20.5427	20.5759	0.725074
setup	0	2006-11-20 23:00:00	12.0792	425.175	194.95	15.16	372.564	0	90.5134	0	0	0	0	20.76	16.55	27.33	20.7595	20.7561	20.7556	-99.99	20.7555	20.7506	20.7539	20.7507	20.7437	20.7123	20.6413	20.5751	0.706261
setup	0	2006-11-21 23:00:00	12.0801	424.852	192.06	14.8817	366.153	0	88.1588	0	0	0	0	19.11	16.43	23.48	19.1187	19.1873	19.1987	-99.99	19.199	19.5196	19.7489	20.0353	20.1889	20.4397	20.605	20.5874	0.394525
setup	0	2006-11-22 23:00:00	12.0809	424.535	123.34	9.51926	392.243	0	80.3052	0	0	0	0	19.93	15.7	25.57	19.9285	19.917	19.915	-99.99	19.9149	19.8943	19.8932	19.9163	19.9465	20.0616	20.3128	20.5549	0.556036
setup	0	2006-11-23 23:00:00	12.0818	424.224	157.81	12.1276	381.679	0	84.5769	0	0	0	0	19.95	16.5	25.3	19.95	19.9503	19.9503	-99.99	19.9503	19.984	20.0124	20.0559	20.0842	20.1506	20.2698	20.4883	0.495972
setup	0	2006-11-24 23:00:00	12.0826	423.921	261.94	20.0138	349.06	0	85.1796	0	0	0	0	20.38	16.94	25.93	20.3778	20.361	20.3576	-99.99	20.3575	20.3033	20.2714	20.2377	20.2235	20.2152	20.2655	20.4472	0.584167
setup	0	2006-11-25 23:00:00	12.0834	423.626	240.31	18.2045	354.883	0	95.1434	0	0	0	0	20.42	16.53	26.87	20.4199	20.4199	20.4199	-99.99	20.4199	20.3928	20.3713	20.342	20.3259	20.302	20.3085	20.4257	0.655894
setup	0	2006-11-26 23:00:00	12.0842	423.339	183.73	13.799	375.018	0	99.596	0	0	0	0	20.34	16.09	26.43	20.3395	20.3364	20.3357	-99.99	20.3357	20.3279	20.3304	20.3325	20.3335	20.3366	20.3494	20.4201	0.576426
setup	0	2006-11-27 23:00:00	12.0849	423.06	229.09	17.058	357.522	0	95.7681	0	0	0	0	20.11	16.04	25.62	20.1112	20.1213	20.1237	-99.99	20.1237	20.1754	20.2118	20.2586	20.2846	20.3299	20.3667	20.4203	0.583079
setup	0	2006-11-28 23:00:00	12.0856	422.791	214.51	15.8356	365.558	0	100.218	0	0	0	0	20.46	15.7	26.21	20.4583	20.4451	20.4419	-99.99	20.4418	20.3914	20.3621	20.3303	20.3165	20.3057	20.3358	20.4173	0.589563
setup	0	2006-11-29 23:00:00	12.0863	422.532	204.09	14.9385	368.774	0	99.6647	0	0	0	0	20.35	16.87	25.34	20.3496	20.3465	20.3457	-99.99	20.3456	20.362	20.3774	20.3966	20.4056	20.4126	20.3927	20.4133	0.518354
setup	0	2006-11-30 23:00:00	12.087	422.284	180.38	13.0925	375.477	0	98.2983	0	0	0	0	20.08	16.68	25.22	20.0817	20.0959	20.0998	-99.99	20.0999	20.1591	20.1999	20.2519	20.2812	20.3357	20.3855	20.42	0.462298
setup	0	2006-12-01 23:00:00	12.0876	422.046	232.79	16.7577	360.937	0	99.2181	0	0	0	0	20.26	16.92	25.14	20.2592	20.2535	20.2519	-99.99	20.2518	20.2485	20.2517	20.2616	20.2702	20.2956	20.3458	20.4173	0.440635
setup	0	2006-12-02 23:00:00	12.0883	421.819	135.37	9.66671	389.216	0	98.2577	0	0	0	0	20.07	16.37	25.74	20.0715	20.0845	20.0882	-99.99	20.0883	20.1279	20.1535	20.186	20.2055	20.2486	20.3176	20.4082	0.498175
setup	0	2006-12-03 23:00:00	12.0888	421.604	272.01	19.2732	342.838	0	98.5673	0	0	0	0	20.13	14.99	26.38	20.1308	20.1379	20.14	-99.99	20.1401	20.145	20.1473	20.1529	20.1597	20.1889	20.2692	20.3948	0.614253
setup	0	2006-12-04 23:00:00	12.0894	421.401	252.46	17.7542	355.876	0	102.283	0	0	0	0	20.86	16.24	27.28	20.8556	20.819	20.8078	-99.99	20.8075	20.6729	20.5896	20.4904	20.4387	20.3538	20.3033	20.3794	0.613215
setup	0	2006-12-05 23:00:00	12.0899	421.21	236.61	16.5205	362.162	0	102.593	0	0	0	0	20.92	16.78	26.79	20.9181	20.9023	20.8974	-99.99	20.8973	20.829	20.7816	20.7147	20.6724	20.5768	20.4406	20.3864	0.571077
setup	0	2006-12-06 23:00:00	12.0904	421.032	211.15	14.6429	369.338	0	101.987	0	0	0	0	20.8	16.48	26.56	20.7998	20.7983	20.7979	-99.99	20.7978	20.7732	20.7522	20.718	20.6943	20.6339	20.5271	20.4175	0.565359
setup	0	2006-12-07 23:00:00	12.0909	420.867	233.25	16.0722	360.459	0	101.024	0	0	0	0	20.61	16.59	26.47	20.6104	20.6143	20.6156	-99.99	20.6156	20.6259	20.6318	20.6345	20.6325	20.6154	20.5574	20.4493	0.563199
setup	0	2006-12-08 23:00:00	12.0913	420.716	255.35	17.4904	348.267	0	99.35	0	0	0	0	20.28	16.08	26.61	20.2819	20.2985	20.3038	-99.99	20.304	20.3605	20.397	20.4404	20.4633	20.5013	20.5235	20.4701	0.625663
setup	0	2006-12-09 23:00:00	12.0917	420.578	263.22	17.9307	344.595	0	98.7435	0	0	0	0	20.16	15.14	26.78	20.1613	20.1732	20.177	-99.99	20.1772	20.2191	20.2488	20.2886	20.313	20.3671	20.4433	20.4722	0.641746
setup	0	2006-12-10 23:00:00	12.0921	420.454	229.55	15.5589	354.61	0	96.9683	0	0	0	0	19.81	16	25.43	19.8114	19.8237	19.8278	-99.99	19.8279	19.9302	20.0083	20.1127	20.1722	20.2816	20.39	20.459	0.545455
setup	0	2006-12-11 23:00:00	12.0925	420.345	263.22	17.761	348.421	0	101.241	0	0	0	0	20.65	15.23	27.46	20.6472	20.6243	20.6169	-99.99	20.6167	20.5006	20.4247	20.3372	20.2963	20.2526	20.2998	20.4367	0.673274
setup	0	2006-12-12 23:00:00	12.0928	420.25	220.76	14.8369	365.989	0	101.702	0	0	0	0	20.74	16.85	26.35	20.7376	20.7177	20.7113	-99.99	20.7111	20.6634	20.637	20.6017	20.5785	20.5194	20.4262	20.4207	0.531678
setup	0	2006-12-13 23:00:00	12.0931	420.169	144.97	9.70967	387.179	0	99.2119	0	0	0	0	20.25	16.96	25.25	20.2514	20.2634	20.2673	-99.99	20.2674	20.3279	20.3738	20.4282	20.455	20.4892	20.4798	20.4365	0.458381
setup	0	2006-12-14 23:00:00	12.0934	420.104	206.64	13.7971	364.912	0	97.1305	0	0	0	0	19.84	16.82	24.15	19.8419	19.8588	19.8641	-99.99	19.8643	19.962	20.0372	20.1375	20.1954	20.3044	20.4111	20.4464	0.416695
setup	0	2006-12-15 23:00:00	12.0936	420.053	252.8	16.8287	351.166	0	101.047	0	0	0	0	20.61	16.56	26.85	20.6077	20.5886	20.5826	-99.99	20.5825	20.4764	20.4068	20.3273	20.2909	20.2554	20.3072	20.4308	0.635572
setup	0	2006-12-16 23:00:00	12.0938	420.018	285.32	18.9391	338.795	0	97.642	0	0	0	0	19.94	16.93	25.27	19.9422	19.9612	19.9671	-99.99	19.9673	20.0678	20.1388	20.2244	20.2681	20.3336	20.3688	20.414	0.478201
setup	0	2006-12-17 23:00:00	12.094	419.998	251.18	16.6274	352.36	0	101.152	0	0	0	0	20.63	16.53	26.92	20.6276	20.6083	20.6023	-99.99	20.6022	20.5063	20.4432	20.37	20.3348	20.2925	20.313	20.4075	0.623362
setup	0	2006-12-18 23:00:00	12.0941	419.993	229.55	15.156	356.934	0	98.5084	0	0	0	0	20.11	16.93	25.52	20.1115	20.125	20.1291	-99.99	20.1292	20.202	20.2521	20.3113	20.3402	20.3782	20.3826	20.4012	0.529548
setup	0	2006-12-19 23:00:00	12.0942	420.004	242.04	15.9413	352.332	0	98.0519	0	0	0	0	20.02	17.22	25.08	20.0206	20.0259	20.0275	-99.99	20.0275	20.0752	20.1132	20.166	20.1976	20.2612	20.3375	20.4033	0.504988
setup	0	2006-12-20 23:00:00	12.0943	420.03	231.17	15.19	355.767	0	98.3574	0	0	0	0	20.08	16.66	25.63	20.0805	20.0858	20.0873	-99.99	20.0874	20.1027	20.1144	20.1332	20.1472	20.1874	20.2727	20.3913	0.5454
setup	0	2006-12-21 23:00:00	12.0943	420.072	237.42	15.5667	355.751	0	100.392	0	0	0	0	20.48	16.75	26.48	20.4781	20.4627	20.4582	-99.99	20.458	20.3946	20.3555	20.3094	20.2867	20.2569	20.2689	20.3732	0.603642
setup	0	2006-12-22 23:00:00	12.0943	420.129	189.05	12.37	371.366	0	99.6796	0	0	0	0	20.34	15.8	25.89	20.3403	20.3434	20.3443	-99.99	20.3443	20.3407	20.3369	20.3203	20.3155	20.317	20.321	20.3675	0.592579
setup	0	2006-12-23 23:00:00	12.0943	420.201	144.51	9.43782	383.195	0	95.716	0	0	0	0	19.56	16.99	22.94	19.5624	19.5828	19.5888	-99.99	19.589	19.753	19.8778	20.0372	20.1231	20.2526	20.3386	20.3721	0.359174
setup	0	2006-12-24 23:00:00	12.0943	420.289	177.48	11.5709	372.978	0	96.2742	0	0	0	0	19.67	16.65	23.73	19.6712	19.682	19.6852	-99.99	19.6853	19.7421	19.7861	19.8533	19.8989	20.0106	20.188	20.3633	0.402823
setup	0	2006-12-25 23:00:00	12.0942	420.392	89.09	5.7991	402.041	0	96.6799	0	0	0	0	19.75	17.11	23.71	19.7501	19.7514	19.7518	-99.99	19.7518	19.7874	19.8194	19.8698	19.9037	19.9856	20.1239	20.3296	0.353593
setup	0	2006-12-26 23:00:00	12.0941	420.511	174.94	11.3711	373.391	0	95.9172	0	0	0	0	19.6	16.92	23.55	19.6012	19.6118	19.6149	-99.99	19.615	19.6778	19.727	19.7956	19.838	19.9314	20.0771	20.2983	0.389852
setup	0	2006-12-27 23:00:00	12.0939	420.644	240.31	15.6003	352.327	0	95.7129	0	0	0	0	19.56	16.22	24.16	19.5615	19.5748	19.5786	-99.99	19.5787	19.6308	19.6675	19.7215	19.7577	19.8491	20.015	20.2675	0.405686
setup	0	2006-12-28 23:00:00	12.0937	420.793	102.51	6.64726	391.665	0	91.146	0	0	0	0	18.66	16.64	21.5	18.6646	18.7035	18.7148	-99.99	18.7151	18.9497	19.1211	19.346	19.4736	19.7105	19.965	20.235	0.256884
setup	0	2006-12-29 23:00:00	12.0935	420.956	161.63	10.4709	377.078	0	95.7099	0	0	0	0	19.56	15.9	24.59	19.5584	19.5453	19.5416	-99.99	19.5415	19.4834	19.4518	19.4339	19.4416	19.5237	19.7913	20.1935	0.445618
setup	0	2006-12-30 23:00:00	12.0933	421.133	120.33	7.78921	389.34	0	94.3883	0	0	0	0	19.3	16.59	23.32	19.3007	19.3073	19.3092	-99.99	19.3092	19.3824	19.4415	19.5223	19.5699	19.6666	19.815	20.1411	0.366018
setup	0	2006-12-31 23:00:00	12.093	421.325	176.21	11.3993	367.088	0	91.394	0	0	0	0	18.71	16.39	22.93	18.7143	18.7503	18.7606	-99.99	18.761	18.9331	19.056	19.2189	19.3146	19.5092	19.7675	20.109	0.35881
setup	0	2007-01-01 23:00:00	12.0927	421.532	278.61	18.0152	325.349	0	92	0	0	0	0	18.83	14.56	25.36	18.8328	18.8572	18.8641	-99.99	18.8644	18.9349	18.9845	19.0616	19.1181	19.2793	19.6097	20.0706	0.637637
setup	0	2007-01-02 23:00:00	12.0924	421.752	232.44	15.0252	348.128	0	91.592	0	0	0	0	18.75	13.36	24.81	18.7516	18.7653	18.7692	-99.99	18.7693	18.8517	18.9199	19.0203	19.086	19.2453	19.534	20.0152	0.480193
setup	0	2007-01-03 23:00:00	12.092	421.985	206.99	13.3782	360.434	0	92.8567	0	0	0	0	19	15.54	23.13	18.9979	18.9809	18.976	-99.99	18.9759	19.0127	19.0627	19.1445	19.1984	19.32	19.5257	19.9636	0.338026
setup	0	2007-01-04 23:00:00	12.0916	422.232	86.2	5.57142	396.87	0	91.0795	0	0	0	0	18.65	15.85	22.3	18.6522	18.671	18.6763	-99.99	18.6765	18.7972	18.8924	19.0224	19.1006	19.264	19.5058	19.9264	0.297317
setup	0	2007-01-05 23:00:00	12.0912	422.491	260.33	16.8292	333.269	0	89.658	0	0	0	0	18.37	13.9	24.14	18.3746	18.4133	18.4244	-99.99	18.4247	18.5516	18.6396	18.7622	18.8416	19.0363	19.3832	19.8901	0.503322
setup	0	2007-01-06 23:00:00	12.0908	422.763	316.56	20.4698	306.77	0	87.7311	0	0	0	0	17.99	13.07	24.85	17.9945	18.0325	18.0433	-99.99	18.0436	18.2139	18.3373	18.5086	18.6157	18.8596	19.2566	19.8375	0.584127
setup	0	2007-01-07 23:00:00	12.0903	423.048	290.29	18.7765	317.198	0	91.1201	0	0	0	0	18.66	13.66	26	18.6584	18.6463	18.6428	-99.99	18.6427	18.6377	18.6487	18.6857	18.7219	18.8465	19.1573	19.7743	0.718581
setup	0	2007-01-08 23:00:00	12.0898	423.344	296.19	19.164	320.146	0	92.6874	0	0	0	0	18.97	13.33	26.32	18.9692	18.9632	18.9615	-99.99	18.9615	18.9465	18.9411	18.9442	18.9537	19.0045	19.1861	19.7183	0.691335
setup	0	2007-01-09 23:00:00	12.0893	423.651	299.89	19.4097	316.799	0	92.075	0	0	0	0	18.85	13.14	26.44	18.8511	18.861	18.8638	-99.99	18.8639	18.9085	18.9411	18.9868	19.016	19.0884	19.2447	19.687	0.715949
setup	0	2007-01-10 23:00:00	12.0887	423.97	315.28	20.4126	313.859	0	91.4626	0	0	0	0	18.73	12.82	25.97	18.7312	18.7424	18.7456	-99.99	18.7456	18.8114	18.8615	18.9324	18.9769	19.0789	19.26	19.671	0.640702
setup	0	2007-01-11 23:00:00	12.0881	424.298	244.13	15.8116	345.188	0	94.2464	0	0	0	0	19.28	14.79	25.91	19.2769	19.2515	19.2443	-99.99	19.244	19.2007	19.1832	19.1737	19.1748	19.1965	19.2935	19.6575	0.582413
setup	0	2007-01-12 23:00:00	12.0875	424.637	254.08	16.4621	341.694	0	94.5459	0	0	0	0	19.34	13.64	26.21	19.3401	19.3421	19.3427	-99.99	19.3427	19.3277	19.3145	19.2981	19.291	19.2913	19.3545	19.6542	0.634238
setup	0	2007-01-13 23:00:00	12.0868	424.985	247.02	16.0108	349.847	0	95.0988	0	0	0	0	19.45	16.14	24.13	19.4474	19.4261	19.42	-99.99	19.4198	19.4168	19.4276	19.4476	19.4587	19.4702	19.4707	19.6627	0.415799
setup	0	2007-01-14 23:00:00	12.0862	425.343	226.19	14.6664	357.915	0	96.2606	0	0	0	0	19.68	15.97	24.73	19.679	19.6708	19.6685	-99.99	19.6685	19.6256	19.5959	19.5592	19.5402	19.5125	19.5181	19.6846	0.454212
setup	0	2007-01-15 23:00:00	12.0855	425.708	249.91	16.2111	353.993	0	99.0985	0	0	0	0	20.24	15.99	25.82	20.2369	20.2114	20.2042	-99.99	20.204	20.0786	19.9897	19.8754	19.8117	19.6974	19.6077	19.7069	0.517828
setup	0	2007-01-16 23:00:00	12.0847	426.082	232.79	15.1069	361.645	0	101.024	0	0	0	0	20.62	16.2	26.66	20.6169	20.5921	20.5851	-99.99	20.5849	20.4491	20.3486	20.2122	20.1309	19.9658	19.773	19.7422	0.570369
setup	0	2007-01-17 23:00:00	12.084	426.463	244.13	15.8496	359.53	0	102.187	0	0	0	0	20.85	16.73	26.86	20.8471	20.8234	20.8166	-99.99	20.8164	20.6929	20.6005	20.4711	20.3907	20.2133	19.9614	19.7985	0.584659
setup	0	2007-01-18 23:00:00	12.0832	426.85	228.28	14.828	362.923	0	101.875	0	0	0	0	20.79	15.63	27.34	20.7894	20.7851	20.7839	-99.99	20.7839	20.7043	20.6366	20.535	20.4695	20.3212	20.096	19.869	0.658014
setup	0	2007-01-19 23:00:00	12.0824	427.244	230.71	14.9935	362.866	0	101.36	0	0	0	0	20.69	16.2	26.85	20.6888	20.6798	20.6772	-99.99	20.6771	20.632	20.5971	20.5425	20.504	20.4016	20.2022	19.9381	0.588348
setup	0	2007-01-20 23:00:00	12.0816	427.644	232.44	15.1139	355.888	0	97.8987	0	0	0	0	20.01	15.89	26.07	20.0128	20.0364	20.0432	-99.99	20.0434	20.1252	20.1769	20.2333	20.2583	20.2796	20.2176	20.0001	0.594571
setup	0	2007-01-21 23:00:00	12.0807	428.049	283.23	18.4264	332.414	0	96.5724	0	0	0	0	19.75	14.57	26.9	19.7526	19.7754	19.7819	-99.99	19.7821	19.8448	19.8844	19.9343	19.9634	20.0247	20.0949	20.0358	0.730786
setup	0	2007-01-22 23:00:00	12.0798	428.457	296.54	19.3029	324.016	0	94.841	0	0	0	0	19.41	13.11	27.23	19.4131	19.4399	19.4475	-99.99	19.4478	19.5377	19.5985	19.6779	19.7253	19.8274	19.9679	20.0366	0.774102
setup	0	2007-01-23 23:00:00	12.0789	428.87	304.87	19.8564	326.278	0	97.7252	0	0	0	0	19.98	13.7	27.71	19.9776	19.9584	19.9529	-99.99	19.9527	19.9018	19.8738	19.8475	19.8385	19.8408	19.8991	20.0172	0.787316
setup	0	2007-01-24 23:00:00	12.078	429.286	311.12	20.2751	331.353	0	102.543	0	0	0	0	20.93	14.44	28.87	20.9246	20.8807	20.8683	-99.99	20.8679	20.6846	20.5568	20.3942	20.3035	20.1373	19.9891	20.0043	0.8621
setup	0	2007-01-25 23:00:00	12.0771	429.704	276.99	18.0615	347.688	0	104.315	0	0	0	0	21.28	15.13	28.75	21.276	21.2432	21.2339	-99.99	21.2336	21.0759	20.9636	20.8101	20.7159	20.5095	20.2206	20.0275	0.830263
setup	0	2007-01-26 23:00:00	12.0761	430.124	246.56	16.0869	360.2	0	104.408	0	0	0	0	21.3	16.45	27.98	21.2972	21.2746	21.2681	-99.99	21.2679	21.1697	21.0975	20.9915	20.9208	20.7444	20.4336	20.0885	0.730235
setup	0	2007-01-27 23:00:00	12.0751	430.545	261.13	17.0479	348.798	0	101.807	0	0	0	0	20.79	15.24	28.34	20.792	20.8092	20.8141	-99.99	20.8143	20.8202	20.8115	20.7836	20.7583	20.6794	20.4996	20.161	0.81494
setup	0	2007-01-28 23:00:00	12.0741	430.967	304.87	19.9157	329.829	0	102.154	0	0	0	0	20.86	13.91	29.14	20.8599	20.8602	20.8602	-99.99	20.8602	20.8126	20.7726	20.7135	20.6765	20.5964	20.4717	20.2115	0.961958
setup	0	2007-01-29 23:00:00	12.0731	431.388	276.99	18.1067	346.429	0	103.975	0	0	0	0	21.22	14.66	28.88	21.2168	21.1907	21.1833	-99.99	21.183	21.0793	21.0087	20.914	20.8563	20.7281	20.5283	20.2437	0.877064
setup	0	2007-01-30 23:00:00	12.072	431.808	172.05	11.2546	385.572	0	104.83	0	0	0	0	21.39	17.17	27.64	21.3862	21.3546	21.3457	-99.99	21.3454	21.2538	21.1956	21.116	21.0635	20.9274	20.6636	20.285	0.707272
setup	0	2007-01-31 23:00:00	12.071	432.227	219.14	14.3451	371.006	0	104.821	0	0	0	0	21.39	17.42	27.57	21.3885	21.3763	21.3729	-99.99	21.3728	21.3002	21.2451	21.1636	21.1098	20.9778	20.738	20.3395	0.689396
setup	0	2007-02-01 23:00:00	12.0699	432.643	242.85	15.9087	362.063	0	104.557	0	0	0	0	21.34	17.38	27.3	21.3387	21.3287	21.3258	-99.99	21.3257	21.2626	21.2185	21.1534	21.1097	20.9996	20.7869	20.3902	0.724897
setup	0	2007-02-02 23:00:00	12.0688	433.056	254.89	16.7099	359.168	0	105.31	0	0	0	0	21.49	16.78	27.93	21.4884	21.4754	21.4717	-99.99	21.4715	21.3751	21.3062	21.2104	21.1512	21.0198	20.8095	20.433	0.760937
setup	0	2007-02-03 23:00:00	12.0676	433.466	242.39	15.9025	365.595	0	106.623	0	0	0	0	21.75	16.61	28.6	21.7476	21.7278	21.7222	-99.99	21.722	21.5999	21.5104	21.3855	21.3083	21.1381	20.8761	20.4709	0.784532
setup	0	2007-02-04 23:00:00	12.0665	433.871	256.16	16.8191	363.009	0	107.223	0	0	0	0	21.87	16.9	28.81	21.8678	21.8497	21.8446	-99.99	21.8444	21.7368	21.6553	21.5374	21.4614	21.283	20.9825	20.5158	0.770219
setup	0	2007-02-05 23:00:00	12.0653	434.271	248.29	16.3155	364.593	0	106.704	0	0	0	0	21.77	17.1	28.6	21.7688	21.759	21.7562	-99.99	21.7561	21.6873	21.6336	21.5509	21.4941	21.3486	21.0688	20.569	0.76456
setup	0	2007-02-06 23:00:00	12.0641	434.665	266.57	17.5313	352.329	0	102.679	0	0	0	0	20.98	15.85	26.89	20.9829	21.0076	21.0146	-99.99	21.0148	21.0915	21.1378	21.1832	21.1992	21.1931	21.0627	20.6189	0.728245
setup	0	2007-02-07 23:00:00	12.063	435.053	238.23	15.6808	360.342	0	103.278	0	0	0	0	21.1	16.02	27.73	21.0997	21.0974	21.0968	-99.99	21.0968	21.0789	21.0659	21.0481	21.037	21.0102	20.9431	20.6421	0.821068
setup	0	2007-02-08 23:00:00	12.0617	435.433	307.41	20.2523	331.235	0	104.233	0	0	0	0	21.29	14.58	30.05	21.2902	21.2923	21.2929	-99.99	21.2929	21.2287	21.174	21.0965	21.0509	20.9647	20.869	20.6401	1.07601
setup	0	2007-02-09 23:00:00	12.0605	435.806	315.75	20.8206	328.831	0	106.865	0	0	0	0	21.81	14.87	30.84	21.8065	21.7779	21.7699	-99.99	21.7696	21.6304	21.5308	21.3972	21.3178	21.153	20.9323	20.6378	1.21035
setup	0	2007-02-10 23:00:00	12.0593	436.17	271.55	17.9229	352.118	0	110.975	0	0	0	0	22.62	15.32	31.05	22.614	22.5644	22.5504	-99.99	22.5499	22.3199	22.1544	21.931	21.7967	21.5112	21.1143	20.6617	1.26474
setup	0	2007-02-11 23:00:00	12.058	436.525	258.24	17.061	363.574	0	109.742	0	0	0	0	22.38	17.34	28.76	22.3769	22.3518	22.3447	-99.99	22.3445	22.2558	22.1906	22.0886	22.0149	21.8086	21.3792	20.7252	0.918168
setup	0	2007-02-12 23:00:00	12.0567	436.869	283.7	18.762	351.735	0	108.001	0	0	0	0	22.04	17.68	27.77	22.0396	22.037	22.0363	-99.99	22.0362	22.0054	21.9768	21.9242	21.8824	21.7543	21.4492	20.8075	0.915465
setup	0	2007-02-13 23:00:00	12.0555	437.204	267.85	17.7323	349.737	0	106.566	0	0	0	0	21.76	16.17	29.74	21.7619	21.7787	21.7834	-99.99	21.7836	21.7635	21.735	21.6831	21.6462	21.5536	21.37	20.8635	1.10429
setup	0	2007-02-14 23:00:00	12.0542	437.527	276.52	18.3263	345.272	0	107.52	0	0	0	0	21.95	15.54	30.04	21.9486	21.9375	21.9344	-99.99	21.9343	21.8633	21.8034	21.717	21.663	21.5412	21.3366	20.8871	1.21624
setup	0	2007-02-15 23:00:00	12.0528	437.838	286.13	18.9847	342.59	0	103.75	0	0	0	0	21.21	16.56	29.32	21.2122	21.2311	21.2364	-99.99	21.2366	21.313	21.3623	21.4162	21.4387	21.4472	21.3345	20.9063	0.960465
setup	0	2007-02-16 23:00:00	12.0515	438.136	267.85	17.7928	346.666	0	100.138	0	0	0	0	20.5	15.77	27.09	20.5034	20.5322	20.5401	-99.99	20.5404	20.6813	20.7806	20.9078	20.978	21.1	21.1686	20.9117	0.808806
setup	0	2007-02-17 23:00:00	12.0502	438.422	290.29	19.3072	339.268	0	102.053	0	0	0	0	20.88	15.71	28.87	20.8797	20.8775	20.8769	-99.99	20.8769	20.8637	20.8568	20.8542	20.8578	20.8831	20.9513	20.8779	0.933144
setup	0	2007-02-18 23:00:00	12.0488	438.693	303.25	20.1951	326.291	0	98.2917	0	0	0	0	20.14	14.05	28.64	20.1447	20.1838	20.1946	-99.99	20.1949	20.326	20.4123	20.5206	20.5815	20.7002	20.8337	20.828	0.982118
setup	0	2007-02-19 23:00:00	12.0475	438.951	316.09	21.0784	316.601	0	95.9018	0	0	0	0	19.67	13.43	26.47	19.673	19.6983	19.7052	-99.99	19.7055	19.859	19.9732	20.13	20.2239	20.4169	20.6529	20.7712	0.969007
setup	0	2007-02-20 23:00:00	12.0461	439.193	303.6	20.274	318.601	0	97.6619	0	0	0	0	20.02	13.21	28.34	20.0205	20.0253	20.0266	-99.99	20.0266	20.0509	20.0724	20.1113	20.1423	20.2368	20.4457	20.6953	1.15698
setup	0	2007-02-21 23:00:00	12.0447	439.42	286.59	19.1662	326.93	0	99.1695	0	0	0	0	20.32	12.71	28.91	20.3194	20.3154	20.3143	-99.99	20.3143	20.2989	20.2907	20.2857	20.2874	20.3107	20.4073	20.6186	1.21792
setup	0	2007-02-22 23:00:00	12.0433	439.631	331.13	22.179	313.541	0	103.262	0	0	0	0	21.13	13.4	30.44	21.126	21.0937	21.0851	-99.99	21.0848	20.9504	20.8587	20.7426	20.6786	20.5658	20.4866	20.5707	1.33663
setup	0	2007-02-23 23:00:00	12.0419	439.825	331.6	22.2462	322.946	0	113.103	0	0	0	0	23.07	13.7	32.98	23.0592	22.9708	22.9474	-99.99	22.9467	22.542	22.2569	21.8813	21.6639	21.2399	20.7792	20.5681	1.6778
setup	0	2007-02-24 23:00:00	12.0405	440.002	284.51	19.1193	353.746	0	118.435	0	0	0	0	24.12	16.68	32.78	24.109	24.0189	23.9953	-99.99	23.9946	23.6059	23.328	22.9443	22.7068	22.1786	21.3939	20.6525	1.6379
setup	0	2007-02-25 23:00:00	12.0391	440.162	232.79	15.6713	369.136	0	108.96	0	0	0	0	22.26	16.9	29.28	22.2639	22.2962	22.3046	-99.99	22.3048	22.3761	22.4099	22.4184	22.3971	22.2546	21.7711	20.8216	1.08538
setup	0	2007-02-26 23:00:00	12.0377	440.303	267.04	18.0103	363.652	0	111.64	0	0	0	0	22.79	17.22	29.84	22.7862	22.7551	22.7471	-99.99	22.7468	22.6021	22.4971	22.3518	22.2618	22.0573	21.7007	20.9534	1.05729
setup	0	2007-02-27 23:00:00	12.0362	440.427	325.35	21.9855	343.236	0	112.338	0	0	0	0	22.93	17.63	29.62	22.9268	22.9009	22.8943	-99.99	22.8941	22.7578	22.658	22.5132	22.4192	22.1928	21.7846	21.0318	1.1334
setup	0	2007-02-28 23:00:00	12.0348	440.531	200.39	13.5688	384.147	0	111.765	0	0	0	0	22.82	17.54	29.88	22.8185	22.8064	22.8033	-99.99	22.8033	22.7012	22.6236	22.506	22.4271	22.2296	21.8538	21.108	1.14017
setup	0	2007-03-01 23:00:00	12.0333	440.615	247.02	16.7617	363.439	0	106.928	0	0	0	0	21.87	17.15	28.32	21.8731	21.8988	21.9051	-99.99	21.9053	21.9795	22.0224	22.0608	22.0704	22.0416	21.8384	21.1743	0.989251
setup	0	2007-03-02 23:00:00	12.0319	440.68	262.41	17.8455	354.464	0	102.101	0	0	0	0	20.92	16.67	26.9	20.9246	20.9628	20.972	-99.99	20.9722	21.1352	21.2447	21.3799	21.4526	21.5734	21.6121	21.2021	0.809272
setup	0	2007-03-03 23:00:00	12.0304	440.725	240.77	16.4117	360.083	0	102.645	0	0	0	0	21.03	16.03	27.26	21.0308	21.038	21.0397	-99.99	21.0397	21.0753	21.1034	21.146	21.1744	21.2412	21.3274	21.1697	0.916049
setup	0	2007-03-04 23:00:00	12.0289	440.75	267.85	18.3017	352.048	0	108.208	0	0	0	0	22.13	14.79	30.93	22.1263	22.0963	22.0893	-99.99	22.0891	21.9044	21.7716	21.5998	21.5052	21.3419	21.2244	21.111	1.29129
setup	0	2007-03-05 23:00:00	12.0275	440.753	303.6	20.7965	338.476	0	108.094	0	0	0	0	22.11	15.05	30.98	22.1084	22.0958	22.093	-99.99	22.0929	22.0114	21.9484	21.8548	21.7935	21.6476	21.4088	21.0907	1.30129
setup	0	2007-03-06 23:00:00	12.026	440.736	341.08	23.425	322.901	0	110.313	0	0	0	0	22.55	14.22	31.59	22.5469	22.5218	22.5162	-99.99	22.5161	22.3691	22.2597	22.107	22.0132	21.8105	21.5189	21.1147	1.48495
setup	0	2007-03-07 23:00:00	12.0245	440.697	339	23.3454	314.34	0	107.864	0	0	0	0	22.07	14.45	31.41	22.0707	22.0769	22.0782	-99.99	22.0782	22.0642	22.0459	22.0067	21.9738	21.872	21.6345	21.1552	1.55951
setup	0	2007-03-08 23:00:00	12.023	440.636	319.91	22.0928	332.193	0	108.865	0	0	0	0	22.27	14.65	31.71	22.268	22.2521	22.2488	-99.99	22.2487	22.1687	22.1104	22.0276	21.9749	21.852	21.6351	21.1914	1.38441
setup	0	2007-03-09 23:00:00	12.0215	440.554	264.49	18.319	361.578	0	109.399	0	0	0	0	23.01	15.89	31.82	23.0038	22.9542	22.9441	-99.99	22.9438	22.752	22.6206	22.4433	22.3358	22.102	21.7482	21.2215	1.33037
setup	0	2007-03-10 23:00:00	12.02	440.449	256.16	17.7956	364.267	0	108.124	0	0	0	0	22.47	16.6	30.41	22.4697	22.4675	22.4671	-99.99	22.4671	22.4395	22.4163	22.3707	22.3324	22.2089	21.9035	21.2777	1.12899
setup	0	2007-03-11 23:00:00	12.0185	440.323	266.11	18.5444	361.321	0	107.455	0	0	0	0	22	17.17	29.14	22.0007	22.0065	22.0076	-99.99	22.0076	22.0327	22.0496	22.0639	22.0647	22.0331	21.8676	21.3311	0.940409
setup	0	2007-03-12 23:00:00	12.017	440.173	295.73	20.6745	341.495	0	103.492	0	0	0	0	21.22	16.03	28.06	21.2243	21.2588	21.2652	-99.99	21.2653	21.3806	21.4567	21.5498	21.5991	21.6776	21.689	21.3462	1.02122
setup	0	2007-03-13 23:00:00	12.0154	440.002	323.27	22.6741	332.872	0	108.239	0	0	0	0	22.16	15.16	30.91	22.1568	22.1319	22.1275	-99.99	22.1273	21.9927	21.8973	21.7746	21.7073	21.5925	21.5033	21.3139	1.30557
setup	0	2007-03-14 23:00:00	12.0139	439.808	278.61	19.6073	357.023	0	92.5913	0	0	0	0	22.96	16.41	31.03	22.9533	22.9008	22.8919	-99.99	22.8917	22.6937	22.5557	22.3701	22.2586	22.0215	21.6904	21.2955	1.30247
setup	0	2007-03-15 23:00:00	12.0124	439.591	296.54	20.9408	357.419	0	88.5347	0	0	0	0	23.37	16.76	31.6	23.3652	23.3275	23.3214	-99.99	23.3212	23.1298	22.9877	22.7863	22.66	22.3765	21.938	21.341	1.24798
setup	0	2007-03-16 23:00:00	12.0109	439.351	276.99	19.6287	365.234	0	82.9352	0	0	0	0	23.35	17.84	30.63	23.3463	23.3178	23.3134	-99.99	23.3133	23.1851	23.0895	22.9476	22.8531	22.6169	22.1724	21.4236	1.17069
setup	0	2007-03-17 23:00:00	12.0094	439.089	256.16	18.2171	370.69	0	78.4915	0	0	0	0	23.42	17.44	30.98	23.4175	23.3982	23.3955	-99.99	23.3954	23.2639	23.1628	23.013	22.9152	22.6829	22.2717	21.5115	1.25456
setup	0	2007-03-18 23:00:00	12.0078	438.804	316.56	22.5935	349.529	0	72.5817	0	0	0	0	23.71	16.95	32.14	23.7064	23.6788	23.6751	-99.99	23.675	23.5005	23.3713	23.1853	23.0672	22.7996	22.3624	21.5859	1.40302
setup	0	2007-03-19 23:00:00	12.0063	438.496	270.74	19.3934	365.502	0	74.0841	0	0	0	0	22.96	17.24	30.42	22.9607	22.966	22.9667	-99.99	22.9667	22.9626	22.9545	22.9257	22.8957	22.7822	22.4566	21.6607	1.11385
setup	0	2007-03-20 23:00:00	12.0048	438.166	260.79	18.749	364.37	0	79.4889	0	0	0	0	21.52	17.78	27.06	21.5258	21.57	21.5752	-99.99	21.5754	21.7691	21.9105	22.0875	22.181	22.3198	22.3	21.7119	0.732864
setup	0	2007-03-21 23:00:00	12.0032	437.813	244.94	17.6742	368.338	0	100.541	0	0	0	0	22.16	17.36	29.85	22.1587	22.1489	22.1478	-99.99	22.1478	22.0883	22.0479	22.0005	21.9781	21.951	21.9458	21.6863	1.02766
setup	0	2007-03-22 23:00:00	12.0017	437.437	230.36	16.6831	372.172	0	106.214	0	0	0	0	22.12	16.47	29.72	22.1196	22.1169	22.1166	-99.99	22.1166	22.085	22.0687	22.0422	22.0242	21.9807	21.8969	21.6343	1.06317
setup	0	2007-03-23 23:00:00	12.0002	437.04	245.28	17.8288	365.377	0	96.334	0	0	0	0	21.9	16.74	29.66	21.9008	21.9066	21.9071	-99.99	21.9071	21.9212	21.9296	21.9367	21.9376	21.9261	21.8618	21.6063	1.05807
setup	0	2007-03-24 23:00:00	11.9986	436.62	261.6	19.0843	356.138	0	93.3774	0	0	0	0	21.73	16.27	29.75	21.7313	21.741	21.7418	-99.99	21.7418	21.7619	21.7742	21.7873	21.7931	21.7983	21.775	21.5807	1.14478
setup	0	2007-03-25 23:00:00	11.9971	436.179	171.24	12.5374	386.586	0	80.7333	0	0	0	0	21.27	16.02	29.08	21.2727	21.2926	21.294	-99.99	21.2941	21.3666	21.4216	21.4945	21.5355	21.6106	21.6671	21.5467	0.968419
setup	0	2007-03-26 23:00:00	11.9956	435.716	159.09	11.6892	392.322	0	71.4281	0	0	0	0	21.5	16.6	28.78	21.4985	21.4873	21.4866	-99.99	21.4866	21.4786	21.4812	21.4915	21.5003	21.5234	21.5553	21.4996	0.952945
setup	0	2007-03-27 23:00:00	11.9941	435.232	265.3	19.5608	354.167	0	80.7948	0	0	0	0	21.63	16.01	29.82	21.63	21.6296	21.6296	-99.99	21.6296	21.6026	21.5828	21.5564	21.5417	21.5174	21.5042	21.4548	1.14544
setup	0	2007-03-28 23:00:00	11.9925	434.726	261.94	19.3787	361.254	0	80.0732	0	0	0	0	21.73	15.99	29.75	21.7287	21.7193	21.7188	-99.99	21.7188	21.6825	21.6608	21.6328	21.6158	21.5792	21.525	21.4249	0.972632
setup	0	2007-03-29 23:00:00	11.991	434.2	222.84	16.5405	373.074	0	78.9031	0	0	0	0	21.65	16.01	29.43	21.6498	21.6481	21.648	-99.99	21.648	21.6411	21.6358	21.6264	21.6191	21.5966	21.5429	21.4114	0.967907
setup	0	2007-03-30 23:00:00	11.9895	433.653	198.66	14.7928	382.963	0	80.7787	0	0	0	0	21.84	16.88	29.59	21.8376	21.8198	21.8192	-99.99	21.8192	21.771	21.7432	21.7068	21.6849	21.6365	21.5565	21.4038	0.92561
setup	0	2007-03-31 23:00:00	11.988	433.086	218.67	16.3327	375.559	0	82.4657	0	0	0	0	21.89	16.22	29.98	21.8894	21.8851	21.885	-99.99	21.885	21.8421	21.8101	21.7638	21.7347	21.6706	21.5742	21.4021	1.01771
setup	0	2007-04-01 23:00:00	11.9864	432.5	249.91	18.7208	363.716	0	84.4537	0	0	0	0	21.9	16.52	29.76	21.8988	21.8895	21.8893	-99.99	21.8893	21.8645	21.8421	21.8072	21.7841	21.7265	21.6168	21.4068	1.08321
setup	0	2007-04-02 23:00:00	11.9849	431.894	242.04	18.1818	365.926	0	81.9881	0	0	0	0	21.89	16.03	29.93	21.8898	21.8883	21.8883	-99.99	21.8883	21.8599	21.8371	21.8029	21.7802	21.7252	21.6258	21.4162	1.10638
setup	0	2007-04-03 23:00:00	11.9834	431.269	254.08	19.1364	362.98	0	78.4502	0	0	0	0	22.06	16.14	29.74	22.0579	22.0429	22.0427	-99.99	22.0427	21.9881	21.9494	21.8956	21.8618	21.7844	21.6555	21.4246	1.12089
setup	0	2007-04-04 23:00:00	11.9819	430.626	268.66	20.2843	362.465	0	71.7892	0	0	0	0	22.7	16.55	30.68	22.6946	22.6549	22.6546	-99.99	22.6546	22.5029	22.3955	22.2509	22.1646	21.9851	21.7449	21.4412	1.19229
setup	0	2007-04-05 23:00:00	11.9804	429.965	269.93	20.4268	362.334	0	61.7956	0	0	0	0	22.85	16.58	31.64	22.8473	22.8271	22.8271	-99.99	22.8271	22.7081	22.6168	22.4845	22.4003	22.2091	21.9103	21.483	1.24906
setup	0	2007-04-06 23:00:00	11.9789	429.286	212.89	16.1443	380.743	0	55.2134	0	0	0	0	22.55	16.76	30.49	22.5493	22.5438	22.5438	-99.99	22.5438	22.5086	22.4795	22.4295	22.3917	22.2822	22.0349	21.544	1.13723
setup	0	2007-04-07 23:00:00	11.9774	428.591	257.43	19.5594	364.431	0	50.073	0	0	0	0	22.71	16.26	31.1	22.7082	22.6949	22.6949	-99.99	22.6949	22.6115	22.5478	22.4556	22.3969	22.263	22.038	21.5944	1.27311
setup	0	2007-04-08 23:00:00	11.9759	427.879	303.25	23.0807	349.65	0	47.3952	0	0	0	0	22.73	16.21	31.23	22.7283	22.7154	22.7154	-99.99	22.7154	22.6427	22.5879	22.5064	22.4528	22.3238	22.0896	21.6325	1.25747
setup	0	2007-04-09 23:00:00	11.9744	427.151	245.75	18.7353	369.121	0	46.1154	0	0	0	0	22.3	16.27	29.81	22.3006	22.3048	22.3048	-99.99	22.3048	22.3133	22.3194	22.3195	22.3127	22.2702	22.1125	21.6711	1.08047
setup	0	2007-04-10 23:00:00	11.9729	426.408	193.22	14.7556	386.486	0	46.5453	0	0	0	0	22.21	17.49	29.47	22.209	22.2019	22.2019	-99.99	22.2019	22.1945	22.1934	22.1905	22.1857	22.159	22.0527	21.6932	0.994122
setup	0	2007-04-11 23:00:00	11.9714	425.651	149.48	11.4352	399.212	0	51.0591	0	0	0	0	22.14	17.3	29.06	22.1399	22.1391	22.1391	-99.99	22.1391	22.1313	22.1251	22.1137	22.1046	22.0743	21.9874	21.6967	1.04525
setup	0	2007-04-12 23:00:00	11.9699	424.879	207.8	15.9252	380.873	0	54.7632	0	0	0	0	22.36	16.38	30.35	22.359	22.3515	22.3515	-99.99	22.3515	22.2829	22.2335	22.1651	22.1239	22.0406	21.9299	21.6897	1.13685
setup	0	2007-04-13 23:00:00	11.9685	424.094	238.23	18.2908	373.973	0	53.7879	0	0	0	0	22.45	16.58	29.86	22.4479	22.432	22.432	-99.99	22.432	22.3758	22.3344	22.2755	22.2378	22.1478	21.9875	21.689	1.03022
setup	0	2007-04-14 23:00:00	11.967	423.296	244.47	18.8052	371.426	0	60.3873	0	0	0	0	21.96	17.47	28.71	21.9611	21.9689	21.9689	-99.99	21.9689	22.0069	22.0362	22.0706	22.0854	22.0906	22.0084	21.7048	0.848603
setup	0	2007-04-15 23:00:00	11.9656	422.486	198.66	15.3109	384.891	0	68.6693	0	0	0	0	22.72	16.02	30.88	22.7164	22.6903	22.6903	-99.99	22.6903	22.5481	22.4438	22.3056	22.2267	22.0792	21.9277	21.7042	1.25503
setup	0	2007-04-16 23:00:00	11.9641	421.665	217.4	16.7884	379.464	0	67.6516	0	0	0	0	21.99	16.67	29.31	21.9917	22.0038	22.0038	-99.99	22.0038	22.0469	22.083	22.1221	22.1369	22.1353	22.0292	21.7125	0.884291
setup	0	2007-04-17 23:00:00	11.9627	420.833	194.14	15.0226	384.682	0	72.6652	0	0	0	0	21.52	16.83	27.98	21.5217	21.534	21.534	-99.99	21.534	21.5984	21.6577	21.7397	21.7861	21.8677	21.9077	21.7203	0.75129
setup	0	2007-04-18 23:00:00	11.9612	419.991	195.76	15.1795	384.478	0	87.522	0	0	0	0	21.46	17.33	28.01	21.4601	21.4602	21.4602	-99.99	21.4602	21.4736	21.4855	21.5322	21.5673	21.6467	21.7379	21.6902	0.701888
setup	0	2007-04-19 23:00:00	11.9598	419.139	215.32	16.7318	376.376	0	97.2303	0	0	0	0	20.91	17.45	26.82	20.914	20.9426	20.9426	-99.99	20.9426	21.0637	21.1517	21.257	21.3219	21.458	21.6066	21.6424	0.588526
setup	0	2007-04-20 23:00:00	11.9584	418.279	220.76	17.1919	377.106	0	99.1801	0	0	0	0	21.52	17	28.28	21.5169	21.494	21.494	-99.99	21.494	21.421	21.3838	21.3492	21.338	21.3477	21.4421	21.5806	0.738595
setup	0	2007-04-21 23:00:00	11.957	417.411	189.05	14.7554	386.722	0	105.746	0	0	0	0	21.77	16.58	28.92	21.7676	21.7498	21.7498	-99.99	21.7498	21.6746	21.6289	21.5746	21.5464	21.5014	21.4817	21.53	0.8441
setup	0	2007-04-22 23:00:00	11.9556	416.536	189.98	14.862	382.944	0	105.432	0	0	0	0	21.71	15.35	30.05	21.7111	21.7189	21.7189	-99.99	21.7189	21.6931	21.6689	21.6314	21.6082	21.5644	21.5265	21.5128	1.05386
setup	0	2007-04-23 23:00:00	11.9542	415.655	205.71	16.1302	381.592	0	104.664	0	0	0	0	21.56	17.23	28.42	21.5582	21.5445	21.5445	-99.99	21.5445	21.558	21.5828	21.6154	21.6306	21.6412	21.6009	21.5114	0.74438
setup	0	2007-04-24 23:00:00	11.9529	414.768	192.41	15.1235	384.369	0	103.872	0	0	0	0	21.43	17.08	28.08	21.4306	21.4348	21.4348	-99.99	21.4348	21.4553	21.4761	21.5032	21.518	21.5434	21.5589	21.5134	0.744392
setup	0	2007-04-25 23:00:00	11.9515	413.876	143.24	11.2864	395.842	0	101.066	0	0	0	0	20.85	16.89	27.15	20.8541	20.8837	20.8837	-99.99	20.8837	20.9976	21.0833	21.193	21.2542	21.3663	21.4753	21.4996	0.642164
setup	0	2007-04-26 23:00:00	11.9501	412.981	219.48	17.337	375.029	0	93.2495	0	0	0	0	21.45	16.6	28.33	21.4474	21.428	21.428	-99.99	21.428	21.3675	21.3318	21.2957	21.2821	21.2808	21.3472	21.463	0.818078
setup	0	2007-04-27 23:00:00	11.9488	412.081	219.95	17.4043	374.513	0	104.666	0	0	0	0	21.57	16.38	28.61	21.5691	21.5619	21.5619	-99.99	21.5619	21.5276	21.5031	21.4704	21.4514	21.4166	21.3931	21.4318	0.88726
setup	0	2007-04-28 23:00:00	11.9475	411.18	259.05	20.5474	361.29	0	104.907	0	0	0	0	21.62	15.78	29.32	21.62	21.6196	21.6196	-99.99	21.6196	21.5909	21.5672	21.5332	21.5126	21.4723	21.4337	21.426	0.956659
setup	0	2007-04-29 23:00:00	11.9462	410.277	286.13	22.7499	355.122	0	109.228	0	0	0	0	22.48	16.46	30.92	22.4736	22.4263	22.426	-99.99	22.4259	22.254	22.1324	21.9751	21.8856	21.7147	21.5347	21.4316	1.15548
setup	0	2007-04-30 23:00:00	11.9449	409.373	244.94	19.5216	362.384	0	106.747	0	0	0	0	21.99	16.2	30.66	21.9918	22.0041	22.0042	-99.99	22.0042	22.0057	21.9972	21.9719	21.9482	21.872	21.7066	21.4693	1.22778
setup	0	2007-05-01 23:00:00	11.9436	408.469	231.98	18.5326	370.025	0	104.973	0	0	0	0	21.64	15.82	29.41	21.6415	21.6521	21.6522	-99.99	21.6522	21.6908	21.7175	21.7471	21.7596	21.7654	21.71	21.5116	0.95725
setup	0	2007-05-02 23:00:00	11.9423	407.565	222.84	17.8351	372.521	0	101.875	0	0	0	0	21.7	16.3	29.39	21.6993	21.6936	21.6935	-99.99	21.6935	21.6884	21.6882	21.6882	21.6877	21.682	21.6529	21.5265	0.988786
setup	0	2007-05-03 23:00:00	11.941	406.663	206.18	16.4884	376.13	0	97.264	0	0	0	0	21.23	15.42	29.03	21.2334	21.2574	21.2578	-99.99	21.2578	21.3259	21.376	21.4376	21.4712	21.5314	21.5804	21.5253	0.89666
setup	0	2007-05-04 23:00:00	11.9398	405.763	214.97	17.1867	372.843	0	88.564	0	0	0	0	21.04	15.81	28.59	21.0403	21.0417	21.0417	-99.99	21.0417	21.0775	21.129	21.2038	21.2494	21.3451	21.461	21.5053	0.829304
setup	0	2007-05-05 23:00:00	11.9386	404.867	179.1	14.3147	382.195	0	86.823	0	0	0	0	20.64	15.99	27.64	20.6429	20.664	20.6643	-99.99	20.6643	20.7588	20.8287	20.9221	20.9915	21.1457	21.3342	21.4686	0.741422
setup	0	2007-05-06 23:00:00	11.9373	403.974	184.89	14.763	379.297	0	87.2005	0	0	0	0	20.61	16.03	27.72	20.6116	20.623	20.6232	-99.99	20.6232	20.6895	20.7434	20.8203	20.869	20.9837	21.176	21.4147	0.787514
setup	0	2007-05-07 23:00:00	11.9361	403.086	211.62	16.8784	370.458	0	90.6295	0	0	0	0	20.99	15.05	28.79	20.9895	20.985	20.9849	-99.99	20.9849	20.9602	20.9459	20.9351	20.9353	20.9638	21.0876	21.3542	0.974208
setup	0	2007-05-08 23:00:00	11.935	402.203	222.03	17.6861	372.473	0	98.6835	0	0	0	0	21.51	16.05	28.99	21.5058	21.4744	21.4734	-99.99	21.4734	21.3922	21.3417	21.2815	21.2496	21.1963	21.1745	21.3147	0.910322
setup	0	2007-05-09 23:00:00	11.9338	401.327	153.3	12.1936	394.965	0	96.1938	0	0	0	0	21.36	16.54	27.94	21.3595	21.355	21.3549	-99.99	21.3549	21.3559	21.3597	21.3616	21.3596	21.3438	21.3023	21.3171	0.749979
setup	0	2007-05-10 23:00:00	11.9326	400.457	204.09	16.2065	377.06	0	85.4254	0	0	0	0	21.26	15.95	28.43	21.2613	21.2701	21.2705	-99.99	21.2705	21.2803	21.285	21.289	21.2906	21.294	21.3039	21.331	0.856469
setup	0	2007-05-11 23:00:00	11.9315	399.596	116.63	9.2439	398.397	0	87.9557	0	0	0	0	20.01	16.54	24.61	20.0165	20.0642	20.0669	-99.99	20.067	20.3008	20.4779	20.7073	20.8351	21.0632	21.2585	21.3333	0.531452
setup	0	2007-05-12 23:00:00	11.9304	398.742	126.58	10.011	395.089	0	70.1101	0	0	0	0	20.08	13.76	27.2	20.0847	20.119	20.1214	-99.99	20.1214	20.1983	20.2559	20.3414	20.4016	20.5668	20.8954	21.2872	0.727092
setup	0	2007-05-13 23:00:00	11.9293	397.899	114.54	9.03657	399.218	0	73.5591	0	0	0	0	20.09	15.03	27.19	20.0902	20.0908	20.0908	-99.99	20.0908	20.1505	20.2158	20.315	20.3799	20.5325	20.7892	21.1997	0.646202
setup	0	2007-05-14 23:00:00	11.9282	397.065	172.05	13.5361	383.105	0	70.6656	0	0	0	0	20.55	15.75	27.56	20.548	20.532	20.5304	-99.99	20.5304	20.5115	20.5103	20.5222	20.5371	20.5942	20.752	21.1331	0.755103
setup	0	2007-05-15 23:00:00	11.9272	396.241	228.62	17.9304	367.036	0	78.8789	0	0	0	0	21.02	15.11	28.45	21.0181	21.0028	21.001	-99.99	21.0009	20.9331	20.8866	20.8309	20.8033	20.7702	20.8118	21.0941	0.8655
setup	0	2007-05-16 23:00:00	11.9261	395.429	210.34	16.4382	373.647	0	81.9097	0	0	0	0	20.72	16.55	26.63	20.7198	20.7176	20.7173	-99.99	20.7173	20.7602	20.8004	20.8531	20.8813	20.9258	20.9565	21.0915	0.664402
setup	0	2007-05-17 23:00:00	11.9251	394.63	169.96	13.2294	378.574	0	74.1467	0	0	0	0	19.13	16.49	22.77	19.1382	19.2021	19.2128	-99.99	19.2131	19.5143	19.7435	20.0432	20.2132	20.5326	20.8575	21.0988	0.34286
setup	0	2007-05-18 23:00:00	11.9241	393.843	146.59	11.3595	389.485	0	59.8694	0	0	0	0	20.25	15.1	27.54	20.2488	20.2389	20.237	-99.99	20.2369	20.1685	20.1284	20.0994	20.1019	20.181	20.4885	21.036	0.723537
setup	0	2007-05-19 23:00:00	11.9232	393.07	215.78	16.6383	370.036	0	71.8744	0	0	0	0	20.88	14.73	28.82	20.8774	20.8552	20.8502	-99.99	20.8501	20.7525	20.6873	20.6096	20.5713	20.5243	20.5784	20.9588	0.869079
setup	0	2007-05-20 23:00:00	11.9222	392.311	222.38	17.0534	364.005	0	76.725	0	0	0	0	20.62	14.62	28.69	20.6211	20.6296	20.6318	-99.99	20.6319	20.6547	20.6689	20.6841	20.6912	20.7031	20.7345	20.9484	0.932389
setup	0	2007-05-21 23:00:00	11.9213	391.566	261.6	19.9404	349.095	0	73.957	0	0	0	0	20.79	15.16	29.31	20.7895	20.7843	20.7827	-99.99	20.7826	20.7675	20.7591	20.7507	20.7476	20.7487	20.7831	20.9598	1.0337
setup	0	2007-05-22 23:00:00	11.9204	390.838	254.54	19.2749	358.399	0	74.9671	0	0	0	0	21.34	15.47	29.35	21.337	21.3106	21.3014	-99.99	21.3012	21.1928	21.1311	21.0559	21.0143	20.939	20.8802	20.9731	0.965704
setup	0	2007-05-23 23:00:00	11.9195	390.125	266.57	20.042	353.174	0	71.1418	0	0	0	0	21.19	15.18	28.79	21.1901	21.1902	21.1902	-99.99	21.1902	21.1774	21.1655	21.1444	21.1287	21.0865	21.0152	21.0064	0.954864
setup	0	2007-05-24 23:00:00	11.9186	389.429	249.91	18.6451	359.396	0	71.1748	0	0	0	0	21.09	15.03	28.58	21.0903	21.0924	21.0933	-99.99	21.0934	21.0974	21.099	21.0984	21.0962	21.0855	21.0586	21.045	0.898745
setup	0	2007-05-25 23:00:00	11.9178	388.751	201.55	14.9133	375.668	0	67.6886	0	0	0	0	21.41	15.69	29.12	21.4087	21.3957	21.3892	-99.99	21.389	21.3316	21.2929	21.2432	21.2147	21.1586	21.0956	21.0723	1.00266
setup	0	2007-05-26 23:00:00	11.917	388.09	165.8	12.2648	385.25	0	66.5915	0	0	0	0	20.73	15.74	27.91	20.7318	20.7477	20.7558	-99.99	20.7561	20.8423	20.9081	20.9877	21.0294	21.0963	21.1286	21.1013	0.808237
setup	0	2007-05-27 23:00:00	11.9162	387.448	216.59	16.0179	366.495	0	58.5657	0	0	0	0	20.43	15.75	27.02	20.4314	20.4441	20.4508	-99.99	20.451	20.5396	20.6078	20.7019	20.7583	20.8733	21.0112	21.1097	0.785151
setup	0	2007-05-28 23:00:00	11.9154	386.825	231.17	17.0921	359.67	0	55.1121	0	0	0	0	20.65	15.3	27.99	20.6503	20.6525	20.6537	-99.99	20.6537	20.6639	20.6737	20.6929	20.7091	20.7614	20.8854	21.0853	0.959834
setup	0	2007-05-29 23:00:00	11.9147	386.222	117.09	8.65538	398.066	0	57.3208	0	0	0	0	20.26	14.76	27.41	20.2618	20.2789	20.2882	-99.99	20.2885	20.3782	20.4429	20.5294	20.5807	20.6885	20.841	21.0559	0.802032
setup	0	2007-05-30 23:00:00	11.914	385.638	191.14	14.1263	376.542	0	49.0424	0	0	0	0	20.66	15.35	28.21	20.6593	20.6515	20.647	-99.99	20.6469	20.6317	20.6272	20.6303	20.6378	20.6731	20.7804	21.025	0.808361
setup	0	2007-05-31 23:00:00	11.9133	385.076	219.48	16.2176	362.859	0	51.9827	0	0	0	0	19.55	15.87	25.82	19.5533	19.5848	19.6031	-99.99	19.6037	19.8094	19.9637	20.1671	20.2838	20.5079	20.7528	21.0024	0.572063
setup	0	2007-06-01 23:00:00	11.9127	384.534	152.03	11.2316	385.16	0	45.9612	0	0	0	0	19.89	15.15	26.39	19.8904	19.8936	19.8955	-99.99	19.8955	19.9406	19.9829	20.0533	20.1046	20.2442	20.5226	20.9545	0.672315
setup	0	2007-06-02 23:00:00	11.912	384.014	169.5	12.5202	380.849	0	46.0741	0	0	0	0	20.37	15.27	27.07	20.3692	20.3601	20.3545	-99.99	20.3544	20.3292	20.3178	20.3135	20.3183	20.3559	20.4987	20.8903	0.820864
setup	0	2007-06-03 23:00:00	11.9114	383.515	157	11.5952	382.825	0	47.1062	0	0	0	0	19.87	13.64	26.98	19.8723	19.8953	19.9097	-99.99	19.9101	20.0037	20.069	20.1539	20.2046	20.3165	20.5026	20.8559	0.753803
setup	0	2007-06-04 23:00:00	11.9109	383.04	232.79	17.1904	356.799	0	41.1771	0	0	0	0	19.83	14.57	26.52	19.8305	19.8346	19.8373	-99.99	19.8374	19.9094	19.9692	20.0578	20.1145	20.244	20.4535	20.8241	0.750312
setup	0	2007-06-05 23:00:00	11.9103	382.586	223.3	16.4877	366.409	0	42.3677	0	0	0	0	20.94	15.95	28.23	20.937	20.9047	20.8832	-99.99	20.8826	20.7441	20.6589	20.5621	20.5148	20.4516	20.4798	20.7911	0.870064
setup	0	2007-06-06 23:00:00	11.9098	382.156	215.78	15.931	369.069	0	42.7077	0	0	0	0	21.35	15.78	29.01	21.3486	21.3323	21.3212	-99.99	21.3209	21.2074	21.1251	21.0145	20.9498	20.8228	20.7003	20.7976	1.03273
setup	0	2007-06-07 23:00:00	11.9093	381.75	217.86	16.0834	371.185	0	42.104	0	0	0	0	21.41	15.92	28.76	21.4092	21.3997	21.3931	-99.99	21.3929	21.3269	21.278	21.208	21.1633	21.0614	20.9128	20.8492	0.92264
setup	0	2007-06-08 23:00:00	11.9089	381.367	193.68	14.2975	370.51	0	39.025	0	0	0	0	19.46	16.46	23.43	19.4643	19.5103	19.5436	-99.99	19.5446	19.8552	20.0757	20.3568	20.5104	20.7735	20.9476	20.9126	0.508794
setup	0	2007-06-09 23:00:00	11.9085	381.009	214.51	15.8346	366.298	0	34.6634	0	0	0	0	20	16.24	25.1	20.0002	20.0015	20.0025	-99.99	20.0025	20.0383	20.0728	20.1346	20.182	20.3167	20.585	20.9016	0.614598
setup	0	2007-06-10 23:00:00	11.9081	380.674	201.2	14.8518	366.737	0	34.1356	0	0	0	0	20.36	15.04	27.43	20.3603	20.363	20.3651	-99.99	20.3651	20.3452	20.3303	20.3163	20.3147	20.3429	20.488	20.8392	0.986968
setup	0	2007-06-11 23:00:00	11.9077	380.365	231.98	17.1241	356.029	0	31.7179	0	0	0	0	20.23	13.52	27.43	20.2309	20.2405	20.2481	-99.99	20.2484	20.2808	20.3019	20.3304	20.3489	20.3986	20.5141	20.8023	0.941739
setup	0	2007-06-12 23:00:00	11.9074	380.08	239.04	17.6458	349.345	0	26.0986	0	0	0	0	19.75	14.34	26.65	19.7513	19.7659	19.7778	-99.99	19.7782	19.8954	19.9821	20.0999	20.1699	20.3133	20.5017	20.7841	0.922645
setup	0	2007-06-13 23:00:00	11.907	379.821	240.31	17.7406	342.045	0	27.1684	0	0	0	0	19.03	13.52	25.32	19.0325	19.0613	19.0857	-99.99	19.0864	19.2824	19.4252	19.6198	19.737	19.9858	20.3301	20.752	0.940568
setup	0	2007-06-14 23:00:00	11.9068	379.587	213.24	15.7435	357.062	0	25.5559	0	0	0	0	20.03	14.3	27.49	20.0288	20.0132	19.9996	-99.99	19.9991	19.9457	19.9188	19.9017	19.9045	19.9577	20.173	20.6829	1.10134
setup	0	2007-06-15 23:00:00	11.9065	379.378	262.87	19.4097	340.62	0	25.6661	0	0	0	0	20.43	13.5	28.41	20.4296	20.4226	20.4164	-99.99	20.4162	20.3579	20.3181	20.2692	20.2448	20.2175	20.2749	20.6349	1.15231
setup	0	2007-06-16 23:00:00	11.9063	379.196	172.05	12.7055	372.529	0	25.3666	0	0	0	0	19.27	14.74	24.87	19.2718	19.2943	19.3154	-99.99	19.3161	19.5171	19.666	19.8627	19.9744	20.1803	20.38	20.6359	0.752134
setup	0	2007-06-17 23:00:00	11.9061	379.038	210.34	15.5356	354.605	0	23.3188	0	0	0	0	19.16	13.46	26.81	19.1617	19.1825	19.2027	-99.99	19.2033	19.3161	19.3971	19.5131	19.589	19.7765	20.116	20.6122	0.951702
setup	0	2007-06-18 23:00:00	11.906	378.907	288.67	21.3251	318.288	0	22.3698	0	0	0	0	19.21	11.5	27.92	19.2112	19.2253	19.2395	-99.99	19.2399	19.3127	19.3655	19.4444	19.4989	19.6465	19.959	20.5403	1.17887
setup	0	2007-06-19 23:00:00	11.9059	378.802	286.59	21.1761	317.62	0	21.2157	0	0	0	0	18.93	11.19	28.24	18.9313	18.9477	18.9648	-99.99	18.9653	19.0854	19.1739	19.299	19.3782	19.5635	19.8856	20.4719	1.15607
setup	0	2007-06-20 23:00:00	11.9058	378.723	287.4	21.2414	315.531	0	18.1895	0	0	0	0	18.95	10.92	27.63	18.9506	18.9579	18.9657	-99.99	18.966	19.0573	19.13	19.2388	19.3106	19.485	19.8029	20.4097	1.20021
setup	0	2007-06-21 23:00:00	11.9057	378.67	219.14	16.2011	349.073	0	20.6772	0	0	0	0	19.14	12.21	27.29	19.14	19.1386	19.137	-99.99	19.1369	19.1929	19.2438	19.3251	19.3806	19.5192	19.7829	20.3542	1.05285
setup	0	2007-06-22 23:00:00	11.9057	378.643	161.98	11.9791	368.488	0	19.7942	0	0	0	0	18.33	12.89	24.94	18.3314	18.3527	18.3774	-99.99	18.3782	18.5897	18.7479	18.9657	19.0968	19.3696	19.7409	20.314	0.841231
setup	0	2007-06-23 23:00:00	11.9057	378.643	194.49	14.3884	355.585	0	18.5558	0	0	0	0	18.53	11.72	26.9	18.5309	18.5434	18.5584	-99.99	18.5589	18.6474	18.7166	18.8229	18.8971	19.0962	19.5065	20.2504	0.981966
setup	0	2007-06-24 23:00:00	11.9057	378.668	157	11.6195	369.837	0	17.6795	0	0	0	0	18.42	12.55	25.75	18.4205	18.4275	18.4363	-99.99	18.4366	18.5577	18.6544	18.7973	18.8893	19.1029	19.4667	20.1725	0.938158
setup	0	2007-06-25 23:00:00	11.9058	378.719	140.34	10.3911	371.031	0	17.9505	0	0	0	0	17.15	12.83	21.57	17.1519	17.1843	17.2262	-99.99	17.2275	17.5602	17.8079	18.1481	18.3524	18.7756	19.3364	20.1106	0.622874
setup	0	2007-06-26 23:00:00	11.9059	378.797	142.08	10.5252	380.299	0	17.1992	0	0	0	0	18.94	14.17	25.68	18.9389	18.9152	18.8836	-99.99	18.8826	18.7719	18.7134	18.6681	18.6637	18.7381	19.0965	20.0113	0.810216
setup	0	2007-06-27 23:00:00	11.906	378.9	210.81	15.6254	361.083	0	18.5741	0	0	0	0	20	13.49	27.72	19.9991	19.9792	19.9515	-99.99	19.9507	19.7805	19.6637	19.5175	19.4401	19.3232	19.3443	19.9451	0.968296
setup	0	2007-06-28 23:00:00	11.9062	379.029	145.32	10.7779	384.815	0	20.7011	0	0	0	0	19.77	14.03	27.63	19.7701	19.7696	19.7689	-99.99	19.7688	19.7531	19.743	19.7266	19.7148	19.6869	19.6718	19.9742	0.836409
setup	0	2007-06-29 23:00:00	11.9064	379.183	146.24	10.8538	384.068	0	19.8913	0	0	0	0	19.8	14.44	27.25	19.8	19.7972	19.7931	-99.99	19.7929	19.7849	19.7828	19.782	19.7824	19.7853	19.8088	20.033	0.88182
setup	0	2007-06-30 23:00:00	11.9066	379.363	248.29	18.4422	350.926	0	20.1796	0	0	0	0	20.7	14.2	29.59	20.6995	20.6829	20.6575	-99.99	20.6567	20.4963	20.3836	20.2384	20.1578	20.0155	19.9191	20.0804	1.08777
setup	0	2007-07-01 23:00:00	11.9068	379.568	282.77	21.0219	343.53	0	21.7061	0	0	0	0	21.23	14.7	30.21	21.2295	21.2118	21.1836	-99.99	21.1827	21.0197	20.9043	20.7476	20.6535	20.4572	20.2149	20.149	1.09148
setup	0	2007-07-02 23:00:00	11.9071	379.799	252.46	18.7873	352.437	0	23.7074	0	0	0	0	20.53	14.88	28.46	20.5303	20.5359	20.5452	-99.99	20.5455	20.5809	20.6	20.613	20.6115	20.5756	20.4381	20.2543	0.910561
setup	0	2007-07-03 23:00:00	11.9074	380.054	170.31	12.6883	372.616	0	21.8916	0	0	0	0	19.47	13.81	27.03	19.4707	19.4929	19.5303	-99.99	19.5315	19.7045	19.8243	19.9755	20.0592	20.2115	20.3407	20.3335	0.929399
setup	0	2007-07-04 23:00:00	11.9078	380.333	186.16	13.8871	357.862	0	17.1275	0	0	0	0	18.37	11.89	26.26	18.3709	18.4022	18.4569	-99.99	18.4586	18.7203	18.9066	19.1546	19.3016	19.6083	20.0064	20.3323	0.979588
setup	0	2007-07-05 23:00:00	11.9082	380.637	159.09	11.8854	370.961	0	19.2357	0	0	0	0	18.67	13.82	25.22	18.6701	18.6687	18.6662	-99.99	18.6661	18.775	18.8701	19.0187	19.1178	19.352	19.7316	20.2571	0.923457
setup	0	2007-07-06 23:00:00	11.9086	380.965	118.71	8.88392	386.518	0	18.4489	0	0	0	0	18.6	12.93	26.22	18.6003	18.6113	18.6314	-99.99	18.6321	18.7323	18.8092	18.9243	19.0009	19.1926	19.553	20.1706	0.88718
setup	0	2007-07-07 23:00:00	11.909	381.316	207.45	15.5564	356.638	0	18.1883	0	0	0	0	19.22	13.49	26.36	19.22	19.2123	19.1976	-99.99	19.1972	19.1819	19.1832	19.2019	19.2234	19.3035	19.5261	20.0941	0.942426
setup	0	2007-07-08 23:00:00	11.9095	381.691	168.23	12.6456	371.989	0	18.2043	0	0	0	0	19.21	13.79	26.44	19.2101	19.2121	19.216	-99.99	19.2162	19.2518	19.2806	19.3245	19.3543	19.4316	19.5985	20.0552	0.89909
setup	0	2007-07-09 23:00:00	11.91	382.089	159.09	11.9931	377.191	0	15.2992	0	0	0	0	19.69	12.88	28.25	19.6901	19.6871	19.6813	-99.99	19.6811	19.6297	19.594	19.5529	19.5352	19.5286	19.6293	20.0377	1.05037
setup	0	2007-07-10 23:00:00	11.9105	382.509	141.62	10.7137	381.054	0	16.2783	0	0	0	0	19.08	14.31	25.97	19.0801	19.0868	19.1001	-99.99	19.1005	19.2184	19.3064	19.4239	19.4911	19.6174	19.7565	20.0405	0.884798
setup	0	2007-07-11 23:00:00	11.911	382.951	118.71	9.01969	387.441	0	13.7868	0	0	0	0	18.76	13.2	25.78	18.7602	18.7723	18.7971	-99.99	18.7979	18.9168	19.0021	19.1202	19.1937	19.3601	19.6265	20.039	0.913594
setup	0	2007-07-12 23:00:00	11.9116	383.415	144.16	11.013	378.518	0	13.4161	0	0	0	0	18.81	13.26	26.22	18.8101	18.815	18.8252	-99.99	18.8255	18.8993	18.957	19.0437	19.1015	19.2453	19.5126	20.0007	0.885518
setup	0	2007-07-13 23:00:00	11.9122	383.901	137.91	10.607	383.782	0	11.9831	0	0	0	0	19.59	13	28.41	19.5901	19.5827	19.5673	-99.99	19.5668	19.4928	19.4449	19.3927	19.3713	19.3662	19.4937	19.9572	1.1419
setup	0	2007-07-14 23:00:00	11.9128	384.407	123.68	9.58939	386.299	0	12.8767	0	0	0	0	18.88	12.99	26.09	18.8801	18.8904	18.912	-99.99	18.9126	19.0396	19.1303	19.2499	19.3184	19.4508	19.6132	19.9466	0.936149
setup	0	2007-07-15 23:00:00	11.9135	384.933	105.4	8.23773	391.712	0	15.0704	0	0	0	0	18.59	12.75	25.31	18.5901	18.5995	18.6194	-99.99	18.62	18.7442	18.8368	18.9671	19.0481	19.2283	19.5049	19.9392	0.884715
setup	0	2007-07-16 23:00:00	11.9142	385.48	179.91	14.1169	363.576	0	13.0878	0	0	0	0	18.91	13.16	26.01	18.9101	18.9098	18.9092	-99.99	18.9092	18.9414	18.9715	19.0239	19.0629	19.1722	19.409	19.9011	1.03392
setup	0	2007-07-17 23:00:00	11.9149	386.046	174.48	13.6956	369.593	0	15.5719	0	0	0	0	18.95	13.07	26.51	18.9501	18.9531	18.9595	-99.99	18.9597	18.9994	19.032	19.0819	19.1164	19.2081	19.4047	19.8656	0.822677
setup	0	2007-07-18 23:00:00	11.9156	386.63	129.93	10.2023	386.1	0	15.2284	0	0	0	0	19.12	13.75	26.36	19.1201	19.1183	19.1143	-99.99	19.1142	19.1329	19.1535	19.1893	19.2154	19.2857	19.4391	19.8446	0.873684
setup	0	2007-07-19 23:00:00	11.9164	387.233	110.38	8.67039	391.916	0	15.277	0	0	0	0	18.95	12.45	26.36	18.9501	18.9574	18.9729	-99.99	18.9733	19.0316	19.0727	19.13	19.1668	19.2576	19.4357	19.8343	0.948499
setup	0	2007-07-20 23:00:00	11.9172	387.854	159.55	12.5374	375.38	0	15.4705	0	0	0	0	19.19	13.95	25.97	19.1901	19.1856	19.176	-99.99	19.1757	19.1893	19.2081	19.2428	19.2682	19.3343	19.4684	19.8232	0.909001
setup	0	2007-07-21 23:00:00	11.918	388.492	156.2	12.2789	378.76	0	13.4206	0	0	0	0	19.51	13.56	27.3	19.5101	19.5082	19.5043	-99.99	19.5041	19.4727	19.4513	19.4273	19.4177	19.4186	19.4981	19.8205	0.939207
setup	0	2007-07-22 23:00:00	11.9189	389.146	170.31	13.3933	374.319	0	15.4976	0	0	0	0	19.72	14.15	27	19.7201	19.7148	19.7035	-99.99	19.7032	19.6726	19.6547	19.6344	19.6241	19.6094	19.6224	19.8317	0.988098
setup	0	2007-07-23 23:00:00	11.9197	389.816	217.86	17.1394	353.601	0	15.3165	0	0	0	0	19.47	12.68	26.73	19.4701	19.4764	19.4899	-99.99	19.4903	19.524	19.5441	19.5681	19.5817	19.6122	19.6724	19.859	1.054
setup	0	2007-07-24 23:00:00	11.9206	390.502	223.65	17.602	355.137	0	15.6962	0	0	0	0	19.63	14.09	26.87	19.6301	19.6263	19.6182	-99.99	19.618	19.6153	19.6191	19.6291	19.6372	19.6596	19.7086	19.8782	0.940913
setup	0	2007-07-25 23:00:00	11.9215	391.202	186.16	14.6574	365.016	0	15.4696	0	0	0	0	18.77	14.29	24.74	18.7701	18.7838	18.8128	-99.99	18.8137	18.9769	19.0945	19.2498	19.3391	19.51	19.6938	19.8952	0.768747
setup	0	2007-07-26 23:00:00	11.9224	391.916	169.15	13.3236	377.115	0	15.9866	0	0	0	0	19.98	14.09	26.61	19.9801	19.9643	19.9309	-99.99	19.9298	19.7954	19.7127	19.6187	19.5744	19.5251	19.5881	19.8817	0.966198
setup	0	2007-07-27 23:00:00	11.9234	392.644	254.54	20.0581	351.184	0	19.9915	0	0	0	0	19.87	15.07	25.58	19.8701	19.8667	19.8594	-99.99	19.8592	19.8494	19.8446	19.8372	19.8312	19.8116	19.779	19.8852	0.742505
setup	0	2007-07-28 23:00:00	11.9244	393.384	242.04	19.0811	354.241	0	25.2591	0	0	0	0	19.31	15.98	24.16	19.3101	19.315	19.3254	-99.99	19.3258	19.407	19.4772	19.5726	19.6269	19.727	19.8183	19.9202	0.580748
setup	0	2007-07-29 23:00:00	11.9254	394.137	281.96	22.2377	350.3	0	29.5106	0	0	0	0	21.03	14.97	27.72	21.03	21.0025	20.944	-99.99	20.9422	20.6585	20.469	20.2342	20.1096	19.9053	19.7937	19.9288	0.857663
setup	0	2007-07-30 23:00:00	11.9264	394.9	215.78	17.0255	365.592	0	32.3631	0	0	0	0	20.11	14.52	26.44	20.1101	20.1184	20.136	-99.99	20.1365	20.1753	20.2017	20.2208	20.2218	20.1923	20.077	19.9704	0.782406
setup	0	2007-07-31 23:00:00	11.9274	395.675	242.39	18.9831	349.228	0	29.1565	0	0	0	0	19.84	12.48	28.31	19.8401	19.8512	19.8748	-99.99	19.8755	19.9066	19.9186	19.9284	19.9341	19.9547	19.9993	20.0228	1.03812
setup	0	2007-08-01 23:00:00	11.9285	396.459	82.49	6.40924	405.512	0	31.2306	0	0	0	0	19.44	14.11	26.31	19.4401	19.4438	19.4516	-99.99	19.4518	19.5529	19.6323	19.737	19.7951	19.8977	19.9838	20.0352	0.822135
setup	0	2007-08-02 23:00:00	11.9296	397.252	203.28	15.6624	364.56	0	31.0623	0	0	0	0	19.47	13.83	26.69	19.4701	19.4735	19.4808	-99.99	19.481	19.5231	19.5563	19.6051	19.6372	19.7158	19.8531	20.0294	0.809467
setup	0	2007-08-03 23:00:00	11.9307	398.054	128.66	9.827	390.823	0	34.3378	0	0	0	0	19.49	14.14	27.01	19.4901	19.4913	19.4938	-99.99	19.4939	19.5229	19.5492	19.5884	19.6143	19.6781	19.7968	20.0048	0.730329
setup	0	2007-08-04 23:00:00	11.9318	398.863	175.75	13.3034	373.447	0	36.3208	0	0	0	0	19.33	14.02	26.62	19.3301	19.334	19.3423	-99.99	19.3426	19.3971	19.4418	19.504	19.5422	19.6267	19.7601	19.983	0.779984
setup	0	2007-08-05 23:00:00	11.9329	399.68	207.45	15.559	362.146	0	40.2642	0	0	0	0	19.31	13.95	26.61	19.3101	19.3124	19.3174	-99.99	19.3175	19.3573	19.3926	19.4445	19.4784	19.5598	19.7045	19.9595	0.803352
setup	0	2007-08-06 23:00:00	11.9341	400.502	163.72	12.1649	375.148	0	44.7657	0	0	0	0	18.98	13.35	26.07	18.9801	18.9887	19.007	-99.99	19.0076	19.1008	19.1713	19.267	19.3249	19.4504	19.6407	19.9322	0.783667
setup	0	2007-08-07 23:00:00	11.9353	401.33	192.06	13.8529	366.606	0	48.6561	0	0	0	0	19.05	14.56	25.69	19.0501	19.049	19.0467	-99.99	19.0466	19.0943	19.144	19.2198	19.2693	19.3837	19.5725	19.8972	0.728388
setup	0	2007-08-08 23:00:00	11.9364	402.163	88.28	6.30648	393.874	0	52.5674	0	0	0	0	17.64	14.52	22.38	17.6401	17.6663	17.7211	-99.99	17.7228	18.0295	18.2573	18.5569	18.7291	19.0634	19.4509	19.8599	0.544439
setup	0	2007-08-09 23:00:00	11.9377	403	129.93	9.1935	387.591	0	49.4346	0	0	0	0	19.13	13.62	26.16	19.13	19.1168	19.0891	-99.99	19.0883	18.968	18.8969	18.8326	18.8168	18.8651	19.1533	19.7785	0.810971
setup	0	2007-08-10 23:00:00	11.9389	403.84	90.01	6.30918	398.873	0	62.9134	0	0	0	0	18.66	13.79	25.31	18.6601	18.6682	18.6851	-99.99	18.6856	18.7763	18.8427	18.9301	18.9811	19.088	19.265	19.7076	0.726203
setup	0	2007-08-11 23:00:00	11.9401	404.682	103.67	7.19986	390.628	0	58.8966	0	0	0	0	18.02	13.58	24.05	18.0201	18.0353	18.0672	-99.99	18.0682	18.2461	18.3782	18.5566	18.6628	18.8846	19.1976	19.6759	0.681717
setup	0	2007-08-12 23:00:00	11.9414	405.526	201.55	13.8726	361.07	0	63.3627	0	0	0	0	19.09	13.19	27.4	19.09	19.081	19.0622	-99.99	19.0616	18.9704	18.9127	18.8549	18.8357	18.8549	19.0606	19.6191	0.914307
setup	0	2007-08-13 23:00:00	11.9426	406.371	146.24	9.97976	379.976	0	78.5929	0	0	0	0	18.78	13.57	25.44	18.7801	18.7821	18.7863	-99.99	18.7864	18.8385	18.8883	18.9588	19	19.0824	19.2085	19.582	0.789416
setup	0	2007-08-14 23:00:00	11.9439	407.216	199.47	13.5026	361.478	0	75.6367	0	0	0	0	18.75	13.61	25.5	18.7501	18.7535	18.7607	-99.99	18.7609	18.8106	18.8495	18.9067	18.944	19.0343	19.2026	19.5754	0.778736
setup	0	2007-08-15 23:00:00	11.9452	408.06	267.04	17.9407	342.69	0	86.15	0	0	0	0	19.98	13.38	28.17	19.98	19.9624	19.9257	-99.99	19.9246	19.7415	19.6174	19.4653	19.3859	19.2652	19.2485	19.5617	1.02288
setup	0	2007-08-16 23:00:00	11.9465	408.903	252.8	16.8666	353.039	0	93.9303	0	0	0	0	20.76	13.96	28.45	20.76	20.7397	20.6975	-99.99	20.6962	20.4954	20.3548	20.1677	20.0574	19.8342	19.5824	19.5901	1.08469
setup	0	2007-08-17 23:00:00	11.9478	409.744	186.62	12.3732	379.902	0	93.5389	0	0	0	0	21.04	15.28	28.22	21.04	21.0249	20.9934	-99.99	20.9925	20.8395	20.7311	20.5795	20.4842	20.2668	19.9385	19.6855	0.990738
setup	0	2007-08-18 23:00:00	11.9492	410.582	152.84	10.1308	386.116	0	83.6598	0	0	0	0	19.88	15.6	26.5	19.8801	19.8933	19.9206	-99.99	19.9215	20.0248	20.0919	20.165	20.1956	20.2122	20.0973	19.8039	0.708866
setup	0	2007-08-19 23:00:00	11.9505	411.416	243.66	16.1462	351.46	0	72.9984	0	0	0	0	19.28	13.56	26.7	19.2801	19.2964	19.3304	-99.99	19.3314	19.4442	19.5196	19.6157	19.6706	19.7795	19.8972	19.8668	0.778252
setup	0	2007-08-20 23:00:00	11.9518	412.246	139.53	9.24332	386.058	0	78.7995	0	0	0	0	19.25	14.21	26.84	19.2501	19.253	19.2591	-99.99	19.2593	19.3175	19.3663	19.4384	19.4841	19.5864	19.733	19.8576	0.752398
setup	0	2007-08-21 23:00:00	11.9532	413.071	149.95	9.93067	381.673	0	69.0318	0	0	0	0	19.17	12.97	26.83	19.1701	19.1762	19.1889	-99.99	19.1893	19.2416	19.2804	19.3358	19.3717	19.4585	19.6125	19.8274	0.810848
setup	0	2007-08-22 23:00:00	11.9546	413.89	223.3	14.7839	359.519	0	69.6437	0	0	0	0	19.76	13.76	27.64	19.76	19.7509	19.732	-99.99	19.7314	19.6708	19.6347	19.5956	19.5782	19.5616	19.6026	19.7957	0.898905
setup	0	2007-08-23 23:00:00	11.956	414.702	217.86	14.4193	362.007	0	73.8798	0	0	0	0	20.1	13.46	28.65	20.1	20.0945	20.0829	-99.99	20.0826	20.0074	19.9528	19.8802	19.8385	19.7614	19.7032	19.7905	1.01715
setup	0	2007-08-24 23:00:00	11.9574	415.507	284.85	18.8471	332.615	0	69.0608	0	0	0	0	20.08	13.93	29.11	20.0801	20.0783	20.0746	-99.99	20.0745	20.0443	20.0209	19.9856	19.9624	19.9085	19.8312	19.8149	1.18557
setup	0	2007-08-25 23:00:00	11.9588	416.304	301.98	19.9742	326.543	0	71.4679	0	0	0	0	19.97	12.13	28.81	19.9701	19.9732	19.9797	-99.99	19.9799	19.9731	19.9634	19.9456	19.933	19.9046	19.8676	19.8472	1.16765
setup	0	2007-08-26 23:00:00	11.9602	417.092	160.82	10.6338	381.253	0	68.0945	0	0	0	0	19.97	14.17	28.05	19.97	19.9651	19.9551	-99.99	19.9548	19.9548	19.96	19.9686	19.9724	19.97	19.9313	19.873	1.00078
setup	0	2007-08-27 23:00:00	11.9616	417.871	233.25	15.4181	353.132	0	57.0226	0	0	0	0	19.92	13.71	27.92	19.9201	19.9213	19.924	-99.99	19.9241	19.9279	19.9297	19.9305	19.9302	19.9276	19.9188	19.8958	1.08928
setup	0	2007-08-28 23:00:00	11.9631	418.64	254.54	16.8198	350.639	0	64.5031	0	0	0	0	20.55	13.82	28.89	20.55	20.5385	20.5151	-99.99	20.5144	20.4028	20.3265	20.2267	20.1696	20.0627	19.957	19.9083	1.1107
setup	0	2007-08-29 23:00:00	11.9645	419.399	229.09	15.133	360.834	0	63.4134	0	0	0	0	20.37	14.71	27.1	20.37	20.3657	20.3569	-99.99	20.3566	20.3393	20.329	20.3113	20.2965	20.2459	20.1188	19.9427	0.969179
setup	0	2007-08-30 23:00:00	11.9659	420.146	278.61	18.398	339.443	0	58.0154	0	0	0	0	20.42	14.2	27.98	20.42	20.4197	20.419	-99.99	20.419	20.3823	20.3523	20.3078	20.2796	20.2181	20.1278	19.9854	1.1385
setup	0	2007-08-31 23:00:00	11.9674	420.881	184.89	12.2051	374.304	0	59.5983	0	0	0	0	20.23	14.34	26.79	20.23	20.2299	20.2297	-99.99	20.2297	20.2378	20.2435	20.2481	20.248	20.2339	20.1691	20.0155	1.01376
setup	0	2007-09-01 23:00:00	11.9689	421.603	239.96	15.835	359.308	0	53.3717	0	0	0	0	20.76	15.05	28.26	20.76	20.7502	20.7305	-99.99	20.7298	20.6313	20.5616	20.469	20.4147	20.3084	20.1822	20.0386	1.02657
setup	0	2007-09-02 23:00:00	11.9703	422.313	264.95	17.4782	350.055	0	55.0267	0	0	0	0	21.28	14.14	29.77	21.28	21.2699	21.2497	-99.99	21.2491	21.1002	20.9884	20.8327	20.7383	20.5456	20.3065	20.0696	1.24693
setup	0	2007-09-03 23:00:00	11.9718	423.008	195.3	12.8791	371.697	0	57.8643	0	0	0	0	20.34	14.67	27.56	20.3401	20.3485	20.3655	-99.99	20.366	20.4412	20.49	20.5437	20.5664	20.5728	20.4546	20.1292	1.00962
setup	0	2007-09-04 23:00:00	11.9733	423.69	204.9	13.5075	365.778	0	50.2907	0	0	0	0	20.08	14.23	26.82	20.0801	20.0853	20.0958	-99.99	20.0961	20.1482	20.185	20.233	20.2601	20.3067	20.3244	20.1665	1.03076
setup	0	2007-09-05 23:00:00	11.9748	424.357	169.15	11.1469	381.221	0	50.7594	0	0	0	0	20.74	14.54	29.05	20.74	20.7312	20.7136	-99.99	20.713	20.6164	20.548	20.4589	20.4087	20.3205	20.2464	20.1592	1.20711
setup	0	2007-09-06 23:00:00	11.9763	425.008	215.78	14.2149	368.932	0	51.9756	0	0	0	0	21.19	14.66	29.44	21.1899	21.1783	21.1551	-99.99	21.1544	21.0314	20.9424	20.8201	20.7459	20.5908	20.3841	20.1667	1.15376
setup	0	2007-09-07 23:00:00	11.9778	425.643	259.05	17.0594	352.456	0	53.6541	0	0	0	0	21.69	13.87	30.11	21.6899	21.6773	21.6522	-99.99	21.6514	21.4878	21.3659	21.1952	21.0902	20.8682	20.5638	20.2128	1.3791
setup	0	2007-09-08 23:00:00	11.9793	426.263	266.11	17.5181	352.692	0	61.1036	0	0	0	0	21.53	15.31	29.47	21.53	21.5228	21.5087	-99.99	21.5083	21.4349	21.3791	21.2942	21.2361	21.0848	20.7836	20.2895	1.20404
setup	0	2007-09-09 23:00:00	11.9808	426.865	211.15	13.8952	370.762	0	59.4518	0	0	0	0	20.77	15.56	28.35	20.7701	20.7775	20.7921	-99.99	20.7925	20.8433	20.8789	20.9162	20.9307	20.9262	20.7994	20.3675	0.950352
setup	0	2007-09-10 23:00:00	11.9823	427.45	169.96	11.1806	379.154	0	53.7974	0	0	0	0	19.9	14.83	26.51	19.9002	19.9153	19.9448	-99.99	19.9457	20.0869	20.1886	20.3214	20.3965	20.5284	20.6106	20.3954	0.863849
setup	0	2007-09-11 23:00:00	11.9838	428.018	251.18	16.5176	357.065	0	54.0727	0	0	0	0	21.02	14.54	29.11	21.0198	21.0053	20.9768	-99.99	20.976	20.8351	20.7416	20.625	20.5625	20.4646	20.418	20.3614	1.06658
setup	0	2007-09-12 23:00:00	11.9853	428.568	266.57	17.5232	356.355	0	60.5431	0	0	0	0	21.77	15.16	29.69	21.7698	21.75	21.7114	-99.99	21.7103	21.5217	21.3915	21.2154	21.11	20.8932	20.6154	20.3484	1.151
setup	0	2007-09-13 23:00:00	11.9868	429.099	113.73	7.47341	395.491	0	62.5565	0	0	0	0	19.46	15	24.43	19.4604	19.4916	19.5518	-99.99	19.5536	19.8438	20.0458	20.3005	20.4372	20.65	20.7089	20.3996	0.81907
setup	0	2007-09-14 23:00:00	11.9884	429.612	132.48	8.70229	389.11	0	54.5043	0	0	0	0	19.28	15.3	24.65	19.2802	19.2904	19.3101	-99.99	19.3107	19.4534	19.5589	19.7095	19.8044	20.0112	20.2857	20.3825	0.658011
setup	0	2007-09-15 23:00:00	11.9899	430.105	112.46	7.38445	397.378	0	54.9921	0	0	0	0	19.68	15.39	25.93	19.68	19.6791	19.6774	-99.99	19.6773	19.6892	19.7067	19.7432	19.7727	19.8602	20.0493	20.289	0.787761
setup	0	2007-09-16 23:00:00	11.9914	430.58	147.86	9.70522	388.535	0	58.3716	0	0	0	0	20.41	15.09	27.13	20.4098	20.3989	20.378	-99.99	20.3773	20.2778	20.2134	20.1357	20.0957	20.038	20.0463	20.2111	0.998384
setup	0	2007-09-17 23:00:00	11.9929	431.034	213.7	14.0214	370.131	0	65.4669	0	0	0	0	21.16	15.43	29.16	21.1598	21.1443	21.1151	-99.99	21.1142	20.9462	20.828	20.6706	20.579	20.4021	20.2237	20.188	1.08941
setup	0	2007-09-18 23:00:00	11.9945	431.469	244.47	16.0341	357.309	0	64.0108	0	0	0	0	21.11	14.46	29.64	21.11	21.1077	21.1035	-99.99	21.1033	21.0237	20.9587	20.8608	20.7972	20.6527	20.4389	20.2221	1.17438
setup	0	2007-09-19 23:00:00	11.996	431.884	329.05	21.5729	314.835	0	63.6079	0	0	0	0	20.75	12.72	29.62	20.7501	20.7564	20.7682	-99.99	20.7685	20.7636	20.7511	20.7228	20.6998	20.6365	20.5093	20.2729	1.39338
setup	0	2007-09-20 23:00:00	11.9975	432.278	310.31	20.3361	333.256	0	68.0702	0	0	0	0	20.82	13.48	29.45	20.8199	20.8153	20.8068	-99.99	20.8065	20.7742	20.7519	20.72	20.6986	20.6441	20.5327	20.3061	1.11309
setup	0	2007-09-21 23:00:00	11.9991	432.652	224.46	14.704	361.028	0	55.7293	0	0	0	0	21.03	14.1	29.42	21.0299	21.0224	21.0087	-99.99	21.0083	20.9463	20.9026	20.8419	20.8038	20.7176	20.5741	20.3321	1.28284
setup	0	2007-09-22 23:00:00	12.0006	433.005	291.56	19.0916	330.22	0	55.3298	0	0	0	0	21.12	13.97	30.47	21.1199	21.117	21.1117	-99.99	21.1115	21.0489	20.9996	20.9272	20.881	20.7782	20.6196	20.3611	1.46899
setup	0	2007-09-23 23:00:00	12.0021	433.338	321.18	21.0224	317.041	0	58.7129	0	0	0	0	21.7	12.43	32.42	21.6998	21.6901	21.6726	-99.99	21.6721	21.5168	21.3989	21.2339	21.134	20.9326	20.6861	20.3914	1.70107
setup	0	2007-09-24 23:00:00	12.0036	433.65	329.86	21.5816	320.931	0	60.94	0	0	0	0	22.37	13.88	32.52	22.3695	22.3463	22.3045	-99.99	22.3032	22.0995	21.9537	21.7525	21.6286	21.3584	20.9539	20.4479	1.68271
setup	0	2007-09-25 23:00:00	12.0052	433.941	329.51	21.5495	316.286	0	62.8507	0	0	0	0	22.61	14.36	33.17	22.6097	22.5954	22.57	-99.99	22.5692	22.3941	22.2614	22.0697	21.9472	21.6676	21.2136	20.5492	1.84955
setup	0	2007-09-26 23:00:00	12.0067	434.211	341.08	22.2964	306.587	0	63.3685	0	0	0	0	21.92	14.02	32.03	21.9201	21.9241	21.9311	-99.99	21.9313	21.9147	21.8926	21.8453	21.8054	21.6774	21.3568	20.6628	1.75257
setup	0	2007-09-27 23:00:00	12.0082	434.46	320.26	20.9261	319.487	0	61.844	0	0	0	0	21.28	12.93	30.72	21.2802	21.2895	21.3058	-99.99	21.3063	21.3549	21.3828	21.4097	21.4183	21.4045	21.2673	20.7393	1.49634
setup	0	2007-09-28 23:00:00	12.0098	434.688	206.99	13.5188	367.189	0	62.7538	0	0	0	0	20.53	13.3	29.58	20.5303	20.5426	20.5641	-99.99	20.5647	20.6811	20.7664	20.877	20.9387	21.0413	21.0751	20.7572	1.09795
setup	0	2007-09-29 23:00:00	12.0113	434.895	203.63	13.2931	370.47	0	56.1248	0	0	0	0	20.53	14.84	28.47	20.5299	20.5278	20.5241	-99.99	20.524	20.5709	20.6155	20.6824	20.724	20.8054	20.8716	20.7258	0.948872
setup	0	2007-09-30 23:00:00	12.0128	435.081	182.46	11.9054	375.801	0	49.6322	0	0	0	0	20.66	14.19	29.1	20.66	20.6614	20.6637	-99.99	20.6637	20.665	20.6662	20.6695	20.673	20.6877	20.7227	20.6751	1.13619
setup	0	2007-10-01 23:00:00	12.0143	435.247	282.42	18.4187	334.638	0	51.3291	0	0	0	0	20.84	14.32	29.87	20.8399	20.8374	20.8331	-99.99	20.8329	20.8049	20.785	20.7586	20.7435	20.7165	20.6916	20.6303	1.32382
setup	0	2007-10-02 23:00:00	12.0158	435.392	240.77	15.6945	355.522	0	60.5519	0	0	0	0	21.31	14.07	30.74	21.3097	21.3002	21.2843	-99.99	21.2838	21.1869	21.1172	21.023	20.9674	20.8588	20.7359	20.6073	1.32979
setup	0	2007-10-03 23:00:00	12.0174	435.516	244.47	15.9274	361.308	0	61.1781	0	0	0	0	21.77	15.47	30.61	21.7694	21.752	21.7232	-99.99	21.7223	21.5932	21.5048	21.3844	21.3109	21.151	20.9118	20.6187	1.19452
setup	0	2007-10-04 23:00:00	12.0189	435.62	313.66	20.4245	331.833	0	56.6725	0	0	0	0	22.14	15.21	31.65	22.1396	22.1276	22.1079	-99.99	22.1073	21.9597	21.849	21.6918	21.594	21.3822	21.0744	20.6658	1.4426
setup	0	2007-10-05 23:00:00	12.0204	435.704	265.76	17.2961	353.591	0	61.5788	0	0	0	0	21.89	15.51	30.62	21.8898	21.8852	21.8776	-99.99	21.8774	21.8196	21.7748	21.704	21.6541	21.5204	21.2424	20.7335	1.232
setup	0	2007-10-06 23:00:00	12.0219	435.768	233.25	15.1719	366.536	0	59.8879	0	0	0	0	21.82	15.93	29.87	21.8198	21.8138	21.8042	-99.99	21.804	21.7505	21.713	21.656	21.6168	21.5126	21.2873	20.7982	1.13183
setup	0	2007-10-07 23:00:00	12.0234	435.812	169.5	11.0191	382.984	0	55.87	0	0	0	0	20.98	15.62	27.99	20.9804	20.9924	21.0114	-99.99	21.012	21.1009	21.1608	21.2321	21.2674	21.3067	21.2384	20.842	1.05892
setup	0	2007-10-08 23:00:00	12.0249	435.837	183.27	11.9076	379.593	0	53.5507	0	0	0	0	20.95	15.41	28.51	20.9501	20.9533	20.9584	-99.99	20.9585	20.9782	20.9928	21.0121	21.0234	21.0445	21.047	20.8409	0.954732
setup	0	2007-10-09 23:00:00	12.0264	435.843	255.7	16.6041	353.766	0	53.2191	0	0	0	0	21.65	15.05	30.24	21.6495	21.637	21.6176	-99.99	21.617	21.4951	21.4105	21.2981	21.2332	21.1127	20.9892	20.8117	1.24898
setup	0	2007-10-10 23:00:00	12.0278	435.829	258.24	16.7592	360.073	0	62.9594	0	0	0	0	21.65	16.41	29.06	21.6495	21.637	21.618	-99.99	21.6174	21.5514	21.5145	21.4589	21.422	21.3276	21.1382	20.8146	0.959198
setup	0	2007-10-11 23:00:00	12.0293	435.798	190.33	12.3447	373.639	0	56.7795	0	0	0	0	20.65	15.73	28.1	20.6507	20.6691	20.6969	-99.99	20.6978	20.8093	20.8853	20.9788	21.0275	21.0991	21.0962	20.8408	0.99749
setup	0	2007-10-12 23:00:00	12.0308	435.748	264.95	17.1741	344.555	0	58.3292	0	0	0	0	20.6	14.9	28.44	20.6002	20.6065	20.6159	-99.99	20.6162	20.6578	20.6877	20.7297	20.7561	20.8138	20.8874	20.8217	1.07452
setup	0	2007-10-13 23:00:00	12.0323	435.68	232.79	15.0802	356.378	0	59.3171	0	0	0	0	20.41	14.87	27.8	20.4102	20.4154	20.4232	-99.99	20.4234	20.4811	20.5244	20.5843	20.6203	20.6927	20.7754	20.774	0.994966
setup	0	2007-10-14 23:00:00	12.0337	435.595	199.47	12.9137	369.908	0	50.928	0	0	0	0	20.72	15.29	27.89	20.7197	20.7142	20.7061	-99.99	20.7058	20.687	20.6779	20.6707	20.6692	20.675	20.704	20.7264	1.02989
setup	0	2007-10-15 23:00:00	12.0352	435.492	254.08	16.4386	354.272	0	53.8431	0	0	0	0	21.46	15.24	29.69	21.4593	21.4447	21.4239	-99.99	21.4232	21.2913	21.1977	21.0734	21.0018	20.8697	20.7486	20.6945	1.14469
setup	0	2007-10-16 23:00:00	12.0366	435.374	257.78	16.6672	353.646	0	50.6206	0	0	0	0	21.37	15.61	28.96	21.3697	21.3642	21.3565	-99.99	21.3563	21.3077	21.2717	21.2176	21.1812	21.0904	20.9254	20.7055	1.07274
setup	0	2007-10-17 23:00:00	12.038	435.239	260.33	16.8211	349.202	0	51.7749	0	0	0	0	21.78	15.18	30.35	21.7795	21.7696	21.7558	-99.99	21.7553	21.6387	21.5516	21.4297	21.3554	21.2017	20.9984	20.7386	1.33511
setup	0	2007-10-18 23:00:00	12.0395	435.088	274.44	17.721	350.526	0	34.9003	0	0	0	0	21.93	15.93	30.3	21.9294	21.9178	21.9018	-99.99	21.9013	21.8027	21.7312	21.6289	21.5635	21.4123	21.1589	20.7827	1.16037
setup	0	2007-10-19 23:00:00	12.0409	434.922	279.88	18.06	344.428	0	9.36782	0	0	0	0	21.95	15.7	29.91	21.9496	21.9427	21.9333	-99.99	21.933	21.8553	21.7958	21.7078	21.6502	21.5125	21.2667	20.8422	1.28129
setup	0	2007-10-20 23:00:00	12.0423	434.742	262.41	16.9209	351.387	0	8.10544	0	0	0	0	22.03	15.29	30.86	22.0297	22.0249	22.0185	-99.99	22.0183	21.9334	21.8667	21.7681	21.7047	21.5601	21.3219	20.8974	1.30801
setup	0	2007-10-21 23:00:00	12.0437	434.548	231.17	14.895	366.08	0	61.5388	0	0	0	0	21.77	16.03	29.37	21.7697	21.765	21.7588	-99.99	21.7586	21.7322	21.7165	21.6897	21.668	21.5955	21.3993	20.9491	1.06251
setup	0	2007-10-22 23:00:00	12.0451	434.34	244.94	15.77	355.772	0	30.7056	0	0	0	0	21.87	15.83	30.1	21.8697	21.8657	21.8606	-99.99	21.8604	21.8009	21.7551	21.688	21.6447	21.545	21.37	20.9888	1.29829
setup	0	2007-10-23 23:00:00	12.0465	434.119	243.2	15.6456	359.199	0	17.7536	0	0	0	0	22.06	15.13	30.43	22.0595	22.0525	22.0435	-99.99	22.0432	21.9573	21.8919	21.7979	21.7386	21.607	21.3978	21.0154	1.27307
setup	0	2007-10-24 23:00:00	12.0478	433.885	228.62	14.6959	366.769	0	66.8108	0	0	0	0	21.83	15.83	29.86	21.8297	21.826	21.8214	-99.99	21.8212	21.804	21.7824	21.7457	21.7189	21.6418	21.4597	21.0494	1.0812
setup	0	2007-10-25 23:00:00	12.0492	433.64	252.46	16.2152	359.01	0	65.3303	0	0	0	0	21.2	16.9	28.17	21.2002	21.2041	21.209	-99.99	21.2092	21.2665	21.3193	21.3885	21.4244	21.4706	21.4223	21.0801	0.811996
setup	0	2007-10-26 23:00:00	12.0505	433.383	223.65	14.3529	361.846	0	69.5192	0	0	0	0	20.44	15.37	27.57	20.441	20.4581	20.4791	-99.99	20.4797	20.5704	20.6568	20.7837	20.8612	21.0137	21.1685	21.0708	0.8191
setup	0	2007-10-27 23:00:00	12.0519	433.115	211.15	13.5394	363.546	0	79.0851	0	0	0	0	20.02	14.83	27	20.0207	20.0335	20.0488	-99.99	20.0493	20.1578	20.2533	20.3883	20.4724	20.6547	20.8913	21.0034	0.77191
setup	0	2007-10-28 23:00:00	12.0532	432.838	250.37	16.0404	346.857	0	98.1246	0	0	0	0	20.1	13.48	28.24	20.1005	20.1104	20.1221	-99.99	20.1225	20.1733	20.2115	20.2698	20.3111	20.4249	20.6468	20.9064	0.936569
setup	0	2007-10-29 23:00:00	12.0545	432.551	271.55	17.2806	333.092	0	98.9966	0	0	0	0	20.27	13.54	29	20.27	20.2713	20.2728	-99.99	20.2729	20.2918	20.3093	20.3384	20.3597	20.4215	20.5628	20.813	1.16318
setup	0	2007-10-30 23:00:00	12.0558	432.255	227.47	14.3914	360.115	0	103.014	0	0	0	0	21.06	14.93	29.43	21.0585	21.0351	21.0078	-99.99	21.0069	20.8869	20.824	20.7491	20.7099	20.6467	20.6232	20.7522	1.04767
setup	0	2007-10-31 23:00:00	12.0571	431.951	227.81	14.4018	366.489	0	105.666	0	0	0	0	21.58	16.32	29.02	21.5785	21.5561	21.5302	-99.99	21.5294	21.4019	21.3188	21.2109	21.147	21.0118	20.8355	20.7457	0.943556
setup	0	2007-11-01 23:00:00	12.0583	431.64	136.18	8.60252	395.575	0	104.001	0	0	0	0	21.25	16.2	28.3	21.2501	21.252	21.2543	-99.99	21.2544	21.2472	21.2372	21.2144	21.1942	21.1303	20.9896	20.786	0.91405
setup	0	2007-11-02 23:00:00	12.0596	431.322	243.66	15.3807	353.774	0	103.859	0	0	0	0	21.22	15.68	28.69	21.22	21.2208	21.2217	-99.99	21.2218	21.2012	21.1832	21.1541	21.1339	21.0842	20.9955	20.8225	1.07903
setup	0	2007-11-03 23:00:00	12.0608	430.997	268.19	16.917	341.945	0	102.905	0	0	0	0	21.03	14.48	29.34	21.0304	21.0381	21.0466	-99.99	21.0468	21.0534	21.0524	21.0442	21.0359	21.0126	20.9665	20.839	1.12216
setup	0	2007-11-04 23:00:00	12.0621	430.667	257.43	16.2272	344.943	0	85.2428	0	0	0	0	21.2	14.77	30.17	21.1996	21.1956	21.1911	-99.99	21.191	21.1548	21.1288	21.0926	21.07	21.0224	20.9565	20.8428	1.20731
setup	0	2007-11-05 23:00:00	12.0633	430.332	273.28	17.2135	342.89	0	70.4475	0	0	0	0	21.43	15.42	30.09	21.4292	21.4189	21.4078	-99.99	21.4075	21.3478	21.3067	21.2505	21.2155	21.1381	21.0186	20.8525	1.13804
setup	0	2007-11-06 23:00:00	12.0645	429.993	270.28	17.0102	347.785	0	32.3953	0	0	0	0	22.06	15.54	31.12	22.0585	22.0391	22.0188	-99.99	22.0181	21.871	21.7645	21.619	21.5317	21.3535	21.1257	20.8782	1.2226
setup	0	2007-11-07 23:00:00	12.0656	429.65	219.14	13.7807	368.467	0	60.1008	0	0	0	0	21.61	16.51	28.99	21.6097	21.606	21.6022	-99.99	21.6021	21.5929	21.5888	21.5758	21.561	21.4977	21.3065	20.9332	0.947641
setup	0	2007-11-08 23:00:00	12.0668	429.305	247.37	15.5441	355.085	0	39.6704	0	0	0	0	21.77	15.88	30.13	21.7696	21.7659	21.7621	-99.99	21.7619	21.697	21.6473	21.5751	21.5297	21.4311	21.2791	20.9835	1.14052
setup	0	2007-11-09 23:00:00	12.0679	428.957	261.13	16.3971	352.373	0	44.46	0	0	0	0	22.09	16.06	30.6	22.0889	22.075	22.0612	-99.99	22.0607	21.9549	21.8795	21.774	21.7087	21.5666	21.3509	21.0163	1.16193
setup	0	2007-11-10 23:00:00	12.0691	428.608	255.35	16.0237	357.731	0	65.3244	0	0	0	0	21.92	16.25	29.6	21.9195	21.9135	21.9076	-99.99	21.9074	21.8608	21.8296	21.7811	21.7468	21.6536	21.4532	21.0632	0.979692
setup	0	2007-11-11 23:00:00	12.0702	428.257	174.13	10.9186	384.147	0	66.1872	0	0	0	0	21.39	17.37	27.75	21.3901	21.3928	21.3953	-99.99	21.3954	21.4466	21.4808	21.5219	21.5413	21.5528	21.4615	21.1097	0.780889
setup	0	2007-11-12 23:00:00	12.0712	427.907	173.32	10.8569	383.048	0	64.144	0	0	0	0	21.2	17.04	28.15	21.2004	21.206	21.2114	-99.99	21.2115	21.2343	21.2539	21.2796	21.2937	21.3172	21.3158	21.1237	0.776041
setup	0	2007-11-13 23:00:00	12.0723	427.557	222.84	13.9458	360.934	0	65.81	0	0	0	0	20.82	15.78	28.06	20.821	20.8349	20.8479	-99.99	20.8483	20.9105	20.9549	21.0121	21.0453	21.1095	21.1742	21.1029	0.87741
setup	0	2007-11-14 23:00:00	12.0734	427.208	189.05	11.8107	374.435	0	76.8924	0	0	0	0	21.28	15.68	29.17	21.2791	21.2683	21.2584	-99.99	21.2581	21.2004	21.1681	21.1274	21.1068	21.0784	21.0779	21.0635	0.997433
setup	0	2007-11-15 23:00:00	12.0744	426.861	219.48	13.6631	365.481	0	80.0714	0	0	0	0	21.07	15.03	28.73	21.0702	21.0737	21.0769	-99.99	21.0769	21.087	21.0945	21.1024	21.1057	21.107	21.0943	21.0382	0.848419
setup	0	2007-11-16 23:00:00	12.0754	426.517	172.86	10.7192	380.512	0	76.4781	0	0	0	0	20.8	16.33	27.55	20.8	20.8006	20.8011	-99.99	20.8011	20.847	20.8886	20.9482	20.9827	21.043	21.0788	21.026	0.727996
setup	0	2007-11-17 23:00:00	12.0764	426.175	145.78	9.0058	384.047	0	79.1743	0	0	0	0	19.92	15.66	26.4	19.9222	19.9496	19.9735	-99.99	19.9742	20.1506	20.2737	20.4349	20.5288	20.7126	20.9144	21.0015	0.663072
setup	0	2007-11-18 23:00:00	12.0773	425.837	186.16	11.4582	374.321	0	82.3641	0	0	0	0	20.8	15.64	28.08	20.7986	20.7832	20.77	-99.99	20.7696	20.6968	20.6569	20.6198	20.6074	20.6162	20.725	20.9357	0.817267
setup	0	2007-11-19 23:00:00	12.0783	425.503	253.61	15.5545	350.08	0	85.4932	0	0	0	0	20.43	16.49	27.09	20.4304	20.4355	20.4399	-99.99	20.44	20.4945	20.5397	20.6023	20.6384	20.7062	20.7788	20.8861	0.700675
setup	0	2007-11-20 23:00:00	12.0792	425.175	256.62	15.6857	349.351	0	86.4008	0	0	0	0	20.86	15.75	28	20.8594	20.853	20.8477	-99.99	20.8475	20.8003	20.7693	20.7331	20.7158	20.6974	20.7304	20.8567	0.832952
setup	0	2007-11-21 23:00:00	12.0801	424.852	181.19	11.0392	378.733	0	87.1766	0	0	0	0	21.2	16.66	28.06	21.1987	21.1844	21.1729	-99.99	21.1725	21.1067	21.0632	21.0073	20.9746	20.9094	20.8369	20.8407	0.809691
setup	0	2007-11-22 23:00:00	12.0809	424.535	144.16	8.75612	391.951	0	75.8535	0	0	0	0	21.33	16.73	28.43	21.3293	21.3222	21.3166	-99.99	21.3164	21.26	21.2189	21.1611	21.125	21.0473	20.9414	20.8563	0.844359
setup	0	2007-11-23 23:00:00	12.0818	424.224	249.1	15.0864	356.399	0	66.0669	0	0	0	0	21.44	17.03	28.33	21.4391	21.4298	21.4227	-99.99	21.4224	21.3652	21.3266	21.2722	21.2379	21.1603	21.0374	20.8857	0.841014
setup	0	2007-11-24 23:00:00	12.0826	423.921	237.88	14.3681	360.482	0	63.3195	0	0	0	0	21.6	16.31	28.99	21.5994	21.5931	21.5884	-99.99	21.5883	21.5166	21.4634	21.3874	21.34	21.2391	21.099	20.9196	0.899689
setup	0	2007-11-25 23:00:00	12.0834	423.626	278.26	16.7656	344.725	0	64.2724	0	0	0	0	21.6	16.43	29.32	21.5994	21.5938	21.5896	-99.99	21.5895	21.5362	21.4987	21.4436	21.4076	21.3231	21.1796	20.956	0.943531
setup	0	2007-11-26 23:00:00	12.0842	423.339	311.93	18.7521	331.599	0	64.2186	0	0	0	0	21.82	15.62	30.28	21.8192	21.8114	21.8058	-99.99	21.8056	21.719	21.6554	21.565	21.5089	21.3903	21.2259	20.9927	1.04948
setup	0	2007-11-27 23:00:00	12.0849	423.06	278.61	16.7156	347.375	0	66.7054	0	0	0	0	22.01	16.86	30.03	22.0082	21.9896	21.9764	-99.99	21.976	21.8817	21.821	21.738	21.6855	21.5637	21.3545	21.0353	0.978862
setup	0	2007-11-28 23:00:00	12.0856	422.791	285.78	17.1159	343.888	0	64.9544	0	0	0	0	21.35	16.73	28.73	21.3509	21.3615	21.3689	-99.99	21.3691	21.4112	21.4418	21.4757	21.4894	21.4896	21.3957	21.0884	0.804208
setup	0	2007-11-29 23:00:00	12.0863	422.532	237.88	14.2262	356.681	0	64.9719	0	0	0	0	20.79	15.97	27.47	20.7914	20.8075	20.8183	-99.99	20.8186	20.9168	20.9829	21.0674	21.1154	21.2008	21.2559	21.1105	0.739175
setup	0	2007-11-30 23:00:00	12.087	422.284	178.29	10.6499	377.171	0	65.9033	0	0	0	0	20.87	16.61	27.31	20.8698	20.8685	20.8676	-99.99	20.8676	20.8913	20.9159	20.9558	20.9819	21.0388	21.1085	21.0884	0.749921
setup	0	2007-12-01 23:00:00	12.0876	422.046	200.74	11.9803	367.487	0	71.3369	0	0	0	0	20.86	16.36	28.19	20.8604	20.8654	20.8686	-99.99	20.8687	20.8823	20.8943	20.9121	20.9241	20.955	21.0134	21.0529	0.840468
setup	0	2007-12-02 23:00:00	12.0883	421.819	185.35	11.0555	373.732	0	71.3242	0	0	0	0	20.88	16.11	27.94	20.88	20.8805	20.8808	-99.99	20.8808	20.8893	20.898	20.9116	20.9207	20.9424	20.9798	21.0204	0.809685
setup	0	2007-12-03 23:00:00	12.0888	421.604	241.58	14.4057	354.41	0	67.8423	0	0	0	0	20.85	15.89	27.69	20.85	20.8512	20.8519	-99.99	20.8519	20.862	20.8729	20.8891	20.8992	20.9218	20.9571	20.9968	0.775679
setup	0	2007-12-04 23:00:00	12.0894	421.401	251.18	14.9794	352.248	0	62.4095	0	0	0	0	21.28	16.11	28.58	21.2786	21.2654	21.2578	-99.99	21.2575	21.1897	21.1454	21.0891	21.0577	21.0034	20.9651	20.9781	0.86967
setup	0	2007-12-05 23:00:00	12.0899	421.21	249.45	14.8824	352.838	0	58.3911	0	0	0	0	21.8	15.81	29.69	21.7981	21.78	21.7698	-99.99	21.7695	21.6502	21.563	21.4444	21.3737	21.2338	21.0771	20.9792	1.04702
setup	0	2007-12-06 23:00:00	12.0904	421.032	248.64	14.8453	353.115	0	52.9671	0	0	0	0	21.4	15.72	28.85	21.4003	21.4043	21.4064	-99.99	21.4065	21.4077	21.4055	21.3945	21.3824	21.3367	21.2166	21.0136	0.912965
setup	0	2007-12-07 23:00:00	12.0909	420.867	240.31	14.3639	354.87	0	50.0523	0	0	0	0	20.42	17.23	25.32	20.4218	20.4396	20.449	-99.99	20.4493	20.6047	20.7229	20.8805	20.9696	21.1198	21.1951	21.0493	0.585896
setup	0	2007-12-08 23:00:00	12.0913	420.716	220.29	13.1865	362.642	0	50.0294	0	0	0	0	21.25	16.73	28.48	21.2486	21.2364	21.2302	-99.99	21.23	21.1463	21.0896	21.0199	20.9846	20.9421	20.9733	21.0324	0.861273
setup	0	2007-12-09 23:00:00	12.0917	420.578	231.98	13.9115	356.645	0	54.064	0	0	0	0	20.91	16.21	27.77	20.9107	20.9186	20.9224	-99.99	20.9226	20.9488	20.9689	20.9925	21.0043	21.0206	21.0228	21.0074	0.810785
setup	0	2007-12-10 23:00:00	12.0921	420.454	225.73	13.566	357.087	0	53.008	0	0	0	0	20	17.08	25.14	20.0025	20.0266	20.0378	-99.99	20.0382	20.2047	20.3312	20.5022	20.6017	20.7863	20.9543	20.9995	0.540967
setup	0	2007-12-11 23:00:00	12.0925	420.345	248.64	14.9805	345.705	0	47.8059	0	0	0	0	20.04	16.43	26.09	20.0415	20.0558	20.0621	-99.99	20.0623	20.1359	20.1924	20.2758	20.3306	20.4634	20.6931	20.9517	0.68439
setup	0	2007-12-12 23:00:00	12.0928	420.25	231.17	13.9677	356.371	0	54.9555	0	0	0	0	20.94	16.89	27.84	20.9372	20.9124	20.9019	-99.99	20.9016	20.8075	20.746	20.6728	20.6366	20.5944	20.6422	20.88	0.823952
setup	0	2007-12-13 23:00:00	12.0931	420.169	239.04	14.4892	353.435	0	61.6437	0	0	0	0	20.5	16.38	27.17	20.5006	20.5068	20.5093	-99.99	20.5094	20.5236	20.5527	20.5962	20.6208	20.6692	20.7303	20.8523	0.690804
setup	0	2007-12-14 23:00:00	12.0934	420.104	314.47	19.128	318.694	0	59.001	0	0	0	0	20.46	14.54	28.65	20.4613	20.4734	20.4781	-99.99	20.4782	20.4838	20.4899	20.4999	20.5099	20.5462	20.6488	20.8341	0.913885
setup	0	2007-12-15 23:00:00	12.0936	420.053	326.97	19.9639	300.433	0	97.4372	0	0	0	0	19.9	12.98	28.99	19.9035	19.9346	19.9458	-99.99	19.9461	20.0483	20.1205	20.2148	20.2711	20.3923	20.5705	20.8016	1.08639
setup	0	2007-12-16 23:00:00	12.0938	420.018	326.51	20.0172	297.566	0	97.4388	0	0	0	0	19.9	12.42	29.36	19.9011	19.9113	19.9148	-99.99	19.9149	19.9771	20.0235	20.0893	20.133	20.2419	20.441	20.7531	1.15853
setup	0	2007-12-17 23:00:00	12.094	419.998	306.14	18.8498	294.626	0	95.9671	0	0	0	0	19.61	12.09	29.51	19.6123	19.6334	19.6401	-99.99	19.6403	19.7384	19.8117	19.9148	19.9788	20.1218	20.3486	20.6976	1.34184
setup	0	2007-12-18 23:00:00	12.0941	419.993	318.18	19.6806	305.417	0	95.098	0	0	0	0	20.18	12.77	29.2	20.1776	20.159	20.1535	-99.99	20.1533	20.1282	20.1219	20.1266	20.1365	20.1795	20.3092	20.6422	1.12522
setup	0	2007-12-19 23:00:00	12.0942	420.004	285.32	17.7323	323.134	0	87.687	0	0	0	0	20.69	13.4	29.26	20.687	20.6631	20.6566	-99.99	20.6564	20.5803	20.5353	20.4826	20.4551	20.4124	20.4112	20.6138	1.15608
setup	0	2007-12-20 23:00:00	12.0943	420.03	254.08	15.8687	337.778	0	73.5854	0	0	0	0	20.38	15.68	26.87	20.3788	20.3699	20.3676	-99.99	20.3676	20.4052	20.443	20.4956	20.5246	20.5675	20.5739	20.6282	0.966198
setup	0	2007-12-21 23:00:00	12.0943	420.072	177.02	11.1118	370.086	0	64.2288	0	0	0	0	19.9	15.7	25.85	19.9023	19.9219	19.9263	-99.99	19.9264	20.0277	20.1025	20.2033	20.2625	20.3796	20.5137	20.6468	0.68653
setup	0	2007-12-22 23:00:00	12.0943	420.129	167.88	10.5924	378.594	0	68.2826	0	0	0	0	20.86	15.71	27.84	20.8562	20.8265	20.8203	-99.99	20.8201	20.7021	20.6259	20.5366	20.4915	20.4297	20.4461	20.6294	0.830723
setup	0	2007-12-23 23:00:00	12.0943	420.201	302.44	19.1818	321.128	0	65.0465	0	0	0	0	21.28	15.49	29.37	21.2776	21.259	21.2556	-99.99	21.2555	21.1435	21.0601	20.9462	20.8787	20.7463	20.6139	20.6311	1.1612
setup	0	2007-12-24 23:00:00	12.0943	420.289	311.93	19.8867	307.06	0	61.7281	0	0	0	0	20.75	13.8	29.68	20.7529	20.7768	20.7807	-99.99	20.7808	20.8067	20.8154	20.8151	20.8092	20.7836	20.726	20.6723	1.27816
setup	0	2007-12-25 23:00:00	12.0942	420.392	271.55	17.4018	333.877	0	48.1964	0	0	0	0	21.31	14.07	29.49	21.3062	21.2775	21.2733	-99.99	21.2732	21.1798	21.1164	21.0344	20.987	20.8938	20.7838	20.7067	1.19
setup	0	2007-12-26 23:00:00	12.0941	420.511	242.39	15.612	352.263	0	43.4821	0	0	0	0	21.85	15.3	29.55	21.8449	21.8065	21.8017	-99.99	21.8015	21.6668	21.5716	21.443	21.365	21.1993	20.968	20.7522	1.14137
setup	0	2007-12-27 23:00:00	12.0939	420.644	215.32	13.937	359.158	0	43.8972	0	0	0	0	20.37	15.48	27.41	20.3761	20.4235	20.4286	-99.99	20.4287	20.5956	20.7109	20.8523	20.9264	21.0355	21.0413	20.823	0.757226
setup	0	2007-12-28 23:00:00	12.0937	420.793	228.28	14.8462	348.782	0	38.8512	0	0	0	0	19.53	15.16	26.47	19.536	19.582	19.5862	-99.99	19.5863	19.7776	19.9218	20.1194	20.2371	20.4732	20.7421	20.8367	0.688793
setup	0	2007-12-29 23:00:00	12.0935	420.956	265.3	17.3319	330.595	0	42.4605	0	0	0	0	19.45	13.29	27.43	19.454	19.485	19.4873	-99.99	19.4874	19.5937	19.6763	19.7956	19.8737	20.0623	20.3894	20.7647	0.834789
setup	0	2007-12-30 23:00:00	12.0933	421.133	264.95	17.3828	335.21	0	47.5561	0	0	0	0	20.03	13.39	28.15	20.0279	20.0129	20.012	-99.99	20.012	19.9944	19.9931	20.0048	20.0205	20.0852	20.2726	20.6675	0.877003
setup	0	2007-12-31 23:00:00	12.093	421.325	229.09	15.0893	353.833	0	48.9323	0	0	0	0	20.28	15.12	27.66	20.2773	20.2581	20.2572	-99.99	20.2571	20.2487	20.248	20.2556	20.2641	20.2909	20.3614	20.6122	0.754094
setup	0	2008-01-01 23:00:00	12.0927	421.531	254.54	16.8257	344.747	0	41.2732	0	0	0	0	20.79	15.05	28.33	20.7868	20.7643	20.7635	-99.99	20.7635	20.6831	20.6297	20.5636	20.5276	20.468	20.4458	20.5985	0.901227
setup	0	2008-01-02 23:00:00	12.0924	421.75	292.14	19.3728	323.391	0	44.4203	0	0	0	0	20.66	13.81	28.98	20.6613	20.6713	20.6715	-99.99	20.6715	20.6595	20.645	20.6203	20.6038	20.57	20.5427	20.6095	1.07494
setup	0	2008-01-03 23:00:00	12.092	421.983	291.56	19.3879	322.969	0	37.8894	0	0	0	0	21.11	13.58	30.19	21.1072	21.088	21.0877	-99.99	21.0877	20.9993	20.9354	20.8497	20.7998	20.7059	20.6188	20.628	1.23003
setup	0	2008-01-04 23:00:00	12.0916	422.229	287.75	19.179	329.425	0	30.8851	0	0	0	0	21.5	13.92	30.5	21.4959	21.4673	21.4671	-99.99	21.4671	21.3582	21.2797	21.1721	21.1067	20.9693	20.7897	20.6633	1.21782
setup	0	2008-01-05 23:00:00	12.0912	422.488	277.1	18.5033	340.885	0	27.1947	0	0	0	0	22.23	15.65	30.3	22.2218	22.1628	22.1626	-99.99	22.1626	21.9811	21.8544	21.6835	21.58	21.3582	21.0417	20.7295	1.21018
setup	0	2008-01-06 23:00:00	12.0908	422.759	289.83	19.3781	326.454	0	20.9729	0	0	0	0	21.67	14.98	30.61	21.6719	21.6869	21.6869	-99.99	21.6869	21.6678	21.6426	21.5926	21.5535	21.443	21.2126	20.8256	1.30836
setup	0	2008-01-07 23:00:00	12.0903	423.042	298.74	19.9858	313.764	0	18.9849	0	0	0	0	21.12	13.09	29.95	21.1236	21.1508	21.1508	-99.99	21.1508	21.1948	21.2186	21.2405	21.2478	21.2433	21.1717	20.8979	1.38828
setup	0	2008-01-08 23:00:00	12.0898	423.337	296.54	19.844	315.294	0	13.2098	0	0	0	0	21.53	13.35	31.03	21.5274	21.5094	21.5094	-99.99	21.5094	21.4404	21.3912	21.3255	21.2868	21.2107	21.1117	20.9239	1.4941
setup	0	2008-01-09 23:00:00	12.0893	423.644	250.61	16.7752	344.471	0	6.13244	0	0	0	0	21.63	13.87	30.25	21.6273	21.6091	21.6091	-99.99	21.6091	21.555	21.5166	21.4626	21.428	21.3451	21.1948	20.9481	1.27188
setup	0	2008-01-10 23:00:00	12.0887	423.961	250.03	16.7414	349.233	0	0.58117	0	0	0	0	21.55	15.56	28.79	21.5475	21.5305	21.5305	-99.99	21.5305	21.5101	21.4984	21.4811	21.4675	21.4192	21.2802	20.9892	1.06895
setup	0	2008-01-11 23:00:00	12.0881	424.288	255.81	17.1337	346.745	0	21.4175	0	0	0	0	20.82	16.21	28.2	20.8238	20.8524	20.8524	-99.99	20.8524	20.9487	21.0154	21.0992	21.1443	21.2142	21.2236	21.0246	0.848291
setup	0	2008-01-12 23:00:00	12.0875	424.626	261.02	17.4883	343.695	0	24.4029	0	0	0	0	20.92	16.4	27.58	20.9195	20.9163	20.9163	-99.99	20.9163	20.9348	20.9528	20.9812	20.9998	21.04	21.0825	21.02	0.905475
setup	0	2008-01-13 23:00:00	12.0868	424.973	270.16	18.1068	343.232	0	23.7548	0	0	0	0	21.82	15.87	29.94	21.8153	21.7817	21.7817	-99.99	21.7817	21.6356	21.5309	21.3927	21.3138	21.173	21.0568	20.9966	1.11919
setup	0	2008-01-14 23:00:00	12.0862	425.329	253.5	16.9961	350.679	0	31.9018	0	0	0	0	21.11	16.98	28.32	21.1114	21.1221	21.1221	-99.99	21.1221	21.1683	21.2052	21.2485	21.2681	21.2805	21.2071	21.0099	0.841127
setup	0	2008-01-15 23:00:00	12.0855	425.693	255.35	17.1263	350.48	0	32.3627	0	0	0	0	21.21	15.35	28.65	21.2099	21.2096	21.2096	-99.99	21.2096	21.1811	21.168	21.1491	21.1383	21.1216	21.1091	21.0245	0.887817
setup	0	2008-01-16 23:00:00	12.0847	426.065	133.29	8.94303	387.923	0	37.3435	0	0	0	0	19.81	16.65	25.44	19.8171	19.8692	19.8692	-99.99	19.8692	20.1037	20.2751	20.5012	20.6301	20.8609	21.0437	21.0179	0.520037
setup	0	2008-01-17 23:00:00	12.084	426.445	246.21	16.5256	351.962	0	44.9548	0	0	0	0	20.57	16.14	27.21	20.5678	20.5525	20.5525	-99.99	20.5525	20.5186	20.507	20.5057	20.5147	20.5703	20.7415	20.9647	0.725766
setup	0	2008-01-18 23:00:00	12.0832	426.831	201.872	13.5559	363.664	0	50.6967	0	0	0	0	19.98	16.04	25.46	19.9834	20.0086	20.0086	-99.99	20.0086	20.1234	20.2115	20.3308	20.4013	20.5415	20.7109	20.8992	0.662346
setup	0	2008-01-19 23:00:00	12.0824	427.224	234.64	15.7638	354.797	0	65.693	0	0	0	0	20.41	15.13	27.7	20.4098	20.409	20.409	-99.99	20.409	20.3856	20.3748	20.3688	20.3726	20.4111	20.5577	20.8405	0.754723
setup	0	2008-01-20 23:00:00	12.0816	427.622	139.19	9.35575	378.7	0	69.0076	0	0	0	0	18.36	16.14	21.93	18.3706	18.448	18.448	-99.99	18.448	18.8128	19.0923	19.4663	19.6816	20.0885	20.4941	20.7885	0.300764
setup	0	2008-01-21 23:00:00	12.0807	428.025	253.96	17.0786	337.284	0	77.3032	0	0	0	0	19.39	14.64	25.72	19.3898	19.3886	19.3886	-99.99	19.3886	19.3812	19.3866	19.4201	19.4599	19.6148	20.0221	20.6822	0.777074
setup	0	2008-01-22 23:00:00	12.0798	428.433	290.87	19.5709	334.617	0	99.2712	0	0	0	0	20.29	15.66	26.23	20.284	20.2413	20.2413	-99.99	20.2413	20.1502	20.0946	20.0354	20.0103	19.9938	20.0965	20.5617	0.711424
setup	0	2008-01-23 23:00:00	12.0789	428.844	294.8	19.8457	333.938	0	104.657	0	0	0	0	21.35	16.18	29.45	21.343	21.2928	21.2928	-99.99	21.2928	21.0843	20.9392	20.7522	20.6475	20.4591	20.3258	20.5291	1.01629
setup	0	2008-01-24 23:00:00	12.078	429.258	280.46	18.8905	332.254	0	100.417	0	0	0	0	20.68	15.15	27.78	20.6825	20.7009	20.7009	-99.99	20.7009	20.7305	20.7439	20.7487	20.7431	20.7061	20.6057	20.5704	1.02269
setup	0	2008-01-25 23:00:00	12.0771	429.675	265.99	17.9257	334.386	0	77.9117	0	0	0	0	21.36	15.07	30.46	21.3563	21.3306	21.3306	-99.99	21.3306	21.2022	21.1089	20.9845	20.9126	20.7783	20.6528	20.619	1.35151
setup	0	2008-01-26 23:00:00	12.0761	430.094	296.31	19.9802	327.569	0	48.7464	0	0	0	0	21.35	14.8	28.89	21.3476	21.3312	21.3312	-99.99	21.3312	21.2729	21.2301	21.1672	21.1255	21.0237	20.8492	20.6692	1.1905
setup	0	2008-01-27 23:00:00	12.0751	430.514	189.05	12.7549	375.435	0	42.4309	0	0	0	0	21.06	17.31	26.78	21.0582	21.0453	21.0453	-99.99	21.0453	21.0609	21.0772	21.0972	21.1044	21.0915	20.9785	20.7381	0.781865
setup	0	2008-01-28 23:00:00	12.0741	430.934	266.23	17.9726	341.052	0	26.0024	0	0	0	0	21.35	15.56	28.58	21.3497	21.3479	21.3479	-99.99	21.3479	21.2794	21.2241	21.1459	21.0991	21.0098	20.9165	20.7852	1.14819
setup	0	2008-01-29 23:00:00	12.0731	431.354	271.66	18.35	337.295	0	24.1759	0	0	0	0	21.37	14.9	29.19	21.3695	21.3669	21.3669	-99.99	21.3669	21.3193	21.2804	21.2223	21.1849	21.102	20.9797	20.8135	1.22089
setup	0	2008-01-30 23:00:00	12.072	431.774	292.37	19.7608	328.268	0	20.5196	0	0	0	0	22.24	15.17	31.31	22.2337	22.1886	22.1886	-99.99	22.1886	22.0014	21.8655	21.6812	21.5717	21.3537	21.0941	20.851	1.50407
setup	0	2008-01-31 23:00:00	12.071	432.191	294.23	19.8987	334.128	0	21.7548	0	0	0	0	22.81	15.62	31.28	22.8028	22.7514	22.7514	-99.99	22.7514	22.5514	22.4051	22.2008	22.0741	21.7976	21.391	20.924	1.50177
setup	0	2008-02-01 23:00:00	12.0699	432.607	246.79	16.7007	349.366	0	10.9355	0	0	0	0	22.28	16.26	30.32	22.2796	22.2775	22.2775	-99.99	22.2775	22.2372	22.2004	22.1358	22.0867	21.9433	21.6205	21.0383	1.45463
setup	0	2008-02-02 23:00:00	12.0688	433.019	298.04	20.1815	322.706	0	0.799502	0	0	0	0	22.05	15.41	30.36	22.0506	22.0553	22.0553	-99.99	22.0553	22.0254	21.9968	21.948	21.9129	21.8182	21.6125	21.1323	1.52798
setup	0	2008-02-03 23:00:00	12.0676	433.428	306.72	20.7826	317.07	0	0.290268	0	0	0	0	20.82	13.33	29.67	20.8287	20.8927	20.8927	-99.99	20.8927	21.0481	21.148	21.2687	21.3326	21.4344	21.467	21.1784	1.28259
setup	0	2008-02-04 23:00:00	12.0665	433.833	300.94	20.4041	319.207	0	0.57872	0	0	0	0	21.73	12.97	31.47	21.7258	21.6963	21.6963	-99.99	21.6963	21.5933	21.5228	21.4347	21.3875	21.3131	21.2698	21.1604	1.56059
setup	0	2008-02-05 23:00:00	12.0653	434.232	292.95	19.8754	336.96	0	24.8407	0	0	0	0	22.74	14.99	32.15	22.7304	22.6619	22.6619	-99.99	22.6619	22.4503	22.3048	22.1114	21.9969	21.7632	21.46	21.1532	1.47859
setup	0	2008-02-06 23:00:00	12.0641	434.626	283.58	19.2525	340.065	0	32.5283	0	0	0	0	22.43	16.32	30.78	22.4274	22.4091	22.4091	-99.99	22.4091	22.3435	22.2964	22.2221	22.1695	22.0251	21.7206	21.2183	1.37273
setup	0	2008-02-07 23:00:00	12.063	435.013	134.33	9.1259	391.528	0	33.9345	0	0	0	0	20.47	17.26	24.59	20.4782	20.5382	20.5382	-99.99	20.5382	20.8091	21.0071	21.2649	21.4068	21.6333	21.6968	21.2957	0.738554
setup	0	2008-02-08 23:00:00	12.0617	435.393	247.14	16.8012	349.021	0	37.3873	0	0	0	0	20	16.18	25.69	20.0068	20.0566	20.0566	-99.99	20.0566	20.2261	20.3528	20.5285	20.6371	20.8722	21.1869	21.2739	0.747398
setup	0	2008-02-09 23:00:00	12.0605	435.766	301.05	20.4803	326.333	0	40.0459	0	0	0	0	21.44	14.05	30.57	21.4357	21.4049	21.4049	-99.99	21.4049	21.2405	21.1258	20.9854	20.9147	20.8296	20.9068	21.1595	1.31373
setup	0	2008-02-10 23:00:00	12.0593	436.13	236.95	16.1308	352.914	0	49.6911	0	0	0	0	21.13	14.44	29.47	21.13	21.1303	21.1303	-99.99	21.1303	21.1363	21.1423	21.1465	21.1462	21.1333	21.093	21.0971	1.17536
setup	0	2008-02-11 23:00:00	12.058	436.484	233.6	15.9139	355.133	0	54.7381	0	0	0	0	21.44	15.57	28.87	21.4362	21.4093	21.4093	-99.99	21.4093	21.3551	21.3248	21.288	21.2672	21.2231	21.1577	21.0933	1.22683
setup	0	2008-02-12 23:00:00	12.0567	436.829	269.58	18.3781	342.103	0	56.948	0	0	0	0	21.5	15.52	29.59	21.4987	21.4902	21.4902	-99.99	21.4902	21.4406	21.4095	21.3661	21.3393	21.2822	21.2034	21.1005	1.22883
setup	0	2008-02-13 23:00:00	12.0555	437.164	278.49	18.9991	338.392	0	60.0506	0	0	0	0	21.78	14.73	29.86	21.7775	21.7604	21.7604	-99.99	21.7604	21.677	21.6179	21.5375	21.4896	21.3904	21.2627	21.1125	1.33626
setup	0	2008-02-14 23:00:00	12.0542	437.487	278.14	18.989	348.294	0	70.4192	0	0	0	0	22.42	15.29	30.9	22.4141	22.3719	22.3719	-99.99	22.3719	22.2108	22.0964	21.9424	21.8507	21.6595	21.4083	21.1397	1.26469
setup	0	2008-02-15 23:00:00	12.0528	437.799	268.08	18.3156	348.457	0	70.7417	0	0	0	0	22.44	15.93	29.81	22.4359	22.4069	22.4069	-99.99	22.4069	22.3052	22.2399	22.1432	22.0788	21.9191	21.6292	21.2014	1.35867
setup	0	2008-02-16 23:00:00	12.0515	438.099	284.74	19.4682	343.045	0	63.4104	0	0	0	0	22.18	15.38	30.02	22.1805	22.1847	22.1847	-99.99	22.1847	22.1507	22.1184	22.0631	22.0229	21.9158	21.7001	21.2754	1.27242
setup	0	2008-02-17 23:00:00	12.0502	438.385	180.49	12.3497	381.464	0	56.4939	0	0	0	0	21.85	15.4	29.66	21.8511	21.8593	21.8593	-99.99	21.8593	21.87	21.8736	21.8699	21.8616	21.822	21.6916	21.3267	1.17428
setup	0	2008-02-18 23:00:00	12.0488	438.658	269.35	18.4437	349.764	0	40.8483	0	0	0	0	21.64	15.29	29.3	21.6409	21.6481	21.6481	-99.99	21.6481	21.6662	21.6774	21.6881	21.6909	21.6831	21.6186	21.3506	1.08185
setup	0	2008-02-19 23:00:00	12.0475	438.916	294.69	20.1942	342.626	0	29.6491	0	0	0	0	22	15.74	29.32	21.9969	21.9747	21.9747	-99.99	21.9747	21.9099	21.8658	21.8076	21.7729	21.6995	21.5861	21.3538	1.13221
setup	0	2008-02-20 23:00:00	12.0461	439.16	252.8	17.337	355.785	0	25.6736	0	0	0	0	21.73	16.5	28.53	21.73	21.7306	21.7306	-99.99	21.7306	21.7396	21.7452	21.7481	21.7456	21.7214	21.6242	21.3652	1.09456
setup	0	2008-02-21 23:00:00	12.0447	439.389	290.29	19.9236	337.854	0	21.3992	0	0	0	0	22	15.51	30.16	21.9992	21.994	21.994	-99.99	21.994	21.9288	21.8775	21.805	21.7611	21.6743	21.5689	21.373	1.33269
setup	0	2008-02-22 23:00:00	12.0433	439.601	281.5	19.3355	334.354	0	19.241	0	0	0	0	21.33	15.04	28.41	21.3331	21.3561	21.3561	-99.99	21.3561	21.4299	21.4797	21.5396	21.5699	21.6089	21.5827	21.3787	1.31956
setup	0	2008-02-23 23:00:00	12.0419	439.797	312.27	21.466	311.534	0	10.7952	0	0	0	0	21.42	13.69	30.32	21.4217	21.4348	21.4348	-99.99	21.4348	21.4313	21.4242	21.4125	21.4063	21.4027	21.423	21.3663	1.62409
setup	0	2008-02-24 23:00:00	12.0405	439.977	270.04	18.578	339.723	0	1.65848	0	0	0	0	21.71	13.79	30.66	21.7079	21.6932	21.6932	-99.99	21.6932	21.6428	21.6075	21.5611	21.5342	21.4825	21.4235	21.3384	1.46919
setup	0	2008-02-25 23:00:00	12.0391	440.139	269.23	18.5373	349.77	0	0.870636	0	0	0	0	22.46	14.77	31.05	22.4534	22.4058	22.4058	-99.99	22.4058	22.2548	22.1496	22.0099	21.9273	21.7605	21.5488	21.3373	1.409
setup	0	2008-02-26 23:00:00	12.0377	440.283	289.71	19.9638	346.509	0	2.60421	0	0	0	0	22.76	16.04	30.82	22.7547	22.717	22.717	-99.99	22.717	22.5858	22.4907	22.3574	22.2736	22.0836	21.7788	21.3815	1.35635
setup	0	2008-02-27 23:00:00	12.0362	440.408	285.32	19.6777	349.391	0	0.289353	0	0	0	0	23.47	16.4	32.12	23.463	23.4126	23.4126	-99.99	23.4126	23.1981	23.0402	22.8204	22.6854	22.3971	21.9856	21.4569	1.55823
setup	0	2008-02-28 23:00:00	12.0348	440.515	279.07	19.2628	346.039	0	0.868056	0	0	0	0	23.28	15.24	32.09	23.2786	23.2689	23.2689	-99.99	23.2689	23.1565	23.0642	22.9228	22.8286	22.6018	22.2041	21.5554	1.68629
setup	0	2008-02-29 23:00:00	12.0333	440.603	303.94	20.9974	335.378	0	3.08395e-10	0	0	0	0	23.24	15.68	32.33	23.2376	23.2205	23.2205	-99.99	23.2205	23.123	23.0467	22.9322	22.8562	22.6695	22.3183	21.6538	1.68868
setup	0	2008-03-01 23:00:00	12.0319	440.671	278.26	19.2399	343.551	0	2.31481	0	0	0	0	22.73	15.14	31.44	22.7313	22.741	22.741	-99.99	22.741	22.7353	22.7234	22.6946	22.6687	22.5806	22.3413	21.7341	1.59985
setup	0	2008-03-02 23:00:00	12.0304	440.719	289.83	20.0574	345.747	0	13.8889	0	0	0	0	23.38	15.57	31.77	23.374	23.3313	23.3313	-99.99	23.3313	23.1798	23.0718	22.9242	22.8344	22.6408	22.3393	21.7836	1.61193
setup	0	2008-03-03 23:00:00	12.0289	440.747	276.99	19.1858	355.156	0	20.8047	0	0	0	0	23.76	16.62	32.08	23.7542	23.7123	23.7123	-99.99	23.7123	23.5477	23.4271	23.2565	23.1489	22.9045	22.5014	21.8399	1.60013
setup	0	2008-03-04 23:00:00	12.0275	440.754	262.64	18.2082	361.297	0	23.0576	0	0	0	0	23.36	16.83	31.06	23.3592	23.3534	23.3534	-99.99	23.3534	23.3	23.2553	23.1809	23.1266	22.974	22.634	21.9215	1.43447
setup	0	2008-03-05 23:00:00	12.026	440.74	265.76	18.4413	362.428	0	15.7977	0	0	0	0	23.69	16.98	31.54	23.6859	23.6566	23.6566	-99.99	23.6566	23.5257	23.4281	23.2891	23.2012	23.0009	22.6589	21.9904	1.48058
setup	0	2008-03-06 23:00:00	12.0245	440.705	267.15	18.5549	362.754	0	8.39496	0	0	0	0	23.38	17.14	31.38	23.3796	23.3767	23.3767	-99.99	23.3767	23.3265	23.2832	23.212	23.161	23.0223	22.7211	22.0501	1.35234
setup	0	2008-03-07 23:00:00	12.023	440.649	229.43	15.95	373.503	0	15.6251	0	0	0	0	22.52	17.46	29.33	22.5233	22.5472	22.5472	-99.99	22.5472	22.6294	22.6839	22.7468	22.7758	22.7943	22.666	22.0979	1.09992
setup	0	2008-03-08 23:00:00	12.0215	440.571	252.23	17.552	363.715	0	21.9836	0	0	0	0	22.05	17.07	28.83	22.0535	22.0791	22.0791	-99.99	22.0791	22.1628	22.2211	22.296	22.3379	22.4085	22.4269	22.0978	1.02062
setup	0	2008-03-09 23:00:00	12.02	440.471	248.64	17.3191	365.279	0	18.2412	0	0	0	0	22.67	16.52	30.52	22.6674	22.6489	22.6489	-99.99	22.6489	22.5668	22.5086	22.433	22.3908	22.3178	22.2512	22.0501	1.25327
setup	0	2008-03-10 23:00:00	12.0185	440.349	281.61	19.6352	351.251	0	8.70902	0	0	0	0	22.36	16.32	29.8	22.3609	22.3678	22.3678	-99.99	22.3678	22.3787	22.3834	22.3841	22.3806	22.3575	22.2729	22.0168	1.23109
setup	0	2008-03-11 23:00:00	12.017	440.204	283.7	19.8009	351.007	0	8.10226	0	0	0	0	23.14	15.78	32.03	23.1356	23.1037	23.1037	-99.99	23.1037	22.9534	22.8441	22.6963	22.6094	22.4422	22.2546	21.9994	1.50163
setup	0	2008-03-12 23:00:00	12.0154	440.037	297.46	20.7825	352.979	0	25.2107	0	0	0	0	23.76	16.7	32.75	23.7531	23.7033	23.7033	-99.99	23.7033	23.5126	23.3769	23.1892	23.0741	22.8269	22.4703	22.0121	1.49834
setup	0	2008-03-13 23:00:00	12.0139	439.848	275.25	19.2509	356.082	0	34.7536	0	0	0	0	21.39	17.87	27.17	21.4	21.4726	21.4726	-99.99	21.4726	21.7592	21.9628	22.2188	22.3554	22.5579	22.5612	22.0749	0.808951
setup	0	2008-03-14 23:00:00	12.0124	439.636	275.6	19.2958	353.506	0	29.6503	0	0	0	0	20.85	17.03	26.16	20.8561	20.9002	20.9002	-99.99	20.9002	21.0824	21.2213	21.4171	21.5366	21.7841	22.0746	22.059	0.720082
setup	0	2008-03-15 23:00:00	12.0109	439.402	283.47	19.8682	355.117	0	32.036	0	0	0	0	22.14	16.49	29.5	22.1352	22.1004	22.1004	-99.99	22.1004	21.9754	21.8941	21.8	21.7552	21.7102	21.7886	21.9466	1.03264
