source	id	datetime	dC_ch4_emis[kgCha-1]	dC_co2_emis_auto[kgCha-1]	dC_co2_emis_hetero[kgCha-1]	dC_doc_leach[kgCha-1]	dN_don_leach[kgNha-1]	dN_no3_leach[kgNha-1]	dN_nh4_leach[kgNha-1]	dN_no_emis[kgNha-1]	dN_n2o_emis[kgNha-1]	dN_n2_emis[kgNha-1]	dN_nh3_emis[kgNha-1]	dN_n2_fix[kgNha-1]	dC_co2_fix[kgCha-1]	dS_so4_leach[kgSha-1]	dC_litter_above[kgCha-1]	dC_litter_below[kgCha-1]	dN_litter_above[kgNha-1]	dN_litter_below[kgNha-1]	dN_deposition[kgNha-1]	dN_plant_uptake[kgNha-1]	dN_mineral[kgNha-1]	dN_nitrify[kgNha-1]	dN_denitrify[kgNha-1]	dN_chemodenitrify[kgNha-1]	C_plants[kgCha-1]	C_soil[kgCha-1]	C_soil_20cm[kgCha-1]	C_soil_30cm[kgCha-1]	C_aorg[kgCha-1]	C_litter_raw[kgCha-1]	C_litter[kgCha-1]	C_mic[kgCha-1]	C_sol[kgCha-1]	C_wood_above[kgCha-1]	C_wood_below[kgCha-1]	N_plants[kgNha-1]	N_soil[kgNha-1]	N_soil_20cm[kgNha-1]	N_soil_30cm[kgNha-1]	N_aorg[kgNha-1]	N_litter_raw[kgNha-1]	N_litter[kgNha-1]	N_mic[kgNha-1]	N_sol[kgNha-1]	N_wood_above[kgNha-1]	N_wood_below[kgNha-1]	anvf_mean[-]
setup	0	2006-01-01 23:00:00	2.90942e-07	12.7913	4.25603	0.000155381	0	4.84721e-07	3.67958e-09	0.000536039	-0.000901763	0.00114498	2.95683e-09	0	0	0	79.5429	3.76784	2.94687	0.0305666	0.0136278	1.44332	5.11689	1.25441	0.0104484	0.000316052	31146.9	258022	44309.9	64089.6	453.278	107.877	270.869	94.3822	14.9271	5040.59	1258.69	549.751	43098.9	3595.91	6052.21	49.1343	3.99141	9.63157	10.7585	7.73711	89.5688	22.3767	0.583663
setup	0	2006-01-02 23:00:00	6.72115e-07	26.6159	9.23756	8.14734e-07	0	3.81491e-07	1.00134e-06	0.000795813	0.00174276	0.00419633	5.27177e-08	0	0	0	6.17772	4.58906	0.109822	0.041635	0.0136264	1.94528	1.50577	0.881668	0.0278036	0.000465949	31171.4	258017	44306.2	64085.7	454.915	111.054	261.812	99.9412	18.5892	5046.6	1258.71	552.249	43096.9	3595.41	6051.42	48.9304	4.00969	9.39412	10.3905	7.18955	89.6756	22.3771	0.570057
setup	0	2006-01-03 23:00:00	9.53121e-07	24.3198	14.6174	4.55192e-06	0	8.65236e-06	0	0.0010533	0.00298056	0.00643719	2.23553e-07	0	0	0	6.1816	4.49028	0.056541	0.0325666	0.0136441	1.31993	1.72187	1.00337	0.0149763	0.000557013	31184.1	258006	44300.1	64078.5	458.218	114.217	252.951	106.518	14.5178	5052.62	1258.72	554.421	43095.7	3595.04	6050.93	48.4825	4.01894	9.15483	10.6128	7.14241	89.7292	22.3772	0.554713
setup	0	2006-01-04 23:00:00	1.88732e-06	24.4724	14.7334	4.08082e-06	0	8.16397e-08	0	0.00105835	0.00304563	0.00758454	4.04438e-07	0	0	0	6.18415	4.56612	0.0565708	0.0338679	0.013632	0.630614	1.46341	0.855732	0.0139614	0.000589264	31209.1	257994	44294.6	64072.3	463.319	117.351	244.473	108.709	12.8911	5058.64	1258.72	555.698	43095.1	3594.93	6050.87	48.7934	4.02958	8.91896	10.5974	7.35382	89.7829	22.3772	0.54039
setup	0	2006-01-05 23:00:00	3.71411e-07	23.8688	13.7335	0.0109326	0	2.21532e-06	0	0.00109143	0.0032044	0.00912372	5.46274e-07	0	0	0	6.18759	4.54721	0.0565886	0.0346166	0.0136261	0.698023	1.43057	0.891565	0.0252394	0.000666875	31228.2	257984	44289.5	64066.7	468.692	120.469	236.479	110.494	11.7903	5064.66	1258.72	555.993	43094.5	3594.79	6050.75	49.2409	4.04116	8.68996	10.6347	7.30794	89.8366	22.3772	0.527593
setup	0	2006-01-06 23:00:00	2.29014e-07	23.8718	13.8865	0.000404421	0	6.17947e-06	0	0.00120475	0.00373695	0.0109765	6.53926e-07	0	0	0	6.19094	4.51173	0.0566043	0.0346999	0.0136256	0.878606	1.49389	0.944825	0.0309697	0.000758332	31246	257973	44284.5	64061.2	474.177	123.559	228.904	111.752	11.4203	5070.7	1258.72	556.328	43093.6	3594.6	6050.54	49.6345	4.05279	8.46715	10.6744	7.17262	89.8904	22.3772	0.516824
setup	0	2006-01-07 23:00:00	2.06317e-07	24.303	14.3822	2.64238e-07	0	7.47153e-06	0	0.00130721	0.00422255	0.0125587	7.52225e-07	0	0	0	6.19413	4.5019	0.0566244	0.0347894	0.0136256	0.844816	1.51808	0.966416	0.0309551	0.000834652	31263.9	257962	44279.5	64055.9	479.62	126.614	221.679	112.791	11.4482	5076.73	1258.71	556.695	43092.8	3594.44	6050.37	50.0479	4.06428	8.24964	10.699	7.13114	89.9442	22.3771	0.505054
setup	0	2006-01-08 23:00:00	6.38931e-09	24.6606	14.5164	3.07533e-07	0	9.21824e-06	0	0.00135357	0.00444627	0.0137302	8.52908e-07	0	0	0	6.19739	4.50507	0.0566473	0.0348851	0.0136256	0.849003	1.52112	0.978243	0.0328451	0.000894647	31282.2	257951	44274.8	64050.8	484.798	129.64	214.862	113.889	11.6747	5082.77	1258.71	557.073	43092	3594.28	6050.21	50.4691	4.07592	8.03902	10.7357	7.10233	89.9981	22.377	0.494468
setup	0	2006-01-09 23:00:00	1.52464e-08	24.5695	14.6006	3.38714e-07	0	8.33157e-06	0	0.00138309	0.00456926	0.0146545	9.54814e-07	0	0	0	6.20083	4.4795	0.0566714	0.0349814	0.0136257	0.870016	1.52532	0.986493	0.0343934	0.0009463	31299.7	257941	44270.3	64046	489.625	132.638	208.453	115.245	11.8417	5088.82	1258.7	557.467	43091.2	3594.13	6050.03	50.8713	4.08773	7.83582	10.7966	7.0776	90.052	22.3769	0.484579
setup	0	2006-01-10 23:00:00	6.42906e-11	24.9156	14.7862	3.84728e-07	0	7.19103e-06	0	0.00141385	0.00467104	0.0153602	1.05587e-06	0	0	0	6.20419	4.47459	0.0566971	0.0350793	0.013626	0.880686	1.5357	0.996929	0.0350578	0.000999346	31317.7	257930	44266	64041.3	494.129	135.603	202.384	116.922	11.9635	5094.87	1258.7	557.877	43090.3	3593.98	6049.87	51.2595	4.09952	7.63877	10.8857	7.06683	90.106	22.3767	0.475583
setup	0	2006-01-11 23:00:00	7.2603e-11	24.4158	15.2088	4.23941e-07	0	6.19142e-06	0	0.00144709	0.00474303	0.0161389	1.15854e-06	0	0	0	6.20769	4.4348	0.0567245	0.0351793	0.0137267	0.871044	1.56279	1.0293	0.0372779	0.00104467	31333.6	257919	44261.7	64036.7	498.77	138.531	196.606	118.543	11.7738	5100.92	1258.69	558.308	43089.5	3593.84	6049.73	51.6704	4.11115	7.44711	10.9904	7.06874	90.16	22.3766	0.465779
setup	0	2006-01-12 23:00:00	8.10699e-11	23.3062	15.3384	4.28241e-07	0	5.82381e-06	0	0.00146741	0.00493441	0.0171306	1.25885e-06	0	0	0	6.21093	4.37738	0.0567536	0.0352838	0.013721	0.858899	1.56546	1.03958	0.0405747	0.00106723	31346.7	257908	44257.5	64032.3	503.642	141.431	191.181	119.65	11.5301	5106.98	1258.68	558.756	43088.7	3593.71	6049.6	52.1233	4.12304	7.26288	11.0714	7.08093	90.2141	22.3765	0.459924
setup	0	2006-01-13 23:00:00	1.28168e-10	24.2979	15.0309	4.53081e-07	0	9.54118e-06	0	0.00145706	0.005124	0.0179034	1.34852e-06	0	0	0	6.2138	4.42786	0.0567839	0.0512889	0.0136343	1.04588	1.58347	1.04899	0.0430447	0.00107373	31365.6	257897	44253.7	64028.1	508.353	144.313	186.144	120.546	11.5373	5113.06	1258.68	559.203	43087.6	3593.54	6049.38	52.4961	4.1513	7.08771	11.1323	6.99154	90.2684	22.3764	0.452066
setup	0	2006-01-14 23:00:00	6.0068e-10	24.1408	15.1812	4.64694e-07	0	1.01836e-05	0	0.00146004	0.00525201	0.0186875	1.40941e-06	0	0	0	6.21754	4.39223	0.0568149	0.0354963	0.0136943	1.02938	1.58492	1.05262	0.0406468	0.00108323	31383.8	257887	44250	64024.1	512.891	147.166	181.39	121.561	11.3043	5119.13	1258.68	559.655	43086.7	3593.38	6049.17	52.8548	4.1635	6.91976	11.1832	6.963	90.3228	22.3764	0.446237
setup	0	2006-01-15 23:00:00	2.23243e-09	23.2678	15.3627	4.74659e-07	0	7.98606e-06	0	0.00146891	0.00530997	0.0197242	1.4369e-06	0	0	0	6.22109	4.3311	0.0568472	0.0355937	0.0136551	0.976389	1.58382	1.05155	0.0406672	0.00110249	31398.5	257876	44246.3	64020	517.41	149.983	176.843	122.509	11.1067	5125.22	1258.68	560.101	43085.7	3593.23	6048.98	53.2594	4.17559	6.75658	11.2321	6.97756	90.3772	22.3764	0.437136
setup	0	2006-01-16 23:00:00	9.97186e-09	23.8701	15.7513	4.85279e-07	0	4.9377e-06	0	0.00149447	0.00534565	0.0212854	1.44707e-06	0	0	0	6.2241	4.3627	0.0568793	0.0356877	0.01375	0.954003	1.61111	1.07988	0.0443695	0.00113088	31416.3	257865	44242.3	64016.1	522.199	152.748	172.458	123.211	10.9186	5131.29	1258.67	560.556	43084.8	3593.09	6048.85	53.7156	4.18694	6.59725	11.2783	7.00137	90.4314	22.3763	0.431508
setup	0	2006-01-17 23:00:00	1.01469e-08	23.5565	15.6715	4.85847e-07	0	2.93436e-06	0	0.00150563	0.00547156	0.0231501	1.45752e-06	0	0	0	6.22767	4.34246	0.0569117	0.0357854	0.0136705	0.985947	1.61858	1.09168	0.0487201	0.00115639	31433.4	257853	44238.6	64012.1	526.913	155.488	168.304	123.821	10.8553	5137.37	1258.67	561.022	43083.8	3592.95	6048.69	54.1699	4.19864	6.44354	11.3196	7.01075	90.4857	22.3762	0.424004
setup	0	2006-01-18 23:00:00	1.47696e-09	23.7379	15.5662	4.89361e-07	0	1.61746e-06	0	0.00151135	0.00559603	0.0250257	1.46565e-06	0	0	0	6.23116	4.34396	0.056945	0.0358853	0.0136624	1.03337	1.62762	1.10291	0.0513618	0.00118096	31451.7	257842	44235	64008.2	531.432	158.203	164.374	124.528	10.8594	5143.46	1258.67	561.5	43082.8	3592.8	6048.5	54.5936	4.2105	6.2956	11.3641	7.00881	90.5402	22.3762	0.420313
setup	0	2006-01-19 23:00:00	2.12256e-09	23.5659	15.3537	4.91013e-07	0	8.93049e-07	0	0.00150177	0.00567483	0.0265317	1.46798e-06	0	0	0	6.23483	4.33065	0.0569795	0.0359853	0.013635	1.06948	1.62062	1.1019	0.0520561	0.00119004	31470	257832	44231.6	64004.7	535.658	160.901	160.681	125.363	10.9067	5149.56	1258.67	561.983	43081.8	3592.65	6048.3	54.9786	4.22266	6.15388	11.4119	7.00541	90.5948	22.3762	0.416599
setup	0	2006-01-20 23:00:00	3.06541e-09	23.3847	15.0469	4.91558e-07	0	5.41619e-07	0	0.00147783	0.00567691	0.0276192	1.46682e-06	0	0	0	6.98933	4.31693	0.0683748	0.0360837	0.0136273	1.0535	1.59571	1.08338	0.0516612	0.00118882	31488.5	257821	44228.6	64001.4	539.489	164.333	157.204	126.466	11.0672	5155.67	1258.68	562.467	43080.7	3592.5	6048.1	55.3427	4.24642	6.01805	11.4705	7.02705	90.6495	22.3763	0.412917
setup	0	2006-01-21 23:00:00	4.26364e-09	20.1478	14.7529	4.74263e-07	0	3.77834e-07	0	0.00142676	0.00553437	0.0284239	1.45988e-06	0	0	0	7.11268	4.16536	0.0702318	0.0361816	0.0136526	0.959733	1.54935	1.0591	0.052198	0.00116812	31493.7	257811	44225.7	63998.4	543.147	167.879	153.953	127.607	10.9987	5161.79	1258.69	562.951	43079.8	3592.39	6047.96	55.7306	4.27254	5.88837	11.5397	7.09498	90.7044	22.3765	0.403324
setup	0	2006-01-22 23:00:00	5.83084e-09	22.7481	14.3834	4.9021e-07	0	2.82335e-07	0	0.0013906	0.00551797	0.0293027	1.44917e-06	0	0	0	7.25078	4.28809	0.0858744	0.0543471	0.0136288	1.12801	1.57039	1.06025	0.0557381	0.00116386	31514	257801	44223.1	63995.6	546.603	171.532	150.877	128.746	11.3554	5167.91	1258.71	563.402	43078.7	3592.24	6047.74	56.0278	4.33231	5.76407	11.6135	7.05653	90.7594	22.3768	0.399739
setup	0	2006-01-23 23:00:00	6.99926e-09	22.6236	14.4266	4.84933e-07	0	2.17868e-07	0	0.00139819	0.00555291	0.0298931	1.42238e-06	0	0	0	7.40925	4.25628	0.074721	0.0363596	0.0136288	1.13776	1.57261	1.06561	0.0528445	0.00118178	31532.4	257792	44220.5	63993	549.759	175.311	147.95	130.191	11.5504	5174.04	1258.72	563.887	43077.6	3592.08	6047.52	56.2902	4.36254	5.64441	11.6914	7.05581	90.8144	22.377	0.395033
setup	0	2006-01-24 23:00:00	7.99252e-09	22.8972	14.3212	4.81858e-07	0	1.69329e-07	0	0.00138614	0.00548692	0.0301572	1.39714e-06	0	0	0	7.58764	4.26743	0.0774236	0.0364518	0.0136325	1.08097	1.55122	1.0519	0.0518898	0.00118418	31552.1	257782	44218.1	63990.6	552.708	179.242	145.167	131.818	11.773	5180.18	1258.74	564.363	43076.6	3591.94	6047.33	56.5724	4.39552	5.52883	11.7789	7.09553	90.8695	22.3773	0.391594
setup	0	2006-01-25 23:00:00	9.08137e-09	22.5207	14.1059	4.75429e-07	0	1.34656e-07	0	0.00136337	0.00540731	0.0301032	1.3857e-06	0	0	0	7.78868	4.24574	0.0804708	0.0365408	0.013627	1.06873	1.53317	1.03579	0.0516647	0.00118431	31570.8	257773	44215.9	63988.3	555.42	183.352	142.522	133.606	12.055	5186.32	1258.76	564.835	43075.5	3591.8	6047.14	56.8506	4.43163	5.41724	11.8803	7.13713	90.9248	22.3777	0.386515
setup	0	2006-01-26 23:00:00	9.94438e-09	22.5867	13.8413	4.72217e-07	0	1.0871e-07	0	0.00134509	0.00532907	0.0302478	1.38013e-06	0	0	0	8.01412	4.24319	0.0839034	0.0366304	0.0136256	1.10829	1.52523	1.02663	0.0533328	0.00119266	31590.3	257763	44213.9	63986.3	557.869	187.67	140.018	135.535	12.4168	5192.47	1258.79	565.315	43074.4	3591.66	6046.94	57.0899	4.47134	5.30978	11.9925	7.16046	90.9801	22.3781	0.380416
setup	0	2006-01-27 23:00:00	1.05703e-08	21.6485	13.6113	4.64414e-07	0	8.86636e-08	0	0.00133047	0.0052742	0.0304854	1.38314e-06	0	0	0	8.26654	4.18526	0.0877578	0.0367209	0.0136256	1.12809	1.51187	1.01592	0.053698	0.00119985	31606	257754	44212.1	63984.5	560.076	192.225	137.648	137.575	12.7245	5198.63	1258.81	565.799	43073.3	3591.52	6046.73	57.2964	4.51514	5.20639	12.1094	7.184	91.0356	22.3786	0.378408
setup	0	2006-01-28 23:00:00	1.09062e-08	19.8818	13.3534	4.52776e-07	0	7.28373e-08	5.57804e-06	0.00132177	0.0052318	0.0306012	1.39354e-06	0	0	0	8.54756	4.08457	0.09207	0.0368111	0.0136256	1.08257	1.48524	1.00043	0.0533508	0.00120926	31614.8	257746	44210.5	63982.9	562.056	197.042	135.395	139.754	13.0209	5204.8	1258.85	566.278	43072.3	3591.4	6046.55	57.5093	4.56338	5.10657	12.2329	7.24017	91.0912	22.3792	0.373776
setup	0	2006-01-29 23:00:00	1.04068e-08	19.4113	13.0926	4.49042e-07	0	6.06605e-08	4.62632e-06	0.00131866	0.00520732	0.0303849	1.4151e-06	0	0	0	8.85917	4.04734	0.100003	0.0385011	0.0136256	0.815097	1.41974	0.975524	0.053458	0.00122465	31622.8	257737	44209.1	63981.5	563.82	202.147	133.247	142.069	13.4477	5210.97	1258.88	566.746	43071.5	3591.33	6046.45	57.8173	4.62123	5.00988	12.3687	7.46281	91.1469	22.3798	0.369755
setup	0	2006-01-30 23:00:00	8.50505e-09	19.3444	12.7086	4.49139e-07	0	6.73988e-08	0	0.00131891	0.00520326	0.0307827	1.45002e-06	0	0	0	9.20506	4.03547	0.14202	0.0549681	0.0136256	0.709435	1.38036	0.963955	0.0612493	0.00126646	31630.2	257729	44207.8	63980.3	565.366	207.573	131.197	144.586	14.0766	5217.15	1258.92	567.081	43070.8	3591.28	6046.38	58.1729	4.7375	4.91617	12.5372	7.70017	91.2027	22.3805	0.365336
setup	0	2006-01-31 23:00:00	6.76092e-09	20.4399	11.3644	4.06137e-07	0	2.83393e-08	4.82553e-06	0.00137482	0.00528429	0.0325737	1.50955e-06	0	0	0	9.58825	4.08218	0.153036	0.0549858	0.0136271	0.932566	1.77158	1.12683	0.0740272	0.00132658	31646.5	257722	44212.3	63985.2	567.49	213.357	129.258	144.057	10.3915	5223.34	1258.96	567.362	43069.9	3591.47	6046.54	56.9093	4.86459	4.82619	12.3928	6.55632	91.2587	22.3812	0.361072
setup	0	2006-02-01 23:00:00	3.57496e-09	20.9268	10.0218	4.05142e-07	0	2.71962e-08	2.9766e-06	0.00127471	0.00545653	0.0345204	1.61697e-06	0	0	0	10.0122	4.10748	0.165181	0.0549887	0.0136256	1.02943	1.07077	0.788141	0.0749922	0.00127709	31666.1	257717	44211.9	63985	569.62	219.549	127.416	141.662	9.73239	5229.54	1259.01	567.752	43068.9	3591.38	6046.39	56.9909	5.00363	4.73959	12.1809	6.42591	91.3147	22.382	0.357303
setup	0	2006-02-02 23:00:00	3.50536e-09	20.2336	9.40934	4.00175e-07	0	4.59978e-10	1.38135e-06	0.00122857	0.00565401	0.0342557	1.77461e-06	0	0	0	10.4787	4.08426	0.178551	0.0550078	0.0136257	0.985214	1.03091	0.725718	0.0663435	0.00122695	31684.6	257712	44211.8	63985.1	571.197	226.193	125.67	139.433	9.84014	5235.75	1259.06	568.186	43068	3591.3	6046.25	57.0512	5.1558	4.65651	11.9695	6.36666	91.3709	22.3829	0.351303
setup	0	2006-02-03 23:00:00	4.28553e-09	19.5904	9.04013	3.98772e-07	0	2.57842e-08	7.32344e-07	0.00117111	0.00566123	0.032452	1.89425e-06	0	0	0	10.9896	4.06463	0.193213	0.0550332	0.0136257	0.958867	1.00342	0.668675	0.0586737	0.00115662	31703.4	257708	44211.8	63985.4	572.25	233.331	124.017	137.652	10.1835	5241.96	1259.12	568.594	43067.1	3591.23	6046.11	57.0717	5.3223	4.57688	11.7856	6.33947	91.4272	22.3839	0.347955
setup	0	2006-02-04 23:00:00	5.16311e-09	18.0795	8.90973	3.95635e-07	0	2.38014e-08	4.45584e-06	0.00111184	0.00547813	0.0299675	1.94498e-06	0	0	0	11.5475	4.00327	0.209232	0.055053	0.0136256	0.855535	0.958202	0.623144	0.0516528	0.00109067	31718.3	257703	44211.9	63985.7	572.879	241.006	122.45	136.185	10.5506	5248.19	1259.18	568.984	43066.3	3591.17	6045.99	57.1104	5.50442	4.50047	11.6273	6.36275	91.4836	22.3849	0.345257
setup	0	2006-02-05 23:00:00	5.74215e-09	17.1657	8.6267	3.92213e-07	0	2.01937e-08	8.69366e-06	0.00105777	0.0051826	0.0278371	1.94109e-06	0	0	0	12.1542	3.96101	0.226677	0.0550686	0.0136256	0.801546	0.938249	0.587822	0.0492742	0.00104678	31732.1	257699	44212.1	63986.2	573.166	249.263	120.968	135.081	10.9954	5254.41	1259.24	569.319	43065.6	3591.12	6045.88	57.123	5.70348	4.42726	11.5	6.40701	91.5401	22.386	0.341223
setup	0	2006-02-06 23:00:00	5.87849e-09	16.4757	8.50774	3.87934e-07	0	1.65516e-08	8.61363e-06	0.00101675	0.00486719	0.0261409	1.90637e-06	0	0	0	12.8122	3.92919	0.245606	0.0550729	0.0136257	0.833106	0.933965	0.5662	0.0467264	0.00102116	31745.5	257695	44212.5	63986.7	573.187	258.15	119.565	134.207	11.4654	5260.65	1259.3	569.624	43064.8	3591.06	6045.75	57.0972	5.92088	4.35702	11.3938	6.41865	91.5967	22.3871	0.336977
setup	0	2006-02-07 23:00:00	5.60144e-09	15.2136	8.38133	3.8245e-07	0	1.34608e-08	9.48022e-06	0.0009876	0.00462031	0.0246795	1.86772e-06	0	0	0	13.5237	3.87541	0.224215	0.04746	0.0136256	0.71518	0.901579	0.554622	0.0454673	0.001003	31755.6	257691	44212.9	63987.3	573.005	267.719	118.242	133.568	11.8535	5266.89	1259.37	569.931	43064.1	3591.01	6045.64	57.0892	6.10864	4.28978	11.3058	6.50001	91.6534	22.3883	0.333338
setup	0	2006-02-08 23:00:00	4.50831e-09	14.7586	8.18592	3.78325e-07	0	8.92055e-09	9.98016e-06	0.000963088	0.00444976	0.0236882	1.83071e-06	0	0	0	14.2898	3.85542	0.244148	0.0478161	0.0136256	0.72552	0.881201	0.534038	0.0463329	0.000994076	31767.2	257688	44213.4	63987.9	572.652	278.019	116.996	133.124	12.3152	5273.13	1259.44	570.179	43063.5	3590.97	6045.54	57.083	6.31615	4.22516	11.2377	6.54041	91.7101	22.3896	0.331131
setup	0	2006-02-09 23:00:00	3.13114e-09	13.8713	8.19974	3.74302e-07	0	6.67297e-09	1.08469e-05	0.000945165	0.00433922	0.0230465	1.79845e-06	0	0	0	15.1127	3.83432	0.290067	0.0517509	0.0136256	0.640375	0.859279	0.524252	0.0468872	0.000990292	31778.1	257684	44213.9	63988.6	572.163	289.106	115.827	132.696	12.7775	5279.38	1259.52	570.434	43062.9	3590.95	6045.47	57.0962	6.57291	4.16323	11.1733	6.6238	91.7669	22.3909	0.328455
setup	0	2006-02-10 23:00:00	1.5078e-09	13.2403	8.26523	3.70938e-07	0	1.98419e-09	1.20624e-05	0.000933342	0.00432904	0.0224961	1.7764e-06	0	0	0	15.9928	3.82082	0.338512	0.0551181	0.0136256	0.676276	0.857838	0.511557	0.0477016	0.00099019	31790.5	257680	44214.3	63989.1	571.552	301.035	114.733	132.222	13.2499	5285.64	1259.6	570.655	43062.3	3590.92	6045.39	57.0934	6.88067	4.10401	11.111	6.67247	91.8238	22.3922	0.323901
setup	0	2006-02-11 23:00:00	1.00953e-09	11.9816	8.35644	3.66685e-07	0	7.947e-10	1.47077e-05	0.000938028	0.00436279	0.022087	1.76002e-06	0	0	0	16.9311	3.78188	0.365671	0.0550941	0.0136261	0.589749	0.847624	0.511243	0.0488581	0.00100716	31800.2	257676	44214.5	63989.5	570.826	313.856	113.716	131.692	13.6957	5291.89	1259.67	570.888	43061.7	3590.89	6045.32	57.0975	7.21448	4.04757	11.0469	6.79378	91.8807	22.3936	0.32109
setup	0	2006-02-12 23:00:00	1.07593e-09	8.78786	8.33705	3.59855e-07	0	1.88237e-09	1.97994e-05	0.000945203	0.00441536	0.0219049	1.76598e-06	0	0	0	17.9264	3.67068	0.370892	0.0524183	0.0136268	0.153773	0.767325	0.507563	0.0510105	0.00102915	31797.6	257672	44214.7	63989.7	569.998	327.625	112.774	131.161	14.1058	5298.16	1259.76	571.066	43061.6	3590.93	6045.34	57.2482	7.54969	3.99384	10.9898	7.19292	91.9376	22.395	0.317903
setup	0	2006-02-13 23:00:00	1.04277e-09	7.5829	8.01136	3.56991e-07	0	4.35726e-09	1.97531e-05	0.000948949	0.00449671	0.0225178	1.80212e-06	0	0	0	18.9768	3.63173	0.45267	0.0622952	0.0136291	0.319368	0.742933	0.499892	0.0602766	0.00106867	31794.3	257668	44215	63990.1	569.081	342.389	111.906	130.818	14.6502	5304.42	1259.84	571.034	43061.4	3590.95	6045.32	57.4252	7.94822	3.94266	10.966	7.35496	92.0218	22.3965	0.316569
setup	0	2006-02-14 23:00:00	1.02889e-09	6.52548	7.7928	3.57717e-07	0	8.34572e-09	1.84175e-05	0.000974234	0.00467026	0.0235229	1.87366e-06	0	0	0	20.0836	3.63161	0.457636	0.0549959	0.0136258	0.264584	0.754424	0.519464	0.0646263	0.00112295	31797.8	257665	44215.5	63990.6	568.085	358.201	111.115	130.707	15.2137	5310.68	1259.92	571.098	43061.1	3590.97	6045.29	57.5529	8.3702	3.89429	10.9607	7.60389	92.0788	22.398	0.313909
setup	0	2006-02-15 23:00:00	9.40875e-10	5.92338	7.61829	3.59061e-07	0	1.45445e-08	1.72554e-05	0.0010005	0.00492423	0.0247166	1.98441e-06	0	0	0	21.2444	3.61197	0.467868	0.0553435	0.0136395	0.426212	0.780169	0.537925	0.0709045	0.00117219	31802.2	257662	44216.1	63991.2	567.053	375.114	110.401	130.878	15.678	5316.94	1260.01	571.119	43060.7	3590.96	6045.2	57.6143	8.78765	3.84856	10.981	7.73499	92.1495	22.3995	0.310393
setup	0	2006-02-16 23:00:00	8.00289e-10	5.49433	7.53871	3.60294e-07	0	2.36726e-08	1.57129e-05	0.00103605	0.00520925	0.0260272	2.11406e-06	0	0	0	22.4562	3.5826	0.329489	0.040876	0.0136289	0.222328	0.760081	0.565953	0.0756656	0.00122537	31802.9	257659	44216.8	63991.9	566.007	393.18	109.768	131.214	16.032	5323.21	1260.1	571.197	43060.5	3590.97	6045.14	57.7053	9.05477	3.80545	11.0133	8.03142	92.2162	22.401	0.306633
setup	0	2006-02-17 23:00:00	5.21559e-10	4.92033	7.44529	3.60754e-07	0	3.63847e-08	1.50333e-05	0.00105877	0.00552882	0.0274903	2.25188e-06	0	0	0	23.7147	3.55504	0.446375	0.0547296	0.0136325	0.254236	0.737932	0.560192	0.0829903	0.001268	31800.3	257656	44217.6	63992.6	564.959	412.44	109.221	131.665	16.3172	5329.47	1260.19	571.164	43060.3	3590.99	6045.09	57.8307	9.41625	3.76445	11.0623	8.24134	92.3185	22.4026	0.304105
setup	0	2006-02-18 23:00:00	1.91114e-10	4.89727	7.31972	3.60516e-07	0	5.5107e-08	1.55886e-05	0.00108849	0.00585227	0.0288464	2.38257e-06	0	0	0	25.0159	3.54705	0.529142	0.0557285	0.0136297	0.189456	0.738209	0.568561	0.0874995	0.00131965	31797.1	257653	44218.6	63993.4	563.9	432.931	108.761	132.197	16.6076	5335.74	1260.28	571.164	43060.2	3591.01	6045.05	57.9474	9.87448	3.72586	11.1209	8.5138	92.4064	22.4042	0.302414
setup	0	2006-02-19 23:00:00	1.42589e-10	4.64645	7.19585	3.58563e-07	0	1.12412e-07	2.33544e-05	0.00111799	0.00615753	0.0301029	2.51034e-06	0	0	0	26.355	3.53274	0.554416	0.0591045	0.0136359	0.207308	0.730501	0.574676	0.0928484	0.00136987	31792.7	257651	44219.6	63994.2	562.84	454.685	108.389	132.795	16.9296	5342	1260.37	571.117	43060	3591.05	6045.01	58.0773	10.3404	3.68983	11.1905	8.74544	92.5137	22.4058	0.299667
setup	0	2006-02-20 23:00:00	1.21816e-10	4.59137	7.08322	3.56197e-07	0	2.21232e-07	2.84951e-05	0.00114694	0.00646333	0.0310576	2.64878e-06	0	0	0	27.7257	3.52625	0.636121	0.0597485	0.0136275	0.16514	0.728718	0.580183	0.0960177	0.00141642	31788.4	257648	44220.8	63995.1	561.775	477.729	108.11	133.443	17.2771	5348.26	1260.47	571.094	43059.9	3591.08	6044.96	58.2037	10.8981	3.65642	11.2665	9.01791	92.6099	22.4075	0.296669
setup	0	2006-02-21 23:00:00	6.9456e-11	4.97021	6.96797	3.52994e-07	0	4.11508e-07	5.744e-06	0.00117151	0.00672016	0.0319098	2.78921e-06	0	0	0	29.1211	3.5327	0.673121	0.0621206	0.0136308	0.332538	0.744997	0.585958	0.100967	0.00145992	31786.8	257646	44222.1	63996.1	560.702	502.084	107.927	134.14	17.6259	5354.52	1260.56	571.04	43059.6	3591.1	6044.89	58.2904	11.4818	3.62598	11.35	9.15254	92.7174	22.4092	0.295049
setup	0	2006-02-22 23:00:00	1.03113e-11	4.34842	6.79082	3.48645e-07	0	9.78939e-07	3.299e-06	0.00120139	0.00695387	0.0324663	2.9312e-06	0	0	0	30.5336	3.50083	0.650449	0.0531055	0.0136262	0.117667	0.733959	0.599619	0.102958	0.00150832	31780.6	257644	44223.5	63997.1	559.6	527.763	107.846	134.926	17.9177	5360.78	1260.66	571.081	43059.5	3591.15	6044.84	58.3853	12.0594	3.59859	11.4371	9.49063	92.7973	22.4109	0.293806
setup	0	2006-02-23 23:00:00	3.89444e-12	3.54644	6.62685	3.44733e-07	0	2.05421e-06	6.41449e-06	0.00122246	0.00714742	0.0326936	3.06573e-06	0	0	0	31.9529	3.47505	0.753689	0.0631728	0.0136256	0.13174	0.704307	0.592216	0.106547	0.00154886	31770.6	257642	44225	63998.2	558.477	554.766	107.87	135.812	18.1974	5367.04	1260.76	571	43059.5	3591.19	6044.78	58.5222	12.7167	3.5742	11.5384	9.76341	92.9085	22.4126	0.290692
setup	0	2006-02-24 23:00:00	1.70081e-12	3.62223	6.52334	3.40726e-07	0	3.94562e-06	9.3147e-06	0.00125083	0.00727622	0.033253	3.20107e-06	0	0	0	33.3695	3.46637	0.782209	0.0627028	0.0136316	0.0773205	0.698789	0.600835	0.111572	0.00161161	31759.2	257640	44226.7	63999.3	557.338	583.083	108.001	136.783	18.4822	5373.3	1260.86	570.924	43059.4	3591.25	6044.74	58.6649	13.3997	3.55292	11.6506	10.0724	93.0197	22.4144	0.289386
setup	0	2006-02-25 23:00:00	7.38043e-13	3.46053	6.63214	3.38106e-07	0	6.83531e-06	9.28246e-06	0.00127946	0.00731702	0.0347389	3.36196e-06	0	0	0	34.7733	3.45727	0.890257	0.0657962	0.0137198	0.0898252	0.709275	0.616457	0.118818	0.00169138	31747	257638	44228.3	64000.7	556.192	612.676	108.159	137.896	18.6982	5379.54	1260.96	570.83	43059.4	3591.31	6044.73	58.8116	14.1907	3.53227	11.7783	10.3596	93.1306	22.4161	0.287435
setup	0	2006-02-26 23:00:00	3.2015e-13	3.98079	6.56904	3.36558e-07	0	1.06233e-05	6.48821e-06	0.00130843	0.00735732	0.0370363	3.54319e-06	0	0	0	36.1528	3.47157	0.91923	0.0652869	0.0136526	0.054208	0.70944	0.627861	0.12585	0.00177171	31741	257636	44230.1	64002	555.056	643.534	108.461	139.046	18.9582	5385.78	1261.06	570.742	43059.4	3591.38	6044.71	58.9657	15.0073	3.51602	11.9141	10.669	93.2416	22.4179	0.286137
setup	0	2006-02-27 23:00:00	1.35434e-13	5.29855	7.60512	3.35455e-07	0	1.44731e-05	2.21373e-05	0.00132378	0.00731923	0.0394667	3.7201e-06	0	0	0	37.4976	3.51395	1.00566	0.0670532	0.0138837	0.451314	0.823198	0.689105	0.13249	0.00183232	31744.1	257634	44231	64003.7	554.143	675.539	108.395	140.257	18.8917	5391.96	1261.16	570.643	43059	3591.42	6044.77	59.0352	15.9068	3.48918	12.0701	10.6722	93.351	22.4195	0.284539
setup	0	2006-02-28 23:00:00	5.69986e-14	6.7714	8.92419	3.14624e-07	0	1.67732e-05	0.000525441	0.00147087	0.00750707	0.042482	3.78677e-06	0	0	0	38.7952	3.53849	0.922625	0.0503625	0.0140476	0.377668	0.962838	0.8321	0.137327	0.00192223	31752.8	257630	44232.3	64006.1	554.699	708.603	107.884	139.327	16.8097	5398.03	1261.25	570.77	43058.7	3591.54	6044.95	58.7946	16.7519	3.44967	12.0667	10.4656	93.4049	22.4212	0.283919
setup	0	2006-03-01 23:00:00	2.34305e-14	8.12824	10.3699	3.05354e-07	0	1.75166e-05	0.000345723	0.00141234	0.00711473	0.0449596	3.69015e-06	0	0	0	40.0318	3.58096	0.94297	0.0507738	0.0143169	0.577355	0.893125	0.793601	0.14224	0.00193255	31768.1	257625	44230.5	64006.8	555.267	742.633	107.195	137.293	15.165	5404.11	1261.33	570.855	43058.1	3591.56	6045.22	58.8854	17.6086	3.40485	12.0056	10.37	93.4633	22.4226	0.285765
setup	0	2006-03-02 23:00:00	1.34002e-14	10.0668	9.29262	2.95051e-07	0	1.77371e-05	0.000155333	0.00164618	0.00832417	0.0470308	3.4989e-06	0	0	0	41.1941	3.63383	1.04557	0.0522798	0.0137513	0.911961	0.98192	0.804457	0.140983	0.00196882	31791.7	257622	44229.5	64006.9	555.624	777.581	106.632	136.09	14.3311	5410.17	1261.4	571.051	43057.3	3591.51	6045.19	58.7911	18.5686	3.36348	11.9678	10.0804	93.5172	22.4238	0.284752
setup	0	2006-03-03 23:00:00	5.71534e-15	11.1543	10.6276	2.85129e-07	0	1.79812e-05	9.41655e-06	0.00166347	0.00779876	0.049027	3.26007e-06	0	0	0	42.2686	3.65967	0.976432	0.0487714	0.0149197	0.944411	1.13139	0.941665	0.139934	0.00201674	31817	257617	44225.9	64008.2	557.045	813.198	106.082	133.658	13.1622	5416.24	1261.45	571.403	43056.4	3591.3	6045.46	58.7033	19.4487	3.32186	11.8559	9.82057	93.5711	22.4246	0.28559
setup	0	2006-03-04 23:00:00	3.11114e-15	11.0053	10.3329	2.76226e-07	0	1.81428e-05	8.65994e-07	0.00179814	0.00843948	0.0505708	2.99388e-06	0	0	0	43.24	3.66368	1.06469	0.0508103	0.0138672	0.860901	1.12114	0.922006	0.137334	0.00203732	31840.7	257613	44223.2	64007.1	558.338	849.529	105.741	131.335	12.5557	5422.32	1261.49	571.778	43055.6	3591.11	6045.41	58.6732	20.4141	3.28551	11.6999	9.67208	93.625	22.4253	0.286152
setup	0	2006-03-05 23:00:00	1.29079e-15	12.5991	10.7082	2.68917e-07	0	1.81834e-05	1.27346e-06	0.0014878	0.0070364	0.0521117	2.73902e-06	0	0	0	44.094	3.73235	1.15506	0.0529329	0.0144176	1.24539	1.20344	0.94143	0.136073	0.00204381	31873	257609	44220.8	64006.1	559.352	886.509	105.576	128.992	12.0401	5428.4	1261.52	572.118	43054.4	3590.86	6045.26	58.5004	21.4675	3.25403	11.5433	9.28161	93.679	22.4258	0.292829
setup	0	2006-03-06 23:00:00	8.31211e-16	13.1761	12.043	2.62389e-07	0	1.76014e-05	1.51114e-06	0.00172833	0.00811237	0.0534874	2.49892e-06	0	0	0	44.8188	3.75169	1.01926	0.0478643	0.0140242	1.19315	1.25743	0.971364	0.127497	0.00204999	31904.3	257603	44217.3	64004.5	560.268	923.979	105.593	125.526	11.6317	5434.48	1261.54	572.635	43053.3	3590.58	6045.17	58.3375	22.3746	3.2277	11.3007	9.03685	93.7331	22.4263	0.294754
setup	0	2006-03-07 23:00:00	5.72951e-16	13.3723	12.0514	2.55794e-07	0	1.6512e-05	1.58706e-06	0.00207785	0.00961384	0.0533373	2.27782e-06	0	0	0	45.3993	3.77166	1.08426	0.0493634	0.0136313	1.17124	1.25812	0.950776	0.117425	0.00200465	31935.3	257598	44214.4	64002.6	560.81	961.827	105.692	122.416	11.5642	5440.57	1261.57	573.13	43052.2	3590.32	6044.99	58.1826	23.3438	3.20343	11.0664	8.83766	93.7871	22.4266	0.290673
setup	0	2006-03-08 23:00:00	3.24239e-16	13.6231	10.9547	2.4907e-07	0	1.5393e-05	1.71895e-06	0.00202025	0.00930151	0.0518504	2.07744e-06	0	0	0	45.8233	3.79696	1.12967	0.0503487	0.0136288	1.09123	1.22416	0.898007	0.105988	0.00192315	31966.6	257594	44213.2	64001.1	560.918	999.983	105.9	120.789	11.626	5446.66	1261.59	573.615	43051.3	3590.13	6044.71	57.9748	24.356	3.18269	10.917	8.70181	93.8411	22.427	0.287877
setup	0	2006-03-09 23:00:00	1.76801e-16	13.291	10.485	2.43173e-07	0	1.44101e-05	1.76684e-06	0.00187317	0.00867234	0.0498289	1.89713e-06	0	0	0	46.0792	3.8044	1.13535	0.0502416	0.0136464	0.973826	1.16297	0.843002	0.0959833	0.00182257	31996.3	257590	44212.7	64000.1	560.808	1038.32	106.256	119.65	11.7973	5452.75	1261.62	574.061	43050.4	3589.98	6044.44	57.8048	25.3709	3.16684	10.7981	8.61983	93.8953	22.4276	0.285156
setup	0	2006-03-10 23:00:00	9.62776e-17	13.4854	10.1444	2.45866e-07	0	1.43633e-05	2.20646e-06	0.00174951	0.00817544	0.0473567	1.73931e-06	0	0	0	46.1557	3.83313	1.16637	0.051046	0.013627	0.922665	1.12426	0.803597	0.0887581	0.00172706	32027.2	257587	44212.7	64000.4	560.472	1076.64	106.769	118.874	12.0847	5458.86	1261.66	574.452	43049.6	3589.86	6044.27	57.6391	26.4146	3.15607	10.7068	8.56205	93.9496	22.4282	0.28174
setup	0	2006-03-11 23:00:00	5.0487e-17	13.6899	10.2844	5.52316e-06	0	1.50094e-05	2.20008e-06	0.00159236	0.00744353	0.0448818	1.60065e-06	0	0	0	46.0439	3.87025	1.16517	0.0510282	0.0136279	0.891286	1.09177	0.766448	0.0834246	0.00165204	32058.6	257585	44212.4	64000.4	559.744	1114.74	107.659	117.823	12.5741	5465	1261.7	574.822	43048.9	3589.73	6044.08	57.492	27.4541	3.15638	10.6033	8.52344	94.0045	22.4289	0.279972
setup	0	2006-03-12 23:00:00	2.57046e-17	13.8567	9.46144	3.51385e-05	0	1.5685e-05	2.12761e-06	0.00144828	0.00676762	0.0426421	1.48273e-06	0	0	0	45.7352	3.90943	1.16042	0.0510656	0.0136259	0.847248	1.03648	0.715204	0.078939	0.00159241	32089.9	257583	44213.2	64000.8	558.613	1152.48	108.816	117.506	13.2313	5471.16	1261.75	575.183	43048.2	3589.63	6043.86	57.3227	28.4863	3.1649	10.5468	8.49612	94.0596	22.4297	0.277665
setup	0	2006-03-13 23:00:00	1.28089e-17	13.8878	8.99161	9.01423e-05	0	1.66076e-05	2.20974e-06	0.00132571	0.00612356	0.0408965	1.38956e-06	0	0	0	45.2228	3.94979	1.16839	0.0516728	0.0136364	0.825783	1.00209	0.680785	0.0770437	0.0015441	32121	257582	44214.6	64001.4	557.321	1189.63	110.221	117.575	13.8356	5477.35	1261.81	575.529	43047.5	3589.56	6043.59	57.1334	29.5246	3.18115	10.5173	8.46956	94.1152	22.4307	0.275925
setup	0	2006-03-14 23:00:00	6.56058e-18	13.6701	9.34823	0.000161046	0	1.77631e-05	2.28599e-06	0.00124084	0.00566146	0.0393551	1.32384e-06	0	0	0	44.5015	3.97124	1.15343	0.0517751	0.0136277	0.786676	0.966251	0.647409	0.0746199	0.0015108	32150.3	257580	44215.7	64001.6	555.878	1226.01	111.816	117.088	14.5642	5483.55	1261.87	575.868	43046.8	3589.51	6043.33	56.99	30.5452	3.20352	10.4531	8.46531	94.1709	22.4317	0.275791
setup	0	2006-03-15 23:00:00	3.40178e-18	13.2161	8.97401	0.000234991	0	1.90847e-05	2.36727e-06	0.00116631	0.0052424	0.038152	1.27767e-06	0	0	0	43.5679	3.97391	1.15326	0.0525538	0.0136298	0.767519	0.930569	0.611458	0.072796	0.00148264	32177.9	257579	44217.4	64002	554.3	1261.39	113.63	116.744	15.3733	5489.77	1261.94	576.195	43046.2	3589.49	6043.06	56.8429	31.5638	3.23286	10.3998	8.46364	94.2269	22.4329	0.273902
setup	0	2006-03-16 23:00:00	1.75879e-18	12.1775	8.38864	0.00029785	0	2.03347e-05	2.25178e-06	0.00111133	0.00493941	0.037123	1.25353e-06	0	0	0	42.4205	3.91957	1.12898	0.052803	0.0136271	0.736872	0.893398	0.580362	0.0718979	0.00146405	32201.5	257579	44219.8	64002.9	552.655	1295.57	115.635	116.784	16.1375	5496	1262.01	576.512	43045.6	3589.48	6042.78	56.6868	32.5556	3.26846	10.3727	8.4667	94.2832	22.4342	0.27121
setup	0	2006-03-17 23:00:00	8.96457e-19	10.1249	7.9172	0.000345797	0	2.14812e-05	2.30647e-06	0.00106909	0.00468006	0.0362771	1.25128e-06	0	0	0	41.0597	3.77281	1.10533	0.0533109	0.0136299	0.699345	0.860113	0.552647	0.0706807	0.00145394	32217.8	257579	44222.6	64004.1	550.991	1328.32	117.819	117.078	16.7878	5502.25	1262.09	576.811	43045.1	3589.5	6042.52	56.5364	33.5213	3.30993	10.3635	8.47855	94.3396	22.4356	0.269207
setup	0	2006-03-18 23:00:00	4.51847e-19	8.22357	7.60277	0.000379101	0	2.27126e-05	2.36407e-06	0.00103526	0.00445311	0.0357109	1.27386e-06	0	0	0	39.4879	3.55103	1.08569	0.0542365	0.0136406	0.695978	0.845033	0.532855	0.0703331	0.00144862	32229.5	257580	44225.7	64005.4	549.342	1359.42	120.164	117.517	17.2241	5508.5	1262.18	577.081	43044.5	3589.52	6042.24	56.3745	34.4653	3.35672	10.3665	8.48861	94.3962	22.4371	0.26805
setup	0	2006-03-19 23:00:00	2.20237e-19	9.45314	8.9043	0.000399337	0	2.35784e-05	2.16505e-06	0.00102743	0.00421362	0.0355305	1.3267e-06	0	0	0	37.7105	3.73842	1.02647	0.0540153	0.0137565	0.682582	0.896693	0.577098	0.0702713	0.00145505	32244.5	257579	44227.7	64006.6	547.787	1388.58	121.791	118.175	17.3356	5514.71	1262.26	577.342	43044	3589.54	6042.08	56.2243	35.3447	3.38457	10.3964	8.50678	94.4521	22.4385	0.266381
setup	0	2006-03-20 23:00:00	1.09601e-19	10.702	9.20589	0.000410307	0	2.51265e-05	2.92512e-06	0.00101993	0.00406194	0.0355039	1.38463e-06	0	0	0	35.7346	3.84298	0.974868	0.0543168	0.0137095	0.677977	0.904814	0.584102	0.0703764	0.00145529	32265.3	257578	44229.5	64007.7	546.289	1415.62	123.388	118.517	17.7407	5520.92	1262.34	577.592	43043.5	3589.57	6041.93	56.0954	36.169	3.41216	10.416	8.53323	94.5079	22.4399	0.265679
setup	0	2006-03-21 23:00:00	5.68687e-20	13.0192	8.39574	0.000413735	0	3.03015e-05	4.67785e-06	0.0010084	0.00401818	0.0353383	1.43558e-06	0	0	0	33.5698	4.32884	0.914184	0.0545473	0.0136322	0.671927	0.867759	0.55472	0.0699431	0.00145809	32288.5	257579	44232.4	64009.4	544.684	1440.45	125.462	118.992	18.8867	5527.16	1262.43	577.84	43043	3589.6	6041.72	55.9619	36.9307	3.4536	10.4321	8.56474	94.5642	22.4414	0.263935
setup	0	2006-03-22 23:00:00	2.58494e-20	10.2091	8.04975	0.000417367	0	4.07753e-05	6.95508e-06	0.000997277	0.00395387	0.035141	1.47033e-06	0	0	0	31.2249	3.99037	0.844584	0.054718	0.0136449	0.66245	0.844723	0.540836	0.0704367	0.00146421	32305.4	257580	44235.7	64011	543.042	1462.89	127.823	119.724	19.4492	5533.42	1262.51	578.075	43042.5	3589.64	6041.47	55.8224	37.6209	3.50373	10.4566	8.59399	94.6208	22.4429	0.263487
setup	0	2006-03-23 23:00:00	1.44757e-20	8.34595	7.64678	0.000410559	0	5.27572e-05	8.19389e-06	0.000989011	0.00391194	0.0349264	1.50877e-06	0	0	0	28.7143	3.86544	0.772835	0.0550966	0.013633	0.650585	0.823193	0.525895	0.0704291	0.00147109	32316.7	257581	44239.3	64012.7	541.429	1482.8	130.393	120.551	19.8968	5539.68	1262.61	578.286	43042	3589.7	6041.21	55.6845	38.2378	3.56041	10.4876	8.62307	94.6776	22.4445	0.261955
setup	0	2006-03-24 23:00:00	0	5.62097	7.42463	0.000390121	0	6.52091e-05	9.65307e-06	0.000978013	0.00385126	0.034923	1.56494e-06	0	0	0	26.052	3.55952	0.693509	0.055419	0.0136624	0.638353	0.811951	0.518899	0.0713607	0.00147795	32322	257582	44243.1	64014.5	539.854	1500	133.068	121.459	20.0288	5545.95	1262.7	578.466	43041.5	3589.76	6040.94	55.549	38.7739	3.62072	10.525	8.65733	94.7344	22.4462	0.260561
setup	0	2006-03-25 23:00:00	0	6.09601	7.15884	0.000355188	0	7.89389e-05	1.10069e-05	0.000966829	0.00379146	0.0350569	1.63423e-06	0	0	0	23.2551	3.5519	0.608161	0.0557128	0.0136429	0.624323	0.799689	0.511515	0.0718728	0.00148368	32331.7	257583	44247.1	64016.3	538.33	1514.36	135.874	122.36	20.2557	5552.22	1262.8	578.623	43041	3589.83	6040.67	55.4201	39.2233	3.68529	10.5659	8.69815	94.7914	22.4478	0.257935
setup	0	2006-03-26 23:00:00	0	6.21693	7.33588	0.000305886	0	9.16822e-05	1.17645e-05	0.000951676	0.00371525	0.035398	1.70948e-06	0	0	0	20.3425	3.55935	0.513779	0.0556871	0.0136749	0.616869	0.804613	0.517655	0.0729799	0.00148538	32343.5	257585	44251	64018.2	536.872	1525.77	138.502	123.397	20.3554	5558.49	1262.9	578.757	43040.6	3589.91	6040.43	55.2972	39.5767	3.74558	10.6169	8.7395	94.8483	22.4496	0.255539
setup	0	2006-03-27 23:00:00	0	5.71695	9.61881	0.000244926	0	0.000103811	1.20726e-05	0.000973339	0.00368091	0.0360466	1.76841e-06	0	0	0	17.3329	3.76574	0.415936	0.0556379	0.0137917	0.622155	0.893341	0.592577	0.0749934	0.00150645	32348.9	257584	44252.8	64019.5	535.741	1534.05	139.703	124.295	20.0226	5564.71	1262.99	578.868	43040.1	3589.97	6040.36	55.2021	39.8289	3.7667	10.6908	8.77978	94.9043	22.4512	0.2549
setup	0	2006-03-28 23:00:00	0	4.75084	8.15199	0.000175394	0	0.000114969	1.24309e-05	0.000971799	0.00371196	0.0363285	1.77731e-06	0	0	0	14.2441	3.53977	0.315467	0.0556011	0.0136297	0.622712	0.836474	0.54745	0.0751671	0.00152101	32355.1	257584	44255.9	64021.3	534.403	1539.23	141.764	125.05	20.299	5570.97	1263.09	578.988	43039.7	3590.04	6040.19	55.1045	39.9806	3.81195	10.7393	8.82827	94.9609	22.4529	0.253619
setup	0	2006-03-29 23:00:00	0	3.89568	7.48144	0.000101435	0	0.000124718	1.26713e-05	0.000969648	0.00373696	0.0363092	1.76745e-06	0	0	0	11.1009	3.53277	0.213191	0.0555485	0.013628	0.431711	0.777114	0.527813	0.0755687	0.00153441	32357.8	257585	44259.6	64023.2	533.019	1541.3	144.213	125.957	20.6274	5577.23	1263.19	579.083	43039.4	3590.15	6040.01	55.0583	40.0303	3.86849	10.7909	8.99899	95.0178	22.4546	0.253891
setup	0	2006-03-30 23:00:00	0	3.02601	8.49491	0.0376494	0	0.000137849	1.22264e-05	0.000982298	0.00370451	0.0368029	1.77093e-06	0	0	0	7.92318	3.52588	0.10982	0.0554837	0.0137165	0.0424059	0.74205	0.563924	0.0809665	0.00157433	32357.8	257585	44262.3	64024.8	531.787	1540.15	145.827	127.055	20.5637	5583.47	1263.29	579.1	43039.6	3590.32	6040.02	55.1775	39.9757	3.90206	10.87	9.39315	95.0742	22.4563	0.250772
setup	0	2006-03-31 23:00:00	0	2.88185	10.2724	0.0754611	0	0.000155627	1.151e-05	0.00103341	0.00370359	0.0385415	1.79568e-06	0	0	0	6.32758	3.51916	0.104138	0.0681407	0.013785	0.257259	0.782514	0.632968	0.0952722	0.00167077	32358.9	257584	44275	64038.3	531.083	1537.34	146.254	126.921	19.0598	5589.67	1263.38	579	43039.4	3591.17	6040.88	55.1867	39.8803	3.90255	10.9184	9.36254	95.1762	22.458	0.25179
setup	0	2006-04-01 23:00:00	0	4.57798	10.7604	0.093495	0	0.000164826	8.63074e-06	0.00115441	0.00397304	0.0412794	1.82935e-06	0	0	0	6.32621	3.51259	0.065586	0.0574377	0.0137961	0.34898	0.799315	0.639689	0.10344	0.00175808	32369	257581	44274.9	64038.7	531.04	1534.51	145.808	126.113	18.1268	5595.8	1263.47	579.019	43039.2	3591.28	6041	55.3098	39.7729	3.8788	10.9283	9.44268	95.2384	22.4596	0.249954
setup	0	2006-04-02 23:00:00	0	4.21816	9.50831	0.107632	0	0.000167291	0.000652939	0.00112426	0.00395116	0.0434216	1.8648e-06	0	0	0	6.32673	3.50616	0.0579192	0.055249	0.0136429	0.237565	0.733287	0.626809	0.107225	0.00183959	32376.2	257580	44275.9	64039.9	530.161	1531.66	146.33	125.449	18.0809	5602.01	1263.57	579.092	43039.2	3591.41	6041.1	55.434	39.6649	3.8819	10.8994	9.6506	95.2943	22.4611	0.248531
setup	0	2006-04-03 23:00:00	0	4.92428	10.2047	0.124277	0	0.000168418	0.00133025	0.00115778	0.00405377	0.0456657	1.89904e-06	0	0	0	6.32667	3.49975	0.0663185	0.0574697	0.0137449	0.459265	0.80519	0.662147	0.113669	0.00191489	32388.1	257578	44275.9	64040.5	529.314	1528.78	146.406	124.875	17.7839	5608.2	1263.65	579.11	43038.8	3591.48	6041.18	55.4961	39.5586	3.87248	10.8958	9.68731	95.3583	22.4627	0.24706
setup	0	2006-04-04 23:00:00	0	5.1784	9.71866	0.129972	0	0.000166889	0.00350398	0.00119548	0.00421372	0.0480842	1.9405e-06	0	0	0	6.32764	3.49338	0.057922	0.0550907	0.013721	0.483478	0.83113	0.683077	0.11685	0.00198172	32399.9	257577	44276.3	64041.3	528.422	1525.88	146.512	124.729	17.6167	5614.39	1263.74	579.233	43038.5	3591.54	6041.21	55.4937	39.4501	3.86387	10.9088	9.75224	95.4139	22.4642	0.246705
setup	0	2006-04-05 23:00:00	0	5.29842	12.4913	0.143538	0	0.00016816	0.0042888	0.00127797	0.00421372	0.0510047	2.01058e-06	0	0	0	6.32857	3.487	0.0579329	0.0550121	0.0157362	0.533984	1.0316	0.814773	0.121164	0.00204957	32411.9	257573	44272.8	64041.6	529.323	1522.59	144.513	124.292	16.1854	5620.52	1263.8	579.348	43038.1	3591.45	6041.52	55.5714	39.335	3.79483	10.9404	9.76482	95.4684	22.4653	0.249263
setup	0	2006-04-06 23:00:00	0	5.15673	15.6599	0.147067	0	0.000168849	0.00702253	0.00110224	0.00346527	0.0539443	2.04145e-06	0	0	0	6.32955	3.48062	0.057943	0.0549336	0.0196265	0.53077	1.17889	0.974121	0.126988	0.00215703	32422.9	257565	44264.3	64042.7	531.634	1518.82	143.191	120.048	14.1028	5626.65	1263.84	579.463	43037.7	3590.82	6042.28	55.7978	39.2133	3.74181	10.7886	9.81058	95.523	22.4658	0.256094
setup	0	2006-04-07 23:00:00	0	7.81778	14.0468	0.154782	0	0.000171575	0.00817371	0.00142572	0.00473667	0.0566098	1.98089e-06	0	0	0	6.33039	3.47433	0.0579531	0.0548552	0.0138628	0.92783	1.23791	0.968502	0.129299	0.00225073	32447.7	257560	44260.3	64039.8	534.991	1514.84	142.091	114.774	13.7412	5632.79	1263.85	579.581	43036.9	3590.52	6042.18	56.0094	39.0889	3.69357	10.4742	9.63509	95.5776	22.466	0.259061
setup	0	2006-04-08 23:00:00	0	14.6702	13.6291	0.149852	0	0.000166691	0.00996675	0.00154756	0.00514461	0.0587923	1.87983e-06	0	0	0	6.33415	4.5861	0.0579638	0.0547771	0.0139192	0.843516	1.23184	0.97152	0.123419	0.00227197	32482.1	257555	44257.4	64038.2	537.713	1510.8	141.282	110.22	14.6462	5638.93	1263.87	579.884	43036.2	3590.3	6042.09	56.1811	38.9639	3.65303	10.1438	9.60808	95.6323	22.4662	0.261691
setup	0	2006-04-09 23:00:00	0	8.09163	13.7069	0.164838	0	0.000163236	0.0110368	0.00164794	0.00559969	0.0601817	1.75223e-06	0	0	0	6.33544	3.55918	0.0579806	0.0548359	0.013869	0.809738	1.23236	0.969546	0.120549	0.00226374	32504.2	257550	44254.5	64036.1	539.848	1506.75	140.567	106.917	13.7092	5645.06	1263.88	580.127	43035.5	3590.1	6042	56.2955	38.8387	3.6148	9.88579	9.5857	95.6869	22.4664	0.266905
setup	0	2006-04-10 23:00:00	0	10.7611	13.3926	0.160137	0	0.000161721	0.0129038	0.00175712	0.00590909	0.0605498	1.62011e-06	0	0	0	6.33844	4.00104	0.0579984	0.0548193	0.0137436	0.785802	1.21485	0.949133	0.115902	0.00223575	32531.5	257546	44252.2	64034.5	541.611	1502.7	140.119	103.246	14.0577	5651.21	1263.89	580.354	43034.8	3589.94	6041.89	56.4191	38.7139	3.58425	9.61179	9.58387	95.7417	22.4665	0.264742
setup	0	2006-04-11 23:00:00	0	9.5029	12.7866	0.162784	0	0.000159994	0.0138504	0.00186974	0.0062385	0.0605934	1.49186e-06	0	0	0	6.34073	3.76621	0.0580129	0.0548184	0.0136346	0.772151	1.20076	0.939556	0.113608	0.00220541	32557.1	257541	44250.7	64033	542.805	1498.69	139.726	100.895	13.9691	5657.36	1263.89	580.569	43034.2	3589.82	6041.73	56.4783	38.5897	3.55556	9.4214	9.57715	95.7964	22.4666	0.261332
setup	0	2006-04-12 23:00:00	0	10.7735	12.716	0.1601	0	0.000160029	0.0149434	0.00190613	0.00629107	0.0603088	1.37527e-06	0	0	0	6.34368	3.91088	0.0580279	0.0548005	0.0136267	0.761407	1.19966	0.92999	0.111536	0.00218332	32585.9	257537	44249.5	64031.4	543.598	1494.71	139.245	98.8629	14.3094	5663.5	1263.91	580.784	43033.6	3589.74	6041.57	56.5131	38.466	3.52473	9.2559	9.58632	95.8511	22.4667	0.258593
setup	0	2006-04-13 23:00:00	0	10.9497	12.5626	0.153828	0	0.000158727	0.0156026	0.00188031	0.00613565	0.0598623	1.27345e-06	0	0	0	6.34677	3.92484	0.0580425	0.054785	0.0136292	0.755603	1.17945	0.909221	0.109447	0.0021612	32615.2	257534	44248.7	64029.9	543.943	1490.81	138.843	97.1868	14.7688	5669.65	1263.92	581.001	43033	3589.69	6041.41	56.5278	38.3437	3.49669	9.11369	9.5987	95.9057	22.4669	0.255044
setup	0	2006-04-14 23:00:00	0	10.9124	12.2901	0.151023	0	0.000158276	0.0156836	0.00184133	0.00595973	0.0593752	1.19082e-06	0	0	0	6.34994	3.91752	0.0580573	0.0547711	0.0136268	0.747656	1.16344	0.888492	0.107768	0.00214063	32644.1	257530	44248.1	64028.6	543.906	1487.01	138.387	96.0015	15.3462	5675.8	1263.94	581.22	43032.3	3589.66	6041.26	56.5093	38.2228	3.46781	9.00583	9.61519	95.9604	22.4672	0.252951
setup	0	2006-04-15 23:00:00	0	10.6527	12.4781	0.156644	0	0.000154701	0.0175112	0.00176414	0.00563568	0.0589515	1.12635e-06	0	0	0	6.3531	3.89437	0.0580723	0.0547572	0.0136362	0.744988	1.14813	0.877545	0.106906	0.0021205	32672.3	257526	44247.2	64028.1	543.502	1483.29	138.275	94.472	15.9658	5681.96	1263.96	581.441	43031.7	3589.61	6041.23	56.4821	38.1035	3.44914	8.87878	9.644	96.0152	22.4676	0.24959
setup	0	2006-04-16 23:00:00	0	10.8202	12.1117	0.149053	0	0.000152001	0.0183527	0.00165927	0.00523476	0.0586512	1.08055e-06	0	0	0	6.35624	3.87082	0.0580876	0.0547417	0.0136542	0.74296	1.12946	0.866692	0.106291	0.00210628	32701.7	257523	44246.4	64027.3	542.568	1479.63	138.48	93.4512	16.5733	5688.13	1263.99	581.662	43031.1	3589.55	6041.13	56.4159	37.9854	3.43979	8.78888	9.66871	96.0702	22.468	0.245951
setup	0	2006-04-17 23:00:00	0	10.3954	11.6818	0.148224	0	0.000150159	0.0178012	0.00160465	0.0049906	0.058637	1.05501e-06	0	0	0	6.35973	3.93289	0.0581034	0.0547228	0.0136906	0.737413	1.12854	0.862965	0.10716	0.0021029	32727	257520	44246.1	64026.8	541.535	1476.01	138.629	93.1585	17.0816	5694.31	1264.01	581.884	43030.5	3589.5	6041	56.3108	37.868	3.42924	8.74942	9.68904	96.1252	22.4684	0.244262
setup	0	2006-04-18 23:00:00	0	8.83885	11.1233	0.153964	0	0.000147195	0.0168224	0.00156018	0.00480904	0.0586208	1.04864e-06	0	0	0	6.36211	3.71104	0.058119	0.0547071	0.0137572	0.728584	1.12291	0.84931	0.106791	0.00210132	32748.8	257517	44246.3	64026.2	540.815	1472.45	138.598	93.4265	17.2102	5700.47	1264.04	582.105	43029.9	3589.46	6040.82	56.1944	37.7512	3.414	8.74542	9.70367	96.1798	22.4688	0.24454
setup	0	2006-04-19 23:00:00	0	9.54717	11.6464	0.152934	0	0.000144071	0.0184776	0.0014294	0.00443375	0.0588202	1.05331e-06	0	0	0	6.36471	3.72988	0.0581353	0.0546828	0.0141065	0.72483	1.14463	0.86601	0.107876	0.00209862	32774	257514	44245.8	64026.5	540.584	1468.87	138.423	93.0477	17.215	5706.63	1264.07	582.324	43029.3	3589.39	6040.8	56.1202	37.6345	3.39469	8.70749	9.71505	96.2346	22.4693	0.245406
setup	0	2006-04-20 23:00:00	0	9.94422	12.1407	0.140104	0	0.000143209	0.0169118	0.00149543	0.00457182	0.058938	1.04491e-06	0	0	0	6.36794	3.84344	0.0581522	0.0546516	0.0138015	0.72481	1.1361	0.862087	0.10827	0.00208892	32799.3	257510	44244.6	64026.2	540.329	1465.31	138.581	91.7283	17.4352	5712.81	1264.1	582.545	43028.7	3589.29	6040.76	56.0879	37.5184	3.38499	8.60356	9.74622	96.2895	22.4697	0.244789
setup	0	2006-04-21 23:00:00	0	9.8475	12.5151	0.140762	0	0.000141174	0.0184665	0.00157637	0.00475696	0.0590263	1.01368e-06	0	0	0	6.37074	3.76221	0.0581691	0.0546217	0.0136378	0.726183	1.13662	0.863101	0.108829	0.00209032	32825.2	257506	44243.3	64025.1	539.643	1461.77	138.69	90.4993	17.5908	5718.98	1264.13	582.762	43028.1	3589.2	6040.68	56.0526	37.4028	3.37417	8.50503	9.77349	96.3444	22.4702	0.245203
setup	0	2006-04-22 23:00:00	0	10.2795	12.2149	0.157426	0	0.000139612	0.0177667	0.00154117	0.00462439	0.0591585	9.7049e-07	0	0	0	6.37401	3.8412	0.0581861	0.0545878	0.0137063	0.726039	1.13733	0.864806	0.109374	0.00210065	32851.2	257503	44242.5	64024.3	538.76	1458.25	138.763	89.7892	17.8341	5725.16	1264.16	582.988	43027.5	3589.13	6040.58	55.9831	37.2877	3.36254	8.44252	9.80529	96.3992	22.4706	0.243137
setup	0	2006-04-23 23:00:00	0	9.63223	12.0935	0.143658	0	0.000139863	0.0170714	0.0015042	0.00450799	0.0593678	9.28442e-07	0	0	0	6.37699	3.78014	0.0582039	0.0545557	0.0137411	0.727106	1.13094	0.864032	0.110984	0.0021012	32875.4	257499	44241.8	64023.8	537.831	1454.78	138.962	89.132	17.9477	5731.34	1264.19	583.217	43026.9	3589.06	6040.51	55.9041	37.1734	3.35481	8.38705	9.83445	96.4542	22.4711	0.242525
setup	0	2006-04-24 23:00:00	0	10.0922	11.755	0.147356	0	0.000140474	0.0178951	0.00151506	0.00454458	0.0595632	8.92465e-07	0	0	0	6.37986	3.7463	0.0582222	0.0545224	0.0137198	0.724726	1.13622	0.867906	0.111288	0.00210581	32902.3	257495	44241.5	64023.3	536.958	1451.31	139.069	88.9455	17.9679	5737.52	1264.22	583.445	43026.3	3589	6040.39	55.8037	37.0595	3.34465	8.36453	9.8634	96.5091	22.4716	0.240342
setup	0	2006-04-25 23:00:00	0	10.3916	11.6392	0.140031	0	0.000141516	0.0168258	0.00149903	0.00449174	0.0599945	8.58849e-07	0	0	0	6.38343	3.85193	0.0582407	0.0544855	0.0137694	0.721991	1.14086	0.870324	0.113515	0.00211748	32928	257492	44241.2	64023	536.341	1447.84	139.121	88.7144	18.106	5743.71	1264.25	583.679	43025.7	3588.93	6040.29	55.7147	36.9456	3.33303	8.33881	9.89114	96.564	22.4721	0.242798
setup	0	2006-04-26 23:00:00	0	9.7804	12.1333	0.155959	0	0.000144021	0.0153764	0.00147205	0.00441044	0.0603583	8.27234e-07	0	0	0	6.38632	3.74318	0.0582597	0.0544512	0.0138444	0.72419	1.14433	0.87517	0.114095	0.00212416	32952.9	257488	44240.2	64022.6	535.827	1444.36	139.262	87.8533	18.0747	5749.9	1264.28	583.917	43025	3588.84	6040.24	55.6617	36.8319	3.32396	8.27158	9.92562	96.619	22.4725	0.242509
setup	0	2006-04-27 23:00:00	0	9.40432	12.4704	0.13576	0	0.000146809	0.0149403	0.00155217	0.00460252	0.0607483	7.95822e-07	0	0	0	6.38949	3.77171	0.0582793	0.0544145	0.0136656	0.726172	1.14139	0.875574	0.115251	0.00213168	32975	257484	44239	64021.6	535.072	1440.9	139.482	86.6386	18.2629	5756.1	1264.31	584.153	43024.4	3588.76	6040.16	55.6242	36.7188	3.3174	8.1814	9.96721	96.674	22.473	0.242452
setup	0	2006-04-28 23:00:00	0	9.68512	12.3876	0.151774	0	0.000148588	0.015331	0.00144792	0.00433651	0.0611804	7.69244e-07	0	0	0	6.39197	3.67109	0.0582988	0.0543774	0.0139548	0.729813	1.15489	0.889153	0.115992	0.00214296	33000.5	257480	44237.9	64021.3	534.243	1437.42	139.627	85.912	18.143	5762.29	1264.34	584.391	43023.8	3588.66	6040.15	55.5574	36.6056	3.3087	8.1257	10.0065	96.7291	22.4734	0.23952
setup	0	2006-04-29 23:00:00	0	8.99212	12.0894	0.154668	0	0.000152754	0.014125	0.00128054	0.0039331	0.0615978	7.44351e-07	0	0	0	6.39553	3.81542	0.0583191	0.0543356	0.014172	0.728068	1.15399	0.889507	0.1175	0.00214811	33019.3	257476	44237	64020.7	533.526	1433.93	139.913	85.3609	18.0424	5768.5	1264.36	584.632	43023.2	3588.55	6040.05	55.4791	36.4925	3.30388	8.0827	10.0453	96.7842	22.4738	0.245229
setup	0	2006-04-30 23:00:00	0	8.57258	11.7995	0.140144	0	0.000154962	0.014487	0.00152016	0.00467107	0.0619286	7.16596e-07	0	0	0	6.39708	3.5841	0.0583393	0.0542972	0.0137038	0.673519	0.96491	0.809249	0.118336	0.00212127	33040.9	257472	44255.9	64040.5	533.041	1430.43	140.15	84.4526	16.832	5774.71	1264.39	584.869	43022.7	3589.78	6041.37	55.6132	36.3794	3.2979	8.02713	10.1901	96.8394	22.4742	0.241443
setup	0	2006-05-01 23:00:00	0	9.18878	14.6009	0.133632	0	0.000315268	0.0144084	0.00140247	0.00373044	0.0620452	6.90514e-07	0	0	0	6.40018	3.69594	0.0583597	0.0542515	0.0171273	0.723205	1.13473	0.931322	0.119191	0.00215694	33062.4	257466	44245.7	64043.2	532.968	1426.67	140.401	81.0063	15.5087	5780.92	1264.4	585.087	43022.1	3588.77	6041.96	55.7079	36.2628	3.29133	7.84022	10.197	96.8946	22.4743	0.243513
setup	0	2006-05-02 23:00:00	0	8.36865	13.2373	0.131499	0	0.000852059	0.0145809	0.00123897	0.00383519	0.0618622	6.5552e-07	0	0	0	6.40276	3.70232	0.0583785	0.0542034	0.0143003	0.721853	1.15639	0.897646	0.118358	0.00217985	33079.2	257461	44243.4	64041.7	532.896	1422.82	140.824	78.0842	14.9251	5787.14	1264.4	585.333	43021.4	3588.54	6041.81	55.7181	36.1451	3.28885	7.6254	10.2688	96.9498	22.4743	0.249521
setup	0	2006-05-03 23:00:00	0	8.46862	12.0873	0.132513	0	0.000282791	0.0134183	0.00130757	0.00410935	0.0615321	6.28318e-07	0	0	0	6.40429	3.57425	0.0584001	0.0541576	0.0142431	0.72875	1.13197	0.899446	0.118008	0.00217895	33099	257457	44240.1	64040.5	532.979	1418.9	141.201	75.9197	14.6069	5793.35	1264.4	585.575	43020.8	3588.19	6041.65	55.7459	36.0267	3.28474	7.44681	10.2921	97.005	22.4743	0.25236
setup	0	2006-05-04 23:00:00	0	8.17678	12.1815	0.12495	0	0.000158423	0.0132642	0.00161604	0.00497876	0.0606638	5.98994e-07	0	0	0	6.40698	3.62362	0.0584218	0.0541062	0.0136855	0.735085	1.14892	0.909273	0.115675	0.00218068	33115.9	257452	44239.2	64039.2	532.993	1414.91	141.482	73.5837	14.7529	5799.56	1264.4	585.82	43020.2	3588.13	6041.49	55.7799	35.9076	3.27793	7.24722	10.3323	97.0601	22.4741	0.251539
setup	0	2006-05-05 23:00:00	0	8.79569	11.8624	0.115003	0	0.000332869	0.0140285	0.00166818	0.00504993	0.0598428	5.71089e-07	0	0	0	6.40884	3.56343	0.0584441	0.0540533	0.0137074	0.740573	1.15214	0.911846	0.114955	0.00217901	33137.1	257449	44238.5	64037.8	532.721	1410.91	141.717	71.9405	14.8734	5805.77	1264.39	586.069	43019.6	3588.07	6041.32	55.7776	35.7884	3.26995	7.08788	10.3655	97.1153	22.4739	0.248535
setup	0	2006-05-06 23:00:00	0	9.73157	11.7404	0.114556	0	0.000369282	0.0125989	0.0017476	0.0052178	0.0588841	5.4728e-07	0	0	0	6.41187	3.68137	0.0584673	0.0539963	0.013666	0.74498	1.16119	0.917139	0.113371	0.00217815	33160.5	257445	44237.9	64036.4	532.304	1406.9	141.944	70.5831	15.1521	5811.98	1264.39	586.324	43019	3588.01	6041.13	55.7442	35.6695	3.26194	6.94885	10.4045	97.1704	22.4737	0.247244
setup	0	2006-05-07 23:00:00	0	9.90657	11.7311	0.119299	0	0.000454773	0.0119512	0.0016908	0.00504245	0.0581179	5.33566e-07	0	0	0	6.41486	3.67935	0.0584909	0.0539405	0.0137857	0.750614	1.16585	0.919725	0.112862	0.00218151	33184.5	257441	44237.3	64035.2	531.806	1402.88	142.145	69.4815	15.3172	5818.2	1264.38	586.582	43018.3	3587.95	6040.96	55.6958	35.5507	3.2533	6.82713	10.4374	97.2255	22.4735	0.246654
setup	0	2006-05-08 23:00:00	0	9.80435	13.1046	0.138613	0	0.000987318	0.0124165	0.00136733	0.00392934	0.0576008	5.27883e-07	0	0	0	6.41796	3.68678	0.0585149	0.0538857	0.0161156	0.772499	1.20219	0.95085	0.112788	0.00218295	33207.5	257436	44231.3	64036.1	531.112	1398.83	142.454	67.2695	15.3666	5824.41	1264.37	586.846	43017.7	3587.41	6041.19	55.6615	35.4315	3.24762	6.64109	10.4915	97.2807	22.4733	0.249248
setup	0	2006-05-09 23:00:00	0	9.25828	13.4278	0.0954665	0	0.000186466	0.011107	0.0016996	0.00432284	0.0573891	5.17327e-07	0	0	0	6.42081	3.6529	0.0585394	0.0538324	0.0144688	0.813596	1.24069	1.00755	0.117408	0.00222638	33228.4	257431	44224.1	64035.6	530.597	1394.68	142.846	64.6362	15.4402	5830.64	1264.35	587.117	43017	3586.71	6041.16	55.6309	35.3114	3.24417	6.44026	10.5102	97.336	22.4729	0.248317
setup	0	2006-05-10 23:00:00	0	8.8707	12.6445	0.131594	0	0.000192737	0.0111153	0.00159307	0.004768	0.056828	5.06888e-07	0	0	0	6.42333	3.60282	0.0585648	0.0537794	0.0138548	0.805327	1.24284	0.974932	0.113261	0.00224159	33248.1	257426	44223.3	64034	529.693	1390.55	143.274	63.1008	15.4393	5836.87	1264.33	587.399	43016.3	3586.65	6040.99	55.5236	35.1917	3.24161	6.2762	10.5658	97.3913	22.4725	0.249487
setup	0	2006-05-11 23:00:00	0	9.01889	11.9296	0.110341	0	0.000199173	0.0115819	0.00174245	0.00518498	0.0560779	5.00093e-07	0	0	0	6.4258	3.57863	0.0585914	0.0537251	0.0136503	0.804696	1.21888	0.966456	0.112416	0.0022258	33269.6	257422	44223.2	64032.5	528.673	1386.46	143.769	62.171	15.5598	5843.1	1264.32	587.675	43015.6	3586.6	6040.76	55.3984	35.073	3.24134	6.15898	10.5948	97.4467	22.4722	0.248828
setup	0	2006-05-12 23:00:00	0	9.61918	12.0635	0.127358	0	0.000206591	0.0108884	0.00180248	0.00529527	0.0553003	4.95668e-07	0	0	0	6.42876	3.63236	0.0586176	0.053668	0.013635	0.804372	1.2167	0.957399	0.111676	0.00221225	33292.9	257418	44223.3	64030.9	527.644	1382.4	144.2	60.9839	15.9204	5849.34	1264.31	587.948	43014.9	3586.57	6040.54	55.2807	34.9549	3.23962	6.02931	10.6326	97.5021	22.4719	0.24895
setup	0	2006-05-13 23:00:00	0	9.7263	12.9687	0.121546	0	0.000214293	0.00966131	0.0018212	0.0052763	0.0546309	4.91332e-07	0	0	0	6.43184	3.6524	0.0586435	0.0536109	0.0136765	0.812094	1.22692	0.955992	0.110842	0.00221036	33316.1	257413	44222.9	64029.1	526.379	1378.34	144.579	58.9998	16.5249	5855.57	1264.29	588.223	43014.2	3586.54	6040.35	55.1849	34.8371	3.23663	5.85125	10.6915	97.5574	22.4716	0.246713
setup	0	2006-05-14 23:00:00	0	9.18597	12.8194	0.128939	0	0.000222781	0.00969918	0.0018401	0.00526391	0.0539761	4.89097e-07	0	0	0	6.4348	3.63715	0.0586696	0.0535549	0.0136542	0.814921	1.21914	0.94494	0.110598	0.00220296	33336.8	257408	44222.4	64027.5	524.774	1374.3	144.951	57.3858	17.2308	5861.81	1264.28	588.501	43013.5	3586.51	6040.17	55.062	34.7199	3.23382	5.70226	10.7451	97.6128	22.4713	0.245731
setup	0	2006-05-15 23:00:00	0	9.02568	12.4072	0.111197	0	0.000231346	0.00884718	0.00184245	0.00521081	0.0532987	4.89444e-07	0	0	0	6.43727	3.58131	0.0586959	0.0532202	0.0136302	0.825776	1.20621	0.929116	0.11002	0.00219203	33358.2	257403	44222.1	64026	522.961	1370.33	145.376	56.2813	17.9036	5868.06	1264.27	588.778	43012.8	3586.48	6039.98	54.9045	34.6035	3.23301	5.59038	10.783	97.6683	22.471	0.244207
setup	0	2006-05-16 23:00:00	0	9.23907	12.0897	0.150978	0	0.000239971	0.00894581	0.00182924	0.00512226	0.0527159	4.91665e-07	0	0	0	6.44012	3.61598	0.0587222	0.0410229	0.0136376	0.819756	1.1949	0.91926	0.110025	0.00218135	33380.1	257399	44222.1	64024.7	521.079	1366.41	145.813	55.56	18.4906	5874.31	1264.26	589.059	43012.1	3586.44	6039.78	54.7211	34.4763	3.23304	5.50731	10.8228	97.7239	22.4708	0.243834
setup	0	2006-05-17 23:00:00	0	9.79005	12.4289	0.0948019	0	0.000248037	0.00862498	0.0018281	0.00507717	0.0521318	4.94836e-07	0	0	0	6.44293	3.61481	0.0587481	0.0401453	0.0136271	0.821518	1.19348	0.911477	0.109624	0.00217747	33404.7	257394	44221.7	64023	519.127	1362.54	146.16	54.6612	19.1102	5880.56	1264.26	589.338	43011.4	3586.42	6039.57	54.5462	34.3492	3.23082	5.41391	10.8671	97.7794	22.4706	0.240244
setup	0	2006-05-18 23:00:00	0	10.6196	12.4568	0.120548	0	0.000258243	0.00848984	0.00182095	0.00501275	0.051379	4.98928e-07	0	0	0	6.44631	3.67229	0.0587738	0.036803	0.0136267	0.824378	1.18553	0.899469	0.109176	0.00216962	33432.1	257390	44221.2	64021.5	517.044	1358.73	146.475	53.7898	19.8251	5886.81	1264.26	589.623	43010.7	3586.39	6039.4	54.3644	34.2201	3.22805	5.32367	10.9082	97.835	22.4705	0.238246
setup	0	2006-05-19 23:00:00	0	10.9757	12.8436	0.132197	0	0.000267614	0.00788069	0.00179588	0.00486624	0.050638	5.0524e-07	0	0	0	6.45005	3.70414	0.0587997	0.0367763	0.0136291	0.832676	1.18483	0.899394	0.108138	0.00216923	33459.7	257385	44220.2	64020.2	514.706	1354.94	146.89	52.7452	20.5137	5893.07	1264.26	589.911	43009.9	3586.33	6039.28	54.1778	34.0916	3.22817	5.22378	10.9562	97.8906	22.4704	0.237038
setup	0	2006-05-20 23:00:00	0	10.6533	12.5924	0.117505	0	0.00027762	0.00717977	0.00174757	0.00469066	0.0500318	5.17758e-07	0	0	0	6.45371	3.69778	0.0588256	0.0367525	0.0136259	0.833736	1.1657	0.88381	0.108383	0.00216202	33485.5	257380	44219.4	64018.7	512.097	1351.22	147.468	52.0133	21.1414	5899.35	1264.26	590.204	43009.2	3586.28	6039.11	53.9653	33.9647	3.2333	5.14629	11.0001	97.9465	22.4704	0.235325
setup	0	2006-05-21 23:00:00	0	10.8699	12.2635	0.127913	0	0.000286626	0.00847857	0.00172064	0.00461146	0.0493803	5.42084e-07	0	0	0	6.45702	3.65807	0.0588518	0.0367313	0.0136256	0.837558	1.15688	0.874185	0.107977	0.00215983	33512.1	257375	44218.9	64017.4	509.323	1347.56	148.02	51.7827	21.6801	5905.63	1264.26	590.494	43008.5	3586.23	6038.93	53.7195	33.8392	3.238	5.10314	11.0373	98.0024	22.4704	0.233481
setup	0	2006-05-22 23:00:00	0	10.5491	12.0823	0.124939	0	0.000297464	0.00685879	0.00168739	0.00450392	0.0489058	5.7737e-07	0	0	0	6.46064	3.69013	0.0588776	0.0367103	0.0136263	0.827371	1.13799	0.856543	0.108216	0.0021578	33535.6	257371	44218.5	64016.1	506.486	1343.97	148.651	51.6609	22.2114	5911.92	1264.27	590.787	43007.8	3586.18	6038.73	53.4702	33.7151	3.24531	5.06861	11.0775	98.0585	22.4705	0.232941
setup	0	2006-05-23 23:00:00	0	10.0225	11.5657	0.130142	0	0.000306805	0.00630731	0.00163597	0.00438177	0.0482994	6.22919e-07	0	0	0	6.46348	3.61702	0.0589035	0.0366915	0.0136263	0.822939	1.10717	0.832226	0.10744	0.00214332	33558	257367	44218.6	64015.1	503.653	1340.51	149.476	51.7169	22.6029	5918.22	1264.29	591.076	43007.1	3586.14	6038.53	53.2072	33.5934	3.25873	5.04668	11.1146	98.1148	22.4707	0.230086
setup	0	2006-05-24 23:00:00	0	9.74833	11.177	0.11673	0	0.00031762	0.00885833	0.00158585	0.00428051	0.0478609	6.72963e-07	0	0	0	6.4664	3.62673	0.0589289	0.0366719	0.0136296	0.807447	1.07956	0.809723	0.108388	0.00212603	33578.7	257363	44218.9	64014.4	500.87	1337.17	150.42	51.8343	22.9889	5924.54	1264.31	591.352	43006.3	3586.11	6038.32	52.9419	33.4738	3.27612	5.03032	11.1441	98.1712	22.471	0.230281
setup	0	2006-05-25 23:00:00	0	10.353	10.9465	0.11697	0	0.000324417	0.00556708	0.00155738	0.00424778	0.0474519	7.1926e-07	0	0	0	6.46893	3.60227	0.0589528	0.0366517	0.0136257	0.814601	1.06685	0.792732	0.108387	0.00211881	33602.3	257360	44219.2	64013.8	498.09	1333.9	151.338	52.0349	23.4102	5930.87	1264.34	591.621	43005.6	3586.07	6038.11	52.6653	33.3558	3.29318	5.01873	11.1745	98.2278	22.4715	0.229858
setup	0	2006-05-26 23:00:00	0	10.6777	10.7532	0.106793	0	0.000335424	0.00690918	0.00153201	0.00421488	0.046829	7.60949e-07	0	0	0	6.47217	3.669	0.0589761	0.0366301	0.0136258	0.794557	1.04177	0.772878	0.107805	0.0021096	33625	257357	44219.7	64013.4	495.301	1330.72	152.287	52.2385	23.9596	5937.2	1264.38	591.89	43005	3586.04	6037.9	52.4001	33.2395	3.31153	5.00689	11.2107	98.2845	22.472	0.227017
setup	0	2006-05-27 23:00:00	0	10.7187	10.3793	0.128328	0	0.000345851	0.00697391	0.00150254	0.00417795	0.0462422	8.02265e-07	0	0	0	6.47497	3.63276	0.0589993	0.0366098	0.013627	0.786557	1.01751	0.748201	0.107618	0.00209877	33648.1	257354	44220.5	64013.1	492.525	1327.62	153.311	52.6338	24.4061	5943.54	1264.41	592.158	43004.3	3586.01	6037.68	52.1281	33.1248	3.33243	5.00732	11.2421	98.3413	22.4725	0.227742
setup	0	2006-05-28 23:00:00	0	10.7982	10.0141	0.121041	0	0.000355323	0.00606464	0.00147793	0.00415434	0.0457789	8.45823e-07	0	0	0	6.47801	3.65341	0.0590221	0.0365902	0.013629	0.768954	0.993841	0.728263	0.10786	0.00209212	33670.4	257352	44221.5	64013	489.786	1324.61	154.386	53.1574	24.9026	5949.89	1264.46	592.422	43003.6	3585.99	6037.47	51.8577	33.0116	3.35518	5.01633	11.2775	98.3982	22.4732	0.224508
setup	0	2006-05-29 23:00:00	0	10.3511	9.83791	0.124911	0	0.000365978	0.00601336	0.00144902	0.00411734	0.0453744	8.92983e-07	0	0	0	6.4808	3.63729	0.0590444	0.0365711	0.0136292	0.756461	0.969158	0.704725	0.108826	0.00207986	33691	257350	44222.6	64013	487.119	1321.69	155.569	53.594	25.2947	5956.26	1264.5	592.682	43003	3585.97	6037.24	51.5953	32.9003	3.38149	5.02049	11.3122	98.4553	22.474	0.223951
setup	0	2006-05-30 23:00:00	0	10.3317	9.32925	0.110468	0	0.000376328	0.00604863	0.00141881	0.00410965	0.0447906	9.4391e-07	0	0	0	6.4833	3.61551	0.0590662	0.0365526	0.0136256	0.748139	0.939522	0.67762	0.107694	0.00205989	33712.4	257348	44224	64013.2	484.544	1318.9	156.878	54.0764	25.72	5962.63	1264.56	592.931	43002.3	3585.95	6037.01	51.3309	32.7912	3.41196	5.02798	11.3457	98.5126	22.4749	0.221428
setup	0	2006-05-31 23:00:00	0	10.4185	8.85666	0.126648	0	0.00038794	0.00510054	0.00138972	0.00411588	0.0440305	9.89408e-07	0	0	0	6.48606	3.64259	0.0590869	0.036533	0.0136256	0.714289	0.851162	0.638068	0.106914	0.00202837	33733.7	257346	44226.5	64014.5	482.095	1316.22	158.291	54.4627	25.4846	5969.02	1264.62	593.17	43001.7	3586.01	6036.86	51.0657	32.684	3.44598	5.02584	11.3342	98.5701	22.4759	0.222094
setup	0	2006-06-01 23:00:00	0	10.5464	8.37485	0.103427	0	0.000389663	0.00676008	0.00135806	0.00412146	0.0431755	1.02576e-06	0	0	0	6.48869	3.64111	0.0591063	0.0365131	0.0136256	0.700781	0.817721	0.591143	0.106177	0.00199094	33755.8	257346	44228.5	64015.2	479.741	1313.64	159.791	54.7488	25.4904	5975.42	1264.69	593.395	43001.2	3586.01	6036.63	50.8142	32.5788	3.48302	5.01274	11.3408	98.6277	22.477	0.219039
setup	0	2006-06-02 23:00:00	0	10.887	7.98068	0.108915	0	0.000391906	0.00549605	0.00133408	0.00414148	0.0419538	1.05693e-06	0	0	0	6.49151	3.66558	0.0591243	0.0364931	0.0136256	0.680569	0.799485	0.564466	0.10399	0.00195694	33778.7	257345	44230.8	64016	477.43	1311.16	161.343	55.0387	25.666	5981.83	1264.76	593.609	43000.6	3586.01	6036.4	50.5509	32.4752	3.52199	4.99612	11.3374	98.6854	22.4782	0.21829
setup	0	2006-06-03 23:00:00	0	10.9729	7.65505	0.104349	0	0.000392362	0.00530276	0.00131217	0.00415041	0.0406752	1.08276e-06	0	0	0	6.63025	3.67903	0.0611928	0.0364725	0.0136267	0.656816	0.776915	0.539947	0.102005	0.00192386	33801.1	257345	44233.3	64017.1	475.141	1308.89	162.934	55.3735	25.9554	5988.24	1264.84	593.816	43000.1	3586.03	6036.17	50.2904	32.375	3.56241	4.9799	11.3389	98.7433	22.4795	0.215916
setup	0	2006-06-04 23:00:00	0	10.3522	7.37363	0.0864452	0	0.000395925	0.00671599	0.00129221	0.00416093	0.039419	1.10794e-06	0	0	0	6.65869	3.67344	0.0615966	0.0364516	0.0136257	0.632263	0.751949	0.515267	0.100798	0.00188942	33820.3	257345	44235.9	64018.2	472.887	1306.73	164.594	55.7354	26.2582	5994.67	1264.92	594.02	42999.5	3586.05	6035.95	50.0336	32.2767	3.60519	4.9651	11.3413	98.8012	22.4809	0.216483
setup	0	2006-06-05 23:00:00	0	9.36097	7.07531	0.0888409	0	0.000400116	0.00601134	0.00126891	0.00414432	0.03807	1.13211e-06	0	0	0	6.68994	3.62915	0.0620538	0.0364335	0.0136268	0.611853	0.730163	0.497223	0.0983382	0.00185434	33836.1	257345	44238.7	64019.4	470.675	1304.67	166.328	56.1212	26.551	6001.1	1265.01	594.217	42999	3586.08	6035.72	49.7813	32.1803	3.65042	4.9525	11.3487	98.8593	22.4823	0.213786
setup	0	2006-06-06 23:00:00	0	8.63036	6.82015	0.0905486	0	0.000405458	0.00482064	0.00124739	0.00413292	0.0367216	1.15803e-06	0	0	0	6.72073	3.59368	0.0625151	0.0364156	0.0136263	0.604937	0.711915	0.480913	0.096497	0.00181707	33849.9	257346	44241.6	64020.7	468.512	1302.72	168.124	56.5202	26.8104	6007.54	1265.1	594.398	42998.6	3586.11	6035.5	49.5284	32.0857	3.69781	4.94227	11.3549	98.9175	22.4838	0.212146
setup	0	2006-06-07 23:00:00	0	8.56781	6.63374	0.111432	0	0.000410258	0.00510807	0.00123252	0.00413843	0.0355257	1.18053e-06	0	0	0	6.75507	3.579	0.0630335	0.0363945	0.0136261	0.598674	0.69582	0.465091	0.0955239	0.00178857	33864.2	257347	44244.6	64022.1	466.387	1300.87	169.949	56.937	27.021	6013.98	1265.19	594.57	42998.1	3586.15	6035.27	49.2737	31.9928	3.7463	4.93378	11.3588	98.9757	22.4854	0.212039
setup	0	2006-06-08 23:00:00	0	7.87755	6.52298	0.108162	0	0.000417746	0.00771598	0.00121841	0.00412561	0.0342295	1.20052e-06	0	0	0	6.79371	3.58963	0.0636163	0.0363724	0.0136307	0.581127	0.681908	0.450335	0.0930712	0.00176036	33874.4	257347	44247.7	64023.6	464.287	1299.1	171.803	57.3051	27.2816	6020.43	1265.29	594.73	42997.6	3586.19	6035.04	49.0266	31.9015	3.79582	4.92245	11.3702	99.0341	22.487	0.210189
setup	0	2006-06-09 23:00:00	0	7.54157	6.34057	0.0888104	0	0.000437965	0.0156734	0.00120502	0.00410181	0.032952	1.22223e-06	0	0	0	6.83606	3.5267	0.0642673	0.0363458	0.0136282	0.566057	0.665266	0.432407	0.0915436	0.00172821	33884.6	257348	44250.9	64025.2	462.195	1297.42	173.68	57.6907	27.5538	6026.89	1265.39	594.884	42997.2	3586.23	6034.82	48.7863	31.8118	3.84619	4.91261	11.3773	99.0925	22.4887	0.210041
setup	0	2006-06-10 23:00:00	0	6.93798	6.18485	0.139038	0	0.000475732	0.0218766	0.0011931	0.0040885	0.0315014	1.25435e-06	0	0	0	6.88373	3.54192	0.0649957	0.0363179	0.0136277	0.555215	0.649634	0.417576	0.0888303	0.00169533	33891.7	257349	44254.1	64026.7	460.127	1295.84	175.586	58.1112	27.7834	6033.34	1265.49	595.035	42996.7	3586.28	6034.6	48.5502	31.7238	3.89763	4.9062	11.3816	99.1509	22.4904	0.207558
setup	0	2006-06-11 23:00:00	0	6.17335	6.01834	0.16336	0	0.000518053	0.0213158	0.00117949	0.00406002	0.0301475	1.28838e-06	0	0	0	6.93617	3.49567	0.0658123	0.0362943	0.0136277	0.529331	0.632468	0.403358	0.0870503	0.00165933	33896.7	257350	44257.5	64028.4	458.091	1294.36	177.525	58.5521	27.9398	6039.8	1265.6	595.174	42996.3	3586.34	6034.39	48.3223	31.6376	3.95019	4.9018	11.4007	99.2094	22.4922	0.208026
setup	0	2006-06-12 23:00:00	0	5.36723	5.82085	0.175001	0	0.000564175	0.0246751	0.00116418	0.0040298	0.0285118	1.32362e-06	0	0	0	6.99431	3.47518	0.0667195	0.0362674	0.0136258	0.535887	0.622456	0.392419	0.0836093	0.00161799	33899.2	257352	44260.9	64030	456.102	1292.99	179.508	58.9923	28.0944	6046.26	1265.7	595.304	42995.9	3586.39	6034.17	48.0903	31.5533	4.00424	4.89886	11.4105	99.268	22.494	0.205391
setup	0	2006-06-13 23:00:00	0	4.87502	5.70557	0.200525	0	0.000608481	0.0256557	0.00114993	0.00401046	0.0270703	1.35202e-06	0	0	0	7.05846	3.45645	0.0677293	0.0362415	0.0136274	0.520135	0.609241	0.38213	0.0815458	0.00157744	33900	257353	44264.3	64031.8	454.154	1291.72	181.515	59.4339	28.1821	6052.73	1265.81	595.407	42995.4	3586.45	6033.95	47.8635	31.471	4.05916	4.89674	11.4262	99.3267	22.4959	0.204606
setup	0	2006-06-14 23:00:00	0	4.07593	5.60622	0.138255	0	0.000651688	0.0297763	0.00113952	0.00400284	0.025629	1.37003e-06	0	0	0	7.12919	3.44894	0.0688344	0.0362043	0.0136272	0.508103	0.596326	0.372048	0.0795753	0.00154022	33896.7	257354	44267.8	64033.5	452.241	1290.56	183.531	59.8787	28.3185	6059.19	1265.93	595.505	42995	3586.52	6033.74	47.6434	31.3905	4.11446	4.89539	11.4394	99.3854	22.4978	0.205143
setup	0	2006-06-15 23:00:00	0	3.37798	5.47924	0.206721	0	0.000694069	0.0261335	0.00112712	0.00396993	0.0240965	1.38067e-06	0	0	0	7.20652	3.44141	0.0700606	0.0361717	0.0136256	0.497289	0.582785	0.363424	0.0768425	0.00150112	33890.4	257356	44271.4	64035.3	450.366	1289.52	185.576	60.3177	28.3808	6065.66	1266.04	595.59	42994.7	3586.58	6033.53	47.4292	31.312	4.17074	4.8945	11.4594	99.4441	22.4997	0.20198
setup	0	2006-06-16 23:00:00	0	3.1023	5.36759	0.198268	0	0.000735513	0.0277232	0.00111343	0.00394149	0.0224762	1.3914e-06	0	0	0	7.29117	3.43389	0.071407	0.036137	0.0136256	0.487396	0.570526	0.354183	0.0734132	0.00145796	33882.9	257357	44275	64037.1	448.529	1288.6	187.643	60.7551	28.4462	6072.12	1266.16	595.657	42994.3	3586.65	6033.32	47.2211	31.2357	4.22777	4.8946	11.4796	99.5028	22.5017	0.199767
setup	0	2006-06-17 23:00:00	0	3.24714	5.26296	0.206074	0	0.000773909	0.0299035	0.0011041	0.00393389	0.0211574	1.40193e-06	0	0	0	7.38405	3.42639	0.0728746	0.0360971	0.0136258	0.478143	0.55886	0.344258	0.0719031	0.00142376	33877	257359	44278.6	64039	446.721	1287.81	189.711	61.1945	28.5054	6078.58	1266.27	595.717	42993.9	3586.72	6033.11	47.0168	31.1615	4.28493	4.89508	11.4963	99.5616	22.5037	0.199428
setup	0	2006-06-18 23:00:00	0	3.02804	5.15547	0.172691	0	0.000809099	0.0273957	0.00109504	0.00390428	0.0196918	1.40838e-06	0	0	0	7.48618	3.41891	0.0744819	0.0360589	0.0136274	0.470241	0.550156	0.338353	0.0688448	0.00138928	33870	257361	44282.3	64040.9	444.936	1287.13	191.779	61.6416	28.6477	6085.04	1266.39	595.772	42993.5	3586.79	6032.9	46.8176	31.0895	4.34213	4.89644	11.5202	99.6204	22.5057	0.197949
setup	0	2006-06-19 23:00:00	0	2.85338	5.13955	0.216346	0	0.000845928	0.0279486	0.00108412	0.00386269	0.0182948	1.42194e-06	0	0	0	7.59745	3.41138	0.0762373	0.0360223	0.0136265	0.46269	0.5409	0.331789	0.0664576	0.0013545	33860.2	257363	44285.9	64042.8	443.177	1286.6	193.86	62.0939	28.6741	6091.5	1266.51	595.829	42993.2	3586.86	6032.7	46.6217	31.0199	4.39973	4.89858	11.5457	99.6793	22.5077	0.196494
setup	0	2006-06-20 23:00:00	0	2.72874	5.03866	0.175311	0	0.000880397	0.0294723	0.00107292	0.0038199	0.0170203	1.43991e-06	0	0	0	7.71792	3.40362	0.0781602	0.0359918	0.0136257	0.455208	0.531343	0.32306	0.0644363	0.00132114	33849.2	257364	44289.7	64044.7	441.442	1286.21	195.951	62.5512	28.7539	6097.96	1266.63	595.87	42992.8	3586.93	6032.49	46.4285	30.9527	4.45765	4.90145	11.5699	99.7381	22.5098	0.197497
setup	0	2006-06-21 23:00:00	0	2.62463	4.95852	0.199282	0	0.000910997	0.0295921	0.00106222	0.00377942	0.0156865	1.46233e-06	0	0	0	7.84829	3.39585	0.0802331	0.0359576	0.0136256	0.447952	0.522297	0.316207	0.0613639	0.00128776	33838	257366	44293.4	64046.6	439.73	1285.97	198.047	63.0148	28.8171	6104.41	1266.75	595.895	42992.5	3587.01	6032.28	46.2386	30.8881	4.51573	4.90516	11.597	99.797	22.5118	0.194851
setup	0	2006-06-22 23:00:00	0	2.58813	4.91942	0.17618	0	0.000946082	0.0290281	0.00105313	0.00374231	0.0144273	1.48668e-06	0	0	0	7.98905	3.38812	0.0824711	0.0359242	0.0136256	0.0398005	0.473599	0.308755	0.059212	0.00125521	33825.8	257368	44297.1	64048.5	438.038	1285.89	200.146	63.4873	28.8733	6110.86	1266.88	595.936	42992.6	3587.13	6032.15	46.1314	30.8263	4.57389	4.91029	11.9457	99.8559	22.5139	0.194608
setup	0	2006-06-23 23:00:00	0	2.25102	4.78919	0.197407	0	0.00107024	0.031348	0.00105465	0.00369572	0.0133634	1.51211e-06	0	0	0	8.14031	3.38034	0.140541	0.0506559	0.0136338	0.0547226	0.428129	0.31488	0.0622971	0.00127124	33812.5	257370	44300.9	64050.5	436.36	1285.97	202.238	63.9743	28.99	6117.31	1267	595.827	42992.6	3587.25	6032.01	46.1035	30.782	4.63182	4.92352	12.1763	99.9704	22.5161	0.194208
setup	0	2006-06-24 23:00:00	0	2.24027	4.6788	0.174298	0	0.00119097	0.0299965	0.00106749	0.00362203	0.0124423	1.54712e-06	0	0	0	8.30224	3.37248	0.14304	0.0505707	0.013635	0.036709	0.425453	0.329545	0.0635438	0.00130193	33798.5	257372	44304.6	64052.4	434.695	1286.22	204.32	64.4874	29.2087	6123.75	1267.12	595.731	42992.7	3587.38	6031.89	46.0742	30.7406	4.68946	4.94183	12.425	100.085	22.5182	0.191275
setup	0	2006-06-25 23:00:00	0	2.10714	4.63259	0.166587	0	0.00130729	0.0324502	0.00108163	0.00354592	0.011737	1.63763e-06	0	0	0	8.475	3.36454	0.151967	0.0541194	0.0136285	0.0281544	0.417638	0.339559	0.0650416	0.00133126	33784.2	257375	44308.4	64054.3	433.047	1286.66	206.394	65.029	29.4145	6130.19	1267.25	595.635	42992.8	3587.51	6031.76	46.0504	30.7121	4.74693	4.96429	12.6719	100.199	22.5203	0.191403
setup	0	2006-06-26 23:00:00	0	1.95315	4.5579	0.247324	0	0.00142251	0.030681	0.001098	0.00348252	0.0110827	1.77491e-06	0	0	0	8.65866	3.35659	0.162884	0.0579953	0.0136283	0.0432765	0.416403	0.349723	0.0661264	0.0013536	33770.7	257377	44312.1	64056.2	431.419	1287.29	208.457	65.5987	29.5574	6136.62	1267.37	595.534	42992.8	3587.63	6031.64	46.0215	30.6988	4.80414	4.99059	12.9102	100.314	22.5224	0.189997
setup	0	2006-06-27 23:00:00	0	1.90124	4.5407	0.187493	0	0.00153542	0.0333937	0.00111531	0.00343989	0.0104411	1.94245e-06	0	0	0	8.85332	3.34885	0.157033	0.0529458	0.0136258	0.0588394	0.415788	0.355616	0.0667088	0.00136577	33757.4	257379	44315.9	64058.1	429.812	1288.13	210.513	66.1936	29.7063	6143.05	1267.5	595.441	42992.9	3587.75	6031.5	45.984	30.675	4.86122	5.0199	13.137	100.428	22.5246	0.190406
setup	0	2006-06-28 23:00:00	0	1.95727	4.49003	0.16377	0	0.00164437	0.0347521	0.00113493	0.00341561	0.00971375	2.10712e-06	0	0	0	9.05859	3.34129	0.154904	0.0502562	0.0136267	0.0604659	0.415372	0.359126	0.0657451	0.00136999	33744.3	257381	44319.6	64060	428.224	1289.19	212.554	66.815	29.8896	6149.48	1267.62	595.353	42992.9	3587.87	6031.36	45.9407	30.6467	4.91787	5.05208	13.3661	100.542	22.5268	0.189189
setup	0	2006-06-29 23:00:00	0	2.01636	4.44682	0.235557	0	0.00175062	0.0336685	0.00115446	0.00339783	0.00895947	2.2718e-06	0	0	0	9.2741	3.33382	0.158343	0.0501839	0.0136259	0.0468263	0.409462	0.361011	0.0648509	0.001365	33730.9	257383	44323.3	64061.9	426.654	1290.47	214.58	67.462	29.9924	6155.9	1267.75	595.267	42993	3588	6031.22	45.8994	30.6222	4.97406	5.08692	13.6056	100.656	22.5289	0.186961
setup	0	2006-06-30 23:00:00	0	2.02024	4.40863	0.157531	0	0.00185134	0.0303039	0.00117427	0.00339089	0.00813816	2.44018e-06	0	0	0	9.49927	3.3263	0.171435	0.0536977	0.0136256	0.0387638	0.375575	0.356448	0.0629047	0.00135183	33716.9	257386	44327	64063.8	425.108	1291.97	216.59	68.1045	29.8796	6162.32	1267.88	595.176	42993.1	3588.12	6031.1	45.8573	30.6146	5.02972	5.12339	13.8049	100.77	22.5311	0.185694
setup	0	2006-07-01 23:00:00	0	1.98157	4.3241	0.196163	0	0.00194363	0.0281953	0.00119175	0.00337238	0.00737797	2.60224e-06	0	0	0	273.703	3.31865	17.1961	0.0566931	0.0136257	0.0268695	0.368811	0.34773	0.0608113	0.00133475	33702.4	257388	44330.8	64065.8	423.581	1557.64	218.625	68.7423	29.8095	6168.73	1268.01	595.081	42993.2	3588.25	6030.98	45.8222	47.632	5.0876	5.16105	14.0227	100.884	22.5333	0.185602
setup	0	2006-07-02 23:00:00	0	1.88617	4.2881	0.144407	0	0.00202931	0.0262363	0.00120312	0.00332965	0.00664441	2.77058e-06	0	0	0	256.969	3.31096	16.1186	0.0602538	0.0136257	0.0595778	0.368831	0.346365	0.0589616	0.00131156	33688.3	257392	44335.6	64068	422.07	1805.52	221.689	69.3912	29.8091	6175.14	1268.13	594.98	42993.3	3588.44	6030.83	45.7805	63.508	5.21234	5.2006	14.2166	100.998	22.5355	0.185647
setup	0	2006-07-03 23:00:00	0	1.99271	4.27148	0.182823	0	0.00211564	0.0262949	0.00121514	0.00329454	0.00591359	2.9393e-06	0	0	0	239.984	3.30336	14.9885	0.0523763	0.0136257	0.0626988	0.371119	0.34171	0.056325	0.00128924	33674.2	257396	44341.3	64070.6	420.566	2035.43	225.692	70.0606	29.7965	6181.54	1268.26	594.896	42993.5	3588.69	6030.66	45.7298	78.1829	5.39828	5.24136	14.4163	101.112	22.5377	0.184377
setup	0	2006-07-04 23:00:00	0	2.10216	4.24196	0.161469	0	0.00219505	0.0249822	0.00122347	0.00322063	0.00524478	3.10838e-06	0	0	0	222.764	3.29589	13.8664	0.0521062	0.0136258	0.0594807	0.368488	0.338795	0.0537785	0.00126813	33660	257402	44348	64073.4	419.065	2247.21	230.552	70.7568	29.8429	6187.94	1268.39	594.815	42993.8	3589	6030.47	45.6794	91.6772	5.64	5.28384	14.6209	101.226	22.5399	0.182909
setup	0	2006-07-05 23:00:00	0	2.14304	4.18473	0.104969	0	0.00227307	0.026897	0.00122347	0.00311411	0.00464938	3.2997e-06	0	0	0	205.326	3.28838	12.7364	0.0535433	0.0136273	0.054247	0.366412	0.335617	0.0514412	0.00124251	33645.8	257408	44355.4	64076.6	417.572	2440.71	236.19	71.4838	30.0082	6194.34	1268.52	594.731	42994.1	3589.37	6030.27	45.6297	103.989	5.93216	5.32905	14.8269	101.339	22.5421	0.183459
setup	0	2006-07-06 23:00:00	0	2.13905	4.20243	0.148387	0	0.0023464	0.0253201	0.00121748	0.00300053	0.00413746	3.52423e-06	0	0	0	187.685	3.28079	11.5955	0.0553648	0.0136268	0.0526349	0.364663	0.33523	0.0490864	0.00121751	33631.8	257415	44363.6	64079.9	416.089	2615.8	242.524	72.2448	30.111	6200.73	1268.65	594.645	42994.5	3589.78	6030.06	45.5814	115.114	6.26953	5.37739	15.0352	101.453	22.5443	0.180797
setup	0	2006-07-07 23:00:00	0	2.10612	4.17964	0.139252	0	0.00242344	0.0253461	0.00120751	0.0028677	0.00370399	3.72028e-06	0	0	0	169.86	3.27317	10.4395	0.0562237	0.0136265	0.0494441	0.36387	0.333739	0.0471277	0.00119277	33618.2	257423	44372.5	64083.5	414.619	2772.38	249.472	73.0429	30.2431	6207.11	1268.77	594.558	42994.9	3590.24	6029.84	45.534	125.039	6.64684	5.42921	15.2438	101.566	22.5465	0.180778
setup	0	2006-07-08 23:00:00	0	2.12946	4.21816	0.133475	0	0.00249775	0.0256348	0.00120196	0.00275823	0.00333356	3.87901e-06	0	0	0	151.866	3.26559	9.27379	0.0572385	0.0136263	0.0503588	0.364601	0.335647	0.0454744	0.00117586	33604.9	257431	44382	64087.3	413.16	2910.35	256.948	73.8805	30.3612	6213.49	1268.9	594.47	42995.4	3590.75	6029.61	45.487	133.76	7.05859	5.48469	15.4522	101.68	22.5487	0.17998
setup	0	2006-07-09 23:00:00	0	2.1125	4.22614	0.144978	0	0.00257167	0.0258596	0.00119355	0.00260631	0.0029889	3.98313e-06	0	0	0	133.721	3.25805	8.09466	0.0573414	0.0136256	0.0482494	0.366496	0.3364	0.0436227	0.00115886	33591.3	257440	44391.9	64091.2	411.711	3029.62	264.878	74.7577	30.4758	6219.87	1269.03	594.382	42995.9	3591.28	6029.38	45.4383	141.268	7.49985	5.54371	15.6616	101.793	22.5509	0.177834
setup	0	2006-07-10 23:00:00	0	2.0961	4.24378	0.130256	0	0.00264578	0.0270297	0.00118477	0.00247271	0.00270083	4.09649e-06	0	0	0	115.441	3.25052	6.90995	0.057989	0.0136264	0.0473161	0.369913	0.339999	0.0420599	0.00114297	33578	257450	44402.4	64095.3	410.276	3130.15	273.183	75.6752	30.598	6226.24	1269.16	594.294	42996.4	3591.85	6029.13	45.3855	147.562	7.96545	5.60411	15.8613	101.906	22.5531	0.176718
setup	0	2006-07-11 23:00:00	0	2.06612	4.24524	0.09653	0	0.00271922	0.0270305	0.00117489	0.00233173	0.00245723	4.208e-06	0	0	0	97.0448	3.24304	5.71689	0.0583573	0.0136259	0.0482535	0.374489	0.345153	0.0411539	0.00112668	33564.9	257459	44413.1	64099.5	408.854	3211.88	281.785	76.6332	30.7602	6232.6	1269.29	594.205	42997	3592.44	6028.89	45.3261	152.639	8.45033	5.66646	16.0684	102.019	22.5553	0.177568
setup	0	2006-07-12 23:00:00	0	2.02443	4.26573	0.129411	0	0.00279301	0.0281335	0.00116159	0.00219307	0.00222122	4.32187e-06	0	0	0	78.549	3.2356	4.5161	0.0583771	0.0136256	0.0471122	0.375043	0.346661	0.0394975	0.00110686	33552	257469	44424.2	64103.7	407.45	3274.79	290.612	77.6299	30.8734	6238.97	1269.42	594.116	42997.5	3593.05	6028.63	45.269	156.495	8.94966	5.73166	16.2752	102.133	22.5575	0.176903
setup	0	2006-07-13 23:00:00	0	2.02136	4.28303	0.138411	0	0.00286447	0.0276198	0.00115142	0.00207831	0.00202295	4.42251e-06	0	0	0	59.971	3.22823	3.31234	0.0587055	0.0136256	0.045546	0.375875	0.348081	0.0380964	0.00109206	33539.3	257480	44435.5	64108.1	406.062	3318.89	299.577	78.686	30.9597	6245.32	1269.55	594.028	42998.1	3593.67	6028.38	45.2136	159.132	9.4581	5.80134	16.4824	102.245	22.5598	0.174233
setup	0	2006-07-14 23:00:00	0	2.02105	4.2997	0.144666	0	0.002932	0.0254811	0.00114315	0.00196219	0.0018618	4.49681e-06	0	0	0	41.3284	3.22091	2.10526	0.0590463	0.0136256	0.0417981	0.376573	0.350751	0.0369777	0.00108424	33526.6	257490	44446.9	64112.5	404.692	3344.16	308.605	79.7935	31.0306	6251.68	1269.67	593.938	42998.7	3594.31	6028.12	45.1616	160.553	9.97071	5.87509	16.6924	102.358	22.562	0.173233
setup	0	2006-07-15 23:00:00	0	2.01464	4.34159	0.138381	0	0.00299531	0.0239719	0.00113683	0.00185541	0.00171573	4.56623e-06	0	0	0	22.6386	3.21361	0.897843	0.0596885	0.0136256	0.039711	0.378111	0.354631	0.0357682	0.00107873	33513.9	257500	44458.4	64116.9	403.338	3350.65	317.621	80.9458	31.086	6258.03	1269.8	593.847	42999.4	3594.95	6027.87	45.1128	160.761	10.4826	5.95258	16.9049	102.471	22.5642	0.17296
setup	0	2006-07-16 23:00:00	0	1.99142	4.53074	0.0999096	0	0.00305632	0.0249225	0.00113146	0.00174609	0.00159636	4.64674e-06	0	0	0	13.3683	3.20633	0.296674	0.0600412	0.0136273	0.0398418	0.389498	0.366578	0.0349364	0.00107484	33501.2	257511	44469.7	64121.3	402.004	3347.84	326.241	82.3368	31.1536	6264.37	1269.93	593.755	43000	3595.6	6027.65	45.0675	160.368	10.9771	6.04462	17.1163	102.584	22.5664	0.171416
setup	0	2006-07-17 23:00:00	0	1.98425	4.51907	0.0762233	0	0.00311154	0.0214245	0.00112866	0.00165843	0.00149041	4.74543e-06	0	0	0	13.5252	3.19908	0.301716	0.0600365	0.0136256	0.0377077	0.387842	0.367319	0.0341959	0.00107307	33488.5	257521	44480.9	64125.6	400.684	3345.2	334.855	83.6962	31.2287	6270.7	1270.06	593.664	43000.6	3596.24	6027.41	45.0248	159.982	11.4682	6.13617	17.3317	102.697	22.5686	0.17105
setup	0	2006-07-18 23:00:00	0	1.95363	4.50271	0.154234	0	0.00316383	0.0210356	0.00112504	0.00156591	0.00138316	4.82903e-06	0	0	0	13.6572	3.19187	0.308027	0.0603148	0.0136256	0.0365154	0.389498	0.369498	0.0330328	0.00106988	33475.7	257531	44492.2	64130	399.381	3342.7	343.404	85.0678	31.2424	6277.04	1270.19	593.571	43001.2	3596.88	6027.18	44.9832	159.604	11.9538	6.23027	17.5485	102.809	22.5708	0.170614
setup	0	2006-07-19 23:00:00	0	1.94298	4.54217	0.0831921	0	0.0032075	0.021885	0.00112403	0.00149462	0.00130571	4.93628e-06	0	0	0	13.762	3.18469	0.31273	0.0604485	0.0136259	0.0335419	0.391624	0.372921	0.0323399	0.00107179	33463	257541	44503.4	64134.2	398.096	3340.31	351.85	86.475	31.2986	6283.37	1270.32	593.479	43001.9	3597.52	6026.94	44.9434	159.232	12.4324	6.32822	17.7658	102.922	22.573	0.168993
setup	0	2006-07-20 23:00:00	0	1.89401	4.79675	0.0535807	0	0.00324853	0.0173533	0.00112293	0.00140792	0.00124027	5.04695e-06	0	0	0	13.8371	3.17755	0.318092	0.060788	0.0136275	0.0315495	0.407148	0.390401	0.0319263	0.00107239	33450.2	257551	44514.4	64138.5	396.831	3338	359.78	88.2084	31.2932	6289.69	1270.44	593.384	43002.5	3598.16	6026.74	44.9068	158.868	12.8874	6.44698	17.989	103.034	22.5752	0.169652
setup	0	2006-07-21 23:00:00	0	1.84545	5.52208	0.115169	0	0.0032921	0.0166598	0.0011268	0.00133874	0.00118372	5.17192e-06	0	0	0	13.8803	3.17045	0.321605	0.0609786	0.013632	0.031267	0.44716	0.426265	0.0315511	0.00106981	33437.6	257560	44524.6	64142.4	395.61	3335.74	366.609	90.6977	30.8559	6295.99	1270.57	593.289	43003.1	3598.8	6026.58	44.8707	158.509	13.2946	6.61446	18.2141	103.146	22.5774	0.168117
setup	0	2006-07-22 23:00:00	0	1.82694	6.2658	0.0567385	0	0.00333077	0.0165254	0.00113869	0.00129211	0.00115309	5.24086e-06	0	0	0	13.8896	3.1634	0.322361	0.0609047	0.0136328	0.0290042	0.483922	0.458708	0.0313868	0.00107407	33425	257569	44534	64146.1	394.465	3333.48	372.467	93.6233	30.2492	6302.28	1270.7	593.194	43003.7	3599.43	6026.48	44.8428	158.151	13.6584	6.82292	18.4386	103.258	22.5796	0.1682
setup	0	2006-07-23 23:00:00	0	1.755	5.83103	0.0824439	0	0.0033676	0.0160326	0.00113255	0.00122075	0.00108861	5.20731e-06	0	0	0	13.8632	3.15642	0.323758	0.0610662	0.0136266	0.0279588	0.463431	0.444489	0.0305125	0.00106942	33412.4	257577	44543.9	64149.9	393.336	3331.2	378.799	95.9491	30.1038	6308.57	1270.82	593.099	43004.4	3600.07	6026.36	44.8266	157.797	14.0386	7.00255	18.663	103.37	22.5818	0.166486
setup	0	2006-07-24 23:00:00	0	1.74416	5.53413	0.0967951	0	0.00340006	0.0146275	0.00113025	0.00119237	0.00103492	5.1423e-06	0	0	0	13.7995	3.14947	0.323088	0.0610835	0.0136256	0.0251066	0.449227	0.433611	0.030052	0.00106927	33400.1	257586	44554.1	64153.9	392.208	3328.86	385.571	97.9305	30.0715	6314.87	1270.95	593.002	43005	3600.7	6026.22	44.8077	157.444	14.4343	7.16264	18.8941	103.482	22.584	0.165319
setup	0	2006-07-25 23:00:00	0	1.72086	5.38036	0.0810492	0	0.00342933	0.0139801	0.00113266	0.0011476	0.000992784	5.04832e-06	0	0	0	13.6973	3.14259	0.322711	0.0613069	0.0136256	0.0218801	0.443032	0.430572	0.0296844	0.00107375	33387.5	257596	44564.4	64157.9	391.084	3326.43	392.529	99.7972	30.0823	6321.16	1271.07	592.905	43005.6	3601.34	6026.06	44.789	157.092	14.8351	7.31615	19.1268	103.594	22.5861	0.164911
setup	0	2006-07-26 23:00:00	0	1.65349	5.76318	0.0516203	0	0.00345556	0.0133836	0.00113559	0.0010953	0.000968552	4.99968e-06	0	0	0	13.5554	3.13574	0.321505	0.0615878	0.0136276	0.0217202	0.466086	0.452337	0.0294113	0.00107419	33375	257604	44574.3	64161.7	390.011	3323.86	398.921	101.965	29.9562	6327.45	1271.2	592.806	43006.3	3601.97	6025.93	44.7725	156.741	15.2095	7.4957	19.3586	103.705	22.5883	0.164845
setup	0	2006-07-27 23:00:00	0	1.58765	5.96151	0.0710656	0	0.00348234	0.0125083	0.00113593	0.00105776	0.000939731	5.02207e-06	0	0	0	13.3734	3.12892	0.316218	0.0614438	0.0136273	0.0167083	0.478116	0.465233	0.0291687	0.00106996	33362.7	257613	44583.9	64165.5	388.988	3321.13	405	104.182	29.81	6333.73	1271.33	592.707	43006.9	3602.6	6025.82	44.7618	156.385	15.5679	7.68563	19.5956	103.817	22.5905	0.16265
setup	0	2006-07-28 23:00:00	0	1.51118	6.83603	0.0686448	0	0.00350738	0.0106486	0.00114453	0.00103316	0.000943054	5.03848e-06	0	0	0	13.151	3.12218	0.313916	0.0619512	0.0136308	0.0171326	0.523041	0.501651	0.0292267	0.00106689	33350.5	257621	44592.6	64168.9	388.107	3318.17	410.037	106.66	29.4737	6339.99	1271.45	592.605	43007.5	3603.23	6025.78	44.7622	156.03	15.8789	7.91637	19.8309	103.928	22.5927	0.162033
setup	0	2006-07-29 23:00:00	0	1.46645	6.89334	0.0636023	0	0.00353115	0.0120204	0.00114705	0.00101456	0.000918849	4.9931e-06	0	0	0	12.8884	3.11551	0.305365	0.0616847	0.0136277	0.0156403	0.525516	0.504162	0.0287224	0.00106408	33338.5	257628	44601.3	64172.4	387.281	3314.96	415.001	108.864	29.3618	6346.25	1271.58	592.503	43008.2	3603.86	6025.76	44.7749	155.667	16.184	8.13611	20.0706	104.04	22.5948	0.160987
setup	0	2006-07-30 23:00:00	0	1.4333	6.66499	0.0842903	0	0.00355362	0.0114776	0.0011472	0.000991355	0.000891525	4.8869e-06	0	0	0	12.5859	3.1089	0.297211	0.0616722	0.0136263	0.0137006	0.514863	0.499024	0.028617	0.0010645	33326.5	257636	44610.2	64176	386.445	3311.44	420.206	110.899	29.3462	6352.51	1271.7	592.401	43008.8	3604.49	6025.72	44.7916	155.297	16.4971	8.3405	20.3122	104.151	22.597	0.161192
setup	0	2006-07-31 23:00:00	0	1.4023	6.32966	0.042938	0	0.00357222	0.00753585	0.00114757	0.000967471	0.000853664	4.76989e-06	0	0	0	12.2445	3.10235	0.288275	0.0617387	0.0136257	0.0119368	0.488122	0.496316	0.0282583	0.00106341	33314.5	257644	44619.4	64179.7	385.547	3307.6	425.84	113.026	29.4454	6358.77	1271.83	592.298	43009.5	3605.11	6025.67	44.84	154.92	16.8266	8.54164	20.5308	104.262	22.5991	0.159886
setup	0	2006-08-01 23:00:00	0	1.38265	6.19242	0.0375093	0	0.00358911	0.00596702	0.00115052	0.000952564	0.000821199	4.6965e-06	0	0	0	11.8654	3.09584	0.278021	0.0617927	0.0136257	0.00995532	0.48486	0.488865	0.0280337	0.0010615	33302.5	257652	44628.7	64183.4	384.629	3303.39	431.664	115.225	29.353	6365.03	1271.95	592.194	43010.1	3605.74	6025.59	44.8763	154.534	17.1624	8.74885	20.7547	104.373	22.6013	0.160465
setup	0	2006-08-02 23:00:00	0	1.37217	6.09718	0.0495341	0	0.00360469	0.00723391	0.00115827	0.000941119	0.000785277	4.67857e-06	0	0	0	11.4504	3.08936	0.266774	0.0618916	0.0136257	0.00796992	0.488897	0.486907	0.0274185	0.00106655	33290.3	257661	44638	64186.9	383.706	3298.78	437.564	117.395	29.2404	6371.29	1272.08	592.089	43010.8	3606.37	6025.49	44.8977	154.139	17.4994	8.95788	20.9777	104.485	22.6034	0.159136
setup	0	2006-08-03 23:00:00	0	1.33472	6.30737	0.0339167	0	0.00362251	0.00659404	0.00117341	0.00092114	0.000782297	4.74375e-06	0	0	0	11.0016	3.08292	0.254397	0.0620069	0.0136279	0.00692551	0.527998	0.516676	0.0273261	0.00107301	33278	257669	44647.1	64190.4	382.872	3293.73	442.609	120.459	28.9188	6377.53	1272.2	591.983	43011.4	3606.99	6025.41	44.8997	153.733	17.7967	9.2456	21.1898	104.596	22.6056	0.158617
setup	0	2006-08-04 23:00:00	0	1.26468	9.62194	0.028019	0	0.00364361	0.00678475	0.00128106	0.00107379	0.00105928	4.8893e-06	0	0	0	10.5212	3.07651	0.240171	0.0619509	0.01366	0.00590469	0.758744	0.628092	0.0286281	0.00107711	33265.7	257674	44652.8	64192.6	383.324	3288.18	442.922	125.156	28.0085	6383.73	1272.32	591.876	43012	3607.6	6025.59	44.9629	153.314	17.881	9.76395	21.3848	104.706	22.6077	0.157883
setup	0	2006-08-05 23:00:00	0	1.22817	14.6124	0.0214562	0	0.00366685	0.00770721	0.00149231	0.00153237	0.00165171	5.04833e-06	0	0	0	10.0123	3.07015	0.224947	0.0618753	0.0136773	0.00445366	0.972314	0.65713	0.028471	0.00107948	33253.6	257673	44653.5	64193.5	386.084	3282.04	438.896	127.464	27.5111	6389.89	1272.44	591.769	43012.7	3608.22	6026.23	45.3294	152.879	17.768	10.2161	21.607	104.815	22.6097	0.158036
setup	0	2006-08-06 23:00:00	0	1.18333	13.3709	0.0674137	0	0.00369189	0.00658239	0.0014886	0.00145345	0.00168198	5.08761e-06	0	0	0	9.4779	3.06385	0.209221	0.0619041	0.0136593	0.0041346	0.991084	0.628476	0.0273997	0.00107369	33241.5	257674	44655.4	64195	389.962	3275.27	433.778	131.094	27.2867	6396.03	1272.55	591.661	43013.3	3608.83	6026.78	45.7777	152.429	17.6018	10.6796	21.8196	104.925	22.6116	0.157809
setup	0	2006-08-07 23:00:00	0	1.17532	10.587	0.0258792	0	0.00371591	0.00779616	0.00133457	0.00105528	0.00118791	5.00759e-06	0	0	0	8.92139	3.0576	0.191947	0.0616461	0.0136279	0.00268078	0.82185	0.623852	0.0266495	0.0010689	33229.6	257678	44660	64197	392.984	3267.94	431.467	134.829	27.3764	6402.19	1272.66	591.553	43013.9	3609.44	6027.07	46.2003	151.963	17.5583	10.9975	22.0475	105.034	22.6136	0.15749
setup	0	2006-08-08 23:00:00	0	1.15179	10.9199	0.0587815	0	0.00374281	0.00773849	0.00133671	0.00104204	0.00120489	4.8717e-06	0	0	0	8.34648	3.0514	0.175079	0.061798	0.0136326	0.00159969	0.841504	0.623913	0.0264029	0.00106315	33217.8	257681	44664.2	64198.9	396.483	3260.02	429.256	137.835	27.2867	6408.35	1272.77	591.444	43014.6	3610.06	6027.39	46.6513	151.481	17.5163	11.2916	22.2724	105.144	22.6155	0.156309
setup	0	2006-08-09 23:00:00	0	1.15039	9.73011	0.00186812	0	0.00376936	0.00840471	0.00129882	0.00095841	0.00105279	4.70431e-06	0	0	0	7.75701	3.04521	0.157473	0.0619512	0.0136262	0.000924897	0.765331	0.618358	0.0262369	0.00106049	33206.1	257686	44669.6	64201.1	399.154	3251.52	428.676	140.816	27.3401	6414.51	1272.88	591.335	43015.2	3610.67	6027.6	47.0418	150.984	17.5455	11.5402	22.5075	105.254	22.6174	0.15657
setup	0	2006-08-10 23:00:00	0	1.16188	9.3423	0.0572825	0	0.00379642	0.00825291	0.00129573	0.000942874	0.0010074	4.54504e-06	0	0	0	7.15703	3.03904	0.139171	0.0620203	0.0136262	0.000339195	0.746204	0.618889	0.0260247	0.00106291	33194.4	257690	44675.3	64203.2	401.446	3242.46	428.763	143.799	27.2726	6420.68	1272.99	591.225	43015.8	3611.27	6027.75	47.3872	150.47	17.6027	11.7931	22.7441	105.363	22.6192	0.156534
setup	0	2006-08-11 23:00:00	0	1.1529	8.84954	0.0364817	0	0.00382557	0.00888651	0.00128912	0.000914393	0.000958311	4.41492e-06	0	0	0	6.55068	3.03288	0.120489	0.062164	0.0136259	3.49833e-05	0.720816	0.614624	0.0255145	0.00106116	33182.6	257696	44681.4	64205.4	403.404	3232.82	429.549	146.709	27.2267	6426.85	1273.1	591.115	43016.5	3611.87	6027.87	47.694	149.94	17.6899	12.042	22.9806	105.473	22.6211	0.154054
setup	0	2006-08-12 23:00:00	0	1.15888	8.36987	0.0555325	0	0.00385204	0.00894509	0.00128296	0.000896893	0.000912493	4.34608e-06	0	0	0	6.24424	3.02672	0.110967	0.0623034	0.0136257	2.08709e-14	0.698196	0.608037	0.0250549	0.00106168	33170.8	257701	44688	64207.8	405.053	3222.93	430.896	149.67	27.1484	6433.02	1273.21	591.005	43017.1	3612.47	6027.95	47.9632	149.403	17.8011	12.2934	23.2157	105.583	22.623	0.153658
setup	0	2006-08-13 23:00:00	0	1.16071	7.98769	0.042819	0	0.00388023	0.00780573	0.0012797	0.000877794	0.000880333	4.3227e-06	0	0	0	6.23988	3.02059	0.11089	0.0622375	0.0136256	2.08709e-14	0.682388	0.604311	0.0249409	0.00106217	33159	257707	44695	64210.3	406.527	3213.08	432.658	152.64	27.0434	6439.19	1273.32	590.895	43017.7	3613.07	6028	48.203	148.869	17.9299	12.5484	23.4494	105.693	22.625	0.153577
setup	0	2006-08-14 23:00:00	0	1.16441	7.9371	0.0403687	0	0.00390973	0.00862275	0.00128649	0.000876032	0.000876297	4.32862e-06	0	0	0	6.23552	3.01445	0.110814	0.0621339	0.0136259	2.08709e-14	0.68575	0.60651	0.0245481	0.00106313	33147.1	257713	44701.9	64212.9	408.042	3203.28	434.418	155.563	26.9259	6445.35	1273.43	590.785	43018.4	3613.67	6028.06	48.4383	148.337	18.0572	12.8061	23.6819	105.802	22.6269	0.154018
setup	0	2006-08-15 23:00:00	0	1.1613	7.67198	0.0377327	0	0.0039362	0.00893979	0.00128127	0.000852836	0.000844904	4.37951e-06	0	0	0	6.23115	3.00833	0.110737	0.0620303	0.0136256	2.08709e-14	0.670507	0.601253	0.0242249	0.00106309	33135.3	257719	44709.1	64215.5	409.417	3193.52	436.497	158.417	26.8118	6451.52	1273.54	590.675	43019	3614.27	6028.1	48.6585	147.806	18.1978	13.0568	23.9136	105.912	22.6288	0.152052
setup	0	2006-08-16 23:00:00	0	1.16954	8.06103	0.0607427	0	0.00396383	0.00799789	0.0013086	0.000892513	0.000906627	4.44185e-06	0	0	0	6.22678	3.00223	0.11066	0.061927	0.0136269	2.08709e-14	0.70318	0.615686	0.0239588	0.00106543	33123.5	257725	44715.7	64218.1	411.265	3183.8	437.986	161.109	26.6128	6457.67	1273.66	590.566	43019.6	3614.87	6028.18	48.9086	147.278	18.31	13.3147	24.143	106.021	22.6307	0.152116
setup	0	2006-08-17 23:00:00	0	1.16658	8.7088	0.0301248	0	0.00399135	0.00871109	0.00135128	0.000957736	0.00102103	4.50319e-06	0	0	0	6.22241	2.99613	0.110583	0.0618238	0.0136285	2.08709e-14	0.745599	0.629895	0.0238949	0.00106691	33111.6	257730	44721.7	64220.6	413.895	3174.1	438.679	163.289	26.4309	6463.81	1273.77	590.456	43020.2	3615.46	6028.35	49.2262	146.752	18.3839	13.5538	24.3704	106.131	22.6327	0.151408
setup	0	2006-08-18 23:00:00	0	1.15592	8.73209	0.0317875	0	0.00401837	0.00803964	0.00135233	0.000940129	0.00101694	4.55663e-06	0	0	0	6.21803	2.99004	0.110506	0.0617209	0.0136272	2.08709e-14	0.742282	0.629585	0.0233839	0.00106454	33099.7	257735	44727.5	64223	416.665	3164.43	439.387	165.204	26.2787	6469.95	1273.88	590.347	43020.9	3616.06	6028.51	49.5677	146.228	18.4571	13.7662	24.5997	106.24	22.6346	0.151548
setup	0	2006-08-19 23:00:00	0	1.15357	8.05368	0.0593046	0	0.0040426	0.00835053	0.00131556	0.000853884	0.000897193	4.59354e-06	0	0	0	6.21366	2.98397	0.110429	0.061618	0.0136256	2.08709e-14	0.699938	0.61621	0.0229629	0.00106369	33088	257741	44734	64225.6	418.804	3154.8	440.862	167.362	26.1706	6476.09	1273.99	590.238	43021.5	3616.65	6028.61	49.861	145.706	18.5647	13.9753	24.8304	106.349	22.6365	0.150584
setup	0	2006-08-20 23:00:00	0	1.14945	7.7425	0.0426088	0	0.00406929	0.00772264	0.00129895	0.000810879	0.00083917	4.61e-06	0	0	0	6.20931	2.97792	0.110352	0.0615154	0.0136257	2.08709e-14	0.684227	0.611944	0.0226359	0.00106162	33076.2	257747	44740.7	64228.2	420.668	3145.22	442.718	169.573	26.0742	6482.23	1274.1	590.129	43022.1	3617.24	6028.67	50.1228	145.186	18.6889	14.1895	25.0618	106.458	22.6384	0.150825
setup	0	2006-08-21 23:00:00	0	1.1595	7.72425	0.0426005	0	0.00409323	0.00884633	0.00130323	0.000810255	0.000834851	4.62075e-06	0	0	0	6.20496	2.97188	0.110275	0.0614131	0.013626	2.08709e-14	0.687508	0.614409	0.022491	0.001064	33064.5	257753	44747.4	64230.8	422.53	3135.67	444.524	171.781	25.9824	6488.37	1274.21	590.02	43022.7	3617.82	6028.73	50.3806	144.668	18.8097	14.407	25.2927	106.567	22.6404	0.14984
setup	0	2006-08-22 23:00:00	0	1.15429	7.61597	0.0300887	0	0.00411688	0.00629784	0.00130288	0.000794878	0.000821315	4.6402e-06	0	0	0	6.20062	2.96585	0.110199	0.0613109	0.0136259	2.08709e-14	0.682294	0.612574	0.0221947	0.00106403	33052.7	257759	44754.2	64233.4	424.351	3126.17	446.423	173.918	25.9302	6494.51	1274.32	589.911	43023.3	3618.41	6028.8	50.6345	144.152	18.9338	14.6189	25.5265	106.677	22.6423	0.148946
setup	0	2006-08-23 23:00:00	0	1.15646	7.48392	0.0659971	0	0.0041414	0.00687944	0.00129984	0.000781271	0.000797719	4.66864e-06	0	0	0	6.19626	2.95983	0.110122	0.0612089	0.0136259	2.08709e-14	0.673904	0.609307	0.0218687	0.00106424	33040.9	257765	44761	64236	426.065	3116.7	448.45	176.053	25.8498	6500.64	1274.44	589.803	43023.9	3618.99	6028.84	50.8801	143.639	19.063	14.8269	25.7606	106.786	22.6443	0.149156
setup	0	2006-08-24 23:00:00	0	1.14276	7.41877	0.0179237	0	0.00416395	0.00769353	0.00129833	0.000766169	0.00079285	4.69317e-06	0	0	0	6.19191	2.95383	0.110045	0.0611071	0.0136259	2.08709e-14	0.673091	0.609258	0.0217456	0.00106215	33029.1	257771	44767.9	64238.7	427.783	3107.29	450.492	178.127	25.8341	6506.77	1274.55	589.694	43024.5	3619.57	6028.89	51.1229	143.127	19.192	15.0327	25.994	106.895	22.6462	0.147791
setup	0	2006-08-25 23:00:00	0	1.16687	7.87529	0.035689	0	0.00418744	0.00714629	0.00133078	0.000825432	0.000864248	4.732e-06	0	0	0	6.18755	2.94784	0.109969	0.0610054	0.0136271	2.08709e-14	0.704735	0.624125	0.0215932	0.00106788	33017.5	257776	44774.3	64241.3	429.934	3097.9	451.949	180.008	25.734	6512.89	1274.66	589.586	43025.1	3620.15	6029	51.3997	142.618	19.2926	15.2383	26.2275	107.004	22.6482	0.147882
setup	0	2006-08-26 23:00:00	0	1.17209	12.8651	0.0357205	0	0.00420994	0.00702177	0.00167451	0.001521	0.00193234	4.746e-06	0	0	0	6.18323	2.94187	0.109892	0.060904	0.0136635	2.08709e-14	1.03672	0.683935	0.022662	0.00107757	33005.6	257777	44775.6	64243.5	435.756	3088.46	448.429	179.414	25.4402	6518.95	1274.77	589.478	43025.7	3620.72	6029.67	51.9711	142.109	19.1573	15.4689	26.4533	107.111	22.6501	0.148221
setup	0	2006-08-27 23:00:00	0	1.16391	14.9871	0.0351169	0	0.00423192	0.00629695	0.00158879	0.00116419	0.00177473	4.76477e-06	0	0	0	6.17885	2.93589	0.109816	0.0608028	0.0136511	2.08709e-14	1.13806	0.686876	0.0214454	0.00107922	32993.7	257775	44774.7	64245.1	442.769	3078.94	443.365	177.363	25.2924	6524.99	1274.87	589.37	43026.3	3621.28	6030.52	52.7412	141.599	18.9467	15.6029	26.6875	107.219	22.6519	0.147608
setup	0	2006-08-28 23:00:00	0	1.14166	13.7016	0.0309641	0	0.00425289	0.0060522	0.00145972	0.000811105	0.0013519	4.75785e-06	0	0	0	6.17448	2.92992	0.109739	0.0607016	0.0136313	2.08709e-14	1.04708	0.714424	0.021227	0.00107767	32982	257774	44775	64246.4	449.202	3069.41	439.594	175.69	25.1653	6531.04	1274.97	589.262	43026.9	3621.83	6031.18	53.5163	141.091	18.7954	15.6522	26.9284	107.327	22.6536	0.147218
setup	0	2006-08-29 23:00:00	0	1.14636	11.7624	0.0534555	0	0.00427311	0.00600624	0.00142854	0.000784106	0.00116697	4.70848e-06	0	0	0	6.17014	2.92398	0.109662	0.0606006	0.0136261	2.08709e-14	0.92798	0.713908	0.0211374	0.00108052	32970.4	257776	44777.1	64247.7	454.479	3059.89	437.471	175.086	25.0644	6537.1	1275.08	589.154	43027.5	3622.37	6031.62	54.2085	140.585	18.7205	15.68	27.1712	107.434	22.6554	0.147737
setup	0	2006-08-30 23:00:00	0	1.15208	10.6676	0.0404707	0	0.00429149	0.00654099	0.00143007	0.000817745	0.00110538	4.63207e-06	0	0	0	6.16583	2.91807	0.109585	0.0604999	0.0136259	2.08709e-14	0.869931	0.705706	0.0209931	0.00108643	32958.7	257778	44780.4	64249.3	459.065	3050.42	436.348	174.983	25.012	6543.16	1275.18	589.046	43028.1	3622.91	6031.95	54.8245	140.081	18.6921	15.7167	27.4163	107.542	22.6572	0.146902
setup	0	2006-08-31 23:00:00	0	1.16575	10.7329	0.0178258	0	0.00430976	0.00385111	0.00147797	0.000919943	0.00120011	4.58006e-06	0	0	0	6.16151	2.91216	0.10951	0.0603995	0.0136276	2.08709e-14	0.873455	0.713028	0.0211985	0.00109398	32947	257781	44783.6	64251	463.662	3040.98	435.143	174.809	24.6641	6549.22	1275.28	588.939	43028.7	3623.46	6032.3	55.3883	139.579	18.6588	15.7609	27.621	107.65	22.659	0.146943
setup	0	2006-09-01 23:00:00	0	1.14538	10.1675	0.0379689	0	0.0043267	0.00495811	0.00146831	0.000895863	0.00115211	4.56798e-06	0	0	0	6.15717	2.90625	0.109433	0.0602992	0.0136266	2.08709e-14	0.82949	0.691812	0.0205703	0.00108721	32935.2	257784	44787.2	64252.8	467.984	3031.59	434.468	174.674	24.4051	6555.28	1275.39	588.831	43029.3	3624	6032.61	55.9512	139.079	18.6497	15.7907	27.8335	107.758	22.6608	0.145957
setup	0	2006-09-02 23:00:00	0	1.13771	9.1852	0.0290967	0	0.00434204	0.00385925	0.00142927	0.000839547	0.00101885	4.64345e-06	0	0	0	6.15282	2.90035	0.109357	0.0601991	0.0136256	2.08709e-14	0.775298	0.672259	0.0201279	0.00107923	32923.6	257787	44791.8	64254.7	471.619	3022.24	434.704	174.926	24.2555	6561.34	1275.49	588.724	43029.8	3624.55	6032.82	56.436	138.581	18.6834	15.8305	28.0534	107.866	22.6626	0.14568
setup	0	2006-09-03 23:00:00	0	1.11834	8.66305	0.0293298	0	0.00435978	0.00416085	0.00141297	0.000820445	0.000970255	4.73016e-06	0	0	0	6.14851	2.89448	0.10928	0.060099	0.0136258	2.08709e-14	0.749843	0.66303	0.0200428	0.00107044	32912.1	257792	44796.9	64256.8	474.707	3012.96	435.438	175.513	24.1397	6567.41	1275.59	588.617	43030.4	3625.1	6032.99	56.855	138.086	18.7403	15.8997	28.2674	107.974	22.6644	0.145624
setup	0	2006-09-04 23:00:00	0	1.10233	8.62593	4.29435e-05	0	0.00437799	0.0045132	0.00142419	0.000864386	0.00101221	4.82181e-06	0	0	0	6.14421	2.88863	0.109205	0.0599993	0.0136264	2.08709e-14	0.762509	0.669768	0.0199103	0.00106026	32900.6	257796	44801.9	64259	477.82	3003.74	436.177	176.018	24.0448	6573.47	1275.7	588.51	43031	3625.65	6033.17	57.2468	137.593	18.7969	15.9793	28.4839	108.082	22.6662	0.145275
setup	0	2006-09-05 23:00:00	0	1.10488	8.22633	0.0303303	0	0.00439792	0.005232	0.00140833	0.000847832	0.000955226	4.8944e-06	0	0	0	6.13994	2.8828	0.109129	0.0598998	0.0136258	2.08709e-14	0.753206	0.667915	0.0194758	0.00105469	32889.3	257801	44807.3	64261.2	480.462	2994.56	437.245	176.868	23.9663	6579.53	1275.81	588.403	43031.6	3626.2	6033.3	57.5674	137.102	18.8686	16.0723	28.7183	108.19	22.6681	0.144823
setup	0	2006-09-06 23:00:00	0	1.10393	7.851	0.0415313	0	0.00441832	0.00536468	0.00139145	0.000819365	0.000903346	4.94971e-06	0	0	0	6.13569	2.87699	0.109053	0.0598006	0.0136256	2.08709e-14	0.708429	0.645399	0.0194458	0.00105101	32877.9	257806	44813	64263.4	482.723	2985.43	438.633	177.967	23.9089	6585.59	1275.91	588.297	43032.2	3626.75	6033.41	57.8956	136.614	18.955	16.1657	28.925	108.297	22.67	0.144726
setup	0	2006-09-07 23:00:00	0	1.11447	7.69692	0.0349654	0	0.00443994	0.00611191	0.00138779	0.000816817	0.000882616	5.01066e-06	0	0	0	6.13142	2.87118	0.108979	0.0597017	0.0136258	2.08709e-14	0.710745	0.646478	0.0190548	0.00105062	32866.6	257811	44818.9	64265.7	484.782	2976.35	440.096	179.247	23.8657	6591.65	1276.02	588.19	43032.7	3627.3	6033.5	58.1836	136.127	19.0446	16.2779	29.1437	108.405	22.6718	0.144032
setup	0	2006-09-08 23:00:00	0	1.0893	7.55482	0.00191887	0	0.00446245	0.00574756	0.00137992	0.000798708	0.000878031	5.08744e-06	0	0	0	6.12716	2.86539	0.108904	0.0596029	0.0136259	2.08709e-14	0.705001	0.642809	0.0190322	0.00104287	32855.1	257816	44824.8	64268.1	486.776	2967.32	441.656	180.504	23.8725	6597.71	1276.13	588.083	43033.3	3627.85	6033.59	58.4583	135.643	19.1384	16.3961	29.3595	108.513	22.6737	0.144637
setup	0	2006-09-09 23:00:00	0	1.07931	8.57092	0.0532554	0	0.00448772	0.00593459	0.00146905	0.00100374	0.00116011	5.19346e-06	0	0	0	6.12289	2.8596	0.108828	0.0595042	0.0136296	2.08709e-14	0.785016	0.677292	0.0193982	0.00103551	32843.9	257820	44829.6	64270.8	489.897	2958.32	442.126	180.94	23.7236	6603.75	1276.24	587.977	43033.9	3628.39	6033.85	58.8118	135.16	19.1794	16.4927	29.5786	108.62	22.6756	0.143615
setup	0	2006-09-10 23:00:00	0	1.08357	7.85912	0.00143434	0	0.00451075	0.00672727	0.00140403	0.000865061	0.000963966	5.24551e-06	0	0	0	6.11866	2.85385	0.108753	0.0594057	0.0136258	2.08709e-14	0.72495	0.651219	0.0184091	0.00103078	32832.7	257825	44835.1	64273.2	492.243	2949.36	443.252	181.889	23.7597	6609.79	1276.35	587.871	43034.5	3628.93	6033.99	59.1243	134.68	19.2512	16.585	29.801	108.728	22.6775	0.143067
setup	0	2006-09-11 23:00:00	0	1.0845	8.4334	0.0317477	0	0.00453551	0.00734636	0.00144819	0.000949982	0.00110305	5.25192e-06	0	0	0	6.11445	2.8481	0.108679	0.0593076	0.0136279	2.08709e-14	0.772051	0.674171	0.0185438	0.00102967	32821.5	257829	44840	64275.7	495.185	2940.43	443.731	182.451	23.6867	6615.82	1276.46	587.765	43035	3629.47	6034.23	59.4763	134.201	19.2914	16.6819	30.0155	108.835	22.6794	0.143104
setup	0	2006-09-12 23:00:00	0	1.07365	8.65935	0.0330951	0	0.00456105	0.0063592	0.00146305	0.000974982	0.00116058	5.2498e-06	0	0	0	6.11022	2.84237	0.108604	0.0592097	0.0136278	2.08709e-14	0.783084	0.676655	0.0183845	0.00102531	32810.3	257833	44844.6	64278.3	498.4	2931.52	443.941	182.756	23.6387	6621.85	1276.56	587.659	43035.6	3630.01	6034.5	59.8664	133.724	19.318	16.75	30.2345	108.942	22.6813	0.142398
setup	0	2006-09-13 23:00:00	0	1.09861	7.96244	0.0362101	0	0.00458582	0.00644667	0.00139777	0.000836664	0.00095241	5.26061e-06	0	0	0	6.106	2.83665	0.10853	0.0591119	0.0136256	2.08709e-14	0.738329	0.658618	0.0178782	0.00102806	32799.1	257838	44849.8	64280.6	500.762	2922.65	444.786	183.733	23.6568	6627.88	1276.67	587.553	43036.1	3630.55	6034.65	60.18	133.249	19.3745	16.841	30.4646	109.05	22.6832	0.142826
setup	0	2006-09-14 23:00:00	0	1.10776	7.59537	0.00561362	0	0.00460989	0.00638726	0.00137105	0.00076635	0.000859769	5.26583e-06	0	0	0	6.10179	2.83095	0.108456	0.0590142	0.0136257	2.08709e-14	0.710568	0.645758	0.0175082	0.0010329	32787.8	257843	44855.4	64282.9	502.712	2913.81	445.976	185.013	23.7103	6633.9	1276.78	587.447	43036.7	3631.08	6034.76	60.4621	132.775	19.4472	16.9516	30.6857	109.157	22.6851	0.142081
setup	0	2006-09-15 23:00:00	0	1.11583	7.33372	0.0355387	0	0.00463383	0.00749807	0.00135875	0.00073379	0.000805362	5.32436e-06	0	0	0	6.09754	2.82524	0.108382	0.0589169	0.0136257	2.08709e-14	0.69735	0.640761	0.0173208	0.00103798	32776.4	257848	44861.2	64285.2	504.393	2905.01	447.391	186.479	23.7392	6639.93	1276.89	587.341	43037.3	3631.62	6034.84	60.7105	132.304	19.5303	17.087	30.8989	109.264	22.687	0.14236
setup	0	2006-09-16 23:00:00	0	1.12513	7.13993	0.0373107	0	0.00465787	0.00585732	0.00135078	0.000713101	0.00076612	5.44852e-06	0	0	0	6.09328	2.81953	0.108307	0.0588195	0.0136258	2.08709e-14	0.693011	0.638157	0.0170723	0.00104411	32765	257853	44867.2	64287.5	505.877	2896.26	448.971	188.073	23.7592	6645.96	1277	587.236	43037.8	3632.15	6034.91	60.9222	131.835	19.621	17.2286	31.1289	109.371	22.6889	0.142094
setup	0	2006-09-17 23:00:00	0	1.1351	6.959	0.0337189	0	0.00467899	0.00681124	0.00134466	0.000692853	0.000729045	5.62258e-06	0	0	0	6.089	2.81384	0.108232	0.0587222	0.0136256	2.08709e-14	0.672626	0.625507	0.0168298	0.0010514	32753.4	257858	44873.3	64289.9	507.195	2887.55	450.718	189.746	23.7752	6651.98	1277.11	587.131	43038.4	3632.68	6034.96	61.1316	131.368	19.7195	17.3727	31.3454	109.479	22.6908	0.14204
setup	0	2006-09-18 23:00:00	0	1.14153	8.50604	0.0100774	0	0.00470287	0.0048643	0.00149726	0.000996432	0.00114876	5.82787e-06	0	0	0	6.08472	2.80815	0.108156	0.0586251	0.0136322	2.08709e-14	0.800553	0.688959	0.0177132	0.00106282	32741.9	257862	44877.8	64292.9	510.007	2878.86	450.72	190.534	23.6622	6657.98	1277.22	587.026	43038.9	3633.2	6035.28	61.4429	130.902	19.7331	17.5089	31.5709	109.585	22.6927	0.14174
setup	0	2006-09-19 23:00:00	0	1.15194	11.7436	0.0381801	0	0.00472646	0.00663275	0.00182802	0.00168437	0.00211235	6.05535e-06	0	0	0	6.08042	2.80247	0.108081	0.0585281	0.0136483	2.08709e-14	1.0249	0.75008	0.0182559	0.00107571	32730.3	257863	44879	64296.2	514.899	2870.12	447.687	189.651	23.4825	6663.94	1277.32	586.921	43039.5	3633.72	6036.03	61.9586	130.437	19.5987	17.6257	31.7918	109.691	22.6946	0.142012
setup	0	2006-09-20 23:00:00	0	1.13014	16.4531	0.0432551	0	0.00474822	0.00515234	0.00184751	0.00149234	0.00244253	6.28556e-06	0	0	0	6.07612	2.7968	0.108005	0.0584312	0.0136812	2.08709e-14	1.31884	0.759705	0.0173727	0.00107466	32718.7	257858	44875.5	64299.3	522.15	2861.27	441.404	185.654	23.338	6669.86	1277.42	586.816	43040	3634.23	6037.35	62.7661	129.971	19.3049	17.6472	32.0201	109.797	22.6963	0.141778
setup	0	2006-09-21 23:00:00	0	1.11611	12.579	0.00682473	0	0.00476866	0.00559637	0.00151488	0.000709174	0.00130418	6.41855e-06	0	0	0	6.07183	2.79114	0.10793	0.0583345	0.0136265	2.08709e-14	1.0273	0.778406	0.0167963	0.00107311	32707.4	257858	44875.6	64300.7	527.539	2852.42	438.108	183.871	23.287	6675.8	1277.52	586.711	43040.5	3634.72	6037.99	63.5091	129.506	19.1549	17.576	32.2365	109.903	22.698	0.141646
setup	0	2006-09-22 23:00:00	0	1.09408	10.4992	0.0424687	0	0.0047904	0.00570455	0.00148431	0.000746013	0.00115264	6.48318e-06	0	0	0	6.06758	2.78551	0.107854	0.058238	0.0136257	2.08709e-14	0.90986	0.753402	0.0168007	0.00106824	32696.1	257860	44877.8	64302.2	531.863	2843.62	436.639	182.983	23.2333	6681.76	1277.62	586.606	43041.1	3635.21	6038.38	64.1024	129.043	19.0931	17.5139	32.4771	110.009	22.6998	0.141434
setup	0	2006-09-23 23:00:00	0	1.08773	10.2611	0.0111083	0	0.00480916	0.00469491	0.00153039	0.000894652	0.00126001	6.46911e-06	0	0	0	6.06335	2.7799	0.107779	0.0581418	0.0136271	2.08709e-14	0.902768	0.751976	0.0169962	0.00106635	32685.1	257861	44880.3	64304.1	535.998	2834.87	435.328	182.258	23.2269	6687.72	1277.72	586.502	43041.6	3635.7	6038.79	64.6647	128.583	19.0388	17.4737	32.7143	110.115	22.7016	0.141202
setup	0	2006-09-24 23:00:00	0	1.08838	9.17007	0.0422829	0	0.00482991	0.00554029	0.00148619	0.000837229	0.00109149	6.44051e-06	0	0	0	6.05917	2.77432	0.107705	0.0580458	0.0136256	2.08709e-14	0.818367	0.719216	0.0166883	0.00106591	32674	257864	44883.8	64305.8	539.37	2826.17	434.979	182.132	23.2314	6693.69	1277.83	586.397	43042.1	3636.21	6039.05	65.1678	128.124	19.031	17.4519	32.9314	110.221	22.7033	0.140915
setup	0	2006-09-25 23:00:00	0	1.0933	8.52119	0.0107616	0	0.00484762	0.00447371	0.00146827	0.000818673	0.00100703	6.41379e-06	0	0	0	6.05499	2.76875	0.107631	0.0579502	0.0136256	2.08709e-14	0.817332	0.725335	0.016588	0.00106836	32662.9	257868	44888	64307.6	541.985	2817.53	435.189	182.651	23.2888	6699.65	1277.93	586.293	43042.7	3636.7	6039.24	65.5106	127.668	19.0501	17.497	33.2015	110.327	22.7052	0.140795
setup	0	2006-09-26 23:00:00	0	1.10003	8.06868	0.0403828	0	0.00486752	0.00518562	0.00145799	0.000807958	0.000948917	6.43558e-06	0	0	0	6.05078	2.76318	0.107557	0.0578548	0.0136256	2.08709e-14	0.741986	0.686326	0.0165629	0.00107204	32651.7	257872	44892.6	64309.5	544.087	2808.94	435.777	183.606	23.3173	6705.62	1278.03	586.189	43043.2	3637.22	6039.4	65.8918	127.214	19.0875	17.5681	33.3885	110.433	22.707	0.140656
setup	0	2006-09-27 23:00:00	0	1.10212	7.70537	0.0317872	0	0.00488439	0.00440051	0.00144575	0.000787526	0.000895254	6.53424e-06	0	0	0	6.04658	2.75762	0.107483	0.0577595	0.0136256	2.08709e-14	0.755065	0.693454	0.0164325	0.00107525	32640.5	257876	44897.6	64311.5	545.827	2800.4	436.68	184.83	23.3562	6711.59	1278.14	586.085	43043.8	3637.72	6039.52	66.1599	126.763	19.1401	17.6726	33.6275	110.539	22.7088	0.140878
setup	0	2006-09-28 23:00:00	0	1.08803	11.22	0.0160258	0	0.00490243	0.00507749	0.00185483	0.00169661	0.00210014	6.71059e-06	0	0	0	6.04236	2.75207	0.107409	0.0576643	0.0136509	2.08709e-14	1.01729	0.792684	0.0182948	0.00107583	32629.3	257876	44899	64315.1	550.349	2791.86	434.473	183.663	23.1384	6717.51	1278.24	585.981	43044.3	3638.22	6040.27	66.6713	126.312	19.0408	17.7434	33.8399	110.645	22.7106	0.140494
setup	0	2006-09-29 23:00:00	0	1.089	18.4502	0.0355788	0	0.00492001	0.00498206	0.00184279	0.00168805	0.00286286	6.87469e-06	0	0	0	6.03816	2.74654	0.107335	0.0575693	0.0137969	2.08709e-14	1.47198	0.743933	0.0171384	0.00107253	32618.5	257870	44893.1	64315.8	557.77	2783.33	427.348	178.099	23.0607	6723.31	1278.34	585.877	43044.8	3638.71	6041.58	67.626	125.862	18.701	17.6447	34.0827	110.748	22.7123	0.141676
setup	0	2006-09-30 23:00:00	0	1.08542	18.0218	0.0139241	0	0.00493747	0.00370053	0.00163486	0.001214	0.00172833	6.94741e-06	0	0	0	6.03402	2.74104	0.107261	0.0574744	0.0136412	2.08709e-14	1.36686	0.784097	0.016353	0.00107422	32607.8	257864	44887.5	64316.9	564.71	2774.76	420.479	173.584	22.8207	6729.11	1278.44	585.773	43045.3	3639.18	6042.87	68.8016	125.412	18.3725	17.4108	34.3158	110.852	22.714	0.141652
setup	0	2006-10-01 23:00:00	0	1.08706	16.3539	0.0149293	0	0.00495416	0.0041756	0.0016654	0.0011167	0.00153556	6.80783e-06	0	0	0	6.02991	2.73556	0.107188	0.05738	0.013626	2.08709e-14	1.29563	0.802869	0.0161901	0.00107574	32596.9	257859	44883.5	64316.8	570.735	2766.21	414.827	170.207	22.6416	6734.91	1278.53	585.669	43045.8	3639.65	6043.81	69.8721	124.964	18.1027	17.2196	34.5462	110.955	22.7157	0.141204
setup	0	2006-10-02 23:00:00	0	1.08665	15.2808	0.0312347	0	0.00496955	0.00403036	0.00170519	0.00122893	0.00162636	6.53305e-06	0	0	0	6.02576	2.73008	0.107115	0.0572858	0.0136293	2.08709e-14	1.2612	0.830264	0.0166738	0.00107868	32586	257856	44880.5	64317	576.115	2757.7	409.936	167.592	22.502	6740.69	1278.63	585.566	43046.4	3640.12	6044.66	70.852	124.518	17.8697	17.0749	34.7732	111.058	22.7174	0.14158
setup	0	2006-10-03 23:00:00	0	1.1066	14.7852	0.0416628	0	0.00498489	0.00381285	0.00177422	0.0013561	0.00168956	6.229e-06	0	0	0	6.02162	2.72461	0.107042	0.0571917	0.0136275	2.08709e-14	1.24394	0.846095	0.0163367	0.00108893	32575.2	257852	44878.1	64317	580.94	2749.24	405.331	165.674	22.3988	6746.47	1278.73	585.462	43046.9	3640.6	6045.43	71.8012	124.074	17.6503	16.9552	34.9982	111.161	22.7191	0.141958
setup	0	2006-10-04 23:00:00	0	1.11387	14.0678	0.00785874	0	0.00499939	0.00495449	0.0018109	0.00140274	0.0017081	5.96804e-06	0	0	0	6.0175	2.71916	0.106969	0.0570978	0.0136268	2.08709e-14	1.24258	0.865978	0.0163159	0.00109843	32564.4	257850	44876.3	64317.1	585.222	2740.83	401.304	164.26	22.3958	6752.23	1278.82	585.359	43047.4	3641.08	6046.12	72.6346	123.632	17.4589	16.8872	35.2485	111.264	22.7208	0.141169
setup	0	2006-10-05 23:00:00	0	1.11946	13.8307	0.0141766	0	0.00501643	0.00390468	0.00186538	0.00157798	0.00188201	5.80175e-06	0	0	0	6.01336	2.71371	0.106897	0.0570041	0.013633	2.08709e-14	1.21352	0.875049	0.0166373	0.00110661	32553.5	257848	44874.8	64317.8	589.272	2732.47	397.462	163.117	22.3599	6757.99	1278.92	585.256	43047.9	3641.56	6046.87	73.5043	123.192	17.2763	16.8368	35.4419	111.367	22.7225	0.141259
setup	0	2006-10-06 23:00:00	0	1.10039	12.7498	0.0335165	0	0.00503287	0.00505562	0.00194022	0.00164396	0.00193579	5.69107e-06	0	0	0	6.00921	2.70827	0.106824	0.0569105	0.0136257	2.08709e-14	1.20343	0.913061	0.0167665	0.00110292	32542.3	257847	44874.3	64318.3	592.782	2724.16	394.613	162.286	22.3655	6763.75	1279.02	585.153	43048.4	3642.04	6047.46	74.1896	122.754	17.142	16.8157	35.6655	111.469	22.7243	0.141277
setup	0	2006-10-07 23:00:00	0	1.09025	12.006	0.0140304	0	0.00504954	0.00402503	0.00202804	0.00184766	0.00217455	5.65368e-06	0	0	0	6.00502	2.70283	0.106751	0.056817	0.0136267	2.08709e-14	1.18326	0.941522	0.0172347	0.00109853	32531.4	257846	44874.5	64318.8	595.807	2715.93	392.404	161.856	22.3797	6769.52	1279.12	585.05	43048.9	3642.52	6047.96	74.7678	122.319	17.0391	16.8004	35.934	111.572	22.726	0.141129
setup	0	2006-10-08 23:00:00	0	1.09894	11.8546	0.020223	0	0.00506894	0.004935	0.00206974	0.00197668	0.0023198	5.64269e-06	0	0	0	6.00087	2.69742	0.106677	0.0567235	0.0136278	2.08709e-14	1.14592	0.929732	0.0174518	0.00110121	32520.7	257846	44874.9	64319.4	598.527	2707.76	390.28	161.742	22.3975	6775.27	1279.22	584.947	43049.4	3643.01	6048.46	75.3979	121.885	16.9402	16.8192	36.1123	111.675	22.7278	0.140713
setup	0	2006-10-09 23:00:00	0	1.0866	12.158	0.0401902	0	0.00508608	0.00523434	0.00218376	0.00217201	0.00256723	5.65208e-06	0	0	0	5.99676	2.69202	0.106604	0.0566304	0.0136258	2.08709e-14	1.2589	0.996492	0.0181738	0.00110024	32509.7	257845	44874.9	64324	601.658	2699.55	387.841	161.32	22.2376	6781.06	1279.32	584.844	43049.9	3643.48	6049.49	75.8286	121.453	16.8254	16.965	36.3836	111.778	22.7296	0.139981
setup	0	2006-10-10 23:00:00	0	1.06736	10.9018	0.0133595	0	0.00510353	0.00444785	0.00185442	0.00146337	0.00175925	5.71693e-06	0	0	0	5.9926	2.68662	0.106531	0.0565376	0.0136296	2.08709e-14	1.02395	0.878031	0.0172906	0.00109284	32499.1	257845	44876	64327.4	604.71	2691.21	386.488	160.784	22.2164	6786.91	1279.42	584.742	43050.4	3643.95	6050.23	76.4517	121.02	16.7623	16.9079	36.5993	111.882	22.7313	0.139917
setup	0	2006-10-11 23:00:00	0	1.06095	10.1054	0.021201	0	0.00512359	0.00510183	0.00181497	0.00142955	0.00166965	5.9124e-06	0	0	0	5.98852	2.68127	0.106458	0.0564447	0.0136294	2.08709e-14	1.04223	0.909785	0.0179126	0.00109144	32488.8	257847	44877.8	64330.1	607.245	2682.89	385.754	160.788	22.1939	6792.76	1279.52	584.639	43050.9	3644.4	6050.78	76.865	120.588	16.729	16.9864	36.8444	111.986	22.733	0.139627
setup	0	2006-10-12 23:00:00	0	1.05173	9.80349	0.0418985	0	0.00514143	0.00536759	0.00186668	0.00159901	0.00179669	6.27698e-06	0	0	0	5.98451	2.67594	0.106386	0.0563523	0.0136302	2.08709e-14	1.01433	0.900562	0.0182057	0.00108985	32478.6	257848	44879.9	64332.9	609.652	2674.59	385.265	160.872	22.1567	6798.62	1279.61	584.536	43051.5	3644.86	6051.31	77.2811	120.158	16.7076	17.0534	37.083	112.091	22.7347	0.139415
setup	0	2006-10-13 23:00:00	0	1.03072	9.71448	0.0162111	0	0.00515843	0.00451676	0.0019121	0.00174871	0.00193498	6.66919e-06	0	0	0	5.98053	2.67064	0.106316	0.0562603	0.0136313	2.08709e-14	0.998074	0.894597	0.0185401	0.00108071	32468.7	257850	44882	64335.8	612.115	2666.34	384.885	160.801	22.1441	6804.47	1279.71	584.434	43052	3645.32	6051.86	77.7254	119.729	16.6915	17.1349	37.2703	112.195	22.7364	0.139012
setup	0	2006-10-14 23:00:00	0	1.02152	8.52572	0.0179701	0	0.00517727	0.00533608	0.00174845	0.00140589	0.00149434	6.99318e-06	0	0	0	5.97659	2.66537	0.106245	0.0561686	0.0136262	2.08709e-14	0.928865	0.859714	0.0176449	0.00107252	32458.7	257852	44885.4	64338	613.823	2658.15	385.427	161.37	22.2002	6810.34	1279.81	584.332	43052.5	3645.77	6052.17	78.0193	119.303	16.7207	17.2224	37.5227	112.299	22.7381	0.139201
setup	0	2006-10-15 23:00:00	0	1.04329	12.9243	0.0448736	0	0.00519532	0.0051601	0.00318314	0.00457071	0.00582697	7.22589e-06	0	0	0	5.97265	2.6601	0.106176	0.0560772	0.0136968	2.08709e-14	1.36043	1.09229	0.023443	0.00108066	32449	257851	44884.3	64341	617.559	2650.04	382.775	159.787	22.0254	6816.08	1279.9	584.229	43052.9	3646.22	6053.11	78.5295	118.879	16.5928	17.3566	37.7002	112.402	22.7398	0.139782
setup	0	2006-10-16 23:00:00	0	1.05612	14.4534	0.0146267	0	0.00521176	0.00506118	0.00256356	0.00304679	0.00384341	7.33979e-06	0	0	0	5.96876	2.65486	0.106106	0.055986	0.0136631	0.00973708	1.45183	1.1408	0.0201018	0.00108743	32439.4	257847	44881.6	64344.6	621.907	2641.83	378.975	157.475	21.9658	6821.82	1280	584.125	43053.4	3646.65	6054.31	79.2343	118.455	16.4071	17.2093	38.0207	112.504	22.7414	0.139688
setup	0	2006-10-17 23:00:00	0	1.07098	12.6415	0.0177286	0	0.0052285	0.00440077	0.00208107	0.00185122	0.00226759	7.27068e-06	0	0	0	5.9649	2.64965	0.104876	0.0556391	0.0136268	0.0218058	1.21691	1.04092	0.0190497	0.00109315	32429.8	257846	44880.6	64347.6	625.455	2633.49	376.532	156.061	21.9159	6827.61	1280.09	584.024	43053.9	3647.08	6055.22	79.9881	118.029	16.2868	17.0853	38.1797	112.606	22.743	0.139359
setup	0	2006-10-18 23:00:00	0	1.07688	13.5034	0.0416202	0	0.00524474	0.00544957	0.0026928	0.00343557	0.00449801	7.2319e-06	0	0	0	5.96105	2.64445	0.102455	0.055031	0.0137149	0.0164996	1.40049	1.15387	0.0217934	0.00109587	32420.2	257844	44878.6	64348.5	629.286	2625.26	373.556	154.283	21.8907	6833.34	1280.18	583.923	43054.3	3647.49	6055.99	80.6373	117.605	16.1403	17.0288	38.4201	112.705	22.7446	0.140132
setup	0	2006-10-19 23:00:00	0	1.07531	14.1514	0.015019	0	0.00525896	0.00442607	0.00253689	0.00325614	0.00408452	7.19801e-06	0	0	0	5.95719	2.63925	0.10345	0.0551753	0.0136656	0.0272375	1.43539	1.17876	0.0214512	0.00110082	32410.8	257840	44876.1	64351.7	633.132	2617.02	370.127	152.436	21.859	6839.05	1280.26	583.823	43054.8	3647.9	6057.11	81.3722	117.183	15.9709	16.9216	38.6433	112.804	22.7461	0.140764
setup	0	2006-10-20 23:00:00	0	1.09857	14.5802	0.0477425	0	0.00527417	0.0045263	0.00261298	0.00338992	0.00419406	7.11937e-06	0	0	0	5.95336	2.63408	0.101224	0.0546125	0.0136583	0.0492612	1.43435	1.17999	0.0217121	0.00110905	32401.5	257837	44873	64354.9	636.955	2608.72	366.538	150.475	21.7701	6844.76	1280.35	583.723	43055.2	3648.3	6058.28	82.2185	116.76	15.7928	16.7466	38.8173	112.901	22.7476	0.14122
setup	0	2006-10-21 23:00:00	0	1.13313	17.9911	0.012495	0	0.00528691	0.00539525	0.00289569	0.00475018	0.00701668	6.94693e-06	0	0	0	5.94957	2.62893	0.0968039	0.0535708	0.0141747	0.0716069	1.78641	1.39722	0.0292699	0.00112607	32392.4	257830	44866.2	64365.1	641.899	2600.04	361.676	146.18	21.3902	6850.47	1280.42	583.626	43055.6	3648.63	6060.73	83.1171	116.33	15.5479	16.5185	39.0516	112.994	22.7489	0.142796
setup	0	2006-10-22 23:00:00	0	1.17793	17.9771	0.0166129	0	0.00529925	0.00427674	0.00293088	0.00480692	0.00649104	6.68402e-06	0	0	0	5.94582	2.62381	0.0922651	0.0525063	0.0138531	0.106975	1.7853	1.41133	0.0293595	0.00115266	32383.6	257823	44859.2	64365.8	646.517	2591.16	356.972	142.194	21.2113	6856.17	1280.48	583.531	43056	3648.89	6061.99	84.0892	115.897	15.3084	16.2189	39.2442	113.082	22.7499	0.144628
setup	0	2006-10-23 23:00:00	0	1.23611	17.5253	0.04017	0	0.00530766	0.00504492	0.00316472	0.00493581	0.00589769	6.37866e-06	0	0	0	5.94215	2.61872	0.0851047	0.0508727	0.0136642	0.102044	1.78131	1.43339	0.0284809	0.00118637	32374.8	257816	44852.9	64365.5	650.544	2582.21	352.561	139.018	21.0789	6861.87	1280.54	583.439	43056.3	3649.17	6063.08	85.0062	115.463	15.0822	15.9767	39.4321	113.163	22.751	0.144737
setup	0	2006-10-24 23:00:00	0	1.24762	17.3428	0.018609	0	0.00531441	0.00449945	0.00323228	0.0051319	0.00617875	6.04923e-06	0	0	0	5.93847	2.61364	0.0860965	0.0510213	0.0136929	0.13042	1.80416	1.45899	0.0291506	0.0012164	32366.3	257810	44846.9	64365.4	654.099	2573.21	348.327	136.421	20.9905	6867.55	1280.6	583.347	43056.7	3649.47	6064.15	85.8587	115.028	14.864	15.8012	39.5876	113.245	22.752	0.144876
setup	0	2006-10-25 23:00:00	0	1.28752	16.8177	0.0183908	0	0.00531948	0.00436394	0.0034502	0.00514548	0.00591803	5.73162e-06	0	0	0	5.93483	2.60859	0.0802603	0.0496832	0.0136355	0.128107	1.77487	1.46249	0.0286125	0.00123546	32357.6	257804	44841.6	64364.2	657.314	2564.25	344.459	134.245	20.9731	6873.23	1280.65	583.258	43057	3649.79	6065.03	86.6846	114.595	14.6638	15.6369	39.7473	113.321	22.7529	0.144469
setup	0	2006-10-26 23:00:00	0	1.28503	16.2232	0.0210913	0	0.0053243	0.00431083	0.00347891	0.0049951	0.00570273	5.495e-06	0	0	0	5.93118	2.60354	0.0807724	0.0497288	0.0136322	0.133859	1.76968	1.45871	0.0276346	0.00124415	32349	257798	44836.9	64362.6	660.172	2555.42	340.874	132.564	21.0357	6878.91	1280.71	583.17	43057.3	3650.13	6065.78	87.4014	114.164	14.4785	15.5071	39.9638	113.398	22.7539	0.143625
setup	0	2006-10-27 23:00:00	0	1.28916	15.5329	0.0414789	0	0.00532778	0.00450528	0.00348108	0.0050133	0.00582792	5.35075e-06	0	0	0	5.92754	2.5985	0.0795607	0.0494001	0.0136395	0.148335	1.64517	1.3942	0.0272719	0.00123938	32340.5	257794	44833	64361.3	662.732	2546.76	337.64	131.28	21.1256	6884.59	1280.77	583.081	43057.6	3650.5	6066.5	88.2236	113.738	14.3118	15.4193	40.0096	113.473	22.7551	0.143451
setup	0	2006-10-28 23:00:00	0	1.28351	14.8004	0.0200122	0	0.00532999	0.00403284	0.00323089	0.00524826	0.00671801	5.28456e-06	0	0	0	5.92392	2.59349	0.0766387	0.0487019	0.0137909	0.149295	1.71019	1.46582	0.0293142	0.00122228	32332.1	257790	44829.8	64363.2	665.073	2538.15	335.134	130.069	21.0539	6890.27	1280.84	582.994	43057.9	3650.87	6067.51	88.7558	113.313	14.1811	15.3238	40.2872	113.546	22.7562	0.144099
setup	0	2006-10-29 23:00:00	0	1.28622	14.7425	0.0184184	0	0.00533343	0.00365043	0.003736	0.00563894	0.00632454	5.17537e-06	0	0	0	5.92032	2.58848	0.0764629	0.0485996	0.0136263	0.116626	1.63097	1.42276	0.0292624	0.00122076	32323.6	257786	44826.4	64362.7	667.184	2529.56	332.617	129.109	21.0861	6895.95	1280.9	582.908	43058.3	3651.21	6068.24	89.4604	112.89	14.0498	15.2769	40.3865	113.618	22.7573	0.143336
setup	0	2006-10-30 23:00:00	0	1.24811	14.4726	0.0206199	0	0.00533903	0.00421939	0.00357469	0.00559765	0.00658317	5.10467e-06	0	0	0	5.91669	2.58348	0.0829411	0.0499343	0.0136807	0.157786	1.70829	1.47524	0.0291689	0.00122397	32315.3	257782	44823.3	64362.8	669.109	2521.06	330.253	128.343	21.149	6901.62	1280.97	582.818	43058.6	3651.56	6069	89.9522	112.471	13.9265	15.2158	40.6562	113.697	22.7585	0.14376
setup	0	2006-10-31 23:00:00	0	1.32562	15.7562	0.0205573	0	0.00534266	0.00410734	0.0043704	0.00726247	0.00767779	5.05586e-06	0	0	0	5.91312	2.57851	0.0745004	0.0480485	0.0144472	0.188452	2.17672	1.97682	0.0418293	0.0012451	32307.3	257777	44817.8	64386.7	671.701	2511.99	328.131	126.368	20.4684	6907.28	1281.01	582.733	43058.8	3651.61	6072.83	89.9176	112.04	13.8103	15.1216	41.0381	113.768	22.7592	0.143491
setup	0	2006-11-01 23:00:00	0	1.3575	15.7107	0.0227639	0	0.00534387	0.00377472	0.00371906	0.00719115	0.0102561	5.01089e-06	0	0	0	5.90961	2.57357	0.0680869	0.046605	0.0141747	0.177326	1.60947	1.47617	0.0469259	0.00130014	32299.1	257772	44813.1	64387.9	674.942	2502.78	326.393	123.096	20.2086	6912.95	1281.05	582.65	43059.1	3651.78	6073.86	91.0315	111.607	13.7107	14.7979	40.8885	113.832	22.7599	0.146433
setup	0	2006-11-02 23:00:00	0	1.36009	15.7615	0.0219585	0	0.0053443	0.00388624	0.00404694	0.00760548	0.00908127	5.01695e-06	0	0	0	5.90608	2.56863	0.07039	0.047039	0.0137362	0.219971	1.77428	1.58927	0.0436056	0.00134214	32291.5	257766	44808.7	64388.6	678.082	2493.49	324.701	119.901	20.029	6918.61	1281.08	582.567	43059.3	3651.94	6074.82	91.8353	111.174	13.6122	14.4801	40.9959	113.898	22.7604	0.146767
setup	0	2006-11-03 23:00:00	0	1.4409	15.8314	0.0217146	0	0.00534084	0.0038038	0.00432654	0.00756007	0.00802411	4.96146e-06	0	0	0	5.90264	2.56374	0.0614696	0.0450637	0.0136429	0.233066	1.84228	1.62785	0.0409879	0.00138623	32283.9	257761	44804.5	64387.1	680.904	2484.13	322.939	117.107	19.9361	6924.26	1281.11	582.487	43059.5	3652.15	6075.5	92.5143	110.74	13.5098	14.2376	41.1534	113.955	22.7609	0.146282
setup	0	2006-11-04 23:00:00	0	1.46546	15.5916	0.0218208	0	0.00533658	0.00378557	0.00424944	0.00746561	0.00816002	4.86008e-06	0	0	0	5.89923	2.55886	0.0588222	0.044427	0.0136869	0.240599	1.80661	1.61221	0.0408877	0.00141128	32276.4	257756	44800.6	64386.2	683.221	2474.8	321.255	114.906	19.9223	6929.9	1281.14	582.41	43059.7	3652.4	6076.21	93.1956	110.306	13.4111	14.0494	41.2505	114.01	22.7614	0.146601
setup	0	2006-11-05 23:00:00	0	1.46014	15.1484	0.0394507	0	0.0053318	0.0041082	0.0039837	0.00752213	0.00904194	4.76252e-06	0	0	0	5.89581	2.554	0.057281	0.0440323	0.0138699	0.241783	1.79271	1.62615	0.0442405	0.00141342	32268.8	257751	44797	64387.8	685.225	2465.5	319.935	112.969	19.854	6935.54	1281.16	582.333	43059.9	3652.63	6077.2	93.7933	109.873	13.3306	13.8834	41.3767	114.063	22.7619	0.148081
setup	0	2006-11-06 23:00:00	0	1.44064	14.8068	0.0202358	0	0.00532751	0.00379345	0.00418549	0.00786938	0.00888165	4.68133e-06	0	0	0	5.8924	2.54914	0.0570668	0.043922	0.0137545	0.22787	1.79534	1.6345	0.0452078	0.00141189	32261.2	257747	44793.5	64389	687.154	2456.23	318.899	111.071	19.7917	6941.19	1281.19	582.256	43060.1	3652.83	6078.08	94.3163	109.442	13.2643	13.7194	41.5624	114.116	22.7624	0.148131
setup	0	2006-11-07 23:00:00	0	1.40461	15.312	0.0212263	0	0.00532734	0.00397602	0.00465011	0.0081783	0.00784333	4.5899e-06	0	0	0	5.88898	2.54429	0.0599109	0.0444574	0.0146561	0.232563	2.34638	2.23624	0.0530252	0.00142189	32253.7	257742	44788.6	64408.5	690.444	2446.76	318.156	107.5	19.4292	6946.85	1281.21	582.178	43060.3	3652.41	6081.27	94.0386	109.01	13.2122	13.6132	42.4887	114.172	22.7627	0.147144
setup	0	2006-11-08 23:00:00	0	1.44239	15.3367	0.0219686	0	0.00532623	0.00413147	0.00443233	0.00865584	0.00958467	4.45724e-06	0	0	0	5.88559	2.53946	0.0587295	0.0441283	0.0137232	0.27649	1.46672	1.35509	0.0590179	0.00150644	32246.8	257737	44785.5	64406.6	693.578	2437.21	317.336	103.977	19.3833	6952.49	1281.22	582.101	43060.4	3652.59	6081.76	95.5316	108.577	13.1544	13.1516	41.9649	114.227	22.7629	0.148116
setup	0	2006-11-09 23:00:00	0	1.51336	15.9101	0.0222268	0	0.00532368	0.00425729	0.00474476	0.00875327	0.00861336	4.39261e-06	0	0	0	5.88232	2.53468	0.0540517	0.0430054	0.0147529	0.276944	2.2891	2.1619	0.060454	0.00157973	32239.8	257732	44778.5	64422	697.203	2427.45	316.558	99.7684	19.2148	6958.13	1281.23	582.025	43060.6	3651.17	6084.4	95.5632	108.14	13.0972	12.8429	42.7517	114.277	22.763	0.14855
setup	0	2006-11-10 23:00:00	0	1.51408	15.8369	0.022357	0	0.0053215	0.00434967	0.00452954	0.00857622	0.00848726	4.29686e-06	0	0	0	5.87902	2.5299	0.0540227	0.0428891	0.0142288	0.288098	1.9371	1.84145	0.0669164	0.00167957	32232.9	257726	44773.6	64431.3	700.945	2417.56	315.949	95.3072	19.2168	6963.77	1281.22	581.95	43060.7	3650.69	6086.16	96.318	107.702	13.0473	12.387	42.9528	114.327	22.763	0.148221
setup	0	2006-11-11 23:00:00	0	1.53189	15.5545	0.0224991	0	0.00531825	0.00438475	0.00452243	0.00959355	0.0107669	4.26892e-06	0	0	0	5.87575	2.52514	0.0539935	0.042732	0.0139202	0.295744	1.69233	1.57504	0.0746238	0.00181114	32226.1	257721	44770.6	64429.7	704.031	2407.65	315.427	91.5808	19.3459	6969.4	1281.22	581.875	43060.8	3650.88	6086.58	97.4304	107.264	13.0004	11.957	42.7719	114.377	22.7629	0.150882
setup	0	2006-11-12 23:00:00	0	1.55232	15.3796	0.0225108	0	0.00531376	0.00438268	0.00494721	0.0109076	0.0116168	4.25562e-06	0	0	0	5.8725	2.52039	0.0539645	0.0425134	0.0137954	0.292769	1.87829	1.74048	0.0764243	0.00191362	32219.3	257716	44766.7	64429.2	706.09	2397.74	314.832	89.1544	19.4859	6975.03	1281.21	581.8	43060.9	3650.94	6087.13	98.0489	106.828	12.9496	11.6931	42.8843	114.427	22.7628	0.152178
setup	0	2006-11-13 23:00:00	0	1.548	15.1495	0.0226761	0	0.00530927	0.00435241	0.00514101	0.0113865	0.0115282	4.20045e-06	0	0	0	5.86925	2.51566	0.0539358	0.0421295	0.0137785	0.313829	1.89169	1.77226	0.0761365	0.0019651	32212.6	257711	44763.2	64428.6	707.628	2387.84	314.337	87.396	19.5651	6980.65	1281.21	581.725	43061	3651.04	6087.66	98.5506	106.393	12.9039	11.5089	43.0351	114.477	22.7626	0.153082
setup	0	2006-11-14 23:00:00	0	1.58922	15.5683	0.0231688	0	0.00530539	0.00430806	0.00543837	0.0107859	0.00893492	4.11197e-06	0	0	0	5.86604	2.51095	0.053907	0.0418013	0.014854	0.3287	2.78916	2.67477	0.0669541	0.00185434	32206.1	257705	44753.6	64440	709.403	2377.85	313.81	85.4806	19.373	6986.27	1281.19	581.65	43061.1	3649.3	6089.01	97.4126	105.957	12.8574	11.4791	44.6893	114.527	22.7624	0.152334
setup	0	2006-11-15 23:00:00	0	1.61672	15.508	0.0233181	0	0.00530123	0.00425975	0.00446711	0.0101856	0.0113777	3.9884e-06	0	0	0	5.86286	2.50626	0.0538785	0.0411055	0.0140548	0.320914	1.60907	1.55086	0.0863498	0.00194588	32199.6	257700	44748.6	64439.3	710.99	2367.81	313.337	83.7595	19.2202	6991.89	1281.18	581.576	43061.2	3649.22	6089.18	98.6273	105.52	12.8119	11.2112	44.2128	114.577	22.7621	0.154196
setup	0	2006-11-16 23:00:00	0	1.59081	15.0033	0.0232418	0	0.00529639	0.00420578	0.00487895	0.0111911	0.0116916	3.89617e-06	0	0	0	5.85967	2.50157	0.0538504	0.0402817	0.0139142	0.344561	1.79013	1.70492	0.0888977	0.0020363	32193.2	257695	44744.2	64438.9	712.27	2357.83	313.166	82.3776	19.0702	6997.51	1281.16	581.503	43061.2	3649.13	6089.5	99.3118	105.086	12.7816	11.0286	44.1355	114.627	22.7618	0.155003
setup	0	2006-11-17 23:00:00	0	1.62936	14.9137	0.0232578	0	0.00528944	0.00412204	0.00513844	0.0118201	0.011808	3.78669e-06	0	0	0	5.85653	2.49691	0.0538221	0.0393664	0.0138583	0.349802	1.83929	1.74935	0.0900658	0.00209662	32187.1	257690	44740.2	64438.3	713.329	2347.88	312.955	81.3274	18.9421	7003.13	1281.14	581.43	43061.3	3649.09	6089.87	99.8648	104.652	12.7499	10.9012	44.1362	114.677	22.7615	0.156014
setup	0	2006-11-18 23:00:00	0	1.64939	14.8385	0.0231626	0	0.00528051	0.00402849	0.00576079	0.0126368	0.0105992	3.64233e-06	0	0	0	5.85342	2.49228	0.0537942	0.0380322	0.0136333	0.368277	1.88746	1.76273	0.0837448	0.00214672	32181.1	257686	44738.1	64436.1	714.11	2337.98	312.657	80.6444	18.8967	7008.74	1281.13	581.357	43061.3	3649.37	6090.14	100.298	104.218	12.7145	10.8244	44.195	114.726	22.7612	0.155883
setup	0	2006-11-19 23:00:00	0	1.69736	15.0058	0.0230287	0	0.00527159	0.00396597	0.00522455	0.011804	0.0116694	3.53182e-06	0	0	0	5.85035	2.48767	0.0537667	0.0351981	0.0139761	0.381546	1.95537	1.84763	0.0877468	0.00218786	32175.2	257681	44733.8	64435.5	714.736	2328.08	312.253	80.0518	18.8905	7014.35	1281.11	581.287	43061.3	3649.29	6090.62	100.631	103.784	12.6737	10.7589	44.3375	114.776	22.7608	0.157704
setup	0	2006-11-20 23:00:00	0	1.72131	14.9968	0.0228046	0	0.0052619	0.00391455	0.00513844	0.0120475	0.0123935	3.43254e-06	0	0	0	5.84731	2.48307	0.0537394	0.0320531	0.0140852	0.387676	1.95234	1.86814	0.0919293	0.00220459	32169.4	257676	44728.3	64435.6	715.336	2318.19	311.93	79.4046	18.8605	7019.95	1281.09	581.218	43061.3	3648.98	6091.11	100.969	103.347	12.6367	10.6822	44.4782	114.826	22.7604	0.158993
setup	0	2006-11-21 23:00:00	0	1.69689	14.3409	0.0227466	0	0.00525166	0.00385466	0.00516227	0.0121158	0.0117687	3.33798e-06	0	0	0	5.84426	2.47849	0.0537124	0.0290928	0.0139937	0.366771	1.88249	1.82315	0.0912208	0.00219005	32163.3	257671	44723.6	64435.6	716.047	2308.39	312.048	78.5265	18.8516	7025.56	1281.07	581.151	43061.4	3648.68	6091.52	101.299	102.91	12.6226	10.5699	44.6486	114.876	22.7601	0.159579
setup	0	2006-11-22 23:00:00	0	1.71305	14.8506	0.0232327	0	0.0052453	0.00382927	0.00540655	0.0111237	0.00876316	3.24142e-06	0	0	0	5.84118	2.4739	0.0536854	0.0290525	0.015634	0.374185	2.97315	2.87252	0.0675384	0.00202633	32157.5	257667	44710.7	64444.9	716.84	2298.57	311.895	77.6963	18.6979	7031.17	1281.05	581.085	43061.4	3646.1	6090.89	99.5844	102.474	12.5965	10.594	46.7709	114.926	22.7597	0.157217
setup	0	2006-11-23 23:00:00	0	1.79673	14.9993	0.0238713	0	0.0052406	0.00378334	0.00502236	0.0096776	0.00683332	3.11551e-06	0	0	0	5.83816	2.46932	0.0536581	0.0287476	0.0146916	0.403846	2.434	2.32876	0.04063	0.00189546	32151.9	257661	44697.8	64450.3	717.741	2288.67	311.758	76.7477	18.5652	7036.77	1281.02	581.019	43061.4	3643.95	6090.71	99.0235	102.039	12.5688	10.2835	48.0579	114.976	22.7593	0.155151
setup	0	2006-11-24 23:00:00	0	1.96158	14.9733	0.0230496	0	0.00523257	0.00383797	0.00453803	0.009193	0.00595858	2.99352e-06	0	0	0	5.83517	2.46474	0.0536313	0.0287115	0.013629	0.458011	1.82143	1.71955	0.0537643	0.00179507	32146.7	257656	44696.1	64447.2	718.509	2278.78	311.495	76.0333	18.5762	7042.37	1280.99	580.953	43061.3	3644.29	6090.97	99.6552	101.604	12.5346	10.1918	47.8765	115.025	22.7588	0.156778
setup	0	2006-11-25 23:00:00	0	2.17638	14.8874	0.0219019	0	0.00522188	0.00379193	0.00460885	0.0090235	0.00635853	2.9584e-06	0	0	0	5.83229	2.46016	0.0536047	0.0286758	0.013648	0.472806	1.84241	1.73577	0.0624972	0.00185651	32141.5	257651	44694.5	64444.3	719.097	2268.92	311.22	75.4599	18.6938	7047.96	1280.96	580.886	43061.2	3644.62	6091.23	100.213	101.171	12.5002	10.1215	47.7289	115.075	22.7582	0.158256
setup	0	2006-11-26 23:00:00	0	2.35001	14.8137	0.0218128	0	0.00521261	0.00376967	0.00412704	0.00882267	0.00816597	2.97093e-06	0	0	0	5.82942	2.45551	0.0535791	0.0286405	0.0141966	0.469736	1.86181	1.78595	0.0759562	0.00192945	32136.1	257646	44689.4	64443.6	719.559	2259.1	311.029	74.8866	18.8062	7053.54	1280.93	580.82	43061.2	3644.37	6091.71	100.696	100.741	12.4698	10.051	47.6447	115.124	22.7577	0.161596
setup	0	2006-11-27 23:00:00	0	2.52121	14.9151	0.0222792	0	0.00520438	0.00372571	0.00506575	0.00928015	0.00615202	2.96274e-06	0	0	0	5.82653	2.45074	0.0535536	0.0286056	0.0144739	0.497023	2.59907	2.52118	0.0653555	0.00196192	32130.8	257641	44675.8	64449.1	719.984	2249.26	310.809	74.3756	18.8995	7059.13	1280.9	580.755	43061.1	3641.96	6091.31	99.7441	100.311	12.4398	10.058	48.9198	115.174	22.7572	0.158065
setup	0	2006-11-28 23:00:00	0	2.77984	14.9105	0.0223796	0	0.00519524	0.00366906	0.00414986	0.00840408	0.00703213	2.9447e-06	0	0	0	5.8237	2.44583	0.0535279	0.0285713	0.0138601	0.52217	1.7048	1.60575	0.0796604	0.00201966	32125.6	257636	44673.1	64446.6	720.362	2239.47	310.532	74.056	18.9028	7064.71	1280.87	580.691	43060.9	3642.11	6091.6	100.582	99.8832	12.4061	9.95148	48.4598	115.224	22.7566	0.161381
setup	0	2006-11-29 23:00:00	0	3.04845	15.024	0.0222106	0	0.00518585	0.00363917	0.00466153	0.00838996	0.00613412	2.95211e-06	0	0	0	5.8209	2.44077	0.0535027	0.0285373	0.0142231	0.531269	2.23029	2.17854	0.0761687	0.00205638	32120.3	257631	44661.5	64449.5	720.759	2229.67	310.225	73.6421	18.9439	7070.29	1280.83	580.626	43060.8	3640.13	6091.58	100.404	99.4565	12.3723	9.92575	48.9677	115.273	22.7559	0.159417
setup	0	2006-11-30 23:00:00	0	3.27863	14.8317	0.0228728	0	0.00517766	0.00376287	0.00440911	0.00775679	0.00594615	2.96547e-06	0	0	0	5.81811	2.43552	0.0534778	0.0285037	0.0144372	0.535361	2.25302	2.13907	0.0768079	0.00207215	32114.7	257626	44651	64450.8	721.271	2219.9	310.001	72.901	18.9966	7075.87	1280.8	580.562	43060.6	3638.5	6091.36	100.06	99.0319	12.3427	9.60471	49.2212	115.323	22.7553	0.15926
setup	0	2006-12-01 23:00:00	0	3.53528	14.8731	0.0227677	0	0.00516718	0.0036831	0.00434148	0.00828783	0.00631335	3.00179e-06	0	0	0	5.81532	2.43002	0.053453	0.0284705	0.0136603	0.582707	1.77694	1.67452	0.0839426	0.00219665	32109.4	257620	44649.6	64447.6	721.776	2210.19	309.734	72.4929	18.6845	7081.44	1280.76	580.499	43060.4	3638.82	6091.57	100.634	98.6093	12.3107	9.54146	48.8959	115.372	22.7547	0.162102
setup	0	2006-12-02 23:00:00	0	3.82872	14.6799	0.022287	0	0.0051549	0.00364004	0.00442893	0.00839804	0.00645519	3.06983e-06	0	0	0	5.81261	2.42431	0.0534281	0.0284375	0.0136694	0.541529	1.85228	1.75484	0.0876094	0.0023136	32103.5	257615	44648.2	64444.4	722.257	2200.55	309.508	71.9679	18.5458	7087.01	1280.73	580.433	43060.2	3639.13	6091.73	101.026	98.1892	12.2812	9.48292	48.7794	115.422	22.7541	0.164487
setup	0	2006-12-03 23:00:00	0	4.00692	14.5323	0.0223251	0	0.00514353	0.00360604	0.00474883	0.00895675	0.00654164	3.09728e-06	0	0	0	5.80983	2.41835	0.053404	0.0284037	0.0136331	0.642473	1.91764	1.8126	0.0891675	0.00237534	32098.2	257610	44646.7	64441.2	722.609	2190.98	309.259	71.5513	18.5104	7092.58	1280.7	580.371	43060	3639.38	6091.86	101.255	97.7718	12.2514	9.44228	48.7051	115.471	22.7535	0.16564
setup	0	2006-12-04 23:00:00	0	4.54299	14.7326	0.0224009	0	0.0051296	0.00355316	0.00475319	0.00919929	0.00719434	3.0987e-06	0	0	0	5.80722	2.41216	0.0533793	0.0283717	0.0137332	0.677767	1.97262	1.87034	0.0925355	0.00243282	32093	257605	44644.6	64438.6	722.888	2181.45	308.825	71.2317	18.4837	7098.14	1280.66	580.302	43059.6	3639.55	6092.06	101.425	97.3558	12.2125	9.41451	48.6564	115.521	22.7528	0.16799
setup	0	2006-12-05 23:00:00	0	4.94354	14.7893	0.0223125	0	0.00511436	0.00352173	0.00501066	0.00979532	0.00742505	3.05825e-06	0	0	0	5.80466	2.40583	0.053356	0.0283356	0.0136864	0.680571	1.98742	1.89399	0.0939141	0.00246616	32087.5	257600	44642	64436	723.091	2171.93	308.345	70.9368	18.4868	7103.7	1280.62	580.233	43059.3	3639.65	6092.26	101.585	96.9415	12.1717	9.38747	48.6192	115.57	22.7522	0.169277
setup	0	2006-12-06 23:00:00	0	5.21363	14.7063	0.0223463	0	0.00509883	0.00349264	0.00516994	0.0100462	0.00742554	2.99914e-06	0	0	0	5.8021	2.39915	0.0533332	0.0282997	0.0136642	0.673186	1.9845	1.89786	0.0940008	0.00247309	32081.7	257595	44639.6	64433.2	723.214	2162.48	307.882	70.7027	18.4967	7109.25	1280.59	580.164	43059	3639.76	6092.42	101.731	96.5294	12.1324	9.36865	48.5924	115.619	22.7515	0.170241
setup	0	2006-12-07 23:00:00	0	5.41424	14.5686	0.0224948	0	0.00508313	0.00345904	0.00525745	0.0100824	0.00732024	2.93386e-06	0	0	0	5.79953	2.39213	0.0533103	0.028264	0.0136523	0.694573	1.97983	1.89473	0.0932056	0.00246347	32076	257590	44637.3	64430.3	723.282	2153.1	307.451	70.5196	18.5058	7114.8	1280.55	580.096	43058.7	3639.87	6092.54	101.855	96.1199	12.0958	9.35634	48.5553	115.669	22.7509	0.170678
setup	0	2006-12-08 23:00:00	0	5.6344	14.3444	0.022661	0	0.00506649	0.00341777	0.00530699	0.00997288	0.00708622	2.8729e-06	0	0	0	5.79702	2.38486	0.0532874	0.028229	0.013641	0.712998	1.96439	1.88419	0.0914692	0.00243738	32070.3	257585	44635.4	64427.3	723.296	2143.84	307.087	70.3901	18.5164	7120.36	1280.52	580.027	43058.4	3639.99	6092.62	101.953	95.7134	12.0637	9.35025	48.5111	115.718	22.7503	0.170716
setup	0	2006-12-09 23:00:00	0	5.84206	14.1693	0.0228055	0	0.00504918	0.00338234	0.00524154	0.00971101	0.00694367	2.82775e-06	0	0	0	5.79455	2.37744	0.053265	0.0281929	0.0136509	0.726199	1.95101	1.87293	0.0900599	0.00240632	32064.8	257580	44633.5	64424.5	723.265	2134.67	306.745	70.3255	18.5182	7125.91	1280.49	579.956	43058	3640.12	6092.69	102.032	95.3099	12.0338	9.35127	48.4604	115.767	22.7498	0.170996
setup	0	2006-12-10 23:00:00	0	5.98248	13.96	0.0228347	0	0.00503098	0.0033494	0.0052532	0.0095099	0.00664347	2.78368e-06	0	0	0	5.79214	2.36991	0.0532429	0.0281566	0.0136359	0.700657	1.92414	1.85366	0.0876129	0.00237074	32059.1	257575	44631.9	64421.7	723.243	2125.62	306.447	70.2598	18.5276	7131.46	1280.46	579.886	43057.7	3640.25	6092.74	102.115	94.9093	12.0073	9.34919	48.4277	115.817	22.7493	0.170619
setup	0	2006-12-11 23:00:00	0	6.1414	14.1109	0.0227972	0	0.00501349	0.00334192	0.00513119	0.0092814	0.00675243	2.75785e-06	0	0	0	5.78971	2.36228	0.0532213	0.0281204	0.0136678	0.745792	1.95211	1.86411	0.0872614	0.00235055	32053.9	257570	44630.1	64419.1	723.172	2116.63	305.934	70.3537	18.5022	7137.01	1280.43	579.819	43057.3	3640.37	6092.82	102.172	94.5111	11.9709	9.36838	48.3641	115.866	22.7488	0.171145
setup	0	2006-12-12 23:00:00	0	6.35582	14.1918	0.0226383	0	0.00499396	0.00332019	0.00509508	0.00921012	0.00677835	2.72691e-06	0	0	0	5.78741	2.35462	0.0531996	0.028086	0.0136741	0.717338	1.95521	1.87118	0.0866905	0.00234841	32048.6	257566	44628	64416.7	723.124	2107.68	305.354	70.3827	18.4914	7142.54	1280.41	579.749	43057	3640.48	6092.95	102.251	94.1146	11.9314	9.37557	48.324	115.915	22.7483	0.17109
setup	0	2006-12-13 23:00:00	0	6.26481	14.0338	0.0225165	0	0.00497556	0.00331668	0.00476991	0.0089022	0.00711642	2.70052e-06	0	0	0	5.78507	2.3469	0.053179	0.0280506	0.0137894	0.609836	1.91325	1.85245	0.0892429	0.00233046	32042.6	257561	44625.7	64415.3	723.08	2098.81	304.898	70.2942	18.4646	7148.09	1280.38	579.683	43056.7	3640.54	6093.22	102.381	93.7205	11.8986	9.36835	48.3424	115.964	22.7478	0.172468
setup	0	2006-12-14 23:00:00	0	6.05288	13.8817	0.0224554	0	0.00495966	0.0033189	0.00470788	0.0090541	0.00744235	2.66342e-06	0	0	0	5.78262	2.33906	0.0531581	0.0280174	0.0138163	0.676798	1.91609	1.84514	0.0916052	0.00230747	32037.2	257556	44622.9	64414.2	723.04	2090.01	304.541	70.1182	18.41	7153.63	1280.35	579.625	43056.4	3640.44	6093.48	102.472	93.3288	11.8714	9.35074	48.3196	116.013	22.7474	0.173653
setup	0	2006-12-15 23:00:00	0	6.26699	14.0981	0.0224665	0	0.00494115	0.00326331	0.00526189	0.00979688	0.00712906	2.59764e-06	0	0	0	5.78029	2.33131	0.0531362	0.0279888	0.013641	0.73442	1.95996	1.8719	0.0887012	0.00230448	32032.7	257551	44620	64411.7	722.967	2081.25	303.955	70.081	18.3391	7159.16	1280.33	579.563	43056	3640.38	6093.55	102.526	92.939	11.8337	9.35207	48.2765	116.063	22.7469	0.172665
setup	0	2006-12-16 23:00:00	0	6.41378	13.8584	0.02251	0	0.00492043	0.00319755	0.00500632	0.00916304	0.00690651	2.53677e-06	0	0	0	5.77812	2.32382	0.0531153	0.0279586	0.0136842	0.740134	1.93701	1.85717	0.0875626	0.00229843	32028.2	257546	44617.7	64409.4	722.902	2072.56	303.504	69.922	18.3328	7164.7	1280.31	579.5	43055.7	3640.36	6093.63	102.575	92.5515	11.8034	9.33521	48.2382	116.112	22.7465	0.172362
setup	0	2006-12-17 23:00:00	0	6.53557	13.9515	0.0224368	0	0.00489925	0.00314156	0.00523012	0.00927572	0.00665031	2.47086e-06	0	0	0	5.77592	2.31641	0.0530958	0.0279277	0.0136303	0.725079	1.94695	1.86445	0.0852911	0.00228598	32024.1	257542	44615.4	64406.6	722.785	2063.93	302.864	69.9298	18.3264	7170.22	1280.28	579.437	43055.3	3640.39	6093.65	102.621	92.1662	11.7645	9.34054	48.2109	116.161	22.7461	0.171519
setup	0	2006-12-18 23:00:00	0	6.51536	13.6865	0.0223644	0	0.00487742	0.00307813	0.00508334	0.00868549	0.006213	2.4423e-06	0	0	0	5.77381	2.30907	0.0530761	0.027897	0.0136353	0.689849	1.91018	1.83474	0.0826067	0.00226556	32019.8	257537	44613.6	64403.7	722.645	2055.4	302.311	69.9253	18.3899	7175.75	1280.26	579.377	43055	3640.47	6093.66	102.678	91.7835	11.7309	9.34187	48.2046	116.21	22.7457	0.170436
setup	0	2006-12-19 23:00:00	0	6.46301	13.4652	0.0223199	0	0.0048566	0.00302774	0.00490178	0.00820405	0.00596293	2.44367e-06	0	0	0	5.77165	2.30171	0.0530571	0.0278683	0.0136467	0.691835	1.88773	1.80932	0.0803158	0.00223294	32015.7	257533	44612	64401.1	722.467	2046.98	301.761	70.0322	18.4636	7181.28	1280.24	579.319	43054.6	3640.58	6093.68	102.718	91.4038	11.6984	9.35616	48.194	116.259	22.7454	0.169569
setup	0	2006-12-20 23:00:00	0	6.47379	13.3001	0.0222758	0	0.00483534	0.00297039	0.00489301	0.00794485	0.00566467	2.44923e-06	0	0	0	5.76954	2.29443	0.0530377	0.0278412	0.0136307	0.681158	1.86785	1.792	0.0776534	0.00220108	32011.9	257528	44610.5	64398.5	722.23	2038.66	301.169	70.2773	18.5568	7186.81	1280.23	579.262	43054.3	3640.7	6093.69	102.747	91.027	11.6649	9.38677	48.1891	116.308	22.7451	0.168533
setup	0	2006-12-21 23:00:00	0	6.50461	13.3461	0.0222023	0	0.00481446	0.00294164	0.00453132	0.00755279	0.00587557	2.48151e-06	0	0	0	5.76748	2.28724	0.0530188	0.0278146	0.0137261	0.685931	1.87294	1.79115	0.0781411	0.00218453	32008.4	257524	44608.9	64396.8	721.971	2030.42	300.482	70.5995	18.6054	7192.33	1280.22	579.206	43054	3640.8	6093.81	102.773	90.6525	11.6271	9.42625	48.1757	116.357	22.7449	0.168852
setup	0	2006-12-22 23:00:00	0	6.48403	14.0192	0.0221016	0	0.00479516	0.00296188	0.00442088	0.00746481	0.00613101	2.5069e-06	0	0	0	5.76547	2.28016	0.0530002	0.0277887	0.0148743	0.624828	1.9314	1.8896	0.0817225	0.00215325	32004.8	257519	44602.7	64405.8	722.01	2022.06	299.83	70.4329	18.2365	7197.85	1280.19	579.15	43053.7	3640.07	6095.36	102.894	90.2772	11.5904	9.404	48.1869	116.406	22.7445	0.169417
setup	0	2006-12-23 23:00:00	0	6.23781	14.2585	0.0221336	0	0.00477896	0.0030066	0.00381076	0.00683204	0.00592743	2.51126e-06	0	0	0	5.76342	2.27309	0.0529821	0.0277632	0.0160016	0.534989	2.30269	2.30169	0.0804402	0.00215902	32000.4	257513	44588.8	64413.4	722.569	2013.64	299.389	69.2954	17.8201	7203.37	1280.17	579.097	43053.6	3636.99	6096.67	102.389	89.9019	11.5639	9.34422	48.9568	116.455	22.744	0.171358
setup	0	2006-12-24 23:00:00	0	6.02916	14.4296	0.0221836	0	0.00476636	0.00303594	0.00433819	0.00732614	0.00489287	2.46467e-06	0	0	0	5.76123	2.26602	0.0529637	0.0277393	0.0144857	0.584314	2.48994	2.39516	0.0687317	0.00220789	31996.9	257508	44573.5	64417.7	723.327	2005.15	298.917	67.8333	17.5422	7208.89	1280.14	579.046	43053.3	3634.35	6095.02	101.585	89.5268	11.5356	9.11584	50.1238	116.504	22.7435	0.169237
setup	0	2006-12-25 23:00:00	0	5.921	14.4131	0.0226265	0	0.00475663	0.00306473	0.0039251	0.00572375	0.00433221	2.43399e-06	0	0	0	5.75918	2.25912	0.052944	0.0277162	0.0167097	0.414071	2.5937	2.52035	0.0589555	0.00217149	31992.2	257502	44551.9	64422	723.87	1996.64	298.433	66.5131	17.4638	7214.41	1280.1	578.993	43053.3	3630.6	6094.52	100.554	89.1524	11.5061	8.80315	51.7963	116.553	22.7429	0.16719
setup	0	2006-12-26 23:00:00	0	5.58365	14.1247	0.0224714	0	0.00474973	0.00312227	0.00329198	0.00599968	0.00424851	2.39351e-06	0	0	0	5.75687	2.25223	0.0529256	0.0276924	0.0138402	0.566389	1.75966	1.70148	0.0759371	0.00209503	31989	257497	44549.5	64419	724.133	1988.15	298.007	65.5487	17.4459	7219.93	1280.07	578.944	43053.1	3630.67	6094.65	101.067	88.7796	11.4786	8.67897	51.5455	116.602	22.7422	0.171648
setup	0	2006-12-27 23:00:00	0	5.84006	14.0937	0.0219392	0	0.00474083	0.00315798	0.00370103	0.00597136	0.00423917	2.39269e-06	0	0	0	5.75486	2.24559	0.0529049	0.0276698	0.0147568	0.636859	2.21616	2.15258	0.0703208	0.00211131	31986.7	257492	44535.1	64419.9	724.209	1979.69	297.549	64.7829	17.5111	7225.45	1280.03	578.89	43052.8	3628.23	6094.14	100.635	88.4083	11.4505	8.54536	52.2017	116.652	22.7416	0.169288
setup	0	2006-12-28 23:00:00	0	5.75691	14.0513	0.0229993	0	0.00473723	0.00323153	0.00350068	0.00346735	0.0036717	2.38214e-06	0	0	0	5.75299	2.23925	0.0528868	0.0276458	0.0218676	0.403337	2.51911	2.45249	0.0601699	0.00211429	31982.3	257486	44497.1	64421.1	724.227	1971.25	297.3	63.881	17.5146	7230.97	1280	578.834	43052.8	3621.99	6093.28	99.5232	88.0386	11.4336	8.31143	53.8652	116.701	22.741	0.163853
setup	0	2006-12-29 23:00:00	0	5.38558	14.1976	0.024032	0	0.00473731	0.00332066	0.00295746	0.00436119	0.00344344	2.31356e-06	0	0	0	5.75068	2.23277	0.05287	0.0276201	0.0153114	0.535358	1.96093	1.93554	0.0737471	0.00206109	31979.9	257481	44481.7	64417.8	724.329	1962.81	296.853	63.2585	17.3689	7236.48	1279.96	578.784	43052.6	3619.73	6092.77	99.571	87.6702	11.4058	8.19622	54.1146	116.75	22.7403	0.167991
setup	0	2006-12-30 23:00:00	0	5.49273	14.1931	0.0244306	0	0.00473359	0.00341017	0.00294673	0.00472256	0.00353796	2.24962e-06	0	0	0	5.74878	2.22649	0.0528492	0.0275962	0.0153281	0.455804	2.02118	1.96781	0.0789576	0.00212642	31976.8	257475	44464.9	64413.9	724.423	1954.37	296.446	62.5037	17.3306	7242	1279.92	578.73	43052.5	3617.24	6092.07	99.5074	87.3028	11.3799	8.05747	54.5738	116.799	22.7396	0.16686
setup	0	2006-12-31 23:00:00	0	5.29037	13.901	0.0252771	0	0.00473121	0.00365578	0.00321377	0.00498201	0.00345396	2.16279e-06	0	0	0	5.74672	2.22028	0.0528321	0.0275721	0.014395	0.51696	2.04715	2.00643	0.0838714	0.00218567	31974.2	257470	44451	64410	724.48	1945.99	296.168	61.6029	17.5135	7247.52	1279.89	578.678	43052.3	3615.13	6091.27	99.3193	86.9375	11.361	7.81418	54.9215	116.848	22.7389	0.164758
setup	0	2007-01-01 23:00:00	0	5.43188	13.8447	0.024681	0	0.00472529	0.00375979	0.00311961	0.00529909	0.00365879	2.07422e-06	0	0	0	5.74477	2.21422	0.0528136	0.027548	0.0136371	0.604318	1.73022	1.65347	0.101534	0.00230819	31973.1	257465	44450.5	64406.7	724.569	1937.68	295.865	61.0749	17.2905	7253.03	1279.85	578.624	43052	3615.41	6091.31	99.755	86.5745	11.3407	7.73868	54.639	116.897	22.7383	0.168859
setup	0	2007-01-02 23:00:00	0	5.58717	13.7727	0.0213134	0	0.00471863	0.0038559	0.0031473	0.00544354	0.00456351	2.02553e-06	0	0	0	5.74308	2.20843	0.052796	0.027523	0.0138385	0.463325	1.76242	1.70031	0.119133	0.00250592	31973	257460	44449.7	64403.5	724.76	1929.44	295.571	60.3293	17.1251	7258.55	1279.81	578.568	43051.9	3615.62	6091.37	100.143	86.2136	11.321	7.64193	54.5582	116.946	22.7377	0.17511
setup	0	2007-01-03 23:00:00	0	5.43055	13.8059	0.0211879	0	0.00471855	0.00387516	0.00331775	0.00604549	0.00563421	1.98493e-06	0	0	0	5.74162	2.20279	0.0527806	0.0274969	0.0140077	0.432506	1.84224	1.77677	0.134699	0.00269232	31972.7	257455	44445.6	64399.7	724.969	1921.23	295.203	59.4344	17.0806	7264.06	1279.78	578.513	43051.7	3615.28	6091.32	100.398	85.8542	11.2974	7.52023	54.6619	116.995	22.737	0.178854
setup	0	2007-01-04 23:00:00	0	5.23309	13.599	0.0219406	0	0.00471859	0.00374385	0.00367215	0.00687326	0.00617585	1.93012e-06	0	0	0	5.74009	2.19711	0.0527673	0.0274715	0.0138333	0.245946	1.80782	1.80098	0.145008	0.00284989	31970	257449	44442.1	64396.4	725.049	1913.08	294.869	58.6109	17.1608	7269.57	1279.74	578.46	43051.8	3615.05	6091.42	100.689	85.4969	11.2763	7.40592	54.9115	117.044	22.7364	0.181367
setup	0	2007-01-05 23:00:00	0	4.92327	13.3416	0.0215541	0	0.00471998	0.00362724	0.00404285	0.00752082	0.00638708	1.84672e-06	0	0	0	5.7381	2.19116	0.0527534	0.0274465	0.0136269	0.443281	1.84486	1.80563	0.154907	0.00298179	31970.1	257445	44441.8	64393.5	725.034	1905.02	294.561	57.9579	17.2698	7275.08	1279.71	578.41	43051.7	3615.31	6091.46	100.856	85.142	11.2574	7.31751	55.0362	117.094	22.7358	0.184446
setup	0	2007-01-06 23:00:00	0	5.26088	13.0934	0.0212369	0	0.00471748	0.0034814	0.00422667	0.00778461	0.00673699	1.77014e-06	0	0	0	5.73668	2.18555	0.0527354	0.0274231	0.0136256	0.463807	1.83016	1.82403	0.164037	0.00310077	31970.7	257440	44441.5	64390.5	724.957	1897.05	294.325	57.3568	17.3856	7280.6	1279.68	578.356	43051.5	3615.56	6091.46	100.996	84.7896	11.243	7.23481	55.1586	117.143	22.7353	0.186601
setup	0	2007-01-07 23:00:00	0	5.40795	13.2214	0.0211426	0	0.0047151	0.0033961	0.004458	0.00820379	0.00716844	1.71059e-06	0	0	0	5.73533	2.18016	0.0527224	0.0273984	0.0136258	0.453628	1.84132	1.84943	0.173328	0.00321251	31971.6	257435	44441.2	64387.4	724.927	1889.12	293.889	56.8224	17.481	7286.11	1279.65	578.303	43051.4	3615.82	6091.48	101.145	84.439	11.2191	7.16222	55.2848	117.192	22.7347	0.188787
setup	0	2007-01-08 23:00:00	0	5.5049	13.3081	0.0198313	0	0.00473224	0.0041193	0.00467091	0.00855889	0.00751528	1.67426e-06	0	0	0	5.73405	2.17482	0.0527098	0.0273727	0.0136256	0.468302	1.85876	1.8702	0.181695	0.00332447	31972.7	257430	44440.7	64384.2	724.877	1881.23	293.336	56.3217	17.5984	7291.62	1279.62	578.256	43051.2	3616.07	6091.49	101.284	84.0899	11.1896	7.09586	55.4038	117.241	22.7342	0.190483
setup	0	2007-01-09 23:00:00	0	5.58861	13.2258	0.0198072	0	0.004769	0.00514192	0.00482448	0.00876059	0.00772514	1.66143e-06	0	0	0	5.73279	2.16948	0.0526978	0.0273475	0.0136256	0.460308	1.85349	1.87779	0.188424	0.00342053	31973.7	257426	44440.2	64381	724.758	1873.39	292.782	55.8712	17.7384	7297.12	1279.59	578.212	43051.1	3616.33	6091.51	101.416	83.7425	11.1608	7.03668	55.5293	117.29	22.7336	0.191353
setup	0	2007-01-10 23:00:00	0	5.62902	13.1034	0.0217261	0	0.00481075	0.00601195	0.00493215	0.00884883	0.00785402	1.67019e-06	0	0	0	5.73153	2.16413	0.0526862	0.0273227	0.0136258	0.464079	1.84693	1.87972	0.193635	0.00349739	31974.8	257421	44439.9	64377.9	724.574	1865.61	292.233	55.501	17.8809	7302.62	1279.56	578.17	43050.9	3616.59	6091.51	101.53	83.3973	11.1328	6.98853	55.6546	117.339	22.7331	0.191762
setup	0	2007-01-11 23:00:00	0	5.71328	13.2223	0.0248615	0	0.00485239	0.00668548	0.00506066	0.00897735	0.00802735	1.69273e-06	0	0	0	5.73029	2.15882	0.0526746	0.0272983	0.0136259	0.431687	1.85279	1.8919	0.197819	0.00357537	31975.8	257416	44439.3	64374.7	724.388	1857.88	291.513	55.24	17.9988	7308.12	1279.53	578.129	43050.8	3616.84	6091.54	101.658	83.0536	11.0968	6.95476	55.7966	117.388	22.7325	0.191973
setup	0	2007-01-12 23:00:00	0	5.70656	13.1992	0.0285061	0	0.00489254	0.007173	0.00504834	0.00887867	0.00817415	1.73159e-06	0	0	0	5.72902	2.1535	0.0526632	0.0272738	0.0136557	0.423144	1.85425	1.89673	0.201344	0.00364026	31976.9	257411	44438.7	64371.5	724.166	1850.19	290.759	55.0254	18.1164	7313.61	1279.5	578.088	43050.7	3617.1	6091.57	101.778	82.7117	11.0595	6.93206	55.9448	117.437	22.732	0.191714
setup	0	2007-01-13 23:00:00	0	5.74381	13.2346	0.0320139	0	0.00493022	0.00748939	0.00510415	0.00894662	0.00833885	1.76621e-06	0	0	0	5.72777	2.14818	0.0526517	0.0272499	0.0136527	0.419663	1.85975	1.90692	0.204473	0.00370157	31977.8	257406	44438	64368.5	723.906	1842.54	289.948	54.8722	18.2192	7319.1	1279.47	578.047	43050.6	3617.35	6091.62	101.896	82.3714	11.0198	6.91549	56.0972	117.485	22.7315	0.191888
setup	0	2007-01-14 23:00:00	0	5.77189	13.2626	0.0350501	0	0.00496548	0.00767933	0.00517447	0.00901999	0.0084689	1.79485e-06	0	0	0	5.72648	2.14289	0.0526401	0.0272263	0.013653	0.395065	1.86125	1.91404	0.206307	0.00374678	31978.7	257401	44437.3	64365.6	723.641	1834.93	289.067	54.7609	18.3193	7324.59	1279.44	578.005	43050.5	3617.61	6091.7	102.02	82.0328	10.977	6.90902	56.2662	117.534	22.7309	0.191286
setup	0	2007-01-15 23:00:00	0	5.8203	13.4102	0.037437	0	0.00499876	0.00774411	0.00526855	0.00913175	0.00862563	1.80931e-06	0	0	0	5.7252	2.13761	0.0526285	0.0272025	0.0136546	0.412374	1.88503	1.932	0.207792	0.00379192	31980.1	257396	44436.3	64362.6	723.374	1827.35	288.055	54.7034	18.4115	7330.06	1279.41	577.963	43050.4	3617.85	6091.79	102.137	81.6955	10.9279	6.91178	56.4273	117.583	22.7304	0.190712
setup	0	2007-01-16 23:00:00	0	5.91867	13.521	0.0389484	0	0.00502939	0.00771065	0.00541097	0.00926778	0.00869574	1.81271e-06	0	0	0	5.72402	2.13241	0.0526168	0.0271791	0.0136413	0.409853	1.89906	1.9501	0.208145	0.00383238	31981.6	257390	44435.1	64359.5	723.067	1819.8	286.956	54.6992	18.5142	7335.53	1279.38	577.923	43050.3	3618.07	6091.88	102.259	81.3595	10.8747	6.92176	56.5922	117.631	22.7298	0.189756
setup	0	2007-01-17 23:00:00	0	5.97464	13.5593	0.0396576	0	0.00505739	0.00760854	0.00549332	0.00926011	0.00867721	1.82302e-06	0	0	0	5.82493	2.12722	0.0558951	0.0271556	0.0136379	0.408311	1.90949	1.96077	0.207546	0.00385987	31983.2	257385	44433.8	64356.3	722.702	1812.37	285.808	54.7625	18.63	7341	1279.35	577.889	43050.2	3618.29	6091.96	102.374	81.0283	10.8195	6.9404	56.7652	117.68	22.7292	0.188693
setup	0	2007-01-18 23:00:00	0	5.97722	13.4579	0.0397082	0	0.00508404	0.00745901	0.0054464	0.00906543	0.00862089	1.85577e-06	0	0	0	5.82989	2.12206	0.0560814	0.0271324	0.0136569	0.388398	1.89858	1.95608	0.205987	0.00386741	31984.7	257380	44432.6	64353.3	722.262	1805.01	284.701	54.8941	18.7534	7346.46	1279.32	577.856	43050.1	3618.51	6092.06	102.487	80.6992	10.7666	6.96912	56.9506	117.728	22.7286	0.187639
setup	0	2007-01-19 23:00:00	0	5.9456	13.3751	0.0392349	0	0.00510904	0.0072706	0.00544457	0.00897259	0.00856589	1.8977e-06	0	0	0	5.83515	2.1169	0.0562781	0.0271092	0.0136606	0.383163	1.89365	1.95221	0.204038	0.00386278	31986.2	257374	44431.3	64350.4	721.778	1797.71	283.627	55.0793	18.8653	7351.93	1279.29	577.823	43050	3618.72	6092.17	102.593	80.3721	10.7159	7.00469	57.1413	117.777	22.7281	0.186467
setup	0	2007-01-20 23:00:00	0	5.87689	13.075	0.0383347	0	0.00513229	0.00705796	0.00554357	0.00892145	0.00830994	1.93289e-06	0	0	0	5.84075	2.11179	0.0564856	0.0270865	0.0136297	0.36954	1.86248	1.93236	0.200407	0.0038284	31987.5	257369	44430.3	64347.6	721.219	1790.5	282.706	55.3028	19.001	7357.4	1279.26	577.79	43049.9	3618.92	6092.26	102.69	80.0475	10.6735	7.04415	57.3435	117.825	22.7276	0.18472
setup	0	2007-01-21 23:00:00	0	5.82127	12.7589	0.0370934	0	0.0051543	0.0068363	0.00550009	0.00864321	0.00801458	1.97435e-06	0	0	0	5.84666	2.1067	0.0567044	0.0270635	0.0136264	0.378273	1.83405	1.90447	0.195618	0.00377282	31989.4	257365	44429.4	64344.8	720.596	1783.42	281.861	55.631	19.1628	7362.87	1279.24	577.755	43049.9	3619.14	6092.31	102.762	79.7259	10.6359	7.09626	57.5429	117.874	22.7272	0.182198
setup	0	2007-01-22 23:00:00	0	5.80384	12.424	0.0356158	0	0.00517476	0.00661459	0.00542631	0.00831805	0.00767647	2.01601e-06	0	0	0	5.85302	2.10172	0.0569348	0.0270405	0.013626	0.388038	1.79904	1.87503	0.190126	0.00370512	31991.4	257360	44428.9	64342.1	719.891	1776.45	281.099	56.0925	19.3404	7368.35	1279.22	577.72	43049.8	3619.37	6092.35	102.812	79.4072	10.6032	7.16279	57.734	117.923	22.7268	0.180045
setup	0	2007-01-23 23:00:00	0	5.8766	12.3767	0.0339609	0	0.00519276	0.00639757	0.00539633	0.00811267	0.00744627	2.06055e-06	0	0	0	5.85979	2.09682	0.0571775	0.0270171	0.0136264	0.399569	1.79714	1.86233	0.184344	0.0036465	31993.8	257356	44428.3	64339.5	719.161	1769.57	280.198	56.7357	19.5095	7373.82	1279.2	577.69	43049.7	3619.6	6092.39	102.846	79.091	10.5642	7.24967	57.9192	117.971	22.7265	0.178269
setup	0	2007-01-24 23:00:00	0	6.01979	12.4615	0.0321733	0	0.00520874	0.00619346	0.00541923	0.00799389	0.00722124	2.11016e-06	0	0	0	5.86703	2.09201	0.0574336	0.0269936	0.013626	0.415299	1.80281	1.86098	0.178302	0.00360508	31996.5	257351	44427.6	64337.9	718.392	1762.77	279.094	57.569	19.6873	7379.28	1279.19	577.663	43049.6	3619.83	6092.56	102.882	78.7769	10.5154	7.35858	58.0827	118.02	22.7263	0.176512
setup	0	2007-01-25 23:00:00	0	6.12423	12.3033	0.0304231	0	0.00522207	0.00595195	0.0052596	0.00730329	0.00652302	2.17126e-06	0	0	0	5.87474	2.08726	0.0577034	0.0269697	0.0136271	0.406592	1.80667	1.87353	0.172822	0.00356609	31999	257347	44426.7	64336.5	717.277	1755.94	278.345	58.6734	19.7657	7384.75	1279.17	577.641	43049.5	3620	6092.74	102.866	78.4635	10.4841	7.48663	58.2718	118.069	22.726	0.174543
setup	0	2007-01-26 23:00:00	0	6.13349	11.9188	0.0288003	0	0.00523311	0.00568481	0.00509935	0.00683208	0.00609129	2.27535e-06	0	0	0	5.88284	2.08248	0.0579876	0.0269459	0.0136262	0.378314	1.7654	1.83892	0.166886	0.00351908	32001.2	257343	44426.1	64334.3	715.876	1749.17	277.829	59.9654	19.9397	7390.24	1279.16	577.622	43049.5	3620.17	6092.79	102.833	78.1521	10.4647	7.63257	58.4744	118.117	22.7257	0.172529
setup	0	2007-01-27 23:00:00	0	6.04486	11.3928	0.0273628	0	0.00524306	0.00541244	0.00494626	0.00642869	0.00565112	2.4698e-06	0	0	0	5.89132	2.07767	0.0582863	0.0269225	0.0136261	0.358757	1.70834	1.78898	0.160142	0.00344829	32003.4	257339	44426.1	64332.3	714.278	1742.51	277.578	61.4353	20.1329	7395.74	1279.15	577.599	43049.4	3620.37	6092.82	102.769	77.8435	10.4593	7.7989	58.6872	118.167	22.7255	0.170625
setup	0	2007-01-28 23:00:00	0	5.99876	10.9649	0.0260173	0	0.00525183	0.00513322	0.00480345	0.00607521	0.00524665	2.73413e-06	0	0	0	5.99129	2.07288	0.0601755	0.0268993	0.0136262	0.358311	1.66192	1.74419	0.153416	0.00337351	32006	257336	44426.4	64330.5	712.541	1736.05	277.485	63.0959	20.3283	7401.25	1279.14	577.574	43049.4	3620.58	6092.82	102.675	77.5393	10.4623	7.98603	58.896	118.216	22.7254	0.168616
setup	0	2007-01-29 23:00:00	0	6.03317	11.0639	0.0246668	0	0.00525882	0.00485317	0.00473524	0.00591686	0.00507059	3.01851e-06	0	0	0	6.01532	2.06817	0.0607614	0.0268764	0.013643	0.371487	1.66947	1.73932	0.147852	0.00331157	32008.7	257333	44426.6	64329.1	711.036	1729.69	277.231	64.6583	20.4373	7406.75	1279.14	577.55	43049.4	3620.8	6092.88	102.586	77.2377	10.4577	8.17712	59.0917	118.265	22.7253	0.167132
setup	0	2007-01-30 23:00:00	0	6.01148	11.6967	0.0232212	0	0.00526398	0.0045766	0.00478412	0.00608155	0.00524123	3.30547e-06	0	0	0	6.04184	2.06351	0.0614001	0.0268533	0.0136913	0.294965	1.70421	1.76433	0.143895	0.00325889	32010.4	257329	44426	64328.2	710.239	1723.4	276.528	65.6276	20.4258	7412.23	1279.14	577.531	43049.4	3621.01	6093.13	102.613	76.9383	10.4308	8.32423	59.3286	118.314	22.7252	0.166026
setup	0	2007-01-31 23:00:00	0	5.87266	12.1059	0.0219437	0	0.00526942	0.00437267	0.00473623	0.00646868	0.00571169	3.56737e-06	0	0	0	6.0709	2.05871	0.0620965	0.0268301	0.0138607	0.296812	1.79558	1.81841	0.142145	0.00320841	32012.6	257325	44424.8	64327.2	710.103	1717.21	275.377	65.7031	20.6645	7417.67	1279.13	577.508	43049.4	3621.17	6093.39	102.642	76.6415	10.3817	8.37519	59.5808	118.362	22.7251	0.166032
setup	0	2007-02-01 23:00:00	0	5.88081	12.5196	0.0208016	0	0.00527504	0.00410528	0.00476094	0.00682074	0.00612185	3.74526e-06	0	0	0	6.10306	2.05403	0.0628557	0.0268078	0.0138784	0.328285	1.78158	1.8111	0.141569	0.00318075	32015	257320	44422.9	64327.4	710.092	1711.04	274.051	65.7659	20.6597	7423.11	1279.13	577.475	43049.4	3621.24	6093.84	102.805	76.3461	10.3233	8.41439	59.812	118.41	22.725	0.166015
setup	0	2007-02-02 23:00:00	0	5.95347	12.8228	0.0196497	0	0.00527801	0.0038129	0.00487925	0.0071461	0.00632834	3.79393e-06	0	0	0	6.13852	2.04946	0.0636817	0.0267846	0.0138673	0.339345	1.8336	1.85992	0.141917	0.00316727	32017.7	257315	44420.3	64327.3	709.979	1704.87	272.684	65.9564	20.471	7428.55	1279.12	577.447	43049.3	3621.19	6094.27	102.952	76.0518	10.2624	8.47332	60.0354	118.458	22.7248	0.166311
setup	0	2007-02-03 23:00:00	0	5.9961	12.8997	0.018481	0	0.0052782	0.00351916	0.00513657	0.00746499	0.00623608	3.72231e-06	0	0	0	6.17758	2.04495	0.0645818	0.0267611	0.0137015	0.333398	1.85538	1.87994	0.140061	0.00316807	32020.4	257309	44417.8	64325.8	709.723	1698.74	271.341	66.2318	20.2885	7433.98	1279.1	577.423	43049.3	3621.13	6094.54	103.093	75.7594	10.2026	8.53853	60.2687	118.507	22.7245	0.165719
setup	0	2007-02-04 23:00:00	0	6.01758	12.7161	0.0173656	0	0.00527624	0.00322397	0.00522972	0.0074586	0.00596196	3.59368e-06	0	0	0	6.2205	2.04046	0.0655619	0.0267374	0.0136468	0.339017	1.84538	1.87023	0.136581	0.00316438	32023.2	257304	44415.8	64323.5	709.253	1692.7	270.093	66.6785	20.1938	7439.41	1279.09	577.402	43049.3	3621.14	6094.68	103.212	75.4694	10.1476	8.61284	60.5062	118.555	22.7243	0.165527
setup	0	2007-02-05 23:00:00	0	6.03058	12.5455	0.0162891	0	0.00527379	0.00294931	0.00512323	0.00728255	0.00579337	3.48591e-06	0	0	0	6.26759	2.03602	0.0666289	0.026714	0.0136825	0.331253	1.82789	1.85638	0.133308	0.00314835	32026	257300	44414.1	64321.7	708.68	1686.75	268.908	67.2434	20.1195	7444.84	1279.08	577.381	43049.2	3621.18	6094.87	103.317	75.1821	10.0959	8.70002	60.7487	118.603	22.7241	0.165091
setup	0	2007-02-06 23:00:00	0	5.96984	12.1172	0.0152008	0	0.00527048	0.0027036	0.00508023	0.00706413	0.00541835	3.39846e-06	0	0	0	6.31915	2.03159	0.0677885	0.0266903	0.0136468	0.328932	1.78355	1.81974	0.129429	0.00310493	32028.6	257295	44412.8	64319.7	707.956	1680.94	267.956	67.9232	20.0988	7450.28	1279.07	577.36	43049.2	3621.26	6094.99	103.395	74.898	10.0561	8.79671	60.994	118.651	22.7239	0.164244
setup	0	2007-02-07 23:00:00	0	5.93045	11.7288	0.0141621	0	0.00526691	0.00248249	0.00500478	0.00679882	0.00504973	3.33679e-06	0	0	0	6.37549	2.02719	0.0690483	0.0266668	0.013633	0.297543	1.73624	1.78129	0.125195	0.00305794	32031.3	257291	44412	64317.5	707.059	1675.27	267.119	68.8255	20.1417	7455.72	1279.07	577.338	43049.2	3621.38	6095.06	103.457	74.6175	10.0225	8.91496	61.2569	118.699	22.7239	0.163444
setup	0	2007-02-08 23:00:00	0	5.8654	11.2053	0.0130469	0	0.00526325	0.00229093	0.00487289	0.00644124	0.00463345	3.30084e-06	0	0	0	6.43699	2.0228	0.0704144	0.0266432	0.0136258	0.292708	1.67705	1.72459	0.120506	0.00300788	32034.3	257287	44411.7	64315.6	705.915	1669.78	266.426	70.0113	20.314	7461.15	1279.08	577.315	43049.2	3621.54	6095.11	103.482	74.3409	9.99654	9.06044	61.5186	118.747	22.7239	0.162706
setup	0	2007-02-09 23:00:00	0	5.86487	11.1454	0.0119838	0	0.00525958	0.0021291	0.00469729	0.00620018	0.00449438	3.29762e-06	0	0	0	6.50405	2.01845	0.0718952	0.0266198	0.013668	0.28177	1.6656	1.70667	0.117086	0.0029714	32037.1	257284	44411.5	64314.2	704.793	1664.43	265.637	71.3223	20.4254	7466.58	1279.08	577.293	43049.3	3621.73	6095.25	103.496	74.0678	9.96605	9.23002	61.7792	118.795	22.724	0.162689
setup	0	2007-02-10 23:00:00	0	5.86353	10.9882	0.0109747	0	0.00525495	0.0019891	0.00470471	0.00610056	0.00428108	3.30715e-06	0	0	0	6.57688	2.01409	0.0734978	0.0265966	0.0136353	0.253304	1.64131	1.68053	0.113424	0.00294752	32039.8	257280	44411.3	64312.7	703.563	1659.22	264.812	72.7968	20.6079	7472	1279.09	577.275	43049.3	3621.92	6095.36	103.51	73.7981	9.93392	9.41149	62.0571	118.843	22.7241	0.162329
setup	0	2007-02-11 23:00:00	0	5.83197	10.9378	0.0101296	0	0.00525111	0.00187037	0.00456635	0.00589494	0.00415423	3.35241e-06	0	0	0	6.65586	2.00973	0.07523	0.0265736	0.0136644	0.287145	1.6411	1.66568	0.110238	0.00291544	32042.8	257277	44411	64311.7	702.406	1654.14	263.934	74.2674	20.7586	7477.42	1279.1	577.255	43049.3	3622.11	6095.51	103.503	73.5319	9.89928	9.60151	62.3111	118.891	22.7243	0.161604
setup	0	2007-02-12 23:00:00	0	5.87518	10.514	0.00943478	0	0.00524679	0.00176428	0.00452664	0.005671	0.00384915	3.39697e-06	0	0	0	6.74137	2.00548	0.0770992	0.026551	0.0136298	0.305819	1.5966	1.62945	0.106541	0.00286859	32046	257274	44411.1	64310.4	701.108	1649.25	263.24	75.8616	20.9794	7482.84	1279.11	577.234	43049.3	3622.29	6095.58	103.466	73.2697	9.87419	9.79432	62.5579	118.939	22.7245	0.161353
setup	0	2007-02-13 23:00:00	0	5.8161	10.0236	0.00887731	0	0.00524194	0.00166821	0.00437494	0.00535858	0.00356931	3.45821e-06	0	0	0	6.83367	2.00129	0.0791091	0.0265277	0.0136326	0.250354	1.52824	1.57809	0.102762	0.00281256	32048.9	257271	44411.6	64309.3	699.687	1644.56	262.758	77.6011	21.2165	7488.26	1279.13	577.216	43049.4	3622.51	6095.65	103.423	73.0121	9.86005	10.001	62.8334	118.987	22.7248	0.160533
setup	0	2007-02-14 23:00:00	0	5.63947	9.8987	0.00829645	0	0.00523711	0.00159177	0.00428753	0.0051365	0.0033466	3.51433e-06	0	0	0	6.93302	1.997	0.0829716	0.028226	0.0136277	0.210973	1.50013	1.54389	0.0995093	0.00276094	32051.6	257269	44412.2	64309.4	698.385	1640.03	262.257	79.3088	21.3776	7493.69	1279.16	577.199	43049.5	3622.76	6095.89	103.387	72.7619	9.84527	10.2238	63.1187	119.035	22.7252	0.159441
setup	0	2007-02-15 23:00:00	0	5.48517	9.27096	0.00777817	0	0.0052329	0.00152941	0.00398795	0.00444478	0.00278669	3.58033e-06	0	0	0	7.03964	1.99268	0.0978579	0.0394403	0.0136272	0.244186	1.43133	1.48116	0.0959557	0.00270235	32054.7	257267	44413.1	64309.2	696.695	1635.61	262.273	81.2311	21.6252	7499.19	1279.19	577.174	43049.5	3622.96	6096	103.311	72.5385	9.85613	10.4393	63.3798	119.085	22.7257	0.158053
setup	0	2007-02-16 23:00:00	0	5.42013	8.57074	0.00730335	0	0.00522908	0.00148236	0.00376755	0.00403144	0.00243078	3.70229e-06	0	0	0	7.15386	1.98849	0.0860432	0.0264546	0.0136268	0.242331	1.36083	1.42308	0.0923304	0.00263632	32057.5	257266	44414.6	64308.8	694.716	1631.39	262.698	83.4257	21.8831	7504.72	1279.22	577.153	43049.6	3623.17	6096.02	103.171	72.2923	9.88793	10.6852	63.6425	119.134	22.7263	0.157368
setup	0	2007-02-17 23:00:00	0	5.35143	8.08441	0.00680258	0	0.0052252	0.0014508	0.00361914	0.00379044	0.00220244	3.90441e-06	0	0	0	7.27575	1.98435	0.0886879	0.0264321	0.0136269	0.212284	1.29845	1.36567	0.0888205	0.00257895	32060.8	257265	44416.6	64308.6	692.608	1627.38	263.327	85.7769	22.1612	7510.25	1279.26	577.134	43049.7	3623.4	6096.01	103.01	72.0509	9.93013	10.9472	63.9182	119.184	22.7269	0.156427
setup	0	2007-02-18 23:00:00	0	5.17548	7.60332	0.00625466	0	0.0052218	0.00143425	0.00347945	0.0035668	0.00200722	4.12072e-06	0	0	0	7.40559	1.98023	0.107596	0.0371915	0.0136259	0.207173	1.23406	1.30295	0.0853553	0.00251335	32063.5	257265	44419	64308.7	690.468	1623.6	264.187	88.1469	22.4446	7515.81	1279.31	577.11	43049.8	3623.66	6096	102.835	71.8414	9.98412	11.2128	64.1843	119.234	22.7277	0.155375
setup	0	2007-02-19 23:00:00	0	5.00716	7.19951	0.005714	0	0.00521813	0.00142084	0.0033518	0.00338795	0.00184493	4.32212e-06	0	0	0	7.54327	1.97606	0.115701	0.0393117	0.0136256	0.176147	1.17629	1.24677	0.081985	0.002443	32066.1	257265	44421.7	64308.9	688.334	1620.05	265.202	90.5276	22.7282	7521.37	1279.36	577.086	43050	3623.93	6095.99	102.655	71.6442	10.0463	11.4788	64.4655	119.285	22.7286	0.15434
setup	0	2007-02-20 23:00:00	0	4.8223	6.85303	0.00517465	0	0.00521588	0.00141801	0.00324034	0.00324307	0.00169715	4.49611e-06	0	0	0	7.68884	1.9719	0.120861	0.0392737	0.0136256	0.119488	1.11724	1.19267	0.0787209	0.00237936	32067.6	257265	44424.7	64309.3	686.2	1616.73	266.326	92.927	23.024	7526.94	1279.41	577.053	43050.2	3624.22	6095.99	102.488	71.454	10.1142	11.7446	64.7747	119.335	22.7296	0.153925
setup	0	2007-02-21 23:00:00	0	4.59667	6.54726	0.00453773	0	0.00521519	0.00142148	0.00314047	0.00310834	0.00156462	4.61355e-06	0	0	0	7.84209	1.96768	0.126293	0.0392333	0.0136256	0.0613184	1.06387	1.13806	0.075687	0.00232367	32068.4	257266	44427.8	64309.8	684.062	1613.65	267.546	95.3431	23.331	7532.52	1279.47	577.007	43050.4	3624.51	6095.99	102.331	71.271	10.1871	12.011	65.114	119.386	22.7306	0.153249
setup	0	2007-02-22 23:00:00	0	4.40187	6.2819	0.00407583	0	0.00521706	0.0014137	0.00305646	0.00299654	0.00144405	4.70278e-06	0	0	0	8.00293	1.96342	0.131938	0.0391847	0.0136256	0.0501612	1.02258	1.08994	0.0726619	0.00227875	32068.6	257267	44431.2	64310.5	681.913	1610.79	268.837	97.7861	23.6566	7538.1	1279.54	576.947	43050.7	3624.8	6096	102.173	71.0953	10.2638	12.279	65.4504	119.436	22.7317	0.152735
setup	0	2007-02-23 23:00:00	0	4.32871	6.06698	0.00368317	0	0.00521962	0.00138816	0.00300076	0.00291187	0.00133239	4.80354e-06	0	0	0	8.17116	1.95916	0.140306	0.0394411	0.0136261	0.0180596	0.986754	1.05155	0.0696686	0.00225897	32066.5	257268	44434.6	64311.3	679.73	1608.16	270.175	100.272	24.0058	7543.69	1279.61	576.886	43051	3625.1	6096	102.012	70.9279	10.3429	12.5488	65.8086	119.489	22.7329	0.152851
setup	0	2007-02-24 23:00:00	0	4.18084	5.97881	0.00343916	0	0.00522387	0.00135566	0.00295963	0.00282798	0.0012515	4.93035e-06	0	0	0	8.34614	1.95477	0.178164	0.043257	0.0136328	0.0246629	0.970619	1.02705	0.0671109	0.0022499	32064.9	257269	44438.1	64312.2	677.562	1605.75	271.459	102.824	24.3322	7549.27	1279.68	576.811	43051.3	3625.4	6096.02	101.844	70.7818	10.4193	12.8276	66.1548	119.563	22.7342	0.152203
setup	0	2007-02-25 23:00:00	0	3.95081	7.27709	0.00354752	0	0.00522819	0.0012903	0.00302529	0.00301838	0.00153609	5.16652e-06	0	0	0	8.52806	1.95044	0.178099	0.0423669	0.0137002	0.0504978	1.11254	1.1299	0.0674918	0.00221935	32065.4	257269	44440.2	64314.3	676.512	1603.58	271.477	104.806	24.3252	7554.8	1279.75	576.739	43051.5	3625.68	6096.32	101.736	70.6407	10.4331	13.1244	66.4681	119.631	22.7354	0.151133
setup	0	2007-02-26 23:00:00	0	3.81476	9.32431	0.00372599	0	0.0052318	0.00123132	0.00351316	0.00469222	0.00324964	5.44382e-06	0	0	0	8.71668	1.94631	0.158162	0.0391252	0.013923	0.0627129	1.26737	1.23391	0.0697748	0.00219719	32066.8	257267	44440.2	64315.1	677.522	1601.73	269.853	104.709	24.2617	7560.19	1279.82	576.681	43051.8	3625.95	6096.72	101.92	70.4966	10.3657	13.2182	66.7759	119.68	22.7366	0.151652
setup	0	2007-02-27 23:00:00	0	3.69838	9.85258	0.00384232	0	0.0052342	0.00117177	0.00359493	0.00494501	0.00342518	5.58681e-06	0	0	0	8.91118	1.94235	0.163671	0.0389227	0.013768	0.0665578	1.30695	1.27475	0.0676329	0.00218059	32068.5	257264	44439.7	64316.8	678.885	1600.04	267.752	104.397	24.1948	7565.58	1279.89	576.623	43052	3626.22	6097.3	102.195	70.3585	10.2742	13.249	67.084	119.727	22.7377	0.15147
setup	0	2007-02-28 23:00:00	0	3.57494	10.484	0.00420958	0	0.00523639	0.00127711	0.00359905	0.00496036	0.00349302	5.52305e-06	0	0	0	9.11068	1.93848	0.170625	0.0388712	0.0137982	0.0578512	1.35635	1.32128	0.0679134	0.00216562	32069.6	257261	44438.3	64318.4	680.53	1598.47	265.405	103.822	24.0261	7570.96	1279.95	576.566	43052.2	3626.44	6097.94	102.557	70.2265	10.1699	13.2565	67.3964	119.775	22.7388	0.151572
setup	0	2007-03-01 23:00:00	0	3.40043	9.28052	0.0044404	0	0.00523784	0.0011988	0.00357697	0.0044525	0.00274189	5.29909e-06	0	0	0	9.31416	1.93461	0.177721	0.0388198	0.0136269	0.0706874	1.26318	1.25492	0.0649927	0.00213271	32071.8	257259	44437.8	64318.4	680.898	1597.13	263.87	104.348	24.1961	7576.36	1280.01	576.51	43052.5	3626.59	6098.23	102.776	70.1026	10.1055	13.3306	67.706	119.823	22.7399	0.150271
setup	0	2007-03-02 23:00:00	0	3.29455	8.7309	0.00458913	0	0.00523864	0.00112691	0.00338188	0.00394303	0.00229842	5.05555e-06	0	0	0	9.52101	1.9309	0.184924	0.0387683	0.013629	0.0730499	1.22908	1.22915	0.0625673	0.00209278	32074.2	257257	44438	64319.6	680.859	1596.03	262.765	105.316	24.2599	7581.79	1280.08	576.454	43052.7	3626.78	6098.61	102.886	69.9866	10.0625	13.4698	68.0079	119.871	22.741	0.150077
setup	0	2007-03-03 23:00:00	0	3.22977	7.69046	0.00413191	0	0.0052394	0.00109617	0.00302795	0.00312782	0.00159328	4.84895e-06	0	0	0	9.72996	1.92727	0.192198	0.0387172	0.0136264	0.0672156	1.12153	1.15177	0.0597943	0.00205826	32076	257257	44439.3	64320.3	679.845	1595.1	262.54	107.018	24.464	7587.29	1280.15	576.399	43052.9	3626.98	6098.82	102.901	69.8777	10.0626	13.6485	68.3148	119.92	22.7422	0.148691
setup	0	2007-03-04 23:00:00	0	3.17601	6.84634	0.00404356	0	0.00524067	0.00103566	0.00284321	0.0027634	0.00125894	4.74854e-06	0	0	0	9.93971	1.9236	0.199502	0.0386662	0.0136272	0.0340722	1.03764	1.08163	0.0570286	0.00203682	32075.5	257257	44441.4	64320.9	678.241	1594.42	262.936	109.245	24.6769	7592.82	1280.22	576.344	43053.2	3627.22	6098.92	102.823	69.7772	10.0934	13.887	68.6435	119.97	22.7435	0.148762
setup	0	2007-03-05 23:00:00	0	3.02036	6.23851	0.00375745	0	0.00524374	0.000988551	0.00272345	0.0025343	0.00106287	4.78244e-06	0	0	0	10.1486	1.91978	0.228991	0.0409474	0.0136262	0.0207322	0.967174	1.0156	0.0542983	0.00201007	32074.1	257258	44444.3	64321.7	676.415	1594.01	263.764	111.609	24.9028	7598.37	1280.3	576.28	43053.5	3627.5	6098.98	102.704	69.6966	10.1456	14.1452	68.9734	120.034	22.7448	0.147971
setup	0	2007-03-06 23:00:00	0	2.88615	5.75667	0.00330825	0	0.00524768	0.000959507	0.00263034	0.00238078	0.000924371	4.984e-06	0	0	0	10.3556	1.91591	0.250887	0.0423687	0.0136257	5.25838e-14	0.905454	0.95678	0.0517146	0.00197872	32070.5	257259	44447.5	64322.7	674.505	1593.86	264.912	113.986	25.141	7603.93	1280.38	576.21	43053.8	3627.79	6099.02	102.564	69.6322	10.2137	14.4061	69.3132	120.106	22.7463	0.147501
setup	0	2007-03-07 23:00:00	0	2.70514	5.36645	0.0033192	0	0.0052527	0.000899135	0.00254368	0.00224663	0.000819604	5.27552e-06	0	0	0	10.5589	1.91191	0.291804	0.0456749	0.0136257	5.25838e-14	0.854342	0.904214	0.0491782	0.00193836	32064.7	257261	44451.2	64323.9	672.583	1593.98	266.318	116.317	25.3696	7609.51	1280.47	576.124	43054.1	3628.09	6099.04	102.411	69.5942	10.2946	14.6637	69.645	120.197	22.7478	0.146802
setup	0	2007-03-08 23:00:00	0	2.56214	5.31513	0.0032891	0	0.00525765	0.000861278	0.00248423	0.00217796	0.000779426	5.61341e-06	0	0	0	10.757	1.90782	0.313755	0.0469864	0.0136355	5.25838e-14	0.844051	0.887871	0.0475191	0.00190406	32059.5	257262	44454.8	64325.3	670.753	1594.34	267.663	118.687	25.4989	7615.08	1280.56	576.033	43054.5	3628.38	6099.09	102.248	69.5725	10.3726	14.9337	69.9698	120.296	22.7494	0.146629
setup	0	2007-03-09 23:00:00	0	2.45524	6.00319	0.00299513	0	0.00526283	0.000856232	0.00250721	0.0022624	0.000904549	5.92409e-06	0	0	0	10.949	1.90382	0.321875	0.0469147	0.013668	5.25838e-14	0.918393	0.94113	0.0473847	0.00188755	32054.5	257264	44457.7	64327.4	669.425	1594.93	268.224	120.973	25.4509	7620.61	1280.65	575.942	43054.8	3628.67	6099.32	102.106	69.5595	10.412	15.2359	70.2853	120.395	22.751	0.146209
setup	0	2007-03-10 23:00:00	0	2.32694	6.58513	0.00298407	0	0.00526797	0.000831983	0.00255196	0.00238991	0.00107484	6.15827e-06	0	0	0	11.1331	1.89988	0.329753	0.0468434	0.0136793	5.25838e-14	0.965271	0.974383	0.0467712	0.00186583	32050.8	257264	44460	64329.7	668.694	1595.72	268.235	122.756	25.4019	7626.12	1280.74	575.851	43055.1	3628.96	6099.63	102.04	69.5546	10.4242	15.4957	70.5978	120.493	22.7525	0.145731
setup	0	2007-03-11 23:00:00	0	2.21183	6.55906	0.0030331	0	0.00527285	0.000811145	0.00252224	0.0023563	0.00106128	6.31032e-06	0	0	0	11.3078	1.89608	0.325433	0.0456535	0.0136606	0.0109026	0.94857	0.959495	0.045118	0.00183551	32048.7	257265	44462.2	64331.7	668.023	1596.68	268.26	124.404	25.4201	7631.63	1280.83	575.765	43055.4	3629.25	6099.91	102.008	69.5507	10.4369	15.7157	70.902	120.585	22.7541	0.144994
setup	0	2007-03-12 23:00:00	0	2.12136	5.55602	0.0302926	0	0.0052755	0.00111166	0.00237453	0.0020572	0.000768869	6.36548e-06	0	0	0	11.4716	1.89242	0.308948	0.0434174	0.0136299	1.49078e-14	0.841034	0.873803	0.0427429	0.00179384	32045.7	257266	44465.5	64333.2	666.66	1597.82	269.181	126.404	25.5753	7637.18	1280.93	575.69	43055.7	3629.54	6100.01	101.917	69.5408	10.4935	15.9357	71.2166	120.665	22.7558	0.144845
setup	0	2007-03-13 23:00:00	0	2.05097	5.07593	2.14569e-05	0	0.00527856	0.000689507	0.00229453	0.00193037	0.000642207	6.37445e-06	0	0	0	11.6222	1.88873	0.330912	0.0447828	0.0136266	1.49078e-14	0.786263	0.822241	0.0407112	0.00176366	32039.8	257268	44469.2	64334.6	665.105	1599.13	270.526	128.475	25.7489	7642.75	1281.02	575.608	43056	3629.83	6100.05	101.793	69.5468	10.5709	16.1614	71.5263	120.753	22.7575	0.145152
setup	0	2007-03-14 23:00:00	0	2.00021	4.77958	1.77148e-05	0	0.00528338	0.000884537	0.00224188	0.00183861	0.000566429	6.35029e-06	0	0	0	11.7577	1.88489	0.357686	0.0465642	0.0136279	1.49078e-14	0.750223	0.78619	0.0391395	0.00174755	32033.2	257270	44473.1	64336.1	663.468	1600.61	272.124	130.563	25.8996	7648.32	1281.12	575.518	43056.3	3630.12	6100.06	101.651	69.5712	10.6605	16.3892	71.8317	120.853	22.7592	0.144243
setup	0	2007-03-15 23:00:00	0	1.93731	4.59456	0.0288443	0	0.00528802	0.00117848	0.00219891	0.00176229	0.000516826	6.38958e-06	0	0	0	11.8767	1.88102	0.363468	0.046493	0.0136299	1.49078e-14	0.726855	0.761913	0.0377533	0.00173305	32026.1	257273	44477.2	64337.5	661.815	1602.23	273.873	132.643	25.9873	7653.9	1281.23	575.428	43056.6	3630.41	6100.04	101.497	69.6017	10.7575	16.6185	72.1325	120.952	22.761	0.144618
setup	0	2007-03-16 23:00:00	0	1.864	4.63949	2.58545e-05	0	0.00529037	0.00106902	0.00216662	0.00170474	0.000502842	6.50907e-06	0	0	0	11.9779	1.87715	0.368661	0.0464214	0.0136353	1.49078e-14	0.730137	0.761274	0.0369187	0.00171765	32018.8	257275	44481.3	64339.3	660.235	1603.96	275.487	134.808	26.0264	7659.47	1281.33	575.338	43056.9	3630.7	6100.07	101.339	69.6377	10.8477	16.8621	72.4282	121.051	22.7628	0.143677
setup	0	2007-03-17 23:00:00	0	1.7917	4.90968	2.0071e-05	0	0.00529554	0.00113316	0.00215068	0.00168001	0.000524642	6.68575e-06	0	0	0	12.06	1.87329	0.373214	0.0463497	0.0136449	1.49078e-14	0.759205	0.782347	0.0362835	0.00170561	32010.6	257277	44485.1	64341.3	658.847	1605.8	276.723	137.029	25.9856	7665.02	1281.43	575.249	43057.3	3630.99	6100.18	101.185	69.6784	10.9192	17.1276	72.7177	121.15	22.7646	0.143185
setup	0	2007-03-18 23:00:00	0	1.72613	6.35098	0.0261796	0	0.00529948	0.00157592	0.00225795	0.00191448	0.000832343	6.83337e-06	0	0	0	12.1214	1.8694	0.377082	0.0462779	0.0137091	1.49078e-14	0.908473	0.89813	0.0382446	0.00170678	32002	257278	44487.4	64344.1	658.643	1607.69	276.487	138.654	25.7062	7670.51	1281.54	575.16	43057.6	3631.28	6100.54	101.122	69.7229	10.9185	17.4012	72.9948	121.248	22.7664	0.143528
setup	0	2007-03-19 23:00:00	0	1.64742	9.69487	0.0242151	0	0.00530535	0.00114352	0.00301249	0.0042046	0.00341594	6.89212e-06	0	0	0	12.161	1.86552	0.380222	0.0462057	0.0140938	1.49078e-14	1.16574	1.07129	0.0427051	0.00170665	31995.2	257275	44486.4	64345.5	661.443	1609.71	273.645	137.322	25.2895	7675.85	1281.63	575.071	43057.9	3631.55	6101.14	101.464	69.7715	10.7902	17.4252	73.2763	121.343	22.768	0.144323
setup	0	2007-03-20 23:00:00	0	1.56249	9.93658	2.6548e-05	0	0.00530972	0.00201822	0.00291402	0.00386535	0.00301406	6.85121e-06	0	0	0	12.1785	1.8618	0.382599	0.0461333	0.0137783	0.00161957	1.17834	1.10198	0.0411954	0.00168397	31993.3	257272	44485.2	64347.4	664.574	1611.65	270.659	135.609	25.0142	7681.19	1281.72	574.98	43058.1	3631.82	6101.84	101.925	69.8207	10.6543	17.3314	73.5694	121.439	22.7696	0.143655
setup	0	2007-03-21 23:00:00	0	1.54275	8.76828	0.0243116	0	0.0053153	0.00185872	0.00285424	0.00334518	0.00228689	6.62653e-06	0	0	0	12.1735	1.8584	0.349464	0.0433785	0.0136374	-5.55654e-14	1.0858	1.0403	0.0396955	0.00167126	31990.7	257271	44485.1	64347.9	666.208	1613.59	268.463	135.39	24.9795	7686.53	1281.82	574.906	43058.4	3632.1	6102.21	102.248	69.8497	10.5568	17.3393	73.8575	121.518	22.7712	0.143753
setup	0	2007-03-22 23:00:00	0	1.51373	7.90294	2.52178e-05	0	0.00531945	0.00187902	0.0025834	0.00254389	0.00148049	6.27019e-06	0	0	0	12.1443	1.85497	0.359218	0.0440422	0.0136281	-5.55654e-14	1.02305	1.00491	0.0378749	0.00165957	31986.7	257270	44485.8	64350.1	667.044	1615.41	267.05	135.868	24.9907	7691.94	1281.91	574.828	43058.7	3632.38	6102.7	102.45	69.8836	10.4972	17.4211	74.1452	121.604	22.7728	0.142882
setup	0	2007-03-23 23:00:00	0	1.47385	6.36311	1.98318e-05	0	0.00532594	0.00190973	0.00225397	0.00182236	0.000841032	5.94478e-06	0	0	0	12.0902	1.85147	0.377477	0.0453707	0.0136312	-5.55654e-14	0.889679	0.905087	0.0355523	0.00164204	31982.6	257271	44488.1	64351.5	666.335	1617.15	267.041	137.562	25.1332	7697.42	1282	574.741	43059.1	3632.67	6102.9	102.465	69.9286	10.5059	17.6033	74.4349	121.698	22.7745	0.142355
setup	0	2007-03-24 23:00:00	0	1.42946	5.59046	0.0269299	0	0.0053314	0.00213046	0.00212039	0.0015757	0.000627669	5.78617e-06	0	0	0	12.0115	1.84796	0.379552	0.0455274	0.0136312	-5.55654e-14	0.81838	0.84438	0.0340301	0.00161923	31976.8	257272	44491.2	64352.8	665.165	1618.83	267.748	139.577	25.2149	7702.93	1282.1	574.653	43059.4	3632.96	6103.01	102.399	69.9749	10.5495	17.8256	74.7194	121.794	22.7762	0.14196
setup	0	2007-03-25 23:00:00	0	1.37245	7.43899	2.15534e-05	0	0.00533746	0.00197046	0.00231976	0.00209861	0.00126219	5.82277e-06	0	0	0	11.9077	1.84437	0.382378	0.0457883	0.0137548	-5.55654e-14	1.00254	0.977618	0.0366458	0.00160518	31970.7	257272	44492.4	64355.3	665.744	1620.42	266.849	140.434	24.8736	7708.37	1282.2	574.563	43059.7	3633.24	6103.47	102.47	70.0224	10.5147	18.021	74.9875	121.891	22.7779	0.141744
setup	0	2007-03-26 23:00:00	0	1.3266	7.20129	0.0272565	0	0.00534379	0.00224384	0.00229326	0.00204503	0.00120518	5.90265e-06	0	0	0	11.7795	1.84077	0.379839	0.0457184	0.0136662	-5.55654e-14	0.96177	0.953641	0.0356187	0.00159373	31965.9	257271	44493.8	64357	666.043	1621.85	266.161	141.333	24.7597	7713.82	1282.29	574.474	43060	3633.53	6103.82	102.574	70.0668	10.4901	18.1631	75.2644	121.988	22.7796	0.141501
setup	0	2007-03-27 23:00:00	0	1.28432	6.48822	2.31579e-05	0	0.00534856	0.00200084	0.0021715	0.00175296	0.000917411	5.94538e-06	0	0	0	11.6278	1.83727	0.376494	0.0456484	0.0136405	-5.55654e-14	0.895714	0.905099	0.0341602	0.00158129	31960.3	257272	44495.9	64358.4	665.657	1623.13	266.095	142.751	24.7805	7719.29	1282.39	574.385	43060.3	3633.81	6104.05	102.608	70.1077	10.4956	18.3374	75.543	122.086	22.7812	0.141194
setup	0	2007-03-28 23:00:00	0	1.24389	7.37549	0.00879307	0	0.00535562	0.00170342	0.00228291	0.00203441	0.00126596	5.96824e-06	0	0	0	11.4529	1.83374	0.372375	0.0455793	0.0136972	-5.55654e-14	0.97898	0.964378	0.0358536	0.00157689	31955.3	257272	44497.1	64360.4	666.205	1624.23	265.306	143.448	24.5916	7724.72	1282.49	574.295	43060.6	3634.1	6104.45	102.723	70.1444	10.4659	18.4802	75.813	122.183	22.7829	0.141556
setup	0	2007-03-29 23:00:00	0	1.20065	8.44247	0.00301117	0	0.00536243	0.00221365	0.00272141	0.00331687	0.00265967	5.98859e-06	0	0	0	11.2562	1.83026	0.367511	0.0455099	0.0138057	-5.55654e-14	1.05073	1.00022	0.0373518	0.00156981	31950.6	257270	44497.3	64360.6	667.872	1625.25	263.627	143.041	24.4459	7730.04	1282.58	574.206	43060.9	3634.38	6104.77	102.995	70.1779	10.3932	18.5188	76.0867	122.278	22.7846	0.141406
setup	0	2007-03-30 23:00:00	0	1.16197	8.83062	0.00375623	0	0.00536881	0.00201386	0.00264572	0.00323575	0.00256868	5.98355e-06	0	0	0	11.0389	1.82681	0.361951	0.0454409	0.0137605	-5.55654e-14	1.086	1.03552	0.0362621	0.00156314	31946.3	257269	44497	64362.2	669.769	1626.03	261.498	142.635	24.2587	7735.35	1282.68	574.117	43061.2	3634.66	6105.3	103.316	70.2053	10.2985	18.5364	76.3605	122.373	22.7862	0.141778
setup	0	2007-03-31 23:00:00	0	1.12226	8.5206	0.0287551	0	0.00537382	0.00259327	0.00259917	0.00291912	0.00216429	5.86664e-06	0	0	0	10.8026	1.82341	0.354117	0.0452691	0.0136644	-5.55654e-14	1.04694	1.00784	0.0356178	0.00155695	31942.1	257267	44497.1	64363	671.07	1626.57	259.674	143	24.1942	7740.66	1282.77	574.028	43061.5	3634.94	6105.71	103.634	70.2251	10.2185	18.6118	76.6432	122.467	22.7878	0.141704
setup	0	2007-04-01 23:00:00	0	1.08282	8.10988	2.50196e-05	0	0.00537819	0.00182702	0.00253012	0.00251223	0.00172102	5.64193e-06	0	0	0	10.5488	1.82002	0.346893	0.0451758	0.0136282	-5.55654e-14	1.03054	0.999198	0.0349462	0.00154999	31937.5	257266	44497.5	64364.7	671.996	1626.82	258.243	143.66	24.1497	7746.01	1282.86	573.939	43061.8	3635.22	6106.18	103.865	70.2374	10.1576	18.7364	76.9184	122.562	22.7895	0.141584
setup	0	2007-04-02 23:00:00	0	1.04449	6.59449	0.00656982	0	0.00538409	0.0021448	0.00216774	0.00164603	0.000910632	5.43251e-06	0	0	0	10.2796	1.81663	0.341655	0.0452358	0.0136266	-5.55654e-14	0.894456	0.90648	0.0323141	0.00154066	31932.5	257267	44499.5	64366	671.488	1626.72	258.209	145.221	24.3359	7751.45	1282.96	573.85	43062.1	3635.5	6106.41	103.942	70.2425	10.1643	18.9025	77.198	122.659	22.7912	0.140838
setup	0	2007-04-03 23:00:00	0	1.00945	5.54972	0.0271504	0	0.00538651	0.00220591	0.00199333	0.00129557	0.000581408	5.34546e-06	0	0	0	9.99702	1.81321	0.333905	0.0451675	0.0136264	-5.55654e-14	0.803315	0.830287	0.0302444	0.00152748	31926.6	257268	44502.5	64367.2	670.304	1626.37	259.091	147.254	24.4763	7756.93	1283.06	573.761	43062.4	3635.8	6106.51	103.899	70.2404	10.2156	19.1225	77.4722	122.756	22.7929	0.140387
setup	0	2007-04-04 23:00:00	0	0.984079	5.12441	2.28465e-05	0	0.00538944	0.00183841	0.00192087	0.00116747	0.000472051	5.46531e-06	0	0	0	9.70318	1.80975	0.32579	0.0450991	0.0136302	-5.55654e-14	0.761174	0.789831	0.02901	0.00152011	31919.4	257270	44505.8	64368.6	668.972	1625.76	260.326	149.398	24.5704	7762.41	1283.16	573.673	43062.7	3636.09	6106.58	103.812	70.231	10.2843	19.3624	77.7419	122.854	22.7947	0.140525
setup	0	2007-04-05 23:00:00	0	0.955965	4.71576	0.00594574	0	0.00539513	0.00138871	0.00186637	0.0010666	0.000389329	5.73656e-06	0	0	0	9.4005	1.80622	0.31739	0.0450302	0.0136274	-5.55654e-14	0.716436	0.746984	0.0275939	0.00151228	31911.3	257272	44509.6	64369.9	667.553	1624.88	261.939	151.472	24.6662	7767.91	1283.27	573.585	43063	3636.38	6106.6	103.702	70.2136	10.3714	19.598	78.0097	122.952	22.7965	0.139944
setup	0	2007-04-06 23:00:00	0	0.926958	4.72567	0.00623583	0	0.0053993	0.00140911	0.00183765	0.00102132	0.000381113	6.08502e-06	0	0	0	9.09156	1.80266	0.308792	0.0449607	0.0136338	-5.55654e-14	0.717802	0.74379	0.0271701	0.00150257	31902.9	257274	44513.4	64371.4	666.209	1623.71	263.465	153.644	24.6416	7773.41	1283.38	573.498	43063.4	3636.67	6106.64	103.58	70.1882	10.4545	19.8524	78.2719	123.05	22.7984	0.139589
setup	0	2007-04-07 23:00:00	0	0.927482	4.5661	0.0303354	0	0.00540217	0.00182208	0.00180822	0.000976887	0.000351626	6.45545e-06	0	0	0	8.77911	1.7991	0.300088	0.0448907	0.0136306	-5.55654e-14	0.699158	0.724821	0.0264889	0.00149376	31894	257277	44517.3	64372.9	664.875	1622.26	265.124	155.715	24.6255	7778.91	1283.48	573.412	43063.7	3636.96	6106.67	103.454	70.1544	10.5442	20.0997	78.5323	123.147	22.8003	0.139758
setup	0	2007-04-08 23:00:00	0	0.926538	4.832	2.6264e-05	0	0.00540245	0.00171526	0.00180716	0.000980067	0.0003877	6.76379e-06	0	0	0	8.65897	1.79553	0.298172	0.0448206	0.0136408	-5.55654e-14	0.728693	0.746851	0.0266335	0.00148915	31885	257279	44520.9	64374.8	663.72	1620.7	266.423	157.887	24.5216	7784.39	1283.59	573.325	43064	3637.25	6106.76	103.33	70.1191	10.6167	20.3711	78.7874	123.245	22.8022	0.139909
setup	0	2007-04-09 23:00:00	0	0.918268	6.01085	0.00459682	0	0.00540681	0.000864259	0.0019044	0.00119798	0.000661754	6.98447e-06	0	0	0	8.73253	1.79196	0.303089	0.0447503	0.0136841	-5.55654e-14	0.851671	0.841017	0.0284259	0.00148933	31876.3	257280	44523.3	64377.1	663.484	1619.23	266.532	159.667	24.2327	7789.82	1283.7	573.239	43064.3	3637.54	6107.06	103.274	70.0888	10.6316	20.6621	79.0341	123.342	22.804	0.138986
setup	0	2007-04-10 23:00:00	0	0.914003	6.71345	0.0261844	0	0.00540755	0.00163899	0.00200319	0.00143194	0.000917276	7.10201e-06	0	0	0	8.80659	1.78842	0.308034	0.04468	0.0136773	-5.55654e-14	0.901689	0.881313	0.0289476	0.0014884	31868.4	257280	44525	64379.1	663.931	1617.81	266.059	160.771	23.9888	7795.24	1283.8	573.153	43064.6	3637.82	6107.42	103.336	70.063	10.6185	20.87	79.2855	123.438	22.8058	0.13984
setup	0	2007-04-11 23:00:00	0	0.910694	5.73049	0.00129653	0	0.00541016	0.00114606	0.001881	0.00113783	0.00060739	7.0829e-06	0	0	0	8.88119	1.78493	0.313003	0.0446101	0.0136314	-5.55654e-14	0.800871	0.808564	0.0273962	0.00148127	31860.8	257282	44527.7	64380.5	663.437	1616.46	266.499	162.391	24.0128	7800.68	1283.9	573.066	43064.9	3638.1	6107.57	103.338	70.042	10.6493	21.0672	79.5468	123.535	22.8076	0.139157
setup	0	2007-04-12 23:00:00	0	0.912194	6.97224	0.0271891	0	0.00541205	0.00177413	0.00201856	0.00145926	0.000981717	7.01613e-06	0	0	0	8.95614	1.78147	0.317994	0.0445408	0.0136868	-5.55654e-14	0.923806	0.900647	0.0289459	0.00148464	31852.7	257281	44529.1	64382.4	664.171	1615.19	265.874	163.17	23.7498	7806.08	1284.01	572.98	43065.2	3638.38	6107.94	103.439	70.026	10.6289	21.2342	79.7963	123.632	22.8094	0.139098
setup	0	2007-04-13 23:00:00	0	0.912485	8.84629	2.45131e-05	0	0.00541306	0.00177785	0.00265824	0.00315192	0.00280656	6.91565e-06	0	0	0	9.03124	1.77799	0.323001	0.0444718	0.0137792	-5.55654e-14	1.0541	0.972147	0.0317237	0.00148793	31845.7	257280	44528.6	64382.1	666.576	1614.13	263.85	162.317	23.3947	7811.34	1284.11	572.893	43065.5	3638.65	6108.27	103.767	70.0171	10.5413	21.253	80.055	123.726	22.8112	0.139699
setup	0	2007-04-14 23:00:00	0	0.903329	9.62824	0.00289556	0	0.00541788	0.000951074	0.00253785	0.0029138	0.00258119	6.8058e-06	0	0	0	9.10669	1.77459	0.328015	0.0444026	0.0137945	-5.55654e-14	1.12115	1.0398	0.0313919	0.00148497	31840.2	257277	44527.4	64383.8	669.79	1613.08	261.101	160.621	23.2968	7816.6	1284.2	572.807	43065.8	3638.93	6108.94	104.246	70.0119	10.4184	21.1747	80.3139	123.82	22.8129	0.140127
setup	0	2007-04-15 23:00:00	0	0.912961	8.63625	0.0254075	0	0.00541831	0.00203245	0.00244614	0.00248002	0.00199361	6.59081e-06	0	0	0	9.18252	1.77127	0.333036	0.0443342	0.013641	-5.55654e-14	1.0482	0.991658	0.0303075	0.00148793	31833.5	257275	44527.1	64384.1	671.685	1612.12	259.033	160.314	23.2718	7821.85	1284.3	572.719	43066.1	3639.2	6109.31	104.593	70.0119	10.3284	21.1786	80.5814	123.914	22.8146	0.140023
setup	0	2007-04-16 23:00:00	0	0.901545	10.4189	0.000420276	0	0.00542155	0.00117436	0.00254464	0.00312731	0.0029201	6.31682e-06	0	0	0	9.25808	1.7679	0.338062	0.0442668	0.0139279	-5.55654e-14	1.21711	1.11974	0.0340402	0.00149224	31828.2	257272	44525	64385.9	675.032	1611.14	255.971	158.522	22.9017	7827.1	1284.39	572.632	43066.4	3639.46	6110.1	105.094	70.0149	10.19	21.1013	80.841	124.007	22.8161	0.140461
setup	0	2007-04-17 23:00:00	0	0.891823	12.2979	0.0274485	0	0.00542595	0.00217467	0.00274691	0.00383682	0.00400735	6.02886e-06	0	0	0	9.33385	1.76462	0.343077	0.0441988	0.014197	0.00394796	1.40445	1.27868	0.0419356	0.00149709	31825.6	257266	44520.1	64387.8	679.374	1610	252.44	154.781	22.4799	7832.35	1284.47	572.544	43066.6	3639.37	6111.11	105.791	70.0185	10.0276	20.8168	81.139	124.101	22.8175	0.141252
setup	0	2007-04-18 23:00:00	0	0.904873	14.0728	2.48175e-05	0	0.00542973	0.00173941	0.00315799	0.00473618	0.00534458	5.77759e-06	0	0	0	9.41001	1.76152	0.316637	0.0427073	0.015486	0.0410069	1.69109	1.55345	0.0629627	0.001541	31825.1	257259	44511	64391.3	684.529	1608.58	248.926	149.288	21.8197	7837.61	1284.53	572.471	43066.9	3638.25	6112.5	106.645	69.9957	9.86379	20.3111	81.4741	124.187	22.8184	0.142615
setup	0	2007-04-19 23:00:00	0	0.958795	15.7025	0.0274293	0	0.00543535	0.00194928	0.00414753	0.00737401	0.00900526	5.40791e-06	0	0	0	9.48633	1.75855	0.264073	0.0401002	0.0152755	0.0579234	1.92935	1.81352	0.100798	0.00176008	31825.6	257250	44499.6	64393.9	692.565	1606.91	245.921	139.301	21.0867	7842.86	1284.56	572.423	43067	3636.4	6113.89	108.136	69.9274	9.72227	19.3138	81.6185	124.256	22.8191	0.144523
setup	0	2007-04-20 23:00:00	0	0.995638	15.2534	2.48079e-05	0	0.00543548	0.00248711	0.00446075	0.00954103	0.012209	5.08251e-06	0	0	0	9.56248	1.75563	0.241172	0.0388773	0.0141768	0.0624999	1.87186	1.76756	0.1053	0.00209928	31826.3	257242	44492.6	64389	699.284	1605.21	243.119	130.594	20.8305	7848.11	1284.59	572.388	43067.2	3635.78	6114.24	109.584	69.8403	9.58914	18.2142	81.9139	124.319	22.8196	0.148021
setup	0	2007-04-21 23:00:00	0	1.0067	14.8446	0.0275098	0	0.00543902	0.0012133	0.00513473	0.0116223	0.0138431	4.77952e-06	0	0	0	9.63818	1.75274	0.239639	0.0386147	0.0140801	0.0582381	1.88493	1.79967	0.109246	0.00227289	31826.7	257234	44485.7	64385	704.475	1603.51	240.518	123.682	20.595	7853.35	1284.62	572.356	43067.4	3635.14	6114.63	110.765	69.7514	9.46488	17.3302	82.2662	124.38	22.82	0.149788
setup	0	2007-04-22 23:00:00	0	0.998927	14.2445	2.34705e-05	0	0.00543824	0.00273682	0.00645246	0.0143018	0.0128404	4.48605e-06	0	0	0	9.71323	1.74982	0.25247	0.0389703	0.0136519	0.0572481	1.86067	1.79279	0.103103	0.00237487	31826.8	257227	44480.1	64380	708.402	1601.87	238.15	118.287	20.5438	7858.6	1284.64	572.321	43067.6	3634.76	6114.85	111.722	69.6731	9.35167	16.6438	82.6487	124.444	22.8204	0.148514
setup	0	2007-04-23 23:00:00	0	0.994743	13.5972	0.00227189	0	0.0054411	0.00193298	0.00581488	0.0127922	0.0123493	4.24368e-06	0	0	0	9.78756	1.7469	0.260797	0.0391263	0.0139329	0.0588784	1.81093	1.76434	0.101838	0.00241903	31827	257220	44475.1	64376.4	711.002	1600.32	235.991	114.58	20.5336	7863.84	1284.66	572.284	43067.8	3634.49	6115.17	112.447	69.6026	9.24837	16.191	83.0213	124.509	22.8207	0.148763
setup	0	2007-04-24 23:00:00	0	0.993491	13.1682	0.0259266	0	0.00544209	0.00262538	0.00608669	0.0131564	0.0116868	4.0489e-06	0	0	0	9.8611	1.74399	0.264711	0.0390954	0.0137881	0.0574258	1.7867	1.74798	0.0994257	0.00242917	31826.9	257214	44470.3	64373.1	712.799	1598.85	234.022	111.878	20.511	7869.08	1284.69	572.247	43068	3634.22	6115.47	113.025	69.5363	9.15433	15.8778	83.396	124.574	22.8211	0.148426
setup	0	2007-04-25 23:00:00	0	0.976437	12.6734	0.00018376	0	0.00544262	0.00221532	0.00606654	0.0127956	0.0108421	3.88252e-06	0	0	0	9.93369	1.74106	0.273915	0.0392806	0.0137655	0.048496	1.74553	1.7196	0.09612	0.00241408	31826.1	257208	44466	64370	714.057	1597.49	232.328	109.818	20.5416	7874.32	1284.71	572.209	43068.2	3633.99	6115.75	113.508	69.4787	9.07371	15.6509	83.7773	124.641	22.8215	0.147937
setup	0	2007-04-26 23:00:00	0	0.975179	12.4446	0.00553055	0	0.00544477	0.00208746	0.00630375	0.0127246	0.00967171	3.7246e-06	0	0	0	10.0052	1.73811	0.29529	0.0399485	0.0136557	0.0632982	1.73274	1.70606	0.0906556	0.00240245	31826	257203	44462	64366.5	714.891	1596.24	230.635	108.387	20.6134	7879.56	1284.74	572.163	43068.5	3633.84	6115.95	113.908	69.4396	8.9934	15.5101	84.1487	124.711	22.822	0.146855
setup	0	2007-04-27 23:00:00	0	1.00036	11.9783	0.00817622	0	0.0054476	0.00206895	0.00606224	0.0114709	0.00810903	3.5925e-06	0	0	0	10.0757	1.73519	0.278362	0.0390848	0.0136433	0.0616848	1.68281	1.65955	0.0820851	0.00237771	31825.8	257198	44458.7	64363	715.275	1595.14	229.018	107.612	20.81	7884.79	1284.77	572.127	43068.7	3633.81	6116.13	114.226	69.389	8.91728	15.4539	84.5235	124.777	22.8225	0.146318
setup	0	2007-04-28 23:00:00	0	0.999192	11.3345	0.0240019	0	0.00544711	0.0024797	0.00560762	0.00977094	0.00648857	3.50374e-06	0	0	0	10.1449	1.73228	0.286729	0.0392316	0.0136397	0.0647737	1.60402	1.58577	0.0719202	0.00230849	31825.6	257193	44456.1	64360	715.243	1594.21	227.494	107.545	21.1051	7890.02	1284.8	572.089	43068.9	3633.88	6116.3	114.459	69.3481	8.84636	15.489	84.8878	124.845	22.8231	0.144791
setup	0	2007-04-29 23:00:00	0	1.0181	10.8583	0.0039127	0	0.00544723	0.0020469	0.00522244	0.00829007	0.00522881	3.46296e-06	0	0	0	10.2128	1.72937	0.288326	0.039115	0.0136297	0.0653601	1.5362	1.51303	0.061735	0.00223555	31825.3	257189	44454	64357.4	714.965	1593.49	225.889	108.088	21.5133	7895.24	1284.85	572.053	43069.1	3634.03	6116.48	114.632	69.3118	8.77243	15.5999	85.2445	124.911	22.8238	0.14366
setup	0	2007-04-30 23:00:00	0	1.00664	10.0265	0.00679293	0	0.00544869	0.00196463	0.00476056	0.00693871	0.00432171	3.48414e-06	0	0	0	10.2793	1.72645	0.293512	0.0391389	0.013633	0.0459563	1.45955	1.4487	0.0536793	0.00212191	31823.8	257186	44452.7	64355.3	714.624	1593	224.439	108.715	21.9771	7900.47	1284.9	572.016	43069.4	3634.24	6116.66	114.686	69.2834	8.70705	15.7166	85.5845	124.978	22.8248	0.143074
setup	0	2007-05-01 23:00:00	0	0.969358	9.36874	0.0319188	0	0.00545105	0.00238586	0.00425769	0.00585631	0.00376834	3.57138e-06	0	0	0	10.344	1.72348	0.330536	0.0403576	0.0136505	0.0496285	1.31809	1.30958	0.0464025	0.00199342	31822.4	257184	44452	64353.8	714.216	1592.73	223.122	109.692	22.3873	7905.69	1284.97	571.964	43069.7	3634.51	6116.85	114.797	69.2885	8.64905	15.8713	85.9162	125.053	22.8259	0.142987
setup	0	2007-05-02 23:00:00	0	0.971424	8.94634	0.000628695	0	0.00545034	0.00245903	0.00389864	0.00517261	0.00341201	3.68548e-06	0	0	0	10.407	1.72051	0.331976	0.0402297	0.0136577	0.0397741	1.25523	1.24163	0.0415245	0.0018835	31820.4	257182	44451.6	64352.7	713.859	1592.65	221.853	110.823	22.7962	7910.91	1285.04	571.914	43069.9	3634.79	6117.06	114.89	69.2978	8.59423	16.046	86.2429	125.128	22.8271	0.141956
setup	0	2007-05-03 23:00:00	0	0.944016	8.64671	0.00726419	0	0.00545145	0.00191146	0.00352406	0.00468284	0.00322918	3.78724e-06	0	0	0	10.4681	1.71751	0.35344	0.0408401	0.0137177	0.030614	1.21027	1.19763	0.0389563	0.00178717	31817.8	257180	44451.5	64352.4	713.504	1592.7	220.744	112.039	23.0828	7916.14	1285.12	571.856	43070.2	3635.07	6117.34	114.97	69.3264	8.54764	16.2322	86.5616	125.207	22.8285	0.142115
setup	0	2007-05-04 23:00:00	0	0.924227	9.47482	0.0309012	0	0.0054549	0.00172538	0.00287625	0.00442324	0.00380007	3.84656e-06	0	0	0	10.5271	1.71449	0.373967	0.0414047	0.0144606	0.0318908	1.32114	1.31266	0.0453541	0.0017287	31815.1	257177	44450.1	64353.9	713.266	1592.68	219.79	112.987	22.6909	7921.36	1285.18	571.791	43070.5	3635.23	6117.94	115.045	69.3693	8.50747	16.4315	86.8583	125.289	22.8296	0.144393
setup	0	2007-05-05 23:00:00	0	0.923285	11.6595	2.25379e-05	0	0.00545766	0.00257859	0.0038818	0.00593314	0.00526922	3.83743e-06	0	0	0	10.5842	1.71147	0.378009	0.0413693	0.0152841	0.0493251	1.68168	1.66817	0.07291	0.00174431	31813.1	257172	44442.4	64362.7	713.898	1592.29	219.031	112.296	21.3275	7926.59	1285.22	571.726	43070.7	3633.9	6119.67	115.222	69.4077	8.47402	16.486	87.1662	125.372	22.8303	0.144129
setup	0	2007-05-06 23:00:00	0	0.949657	11.4757	0.00610262	0	0.00546037	0.00154338	0.00424799	0.00689641	0.00594884	3.73334e-06	0	0	0	10.6392	1.7085	0.356794	0.0404432	0.0136718	0.0551064	1.63906	1.60409	0.0778991	0.00192178	31811.4	257168	44438.2	64359	714.433	1591.89	218.351	110.888	20.9907	7931.82	1285.26	571.672	43070.9	3633.5	6119.74	115.563	69.428	8.44393	16.3771	87.4744	125.45	22.8309	0.14383
setup	0	2007-05-07 23:00:00	0	0.965207	10.9504	0.00745126	0	0.00546095	0.00192257	0.00446066	0.00707716	0.00552059	3.60575e-06	0	0	0	10.6921	1.70554	0.352975	0.0401496	0.0136397	0.058735	1.58377	1.55594	0.069761	0.00201304	31809.7	257164	44435.3	64355.8	714.399	1591.59	217.644	110.226	21.014	7937.04	1285.3	571.621	43071.1	3633.38	6119.8	115.811	69.4465	8.41289	16.3275	87.8253	125.525	22.8316	0.143581
setup	0	2007-05-08 23:00:00	0	0.980125	10.5358	0.027551	0	0.00546057	0.00217175	0.00432411	0.00656777	0.00490744	3.49514e-06	0	0	0	10.7426	1.70259	0.352527	0.0399822	0.0136606	0.0591507	1.5295	1.50886	0.0624965	0.00204178	31808	257160	44433.1	64353.1	713.979	1591.4	216.856	110.266	21.1601	7942.25	1285.34	571.572	43071.3	3633.4	6119.91	115.983	69.4662	8.37843	16.3625	88.1813	125.6	22.8323	0.143243
setup	0	2007-05-09 23:00:00	0	0.975172	10.0927	0.00214865	0	0.0054602	0.00151507	0.00410387	0.00594201	0.00430982	3.41644e-06	0	0	0	10.7906	1.69964	0.356782	0.0399831	0.0136718	0.0475889	1.46702	1.45363	0.056411	0.00201106	31805.6	257157	44431.4	64351.1	713.346	1591.35	216.1	110.773	21.3751	7947.45	1285.39	571.523	43071.6	3633.48	6120.07	116.103	69.4914	8.34611	16.4592	88.5405	125.676	22.8332	0.143252
setup	0	2007-05-10 23:00:00	0	0.955234	9.66996	0.00607302	0	0.00546153	0.00199041	0.00402173	0.00546474	0.00378444	3.36232e-06	0	0	0	10.8358	1.69667	0.379028	0.040601	0.0136342	0.0520512	1.40825	1.39861	0.0513933	0.0019525	31803.3	257154	44430.1	64349.2	712.646	1591.43	215.392	111.551	21.618	7952.66	1285.45	571.465	43071.8	3633.61	6120.21	116.188	69.537	8.31678	16.5941	88.8868	125.755	22.8341	0.142624
setup	0	2007-05-11 23:00:00	0	0.931804	9.14525	0.00740117	0	0.00546224	0.00158803	0.00358208	0.00473548	0.00334936	3.35227e-06	0	0	0	10.8784	1.6937	0.377624	0.0404128	0.0137015	0.0320703	1.33431	1.33424	0.0476333	0.0018713	31800.1	257152	44429.4	64348.1	711.888	1591.64	214.921	112.497	21.8151	7957.88	1285.51	571.409	43072.1	3633.77	6120.4	116.25	69.5832	8.2996	16.7486	89.2361	125.834	22.8351	0.142675
setup	0	2007-05-12 23:00:00	0	0.897872	9.00645	0.0296429	0	0.00546432	0.00195028	0.00345963	0.00455915	0.00324241	3.34296e-06	0	0	0	10.9179	1.69068	0.411201	0.0414047	0.0136857	0.0368648	1.31345	1.31236	0.0463856	0.00179886	31797	257149	44428.6	64347.2	711.204	1591.93	214.496	113.465	21.894	7963.1	1285.57	571.339	43072.4	3633.92	6120.62	116.302	69.6582	8.28499	16.9174	89.5682	125.92	22.8362	0.142784
setup	0	2007-05-13 23:00:00	0	0.903169	9.36742	0.000662395	0	0.00546377	0.00201794	0.00314504	0.00446265	0.00355691	3.31497e-06	0	0	0	10.9545	1.68768	0.408823	0.0411894	0.0139291	0.0346759	1.35707	1.355	0.0494527	0.00176321	31793.7	257147	44427.2	64347.2	710.653	1592.21	214.105	114.21	21.7644	7968.31	1285.63	571.272	43072.6	3633.98	6120.99	116.373	69.7302	8.27173	17.0694	89.8949	126.004	22.8373	0.142861
setup	0	2007-05-14 23:00:00	0	0.910314	9.60359	0.00585712	0	0.00546381	0.00165928	0.00361478	0.00492803	0.00360473	3.24863e-06	0	0	0	10.9881	1.68467	0.41551	0.0412819	0.0136455	0.0460577	1.39289	1.37749	0.0503914	0.00175364	31790.8	257144	44425.2	64345.8	710.182	1592.49	213.632	114.733	21.7226	7973.52	1285.69	571.202	43072.9	3633.92	6121.21	116.471	69.8072	8.25449	17.1896	90.2237	126.09	22.8382	0.142499
setup	0	2007-05-15 23:00:00	0	0.937213	9.43508	0.0266009	0	0.00546322	0.00199545	0.00362781	0.00478628	0.003455	3.16426e-06	0	0	0	11.0186	1.68169	0.403083	0.0407512	0.0136357	0.0460238	1.37504	1.3575	0.0485124	0.00175854	31787.8	257142	44423.7	64344.1	709.644	1592.84	213.087	115.415	21.7925	7978.72	1285.75	571.14	43073.1	3633.94	6121.37	116.557	69.8747	8.23412	17.3257	90.5539	126.172	22.8393	0.142114
setup	0	2007-05-16 23:00:00	0	0.93123	9.2254	0.000477336	0	0.00546216	0.00197377	0.00332146	0.00446068	0.00333779	3.10932e-06	0	0	0	11.0458	1.67871	0.406479	0.0407489	0.0137384	0.0429245	1.34382	1.33067	0.0465728	0.00174775	31784.6	257139	44422.5	64343.1	709.046	1593.26	212.588	116.267	21.8676	7983.92	1285.81	571.076	43073.4	3634.04	6121.6	116.629	69.9458	8.21634	17.4801	90.878	126.255	22.8403	0.142405
setup	0	2007-05-17 23:00:00	0	0.889522	9.20707	0.00615527	0	0.00546476	0.00123691	0.00297901	0.0041909	0.00339767	3.07663e-06	0	0	0	11.0695	1.67573	0.414272	0.0408949	0.0139556	0.028797	1.3444	1.34681	0.0490659	0.00170855	31780.8	257137	44421.1	64343.3	708.514	1593.66	212.425	116.881	21.7065	7989.13	1285.87	571.01	43073.6	3634.05	6121.97	116.704	70.0225	8.21463	17.6177	91.2054	126.339	22.8414	0.142376
setup	0	2007-05-18 23:00:00	0	0.886792	9.59072	0.0236008	0	0.00546475	0.00198623	0.00348114	0.00481707	0.00363827	3.03528e-06	0	0	0	11.0897	1.67271	0.43698	0.0415262	0.0136601	0.039506	1.40264	1.38757	0.0517894	0.00170604	31777.4	257134	44419	64342	708.145	1594.04	212.095	117.229	21.5637	7994.33	1285.92	570.935	43073.9	3633.94	6122.2	116.808	70.1171	8.20467	17.7269	91.5337	126.427	22.8424	0.142454
setup	0	2007-05-19 23:00:00	0	0.917242	9.65845	0.0025272	0	0.00546383	0.00221473	0.00352741	0.004873	0.00369084	2.96579e-06	0	0	0	11.1064	1.66973	0.424248	0.0410197	0.013668	0.0398723	1.41533	1.39694	0.0518591	0.00173908	31773.9	257131	44417.1	64340.5	707.73	1594.43	211.664	117.634	21.5349	7999.52	1285.98	570.866	43074.1	3633.89	6122.39	116.916	70.2008	8.18992	17.8375	91.866	126.512	22.8433	0.142419
setup	0	2007-05-20 23:00:00	0	0.911937	9.33505	0.00548477	0	0.00546482	0.00106478	0.00360449	0.00471253	0.00340277	2.88462e-06	0	0	0	11.1195	1.66674	0.426206	0.040994	0.0136282	0.0306843	1.37427	1.36243	0.0492064	0.00174731	31770	257129	44415.7	64338.7	707.22	1594.88	211.275	118.196	21.6362	8004.71	1286.04	570.796	43074.4	3633.92	6122.52	117.009	70.2869	8.17763	17.9619	92.2093	126.598	22.8444	0.141781
setup	0	2007-05-21 23:00:00	0	0.898706	8.9188	0.0273965	0	0.00546464	0.00192388	0.00352061	0.00436489	0.00309954	2.85281e-06	0	0	0	11.1286	1.66374	0.441213	0.041391	0.0136256	0.0240048	1.31307	1.30397	0.0451076	0.00173431	31765.8	257127	44415.1	64337.1	706.667	1595.43	210.856	119	21.8302	8009.9	1286.11	570.72	43074.7	3634.06	6122.63	117.087	70.387	8.16463	18.1079	92.5527	126.686	22.8455	0.141534
setup	0	2007-05-22 23:00:00	0	0.905329	8.51938	2.13464e-05	0	0.00546285	0.00192048	0.00324169	0.00344459	0.00224196	2.8738e-06	0	0	0	11.1339	1.66073	0.449322	0.0415731	0.013626	0.0215788	1.27145	1.28326	0.042032	0.00171899	31761.4	257125	44414.7	64339.1	705.511	1595.94	210.903	120.393	21.8903	8015.11	1286.17	570.641	43075	3634.2	6123.16	117.094	70.4927	8.17418	18.3022	92.8915	126.777	22.8466	0.139993
setup	0	2007-05-23 23:00:00	0	0.919264	7.52289	0.0046392	0	0.00546328	0.001395	0.00280188	0.00238924	0.00146624	2.97672e-06	0	0	0	11.1352	1.65773	0.451031	0.0415589	0.0136259	0.019963	1.17326	1.20083	0.0397694	0.00169798	31756.9	257124	44415.2	64338.8	703.684	1596.44	211.65	122.23	22.1398	8020.36	1286.24	570.562	43075.3	3634.3	6123.29	117.007	70.5996	8.21795	18.5336	93.2379	126.868	22.8478	0.139722
setup	0	2007-05-24 23:00:00	0	0.944699	6.69233	0.0077055	0	0.00546383	0.00167802	0.00253895	0.00184963	0.00104673	3.21629e-06	0	0	0	11.1325	1.65472	0.452026	0.0415298	0.0136263	0.0129144	1.07452	1.11035	0.0359728	0.00166884	31752.1	257124	44416.7	64338.7	701.587	1597	212.835	124.359	22.4387	8025.64	1286.31	570.482	43075.6	3634.48	6123.35	116.863	70.7082	8.2837	18.7971	93.5815	126.96	22.849	0.139246
setup	0	2007-05-25 23:00:00	0	0.983716	6.0729	0.0278538	0	0.00546352	0.00155405	0.00235387	0.00150292	0.000781773	3.59433e-06	0	0	0	11.1257	1.65169	0.45592	0.0416003	0.0136269	-3.68629e-14	0.993399	1.03287	0.0328153	0.00164081	31746.7	257125	44418.9	64338.9	699.389	1597.62	214.319	126.644	22.7229	8030.94	1286.39	570.4	43075.9	3634.72	6123.37	116.687	70.8209	8.36465	19.0779	93.9251	127.053	22.8504	0.138964
setup	0	2007-05-26 23:00:00	0	1.02243	7.29256	0.00011791	0	0.00546287	0.00179124	0.00246502	0.00194566	0.0012889	4.04671e-06	0	0	0	11.1145	1.64864	0.461922	0.0417453	0.0137232	0.0171376	1.11273	1.11165	0.0345332	0.00160821	31740.9	257125	44419.9	64340.3	698.516	1598.31	214.824	128.113	22.5807	8036.17	1286.47	570.317	43076.2	3634.98	6123.7	116.605	70.9394	8.39853	19.3453	94.2317	127.147	22.8518	0.138298
setup	0	2007-05-27 23:00:00	0	1.08259	7.00636	0.00597047	0	0.00546314	0.00132132	0.00236765	0.00174557	0.00113806	4.46252e-06	0	0	0	11.0991	1.64556	0.461071	0.0302755	0.0136474	0.0130657	1.06653	1.08111	0.032988	0.00157571	31735.5	257124	44421	64341.3	697.411	1598.95	215.562	129.562	22.6498	8041.43	1286.55	570.235	43076.4	3635.18	6123.94	116.554	71.0447	8.44386	19.552	94.5556	127.24	22.8532	0.137836
setup	0	2007-05-28 23:00:00	0	1.10457	6.09298	0.00577535	0	0.00546447	0.00123347	0.00218001	0.0013551	0.00077328	4.74957e-06	0	0	0	11.0795	1.64247	0.459942	0.0302288	0.0136257	0.0124763	0.967969	0.997801	0.0307426	0.00154835	31729.5	257125	44423	64341.7	695.722	1599.59	216.867	131.462	22.8922	8046.72	1286.64	570.154	43076.7	3635.39	6124	116.435	71.1491	8.51711	19.7837	94.8796	127.335	22.8547	0.137713
setup	0	2007-05-29 23:00:00	0	1.11462	5.74951	0.00689377	0	0.0054649	0.00153187	0.00207329	0.00117668	0.000643757	4.94007e-06	0	0	0	11.0553	1.63934	0.458535	0.0311182	0.0136302	0.0111859	0.92575	0.95487	0.0290302	0.00152065	31722.9	257126	44425.5	64342.4	694.008	1600.25	218.343	133.468	23.0604	8052.02	1286.72	570.073	43077	3635.64	6124.06	116.289	71.2535	8.59912	20.0364	95.1936	127.429	22.8562	0.137233
setup	0	2007-05-30 23:00:00	0	1.13199	5.42125	0.00749557	0	0.00546455	0.00130413	0.0019879	0.00104718	0.000535449	5.09839e-06	0	0	0	11.0267	1.63619	0.456843	0.0332421	0.0136287	0.0130528	0.88358	0.912559	0.0275085	0.00149902	31716.4	257128	44428.3	64343.1	692.246	1600.9	219.985	135.535	23.2329	8057.33	1286.82	569.992	43077.3	3635.93	6124.09	116.127	71.3587	8.68959	20.2943	95.4998	127.524	22.8578	0.137135
setup	0	2007-05-31 23:00:00	0	1.11996	7.40502	0.0152743	0	0.00546532	0.00149189	0.00225264	0.00218658	0.00161968	5.23908e-06	0	0	0	10.9937	1.63303	0.454863	0.0315493	0.0139569	0.00766066	1.09328	1.07028	0.032666	0.00147834	31710	257127	44429.2	64344.1	692.79	1601.65	220.007	135.696	22.874	8062.5	1286.91	569.912	43077.6	3636.2	6124.39	116.119	71.4618	8.7015	20.4384	95.7731	127.616	22.8594	0.137794
setup	0	2007-06-01 23:00:00	0	1.11233	7.20207	0.00720992	0	0.00546457	0.00164033	0.0023855	0.00236622	0.00172961	5.31454e-06	0	0	0	10.9562	1.62988	0.452594	0.037929	0.0136452	0.0123168	1.02458	1.01896	0.0309736	0.00145842	31703.6	257127	44430.1	64344.8	692.993	1602.36	220.014	136.098	22.8443	8067.66	1286.99	569.83	43077.9	3636.44	6124.64	116.212	71.5686	8.71271	20.5357	96.0668	127.709	22.8609	0.137529
setup	0	2007-06-02 23:00:00	0	1.12946	6.82894	0.00724136	0	0.0054639	0.00148295	0.00237418	0.00221187	0.00157096	5.23384e-06	0	0	0	10.9142	1.62673	0.450035	0.0329165	0.0136267	0.0107827	0.993754	0.992106	0.0296953	0.00145017	31696.9	257127	44431.3	64344.9	692.75	1603.05	220.188	136.988	22.9011	8072.81	1287.09	569.75	43078.2	3636.68	6124.77	116.25	71.668	8.73218	20.6759	96.3641	127.801	22.8625	0.137066
setup	0	2007-06-03 23:00:00	0	1.12171	6.64337	0.0260913	0	0.00546323	0.00187558	0.00226922	0.00208707	0.0014835	5.04825e-06	0	0	0	10.8676	1.62357	0.447183	0.0343142	0.0136505	0.0114199	0.97716	0.976603	0.0290221	0.00143417	31689.8	257127	44432.8	64345.5	692.371	1603.71	220.445	138.107	22.8818	8077.97	1287.18	569.669	43078.5	3636.94	6124.94	116.258	71.766	8.75593	20.8453	96.6527	127.893	22.8641	0.137412
setup	0	2007-06-04 23:00:00	0	1.12198	6.48679	0.00172502	0	0.00546135	0.00153462	0.00226799	0.00198576	0.0013847	4.82499e-06	0	0	0	10.8163	1.6204	0.444035	0.0336854	0.0136262	0.0101882	0.959285	0.96157	0.028333	0.00141791	31682.8	257127	44434.5	64346	691.91	1604.34	220.802	139.395	22.7876	8083.12	1287.27	569.589	43078.8	3637.21	6125.09	116.248	71.8603	8.78471	21.031	96.9371	127.985	22.8658	0.136799
setup	0	2007-06-05 23:00:00	0	1.14537	6.63844	0.00773137	0	0.0054623	0.00115634	0.00211725	0.00151242	0.00101215	4.62393e-06	0	0	0	10.7605	1.61724	0.440591	0.0351451	0.0136291	0.0134647	0.985793	0.987301	0.0284242	0.00142284	31675.5	257127	44436	64348	691.346	1604.77	221.246	140.475	22.8415	8088.36	1287.36	569.509	43079.1	3637.46	6125.43	116.244	71.9499	8.81737	21.2048	97.2217	128.078	22.8673	0.136444
setup	0	2007-06-06 23:00:00	0	1.17132	5.89821	0.0222759	0	0.00546046	0.00187595	0.00194604	0.00111692	0.000676108	4.47994e-06	0	0	0	10.7	1.61407	0.43685	0.0313659	0.0136277	0.0127717	0.917464	0.934606	0.0270542	0.00142852	31667.8	257128	44438	64348.6	690.062	1605.12	222.315	142.185	22.9042	8093.62	1287.45	569.43	43079.3	3637.66	6125.52	116.154	72.0314	8.8806	21.4173	97.5145	128.172	22.8689	0.136377
setup	0	2007-06-07 23:00:00	0	1.18589	5.62149	0.00500386	0	0.00545912	0.00129237	0.00188558	0.00098952	0.000576003	4.46956e-06	0	0	0	10.6348	1.61087	0.432812	0.0320551	0.0136297	0.0128884	0.889628	0.907479	0.0262147	0.00142989	31659.9	257129	44440.5	64349.3	688.663	1605.41	223.579	144.035	22.9459	8098.9	1287.55	569.351	43079.6	3637.9	6125.58	116.033	72.1096	8.95357	21.6531	97.8019	128.266	22.8706	0.136269
setup	0	2007-06-08 23:00:00	0	1.14773	5.38203	0.0065302	0	0.00545977	0.00128882	0.00182868	0.000896095	0.000527583	4.59368e-06	0	0	0	10.5649	1.60768	0.428476	0.0321938	0.0136301	0.00543392	0.86032	0.880662	0.0256405	0.00140538	31652.5	257131	44443.2	64350.2	687.306	1605.66	225.016	145.839	22.9513	8104.18	1287.64	569.272	43079.9	3638.16	6125.64	115.904	72.1839	9.03522	21.8924	98.0873	128.36	22.8722	0.135463
setup	0	2007-06-09 23:00:00	0	1.12391	5.25617	0.00727928	0	0.00545926	0.00152626	0.00178756	0.000869212	0.000495056	4.78966e-06	0	0	0	10.4906	1.60451	0.423843	0.0409017	0.0136301	0.0120956	0.842927	0.860893	0.0250441	0.00138736	31645.1	257132	44446.1	64351.1	685.979	1605.85	226.496	147.631	22.9604	8109.46	1287.74	569.191	43080.2	3638.45	6125.69	115.774	72.2624	9.11918	22.1311	98.3615	128.454	22.8739	0.135422
setup	0	2007-06-10 23:00:00	0	1.13139	4.991	0.0231757	0	0.00545749	0.00171648	0.00174701	0.000800816	0.000428059	4.92128e-06	0	0	0	10.4118	1.60134	0.418918	0.0339265	0.0136273	0.011135	0.810784	0.833358	0.0242591	0.00138077	31636.8	257134	44449.2	64351.9	684.578	1605.97	228.173	149.422	22.9996	8114.76	1287.84	569.112	43080.5	3638.74	6125.7	115.635	72.329	9.21299	22.3636	98.6369	128.549	22.8756	0.135551
setup	0	2007-06-11 23:00:00	0	1.12943	4.76637	0.00480173	0	0.00545649	0.00112686	0.00170807	0.000735173	0.000373381	4.98973e-06	0	0	0	10.3281	1.59814	0.413699	0.0342165	0.0136267	0.0122968	0.782331	0.806688	0.0234261	0.00137063	31628.3	257136	44452.6	64352.6	683.143	1606.01	230.019	151.214	23.054	8120.06	1287.94	569.033	43080.8	3639.03	6125.68	115.488	72.3908	9.31528	22.5943	98.9095	128.643	22.8774	0.135213
setup	0	2007-06-12 23:00:00	0	1.12238	4.56526	0.00616602	0	0.00545629	0.00158944	0.00166919	0.000679339	0.000330571	5.0472e-06	0	0	0	10.2399	1.59493	0.408185	0.0326836	0.0136257	0.00960632	0.756737	0.781528	0.0225064	0.00135494	31619.7	257138	44456.2	64353.5	681.705	1605.99	231.997	152.997	23.104	8125.37	1288.04	568.955	43081.1	3639.33	6125.65	115.335	72.4458	9.42427	22.8234	99.181	128.738	22.8792	0.134872
setup	0	2007-06-13 23:00:00	0	1.09483	4.56921	0.0289355	0	0.00545523	0.00133443	0.00164049	0.000659482	0.000330137	5.11065e-06	0	0	0	10.1472	1.59173	0.402381	0.0357435	0.0136287	0.00961228	0.755208	0.776807	0.0222479	0.00133411	31611	257140	44459.7	64354.5	680.372	1605.9	233.894	154.796	23.0586	8130.67	1288.14	568.876	43081.4	3639.62	6125.64	115.182	72.4983	9.52946	23.0608	99.4458	128.832	22.881	0.134949
setup	0	2007-06-14 23:00:00	0	1.10677	4.42	2.17348e-05	0	0.00545287	0.00185234	0.00161695	0.000642048	0.000298215	5.14643e-06	0	0	0	10.05	1.58852	0.39629	0.0359483	0.0136265	0.0126137	0.7361	0.757361	0.021661	0.00132626	31602.3	257143	44463.4	64355.4	679.018	1605.72	235.89	156.548	23.1016	8135.98	1288.24	568.798	43081.7	3639.91	6125.61	115.028	72.545	9.63963	23.2901	99.7082	128.927	22.8828	0.135091
setup	0	2007-06-15 23:00:00	0	1.12564	4.69068	0.00610501	0	0.00545302	0.00122276	0.00162634	0.000665165	0.000337266	5.13705e-06	0	0	0	9.94846	1.58533	0.389916	0.0322969	0.0136332	0.0125233	0.764658	0.780087	0.0220014	0.00132949	31593.3	257145	44466.8	64356.7	677.84	1605.45	237.541	158.375	23.0163	8141.26	1288.35	568.72	43082	3640.2	6125.65	114.879	72.5817	9.73294	23.5379	99.9658	129.021	22.8846	0.135002
setup	0	2007-06-16 23:00:00	0	1.10667	5.30157	0.00802082	0	0.00545219	0.00174856	0.00167235	0.000773438	0.000484123	5.10776e-06	0	0	0	9.84249	1.58213	0.383262	0.0320253	0.0136478	0.007228	0.829169	0.831974	0.0231271	0.00132212	31584.5	257146	44469.6	64358.4	677.176	1605.09	238.579	159.927	22.8267	8146.52	1288.45	568.642	43082.3	3640.49	6125.81	114.773	72.6115	9.79608	23.7874	100.221	129.115	22.8864	0.134725
setup	0	2007-06-17 23:00:00	0	1.08247	4.80894	0.0279431	0	0.0054521	0.000800607	0.00162255	0.000692629	0.000387221	5.08267e-06	0	0	0	9.73228	1.57894	0.376331	0.0381956	0.0136266	0.0122655	0.770478	0.784754	0.0220169	0.00130612	31575.8	257148	44472.8	64359.4	676.203	1604.61	240.099	161.472	22.8191	8151.8	1288.55	568.563	43082.6	3640.78	6125.84	114.666	72.6404	9.88297	23.9994	100.48	129.209	22.8882	0.13478
setup	0	2007-06-18 23:00:00	0	1.08459	4.58093	2.07319e-05	0	0.00544973	0.00194801	0.00158896	0.000640601	0.000334938	5.02316e-06	0	0	0	9.61788	1.57575	0.36913	0.0328448	0.0136262	0.0112416	0.744572	0.762861	0.0214028	0.00129553	31566.9	257150	44476.3	64360.3	675.132	1604.01	241.839	163.048	22.835	8157.09	1288.66	568.486	43082.9	3641.07	6125.83	114.548	72.6568	9.98074	24.2079	100.739	129.303	22.8901	0.13413
setup	0	2007-06-19 23:00:00	0	1.07858	4.42986	0.00641648	0	0.00544793	0.00128299	0.00156201	0.000600916	0.000302764	4.94008e-06	0	0	0	9.49932	1.57258	0.361663	0.0334229	0.0136261	0.0116102	0.726402	0.745701	0.0208682	0.00128443	31557.9	257152	44479.9	64361.2	674.03	1603.32	243.705	164.626	22.8369	8162.39	1288.76	568.408	43083.2	3641.36	6125.8	114.425	72.6665	10.0848	24.4154	100.995	129.397	22.8919	0.133973
setup	0	2007-06-20 23:00:00	0	1.0804	4.31081	0.0215854	0	0.00544587	0.0021272	0.00153989	0.000575706	0.000279313	4.8774e-06	0	0	0	9.3767	1.56941	0.353935	0.0329055	0.0136257	0.0112182	0.71206	0.731643	0.0204928	0.00127389	31549	257155	44483.7	64362.2	672.917	1602.51	245.643	166.205	22.8279	8167.68	1288.87	568.33	43083.5	3641.65	6125.76	114.297	72.6682	10.1926	24.622	101.25	129.491	22.8938	0.134247
setup	0	2007-06-21 23:00:00	0	1.08531	4.42936	0.00412424	0	0.00544529	0.000876863	0.00153538	0.000581351	0.000294139	4.83105e-06	0	0	0	9.25013	1.56624	0.345951	0.0333493	0.0136288	0.0108006	0.72353	0.739274	0.0205833	0.00126875	31540.1	257157	44487.3	64363.3	671.9	1601.59	247.383	167.84	22.7765	8172.96	1288.98	568.253	43083.8	3641.94	6125.76	114.174	72.6626	10.2906	24.839	101.502	129.585	22.8956	0.133703
setup	0	2007-06-22 23:00:00	0	1.0627	4.58335	0.0233458	0	0.00544383	0.00194749	0.00153445	0.000592045	0.000327231	4.78727e-06	0	0	0	9.11971	1.56308	0.337719	0.0338641	0.0136309	0.00771097	0.739711	0.751664	0.0206855	0.00125744	31531.2	257159	44490.7	64364.6	671.044	1600.55	248.906	169.426	22.6779	8178.24	1289.08	568.175	43084.1	3642.23	6125.81	114.062	72.6496	10.3778	25.0602	101.751	129.679	22.8975	0.133741
setup	0	2007-06-23 23:00:00	0	1.0485	4.85675	0.00168497	0	0.00544184	0.00158414	0.00154871	0.000650402	0.000390106	4.74032e-06	0	0	0	8.98553	1.55993	0.329245	0.0374795	0.0136344	0.0119686	0.766782	0.77297	0.0212372	0.001249	31522.5	257161	44493.8	64366.1	670.439	1599.4	250.122	170.871	22.567	8183.49	1289.19	568.097	43084.4	3642.52	6125.9	113.973	72.6319	10.45	25.2774	101.995	129.773	22.8994	0.133935
setup	0	2007-06-24 23:00:00	0	1.04709	4.55445	0.00588412	0	0.00544195	0.00122367	0.00152236	0.000599274	0.000333454	4.64516e-06	0	0	0	8.84773	1.55679	0.320536	0.032689	0.013626	0.00804829	0.732706	0.746283	0.0205234	0.00124296	31513.7	257163	44497.3	64367.1	669.629	1598.09	251.651	172.315	22.5732	8188.77	1289.3	568.02	43084.7	3642.81	6125.91	113.879	72.6007	10.5375	25.4749	102.248	129.867	22.9013	0.133331
setup	0	2007-06-25 23:00:00	0	0.999428	4.97241	0.0221215	0	0.00544023	0.00206162	0.00153957	0.00065867	0.000431413	4.53918e-06	0	0	0	8.7064	1.55366	0.3116	0.0366024	0.0136364	0.00608132	0.774691	0.779788	0.0213084	0.00122681	31505	257165	44500.3	64368.5	669.212	1596.67	252.718	173.633	22.4074	8194.02	1289.4	567.942	43085	3643.1	6126.02	113.815	72.5649	10.6022	25.6788	102.492	129.96	22.9031	0.132958
setup	0	2007-06-26 23:00:00	0	1.01843	5.44191	0.00205985	0	0.00543868	0.00148302	0.00158897	0.000793759	0.000546074	4.43966e-06	0	0	0	8.56168	1.55053	0.302444	0.0389799	0.0136391	0.0121898	0.819785	0.815237	0.0221452	0.00123044	31496.6	257166	44502.8	64369.9	669.16	1595.11	253.29	174.694	22.2781	8199.25	1289.51	567.864	43085.3	3643.38	6126.18	113.797	72.5223	10.6422	25.8627	102.733	130.053	22.905	0.133605
setup	0	2007-06-27 23:00:00	0	1.05744	5.4105	0.00585818	0	0.00543885	0.0016239	0.00159959	0.000782844	0.000525528	4.31169e-06	0	0	0	8.41372	1.54743	0.293076	0.0317741	0.0136306	0.0119641	0.815154	0.815224	0.0219842	0.00124848	31487.7	257167	44505.3	64371	668.979	1593.38	253.903	175.805	22.2255	8204.48	1289.61	567.787	43085.5	3643.67	6126.3	113.784	72.4629	10.684	26.0319	102.983	130.147	22.9068	0.133947
setup	0	2007-06-28 23:00:00	0	1.06848	6.98086	0.0261327	0	0.00543808	0.00176871	0.00181087	0.0012512	0.00104403	4.20436e-06	0	0	0	8.26253	1.54433	0.283507	0.0312546	0.0136788	0.0107913	0.961695	0.930233	0.0249604	0.00126399	31478.7	257167	44506.3	64372.5	670.424	1591.5	253.211	175.551	21.9169	8209.66	1289.71	567.71	43085.8	3643.94	6126.67	113.942	72.3933	10.6608	26.1159	103.226	130.239	22.9085	0.133505
setup	0	2007-06-29 23:00:00	0	1.07454	6.66033	2.09836e-05	0	0.00543596	0.00165023	0.00178748	0.00116496	0.000938709	4.14951e-06	0	0	0	8.10828	1.54122	0.273741	0.0326126	0.0136349	0.0110124	0.928746	0.912197	0.0246321	0.00126912	31469.8	257167	44507.6	64373.3	671.334	1589.43	252.821	175.612	21.854	8214.85	1289.81	567.633	43086.1	3644.22	6126.91	114.093	72.3149	10.6522	26.1772	103.484	130.331	22.9103	0.13361
setup	0	2007-06-30 23:00:00	0	1.10036	6.07601	0.00572966	0	0.00543563	0.00188196	0.00171157	0.000960448	0.000713501	4.13257e-06	0	0	0	7.95118	1.53812	0.26379	0.0326634	0.0136265	0.0144335	0.869298	0.870797	0.0240665	0.00128025	31460.8	257168	44509.3	64373.7	671.352	1587.2	253.018	176.653	21.8871	8220.05	1289.91	567.557	43086.4	3644.44	6127.02	114.187	72.2267	10.6726	26.3012	103.75	130.424	22.912	0.133738
setup	0	2007-07-01 23:00:00	0	1.13472	6.50294	0.0250651	0	0.00543424	0.00204186	0.00176998	0.00105372	0.000827009	4.14784e-06	0	0	0	7.79135	1.53502	0.253664	0.0287693	0.0136355	0.0132781	0.923734	0.912693	0.0248484	0.00130079	31451.6	257168	44510.6	64374.3	671.717	1584.82	252.846	177.533	21.7587	8225.24	1290	567.481	43086.7	3644.66	6127.21	114.283	72.1248	10.6744	26.4444	104.01	130.517	22.9137	0.133674
setup	0	2007-07-02 23:00:00	0	1.13616	8.89294	0.00370399	0	0.00543255	0.00207295	0.00251602	0.00297746	0.0029962	4.21944e-06	0	0	0	7.62891	1.53192	0.243371	0.0299608	0.0137564	0.0107092	1.10185	1.01692	0.0286898	0.00130869	31442.4	257165	44509.6	64373.4	674.497	1582.42	250.827	175.974	21.574	8230.28	1290.1	567.405	43087	3644.89	6127.52	114.658	72.0164	10.5844	26.4306	104.273	130.607	22.9154	0.13436
setup	0	2007-07-03 23:00:00	0	1.10754	8.15063	0.0086785	0	0.00543261	0.00108894	0.0022258	0.0022152	0.00206588	4.30854e-06	0	0	0	7.46404	1.52881	0.232923	0.0333163	0.0136334	0.00977788	1.02714	0.977164	0.025937	0.00129423	31433.3	257164	44509.3	64373.1	676.693	1579.86	249.238	175.057	21.5159	8235.33	1290.2	567.328	43087.2	3645.12	6127.8	115.028	71.9015	10.5157	26.3933	104.544	130.697	22.9171	0.133599
setup	0	2007-07-04 23:00:00	0	1.06539	7.47356	0.00906587	0	0.00543159	0.00164747	0.00210056	0.00186394	0.00168599	4.31522e-06	0	0	0	7.29695	1.52571	0.222329	0.0349258	0.0136256	0.0091166	0.981419	0.94716	0.0254157	0.00127363	31424.3	257163	44509.6	64372.8	678.318	1577.16	248.163	174.674	21.4967	8240.39	1290.3	567.252	43087.5	3645.38	6128.01	115.315	71.7783	10.4725	26.4072	104.811	130.787	22.9188	0.133546
setup	0	2007-07-05 23:00:00	0	1.05328	7.47825	0.0217526	0	0.00542962	0.00194847	0.00210918	0.00187862	0.00169359	4.21904e-06	0	0	0	7.1278	1.52262	0.211601	0.0357224	0.0136266	0.00876337	0.994552	0.959596	0.0257337	0.00126461	31415.5	257162	44510	64373.3	679.869	1574.3	247.042	174.552	21.3131	8245.44	1290.4	567.175	43087.8	3645.64	6128.32	115.571	71.6458	10.4269	26.469	105.065	130.878	22.9206	0.133451
setup	0	2007-07-06 23:00:00	0	1.0383	7.51926	0.00764756	0	0.0054283	0.00123441	0.00199863	0.00156642	0.00136502	4.07916e-06	0	0	0	6.95679	1.51955	0.200751	0.0357794	0.0136294	0.00998505	1.01947	0.994553	0.0274163	0.0012643	31406.7	257161	44510.2	64374.6	681.365	1571.14	246.184	174.091	21.2846	8250.58	1290.49	567.099	43088.1	3645.85	6128.73	115.836	71.5004	10.3937	26.4832	105.333	130.97	22.9222	0.133414
setup	0	2007-07-07 23:00:00	0	1.04742	6.80201	0.00897769	0	0.00542793	0.00167896	0.00185917	0.00124962	0.00103566	3.95249e-06	0	0	0	6.78401	1.51649	0.189788	0.0340958	0.0136272	0.0103493	0.972434	0.968553	0.0274292	0.00127247	31397.9	257161	44510.9	64374.7	681.81	1567.78	245.944	174.608	21.2817	8255.74	1290.58	567.022	43088.4	3645.97	6128.91	115.979	71.3424	10.391	26.5657	105.61	131.061	22.9239	0.133162
setup	0	2007-07-08 23:00:00	0	1.04771	6.33105	0.0088827	0	0.0054266	0.00155847	0.00179723	0.00109704	0.000874705	3.91074e-06	0	0	0	6.60967	1.51344	0.178724	0.0332449	0.0136264	0.00990289	0.936725	0.941707	0.0270651	0.00128057	31389	257161	44512.1	64374.7	681.78	1564.25	246.117	175.508	21.2969	8260.91	1290.68	566.946	43088.7	3646.11	6129.02	116.052	71.1731	10.4087	26.6909	105.885	131.154	22.9256	0.133207
setup	0	2007-07-09 23:00:00	0	1.05774	5.9597	0.0240965	0	0.00542495	0.00191362	0.00175658	0.000995383	0.000758193	3.98078e-06	0	0	0	6.43391	1.51039	0.167571	0.0336228	0.0136257	0.0128406	0.903668	0.914914	0.0265028	0.00129032	31380.1	257161	44513.8	64374.7	681.452	1560.57	246.596	176.633	21.3147	8266.08	1290.77	566.87	43089	3646.29	6129.07	116.081	70.9939	10.4415	26.842	106.155	131.246	22.9272	0.133399
setup	0	2007-07-10 23:00:00	0	1.05411	5.68875	0.00423048	0	0.00542264	0.00158524	0.00172218	0.000905757	0.000678178	4.10438e-06	0	0	0	6.25694	1.50735	0.156338	0.0301774	0.0136258	0.00737834	0.877023	0.891587	0.0258298	0.00128977	31371.1	257162	44515.8	64374.7	680.972	1556.73	247.291	177.869	21.3444	8271.27	1290.87	566.794	43089.2	3646.52	6129.1	116.08	70.8011	10.485	27.0102	106.426	131.338	22.9289	0.132916
setup	0	2007-07-11 23:00:00	0	1.03089	5.45269	0.00912838	0	0.00542248	0.00127106	0.0016862	0.000844152	0.0006179	4.28145e-06	0	0	0	6.07892	1.50431	0.14504	0.036332	0.0136257	0.0107669	0.851733	0.868558	0.0252319	0.00128069	31362.2	257163	44518.1	64374.9	680.417	1552.74	248.16	179.137	21.3684	8276.45	1290.97	566.718	43089.5	3646.77	6129.12	116.063	70.6042	10.5372	27.1855	106.689	131.431	22.9307	0.132592
setup	0	2007-07-12 23:00:00	0	1.02847	5.2857	0.026474	0	0.00542101	0.00176753	0.00165772	0.000797405	0.000569084	4.44395e-06	0	0	0	5.90008	1.50128	0.133687	0.0328818	0.0136257	0.00917663	0.832653	0.850953	0.0245545	0.00127449	31353.4	257164	44520.6	64375	679.81	1548.6	249.135	180.435	21.3768	8281.64	1291.07	566.642	43089.8	3647.04	6129.12	116.033	70.3938	10.5947	27.3648	106.951	131.523	22.9324	0.132776
setup	0	2007-07-13 23:00:00	0	1.04154	5.16311	0.00229951	0	0.00541839	0.0016244	0.00163841	0.00076208	0.000523396	4.56936e-06	0	0	0	5.7206	1.49826	0.122292	0.0343109	0.0136256	0.0130937	0.81807	0.836234	0.0239534	0.00127552	31344.5	257165	44523.2	64375.2	679.148	1544.31	250.168	181.777	21.4209	8286.83	1291.17	566.566	43090.1	3647.32	6129.12	115.994	70.1744	10.655	27.547	107.209	131.615	22.9342	0.133014
setup	0	2007-07-14 23:00:00	0	1.03804	5.02919	0.00774841	0	0.00541713	0.0015913	0.00161382	0.00070881	0.000486623	4.65557e-06	0	0	0	5.54064	1.49526	0.110866	0.0296594	0.0136256	0.00769048	0.801943	0.821222	0.0233247	0.00126785	31335.5	257167	44525.9	64375.5	678.464	1539.87	251.281	183.129	21.4513	8292.02	1291.27	566.491	43090.4	3647.6	6129.11	115.946	69.9401	10.7192	27.7306	107.472	131.708	22.936	0.132863
setup	0	2007-07-15 23:00:00	0	1.01721	5.01468	0.00966531	0	0.00541677	0.00120672	0.00159575	0.000698455	0.00048432	4.74884e-06	0	0	0	5.36038	1.49224	0.0994229	0.0356429	0.0136267	0.0102219	0.798535	0.815244	0.0231287	0.00125466	31326.7	257168	44528.6	64376	677.849	1535.28	252.34	184.467	21.4497	8297.21	1291.37	566.415	43090.7	3647.88	6129.13	115.899	69.7018	10.7806	27.9172	107.729	131.8	22.9378	0.132353
setup	0	2007-07-16 23:00:00	0	1.01993	4.89049	0.00935414	0	0.00541529	0.00163244	0.00157319	0.000670108	0.000448507	4.81916e-06	0	0	0	5.26838	1.48924	0.0936653	0.0331703	0.0136258	0.00967565	0.782916	0.800232	0.0223546	0.0012478	31317.9	257170	44531.4	64376.3	677.197	1530.62	253.471	185.799	21.4788	8302.39	1291.47	566.34	43091	3648.16	6129.12	115.848	69.4564	10.8455	28.0989	107.988	131.893	22.9396	0.132343
setup	0	2007-07-17 23:00:00	0	1.01809	5.44806	0.0209719	0	0.00541304	0.00183054	0.00162519	0.00079856	0.000601278	4.84982e-06	0	0	0	5.26473	1.48625	0.0936007	0.0334924	0.0136349	0.010393	0.841981	0.845895	0.023454	0.00124585	31309.1	257170	44533.6	64377.3	677.009	1526	253.996	186.967	21.3564	8307.55	1291.57	566.264	43091.2	3648.43	6129.26	115.827	69.2125	10.88	28.2919	108.238	131.985	22.9414	0.132388
setup	0	2007-07-18 23:00:00	0	1.02218	5.62661	0.0078131	0	0.00541127	0.00140908	0.00165482	0.000870059	0.000671521	4.84655e-06	0	0	0	5.26107	1.48327	0.0935365	0.0325151	0.0136312	0.00972106	0.858343	0.859862	0.0235297	0.0012458	31300.3	257171	44535.7	64378.1	676.994	1521.39	254.338	187.942	21.3007	8312.71	1291.67	566.189	43091.5	3648.7	6129.4	115.832	68.9685	10.9051	28.4583	108.493	132.076	22.9432	0.132122
setup	0	2007-07-19 23:00:00	0	1.01664	5.50121	0.00744105	0	0.00541053	0.00130216	0.00163848	0.000838205	0.000638712	4.82694e-06	0	0	0	5.25741	1.48029	0.093472	0.0331439	0.0136279	0.0103716	0.841633	0.84798	0.0233227	0.00124172	31291.5	257172	44537.8	64378.7	676.904	1516.78	254.794	188.904	21.2906	8317.86	1291.78	566.114	43091.8	3648.97	6129.5	115.843	68.726	10.9357	28.6072	108.75	132.168	22.945	0.132396
setup	0	2007-07-20 23:00:00	0	1.0215	5.38286	0.00949607	0	0.00540953	0.0016434	0.00161741	0.000794375	0.00059151	4.79835e-06	0	0	0	5.25375	1.47732	0.0934076	0.0324204	0.0136269	0.00952491	0.827972	0.836409	0.022822	0.00124026	31282.7	257173	44540	64379.2	676.705	1512.2	255.339	189.933	21.2994	8323.02	1291.88	566.039	43092.1	3649.25	6129.58	115.848	68.4837	10.9706	28.7536	109.009	132.26	22.9467	0.13226
setup	0	2007-07-21 23:00:00	0	1.02715	5.14868	0.024604	0	0.00540759	0.00182668	0.00158561	0.000724336	0.00051468	4.78531e-06	0	0	0	5.2501	1.47436	0.0933432	0.0332726	0.0136257	0.0116819	0.803636	0.815826	0.0221654	0.00123979	31273.9	257174	44542.4	64379.5	676.339	1507.62	256.086	191.046	21.3246	8328.18	1291.98	565.963	43092.3	3649.52	6129.61	115.837	68.2433	11.0154	28.9008	109.267	132.352	22.9486	0.132495
setup	0	2007-07-22 23:00:00	0	1.03925	5.06524	0.00414164	0	0.00540491	0.0015129	0.00157039	0.000687136	0.000480643	4.78362e-06	0	0	0	5.24644	1.4714	0.0932788	0.0308186	0.0136263	0.010112	0.794799	0.806988	0.021779	0.00124063	31265	257175	44544.9	64379.9	675.92	1503.07	256.875	192.218	21.3564	8333.34	1292.08	565.889	43092.6	3649.79	6129.64	115.817	68.0015	11.0623	29.0541	109.527	132.444	22.9504	0.132343
setup	0	2007-07-23 23:00:00	0	1.03489	4.91032	0.00990078	0	0.00540344	0.00127906	0.00154792	0.000641526	0.000439596	4.81428e-06	0	0	0	5.24278	1.46845	0.0932144	0.0324487	0.013626	0.0112042	0.777917	0.791911	0.0212576	0.00123631	31256.1	257176	44547.5	64380.3	675.443	1498.53	257.785	193.405	21.3889	8338.5	1292.18	565.814	43092.9	3650.06	6129.66	115.786	67.7624	11.1151	29.2087	109.784	132.536	22.9522	0.13258
setup	0	2007-07-24 23:00:00	0	1.04075	5.10325	0.00794572	0	0.00540273	0.00126926	0.00155997	0.000675524	0.000484572	4.86192e-06	0	0	0	5.2391	1.4655	0.0931499	0.0313909	0.0136286	0.0100654	0.797364	0.806174	0.0217184	0.0012361	31247.3	257177	44549.9	64380.9	675.14	1494.03	258.434	194.563	21.3641	8343.65	1292.29	565.739	43093.2	3650.32	6129.73	115.765	67.5235	11.1547	29.3712	110.039	132.628	22.954	0.132186
setup	0	2007-07-25 23:00:00	0	1.01846	5.74561	0.00989357	0	0.00540145	0.0015351	0.0016333	0.000851978	0.000695845	4.90935e-06	0	0	0	5.23544	1.46255	0.0930852	0.0326281	0.0136379	0.00769299	0.86061	0.855212	0.0227731	0.00122975	31238.4	257178	44551.6	64382	675.478	1489.55	258.46	195.278	21.2429	8348.78	1292.39	565.665	43093.4	3650.59	6129.93	115.801	67.2869	11.1629	29.5193	110.29	132.719	22.9558	0.131975
setup	0	2007-07-26 23:00:00	0	1.03078	7.5406	0.0272271	0	0.00539996	0.00149793	0.00194934	0.00161912	0.00147758	4.93858e-06	0	0	0	5.23178	1.45961	0.0930207	0.0354859	0.0136757	0.0128817	1.02256	0.978332	0.026227	0.00124359	31229.7	257176	44551.5	64383.5	677.721	1485.07	257.052	194.243	20.9604	8353.86	1292.49	565.59	43093.7	3650.84	6130.4	116.062	67.0535	11.0987	29.5336	110.535	132.81	22.9576	0.132533
setup	0	2007-07-27 23:00:00	0	1.0416	9.758	0.00399356	0	0.00539785	0.00158876	0.00270325	0.00357341	0.00387634	4.90372e-06	0	0	0	5.22816	1.45669	0.0929562	0.0294133	0.0138086	0.00794752	1.17568	1.07777	0.0294431	0.00125529	31220.8	257173	44549.2	64383	681.725	1480.69	254.068	191.084	20.8009	8358.8	1292.58	565.515	43094	3651.08	6130.9	116.616	66.8161	10.955	29.3339	110.806	132.898	22.9593	0.133144
setup	0	2007-07-28 23:00:00	0	1.02002	12.8887	0.00841648	0	0.00539739	0.00132279	0.0028065	0.00430638	0.00540329	4.83106e-06	0	0	0	5.22449	1.45376	0.0928924	0.0345528	0.0142192	0.00849091	1.46475	1.31441	0.0396363	0.00126326	31212	257166	44543.1	64385.8	688.066	1476.13	249.715	184.794	20.2828	8363.76	1292.67	565.441	43094.2	3651.04	6132.19	117.552	66.5803	10.741	28.8114	111.104	132.987	22.9607	0.134833
setup	0	2007-07-29 23:00:00	0	1.05057	14.0688	0.00822507	0	0.0053974	0.00162848	0.00286431	0.00483271	0.0070007	4.68093e-06	0	0	0	5.22083	1.45084	0.0928278	0.0341626	0.0143461	0.0142343	1.62888	1.46899	0.0534369	0.00132067	31203.2	257158	44535	64384.2	694.13	1471.38	244.81	178.421	19.9847	8368.69	1292.74	565.366	43094.4	3650.53	6133.05	118.609	66.3408	10.4974	28.1477	111.461	133.075	22.9619	0.138082
setup	0	2007-07-30 23:00:00	0	1.05502	13.8486	0.0098877	0	0.00539789	0.00108145	0.00334071	0.00591559	0.00798951	4.44096e-06	0	0	0	5.21719	1.44793	0.0927634	0.0273518	0.0140175	0.0079595	1.72567	1.59496	0.0693784	0.00141612	31194.2	257150	44526.4	64382.6	699.547	1466.46	240.633	172.426	19.6277	8373.62	1292.79	565.292	43094.6	3649.6	6133.84	119.613	66.0915	10.2885	27.4706	111.851	133.163	22.963	0.139397
setup	0	2007-07-31 23:00:00	0	1.05921	13.5365	0.0102751	0	0.00539627	0.00166891	0.00435004	0.00748069	0.00799805	4.16255e-06	0	0	0	5.21349	1.44502	0.0926993	0.0342039	0.013633	0.0226702	1.76119	1.65135	0.0775763	0.00155854	31185.3	257143	44518.7	64378.7	704.422	1461.46	236.971	166.933	19.3781	8378.56	1292.84	565.218	43094.8	3648.76	6134.24	120.62	65.8479	10.1046	26.8549	112.203	133.251	22.9639	0.138582
setup	0	2007-08-01 23:00:00	0	1.11907	12.9514	0.0109419	0	0.00539453	0.00159412	0.00454952	0.00764676	0.0076892	3.91091e-06	0	0	0	5.20983	1.44213	0.0926342	0.0272654	0.0136304	0.0240889	1.73241	1.64707	0.0781986	0.0016991	31176.5	257136	44512.6	64374.3	708.83	1456.46	233.713	161.898	19.289	8383.49	1292.89	565.145	43095.1	3648.3	6134.45	121.591	65.5981	9.94085	26.2393	112.58	133.34	22.9648	0.137979
setup	0	2007-08-02 23:00:00	0	1.1902	12.3618	0.0113479	0	0.00539287	0.00152991	0.00460189	0.00755171	0.00726269	3.71831e-06	0	0	0	5.20618	1.43925	0.0925698	0.0272226	0.013631	0.0391336	1.70316	1.63113	0.0756276	0.00178994	31167.8	257129	44507.7	64370.1	712.524	1451.49	230.715	157.771	19.2735	8388.43	1292.95	565.071	43095.3	3648.05	6134.59	122.426	65.3496	9.79015	25.7036	112.962	133.428	22.9657	0.137554
setup	0	2007-08-03 23:00:00	0	1.32866	11.8937	0.0115165	0	0.00539155	0.00148678	0.00445895	0.00727888	0.00712443	3.59497e-06	0	0	0	5.20255	1.43639	0.0925055	0.0271799	0.0136723	0.0531052	1.68022	1.62163	0.0737589	0.0018428	31159.1	257123	44503.4	64366.7	715.566	1446.55	227.948	154.466	19.264	8393.36	1293	564.998	43095.4	3647.93	6134.77	123.119	65.1024	9.65107	25.2617	113.343	133.516	22.9666	0.137726
setup	0	2007-08-04 23:00:00	0	1.50238	11.569	0.0115167	0	0.00539023	0.00145965	0.00445967	0.0072618	0.00704624	3.50217e-06	0	0	0	5.19892	1.43353	0.0924416	0.0271373	0.0136718	0.0702112	1.65724	1.61273	0.0731229	0.00186297	31150.3	257118	44499.4	64363.9	718.141	1441.63	225.435	151.671	19.2303	8398.28	1293.05	564.925	43095.6	3647.82	6134.99	123.729	64.8563	9.52462	24.8842	113.714	133.604	22.9676	0.137817
setup	0	2007-08-05 23:00:00	0	1.72995	11.3709	0.0114585	0	0.00538889	0.00143314	0.00451354	0.00734547	0.00701949	3.42382e-06	0	0	0	5.1953	1.43066	0.0923777	0.0270949	0.0136685	0.0912516	1.64709	1.61282	0.073426	0.00187204	31141.6	257112	44495.5	64361.2	720.393	1436.72	223.118	149.165	19.2051	8403.21	1293.1	564.852	43095.8	3647.69	6135.19	124.286	64.6109	9.40788	24.5432	114.07	133.692	22.9685	0.137931
setup	0	2007-08-06 23:00:00	0	1.99714	11.055	0.011386	0	0.00538744	0.0014075	0.0045526	0.00732653	0.00677052	3.34515e-06	0	0	0	5.19168	1.42777	0.0923139	0.0270527	0.0136519	0.107801	1.63381	1.60402	0.0726638	0.00186828	31132.9	257107	44491.8	64358.5	722.36	1431.84	221.051	146.888	19.2272	8408.13	1293.16	564.779	43095.9	3647.56	6135.35	124.769	64.3667	9.30371	24.2313	114.439	133.78	22.9694	0.137842
setup	0	2007-08-07 23:00:00	0	2.30135	10.9724	0.0112882	0	0.00538632	0.00138849	0.00435582	0.00717987	0.00697063	3.27922e-06	0	0	0	5.18807	1.42484	0.0922502	0.0270108	0.0137469	0.133135	1.62695	1.6057	0.0739864	0.00187066	31124.3	257102	44488.2	64356.6	724.108	1426.96	219.116	144.819	19.1986	8413.05	1293.21	564.708	43096	3647.41	6135.59	125.228	64.1233	9.20593	23.9481	114.772	133.868	22.9704	0.138484
setup	0	2007-08-08 23:00:00	0	2.56079	10.5185	0.011109	0	0.0053851	0.00137395	0.00431463	0.00712932	0.00674052	3.20864e-06	0	0	0	5.18449	1.42186	0.0921866	0.0269694	0.0137211	0.116101	1.59231	1.58781	0.0751513	0.00184295	31115.5	257098	44484.8	64355	725.705	1422.09	217.665	142.684	19.1792	8417.99	1293.26	564.636	43096.2	3647.2	6135.82	125.642	63.8808	9.1325	23.6531	115.141	133.957	22.9713	0.13864
setup	0	2007-08-09 23:00:00	0	2.83079	10.8016	0.0110466	0	0.00538341	0.00135414	0.00477453	0.00789965	0.00701677	3.11773e-06	0	0	0	5.18091	1.41872	0.0921235	0.0269285	0.0136353	0.16657	1.63727	1.62022	0.0766632	0.00185666	31107	257093	44481	64352.3	727.192	1417.24	215.962	140.732	19.1921	8422.9	1293.31	564.567	43096.2	3646.97	6135.9	126.048	63.639	9.04616	23.3815	115.467	134.044	22.9722	0.138558
setup	0	2007-08-10 23:00:00	0	3.21482	10.4167	0.0107899	0	0.00538169	0.00134534	0.00468332	0.0075144	0.00640684	3.02622e-06	0	0	0	5.17739	1.41554	0.0920604	0.0268887	0.013636	0.160364	1.59327	1.5864	0.0730251	0.00186862	31098	257088	44477.9	64349.4	728.399	1412.43	214.438	139.05	19.3241	8427.82	1293.37	564.494	43096.3	3646.85	6135.94	126.412	63.3988	8.96906	23.1389	115.804	134.132	22.9732	0.138486
setup	0	2007-08-11 23:00:00	0	3.43465	9.80503	0.010606	0	0.00537984	0.00133217	0.00448588	0.00686357	0.00557434	2.95127e-06	0	0	0	5.17381	1.41219	0.0920126	0.0268512	0.0136278	0.182021	1.52281	1.52298	0.0668762	0.00182713	31089.1	257084	44475.6	64346.7	729.262	1407.7	213.146	137.847	19.5016	8432.74	1293.42	564.423	43096.4	3646.83	6135.92	126.685	63.1609	8.90414	22.9671	116.121	134.22	22.9742	0.137798
setup	0	2007-08-12 23:00:00	0	3.81262	9.61858	0.010548	0	0.00537795	0.00130835	0.00440568	0.00654217	0.00528941	2.91668e-06	0	0	0	5.17026	1.40868	0.0919676	0.0268149	0.0136268	0.232379	1.49231	1.48537	0.0613601	0.00179613	31080.2	257080	44473.4	64344.2	729.845	1403.05	211.682	137.201	19.7231	8437.64	1293.49	564.352	43096.4	3646.88	6135.88	126.901	62.9254	8.83112	22.88	116.375	134.308	22.9753	0.137646
setup	0	2007-08-13 23:00:00	0	4.21242	8.99391	0.0103486	0	0.00537608	0.00128492	0.00390735	0.00508373	0.00366401	2.90324e-06	0	0	0	5.16673	1.4051	0.0919226	0.026779	0.0136262	0.227232	1.43377	1.45434	0.0556458	0.00174958	31070.9	257077	44471.7	64346.4	729.667	1398.39	210.826	137.275	19.8126	8442.57	1293.55	564.281	43096.5	3646.89	6136.39	126.99	62.6903	8.78848	22.8713	116.639	134.396	22.9764	0.136828
setup	0	2007-08-14 23:00:00	0	4.49051	8.03102	0.0102962	0	0.00537418	0.0012426	0.00335469	0.00376565	0.00264987	2.94678e-06	0	0	0	5.16317	1.40129	0.0918777	0.0267429	0.0136284	0.275326	1.34287	1.36635	0.0512877	0.00169386	31061.6	257075	44470.7	64345.6	728.749	1393.76	210.559	137.995	20.0624	8447.53	1293.61	564.212	43096.4	3646.84	6136.39	126.943	62.4565	8.77581	22.9307	116.877	134.485	22.9775	0.136197
setup	0	2007-08-15 23:00:00	0	4.9207	7.22611	0.0102829	0	0.00537225	0.00119208	0.00301031	0.0029826	0.00198301	3.09713e-06	0	0	0	5.15962	1.39731	0.0918327	0.0267081	0.0136276	0.25905	1.241	1.27747	0.0453587	0.00166373	31052.1	257073	44470.6	64344.9	727.298	1389.19	210.616	139.337	20.4382	8452.5	1293.68	564.142	43096.4	3646.9	6136.33	126.812	62.225	8.77994	23.0658	117.114	134.574	22.9788	0.136193
setup	0	2007-08-16 23:00:00	0	5.18527	6.39878	0.0101764	0	0.00537039	0.00113068	0.00269412	0.00225488	0.00137811	3.35298e-06	0	0	0	5.15608	1.39309	0.0917878	0.0266729	0.0136269	0.231576	1.12594	1.16777	0.0383454	0.00162896	31042.2	257073	44471.4	64344.7	725.484	1384.71	211.016	141.119	20.9095	8457.49	1293.76	564.074	43096.5	3647.05	6136.28	126.615	61.9959	8.80208	23.2553	117.36	134.663	22.9801	0.136362
setup	0	2007-08-17 23:00:00	0	5.31688	6.652	0.0102131	0	0.00536871	0.00104023	0.00260655	0.00215884	0.00143449	3.73428e-06	0	0	0	5.15249	1.38851	0.0917429	0.0266389	0.0136601	0.198473	1.13243	1.15554	0.0352813	0.00158243	31031.8	257072	44472	64345.9	724.086	1380.33	211.074	142.803	21.1539	8462.46	1293.83	564.007	43096.6	3647.26	6136.46	126.435	61.7694	8.80749	23.4783	117.605	134.752	22.9815	0.136343
setup	0	2007-08-18 23:00:00	0	5.16549	7.17623	0.0104988	0	0.00536697	0.000936673	0.0026208	0.00237811	0.00177012	4.19194e-06	0	0	0	5.14887	1.38359	0.0916981	0.0266057	0.0137033	0.201844	1.16489	1.16926	0.0343882	0.00151419	31021.3	257070	44471.9	64347.8	723.424	1376	210.797	143.81	21.2146	8467.41	1293.91	563.939	43096.6	3647.43	6136.83	126.344	61.5444	8.79621	23.6471	117.827	134.84	22.9829	0.135993
setup	0	2007-08-19 23:00:00	0	5.0501	6.70306	0.0108689	0	0.00536476	0.000824663	0.00241472	0.00203347	0.00147608	4.61226e-06	0	0	0	5.14525	1.37859	0.0916533	0.0265719	0.0136557	0.228996	1.09914	1.11227	0.0320081	0.00144789	31011.3	257069	44472	64349.1	722.568	1371.71	210.799	144.911	21.37	8472.38	1294	563.872	43096.6	3647.56	6137.03	126.245	61.321	8.79928	23.7947	118.025	134.929	22.9844	0.135579
setup	0	2007-08-20 23:00:00	0	5.02028	6.60542	0.0109678	0	0.00536241	0.000733627	0.00230868	0.00189956	0.00139545	4.91207e-06	0	0	0	5.14168	1.37381	0.0916085	0.0265387	0.0136606	0.179571	1.07811	1.09325	0.0308657	0.00140509	31001.4	257068	44472.3	64350.5	721.772	1367.45	210.816	145.984	21.4957	8477.34	1294.08	563.804	43096.7	3647.7	6137.29	126.151	61.099	8.80329	23.9436	118.26	135.018	22.9859	0.1355
setup	0	2007-08-21 23:00:00	0	4.85043	5.88278	0.0108615	0	0.00535974	0.000670169	0.00209347	0.00147267	0.00100247	5.08648e-06	0	0	0	5.13813	1.36913	0.0915637	0.0265048	0.0136355	0.170917	0.985989	1.01041	0.0280746	0.00136574	30991.5	257068	44473.2	64351.3	720.541	1363.24	211.235	147.439	21.7274	8482.32	1294.17	563.737	43096.8	3647.86	6137.39	126.016	60.8786	8.82787	24.1159	118.487	135.107	22.9875	0.13525
setup	0	2007-08-22 23:00:00	0	4.80323	5.23922	0.0107005	0	0.00535681	0.000623044	0.00192074	0.00113754	0.000698049	5.19333e-06	0	0	0	5.13459	1.36452	0.091519	0.0264713	0.0136295	0.180544	0.908177	0.936323	0.0254038	0.00134044	30981.8	257068	44474.9	64351.9	718.993	1359.07	212.018	149.183	22.0096	8487.33	1294.26	563.67	43096.9	3648.05	6137.39	125.831	60.6597	8.87111	24.3147	118.694	135.196	22.9892	0.135395
setup	0	2007-08-23 23:00:00	0	4.78664	4.69409	0.0104085	0	0.00535379	0.000575022	0.00179162	0.000899637	0.000491781	5.28788e-06	0	0	0	5.13105	1.36006	0.0914743	0.0264379	0.0136277	0.15466	0.834457	0.867694	0.0227567	0.00131805	30972	257069	44477.1	64352.6	717.328	1354.95	213.117	151.009	22.3038	8492.35	1294.36	563.602	43097	3648.26	6137.36	125.621	60.4426	8.93067	24.5222	118.915	135.286	22.9909	0.135268
setup	0	2007-08-24 23:00:00	0	4.66158	4.23104	0.0103083	0	0.00535075	0.000485486	0.0016868	0.000731208	0.000353063	5.40665e-06	0	0	0	5.12749	1.35561	0.0914296	0.0264041	0.0136257	0.136663	0.764413	0.798326	0.02025	0.00128931	30962.1	257070	44479.6	64353.5	715.663	1350.88	214.472	152.807	22.5937	8497.39	1294.46	563.534	43097.1	3648.47	6137.32	125.404	60.2274	9.00355	24.7267	119.136	135.376	22.9927	0.135086
setup	0	2007-08-25 23:00:00	0	4.51157	3.88861	0.0102638	0	0.00534746	0.00037807	0.00160211	0.000620618	0.000267385	5.56887e-06	0	0	0	5.12391	1.3512	0.091385	0.0263707	0.0136264	0.127122	0.711058	0.742672	0.0183673	0.00125895	30952.3	257072	44482.5	64354.6	714.05	1346.87	216.023	154.539	22.8474	8502.44	1294.56	563.467	43097.2	3648.69	6137.26	125.186	60.014	9.08663	24.9251	119.352	135.466	22.9945	0.134981
setup	0	2007-08-26 23:00:00	0	4.3698	3.64034	0.0101857	0	0.00534386	0.000258344	0.00153736	0.000548018	0.000213603	5.74204e-06	0	0	0	5.12033	1.34686	0.0913404	0.0263373	0.0136268	0.109211	0.670313	0.699201	0.0168939	0.00123296	30942.6	257074	44485.6	64355.7	712.487	1342.89	217.706	156.212	23.0717	8507.49	1294.67	563.4	43097.4	3648.9	6137.21	124.969	59.802	9.17661	25.1177	119.573	135.556	22.9964	0.134875
setup	0	2007-08-27 23:00:00	0	4.19381	3.44069	0.0101302	0	0.00533982	0.000119595	0.00148394	0.000497193	0.000178367	5.9234e-06	0	0	0	5.11676	1.3426	0.0912958	0.026304	0.0136256	0.110408	0.637683	0.662017	0.0157172	0.00120795	30932.9	257076	44488.8	64356.9	710.985	1338.96	219.498	157.81	23.2635	8512.55	1294.78	563.332	43097.5	3649.12	6137.14	124.754	59.5915	9.27229	25.3041	119.781	135.647	22.9984	0.134812
setup	0	2007-08-28 23:00:00	0	4.09062	3.73357	0.010009	0	0.00533534	3.02523e-05	0.00147176	0.000512739	0.000214303	6.08561e-06	0	0	0	5.11319	1.33842	0.0912513	0.0262705	0.0136452	0.104626	0.669884	0.689731	0.0158922	0.00119858	30923.4	257077	44491.8	64359	709.605	1335.07	220.895	159.657	23.2623	8517.59	1294.89	563.264	43097.7	3649.33	6137.23	124.535	59.3823	9.34809	25.5285	119.984	135.737	23.0004	0.134831
setup	0	2007-08-29 23:00:00	0	3.95249	3.65031	0.00985355	0	0.00533031	1.55152e-05	0.00144895	0.000483189	0.000201722	6.19342e-06	0	0	0	5.10963	1.33435	0.0912068	0.0262369	0.0136353	0.107615	0.657017	0.671202	0.0151691	0.00118895	30913.8	257079	44494.8	64360.9	708.253	1331.2	222.315	161.397	23.3419	8522.62	1295	563.196	43097.8	3649.54	6137.28	124.32	59.1741	9.42505	25.7441	120.181	135.827	23.0023	0.134559
setup	0	2007-08-30 23:00:00	0	3.82835	3.37727	0.00977639	0	0.0053248	1.60488e-05	0.00141428	0.000441624	0.000162473	6.25744e-06	0	0	0	5.10604	1.33035	0.0911623	0.026203	0.0136267	0.107422	0.619513	0.633131	0.0141372	0.00117541	30904.3	257081	44498	64362.3	706.882	1327.34	223.991	162.966	23.4763	8527.67	1295.11	563.127	43098	3649.75	6137.24	124.106	58.9668	9.51493	25.9373	120.377	135.917	23.0043	0.134545
setup	0	2007-08-31 23:00:00	0	3.6962	3.21684	0.00982933	0	0.00531874	1.65328e-05	0.0013951	0.000413278	0.000142072	6.28211e-06	0	0	0	5.10247	1.32645	0.0911178	0.026169	0.0136259	0.0978656	0.661047	0.671035	0.0134071	0.00116226	30894.8	257083	44501.4	64363.7	705.538	1323.51	225.788	164.444	23.5424	8532.73	1295.22	563.059	43098.1	3649.96	6137.18	123.756	58.7606	9.61102	26.1411	120.589	136.008	23.0063	0.134464
setup	0	2007-09-01 23:00:00	0	3.57355	3.10457	0.00989375	0	0.0053119	1.71429e-05	0.00136317	0.000398454	0.000128796	6.3419e-06	0	0	0	5.0989	1.32263	0.0910734	0.0261347	0.0136258	0.0982479	0.556375	0.572093	0.0127865	0.00114979	30885.5	257086	44504.8	64364.9	704.221	1319.7	227.658	165.856	23.6041	8537.78	1295.34	562.989	43098.3	3650.17	6137.1	123.58	58.5554	9.71081	26.3149	120.746	136.098	23.0084	0.134444
setup	0	2007-09-02 23:00:00	0	3.48597	3.02999	0.009808	0	0.0053043	1.79797e-05	0.00135318	0.000386059	0.000120177	6.4601e-06	0	0	0	5.09533	1.31889	0.091029	0.0261003	0.0136261	0.0925474	0.556763	0.570593	0.0122189	0.00114714	30876.1	257088	44508.3	64366.2	702.927	1315.91	229.573	167.225	23.6527	8542.84	1295.45	562.92	43098.4	3650.38	6137.02	123.378	58.3512	9.81281	26.4808	120.936	136.188	23.0104	0.134576
setup	0	2007-09-03 23:00:00	0	3.32645	2.95662	0.0096284	0	0.00529558	1.89702e-05	0.00133522	0.00035815	0.000114307	6.59579e-06	0	0	0	5.09175	1.31521	0.0909846	0.0260657	0.013626	0.0915821	0.545501	0.557501	0.0116778	0.00113385	30866.7	257090	44511.8	64367.4	701.66	1312.14	231.516	168.556	23.6966	8547.9	1295.57	562.85	43098.6	3650.58	6136.92	123.176	58.148	9.91629	26.6454	121.122	136.279	23.0125	0.1344
setup	0	2007-09-04 23:00:00	0	3.185	2.89659	0.00948364	0	0.00528563	2.01327e-05	0.00131394	0.00034751	0.000109916	6.7841e-06	0	0	0	5.08815	1.3116	0.0909403	0.026031	0.0136259	0.0945842	0.536354	0.545852	0.0111811	0.00111556	30857.5	257093	44515.4	64368.6	700.42	1308.39	233.473	169.855	23.7338	8552.95	1295.68	562.781	43098.7	3650.79	6136.82	122.973	57.9458	10.0205	26.8089	121.3	136.369	23.0145	0.13442
setup	0	2007-09-05 23:00:00	0	3.1156	2.86084	0.00931492	0	0.00527415	2.14002e-05	0.00130124	0.000346059	0.000106369	6.95086e-06	0	0	0	5.08459	1.30808	0.090896	0.0259961	0.0136257	0.0839795	0.528479	0.537322	0.0107072	0.00110657	30848.4	257095	44519	64369.8	699.196	1304.66	235.431	171.131	23.7645	8558	1295.8	562.71	43098.9	3651	6136.72	122.771	57.7446	10.1247	26.9715	121.485	136.46	23.0166	0.134422
setup	0	2007-09-06 23:00:00	0	3.02565	2.83416	0.00888656	0	0.0052607	2.27848e-05	0.00129392	0.00033721	0.000103496	7.0606e-06	0	0	0	5.08104	1.30463	0.0908517	0.025961	0.0136258	0.0858844	0.52222	0.529094	0.0102286	0.00110284	30839.3	257097	44522.5	64370.9	697.98	1300.94	237.382	172.393	23.7955	8563.05	1295.92	562.64	43099	3651.2	6136.61	122.569	57.5442	10.2285	27.1339	121.665	136.55	23.0187	0.134623
setup	0	2007-09-07 23:00:00	0	2.96883	2.81476	0.00839174	0	0.00524489	2.42366e-05	0.00128905	0.000329142	0.000101117	7.18295e-06	0	0	0	5.07747	1.30123	0.0908075	0.0259257	0.0136264	0.0840807	0.517692	0.523019	0.00976973	0.0011013	30830.1	257100	44526.1	64372	696.77	1297.25	239.32	173.647	23.8249	8568.1	1296.03	562.569	43099.2	3651.41	6136.5	122.366	57.3446	10.3315	27.2962	121.844	136.64	23.0208	0.134706
setup	0	2007-09-08 23:00:00	0	2.89067	2.79899	0.00794011	0	0.00522655	2.57663e-05	0.00128241	0.000312905	9.93205e-05	7.33696e-06	0	0	0	5.07389	1.29788	0.0907632	0.0258904	0.0136286	0.0880293	0.514318	0.518147	0.00933956	0.0010969	30820.9	257102	44529.7	64373	695.565	1293.56	241.234	174.903	23.8556	8573.15	1296.15	562.498	43099.3	3651.61	6136.38	122.161	57.1458	10.4333	27.4593	122.019	136.731	23.0229	0.134649
setup	0	2007-09-09 23:00:00	0	2.81115	4.1	0.00778043	0	0.00520822	2.73783e-05	0.00133911	0.000388343	0.000240636	7.53748e-06	0	0	0	5.07029	1.29458	0.090719	0.0258549	0.0137407	0.0892498	0.696764	0.691388	0.0125901	0.00109872	30811.8	257103	44531.9	64376.8	694.862	1289.93	241.443	176.928	23.4231	8578.12	1296.26	562.427	43099.5	3651.81	6136.76	121.914	56.9483	10.4488	27.7597	122.205	136.82	23.025	0.134234
setup	0	2007-09-10 23:00:00	0	2.72801	4.37021	0.00701477	0	0.00519355	2.8755e-05	0.00137013	0.000482659	0.0003563	7.6847e-06	0	0	0	5.0667	1.29133	0.0906749	0.0258194	0.0136793	0.100358	0.697382	0.683505	0.0120636	0.00108335	30802.8	257104	44533.8	64380	694.431	1286.3	241.336	178.489	23.3139	8583.08	1296.38	562.356	43099.6	3652.01	6137.1	121.77	56.7512	10.4482	28.007	122.352	136.909	23.027	0.134401
setup	0	2007-09-11 23:00:00	0	2.7761	4.28793	0.00652388	0	0.00518044	2.97981e-05	0.00135887	0.000479606	0.000338461	7.59538e-06	0	0	0	5.06315	1.28816	0.0906308	0.0257837	0.0136553	0.107764	0.671578	0.659816	0.0112797	0.00108176	30794.1	257105	44535.8	64382.6	693.896	1282.67	241.327	180.036	23.2808	8588.04	1296.49	562.285	43099.7	3652.2	6137.34	121.657	56.5547	10.4523	28.2191	122.491	136.998	23.029	0.134514
setup	0	2007-09-12 23:00:00	0	2.86372	4.6425	0.00573749	0	0.00516721	3.06317e-05	0.00139596	0.000536587	0.000408242	7.29662e-06	0	0	0	5.05963	1.28506	0.0905867	0.0257478	0.0136704	0.105693	0.71489	0.692372	0.0115637	0.0010957	30785.2	257105	44537.4	64385.2	693.632	1279.05	240.98	181.438	23.1972	8592.99	1296.6	562.213	43099.9	3652.39	6137.64	121.555	56.3588	10.4392	28.4194	122.651	137.087	23.031	0.134517
setup	0	2007-09-13 23:00:00	0	2.81058	6.19847	0.00643907	0	0.00515491	3.14075e-05	0.00158862	0.000968142	0.000911545	6.96459e-06	0	0	0	5.05607	1.28195	0.0905426	0.0257118	0.0137689	0.0984475	0.870085	0.821326	0.0138779	0.00108897	30776.2	257104	44537.5	64388.3	694.965	1275.43	239.403	181.476	22.9085	8597.89	1296.71	562.141	43100	3652.57	6138.2	121.616	56.1632	10.3637	28.5298	122.827	137.175	23.033	0.133917
setup	0	2007-09-14 23:00:00	0	2.76365	7.60396	0.00468048	0	0.00514505	3.18607e-05	0.00201203	0.00210094	0.00208433	6.67584e-06	0	0	0	5.05249	1.27882	0.0904986	0.0256758	0.0137836	0.118364	0.95514	0.878435	0.0159996	0.0010752	30767.6	257102	44536.1	64390	697.769	1271.9	236.817	179.931	22.6148	8602.7	1296.82	562.07	43100.1	3652.75	6138.73	121.908	55.9696	10.237	28.481	122.977	137.261	23.0349	0.134279
setup	0	2007-09-15 23:00:00	0	2.85672	6.66729	0.00479436	0	0.00513645	3.22848e-05	0.00168039	0.00118321	0.00111442	6.3598e-06	0	0	0	5.04901	1.27578	0.0904545	0.0256401	0.0136631	0.116771	0.902721	0.858929	0.0147237	0.00107652	30759.2	257100	44535.7	64391.9	699.289	1268.26	234.964	179.491	22.5952	8607.58	1296.92	561.998	43100.2	3652.93	6139.18	122.086	55.7743	10.1469	28.4629	123.169	137.349	23.0367	0.134499
setup	0	2007-09-16 23:00:00	0	2.94434	6.10473	0.00344961	0	0.00512759	3.23474e-05	0.00157079	0.000911426	0.000848064	6.00799e-06	0	0	0	5.04555	1.27277	0.0904106	0.0256041	0.0136601	0.121481	0.853308	0.828335	0.0148107	0.00108546	30750.7	257099	44535.8	64393.3	699.942	1264.61	233.58	179.92	22.5679	8612.47	1297.03	561.926	43100.3	3653.1	6139.51	122.173	55.5795	10.0802	28.5394	123.325	137.437	23.0386	0.134365
setup	0	2007-09-17 23:00:00	0	3.05581	5.50371	0.0034853	0	0.00511828	3.29919e-05	0.00149862	0.000723309	0.000644412	5.70417e-06	0	0	0	5.04208	1.26976	0.0903666	0.0255681	0.0136484	0.125045	0.795578	0.785998	0.0141645	0.00109734	30742	257099	44536.5	64394.7	699.959	1260.96	232.696	180.877	22.6049	8617.37	1297.13	561.855	43100.4	3653.28	6139.75	122.188	55.3854	10.0388	28.6673	123.467	137.525	23.0405	0.134303
setup	0	2007-09-18 23:00:00	0	3.12824	4.23729	0.00331471	0	0.00510571	3.24675e-05	0.00136632	0.000419012	0.000315488	5.5202e-06	0	0	0	5.03858	1.26674	0.0903227	0.0255323	0.0136259	0.118271	0.663893	0.67796	0.0118867	0.00109479	30733.3	257100	44538.4	64395.8	699.087	1257.33	232.967	182.291	22.8014	8622.32	1297.24	561.783	43100.5	3653.47	6139.81	122.102	55.1924	10.0559	28.8249	123.61	137.614	23.0424	0.134135
setup	0	2007-09-19 23:00:00	0	3.12839	3.59596	0.00265819	0	0.00508895	3.24136e-05	0.00130241	0.000302328	0.000198162	5.4966e-06	0	0	0	5.03505	1.26368	0.0902788	0.0254965	0.0136256	0.10896	0.599268	0.615427	0.0103348	0.00108304	30724.4	257101	44541	64397	698.03	1253.74	233.849	183.7	22.9685	8627.29	1297.35	561.712	43100.6	3653.66	6139.82	121.959	55.0009	10.1042	28.9829	123.774	137.703	23.0444	0.134146
setup	0	2007-09-20 23:00:00	0	3.10923	3.23955	0.00357122	0	0.00506787	3.27703e-05	0.00126461	0.000255232	0.000146345	5.61326e-06	0	0	0	5.03152	1.2606	0.0902349	0.025461	0.0136268	0.103094	0.552947	0.571183	0.00923506	0.00107027	30715.6	257103	44543.9	64398.3	696.94	1250.19	235.07	185.028	23.1045	8632.27	1297.46	561.641	43100.8	3653.85	6139.79	121.805	54.8107	10.1698	29.134	123.935	137.793	23.0465	0.134008
setup	0	2007-09-21 23:00:00	0	3.08915	3.00837	0.00303359	0	0.00503916	3.3244e-05	0.00123937	0.000231851	0.000119206	5.83971e-06	0	0	0	5.028	1.25753	0.0901911	0.0254257	0.0136256	0.0861954	0.520719	0.537676	0.00827366	0.00105885	30706.8	257105	44547	64399.5	695.86	1246.66	236.509	186.26	23.2214	8637.26	1297.58	561.57	43100.9	3654.04	6139.75	121.649	54.6216	10.2465	29.2771	124.106	137.882	23.0486	0.133996
setup	0	2007-09-22 23:00:00	0	3.0115	2.87159	0.00267164	0	0.00500241	3.3929e-05	0.00122047	0.000217491	0.000105857	6.14214e-06	0	0	0	5.02447	1.25445	0.0901473	0.0253905	0.0136256	0.0829921	0.500621	0.51443	0.00753831	0.00104728	30698	257107	44550.2	64400.7	694.795	1243.15	238.077	187.423	23.3167	8642.25	1297.7	561.5	43101.1	3654.24	6139.69	121.49	54.4335	10.3298	29.4145	124.273	137.972	23.0506	0.134188
setup	0	2007-09-23 23:00:00	0	2.96521	2.7889	0.00226714	0	0.00495102	3.4777e-05	0.00120949	0.00021362	9.84367e-05	6.50336e-06	0	0	0	5.02094	1.25137	0.0901035	0.0253555	0.0136256	0.0725353	0.487213	0.498289	0.00688246	0.00104009	30689.1	257109	44553.4	64401.8	693.74	1239.65	239.717	188.538	23.3969	8647.24	1297.81	561.429	43101.2	3654.43	6139.62	121.33	54.2462	10.4167	29.5481	124.447	138.061	23.0528	0.13457
setup	0	2007-09-24 23:00:00	0	2.90364	2.74576	0.00182746	0	0.00488027	3.57753e-05	0.00120602	0.000208937	9.41995e-05	6.88369e-06	0	0	0	5.01741	1.2483	0.0900598	0.0253206	0.0136256	0.0690253	0.478948	0.485972	0.00626479	0.00103803	30680.2	257111	44556.7	64402.8	692.679	1236.17	241.382	189.634	23.4738	8652.23	1297.93	561.359	43101.4	3654.63	6139.54	121.168	54.0596	10.5048	29.6799	124.622	138.151	23.0549	0.134917
setup	0	2007-09-25 23:00:00	0	2.83547	2.72228	0.00157947	0	0.00479314	3.68613e-05	0.0012022	0.000198295	9.16859e-05	7.32919e-06	0	0	0	5.01386	1.24526	0.0900161	0.0252857	0.0136261	0.0679425	0.474222	0.477495	0.00569211	0.00103387	30671.2	257113	44560	64403.7	691.615	1232.7	243.044	190.732	23.5444	8657.21	1298.05	561.288	43101.5	3654.82	6139.44	121.003	53.8738	10.5927	29.812	124.795	138.24	23.057	0.135232
setup	0	2007-09-26 23:00:00	0	2.73627	2.7004	0.00140709	0	0.0046777	3.78155e-05	0.0011912	0.000178906	8.98976e-05	7.804e-06	0	0	0	5.0103	1.24224	0.0899724	0.0252508	0.0136256	0.0680225	0.470041	0.470324	0.00508329	0.00101944	30662.2	257115	44563.2	64404.6	690.551	1229.25	244.688	191.835	23.611	8662.19	1298.17	561.218	43101.7	3655.02	6139.34	120.835	53.6887	10.6796	29.9448	124.967	138.33	23.0591	0.135311
setup	0	2007-09-27 23:00:00	0	2.63683	2.68142	0.00152054	0	0.00453676	3.85528e-05	0.00117313	0.000164403	8.85013e-05	8.25497e-06	0	0	0	5.00673	1.23925	0.0899287	0.0252159	0.0136256	0.0755062	0.466782	0.463565	0.00445876	0.000996834	30653.4	257118	44566.5	64405.4	689.497	1225.8	246.306	192.944	23.6709	8667.17	1298.28	561.147	43101.9	3655.21	6139.23	120.664	53.5043	10.7651	30.0789	125.13	138.419	23.0612	0.135257
setup	0	2007-09-28 23:00:00	0	2.57763	3.1735	0.00175613	0	0.00442652	3.95021e-05	0.00116799	0.000157571	0.000122005	8.56974e-06	0	0	0	5.00318	1.23632	0.0898851	0.0251809	0.0136676	0.0848573	0.528387	0.52665	0.00516412	0.000979024	30644.7	257119	44569.2	64407.6	688.606	1222.39	247.15	194.55	23.507	8672.12	1298.4	561.076	43102	3655.39	6139.34	120.481	53.321	10.8115	30.268	125.288	138.508	23.0633	0.134498
setup	0	2007-09-29 23:00:00	0	2.58267	3.4247	0.0182771	0	0.0192208	4.07438e-05	0.00116576	0.000177107	0.000159194	8.70178e-06	0	0	0	4.99966	1.23346	0.0898415	0.0251457	0.0136662	0.0895932	0.548126	0.540762	0.00524352	0.000964464	30636.2	257121	44571.6	64410.1	687.896	1219	247.607	196.071	23.44	8677.05	1298.52	561.005	43102.1	3655.57	6139.52	120.331	53.1385	10.8383	30.4634	125.412	138.597	23.0654	0.13455
setup	0	2007-09-30 23:00:00	0	2.60729	2.90411	2.68589e-05	0	0.00432014	4.13099e-05	0.00112792	0.000137928	0.00010487	8.56995e-06	0	0	0	4.99617	1.23065	0.0897979	0.0251104	0.0136266	0.088093	0.479147	0.473728	0.0038938	0.000949307	30627.7	257122	44574.6	64411.6	686.937	1215.6	248.787	197.323	23.7328	8682.01	1298.63	560.933	43102.2	3655.76	6139.53	120.214	52.9564	10.9016	30.6089	125.558	138.686	23.0675	0.134647
setup	0	2007-10-01 23:00:00	0	2.62278	2.76276	0.0136896	0	0.0102782	4.15896e-05	0.00110877	0.000123441	9.12252e-05	8.26406e-06	0	0	0	4.99269	1.22784	0.0897544	0.0250749	0.0136258	0.0887871	0.463548	0.458722	0.00332785	0.000940853	30619.2	257125	44577.6	64412.8	685.941	1212.22	250.184	198.533	23.8891	8686.97	1298.75	560.862	43102.4	3655.94	6139.46	120.08	52.7751	10.9758	30.7454	125.701	138.776	23.0696	0.134129
setup	0	2007-10-02 23:00:00	0	2.65364	2.72318	2.46696e-05	0	0.0040564	4.11765e-05	0.00109748	0.000116416	8.69435e-05	7.97975e-06	0	0	0	4.9892	1.22504	0.0897109	0.0250396	0.0136275	0.0821524	0.460342	0.452706	0.00281843	0.000935602	30610.6	257127	44580.7	64413.7	684.935	1208.84	251.637	199.733	24.0036	8691.93	1298.87	560.791	43102.5	3656.12	6139.37	119.933	52.5944	11.0527	30.8804	125.861	138.865	23.0717	0.134499
setup	0	2007-10-03 23:00:00	0	2.66095	2.97302	2.41961e-05	0	0.00389043	4.03705e-05	0.00109982	0.000110904	0.000102001	7.80837e-06	0	0	0	4.9857	1.22223	0.0896674	0.0250042	0.0136461	0.0802703	0.485963	0.481712	0.00285498	0.00093731	30602	257128	44583.5	64415.2	683.988	1205.48	252.694	201.28	23.9765	8696.87	1298.99	560.72	43102.6	3656.3	6139.39	119.788	52.4145	11.1095	31.0431	126.023	138.954	23.0739	0.134431
setup	0	2007-10-04 23:00:00	0	2.66381	2.76002	0.0144593	0	0.00372218	3.92243e-05	0.00108876	9.85956e-05	8.79718e-05	7.7803e-06	0	0	0	4.98219	1.21942	0.0896239	0.0249691	0.0136284	0.0747462	0.460816	0.451527	0.00221108	0.000933491	30593.3	257130	44586.6	64416.1	682.999	1202.12	254.045	202.512	24.0697	8701.83	1299.1	560.649	43102.8	3656.49	6139.32	119.642	52.2352	11.1811	31.1845	126.175	139.043	23.076	0.134523
setup	0	2007-10-05 23:00:00	0	2.62721	2.91184	0.011557	0	0.00353076	3.7294e-05	0.00108581	8.44728e-05	9.66611e-05	7.77644e-06	0	0	0	4.97867	1.21661	0.0895805	0.024934	0.0136416	0.07816	0.479021	0.469974	0.0021125	0.000930991	30584.6	257132	44589.4	64417.4	682.053	1198.78	255.147	203.962	24.0631	8706.77	1299.22	560.578	43102.9	3656.67	6139.31	119.489	52.0567	11.2401	31.3434	126.327	139.132	23.0781	0.134355
setup	0	2007-10-06 23:00:00	0	2.61389	3.2284	0.010605	0	0.00337849	3.57665e-05	0.00108973	8.47506e-05	0.000121839	7.82923e-06	0	0	0	4.97515	1.21381	0.0895371	0.024899	0.0136627	0.0783414	0.516645	0.506087	0.0024231	0.00092826	30575.9	257134	44591.9	64419.4	681.253	1195.46	255.778	205.661	23.9632	8711.69	1299.34	560.507	43103.1	3656.85	6139.42	119.337	51.879	11.2752	31.5345	126.479	139.221	23.0802	0.134305
setup	0	2007-10-07 23:00:00	0	2.57343	2.94474	2.17359e-05	0	0.00325162	3.42835e-05	0.00106577	5.90906e-05	0.000101929	7.86598e-06	0	0	0	4.97163	1.21103	0.0894938	0.024864	0.0136381	0.0791936	0.477294	0.469273	0.00175088	0.000914133	30567.3	257135	44594.7	64420.8	680.375	1192.15	256.762	207.028	24.0562	8716.62	1299.46	560.436	43103.2	3657.03	6139.44	119.2	51.7018	11.3282	31.6925	126.618	139.309	23.0823	0.134049
setup	0	2007-10-08 23:00:00	0	2.55368	2.89644	0.0091687	0	0.00309095	3.26961e-05	0.00104819	5.3759e-05	9.81099e-05	7.83643e-06	0	0	0	4.96812	1.20826	0.0894504	0.0248291	0.0136386	0.0807347	0.470191	0.461938	0.00150878	0.000902475	30558.8	257137	44597.5	64422.1	679.492	1188.84	257.804	208.376	24.101	8721.55	1299.57	560.365	43103.3	3657.21	6139.42	119.063	51.5254	11.384	31.8455	126.753	139.398	23.0844	0.134049
setup	0	2007-10-09 23:00:00	0	2.57657	3.14789	0.0110898	0	0.0029459	3.05512e-05	0.00105096	6.14486e-05	0.000116412	7.75713e-06	0	0	0	4.96464	1.20553	0.0894071	0.0247941	0.0136561	0.0817336	0.49937	0.489823	0.00168918	0.000904011	30550.3	257139	44600	64423.8	678.72	1185.56	258.488	209.935	24.0312	8726.46	1299.69	560.294	43103.5	3657.38	6139.49	118.923	51.3498	11.4216	32.0206	126.894	139.487	23.0865	0.134356
setup	0	2007-10-10 23:00:00	0	2.59778	6.40309	0.00913544	0	0.002875	2.93716e-05	0.00153986	0.0012072	0.00133801	7.64641e-06	0	0	0	4.96116	1.20282	0.0893638	0.0247592	0.0138762	0.0810572	0.817568	0.70688	0.00766716	0.00092513	30541.8	257137	44599.3	64425.9	680.703	1182.37	255.935	210.268	23.577	8731.25	1299.8	560.223	43103.6	3657.55	6140	118.986	51.1759	11.2957	32.2303	127.041	139.574	23.0886	0.134632
setup	0	2007-10-11 23:00:00	0	2.57355	5.75451	0.0109311	0	0.00285862	2.90202e-05	0.00130881	0.000565198	0.000736144	7.55498e-06	0	0	0	4.95767	1.20011	0.0893206	0.0247242	0.0137071	0.0910965	0.728239	0.681911	0.00429756	0.000920219	30533.3	257136	44599.2	64428	682.032	1179.11	253.857	210.962	23.4973	8736.08	1299.92	560.152	43103.7	3657.72	6140.45	119.114	51.0013	11.1934	32.3487	127.183	139.661	23.0906	0.133951
setup	0	2007-10-12 23:00:00	0	2.6059	3.74008	1.8587e-05	0	0.00284053	2.87624e-05	0.00108916	0.000112709	0.000210904	7.36364e-06	0	0	0	4.95419	1.19742	0.0892774	0.0246893	0.0136285	0.103194	0.52544	0.52648	0.00238112	0.000902823	30525.1	257136	44601.1	64429.4	681.563	1175.83	253.832	212.347	23.7203	8740.96	1300.03	560.081	43103.8	3657.89	6140.54	119.104	50.8271	11.1949	32.4825	127.276	139.749	23.0927	0.133503
setup	0	2007-10-13 23:00:00	0	2.67246	3.06491	0.0123268	0	0.00279922	2.85745e-05	0.00103823	3.88932e-05	0.000120169	7.12167e-06	0	0	0	4.95075	1.19478	0.0892342	0.0246544	0.0136274	0.0952925	0.481513	0.47266	0.00150159	0.000893662	30516.8	257138	44603.6	64430.7	680.809	1172.58	254.625	213.569	23.8824	8745.87	1300.15	560.01	43103.9	3658.06	6140.55	119	50.6539	11.2377	32.6057	127.412	139.838	23.0948	0.133657
setup	0	2007-10-14 23:00:00	0	2.69753	2.78445	1.52795e-05	0	0.00265376	2.66303e-05	0.00101572	2.54194e-05	9.28677e-05	6.94588e-06	0	0	0	4.94731	1.19213	0.089191	0.0246193	0.0136285	0.0806701	0.452592	0.451397	0.000952603	0.000887757	30508.4	257140	44606.5	64431.5	679.968	1169.34	255.806	214.643	24.0009	8750.79	1300.26	559.939	43104.1	3658.23	6140.48	118.874	50.4815	11.3002	32.7201	127.558	139.926	23.0969	0.133044
setup	0	2007-10-15 23:00:00	0	2.69461	2.77797	0.0131322	0	0.00235011	2.24407e-05	0.00101046	2.72318e-05	9.12075e-05	6.93792e-06	0	0	0	4.94387	1.18946	0.0891479	0.0245845	0.0136319	0.0765547	0.448216	0.448159	0.000724271	0.000887162	30500.1	257142	44609.3	64432.3	679.118	1166.11	256.991	215.766	24.0344	8755.7	1300.38	559.869	43104.2	3658.41	6140.4	118.749	50.3098	11.3629	32.838	127.703	140.015	23.099	0.133309
setup	0	2007-10-16 23:00:00	0	2.67905	2.83536	0.00968186	0	0.00201835	1.70511e-05	0.00100971	1.8005e-05	9.46182e-05	7.09476e-06	0	0	0	4.94042	1.18677	0.0891048	0.0245498	0.0136364	0.0759572	0.452497	0.451155	0.000606776	0.000885775	30491.6	257143	44612	64433.1	678.288	1162.89	258.079	216.966	24.0238	8760.61	1300.5	559.798	43104.3	3658.58	6140.34	118.624	50.1388	11.4206	32.9629	127.846	140.103	23.1011	0.133189
setup	0	2007-10-17 23:00:00	0	2.67441	2.77545	7.35022e-06	0	0.00150503	8.86345e-06	0.00100621	1.76741e-05	9.05728e-05	7.3692e-06	0	0	0	4.93695	1.18408	0.0890617	0.0245153	0.013627	0.0730221	0.44672	0.443497	0.000329577	0.000883319	30483.2	257145	44614.8	64433.7	677.445	1159.67	259.251	218.086	24.0327	8765.52	1300.62	559.728	43104.5	3658.76	6140.24	118.493	49.9683	11.4825	33.0852	127.99	140.192	23.1033	0.133426
setup	0	2007-10-18 23:00:00	0	2.65865	2.87409	0.0145177	0	0.0010708	0.00236325	0.00100766	1.23955e-05	9.61585e-05	7.62223e-06	0	0	0	4.93348	1.1814	0.0890187	0.0244809	0.0136386	0.0717972	0.453909	0.450731	0.000339932	0.000884041	30474.7	257147	44617.5	64434.5	676.638	1156.47	260.26	219.312	23.9814	8770.42	1300.73	559.657	43104.6	3658.93	6140.19	118.368	49.7985	11.5361	33.2169	128.13	140.281	23.1054	0.132965
setup	0	2007-10-19 23:00:00	0	2.63797	2.80098	0.00526188	0	0.000903376	0.00282461	0.00100337	6.92983e-06	9.17182e-05	7.86375e-06	0	0	0	4.93	1.17873	0.0889757	0.0244465	0.0136262	0.0717963	0.448418	0.44317	0.00017704	0.000884223	30466.2	257148	44620.2	64435.1	675.811	1153.28	261.377	220.437	23.9697	8775.32	1300.85	559.587	43104.7	3659.11	6140.1	118.236	49.6293	11.595	33.3433	128.271	140.369	23.1075	0.132799
setup	0	2007-10-20 23:00:00	0	2.61945	2.81551	0.00124384	0	0.000884824	0.00289728	0.00100099	3.51076e-06	9.23187e-05	8.07407e-06	0	0	0	4.92652	1.17608	0.0889327	0.0244122	0.0136266	0.0698565	0.449528	0.445175	0.000174398	0.000886211	30457.7	257150	44623	64435.7	674.994	1150.1	262.468	221.573	23.9416	8780.22	1300.97	559.517	43104.9	3659.28	6140.01	118.105	49.4608	11.6526	33.4719	128.413	140.458	23.1096	0.133001
setup	0	2007-10-21 23:00:00	0	2.58872	3.94008	0.00165297	0	0.000888616	0.0030295	0.00104799	5.0934e-05	0.000197768	8.23664e-06	0	0	0	4.92305	1.17343	0.0888897	0.0243779	0.0138001	0.0724679	0.567767	0.553535	0.00255872	0.000896438	30449.2	257150	44624.5	64437.8	674.883	1146.95	262.093	223.098	23.649	8785.08	1301.08	559.447	43105	3659.45	6140.26	118.016	49.2932	11.6362	33.6825	128.54	140.545	23.1117	0.132361
setup	0	2007-10-22 23:00:00	0	2.58032	2.89803	2.89634e-06	0	0.000892158	0.0027904	0.00100134	-1.64887e-06	0.000101236	8.35404e-06	0	0	0	4.91957	1.17081	0.0888468	0.0243436	0.0136301	0.0750784	0.448113	0.439867	0.000294744	0.000886954	30440.8	257152	44627.2	64438.8	674.152	1143.79	262.997	224.133	23.7784	8789.96	1301.2	559.376	43105.1	3659.62	6140.22	117.919	49.1259	11.6842	33.8021	128.666	140.634	23.1138	0.131845
setup	0	2007-10-23 23:00:00	0	2.58599	2.83507	0.00188624	0	0.000894996	0.00294142	0.00099728	-4.19767e-06	9.40786e-05	8.34142e-06	0	0	0	4.91611	1.1682	0.0888039	0.0243093	0.0136301	0.071571	0.449895	0.442242	0.000174002	0.000891384	30432.4	257154	44629.8	64439.4	673.376	1140.64	264.025	225.206	23.7922	8794.85	1301.32	559.306	43105.3	3659.79	6140.14	117.795	48.9593	11.7385	33.9208	128.809	140.722	23.1159	0.132063
setup	0	2007-10-24 23:00:00	0	2.5699	8.7615	0.00205693	0	0.000899245	0.00290406	0.0023493	0.00310394	0.00394978	8.28979e-06	0	0	0	4.91265	1.16561	0.088761	0.024275	0.0140189	0.0713488	0.948888	0.755499	0.0105217	0.000912995	30423.9	257149	44626.6	64439.8	677.397	1137.68	259.597	223.584	23.0416	8799.5	1301.43	559.236	43105.4	3659.94	6140.75	118.109	48.7961	11.5174	34.0046	128.951	140.807	23.118	0.132132
setup	0	2007-10-25 23:00:00	0	2.55721	13.3951	3.05899e-06	0	0.000904116	0.00317898	0.00198503	0.00253962	0.00379152	8.32757e-06	0	0	0	4.90918	1.16302	0.0887182	0.0242408	0.0146234	0.091814	1.32385	1.03271	0.00957854	0.000926226	30415.7	257140	44618.7	64440.1	684.757	1134.63	251.989	218.328	22.5128	8804.1	1301.53	559.165	43105.5	3660.08	6141.91	118.895	48.6308	11.1349	33.7898	129.168	140.89	23.1198	0.133568
setup	0	2007-10-26 23:00:00	0	2.64732	17.6084	0.00140646	0	0.000909846	0.00350751	0.00226297	0.00359229	0.00687752	8.18014e-06	0	0	0	4.90576	1.1605	0.0886754	0.0242066	0.0161472	0.130933	1.76939	1.41275	0.0296173	0.000956274	30408.5	257127	44606.3	64437.1	694.469	1131.2	243.604	208.487	21.7152	8808.7	1301.61	559.095	43105.5	3660.05	6143.13	120.112	48.4577	10.7095	33.0886	129.478	140.974	23.1213	0.137424
setup	0	2007-10-27 23:00:00	0	3.07832	16.9456	0.00134976	0	0.00091467	0.00283602	0.00252354	0.00456078	0.00750624	7.73098e-06	0	0	0	4.90256	1.28224	0.0886326	0.0241722	0.0142595	0.259538	1.70476	1.42924	0.0484695	0.000997399	30405.1	257115	44592.3	64433.1	703.017	1127.52	236.329	199.171	21.404	8813.31	1301.68	559.024	43105.4	3658.76	6144.03	121.658	48.2798	10.3377	32.1528	129.498	141.058	23.1225	0.139822
setup	0	2007-10-28 23:00:00	0	3.79465	15.6839	0.00184396	0	0.000918451	0.00329365	0.00348458	0.00587954	0.0068171	7.16206e-06	0	0	0	4.90008	1.35175	0.0885898	0.0241373	0.0136328	0.313414	1.75541	1.50576	0.0512045	0.0011077	30402.4	257104	44580.1	64427.6	709.842	1123.79	229.753	191.96	21.4337	8817.91	1301.74	558.951	43105.2	3657.73	6144.5	122.871	48.1012	10.0007	31.378	129.611	141.142	23.1236	0.137516
setup	0	2007-10-29 23:00:00	0	4.10804	13.8866	0.00145855	0	0.000922231	0.0033044	0.00343172	0.0051248	0.00545901	6.59249e-06	0	0	0	5.16846	1.189	0.0934387	0.0241016	0.0136259	0.245793	1.61376	1.41143	0.0410958	0.00120184	30398.7	257094	44571	64422.7	714.956	1120.47	223.72	187.317	21.5591	8822.51	1301.81	558.879	43105.1	3657.34	6144.86	123.791	47.9308	9.69255	30.8965	129.791	141.226	23.1249	0.136127
setup	0	2007-10-30 23:00:00	0	4.24907	12.0522	2.76209e-06	0	0.000926036	0.00316125	0.00308818	0.00392662	0.00390722	6.09154e-06	0	0	0	5.21722	1.15322	0.0942972	0.0240663	0.0136306	0.212611	1.46026	1.33664	0.033989	0.00123401	30394.6	257086	44564.2	64421.7	718.504	1117.23	218.78	184.775	21.5222	8827.13	1301.88	558.808	43105.1	3657.19	6145.52	124.491	47.7625	9.43986	30.6081	129.96	141.31	23.1262	0.134741
setup	0	2007-10-31 23:00:00	0	4.37288	9.87051	2.90104e-06	0	0.000929987	0.0035387	0.00284815	0.00329927	0.00318771	5.74242e-06	0	0	0	5.26512	1.15094	0.0951678	0.0240317	0.0136495	0.217912	1.39686	1.32621	0.0311077	0.00124251	30390.8	257081	44559.4	64420.1	720.468	1114.05	215.188	183.645	21.7819	8831.78	1301.95	558.738	43105.1	3657.04	6145.87	124.715	47.5962	9.25547	30.424	130.096	141.394	23.1275	0.13402
setup	0	2007-11-01 23:00:00	0	4.44176	7.28801	0.00106539	0	0.000933856	0.00337427	0.00228925	0.00206946	0.00183641	5.60708e-06	0	0	0	5.31985	1.14861	0.0961649	0.0239975	0.0136304	0.136245	1.0228	1.03475	0.0218978	0.00120798	30386.1	257078	44557.6	64419.2	720.33	1111.05	213.17	184.54	22.249	8836.48	1302.04	558.668	43105.2	3657.11	6146.06	124.847	47.434	9.15167	30.453	130.313	141.48	23.129	0.132656
setup	0	2007-11-02 23:00:00	0	4.28274	5.36841	3.40863e-06	0	0.000937763	0.00336496	0.00181969	0.0010744	0.000874192	5.76e-06	0	0	0	5.38193	1.14606	0.0973026	0.0239637	0.0136263	0.11861	0.793425	0.830005	0.0130598	0.0011408	30380.2	257077	44557.7	64419.3	719.29	1108.25	212.358	186.151	22.8002	8841.24	1302.13	558.6	43105.3	3657.28	6146.19	124.822	47.2768	9.11024	30.5788	130.505	141.566	23.1307	0.131862
setup	0	2007-11-03 23:00:00	0	4.20052	4.02831	2.58031e-06	0	0.00094174	0.00371378	0.00150871	0.000521749	0.000393103	6.11253e-06	0	0	0	5.45203	1.14342	0.0986036	0.0239312	0.0136261	0.0821311	0.617642	0.667936	0.00658065	0.00106301	30373	257077	44559.1	64420.1	718.045	1105.65	212.475	187.729	23.3158	8846.03	1302.24	558.532	43105.4	3657.47	6146.3	124.733	47.1243	9.11693	30.7121	130.706	141.653	23.1326	0.131642
setup	0	2007-11-04 23:00:00	0	4.0679	3.20828	3.5074e-06	0	0.000945823	0.00313012	0.00131317	0.000266926	0.000186998	6.58616e-06	0	0	0	5.53093	1.14069	0.107793	0.0309735	0.0136259	0.0552905	0.500009	0.547026	0.00258512	0.000993317	30365	257078	44561.2	64421.4	716.863	1103.22	213.24	189.032	23.7244	8850.86	1302.35	558.464	43105.6	3657.66	6146.39	124.631	46.9906	9.15718	30.8239	130.905	141.74	23.1347	0.131004
setup	0	2007-11-05 23:00:00	0	3.92896	2.78544	0.00078959	0	0.000950196	0.00344416	0.00119436	0.000160985	0.000111259	7.14783e-06	0	0	0	5.61961	1.13789	0.113705	0.0334419	0.0136286	0.0200789	0.437976	0.477083	0.000805693	0.000945006	30356.7	257080	44563.7	64422.8	715.782	1100.93	214.415	190.073	24.0042	8855.69	1302.46	558.395	43105.8	3657.86	6146.47	124.525	46.8668	9.21858	30.9171	131.118	141.828	23.1368	0.130763
setup	0	2007-11-06 23:00:00	0	3.77028	2.61301	3.21689e-06	0	0.000955594	0.00347063	0.00112191	0.000120519	8.62543e-05	7.84379e-06	0	0	0	5.71904	1.13506	0.117243	0.0333979	0.0136307	-1.0842e-14	0.410764	0.441209	0.000230978	0.000920045	30348.2	257081	44566.4	64423.6	714.737	1098.76	215.817	190.975	24.1841	8860.54	1302.58	558.324	43106	3658.06	6146.46	124.418	46.7472	9.29142	31.0039	131.331	141.916	23.1389	0.13024
setup	0	2007-11-07 23:00:00	0	3.57716	3.14059	0.00120179	0	0.000953943	0.00348226	0.00110998	0.000120515	0.000144258	8.62546e-06	0	0	0	5.83018	1.13223	0.121161	0.0333514	0.0136966	-1.0842e-14	0.48838	0.508992	0.00134212	0.000911935	30339.7	257082	44568.6	64426	713.815	1096.73	216.544	192.509	24.0522	8865.35	1302.69	558.251	43106.2	3658.25	6146.72	124.279	46.6325	9.33022	31.1573	131.561	142.003	23.141	0.129978
setup	0	2007-11-08 23:00:00	0	3.42724	2.74403	2.40665e-06	0	0.000957776	0.00349119	0.00105947	7.79664e-05	9.59665e-05	9.47759e-06	0	0	0	5.954	1.12944	0.125499	0.0333036	0.0136433	-1.0842e-14	0.426206	0.44445	0.000403383	0.000896927	30331.3	257084	44571.2	64427.2	712.812	1094.82	217.742	193.559	24.1767	8870.17	1302.81	558.179	43106.4	3658.45	6146.79	124.173	46.5223	9.39269	31.271	131.757	142.09	23.1431	0.129783
setup	0	2007-11-09 23:00:00	0	3.30053	2.85257	2.56901e-06	0	0.000960909	0.00342365	0.00104651	6.98821e-05	0.000102848	1.00224e-05	0	0	0	6.09148	1.1267	0.130306	0.0332559	0.0136644	-1.0842e-14	0.444053	0.456159	0.000562822	0.000896934	30322.9	257085	44573.6	64428.7	711.831	1093.05	218.813	194.772	24.1757	8875	1302.93	558.107	43106.6	3658.64	6146.89	124.051	46.4174	9.44868	31.4014	131.959	142.178	23.1452	0.129582
setup	0	2007-11-10 23:00:00	0	3.16515	3.48437	2.95434e-06	0	0.000964702	0.00356188	0.00107404	0.00010671	0.000180999	1.03121e-05	0	0	0	6.24358	1.124	0.135616	0.0332082	0.0137246	-1.0842e-14	0.531102	0.532259	0.00180854	0.000902925	30314.4	257086	44575.4	64431.4	711.126	1091.47	219.126	196.375	23.9717	8879.78	1303.04	558.035	43106.8	3658.83	6147.23	123.915	46.3185	9.46639	31.5935	132.172	142.264	23.1473	0.129323
setup	0	2007-11-11 23:00:00	0	3.02141	6.97053	0.0015513	0	0.000969374	0.00342644	0.00201569	0.00247965	0.00275113	1.04183e-05	0	0	0	6.41125	1.12134	0.141462	0.0331606	0.0140063	-1.0842e-14	0.827873	0.720209	0.00842506	0.00090813	30306.1	257083	44573.8	64433	713.658	1090.24	216.668	195.618	23.4151	8884.35	1303.15	557.963	43107	3659	6147.84	124.136	46.2284	9.34464	31.6653	132.362	142.348	23.1493	0.129405
setup	0	2007-11-12 23:00:00	0	2.89952	8.38129	0.00236104	0	0.000974185	0.00348477	0.0018542	0.00213105	0.0026576	1.02924e-05	0	0	0	6.59547	1.11873	0.147878	0.0331131	0.0141202	-1.0842e-14	0.94076	0.825538	0.00723725	0.00091283	30298.2	257079	44570.6	64434.5	716.977	1089.14	213.069	194.261	23.1297	8888.89	1303.26	557.891	43107.2	3659.17	6148.62	124.56	46.1437	9.16476	31.6274	132.563	142.431	23.1512	0.130111
setup	0	2007-11-13 23:00:00	0	2.83319	7.38208	2.29253e-06	0	0.000978306	0.00351164	0.00171309	0.0015811	0.00183575	9.83949e-06	0	0	0	6.7972	1.11622	0.154893	0.0330657	0.0136768	0.0181278	0.852076	0.775711	0.00616983	0.000909309	30291	257076	44568.5	64434.7	719.195	1088.23	210.253	193.778	23.0457	8893.43	1303.37	557.819	43107.4	3659.34	6149.1	124.914	46.0659	9.024	31.6065	132.747	142.514	23.1532	0.129679
setup	0	2007-11-14 23:00:00	0	2.89518	6.36946	0.00192717	0	0.000982241	0.0035273	0.00151869	0.00098154	0.00111219	9.19822e-06	0	0	0	7.01738	1.11381	0.162539	0.0330184	0.0136364	0.0784806	0.793801	0.748312	0.0056437	0.000913059	30283.9	257073	44567.4	64436.4	720.444	1087.44	208.22	194.118	23.0368	8898.06	1303.47	557.748	43107.5	3659.49	6149.61	125.118	45.9944	8.92233	31.6644	132.883	142.598	23.1551	0.129407
setup	0	2007-11-15 23:00:00	0	3.00336	7.53727	2.22201e-06	0	0.000986879	0.00348007	0.00183109	0.00192861	0.00225702	8.5667e-06	0	0	0	7.25667	1.11143	0.139333	0.0253301	0.0139441	0.0805541	0.915773	0.828664	0.00816352	0.000923178	30276.9	257070	44565.2	64436.7	722.535	1086.97	205.522	193.983	22.6025	8902.59	1303.58	557.68	43107.6	3659.64	6150.07	125.378	45.8933	8.78706	31.7252	133.015	142.681	23.157	0.12948
setup	0	2007-11-16 23:00:00	0	3.02114	8.1311	0.000863853	0	0.000991396	0.00356286	0.00185002	0.00196311	0.00225355	8.03173e-06	0	0	0	7.51582	1.10906	0.144655	0.0252132	0.0138542	0.0870399	0.977181	0.886692	0.00906982	0.000927506	30270.6	257066	44562.3	64437.4	725.181	1086.69	202.585	192.949	22.4506	8907.12	1303.68	557.613	43107.7	3659.78	6150.66	125.744	45.7965	8.63897	31.6889	133.165	142.764	23.1588	0.129566
setup	0	2007-11-17 23:00:00	0	3.02781	7.00505	2.33156e-06	0	0.00099534	0.00351236	0.00170001	0.00139591	0.00153678	7.53675e-06	0	0	0	7.79555	1.10675	0.145683	0.0241783	0.0136394	0.0897592	0.878683	0.828712	0.0082091	0.000917633	30264.9	257063	44560.6	64438.3	726.62	1086.66	200.505	192.884	22.4118	8911.7	1303.78	557.546	43107.8	3659.93	6151.13	125.983	45.6996	8.53371	31.7273	133.298	142.847	23.1606	0.12901
setup	0	2007-11-18 23:00:00	0	3.09211	6.71792	0.00215126	0	0.000999522	0.00335785	0.00154567	0.00102072	0.00119593	7.1007e-06	0	0	0	8.09631	1.10447	0.153017	0.0243668	0.0136942	0.0863936	0.860069	0.824537	0.00836836	0.000923584	30258.9	257061	44559.1	64439.4	727.572	1086.83	198.854	192.994	22.3933	8916.35	1303.88	557.479	43107.9	3660.08	6151.58	126.176	45.6088	8.44932	31.7718	133.443	142.932	23.1624	0.129037
setup	0	2007-11-19 23:00:00	0	3.12975	6.85835	1.80186e-06	0	0.00100384	0.00375444	0.00156834	0.00109287	0.00128871	6.73811e-06	0	0	0	8.41829	1.1022	0.167131	0.0255288	0.0137484	0.100057	0.880534	0.839299	0.00918917	0.000927541	30253.1	257058	44557.5	64440.5	728.63	1087.31	197.22	193.012	22.2671	8920.98	1303.97	557.412	43107.9	3660.22	6152.06	126.367	45.5335	8.36533	31.8281	133.566	143.016	23.1642	0.128665
setup	0	2007-11-20 23:00:00	0	3.21504	4.82138	0.00015655	0	0.00100778	0.00343795	0.00126691	0.000405325	0.000506623	6.50257e-06	0	0	0	8.76171	1.09995	0.164523	0.0239664	0.0136374	0.0850284	0.683133	0.689791	0.00589685	0.000922718	30247.1	257057	44558	64441.2	727.97	1088.15	196.921	194.247	22.5284	8925.69	1304.08	557.346	43108	3660.38	6152.24	126.367	45.455	8.34853	31.9504	133.716	143.102	23.1661	0.12875
setup	0	2007-11-21 23:00:00	0	3.23354	3.65931	2.08511e-06	0	0.00101172	0.00356491	0.00113779	0.00015089	0.000229023	6.41759e-06	0	0	0	9.12651	1.09767	0.194957	0.0269912	0.0136301	0.0596211	0.554115	0.578559	0.0032534	0.000915193	30240.4	257058	44559.6	64442.1	726.918	1089.39	197.487	195.555	22.8188	8930.43	1304.19	557.279	43108.2	3660.54	6152.34	126.291	45.4116	8.37539	32.0789	133.887	143.188	23.1681	0.12856
setup	0	2007-11-22 23:00:00	0	3.16853	3.22602	0.0018196	0	0.00101578	0.00340692	0.00108244	7.7576e-05	0.000154792	6.49307e-06	0	0	0	9.51232	1.0953	0.242861	0.0315566	0.0136422	0.0439113	0.493463	0.518023	0.00183587	0.000904116	30232.8	257059	44561.6	64443.5	725.922	1091.05	198.364	196.812	22.9844	8935.19	1304.3	557.21	43108.3	3660.72	6152.45	126.205	45.4219	8.41794	32.2041	134.057	143.275	23.1701	0.128033
setup	0	2007-11-23 23:00:00	0	3.06699	3.53755	1.81507e-06	0	0.00102008	0.0037099	0.00108529	0.00010907	0.000203923	6.73226e-06	0	0	0	9.91862	1.09284	0.266836	0.0326424	0.0136896	0.0348616	0.520379	0.540813	0.00200592	0.000900108	30224.8	257059	44563.3	64445.6	725.188	1093.15	198.882	198.26	22.9384	8939.92	1304.41	557.141	43108.5	3660.9	6152.71	126.135	45.458	8.44245	32.3619	134.218	143.361	23.1722	0.127805
setup	0	2007-11-24 23:00:00	0	2.97436	3.26846	2.78515e-06	0	0.00102427	0.00348306	0.00105522	7.08587e-05	0.000159931	7.03802e-06	0	0	0	10.3448	1.09038	0.282172	0.0325987	0.0136601	0.0301014	0.491475	0.501025	0.00133451	0.00089499	30216.8	257060	44565.3	64447.6	724.398	1095.67	199.654	199.508	23.0155	8944.66	1304.53	557.072	43108.7	3661.07	6152.9	126.057	45.5093	8.47951	32.497	134.389	143.447	23.1742	0.127531
setup	0	2007-11-25 23:00:00	0	2.8878	3.53971	0.00149548	0	0.00102862	0.0035707	0.00106595	9.77282e-05	0.000199904	7.29186e-06	0	0	0	10.7899	1.08794	0.298159	0.0325544	0.013696	0.0275989	0.51652	0.527336	0.00163468	0.000896309	30208.8	257061	44567.1	64449.8	723.804	1098.63	200.172	200.821	22.9667	8949.39	1304.64	557.002	43108.9	3661.25	6153.16	125.995	45.5765	8.50363	32.6482	134.552	143.533	23.1763	0.127538
setup	0	2007-11-26 23:00:00	0	2.81159	3.32661	2.48317e-06	0	0.00103286	0.0034263	0.00104565	6.79739e-05	0.000163781	7.46744e-06	0	0	0	11.2526	1.08551	0.31477	0.0325099	0.0136694	0.0284505	0.491319	0.496519	0.00119233	0.000894536	30200.9	257062	44569	64451.9	723.129	1102.04	200.906	202.016	23.0022	8954.12	1304.75	556.933	43109	3661.43	6153.37	125.931	45.6601	8.53831	32.7798	134.718	143.619	23.1784	0.127385
setup	0	2007-11-27 23:00:00	0	2.75005	4.74837	0.00220111	0	0.00103747	0.00339133	0.00116736	0.000307747	0.000445478	7.56568e-06	0	0	0	11.7313	1.08311	0.33196	0.0324653	0.0138242	0.0275136	0.644859	0.62201	0.00328795	0.00091029	30192.9	257061	44569.6	64454.5	723.544	1105.94	200.454	202.883	22.7553	8958.79	1304.86	556.863	43109.2	3661.59	6153.82	125.944	45.7605	8.51326	32.9264	134.894	143.704	23.1804	0.127374
setup	0	2007-11-28 23:00:00	0	2.6592	5.22402	1.67049e-06	0	0.00104181	0.00375598	0.00123	0.000439181	0.000601606	7.59659e-06	0	0	0	12.2241	1.08073	0.349685	0.0324208	0.0137613	0.0421	0.673663	0.642497	0.0037804	0.000911172	30185.1	257060	44569.7	64456.5	724.339	1110.29	199.715	203.342	22.5859	8963.45	1304.97	556.793	43109.4	3661.76	6154.24	126.047	45.8778	8.47337	33.0101	135.057	143.789	23.1824	0.127303
setup	0	2007-11-29 23:00:00	0	2.6201	6.73467	2.37427e-06	0	0.00104625	0.00333485	0.00159767	0.00140568	0.00156154	7.52427e-06	0	0	0	12.7286	1.07839	0.367853	0.0323764	0.0138395	0.0636364	0.782149	0.715593	0.0063628	0.000909114	30177.8	257058	44568.3	64457.5	726.816	1115.22	198.043	202.298	22.2709	8967.99	1305.08	556.725	43109.5	3661.91	6154.7	126.361	46.014	8.38679	32.9766	135.188	143.872	23.1843	0.127119
setup	0	2007-11-30 23:00:00	0	2.63707	5.28977	0.00270021	0	0.00105022	0.00354277	0.00129905	0.000521218	0.00064677	7.33168e-06	0	0	0	13.2424	1.07611	0.362745	0.030761	0.0136593	0.0593614	0.811276	0.769285	0.0045661	0.000909846	30171	257057	44568.4	64458.7	727.528	1120.52	197.335	202.322	22.3204	8972.64	1305.19	556.657	43109.6	3662.06	6155.01	126.225	46.1407	8.34747	32.9087	135.333	143.957	23.1863	0.127212
setup	0	2007-12-01 23:00:00	0	2.626	4.72556	1.78944e-06	0	0.00105423	0.00369847	0.00118499	0.000328173	0.000465819	7.07144e-06	0	0	0	13.7624	1.07388	0.383141	0.0308913	0.0136709	0.0575837	0.612104	0.60932	0.00434539	0.000905669	30164.1	257056	44569.1	64459.9	727.628	1126.31	197.09	202.909	22.3342	8977.3	1305.29	556.589	43109.7	3662.23	6155.25	126.31	46.2876	8.33088	32.9458	135.494	144.042	23.1882	0.127293
setup	0	2007-12-02 23:00:00	0	2.61379	3.69899	2.0662e-06	0	0.00105811	0.00352071	0.00108609	0.000118763	0.000228086	6.84046e-06	0	0	0	14.2853	1.07164	0.404848	0.0310707	0.0136391	0.0511816	0.523197	0.536317	0.00266931	0.000898847	30157.1	257057	44570.7	64460.9	726.98	1132.6	197.709	203.88	22.4671	8982.01	1305.4	556.522	43109.9	3662.39	6155.36	126.292	46.456	8.35701	33.0312	135.648	144.128	23.1902	0.126815
setup	0	2007-12-03 23:00:00	0	2.57921	3.76438	0.00316773	0	0.00106218	0.00363487	0.00107611	0.000117773	0.000237544	6.72918e-06	0	0	0	14.8075	1.06939	0.432354	0.0315443	0.0136723	0.0486622	0.525531	0.531137	0.00242808	0.000893179	30149.8	257057	44572.4	64462.4	726.524	1139.41	198.227	204.891	22.4515	8986.7	1305.52	556.454	43110	3662.56	6155.53	126.275	46.6525	8.37792	33.1305	135.797	144.213	23.1923	0.126517
setup	0	2007-12-04 23:00:00	0	2.55562	3.6784	2.05796e-06	0	0.00106623	0.00348262	0.00106522	0.000103702	0.000218276	6.69761e-06	0	0	0	15.3249	1.06713	0.455355	0.0317366	0.0136699	0.0425519	0.518179	0.523595	0.00204377	0.000893251	30142.3	257058	44574.2	64464	726.086	1146.73	198.817	205.87	22.458	8991.39	1305.63	556.386	43110.2	3662.74	6155.7	126.249	46.8716	8.40201	33.2317	135.955	144.299	23.1943	0.126546
setup	0	2007-12-05 23:00:00	0	2.52088	2.96435	2.09792e-06	0	0.00107017	0.00356795	0.00102591	2.94864e-05	0.000115648	6.69631e-06	0	0	0	15.8333	1.06486	0.481415	0.0320716	0.0136292	0.0395637	0.451511	0.461777	0.000908321	0.000891956	30134.6	257059	44576.7	64465.2	725.303	1154.52	200.154	206.691	22.6061	8996.12	1305.74	556.317	43110.4	3662.91	6155.74	126.177	47.1163	8.46273	33.3175	136.12	144.385	23.1964	0.126606
setup	0	2007-12-06 23:00:00	0	2.45315	2.78138	0.00292752	0	0.00107464	0.00362337	0.00100813	7.86747e-06	9.69335e-05	6.74626e-06	0	0	0	16.3284	1.06258	0.500828	0.0320792	0.0136425	0.0285616	0.429086	0.440628	0.000437851	0.000886615	30126.8	257061	44579.4	64466.4	724.511	1162.78	201.702	207.49	22.6757	9000.86	1305.86	556.249	43110.6	3663.09	6155.75	126.097	47.3799	8.53353	33.4007	136.29	144.471	23.1985	0.126352
setup	0	2007-12-07 23:00:00	0	2.32798	2.85748	1.94838e-06	0	0.00107978	0.00341287	0.0009947	-1.12153e-06	0.000102761	6.92704e-06	0	0	0	16.8054	1.0603	0.518592	0.0320362	0.0136631	0.0201733	0.435307	0.445958	0.000492817	0.000875376	30119	257062	44582.1	64467.8	723.767	1171.49	203.16	208.411	22.6618	9005.58	1305.97	556.18	43110.7	3663.27	6155.81	126.021	47.6603	8.59946	33.4932	136.463	144.557	23.2006	0.125985
setup	0	2007-12-08 23:00:00	0	2.25223	3.13647	2.0791e-06	0	0.00108424	0.00351253	0.000995555	2.32915e-05	0.000126015	7.19306e-06	0	0	0	17.2595	1.05803	0.535414	0.0319926	0.0136852	0.0158496	0.46018	0.467318	0.000855246	0.000872557	30111.2	257064	44584.5	64469.5	723.165	1180.64	204.308	209.48	22.5645	9010.29	1306.09	556.111	43110.9	3663.46	6155.94	125.961	47.9566	8.64956	33.602	136.634	144.643	23.2027	0.126364
setup	0	2007-12-09 23:00:00	0	2.1714	3.38574	0.0033788	0	0.00108825	0.00352095	0.00100467	3.18083e-05	0.000153726	7.32407e-06	0	0	0	17.6856	1.05578	0.551132	0.0319484	0.0136885	0.0159398	0.479239	0.48075	0.00114742	0.000872992	30103.5	257065	44586.7	64471.4	722.738	1190.18	205.209	210.517	22.4768	9014.98	1306.2	556.041	43111.1	3663.64	6156.11	125.928	48.2674	8.68693	33.7155	136.795	144.729	23.2047	0.126005
setup	0	2007-12-10 23:00:00	0	2.07979	3.53458	1.59045e-06	0	0.00109218	0.003794	0.00100583	3.63741e-05	0.000174489	7.29271e-06	0	0	0	18.0786	1.05355	0.565614	0.0319041	0.0136852	0.0211301	0.493349	0.489125	0.001288	0.00086527	30096	257066	44588.8	64473.2	722.43	1200.08	205.977	211.505	22.4103	9019.66	1306.31	555.972	43111.3	3663.82	6156.29	125.908	48.5914	8.71733	33.8246	136.951	144.814	23.2068	0.125747
setup	0	2007-12-11 23:00:00	0	2.02763	2.93278	2.07195e-06	0	0.00109584	0.0031248	0.000975575	2.15897e-06	0.000109583	7.13128e-06	0	0	0	18.4334	1.05135	0.578745	0.0318598	0.0136355	0.0266912	0.446659	0.443755	0.000610552	0.000854522	30088.5	257067	44591.5	64474.5	721.755	1210.28	207.448	212.339	22.5084	9024.37	1306.43	555.903	43111.5	3664.01	6156.31	125.839	48.9271	8.78165	33.9126	137.121	144.9	23.2089	0.125643
setup	0	2007-12-12 23:00:00	0	2.02047	6.81421	0.00315359	0	0.00110051	0.00351911	0.00168825	0.0019103	0.00223986	6.90505e-06	0	0	0	18.745	1.04917	0.590436	0.031816	0.0141489	0.0233336	0.725705	0.630376	0.00631857	0.000871381	30081	257065	44590.4	64474.6	724.986	1220.98	205.758	210.447	22.0305	9028.81	1306.54	555.834	43111.7	3664.18	6156.67	126.177	49.2766	8.69125	33.8467	137.274	144.982	23.2109	0.126278
setup	0	2007-12-13 23:00:00	0	1.96619	12.6052	1.75744e-06	0	0.0011062	0.00343432	0.00206496	0.00301816	0.00499616	6.70518e-06	0	0	0	19.0081	1.04699	0.600521	0.0317727	0.0156324	0.0289615	1.28067	1.02679	0.0141143	0.000900752	30073.8	257057	44583.5	64472.8	732.203	1231.64	201.092	203.844	21.1083	9033.26	1306.63	555.766	43111.8	3664.33	6157.48	126.881	49.6285	8.4532	33.4753	137.59	145.063	23.2127	0.128648
setup	0	2007-12-14 23:00:00	0	2.04432	12.0317	2.07046e-06	0	0.00111034	0.00353804	0.00191572	0.00241525	0.0031395	6.35667e-06	0	0	0	19.2182	1.04485	0.608627	0.0317282	0.0138303	0.448762	1.26734	1.0754	0.0167419	0.000924854	30068.4	257050	44577.3	64470.2	737.976	1242.3	196.922	198.299	20.7824	9037.7	1306.72	555.697	43111.5	3664.4	6157.9	127.651	49.9836	8.23797	33.019	137.484	145.145	23.2143	0.129404
setup	0	2007-12-15 23:00:00	0	2.77134	10.8949	0.00267718	0	0.00111128	0.00355461	0.00214643	0.0025184	0.00300695	5.93823e-06	0	0	0	19.3707	1.04284	0.513634	0.0248377	0.0136593	0.448857	1.19698	1.04746	0.0195791	0.00094339	30063.1	257044	44571.5	64467.4	742.271	1253.05	193.372	194.401	20.7149	9042.15	1306.81	555.631	43111.3	3664.09	6158.15	128.346	50.2764	8.0528	32.6793	137.306	145.185	23.2158	0.128956
setup	0	2007-12-16 23:00:00	0	2.80853	9.71821	1.57345e-06	0	0.00111184	0.00348661	0.00218676	0.00233765	0.00260793	5.49283e-06	0	0	0	19.461	1.04084	0.550054	0.0259722	0.0136346	0.348797	1.12703	1.0117	0.0175571	0.00095816	30057.4	257039	44567.3	64467	745.482	1263.89	190.373	192.043	20.6963	9046.6	1306.89	555.577	43111.1	3663.99	6158.61	128.872	50.6066	7.89461	32.4435	137.263	145.226	23.2174	0.127841
setup	0	2007-12-17 23:00:00	0	2.63483	7.06541	2.03614e-06	0	0.00111311	0.00338135	0.00171485	0.00113591	0.00123902	5.10246e-06	0	0	0	19.485	1.0388	0.557087	0.026128	0.0136258	0.258709	0.934681	0.91464	0.0153276	0.000961469	30051.4	257037	44566	64467	745.989	1274.63	189.44	191.8	21.0463	9051.15	1306.98	555.533	43111.1	3664.01	6158.84	129.084	50.9415	7.83611	32.3511	137.338	145.267	23.2191	0.126788
setup	0	2007-12-18 23:00:00	0	2.49025	5.10464	2.12201e-06	0	0.00111492	0.00349942	0.00142663	0.000595843	0.000637843	4.83622e-06	0	0	0	19.4392	1.03673	0.57661	0.026822	0.0136286	0.268616	0.744551	0.753948	0.0103105	0.000952188	30045.4	257036	44566.8	64467.3	745.075	1285.35	189.763	192.898	21.5186	9055.75	1307.08	555.487	43111	3664.15	6158.86	129.082	51.2973	7.83892	32.405	137.376	145.31	23.2209	0.126421
setup	0	2007-12-19 23:00:00	0	2.47644	4.9072	0.00232966	0	0.00111696	0.00351105	0.00134481	0.000480082	0.000550418	4.77645e-06	0	0	0	19.3207	1.03466	0.572568	0.0267689	0.0136747	0.136021	0.702621	0.713952	0.00765585	0.000945823	30038.9	257036	44568	64468.4	744.325	1295.98	190.084	194.335	21.6781	9060.34	1307.18	555.438	43111.1	3664.33	6159.04	129.055	51.6493	7.84198	32.5239	137.509	145.353	23.2227	0.126436
setup	0	2007-12-20 23:00:00	0	2.19713	6.58389	1.77935e-06	0	0.00112044	0.00343332	0.0017104	0.00169268	0.0018065	4.8989e-06	0	0	0	19.1267	1.03255	0.591107	0.0291826	0.0140008	0.101594	0.823609	0.773356	0.00971097	0.000935436	30032.1	257035	44567.4	64468.7	745.629	1306.55	189.066	194.422	21.4541	9064.76	1307.28	555.385	43111.2	3664.51	6159.32	129.221	52.003	7.78113	32.5813	137.644	145.413	23.2246	0.126549
setup	0	2007-12-21 23:00:00	0	2.0684	6.19061	1.8612e-06	0	0.00112328	0.00345532	0.00166829	0.00143486	0.001476	5.08338e-06	0	0	0	18.8555	1.03044	0.584164	0.0294226	0.013653	0.21954	0.781161	0.748242	0.00786507	0.000916314	30025.9	257033	44567.3	64469.3	746.612	1316.81	188.353	194.713	21.3632	9069.2	1307.38	555.326	43111.2	3664.67	6159.54	129.384	52.3463	7.73485	32.6153	137.669	145.476	23.2264	0.126131
setup	0	2007-12-22 23:00:00	0	2.20371	5.78772	2.32141e-06	0	0.0011252	0.00339801	0.00143088	0.000738954	0.000838305	5.14654e-06	0	0	0	18.506	1.02836	0.548379	0.0268161	0.0136461	0.19856	0.783105	0.758523	0.00774689	0.00092224	30019.6	257033	44567.7	64470.6	746.705	1326.52	188.133	195.466	21.5449	9073.74	1307.48	555.27	43111.2	3664.84	6159.81	129.439	52.67	7.71132	32.6924	137.749	145.518	23.2283	0.126335
setup	0	2007-12-23 23:00:00	0	2.09947	4.2774	0.00237127	0	0.00112719	0.00344298	0.001214	0.000275827	0.000350722	5.10557e-06	0	0	0	18.0776	1.02628	0.536012	0.0271358	0.0136275	0.120526	0.631573	0.645838	0.00544201	0.000922305	30012.9	257033	44569.6	64471.4	745.699	1335.76	189.173	196.828	21.8314	9078.36	1307.59	555.219	43111.3	3665.02	6159.86	129.381	52.9776	7.74802	32.801	137.892	145.565	23.2301	0.126327
setup	0	2007-12-24 23:00:00	0	1.8701	3.50133	1.52654e-06	0	0.00112979	0.00347122	0.00111946	0.000121223	0.000194398	5.14834e-06	0	0	0	17.5703	1.0242	0.533922	0.0289086	0.0136269	0.0407803	0.53428	0.558838	0.00349591	0.00090559	30005.9	257035	44572.3	64472.4	744.589	1344.48	190.886	198.078	22.0797	9083	1307.69	555.163	43111.5	3665.23	6159.88	129.305	53.2684	7.81697	32.9051	138.084	145.628	23.2321	0.125832
setup	0	2007-12-25 23:00:00	0	1.65127	3.0749	1.70088e-06	0	0.001133	0.0033332	0.00106675	6.9269e-05	0.000129169	5.3569e-06	0	0	0	16.9853	1.02212	0.527922	0.0305581	0.0136269	0.00267553	0.474472	0.498014	0.0021225	0.000893473	29998.8	257037	44575.4	64473.5	743.532	1352.62	192.981	199.165	22.288	9087.66	1307.81	555.099	43111.8	3665.44	6159.88	129.23	53.5393	7.90406	32.9986	138.295	145.707	23.2342	0.125745
setup	0	2007-12-26 23:00:00	0	1.50376	2.852	1.97167e-06	0	0.00113652	0.00329011	0.001039	4.5489e-05	0.000101627	5.69617e-06	0	0	0	16.3244	1.02004	0.510372	0.0312354	0.0136291	5.96311e-14	0.44366	0.463179	0.00130537	0.000890226	29991.4	257039	44578.8	64474.6	742.537	1360.08	195.302	200.133	22.4513	9092.33	1307.92	555.031	43112	3665.66	6159.85	129.153	53.7863	8.00176	33.085	138.498	145.792	23.2362	0.125742
setup	0	2007-12-27 23:00:00	0	1.36875	5.74243	1.8635e-06	0	0.00114084	0.00340726	0.00165137	0.00171032	0.00171439	6.11922e-06	0	0	0	15.5899	1.01797	0.483604	0.0311911	0.0139391	5.96311e-14	0.721887	0.652305	0.00842534	0.000891348	29983.9	257039	44579.4	64475.1	744.141	1367.02	194.95	200.379	21.6753	9096.74	1308.03	554.962	43112.2	3665.86	6160.08	129.241	54.0091	7.97406	33.2051	138.689	145.873	23.2382	0.125448
setup	0	2007-12-28 23:00:00	0	1.25175	6.06363	0.0031663	0	0.00114477	0.00339837	0.00163451	0.00164937	0.00176842	6.54905e-06	0	0	0	14.7853	1.01592	0.454276	0.0311469	0.0137954	0.0436183	0.70717	0.667286	0.00527109	0.000875729	29977	257038	44579.6	64476.3	745.82	1373.07	194.165	200.236	21.6575	9101.15	1308.14	554.893	43112.4	3666.06	6160.43	129.501	54.2005	7.9256	33.219	138.821	145.954	23.2402	0.125619
setup	0	2007-12-29 23:00:00	0	1.23957	5.85291	1.39189e-06	0	0.00114801	0.00332868	0.00148597	0.00127479	0.00133213	6.65702e-06	0	0	0	13.9147	1.0139	0.413851	0.0301508	0.0136762	0.0923167	0.723429	0.672019	0.00528102	0.000867175	29970.3	257037	44580.1	64477	747.014	1378.21	193.621	200.548	21.5893	9105.56	1308.24	554.827	43112.5	3666.24	6160.65	129.666	54.3581	7.88851	33.261	138.949	146.027	23.2422	0.125612
setup	0	2007-12-30 23:00:00	0	1.26208	5.96885	1.53201e-06	0	0.00115091	0.00333185	0.00146839	0.00119785	0.00125272	6.44894e-06	0	0	0	12.9829	1.01191	0.370145	0.029044	0.0136768	0.108059	0.748097	0.698258	0.00582832	0.000873667	29963.8	257036	44580.5	64477.5	748.087	1382.39	193.034	201.016	21.4933	9109.96	1308.35	554.765	43112.6	3666.43	6160.86	129.81	54.4796	7.84944	33.3253	139.066	146.09	23.2441	0.125915
setup	0	2007-12-31 23:00:00	0	1.23723	5.92373	1.79202e-06	0	0.0011536	0.00301421	0.00156851	0.00112878	0.00114028	6.0882e-06	0	0	0	11.9952	1.00995	0.33108	0.0286713	0.0136374	0.148185	1.22796	1.01445	0.0065506	0.000955949	29957.3	257036	44567.7	64393.3	749.203	1385.54	192.518	201.14	21.8349	9114.37	1308.45	554.705	43112.7	3667.58	6153.46	129.082	54.5639	7.81371	33.3661	133.454	146.15	23.246	0.125546
setup	0	2008-01-01 23:00:00	0	1.25163	4.90891	0.00342203	0	0.00115652	0.00367778	0.00125071	0.000392369	0.000491785	5.74993e-06	0	0	0	10.9578	1.00799	0.284367	0.0276639	0.0136257	0.154673	0.678991	0.652669	0.00544586	0.000928238	29950.8	257036	44569.2	64394.6	749.172	1387.47	192.983	201.554	22.6667	9118.93	1308.56	554.646	43112.7	3667.76	6153.6	129.198	54.606	7.82308	33.3723	133.607	146.203	23.2479	0.125569
setup	0	2008-01-02 23:00:00	0	1.19023	3.89882	1.80415e-06	0	0.00115985	0.00395904	0.00112864	0.000146744	0.000242995	5.55313e-06	0	0	0	9.87719	1.00605	0.243656	0.0274854	0.0136258	0.0788419	0.616269	0.604109	0.00412902	0.000929493	29944.2	257037	44571.8	64395.5	748.379	1388.31	194.435	202.45	23.4478	9123.53	1308.66	554.588	43112.9	3667.96	6153.62	129.16	54.6087	7.87855	33.4198	133.885	146.256	23.2498	0.125124
setup	0	2008-01-03 23:00:00	0	1.0025	3.4015	2.12028e-06	0	0.0011641	0.00423638	0.0010815	7.77616e-05	0.000158025	5.53786e-06	0	0	0	8.7606	1.0041	0.219219	0.0292214	0.0136257	0.0209961	0.553377	0.549427	0.00297523	0.000929007	29937.3	257039	44574.9	64396.5	747.447	1388.05	196.366	203.371	24.1858	9128.15	1308.77	554.525	43113.1	3668.17	6153.61	129.107	54.5731	7.95663	33.4778	134.193	146.325	23.2518	0.125082
setup	0	2008-01-04 23:00:00	0	0.84515	3.1356	1.70682e-06	0	0.00116905	0.00442879	0.00105979	4.88064e-05	0.000120369	5.68762e-06	0	0	0	7.61551	1.00214	0.188867	0.0304227	0.0136258	3.52366e-14	0.516354	0.513037	0.00211834	0.000931415	29930.2	257041	44578.2	64397.6	746.504	1386.66	198.562	204.264	24.8637	9132.78	1308.88	554.459	43113.3	3668.39	6153.58	129.048	54.4975	8.04713	33.5395	134.506	146.406	23.2539	0.12512
setup	0	2008-01-05 23:00:00	0	0.75536	2.99526	2.17551e-06	0	0.00117439	0.00471545	0.00105358	3.96616e-05	0.00010174	5.96358e-06	0	0	0	6.44982	1.00018	0.150233	0.0308026	0.0136262	3.52366e-14	0.496053	0.49145	0.00151926	0.000939723	29922.9	257044	44581.7	64398.7	745.575	1384.12	200.902	205.135	25.4829	9137.42	1308.99	554.39	43113.6	3668.6	6153.53	128.983	54.3805	8.14455	33.604	134.812	146.491	23.2559	0.125164
setup	0	2008-01-06 23:00:00	0	0.689072	2.88965	2.50315e-06	0	0.00117997	0.00493573	0.00104669	2.15932e-05	9.14271e-05	6.33362e-06	0	0	0	5.27165	0.998225	0.107251	0.030759	0.0136256	3.52366e-14	0.480635	0.476276	0.00101245	0.000939538	29915.5	257046	44585.4	64399.8	744.681	1380.42	203.348	205.97	26.0446	9142.06	1309.11	554.322	43113.8	3668.82	6153.47	128.914	54.2213	8.24701	33.6703	135.112	146.576	23.258	0.125049
setup	0	2008-01-07 23:00:00	0	0.630526	2.80845	2.63216e-06	0	0.00118587	0.00490076	0.00103693	1.41227e-05	8.51418e-05	6.74522e-06	0	0	0	4.67885	0.996278	0.0856635	0.0307155	0.0136256	3.52366e-14	0.467939	0.464084	0.000558207	0.000932332	29908.1	257048	44589.1	64400.9	743.827	1376.16	205.869	206.764	26.5558	9146.71	1309.22	554.253	43114	3669.03	6153.4	128.842	54.0415	8.3532	33.7374	135.406	146.661	23.2601	0.124579
setup	0	2008-01-08 23:00:00	0	0.597434	2.75862	2.97578e-06	0	0.00119287	0.00507133	0.00103262	2.06542e-05	8.12273e-05	7.13661e-06	0	0	0	4.67562	0.994349	0.0856227	0.0306721	0.0136256	3.52366e-14	0.460336	0.455512	0.00025165	0.000931204	29900.7	257051	44592.9	64401.9	742.993	1371.92	208.448	207.519	27.0245	9151.35	1309.33	554.185	43114.3	3669.25	6153.31	128.766	53.8625	8.46219	33.8051	135.696	146.746	23.2622	0.124817
setup	0	2008-01-09 23:00:00	0	0.574235	2.77559	2.54961e-06	0	0.00118369	0.0052765	0.0010344	2.02284e-05	8.07344e-05	7.46357e-06	0	0	0	4.67239	0.992435	0.0855818	0.0306287	0.0136256	3.52366e-14	0.460493	0.455988	0.000205142	0.000935089	29893.2	257053	44596.6	64402.8	742.158	1367.69	211.007	208.301	27.4348	9155.99	1309.45	554.116	43114.5	3669.46	6153.2	128.686	53.6841	8.57044	33.8776	135.981	146.831	23.2643	0.124745
setup	0	2008-01-10 23:00:00	0	0.557562	2.80239	0.0051184	0	0.00117467	0.00547212	0.00103711	1.83931e-05	8.10949e-05	7.75474e-06	0	0	0	4.66914	0.990529	0.085541	0.0305854	0.0136256	3.52366e-14	0.461988	0.457165	0.000203466	0.000937769	29885.7	257056	44600.4	64403.7	741.322	1363.47	213.519	209.124	27.8	9160.63	1309.56	554.048	43114.7	3669.67	6153.1	128.606	53.5065	8.67663	33.9558	136.263	146.916	23.2664	0.124662
setup	0	2008-01-11 23:00:00	0	0.544085	2.84536	2.02498e-06	0	0.00118054	0.00549415	0.00103491	1.09011e-05	8.26635e-05	8.00139e-06	0	0	0	4.66587	0.98863	0.0855002	0.0305421	0.0136388	3.52366e-14	0.466088	0.461272	0.000242912	0.000933399	29878.3	257058	44604	64404.7	740.491	1359.28	215.935	210.028	28.1286	9165.27	1309.68	553.98	43114.9	3669.88	6153.01	128.523	53.3296	8.77858	34.0426	136.541	147.001	23.2685	0.124236
setup	0	2008-01-12 23:00:00	0	0.542996	2.90199	2.29345e-06	0	0.00118653	0.00555432	0.00103465	1.62623e-05	8.47424e-05	8.13392e-06	0	0	0	4.66263	0.986743	0.0854595	0.030499	0.0136473	3.52366e-14	0.470583	0.466789	0.000304373	0.000930917	29870.9	257060	44607.7	64405.7	739.67	1355.11	218.24	211.021	28.4063	9169.9	1309.79	553.911	43115.1	3670.08	6152.94	128.44	53.1534	8.87565	34.1392	136.815	147.086	23.2705	0.124296
setup	0	2008-01-13 23:00:00	0	0.552732	2.90603	2.36234e-06	0	0.00119258	0.00582642	0.00104086	2.66398e-05	8.38483e-05	8.12371e-06	0	0	0	4.6594	0.984863	0.0854187	0.0304559	0.0136366	3.52366e-14	0.470984	0.465715	0.000263257	0.000937596	29863.4	257062	44611.3	64406.7	738.849	1350.94	220.539	211.995	28.6753	9174.52	1309.91	553.843	43115.4	3670.29	6152.86	128.354	52.9779	8.97253	34.2371	137.088	147.171	23.2726	0.124624
setup	0	2008-01-14 23:00:00	0	0.544031	5.04947	0.00540006	0	0.00119931	0.00530414	0.00115857	0.000199044	0.000336215	8.00179e-06	0	0	0	4.65616	0.982983	0.085378	0.0304128	0.0138945	3.52366e-14	0.708947	0.664401	0.00466384	0.000959593	29856	257062	44612.7	64408.8	739.047	1346.84	220.036	214.102	28.144	9179.04	1310.02	553.775	43115.6	3670.48	6153.18	128.264	52.8032	8.94242	34.5213	137.344	147.254	23.2747	0.124619
setup	0	2008-01-15 23:00:00	0	0.54376	6.73638	1.90015e-06	0	0.00120591	0.00624701	0.00144395	0.000878933	0.00101947	7.8487e-06	0	0	0	4.65292	0.981111	0.0853374	0.0303699	0.0138147	3.52366e-14	0.821571	0.741098	0.00645092	0.000971064	29849.1	257061	44612.5	64410.2	741.013	1342.74	218.025	214.297	27.9648	9183.5	1310.12	553.707	43115.8	3670.68	6153.6	128.423	52.6284	8.84407	34.6466	137.6	147.337	23.2766	0.12467
setup	0	2008-01-16 23:00:00	0	0.539369	7.61008	2.27705e-06	0	0.00121253	0.00587932	0.00173698	0.00166841	0.00188022	7.55474e-06	0	0	0	4.64981	0.979267	0.0852967	0.030327	0.0138313	0.0987092	0.875786	0.764658	0.00681016	0.000967522	29842.9	257058	44611.4	64409.6	743.687	1338.74	215.495	213.379	27.9977	9187.84	1310.22	553.639	43115.9	3670.85	6153.85	128.703	52.4555	8.72301	34.6246	137.814	147.417	23.2785	0.124901
setup	0	2008-01-17 23:00:00	0	0.709893	8.81569	2.15839e-06	0	0.0012186	0.00599014	0.00167353	0.00164982	0.0018784	7.13274e-06	0	0	0	4.76954	0.977454	0.0714282	0.0281717	0.0138932	0.120583	0.963827	0.84455	0.00780528	0.000974373	29837.1	257054	44609.1	64410.1	747.396	1334.83	211.978	211.603	27.9009	9192.17	1310.32	553.578	43116	3671.01	6154.37	129.139	52.2857	8.55713	34.5191	137.993	147.477	23.2803	0.125413
setup	0	2008-01-18 23:00:00	0	0.758722	8.54525	2.8576e-06	0	0.00122406	0.0059734	0.00165749	0.00137782	0.00154146	6.64871e-06	0	0	0	4.77401	0.975663	0.066683	0.0276446	0.0136978	0.24409	0.967046	0.862447	0.00899104	0.000981383	29832.3	257051	44607	64409.9	750.577	1330.88	208.918	209.889	27.9771	9196.5	1310.42	553.519	43115.9	3671.14	6154.7	129.542	52.1146	8.41179	34.3892	138.077	147.533	23.2821	0.125392
setup	0	2008-01-19 23:00:00	0	0.963843	8.92097	0.00599379	0	0.00122889	0.00620702	0.00169694	0.00148306	0.00167922	6.15696e-06	0	0	0	4.77909	0.973914	0.0487823	0.0258652	0.0137776	0.249802	1.01148	0.903387	0.0110483	0.000994483	29827.8	257047	44604.6	64409.7	753.821	1326.9	205.759	207.907	28.0145	9200.83	1310.51	553.46	43115.9	3671.28	6155.08	129.971	51.9398	8.262	34.2412	138.152	147.572	23.2839	0.125887
setup	0	2008-01-20 23:00:00	0	0.98702	11.4429	2.42833e-06	0	0.00123466	0.00624968	0.00186349	0.00229847	0.00304545	5.69741e-06	0	0	0	4.78466	0.972194	0.049031	0.0258327	0.0146653	0.439326	1.26543	1.11234	0.0224976	0.00100053	29825.7	257041	44599	64410.3	758.935	1322.72	202.095	202.463	27.7418	9205.18	1310.6	553.401	43115.6	3670.99	6155.75	130.623	51.7606	8.08808	33.8027	138.112	147.612	23.2854	0.126955
setup	0	2008-01-21 23:00:00	0	1.36463	10.1725	2.46488e-06	0	0.00123752	0.00612152	0.00220986	0.00238312	0.00257523	5.25991e-06	0	0	0	4.79116	0.970573	0.0492902	0.0258002	0.0136312	0.514532	1.246	1.14298	0.026379	0.00102185	29825.5	257035	44593.5	64408	762.31	1318.52	199.125	198.671	27.9444	9209.52	1310.67	553.322	43115.3	3670.09	6155.87	131.12	51.5813	7.94546	33.3572	138.121	147.652	23.2868	0.126223
setup	0	2008-01-22 23:00:00	0	1.51032	8.97241	0.00648196	0	0.00123984	0.00632775	0.0021138	0.00199129	0.00207749	4.87264e-06	0	0	0	4.79853	0.969019	0.0495612	0.0257674	0.0136356	0.486065	1.14014	1.05765	0.0220571	0.00107495	29825.8	257031	44590.2	64407.2	764.098	1314.39	196.648	196.998	28.2485	9213.87	1310.76	553.237	43115	3669.75	6156.03	131.426	51.4042	7.82571	33.1346	138.11	147.691	23.2884	0.126089
setup	0	2008-01-23 23:00:00	0	1.36656	7.66954	3.29731e-06	0	0.0012425	0.00616359	0.00189489	0.0013581	0.00143996	4.56793e-06	0	0	0	4.80644	0.967466	0.0498465	0.0257346	0.0136584	0.290111	1.00147	0.973855	0.0176684	0.00110973	29823.6	257029	44588.7	64407	764.602	1310.27	195.066	196.641	28.6849	9218.29	1310.84	553.161	43114.9	3669.75	6156.23	131.617	51.2282	7.74661	33.0323	138.248	147.732	23.2899	0.126038
setup	0	2008-01-24 23:00:00	0	1.02201	5.4088	3.03506e-06	0	0.00124632	0.00632381	0.00157505	0.000640096	0.000645994	4.41095e-06	0	0	0	4.81429	0.965834	0.0501486	0.0257021	0.013628	0.181021	0.770833	0.791758	0.0108687	0.00108976	29819.9	257028	44589.8	64407.4	763.588	1306.25	195.137	197.745	29.2743	9222.77	1310.94	553.104	43115	3669.92	6156.28	131.622	51.0558	7.74276	33.0805	138.437	147.774	23.2917	0.125551
setup	0	2008-01-25 23:00:00	0	0.832582	4.21847	0.00260166	0	0.0012509	0.0062858	0.00138491	0.000312341	0.00030325	4.50302e-06	0	0	0	4.82228	0.964135	0.0560646	0.0261799	0.0136285	0.0388687	0.628206	0.666631	0.00597621	0.00105838	29813.9	257029	44592	64408.2	762.311	1302.34	196.146	199.153	29.7678	9227.31	1311.04	553.051	43115.1	3670.12	6156.33	131.568	50.888	7.78193	33.179	138.723	147.821	23.2936	0.125865
setup	0	2008-01-26 23:00:00	0	0.600174	3.66183	2.29954e-06	0	0.0012564	0.0062663	0.00127853	0.000172248	0.000177954	4.77354e-06	0	0	0	4.83031	0.962359	0.0896516	0.0291464	0.0136276	0.0101078	0.554677	0.589179	0.00349832	0.00102776	29807.4	257030	44594.8	64409.1	761.068	1298.49	197.659	200.536	30.1338	9231.86	1311.15	552.987	43115.4	3670.33	6156.35	131.499	50.7302	7.84417	33.2902	139.007	147.898	23.2955	0.125266
setup	0	2008-01-27 23:00:00	0	0.548845	3.5058	2.27088e-06	0	0.00126207	0.0062682	0.00121699	0.000117247	0.000141039	5.18375e-06	0	0	0	4.83876	0.960566	0.0968166	0.0296908	0.0136351	0.00532331	0.53313	0.560241	0.00253693	0.00100299	29800.9	257032	44597.7	64410.1	759.896	1294.69	199.293	201.968	30.3587	9236.42	1311.25	552.921	43115.6	3670.54	6156.35	131.419	50.5758	7.91217	33.4149	139.284	147.98	23.2975	0.125048
setup	0	2008-01-28 23:00:00	0	0.542975	3.30825	2.84135e-06	0	0.00126768	0.00616243	0.00117449	9.16044e-05	0.000114894	5.68206e-06	0	0	0	4.84775	0.958773	0.0986261	0.0297454	0.013626	-1.35525e-14	0.510071	0.532498	0.0018321	0.000984888	29794	257033	44600.7	64411.1	758.783	1290.93	201.135	203.267	30.5531	9240.99	1311.37	552.855	43115.8	3670.74	6156.33	131.333	50.4235	7.98974	33.5378	139.557	148.063	23.2996	0.125094
setup	0	2008-01-29 23:00:00	0	0.534055	3.18553	2.25906e-06	0	0.00127329	0.00627887	0.00114723	7.25686e-05	9.98911e-05	6.12111e-06	0	0	0	4.85725	0.956971	0.100385	0.0297903	0.0136257	-1.35525e-14	0.493599	0.513297	0.0013217	0.000974529	29786.9	257035	44603.9	64412	757.736	1287.21	203.103	204.484	30.6986	9245.56	1311.48	552.787	43116	3670.94	6156.29	131.245	50.2731	8.07313	33.6596	139.823	148.147	23.3016	0.124935
setup	0	2008-01-30 23:00:00	0	0.54314	3.09252	1.88077e-06	0	0.00127887	0.00625213	0.00113282	7.00934e-05	9.00445e-05	6.51604e-06	0	0	0	4.86731	0.955165	0.101202	0.0297484	0.0136256	-1.35525e-14	0.480528	0.497112	0.0008626	0.000974037	29779.6	257036	44607.2	64413	756.749	1283.53	205.161	205.626	30.8124	9250.13	1311.59	552.72	43116.2	3671.14	6156.25	131.156	50.1245	8.16074	33.7793	140.083	148.231	23.3037	0.125082
setup	0	2008-01-31 23:00:00	0	0.549271	3.01423	0.0103681	0	0.00128454	0.00617856	0.00112759	6.32101e-05	8.3689e-05	6.8929e-06	0	0	0	4.87794	0.953353	0.10206	0.0297065	0.0136257	-1.35525e-14	0.469878	0.483841	0.000442494	0.000980167	29772.1	257038	44610.5	64414	755.81	1279.87	207.298	206.698	30.8954	9254.71	1311.7	552.653	43116.4	3671.34	6156.19	131.068	49.9775	8.25197	33.8962	140.34	148.315	23.3058	0.125327
setup	0	2008-02-01 23:00:00	0	0.543757	2.95882	1.53504e-06	0	0.00129134	0.00624012	0.00111795	4.89405e-05	8.0265e-05	7.31391e-06	0	0	0	4.88916	0.951536	0.10296	0.0296647	0.0136257	-1.35525e-14	0.464107	0.475006	0.000227413	0.000979144	29764.5	257040	44613.9	64414.8	754.897	1276.25	209.496	207.72	30.9649	9259.29	1311.82	552.586	43116.7	3671.54	6156.11	130.977	49.8321	8.34608	34.0116	140.594	148.4	23.3078	0.124733
setup	0	2008-02-02 23:00:00	0	0.539968	2.96524	1.09769e-06	0	0.00128872	0.00609659	0.00110842	4.51627e-05	8.01057e-05	7.79923e-06	0	0	0	4.90104	0.949721	0.103903	0.029623	0.0136256	-1.35525e-14	0.465099	0.47446	0.000219326	0.000975197	29756.9	257042	44617.3	64415.6	753.991	1272.65	211.671	208.768	30.9944	9263.86	1311.93	552.519	43116.9	3671.73	6156.02	130.883	49.6883	8.43919	34.1313	140.844	148.484	23.3099	0.124701
setup	0	2008-02-03 23:00:00	0	0.524446	2.97195	8.97177e-07	0	0.00129298	0.00598104	0.00109472	3.09412e-05	8.04013e-05	8.24247e-06	0	0	0	4.91362	0.947914	0.104891	0.0295813	0.0136256	-1.35525e-14	0.466032	0.474438	0.000220019	0.000963071	29749.6	257044	44620.6	64416.4	753.1	1269.09	213.809	209.837	30.9958	9268.43	1312.04	552.452	43117.1	3671.92	6155.93	130.789	49.5461	8.53083	34.255	141.091	148.568	23.312	0.124537
setup	0	2008-02-04 23:00:00	0	0.532382	2.98959	4.32877e-07	0	0.00129802	0.00612733	0.00108991	4.55428e-05	8.05463e-05	8.57087e-06	0	0	0	4.92696	0.946116	0.105925	0.0295397	0.0136256	-1.35525e-14	0.467564	0.474239	0.000221715	0.000961291	29742.3	257045	44623.9	64417.1	752.217	1265.56	215.908	210.924	30.9773	9273	1312.16	552.385	43117.3	3672.12	6155.84	130.694	49.4055	8.62074	34.3821	141.336	148.652	23.3141	0.124798
setup	0	2008-02-05 23:00:00	0	0.54267	3.09189	0.00120646	0	0.00130315	0.00609927	0.00110004	5.00595e-05	8.46577e-05	8.72317e-06	0	0	0	4.94104	0.944324	0.107007	0.0294982	0.0136575	-1.35525e-14	0.47848	0.484652	0.000359696	0.000974692	29734.7	257047	44627.1	64418	751.338	1262.06	217.818	212.169	30.9069	9277.56	1312.27	552.319	43117.5	3672.31	6155.79	130.597	49.2666	8.70239	34.5236	141.579	148.736	23.3162	0.125049
setup	0	2008-02-06 23:00:00	0	0.539608	3.77568	0.00205739	0	0.0013083	0.00601366	0.00112574	5.69587e-05	0.000129796	8.78369e-06	0	0	0	4.95584	0.942526	0.108139	0.0294567	0.0137201	-1.35525e-14	0.555408	0.557248	0.00154162	0.000989129	29727.2	257048	44629.7	64419.9	750.612	1258.61	218.64	214.238	30.5145	9282.07	1312.38	552.252	43117.7	3672.5	6155.94	130.487	49.1297	8.73596	34.7504	141.814	148.819	23.3182	0.124789
setup	0	2008-02-07 23:00:00	0	0.515485	5.631	0.01436	0	0.00131381	0.00606757	0.00125865	0.000318192	0.000468954	8.80753e-06	0	0	0	4.97143	0.940733	0.109322	0.0294153	0.0138359	-1.35525e-14	0.745892	0.685771	0.00446889	0.000987717	29719.9	257047	44630.3	64422.1	751.224	1255.21	217.294	215.92	30.0029	9286.51	1312.49	552.185	43117.9	3672.68	6156.35	130.444	48.994	8.6735	35.0484	142.034	148.901	23.3202	0.12428
setup	0	2008-02-08 23:00:00	0	0.506492	8.40131	0.00199898	0	0.00131976	0.00592343	0.00177935	0.00191214	0.00222236	8.63585e-06	0	0	0	4.98789	0.938959	0.110558	0.029374	0.0141952	-1.35525e-14	0.91916	0.787312	0.00703515	0.000978927	29713.6	257043	44628.1	64422.4	754.431	1251.94	213.733	215.026	29.4998	9290.78	1312.59	552.119	43118.1	3672.85	6156.87	130.739	48.8614	8.51353	35.1256	142.266	148.98	23.3221	0.125308
setup	0	2008-02-09 23:00:00	0	0.525049	8.49152	0.00120951	0	0.00132482	0.00583414	0.00170118	0.00151004	0.00165707	8.20384e-06	0	0	0	5.0054	0.937224	0.111848	0.0293327	0.0137039	0.0187198	0.921772	0.810858	0.00598359	0.00099065	29707.7	257039	44625.9	64422.5	757.387	1248.68	210.081	214.162	29.2738	9295.03	1312.69	552.052	43118.2	3673.02	6157.37	131.089	48.7295	8.34934	35.117	142.518	149.059	23.324	0.125781
setup	0	2008-02-10 23:00:00	0	0.556588	7.9684	0.00275921	0	0.00132954	0.00598183	0.00161865	0.0011616	0.00129161	7.62631e-06	0	0	0	5.02387	0.935509	0.108668	0.0289496	0.0136666	0.0518375	0.894729	0.803368	0.00643524	0.00100129	29702.1	257036	44624.1	64422.2	759.637	1245.42	207.017	213.719	29.1441	9299.28	1312.79	551.988	43118.4	3673.19	6157.74	131.39	48.5974	8.21112	35.1277	142.734	149.135	23.3258	0.12554
setup	0	2008-02-11 23:00:00	0	0.612163	7.96516	0.0157588	0	0.00133414	0.00601721	0.00161223	0.00116705	0.00130424	7.04717e-06	0	0	0	5.04329	0.93381	0.101499	0.0282754	0.0137125	0.0494367	0.896572	0.812248	0.00719241	0.00101021	29696.5	257033	44622.4	64422	761.731	1242.18	204.026	213.396	28.977	9303.52	1312.89	551.927	43118.5	3673.36	6158.14	131.699	48.4638	8.07617	35.155	142.926	149.204	23.3276	0.125866
setup	0	2008-02-12 23:00:00	0	0.610831	9.22615	0.000439935	0	0.00133906	0.0058598	0.00170909	0.00150468	0.00172307	6.53467e-06	0	0	0	5.06364	0.932115	0.103454	0.0282852	0.0138779	0.0597552	1.01781	0.897325	0.00950481	0.0010255	29691.2	257028	44619.4	64422.3	764.858	1238.89	200.341	211.878	28.6477	9307.76	1312.98	551.866	43118.7	3673.51	6158.72	132.094	48.3303	7.9101	35.1176	143.126	149.274	23.3294	0.126276
setup	0	2008-02-13 23:00:00	0	0.635518	8.7756	0.00199417	0	0.00134338	0.0057239	0.00177076	0.00141669	0.00156137	6.08318e-06	0	0	0	5.08498	0.930434	0.102078	0.0280493	0.0136899	0.0902011	1.00749	0.912192	0.0109054	0.00104189	29686.4	257024	44616.8	64421.7	767.235	1235.61	197.183	210.682	28.547	9312	1313.07	551.806	43118.7	3673.67	6159.13	132.447	48.1967	7.76717	35.0614	143.325	149.342	23.3311	0.126367
setup	0	2008-02-14 23:00:00	0	0.695151	8.22815	0.00259192	0	0.00134739	0.00587979	0.00177733	0.00135623	0.00146284	5.6935e-06	0	0	0	5.10742	0.92878	0.095243	0.0274279	0.0136779	0.113242	0.980116	0.9022	0.011307	0.00106102	29682.1	257020	44614.8	64420.9	768.822	1232.37	194.506	210.143	28.541	9316.22	1313.16	551.749	43118.8	3673.82	6159.45	132.725	48.0622	7.64568	35.0437	143.512	149.404	23.3327	0.126249
setup	0	2008-02-15 23:00:00	0	0.726119	7.48688	0.0147595	0	0.0013509	0.00589889	0.00168464	0.000897078	0.00104212	5.36193e-06	0	0	0	5.13095	0.927142	0.0902734	0.0269519	0.0136263	0.0834293	0.910077	0.865783	0.00998564	0.0010712	29677.2	257018	44613.5	64421.6	769.811	1229.07	192.533	209.914	28.6478	9320.54	1313.26	551.694	43118.9	3673.98	6159.87	132.945	47.9257	7.55507	35.0468	143.728	149.463	23.3344	0.125846
setup	0	2008-02-16 23:00:00	0	0.673096	5.41894	0.00268949	0	0.00135454	0.00575499	0.00142768	0.000366549	0.000473294	5.18221e-06	0	0	0	5.15537	0.925487	0.100062	0.0275015	0.0136258	0.0779349	0.737067	0.743401	0.00741473	0.0010631	29672.2	257017	44614.2	64422	769.102	1225.79	192.327	210.962	28.9405	9324.96	1313.35	551.637	43119.1	3674.15	6160.01	132.979	47.7946	7.54272	35.1282	143.951	149.53	23.3362	0.125749
setup	0	2008-02-17 23:00:00	0	0.653229	4.32338	0.00409105	0	0.00135818	0.00570206	0.00131035	0.000184958	0.000255127	5.21788e-06	0	0	0	5.18082	0.923827	0.103202	0.0275787	0.0136256	0.0374599	0.62701	0.648944	0.00484765	0.00104569	29666.5	257017	44616	64422.6	768.021	1222.59	193.067	212.303	29.1709	9329.43	1313.46	551.579	43119.2	3674.33	6160.07	132.941	47.6679	7.57264	35.2468	144.196	149.598	23.3381	0.125411
setup	0	2008-02-18 23:00:00	0	0.58066	3.74313	0.00508857	0	0.00136204	0.00564028	0.00124018	0.000107706	0.000162694	5.48092e-06	0	0	0	5.20717	0.922142	0.11619	0.0283025	0.0136256	0.0102448	0.559258	0.583938	0.00312022	0.0010257	29660.3	257018	44618.4	64423.4	766.941	1219.48	194.323	213.616	29.3297	9333.91	1313.56	551.518	43119.4	3674.52	6160.1	132.885	47.549	7.6258	35.3723	144.45	149.674	23.3401	0.125231
setup	0	2008-02-19 23:00:00	0	0.538046	3.44371	0.00595725	0	0.00136602	0.00587137	0.00120013	7.90871e-05	0.000123226	5.87055e-06	0	0	0	5.23452	0.920441	0.125615	0.0287633	0.0136256	2.54788e-14	0.522758	0.544634	0.00214345	0.0010142	29653.5	257019	44621.1	64424.2	765.918	1216.42	195.856	214.857	29.4303	9338.41	1313.67	551.453	43119.6	3674.71	6160.1	132.821	47.4364	7.69141	35.4983	144.703	149.756	23.3421	0.125237
setup	0	2008-02-20 23:00:00	0	0.517781	3.26336	0.00465772	0	0.00137002	0.00528276	0.00117272	5.73577e-05	0.000104224	6.29758e-06	0	0	0	5.26289	0.918724	0.130167	0.0288893	0.0136258	2.54788e-14	0.50112	0.519761	0.00150806	0.00100388	29646.6	257020	44623.9	64425.1	764.957	1213.43	197.555	216.029	29.4896	9342.92	1313.78	551.387	43119.8	3674.9	6160.08	132.754	47.3277	7.76453	35.6233	144.949	149.839	23.3441	0.125007
setup	0	2008-02-21 23:00:00	0	0.519477	3.14354	0.00637918	0	0.00137399	0.00560808	0.00115338	5.20513e-05	9.36786e-05	6.74879e-06	0	0	0	5.29235	0.917003	0.132243	0.0288488	0.0136257	2.54788e-14	0.486249	0.502048	0.00102267	0.000996207	29639.4	257021	44626.9	64425.9	764.055	1210.48	199.362	217.135	29.5143	9347.42	1313.89	551.321	43120	3675.08	6160.05	132.685	47.2219	7.84267	35.7463	145.191	149.922	23.3462	0.124995
setup	0	2008-02-22 23:00:00	0	0.511166	3.0408	0.0167495	0	0.00137798	0.00563219	0.00113617	3.74679e-05	8.73196e-05	7.14519e-06	0	0	0	5.32296	0.915279	0.134397	0.0288084	0.0136256	2.54788e-14	0.474058	0.487832	0.000579886	0.000986135	29632.3	257023	44629.9	64426.8	763.206	1207.6	201.256	218.176	29.5123	9351.93	1314	551.256	43120.2	3675.27	6160.01	132.615	47.119	7.92473	35.8667	145.428	150.005	23.3483	0.124915
setup	0	2008-02-23 23:00:00	0	0.510474	2.96846	0.00611937	0	0.00138256	0.00550174	0.00111963	3.90396e-05	8.3151e-05	7.53037e-06	0	0	0	5.35477	0.913557	0.13663	0.0287681	0.0136256	2.54788e-14	0.465515	0.476573	0.000271573	0.000976156	29625.1	257024	44633	64427.6	762.394	1204.76	203.226	219.152	29.4996	9356.44	1314.12	551.19	43120.4	3675.45	6159.94	132.545	47.019	8.01032	35.984	145.662	150.089	23.3503	0.124714
setup	0	2008-02-24 23:00:00	0	0.512444	2.96556	0.0062513	0	0.00138202	0.00552658	0.00111256	4.06706e-05	8.2542e-05	7.84688e-06	0	0	0	5.38781	0.911841	0.138941	0.0287278	0.0136256	2.54788e-14	0.465701	0.475044	0.000243923	0.000975717	29618	257026	44636.1	64428.2	761.588	1201.96	205.192	220.138	29.4557	9360.95	1314.23	551.124	43120.6	3675.63	6159.86	132.472	46.9216	8.0958	36.103	145.895	150.172	23.3524	0.124987
setup	0	2008-02-25 23:00:00	0	0.519445	2.98214	0.00629992	0	0.0013832	0.00530019	0.00111417	4.51584e-05	8.28387e-05	8.12524e-06	0	0	0	5.42209	0.910126	0.141334	0.0286876	0.0136256	2.54788e-14	0.46802	0.47515	0.00024575	0.000982756	29610.7	257027	44639.1	64428.9	760.781	1199.22	207.121	221.15	29.3957	9365.46	1314.34	551.059	43120.8	3675.81	6159.79	132.397	46.8271	8.17977	36.2249	146.127	150.255	23.3545	0.125126
setup	0	2008-02-26 23:00:00	0	0.522156	2.99503	0.00587161	0	0.00138675	0.005392	0.00111871	4.20846e-05	8.31904e-05	8.37448e-06	0	0	0	5.45762	0.90841	0.14381	0.0286474	0.0136257	2.54788e-14	0.470328	0.475478	0.000247195	0.000991505	29603.3	257029	44642.1	64429.5	759.974	1196.52	209.015	222.185	29.3274	9369.96	1314.45	550.993	43121	3675.99	6159.71	132.32	46.7353	8.26226	36.3496	146.359	150.338	23.3566	0.125002
setup	0	2008-02-27 23:00:00	0	0.52824	3.0059	0.0176025	0	0.00139024	0.0054683	0.00112614	4.549e-05	8.34917e-05	8.61309e-06	0	0	0	5.49442	0.906694	0.14637	0.0286074	0.0136256	2.54788e-14	0.472552	0.476108	0.000249045	0.00100296	29595.8	257030	44645.2	64430.1	759.168	1193.86	210.875	223.241	29.2416	9374.46	1314.57	550.928	43121.2	3676.17	6159.63	132.241	46.6465	8.34332	36.4767	146.59	150.421	23.3586	0.12521
setup	0	2008-02-28 23:00:00	0	0.526499	3.01791	0.00554201	0	0.00139365	0.00534172	0.00113162	3.7702e-05	8.38585e-05	8.81996e-06	0	0	0	5.53251	0.904975	0.149016	0.0285673	0.0136256	2.54788e-14	0.474411	0.477239	0.000250206	0.00101069	29588.2	257032	44648.1	64430.7	758.366	1191.26	212.703	224.314	29.1585	9378.96	1314.68	550.862	43121.4	3676.35	6159.55	132.162	46.5606	8.42306	36.6062	146.822	150.505	23.3607	0.12507
setup	0	2008-02-29 23:00:00	0	0.525155	3.02642	0.00744679	0	0.00139702	0.00527364	0.00113464	3.60076e-05	8.42662e-05	9.01576e-06	0	0	0	5.57193	0.903259	0.151749	0.0285274	0.0136256	2.54788e-14	0.475949	0.47803	0.000251482	0.00101499	29580.6	257033	44651.1	64431.3	757.569	1188.71	214.499	225.4	29.068	9383.45	1314.79	550.797	43121.6	3676.52	6159.47	132.081	46.4778	8.50148	36.7378	147.052	150.588	23.3628	0.125001
setup	0	2008-03-01 23:00:00	0	0.519387	3.03009	0.00869885	0	0.00140033	0.00519003	0.00113351	2.95289e-05	8.47253e-05	9.19228e-06	0	0	0	5.61272	0.901548	0.15457	0.0284875	0.0136257	2.54788e-14	0.477106	0.478754	0.000252485	0.00101386	29573.2	257034	44654.1	64431.9	756.782	1186.21	216.264	226.497	28.9725	9387.94	1314.9	550.731	43121.8	3676.7	6159.4	132.001	46.3982	8.57865	36.8712	147.282	150.671	23.3648	0.125018
setup	0	2008-03-02 23:00:00	0	0.523679	3.03945	0.00827822	0	0.0014036	0.00507804	0.0011369	3.79935e-05	8.51094e-05	9.33099e-06	0	0	0	5.6549	0.899843	0.157481	0.0284477	0.0136292	2.54788e-14	0.478535	0.479343	0.000254396	0.00101872	29565.7	257036	44657	64432.5	756.001	1183.76	217.996	227.604	28.8747	9392.42	1315.01	550.666	43122	3676.87	6159.32	131.921	46.3218	8.65447	37.0063	147.512	150.754	23.3669	0.125222
setup	0	2008-03-03 23:00:00	0	0.526288	3.07323	0.00966432	0	0.00140684	0.00516953	0.00114536	3.76855e-05	8.63731e-05	9.40433e-06	0	0	0	5.69848	0.89814	0.160483	0.0284079	0.0136363	2.54788e-14	0.482602	0.482915	0.000289798	0.00102882	29558.1	257037	44659.9	64433.1	755.223	1181.37	219.648	228.763	28.771	9396.91	1315.13	550.601	43122.2	3677.05	6159.26	131.84	46.2488	8.72692	37.1459	147.741	150.837	23.369	0.125115
setup	0	2008-03-04 23:00:00	0	0.522222	3.10932	0.0200755	0	0.00141003	0.00518377	0.00114974	2.99219e-05	8.85121e-05	9.45392e-06	0	0	0	5.74345	0.896438	0.163577	0.0283683	0.0136455	2.54788e-14	0.487743	0.487788	0.00034981	0.00103244	29550.5	257038	44662.7	64433.9	754.455	1179.04	221.209	229.99	28.6398	9401.38	1315.24	550.536	43122.4	3677.23	6159.21	131.758	46.1791	8.79544	37.2923	147.969	150.919	23.371	0.125027
setup	0	2008-03-05 23:00:00	0	0.523657	3.05917	0.00971947	0	0.0014131	0.00505532	0.00115243	3.44961e-05	8.64043e-05	9.50732e-06	0	0	0	5.78987	0.894742	0.166763	0.0283286	0.0136301	2.54788e-14	0.483207	0.48215	0.000258276	0.00103598	29543	257039	44665.6	64434.4	753.691	1176.76	222.845	231.124	28.5499	9405.86	1315.35	550.471	43122.6	3677.4	6159.14	131.677	46.1129	8.86736	37.432	148.198	151.002	23.3731	0.125133
setup	0	2008-03-06 23:00:00	0	0.520156	3.06596	0.0101866	0	0.00141618	0.00500064	0.00115489	2.90044e-05	8.68808e-05	9.53361e-06	0	0	0	5.83772	0.893049	0.170044	0.0282891	0.0136269	2.54788e-14	0.484186	0.483683	0.000259207	0.00103824	29535.5	257041	44668.5	64435	752.936	1174.54	224.454	232.269	28.4527	9410.33	1315.46	550.406	43122.7	3677.57	6159.07	131.596	46.0503	8.93819	37.573	148.426	151.085	23.3752	0.124987
setup	0	2008-03-07 23:00:00	0	0.510761	3.06271	0.00936731	0	0.00141921	0.00485429	0.00115035	2.07397e-05	8.74802e-05	9.55794e-06	0	0	0	5.88705	0.891362	0.173419	0.0282496	0.0136301	2.54788e-14	0.484727	0.484269	0.000260088	0.00103159	29528.1	257042	44671.4	64435.5	752.191	1172.38	226.035	233.422	28.3568	9414.8	1315.57	550.341	43122.9	3677.75	6158.99	131.516	45.9913	9.00794	37.7149	148.653	151.168	23.3772	0.124886
setup	0	2008-03-08 23:00:00	0	0.503895	3.11249	0.0118182	0	0.00142223	0.00498638	0.00114296	1.99649e-05	9.0306e-05	9.58044e-06	0	0	0	5.93786	0.88968	0.17689	0.0282102	0.0136428	2.54788e-14	0.490348	0.489872	0.000340521	0.00102135	29520.8	257043	44674.1	64436.2	751.466	1170.29	227.491	234.662	28.2348	9419.26	1315.68	550.276	43123.1	3677.92	6158.95	131.437	45.9361	9.07235	37.8648	148.878	151.251	23.3793	0.124854
setup	0	2008-03-09 23:00:00	0	0.508082	3.07865	0.0113488	0	0.00142517	0.004933	0.00114139	3.0224e-05	8.86833e-05	9.52351e-06	0	0	0	5.99018	0.888008	0.180456	0.0281708	0.0136324	2.54788e-14	0.486703	0.485693	0.000271976	0.00101989	29513.6	257044	44677	64436.8	750.745	1168.26	229	235.828	28.1366	9423.73	1315.8	550.211	43123.3	3678.1	6158.88	131.359	45.8847	9.13918	38.0091	149.104	151.333	23.3814	0.124948
setup	0	2008-03-10 23:00:00	0	0.504256	3.07321	0.0192794	0	0.00142808	0.0049996	0.00114192	2.42639e-05	8.89218e-05	9.37393e-06	0	0	0	6.04401	0.886342	0.18412	0.0281315	0.013627	2.54788e-14	0.486771	0.486299	0.000264035	0.00102001	29506.3	257045	44679.8	64437.3	750.034	1166.29	230.499	236.988	28.0299	9428.19	1315.91	550.146	43123.5	3678.27	6158.81	131.282	45.8372	9.2057	38.1529	149.329	151.416	23.3834	0.12479
setup	0	2008-03-11 23:00:00	0	0.510222	3.08423	0.00932143	0	0.00143095	0.00485739	0.00114585	3.37043e-05	8.92958e-05	9.25701e-06	0	0	0	6.09932	0.884676	0.187881	0.0280923	0.0136268	2.54788e-14	0.487735	0.487179	0.000265896	0.00102465	29499	257047	44682.6	64437.8	749.33	1164.38	231.971	238.153	27.9289	9432.64	1316.02	550.081	43123.7	3678.44	6158.75	131.205	45.7937	9.27116	38.297	149.553	151.499	23.3855	0.125242
setup	0	2008-03-12 23:00:00	0	0.515021	3.28412	0.0104453	0	0.001434	0.00479519	0.00116193	3.65269e-05	9.9414e-05	9.16899e-06	0	0	0	6.15612	0.883012	0.191739	0.0280531	0.0136862	2.54788e-14	0.510044	0.508493	0.00061214	0.00103847	29491.6	257048	44685.1	64438.7	748.671	1162.55	233.102	239.589	27.7106	9437.09	1316.13	550.017	43123.9	3678.61	6158.75	131.123	45.7542	9.32182	38.4689	149.776	151.581	23.3876	0.125015
setup	0	2008-03-13 23:00:00	0	0.491854	8.05162	0.00861513	0	0.0014377	0.0047181	0.00248543	0.00332564	0.00374032	9.10353e-06	0	0	0	6.2144	0.881349	0.195695	0.028014	0.0140254	2.54788e-14	0.943899	0.751854	0.0109565	0.00104429	29484.3	257044	44683	64437.4	751.668	1161.06	229.284	239.243	26.7676	9441.23	1316.24	549.952	43124	3678.77	6159.05	131.259	45.723	9.15667	38.7047	149.978	151.659	23.3896	0.124998
setup	0	2008-03-14 23:00:00	0	0.482213	6.69242	0.00976243	0	0.00144072	0.00481908	0.00150133	0.000715238	0.000833092	9.07326e-06	0	0	0	6.27421	0.879698	0.199748	0.0279749	0.0136612	2.54788e-14	0.791976	0.723047	0.00371892	0.00102673	29477.7	257041	44682.1	64440.2	753.715	1159.41	226.144	239.534	26.734	9445.53	1316.34	549.888	43124.2	3678.93	6159.71	131.454	45.6915	9.02039	38.8295	150.211	151.739	23.3915	0.12487
setup	0	2008-03-15 23:00:00	0	0.494027	4.95276	0.018505	0	0.00144351	0.00483994	0.00126663	0.000211177	0.000341232	8.80982e-06	0	0	0	6.33568	0.878075	0.203899	0.027936	0.0136337	2.54788e-14	0.64739	0.630405	0.00269445	0.00102707	29471.5	257041	44683	64440.9	753.787	1157.75	225.047	241.023	26.7454	9449.89	1316.45	549.823	43124.4	3679.1	6159.91	131.514	45.6632	8.97348	38.9758	150.441	151.82	23.3935	0.125019
setup	0	2008-03-16 23:00:00	0	0.495832	4.40722	0.00864113	0	0.00144626	0.00472998	0.00122773	0.000115363	0.00023013	8.36021e-06	0	0	0	6.39873	0.876468	0.208147	0.027897	0.0136339	2.54788e-14	0.612734	0.605837	0.00269328	0.00103598	29465.1	257040	44684.4	64441.6	753.454	1156.16	224.722	242.561	26.7283	9454.28	1316.55	549.759	43124.6	3679.27	6160.02	131.514	45.6392	8.9605	39.1331	150.677	151.902	23.3954	0.125043
setup	0	2008-03-17 23:00:00	0	0.499106	4.15613	0.00622213	0	0.00144901	0.00457688	0.00121526	8.69471e-05	0.000189852	7.96278e-06	0	0	0	6.46322	0.874855	0.212492	0.0278582	0.0136366	2.54788e-14	0.58975	0.585186	0.00254731	0.0010424	29458.4	257041	44686.1	64442.3	753.015	1154.64	224.735	244.07	26.6854	9458.67	1316.66	549.694	43124.8	3679.44	6160.12	131.502	45.6199	8.96254	39.293	150.904	151.983	23.3974	0.125055
setup	0	2008-03-18 23:00:00	0	0.500442	3.77564	0.00756096	0	0.00145168	0.00472675	0.00120432	5.86827e-05	0.000146273	7.70584e-06	0	0	0	6.52914	0.873235	0.216934	0.0278194	0.0136298	2.54788e-14	0.558863	0.559667	0.00209569	0.00104795	29451.6	257041	44688.1	64442.9	752.436	1153.19	225.263	245.42	26.6941	9463.08	1316.77	549.63	43125	3679.61	6160.16	131.466	45.6052	8.98731	39.4399	151.139	152.065	23.3994	0.125036
setup	0	2008-03-19 23:00:00	0	0.502778	4.00962	0.0177588	0	0.00145449	0.00474468	0.00121378	6.9321e-05	0.000166458	7.60452e-06	0	0	0	6.59649	0.871613	0.221471	0.0277807	0.0136488	2.54788e-14	0.577588	0.574967	0.00215949	0.00105559	29444.6	257041	44689.9	64443.9	752.024	1151.84	225.425	246.949	26.5535	9467.47	1316.88	549.565	43125.2	3679.79	6160.27	131.439	45.5955	8.9963	39.6072	151.367	152.147	23.4014	0.125148
setup	0	2008-03-20 23:00:00	0	0.498707	4.97002	0.0067994	0	0.00145747	0.00463418	0.00126735	0.00015601	0.000300259	7.60163e-06	0	0	0	6.66527	0.869989	0.226103	0.027742	0.0136938	2.54788e-14	0.663889	0.638234	0.00312725	0.00106293	29437.6	257040	44690.8	64445.3	752.374	1150.58	224.413	248.3	26.3093	9471.81	1316.98	549.501	43125.4	3679.95	6160.55	131.46	45.5906	8.95396	39.8014	151.585	152.228	23.4034	0.125076
setup	0	2008-03-21 23:00:00	0	0.485016	9.84158	0.00640083	0	0.00146148	0.00444489	0.00206364	0.00231808	0.00299258	7.61206e-06	0	0	0	6.73549	0.868372	0.230829	0.0277034	0.0142692	2.54788e-14	1.00734	0.820833	0.00795527	0.00106142	29431	257035	44686.7	64445.1	757.069	1149.57	219.402	245.612	25.7954	9475.92	1317.08	549.437	43125.5	3680.11	6161.23	131.927	45.5925	8.73691	39.7784	151.8	152.305	23.4053	0.125731
setup	0	2008-03-22 23:00:00	0	0.485146	11.2037	0.00788168	0	0.00146493	0.00459532	0.00179441	0.00164505	0.00214469	7.51083e-06	0	0	0	6.80724	0.866779	0.235647	0.0276649	0.0138817	0.0339308	1.0918	0.897337	0.00724158	0.00105317	29425.6	257028	44681.3	64445.2	762.877	1148.53	213.54	241.435	25.39	9480.03	1317.18	549.373	43125.7	3680.26	6162.11	132.599	45.5962	8.48201	39.5604	152.022	152.382	23.4071	0.126023
