source	id	datetime	species	area_cover[-]	area_fraction[-]	n_tree[ha-1]	vol_tree[m3ha-1]	h_max[m]	h_min[m]	diam_ground[m]	diam_breast[m]	depth[m]	sla[m2kg-1]	lai[-]	crown_diam_ratio[-]	sap_fol_ratio[-]	branch_fraction[-]	DW_stem_wood[kgm-2]	DW_branch_wood[kgm-2]	DW_root_wood[kgm-2]
setup	0	2006-01-01 23:00:00	ANGA	1	1	0	0	1.5	0	0	0	1.5	424	3.18	1	0	0	0	0	0
setup	0	2006-01-01 23:00:00	BUAF	1	0.40958	49.9997	71.0689	15	10.5845	0.661789	0.5	1.77	97.2	3.75163	20.4254	29.4268	0.200003	6.04605	1.51154	6.43795
setup	0	2006-01-01 23:00:00	:ALL:	1	1.40958	49.9997	71.0689	15	10.5845	0.661789	0.5	1.77	521.2	6.93163	20.4254	29.4268	0.200003	6.04605	1.51154	6.43795
setup	0	2006-01-02 23:00:00	ANGA	1	1	0	0	1.5	0	0	0	1.5	424	3.18	1	0	0	0	0	0
setup	0	2006-01-02 23:00:00	BUAF	1	0.40995	49.9995	71.1381	15	10.5845	0.661789	0.500227	1.77011	97.2	3.75163	20.4254	29.4268	0.200003	6.05194	1.51301	6.44422
setup	0	2006-01-02 23:00:00	:ALL:	1	1.40995	49.9995	71.1381	15	10.5845	0.661789	0.500227	1.77011	521.2	6.93163	20.4254	29.4268	0.200003	6.05194	1.51301	6.44422
setup	0	2006-01-03 23:00:00	ANGA	1	1	0	0	1.5	0	0	0	1.5	424	3.18	1	0	0	0	0	0
setup	0	2006-01-03 23:00:00	BUAF	1	0.410269	49.9992	71.1921	15	10.5845	0.661951	0.500423	1.77011	97.2	3.75163	20.4254	29.4268	0.200003	6.05653	1.51416	6.4491
setup	0	2006-01-03 23:00:00	:ALL:	1	1.41027	49.9992	71.1921	15	10.5845	0.661951	0.500423	1.77011	521.2	6.93163	20.4254	29.4268	0.200003	6.05653	1.51416	6.4491
setup	0	2006-01-04 23:00:00	ANGA	1	1	0	0	1.5	0	0	0	1.5	424	3.18	1	0	0	0	0	0
setup	0	2006-01-04 23:00:00	BUAF	1	0.410648	49.9989	71.2562	15	10.5845	0.662091	0.500655	1.77011	97.2	3.75163	20.4254	29.4268	0.200003	6.06197	1.51552	6.4549
setup	0	2006-01-04 23:00:00	:ALL:	1	1.41065	49.9989	71.2562	15	10.5845	0.662091	0.500655	1.77011	521.2	6.93163	20.4254	29.4268	0.200003	6.06197	1.51552	6.4549
setup	0	2006-01-05 23:00:00	ANGA	1	1	0	0	1.5	0	0	0	1.5	424	3.18	1	0	0	0	0	0
setup	0	2006-01-05 23:00:00	BUAF	1	0.411021	49.9986	71.3193	15	10.5845	0.662258	0.500884	1.77011	97.2	3.75163	20.4254	29.4268	0.200003	6.06734	1.51686	6.46062
setup	0	2006-01-05 23:00:00	:ALL:	1	1.41102	49.9986	71.3193	15	10.5845	0.662258	0.500884	1.77011	521.2	6.93163	20.4254	29.4268	0.200003	6.06734	1.51686	6.46062
setup	0	2006-01-06 23:00:00	ANGA	1	1	0	0	1.5	0	0	0	1.5	424	3.18	1	0	0	0	0	0
setup	0	2006-01-06 23:00:00	BUAF	1	0.411384	49.9984	71.3807	15	10.5845	0.662422	0.501106	1.77011	97.2	3.75163	20.4254	29.4268	0.200003	6.07255	1.51817	6.46617
setup	0	2006-01-06 23:00:00	:ALL:	1	1.41138	49.9984	71.3807	15	10.5845	0.662422	0.501106	1.77011	521.2	6.93163	20.4254	29.4268	0.200003	6.07255	1.51817	6.46617
setup	0	2006-01-07 23:00:00	ANGA	1	1	0	0	1.5	0	0	0	1.5	424	3.18	1	0	0	0	0	0
setup	0	2006-01-07 23:00:00	BUAF	1	0.41175	49.9981	71.4427	15	10.5845	0.662581	0.501331	1.77011	97.2	3.75163	20.4254	29.4268	0.200003	6.07782	1.51948	6.47178
setup	0	2006-01-07 23:00:00	:ALL:	1	1.41175	49.9981	71.4427	15	10.5845	0.662581	0.501331	1.77011	521.2	6.93163	20.4254	29.4268	0.200003	6.07782	1.51948	6.47178
setup	0	2006-01-08 23:00:00	ANGA	1	1	0	0	1.5	0	0	0	1.5	424	3.18	1	0	0	0	0	0
setup	0	2006-01-08 23:00:00	BUAF	1	0.412129	49.9978	71.5067	15	10.5845	0.662741	0.501563	1.77011	97.2	3.75163	20.4254	29.4268	0.200003	6.08327	1.52084	6.47758
setup	0	2006-01-08 23:00:00	:ALL:	1	1.41213	49.9978	71.5067	15	10.5845	0.662741	0.501563	1.77011	521.2	6.93163	20.4254	29.4268	0.200003	6.08327	1.52084	6.47758
setup	0	2006-01-09 23:00:00	ANGA	1	1	0	0	1.5	0	0	0	1.5	424	3.18	1	0	0	0	0	0
setup	0	2006-01-09 23:00:00	BUAF	1	0.412503	49.9975	71.5699	15	10.5845	0.662907	0.501791	1.77011	97.2	3.75163	20.4254	29.4268	0.200003	6.08864	1.52219	6.4833
setup	0	2006-01-09 23:00:00	:ALL:	1	1.4125	49.9975	71.5699	15	10.5845	0.662907	0.501791	1.77011	521.2	6.93163	20.4254	29.4268	0.200003	6.08864	1.52219	6.4833
setup	0	2006-01-10 23:00:00	ANGA	1	1	0	0	1.5	0	0	0	1.5	424	3.18	1	0	0	0	0	0
setup	0	2006-01-10 23:00:00	BUAF	1	0.412886	49.9973	71.6348	15	10.5845	0.663071	0.502026	1.77011	97.2	3.75163	20.4254	29.4268	0.200003	6.09415	1.52357	6.48917
setup	0	2006-01-10 23:00:00	:ALL:	1	1.41289	49.9973	71.6348	15	10.5845	0.663071	0.502026	1.77011	521.2	6.93163	20.4254	29.4268	0.200003	6.09415	1.52357	6.48917
setup	0	2006-01-11 23:00:00	ANGA	1	1	0	0	1.5	0	0	0	1.5	424	3.18	1	0	0	0	0	0
setup	0	2006-01-11 23:00:00	BUAF	1	0.413253	49.997	71.6968	15	10.5845	0.663238	0.50225	1.77011	97.2	3.75163	20.4254	29.4268	0.200003	6.09943	1.52488	6.49478
setup	0	2006-01-11 23:00:00	:ALL:	1	1.41325	49.997	71.6968	15	10.5845	0.663238	0.50225	1.77011	521.2	6.93163	20.4254	29.4268	0.200003	6.09943	1.52488	6.49478
setup	0	2006-01-12 23:00:00	ANGA	1	1	0	0	1.5	0	0	0	1.5	424	3.18	1	0	0	0	0	0
setup	0	2006-01-12 23:00:00	BUAF	1	0.413594	49.9967	71.7545	15	10.5845	0.663399	0.502459	1.77011	97.2	3.75163	20.4254	29.4268	0.200003	6.10433	1.52611	6.5
setup	0	2006-01-12 23:00:00	:ALL:	1	1.41359	49.9967	71.7545	15	10.5845	0.663399	0.502459	1.77011	521.2	6.93163	20.4254	29.4268	0.200003	6.10433	1.52611	6.5
setup	0	2006-01-13 23:00:00	ANGA	1	1	0	0	1.5	0	0	0	1.5	424	3.18	1	0	0	0	0	0
setup	0	2006-01-13 23:00:00	BUAF	1	0.413993	49.9964	71.822	15	10.5845	0.663548	0.502703	1.77011	97.2	3.75163	20.4254	29.4268	0.200003	6.11006	1.52754	6.50611
setup	0	2006-01-13 23:00:00	:ALL:	1	1.41399	49.9964	71.822	15	10.5845	0.663548	0.502703	1.77011	521.2	6.93163	20.4254	29.4268	0.200003	6.11006	1.52754	6.50611
setup	0	2006-01-14 23:00:00	ANGA	1	1	0	0	1.5	0	0	0	1.5	424	3.18	1	0	0	0	0	0
setup	0	2006-01-14 23:00:00	BUAF	1	0.414381	49.9962	71.8876	15	10.5845	0.663722	0.502939	1.77011	97.2	3.75163	20.4254	29.4268	0.200003	6.11564	1.52894	6.51205
setup	0	2006-01-14 23:00:00	:ALL:	1	1.41438	49.9962	71.8876	15	10.5845	0.663722	0.502939	1.77011	521.2	6.93163	20.4254	29.4268	0.200003	6.11564	1.52894	6.51205
setup	0	2006-01-15 23:00:00	ANGA	1	1	0	0	1.5	0	0	0	1.5	424	3.18	1	0	0	0	0	0
setup	0	2006-01-15 23:00:00	BUAF	1	0.414731	49.9959	71.9468	15	10.5845	0.663891	0.503153	1.77011	97.2	3.75163	20.4254	29.4268	0.200003	6.12069	1.5302	6.51742
setup	0	2006-01-15 23:00:00	:ALL:	1	1.41473	49.9959	71.9468	15	10.5845	0.663891	0.503153	1.77011	521.2	6.93163	20.4254	29.4268	0.200003	6.12069	1.5302	6.51742
setup	0	2006-01-16 23:00:00	ANGA	1	1	0	0	1.5	0	0	0	1.5	424	3.18	1	0	0	0	0	0
setup	0	2006-01-16 23:00:00	BUAF	1	0.415119	49.9956	72.0125	15	10.5845	0.664044	0.50339	1.77011	97.2	3.75163	20.4254	29.4268	0.200003	6.12629	1.5316	6.52339
setup	0	2006-01-16 23:00:00	:ALL:	1	1.41512	49.9956	72.0125	15	10.5845	0.664044	0.50339	1.77011	521.2	6.93163	20.4254	29.4268	0.200003	6.12629	1.5316	6.52339
setup	0	2006-01-17 23:00:00	ANGA	1	1	0	0	1.5	0	0	0	1.5	424	3.18	1	0	0	0	0	0
setup	0	2006-01-17 23:00:00	BUAF	1	0.415502	49.9953	72.0772	15	10.5845	0.664213	0.503623	1.77011	97.2	3.75163	20.4254	29.4268	0.200003	6.13181	1.53298	6.52927
setup	0	2006-01-17 23:00:00	:ALL:	1	1.4155	49.9953	72.0772	15	10.5845	0.664213	0.503623	1.77011	521.2	6.93163	20.4254	29.4268	0.200003	6.13181	1.53298	6.52927
setup	0	2006-01-18 23:00:00	ANGA	1	1	0	0	1.5	0	0	0	1.5	424	3.18	1	0	0	0	0	0
setup	0	2006-01-18 23:00:00	BUAF	1	0.415897	49.9951	72.144	15	10.5845	0.66438	0.503864	1.77011	97.2	3.75163	20.4254	29.4268	0.200003	6.13752	1.53441	6.53535
setup	0	2006-01-18 23:00:00	:ALL:	1	1.4159	49.9951	72.144	15	10.5845	0.66438	0.503864	1.77011	521.2	6.93163	20.4254	29.4268	0.200003	6.13752	1.53441	6.53535
setup	0	2006-01-19 23:00:00	ANGA	1	1	0	0	1.5	0	0	0	1.5	424	3.18	1	0	0	0	0	0
setup	0	2006-01-19 23:00:00	BUAF	1	0.41629	49.9948	72.2105	15	10.5845	0.664552	0.504104	1.77011	97.2	3.75163	20.4254	29.4268	0.200003	6.14321	1.53583	6.54141
setup	0	2006-01-19 23:00:00	:ALL:	1	1.41629	49.9948	72.2105	15	10.5845	0.664552	0.504104	1.77011	521.2	6.93163	20.4254	29.4268	0.200003	6.14321	1.53583	6.54141
setup	0	2006-01-20 23:00:00	ANGA	1	1	0	0	1.5	0	0	0	1.5	424	3.17823	1	0	0	0	0	0
setup	0	2006-01-20 23:00:00	BUAF	1	0.416683	49.9945	72.2768	15	10.5845	0.664723	0.504343	1.77011	97.2	3.75163	20.4254	29.4268	0.200003	6.14889	1.53725	6.54745
setup	0	2006-01-20 23:00:00	:ALL:	1	1.41668	49.9945	72.2768	15	10.5845	0.664723	0.504343	1.77011	521.2	6.92986	20.4254	29.4268	0.200003	6.14889	1.53725	6.54745
setup	0	2006-01-21 23:00:00	ANGA	1	1	0	0	1.5	0	0	0	1.5	424	3.17618	1	0	0	0	0	0
setup	0	2006-01-21 23:00:00	BUAF	1	0.416953	49.9942	72.3226	15	10.5845	0.664893	0.504508	1.77011	97.2	3.75163	20.4254	29.4268	0.200003	6.15282	1.53823	6.55163
setup	0	2006-01-21 23:00:00	:ALL:	1	1.41695	49.9942	72.3226	15	10.5845	0.664893	0.504508	1.77011	521.2	6.92781	20.4254	29.4268	0.200003	6.15282	1.53823	6.55163
setup	0	2006-01-22 23:00:00	ANGA	1	1	0	0	1.5	0	0	0	1.5	424	3.17381	1	0	0	0	0	0
setup	0	2006-01-22 23:00:00	BUAF	1	0.41736	49.994	72.3914	15	10.5845	0.665011	0.504755	1.77011	97.2	3.75163	20.4254	29.4268	0.200003	6.15872	1.53971	6.55792
setup	0	2006-01-22 23:00:00	:ALL:	1	1.41736	49.994	72.3914	15	10.5845	0.665011	0.504755	1.77011	521.2	6.92543	20.4254	29.4268	0.200003	6.15872	1.53971	6.55792
setup	0	2006-01-23 23:00:00	ANGA	1	1	0	0	1.5	0	0	0	1.5	424	3.17107	1	0	0	0	0	0
setup	0	2006-01-23 23:00:00	BUAF	1	0.417742	49.9937	72.456	15	10.5845	0.665188	0.504988	1.77011	97.2	3.75163	20.4254	29.4268	0.200003	6.16427	1.54109	6.56383
setup	0	2006-01-23 23:00:00	:ALL:	1	1.41774	49.9937	72.456	15	10.5845	0.665188	0.504988	1.77011	521.2	6.9227	20.4254	29.4268	0.200003	6.16427	1.54109	6.56383
setup	0	2006-01-24 23:00:00	ANGA	1	1	0	0	1.5	0	0	0	1.5	424	3.16792	1	0	0	0	0	0
setup	0	2006-01-24 23:00:00	BUAF	1	0.418143	49.9934	72.5238	15	10.5845	0.665354	0.505231	1.77011	97.2	3.75163	20.4254	29.4268	0.200003	6.1701	1.54255	6.57004
setup	0	2006-01-24 23:00:00	:ALL:	1	1.41814	49.9934	72.5238	15	10.5845	0.665354	0.505231	1.77011	521.2	6.91955	20.4254	29.4268	0.200003	6.1701	1.54255	6.57004
setup	0	2006-01-25 23:00:00	ANGA	1	1	0	0	1.5	0	0	0	1.5	424	3.16431	1	0	0	0	0	0
setup	0	2006-01-25 23:00:00	BUAF	1	0.418534	49.9932	72.5899	15	10.5845	0.665527	0.505469	1.77011	97.2	3.75163	20.4254	29.4268	0.200003	6.17579	1.54397	6.57609
setup	0	2006-01-25 23:00:00	:ALL:	1	1.41853	49.9932	72.5899	15	10.5845	0.665527	0.505469	1.77011	521.2	6.91594	20.4254	29.4268	0.200003	6.17579	1.54397	6.57609
setup	0	2006-01-26 23:00:00	ANGA	1	1	0	0	1.5	0	0	0	1.5	424	3.16018	1	0	0	0	0	0
setup	0	2006-01-26 23:00:00	BUAF	1	0.418934	49.9929	72.6575	15	10.5845	0.665697	0.505711	1.77011	97.2	3.75163	20.4254	29.4268	0.200003	6.18161	1.54543	6.58229
setup	0	2006-01-26 23:00:00	:ALL:	1	1.41893	49.9929	72.6575	15	10.5845	0.665697	0.505711	1.77011	521.2	6.9118	20.4254	29.4268	0.200003	6.18161	1.54543	6.58229
setup	0	2006-01-27 23:00:00	ANGA	1	1	0	0	1.5	0	0	0	1.5	424	3.15546	1	0	0	0	0	0
setup	0	2006-01-27 23:00:00	BUAF	1	0.41929	49.9926	72.7178	15	10.5845	0.66587	0.505928	1.77011	97.2	3.75163	20.4254	29.4268	0.200003	6.18681	1.54673	6.58783
setup	0	2006-01-27 23:00:00	:ALL:	1	1.41929	49.9926	72.7178	15	10.5845	0.66587	0.505928	1.77011	521.2	6.90708	20.4254	29.4268	0.200003	6.18681	1.54673	6.58783
setup	0	2006-01-28 23:00:00	ANGA	1	1	0	0	1.5	0	0	0	1.5	424	3.15008	1	0	0	0	0	0
setup	0	2006-01-28 23:00:00	BUAF	1	0.41957	49.9923	72.7651	15	10.5845	0.666024	0.506098	1.77011	97.2	3.75163	20.4254	29.4268	0.200003	6.1909	1.54775	6.59218
setup	0	2006-01-28 23:00:00	:ALL:	1	1.41957	49.9923	72.7651	15	10.5845	0.666024	0.506098	1.77011	521.2	6.90171	20.4254	29.4268	0.200003	6.1909	1.54775	6.59218
setup	0	2006-01-29 23:00:00	ANGA	1	1	0	0	1.5	0	0	0	1.5	424	3.14397	1	0	0	0	0	0
setup	0	2006-01-29 23:00:00	BUAF	1	0.419848	49.9921	72.812	15	10.5845	0.666145	0.506267	1.77011	97.2	3.75163	20.4254	29.4268	0.200003	6.19495	1.54876	6.59649
setup	0	2006-01-29 23:00:00	:ALL:	1	1.41985	49.9921	72.812	15	10.5845	0.666145	0.506267	1.77011	521.2	6.8956	20.4254	29.4268	0.200003	6.19495	1.54876	6.59649
setup	0	2006-01-30 23:00:00	ANGA	1	1	0	0	1.5	0	0	0	1.5	424	3.13706	1	0	0	0	0	0
setup	0	2006-01-30 23:00:00	BUAF	1	0.420149	49.9918	72.863	15	10.5845	0.666266	0.50645	1.77011	97.2	3.75163	20.4254	29.4268	0.200003	6.19935	1.54986	6.60118
setup	0	2006-01-30 23:00:00	:ALL:	1	1.42015	49.9918	72.863	15	10.5845	0.666266	0.50645	1.77011	521.2	6.88868	20.4254	29.4268	0.200003	6.19935	1.54986	6.60118
setup	0	2006-01-31 23:00:00	ANGA	1	1	0	0	1.5	0	0	0	1.5	424	3.12924	1	0	0	0	0	0
setup	0	2006-01-31 23:00:00	BUAF	1	0.420533	49.9915	72.9278	15	10.5845	0.666396	0.506683	1.77011	97.2	3.75163	20.4254	29.4268	0.200003	6.20495	1.55126	6.60715
setup	0	2006-01-31 23:00:00	:ALL:	1	1.42053	49.9915	72.9278	15	10.5845	0.666396	0.506683	1.77011	521.2	6.88087	20.4254	29.4268	0.200003	6.20495	1.55126	6.60715
setup	0	2006-02-01 23:00:00	ANGA	1	1	0	0	1.5	0	0	0	1.5	424	3.12044	1	0	0	0	0	0
setup	0	2006-02-01 23:00:00	BUAF	1	0.420946	49.9912	72.9976	15	10.5845	0.666562	0.506933	1.77011	97.2	3.75163	20.4254	29.4268	0.200003	6.21099	1.55277	6.61357
setup	0	2006-02-01 23:00:00	:ALL:	1	1.42095	49.9912	72.9976	15	10.5845	0.666562	0.506933	1.77011	521.2	6.87207	20.4254	29.4268	0.200003	6.21099	1.55277	6.61357
setup	0	2006-02-02 23:00:00	ANGA	1	1	0	0	1.5	0	0	0	1.5	424	3.11055	1	0	0	0	0	0
setup	0	2006-02-02 23:00:00	BUAF	1	0.421338	49.991	73.064	15	10.5845	0.66674	0.50717	1.77011	97.2	3.75163	20.4254	29.4268	0.200003	6.21673	1.55421	6.61968
setup	0	2006-02-02 23:00:00	:ALL:	1	1.42134	49.991	73.064	15	10.5845	0.66674	0.50717	1.77011	521.2	6.86217	20.4254	29.4268	0.200003	6.21673	1.55421	6.61968
setup	0	2006-02-03 23:00:00	ANGA	1	1	0	0	1.5	0	0	0	1.5	424	3.09946	1	0	0	0	0	0
setup	0	2006-02-03 23:00:00	BUAF	1	0.421729	49.9907	73.13	15	10.5845	0.666909	0.507407	1.77011	97.2	3.75163	20.4254	29.4268	0.200002	6.22244	1.55564	6.62577
setup	0	2006-02-03 23:00:00	:ALL:	1	1.42173	49.9907	73.13	15	10.5845	0.666909	0.507407	1.77011	521.2	6.85109	20.4254	29.4268	0.200002	6.22244	1.55564	6.62577
setup	0	2006-02-04 23:00:00	ANGA	1	1	0	0	1.5	0	0	0	1.5	424	3.08706	1	0	0	0	0	0
setup	0	2006-02-04 23:00:00	BUAF	1	0.422066	49.9904	73.187	15	10.5845	0.667077	0.507611	1.77011	97.2	3.75163	20.4254	29.4268	0.200002	6.22738	1.55687	6.63103
setup	0	2006-02-04 23:00:00	:ALL:	1	1.42207	49.9904	73.187	15	10.5845	0.667077	0.507611	1.77011	521.2	6.83869	20.4254	29.4268	0.200002	6.22738	1.55687	6.63103
setup	0	2006-02-05 23:00:00	ANGA	1	1	0	0	1.5	0	0	0	1.5	424	3.07325	1	0	0	0	0	0
setup	0	2006-02-05 23:00:00	BUAF	1	0.422389	49.9901	73.2415	15	10.5845	0.667223	0.507806	1.77011	97.2	3.75163	20.4254	29.4268	0.200002	6.23211	1.55805	6.63607
setup	0	2006-02-05 23:00:00	:ALL:	1	1.42239	49.9901	73.2415	15	10.5845	0.667223	0.507806	1.77011	521.2	6.82487	20.4254	29.4268	0.200002	6.23211	1.55805	6.63607
setup	0	2006-02-06 23:00:00	ANGA	1	1	0	0	1.5	0	0	0	1.5	424	3.05789	1	0	0	0	0	0
setup	0	2006-02-06 23:00:00	BUAF	1	0.422702	49.9899	73.2945	15	10.5845	0.667362	0.507996	1.77011	97.2	3.75163	20.4254	29.4268	0.200002	6.23671	1.5592	6.64096
setup	0	2006-02-06 23:00:00	:ALL:	1	1.4227	49.9899	73.2945	15	10.5845	0.667362	0.507996	1.77011	521.2	6.80951	20.4254	29.4268	0.200002	6.23671	1.5592	6.64096
setup	0	2006-02-07 23:00:00	ANGA	1	1	0	0	1.5	0	0	0	1.5	424	3.04086	1	0	0	0	0	0
setup	0	2006-02-07 23:00:00	BUAF	1	0.422971	49.9896	73.34	15	10.5845	0.667497	0.508159	1.77011	97.2	3.75163	20.4254	29.4268	0.200002	6.24066	1.56019	6.64517
setup	0	2006-02-07 23:00:00	:ALL:	1	1.42297	49.9896	73.34	15	10.5845	0.667497	0.508159	1.77011	521.2	6.79248	20.4254	29.4268	0.200002	6.24066	1.56019	6.64517
setup	0	2006-02-08 23:00:00	ANGA	1	1	0	0	1.5	0	0	0	1.5	424	3.02202	1	0	0	0	0	0
setup	0	2006-02-08 23:00:00	BUAF	1	0.423259	49.9893	73.3886	15	10.5845	0.667613	0.508333	1.77011	97.2	3.75163	20.4254	29.4268	0.200002	6.24487	1.56124	6.64965
setup	0	2006-02-08 23:00:00	:ALL:	1	1.42326	49.9893	73.3886	15	10.5845	0.667613	0.508333	1.77011	521.2	6.77365	20.4254	29.4268	0.200002	6.24487	1.56124	6.64965
setup	0	2006-02-09 23:00:00	ANGA	1	1	0	0	1.5	0	0	0	1.5	424	3.00126	1	0	0	0	0	0
setup	0	2006-02-09 23:00:00	BUAF	1	0.423532	49.989	73.4347	15	10.5845	0.667736	0.508499	1.77011	97.2	3.75163	20.4254	29.4268	0.200002	6.24888	1.56224	6.65392
setup	0	2006-02-09 23:00:00	:ALL:	1	1.42353	49.989	73.4347	15	10.5845	0.667736	0.508499	1.77011	521.2	6.75289	20.4254	29.4268	0.200002	6.24888	1.56224	6.65392
setup	0	2006-02-10 23:00:00	ANGA	1	1	0	0	1.5	0	0	0	1.5	424	2.97843	1	0	0	0	0	0
setup	0	2006-02-10 23:00:00	BUAF	1	0.423815	49.9888	73.4827	15	10.5845	0.667854	0.50867	1.77011	97.2	3.75163	20.4254	29.4268	0.200002	6.25304	1.56328	6.65835
setup	0	2006-02-10 23:00:00	:ALL:	1	1.42382	49.9888	73.4827	15	10.5845	0.667854	0.50867	1.77011	521.2	6.73005	20.4254	29.4268	0.200002	6.25304	1.56328	6.65835
setup	0	2006-02-11 23:00:00	ANGA	1	1	0	0	1.5	0	0	0	1.5	424	2.95339	1	0	0	0	0	0
setup	0	2006-02-11 23:00:00	BUAF	1	0.424053	49.9885	73.5228	15	10.5845	0.667976	0.508814	1.77011	97.2	3.75163	20.4254	29.4268	0.200002	6.25652	1.56415	6.66206
setup	0	2006-02-11 23:00:00	:ALL:	1	1.42405	49.9885	73.5228	15	10.5845	0.667976	0.508814	1.77011	521.2	6.70501	20.4254	29.4268	0.200002	6.25652	1.56415	6.66206
setup	0	2006-02-12 23:00:00	ANGA	1	1	0	0	1.5	0	0	0	1.5	424	2.926	1	0	0	0	0	0
setup	0	2006-02-12 23:00:00	BUAF	1	0.424147	49.9882	73.5388	15	10.5845	0.668078	0.508872	1.77011	97.2	3.75163	20.4254	29.4268	0.200002	6.25792	1.5645	6.66355
setup	0	2006-02-12 23:00:00	:ALL:	1	1.42415	49.9882	73.5388	15	10.5845	0.668078	0.508872	1.77011	521.2	6.67763	20.4254	29.4268	0.200002	6.25792	1.5645	6.66355
setup	0	2006-02-13 23:00:00	ANGA	1	1	0	0	1.5	0	0	0	1.5	424	2.89615	1	0	0	0	0	0
setup	0	2006-02-13 23:00:00	BUAF	1	0.424271	49.9879	73.5596	15	10.5845	0.66812	0.508948	1.77011	97.2	3.75163	20.4254	29.4268	0.200002	6.25973	1.56495	6.66547
setup	0	2006-02-13 23:00:00	:ALL:	1	1.42427	49.9879	73.5596	15	10.5845	0.66812	0.508948	1.77011	521.2	6.64777	20.4254	29.4268	0.200002	6.25973	1.56495	6.66547
setup	0	2006-02-14 23:00:00	ANGA	1	1	0	0	1.5	0	0	0	1.5	424	2.86368	1	0	0	0	0	0
setup	0	2006-02-14 23:00:00	BUAF	1	0.424403	49.9877	73.582	15	10.5845	0.668173	0.509029	1.77011	97.2	3.75163	20.4254	29.4268	0.200002	6.26167	1.56544	6.66754
setup	0	2006-02-14 23:00:00	:ALL:	1	1.4244	49.9877	73.582	15	10.5845	0.668173	0.509029	1.77011	521.2	6.6153	20.4254	29.4268	0.200002	6.26167	1.56544	6.66754
setup	0	2006-02-15 23:00:00	ANGA	1	1	0	0	1.5	0	0	0	1.5	424	2.82848	1	0	0	0	0	0
setup	0	2006-02-15 23:00:00	BUAF	1	0.424519	49.9874	73.6016	15	10.5845	0.668231	0.509099	1.77011	97.2	3.75163	20.4254	29.4268	0.200002	6.26336	1.56586	6.66934
setup	0	2006-02-15 23:00:00	:ALL:	1	1.42452	49.9874	73.6016	15	10.5845	0.668231	0.509099	1.77011	521.2	6.5801	20.4254	29.4268	0.200002	6.26336	1.56586	6.66934
setup	0	2006-02-16 23:00:00	ANGA	1	1	0	0	1.5	0	0	0	1.5	424	2.79042	1	0	0	0	0	0
setup	0	2006-02-16 23:00:00	BUAF	1	0.424579	49.9871	73.6117	15	10.5845	0.668281	0.509137	1.77011	97.2	3.75163	20.4254	29.4268	0.200002	6.26423	1.56608	6.67027
setup	0	2006-02-16 23:00:00	:ALL:	1	1.42458	49.9871	73.6117	15	10.5845	0.668281	0.509137	1.77011	521.2	6.54204	20.4254	29.4268	0.200002	6.26423	1.56608	6.67027
setup	0	2006-02-17 23:00:00	ANGA	1	1	0	0	1.5	0	0	0	1.5	424	2.74939	1	0	0	0	0	0
setup	0	2006-02-17 23:00:00	BUAF	1	0.424605	49.9869	73.6161	15	10.5845	0.668307	0.509154	1.77011	97.2	3.75163	20.4254	29.4268	0.200002	6.26462	1.56618	6.67068
setup	0	2006-02-17 23:00:00	:ALL:	1	1.42461	49.9869	73.6161	15	10.5845	0.668307	0.509154	1.77011	521.2	6.50102	20.4254	29.4268	0.200002	6.26462	1.56618	6.67068
setup	0	2006-02-18 23:00:00	ANGA	1	1	0	0	1.5	0	0	0	1.5	424	2.7053	1	0	0	0	0	0
setup	0	2006-02-18 23:00:00	BUAF	1	0.424625	49.9866	73.6195	15	10.5845	0.66832	0.509167	1.77011	97.2	3.75163	20.4254	29.4268	0.200002	6.26491	1.56625	6.67098
setup	0	2006-02-18 23:00:00	:ALL:	1	1.42463	49.9866	73.6195	15	10.5845	0.66832	0.509167	1.77011	521.2	6.45692	20.4254	29.4268	0.200002	6.26491	1.56625	6.67098
setup	0	2006-02-19 23:00:00	ANGA	1	1	0	0	1.5	0	0	0	1.5	424	2.65804	1	0	0	0	0	0
setup	0	2006-02-19 23:00:00	BUAF	1	0.424631	49.9863	73.6205	15	10.5845	0.668329	0.509172	1.77011	97.2	3.75163	20.4254	29.4268	0.200002	6.26499	1.56627	6.67107
setup	0	2006-02-19 23:00:00	:ALL:	1	1.42463	49.9863	73.6205	15	10.5845	0.668329	0.509172	1.77011	521.2	6.40967	20.4254	29.4268	0.200002	6.26499	1.56627	6.67107
setup	0	2006-02-20 23:00:00	ANGA	1	1	0	0	1.5	0	0	0	1.5	424	2.60755	1	0	0	0	0	0
setup	0	2006-02-20 23:00:00	BUAF	1	0.424638	49.986	73.6216	15	10.5845	0.668333	0.509177	1.77011	97.2	3.75163	20.4254	29.4268	0.200002	6.26508	1.56629	6.67117
setup	0	2006-02-20 23:00:00	:ALL:	1	1.42464	49.986	73.6216	15	10.5845	0.668333	0.509177	1.77011	521.2	6.35918	20.4254	29.4268	0.200002	6.26508	1.56629	6.67117
setup	0	2006-02-21 23:00:00	ANGA	1	1	0	0	1.5	0	0	0	1.5	424	2.55377	1	0	0	0	0	0
setup	0	2006-02-21 23:00:00	BUAF	1	0.424675	49.9858	73.6279	15	10.5845	0.668336	0.509201	1.77011	97.2	3.75163	20.4254	29.4268	0.200002	6.26562	1.56643	6.67175
setup	0	2006-02-21 23:00:00	:ALL:	1	1.42468	49.9858	73.6279	15	10.5845	0.668336	0.509201	1.77011	521.2	6.3054	20.4254	29.4268	0.200002	6.26562	1.56643	6.67175
setup	0	2006-02-22 23:00:00	ANGA	1	1	0	0	1.5	0	0	0	1.5	424	2.49666	1	0	0	0	0	0
setup	0	2006-02-22 23:00:00	BUAF	1	0.424673	49.9855	73.624	15	10.5845	0.668336	0.509201	1.77011	97.2	3.75163	20.4254	29.4268	0.200002	6.26529	1.56635	6.6714
setup	0	2006-02-22 23:00:00	:ALL:	1	1.42467	49.9855	73.624	15	10.5845	0.668336	0.509201	1.77011	521.2	6.24828	20.4254	29.4268	0.200002	6.26529	1.56635	6.6714
setup	0	2006-02-23 23:00:00	ANGA	1	1	0	0	1.5	0	0	0	1.5	424	2.43619	1	0	0	0	0	0
setup	0	2006-02-23 23:00:00	BUAF	1	0.424671	49.9852	73.6118	15	10.5845	0.668336	0.509201	1.77011	97.2	3.75163	20.4254	29.4268	0.200002	6.26426	1.56609	6.67029
setup	0	2006-02-23 23:00:00	:ALL:	1	1.42467	49.9852	73.6118	15	10.5845	0.668336	0.509201	1.77011	521.2	6.18782	20.4254	29.4268	0.200002	6.26426	1.56609	6.67029
setup	0	2006-02-24 23:00:00	ANGA	1	1	0	0	1.5	0	0	0	1.5	424	2.37238	1	0	0	0	0	0
setup	0	2006-02-24 23:00:00	BUAF	1	0.424668	49.9849	73.5969	15	10.5845	0.668336	0.509201	1.77011	97.2	3.75163	20.4254	29.4268	0.200002	6.26299	1.56577	6.66894
setup	0	2006-02-24 23:00:00	:ALL:	1	1.42467	49.9849	73.5969	15	10.5845	0.668336	0.509201	1.77011	521.2	6.12401	20.4254	29.4268	0.200002	6.26299	1.56577	6.66894
setup	0	2006-02-25 23:00:00	ANGA	1	1	0	0	1.5	0	0	0	1.5	424	2.30526	1	0	0	0	0	0
setup	0	2006-02-25 23:00:00	BUAF	1	0.424666	49.9847	73.5801	15	10.5845	0.668336	0.509201	1.77011	97.2	3.75163	20.4254	29.4268	0.200002	6.26156	1.56541	6.66742
setup	0	2006-02-25 23:00:00	:ALL:	1	1.42467	49.9847	73.5801	15	10.5845	0.668336	0.509201	1.77011	521.2	6.05688	20.4254	29.4268	0.200002	6.26156	1.56541	6.66742
setup	0	2006-02-26 23:00:00	ANGA	1	1	0	0	1.5	0	0	0	1.5	424	2.23488	1	0	0	0	0	0
setup	0	2006-02-26 23:00:00	BUAF	1	0.424664	49.9844	73.5773	15	10.5845	0.668336	0.509201	1.77011	97.2	3.75163	20.4254	29.4268	0.200002	6.26132	1.56535	6.66717
setup	0	2006-02-26 23:00:00	:ALL:	1	1.42466	49.9844	73.5773	15	10.5845	0.668336	0.509201	1.77011	521.2	5.9865	20.4254	29.4268	0.200002	6.26132	1.56535	6.66717
setup	0	2006-02-27 23:00:00	ANGA	1	1	0	0	1.5	0	0	0	1.5	424	2.16132	1	0	0	0	0	0
setup	0	2006-02-27 23:00:00	BUAF	1	0.424661	49.9841	73.5934	15	10.5845	0.668353	0.509201	1.77011	97.2	3.75163	20.4254	29.4268	0.200002	6.26269	1.5657	6.66862
setup	0	2006-02-27 23:00:00	:ALL:	1	1.42466	49.9841	73.5934	15	10.5845	0.668353	0.509201	1.77011	521.2	5.91294	20.4254	29.4268	0.200002	6.26269	1.5657	6.66862
setup	0	2006-02-28 23:00:00	ANGA	1	1	0	0	1.5	0	0	0	1.5	424	2.0847	1	0	0	0	0	0
setup	0	2006-02-28 23:00:00	BUAF	1	0.424659	49.9838	73.6203	15	10.5845	0.668353	0.509201	1.77011	97.2	3.75163	20.4254	29.4268	0.200002	6.26498	1.56627	6.67106
setup	0	2006-02-28 23:00:00	:ALL:	1	1.42466	49.9838	73.6203	15	10.5845	0.668353	0.509201	1.77011	521.2	5.83633	20.4254	29.4268	0.200002	6.26498	1.56627	6.67106
setup	0	2006-03-01 23:00:00	ANGA	1	1	0	0	1.5	0	0	0	1.5	424	2.00517	1	0	0	0	0	0
setup	0	2006-03-01 23:00:00	BUAF	1	0.424878	49.9836	73.6621	15	10.5845	0.668353	0.509334	1.77011	97.2	3.75163	20.4254	29.4268	0.200002	6.26854	1.56716	6.67485
setup	0	2006-03-01 23:00:00	:ALL:	1	1.42488	49.9836	73.6621	15	10.5845	0.668353	0.509334	1.77011	521.2	5.7568	20.4254	29.4268	0.200002	6.26854	1.56716	6.67485
setup	0	2006-03-02 23:00:00	ANGA	1	1	0	0	1.5	0	0	0	1.5	424	1.92291	1	0	0	0	0	0
setup	0	2006-03-02 23:00:00	BUAF	1	0.425225	49.9833	73.7208	15	10.5845	0.668448	0.509543	1.77011	97.2	3.75163	20.4254	29.4268	0.200002	6.27355	1.56841	6.68019
setup	0	2006-03-02 23:00:00	:ALL:	1	1.42523	49.9833	73.7208	15	10.5845	0.668448	0.509543	1.77011	521.2	5.67454	20.4254	29.4268	0.200002	6.27355	1.56841	6.68019
setup	0	2006-03-03 23:00:00	ANGA	1	1	0	0	1.5	0	0	0	1.5	424	1.83812	1	0	0	0	0	0
setup	0	2006-03-03 23:00:00	BUAF	1	0.425593	49.983	73.783	15	10.5845	0.668597	0.509765	1.77011	97.2	3.75163	20.4254	29.4268	0.200002	6.27888	1.56974	6.68586
setup	0	2006-03-03 23:00:00	:ALL:	1	1.42559	49.983	73.783	15	10.5845	0.668597	0.509765	1.77011	521.2	5.58975	20.4254	29.4268	0.200002	6.27888	1.56974	6.68586
setup	0	2006-03-04 23:00:00	ANGA	1	1	0	0	1.5	0	0	0	1.5	424	1.75106	1	0	0	0	0	0
setup	0	2006-03-04 23:00:00	BUAF	1	0.425942	49.9827	73.842	15	10.5845	0.668754	0.509976	1.77011	97.2	3.75163	20.4254	29.4268	0.200002	6.28394	1.57101	6.69125
setup	0	2006-03-04 23:00:00	:ALL:	1	1.42594	49.9827	73.842	15	10.5845	0.668754	0.509976	1.77011	521.2	5.50268	20.4254	29.4268	0.200002	6.28394	1.57101	6.69125
setup	0	2006-03-05 23:00:00	ANGA	1	1	0	0	1.5	0	0	0	1.5	424	1.66198	1	0	0	0	0	0
setup	0	2006-03-05 23:00:00	BUAF	1	0.426393	49.9825	73.9182	15	10.5845	0.668904	0.510247	1.77011	97.2	3.75163	20.4254	29.4268	0.200002	6.29048	1.57264	6.69821
setup	0	2006-03-05 23:00:00	:ALL:	1	1.42639	49.9825	73.9182	15	10.5845	0.668904	0.510247	1.77011	521.2	5.41361	20.4254	29.4268	0.200002	6.29048	1.57264	6.69821
setup	0	2006-03-06 23:00:00	ANGA	1	1	0	0	1.5	0	0	0	1.5	424	1.57121	1	0	0	0	0	0
setup	0	2006-03-06 23:00:00	BUAF	1	0.426822	49.9822	73.9907	15	10.5845	0.669096	0.510505	1.77011	97.2	3.75163	20.4254	29.4268	0.200002	6.29672	1.5742	6.70486
setup	0	2006-03-06 23:00:00	:ALL:	1	1.42682	49.9822	73.9907	15	10.5845	0.669096	0.510505	1.77011	521.2	5.32284	20.4254	29.4268	0.200002	6.29672	1.5742	6.70486
setup	0	2006-03-07 23:00:00	ANGA	1	1	0	0	1.5	0	0	0	1.5	424	1.47909	1	0	0	0	0	0
setup	0	2006-03-07 23:00:00	BUAF	1	0.427249	49.9819	74.0627	15	10.5845	0.66928	0.510761	1.77011	97.2	3.75163	20.4254	29.4268	0.200002	6.30293	1.57575	6.71147
setup	0	2006-03-07 23:00:00	:ALL:	1	1.42725	49.9819	74.0627	15	10.5845	0.66928	0.510761	1.77011	521.2	5.23071	20.4254	29.4268	0.200002	6.30293	1.57575	6.71147
setup	0	2006-03-08 23:00:00	ANGA	1	1	0	0	1.5	0	0	0	1.5	424	1.38597	1	0	0	0	0	0
setup	0	2006-03-08 23:00:00	BUAF	1	0.427678	49.9816	74.1354	15	10.5845	0.669461	0.51102	1.77011	97.2	3.75163	20.4254	29.4268	0.200002	6.3092	1.57732	6.71815
setup	0	2006-03-08 23:00:00	:ALL:	1	1.42768	49.9816	74.1354	15	10.5845	0.669461	0.51102	1.77011	521.2	5.1376	20.4254	29.4268	0.200002	6.3092	1.57732	6.71815
setup	0	2006-03-09 23:00:00	ANGA	1	1	0	0	1.5	0	0	0	1.5	424	1.29226	1	0	0	0	0	0
setup	0	2006-03-09 23:00:00	BUAF	1	0.428086	49.9814	74.2042	15	10.5845	0.669645	0.511264	1.77011	97.2	3.75163	20.4254	29.4268	0.200002	6.31516	1.57881	6.7245
setup	0	2006-03-09 23:00:00	:ALL:	1	1.42809	49.9814	74.2042	15	10.5845	0.669645	0.511264	1.77011	521.2	5.04389	20.4254	29.4268	0.200002	6.31516	1.57881	6.7245
setup	0	2006-03-10 23:00:00	ANGA	1	1	0	0	1.5	0	0	0	1.5	424	1.19838	1	0	0	0	0	0
setup	0	2006-03-10 23:00:00	BUAF	1	0.428505	49.9811	74.275	15	10.5845	0.669818	0.511516	1.77011	97.2	3.75163	20.4254	29.4268	0.200002	6.3213	1.58035	6.73103
setup	0	2006-03-10 23:00:00	:ALL:	1	1.4285	49.9811	74.275	15	10.5845	0.669818	0.511516	1.77011	521.2	4.95001	20.4254	29.4268	0.200002	6.3213	1.58035	6.73103
setup	0	2006-03-11 23:00:00	ANGA	1	1	0	0	1.5	0	0	0	1.5	424	1.10477	1	0	0	0	0	0
setup	0	2006-03-11 23:00:00	BUAF	1	0.428923	49.9808	74.3456	15	10.5845	0.669997	0.511767	1.77011	97.2	3.75163	20.4254	29.4268	0.200002	6.32744	1.58188	6.73757
setup	0	2006-03-11 23:00:00	:ALL:	1	1.42892	49.9808	74.3456	15	10.5845	0.669997	0.511767	1.77011	521.2	4.8564	20.4254	29.4268	0.200002	6.32744	1.58188	6.73757
setup	0	2006-03-12 23:00:00	ANGA	1	1	0	0	1.5	0	0	0	1.5	424	1.0119	1	0	0	0	0	0
setup	0	2006-03-12 23:00:00	BUAF	1	0.429331	49.9806	74.4147	15	10.5845	0.670175	0.512012	1.77011	97.2	3.75163	20.4254	29.4268	0.200002	6.33344	1.58338	6.74396
setup	0	2006-03-12 23:00:00	:ALL:	1	1.42933	49.9806	74.4147	15	10.5845	0.670175	0.512012	1.77011	521.2	4.76353	20.4254	29.4268	0.200002	6.33344	1.58338	6.74396
setup	0	2006-03-13 23:00:00	ANGA	1	1	0	0	1.5	0	0	0	1.5	424	0.92025	1	0	0	0	0	0
setup	0	2006-03-13 23:00:00	BUAF	1	0.429728	49.9803	74.4817	15	10.5845	0.670348	0.51225	1.77011	97.2	3.75163	20.4254	29.4268	0.200002	6.33928	1.58484	6.75018
setup	0	2006-03-13 23:00:00	:ALL:	1	1.42973	49.9803	74.4817	15	10.5845	0.670348	0.51225	1.77011	521.2	4.67188	20.4254	29.4268	0.200002	6.33928	1.58484	6.75018
setup	0	2006-03-14 23:00:00	ANGA	1	1	0	0	1.5	0	0	0	1.5	424	0.830303	1	0	0	0	0	0
setup	0	2006-03-14 23:00:00	BUAF	1	0.430097	49.98	74.544	15	10.5845	0.670517	0.512471	1.77011	97.2	3.75163	20.4254	29.4268	0.200002	6.34472	1.5862	6.75597
setup	0	2006-03-14 23:00:00	:ALL:	1	1.4301	49.98	74.544	15	10.5845	0.670517	0.512471	1.77011	521.2	4.58193	20.4254	29.4268	0.200002	6.34472	1.5862	6.75597
setup	0	2006-03-15 23:00:00	ANGA	1	1	0	0	1.5	0	0	0	1.5	424	0.742563	1	0	0	0	0	0
setup	0	2006-03-15 23:00:00	BUAF	1	0.430442	49.9797	74.6023	15	10.5845	0.670674	0.512678	1.77011	97.2	3.75163	20.4254	29.4268	0.200002	6.34982	1.58748	6.7614
setup	0	2006-03-15 23:00:00	:ALL:	1	1.43044	49.9797	74.6023	15	10.5845	0.670674	0.512678	1.77011	521.2	4.49419	20.4254	29.4268	0.200002	6.34982	1.58748	6.7614
setup	0	2006-03-16 23:00:00	ANGA	1	1	0	0	1.5	0	0	0	1.5	424	0.657532	1	0	0	0	0	0
setup	0	2006-03-16 23:00:00	BUAF	1	0.430746	49.9795	74.6537	15	10.5845	0.67082	0.51286	1.77011	97.2	3.75163	20.4254	29.4268	0.200002	6.35431	1.5886	6.76618
setup	0	2006-03-16 23:00:00	:ALL:	1	1.43075	49.9795	74.6537	15	10.5845	0.67082	0.51286	1.77011	521.2	4.40916	20.4254	29.4268	0.200002	6.35431	1.5886	6.76618
setup	0	2006-03-17 23:00:00	ANGA	1	1	0	0	1.5	0	0	0	1.5	424	0.575712	1	0	0	0	0	0
setup	0	2006-03-17 23:00:00	BUAF	1	0.430985	49.9792	74.6942	15	10.5845	0.67095	0.513004	1.77011	97.2	3.75163	20.4254	29.4268	0.200002	6.35784	1.58948	6.76994
setup	0	2006-03-17 23:00:00	:ALL:	1	1.43099	49.9792	74.6942	15	10.5845	0.67095	0.513004	1.77011	521.2	4.32734	20.4254	29.4268	0.200002	6.35784	1.58948	6.76994
setup	0	2006-03-18 23:00:00	ANGA	1	1	0	0	1.5	0	0	0	1.5	424	0.497598	1	0	0	0	0	0
setup	0	2006-03-18 23:00:00	BUAF	1	0.43122	49.9789	74.7337	15	10.5845	0.671052	0.513145	1.77011	97.2	3.75163	20.4254	29.4268	0.200002	6.36136	1.59036	6.77369
setup	0	2006-03-18 23:00:00	:ALL:	1	1.43122	49.9789	74.7337	15	10.5845	0.671052	0.513145	1.77011	521.2	4.24922	20.4254	29.4268	0.200002	6.36136	1.59036	6.77369
setup	0	2006-03-19 23:00:00	ANGA	1	1	0	0	1.5	0	0	0	1.5	424	0.423672	1	0	0	0	0	0
setup	0	2006-03-19 23:00:00	BUAF	1	0.431448	49.9786	74.7722	15	10.5845	0.671151	0.513282	1.77011	97.2	3.75163	20.4254	29.4268	0.200002	6.36482	1.59123	6.77737
setup	0	2006-03-19 23:00:00	:ALL:	1	1.43145	49.9786	74.7722	15	10.5845	0.671151	0.513282	1.77011	521.2	4.1753	20.4254	29.4268	0.200002	6.36482	1.59123	6.77737
setup	0	2006-03-20 23:00:00	ANGA	1	1	0	0	1.5	0	0	0	1.5	424	0.354404	1	0	0	0	0	0
setup	0	2006-03-20 23:00:00	BUAF	1	0.431727	49.9784	74.8194	15	10.5845	0.671248	0.513449	1.77011	97.2	3.75163	20.4254	29.4268	0.200002	6.36918	1.59232	6.78202
setup	0	2006-03-20 23:00:00	:ALL:	1	1.43173	49.9784	74.8194	15	10.5845	0.671248	0.513449	1.77011	521.2	4.10603	20.4254	29.4268	0.200002	6.36918	1.59232	6.78202
setup	0	2006-03-21 23:00:00	ANGA	1	1	0	0	1.5	0	0	0	1.5	424	0.29024	1	0	0	0	0	0
setup	0	2006-03-21 23:00:00	BUAF	1	0.431907	49.9781	74.8499	15	10.5845	0.671367	0.513558	1.77011	97.2	3.75163	20.4254	29.4268	0.200002	6.37209	1.59304	6.78512
setup	0	2006-03-21 23:00:00	:ALL:	1	1.43191	49.9781	74.8499	15	10.5845	0.671367	0.513558	1.77011	521.2	4.04187	20.4254	29.4268	0.200002	6.37209	1.59304	6.78512
setup	0	2006-03-22 23:00:00	ANGA	1	1	0	0	1.5	0	0	0	1.5	424	0.231599	1	0	0	0	0	0
setup	0	2006-03-22 23:00:00	BUAF	1	0.432094	49.9778	74.8815	15	10.5845	0.671444	0.513671	1.77011	97.2	3.75163	20.4254	29.4268	0.200002	6.3751	1.5938	6.78832
setup	0	2006-03-22 23:00:00	:ALL:	1	1.43209	49.9778	74.8815	15	10.5845	0.671444	0.513671	1.77011	521.2	3.98323	20.4254	29.4268	0.200002	6.3751	1.5938	6.78832
setup	0	2006-03-23 23:00:00	ANGA	1	1	0	0	1.5	0	0	0	1.5	424	0.178874	1	0	0	0	0	0
setup	0	2006-03-23 23:00:00	BUAF	1	0.432237	49.9775	74.9056	15	10.5845	0.671524	0.513757	1.77012	97.2	3.75163	20.4254	29.4268	0.200002	6.37741	1.59437	6.79078
setup	0	2006-03-23 23:00:00	:ALL:	1	1.43224	49.9775	74.9056	15	10.5845	0.671524	0.513757	1.77012	521.2	3.9305	20.4254	29.4268	0.200002	6.37741	1.59437	6.79078
setup	0	2006-03-24 23:00:00	ANGA	1	1	0	0	1.5	0	0	0	1.5	424	0.132419	1	0	0	0	0	0
setup	0	2006-03-24 23:00:00	BUAF	1	0.432375	49.9773	74.9289	15	10.5845	0.671585	0.51384	1.77014	97.2	3.75163	20.4254	29.4268	0.200002	6.37965	1.59493	6.79316
setup	0	2006-03-24 23:00:00	:ALL:	1	1.43238	49.9773	74.9289	15	10.5845	0.671585	0.51384	1.77014	521.2	3.88405	20.4254	29.4268	0.200002	6.37965	1.59493	6.79316
setup	0	2006-03-25 23:00:00	ANGA	1	1	0	0	1.5	0	0	0	1.5	424	0.0925516	1	0	0	0	0	0
setup	0	2006-03-25 23:00:00	BUAF	1	0.432576	49.977	74.9628	15	10.5845	0.671644	0.513961	1.77015	97.2	3.75163	20.4254	29.4268	0.200002	6.38287	1.59574	6.79659
setup	0	2006-03-25 23:00:00	:ALL:	1	1.43258	49.977	74.9628	15	10.5845	0.671644	0.513961	1.77015	521.2	3.84418	20.4254	29.4268	0.200002	6.38287	1.59574	6.79659
setup	0	2006-03-26 23:00:00	ANGA	1	1	0	0	1.5	0	0	0	1.5	424	0.0595465	1	0	0	0	0	0
setup	0	2006-03-26 23:00:00	BUAF	1	0.432801	49.9767	75.0008	15	10.5845	0.671729	0.514096	1.77017	97.2	3.75163	20.4254	29.4268	0.200002	6.38648	1.59664	6.80044
setup	0	2006-03-26 23:00:00	:ALL:	1	1.4328	49.9767	75.0008	15	10.5845	0.671729	0.514096	1.77017	521.2	3.81117	20.4254	29.4268	0.200002	6.38648	1.59664	6.80044
setup	0	2006-03-27 23:00:00	ANGA	1	1	0	0	1.5	0	0	0	1.5	424	0.0336329	1	0	0	0	0	0
setup	0	2006-03-27 23:00:00	BUAF	1	0.432871	49.9764	75.0127	15	10.5845	0.671825	0.514139	1.77017	97.2	3.75163	20.4254	29.4268	0.200002	6.38766	1.59693	6.80169
setup	0	2006-03-27 23:00:00	:ALL:	1	1.43287	49.9764	75.0127	15	10.5845	0.671825	0.514139	1.77017	521.2	3.78526	20.4254	29.4268	0.200002	6.38766	1.59693	6.80169
setup	0	2006-03-28 23:00:00	ANGA	1	1	0	0	1.5	0	0	0	1.5	424	0.014992	1	0	0	0	0	0
setup	0	2006-03-28 23:00:00	BUAF	1	0.433016	49.9762	75.0372	15	10.5845	0.671855	0.514227	1.77018	97.2	3.75163	20.4254	29.4268	0.200002	6.39	1.59752	6.80419
setup	0	2006-03-28 23:00:00	:ALL:	1	1.43302	49.9762	75.0372	15	10.5845	0.671855	0.514227	1.77018	521.2	3.76662	20.4254	29.4268	0.200002	6.39	1.59752	6.80419
setup	0	2006-03-29 23:00:00	ANGA	1	1	0	0	1.5	0	0	0	1.5	424	0.00375462	1	0	0	0	0	0
setup	0	2006-03-29 23:00:00	BUAF	1	0.433109	49.9759	75.0528	15	10.5845	0.671917	0.514283	1.77019	97.2	3.75163	20.4254	29.4268	0.200002	6.39152	1.5979	6.80581
setup	0	2006-03-29 23:00:00	:ALL:	1	1.43311	49.9759	75.0528	15	10.5845	0.671917	0.514283	1.77019	521.2	3.75538	20.4254	29.4268	0.200002	6.39152	1.5979	6.80581
setup	0	2006-03-30 23:00:00	ANGA	1	1	0	0	1.5	0	0	0	1.5	424	0	1	0	0	0	0	0
setup	0	2006-03-30 23:00:00	BUAF	1	0.43316	49.9756	75.0614	15	10.5845	0.671957	0.514315	1.7702	97.2	3.75163	20.4254	29.4268	0.200002	6.39232	1.5981	6.80666
setup	0	2006-03-30 23:00:00	:ALL:	1	1.43316	49.9756	75.0614	15	10.5845	0.671957	0.514315	1.7702	521.2	3.75163	20.4254	29.4268	0.200002	6.39232	1.5981	6.80666
setup	0	2006-03-31 23:00:00	ANGA	1	1	0	0	1.5	0	0	0	1.5	424	0	1	0	0	0	0	0
setup	0	2006-03-31 23:00:00	BUAF	1	0.433226	49.9753	75.0726	15	10.5845	0.671979	0.514356	1.77021	97.2	3.75163	20.4254	29.4268	0.200002	6.39327	1.59834	6.80766
setup	0	2006-03-31 23:00:00	:ALL:	1	1.43323	49.9753	75.0726	15	10.5845	0.671979	0.514356	1.77021	521.2	3.75163	20.4254	29.4268	0.200002	6.39327	1.59834	6.80766
setup	0	2006-04-01 23:00:00	ANGA	1	1	0	0	1.5	0	0	0	1.5	424	0	1	0	0	0	0	0
setup	0	2006-04-01 23:00:00	BUAF	1	0.43342	49.9751	75.1054	15	10.5845	0.672008	0.514472	1.77021	97.2	3.75163	20.4254	29.4268	0.200002	6.39606	1.59903	6.81063
setup	0	2006-04-01 23:00:00	:ALL:	1	1.43342	49.9751	75.1054	15	10.5845	0.672008	0.514472	1.77021	521.2	3.75163	20.4254	29.4268	0.200002	6.39606	1.59903	6.81063
setup	0	2006-04-02 23:00:00	ANGA	1	1	0	0	1.5	0	0	0	1.5	424	0	1	0	0	0	0	0
setup	0	2006-04-02 23:00:00	BUAF	1	0.433573	49.9748	75.1313	15	10.5845	0.672091	0.514565	1.77021	97.2	3.75163	20.4254	29.4268	0.200002	6.39826	1.59958	6.81297
setup	0	2006-04-02 23:00:00	:ALL:	1	1.43357	49.9748	75.1313	15	10.5845	0.672091	0.514565	1.77021	521.2	3.75163	20.4254	29.4268	0.200002	6.39826	1.59958	6.81297
setup	0	2006-04-03 23:00:00	ANGA	1	1	0	0	1.5	0	0	0	1.5	424	0	1	0	0	0	0	0
setup	0	2006-04-03 23:00:00	BUAF	1	0.433796	49.9745	75.1688	15	10.5845	0.672156	0.514698	1.77021	97.2	3.75163	20.4254	29.4268	0.200002	6.40148	1.60039	6.81641
setup	0	2006-04-03 23:00:00	:ALL:	1	1.4338	49.9745	75.1688	15	10.5845	0.672156	0.514698	1.77021	521.2	3.75163	20.4254	29.4268	0.200002	6.40148	1.60039	6.81641
setup	0	2006-04-04 23:00:00	ANGA	1	1	0	0	1.5	0	0	0	1.5	424	0	1	0	0	0	0	0
setup	0	2006-04-04 23:00:00	BUAF	1	0.434015	49.9743	75.2059	15	10.5845	0.67225	0.51483	1.77021	97.2	3.75163	20.4254	29.4268	0.200002	6.40475	1.60121	6.81989
setup	0	2006-04-04 23:00:00	:ALL:	1	1.43402	49.9743	75.2059	15	10.5845	0.67225	0.51483	1.77021	521.2	3.75163	20.4254	29.4268	0.200002	6.40475	1.60121	6.81989
setup	0	2006-04-05 23:00:00	ANGA	1	1	0	0	1.5	0	0	0	1.5	424	0	1	0	0	0	0	0
setup	0	2006-04-05 23:00:00	BUAF	1	0.434238	49.974	75.2436	15	10.5845	0.672343	0.514963	1.77021	97.2	3.75163	20.4254	29.4268	0.200002	6.40815	1.60206	6.82351
setup	0	2006-04-05 23:00:00	:ALL:	1	1.43424	49.974	75.2436	15	10.5845	0.672343	0.514963	1.77021	521.2	3.75163	20.4254	29.4268	0.200002	6.40815	1.60206	6.82351
setup	0	2006-04-06 23:00:00	ANGA	1	1	0	0	1.5	0	0	0	1.5	424	0	1	0	0	0	0	0
setup	0	2006-04-06 23:00:00	BUAF	1	0.434446	49.9737	75.2787	15	10.5845	0.672438	0.515088	1.77021	97.2	3.75163	20.4254	29.4268	0.200002	6.4114	1.60287	6.82697
setup	0	2006-04-06 23:00:00	:ALL:	1	1.43445	49.9737	75.2787	15	10.5845	0.672438	0.515088	1.77021	521.2	3.75163	20.4254	29.4268	0.200002	6.4114	1.60287	6.82697
setup	0	2006-04-07 23:00:00	ANGA	1	1	0	0	1.5	0	0	0	1.5	424	0	1	0	0	0	0	0
setup	0	2006-04-07 23:00:00	BUAF	1	0.434854	49.9734	75.3476	15	10.5845	0.672526	0.515331	1.77021	97.2	3.75163	20.4254	29.4268	0.200002	6.41786	1.60449	6.83385
setup	0	2006-04-07 23:00:00	:ALL:	1	1.43485	49.9734	75.3476	15	10.5845	0.672526	0.515331	1.77021	521.2	3.75163	20.4254	29.4268	0.200002	6.41786	1.60449	6.83385
setup	0	2006-04-08 23:00:00	ANGA	1	1	0	0	1.5	0	0	0	1.5	424	0	1	0	0	0	0	0
setup	0	2006-04-08 23:00:00	BUAF	1	0.435094	49.9732	75.3881	15	10.5845	0.672698	0.515475	1.77021	97.2	3.75163	20.4254	29.4268	0.200002	6.4217	1.60545	6.83794
setup	0	2006-04-08 23:00:00	:ALL:	1	1.43509	49.9732	75.3881	15	10.5845	0.672698	0.515475	1.77021	521.2	3.75163	20.4254	29.4268	0.200002	6.4217	1.60545	6.83794
setup	0	2006-04-09 23:00:00	ANGA	1	1	0	0	1.5	0	0	0	1.5	424	0	1	0	0	0	0	0
setup	0	2006-04-09 23:00:00	BUAF	1	0.435449	49.9729	75.4481	15	10.5845	0.672799	0.515687	1.77021	97.2	3.75163	20.4254	29.4268	0.200002	6.42736	1.60686	6.84397
setup	0	2006-04-09 23:00:00	:ALL:	1	1.43545	49.9729	75.4481	15	10.5845	0.672799	0.515687	1.77021	521.2	3.75163	20.4254	29.4268	0.200002	6.42736	1.60686	6.84397
setup	0	2006-04-10 23:00:00	ANGA	1	1	0	0	1.5	0	0	0	1.5	424	0	1	0	0	0	0	0
setup	0	2006-04-10 23:00:00	BUAF	1	0.435757	49.9726	75.5	15	10.5845	0.672949	0.51587	1.77021	97.2	3.75163	20.4254	29.4268	0.200002	6.43227	1.60809	6.84919
setup	0	2006-04-10 23:00:00	:ALL:	1	1.43576	49.9726	75.5	15	10.5845	0.672949	0.51587	1.77021	521.2	3.75163	20.4254	29.4268	0.200002	6.43227	1.60809	6.84919
setup	0	2006-04-11 23:00:00	ANGA	1	1	0	0	1.5	0	0	0	1.5	424	0	1	0	0	0	0	0
setup	0	2006-04-11 23:00:00	BUAF	1	0.436107	49.9723	75.5592	15	10.5845	0.673079	0.516079	1.77021	97.2	3.75163	20.4254	29.4268	0.200002	6.43786	1.60948	6.85514
setup	0	2006-04-11 23:00:00	:ALL:	1	1.43611	49.9723	75.5592	15	10.5845	0.673079	0.516079	1.77021	521.2	3.75163	20.4254	29.4268	0.200002	6.43786	1.60948	6.85514
setup	0	2006-04-12 23:00:00	ANGA	1	1	0	0	1.5	0	0	0	1.5	424	0	1	0	0	0	0	0
setup	0	2006-04-12 23:00:00	BUAF	1	0.436467	49.9721	75.6201	15	10.5845	0.673226	0.516293	1.77021	97.2	3.75163	20.4254	29.4268	0.200002	6.44359	1.61092	6.86125
setup	0	2006-04-12 23:00:00	:ALL:	1	1.43647	49.9721	75.6201	15	10.5845	0.673226	0.516293	1.77021	521.2	3.75163	20.4254	29.4268	0.200002	6.44359	1.61092	6.86125
setup	0	2006-04-13 23:00:00	ANGA	1	1	0	0	1.5	0	0	0	1.5	424	0	1	0	0	0	0	0
setup	0	2006-04-13 23:00:00	BUAF	1	0.436833	49.9718	75.6818	15	10.5845	0.673378	0.516511	1.77021	97.2	3.75163	20.4254	29.4268	0.200002	6.44942	1.61237	6.86745
setup	0	2006-04-13 23:00:00	:ALL:	1	1.43683	49.9718	75.6818	15	10.5845	0.673378	0.516511	1.77021	521.2	3.75163	20.4254	29.4268	0.200002	6.44942	1.61237	6.86745
setup	0	2006-04-14 23:00:00	ANGA	1	1	0	0	1.5	0	0	0	1.5	424	0	1	0	0	0	0	0
setup	0	2006-04-14 23:00:00	BUAF	1	0.437197	49.9715	75.7434	15	10.5845	0.673531	0.516728	1.77021	97.2	3.75163	20.4254	29.4268	0.200002	6.45522	1.61383	6.87363
setup	0	2006-04-14 23:00:00	:ALL:	1	1.4372	49.9715	75.7434	15	10.5845	0.673531	0.516728	1.77021	521.2	3.75163	20.4254	29.4268	0.200002	6.45522	1.61383	6.87363
setup	0	2006-04-15 23:00:00	ANGA	1	1	0	0	1.5	0	0	0	1.5	424	0	1	0	0	0	0	0
setup	0	2006-04-15 23:00:00	BUAF	1	0.43756	49.9712	75.8047	15	10.5845	0.673684	0.516944	1.77021	97.2	3.75163	20.4254	29.4268	0.200002	6.461	1.61527	6.87979
setup	0	2006-04-15 23:00:00	:ALL:	1	1.43756	49.9712	75.8047	15	10.5845	0.673684	0.516944	1.77021	521.2	3.75163	20.4254	29.4268	0.200002	6.461	1.61527	6.87979
setup	0	2006-04-16 23:00:00	ANGA	1	1	0	0	1.5	0	0	0	1.5	424	0	1	0	0	0	0	0
setup	0	2006-04-16 23:00:00	BUAF	1	0.437949	49.971	75.8703	15	10.5845	0.673837	0.517174	1.77021	97.2	3.75163	20.4254	29.4268	0.200002	6.46719	1.61682	6.88637
setup	0	2006-04-16 23:00:00	:ALL:	1	1.43795	49.971	75.8703	15	10.5845	0.673837	0.517174	1.77021	521.2	3.75163	20.4254	29.4268	0.200002	6.46719	1.61682	6.88637
setup	0	2006-04-17 23:00:00	ANGA	1	1	0	0	1.5	0	0	0	1.5	424	0	1	0	0	0	0	0
setup	0	2006-04-17 23:00:00	BUAF	1	0.438263	49.9707	75.9234	15	10.5845	0.674	0.517361	1.77021	97.2	3.75163	20.4254	29.4268	0.200002	6.4722	1.61807	6.89171
setup	0	2006-04-17 23:00:00	:ALL:	1	1.43826	49.9707	75.9234	15	10.5845	0.674	0.517361	1.77021	521.2	3.75163	20.4254	29.4268	0.200002	6.4722	1.61807	6.89171
setup	0	2006-04-18 23:00:00	ANGA	1	1	0	0	1.5	0	0	0	1.5	424	0.00154389	1	0	0	0	0	0
setup	0	2006-04-18 23:00:00	BUAF	1	0.43859	49.9704	75.9786	15	10.5845	0.674132	0.517556	1.77021	97.2	3.75163	20.4254	29.4268	0.200002	6.47742	1.61937	6.89727
setup	0	2006-04-18 23:00:00	:ALL:	1	1.43859	49.9704	75.9786	15	10.5845	0.674132	0.517556	1.77021	521.2	3.75317	20.4254	29.4268	0.200002	6.47742	1.61937	6.89727
setup	0	2006-04-19 23:00:00	ANGA	1	1	0	0	1.5	0	0	0	1.5	424	0.00194925	1	0	0	0	0	0
setup	0	2006-04-19 23:00:00	BUAF	1	0.438961	49.9701	76.0413	15	10.5845	0.674269	0.517776	1.77021	97.2	3.75163	20.4254	29.4268	0.200002	6.48332	1.62085	6.90356
setup	0	2006-04-19 23:00:00	:ALL:	1	1.43896	49.9701	76.0413	15	10.5845	0.674269	0.517776	1.77021	521.2	3.75358	20.4254	29.4268	0.200002	6.48332	1.62085	6.90356
setup	0	2006-04-20 23:00:00	ANGA	1	1	0	0	1.5	0	0	0	1.5	424	0.0024497	1	0	0	0	0	0
setup	0	2006-04-20 23:00:00	BUAF	1	0.439302	49.9699	76.0988	15	10.5845	0.674424	0.517979	1.77021	97.2	3.75163	20.4254	29.4268	0.200002	6.48875	1.62221	6.90934
setup	0	2006-04-20 23:00:00	:ALL:	1	1.4393	49.9699	76.0988	15	10.5845	0.674424	0.517979	1.77021	521.2	3.75408	20.4254	29.4268	0.200002	6.48875	1.62221	6.90934
setup	0	2006-04-21 23:00:00	ANGA	1	1	0	0	1.5	0	0	0	1.5	424	0.00306446	1	0	0	0	0	0
setup	0	2006-04-21 23:00:00	BUAF	1	0.439676	49.9696	76.1619	15	10.5845	0.674567	0.5182	1.77021	97.2	3.75163	20.4254	29.4268	0.200002	6.4947	1.62369	6.91567
setup	0	2006-04-21 23:00:00	:ALL:	1	1.43968	49.9696	76.1619	15	10.5845	0.674567	0.5182	1.77021	521.2	3.75469	20.4254	29.4268	0.200002	6.4947	1.62369	6.91567
setup	0	2006-04-22 23:00:00	ANGA	1	1	0	0	1.5	0	0	0	1.5	424	0.00381584	1	0	0	0	0	0
setup	0	2006-04-22 23:00:00	BUAF	1	0.44003	49.9693	76.2217	15	10.5845	0.674723	0.51841	1.77021	97.2	3.75163	20.4254	29.4268	0.200002	6.50034	1.6251	6.92167
setup	0	2006-04-22 23:00:00	:ALL:	1	1.44003	49.9693	76.2217	15	10.5845	0.674723	0.51841	1.77021	521.2	3.75544	20.4254	29.4268	0.200002	6.50034	1.6251	6.92167
setup	0	2006-04-23 23:00:00	ANGA	1	1	0	0	1.5	0	0	0	1.5	424	0.00472957	1	0	0	0	0	0
setup	0	2006-04-23 23:00:00	BUAF	1	0.440375	49.9691	76.28	15	10.5845	0.674871	0.518615	1.77021	97.2	3.75163	20.4254	29.4268	0.200002	6.50584	1.62648	6.92753
setup	0	2006-04-23 23:00:00	:ALL:	1	1.44038	49.9691	76.28	15	10.5845	0.674871	0.518615	1.77021	521.2	3.75636	20.4254	29.4268	0.200002	6.50584	1.62648	6.92753
setup	0	2006-04-24 23:00:00	ANGA	1	1	0	0	1.5	0	0	0	1.5	424	0.00583509	1	0	0	0	0	0
setup	0	2006-04-24 23:00:00	BUAF	1	0.440769	49.9688	76.3464	15	10.5845	0.675016	0.518848	1.77021	97.2	3.75163	20.4254	29.4268	0.200002	6.51209	1.62804	6.93419
setup	0	2006-04-24 23:00:00	:ALL:	1	1.44077	49.9688	76.3464	15	10.5845	0.675016	0.518848	1.77021	521.2	3.75746	20.4254	29.4268	0.200002	6.51209	1.62804	6.93419
setup	0	2006-04-25 23:00:00	ANGA	1	1	0	0	1.5	0	0	0	1.5	424	0.00716588	1	0	0	0	0	0
setup	0	2006-04-25 23:00:00	BUAF	1	0.441117	49.9685	76.4052	15	10.5845	0.67518	0.519054	1.77021	97.2	3.75163	20.4254	29.4268	0.200002	6.51764	1.62943	6.94009
setup	0	2006-04-25 23:00:00	:ALL:	1	1.44112	49.9685	76.4052	15	10.5845	0.67518	0.519054	1.77021	521.2	3.75879	20.4254	29.4268	0.200002	6.51764	1.62943	6.94009
setup	0	2006-04-26 23:00:00	ANGA	1	1	0	0	1.5	0	0	0	1.5	424	0.00875963	1	0	0	0	0	0
setup	0	2006-04-26 23:00:00	BUAF	1	0.441484	49.9682	76.4672	15	10.5845	0.675325	0.519272	1.77021	97.2	3.75163	20.4254	29.4268	0.200002	6.52348	1.63089	6.94632
setup	0	2006-04-26 23:00:00	:ALL:	1	1.44148	49.9682	76.4672	15	10.5845	0.675325	0.519272	1.77021	521.2	3.76039	20.4254	29.4268	0.200002	6.52348	1.63089	6.94632
setup	0	2006-04-27 23:00:00	ANGA	1	1	0	0	1.5	0	0	0	1.5	424	0.0106585	1	0	0	0	0	0
setup	0	2006-04-27 23:00:00	BUAF	1	0.441804	49.968	76.5212	15	10.5845	0.675478	0.519461	1.77021	97.2	3.75163	20.4254	29.4268	0.200002	6.52858	1.63216	6.95175
setup	0	2006-04-27 23:00:00	:ALL:	1	1.4418	49.968	76.5212	15	10.5845	0.675478	0.519461	1.77021	521.2	3.76228	20.4254	29.4268	0.200002	6.52858	1.63216	6.95175
setup	0	2006-04-28 23:00:00	ANGA	1	1	0	0	1.5	0	0	0	1.5	424	0.0129093	1	0	0	0	0	0
setup	0	2006-04-28 23:00:00	BUAF	1	0.4422	49.9677	76.5881	15	10.5845	0.675612	0.519696	1.77021	97.2	3.75163	20.4254	29.4268	0.200002	6.53488	1.63374	6.95845
setup	0	2006-04-28 23:00:00	:ALL:	1	1.4422	49.9677	76.5881	15	10.5845	0.675612	0.519696	1.77021	521.2	3.76454	20.4254	29.4268	0.200002	6.53488	1.63374	6.95845
setup	0	2006-04-29 23:00:00	ANGA	1	1	0	0	1.5	0	0	0	1.5	424	0.0155634	1	0	0	0	0	0
setup	0	2006-04-29 23:00:00	BUAF	1	0.442459	49.9674	76.6318	15	10.5845	0.675777	0.519849	1.77021	97.2	3.75163	20.4254	29.4268	0.200002	6.53901	1.63477	6.96285
setup	0	2006-04-29 23:00:00	:ALL:	1	1.44246	49.9674	76.6318	15	10.5845	0.675777	0.519849	1.77021	521.2	3.76719	20.4254	29.4268	0.200002	6.53901	1.63477	6.96285
setup	0	2006-04-30 23:00:00	ANGA	1	1	0	0	1.5	0	0	0	1.5	424	0.0186768	1	0	0	0	0	0
setup	0	2006-04-30 23:00:00	BUAF	1	0.442822	49.9671	76.6931	15	10.5845	0.675885	0.520064	1.77021	97.2	3.75163	20.4254	29.4268	0.200002	6.54479	1.63622	6.96901
setup	0	2006-04-30 23:00:00	:ALL:	1	1.44282	49.9671	76.6931	15	10.5845	0.675885	0.520064	1.77021	521.2	3.7703	20.4254	29.4268	0.200002	6.54479	1.63622	6.96901
setup	0	2006-05-01 23:00:00	ANGA	1	1	0	0	1.5	0	0	0	1.5	424	0.0223097	1	0	0	0	0	0
setup	0	2006-05-01 23:00:00	BUAF	1	0.443152	49.9669	76.7489	15	10.5845	0.676036	0.520259	1.77021	97.2	3.75163	20.4254	29.4268	0.200002	6.55005	1.63753	6.97461
setup	0	2006-05-01 23:00:00	:ALL:	1	1.44315	49.9669	76.7489	15	10.5845	0.676036	0.520259	1.77021	521.2	3.77394	20.4254	29.4268	0.200002	6.55005	1.63753	6.97461
setup	0	2006-05-02 23:00:00	ANGA	1	1	0	0	1.5	0	0	0	1.5	424	0.0265265	1	0	0	0	0	0
setup	0	2006-05-02 23:00:00	BUAF	1	0.44341	49.9666	76.7924	15	10.5845	0.676173	0.520412	1.77021	97.2	3.75163	20.4254	29.4268	0.200002	6.55418	1.63856	6.979
setup	0	2006-05-02 23:00:00	:ALL:	1	1.44341	49.9666	76.7924	15	10.5845	0.676173	0.520412	1.77021	521.2	3.77815	20.4254	29.4268	0.200002	6.55418	1.63856	6.979
setup	0	2006-05-03 23:00:00	ANGA	1	1	0	0	1.5	0	0	0	1.5	424	0.031395	1	0	0	0	0	0
setup	0	2006-05-03 23:00:00	BUAF	1	0.443748	49.9663	76.8494	15	10.5845	0.676281	0.520611	1.77021	97.2	3.75163	20.4254	29.4268	0.200002	6.55955	1.63991	6.98472
setup	0	2006-05-03 23:00:00	:ALL:	1	1.44375	49.9663	76.8494	15	10.5845	0.676281	0.520611	1.77021	521.2	3.78302	20.4254	29.4268	0.200002	6.55955	1.63991	6.98472
setup	0	2006-05-04 23:00:00	ANGA	1	1	0	0	1.5	0	0	0	1.5	424	0.036986	1	0	0	0	0	0
setup	0	2006-05-04 23:00:00	BUAF	1	0.444028	49.966	76.8966	15	10.5845	0.676421	0.520777	1.77021	97.2	3.75163	20.4254	29.4268	0.200002	6.56402	1.64102	6.98948
setup	0	2006-05-04 23:00:00	:ALL:	1	1.44403	49.966	76.8966	15	10.5845	0.676421	0.520777	1.77021	521.2	3.78861	20.4254	29.4268	0.200002	6.56402	1.64102	6.98948
setup	0	2006-05-05 23:00:00	ANGA	1	1	0	0	1.5	0	0	0	1.5	424	0.043372	1	0	0	0	0	0
setup	0	2006-05-05 23:00:00	BUAF	1	0.444386	49.9658	76.9571	15	10.5845	0.676538	0.520988	1.77021	97.2	3.75163	20.4254	29.4268	0.200002	6.56972	1.64245	6.99555
setup	0	2006-05-05 23:00:00	:ALL:	1	1.44439	49.9658	76.9571	15	10.5845	0.676538	0.520988	1.77021	521.2	3.795	20.4254	29.4268	0.200002	6.56972	1.64245	6.99555
setup	0	2006-05-06 23:00:00	ANGA	1	1	0	0	1.5	0	0	0	1.5	424	0.0506263	1	0	0	0	0	0
setup	0	2006-05-06 23:00:00	BUAF	1	0.444741	49.9655	77.0171	15	10.5845	0.676686	0.521198	1.77021	97.2	3.75163	20.4254	29.4268	0.200002	6.57537	1.64386	7.00156
setup	0	2006-05-06 23:00:00	:ALL:	1	1.44474	49.9655	77.0171	15	10.5845	0.676686	0.521198	1.77021	521.2	3.80225	20.4254	29.4268	0.200002	6.57537	1.64386	7.00156
setup	0	2006-05-07 23:00:00	ANGA	1	1	0	0	1.5	0	0	0	1.5	424	0.0588217	1	0	0	0	0	0
setup	0	2006-05-07 23:00:00	BUAF	1	0.445104	49.9652	77.0784	15	10.5845	0.676834	0.521412	1.77021	97.2	3.75163	20.4254	29.4268	0.200002	6.58114	1.6453	7.00771
setup	0	2006-05-07 23:00:00	:ALL:	1	1.4451	49.9652	77.0784	15	10.5845	0.676834	0.521412	1.77021	521.2	3.81045	20.4254	29.4268	0.200002	6.58114	1.6453	7.00771
setup	0	2006-05-08 23:00:00	ANGA	1	1	0	0	1.5	0	0	0	1.5	424	0.068029	1	0	0	0	0	0
setup	0	2006-05-08 23:00:00	BUAF	1	0.445451	49.9649	77.137	15	10.5845	0.676984	0.521617	1.77021	97.2	3.75163	20.4254	29.4268	0.200002	6.58667	1.64669	7.0136
setup	0	2006-05-08 23:00:00	:ALL:	1	1.44545	49.9649	77.137	15	10.5845	0.676984	0.521617	1.77021	521.2	3.81966	20.4254	29.4268	0.200002	6.58667	1.64669	7.0136
setup	0	2006-05-09 23:00:00	ANGA	1	1	0	0	1.5	0	0	0	1.5	424	0.0783152	1	0	0	0	0	0
setup	0	2006-05-09 23:00:00	BUAF	1	0.445777	49.9647	77.1919	15	10.5845	0.677128	0.521809	1.77021	97.2	3.75163	20.4254	29.4268	0.200002	6.59185	1.64798	7.01912
setup	0	2006-05-09 23:00:00	:ALL:	1	1.44578	49.9647	77.1919	15	10.5845	0.677128	0.521809	1.77021	521.2	3.82994	20.4254	29.4268	0.200002	6.59185	1.64798	7.01912
setup	0	2006-05-10 23:00:00	ANGA	1	1	0	0	1.5	0	0	0	1.5	424	0.0897414	1	0	0	0	0	0
setup	0	2006-05-10 23:00:00	BUAF	1	0.446098	49.9644	77.2461	15	10.5845	0.677263	0.521998	1.77021	97.2	3.75163	20.4254	29.4268	0.200002	6.59697	1.64926	7.02456
setup	0	2006-05-10 23:00:00	:ALL:	1	1.4461	49.9644	77.2461	15	10.5845	0.677263	0.521998	1.77021	521.2	3.84137	20.4254	29.4268	0.200002	6.59697	1.64926	7.02456
setup	0	2006-05-11 23:00:00	ANGA	1	1	0	0	1.5	0	0	0	1.5	424	0.102361	1	0	0	0	0	0
setup	0	2006-05-11 23:00:00	BUAF	1	0.446451	49.9641	77.3058	15	10.5845	0.677396	0.522206	1.77021	97.2	3.75163	20.4254	29.4268	0.200002	6.60259	1.65066	7.03055
setup	0	2006-05-11 23:00:00	:ALL:	1	1.44645	49.9641	77.3058	15	10.5845	0.677396	0.522206	1.77021	521.2	3.85399	20.4254	29.4268	0.200002	6.60259	1.65066	7.03055
setup	0	2006-05-12 23:00:00	ANGA	1	1	0	0	1.5	0	0	0	1.5	424	0.116217	1	0	0	0	0	0
setup	0	2006-05-12 23:00:00	BUAF	1	0.446814	49.9638	77.367	15	10.5845	0.677542	0.52242	1.77021	97.2	3.75163	20.4254	29.4268	0.200002	6.60835	1.6521	7.03668
setup	0	2006-05-12 23:00:00	:ALL:	1	1.44681	49.9638	77.367	15	10.5845	0.677542	0.52242	1.77021	521.2	3.86784	20.4254	29.4268	0.200002	6.60835	1.6521	7.03668
setup	0	2006-05-13 23:00:00	ANGA	1	1	0	0	1.5	0	0	0	1.5	424	0.131342	1	0	0	0	0	0
setup	0	2006-05-13 23:00:00	BUAF	1	0.447168	49.9636	77.4268	15	10.5845	0.677692	0.522628	1.77021	97.2	3.75163	20.4254	29.4268	0.200002	6.61399	1.65352	7.04269
setup	0	2006-05-13 23:00:00	:ALL:	1	1.44717	49.9636	77.4268	15	10.5845	0.677692	0.522628	1.77021	521.2	3.88297	20.4254	29.4268	0.200002	6.61399	1.65352	7.04269
setup	0	2006-05-14 23:00:00	ANGA	1	1	0	0	1.5	0	0	0	1.5	424	0.147751	1	0	0	0	0	0
setup	0	2006-05-14 23:00:00	BUAF	1	0.44749	49.9633	77.4812	15	10.5845	0.677839	0.522818	1.77021	97.2	3.75163	20.4254	29.4268	0.200002	6.61912	1.6548	7.04815
setup	0	2006-05-14 23:00:00	:ALL:	1	1.44749	49.9633	77.4812	15	10.5845	0.677839	0.522818	1.77021	521.2	3.89938	20.4254	29.4268	0.200002	6.61912	1.6548	7.04815
setup	0	2006-05-15 23:00:00	ANGA	1	1	0	0	1.5	0	0	0	1.5	424	0.165444	1	0	0	0	0	0
setup	0	2006-05-15 23:00:00	BUAF	1	0.447837	49.963	77.5398	15	10.5845	0.677972	0.523022	1.77021	97.2	3.75163	20.4254	29.4268	0.200002	6.62464	1.65618	7.05403
setup	0	2006-05-15 23:00:00	:ALL:	1	1.44784	49.963	77.5398	15	10.5845	0.677972	0.523022	1.77021	521.2	3.91707	20.4254	29.4268	0.200002	6.62464	1.65618	7.05403
setup	0	2006-05-16 23:00:00	ANGA	1	1	0	0	1.5	0	0	0	1.5	424	0.184403	1	0	0	0	0	0
setup	0	2006-05-16 23:00:00	BUAF	1	0.448181	49.9628	77.5977	15	10.5845	0.678115	0.523224	1.77021	97.2	3.75163	20.4254	29.4268	0.200002	6.6301	1.65754	7.05984
setup	0	2006-05-16 23:00:00	:ALL:	1	1.44818	49.9628	77.5977	15	10.5845	0.678115	0.523224	1.77021	521.2	3.93603	20.4254	29.4268	0.200002	6.6301	1.65754	7.05984
setup	0	2006-05-17 23:00:00	ANGA	1	1	0	0	1.5	0	0	0	1.5	424	0.204588	1	0	0	0	0	0
setup	0	2006-05-17 23:00:00	BUAF	1	0.448562	49.9625	77.662	15	10.5845	0.678257	0.523448	1.77021	97.2	3.75163	20.4254	29.4268	0.200002	6.63615	1.65906	7.06629
setup	0	2006-05-17 23:00:00	:ALL:	1	1.44856	49.9625	77.662	15	10.5845	0.678257	0.523448	1.77021	521.2	3.95621	20.4254	29.4268	0.200002	6.63615	1.65906	7.06629
setup	0	2006-05-18 23:00:00	ANGA	1	1	0	0	1.5	0	0	0	1.5	424	0.225937	1	0	0	0	0	0
setup	0	2006-05-18 23:00:00	BUAF	1	0.448967	49.9622	77.7304	15	10.5845	0.678414	0.523685	1.77021	97.2	3.75163	20.4254	29.4268	0.200002	6.64259	1.66066	7.07314
setup	0	2006-05-18 23:00:00	:ALL:	1	1.44897	49.9622	77.7304	15	10.5845	0.678414	0.523685	1.77021	521.2	3.97756	20.4254	29.4268	0.200002	6.64259	1.66066	7.07314
setup	0	2006-05-19 23:00:00	ANGA	1	1	0	0	1.5	0	0	0	1.5	424	0.248365	1	0	0	0	0	0
setup	0	2006-05-19 23:00:00	BUAF	1	0.449368	49.9619	77.7981	15	10.5845	0.67858	0.523921	1.77021	97.2	3.75163	20.4254	29.4268	0.200002	6.64896	1.66226	7.07992
setup	0	2006-05-19 23:00:00	:ALL:	1	1.44937	49.9619	77.7981	15	10.5845	0.67858	0.523921	1.77021	521.2	3.99999	20.4254	29.4268	0.200002	6.64896	1.66226	7.07992
setup	0	2006-05-20 23:00:00	ANGA	1	1	0	0	1.5	0	0	0	1.5	424	0.271761	1	0	0	0	0	0
setup	0	2006-05-20 23:00:00	BUAF	1	0.449744	49.9617	77.8616	15	10.5845	0.678746	0.524142	1.77021	97.2	3.75163	20.4254	29.4268	0.200002	6.65494	1.66375	7.08629
setup	0	2006-05-20 23:00:00	:ALL:	1	1.44974	49.9617	77.8616	15	10.5845	0.678746	0.524142	1.77021	521.2	4.02339	20.4254	29.4268	0.200002	6.65494	1.66375	7.08629
setup	0	2006-05-21 23:00:00	ANGA	1	1	0	0	1.5	0	0	0	1.5	424	0.295991	1	0	0	0	0	0
setup	0	2006-05-21 23:00:00	BUAF	1	0.450144	49.9614	77.929	15	10.5845	0.6789	0.524376	1.77021	97.2	3.75163	20.4254	29.4268	0.200002	6.66128	1.66534	7.09305
setup	0	2006-05-21 23:00:00	:ALL:	1	1.45014	49.9614	77.929	15	10.5845	0.6789	0.524376	1.77021	521.2	4.04762	20.4254	29.4268	0.200002	6.66128	1.66534	7.09305
setup	0	2006-05-22 23:00:00	ANGA	1	1	0	0	1.5	0	0	0	1.5	424	0.320897	1	0	0	0	0	0
setup	0	2006-05-22 23:00:00	BUAF	1	0.45049	49.9611	77.9875	15	10.5845	0.679065	0.524579	1.77021	97.2	3.75163	20.4254	29.4268	0.200002	6.66679	1.66671	7.09891
setup	0	2006-05-22 23:00:00	:ALL:	1	1.45049	49.9611	77.9875	15	10.5845	0.679065	0.524579	1.77021	521.2	4.07252	20.4254	29.4268	0.200002	6.66679	1.66671	7.09891
setup	0	2006-05-23 23:00:00	ANGA	1	1	0	0	1.5	0	0	0	1.5	424	0.346296	1	0	0	0	0	0
setup	0	2006-05-23 23:00:00	BUAF	1	0.450844	49.9608	78.0471	15	10.5845	0.679207	0.524786	1.77021	97.2	3.75163	20.4254	29.4268	0.200002	6.67241	1.66812	7.10489
setup	0	2006-05-23 23:00:00	:ALL:	1	1.45084	49.9608	78.0471	15	10.5845	0.679207	0.524786	1.77021	521.2	4.09792	20.4254	29.4268	0.200002	6.67241	1.66812	7.10489
setup	0	2006-05-24 23:00:00	ANGA	1	1	0	0	1.5	0	0	0	1.5	424	0.371985	1	0	0	0	0	0
setup	0	2006-05-24 23:00:00	BUAF	1	0.451169	49.9606	78.1021	15	10.5845	0.679352	0.524977	1.77021	97.2	3.75163	20.4254	29.4268	0.200002	6.67759	1.66941	7.11041
setup	0	2006-05-24 23:00:00	:ALL:	1	1.45117	49.9606	78.1021	15	10.5845	0.679352	0.524977	1.77021	521.2	4.12361	20.4254	29.4268	0.200002	6.67759	1.66941	7.11041
setup	0	2006-05-25 23:00:00	ANGA	1	1	0	0	1.5	0	0	0	1.5	424	0.397738	1	0	0	0	0	0
setup	0	2006-05-25 23:00:00	BUAF	1	0.451544	49.9603	78.1652	15	10.5845	0.679486	0.525196	1.77021	97.2	3.75163	20.4254	29.4268	0.200002	6.68353	1.6709	7.11674
setup	0	2006-05-25 23:00:00	:ALL:	1	1.45154	49.9603	78.1652	15	10.5845	0.679486	0.525196	1.77021	521.2	4.14936	20.4254	29.4268	0.200002	6.68353	1.6709	7.11674
setup	0	2006-05-26 23:00:00	ANGA	1	1	0	0	1.5	0	0	0	1.5	424	0.423315	1	0	0	0	0	0
setup	0	2006-05-26 23:00:00	BUAF	1	0.451888	49.96	78.2233	15	10.5845	0.679639	0.525398	1.77021	97.2	3.75163	20.4254	29.4268	0.200002	6.689	1.67227	7.12256
setup	0	2006-05-26 23:00:00	:ALL:	1	1.45189	49.96	78.2233	15	10.5845	0.679639	0.525398	1.77021	521.2	4.17494	20.4254	29.4268	0.200002	6.689	1.67227	7.12256
setup	0	2006-05-27 23:00:00	ANGA	1	1	0	0	1.5	0	0	0	1.5	424	0.448463	1	0	0	0	0	0
setup	0	2006-05-27 23:00:00	BUAF	1	0.452249	49.9597	78.2842	15	10.5845	0.67978	0.525609	1.77021	97.2	3.75163	20.4254	29.4268	0.200002	6.69474	1.6737	7.12867
setup	0	2006-05-27 23:00:00	:ALL:	1	1.45225	49.9597	78.2842	15	10.5845	0.67978	0.525609	1.77021	521.2	4.20009	20.4254	29.4268	0.200002	6.69474	1.6737	7.12867
setup	0	2006-05-28 23:00:00	ANGA	1	1	0	0	1.5	0	0	0	1.5	424	0.472915	1	0	0	0	0	0
setup	0	2006-05-28 23:00:00	BUAF	1	0.452593	49.9595	78.3424	15	10.5845	0.679928	0.525811	1.77021	97.2	3.75163	20.4254	29.4268	0.200002	6.70022	1.67507	7.13451
setup	0	2006-05-28 23:00:00	:ALL:	1	1.45259	49.9595	78.3424	15	10.5845	0.679928	0.525811	1.77021	521.2	4.22454	20.4254	29.4268	0.200002	6.70022	1.67507	7.13451
setup	0	2006-05-29 23:00:00	ANGA	1	1	0	0	1.5	0	0	0	1.5	424	0.496405	1	0	0	0	0	0
setup	0	2006-05-29 23:00:00	BUAF	1	0.452919	49.9592	78.3973	15	10.5845	0.68007	0.526001	1.77021	97.2	3.75163	20.4254	29.4268	0.200002	6.70539	1.67636	7.14001
setup	0	2006-05-29 23:00:00	:ALL:	1	1.45292	49.9592	78.3973	15	10.5845	0.68007	0.526001	1.77021	521.2	4.24803	20.4254	29.4268	0.200002	6.70539	1.67636	7.14001
setup	0	2006-05-30 23:00:00	ANGA	1	1	0	0	1.5	0	0	0	1.5	424	0.51866	1	0	0	0	0	0
setup	0	2006-05-30 23:00:00	BUAF	1	0.453261	49.9589	78.4551	15	10.5845	0.680203	0.526201	1.77021	97.2	3.75163	20.4254	29.4268	0.200002	6.71084	1.67773	7.14582
setup	0	2006-05-30 23:00:00	:ALL:	1	1.45326	49.9589	78.4551	15	10.5845	0.680203	0.526201	1.77021	521.2	4.27029	20.4254	29.4268	0.200002	6.71084	1.67773	7.14582
setup	0	2006-05-31 23:00:00	ANGA	1	1	0	0	1.5	0	0	0	1.5	424	0.539418	1	0	0	0	0	0
setup	0	2006-05-31 23:00:00	BUAF	1	0.453595	49.9586	78.5114	15	10.5845	0.680343	0.526396	1.77021	97.2	3.75163	20.4254	29.4268	0.200002	6.71614	1.67905	7.15146
setup	0	2006-05-31 23:00:00	:ALL:	1	1.45359	49.9586	78.5114	15	10.5845	0.680343	0.526396	1.77021	521.2	4.29104	20.4254	29.4268	0.200002	6.71614	1.67905	7.15146
setup	0	2006-06-01 23:00:00	ANGA	1	1	0	0	1.5	0	0	0	1.5	424	0.558422	1	0	0	0	0	0
setup	0	2006-06-01 23:00:00	BUAF	1	0.453941	49.9584	78.5699	15	10.5845	0.68048	0.526599	1.77021	97.2	3.75163	20.4254	29.4268	0.200002	6.72165	1.68043	7.15733
setup	0	2006-06-01 23:00:00	:ALL:	1	1.45394	49.9584	78.5699	15	10.5845	0.68048	0.526599	1.77021	521.2	4.31005	20.4254	29.4268	0.200002	6.72165	1.68043	7.15733
setup	0	2006-06-02 23:00:00	ANGA	1	1	0	0	1.5	0	0	0	1.5	424	0.575433	1	0	0	0	0	0
setup	0	2006-06-02 23:00:00	BUAF	1	0.454292	49.9581	78.6289	15	10.5845	0.680621	0.526803	1.77021	97.2	3.75163	20.4254	29.4268	0.200002	6.72721	1.68182	7.16325
setup	0	2006-06-02 23:00:00	:ALL:	1	1.45429	49.9581	78.6289	15	10.5845	0.680621	0.526803	1.77021	521.2	4.32706	20.4254	29.4268	0.200002	6.72721	1.68182	7.16325
setup	0	2006-06-03 23:00:00	ANGA	1	1	0	0	1.5	0	0	0	1.5	424	0.589911	1	0	0	0	0	0
setup	0	2006-06-03 23:00:00	BUAF	1	0.454633	49.9578	78.6865	15	10.5845	0.680764	0.527003	1.77021	97.2	3.75163	20.4254	29.4268	0.200002	6.73263	1.68317	7.16902
setup	0	2006-06-03 23:00:00	:ALL:	1	1.45463	49.9578	78.6865	15	10.5845	0.680764	0.527003	1.77021	521.2	4.34154	20.4254	29.4268	0.200002	6.73263	1.68317	7.16902
setup	0	2006-06-04 23:00:00	ANGA	1	1	0	0	1.5	0	0	0	1.5	424	0.601921	1	0	0	0	0	0
setup	0	2006-06-04 23:00:00	BUAF	1	0.454929	49.9576	78.7364	15	10.5845	0.680904	0.527176	1.77021	97.2	3.75163	20.4254	29.4268	0.200002	6.73735	1.68435	7.17404
setup	0	2006-06-04 23:00:00	:ALL:	1	1.45493	49.9576	78.7364	15	10.5845	0.680904	0.527176	1.77021	521.2	4.35355	20.4254	29.4268	0.200002	6.73735	1.68435	7.17404
setup	0	2006-06-05 23:00:00	ANGA	1	1	0	0	1.5	0	0	0	1.5	424	0.601471	1	0	0	0	0	0
setup	0	2006-06-05 23:00:00	BUAF	1	0.455189	49.9573	78.7803	15	10.5845	0.681025	0.527328	1.77022	97.2	3.75163	20.4254	29.4268	0.200002	6.7415	1.68539	7.17846
setup	0	2006-06-05 23:00:00	:ALL:	1	1.45519	49.9573	78.7803	15	10.5845	0.681025	0.527328	1.77022	521.2	4.3531	20.4254	29.4268	0.200002	6.7415	1.68539	7.17846
setup	0	2006-06-06 23:00:00	ANGA	1	1	0	0	1.5	0	0	0	1.5	424	0.600953	1	0	0	0	0	0
setup	0	2006-06-06 23:00:00	BUAF	1	0.45543	49.957	78.821	15	10.5845	0.681131	0.527469	1.77023	97.2	3.75163	20.4254	29.4268	0.200002	6.74534	1.68635	7.18255
setup	0	2006-06-06 23:00:00	:ALL:	1	1.45543	49.957	78.821	15	10.5845	0.681131	0.527469	1.77023	521.2	4.35258	20.4254	29.4268	0.200002	6.74534	1.68635	7.18255
setup	0	2006-06-07 23:00:00	ANGA	1	1	0	0	1.5	0	0	0	1.5	424	0.600356	1	0	0	0	0	0
setup	0	2006-06-07 23:00:00	BUAF	1	0.455677	49.9567	78.8626	15	10.5845	0.681229	0.527613	1.77024	97.2	3.75163	20.4254	29.4268	0.200002	6.74928	1.68734	7.18675
setup	0	2006-06-07 23:00:00	:ALL:	1	1.45568	49.9567	78.8626	15	10.5845	0.681229	0.527613	1.77024	521.2	4.35198	20.4254	29.4268	0.200002	6.74928	1.68734	7.18675
setup	0	2006-06-08 23:00:00	ANGA	1	1	0	0	1.5	0	0	0	1.5	424	0.599672	1	0	0	0	0	0
setup	0	2006-06-08 23:00:00	BUAF	1	0.45586	49.9565	78.8935	15	10.5845	0.68133	0.527721	1.77025	97.2	3.75163	20.4254	29.4268	0.200001	6.75222	1.68807	7.18988
setup	0	2006-06-08 23:00:00	:ALL:	1	1.45586	49.9565	78.8935	15	10.5845	0.68133	0.527721	1.77025	521.2	4.3513	20.4254	29.4268	0.200001	6.75222	1.68807	7.18988
setup	0	2006-06-09 23:00:00	ANGA	1	1	0	0	1.5	0	0	0	1.5	424	0.598888	1	0	0	0	0	0
setup	0	2006-06-09 23:00:00	BUAF	1	0.45606	49.9562	78.9272	15	10.5845	0.681405	0.527838	1.77027	97.2	3.75163	20.4254	29.4268	0.200001	6.75542	1.68887	7.19328
setup	0	2006-06-09 23:00:00	:ALL:	1	1.45606	49.9562	78.9272	15	10.5845	0.681405	0.527838	1.77027	521.2	4.35051	20.4254	29.4268	0.200001	6.75542	1.68887	7.19328
setup	0	2006-06-10 23:00:00	ANGA	1	1	0	0	1.5	0	0	0	1.5	424	0.597993	1	0	0	0	0	0
setup	0	2006-06-10 23:00:00	BUAF	1	0.456208	49.9559	78.9523	15	10.5845	0.681487	0.527925	1.77028	97.2	3.75163	20.4254	29.4268	0.200001	6.75781	1.68947	7.19583
setup	0	2006-06-10 23:00:00	:ALL:	1	1.45621	49.9559	78.9523	15	10.5845	0.681487	0.527925	1.77028	521.2	4.34962	20.4254	29.4268	0.200001	6.75781	1.68947	7.19583
setup	0	2006-06-11 23:00:00	ANGA	1	1	0	0	1.5	0	0	0	1.5	424	0.596974	1	0	0	0	0	0
setup	0	2006-06-11 23:00:00	BUAF	1	0.456336	49.9556	78.9739	15	10.5845	0.681548	0.528001	1.77029	97.2	3.75163	20.4254	29.4268	0.200001	6.75989	1.68999	7.19804
setup	0	2006-06-11 23:00:00	:ALL:	1	1.45634	49.9556	78.9739	15	10.5845	0.681548	0.528001	1.77029	521.2	4.3486	20.4254	29.4268	0.200001	6.75989	1.68999	7.19804
setup	0	2006-06-12 23:00:00	ANGA	1	1	0	0	1.5	0	0	0	1.5	424	0.595817	1	0	0	0	0	0
setup	0	2006-06-12 23:00:00	BUAF	1	0.456433	49.9554	78.9901	15	10.5845	0.681601	0.528058	1.7703	97.2	3.75163	20.4254	29.4268	0.200001	6.76146	1.69038	7.19972
setup	0	2006-06-12 23:00:00	:ALL:	1	1.45643	49.9554	78.9901	15	10.5845	0.681601	0.528058	1.7703	521.2	4.34744	20.4254	29.4268	0.200001	6.76146	1.69038	7.19972
setup	0	2006-06-13 23:00:00	ANGA	1	1	0	0	1.5	0	0	0	1.5	424	0.594507	1	0	0	0	0	0
setup	0	2006-06-13 23:00:00	BUAF	1	0.456503	49.9551	79.002	15	10.5845	0.681641	0.5281	1.77031	97.2	3.75163	20.4254	29.4268	0.200001	6.76263	1.69067	7.20096
setup	0	2006-06-13 23:00:00	:ALL:	1	1.4565	49.9551	79.002	15	10.5845	0.681641	0.5281	1.77031	521.2	4.34613	20.4254	29.4268	0.200001	6.76263	1.69067	7.20096
setup	0	2006-06-14 23:00:00	ANGA	1	1	0	0	1.5	0	0	0	1.5	424	0.593026	1	0	0	0	0	0
setup	0	2006-06-14 23:00:00	BUAF	1	0.456515	49.9548	79.004	15	10.5845	0.681658	0.528108	1.77032	97.2	3.75163	20.4254	29.4268	0.200001	6.76287	1.69073	7.20122
setup	0	2006-06-14 23:00:00	:ALL:	1	1.45651	49.9548	79.004	15	10.5845	0.681658	0.528108	1.77032	521.2	4.34465	20.4254	29.4268	0.200001	6.76287	1.69073	7.20122
setup	0	2006-06-15 23:00:00	ANGA	1	1	0	0	1.5	0	0	0	1.5	424	0.591358	1	0	0	0	0	0
setup	0	2006-06-15 23:00:00	BUAF	1	0.456512	49.9545	78.9986	15	10.5845	0.681658	0.528108	1.77032	97.2	3.75163	20.4254	29.4268	0.200001	6.76244	1.69062	7.20075
setup	0	2006-06-15 23:00:00	:ALL:	1	1.45651	49.9545	78.9986	15	10.5845	0.681658	0.528108	1.77032	521.2	4.34298	20.4254	29.4268	0.200001	6.76244	1.69062	7.20075
setup	0	2006-06-16 23:00:00	ANGA	1	1	0	0	1.5	0	0	0	1.5	424	0.589483	1	0	0	0	0	0
setup	0	2006-06-16 23:00:00	BUAF	1	0.45651	49.9543	78.9904	15	10.5845	0.681658	0.528108	1.77032	97.2	3.75163	20.4254	29.4268	0.200001	6.76174	1.69045	7.20001
setup	0	2006-06-16 23:00:00	:ALL:	1	1.45651	49.9543	78.9904	15	10.5845	0.681658	0.528108	1.77032	521.2	4.34111	20.4254	29.4268	0.200001	6.76174	1.69045	7.20001
setup	0	2006-06-17 23:00:00	ANGA	1	1	0	0	1.5	0	0	0	1.5	424	0.587381	1	0	0	0	0	0
setup	0	2006-06-17 23:00:00	BUAF	1	0.456507	49.954	78.9858	15	10.5845	0.681658	0.528108	1.77032	97.2	3.75163	20.4254	29.4268	0.200001	6.76137	1.69036	7.19962
setup	0	2006-06-17 23:00:00	:ALL:	1	1.45651	49.954	78.9858	15	10.5845	0.681658	0.528108	1.77032	521.2	4.33901	20.4254	29.4268	0.200001	6.76137	1.69036	7.19962
setup	0	2006-06-18 23:00:00	ANGA	1	1	0	0	1.5	0	0	0	1.5	424	0.585032	1	0	0	0	0	0
setup	0	2006-06-18 23:00:00	BUAF	1	0.456505	49.9537	78.9787	15	10.5845	0.681658	0.528108	1.77032	97.2	3.75163	20.4254	29.4268	0.200001	6.76077	1.69021	7.19898
setup	0	2006-06-18 23:00:00	:ALL:	1	1.4565	49.9537	78.9787	15	10.5845	0.681658	0.528108	1.77032	521.2	4.33666	20.4254	29.4268	0.200001	6.76077	1.69021	7.19898
setup	0	2006-06-19 23:00:00	ANGA	1	1	0	0	1.5	0	0	0	1.5	424	0.582414	1	0	0	0	0	0
setup	0	2006-06-19 23:00:00	BUAF	1	0.456502	49.9534	78.965	15	10.5845	0.681658	0.528108	1.77032	97.2	3.75163	20.4254	29.4268	0.200001	6.7596	1.68992	7.19773
setup	0	2006-06-19 23:00:00	:ALL:	1	1.4565	49.9534	78.965	15	10.5845	0.681658	0.528108	1.77032	521.2	4.33404	20.4254	29.4268	0.200001	6.7596	1.68992	7.19773
setup	0	2006-06-20 23:00:00	ANGA	1	1	0	0	1.5	0	0	0	1.5	424	0.579503	1	0	0	0	0	0
setup	0	2006-06-20 23:00:00	BUAF	1	0.4565	49.9532	78.9484	15	10.5845	0.681658	0.528108	1.77032	97.2	3.75163	20.4254	29.4268	0.200001	6.75818	1.68956	7.19623
setup	0	2006-06-20 23:00:00	:ALL:	1	1.4565	49.9532	78.9484	15	10.5845	0.681658	0.528108	1.77032	521.2	4.33113	20.4254	29.4268	0.200001	6.75818	1.68956	7.19623
setup	0	2006-06-21 23:00:00	ANGA	1	1	0	0	1.5	0	0	0	1.5	424	0.576275	1	0	0	0	0	0
setup	0	2006-06-21 23:00:00	BUAF	1	0.456497	49.9529	78.9312	15	10.5845	0.681658	0.528108	1.77032	97.2	3.75163	20.4254	29.4268	0.200001	6.75671	1.68919	7.19466
setup	0	2006-06-21 23:00:00	:ALL:	1	1.4565	49.9529	78.9312	15	10.5845	0.681658	0.528108	1.77032	521.2	4.3279	20.4254	29.4268	0.200001	6.75671	1.68919	7.19466
setup	0	2006-06-22 23:00:00	ANGA	1	1	0	0	1.5	0	0	0	1.5	424	0.572707	1	0	0	0	0	0
setup	0	2006-06-22 23:00:00	BUAF	1	0.456495	49.9526	78.9114	15	10.5845	0.681658	0.528108	1.77032	97.2	3.75163	20.4254	29.4268	0.200001	6.75502	1.68877	7.19286
setup	0	2006-06-22 23:00:00	:ALL:	1	1.45649	49.9526	78.9114	15	10.5845	0.681658	0.528108	1.77032	521.2	4.32433	20.4254	29.4268	0.200001	6.75502	1.68877	7.19286
setup	0	2006-06-23 23:00:00	ANGA	1	1	0	0	1.5	0	0	0	1.5	424	0.568771	1	0	0	0	0	0
setup	0	2006-06-23 23:00:00	BUAF	1	0.456492	49.9524	78.8891	15	10.5845	0.681658	0.528108	1.77032	97.2	3.75163	20.4254	29.4268	0.200001	6.75311	1.68829	7.19083
setup	0	2006-06-23 23:00:00	:ALL:	1	1.45649	49.9524	78.8891	15	10.5845	0.681658	0.528108	1.77032	521.2	4.3204	20.4254	29.4268	0.200001	6.75311	1.68829	7.19083
setup	0	2006-06-24 23:00:00	ANGA	1	1	0	0	1.5	0	0	0	1.5	424	0.564444	1	0	0	0	0	0
setup	0	2006-06-24 23:00:00	BUAF	1	0.45649	49.9521	78.8652	15	10.5845	0.681658	0.528108	1.77032	97.2	3.75163	20.4254	29.4268	0.200001	6.75107	1.68778	7.18865
setup	0	2006-06-24 23:00:00	:ALL:	1	1.45649	49.9521	78.8652	15	10.5845	0.681658	0.528108	1.77032	521.2	4.31607	20.4254	29.4268	0.200001	6.75107	1.68778	7.18865
setup	0	2006-06-25 23:00:00	ANGA	1	1	0	0	1.5	0	0	0	1.5	424	0.559699	1	0	0	0	0	0
setup	0	2006-06-25 23:00:00	BUAF	1	0.456487	49.9518	78.8405	15	10.5845	0.681658	0.528108	1.77032	97.2	3.75163	20.4254	29.4268	0.200001	6.74896	1.68726	7.18641
setup	0	2006-06-25 23:00:00	:ALL:	1	1.45649	49.9518	78.8405	15	10.5845	0.681658	0.528108	1.77032	521.2	4.31132	20.4254	29.4268	0.200001	6.74896	1.68726	7.18641
setup	0	2006-06-26 23:00:00	ANGA	1	1	0	0	1.5	0	0	0	1.5	424	0.55451	1	0	0	0	0	0
setup	0	2006-06-26 23:00:00	BUAF	1	0.456485	49.9515	78.8175	15	10.5845	0.681658	0.528108	1.77032	97.2	3.75163	20.4254	29.4268	0.200001	6.747	1.68677	7.18432
setup	0	2006-06-26 23:00:00	:ALL:	1	1.45648	49.9515	78.8175	15	10.5845	0.681658	0.528108	1.77032	521.2	4.30614	20.4254	29.4268	0.200001	6.747	1.68677	7.18432
setup	0	2006-06-27 23:00:00	ANGA	1	1	0	0	1.5	0	0	0	1.5	424	0.548851	1	0	0	0	0	0
setup	0	2006-06-27 23:00:00	BUAF	1	0.456482	49.9513	78.7946	15	10.5845	0.681658	0.528108	1.77032	97.2	3.75163	20.4254	29.4268	0.200001	6.74504	1.68627	7.18223
setup	0	2006-06-27 23:00:00	:ALL:	1	1.45648	49.9513	78.7946	15	10.5845	0.681658	0.528108	1.77032	521.2	4.30048	20.4254	29.4268	0.200001	6.74504	1.68627	7.18223
setup	0	2006-06-28 23:00:00	ANGA	1	1	0	0	1.5	0	0	0	1.5	424	0.542698	1	0	0	0	0	0
setup	0	2006-06-28 23:00:00	BUAF	1	0.45648	49.951	78.772	15	10.5845	0.681658	0.528108	1.77032	97.2	3.75163	20.4254	29.4268	0.200001	6.74311	1.68579	7.18018
setup	0	2006-06-28 23:00:00	:ALL:	1	1.45648	49.951	78.772	15	10.5845	0.681658	0.528108	1.77032	521.2	4.29432	20.4254	29.4268	0.200001	6.74311	1.68579	7.18018
setup	0	2006-06-29 23:00:00	ANGA	1	1	0	0	1.5	0	0	0	1.5	424	0.536027	1	0	0	0	0	0
setup	0	2006-06-29 23:00:00	BUAF	1	0.456477	49.9507	78.7489	15	10.5845	0.681658	0.528108	1.77032	97.2	3.75163	20.4254	29.4268	0.200001	6.74113	1.6853	7.17807
setup	0	2006-06-29 23:00:00	:ALL:	1	1.45648	49.9507	78.7489	15	10.5845	0.681658	0.528108	1.77032	521.2	4.28765	20.4254	29.4268	0.200001	6.74113	1.6853	7.17807
setup	0	2006-06-30 23:00:00	ANGA	1	1	0	0	1.5	0	0	0	1.5	424	0.528815	1	0	0	0	0	0
setup	0	2006-06-30 23:00:00	BUAF	1	0.456475	49.9504	78.7245	15	10.5845	0.681658	0.528108	1.77032	97.2	3.75163	20.4254	29.4268	0.200001	6.73904	1.68478	7.17585
setup	0	2006-06-30 23:00:00	:ALL:	1	1.45647	49.9504	78.7245	15	10.5845	0.681658	0.528108	1.77032	521.2	4.28044	20.4254	29.4268	0.200001	6.73904	1.68478	7.17585
setup	0	2006-07-01 23:00:00	ANGA	1	1	0	0	1.5	0	0	0	1.5	424	0.52104	1	0	0	0	0	0
setup	0	2006-07-01 23:00:00	BUAF	1	0.456472	49.9502	78.6988	15	10.5845	0.681658	0.528108	1.77032	97.2	3.27648	20.4254	29.4268	0.200001	6.73685	1.68423	7.17351
setup	0	2006-07-01 23:00:00	:ALL:	1	1.45647	49.9502	78.6988	15	10.5845	0.681658	0.528108	1.77032	521.2	3.79752	20.4254	29.4268	0.200001	6.73685	1.68423	7.17351
setup	0	2006-07-02 23:00:00	ANGA	1	1	0	0	1.5	0	0	0	1.5	424	0.512683	1	0	0	0	0	0
setup	0	2006-07-02 23:00:00	BUAF	1	0.45647	49.9499	78.674	15	10.5845	0.681658	0.528108	1.77032	97.2	2.83189	20.4254	29.4268	0.200001	6.73473	1.6837	7.17126
setup	0	2006-07-02 23:00:00	:ALL:	1	1.45647	49.9499	78.674	15	10.5845	0.681658	0.528108	1.77032	521.2	3.34458	20.4254	29.4268	0.200001	6.73473	1.6837	7.17126
setup	0	2006-07-03 23:00:00	ANGA	1	1	0	0	1.5	0	0	0	1.5	424	0.503728	1	0	0	0	0	0
setup	0	2006-07-03 23:00:00	BUAF	1	0.456467	49.9496	78.6492	15	10.5845	0.681658	0.528108	1.77032	97.2	2.41833	20.4254	29.4268	0.200001	6.73261	1.68317	7.16899
setup	0	2006-07-03 23:00:00	:ALL:	1	1.45647	49.9496	78.6492	15	10.5845	0.681658	0.528108	1.77032	521.2	2.92206	20.4254	29.4268	0.200001	6.73261	1.68317	7.16899
setup	0	2006-07-04 23:00:00	ANGA	1	1	0	0	1.5	0	0	0	1.5	424	0.494159	1	0	0	0	0	0
setup	0	2006-07-04 23:00:00	BUAF	1	0.456465	49.9493	78.624	15	10.5845	0.681658	0.528108	1.77032	97.2	2.03622	20.4254	29.4268	0.200001	6.73046	1.68263	7.1667
setup	0	2006-07-04 23:00:00	:ALL:	1	1.45646	49.9493	78.624	15	10.5845	0.681658	0.528108	1.77032	521.2	2.53038	20.4254	29.4268	0.200001	6.73046	1.68263	7.1667
setup	0	2006-07-05 23:00:00	ANGA	1	1	0	0	1.5	0	0	0	1.5	424	0.483967	1	0	0	0	0	0
setup	0	2006-07-05 23:00:00	BUAF	1	0.456462	49.9491	78.5989	15	10.5845	0.681658	0.528108	1.77032	97.2	1.68596	20.4254	29.4268	0.200001	6.72831	1.68209	7.16442
setup	0	2006-07-05 23:00:00	:ALL:	1	1.45646	49.9491	78.5989	15	10.5845	0.681658	0.528108	1.77032	521.2	2.16993	20.4254	29.4268	0.200001	6.72831	1.68209	7.16442
setup	0	2006-07-06 23:00:00	ANGA	1	1	0	0	1.5	0	0	0	1.5	424	0.473143	1	0	0	0	0	0
setup	0	2006-07-06 23:00:00	BUAF	1	0.45646	49.9488	78.5745	15	10.5845	0.681658	0.528108	1.77032	97.2	1.36794	20.4254	29.4268	0.200001	6.72623	1.68157	7.1622
setup	0	2006-07-06 23:00:00	:ALL:	1	1.45646	49.9488	78.5745	15	10.5845	0.681658	0.528108	1.77032	521.2	1.84108	20.4254	29.4268	0.200001	6.72623	1.68157	7.1622
setup	0	2006-07-07 23:00:00	ANGA	1	1	0	0	1.5	0	0	0	1.5	424	0.461685	1	0	0	0	0	0
setup	0	2006-07-07 23:00:00	BUAF	1	0.456457	49.9485	78.5511	15	10.5845	0.681658	0.528108	1.77032	97.2	1.08247	20.4254	29.4268	0.200001	6.72423	1.68107	7.16007
setup	0	2006-07-07 23:00:00	:ALL:	1	1.45646	49.9485	78.5511	15	10.5845	0.681658	0.528108	1.77032	521.2	1.54416	20.4254	29.4268	0.200001	6.72423	1.68107	7.16007
setup	0	2006-07-08 23:00:00	ANGA	1	1	0	0	1.5	0	0	0	1.5	424	0.449592	1	0	0	0	0	0
setup	0	2006-07-08 23:00:00	BUAF	1	0.456455	49.9482	78.5281	15	10.5845	0.681658	0.528108	1.77032	97.2	0.829875	20.4254	29.4268	0.200001	6.72226	1.68058	7.15797
setup	0	2006-07-08 23:00:00	:ALL:	1	1.45645	49.9482	78.5281	15	10.5845	0.681658	0.528108	1.77032	521.2	1.27947	20.4254	29.4268	0.200001	6.72226	1.68058	7.15797
setup	0	2006-07-09 23:00:00	ANGA	1	1	0	0	1.5	0	0	0	1.5	424	0.436872	1	0	0	0	0	0
setup	0	2006-07-09 23:00:00	BUAF	1	0.456452	49.948	78.5046	15	10.5845	0.681658	0.528108	1.77032	97.2	0.610409	20.4254	29.4268	0.200001	6.72026	1.68008	7.15584
setup	0	2006-07-09 23:00:00	:ALL:	1	1.45645	49.948	78.5046	15	10.5845	0.681658	0.528108	1.77032	521.2	1.04728	20.4254	29.4268	0.200001	6.72026	1.68008	7.15584
setup	0	2006-07-10 23:00:00	ANGA	1	1	0	0	1.5	0	0	0	1.5	424	0.423533	1	0	0	0	0	0
setup	0	2006-07-10 23:00:00	BUAF	1	0.45645	49.9477	78.4818	15	10.5845	0.681658	0.528108	1.77032	97.2	0.42431	20.4254	29.4268	0.200001	6.71831	1.67959	7.15376
setup	0	2006-07-10 23:00:00	:ALL:	1	1.45645	49.9477	78.4818	15	10.5845	0.681658	0.528108	1.77032	521.2	0.847844	20.4254	29.4268	0.200001	6.71831	1.67959	7.15376
setup	0	2006-07-11 23:00:00	ANGA	1	1	0	0	1.5	0	0	0	1.5	424	0.409593	1	0	0	0	0	0
setup	0	2006-07-11 23:00:00	BUAF	1	0.456447	49.9474	78.4592	15	10.5845	0.681658	0.528108	1.77032	97.2	0.271776	20.4254	29.4268	0.200001	6.71638	1.67911	7.15171
setup	0	2006-07-11 23:00:00	:ALL:	1	1.45645	49.9474	78.4592	15	10.5845	0.681658	0.528108	1.77032	521.2	0.68137	20.4254	29.4268	0.200001	6.71638	1.67911	7.15171
setup	0	2006-07-12 23:00:00	ANGA	1	1	0	0	1.5	0	0	0	1.5	424	0.395074	1	0	0	0	0	0
setup	0	2006-07-12 23:00:00	BUAF	1	0.456445	49.9472	78.4372	15	10.5845	0.681658	0.528108	1.77032	97.2	0.152969	20.4254	29.4268	0.200001	6.71449	1.67864	7.1497
setup	0	2006-07-12 23:00:00	:ALL:	1	1.45644	49.9472	78.4372	15	10.5845	0.681658	0.528108	1.77032	521.2	0.548043	20.4254	29.4268	0.200001	6.71449	1.67864	7.1497
setup	0	2006-07-13 23:00:00	ANGA	1	1	0	0	1.5	0	0	0	1.5	424	0.380002	1	0	0	0	0	0
setup	0	2006-07-13 23:00:00	BUAF	1	0.456442	49.9469	78.4156	15	10.5845	0.681658	0.528108	1.77032	97.2	0.0680167	20.4254	29.4268	0.200001	6.71265	1.67818	7.14774
setup	0	2006-07-13 23:00:00	:ALL:	1	1.45644	49.9469	78.4156	15	10.5845	0.681658	0.528108	1.77032	521.2	0.448019	20.4254	29.4268	0.200001	6.71265	1.67818	7.14774
setup	0	2006-07-14 23:00:00	ANGA	1	1	0	0	1.5	0	0	0	1.5	424	0.364412	1	0	0	0	0	0
setup	0	2006-07-14 23:00:00	BUAF	1	0.45644	49.9466	78.3939	15	10.5845	0.681658	0.528108	1.77032	97.2	0.0170087	20.4254	29.4268	0.200001	6.7108	1.67771	7.14577
setup	0	2006-07-14 23:00:00	:ALL:	1	1.45644	49.9466	78.3939	15	10.5845	0.681658	0.528108	1.77032	521.2	0.381421	20.4254	29.4268	0.200001	6.7108	1.67771	7.14577
setup	0	2006-07-15 23:00:00	ANGA	1	1	0	0	1.5	0	0	0	1.5	424	0.348344	1	0	0	0	0	0
setup	0	2006-07-15 23:00:00	BUAF	1	0.456437	49.9463	78.3722	15	10.5845	0.681658	0.528108	1.77032	97.2	0	20.4254	29.4268	0.200001	6.70894	1.67725	7.14379
setup	0	2006-07-15 23:00:00	:ALL:	1	1.45644	49.9463	78.3722	15	10.5845	0.681658	0.528108	1.77032	521.2	0.348344	20.4254	29.4268	0.200001	6.70894	1.67725	7.14379
setup	0	2006-07-16 23:00:00	ANGA	1	1	0	0	1.5	0	0	0	1.5	424	0.331844	1	0	0	0	0	0
setup	0	2006-07-16 23:00:00	BUAF	1	0.456435	49.9461	78.3504	15	10.5845	0.681658	0.528108	1.77032	97.2	0	20.4254	29.4268	0.200001	6.70707	1.67678	7.14181
setup	0	2006-07-16 23:00:00	:ALL:	1	1.45643	49.9461	78.3504	15	10.5845	0.681658	0.528108	1.77032	521.2	0.331844	20.4254	29.4268	0.200001	6.70707	1.67678	7.14181
setup	0	2006-07-17 23:00:00	ANGA	1	1	0	0	1.5	0	0	0	1.5	424	0.314964	1	0	0	0	0	0
setup	0	2006-07-17 23:00:00	BUAF	1	0.456432	49.9458	78.3285	15	10.5845	0.681658	0.528108	1.77032	97.2	0	20.4254	29.4268	0.200001	6.70521	1.67632	7.13982
setup	0	2006-07-17 23:00:00	:ALL:	1	1.45643	49.9458	78.3285	15	10.5845	0.681658	0.528108	1.77032	521.2	0.314964	20.4254	29.4268	0.200001	6.70521	1.67632	7.13982
setup	0	2006-07-18 23:00:00	ANGA	1	1	0	0	1.5	0	0	0	1.5	424	0.297762	1	0	0	0	0	0
setup	0	2006-07-18 23:00:00	BUAF	1	0.45643	49.9455	78.3064	15	10.5845	0.681658	0.528108	1.77032	97.2	0	20.4254	29.4268	0.200001	6.70332	1.67585	7.13781
setup	0	2006-07-18 23:00:00	:ALL:	1	1.45643	49.9455	78.3064	15	10.5845	0.681658	0.528108	1.77032	521.2	0.297762	20.4254	29.4268	0.200001	6.70332	1.67585	7.13781
setup	0	2006-07-19 23:00:00	ANGA	1	1	0	0	1.5	0	0	0	1.5	424	0.280303	1	0	0	0	0	0
setup	0	2006-07-19 23:00:00	BUAF	1	0.456427	49.9452	78.2845	15	10.5845	0.681658	0.528108	1.77032	97.2	0	20.4254	29.4268	0.200001	6.70144	1.67538	7.13581
setup	0	2006-07-19 23:00:00	:ALL:	1	1.45643	49.9452	78.2845	15	10.5845	0.681658	0.528108	1.77032	521.2	0.280303	20.4254	29.4268	0.200001	6.70144	1.67538	7.13581
setup	0	2006-07-20 23:00:00	ANGA	1	1	0	0	1.5	0	0	0	1.5	424	0.262657	1	0	0	0	0	0
setup	0	2006-07-20 23:00:00	BUAF	1	0.456425	49.945	78.2622	15	10.5845	0.681658	0.528108	1.77032	97.2	0	20.4254	29.4268	0.200001	6.69954	1.6749	7.13379
setup	0	2006-07-20 23:00:00	:ALL:	1	1.45642	49.945	78.2622	15	10.5845	0.681658	0.528108	1.77032	521.2	0.262657	20.4254	29.4268	0.200001	6.69954	1.6749	7.13379
setup	0	2006-07-21 23:00:00	ANGA	1	1	0	0	1.5	0	0	0	1.5	424	0.244898	1	0	0	0	0	0
setup	0	2006-07-21 23:00:00	BUAF	1	0.456422	49.9447	78.2403	15	10.5845	0.681658	0.528108	1.77032	97.2	0	20.4254	29.4268	0.200001	6.69767	1.67443	7.13179
setup	0	2006-07-21 23:00:00	:ALL:	1	1.45642	49.9447	78.2403	15	10.5845	0.681658	0.528108	1.77032	521.2	0.244898	20.4254	29.4268	0.200001	6.69767	1.67443	7.13179
setup	0	2006-07-22 23:00:00	ANGA	1	1	0	0	1.5	0	0	0	1.5	424	0.227106	1	0	0	0	0	0
setup	0	2006-07-22 23:00:00	BUAF	1	0.45642	49.9444	78.2184	15	10.5845	0.681658	0.528108	1.77032	97.2	0	20.4254	29.4268	0.200001	6.6958	1.67397	7.1298
setup	0	2006-07-22 23:00:00	:ALL:	1	1.45642	49.9444	78.2184	15	10.5845	0.681658	0.528108	1.77032	521.2	0.227106	20.4254	29.4268	0.200001	6.6958	1.67397	7.1298
setup	0	2006-07-23 23:00:00	ANGA	1	1	0	0	1.5	0	0	0	1.5	424	0.209367	1	0	0	0	0	0
setup	0	2006-07-23 23:00:00	BUAF	1	0.456417	49.9441	78.1963	15	10.5845	0.681658	0.528108	1.77032	97.2	0	20.4254	29.4268	0.200001	6.69391	1.67349	7.12779
setup	0	2006-07-23 23:00:00	:ALL:	1	1.45642	49.9441	78.1963	15	10.5845	0.681658	0.528108	1.77032	521.2	0.209367	20.4254	29.4268	0.200001	6.69391	1.67349	7.12779
setup	0	2006-07-24 23:00:00	ANGA	1	1	0	0	1.5	0	0	0	1.5	424	0.191767	1	0	0	0	0	0
setup	0	2006-07-24 23:00:00	BUAF	1	0.456415	49.9439	78.1748	15	10.5845	0.681658	0.528108	1.77032	97.2	0	20.4254	29.4268	0.200001	6.69207	1.67303	7.12583
setup	0	2006-07-24 23:00:00	:ALL:	1	1.45641	49.9439	78.1748	15	10.5845	0.681658	0.528108	1.77032	521.2	0.191767	20.4254	29.4268	0.200001	6.69207	1.67303	7.12583
setup	0	2006-07-25 23:00:00	ANGA	1	1	0	0	1.5	0	0	0	1.5	424	0.174397	1	0	0	0	0	0
setup	0	2006-07-25 23:00:00	BUAF	1	0.456412	49.9436	78.1528	15	10.5845	0.681658	0.528108	1.77032	97.2	0	20.4254	29.4268	0.200001	6.69019	1.67256	7.12383
setup	0	2006-07-25 23:00:00	:ALL:	1	1.45641	49.9436	78.1528	15	10.5845	0.681658	0.528108	1.77032	521.2	0.174397	20.4254	29.4268	0.200001	6.69019	1.67256	7.12383
setup	0	2006-07-26 23:00:00	ANGA	1	1	0	0	1.5	0	0	0	1.5	424	0.157351	1	0	0	0	0	0
setup	0	2006-07-26 23:00:00	BUAF	1	0.45641	49.9433	78.1307	15	10.5845	0.681658	0.528108	1.77032	97.2	0	20.4254	29.4268	0.200001	6.6883	1.67209	7.12182
setup	0	2006-07-26 23:00:00	:ALL:	1	1.45641	49.9433	78.1307	15	10.5845	0.681658	0.528108	1.77032	521.2	0.157351	20.4254	29.4268	0.200001	6.6883	1.67209	7.12182
setup	0	2006-07-27 23:00:00	ANGA	1	1	0	0	1.5	0	0	0	1.5	424	0.140724	1	0	0	0	0	0
setup	0	2006-07-27 23:00:00	BUAF	1	0.456407	49.943	78.109	15	10.5845	0.681658	0.528108	1.77032	97.2	0	20.4254	29.4268	0.200001	6.68645	1.67163	7.11984
setup	0	2006-07-27 23:00:00	:ALL:	1	1.45641	49.943	78.109	15	10.5845	0.681658	0.528108	1.77032	521.2	0.140724	20.4254	29.4268	0.200001	6.68645	1.67163	7.11984
setup	0	2006-07-28 23:00:00	ANGA	1	1	0	0	1.5	0	0	0	1.5	424	0.12461	1	0	0	0	0	0
setup	0	2006-07-28 23:00:00	BUAF	1	0.456405	49.9428	78.0876	15	10.5845	0.681658	0.528108	1.77032	97.2	0	20.4254	29.4268	0.200001	6.68462	1.67117	7.1179
setup	0	2006-07-28 23:00:00	:ALL:	1	1.4564	49.9428	78.0876	15	10.5845	0.681658	0.528108	1.77032	521.2	0.12461	20.4254	29.4268	0.200001	6.68462	1.67117	7.1179
setup	0	2006-07-29 23:00:00	ANGA	1	1	0	0	1.5	0	0	0	1.5	424	0.109104	1	0	0	0	0	0
setup	0	2006-07-29 23:00:00	BUAF	1	0.456402	49.9425	78.0665	15	10.5845	0.681658	0.528108	1.77032	97.2	0	20.4254	29.4268	0.200001	6.68282	1.67072	7.11598
setup	0	2006-07-29 23:00:00	:ALL:	1	1.4564	49.9425	78.0665	15	10.5845	0.681658	0.528108	1.77032	521.2	0.109104	20.4254	29.4268	0.200001	6.68282	1.67072	7.11598
setup	0	2006-07-30 23:00:00	ANGA	1	1	0	0	1.5	0	0	0	1.5	424	0.0943002	1	0	0	0	0	0
setup	0	2006-07-30 23:00:00	BUAF	1	0.4564	49.9422	78.0453	15	10.5845	0.681658	0.528108	1.77032	97.2	0	20.4254	29.4268	0.200001	6.68101	1.67027	7.11405
setup	0	2006-07-30 23:00:00	:ALL:	1	1.4564	49.9422	78.0453	15	10.5845	0.681658	0.528108	1.77032	521.2	0.0943002	20.4254	29.4268	0.200001	6.68101	1.67027	7.11405
setup	0	2006-07-31 23:00:00	ANGA	1	1	0	0	1.5	0	0	0	1.5	424	0.0802905	1	0	0	0	0	0
setup	0	2006-07-31 23:00:00	BUAF	1	0.456397	49.942	78.024	15	10.5845	0.681658	0.528108	1.77032	97.2	0	20.4254	29.4268	0.200001	6.67919	1.66981	7.11211
setup	0	2006-07-31 23:00:00	:ALL:	1	1.4564	49.942	78.024	15	10.5845	0.681658	0.528108	1.77032	521.2	0.0802905	20.4254	29.4268	0.200001	6.67919	1.66981	7.11211
setup	0	2006-08-01 23:00:00	ANGA	1	1	0	0	1.5	0	0	0	1.5	424	0.0671635	1	0	0	0	0	0
setup	0	2006-08-01 23:00:00	BUAF	1	0.456395	49.9417	78.0026	15	10.5845	0.681658	0.528108	1.77032	97.2	0	20.4254	29.4268	0.200001	6.67735	1.66935	7.11016
setup	0	2006-08-01 23:00:00	:ALL:	1	1.45639	49.9417	78.0026	15	10.5845	0.681658	0.528108	1.77032	521.2	0.0671635	20.4254	29.4268	0.200001	6.67735	1.66935	7.11016
setup	0	2006-08-02 23:00:00	ANGA	1	1	0	0	1.5	0	0	0	1.5	424	0.0550036	1	0	0	0	0	0
setup	0	2006-08-02 23:00:00	BUAF	1	0.456392	49.9414	77.9808	15	10.5845	0.681658	0.528108	1.77032	97.2	0	20.4254	29.4268	0.200001	6.67549	1.66889	7.10817
setup	0	2006-08-02 23:00:00	:ALL:	1	1.45639	49.9414	77.9808	15	10.5845	0.681658	0.528108	1.77032	521.2	0.0550036	20.4254	29.4268	0.200001	6.67549	1.66889	7.10817
setup	0	2006-08-03 23:00:00	ANGA	1	1	0	0	1.5	0	0	0	1.5	424	0.0438906	1	0	0	0	0	0
setup	0	2006-08-03 23:00:00	BUAF	1	0.45639	49.9411	77.9584	15	10.5845	0.681658	0.528108	1.77032	97.2	0	20.4254	29.4268	0.200001	6.67358	1.66841	7.10614
setup	0	2006-08-03 23:00:00	:ALL:	1	1.45639	49.9411	77.9584	15	10.5845	0.681658	0.528108	1.77032	521.2	0.0438906	20.4254	29.4268	0.200001	6.67358	1.66841	7.10614
setup	0	2006-08-04 23:00:00	ANGA	1	1	0	0	1.5	0	0	0	1.5	424	0.0338985	1	0	0	0	0	0
setup	0	2006-08-04 23:00:00	BUAF	1	0.456387	49.9409	77.9361	15	10.5845	0.681658	0.528108	1.77032	97.2	0	20.4254	29.4268	0.200001	6.67167	1.66793	7.10411
setup	0	2006-08-04 23:00:00	:ALL:	1	1.45639	49.9409	77.9361	15	10.5845	0.681658	0.528108	1.77032	521.2	0.0338985	20.4254	29.4268	0.200001	6.67167	1.66793	7.10411
setup	0	2006-08-05 23:00:00	ANGA	1	1	0	0	1.5	0	0	0	1.5	424	0.0250948	1	0	0	0	0	0
setup	0	2006-08-05 23:00:00	BUAF	1	0.456385	49.9406	77.9143	15	10.5845	0.681658	0.528108	1.77032	97.2	0	20.4254	29.4268	0.200001	6.66981	1.66747	7.10212
setup	0	2006-08-05 23:00:00	:ALL:	1	1.45638	49.9406	77.9143	15	10.5845	0.681658	0.528108	1.77032	521.2	0.0250948	20.4254	29.4268	0.200001	6.66981	1.66747	7.10212
setup	0	2006-08-06 23:00:00	ANGA	1	1	0	0	1.5	0	0	0	1.5	424	0.0175395	1	0	0	0	0	0
setup	0	2006-08-06 23:00:00	BUAF	1	0.456382	49.9403	77.8923	15	10.5845	0.681658	0.528108	1.77032	97.2	0.00256825	20.4254	29.4268	0.200001	6.66779	1.66696	7.09998
setup	0	2006-08-06 23:00:00	:ALL:	1	1.45638	49.9403	77.8923	15	10.5845	0.681658	0.528108	1.77032	521.2	0.0201078	20.4254	29.4268	0.200001	6.66779	1.66696	7.09998
setup	0	2006-08-07 23:00:00	ANGA	1	1	0	0	1.5	0	0	0	1.5	424	0.0112847	1	0	0	0	0	0
setup	0	2006-08-07 23:00:00	BUAF	1	0.45638	49.94	77.8708	15	10.5845	0.681658	0.528108	1.77032	97.2	0.00277438	20.4254	29.4268	0.200001	6.66595	1.6665	7.09801
setup	0	2006-08-07 23:00:00	:ALL:	1	1.45638	49.94	77.8708	15	10.5845	0.681658	0.528108	1.77032	521.2	0.0140591	20.4254	29.4268	0.200001	6.66595	1.6665	7.09801
setup	0	2006-08-08 23:00:00	ANGA	1	1	0	0	1.5	0	0	0	1.5	424	0.0063738	1	0	0	0	0	0
setup	0	2006-08-08 23:00:00	BUAF	1	0.456377	49.9398	77.8494	15	10.5845	0.681658	0.528108	1.77032	97.2	0.00299551	20.4254	29.4268	0.200001	6.66411	1.66604	7.09605
setup	0	2006-08-08 23:00:00	:ALL:	1	1.45638	49.9398	77.8494	15	10.5845	0.681658	0.528108	1.77032	521.2	0.00936931	20.4254	29.4268	0.200001	6.66411	1.66604	7.09605
setup	0	2006-08-09 23:00:00	ANGA	1	1	0	0	1.5	0	0	0	1.5	424	0.00284114	1	0	0	0	0	0
setup	0	2006-08-09 23:00:00	BUAF	1	0.456375	49.9395	77.8284	15	10.5845	0.681658	0.528108	1.77032	97.2	0.0032326	20.4254	29.4268	0.200001	6.66229	1.66559	7.09412
setup	0	2006-08-09 23:00:00	:ALL:	1	1.45637	49.9395	77.8284	15	10.5845	0.681658	0.528108	1.77032	521.2	0.00607375	20.4254	29.4268	0.200001	6.66229	1.66559	7.09412
setup	0	2006-08-10 23:00:00	ANGA	1	1	0	0	1.5	0	0	0	1.5	424	0.000711541	1	0	0	0	0	0
setup	0	2006-08-10 23:00:00	BUAF	1	0.456372	49.9392	77.8072	15	10.5845	0.681658	0.528108	1.77032	97.2	0.00348668	20.4254	29.4268	0.200001	6.66047	1.66513	7.09218
setup	0	2006-08-10 23:00:00	:ALL:	1	1.45637	49.9392	77.8072	15	10.5845	0.681658	0.528108	1.77032	521.2	0.00419822	20.4254	29.4268	0.200001	6.66047	1.66513	7.09218
setup	0	2006-08-11 23:00:00	ANGA	1	1	0	0	1.5	0	0	0	1.5	424	0	1	0	0	0	0	0
setup	0	2006-08-11 23:00:00	BUAF	1	0.45637	49.9389	77.7857	15	10.5845	0.681658	0.528108	1.77032	97.2	0.00375879	20.4254	29.4268	0.200001	6.65862	1.66467	7.09021
setup	0	2006-08-11 23:00:00	:ALL:	1	1.45637	49.9389	77.7857	15	10.5845	0.681658	0.528108	1.77032	521.2	0.00375879	20.4254	29.4268	0.200001	6.65862	1.66467	7.09021
setup	0	2006-08-12 23:00:00	ANGA	1	1	0	0	1.5	0	0	0	1.5	424	0	1	0	0	0	0	0
setup	0	2006-08-12 23:00:00	BUAF	1	0.456367	49.9387	77.7644	15	10.5845	0.681658	0.528108	1.77032	97.2	0.00405006	20.4254	29.4268	0.200001	6.65679	1.66421	7.08826
setup	0	2006-08-12 23:00:00	:ALL:	1	1.45637	49.9387	77.7644	15	10.5845	0.681658	0.528108	1.77032	521.2	0.00405006	20.4254	29.4268	0.200001	6.65679	1.66421	7.08826
setup	0	2006-08-13 23:00:00	ANGA	1	1	0	0	1.5	0	0	0	1.5	424	0	1	0	0	0	0	0
setup	0	2006-08-13 23:00:00	BUAF	1	0.456365	49.9384	77.7429	15	10.5845	0.681658	0.528108	1.77032	97.2	0.00436167	20.4254	29.4268	0.200001	6.65493	1.66375	7.08629
setup	0	2006-08-13 23:00:00	:ALL:	1	1.45636	49.9384	77.7429	15	10.5845	0.681658	0.528108	1.77032	521.2	0.00436167	20.4254	29.4268	0.200001	6.65493	1.66375	7.08629
setup	0	2006-08-14 23:00:00	ANGA	1	1	0	0	1.5	0	0	0	1.5	424	0	1	0	0	0	0	0
setup	0	2006-08-14 23:00:00	BUAF	1	0.456362	49.9381	77.7214	15	10.5845	0.681658	0.528108	1.77032	97.2	0.00469484	20.4254	29.4268	0.200001	6.65308	1.66328	7.08431
setup	0	2006-08-14 23:00:00	:ALL:	1	1.45636	49.9381	77.7214	15	10.5845	0.681658	0.528108	1.77032	521.2	0.00469484	20.4254	29.4268	0.200001	6.65308	1.66328	7.08431
setup	0	2006-08-15 23:00:00	ANGA	1	1	0	0	1.5	0	0	0	1.5	424	0	1	0	0	0	0	0
setup	0	2006-08-15 23:00:00	BUAF	1	0.45636	49.9378	77.6999	15	10.5845	0.681658	0.528108	1.77032	97.2	0.00505087	20.4254	29.4268	0.200001	6.65122	1.66282	7.08233
setup	0	2006-08-15 23:00:00	:ALL:	1	1.45636	49.9378	77.6999	15	10.5845	0.681658	0.528108	1.77032	521.2	0.00505087	20.4254	29.4268	0.200001	6.65122	1.66282	7.08233
setup	0	2006-08-16 23:00:00	ANGA	1	1	0	0	1.5	0	0	0	1.5	424	0	1	0	0	0	0	0
setup	0	2006-08-16 23:00:00	BUAF	1	0.456357	49.9376	77.6784	15	10.5845	0.681658	0.528108	1.77032	97.2	0.00543112	20.4254	29.4268	0.200001	6.64936	1.66236	7.08035
setup	0	2006-08-16 23:00:00	:ALL:	1	1.45636	49.9376	77.6784	15	10.5845	0.681658	0.528108	1.77032	521.2	0.00543112	20.4254	29.4268	0.200001	6.64936	1.66236	7.08035
setup	0	2006-08-17 23:00:00	ANGA	1	1	0	0	1.5	0	0	0	1.5	424	0	1	0	0	0	0	0
setup	0	2006-08-17 23:00:00	BUAF	1	0.456355	49.9373	77.6567	15	10.5845	0.681658	0.528108	1.77032	97.2	0.00583699	20.4254	29.4268	0.200001	6.64749	1.66189	7.07835
setup	0	2006-08-17 23:00:00	:ALL:	1	1.45635	49.9373	77.6567	15	10.5845	0.681658	0.528108	1.77032	521.2	0.00583699	20.4254	29.4268	0.200001	6.64749	1.66189	7.07835
setup	0	2006-08-18 23:00:00	ANGA	1	1	0	0	1.5	0	0	0	1.5	424	0	1	0	0	0	0	0
setup	0	2006-08-18 23:00:00	BUAF	1	0.456352	49.937	77.6351	15	10.5845	0.681658	0.528108	1.77032	97.2	0.00626998	20.4254	29.4268	0.200001	6.64562	1.66142	7.07636
setup	0	2006-08-18 23:00:00	:ALL:	1	1.45635	49.937	77.6351	15	10.5845	0.681658	0.528108	1.77032	521.2	0.00626998	20.4254	29.4268	0.200001	6.64562	1.66142	7.07636
setup	0	2006-08-19 23:00:00	ANGA	1	1	0	0	1.5	0	0	0	1.5	424	0	1	0	0	0	0	0
setup	0	2006-08-19 23:00:00	BUAF	1	0.45635	49.9368	77.6137	15	10.5845	0.681658	0.528108	1.77032	97.2	0.00673163	20.4254	29.4268	0.200001	6.64376	1.66096	7.07439
setup	0	2006-08-19 23:00:00	:ALL:	1	1.45635	49.9368	77.6137	15	10.5845	0.681658	0.528108	1.77032	521.2	0.00673163	20.4254	29.4268	0.200001	6.64376	1.66096	7.07439
setup	0	2006-08-20 23:00:00	ANGA	1	1	0	0	1.5	0	0	0	1.5	424	0	1	0	0	0	0	0
setup	0	2006-08-20 23:00:00	BUAF	1	0.456347	49.9365	77.5923	15	10.5845	0.681658	0.528108	1.77032	97.2	0.00722357	20.4254	29.4268	0.200001	6.6419	1.66049	7.07241
setup	0	2006-08-20 23:00:00	:ALL:	1	1.45635	49.9365	77.5923	15	10.5845	0.681658	0.528108	1.77032	521.2	0.00722357	20.4254	29.4268	0.200001	6.6419	1.66049	7.07241
setup	0	2006-08-21 23:00:00	ANGA	1	1	0	0	1.5	0	0	0	1.5	424	0	1	0	0	0	0	0
setup	0	2006-08-21 23:00:00	BUAF	1	0.456345	49.9362	77.5709	15	10.5845	0.681658	0.528108	1.77032	97.2	0.00774749	20.4254	29.4268	0.200001	6.64005	1.66003	7.07044
setup	0	2006-08-21 23:00:00	:ALL:	1	1.45634	49.9362	77.5709	15	10.5845	0.681658	0.528108	1.77032	521.2	0.00774749	20.4254	29.4268	0.200001	6.64005	1.66003	7.07044
setup	0	2006-08-22 23:00:00	ANGA	1	1	0	0	1.5	0	0	0	1.5	424	0	1	0	0	0	0	0
setup	0	2006-08-22 23:00:00	BUAF	1	0.456342	49.9359	77.5493	15	10.5845	0.681658	0.528108	1.77032	97.2	0.00830514	20.4254	29.4268	0.200001	6.63818	1.65956	7.06844
setup	0	2006-08-22 23:00:00	:ALL:	1	1.45634	49.9359	77.5493	15	10.5845	0.681658	0.528108	1.77032	521.2	0.00830514	20.4254	29.4268	0.200001	6.63818	1.65956	7.06844
setup	0	2006-08-23 23:00:00	ANGA	1	1	0	0	1.5	0	0	0	1.5	424	0	1	0	0	0	0	0
setup	0	2006-08-23 23:00:00	BUAF	1	0.45634	49.9357	77.5278	15	10.5845	0.681658	0.528108	1.77032	97.2	0.00889836	20.4254	29.4268	0.200001	6.63631	1.65909	7.06646
setup	0	2006-08-23 23:00:00	:ALL:	1	1.45634	49.9357	77.5278	15	10.5845	0.681658	0.528108	1.77032	521.2	0.00889836	20.4254	29.4268	0.200001	6.63631	1.65909	7.06646
setup	0	2006-08-24 23:00:00	ANGA	1	1	0	0	1.5	0	0	0	1.5	424	0	1	0	0	0	0	0
setup	0	2006-08-24 23:00:00	BUAF	1	0.456337	49.9354	77.5063	15	10.5845	0.681658	0.528108	1.77032	97.2	0.00952907	20.4254	29.4268	0.200001	6.63444	1.65862	7.06446
setup	0	2006-08-24 23:00:00	:ALL:	1	1.45634	49.9354	77.5063	15	10.5845	0.681658	0.528108	1.77032	521.2	0.00952907	20.4254	29.4268	0.200001	6.63444	1.65862	7.06446
setup	0	2006-08-25 23:00:00	ANGA	1	1	0	0	1.5	0	0	0	1.5	424	0	1	0	0	0	0	0
setup	0	2006-08-25 23:00:00	BUAF	1	0.456335	49.9351	77.4851	15	10.5845	0.681658	0.528108	1.77032	97.2	0.0101992	20.4254	29.4268	0.200001	6.63259	1.65816	7.06249
setup	0	2006-08-25 23:00:00	:ALL:	1	1.45633	49.9351	77.4851	15	10.5845	0.681658	0.528108	1.77032	521.2	0.0101992	20.4254	29.4268	0.200001	6.63259	1.65816	7.06249
setup	0	2006-08-26 23:00:00	ANGA	1	1	0	0	1.5	0	0	0	1.5	424	0	1	0	0	0	0	0
setup	0	2006-08-26 23:00:00	BUAF	1	0.456332	49.9348	77.4633	15	10.5845	0.681658	0.528108	1.77032	97.2	0.010911	20.4254	29.4268	0.200001	6.63069	1.65769	7.06047
setup	0	2006-08-26 23:00:00	:ALL:	1	1.45633	49.9348	77.4633	15	10.5845	0.681658	0.528108	1.77032	521.2	0.010911	20.4254	29.4268	0.200001	6.63069	1.65769	7.06047
setup	0	2006-08-27 23:00:00	ANGA	1	1	0	0	1.5	0	0	0	1.5	424	0	1	0	0	0	0	0
setup	0	2006-08-27 23:00:00	BUAF	1	0.45633	49.9346	77.4415	15	10.5845	0.681658	0.528108	1.77032	97.2	0.0116664	20.4254	29.4268	0.200001	6.62879	1.65721	7.05844
setup	0	2006-08-27 23:00:00	:ALL:	1	1.45633	49.9346	77.4415	15	10.5845	0.681658	0.528108	1.77032	521.2	0.0116664	20.4254	29.4268	0.200001	6.62879	1.65721	7.05844
setup	0	2006-08-28 23:00:00	ANGA	1	1	0	0	1.5	0	0	0	1.5	424	0	1	0	0	0	0	0
setup	0	2006-08-28 23:00:00	BUAF	1	0.456327	49.9343	77.42	15	10.5845	0.681658	0.528108	1.77032	97.2	0.0124676	20.4254	29.4268	0.200001	6.6269	1.65674	7.05644
setup	0	2006-08-28 23:00:00	:ALL:	1	1.45633	49.9343	77.42	15	10.5845	0.681658	0.528108	1.77032	521.2	0.0124676	20.4254	29.4268	0.200001	6.6269	1.65674	7.05644
setup	0	2006-08-29 23:00:00	ANGA	1	1	0	0	1.5	0	0	0	1.5	424	0	1	0	0	0	0	0
setup	0	2006-08-29 23:00:00	BUAF	1	0.456325	49.934	77.3989	15	10.5845	0.681658	0.528108	1.77032	97.2	0.0133171	20.4254	29.4268	0.200001	6.62505	1.65628	7.05447
setup	0	2006-08-29 23:00:00	:ALL:	1	1.45632	49.934	77.3989	15	10.5845	0.681658	0.528108	1.77032	521.2	0.0133171	20.4254	29.4268	0.200001	6.62505	1.65628	7.05447
setup	0	2006-08-30 23:00:00	ANGA	1	1	0	0	1.5	0	0	0	1.5	424	0	1	0	0	0	0	0
setup	0	2006-08-30 23:00:00	BUAF	1	0.456322	49.9337	77.3776	15	10.5845	0.681658	0.528108	1.77032	97.2	0.0142172	20.4254	29.4268	0.200001	6.62319	1.65581	7.05248
setup	0	2006-08-30 23:00:00	:ALL:	1	1.45632	49.9337	77.3776	15	10.5845	0.681658	0.528108	1.77032	521.2	0.0142172	20.4254	29.4268	0.200001	6.62319	1.65581	7.05248
setup	0	2006-08-31 23:00:00	ANGA	1	1	0	0	1.5	0	0	0	1.5	424	0	1	0	0	0	0	0
setup	0	2006-08-31 23:00:00	BUAF	1	0.45632	49.9335	77.3561	15	10.5845	0.681658	0.528108	1.77032	97.2	0.0151704	20.4254	29.4268	0.200001	6.6213	1.65534	7.05047
setup	0	2006-08-31 23:00:00	:ALL:	1	1.45632	49.9335	77.3561	15	10.5845	0.681658	0.528108	1.77032	521.2	0.0151704	20.4254	29.4268	0.200001	6.6213	1.65534	7.05047
setup	0	2006-09-01 23:00:00	ANGA	1	1	0	0	1.5	0	0	0	1.5	424	0	1	0	0	0	0	0
setup	0	2006-09-01 23:00:00	BUAF	1	0.456317	49.9332	77.3344	15	10.5845	0.681658	0.528108	1.77032	97.2	0.0161791	20.4254	29.4268	0.200001	6.6194	1.65486	7.04844
setup	0	2006-09-01 23:00:00	:ALL:	1	1.45632	49.9332	77.3344	15	10.5845	0.681658	0.528108	1.77032	521.2	0.0161791	20.4254	29.4268	0.200001	6.6194	1.65486	7.04844
setup	0	2006-09-02 23:00:00	ANGA	1	1	0	0	1.5	0	0	0	1.5	424	0	1	0	0	0	0	0
setup	0	2006-09-02 23:00:00	BUAF	1	0.456315	49.9329	77.3132	15	10.5845	0.681658	0.528108	1.77032	97.2	0.0172461	20.4254	29.4268	0.200001	6.61752	1.6544	7.04645
setup	0	2006-09-02 23:00:00	:ALL:	1	1.45631	49.9329	77.3132	15	10.5845	0.681658	0.528108	1.77032	521.2	0.0172461	20.4254	29.4268	0.200001	6.61752	1.6544	7.04645
setup	0	2006-09-03 23:00:00	ANGA	1	1	0	0	1.5	0	0	0	1.5	424	0	1	0	0	0	0	0
setup	0	2006-09-03 23:00:00	BUAF	1	0.456312	49.9326	77.292	15	10.5845	0.681658	0.528108	1.77032	97.2	0.0183739	20.4254	29.4268	0.200001	6.61565	1.65393	7.04446
setup	0	2006-09-03 23:00:00	:ALL:	1	1.45631	49.9326	77.292	15	10.5845	0.681658	0.528108	1.77032	521.2	0.0183739	20.4254	29.4268	0.200001	6.61565	1.65393	7.04446
setup	0	2006-09-04 23:00:00	ANGA	1	1	0	0	1.5	0	0	0	1.5	424	0	1	0	0	0	0	0
setup	0	2006-09-04 23:00:00	BUAF	1	0.45631	49.9324	77.2712	15	10.5845	0.681658	0.528108	1.77032	97.2	0.0195656	20.4254	29.4268	0.200001	6.61381	1.65347	7.04249
setup	0	2006-09-04 23:00:00	:ALL:	1	1.45631	49.9324	77.2712	15	10.5845	0.681658	0.528108	1.77032	521.2	0.0195656	20.4254	29.4268	0.200001	6.61381	1.65347	7.04249
setup	0	2006-09-05 23:00:00	ANGA	1	1	0	0	1.5	0	0	0	1.5	424	0	1	0	0	0	0	0
setup	0	2006-09-05 23:00:00	BUAF	1	0.456307	49.9321	77.2505	15	10.5845	0.681658	0.528108	1.77032	97.2	0.0208238	20.4254	29.4268	0.200001	6.61198	1.65301	7.04055
setup	0	2006-09-05 23:00:00	:ALL:	1	1.45631	49.9321	77.2505	15	10.5845	0.681658	0.528108	1.77032	521.2	0.0208238	20.4254	29.4268	0.200001	6.61198	1.65301	7.04055
setup	0	2006-09-06 23:00:00	ANGA	1	1	0	0	1.5	0	0	0	1.5	424	0	1	0	0	0	0	0
setup	0	2006-09-06 23:00:00	BUAF	1	0.456305	49.9318	77.2298	15	10.5845	0.681658	0.528108	1.77032	97.2	0.0221515	20.4254	29.4268	0.200001	6.61013	1.65255	7.03858
setup	0	2006-09-06 23:00:00	:ALL:	1	1.4563	49.9318	77.2298	15	10.5845	0.681658	0.528108	1.77032	521.2	0.0221515	20.4254	29.4268	0.200001	6.61013	1.65255	7.03858
setup	0	2006-09-07 23:00:00	ANGA	1	1	0	0	1.5	0	0	0	1.5	424	0	1	0	0	0	0	0
setup	0	2006-09-07 23:00:00	BUAF	1	0.456302	49.9316	77.209	15	10.5845	0.681658	0.528108	1.77032	97.2	0.0235519	20.4254	29.4268	0.200001	6.60828	1.65209	7.03661
setup	0	2006-09-07 23:00:00	:ALL:	1	1.4563	49.9316	77.209	15	10.5845	0.681658	0.528108	1.77032	521.2	0.0235519	20.4254	29.4268	0.200001	6.60828	1.65209	7.03661
setup	0	2006-09-08 23:00:00	ANGA	1	1	0	0	1.5	0	0	0	1.5	424	0	1	0	0	0	0	0
setup	0	2006-09-08 23:00:00	BUAF	1	0.4563	49.9313	77.188	15	10.5845	0.681658	0.528108	1.77032	97.2	0.0250279	20.4254	29.4268	0.200001	6.60641	1.65162	7.03462
setup	0	2006-09-08 23:00:00	:ALL:	1	1.4563	49.9313	77.188	15	10.5845	0.681658	0.528108	1.77032	521.2	0.0250279	20.4254	29.4268	0.200001	6.60641	1.65162	7.03462
setup	0	2006-09-09 23:00:00	ANGA	1	1	0	0	1.5	0	0	0	1.5	424	0	1	0	0	0	0	0
setup	0	2006-09-09 23:00:00	BUAF	1	0.456297	49.931	77.1676	15	10.5845	0.681658	0.528108	1.77032	97.2	0.0265828	20.4254	29.4268	0.200001	6.60458	1.65116	7.03267
setup	0	2006-09-09 23:00:00	:ALL:	1	1.4563	49.931	77.1676	15	10.5845	0.681658	0.528108	1.77032	521.2	0.0265828	20.4254	29.4268	0.200001	6.60458	1.65116	7.03267
setup	0	2006-09-10 23:00:00	ANGA	1	1	0	0	1.5	0	0	0	1.5	424	0	1	0	0	0	0	0
setup	0	2006-09-10 23:00:00	BUAF	1	0.456295	49.9307	77.1473	15	10.5845	0.681658	0.528108	1.77032	97.2	0.0282198	20.4254	29.4268	0.200001	6.60276	1.65071	7.03073
setup	0	2006-09-10 23:00:00	:ALL:	1	1.45629	49.9307	77.1473	15	10.5845	0.681658	0.528108	1.77032	521.2	0.0282198	20.4254	29.4268	0.200001	6.60276	1.65071	7.03073
setup	0	2006-09-11 23:00:00	ANGA	1	1	0	0	1.5	0	0	0	1.5	424	0	1	0	0	0	0	0
setup	0	2006-09-11 23:00:00	BUAF	1	0.456292	49.9305	77.1268	15	10.5845	0.681658	0.528108	1.77032	97.2	0.0299422	20.4254	29.4268	0.200001	6.60092	1.65024	7.02877
setup	0	2006-09-11 23:00:00	:ALL:	1	1.45629	49.9305	77.1268	15	10.5845	0.681658	0.528108	1.77032	521.2	0.0299422	20.4254	29.4268	0.200001	6.60092	1.65024	7.02877
setup	0	2006-09-12 23:00:00	ANGA	1	1	0	0	1.5	0	0	0	1.5	424	0	1	0	0	0	0	0
setup	0	2006-09-12 23:00:00	BUAF	1	0.45629	49.9302	77.1063	15	10.5845	0.681658	0.528108	1.77032	97.2	0.0317535	20.4254	29.4268	0.200001	6.59907	1.64978	7.0268
setup	0	2006-09-12 23:00:00	:ALL:	1	1.45629	49.9302	77.1063	15	10.5845	0.681658	0.528108	1.77032	521.2	0.0317535	20.4254	29.4268	0.200001	6.59907	1.64978	7.0268
setup	0	2006-09-13 23:00:00	ANGA	1	1	0	0	1.5	0	0	0	1.5	424	0	1	0	0	0	0	0
setup	0	2006-09-13 23:00:00	BUAF	1	0.456287	49.9299	77.0861	15	10.5845	0.681658	0.528108	1.77032	97.2	0.0336571	20.4254	29.4268	0.200001	6.59724	1.64933	7.02485
setup	0	2006-09-13 23:00:00	:ALL:	1	1.45629	49.9299	77.0861	15	10.5845	0.681658	0.528108	1.77032	521.2	0.0336571	20.4254	29.4268	0.200001	6.59724	1.64933	7.02485
setup	0	2006-09-14 23:00:00	ANGA	1	1	0	0	1.5	0	0	0	1.5	424	0	1	0	0	0	0	0
setup	0	2006-09-14 23:00:00	BUAF	1	0.456285	49.9296	77.0653	15	10.5845	0.681658	0.528108	1.77032	97.2	0.0356565	20.4254	29.4268	0.200001	6.59536	1.64885	7.02285
setup	0	2006-09-14 23:00:00	:ALL:	1	1.45628	49.9296	77.0653	15	10.5845	0.681658	0.528108	1.77032	521.2	0.0356565	20.4254	29.4268	0.200001	6.59536	1.64885	7.02285
setup	0	2006-09-15 23:00:00	ANGA	1	1	0	0	1.5	0	0	0	1.5	424	0	1	0	0	0	0	0
setup	0	2006-09-15 23:00:00	BUAF	1	0.456282	49.9294	77.0443	15	10.5845	0.681658	0.528108	1.77032	97.2	0.0377553	20.4254	29.4268	0.200001	6.59346	1.64838	7.02082
setup	0	2006-09-15 23:00:00	:ALL:	1	1.45628	49.9294	77.0443	15	10.5845	0.681658	0.528108	1.77032	521.2	0.0377553	20.4254	29.4268	0.200001	6.59346	1.64838	7.02082
setup	0	2006-09-16 23:00:00	ANGA	1	1	0	0	1.5	0	0	0	1.5	424	0	1	0	0	0	0	0
setup	0	2006-09-16 23:00:00	BUAF	1	0.45628	49.9291	77.0233	15	10.5845	0.681658	0.528108	1.77032	97.2	0.0399572	20.4254	29.4268	0.200001	6.59154	1.6479	7.01878
setup	0	2006-09-16 23:00:00	:ALL:	1	1.45628	49.9291	77.0233	15	10.5845	0.681658	0.528108	1.77032	521.2	0.0399572	20.4254	29.4268	0.200001	6.59154	1.6479	7.01878
setup	0	2006-09-17 23:00:00	ANGA	1	1	0	0	1.5	0	0	0	1.5	424	0	1	0	0	0	0	0
setup	0	2006-09-17 23:00:00	BUAF	1	0.456277	49.9288	77.002	15	10.5845	0.681658	0.528108	1.77032	97.2	0.0422658	20.4254	29.4268	0.200001	6.5896	1.64741	7.01671
setup	0	2006-09-17 23:00:00	:ALL:	1	1.45628	49.9288	77.002	15	10.5845	0.681658	0.528108	1.77032	521.2	0.0422658	20.4254	29.4268	0.200001	6.5896	1.64741	7.01671
setup	0	2006-09-18 23:00:00	ANGA	1	1	0	0	1.5	0	0	0	1.5	424	0	1	0	0	0	0	0
setup	0	2006-09-18 23:00:00	BUAF	1	0.456275	49.9285	76.9806	15	10.5845	0.681658	0.528108	1.77032	97.2	0.0446848	20.4254	29.4268	0.200001	6.58764	1.64693	7.01463
setup	0	2006-09-18 23:00:00	:ALL:	1	1.45627	49.9285	76.9806	15	10.5845	0.681658	0.528108	1.77032	521.2	0.0446848	20.4254	29.4268	0.200001	6.58764	1.64693	7.01463
setup	0	2006-09-19 23:00:00	ANGA	1	1	0	0	1.5	0	0	0	1.5	424	0	1	0	0	0	0	0
setup	0	2006-09-19 23:00:00	BUAF	1	0.456272	49.9283	76.9592	15	10.5845	0.681658	0.528108	1.77032	97.2	0.0472181	20.4254	29.4268	0.200001	6.58568	1.64643	7.01254
setup	0	2006-09-19 23:00:00	:ALL:	1	1.45627	49.9283	76.9592	15	10.5845	0.681658	0.528108	1.77032	521.2	0.0472181	20.4254	29.4268	0.200001	6.58568	1.64643	7.01254
setup	0	2006-09-20 23:00:00	ANGA	1	1	0	0	1.5	0	0	0	1.5	424	0	1	0	0	0	0	0
setup	0	2006-09-20 23:00:00	BUAF	1	0.45627	49.928	76.9378	15	10.5845	0.681658	0.528108	1.77032	97.2	0.0498694	20.4254	29.4268	0.200001	6.58371	1.64594	7.01044
setup	0	2006-09-20 23:00:00	:ALL:	1	1.45627	49.928	76.9378	15	10.5845	0.681658	0.528108	1.77032	521.2	0.0498694	20.4254	29.4268	0.200001	6.58371	1.64594	7.01044
setup	0	2006-09-21 23:00:00	ANGA	1	1	0	0	1.5	0	0	0	1.5	424	0	1	0	0	0	0	0
setup	0	2006-09-21 23:00:00	BUAF	1	0.456267	49.9277	76.9169	15	10.5845	0.681658	0.528108	1.77032	97.2	0.0526425	20.4254	29.4268	0.200001	6.58178	1.64546	7.00839
setup	0	2006-09-21 23:00:00	:ALL:	1	1.45627	49.9277	76.9169	15	10.5845	0.681658	0.528108	1.77032	521.2	0.0526425	20.4254	29.4268	0.200001	6.58178	1.64546	7.00839
setup	0	2006-09-22 23:00:00	ANGA	1	1	0	0	1.5	0	0	0	1.5	424	0	1	0	0	0	0	0
setup	0	2006-09-22 23:00:00	BUAF	1	0.456265	49.9274	76.8962	15	10.5845	0.681658	0.528108	1.77032	97.2	0.0555414	20.4254	29.4268	0.200001	6.57985	1.64498	7.00633
setup	0	2006-09-22 23:00:00	:ALL:	1	1.45626	49.9274	76.8962	15	10.5845	0.681658	0.528108	1.77032	521.2	0.0555414	20.4254	29.4268	0.200001	6.57985	1.64498	7.00633
setup	0	2006-09-23 23:00:00	ANGA	1	1	0	0	1.5	0	0	0	1.5	424	0	1	0	0	0	0	0
setup	0	2006-09-23 23:00:00	BUAF	1	0.456262	49.9272	76.876	15	10.5845	0.681658	0.528108	1.77032	97.2	0.0585698	20.4254	29.4268	0.200001	6.57796	1.64451	7.00433
setup	0	2006-09-23 23:00:00	:ALL:	1	1.45626	49.9272	76.876	15	10.5845	0.681658	0.528108	1.77032	521.2	0.0585698	20.4254	29.4268	0.200001	6.57796	1.64451	7.00433
setup	0	2006-09-24 23:00:00	ANGA	1	1	0	0	1.5	0	0	0	1.5	424	0	1	0	0	0	0	0
setup	0	2006-09-24 23:00:00	BUAF	1	0.45626	49.9269	76.8557	15	10.5845	0.681658	0.528108	1.77032	97.2	0.0617317	20.4254	29.4268	0.200001	6.57606	1.64403	7.0023
setup	0	2006-09-24 23:00:00	:ALL:	1	1.45626	49.9269	76.8557	15	10.5845	0.681658	0.528108	1.77032	521.2	0.0617317	20.4254	29.4268	0.200001	6.57606	1.64403	7.0023
setup	0	2006-09-25 23:00:00	ANGA	1	1	0	0	1.5	0	0	0	1.5	424	0	1	0	0	0	0	0
setup	0	2006-09-25 23:00:00	BUAF	1	0.456257	49.9266	76.8353	15	10.5845	0.681658	0.528108	1.77032	97.2	0.0650309	20.4254	29.4268	0.200001	6.57414	1.64355	7.00026
setup	0	2006-09-25 23:00:00	:ALL:	1	1.45626	49.9266	76.8353	15	10.5845	0.681658	0.528108	1.77032	521.2	0.0650309	20.4254	29.4268	0.200001	6.57414	1.64355	7.00026
setup	0	2006-09-26 23:00:00	ANGA	1	1	0	0	1.5	0	0	0	1.5	424	0	1	0	0	0	0	0
setup	0	2006-09-26 23:00:00	BUAF	1	0.456255	49.9264	76.8148	15	10.5845	0.681658	0.528108	1.77032	97.2	0.0684713	20.4254	29.4268	0.200001	6.57221	1.64307	6.9982
setup	0	2006-09-26 23:00:00	:ALL:	1	1.45625	49.9264	76.8148	15	10.5845	0.681658	0.528108	1.77032	521.2	0.0684713	20.4254	29.4268	0.200001	6.57221	1.64307	6.9982
setup	0	2006-09-27 23:00:00	ANGA	1	1	0	0	1.5	0	0	0	1.5	424	0	1	0	0	0	0	0
setup	0	2006-09-27 23:00:00	BUAF	1	0.456252	49.9261	76.7941	15	10.5845	0.681658	0.528108	1.77032	97.2	0.0720568	20.4254	29.4268	0.200001	6.57025	1.64258	6.99611
setup	0	2006-09-27 23:00:00	:ALL:	1	1.45625	49.9261	76.7941	15	10.5845	0.681658	0.528108	1.77032	521.2	0.0720568	20.4254	29.4268	0.200001	6.57025	1.64258	6.99611
setup	0	2006-09-28 23:00:00	ANGA	1	1	0	0	1.5	0	0	0	1.5	424	0	1	0	0	0	0	0
setup	0	2006-09-28 23:00:00	BUAF	1	0.45625	49.9258	76.7735	15	10.5845	0.681658	0.528108	1.77032	97.2	0.0757911	20.4254	29.4268	0.200001	6.56829	1.64209	6.99403
setup	0	2006-09-28 23:00:00	:ALL:	1	1.45625	49.9258	76.7735	15	10.5845	0.681658	0.528108	1.77032	521.2	0.0757911	20.4254	29.4268	0.200001	6.56829	1.64209	6.99403
setup	0	2006-09-29 23:00:00	ANGA	1	1	0	0	1.5	0	0	0	1.5	424	0	1	0	0	0	0	0
setup	0	2006-09-29 23:00:00	BUAF	1	0.456247	49.9255	76.7537	15	10.5845	0.681658	0.528108	1.77032	97.2	0.079678	20.4254	29.4268	0.200001	6.56639	1.64161	6.992
setup	0	2006-09-29 23:00:00	:ALL:	1	1.45625	49.9255	76.7537	15	10.5845	0.681658	0.528108	1.77032	521.2	0.079678	20.4254	29.4268	0.200001	6.56639	1.64161	6.992
setup	0	2006-09-30 23:00:00	ANGA	1	1	0	0	1.5	0	0	0	1.5	424	0	1	0	0	0	0	0
setup	0	2006-09-30 23:00:00	BUAF	1	0.456245	49.9253	76.7341	15	10.5845	0.681658	0.528108	1.77032	97.2	0.0837214	20.4254	29.4268	0.200001	6.5645	1.64114	6.98999
setup	0	2006-09-30 23:00:00	:ALL:	1	1.45624	49.9253	76.7341	15	10.5845	0.681658	0.528108	1.77032	521.2	0.0837214	20.4254	29.4268	0.200001	6.5645	1.64114	6.98999
setup	0	2006-10-01 23:00:00	ANGA	1	1	0	0	1.5	0	0	0	1.5	424	0	1	0	0	0	0	0
setup	0	2006-10-01 23:00:00	BUAF	1	0.456242	49.925	76.7142	15	10.5845	0.681658	0.528108	1.77032	97.2	0.0879248	20.4254	29.4268	0.200001	6.56257	1.64066	6.98794
setup	0	2006-10-01 23:00:00	:ALL:	1	1.45624	49.925	76.7142	15	10.5845	0.681658	0.528108	1.77032	521.2	0.0879248	20.4254	29.4268	0.200001	6.56257	1.64066	6.98794
setup	0	2006-10-02 23:00:00	ANGA	1	1	0	0	1.5	0	0	0	1.5	424	0	1	0	0	0	0	0
setup	0	2006-10-02 23:00:00	BUAF	1	0.45624	49.9247	76.6943	15	10.5845	0.681658	0.528108	1.77032	97.2	0.0922919	20.4254	29.4268	0.200001	6.56064	1.64017	6.98588
setup	0	2006-10-02 23:00:00	:ALL:	1	1.45624	49.9247	76.6943	15	10.5845	0.681658	0.528108	1.77032	521.2	0.0922919	20.4254	29.4268	0.200001	6.56064	1.64017	6.98588
setup	0	2006-10-03 23:00:00	ANGA	1	1	0	0	1.5	0	0	0	1.5	424	0	1	0	0	0	0	0
setup	0	2006-10-03 23:00:00	BUAF	1	0.456237	49.9244	76.6745	15	10.5845	0.681658	0.528108	1.77032	97.2	0.0968263	20.4254	29.4268	0.200001	6.55871	1.63969	6.98383
setup	0	2006-10-03 23:00:00	:ALL:	1	1.45624	49.9244	76.6745	15	10.5845	0.681658	0.528108	1.77032	521.2	0.0968263	20.4254	29.4268	0.200001	6.55871	1.63969	6.98383
setup	0	2006-10-04 23:00:00	ANGA	1	1	0	0	1.5	0	0	0	1.5	424	0	1	0	0	0	0	0
setup	0	2006-10-04 23:00:00	BUAF	1	0.456235	49.9242	76.6546	15	10.5845	0.681658	0.528108	1.77032	97.2	0.101531	20.4254	29.4268	0.200001	6.55676	1.6392	6.98175
setup	0	2006-10-04 23:00:00	:ALL:	1	1.45623	49.9242	76.6546	15	10.5845	0.681658	0.528108	1.77032	521.2	0.101531	20.4254	29.4268	0.200001	6.55676	1.6392	6.98175
setup	0	2006-10-05 23:00:00	ANGA	1	1	0	0	1.5	0	0	0	1.5	424	0	1	0	0	0	0	0
setup	0	2006-10-05 23:00:00	BUAF	1	0.456232	49.9239	76.6345	15	10.5845	0.681658	0.528108	1.77032	97.2	0.10641	20.4254	29.4268	0.200001	6.55479	1.63871	6.97965
setup	0	2006-10-05 23:00:00	:ALL:	1	1.45623	49.9239	76.6345	15	10.5845	0.681658	0.528108	1.77032	521.2	0.10641	20.4254	29.4268	0.200001	6.55479	1.63871	6.97965
setup	0	2006-10-06 23:00:00	ANGA	1	1	0	0	1.5	0	0	0	1.5	424	0	1	0	0	0	0	0
setup	0	2006-10-06 23:00:00	BUAF	1	0.45623	49.9236	76.6139	15	10.5845	0.681658	0.528108	1.77032	97.2	0.111467	20.4254	29.4268	0.200001	6.55276	1.6382	6.97749
setup	0	2006-10-06 23:00:00	:ALL:	1	1.45623	49.9236	76.6139	15	10.5845	0.681658	0.528108	1.77032	521.2	0.111467	20.4254	29.4268	0.200001	6.55276	1.6382	6.97749
setup	0	2006-10-07 23:00:00	ANGA	1	1	0	0	1.5	0	0	0	1.5	424	0	1	0	0	0	0	0
setup	0	2006-10-07 23:00:00	BUAF	1	0.456227	49.9233	76.5939	15	10.5845	0.681658	0.528108	1.77032	97.2	0.116703	20.4254	29.4268	0.200001	6.55077	1.63771	6.97537
setup	0	2006-10-07 23:00:00	:ALL:	1	1.45623	49.9233	76.5939	15	10.5845	0.681658	0.528108	1.77032	521.2	0.116703	20.4254	29.4268	0.200001	6.55077	1.63771	6.97537
setup	0	2006-10-08 23:00:00	ANGA	1	1	0	0	1.5	0	0	0	1.5	424	0	1	0	0	0	0	0
setup	0	2006-10-08 23:00:00	BUAF	1	0.456225	49.9231	76.5741	15	10.5845	0.681658	0.528108	1.77032	97.2	0.122123	20.4254	29.4268	0.200001	6.54879	1.63721	6.97326
setup	0	2006-10-08 23:00:00	:ALL:	1	1.45622	49.9231	76.5741	15	10.5845	0.681658	0.528108	1.77032	521.2	0.122123	20.4254	29.4268	0.200001	6.54879	1.63721	6.97326
setup	0	2006-10-09 23:00:00	ANGA	1	1	0	0	1.5	0	0	0	1.5	424	0	1	0	0	0	0	0
setup	0	2006-10-09 23:00:00	BUAF	1	0.456222	49.9228	76.5539	15	10.5845	0.681658	0.528108	1.77032	97.2	0.12773	20.4254	29.4268	0.200001	6.54676	1.63671	6.9711
setup	0	2006-10-09 23:00:00	:ALL:	1	1.45622	49.9228	76.5539	15	10.5845	0.681658	0.528108	1.77032	521.2	0.12773	20.4254	29.4268	0.200001	6.54676	1.63671	6.9711
setup	0	2006-10-10 23:00:00	ANGA	1	1	0	0	1.5	0	0	0	1.5	424	0	1	0	0	0	0	0
setup	0	2006-10-10 23:00:00	BUAF	1	0.45622	49.9225	76.5345	15	10.5845	0.681658	0.528108	1.77032	97.2	0.133525	20.4254	29.4268	0.200001	6.5448	1.63621	6.96901
setup	0	2006-10-10 23:00:00	:ALL:	1	1.45622	49.9225	76.5345	15	10.5845	0.681658	0.528108	1.77032	521.2	0.133525	20.4254	29.4268	0.200001	6.5448	1.63621	6.96901
setup	0	2006-10-11 23:00:00	ANGA	1	1	0	0	1.5	0	0	0	1.5	424	0	1	0	0	0	0	0
setup	0	2006-10-11 23:00:00	BUAF	1	0.456217	49.9223	76.5158	15	10.5845	0.681658	0.528108	1.77032	97.2	0.139511	20.4254	29.4268	0.200001	6.54288	1.63574	6.96697
setup	0	2006-10-11 23:00:00	:ALL:	1	1.45622	49.9223	76.5158	15	10.5845	0.681658	0.528108	1.77032	521.2	0.139511	20.4254	29.4268	0.200001	6.54288	1.63574	6.96697
setup	0	2006-10-12 23:00:00	ANGA	1	1	0	0	1.5	0	0	0	1.5	424	0	1	0	0	0	0	0
setup	0	2006-10-12 23:00:00	BUAF	1	0.456215	49.922	76.4975	15	10.5845	0.681658	0.528108	1.77032	97.2	0.145691	20.4254	29.4268	0.200001	6.54099	1.63526	6.96495
setup	0	2006-10-12 23:00:00	:ALL:	1	1.45621	49.922	76.4975	15	10.5845	0.681658	0.528108	1.77032	521.2	0.145691	20.4254	29.4268	0.200001	6.54099	1.63526	6.96495
setup	0	2006-10-13 23:00:00	ANGA	1	1	0	0	1.5	0	0	0	1.5	424	0	1	0	0	0	0	0
setup	0	2006-10-13 23:00:00	BUAF	1	0.456212	49.9217	76.4795	15	10.5845	0.681658	0.528108	1.77032	97.2	0.152067	20.4254	29.4268	0.200001	6.53911	1.63479	6.96296
setup	0	2006-10-13 23:00:00	:ALL:	1	1.45621	49.9217	76.4795	15	10.5845	0.681658	0.528108	1.77032	521.2	0.152067	20.4254	29.4268	0.200001	6.53911	1.63479	6.96296
setup	0	2006-10-14 23:00:00	ANGA	1	1	0	0	1.5	0	0	0	1.5	424	0	1	0	0	0	0	0
setup	0	2006-10-14 23:00:00	BUAF	1	0.45621	49.9214	76.4616	15	10.5845	0.681658	0.528108	1.77032	97.2	0.15864	20.4254	29.4268	0.200001	6.53723	1.63432	6.96095
setup	0	2006-10-14 23:00:00	:ALL:	1	1.45621	49.9214	76.4616	15	10.5845	0.681658	0.528108	1.77032	521.2	0.15864	20.4254	29.4268	0.200001	6.53723	1.63432	6.96095
setup	0	2006-10-15 23:00:00	ANGA	1	1	0	0	1.5	0	0	0	1.5	424	0	1	0	0	0	0	0
setup	0	2006-10-15 23:00:00	BUAF	1	0.456207	49.9212	76.4442	15	10.5845	0.681658	0.528108	1.77032	97.2	0.165413	20.4254	29.4268	0.200001	6.53539	1.63386	6.95899
setup	0	2006-10-15 23:00:00	:ALL:	1	1.45621	49.9212	76.4442	15	10.5845	0.681658	0.528108	1.77032	521.2	0.165413	20.4254	29.4268	0.200001	6.53539	1.63386	6.95899
setup	0	2006-10-16 23:00:00	ANGA	1	1	0	0	1.5	0	0	0	1.5	424	0	1	0	0	0	0	0
setup	0	2006-10-16 23:00:00	BUAF	1	0.456205	49.9209	76.4271	15	10.5845	0.681658	0.528108	1.77032	97.2	0.172387	20.4254	29.4268	0.200001	6.53358	1.63341	6.95706
setup	0	2006-10-16 23:00:00	:ALL:	1	1.4562	49.9209	76.4271	15	10.5845	0.681658	0.528108	1.77032	521.2	0.172387	20.4254	29.4268	0.200001	6.53358	1.63341	6.95706
setup	0	2006-10-17 23:00:00	ANGA	1	1	0	0	1.5	0	0	0	1.5	424	0	1	0	0	0	0	0
setup	0	2006-10-17 23:00:00	BUAF	1	0.456202	49.9206	76.41	15	10.5845	0.681658	0.528108	1.77032	97.2	0.179562	20.4254	29.4268	0.200001	6.53177	1.63296	6.95514
setup	0	2006-10-17 23:00:00	:ALL:	1	1.4562	49.9206	76.41	15	10.5845	0.681658	0.528108	1.77032	521.2	0.179562	20.4254	29.4268	0.200001	6.53177	1.63296	6.95514
setup	0	2006-10-18 23:00:00	ANGA	1	1	0	0	1.5	0	0	0	1.5	424	0	1	0	0	0	0	0
setup	0	2006-10-18 23:00:00	BUAF	1	0.4562	49.9203	76.3929	15	10.5845	0.681658	0.528108	1.77032	97.2	0.18694	20.4254	29.4268	0.200001	6.52994	1.6325	6.95319
setup	0	2006-10-18 23:00:00	:ALL:	1	1.4562	49.9203	76.3929	15	10.5845	0.681658	0.528108	1.77032	521.2	0.18694	20.4254	29.4268	0.200001	6.52994	1.6325	6.95319
setup	0	2006-10-19 23:00:00	ANGA	1	1	0	0	1.5	0	0	0	1.5	424	0	1	0	0	0	0	0
setup	0	2006-10-19 23:00:00	BUAF	1	0.456197	49.9201	76.3761	15	10.5845	0.681658	0.528108	1.77032	97.2	0.194521	20.4254	29.4268	0.200001	6.52815	1.63205	6.95128
setup	0	2006-10-19 23:00:00	:ALL:	1	1.4562	49.9201	76.3761	15	10.5845	0.681658	0.528108	1.77032	521.2	0.194521	20.4254	29.4268	0.200001	6.52815	1.63205	6.95128
setup	0	2006-10-20 23:00:00	ANGA	1	1	0	0	1.5	0	0	0	1.5	424	0	1	0	0	0	0	0
setup	0	2006-10-20 23:00:00	BUAF	1	0.456195	49.9198	76.3597	15	10.5845	0.681658	0.528108	1.77032	97.2	0.202306	20.4254	29.4268	0.200001	6.52641	1.63162	6.94943
setup	0	2006-10-20 23:00:00	:ALL:	1	1.45619	49.9198	76.3597	15	10.5845	0.681658	0.528108	1.77032	521.2	0.202306	20.4254	29.4268	0.200001	6.52641	1.63162	6.94943
setup	0	2006-10-21 23:00:00	ANGA	1	1	0	0	1.5	0	0	0	1.5	424	0	1	0	0	0	0	0
setup	0	2006-10-21 23:00:00	BUAF	1	0.456192	49.9195	76.3437	15	10.5845	0.681658	0.528108	1.77032	97.2	0.210295	20.4254	29.4268	0.200001	6.52473	1.6312	6.94764
setup	0	2006-10-21 23:00:00	:ALL:	1	1.45619	49.9195	76.3437	15	10.5845	0.681658	0.528108	1.77032	521.2	0.210295	20.4254	29.4268	0.200001	6.52473	1.6312	6.94764
setup	0	2006-10-22 23:00:00	ANGA	1	1	0	0	1.5	0	0	0	1.5	424	0.000951769	1	0	0	0	0	0
setup	0	2006-10-22 23:00:00	BUAF	1	0.45619	49.9192	76.3286	15	10.5845	0.681658	0.528108	1.77032	97.2	0.218487	20.4254	29.4268	0.200001	6.52317	1.63081	6.94598
setup	0	2006-10-22 23:00:00	:ALL:	1	1.45619	49.9192	76.3286	15	10.5845	0.681658	0.528108	1.77032	521.2	0.219439	20.4254	29.4268	0.200001	6.52317	1.63081	6.94598
setup	0	2006-10-23 23:00:00	ANGA	1	1	0	0	1.5	0	0	0	1.5	424	0.00120166	1	0	0	0	0	0
setup	0	2006-10-23 23:00:00	BUAF	1	0.456187	49.919	76.3134	15	10.5845	0.681658	0.528108	1.77032	97.2	0.226882	20.4254	29.4268	0.200001	6.52158	1.63041	6.94429
setup	0	2006-10-23 23:00:00	:ALL:	1	1.45619	49.919	76.3134	15	10.5845	0.681658	0.528108	1.77032	521.2	0.228083	20.4254	29.4268	0.200001	6.52158	1.63041	6.94429
setup	0	2006-10-24 23:00:00	ANGA	1	1	0	0	1.5	0	0	0	1.5	424	0.00151018	1	0	0	0	0	0
setup	0	2006-10-24 23:00:00	BUAF	1	0.456185	49.9187	76.2986	15	10.5845	0.681658	0.528108	1.77032	97.2	0.235478	20.4254	29.4268	0.200001	6.52007	1.63003	6.94268
setup	0	2006-10-24 23:00:00	:ALL:	1	1.45618	49.9187	76.2986	15	10.5845	0.681658	0.528108	1.77032	521.2	0.236988	20.4254	29.4268	0.200001	6.52007	1.63003	6.94268
setup	0	2006-10-25 23:00:00	ANGA	1	1	0	0	1.5	0	0	0	1.5	424	0.00188917	1	0	0	0	0	0
setup	0	2006-10-25 23:00:00	BUAF	1	0.456182	49.9184	76.2836	15	10.5845	0.681658	0.528108	1.77032	97.2	0.244275	20.4254	29.4268	0.200001	6.51852	1.62965	6.94103
setup	0	2006-10-25 23:00:00	:ALL:	1	1.45618	49.9184	76.2836	15	10.5845	0.681658	0.528108	1.77032	521.2	0.246164	20.4254	29.4268	0.200001	6.51852	1.62965	6.94103
setup	0	2006-10-26 23:00:00	ANGA	1	1	0	0	1.5	0	0	0	1.5	424	0.00235238	1	0	0	0	0	0
setup	0	2006-10-26 23:00:00	BUAF	1	0.45618	49.9181	76.2688	15	10.5845	0.681658	0.528108	1.77032	97.2	0.253271	20.4254	29.4268	0.200001	6.51699	1.62926	6.9394
setup	0	2006-10-26 23:00:00	:ALL:	1	1.45618	49.9181	76.2688	15	10.5845	0.681658	0.528108	1.77032	521.2	0.255623	20.4254	29.4268	0.200001	6.51699	1.62926	6.9394
setup	0	2006-10-27 23:00:00	ANGA	1	1	0	0	1.5	0	0	0	1.5	424	0.00291567	1	0	0	0	0	0
setup	0	2006-10-27 23:00:00	BUAF	1	0.456177	49.9179	76.2542	15	10.5845	0.681658	0.528108	1.77032	97.2	0.262463	20.4254	29.4268	0.200001	6.51549	1.62889	6.9378
setup	0	2006-10-27 23:00:00	:ALL:	1	1.45618	49.9179	76.2542	15	10.5845	0.681658	0.528108	1.77032	521.2	0.265378	20.4254	29.4268	0.200001	6.51549	1.62889	6.9378
setup	0	2006-10-28 23:00:00	ANGA	1	1	0	0	1.5	0	0	0	1.5	424	0.0035972	1	0	0	0	0	0
setup	0	2006-10-28 23:00:00	BUAF	1	0.456175	49.9176	76.2397	15	10.5845	0.681658	0.528108	1.77032	97.2	0.271849	20.4254	29.4268	0.200001	6.51399	1.62851	6.93621
setup	0	2006-10-28 23:00:00	:ALL:	1	1.45617	49.9176	76.2397	15	10.5845	0.681658	0.528108	1.77032	521.2	0.275446	20.4254	29.4268	0.200001	6.51399	1.62851	6.93621
setup	0	2006-10-29 23:00:00	ANGA	1	1	0	0	1.5	0	0	0	1.5	424	0.00441759	1	0	0	0	0	0
setup	0	2006-10-29 23:00:00	BUAF	1	0.456172	49.9173	76.2249	15	10.5845	0.681658	0.528108	1.77032	97.2	0.281427	20.4254	29.4268	0.200001	6.5124	1.62812	6.93452
setup	0	2006-10-29 23:00:00	:ALL:	1	1.45617	49.9173	76.2249	15	10.5845	0.681658	0.528108	1.77032	521.2	0.285844	20.4254	29.4268	0.200001	6.5124	1.62812	6.93452
setup	0	2006-10-30 23:00:00	ANGA	1	1	0	0	1.5	0	0	0	1.5	424	0.0054001	1	0	0	0	0	0
setup	0	2006-10-30 23:00:00	BUAF	1	0.45617	49.9171	76.2107	15	10.5845	0.681658	0.528108	1.77032	97.2	0.291192	20.4254	29.4268	0.200001	6.51092	1.62774	6.93294
setup	0	2006-10-30 23:00:00	:ALL:	1	1.45617	49.9171	76.2107	15	10.5845	0.681658	0.528108	1.77032	521.2	0.296592	20.4254	29.4268	0.200001	6.51092	1.62774	6.93294
setup	0	2006-10-31 23:00:00	ANGA	1	1	0	0	1.5	0	0	0	1.5	424	0.00657073	1	0	0	0	0	0
setup	0	2006-10-31 23:00:00	BUAF	1	0.456167	49.9168	76.1972	15	10.5845	0.681658	0.528108	1.77032	97.2	0.301142	20.4254	29.4268	0.200001	6.50954	1.6274	6.93146
setup	0	2006-10-31 23:00:00	:ALL:	1	1.45617	49.9168	76.1972	15	10.5845	0.681658	0.528108	1.77032	521.2	0.307713	20.4254	29.4268	0.200001	6.50954	1.6274	6.93146
setup	0	2006-11-01 23:00:00	ANGA	1	1	0	0	1.5	0	0	0	1.5	424	0.00795829	1	0	0	0	0	0
setup	0	2006-11-01 23:00:00	BUAF	1	0.456165	49.9165	76.1835	15	10.5845	0.681658	0.528108	1.77032	97.2	0.311272	20.4254	29.4268	0.200001	6.5081	1.62704	6.92994
setup	0	2006-11-01 23:00:00	:ALL:	1	1.45616	49.9165	76.1835	15	10.5845	0.681658	0.528108	1.77032	521.2	0.31923	20.4254	29.4268	0.200001	6.5081	1.62704	6.92994
setup	0	2006-11-02 23:00:00	ANGA	1	1	0	0	1.5	0	0	0	1.5	424	0.00959448	1	0	0	0	0	0
setup	0	2006-11-02 23:00:00	BUAF	1	0.456162	49.9162	76.1708	15	10.5845	0.681658	0.528108	1.77032	97.2	0.321578	20.4254	29.4268	0.200001	6.50682	1.62672	6.92857
setup	0	2006-11-02 23:00:00	:ALL:	1	1.45616	49.9162	76.1708	15	10.5845	0.681658	0.528108	1.77032	521.2	0.331173	20.4254	29.4268	0.200001	6.50682	1.62672	6.92857
setup	0	2006-11-03 23:00:00	ANGA	1	1	0	0	1.5	0	0	0	1.5	424	0.0115138	1	0	0	0	0	0
setup	0	2006-11-03 23:00:00	BUAF	1	0.45616	49.916	76.1583	15	10.5845	0.681658	0.528108	1.77032	97.2	0.332055	20.4254	29.4268	0.200001	6.50557	1.62641	6.92724
setup	0	2006-11-03 23:00:00	:ALL:	1	1.45616	49.916	76.1583	15	10.5845	0.681658	0.528108	1.77032	521.2	0.343569	20.4254	29.4268	0.200001	6.50557	1.62641	6.92724
setup	0	2006-11-04 23:00:00	ANGA	1	1	0	0	1.5	0	0	0	1.5	424	0.0137534	1	0	0	0	0	0
setup	0	2006-11-04 23:00:00	BUAF	1	0.456157	49.9157	76.1458	15	10.5845	0.681658	0.528108	1.77032	97.2	0.342697	20.4254	29.4268	0.200001	6.50432	1.62609	6.92591
setup	0	2006-11-04 23:00:00	:ALL:	1	1.45616	49.9157	76.1458	15	10.5845	0.681658	0.528108	1.77032	521.2	0.356451	20.4254	29.4268	0.200001	6.50432	1.62609	6.92591
setup	0	2006-11-05 23:00:00	ANGA	1	1	0	0	1.5	0	0	0	1.5	424	0.0163529	1	0	0	0	0	0
setup	0	2006-11-05 23:00:00	BUAF	1	0.456155	49.9154	76.1332	15	10.5845	0.681658	0.528108	1.77032	97.2	0.353499	20.4254	29.4268	0.200001	6.50306	1.62578	6.92457
setup	0	2006-11-05 23:00:00	:ALL:	1	1.45615	49.9154	76.1332	15	10.5845	0.681658	0.528108	1.77032	521.2	0.369852	20.4254	29.4268	0.200001	6.50306	1.62578	6.92457
setup	0	2006-11-06 23:00:00	ANGA	1	1	0	0	1.5	0	0	0	1.5	424	0.0193543	1	0	0	0	0	0
setup	0	2006-11-06 23:00:00	BUAF	1	0.456152	49.9151	76.1207	15	10.5845	0.681658	0.528108	1.77032	97.2	0.364455	20.4254	29.4268	0.200001	6.50176	1.62546	6.92319
setup	0	2006-11-06 23:00:00	:ALL:	1	1.45615	49.9151	76.1207	15	10.5845	0.681658	0.528108	1.77032	521.2	0.383809	20.4254	29.4268	0.200001	6.50176	1.62546	6.92319
setup	0	2006-11-07 23:00:00	ANGA	1	1	0	0	1.5	0	0	0	1.5	424	0.022801	1	0	0	0	0	0
setup	0	2006-11-07 23:00:00	BUAF	1	0.45615	49.9149	76.1084	15	10.5845	0.681658	0.528108	1.77032	97.2	0.375557	20.4254	29.4268	0.200001	6.5005	1.62514	6.92184
setup	0	2006-11-07 23:00:00	:ALL:	1	1.45615	49.9149	76.1084	15	10.5845	0.681658	0.528108	1.77032	521.2	0.398358	20.4254	29.4268	0.200001	6.5005	1.62514	6.92184
setup	0	2006-11-08 23:00:00	ANGA	1	1	0	0	1.5	0	0	0	1.5	424	0.0267378	1	0	0	0	0	0
setup	0	2006-11-08 23:00:00	BUAF	1	0.456147	49.9146	76.0973	15	10.5845	0.681658	0.528108	1.77032	97.2	0.386799	20.4254	29.4268	0.200001	6.4994	1.62486	6.92067
setup	0	2006-11-08 23:00:00	:ALL:	1	1.45615	49.9146	76.0973	15	10.5845	0.681658	0.528108	1.77032	521.2	0.413537	20.4254	29.4268	0.200001	6.4994	1.62486	6.92067
setup	0	2006-11-09 23:00:00	ANGA	1	1	0	0	1.5	0	0	0	1.5	424	0.0312099	1	0	0	0	0	0
setup	0	2006-11-09 23:00:00	BUAF	1	0.456145	49.9143	76.086	15	10.5845	0.681658	0.528108	1.77032	97.2	0.398173	20.4254	29.4268	0.200001	6.49827	1.62458	6.91947
setup	0	2006-11-09 23:00:00	:ALL:	1	1.45614	49.9143	76.086	15	10.5845	0.681658	0.528108	1.77032	521.2	0.429383	20.4254	29.4268	0.200001	6.49827	1.62458	6.91947
setup	0	2006-11-10 23:00:00	ANGA	1	1	0	0	1.5	0	0	0	1.5	424	0.0362622	1	0	0	0	0	0
setup	0	2006-11-10 23:00:00	BUAF	1	0.456142	49.914	76.075	15	10.5845	0.681658	0.528108	1.77032	97.2	0.409672	20.4254	29.4268	0.200001	6.49718	1.62431	6.91831
setup	0	2006-11-10 23:00:00	:ALL:	1	1.45614	49.914	76.075	15	10.5845	0.681658	0.528108	1.77032	521.2	0.445934	20.4254	29.4268	0.200001	6.49718	1.62431	6.91831
setup	0	2006-11-11 23:00:00	ANGA	1	1	0	0	1.5	0	0	0	1.5	424	0.0419383	1	0	0	0	0	0
setup	0	2006-11-11 23:00:00	BUAF	1	0.45614	49.9138	76.0642	15	10.5845	0.681658	0.528108	1.77032	97.2	0.421286	20.4254	29.4268	0.200001	6.49612	1.62404	6.91717
setup	0	2006-11-11 23:00:00	:ALL:	1	1.45614	49.9138	76.0642	15	10.5845	0.681658	0.528108	1.77032	521.2	0.463225	20.4254	29.4268	0.200001	6.49612	1.62404	6.91717
setup	0	2006-11-12 23:00:00	ANGA	1	1	0	0	1.5	0	0	0	1.5	424	0.0482795	1	0	0	0	0	0
setup	0	2006-11-12 23:00:00	BUAF	1	0.456137	49.9135	76.0534	15	10.5845	0.681658	0.528108	1.77032	97.2	0.433008	20.4254	29.4268	0.200001	6.49504	1.62377	6.91603
setup	0	2006-11-12 23:00:00	:ALL:	1	1.45614	49.9135	76.0534	15	10.5845	0.681658	0.528108	1.77032	521.2	0.481287	20.4254	29.4268	0.200001	6.49504	1.62377	6.91603
setup	0	2006-11-13 23:00:00	ANGA	1	1	0	0	1.5	0	0	0	1.5	424	0.0553234	1	0	0	0	0	0
setup	0	2006-11-13 23:00:00	BUAF	1	0.456135	49.9132	76.0429	15	10.5845	0.681658	0.528108	1.77032	97.2	0.444828	20.4254	29.4268	0.200001	6.49402	1.62352	6.91494
setup	0	2006-11-13 23:00:00	:ALL:	1	1.45613	49.9132	76.0429	15	10.5845	0.681658	0.528108	1.77032	521.2	0.500151	20.4254	29.4268	0.200001	6.49402	1.62352	6.91494
setup	0	2006-11-14 23:00:00	ANGA	1	1	0	0	1.5	0	0	0	1.5	424	0.0631031	1	0	0	0	0	0
setup	0	2006-11-14 23:00:00	BUAF	1	0.456132	49.913	76.0329	15	10.5845	0.681658	0.528108	1.77032	97.2	0.456735	20.4254	29.4268	0.200001	6.49305	1.62328	6.91391
setup	0	2006-11-14 23:00:00	:ALL:	1	1.45613	49.913	76.0329	15	10.5845	0.681658	0.528108	1.77032	521.2	0.519838	20.4254	29.4268	0.200001	6.49305	1.62328	6.91391
setup	0	2006-11-15 23:00:00	ANGA	1	1	0	0	1.5	0	0	0	1.5	424	0.0716453	1	0	0	0	0	0
setup	0	2006-11-15 23:00:00	BUAF	1	0.45613	49.9127	76.0227	15	10.5845	0.681658	0.528108	1.77032	97.2	0.468721	20.4254	29.4268	0.200001	6.49205	1.62303	6.91285
setup	0	2006-11-15 23:00:00	:ALL:	1	1.45613	49.9127	76.0227	15	10.5845	0.681658	0.528108	1.77032	521.2	0.540367	20.4254	29.4268	0.200001	6.49205	1.62303	6.91285
setup	0	2006-11-16 23:00:00	ANGA	1	1	0	0	1.5	0	0	0	1.5	424	0.0809691	1	0	0	0	0	0
setup	0	2006-11-16 23:00:00	BUAF	1	0.456127	49.9124	76.0129	15	10.5845	0.681658	0.528108	1.77032	97.2	0.480775	20.4254	29.4268	0.200001	6.49113	1.6228	6.91186
setup	0	2006-11-16 23:00:00	:ALL:	1	1.45613	49.9124	76.0129	15	10.5845	0.681658	0.528108	1.77032	521.2	0.561744	20.4254	29.4268	0.200001	6.49113	1.6228	6.91186
setup	0	2006-11-17 23:00:00	ANGA	1	1	0	0	1.5	0	0	0	1.5	424	0.0910849	1	0	0	0	0	0
setup	0	2006-11-17 23:00:00	BUAF	1	0.456125	49.9121	76.0036	15	10.5845	0.681658	0.528108	1.77032	97.2	0.492886	20.4254	29.4268	0.200001	6.49024	1.62258	6.91092
setup	0	2006-11-17 23:00:00	:ALL:	1	1.45612	49.9121	76.0036	15	10.5845	0.681658	0.528108	1.77032	521.2	0.583971	20.4254	29.4268	0.200001	6.49024	1.62258	6.91092
setup	0	2006-11-18 23:00:00	ANGA	1	1	0	0	1.5	0	0	0	1.5	424	0.101992	1	0	0	0	0	0
setup	0	2006-11-18 23:00:00	BUAF	1	0.456122	49.9119	75.9947	15	10.5845	0.681658	0.528108	1.77032	97.2	0.505043	20.4254	29.4268	0.200001	6.48942	1.62237	6.91004
setup	0	2006-11-18 23:00:00	:ALL:	1	1.45612	49.9119	75.9947	15	10.5845	0.681658	0.528108	1.77032	521.2	0.607036	20.4254	29.4268	0.200001	6.48942	1.62237	6.91004
setup	0	2006-11-19 23:00:00	ANGA	1	1	0	0	1.5	0	0	0	1.5	424	0.11368	1	0	0	0	0	0
setup	0	2006-11-19 23:00:00	BUAF	1	0.45612	49.9116	75.986	15	10.5845	0.681658	0.528108	1.77032	97.2	0.517234	20.4254	29.4268	0.200001	6.48863	1.62217	6.9092
setup	0	2006-11-19 23:00:00	:ALL:	1	1.45612	49.9116	75.986	15	10.5845	0.681658	0.528108	1.77032	521.2	0.630915	20.4254	29.4268	0.200001	6.48863	1.62217	6.9092
setup	0	2006-11-20 23:00:00	ANGA	1	1	0	0	1.5	0	0	0	1.5	424	0.126124	1	0	0	0	0	0
setup	0	2006-11-20 23:00:00	BUAF	1	0.456117	49.9113	75.9773	15	10.5845	0.681658	0.528108	1.77032	97.2	0.529449	20.4254	29.4268	0.200001	6.48784	1.62197	6.90836
setup	0	2006-11-20 23:00:00	:ALL:	1	1.45612	49.9113	75.9773	15	10.5845	0.681658	0.528108	1.77032	521.2	0.655572	20.4254	29.4268	0.200001	6.48784	1.62197	6.90836
setup	0	2006-11-21 23:00:00	ANGA	1	1	0	0	1.5	0	0	0	1.5	424	0.139285	1	0	0	0	0	0
setup	0	2006-11-21 23:00:00	BUAF	1	0.456115	49.911	75.9682	15	10.5845	0.681658	0.528108	1.77032	97.2	0.541673	20.4254	29.4268	0.200001	6.48697	1.62176	6.90744
setup	0	2006-11-21 23:00:00	:ALL:	1	1.45611	49.911	75.9682	15	10.5845	0.681658	0.528108	1.77032	521.2	0.680958	20.4254	29.4268	0.200001	6.48697	1.62176	6.90744
setup	0	2006-11-22 23:00:00	ANGA	1	1	0	0	1.5	0	0	0	1.5	424	0.153111	1	0	0	0	0	0
setup	0	2006-11-22 23:00:00	BUAF	1	0.456112	49.9108	75.9598	15	10.5845	0.681658	0.528108	1.77032	97.2	0.553896	20.4254	29.4268	0.200001	6.48617	1.62156	6.90658
setup	0	2006-11-22 23:00:00	:ALL:	1	1.45611	49.9108	75.9598	15	10.5845	0.681658	0.528108	1.77032	521.2	0.707006	20.4254	29.4268	0.200001	6.48617	1.62156	6.90658
setup	0	2006-11-23 23:00:00	ANGA	1	1	0	0	1.5	0	0	0	1.5	424	0.167534	1	0	0	0	0	0
setup	0	2006-11-23 23:00:00	BUAF	1	0.45611	49.9105	75.9517	15	10.5845	0.681658	0.528108	1.77032	97.2	0.566104	20.4254	29.4268	0.200001	6.48544	1.62137	6.9058
setup	0	2006-11-23 23:00:00	:ALL:	1	1.45611	49.9105	75.9517	15	10.5845	0.681658	0.528108	1.77032	521.2	0.733638	20.4254	29.4268	0.200001	6.48544	1.62137	6.9058
setup	0	2006-11-24 23:00:00	ANGA	1	1	0	0	1.5	0	0	0	1.5	424	0.182471	1	0	0	0	0	0
setup	0	2006-11-24 23:00:00	BUAF	1	0.456107	49.9102	75.9447	15	10.5845	0.681658	0.528108	1.77032	97.2	0.578284	20.4254	29.4268	0.200001	6.48488	1.62124	6.90521
setup	0	2006-11-24 23:00:00	:ALL:	1	1.45611	49.9102	75.9447	15	10.5845	0.681658	0.528108	1.77032	521.2	0.760755	20.4254	29.4268	0.200001	6.48488	1.62124	6.90521
setup	0	2006-11-25 23:00:00	ANGA	1	1	0	0	1.5	0	0	0	1.5	424	0.197825	1	0	0	0	0	0
setup	0	2006-11-25 23:00:00	BUAF	1	0.456105	49.9099	75.9379	15	10.5845	0.681658	0.528108	1.77032	97.2	0.590423	20.4254	29.4268	0.200001	6.48433	1.6211	6.90463
setup	0	2006-11-25 23:00:00	:ALL:	1	1.4561	49.9099	75.9379	15	10.5845	0.681658	0.528108	1.77032	521.2	0.788249	20.4254	29.4268	0.200001	6.48433	1.6211	6.90463
setup	0	2006-11-26 23:00:00	ANGA	1	1	0	0	1.5	0	0	0	1.5	424	0.213483	1	0	0	0	0	0
setup	0	2006-11-26 23:00:00	BUAF	1	0.456102	49.9097	75.9308	15	10.5845	0.681658	0.528108	1.77032	97.2	0.602508	20.4254	29.4268	0.200001	6.48376	1.62095	6.90401
setup	0	2006-11-26 23:00:00	:ALL:	1	1.4561	49.9097	75.9308	15	10.5845	0.681658	0.528108	1.77032	521.2	0.815992	20.4254	29.4268	0.200001	6.48376	1.62095	6.90401
setup	0	2006-11-27 23:00:00	ANGA	1	1	0	0	1.5	0	0	0	1.5	424	0.22932	1	0	0	0	0	0
setup	0	2006-11-27 23:00:00	BUAF	1	0.4561	49.9094	75.9243	15	10.5845	0.681658	0.528108	1.77032	97.2	0.614525	20.4254	29.4268	0.200001	6.48326	1.62083	6.90348
setup	0	2006-11-27 23:00:00	:ALL:	1	1.4561	49.9094	75.9243	15	10.5845	0.681658	0.528108	1.77032	521.2	0.843845	20.4254	29.4268	0.200001	6.48326	1.62083	6.90348
setup	0	2006-11-28 23:00:00	ANGA	1	1	0	0	1.5	0	0	0	1.5	424	0.245196	1	0	0	0	0	0
setup	0	2006-11-28 23:00:00	BUAF	1	0.456097	49.9091	75.9183	15	10.5845	0.681658	0.528108	1.77032	97.2	0.626461	20.4254	29.4268	0.200001	6.48282	1.62072	6.90302
setup	0	2006-11-28 23:00:00	:ALL:	1	1.4561	49.9091	75.9183	15	10.5845	0.681658	0.528108	1.77032	521.2	0.871657	20.4254	29.4268	0.200001	6.48282	1.62072	6.90302
setup	0	2006-11-29 23:00:00	ANGA	1	1	0	0	1.5	0	0	0	1.5	424	0.260964	1	0	0	0	0	0
setup	0	2006-11-29 23:00:00	BUAF	1	0.456095	49.9089	75.9122	15	10.5845	0.681658	0.528108	1.77032	97.2	0.638301	20.4254	29.4268	0.200001	6.48238	1.62061	6.90255
setup	0	2006-11-29 23:00:00	:ALL:	1	1.45609	49.9089	75.9122	15	10.5845	0.681658	0.528108	1.77032	521.2	0.899264	20.4254	29.4268	0.200001	6.48238	1.62061	6.90255
setup	0	2006-11-30 23:00:00	ANGA	1	1	0	0	1.5	0	0	0	1.5	424	0.276467	1	0	0	0	0	0
setup	0	2006-11-30 23:00:00	BUAF	1	0.456092	49.9086	75.9062	15	10.5845	0.681658	0.528108	1.77032	97.2	0.65003	20.4254	29.4268	0.200001	6.48193	1.6205	6.90207
setup	0	2006-11-30 23:00:00	:ALL:	1	1.45609	49.9086	75.9062	15	10.5845	0.681658	0.528108	1.77032	521.2	0.926497	20.4254	29.4268	0.200001	6.48193	1.6205	6.90207
setup	0	2006-12-01 23:00:00	ANGA	1	1	0	0	1.5	0	0	0	1.5	424	0.291541	1	0	0	0	0	0
setup	0	2006-12-01 23:00:00	BUAF	1	0.45609	49.9083	75.9011	15	10.5845	0.681658	0.528108	1.77032	97.2	0.661636	20.4254	29.4268	0.200001	6.48162	1.62042	6.90173
setup	0	2006-12-01 23:00:00	:ALL:	1	1.45609	49.9083	75.9011	15	10.5845	0.681658	0.528108	1.77032	521.2	0.953178	20.4254	29.4268	0.200001	6.48162	1.62042	6.90173
setup	0	2006-12-02 23:00:00	ANGA	1	1	0	0	1.5	0	0	0	1.5	424	0.306022	1	0	0	0	0	0
setup	0	2006-12-02 23:00:00	BUAF	1	0.456087	49.908	75.8951	15	10.5845	0.681658	0.528108	1.77032	97.2	0.673104	20.4254	29.4268	0.200001	6.48118	1.62031	6.90126
setup	0	2006-12-02 23:00:00	:ALL:	1	1.45609	49.908	75.8951	15	10.5845	0.681658	0.528108	1.77032	521.2	0.979126	20.4254	29.4268	0.200001	6.48118	1.62031	6.90126
setup	0	2006-12-03 23:00:00	ANGA	1	1	0	0	1.5	0	0	0	1.5	424	0.319742	1	0	0	0	0	0
setup	0	2006-12-03 23:00:00	BUAF	1	0.456085	49.9078	75.8911	15	10.5845	0.681658	0.528108	1.77032	97.2	0.68442	20.4254	29.4268	0.200001	6.481	1.62026	6.90108
setup	0	2006-12-03 23:00:00	:ALL:	1	1.45608	49.9078	75.8911	15	10.5845	0.681658	0.528108	1.77032	521.2	1.00416	20.4254	29.4268	0.200001	6.481	1.62026	6.90108
setup	0	2006-12-04 23:00:00	ANGA	1	1	0	0	1.5	0	0	0	1.5	424	0.332538	1	0	0	0	0	0
setup	0	2006-12-04 23:00:00	BUAF	1	0.456082	49.9075	75.8875	15	10.5845	0.681658	0.528108	1.77032	97.2	0.695569	20.4254	29.4268	0.200001	6.4809	1.62024	6.90097
setup	0	2006-12-04 23:00:00	:ALL:	1	1.45608	49.9075	75.8875	15	10.5845	0.681658	0.528108	1.77032	521.2	1.02811	20.4254	29.4268	0.200001	6.4809	1.62024	6.90097
setup	0	2006-12-05 23:00:00	ANGA	1	1	0	0	1.5	0	0	0	1.5	424	0.344254	1	0	0	0	0	0
setup	0	2006-12-05 23:00:00	BUAF	1	0.45608	49.9072	75.8839	15	10.5845	0.681658	0.528108	1.77032	97.2	0.706537	20.4254	29.4268	0.200001	6.48079	1.62021	6.90085
setup	0	2006-12-05 23:00:00	:ALL:	1	1.45608	49.9072	75.8839	15	10.5845	0.681658	0.528108	1.77032	521.2	1.05079	20.4254	29.4268	0.200001	6.48079	1.62021	6.90085
setup	0	2006-12-06 23:00:00	ANGA	1	1	0	0	1.5	0	0	0	1.5	424	0.354741	1	0	0	0	0	0
setup	0	2006-12-06 23:00:00	BUAF	1	0.456077	49.9069	75.8803	15	10.5845	0.681658	0.528108	1.77032	97.2	0.717309	20.4254	29.4268	0.200001	6.48068	1.62018	6.90074
setup	0	2006-12-06 23:00:00	:ALL:	1	1.45608	49.9069	75.8803	15	10.5845	0.681658	0.528108	1.77032	521.2	1.07205	20.4254	29.4268	0.200001	6.48068	1.62018	6.90074
setup	0	2006-12-07 23:00:00	ANGA	1	1	0	0	1.5	0	0	0	1.5	424	0.363864	1	0	0	0	0	0
setup	0	2006-12-07 23:00:00	BUAF	1	0.456075	49.9067	75.8772	15	10.5845	0.681658	0.528108	1.77032	97.2	0.727873	20.4254	29.4268	0.200001	6.48064	1.62017	6.90069
setup	0	2006-12-07 23:00:00	:ALL:	1	1.45607	49.9067	75.8772	15	10.5845	0.681658	0.528108	1.77032	521.2	1.09174	20.4254	29.4268	0.200001	6.48064	1.62017	6.90069
setup	0	2006-12-08 23:00:00	ANGA	1	1	0	0	1.5	0	0	0	1.5	424	0.371502	1	0	0	0	0	0
setup	0	2006-12-08 23:00:00	BUAF	1	0.456072	49.9064	75.8746	15	10.5845	0.681658	0.528108	1.77032	97.2	0.738213	20.4254	29.4268	0.200001	6.48066	1.62018	6.90071
setup	0	2006-12-08 23:00:00	:ALL:	1	1.45607	49.9064	75.8746	15	10.5845	0.681658	0.528108	1.77032	521.2	1.10972	20.4254	29.4268	0.200001	6.48066	1.62018	6.90071
setup	0	2006-12-09 23:00:00	ANGA	1	1	0	0	1.5	0	0	0	1.5	424	0.377553	1	0	0	0	0	0
setup	0	2006-12-09 23:00:00	BUAF	1	0.45607	49.9061	75.8726	15	10.5845	0.681658	0.528108	1.77032	97.2	0.748317	20.4254	29.4268	0.200001	6.48074	1.6202	6.90081
setup	0	2006-12-09 23:00:00	:ALL:	1	1.45607	49.9061	75.8726	15	10.5845	0.681658	0.528108	1.77032	521.2	1.12587	20.4254	29.4268	0.200001	6.48074	1.6202	6.90081
setup	0	2006-12-10 23:00:00	ANGA	1	1	0	0	1.5	0	0	0	1.5	424	0.381936	1	0	0	0	0	0
setup	0	2006-12-10 23:00:00	BUAF	1	0.456067	49.9058	75.8705	15	10.5845	0.681658	0.528108	1.77032	97.2	0.758169	20.4254	29.4268	0.200001	6.4808	1.62022	6.90087
setup	0	2006-12-10 23:00:00	:ALL:	1	1.45607	49.9058	75.8705	15	10.5845	0.681658	0.528108	1.77032	521.2	1.14011	20.4254	29.4268	0.200001	6.4808	1.62022	6.90087
setup	0	2006-12-11 23:00:00	ANGA	1	1	0	0	1.5	0	0	0	1.5	424	0.38459	1	0	0	0	0	0
setup	0	2006-12-11 23:00:00	BUAF	1	0.456065	49.9056	75.8697	15	10.5845	0.681658	0.528108	1.77032	97.2	0.767758	20.4254	29.4268	0.200001	6.48104	1.62028	6.90112
setup	0	2006-12-11 23:00:00	:ALL:	1	1.45606	49.9056	75.8697	15	10.5845	0.681658	0.528108	1.77032	521.2	1.15235	20.4254	29.4268	0.200001	6.48104	1.62028	6.90112
setup	0	2006-12-12 23:00:00	ANGA	1	1	0	0	1.5	0	0	0	1.5	424	0.385479	1	0	0	0	0	0
setup	0	2006-12-12 23:00:00	BUAF	1	0.456062	49.9053	75.8685	15	10.5845	0.681658	0.528108	1.77032	97.2	0.777069	20.4254	29.4268	0.200001	6.48123	1.62032	6.90132
setup	0	2006-12-12 23:00:00	:ALL:	1	1.45606	49.9053	75.8685	15	10.5845	0.681658	0.528108	1.77032	521.2	1.16255	20.4254	29.4268	0.200001	6.48123	1.62032	6.90132
setup	0	2006-12-13 23:00:00	ANGA	1	1	0	0	1.5	0	0	0	1.5	424	0.385479	1	0	0	0	0	0
setup	0	2006-12-13 23:00:00	BUAF	1	0.45606	49.905	75.8661	15	10.5845	0.681658	0.528108	1.77032	97.2	0.786089	20.4254	29.4268	0.200001	6.48125	1.62033	6.90135
setup	0	2006-12-13 23:00:00	:ALL:	1	1.45606	49.905	75.8661	15	10.5845	0.681658	0.528108	1.77032	521.2	1.17157	20.4254	29.4268	0.200001	6.48125	1.62033	6.90135
setup	0	2006-12-14 23:00:00	ANGA	1	1	0	0	1.5	0	0	0	1.5	424	0.385479	1	0	0	0	0	0
setup	0	2006-12-14 23:00:00	BUAF	1	0.456057	49.9047	75.8649	15	10.5845	0.681658	0.528108	1.77032	97.2	0.794807	20.4254	29.4268	0.200001	6.48143	1.62037	6.90154
setup	0	2006-12-14 23:00:00	:ALL:	1	1.45606	49.9047	75.8649	15	10.5845	0.681658	0.528108	1.77032	521.2	1.18029	20.4254	29.4268	0.200001	6.48143	1.62037	6.90154
setup	0	2006-12-15 23:00:00	ANGA	1	1	0	0	1.5	0	0	0	1.5	424	0.385479	1	0	0	0	0	0
setup	0	2006-12-15 23:00:00	BUAF	1	0.456055	49.9045	75.8654	15	10.5845	0.681663	0.528108	1.77034	97.2	0.803209	20.4254	29.4268	0.200001	6.48184	1.62047	6.90197
setup	0	2006-12-15 23:00:00	:ALL:	1	1.45605	49.9045	75.8654	15	10.5845	0.681663	0.528108	1.77034	521.2	1.18869	20.4254	29.4268	0.200001	6.48184	1.62047	6.90197
setup	0	2006-12-16 23:00:00	ANGA	1	1	0	0	1.5	0	0	0	1.5	424	0.385479	1	0	0	0	0	0
setup	0	2006-12-16 23:00:00	BUAF	1	0.456052	49.9042	75.8658	15	10.5845	0.681666	0.528108	1.77034	97.2	0.811283	20.4254	29.4268	0.200001	6.48222	1.62057	6.90238
setup	0	2006-12-16 23:00:00	:ALL:	1	1.45605	49.9042	75.8658	15	10.5845	0.681666	0.528108	1.77034	521.2	1.19676	20.4254	29.4268	0.200001	6.48222	1.62057	6.90238
setup	0	2006-12-17 23:00:00	ANGA	1	1	0	0	1.5	0	0	0	1.5	424	0.385479	1	0	0	0	0	0
setup	0	2006-12-17 23:00:00	BUAF	1	0.45605	49.9039	75.867	15	10.5845	0.681676	0.528108	1.77037	97.2	0.819019	20.4254	29.4268	0.200001	6.48271	1.62069	6.90289
setup	0	2006-12-17 23:00:00	:ALL:	1	1.45605	49.9039	75.867	15	10.5845	0.681676	0.528108	1.77037	521.2	1.2045	20.4254	29.4268	0.200001	6.48271	1.62069	6.90289
setup	0	2006-12-18 23:00:00	ANGA	1	1	0	0	1.5	0	0	0	1.5	424	0.385479	1	0	0	0	0	0
setup	0	2006-12-18 23:00:00	BUAF	1	0.456047	49.9037	75.8677	15	10.5845	0.681676	0.528108	1.77039	97.2	0.826404	20.4254	29.4268	0.200001	6.48313	1.6208	6.90334
setup	0	2006-12-18 23:00:00	:ALL:	1	1.45605	49.9037	75.8677	15	10.5845	0.681676	0.528108	1.77039	521.2	1.21188	20.4254	29.4268	0.200001	6.48313	1.6208	6.90334
setup	0	2006-12-19 23:00:00	ANGA	1	1	0	0	1.5	0	0	0	1.5	424	0.385479	1	0	0	0	0	0
setup	0	2006-12-19 23:00:00	BUAF	1	0.456045	49.9034	75.8689	15	10.5845	0.681676	0.528108	1.77042	97.2	0.833428	20.4254	29.4268	0.200001	6.48361	1.62092	6.90386
setup	0	2006-12-19 23:00:00	:ALL:	1	1.45604	49.9034	75.8689	15	10.5845	0.681676	0.528108	1.77042	521.2	1.21891	20.4254	29.4268	0.200001	6.48361	1.62092	6.90386
setup	0	2006-12-20 23:00:00	ANGA	1	1	0	0	1.5	0	0	0	1.5	424	0.385479	1	0	0	0	0	0
setup	0	2006-12-20 23:00:00	BUAF	1	0.456042	49.9031	75.8706	15	10.5845	0.681676	0.528108	1.77046	97.2	0.840081	20.4254	29.4268	0.200001	6.48415	1.62105	6.90443
setup	0	2006-12-20 23:00:00	:ALL:	1	1.45604	49.9031	75.8706	15	10.5845	0.681676	0.528108	1.77046	521.2	1.22556	20.4254	29.4268	0.200001	6.48415	1.62105	6.90443
setup	0	2006-12-21 23:00:00	ANGA	1	1	0	0	1.5	0	0	0	1.5	424	0.385479	1	0	0	0	0	0
setup	0	2006-12-21 23:00:00	BUAF	1	0.45604	49.9028	75.873	15	10.5845	0.681676	0.528108	1.77051	97.2	0.846353	20.4254	29.4268	0.200001	6.48478	1.62121	6.9051
setup	0	2006-12-21 23:00:00	:ALL:	1	1.45604	49.9028	75.873	15	10.5845	0.681676	0.528108	1.77051	521.2	1.23183	20.4254	29.4268	0.200001	6.48478	1.62121	6.9051
setup	0	2006-12-22 23:00:00	ANGA	1	1	0	0	1.5	0	0	0	1.5	424	0.385479	1	0	0	0	0	0
setup	0	2006-12-22 23:00:00	BUAF	1	0.456037	49.9026	75.8749	15	10.5845	0.681676	0.528108	1.77056	97.2	0.852234	20.4254	29.4268	0.200001	6.48534	1.62135	6.9057
setup	0	2006-12-22 23:00:00	:ALL:	1	1.45604	49.9026	75.8749	15	10.5845	0.681676	0.528108	1.77056	521.2	1.23771	20.4254	29.4268	0.200001	6.48534	1.62135	6.9057
setup	0	2006-12-23 23:00:00	ANGA	1	1	0	0	1.5	0	0	0	1.5	424	0.385479	1	0	0	0	0	0
setup	0	2006-12-23 23:00:00	BUAF	1	0.456035	49.9023	75.8752	15	10.5845	0.681676	0.528108	1.77056	97.2	0.857716	20.4254	29.4268	0.200001	6.4857	1.62144	6.90608
setup	0	2006-12-23 23:00:00	:ALL:	1	1.45603	49.9023	75.8752	15	10.5845	0.681676	0.528108	1.77056	521.2	1.2432	20.4254	29.4268	0.200001	6.4857	1.62144	6.90608
setup	0	2006-12-24 23:00:00	ANGA	1	1	0	0	1.5	0	0	0	1.5	424	0.385479	1	0	0	0	0	0
setup	0	2006-12-24 23:00:00	BUAF	1	0.456032	49.902	75.8771	15	10.5845	0.681676	0.528108	1.77056	97.2	0.862791	20.4254	29.4268	0.200001	6.48626	1.62158	6.90668
setup	0	2006-12-24 23:00:00	:ALL:	1	1.45603	49.902	75.8771	15	10.5845	0.681676	0.528108	1.77056	521.2	1.24827	20.4254	29.4268	0.200001	6.48626	1.62158	6.90668
setup	0	2006-12-25 23:00:00	ANGA	1	1	0	0	1.5	0	0	0	1.5	424	0.385479	1	0	0	0	0	0
setup	0	2006-12-25 23:00:00	BUAF	1	0.45603	49.9017	75.876	15	10.5845	0.681676	0.528108	1.77056	97.2	0.86745	20.4254	29.4268	0.200001	6.48647	1.62163	6.9069
setup	0	2006-12-25 23:00:00	:ALL:	1	1.45603	49.9017	75.876	15	10.5845	0.681676	0.528108	1.77056	521.2	1.25293	20.4254	29.4268	0.200001	6.48647	1.62163	6.9069
setup	0	2006-12-26 23:00:00	ANGA	1	1	0	0	1.5	0	0	0	1.5	424	0.385479	1	0	0	0	0	0
setup	0	2006-12-26 23:00:00	BUAF	1	0.456027	49.9015	75.8783	15	10.5845	0.681676	0.528108	1.77056	97.2	0.871688	20.4254	29.4268	0.200001	6.48708	1.62178	6.90755
setup	0	2006-12-26 23:00:00	:ALL:	1	1.45603	49.9015	75.8783	15	10.5845	0.681676	0.528108	1.77056	521.2	1.25717	20.4254	29.4268	0.200001	6.48708	1.62178	6.90755
setup	0	2006-12-27 23:00:00	ANGA	1	1	0	0	1.5	0	0	0	1.5	424	0.385479	1	0	0	0	0	0
setup	0	2006-12-27 23:00:00	BUAF	1	0.456025	49.9012	75.8821	15	10.5845	0.681676	0.528108	1.77056	97.2	0.875497	20.4254	29.4268	0.200001	6.48789	1.62199	6.90841
setup	0	2006-12-27 23:00:00	:ALL:	1	1.45602	49.9012	75.8821	15	10.5845	0.681676	0.528108	1.77056	521.2	1.26098	20.4254	29.4268	0.200001	6.48789	1.62199	6.90841
setup	0	2006-12-28 23:00:00	ANGA	1	1	0	0	1.5	0	0	0	1.5	424	0.385479	1	0	0	0	0	0
setup	0	2006-12-28 23:00:00	BUAF	1	0.456022	49.9009	75.881	15	10.5845	0.681676	0.528108	1.77056	97.2	0.878871	20.4254	29.4268	0.200001	6.48811	1.62204	6.90864
setup	0	2006-12-28 23:00:00	:ALL:	1	1.45602	49.9009	75.881	15	10.5845	0.681676	0.528108	1.77056	521.2	1.26435	20.4254	29.4268	0.200001	6.48811	1.62204	6.90864
setup	0	2006-12-29 23:00:00	ANGA	1	1	0	0	1.5	0	0	0	1.5	424	0.385479	1	0	0	0	0	0
setup	0	2006-12-29 23:00:00	BUAF	1	0.45602	49.9006	75.8845	15	10.5845	0.681676	0.528108	1.77056	97.2	0.881807	20.4254	29.4268	0.200001	6.48887	1.62223	6.90946
setup	0	2006-12-29 23:00:00	:ALL:	1	1.45602	49.9006	75.8845	15	10.5845	0.681676	0.528108	1.77056	521.2	1.26729	20.4254	29.4268	0.200001	6.48887	1.62223	6.90946
setup	0	2006-12-30 23:00:00	ANGA	1	1	0	0	1.5	0	0	0	1.5	424	0.385479	1	0	0	0	0	0
setup	0	2006-12-30 23:00:00	BUAF	1	0.456017	49.9004	75.8861	15	10.5845	0.681676	0.528108	1.77056	97.2	0.884298	20.4254	29.4268	0.200001	6.48942	1.62237	6.91005
setup	0	2006-12-30 23:00:00	:ALL:	1	1.45602	49.9004	75.8861	15	10.5845	0.681676	0.528108	1.77056	521.2	1.26978	20.4254	29.4268	0.200001	6.48942	1.62237	6.91005
setup	0	2006-12-31 23:00:00	ANGA	1	1	0	0	1.5	0	0	0	1.5	424	0.385479	1	0	0	0	0	0
setup	0	2006-12-31 23:00:00	BUAF	1	0.456015	49.9001	75.8889	15	10.5845	0.681676	0.528108	1.77056	97.2	0.886342	20.4254	29.4268	0.200001	6.49013	1.62255	6.9108
setup	0	2006-12-31 23:00:00	:ALL:	1	1.45601	49.9001	75.8889	15	10.5845	0.681676	0.528108	1.77056	521.2	1.27182	20.4254	29.4268	0.200001	6.49013	1.62255	6.9108
setup	0	2007-01-01 23:00:00	ANGA	1	1	0	0	1.5	0	0	0	1.5	424	0.385479	1	0	0	0	0	0
setup	0	2007-01-01 23:00:00	BUAF	1	0.456012	49.8998	75.8946	15	10.5845	0.681676	0.528108	1.77056	97.2	0.887934	20.4254	73.746	0.200001	6.49116	1.62281	6.9119
setup	0	2007-01-01 23:00:00	:ALL:	1	1.45601	49.8998	75.8946	15	10.5845	0.681676	0.528108	1.77056	521.2	1.27341	20.4254	73.746	0.200001	6.49116	1.62281	6.9119
setup	0	2007-01-02 23:00:00	ANGA	1	1	0	0	1.5	0	0	0	1.5	424	0.385479	1	0	0	0	0	0
setup	0	2007-01-02 23:00:00	BUAF	1	0.45601	49.8996	75.9029	15	10.5845	0.681676	0.528108	1.77056	97.2	0.889074	20.4254	73.746	0.200001	6.49223	1.62307	6.91304
setup	0	2007-01-02 23:00:00	:ALL:	1	1.45601	49.8996	75.9029	15	10.5845	0.681676	0.528108	1.77056	521.2	1.27455	20.4254	73.746	0.200001	6.49223	1.62307	6.91304
setup	0	2007-01-03 23:00:00	ANGA	1	1	0	0	1.5	0	0	0	1.5	424	0.385479	1	0	0	0	0	0
setup	0	2007-01-03 23:00:00	BUAF	1	0.456007	49.8993	75.9105	15	10.5845	0.681676	0.528108	1.77056	97.2	0.889758	20.4254	73.746	0.200001	6.49324	1.62333	6.91411
setup	0	2007-01-03 23:00:00	:ALL:	1	1.45601	49.8993	75.9105	15	10.5845	0.681676	0.528108	1.77056	521.2	1.27524	20.4254	73.746	0.200001	6.49324	1.62333	6.91411
setup	0	2007-01-04 23:00:00	ANGA	1	1	0	0	1.5	0	0	0	1.5	424	0.385479	1	0	0	0	0	0
setup	0	2007-01-04 23:00:00	BUAF	1	0.456005	49.899	75.9127	15	10.5845	0.681676	0.528108	1.77056	97.2	0.889986	20.4254	73.746	0.200001	6.49371	1.62344	6.91461
setup	0	2007-01-04 23:00:00	:ALL:	1	1.456	49.899	75.9127	15	10.5845	0.681676	0.528108	1.77056	521.2	1.27547	20.4254	73.746	0.200001	6.49371	1.62344	6.91461
setup	0	2007-01-05 23:00:00	ANGA	1	1	0	0	1.5	0	0	0	1.5	424	0.385479	1	0	0	0	0	0
setup	0	2007-01-05 23:00:00	BUAF	1	0.456002	49.8987	75.9214	15	10.5845	0.681676	0.528108	1.77056	97.2	0.889986	20.4254	73.746	0.200001	6.49485	1.62373	6.91582
setup	0	2007-01-05 23:00:00	:ALL:	1	1.456	49.8987	75.9214	15	10.5845	0.681676	0.528108	1.77056	521.2	1.27547	20.4254	73.746	0.200001	6.49485	1.62373	6.91582
setup	0	2007-01-06 23:00:00	ANGA	1	1	0	0	1.5	0	0	0	1.5	424	0.385479	1	0	0	0	0	0
setup	0	2007-01-06 23:00:00	BUAF	1	0.456	49.8985	75.9307	15	10.5845	0.681676	0.528108	1.77056	97.2	0.889986	20.4254	73.746	0.200001	6.49604	1.62403	6.91709
setup	0	2007-01-06 23:00:00	:ALL:	1	1.456	49.8985	75.9307	15	10.5845	0.681676	0.528108	1.77056	521.2	1.27547	20.4254	73.746	0.200001	6.49604	1.62403	6.91709
setup	0	2007-01-07 23:00:00	ANGA	1	1	0	0	1.5	0	0	0	1.5	424	0.385479	1	0	0	0	0	0
setup	0	2007-01-07 23:00:00	BUAF	1	0.455997	49.8982	75.9409	15	10.5845	0.681676	0.528108	1.77056	97.2	0.889986	20.4254	73.746	0.200001	6.4973	1.62434	6.91844
setup	0	2007-01-07 23:00:00	:ALL:	1	1.456	49.8982	75.9409	15	10.5845	0.681676	0.528108	1.77056	521.2	1.27547	20.4254	73.746	0.200001	6.4973	1.62434	6.91844
setup	0	2007-01-08 23:00:00	ANGA	1	1	0	0	1.5	0	0	0	1.5	424	0.385479	1	0	0	0	0	0
setup	0	2007-01-08 23:00:00	BUAF	1	0.455995	49.8979	75.9513	15	10.5845	0.681676	0.528108	1.77056	97.2	0.889986	20.4254	73.746	0.200001	6.49859	1.62466	6.91981
setup	0	2007-01-08 23:00:00	:ALL:	1	1.45599	49.8979	75.9513	15	10.5845	0.681676	0.528108	1.77056	521.2	1.27547	20.4254	73.746	0.200001	6.49859	1.62466	6.91981
setup	0	2007-01-09 23:00:00	ANGA	1	1	0	0	1.5	0	0	0	1.5	424	0.385479	1	0	0	0	0	0
setup	0	2007-01-09 23:00:00	BUAF	1	0.455992	49.8976	75.9617	15	10.5845	0.681676	0.528108	1.77056	97.2	0.889986	20.4254	73.746	0.200001	6.49985	1.62498	6.92115
setup	0	2007-01-09 23:00:00	:ALL:	1	1.45599	49.8976	75.9617	15	10.5845	0.681676	0.528108	1.77056	521.2	1.27547	20.4254	73.746	0.200001	6.49985	1.62498	6.92115
setup	0	2007-01-10 23:00:00	ANGA	1	1	0	0	1.5	0	0	0	1.5	424	0.385479	1	0	0	0	0	0
setup	0	2007-01-10 23:00:00	BUAF	1	0.45599	49.8974	75.9722	15	10.5845	0.681676	0.528108	1.77056	97.2	0.889986	20.4254	73.746	0.200001	6.50112	1.6253	6.92251
setup	0	2007-01-10 23:00:00	:ALL:	1	1.45599	49.8974	75.9722	15	10.5845	0.681676	0.528108	1.77056	521.2	1.27547	20.4254	73.746	0.200001	6.50112	1.6253	6.92251
setup	0	2007-01-11 23:00:00	ANGA	1	1	0	0	1.5	0	0	0	1.5	424	0.385479	1	0	0	0	0	0
setup	0	2007-01-11 23:00:00	BUAF	1	0.455987	49.8971	75.9825	15	10.5845	0.681676	0.528108	1.77056	97.2	0.889986	20.4254	73.746	0.200001	6.50236	1.6256	6.92382
setup	0	2007-01-11 23:00:00	:ALL:	1	1.45599	49.8971	75.9825	15	10.5845	0.681676	0.528108	1.77056	521.2	1.27547	20.4254	73.746	0.200001	6.50236	1.6256	6.92382
setup	0	2007-01-12 23:00:00	ANGA	1	1	0	0	1.5	0	0	0	1.5	424	0.385479	1	0	0	0	0	0
setup	0	2007-01-12 23:00:00	BUAF	1	0.455985	49.8968	75.9931	15	10.5845	0.681676	0.528108	1.77056	97.2	0.889986	20.4254	73.746	0.200001	6.5036	1.62592	6.92515
setup	0	2007-01-12 23:00:00	:ALL:	1	1.45598	49.8968	75.9931	15	10.5845	0.681676	0.528108	1.77056	521.2	1.27547	20.4254	73.746	0.200001	6.5036	1.62592	6.92515
setup	0	2007-01-13 23:00:00	ANGA	1	1	0	0	1.5	0	0	0	1.5	424	0.385479	1	0	0	0	0	0
setup	0	2007-01-13 23:00:00	BUAF	1	0.455982	49.8965	76.0031	15	10.5845	0.681676	0.528108	1.77056	97.2	0.889986	20.4254	73.746	0.200001	6.50479	1.62621	6.92641
setup	0	2007-01-13 23:00:00	:ALL:	1	1.45598	49.8965	76.0031	15	10.5845	0.681676	0.528108	1.77056	521.2	1.27547	20.4254	73.746	0.200001	6.50479	1.62621	6.92641
setup	0	2007-01-14 23:00:00	ANGA	1	1	0	0	1.5	0	0	0	1.5	424	0.385479	1	0	0	0	0	0
setup	0	2007-01-14 23:00:00	BUAF	1	0.45598	49.8963	76.0132	15	10.5845	0.681676	0.528108	1.77056	97.2	0.889986	20.4254	73.746	0.200001	6.50598	1.62651	6.92768
setup	0	2007-01-14 23:00:00	:ALL:	1	1.45598	49.8963	76.0132	15	10.5845	0.681676	0.528108	1.77056	521.2	1.27547	20.4254	73.746	0.200001	6.50598	1.62651	6.92768
setup	0	2007-01-15 23:00:00	ANGA	1	1	0	0	1.5	0	0	0	1.5	424	0.385479	1	0	0	0	0	0
setup	0	2007-01-15 23:00:00	BUAF	1	0.455977	49.896	76.0244	15	10.5845	0.681676	0.528108	1.77056	97.2	0.889986	20.4254	73.746	0.200001	6.50726	1.62683	6.92904
setup	0	2007-01-15 23:00:00	:ALL:	1	1.45598	49.896	76.0244	15	10.5845	0.681676	0.528108	1.77056	521.2	1.27547	20.4254	73.746	0.200001	6.50726	1.62683	6.92904
setup	0	2007-01-16 23:00:00	ANGA	1	1	0	0	1.5	0	0	0	1.5	424	0.385479	1	0	0	0	0	0
setup	0	2007-01-16 23:00:00	BUAF	1	0.455975	49.8957	76.0356	15	10.5845	0.681676	0.528108	1.77056	97.2	0.889986	20.4254	73.746	0.200001	6.50854	1.62715	6.9304
setup	0	2007-01-16 23:00:00	:ALL:	1	1.45597	49.8957	76.0356	15	10.5845	0.681676	0.528108	1.77056	521.2	1.27547	20.4254	73.746	0.200001	6.50854	1.62715	6.9304
setup	0	2007-01-17 23:00:00	ANGA	1	1	0	0	1.5	0	0	0	1.5	424	0.385479	1	0	0	0	0	0
setup	0	2007-01-17 23:00:00	BUAF	1	0.455972	49.8955	76.0471	15	10.5845	0.681676	0.528108	1.77056	97.2	0.889803	20.4254	73.746	0.200001	6.50984	1.62747	6.93178
setup	0	2007-01-17 23:00:00	:ALL:	1	1.45597	49.8955	76.0471	15	10.5845	0.681676	0.528108	1.77056	521.2	1.27528	20.4254	73.746	0.200001	6.50984	1.62747	6.93178
setup	0	2007-01-18 23:00:00	ANGA	1	1	0	0	1.5	0	0	0	1.5	424	0.385479	1	0	0	0	0	0
setup	0	2007-01-18 23:00:00	BUAF	1	0.45597	49.8952	76.0584	15	10.5845	0.681676	0.528108	1.77056	97.2	0.889608	20.4254	73.746	0.200001	6.51111	1.62779	6.93314
setup	0	2007-01-18 23:00:00	:ALL:	1	1.45597	49.8952	76.0584	15	10.5845	0.681676	0.528108	1.77056	521.2	1.27509	20.4254	73.746	0.200001	6.51111	1.62779	6.93314
setup	0	2007-01-19 23:00:00	ANGA	1	1	0	0	1.5	0	0	0	1.5	424	0.385479	1	0	0	0	0	0
setup	0	2007-01-19 23:00:00	BUAF	1	0.455967	49.8949	76.0696	15	10.5845	0.681676	0.528108	1.77056	97.2	0.889401	20.4254	73.746	0.200001	6.51237	1.62811	6.93448
setup	0	2007-01-19 23:00:00	:ALL:	1	1.45597	49.8949	76.0696	15	10.5845	0.681676	0.528108	1.77056	521.2	1.27488	20.4254	73.746	0.200001	6.51237	1.62811	6.93448
setup	0	2007-01-20 23:00:00	ANGA	1	1	0	0	1.5	0	0	0	1.5	424	0.385479	1	0	0	0	0	0
setup	0	2007-01-20 23:00:00	BUAF	1	0.455965	49.8946	76.0804	15	10.5845	0.681676	0.528108	1.77056	97.2	0.889183	20.4254	73.746	0.200001	6.51357	1.62841	6.93576
setup	0	2007-01-20 23:00:00	:ALL:	1	1.45596	49.8946	76.0804	15	10.5845	0.681676	0.528108	1.77056	521.2	1.27466	20.4254	73.746	0.200001	6.51357	1.62841	6.93576
setup	0	2007-01-21 23:00:00	ANGA	1	1	0	0	1.5	0	0	0	1.5	424	0.385479	1	0	0	0	0	0
setup	0	2007-01-21 23:00:00	BUAF	1	0.455962	49.8944	76.0922	15	10.5845	0.681676	0.528108	1.77056	97.2	0.888952	20.4254	73.746	0.200001	6.51486	1.62873	6.93714
setup	0	2007-01-21 23:00:00	:ALL:	1	1.45596	49.8944	76.0922	15	10.5845	0.681676	0.528108	1.77056	521.2	1.27443	20.4254	73.746	0.200001	6.51486	1.62873	6.93714
setup	0	2007-01-22 23:00:00	ANGA	1	1	0	0	1.5	0	0	0	1.5	424	0.385479	1	0	0	0	0	0
setup	0	2007-01-22 23:00:00	BUAF	1	0.45596	49.8941	76.1043	15	10.5845	0.681676	0.528108	1.77056	97.2	0.888707	20.4254	73.746	0.200001	6.51617	1.62906	6.93853
setup	0	2007-01-22 23:00:00	:ALL:	1	1.45596	49.8941	76.1043	15	10.5845	0.681676	0.528108	1.77056	521.2	1.27419	20.4254	73.746	0.200001	6.51617	1.62906	6.93853
setup	0	2007-01-23 23:00:00	ANGA	1	1	0	0	1.5	0	0	0	1.5	424	0.385479	1	0	0	0	0	0
setup	0	2007-01-23 23:00:00	BUAF	1	0.455957	49.8938	76.1171	15	10.5845	0.681676	0.528108	1.77056	97.2	0.888448	20.4254	73.746	0.200001	6.51755	1.6294	6.94
setup	0	2007-01-23 23:00:00	:ALL:	1	1.45596	49.8938	76.1171	15	10.5845	0.681676	0.528108	1.77056	521.2	1.27393	20.4254	73.746	0.200001	6.51755	1.6294	6.94
setup	0	2007-01-24 23:00:00	ANGA	1	1	0	0	1.5	0	0	0	1.5	424	0.385479	1	0	0	0	0	0
setup	0	2007-01-24 23:00:00	BUAF	1	0.455955	49.8935	76.1307	15	10.5845	0.681676	0.528108	1.77056	97.2	0.888174	20.4254	73.746	0.200001	6.519	1.62976	6.94154
setup	0	2007-01-24 23:00:00	:ALL:	1	1.45595	49.8935	76.1307	15	10.5845	0.681676	0.528108	1.77056	521.2	1.27365	20.4254	73.746	0.200001	6.519	1.62976	6.94154
setup	0	2007-01-25 23:00:00	ANGA	1	1	0	0	1.5	0	0	0	1.5	424	0.385479	1	0	0	0	0	0
setup	0	2007-01-25 23:00:00	BUAF	1	0.455952	49.8933	76.1438	15	10.5845	0.681676	0.528108	1.77056	97.2	0.887884	20.4254	73.746	0.200001	6.52039	1.63011	6.94302
setup	0	2007-01-25 23:00:00	:ALL:	1	1.45595	49.8933	76.1438	15	10.5845	0.681676	0.528108	1.77056	521.2	1.27336	20.4254	73.746	0.200001	6.52039	1.63011	6.94302
setup	0	2007-01-26 23:00:00	ANGA	1	1	0	0	1.5	0	0	0	1.5	424	0.385479	1	0	0	0	0	0
setup	0	2007-01-26 23:00:00	BUAF	1	0.45595	49.893	76.1562	15	10.5845	0.681676	0.528108	1.77056	97.2	0.887578	20.4254	73.746	0.200001	6.52171	1.63044	6.94442
setup	0	2007-01-26 23:00:00	:ALL:	1	1.45595	49.893	76.1562	15	10.5845	0.681676	0.528108	1.77056	521.2	1.27306	20.4254	73.746	0.200001	6.52171	1.63044	6.94442
setup	0	2007-01-27 23:00:00	ANGA	1	1	0	0	1.5	0	0	0	1.5	424	0.385479	1	0	0	0	0	0
setup	0	2007-01-27 23:00:00	BUAF	1	0.455947	49.8927	76.1686	15	10.5845	0.681676	0.528108	1.77056	97.2	0.887255	20.4254	73.746	0.200001	6.52302	1.63077	6.94582
setup	0	2007-01-27 23:00:00	:ALL:	1	1.45595	49.8927	76.1686	15	10.5845	0.681676	0.528108	1.77056	521.2	1.27273	20.4254	73.746	0.200001	6.52302	1.63077	6.94582
setup	0	2007-01-28 23:00:00	ANGA	1	1	0	0	1.5	0	0	0	1.5	424	0.385265	1	0	0	0	0	0
setup	0	2007-01-28 23:00:00	BUAF	1	0.455945	49.8924	76.1819	15	10.5845	0.681676	0.528108	1.77056	97.2	0.886914	20.4254	73.746	0.200001	6.52441	1.63112	6.9473
setup	0	2007-01-28 23:00:00	:ALL:	1	1.45594	49.8924	76.1819	15	10.5845	0.681676	0.528108	1.77056	521.2	1.27218	20.4254	73.746	0.200001	6.52441	1.63112	6.9473
setup	0	2007-01-29 23:00:00	ANGA	1	1	0	0	1.5	0	0	0	1.5	424	0.385016	1	0	0	0	0	0
setup	0	2007-01-29 23:00:00	BUAF	1	0.455942	49.8922	76.1953	15	10.5845	0.681676	0.528108	1.77056	97.2	0.886554	20.4254	73.746	0.200001	6.52579	1.63146	6.94877
setup	0	2007-01-29 23:00:00	:ALL:	1	1.45594	49.8922	76.1953	15	10.5845	0.681676	0.528108	1.77056	521.2	1.27157	20.4254	73.746	0.200001	6.52579	1.63146	6.94877
setup	0	2007-01-30 23:00:00	ANGA	1	1	0	0	1.5	0	0	0	1.5	424	0.384729	1	0	0	0	0	0
setup	0	2007-01-30 23:00:00	BUAF	1	0.45594	49.8919	76.2063	15	10.5845	0.681676	0.528108	1.77056	97.2	0.886174	20.4254	73.746	0.200001	6.52695	1.63175	6.95001
setup	0	2007-01-30 23:00:00	:ALL:	1	1.45594	49.8919	76.2063	15	10.5845	0.681676	0.528108	1.77056	521.2	1.2709	20.4254	73.746	0.200001	6.52695	1.63175	6.95001
setup	0	2007-01-31 23:00:00	ANGA	1	1	0	0	1.5	0	0	0	1.5	424	0.384397	1	0	0	0	0	0
setup	0	2007-01-31 23:00:00	BUAF	1	0.455938	49.8916	76.2184	15	10.5845	0.681676	0.528108	1.77056	97.2	0.885774	20.4254	73.746	0.200001	6.52821	1.63207	6.95134
setup	0	2007-01-31 23:00:00	:ALL:	1	1.45594	49.8916	76.2184	15	10.5845	0.681676	0.528108	1.77056	521.2	1.27017	20.4254	73.746	0.200001	6.52821	1.63207	6.95134
setup	0	2007-02-01 23:00:00	ANGA	1	1	0	0	1.5	0	0	0	1.5	424	0.384015	1	0	0	0	0	0
setup	0	2007-02-01 23:00:00	BUAF	1	0.455935	49.8914	76.231	15	10.5845	0.681676	0.528108	1.77056	97.2	0.885352	20.4254	73.746	0.200001	6.5295	1.63239	6.95272
setup	0	2007-02-01 23:00:00	:ALL:	1	1.45594	49.8914	76.231	15	10.5845	0.681676	0.528108	1.77056	521.2	1.26937	20.4254	73.746	0.200001	6.5295	1.63239	6.95272
setup	0	2007-02-02 23:00:00	ANGA	1	1	0	0	1.5	0	0	0	1.5	424	0.383577	1	0	0	0	0	0
setup	0	2007-02-02 23:00:00	BUAF	1	0.455933	49.8911	76.2441	15	10.5845	0.681676	0.528108	1.77056	97.2	0.884907	20.4254	73.746	0.200001	6.53084	1.63273	6.95415
setup	0	2007-02-02 23:00:00	:ALL:	1	1.45593	49.8911	76.2441	15	10.5845	0.681676	0.528108	1.77056	521.2	1.26848	20.4254	73.746	0.200001	6.53084	1.63273	6.95415
setup	0	2007-02-03 23:00:00	ANGA	1	1	0	0	1.5	0	0	0	1.5	424	0.383076	1	0	0	0	0	0
setup	0	2007-02-03 23:00:00	BUAF	1	0.45593	49.8908	76.2571	15	10.5845	0.681676	0.528108	1.77056	97.2	0.884438	20.4254	73.746	0.200001	6.53217	1.63306	6.95557
setup	0	2007-02-03 23:00:00	:ALL:	1	1.45593	49.8908	76.2571	15	10.5845	0.681676	0.528108	1.77056	521.2	1.26751	20.4254	73.746	0.200001	6.53217	1.63306	6.95557
setup	0	2007-02-04 23:00:00	ANGA	1	1	0	0	1.5	0	0	0	1.5	424	0.382504	1	0	0	0	0	0
setup	0	2007-02-04 23:00:00	BUAF	1	0.455928	49.8905	76.2705	15	10.5845	0.681676	0.528108	1.77056	97.2	0.883945	20.4254	73.746	0.200001	6.53352	1.6334	6.95701
setup	0	2007-02-04 23:00:00	:ALL:	1	1.45593	49.8905	76.2705	15	10.5845	0.681676	0.528108	1.77056	521.2	1.26645	20.4254	73.746	0.200001	6.53352	1.6334	6.95701
setup	0	2007-02-05 23:00:00	ANGA	1	1	0	0	1.5	0	0	0	1.5	424	0.381852	1	0	0	0	0	0
setup	0	2007-02-05 23:00:00	BUAF	1	0.455925	49.8903	76.2835	15	10.5845	0.681676	0.528108	1.77056	97.2	0.883426	20.4254	73.746	0.200001	6.53485	1.63373	6.95841
setup	0	2007-02-05 23:00:00	:ALL:	1	1.45593	49.8903	76.2835	15	10.5845	0.681676	0.528108	1.77056	521.2	1.26528	20.4254	73.746	0.200001	6.53485	1.63373	6.95841
setup	0	2007-02-06 23:00:00	ANGA	1	1	0	0	1.5	0	0	0	1.5	424	0.381112	1	0	0	0	0	0
setup	0	2007-02-06 23:00:00	BUAF	1	0.455923	49.89	76.2963	15	10.5845	0.681676	0.528108	1.77056	97.2	0.882879	20.4254	73.746	0.200001	6.53614	1.63405	6.95979
setup	0	2007-02-06 23:00:00	:ALL:	1	1.45592	49.89	76.2963	15	10.5845	0.681676	0.528108	1.77056	521.2	1.26399	20.4254	73.746	0.200001	6.53614	1.63405	6.95979
setup	0	2007-02-07 23:00:00	ANGA	1	1	0	0	1.5	0	0	0	1.5	424	0.380274	1	0	0	0	0	0
setup	0	2007-02-07 23:00:00	BUAF	1	0.45592	49.8897	76.3091	15	10.5845	0.681676	0.528108	1.77056	97.2	0.882305	20.4254	73.746	0.200001	6.53743	1.63437	6.96116
setup	0	2007-02-07 23:00:00	:ALL:	1	1.45592	49.8897	76.3091	15	10.5845	0.681676	0.528108	1.77056	521.2	1.26258	20.4254	73.746	0.200001	6.53743	1.63437	6.96116
setup	0	2007-02-08 23:00:00	ANGA	1	1	0	0	1.5	0	0	0	1.5	424	0.379326	1	0	0	0	0	0
setup	0	2007-02-08 23:00:00	BUAF	1	0.455918	49.8894	76.3227	15	10.5845	0.681676	0.528108	1.77056	97.2	0.881701	20.4254	73.746	0.200001	6.53878	1.63471	6.9626
setup	0	2007-02-08 23:00:00	:ALL:	1	1.45592	49.8894	76.3227	15	10.5845	0.681676	0.528108	1.77056	521.2	1.26103	20.4254	73.746	0.200001	6.53878	1.63471	6.9626
setup	0	2007-02-09 23:00:00	ANGA	1	1	0	0	1.5	0	0	0	1.5	424	0.378259	1	0	0	0	0	0
setup	0	2007-02-09 23:00:00	BUAF	1	0.455915	49.8892	76.3357	15	10.5845	0.681676	0.528108	1.77056	97.2	0.881067	20.4254	73.746	0.200001	6.54008	1.63504	6.96399
setup	0	2007-02-09 23:00:00	:ALL:	1	1.45592	49.8892	76.3357	15	10.5845	0.681676	0.528108	1.77056	521.2	1.25933	20.4254	73.746	0.200001	6.54008	1.63504	6.96399
setup	0	2007-02-10 23:00:00	ANGA	1	1	0	0	1.5	0	0	0	1.5	424	0.37706	1	0	0	0	0	0
setup	0	2007-02-10 23:00:00	BUAF	1	0.455913	49.8889	76.3486	15	10.5845	0.681676	0.528108	1.77056	97.2	0.8804	20.4254	73.746	0.200001	6.54137	1.63536	6.96536
setup	0	2007-02-10 23:00:00	:ALL:	1	1.45591	49.8889	76.3486	15	10.5845	0.681676	0.528108	1.77056	521.2	1.25746	20.4254	73.746	0.200001	6.54137	1.63536	6.96536
setup	0	2007-02-11 23:00:00	ANGA	1	1	0	0	1.5	0	0	0	1.5	424	0.375716	1	0	0	0	0	0
setup	0	2007-02-11 23:00:00	BUAF	1	0.45591	49.8886	76.3621	15	10.5845	0.681676	0.528108	1.77056	97.2	0.8797	20.4254	73.746	0.200001	6.5427	1.63569	6.96678
setup	0	2007-02-11 23:00:00	:ALL:	1	1.45591	49.8886	76.3621	15	10.5845	0.681676	0.528108	1.77056	521.2	1.25542	20.4254	73.746	0.200001	6.5427	1.63569	6.96678
setup	0	2007-02-12 23:00:00	ANGA	1	1	0	0	1.5	0	0	0	1.5	424	0.374214	1	0	0	0	0	0
setup	0	2007-02-12 23:00:00	BUAF	1	0.455908	49.8883	76.3758	15	10.5845	0.681676	0.528108	1.77056	97.2	0.878966	20.4254	73.746	0.200001	6.54405	1.63603	6.96822
setup	0	2007-02-12 23:00:00	:ALL:	1	1.45591	49.8883	76.3758	15	10.5845	0.681676	0.528108	1.77056	521.2	1.25318	20.4254	73.746	0.200001	6.54405	1.63603	6.96822
setup	0	2007-02-13 23:00:00	ANGA	1	1	0	0	1.5	0	0	0	1.5	424	0.372539	1	0	0	0	0	0
setup	0	2007-02-13 23:00:00	BUAF	1	0.455905	49.8881	76.3891	15	10.5845	0.681676	0.528108	1.77056	97.2	0.878195	20.4254	73.746	0.200001	6.54537	1.63636	6.96962
setup	0	2007-02-13 23:00:00	:ALL:	1	1.45591	49.8881	76.3891	15	10.5845	0.681676	0.528108	1.77056	521.2	1.25073	20.4254	73.746	0.200001	6.54537	1.63636	6.96962
setup	0	2007-02-14 23:00:00	ANGA	1	1	0	0	1.5	0	0	0	1.5	424	0.370677	1	0	0	0	0	0
setup	0	2007-02-14 23:00:00	BUAF	1	0.455903	49.8878	76.402	15	10.5845	0.681676	0.528108	1.77056	97.2	0.877387	20.4254	73.746	0.200001	6.54663	1.63667	6.97096
setup	0	2007-02-14 23:00:00	:ALL:	1	1.4559	49.8878	76.402	15	10.5845	0.681676	0.528108	1.77056	521.2	1.24806	20.4254	73.746	0.200001	6.54663	1.63667	6.97096
setup	0	2007-02-15 23:00:00	ANGA	1	1	0	0	1.5	0	0	0	1.5	424	0.368612	1	0	0	0	0	0
setup	0	2007-02-15 23:00:00	BUAF	1	0.4559	49.8875	76.4154	15	10.5845	0.681676	0.528108	1.77056	97.2	0.87654	20.4254	73.746	0.200001	6.54795	1.637	6.97237
setup	0	2007-02-15 23:00:00	:ALL:	1	1.4559	49.8875	76.4154	15	10.5845	0.681676	0.528108	1.77056	521.2	1.24515	20.4254	73.746	0.200001	6.54795	1.637	6.97237
setup	0	2007-02-16 23:00:00	ANGA	1	1	0	0	1.5	0	0	0	1.5	424	0.366329	1	0	0	0	0	0
setup	0	2007-02-16 23:00:00	BUAF	1	0.455898	49.8873	76.4281	15	10.5845	0.681676	0.528108	1.77056	97.2	0.875652	20.4254	73.746	0.200001	6.5492	1.63731	6.97369
setup	0	2007-02-16 23:00:00	:ALL:	1	1.4559	49.8873	76.4281	15	10.5845	0.681676	0.528108	1.77056	521.2	1.24198	20.4254	73.746	0.200001	6.5492	1.63731	6.97369
setup	0	2007-02-17 23:00:00	ANGA	1	1	0	0	1.5	0	0	0	1.5	424	0.363812	1	0	0	0	0	0
setup	0	2007-02-17 23:00:00	BUAF	1	0.455895	49.887	76.4419	15	10.5845	0.681676	0.528108	1.77056	97.2	0.874722	20.4254	73.746	0.200001	6.55054	1.63765	6.97513
setup	0	2007-02-17 23:00:00	:ALL:	1	1.4559	49.887	76.4419	15	10.5845	0.681676	0.528108	1.77056	521.2	1.23853	20.4254	73.746	0.200001	6.55054	1.63765	6.97513
setup	0	2007-02-18 23:00:00	ANGA	1	1	0	0	1.5	0	0	0	1.5	424	0.361044	1	0	0	0	0	0
setup	0	2007-02-18 23:00:00	BUAF	1	0.455893	49.8867	76.4546	15	10.5845	0.681676	0.528108	1.77056	97.2	0.873748	20.4254	73.746	0.200001	6.55178	1.63796	6.97645
setup	0	2007-02-18 23:00:00	:ALL:	1	1.45589	49.8867	76.4546	15	10.5845	0.681676	0.528108	1.77056	521.2	1.23479	20.4254	73.746	0.200001	6.55178	1.63796	6.97645
setup	0	2007-02-19 23:00:00	ANGA	1	1	0	0	1.5	0	0	0	1.5	424	0.358009	1	0	0	0	0	0
setup	0	2007-02-19 23:00:00	BUAF	1	0.45589	49.8864	76.4667	15	10.5845	0.681676	0.528108	1.77056	97.2	0.87273	20.4254	73.746	0.200001	6.55296	1.63825	6.9777
setup	0	2007-02-19 23:00:00	:ALL:	1	1.45589	49.8864	76.4667	15	10.5845	0.681676	0.528108	1.77056	521.2	1.23074	20.4254	73.746	0.200001	6.55296	1.63825	6.9777
setup	0	2007-02-20 23:00:00	ANGA	1	1	0	0	1.5	0	0	0	1.5	424	0.35469	1	0	0	0	0	0
setup	0	2007-02-20 23:00:00	BUAF	1	0.455888	49.8862	76.4764	15	10.5845	0.681676	0.528108	1.77056	97.2	0.871663	20.4254	73.746	0.200001	6.55391	1.63849	6.97872
setup	0	2007-02-20 23:00:00	:ALL:	1	1.45589	49.8862	76.4764	15	10.5845	0.681676	0.528108	1.77056	521.2	1.22635	20.4254	73.746	0.200001	6.55391	1.63849	6.97872
setup	0	2007-02-21 23:00:00	ANGA	1	1	0	0	1.5	0	0	0	1.5	424	0.35107	1	0	0	0	0	0
setup	0	2007-02-21 23:00:00	BUAF	1	0.455885	49.8859	76.4843	15	10.5845	0.681676	0.528108	1.77056	97.2	0.870549	20.4254	73.746	0.200001	6.55469	1.63869	6.97954
setup	0	2007-02-21 23:00:00	:ALL:	1	1.45589	49.8859	76.4843	15	10.5845	0.681676	0.528108	1.77056	521.2	1.22162	20.4254	73.746	0.200001	6.55469	1.63869	6.97954
setup	0	2007-02-22 23:00:00	ANGA	1	1	0	0	1.5	0	0	0	1.5	424	0.347135	1	0	0	0	0	0
setup	0	2007-02-22 23:00:00	BUAF	1	0.455883	49.8856	76.4906	15	10.5845	0.681676	0.528108	1.77056	97.2	0.869383	20.4254	73.746	0.200001	6.55532	1.63884	6.98021
setup	0	2007-02-22 23:00:00	:ALL:	1	1.45588	49.8856	76.4906	15	10.5845	0.681676	0.528108	1.77056	521.2	1.21652	20.4254	73.746	0.200001	6.55532	1.63884	6.98021
setup	0	2007-02-23 23:00:00	ANGA	1	1	0	0	1.5	0	0	0	1.5	424	0.342867	1	0	0	0	0	0
setup	0	2007-02-23 23:00:00	BUAF	1	0.45588	49.8853	76.4915	15	10.5845	0.681676	0.528108	1.77056	97.2	0.868165	20.4254	73.746	0.200001	6.55544	1.63887	6.98034
setup	0	2007-02-23 23:00:00	:ALL:	1	1.45588	49.8853	76.4915	15	10.5845	0.681676	0.528108	1.77056	521.2	1.21103	20.4254	73.746	0.200001	6.55544	1.63887	6.98034
setup	0	2007-02-24 23:00:00	ANGA	1	1	0	0	1.5	0	0	0	1.5	424	0.338254	1	0	0	0	0	0
setup	0	2007-02-24 23:00:00	BUAF	1	0.455878	49.8851	76.4937	15	10.5845	0.681676	0.528108	1.77056	97.2	0.866893	20.4254	73.746	0.200001	6.55567	1.63893	6.98058
setup	0	2007-02-24 23:00:00	:ALL:	1	1.45588	49.8851	76.4937	15	10.5845	0.681676	0.528108	1.77056	521.2	1.20515	20.4254	73.746	0.200001	6.55567	1.63893	6.98058
setup	0	2007-02-25 23:00:00	ANGA	1	1	0	0	1.5	0	0	0	1.5	424	0.333281	1	0	0	0	0	0
setup	0	2007-02-25 23:00:00	BUAF	1	0.455875	49.8848	76.5004	15	10.5845	0.681676	0.528108	1.77056	97.2	0.865565	20.4254	73.746	0.200001	6.55633	1.6391	6.98129
setup	0	2007-02-25 23:00:00	:ALL:	1	1.45588	49.8848	76.5004	15	10.5845	0.681676	0.528108	1.77056	521.2	1.19885	20.4254	73.746	0.200001	6.55633	1.6391	6.98129
setup	0	2007-02-26 23:00:00	ANGA	1	1	0	0	1.5	0	0	0	1.5	424	0.327936	1	0	0	0	0	0
setup	0	2007-02-26 23:00:00	BUAF	1	0.455873	49.8845	76.5093	15	10.5845	0.681676	0.528108	1.77056	97.2	0.864179	20.4254	73.746	0.200001	6.5572	1.63932	6.98222
setup	0	2007-02-26 23:00:00	:ALL:	1	1.45587	49.8845	76.5093	15	10.5845	0.681676	0.528108	1.77056	521.2	1.19212	20.4254	73.746	0.200001	6.5572	1.63932	6.98222
setup	0	2007-02-27 23:00:00	ANGA	1	1	0	0	1.5	0	0	0	1.5	424	0.322207	1	0	0	0	0	0
setup	0	2007-02-27 23:00:00	BUAF	1	0.45587	49.8842	76.5189	15	10.5845	0.681676	0.528108	1.77056	97.2	0.862734	20.4254	73.746	0.200001	6.55813	1.63955	6.98321
setup	0	2007-02-27 23:00:00	:ALL:	1	1.45587	49.8842	76.5189	15	10.5845	0.681676	0.528108	1.77056	521.2	1.18494	20.4254	73.746	0.200001	6.55813	1.63955	6.98321
setup	0	2007-02-28 23:00:00	ANGA	1	1	0	0	1.5	0	0	0	1.5	424	0.316087	1	0	0	0	0	0
setup	0	2007-02-28 23:00:00	BUAF	1	0.455868	49.884	76.5269	15	10.5845	0.681676	0.528108	1.77056	97.2	0.861226	20.4254	73.746	0.200001	6.55892	1.63974	6.98404
setup	0	2007-02-28 23:00:00	:ALL:	1	1.45587	49.884	76.5269	15	10.5845	0.681676	0.528108	1.77056	521.2	1.17731	20.4254	73.746	0.200001	6.55892	1.63974	6.98404
setup	0	2007-03-01 23:00:00	ANGA	1	1	0	0	1.5	0	0	0	1.5	424	0.309568	1	0	0	0	0	0
setup	0	2007-03-01 23:00:00	BUAF	1	0.455865	49.8837	76.5374	15	10.5845	0.681676	0.528108	1.77056	97.2	0.859654	20.4254	73.746	0.200001	6.55993	1.64	6.98513
setup	0	2007-03-01 23:00:00	:ALL:	1	1.45587	49.8837	76.5374	15	10.5845	0.681676	0.528108	1.77056	521.2	1.16922	20.4254	73.746	0.200001	6.55993	1.64	6.98513
setup	0	2007-03-02 23:00:00	ANGA	1	1	0	0	1.5	0	0	0	1.5	424	0.302644	1	0	0	0	0	0
setup	0	2007-03-02 23:00:00	BUAF	1	0.455863	49.8834	76.5479	15	10.5845	0.681676	0.528108	1.77056	97.2	0.858016	20.4254	73.746	0.200001	6.56096	1.64025	6.98622
setup	0	2007-03-02 23:00:00	:ALL:	1	1.45586	49.8834	76.5479	15	10.5845	0.681676	0.528108	1.77056	521.2	1.16066	20.4254	73.746	0.200001	6.56096	1.64025	6.98622
setup	0	2007-03-03 23:00:00	ANGA	1	1	0	0	1.5	0	0	0	1.5	424	0.295315	1	0	0	0	0	0
setup	0	2007-03-03 23:00:00	BUAF	1	0.45586	49.8832	76.5573	15	10.5845	0.681676	0.528108	1.77056	97.2	0.856311	20.4254	73.746	0.200001	6.56188	1.64048	6.9872
setup	0	2007-03-03 23:00:00	:ALL:	1	1.45586	49.8832	76.5573	15	10.5845	0.681676	0.528108	1.77056	521.2	1.15163	20.4254	73.746	0.200001	6.56188	1.64048	6.9872
setup	0	2007-03-04 23:00:00	ANGA	1	1	0	0	1.5	0	0	0	1.5	424	0.28758	1	0	0	0	0	0
setup	0	2007-03-04 23:00:00	BUAF	1	0.455858	49.8829	76.5612	15	10.5845	0.681676	0.528108	1.77056	97.2	0.854535	20.4254	73.746	0.200001	6.56227	1.64058	6.98761
setup	0	2007-03-04 23:00:00	:ALL:	1	1.45586	49.8829	76.5612	15	10.5845	0.681676	0.528108	1.77056	521.2	1.14212	20.4254	73.746	0.200001	6.56227	1.64058	6.98761
setup	0	2007-03-05 23:00:00	ANGA	1	1	0	0	1.5	0	0	0	1.5	424	0.279443	1	0	0	0	0	0
setup	0	2007-03-05 23:00:00	BUAF	1	0.455855	49.8826	76.563	15	10.5845	0.681676	0.528108	1.77056	97.2	0.852687	20.4254	73.746	0.200001	6.56246	1.64063	6.98781
setup	0	2007-03-05 23:00:00	:ALL:	1	1.45586	49.8826	76.563	15	10.5845	0.681676	0.528108	1.77056	521.2	1.13213	20.4254	73.746	0.200001	6.56246	1.64063	6.98781
setup	0	2007-03-06 23:00:00	ANGA	1	1	0	0	1.5	0	0	0	1.5	424	0.270911	1	0	0	0	0	0
setup	0	2007-03-06 23:00:00	BUAF	1	0.455853	49.8823	76.5592	15	10.5845	0.681676	0.528108	1.77056	97.2	0.850765	20.4254	73.746	0.200001	6.56214	1.64055	6.98747
setup	0	2007-03-06 23:00:00	:ALL:	1	1.45585	49.8823	76.5592	15	10.5845	0.681676	0.528108	1.77056	521.2	1.12168	20.4254	73.746	0.200001	6.56214	1.64055	6.98747
setup	0	2007-03-07 23:00:00	ANGA	1	1	0	0	1.5	0	0	0	1.5	424	0.261995	1	0	0	0	0	0
setup	0	2007-03-07 23:00:00	BUAF	1	0.45585	49.8821	76.5503	15	10.5845	0.681676	0.528108	1.77056	97.2	0.848766	20.4254	73.746	0.200001	6.56138	1.64036	6.98667
setup	0	2007-03-07 23:00:00	:ALL:	1	1.45585	49.8821	76.5503	15	10.5845	0.681676	0.528108	1.77056	521.2	1.11076	20.4254	73.746	0.200001	6.56138	1.64036	6.98667
setup	0	2007-03-08 23:00:00	ANGA	1	1	0	0	1.5	0	0	0	1.5	424	0.252707	1	0	0	0	0	0
setup	0	2007-03-08 23:00:00	BUAF	1	0.455848	49.8818	76.5428	15	10.5845	0.681676	0.528108	1.77056	97.2	0.846689	20.4254	73.746	0.200001	6.56074	1.6402	6.98599
setup	0	2007-03-08 23:00:00	:ALL:	1	1.45585	49.8818	76.5428	15	10.5845	0.681676	0.528108	1.77056	521.2	1.0994	20.4254	73.746	0.200001	6.56074	1.6402	6.98599
setup	0	2007-03-09 23:00:00	ANGA	1	1	0	0	1.5	0	0	0	1.5	424	0.243067	1	0	0	0	0	0
setup	0	2007-03-09 23:00:00	BUAF	1	0.455845	49.8815	76.5356	15	10.5845	0.681676	0.528108	1.77056	97.2	0.84453	20.4254	73.746	0.200001	6.56013	1.64005	6.98533
setup	0	2007-03-09 23:00:00	:ALL:	1	1.45585	49.8815	76.5356	15	10.5845	0.681676	0.528108	1.77056	521.2	1.0876	20.4254	73.746	0.200001	6.56013	1.64005	6.98533
setup	0	2007-03-10 23:00:00	ANGA	1	1	0	0	1.5	0	0	0	1.5	424	0.233095	1	0	0	0	0	0
setup	0	2007-03-10 23:00:00	BUAF	1	0.455843	49.8812	76.5313	15	10.5845	0.681676	0.528108	1.77056	97.2	0.842289	20.4254	73.746	0.200001	6.55977	1.63996	6.98495
setup	0	2007-03-10 23:00:00	:ALL:	1	1.45584	49.8812	76.5313	15	10.5845	0.681676	0.528108	1.77056	521.2	1.07538	20.4254	73.746	0.200001	6.55977	1.63996	6.98495
setup	0	2007-03-11 23:00:00	ANGA	1	1	0	0	1.5	0	0	0	1.5	424	0.222817	1	0	0	0	0	0
setup	0	2007-03-11 23:00:00	BUAF	1	0.45584	49.881	76.531	15	10.5845	0.681676	0.528108	1.77056	97.2	0.839962	20.4254	73.746	0.200001	6.55976	1.63996	6.98495
setup	0	2007-03-11 23:00:00	:ALL:	1	1.45584	49.881	76.531	15	10.5845	0.681676	0.528108	1.77056	521.2	1.06278	20.4254	73.746	0.200001	6.55976	1.63996	6.98495
setup	0	2007-03-12 23:00:00	ANGA	1	1	0	0	1.5	0	0	0	1.5	424	0.212263	1	0	0	0	0	0
setup	0	2007-03-12 23:00:00	BUAF	1	0.455838	49.8807	76.5284	15	10.5845	0.681676	0.528108	1.77056	97.2	0.837548	20.4254	73.746	0.200001	6.55954	1.6399	6.98471
setup	0	2007-03-12 23:00:00	:ALL:	1	1.45584	49.8807	76.5284	15	10.5845	0.681676	0.528108	1.77056	521.2	1.04981	20.4254	73.746	0.200001	6.55954	1.6399	6.98471
setup	0	2007-03-13 23:00:00	ANGA	1	1	0	0	1.5	0	0	0	1.5	424	0.201465	1	0	0	0	0	0
setup	0	2007-03-13 23:00:00	BUAF	1	0.455835	49.8804	76.5187	15	10.5845	0.681676	0.528108	1.77056	97.2	0.835044	20.4254	73.746	0.200001	6.55872	1.6397	6.98384
setup	0	2007-03-13 23:00:00	:ALL:	1	1.45584	49.8804	76.5187	15	10.5845	0.681676	0.528108	1.77056	521.2	1.03651	20.4254	73.746	0.200001	6.55872	1.6397	6.98384
setup	0	2007-03-14 23:00:00	ANGA	1	1	0	0	1.5	0	0	0	1.5	424	0.190462	1	0	0	0	0	0
setup	0	2007-03-14 23:00:00	BUAF	1	0.455833	49.8801	76.5073	15	10.5845	0.681676	0.528108	1.77056	97.2	0.832448	20.4254	73.746	0.200001	6.55775	1.63945	6.9828
setup	0	2007-03-14 23:00:00	:ALL:	1	1.45583	49.8801	76.5073	15	10.5845	0.681676	0.528108	1.77056	521.2	1.02291	20.4254	73.746	0.200001	6.55775	1.63945	6.9828
setup	0	2007-03-15 23:00:00	ANGA	1	1	0	0	1.5	0	0	0	1.5	424	0.179295	1	0	0	0	0	0
setup	0	2007-03-15 23:00:00	BUAF	1	0.45583	49.8799	76.4949	15	10.5845	0.681676	0.528108	1.77056	97.2	0.829757	20.4254	73.746	0.200001	6.55668	1.63919	6.98166
setup	0	2007-03-15 23:00:00	:ALL:	1	1.45583	49.8799	76.4949	15	10.5845	0.681676	0.528108	1.77056	521.2	1.00905	20.4254	73.746	0.200001	6.55668	1.63919	6.98166
setup	0	2007-03-16 23:00:00	ANGA	1	1	0	0	1.5	0	0	0	1.5	424	0.168007	1	0	0	0	0	0
setup	0	2007-03-16 23:00:00	BUAF	1	0.455828	49.8796	76.4816	15	10.5845	0.681676	0.528108	1.77056	97.2	0.82697	20.4254	73.746	0.200001	6.55555	1.6389	6.98046
setup	0	2007-03-16 23:00:00	:ALL:	1	1.45583	49.8796	76.4816	15	10.5845	0.681676	0.528108	1.77056	521.2	0.994977	20.4254	73.746	0.200001	6.55555	1.6389	6.98046
setup	0	2007-03-17 23:00:00	ANGA	1	1	0	0	1.5	0	0	0	1.5	424	0.156648	1	0	0	0	0	0
setup	0	2007-03-17 23:00:00	BUAF	1	0.455825	49.8793	76.4665	15	10.5845	0.681676	0.528108	1.77056	97.2	0.824084	20.4254	73.746	0.200001	6.55425	1.63858	6.97908
setup	0	2007-03-17 23:00:00	:ALL:	1	1.45583	49.8793	76.4665	15	10.5845	0.681676	0.528108	1.77056	521.2	0.980732	20.4254	73.746	0.200001	6.55425	1.63858	6.97908
setup	0	2007-03-18 23:00:00	ANGA	1	1	0	0	1.5	0	0	0	1.5	424	0.145268	1	0	0	0	0	0
setup	0	2007-03-18 23:00:00	BUAF	1	0.455823	49.8791	76.4502	15	10.5845	0.681676	0.528108	1.77056	97.2	0.821097	20.4254	73.746	0.200001	6.55286	1.63823	6.9776
setup	0	2007-03-18 23:00:00	:ALL:	1	1.45582	49.8791	76.4502	15	10.5845	0.681676	0.528108	1.77056	521.2	0.966365	20.4254	73.746	0.200001	6.55286	1.63823	6.9776
setup	0	2007-03-19 23:00:00	ANGA	1	1	0	0	1.5	0	0	0	1.5	424	0.133921	1	0	0	0	0	0
setup	0	2007-03-19 23:00:00	BUAF	1	0.45582	49.8788	76.4382	15	10.5845	0.681676	0.528108	1.77056	97.2	0.818007	20.4254	73.746	0.200001	6.55184	1.63797	6.9765
setup	0	2007-03-19 23:00:00	:ALL:	1	1.45582	49.8788	76.4382	15	10.5845	0.681676	0.528108	1.77056	521.2	0.951927	20.4254	73.746	0.200001	6.55184	1.63797	6.9765
setup	0	2007-03-20 23:00:00	ANGA	1	1	0	0	1.5	0	0	0	1.5	424	0.122663	1	0	0	0	0	0
setup	0	2007-03-20 23:00:00	BUAF	1	0.455818	49.8785	76.4376	15	10.5845	0.681676	0.528108	1.77056	97.2	0.814811	20.4254	73.746	0.200001	6.5518	1.63796	6.97646
setup	0	2007-03-20 23:00:00	:ALL:	1	1.45582	49.8785	76.4376	15	10.5845	0.681676	0.528108	1.77056	521.2	0.937474	20.4254	73.746	0.200001	6.5518	1.63796	6.97646
setup	0	2007-03-21 23:00:00	ANGA	1	1	0	0	1.5	0	0	0	1.5	424	0.111553	1	0	0	0	0	0
setup	0	2007-03-21 23:00:00	BUAF	1	0.455815	49.8782	76.4355	15	10.5845	0.681676	0.528108	1.77056	97.2	0.811508	20.4254	73.746	0.200001	6.55162	1.63792	6.97628
setup	0	2007-03-21 23:00:00	:ALL:	1	1.45582	49.8782	76.4355	15	10.5845	0.681676	0.528108	1.77056	521.2	0.92306	20.4254	73.746	0.200001	6.55162	1.63792	6.97628
setup	0	2007-03-22 23:00:00	ANGA	1	1	0	0	1.5	0	0	0	1.5	424	0.100649	1	0	0	0	0	0
setup	0	2007-03-22 23:00:00	BUAF	1	0.455813	49.878	76.4302	15	10.5845	0.681676	0.528108	1.77056	97.2	0.808095	20.4254	73.746	0.200001	6.55118	1.63781	6.9758
setup	0	2007-03-22 23:00:00	:ALL:	1	1.45581	49.878	76.4302	15	10.5845	0.681676	0.528108	1.77056	521.2	0.908744	20.4254	73.746	0.200001	6.55118	1.63781	6.9758
setup	0	2007-03-23 23:00:00	ANGA	1	1	0	0	1.5	0	0	0	1.5	424	0.0900133	1	0	0	0	0	0
setup	0	2007-03-23 23:00:00	BUAF	1	0.45581	49.8777	76.4244	15	10.5845	0.681676	0.528108	1.77056	97.2	0.80457	20.4254	73.746	0.200001	6.55069	1.63769	6.97528
setup	0	2007-03-23 23:00:00	:ALL:	1	1.45581	49.8777	76.4244	15	10.5845	0.681676	0.528108	1.77056	521.2	0.894583	20.4254	73.746	0.200001	6.55069	1.63769	6.97528
setup	0	2007-03-24 23:00:00	ANGA	1	1	0	0	1.5	0	0	0	1.5	424	0.0797059	1	0	0	0	0	0
setup	0	2007-03-24 23:00:00	BUAF	1	0.455808	49.8774	76.4146	15	10.5845	0.681676	0.528108	1.77056	97.2	0.800931	20.4254	73.746	0.200001	6.54985	1.63748	6.97439
setup	0	2007-03-24 23:00:00	:ALL:	1	1.45581	49.8774	76.4146	15	10.5845	0.681676	0.528108	1.77056	521.2	0.880636	20.4254	73.746	0.200001	6.54985	1.63748	6.97439
setup	0	2007-03-25 23:00:00	ANGA	1	1	0	0	1.5	0	0	0	1.5	424	0.0697877	1	0	0	0	0	0
setup	0	2007-03-25 23:00:00	BUAF	1	0.455805	49.8771	76.404	15	10.5845	0.681676	0.528108	1.77056	97.2	0.797175	20.4254	73.746	0.200001	6.54894	1.63725	6.97342
setup	0	2007-03-25 23:00:00	:ALL:	1	1.45581	49.8771	76.404	15	10.5845	0.681676	0.528108	1.77056	521.2	0.866963	20.4254	73.746	0.200001	6.54894	1.63725	6.97342
setup	0	2007-03-26 23:00:00	ANGA	1	1	0	0	1.5	0	0	0	1.5	424	0.0603187	1	0	0	0	0	0
setup	0	2007-03-26 23:00:00	BUAF	1	0.455803	49.8769	76.3965	15	10.5845	0.681676	0.528108	1.77056	97.2	0.793302	20.4254	73.746	0.200001	6.54831	1.63709	6.97275
setup	0	2007-03-26 23:00:00	:ALL:	1	1.4558	49.8769	76.3965	15	10.5845	0.681676	0.528108	1.77056	521.2	0.853621	20.4254	73.746	0.200001	6.54831	1.63709	6.97275
setup	0	2007-03-27 23:00:00	ANGA	1	1	0	0	1.5	0	0	0	1.5	424	0.0513575	1	0	0	0	0	0
setup	0	2007-03-27 23:00:00	BUAF	1	0.4558	49.8766	76.3872	15	10.5845	0.681676	0.528108	1.77056	97.2	0.789309	20.4254	73.746	0.200001	6.54752	1.63689	6.9719
setup	0	2007-03-27 23:00:00	:ALL:	1	1.4558	49.8766	76.3872	15	10.5845	0.681676	0.528108	1.77056	521.2	0.840666	20.4254	73.746	0.200001	6.54752	1.63689	6.9719
setup	0	2007-03-28 23:00:00	ANGA	1	1	0	0	1.5	0	0	0	1.5	424	0.0429608	1	0	0	0	0	0
setup	0	2007-03-28 23:00:00	BUAF	1	0.455798	49.8763	76.3792	15	10.5845	0.681676	0.528108	1.77056	97.2	0.785193	20.4254	73.746	0.200001	6.54684	1.63672	6.97118
setup	0	2007-03-28 23:00:00	:ALL:	1	1.4558	49.8763	76.3792	15	10.5845	0.681676	0.528108	1.77056	521.2	0.828154	20.4254	73.746	0.200001	6.54684	1.63672	6.97118
setup	0	2007-03-29 23:00:00	ANGA	1	1	0	0	1.5	0	0	0	1.5	424	0.0351828	1	0	0	0	0	0
setup	0	2007-03-29 23:00:00	BUAF	1	0.455795	49.876	76.3719	15	10.5845	0.681676	0.528108	1.77056	97.2	0.780954	20.4254	73.746	0.200001	6.54621	1.63657	6.97051
setup	0	2007-03-29 23:00:00	:ALL:	1	1.4558	49.876	76.3719	15	10.5845	0.681676	0.528108	1.77056	521.2	0.816137	20.4254	73.746	0.200001	6.54621	1.63657	6.97051
setup	0	2007-03-30 23:00:00	ANGA	1	1	0	0	1.5	0	0	0	1.5	424	0.0280744	1	0	0	0	0	0
setup	0	2007-03-30 23:00:00	BUAF	1	0.455793	49.8758	76.3656	15	10.5845	0.681676	0.528108	1.77056	97.2	0.776589	20.4254	73.746	0.200001	6.54568	1.63643	6.96995
setup	0	2007-03-30 23:00:00	:ALL:	1	1.45579	49.8758	76.3656	15	10.5845	0.681676	0.528108	1.77056	521.2	0.804664	20.4254	73.746	0.200001	6.54568	1.63643	6.96995
setup	0	2007-03-31 23:00:00	ANGA	1	1	0	0	1.5	0	0	0	1.5	424	0.0216831	1	0	0	0	0	0
setup	0	2007-03-31 23:00:00	BUAF	1	0.45579	49.8755	76.3594	15	10.5845	0.681676	0.528108	1.77056	97.2	0.772097	20.4254	73.746	0.200001	6.54515	1.6363	6.96939
setup	0	2007-03-31 23:00:00	:ALL:	1	1.45579	49.8755	76.3594	15	10.5845	0.681676	0.528108	1.77056	521.2	0.79378	20.4254	73.746	0.200001	6.54515	1.6363	6.96939
setup	0	2007-04-01 23:00:00	ANGA	1	1	0	0	1.5	0	0	0	1.5	424	0.0160518	1	0	0	0	0	0
setup	0	2007-04-01 23:00:00	BUAF	1	0.455788	49.8752	76.3523	15	10.5845	0.681676	0.528108	1.77056	97.2	0.767476	20.4254	73.746	0.200001	6.54454	1.63615	6.96874
setup	0	2007-04-01 23:00:00	:ALL:	1	1.45579	49.8752	76.3523	15	10.5845	0.681676	0.528108	1.77056	521.2	0.783528	20.4254	73.746	0.200001	6.54454	1.63615	6.96874
setup	0	2007-04-02 23:00:00	ANGA	1	1	0	0	1.5	0	0	0	1.5	424	0.0112191	1	0	0	0	0	0
setup	0	2007-04-02 23:00:00	BUAF	1	0.455785	49.875	76.3443	15	10.5845	0.681676	0.528108	1.77056	97.2	0.762724	20.4254	73.746	0.200001	6.54386	1.63598	6.96801
setup	0	2007-04-02 23:00:00	:ALL:	1	1.45579	49.875	76.3443	15	10.5845	0.681676	0.528108	1.77056	521.2	0.773943	20.4254	73.746	0.200001	6.54386	1.63598	6.96801
setup	0	2007-04-03 23:00:00	ANGA	1	1	0	0	1.5	0	0	0	1.5	424	0.00721822	1	0	0	0	0	0
setup	0	2007-04-03 23:00:00	BUAF	1	0.455783	49.8747	76.3339	15	10.5845	0.681676	0.528108	1.77056	97.2	0.75784	20.4254	73.746	0.200001	6.54297	1.63576	6.96707
setup	0	2007-04-03 23:00:00	:ALL:	1	1.45578	49.8747	76.3339	15	10.5845	0.681676	0.528108	1.77056	521.2	0.765058	20.4254	73.746	0.200001	6.54297	1.63576	6.96707
setup	0	2007-04-04 23:00:00	ANGA	1	1	0	0	1.5	0	0	0	1.5	424	0.00407698	1	0	0	0	0	0
setup	0	2007-04-04 23:00:00	BUAF	1	0.45578	49.8744	76.3205	15	10.5845	0.681676	0.528108	1.77056	97.2	0.752822	20.4254	73.746	0.200001	6.54183	1.63547	6.96585
setup	0	2007-04-04 23:00:00	:ALL:	1	1.45578	49.8744	76.3205	15	10.5845	0.681676	0.528108	1.77056	521.2	0.756899	20.4254	73.746	0.200001	6.54183	1.63547	6.96585
setup	0	2007-04-05 23:00:00	ANGA	1	1	0	0	1.5	0	0	0	1.5	424	0.00181733	1	0	0	0	0	0
setup	0	2007-04-05 23:00:00	BUAF	1	0.455778	49.8741	76.305	15	10.5845	0.681676	0.528108	1.77056	97.2	0.747669	20.4254	73.746	0.200001	6.5405	1.63514	6.96444
setup	0	2007-04-05 23:00:00	:ALL:	1	1.45578	49.8741	76.305	15	10.5845	0.681676	0.528108	1.77056	521.2	0.749487	20.4254	73.746	0.200001	6.5405	1.63514	6.96444
setup	0	2007-04-06 23:00:00	ANGA	1	1	0	0	1.5	0	0	0	1.5	424	0.000455134	1	0	0	0	0	0
setup	0	2007-04-06 23:00:00	BUAF	1	0.455775	49.8739	76.2886	15	10.5845	0.681676	0.528108	1.77056	97.2	0.742381	20.4254	73.746	0.200001	6.5391	1.63479	6.96295
setup	0	2007-04-06 23:00:00	:ALL:	1	1.45578	49.8739	76.2886	15	10.5845	0.681676	0.528108	1.77056	521.2	0.742836	20.4254	73.746	0.200001	6.5391	1.63479	6.96295
setup	0	2007-04-07 23:00:00	ANGA	1	1	0	0	1.5	0	0	0	1.5	424	0	1	0	0	0	0	0
setup	0	2007-04-07 23:00:00	BUAF	1	0.455773	49.8736	76.2711	15	10.5845	0.681676	0.528108	1.77056	97.2	0.736955	20.4254	73.746	0.200001	6.53761	1.63442	6.96136
setup	0	2007-04-07 23:00:00	:ALL:	1	1.45577	49.8736	76.2711	15	10.5845	0.681676	0.528108	1.77056	521.2	0.736955	20.4254	73.746	0.200001	6.53761	1.63442	6.96136
setup	0	2007-04-08 23:00:00	ANGA	1	1	0	0	1.5	0	0	0	1.5	424	0	1	0	0	0	0	0
setup	0	2007-04-08 23:00:00	BUAF	1	0.45577	49.8733	76.2533	15	10.5845	0.681676	0.528108	1.77056	97.2	0.73139	20.4254	73.746	0.200001	6.53608	1.63404	6.95973
setup	0	2007-04-08 23:00:00	:ALL:	1	1.45577	49.8733	76.2533	15	10.5845	0.681676	0.528108	1.77056	521.2	0.73139	20.4254	73.746	0.200001	6.53608	1.63404	6.95973
setup	0	2007-04-09 23:00:00	ANGA	1	1	0	0	1.5	0	0	0	1.5	424	0	1	0	0	0	0	0
setup	0	2007-04-09 23:00:00	BUAF	1	0.455768	49.873	76.2362	15	10.5845	0.681676	0.528108	1.77056	97.2	0.725687	20.4254	73.746	0.200001	6.53462	1.63367	6.95817
setup	0	2007-04-09 23:00:00	:ALL:	1	1.45577	49.873	76.2362	15	10.5845	0.681676	0.528108	1.77056	521.2	0.725687	20.4254	73.746	0.200001	6.53462	1.63367	6.95817
setup	0	2007-04-10 23:00:00	ANGA	1	1	0	0	1.5	0	0	0	1.5	424	0	1	0	0	0	0	0
setup	0	2007-04-10 23:00:00	BUAF	1	0.455765	49.8728	76.221	15	10.5845	0.681676	0.528108	1.77056	97.2	0.719844	20.4254	73.746	0.200001	6.53332	1.63335	6.95679
setup	0	2007-04-10 23:00:00	:ALL:	1	1.45577	49.8728	76.221	15	10.5845	0.681676	0.528108	1.77056	521.2	0.719844	20.4254	73.746	0.200001	6.53332	1.63335	6.95679
setup	0	2007-04-11 23:00:00	ANGA	1	1	0	0	1.5	0	0	0	1.5	424	0	1	0	0	0	0	0
setup	0	2007-04-11 23:00:00	BUAF	1	0.455763	49.8725	76.2065	15	10.5845	0.681676	0.528108	1.77056	97.2	0.71386	20.4254	73.746	0.200001	6.53208	1.63303	6.95547
setup	0	2007-04-11 23:00:00	:ALL:	1	1.45576	49.8725	76.2065	15	10.5845	0.681676	0.528108	1.77056	521.2	0.71386	20.4254	73.746	0.200001	6.53208	1.63303	6.95547
setup	0	2007-04-12 23:00:00	ANGA	1	1	0	0	1.5	0	0	0	1.5	424	0	1	0	0	0	0	0
setup	0	2007-04-12 23:00:00	BUAF	1	0.45576	49.8722	76.191	15	10.5845	0.681676	0.528108	1.77056	97.2	0.707735	20.4254	73.746	0.200001	6.53075	1.6327	6.95406
setup	0	2007-04-12 23:00:00	:ALL:	1	1.45576	49.8722	76.191	15	10.5845	0.681676	0.528108	1.77056	521.2	0.707735	20.4254	73.746	0.200001	6.53075	1.6327	6.95406
setup	0	2007-04-13 23:00:00	ANGA	1	1	0	0	1.5	0	0	0	1.5	424	0	1	0	0	0	0	0
setup	0	2007-04-13 23:00:00	BUAF	1	0.455758	49.8719	76.1778	15	10.5845	0.681676	0.528108	1.77056	97.2	0.701468	20.4254	73.746	0.200001	6.52962	1.63242	6.95285
setup	0	2007-04-13 23:00:00	:ALL:	1	1.45576	49.8719	76.1778	15	10.5845	0.681676	0.528108	1.77056	521.2	0.701468	20.4254	73.746	0.200001	6.52962	1.63242	6.95285
setup	0	2007-04-14 23:00:00	ANGA	1	1	0	0	1.5	0	0	0	1.5	424	0	1	0	0	0	0	0
setup	0	2007-04-14 23:00:00	BUAF	1	0.455755	49.8717	76.1684	15	10.5845	0.681676	0.528108	1.77056	97.2	0.695059	20.4254	73.746	0.200001	6.52882	1.63222	6.952
setup	0	2007-04-14 23:00:00	:ALL:	1	1.45576	49.8717	76.1684	15	10.5845	0.681676	0.528108	1.77056	521.2	0.695059	20.4254	73.746	0.200001	6.52882	1.63222	6.952
setup	0	2007-04-15 23:00:00	ANGA	1	1	0	0	1.5	0	0	0	1.5	424	0	1	0	0	0	0	0
setup	0	2007-04-15 23:00:00	BUAF	1	0.455753	49.8714	76.156	15	10.5845	0.681676	0.528108	1.77056	97.2	0.688509	20.4254	73.746	0.200001	6.52776	1.63195	6.95087
setup	0	2007-04-15 23:00:00	:ALL:	1	1.45575	49.8714	76.156	15	10.5845	0.681676	0.528108	1.77056	521.2	0.688509	20.4254	73.746	0.200001	6.52776	1.63195	6.95087
setup	0	2007-04-16 23:00:00	ANGA	1	1	0	0	1.5	0	0	0	1.5	424	0	1	0	0	0	0	0
setup	0	2007-04-16 23:00:00	BUAF	1	0.45575	49.8711	76.1469	15	10.5845	0.681676	0.528108	1.77056	97.2	0.681817	20.4254	73.746	0.200001	6.52699	1.63176	6.95005
setup	0	2007-04-16 23:00:00	:ALL:	1	1.45575	49.8711	76.1469	15	10.5845	0.681676	0.528108	1.77056	521.2	0.681817	20.4254	73.746	0.200001	6.52699	1.63176	6.95005
setup	0	2007-04-17 23:00:00	ANGA	1	1	0	0	1.5	0	0	0	1.5	424	0	1	0	0	0	0	0
setup	0	2007-04-17 23:00:00	BUAF	1	0.455748	49.8709	76.1443	15	10.5845	0.681676	0.528108	1.77056	97.2	0.674983	20.4254	73.746	0.200001	6.52678	1.63171	6.94983
setup	0	2007-04-17 23:00:00	:ALL:	1	1.45575	49.8709	76.1443	15	10.5845	0.681676	0.528108	1.77056	521.2	0.674983	20.4254	73.746	0.200001	6.52678	1.63171	6.94983
setup	0	2007-04-18 23:00:00	ANGA	1	1	0	0	1.5	0	0	0	1.5	424	0	1	0	0	0	0	0
setup	0	2007-04-18 23:00:00	BUAF	1	0.455745	49.8706	76.1468	15	10.5845	0.681676	0.528108	1.77056	97.2	0.668008	20.4254	73.746	0.200001	6.52706	1.63178	6.95013
setup	0	2007-04-18 23:00:00	:ALL:	1	1.45575	49.8706	76.1468	15	10.5845	0.681676	0.528108	1.77056	521.2	0.668008	20.4254	73.746	0.200001	6.52706	1.63178	6.95013
setup	0	2007-04-19 23:00:00	ANGA	1	1	0	0	1.5	0	0	0	1.5	424	0	1	0	0	0	0	0
setup	0	2007-04-19 23:00:00	BUAF	1	0.455743	49.8703	76.1517	15	10.5845	0.681676	0.528108	1.77056	97.2	0.660892	20.4254	73.746	0.200001	6.52758	1.63191	6.95068
setup	0	2007-04-19 23:00:00	:ALL:	1	1.45574	49.8703	76.1517	15	10.5845	0.681676	0.528108	1.77056	521.2	0.660892	20.4254	73.746	0.200001	6.52758	1.63191	6.95068
setup	0	2007-04-20 23:00:00	ANGA	1	1	0	0	1.5	0	0	0	1.5	424	0	1	0	0	0	0	0
setup	0	2007-04-20 23:00:00	BUAF	1	0.45574	49.87	76.157	15	10.5845	0.681676	0.528108	1.77056	97.2	0.653636	20.4254	73.746	0.200001	6.52814	1.63205	6.95128
setup	0	2007-04-20 23:00:00	:ALL:	1	1.45574	49.87	76.157	15	10.5845	0.681676	0.528108	1.77056	521.2	0.653636	20.4254	73.746	0.200001	6.52814	1.63205	6.95128
setup	0	2007-04-21 23:00:00	ANGA	1	1	0	0	1.5	0	0	0	1.5	424	0	1	0	0	0	0	0
setup	0	2007-04-21 23:00:00	BUAF	1	0.455738	49.8698	76.1615	15	10.5845	0.681676	0.528108	1.77056	97.2	0.64624	20.4254	73.746	0.200001	6.52863	1.63217	6.95179
setup	0	2007-04-21 23:00:00	:ALL:	1	1.45574	49.8698	76.1615	15	10.5845	0.681676	0.528108	1.77056	521.2	0.64624	20.4254	73.746	0.200001	6.52863	1.63217	6.95179
setup	0	2007-04-22 23:00:00	ANGA	1	1	0	0	1.5	0	0	0	1.5	424	0	1	0	0	0	0	0
setup	0	2007-04-22 23:00:00	BUAF	1	0.455735	49.8695	76.1655	15	10.5845	0.681676	0.528108	1.77056	97.2	0.638707	20.4254	73.746	0.200001	6.52907	1.63228	6.95226
setup	0	2007-04-22 23:00:00	:ALL:	1	1.45574	49.8695	76.1655	15	10.5845	0.681676	0.528108	1.77056	521.2	0.638707	20.4254	73.746	0.200001	6.52907	1.63228	6.95226
setup	0	2007-04-23 23:00:00	ANGA	1	1	0	0	1.5	0	0	0	1.5	424	0	1	0	0	0	0	0
setup	0	2007-04-23 23:00:00	BUAF	1	0.455733	49.8692	76.1694	15	10.5845	0.681676	0.528108	1.77056	97.2	0.631036	20.4254	73.746	0.200001	6.52951	1.63239	6.95273
setup	0	2007-04-23 23:00:00	:ALL:	1	1.45573	49.8692	76.1694	15	10.5845	0.681676	0.528108	1.77056	521.2	0.631036	20.4254	73.746	0.200001	6.52951	1.63239	6.95273
setup	0	2007-04-24 23:00:00	ANGA	1	1	0	0	1.5	0	0	0	1.5	424	0	1	0	0	0	0	0
setup	0	2007-04-24 23:00:00	BUAF	1	0.45573	49.8689	76.1727	15	10.5845	0.681676	0.528108	1.77056	97.2	0.62323	20.4254	73.746	0.200001	6.52989	1.63249	6.95314
setup	0	2007-04-24 23:00:00	:ALL:	1	1.45573	49.8689	76.1727	15	10.5845	0.681676	0.528108	1.77056	521.2	0.62323	20.4254	73.746	0.200001	6.52989	1.63249	6.95314
setup	0	2007-04-25 23:00:00	ANGA	1	1	0	0	1.5	0	0	0	1.5	424	0	1	0	0	0	0	0
setup	0	2007-04-25 23:00:00	BUAF	1	0.455728	49.8687	76.1745	15	10.5845	0.681676	0.528108	1.77056	97.2	0.61529	20.4254	73.746	0.200001	6.53013	1.63255	6.95339
setup	0	2007-04-25 23:00:00	:ALL:	1	1.45573	49.8687	76.1745	15	10.5845	0.681676	0.528108	1.77056	521.2	0.61529	20.4254	73.746	0.200001	6.53013	1.63255	6.95339
setup	0	2007-04-26 23:00:00	ANGA	1	1	0	0	1.5	0	0	0	1.5	424	0.0030766	1	0	0	0	0	0
setup	0	2007-04-26 23:00:00	BUAF	1	0.455725	49.8684	76.1779	15	10.5845	0.681676	0.528108	1.77056	97.2	0.607218	20.4254	73.746	0.200001	6.53053	1.63265	6.95382
setup	0	2007-04-26 23:00:00	:ALL:	1	1.45573	49.8684	76.1779	15	10.5845	0.681676	0.528108	1.77056	521.2	0.610295	20.4254	73.746	0.200001	6.53053	1.63265	6.95382
setup	0	2007-04-27 23:00:00	ANGA	1	1	0	0	1.5	0	0	0	1.5	424	0.00388438	1	0	0	0	0	0
setup	0	2007-04-27 23:00:00	BUAF	1	0.455723	49.8681	76.1809	15	10.5845	0.681676	0.528108	1.77056	97.2	0.599016	20.4254	73.746	0.200001	6.53089	1.63274	6.9542
setup	0	2007-04-27 23:00:00	:ALL:	1	1.45572	49.8681	76.1809	15	10.5845	0.681676	0.528108	1.77056	521.2	0.6029	20.4254	73.746	0.200001	6.53089	1.63274	6.9542
setup	0	2007-04-28 23:00:00	ANGA	1	1	0	0	1.5	0	0	0	1.5	424	0.00488167	1	0	0	0	0	0
setup	0	2007-04-28 23:00:00	BUAF	1	0.45572	49.8678	76.184	15	10.5845	0.681676	0.528108	1.77056	97.2	0.590686	20.4254	73.746	0.200001	6.53127	1.63283	6.9546
setup	0	2007-04-28 23:00:00	:ALL:	1	1.45572	49.8678	76.184	15	10.5845	0.681676	0.528108	1.77056	521.2	0.595567	20.4254	73.746	0.200001	6.53127	1.63283	6.9546
setup	0	2007-04-29 23:00:00	ANGA	1	1	0	0	1.5	0	0	0	1.5	424	0.00610674	1	0	0	0	0	0
setup	0	2007-04-29 23:00:00	BUAF	1	0.455718	49.8676	76.1868	15	10.5845	0.681676	0.528108	1.77056	97.2	0.58223	20.4254	73.746	0.200001	6.53162	1.63292	6.95498
setup	0	2007-04-29 23:00:00	:ALL:	1	1.45572	49.8676	76.1868	15	10.5845	0.681676	0.528108	1.77056	521.2	0.588337	20.4254	73.746	0.200001	6.53162	1.63292	6.95498
setup	0	2007-04-30 23:00:00	ANGA	1	1	0	0	1.5	0	0	0	1.5	424	0.00760407	1	0	0	0	0	0
setup	0	2007-04-30 23:00:00	BUAF	1	0.455715	49.8673	76.1869	15	10.5845	0.681676	0.528108	1.77056	97.2	0.573651	20.4254	73.746	0.200001	6.53171	1.63294	6.95508
setup	0	2007-04-30 23:00:00	:ALL:	1	1.45572	49.8673	76.1869	15	10.5845	0.681676	0.528108	1.77056	521.2	0.581255	20.4254	73.746	0.200001	6.53171	1.63294	6.95508
setup	0	2007-05-01 23:00:00	ANGA	1	1	0	0	1.5	0	0	0	1.5	424	0.00942491	1	0	0	0	0	0
setup	0	2007-05-01 23:00:00	BUAF	1	0.455713	49.867	76.1871	15	10.5845	0.681676	0.528108	1.77056	97.2	0.564952	20.4254	73.746	0.200001	6.53181	1.63297	6.95518
setup	0	2007-05-01 23:00:00	:ALL:	1	1.45571	49.867	76.1871	15	10.5845	0.681676	0.528108	1.77056	521.2	0.574377	20.4254	73.746	0.200001	6.53181	1.63297	6.95518
setup	0	2007-05-02 23:00:00	ANGA	1	1	0	0	1.5	0	0	0	1.5	424	0.011628	1	0	0	0	0	0
setup	0	2007-05-02 23:00:00	BUAF	1	0.45571	49.8668	76.1857	15	10.5845	0.681676	0.528108	1.77056	97.2	0.556136	20.4254	73.746	0.200001	6.53177	1.63296	6.95513
setup	0	2007-05-02 23:00:00	:ALL:	1	1.45571	49.8668	76.1857	15	10.5845	0.681676	0.528108	1.77056	521.2	0.567764	20.4254	73.746	0.200001	6.53177	1.63296	6.95513
setup	0	2007-05-03 23:00:00	ANGA	1	1	0	0	1.5	0	0	0	1.5	424	0.011628	1	0	0	0	0	0
setup	0	2007-05-03 23:00:00	BUAF	1	0.455708	49.8665	76.183	15	10.5845	0.681676	0.528108	1.77056	97.2	0.547206	20.4254	73.746	0.200001	6.53159	1.63291	6.95494
setup	0	2007-05-03 23:00:00	:ALL:	1	1.45571	49.8665	76.183	15	10.5845	0.681676	0.528108	1.77056	521.2	0.558833	20.4254	73.746	0.200001	6.53159	1.63291	6.95494
setup	0	2007-05-04 23:00:00	ANGA	1	1	0	0	1.5	0	0	0	1.5	424	0.011628	1	0	0	0	0	0
setup	0	2007-05-04 23:00:00	BUAF	1	0.455705	49.8662	76.1801	15	10.5845	0.681676	0.528108	1.77056	97.2	0.538165	20.4254	73.746	0.200001	6.5314	1.63286	6.95474
setup	0	2007-05-04 23:00:00	:ALL:	1	1.45571	49.8662	76.1801	15	10.5845	0.681676	0.528108	1.77056	521.2	0.549793	20.4254	73.746	0.200001	6.5314	1.63286	6.95474
setup	0	2007-05-05 23:00:00	ANGA	1	1	0	0	1.5	0	0	0	1.5	424	0.0142799	1	0	0	0	0	0
setup	0	2007-05-05 23:00:00	BUAF	1	0.455703	49.8659	76.179	15	10.5845	0.681676	0.528108	1.77056	97.2	0.529017	20.4254	73.746	0.200001	6.53138	1.63286	6.95473
setup	0	2007-05-05 23:00:00	:ALL:	1	1.4557	49.8659	76.179	15	10.5845	0.681676	0.528108	1.77056	521.2	0.543297	20.4254	73.746	0.200001	6.53138	1.63286	6.95473
setup	0	2007-05-06 23:00:00	ANGA	1	1	0	0	1.5	0	0	0	1.5	424	0.0174559	1	0	0	0	0	0
setup	0	2007-05-06 23:00:00	BUAF	1	0.4557	49.8657	76.1784	15	10.5845	0.681676	0.528108	1.77056	97.2	0.519766	20.4254	73.746	0.200001	6.53142	1.63287	6.95477
setup	0	2007-05-06 23:00:00	:ALL:	1	1.4557	49.8657	76.1784	15	10.5845	0.681676	0.528108	1.77056	521.2	0.537222	20.4254	73.746	0.200001	6.53142	1.63287	6.95477
setup	0	2007-05-07 23:00:00	ANGA	1	1	0	0	1.5	0	0	0	1.5	424	0.0212399	1	0	0	0	0	0
setup	0	2007-05-07 23:00:00	BUAF	1	0.455698	49.8654	76.1779	15	10.5845	0.681676	0.528108	1.77056	97.2	0.510416	20.4254	73.746	0.200001	6.53148	1.63289	6.95483
setup	0	2007-05-07 23:00:00	:ALL:	1	1.4557	49.8654	76.1779	15	10.5845	0.681676	0.528108	1.77056	521.2	0.531656	20.4254	73.746	0.200001	6.53148	1.63289	6.95483
setup	0	2007-05-08 23:00:00	ANGA	1	1	0	0	1.5	0	0	0	1.5	424	0.0257252	1	0	0	0	0	0
setup	0	2007-05-08 23:00:00	BUAF	1	0.455695	49.8651	76.1772	15	10.5845	0.681676	0.528108	1.77056	97.2	0.500972	20.4254	73.746	0.200001	6.53152	1.6329	6.95488
setup	0	2007-05-08 23:00:00	:ALL:	1	1.4557	49.8651	76.1772	15	10.5845	0.681676	0.528108	1.77056	521.2	0.526697	20.4254	73.746	0.200001	6.53152	1.6329	6.95488
setup	0	2007-05-09 23:00:00	ANGA	1	1	0	0	1.5	0	0	0	1.5	424	0.0310142	1	0	0	0	0	0
setup	0	2007-05-09 23:00:00	BUAF	1	0.455693	49.8648	76.175	15	10.5845	0.681676	0.528108	1.77056	97.2	0.491437	20.4254	73.746	0.200001	6.53142	1.63287	6.95477
setup	0	2007-05-09 23:00:00	:ALL:	1	1.45569	49.8648	76.175	15	10.5845	0.681676	0.528108	1.77056	521.2	0.522451	20.4254	73.746	0.200001	6.53142	1.63287	6.95477
setup	0	2007-05-10 23:00:00	ANGA	1	1	0	0	1.5	0	0	0	1.5	424	0.0372183	1	0	0	0	0	0
setup	0	2007-05-10 23:00:00	BUAF	1	0.45569	49.8646	76.1731	15	10.5845	0.681676	0.528108	1.77056	97.2	0.481816	20.4254	73.746	0.200001	6.53134	1.63285	6.95468
setup	0	2007-05-10 23:00:00	:ALL:	1	1.45569	49.8646	76.1731	15	10.5845	0.681676	0.528108	1.77056	521.2	0.519035	20.4254	73.746	0.200001	6.53134	1.63285	6.95468
setup	0	2007-05-11 23:00:00	ANGA	1	1	0	0	1.5	0	0	0	1.5	424	0.0444579	1	0	0	0	0	0
setup	0	2007-05-11 23:00:00	BUAF	1	0.455688	49.8643	76.1688	15	10.5845	0.681676	0.528108	1.77056	97.2	0.472115	20.4254	73.746	0.200001	6.53103	1.63277	6.95435
setup	0	2007-05-11 23:00:00	:ALL:	1	1.45569	49.8643	76.1688	15	10.5845	0.681676	0.528108	1.77056	521.2	0.516573	20.4254	73.746	0.200001	6.53103	1.63277	6.95435
setup	0	2007-05-12 23:00:00	ANGA	1	1	0	0	1.5	0	0	0	1.5	424	0.052861	1	0	0	0	0	0
setup	0	2007-05-12 23:00:00	BUAF	1	0.455685	49.864	76.1648	15	10.5845	0.681676	0.528108	1.77056	97.2	0.462338	20.4254	73.746	0.200001	6.53075	1.6327	6.95406
setup	0	2007-05-12 23:00:00	:ALL:	1	1.45569	49.864	76.1648	15	10.5845	0.681676	0.528108	1.77056	521.2	0.515199	20.4254	73.746	0.200001	6.53075	1.6327	6.95406
setup	0	2007-05-13 23:00:00	ANGA	1	1	0	0	1.5	0	0	0	1.5	424	0.0625629	1	0	0	0	0	0
setup	0	2007-05-13 23:00:00	BUAF	1	0.455683	49.8637	76.1604	15	10.5845	0.681676	0.528108	1.77056	97.2	0.452491	20.4254	73.746	0.200001	6.53044	1.63262	6.95372
setup	0	2007-05-13 23:00:00	:ALL:	1	1.45568	49.8637	76.1604	15	10.5845	0.681676	0.528108	1.77056	521.2	0.515054	20.4254	73.746	0.200001	6.53044	1.63262	6.95372
setup	0	2007-05-14 23:00:00	ANGA	1	1	0	0	1.5	0	0	0	1.5	424	0.0737044	1	0	0	0	0	0
setup	0	2007-05-14 23:00:00	BUAF	1	0.45568	49.8635	76.1569	15	10.5845	0.681676	0.528108	1.77056	97.2	0.442579	20.4254	73.746	0.200001	6.53022	1.63257	6.95349
setup	0	2007-05-14 23:00:00	:ALL:	1	1.45568	49.8635	76.1569	15	10.5845	0.681676	0.528108	1.77056	521.2	0.516283	20.4254	73.746	0.200001	6.53022	1.63257	6.95349
setup	0	2007-05-15 23:00:00	ANGA	1	1	0	0	1.5	0	0	0	1.5	424	0.0864301	1	0	0	0	0	0
setup	0	2007-05-15 23:00:00	BUAF	1	0.455678	49.8632	76.1533	15	10.5845	0.681676	0.528108	1.77056	97.2	0.432607	20.4254	73.746	0.200001	6.52998	1.63251	6.95324
setup	0	2007-05-15 23:00:00	:ALL:	1	1.45568	49.8632	76.1533	15	10.5845	0.681676	0.528108	1.77056	521.2	0.519037	20.4254	73.746	0.200001	6.52998	1.63251	6.95324
setup	0	2007-05-16 23:00:00	ANGA	1	1	0	0	1.5	0	0	0	1.5	424	0.100886	1	0	0	0	0	0
setup	0	2007-05-16 23:00:00	BUAF	1	0.455675	49.8629	76.1491	15	10.5845	0.681676	0.528108	1.77056	97.2	0.422582	20.4254	73.746	0.200001	6.5297	1.63244	6.95294
setup	0	2007-05-16 23:00:00	:ALL:	1	1.45568	49.8629	76.1491	15	10.5845	0.681676	0.528108	1.77056	521.2	0.523469	20.4254	73.746	0.200001	6.5297	1.63244	6.95294
setup	0	2007-05-17 23:00:00	ANGA	1	1	0	0	1.5	0	0	0	1.5	424	0.117218	1	0	0	0	0	0
setup	0	2007-05-17 23:00:00	BUAF	1	0.455673	49.8627	76.1435	15	10.5845	0.681676	0.528108	1.77056	97.2	0.41251	20.4254	73.746	0.200001	6.52927	1.63233	6.95247
setup	0	2007-05-17 23:00:00	:ALL:	1	1.45567	49.8627	76.1435	15	10.5845	0.681676	0.528108	1.77056	521.2	0.529728	20.4254	73.746	0.200001	6.52927	1.63233	6.95247
setup	0	2007-05-18 23:00:00	ANGA	1	1	0	0	1.5	0	0	0	1.5	424	0.135566	1	0	0	0	0	0
setup	0	2007-05-18 23:00:00	BUAF	1	0.45567	49.8624	76.1387	15	10.5845	0.681676	0.528108	1.77056	97.2	0.402397	20.4254	73.746	0.200001	6.52893	1.63225	6.95211
setup	0	2007-05-18 23:00:00	:ALL:	1	1.45567	49.8624	76.1387	15	10.5845	0.681676	0.528108	1.77056	521.2	0.537963	20.4254	73.746	0.200001	6.52893	1.63225	6.95211
setup	0	2007-05-19 23:00:00	ANGA	1	1	0	0	1.5	0	0	0	1.5	424	0.156064	1	0	0	0	0	0
setup	0	2007-05-19 23:00:00	BUAF	1	0.455668	49.8621	76.1338	15	10.5845	0.681676	0.528108	1.77056	97.2	0.39225	20.4254	73.746	0.200001	6.52857	1.63216	6.95173
setup	0	2007-05-19 23:00:00	:ALL:	1	1.45567	49.8621	76.1338	15	10.5845	0.681676	0.528108	1.77056	521.2	0.548313	20.4254	73.746	0.200001	6.52857	1.63216	6.95173
setup	0	2007-05-20 23:00:00	ANGA	1	1	0	0	1.5	0	0	0	1.5	424	0.178833	1	0	0	0	0	0
setup	0	2007-05-20 23:00:00	BUAF	1	0.455665	49.8618	76.1278	15	10.5845	0.681676	0.528108	1.77056	97.2	0.382074	20.4254	73.746	0.200001	6.52812	1.63204	6.95125
setup	0	2007-05-20 23:00:00	:ALL:	1	1.45567	49.8618	76.1278	15	10.5845	0.681676	0.528108	1.77056	521.2	0.560907	20.4254	73.746	0.200001	6.52812	1.63204	6.95125
setup	0	2007-05-21 23:00:00	ANGA	1	1	0	0	1.5	0	0	0	1.5	424	0.203981	1	0	0	0	0	0
setup	0	2007-05-21 23:00:00	BUAF	1	0.455663	49.8616	76.1211	15	10.5845	0.681676	0.528108	1.77056	97.2	0.371877	20.4254	73.746	0.200001	6.52759	1.63191	6.95068
setup	0	2007-05-21 23:00:00	:ALL:	1	1.45566	49.8616	76.1211	15	10.5845	0.681676	0.528108	1.77056	521.2	0.575858	20.4254	73.746	0.200001	6.52759	1.63191	6.95068
setup	0	2007-05-22 23:00:00	ANGA	1	1	0	0	1.5	0	0	0	1.5	424	0.231594	1	0	0	0	0	0
setup	0	2007-05-22 23:00:00	BUAF	1	0.45566	49.8613	76.1141	15	10.5845	0.681676	0.528108	1.77056	97.2	0.361665	20.4254	73.746	0.200001	6.52702	1.63177	6.95008
setup	0	2007-05-22 23:00:00	:ALL:	1	1.45566	49.8613	76.1141	15	10.5845	0.681676	0.528108	1.77056	521.2	0.593259	20.4254	73.746	0.200001	6.52702	1.63177	6.95008
setup	0	2007-05-23 23:00:00	ANGA	1	1	0	0	1.5	0	0	0	1.5	424	0.261733	1	0	0	0	0	0
setup	0	2007-05-23 23:00:00	BUAF	1	0.455658	49.861	76.1067	15	10.5845	0.681676	0.528108	1.77056	97.2	0.351447	20.4254	73.746	0.200001	6.52642	1.63162	6.94945
setup	0	2007-05-23 23:00:00	:ALL:	1	1.45566	49.861	76.1067	15	10.5845	0.681676	0.528108	1.77056	521.2	0.61318	20.4254	73.746	0.200001	6.52642	1.63162	6.94945
setup	0	2007-05-24 23:00:00	ANGA	1	1	0	0	1.5	0	0	0	1.5	424	0.294432	1	0	0	0	0	0
setup	0	2007-05-24 23:00:00	BUAF	1	0.455655	49.8607	76.0986	15	10.5845	0.681676	0.528108	1.77056	97.2	0.341228	20.4254	73.746	0.200001	6.52575	1.63145	6.94873
setup	0	2007-05-24 23:00:00	:ALL:	1	1.45566	49.8607	76.0986	15	10.5845	0.681676	0.528108	1.77056	521.2	0.63566	20.4254	73.746	0.200001	6.52575	1.63145	6.94873
setup	0	2007-05-25 23:00:00	ANGA	1	1	0	0	1.5	0	0	0	1.5	424	0.294432	1	0	0	0	0	0
setup	0	2007-05-25 23:00:00	BUAF	1	0.455653	49.8605	76.0889	15	10.5845	0.681676	0.528108	1.77056	97.2	0.331016	20.4254	73.746	0.200001	6.52493	1.63125	6.94785
setup	0	2007-05-25 23:00:00	:ALL:	1	1.45565	49.8605	76.0889	15	10.5845	0.681676	0.528108	1.77056	521.2	0.625448	20.4254	73.746	0.200001	6.52493	1.63125	6.94785
setup	0	2007-05-26 23:00:00	ANGA	1	1	0	0	1.5	0	0	0	1.5	424	0.294432	1	0	0	0	0	0
setup	0	2007-05-26 23:00:00	BUAF	1	0.45565	49.8602	76.0785	15	10.5845	0.681676	0.528108	1.77056	97.2	0.320819	20.4254	73.746	0.200001	6.52404	1.63103	6.94691
setup	0	2007-05-26 23:00:00	:ALL:	1	1.45565	49.8602	76.0785	15	10.5845	0.681676	0.528108	1.77056	521.2	0.615252	20.4254	73.746	0.200001	6.52404	1.63103	6.94691
setup	0	2007-05-27 23:00:00	ANGA	1	1	0	0	1.5	0	0	0	1.5	424	0.294432	1	0	0	0	0	0
setup	0	2007-05-27 23:00:00	BUAF	1	0.455648	49.8599	76.0689	15	10.5845	0.681676	0.528108	1.77056	97.2	0.310645	20.4254	73.746	0.200001	6.52322	1.63082	6.94603
setup	0	2007-05-27 23:00:00	:ALL:	1	1.45565	49.8599	76.0689	15	10.5845	0.681676	0.528108	1.77056	521.2	0.605077	20.4254	73.746	0.200001	6.52322	1.63082	6.94603
setup	0	2007-05-28 23:00:00	ANGA	1	1	0	0	1.5	0	0	0	1.5	424	0.294432	1	0	0	0	0	0
setup	0	2007-05-28 23:00:00	BUAF	1	0.455645	49.8596	76.0579	15	10.5845	0.681676	0.528108	1.77056	97.2	0.3005	20.4254	73.746	0.200001	6.52228	1.63059	6.94504
setup	0	2007-05-28 23:00:00	:ALL:	1	1.45565	49.8596	76.0579	15	10.5845	0.681676	0.528108	1.77056	521.2	0.594932	20.4254	73.746	0.200001	6.52228	1.63059	6.94504
setup	0	2007-05-29 23:00:00	ANGA	1	1	0	0	1.5	0	0	0	1.5	424	0.294432	1	0	0	0	0	0
setup	0	2007-05-29 23:00:00	BUAF	1	0.455643	49.8594	76.0457	15	10.5845	0.681676	0.528108	1.77056	97.2	0.290393	20.4254	73.746	0.200001	6.52124	1.63033	6.94393
setup	0	2007-05-29 23:00:00	:ALL:	1	1.45564	49.8594	76.0457	15	10.5845	0.681676	0.528108	1.77056	521.2	0.584826	20.4254	73.746	0.200001	6.52124	1.63033	6.94393
setup	0	2007-05-30 23:00:00	ANGA	1	1	0	0	1.5	0	0	0	1.5	424	0.294432	1	0	0	0	0	0
setup	0	2007-05-30 23:00:00	BUAF	1	0.45564	49.8591	76.0336	15	10.5845	0.681676	0.528108	1.77056	97.2	0.280332	20.4254	73.746	0.200001	6.5202	1.63007	6.94282
setup	0	2007-05-30 23:00:00	:ALL:	1	1.45564	49.8591	76.0336	15	10.5845	0.681676	0.528108	1.77056	521.2	0.574765	20.4254	73.746	0.200001	6.5202	1.63007	6.94282
setup	0	2007-05-31 23:00:00	ANGA	1	1	0	0	1.5	0	0	0	1.5	424	0.294432	1	0	0	0	0	0
setup	0	2007-05-31 23:00:00	BUAF	1	0.455638	49.8588	76.0217	15	10.5845	0.681676	0.528108	1.77056	97.2	0.270325	20.4254	73.746	0.200001	6.51919	1.62981	6.94174
setup	0	2007-05-31 23:00:00	:ALL:	1	1.45564	49.8588	76.0217	15	10.5845	0.681676	0.528108	1.77056	521.2	0.564757	20.4254	73.746	0.200001	6.51919	1.62981	6.94174
setup	0	2007-06-01 23:00:00	ANGA	1	1	0	0	1.5	0	0	0	1.5	424	0.294432	1	0	0	0	0	0
setup	0	2007-06-01 23:00:00	BUAF	1	0.455635	49.8586	76.0099	15	10.5845	0.681676	0.528108	1.77056	97.2	0.260379	20.4254	73.746	0.200001	6.51818	1.62956	6.94067
setup	0	2007-06-01 23:00:00	:ALL:	1	1.45564	49.8586	76.0099	15	10.5845	0.681676	0.528108	1.77056	521.2	0.554812	20.4254	73.746	0.200001	6.51818	1.62956	6.94067
setup	0	2007-06-02 23:00:00	ANGA	1	1	0	0	1.5	0	0	0	1.5	424	0.294432	1	0	0	0	0	0
setup	0	2007-06-02 23:00:00	BUAF	1	0.455633	49.8583	75.9973	15	10.5845	0.681676	0.528108	1.77056	97.2	0.250504	20.4254	73.746	0.200001	6.5171	1.62929	6.93952
setup	0	2007-06-02 23:00:00	:ALL:	1	1.45563	49.8583	75.9973	15	10.5845	0.681676	0.528108	1.77056	521.2	0.544936	20.4254	73.746	0.200001	6.5171	1.62929	6.93952
setup	0	2007-06-03 23:00:00	ANGA	1	1	0	0	1.5	0	0	0	1.5	424	0.294432	1	0	0	0	0	0
setup	0	2007-06-03 23:00:00	BUAF	1	0.45563	49.858	75.9837	15	10.5845	0.681676	0.528108	1.77056	97.2	0.240706	20.4254	73.746	0.200001	6.51594	1.629	6.93829
setup	0	2007-06-03 23:00:00	:ALL:	1	1.45563	49.858	75.9837	15	10.5845	0.681676	0.528108	1.77056	521.2	0.535139	20.4254	73.746	0.200001	6.51594	1.629	6.93829
setup	0	2007-06-04 23:00:00	ANGA	1	1	0	0	1.5	0	0	0	1.5	424	0.294432	1	0	0	0	0	0
setup	0	2007-06-04 23:00:00	BUAF	1	0.455628	49.8577	75.9704	15	10.5845	0.681676	0.528108	1.77056	97.2	0.230995	20.4254	73.746	0.200001	6.5148	1.62872	6.93707
setup	0	2007-06-04 23:00:00	:ALL:	1	1.45563	49.8577	75.9704	15	10.5845	0.681676	0.528108	1.77056	521.2	0.525427	20.4254	73.746	0.200001	6.5148	1.62872	6.93707
setup	0	2007-06-05 23:00:00	ANGA	1	1	0	0	1.5	0	0	0	1.5	424	0.294432	1	0	0	0	0	0
setup	0	2007-06-05 23:00:00	BUAF	1	0.455625	49.8575	75.9565	15	10.5845	0.681676	0.528108	1.77056	97.2	0.221379	20.4254	73.746	0.200001	6.51362	1.62842	6.93581
setup	0	2007-06-05 23:00:00	:ALL:	1	1.45563	49.8575	75.9565	15	10.5845	0.681676	0.528108	1.77056	521.2	0.515811	20.4254	73.746	0.200001	6.51362	1.62842	6.93581
setup	0	2007-06-06 23:00:00	ANGA	1	1	0	0	1.5	0	0	0	1.5	424	0.294432	1	0	0	0	0	0
setup	0	2007-06-06 23:00:00	BUAF	1	0.455623	49.8572	75.9413	15	10.5845	0.681676	0.528108	1.77056	97.2	0.211865	20.4254	73.746	0.200001	6.51232	1.62809	6.93442
setup	0	2007-06-06 23:00:00	:ALL:	1	1.45562	49.8572	75.9413	15	10.5845	0.681676	0.528108	1.77056	521.2	0.506297	20.4254	73.746	0.200001	6.51232	1.62809	6.93442
setup	0	2007-06-07 23:00:00	ANGA	1	1	0	0	1.5	0	0	0	1.5	424	0.294432	1	0	0	0	0	0
setup	0	2007-06-07 23:00:00	BUAF	1	0.45562	49.8569	75.926	15	10.5845	0.681676	0.528108	1.77056	97.2	0.202462	20.4254	73.746	0.200001	6.511	1.62777	6.93303
setup	0	2007-06-07 23:00:00	:ALL:	1	1.45562	49.8569	75.926	15	10.5845	0.681676	0.528108	1.77056	521.2	0.496895	20.4254	73.746	0.200001	6.511	1.62777	6.93303
setup	0	2007-06-08 23:00:00	ANGA	1	1	0	0	1.5	0	0	0	1.5	424	0.294432	1	0	0	0	0	0
setup	0	2007-06-08 23:00:00	BUAF	1	0.455618	49.8566	75.9117	15	10.5845	0.681676	0.528108	1.77056	97.2	0.193179	20.4254	73.746	0.200001	6.50978	1.62746	6.93172
setup	0	2007-06-08 23:00:00	:ALL:	1	1.45562	49.8566	75.9117	15	10.5845	0.681676	0.528108	1.77056	521.2	0.487611	20.4254	73.746	0.200001	6.50978	1.62746	6.93172
setup	0	2007-06-09 23:00:00	ANGA	1	1	0	0	1.5	0	0	0	1.5	424	0.294432	1	0	0	0	0	0
setup	0	2007-06-09 23:00:00	BUAF	1	0.455615	49.8564	75.8975	15	10.5845	0.681676	0.528108	1.77056	97.2	0.184023	20.4254	73.746	0.200001	6.50857	1.62716	6.93043
setup	0	2007-06-09 23:00:00	:ALL:	1	1.45562	49.8564	75.8975	15	10.5845	0.681676	0.528108	1.77056	521.2	0.478456	20.4254	73.746	0.200001	6.50857	1.62716	6.93043
setup	0	2007-06-10 23:00:00	ANGA	1	1	0	0	1.5	0	0	0	1.5	424	0.294432	1	0	0	0	0	0
setup	0	2007-06-10 23:00:00	BUAF	1	0.455613	49.8561	75.881	15	10.5845	0.681676	0.528108	1.77056	97.2	0.175004	20.4254	73.746	0.200001	6.50715	1.6268	6.92892
setup	0	2007-06-10 23:00:00	:ALL:	1	1.45561	49.8561	75.881	15	10.5845	0.681676	0.528108	1.77056	521.2	0.469436	20.4254	73.746	0.200001	6.50715	1.6268	6.92892
setup	0	2007-06-11 23:00:00	ANGA	1	1	0	0	1.5	0	0	0	1.5	424	0.294432	1	0	0	0	0	0
setup	0	2007-06-11 23:00:00	BUAF	1	0.45561	49.8558	75.864	15	10.5845	0.681676	0.528108	1.77056	97.2	0.166128	20.4254	73.746	0.200001	6.5057	1.62644	6.92738
setup	0	2007-06-11 23:00:00	:ALL:	1	1.45561	49.8558	75.864	15	10.5845	0.681676	0.528108	1.77056	521.2	0.460561	20.4254	73.746	0.200001	6.5057	1.62644	6.92738
setup	0	2007-06-12 23:00:00	ANGA	1	1	0	0	1.5	0	0	0	1.5	424	0.294432	1	0	0	0	0	0
setup	0	2007-06-12 23:00:00	BUAF	1	0.455608	49.8556	75.8468	15	10.5845	0.681676	0.528108	1.77056	97.2	0.157405	20.4254	73.746	0.200001	6.50423	1.62607	6.92581
setup	0	2007-06-12 23:00:00	:ALL:	1	1.45561	49.8556	75.8468	15	10.5845	0.681676	0.528108	1.77056	521.2	0.451838	20.4254	73.746	0.200001	6.50423	1.62607	6.92581
setup	0	2007-06-13 23:00:00	ANGA	1	1	0	0	1.5	0	0	0	1.5	424	0.294432	1	0	0	0	0	0
setup	0	2007-06-13 23:00:00	BUAF	1	0.455605	49.8553	75.8294	15	10.5845	0.681676	0.528108	1.77056	97.2	0.148842	20.4254	73.746	0.200001	6.50274	1.6257	6.92422
setup	0	2007-06-13 23:00:00	:ALL:	1	1.45561	49.8553	75.8294	15	10.5845	0.681676	0.528108	1.77056	521.2	0.443275	20.4254	73.746	0.200001	6.50274	1.6257	6.92422
setup	0	2007-06-14 23:00:00	ANGA	1	1	0	0	1.5	0	0	0	1.5	424	0.294432	1	0	0	0	0	0
setup	0	2007-06-14 23:00:00	BUAF	1	0.455603	49.855	75.8119	15	10.5845	0.681676	0.528108	1.77056	97.2	0.140448	20.4254	73.746	0.200001	6.50124	1.62532	6.92263
setup	0	2007-06-14 23:00:00	:ALL:	1	1.4556	49.855	75.8119	15	10.5845	0.681676	0.528108	1.77056	521.2	0.43488	20.4254	73.746	0.200001	6.50124	1.62532	6.92263
setup	0	2007-06-15 23:00:00	ANGA	1	1	0	0	1.5	0	0	0	1.5	424	0.294432	1	0	0	0	0	0
setup	0	2007-06-15 23:00:00	BUAF	1	0.4556	49.8547	75.7937	15	10.5845	0.681676	0.528108	1.77056	97.2	0.132229	20.4254	73.746	0.200001	6.49968	1.62494	6.92097
setup	0	2007-06-15 23:00:00	:ALL:	1	1.4556	49.8547	75.7937	15	10.5845	0.681676	0.528108	1.77056	521.2	0.426662	20.4254	73.746	0.200001	6.49968	1.62494	6.92097
setup	0	2007-06-16 23:00:00	ANGA	1	1	0	0	1.5	0	0	0	1.5	424	0.294432	1	0	0	0	0	0
setup	0	2007-06-16 23:00:00	BUAF	1	0.455598	49.8545	75.776	15	10.5845	0.681676	0.528108	1.77056	97.2	0.124195	20.4254	73.746	0.200001	6.49816	1.62456	6.91935
setup	0	2007-06-16 23:00:00	:ALL:	1	1.4556	49.8545	75.776	15	10.5845	0.681676	0.528108	1.77056	521.2	0.418627	20.4254	73.746	0.200001	6.49816	1.62456	6.91935
setup	0	2007-06-17 23:00:00	ANGA	1	1	0	0	1.5	0	0	0	1.5	424	0.294432	1	0	0	0	0	0
setup	0	2007-06-17 23:00:00	BUAF	1	0.455595	49.8542	75.7584	15	10.5845	0.681676	0.528108	1.77056	97.2	0.116352	20.4254	73.746	0.200001	6.49666	1.62418	6.91775
setup	0	2007-06-17 23:00:00	:ALL:	1	1.4556	49.8542	75.7584	15	10.5845	0.681676	0.528108	1.77056	521.2	0.410785	20.4254	73.746	0.200001	6.49666	1.62418	6.91775
setup	0	2007-06-18 23:00:00	ANGA	1	1	0	0	1.5	0	0	0	1.5	424	0.294432	1	0	0	0	0	0
setup	0	2007-06-18 23:00:00	BUAF	1	0.455593	49.8539	75.7405	15	10.5845	0.681676	0.528108	1.77056	97.2	0.108709	20.4254	73.746	0.200001	6.49512	1.6238	6.91611
setup	0	2007-06-18 23:00:00	:ALL:	1	1.45559	49.8539	75.7405	15	10.5845	0.681676	0.528108	1.77056	521.2	0.403142	20.4254	73.746	0.200001	6.49512	1.6238	6.91611
setup	0	2007-06-19 23:00:00	ANGA	1	1	0	0	1.5	0	0	0	1.5	424	0.294432	1	0	0	0	0	0
setup	0	2007-06-19 23:00:00	BUAF	1	0.45559	49.8536	75.7224	15	10.5845	0.681676	0.528108	1.77056	97.2	0.101273	20.4254	73.746	0.200001	6.49357	1.62341	6.91447
setup	0	2007-06-19 23:00:00	:ALL:	1	1.45559	49.8536	75.7224	15	10.5845	0.681676	0.528108	1.77056	521.2	0.395705	20.4254	73.746	0.200001	6.49357	1.62341	6.91447
setup	0	2007-06-20 23:00:00	ANGA	1	1	0	0	1.5	0	0	0	1.5	424	0.294432	1	0	0	0	0	0
setup	0	2007-06-20 23:00:00	BUAF	1	0.455588	49.8534	75.7044	15	10.5845	0.681676	0.528108	1.77056	97.2	0.0940504	20.4254	73.746	0.200001	6.49203	1.62302	6.91282
setup	0	2007-06-20 23:00:00	:ALL:	1	1.45559	49.8534	75.7044	15	10.5845	0.681676	0.528108	1.77056	521.2	0.388483	20.4254	73.746	0.200001	6.49203	1.62302	6.91282
setup	0	2007-06-21 23:00:00	ANGA	1	1	0	0	1.5	0	0	0	1.5	424	0.294432	1	0	0	0	0	0
setup	0	2007-06-21 23:00:00	BUAF	1	0.455585	49.8531	75.6864	15	10.5845	0.681676	0.528108	1.77056	97.2	0.0870491	20.4254	73.746	0.200001	6.49049	1.62264	6.91118
setup	0	2007-06-21 23:00:00	:ALL:	1	1.45559	49.8531	75.6864	15	10.5845	0.681676	0.528108	1.77056	521.2	0.381481	20.4254	73.746	0.200001	6.49049	1.62264	6.91118
setup	0	2007-06-22 23:00:00	ANGA	1	1	0	0	1.5	0	0	0	1.5	424	0.294432	1	0	0	0	0	0
setup	0	2007-06-22 23:00:00	BUAF	1	0.455583	49.8528	75.6684	15	10.5845	0.681676	0.528108	1.77056	97.2	0.0802759	20.4254	73.746	0.200001	6.48895	1.62225	6.90954
setup	0	2007-06-22 23:00:00	:ALL:	1	1.45558	49.8528	75.6684	15	10.5845	0.681676	0.528108	1.77056	521.2	0.374708	20.4254	73.746	0.200001	6.48895	1.62225	6.90954
setup	0	2007-06-23 23:00:00	ANGA	1	1	0	0	1.5	0	0	0	1.5	424	0.294432	1	0	0	0	0	0
setup	0	2007-06-23 23:00:00	BUAF	1	0.45558	49.8525	75.6507	15	10.5845	0.681676	0.528108	1.77056	97.2	0.0737377	20.4254	73.746	0.200001	6.48744	1.62187	6.90793
setup	0	2007-06-23 23:00:00	:ALL:	1	1.45558	49.8525	75.6507	15	10.5845	0.681676	0.528108	1.77056	521.2	0.36817	20.4254	73.746	0.200001	6.48744	1.62187	6.90793
setup	0	2007-06-24 23:00:00	ANGA	1	1	0	0	1.5	0	0	0	1.5	424	0.294432	1	0	0	0	0	0
setup	0	2007-06-24 23:00:00	BUAF	1	0.455578	49.8523	75.633	15	10.5845	0.681676	0.528108	1.77056	97.2	0.0674408	20.4254	73.746	0.200001	6.48591	1.62149	6.90631
setup	0	2007-06-24 23:00:00	:ALL:	1	1.45558	49.8523	75.633	15	10.5845	0.681676	0.528108	1.77056	521.2	0.361873	20.4254	73.746	0.200001	6.48591	1.62149	6.90631
setup	0	2007-06-25 23:00:00	ANGA	1	1	0	0	1.5	0	0	0	1.5	424	0.294432	1	0	0	0	0	0
setup	0	2007-06-25 23:00:00	BUAF	1	0.455575	49.852	75.6155	15	10.5845	0.681676	0.528108	1.77056	97.2	0.0613918	20.4254	73.746	0.200001	6.48442	1.62112	6.90472
setup	0	2007-06-25 23:00:00	:ALL:	1	1.45558	49.852	75.6155	15	10.5845	0.681676	0.528108	1.77056	521.2	0.355824	20.4254	73.746	0.200001	6.48442	1.62112	6.90472
setup	0	2007-06-26 23:00:00	ANGA	1	1	0	0	1.5	0	0	0	1.5	424	0.294432	1	0	0	0	0	0
setup	0	2007-06-26 23:00:00	BUAF	1	0.455573	49.8517	75.5986	15	10.5845	0.681676	0.528108	1.77056	97.2	0.0555967	20.4254	73.746	0.200001	6.48297	1.62076	6.90317
setup	0	2007-06-26 23:00:00	:ALL:	1	1.45557	49.8517	75.5986	15	10.5845	0.681676	0.528108	1.77056	521.2	0.350029	20.4254	73.746	0.200001	6.48297	1.62076	6.90317
setup	0	2007-06-27 23:00:00	ANGA	1	1	0	0	1.5	0	0	0	1.5	424	0.294432	1	0	0	0	0	0
setup	0	2007-06-27 23:00:00	BUAF	1	0.45557	49.8515	75.5807	15	10.5845	0.681676	0.528108	1.77056	97.2	0.0500614	20.4254	73.746	0.200001	6.48144	1.62037	6.90154
setup	0	2007-06-27 23:00:00	:ALL:	1	1.45557	49.8515	75.5807	15	10.5845	0.681676	0.528108	1.77056	521.2	0.344494	20.4254	73.746	0.200001	6.48144	1.62037	6.90154
setup	0	2007-06-28 23:00:00	ANGA	1	1	0	0	1.5	0	0	0	1.5	424	0.294432	1	0	0	0	0	0
setup	0	2007-06-28 23:00:00	BUAF	1	0.455568	49.8512	75.5623	15	10.5845	0.681676	0.528108	1.77056	97.2	0.0447917	20.4254	73.746	0.200001	6.47986	1.61998	6.89987
setup	0	2007-06-28 23:00:00	:ALL:	1	1.45557	49.8512	75.5623	15	10.5845	0.681676	0.528108	1.77056	521.2	0.339224	20.4254	73.746	0.200001	6.47986	1.61998	6.89987
setup	0	2007-06-29 23:00:00	ANGA	1	1	0	0	1.5	0	0	0	1.5	424	0.294432	1	0	0	0	0	0
setup	0	2007-06-29 23:00:00	BUAF	1	0.455565	49.8509	75.5441	15	10.5845	0.681676	0.528108	1.77056	97.2	0.0397929	20.4254	73.746	0.200001	6.47831	1.61959	6.89821
setup	0	2007-06-29 23:00:00	:ALL:	1	1.45557	49.8509	75.5441	15	10.5845	0.681676	0.528108	1.77056	521.2	0.334225	20.4254	73.746	0.200001	6.47831	1.61959	6.89821
setup	0	2007-06-30 23:00:00	ANGA	1	1	0	0	1.5	0	0	0	1.5	424	0.294432	1	0	0	0	0	0
setup	0	2007-06-30 23:00:00	BUAF	1	0.455563	49.8506	75.5258	15	10.5845	0.681676	0.528108	1.77056	97.2	0.0350702	20.4254	73.746	0.200001	6.47674	1.6192	6.89654
setup	0	2007-06-30 23:00:00	:ALL:	1	1.45556	49.8506	75.5258	15	10.5845	0.681676	0.528108	1.77056	521.2	0.329503	20.4254	73.746	0.200001	6.47674	1.6192	6.89654
setup	0	2007-07-01 23:00:00	ANGA	1	1	0	0	1.5	0	0	0	1.5	424	0.294432	1	0	0	0	0	0
setup	0	2007-07-01 23:00:00	BUAF	1	0.45556	49.8504	75.5071	15	10.5845	0.681676	0.528108	1.77056	97.2	0.0306285	20.4254	73.746	0.200001	6.47514	1.6188	6.89484
setup	0	2007-07-01 23:00:00	:ALL:	1	1.45556	49.8504	75.5071	15	10.5845	0.681676	0.528108	1.77056	521.2	0.325061	20.4254	73.746	0.200001	6.47514	1.6188	6.89484
setup	0	2007-07-02 23:00:00	ANGA	1	1	0	0	1.5	0	0	0	1.5	424	0.294432	1	0	0	0	0	0
setup	0	2007-07-02 23:00:00	BUAF	1	0.455558	49.8501	75.4883	15	10.5845	0.681676	0.528108	1.77056	97.2	0.0264725	20.4254	73.746	0.200001	6.47352	1.6184	6.89311
setup	0	2007-07-02 23:00:00	:ALL:	1	1.45556	49.8501	75.4883	15	10.5845	0.681676	0.528108	1.77056	521.2	0.320905	20.4254	73.746	0.200001	6.47352	1.6184	6.89311
setup	0	2007-07-03 23:00:00	ANGA	1	1	0	0	1.5	0	0	0	1.5	424	0.294432	1	0	0	0	0	0
setup	0	2007-07-03 23:00:00	BUAF	1	0.455555	49.8498	75.4696	15	10.5845	0.681676	0.528108	1.77056	97.2	0.0226065	20.4254	73.746	0.200001	6.47193	1.618	6.89142
setup	0	2007-07-03 23:00:00	:ALL:	1	1.45556	49.8498	75.4696	15	10.5845	0.681676	0.528108	1.77056	521.2	0.317039	20.4254	73.746	0.200001	6.47193	1.618	6.89142
setup	0	2007-07-04 23:00:00	ANGA	1	1	0	0	1.5	0	0	0	1.5	424	0.294432	1	0	0	0	0	0
setup	0	2007-07-04 23:00:00	BUAF	1	0.455553	49.8495	75.4514	15	10.5845	0.681676	0.528108	1.77056	97.2	0.0190346	20.4254	73.746	0.200001	6.47036	1.61761	6.88975
setup	0	2007-07-04 23:00:00	:ALL:	1	1.45555	49.8495	75.4514	15	10.5845	0.681676	0.528108	1.77056	521.2	0.313467	20.4254	73.746	0.200001	6.47036	1.61761	6.88975
setup	0	2007-07-05 23:00:00	ANGA	1	1	0	0	1.5	0	0	0	1.5	424	0.294432	1	0	0	0	0	0
setup	0	2007-07-05 23:00:00	BUAF	1	0.45555	49.8493	75.4336	15	10.5845	0.681676	0.528108	1.77056	97.2	0.0157604	20.4254	73.746	0.200001	6.46884	1.61723	6.88813
setup	0	2007-07-05 23:00:00	:ALL:	1	1.45555	49.8493	75.4336	15	10.5845	0.681676	0.528108	1.77056	521.2	0.310193	20.4254	73.746	0.200001	6.46884	1.61723	6.88813
setup	0	2007-07-06 23:00:00	ANGA	1	1	0	0	1.5	0	0	0	1.5	424	0.294432	1	0	0	0	0	0
setup	0	2007-07-06 23:00:00	BUAF	1	0.455548	49.849	75.4158	15	10.5845	0.681676	0.528108	1.77056	97.2	0.0127875	20.4254	73.746	0.200001	6.46731	1.61684	6.8865
setup	0	2007-07-06 23:00:00	:ALL:	1	1.45555	49.849	75.4158	15	10.5845	0.681676	0.528108	1.77056	521.2	0.30722	20.4254	73.746	0.200001	6.46731	1.61684	6.8865
setup	0	2007-07-07 23:00:00	ANGA	1	1	0	0	1.5	0	0	0	1.5	424	0.294432	1	0	0	0	0	0
setup	0	2007-07-07 23:00:00	BUAF	1	0.455545	49.8487	75.3979	15	10.5845	0.681676	0.528108	1.77056	97.2	0.010119	20.4254	73.746	0.200001	6.46578	1.61646	6.88487
setup	0	2007-07-07 23:00:00	:ALL:	1	1.45555	49.8487	75.3979	15	10.5845	0.681676	0.528108	1.77056	521.2	0.304551	20.4254	73.746	0.200001	6.46578	1.61646	6.88487
setup	0	2007-07-08 23:00:00	ANGA	1	1	0	0	1.5	0	0	0	1.5	424	0.294432	1	0	0	0	0	0
setup	0	2007-07-08 23:00:00	BUAF	1	0.455543	49.8484	75.3798	15	10.5845	0.681676	0.528108	1.77056	97.2	0.00775767	20.4254	73.746	0.200001	6.46423	1.61607	6.88322
setup	0	2007-07-08 23:00:00	:ALL:	1	1.45554	49.8484	75.3798	15	10.5845	0.681676	0.528108	1.77056	521.2	0.30219	20.4254	73.746	0.200001	6.46423	1.61607	6.88322
setup	0	2007-07-09 23:00:00	ANGA	1	1	0	0	1.5	0	0	0	1.5	424	0.294432	1	0	0	0	0	0
setup	0	2007-07-09 23:00:00	BUAF	1	0.45554	49.8482	75.3616	15	10.5845	0.681676	0.528108	1.77056	97.2	0.0057061	20.4254	73.746	0.200001	6.46267	1.61568	6.88156
setup	0	2007-07-09 23:00:00	:ALL:	1	1.45554	49.8482	75.3616	15	10.5845	0.681676	0.528108	1.77056	521.2	0.300139	20.4254	73.746	0.200001	6.46267	1.61568	6.88156
setup	0	2007-07-10 23:00:00	ANGA	1	1	0	0	1.5	0	0	0	1.5	424	0.294432	1	0	0	0	0	0
setup	0	2007-07-10 23:00:00	BUAF	1	0.455538	49.8479	75.3431	15	10.5845	0.681676	0.528108	1.77056	97.2	0.00396645	20.4254	73.746	0.200001	6.46109	1.61529	6.87988
setup	0	2007-07-10 23:00:00	:ALL:	1	1.45554	49.8479	75.3431	15	10.5845	0.681676	0.528108	1.77056	521.2	0.298399	20.4254	73.746	0.200001	6.46109	1.61529	6.87988
setup	0	2007-07-11 23:00:00	ANGA	1	1	0	0	1.5	0	0	0	1.5	424	0.294432	1	0	0	0	0	0
setup	0	2007-07-11 23:00:00	BUAF	1	0.455535	49.8476	75.325	15	10.5845	0.681676	0.528108	1.77056	97.2	0.00254056	20.4254	73.746	0.200001	6.45954	1.6149	6.87822
setup	0	2007-07-11 23:00:00	:ALL:	1	1.45554	49.8476	75.325	15	10.5845	0.681676	0.528108	1.77056	521.2	0.296973	20.4254	73.746	0.200001	6.45954	1.6149	6.87822
setup	0	2007-07-12 23:00:00	ANGA	1	1	0	0	1.5	0	0	0	1.5	424	0.294432	1	0	0	0	0	0
setup	0	2007-07-12 23:00:00	BUAF	1	0.455533	49.8474	75.307	15	10.5845	0.681676	0.528108	1.77056	97.2	0.00142996	20.4254	73.746	0.200001	6.45799	1.61451	6.87658
setup	0	2007-07-12 23:00:00	:ALL:	1	1.45553	49.8474	75.307	15	10.5845	0.681676	0.528108	1.77056	521.2	0.295862	20.4254	73.746	0.200001	6.45799	1.61451	6.87658
setup	0	2007-07-13 23:00:00	ANGA	1	1	0	0	1.5	0	0	0	1.5	424	0.294432	1	0	0	0	0	0
setup	0	2007-07-13 23:00:00	BUAF	1	0.45553	49.8471	75.289	15	10.5845	0.681676	0.528108	1.77056	97.2	0.00063582	20.4254	73.746	0.200001	6.45645	1.61413	6.87494
setup	0	2007-07-13 23:00:00	:ALL:	1	1.45553	49.8471	75.289	15	10.5845	0.681676	0.528108	1.77056	521.2	0.295068	20.4254	73.746	0.200001	6.45645	1.61413	6.87494
setup	0	2007-07-14 23:00:00	ANGA	1	1	0	0	1.5	0	0	0	1.5	424	0.294432	1	0	0	0	0	0
setup	0	2007-07-14 23:00:00	BUAF	1	0.455528	49.8468	75.2706	15	10.5845	0.681676	0.528108	1.77056	97.2	0.000158997	20.4254	73.746	0.200001	6.45488	1.61373	6.87326
setup	0	2007-07-14 23:00:00	:ALL:	1	1.45553	49.8468	75.2706	15	10.5845	0.681676	0.528108	1.77056	521.2	0.294591	20.4254	73.746	0.200001	6.45488	1.61373	6.87326
setup	0	2007-07-15 23:00:00	ANGA	1	1	0	0	1.5	0	0	0	1.5	424	0.294432	1	0	0	0	0	0
setup	0	2007-07-15 23:00:00	BUAF	1	0.455525	49.8465	75.2525	15	10.5845	0.681676	0.528108	1.77056	97.2	0	20.4254	73.746	0.200001	6.45333	1.61335	6.87161
setup	0	2007-07-15 23:00:00	:ALL:	1	1.45553	49.8465	75.2525	15	10.5845	0.681676	0.528108	1.77056	521.2	0.294432	20.4254	73.746	0.200001	6.45333	1.61335	6.87161
setup	0	2007-07-16 23:00:00	ANGA	1	1	0	0	1.5	0	0	0	1.5	424	0.294432	1	0	0	0	0	0
setup	0	2007-07-16 23:00:00	BUAF	1	0.455523	49.8463	75.2347	15	10.5845	0.681676	0.528108	1.77056	97.2	0	20.4254	73.746	0.200001	6.4518	1.61296	6.86998
setup	0	2007-07-16 23:00:00	:ALL:	1	1.45552	49.8463	75.2347	15	10.5845	0.681676	0.528108	1.77056	521.2	0.294432	20.4254	73.746	0.200001	6.4518	1.61296	6.86998
setup	0	2007-07-17 23:00:00	ANGA	1	1	0	0	1.5	0	0	0	1.5	424	0.294432	1	0	0	0	0	0
setup	0	2007-07-17 23:00:00	BUAF	1	0.45552	49.846	75.2167	15	10.5845	0.681676	0.528108	1.77056	97.2	0	20.4254	73.746	0.200001	6.45026	1.61258	6.86834
setup	0	2007-07-17 23:00:00	:ALL:	1	1.45552	49.846	75.2167	15	10.5845	0.681676	0.528108	1.77056	521.2	0.294432	20.4254	73.746	0.200001	6.45026	1.61258	6.86834
setup	0	2007-07-18 23:00:00	ANGA	1	1	0	0	1.5	0	0	0	1.5	424	0.294432	1	0	0	0	0	0
setup	0	2007-07-18 23:00:00	BUAF	1	0.455518	49.8457	75.1987	15	10.5845	0.681676	0.528108	1.77056	97.2	0	20.4254	73.746	0.200001	6.44872	1.61219	6.8667
setup	0	2007-07-18 23:00:00	:ALL:	1	1.45552	49.8457	75.1987	15	10.5845	0.681676	0.528108	1.77056	521.2	0.294432	20.4254	73.746	0.200001	6.44872	1.61219	6.8667
setup	0	2007-07-19 23:00:00	ANGA	1	1	0	0	1.5	0	0	0	1.5	424	0.294432	1	0	0	0	0	0
setup	0	2007-07-19 23:00:00	BUAF	1	0.455515	49.8454	75.1806	15	10.5845	0.681676	0.528108	1.77056	97.2	0	20.4254	73.746	0.200001	6.44717	1.61181	6.86506
setup	0	2007-07-19 23:00:00	:ALL:	1	1.45552	49.8454	75.1806	15	10.5845	0.681676	0.528108	1.77056	521.2	0.294432	20.4254	73.746	0.200001	6.44717	1.61181	6.86506
setup	0	2007-07-20 23:00:00	ANGA	1	1	0	0	1.5	0	0	0	1.5	424	0.294432	1	0	0	0	0	0
setup	0	2007-07-20 23:00:00	BUAF	1	0.455513	49.8452	75.1627	15	10.5845	0.681676	0.528108	1.77056	97.2	0	20.4254	73.746	0.200001	6.44563	1.61142	6.86342
setup	0	2007-07-20 23:00:00	:ALL:	1	1.45551	49.8452	75.1627	15	10.5845	0.681676	0.528108	1.77056	521.2	0.294432	20.4254	73.746	0.200001	6.44563	1.61142	6.86342
setup	0	2007-07-21 23:00:00	ANGA	1	1	0	0	1.5	0	0	0	1.5	424	0.294432	1	0	0	0	0	0
setup	0	2007-07-21 23:00:00	BUAF	1	0.45551	49.8449	75.1446	15	10.5845	0.681676	0.528108	1.77056	97.2	0	20.4254	73.746	0.200001	6.44409	1.61104	6.86177
setup	0	2007-07-21 23:00:00	:ALL:	1	1.45551	49.8449	75.1446	15	10.5845	0.681676	0.528108	1.77056	521.2	0.294432	20.4254	73.746	0.200001	6.44409	1.61104	6.86177
setup	0	2007-07-22 23:00:00	ANGA	1	1	0	0	1.5	0	0	0	1.5	424	0.294432	1	0	0	0	0	0
setup	0	2007-07-22 23:00:00	BUAF	1	0.455508	49.8446	75.1264	15	10.5845	0.681676	0.528108	1.77056	97.2	0	20.4254	73.746	0.200001	6.44253	1.61065	6.86011
setup	0	2007-07-22 23:00:00	:ALL:	1	1.45551	49.8446	75.1264	15	10.5845	0.681676	0.528108	1.77056	521.2	0.294432	20.4254	73.746	0.200001	6.44253	1.61065	6.86011
setup	0	2007-07-23 23:00:00	ANGA	1	1	0	0	1.5	0	0	0	1.5	424	0.294432	1	0	0	0	0	0
setup	0	2007-07-23 23:00:00	BUAF	1	0.455506	49.8444	75.1082	15	10.5845	0.681676	0.528108	1.77056	97.2	0	20.4254	73.746	0.200001	6.44097	1.61026	6.85845
setup	0	2007-07-23 23:00:00	:ALL:	1	1.45551	49.8444	75.1082	15	10.5845	0.681676	0.528108	1.77056	521.2	0.294432	20.4254	73.746	0.200001	6.44097	1.61026	6.85845
setup	0	2007-07-24 23:00:00	ANGA	1	1	0	0	1.5	0	0	0	1.5	424	0.294432	1	0	0	0	0	0
setup	0	2007-07-24 23:00:00	BUAF	1	0.455503	49.8441	75.0901	15	10.5845	0.681676	0.528108	1.77056	97.2	0	20.4254	73.746	0.200001	6.43941	1.60987	6.8568
setup	0	2007-07-24 23:00:00	:ALL:	1	1.4555	49.8441	75.0901	15	10.5845	0.681676	0.528108	1.77056	521.2	0.294432	20.4254	73.746	0.200001	6.43941	1.60987	6.8568
setup	0	2007-07-25 23:00:00	ANGA	1	1	0	0	1.5	0	0	0	1.5	424	0.294432	1	0	0	0	0	0
setup	0	2007-07-25 23:00:00	BUAF	1	0.455501	49.8438	75.0719	15	10.5845	0.681676	0.528108	1.77056	97.2	0	20.4254	73.746	0.200001	6.43786	1.60948	6.85514
setup	0	2007-07-25 23:00:00	:ALL:	1	1.4555	49.8438	75.0719	15	10.5845	0.681676	0.528108	1.77056	521.2	0.294432	20.4254	73.746	0.200001	6.43786	1.60948	6.85514
setup	0	2007-07-26 23:00:00	ANGA	1	1	0	0	1.5	0	0	0	1.5	424	0.294432	1	0	0	0	0	0
setup	0	2007-07-26 23:00:00	BUAF	1	0.455498	49.8435	75.0541	15	10.5845	0.681676	0.528108	1.77056	97.2	0	20.4254	73.746	0.200001	6.43634	1.6091	6.85352
setup	0	2007-07-26 23:00:00	:ALL:	1	1.4555	49.8435	75.0541	15	10.5845	0.681676	0.528108	1.77056	521.2	0.294432	20.4254	73.746	0.200001	6.43634	1.6091	6.85352
setup	0	2007-07-27 23:00:00	ANGA	1	1	0	0	1.5	0	0	0	1.5	424	0.294432	1	0	0	0	0	0
setup	0	2007-07-27 23:00:00	BUAF	1	0.455496	49.8433	75.0359	15	10.5845	0.681676	0.528108	1.77056	97.2	0	20.4254	73.746	0.200001	6.43477	1.60871	6.85185
setup	0	2007-07-27 23:00:00	:ALL:	1	1.4555	49.8433	75.0359	15	10.5845	0.681676	0.528108	1.77056	521.2	0.294432	20.4254	73.746	0.200001	6.43477	1.60871	6.85185
setup	0	2007-07-28 23:00:00	ANGA	1	1	0	0	1.5	0	0	0	1.5	424	0.294432	1	0	0	0	0	0
setup	0	2007-07-28 23:00:00	BUAF	1	0.455493	49.843	75.0177	15	10.5845	0.681676	0.528108	1.77056	97.2	0	20.4254	73.746	0.200001	6.43321	1.60832	6.85019
setup	0	2007-07-28 23:00:00	:ALL:	1	1.45549	49.843	75.0177	15	10.5845	0.681676	0.528108	1.77056	521.2	0.294432	20.4254	73.746	0.200001	6.43321	1.60832	6.85019
setup	0	2007-07-29 23:00:00	ANGA	1	1	0	0	1.5	0	0	0	1.5	424	0.294432	1	0	0	0	0	0
setup	0	2007-07-29 23:00:00	BUAF	1	0.455491	49.8427	74.9998	15	10.5845	0.681676	0.528108	1.77056	97.2	0	20.4254	73.746	0.200001	6.43168	1.60793	6.84856
setup	0	2007-07-29 23:00:00	:ALL:	1	1.45549	49.8427	74.9998	15	10.5845	0.681676	0.528108	1.77056	521.2	0.294432	20.4254	73.746	0.200001	6.43168	1.60793	6.84856
setup	0	2007-07-30 23:00:00	ANGA	1	1	0	0	1.5	0	0	0	1.5	424	0.329691	1	0	0	0	0	0
setup	0	2007-07-30 23:00:00	BUAF	1	0.455488	49.8424	74.9811	15	10.5845	0.681676	0.528108	1.77056	97.2	0	20.4254	73.746	0.200001	6.43008	1.60754	6.84686
setup	0	2007-07-30 23:00:00	:ALL:	1	1.45549	49.8424	74.9811	15	10.5845	0.681676	0.528108	1.77056	521.2	0.329691	20.4254	73.746	0.200001	6.43008	1.60754	6.84686
setup	0	2007-07-31 23:00:00	ANGA	1	1	0	0	1.5	0	0	0	1.5	424	0.367472	1	0	0	0	0	0
setup	0	2007-07-31 23:00:00	BUAF	1	0.455486	49.8422	74.9629	15	10.5845	0.681676	0.528108	1.77056	97.2	0	20.4254	73.746	0.200001	6.42852	1.60714	6.84519
setup	0	2007-07-31 23:00:00	:ALL:	1	1.45549	49.8422	74.9629	15	10.5845	0.681676	0.528108	1.77056	521.2	0.367472	20.4254	73.746	0.200001	6.42852	1.60714	6.84519
setup	0	2007-08-01 23:00:00	ANGA	1	1	0	0	1.5	0	0	0	1.5	424	0.407696	1	0	0	0	0	0
setup	0	2007-08-01 23:00:00	BUAF	1	0.455483	49.8419	74.9447	15	10.5845	0.681676	0.528108	1.77056	97.2	0	20.4254	73.746	0.200001	6.42696	1.60676	6.84354
setup	0	2007-08-01 23:00:00	:ALL:	1	1.45548	49.8419	74.9447	15	10.5845	0.681676	0.528108	1.77056	521.2	0.407696	20.4254	73.746	0.200001	6.42696	1.60676	6.84354
setup	0	2007-08-02 23:00:00	ANGA	1	1	0	0	1.5	0	0	0	1.5	424	0.450239	1	0	0	0	0	0
setup	0	2007-08-02 23:00:00	BUAF	1	0.455481	49.8416	74.9268	15	10.5845	0.681676	0.528108	1.77056	97.2	0	20.4254	73.746	0.200001	6.42543	1.60637	6.8419
setup	0	2007-08-02 23:00:00	:ALL:	1	1.45548	49.8416	74.9268	15	10.5845	0.681676	0.528108	1.77056	521.2	0.450239	20.4254	73.746	0.200001	6.42543	1.60637	6.8419
setup	0	2007-08-03 23:00:00	ANGA	1	1	0	0	1.5	0	0	0	1.5	424	0.494932	1	0	0	0	0	0
setup	0	2007-08-03 23:00:00	BUAF	1	0.455478	49.8413	74.9089	15	10.5845	0.681676	0.528108	1.77056	97.2	0	20.4254	73.746	0.200001	6.42389	1.60599	6.84027
setup	0	2007-08-03 23:00:00	:ALL:	1	1.45548	49.8413	74.9089	15	10.5845	0.681676	0.528108	1.77056	521.2	0.494932	20.4254	73.746	0.200001	6.42389	1.60599	6.84027
setup	0	2007-08-04 23:00:00	ANGA	1	1	0	0	1.5	0	0	0	1.5	424	0.541555	1	0	0	0	0	0
setup	0	2007-08-04 23:00:00	BUAF	1	0.455476	49.8411	74.891	15	10.5845	0.681676	0.528108	1.77056	97.2	0	20.4254	73.746	0.200001	6.42236	1.6056	6.83863
setup	0	2007-08-04 23:00:00	:ALL:	1	1.45548	49.8411	74.891	15	10.5845	0.681676	0.528108	1.77056	521.2	0.541555	20.4254	73.746	0.200001	6.42236	1.6056	6.83863
setup	0	2007-08-05 23:00:00	ANGA	1	1	0	0	1.5	0	0	0	1.5	424	0.58984	1	0	0	0	0	0
setup	0	2007-08-05 23:00:00	BUAF	1	0.455473	49.8408	74.8732	15	10.5845	0.681676	0.528108	1.77056	97.2	0	20.4254	73.746	0.200001	6.42083	1.60522	6.83701
setup	0	2007-08-05 23:00:00	:ALL:	1	1.45547	49.8408	74.8732	15	10.5845	0.681676	0.528108	1.77056	521.2	0.58984	20.4254	73.746	0.200001	6.42083	1.60522	6.83701
setup	0	2007-08-06 23:00:00	ANGA	1	1	0	0	1.5	0	0	0	1.5	424	0.639472	1	0	0	0	0	0
setup	0	2007-08-06 23:00:00	BUAF	1	0.455471	49.8405	74.8554	15	10.5845	0.681676	0.528108	1.77056	97.2	0.00308645	20.4254	73.746	0.200001	6.41914	1.6048	6.83521
setup	0	2007-08-06 23:00:00	:ALL:	1	1.45547	49.8405	74.8554	15	10.5845	0.681676	0.528108	1.77056	521.2	0.642558	20.4254	73.746	0.200001	6.41914	1.6048	6.83521
setup	0	2007-08-07 23:00:00	ANGA	1	1	0	0	1.5	0	0	0	1.5	424	0.690086	1	0	0	0	0	0
setup	0	2007-08-07 23:00:00	BUAF	1	0.455468	49.8403	74.8379	15	10.5845	0.681676	0.528108	1.77056	97.2	0.00333417	20.4254	73.746	0.200001	6.41763	1.60442	6.8336
setup	0	2007-08-07 23:00:00	:ALL:	1	1.45547	49.8403	74.8379	15	10.5845	0.681676	0.528108	1.77056	521.2	0.69342	20.4254	73.746	0.200001	6.41763	1.60442	6.8336
setup	0	2007-08-08 23:00:00	ANGA	1	1	0	0	1.5	0	0	0	1.5	424	0.741277	1	0	0	0	0	0
setup	0	2007-08-08 23:00:00	BUAF	1	0.455466	49.84	74.8203	15	10.5845	0.681676	0.528108	1.77056	97.2	0.00359992	20.4254	73.746	0.200001	6.41612	1.60404	6.83199
setup	0	2007-08-08 23:00:00	:ALL:	1	1.45547	49.84	74.8203	15	10.5845	0.681676	0.528108	1.77056	521.2	0.744877	20.4254	73.746	0.200001	6.41612	1.60404	6.83199
setup	0	2007-08-09 23:00:00	ANGA	1	1	0	0	1.5	0	0	0	1.5	424	0.792597	1	0	0	0	0	0
setup	0	2007-08-09 23:00:00	BUAF	1	0.455463	49.8397	74.8035	15	10.5845	0.681676	0.528108	1.77056	97.2	0.00388485	20.4254	73.746	0.200001	6.41466	1.60368	6.83044
setup	0	2007-08-09 23:00:00	:ALL:	1	1.45546	49.8397	74.8035	15	10.5845	0.681676	0.528108	1.77056	521.2	0.796482	20.4254	73.746	0.200001	6.41466	1.60368	6.83044
setup	0	2007-08-10 23:00:00	ANGA	1	1	0	0	1.5	0	0	0	1.5	424	0.843567	1	0	0	0	0	0
setup	0	2007-08-10 23:00:00	BUAF	1	0.455461	49.8394	74.786	15	10.5845	0.681676	0.528108	1.77056	97.2	0.00419019	20.4254	73.746	0.200001	6.41315	1.6033	6.82883
setup	0	2007-08-10 23:00:00	:ALL:	1	1.45546	49.8394	74.786	15	10.5845	0.681676	0.528108	1.77056	521.2	0.847758	20.4254	73.746	0.200001	6.41315	1.6033	6.82883
setup	0	2007-08-11 23:00:00	ANGA	1	1	0	0	1.5	0	0	0	1.5	424	0.89368	1	0	0	0	0	0
setup	0	2007-08-11 23:00:00	BUAF	1	0.455458	49.8392	74.7688	15	10.5845	0.681676	0.528108	1.77056	97.2	0.00451721	20.4254	73.746	0.200001	6.41165	1.60293	6.82723
setup	0	2007-08-11 23:00:00	:ALL:	1	1.45546	49.8392	74.7688	15	10.5845	0.681676	0.528108	1.77056	521.2	0.898197	20.4254	73.746	0.200001	6.41165	1.60293	6.82723
setup	0	2007-08-12 23:00:00	ANGA	1	1	0	0	1.5	0	0	0	1.5	424	0.942408	1	0	0	0	0	0
setup	0	2007-08-12 23:00:00	BUAF	1	0.455456	49.8389	74.7519	15	10.5845	0.681676	0.528108	1.77056	97.2	0.00486725	20.4254	73.746	0.200001	6.41018	1.60256	6.82567
setup	0	2007-08-12 23:00:00	:ALL:	1	1.45546	49.8389	74.7519	15	10.5845	0.681676	0.528108	1.77056	521.2	0.947276	20.4254	73.746	0.200001	6.41018	1.60256	6.82567
setup	0	2007-08-13 23:00:00	ANGA	1	1	0	0	1.5	0	0	0	1.5	424	0.989217	1	0	0	0	0	0
setup	0	2007-08-13 23:00:00	BUAF	1	0.455453	49.8386	74.7345	15	10.5845	0.681676	0.528108	1.77056	97.2	0.00524173	20.4254	73.746	0.200001	6.40867	1.60218	6.82406
setup	0	2007-08-13 23:00:00	:ALL:	1	1.45545	49.8386	74.7345	15	10.5845	0.681676	0.528108	1.77056	521.2	0.994458	20.4254	73.746	0.200001	6.40867	1.60218	6.82406
setup	0	2007-08-14 23:00:00	ANGA	1	1	0	0	1.5	0	0	0	1.5	424	1.03357	1	0	0	0	0	0
setup	0	2007-08-14 23:00:00	BUAF	1	0.455451	49.8383	74.7173	15	10.5845	0.681676	0.528108	1.77056	97.2	0.00564213	20.4254	73.746	0.200001	6.40718	1.60181	6.82247
setup	0	2007-08-14 23:00:00	:ALL:	1	1.45545	49.8383	74.7173	15	10.5845	0.681676	0.528108	1.77056	521.2	1.03921	20.4254	73.746	0.200001	6.40718	1.60181	6.82247
setup	0	2007-08-15 23:00:00	ANGA	1	1	0	0	1.5	0	0	0	1.5	424	1.07493	1	0	0	0	0	0
setup	0	2007-08-15 23:00:00	BUAF	1	0.455448	49.8381	74.7001	15	10.5845	0.681676	0.528108	1.77056	97.2	0.00607	20.4254	73.746	0.200001	6.40568	1.60144	6.82088
setup	0	2007-08-15 23:00:00	:ALL:	1	1.45545	49.8381	74.7001	15	10.5845	0.681676	0.528108	1.77056	521.2	1.081	20.4254	73.746	0.200001	6.40568	1.60144	6.82088
setup	0	2007-08-16 23:00:00	ANGA	1	1	0	0	1.5	0	0	0	1.5	424	1.1128	1	0	0	0	0	0
setup	0	2007-08-16 23:00:00	BUAF	1	0.455446	49.8378	74.6824	15	10.5845	0.681676	0.528108	1.77056	97.2	0.00652697	20.4254	73.746	0.200001	6.40414	1.60105	6.81924
setup	0	2007-08-16 23:00:00	:ALL:	1	1.45545	49.8378	74.6824	15	10.5845	0.681676	0.528108	1.77056	521.2	1.11933	20.4254	73.746	0.200001	6.40414	1.60105	6.81924
setup	0	2007-08-17 23:00:00	ANGA	1	1	0	0	1.5	0	0	0	1.5	424	1.1128	1	0	0	0	0	0
setup	0	2007-08-17 23:00:00	BUAF	1	0.455443	49.8375	74.6644	15	10.5845	0.681676	0.528108	1.77056	97.2	0.00701473	20.4254	73.746	0.200001	6.40257	1.60066	6.81757
setup	0	2007-08-17 23:00:00	:ALL:	1	1.45544	49.8375	74.6644	15	10.5845	0.681676	0.528108	1.77056	521.2	1.11982	20.4254	73.746	0.200001	6.40257	1.60066	6.81757
setup	0	2007-08-18 23:00:00	ANGA	1	1	0	0	1.5	0	0	0	1.5	424	1.1128	1	0	0	0	0	0
setup	0	2007-08-18 23:00:00	BUAF	1	0.455441	49.8373	74.6463	15	10.5845	0.681676	0.528108	1.77056	97.2	0.00753509	20.4254	73.746	0.200001	6.401	1.60026	6.81589
setup	0	2007-08-18 23:00:00	:ALL:	1	1.45544	49.8373	74.6463	15	10.5845	0.681676	0.528108	1.77056	521.2	1.12034	20.4254	73.746	0.200001	6.401	1.60026	6.81589
setup	0	2007-08-19 23:00:00	ANGA	1	1	0	0	1.5	0	0	0	1.5	424	1.1128	1	0	0	0	0	0
setup	0	2007-08-19 23:00:00	BUAF	1	0.455438	49.837	74.6287	15	10.5845	0.681676	0.528108	1.77056	97.2	0.00808989	20.4254	73.746	0.200001	6.39946	1.59988	6.81426
setup	0	2007-08-19 23:00:00	:ALL:	1	1.45544	49.837	74.6287	15	10.5845	0.681676	0.528108	1.77056	521.2	1.12089	20.4254	73.746	0.200001	6.39946	1.59988	6.81426
setup	0	2007-08-20 23:00:00	ANGA	1	1	0	0	1.5	0	0	0	1.5	424	1.1128	1	0	0	0	0	0
setup	0	2007-08-20 23:00:00	BUAF	1	0.455436	49.8367	74.6114	15	10.5845	0.681676	0.528108	1.77056	97.2	0.00868109	20.4254	73.746	0.200001	6.39795	1.5995	6.81264
setup	0	2007-08-20 23:00:00	:ALL:	1	1.45544	49.8367	74.6114	15	10.5845	0.681676	0.528108	1.77056	521.2	1.12148	20.4254	73.746	0.200001	6.39795	1.5995	6.81264
setup	0	2007-08-21 23:00:00	ANGA	1	1	0	0	1.5	0	0	0	1.5	424	1.1128	1	0	0	0	0	0
setup	0	2007-08-21 23:00:00	BUAF	1	0.455433	49.8364	74.5941	15	10.5845	0.681676	0.528108	1.77056	97.2	0.00931071	20.4254	73.746	0.200001	6.39643	1.59912	6.81103
setup	0	2007-08-21 23:00:00	:ALL:	1	1.45543	49.8364	74.5941	15	10.5845	0.681676	0.528108	1.77056	521.2	1.12211	20.4254	73.746	0.200001	6.39643	1.59912	6.81103
setup	0	2007-08-22 23:00:00	ANGA	1	1	0	0	1.5	0	0	0	1.5	424	1.1128	1	0	0	0	0	0
setup	0	2007-08-22 23:00:00	BUAF	1	0.455431	49.8362	74.5769	15	10.5845	0.681676	0.528108	1.77056	97.2	0.00998088	20.4254	73.746	0.200001	6.39492	1.59874	6.80942
setup	0	2007-08-22 23:00:00	:ALL:	1	1.45543	49.8362	74.5769	15	10.5845	0.681676	0.528108	1.77056	521.2	1.12278	20.4254	73.746	0.200001	6.39492	1.59874	6.80942
setup	0	2007-08-23 23:00:00	ANGA	1	1	0	0	1.5	0	0	0	1.5	424	1.1128	1	0	0	0	0	0
setup	0	2007-08-23 23:00:00	BUAF	1	0.455428	49.8359	74.5593	15	10.5845	0.681676	0.528108	1.77056	97.2	0.0106938	20.4254	73.746	0.200001	6.39338	1.59836	6.80778
setup	0	2007-08-23 23:00:00	:ALL:	1	1.45543	49.8359	74.5593	15	10.5845	0.681676	0.528108	1.77056	521.2	1.1235	20.4254	73.746	0.200001	6.39338	1.59836	6.80778
setup	0	2007-08-24 23:00:00	ANGA	1	1	0	0	1.5	0	0	0	1.5	424	1.1128	1	0	0	0	0	0
setup	0	2007-08-24 23:00:00	BUAF	1	0.455426	49.8356	74.5416	15	10.5845	0.681676	0.528108	1.77056	97.2	0.0114518	20.4254	73.746	0.200001	6.39182	1.59797	6.80612
setup	0	2007-08-24 23:00:00	:ALL:	1	1.45543	49.8356	74.5416	15	10.5845	0.681676	0.528108	1.77056	521.2	1.12425	20.4254	73.746	0.200001	6.39182	1.59797	6.80612
setup	0	2007-08-25 23:00:00	ANGA	1	1	0	0	1.5	0	0	0	1.5	424	1.1128	1	0	0	0	0	0
setup	0	2007-08-25 23:00:00	BUAF	1	0.455423	49.8353	74.5239	15	10.5845	0.681676	0.528108	1.77056	97.2	0.0122572	20.4254	73.746	0.200001	6.39026	1.59758	6.80446
setup	0	2007-08-25 23:00:00	:ALL:	1	1.45542	49.8353	74.5239	15	10.5845	0.681676	0.528108	1.77056	521.2	1.12506	20.4254	73.746	0.200001	6.39026	1.59758	6.80446
setup	0	2007-08-26 23:00:00	ANGA	1	1	0	0	1.5	0	0	0	1.5	424	1.1128	1	0	0	0	0	0
setup	0	2007-08-26 23:00:00	BUAF	1	0.455421	49.8351	74.5062	15	10.5845	0.681676	0.528108	1.77056	97.2	0.0131125	20.4254	73.746	0.200001	6.3887	1.59719	6.8028
setup	0	2007-08-26 23:00:00	:ALL:	1	1.45542	49.8351	74.5062	15	10.5845	0.681676	0.528108	1.77056	521.2	1.12592	20.4254	73.746	0.200001	6.3887	1.59719	6.8028
setup	0	2007-08-27 23:00:00	ANGA	1	1	0	0	1.5	0	0	0	1.5	424	1.1128	1	0	0	0	0	0
setup	0	2007-08-27 23:00:00	BUAF	1	0.455418	49.8348	74.4886	15	10.5845	0.681676	0.528108	1.77056	97.2	0.0140203	20.4254	73.746	0.200001	6.38714	1.5968	6.80114
setup	0	2007-08-27 23:00:00	:ALL:	1	1.45542	49.8348	74.4886	15	10.5845	0.681676	0.528108	1.77056	521.2	1.12682	20.4254	73.746	0.200001	6.38714	1.5968	6.80114
setup	0	2007-08-28 23:00:00	ANGA	1	1	0	0	1.5	0	0	0	1.5	424	1.1128	1	0	0	0	0	0
setup	0	2007-08-28 23:00:00	BUAF	1	0.455416	49.8345	74.471	15	10.5845	0.681676	0.528108	1.77056	97.2	0.0149833	20.4254	73.746	0.200001	6.38558	1.59641	6.79948
setup	0	2007-08-28 23:00:00	:ALL:	1	1.45542	49.8345	74.471	15	10.5845	0.681676	0.528108	1.77056	521.2	1.12779	20.4254	73.746	0.200001	6.38558	1.59641	6.79948
setup	0	2007-08-29 23:00:00	ANGA	1	1	0	0	1.5	0	0	0	1.5	424	1.1128	1	0	0	0	0	0
setup	0	2007-08-29 23:00:00	BUAF	1	0.455413	49.8342	74.4531	15	10.5845	0.681676	0.528108	1.77056	97.2	0.0160042	20.4254	73.746	0.200001	6.384	1.59601	6.79779
setup	0	2007-08-29 23:00:00	:ALL:	1	1.45541	49.8342	74.4531	15	10.5845	0.681676	0.528108	1.77056	521.2	1.12881	20.4254	73.746	0.200001	6.384	1.59601	6.79779
setup	0	2007-08-30 23:00:00	ANGA	1	1	0	0	1.5	0	0	0	1.5	424	1.1128	1	0	0	0	0	0
setup	0	2007-08-30 23:00:00	BUAF	1	0.455411	49.834	74.4354	15	10.5845	0.681676	0.528108	1.77056	97.2	0.0170859	20.4254	73.746	0.200001	6.38242	1.59562	6.79611
setup	0	2007-08-30 23:00:00	:ALL:	1	1.45541	49.834	74.4354	15	10.5845	0.681676	0.528108	1.77056	521.2	1.12989	20.4254	73.746	0.200001	6.38242	1.59562	6.79611
setup	0	2007-08-31 23:00:00	ANGA	1	1	0	0	1.5	0	0	0	1.5	424	1.1128	1	0	0	0	0	0
setup	0	2007-08-31 23:00:00	BUAF	1	0.455408	49.8337	74.4176	15	10.5845	0.681676	0.528108	1.77056	97.2	0.0182313	20.4254	73.746	0.200001	6.38084	1.59522	6.79442
setup	0	2007-08-31 23:00:00	:ALL:	1	1.45541	49.8337	74.4176	15	10.5845	0.681676	0.528108	1.77056	521.2	1.13103	20.4254	73.746	0.200001	6.38084	1.59522	6.79442
setup	0	2007-09-01 23:00:00	ANGA	1	1	0	0	1.5	0	0	0	1.5	424	1.1128	1	0	0	0	0	0
setup	0	2007-09-01 23:00:00	BUAF	1	0.455406	49.8334	74.3999	15	10.5845	0.681676	0.528108	1.77056	97.2	0.0194436	20.4254	73.746	0.200001	6.37926	1.59483	6.79274
setup	0	2007-09-01 23:00:00	:ALL:	1	1.45541	49.8334	74.3999	15	10.5845	0.681676	0.528108	1.77056	521.2	1.13225	20.4254	73.746	0.200001	6.37926	1.59483	6.79274
setup	0	2007-09-02 23:00:00	ANGA	1	1	0	0	1.5	0	0	0	1.5	424	1.1128	1	0	0	0	0	0
setup	0	2007-09-02 23:00:00	BUAF	1	0.455403	49.8332	74.382	15	10.5845	0.681676	0.528108	1.77056	97.2	0.0207258	20.4254	73.746	0.200001	6.37766	1.59443	6.79103
setup	0	2007-09-02 23:00:00	:ALL:	1	1.4554	49.8332	74.382	15	10.5845	0.681676	0.528108	1.77056	521.2	1.13353	20.4254	73.746	0.200001	6.37766	1.59443	6.79103
setup	0	2007-09-03 23:00:00	ANGA	1	1	0	0	1.5	0	0	0	1.5	424	1.1128	1	0	0	0	0	0
setup	0	2007-09-03 23:00:00	BUAF	1	0.455401	49.8329	74.3639	15	10.5845	0.681676	0.528108	1.77056	97.2	0.0220813	20.4254	73.746	0.200001	6.37603	1.59402	6.78931
setup	0	2007-09-03 23:00:00	:ALL:	1	1.4554	49.8329	74.3639	15	10.5845	0.681676	0.528108	1.77056	521.2	1.13488	20.4254	73.746	0.200001	6.37603	1.59402	6.78931
setup	0	2007-09-04 23:00:00	ANGA	1	1	0	0	1.5	0	0	0	1.5	424	1.1128	1	0	0	0	0	0
setup	0	2007-09-04 23:00:00	BUAF	1	0.455398	49.8326	74.3462	15	10.5845	0.681676	0.528108	1.77056	97.2	0.0235133	20.4254	73.746	0.200001	6.37444	1.59363	6.78761
setup	0	2007-09-04 23:00:00	:ALL:	1	1.4554	49.8326	74.3462	15	10.5845	0.681676	0.528108	1.77056	521.2	1.13632	20.4254	73.746	0.200001	6.37444	1.59363	6.78761
setup	0	2007-09-05 23:00:00	ANGA	1	1	0	0	1.5	0	0	0	1.5	424	1.1128	1	0	0	0	0	0
setup	0	2007-09-05 23:00:00	BUAF	1	0.455396	49.8323	74.3287	15	10.5845	0.681676	0.528108	1.77056	97.2	0.0250254	20.4254	73.746	0.200001	6.37286	1.59323	6.78592
setup	0	2007-09-05 23:00:00	:ALL:	1	1.4554	49.8323	74.3287	15	10.5845	0.681676	0.528108	1.77056	521.2	1.13783	20.4254	73.746	0.200001	6.37286	1.59323	6.78592
setup	0	2007-09-06 23:00:00	ANGA	1	1	0	0	1.5	0	0	0	1.5	424	1.1128	1	0	0	0	0	0
setup	0	2007-09-06 23:00:00	BUAF	1	0.455393	49.8321	74.3108	15	10.5845	0.681676	0.528108	1.77056	97.2	0.0266211	20.4254	73.746	0.200001	6.37124	1.59283	6.78421
setup	0	2007-09-06 23:00:00	:ALL:	1	1.45539	49.8321	74.3108	15	10.5845	0.681676	0.528108	1.77056	521.2	1.13942	20.4254	73.746	0.200001	6.37124	1.59283	6.78421
setup	0	2007-09-07 23:00:00	ANGA	1	1	0	0	1.5	0	0	0	1.5	424	1.1128	1	0	0	0	0	0
setup	0	2007-09-07 23:00:00	BUAF	1	0.455391	49.8318	74.2929	15	10.5845	0.681676	0.528108	1.77056	97.2	0.028304	20.4254	73.746	0.200001	6.36961	1.59242	6.78247
setup	0	2007-09-07 23:00:00	:ALL:	1	1.45539	49.8318	74.2929	15	10.5845	0.681676	0.528108	1.77056	521.2	1.14111	20.4254	73.746	0.200001	6.36961	1.59242	6.78247
setup	0	2007-09-08 23:00:00	ANGA	1	1	0	0	1.5	0	0	0	1.5	424	1.1128	1	0	0	0	0	0
setup	0	2007-09-08 23:00:00	BUAF	1	0.455388	49.8315	74.2747	15	10.5845	0.681676	0.528108	1.77056	97.2	0.0300778	20.4254	73.746	0.200001	6.36797	1.59201	6.78072
setup	0	2007-09-08 23:00:00	:ALL:	1	1.45539	49.8315	74.2747	15	10.5845	0.681676	0.528108	1.77056	521.2	1.14288	20.4254	73.746	0.200001	6.36797	1.59201	6.78072
setup	0	2007-09-09 23:00:00	ANGA	1	1	0	0	1.5	0	0	0	1.5	424	1.1128	1	0	0	0	0	0
setup	0	2007-09-09 23:00:00	BUAF	1	0.455386	49.8312	74.2566	15	10.5845	0.681676	0.528108	1.77056	97.2	0.0319464	20.4254	73.746	0.200001	6.36632	1.59159	6.77896
setup	0	2007-09-09 23:00:00	:ALL:	1	1.45539	49.8312	74.2566	15	10.5845	0.681676	0.528108	1.77056	521.2	1.14475	20.4254	73.746	0.200001	6.36632	1.59159	6.77896
setup	0	2007-09-10 23:00:00	ANGA	1	1	0	0	1.5	0	0	0	1.5	424	1.1128	1	0	0	0	0	0
setup	0	2007-09-10 23:00:00	BUAF	1	0.455383	49.831	74.2389	15	10.5845	0.681676	0.528108	1.77056	97.2	0.0339137	20.4254	73.746	0.200001	6.36469	1.59119	6.77723
setup	0	2007-09-10 23:00:00	:ALL:	1	1.45538	49.831	74.2389	15	10.5845	0.681676	0.528108	1.77056	521.2	1.14672	20.4254	73.746	0.200001	6.36469	1.59119	6.77723
setup	0	2007-09-11 23:00:00	ANGA	1	1	0	0	1.5	0	0	0	1.5	424	1.1128	1	0	0	0	0	0
setup	0	2007-09-11 23:00:00	BUAF	1	0.455381	49.8307	74.2216	15	10.5845	0.681676	0.528108	1.77056	97.2	0.0359837	20.4254	73.746	0.200001	6.3631	1.59079	6.77553
setup	0	2007-09-11 23:00:00	:ALL:	1	1.45538	49.8307	74.2216	15	10.5845	0.681676	0.528108	1.77056	521.2	1.14879	20.4254	73.746	0.200001	6.3631	1.59079	6.77553
setup	0	2007-09-12 23:00:00	ANGA	1	1	0	0	1.5	0	0	0	1.5	424	1.1128	1	0	0	0	0	0
setup	0	2007-09-12 23:00:00	BUAF	1	0.455378	49.8304	74.2038	15	10.5845	0.681676	0.528108	1.77056	97.2	0.0381605	20.4254	73.746	0.200001	6.36146	1.59038	6.77379
setup	0	2007-09-12 23:00:00	:ALL:	1	1.45538	49.8304	74.2038	15	10.5845	0.681676	0.528108	1.77056	521.2	1.15096	20.4254	73.746	0.200001	6.36146	1.59038	6.77379
setup	0	2007-09-13 23:00:00	ANGA	1	1	0	0	1.5	0	0	0	1.5	424	1.1128	1	0	0	0	0	0
setup	0	2007-09-13 23:00:00	BUAF	1	0.455376	49.8302	74.1858	15	10.5845	0.681676	0.528108	1.77056	97.2	0.0404482	20.4254	73.746	0.200001	6.35979	1.58996	6.77201
setup	0	2007-09-13 23:00:00	:ALL:	1	1.45538	49.8302	74.1858	15	10.5845	0.681676	0.528108	1.77056	521.2	1.15325	20.4254	73.746	0.200001	6.35979	1.58996	6.77201
setup	0	2007-09-14 23:00:00	ANGA	1	1	0	0	1.5	0	0	0	1.5	424	1.1128	1	0	0	0	0	0
setup	0	2007-09-14 23:00:00	BUAF	1	0.455373	49.8299	74.1688	15	10.5845	0.681676	0.528108	1.77056	97.2	0.042851	20.4254	73.746	0.200001	6.35821	1.58957	6.77033
setup	0	2007-09-14 23:00:00	:ALL:	1	1.45537	49.8299	74.1688	15	10.5845	0.681676	0.528108	1.77056	521.2	1.15565	20.4254	73.746	0.200001	6.35821	1.58957	6.77033
setup	0	2007-09-15 23:00:00	ANGA	1	1	0	0	1.5	0	0	0	1.5	424	1.1128	1	0	0	0	0	0
setup	0	2007-09-15 23:00:00	BUAF	1	0.455371	49.8296	74.152	15	10.5845	0.681676	0.528108	1.77056	97.2	0.0453733	20.4254	73.746	0.200001	6.35664	1.58917	6.76866
setup	0	2007-09-15 23:00:00	:ALL:	1	1.45537	49.8296	74.152	15	10.5845	0.681676	0.528108	1.77056	521.2	1.15818	20.4254	73.746	0.200001	6.35664	1.58917	6.76866
setup	0	2007-09-16 23:00:00	ANGA	1	1	0	0	1.5	0	0	0	1.5	424	1.1128	1	0	0	0	0	0
setup	0	2007-09-16 23:00:00	BUAF	1	0.455368	49.8293	74.1351	15	10.5845	0.681676	0.528108	1.77056	97.2	0.0480194	20.4254	73.746	0.200001	6.35505	1.58878	6.76696
setup	0	2007-09-16 23:00:00	:ALL:	1	1.45537	49.8293	74.1351	15	10.5845	0.681676	0.528108	1.77056	521.2	1.16082	20.4254	73.746	0.200001	6.35505	1.58878	6.76696
setup	0	2007-09-17 23:00:00	ANGA	1	1	0	0	1.5	0	0	0	1.5	424	1.1128	1	0	0	0	0	0
setup	0	2007-09-17 23:00:00	BUAF	1	0.455366	49.8291	74.1179	15	10.5845	0.681676	0.528108	1.77056	97.2	0.0507938	20.4254	73.746	0.200001	6.35343	1.58837	6.76524
setup	0	2007-09-17 23:00:00	:ALL:	1	1.45537	49.8291	74.1179	15	10.5845	0.681676	0.528108	1.77056	521.2	1.1636	20.4254	73.746	0.200001	6.35343	1.58837	6.76524
setup	0	2007-09-18 23:00:00	ANGA	1	1	0	0	1.5	0	0	0	1.5	424	1.1128	1	0	0	0	0	0
setup	0	2007-09-18 23:00:00	BUAF	1	0.455363	49.8288	74.1004	15	10.5845	0.681676	0.528108	1.77056	97.2	0.053701	20.4254	73.746	0.200001	6.35177	1.58796	6.76347
setup	0	2007-09-18 23:00:00	:ALL:	1	1.45536	49.8288	74.1004	15	10.5845	0.681676	0.528108	1.77056	521.2	1.1665	20.4254	73.746	0.200001	6.35177	1.58796	6.76347
setup	0	2007-09-19 23:00:00	ANGA	1	1	0	0	1.5	0	0	0	1.5	424	1.1128	1	0	0	0	0	0
setup	0	2007-09-19 23:00:00	BUAF	1	0.455361	49.8285	74.0827	15	10.5845	0.681676	0.528108	1.77056	97.2	0.0567454	20.4254	73.746	0.200001	6.3501	1.58754	6.76169
setup	0	2007-09-19 23:00:00	:ALL:	1	1.45536	49.8285	74.0827	15	10.5845	0.681676	0.528108	1.77056	521.2	1.16955	20.4254	73.746	0.200001	6.3501	1.58754	6.76169
setup	0	2007-09-20 23:00:00	ANGA	1	1	0	0	1.5	0	0	0	1.5	424	1.1128	1	0	0	0	0	0
setup	0	2007-09-20 23:00:00	BUAF	1	0.455358	49.8282	74.0652	15	10.5845	0.681676	0.528108	1.77056	97.2	0.0599316	20.4254	73.746	0.200001	6.34843	1.58712	6.75992
setup	0	2007-09-20 23:00:00	:ALL:	1	1.45536	49.8282	74.0652	15	10.5845	0.681676	0.528108	1.77056	521.2	1.17273	20.4254	73.746	0.200001	6.34843	1.58712	6.75992
setup	0	2007-09-21 23:00:00	ANGA	1	1	0	0	1.5	0	0	0	1.5	424	1.1128	1	0	0	0	0	0
setup	0	2007-09-21 23:00:00	BUAF	1	0.455356	49.828	74.0477	15	10.5845	0.681676	0.528108	1.77056	97.2	0.0632643	20.4254	73.746	0.200001	6.34675	1.5867	6.75813
setup	0	2007-09-21 23:00:00	:ALL:	1	1.45536	49.828	74.0477	15	10.5845	0.681676	0.528108	1.77056	521.2	1.17607	20.4254	73.746	0.200001	6.34675	1.5867	6.75813
setup	0	2007-09-22 23:00:00	ANGA	1	1	0	0	1.5	0	0	0	1.5	424	1.1128	1	0	0	0	0	0
setup	0	2007-09-22 23:00:00	BUAF	1	0.455353	49.8277	74.0301	15	10.5845	0.681676	0.528108	1.77056	97.2	0.0667481	20.4254	73.746	0.200001	6.34506	1.58628	6.75632
setup	0	2007-09-22 23:00:00	:ALL:	1	1.45535	49.8277	74.0301	15	10.5845	0.681676	0.528108	1.77056	521.2	1.17955	20.4254	73.746	0.200001	6.34506	1.58628	6.75632
setup	0	2007-09-23 23:00:00	ANGA	1	1	0	0	1.5	0	0	0	1.5	424	1.1128	1	0	0	0	0	0
setup	0	2007-09-23 23:00:00	BUAF	1	0.455351	49.8274	74.0124	15	10.5845	0.681676	0.528108	1.77056	97.2	0.0703876	20.4254	73.746	0.200001	6.34335	1.58585	6.7545
setup	0	2007-09-23 23:00:00	:ALL:	1	1.45535	49.8274	74.0124	15	10.5845	0.681676	0.528108	1.77056	521.2	1.18319	20.4254	73.746	0.200001	6.34335	1.58585	6.7545
setup	0	2007-09-24 23:00:00	ANGA	1	1	0	0	1.5	0	0	0	1.5	424	1.1128	1	0	0	0	0	0
setup	0	2007-09-24 23:00:00	BUAF	1	0.455348	49.8271	73.9945	15	10.5845	0.681676	0.528108	1.77056	97.2	0.0741874	20.4254	73.746	0.200001	6.34162	1.58542	6.75266
setup	0	2007-09-24 23:00:00	:ALL:	1	1.45535	49.8271	73.9945	15	10.5845	0.681676	0.528108	1.77056	521.2	1.18699	20.4254	73.746	0.200001	6.34162	1.58542	6.75266
setup	0	2007-09-25 23:00:00	ANGA	1	1	0	0	1.5	0	0	0	1.5	424	1.1128	1	0	0	0	0	0
setup	0	2007-09-25 23:00:00	BUAF	1	0.455346	49.8269	73.9765	15	10.5845	0.681676	0.528108	1.77056	97.2	0.0781523	20.4254	73.746	0.200001	6.33986	1.58498	6.75079
setup	0	2007-09-25 23:00:00	:ALL:	1	1.45535	49.8269	73.9765	15	10.5845	0.681676	0.528108	1.77056	521.2	1.19096	20.4254	73.746	0.200001	6.33986	1.58498	6.75079
setup	0	2007-09-26 23:00:00	ANGA	1	1	0	0	1.5	0	0	0	1.5	424	1.1128	1	0	0	0	0	0
setup	0	2007-09-26 23:00:00	BUAF	1	0.455343	49.8266	73.9583	15	10.5845	0.681676	0.528108	1.77056	97.2	0.0822869	20.4254	73.746	0.200001	6.33808	1.58454	6.7489
setup	0	2007-09-26 23:00:00	:ALL:	1	1.45534	49.8266	73.9583	15	10.5845	0.681676	0.528108	1.77056	521.2	1.19509	20.4254	73.746	0.200001	6.33808	1.58454	6.7489
setup	0	2007-09-27 23:00:00	ANGA	1	1	0	0	1.5	0	0	0	1.5	424	1.1128	1	0	0	0	0	0
setup	0	2007-09-27 23:00:00	BUAF	1	0.455341	49.8263	73.9405	15	10.5845	0.681676	0.528108	1.77056	97.2	0.0865958	20.4254	73.746	0.200001	6.33632	1.5841	6.74702
setup	0	2007-09-27 23:00:00	:ALL:	1	1.45534	49.8263	73.9405	15	10.5845	0.681676	0.528108	1.77056	521.2	1.1994	20.4254	73.746	0.200001	6.33632	1.5841	6.74702
setup	0	2007-09-28 23:00:00	ANGA	1	1	0	0	1.5	0	0	0	1.5	424	1.1128	1	0	0	0	0	0
setup	0	2007-09-28 23:00:00	BUAF	1	0.455338	49.8261	73.9229	15	10.5845	0.681676	0.528108	1.77056	97.2	0.0910836	20.4254	73.746	0.200001	6.33458	1.58366	6.74516
setup	0	2007-09-28 23:00:00	:ALL:	1	1.45534	49.8261	73.9229	15	10.5845	0.681676	0.528108	1.77056	521.2	1.20389	20.4254	73.746	0.200001	6.33458	1.58366	6.74516
setup	0	2007-09-29 23:00:00	ANGA	1	1	0	0	1.5	0	0	0	1.5	424	1.1128	1	0	0	0	0	0
setup	0	2007-09-29 23:00:00	BUAF	1	0.455336	49.8258	73.9055	15	10.5845	0.681676	0.528108	1.77056	97.2	0.0957549	20.4254	73.746	0.200001	6.33284	1.58323	6.74332
setup	0	2007-09-29 23:00:00	:ALL:	1	1.45534	49.8258	73.9055	15	10.5845	0.681676	0.528108	1.77056	521.2	1.20856	20.4254	73.746	0.200001	6.33284	1.58323	6.74332
setup	0	2007-09-30 23:00:00	ANGA	1	1	0	0	1.5	0	0	0	1.5	424	1.1128	1	0	0	0	0	0
setup	0	2007-09-30 23:00:00	BUAF	1	0.455333	49.8255	73.8883	15	10.5845	0.681676	0.528108	1.77056	97.2	0.100614	20.4254	73.746	0.200001	6.3311	1.58279	6.74147
setup	0	2007-09-30 23:00:00	:ALL:	1	1.45533	49.8255	73.8883	15	10.5845	0.681676	0.528108	1.77056	521.2	1.21342	20.4254	73.746	0.200001	6.3311	1.58279	6.74147
setup	0	2007-10-01 23:00:00	ANGA	1	1	0	0	1.5	0	0	0	1.5	424	1.1128	1	0	0	0	0	0
setup	0	2007-10-01 23:00:00	BUAF	1	0.455331	49.8252	73.8709	15	10.5845	0.681676	0.528108	1.77056	97.2	0.105666	20.4254	73.746	0.200001	6.32935	1.58235	6.7396
setup	0	2007-10-01 23:00:00	:ALL:	1	1.45533	49.8252	73.8709	15	10.5845	0.681676	0.528108	1.77056	521.2	1.21847	20.4254	73.746	0.200001	6.32935	1.58235	6.7396
setup	0	2007-10-02 23:00:00	ANGA	1	1	0	0	1.5	0	0	0	1.5	424	1.1128	1	0	0	0	0	0
setup	0	2007-10-02 23:00:00	BUAF	1	0.455328	49.825	73.8535	15	10.5845	0.681676	0.528108	1.77056	97.2	0.110914	20.4254	73.746	0.200001	6.32758	1.58191	6.73772
setup	0	2007-10-02 23:00:00	:ALL:	1	1.45533	49.825	73.8535	15	10.5845	0.681676	0.528108	1.77056	521.2	1.22372	20.4254	73.746	0.200001	6.32758	1.58191	6.73772
setup	0	2007-10-03 23:00:00	ANGA	1	1	0	0	1.5	0	0	0	1.5	424	1.1128	1	0	0	0	0	0
setup	0	2007-10-03 23:00:00	BUAF	1	0.455326	49.8247	73.836	15	10.5845	0.681676	0.528108	1.77056	97.2	0.116363	20.4254	73.746	0.200001	6.32579	1.58146	6.73581
setup	0	2007-10-03 23:00:00	:ALL:	1	1.45533	49.8247	73.836	15	10.5845	0.681676	0.528108	1.77056	521.2	1.22917	20.4254	73.746	0.200001	6.32579	1.58146	6.73581
setup	0	2007-10-04 23:00:00	ANGA	1	1	0	0	1.5	0	0	0	1.5	424	1.1128	1	0	0	0	0	0
setup	0	2007-10-04 23:00:00	BUAF	1	0.455323	49.8244	73.8183	15	10.5845	0.681676	0.528108	1.77056	97.2	0.122017	20.4254	73.746	0.200001	6.32397	1.58101	6.73387
setup	0	2007-10-04 23:00:00	:ALL:	1	1.45532	49.8244	73.8183	15	10.5845	0.681676	0.528108	1.77056	521.2	1.23482	20.4254	73.746	0.200001	6.32397	1.58101	6.73387
setup	0	2007-10-05 23:00:00	ANGA	1	1	0	0	1.5	0	0	0	1.5	424	1.1128	1	0	0	0	0	0
setup	0	2007-10-05 23:00:00	BUAF	1	0.455321	49.8241	73.8005	15	10.5845	0.681676	0.528108	1.77056	97.2	0.127881	20.4254	73.746	0.200001	6.32213	1.58055	6.73192
setup	0	2007-10-05 23:00:00	:ALL:	1	1.45532	49.8241	73.8005	15	10.5845	0.681676	0.528108	1.77056	521.2	1.24068	20.4254	73.746	0.200001	6.32213	1.58055	6.73192
setup	0	2007-10-06 23:00:00	ANGA	1	1	0	0	1.5	0	0	0	1.5	424	1.1128	1	0	0	0	0	0
setup	0	2007-10-06 23:00:00	BUAF	1	0.455318	49.8239	73.7828	15	10.5845	0.681676	0.528108	1.77056	97.2	0.133958	20.4254	73.746	0.200001	6.3203	1.58009	6.72996
setup	0	2007-10-06 23:00:00	:ALL:	1	1.45532	49.8239	73.7828	15	10.5845	0.681676	0.528108	1.77056	521.2	1.24676	20.4254	73.746	0.200001	6.3203	1.58009	6.72996
setup	0	2007-10-07 23:00:00	ANGA	1	1	0	0	1.5	0	0	0	1.5	424	1.1128	1	0	0	0	0	0
setup	0	2007-10-07 23:00:00	BUAF	1	0.455316	49.8236	73.7651	15	10.5845	0.681676	0.528108	1.77056	97.2	0.140251	20.4254	73.746	0.200001	6.31845	1.57963	6.72799
setup	0	2007-10-07 23:00:00	:ALL:	1	1.45532	49.8236	73.7651	15	10.5845	0.681676	0.528108	1.77056	521.2	1.25305	20.4254	73.746	0.200001	6.31845	1.57963	6.72799
setup	0	2007-10-08 23:00:00	ANGA	1	1	0	0	1.5	0	0	0	1.5	424	1.1128	1	0	0	0	0	0
setup	0	2007-10-08 23:00:00	BUAF	1	0.455313	49.8233	73.7478	15	10.5845	0.681676	0.528108	1.77056	97.2	0.146764	20.4254	73.746	0.200001	6.31662	1.57917	6.72604
setup	0	2007-10-08 23:00:00	:ALL:	1	1.45531	49.8233	73.7478	15	10.5845	0.681676	0.528108	1.77056	521.2	1.25957	20.4254	73.746	0.200001	6.31662	1.57917	6.72604
setup	0	2007-10-09 23:00:00	ANGA	1	1	0	0	1.5	0	0	0	1.5	424	1.1128	1	0	0	0	0	0
setup	0	2007-10-09 23:00:00	BUAF	1	0.455311	49.8231	73.7305	15	10.5845	0.681676	0.528108	1.77056	97.2	0.153502	20.4254	73.746	0.200001	6.31478	1.57871	6.72408
setup	0	2007-10-09 23:00:00	:ALL:	1	1.45531	49.8231	73.7305	15	10.5845	0.681676	0.528108	1.77056	521.2	1.2663	20.4254	73.746	0.200001	6.31478	1.57871	6.72408
setup	0	2007-10-10 23:00:00	ANGA	1	1	0	0	1.5	0	0	0	1.5	424	1.1128	1	0	0	0	0	0
setup	0	2007-10-10 23:00:00	BUAF	1	0.455308	49.8228	73.713	15	10.5845	0.681676	0.528108	1.77056	97.2	0.160466	20.4254	73.746	0.200001	6.31291	1.57824	6.72209
setup	0	2007-10-10 23:00:00	:ALL:	1	1.45531	49.8228	73.713	15	10.5845	0.681676	0.528108	1.77056	521.2	1.27327	20.4254	73.746	0.200001	6.31291	1.57824	6.72209
setup	0	2007-10-11 23:00:00	ANGA	1	1	0	0	1.5	0	0	0	1.5	424	1.1128	1	0	0	0	0	0
setup	0	2007-10-11 23:00:00	BUAF	1	0.455306	49.8225	73.6956	15	10.5845	0.681676	0.528108	1.77056	97.2	0.167661	20.4254	73.746	0.200001	6.31103	1.57777	6.7201
setup	0	2007-10-11 23:00:00	:ALL:	1	1.45531	49.8225	73.6956	15	10.5845	0.681676	0.528108	1.77056	521.2	1.28046	20.4254	73.746	0.200001	6.31103	1.57777	6.7201
setup	0	2007-10-12 23:00:00	ANGA	1	1	0	0	1.5	0	0	0	1.5	424	1.1128	1	0	0	0	0	0
setup	0	2007-10-12 23:00:00	BUAF	1	0.455303	49.8222	73.6787	15	10.5845	0.681676	0.528108	1.77056	97.2	0.175088	20.4254	73.746	0.200001	6.30919	1.57731	6.71813
setup	0	2007-10-12 23:00:00	:ALL:	1	1.4553	49.8222	73.6787	15	10.5845	0.681676	0.528108	1.77056	521.2	1.28789	20.4254	73.746	0.200001	6.30919	1.57731	6.71813
setup	0	2007-10-13 23:00:00	ANGA	1	1	0	0	1.5	0	0	0	1.5	424	1.1128	1	0	0	0	0	0
setup	0	2007-10-13 23:00:00	BUAF	1	0.455301	49.822	73.6617	15	10.5845	0.681676	0.528108	1.77056	97.2	0.18275	20.4254	73.746	0.200001	6.30733	1.57685	6.71615
setup	0	2007-10-13 23:00:00	:ALL:	1	1.4553	49.822	73.6617	15	10.5845	0.681676	0.528108	1.77056	521.2	1.29555	20.4254	73.746	0.200001	6.30733	1.57685	6.71615
setup	0	2007-10-14 23:00:00	ANGA	1	1	0	0	1.5	0	0	0	1.5	424	1.1128	1	0	0	0	0	0
setup	0	2007-10-14 23:00:00	BUAF	1	0.455298	49.8217	73.6447	15	10.5845	0.681676	0.528108	1.77056	97.2	0.19065	20.4254	73.746	0.200001	6.30545	1.57638	6.71415
setup	0	2007-10-14 23:00:00	:ALL:	1	1.4553	49.8217	73.6447	15	10.5845	0.681676	0.528108	1.77056	521.2	1.30345	20.4254	73.746	0.200001	6.30545	1.57638	6.71415
setup	0	2007-10-15 23:00:00	ANGA	1	1	0	0	1.5	0	0	0	1.5	424	1.1128	1	0	0	0	0	0
setup	0	2007-10-15 23:00:00	BUAF	1	0.455296	49.8214	73.6276	15	10.5845	0.681676	0.528108	1.77056	97.2	0.198789	20.4254	73.746	0.200001	6.30356	1.5759	6.71213
setup	0	2007-10-15 23:00:00	:ALL:	1	1.4553	49.8214	73.6276	15	10.5845	0.681676	0.528108	1.77056	521.2	1.31159	20.4254	73.746	0.200001	6.30356	1.5759	6.71213
setup	0	2007-10-16 23:00:00	ANGA	1	1	0	0	1.5	0	0	0	1.5	424	1.1128	1	0	0	0	0	0
setup	0	2007-10-16 23:00:00	BUAF	1	0.455293	49.8211	73.6102	15	10.5845	0.681676	0.528108	1.77056	97.2	0.207169	20.4254	73.746	0.200001	6.30163	1.57542	6.71008
setup	0	2007-10-16 23:00:00	:ALL:	1	1.45529	49.8211	73.6102	15	10.5845	0.681676	0.528108	1.77056	521.2	1.31997	20.4254	73.746	0.200001	6.30163	1.57542	6.71008
setup	0	2007-10-17 23:00:00	ANGA	1	1	0	0	1.5	0	0	0	1.5	424	1.1128	1	0	0	0	0	0
setup	0	2007-10-17 23:00:00	BUAF	1	0.455291	49.8209	73.5929	15	10.5845	0.681676	0.528108	1.77056	97.2	0.215792	20.4254	73.746	0.200001	6.29968	1.57494	6.70801
setup	0	2007-10-17 23:00:00	:ALL:	1	1.45529	49.8209	73.5929	15	10.5845	0.681676	0.528108	1.77056	521.2	1.3286	20.4254	73.746	0.200001	6.29968	1.57494	6.70801
setup	0	2007-10-18 23:00:00	ANGA	1	1	0	0	1.5	0	0	0	1.5	424	1.1128	1	0	0	0	0	0
setup	0	2007-10-18 23:00:00	BUAF	1	0.455288	49.8206	73.5755	15	10.5845	0.681676	0.528108	1.77056	97.2	0.224659	20.4254	73.746	0.200001	6.29772	1.57444	6.70592
setup	0	2007-10-18 23:00:00	:ALL:	1	1.45529	49.8206	73.5755	15	10.5845	0.681676	0.528108	1.77056	521.2	1.33746	20.4254	73.746	0.200001	6.29772	1.57444	6.70592
setup	0	2007-10-19 23:00:00	ANGA	1	1	0	0	1.5	0	0	0	1.5	424	1.1128	1	0	0	0	0	0
setup	0	2007-10-19 23:00:00	BUAF	1	0.455286	49.8203	73.558	15	10.5845	0.681676	0.528108	1.77056	97.2	0.23377	20.4254	73.746	0.200001	6.29574	1.57395	6.70381
setup	0	2007-10-19 23:00:00	:ALL:	1	1.45529	49.8203	73.558	15	10.5845	0.681676	0.528108	1.77056	521.2	1.34657	20.4254	73.746	0.200001	6.29574	1.57395	6.70381
setup	0	2007-10-20 23:00:00	ANGA	1	1	0	0	1.5	0	0	0	1.5	424	1.1128	1	0	0	0	0	0
setup	0	2007-10-20 23:00:00	BUAF	1	0.455283	49.8201	73.5405	15	10.5845	0.681676	0.528108	1.77056	97.2	0.243126	20.4254	73.746	0.200001	6.29374	1.57345	6.70168
setup	0	2007-10-20 23:00:00	:ALL:	1	1.45528	49.8201	73.5405	15	10.5845	0.681676	0.528108	1.77056	521.2	1.35593	20.4254	73.746	0.200001	6.29374	1.57345	6.70168
setup	0	2007-10-21 23:00:00	ANGA	1	1	0	0	1.5	0	0	0	1.5	424	1.1128	1	0	0	0	0	0
setup	0	2007-10-21 23:00:00	BUAF	1	0.455281	49.8198	73.523	15	10.5845	0.681676	0.528108	1.77056	97.2	0.252727	20.4254	73.746	0.200001	6.29173	1.57295	6.69954
setup	0	2007-10-21 23:00:00	:ALL:	1	1.45528	49.8198	73.523	15	10.5845	0.681676	0.528108	1.77056	521.2	1.36553	20.4254	73.746	0.200001	6.29173	1.57295	6.69954
setup	0	2007-10-22 23:00:00	ANGA	1	1	0	0	1.5	0	0	0	1.5	424	1.1128	1	0	0	0	0	0
setup	0	2007-10-22 23:00:00	BUAF	1	0.455278	49.8195	73.5057	15	10.5845	0.681676	0.528108	1.77056	97.2	0.262572	20.4254	73.746	0.200001	6.28973	1.57245	6.69741
setup	0	2007-10-22 23:00:00	:ALL:	1	1.45528	49.8195	73.5057	15	10.5845	0.681676	0.528108	1.77056	521.2	1.37537	20.4254	73.746	0.200001	6.28973	1.57245	6.69741
setup	0	2007-10-23 23:00:00	ANGA	1	1	0	0	1.5	0	0	0	1.5	424	1.1128	1	0	0	0	0	0
setup	0	2007-10-23 23:00:00	BUAF	1	0.455276	49.8192	73.4883	15	10.5845	0.681676	0.528108	1.77056	97.2	0.27266	20.4254	73.746	0.200001	6.2877	1.57194	6.69525
setup	0	2007-10-23 23:00:00	:ALL:	1	1.45528	49.8192	73.4883	15	10.5845	0.681676	0.528108	1.77056	521.2	1.38546	20.4254	73.746	0.200001	6.2877	1.57194	6.69525
setup	0	2007-10-24 23:00:00	ANGA	1	1	0	0	1.5	0	0	0	1.5	424	1.1128	1	0	0	0	0	0
setup	0	2007-10-24 23:00:00	BUAF	1	0.455273	49.819	73.4709	15	10.5845	0.681676	0.528108	1.77056	97.2	0.282991	20.4254	73.746	0.200001	6.28566	1.57143	6.69308
setup	0	2007-10-24 23:00:00	:ALL:	1	1.45527	49.819	73.4709	15	10.5845	0.681676	0.528108	1.77056	521.2	1.39579	20.4254	73.746	0.200001	6.28566	1.57143	6.69308
setup	0	2007-10-25 23:00:00	ANGA	1	1	0	0	1.5	0	0	0	1.5	424	1.1128	1	0	0	0	0	0
setup	0	2007-10-25 23:00:00	BUAF	1	0.455271	49.8187	73.4539	15	10.5845	0.681676	0.528108	1.77056	97.2	0.293563	20.4254	73.746	0.200001	6.28364	1.57093	6.69093
setup	0	2007-10-25 23:00:00	:ALL:	1	1.45527	49.8187	73.4539	15	10.5845	0.681676	0.528108	1.77056	521.2	1.40637	20.4254	73.746	0.200001	6.28364	1.57093	6.69093
setup	0	2007-10-26 23:00:00	ANGA	1	1	0	0	1.5	0	0	0	1.5	424	1.1128	1	0	0	0	0	0
setup	0	2007-10-26 23:00:00	BUAF	1	0.455268	49.8184	73.4392	15	10.5845	0.681676	0.528108	1.77056	97.2	0.304374	20.4254	73.746	0.200001	6.28181	1.57047	6.68898
setup	0	2007-10-26 23:00:00	:ALL:	1	1.45527	49.8184	73.4392	15	10.5845	0.681676	0.528108	1.77056	521.2	1.41718	20.4254	73.746	0.200001	6.28181	1.57047	6.68898
setup	0	2007-10-27 23:00:00	ANGA	1	1	0	0	1.5	0	0	0	1.5	424	1.1128	1	0	0	0	0	0
setup	0	2007-10-27 23:00:00	BUAF	1	0.455266	49.8181	73.4324	15	10.5845	0.681676	0.528108	1.77056	97.2	0.31542	20.4254	73.746	0.200001	6.28067	1.57018	6.68776
setup	0	2007-10-27 23:00:00	:ALL:	1	1.45527	49.8181	73.4324	15	10.5845	0.681676	0.528108	1.77056	521.2	1.42822	20.4254	73.746	0.200001	6.28067	1.57018	6.68776
setup	0	2007-10-28 23:00:00	ANGA	1	1	0	0	1.5	0	0	0	1.5	424	1.1467	1	0	0	0	0	0
setup	0	2007-10-28 23:00:00	BUAF	1	0.455263	49.8179	73.4269	15	10.5845	0.681676	0.528108	1.77056	97.2	0.326701	20.4254	73.746	0.200001	6.27964	1.56993	6.68667
setup	0	2007-10-28 23:00:00	:ALL:	1	1.45526	49.8179	73.4269	15	10.5845	0.681676	0.528108	1.77056	521.2	1.4734	20.4254	73.746	0.200001	6.27964	1.56993	6.68667
setup	0	2007-10-29 23:00:00	ANGA	1	1	0	0	1.5	0	0	0	1.5	424	1.17555	1	0	0	0	0	0
setup	0	2007-10-29 23:00:00	BUAF	1	0.455261	49.8176	73.42	15	10.5845	0.681676	0.528108	1.77056	97.2	0.338211	20.4254	73.746	0.200001	6.27847	1.56963	6.68542
setup	0	2007-10-29 23:00:00	:ALL:	1	1.45526	49.8176	73.42	15	10.5845	0.681676	0.528108	1.77056	521.2	1.51376	20.4254	73.746	0.200001	6.27847	1.56963	6.68542
setup	0	2007-10-30 23:00:00	ANGA	1	1	0	0	1.5	0	0	0	1.5	424	1.17479	1	0	0	0	0	0
setup	0	2007-10-30 23:00:00	BUAF	1	0.455258	49.8173	73.413	15	10.5845	0.681676	0.528108	1.77056	97.2	0.349947	20.4254	73.746	0.200001	6.27728	1.56933	6.68415
setup	0	2007-10-30 23:00:00	:ALL:	1	1.45526	49.8173	73.413	15	10.5845	0.681676	0.528108	1.77056	521.2	1.52474	20.4254	73.746	0.200001	6.27728	1.56933	6.68415
setup	0	2007-10-31 23:00:00	ANGA	1	1	0	0	1.5	0	0	0	1.5	424	1.17392	1	0	0	0	0	0
setup	0	2007-10-31 23:00:00	BUAF	1	0.455256	49.817	73.4066	15	10.5845	0.681676	0.528108	1.77056	97.2	0.361904	20.4254	73.746	0.200001	6.27615	1.56905	6.68295
setup	0	2007-10-31 23:00:00	:ALL:	1	1.45526	49.817	73.4066	15	10.5845	0.681676	0.528108	1.77056	521.2	1.53582	20.4254	73.746	0.200001	6.27615	1.56905	6.68295
setup	0	2007-11-01 23:00:00	ANGA	1	1	0	0	1.5	0	0	0	1.5	424	1.17291	1	0	0	0	0	0
setup	0	2007-11-01 23:00:00	BUAF	1	0.455253	49.8168	73.3985	15	10.5845	0.681676	0.528108	1.77056	97.2	0.374078	20.4254	73.746	0.200001	6.27483	1.56872	6.68155
setup	0	2007-11-01 23:00:00	:ALL:	1	1.45525	49.8168	73.3985	15	10.5845	0.681676	0.528108	1.77056	521.2	1.54698	20.4254	73.746	0.200001	6.27483	1.56872	6.68155
setup	0	2007-11-02 23:00:00	ANGA	1	1	0	0	1.5	0	0	0	1.5	424	1.17174	1	0	0	0	0	0
setup	0	2007-11-02 23:00:00	BUAF	1	0.455251	49.8165	73.3875	15	10.5845	0.681676	0.528108	1.77056	97.2	0.386464	20.4254	73.746	0.200001	6.27324	1.56832	6.67985
setup	0	2007-11-02 23:00:00	:ALL:	1	1.45525	49.8165	73.3875	15	10.5845	0.681676	0.528108	1.77056	521.2	1.5582	20.4254	73.746	0.200001	6.27324	1.56832	6.67985
setup	0	2007-11-03 23:00:00	ANGA	1	1	0	0	1.5	0	0	0	1.5	424	1.1704	1	0	0	0	0	0
setup	0	2007-11-03 23:00:00	BUAF	1	0.455248	49.8162	73.3735	15	10.5845	0.681676	0.528108	1.77056	97.2	0.399054	20.4254	73.746	0.200001	6.27137	1.56786	6.67786
setup	0	2007-11-03 23:00:00	:ALL:	1	1.45525	49.8162	73.3735	15	10.5845	0.681676	0.528108	1.77056	521.2	1.56946	20.4254	73.746	0.200001	6.27137	1.56786	6.67786
setup	0	2007-11-04 23:00:00	ANGA	1	1	0	0	1.5	0	0	0	1.5	424	1.16888	1	0	0	0	0	0
setup	0	2007-11-04 23:00:00	BUAF	1	0.455246	49.816	73.3576	15	10.5845	0.681676	0.528108	1.77056	97.2	0.411844	20.4254	73.746	0.200001	6.26933	1.56735	6.67568
setup	0	2007-11-04 23:00:00	:ALL:	1	1.45525	49.816	73.3576	15	10.5845	0.681676	0.528108	1.77056	521.2	1.58072	20.4254	73.746	0.200001	6.26933	1.56735	6.67568
setup	0	2007-11-05 23:00:00	ANGA	1	1	0	0	1.5	0	0	0	1.5	424	1.16713	1	0	0	0	0	0
setup	0	2007-11-05 23:00:00	BUAF	1	0.455244	49.8157	73.3409	15	10.5845	0.681676	0.528108	1.77056	97.2	0.424826	20.4254	73.746	0.200001	6.26721	1.56682	6.67343
setup	0	2007-11-05 23:00:00	:ALL:	1	1.45524	49.8157	73.3409	15	10.5845	0.681676	0.528108	1.77056	521.2	1.59195	20.4254	73.746	0.200001	6.26721	1.56682	6.67343
setup	0	2007-11-06 23:00:00	ANGA	1	1	0	0	1.5	0	0	0	1.5	424	1.16514	1	0	0	0	0	0
setup	0	2007-11-06 23:00:00	BUAF	1	0.455241	49.8154	73.3239	15	10.5845	0.681676	0.528108	1.77056	97.2	0.437992	20.4254	73.746	0.200001	6.26506	1.56628	6.67114
setup	0	2007-11-06 23:00:00	:ALL:	1	1.45524	49.8154	73.3239	15	10.5845	0.681676	0.528108	1.77056	521.2	1.60313	20.4254	73.746	0.200001	6.26506	1.56628	6.67114
setup	0	2007-11-07 23:00:00	ANGA	1	1	0	0	1.5	0	0	0	1.5	424	1.16288	1	0	0	0	0	0
setup	0	2007-11-07 23:00:00	BUAF	1	0.455239	49.8151	73.3066	15	10.5845	0.681676	0.528108	1.77056	97.2	0.451334	20.4254	73.746	0.200001	6.26287	1.56573	6.66881
setup	0	2007-11-07 23:00:00	:ALL:	1	1.45524	49.8151	73.3066	15	10.5845	0.681676	0.528108	1.77056	521.2	1.61422	20.4254	73.746	0.200001	6.26287	1.56573	6.66881
setup	0	2007-11-08 23:00:00	ANGA	1	1	0	0	1.5	0	0	0	1.5	424	1.16032	1	0	0	0	0	0
setup	0	2007-11-08 23:00:00	BUAF	1	0.455236	49.8149	73.2896	15	10.5845	0.681676	0.528108	1.77056	97.2	0.464844	20.4254	73.746	0.200001	6.26069	1.56519	6.66649
setup	0	2007-11-08 23:00:00	:ALL:	1	1.45524	49.8149	73.2896	15	10.5845	0.681676	0.528108	1.77056	521.2	1.62517	20.4254	73.746	0.200001	6.26069	1.56519	6.66649
setup	0	2007-11-09 23:00:00	ANGA	1	1	0	0	1.5	0	0	0	1.5	424	1.15743	1	0	0	0	0	0
setup	0	2007-11-09 23:00:00	BUAF	1	0.455234	49.8146	73.2725	15	10.5845	0.681676	0.528108	1.77056	97.2	0.478514	20.4254	73.746	0.200001	6.2585	1.56464	6.66416
setup	0	2007-11-09 23:00:00	:ALL:	1	1.45523	49.8146	73.2725	15	10.5845	0.681676	0.528108	1.77056	521.2	1.63595	20.4254	73.746	0.200001	6.2585	1.56464	6.66416
setup	0	2007-11-10 23:00:00	ANGA	1	1	0	0	1.5	0	0	0	1.5	424	1.15418	1	0	0	0	0	0
setup	0	2007-11-10 23:00:00	BUAF	1	0.455231	49.8143	73.2553	15	10.5845	0.681676	0.528108	1.77056	97.2	0.492332	20.4254	73.746	0.200001	6.2563	1.56409	6.66181
setup	0	2007-11-10 23:00:00	:ALL:	1	1.45523	49.8143	73.2553	15	10.5845	0.681676	0.528108	1.77056	521.2	1.64651	20.4254	73.746	0.200001	6.2563	1.56409	6.66181
setup	0	2007-11-11 23:00:00	ANGA	1	1	0	0	1.5	0	0	0	1.5	424	1.15052	1	0	0	0	0	0
setup	0	2007-11-11 23:00:00	BUAF	1	0.455229	49.814	73.2382	15	10.5845	0.681676	0.528108	1.77056	97.2	0.50629	20.4254	73.746	0.200001	6.2541	1.56354	6.65947
setup	0	2007-11-11 23:00:00	:ALL:	1	1.45523	49.814	73.2382	15	10.5845	0.681676	0.528108	1.77056	521.2	1.65681	20.4254	73.746	0.200001	6.2541	1.56354	6.65947
setup	0	2007-11-12 23:00:00	ANGA	1	1	0	0	1.5	0	0	0	1.5	424	1.14642	1	0	0	0	0	0
setup	0	2007-11-12 23:00:00	BUAF	1	0.455226	49.8138	73.222	15	10.5845	0.681676	0.528108	1.77056	97.2	0.520377	20.4254	73.746	0.200001	6.25196	1.56301	6.6572
setup	0	2007-11-12 23:00:00	:ALL:	1	1.45523	49.8138	73.222	15	10.5845	0.681676	0.528108	1.77056	521.2	1.66679	20.4254	73.746	0.200001	6.25196	1.56301	6.6572
setup	0	2007-11-13 23:00:00	ANGA	1	1	0	0	1.5	0	0	0	1.5	424	1.14183	1	0	0	0	0	0
setup	0	2007-11-13 23:00:00	BUAF	1	0.455224	49.8135	73.2075	15	10.5845	0.681676	0.528108	1.77056	97.2	0.534581	20.4254	73.746	0.200001	6.24997	1.56251	6.65507
setup	0	2007-11-13 23:00:00	:ALL:	1	1.45522	49.8135	73.2075	15	10.5845	0.681676	0.528108	1.77056	521.2	1.67641	20.4254	73.746	0.200001	6.24997	1.56251	6.65507
setup	0	2007-11-14 23:00:00	ANGA	1	1	0	0	1.5	0	0	0	1.5	424	1.13672	1	0	0	0	0	0
setup	0	2007-11-14 23:00:00	BUAF	1	0.455221	49.8132	73.193	15	10.5845	0.681676	0.528108	1.77056	97.2	0.548892	20.4254	73.746	0.200001	6.24797	1.56201	6.65294
setup	0	2007-11-14 23:00:00	:ALL:	1	1.45522	49.8132	73.193	15	10.5845	0.681676	0.528108	1.77056	521.2	1.68561	20.4254	73.746	0.200001	6.24797	1.56201	6.65294
setup	0	2007-11-15 23:00:00	ANGA	1	1	0	0	1.5	0	0	0	1.5	424	1.13104	1	0	0	0	0	0
setup	0	2007-11-15 23:00:00	BUAF	1	0.455219	49.813	73.1788	15	10.5845	0.681676	0.528108	1.77056	97.2	0.563296	20.4254	73.746	0.200001	6.24599	1.56151	6.65083
setup	0	2007-11-15 23:00:00	:ALL:	1	1.45522	49.813	73.1788	15	10.5845	0.681676	0.528108	1.77056	521.2	1.69434	20.4254	73.746	0.200001	6.24599	1.56151	6.65083
setup	0	2007-11-16 23:00:00	ANGA	1	1	0	0	1.5	0	0	0	1.5	424	1.12474	1	0	0	0	0	0
setup	0	2007-11-16 23:00:00	BUAF	1	0.455216	49.8127	73.1663	15	10.5845	0.681676	0.528108	1.77056	97.2	0.577782	20.4254	73.746	0.200001	6.24416	1.56105	6.64889
setup	0	2007-11-16 23:00:00	:ALL:	1	1.45522	49.8127	73.1663	15	10.5845	0.681676	0.528108	1.77056	521.2	1.70252	20.4254	73.746	0.200001	6.24416	1.56105	6.64889
setup	0	2007-11-17 23:00:00	ANGA	1	1	0	0	1.5	0	0	0	1.5	424	1.11778	1	0	0	0	0	0
setup	0	2007-11-17 23:00:00	BUAF	1	0.455214	49.8124	73.155	15	10.5845	0.681676	0.528108	1.77056	97.2	0.592337	20.4254	73.746	0.200001	6.24248	1.56063	6.64709
setup	0	2007-11-17 23:00:00	:ALL:	1	1.45521	49.8124	73.155	15	10.5845	0.681676	0.528108	1.77056	521.2	1.71011	20.4254	73.746	0.200001	6.24248	1.56063	6.64709
setup	0	2007-11-18 23:00:00	ANGA	1	1	0	0	1.5	0	0	0	1.5	424	1.1101	1	0	0	0	0	0
setup	0	2007-11-18 23:00:00	BUAF	1	0.455211	49.8121	73.1433	15	10.5845	0.681676	0.528108	1.77056	97.2	0.606947	20.4254	73.746	0.200001	6.24074	1.5602	6.64525
setup	0	2007-11-18 23:00:00	:ALL:	1	1.45521	49.8121	73.1433	15	10.5845	0.681676	0.528108	1.77056	521.2	1.71704	20.4254	73.746	0.200001	6.24074	1.5602	6.64525
setup	0	2007-11-19 23:00:00	ANGA	1	1	0	0	1.5	0	0	0	1.5	424	1.10165	1	0	0	0	0	0
setup	0	2007-11-19 23:00:00	BUAF	1	0.455209	49.8119	73.1318	15	10.5845	0.681676	0.528108	1.77056	97.2	0.621598	20.4254	73.746	0.200001	6.23904	1.55977	6.64343
setup	0	2007-11-19 23:00:00	:ALL:	1	1.45521	49.8119	73.1318	15	10.5845	0.681676	0.528108	1.77056	521.2	1.72325	20.4254	73.746	0.200001	6.23904	1.55977	6.64343
setup	0	2007-11-20 23:00:00	ANGA	1	1	0	0	1.5	0	0	0	1.5	424	1.09239	1	0	0	0	0	0
setup	0	2007-11-20 23:00:00	BUAF	1	0.455206	49.8116	73.1201	15	10.5845	0.681676	0.528108	1.77056	97.2	0.636277	20.4254	73.746	0.200001	6.23731	1.55934	6.64159
setup	0	2007-11-20 23:00:00	:ALL:	1	1.45521	49.8116	73.1201	15	10.5845	0.681676	0.528108	1.77056	521.2	1.72866	20.4254	73.746	0.200001	6.23731	1.55934	6.64159
setup	0	2007-11-21 23:00:00	ANGA	1	1	0	0	1.5	0	0	0	1.5	424	1.08226	1	0	0	0	0	0
setup	0	2007-11-21 23:00:00	BUAF	1	0.455204	49.8113	73.1066	15	10.5845	0.681676	0.528108	1.77056	97.2	0.650968	20.4254	73.746	0.200001	6.23538	1.55886	6.63953
setup	0	2007-11-21 23:00:00	:ALL:	1	1.4552	49.8113	73.1066	15	10.5845	0.681676	0.528108	1.77056	521.2	1.73323	20.4254	73.746	0.200001	6.23538	1.55886	6.63953
setup	0	2007-11-22 23:00:00	ANGA	1	1	0	0	1.5	0	0	0	1.5	424	1.07122	1	0	0	0	0	0
setup	0	2007-11-22 23:00:00	BUAF	1	0.455201	49.811	73.091	15	10.5845	0.681676	0.528108	1.77056	97.2	0.665656	20.4254	73.746	0.200001	6.23327	1.55833	6.63729
setup	0	2007-11-22 23:00:00	:ALL:	1	1.4552	49.811	73.091	15	10.5845	0.681676	0.528108	1.77056	521.2	1.73687	20.4254	73.746	0.200001	6.23327	1.55833	6.63729
setup	0	2007-11-23 23:00:00	ANGA	1	1	0	0	1.5	0	0	0	1.5	424	1.05921	1	0	0	0	0	0
setup	0	2007-11-23 23:00:00	BUAF	1	0.455199	49.8108	73.0745	15	10.5845	0.681676	0.528108	1.77056	97.2	0.680327	20.4254	73.746	0.200001	6.23108	1.55778	6.63496
setup	0	2007-11-23 23:00:00	:ALL:	1	1.4552	49.8108	73.0745	15	10.5845	0.681676	0.528108	1.77056	521.2	1.73954	20.4254	73.746	0.200001	6.23108	1.55778	6.63496
setup	0	2007-11-24 23:00:00	ANGA	1	1	0	0	1.5	0	0	0	1.5	424	1.04619	1	0	0	0	0	0
setup	0	2007-11-24 23:00:00	BUAF	1	0.455196	49.8105	73.0581	15	10.5845	0.681676	0.528108	1.77056	97.2	0.694965	20.4254	73.746	0.200001	6.2289	1.55724	6.63264
setup	0	2007-11-24 23:00:00	:ALL:	1	1.4552	49.8105	73.0581	15	10.5845	0.681676	0.528108	1.77056	521.2	1.74115	20.4254	73.746	0.200001	6.2289	1.55724	6.63264
setup	0	2007-11-25 23:00:00	ANGA	1	1	0	0	1.5	0	0	0	1.5	424	1.03211	1	0	0	0	0	0
setup	0	2007-11-25 23:00:00	BUAF	1	0.455194	49.8102	73.0415	15	10.5845	0.681676	0.528108	1.77056	97.2	0.709554	20.4254	73.746	0.200001	6.22671	1.55669	6.6303
setup	0	2007-11-25 23:00:00	:ALL:	1	1.45519	49.8102	73.0415	15	10.5845	0.681676	0.528108	1.77056	521.2	1.74166	20.4254	73.746	0.200001	6.22671	1.55669	6.6303
setup	0	2007-11-26 23:00:00	ANGA	1	1	0	0	1.5	0	0	0	1.5	424	1.01694	1	0	0	0	0	0
setup	0	2007-11-26 23:00:00	BUAF	1	0.455191	49.81	73.025	15	10.5845	0.681676	0.528108	1.77056	97.2	0.724078	20.4254	73.746	0.200001	6.22453	1.55615	6.62798
setup	0	2007-11-26 23:00:00	:ALL:	1	1.45519	49.81	73.025	15	10.5845	0.681676	0.528108	1.77056	521.2	1.74101	20.4254	73.746	0.200001	6.22453	1.55615	6.62798
setup	0	2007-11-27 23:00:00	ANGA	1	1	0	0	1.5	0	0	0	1.5	424	1.00063	1	0	0	0	0	0
setup	0	2007-11-27 23:00:00	BUAF	1	0.455189	49.8097	73.0084	15	10.5845	0.681676	0.528108	1.77056	97.2	0.73852	20.4254	73.746	0.200001	6.22234	1.5556	6.62565
setup	0	2007-11-27 23:00:00	:ALL:	1	1.45519	49.8097	73.0084	15	10.5845	0.681676	0.528108	1.77056	521.2	1.73915	20.4254	73.746	0.200001	6.22234	1.5556	6.62565
setup	0	2007-11-28 23:00:00	ANGA	1	1	0	0	1.5	0	0	0	1.5	424	0.983147	1	0	0	0	0	0
setup	0	2007-11-28 23:00:00	BUAF	1	0.455186	49.8094	72.9923	15	10.5845	0.681676	0.528108	1.77056	97.2	0.752863	20.4254	73.746	0.200001	6.2202	1.55506	6.62337
setup	0	2007-11-28 23:00:00	:ALL:	1	1.45519	49.8094	72.9923	15	10.5845	0.681676	0.528108	1.77056	521.2	1.73601	20.4254	73.746	0.200001	6.2202	1.55506	6.62337
setup	0	2007-11-29 23:00:00	ANGA	1	1	0	0	1.5	0	0	0	1.5	424	0.964472	1	0	0	0	0	0
setup	0	2007-11-29 23:00:00	BUAF	1	0.455184	49.8091	72.9772	15	10.5845	0.681676	0.528108	1.77056	97.2	0.767092	20.4254	73.746	0.200001	6.21815	1.55455	6.6212
setup	0	2007-11-29 23:00:00	:ALL:	1	1.45518	49.8091	72.9772	15	10.5845	0.681676	0.528108	1.77056	521.2	1.73156	20.4254	73.746	0.200001	6.21815	1.55455	6.6212
setup	0	2007-11-30 23:00:00	ANGA	1	1	0	0	1.5	0	0	0	1.5	424	0.94458	1	0	0	0	0	0
setup	0	2007-11-30 23:00:00	BUAF	1	0.455181	49.8089	72.9633	15	10.5845	0.681676	0.528108	1.77056	97.2	0.781189	20.4254	73.746	0.200001	6.21625	1.55408	6.61917
setup	0	2007-11-30 23:00:00	:ALL:	1	1.45518	49.8089	72.9633	15	10.5845	0.681676	0.528108	1.77056	521.2	1.72577	20.4254	73.746	0.200001	6.21625	1.55408	6.61917
setup	0	2007-12-01 23:00:00	ANGA	1	1	0	0	1.5	0	0	0	1.5	424	0.923454	1	0	0	0	0	0
setup	0	2007-12-01 23:00:00	BUAF	1	0.455179	49.8086	72.9491	15	10.5845	0.681676	0.528108	1.77056	97.2	0.795136	20.4254	73.746	0.200001	6.21433	1.5536	6.61712
setup	0	2007-12-01 23:00:00	:ALL:	1	1.45518	49.8086	72.9491	15	10.5845	0.681676	0.528108	1.77056	521.2	1.71859	20.4254	73.746	0.200001	6.21433	1.5536	6.61712
setup	0	2007-12-02 23:00:00	ANGA	1	1	0	0	1.5	0	0	0	1.5	424	0.90109	1	0	0	0	0	0
setup	0	2007-12-02 23:00:00	BUAF	1	0.455176	49.8083	72.9348	15	10.5845	0.681676	0.528108	1.77056	97.2	0.808918	20.4254	73.746	0.200001	6.21239	1.55311	6.61505
setup	0	2007-12-02 23:00:00	:ALL:	1	1.45518	49.8083	72.9348	15	10.5845	0.681676	0.528108	1.77056	521.2	1.71001	20.4254	73.746	0.200001	6.21239	1.55311	6.61505
setup	0	2007-12-03 23:00:00	ANGA	1	1	0	0	1.5	0	0	0	1.5	424	0.877489	1	0	0	0	0	0
setup	0	2007-12-03 23:00:00	BUAF	1	0.455174	49.808	72.9196	15	10.5845	0.681676	0.528108	1.77056	97.2	0.822517	20.4254	73.746	0.200001	6.21037	1.55261	6.6129
setup	0	2007-12-03 23:00:00	:ALL:	1	1.45517	49.808	72.9196	15	10.5845	0.681676	0.528108	1.77056	521.2	1.70001	20.4254	73.746	0.200001	6.21037	1.55261	6.6129
setup	0	2007-12-04 23:00:00	ANGA	1	1	0	0	1.5	0	0	0	1.5	424	0.852661	1	0	0	0	0	0
setup	0	2007-12-04 23:00:00	BUAF	1	0.455171	49.8078	72.904	15	10.5845	0.681676	0.528108	1.77056	97.2	0.835915	20.4254	73.746	0.200001	6.20833	1.5521	6.61073
setup	0	2007-12-04 23:00:00	:ALL:	1	1.45517	49.8078	72.904	15	10.5845	0.681676	0.528108	1.77056	521.2	1.68858	20.4254	73.746	0.200001	6.20833	1.5521	6.61073
setup	0	2007-12-05 23:00:00	ANGA	1	1	0	0	1.5	0	0	0	1.5	424	0.826628	1	0	0	0	0	0
setup	0	2007-12-05 23:00:00	BUAF	1	0.455169	49.8075	72.8881	15	10.5845	0.681676	0.528108	1.77056	97.2	0.849096	20.4254	73.746	0.200001	6.20627	1.55158	6.60854
setup	0	2007-12-05 23:00:00	:ALL:	1	1.45517	49.8075	72.8881	15	10.5845	0.681676	0.528108	1.77056	521.2	1.67572	20.4254	73.746	0.200001	6.20627	1.55158	6.60854
setup	0	2007-12-06 23:00:00	ANGA	1	1	0	0	1.5	0	0	0	1.5	424	0.799421	1	0	0	0	0	0
setup	0	2007-12-06 23:00:00	BUAF	1	0.455166	49.8072	72.8716	15	10.5845	0.681676	0.528108	1.77056	97.2	0.862042	20.4254	73.746	0.200001	6.20418	1.55106	6.60631
setup	0	2007-12-06 23:00:00	:ALL:	1	1.45517	49.8072	72.8716	15	10.5845	0.681676	0.528108	1.77056	521.2	1.66146	20.4254	73.746	0.200001	6.20418	1.55106	6.60631
setup	0	2007-12-07 23:00:00	ANGA	1	1	0	0	1.5	0	0	0	1.5	424	0.771083	1	0	0	0	0	0
setup	0	2007-12-07 23:00:00	BUAF	1	0.455164	49.8069	72.8553	15	10.5845	0.681676	0.528108	1.77056	97.2	0.874737	20.4254	73.746	0.200001	6.20211	1.55054	6.60411
setup	0	2007-12-07 23:00:00	:ALL:	1	1.45516	49.8069	72.8553	15	10.5845	0.681676	0.528108	1.77056	521.2	1.64582	20.4254	73.746	0.200001	6.20211	1.55054	6.60411
setup	0	2007-12-08 23:00:00	ANGA	1	1	0	0	1.5	0	0	0	1.5	424	0.741667	1	0	0	0	0	0
setup	0	2007-12-08 23:00:00	BUAF	1	0.455161	49.8067	72.8392	15	10.5845	0.681676	0.528108	1.77056	97.2	0.887164	20.4254	73.746	0.200001	6.20007	1.55003	6.60194
setup	0	2007-12-08 23:00:00	:ALL:	1	1.45516	49.8067	72.8392	15	10.5845	0.681676	0.528108	1.77056	521.2	1.62883	20.4254	73.746	0.200001	6.20007	1.55003	6.60194
setup	0	2007-12-09 23:00:00	ANGA	1	1	0	0	1.5	0	0	0	1.5	424	0.71124	1	0	0	0	0	0
setup	0	2007-12-09 23:00:00	BUAF	1	0.455159	49.8064	72.823	15	10.5845	0.681676	0.528108	1.77056	97.2	0.899306	20.4254	73.746	0.200001	6.19805	1.54953	6.59979
setup	0	2007-12-09 23:00:00	:ALL:	1	1.45516	49.8064	72.823	15	10.5845	0.681676	0.528108	1.77056	521.2	1.61055	20.4254	73.746	0.200001	6.19805	1.54953	6.59979
setup	0	2007-12-10 23:00:00	ANGA	1	1	0	0	1.5	0	0	0	1.5	424	0.679879	1	0	0	0	0	0
setup	0	2007-12-10 23:00:00	BUAF	1	0.455156	49.8061	72.8071	15	10.5845	0.681676	0.528108	1.77056	97.2	0.911147	20.4254	73.746	0.200001	6.19607	1.54903	6.59768
setup	0	2007-12-10 23:00:00	:ALL:	1	1.45516	49.8061	72.8071	15	10.5845	0.681676	0.528108	1.77056	521.2	1.59103	20.4254	73.746	0.200001	6.19607	1.54903	6.59768
setup	0	2007-12-11 23:00:00	ANGA	1	1	0	0	1.5	0	0	0	1.5	424	0.647674	1	0	0	0	0	0
setup	0	2007-12-11 23:00:00	BUAF	1	0.455154	49.8059	72.7915	15	10.5845	0.681676	0.528108	1.77056	97.2	0.92267	20.4254	73.746	0.200001	6.19413	1.54855	6.59561
setup	0	2007-12-11 23:00:00	:ALL:	1	1.45515	49.8059	72.7915	15	10.5845	0.681676	0.528108	1.77056	521.2	1.57034	20.4254	73.746	0.200001	6.19413	1.54855	6.59561
setup	0	2007-12-12 23:00:00	ANGA	1	1	0	0	1.5	0	0	0	1.5	424	0.614728	1	0	0	0	0	0
setup	0	2007-12-12 23:00:00	BUAF	1	0.455151	49.8056	72.7758	15	10.5845	0.681676	0.528108	1.77056	97.2	0.93386	20.4254	73.746	0.200001	6.19219	1.54806	6.59354
setup	0	2007-12-12 23:00:00	:ALL:	1	1.45515	49.8056	72.7758	15	10.5845	0.681676	0.528108	1.77056	521.2	1.54859	20.4254	73.746	0.200001	6.19219	1.54806	6.59354
setup	0	2007-12-13 23:00:00	ANGA	1	1	0	0	1.5	0	0	0	1.5	424	0.581155	1	0	0	0	0	0
setup	0	2007-12-13 23:00:00	BUAF	1	0.455149	49.8053	72.7608	15	10.5845	0.681676	0.528108	1.77056	97.2	0.9447	20.4254	73.746	0.200001	6.19035	1.5476	6.59159
setup	0	2007-12-13 23:00:00	:ALL:	1	1.45515	49.8053	72.7608	15	10.5845	0.681676	0.528108	1.77056	521.2	1.52586	20.4254	73.746	0.200001	6.19035	1.5476	6.59159
setup	0	2007-12-14 23:00:00	ANGA	1	1	0	0	1.5	0	0	0	1.5	424	0.54708	1	0	0	0	0	0
setup	0	2007-12-14 23:00:00	BUAF	1	0.455146	49.805	72.7499	15	10.5845	0.681676	0.528108	1.77056	97.2	0.955177	20.4254	73.746	0.200001	6.18951	1.54739	6.59069
setup	0	2007-12-14 23:00:00	:ALL:	1	1.45515	49.805	72.7499	15	10.5845	0.681676	0.528108	1.77056	521.2	1.50226	20.4254	73.746	0.200001	6.18951	1.54739	6.59069
setup	0	2007-12-15 23:00:00	ANGA	1	1	0	0	1.5	0	0	0	1.5	424	0.512638	1	0	0	0	0	0
setup	0	2007-12-15 23:00:00	BUAF	1	0.455144	49.8048	72.7394	15	10.5845	0.681676	0.528108	1.77056	97.2	0.965274	20.4254	73.746	0.200001	6.18876	1.5472	6.58989
setup	0	2007-12-15 23:00:00	:ALL:	1	1.45514	49.8048	72.7394	15	10.5845	0.681676	0.528108	1.77056	521.2	1.47791	20.4254	73.746	0.200001	6.18876	1.5472	6.58989
setup	0	2007-12-16 23:00:00	ANGA	1	1	0	0	1.5	0	0	0	1.5	424	0.477977	1	0	0	0	0	0
setup	0	2007-12-16 23:00:00	BUAF	1	0.455141	49.8045	72.728	15	10.5845	0.681676	0.528108	1.77056	97.2	0.974978	20.4254	73.746	0.200001	6.18777	1.54696	6.58884
setup	0	2007-12-16 23:00:00	:ALL:	1	1.45514	49.8045	72.728	15	10.5845	0.681676	0.528108	1.77056	521.2	1.45296	20.4254	73.746	0.200001	6.18777	1.54696	6.58884
setup	0	2007-12-17 23:00:00	ANGA	1	1	0	0	1.5	0	0	0	1.5	424	0.443253	1	0	0	0	0	0
setup	0	2007-12-17 23:00:00	BUAF	1	0.455139	49.8042	72.7158	15	10.5845	0.681676	0.528108	1.77056	97.2	0.984274	20.4254	73.746	0.200001	6.1866	1.54666	6.58759
setup	0	2007-12-17 23:00:00	:ALL:	1	1.45514	49.8042	72.7158	15	10.5845	0.681676	0.528108	1.77056	521.2	1.42753	20.4254	73.746	0.200001	6.1866	1.54666	6.58759
setup	0	2007-12-18 23:00:00	ANGA	1	1	0	0	1.5	0	0	0	1.5	424	0.40863	1	0	0	0	0	0
setup	0	2007-12-18 23:00:00	BUAF	1	0.455136	49.8039	72.7037	15	10.5845	0.681676	0.528108	1.77056	97.2	0.993149	20.4254	73.746	0.200001	6.18547	1.54638	6.58639
setup	0	2007-12-18 23:00:00	:ALL:	1	1.45514	49.8039	72.7037	15	10.5845	0.681676	0.528108	1.77056	521.2	1.40178	20.4254	73.746	0.200001	6.18547	1.54638	6.58639
setup	0	2007-12-19 23:00:00	ANGA	1	1	0	0	1.5	0	0	0	1.5	424	0.37428	1	0	0	0	0	0
setup	0	2007-12-19 23:00:00	BUAF	1	0.455134	49.8037	72.6901	15	10.5845	0.681676	0.528108	1.77056	97.2	1.00159	20.4254	73.746	0.200001	6.18406	1.54603	6.58489
setup	0	2007-12-19 23:00:00	:ALL:	1	1.45513	49.8037	72.6901	15	10.5845	0.681676	0.528108	1.77056	521.2	1.37587	20.4254	73.746	0.200001	6.18406	1.54603	6.58489
setup	0	2007-12-20 23:00:00	ANGA	1	1	0	0	1.5	0	0	0	1.5	424	0.340379	1	0	0	0	0	0
setup	0	2007-12-20 23:00:00	BUAF	1	0.455131	49.8034	72.6762	15	10.5845	0.681676	0.528108	1.77056	97.2	1.00959	20.4254	73.746	0.200001	6.18259	1.54566	6.58333
setup	0	2007-12-20 23:00:00	:ALL:	1	1.45513	49.8034	72.6762	15	10.5845	0.681676	0.528108	1.77056	521.2	1.34996	20.4254	73.746	0.200001	6.18259	1.54566	6.58333
setup	0	2007-12-21 23:00:00	ANGA	1	1	0	0	1.5	0	0	0	1.5	424	0.30711	1	0	0	0	0	0
setup	0	2007-12-21 23:00:00	BUAF	1	0.455129	49.8031	72.6634	15	10.5845	0.681676	0.528108	1.77056	97.2	1.01712	20.4254	73.746	0.200001	6.18146	1.54538	6.58212
setup	0	2007-12-21 23:00:00	:ALL:	1	1.45513	49.8031	72.6634	15	10.5845	0.681676	0.528108	1.77056	521.2	1.32423	20.4254	73.746	0.200001	6.18146	1.54538	6.58212
setup	0	2007-12-22 23:00:00	ANGA	1	1	0	0	1.5	0	0	0	1.5	424	0.274657	1	0	0	0	0	0
setup	0	2007-12-22 23:00:00	BUAF	1	0.455126	49.8029	72.6506	15	10.5845	0.681676	0.528108	1.77056	97.2	1.02419	20.4254	73.746	0.200001	6.18031	1.54509	6.5809
setup	0	2007-12-22 23:00:00	:ALL:	1	1.45513	49.8029	72.6506	15	10.5845	0.681676	0.528108	1.77056	521.2	1.29885	20.4254	73.746	0.200001	6.18031	1.54509	6.5809
setup	0	2007-12-23 23:00:00	ANGA	1	1	0	0	1.5	0	0	0	1.5	424	0.243206	1	0	0	0	0	0
setup	0	2007-12-23 23:00:00	BUAF	1	0.455124	49.8026	72.6367	15	10.5845	0.681676	0.528108	1.77056	97.2	1.03078	20.4254	73.746	0.200001	6.17897	1.54476	6.57947
setup	0	2007-12-23 23:00:00	:ALL:	1	1.45512	49.8026	72.6367	15	10.5845	0.681676	0.528108	1.77056	521.2	1.27399	20.4254	73.746	0.200001	6.17897	1.54476	6.57947
setup	0	2007-12-24 23:00:00	ANGA	1	1	0	0	1.5	0	0	0	1.5	424	0.212942	1	0	0	0	0	0
setup	0	2007-12-24 23:00:00	BUAF	1	0.455121	49.8023	72.622	15	10.5845	0.681676	0.528108	1.77056	97.2	1.03688	20.4254	73.746	0.200001	6.17745	1.54438	6.57785
setup	0	2007-12-24 23:00:00	:ALL:	1	1.45512	49.8023	72.622	15	10.5845	0.681676	0.528108	1.77056	521.2	1.24982	20.4254	73.746	0.200001	6.17745	1.54438	6.57785
setup	0	2007-12-25 23:00:00	ANGA	1	1	0	0	1.5	0	0	0	1.5	424	0.18405	1	0	0	0	0	0
setup	0	2007-12-25 23:00:00	BUAF	1	0.455119	49.802	72.6071	15	10.5845	0.681676	0.528108	1.77056	97.2	1.04248	20.4254	73.746	0.200001	6.17589	1.54399	6.57619
setup	0	2007-12-25 23:00:00	:ALL:	1	1.45512	49.802	72.6071	15	10.5845	0.681676	0.528108	1.77056	521.2	1.22653	20.4254	73.746	0.200001	6.17589	1.54399	6.57619
setup	0	2007-12-26 23:00:00	ANGA	1	1	0	0	1.5	0	0	0	1.5	424	0.156707	1	0	0	0	0	0
setup	0	2007-12-26 23:00:00	BUAF	1	0.455116	49.8018	72.5914	15	10.5845	0.681676	0.528108	1.77056	97.2	1.04757	20.4254	73.746	0.200001	6.17429	1.54359	6.57448
setup	0	2007-12-26 23:00:00	:ALL:	1	1.45512	49.8018	72.5914	15	10.5845	0.681676	0.528108	1.77056	521.2	1.20428	20.4254	73.746	0.200001	6.17429	1.54359	6.57448
setup	0	2007-12-27 23:00:00	ANGA	1	1	0	0	1.5	0	0	0	1.5	424	0.131086	1	0	0	0	0	0
setup	0	2007-12-27 23:00:00	BUAF	1	0.455114	49.8015	72.5756	15	10.5845	0.681676	0.528108	1.77056	97.2	1.05215	20.4254	73.746	0.200001	6.1727	1.54319	6.57279
setup	0	2007-12-27 23:00:00	:ALL:	1	1.45511	49.8015	72.5756	15	10.5845	0.681676	0.528108	1.77056	521.2	1.18323	20.4254	73.746	0.200001	6.1727	1.54319	6.57279
setup	0	2007-12-28 23:00:00	ANGA	1	1	0	0	1.5	0	0	0	1.5	424	0.107353	1	0	0	0	0	0
setup	0	2007-12-28 23:00:00	BUAF	1	0.455111	49.8012	72.5611	15	10.5845	0.681676	0.528108	1.77056	97.2	1.0562	20.4254	73.746	0.200001	6.17131	1.54284	6.57132
setup	0	2007-12-28 23:00:00	:ALL:	1	1.45511	49.8012	72.5611	15	10.5845	0.681676	0.528108	1.77056	521.2	1.16356	20.4254	73.746	0.200001	6.17131	1.54284	6.57132
setup	0	2007-12-29 23:00:00	ANGA	1	1	0	0	1.5	0	0	0	1.5	424	0.0856631	1	0	0	0	0	0
setup	0	2007-12-29 23:00:00	BUAF	1	0.455109	49.8009	72.5472	15	10.5845	0.681676	0.528108	1.77056	97.2	1.05973	20.4254	73.746	0.200001	6.17009	1.54254	6.57001
setup	0	2007-12-29 23:00:00	:ALL:	1	1.45511	49.8009	72.5472	15	10.5845	0.681676	0.528108	1.77056	521.2	1.14539	20.4254	73.746	0.200001	6.17009	1.54254	6.57001
setup	0	2007-12-30 23:00:00	ANGA	1	1	0	0	1.5	0	0	0	1.5	424	0.0661612	1	0	0	0	0	0
setup	0	2007-12-30 23:00:00	BUAF	1	0.455106	49.8007	72.5334	15	10.5845	0.681676	0.528108	1.77056	97.2	1.06272	20.4254	73.746	0.200001	6.16893	1.54225	6.56878
setup	0	2007-12-30 23:00:00	:ALL:	1	1.45511	49.8007	72.5334	15	10.5845	0.681676	0.528108	1.77056	521.2	1.12889	20.4254	73.746	0.200001	6.16893	1.54225	6.56878
setup	0	2007-12-31 23:00:00	ANGA	1	1	0	0	1.5	0	0	0	1.5	424	0.0489787	1	0	0	0	0	0
setup	0	2007-12-31 23:00:00	BUAF	1	0.455104	49.8004	72.5198	15	10.5845	0.681676	0.528108	1.77056	97.2	1.06518	20.4254	73.746	0.200001	6.16788	1.54198	6.56766
setup	0	2007-12-31 23:00:00	:ALL:	1	1.4551	49.8004	72.5198	15	10.5845	0.681676	0.528108	1.77056	521.2	1.11416	20.4254	73.746	0.200001	6.16788	1.54198	6.56766
setup	0	2008-01-01 23:00:00	ANGA	1	1	0	0	1.5	0	0	0	1.5	424	0.0342327	1	0	0	0	0	0
setup	0	2008-01-01 23:00:00	BUAF	1	0.455101	49.8001	72.5062	15	10.5845	0.681676	0.528108	1.77056	97.2	1.06709	20.4254	77.9287	0.200001	6.16687	1.54173	6.56658
setup	0	2008-01-01 23:00:00	:ALL:	1	1.4551	49.8001	72.5062	15	10.5845	0.681676	0.528108	1.77056	521.2	1.10133	20.4254	77.9287	0.200001	6.16687	1.54173	6.56658
setup	0	2008-01-02 23:00:00	ANGA	1	1	0	0	1.5	0	0	0	1.5	424	0.0220249	1	0	0	0	0	0
setup	0	2008-01-02 23:00:00	BUAF	1	0.455099	49.7999	72.4923	15	10.5845	0.681676	0.528108	1.77056	97.2	1.06846	20.4254	77.9287	0.200001	6.16574	1.54145	6.56538
setup	0	2008-01-02 23:00:00	:ALL:	1	1.4551	49.7999	72.4923	15	10.5845	0.681676	0.528108	1.77056	521.2	1.09049	20.4254	77.9287	0.200001	6.16574	1.54145	6.56538
setup	0	2008-01-03 23:00:00	ANGA	1	1	0	0	1.5	0	0	0	1.5	424	0.01244	1	0	0	0	0	0
setup	0	2008-01-03 23:00:00	BUAF	1	0.455096	49.7996	72.4778	15	10.5845	0.681676	0.528108	1.77056	97.2	1.06929	20.4254	77.9287	0.200001	6.16449	1.54114	6.56405
setup	0	2008-01-03 23:00:00	:ALL:	1	1.4551	49.7996	72.4778	15	10.5845	0.681676	0.528108	1.77056	521.2	1.08173	20.4254	77.9287	0.200001	6.16449	1.54114	6.56405
setup	0	2008-01-04 23:00:00	ANGA	1	1	0	0	1.5	0	0	0	1.5	424	0.00554518	1	0	0	0	0	0
setup	0	2008-01-04 23:00:00	BUAF	1	0.455094	49.7993	72.4628	15	10.5845	0.681676	0.528108	1.77056	97.2	1.06956	20.4254	77.9287	0.200001	6.1632	1.54081	6.56268
setup	0	2008-01-04 23:00:00	:ALL:	1	1.45509	49.7993	72.4628	15	10.5845	0.681676	0.528108	1.77056	521.2	1.07511	20.4254	77.9287	0.200001	6.1632	1.54081	6.56268
setup	0	2008-01-05 23:00:00	ANGA	1	1	0	0	1.5	0	0	0	1.5	424	0.00138875	1	0	0	0	0	0
setup	0	2008-01-05 23:00:00	BUAF	1	0.455091	49.799	72.4472	15	10.5845	0.681676	0.528108	1.77056	97.2	1.06956	20.4254	77.9287	0.200001	6.16187	1.54048	6.56126
setup	0	2008-01-05 23:00:00	:ALL:	1	1.45509	49.799	72.4472	15	10.5845	0.681676	0.528108	1.77056	521.2	1.07095	20.4254	77.9287	0.200001	6.16187	1.54048	6.56126
setup	0	2008-01-06 23:00:00	ANGA	1	1	0	0	1.5	0	0	0	1.5	424	0	1	0	0	0	0	0
setup	0	2008-01-06 23:00:00	BUAF	1	0.455089	49.7988	72.4313	15	10.5845	0.681676	0.528108	1.77056	97.2	1.06956	20.4254	77.9287	0.200001	6.16052	1.54014	6.55982
setup	0	2008-01-06 23:00:00	:ALL:	1	1.45509	49.7988	72.4313	15	10.5845	0.681676	0.528108	1.77056	521.2	1.06956	20.4254	77.9287	0.200001	6.16052	1.54014	6.55982
setup	0	2008-01-07 23:00:00	ANGA	1	1	0	0	1.5	0	0	0	1.5	424	0	1	0	0	0	0	0
setup	0	2008-01-07 23:00:00	BUAF	1	0.455086	49.7985	72.4154	15	10.5845	0.681676	0.528108	1.77056	97.2	1.06956	20.4254	77.9287	0.200001	6.15917	1.53981	6.55839
setup	0	2008-01-07 23:00:00	:ALL:	1	1.45509	49.7985	72.4154	15	10.5845	0.681676	0.528108	1.77056	521.2	1.06956	20.4254	77.9287	0.200001	6.15917	1.53981	6.55839
setup	0	2008-01-08 23:00:00	ANGA	1	1	0	0	1.5	0	0	0	1.5	424	0	1	0	0	0	0	0
setup	0	2008-01-08 23:00:00	BUAF	1	0.455084	49.7982	72.3995	15	10.5845	0.681676	0.528108	1.77056	97.2	1.06956	20.4254	77.9287	0.200001	6.15782	1.53947	6.55695
setup	0	2008-01-08 23:00:00	:ALL:	1	1.45508	49.7982	72.3995	15	10.5845	0.681676	0.528108	1.77056	521.2	1.06956	20.4254	77.9287	0.200001	6.15782	1.53947	6.55695
setup	0	2008-01-09 23:00:00	ANGA	1	1	0	0	1.5	0	0	0	1.5	424	0	1	0	0	0	0	0
setup	0	2008-01-09 23:00:00	BUAF	1	0.455081	49.7979	72.3834	15	10.5845	0.681676	0.528108	1.77056	97.2	1.06956	20.4254	77.9287	0.200001	6.15645	1.53913	6.55549
setup	0	2008-01-09 23:00:00	:ALL:	1	1.45508	49.7979	72.3834	15	10.5845	0.681676	0.528108	1.77056	521.2	1.06956	20.4254	77.9287	0.200001	6.15645	1.53913	6.55549
setup	0	2008-01-10 23:00:00	ANGA	1	1	0	0	1.5	0	0	0	1.5	424	0	1	0	0	0	0	0
setup	0	2008-01-10 23:00:00	BUAF	1	0.455079	49.7977	72.3671	15	10.5845	0.681676	0.528108	1.77056	97.2	1.06956	20.4254	77.9287	0.200001	6.15506	1.53878	6.55401
setup	0	2008-01-10 23:00:00	:ALL:	1	1.45508	49.7977	72.3671	15	10.5845	0.681676	0.528108	1.77056	521.2	1.06956	20.4254	77.9287	0.200001	6.15506	1.53878	6.55401
setup	0	2008-01-11 23:00:00	ANGA	1	1	0	0	1.5	0	0	0	1.5	424	0	1	0	0	0	0	0
setup	0	2008-01-11 23:00:00	BUAF	1	0.455076	49.7974	72.3511	15	10.5845	0.681676	0.528108	1.77056	97.2	1.06956	20.4254	77.9287	0.200001	6.1537	1.53844	6.55256
setup	0	2008-01-11 23:00:00	:ALL:	1	1.45508	49.7974	72.3511	15	10.5845	0.681676	0.528108	1.77056	521.2	1.06956	20.4254	77.9287	0.200001	6.1537	1.53844	6.55256
setup	0	2008-01-12 23:00:00	ANGA	1	1	0	0	1.5	0	0	0	1.5	424	0	1	0	0	0	0	0
setup	0	2008-01-12 23:00:00	BUAF	1	0.455074	49.7971	72.3352	15	10.5845	0.681676	0.528108	1.77056	97.2	1.06956	20.4254	77.9287	0.200001	6.15235	1.5381	6.55112
setup	0	2008-01-12 23:00:00	:ALL:	1	1.45507	49.7971	72.3352	15	10.5845	0.681676	0.528108	1.77056	521.2	1.06956	20.4254	77.9287	0.200001	6.15235	1.5381	6.55112
setup	0	2008-01-13 23:00:00	ANGA	1	1	0	0	1.5	0	0	0	1.5	424	0	1	0	0	0	0	0
setup	0	2008-01-13 23:00:00	BUAF	1	0.455071	49.7969	72.3191	15	10.5845	0.681676	0.528108	1.77056	97.2	1.06956	20.4254	77.9287	0.200001	6.15098	1.53776	6.54967
setup	0	2008-01-13 23:00:00	:ALL:	1	1.45507	49.7969	72.3191	15	10.5845	0.681676	0.528108	1.77056	521.2	1.06956	20.4254	77.9287	0.200001	6.15098	1.53776	6.54967
setup	0	2008-01-14 23:00:00	ANGA	1	1	0	0	1.5	0	0	0	1.5	424	0	1	0	0	0	0	0
setup	0	2008-01-14 23:00:00	BUAF	1	0.455069	49.7966	72.3031	15	10.5845	0.681676	0.528108	1.77056	97.2	1.06956	20.4254	77.9287	0.200001	6.14961	1.53742	6.54821
setup	0	2008-01-14 23:00:00	:ALL:	1	1.45507	49.7966	72.3031	15	10.5845	0.681676	0.528108	1.77056	521.2	1.06956	20.4254	77.9287	0.200001	6.14961	1.53742	6.54821
setup	0	2008-01-15 23:00:00	ANGA	1	1	0	0	1.5	0	0	0	1.5	424	0	1	0	0	0	0	0
setup	0	2008-01-15 23:00:00	BUAF	1	0.455066	49.7963	72.2884	15	10.5845	0.681676	0.528108	1.77056	97.2	1.06956	20.4254	77.9287	0.200001	6.14837	1.53711	6.54688
setup	0	2008-01-15 23:00:00	:ALL:	1	1.45507	49.7963	72.2884	15	10.5845	0.681676	0.528108	1.77056	521.2	1.06956	20.4254	77.9287	0.200001	6.14837	1.53711	6.54688
setup	0	2008-01-16 23:00:00	ANGA	1	1	0	0	1.5	0	0	0	1.5	424	0	1	0	0	0	0	0
setup	0	2008-01-16 23:00:00	BUAF	1	0.455064	49.796	72.2753	15	10.5845	0.681676	0.528108	1.77056	97.2	1.06956	20.4254	77.9287	0.200001	6.14742	1.53687	6.54587
setup	0	2008-01-16 23:00:00	:ALL:	1	1.45506	49.796	72.2753	15	10.5845	0.681676	0.528108	1.77056	521.2	1.06956	20.4254	77.9287	0.200001	6.14742	1.53687	6.54587
setup	0	2008-01-17 23:00:00	ANGA	1	1	0	0	1.5	0	0	0	1.5	424	0	1	0	0	0	0	0
setup	0	2008-01-17 23:00:00	BUAF	1	0.455061	49.7958	72.2631	15	10.5845	0.681676	0.528108	1.77056	97.2	1.06934	20.4254	77.9287	0.200001	6.14657	1.53666	6.54497
setup	0	2008-01-17 23:00:00	:ALL:	1	1.45506	49.7958	72.2631	15	10.5845	0.681676	0.528108	1.77056	521.2	1.06934	20.4254	77.9287	0.200001	6.14657	1.53666	6.54497
