source,id,datetime,dC_ch4_emis[kgCha-1],dC_co2_emis_auto[kgCha-1],dC_co2_emis_hetero[kgCha-1],dC_doc_leach[kgCha-1],dN_don_leach[kgNha-1],dN_no3_leach[kgNha-1],dN_nh4_leach[kgNha-1],dN_no_emis[kgNha-1],dN_n2o_emis[kgNha-1],dN_n2_emis[kgNha-1],dN_nh3_emis[kgNha-1],dN_n2_fix[kgNha-1],dC_co2_fix[kgCha-1],dS_so4_leach[kgSha-1],dC_litter_above[kgCha-1],dC_litter_below[kgCha-1],dN_litter_above[kgNha-1],dN_litter_below[kgNha-1],dN_deposition[kgNha-1],dN_plant_uptake[kgNha-1],dN_mineral[kgNha-1],dN_nitrify[kgNha-1],dN_denitrify[kgNha-1],dN_chemodenitrify[kgNha-1],C_plants[kgCha-1],C_soil[kgCha-1],C_soil_20cm[kgCha-1],C_soil_30cm[kgCha-1],C_aorg[kgCha-1],C_litter_raw[kgCha-1],C_litter[kgCha-1],C_mic[kgCha-1],C_sol[kgCha-1],C_wood_above[kgCha-1],C_wood_below[kgCha-1],N_plants[kgNha-1],N_soil[kgNha-1],N_soil_20cm[kgNha-1],N_soil_30cm[kgNha-1],N_aorg[kgNha-1],N_litter_raw[kgNha-1],N_litter[kgNha-1],N_mic[kgNha-1],N_sol[kgNha-1],N_wood_above[kgNha-1],N_wood_below[kgNha-1],anvf_mean[-]
setup,0,2005-01-01 23:00:00,1.26571e-07,7.29228,4.62475,0.000567662,0,2.34115e-06,1.58373e-08,0.000508284,-0.000259582,0.00176019,1.56007e-09,0,0,0,17.2998,50.8815,0.625834,0.010547,0,2.26565,4.68342,1.22955,0.0150757,0.000313889,17203.6,230326,44330.4,64123.2,417.159,95.1664,248.886,96.3605,13.2592,1904.29,475.787,129.118,37607.4,3595.53,6051.89,45.3982,1.58847,8.5931,10.9737,6.09873,21.4091,5.34917,0.573303
setup,0,2005-01-02 23:00:00,6.80174e-07,19.8047,10.6917,6.65048e-05,0,1.79872e-06,9.48807e-10,0.000800994,0.00214229,0.0054785,1.62581e-09,0,0,0,4.83572,56.4368,0.0771213,0.012004,0,1.2226,1.59346,0.88637,0.0167143,0.000447755,17161.6,230371,44351.5,64155.2,419.276,148.362,240.14,102.288,19.8246,1905.46,475.781,132.283,37606.1,3595.12,6051.13,45.05,1.64126,8.35106,10.6003,6.46151,21.4297,5.34917,0.551163
setup,0,2005-01-03 23:00:00,1.10699e-06,20.2724,16.8531,3.19673e-06,0,1.62794e-06,0,0.00101491,0.00332374,0.0087261,1.43207e-08,0,0,0,5.01975,56.0293,0.0696946,0.0179137,0,0.998355,1.62748,0.939615,0.0190492,0.000536861,17122.3,230409,44369.7,64183.3,423.374,200.845,232.19,109.724,16.9509,1906.63,475.77,134.212,37605.1,3594.75,6050.53,44.8345,1.70294,8.10828,10.8482,6.44116,21.44,5.34911,0.530003
setup,0,2005-01-04 23:00:00,1.13059e-06,18.4749,17.857,0.00779167,0,1.48878e-06,0,0.00109455,0.00379881,0.0112239,4.47419e-08,0,0,0,5.2106,54.8558,0.0726459,0.0219433,0,0.942777,1.54098,0.912343,0.018968,0.000609653,17076.9,230445,44388,64211.1,429.381,252.647,225.253,113.407,13.7562,1907.8,475.758,135.667,37604.1,3594.44,6050.01,45.0091,1.77179,7.87287,10.9229,6.3173,21.4503,5.34904,0.514682
setup,0,2005-01-05 23:00:00,1.06419e-06,17.2195,17.3209,0.0290543,0,1.30225e-06,0,0.00114485,0.00395227,0.0129312,8.46571e-08,0,0,0,5.40856,54.0975,0.0757079,0.025158,0,0.918847,1.507,0.898602,0.0187648,0.000662294,17029.3,230480,44406.4,64239.2,436.018,303.8,219.28,115.46,11.3294,1908.98,475.746,136.888,37603.2,3594.16,6049.52,45.314,1.8471,7.64634,10.9348,6.18964,21.4607,5.34897,0.500991
setup,0,2005-01-06 23:00:00,7.34267e-07,18.895,16.811,2.6227e-07,0,8.79929e-07,0,0.00117749,0.00396602,0.0141359,1.26961e-07,0,0,0,5.61364,55.0097,0.078882,0.0280938,0,0.782209,1.47043,0.885138,0.0189721,0.000702573,16989.6,230518,44425.6,64268.6,442.738,354.315,214.156,116.661,11.9858,1910.16,475.733,137.89,37602.5,3593.91,6049.08,45.7204,1.92846,7.42772,10.9015,6.18316,21.471,5.34889,0.481337
setup,0,2005-01-07 23:00:00,2.16234e-07,20.3009,17.1376,3.34763e-07,0,5.50911e-07,0,0.00120572,0.00398721,0.0153057,1.67662e-07,0,0,0,5.82615,55.216,0.0821699,0.0394532,0,0.796395,1.46857,0.899043,0.0213964,0.000749937,16953,230555,44445,64298.1,449.163,404.244,209.831,118.655,12.5218,1911.34,475.721,138.729,37601.7,3593.68,6048.66,46.1239,2.02434,7.21736,10.9221,6.13443,21.4814,5.34881,0.467986
setup,0,2005-01-08 23:00:00,1.54581e-11,18.917,17.3112,3.99731e-07,0,1.83906e-07,0,0.00122058,0.00395123,0.0164191,2.04943e-07,0,0,0,6.04614,53.6689,0.0855731,0.0420391,0,0.794744,1.46705,0.900639,0.0221632,0.000785284,16910.4,230591,44463.9,64326.6,455.409,453.671,206.259,120.871,11.4683,1912.52,475.709,139.585,37600.9,3593.48,6048.24,46.5079,2.12616,7.01644,10.9699,6.09977,21.4919,5.34874,0.451619
setup,0,2005-01-09 23:00:00,3.53794e-12,20.2611,16.8602,4.57871e-07,0,1.29159e-07,0,0.00120213,0.00380493,0.0172398,2.38809e-07,0,0,0,6.27362,54.526,0.0890926,0.0446716,0,0.787977,1.43202,0.88409,0.0224362,0.00079592,16874.3,230628,44483.8,64356.3,461.463,502.672,203.373,122.496,12.4921,1913.71,475.699,140.443,37600.1,3593.29,6047.85,46.9125,2.23422,6.82609,10.989,6.08443,21.5023,5.34869,0.440914
setup,0,2005-01-10 23:00:00,1.02542e-12,20.8904,18.388,5.06675e-07,0,2.00949e-07,0,0.00119432,0.00372119,0.0178296,2.69455e-07,0,0,0,6.50865,54.215,0.0927924,0.0480501,0,0.79092,1.4319,0.889099,0.0228738,0.000810585,16838.4,230664,44502.7,64384.6,466.814,551.29,201.088,123.812,12.7296,1914.9,475.69,141.295,37599.4,3593.11,6047.46,47.3238,2.34908,6.64558,10.9752,6.09292,21.5129,5.34866,0.42923
setup,0,2005-01-11 23:00:00,2.87908e-13,20.1957,19.9299,5.45491e-07,0,2.77249e-07,0,0.00119277,0.00361268,0.0184582,2.96098e-07,0,0,0,6.75126,53.1881,0.0965476,0.0506668,0,0.803225,1.43439,0.89899,0.0237924,0.000834315,16798.9,230697,44519.5,64410.7,471.36,599.555,199.326,123.943,12.509,1916.09,475.682,142.154,37598.6,3592.93,6047.06,47.7582,2.4701,6.47347,10.9036,6.13023,21.5235,5.34864,0.418121
setup,0,2005-01-12 23:00:00,7.71549e-14,19.4321,19.8096,5.76529e-07,0,3.61442e-07,0,0.00118326,0.00349175,0.0192296,3.18358e-07,0,0,0,7.00152,52.2951,0.100422,0.0532956,0,0.816147,1.41781,0.888149,0.0248349,0.000854586,16756.5,230730,44536.1,64436.4,475.068,647.528,198.016,124.001,12.4985,1917.29,475.676,143.03,37597.8,3592.75,6046.67,48.1584,2.59751,6.30949,10.8438,6.18368,21.5341,5.34863,0.408678
setup,0,2005-01-13 23:00:00,1.97341e-14,19.6107,18.9347,6.03194e-07,0,4.56132e-07,0,0.00116928,0.00338857,0.0198619,3.37306e-07,0,0,0,7.25946,52.0247,0.104415,0.0559652,0,0.826672,1.39406,0.874635,0.0257598,0.000872733,16714.6,230763,44553.9,64462.9,478.074,695.258,197.094,124.764,13.1549,1918.49,475.672,143.921,37597,3592.58,6046.27,48.497,2.73144,6.15325,10.8344,6.24229,21.5447,5.34865,0.39829
setup,0,2005-01-14 23:00:00,4.69916e-12,19.4498,19.4894,6.27006e-07,0,4.70153e-07,0,0.00115845,0.00332383,0.0206245,3.54272e-07,0,0,0,7.52511,51.3588,0.108528,0.0586781,0,0.841647,1.39082,0.871199,0.0273144,0.000893573,16671.1,230795,44571,64488.8,480.433,742.797,196.509,125.113,13.6396,1919.69,475.669,144.826,37596.2,3592.41,6045.92,48.8243,2.87204,6.00442,10.7965,6.32409,21.5554,5.34868,0.38847
setup,0,2005-01-15 23:00:00,6.26855e-11,21.5129,19.1288,6.49281e-07,0,2.74723e-07,0,0.00114413,0.00329239,0.0217976,3.70341e-07,0,0,0,7.79845,52.3884,0.112761,0.0614274,0,0.852519,1.37513,0.861073,0.029633,0.00091159,16634.9,230829,44589.4,64516.1,482.261,790.209,196.207,125.639,15.7666,1920.9,475.669,145.751,37595.4,3592.25,6045.59,49.1119,3.01952,5.86296,10.7751,6.41101,21.5661,5.34873,0.379207
setup,0,2005-01-16 23:00:00,1.20622e-10,23.2571,19.0086,6.69889e-07,0,2.80912e-06,0,0.00112324,0.00330604,0.0229823,3.86254e-07,0,0,0,8.07953,52.9734,0.117113,0.0642269,0,0.857654,1.36319,0.855948,0.0318117,0.000917201,16604.1,230863,44608.7,64544.6,483.653,837.583,196.143,127.355,17.6725,1922.1,475.67,146.688,37594.5,3592.1,6045.25,49.3357,3.17404,5.72879,10.8042,6.49106,21.5769,5.34881,0.372156
setup,0,2005-01-17 23:00:00,1.81306e-10,22.6405,18.8737,6.87555e-07,0,2.35626e-05,0,0.00109747,0.00338404,0.0241514,4.03587e-07,0,0,0,8.58044,52.0315,0.127173,0.0670642,0,0.856192,1.34488,0.84639,0.0344206,0.000913682,16570.4,230897,44628,64572.8,484.801,885.229,196.267,129.605,18.1277,1923.32,475.674,147.633,37593.7,3591.96,6044.9,49.5123,3.34138,5.60218,10.8598,6.56713,21.5877,5.34892,0.364246
setup,0,2005-01-18 23:00:00,2.5304e-10,20.4574,17.9393,7.00133e-07,0,2.00044e-05,4.71789e-05,0.00108535,0.00351825,0.0254196,4.2189e-07,0,0,0,8.89599,50.0451,0.13227,0.0699213,0,0.851208,1.32146,0.829969,0.0368472,0.000925463,16528.6,230930,44646.9,64600.1,485.86,932.883,196.575,131.983,17.3736,1924.53,475.68,148.578,37592.9,3591.83,6044.56,49.66,3.51632,5.48199,10.9406,6.63791,21.5985,5.34905,0.358542
setup,0,2005-01-19 23:00:00,7.76198e-10,17.8296,16.7547,7.07575e-07,0,1.23517e-05,1.73238e-05,0.00108085,0.00365417,0.0266372,4.40234e-07,0,0,0,9.22061,48.0096,0.137523,0.0727785,0,0.84583,1.29656,0.813432,0.0391452,0.000944118,16478.2,230961,44665.4,64626.8,486.938,980.52,197.042,133.919,16.1873,1925.75,475.687,149.524,37592.1,3591.71,6044.22,49.806,3.69901,5.36724,11.0242,6.70924,21.6093,5.34919,0.352052
setup,0,2005-01-20 23:00:00,2.03919e-09,18.0612,15.7246,7.14951e-07,0,8.51183e-06,1.60239e-05,0.00107446,0.0037844,0.0279881,4.59662e-07,0,0,0,9.5543,48.1323,0.142935,0.0756264,0,0.840876,1.27799,0.806509,0.0422706,0.000958191,16430.3,230994,44684.5,64654.4,488.104,1028.11,197.651,135.266,16.777,1926.97,475.695,150.468,37591.3,3591.6,6043.89,49.963,3.88953,5.25736,11.0982,6.7819,21.6202,5.34935,0.344715
setup,0,2005-01-21 23:00:00,3.60219e-09,17.0055,15.4742,7.23912e-07,0,5.27181e-06,1.79417e-05,0.00106526,0.00389945,0.029529,4.80879e-07,0,0,0,9.89708,47.0431,0.148506,0.0784648,0,0.837457,1.27417,0.808535,0.0450524,0.000964104,16380.1,231026,44703.4,64681.4,489.289,1075.61,198.421,136.82,16.4894,1928.19,475.705,151.411,37590.5,3591.5,6043.56,50.1216,4.0879,5.15207,11.176,6.85003,21.6311,5.34952,0.337907
setup,0,2005-01-22 23:00:00,5.27446e-09,18.887,15.4771,7.32686e-07,0,2.8812e-06,1.88648e-05,0.00106999,0.00404628,0.0310738,5.0494e-07,0,0,0,10.2489,48.2271,0.154238,0.0812958,0,0.842963,1.29153,0.827625,0.0485482,0.0009757,16338.9,231060,44723.1,64709.4,490.648,1122.89,199.414,138.214,17.8117,1929.41,475.714,152.351,37589.7,3591.4,6043.23,50.2923,4.29394,5.05064,11.2529,6.91189,21.642,5.34969,0.332959
setup,0,2005-01-23 23:00:00,7.03719e-09,20.6416,16.0914,7.37358e-07,0,1.36793e-06,1.86593e-05,0.00108539,0.00420872,0.0327945,5.30231e-07,0,0,0,10.6097,48.8811,0.160129,0.0841238,0,0.852179,1.31282,0.851599,0.0516612,0.000994115,16303.5,231093,44743,64737.6,492.043,1169.98,200.635,140.041,19.1016,1930.64,475.724,153.302,37588.9,3591.3,6042.9,50.466,4.50776,4.95319,11.332,6.96881,21.6528,5.34986,0.330218
setup,0,2005-01-24 23:00:00,8.79559e-09,19.4004,16.573,7.37645e-07,0,5.43302e-07,1.77809e-05,0.0011037,0.00440232,0.0340293,5.53598e-07,0,0,0,10.9795,47.5952,0.166182,0.0869761,0,0.8589,1.32973,0.872822,0.0537142,0.00101026,16264.2,231124,44762.1,64764.6,493.489,1216.93,202.072,142.329,18.4535,1931.86,475.734,154.265,37588.1,3591.21,6042.57,50.6344,4.72952,4.8598,11.4218,7.01909,21.6637,5.35003,0.326046
setup,0,2005-01-25 23:00:00,9.90965e-09,19.563,16.3447,7.35087e-07,0,1.55267e-07,1.65842e-05,0.00112504,0.00459796,0.0353007,5.73961e-07,0,0,0,11.3582,47.6935,0.172396,0.0898633,0,0.864332,1.33811,0.882782,0.0565258,0.00102738,16227.5,231156,44781.4,64791.8,495.084,1263.75,203.706,144.33,18.5997,1933.08,475.744,155.238,37587.3,3591.13,6042.24,50.8083,4.9594,4.7705,11.5076,7.06809,21.6746,5.35021,0.323344
setup,0,2005-01-26 23:00:00,1.09365e-08,18.0926,15.9372,7.30471e-07,0,1.17664e-08,1.54337e-05,0.00113413,0.00480798,0.0363458,5.89836e-07,0,0,0,11.7456,46.5325,0.178771,0.092778,0,0.860299,1.3205,0.875598,0.0585613,0.00103872,16187.8,231188,44800.3,64818.6,496.634,1310.64,205.445,146.313,18.0901,1934.31,475.755,156.222,37586.5,3591.05,6041.93,50.9805,5.19785,4.68579,11.5841,7.12055,21.6855,5.35039,0.323
setup,0,2005-01-27 23:00:00,1.26537e-08,16.4788,15.1361,7.26004e-07,0,2.50757e-10,1.55213e-05,0.00112128,0.00499102,0.0371256,6.03063e-07,0,0,0,12.1416,45.7568,0.185307,0.0957164,0,0.848358,1.28881,0.853303,0.0594563,0.00103033,16147.4,231219,44819.4,64845.3,498.13,1357.74,207.211,147.91,17.9121,1935.54,475.768,157.205,37585.7,3590.98,6041.62,51.1514,5.44527,4.60585,11.6417,7.18057,21.6964,5.3506,0.31842
setup,0,2005-01-28 23:00:00,1.51801e-08,13.9309,14.2109,7.20214e-07,0,5.04496e-10,1.53644e-05,0.00109368,0.00515065,0.0377723,6.14864e-07,0,0,0,12.5461,44.6013,0.192002,0.0986506,0,0.828572,1.24614,0.821231,0.0612652,0.00101446,16108.7,231250,44838.3,64871.8,499.499,1405.1,208.969,149.348,17.5279,1936.77,475.782,158.178,37584.9,3590.92,6041.33,51.3113,5.70191,4.53084,11.6917,7.24276,21.7074,5.35083,0.315535
setup,0,2005-01-29 23:00:00,1.72184e-08,11.8555,13.3005,7.11729e-07,0,6.72112e-10,1.53939e-05,0.00106758,0.005283,0.0383759,6.25094e-07,0,0,0,12.9587,43.231,0.196195,0.0983906,0,0.811814,1.2083,0.792432,0.0627272,0.00100884,16066.2,231281,44857,64898,500.747,1452.69,210.742,150.581,16.8817,1938,475.799,159.134,37584.1,3590.87,6041.05,51.4628,5.96195,4.46032,11.7363,7.30521,21.7183,5.35108,0.31317
setup,0,2005-01-30 23:00:00,1.81165e-08,10.8219,12.4891,6.9985e-07,0,7.7353e-10,1.53859e-05,0.00105461,0.00542778,0.0388062,6.34527e-07,0,0,0,13.3794,42.0072,0.198268,0.0960459,0,0.846132,1.18239,0.766689,0.0638176,0.00101748,16000.8,231311,44875.5,64923.7,501.879,1500.44,212.542,151.549,16.2008,1939.23,475.816,160.072,37583.4,3590.82,6040.76,51.5961,6.22113,4.39373,11.7764,7.334,21.7293,5.35134,0.31093
setup,0,2005-01-31 23:00:00,2.02119e-08,11.4052,10.9913,6.09909e-07,0,1.95666e-05,2.03966e-05,0.00109822,0.00554065,0.0394138,6.47113e-07,0,0,0,13.8079,41.5813,0.204839,0.0988588,0,0.885157,1.51109,0.887561,0.0673079,0.00105175,15944.8,231342,44903,64959.2,503.268,1548.26,214.436,150.531,12.9354,1940.46,475.835,160.994,37582.5,3591.2,6040.95,50.3985,6.48913,4.33136,11.5613,6.44471,21.7403,5.35161,0.309114
setup,0,2005-02-01 23:00:00,2.09719e-08,11.9729,9.6403,6.02687e-07,0,1.04989e-09,1.59592e-05,0.000993533,0.00559743,0.0402095,6.56881e-07,0,0,0,14.2443,41.348,0.211524,0.101621,0,0.696175,0.888977,0.641176,0.066753,0.000984454,15893,231375,44922,64985.5,504.539,1596.22,216.365,148.432,12.1573,1941.69,475.856,161.991,37581.9,3591.13,6040.66,50.3666,6.76601,4.2724,11.3388,6.48429,21.7513,5.3519,0.304543
setup,0,2005-02-02 23:00:00,2.10035e-08,11.6249,8.87888,6.02542e-07,0,1.22618e-09,1.55596e-05,0.00090522,0.00554242,0.0401396,6.92226e-07,0,0,0,14.6882,40.8186,0.218325,0.104592,0,0.589553,0.792373,0.526172,0.0642294,0.000938099,15834.7,231408,44941,65011.8,505.386,1644.37,218.302,146.504,12.0084,1942.93,475.877,162.812,37581.4,3591.12,6040.42,50.4336,7.05208,4.21672,11.1464,6.52707,21.7623,5.35221,0.301668
setup,0,2005-02-03 23:00:00,2.03098e-08,11.3414,8.34439,6.02332e-07,0,1.39098e-09,1.60216e-05,0.00084651,0.00538488,0.0394725,7.58677e-07,0,0,0,15.1393,40.4022,0.225233,0.107032,0,0.539436,0.760594,0.46919,0.0621689,0.000906171,15766.6,231442,44960.1,65038.2,505.866,1692.66,220.254,144.887,12.2096,1944.16,475.9,163.529,37580.9,3591.13,6040.21,50.4833,7.34689,4.16418,10.9874,6.58976,21.7733,5.35253,0.299918
setup,0,2005-02-04 23:00:00,1.84461e-08,11.0426,7.92989,6.00716e-07,0,1.56014e-09,1.8606e-05,0.000807567,0.00517977,0.0386285,8.31484e-07,0,0,0,15.597,39.9316,0.232244,0.109167,0,0.502023,0.730922,0.437336,0.0608628,0.000885806,15689.1,231475,44979.1,65064.4,506.058,1741.03,222.227,143.59,12.5876,1945.4,475.924,164.195,37580.5,3591.15,6040.01,50.5281,7.65015,4.11459,10.8579,6.65435,21.7843,5.35286,0.298172
setup,0,2005-02-05 23:00:00,1.49464e-08,10.8625,7.66028,5.99144e-07,0,1.74302e-09,2.24352e-05,0.000777327,0.00495973,0.0380348,8.89411e-07,0,0,0,16.0609,39.4317,0.239351,0.111152,0,0.482179,0.714334,0.417662,0.0601137,0.000870306,15612.9,231508,44998.1,65090.4,506.052,1789.4,224.242,142.551,13.0136,1946.64,475.949,164.831,37580.1,3591.18,6039.81,50.5595,7.96175,4.06776,10.752,6.71731,21.7954,5.3532,0.294973
setup,0,2005-02-06 23:00:00,9.18425e-09,10.7191,7.39294,5.96918e-07,0,1.94705e-09,3.59264e-05,0.000755136,0.00480538,0.0375998,9.27725e-07,0,0,0,16.531,38.9346,0.246551,0.113055,0,0.464316,0.699018,0.400788,0.0602597,0.000857664,15535.9,231541,45017,65116.2,505.887,1837.81,226.296,141.722,13.4624,1947.87,475.975,165.45,37579.7,3591.21,6039.62,50.5762,8.28169,4.02378,10.6638,6.78298,21.8064,5.35356,0.293084
setup,0,2005-02-07 23:00:00,8.13233e-09,10.5878,7.17803,5.92637e-07,0,2.38838e-09,2.73031e-05,0.000737804,0.00469089,0.0372757,9.49586e-07,0,0,0,17.0069,38.4379,0.253837,0.114913,0,0.44816,0.685373,0.388385,0.060219,0.000850541,15458.1,231573,45035.8,65141.8,505.594,1886.23,228.401,141.066,13.8846,1949.11,476.002,166.054,37579.4,3591.25,6039.43,50.581,8.60997,3.98251,10.59,6.85137,21.8175,5.35393,0.291183
setup,0,2005-02-08 23:00:00,9.56066e-09,10.5664,6.99797,5.86391e-07,0,3.49389e-09,2.75876e-05,0.000726467,0.0046192,0.0373515,9.60624e-07,0,0,0,17.4881,37.9419,0.261202,0.116735,0,0.434643,0.675621,0.379305,0.0616154,0.000852148,15378,231605,45054.4,65167.2,505.2,1934.66,230.568,140.543,14.2817,1950.34,476.03,166.646,37579,3591.29,6039.24,50.5706,8.94655,3.94394,10.5267,6.91515,21.8285,5.3543,0.28958
setup,0,2005-02-09 23:00:00,1.08508e-08,10.5865,6.87034,5.791e-07,0,5.13205e-09,2.81791e-05,0.000722568,0.00457984,0.0378507,9.64936e-07,0,0,0,17.9742,37.4438,0.26864,0.118527,0,0.422653,0.665089,0.371869,0.0636776,0.000864074,15295.1,231637,45073,65192.2,504.728,1983.05,232.81,140.136,14.6685,1951.58,476.058,167.23,37578.7,3591.33,6039.05,50.5549,9.2914,3.90788,10.4726,6.98134,21.8396,5.35468,0.288701
setup,0,2005-02-10 23:00:00,1.26387e-08,10.4256,6.75925,5.72732e-07,0,7.19818e-09,2.80889e-05,0.000720952,0.00457979,0.038458,9.67852e-07,0,0,0,18.4648,36.9376,0.276144,0.120296,0,0.40326,0.655955,0.365121,0.0653661,0.000876677,15206.8,231669,45091.4,65217,504.189,2031.42,235.121,139.828,15.0404,1952.81,476.087,167.806,37578.4,3591.38,6038.85,50.5315,9.64456,3.87423,10.4268,7.05388,21.8506,5.35508,0.287133
setup,0,2005-02-11 23:00:00,1.48663e-08,10.2508,6.67529,5.68577e-07,0,9.95509e-09,2.71862e-05,0.00072261,0.0046299,0.0390086,9.72883e-07,0,0,0,18.9594,36.4264,0.291616,0.125711,0,0.410885,0.650268,0.363028,0.0675065,0.000891819,15124.3,231700,45109.6,65241.4,503.597,2079.73,237.514,139.611,15.3793,1954.05,476.117,168.373,37578.1,3591.43,6038.66,50.4974,10.0176,3.84289,10.3889,7.11203,21.8617,5.35547,0.285962
setup,0,2005-02-12 23:00:00,1.69744e-08,10.2121,6.6191,5.64989e-07,0,1.37856e-08,2.65908e-05,0.000728813,0.00472452,0.0395188,9.83188e-07,0,0,0,19.4574,35.9297,0.29131,0.123783,0,0.396293,0.644582,0.360817,0.0691893,0.000912151,15038.7,231731,45127.7,65265.6,502.955,2128,240.008,139.478,15.6713,1955.28,476.147,168.939,37577.8,3591.48,6038.46,50.4552,10.3872,3.81388,10.357,7.17954,21.8727,5.35588,0.285167
setup,0,2005-02-13 23:00:00,1.84858e-08,10.1296,6.56776,5.61831e-07,0,3.47145e-07,2.51291e-05,0.000738242,0.00484257,0.0396444,9.98441e-07,0,0,0,19.9583,35.4311,0.299745,0.125833,0,0.388356,0.63904,0.362438,0.0712969,0.000936223,14954.5,231762,45145.7,65289.4,502.265,2176.18,242.613,139.439,15.9488,1956.52,476.178,169.499,37577.5,3591.54,6038.27,50.4097,10.7662,3.78695,10.3327,7.24742,21.8838,5.35629,0.284288
setup,0,2005-02-14 23:00:00,1.91845e-08,9.95831,6.54085,5.60326e-07,0,3.1088e-08,2.30466e-05,0.000748458,0.00499311,0.039634,1.01904e-06,0,0,0,20.4616,34.9416,0.308178,0.127818,0,0.37707,0.633805,0.362178,0.0730571,0.000960726,14870.5,231792,45163.4,65312.9,501.529,2224.29,245.33,139.49,16.1906,1957.75,476.209,170.056,37577.2,3591.59,6038.07,50.3612,11.1543,3.76205,10.3161,7.3196,21.8949,5.3567,0.283552
setup,0,2005-02-15 23:00:00,1.81511e-08,9.66733,6.51088,5.60567e-07,0,5.22862e-08,2.0562e-05,0.000758438,0.00517058,0.0389285,1.0458e-06,0,0,0,20.9665,34.4598,0.320189,0.131031,0,0.371647,0.631822,0.366444,0.0740879,0.000980487,14789.2,231822,45181.1,65336.1,500.745,2272.34,248.159,139.64,16.4058,1958.98,476.24,170.608,37576.9,3591.65,6037.86,50.3046,11.5564,3.73907,10.308,7.38523,21.9059,5.35712,0.282566
setup,0,2005-02-16 23:00:00,1.19709e-08,9.3501,6.45575,5.61043e-07,0,9.55885e-08,1.74844e-05,0.000768806,0.0053541,0.0380052,1.07809e-06,0,0,0,21.4725,33.9916,0.328008,0.132644,0,0.360798,0.627547,0.369712,0.0756092,0.00100094,14711.2,231851,45198.6,65358.9,499.913,2320.34,251.105,139.889,16.6099,1960.22,476.272,171.158,37576.7,3591.71,6037.66,50.2443,11.9667,3.71808,10.3087,7.45799,21.917,5.35754,0.281371
setup,0,2005-02-17 23:00:00,2.67652e-09,9.06679,6.35769,5.59983e-07,0,1.7494e-07,2.57202e-05,0.000782099,0.00551861,0.0369204,1.11605e-06,0,0,0,21.979,33.5366,0.345258,0.13572,0,0.33479,0.623259,0.376922,0.0765412,0.00102552,14633,231880,45215.9,65381.5,499.008,2368.27,254.177,140.242,16.7897,1961.45,476.304,171.696,37576.5,3591.78,6037.46,50.1803,12.3863,3.69907,10.3193,7.5456,21.9376,5.35796,0.280473
setup,0,2005-02-18 23:00:00,1.96251e-09,8.80221,6.29722,5.56335e-07,0,4.12524e-07,5.1131e-05,0.000801939,0.00564593,0.0359037,1.15569e-06,0,0,0,22.4853,33.0891,0.356599,0.13829,0,0.330935,0.619013,0.38577,0.0787124,0.00106244,14552.1,231909,45233.1,65403.8,498.04,2416.14,257.39,140.698,16.9583,1962.68,476.336,172.222,37576.3,3591.85,6037.25,50.1132,12.8177,3.68206,10.3405,7.62853,21.959,5.35839,0.279611
setup,0,2005-02-19 23:00:00,1.00111e-09,8.50175,6.2235,1.5512e-06,0,9.93929e-07,2.0701e-05,0.000829521,0.00572921,0.035066,1.19422e-06,0,0,0,22.9907,32.6439,0.366599,0.140473,0,0.328374,0.616943,0.393443,0.0803026,0.00111027,14469.7,231938,45250.2,65425.8,497.004,2463.93,260.75,141.257,17.1738,1963.9,476.368,172.751,37576.1,3591.92,6037.04,50.0403,13.2598,3.66697,10.3719,7.71382,21.9803,5.35881,0.279298
setup,0,2005-02-20 23:00:00,3.10033e-11,8.12856,6.08809,1.8556e-05,0,3.26693e-06,9.80477e-06,0.000864032,0.00578447,0.0348696,1.23308e-06,0,0,0,23.4944,32.2031,0.375283,0.142263,0,0.324475,0.619027,0.405047,0.0834963,0.00117142,14384.9,231966,45267.1,65447.6,495.884,2511.62,264.263,141.923,17.4696,1965.13,476.4,173.282,37575.9,3591.99,6036.83,49.9606,13.7108,3.65369,10.4135,7.80513,22.0015,5.35924,0.278706
setup,0,2005-02-21 23:00:00,4.39288e-12,12.0391,6.10053,5.33814e-05,0,7.50074e-06,1.99751e-05,0.000898395,0.0058282,0.0364914,1.27303e-06,0,0,0,23.9956,35.4764,0.385455,0.144422,0,0.32106,0.629156,0.433734,0.0923134,0.00124382,14344.6,231997,45286,65472.1,494.736,2559.24,267.914,142.743,21.4311,1966.36,476.433,173.815,37575.7,3592.06,6036.62,49.8772,14.1725,3.64187,10.4694,7.89741,22.0228,5.35967,0.274782
setup,0,2005-02-22 23:00:00,1.00698e-12,7.18764,6.59081,8.6476e-05,0,1.36844e-05,2.33163e-05,0.00093563,0.00602726,0.0395657,1.32366e-06,0,0,0,24.4936,31.3758,0.395727,0.146567,0,0.324998,0.640308,0.455905,0.106392,0.00133915,14268.2,232024,45302.5,65493,493.521,2606.83,271.726,144.051,20.778,1967.59,476.465,174.35,37575.4,3592.13,6036.4,49.7839,14.6451,3.63193,10.5395,7.98329,22.0441,5.3601,0.27456
setup,0,2005-02-23 23:00:00,2.29157e-13,10.4239,6.35704,0.000102387,0,2.23566e-05,2.13362e-05,0.000989879,0.00653603,0.0408961,1.3758e-06,0,0,0,24.9875,34.384,0.400097,0.147371,0,0.309375,0.641593,0.463757,0.110576,0.0014342,14229.3,232054,45320.9,65516.5,492.296,2654.35,275.689,145.339,23.8282,1968.81,476.497,174.89,37575.3,3592.21,6036.18,49.6926,15.1212,3.62397,10.614,8.08793,22.0653,5.36052,0.272676
setup,0,2005-02-24 23:00:00,5.14662e-14,5.71143,6.68197,8.82326e-05,0,3.47626e-05,1.4394e-05,0.00104805,0.00708623,0.0402255,1.42741e-06,0,0,0,25.4766,30.5974,0.422308,0.152035,0,0.318548,0.642172,0.471876,0.112157,0.00150649,14150.7,232080,45337.1,65536.8,491.003,2701.86,279.817,146.91,22.89,1970.04,476.529,175.429,37575.1,3592.29,6035.96,49.5989,15.6224,3.61807,10.6958,8.18683,22.0865,5.36095,0.271544
setup,0,2005-02-25 23:00:00,1.16181e-14,9.06322,6.44657,3.57986e-05,0,5.00608e-05,0.000532575,0.00109677,0.0074842,0.0394326,1.47857e-06,0,0,0,25.9599,33.9262,0.422837,0.152101,0,0.322071,0.646959,0.48227,0.114428,0.00156146,14120.4,232110,45355.4,65560,489.703,2749.31,284.074,148.462,25.941,1971.26,476.562,175.974,37574.9,3592.37,6035.73,49.5015,16.1226,3.61412,10.7857,8.28717,22.1077,5.36138,0.269959
setup,0,2005-02-26 23:00:00,3.06106e-15,3.97967,6.73788,5.48698e-07,0,6.43384e-05,0.00189389,0.00113597,0.00772862,0.0372655,1.52994e-06,0,0,0,26.4365,29.8801,0.426497,0.152948,0,0.312804,0.647114,0.481886,0.112496,0.00159979,14057,232136,45371.3,65579.7,488.347,2796.8,288.486,150.282,24.7299,1972.48,476.594,176.523,37574.7,3592.46,6035.5,49.3975,16.6255,3.61248,10.883,8.39964,22.1289,5.36181,0.269065
setup,0,2005-02-27 23:00:00,8.74394e-16,7.63825,6.41434,5.33116e-07,0,7.69505e-05,0.0017819,0.00117162,0.00780885,0.0341693,1.57802e-06,0,0,0,26.9056,33.4488,0.442903,0.156187,0,0.314824,0.640732,0.480651,0.107764,0.00162987,14038.5,232165,45389.5,65602.6,486.97,2844.3,293.036,152.036,27.7835,1973.7,476.627,177.072,37574.6,3592.54,6035.27,49.294,17.1463,3.61325,10.9849,8.50907,22.1501,5.36224,0.266977
setup,0,2005-02-28 23:00:00,2.49316e-16,2.56273,6.51232,4.85302e-07,0,8.99818e-05,0.00131954,0.0012138,0.00758595,0.0312165,1.61726e-06,0,0,0,27.3663,29.3134,0.448336,0.157435,0,0.334658,0.681359,0.512315,0.103067,0.00167693,13992,232191,45410.4,65627,485.577,2891.89,297.779,153.81,25.2579,1974.92,476.659,177.623,37574.4,3592.95,6035.34,48.9028,17.672,3.61668,11.0553,8.30086,22.1712,5.36268,0.264855
setup,0,2005-03-01 23:00:00,7.04799e-17,2.64209,6.04684,4.66531e-07,0,0.000106204,0.00095149,0.00122121,0.0072059,0.0284231,1.64989e-06,0,0,0,27.8174,29.7645,0.461244,0.159961,0,0.299532,0.557839,0.491209,0.101472,0.00166525,13962,232241,45450.6,65671,484.202,2939.56,326.635,155.315,24.178,1976.14,476.692,178.2,37576.9,3595.71,6037.78,48.7518,18.2114,4.68851,11.1267,9.98455,22.1924,5.36311,0.26261
setup,0,2005-03-02 23:00:00,1.96859e-17,1.43596,5.77725,4.49973e-07,0,0.000125497,0.000451312,0.00123985,0.00673092,0.0265137,2.56038e-06,0,0,0,26.4657,28.8568,0.441758,0.161803,0,0.853944,0.543665,0.650148,0.103894,0.00170304,13928.3,232291,45490.4,65698,482.815,2985.52,355.366,156.745,22.9988,1977.36,476.725,178.71,37578.8,3597.82,6037.58,48.6271,18.7312,5.75272,11.2365,10.9811,22.2135,5.36355,0.261871
setup,0,2005-03-03 23:00:00,5.41597e-18,2.09013,5.53596,4.34846e-07,0,0.000146167,0.000150352,0.00125328,0.00627332,0.0256471,4.08079e-06,0,0,0,25.0232,29.2312,0.42089,0.163434,0,1.20918,0.536385,0.724546,0.107862,0.00176286,13900.5,232341,45530.6,65725.5,481.433,3029.71,383.982,158.092,22.9633,1978.58,476.758,179.741,37580.4,3599.57,6037.03,48.5205,19.23,6.80908,11.3711,11.6118,22.2346,5.36398,0.259099
setup,0,2005-03-04 23:00:00,1.46928e-18,1.55584,5.4192,4.20767e-07,0,0.000167014,4.4019e-06,0.00127727,0.00594996,0.0252191,7.052e-06,0,0,0,23.489,28.6298,0.400551,0.166911,0,1.41077,0.533725,0.761825,0.111907,0.00183752,13868.8,232392,45570.5,65752.7,480.053,3072.06,412.477,159.448,22.842,1979.8,476.791,181.09,37581.8,3601.12,6036.3,48.4229,19.7103,7.85766,11.5198,12.0523,22.2557,5.36442,0.257963
setup,0,2005-03-05 23:00:00,3.93945e-19,2.67402,5.3227,4.04413e-07,0,0.000189493,8.39255e-06,0.00131359,0.00577991,0.0241179,2.02572e-05,0,0,0,21.8627,29.329,0.379406,0.171412,0,1.57754,0.533072,0.779431,0.109907,0.0019044,13844.7,232443,45610.9,65780.6,478.683,3112.48,440.855,160.77,23.911,1981.01,476.824,182.604,37583,3602.54,6035.43,48.3254,20.1723,8.89869,11.6721,12.3456,22.2767,5.36486,0.254955
setup,0,2005-03-06 23:00:00,1.03398e-19,1.80081,5.33498,3.87303e-07,0,0.000219395,1.21035e-05,0.00135894,0.00565611,0.0225487,4.84614e-05,0,0,0,20.1438,28.1995,0.346787,0.175093,0,1.64989,0.530132,0.793976,0.106171,0.0019461,13815.6,232493,45650.6,65807.7,477.309,3150.91,469.123,162.161,24.1199,1982.23,476.858,184.237,37584.2,3603.87,6034.5,48.2321,20.6039,9.93225,11.8267,12.5746,22.2978,5.3653,0.254507
setup,0,2005-03-07 23:00:00,2.99853e-20,1.4463,5.19731,3.7169e-07,0,0.000255339,1.43579e-05,0.00140542,0.00549679,0.0212082,0.000100361,0,0,0,18.3322,27.919,0.32688,0.180929,0,1.73349,0.527308,0.811377,0.103331,0.0019829,13784.9,232542,45690.3,65834.7,475.951,3187.21,497.282,163.568,24.5201,1983.44,476.891,185.902,37585.3,3605.13,6033.49,48.1412,21.0199,10.9582,11.9878,12.7186,22.3188,5.36575,0.252743
setup,0,2005-03-08 23:00:00,1.03398e-21,1.62773,5.09326,3.60627e-07,0,0.000299249,2.1548e-05,0.00144519,0.00525466,0.0200723,0.000211319,0,0,0,16.4279,27.8516,0.301332,0.186295,0,1.77219,0.528507,0.851723,0.100831,0.00201676,13755.1,232592,45730.1,65861.7,474.612,3221.31,525.332,164.979,25.3657,1984.66,476.924,187.606,37586.4,3606.36,6032.46,48.052,21.4144,11.9765,12.1537,12.8377,22.3399,5.36619,0.25059
setup,0,2005-03-09 23:00:00,0,1.85607,5.08332,3.64678e-07,0,0.0003653,2.80222e-05,0.00147619,0.00497936,0.0194048,0.000461277,0,0,0,14.431,27.7959,0.272794,0.191575,0,1.78323,0.533417,0.8966,0.103135,0.00204959,13726.2,232643,45769.8,65888.8,473.289,3253.13,553.258,166.43,26.5623,1985.87,476.958,189.302,37587.5,3607.6,6031.44,47.964,21.7843,12.9868,12.3245,12.96,22.3609,5.36663,0.248523
setup,0,2005-03-10 23:00:00,0,1.96211,5.10887,3.73821e-07,0,0.000438859,3.36482e-05,0.00150532,0.00473396,0.018372,0.000874529,0,0,0,12.3417,27.629,0.239926,0.196504,0,1.80202,0.534982,0.921188,0.101463,0.00209639,13697.3,232669,45785.4,65891.9,471.977,3282.59,557.063,167.912,27.9085,1987.08,476.991,190.957,37585.9,3606.16,6027.76,47.8731,22.1251,12.9233,12.4958,11.4742,22.3819,5.36707,0.246582
setup,0,2005-03-11 23:00:00,0,1.80026,5.11965,1.25586e-06,0,0.000523926,4.18984e-05,0.0015392,0.00452133,0.0170088,0.00136634,0,0,0,12.5889,27.2637,0.245958,0.201596,0,1.25017,0.530954,0.86613,0.0956954,0.002136,13667,232694,45800.8,65911,470.674,3312.02,560.974,169.415,29.0396,1988.29,477.025,192.625,37584.9,3605.35,6026.7,47.7804,22.4759,12.8626,12.6479,10.6396,22.4029,5.36751,0.244899
setup,0,2005-03-12 23:00:00,0,1.60581,5.07956,2.52687e-05,0,0.000623598,5.1497e-05,0.00156994,0.00428532,0.0159149,0.0018562,0,0,0,12.8336,27.0907,0.255661,0.207087,0,0.832626,0.533539,0.782409,0.0915337,0.00216094,13637,232720,45816.1,65929.9,469.387,3341.44,564.98,170.927,30.2338,1989.5,477.058,193.739,37584.5,3604.98,6026.07,47.6764,22.8409,12.8048,12.7802,10.2588,22.4238,5.36796,0.244196
setup,0,2005-03-13 23:00:00,0,1.5064,5.04845,9.76058e-05,0,0.000731941,6.4595e-05,0.00159619,0.00406413,0.0148703,0.00225661,0,0,0,13.0754,26.982,0.264532,0.210793,0,0.599893,0.528509,0.701268,0.0864136,0.00217674,13607.8,232745,45831.4,65948.8,468.116,3370.83,569.077,172.451,31.5302,1990.71,477.092,194.435,37584.2,3604.84,6025.66,47.5743,23.2173,12.7496,12.8981,10.1099,22.4448,5.3684,0.240672
setup,0,2005-03-14 23:00:00,0,1.23971,5.08556,0.00023254,0,0.000906643,0.000106716,0.00161582,0.00384671,0.0148593,0.00246727,0,0,0,13.3136,26.6782,0.268197,0.212732,0,0.45452,0.530252,0.672125,0.0901089,0.00219362,13578.2,232771,45846.5,65967.3,466.863,3400.21,573.246,174.068,32.6557,1991.92,477.125,194.894,37584.1,3604.81,6025.37,47.4737,23.5982,12.6966,13.0153,10.0862,22.4657,5.36885,0.238392
setup,0,2005-03-15 23:00:00,0,0.997786,5.83779,0.000411263,0,0.00119614,0.000142522,0.00163354,0.00362847,0.0164208,0.00249327,0,0,0,13.5476,26.4376,0.276881,0.214412,0,0.394982,0.591246,0.741243,0.104886,0.00226299,13546.5,232795,45860.9,65986.7,465.592,3429.31,575.092,177.005,34.5777,1993.12,477.159,195.207,37584,3604.83,6025.33,47.3974,23.9865,12.5532,13.1525,10.1635,22.4865,5.36929,0.236584
setup,0,2005-03-16 23:00:00,0,2.23486,6.86854,0.000595805,0,0.00155414,0.000143804,0.00166398,0.00356708,0.0190054,0.00239646,0,0,0,13.7767,27.3167,0.28866,0.215906,0,0.36231,0.626664,0.755976,0.123561,0.00238486,13524.3,232820,45874.8,66006.2,464.331,3458.08,576.028,180.993,36.9765,1994.31,477.191,195.464,37583.9,3604.88,6025.34,47.3534,24.3857,12.3688,13.3287,10.2436,22.5073,5.36972,0.23537
setup,0,2005-03-17 23:00:00,0,1.43614,6.83112,0.000757546,0,0.00188493,0.000107573,0.00170781,0.00368936,0.0223361,0.00223519,0,0,0,14.0004,26.2083,0.282874,0.215753,0,0.317649,0.61306,0.737114,0.141473,0.00254413,13496.4,232843,45888.3,66023.9,463.105,3486.83,578.501,184.751,37.2901,1995.51,477.224,195.679,37583.8,3604.96,6025.26,47.2837,24.7782,12.2388,13.5236,10.3093,22.5281,5.37016,0.23278
setup,0,2005-03-18 23:00:00,0,1.78976,32.0946,0.00089237,0,0.00209547,0.000984264,0.000762154,0.00182597,0.0274053,0.00204887,0,0,0,15.9002,26.6147,0.305741,0.217045,0,0.29709,1.32561,0.798551,0.163253,0.00272505,13472.6,232842,45877.5,66024.8,464.555,3514.58,560.345,199.267,24.2191,1996.65,477.253,195.889,37583.7,3605.03,6026.1,47.609,25.178,11.3154,14.1888,10.3925,22.5482,5.37055,0.270207
setup,0,2005-03-19 23:00:00,0,3.98198,33.0329,0.000995787,0,0.00220244,0.00981576,0.00125823,0.00307566,0.0321572,0.00185964,0,0,0,16.601,28.1012,0.316226,0.217769,0,0.322423,1.47214,0.811099,0.185794,0.00293051,13463.7,232841,45866.9,66034.9,467.951,3540.93,545.075,198.052,25.0854,1997.78,477.279,196.091,37583.6,3605.09,6027.97,48.0962,25.5814,10.4472,14.6256,10.4714,22.5683,5.37092,0.282099
setup,0,2005-03-20 23:00:00,0,5.80063,28.9684,0.00106294,0,0.00226264,0.0247615,0.0019188,0.00486495,0.0378459,0.00168352,0,0,0,17.4183,28.861,0.311257,0.217211,0,0.352527,1.51317,0.885771,0.207371,0.003149,13462.8,232845,45860.8,66046.7,471.295,3567.18,532.856,199.24,26.5244,1998.91,477.305,196.322,37583.5,3605.14,6029.48,48.4944,25.9757,9.67597,15.0637,10.5057,22.5881,5.37127,0.272658
setup,0,2005-03-21 23:00:00,0,6.01361,21.5287,0.00108317,0,0.00227855,0.0377131,0.00224015,0.00600345,0.0440592,0.00153209,0,0,0,18.3746,28.5877,0.315347,0.216612,0,0.33222,1.36534,0.899474,0.226212,0.00333873,13461.3,232857,45862.1,66060.5,475.278,3594.4,523.289,204.97,27.3895,2000.04,477.33,196.591,37583.3,3605.21,6030.35,48.795,26.3826,9.01287,15.5605,10.4959,22.5981,5.37162,0.258758
setup,0,2005-03-22 23:00:00,0,5.21223,19.0424,0.00105425,0,0.00228234,0.038141,0.00279206,0.00778188,0.0499708,0.00140511,0,0,0,19.493,27.9538,0.338051,0.218109,0,0.312656,1.19959,1.0017,0.242502,0.00350148,13454.7,232870,45865.6,66076.1,479.338,3621.33,520.967,207.434,27.5315,2001.19,477.354,196.865,37583.2,3605.28,6031.19,49.1204,26.8093,8.56645,15.7856,10.5458,22.6091,5.37195,0.239224
setup,0,2005-03-23 23:00:00,0,5.02285,14.3869,0.000995427,0,0.00227161,0.041014,0.00262719,0.00787377,0.0556762,0.00129641,0,0,0,20.7988,27.7118,0.354983,0.219711,0,0.342897,0.967104,0.999473,0.255799,0.00361547,13448,232888,45873.7,66092.1,480.823,3650.63,524.008,209.278,28.4538,2002.36,477.379,197.149,37583,3605.35,6031.54,49.2804,27.251,8.33634,15.9664,10.555,22.6293,5.37231,0.231622
setup,0,2005-03-24 23:00:00,0,4.57642,11.676,0.000907947,0,0.00224813,0.0380724,0.00253444,0.0084087,0.0607389,0.00119896,0,0,0,22.3217,27.2343,0.361899,0.219259,0,0.311099,0.858286,0.940989,0.264888,0.00368223,13438,232909,45884.4,66108.9,480.943,3683.08,528.703,211.363,29.0594,2003.54,477.407,197.482,37582.9,3605.43,6031.69,49.2997,27.7126,8.21248,16.1642,10.594,22.6422,5.37269,0.228397
setup,0,2005-03-25 23:00:00,0,3.79426,9.40498,0.000805554,0,0.0022307,0.0316958,0.0024965,0.00910613,0.0649766,0.00110607,0,0,0,24.0892,26.601,0.385422,0.221069,0,0.30361,0.779321,0.881291,0.273303,0.00371075,13423.7,232931,45897.1,66126.2,480.659,3718.48,534.022,213.809,29.2521,2004.73,477.438,197.827,37582.8,3605.51,6031.68,49.2531,28.1958,8.14732,16.3748,10.6303,22.6629,5.3731,0.225837
setup,0,2005-03-26 23:00:00,0,3.18058,7.78536,0.00070497,0,0.00221834,0.029841,0.0024905,0.00989328,0.0680006,0.00101463,0,0,0,26.1287,26.0542,0.404449,0.221833,0,0.295534,0.721902,0.830071,0.27778,0.00370202,13405.7,232954,45911.2,66143.9,480.256,3756.83,539.613,216.203,29.2767,2005.93,477.47,198.207,37582.7,3605.61,6031.58,49.1816,28.7018,8.12121,16.5815,10.6639,22.6836,5.37353,0.221205
setup,0,2005-03-27 23:00:00,0,2.51574,6.85647,0.000606899,0,0.0022117,0.0255877,0.00247386,0.010566,0.069544,0.000924835,0,0,0,28.4667,25.4417,0.420199,0.222276,0,0.283309,0.691283,0.793214,0.279152,0.00366519,13383.7,232977,45926,66161.5,479.837,3797.94,545.474,218.374,28.9718,2007.12,477.503,198.625,37582.6,3605.72,6031.41,49.0908,29.2251,8.12121,16.7755,10.7172,22.7043,5.37397,0.217192
setup,0,2005-03-28 23:00:00,0,2.18531,6.30463,0.000516634,0,0.00218432,0.0191324,0.00243599,0.0110434,0.0661691,0.000837976,0,0,0,31.1284,25.1224,0.438154,0.222728,0,0.272735,0.659327,0.7654,0.26006,0.00357899,13360.5,233000,45941.1,66178.7,479.386,3841.65,551.651,220.292,28.7947,2008.32,477.537,199.084,37582.6,3605.83,6031.17,49.0122,29.7661,8.13573,16.9472,10.8011,22.7251,5.37441,0.213265
setup,0,2005-03-29 23:00:00,0,1.62081,6.18893,0.000459202,0,0.0021915,0.0137019,0.00241599,0.011492,0.0612611,0.000755249,0,0,0,34.1347,24.5093,0.458314,0.223172,0,0.264878,0.647195,0.750722,0.246832,0.00341916,13333.9,233024,45956,66195.5,478.915,3888.06,557.98,222.142,28.302,2009.52,477.57,199.594,37582.5,3605.96,6030.93,48.9463,30.3258,8.15361,17.1092,10.902,22.7459,5.37486,0.211894
setup,0,2005-03-30 23:00:00,0,1.78855,7.20895,0.00042226,0,0.00223199,0.0096002,0.00236691,0.0114624,0.0603114,0.000677554,0,0,0,37.4984,24.596,0.483187,0.223758,0,0.268591,0.690565,0.783798,0.252386,0.00331514,13309.2,233046,45970,66212.7,478.61,3937.28,563.418,224.258,27.9875,2010.71,477.603,200.167,37582.5,3606.07,6030.84,48.9229,30.9076,8.1381,17.2722,10.998,22.7665,5.3753,0.209804
setup,0,2005-03-31 23:00:00,0,2.44956,6.7778,0.000382139,0,0.00227034,0.00853101,0.00232437,0.0114621,0.0595199,0.000605608,0,0,0,41.2239,24.8996,0.511252,0.224408,0,0.254487,0.52312,0.718169,0.254814,0.00322232,13288.7,233069,46020,66262.3,478.354,3989.88,569.44,225.92,27.1922,2011.9,477.636,200.825,37582.5,3608.87,6033.03,49.0069,31.5163,8.1382,17.4318,11.0545,22.7872,5.37574,0.208005
setup,0,2005-04-01 23:00:00,0,2.1988,7.6829,0.000331071,0,0.00230589,0.0070556,0.00224466,0.0112187,0.0579453,0.000540089,0,0,0,45.3044,24.3695,0.533157,0.224632,0,0.239585,0.607149,0.716986,0.252381,0.00312717,13265.5,233091,46033.6,66279.1,478.297,4046.01,574.881,227.54,26.0698,2013.09,477.669,201.552,37582.5,3609,6032.96,49.0337,32.1436,8.11476,17.5601,11.1162,22.8078,5.37618,0.205591
setup,0,2005-04-02 23:00:00,0,3.36718,13.1218,0.000277124,0,0.00236015,0.00818387,0.00220951,0.0106911,0.0562283,0.000481204,0,0,0,49.7204,25.289,0.564773,0.225264,0,0.273535,0.820076,0.839581,0.250251,0.00305823,13251.8,233108,46042.4,66295.5,479.607,4104.94,577.421,227.672,25.6764,2014.26,477.701,202.361,37582.5,3609.11,6033.36,49.2038,32.7942,7.97781,17.6734,11.155,22.8282,5.3766,0.204409
setup,0,2005-04-03 23:00:00,0,4.44052,14.8828,0.000232911,0,0.00241481,0.00693078,0.0022233,0.0106643,0.0544774,0.000428712,0,0,0,54.4374,25.5764,0.586277,0.225235,0,0.282166,0.878748,0.865868,0.246847,0.00298514,13243.9,233124,46049.8,66311.2,481.339,4167.14,580.129,226.921,25.8076,2015.42,477.73,203.302,37582.4,3609.22,6033.84,49.4487,33.4592,7.82105,17.7371,11.2142,22.8485,5.377,0.203919
setup,0,2005-04-04 23:00:00,0,3.60229,11.7296,0.00019318,0,0.00247719,0.00780994,0.00218739,0.0107846,0.0525126,0.000382405,0,0,0,59.4044,24.452,0.617931,0.22579,0,0.277484,0.764188,0.806354,0.243882,0.00290739,13233.6,233142,46059.9,66326.2,482.03,4233.9,585.415,227.597,25.1423,2016.59,477.76,204.36,37582.4,3609.33,6033.96,49.5874,34.1551,7.73601,17.8141,11.2812,22.869,5.3774,0.20255
setup,0,2005-04-05 23:00:00,0,1.63343,10.5594,0.000161124,0,0.00253516,0.00969772,0.00214321,0.0106918,0.050632,0.000341931,0,0,0,64.5527,23.2133,0.656673,0.226722,0,0.292286,0.737663,0.777841,0.239739,0.00284022,13234,233160,46070.7,66340.6,482.459,4305.47,591.838,228.399,23.6486,2017.77,477.79,205.528,37582.4,3609.44,6033.95,49.6676,34.8887,7.68254,17.8949,11.3417,22.8895,5.3778,0.200177
setup,0,2005-04-06 23:00:00,0,1.69344,9.13154,0.0238,0,0.00259846,0.0072463,0.0021104,0.0106618,0.048906,0.000306464,0,0,0,69.7953,23.0817,0.676239,0.226634,0,0.286722,0.698986,0.751503,0.236668,0.00277634,13230.9,233180,46083,66355.6,482.731,4382.41,598.969,228.959,22.8106,2018.95,477.82,206.822,37582.4,3609.55,6033.85,49.7101,35.6415,7.65844,17.9643,11.4079,22.91,5.37821,0.199077
setup,0,2005-04-07 23:00:00,0,1.81023,7.61959,0.000128275,0,0.00265908,0.00656897,0.00207856,0.0106687,0.0469079,0.000275037,0,0,0,75.0274,22.9468,0.714132,0.227553,0,0.289605,0.64914,0.703747,0.23147,0.00271226,13230.1,233202,46096.9,66371.5,482.83,4465.1,606.562,229.448,22.4157,2020.13,477.852,208.229,37582.3,3609.67,6033.66,49.7216,36.4345,7.6641,18.0211,11.4702,22.9306,5.37863,0.195658
setup,0,2005-04-08 23:00:00,0,1.98354,6.70402,0.0573289,0,0.00271614,0.00773861,0.0020283,0.0105046,0.0449328,0.000246906,0,0,0,80.1271,22.8163,0.736705,0.227735,0,0.278105,0.625406,0.675654,0.227441,0.00265797,13223.7,233224,46111.9,66387.7,482.833,4553.07,614.568,229.897,22.1392,2021.32,477.884,209.749,37582.3,3609.8,6033.38,49.6998,37.2502,7.69034,18.0671,11.5409,22.9511,5.37906,0.194387
setup,0,2005-04-09 23:00:00,0,2.11634,6.02756,0.0348887,0,0.00276289,0.00753585,0.00199425,0.010391,0.0427344,0.000221529,0,0,0,84.9582,22.6813,0.77107,0.228618,0,0.272794,0.594167,0.650212,0.220642,0.00260591,13217.3,233247,46127.8,66404.2,482.779,4645.93,622.929,230.266,22.0218,2022.5,477.917,211.368,37582.3,3609.94,6033.06,49.6811,38.1006,7.73277,18.1048,11.6043,22.9718,5.3795,0.193188
setup,0,2005-04-10 23:00:00,0,2.26535,5.67378,0.0407965,0,0.00280693,0.00603197,0.00194372,0.0101468,0.0401481,0.000198519,0,0,0,89.3724,22.5471,0.794281,0.229051,0,0.266329,0.585064,0.635546,0.21301,0.00254054,13211.5,233271,46144.2,66420.6,482.684,4742.96,631.71,230.59,21.983,2023.69,477.95,213.078,37582.3,3610.09,6032.68,49.6479,38.9725,7.78616,18.1373,11.6843,22.9924,5.37995,0.190697
setup,0,2005-04-11 23:00:00,0,2.62059,5.51775,0.054225,0,0.00283114,0.00436449,0.00190865,0.00993516,0.0370824,0.000177611,0,0,0,93.214,22.5445,0.814244,0.22948,0,0.261165,0.572219,0.622477,0.201305,0.00247646,13200.6,233295,46161.1,66437.1,482.543,4843.38,640.855,230.921,22.1661,2024.88,477.984,214.865,37582.4,3610.25,6032.25,49.6213,39.862,7.84525,18.166,11.7722,23.013,5.38039,0.189314
setup,0,2005-04-12 23:00:00,0,2.96222,5.39966,0.0105004,0,0.00281016,0.00143846,0.00187968,0.00974494,0.0317646,0.000158628,0,0,0,96.5941,22.5167,0.832475,0.230022,0,0.261413,0.55738,0.600551,0.177038,0.00235974,13187.2,233320,46178.3,66453.7,482.305,4946.68,650.336,231.327,22.6195,2026.07,478.018,216.694,37582.4,3610.42,6031.8,49.5921,40.7671,7.9085,18.1943,11.8741,23.0336,5.38084,0.188706
setup,0,2005-04-13 23:00:00,0,3.2074,5.32468,0.0297491,0,0.00275946,0.000171641,0.00185015,0.00952866,0.025704,0.000141448,0,0,0,99.3923,22.4212,0.84235,0.230349,0,0.258877,0.538533,0.571207,0.151297,0.00219808,13172.6,233345,46195.8,66470.2,481.954,5052.27,660.141,231.845,23.164,2027.25,478.051,218.471,37582.5,3610.58,6031.33,49.5621,41.6792,7.97532,18.2254,11.9943,23.0542,5.38128,0.185928
setup,0,2005-04-14 23:00:00,0,3.32641,5.23814,0.0223412,0,0.00266961,2.19858e-05,0.00181236,0.009197,0.0196507,0.000125974,0,0,0,101.364,22.3319,2.11396,0.241732,0,0.263643,0.522054,0.535978,0.124487,0.00201762,13158.2,233371,46213.6,66486.8,481.493,5159.3,670.279,232.462,23.8459,2028.44,478.085,218.55,37582.6,3610.76,6030.84,49.5237,43.8709,8.0459,18.2589,12.123,23.0747,5.38173,0.185328
setup,0,2005-04-15 23:00:00,0,3.43846,5.17187,0.00818786,0,0.00255899,2.67499e-05,0.00175975,0.00867171,0.0144287,0.000112098,0,0,0,102.428,22.208,2.52425,0.244445,0,0.265105,0.507786,0.505026,0.100475,0.00182705,13143.8,233396,46231.7,66503.4,480.94,5266.86,680.754,233.194,24.5804,2029.62,478.118,218.817,37582.7,3610.95,6030.33,49.475,46.4671,8.12514,18.2959,12.2565,23.0953,5.38218,0.18278
setup,0,2005-04-16 23:00:00,0,3.49455,5.13593,0.00687397,0,0.00246926,3.21221e-05,0.00169191,0.0079524,0.0106269,9.96984e-05,0,0,0,102.393,22.0442,2.42973,0.243652,0,0.262121,0.498803,0.478351,0.0836963,0.00164645,13128.6,233422,46250,66520,480.33,5373.84,691.566,234.037,25.2808,2030.81,478.152,219.09,37582.8,3611.14,6029.8,49.4182,48.958,8.21434,18.3373,12.3883,23.1159,5.38263,0.182595
setup,0,2005-04-17 23:00:00,0,3.5376,5.12445,0.000154123,0,0.00234626,3.59177e-05,0.00161163,0.00708808,0.00744945,8.86475e-05,0,0,0,101.023,21.8898,2.43473,0.244068,0,0.264367,0.487353,0.450707,0.0656396,0.00148163,13113.1,233448,46268.6,66536.6,479.669,5478.91,702.707,234.957,25.9504,2031.99,478.186,219.342,37582.9,3611.35,6029.25,49.3558,51.4448,8.31303,18.38,12.5174,23.1364,5.38307,0.181077
setup,0,2005-04-18 23:00:00,0,3.59586,5.08074,0.000152738,0,0.00218065,3.79058e-05,0.00152463,0.00618091,0.00487052,7.88145e-05,0,0,0,98.2721,21.7383,2.36453,0.243926,0,0.269162,0.474784,0.419477,0.0477348,0.0013258,13097.4,233475,46287.5,66553.1,478.966,5580.7,714.167,235.931,26.6209,2033.17,478.22,219.583,37583.1,3611.56,6028.68,49.2875,53.8518,8.42112,18.4217,12.6402,23.157,5.38352,0.179965
setup,0,2005-04-19 23:00:00,0,3.61535,6.59663,0.000150463,0,0.002079,3.99749e-05,0.00144069,0.00521661,0.00340315,7.00787e-05,0,0,0,94.1079,21.5378,2.2487,0.243544,0,0.271529,0.510211,0.439628,0.0386465,0.00119811,13080.3,233500,46305.1,66570,478.406,5677.55,724.299,237.682,26.9124,2034.35,478.253,219.82,37583.2,3611.78,6028.32,49.2698,56.1313,8.49764,18.4604,12.7584,23.1774,5.38397,0.178529
setup,0,2005-04-20 23:00:00,0,3.62334,5.19536,0.00015285,0,0.00205482,4.35037e-05,0.00136253,0.00442475,0.00268316,6.23155e-05,0,0,0,88.2348,21.3416,2.16374,0.244279,0,0.264057,0.481247,0.400873,0.0359574,0.00111838,13061.7,233527,46324.3,66586.6,477.703,5768.25,736.261,238.743,27.4937,2035.53,478.287,220.128,37583.4,3612.01,6027.74,49.1841,58.3196,8.62026,18.5131,12.8801,23.1979,5.38441,0.177655
setup,0,2005-04-21 23:00:00,0,3.56689,5.1957,0.000154755,0,0.00197,4.30093e-05,0.00127881,0.00361868,0.0019997,5.54529e-05,0,0,0,80.6437,21.1363,1.96613,0.244517,0,0.259118,0.470739,0.387919,0.02925,0.00106203,13041.5,233553,46343.8,66603.1,476.986,5850.89,748.503,239.884,27.9362,2036.71,478.32,220.192,37583.5,3612.25,6027.13,49.1071,60.3023,8.75137,18.5664,12.9919,23.2184,5.38486,0.177541
setup,0,2005-04-22 23:00:00,0,3.52539,5.18646,0.000150423,0,0.00186079,4.28023e-05,0.0012117,0.00296553,0.00143019,4.93815e-05,0,0,0,71.2536,20.9363,1.88158,0.245962,0,0.255668,0.463816,0.375534,0.0223463,0.00100608,13019.8,233580,46363.4,66619.5,476.26,5923.69,760.983,241.069,28.3115,2037.88,478.354,220.291,37583.7,3612.5,6026.51,49.0308,62.1943,8.88964,18.6182,13.1051,23.2389,5.38531,0.175822
setup,0,2005-04-23 23:00:00,0,3.45205,9.24015,0.000149414,0,0.0017818,4.21497e-05,0.00117668,0.0023754,0.00116302,4.39992e-05,0,0,0,60.1085,20.736,1.58038,0.246085,0,0.258281,0.561942,0.440408,0.018141,0.000962444,12996.5,233603,46379.1,66635.9,476.164,5984.27,769.692,243.291,27.9922,2039.05,478.387,220.342,37583.9,3612.74,6026.37,49.0826,63.7733,8.94048,18.6612,13.2173,23.2592,5.38575,0.17539
setup,0,2005-04-24 23:00:00,0,3.28374,15.7496,0.000151752,0,0.00178787,4.45881e-05,0.00117194,0.00194553,0.00121644,3.92112e-05,0,0,0,47.1939,20.5572,1.31781,0.247561,0,0.238098,0.760489,0.506339,0.0180848,0.000932812,12971.9,233619,46388.4,66650.5,477.669,6030.2,774.262,243.711,27.6449,2040.19,478.418,220.353,37584.1,3613,6026.8,49.2662,65.0771,8.88674,18.7238,13.3564,23.2793,5.38617,0.174028
setup,0,2005-04-25 23:00:00,0,3.23769,9.3734,0.000154986,0,0.00179727,4.59815e-05,0.00110695,0.00160101,0.000907154,3.4983e-05,0,0,0,32.847,20.4175,0.925189,0.248162,0,0.245561,0.576175,0.460016,0.0176967,0.000911932,12947.4,233642,46404.2,66666.2,477.609,6062.14,783.787,245.368,28.0586,2041.35,478.45,220.319,37584.3,3613.26,6026.59,49.3088,65.9889,8.95026,18.8026,13.4636,23.2996,5.3866,0.17282
setup,0,2005-04-26 23:00:00,0,3.2849,7.68282,0.000162284,0,0.0018081,4.68938e-05,0.00106354,0.00131952,0.000789309,3.12849e-05,0,0,0,17.9562,20.278,0.482686,0.247918,0,0.240413,0.541309,0.432726,0.0173639,0.000908891,12922.3,233666,46421.8,66682.2,477.227,6079.41,794.82,247.116,28.3066,2042.52,478.483,220.288,37584.5,3613.53,6026.21,49.2773,66.4576,9.05469,18.8931,13.5799,23.32,5.38704,0.171667
setup,0,2005-04-27 23:00:00,0,3.225,8.18245,0.000172805,0,0.001823,4.84023e-05,0.00103699,0.00107576,0.000755147,2.80432e-05,0,0,0,10.2648,20.1392,0.262592,0.248233,0,0.0291108,0.517276,0.438764,0.0171358,0.000906628,12897.1,233690,46438.8,66698,476.956,6088.95,805.221,249.051,28.3112,2043.68,478.515,220.254,37584.9,3613.86,6025.97,49.3299,66.7054,9.15004,18.9937,13.8304,23.3403,5.38747,0.16991
setup,0,2005-04-28 23:00:00,0,2.98427,8.81529,0.000187539,0,0.0018403,4.89208e-05,0.00102888,0.000921569,0.000735868,2.51699e-05,0,0,0,9.93032,20.0013,0.258771,0.248463,0,0.0265365,0.512409,0.453002,0.0169801,0.00091701,12872.2,233713,46455.2,66713.6,476.825,6097.93,815.025,250.98,28.2541,2044.84,478.548,220.011,37585.3,3614.19,6025.78,49.4385,66.9485,9.23419,19.1129,14.0314,23.3606,5.38791,0.168959
setup,0,2005-04-29 23:00:00,0,2.94325,9.55725,0.000192866,0,0.00185975,4.86998e-05,0.00103624,0.00079806,0.000735308,2.2603e-05,0,0,0,9.57669,19.8643,0.251384,0.247874,0,0.0230673,0.533894,0.46956,0.0167647,0.000928711,12847.6,233735,46470.8,66729,476.861,6106.25,824.25,252.848,28.1688,2046,478.581,219.768,37585.7,3614.51,6025.66,49.5606,67.1819,9.30608,19.2448,14.234,23.3808,5.38834,0.168292
setup,0,2005-04-30 23:00:00,0,2.86794,8.67661,0.000206066,0,0.00188303,4.89913e-05,0.00103227,0.000685813,0.00068753,2.03067e-05,0,0,0,9.20453,19.7298,0.244152,0.247349,0,0.0193602,0.462347,0.44639,0.0165338,0.000931583,12823.2,233757,46492,66748.3,476.701,6114.16,834.277,254.867,27.8055,2047.16,478.613,219.524,37586.1,3615.32,6025.86,49.6919,67.4079,9.39756,19.403,14.3458,23.4011,5.38878,0.16816
setup,0,2005-05-01 23:00:00,0,2.83278,7.3884,0.000219216,0,0.0019086,4.49493e-05,0.00102999,0.00061441,0.000621465,1.82603e-05,0,0,0,8.81448,19.5962,0.236519,0.246854,0,0.0167628,0.427734,0.418533,0.0162402,0.000927894,12798.9,233781,46509.6,66763.7,476.344,6121.81,845.439,256.667,27.4795,2048.32,478.646,219.278,37586.6,3615.66,6025.52,49.7909,67.627,9.51734,19.5677,14.4826,23.4215,5.38922,0.166828
setup,0,2005-05-02 23:00:00,0,2.78877,10.419,0.000220734,0,0.00193172,4.20511e-05,0.00105854,0.000581687,0.000705758,1.64427e-05,0,0,0,8.40724,19.4635,0.227032,0.246283,0,0.0136677,0.524477,0.463769,0.0159706,0.000933672,12774.6,233802,46524.1,66778.3,476.581,6128.52,853.887,258.774,26.7856,2049.48,478.678,219.032,37587,3615.99,6025.47,49.9357,67.8325,9.5795,19.7837,14.6206,23.4417,5.38965,0.164922
setup,0,2005-05-03 23:00:00,0,2.71317,11.2967,0.000224968,0,0.00195119,3.96584e-05,0.00107357,0.000541824,0.000729686,1.4822e-05,0,0,0,7.98358,19.3318,0.21732,0.245754,0,0.0110153,0.548889,0.474794,0.0156025,0.000936673,12750.7,233822,46537.6,66792.6,477.057,6134.34,861.787,260.507,26.3571,2050.63,478.71,218.784,37587.4,3616.31,6025.49,50.1146,68.0255,9.62849,19.9973,14.7579,23.4619,5.39008,0.163828
setup,0,2005-05-04 23:00:00,0,2.63159,9.03042,0.000217233,0,0.00196809,3.84896e-05,0.00105149,0.000463603,0.000625222,1.33786e-05,0,0,0,7.54438,19.201,0.206632,0.245208,0,0.00834186,0.488262,0.451295,0.0150573,0.000936111,12727.1,233843,46553.3,66807.2,477.06,6139.81,871.626,262.175,26.2369,2051.79,478.742,218.536,37587.8,3616.64,6025.29,50.2469,68.2085,9.72047,20.1888,14.8908,23.4821,5.39051,0.163568
setup,0,2005-05-05 23:00:00,0,2.54224,8.18327,0.000210747,0,0.00198173,3.6838e-05,0.00104121,0.000420553,0.000579724,1.21089e-05,0,0,0,7.09052,19.0712,0.195385,0.24468,0,0.00650601,0.471699,0.443012,0.0147273,0.000936759,12703.6,233866,46569.8,66821.8,476.929,6144.94,882.093,263.786,26.0988,2052.95,478.775,218.287,37588.3,3616.97,6025.01,50.3485,68.3809,9.82978,20.3749,15.0218,23.5024,5.39095,0.161943
setup,0,2005-05-06 23:00:00,0,2.46556,8.14855,0.000200227,0,0.00199336,3.59556e-05,0.00103993,0.00039402,0.000562502,1.09855e-05,0,0,0,6.62292,18.9423,0.182758,0.244088,0,0.00440169,0.477168,0.446453,0.0142681,0.000938769,12680.2,233888,46586.3,66836.3,476.812,6149.61,892.42,265.404,25.9358,2054.11,478.807,218.038,37588.7,3617.3,6024.73,50.4416,68.5404,9.93968,20.5601,15.1506,23.5227,5.39139,0.16111
setup,0,2005-05-07 23:00:00,0,2.37724,7.27945,0.000187237,0,0.00200294,3.43946e-05,0.00103209,0.000363009,0.000520718,9.98706e-06,0,0,0,6.1426,18.8144,0.169882,0.243536,0,0.00282343,0.454402,0.432412,0.0140016,0.000937974,12656.9,233911,46603.5,66851,476.575,6153.89,903.438,266.797,25.8989,2055.27,478.84,217.788,37589.1,3617.63,6024.37,50.5168,68.6876,10.0673,20.7241,15.2697,23.543,5.39183,0.16125
setup,0,2005-05-08 23:00:00,0,2.32161,6.69747,0.000174926,0,0.00201104,3.35311e-05,0.0010292,0.000350873,0.00048826,9.10639e-06,0,0,0,5.6506,18.6874,0.155886,0.242926,0,0.00167629,0.441403,0.422308,0.0136158,0.000940276,12633.5,233935,46621.3,66865.6,476.267,6157.75,914.861,268.061,25.8934,2056.43,478.873,217.538,37589.6,3617.96,6023.95,50.5753,68.8212,10.2067,20.8739,15.3914,23.5633,5.39227,0.159644
setup,0,2005-05-09 23:00:00,0,2.26572,6.35232,0.00015841,0,0.00201778,3.20313e-05,0.00102913,0.000335224,0.000461757,8.32907e-06,0,0,0,5.14803,18.5613,0.140744,0.440117,0,0.000331447,0.431822,0.414858,0.013187,0.000943913,12610.2,233958,46639.3,66880.2,475.925,6161.17,926.475,269.239,25.8831,2057.59,478.907,217.09,37590.2,3618.38,6023.64,50.6274,69.1376,10.3534,21.0133,15.5213,23.5836,5.39271,0.157198
setup,0,2005-05-10 23:00:00,0,2.20953,6.11683,0.000145399,0,0.00202224,3.13711e-05,0.00103065,0.000321907,0.000441791,7.64331e-06,0,0,0,4.63602,18.4361,0.125294,0.483261,0,-1.16382e-14,0.424758,0.409209,0.0128212,0.000948597,12587,233982,46657.5,66894.7,475.565,6164.09,938.174,270.351,25.8871,2058.76,478.94,216.598,37590.9,3618.83,6023.35,50.6773,69.482,10.5051,21.1447,15.6529,23.6039,5.39316,0.157433
setup,0,2005-05-11 23:00:00,0,2.13623,6.8325,0.000132201,0,0.00202542,3.01683e-05,0.00103391,0.000300186,0.000448554,7.04951e-06,0,0,0,4.11576,18.3119,0.109574,0.48012,0,-1.16382e-14,0.453261,0.432788,0.0125417,0.00095224,12563.9,234005,46674.9,66909.1,475.302,6166.34,948.911,271.832,25.788,2059.91,478.973,216.109,37591.6,3619.27,6023.13,50.7329,69.8063,10.6399,21.2917,15.7893,23.6242,5.3936,0.156153
setup,0,2005-05-12 23:00:00,0,2.06062,6.29243,0.000120197,0,0.00202779,2.84225e-05,0.00103036,0.000287177,0.000421204,6.53937e-06,0,0,0,6.31257,18.1885,0.267905,0.477001,0,-1.16382e-14,0.433482,0.41849,0.0121947,0.000948007,12541.1,234028,46692.8,66923.5,474.982,6170.77,960.175,272.999,25.849,2061.08,479.007,215.622,37592.2,3619.71,6022.86,50.7874,70.286,10.7875,21.4187,15.9266,23.6444,5.39405,0.154855
setup,0,2005-05-13 23:00:00,0,2.01101,6.03213,0.000109787,0,0.00201875,2.63058e-05,0.0010267,0.000283087,0.000396493,6.10652e-06,0,0,0,5.8455,18.066,0.256025,0.473902,0,-1.16382e-14,0.424888,0.410594,0.0115161,0.000944382,12518.5,234052,46710.9,66937.7,474.628,6174.68,971.683,274.05,25.9286,2062.24,479.04,215.14,37592.9,3620.15,6022.54,50.8378,70.75,10.9428,21.5365,16.0636,23.6647,5.3945,0.154183
setup,0,2005-05-14 23:00:00,0,2.0516,6.06853,9.68493e-05,0,0.00198965,2.52277e-05,0.00103214,0.00028899,0.000371487,5.72492e-06,0,0,0,5.37258,17.9445,0.243925,0.470826,0,-1.16382e-14,0.42649,0.410708,0.0105836,0.000947144,12495.9,234075,46728.9,66951.8,474.265,6177.99,983.119,275.148,25.9833,2063.4,479.073,214.66,37593.6,3620.59,6022.21,50.8839,71.1977,11.0988,21.653,16.2017,23.685,5.39495,0.153713
setup,0,2005-05-15 23:00:00,0,2.05442,10.9132,8.58624e-05,0,0.00197049,2.38685e-05,0.00108603,0.000306,0.000526228,5.37816e-06,0,0,0,4.89485,17.8238,0.231627,0.46777,0,-1.16382e-14,0.597548,0.512118,0.0107614,0.00096023,12473.4,234093,46742,66964.9,474.723,6180.05,989.655,277.345,25.4692,2064.54,479.106,214.183,37594.2,3621.02,6022.36,50.9832,71.6236,11.1567,21.848,16.3476,23.7051,5.39538,0.153146
setup,0,2005-05-16 23:00:00,0,2.0134,12.8327,7.80948e-05,0,0.00197389,2.38693e-05,0.00112915,0.000334676,0.000623385,5.08136e-06,0,0,0,4.41337,17.7039,0.219156,0.464736,0,-1.16382e-14,0.648166,0.539806,0.0104192,0.000959223,12451.3,234109,46753.1,66977.3,475.669,6181.01,994.813,278.848,25.3626,2065.68,479.138,213.709,37594.9,3621.45,6022.67,51.1451,72.0296,11.1851,22.0154,16.4925,23.7252,5.39582,0.152379
setup,0,2005-05-17 23:00:00,0,1.93079,12.8274,7.1939e-05,0,0.001979,2.37391e-05,0.00112431,0.000300874,0.000608468,4.81866e-06,0,0,0,4.20055,17.5848,0.214745,0.461722,0,-1.16382e-14,0.646346,0.54754,0.010128,0.000947111,12430,234125,46764.1,66989.5,476.627,6181.43,1000.28,280.092,25.4127,2066.82,479.17,213.238,37595.5,3621.88,6022.96,51.311,72.4258,11.2192,22.1648,16.632,23.7452,5.39625,0.151693
setup,0,2005-05-18 23:00:00,0,1.93423,16.1318,6.68742e-05,0,0.00198553,2.33685e-05,0.00116227,0.000389247,0.000756179,4.57282e-06,0,0,0,4.25684,17.4667,0.218398,0.458729,0,-1.16382e-14,0.732203,0.564933,0.0101352,0.0009412,12409,234138,46771.8,67000.6,478.418,6181.2,1003.63,280.424,25.2766,2067.96,479.201,212.771,37596.2,3622.31,6023.52,51.5667,72.8174,11.2094,22.301,16.7718,23.7652,5.39667,0.151968
setup,0,2005-05-19 23:00:00,0,1.93627,24.5477,6.18122e-05,0,0.00199306,2.28527e-05,0.00123793,0.000534629,0.00111393,4.33148e-06,0,0,0,4.31063,17.3493,0.22189,0.455757,0,-1.16382e-14,0.979457,0.567906,0.0102355,0.000943479,12388.6,234142,46770.9,67008.8,482.131,6179.2,1002.46,277.714,24.9431,2069.08,479.231,212.306,37596.8,3622.73,6024.76,52.0109,73.1962,11.0994,22.4072,16.9173,23.7851,5.39707,0.153038
setup,0,2005-05-20 23:00:00,0,2.05934,30.3029,5.76724e-05,0,0.00200141,2.25915e-05,0.0010384,0.000453565,0.0011174,4.0861e-06,0,0,0,4.36171,17.247,0.225205,0.452805,0,-1.16382e-14,1.15022,0.551409,0.0100696,0.000942176,12369.9,234140,46764.4,67014.4,485.789,6176.79,998.145,272.943,24.9669,2070.17,479.26,211.844,37597.5,3623.15,6026.37,52.5683,73.5691,10.931,22.4832,17.0779,23.8045,5.39747,0.156556
setup,0,2005-05-21 23:00:00,0,2.26018,43.9087,5.37172e-05,0,0.00201025,2.21923e-05,0.001007,0.00062192,0.00189473,3.85847e-06,0,0,0,4.40993,17.1472,0.228326,0.449874,0,0.00400752,1.60095,0.531159,0.0105908,0.000940764,12352.8,234124,46744.3,67015.2,491.049,6173.35,985.314,264.21,24.4555,2071.26,479.287,211.385,37598.1,3623.57,6029.02,53.4084,73.9345,10.5945,22.5226,17.2562,23.824,5.39785,0.168059
setup,0,2005-05-22 23:00:00,0,2.47769,37.0808,5.05654e-05,0,0.00201854,2.17024e-05,0.000749895,0.000522832,0.00167246,3.63511e-06,0,0,0,4.45499,17.0511,0.225894,0.446928,0,0.0108815,1.46841,0.533114,0.0104923,0.000941151,12337.7,234115,46731.3,67018.8,495.677,6169.45,975.539,260.253,23.8345,2072.35,479.315,210.937,37598.7,3623.98,6031.18,54.1806,74.2905,10.3148,22.5646,17.4217,23.8434,5.39823,0.182431
setup,0,2005-05-23 23:00:00,0,2.85502,32.5924,4.95464e-05,0,0.00202716,2.13155e-05,0.00149419,0.00121705,0.00200732,3.43749e-06,0,0,0,4.49666,16.9729,0.198333,0.443852,0,0.0113636,1.55334,0.708615,0.0142489,0.000959805,12325.3,234111,46722,67025,500.645,6156.66,975.541,260.626,23.1398,2073.44,479.332,210.512,37599.3,3624.34,6033.12,54.6989,74.5556,10.14,22.8347,17.5394,23.8629,5.39849,0.16781
setup,0,2005-05-24 23:00:00,0,3.78088,34.243,4.67837e-05,0,0.00203554,2.11092e-05,0.00106751,0.00122309,0.00286219,3.24731e-06,0,0,0,4.53474,16.9429,0.167685,0.4408,0,0.0121481,1.50759,0.69914,0.0155275,0.00098136,12318.1,234105,46710.9,67026.6,505.576,6141.08,978.555,259.09,22.8093,2074.53,479.345,210.105,37599.9,3624.64,6034.7,55.4468,74.7655,10.0033,22.8465,17.6859,23.8823,5.39872,0.180751
setup,0,2005-05-25 23:00:00,0,4.00831,31.5656,4.45706e-05,0,0.00204379,2.05521e-05,0.00120937,0.001513,0.00308318,3.06416e-06,0,0,0,4.56914,16.8597,0.139906,0.437792,0,0.0136142,1.48076,0.716727,0.0160184,0.00100705,12311.2,234101,46703.2,67028.8,510.599,6124.48,983.178,259.428,22.5175,2075.62,479.357,209.707,37600.5,3624.96,6036.05,56.078,74.9356,9.90058,22.9752,17.8205,23.9016,5.39892,0.18511
setup,0,2005-05-26 23:00:00,0,3.86023,31.4216,4.54855e-05,0,0.00205077,2.02455e-05,0.00161507,0.00168208,0.00220373,2.90317e-06,0,0,0,4.59917,16.7293,0.140671,0.435,0,0.0163704,1.43024,0.739905,0.0140644,0.00102362,12304.3,234097,46695.9,67029.8,515.429,6108.46,988.146,258.513,22.6827,2076.71,479.37,209.315,37601.1,3625.3,6037.25,56.7926,75.1056,9.82284,22.9992,17.9561,23.921,5.39913,0.175667
setup,0,2005-05-27 23:00:00,0,3.59287,29.7737,4.75588e-05,0,0.0020591,2.06399e-05,0.00161824,0.00145896,0.00184719,2.75806e-06,0,0,0,4.62458,16.5926,0.1411,0.432198,0,0.0193219,1.37189,0.777289,0.0131873,0.00103346,12296.8,234095,46690.3,67031.7,519.88,6094.16,993.237,257.101,22.9922,2077.8,479.384,208.923,37601.7,3625.67,6038.39,57.4572,75.2841,9.77244,22.9797,18.1192,23.9401,5.39935,0.170544
setup,0,2005-05-28 23:00:00,0,3.22781,27.5354,4.73851e-05,0,0.00206753,2.04377e-05,0.00158408,0.00126606,0.00159063,2.62456e-06,0,0,0,4.64501,16.4428,0.141371,0.429414,0,0.019442,1.27563,0.786229,0.0125536,0.00103474,12288.4,234095,46686.9,67034.6,523.88,6081.77,998.149,255.968,23.4001,2078.89,479.4,208.528,37602.3,3626.07,6039.39,58.0982,75.4728,9.74219,22.9454,18.2631,23.9589,5.39961,0.166436
setup,0,2005-05-29 23:00:00,0,2.67247,24.7376,4.22051e-05,0,0.00207537,1.97179e-05,0.00149556,0.00112425,0.0014733,2.50499e-06,0,0,0,4.6602,16.2706,0.142024,0.426721,0,0.0217984,1.21695,0.778519,0.0122847,0.00102771,12279.2,234097,46686.1,67039,527.516,6071.02,1002.73,256.2,23.7415,2079.98,479.419,208.116,37602.9,3626.47,6040.26,58.6146,75.6703,9.72498,22.9857,18.4084,23.978,5.39988,0.164646
setup,0,2005-05-30 23:00:00,0,2.50761,22.6437,4.04185e-05,0,0.00208178,1.9743e-05,0.00153819,0.00103102,0.00125336,2.39238e-06,0,0,0,4.66989,16.1516,0.142062,0.423955,0,0.020742,1.14361,0.767675,0.011671,0.00101471,12269,234101,46687.2,67044.6,530.613,6061.96,1007.4,256.534,24.2541,2081.07,479.439,207.696,37603.5,3626.88,6041.02,59.0623,75.8771,9.72776,23.0331,18.5581,23.9969,5.40018,0.161724
setup,0,2005-05-31 23:00:00,0,2.3913,23.5524,4.00101e-05,0,0.00209081,2.08324e-05,0.00180959,0.00116414,0.00130216,2.29127e-06,0,0,0,4.67376,16.0405,0.142509,0.421278,0,0.021872,1.19247,0.894529,0.0117699,0.00101132,12256.1,234105,46687.1,67050.8,533.454,6053.47,1012.55,254.6,24.3383,2082.18,479.461,207.271,37604.1,3627.27,6041.98,59.3493,76.0866,9.749,22.8594,18.6451,24.0163,5.40049,0.157456
setup,0,2005-06-01 23:00:00,0,2.59535,17.5492,4.08174e-05,0,0.00210435,2.1372e-05,0.00157693,0.000735102,0.000870696,2.20666e-06,0,0,0,4.67139,15.934,0.142333,0.41855,0,0.0214963,0.875777,0.77705,0.0106839,0.000996628,12242.7,234114,46692.7,67058.5,534.33,6046.63,1019.89,255.242,25.1117,2083.31,479.485,206.852,37604.7,3627.67,6042.41,59.6296,76.3066,9.82634,22.8721,18.7744,24.0357,5.40083,0.154973
setup,0,2005-06-02 23:00:00,0,2.38846,13.5798,3.79638e-05,0,0.0021181,2.04825e-05,0.00143244,0.000524767,0.000629323,2.14344e-06,0,0,0,4.66278,15.8251,0.170821,0.416108,0,0.0218381,0.757214,0.711714,0.0098409,0.000982817,12227.8,234127,46702.2,67067.6,534.47,6041.88,1028,256.908,25.9253,2084.45,479.512,206.438,37605.3,3628.07,6042.56,59.7542,76.5688,9.9353,22.9564,18.8971,24.0554,5.40119,0.152878
setup,0,2005-06-03 23:00:00,0,2.1225,10.9577,3.67532e-05,0,0.00212969,2.00073e-05,0.00132663,0.000397928,0.000471548,2.1231e-06,0,0,0,4.64906,15.7162,0.209908,0.413752,0,0.0214547,0.66906,0.647796,0.00907401,0.00096817,12211.2,234142,46714.2,67077.9,534.314,6038.9,1036.43,258.779,26.7126,2085.59,479.541,206.027,37605.9,3628.47,6042.55,59.8021,76.8817,10.0646,23.0522,19.0164,24.0752,5.40158,0.151088
setup,0,2005-06-04 23:00:00,0,1.9396,9.1972,3.36755e-05,0,0.00214036,1.96171e-05,0.001248,0.000317262,0.00036722,2.15434e-06,0,0,0,4.63168,15.6085,0.218122,0.411186,0,0.0161725,0.603884,0.594571,0.00848669,0.000957994,12193.1,234160,46727.8,67088.9,534.026,6037.24,1045.02,260.603,27.4484,2086.74,479.571,205.618,37606.5,3628.87,6042.43,59.8084,77.2106,10.208,23.1412,19.1383,24.0951,5.402,0.149309
setup,0,2005-06-05 23:00:00,0,1.92904,8.26032,3.14492e-05,0,0.00215081,1.92792e-05,0.00118982,0.000266978,0.000311173,2.22886e-06,0,0,0,4.61065,15.504,0.223283,0.408595,0,0.00107254,0.561916,0.557087,0.00811399,0.000950586,12174.7,234177,46742.3,67100.1,533.682,6036.27,1053.69,262.39,28.107,2087.89,479.603,205.208,37607.1,3629.27,6042.24,59.8048,77.5475,10.3598,23.2231,19.2728,24.1151,5.40242,0.148162
setup,0,2005-06-06 23:00:00,0,1.89158,7.74763,2.95016e-05,0,0.00216245,1.89441e-05,0.00114719,0.00023274,0.000279713,2.34068e-06,0,0,0,4.58602,15.4004,0.237203,0.406095,0,-6.57298e-15,0.536242,0.530727,0.00786566,0.000941176,12156,234196,46757.2,67111.4,533.317,6035.67,1062.34,264.151,28.6805,2089.04,479.635,204.794,37607.7,3629.67,6042.01,59.7979,77.899,10.5165,23.2997,19.4061,24.1351,5.40285,0.147083
setup,0,2005-06-07 23:00:00,0,1.87639,7.45934,2.70669e-05,0,0.00217348,1.86705e-05,0.00111602,0.000210713,0.000258626,2.47852e-06,0,0,0,4.55777,15.2974,0.236491,0.403497,0,-6.57298e-15,0.520671,0.513302,0.00763548,0.00093279,12137.2,234214,46772.3,67122.7,532.942,6035.28,1070.92,265.908,29.1697,2090.19,479.668,204.381,37608.3,3630.07,6041.75,59.7877,78.2491,10.6761,23.3723,19.5393,24.1551,5.40328,0.146281
setup,0,2005-06-08 23:00:00,0,1.90261,7.26719,2.54017e-05,0,0.00218434,1.8539e-05,0.00109886,0.000204265,0.000243274,2.62898e-06,0,0,0,4.52593,15.1951,0.234502,0.400908,0,-6.57298e-15,0.51257,0.501713,0.00744097,0.000933097,12118.4,234233,46787.6,67133.9,532.56,6034.98,1079.42,267.687,29.6276,2091.34,479.701,203.972,37608.9,3630.46,6041.47,59.7712,78.5954,10.8375,23.4421,19.6723,24.1751,5.40372,0.145213
setup,0,2005-06-09 23:00:00,0,1.86777,7.11499,2.34226e-05,0,0.00219444,1.8184e-05,0.00108134,0.000175763,0.00023117,2.77852e-06,0,0,0,4.49047,15.0936,0.232285,0.398336,0,-6.57298e-15,0.503823,0.492518,0.00721506,0.000927712,12099.6,234251,46803,67145.1,532.175,6034.76,1087.83,269.491,30.0385,2092.49,479.734,203.564,37609.5,3630.85,6041.17,59.7538,78.9377,11.0002,23.5097,19.8056,24.1951,5.40416,0.144355
setup,0,2005-06-10 23:00:00,0,1.8691,7.15798,2.18979e-05,0,0.00220457,1.80237e-05,0.00106841,0.000175709,0.000226063,2.92697e-06,0,0,0,4.45141,14.9927,0.229838,0.395783,0,-6.57298e-15,0.501993,0.488933,0.00705739,0.000923468,12081,234270,46818.3,67156.3,531.796,6034.54,1095.98,271.402,30.3668,2093.64,479.768,203.16,37610.1,3631.25,6040.89,59.7389,79.2752,11.1608,23.5778,19.939,24.2151,5.4046,0.144068
setup,0,2005-06-11 23:00:00,0,1.86314,7.25967,2.12798e-05,0,0.00221466,1.80104e-05,0.00106081,0.000165052,0.000225337,3.0646e-06,0,0,0,4.40872,14.8925,0.227162,0.393247,0,-6.57298e-15,0.504719,0.489317,0.00705185,0.000922188,12062.4,234288,46833.4,67167.4,531.426,6034.26,1103.85,273.44,30.6421,2094.79,479.801,202.757,37610.7,3631.63,6040.64,59.7247,79.6073,11.3185,23.6469,20.0724,24.2351,5.40505,0.143538
setup,0,2005-06-12 23:00:00,0,1.83644,7.26888,1.9029e-05,0,0.00222371,1.74808e-05,0.00105165,0.000153225,0.000218443,3.1822e-06,0,0,0,4.36241,14.7931,0.224255,0.390728,0,-6.57298e-15,0.503987,0.486488,0.00679865,0.000915877,12043.9,234306,46848.5,67178.5,531.059,6033.94,1111.58,275.521,30.8684,2095.94,479.835,202.358,37611.3,3632.02,6040.38,59.7072,79.9339,11.4758,23.7154,20.2052,24.2551,5.40549,0.142565
setup,0,2005-06-13 23:00:00,0,1.81845,7.1887,0.000552594,0,0.00223252,1.74243e-05,0.00104291,0.000148327,0.000210901,3.27206e-06,0,0,0,4.31251,14.6943,0.221119,0.388227,0,-6.57298e-15,0.500847,0.482253,0.00664449,0.000909596,12025.6,234324,46863.7,67189.5,530.691,6033.56,1119.27,277.611,31.0788,2097.09,479.868,201.961,37611.9,3632.4,6040.1,59.685,80.2548,11.6342,23.7825,20.3371,24.275,5.40594,0.142513
setup,0,2005-06-14 23:00:00,0,1.80981,7.39841,0.00424064,0,0.0022407,1.70834e-05,0.00103678,0.00014587,0.000211539,3.33467e-06,0,0,0,4.25901,14.5962,0.217754,0.385743,0,-6.57298e-15,0.505023,0.486439,0.00654134,0.000904701,12007.4,234341,46878.6,67200.4,530.338,6033.09,1126.63,279.848,31.1788,2098.23,479.902,201.566,37612.4,3632.79,6039.85,59.6662,80.5695,11.7885,23.8513,20.469,24.295,5.40638,0.142322
setup,0,2005-06-15 23:00:00,0,1.77149,8.27584,0.00312092,0,0.00224894,1.68478e-05,0.00103694,0.000139378,0.000241673,3.36496e-06,0,0,0,4.20194,14.4987,0.214162,0.383276,0,-6.57298e-15,0.536699,0.512876,0.0067127,0.000898798,11989.4,234358,46892.6,67211.4,530.066,6032.37,1132.93,282.544,31.1208,2099.38,479.936,201.174,37613,3633.17,6039.74,59.6637,80.8763,11.9241,23.9285,20.6042,24.3149,5.40683,0.141714
setup,0,2005-06-16 23:00:00,0,1.77207,10.7163,1.60679e-05,0,0.00225756,1.63978e-05,0.00107555,0.000208431,0.000363911,3.37144e-06,0,0,0,4.14134,14.402,0.210344,0.380826,0,-6.57298e-15,0.628626,0.573578,0.00730013,0.000898122,11971.5,234372,46904.1,67222.1,530.148,6031.1,1136.99,285.601,30.8315,2100.51,479.969,200.784,37613.6,3633.55,6039.87,59.6932,81.1719,12.0184,24.0211,20.743,24.3347,5.40727,0.141174
setup,0,2005-06-17 23:00:00,0,1.77078,10.4419,0.00314892,0,0.00226586,1.64941e-05,0.0010755,0.00019493,0.000344572,3.34733e-06,0,0,0,4.07722,14.3059,0.206302,0.378392,0,-6.57298e-15,0.612177,0.566609,0.0067834,0.000896765,11953.9,234386,46915.8,67232.3,530.191,6029.51,1141.43,288.402,30.8521,2101.65,480.002,200.397,37614.1,3633.92,6039.93,59.7241,81.459,12.1203,24.106,20.8741,24.3545,5.4077,0.141014
setup,0,2005-06-18 23:00:00,0,1.75601,9.25647,1.49692e-05,0,0.00227334,1.58814e-05,0.00105238,0.00015246,0.000272583,3.28932e-06,0,0,0,4.00966,14.2106,0.202038,0.375976,0,-6.57298e-15,0.567877,0.539355,0.00641939,0.00089162,11936.5,234401,46928.7,67242.3,530.055,6027.88,1146.99,291.045,31.0001,2102.79,480.035,200.012,37614.7,3634.3,6039.83,59.7325,81.74,12.2445,24.1866,20.9996,24.3744,5.40814,0.140383
setup,0,2005-06-19 23:00:00,0,1.77151,8.73948,1.46698e-05,0,0.00228027,1.58982e-05,0.00104006,0.000144675,0.000238576,3.21062e-06,0,0,0,3.93867,14.1158,0.197557,0.373576,0,-6.57298e-15,0.550567,0.52308,0.0061827,0.000889921,11919.1,234417,46942.1,67252.2,529.843,6026.25,1153.03,293.648,31.0407,2103.93,480.068,199.629,37615.3,3634.68,6039.67,59.7184,82.015,12.3794,24.2652,21.1271,24.3942,5.40858,0.141077
setup,0,2005-06-20 23:00:00,0,1.77647,8.34276,0.00566652,0,0.00228655,1.56577e-05,0.00103438,0.000132507,0.000217338,3.11507e-06,0,0,0,3.86431,14.0218,0.192861,0.371193,0,-6.57298e-15,0.537301,0.512542,0.00593992,0.00089131,11901.8,234433,46955.8,67262,529.591,6024.59,1159.31,296.213,31.1001,2105.07,480.101,199.249,37615.8,3635.05,6039.46,59.6957,82.2834,12.5205,24.3408,21.2556,24.4141,5.40903,0.140625
setup,0,2005-06-21 23:00:00,0,1.79604,8.08989,0.00320737,0,0.00229251,1.54918e-05,0.00103168,0.000132273,0.000203042,3.02317e-06,0,0,0,3.78663,13.9283,0.187954,0.368826,0,-6.57298e-15,0.526373,0.503137,0.00576014,0.000893776,11884.5,234449,46969.7,67271.8,529.316,6022.9,1165.72,298.746,31.1469,2106.21,480.135,198.872,37616.4,3635.43,6039.23,59.6694,82.545,12.6659,24.4131,21.3844,24.434,5.40947,0.139819
setup,0,2005-06-22 23:00:00,0,1.79223,7.92091,0.00444608,0,0.00229807,1.51895e-05,0.00102855,0.00012413,0.000193141,2.94951e-06,0,0,0,3.70568,13.8355,0.18284,0.366475,0,-6.57298e-15,0.517698,0.495585,0.0055863,0.000894822,11867.2,234465,46983.7,67281.5,529.028,6021.16,1172.2,301.257,31.1559,2107.35,480.168,198.496,37617,3635.8,6038.97,59.6417,82.7997,12.8141,24.4823,21.5135,24.4539,5.40991,0.139636
setup,0,2005-06-23 23:00:00,0,1.79856,8.33111,0.00553195,0,0.00230311,1.52697e-05,0.00103001,0.000124891,0.000203224,2.89826e-06,0,0,0,3.62155,13.7433,0.177525,0.36414,0,-6.57298e-15,0.52632,0.503462,0.00556131,0.000897482,11850,234480,46997.3,67291.3,528.786,6019.28,1178.08,304.004,31.0728,2108.49,480.202,198.123,37617.5,3636.17,6038.79,59.6281,83.0461,12.9525,24.5513,21.6446,24.4737,5.41036,0.139561
setup,0,2005-06-24 23:00:00,0,1.79548,7.98208,0.00615474,0,0.00230733,1.51174e-05,0.00102872,0.000118878,0.000189365,2.86958e-06,0,0,0,3.53433,13.6517,0.172012,0.361822,0,-6.57298e-15,0.51301,0.49025,0.00537143,0.000897909,11832.9,234496,47011.2,67301,528.518,6017.3,1184.24,306.59,31.0903,2109.63,480.235,197.753,37618.1,3636.54,6038.56,59.6121,83.285,13.0975,24.6169,21.7769,24.4936,5.4108,0.139075
setup,0,2005-06-25 23:00:00,0,1.77814,8.06687,1.41249e-05,0,0.00231112,1.48732e-05,0.00102524,0.000113605,0.000188872,2.86265e-06,0,0,0,3.44409,13.5608,0.166308,0.359519,0,-6.57298e-15,0.51271,0.490298,0.00527407,0.000895388,11815.9,234512,47024.9,67310.6,528.263,6015.22,1190.2,309.262,31.0539,2110.77,480.269,197.384,37618.6,3636.91,6038.34,59.6001,83.5159,13.24,24.6817,21.9096,24.5134,5.41125,0.139411
setup,0,2005-06-26 23:00:00,0,1.78011,7.86764,0.00623489,0,0.00231403,1.48161e-05,0.00102225,0.000116976,0.000179596,2.86443e-06,0,0,0,3.35094,13.4705,0.160419,0.357232,0,-6.57298e-15,0.500842,0.479425,0.00515892,0.000893456,11799,234527,47038.8,67320.1,527.991,6013.06,1196.33,311.837,31.0049,2111.9,480.303,197.018,37619.2,3637.28,6038.09,59.5907,83.739,13.3868,24.7457,22.0437,24.5333,5.4117,0.138644
setup,0,2005-06-27 23:00:00,0,1.7843,7.70721,0.00830722,0,0.00231481,1.46548e-05,0.00102146,0.00011582,0.000172531,2.86851e-06,0,0,0,3.25499,13.3808,0.15435,0.354961,0,-6.57298e-15,0.493568,0.472501,0.0049686,0.00089419,11782.2,234543,47052.8,67329.5,527.709,6010.78,1202.52,314.382,30.9831,2113.04,480.336,196.654,37619.7,3637.64,6037.81,59.5824,83.9539,13.5361,24.8101,22.1786,24.5531,5.41214,0.138181
setup,0,2005-06-28 23:00:00,0,1.77164,7.64607,0.00852968,0,0.00230737,1.46764e-05,0.0010185,0.00011115,0.000167738,2.87512e-06,0,0,0,3.15631,13.2917,0.148109,0.352705,0,-6.57298e-15,0.489106,0.467621,0.00478092,0.000892123,11765.4,234559,47066.8,67338.7,527.419,6008.38,1208.73,316.922,30.9238,2114.18,480.37,196.293,37620.3,3638.01,6037.51,59.573,84.1604,13.6866,24.8752,22.3138,24.573,5.41259,0.138376
setup,0,2005-06-29 23:00:00,0,1.77596,7.65249,1.23319e-05,0,0.00228506,1.38467e-05,0.00101767,0.0001133,0.00016445,2.8871e-06,0,0,0,3.05504,13.2032,0.141703,0.350465,0,-6.57298e-15,0.488362,0.466212,0.00447999,0.000890447,11748.8,234574,47080.8,67347.7,527.127,6005.82,1214.86,319.502,30.8669,2115.32,480.404,195.933,37620.8,3638.37,6037.21,59.5615,84.358,13.8365,24.9412,22.4495,24.5928,5.41304,0.138325
setup,0,2005-06-30 23:00:00,0,1.75391,7.73469,0.00408461,0,0.00225296,1.32328e-05,0.00101431,0.00010434,0.000161916,2.90846e-06,0,0,0,2.95129,13.1153,0.135139,0.348241,0,-6.57298e-15,0.473162,0.459996,0.00419895,0.000883896,11732.3,234590,47094.6,67356.7,526.833,6003.11,1220.85,322.167,31.0326,2116.45,480.438,195.576,37621.3,3638.74,6036.91,59.6199,84.5467,13.985,25.013,22.5747,24.6126,5.41349,0.137464
setup,0,2005-07-01 23:00:00,0,1.7352,7.78651,0.0102269,0,0.00221592,1.19634e-05,0.00101247,0.000100666,0.000158007,2.93386e-06,0,0,0,35.0554,13.0281,2.20419,0.346031,0,-6.57298e-15,0.473507,0.45623,0.00377483,0.000874622,11715.9,234605,47108.4,67365.5,526.539,6032.46,1226.73,324.929,31.1073,2117.59,480.472,195.221,37621.9,3639.1,6036.62,59.6745,86.8018,14.1324,25.0895,22.7038,24.6324,5.41394,0.137227
setup,0,2005-07-02 23:00:00,0,1.73857,8.46761,0.00810171,0,0.00219692,1.16024e-05,0.00101013,9.51246e-05,0.000172445,2.95597e-06,0,0,0,32.8756,12.9414,2.06384,0.343837,0,-6.57298e-15,0.494785,0.471072,0.0036777,0.000870279,11699.7,234619,47121.5,67374.5,526.303,6059.37,1231.84,328.136,31.0502,2118.72,480.505,194.869,37622.4,3639.47,6036.43,59.7371,88.9051,14.272,25.1797,22.8342,24.6522,5.41438,0.137138
setup,0,2005-07-03 23:00:00,0,1.70081,9.38435,0.00880494,0,0.00219666,1.12822e-05,0.00100942,7.62395e-05,0.000199401,2.96737e-06,0,0,0,30.6622,12.8554,1.92133,0.341658,0,-6.57298e-15,0.524411,0.494279,0.00375945,0.000864745,11683.6,234633,47133.7,67383.5,526.18,6083.78,1235.97,331.753,30.8879,2119.85,480.539,194.518,37623,3639.84,6036.35,59.8138,90.8546,14.3991,25.2903,22.9619,24.6719,5.41483,0.13692
setup,0,2005-07-04 23:00:00,0,1.69857,9.11487,0.00879336,0,0.00219734,1.09493e-05,0.00100274,7.99597e-05,0.000189055,2.96133e-06,0,0,0,28.4174,12.7699,1.77679,0.339494,0,-6.57298e-15,0.518418,0.488639,0.00359992,0.000856814,11667.7,234646,47146.3,67392.3,526.046,6105.77,1240.49,335.144,30.8636,2120.98,480.573,194.17,37623.5,3640.22,6036.23,59.8792,92.6502,14.5391,25.4008,23.0897,24.6917,5.41528,0.136952
setup,0,2005-07-05 23:00:00,0,1.67694,8.74007,1.01883e-05,0,0.00219776,1.06628e-05,0.000994016,6.99258e-05,0.000174924,2.93034e-06,0,0,0,26.1436,12.6851,1.63039,0.337344,0,-6.57298e-15,0.508361,0.480971,0.00348142,0.000851148,11652,234661,47159.2,67400.9,525.875,6125.38,1245.52,338.358,30.8604,2122.11,480.606,193.824,37624.1,3640.6,6036.04,59.9308,94.2912,14.6938,25.5083,23.2169,24.7114,5.41572,0.136543
setup,0,2005-07-06 23:00:00,0,1.69181,8.55774,0.00788328,0,0.00219822,1.06655e-05,0.000988282,7.56681e-05,0.000167681,2.87455e-06,0,0,0,23.8431,12.6008,1.48226,0.33521,0,-6.57298e-15,0.503903,0.476865,0.00342465,0.00084945,11636.3,234675,47172.4,67409.3,525.688,6142.58,1250.79,341.524,30.8293,2123.24,480.64,193.478,37624.6,3640.99,6035.82,59.9739,95.7764,14.8577,25.6149,23.3439,24.7312,5.41617,0.136408
setup,0,2005-07-07 23:00:00,0,1.69512,8.48707,0.00842433,0,0.00219845,1.05633e-05,0.000984811,7.05255e-05,0.000163094,2.8058e-06,0,0,0,21.5183,12.5172,1.33256,0.33309,0,-6.57298e-15,0.50151,0.474558,0.00334621,0.000849589,11620.7,234689,47185.8,67417.7,525.495,6157.34,1256.19,344.665,30.7494,2124.37,480.674,193.135,37625.2,3641.39,6035.57,60.0111,97.1046,15.0284,25.7209,23.4707,24.7509,5.41662,0.137147
setup,0,2005-07-08 23:00:00,0,1.72103,8.42585,0.00622857,0,0.00219852,1.02139e-05,0.000985913,7.35512e-05,0.000160207,2.73475e-06,0,0,0,19.1716,12.434,1.18146,0.330984,0,-6.57298e-15,0.500624,0.473444,0.00329401,0.000854673,11605.2,234704,47199.2,67426,525.298,6169.63,1261.66,347.803,30.6982,2125.5,480.708,192.795,37625.8,3641.78,6035.32,60.045,98.2748,15.204,25.8262,23.5983,24.7706,5.41707,0.136763
setup,0,2005-07-09 23:00:00,0,1.71312,8.41724,0.00119216,0,0.00219835,1.00803e-05,0.000985084,6.38972e-05,0.000158001,2.67663e-06,0,0,0,16.8055,12.3515,1.02911,0.328893,0,-6.57298e-15,0.500265,0.473087,0.0032026,0.000855953,11589.7,234718,47212.6,67434.1,525.103,6179.46,1267.15,350.941,30.6214,2126.63,480.741,192.456,37626.3,3642.18,6035.05,60.0757,99.2865,15.3835,25.9312,23.7264,24.7904,5.41751,0.136021
setup,0,2005-07-10 23:00:00,0,1.71463,8.44186,0.011035,0,0.00219798,7.78363e-05,0.000984566,6.42686e-05,0.000156699,2.63505e-06,0,0,0,14.4225,12.2695,0.875671,0.326816,0,-6.57298e-15,0.500266,0.473026,0.00313435,0.00085744,11574.4,234732,47226,67442.2,524.913,6186.81,1272.64,354.078,30.4965,2127.76,480.775,192.12,37626.9,3642.58,6034.79,60.104,100.139,15.5656,26.036,23.8545,24.8101,5.41796,0.136373
setup,0,2005-07-11 23:00:00,0,1.71714,8.58963,0.00142563,0,0.002198,0.000161796,0.000986277,5.93292e-05,0.000160536,2.60682e-06,0,0,0,12.0251,12.1881,0.721309,0.324754,0,-6.57298e-15,0.506452,0.477632,0.00310115,0.000861137,11558.8,234746,47239.3,67450.2,524.742,6191.64,1277.89,357.326,30.3998,2128.88,480.809,191.77,37627.5,3642.99,6034.54,60.1333,100.833,15.7454,26.1448,23.9833,24.8298,5.41841,0.135647
setup,0,2005-07-12 23:00:00,0,1.7389,8.64298,0.0118553,0,0.00219847,0.000459607,0.000990252,6.40626e-05,0.000160214,2.59863e-06,0,0,0,9.61605,12.1072,0.56619,0.322706,0,-6.57298e-15,0.507538,0.478101,0.00307418,0.000866523,11543.5,234760,47252.5,67458.2,524.577,6193.96,1283.1,360.572,30.2848,2130.01,480.842,191.432,37628,3643.39,6034.29,60.1616,101.366,15.9261,26.2529,24.1124,24.8495,5.41886,0.136273
setup,0,2005-07-13 23:00:00,0,1.69288,11.8257,0.0143809,0,0.00220002,0.000269243,0.00101178,5.02382e-05,0.000262877,2.59766e-06,0,0,0,7.19779,12.0269,0.410479,0.320671,0,-6.57298e-15,0.611353,0.545245,0.00353071,0.0008707,11528.2,234771,47262.5,67465.9,524.857,6193.45,1284.88,364.878,29.7181,2131.13,480.876,191.094,37628.6,3643.79,6034.4,60.2283,101.737,16.0411,26.4251,24.241,24.8691,5.4193,0.135448
setup,0,2005-07-14 23:00:00,0,1.68604,16.2996,0.00301397,0,0.00220165,0.000298802,0.00107364,0.000146165,0.000471433,2.60337e-06,0,0,0,4.77297,11.9471,0.254346,0.318651,0,-6.57298e-15,0.739959,0.593622,0.00386258,0.000871204,11513,234777,47267.9,67472.3,526.114,6189.79,1282.93,368.693,29.1675,2132.24,480.908,190.757,37629.2,3644.19,6034.9,60.3898,101.94,16.0826,26.6243,24.3719,24.8886,5.41973,0.136223
setup,0,2005-07-15 23:00:00,0,1.68811,14.31,0.0161839,0,0.00220332,0.000146262,0.00105921,9.40956e-05,0.00036965,2.60165e-06,0,0,0,2.34421,11.8678,0.0979587,0.316645,0,-6.57298e-15,0.679348,0.588217,0.00345767,0.000873688,11497.9,234785,47275.3,67478.7,526.893,6183.46,1282.97,372.482,29.0861,2133.35,480.941,190.418,37629.7,3644.58,6035.17,60.5313,101.983,16.1623,26.792,24.503,24.9081,5.42017,0.136213
setup,0,2005-07-16 23:00:00,0,1.68041,12.9523,0.0041927,0,0.00220446,0.000553618,0.00104404,6.4404e-05,0.000303954,2.58185e-06,0,0,0,1.12881,11.7892,0.019718,0.314652,0,-6.57298e-15,0.648457,0.578223,0.00332712,0.000874277,11482.7,234794,47284,67484.9,527.385,6175.86,1284.42,376.268,29.059,2134.47,480.973,190.078,37630.3,3644.98,6035.27,60.63,101.947,16.2691,26.9568,24.6356,24.9277,5.4206,0.135909
setup,0,2005-07-17 23:00:00,0,1.69523,12.4376,0.00568788,0,0.00220591,0.000248566,0.00103978,6.19662e-05,0.000278381,2.5442e-06,0,0,0,1.12809,11.711,0.0197085,0.312673,0,2.17718e-11,0.638178,0.57497,0.00329429,0.000877816,11467.5,234803,47293.2,67491.1,527.77,6168.23,1286.43,380.05,28.9815,2135.59,481.005,189.736,37630.8,3645.38,6035.31,60.7071,101.909,16.3863,27.1214,24.7664,24.9473,5.42103,0.13583
setup,0,2005-07-18 23:00:00,0,1.69507,12.7403,0.0165133,0,0.00220748,0.000713515,0.00104716,5.74179e-05,0.000286927,2.49461e-06,0,0,0,1.12737,11.6334,0.019699,0.310707,0,2.89416e-11,0.659182,0.588283,0.00330991,0.000884277,11452.3,234812,47301.9,67497.1,528.209,6160.47,1288.17,383.877,28.8348,2136.7,481.038,189.39,37631.4,3645.77,6035.37,60.7665,101.868,16.4976,27.2925,24.8944,24.9668,5.42146,0.135651
setup,0,2005-07-19 23:00:00,0,1.70279,12.266,0.00561906,0,0.00220874,0.000498488,0.00104766,5.53685e-05,0.000266509,2.44589e-06,0,0,0,1.12665,11.5563,0.0196895,0.308755,0,5.39618e-11,0.646562,0.5857,0.00325279,0.000888303,11436.9,234822,47311.2,67503,528.562,6152.67,1290.44,387.58,28.7317,2137.82,481.07,189.041,37631.9,3646.17,6035.37,60.8121,101.827,16.6191,27.4512,25.023,24.9864,5.42189,0.136202
setup,0,2005-07-20 23:00:00,0,1.69497,12.2574,0.0194947,0,0.00221045,0.0002288,0.00104984,4.80845e-05,0.000265159,2.40256e-06,0,0,0,1.12593,11.4797,0.01968,0.306817,0,1.27627e-10,0.647252,0.587498,0.00325866,0.000892246,11421.4,234831,47320.4,67508.8,528.917,6144.81,1292.72,391.288,28.5818,2138.93,481.102,188.686,37632.5,3646.56,6035.37,60.8561,101.783,16.7402,27.6089,25.1519,25.006,5.42232,0.135838
setup,0,2005-07-21 23:00:00,0,1.68659,12.1112,0.00671826,0,0.00221174,0.000767905,0.00104941,4.50733e-05,0.000258963,2.36878e-06,0,0,0,1.12521,11.4037,0.0196705,0.304891,0,2.68502e-10,0.642387,0.585345,0.00322788,0.000892665,11405.9,234841,47329.6,67514.6,529.254,6136.91,1295.15,394.932,28.4468,2140.05,481.134,188.325,37633,3646.95,6035.35,60.8979,101.738,16.8638,27.7612,25.2812,25.0255,5.42275,0.135513
setup,0,2005-07-22 23:00:00,0,1.71145,11.9499,0.0083277,0,0.00221317,0.0005596,0.00105403,5.11834e-05,0.000251716,2.34628e-06,0,0,0,1.12448,11.3282,0.019661,0.302979,0,5.04015e-10,0.637039,0.582608,0.00319437,0.000900668,11390.1,234850,47339,67520.2,529.563,6128.97,1297.72,398.545,28.3274,2141.17,481.166,187.955,37633.6,3647.34,6035.3,60.9374,101.692,16.99,27.9086,25.4113,25.0451,5.42318,0.135914
setup,0,2005-07-23 23:00:00,0,1.70233,12.9896,0.00984694,0,0.00221498,0.000283498,0.00106887,4.76517e-05,0.000290329,2.33135e-06,0,0,0,1.12376,11.2531,0.0196515,0.30108,0,9.40604e-10,0.670449,0.602258,0.00330413,0.000908365,11374.1,234859,47347.3,67525.6,530.066,6120.87,1299.26,402.264,28.1076,2142.28,481.198,187.577,37634.1,3647.72,6035.36,60.9938,101.643,17.0951,28.0695,25.5417,25.0646,5.42361,0.135927
setup,0,2005-07-24 23:00:00,0,1.66518,12.6943,0.0194161,0,0.00221633,0.000772614,0.00106538,3.60189e-05,0.000280694,2.32324e-06,0,0,0,1.12304,11.1786,0.019642,0.299194,0,1.67025e-09,0.659609,0.597365,0.00325751,0.000903489,11357.8,234867,47355.8,67530.9,530.537,6112.73,1301.1,405.82,27.9703,2143.39,481.23,187.187,37634.6,3648.11,6035.39,61.0507,101.592,17.2059,28.2177,25.6731,25.0841,5.42404,0.1353
setup,0,2005-07-25 23:00:00,0,1.63759,12.4314,0.0109025,0,0.00221771,0.000401803,0.00105762,3.37122e-05,0.000270202,2.3275e-06,0,0,0,1.12231,11.1046,0.0196325,0.29732,0,2.81671e-09,0.650548,0.592793,0.00319445,0.000896725,11341.3,234876,47364.6,67536.1,530.969,6104.6,1303.22,409.304,27.8028,2144.5,481.262,186.784,37635.2,3648.49,6035.38,61.1021,101.541,17.3216,28.36,25.8045,25.1036,5.42447,0.135426
setup,0,2005-07-26 23:00:00,0,1.59903,12.9281,0.00985647,0,0.00221924,0.000558863,0.00105545,3.12309e-05,0.000289977,2.33269e-06,0,0,0,1.1216,11.0311,0.019623,0.29546,0,4.74052e-09,0.665809,0.602088,0.00326513,0.00088935,11324.6,234884,47372.7,67541.2,531.515,6096.44,1304.84,412.763,27.5454,2145.61,481.294,186.366,37635.7,3648.87,6035.41,61.1611,101.488,17.4269,28.5069,25.9352,25.1231,5.4249,0.135355
setup,0,2005-07-27 23:00:00,0,1.58968,14.4288,0.0121922,0,0.00222107,0.000411576,0.00106939,5.48205e-05,0.000351993,2.33358e-06,0,0,0,1.12088,10.9581,0.0196136,0.293612,0,7.76802e-09,0.710504,0.625405,0.00340026,0.000886106,11307.4,234890,47379.3,67545.9,532.393,6088.08,1305.15,416.073,27.2007,2146.72,481.326,185.932,37636.2,3649.25,6035.6,61.2511,101.432,17.5049,28.6634,26.0659,25.1426,5.42532,0.135334
setup,0,2005-07-28 23:00:00,0,1.58704,16.042,0.0198831,0,0.00222256,0.000871944,0.00109262,8.18512e-05,0.000424446,2.32664e-06,0,0,0,1.12017,10.8857,0.0196041,0.291776,0,1.27556e-08,0.757288,0.646587,0.00352287,0.000887061,11289.9,234895,47384.3,67550.1,533.657,6079.43,1304.2,419.039,26.8692,2147.83,481.358,185.479,37636.7,3649.62,6035.92,61.3824,101.372,17.5566,28.82,26.1972,25.162,5.42575,0.135486
setup,0,2005-07-29 23:00:00,0,1.57034,17.0749,0.0103321,0,0.00222406,0.000495425,0.00110832,9.39429e-05,0.000470802,2.31065e-06,0,0,0,1.11946,10.8137,0.0195947,0.289879,0,2.05398e-08,0.787308,0.660945,0.00354609,0.000886613,11271.9,234898,47388.1,67553.8,535.189,6070.47,1302.57,421.716,26.5799,2148.93,481.389,185.007,37637.3,3650,6036.32,61.5439,101.307,17.5934,28.9746,26.3288,25.1814,5.42617,0.135425
setup,0,2005-07-30 23:00:00,0,1.56013,20.2719,0.009951,0,0.00222588,0.000515697,0.00114905,0.000155543,0.000614665,2.28919e-06,0,0,0,1.11875,10.7423,0.0195852,0.288026,0,3.226e-08,0.882815,0.687793,0.00375576,0.000887325,11253.5,234899,47388.6,67556.4,537.569,6061,1298.8,423.414,26.158,2150.03,481.42,184.514,37637.8,3650.37,6036.98,61.7827,101.235,17.5853,29.1274,26.4598,25.2008,5.42659,0.135904
setup,0,2005-07-31 23:00:00,0,1.53479,19.3753,0.0191336,0,0.00222744,0.000729227,0.00113725,0.000112751,0.00055265,2.25762e-06,0,0,0,1.11804,10.6713,0.0195758,0.286182,0,4.99506e-08,0.862533,0.69627,0.00372038,0.000883163,11234.5,234900,47390,67558.9,539.62,6051.28,1295.97,425.512,26.17,2151.13,481.45,183.999,37638.3,3650.74,6037.53,62.0341,101.16,17.5955,29.2706,26.5913,25.2201,5.427,0.135903
setup,0,2005-08-01 23:00:00,0,1.5238,20.2962,0.00915475,0,0.0022287,0.000354046,0.00114992,0.000132739,0.000589032,2.2263e-06,0,0,0,1.11733,10.6008,0.0195663,0.284335,0,7.56805e-08,0.892871,0.707532,0.00378674,0.000883864,11215.1,234900,47390.5,67560.9,541.863,6041.27,1292.69,427.489,25.9876,2152.22,481.481,183.461,37638.8,3651.11,6038.13,62.3049,101.08,17.5959,29.3923,26.7217,25.2394,5.42741,0.135819
setup,0,2005-08-02 23:00:00,0,1.52259,29.6865,0.016942,0,0.00223027,0.000667984,0.00125151,0.000320755,0.00101278,2.19565e-06,0,0,0,1.11663,10.5308,0.0195569,0.28248,0,1.13459e-07,1.17568,0.717004,0.00425148,0.00088864,11195.1,234890,47381.4,67559.9,546.272,6030,1283.78,426.285,25.3164,2153.31,481.51,182.9,37639.3,3651.47,6039.51,62.7978,100.984,17.4787,29.5036,26.8549,25.2586,5.4278,0.136921
setup,0,2005-08-03 23:00:00,0,1.50175,25.9993,0.0072364,0,0.00223129,0.0004832,0.001211,0.000162681,0.000763277,2.15178e-06,0,0,0,1.11592,10.4613,0.0195475,0.280605,0,1.70459e-07,1.06263,0.759873,0.00412001,0.000892714,11174.7,234884,47376.1,67559.3,549.888,6018.33,1277.57,426.526,25.154,2154.4,481.538,182.316,37639.8,3651.83,6040.5,63.2638,100.883,17.4159,29.5742,26.9946,25.2779,5.42819,0.136971
setup,0,2005-08-04 23:00:00,0,1.51899,22.9679,0.00872611,0,0.00223242,0.000385464,0.00119948,0.000147813,0.000648786,2.11215e-06,0,0,0,1.11521,10.3923,0.0195381,0.278711,0,2.49814e-07,0.982181,0.768471,0.00414541,0.000903252,11153.7,234881,47373.7,67559.1,552.476,6006.58,1273.57,428.292,25.0718,2155.49,481.567,181.71,37640.3,3652.2,6041.18,63.6353,100.781,17.3985,29.6748,27.1356,25.2971,5.42858,0.13728
setup,0,2005-08-05 23:00:00,0,1.50811,22.0766,0.010204,0,0.00223338,0.000575406,0.00120592,0.000149944,0.000633513,2.07325e-06,0,0,0,1.1145,10.3238,0.0195287,0.276806,0,3.51557e-07,0.962644,0.770815,0.00416524,0.00091333,11132.3,234879,47372.1,67558.8,554.768,5994.76,1270.29,430.474,24.9655,2156.58,481.595,181.083,37640.8,3652.56,6041.76,63.9718,100.676,17.3958,29.7899,27.2765,25.3164,5.42897,0.136884
setup,0,2005-08-06 23:00:00,0,1.48355,23.617,0.0183841,0,0.00223441,0.000937189,0.00123625,0.000203002,0.000727495,2.0424e-06,0,0,0,1.11379,10.2558,0.0195193,0.274847,0,5.01671e-07,1.01281,0.784415,0.00431523,0.000916834,11110.4,234875,47369,67558.1,557.465,5982.71,1266.05,432.174,24.7106,2157.67,481.623,180.438,37641.3,3652.91,6042.47,64.3457,100.567,17.3728,29.903,27.4173,25.3357,5.42936,0.137161
setup,0,2005-08-07 23:00:00,0,1.44104,22.9801,0.0105366,0,0.00223523,0.000618114,0.00123325,0.000193481,0.000708629,2.0173e-06,0,0,0,1.11307,10.1883,0.0195099,0.272815,0,7.17423e-07,0.993961,0.787796,0.0043142,0.000912913,11088.3,234872,47366.4,67557.3,559.996,5970.58,1262.42,433.907,24.5492,2158.77,481.651,179.778,37641.8,3653.27,6043.11,64.7097,100.457,17.3624,30.0074,27.5594,25.3549,5.42974,0.136758
setup,0,2005-08-08 23:00:00,0,1.4299,22.3966,0.0100342,0,0.00223629,0.000545444,0.00123236,0.00020146,0.000689356,2.00584e-06,0,0,0,1.11236,10.1213,0.0195005,0.270739,0,9.93209e-07,0.979164,0.790088,0.00435606,0.000915079,11066.1,234869,47364.4,67556.4,562.34,5958.43,1259.27,435.822,24.4141,2159.86,481.679,179.106,37642.3,3653.62,6043.67,65.0562,100.344,17.3617,30.1142,27.7019,25.3742,5.43013,0.137177
setup,0,2005-08-09 23:00:00,0,1.41258,21.7266,0.0118241,0,0.00223751,0.000799143,0.00123632,0.000199508,0.000683238,2.00295e-06,0,0,0,1.11165,10.0549,0.0194911,0.268685,0,1.29213e-06,0.969702,0.791202,0.00438588,0.000920409,11043.7,234866,47363,67555.8,564.578,5946.23,1256.39,438.141,24.296,2160.95,481.707,178.427,37642.8,3653.98,6044.2,65.374,100.23,17.3668,30.243,27.8421,25.3934,5.43051,0.136945
setup,0,2005-08-10 23:00:00,0,1.40677,20.7546,0.012081,0,0.0022386,0.000812821,0.00123509,0.000195413,0.000649327,2.00874e-06,0,0,0,1.11094,9.98907,0.0194817,0.266404,0,1.78366e-06,0.946634,0.787659,0.00436759,0.000928166,11021.3,234865,47362.5,67555.4,566.598,5934.09,1254.12,440.785,24.223,2162.04,481.736,177.746,37643.3,3654.33,6044.64,65.6595,100.115,17.3844,30.3795,27.982,25.4127,5.4309,0.137212
setup,0,2005-08-11 23:00:00,0,1.38128,19.6553,0.0129072,0,0.00223977,0.000873549,0.00123507,0.000181495,0.000634137,2.0221e-06,0,0,0,1.11023,9.92375,0.0194723,0.264313,0,2.18758e-06,0.934073,0.786268,0.00436306,0.000933111,10999.1,234865,47363.1,67555.7,568.522,5922.03,1252.16,444.084,24.1246,2163.13,481.764,177.069,37643.7,3654.68,6045.03,65.8885,100,17.4087,30.5535,28.1152,25.4319,5.43128,0.136871
setup,0,2005-08-12 23:00:00,0,1.34178,19.9161,0.0133268,0,0.00224104,0.000889244,0.00124707,0.000200692,0.000675737,2.04973e-06,0,0,0,1.10952,9.85904,0.0194629,0.261895,0,2.88612e-06,0.96414,0.802242,0.00445284,0.000931103,10977.2,234864,47363.3,67556,570.649,5910.03,1249.81,447.342,23.9061,2164.22,481.792,176.4,37644.2,3655.02,6045.48,66.0874,99.8838,17.4245,30.7338,28.2414,25.4511,5.43167,0.136771
setup,0,2005-08-13 23:00:00,0,1.3131,19.8609,0.0140026,0,0.00224236,0.000908714,0.00125102,0.000210074,0.000682831,2.08943e-06,0,0,0,1.10881,9.79496,0.0194536,0.259388,0,3.70567e-06,0.968473,0.810116,0.00447876,0.000929383,10955.9,234863,47363.6,67556.4,572.834,5898.06,1247.49,450.417,23.7055,2165.31,481.82,175.749,37644.7,3655.37,6045.92,66.2785,99.7661,17.4405,30.9006,28.3671,25.4704,5.43206,0.137136
setup,0,2005-08-14 23:00:00,0,1.28367,20.3687,0.0142992,0,0.00224375,0.000929733,0.00126086,0.000229888,0.000724055,2.14076e-06,0,0,0,1.1081,9.73161,0.0194442,0.256674,0,4.75633e-06,0.984217,0.814586,0.00458002,0.000927152,10935.1,234862,47363.3,67556.6,575.237,5886.07,1244.79,453.155,23.4953,2166.4,481.848,175.119,37645.2,3655.71,6046.41,66.4906,99.646,17.4481,31.0558,28.4942,25.4896,5.43244,0.136904
setup,0,2005-08-15 23:00:00,0,1.27839,19.4269,0.0146627,0,0.00224509,0.000966643,0.0012515,0.00021387,0.000669211,2.19346e-06,0,0,0,1.1074,9.66882,0.0194349,0.254445,0,5.43867e-06,0.95356,0.808203,0.00450729,0.000932553,10915.2,234861,47363.8,67556.8,577.433,5874.15,1242.78,455.985,23.4022,2167.49,481.877,174.518,37645.6,3656.05,6046.81,66.6866,99.5254,17.4698,31.2016,28.6225,25.5088,5.43283,0.136889
setup,0,2005-08-16 23:00:00,0,1.28751,18.9243,0.0225502,0,0.00224632,0.00123743,0.00125569,0.000200901,0.000639916,2.245e-06,0,0,0,1.10669,9.60653,0.0194255,0.252506,0,5.90589e-06,0.936178,0.802268,0.00451371,0.000949137,10901.7,234861,47364.9,67557.1,579.497,5862.26,1241.06,458.938,23.3558,2168.57,481.905,174.202,37646.1,3656.39,6047.16,66.8761,99.4038,17.4975,31.3438,28.7502,25.528,5.43322,0.137355
setup,0,2005-08-17 23:00:00,0,1.29552,18.1119,0.0143782,0,0.00224761,0.000916657,0.00125637,0.000182457,0.000614122,2.30183e-06,0,0,0,1.10598,9.54484,0.0194162,0.250094,0,6.82998e-06,0.91953,0.794559,0.00445062,0.000960798,10888.8,234861,47366.7,67557.8,581.463,5850.5,1239.66,462.187,23.313,2169.66,481.934,173.913,37646.6,3656.73,6047.46,67.0327,99.2823,17.5319,31.4997,28.8808,25.5472,5.43361,0.137102
setup,0,2005-08-18 23:00:00,0,1.28634,17.5866,0.0151385,0,0.00224899,0.000948293,0.00125039,0.000161445,0.000592269,2.36926e-06,0,0,0,1.10527,9.48322,0.0194068,0.249696,0,5.80023e-06,0.898252,0.78442,0.00439139,0.000962902,10875.9,234862,47369,67558.7,583.36,5838.94,1238.54,465.41,23.2418,2170.75,481.962,173.625,37647,3657.07,6047.73,67.1854,99.1633,17.5719,31.6492,29.0061,25.5664,5.434,0.137065
setup,0,2005-08-19 23:00:00,0,1.28183,17.2093,0.0154427,0,0.00225051,0.000851467,0.0012443,0.000153455,0.0005755,2.45308e-06,0,0,0,1.10455,9.42208,0.0193975,0.247885,0,6.23916e-06,0.884914,0.776782,0.00439279,0.000964283,10863.2,234863,47371.6,67559.7,585.203,5827.54,1237.59,468.582,23.1703,2171.84,481.991,173.338,37647.5,3657.4,6047.98,67.3311,99.0452,17.6153,31.7912,29.1334,25.5856,5.43439,0.136896
setup,0,2005-08-20 23:00:00,0,1.27728,19.5513,0.0171574,0,0.00225212,0.00101738,0.00129162,0.000239285,0.000739195,2.55511e-06,0,0,0,1.10384,9.36202,0.0193882,0.243964,0,8.61921e-06,0.95873,0.797798,0.00468727,0.000967099,10850.6,234862,47371.9,67560.4,587.697,5815.97,1234.83,471.138,22.9143,2172.92,482.02,173.055,37647.9,3657.74,6048.47,67.5404,98.9216,17.6197,31.927,29.2621,25.6048,5.43479,0.136873
setup,0,2005-08-21 23:00:00,0,1.26633,18.3554,0.0175822,0,0.00225351,0.00101254,0.00127037,0.000189904,0.00066148,2.65569e-06,0,0,0,1.10313,9.30276,0.0193789,0.241079,0,9.75668e-06,0.918683,0.787432,0.00443241,0.000964511,10838.1,234862,47373.3,67561.1,589.953,5804.47,1232.96,473.769,22.8441,2174.01,482.048,172.776,37648.4,3658.07,6048.83,67.7299,98.7968,17.6427,32.0481,29.3942,25.624,5.43518,0.13684
setup,0,2005-08-22 23:00:00,0,1.25081,17.5654,0.0179775,0,0.00225488,0.00100459,0.00124944,0.000155879,0.000611566,2.75889e-06,0,0,0,1.10242,9.2441,0.0193696,0.23885,0,1.02947e-05,0.890408,0.776825,0.004341,0.000958225,10825.8,234863,47375.4,67561.9,592.047,5793.15,1231.62,476.438,22.783,2175.1,482.077,172.499,37648.8,3658.4,6049.12,67.905,98.6727,17.6766,32.1665,29.5212,25.6431,5.43558,0.136552
setup,0,2005-08-23 23:00:00,0,1.22019,16.8984,0.0181246,0,0.00225624,0.00101303,0.00122494,0.000125926,0.000576323,2.8476e-06,0,0,0,1.10171,9.18604,0.0193603,0.236733,0,1.06972e-05,0.871145,0.766322,0.00427797,0.000944402,10813.5,234864,47378.1,67562.9,594.03,5782.08,1230.68,479.07,22.6884,2176.18,482.107,172.226,37649.3,3658.72,6049.36,68.055,98.5504,17.7186,32.2822,29.6529,25.6623,5.43597,0.136345
setup,0,2005-08-24 23:00:00,0,1.18878,16.2096,0.0182317,0,0.0022576,0.00104428,0.00120149,0.000110263,0.000552545,2.91976e-06,0,0,0,1.10101,9.12796,0.019351,0.236896,0,8.76941e-06,0.848999,0.754532,0.00422859,0.000927016,10801.4,234866,47381.4,67564.2,595.943,5771.23,1230,481.832,22.5683,2177.27,482.136,171.953,37649.7,3659.05,6049.56,68.1903,98.4318,17.7656,32.4056,29.7758,25.6815,5.43638,0.135897
setup,0,2005-08-25 23:00:00,0,1.17164,16.5108,0.0176163,0,0.00225899,0.00106617,0.00119543,0.00012847,0.000578651,2.9787e-06,0,0,0,1.10031,9.07124,0.0193417,0.232065,0,1.19578e-05,0.857936,0.754985,0.00431502,0.000914596,10789.7,234867,47384.4,67565.6,597.977,5760.5,1228.99,484.372,22.3829,2178.35,482.166,171.686,37650.2,3659.37,6049.81,68.3323,98.3105,17.8051,32.5212,29.9027,25.7007,5.43678,0.135895
setup,0,2005-08-26 23:00:00,0,1.18671,15.9805,0.0165483,0,0.0022603,0.00118289,0.00118662,0.000123198,0.00054665,3.01491e-06,0,0,0,1.09962,9.01558,0.0193324,0.228332,0,1.30266e-05,0.838033,0.744865,0.00417119,0.000915313,10777.9,234869,47387.8,67567,599.895,5749.85,1228.27,486.944,22.3252,2179.44,482.196,171.424,37650.6,3659.69,6050.01,68.469,98.1871,17.8503,32.6306,30.0288,25.7198,5.43719,0.135934
setup,0,2005-08-27 23:00:00,0,1.19345,15.8887,0.0240397,0,0.00226143,0.00146512,0.0011785,0.000102212,0.000521661,3.02724e-06,0,0,0,1.09893,8.95962,0.0193231,0.229589,0,9.62376e-06,0.826481,0.737308,0.00412013,0.000917629,10766.3,234870,47391.3,67568.2,601.713,5739.29,1227.73,489.258,22.2961,2180.52,482.226,171.163,37651,3660.02,6050.18,68.6124,98.067,17.8992,32.7168,30.1597,25.739,5.43759,0.135968
setup,0,2005-08-28 23:00:00,0,1.20947,15.9098,0.0147139,0,0.00226262,0.00116046,0.00117568,0.000100388,0.000502152,3.02986e-06,0,0,0,1.09823,8.90451,0.0193138,0.226319,0,1.10525e-05,0.81449,0.730315,0.00403413,0.000924085,10754.8,234872,47394.7,67569.1,603.442,5728.83,1227.31,491.294,22.2863,2181.61,482.256,170.906,37651.5,3660.33,6050.32,68.7699,97.9455,17.9506,32.7819,30.2899,25.7581,5.438,0.136171
setup,0,2005-08-29 23:00:00,0,1.21878,15.7436,0.0142942,0,0.00226393,0.00107963,0.00117384,8.35141e-05,0.000482277,3.0265e-06,0,0,0,1.09753,8.84977,0.0193046,0.224911,0,9.67939e-06,0.806007,0.725287,0.0039928,0.000932131,10743.3,234874,47398.2,67570,605.072,5718.47,1227.03,493.202,22.3093,2182.69,482.286,170.654,37651.9,3660.65,6050.44,68.922,97.8245,18.0045,32.8401,30.4231,25.7773,5.43841,0.136125
setup,0,2005-08-30 23:00:00,0,1.24604,15.6551,0.0155826,0,0.0022652,0.00127953,0.00117871,8.6548e-05,0.000463333,3.03066e-06,0,0,0,1.09683,8.79518,0.0192953,0.224257,0,8.2257e-06,0.793321,0.715799,0.00391779,0.000948922,10731.8,234876,47401.8,67570.7,606.599,5708.21,1226.85,494.99,22.3398,2183.78,482.316,170.404,37652.3,3660.97,6050.55,69.0811,97.7047,18.0604,32.8834,30.556,25.7964,5.43882,0.136756
setup,0,2005-08-31 23:00:00,0,1.26111,15.7648,0.0161638,0,0.00226639,0.000917859,0.00121821,7.79978e-05,0.000445665,3.04313e-06,0,0,0,1.09613,8.74038,0.019286,0.224937,0,5.91528e-06,0.975444,0.863324,0.00390639,0.000977271,10720.3,234877,47405.3,67571.2,608.059,5698.02,1226.8,496.243,22.2226,2184.86,482.346,170.155,37652.7,3661.28,6050.63,68.847,97.5873,18.1187,32.8443,30.6409,25.8156,5.43923,0.136584
setup,0,2005-09-01 23:00:00,0,1.25669,16.3421,0.0245732,0,0.00226751,0.00108782,0.00121441,8.57364e-05,0.000486541,3.06732e-06,0,0,0,1.09542,8.68555,0.0192768,0.224858,0,4.59223e-06,0.846702,0.756358,0.00412903,0.000977707,10709,234878,47408.1,67571.7,609.642,5687.84,1226.13,497.38,22.1317,2185.94,482.377,169.91,37653.2,3661.59,6050.81,68.9173,97.4705,18.1634,32.7766,30.7643,25.8347,5.43964,0.136395
setup,0,2005-09-02 23:00:00,0,1.24369,16.2158,0.0166204,0,0.00226836,0.000674945,0.00120858,8.12042e-05,0.000486674,3.11924e-06,0,0,0,1.09471,8.6315,0.0192675,0.221923,0,4.58251e-06,0.818615,0.73252,0.00407276,0.000974403,10697.9,234879,47411,67572.3,611.202,5677.71,1225.48,498.487,22.0905,2187.03,482.407,169.67,37653.6,3661.9,6050.98,69.0253,97.3521,18.2079,32.7029,30.8915,25.8538,5.44005,0.136307
setup,0,2005-09-03 23:00:00,0,1.22359,15.5816,0.0169356,0,0.00226918,0.000671952,0.00118722,5.54581e-05,0.000453517,3.20241e-06,0,0,0,1.094,8.57784,0.0192583,0.220496,0,2.96672e-06,0.77385,0.701034,0.0038959,0.000965275,10686.9,234881,47414.5,67573,612.632,5667.71,1225.2,499.672,22.0835,2188.11,482.437,169.434,37654,3662.22,6051.1,69.1601,97.2348,18.2602,32.644,31.0236,25.8729,5.44046,0.135996
setup,0,2005-09-04 23:00:00,0,1.21641,17.633,0.0176086,0,0.00227011,0.000679224,0.00121908,0.000125256,0.000585346,3.30251e-06,0,0,0,1.0933,8.52418,0.0192491,0.22059,0,1.55222e-06,0.839256,0.721503,0.00421208,0.000963423,10676,234880,47415.9,67573.6,614.521,5657.56,1223.29,500.495,21.8808,2189.19,482.468,169.2,37654.4,3662.53,6051.45,69.3242,97.1162,18.2764,32.5553,31.1543,25.892,5.44087,0.136254
setup,0,2005-09-05 23:00:00,0,1.2062,17.0816,0.0173297,0,0.00227081,0.000732696,0.00120545,9.35194e-05,0.000547347,3.37874e-06,0,0,0,1.0926,8.4707,0.0192398,0.219967,0,5.15709e-07,0.795912,0.700411,0.00398458,0.000960137,10665.3,234880,47417.8,67574,616.285,5647.38,1221.81,501.322,21.8486,2190.26,482.498,168.97,37654.9,3662.84,6051.73,69.5225,96.9975,18.3016,32.4774,31.2886,25.9111,5.44128,0.136318
setup,0,2005-09-06 23:00:00,0,1.18682,16.3046,0.0171999,0,0.00227142,0.000999108,0.0011763,5.35847e-05,0.000487858,3.44047e-06,0,0,0,1.0919,8.41817,0.0192306,0.216513,0,-3.32037e-15,0.750924,0.673866,0.0037958,0.000949922,10654.7,234880,47420.4,67574.3,617.849,5637.31,1220.97,502.172,21.8489,2191.34,482.528,168.745,37655.3,3663.14,6051.91,69.7366,96.8775,18.3403,32.4439,31.4268,25.9301,5.44169,0.136261
setup,0,2005-09-07 23:00:00,0,1.18384,15.8127,0.0177132,0,0.00227215,0.000466574,0.0011628,4.04673e-05,0.000450713,3.47967e-06,0,0,0,1.0912,8.3658,0.0192214,0.215987,0,-3.32037e-15,0.745973,0.673236,0.00375076,0.000947083,10644.2,234881,47423.4,67574.7,619.277,5627.36,1220.47,503.068,21.8419,2192.42,482.559,168.521,37655.7,3663.45,6052.05,69.9119,96.7593,18.386,32.4383,31.5621,25.9492,5.44211,0.136203
setup,0,2005-09-08 23:00:00,0,1.19077,15.3922,0.0175042,0,0.00227276,0.000922906,0.00115758,2.8743e-05,0.000425042,3.49162e-06,0,0,0,1.0905,8.31352,0.0192122,0.215727,0,-3.32037e-15,0.740661,0.669418,0.00362772,0.000951016,10633.7,234882,47426.8,67575.1,620.6,5617.47,1220.16,504.108,21.8715,2193.5,482.589,168.296,37656.1,3663.75,6052.15,70.0618,96.6423,18.4354,32.4494,31.697,25.9683,5.44252,0.135736
setup,0,2005-09-09 23:00:00,0,1.20224,15.0744,0.016783,0,0.00227333,0.000958138,0.00115794,2.54218e-05,0.00040645,3.48897e-06,0,0,0,1.08981,8.26166,0.019203,0.214209,0,-3.32037e-15,0.734561,0.665387,0.0035499,0.000958752,10623.2,234884,47430.5,67575.6,621.841,5607.63,1219.98,505.262,21.9017,2194.58,482.62,168.074,37656.5,3664.06,6052.22,70.1947,96.5253,18.4875,32.4706,31.8318,25.9874,5.44294,0.136042
setup,0,2005-09-10 23:00:00,0,1.20151,15.5316,0.0249216,0,0.00227394,0.00122504,0.00116646,2.45319e-05,0.000429719,3.47692e-06,0,0,0,1.08911,8.20972,0.0191938,0.214399,0,-3.32037e-15,0.748667,0.670753,0.00363553,0.000964588,10612.7,234885,47433.7,67576.3,623.167,5597.79,1219.32,506.428,21.8592,2195.66,482.651,167.851,37656.9,3664.36,6052.37,70.3328,96.4089,18.5288,32.5,31.9662,26.0064,5.44335,0.136315
setup,0,2005-09-11 23:00:00,0,1.17416,15.0326,0.0170693,0,0.00227439,0.000881115,0.00115432,5.823e-07,0.000407098,3.45999e-06,0,0,0,1.08841,8.15803,0.0191846,0.213384,0,-3.32037e-15,0.733685,0.662841,0.00355194,0.000955461,10602.4,234886,47437.3,67576.9,624.406,5588.02,1218.99,507.602,21.8754,2196.73,482.681,167.629,37657.3,3664.66,6052.47,70.4607,96.2935,18.5767,32.5279,32.0998,26.0255,5.44377,0.135525
setup,0,2005-09-12 23:00:00,0,1.16217,15.1006,0.0170276,0,0.00227502,0.000924669,0.00114709,1.29262e-05,0.00041095,3.45668e-06,0,0,0,1.08771,8.10749,0.0191754,0.209149,0,-3.32037e-15,0.736374,0.662848,0.00354725,0.000947503,10592.1,234887,47440.8,67577.6,625.665,5578.33,1218.51,508.771,21.8259,2197.81,482.712,167.411,37657.7,3664.96,6052.59,70.584,96.1754,18.621,32.5588,32.2352,26.0445,5.44419,0.135566
setup,0,2005-09-13 23:00:00,0,1.16203,14.6944,0.0162249,0,0.00227563,0.000919806,0.00114127,7.41794e-06,0.000390967,3.44972e-06,0,0,0,1.08702,8.05697,0.0191662,0.209256,0,-3.32037e-15,0.72379,0.655566,0.00351354,0.000948077,10581.9,234889,47444.6,67578.2,626.846,5568.7,1218.29,509.96,21.8215,2198.89,482.743,167.193,37658.1,3665.26,6052.67,70.6978,96.0589,18.6705,32.5897,32.3695,26.0635,5.4446,0.136273
setup,0,2005-09-14 23:00:00,0,1.16517,14.3771,0.0181994,0,0.00227637,0.00103605,0.00113911,3.24143e-06,0.000375674,3.43226e-06,0,0,0,1.08633,8.00654,0.0191571,0.208938,0,-3.32037e-15,0.715237,0.651069,0.00348201,0.000951574,10571.7,234890,47448.8,67579,627.963,5559.13,1218.21,511.21,21.8376,2199.96,482.774,166.976,37658.5,3665.55,6052.72,70.802,95.9437,18.7227,32.6239,32.5035,26.0826,5.44502,0.13585
setup,0,2005-09-15 23:00:00,0,1.16015,14.1161,0.0174611,0,0.00227696,0.00115151,0.00113476,-4.2907e-06,0.000362687,3.41035e-06,0,0,0,1.08563,7.9563,0.0191479,0.208202,0,-3.32037e-15,0.70716,0.644483,0.00339519,0.000951941,10561.4,234892,47453.1,67579.8,629.032,5549.64,1218.26,512.486,21.8292,2201.04,482.805,166.759,37658.9,3665.85,6052.75,70.8973,95.8296,18.7774,32.6571,32.639,26.1016,5.44544,0.135818
setup,0,2005-09-16 23:00:00,0,1.16131,13.892,0.0173219,0,0.00227758,0.00114635,0.00113391,-6.17353e-06,0.000352387,3.38504e-06,0,0,0,1.08494,7.90591,0.0191387,0.20873,0,-3.32037e-15,0.697172,0.638722,0.00333861,0.000955182,10551.3,234894,47457.6,67580.6,630.059,5540.21,1218.38,513.803,21.8479,2202.11,482.836,166.542,37659.3,3666.14,6052.78,70.9942,95.7174,18.8332,32.6917,32.7688,26.1206,5.44586,0.135532
setup,0,2005-09-17 23:00:00,0,1.16783,13.7107,0.0259055,0,0.00227816,0.00139007,0.00113582,-5.77376e-06,0.000343671,3.36707e-06,0,0,0,1.08425,7.85613,0.0191296,0.206504,0,-3.32037e-15,0.696563,0.636253,0.00332298,0.000961864,10541.2,234897,47462.2,67581.5,631.049,5530.82,1218.54,515.169,21.8664,2203.19,482.867,166.327,37659.7,3666.44,6052.79,71.0767,95.6042,18.8897,32.7283,32.9057,26.1396,5.44628,0.135714
setup,0,2005-09-18 23:00:00,0,1.16124,13.5197,0.0172497,0,0.00227859,0.00107167,0.00113467,-1.4828e-05,0.000335355,3.36088e-06,0,0,0,1.08355,7.80653,0.0191204,0.205794,0,-3.32037e-15,0.68702,0.631146,0.00327614,0.000963482,10531,234899,47467,67582.5,632.008,5521.49,1218.78,516.548,21.876,2204.26,482.899,166.113,37660.1,3666.73,6052.79,71.1605,95.492,18.9474,32.7656,33.0371,26.1587,5.44671,0.135612
setup,0,2005-09-19 23:00:00,0,1.15427,13.3577,0.0179516,0,0.00227917,0.00104836,0.0011322,-1.66665e-05,0.00032817,3.3639e-06,0,0,0,1.08286,7.75697,0.0191113,0.205585,0,-3.32037e-15,0.684529,0.627976,0.00323815,0.00096425,10520.9,234901,47471.9,67583.5,632.943,5512.24,1219.07,517.925,21.8597,2205.34,482.93,165.898,37660.5,3667.02,6052.78,71.2328,95.3812,19.006,32.8038,33.173,26.1777,5.44713,0.135661
setup,0,2005-09-20 23:00:00,0,1.15288,13.1979,0.017089,0,0.00227977,0.000946515,0.00113227,-1.90319e-05,0.000321776,3.36935e-06,0,0,0,1.08216,7.70747,0.0191021,0.205394,0,-3.32037e-15,0.677738,0.623251,0.00321883,0.000967584,10510.9,234904,47477,67584.5,633.854,5503.04,1219.39,519.322,21.8777,2206.41,482.961,165.685,37660.9,3667.31,6052.77,71.3067,95.2714,19.0647,32.8424,33.3055,26.1967,5.44755,0.13542
setup,0,2005-09-21 23:00:00,0,1.14826,13.0653,0.0189931,0,0.00228042,0.00117737,0.00113119,-2.10671e-05,0.000315947,3.38654e-06,0,0,0,1.08147,7.65861,0.019093,0.203074,0,-3.32037e-15,0.674664,0.619983,0.00318227,0.000968988,10500.9,234906,47482.1,67585.6,634.745,5493.88,1219.74,520.726,21.8745,2207.48,482.993,165.473,37661.3,3667.6,6052.75,71.3736,95.1608,19.1238,32.8811,33.4402,26.2157,5.44798,0.13542
setup,0,2005-09-22 23:00:00,0,1.15026,12.9434,0.0190156,0,0.00228092,0.00110682,0.00113358,-1.85705e-05,0.000310448,3.4099e-06,0,0,0,1.08077,7.60982,0.0190839,0.202779,0,-3.32037e-15,0.672082,0.617634,0.0031497,0.000974559,10491,234909,47487.2,67586.7,635.617,5484.77,1220.12,522.132,21.8682,2208.56,483.024,165.262,37661.7,3667.88,6052.73,71.4341,95.0512,19.1832,32.9207,33.5769,26.2346,5.4484,0.135685
setup,0,2005-09-23 23:00:00,0,1.16407,15.285,0.0193299,0,0.00228166,0.00114093,0.00117079,1.75376e-05,0.000418908,3.43227e-06,0,0,0,1.08008,7.56125,0.0190747,0.201957,0,-3.32037e-15,0.726473,0.642469,0.00351306,0.000991812,10481.1,234909,47490,67588,636.94,5475.43,1218.48,523.399,21.6852,2209.62,483.055,165.051,37662.1,3668.17,6053.01,71.5654,94.9381,19.1977,32.9619,33.7094,26.2536,5.44882,0.136084
setup,0,2005-09-24 23:00:00,0,1.16469,16.955,0.0200956,0,0.00228235,0.00107061,0.0012093,4.58701e-05,0.00051067,3.45334e-06,0,0,0,1.07938,7.51318,0.0190656,0.200133,0,-3.32037e-15,0.769816,0.659755,0.00363579,0.00100495,10471.2,234907,47491.1,67588.9,638.637,5465.8,1215.64,524.223,21.5605,2210.69,483.086,164.843,37662.4,3668.45,6053.46,71.7419,94.8199,19.1852,32.9969,33.8472,26.2724,5.44924,0.135838
setup,0,2005-09-25 23:00:00,0,1.14768,17.0118,0.0200465,0,0.00228292,0.00106272,0.00121345,3.19758e-05,0.000507784,3.47753e-06,0,0,0,1.07868,7.46568,0.0190565,0.197887,0,-3.32037e-15,0.773505,0.666543,0.00353912,0.00100444,10461.4,234905,47492.1,67589.4,640.342,5456.01,1212.92,524.921,21.4943,2211.75,483.117,164.636,37662.8,3668.73,6053.86,71.9177,94.6984,19.175,33.0327,33.9856,26.2913,5.44966,0.135885
setup,0,2005-09-26 23:00:00,0,1.13119,15.7511,0.0216157,0,0.00228334,0.000972361,0.00119467,2.44598e-06,0.000435631,3.49957e-06,0,0,0,1.07799,7.41863,0.0190474,0.196233,0,-3.32037e-15,0.746242,0.66031,0.00340625,0.0009997,10451.8,234905,47494.3,67589.7,641.763,5446.27,1211.26,525.795,21.5129,2212.81,483.148,164.432,37663.2,3669.01,6054.09,72.0534,94.5766,19.1878,33.0753,34.1243,26.3102,5.45007,0.135611
setup,0,2005-09-27 23:00:00,0,1.11779,15.119,0.0213134,0,0.00228369,0.00098166,0.00118257,-1.02026e-05,0.000401099,3.51414e-06,0,0,0,1.07729,7.3719,0.0190383,0.195178,0,-3.32037e-15,0.730238,0.654262,0.00333719,0.000995525,10442.1,234905,47497,67589.9,643.047,5436.6,1210.1,526.781,21.5098,2213.88,483.178,164.228,37663.6,3669.29,6054.25,72.1717,94.4555,19.2112,33.1242,34.2585,26.3291,5.45049,0.135532
setup,0,2005-09-28 23:00:00,0,1.12317,14.8171,0.0201953,0,0.00228411,0.000865962,0.00118317,-3.92779e-06,0.000384361,3.51738e-06,0,0,0,1.0766,7.32539,0.0190292,0.194421,0,-3.32037e-15,0.728438,0.653422,0.00336024,0.00100191,10432.6,234905,47500.1,67590.1,644.261,5426.95,1209.13,527.837,21.5134,2214.95,483.209,164.025,37663.9,3669.57,6054.38,72.2701,94.3346,19.2384,33.1787,34.3989,26.348,5.45091,0.13612
setup,0,2005-09-29 23:00:00,0,1.12137,14.4456,0.0216698,0,0.00228443,0.000986607,0.00118392,-1.35941e-05,0.000366602,3.51345e-06,0,0,0,1.07591,7.2792,0.0190201,0.193323,0,-3.32037e-15,0.715655,0.646835,0.00330165,0.00100801,10423,234905,47503.4,67590.4,645.401,5417.34,1208.42,528.937,21.5301,2216.01,483.24,163.823,37664.3,3669.85,6054.47,72.3655,94.2139,19.271,33.232,34.5349,26.3669,5.45133,0.135733
setup,0,2005-09-30 23:00:00,0,1.1095,14.1527,0.0274454,0,0.00228462,0.000780852,0.00117499,-2.27432e-05,0.000353919,3.50593e-06,0,0,0,1.07522,7.23302,0.0190111,0.193213,0,-3.32037e-15,0.678574,0.622361,0.0032905,0.00100276,10413.4,234906,47507,67590.6,646.477,5407.8,1207.89,530.124,21.5926,2217.08,483.271,163.622,37664.7,3670.13,6054.54,72.5185,94.0947,19.3072,33.2858,34.6727,26.3858,5.45174,0.136287
setup,0,2005-10-01 23:00:00,0,1.09714,13.9229,0.0208857,0,0.00228465,0.00051403,0.00116897,-2.66045e-05,0.000344473,3.49996e-06,0,0,0,1.07452,7.18725,0.019002,0.191695,0,-3.32037e-15,0.676379,0.616963,0.00329253,0.000999641,10404,234907,47510.8,67590.9,647.509,5398.32,1207.49,531.368,21.6082,2218.14,483.302,163.422,37665.1,3670.4,6054.6,72.6555,93.9756,19.3458,33.3408,34.813,26.4047,5.45216,0.135761
setup,0,2005-10-02 23:00:00,0,1.08047,13.7262,0.0200752,0,0.00228468,0.000535676,0.00116067,-3.15775e-05,0.000336308,3.5e-06,0,0,0,1.07383,7.14186,0.0189929,0.190333,0,-3.32037e-15,0.668779,0.610896,0.00321292,0.000992591,10394.6,234908,47514.7,67591.3,648.513,5388.93,1207.19,532.61,21.5815,2219.21,483.333,163.223,37665.4,3670.68,6054.63,72.7889,93.8569,19.3863,33.3938,34.951,26.4236,5.45258,0.135604
setup,0,2005-10-03 23:00:00,0,1.0736,13.5425,0.0194481,0,0.00228462,0.000578177,0.00115689,-2.71082e-05,0.000328734,3.50053e-06,0,0,0,1.07314,7.09682,0.0189838,0.189117,0,-3.32037e-15,0.664792,0.608287,0.00314671,0.000990541,10385.3,234909,47518.7,67591.6,649.496,5379.6,1206.98,533.829,21.5465,2220.27,483.364,163.025,37665.8,3670.95,6054.66,72.9132,93.7386,19.4284,33.447,35.0913,26.4425,5.45301,0.135608
setup,0,2005-10-04 23:00:00,0,1.07732,15.0869,0.0185197,0,0.00228465,0.000626894,0.00117603,-8.14662e-06,0.000396729,3.48995e-06,0,0,0,1.07246,7.05168,0.0189748,0.189586,0,-3.32037e-15,0.702822,0.624332,0.00331863,0.000999133,10376,234908,47521.2,67592.2,650.784,5370.15,1205.42,534.93,21.3977,2221.33,483.395,162.827,37666.2,3671.22,6054.89,73.0782,93.6195,19.4403,33.5026,35.2322,26.4613,5.45343,0.13587
setup,0,2005-10-05 23:00:00,0,1.08569,14.438,0.019393,0,0.00228451,0.000612089,0.00118388,-1.26238e-05,0.000367467,3.46898e-06,0,0,0,1.07177,7.00722,0.0189657,0.18707,0,-3.32037e-15,0.685252,0.618323,0.00320401,0.00101243,10366.8,234908,47524.2,67592.5,651.938,5360.65,1204.4,536.025,21.4379,2222.39,483.426,162.632,37666.5,3671.49,6055.03,73.2338,93.4981,19.464,33.555,35.3715,26.4801,5.45385,0.135761
setup,0,2005-10-06 23:00:00,0,1.07788,14.0648,0.0269133,0,0.00228429,0.000886095,0.00118555,-2.62247e-05,0.000350305,3.45128e-06,0,0,0,1.07108,6.96299,0.0189567,0.18619,0,-3.32037e-15,0.685776,0.618738,0.0031574,0.00101901,10357.5,234909,47527.6,67592.7,653.015,5351.19,1203.68,537.174,21.4449,2223.46,483.457,162.437,37666.9,3671.76,6055.11,73.3584,93.3771,19.4938,33.6097,35.5116,26.499,5.45427,0.135998
setup,0,2005-10-07 23:00:00,0,1.0649,13.7858,0.018897,0,0.00228388,0.00059191,0.00118455,-3.07731e-05,0.000338353,3.43629e-06,0,0,0,1.07039,6.91887,0.0189476,0.18571,0,-3.32037e-15,0.682291,0.619707,0.00313289,0.00101981,10348.4,234909,47531.2,67592.9,654.045,5341.8,1203.14,538.333,21.4419,2224.52,483.488,162.243,37667.2,3672.03,6055.17,73.4671,93.2571,19.5274,33.6654,35.65,26.5178,5.45469,0.135611
setup,0,2005-10-08 23:00:00,0,1.05313,13.5611,0.019024,0,0.00228362,0.000599447,0.00118255,-3.4053e-05,0.000329329,3.4262e-06,0,0,0,1.06969,6.87516,0.0189386,0.1842,0,-3.32037e-15,0.6789,0.618202,0.00308733,0.00102012,10339.3,234910,47535,67593.1,655.039,5332.46,1202.72,539.502,21.4469,2225.58,483.519,162.05,37667.6,3672.29,6055.21,73.5656,93.137,19.5632,33.7202,35.7849,26.5367,5.45511,0.13553
setup,0,2005-10-09 23:00:00,0,1.03858,13.7355,0.0179342,0,0.00228339,0.000763179,0.00118223,-3.50166e-05,0.000337117,3.4279e-06,0,0,0,1.069,6.83182,0.0189296,0.182942,0,-3.32037e-15,0.687709,0.623624,0.00313661,0.0010186,10330.2,234910,47538.5,67593.4,656.075,5323.14,1202.08,540.656,21.4076,2226.64,483.55,161.859,37668,3672.56,6055.28,73.6579,93.0167,19.5939,33.7743,35.9204,26.5555,5.45553,0.135788
setup,0,2005-10-10 23:00:00,0,1.02735,13.4712,0.021058,0,0.00228331,0.000463286,0.00118033,-3.44338e-05,0.000326966,3.43707e-06,0,0,0,1.06832,6.78881,0.0189206,0.181775,0,-3.32037e-15,0.684041,0.622821,0.00314661,0.00101784,10321.2,234911,47542.3,67593.7,657.073,5313.87,1201.63,541.771,21.3962,2227.7,483.582,161.669,37668.3,3672.82,6055.33,73.7368,92.8965,19.6283,33.8259,36.0569,26.5743,5.45595,0.135536
setup,0,2005-10-11 23:00:00,0,1.00803,13.28,0.0200396,0,0.00228304,0.000761434,0.00117445,-4.20835e-05,0.000319434,3.4486e-06,0,0,0,1.06763,6.7459,0.0189115,0.18144,0,-3.32037e-15,0.67904,0.620959,0.00308629,0.00101226,10312.3,234912,47546.2,67594,658.047,5304.67,1201.3,542.863,21.3595,2228.76,483.613,161.479,37668.7,3673.08,6055.35,73.8087,92.7776,19.6649,33.8763,36.1924,26.5931,5.45637,0.135667
setup,0,2005-10-12 23:00:00,0,0.988207,13.0988,0.0201033,0,0.00228278,0.000755038,0.0011663,-4.47542e-05,0.000313464,3.45457e-06,0,0,0,1.06694,6.70335,0.0189025,0.180161,0,-3.32037e-15,0.67322,0.616937,0.00305209,0.0010041,10303.5,234912,47550.2,67594.2,659.004,5295.53,1201.04,543.93,21.3419,2229.81,483.644,161.29,37669,3673.34,6055.37,73.8791,92.659,19.7028,33.9254,36.3288,26.6119,5.4568,0.134798
setup,0,2005-10-13 23:00:00,0,0.96695,13.546,0.0192398,0,0.0022826,0.000807687,0.00116089,-4.47477e-05,0.000332889,3.46049e-06,0,0,0,1.06626,6.66113,0.0188935,0.179074,0,-3.32037e-15,0.682728,0.621373,0.00311274,0.000994378,10294.7,234913,47553.8,67594.6,660.061,5286.4,1200.33,544.954,21.2637,2230.87,483.675,161.103,37669.4,3673.6,6055.46,73.9622,92.5401,19.7302,33.9728,36.4633,26.6307,5.45722,0.134889
setup,0,2005-10-14 23:00:00,0,0.960514,16.133,0.019373,0,0.00228262,0.000845975,0.00118657,-4.70865e-06,0.000451791,3.46582e-06,0,0,0,1.06558,6.61921,0.0188845,0.178025,0,-3.32037e-15,0.748402,0.647477,0.00341437,0.000994933,10286,234910,47554.7,67595.1,661.681,5277.04,1197.56,545.531,21.023,2231.92,483.707,160.916,37669.7,3673.86,6055.87,74.1023,92.4174,19.7112,34.0144,36.6012,26.6494,5.45764,0.135502
setup,0,2005-10-15 23:00:00,0,0.94853,21.04,0.026647,0,0.00228269,0.00109727,0.00125162,8.89246e-05,0.000712848,3.46061e-06,0,0,0,1.06491,6.57777,0.0188755,0.176394,0,-3.32037e-15,0.860409,0.664245,0.00380627,0.000996422,10277.5,234903,47550.6,67594.7,664.533,5267.1,1191.49,544.439,20.6883,2232.97,483.737,160.732,37670,3674.11,6056.76,74.3839,92.2854,19.6184,34.0512,36.7362,26.668,5.45806,0.135399
setup,0,2005-10-16 23:00:00,0,0.939225,36.8124,0.0168181,0,0.0022833,0.000720853,0.00137147,0.000283421,0.00139182,3.44645e-06,0,0,0,1.06423,6.53706,0.0188665,0.173721,0,-3.32037e-15,1.27347,0.659422,0.00451252,0.000995892,10269.1,234880,47530.7,67589.6,670.19,5255.26,1176.96,537.034,19.9275,2233.99,483.766,160.55,37670.4,3674.36,6058.99,74.9592,92.1246,19.3367,34.1216,36.8723,26.6864,5.45845,0.137401
setup,0,2005-10-17 23:00:00,0,0.92971,50.2263,0.0180746,0,0.00228448,0.000958812,0.00106377,0.000294478,0.00123718,3.41055e-06,0,0,0,1.06355,6.49805,0.0188576,0.167524,0,-3.32037e-15,1.5897,0.715693,0.00479956,0.00100661,10261.6,234843,47497.5,67577.5,676.385,5242.41,1156.11,523.787,19.5904,2234.97,483.793,160.374,37670.7,3674.61,6061.98,75.9654,91.9429,18.9118,33.9689,37.0477,26.7043,5.45883,0.148572
setup,0,2005-10-18 23:00:00,0,0.928999,43.1909,0.0175697,0,0.00228451,0.000970711,0.00121358,0.000296005,0.00103689,3.34587e-06,0,0,0,1.06288,6.46415,0.0188486,0.148974,0,-3.32037e-15,1.57014,0.742516,0.00488611,0.00101463,10254.3,234814,47471.2,67567.7,681.433,5229.38,1137.71,516.198,19.4632,2235.96,483.82,160.216,37671,3674.84,6064.39,76.805,91.7407,18.5411,33.9348,37.2131,26.7222,5.4592,0.150036
setup,0,2005-10-19 23:00:00,0,0.943831,36.6077,0.0184534,0,0.00228447,0.000950445,0.0013028,0.000278604,0.00097991,3.26893e-06,0,0,0,1.0622,6.43191,0.0188396,0.143009,0,-3.32037e-15,1.53724,0.756154,0.00490562,0.00101538,10247.1,234791,47451.4,67559.5,685.658,5216.42,1121.98,512.912,19.5073,2236.94,483.847,160.065,37671.3,3675.07,6066.21,77.4414,91.5344,18.2299,34.0374,37.3729,26.7401,5.45958,0.148043
setup,0,2005-10-20 23:00:00,0,0.972271,35.2274,0.0184227,0,0.00228522,0.000952889,0.0010685,0.00042574,0.001426,3.18761e-06,0,0,0,1.06153,6.4003,0.0188306,0.140843,0,-3.32037e-15,1.58952,0.74333,0.00615925,0.00101653,10240.6,234769,47433.1,67552.8,691.351,5202.37,1104.66,513.432,18.8999,2237.93,483.873,159.916,37671.6,3675.29,6068.04,78.0107,91.3116,17.8822,34.3311,37.5037,26.758,5.45994,0.156615
setup,0,2005-10-21 23:00:00,0,1.0767,38.8348,0.0183918,0,0.00228576,0.000961098,0.00122307,0.000551035,0.00162473,3.07849e-06,0,0,0,1.06085,6.3737,0.0188217,0.122632,0,-3.32037e-15,1.67753,0.784127,0.00747277,0.00102577,10234.6,234743,47411,67543.8,698.106,5186.76,1087.58,510.867,18.5204,2238.91,483.897,159.785,37671.9,3675.51,6070.02,78.7941,91.0501,17.5389,34.4492,37.648,26.7759,5.46029,0.161335
setup,0,2005-10-22 23:00:00,0,1.21254,38.4128,0.0189202,0,0.00228648,0.000954854,0.00127096,0.000729802,0.00199698,2.96478e-06,0,0,0,1.06018,6.35014,0.0188127,0.111647,0,-3.32037e-15,1.72568,0.828714,0.00903626,0.00103045,10229.4,234718,47389.4,67534.9,705.571,5169.72,1071.5,508.818,18.1152,2239.89,483.92,159.665,37672.1,3675.72,6071.96,79.5949,90.7588,17.2169,34.5828,37.7823,26.7938,5.46061,0.165003
setup,0,2005-10-23 23:00:00,0,1.40908,32.0445,0.0198609,0,0.0022868,0.000942376,0.00161961,0.000831817,0.0016764,2.83564e-06,0,0,0,1.05951,6.33168,0.0188038,0.0985579,0,0.00536632,1.6006,0.886975,0.00810784,0.00103021,10222.6,234699,47373.9,67527.3,712.98,5152.75,1058.51,509.299,18.2073,2240.87,483.942,159.558,37672.4,3675.92,6073.29,80.2796,90.4564,16.9647,34.7498,37.9087,26.8117,5.46094,0.156629
setup,0,2005-10-24 23:00:00,0,1.45737,30.7369,0.019775,0,0.00228731,0.000970088,0.00167379,0.000777847,0.00160174,2.71978e-06,0,0,0,1.05884,6.30192,0.0187948,0.129223,0,-8.19928e-15,1.58534,0.884912,0.00755275,0.00103029,10215.6,234682,47359.7,67521.1,720.117,5136.13,1046.63,509.923,18.1105,2241.86,483.965,159.425,37672.7,3676.13,6074.68,80.8897,90.1903,16.7376,34.9613,38.0357,26.8296,5.46127,0.150821
setup,0,2005-10-25 23:00:00,0,1.4798,30.6141,0.0192944,0,0.00228798,0.00106701,0.00180871,0.000847361,0.00178186,2.60854e-06,0,0,0,1.05817,6.27079,0.0187859,0.144715,0,-8.19928e-15,1.56307,0.95951,0.0078947,0.00104209,10209,234664,47345.5,67514.3,727.404,5118.24,1036.82,509.596,18.0192,2242.87,483.987,159.272,37673,3676.33,6075.99,81.5266,89.9239,16.5577,35.0904,38.1726,26.8478,5.46158,0.146521
setup,0,2005-10-26 23:00:00,0,1.54439,25.6732,0.018638,0,0.0022887,0.0011368,0.00175194,0.000769131,0.00154143,2.5117e-06,0,0,0,1.05751,6.24243,0.018777,0.129339,0,-8.19928e-15,1.35565,1.01303,0.00740754,0.00105436,10202.2,234652,47336.4,67507.9,733.741,5100.97,1030.16,510.437,18.2018,2243.89,484.009,159.135,37673.3,3676.53,6076.75,82.1035,89.6515,16.4478,35.1556,38.3116,26.8661,5.4619,0.144187
setup,0,2005-10-27 23:00:00,0,1.5683,25.7817,0.0181688,0,0.00228963,0.0011602,0.00173834,0.000801478,0.00160805,2.45465e-06,0,0,0,1.05684,6.21244,0.018768,0.135389,0,-8.19928e-15,1.34716,0.998531,0.00736245,0.00105624,10196.6,234639,47327.3,67501.9,740.18,5083.92,1023.46,511.04,18.1883,2244.9,484.031,158.991,37673.6,3676.74,6077.59,82.71,89.3885,16.3367,35.1988,38.4437,26.8844,5.46222,0.142974
setup,0,2005-10-28 23:00:00,0,1.71849,27.2373,0.0180767,0,0.0022904,0.00114938,0.00171932,0.000769593,0.00153029,2.43665e-06,0,0,0,1.05617,6.191,0.0187591,0.104176,0,-8.19928e-15,1.31824,1.00253,0.00710147,0.00106207,10190.9,234625,47316.8,67494.9,746.234,5067.2,1017.5,509.202,18.2894,2245.92,484.053,158.878,37673.8,3676.94,6078.45,83.4186,89.0992,16.2414,35.0843,38.5959,26.9027,5.46254,0.142365
setup,0,2005-10-29 23:00:00,0,1.84751,27.1333,0.0180625,0,0.00229096,0.00112538,0.00168895,0.000696811,0.00139387,2.47391e-06,0,0,0,1.0555,6.16865,0.0187502,0.107751,0,-8.19928e-15,1.26535,1.01289,0.00690222,0.00106893,10184.6,234611,47306.4,67486.6,751.295,5051.11,1012.62,506.214,18.5487,2246.94,484.076,158.762,37674.1,3677.15,6079.15,84.1133,88.8226,16.1699,34.9152,38.7603,26.921,5.46287,0.141993
setup,0,2005-10-30 23:00:00,0,1.91492,26.4367,0.0182433,0,0.00229144,0.00108065,0.00169774,0.000732811,0.00144629,2.56159e-06,0,0,0,1.05483,6.14172,0.0187413,0.124467,0,0.000547173,1.26528,1.00458,0.00702433,0.00107742,10178,234597,47296.6,67479.2,756.058,5035.27,1007.5,504.315,18.6735,2247.96,484.099,158.629,37674.4,3677.37,6079.89,84.749,88.5668,16.0925,34.8183,38.9141,26.9393,5.4632,0.14158
setup,0,2005-10-31 23:00:00,0,1.94107,31.5417,0.0182333,0,0.00229193,0.000746539,0.00182282,0.000978877,0.00181602,2.68147e-06,0,0,0,1.05416,6.1134,0.0186308,0.129512,0,0.00240161,1.67641,1.15304,0.00791995,0.00108125,10171.6,234578,47281.6,67471.2,761.612,5018.88,1000.64,499.02,18.431,2248.96,484.121,158.492,37674.6,3677.58,6081.17,84.9661,88.3086,15.9757,34.3645,39.0315,26.9574,5.46352,0.141679
setup,0,2005-11-01 23:00:00,0,1.96945,30.3454,0.0182118,0,0.00229182,0.00066798,0.00174976,0.000857862,0.00165975,2.80078e-06,0,0,0,1.05348,6.08595,0.0182565,0.126267,0,0.00283061,1.37927,1.01975,0.00763834,0.00107443,10165.5,234561,47267.7,67462.9,766.396,5002.51,994.792,494.167,18.5248,2249.98,484.144,158.357,37674.9,3677.79,6082.29,85.5767,88.048,15.8809,33.9718,39.1672,26.9751,5.46385,0.141721
setup,0,2005-11-02 23:00:00,0,2.01879,32.5245,0.0181157,0,0.00229164,0.000621942,0.00179086,0.000997803,0.00191086,2.95897e-06,0,0,0,1.05281,6.05965,0.0181672,0.122212,0,0.00286341,1.49702,1.025,0.00792801,0.00107579,10159.1,234541,47251.6,67454.5,771.502,4985.5,987.73,489.251,18.4077,2250.98,484.165,158.227,37675.2,3677.99,6083.66,86.1603,87.7749,15.7584,33.7326,39.3144,26.9927,5.46416,0.141969
setup,0,2005-11-03 23:00:00,0,2.04121,36.5478,0.0178466,0,0.00229155,0.000596863,0.00183947,0.00123143,0.00241666,3.11235e-06,0,0,0,1.05215,6.03153,0.0181526,0.128961,0,0.00492702,1.6662,1.0268,0.008748,0.00107791,10153.3,234517,47231.3,67445.7,777.339,4967.06,978.63,484.095,18.0033,2251.97,484.185,158.09,37675.4,3678.18,6085.46,86.901,87.4889,15.5895,33.6979,39.4456,27.0101,5.46446,0.143225
setup,0,2005-11-04 23:00:00,0,2.11809,32.448,0.017622,0,0.00229108,0.000573841,0.00171112,0.00127875,0.00237832,3.25097e-06,0,0,0,1.05148,6.00788,0.0178968,0.112042,0,0.00755193,1.69625,1.0672,0.00876976,0.00108436,10147.8,234497,47215.2,67436.7,783.017,4948.38,969.457,483.641,17.7505,2252.94,484.204,157.97,37675.7,3678.35,6086.75,87.4581,87.1823,15.4174,33.904,39.5818,27.027,5.46475,0.146336
setup,0,2005-11-05 23:00:00,0,2.20102,33.4549,0.0176786,0,0.00228989,0.000546321,0.00205193,0.00162012,0.00271773,3.36047e-06,0,0,0,1.05082,5.98561,0.0176989,0.107188,0,0.0083924,1.75911,1.15036,0.00948999,0.00109277,10142.1,234477,47198.2,67429.1,790.505,4927.85,960.833,482.07,17.3708,2253.93,484.221,157.855,37675.9,3678.5,6088.32,88.2086,86.8465,15.258,33.9537,39.7097,27.044,5.46501,0.145232
setup,0,2005-11-06 23:00:00,0,2.26236,29.4415,0.0177514,0,0.00228824,0.000526555,0.00203697,0.00146678,0.00229179,3.43026e-06,0,0,0,1.05015,5.96191,0.0176184,0.112547,0,0.00513574,1.5345,1.1906,0.0089221,0.00109824,10135.1,234460,47185.4,67420.4,796.616,4908.12,955.282,480.748,17.5141,2254.93,484.239,157.734,37676.2,3678.65,6089.28,88.9067,86.528,15.1671,33.942,39.8338,27.061,5.46528,0.144566
setup,0,2005-11-07 23:00:00,0,2.20052,26.6288,0.0175375,0,0.00228679,0.000536093,0.00195802,0.00128437,0.00199563,3.47029e-06,0,0,0,1.04949,5.92889,0.0179465,0.146691,0,0.0077576,1.41623,1.16587,0.00854852,0.00109697,10129.2,234445,47175.7,67412.1,801.405,4889.53,951.35,480.151,17.6817,2255.94,484.258,157.579,37676.5,3678.84,6089.99,89.4405,86.2603,15.1125,33.9546,39.9993,27.0784,5.46557,0.14381
setup,0,2005-11-08 23:00:00,0,2.21753,26.4294,0.0174389,0,0.00228517,0.000546866,0.0019049,0.00120818,0.00187529,3.49991e-06,0,0,0,1.04882,5.9032,0.0176669,0.119761,0,0.00849337,1.33572,1.12583,0.00845982,0.001087,10123.1,234431,47166.3,67402.3,805.597,4871.89,947.954,478.553,17.8218,2256.94,484.278,157.451,37676.7,3679.03,6090.47,90.0265,85.9789,15.0698,33.9077,40.1248,27.0956,5.46586,0.143483
setup,0,2005-11-09 23:00:00,0,2.24853,24.4093,0.0171333,0,0.00228348,0.000567542,0.00188849,0.00118074,0.001817,3.53559e-06,0,0,0,1.04816,5.87569,0.0176027,0.126712,0,0.00869526,1.32488,1.11892,0.00843892,0.00109214,10117.3,234419,47158.8,67392.9,809.413,4854.8,944.638,478.551,17.9672,2257.95,484.299,157.316,37677,3679.23,6090.77,90.4607,85.7125,15.0286,33.9708,40.2738,27.1127,5.46616,0.143418
setup,0,2005-11-10 23:00:00,0,2.31938,23.1001,0.0168277,0,0.00228164,0.000579398,0.00180193,0.000957448,0.00150584,3.5744e-06,0,0,0,1.04751,5.85046,0.0175686,0.11845,0,0.00705106,1.22707,1.07321,0.0079178,0.00110584,10111.2,234409,47152.6,67384.1,812.383,4838.54,942.332,478.17,18.359,2258.97,484.32,157.19,37677.3,3679.44,6090.98,90.8734,85.45,15.0101,33.9958,40.4202,27.1299,5.46648,0.142996
setup,0,2005-11-11 23:00:00,0,2.33261,20.071,0.0168867,0,0.00227994,0.000578137,0.00172448,0.000770771,0.00127257,3.63527e-06,0,0,0,1.04684,5.82255,0.0177127,0.128395,0,0.00538167,1.14004,1.02451,0.00757382,0.00111258,10104.6,234401,47149.2,67377.1,814.722,4823.24,940.692,479.478,18.69,2259.98,484.343,157.053,37677.5,3679.66,6091.07,91.1503,85.2114,15.0066,34.1166,40.5554,27.1472,5.4668,0.142317
setup,0,2005-11-12 23:00:00,0,2.28632,20.25,0.0173256,0,0.00227859,0.000558508,0.00175524,0.000862584,0.00142815,3.72489e-06,0,0,0,1.04618,5.79179,0.0178705,0.138807,0,0.00475349,1.19472,1.03008,0.0079531,0.00111034,10097.9,234393,47145.4,67371.6,817.708,4808.28,938.116,480.941,18.7416,2260.99,484.365,156.907,37677.8,3679.88,6091.36,91.4107,84.9881,14.9817,34.2766,40.6924,27.1647,5.46713,0.141907
setup,0,2005-11-13 23:00:00,0,2.22823,19.8669,0.017755,0,0.00227726,0.000538042,0.00173974,0.00084152,0.00141419,3.82307e-06,0,0,0,1.04551,5.75978,0.0179316,0.143439,0,0.00402369,1.18642,1.01801,0.0077818,0.00110619,10090.8,234385,47141.8,67366.4,820.946,4793.53,935.496,482.249,18.8265,2262,484.389,156.755,37678.1,3680.1,6091.66,91.6752,84.773,14.9556,34.4086,40.8462,27.1822,5.46746,0.141456
setup,0,2005-11-14 23:00:00,0,2.14051,18.1284,0.0179921,0,0.00227581,0.000530857,0.00163463,0.00060738,0.00110443,3.93174e-06,0,0,0,1.04485,5.72526,0.0179877,0.152685,0,0.00166579,1.06082,0.960026,0.00714207,0.00109956,10083.1,234379,47139.8,67361.4,823.367,4779.49,934.036,483.621,19.0736,2263.02,484.413,156.594,37678.4,3680.34,6091.78,91.9351,84.5776,14.9556,34.5175,40.9693,27.1998,5.46781,0.14071
setup,0,2005-11-15 23:00:00,0,2.00004,19.2397,0.0180366,0,0.00227459,0.000535669,0.00157853,0.000506451,0.000983917,4.03572e-06,0,0,0,1.04419,5.68587,0.0182948,0.160946,0,0.00152195,1.03728,0.940433,0.00693386,0.00109681,10075.4,234372,47136.6,67356.1,825.466,4765.95,932.925,483.157,19.2556,2264.04,484.437,156.425,37678.7,3680.57,6092.02,92.2551,84.3983,14.9634,34.5107,41.1142,27.2178,5.46816,0.140301
setup,0,2005-11-16 23:00:00,0,1.84886,18.3618,0.0180473,0,0.00227359,0.000533936,0.0016337,0.000650616,0.00120149,4.13539e-06,0,0,0,1.04352,5.64635,0.0183059,0.160012,0,0.00305481,1.12252,0.976435,0.0075142,0.00109317,10068.3,234365,47134.1,67352.4,828.283,4752.35,930.768,484.43,19.1916,2265.05,484.462,156.257,37679,3680.8,6092.35,92.4509,84.2173,14.9474,34.6626,41.2617,27.2357,5.46851,0.139773
setup,0,2005-11-17 23:00:00,0,1.7502,19.0149,0.0179838,0,0.00227242,0.000539194,0.00167888,0.000755119,0.00135048,4.20835e-06,0,0,0,1.04286,5.61067,0.0180858,0.158577,0,0.00552606,1.13871,0.975127,0.00763628,0.00109279,10062,234358,47130.9,67348.4,831.779,4738.49,928.062,485.311,19.1313,2266.06,484.486,156.09,37679.3,3681.02,6092.73,92.7455,84.0318,14.9188,34.7582,41.3946,27.2534,5.46885,0.139586
setup,0,2005-11-18 23:00:00,0,1.7114,21.4105,0.0250304,0,0.00227117,0.000749069,0.00182388,0.00110602,0.00191153,4.27487e-06,0,0,0,1.04221,5.58019,0.0178081,0.157476,0,0.00704893,1.30494,1.00865,0.00854247,0.00109455,10056.1,234349,47125.2,67345.2,837.174,4723.54,923.385,485.954,18.7754,2267.05,484.509,155.924,37679.6,3681.24,6093.49,93.1463,83.8297,14.8452,34.8764,41.5055,27.2706,5.46918,0.140247
setup,0,2005-11-19 23:00:00,0,1.68022,20.879,0.0170414,0,0.00226965,0.000457039,0.0017784,0.000940146,0.00178047,4.30345e-06,0,0,0,1.04155,5.55272,0.0176606,0.128868,0,0.013288,1.34397,1.03833,0.00837975,0.0010836,10050.9,234340,47119.9,67342.7,843.098,4707.99,918.858,487.073,18.4862,2268.05,484.531,155.788,37679.9,3681.45,6094.25,93.5062,83.5914,14.7748,35.0289,41.628,27.2877,5.4695,0.139785
setup,0,2005-11-20 23:00:00,0,1.72795,23.0018,0.0169409,0,0.00226797,0.000480819,0.00185668,0.00118702,0.00219388,4.3138e-06,0,0,0,1.04089,5.52961,0.0171172,0.111672,0,0.0117458,1.50254,1.06914,0.00931305,0.00108057,10045.6,234328,47112.3,67339.9,850.524,4690.97,913.053,488.163,18.0132,2269.03,484.551,155.668,37680.1,3681.62,6095.24,93.9622,83.3152,14.6747,35.2342,41.7057,27.3042,5.4698,0.140607
setup,0,2005-11-21 23:00:00,0,1.76485,24.1435,0.0165572,0,0.00226602,0.00054597,0.00185569,0.00108877,0.00197887,4.28177e-06,0,0,0,1.04024,5.50556,0.0172609,0.11535,0,0.0154165,1.46868,1.10284,0.00893745,0.00109109,10040.8,234316,47103.5,67334.7,857.798,4673.61,908.293,487.113,17.8169,2270.02,484.571,155.545,37680.4,3681.78,6096.08,94.5348,83.0388,14.5978,35.2293,41.8385,27.3208,5.4701,0.140977
setup,0,2005-11-22 23:00:00,0,1.85082,25.9694,0.0169067,0,0.00226351,0.0005531,0.00181564,0.000948538,0.00162457,4.22308e-06,0,0,0,1.03959,5.48499,0.0169299,0.102647,0,0.0126512,1.33448,1.10484,0.00829697,0.00110048,10035.8,234302,47093.1,67328.2,863.051,4657.11,905.287,482.666,17.963,2271.02,484.592,155.434,37680.6,3681.94,6096.97,95.2317,82.7625,14.5603,34.9963,41.9849,27.3373,5.4704,0.140856
setup,0,2005-11-23 23:00:00,0,1.90551,20.8191,0.0154487,0,0.00226131,0.00052281,0.00174797,0.000801625,0.00136031,4.15722e-06,0,0,0,1.03894,5.46326,0.0171769,0.107068,0,0.00866537,1.21096,1.06384,0.00780483,0.00110383,10030.2,234292,47087.9,67323.4,866.594,4641.73,903.329,482.314,18.1859,2272.02,484.614,155.319,37680.8,3682.13,6097.46,95.6079,82.5067,14.5464,35.014,42.1335,27.354,5.47072,0.140621
setup,0,2005-11-24 23:00:00,0,1.9005,19.4609,0.0171637,0,0.00225943,0.000628029,0.00166777,0.00065845,0.00114943,4.08851e-06,0,0,0,1.03828,5.43679,0.0175436,0.124439,0,0.00946759,1.09436,0.994368,0.00736841,0.00110117,10024.5,234284,47084.1,67319.3,869.183,4627.34,902.052,482.16,18.415,2273.03,484.637,155.187,37681.1,3682.34,6097.88,95.9759,82.283,14.5477,35.0197,42.2453,27.3712,5.47105,0.139791
setup,0,2005-11-25 23:00:00,0,1.89179,18.0122,0.016878,0,0.00225743,0.000586839,0.00161937,0.00057519,0.00103163,4.03492e-06,0,0,0,1.03763,5.40977,0.0174373,0.12637,0,0.00883958,1.06269,0.973426,0.007126,0.00109828,10018.6,234278,47081.7,67315.9,871.292,4613.7,901.055,482.698,18.5739,2274.04,484.661,155.053,37681.4,3682.54,6098.23,96.2279,82.0722,14.5553,35.0771,42.3868,27.3883,5.47139,0.139855
setup,0,2005-11-26 23:00:00,0,1.86495,16.6346,0.0176439,0,0.00225552,0.000571592,0.00158508,0.000523021,0.00095517,4.0068e-06,0,0,0,1.03697,5.38105,0.0174826,0.132617,0,0.00811373,1.02803,0.952295,0.00695438,0.00109589,10012.6,234273,47080.5,67313.3,873.131,4600.65,900.18,484.013,18.6843,2275.05,484.686,154.912,37681.6,3682.76,6098.52,96.4068,81.8765,14.5655,35.1998,42.5175,27.4055,5.47175,0.139448
setup,0,2005-11-27 23:00:00,0,1.8331,15.3865,0.017305,0,0.0022537,0.000557144,0.00157036,0.00051377,0.000943654,4.00338e-06,0,0,0,1.03632,5.3518,0.0175547,0.134519,0,0.00646061,1.03074,0.944049,0.00690177,0.00109583,10006.3,234269,47080.4,67311.6,874.946,4588,899.172,486.339,18.7047,2276.06,484.711,154.769,37681.9,3682.97,6098.77,96.4859,81.6887,14.5726,35.3933,42.6661,27.4227,5.4721,0.138963
setup,0,2005-11-28 23:00:00,0,1.75992,15.0275,0.0256536,0,0.00225199,0.000731198,0.0015462,0.00047734,0.000907993,4.00863e-06,0,0,0,1.04203,5.32018,0.017896,0.143255,0,0.00791071,0.982931,0.911435,0.00675112,0.00108821,10000.3,234265,47080.6,67310.1,876.773,4575.7,898.219,488.494,18.7058,2277.07,484.737,154.618,37682.2,3683.19,6099.02,96.6196,81.5151,14.5808,35.568,42.7691,27.4401,5.47246,0.138735
setup,0,2005-11-29 23:00:00,0,1.71776,13.9489,0.0169709,0,0.00224986,0.000467057,0.00148115,0.000364559,0.000757859,4.02002e-06,0,0,0,1.04184,5.29051,0.0177577,0.136093,0,0.00803402,0.941228,0.881171,0.00622382,0.00107623,9994.4,234262,47081.8,67308.6,878.355,4563.91,897.812,490.521,18.818,2278.08,484.763,154.474,37682.4,3683.4,6099.13,96.6973,81.3421,14.6013,35.7289,42.9003,27.4574,5.47283,0.138166
setup,0,2005-11-30 23:00:00,0,1.67112,14.3516,0.0165601,0,0.00224795,0.000188491,0.00148685,0.000350858,0.000736224,4.03868e-06,0,0,0,1.04168,5.2615,0.017762,0.133743,0,0.00843072,1.11651,1.02145,0.00636571,0.00106493,9988.63,234259,47082.5,67307.4,880.019,4552.47,897.247,491.56,18.7113,2279.1,484.79,154.332,37682.7,3683.6,6099.34,96.4089,81.1724,14.6183,35.8261,43.0017,27.4746,5.47321,0.137667
setup,0,2005-12-01 23:00:00,0,1.671,14.2035,0.0150429,0,0.00224604,0.000326669,0.00142841,0.000305281,0.000651038,4.04751e-06,0,0,0,1.04155,5.23336,0.0177336,0.130568,0,0.00291204,0.931103,0.875069,0.00615879,0.00106385,9981.75,234256,47083.3,67306.2,881.444,4541.4,897.023,491.933,18.7941,2280.11,484.817,154.194,37683,3683.81,6099.54,96.4306,81.0051,14.6426,35.8254,43.1309,27.4919,5.47359,0.137952
setup,0,2005-12-02 23:00:00,0,1.57164,13.5318,0.0155672,0,0.00224461,0.000223158,0.00140143,0.000247809,0.000589587,4.05004e-06,0,0,0,1.04145,5.19739,0.0183039,0.14771,0,0.00163758,0.890987,0.839708,0.00586346,0.00107187,9974.62,234254,47084.6,67305.1,882.676,4530.6,896.99,492.579,18.8721,2281.12,484.844,154.038,37683.3,3684.02,6099.68,96.4468,80.8594,14.6712,35.8386,43.2624,27.5097,5.47397,0.137843
setup,0,2005-12-03 23:00:00,0,1.45107,13.3125,0.0242568,0,0.00224316,0.000522408,0.00139308,0.000229855,0.000567818,4.05073e-06,0,0,0,1.04139,5.15996,0.0184576,0.147336,0,0.00154735,0.871571,0.827083,0.00577435,0.001079,9967.55,234251,47086.2,67304.3,883.83,4519.97,896.939,493.339,18.9037,2282.14,484.872,153.883,37683.6,3684.24,6099.83,96.4687,80.7163,14.6993,35.8638,43.3793,27.5276,5.47435,0.137766
setup,0,2005-12-04 23:00:00,0,1.32813,13.1651,0.0137906,0,0.00224149,0.00032636,0.00138545,0.000212143,0.000552203,4.05696e-06,0,0,0,1.04136,5.12297,0.0184767,0.146526,0,0.00199927,0.848967,0.804823,0.00568054,0.00108631,9960.76,234249,47087.8,67303.5,884.932,4509.45,896.846,494.177,18.9458,2283.15,484.9,153.728,37683.8,3684.46,6099.99,96.5143,80.5745,14.7264,35.9016,43.5092,27.5456,5.47474,0.1375
setup,0,2005-12-05 23:00:00,0,1.2106,12.7458,0.0155818,0,0.00223992,0.000231305,0.00136601,0.000174785,0.000513539,4.07871e-06,0,0,0,1.04136,5.08792,0.0184278,0.145539,0,0.00150869,0.837918,0.78583,0.00540057,0.00108681,9954.04,234247,47089.8,67302.7,885.958,4499.11,896.894,495.082,18.9963,2284.17,484.928,153.575,37684.1,3684.67,6100.09,96.5315,80.4349,14.7565,35.9536,43.6587,27.5635,5.47513,0.137144
setup,0,2005-12-06 23:00:00,0,1.08634,13.3962,0.0149277,0,0.00223857,0.000326294,0.00137469,0.00020358,0.000569402,4.11876e-06,0,0,0,1.0414,5.05346,0.0185131,0.144854,0,0.00189665,0.833697,0.786658,0.00565948,0.00108169,9947.51,234245,47091.1,67302.5,887.095,4488.81,896.45,495.854,18.9192,2285.18,484.956,153.422,37684.4,3684.88,6100.34,96.6189,80.2955,14.7753,36.0154,43.785,27.5814,5.47552,0.137072
setup,0,2005-12-07 23:00:00,0,0.987282,12.9536,0.0163326,0,0.00223712,0.00021227,0.00135117,0.000160102,0.000495696,4.15147e-06,0,0,0,1.04149,5.02025,0.0184772,0.143892,0,0.001031,0.807795,0.765694,0.00520814,0.00108391,9940.91,234243,47092.9,67301.6,888.103,4478.68,896.426,496.305,18.9926,2286.19,484.985,153.27,37684.7,3685.1,6100.46,96.697,80.1582,14.8036,36.0706,43.927,27.5992,5.47591,0.137189
setup,0,2005-12-08 23:00:00,0,0.862433,12.5117,0.0166035,0,0.00223557,0.000313145,0.00132371,0.000108761,0.000446582,4.18004e-06,0,0,0,1.04162,4.98653,0.0186427,0.143211,0,0.0001285,0.784907,0.743668,0.00494596,0.00107799,9934.08,234241,47095.1,67300.7,889.019,4468.78,896.622,496.743,19.0507,2287.21,485.013,153.118,37685,3685.3,6100.51,96.7653,80.0241,14.8368,36.1245,44.0624,27.6173,5.47631,0.13657
setup,0,2005-12-09 23:00:00,0,0.716942,12.4556,0.0238835,0,0.00223405,0.000547839,0.00130756,8.80942e-05,0.000413963,4.18996e-06,0,0,0,1.04179,4.95146,0.0188385,0.142411,0,9.81141e-05,0.778081,0.738131,0.00481813,0.00107337,9927.42,234239,47097.4,67299.5,889.867,4459.04,896.935,496.936,19.0859,2288.22,485.042,152.968,37685.2,3685.51,6100.53,96.8245,79.8922,14.8725,36.1603,44.2169,27.6355,5.4767,0.136954
setup,0,2005-12-10 23:00:00,0,0.587581,12.4301,0.0163161,0,0.00223249,0.000256762,0.00129889,7.69796e-05,0.000389368,4.18557e-06,0,0,0,1.04202,4.9174,0.018861,0.141598,0,0.00048122,0.759182,0.724891,0.00469601,0.00107651,9921.1,234238,47099.6,67298.1,890.647,4449.42,897.302,496.969,19.1529,2289.24,485.071,152.818,37685.5,3685.72,6100.54,96.908,79.7617,14.9093,36.1964,44.3436,27.6537,5.4771,0.136647
setup,0,2005-12-11 23:00:00,0,0.482298,12.2884,0.0144614,0,0.00223118,0.00034367,0.00129403,6.14104e-05,0.000370384,4.17776e-06,0,0,0,1.04229,4.88568,0.0188079,0.140784,0,0.000221835,0.761984,0.723094,0.00462621,0.00108048,9914.85,234236,47101.8,67296.7,891.367,4439.94,897.727,496.943,19.2192,2290.25,485.1,152.669,37685.8,3685.93,6100.53,96.9628,79.6328,14.9473,36.2227,44.5001,27.6719,5.4775,0.136729
setup,0,2005-12-12 23:00:00,0,0.384124,12.1537,0.0164404,0,0.00222987,0.000298463,0.00129422,5.8365e-05,0.000352925,4.1609e-06,0,0,0,1.04261,4.85461,0.018886,0.139987,0,4.77727e-15,0.736129,0.702296,0.00450829,0.00109232,9908.72,234234,47104.2,67295.4,892.02,4430.56,898.183,496.91,19.2982,2291.27,485.129,152.521,37686.1,3686.14,6100.51,97.0489,79.5051,14.986,36.2422,44.6293,27.6901,5.47791,0.13696
setup,0,2005-12-13 23:00:00,0,0.292212,12.0766,0.0174423,0,0.00222845,0.000330814,0.0013022,4.92047e-05,0.000338075,4.1443e-06,0,0,0,1.04298,4.82444,0.0189468,0.139194,0,4.77727e-15,0.74691,0.708929,0.00440272,0.00110769,9902.68,234233,47106.6,67294,892.612,4421.28,898.668,496.832,19.3834,2292.28,485.159,152.374,37686.3,3686.34,6100.48,97.098,79.3785,15.0251,36.2726,44.7801,27.7083,5.47831,0.136515
setup,0,2005-12-14 23:00:00,0,0.204083,11.8445,0.0242881,0,0.0022269,0.000569555,0.00130293,3.59151e-05,0.000325273,4.13194e-06,0,0,0,1.04341,4.795,0.0189753,0.138404,0,4.77727e-15,0.731095,0.692818,0.00434135,0.00111594,9896.77,234231,47109.3,67292.7,893.152,4412.11,899.177,496.857,19.4587,2293.3,485.188,152.227,37686.6,3686.54,6100.44,97.1539,79.2532,15.0648,36.2992,44.9234,27.7265,5.47871,0.136687
setup,0,2005-12-15 23:00:00,0,0.135389,11.6403,0.0177275,0,0.0022254,0.000212713,0.00129966,2.6646e-05,0.000314482,4.13535e-06,0,0,0,1.04389,4.7665,0.0190058,0.137618,0,4.77727e-15,0.715251,0.683934,0.00423717,0.0011171,9890.94,234230,47112,67291.5,893.655,4403.05,899.711,496.954,19.5179,2294.31,485.218,152.081,37686.9,3686.75,6100.39,97.218,79.1292,15.1048,36.3319,45.05,27.7447,5.47912,0.136268
setup,0,2005-12-16 23:00:00,0,0.134401,11.4458,0.0172083,0,0.00222413,0.000303553,0.00129574,1.79912e-05,0.000305015,4.15161e-06,0,0,0,1.04443,4.7386,0.0190383,0.136837,0,4.77727e-15,0.725065,0.68448,0.00419314,0.0011165,9885.22,234229,47115,67290.5,894.13,4394.11,900.26,497.101,19.5703,2295.33,485.247,151.936,37687.1,3686.95,6100.34,97.241,79.0065,15.1451,36.3626,45.2119,27.7629,5.47953,0.135888
setup,0,2005-12-17 23:00:00,0,0.133994,11.4809,0.0187215,0,0.00222286,0.000211544,0.00128901,1.54007e-05,0.00029656,4.17563e-06,0,0,0,1.04504,4.71141,0.019073,0.136062,0,4.77727e-15,0.712855,0.672683,0.00411452,0.00111406,9879.52,234228,47117.8,67289.3,894.579,4385.27,900.82,497.09,19.6141,2296.34,485.277,151.792,37687.4,3687.15,6100.28,97.2829,78.8851,15.1854,36.3851,45.3596,27.7811,5.47994,0.13602
setup,0,2005-12-18 23:00:00,0,0.133927,11.4153,0.0191039,0,0.00222142,0.000281519,0.00128902,1.4519e-05,0.00028923,4.20468e-06,0,0,0,1.04571,4.6843,0.0191099,0.135292,0,4.77727e-15,0.696387,0.667504,0.00403257,0.00111498,9873.8,234226,47120.7,67288.1,895.004,4376.52,901.39,497.023,19.6542,2297.35,485.307,151.649,37687.7,3687.35,6100.22,97.3457,78.7647,15.2259,36.4057,45.4903,27.7993,5.48035,0.135821
setup,0,2005-12-19 23:00:00,0,0.133732,11.2301,0.0190994,0,0.00221998,0.000311774,0.00128728,9.78652e-06,0.00028224,4.22319e-06,0,0,0,1.04644,4.65705,0.0191491,0.134527,0,4.77727e-15,0.701178,0.666333,0.00395531,0.0011164,9868.09,234225,47123.7,67287,895.404,4367.85,901.964,497.038,19.6981,2298.37,485.337,151.506,37687.9,3687.55,6100.15,97.3805,78.6451,15.2663,36.4353,45.6355,27.8175,5.48076,0.135897
setup,0,2005-12-20 23:00:00,0,0.134788,11.1629,0.0179338,0,0.00221859,0.000480701,0.00129055,1.45953e-05,0.000275951,4.23714e-06,0,0,0,1.04725,4.62996,0.0191906,0.133768,0,4.77727e-15,0.691093,0.658447,0.00394297,0.00112327,9862.41,234224,47126.6,67285.9,895.78,4359.25,902.54,497.044,19.7441,2299.38,485.367,151.364,37688.2,3687.75,6100.09,97.4254,78.5262,15.3066,36.466,45.7698,27.8357,5.48117,0.136491
setup,0,2005-12-21 23:00:00,0,0.134801,11.1485,0.0203343,0,0.0022174,0.000139401,0.00129454,7.05303e-06,0.000270152,4.24687e-06,0,0,0,1.04813,4.603,0.0192346,0.133013,0,4.77727e-15,0.696989,0.656569,0.00389796,0.00113101,9856.72,234223,47129.5,67284.6,896.131,4350.71,903.117,496.978,19.8007,2300.39,485.397,151.223,37688.5,3687.94,6100.01,97.4531,78.4079,15.3468,36.4882,45.9256,27.8539,5.48158,0.13571
setup,0,2005-12-22 23:00:00,0,0.133338,11.9427,0.0198627,0,0.00221611,0.000301736,0.00130147,1.3151e-05,0.000305031,4.26e-06,0,0,0,1.04907,4.57614,0.0192812,0.132263,0,4.77727e-15,0.721745,0.68031,0.00419586,0.00112906,9851.07,234221,47131.6,67284.2,896.553,4342.11,902.981,497.051,19.7191,2301.4,485.427,151.083,37688.7,3688.14,6100.14,97.5113,78.2884,15.3705,36.5209,46.0674,27.872,5.48199,0.13537
setup,0,2005-12-23 23:00:00,0,0.130245,11.877,0.0275353,0,0.00221471,0.000511312,0.00129136,4.71293e-06,0.000306702,4.27643e-06,0,0,0,1.0501,4.54949,0.0193303,0.131519,0,4.77727e-15,0.722607,0.681945,0.00415701,0.00111169,9845.51,234219,47133.6,67283.5,896.994,4333.53,902.9,497.003,19.6895,2302.41,485.457,150.943,37689,3688.33,6100.22,97.5624,78.169,15.3954,36.5484,46.2166,27.8902,5.4824,0.135208
setup,0,2005-12-24 23:00:00,0,0.128607,11.574,0.0194571,0,0.00221313,0.000218783,0.00127636,4.08859e-06,0.000294215,4.29388e-06,0,0,0,1.05121,4.52327,0.0193821,0.130779,0,4.77727e-15,0.701056,0.666488,0.00401263,0.00109446,9839.99,234218,47136,67282.5,897.413,4325.02,903.022,496.903,19.7013,2303.42,485.488,150.804,37689.2,3688.52,6100.24,97.6255,78.0504,15.4247,36.5765,46.3491,27.9083,5.48282,0.135033
setup,0,2005-12-25 23:00:00,0,0.127597,11.2937,0.0186928,0,0.00221171,0.000245354,0.00126351,2.02168e-06,0.000285277,4.29101e-06,0,0,0,1.0524,4.49713,0.0194367,0.130045,0,4.77727e-15,0.698116,0.666068,0.00392968,0.00108289,9834.5,234216,47138.5,67281.3,897.813,4316.58,903.236,496.889,19.716,2304.42,485.518,150.666,37689.5,3688.72,6100.22,97.6679,77.9326,15.4559,36.6137,46.4863,27.9265,5.48323,0.134825
setup,0,2005-12-26 23:00:00,0,0.127749,11.2219,0.017555,0,0.00221032,0.000590064,0.00125616,6.1102e-06,0.000284206,4.26024e-06,0,0,0,1.05368,4.47115,0.0194942,0.129315,0,4.77727e-15,0.694049,0.659,0.00391857,0.00107763,9829.05,234215,47141,67280.3,898.21,4308.18,903.382,496.978,19.7168,2305.43,485.548,150.529,37689.8,3688.91,6100.22,97.7128,77.8152,15.4854,36.6537,46.6188,27.9446,5.48364,0.135105
setup,0,2005-12-27 23:00:00,0,0.128659,11.0753,0.0174157,0,0.00220908,0.00014552,0.00125722,7.74228e-06,0.000277196,4.20957e-06,0,0,0,1.05504,4.44537,0.0195546,0.12859,0,4.77727e-15,0.696839,0.660298,0.0038864,0.00108132,9823.63,234214,47143.5,67279.2,898.585,4299.8,903.573,497.092,19.7587,2306.44,485.578,150.392,37690,3689.1,6100.2,97.7393,77.6978,15.5158,36.6947,46.7657,27.9627,5.48406,0.134898
setup,0,2005-12-28 23:00:00,0,0.12817,10.921,0.0252699,0,0.0022076,0.000672377,0.00125244,3.93659e-07,0.000270513,4.15524e-06,0,0,0,1.05649,4.41992,0.019618,0.12787,0,4.77727e-15,0.685338,0.652265,0.00382902,0.00107862,9818.23,234213,47146.2,67278.1,898.942,4291.48,903.819,497.233,19.789,2307.45,485.609,150.256,37690.3,3689.29,6100.17,97.773,77.5811,15.5474,36.742,46.897,27.9808,5.48447,0.134519
setup,0,2005-12-29 23:00:00,0,0.12756,12.1715,0.0166743,0,0.00220627,0.000376878,0.00126555,2.35692e-05,0.000326133,4.10219e-06,0,0,0,1.05803,4.39462,0.0196385,0.124156,0,4.77727e-15,0.744796,0.694438,0.00426693,0.00107877,9812.87,234210,47147.6,67278,899.449,4283.04,903.036,497.459,19.6493,2308.45,485.639,150.124,37690.5,3689.48,6100.39,97.8122,77.459,15.5552,36.8,47.0459,27.9989,5.48489,0.134528
setup,0,2005-12-30 23:00:00,0,0.127028,12.231,0.0220164,0,0.00220494,0.000473039,0.00126935,2.83919e-05,0.000334095,4.05191e-06,0,0,0,1.05966,4.36954,0.0196358,0.119186,0,4.77727e-15,0.734562,0.690498,0.00429392,0.00107678,9807.56,234207,47148.9,67277.4,899.984,4274.53,902.265,497.529,19.6162,2309.45,485.669,149.997,37690.7,3689.66,6100.57,97.882,77.3314,15.5631,36.8406,47.1853,28.017,5.4853,0.13502
setup,0,2005-12-31 23:00:00,0,0.126222,11.8211,0.0161452,0,0.00220349,0.000294502,0.00125057,1.47262e-05,0.000313531,4.00816e-06,0,0,0,1.06139,4.34473,0.019696,0.118203,0,4.77727e-15,0.667579,0.640517,0.00406449,0.00106528,9802.27,234205,47150.6,67276.2,900.415,4266.06,901.876,497.802,19.8629,2310.45,485.699,149.871,37691,3689.84,6100.65,98.0912,77.2041,15.5796,36.8865,47.3328,28.035,5.48571,0.134931
setup,0,2006-01-01 23:00:00,0,0.126469,11.8555,0.0280961,0,0.00439659,0.00027768,0.0012437,1.0853e-05,0.000298336,3.9605e-06,0,0,0,1.06321,4.3201,0.0197636,0.117512,0.0136258,4.77727e-15,0.659585,0.633655,0.00392975,0.00106447,9797.01,234203,47152.2,67274.6,900.779,4257.65,901.664,497.968,19.9308,2311.46,485.729,149.745,37691.2,3690.04,6100.69,98.3022,77.0774,15.6,36.9316,47.4729,28.0531,5.48613,0.134764
setup,0,2006-01-02 23:00:00,0,0.127996,11.8053,0.0115217,0,0.00220426,0.000625355,0.00124558,1.25902e-05,0.000286367,3.9082e-06,0,0,0,1.06513,4.29554,0.0198419,0.117224,0.0136257,4.77727e-15,0.658878,0.630606,0.00383983,0.00107264,9791.72,234201,47153.9,67272.9,901.102,4249.28,901.556,498.047,19.9948,2312.46,485.76,149.62,37691.5,3690.24,6100.71,98.5018,76.9515,15.6227,36.9723,47.6202,28.0712,5.48654,0.13478
setup,0,2006-01-03 23:00:00,0,0.128513,11.5486,0.0142041,0,0.00220285,0.000296291,0.00124894,5.46775e-06,0.000277586,3.85847e-06,0,0,0,1.06715,4.27102,0.0199264,0.117053,0.0136261,4.77727e-15,0.656449,0.625767,0.00378272,0.00108117,9786.44,234199,47155.7,67271.3,901.395,4240.97,901.528,498.246,20.039,2313.46,485.79,149.495,37691.8,3690.43,6100.71,98.6808,76.8268,15.647,37.0194,47.775,28.0892,5.48695,0.134922
setup,0,2006-01-04 23:00:00,0,0.128967,11.3584,0.0149554,0,0.00220147,0.000364399,0.00125216,3.08625e-06,0.000270497,3.82255e-06,0,0,0,1.06927,4.24655,0.0200137,0.116822,0.0136265,4.77727e-15,0.649323,0.622773,0.00370771,0.00108835,9781.15,234197,47157.7,67269.6,901.667,4232.7,901.557,498.511,20.072,2314.47,485.82,149.37,37692,3690.63,6100.69,98.8545,76.703,15.6724,37.0765,47.9209,28.1073,5.48737,0.134931
setup,0,2006-01-05 23:00:00,0,0.130319,11.2195,0.0166268,0,0.00219996,0.000363353,0.00126065,6.31671e-06,0.000264199,3.80867e-06,0,0,0,1.07149,4.22216,0.0201033,0.116507,0.0136261,4.77727e-15,0.651004,0.622409,0.0036343,0.0011022,9775.87,234195,47159.8,67268,901.918,4224.48,901.619,498.819,20.1109,2315.47,485.85,149.246,37692.3,3690.82,6100.67,99.0113,76.5801,15.6985,37.1436,48.0694,28.1254,5.48778,0.135014
setup,0,2006-01-06 23:00:00,0,0.129865,17.1484,0.0220599,0,0.00219892,0.000321741,0.00139053,0.00022909,0.000617356,3.82974e-06,0,0,0,1.07382,4.19785,0.0201969,0.116192,0.0136267,4.77727e-15,0.890172,0.768825,0.0060064,0.00112273,9770.6,234187,47156,67267.6,903.147,4215.6,897.823,498.236,19.5878,2316.45,485.88,149.122,37692.5,3691.01,6101.5,99.2923,76.4467,15.6361,37.2629,48.2212,28.1432,5.48819,0.135714
setup,0,2006-01-07 23:00:00,0,0.126887,22.3291,0.0173145,0,0.00219787,0.00039708,0.00163217,0.000737821,0.00128964,3.87276e-06,0,0,0,1.07625,4.17368,0.0202878,0.115605,0.013627,0.000227922,1.09026,0.870285,0.00701564,0.00112187,9765.61,234174,47146.9,67265.5,905.69,4205.65,891.31,495.74,19.138,2317.43,485.907,148.998,37692.7,3691.19,6102.75,99.7768,76.297,15.5117,37.3174,48.3987,28.1609,5.48857,0.135602
setup,0,2006-01-08 23:00:00,0,0.125134,19.2965,0.0178973,0,0.00219648,0.000311558,0.00150436,0.000405305,0.000895398,3.91138e-06,0,0,0,1.07879,4.15114,0.0202026,0.109829,0.0136259,0.0046251,0.966274,0.846795,0.00553377,0.00110169,9761.23,234164,47140.8,67261.9,907.383,4195.55,886.853,494.44,19.1391,2318.41,485.935,148.881,37693,3691.37,6103.47,100.219,76.14,15.4344,37.3723,48.5449,28.1786,5.48896,0.135333
setup,0,2006-01-09 23:00:00,0,0.16456,21.1728,0.0174002,0,0.00219504,0.000307511,0.00164606,0.000746491,0.00136347,3.96663e-06,0,0,0,1.08144,4.1325,0.0194253,0.0953226,0.0136285,0.00261555,1.12873,0.907182,0.00658786,0.00110295,9756.65,234152,47132.8,67258.2,910.453,4184.6,880.128,494.172,18.727,2319.38,485.962,148.778,37693.2,3691.54,6104.4,100.701,75.9556,15.3052,37.5542,48.6621,28.1958,5.48933,0.136064
setup,0,2006-01-10 23:00:00,0,0.168246,19.8332,0.0168805,0,0.00219362,0.000393888,0.00164246,0.000662601,0.00128822,3.97002e-06,0,0,0,1.08421,4.11233,0.0198369,0.100824,0.013629,0.00366359,1.1382,0.928999,0.00640572,0.00111764,9752.16,234141,47126.1,67254,913.787,4173.07,873.731,495.166,18.5358,2320.35,485.988,148.67,37693.4,3691.72,6105.1,101.14,75.7687,15.1834,37.7597,48.8162,28.2131,5.4897,0.136662
setup,0,2006-01-11 23:00:00,0,0.186695,22.4923,0.0170129,0,0.00219241,0.000419692,0.00182262,0.00106435,0.00197912,3.9609e-06,0,0,0,1.08709,4.09289,0.0197992,0.0982238,0.0137377,0.0130798,1.38938,0.974038,0.00756511,0.001128,9748.55,234128,47116.7,67249.5,919.504,4159.88,864.405,497.275,17.9819,2321.3,486.011,148.564,37693.6,3691.89,6106.09,101.664,75.5543,14.9949,38.0965,48.9543,28.2301,5.49004,0.137008
setup,0,2006-01-12 23:00:00,0,0.317262,23.3479,0.0252342,0,0.0118698,0.000671352,0.00176226,0.000835054,0.00174046,3.92551e-06,0,0,0,1.09008,4.07964,0.0186144,0.0762457,0.013691,0.0235257,1.37174,0.977639,0.00735054,0.00112913,9745.78,234114,47106.4,67243.6,925.817,4145.85,855.95,497.712,17.7717,2322.26,486.034,148.481,37693.8,3692.05,6106.99,102.373,75.3053,14.8262,38.2745,49.0609,28.2466,5.49036,0.137712
setup,0,2006-01-13 23:00:00,0,0.529768,21.4745,0.0148169,0,0.00220359,0.000544029,0.00177318,0.00081639,0.00170979,3.90271e-06,0,0,0,1.09318,4.0721,0.0178744,0.0695259,0.0136435,0.0406917,1.39187,1.0152,0.0075296,0.0011322,9743.08,234101,47098,67238.6,932.416,4131.35,848.166,499.585,17.5978,2323.22,486.055,148.405,37693.9,3692.2,6107.78,102.969,75.0428,14.6726,38.5387,49.1755,28.2625,5.49068,0.137517
setup,0,2006-01-14 23:00:00,0,0.738049,20.0732,0.016295,0,0.0022,0.000358195,0.00174738,0.000719406,0.00148389,3.8723e-06,0,0,0,1.09639,4.06496,0.0177796,0.0693537,0.013651,0.040523,1.29239,1.03146,0.0072575,0.00113165,9740.03,234090,47091,67233.5,938.417,4117.19,842.293,500.545,17.5832,2324.18,486.077,148.343,37694.1,3692.34,6108.37,103.544,74.7861,14.5622,38.7123,49.2862,28.2784,5.491,0.137253
setup,0,2006-01-15 23:00:00,0,0.879122,17.6619,0.0163748,0,0.00219646,0.000399307,0.00169439,0.000608168,0.00123241,3.85293e-06,0,0,0,1.09972,4.05534,0.0179699,0.0692523,0.0136328,0.0300408,1.18502,1.02083,0.00687863,0.00112874,9736.63,234082,47086.5,67228.6,942.953,4103.78,838.171,502.115,17.7141,2325.15,486.1,148.282,37694.2,3692.49,6108.7,103.957,74.541,14.4915,38.9007,49.4045,28.2945,5.49133,0.13721
setup,0,2006-01-16 23:00:00,0,0.946503,17.3798,0.015093,0,0.00219336,0.000406335,0.00171056,0.000695185,0.00138041,3.85568e-06,0,0,0,1.10315,4.04321,0.0180858,0.0691482,0.0136836,0.0309858,1.2379,1.03289,0.00734291,0.00110578,9733.03,234073,47082.1,67224.9,948.42,4090.64,833.435,503.763,17.5824,2326.12,486.124,148.212,37694.4,3692.66,6109.17,104.329,74.3,14.4063,39.1115,49.5046,28.3106,5.49167,0.136478
setup,0,2006-01-17 23:00:00,0,1.02532,16.6854,0.016415,0,0.00218959,0.000506006,0.00165537,0.000610988,0.00117249,3.84334e-06,0,0,0,1.1084,4.02957,0.0183808,0.0811863,0.0136376,0.0196309,1.17012,1.02069,0.00701608,0.00109645,9728.93,234066,47078.4,67220.6,952.744,4077.98,829.974,504.808,17.6651,2327.09,486.147,148.124,37694.6,3692.82,6109.5,104.634,74.0796,14.3499,39.2315,49.6625,28.3264,5.49201,0.136832
setup,0,2006-01-18 23:00:00,0,1.05466,16.0742,0.0155775,0,0.0021867,0.000541217,0.00162226,0.000540952,0.00104834,3.85144e-06,0,0,0,1.11217,4.0122,0.0196292,0.0909381,0.0136365,0.0112657,1.08462,0.981324,0.00687314,0.00110732,9724.13,234058,47075.2,67216.4,956.348,4065.75,827.115,505.863,17.768,2328.06,486.172,148.026,37694.8,3693,6109.78,104.966,73.8761,14.3069,39.3476,49.7742,28.3429,5.49236,0.136937
setup,0,2006-01-19 23:00:00,0,1.02226,16.6586,0.0149907,0,0.00218454,0.000605476,0.00161191,0.000522866,0.00102864,3.85405e-06,0,0,0,1.11605,3.99027,0.0208749,0.106845,0.0136336,0.0155466,1.09049,0.977622,0.00693128,0.0011142,9719.65,234051,47071.4,67212.5,959.73,4053.81,824.304,506.165,17.8185,2329.04,486.197,147.912,37695,3693.17,6110.17,105.293,73.6941,14.2648,39.4187,49.9134,28.3599,5.49271,0.136726
setup,0,2006-01-20 23:00:00,0,1.03418,16.0247,0.0160619,0,0.00218204,0.000473446,0.00157479,0.000443753,0.000895011,3.86512e-06,0,0,0,1.12004,3.97059,0.0203734,0.0988013,0.0136272,0.0123093,1.02447,0.943943,0.00658534,0.0011219,9714.87,234043,47068.5,67208.7,962.446,4042.33,822.191,506.212,17.9553,2330.02,486.222,147.806,37695.2,3693.35,6110.48,105.607,73.5108,14.2386,39.4515,50.0608,28.3766,5.49307,0.136669
setup,0,2006-01-21 23:00:00,0,1.00549,14.6383,0.0159838,0,0.00217975,0.000539629,0.00153198,0.000356956,0.000775215,3.90251e-06,0,0,0,1.12414,3.94888,0.0210532,0.105927,0.0136259,0.00973601,0.974092,0.911163,0.00621072,0.00112491,9709.92,234038,47066.7,67205.3,964.658,4031.35,820.537,506.895,18.089,2331,486.248,147.693,37695.4,3693.53,6110.7,105.841,73.3433,14.2227,39.54,50.1994,28.3935,5.49344,0.136225
setup,0,2006-01-22 23:00:00,0,0.961183,13.715,0.0228715,0,0.0156593,0.000981618,0.00149819,0.000293287,0.000681377,3.96862e-06,0,0,0,1.12835,3.92608,0.0215591,0.109602,0.0136256,0.00320643,0.921122,0.878999,0.00594323,0.001128,9704.54,234033,47065.8,67202.4,966.529,4020.83,819.234,507.819,18.1912,2331.98,486.274,147.575,37695.7,3693.72,6110.88,106.051,73.1869,14.2147,39.6395,50.3198,28.4106,5.49381,0.136297
setup,0,2006-01-23 23:00:00,0,0.873465,12.1651,0.0155635,0,0.00219904,0.000431166,0.00147074,0.000243689,0.000611727,4.05387e-06,0,0,0,1.13267,3.90027,0.022297,0.113543,0.0136256,0.000370072,0.882982,0.844796,0.00572428,0.00113705,9698.9,234029,47066.4,67200,968.17,4010.65,818.173,509.794,18.266,2332.96,486.301,147.454,37695.9,3693.91,6110.94,106.184,73.0402,14.2122,39.8142,50.432,28.428,5.49419,0.136075
setup,0,2006-01-24 23:00:00,0,0.769428,12.4638,0.016118,0,0.00219767,0.00040962,0.00146477,0.000213925,0.00056302,4.15288e-06,0,0,0,1.1371,3.87293,0.0227658,0.113523,0.0136256,0.000121541,0.879898,0.840808,0.00554879,0.00115765,9693.33,234025,47066.6,67197.5,969.662,4000.7,817.28,511.092,18.3342,2333.94,486.328,147.332,37696.1,3694.1,6111.04,106.311,72.8975,14.2134,39.94,50.5844,28.4458,5.49457,0.136423
setup,0,2006-01-25 23:00:00,0,0.666936,11.2412,0.0166804,0,0.00219634,0.000396333,0.0014642,0.000183925,0.000523954,4.26665e-06,0,0,0,1.14162,3.84614,0.0229892,0.112906,0.0136256,1.65341e-14,0.855033,0.818118,0.00541635,0.00118252,9687.85,234023,47068.1,67195.5,971.039,3990.94,816.51,513.312,18.3959,2334.92,486.356,147.211,37696.4,3694.29,6111.03,106.38,72.7575,14.2174,40.1332,50.7127,28.4635,5.49495,0.136464
setup,0,2006-01-26 23:00:00,0,0.559833,10.9984,0.0183632,0,0.00219503,0.00030235,0.00145456,0.000143817,0.000493067,4.3935e-06,0,0,0,1.14624,3.82024,0.0231833,0.112291,0.0136257,0.000556472,0.844875,0.803724,0.00528382,0.00118977,9682.67,234020,47069.9,67193.6,972.362,3981.38,815.85,515.434,18.4369,2335.91,486.383,147.091,37696.6,3694.47,6111.01,106.433,72.6203,14.2238,40.308,50.8578,28.4813,5.49533,0.1358
setup,0,2006-01-27 23:00:00,0,0.473251,10.6969,0.0190108,0,0.00219362,0.000272547,0.00143522,0.000114398,0.000462952,4.54869e-06,0,0,0,1.15096,3.79624,0.0232601,0.111668,0.0136256,0.00117525,0.844339,0.800157,0.00510242,0.00117876,9677.79,234018,47071.9,67191.8,973.639,3972.05,815.294,517.454,18.4651,2336.89,486.411,146.972,37696.9,3694.65,6110.97,106.444,72.4867,14.2326,40.4801,51.0317,28.499,5.49572,0.135363
setup,0,2006-01-28 23:00:00,0,0.41498,10.2543,0.0196346,0,0.00219208,0.000223294,0.00140936,9.62814e-05,0.000435956,4.72592e-06,0,0,0,1.15577,3.77413,0.0233196,0.111048,0.0136256,0.000842279,0.792276,0.766399,0.00493343,0.0011631,9672.94,234016,47074.1,67190.3,974.871,3962.97,814.837,519.534,18.4712,2337.87,486.439,146.853,37697.1,3694.84,6110.94,106.505,72.3566,14.2435,40.6477,51.155,28.5166,5.49611,0.135179
setup,0,2006-01-29 23:00:00,0,0.356245,10.8853,0.0199604,0,0.00219054,0.000208311,0.00138607,7.5363e-05,0.000411752,4.88358e-06,0,0,0,1.16068,3.75217,0.0235744,0.110449,0.0136256,0.000715529,0.77746,0.7488,0.00477146,0.00115036,9668.14,234014,47075.6,67188.6,976.048,3954.1,814.468,520.634,18.4838,2338.86,486.468,146.734,37697.3,3695.02,6110.97,106.616,72.2295,14.2564,40.7491,51.2819,28.5343,5.49651,0.134768
setup,0,2006-01-30 23:00:00,0,0.302399,10.7204,0.0192766,0,0.00218899,0.000204876,0.00137024,6.4908e-05,0.000391805,5.00969e-06,0,0,0,1.16567,3.73052,0.0237907,0.109851,0.0136256,0.000139793,0.769754,0.742108,0.00467667,0.00114215,9663.26,234012,47077.2,67187,977.161,3945.42,814.171,521.619,18.4987,2339.84,486.497,146.617,37697.6,3695.2,6111,106.71,72.1051,14.2708,40.8551,51.4108,28.5519,5.49691,0.134907
setup,0,2006-01-31 23:00:00,0,0.238823,10.5347,0.0176361,0,0.00218752,0.000342792,0.00137954,6.1604e-05,0.000373608,5.09563e-06,0,0,0,1.17075,3.70837,0.0241001,0.109265,0.0136258,-2.91379e-15,0.883322,0.833697,0.00463496,0.00114599,9658.44,234009,47079,67185.5,978.236,3936.87,813.929,522.463,18.4444,2340.82,486.526,146.499,37697.8,3695.38,6111.01,106.532,71.9827,14.2864,40.9478,51.5415,28.5697,5.49731,0.135057
setup,0,2006-02-01 23:00:00,0,0.17972,10.3112,0.0188337,0,0.00218627,1.45234e-05,0.0013631,4.64013e-05,0.000359573,5.13747e-06,0,0,0,1.1759,3.68671,0.0243174,0.108674,0.0136257,-2.91379e-15,0.773702,0.750375,0.00458722,0.00114613,9653.68,234007,47081,67184.1,979.269,3928.44,813.737,523.297,18.4392,2341.81,486.555,146.383,37698,3695.56,6111.02,106.546,71.862,14.303,41.0146,51.676,28.5875,5.49771,0.134798
setup,0,2006-02-02 23:00:00,0,0.125474,10.1622,0.018358,0,0.0021848,0.000148506,0.0013531,3.87124e-05,0.000348696,5.16795e-06,0,0,0,1.18112,3.66552,0.0245168,0.108085,0.0136256,-2.91379e-15,0.758045,0.731049,0.00448625,0.00114292,9648.99,234006,47083.1,67182.7,980.26,3920.13,813.59,524.101,18.4353,2342.79,486.584,146.267,37698.3,3695.74,6111.01,106.567,71.743,14.3205,41.0753,51.8118,28.6053,5.49811,0.134671
setup,0,2006-02-03 23:00:00,0,0.12272,10.3577,0.0183244,0,0.00218325,0.000198716,0.00134888,3.40417e-05,0.000337466,5.19218e-06,0,0,0,1.18641,3.64482,0.0247186,0.1075,0.0136256,-2.91379e-15,0.75125,0.719306,0.00436383,0.00114592,9644.37,234003,47084.9,67181.3,981.206,3911.92,813.473,524.567,18.446,2343.77,486.613,146.151,37698.5,3695.92,6111.04,106.604,71.6253,14.3386,41.112,51.9537,28.6231,5.49852,0.134554
setup,0,2006-02-04 23:00:00,0,0.121521,10.6555,0.016777,0,0.00218175,0.000327656,0.00134063,1.76492e-05,0.000328092,5.21923e-06,0,0,0,1.19175,3.62463,0.0249228,0.106919,0.0136256,-2.91379e-15,0.741444,0.71408,0.00429369,0.00114162,9639.76,234001,47086.5,67179.9,982.104,3903.82,813.388,524.589,18.4643,2344.75,486.642,146.036,37698.7,3696.09,6111.09,106.669,71.5092,14.3574,41.1225,52.0921,28.6409,5.49892,0.134241
setup,0,2006-02-05 23:00:00,0,0.122082,10.5101,0.018254,0,0.00218034,0.000136787,0.00133656,2.18448e-05,0.000319385,5.25752e-06,0,0,0,1.19714,3.60457,0.025129,0.106341,0.0136256,-2.91379e-15,0.732918,0.708211,0.00418974,0.00114233,9635.19,233999,47088.2,67178.5,982.954,3895.82,813.328,524.645,18.4771,2345.74,486.672,145.922,37699,3696.27,6111.13,106.729,71.3945,14.3766,41.1383,52.2282,28.6587,5.49933,0.134652
setup,0,2006-02-06 23:00:00,0,0.123428,10.2621,0.0173057,0,0.00217876,0.000243427,0.00134161,2.23098e-05,0.000310759,5.2909e-06,0,0,0,1.20592,3.58464,0.0251427,0.101448,0.0136258,-2.91379e-15,0.725279,0.699732,0.00412716,0.001155,9630.57,233997,47090,67177.2,983.755,3887.88,813.285,524.872,18.5032,2346.72,486.701,145.813,37699.2,3696.45,6111.16,106.78,71.2761,14.3961,41.1665,52.3627,28.6764,5.49974,0.13481
setup,0,2006-02-07 23:00:00,0,0.124246,10.2006,0.0188297,0,0.00217718,0.000211907,0.00135099,1.77213e-05,0.000303726,5.32699e-06,0,0,0,1.21161,3.56462,0.0252523,0.0998826,0.0136256,-2.91379e-15,0.727909,0.701276,0.00404973,0.00117096,9625.92,233994,47091.9,67176,984.516,3880.02,813.263,525.087,18.5227,2347.7,486.731,145.706,37699.4,3696.62,6111.19,106.812,71.1575,14.4159,41.197,52.5123,28.6942,5.50014,0.134608
setup,0,2006-02-08 23:00:00,0,0.124532,10.1129,0.0242805,0,0.0311199,0.000959524,0.00135916,1.43127e-05,0.000307587,5.35108e-06,0,0,0,1.21735,3.54449,0.0255433,0.100179,0.0136256,-2.91379e-15,0.72766,0.695428,0.00409803,0.0011814,9621.28,233992,47093.7,67174.9,985.284,3872.18,813.102,525.509,18.524,2348.68,486.761,145.598,37699.6,3696.79,6111.25,106.842,71.0402,14.4325,41.2404,52.6156,28.712,5.50055,0.134822
setup,0,2006-02-09 23:00:00,0,0.123792,9.97797,0.0178104,0,0.00222324,0.000152064,0.00135917,2.39686e-06,0.000298824,5.39214e-06,0,0,0,1.22312,3.52446,0.0257674,0.0997595,0.0136256,-2.91379e-15,0.712849,0.689602,0.00398128,0.0011834,9616.66,233990,47095.7,67173.8,986.01,3864.42,813.013,525.909,18.5473,2349.66,486.79,145.491,37699.8,3696.96,6111.29,106.883,70.924,14.4506,41.2822,52.7452,28.7297,5.50096,0.134168
setup,0,2006-02-10 23:00:00,0,0.12299,10.9826,0.0166375,0,0.00222154,0.000436037,0.00137539,3.19004e-05,0.000357851,5.46818e-06,0,0,0,1.22892,3.50459,0.0259772,0.0991887,0.0136259,-2.91379e-15,0.777888,0.734145,0.00449867,0.00118194,9612.07,233987,47096.5,67173.5,986.957,3856.6,812.185,526.164,18.4409,2350.63,486.82,145.384,37700,3697.13,6111.55,106.903,70.8068,14.4517,41.3115,52.8758,28.7474,5.50137,0.134734
setup,0,2006-02-11 23:00:00,0,0.121774,10.7029,0.0199872,0,0.00222008,1.46472e-05,0.00136923,2.17493e-05,0.00034687,5.53732e-06,0,0,0,1.23474,3.48485,0.026198,0.0987124,0.0136269,-2.91379e-15,0.773893,0.72675,0.00435086,0.0011758,9607.52,233985,47097.6,67172.6,987.852,3848.79,811.554,526.398,18.424,2351.61,486.849,145.278,37700.2,3697.29,6111.72,106.903,70.6898,14.4571,41.3399,53.0432,28.7651,5.50177,0.134134
setup,0,2006-02-12 23:00:00,0,0.121824,10.997,0.0193502,0,0.00221848,0.000198951,0.00137702,4.18394e-05,0.000370175,5.60782e-06,0,0,0,1.24057,3.46526,0.026408,0.0981327,0.0136285,-2.91379e-15,0.768377,0.734171,0.00444892,0.00117469,9602.98,233982,47098.4,67171.9,988.822,3840.96,810.678,526.623,18.368,2352.58,486.879,145.173,37700.4,3697.46,6111.94,106.947,70.5722,14.4569,41.368,53.1684,28.7828,5.50218,0.134281
setup,0,2006-02-13 23:00:00,0,0.122077,10.9514,0.0191549,0,0.00221682,0.000234358,0.00138034,4.02795e-05,0.000365754,5.6428e-06,0,0,0,1.24641,3.44573,0.0266592,0.0979033,0.0136294,-2.91379e-15,0.756198,0.723138,0.00437518,0.0011808,9598.46,233978,47099.2,67171,989.772,3833.12,809.859,526.814,18.351,2353.56,486.908,145.067,37700.7,3697.63,6112.13,107.01,70.4548,14.4578,41.389,53.2897,28.8005,5.50259,0.134559
setup,0,2006-02-14 23:00:00,0,0.121685,11.5744,0.0194356,0,0.00221524,0.000261807,0.00139711,6.35953e-05,0.000413027,5.65621e-06,0,0,0,1.25223,3.42633,0.0268756,0.097367,0.0136272,-2.91379e-15,0.790212,0.740301,0.00463555,0.00118417,9593.96,233975,47099.3,67170.2,990.871,3825.19,808.588,526.917,18.283,2354.53,486.937,144.962,37700.9,3697.8,6112.43,107.074,70.336,14.4483,41.4075,53.444,28.8181,5.50299,0.134256
setup,0,2006-02-15 23:00:00,0,0.12147,10.9457,0.0192292,0,0.00221359,0.000282162,0.00138574,3.98813e-05,0.000372719,5.64959e-06,0,0,0,1.25804,3.40711,0.0270793,0.0967317,0.0136307,-2.91379e-15,0.737835,0.710649,0.0043187,0.00118202,9589.5,233972,47100.1,67169,991.842,3817.3,807.734,527.137,18.3146,2355.5,486.967,144.858,37701.1,3697.97,6112.6,107.18,70.2176,14.4482,41.4447,53.5746,28.8358,5.50339,0.134199
setup,0,2006-02-16 23:00:00,0,0.120381,11.1514,0.0192504,0,0.002212,0.000280522,0.00138203,3.58172e-05,0.000381425,5.64534e-06,0,0,0,1.26383,3.38811,0.0272612,0.0959385,0.0136297,-2.91379e-15,0.756178,0.719611,0.00436195,0.00117689,9585.09,233968,47100.6,67167.9,992.845,3809.42,806.742,527.315,18.2935,2356.47,486.996,144.755,37701.3,3698.13,6112.8,107.269,70.099,14.4449,41.4954,53.7329,28.8535,5.5038,0.133895
setup,0,2006-02-17 23:00:00,0,0.120268,10.6373,0.0264451,0,0.0352596,0.000915706,0.00137008,2.55389e-05,0.000354563,5.637e-06,0,0,0,1.26958,3.36936,0.027432,0.0950845,0.0136276,-2.91379e-15,0.733637,0.701001,0.00419574,0.00117239,9580.68,233965,47101.6,67166.6,993.772,3801.61,806.02,527.641,18.3022,2357.45,487.025,144.653,37701.5,3698.3,6112.92,107.352,69.981,14.4477,41.5523,53.8429,28.8711,5.5042,0.134213
setup,0,2006-02-18 23:00:00,0,0.120868,10.3438,0.017386,0,0.00226514,0.000427046,0.00136818,2.00773e-05,0.000336208,5.62755e-06,0,0,0,1.27528,3.35056,0.0277255,0.0951631,0.0136258,-2.91379e-15,0.722036,0.693465,0.00408309,0.00117668,9576.25,233963,47102.8,67165.1,994.642,3793.85,805.445,528.051,18.3196,2358.42,487.055,144.55,37701.7,3698.46,6113.01,107.428,69.8647,14.4537,41.6238,53.9758,28.8888,5.50461,0.134313
setup,0,2006-02-19 23:00:00,0,0.122028,10.6207,0.0164397,0,0.00226333,0.000468298,0.00138541,3.29987e-05,0.000353185,5.60404e-06,0,0,0,1.28093,3.33165,0.0280496,0.0954371,0.0136335,-2.91379e-15,0.736927,0.705711,0.00426673,0.00119462,9571.82,233960,47103.6,67164,995.566,3786.09,804.571,528.546,18.2949,2359.39,487.084,144.448,37701.9,3698.63,6113.18,107.506,69.7488,14.4527,41.7037,54.1088,28.9064,5.50502,0.134765
setup,0,2006-02-20 23:00:00,0,0.122991,16.8262,0.0190667,0,0.00226215,0.000162403,0.00160402,0.000449434,0.000930866,5.58293e-06,0,0,0,1.28651,3.31291,0.0282507,0.0948172,0.013639,-2.91379e-15,0.983982,0.836013,0.0068065,0.0012295,9567.38,233951,47098.1,67163.6,998.041,3777.58,800.112,526.862,17.9072,2360.34,487.112,144.345,37702.1,3698.78,6114.18,107.761,69.6206,14.3694,41.738,54.2618,28.9238,5.50541,0.135069
setup,0,2006-02-21 23:00:00,0,0.120541,17.1831,0.0194914,0,0.00226064,0.000326833,0.00164688,0.000470819,0.00101659,5.56785e-06,0,0,0,1.292,3.29426,0.0284856,0.094448,0.0136375,-2.91379e-15,0.984125,0.858227,0.00611333,0.00122448,9563.23,233941,47092.3,67161.7,1000.72,3768.62,795.639,524.938,17.8073,2361.29,487.14,144.244,37702.3,3698.94,6115.05,108.11,69.4855,14.2858,41.7239,54.3924,28.9412,5.50579,0.134179
setup,0,2006-02-22 23:00:00,0,0.117466,20.0888,0.0197153,0,0.00225961,0.000332377,0.00160868,0.000790159,0.00231561,5.57622e-06,0,0,0,1.29742,3.27714,0.0280372,0.0895307,0.0136381,0.00692184,1.28969,0.797177,0.00643825,0.00117922,9559.65,233928,47083.5,67156.8,1005.79,3759.22,786.001,524.827,17.5427,2362.19,487.166,144.147,37702.5,3699.09,6115.92,108.46,69.3368,14.0832,41.9102,54.5359,28.9579,5.50617,0.137303
setup,0,2006-02-23 23:00:00,0,0.167355,29.3444,0.0196623,0,0.00225829,0.000332947,0.00138912,0.000802484,0.00306361,5.5632e-06,0,0,0,1.30273,3.26354,0.0257709,0.0777303,0.013628,0.0117439,1.68756,0.757423,0.00715338,0.00115821,9556.31,233907,47065.5,67148.8,1013.53,3748.89,769.763,522.263,16.9811,2363.08,487.192,144.065,37702.7,3699.23,6117.5,109.189,69.1599,13.7285,42.0186,54.6557,28.9741,5.50653,0.144631
setup,0,2006-02-24 23:00:00,0,0.236325,34.4296,0.0185097,0,0.00225685,0.000393826,0.00224277,0.00257168,0.0056321,5.51268e-06,0,0,0,1.30795,3.25139,0.0249643,0.0732172,0.0136902,0.0296189,2.27645,1.16615,0.0156038,0.00117221,9553.64,233880,47041.8,67144.2,1029.69,3731.09,756.882,512.288,15.8633,2363.98,487.207,143.987,37702.8,3699.31,6120.12,110.378,68.8629,13.4522,41.8089,54.7342,28.99,5.50677,0.145635
setup,0,2006-02-25 23:00:00,0,0.404539,34.6609,0.0177474,0,0.00225343,0.000421685,0.00207443,0.00251747,0.00532646,5.38574e-06,0,0,0,1.31305,3.24366,0.0219716,0.0592148,0.0137344,0.0658505,2.12589,1.19869,0.0133762,0.0011964,9551.85,233852,47016.8,67127.5,1046.54,3710.93,745.991,501.47,15.3915,2364.87,487.218,143.926,37702.9,3699.21,6121.3,112.063,68.5138,13.2196,41.1137,54.7902,29.0049,5.50697,0.152853
setup,0,2006-02-26 23:00:00,0,0.663028,41.2604,0.0166064,0,0.00224837,0.000446716,0.00191869,0.00331447,0.0099687,5.25654e-06,0,0,0,1.31802,3.24125,0.0200433,0.058541,0.0138127,0.0855897,2.51369,1.3812,0.0188664,0.00124265,9549.84,233819,46986.3,67110.7,1065.71,3686.83,735.898,486.135,14.4682,2365.76,487.222,143.866,37702.9,3698.98,6123.23,113.912,68.1024,13.0021,40.301,54.8838,29.0179,5.50709,0.169718
setup,0,2006-02-27 23:00:00,0,0.84827,41.9306,0.0151533,0,0.00224259,0.000507984,0.00136786,0.00310556,0.0126247,5.0241e-06,0,0,0,1.32284,3.2372,0.0199209,0.0584083,0.0138753,0.0797848,2.42157,1.36189,0.0230439,0.00128884,9547.4,233784,46958.4,67087,1084.01,3662.05,727.938,468.777,13.7992,2366.65,487.224,143.825,37702.9,3698.8,6124.39,115.83,67.6795,12.827,39.3139,55.0085,29.0307,5.50719,0.196502
setup,0,2006-02-28 23:00:00,0,0.950395,48.0894,0.0154446,0,0.00223758,0.000438139,0.00291412,0.00742829,0.0168659,4.81968e-06,0,0,0,1.32751,3.22981,0.0199032,0.0583439,0.0142037,0.0673049,2.87115,1.60685,0.0280566,0.0013412,9545.08,233744,46924.7,67067.9,1107.57,3633.54,720.912,443.403,12.9475,2367.54,487.219,143.778,37703,3698.29,6126.88,117.831,67.1974,12.6747,38.0054,54.9934,29.0433,5.50721,0.193464
setup,0,2006-03-01 23:00:00,0,1.04123,42.4666,0.015553,0,0.00223268,0.00046179,0.00148675,0.00461977,0.0207722,4.62381e-06,0,0,0,1.33202,3.22297,0.0198877,0.0582609,0.0141506,0.0687836,2.52808,1.42847,0.0334189,0.00136521,9542.61,233709,46897.2,67041.7,1130.5,3604.73,716.075,421.032,12.5751,2368.42,487.212,143.718,37703.1,3698.06,6127.77,120.088,66.7091,12.5644,36.6894,55.0822,29.0559,5.5072,0.220968
setup,0,2006-03-02 23:00:00,0,1.13482,41.6288,0.0154905,0,0.00222739,0.000461191,0.00222811,0.00654981,0.0161559,4.40836e-06,0,0,0,1.33635,3.21477,0.0201989,0.0589879,0.0136525,0.0667816,2.48577,1.45724,0.0269573,0.00138764,9539.91,233674,46869.2,67016.1,1149.66,3575.92,711.011,403.352,12.606,2369.31,487.203,143.66,37703.1,3697.93,6128.62,122.174,66.2209,12.4517,35.5703,55.1786,29.0685,5.50718,0.218622
setup,0,2006-03-03 23:00:00,0,1.19738,42.7378,0.0163012,0,0.00222249,0.000402091,0.00249355,0.00684873,0.0140566,4.21407e-06,0,0,0,1.34049,3.20476,0.0219322,0.0679976,0.01369,0.0666339,2.42185,1.47122,0.0269612,0.00141217,9537.1,233639,46841.2,66988.5,1164.64,3547.65,706.095,387.664,12.9847,2370.2,487.195,143.589,37703.2,3697.86,6129.36,124.158,65.7516,12.3446,34.5225,55.2897,29.0811,5.50715,0.214346
setup,0,2006-03-04 23:00:00,0,1.23593,39.2605,0.0161653,0,0.0022181,0.000388446,0.00241372,0.00647577,0.0132969,4.03776e-06,0,0,0,1.34443,3.19384,0.0223428,0.0691348,0.0136965,0.0663523,2.32572,1.49393,0.0286967,0.0014219,9534.18,233607,46816.1,66964,1176.07,3520.63,701.667,376.872,13.3864,2371.08,487.187,143.517,37703.3,3697.84,6130.04,125.752,65.3034,12.2499,33.7982,55.4112,29.0938,5.50714,0.212256
setup,0,2006-03-05 23:00:00,0,1.26407,36.4678,0.0159179,0,0.00221397,0.000391325,0.00268141,0.00689452,0.0116604,3.8594e-06,0,0,0,1.34817,3.18196,0.023187,0.0720715,0.0136589,0.0662832,2.22035,1.50103,0.0282958,0.00142912,9531.18,233578,46793.7,66941.7,1185.25,3494.84,697.269,369.768,13.7721,2371.97,487.181,143.442,37703.4,3697.86,6130.65,127.155,64.8782,12.1582,33.272,55.5024,29.1067,5.50715,0.20458
setup,0,2006-03-06 23:00:00,0,1.2836,34.6841,0.0156152,0,0.00221013,0.000411848,0.00281314,0.00677542,0.0101879,3.70469e-06,0,0,0,1.35169,3.16926,0.023832,0.0745572,0.0136562,0.0659967,2.19904,1.53154,0.0279182,0.00143581,9528.12,233551,46773.3,66920.7,1192.83,3470.29,692.967,364.514,14.1627,2372.86,487.177,143.363,37703.5,3697.91,6131.19,128.303,64.4759,12.0704,32.8976,55.6593,29.1196,5.50717,0.197536
setup,0,2006-03-07 23:00:00,0,1.30165,33.1904,0.0152672,0,0.00220642,0.000467931,0.00299216,0.00671763,0.00892485,3.56545e-06,0,0,0,1.35497,3.15584,0.0244825,0.0767132,0.0136269,0.0664207,2.15887,1.55528,0.0274863,0.00144451,9525.01,233525,46754.2,66902.9,1199.16,3446.8,688.641,360.975,14.457,2373.75,487.174,143.282,37703.6,3697.98,6131.96,129.31,64.093,11.9837,32.6648,55.8021,29.1325,5.50722,0.189635
setup,0,2006-03-08 23:00:00,0,1.30251,30.1784,0.0150905,0,0.00220284,0.000503996,0.00346848,0.00714199,0.0086236,3.44354e-06,0,0,0,1.35802,3.14188,0.024971,0.0783503,0.0136315,0.0658616,2.20209,1.66079,0.0272477,0.00144662,9521.89,233502,46737.4,66888.4,1205.84,3422.84,685.108,360.152,14.3181,2374.64,487.171,143.199,37703.7,3697.99,6132.77,130.112,63.7057,11.9171,32.6379,55.9273,29.1456,5.50725,0.178149
setup,0,2006-03-09 23:00:00,0,1.31315,29.6286,0.0151756,0,0.0021991,0.000535263,0.00352486,0.00655544,0.00756092,3.3362e-06,0,0,0,1.36082,3.12777,0.025323,0.0787251,0.0136322,0.0639534,2.13469,1.66555,0.0257152,0.00145061,9518.7,233479,46721.5,66871.6,1212.33,3399.41,681.906,358.857,14.3512,2375.54,487.167,143.116,37703.8,3698,6133.25,130.981,63.3275,11.8592,32.5574,56.0202,29.1589,5.50729,0.170873
setup,0,2006-03-10 23:00:00,0,1.30619,28.7071,0.0147477,0,0.00219534,0.000587934,0.00346158,0.00591505,0.00662208,3.25423e-06,0,0,0,1.36336,3.11289,0.0259019,0.0810047,0.013628,0.054347,2.07316,1.66019,0.0244369,0.00145286,9515.46,233458,46706.9,66855.6,1218.31,3376.92,679.052,357.144,14.5979,2376.44,487.166,143.03,37703.9,3698.04,6133.71,131.799,62.9673,11.8099,32.4511,56.1522,29.1722,5.50734,0.165824
setup,0,2006-03-11 23:00:00,0,1.29246,26.9706,0.0145285,0,0.00219193,0.000616719,0.00339389,0.00536536,0.00579818,3.20422e-06,0,0,0,1.36564,3.09762,0.026379,0.0821568,0.0136275,0.0527103,1.98018,1.63313,0.0231244,0.00145403,9512.17,233438,46693.7,66840.4,1223.41,3355.39,676.462,356.466,14.9071,2377.35,487.165,142.942,37704,3698.12,6134.07,132.544,62.6238,11.767,32.387,56.2772,29.1856,5.50741,0.161567
setup,0,2006-03-12 23:00:00,0,1.28779,25.5179,0.0143967,0,0.00218828,0.000628323,0.00331396,0.00486136,0.00518121,3.19872e-06,0,0,0,1.36763,3.08177,0.0269357,0.0838606,0.0136267,0.049693,1.91817,1.6051,0.0220986,0.00146466,9508.74,233420,46682,66826.3,1227.97,3334.66,673.998,356.612,15.2277,2378.25,487.166,142.853,37704.2,3698.21,6134.4,133.209,62.2953,11.7274,32.3895,56.393,29.1991,5.50749,0.158303
setup,0,2006-03-13 23:00:00,0,1.26516,25.0743,0.0144612,0,0.00218447,0.000621366,0.00325913,0.00451482,0.00486303,3.23638e-06,0,0,0,1.36934,3.06492,0.0278925,0.086802,0.0136383,0.0488045,1.94523,1.62292,0.0214989,0.00146994,9505.32,233402,46670.6,66813.3,1232.5,3314.55,671.445,356.688,15.4782,2379.16,487.167,142.759,37704.3,3698.31,6134.8,133.761,61.9805,11.6859,32.4323,56.5664,29.2128,5.50758,0.155623
setup,0,2006-03-14 23:00:00,0,1.24053,25.1536,0.0145956,0,0.00218057,0.000604694,0.00285495,0.00414494,0.00518981,3.31666e-06,0,0,0,1.37076,3.04806,0.0281102,0.0867551,0.0136421,0.0480011,1.93919,1.55813,0.0218645,0.00146886,9501.93,233384,46658.8,66800.1,1237.21,3295.15,668.298,356.597,15.6372,2380.04,487.17,142.666,37704.4,3698.4,6135.18,134.347,61.6766,11.6303,32.4723,56.7139,29.2263,5.50768,0.157358
setup,0,2006-03-15 23:00:00,0,1.20404,25.1445,0.0144716,0,0.00217617,0.00058502,0.00250946,0.00386168,0.00549364,3.40394e-06,0,0,0,1.37187,3.03123,0.0281351,0.0865563,0.0136444,0.0458397,1.89766,1.55438,0.0235328,0.00146228,9498.54,233365,46646.7,66789.1,1242.29,3276.08,665.268,355.812,15.5596,2380.92,487.173,142.573,37704.6,3698.52,6135.86,135.047,61.3782,11.5765,32.4769,56.7871,29.2397,5.50779,0.161637
setup,0,2006-03-16 23:00:00,0,1.17877,25.106,0.0147392,0,0.00217129,0.000528963,0.00295245,0.00446076,0.00519106,3.49454e-06,0,0,0,1.37268,3.01434,0.0283591,0.0866531,0.0136288,0.0454911,1.89991,1.55001,0.0221341,0.00146568,9495.16,233347,46634.7,66776.7,1247.02,3257.22,662.259,354.965,15.6952,2381.8,487.176,142.48,37704.7,3698.6,6136.34,135.733,61.0837,11.5236,32.4354,56.9015,29.2531,5.50791,0.159724
setup,0,2006-03-17 23:00:00,0,1.15307,24.5118,0.0150476,0,0.00216613,0.000494107,0.00285548,0.00419225,0.00496761,3.56427e-06,0,0,0,1.37318,2.99726,0.0286008,0.0871507,0.0136347,0.0442057,1.8966,1.56655,0.0219278,0.00147657,9491.75,233330,46623.1,66764.8,1251.3,3238.77,659.356,354.54,15.7937,2382.67,487.18,142.387,37704.9,3698.69,6136.82,136.332,60.7966,11.4734,32.4668,57.021,29.2665,5.50802,0.15994
setup,0,2006-03-18 23:00:00,0,1.11978,23.6481,0.0152962,0,0.00216068,0.000461834,0.00292566,0.0041176,0.00457902,3.57221e-06,0,0,0,1.53225,2.97996,0.0355451,0.0877045,0.0136361,0.0426761,1.86454,1.55627,0.0212049,0.00148158,9488.3,233313,46612.2,66753.2,1255.07,3221.04,656.588,354.574,15.9484,2383.55,487.185,142.292,37705,3698.79,6137.24,136.856,60.5259,11.4266,32.5081,57.18,29.28,5.50815,0.158824
setup,0,2006-03-19 23:00:00,0,1.07438,23.2724,0.0154799,0,0.00215524,0.000433805,0.00271135,0.00383945,0.00466421,3.55587e-06,0,0,0,1.57837,2.96233,0.0378801,0.0884363,0.013695,0.0413221,1.83648,1.54672,0.0220106,0.00147719,9484.85,233297,46601.6,66742.7,1258.83,3203.76,653.885,354.514,15.9789,2384.43,487.19,142.197,37705.1,3698.89,6137.76,137.394,60.2648,11.3814,32.5895,57.2736,29.2936,5.50829,0.159342
setup,0,2006-03-20 23:00:00,0,1.01864,22.9496,0.0156552,0,0.00290795,0.000400995,0.00280286,0.0039229,0.00458628,3.5059e-06,0,0,0,1.63554,2.94455,0.040417,0.087984,0.0136637,0.0399472,1.7897,1.52836,0.0218103,0.00145992,9481.42,233281,46591.3,66732.4,1262.52,3186.95,651.341,354.076,16.0368,2385.3,487.197,142.102,37705.3,3698.99,6138.23,137.976,60.0125,11.34,32.6111,57.3616,29.3074,5.50843,0.1588
setup,0,2006-03-21 23:00:00,0,0.948893,23.0363,0.0156036,0,0.00348768,0.000403597,0.00260834,0.00377103,0.00489319,3.45299e-06,0,0,0,1.70592,2.92696,0.0433316,0.0875212,0.0136436,0.037458,1.79511,1.53985,0.0229059,0.00142374,9478.02,233264,46581.1,66723.1,1266.51,3170.61,648.996,352.595,15.9393,2386.19,487.203,142.008,37705.4,3699.08,6138.79,138.544,59.7695,11.3032,32.5935,57.4751,29.3211,5.50858,0.159922
setup,0,2006-03-22 23:00:00,0,0.905699,24.5714,0.0148605,0,0.00252049,0.000422414,0.00248275,0.00443456,0.00724332,3.3839e-06,0,0,0,1.79189,2.90944,0.0471956,0.0870839,0.0136822,0.0385997,2.00787,1.66216,0.028635,0.0014222,9474.71,233247,46568.4,66715.3,1271.42,3153.39,646.367,350.617,15.4932,2387.07,487.208,141.914,37705.6,3699.11,6139.66,139.063,59.5144,11.259,32.6078,57.643,29.3351,5.50871,0.165651
setup,0,2006-03-23 23:00:00,0,0.871698,23.5381,0.0143671,0,0.00213788,0.000430434,0.00330863,0.00552709,0.0063694,3.30189e-06,0,0,0,1.89601,2.89201,0.0515387,0.0866283,0.0136311,0.0386928,1.97897,1.66982,0.0251763,0.0014359,9471.43,233230,46555.7,66705,1275.92,3135.98,643.803,350.029,15.3856,2387.95,487.212,141.821,37705.7,3699.12,6140.13,139.599,59.2589,11.2173,32.6266,57.8082,29.3489,5.50883,0.162159
setup,0,2006-03-24 23:00:00,0,0.835817,22.3585,0.0143073,0,0.00342047,0.000436546,0.00326636,0.00503456,0.00543815,3.21381e-06,0,0,0,2.02098,2.87481,0.0567496,0.0861754,0.013635,0.0368752,1.8563,1.60046,0.0239011,0.00144843,9468.13,233214,46544.1,66694.5,1279.56,3119.12,641.33,350.759,15.3601,2388.82,487.217,141.728,37705.8,3699.16,6140.48,140.186,59.0146,11.1783,32.7081,57.8437,29.3628,5.50895,0.159157
setup,0,2006-03-25 23:00:00,0,0.789418,22.5815,0.0139692,0,0.00319754,0.000468277,0.00274527,0.00446772,0.00610467,3.13399e-06,0,0,0,2.16959,2.85745,0.063082,0.0857355,0.0136653,0.034503,1.99182,1.67492,0.0263541,0.001461,9464.77,233198,46532.2,66685.7,1283.51,3102.37,638.771,351.337,15.1281,2389.7,487.221,141.636,37706,3699.21,6141.09,140.579,58.7756,11.1371,32.8646,57.997,29.3766,5.50907,0.161192
setup,0,2006-03-26 23:00:00,0,0.736604,24.523,0.0135198,0,0.00238068,0.000458091,0.00273475,0.00526842,0.008567,3.04092e-06,0,0,0,2.34461,2.83989,0.0705836,0.0853033,0.0137142,0.0342855,2.08822,1.75021,0.0319846,0.00148062,9461.46,233181,46518.2,66677.1,1288.4,3084.91,636.155,350.363,14.7375,2390.57,487.223,141.544,37706.1,3699.22,6141.94,141.168,58.5293,11.0937,32.9379,58.0785,29.3906,5.50917,0.166872
setup,0,2006-03-27 23:00:00,0,0.683489,25.5298,0.0134363,0,0.00212267,0.000434142,0.00293401,0.00642841,0.0111106,2.95831e-06,0,0,0,2.54865,2.82251,0.07916,0.0848636,0.0137939,0.034132,2.16262,1.79641,0.0365218,0.00149786,9458.21,233162,46502.3,66667.2,1294.04,3066.64,633.707,348.618,14.3184,2391.45,487.223,141.453,37706.2,3699.15,6142.82,141.906,58.2751,11.0534,32.9163,58.118,29.4046,5.50924,0.171706
setup,0,2006-03-28 23:00:00,0,0.637128,25.5759,0.0140536,0,0.00419828,0.000387334,0.00371448,0.00764035,0.00968151,2.87852e-06,0,0,0,2.78408,2.80546,0.0888919,0.0844155,0.013634,0.0331125,2.24912,1.85452,0.0320693,0.00151868,9454.97,233143,46486.4,66654.4,1299.42,3048.25,631.172,347.464,14.1394,2392.32,487.221,141.362,37706.4,3699.06,6143.35,142.539,58.0242,11.0125,32.9028,58.2692,29.4185,5.5093,0.168783
setup,0,2006-03-29 23:00:00,0,0.582625,26.1072,0.0140191,0,0.00460134,0.000363311,0.00317614,0.00688945,0.0109101,2.80267e-06,0,0,0,3.0528,2.78842,0.100226,0.0839857,0.0136426,0.0318649,2.25962,1.86745,0.0366576,0.00154527,9451.75,233123,46470.3,66642.6,1305.07,3029.85,628.806,345.63,13.8875,2393.19,487.219,141.272,37706.5,3698.98,6144.05,143.258,57.7794,10.9749,32.8371,58.3835,29.4324,5.50934,0.172314
setup,0,2006-03-30 23:00:00,0,0.525176,26.4383,0.0139262,0,0.00438821,0.000317826,0.00331104,0.00751205,0.0118933,2.72077e-06,0,0,0,3.3561,2.77166,0.11301,0.0835592,0.0137187,0.0303267,2.26615,1.89128,0.0383914,0.0015541,9448.55,233104,46454,66630.2,1311.06,3011.56,626.601,343.053,13.6654,2394.06,487.215,141.182,37706.6,3698.89,6144.74,144.045,57.5436,10.941,32.7198,58.4938,29.4464,5.50938,0.17525
setup,0,2006-03-31 23:00:00,0,0.47143,29.6789,0.0135602,0,0.00390276,0.000245594,0.00267937,0.00848183,0.0274075,2.66773e-06,0,0,0,3.69445,2.75501,0.127315,0.0831396,0.0142057,0.0297543,2.86874,2.29418,0.0727586,0.00161074,9445.4,233080,46432.6,66622.3,1320.36,2991.46,624.748,334.112,12.8082,2394.94,487.206,141.092,37706.7,3698.43,6146.29,144.288,57.2867,10.9127,32.1713,58.5542,29.4605,5.50935,0.196249
setup,0,2006-04-01 23:00:00,0,0.413885,40.3554,0.0131831,0,0.0034709,0.000218938,0.00489993,0.0134062,0.0397839,2.56877e-06,0,0,0,4.06731,2.7386,0.142943,0.0827142,0.0146373,0.0238708,3.23398,2.70302,0.103109,0.00179249,9442.14,233047,46384.1,66621.5,1352.35,2968.65,622.997,295.662,11.5565,2395.81,487.186,141.003,37706.8,3694.66,6149.28,147.014,56.9905,10.8894,29.953,58.5824,29.4747,5.5092,0.198216
setup,0,2006-04-02 23:00:00,0,0.353162,37.2037,0.0110347,0,0.00211922,0.000280744,0.00307688,0.013959,0.0595494,2.48723e-06,0,0,0,4.4729,2.72218,0.160418,0.0823259,0.0136897,0.0286165,2.68723,2.13155,0.101442,0.00179701,9439.11,233016,46367.5,66599.7,1376.58,2945.87,622.398,265.181,11.5584,2396.69,487.164,140.914,37706.8,3694.61,6149.42,149.878,56.7034,10.8858,27.5053,58.7278,29.4892,5.50901,0.226075
setup,0,2006-04-03 23:00:00,0,0.311991,33.7931,0.0104956,0,0.00211613,0.000272473,0.0023296,0.0130877,0.0743497,2.4079e-06,0,0,0,4.90806,2.70635,0.17824,0.0818768,0.0138127,0.0274046,2.67376,2.16048,0.125875,0.00177331,9436.1,232989,46347.5,66581.4,1391.8,2923.7,622.73,244.886,11.7413,2397.56,487.14,140.826,37706.9,3694.07,6149.66,151.639,56.4365,10.8986,25.9358,58.9632,29.5035,5.50882,0.25109
setup,0,2006-04-04 23:00:00,0,0.267024,32.2713,0.0104789,0,0.00211345,0.000240476,0.00240494,0.0152093,0.0868438,2.32659e-06,0,0,0,5.36808,2.69081,0.197607,0.0814667,0.013778,0.0269114,2.52664,2.09624,0.142236,0.00181726,9433.12,232963,46327.8,66564,1402.37,2902,623.267,230.237,11.8966,2398.43,487.116,140.739,37706.9,3693.55,6149.91,153.173,56.1879,10.9147,24.7863,58.9822,29.5178,5.50862,0.266465
setup,0,2006-04-05 23:00:00,0,0.221057,31.012,0.0107102,0,0.00211111,0.000193062,0.00267475,0.0176467,0.0850515,2.24587e-06,0,0,0,5.84659,2.67545,0.217653,0.0810525,0.0141247,0.0261073,2.58516,2.14684,0.138998,0.00186142,9430.17,232939,46310.4,66547.3,1409.91,2881.02,623.592,219.629,12.1927,2399.31,487.091,140.652,37706.9,3693.2,6150.11,154.239,55.9624,10.9285,23.9808,59.1116,29.5321,5.50841,0.270515
setup,0,2006-04-06 23:00:00,0,0.178853,30.3151,0.0112968,0,0.00210906,0.000124857,0.0034172,0.0212509,0.0689244,2.15973e-06,0,0,0,6.3355,2.66034,0.238227,0.0806474,0.0138584,0.0262776,2.65721,2.22409,0.122094,0.00188797,9427.29,232915,46295.8,66530.1,1415.26,2860.87,622.956,213.05,12.4483,2400.18,487.066,140.565,37707,3693.16,6150.25,154.994,55.7621,10.9262,23.4957,59.294,29.5466,5.50821,0.26101
setup,0,2006-04-07 23:00:00,0,0.151981,30.5337,0.0114274,0,0.00210745,7.41413e-05,0.00375335,0.0215718,0.0598302,2.07178e-06,0,0,0,6.82508,2.64548,0.258703,0.0802361,0.0136416,0.026709,2.6638,2.23177,0.117562,0.00195052,9424.44,232891,46280.7,66512.2,1419.65,2841.13,621.75,208.264,12.6218,2401.05,487.04,140.478,37707.1,3693.13,6150.36,155.764,55.5801,10.914,23.0858,59.4307,29.561,5.50799,0.253303
setup,0,2006-04-08 23:00:00,0,0.152365,31.4315,0.0107388,0,0.00210629,8.07015e-05,0.00390781,0.0213678,0.054582,1.99091e-06,0,0,0,7.30396,2.63084,0.278695,0.0798247,0.0136583,0.0266393,2.73852,2.30145,0.11719,0.00202097,9421.61,232866,46265.7,66494.2,1423.34,2822.04,620.293,203.335,12.8931,2401.92,487.014,140.392,37707.1,3693.11,6150.46,156.434,55.4198,10.8981,22.7008,59.6556,29.5753,5.50777,0.248797
setup,0,2006-04-09 23:00:00,0,0.202954,31.6409,0.0100713,0,0.00210547,0.000100416,0.00417598,0.0220885,0.0507798,1.91491e-06,0,0,0,7.75943,2.61637,0.297825,0.0794235,0.0136427,0.0152878,2.6694,2.27625,0.1178,0.00209121,9418.77,232841,46250.7,66476,1426.29,2803.53,618.561,199.194,13.177,2402.79,486.988,140.307,37707.2,3693.11,6150.57,157.247,55.2797,10.8775,22.3548,59.7433,29.5896,5.50754,0.243299
setup,0,2006-04-10 23:00:00,0,0.199273,31.7769,0.00970136,0,0.00210571,0.000129776,0.00410436,0.0211207,0.0478758,1.85912e-06,0,0,0,8.17765,2.60183,0.315368,0.0790225,0.0136611,0.0113438,2.75338,2.32502,0.118086,0.00215847,9415.89,232815,46236.1,66458.2,1428.56,2785.87,616.799,195.009,13.5745,2403.66,486.961,140.222,37707.3,3693.13,6150.69,157.826,55.1631,10.8573,22.0233,60.027,29.604,5.50731,0.24076
setup,0,2006-04-11 23:00:00,0,0.196198,31.0911,0.00942196,0,0.00236328,0.000140503,0.00384956,0.0198491,0.0478435,1.81471e-06,0,0,0,8.54406,2.5873,0.331481,0.0787736,0.0136416,0.0115165,2.67607,2.29565,0.123452,0.00221566,9413.04,232791,46221.8,66441.1,1430.25,2768.99,615.029,191.674,13.891,2404.53,486.935,140.138,37707.4,3693.16,6150.85,158.455,55.0685,10.8373,21.749,60.2036,29.6184,5.50709,0.240885
setup,0,2006-04-12 23:00:00,0,0.19347,30.9303,0.00890356,0,0.0025287,0.000159191,0.00343691,0.0185478,0.0526772,1.78195e-06,0,0,0,8.84385,2.57276,0.344031,0.0783644,0.013634,0.0108862,2.6656,2.29897,0.137159,0.00230904,9410.14,232766,46207,66424.5,1431.5,2752.5,613.435,188.606,14.0888,2405.39,486.909,140.053,37707.5,3693.17,6151.11,159.071,54.9869,10.8202,21.5,60.3515,29.6328,5.50687,0.247596
setup,0,2006-04-13 23:00:00,0,0.191208,30.7809,0.00819893,0,0.00210867,0.000154097,0.00294238,0.0173083,0.0627026,1.75312e-06,0,0,0,9.06247,2.55824,0.35353,0.0780085,0.0136475,0.0105244,2.72302,2.34466,0.158846,0.00243224,9407.23,232742,46191.7,66408.7,1432.33,2736.25,612.226,185.407,14.2356,2406.26,486.882,139.969,37707.5,3693.09,6151.43,159.55,54.9138,10.8102,21.2886,60.536,29.6473,5.50664,0.259982
setup,0,2006-04-14 23:00:00,0,0.191134,30.9128,0.00850386,0,0.00210931,0.000114314,0.00482888,0.0273016,0.0672079,1.72243e-06,0,0,0,9.18619,2.54374,0.358966,0.0776363,0.0136497,0.0105934,2.87384,2.62926,0.174506,0.00251527,9404.34,232718,46171.2,66399,1433,2720,610.294,183.688,14.2896,2407.12,486.854,139.886,37707.6,3692.44,6152.56,159.916,54.8427,10.789,21.256,60.7314,29.6619,5.50639,0.247561
setup,0,2006-04-15 23:00:00,0,0.186102,29.3737,0.00873231,0,0.00276606,6.17326e-05,0.00335759,0.0207102,0.0728289,1.69621e-06,0,0,0,9.20277,2.52928,0.359783,0.0772459,0.0136689,0.00999351,2.70091,2.37449,0.177476,0.00252402,9401.46,232695,46156.6,66382.4,1433.92,2704.76,609.086,180.879,14.3244,2408,486.828,139.802,37707.7,3692.31,6152.67,160.364,54.7877,10.7822,21.0136,60.9452,29.6766,5.50617,0.259694
setup,0,2006-04-16 23:00:00,0,0.187581,28.9645,0.00825467,0,0.00244358,3.90405e-05,0.00400236,0.0247313,0.0661055,1.66246e-06,0,0,0,9.102,2.51487,0.35595,0.0768846,0.0136443,0.0103462,2.62845,2.34086,0.163681,0.00252429,9398.63,232672,46142,66366.1,1434.42,2689.74,607.47,179.279,14.2918,2408.86,486.802,139.719,37707.8,3692.21,6152.81,160.893,54.7331,10.7678,20.8413,61.0427,29.6913,5.50595,0.255077
setup,0,2006-04-17 23:00:00,0,0.187394,29.0202,0.00798958,0,0.00283079,2.30254e-05,0.00348996,0.02157,0.0699851,1.63391e-06,0,0,0,8.87634,2.50051,0.346595,0.0764942,0.013698,0.0100805,2.74733,2.41125,0.178646,0.00259704,9395.78,232650,46127.2,66350,1434.9,2674.39,605.938,177.555,14.2424,2409.73,486.775,139.637,37707.8,3692.08,6153,161.233,54.6661,10.7547,20.7118,61.2509,29.706,5.50572,0.261301
setup,0,2006-04-18 23:00:00,0,0.182798,28.1277,0.00724403,0,0.00210975,1.82926e-05,0.00315515,0.0205717,0.0780993,1.59856e-06,0,0,0,8.5213,2.48623,0.332069,0.0761302,0.0137489,0.00946678,2.62359,2.3739,0.195844,0.00267582,9392.91,232628,46112.3,66335,1435.21,2659.09,604.766,175.682,14.2647,2410.6,486.748,139.555,37707.9,3691.9,6153.24,161.7,54.5901,10.749,20.5539,61.3299,29.7207,5.50549,0.26951
setup,0,2006-04-19 23:00:00,0,0.184933,28.0569,0.0068828,0,0.00210833,1.18191e-05,0.00330732,0.0223963,0.0826321,1.56146e-06,0,0,0,8.03597,2.47202,0.312224,0.0757766,0.0138385,0.0098613,2.76626,2.45023,0.204038,0.00273897,9390.1,232607,46097,66319.9,1435.31,2643.48,603.473,174.19,14.1252,2411.46,486.722,139.473,37708,3691.66,6153.46,161.867,54.4962,10.7409,20.4545,61.625,29.7355,5.50527,0.273479
setup,0,2006-04-20 23:00:00,0,0.183007,28.1951,0.00655509,0,0.00210671,1.17636e-05,0.00310911,0.0220294,0.0929842,1.52207e-06,0,0,0,7.42322,2.45789,0.286716,0.075389,0.0137846,0.00939384,2.69035,2.43158,0.225528,0.0028367,9387.27,232585,46081.1,66304.9,1435.34,2627.21,602.3,172.317,14.0501,2412.33,486.694,139.392,37708,3691.34,6153.7,162.243,54.3747,10.7349,20.3257,61.7228,29.7502,5.50503,0.281699
setup,0,2006-04-21 23:00:00,0,0.180674,28.2861,0.0066937,0,0.00210501,1.17121e-05,0.0052239,0.0342169,0.086044,1.47744e-06,0,0,0,6.68981,2.44384,0.256505,0.0750396,0.0136773,0.00912865,2.79656,2.64024,0.226763,0.00288038,9384.44,232563,46061.3,66293.2,1435.29,2610.37,600.147,171.967,13.9844,2413.19,486.666,139.311,37708.1,3690.53,6154.35,162.522,54.2244,10.7127,20.3652,61.8435,29.765,5.50478,0.265401
setup,0,2006-04-22 23:00:00,0,0.177242,28.2921,0.00696928,0,0.00481061,1.17481e-05,0.00465709,0.0303378,0.0798928,1.44256e-06,0,0,0,5.8464,2.42988,0.221613,0.0746782,0.0136824,0.00870135,2.79036,2.51644,0.207402,0.0028653,9381.62,232541,46048.5,66276.5,1435.76,2593.03,597.928,170.757,13.9446,2414.06,486.638,139.23,37708.1,3690.55,6154.37,162.849,54.0442,10.6895,20.2711,62.0351,29.7799,5.50454,0.261762
setup,0,2006-04-23 23:00:00,0,0.178818,28.4668,0.00673061,0,0.00643723,1.18277e-05,0.00536871,0.0322545,0.0807802,1.40064e-06,0,0,0,4.90727,2.41601,0.182817,0.0743307,0.0138206,0.00893612,2.84602,2.69106,0.227819,0.00289686,9378.83,232520,46027.4,66264,1436.43,2574.85,595.427,169.587,13.8623,2414.93,486.61,139.149,37708.2,3689.61,6154.93,163.187,53.8257,10.6614,20.2445,62.1703,29.7948,5.50429,0.255353
setup,0,2006-04-24 23:00:00,0,0.169783,28.3034,0.00624417,0,0.00595609,1.19361e-05,0.00546632,0.0311501,0.0831804,1.37144e-06,0,0,0,3.88996,2.40223,0.140495,0.073955,0.0138525,0.00761694,2.77892,2.64221,0.242334,0.00297202,9375.99,232498,46005.8,66251,1437.44,2555.92,592.89,167.945,13.8423,2415.79,486.581,139.069,37708.3,3688.46,6155.36,163.707,53.5687,10.6333,20.1091,62.2172,29.8098,5.50404,0.251194
setup,0,2006-04-25 23:00:00,0,0.170576,27.982,0.00533543,0,0.00251027,1.19085e-05,0.00469692,0.0294039,0.0875892,1.34874e-06,0,0,0,2.81474,2.38854,0.0963586,0.0736435,0.0137316,0.00808948,2.80206,2.53697,0.236598,0.00299994,9373.21,232476,45993.9,66235.4,1438.55,2536.39,590.625,165.586,13.7472,2416.66,486.553,138.99,37708.3,3688.53,6155.42,164.094,53.2747,10.6095,19.8927,62.4343,29.8249,5.5038,0.259371
setup,0,2006-04-26 23:00:00,0,0.169726,28.8256,0.00593858,0,0.00212045,8.30444e-05,0.0055298,0.0229454,0.0657583,1.33006e-06,0,0,0,1.70393,2.37494,0.0500595,0.0732648,0.014501,0.00784193,3.44232,3.3531,0.241719,0.00292824,9370.43,232454,45945.2,66222.5,1439.76,2515.58,587.695,163.567,13.5828,2417.53,486.523,138.91,37708.4,3683.75,6154.73,163.447,52.9311,10.5737,19.9087,63.5937,29.84,5.50354,0.244428
setup,0,2006-04-27 23:00:00,0,0.164883,28.6467,0.00532318,0,0.00212283,0.000521636,0.00510879,0.0228578,0.0686511,1.30843e-06,0,0,0,1.14428,2.36143,0.0269734,0.0729188,0.01379,0.00713374,3.07655,2.93532,0.304162,0.00312453,9367.62,232432,45918.6,66207,1441.21,2494.36,584.713,161.362,13.4807,2418.39,486.493,138.831,37708.4,3681.85,6154.41,163.684,52.5663,10.5368,19.8062,63.9777,29.855,5.50326,0.24106
setup,0,2006-04-28 23:00:00,0,0.166489,28.8014,0.00491192,0,0.00212567,0.000898161,0.00531743,0.0242208,0.0775775,1.2892e-06,0,0,0,1.14779,2.34801,0.0274721,0.0725883,0.0140765,0.0074784,2.96612,2.83987,0.340179,0.0034076,9364.86,232409,45893.6,66191.1,1442.73,2473.21,581.661,159.06,13.3599,2419.26,486.462,138.752,37708.4,3680.13,6154.12,164.21,52.2029,10.4978,19.5462,64.2312,29.8702,5.50299,0.239329
setup,0,2006-04-29 23:00:00,0,0.164879,29.2028,0.00394335,0,0.00212827,0.00132976,0.00516929,0.0291285,0.101123,1.27061e-06,0,0,0,1.15127,2.33469,0.0275759,0.072223,0.0138066,0.0070696,2.70889,2.542,0.380765,0.00388517,9362.08,232386,45881.7,66175.5,1444.15,2452.1,578.886,156.017,13.192,2420.12,486.43,138.674,37708.4,3680.26,6154.28,165.284,51.8397,10.4628,19.1923,63.9607,29.8853,5.5027,0.251672
setup,0,2006-04-30 23:00:00,0,0.166717,30.7068,0.00418396,0,0.00213171,0.00173227,0.00492748,0.0316038,0.122505,1.25033e-06,0,0,0,1.15471,2.32145,0.0279741,0.0718883,0.0137055,0.00732925,2.80383,2.63668,0.409075,0.00417686,9359.32,232362,45865.2,66159,1444.68,2431.09,576.562,151.478,13.2944,2420.98,486.397,138.596,37708.4,3679.99,6154.5,166.215,51.478,10.4349,18.6609,63.9121,29.9005,5.5024,0.266202
setup,0,2006-05-01 23:00:00,0,0.166947,29.4701,0.0049329,0,0.00213608,0.00227961,0.00537927,0.0370222,0.130409,1.23101e-06,0,0,0,1.1581,2.3083,0.0280979,0.0715292,0.0140017,0.00725072,2.80782,2.67839,0.412766,0.00437182,9356.58,232339,45851.9,66143.3,1444.19,2410.21,574.254,149.152,13.2361,2421.84,486.364,138.518,37708.3,3679.96,6154.68,166.957,51.1183,10.4068,18.3818,63.8691,29.9156,5.5021,0.270619
setup,0,2006-05-02 23:00:00,0,0.166632,28.3503,0.00630788,0,0.00214208,0.00294415,0.00450849,0.0325249,0.149381,1.20808e-06,0,0,0,1.16144,2.29524,0.0283586,0.0711858,0.0139543,0.00713948,2.99737,2.8336,0.44992,0.00457074,9353.84,232317,45836,66127.4,1443.67,2389.41,572.336,147.168,13.0817,2422.69,486.33,138.441,37708.3,3679.48,6154.68,167.245,50.7597,10.3851,18.1583,64.0547,29.9307,5.50179,0.285936
setup,0,2006-05-03 23:00:00,0,0.164119,28.9655,0.00925249,0,0.00215144,0.00370383,0.00646227,0.0332097,0.110054,1.18789e-06,0,0,0,1.16472,2.28226,0.0286269,0.0708455,0.0148656,0.00680252,3.37049,3.49293,0.42411,0.00427028,9351.09,232294,45795.7,66109.2,1442.8,2368.73,569.319,146.741,12.9383,2423.55,486.295,138.363,37708.3,3675.7,6153.83,166.998,50.403,10.3441,18.2681,64.7549,29.9458,5.50147,0.261808
setup,0,2006-05-04 23:00:00,0,0.160728,28.7932,0.0117586,0,0.0021604,0.00456882,0.00657767,0.0337512,0.0999092,1.15788e-06,0,0,0,1.16792,2.26937,0.0289741,0.0705138,0.0138504,0.00644498,3.12176,3.15587,0.44987,0.00437735,9348.35,232271,45763.7,66090.9,1442.53,2348.45,566.146,145.944,12.6976,2424.41,486.261,138.287,37708.3,3673.07,6153.11,167.36,50.0529,10.3005,18.0741,65.1597,29.961,5.50115,0.252416
setup,0,2006-05-05 23:00:00,0,0.158702,28.8546,0.0128139,0,0.00216809,0.0056582,0.00480022,0.0298493,0.137143,1.13382e-06,0,0,0,1.17106,2.25657,0.0293292,0.0701852,0.0137625,0.00625917,2.8451,2.74656,0.542992,0.00507114,9345.62,232249,45749.2,66074.7,1442.95,2328.53,563.719,142.765,12.3821,2425.27,486.227,138.21,37708.2,3672.76,6153.1,168.252,49.7089,10.27,17.5968,65.0688,29.9762,5.50084,0.273394
setup,0,2006-05-06 23:00:00,0,0.15731,28.4724,0.0147481,0,0.00217403,0.00678337,0.00611863,0.0418711,0.150623,1.10887e-06,0,0,0,1.17411,2.24386,0.0296142,0.0698531,0.0136572,0.00617756,2.98315,2.91537,0.546796,0.00550492,9342.9,232226,45736.5,66059.8,1442.66,2309.06,561.296,139.964,12.2799,2426.13,486.194,138.134,37708.1,3672.64,6153.22,168.72,49.3723,10.2396,17.1883,65.1842,29.9915,5.50053,0.273487
setup,0,2006-05-07 23:00:00,0,0.157889,27.9302,0.0199456,0,0.00217805,0.00802814,0.00667623,0.0464585,0.14772,1.08524e-06,0,0,0,1.17708,2.23123,0.0298446,0.069518,0.0136643,0.00674101,3.06759,3.00371,0.535918,0.00572042,9340.21,232205,45726,66045.4,1442.03,2289.86,558.578,138.346,12.1395,2426.99,486.161,138.058,37708,3672.74,6153.34,168.943,49.0403,10.2033,16.8923,65.4427,30.0068,5.50023,0.271137
setup,0,2006-05-08 23:00:00,0,0.157891,27.8374,0.0269993,0,0.00217894,0.0093084,0.00625437,0.0432354,0.151461,1.06395e-06,0,0,0,1.17995,2.21868,0.0300396,0.0685098,0.0139817,0.00683258,3.01371,3.0157,0.548704,0.00587917,9337.52,232183,45713.5,66030.4,1441.45,2270.77,555.9,136.485,12.0347,2427.85,486.127,137.983,37708,3672.61,6153.4,169.283,48.7092,10.1673,16.6255,65.5956,30.0221,5.49993,0.275654
setup,0,2006-05-09 23:00:00,0,0.155788,27.8055,0.0351437,0,0.00217387,0.0104984,0.00658181,0.0461331,0.152341,1.03953e-06,0,0,0,1.18272,2.20622,0.030323,0.0678243,0.0137808,0.00666817,3.0068,3.0222,0.553383,0.00601883,9334.82,232161,45702,66015.7,1440.68,2251.9,553.16,134.67,11.9525,2428.7,486.094,137.908,37707.9,3672.6,6153.49,169.624,48.3814,10.13,16.3665,65.77,30.0374,5.49962,0.276546
setup,0,2006-05-10 23:00:00,0,0.154423,27.9592,0.0464474,0.00018171,0.00381062,0.0111406,0.00713831,0.0501513,0.146524,1.01442e-06,0,0,0,1.18538,2.19385,0.0306511,0.0672856,0.013658,0.00675541,2.9934,3.03982,0.549377,0.00611727,9332.13,232139,45691,66001.1,1439.59,2233.38,550.324,132.764,11.9344,2429.56,486.061,137.834,37707.8,3672.69,6153.64,169.956,48.0595,10.0911,16.1039,66.0014,30.0527,5.49932,0.274709
setup,0,2006-05-11 23:00:00,0,0.153563,27.0828,0.0574103,0.000517857,0.00688583,0.0106608,0.00707986,0.0489943,0.141851,9.94783e-07,0,0,0,1.18792,2.18155,0.0308781,0.0667058,0.0136428,0.00703496,2.97431,3.04176,0.549827,0.00617824,9329.45,232118,45680.5,65986.8,1438.47,2215.26,547.436,131.466,11.877,2430.42,486.029,137.76,37707.8,3672.75,6153.71,170.238,47.744,10.0512,15.8994,66.2309,30.0681,5.49903,0.27204
setup,0,2006-05-12 23:00:00,0,0.155593,27.0696,0.0647993,0.000671019,0.0083527,0.0101761,0.00758066,0.0522192,0.13688,9.73161e-07,0,0,0,1.19034,2.16934,0.0311043,0.0659001,0.0136293,0.00759256,3.0122,3.0968,0.548363,0.00623759,9326.8,232097,45669.9,65972.3,1437.42,2197.31,544.349,130.306,11.8114,2431.28,485.996,137.687,37707.7,3672.82,6153.78,170.486,47.4307,10.0073,15.7449,66.4757,30.0835,5.49874,0.269687
setup,0,2006-05-13 23:00:00,0,0.15768,27.1607,0.0687026,0.000742153,0.00910235,0.00975349,0.00787074,0.0534756,0.131207,9.57252e-07,0,0,0,1.19263,2.15722,0.0312423,0.0649753,0.013633,0.00816553,3.01537,3.10645,0.546081,0.00629264,9324.16,232076,45659.3,65957.7,1436.38,2179.53,541.138,129.062,11.7816,2432.13,485.964,137.615,37707.7,3672.88,6153.83,170.768,47.1196,9.96073,15.54,66.7459,30.0989,5.49845,0.265087
setup,0,2006-05-14 23:00:00,0,0.159109,27.2214,0.0697667,0.000770343,0.00947292,0.00935486,0.0080081,0.0532424,0.125589,9.4665e-07,0,0,0,1.19478,2.14517,0.0313999,0.0639412,0.0136356,0.0088192,2.95733,3.07187,0.539228,0.00633497,9321.52,232054,45648.7,65942.9,1435.42,2161.83,537.772,127.929,11.7308,2432.99,485.932,137.543,37707.7,3672.97,6153.9,171.217,46.8091,9.91083,15.3508,66.8787,30.1142,5.49815,0.261674
setup,0,2006-05-15 23:00:00,0,0.16006,27.0227,0.0686539,0.000773377,0.00961548,0.00895324,0.00833117,0.0542771,0.118641,9.36638e-07,0,0,0,1.19679,2.13321,0.0316127,0.0626523,0.0136268,0.00896352,3.04767,3.15347,0.53324,0.00635694,9318.87,232033,45638.3,65928.3,1434.42,2144.45,534.382,126.686,11.7786,2433.84,485.899,137.472,37707.6,3673.06,6153.95,171.47,46.5028,9.86081,15.1738,67.1965,30.1296,5.49786,0.257713
setup,0,2006-05-16 23:00:00,0,0.168959,27.208,0.0659713,0.000760966,0.00961289,0.00853799,0.00868707,0.055141,0.11224,9.34132e-07,0,0,0,1.19864,2.12133,0.0319066,0.0617591,0.013626,0.0104077,3.03032,3.13553,0.524915,0.00637117,9316.24,232012,45627.7,65913.5,1433.46,2127.13,530.782,125.636,11.7657,2434.69,485.867,137.401,37707.6,3673.15,6154.01,171.827,46.1969,9.80596,14.9942,67.4446,30.145,5.49756,0.252887
setup,0,2006-05-17 23:00:00,0,0.180767,27.2782,0.0624131,0.00073906,0.00951644,0.00811605,0.00889982,0.0546998,0.106038,9.37326e-07,0,0,0,1.20033,2.10953,0.0320317,0.0614509,0.0136266,0.0109106,3.09914,3.19727,0.517182,0.0063902,9313.58,231990,45617.1,65898.6,1432.5,2109.92,527.104,124.526,11.8237,2435.54,485.834,137.331,37707.6,3673.25,6154.07,172.092,45.8929,9.74955,14.8295,67.7977,30.1604,5.49726,0.249883
setup,0,2006-05-18 23:00:00,0,0.193838,26.6169,0.0583723,0.000711533,0.00936014,0.00768863,0.00909087,0.0540981,0.098661,9.44811e-07,0,0,0,1.20185,2.0978,0.0323438,0.0611594,0.0136265,0.0118387,2.98708,3.12664,0.505735,0.00635259,9310.92,231970,45607,65884.6,1431.48,2093.22,523.537,123.432,11.9426,2436.4,485.802,137.262,37707.6,3673.35,6154.17,172.475,45.5975,9.69608,14.6629,68.044,30.1759,5.49698,0.243462
setup,0,2006-05-19 23:00:00,0,0.210145,25.8825,0.0541622,0.000680884,0.00916655,0.00722505,0.00905061,0.0518368,0.0917192,9.59762e-07,0,0,0,1.20319,2.08615,0.0325392,0.0608609,0.0136293,0.013347,3.02774,3.1594,0.494798,0.00627997,9308.26,231950,45597.3,65870.9,1430.46,2077.02,520.037,122.472,12.0584,2437.25,485.772,137.192,37707.6,3673.44,6154.23,172.666,45.311,9.64438,14.5253,68.4562,30.1915,5.49671,0.240054
setup,0,2006-05-20 23:00:00,0,0.237248,26.0706,0.0500177,0.00064885,0.00895023,0.00649897,0.00942648,0.0522248,0.0860063,9.73852e-07,0,0,0,1.20436,2.07456,0.0327306,0.0605657,0.0136258,0.0152197,2.92449,3.07744,0.48196,0.00622577,9305.61,231929,45587.5,65856.9,1429.48,2060.92,516.366,121.587,12.1299,2438.1,485.741,137.123,37707.6,3673.54,6154.29,173.123,45.026,9.5886,14.3812,68.6433,30.207,5.49644,0.235472
setup,0,2006-05-21 23:00:00,0,0.268798,26.3057,0.0461627,0.00061644,0.00872021,0.00573275,0.00964909,0.0514543,0.0806514,9.91779e-07,0,0,0,1.20534,2.06304,0.0327943,0.0602636,0.0136256,0.0174762,3.04354,3.15385,0.470279,0.00619113,9302.94,231909,45577.5,65842.8,1428.51,2044.85,512.56,120.724,12.2124,2438.95,485.71,137.054,37707.6,3673.65,6154.36,173.418,44.7413,9.52966,14.2662,68.9781,30.2225,5.49616,0.232062
setup,0,2006-05-22 23:00:00,0,0.309092,26.3368,0.0427175,0.000584312,0.00848332,0.00500648,0.00969502,0.0497889,0.0758022,1.01083e-06,0,0,0,1.20613,2.05158,0.0329795,0.0599735,0.0136266,0.0206434,3.06754,3.16723,0.460564,0.00615512,9300.25,231888,45567.4,65828.6,1427.51,2028.9,508.713,119.871,12.3124,2439.8,485.679,136.986,37707.6,3673.74,6154.42,173.702,44.4586,9.46968,14.1347,69.3452,30.238,5.49588,0.227765
setup,0,2006-05-23 23:00:00,0,0.359566,26.448,0.0396906,0.000552889,0.0082445,0.00447287,0.00972548,0.0481709,0.0719997,1.03038e-06,0,0,0,1.20671,2.04017,0.0330888,0.0596802,0.0136271,0.0237586,3.02348,3.13705,0.450705,0.00612748,9297.53,231867,45557.3,65814.4,1426.46,2013.03,504.813,119.042,12.4137,2440.65,485.647,136.918,37707.7,3673.85,6154.51,174.122,44.177,9.40827,14.0099,69.6006,30.2536,5.49559,0.224662
setup,0,2006-05-24 23:00:00,0,0.408308,26.0583,0.0370266,0.00052244,0.00800735,0.00403462,0.00970628,0.0465375,0.0679457,1.05125e-06,0,0,0,1.20709,2.02881,0.0332238,0.059392,0.0136294,0.0240561,3.02906,3.15473,0.440322,0.00608658,9294.77,231847,45547.4,65800.6,1425.31,1997.46,501.025,118.175,12.5885,2441.49,485.616,136.85,37707.7,3673.96,6154.61,174.47,43.9005,9.3494,13.8918,69.9274,30.2691,5.49531,0.221661
setup,0,2006-05-25 23:00:00,0,0.45018,25.3619,0.0346967,0.00049316,0.00777442,0.00366168,0.00993106,0.0462647,0.0631029,1.07096e-06,0,0,0,1.20725,2.01749,0.0334024,0.0591094,0.0136257,0.027225,2.93683,3.09254,0.429809,0.00599679,9291.99,231827,45538,65787.3,1424.07,1982.37,497.348,117.452,12.7676,2442.34,485.586,136.783,37707.7,3674.07,6154.69,174.874,43.6324,9.293,13.7884,70.1764,30.2848,5.49505,0.218423
setup,0,2006-05-26 23:00:00,0,0.502641,24.8594,0.0326415,0.000465064,0.00754663,0.00335792,0.0100176,0.044977,0.0584085,1.09437e-06,0,0,0,1.2072,2.00619,0.0334531,0.0588206,0.0136256,0.0319091,2.95575,3.09434,0.416751,0.00589746,9289.21,231808,45529,65774.2,1422.75,1967.67,493.701,116.908,12.9277,2443.19,485.558,136.716,37707.8,3674.18,6154.75,175.149,43.3711,9.23727,13.7187,70.517,30.3004,5.4948,0.213786
setup,0,2006-05-27 23:00:00,0,0.566132,24.5242,0.0308525,0.000438145,0.0073245,0.00312168,0.0102524,0.0442241,0.0539727,1.11605e-06,0,0,0,1.20692,1.99493,0.0335043,0.0585349,0.0136256,0.0357462,2.90001,3.05713,0.403543,0.00579176,9286.4,231789,45520,65762.1,1421.41,1953.26,490.094,116.45,13.0812,2444.04,485.53,136.65,37707.8,3674.29,6154.91,175.488,43.1146,9.1825,13.6505,70.8064,30.3161,5.49456,0.210076
setup,0,2006-05-28 23:00:00,0,0.640546,24.4455,0.0293099,0.000412398,0.0071087,0.00294579,0.0103145,0.0425301,0.0498918,1.13766e-06,0,0,0,1.20642,1.98371,0.0335363,0.0582504,0.0136258,0.041196,2.94114,3.07678,0.39045,0.0056887,9283.56,231770,45511.1,65749.4,1420,1939,486.454,116.141,13.2197,2444.9,485.503,136.584,37707.9,3674.4,6154.98,175.75,42.8607,9.12697,13.5986,71.1622,30.3319,5.49432,0.205426
setup,0,2006-05-29 23:00:00,0,0.725342,24.5012,0.027957,0.000387759,0.00689917,0.00282204,0.0103245,0.0406863,0.0463314,1.16169e-06,0,0,0,1.20569,1.97251,0.0335396,0.0579673,0.0136276,0.0449027,2.95203,3.06685,0.375578,0.0056017,9280.66,231751,45502.1,65736.7,1418.55,1924.83,482.749,115.916,13.3511,2445.75,485.475,136.518,37707.9,3674.5,6155.07,176.024,42.6081,9.06978,13.5572,71.5069,30.3476,5.49408,0.200687
setup,0,2006-05-30 23:00:00,0,0.81067,24.2835,0.0267816,0.000364221,0.00669612,0.00273177,0.0103397,0.0390886,0.0427379,1.19306e-06,0,0,0,1.20471,1.96132,0.0336208,0.0576929,0.0136257,0.0504474,2.89949,3.03514,0.361649,0.00550428,9277.71,231733,45493.2,65724.1,1417.03,1910.86,479.07,115.794,13.4849,2446.6,485.448,136.453,37707.9,3674.61,6155.15,176.377,42.3589,9.01306,13.5338,71.772,30.3634,5.49385,0.19725
setup,0,2006-05-31 23:00:00,0,0.889019,23.6776,0.0252102,0.000341675,0.0064991,0.00249804,0.0102356,0.0370544,0.0394167,1.23794e-06,0,0,0,1.20349,1.95013,0.0336449,0.057417,0.0136256,0.0518306,2.98535,3.0935,0.349475,0.00539104,9274.68,231714,45484.9,65712,1415.49,1897.25,475.508,115.445,13.9035,2447.46,485.422,136.388,37708,3674.72,6155.23,176.514,42.1159,8.95895,13.4799,72.1283,30.3792,5.49362,0.194181
setup,0,2006-06-01 23:00:00,0,0.95516,23.069,0.0237188,0.000320096,0.00630827,0.00245931,0.0100632,0.0351062,0.0362744,1.29282e-06,0,0,0,1.20203,1.93894,0.0337085,0.0571469,0.0136256,0.0569558,2.84686,2.98192,0.335369,0.00526642,9271.61,231697,45477.3,65700.5,1413.78,1884.06,472.072,115.518,14.06,2448.31,485.397,136.323,37708,3674.83,6155.3,176.778,41.8802,8.90754,13.4847,72.4908,30.3951,5.49342,0.191368
setup,0,2006-06-02 23:00:00,0,1.04931,22.9255,0.0225488,0.000299436,0.00612303,0.00245361,0.00996483,0.0335054,0.0336135,1.35613e-06,0,0,0,1.20032,1.92775,0.0336657,0.0568723,0.0136257,0.0676229,2.84101,2.96152,0.322879,0.00515967,9268.52,231679,45469.6,65689,1412,1871.06,468.602,115.784,14.1569,2449.17,485.373,136.259,37708,3674.93,6155.35,177.03,41.6475,8.85496,13.5087,72.8357,30.411,5.49322,0.187755
setup,0,2006-06-03 23:00:00,0,1.17133,22.9799,0.0215894,0.000279527,0.0059418,0.00246511,0.00983733,0.0318555,0.0315292,1.42686e-06,0,0,0,1.19835,1.91657,0.0326751,0.0565152,0.013628,0.0760649,2.84019,2.96559,0.312569,0.00507657,9265.37,231662,45461.9,65677.8,1410.18,1858.12,465.059,116.133,14.2365,2450.02,485.349,136.196,37708.1,3675.04,6155.46,177.31,41.4148,8.80027,13.5552,73.1479,30.4268,5.49301,0.185607
setup,0,2006-06-04 23:00:00,0,1.28843,22.8529,0.0207813,0.000260304,0.00576415,0.00247531,0.00977798,0.0306056,0.0295695,1.49201e-06,0,0,0,1.19613,1.9054,0.0324076,0.056225,0.0136261,0.0801835,2.82638,2.9411,0.302033,0.00500827,9262.12,231644,45454.3,65666.6,1408.24,1845.3,461.538,116.598,14.3615,2450.87,485.324,136.132,37708.1,3675.14,6155.56,177.608,41.1837,8.74585,13.6044,73.4399,30.4427,5.49281,0.18453
setup,0,2006-06-05 23:00:00,0,1.39863,22.5798,0.020093,0.000241786,0.00559087,0.00246658,0.00964645,0.0292661,0.0275557,1.55868e-06,0,0,0,1.19365,1.89422,0.0323977,0.0559611,0.0136272,0.087477,2.83555,2.93819,0.291425,0.00493256,9258.81,231627,45446.8,65655.6,1406.17,1832.68,458.055,117.243,14.4806,2451.72,485.3,136.069,37708.1,3675.24,6155.64,177.834,40.956,8.69201,13.6677,73.7826,30.4586,5.49261,0.182113
setup,0,2006-06-06 23:00:00,0,1.49147,22.1079,0.0194832,0.00022387,0.00542094,0.00242812,0.00945808,0.0277413,0.0254464,1.62633e-06,0,0,0,1.1909,1.88301,0.0322317,0.0556875,0.0136268,0.0867738,2.78575,2.89708,0.280749,0.00484785,9255.42,231610,45439.6,65645,1403.98,1820.35,454.68,118.02,14.6355,2452.57,485.277,136.006,37708.2,3675.35,6155.73,178.062,40.7329,8.64045,13.747,74.1072,30.4745,5.49242,0.180532
setup,0,2006-06-07 23:00:00,0,1.54837,21.1489,0.0188913,0.000206579,0.00525533,0.00236715,0.00919088,0.0260599,0.0230562,1.69374e-06,0,0,0,1.18789,1.87177,0.0322194,0.055429,0.0136259,0.0945465,2.70392,2.83653,0.269322,0.00471907,9251.99,231595,45433.1,65634.8,1401.68,1808.51,451.547,118.965,14.8073,2453.43,485.256,135.944,37708.2,3675.45,6155.78,178.245,40.5188,8.5945,13.8475,74.4342,30.4906,5.49226,0.177866
setup,0,2006-06-08 23:00:00,0,1.62145,20.4935,0.0182379,0.000189794,0.0050926,0.0022919,0.00887254,0.0243145,0.0210247,1.76475e-06,0,0,0,1.18462,1.86054,0.0319595,0.055154,0.0136286,0.0982308,2.63027,2.7617,0.258841,0.00458749,9248.55,231579,45426.9,65625.4,1399.33,1797.08,448.498,120.056,14.9625,2454.29,485.237,135.882,37708.2,3675.56,6155.85,178.426,40.3114,8.55015,13.9598,74.7382,30.5066,5.49212,0.176432
setup,0,2006-06-09 23:00:00,0,1.71105,20.1767,0.0175091,0.000173467,0.00493262,0.0022134,0.00866447,0.0229807,0.0193919,1.8317e-06,0,0,0,1.18109,1.84934,0.0318795,0.0548976,0.0136276,0.101691,2.60816,2.73039,0.248381,0.00448773,9245.1,231565,45420.9,65616.1,1396.82,1785.84,445.438,121.449,15.1125,2455.15,485.219,135.82,37708.2,3675.66,6155.91,178.569,40.1075,8.50514,14.1013,75.0484,30.5227,5.49198,0.173973
setup,0,2006-06-10 23:00:00,0,1.76295,19.3671,0.0167729,0.000157446,0.00477399,0.00212484,0.00840157,0.0214978,0.0174576,1.89205e-06,0,0,0,1.17729,1.83817,0.0316691,0.0546323,0.0136258,0.0936291,2.57102,2.69351,0.23742,0.00437655,9241.57,231550,45415.4,65607.3,1394.07,1774.99,442.578,123.13,15.3345,2456.01,485.202,135.758,37708.3,3675.77,6155.95,178.606,39.91,8.46478,14.27,75.4315,30.5388,5.49187,0.172041
setup,0,2006-06-11 23:00:00,0,1.76844,18.4662,0.0160491,0.000141776,0.00461845,0.00202475,0.00805415,0.0198367,0.0155379,1.94738e-06,0,0,0,97.3224,1.827,2.45674,0.0587479,0.0136256,0.0739383,2.41125,2.56582,0.225974,0.00424402,9238.02,231537,45410.6,65599.1,1391.15,1860.71,439.914,125.111,15.5602,2456.88,485.188,135.739,37708.4,3675.89,6155.99,178.748,42.1496,8.42883,14.4606,75.7034,30.555,5.49178,0.169401
setup,0,2006-06-12 23:00:00,0,1.70642,18.0193,0.0152919,0.000126614,0.0044689,0.00191533,0.00774523,0.018363,0.0139569,1.9994e-06,0,0,0,3.00687,1.81585,0.0743798,0.054147,0.0136258,0.00171137,2.38246,2.52483,0.216098,0.0041368,9233.99,231525,45406.3,65591.4,1388.02,1852,437.603,127.502,15.7777,2457.74,485.174,135.707,37708.5,3676.03,6156.03,178.824,41.9974,8.4014,14.6907,76.0693,30.5712,5.4917,0.168227
setup,0,2006-06-13 23:00:00,0,1.48507,18.1181,0.0145666,0.000113445,0.00434427,0.00181465,0.00749499,0.0170512,0.0129612,2.04923e-06,0,0,0,2.85749,1.80412,0.0731204,0.0584607,0.0136274,0.0016374,2.40569,2.51947,0.208047,0.00406838,9230.07,231512,45402,65583.8,1384.92,1843.19,435.2,130.106,15.762,2458.6,485.161,135.642,37708.7,3676.16,6156.09,178.866,41.8494,8.37142,14.9652,76.4269,30.5873,5.49161,0.166178
setup,0,2006-06-14 23:00:00,0,1.35086,18.1122,0.0137746,0.000101784,0.00423334,0.0017032,0.00733542,0.0161558,0.0123157,2.0968e-06,0,0,0,2.69919,1.79263,0.0735122,0.0584533,0.0136268,0.00164936,2.39819,2.51098,0.201847,0.00400135,9226.3,231500,45397.7,65576,1382.14,1834.34,432.837,132.326,15.6893,2459.47,485.147,135.576,37708.8,3676.3,6156.13,178.953,41.7037,8.34222,15.2194,76.7657,30.6035,5.49153,0.164733
setup,0,2006-06-15 23:00:00,0,1.21143,17.9191,0.0129186,9.05731e-05,0.00412593,0.0015865,0.00719484,0.0154169,0.0116537,2.14389e-06,0,0,0,2.53267,1.78142,0.0679198,0.0581857,0.0136256,0.00159319,2.39974,2.50362,0.195408,0.00393551,9222.65,231487,45393.6,65568.2,1379.57,1825.47,430.561,134.224,15.6596,2460.33,485.134,135.512,37709,3676.43,6156.14,179.025,41.5551,8.31502,15.4439,77.1427,30.6197,5.49146,0.162799
setup,0,2006-06-16 23:00:00,0,1.06787,17.7088,0.0120801,8.02419e-05,0.00402663,0.00146262,0.00704862,0.0147198,0.0109848,2.19296e-06,0,0,0,2.35869,1.77042,0.0633786,0.057926,0.0136256,0.00156638,2.3645,2.46974,0.188679,0.0038682,9219.11,231475,45389.7,65560.6,1377.16,1816.6,428.333,135.926,15.6565,2461.2,485.122,135.447,37709.1,3676.57,6156.15,179.145,41.4047,8.28878,15.6478,77.496,30.6359,5.49139,0.161307
setup,0,2006-06-17 23:00:00,0,0.927451,17.5461,0.0112615,7.09891e-05,0.00393758,0.00133894,0.00691222,0.0141099,0.010394,2.24483e-06,0,0,0,2.17808,1.75962,0.0585158,0.057665,0.0136257,0.00153422,2.35441,2.45357,0.182575,0.00381329,9215.7,231463,45386,65553.1,1374.83,1807.69,426.132,137.531,15.673,2462.07,485.11,135.383,37709.3,3676.7,6156.15,179.265,41.2516,8.26295,15.8397,77.8598,30.6521,5.49133,0.159907
setup,0,2006-06-18 23:00:00,0,0.791461,17.998,0.0104256,6.28223e-05,0.00385932,0.00122631,0.00681114,0.0136149,0.0101366,2.30061e-06,0,0,0,1.99173,1.74905,0.0533904,0.0574058,0.0136295,0.00147577,2.39527,2.47405,0.178374,0.00378227,9212.4,231451,45381.8,65546,1372.83,1798.55,423.646,138.863,15.6134,2462.93,485.097,135.318,37709.4,3676.84,6156.25,179.409,41.0925,8.22953,16.0191,78.2294,30.6683,5.49126,0.159083
setup,0,2006-06-19 23:00:00,0,0.652273,18.3432,0.00963491,5.56756e-05,0.00379092,0.00111606,0.00679672,0.0133703,0.0100572,2.34915e-06,0,0,0,1.80057,1.73868,0.0480559,0.0571506,0.0136285,0.00139836,2.41669,2.48354,0.174267,0.00375056,9209.2,231438,45377.3,65538.8,1371.15,1789.18,421.01,139.807,15.5666,2463.79,485.084,135.255,37709.5,3676.97,6156.39,179.614,40.9271,8.19209,16.1671,78.5861,30.6844,5.49118,0.158177
setup,0,2006-06-20 23:00:00,0,0.514792,18.1122,0.00890549,4.94507e-05,0.00373126,0.00100491,0.0067616,0.0131573,0.00985816,2.39551e-06,0,0,0,1.60556,1.72853,0.0425478,0.0568994,0.0136263,0.00136981,2.40186,2.47048,0.169813,0.00368578,9206.1,231425,45372.9,65531.4,1369.61,1779.78,418.502,140.487,15.5656,2464.65,485.071,135.191,37709.7,3677.1,6156.48,179.828,40.7589,8.15768,16.282,78.9595,30.7005,5.49111,0.157127
setup,0,2006-06-21 23:00:00,0,0.394006,17.8466,0.00817224,4.40271e-05,0.00367935,0.000901751,0.00667002,0.0128518,0.00959497,2.44385e-06,0,0,0,1.40774,1.71859,0.0368437,0.0566448,0.0136258,0.00137346,2.37494,2.44598,0.165426,0.00360551,9203.15,231413,45368.6,65524.1,1368.21,1770.37,416.081,140.956,15.5687,2465.51,485.059,135.127,37709.8,3677.23,6156.56,180.055,40.5884,8.12517,16.3732,79.3362,30.7166,5.49105,0.156118
setup,0,2006-06-22 23:00:00,0,0.294945,17.3167,0.00741293,3.9287e-05,0.00363388,0.00081554,0.00655265,0.0125098,0.00918594,2.48683e-06,0,0,0,1.20812,1.70886,0.0309992,0.0563883,0.0136257,0.00134111,2.31554,2.39984,0.160878,0.00351654,9200.32,231401,45364.8,65516.9,1366.79,1761.01,413.851,141.395,15.6129,2466.37,485.049,135.064,37710,3677.37,6156.59,180.297,40.4165,8.09721,16.4515,79.7017,30.7328,5.49101,0.15526
setup,0,2006-06-23 23:00:00,0,0.218705,17.1246,0.00664584,3.51214e-05,0.00359402,0.000750149,0.00642517,0.0121288,0.00884516,2.52054e-06,0,0,0,1.10439,1.69932,0.0278663,0.0561367,0.0136286,0.00127602,2.29591,2.37496,0.156882,0.00344753,9197.58,231389,45361,65509.9,1365.38,1751.69,411.623,141.864,15.6452,2467.24,485.039,135.001,37710.1,3677.5,6156.63,180.535,40.244,8.06896,16.5314,80.0646,30.749,5.49097,0.154324
setup,0,2006-06-24 23:00:00,0,0.159855,16.851,0.00592668,3.14556e-05,0.00355889,0.000699515,0.00631662,0.0117697,0.00847871,2.53989e-06,0,0,0,1.0971,1.68995,0.0274873,0.0558901,0.0136272,0.00121242,2.28158,2.35594,0.152864,0.00338646,9194.9,231378,45357.5,65502.9,1363.91,1742.51,409.46,142.415,15.6975,2468.1,485.03,134.939,37710.3,3677.63,6156.65,180.744,40.0736,8.0421,16.6162,80.4452,30.7652,5.49093,0.153532
setup,0,2006-06-25 23:00:00,0,0.117122,16.6109,0.00527313,2.82273e-05,0.00352788,0.000655356,0.00620477,0.011399,0.00810553,2.55022e-06,0,0,0,1.08958,1.68072,0.0270934,0.0556449,0.0136257,0.00089098,2.2537,2.33229,0.149099,0.00333375,9192.28,231366,45354,65496,1362.33,1733.45,407.341,143.099,15.7569,2468.97,485.021,134.876,37710.4,3677.76,6156.66,180.956,39.905,8.01607,16.7116,80.8132,30.7814,5.49091,0.152772
setup,0,2006-06-26 23:00:00,0,0.0856861,16.4475,0.00469402,2.53735e-05,0.00350042,0.000609669,0.00609951,0.0110162,0.00775024,2.55164e-06,0,0,0,1.08186,1.67161,0.0269072,0.0554321,0.0136262,8.09144e-05,2.24456,2.31747,0.145355,0.00329463,9189.69,231355,45350.7,65489.2,1360.67,1724.48,405.242,143.926,15.8125,2469.83,485.012,134.814,37710.6,3677.9,6156.67,181.15,39.7379,7.9903,16.8215,81.1845,30.7976,5.49088,0.151882
setup,0,2006-06-27 23:00:00,0,0.0826537,16.1428,0.00417477,2.28459e-05,0.00347606,0.000558832,0.00597222,0.0106034,0.00738235,2.55084e-06,0,0,0,1.07393,1.66261,0.0271228,0.0552838,0.0136257,0.000180634,2.21908,2.29464,0.141829,0.00324369,9187.13,231344,45347.7,65482.7,1359,1715.67,403.233,144.765,15.8578,2470.7,485.004,134.751,37710.7,3678.03,6156.68,181.33,39.574,7.96649,16.9368,81.5578,30.8138,5.49086,0.151256
setup,0,2006-06-28 23:00:00,0,0.0844513,16.06,0.00367215,2.0596e-05,0.00345423,0.000503332,0.00588462,0.0102992,0.00709927,2.54989e-06,0,0,0,1.06581,1.6537,0.0265438,0.0550269,0.0136259,4.0855e-05,2.21639,2.28433,0.138903,0.00322107,9184.59,231334,45344.6,65476.2,1357.22,1706.91,401.208,145.76,15.9178,2471.57,484.996,134.688,37710.9,3678.16,6156.68,181.497,39.4104,7.94204,17.0639,81.9333,30.83,5.49084,0.151072
setup,0,2006-06-29 23:00:00,0,0.0850837,16.0061,0.0031875,1.85831e-05,0.00343454,0.000444367,0.00581228,0.00997661,0.00682281,2.54813e-06,0,0,0,1.05751,1.64484,0.026155,0.0548025,0.0136258,-3.998e-15,2.22015,2.28562,0.136238,0.00321874,9182.03,231323,45341.6,65469.8,1355.33,1698.19,399.185,146.912,15.973,2472.44,484.988,134.626,37711,3678.29,6156.69,181.648,39.247,7.91742,17.2072,82.3141,30.8462,5.49082,0.150713
setup,0,2006-06-30 23:00:00,0,0.0839918,15.9111,0.00253015,1.67828e-05,0.00341684,0.000201131,0.00573959,0.00963813,0.00657733,2.54734e-06,0,0,0,1.04902,1.63605,0.0256676,0.0545669,0.0136257,-3.998e-15,2.27798,2.33824,0.133684,0.00319225,9179.45,231312,45338.7,65463.7,1353.68,1689.54,397.091,147.531,15.8074,2473.3,484.979,134.564,37711.2,3678.42,6156.73,181.634,39.0845,7.89067,17.3315,82.6475,30.8624,5.4908,0.149766
setup,0,2006-07-01 23:00:00,0,0.0829125,15.6648,0.00189773,1.5177e-05,0.00340076,0.00011469,0.00562635,0.00934968,0.00637773,2.55402e-06,0,0,0,1.04036,1.62732,0.0251379,0.0543277,0.013626,-3.998e-15,2.16344,2.23268,0.131084,0.00314503,9176.9,231302,45335.8,65457.7,1352.15,1681.04,395.029,147.903,15.8114,2474.17,484.972,134.503,37711.3,3678.56,6156.77,181.81,38.9241,7.86436,17.3962,83.0208,30.8786,5.49079,0.149098
setup,0,2006-07-02 23:00:00,0,0.0813541,15.4167,0.00130916,1.3741e-05,0.00338609,6.59295e-05,0.00553005,0.00907672,0.00617738,2.56789e-06,0,0,0,1.03154,1.61864,0.024598,0.0540901,0.0136259,-3.998e-15,2.14305,2.21008,0.128396,0.00309072,9174.35,231291,45333.1,65452,1350.69,1672.67,393.018,148.206,15.8355,2475.03,484.965,134.441,37711.5,3678.69,6156.81,181.974,38.7659,7.83902,17.4636,83.3979,30.8948,5.49079,0.148392
setup,0,2006-07-03 23:00:00,0,0.0829292,15.3363,0.000703671,1.24536e-05,0.00337268,4.94971e-05,0.00546426,0.00890864,0.0060438,2.58573e-06,0,0,0,1.02258,1.61002,0.0240485,0.0538539,0.0136259,-3.998e-15,2.12729,2.19078,0.126797,0.00306392,9171.82,231281,45330.3,65446.2,1349.13,1664.37,390.969,148.63,15.8941,2475.9,484.958,134.38,37711.6,3678.82,6156.85,182.148,38.6081,7.81244,17.532,83.7634,30.911,5.49079,0.14893
setup,0,2006-07-04 23:00:00,0,0.0822403,15.1001,0.000182294,1.12948e-05,0.00336032,4.70841e-05,0.0053916,0.00864442,0.00581041,2.59475e-06,0,0,0,1.01348,1.60145,0.0234899,0.0536191,0.0136257,-3.998e-15,2.11164,2.17912,0.124227,0.00304685,9169.26,231271,45327.8,65440.4,1347.43,1656.14,389.029,149.209,15.968,2476.77,484.952,134.319,37711.8,3678.95,6156.86,182.304,38.4513,7.78843,17.6148,84.1338,30.9272,5.49078,0.147869
setup,0,2006-07-05 23:00:00,0,0.0820905,14.9659,2.6498e-05,1.0252e-05,0.00334914,3.78163e-05,0.00530074,0.00837991,0.00560961,2.59935e-06,0,0,0,1.00424,1.59294,0.022923,0.0533859,0.0136268,-3.998e-15,2.10269,2.16526,0.122097,0.00301562,9166.72,231262,45325.3,65434.9,1345.76,1648.02,387.079,149.816,16.0125,2477.63,484.946,134.258,37711.9,3679.08,6156.89,182.445,38.2959,7.76382,17.7067,84.508,30.9434,5.49079,0.147967
setup,0,2006-07-06 23:00:00,0,0.0813039,14.7586,1.50178e-05,9.31501e-06,0.00333887,5.58311e-05,0.00521895,0.00812686,0.00541173,2.59824e-06,0,0,0,0.994886,1.58449,0.0223483,0.0531541,0.0136262,-3.998e-15,2.08191,2.14577,0.119957,0.00298623,9164.18,231252,45323,65429.4,1344.07,1640,385.193,150.447,16.0604,2478.5,484.94,134.197,37712.1,3679.21,6156.92,182.584,38.1419,7.7406,17.8032,84.8778,30.9596,5.4908,0.147017
setup,0,2006-07-07 23:00:00,0,0.0797174,14.4073,1.39758e-05,8.4714e-06,0.00332946,4.87996e-05,0.00511083,0.00784977,0.0051904,2.5976e-06,0,0,0,0.985422,1.57609,0.0217666,0.0529237,0.0136257,-3.998e-15,2.04732,2.11584,0.117825,0.00293748,9161.66,231243,45320.9,65424.1,1342.42,1632.15,383.435,151.033,16.1032,2479.37,484.935,134.137,37712.2,3679.34,6156.92,182.717,37.9905,7.72033,17.8968,85.2467,30.9759,5.49082,0.147041
setup,0,2006-07-08 23:00:00,0,0.0799201,14.2002,1.31909e-05,7.71236e-06,0.00332082,7.59915e-05,0.00501852,0.0076211,0.00499795,2.59541e-06,0,0,0,0.975861,1.56775,0.0211787,0.0526947,0.0136258,-3.998e-15,2.02884,2.09617,0.115965,0.00290083,9159.16,231233,45318.9,65419,1340.75,1624.41,381.71,151.668,16.159,2480.24,484.931,134.077,37712.4,3679.47,6156.92,182.839,37.8406,7.70064,17.9919,85.6212,30.9921,5.49084,0.146369
setup,0,2006-07-09 23:00:00,0,0.0802427,14.0412,1.25313e-05,7.02914e-06,0.00331288,8.83983e-05,0.0049398,0.0073901,0.00481168,2.58961e-06,0,0,0,0.966215,1.55947,0.0205851,0.0524672,0.0136256,-3.998e-15,2.01478,2.08048,0.114202,0.00288105,9156.65,231224,45317,65413.9,1338.99,1616.74,380.019,152.416,16.2197,2481.11,484.927,134.017,37712.5,3679.6,6156.92,182.954,37.6915,7.68154,18.0952,85.9939,31.0083,5.49087,0.146326
setup,0,2006-07-10 23:00:00,0,0.080882,13.9133,1.20354e-05,6.41409e-06,0.00330553,0.000111826,0.00487494,0.00718199,0.00464299,2.57955e-06,0,0,0,0.956493,1.55123,0.0199866,0.0522411,0.0136258,-3.998e-15,2.00482,2.0686,0.112375,0.00287239,9154.15,231215,45315.2,65408.9,1337.15,1609.12,378.356,153.285,16.2828,2481.97,484.923,133.957,37712.6,3679.73,6156.92,183.059,37.5429,7.66292,18.209,86.3659,31.0246,5.4909,0.145766
setup,0,2006-07-11 23:00:00,0,0.0810147,13.9958,1.15086e-05,5.86029e-06,0.00329887,0.000123735,0.00481923,0.00699034,0.00453456,2.56846e-06,0,0,0,0.946704,1.54306,0.019384,0.0520164,0.0136264,-3.998e-15,2.01225,2.07067,0.111102,0.00286541,9151.64,231206,45313.3,65404.1,1335.39,1601.54,376.565,154.158,16.2951,2482.84,484.919,133.898,37712.8,3679.86,6156.95,183.162,37.3944,7.6407,18.3329,86.7364,31.0408,5.49093,0.145736
setup,0,2006-07-12 23:00:00,0,0.0816979,13.8289,1.10897e-05,5.36183e-06,0.00329255,0.000137546,0.00478017,0.00683556,0.00439371,2.55653e-06,0,0,0,0.936862,1.53493,0.018778,0.051793,0.0136256,-3.998e-15,2.00459,2.06396,0.109834,0.00286293,9149.14,231198,45311.6,65399.3,1333.56,1594.02,374.859,155.079,16.353,2483.71,484.916,133.839,37712.9,3679.99,6156.96,183.251,37.2463,7.62043,18.4596,87.1166,31.057,5.49096,0.145621
setup,0,2006-07-13 23:00:00,0,0.081467,13.6785,1.06421e-05,4.91264e-06,0.00328671,0.000134636,0.00472815,0.00663708,0.00423362,2.54721e-06,0,0,0,0.926977,1.52686,0.0181693,0.0515711,0.0136256,-3.998e-15,1.99043,2.05059,0.108007,0.00286076,9146.63,231189,45309.9,65394.5,1331.66,1586.56,373.212,156.088,16.4004,2484.58,484.912,133.78,37713.1,3680.12,6156.96,183.339,37.099,7.60147,18.5942,87.4916,31.0732,5.49099,0.145029
setup,0,2006-07-14 23:00:00,0,0.0822351,13.5954,1.02073e-05,4.50787e-06,0.00328132,0.000132884,0.00468224,0.00647415,0.00410382,2.54366e-06,0,0,0,0.917062,1.51884,0.0175587,0.0513505,0.0136257,-3.998e-15,1.98863,2.04606,0.106755,0.00286034,9144.14,231180,45308.3,65389.8,1329.75,1579.15,371.565,157.145,16.4415,2485.45,484.908,133.721,37713.2,3680.25,6156.96,183.413,36.9521,7.5822,18.7359,87.8733,31.0894,5.49102,0.145055
setup,0,2006-07-15 23:00:00,0,0.0815295,13.6776,9.85178e-06,4.14289e-06,0.00327641,0.000138756,0.00464149,0.00631086,0.00402441,2.54458e-06,0,0,0,0.90713,1.51087,0.016947,0.0511313,0.0136259,-3.998e-15,1.9923,2.04447,0.105664,0.00285888,9141.64,231171,45306.7,65385.4,1327.95,1571.79,369.803,158.16,16.4302,2486.31,484.905,133.663,37713.4,3680.38,6157.01,183.498,36.8054,7.5597,18.8813,88.2487,31.1056,5.49105,0.144631
setup,0,2006-07-16 23:00:00,0,0.0810011,13.9693,9.56042e-06,3.81326e-06,0.00327199,0.000125563,0.00462308,0.00625576,0.00406776,2.55261e-06,0,0,0,0.901894,1.50296,0.0166371,0.0509134,0.013629,-3.998e-15,2.01482,2.05666,0.10529,0.00284395,9139.16,231162,45304.6,65381.2,1326.48,1564.44,367.792,158.88,16.3699,2487.17,484.901,133.604,37713.5,3680.5,6157.12,183.6,36.6586,7.53044,19.0139,88.6265,31.1218,5.49108,0.144534
setup,0,2006-07-17 23:00:00,0,0.0815872,14.2881,9.20926e-06,3.51516e-06,0.00326797,0.00012621,0.00465146,0.00630556,0.00418134,2.56252e-06,0,0,0,0.901363,1.4951,0.0166295,0.0506969,0.0136262,-3.998e-15,2.03733,2.07573,0.105633,0.00284354,9136.7,231153,45302.2,65376.9,1325.23,1557.05,365.585,159.341,16.3289,2488.03,484.897,133.546,37713.6,3680.62,6157.27,183.738,36.511,7.49593,19.1254,89.0025,31.1378,5.49111,0.144977
setup,0,2006-07-18 23:00:00,0,0.0797211,14.0452,9.01331e-06,3.24524e-06,0.00326404,0.000141248,0.00464916,0.0062598,0.0041563,2.56463e-06,0,0,0,0.900833,1.48729,0.0166219,0.0504817,0.0136258,-3.998e-15,2.01849,2.06505,0.104803,0.00282621,9134.23,231144,45300,65372.3,1323.92,1549.73,363.6,159.763,16.3366,2488.89,484.893,133.489,37713.8,3680.75,6157.35,183.885,36.3646,7.46701,19.2205,89.3807,31.154,5.49114,0.143937
setup,0,2006-07-19 23:00:00,0,0.0807035,13.7633,8.75549e-06,3.00042e-06,0.00326034,0.000140509,0.00462141,0.00621885,0.00408533,2.57107e-06,0,0,0,0.900302,1.47953,0.0166144,0.0502678,0.0136256,-3.998e-15,1.99957,2.04915,0.10404,0.00280922,9131.8,231135,45298,65367.6,1322.47,1542.5,361.773,160.27,16.3937,2489.76,484.889,133.431,37713.9,3680.87,6157.38,184.017,36.22,7.44195,19.3108,89.7699,31.1701,5.49117,0.144423
setup,0,2006-07-20 23:00:00,0,0.0813372,13.6044,8.5506e-06,2.77795e-06,0.00325692,0.000168886,0.00459249,0.00609802,0.00396803,2.57144e-06,0,0,0,0.899775,1.47182,0.0166068,0.0500553,0.0136258,-3.998e-15,1.98529,2.04017,0.103035,0.00282114,9129.36,231126,45296.1,65362.9,1320.84,1535.32,360.037,160.975,16.4586,2490.62,484.886,133.373,37714,3681,6157.4,184.145,36.0761,7.41905,19.4131,90.1541,31.1863,5.4912,0.144282
setup,0,2006-07-21 23:00:00,0,0.0801861,13.6375,8.39099e-06,2.57526e-06,0.00325386,0.000196418,0.00454902,0.00595692,0.00390187,2.56701e-06,0,0,0,0.899245,1.46416,0.0165992,0.049844,0.0136292,-3.998e-15,1.98956,2.04057,0.102525,0.00281104,9126.91,231117,45294.2,65358.4,1319.32,1528.2,358.218,161.653,16.4492,2491.48,484.882,133.316,37714.2,3681.12,6157.46,184.266,35.9333,7.39371,19.5247,90.5388,31.2024,5.49124,0.144279
setup,0,2006-07-22 23:00:00,0,0.0788463,13.5621,8.29857e-06,2.39024e-06,0.00325098,0.000222807,0.0045105,0.00586991,0.00386225,2.56395e-06,0,0,0,0.898715,1.45655,0.0165916,0.0496341,0.0136291,-3.998e-15,1.98122,2.03008,0.101819,0.00278211,9124.49,231108,45292.2,65354.1,1317.93,1521.16,356.396,162.192,16.4327,2492.34,484.879,133.259,37714.3,3681.24,6157.53,184.393,35.7921,7.36802,19.6299,90.9242,31.2185,5.49128,0.143534
setup,0,2006-07-23 23:00:00,0,0.0776272,13.7032,8.08633e-06,2.22085e-06,0.00324848,0.000229603,0.00448347,0.00584017,0.00391115,2.56894e-06,0,0,0,0.898188,1.449,0.016584,0.0494255,0.0136279,-3.998e-15,1.98794,2.02934,0.101501,0.00274834,9122.1,231099,45290.1,65350,1316.82,1514.18,354.416,162.461,16.3794,2493.2,484.876,133.202,37714.5,3681.36,6157.65,184.536,35.6518,7.33795,19.7185,91.3113,31.2346,5.49132,0.143762
setup,0,2006-07-24 23:00:00,0,0.0773861,13.6188,7.95533e-06,2.0655e-06,0.00324607,0.000273436,0.00447208,0.00585014,0.00393875,2.57096e-06,0,0,0,0.897664,1.44149,0.0165765,0.0492181,0.0136257,-3.998e-15,1.97585,2.0209,0.101398,0.00272149,9119.72,231090,45287.9,65345.7,1315.74,1507.26,352.478,162.623,16.3778,2494.06,484.874,133.146,37714.6,3681.48,6157.74,184.696,35.5125,7.30879,19.7888,91.6975,31.2507,5.49137,0.143334
setup,0,2006-07-25 23:00:00,0,0.0776179,13.857,7.83453e-06,1.92269e-06,0.00324375,0.00029618,0.00446032,0.00582049,0.00390633,2.5657e-06,0,0,0,0.897142,1.43403,0.0165689,0.049012,0.0136257,-3.998e-15,1.96739,2.01475,0.100775,0.002711,9117.34,231081,45285.4,65341.1,1314.55,1500.37,350.626,162.5,16.42,2494.92,484.872,133.09,37714.7,3681.6,6157.83,184.874,35.3739,7.28167,19.833,92.0892,31.2668,5.49141,0.143238
setup,0,2006-07-26 23:00:00,0,0.078005,13.9411,7.7252e-06,1.79112e-06,0.00324151,0.000339902,0.00444015,0.00574817,0.0038277,2.55118e-06,0,0,0,0.896619,1.42662,0.0165613,0.0488071,0.0136261,-3.998e-15,1.95341,2.00523,0.10008,0.00270942,9114.97,231072,45282.8,65336.3,1313.11,1493.54,348.89,162.329,16.4962,2495.78,484.869,133.033,37714.9,3681.73,6157.92,185.058,35.2363,7.25738,19.8737,92.4792,31.2829,5.49146,0.143122
setup,0,2006-07-27 23:00:00,0,0.0790981,14.3729,7.66876e-06,1.66965e-06,0.00323936,0.000379714,0.00441693,0.00565637,0.00372969,2.53459e-06,0,0,0,0.896097,1.41926,0.0165538,0.0486036,0.013626,-3.998e-15,1.95057,2.00192,0.0994941,0.00271996,9112.6,231062,45279.7,65331.4,1311.43,1486.75,347.214,161.848,16.5938,2496.64,484.867,132.977,37715,3681.85,6158.04,185.247,35.0994,7.23444,19.8999,92.8768,31.299,5.49151,0.143514
setup,0,2006-07-28 23:00:00,0,0.0809399,14.2687,7.63811e-06,1.55731e-06,0.00323728,0.000394306,0.00441125,0.00556378,0.00362682,2.51664e-06,0,0,0,0.895573,1.41194,0.0165462,0.0484012,0.0136264,-3.998e-15,1.95406,2.00491,0.0989507,0.00275755,9110.23,231053,45276.8,65326.5,1309.42,1479.98,345.557,161.788,16.7044,2497.5,484.864,132.922,37715.1,3681.97,6158.16,185.404,34.9625,7.2118,19.9606,93.276,31.3152,5.49155,0.143516
setup,0,2006-07-29 23:00:00,0,0.0815048,14.2536,7.43455e-06,1.4532e-06,0.00323545,0.000388278,0.00441428,0.00547072,0.00357961,2.50638e-06,0,0,0,0.895047,1.40468,0.0165387,0.0482001,0.0136278,-3.998e-15,1.97627,2.02174,0.098678,0.00279374,9107.84,231043,45273.9,65322,1307.32,1473.2,343.738,162.136,16.7386,2498.36,484.861,132.866,37715.3,3682.09,6158.31,185.529,34.8255,7.18472,20.0637,93.6769,31.3312,5.49159,0.143496
setup,0,2006-07-30 23:00:00,0,0.0800355,14.4465,7.16197e-06,1.35643e-06,0.00323428,0.000379464,0.00448702,0.00562836,0.00394862,2.51038e-06,0,0,0,0.894518,1.39746,0.0165312,0.0480002,0.0136307,-3.998e-15,2.06589,2.08156,0.100708,0.00280265,9105.46,231033,45270.8,65318.6,1305.91,1466.29,341.112,162.969,16.5194,2499.21,484.857,132.811,37715.4,3682.2,6158.62,185.641,34.6857,7.13644,20.2307,94.0606,31.3471,5.49161,0.143651
setup,0,2006-07-31 23:00:00,0,0.0801548,15.44,6.9998e-06,1.26648e-06,0.00323333,0.000531006,0.00470428,0.00621597,0.00472414,2.52558e-06,0,0,0,0.893989,1.39028,0.0165236,0.0478016,0.0136281,-3.998e-15,2.16907,2.16358,0.104659,0.00280569,9103.11,231022,45266.5,65314.8,1305.51,1459.14,337.884,162.728,16.0617,2500.04,484.851,132.756,37715.5,3682.31,6159.01,185.802,34.5412,7.07252,20.3024,94.4252,31.3629,5.49162,0.144109
setup,0,2006-08-01 23:00:00,0,0.0785476,16.0354,6.27366e-06,1.1829e-06,0.00323235,0.000435444,0.0049166,0.00679717,0.00545593,2.54564e-06,0,0,0,0.893464,1.38316,0.0165161,0.0476042,0.0136273,-3.998e-15,2.17577,2.16886,0.107435,0.00279826,9100.76,231011,45261.6,65310.3,1305.62,1451.82,334.61,161.432,15.8988,2500.88,484.844,132.701,37715.6,3682.41,6159.38,186.162,34.3933,7.00753,20.2492,94.8041,31.3787,5.49161,0.143992
setup,0,2006-08-02 23:00:00,0,0.0779882,15.6202,5.61119e-06,1.10529e-06,0.00323109,0.000370079,0.00508164,0.00724748,0.00576648,2.55504e-06,0,0,0,0.892938,1.37608,0.0165086,0.0474079,0.0136262,-3.998e-15,2.16881,2.17936,0.108492,0.00277966,9098.43,231000,45256.9,65304.6,1305.31,1444.53,331.768,160.281,15.9265,2501.71,484.837,132.646,37715.7,3682.5,6159.58,186.491,34.246,6.95375,20.1671,95.191,31.3945,5.49161,0.144082
setup,0,2006-08-03 23:00:00,0,0.0767181,15.5803,5.17208e-06,1.03298e-06,0.00323014,0.000327308,0.00515404,0.00751579,0.00604339,2.56434e-06,0,0,0,0.892416,1.36905,0.016501,0.0472129,0.0136297,-3.998e-15,2.17508,2.18612,0.10901,0.00276312,9096.12,230989,45252.1,65299.1,1304.96,1437.26,329.013,159.127,15.9246,2502.55,484.83,132.591,37715.9,3682.57,6159.79,186.804,34.0993,6.90205,20.0841,95.5924,31.4103,5.4916,0.144009
setup,0,2006-08-04 23:00:00,0,0.0766239,15.1992,4.97859e-06,9.65642e-07,0.00322902,0.00030453,0.00519837,0.00768617,0.00607239,2.5578e-06,0,0,0,0.891895,1.36206,0.0164935,0.047019,0.0136303,-3.998e-15,2.14891,2.17322,0.109283,0.00274815,9093.82,230978,45247.6,65293.1,1304.26,1430.08,326.512,158.263,15.9889,2503.39,484.824,132.537,37716,3682.64,6159.91,187.09,33.954,6.8568,20.0162,95.997,31.4262,5.4916,0.144496
setup,0,2006-08-05 23:00:00,0,0.0773501,15.0146,5.06273e-06,9.02832e-07,0.00322788,0.000290414,0.00520056,0.00770238,0.00600476,2.54982e-06,0,0,0,0.891376,1.35512,0.016486,0.0468264,0.0136314,-3.998e-15,2.13586,2.16741,0.109237,0.00275631,9091.53,230967,45243.3,65287.1,1303.25,1422.93,324.117,157.723,16.07,2504.24,484.817,132.483,37716.1,3682.73,6160.02,187.35,33.8094,6.81407,19.9784,96.3974,31.4421,5.4916,0.144492
setup,0,2006-08-06 23:00:00,0,0.0769184,14.7205,5.10509e-06,8.4421e-07,0.00322667,0.000274392,0.00516373,0.00757866,0.00582318,2.53759e-06,0,0,0,0.890858,1.34823,0.0164785,0.0466349,0.0136289,-3.998e-15,2.12034,2.15736,0.108339,0.00275795,9089.23,230957,45239.4,65281.2,1302,1415.87,321.886,157.44,16.1597,2505.08,484.811,132.429,37716.2,3682.84,6160.1,187.57,33.6662,6.77539,19.9723,96.8029,31.458,5.49161,0.143978
setup,0,2006-08-07 23:00:00,0,0.077278,14.4445,5.13047e-06,7.8946e-07,0.00322539,0.000267599,0.00510991,0.00741995,0.00561543,2.5308e-06,0,0,0,0.890337,1.34138,0.016471,0.0464445,0.0136261,-3.998e-15,2.10171,2.14236,0.107547,0.00275661,9086.95,230947,45235.7,65275.4,1300.54,1408.89,319.777,157.408,16.2502,2505.92,484.805,132.375,37716.3,3682.95,6160.16,187.754,33.5248,6.73964,19.9935,97.2113,31.4739,5.49161,0.144031
setup,0,2006-08-08 23:00:00,0,0.0773796,14.1744,5.24419e-06,7.36939e-07,0.00322403,0.000279621,0.00503903,0.00720036,0.00537074,2.53189e-06,0,0,0,0.889818,1.33457,0.0164635,0.0462554,0.013626,-3.998e-15,2.08105,2.12755,0.106979,0.00275855,9084.67,230937,45232.3,65269.7,1298.92,1402.01,317.79,157.578,16.3365,2506.77,484.799,132.321,37716.5,3683.06,6160.22,187.912,33.385,6.70681,20.0389,97.6184,31.4898,5.49162,0.144354
setup,0,2006-08-09 23:00:00,0,0.0776153,14.0587,5.55187e-06,6.86847e-07,0.00322261,0.000279357,0.00498177,0.00699773,0.00517511,2.53708e-06,0,0,0,0.889299,1.32781,0.016456,0.0460673,0.0136261,-3.998e-15,2.07296,2.12065,0.106525,0.00276734,9082.4,230928,45228.9,65264.2,1297.18,1395.18,315.829,157.911,16.4061,2507.62,484.794,132.268,37716.6,3683.18,6160.28,188.052,33.2462,6.67441,20.1063,98.024,31.5057,5.49163,0.143965
setup,0,2006-08-10 23:00:00,0,0.077407,13.8035,5.41145e-06,6.39721e-07,0.00322115,0.000252109,0.00491479,0.00678035,0.00495077,2.55368e-06,0,0,0,0.888779,1.3211,0.0164485,0.0458804,0.0136257,-3.998e-15,2.06137,2.1101,0.105407,0.00276744,9080.13,230918,45225.8,65258.8,1295.35,1388.45,313.98,158.354,16.4757,2508.46,484.789,132.215,37716.7,3683.29,6160.34,188.156,33.1092,6.64469,20.1951,98.4394,31.5216,5.49165,0.143724
setup,0,2006-08-11 23:00:00,0,0.0778858,13.8276,5.30641e-06,5.95001e-07,0.00321977,0.000252574,0.0048659,0.00661997,0.00482554,2.5788e-06,0,0,0,0.888259,1.31443,0.016441,0.0456947,0.0136262,-3.998e-15,2.05276,2.10049,0.105056,0.00277724,9077.87,230909,45222.6,65253.6,1293.55,1381.77,312.062,158.839,16.5107,2509.31,484.783,132.162,37716.8,3683.4,6160.42,188.277,32.973,6.6129,20.2894,98.8382,31.5375,5.49166,0.144081
setup,0,2006-08-12 23:00:00,0,0.0777153,13.9226,5.32188e-06,5.52296e-07,0.00321843,0.000262422,0.00484534,0.00652307,0.00477989,2.6097e-06,0,0,0,0.88774,1.3078,0.0164335,0.04551,0.0136261,-3.998e-15,2.067,2.10767,0.104937,0.00278651,9075.61,230899,45219.2,65248.7,1291.86,1375.12,310.058,159.234,16.5193,2510.15,484.778,132.109,37717,3683.52,6160.54,188.39,32.8372,6.57867,20.3835,99.2492,31.5533,5.49167,0.143626
setup,0,2006-08-13 23:00:00,0,0.0770425,13.8039,5.25194e-06,5.11349e-07,0.00321707,0.000248621,0.00482323,0.00644171,0.00471192,2.64267e-06,0,0,0,0.88722,1.30122,0.016426,0.0453265,0.0136258,-3.998e-15,2.06507,2.10808,0.104567,0.00278043,9073.36,230890,45216,65243.7,1290.21,1368.53,308.121,159.56,16.5381,2510.99,484.773,132.056,37717.1,3683.63,6160.65,188.49,32.7027,6.54596,20.4798,99.6702,31.5692,5.49169,0.143496
setup,0,2006-08-14 23:00:00,0,0.0768468,13.4881,5.12923e-06,4.71966e-07,0.00321565,0.000253964,0.00477548,0.00631001,0.00454795,2.67827e-06,0,0,0,0.886702,1.29468,0.0164186,0.0451441,0.0136256,-3.998e-15,2.02193,2.07719,0.103794,0.00277142,9071.13,230881,45213,65238.6,1288.44,1362.04,306.36,159.972,16.5926,2511.84,484.768,132.004,37717.2,3683.74,6160.71,188.615,32.57,6.51762,20.567,100.07,31.5851,5.49171,0.143722
setup,0,2006-08-15 23:00:00,0,0.0765762,13.2389,5.28306e-06,4.33864e-07,0.00321425,0.000291466,0.00471346,0.00613358,0.0043708,2.71263e-06,0,0,0,0.886184,1.28819,0.0164111,0.0449628,0.0136256,-3.998e-15,2.01261,2.06823,0.103312,0.00276518,9068.9,230872,45210.2,65233.7,1286.59,1355.64,304.709,160.478,16.6411,2512.68,484.764,131.951,37717.3,3683.85,6160.76,188.703,32.4391,6.49191,20.6653,100.49,31.601,5.49174,0.143275
setup,0,2006-08-16 23:00:00,0,0.077161,13.1438,5.15286e-06,3.96911e-07,0.00321291,0.000276404,0.00466702,0.00598682,0.00422611,2.74256e-06,0,0,0,0.885667,1.28174,0.0164036,0.0447826,0.0136263,-3.998e-15,2.00368,2.0578,0.10247,0.00277204,9066.68,230863,45207.5,65228.8,1284.69,1349.3,303.065,161.088,16.6827,2513.53,484.76,131.899,37717.5,3683.96,6160.81,188.784,32.3091,6.46618,20.7761,100.906,31.6169,5.49177,0.143217
setup,0,2006-08-17 23:00:00,0,0.0768572,12.9808,4.92047e-06,3.60865e-07,0.00321164,0.000297857,0.00461415,0.00581961,0.00407591,2.77018e-06,0,0,0,0.885151,1.27533,0.0163962,0.0446035,0.0136266,-3.998e-15,1.9883,2.04415,0.101942,0.00277522,9064.46,230854,45204.9,65224.1,1282.77,1343.04,301.484,161.745,16.7154,2514.37,484.756,131.847,37717.6,3684.08,6160.86,188.861,32.1805,6.44186,20.8917,101.319,31.6328,5.4918,0.14339
setup,0,2006-08-18 23:00:00,0,0.0769571,12.8169,4.84933e-06,3.25578e-07,0.0032104,0.000321788,0.00456695,0.00567435,0.00393064,2.79746e-06,0,0,0,0.884634,1.26897,0.0163887,0.0444254,0.0136262,-3.998e-15,1.97451,2.03341,0.101135,0.00277704,9062.26,230845,45202.4,65219.4,1280.81,1336.84,299.961,162.451,16.7502,2515.22,484.753,131.796,37717.7,3684.19,6160.91,188.929,32.0534,6.41883,21.0141,101.734,31.6487,5.49183,0.142846
setup,0,2006-08-19 23:00:00,0,0.0761385,12.6554,4.63458e-06,2.90822e-07,0.00320928,0.000324867,0.00451224,0.00550706,0.00378601,2.82222e-06,0,0,0,0.884118,1.26266,0.0163813,0.0442485,0.0136256,-3.998e-15,1.96163,2.01897,0.100004,0.00277032,9060.06,230837,45200,65214.9,1278.87,1330.73,298.488,163.176,16.7684,2516.07,484.75,131.744,37717.8,3684.3,6160.95,188.99,31.9277,6.39689,21.1419,102.149,31.6646,5.49187,0.142425
setup,0,2006-08-20 23:00:00,0,0.0775041,12.6985,4.50744e-06,2.56789e-07,0.00320833,0.000364352,0.00448703,0.00543802,0.00372589,2.85427e-06,0,0,0,0.883602,1.25639,0.0163738,0.0440726,0.0136259,-3.998e-15,1.96383,2.01863,0.100194,0.00278124,9057.87,230828,45197.6,65210.6,1276.98,1324.66,296.926,163.884,16.7798,2516.91,484.747,131.693,37717.9,3684.41,6161.03,189.052,31.8027,6.37243,21.2721,102.564,31.6805,5.49191,0.143122
setup,0,2006-08-21 23:00:00,0,0.0779393,14.0418,4.51468e-06,2.22992e-07,0.00320803,0.000372435,0.00459653,0.00568882,0.00418875,2.88443e-06,0,0,0,0.883088,1.25016,0.0163664,0.0438977,0.0136295,-3.998e-15,2.08165,2.09543,0.102945,0.00282081,9055.68,230819,45193.8,65207.2,1275.92,1318.41,294.541,163.864,16.611,2517.74,484.742,131.641,37718.1,3684.52,6161.37,189.171,31.6738,6.32632,21.3769,102.985,31.6962,5.49192,0.14318
setup,0,2006-08-22 23:00:00,0,0.0774379,14.7156,4.13564e-06,1.89489e-07,0.00320774,0.00036521,0.0047935,0.00614802,0.00475352,2.90379e-06,0,0,0,0.88257,1.24398,0.0163589,0.0437239,0.0136286,-3.998e-15,2.13374,2.14179,0.105761,0.00284102,9053.49,230808,45189.4,65203.2,1275.24,1312.01,291.936,163.243,16.5059,2518.57,484.736,131.59,37718.2,3684.62,6161.73,189.386,31.5419,6.27452,21.4147,103.395,31.7118,5.49193,0.14356
setup,0,2006-08-23 23:00:00,0,0.0760426,14.5422,3.86288e-06,1.56979e-07,0.00320721,0.000370128,0.00491869,0.00644894,0.00502467,2.9201e-06,0,0,0,0.882053,1.23785,0.0163515,0.0435473,0.0136268,-3.998e-15,2.13785,2.15576,0.107065,0.00283331,9051.31,230798,45185,65198.4,1274.37,1305.61,289.585,162.644,16.4928,2519.39,484.729,131.539,37718.3,3684.71,6161.96,189.6,31.41,6.22932,21.4228,103.829,31.7275,5.49193,0.143209
setup,0,2006-08-24 23:00:00,0,0.0762631,14.1852,3.53119e-06,1.26434e-07,0.00320661,0.000356232,0.00498354,0.00662596,0.00508309,2.93534e-06,0,0,0,0.881538,1.23176,0.0163441,0.0432114,0.013626,-3.998e-15,2.11502,2.14823,0.107183,0.00283263,9049.16,230788,45180.9,65193.1,1273.12,1299.26,287.5,162.382,16.532,2520.23,484.723,131.489,37718.4,3684.79,6162.1,189.798,31.2788,6.19092,21.4404,104.265,31.7432,5.49194,0.143239
setup,0,2006-08-25 23:00:00,0,0.0766016,13.9271,3.26737e-06,9.74191e-08,0.00320609,0.000366103,0.00498935,0.00662998,0.0050033,2.94662e-06,0,0,0,0.881026,1.22571,0.0163366,0.0430137,0.0136263,-3.998e-15,2.09646,2.13901,0.106756,0.00284854,9047.01,230778,45177,65187.7,1271.6,1292.96,285.575,162.408,16.58,2521.06,484.717,131.439,37718.5,3684.87,6162.2,189.976,31.1487,6.15653,21.4866,104.689,31.759,5.49194,0.143246
setup,0,2006-08-26 23:00:00,0,0.0774172,13.9278,3.09406e-06,6.95168e-08,0.00320574,0.000379076,0.00498945,0.00660341,0.00494983,2.95543e-06,0,0,0,0.880513,1.21972,0.0163292,0.0428255,0.0136343,-3.998e-15,2.10591,2.1471,0.106814,0.00287411,9044.86,230768,45173.2,65182.5,1270.01,1286.69,283.63,162.553,16.6042,2521.89,484.711,131.388,37718.6,3684.97,6162.32,190.13,31.0189,6.12143,21.548,105.126,31.7747,5.49195,0.143416
setup,0,2006-08-27 23:00:00,0,0.0762242,13.7347,2.95026e-06,4.29584e-08,0.00320541,0.000389623,0.00497429,0.00649834,0.00483959,2.95399e-06,0,0,0,0.879999,1.21376,0.0163218,0.0426458,0.0136307,2.65544e-06,2.09452,2.13846,0.106168,0.00287968,9042.71,230758,45169.6,65177.3,1268.34,1280.49,281.803,162.777,16.6312,2522.72,484.705,131.338,37718.7,3685.07,6162.43,190.269,30.8904,6.08923,21.6221,105.564,31.7904,5.49195,0.142829
setup,0,2006-08-28 23:00:00,0,0.0756683,13.3528,2.77456e-06,1.88284e-08,0.0032051,0.000390387,0.00491762,0.00637381,0.00466963,2.96455e-06,0,0,0,0.879484,1.20785,0.0163144,0.0424572,0.0136257,3.78298e-06,2.06658,2.1164,0.10542,0.00285911,9040.59,230749,45166.3,65172.2,1266.57,1274.4,280.162,163.096,16.6699,2523.56,484.7,131.289,37718.8,3685.18,6162.49,190.379,30.7642,6.06165,21.7049,106.011,31.8062,5.49197,0.142908
setup,0,2006-08-29 23:00:00,0,0.0744713,13.0494,2.68881e-06,1.25884e-09,0.00320494,0.000412267,0.00483844,0.00617981,0.00447335,2.9806e-06,0,0,0,0.878973,1.20198,0.016307,0.0422719,0.0136259,5.64504e-06,2.03453,2.09338,0.104646,0.00283557,9038.47,230740,45163.2,65167.2,1264.78,1268.43,278.642,163.474,16.6966,2524.4,484.696,131.239,37719,3685.28,6162.55,190.482,30.6403,6.037,21.7968,106.453,31.822,5.49199,0.142719
setup,0,2006-08-30 23:00:00,0,0.0734254,12.8469,2.84868e-06,0,0.00320505,0.000427374,0.00474792,0.00601025,0.00432894,3.00124e-06,0,0,0,0.878462,1.19616,0.0162996,0.0420915,0.0136261,7.74208e-06,2.00441,2.06636,0.104245,0.00280069,9036.38,230731,45160.3,65162.5,1263.06,1262.57,277.16,163.807,16.6979,2525.23,484.692,131.19,37719.1,3685.39,6162.62,190.593,30.5185,6.01307,21.8881,106.881,31.8377,5.49202,0.142606
setup,0,2006-08-31 23:00:00,0,0.0735308,12.5498,2.56909e-06,0,0.00320512,0.000687842,0.00469515,0.00587512,0.00416398,3.01878e-06,0,0,0,0.877955,1.19037,0.0162922,0.0419137,0.0136263,1.00594e-05,2.02635,2.09065,0.103554,0.00278123,9034.3,230723,45157.6,65157.9,1261.4,1256.79,275.746,163.784,16.4552,2526.07,484.689,131.141,37719.2,3685.5,6162.68,190.547,30.3982,5.99075,21.9417,107.268,31.8535,5.49206,0.142503
setup,0,2006-09-01 23:00:00,0,0.0734518,12.251,2.0688e-06,0,0.0032052,0.000677062,0.00460127,0.0056843,0.00398441,3.03053e-06,0,0,0,0.877449,1.18463,0.0162848,0.0417542,0.0136258,1.3528e-05,1.92837,1.99965,0.102564,0.00276441,9032.22,230714,45155,65153.4,1259.66,1251.09,274.413,163.717,16.4492,2526.91,484.686,131.092,37719.3,3685.6,6162.72,190.64,30.2794,5.97034,21.9727,107.691,31.8693,5.4921,0.142324
setup,0,2006-09-02 23:00:00,0,0.074084,12.0882,1.67613e-06,0,0.0032054,0.000643743,0.00454534,0.00553134,0.00383644,3.03418e-06,0,0,0,0.876943,1.17893,0.0162774,0.0415687,0.0136256,1.58864e-05,1.92262,1.98848,0.10176,0.00276506,9030.15,230706,45152.6,65149,1257.78,1245.44,273.102,163.82,16.4975,2527.75,484.683,131.043,37719.4,3685.71,6162.77,190.701,30.1615,5.95031,22.0201,108.129,31.8851,5.49214,0.142156
setup,0,2006-09-03 23:00:00,0,0.0725661,11.8651,1.35637e-06,0,0.00320569,0.000606816,0.00447071,0.0053338,0.00367956,3.03085e-06,0,0,0,0.876437,1.17326,0.01627,0.0414254,0.0136258,1.73402e-05,1.89311,1.95916,0.100593,0.00274594,9028.08,230698,45150.3,65144.8,1255.88,1239.87,271.856,164.007,16.5389,2528.59,484.681,130.994,37719.5,3685.82,6162.81,190.763,30.0454,5.9318,22.0722,108.557,31.9009,5.49219,0.141695
setup,0,2006-09-04 23:00:00,0,0.0718632,11.9689,1.30528e-06,0,0.0032061,0.000536196,0.00441684,0.00525743,0.00366988,3.03384e-06,0,0,0,0.87593,1.16762,0.0162626,0.041264,0.0136274,1.77043e-05,1.89409,1.95541,0.100628,0.00271324,9026.04,230690,45147.9,65141.1,1254.2,1234.37,270.447,164.052,16.5252,2529.42,484.679,130.946,37719.7,3685.92,6162.93,190.833,29.9304,5.9088,22.1277,108.979,31.9167,5.49224,0.142005
setup,0,2006-09-05 23:00:00,0,0.0720691,11.7158,1.08524e-06,0,0.00320625,0.000467273,0.00438547,0.00518897,0.00357104,3.03081e-06,0,0,0,0.875428,1.16203,0.0162553,0.0410911,0.0136258,1.69319e-05,1.87847,1.94279,0.0999516,0.00269958,9024.01,230683,45145.6,65137,1252.38,1228.92,269.173,164.182,16.5918,2530.26,484.677,130.898,37719.8,3686.03,6162.99,190.882,29.8164,5.8892,22.181,109.418,31.9324,5.4923,0.141415
setup,0,2006-09-06 23:00:00,0,0.072118,11.7962,1.07032e-06,0,0.00320638,0.000429529,0.00435521,0.00511817,0.00353976,3.02535e-06,0,0,0,0.874927,1.15648,0.0162479,0.0409016,0.0136259,1.4486e-05,1.88067,1.94043,0.099774,0.00269717,9021.98,230675,45143.2,65133.3,1250.62,1223.5,267.793,164.335,16.6199,2531.1,484.676,130.85,37719.9,3686.13,6163.1,190.936,29.7028,5.86667,22.2413,109.851,31.9482,5.49235,0.141542
setup,0,2006-09-07 23:00:00,0,0.0714397,11.795,1.38321e-06,0,0.00320626,0.000368335,0.00433819,0.00507079,0.00352148,3.0091e-06,0,0,0,0.874425,1.15097,0.0162405,0.0407511,0.0136263,1.37561e-05,1.87814,1.93507,0.0994205,0.00268681,9019.97,230667,45140.8,65129.6,1248.91,1218.11,266.39,164.455,16.6418,2531.93,484.674,130.802,37720,3686.23,6163.21,190.995,29.5898,5.84336,22.3031,110.278,31.9639,5.49241,0.14139
setup,0,2006-09-08 23:00:00,0,0.0728789,11.5963,1.49328e-06,0,0.00320582,0.000322473,0.00433139,0.00504037,0.00344244,2.99197e-06,0,0,0,0.873923,1.1455,0.0162331,0.040571,0.0136256,1.21992e-05,1.87136,1.93011,0.0989149,0.00269589,9017.97,230659,45138.5,65125.6,1247.01,1212.75,265.098,164.736,16.7246,2532.77,484.673,130.754,37720.1,3686.33,6163.27,191.027,29.4774,5.82287,22.3683,110.725,31.9797,5.49247,0.141274
setup,0,2006-09-09 23:00:00,0,0.0734758,11.4575,1.63761e-06,0,0.00320518,0.0002804,0.00431023,0.00492471,0.00331981,2.97207e-06,0,0,0,0.873423,1.14006,0.0162258,0.0404296,0.0136262,1.11955e-05,1.85933,1.92177,0.0980963,0.00272202,9015.95,230651,45136.3,65121.6,1244.96,1207.42,263.882,165.21,16.8061,2533.6,484.671,130.706,37720.2,3686.44,6163.31,191.05,29.3656,5.80421,22.4526,111.165,31.9954,5.49252,0.141285
setup,0,2006-09-10 23:00:00,0,0.0739702,11.3186,1.8844e-06,0,0.00320433,0.000269463,0.00428425,0.00480052,0.00318762,2.95208e-06,0,0,0,0.87292,1.13466,0.0162184,0.0402802,0.0136257,1.07334e-05,1.85363,1.91656,0.0972947,0.00274267,9013.94,230644,45134.3,65117.6,1242.82,1202.15,262.723,165.825,16.8791,2534.44,484.67,130.659,37720.3,3686.54,6163.35,191.051,29.2547,5.78688,22.5592,111.605,32.0112,5.49258,0.14135
setup,0,2006-09-11 23:00:00,0,0.0745335,11.1866,2.30996e-06,0,0.00320328,0.000217813,0.00425699,0.00467575,0.00306068,2.94059e-06,0,0,0,0.872417,1.12929,0.0162111,0.0401188,0.0136262,1.00017e-05,1.84542,1.90665,0.0966096,0.00276588,9011.93,230637,45132.4,65113.8,1240.6,1196.92,261.619,166.551,16.944,2535.28,484.668,130.612,37720.5,3686.65,6163.38,191.037,29.1447,5.77085,22.6741,112.05,32.027,5.49264,0.141272
setup,0,2006-09-12 23:00:00,0,0.0751334,11.0435,2.24556e-06,0,0.00320218,0.000159447,0.00423337,0.00455418,0.00293305,2.94348e-06,0,0,0,0.871913,1.12395,0.0162037,0.0399732,0.0136258,8.84591e-06,1.83368,1.89958,0.0959213,0.00279197,9009.92,230629,45130.7,65110.1,1238.33,1191.74,260.58,167.361,17.0059,2536.12,484.667,130.564,37720.6,3686.75,6163.41,191.014,29.0357,5.75636,22.7997,112.495,32.0428,5.4927,0.141601
setup,0,2006-09-13 23:00:00,0,0.075548,11.4471,2.22943e-06,0,0.00320125,0.000139014,0.00424173,0.00452046,0.00295955,2.95976e-06,0,0,0,0.871409,1.11864,0.0161964,0.0398506,0.0136258,8.96486e-06,1.8711,1.9255,0.0964368,0.00282494,9007.91,230622,45128.5,65106.9,1236.28,1186.55,259.217,168.059,16.975,2536.95,484.665,130.517,37720.7,3686.85,6163.55,190.995,28.9263,5.73321,22.9337,112.943,32.0585,5.49275,0.141421
setup,0,2006-09-14 23:00:00,0,0.0762042,12.3793,2.12312e-06,0,0.00320057,9.72431e-05,0.00435418,0.00473746,0.00326497,2.98537e-06,0,0,0,0.870904,1.11338,0.016189,0.039679,0.0136271,9.34699e-06,1.94556,1.97754,0.0982897,0.00287043,9005.91,230613,45125.4,65104.2,1234.76,1181.25,257.283,168.247,16.8724,2537.77,484.662,130.471,37720.8,3686.95,6163.86,191.042,28.8142,5.69503,23.0502,113.372,32.074,5.49279,0.141612
setup,0,2006-09-15 23:00:00,0,0.074897,13.6948,1.92799e-06,0,0.00320026,7.27763e-05,0.00458165,0.00530411,0.00402659,3.02431e-06,0,0,0,0.8704,1.10815,0.0161817,0.0394973,0.0136277,8.96276e-06,2.069,2.06735,0.102269,0.00288838,9003.92,230603,45121,65101.6,1234.16,1175.74,254.753,167.31,16.6858,2538.58,484.657,130.424,37720.9,3687.04,6164.34,191.186,28.6978,5.64131,23.0788,113.822,32.0894,5.4928,0.141448
setup,0,2006-09-16 23:00:00,0,0.0739601,13.0118,1.78425e-06,0,0.00319922,8.05651e-05,0.00468739,0.00550274,0.00407907,3.05336e-06,0,0,0,0.869895,1.10296,0.0161744,0.0393513,0.013626,7.87503e-06,2.02431,2.05903,0.10345,0.002873,9001.94,230594,45117.2,65097.4,1232.91,1170.26,252.805,166.807,16.7265,2539.4,484.652,130.377,37721,3687.12,6164.54,191.326,28.582,5.60282,23.0858,114.28,32.105,5.49282,0.141744
setup,0,2006-09-17 23:00:00,0,0.0725774,12.4736,1.49891e-06,0,0.00319819,5.11612e-05,0.00467578,0.00552497,0.00403454,3.09415e-06,0,0,0,0.869393,1.09779,0.0161671,0.0392418,0.0136256,7.58427e-06,1.98541,2.03626,0.103444,0.00284734,8999.98,230585,45113.7,65092.9,1231.35,1164.88,251.22,166.603,16.7693,2540.22,484.648,130.331,37721.1,3687.19,6164.64,191.435,28.4683,5.57366,23.1056,114.744,32.1206,5.49285,0.14157
setup,0,2006-09-18 23:00:00,0,0.0721529,12.3647,9.31438e-07,0,0.00319734,6.71451e-05,0.0046571,0.00553744,0.00402301,3.12064e-06,0,0,0,0.868894,1.09265,0.0161597,0.0390972,0.0136288,8.02358e-06,1.97055,2.02394,0.102999,0.00283129,8998.04,230577,45110.4,65088.6,1229.76,1159.56,249.658,166.5,16.7764,2541.05,484.644,130.285,37721.2,3687.27,6164.77,191.541,28.3559,5.54496,23.1396,115.198,32.1362,5.49288,0.141323
setup,0,2006-09-19 23:00:00,0,0.0721277,12.0318,8.51189e-07,0,0.00319648,0.000132685,0.00462509,0.00548686,0.00391271,3.13684e-06,0,0,0,0.868398,1.08756,0.0161524,0.0389183,0.0136268,7.39019e-06,1.94966,2.00842,0.102609,0.00282216,8996.12,230568,45107.5,65084.1,1227.99,1154.31,248.271,166.565,16.8215,2541.88,484.641,130.239,37721.3,3687.36,6164.84,191.613,28.2449,5.52069,23.1884,115.662,32.1518,5.49292,0.141754
setup,0,2006-09-20 23:00:00,0,0.0724131,11.7978,1.17893e-06,0,0.0031957,0.000208284,0.00458152,0.00537128,0.00376333,3.14487e-06,0,0,0,0.867903,1.08249,0.0161451,0.0387963,0.0136258,6.84178e-06,1.92392,1.99055,0.101966,0.00282553,8994.19,230560,45104.7,65079.8,1226.08,1149.13,246.984,166.815,16.8745,2542.7,484.638,130.193,37721.4,3687.46,6164.9,191.675,28.1353,5.49886,23.2537,116.119,32.1674,5.49296,0.141531
setup,0,2006-09-21 23:00:00,0,0.072818,11.6101,1.18287e-06,0,0.00319503,0.000265469,0.00453701,0.00522856,0.00360271,3.14614e-06,0,0,0,0.867407,1.07745,0.0161378,0.0386719,0.0136257,7.05476e-06,1.91743,1.98144,0.10119,0.00283768,8992.28,230552,45102.2,65075.6,1224.05,1144,245.764,167.238,16.9274,2543.53,484.635,130.147,37721.5,3687.56,6164.95,191.7,28.0267,5.47866,23.34,116.589,32.1831,5.493,0.141682
setup,0,2006-09-22 23:00:00,0,0.0729416,11.4215,1.23903e-06,0,0.00319446,0.000319849,0.00448883,0.00507108,0.00344138,3.14742e-06,0,0,0,0.866912,1.07245,0.0161305,0.0385083,0.0136256,6.56966e-06,1.89877,1.96505,0.10027,0.00284893,8990.36,230544,45099.8,65071.4,1221.94,1138.94,244.617,167.789,16.9745,2544.36,484.633,130.101,37721.6,3687.66,6164.99,191.713,27.9194,5.46019,23.4415,117.055,32.1987,5.49305,0.141263
setup,0,2006-09-23 23:00:00,0,0.0720565,12.2724,1.10595e-06,0,0.00319458,0.000344006,0.00450334,0.00515925,0.00369626,3.16285e-06,0,0,0,0.866417,1.06747,0.0161232,0.0383855,0.0136318,6.68219e-06,1.9692,2.01079,0.101879,0.00284118,8988.46,230536,45096.5,65068.5,1220.49,1133.83,242.895,167.778,16.8314,2545.18,484.63,130.056,37721.7,3687.75,6165.29,191.763,27.8109,5.42649,23.531,117.517,32.2142,5.49309,0.141221
setup,0,2006-09-24 23:00:00,0,0.0721164,13.6265,8.85077e-07,0,0.0031958,0.000374069,0.00426054,0.00551589,0.00508394,3.17143e-06,0,0,0,0.865922,1.06253,0.0161159,0.0382298,0.013629,7.10851e-06,2.05096,2.04358,0.106197,0.00285782,8986.57,230526,45091.8,65064,1220.26,1128.69,240.151,166.487,16.7004,2545.96,484.626,130.01,37721.8,3687.84,6165.56,191.955,27.7012,5.36573,23.5333,117.964,32.2292,5.49312,0.144008
setup,0,2006-09-25 23:00:00,0,0.071846,13.5351,7.14029e-07,0,0.00319601,0.000398337,0.00444276,0.00578133,0.00504463,3.18118e-06,0,0,0,0.86543,1.05763,0.0161086,0.0380569,0.0136257,7.04001e-06,2.06464,2.0649,0.108017,0.00287848,8984.7,230516,45087.1,65060.2,1219.7,1123.54,237.471,165.484,16.6738,2546.73,484.622,129.965,37721.9,3687.91,6165.9,192.127,27.591,5.30652,23.5126,118.45,32.2442,5.49314,0.145409
setup,0,2006-09-26 23:00:00,0,0.0718934,13.3047,6.44888e-07,0,0.00319589,0.000409442,0.00485704,0.00633939,0.004917,3.18088e-06,0,0,0,0.864939,1.05277,0.0161013,0.0379135,0.0136257,6.37936e-06,2.04624,2.06598,0.108641,0.00289331,8982.83,230506,45082.5,65055.7,1218.76,1118.39,234.98,164.838,16.7074,2547.51,484.617,129.92,37722,3687.97,6166.13,192.301,27.481,5.25223,23.5102,118.915,32.2592,5.49317,0.145069
setup,0,2006-09-27 23:00:00,0,0.0718741,13.1348,5.82487e-07,0,0.00319601,0.000416268,0.00478803,0.00627249,0.00491154,3.15715e-06,0,0,0,0.864448,1.04792,0.016094,0.0378072,0.0136259,6.40792e-06,2.03785,2.06493,0.108873,0.00291333,8980.97,230497,45078.1,65051.2,1217.55,1113.27,232.626,164.486,16.7287,2548.28,484.613,129.875,37722.1,3688.03,6166.35,192.456,27.3715,5.20141,23.5256,119.384,32.2741,5.49319,0.145174
setup,0,2006-09-28 23:00:00,0,0.0730796,13.1339,4.77064e-07,0,0.0031961,0.000414194,0.00489955,0.00645498,0.00491809,3.10051e-06,0,0,0,0.863958,1.04311,0.0160868,0.03766,0.0136326,6.5648e-06,2.05658,2.0789,0.109222,0.00295526,8979.12,230487,45073.8,65046.6,1216.13,1108.16,230.291,164.346,16.7614,2549.05,484.608,129.831,37722.2,3688.1,6166.55,192.574,27.2621,5.151,23.5668,119.865,32.289,5.49321,0.145433
setup,0,2006-09-29 23:00:00,0,0.0735609,13.0263,3.20114e-07,0,0.0031962,0.000402431,0.00495854,0.00647721,0.00482834,3.02555e-06,0,0,0,0.863469,1.03834,0.0160795,0.0375063,0.0136403,6.51038e-06,2.05673,2.08229,0.109185,0.00300358,8977.27,230478,45069.6,65041.9,1214.53,1103.08,228.061,164.39,16.8111,2549.82,484.603,129.786,37722.3,3688.18,6166.73,192.672,27.1529,5.10325,23.6249,120.352,32.3039,5.49323,0.145411
setup,0,2006-09-30 23:00:00,0,0.0739174,12.963,0.000497516,0,0.0031965,0.000623124,0.00483902,0.00629504,0.00482269,2.94728e-06,0,0,0,0.862978,1.03359,0.0160722,0.0373668,0.0136363,6.42144e-06,2.07839,2.10725,0.109746,0.00304379,8975.42,230468,45065.5,65037.5,1212.91,1098.01,225.871,164.18,16.5585,2550.58,484.598,129.742,37722.4,3688.27,6166.95,192.669,27.044,5.05643,23.6653,120.788,32.3187,5.49325,0.145933
setup,0,2006-10-01 23:00:00,0,0.0727357,12.5843,0.00141936,0,0.00319658,0.000546235,0.00502393,0.00645404,0.00466347,2.86191e-06,0,0,0,0.862487,1.02888,0.0160649,0.0372304,0.0136258,5.65537e-06,2.00799,2.05258,0.109003,0.00303153,8973.57,230459,45061.7,65033.1,1211.22,1093.01,223.917,163.852,16.5458,2551.35,484.594,129.697,37722.5,3688.36,6167.12,192.748,26.9366,5.01566,23.686,121.26,32.3336,5.49327,0.145195
setup,0,2006-10-02 23:00:00,0,0.0720884,12.2608,0.00199003,0,0.00319688,0.000447816,0.00491806,0.00626595,0.00451433,2.78923e-06,0,0,0,0.861995,1.02418,0.0160577,0.0371405,0.0136276,5.75355e-06,1.97485,2.02449,0.108036,0.00300494,8971.75,230450,45058.1,65028.7,1209.44,1088.1,222.12,163.622,16.5793,2552.12,484.59,129.653,37722.6,3688.45,6167.27,192.817,26.8311,4.97886,23.7041,121.738,32.3485,5.4933,0.144835
setup,0,2006-10-03 23:00:00,0,0.072624,12.1789,0.00218181,0,0.0031973,0.000363824,0.00484545,0.00614192,0.00443548,2.71917e-06,0,0,0,0.861507,1.01952,0.0160504,0.036994,0.0136277,5.95658e-06,1.97096,2.01508,0.107437,0.00301302,8969.95,230442,45054.5,65024.5,1207.53,1083.23,220.33,163.551,16.6309,2552.89,484.586,129.609,37722.7,3688.54,6167.42,192.867,26.7263,4.94212,23.7395,122.22,32.3634,5.49333,0.144862
setup,0,2006-10-04 23:00:00,0,0.0718495,11.8924,0.00217243,0,0.00319757,0.000301978,0.00488958,0.00609828,0.00425303,2.65364e-06,0,0,0,0.861021,1.0149,0.0160432,0.036842,0.0136261,5.43027e-06,1.95944,2.00854,0.10659,0.003003,8968.14,230433,45051.2,65020.2,1205.54,1078.43,218.691,163.565,16.701,2553.66,484.582,129.565,37722.8,3688.63,6167.55,192.871,26.6232,4.90921,23.795,122.722,32.3782,5.49336,0.144564
setup,0,2006-10-05 23:00:00,0,0.0706871,11.6345,0.00208924,0,0.00319796,0.000258818,0.00466094,0.00575496,0.00412026,2.59791e-06,0,0,0,0.860534,1.01029,0.0160359,0.0367414,0.013631,5.69274e-06,1.91359,1.96968,0.106035,0.0029704,8966.36,230425,45048.1,65016.3,1203.55,1073.73,217.175,163.628,16.7446,2554.43,484.579,129.521,37722.9,3688.73,6167.69,192.903,26.5218,4.87936,23.849,123.192,32.3931,5.4934,0.144776
setup,0,2006-10-06 23:00:00,0,0.0702701,11.5524,0.00187649,0,0.00319826,0.000239438,0.00461015,0.00568736,0.00408202,2.54111e-06,0,0,0,0.860049,1.00572,0.0160287,0.0365862,0.0136263,5.71683e-06,1.91674,1.9679,0.105989,0.00294757,8964.6,230417,45045,65012.6,1201.58,1069.07,215.677,163.699,16.7712,2555.2,484.577,129.477,37723,3688.82,6167.85,192.904,26.4214,4.84985,23.9092,123.683,32.408,5.49345,0.144791
setup,0,2006-10-07 23:00:00,0,0.0696857,11.5004,0.00158179,0,0.00319849,0.000244978,0.00457707,0.00565086,0.00407371,2.48935e-06,0,0,0,0.859568,1.00118,0.0160214,0.0364493,0.0136278,5.7525e-06,1.89535,1.95433,0.106051,0.0029267,8962.85,230409,45041.9,65009.1,1199.65,1064.46,214.203,163.732,16.7884,2555.97,484.574,129.434,37723.1,3688.91,6168.04,192.937,26.3218,4.82087,23.9699,124.145,32.4229,5.4935,0.144645
setup,0,2006-10-08 23:00:00,0,0.0683801,11.4297,0.00129349,0,0.00319866,0.000273778,0.00453252,0.00560085,0.00408928,2.43677e-06,0,0,0,0.859088,0.996672,0.0160142,0.036312,0.0136292,5.32948e-06,1.90715,1.95783,0.106301,0.0028951,8961.11,230401,45038.8,65005.8,1197.79,1059.87,212.784,163.676,16.7904,2556.75,484.572,129.391,37723.2,3689,6168.23,192.936,26.2229,4.79321,24.0224,124.641,32.4379,5.49355,0.144532
setup,0,2006-10-09 23:00:00,0,0.0677455,11.2657,0.000942167,0,0.00319855,0.000311276,0.004671,0.00580373,0.00406784,2.38052e-06,0,0,0,0.858609,0.992185,0.016007,0.036209,0.0136259,5.43015e-06,1.87828,1.94101,0.106188,0.00285657,8959.4,230393,45035.9,65002.2,1195.96,1055.34,211.449,163.583,16.8176,2557.52,484.571,129.347,37723.3,3689.09,6168.39,192.962,26.1252,4.76765,24.0668,125.119,32.4528,5.4936,0.144357
setup,0,2006-10-10 23:00:00,0,0.069047,12.1611,0.000514366,0,0.00319931,0.000365353,0.0041158,0.00539041,0.00472842,2.32839e-06,0,0,0,0.858134,0.987731,0.0159997,0.0360684,0.0136424,5.68437e-06,1.95443,1.9925,0.111731,0.00287597,8957.71,230384,45031.9,65000.1,1194.48,1050.68,209.709,163.073,16.6885,2558.29,484.568,129.304,37723.4,3689.17,6168.83,193.048,26.0243,4.73144,24.0902,125.571,32.4677,5.49365,0.146568
setup,0,2006-10-11 23:00:00,0,0.0697036,13.0136,8.63589e-05,0,0.00319973,0.000419749,0.00464203,0.00645688,0.00576358,2.26791e-06,0,0,0,0.85766,0.983311,0.0159925,0.0359176,0.0136376,5.65345e-06,2.05444,2.07719,0.119215,0.00293203,8956,230375,45026.8,64997.2,1193.26,1045.8,207.772,161.988,16.6101,2559.06,484.563,129.261,37723.5,3689.17,6169.28,193.197,25.9187,4.69012,24.0434,126.045,32.4825,5.49366,0.147746
setup,0,2006-10-12 23:00:00,0,0.0700069,12.9729,7.18374e-08,0,0.00319948,0.000432996,0.00542354,0.00775719,0.00611022,2.19975e-06,0,0,0,0.857184,0.97892,0.0159853,0.0357887,0.0136279,0.00176579,2.07636,2.11334,0.120613,0.00296506,8954.31,230365,45021.5,64992.7,1191.77,1040.87,206,161.042,16.6347,2559.82,484.557,129.218,37723.5,3689.1,6169.53,193.341,25.812,4.65319,23.9818,126.54,32.4973,5.49367,0.146596
setup,0,2006-10-13 23:00:00,0,0.072247,13.6276,3.03092e-05,0,0.00320015,0.000412772,0.00469259,0.00715204,0.0072766,2.14363e-06,0,0,0,0.856708,0.974555,0.0156311,0.0356455,0.0136482,0.00239936,2.15296,2.17863,0.1294,0.00299172,8952.63,230355,45015.6,64989.5,1190.65,1035.82,204.109,159.555,16.4829,2560.59,484.55,129.176,37723.6,3689,6170.02,193.527,25.7027,4.61304,23.901,127.016,32.5118,5.49367,0.149528
setup,0,2006-10-14 23:00:00,0,0.0735311,14.2604,1.40912e-05,0,0.00320036,0.000396897,0.00544311,0.00891267,0.00885221,2.07916e-06,0,0,0,0.856233,0.970219,0.0154962,0.035512,0.0136305,0.00256735,2.23168,2.25418,0.138724,0.00305,8950.97,230344,45008.7,64985.3,1189.68,1030.6,202.166,157.604,16.3811,2561.36,484.542,129.133,37723.7,3688.82,6170.46,193.79,25.5895,4.57156,23.7438,127.499,32.5262,5.49364,0.150627
setup,0,2006-10-15 23:00:00,0,0.0739576,14.6895,6.52379e-08,0,0.00320042,0.000374808,0.00593147,0.0103028,0.0102638,2.01955e-06,0,0,0,0.85576,0.96591,0.0154541,0.035383,0.0136738,0.00271748,2.30392,2.32613,0.146311,0.00312782,8949.32,230332,45001.4,64980.4,1188.7,1025.25,200.24,155.419,16.2998,2562.12,484.531,129.091,37723.7,3688.6,6170.85,194.085,25.4734,4.53054,23.5486,127.994,32.5405,5.4936,0.151454
setup,0,2006-10-16 23:00:00,0,0.0739115,17.356,8.26663e-08,0,0.00320247,0.000346827,0.00741412,0.0146736,0.0168738,1.97064e-06,0,0,0,0.855287,0.961631,0.0154157,0.0352522,0.0137691,0.00282817,2.64854,2.63983,0.176722,0.0032181,8947.68,230318,44989.9,64978.3,1189.21,1019.28,198.037,150.778,15.8295,2562.89,484.515,129.049,37723.8,3687.86,6171.9,194.653,25.3438,4.48269,23.11,128.483,32.5548,5.49348,0.151472
setup,0,2006-10-17 23:00:00,0,0.0741826,18.283,1.31836e-05,0,0.00320349,0.000308077,0.00704048,0.0162452,0.0239361,1.90514e-06,0,0,0,0.854815,0.957379,0.0153851,0.0351256,0.0136421,0.00305174,2.76896,2.74578,0.20925,0.00343903,8946.05,230303,44978.2,64970.2,1190.89,1013.09,195.993,143.826,15.6765,2563.65,484.495,129.007,37723.8,3687.07,6172.28,195.556,25.2094,4.4388,22.2739,129.012,32.569,5.49334,0.158734
setup,0,2006-10-18 23:00:00,0,0.0748487,18.6594,1.73543e-07,0,0.00320324,0.000284935,0.0087985,0.0225177,0.0287801,1.85254e-06,0,0,0,0.854344,0.953152,0.0153304,0.0350085,0.0136843,0.00309183,2.82484,2.82673,0.229,0.00370996,8944.44,230288,44967.5,64961,1192.84,1006.82,194.046,136.169,15.5976,2564.41,484.474,128.966,37723.8,3686.45,6172.54,196.597,25.0727,4.39731,21.2554,129.581,32.5831,5.49317,0.161713
setup,0,2006-10-19 23:00:00,0,0.0757014,18.9814,4.87452e-07,0,0.00320315,0.000265084,0.009251,0.0255686,0.0334381,1.8083e-06,0,0,0,0.853874,0.948947,0.0153145,0.0349035,0.0136775,0.00354678,2.89436,2.91106,0.251068,0.00398345,8942.84,230272,44957,64951.8,1194.53,1000.44,192.137,128.533,15.5569,2565.17,484.45,128.924,37723.8,3685.91,6172.81,197.637,24.9334,4.35665,20.1935,130.187,32.5973,5.49298,0.165313
setup,0,2006-10-20 23:00:00,0,0.0763711,18.8783,7.18166e-07,0,0.00320226,0.000230247,0.0111613,0.0319978,0.0352764,1.76299e-06,0,0,0,0.853404,0.944774,0.0152105,0.0347572,0.0136436,0.00356726,2.90945,2.94863,0.255931,0.00420032,8941.24,230257,44947.1,64941.7,1195.59,994.044,190.319,121.537,15.5887,2565.93,484.426,128.882,37723.8,3685.48,6172.94,198.615,24.7936,4.31831,19.1912,130.806,32.6113,5.49277,0.164658
setup,0,2006-10-21 23:00:00,0,0.0764678,18.5307,6.7039e-07,0,0.00320117,0.000175135,0.0117763,0.0339354,0.0349806,1.7208e-06,0,0,0,0.852934,0.940623,0.0152007,0.0346513,0.0136858,0.00383003,2.91437,2.97184,0.25748,0.00434467,8939.66,230242,44938,64931.6,1195.8,987.7,188.587,115.586,15.6596,2566.69,484.401,128.841,37723.8,3685.15,6173.04,199.431,24.6546,4.28213,18.3349,131.444,32.6253,5.49256,0.163996
setup,0,2006-10-22 23:00:00,0,0.0765525,18.1059,3.48574e-07,0,0.00320013,0.00011503,0.0117129,0.0336889,0.0347275,1.68512e-06,0,0,0,0.852466,0.936499,0.0151381,0.0345249,0.0136818,0.00415516,2.89371,2.97003,0.260964,0.00445189,8938.1,230227,44929.4,64922.1,1195.21,981.429,186.954,110.662,15.7625,2567.45,484.376,128.8,37723.8,3684.91,6173.16,200.106,24.517,4.24834,17.627,132.074,32.6392,5.49235,0.163987
setup,0,2006-10-23 23:00:00,0,0.0754043,17.77,0.000237636,0,0.00320021,7.12741e-05,0.00951094,0.0285371,0.0389067,1.6542e-06,0,0,0,0.851998,0.932406,0.0150641,0.0343877,0.0137055,0.0041285,2.88029,2.99914,0.292271,0.00451548,8936.55,230212,44920.6,64914.8,1194.25,975.224,185.479,106.1,15.8331,2568.21,484.35,128.759,37723.8,3684.6,6173.52,200.692,24.3808,4.21838,16.9929,132.691,32.6531,5.49214,0.169194
setup,0,2006-10-24 23:00:00,0,0.075701,17.701,0.000102652,0,0.0031986,5.95962e-05,0.0131304,0.040346,0.0400054,1.62642e-06,0,0,0,0.851532,0.928335,0.0150663,0.034282,0.0136327,0.00398096,2.90368,3.00737,0.28819,0.00457838,8935.03,230198,44911.8,64905.5,1192.81,969.044,183.984,102.229,15.8857,2568.97,484.325,128.718,37723.8,3684.27,6173.61,201.193,24.245,4.1879,16.4333,133.333,32.667,5.49193,0.166374
setup,0,2006-10-25 23:00:00,0,0.0757947,17.6504,4.78884e-05,0,0.00319783,6.72585e-05,0.0118576,0.0366147,0.0419626,1.61414e-06,0,0,0,0.851069,0.924279,0.0150873,0.0342074,0.013649,0.00483089,2.92636,3.03267,0.300235,0.00471409,8933.52,230183,44903.1,64897,1190.93,962.86,182.526,98.8059,15.966,2569.73,484.299,128.677,37723.8,3683.99,6173.8,201.624,24.1089,4.15823,15.9438,133.966,32.6809,5.4917,0.16805
setup,0,2006-10-26 23:00:00,0,0.0773058,18.799,3.12545e-07,0,0.00319972,9.32962e-05,0.0125546,0.0390012,0.0518104,1.59801e-06,0,0,0,0.850607,0.92026,0.0149011,0.0340395,0.0136993,0.00505273,3.11683,3.27136,0.342051,0.00481125,8932.03,230168,44890.4,64893.4,1189.35,956.427,180.978,94.7788,15.7857,2570.49,484.269,128.637,37723.7,3682.89,6174.69,202.146,23.9671,4.1263,15.3842,134.587,32.6947,5.49144,0.169503
setup,0,2006-10-27 23:00:00,0,0.0768116,19.1015,9.05789e-08,0,0.00320108,0.000118606,0.0132548,0.0442108,0.0658446,1.57182e-06,0,0,0,0.850145,0.916269,0.0148479,0.0339077,0.0137129,0.00467943,3.1778,3.29573,0.381424,0.00501738,8930.53,230152,44876.4,64886.8,1188.09,949.94,179.546,89.9362,15.7354,2571.25,484.238,128.596,37723.7,3681.42,6175.1,202.769,23.8239,4.09718,14.6126,135.274,32.7084,5.49115,0.173596
setup,0,2006-10-28 23:00:00,0,0.0766863,18.713,2.02662e-07,0,0.00320071,0.000148335,0.0122924,0.0458351,0.0765265,1.55333e-06,0,0,0,0.849683,0.912281,0.0149217,0.0338798,0.0137608,0.00556663,3.19698,3.27132,0.418975,0.00531947,8929.08,230136,44866.4,64875.8,1186.06,943.491,178.205,85.7845,15.8766,2572,484.205,128.556,37723.5,3680.89,6174.87,203.174,23.6813,4.07005,13.9539,136.004,32.7221,5.49086,0.182528
setup,0,2006-10-29 23:00:00,0,0.0789031,18.5068,5.49507e-07,0,0.00319931,0.000189852,0.0140988,0.057304,0.0830375,1.53311e-06,0,0,0,0.849226,0.908341,0.0147243,0.0336709,0.0136292,0.00594121,3.20218,3.31559,0.435471,0.005614,8927.64,230121,44856.7,64865.3,1182.96,937.035,176.852,82.9586,16.0332,2572.76,484.172,128.516,37723.4,3680.48,6174.72,203.395,23.5383,4.04246,13.5116,136.706,32.7356,5.49056,0.18585
setup,0,2006-10-30 23:00:00,0,0.079828,18.3138,9.35746e-07,0,0.00319843,0.00022095,0.013248,0.0566519,0.0893705,1.51665e-06,0,0,0,0.848769,0.904424,0.0146381,0.0335602,0.0136837,0.00619159,3.22427,3.36401,0.464786,0.00588603,8926.21,230106,44847.1,64855.4,1179.14,930.586,175.558,80.9221,16.2052,2573.51,484.138,128.476,37723.3,3680.09,6174.63,203.461,23.3952,4.01617,13.2053,137.409,32.749,5.49024,0.19151
setup,0,2006-10-31 23:00:00,0,0.0793275,17.5898,9.75495e-07,0,0.00319861,0.000433642,0.00991439,0.0456786,0.103288,1.49076e-06,0,0,0,0.848312,0.900533,0.0145791,0.0334361,0.0140736,0.00628695,3.21435,3.43228,0.531382,0.00614527,8924.79,230091,44837.4,64846.9,1175.08,924.219,174.463,78.3454,16.2349,2574.27,484.103,128.436,37723.1,3679.49,6174.63,203.311,23.2538,3.99466,12.8413,138.037,32.7624,5.48993,0.203963
setup,0,2006-11-01 23:00:00,0,0.0783616,17.0191,6.32802e-07,0,0.00319824,0.000416628,0.0115059,0.0585435,0.116344,1.46368e-06,0,0,0,0.847855,0.896668,0.0145564,0.0333187,0.0138917,0.00609687,3.08531,3.33599,0.566276,0.0063443,8923.37,230078,44827.2,64838.5,1170.49,917.969,173.473,76.4373,16.3622,2575.02,484.07,128.396,37723,3678.7,6174.55,203.207,23.1149,3.97572,12.546,138.726,32.7758,5.48962,0.209476
setup,0,2006-11-02 23:00:00,0,0.0773152,16.9146,5.17265e-05,0,0.00320093,0.000376698,0.0117471,0.0567708,0.114033,1.43844e-06,0,0,0,0.847399,0.892815,0.0145922,0.0332518,0.0139632,0.0078592,3.14269,3.54722,0.577415,0.00618701,8921.96,230064,44810.3,64833,1165.84,911.812,172.527,74.871,16.2646,2575.78,484.036,128.356,37722.9,3675.72,6174.43,202.933,22.978,3.95801,12.3016,139.584,32.7893,5.48931,0.210841
setup,0,2006-11-03 23:00:00,0,0.0815168,16.7391,0.000676219,0,0.00320046,0.000297039,0.0127145,0.0702268,0.126266,1.40085e-06,0,0,0,0.846946,0.888988,0.0144919,0.0327412,0.0136667,0.0099945,3.10661,3.34611,0.610224,0.00650422,8920.61,230050,44799.5,64823.7,1161.01,905.696,171.56,73.4457,16.3283,2576.54,484.002,128.317,37722.7,3674.67,6173.96,202.673,22.8414,3.93955,12.0679,140.34,32.8027,5.489,0.21402
setup,0,2006-11-04 23:00:00,0,0.0851144,17.093,0.000662419,0,0.00320329,0.000243169,0.0173581,0.0868898,0.108561,1.36233e-06,0,0,0,0.846499,0.885191,0.0142642,0.0325956,0.0138885,0.0104158,3.30463,3.67752,0.541474,0.00634809,8919.24,230036,44777.8,64816.8,1155.87,899.551,170.421,72.8085,16.2896,2577.3,483.966,128.278,37722.6,3670.65,6172.83,202.085,22.7039,3.91709,11.9217,141.484,32.8158,5.48867,0.199334
setup,0,2006-11-05 23:00:00,0,0.0857544,17.1289,0.00156679,0,0.00320498,0.000135795,0.0170385,0.0806159,0.0942298,1.32107e-06,0,0,0,0.84605,0.881419,0.014235,0.032479,0.0140095,0.0114337,3.35842,3.65509,0.521708,0.00625767,8917.9,230022,44761.4,64807.7,1150.86,893.453,169.288,72.1028,16.2516,2578.05,483.93,128.239,37722.5,3667.86,6171.83,201.443,22.5674,3.89482,11.7916,142.664,32.8289,5.48833,0.194493
setup,0,2006-11-06 23:00:00,0,0.0874556,16.8598,0.00182814,0,0.00320513,3.9295e-05,0.0120292,0.0589048,0.109106,1.28176e-06,0,0,0,0.845602,0.877674,0.0141574,0.032354,0.0138205,0.0123115,3.17878,3.37104,0.581394,0.00656751,8916.56,230008,44751.3,64798.1,1145.96,887.433,168.306,70.98,16.2993,2578.81,483.894,128.2,37722.4,3667.07,6171.41,201.104,22.4325,3.87596,11.6254,143.456,32.8419,5.48799,0.20796
setup,0,2006-11-07 23:00:00,0,0.08942,16.7242,0.0010699,3.43129e-06,0.00323821,5.98942e-05,0.0123484,0.0661962,0.127437,1.24472e-06,0,0,0,0.845156,0.873952,0.0140966,0.0322452,0.0140439,0.0127687,3.19824,3.45521,0.6396,0.00691709,8915.23,229995,44739.8,64788.4,1140.86,881.447,167.371,69.9403,16.3868,2579.56,483.857,128.161,37722.2,3665.9,6170.77,200.659,22.2981,3.85802,11.4625,144.314,32.8548,5.48765,0.217157
setup,0,2006-11-08 23:00:00,0,0.090261,16.5269,0.000421493,2.68874e-05,0.00347419,0.000136814,0.0129192,0.0746895,0.13904,1.2157e-06,0,0,0,0.84471,0.870243,0.0140723,0.0321745,0.0137478,0.0141916,3.16341,3.46795,0.675522,0.0072129,8913.91,229981,44729.3,64779.3,1135.53,875.511,166.489,69.1473,16.4987,2580.32,483.82,128.123,37722,3664.95,6170.3,200.205,22.1649,3.8413,11.3367,145.13,32.8678,5.4873,0.222331
setup,0,2006-11-09 23:00:00,0,0.0929692,17.5414,0.000428309,6.29489e-05,0.00384353,0.000227603,0.0194852,0.0845118,0.0847926,1.18678e-06,0,0,0,0.844266,0.866567,0.0139547,0.0320252,0.0148023,0.0154858,5.51418,5.82942,0.343048,0.00561388,8912.61,229967,44704,64768.7,1130.07,869.617,165.406,68.8362,16.0223,2581.07,483.782,128.084,37722.1,3659.65,6163.8,195.088,22.0323,3.81991,11.0802,151.159,32.8806,5.48695,0.201598
setup,0,2006-11-10 23:00:00,0,0.0952413,16.9827,0.00232502,0.000111548,0.00434028,0.000164168,0.0147683,0.074697,0.0742803,1.15372e-06,0,0,0,0.843823,0.862914,0.013857,0.0319123,0.0141344,0.0158016,2.92434,3.28275,0.442656,0.005189,8911.31,229953,44688.5,64758.5,1124.81,863.75,164.29,68.4914,16.1363,2581.82,483.744,128.046,37722,3657.41,6163.18,195.195,21.9003,3.79765,11.0084,151.558,32.8932,5.48659,0.196504
setup,0,2006-11-11 23:00:00,0,0.0951573,16.5513,0.00314318,0.000180269,0.0050444,0.000223809,0.01047,0.0529284,0.0912828,1.12276e-06,0,0,0,0.843381,0.859276,0.013859,0.0318362,0.0139172,0.0177113,2.91017,3.11017,0.518913,0.00569131,8910.03,229939,44678.9,64749,1119.81,858.026,163.384,67.7259,16.1681,2582.58,483.707,128.008,37721.9,3656.69,6162.88,195.222,21.7714,3.78047,10.905,151.952,32.906,5.48625,0.209838
setup,0,2006-11-12 23:00:00,0,0.0984104,16.5587,0.00180753,0.000290248,0.0061734,0.000583247,0.0162769,0.0821295,0.0844611,1.09248e-06,0,0,0,0.84294,0.855666,0.0137242,0.0317013,0.0138244,0.0187309,3.08238,3.40859,0.506356,0.00593134,8908.76,229926,44663.9,64739.7,1114.75,852.369,162.366,67.4223,16.156,2583.33,483.67,127.97,37721.8,3654.38,6162.28,194.883,21.6439,3.76059,10.8246,152.79,32.9186,5.4859,0.198094
setup,0,2006-11-13 23:00:00,0,0.1008,16.5159,0.00165199,0.000436067,0.00767792,0.000895646,0.0155066,0.0792674,0.0831993,1.07086e-06,0,0,0,0.842502,0.852081,0.0136568,0.0315898,0.0136599,0.0202863,3.04884,3.22156,0.500489,0.00620796,8907.52,229912,44657.4,64730.8,1109.85,846.78,161.325,67.1554,16.0686,2584.09,483.634,127.932,37721.6,3654.41,6162.26,194.612,21.5178,3.74007,10.807,153.458,32.9311,5.48556,0.198609
setup,0,2006-11-14 23:00:00,0,0.104467,16.6989,0.000719279,0.000596615,0.00935899,0.00126444,0.0154319,0.0748785,0.0843846,1.0496e-06,0,0,0,0.842066,0.848514,0.0135436,0.0314929,0.0142818,0.02161,3.19469,3.49257,0.519072,0.00636316,8906.27,229898,44643.8,64721.1,1105.04,841.184,160.246,66.7034,16.0624,2584.84,483.596,127.895,37721.5,3652.79,6161.6,194.142,21.3913,3.71849,10.731,154.425,32.9435,5.48521,0.195197
setup,0,2006-11-15 23:00:00,0,0.106698,16.7209,0.00193253,0.000736807,0.0108612,0.00112479,0.0154237,0.0719513,0.0809439,1.032e-06,0,0,0,0.841631,0.844971,0.013446,0.0313748,0.0140697,0.022673,3.21991,3.53491,0.521613,0.00639341,8905.04,229885,44630.9,64711.4,1100.28,835.626,159.178,66.2381,16.0766,2585.59,483.558,127.857,37721.4,3651.26,6160.89,193.648,21.2656,3.69719,10.6445,155.446,32.9558,5.48485,0.193018
setup,0,2006-11-16 23:00:00,0,0.105777,16.1535,0.00415944,0.000853504,0.0121488,0.000933863,0.0155445,0.0731427,0.0816208,1.01665e-06,0,0,0,0.841195,0.841451,0.0133986,0.0312701,0.0139515,0.0228083,3.16889,3.46269,0.510463,0.00640429,8903.79,229872,44616.7,64701.4,1095.62,830.249,158.265,65.683,16.1648,2586.35,483.522,127.82,37721.3,3649.34,6159.9,193.103,21.144,3.67984,10.5376,156.523,32.9681,5.48452,0.189345
setup,0,2006-11-17 23:00:00,0,0.106992,16.2713,0.00525788,0.000976855,0.0135399,0.000690295,0.0106588,0.0413587,0.0713837,1.00893e-06,0,0,0,0.840758,0.837949,0.013509,0.0311838,0.0143093,0.0238766,3.69046,4.00987,0.46902,0.00582792,8902.57,229858,44597.6,64690.5,1091.17,824.955,157.367,64.9362,16.0258,2587.1,483.487,127.782,37721.3,3645.55,6156.55,191.491,21.0241,3.6626,10.4046,158.748,32.9805,5.48419,0.197488
setup,0,2006-11-18 23:00:00,0,0.10949,16.1461,0.00852797,0.0011431,0.0154095,0.000213411,0.0102945,0.0423333,0.0746441,9.97958e-07,0,0,0,0.840327,0.834459,0.0134273,0.0311172,0.0137161,0.0259057,3.06492,3.41062,0.504945,0.00590493,8901.36,229845,44578.9,64679.8,1086.67,819.685,156.536,63.956,16.0953,2587.85,483.451,127.745,37721.2,3642.51,6154.98,191.098,20.9047,3.64688,10.1838,159.779,32.9928,5.48386,0.203597
setup,0,2006-11-19 23:00:00,0,0.114721,16.0843,0.0058868,0.00143296,0.0186219,0.000573451,0.0140226,0.0703991,0.0798607,9.84492e-07,0,0,0,0.839896,0.831,0.0132904,0.0309761,0.0136602,0.0295322,2.97188,3.20317,0.526593,0.00638846,8900.19,229832,44572,64671,1081.92,814.438,155.601,63.577,16.1502,2588.6,483.415,127.708,37721.1,3642.36,6154.83,190.839,20.7857,3.62852,10.1048,160.492,33.005,5.48352,0.199737
setup,0,2006-11-20 23:00:00,0,0.121013,16.086,0.0227905,0.00172946,0.0604741,0.00122122,0.0136785,0.0675795,0.0807712,9.70649e-07,0,0,0,0.839469,0.827574,0.0130204,0.0308183,0.0137272,0.0308449,3.00807,3.21688,0.539363,0.00675374,8899.01,229819,44565.2,64662.3,1077.2,809.225,154.636,63.3587,16.0961,2589.36,483.379,127.671,37720.8,3642.23,6154.76,190.518,20.6672,3.60941,10.0843,161.15,33.0169,5.48318,0.202855
setup,0,2006-11-21 23:00:00,0,0.12303,16.6376,0.00213373,0.00179339,0.0230969,0.00011748,0.0149909,0.0619101,0.0595351,9.48052e-07,0,0,0,0.839042,0.824166,0.0129635,0.030726,0.014084,0.031274,4.29191,4.60656,0.387513,0.00594044,8897.83,229805,44547.8,64651.4,1072.58,804.048,153.637,62.9137,15.8841,2590.11,483.342,127.634,37720.9,3638.97,6149.98,187.69,20.5494,3.5895,9.93589,164.721,33.0287,5.48284,0.192413
setup,0,2006-11-22 23:00:00,0,0.124058,16.67,0.00204651,0.00172731,0.0226572,1.13697e-05,0.012516,0.048013,0.0424696,9.27078e-07,0,0,0,0.838615,0.820774,0.0129835,0.0306452,0.0149308,0.0336763,4.43977,4.63542,0.300622,0.00508776,8896.67,229791,44530,64639.3,1068.07,798.933,152.656,62.3198,15.7203,2590.86,483.306,127.598,37720.9,3636.02,6146.68,184.538,20.433,3.57001,9.69772,168.719,33.0406,5.4825,0.188042
setup,0,2006-11-23 23:00:00,0,0.128853,16.1055,0.00208934,0.00176794,0.0233571,1.23048e-05,0.00834693,0.0371564,0.0522403,9.06378e-07,0,0,0,0.83819,0.817408,0.0128645,0.0305247,0.0141256,0.0355259,2.73855,2.97582,0.415858,0.00510771,8895.53,229778,44521.6,64629.7,1063.63,793.863,151.75,61.484,15.9394,2591.61,483.269,127.561,37720.8,3635.57,6146.42,184.718,20.3174,3.55219,9.56912,169.078,33.0523,5.48216,0.201553
setup,0,2006-11-24 23:00:00,0,0.132198,15.9839,0.0179499,0.00187287,0.0413829,1.42474e-05,0.0102552,0.0449389,0.0593704,8.9162e-07,0,0,0,0.837767,0.814063,0.0127651,0.0304231,0.0136708,0.0366671,2.86621,3.20006,0.466795,0.00552995,8894.38,229765,44506.4,64618.7,1059.02,788.824,150.842,60.9186,16.2234,2592.35,483.232,127.525,37720.7,3633.43,6145.51,184.594,20.2024,3.5343,9.43638,169.752,33.0639,5.48182,0.20238
setup,0,2006-11-25 23:00:00,0,0.13402,15.7737,0.0301531,0.00223167,0.179604,0.00020598,0.00931669,0.0415408,0.0683202,8.76384e-07,0,0,0,0.837344,0.810737,0.0127429,0.0303268,0.0137606,0.0377762,3.03616,3.30295,0.51022,0.00589433,8893.23,229752,44493.2,64607.9,1054.38,783.856,150.001,60.4195,16.4158,2593.1,483.196,127.488,37720.4,3631.8,6144.54,184.04,20.089,3.51801,9.33148,170.647,33.0755,5.48148,0.210806
setup,0,2006-11-26 23:00:00,0,0.137267,15.6757,0.00840542,0.0027437,0.0361016,1.92531e-05,0.0112777,0.0559183,0.0767178,8.59628e-07,0,0,0,0.836921,0.807429,0.012741,0.0302419,0.0137664,0.0411264,2.90673,3.14242,0.541196,0.00634624,8892.1,229739,44485.2,64598.9,1049.67,778.94,149.132,60.2019,16.4978,2593.85,483.16,127.452,37720.2,3631.37,6144.28,183.681,19.9766,3.50097,9.30462,171.359,33.0872,5.48114,0.213526
setup,0,2006-11-27 23:00:00,0,0.141942,15.5579,0.00280673,0.00235414,0.0320433,1.62488e-05,0.0117745,0.0576637,0.077992,8.41442e-07,0,0,0,0.836502,0.804147,0.0125607,0.0301132,0.0138183,0.0404735,2.8821,3.14085,0.564137,0.00675157,8890.95,229726,44478.1,64590.4,1044.97,774.084,148.254,60.1347,16.497,2594.6,483.123,127.416,37720,3631.12,6144.15,183.34,19.8655,3.4837,9.31579,172.011,33.0986,5.4808,0.217663
setup,0,2006-11-28 23:00:00,0,0.143309,15.4954,0.00217556,0.00181081,0.0259609,4.0222e-05,0.0132372,0.0645105,0.0769883,8.18572e-07,0,0,0,0.8361,0.800872,0.0126972,0.0300773,0.0136676,0.0466558,2.85418,3.13879,0.580535,0.00711442,8889.85,229714,44472.4,64582.3,1040.35,769.28,147.336,60.1679,16.4599,2595.35,483.088,127.38,37719.8,3631.17,6144.16,183.043,19.7556,3.46547,9.34769,172.602,33.1102,5.48047,0.219909
setup,0,2006-11-29 23:00:00,0,0.155562,15.6177,0.0016741,0.00138674,0.0210541,0.00029222,0.0113488,0.0533522,0.0829819,7.98303e-07,0,0,0,0.835686,0.797633,0.0123508,0.0299051,0.0138791,0.0490295,2.9188,3.23648,0.630957,0.0075367,8888.75,229701,44464.6,64573.5,1035.85,764.468,146.408,59.9179,16.4472,2596.09,483.051,127.344,37719.6,3630.75,6143.95,182.673,19.6452,3.44685,9.3418,173.286,33.1214,5.48013,0.229985
setup,0,2006-11-30 23:00:00,0,0.160323,15.3505,0.00130948,0.0010866,0.0174857,0.000277758,0.0124245,0.0603496,0.0894399,7.77336e-07,0,0,0,0.835274,0.794415,0.0122302,0.0298018,0.0138478,0.0505989,3.0016,3.3577,0.676524,0.00800213,8887.64,229688,44456.9,64564.6,1031.39,759.665,145.486,58.7989,16.5007,2596.84,483.013,127.309,37719.4,3630.32,6143.62,182.099,19.5348,3.42832,9.25391,173.98,33.1324,5.47977,0.236481
setup,0,2006-12-01 23:00:00,0,0.165673,15.1555,0.00108514,0.000905231,0.0152671,0.000231282,0.0134367,0.0659524,0.0921293,7.57801e-07,0,0,0,0.834861,0.791217,0.0122115,0.0297085,0.0136622,0.0523784,2.87193,3.26258,0.708434,0.00845984,8886.52,229676,44450.3,64556.3,1026.54,754.904,144.555,58.2975,16.5256,2597.58,482.976,127.273,37719.2,3630.06,6143.46,181.722,19.4253,3.40956,9.23378,174.608,33.1435,5.47942,0.241144
setup,0,2006-12-02 23:00:00,0,0.174978,15.004,0.000927702,0.000781351,0.0137006,2.82042e-05,0.0140261,0.0684698,0.0934393,7.39037e-07,0,0,0,0.834449,0.788035,0.0122101,0.0296246,0.0136598,0.0558646,2.85764,3.26257,0.738607,0.00895437,8885.39,229664,44444.6,64548.3,1021.57,750.197,143.627,58.0728,16.5045,2598.32,482.938,127.237,37719,3629.96,6143.36,181.33,19.3171,3.39087,9.24319,175.207,33.1545,5.47907,0.245704
setup,0,2006-12-03 23:00:00,0,0.189603,14.8063,0.000782098,0.000667817,0.012233,6.29075e-06,0.0144655,0.0699637,0.0945532,7.21183e-07,0,0,0,0.834038,0.784873,0.0121345,0.0295211,0.0136364,0.060032,2.8226,3.25043,0.770058,0.00947489,8884.25,229652,44439.4,64540.5,1016.6,745.563,142.718,57.955,16.465,2599.07,482.901,127.202,37718.8,3629.96,6143.35,180.952,19.2103,3.37266,9.26534,175.759,33.1655,5.47872,0.250203
setup,0,2006-12-04 23:00:00,0,0.228557,14.6322,0.00229542,0.000563572,0.0108594,7.39805e-06,0.0142962,0.0682531,0.096876,7.05963e-07,0,0,0,0.83363,0.781727,0.0120728,0.0294252,0.0136777,0.0478966,2.8124,3.27967,0.806377,0.0100046,8883.26,229640,44433.7,64532.6,1011.69,740.998,141.827,57.845,16.4164,2599.81,482.865,127.166,37718.5,3629.83,6143.24,180.544,19.1051,3.35489,9.28529,176.346,33.1765,5.47838,0.254521
setup,0,2006-12-05 23:00:00,0,0.23508,14.4697,0.00477169,0.000475262,0.00966639,9.02387e-06,0.0148685,0.0707148,0.0989682,6.90729e-07,0,0,0,0.833225,0.778591,0.0120099,0.0293306,0.0136506,0.035492,2.7748,3.26476,0.840276,0.0106066,8882.36,229628,44428.6,64525.1,1006.82,736.498,140.952,57.7786,16.3575,2600.56,482.829,127.131,37718.3,3629.83,6143.22,180.162,19.0014,3.33752,9.31189,176.893,33.1874,5.47805,0.257813
setup,0,2006-12-06 23:00:00,0,0.237927,14.53,0.00494599,0.000402063,0.00864899,1.03638e-05,0.0139733,0.0656072,0.104059,6.79725e-07,0,0,0,0.832823,0.775462,0.0120807,0.0292509,0.013666,0.0362152,2.79323,3.30163,0.886667,0.0112936,8881.54,229616,44422.9,64517.3,1002.01,732.017,140.035,57.705,16.2385,2601.3,482.793,127.097,37718,3629.69,6143.11,179.75,18.8979,3.31896,9.3395,177.45,33.1983,5.47771,0.262964
setup,0,2006-12-07 23:00:00,0,0.26347,14.6249,0.0047776,0.000339635,0.0077554,1.14111e-05,0.0139586,0.0657086,0.111703,6.68626e-07,0,0,0,0.832425,0.772343,0.011842,0.0291354,0.0136616,0.0360345,2.8221,3.36104,0.93627,0.0121262,8880.69,229604,44416.6,64509.2,997.164,727.533,139.115,57.5668,16.1404,2602.04,482.756,127.062,37717.8,3629.42,6142.92,179.315,18.7942,3.30028,9.35391,178.022,33.209,5.47737,0.268153
setup,0,2006-12-08 23:00:00,0,0.288436,14.3961,0.00531249,0.000290451,0.00701959,1.22692e-05,0.0117518,0.0554191,0.122948,6.56516e-07,0,0,0,0.832026,0.769227,0.0118979,0.0290534,0.0136759,0.039573,2.84118,3.44126,1.00228,0.0129292,8879.8,229593,44408.6,64500.9,992.339,723.11,138.293,57.2511,16.0744,2602.79,482.719,127.027,37717.5,3628.71,6142.46,178.784,18.6919,3.28401,9.33759,178.685,33.2197,5.47702,0.277829
setup,0,2006-12-09 23:00:00,0,0.326936,14.2805,0.00793977,0.000284165,0.00680529,1.43822e-05,0.0176723,0.0845807,0.116086,6.44471e-07,0,0,0,0.831624,0.766094,0.0121186,0.0252105,0.013695,0.0474694,2.9296,3.70081,0.981606,0.0131068,8878.95,229581,44398.4,64492.1,987.408,718.755,137.416,57.4094,16.0225,2603.53,482.683,126.995,37717.3,3627.31,6141.42,178.013,18.5873,3.26641,9.34284,179.718,33.2307,5.47669,0.266383
setup,0,2006-12-10 23:00:00,0,0.375279,14.3719,0.00584581,0.000427153,0.00841426,2.02751e-05,0.0160047,0.0763336,0.118824,6.36487e-07,0,0,0,0.831227,0.762963,0.0119836,0.0250889,0.0136382,0.0522503,2.75772,3.32651,1.01184,0.0136893,8878.17,229569,44393.5,64484.4,982.595,714.428,136.472,57.6699,15.8175,2604.27,482.647,126.963,37717,3627.35,6141.38,177.59,18.4833,3.24701,9.42384,180.174,33.2416,5.47635,0.268542
setup,0,2006-12-11 23:00:00,0,0.41817,14.2706,0.000524698,0.000473593,0.00882681,1.62031e-05,0.0140321,0.0642876,0.127766,6.27805e-07,0,0,0,0.830836,0.759834,0.0117129,0.0249742,0.0136754,0.0527139,2.7478,3.31141,1.06155,0.0147981,8877.38,229558,44388.6,64476.8,977.922,710.152,135.597,57.6814,15.6145,2605.01,482.611,126.932,37716.6,3627.39,6141.34,177.179,18.3804,3.2293,9.47156,180.595,33.2521,5.47601,0.274678
setup,0,2006-12-12 23:00:00,0,0.460369,14.3186,0.00731314,0.000420825,0.0080069,1.51212e-05,0.015531,0.072448,0.135689,6.17929e-07,0,0,0,0.830445,0.756701,0.0117662,0.02489,0.0136407,0.0570922,2.74703,3.34399,1.09345,0.0159217,8876.6,229546,44383.6,64469.3,973.305,705.902,134.669,57.7499,15.355,2605.75,482.575,126.901,37716.3,3627.4,6141.31,176.774,18.2781,3.21011,9.52347,180.997,33.2628,5.47568,0.27624
setup,0,2006-12-13 23:00:00,0,0.509353,14.2337,0.00907405,0.0003471,0.00692281,1.44055e-05,0.0156033,0.0716291,0.143244,6.13735e-07,0,0,0,0.830057,0.753551,0.0116696,0.0248098,0.0136655,0.0576464,2.74097,3.35705,1.12163,0.0170751,8875.79,229535,44378.7,64461.7,968.725,701.695,133.775,57.7677,15.1196,2606.5,482.539,126.87,37715.9,3627.42,6141.28,176.371,18.1767,3.19174,9.56769,181.391,33.2733,5.47534,0.278298
setup,0,2006-12-14 23:00:00,0,0.553541,14.0924,0.0101154,0.000278183,0.00589378,1.37446e-05,0.0151529,0.0683672,0.151195,6.0953e-07,0,0,0,0.829668,0.750381,0.0117822,0.0247429,0.013689,0.0601252,2.72031,3.3515,1.14721,0.0181997,8874.98,229523,44373.8,64454.4,964.214,697.547,132.902,57.7687,14.8729,2607.24,482.503,126.839,37715.5,3627.43,6141.26,175.97,18.0767,3.17382,9.60922,181.771,33.2839,5.47501,0.281144
setup,0,2006-12-15 23:00:00,0,0.603216,14.0119,0.0108196,0.000220219,0.00499757,1.31779e-05,0.0160556,0.0723241,0.158195,6.03196e-07,0,0,0,0.829282,0.747185,0.0117588,0.024659,0.0136344,0.0639143,2.70874,3.36354,1.16312,0.0192941,8874.16,229512,44368.9,64447,959.746,693.443,132.023,57.8156,14.6134,2607.98,482.468,126.808,37715,3627.43,6141.23,175.567,17.9778,3.15568,9.6573,182.145,33.2946,5.47468,0.282396
setup,0,2006-12-16 23:00:00,0,0.667189,14.0177,0.0112281,0.000172705,0.00423192,1.27107e-05,0.0131282,0.0575465,0.169863,6.01471e-07,0,0,0,0.828898,0.743966,0.0117321,0.0245815,0.0137024,0.0686694,2.71437,3.36785,1.20123,0.0204481,8873.36,229500,44363.8,64439.9,955.337,689.355,131.163,57.7089,14.3515,2608.72,482.432,126.777,37714.6,3627.38,6141.22,175.164,17.8791,3.13788,9.68441,182.503,33.3052,5.47434,0.289529
setup,0,2006-12-17 23:00:00,0,0.733425,15.0374,0.013871,0.000152024,0.003802,1.36487e-05,0.0172851,0.0603926,0.152296,5.96575e-07,0,0,0,0.828517,0.740726,0.0116478,0.0244947,0.0137022,0.0707289,5.24006,6.04446,0.965475,0.0196486,8872.51,229488,44345.1,64429.3,950.942,685.275,130.268,57.3972,13.6269,2609.46,482.395,126.747,37714.6,3623.13,6133.7,169.747,17.7806,3.11919,9.43453,188.621,33.3157,5.474,0.277817
setup,0,2006-12-18 23:00:00,0,0.778475,14.4717,0.415571,0.130245,6.36492,0.00333489,0.0129665,0.0336516,0.119737,5.9436e-07,0,0,0,0.828134,0.737447,0.0117556,0.0244418,0.0137777,0.0672952,3.65277,5.06384,0.809567,0.0142589,8871.56,229476,44322.6,64415.9,946.457,681.264,129.47,56.5727,13.6063,2610.2,482.359,126.716,37708.7,3618.76,6129.28,167.387,17.6837,3.10286,9.14842,185.824,33.3263,5.47367,0.266644
setup,0,2006-12-19 23:00:00,0,0.817712,14.2506,0.176971,0.178147,1.66846,0.00452137,0.0117065,0.0310072,0.123282,5.88828e-07,0,0,0,0.827748,0.734115,0.012065,0.0244125,0.0137603,0.0730638,3.14669,3.606,0.923959,0.014206,8870.66,229464,44307.8,64404.7,941.829,677.316,128.643,56.3514,13.5076,2610.94,482.324,126.686,37706.5,3616.29,6126.67,165.866,17.5884,3.08577,9.04273,185.667,33.3373,5.47335,0.279434
setup,0,2006-12-20 23:00:00,0,0.85878,14.8797,0.301597,0.30509,3.2672,0.00780418,0.0106255,0.0186244,0.125432,5.88964e-07,0,0,0,0.827368,0.730753,0.0118921,0.0243023,0.0137507,0.0704726,4.15881,4.59156,0.891116,0.0151727,8869.61,229451,44282.7,64388.4,937.137,673.4,127.87,55.3517,13.2977,2611.68,482.289,126.655,37702.6,3611.9,6122.61,162.258,17.4937,3.06989,8.74631,186.159,33.348,5.47302,0.280491
setup,0,2006-12-21 23:00:00,0,0.911037,13.7564,0.038598,0.0392032,0.425115,0.00109716,0.00783768,0.0182852,0.142317,5.87572e-07,0,0,0,0.826982,0.727345,0.0122699,0.0243528,0.0137725,0.0791092,2.40759,2.85748,0.992762,0.0169171,8868.7,229440,44276.5,64380,932.533,669.532,127.146,55.2434,13.1958,2612.42,482.255,126.625,37701.7,3611.58,6122.31,162.023,17.4003,3.05519,8.71593,185.873,33.3592,5.4727,0.294343
setup,0,2006-12-22 23:00:00,0,0.987454,14.4772,0.182961,0.188164,1.97751,0.00856503,0.0111007,0.0246542,0.146712,5.87006e-07,0,0,0,0.826606,0.723942,0.0119095,0.0241503,0.0148141,0.0857355,3.06723,3.64524,0.955055,0.0185672,8867.84,229428,44259,64366.4,927.726,665.703,126.366,54.8732,12.9494,2613.16,482.22,126.595,37699.1,3608.83,6119.15,160.414,17.3077,3.03908,8.61996,185.439,33.37,5.47238,0.293212
setup,0,2006-12-23 23:00:00,0,1.02194,14.7343,0.389836,0.403185,4.57773,0.0150407,0.00839554,0.0113682,0.138296,5.88789e-07,0,0,0,0.826233,0.720532,0.0117473,0.0240406,0.0180509,0.0744699,3.95315,4.47443,0.816004,0.0187151,8866.78,229416,44224.1,64341.6,922.79,661.95,125.705,53.8693,12.7219,2613.9,482.187,126.564,37694,3602.83,6113.05,156.908,17.2169,3.02589,8.30397,184.545,33.3807,5.47208,0.286198
setup,0,2006-12-24 23:00:00,0,1.06544,14.4913,0.183388,0.188842,2.06143,0.00904995,0.00672656,0.0111374,0.137414,5.79903e-07,0,0,0,0.825849,0.717061,0.0125105,0.0241115,0.0148297,0.0897227,2.60779,3.12669,0.838455,0.019101,8865.87,229403,44206.9,64326.3,917.807,658.226,124.999,53.1768,12.7008,2614.64,482.154,126.534,37691.5,3600.5,6110.43,156.024,17.1269,3.01146,8.18575,183.381,33.3921,5.47177,0.298959
setup,0,2006-12-25 23:00:00,0,1.13994,14.9108,0.412363,0.405898,4.69068,0.0146692,0.00838081,0.0134931,0.1372,5.7181e-07,0,0,0,0.82548,0.713582,0.0119008,0.0239294,0.015917,0.0866434,2.97482,3.49052,0.826334,0.019389,8864.89,229391,44186.9,64307.2,912.492,654.516,124.305,52.1783,12.6263,2615.38,482.12,126.504,37686.1,3597.62,6106.76,154.313,17.037,2.99726,7.97088,180.334,33.4029,5.47147,0.304249
setup,0,2006-12-26 23:00:00,0,1.17921,14.1104,0.199545,0.189504,2.07789,0.00931145,0.00740916,0.0143431,0.146417,5.6232e-07,0,0,0,0.825106,0.710089,0.012152,0.0239072,0.0140319,0.0903844,2.60315,3.0131,0.923541,0.0206221,8863.94,229379,44174.3,64294.5,907.182,650.874,123.619,52.1665,12.464,2616.12,482.088,126.474,37683.4,3596.01,6104.55,153.233,16.9489,2.9833,7.94031,179.083,33.414,5.47117,0.306811
setup,0,2006-12-27 23:00:00,0,1.2475,12.9057,0.0658191,0.0395444,0.544143,0.00484859,0.0071514,0.0191924,0.156594,5.50638e-07,0,0,0,0.824736,0.706573,0.0120965,0.0237927,0.0137189,0.101629,2.10377,2.41543,0.970717,0.0227286,8863.13,229368,44170.5,64287.7,902.287,647.291,122.927,53.1598,12.0801,2616.87,482.056,126.444,37682.3,3596.07,6104.54,153.066,16.8621,2.96913,8.04248,178.334,33.425,5.47088,0.305237
setup,0,2006-12-28 23:00:00,0,1.32545,12.7378,0.0299488,0.00788623,0.0871768,0.000585896,0.00589796,0.0172634,0.161572,5.40198e-07,0,0,0,0.824375,0.703063,0.0117964,0.0236735,0.0147063,0.104715,2.18874,2.49347,0.949742,0.024796,8862.31,229358,44166.3,64280.8,897.864,643.744,122.28,53.5817,11.8057,2617.61,482.025,126.413,37681.7,3596.03,6104.44,152.742,16.7762,2.95604,8.10969,178.309,33.4358,5.4706,0.31158
setup,0,2006-12-29 23:00:00,0,1.39108,12.7434,0.119715,0.109311,1.17553,0.00451207,0.00836903,0.0270462,0.16136,5.2922e-07,0,0,0,0.824015,0.699552,0.0118894,0.0236106,0.0142805,0.102785,2.27104,2.68213,0.921869,0.026238,8861.44,229348,44158.4,64270.9,893.528,640.202,121.574,53.8368,11.7662,2618.35,481.993,126.382,37680,3595.28,6103.54,152.275,16.6903,2.94141,8.12044,177.397,33.4466,5.47031,0.308332
setup,0,2006-12-30 23:00:00,0,1.39568,12.6109,0.0182541,3.31138e-05,0.00257666,0.000384488,0.00670171,0.0232969,0.163508,5.20606e-07,0,0,0,0.823653,0.696016,0.0120087,0.0235498,0.0141108,0.0876531,2.1839,2.56462,0.906723,0.0273194,8860.35,229338,44154.1,64264.1,889.431,636.707,120.925,53.8836,11.6955,2619.09,481.962,126.353,37679.6,3595.24,6103.46,151.972,16.6055,2.92821,8.15491,177.6,33.4576,5.47003,0.312096
setup,0,2006-12-31 23:00:00,0,1.42543,13.3197,0.0195111,1.98253e-05,0.00234785,0.00033751,0.00889819,0.0335555,0.168676,5.07533e-07,0,0,0,0.823281,0.692411,0.0125799,0.0236297,0.0136512,0.108684,2.25068,2.60481,0.907535,0.0281559,8859.54,229327,44315,64291.7,885.068,633.274,120.26,56.439,12.6161,2619.83,481.931,126.324,37679.2,3613.12,6107.82,151.843,16.5225,2.91455,8.37172,178.064,33.4691,5.46975,0.307316
setup,0,2007-01-01 23:00:00,0,1.49813,13.5525,0.021815,1.06512e-05,0.00215574,0.000454216,0.00954913,0.0363696,0.178783,4.96481e-07,0,0,0,0.822925,0.688846,0.012003,0.0233927,0.0136257,0.111403,2.31776,2.68324,0.934955,0.0289821,8858.81,229316,44310.1,64284.7,881.553,629.902,119.602,58.6264,12.6916,2620.58,481.902,126.294,37678.7,3613.16,6107.86,151.627,16.4407,2.90109,8.64564,178.331,33.4801,5.46949,0.304705
setup,0,2007-01-02 23:00:00,0,1.56328,13.95,0.023877,3.27804e-06,0.00197797,0.000576698,0.00999541,0.0380852,0.189069,4.85553e-07,0,0,0,0.822572,0.685323,0.0119994,0.0233234,0.0136259,0.111945,2.34828,2.73113,0.962874,0.0299033,8858.16,229304,44304.9,64277.6,878.81,626.545,118.88,59.9843,12.67,2621.32,481.873,126.265,37678.2,3613.21,6107.91,151.485,16.3593,2.88593,8.87006,178.538,33.491,5.46923,0.302972
setup,0,2007-01-03 23:00:00,0,1.62404,14.2515,0.0253938,5.83288e-10,0.00184188,0.000623165,0.0104666,0.0396711,0.198144,4.75614e-07,0,0,0,0.822224,0.681815,0.0119454,0.0232528,0.0136261,0.124981,2.38135,2.7758,0.982285,0.0309061,8857.5,229292,44299.4,64270.3,876.511,623.192,118.118,60.8718,12.5594,2622.06,481.843,126.239,37677.8,3613.27,6107.98,151.4,16.2778,2.8697,9.05041,178.709,33.5019,5.46897,0.301784
setup,0,2007-01-04 23:00:00,0,1.69189,14.3132,0.0262543,0,0.00173991,0.000565373,0.0108782,0.0406308,0.205033,4.68226e-07,0,0,0,0.821877,0.678315,0.0119367,0.0231749,0.0136259,0.125064,2.39215,2.79582,0.988895,0.0319225,8856.86,229280,44294,64263.1,874.447,619.868,117.356,61.4844,12.3996,2622.8,481.813,126.214,37677.3,3613.32,6108.05,151.352,16.1971,2.85341,9.19697,178.871,33.5128,5.4687,0.299842
setup,0,2007-01-05 23:00:00,0,1.73086,14.2548,0.0264568,0,0.00164016,0.000425856,0.011181,0.0407971,0.209535,4.64773e-07,0,0,0,0.82153,0.674817,0.0119944,0.0231103,0.0136259,0.126779,2.38912,2.79988,0.985565,0.0329023,8856.24,229269,44288.5,64255.9,872.532,616.586,116.598,61.9404,12.2204,2623.54,481.784,126.189,37676.8,3613.37,6108.12,151.328,16.1174,2.83722,9.32043,179.032,33.5237,5.46844,0.297734
setup,0,2007-01-06 23:00:00,0,1.77513,14.3891,0.0261102,0,0.0015434,0.000246345,0.011766,0.0417532,0.212205,4.65534e-07,0,0,0,0.821184,0.671333,0.0120423,0.0230372,0.0136256,0.124485,2.40837,2.82734,0.97642,0.0338523,8855.61,229257,44283,64248.9,870.749,613.306,115.816,62.3324,12.0292,2624.27,481.754,126.165,37676.3,3613.43,6108.23,151.334,16.0376,2.82038,9.43064,179.205,33.5347,5.46817,0.294754
setup,0,2007-01-07 23:00:00,0,1.81141,14.4216,0.0253884,0,0.0014505,8.25031e-05,0.0113264,0.03837,0.213667,4.76823e-07,0,0,0,0.820839,0.667869,0.0121255,0.0229774,0.0136262,0.125868,2.42399,2.82068,0.962105,0.0347521,8855.02,229245,44277.4,64241.7,869.063,610.047,115.024,62.622,11.8512,2625.01,481.724,126.141,37675.8,3613.48,6108.32,151.349,15.9584,2.80326,9.52621,179.392,33.5458,5.4679,0.294178
setup,0,2007-01-08 23:00:00,0,1.84222,14.4624,0.0244851,0,0.00136208,2.47374e-05,0.011276,0.0368644,0.214835,4.85198e-07,0,0,0,0.820495,0.664419,0.0121371,0.0229091,0.0136261,0.120969,2.44012,2.82452,0.948235,0.0356438,8854.43,229233,44271.8,64234.5,867.439,606.801,114.228,62.7951,11.7246,2625.74,481.693,126.117,37675.3,3613.53,6108.42,151.376,15.8794,2.78597,9.60096,179.6,33.5568,5.46763,0.293777
setup,0,2007-01-09 23:00:00,0,1.86216,14.4709,0.0235573,0,0.0012785,1.4462e-06,0.0114766,0.0365359,0.215222,4.98773e-07,0,0,0,0.820151,0.660992,0.0122434,0.022841,0.0136271,0.120943,2.44757,2.83115,0.935041,0.0364636,8853.87,229220,44266,64227.4,865.877,603.575,113.419,62.9316,11.6206,2626.48,481.663,126.094,37674.9,3613.58,6108.53,151.41,15.8008,2.76832,9.66863,179.823,33.5679,5.46735,0.293782
setup,0,2007-01-10 23:00:00,0,1.91047,14.6138,0.0226775,0,0.00119913,2.54455e-06,0.0117527,0.0364715,0.215444,5.12695e-07,0,0,0,0.819808,0.657585,0.0122711,0.022779,0.0136284,0.12689,2.47487,2.84715,0.922811,0.0372577,8853.39,229208,44260.1,64220.2,864.366,600.348,112.577,63.0665,11.5319,2627.21,481.632,126.072,37674.4,3613.62,6108.65,151.451,15.7221,2.74974,9.73477,180.058,33.579,5.46707,0.294086
setup,0,2007-01-11 23:00:00,0,1.96258,14.7375,0.0218982,0,0.00112393,3.49216e-06,0.0123148,0.0373573,0.215391,5.23044e-07,0,0,0,0.819468,0.65422,0.0122053,0.0226977,0.0136581,0.127014,2.5035,2.87279,0.911241,0.0380294,8852.93,229196,44254.1,64212.8,862.852,597.119,111.714,63.2188,11.4716,2627.94,481.6,126.049,37674,3613.65,6108.77,151.494,15.6433,2.7306,9.80144,180.311,33.5901,5.46678,0.294263
setup,0,2007-01-12 23:00:00,0,2.00313,14.7911,0.021239,0,0.0010529,4.22487e-06,0.0126672,0.0374808,0.215195,5.30965e-07,0,0,0,0.819129,0.650883,0.0122313,0.0226366,0.0136535,0.127595,2.52372,2.89311,0.901561,0.0387734,8852.52,229183,44247.9,64205.4,861.314,593.9,110.847,63.392,11.4397,2628.66,481.567,126.027,37673.5,3613.69,6108.9,151.535,15.5647,2.71132,9.87009,180.58,33.6011,5.46648,0.293813
setup,0,2007-01-13 23:00:00,0,2.02697,14.7212,0.0206855,0,0.000984967,4.77014e-06,0.0124992,0.0359224,0.215302,5.39383e-07,0,0,0,0.818792,0.647574,0.0122412,0.0225667,0.013639,0.124439,2.52749,2.89485,0.893823,0.0394898,8852.13,229171,44241.8,64198.2,859.759,590.708,110.002,63.5581,11.423,2629.39,481.534,126.006,37673.1,3613.71,6109.03,151.567,15.4867,2.69258,9.93857,180.861,33.6122,5.46618,0.293946
setup,0,2007-01-14 23:00:00,0,2.04107,14.6518,0.020214,0,0.000919454,5.17684e-06,0.0126342,0.0353888,0.215572,5.46177e-07,0,0,0,0.818454,0.644285,0.0123004,0.0225139,0.0136656,0.122878,2.52707,2.8958,0.886399,0.0401784,8851.78,229159,44235.6,64191,858.196,587.545,109.177,63.7258,11.4183,2630.12,481.502,125.984,37672.7,3613.73,6109.17,151.598,15.4095,2.67431,10.0064,181.151,33.6233,5.46588,0.293926
setup,0,2007-01-15 23:00:00,0,2.0318,14.3294,0.0198028,0,0.000855613,5.50017e-06,0.0134575,0.0367803,0.214715,5.50203e-07,0,0,0,0.818118,0.641029,0.0123552,0.0224494,0.0136345,0.116166,2.49441,2.88555,0.874376,0.0407554,8851.44,229147,44229.7,64184,856.551,584.442,108.411,63.9576,11.4468,2630.84,481.471,125.963,37672.2,3613.75,6109.3,151.617,15.3337,2.65754,10.0793,181.458,33.6345,5.4656,0.292381
setup,0,2007-01-16 23:00:00,0,2.02423,13.9747,0.0194322,0,0.000793585,5.79522e-06,0.0136094,0.0357956,0.213322,5.56635e-07,0,0,0,0.817781,0.637797,0.0124611,0.0223973,0.013634,0.116697,2.45399,2.84738,0.859428,0.0412259,8851.2,229135,44224.1,64177,854.858,581.412,107.687,64.2955,11.4762,2631.57,481.441,125.943,37671.8,3613.79,6109.41,151.619,15.2598,2.64184,10.1659,181.767,33.6458,5.46533,0.290652
setup,0,2007-01-17 23:00:00,0,2.02163,13.6079,0.0190833,0,0.000733733,6.09632e-06,0.013564,0.0339939,0.21177,5.65118e-07,0,0,0,0.821175,0.634608,0.0126355,0.0223317,0.0136293,0.113882,2.41177,2.79773,0.841588,0.0416339,8851.03,229124,44218.8,64170.3,853.103,578.455,107.008,64.7359,11.5204,2632.31,481.412,125.923,37671.5,3613.85,6109.51,151.6,15.1878,2.62726,10.266,182.081,33.6572,5.46508,0.288182
setup,0,2007-01-18 23:00:00,0,2.04295,13.4907,0.0187615,0,0.00067711,6.45074e-06,0.0134809,0.0320386,0.210274,5.75934e-07,0,0,0,0.838397,0.63146,0.012943,0.0222768,0.01363,0.117069,2.39939,2.78016,0.825294,0.0420062,8850.94,229112,44213.6,64163.7,851.324,575.556,106.31,65.3233,11.5561,2633.03,481.385,125.903,37671.1,3613.9,6109.61,151.568,15.1171,2.61217,10.3873,182.396,33.6685,5.46484,0.286229
setup,0,2007-01-19 23:00:00,0,2.09693,13.5153,0.0184582,0,0.000623973,6.89451e-06,0.0135344,0.0304052,0.208977,5.8859e-07,0,0,0,0.839881,0.628368,0.0129481,0.0222066,0.0136272,0.120675,2.41115,2.7748,0.8109,0.0423896,8850.91,229101,44208.2,64157.1,849.489,572.679,105.572,66.0809,11.5974,2633.76,481.357,125.883,37670.7,3613.96,6109.72,151.52,15.0468,2.59599,10.5332,182.716,33.6798,5.46459,0.28458
setup,0,2007-01-20 23:00:00,0,2.13779,13.4142,0.0181822,0,0.000575159,7.43066e-06,0.0134389,0.0283626,0.207808,6.05811e-07,0,0,0,0.841504,0.625318,0.0129328,0.022137,0.0136269,0.119746,2.40984,2.77089,0.797644,0.042789,8850.88,229090,44203,64150.6,847.537,569.834,104.834,66.9922,11.6665,2634.48,481.329,125.863,37670.3,3614.01,6109.84,151.449,14.9772,2.57975,10.7015,183.048,33.691,5.46435,0.28354
setup,0,2007-01-21 23:00:00,0,2.15532,13.1608,0.01794,0,0.0070016,8.05073e-06,0.0134597,0.0265998,0.206716,6.24728e-07,0,0,0,0.843272,0.622295,0.0130341,0.0220773,0.0136289,0.116687,2.38636,2.74717,0.784509,0.0431781,8850.83,229079,44197.9,64144.3,845.459,567.044,104.12,68.0634,11.7561,2635.2,481.303,125.843,37670,3614.07,6109.95,151.351,14.909,2.5641,10.8926,183.383,33.7022,5.46411,0.281727
setup,0,2007-01-22 23:00:00,0,2.14853,12.6913,0.0177169,0,0.00776369,8.72733e-06,0.0133448,0.0245558,0.205645,6.49615e-07,0,0,0,0.845193,0.619294,0.0131665,0.0220205,0.0136267,0.111086,2.3305,2.69491,0.769763,0.0435165,8850.82,229069,44193.1,64138.4,843.275,564.337,103.472,69.2553,11.8558,2635.93,481.278,125.824,37669.6,3614.13,6110.06,151.223,14.8428,2.55014,11.1018,183.722,33.7136,5.4639,0.279825
setup,0,2007-01-23 23:00:00,0,2.14529,12.346,0.0174977,0,0.00786178,9.43748e-06,0.0133934,0.0229226,0.204654,6.79816e-07,0,0,0,0.84728,0.61631,0.0132657,0.0219694,0.0136268,0.106402,2.28251,2.64709,0.755561,0.0438113,8850.9,229059,44188.6,64133,841.066,561.702,102.849,70.5814,11.9125,2636.65,481.254,125.804,37669.3,3614.19,6110.22,151.075,14.7785,2.53676,11.3319,184.062,33.725,5.46371,0.277909
setup,0,2007-01-24 23:00:00,0,2.15996,12.5823,0.0172851,0,0.00795946,1.01691e-05,0.0134381,0.0212982,0.204064,7.18847e-07,0,0,0,0.849545,0.613358,0.0132919,0.0219133,0.0136345,0.110218,2.30093,2.65243,0.743969,0.0440925,8851.01,229048,44183.7,64127.9,839.141,559.039,102.215,71.7266,11.9478,2637.39,481.23,125.785,37668.9,3614.25,6110.43,150.956,14.7136,2.52311,11.559,184.399,33.7365,5.46351,0.275708
setup,0,2007-01-25 23:00:00,0,2.16237,12.7826,0.0170859,0,0.00799021,1.09426e-05,0.0131154,0.0194904,0.203948,7.62985e-07,0,0,0,0.851994,0.610456,0.0133756,0.0218484,0.0136334,0.0989749,2.31879,2.65929,0.73527,0.0443663,8851,229038,44178.5,64122.6,837.402,556.377,101.53,72.7813,11.9802,2638.12,481.206,125.766,37668.6,3614.28,6110.65,150.866,14.6486,2.5081,11.7773,184.752,33.748,5.4633,0.274343
setup,0,2007-01-26 23:00:00,0,2.16698,12.8736,0.0169062,0,0.00822021,1.17983e-05,0.0114577,0.0163481,0.204647,8.08546e-07,0,0,0,0.854633,0.607562,0.0136323,0.0218203,0.0136263,0.105355,2.32565,2.64714,0.734661,0.0446489,8851.09,229027,44173,64117,835.869,553.751,100.785,73.6809,11.9817,2638.84,481.182,125.747,37668.3,3614.29,6110.84,150.795,14.5844,2.49149,11.9801,185.094,33.7595,5.4631,0.277488
setup,0,2007-01-27 23:00:00,0,2.18954,13.173,0.0167246,0,0.00827688,1.27299e-05,0.0107899,0.0152782,0.20636,8.60243e-07,0,0,0,0.857481,0.604713,0.0136477,0.0217388,0.0136256,0.105701,2.35212,2.69309,0.744422,0.0449531,8851.23,229016,44166.9,64111.9,834.679,551.11,100.015,74.2335,11.9122,2639.55,481.157,125.727,37667.9,3614.24,6111.14,150.774,14.5197,2.47417,12.1493,185.432,33.771,5.46288,0.282469
setup,0,2007-01-28 23:00:00,0,2.20625,13.5034,0.0165537,0,0.00831372,1.37136e-05,0.0116874,0.0168785,0.208688,9.23218e-07,0,0,0,0.860547,0.601902,0.0137146,0.0216743,0.0136256,0.10713,2.39268,2.73875,0.758419,0.045267,8851.42,229005,44160.1,64106.6,833.729,548.44,99.2387,74.4789,11.8175,2640.27,481.131,125.708,37667.6,3614.08,6111.44,150.806,14.4542,2.45668,12.2699,185.772,33.7825,5.46266,0.286141
setup,0,2007-01-29 23:00:00,0,2.22536,13.6551,0.0163917,0,0.00829306,1.47468e-05,0.0139815,0.0205347,0.210225,9.73821e-07,0,0,0,0.863844,0.599129,0.0137816,0.0216145,0.0136256,0.106306,2.42334,2.76002,0.762072,0.0455914,8851.63,228993,44153.2,64100.5,832.797,545.766,98.4641,74.6442,11.7686,2640.99,481.104,125.689,37667.2,3613.9,6111.67,150.862,14.3885,2.43923,12.3574,186.133,33.794,5.46242,0.285417
setup,0,2007-01-30 23:00:00,0,2.24494,13.5755,0.0162429,0,0.00829107,1.58346e-05,0.0153409,0.0224382,0.210476,9.99843e-07,0,0,0,0.867381,0.596389,0.0138857,0.0215619,0.0136256,0.108072,2.42662,2.77456,0.756411,0.0458756,8851.88,228982,44146.7,64094.1,831.729,543.119,97.7066,74.9249,11.7912,2641.7,481.077,125.67,37666.9,3613.77,6111.82,150.911,14.3235,2.42219,12.444,186.512,33.8055,5.46219,0.282546
setup,0,2007-01-31 23:00:00,0,2.25407,13.4353,0.0161064,0,0.00828577,1.69851e-05,0.0147409,0.0211309,0.210822,1.00995e-06,0,0,0,0.871171,0.593684,0.0139764,0.0215001,0.0136332,0.105057,2.41548,2.76528,0.753086,0.046128,8852.12,228971,44140.3,64087.9,830.577,540.507,96.9737,75.2865,11.833,2642.42,481.051,125.651,37666.5,3613.68,6111.99,150.942,14.2592,2.40575,12.5407,186.9,33.817,5.46196,0.281956
setup,0,2007-02-01 23:00:00,0,2.23443,13.0556,0.0159777,0,0.00826974,1.82003e-05,0.015564,0.0216676,0.210493,1.0059e-06,0,0,0,0.875226,0.591003,0.0141109,0.021448,0.0136266,0.100582,2.37086,2.73892,0.745028,0.0462892,8852.38,228960,44134.4,64081.8,829.282,537.957,96.3082,75.7802,11.9142,2643.14,481.026,125.631,37666.2,3613.62,6112.13,150.951,14.1966,2.39105,12.6524,187.298,33.8286,5.46175,0.279468
setup,0,2007-02-02 23:00:00,0,2.21736,12.7097,0.015851,0,0.00820454,1.94831e-05,0.0160451,0.0214304,0.20969,9.97504e-07,0,0,0,0.879556,0.58834,0.0142696,0.0213944,0.0136265,0.0949313,2.32785,2.70183,0.733883,0.0463671,8852.64,228949,44128.8,64075.8,827.842,535.469,95.6727,76.4989,12.015,2643.86,481.002,125.612,37665.9,3613.59,6112.25,150.928,14.1355,2.37708,12.7941,187.701,33.8402,5.46155,0.277021
setup,0,2007-02-03 23:00:00,0,2.21104,12.2616,0.0157212,0,0.00803527,2.08278e-05,0.0165029,0.0208929,0.208446,9.86929e-07,0,0,0,0.884178,0.5857,0.0144023,0.021351,0.0136257,0.087833,2.27336,2.65619,0.72135,0.0463811,8852.98,228939,44123.7,64070,826.178,533.052,95.0811,77.5015,12.1718,2644.57,480.98,125.593,37665.6,3613.6,6112.37,150.863,14.0762,2.36422,12.973,188.112,33.8519,5.46137,0.274619
setup,0,2007-02-04 23:00:00,0,2.20628,12.099,0.0155972,0,0.00784626,2.22464e-05,0.0150648,0.0179949,0.207774,9.89426e-07,0,0,0,0.889105,0.583071,0.0144839,0.021302,0.0136259,0.0809285,2.24959,2.6169,0.714292,0.0463997,8853.33,228929,44118.8,64064.7,824.454,530.679,94.4728,78.6816,12.3098,2645.29,480.959,125.575,37665.4,3613.64,6112.54,150.771,14.018,2.35088,13.186,188.521,33.8635,5.4612,0.27468
setup,0,2007-02-05 23:00:00,0,2.21257,11.9524,0.0154846,0,0.00773039,2.37587e-05,0.0160271,0.018219,0.207058,9.84706e-07,0,0,0,0.894346,0.580455,0.0146578,0.0212562,0.0136261,0.0793811,2.23018,2.60056,0.706497,0.0464252,8853.65,228919,44113.8,64059.4,822.615,528.344,93.8492,80.0732,12.4998,2646,480.939,125.557,37665.1,3613.68,6112.71,150.654,13.9606,2.33711,13.4293,188.932,33.8752,5.46104,0.273752
setup,0,2007-02-06 23:00:00,0,2.24147,11.832,0.0153801,0,0.00778269,2.5385e-05,0.0154715,0.0166743,0.206756,9.92591e-07,0,0,0,0.906915,0.577861,0.0150452,0.0212061,0.0136272,0.0978962,2.21232,2.5811,0.702106,0.0464635,8854,228909,44108.9,64054.5,820.768,526.055,93.2233,81.558,12.6631,2646.71,480.919,125.538,37664.8,3613.72,6112.91,150.519,13.9045,2.32324,13.6961,189.323,33.8869,5.46088,0.273657
setup,0,2007-02-07 23:00:00,0,2.27403,11.4252,0.015237,0,0.00769276,2.72652e-05,0.0166986,0.017074,0.206237,9.93985e-07,0,0,0,0.9133,0.575347,0.0151455,0.0211237,0.0136257,0.0986264,2.15837,2.54133,0.694824,0.0464573,8854.38,228900,44104.2,64049.6,818.813,523.83,92.6527,83.1838,12.864,2647.42,480.901,125.519,37664.5,3613.76,6113.08,150.358,13.8499,2.31078,13.9803,189.714,33.8985,5.46074,0.272317
setup,0,2007-02-08 23:00:00,0,2.24966,10.9237,0.0150962,0,0.00750255,2.94976e-05,0.0165582,0.0159823,0.205715,1.00459e-06,0,0,0,0.920069,0.572857,0.0153159,0.0210661,0.0136256,0.0833745,2.08801,2.47922,0.687529,0.0464079,8854.74,228891,44100,64045.1,816.762,521.686,92.1455,84.9481,13.0638,2648.14,480.885,125.5,37664.3,3613.82,6113.23,150.169,13.7975,2.29994,14.284,190.111,33.9102,5.46063,0.270489
setup,0,2007-02-09 23:00:00,0,2.21691,10.472,0.0149654,0,0.00733516,3.19797e-05,0.0168974,0.0153794,0.205012,1.01242e-06,0,0,0,0.927235,0.570348,0.0155347,0.0210358,0.0136256,0.0750535,2.02265,2.41849,0.679242,0.0463183,8855.11,228883,44096.1,64040.7,814.605,519.617,91.6801,86.8686,13.2915,2648.85,480.871,125.481,37664,3613.88,6113.38,149.956,13.7469,2.29014,14.6062,190.509,33.9219,5.46054,0.269118
setup,0,2007-02-10 23:00:00,0,2.20121,9.94302,0.014828,0,0.00727559,3.47339e-05,0.0169513,0.0144541,0.20419,1.02429e-06,0,0,0,0.934812,0.567848,0.0157677,0.0209925,0.0136257,0.0856979,1.94904,2.34574,0.67045,0.0461725,8855.52,228875,44092.5,64036.7,812.354,517.629,91.2831,88.9091,13.5191,2649.56,480.859,125.462,37663.8,3613.95,6113.5,149.714,13.6985,2.28208,14.9441,190.891,33.9337,5.46048,0.26718
setup,0,2007-02-11 23:00:00,0,2.19241,9.4099,0.0146837,0,0.00713633,3.78406e-05,0.0170315,0.0136346,0.203318,1.0385e-06,0,0,0,0.942816,0.56541,0.0159236,0.0209243,0.0136263,0.0851037,1.87096,2.27385,0.661659,0.0459571,8855.91,228868,44089.4,64033.1,810.077,515.727,90.953,91.0088,13.7246,2650.28,480.85,125.443,37663.5,3614.01,6113.61,149.45,13.6524,2.27573,15.2909,191.263,33.9455,5.46044,0.264783
setup,0,2007-02-12 23:00:00,0,2.19253,9.16772,0.014534,0,0.00692685,4.12762e-05,0.0175717,0.0133102,0.202336,1.05671e-06,0,0,0,0.951259,0.562998,0.0162026,0.0208752,0.0136266,0.0846431,1.82005,2.22307,0.653224,0.0456879,8856.37,228861,44086.4,64030.2,807.899,513.888,90.607,93.1731,13.8192,2651,480.843,125.424,37663.3,3614.07,6113.79,149.185,13.6078,2.26892,15.6517,191.618,33.9575,5.46043,0.262537
setup,0,2007-02-13 23:00:00,0,2.16364,8.98162,0.0143729,0,0.00663797,4.50545e-05,0.0179939,0.0126315,0.201083,1.07605e-06,0,0,0,0.96016,0.560616,0.0163491,0.0208234,0.0136264,0.0736594,1.78743,2.19425,0.645558,0.0453531,8856.8,228854,44083.5,64027.4,805.835,512.031,90.3796,95.1232,13.9939,2651.75,480.836,125.405,37663.1,3614.14,6113.98,148.929,13.5632,2.26522,15.9934,191.992,33.9697,5.46042,0.260568
setup,0,2007-02-14 23:00:00,0,2.11847,8.34927,0.0142181,0,0.00638758,4.92474e-05,0.0177734,0.0117801,0.199774,1.09986e-06,0,0,0,0.969524,0.558224,0.0166556,0.0207846,0.0136257,0.0686229,1.70118,2.11469,0.63699,0.0449561,8857.23,228847,44081.1,64024.5,803.54,510.234,90.3067,97.2167,14.2132,2652.5,480.831,125.386,37662.9,3614.2,6114.07,148.653,13.5202,2.26555,16.3359,192.362,33.9822,5.46043,0.257314
setup,0,2007-02-15 23:00:00,0,2.0858,7.83852,0.0140858,0,0.00610384,5.3681e-05,0.017913,0.0112805,0.198337,1.1367e-06,0,0,0,0.979369,0.555849,0.0169171,0.0207327,0.0136256,0.0529632,1.62747,2.04515,0.628354,0.0445184,8857.64,228842,44079,64021.7,801.131,508.503,90.3152,99.41,14.4518,2653.26,480.828,125.367,37662.7,3614.27,6114.14,148.355,13.479,2.26796,16.6842,192.741,33.9948,5.46047,0.255506
setup,0,2007-02-16 23:00:00,0,2.04721,7.41415,0.0139443,0,0.00589874,5.83718e-05,0.0181816,0.0109106,0.196791,1.19534e-06,0,0,0,0.989703,0.55345,0.01726,0.0207018,0.0136256,0.0439046,1.56484,1.98296,0.619969,0.0440564,8858.02,228836,44077.3,64019.2,798.642,506.833,90.3813,101.686,14.701,2654.03,480.828,125.348,37662.6,3614.34,6114.19,148.038,13.4395,2.27185,17.0407,193.125,34.0076,5.46053,0.253923
setup,0,2007-02-17 23:00:00,0,2.03763,7.07059,0.0137935,0,0.00576507,6.34786e-05,0.0185406,0.0106627,0.195297,1.27556e-06,0,0,0,1.00054,0.551047,0.0198975,0.0243373,0.013626,0.0409595,1.51364,1.93445,0.612916,0.0435951,8858.42,228831,44075.9,64016.9,796.095,505.216,90.4873,104.032,14.9573,2654.8,480.828,125.328,37662.4,3614.41,6114.24,147.702,13.4074,2.27674,17.4047,193.511,34.0204,5.46061,0.252574
setup,0,2007-02-18 23:00:00,0,2.03132,6.84417,0.0136335,0,0.00560028,6.90483e-05,0.0189938,0.010539,0.194002,1.37622e-06,0,0,0,1.01189,0.548647,0.0202944,0.0242916,0.0136268,0.027316,1.47888,1.89988,0.607533,0.0431861,8858.63,228826,44074.6,64014.8,793.5,503.645,90.6015,106.454,15.2262,2655.57,480.83,125.308,37662.3,3614.48,6114.3,147.351,13.3766,2.28184,17.7776,193.913,34.0333,5.46069,0.251604
setup,0,2007-02-19 23:00:00,0,2.04196,6.86829,0.0134727,0,0.00567799,7.51571e-05,0.0194321,0.0104576,0.193133,1.48414e-06,0,0,0,1.02376,0.546222,0.0208975,0.0242798,0.0136326,0.0262898,1.47529,1.89317,0.604995,0.0428608,8858.97,228821,44073.3,64013,790.971,502.11,90.6345,108.946,15.4546,2656.33,480.832,125.284,37662.2,3614.55,6114.39,146.995,13.3467,2.28481,18.1643,194.316,34.0463,5.46079,0.250603
setup,0,2007-02-20 23:00:00,0,2.02291,7.51139,0.0133164,0,0.00596727,8.18698e-05,0.0196368,0.010413,0.192964,1.6097e-06,0,0,0,1.03617,0.543816,0.0211399,0.0242021,0.0136354,0.0403776,1.53255,1.94289,0.606472,0.0425735,8859.35,228816,44071.3,64011.7,789.082,500.59,90.3847,111.134,15.4964,2657.08,480.834,125.26,37662,3614.61,6114.62,146.698,13.317,2.2804,18.5449,194.696,34.0589,5.46088,0.248732
setup,0,2007-02-21 23:00:00,0,2.04941,8.21153,0.0131614,0,0.00654704,8.93061e-05,0.017711,0.00990274,0.193401,1.7441e-06,0,0,0,1.04912,0.541474,0.0214503,0.0241044,0.0136577,0.0543779,1.58313,1.98143,0.609687,0.0423077,8859.8,228810,44068.5,64009.4,788.161,499.14,89.7753,112.495,15.5307,2657.79,480.836,125.24,37661.9,3614.67,6114.81,146.534,13.2885,2.26655,18.8348,195.062,34.0708,5.46097,0.250044
setup,0,2007-02-22 23:00:00,0,2.0747,8.51447,0.0129625,0,0.00658433,9.7262e-05,0.0179932,0.0101653,0.193573,1.88523e-06,0,0,0,1.06264,0.539182,0.0187152,0.0203849,0.0136332,0.0540995,1.60367,2.01315,0.613247,0.0420227,8860.32,228803,44065.4,64007.8,787.355,497.685,89.0471,113.917,15.547,2658.49,480.838,125.221,37661.7,3614.72,6115.12,146.406,13.2531,2.24962,19.1196,195.424,34.0826,5.46106,0.251666
setup,0,2007-02-23 23:00:00,0,2.0431,9.09559,0.0127432,0,0.00655435,0.000105632,0.0191473,0.0109107,0.193872,2.00521e-06,0,0,0,1.07671,0.536912,0.0189988,0.0203307,0.0136268,0.0440527,1.6601,2.07753,0.620545,0.0417044,8860.69,228796,44061.6,64006,786.955,496.192,88.2282,115.002,15.5177,2659.2,480.838,125.203,37661.6,3614.77,6115.48,146.346,13.2165,2.23036,19.3759,195.792,34.0944,5.46113,0.252953
setup,0,2007-02-24 23:00:00,0,2.01908,8.5998,0.0125053,0,0.00644835,0.00011447,0.0245891,0.0137525,0.193446,2.06944e-06,0,0,0,1.09133,0.534628,0.0230355,0.0239553,0.0136279,0.0572824,1.61074,2.05303,0.620489,0.0413159,8861.14,228789,44058.3,64003.3,786.114,494.731,87.6095,116.357,15.6905,2659.9,480.839,125.183,37661.4,3614.81,6115.68,146.259,13.188,2.21632,19.6337,196.162,34.1065,5.4612,0.248646
setup,0,2007-02-25 23:00:00,0,2.00807,8.03383,0.0122489,0,0.00601506,0.000123524,0.0238559,0.0131799,0.192862,2.09328e-06,0,0,0,1.10653,0.532401,0.0198357,0.0202378,0.0136402,0.0577638,1.54665,2.0038,0.61803,0.0408415,8861.6,228783,44055.5,64000.7,784.96,493.337,87.1493,117.99,15.8489,2660.61,480.842,125.165,37661.3,3614.86,6115.81,146.123,13.1541,2.20641,19.9161,196.53,34.1185,5.4613,0.245757
setup,0,2007-02-26 23:00:00,0,1.98049,7.8782,0.0119744,0,0.00542836,0.000132732,0.0249143,0.0135562,0.191959,2.07779e-06,0,0,0,1.12229,0.530207,0.0202423,0.0201907,0.0136295,0.0479615,1.51864,1.98387,0.615258,0.0402998,8862.05,228777,44052.8,63999,783.822,491.984,86.7013,119.74,15.8724,2661.33,480.846,125.146,37661.1,3614.91,6116.05,145.971,13.1213,2.19678,20.223,196.897,34.1307,5.46142,0.243691
setup,0,2007-02-27 23:00:00,0,1.9564,7.72044,0.0116791,0,0.00466016,0.000142217,0.0248759,0.0129873,0.190554,2.04927e-06,0,0,0,1.13862,0.528003,0.0218423,0.0212201,0.0136423,0.0323247,1.49344,1.97169,0.612906,0.0397164,8862.49,228772,44050.3,63997,782.581,490.598,86.4099,121.425,16.0246,2662.07,480.849,125.127,37661,3614.97,6116.25,145.829,13.0902,2.19127,20.52,197.282,34.1433,5.46153,0.242098
setup,0,2007-02-28 23:00:00,0,1.91991,7.15196,0.0113688,0,0.00383855,0.000152083,0.0245163,0.0124721,0.189168,2.01415e-06,0,0,0,1.15551,0.52576,0.0254984,0.0237779,0.0136386,0.0272829,1.43259,1.92273,0.610064,0.0391072,8862.94,228766,44048.2,63994.8,780.971,489.258,86.3117,123.361,16.2061,2662.83,480.854,125.105,37660.9,3615.02,6116.36,145.636,13.0662,2.19078,20.8372,197.675,34.1561,5.46165,0.240235
setup,0,2007-03-01 23:00:00,0,1.87999,6.65259,0.0110577,0,0.00336953,0.000162497,0.0247013,0.0123151,0.187911,1.99512e-06,0,0,0,1.17296,0.523525,0.0261541,0.0237279,0.0136317,0.0217653,1.37111,1.871,0.607726,0.0385075,8863.23,228762,44046.7,63992.7,779.158,487.975,86.345,125.42,16.4023,2663.59,480.861,125.082,37660.9,3615.09,6116.43,145.408,13.0441,2.19372,21.1665,198.073,34.169,5.46179,0.238846
setup,0,2007-03-02 23:00:00,0,1.82087,6.23994,0.0107404,0,0.00346558,0.000173609,0.0249942,0.0122509,0.186728,2.00761e-06,0,0,0,1.19096,0.521277,0.0269769,0.0237016,0.0136285,0.0187052,1.31668,1.82576,0.60581,0.0379112,8863.3,228757,44045.5,63990.9,777.25,486.753,86.4711,127.535,16.5859,2664.36,480.869,125.058,37660.8,3615.15,6116.48,145.156,13.0238,2.19906,21.503,198.471,34.1822,5.46195,0.236957
setup,0,2007-03-03 23:00:00,0,1.80151,6.23242,0.0104021,0,0.00363748,0.000185628,0.0252105,0.0122498,0.185601,2.06603e-06,0,0,0,1.2095,0.519021,0.0278802,0.0236775,0.0137181,0.0206588,1.30655,1.81963,0.604863,0.0373093,8863.54,228753,44044.3,63989.5,775.466,485.579,86.5228,129.678,16.6746,2665.12,480.878,125.033,37660.7,3615.22,6116.59,144.904,13.0049,2.20245,21.852,198.861,34.1955,5.46212,0.235508
setup,0,2007-03-04 23:00:00,0,1.79301,6.63102,0.0100174,0,0.00382136,0.000198514,0.0254349,0.0123534,0.184533,2.15302e-06,0,0,0,1.2286,0.516799,0.028388,0.0236046,0.0137082,0.0211585,1.34165,1.85077,0.605258,0.0367092,8863.83,228748,44042.7,63988.4,774.041,484.429,86.374,131.672,16.6813,2665.88,480.887,125.009,37660.7,3615.28,6116.77,144.687,12.9865,2.2006,22.1999,199.248,34.2086,5.46229,0.234406
setup,0,2007-03-05 23:00:00,0,1.77941,6.99107,0.00960447,0,0.00401855,0.000212308,0.0257741,0.0125433,0.183566,2.25189e-06,0,0,0,1.24822,0.514604,0.029001,0.0235414,0.0137939,0.0226828,1.37076,1.88208,0.606502,0.0360962,8864.26,228743,44040.6,63987.2,772.979,483.289,86.0925,133.382,16.6774,2666.62,480.895,124.985,37660.6,3615.34,6117,144.524,12.9684,2.19531,22.5195,199.633,34.2215,5.46245,0.23291
setup,0,2007-03-06 23:00:00,0,1.75122,7.04991,0.00915849,0,0.00422999,0.000227229,0.0262812,0.0127977,0.182604,2.34963e-06,0,0,0,1.26837,0.512445,0.0295829,0.0234656,0.0137219,0.0230875,1.36998,1.88967,0.607584,0.0354642,8864.74,228738,44038.6,63985.8,772.042,482.169,85.8025,134.948,16.7111,2667.37,480.904,124.961,37660.5,3615.4,6117.21,144.393,12.9508,2.18982,22.8155,200.021,34.2344,5.46262,0.231361
setup,0,2007-03-07 23:00:00,0,1.71736,6.58198,0.0086593,0,0.00445679,0.000242837,0.0269255,0.013025,0.18145,2.43399e-06,0,0,0,1.28903,0.510332,0.0301971,0.023394,0.0136297,0.0227539,1.31632,1.85249,0.607309,0.034792,8865.21,228733,44036.9,63984.3,770.851,481.088,85.6903,136.622,16.8283,2668.13,480.914,124.938,37660.5,3615.47,6117.35,144.239,12.9345,2.18899,23.1099,200.411,34.2472,5.46279,0.229752
setup,0,2007-03-08 23:00:00,0,1.67841,6.17339,0.00811192,0,0.00469981,0.000258639,0.0274382,0.013226,0.180142,2.51378e-06,0,0,0,1.31016,0.508222,0.0310451,0.02335,0.0136271,0.0199696,1.26668,1.81508,0.606426,0.0340928,8865.49,228729,44035.6,63982.7,769.466,480.055,85.7065,138.411,16.971,2668.89,480.924,124.914,37660.4,3615.53,6117.44,144.06,12.9198,2.1915,23.4106,200.804,34.2603,5.46299,0.228717
setup,0,2007-03-09 23:00:00,0,1.66355,5.957,0.00753192,0,0.00495908,0.000274633,0.0277958,0.0133565,0.178727,2.57488e-06,0,0,0,1.33175,0.5061,0.0320275,0.0233267,0.0136313,0.0197856,1.23789,1.79311,0.605564,0.0333856,8865.77,228725,44034.5,63981.3,767.998,479.067,85.7648,140.286,17.1016,2669.66,480.936,124.89,37660.4,3615.6,6117.52,143.865,12.9065,2.1951,23.7198,201.199,34.2736,5.46319,0.227347
setup,0,2007-03-10 23:00:00,0,1.64998,5.82517,0.00693754,0,0.00523487,0.000291025,0.0281135,0.0134838,0.177404,2.62458e-06,0,0,0,1.35378,0.503992,0.0327955,0.0232739,0.0136276,0.0200646,1.21819,1.77987,0.605746,0.0326886,8866.08,228721,44033.6,63980.1,766.527,478.123,85.8322,142.189,17.2141,2670.42,480.949,124.867,37660.3,3615.66,6117.61,143.662,12.8946,2.19893,24.034,201.593,34.2869,5.4634,0.226207
setup,0,2007-03-11 23:00:00,0,1.63019,5.81346,0.00634566,0,0.00552699,0.000307729,0.0283889,0.0136157,0.176233,2.67269e-06,0,0,0,1.37622,0.501899,0.0335519,0.0232181,0.0136295,0.0203714,1.21119,1.77787,0.607003,0.0320152,8866.42,228717,44032.6,63979.1,765.136,477.217,85.8595,144.081,17.2975,2671.19,480.962,124.843,37660.3,3615.72,6117.73,143.463,12.8837,2.20171,24.3504,201.986,34.3001,5.46361,0.224806
setup,0,2007-03-12 23:00:00,0,1.58772,5.92351,0.00573795,0,0.00583404,0.000324558,0.0286621,0.013786,0.175151,2.73301e-06,0,0,0,1.39904,0.499822,0.0343216,0.0231607,0.0136275,0.0183458,1.21631,1.78805,0.60891,0.0313538,8866.63,228713,44031.5,63978.2,763.911,476.344,85.8054,145.897,17.3474,2671.94,480.975,124.819,37660.3,3615.78,6117.87,143.281,12.8738,2.20235,24.6634,202.379,34.3133,5.46383,0.223483
setup,0,2007-03-13 23:00:00,0,1.5403,6.61615,0.0051082,0,0.00615325,0.000341589,0.0286781,0.013941,0.174149,2.80337e-06,0,0,0,1.42221,0.497747,0.0352889,0.0231215,0.0136501,0.0163592,1.28062,1.8502,0.61201,0.0306939,8866.7,228708,44029.7,63977.5,763.271,475.481,85.4566,147.372,17.289,2672.69,480.988,124.795,37660.2,3615.84,6118.13,143.171,12.8641,2.19532,24.9545,202.771,34.3264,5.46404,0.222272
setup,0,2007-03-14 23:00:00,0,1.52504,7.71076,0.00442002,0,0.00648108,0.000359459,0.0236522,0.0122039,0.173735,2.86427e-06,0,0,0,1.4457,0.495681,0.0362603,0.0230805,0.0136511,0.0197818,1.37665,1.93244,0.617468,0.03001,8867.05,228702,44026.8,63975.9,763.884,474.672,84.6061,147.819,17.1666,2673.39,481,124.77,37660.2,3615.89,6118.41,143.224,12.8552,2.17516,25.1426,203.163,34.3391,5.46424,0.223479
setup,0,2007-03-15 23:00:00,0,1.49147,7.9649,0.00362965,0,0.00681878,0.000376661,0.0249059,0.0129613,0.173036,2.91009e-06,0,0,0,1.46948,0.493659,0.0368414,0.0229993,0.0136463,0.0212477,1.40446,1.97545,0.622622,0.0292915,8867.56,228696,44023.7,63974.7,764.47,473.848,83.719,148.342,17.0885,2674.09,481.01,124.747,37660.1,3615.95,6118.77,143.308,12.8459,2.15412,25.3249,203.553,34.3515,5.46443,0.224021
setup,0,2007-03-16 23:00:00,0,1.47081,7.74195,0.00280039,0,0.0071672,0.000390958,0.0309765,0.0162088,0.171896,2.94351e-06,0,0,0,1.49351,0.4917,0.0374759,0.0229212,0.0136291,0.0206556,1.39242,1.97514,0.62519,0.028557,8868.04,228690,44020.7,63972.8,764.683,473.046,82.9591,149.176,17.1385,2674.79,481.021,124.724,37660.1,3616,6119,143.363,12.8373,2.13644,25.5264,203.95,34.3638,5.46462,0.22161
setup,0,2007-03-17 23:00:00,0,1.44354,7.34429,0.00196953,0,0.00752487,0.000400919,0.0315842,0.0166406,0.170522,2.93806e-06,0,0,0,1.51775,0.489741,0.0384323,0.0228791,0.0136283,0.0196816,1.35595,1.9524,0.625751,0.0278001,8868.46,228685,44018.2,63970.7,764.533,472.293,82.3569,150.315,17.2285,2675.48,481.033,124.701,37660.1,3616.05,6119.16,143.374,12.8302,2.12287,25.7533,204.352,34.3762,5.46482,0.219206
setup,0,2007-03-18 23:00:00,0,1.41218,7.01028,0.00124671,0,0.00788923,0.000406558,0.0305241,0.0161485,0.16907,2.89695e-06,0,0,0,1.54214,0.487789,0.0393869,0.0228337,0.0136331,0.0191593,1.3201,1.92597,0.625654,0.0270349,8868.86,228680,44016,63968.7,764.178,471.596,81.8682,151.631,17.3096,2676.18,481.046,124.678,37660,3616.11,6119.3,143.355,12.8248,2.11224,25.9978,204.752,34.3887,5.46503,0.217344
setup,0,2007-03-19 23:00:00,0,1.36806,6.78659,0.000628191,0,0.00825731,0.000408418,0.0303781,0.0161047,0.167516,2.82815e-06,0,0,0,1.56664,0.485847,0.0403008,0.0227852,0.0136477,0.0173423,1.30307,1.91215,0.62538,0.0262758,8869.13,228675,44014,63966.7,763.734,470.95,81.446,153.071,17.321,2676.88,481.06,124.654,37660,3616.17,6119.43,143.295,12.8211,2.10333,26.2565,205.167,34.4012,5.46525,0.215623
setup,0,2007-03-20 23:00:00,0,1.32907,7.26439,0.000122517,0,0.00862547,0.000407434,0.0277556,0.0147849,0.166004,2.75788e-06,0,0,0,1.59119,0.483909,0.0413111,0.0227436,0.0137105,0.0172391,1.32953,1.94125,0.626969,0.0255251,8869.41,228669,44011.5,63965.7,763.672,470.299,80.8731,154.251,17.2657,2677.58,481.073,124.63,37660,3616.23,6119.72,143.32,12.8173,2.09052,26.5085,205.539,34.4139,5.46547,0.215064
setup,0,2007-03-21 23:00:00,0,1.30374,7.19452,1.66157e-05,0,0.00899164,0.000403955,0.0276956,0.0148025,0.164234,2.66583e-06,0,0,0,1.61575,0.481989,0.0421939,0.0226909,0.013639,0.017746,1.33296,1.94555,0.627397,0.0247828,8869.76,228664,44009.1,63964.1,763.549,469.676,80.3533,155.449,17.2479,2678.28,481.086,124.607,37660,3616.28,6119.94,143.33,12.8144,2.07912,26.7522,205.93,34.4265,5.46568,0.214263
setup,0,2007-03-22 23:00:00,0,1.27166,7.09868,1.84411e-05,0,0.00935507,0.000397241,0.0292777,0.0157375,0.162359,2.57882e-06,0,0,0,1.64028,0.480092,0.0430067,0.022634,0.0136394,0.016701,1.32418,1.94117,0.627522,0.0240551,8870.04,228659,44006.7,63962.4,763.372,469.084,79.8898,156.651,17.2614,2678.98,481.099,124.583,37659.9,3616.34,6120.13,143.339,12.8125,2.06919,26.9932,206.324,34.4391,5.4659,0.213031
setup,0,2007-03-23 23:00:00,0,1.25754,7.30441,2.08872e-05,0,0.00971402,0.000387036,0.0270418,0.0146893,0.160618,2.49708e-06,0,0,0,1.6647,0.478209,0.0439521,0.0225865,0.0136443,0.0181774,1.34378,1.95974,0.629127,0.0233563,8870.46,228653,44004.2,63960.9,763.347,468.509,79.3663,157.773,17.2079,2679.68,481.112,124.56,37659.9,3616.4,6120.37,143.368,12.8111,2.05771,27.2289,206.712,34.4518,5.46612,0.21281
setup,0,2007-03-24 23:00:00,0,1.23331,8.0222,2.36091e-05,0,0.0100655,0.000373646,0.0250445,0.0138526,0.159184,2.40965e-06,0,0,0,1.68897,0.476351,0.0446942,0.0225267,0.013692,0.0176408,1.41691,2.03071,0.634377,0.0226928,8870.85,228647,44000.9,63959.5,763.881,467.907,78.6771,158.396,17.0547,2680.38,481.124,124.537,37659.9,3616.45,6120.72,143.476,12.809,2.04197,27.4244,207.096,34.4644,5.46632,0.213699
setup,0,2007-03-25 23:00:00,0,1.21658,8.57879,2.64215e-05,0,0.0104078,0.000356705,0.0265819,0.0150067,0.157822,2.32522e-06,0,0,0,1.71302,0.474507,0.0455841,0.0224759,0.013665,0.0182322,1.48506,2.09372,0.640266,0.022068,8871.32,228640,43996.8,63957.6,764.746,467.274,77.927,158.609,16.9375,2681.07,481.134,124.513,37659.8,3616.38,6121.06,143.651,12.806,2.02474,27.5652,207.494,34.4769,5.46649,0.213751
setup,0,2007-03-26 23:00:00,0,1.20103,8.5417,2.92807e-05,0,0.0107401,0.00033491,0.0295001,0.0169174,0.156089,2.24199e-06,0,0,0,1.7368,0.472688,0.0463526,0.0224185,0.0136613,0.0181568,1.49957,2.11211,0.643136,0.0214777,8871.79,228634,43992.5,63955.1,765.376,466.648,77.2623,158.983,16.9011,2681.77,481.143,124.491,37659.8,3616.24,6121.33,143.81,12.8033,2.00978,27.7057,207.909,34.4895,5.46666,0.212049
setup,0,2007-03-27 23:00:00,0,1.18449,8.11301,3.20937e-05,0,0.0110618,0.000307255,0.0309038,0.0178944,0.154045,2.15414e-06,0,0,0,1.76023,0.470882,0.0472044,0.0223669,0.0136427,0.0180539,1.46702,2.08949,0.64283,0.0209164,8872.27,228627,43988.8,63952.3,765.55,466.069,76.7494,159.761,16.926,2682.47,481.153,124.468,37659.7,3616.13,6121.49,143.912,12.8021,1.99877,27.886,208.326,34.502,5.46684,0.209417
setup,0,2007-03-28 23:00:00,0,1.15893,7.75595,3.46569e-05,0,0.0113719,0.000273922,0.0303444,0.0176619,0.151991,2.07321e-06,0,0,0,1.78326,0.469089,0.0480458,0.0223158,0.0136272,0.0170424,1.42804,2.05865,0.641618,0.0203756,8872.69,228621,43985.7,63950,765.46,465.547,76.325,160.869,16.8671,2683.16,481.164,124.445,37659.7,3616.11,6121.66,143.971,12.8026,1.99003,28.1098,208.727,34.5145,5.46704,0.20709
setup,0,2007-03-29 23:00:00,0,1.13676,7.76752,3.67441e-05,0,0.0116694,0.000236234,0.0299453,0.0171462,0.149782,1.99865e-06,0,0,0,1.80581,0.467302,0.0489482,0.0222687,0.0136267,0.0168197,1.43261,2.06191,0.641433,0.0198629,8873.11,228615,43982.7,63948.1,765.373,464.984,75.9816,161.804,16.9067,2683.89,481.175,124.422,37659.7,3616.1,6121.89,144.03,12.8026,1.98349,28.3293,209.129,34.5276,5.46722,0.205017
setup,0,2007-03-30 23:00:00,0,1.11757,7.31799,3.82833e-05,0,0.0119546,0.000195638,0.0279769,0.0159223,0.147586,1.94798e-06,0,0,0,1.82782,0.465527,0.0497594,0.0222176,0.0136424,0.0162421,1.39186,2.02601,0.640137,0.0193808,8873.5,228610,43980,63945.8,764.905,464.456,75.8121,163.045,16.9564,2684.63,481.186,124.399,37659.6,3616.07,6122.01,144.041,12.8038,1.98149,28.5725,209.533,34.5408,5.46741,0.203868
setup,0,2007-03-31 23:00:00,0,1.08779,6.86099,3.93559e-05,0,0.0122289,0.000152911,0.0271312,0.0153779,0.145413,1.91337e-06,0,0,0,1.84923,0.463763,0.0505745,0.0221678,0.0136394,0.0147524,1.34144,1.98005,0.638517,0.018926,8873.79,228605,43977.9,63943.7,764.192,463.975,75.7808,164.445,17.0328,2685.38,481.198,124.376,37659.6,3616.1,6122.1,144.015,12.8067,1.98309,28.8314,209.934,34.5541,5.46761,0.202534
setup,0,2007-04-01 23:00:00,0,1.06295,6.69198,3.99998e-05,0,0.0124927,0.000108941,0.026405,0.0149924,0.143368,1.92669e-06,0,0,0,1.86995,0.462006,0.0514601,0.0221216,0.0136561,0.00889901,1.31808,1.95496,0.637491,0.018488,8874.12,228600,43976.1,63941.8,763.464,463.538,75.767,165.898,17.0674,2686.12,481.211,124.353,37659.6,3616.16,6122.21,143.977,12.811,1.98512,29.1012,210.334,34.5674,5.46782,0.201257
setup,0,2007-04-02 23:00:00,0,1.00978,6.45702,4.03424e-05,0,0.0127459,6.39941e-05,0.0259638,0.01482,0.141321,1.98366e-06,0,0,0,1.88993,0.46026,0.0522315,0.0220713,0.0136332,0.00736727,1.28762,1.92563,0.636201,0.0180655,8874.31,228595,43974.6,63940,762.694,463.142,75.8083,167.349,17.1248,2686.87,481.225,124.329,37659.6,3616.22,6122.31,143.93,12.8166,1.98856,29.369,210.733,34.5809,5.46805,0.200043
setup,0,2007-04-03 23:00:00,0,0.978266,6.48046,4.0607e-05,0,0.0129886,0.00497018,0.025417,0.0146477,0.139309,2.08145e-06,0,0,0,1.90909,0.458523,0.0533123,0.0220445,0.0136603,0.00743229,1.28564,1.91846,0.635207,0.0176588,8874.51,228591,43972.9,63938.5,762.026,462.778,75.8053,168.768,17.1381,2687.62,481.239,124.305,37659.5,3616.29,6122.44,143.888,12.8235,1.99084,29.6364,211.125,34.5944,5.46827,0.198867
setup,0,2007-04-04 23:00:00,0,0.95602,6.9532,4.09368e-05,0,0.0132246,0.00924897,0.0247239,0.0144987,0.137429,2.19713e-06,0,0,0,1.92737,0.456803,0.0540139,0.0219927,0.0136865,0.00810607,1.33147,1.95259,0.63555,0.0172595,8874.81,228585,43970.8,63937.2,761.774,462.426,75.6164,169.927,17.0601,2688.36,481.253,124.281,37659.5,3616.35,6122.66,143.894,12.8306,1.98824,29.8867,211.509,34.6078,5.4685,0.19772
setup,0,2007-04-05 23:00:00,0,0.927945,7.24734,4.12984e-05,0,0.0134552,0.0129127,0.0243448,0.0145527,0.13553,2.31268e-06,0,0,0,1.94471,0.455102,0.0543788,0.02192,0.0138951,0.0137669,1.35972,1.97513,0.63548,0.016866,8875.12,228580,43968.5,63935.7,761.773,462.076,75.3486,170.827,17.0087,2689.09,481.266,124.258,37659.4,3616.4,6122.89,143.948,12.8375,1.98359,30.1029,211.888,34.6211,5.46871,0.196298
setup,0,2007-04-06 23:00:00,0,0.909188,6.85324,4.16833e-05,0,0.0136803,0.0166731,0.0242699,0.0146586,0.133403,2.41509e-06,0,0,0,1.96105,0.453419,0.0549492,0.0218662,0.0137778,0.00742774,1.32118,1.94111,0.633449,0.0164742,8875.42,228575,43966.5,63933.9,761.47,461.746,75.2442,171.865,17.0808,2689.84,481.28,124.236,37659.4,3616.46,6123.03,143.98,12.8452,1.98326,30.3145,212.277,34.6345,5.46893,0.195373
setup,0,2007-04-07 23:00:00,0,0.863675,7.32983,4.19167e-05,0,0.0138996,0.0203207,0.023529,0.0145357,0.131538,2.52062e-06,0,0,0,1.9763,0.451748,0.056356,0.0218719,0.0137239,0.00727714,1.36946,1.9785,0.633523,0.016097,8875.65,228569,43964,63932.3,761.55,461.424,74.9664,172.689,17.0184,2690.57,481.293,124.212,37659.4,3616.5,6123.26,144.054,12.8538,1.97838,30.5138,212.658,34.6479,5.46915,0.194396
setup,0,2007-04-08 23:00:00,0,0.855799,8.15398,4.17924e-05,0,0.0141114,0.0238219,0.0225319,0.0144676,0.129928,2.59273e-06,0,0,0,1.99041,0.450091,0.0570077,0.0218226,0.0137989,0.00856369,1.45307,2.04546,0.634931,0.0157345,8876.04,228563,43960.5,63930.6,762.351,461.105,74.4033,172.941,16.869,2691.28,481.305,124.189,37659.3,3616.5,6123.57,144.222,12.8622,1.96601,30.6602,213.039,34.6609,5.46935,0.193653
setup,0,2007-04-09 23:00:00,0,0.846479,8.27463,4.12861e-05,0,0.0143156,0.0271839,0.0205836,0.0137143,0.128281,2.6525e-06,0,0,0,2.00332,0.448455,0.0567804,0.0217232,0.013791,0.00896092,1.47545,2.06325,0.635459,0.0153785,8876.58,228556,43956.8,63927.8,763.223,460.809,73.8098,173.055,16.8687,2691.97,481.316,124.166,37659.2,3616.42,6123.76,144.417,12.8703,1.95285,30.7713,213.438,34.6737,5.46955,0.194099
setup,0,2007-04-10 23:00:00,0,0.79885,7.88204,4.04741e-05,0,0.0145125,0.0303695,0.0215211,0.0146453,0.126419,2.68685e-06,0,0,0,2.01497,0.44684,0.0573662,0.0216845,0.0136604,0.0112197,1.43977,2.03222,0.634175,0.0150494,8876.75,228550,43953.6,63925.3,763.662,460.551,73.3079,173.624,16.9256,2692.66,481.329,124.144,37659.2,3616.39,6123.93,144.564,12.8797,1.94207,30.9193,213.83,34.6863,5.46975,0.193992
setup,0,2007-04-11 23:00:00,0,0.807148,8.77596,3.91911e-05,0,0.0146996,0.0331407,0.0171821,0.0121428,0.125294,2.70669e-06,0,0,0,2.0253,0.445227,0.0577371,0.0216168,0.0136682,0.00782287,1.53635,2.13018,0.640907,0.0147403,8877.23,228543,43949.5,63923.6,764.686,460.247,72.5914,173.797,16.7123,2693.35,481.34,124.122,37659.1,3616.35,6124.3,144.779,12.8875,1.92571,31.055,214.208,34.6991,5.46994,0.196348
setup,0,2007-04-12 23:00:00,0,0.775032,9.87632,3.73456e-05,0,0.0148759,0.0355316,0.0165946,0.0126615,0.125368,2.72499e-06,0,0,0,2.03425,0.443632,0.0592617,0.0216439,0.0136459,0.0091337,1.66579,2.21763,0.649453,0.0144489,8877.71,228535,43943.9,63920.1,766.623,459.885,71.5927,172.984,16.5187,2694.04,481.348,124.098,37659,3616.14,6124.56,145.126,12.8948,1.902,31.081,214.604,34.7118,5.4701,0.198991
setup,0,2007-04-13 23:00:00,0,0.761341,12.4272,3.49843e-05,0,0.0150395,0.0374666,0.0183262,0.0153072,0.127457,2.68109e-06,0,0,0,2.04178,0.442058,0.0586962,0.0215375,0.0136927,0.00812686,2.05694,2.59671,0.683459,0.0142152,8878.19,228525,43933.5,63918.2,769.919,459.255,70.6826,170.236,15.8243,2694.73,481.347,124.076,37658.9,3614.96,6125.29,145.72,12.8932,1.8811,30.8563,215.068,34.7245,5.47015,0.200543
setup,0,2007-04-14 23:00:00,0,0.742789,14.9109,3.2422e-05,0,0.0151908,0.0389354,0.0203893,0.0199864,0.132298,2.61927e-06,0,0,0,2.04784,0.440501,0.0601223,0.0215529,0.013662,0.0145427,2.49141,3.00404,0.736756,0.0142332,8878.62,228512,43920,63913.5,776.532,458.445,69.8844,162.459,15.0939,2695.42,481.338,124.053,37658.7,3612.97,6125.67,146.992,12.8872,1.86344,29.8909,215.602,34.7372,5.47011,0.201102
setup,0,2007-04-15 23:00:00,0,0.760692,15.3254,2.98408e-05,0,0.0153307,0.0398194,0.0138442,0.0163175,0.138782,2.52502e-06,0,0,0,2.05238,0.438965,0.0587459,0.0214053,0.0136881,0.0072881,2.55046,3.06757,0.78602,0.014534,8879.14,228498,43910,63903.7,783.74,457.589,69.152,153.194,14.7664,2696.11,481.326,124.033,37658.5,3612.03,6125.07,148.605,12.8779,1.84758,28.4516,216.245,34.7498,5.47004,0.213815
setup,0,2007-04-16 23:00:00,0,0.750094,16.0479,2.70821e-05,0,0.01546,0.0400538,0.0241165,0.0328808,0.145109,2.44264e-06,0,0,0,2.05535,0.437443,0.0616405,0.0215047,0.0137186,0.00948804,2.70358,3.2544,0.819066,0.0147838,8879.61,228484,43898.7,63895.4,791.166,456.665,68.4385,143.41,14.4023,2696.8,481.31,124.008,37658.3,3610.75,6124.63,150.334,12.8692,1.83224,26.7872,217.015,34.7625,5.46993,0.213509
setup,0,2007-04-17 23:00:00,0,0.750858,15.5705,0.000592748,0,0.0155785,0.0397242,0.0243561,0.0371224,0.146504,2.34815e-06,0,0,0,2.05673,0.435924,0.0597001,0.0213363,0.0136594,0.00697306,2.69106,3.25309,0.837924,0.0150558,8880.06,228470,43890,63884.9,797.231,455.742,67.7942,135.023,14.255,2697.49,481.293,123.988,37658.1,3610.18,6123.82,151.823,12.8582,1.81866,25.3259,217.808,34.7751,5.4698,0.215853
setup,0,2007-04-18 23:00:00,0,0.73678,14.8976,0.00211203,0,0.0156841,0.0388229,0.0165863,0.0271058,0.149364,2.25706e-06,0,0,0,2.05646,0.434404,0.0622934,0.0214141,0.0137896,0.00923828,2.63939,3.2685,0.874011,0.0152564,8880.51,228457,43881.9,63876.2,801.503,454.824,67.2268,128.691,14.2017,2698.18,481.276,123.964,37657.9,3609.71,6123.25,152.955,12.85,1.80709,24.2227,218.575,34.7878,5.46966,0.225482
setup,0,2007-04-19 23:00:00,0,0.719244,14.5474,0.00303182,0,0.0157755,0.0373999,0.0191764,0.0339398,0.153558,2.17166e-06,0,0,0,2.05453,0.432892,0.060293,0.021256,0.0138537,0.011909,2.62836,3.27505,0.903834,0.0154236,8880.87,228444,43873.6,63868,804.704,453.907,66.7115,123.604,14.1561,2698.86,481.258,123.943,37657.7,3609.18,6122.78,153.862,12.8395,1.79685,23.3199,219.35,34.8005,5.46952,0.230351
setup,0,2007-04-20 23:00:00,0,0.702166,14.2507,0.00388917,0,0.0158538,0.0355592,0.0206413,0.0389171,0.156236,2.0912e-06,0,0,0,2.05091,0.431385,0.0593706,0.021159,0.0137536,0.00475768,2.61894,3.29052,0.926096,0.0155397,8881.21,228432,43865.5,63860.1,807.275,452.997,66.2611,119.203,14.1179,2699.56,481.239,123.922,37657.5,3608.64,6122.32,154.633,12.8283,1.78826,22.5278,220.143,34.8133,5.46938,0.232986
setup,0,2007-04-21 23:00:00,0,0.679784,14.2453,0.00463963,0,0.0159212,0.0333959,0.0257336,0.0512166,0.155156,2.01116e-06,0,0,0,2.04558,0.429881,0.0645587,0.0213573,0.0136412,0.010602,2.64137,3.32,0.925302,0.0156195,8881.63,228419,43857.5,63852,809.381,452.083,65.7887,115.47,14.0629,2700.24,481.22,123.896,37657.3,3608.16,6121.84,155.303,12.8223,1.77898,21.8468,220.945,34.8261,5.46922,0.228974
setup,0,2007-04-22 23:00:00,0,0.669696,14.1334,0.00531009,0,0.0159793,0.0309701,0.0268688,0.0546575,0.151546,1.93286e-06,0,0,0,2.03853,0.428391,0.0591989,0.0210603,0.0136565,0.0049733,2.64728,3.32965,0.915731,0.015661,8882.05,228407,43849.9,63843.9,811.029,451.169,65.3198,112.327,14.0647,2700.93,481.201,123.877,37657.1,3607.8,6121.4,155.878,12.8108,1.7697,21.2755,221.758,34.8388,5.46907,0.22473
setup,0,2007-04-23 23:00:00,0,0.644002,13.8957,0.00600743,0,0.0160317,0.0283468,0.0266174,0.0541646,0.146791,1.85752e-06,0,0,0,2.02975,0.426911,0.0645441,0.0212596,0.0136585,0.0105387,2.62869,3.31245,0.901285,0.0156263,8882.48,228395,43842.7,63836,812.221,450.267,64.8655,109.797,14.1128,2701.62,481.182,123.851,37656.9,3607.53,6121.02,156.36,12.8054,1.7607,20.8218,222.56,34.8515,5.46891,0.220715
setup,0,2007-04-24 23:00:00,0,0.630327,13.808,0.00662278,0,0.0160808,0.0256349,0.0269369,0.0540984,0.141628,1.78614e-06,0,0,0,2.01923,0.42544,0.0590658,0.0209735,0.0136416,0.0103658,2.62783,3.30848,0.883434,0.0155842,8882.87,228383,43835.7,63828.3,812.999,449.368,64.3833,107.895,14.1902,2702.3,481.162,123.833,37656.8,3607.32,6120.71,156.756,12.7944,1.75089,20.4876,223.358,34.8642,5.46876,0.216386
setup,0,2007-04-25 23:00:00,0,0.6075,13.4395,0.00704242,0,0.0161293,0.0229514,0.0255473,0.0495631,0.136287,1.72682e-06,0,0,0,2.00698,0.423979,0.0590735,0.020937,0.0136523,0.00447759,2.58472,3.26273,0.863672,0.0154766,8883.24,228371,43829.1,63821,813.386,448.49,63.9384,106.515,14.3225,2702.99,481.144,123.811,37656.6,3607.18,6120.47,157.071,12.7845,1.74196,20.2533,224.153,34.8769,5.46861,0.213103
setup,0,2007-04-26 23:00:00,0,0.568813,13.0346,0.00721538,0,0.016179,0.020414,0.022884,0.0425382,0.131855,1.67837e-06,0,0,0,1.99299,0.422526,0.064415,0.021123,0.0136859,0.00985622,2.52761,3.20093,0.84776,0.015299,8883.6,228360,43822.8,63814.1,813.49,447.639,63.5322,105.562,14.4559,2703.67,481.127,123.785,37656.5,3607.07,6120.31,157.323,12.7812,1.73397,20.1016,224.922,34.8897,5.46848,0.21166
setup,0,2007-04-27 23:00:00,0,0.546955,12.8037,0.00704434,0,0.0162297,0.0181134,0.0212303,0.0380158,0.128579,1.63818e-06,0,0,0,1.97731,0.421083,0.0589647,0.0208628,0.0136548,0.00435368,2.49223,3.16153,0.836484,0.0151215,8883.95,228349,43816.7,63807.6,813.419,446.803,63.1418,104.924,14.5597,2704.36,481.11,123.766,37656.4,3606.98,6120.2,157.532,12.773,1.72636,20.011,225.68,34.9025,5.46836,0.210976
setup,0,2007-04-28 23:00:00,0,0.502142,12.614,0.00655862,0,0.0162825,0.016099,0.0181708,0.0315188,0.126923,1.60704e-06,0,0,0,1.95994,0.419651,0.0640192,0.0210323,0.0137677,0.0142102,2.46381,3.13396,0.835339,0.0149362,8884.21,228338,43810.5,63801.5,813.281,445.969,62.7991,104.382,14.6131,2705.04,481.095,123.741,37656.3,3606.85,6120.16,157.722,12.7706,1.71998,19.9444,226.415,34.9153,5.46824,0.213009
setup,0,2007-04-29 23:00:00,0,0.491237,13.4432,0.00594091,0,0.0163357,0.0143777,0.0182792,0.0317235,0.129827,1.6009e-06,0,0,0,1.94089,0.418229,0.0570681,0.020727,0.0141767,0.00293011,2.59419,3.25056,0.853084,0.0147795,8884.51,228326,43802.2,63797.3,813.591,445.053,62.48,103.349,14.2931,2705.73,481.076,123.723,37656.1,3606.2,6120.42,157.977,12.7589,1.71427,19.8093,227.173,34.9281,5.4681,0.213588
setup,0,2007-04-30 23:00:00,0,0.437682,14.7881,0.00519368,0,0.0163901,0.012974,0.0200845,0.0365501,0.136414,1.56226e-06,0,0,0,1.92019,0.416812,0.0645267,0.0209835,0.0139194,0.00984911,2.90483,3.6082,0.88982,0.0147018,8884.75,228313,43790.7,63793.3,815.361,444.048,62.1856,100.2,13.6551,2706.42,481.054,123.696,37656,3604.43,6120.48,158.369,12.7526,1.70922,19.2451,228.234,34.9411,5.46791,0.21107
setup,0,2007-05-01 23:00:00,0,0.415679,14.709,0.00436047,0,0.0164458,0.0118762,0.0207871,0.0420597,0.140835,1.51741e-06,0,0,0,1.89788,0.415401,0.0571179,0.020676,0.0139539,0.00265369,2.86233,3.46554,0.915496,0.0149884,8885,228300,43782.6,63784.5,817.351,443.02,61.916,96.2263,13.5812,2707.11,481.031,123.678,37655.8,3603.84,6119.72,158.971,12.7384,1.70484,18.4706,229.243,34.954,5.46771,0.212724
setup,0,2007-05-02 23:00:00,0,0.378223,14.5206,0.00369408,0,0.0165027,0.0109691,0.0224942,0.0477619,0.140928,1.48268e-06,0,0,0,1.87398,0.414001,0.0636778,0.0208901,0.0137051,0.00988784,2.84212,3.48289,0.916319,0.015144,8885.26,228288,43775.1,63776.1,818.809,441.974,61.6435,92.8731,13.6212,2707.79,481.007,123.651,37655.6,3603.42,6119.11,159.497,12.7309,1.70033,17.8067,230.225,34.9669,5.4675,0.212437
setup,0,2007-05-03 23:00:00,0,0.358075,14.4721,0.00315963,0,0.0165602,0.0102129,0.0224742,0.0489054,0.14047,1.45396e-06,0,0,0,1.84856,0.412617,0.0560056,0.0205895,0.0137455,0.00754101,2.85305,3.5082,0.918434,0.0152647,8885.47,228275,43767.7,63768.2,819.749,440.901,61.3546,90.1664,13.7015,2708.48,480.982,123.633,37655.4,3603.08,6118.65,159.921,12.7153,1.69536,17.2669,231.203,34.9798,5.46728,0.212477
setup,0,2007-05-04 23:00:00,0,0.32589,14.3278,0.00278245,0,0.0166186,0.00956398,0.0222642,0.0491854,0.139585,1.42543e-06,0,0,0,1.82165,0.411246,0.0576742,0.0206263,0.0136685,0.00411307,2.84765,3.51883,0.919165,0.0153228,8885.64,228262,43760.4,63760.6,820.259,439.808,61.0765,87.9896,13.8012,2709.16,480.957,123.61,37655.3,3602.76,6118.29,160.259,12.7015,1.69063,16.8335,232.172,34.9926,5.46706,0.212281
setup,0,2007-05-05 23:00:00,0,0.299371,14.1133,0.00251361,0,0.0166776,0.00899789,0.0235697,0.0524156,0.137129,1.39453e-06,0,0,0,1.7933,0.409885,0.0602045,0.02069,0.0136473,0.00742028,2.82885,3.50995,0.91014,0.0152747,8885.85,228250,43753.4,63752.9,820.436,438.707,60.8127,86.2886,13.8968,2709.85,480.932,123.585,37655.1,3602.5,6117.95,160.523,12.6907,1.68622,16.4965,233.128,35.0056,5.46684,0.210407
setup,0,2007-05-06 23:00:00,0,0.264963,13.7115,0.00226527,0,0.0167363,0.00848112,0.0210896,0.0462982,0.135308,1.37278e-06,0,0,0,1.76358,0.408537,0.0562659,0.0205361,0.0136708,0.00283016,2.77408,3.46847,0.907323,0.0151686,8885.91,228238,43746.7,63746,820.402,437.608,60.6116,84.8102,14.0109,2710.53,480.909,123.564,37655,3602.24,6117.71,160.743,12.677,1.68347,16.2074,234.069,35.0185,5.46663,0.210422
setup,0,2007-05-07 23:00:00,0,0.239877,13.4889,0.00196162,0,0.0167955,0.00799482,0.0208576,0.0457444,0.133483,1.34769e-06,0,0,0,1.73255,0.407199,0.0597021,0.0206282,0.0137057,0.00720382,2.74038,3.43527,0.901688,0.0149769,8886.03,228226,43740.1,63739.2,820.281,436.51,60.4181,83.5633,14.0529,2711.22,480.886,123.539,37654.8,3601.96,6117.49,160.928,12.6675,1.68088,15.9682,234.988,35.0317,5.46644,0.209834
setup,0,2007-05-08 23:00:00,0,0.219907,13.5711,0.00151513,0,0.0168553,0.00752193,0.0174424,0.0381704,0.134605,1.341e-06,0,0,0,1.70027,0.405878,0.0546821,0.0204463,0.014335,0.00637724,2.75869,3.4567,0.914947,0.0149144,8886.05,228214,43733,63732.6,820.165,435.38,60.2101,82.3069,14.0614,2711.91,480.863,123.519,37654.7,3601.56,6117.29,161.109,12.6528,1.6779,15.7258,235.908,35.0447,5.46624,0.213167
setup,0,2007-05-09 23:00:00,0,0.214283,13.6706,0.000945591,0,0.0169182,0.00707745,0.0210385,0.0471613,0.134211,1.30227e-06,0,0,0,1.66682,0.404571,0.054549,0.0204249,0.0137313,0.00368932,2.78537,3.45735,0.909131,0.014901,8886.18,228203,43726,63725.1,819.988,434.22,59.9745,81.1358,14.0908,2712.6,480.839,123.496,37654.5,3601.23,6116.98,161.268,12.6378,1.67413,15.4972,236.848,35.0577,5.46603,0.212048
setup,0,2007-05-10 23:00:00,0,0.201484,13.6828,0.000366416,0,0.0169844,0.00666817,0.0211053,0.0473248,0.132654,1.27743e-06,0,0,0,1.63228,0.403277,0.0564288,0.0204678,0.013665,0.00668563,2.79346,3.46669,0.903032,0.0149056,8886.34,228191,43719.4,63717.6,819.677,433.032,59.7169,80.1412,14.161,2713.28,480.815,123.471,37654.4,3601.02,6116.69,161.408,12.6249,1.66973,15.3035,237.78,35.0708,5.46582,0.211362
setup,0,2007-05-11 23:00:00,0,0.1905,13.5593,3.73194e-05,0,0.0170528,0.00629655,0.0171433,0.0380617,0.132657,1.26043e-06,0,0,0,1.59671,0.401995,0.0525562,0.0203322,0.0136687,0.00326285,2.78049,3.46182,0.912004,0.0149231,8886.44,228179,43712.9,63710.7,819.228,431.818,59.4835,79.2294,14.2662,2713.96,480.791,123.45,37654.2,3600.82,6116.49,161.528,12.6081,1.666,15.1266,238.705,35.0837,5.46561,0.215329
setup,0,2007-05-12 23:00:00,0,0.166846,13.5514,2.40903e-05,0,0.0171225,0.00597057,0.0214014,0.0481878,0.132371,1.25134e-06,0,0,0,1.56021,0.400723,0.0548631,0.020387,0.013671,0.0055719,2.79409,3.51891,0.906661,0.0147532,8886.46,228167,47194,63706.2,818.873,430.574,59.3207,78.2499,14.2074,2714.65,480.766,123.425,37654.1,4036.92,6116.58,161.641,12.5939,1.66414,14.9252,239.674,35.0968,5.46539,0.210525
setup,0,2007-05-13 23:00:00,0,0.161676,13.6572,2.56521e-05,0,0.0171919,0.00573398,0.020658,0.0469443,0.132065,1.22363e-06,0,0,0,1.52284,0.399462,0.0513032,0.0202645,0.0136598,0.00677779,2.81505,3.48405,0.90512,0.0146499,8886.47,228155,47186.5,63698.7,818.699,429.308,59.1187,77.0878,14.1458,2715.34,480.742,123.404,37653.9,4036.44,6116.18,161.768,12.5762,1.66118,14.7027,240.636,35.11,5.46518,0.209726
setup,0,2007-05-14 23:00:00,0,0.165743,13.8129,2.78174e-05,0,0.0172604,0.00552675,0.0200601,0.0458454,0.131931,1.20588e-06,0,0,0,1.48471,0.398212,0.0491992,0.0201899,0.013654,0.00238214,2.84594,3.51462,0.90723,0.0147201,8886.55,228143,47179.2,63691.4,818.428,427.994,58.8906,75.9589,14.1788,2716.02,480.717,123.382,37653.8,4036.09,6115.86,161.9,12.556,1.6575,14.4815,241.606,35.123,5.46495,0.209784
setup,0,2007-05-15 23:00:00,0,0.156141,13.7077,3.02849e-05,0,0.0173298,0.00532083,0.0214975,0.0493201,0.130131,1.1853e-06,0,0,0,1.4459,0.396971,0.0525516,0.0202751,0.0136284,0.00650007,2.84212,3.52299,0.899589,0.0147232,8886.6,228131,47172.2,63684,817.965,426.652,58.6752,75.0298,14.2749,2716.71,480.691,123.356,37653.6,4035.81,6115.55,162.002,12.5393,1.65412,14.2959,242.578,35.1361,5.46472,0.208345
setup,0,2007-05-16 23:00:00,0,0.162101,13.5842,3.25886e-05,0,0.0173998,0.00513578,0.021798,0.0493653,0.1275,1.16897e-06,0,0,0,1.4065,0.395739,0.0472443,0.0201091,0.0136263,0.00220447,2.82849,3.51205,0.888293,0.0146572,8886.65,228119,47165.4,63676.6,817.337,425.287,58.4593,74.3551,14.3842,2717.39,480.665,123.336,37653.5,4035.6,6115.28,162.074,12.5176,1.65071,14.1613,243.544,35.1491,5.46449,0.206067
setup,0,2007-05-17 23:00:00,0,0.153896,13.5601,3.46636e-05,0,0.0174703,0.00498567,0.0214755,0.0475804,0.124901,1.15659e-06,0,0,0,1.36659,0.394513,0.0503882,0.0201868,0.0136262,0.00628419,2.82925,3.50906,0.877244,0.014606,8886.67,228107,47158.8,63669.2,816.556,423.894,58.2256,73.9301,14.5033,2718.07,480.639,123.311,37653.4,4035.45,6115.07,162.12,12.4993,1.64677,14.0776,244.495,35.1622,5.46426,0.204202
setup,0,2007-05-18 23:00:00,0,0.154118,13.3909,3.65788e-05,0,0.0175408,0.00485722,0.0209793,0.0451436,0.122175,1.14864e-06,0,0,0,1.34843,0.393295,0.0458575,0.0200276,0.0136261,0.0054606,2.80833,3.48669,0.863949,0.0145309,8886.64,228096,47152.4,63662.1,815.627,422.502,58.0048,73.7165,14.6434,2718.75,480.614,123.291,37653.3,4035.36,6114.92,162.141,12.4769,1.64317,14.0368,245.437,35.1752,5.46404,0.202167
setup,0,2007-05-19 23:00:00,0,0.152624,13.1959,3.83177e-05,0,0.0176116,0.00475164,0.020434,0.0425256,0.119483,1.14906e-06,0,0,0,1.35206,0.392083,0.0468441,0.0200048,0.0136269,0.00237281,2.77594,3.45281,0.850158,0.0144062,8886.62,228084,47146.2,63655.4,814.604,421.139,57.7963,73.6912,14.7675,2719.43,480.589,123.267,37653.2,4035.3,6114.85,162.145,12.4561,1.63986,14.0349,246.363,35.1882,5.46382,0.200149
setup,0,2007-05-20 23:00:00,0,0.143729,13.1875,3.99014e-05,0,0.0176826,0.00467048,0.0200879,0.0403285,0.117312,1.15761e-06,0,0,0,1.35529,0.390877,0.0500938,0.0200447,0.0136261,0.00494963,2.77803,3.44854,0.837814,0.0142796,8886.55,228073,47140,63648.9,813.535,419.781,57.6035,73.7654,14.8614,2720.12,480.564,123.243,37653.1,4035.21,6114.83,162.137,12.4386,1.63696,14.0562,247.285,35.2014,5.4636,0.197967
setup,0,2007-05-21 23:00:00,0,0.141501,13.0705,4.13397e-05,0,0.0177537,0.00460242,0.0174295,0.0337919,0.116116,1.18828e-06,0,0,0,1.35813,0.389678,0.0476202,0.0199279,0.0136265,0.00174121,2.75812,3.40746,0.831077,0.0141627,8886.42,228062,47133.8,63642.3,812.552,418.457,57.4029,73.7814,14.9366,2720.8,480.54,123.221,37652.9,4035.12,6114.8,162.134,12.4194,1.63385,14.0746,248.198,35.2145,5.46338,0.198601
setup,0,2007-05-22 23:00:00,0,0.136669,12.8784,4.27291e-05,0,0.0178256,0.00457046,0.0172021,0.0328538,0.11504,1.2104e-06,0,0,0,1.36055,0.388485,0.0508631,0.0199675,0.0136288,0.00475409,2.72164,3.37435,0.825191,0.0140259,8886.3,228050,47127.8,63636.1,811.593,417.161,57.2187,73.7933,15.0073,2721.48,480.517,123.196,37652.8,4035.05,6114.81,162.137,12.4041,1.63117,14.0896,249.096,35.2276,5.46318,0.198713
setup,0,2007-05-23 23:00:00,0,0.136814,12.7428,4.4119e-05,0,0.017898,0.00457595,0.0180985,0.0340272,0.113455,1.24324e-06,0,0,0,1.36255,0.387298,0.0480063,0.0198434,0.0136258,0.00468603,2.69972,3.35643,0.815344,0.0138808,8886.14,228039,47121.9,63629.7,810.6,415.888,57.0362,73.9013,15.0799,2722.16,480.495,123.175,37652.7,4034.98,6114.79,162.133,12.3865,1.62852,14.1185,249.993,35.2408,5.46299,0.19727
setup,0,2007-05-24 23:00:00,0,0.128395,12.5142,4.55448e-05,0,0.0179711,0.00460543,0.0172976,0.0316817,0.111863,1.28041e-06,0,0,0,1.3641,0.386118,0.0481723,0.0198019,0.0136291,0.00082249,2.66383,3.3173,0.806284,0.0137351,8885.91,228029,47116.3,63623.5,809.565,414.641,56.8775,74.0741,15.1635,2722.84,480.473,123.152,37652.7,4034.94,6114.8,162.12,12.3697,1.62652,14.1586,250.884,35.2539,5.46281,0.196501
setup,0,2007-05-25 23:00:00,0,0.12743,12.4257,4.69186e-05,0,0.0180453,0.00464731,0.0169456,0.0304106,0.110462,1.30221e-06,0,0,0,1.3652,0.384944,0.0519162,0.0198556,0.0136261,0.00470603,2.64708,3.29305,0.797962,0.0136016,8885.73,228018,47110.7,63617.4,808.507,413.413,56.7084,74.3392,15.2371,2723.52,480.452,123.126,37652.6,4034.92,6114.82,162.101,12.3571,1.62421,14.216,251.76,35.2671,5.46263,0.195798
setup,0,2007-05-26 23:00:00,0,0.128704,12.5633,4.80414e-05,0,0.01812,0.00467837,0.0127255,0.0225994,0.111197,1.31826e-06,0,0,0,1.36583,0.383776,0.0481664,0.0197122,0.0136324,0.000602024,2.65566,3.32259,0.809695,0.0134722,8885.51,228007,47104.9,63612.8,807.738,412.186,56.543,74.2476,15.1965,2724.2,480.431,123.105,37652.5,4034.84,6115.07,162.125,12.3406,1.62206,14.2304,252.631,35.2803,5.46245,0.199964
setup,0,2007-05-27 23:00:00,0,0.117939,12.6485,4.90865e-05,0,0.0181964,0.00474173,0.0161818,0.0292995,0.111352,1.32623e-06,0,0,0,1.36599,0.382615,0.0521821,0.0197742,0.0136299,0.00419311,2.67282,3.30152,0.807094,0.0133597,8885.25,227996,47098.7,63607,807.081,410.966,56.3651,74.0291,15.1609,2724.88,480.409,123.079,37652.4,4034.64,6115.14,162.165,12.3282,1.61953,14.2071,253.516,35.2936,5.46227,0.198926
setup,0,2007-05-28 23:00:00,0,0.12011,12.6973,5.0123e-05,0,0.0182735,0.00481973,0.0170594,0.0309255,0.110669,1.32521e-06,0,0,0,1.36566,0.381459,0.0485518,0.0196363,0.0136272,0.0030253,2.68864,3.31616,0.800859,0.0133091,8884.96,227985,47092.6,63600.7,806.395,409.751,56.1734,73.8365,15.163,2725.56,480.388,123.058,37652.3,4034.46,6115.13,162.204,12.3121,1.61661,14.1802,254.415,35.3067,5.46209,0.197408
setup,0,2007-05-29 23:00:00,0,0.117009,12.5362,5.11462e-05,0,0.0183513,0.00488455,0.0158327,0.028424,0.109924,1.32193e-06,0,0,0,1.36483,0.38031,0.0496551,0.0196237,0.0136333,0.00126334,2.66647,3.29273,0.796822,0.0132411,8884.66,227974,47086.7,63594.7,805.684,408.55,56.0071,73.6372,15.191,2726.24,480.367,123.034,37652.2,4034.33,6115.14,162.24,12.2974,1.61439,14.1509,255.31,35.32,5.46191,0.197325
setup,0,2007-05-30 23:00:00,0,0.114968,12.3906,5.20243e-05,0,0.0184301,0.00493334,0.0165414,0.0296013,0.108832,1.30211e-06,0,0,0,1.36349,0.379167,0.0512502,0.0196245,0.0136257,0.00293943,2.64558,3.27717,0.789986,0.0131482,8884.37,227963,47081,63588.6,804.914,407.365,55.8507,73.518,15.2449,2726.92,480.346,123.009,37652.1,4034.22,6115.13,162.267,12.2849,1.61244,14.1322,256.204,35.3332,5.46174,0.195998
setup,0,2007-05-31 23:00:00,0,0.116079,12.4813,5.26856e-05,0,0.0185098,0.00495018,0.0161465,0.0285814,0.107935,1.28891e-06,0,0,0,1.36164,0.378031,0.0494989,0.0195393,0.0136256,0.0011899,2.66247,3.28367,0.784987,0.0131049,8884.06,227953,47075.3,63582.4,804.069,406.184,55.6524,73.5517,15.2991,2727.6,480.325,122.986,37652,4034.16,6115.14,162.28,12.2704,1.60931,14.142,257.095,35.3464,5.46156,0.195454
setup,0,2007-06-01 23:00:00,0,0.111193,12.4856,5.32126e-05,0,0.0185909,0.00493571,0.0160229,0.0280026,0.106984,1.2746e-06,0,0,0,1.35927,0.3769,0.0511081,0.0195427,0.0136256,0.00261226,2.67075,3.28826,0.779893,0.013097,8883.72,227942,47069.6,63576.3,803.112,405.006,55.4444,73.7224,15.3808,2728.27,480.303,122.962,37651.9,4034.12,6115.16,162.273,12.2576,1.6059,14.1781,257.985,35.3596,5.46137,0.194914
setup,0,2007-06-02 23:00:00,0,0.11072,12.4103,5.35743e-05,0,0.018673,0.00490429,0.0156626,0.0269173,0.106047,1.26549e-06,0,0,0,1.35636,0.375775,0.0494113,0.0194606,0.0136258,0.000804482,2.6635,3.27877,0.774403,0.0130722,8883.35,227931,47064,63570.2,802.072,403.836,55.2413,74.0097,15.4663,2728.95,480.282,122.939,37651.8,4034.11,6115.22,162.249,12.2432,1.60262,14.2384,258.871,35.3727,5.46119,0.194367
setup,0,2007-06-03 23:00:00,0,0.098767,11.9714,5.37861e-05,0,0.0187557,0.00488403,0.0151884,0.0255344,0.104914,1.2612e-06,0,0,0,1.3529,0.374656,0.0509307,0.0194638,0.0136274,0.00411201,2.59265,3.21817,0.766843,0.0129461,8882.9,227921,47058.9,63564.6,801.02,402.693,55.1195,74.2843,15.5521,2729.63,480.262,122.914,37651.7,4034.12,6115.29,162.22,12.2315,1.60162,14.3003,259.738,35.386,5.46103,0.193257
setup,0,2007-06-04 23:00:00,0,0.105536,11.8388,5.39861e-05,0,0.0188377,0.0048886,0.0148476,0.0246443,0.104036,1.26296e-06,0,0,0,1.3489,0.373543,0.0473931,0.0193354,0.0136261,6.91179e-15,2.55959,3.1799,0.76064,0.0127841,8882.49,227911,47053.8,63559,800.033,401.572,54.9825,74.5989,15.582,2730.3,480.244,122.892,37651.6,4034.15,6115.38,162.196,12.2168,1.60018,14.3731,260.588,35.3992,5.46088,0.192561
setup,0,2007-06-05 23:00:00,0,0.0972141,11.7742,5.44753e-05,0,0.0189193,0.00490478,0.0147716,0.024222,0.103206,1.26772e-06,0,0,0,1.34435,0.372435,0.0512215,0.0194019,0.0136268,0.00286058,2.54837,3.16549,0.755057,0.0126908,8882.05,227901,47048.8,63553.5,799.029,400.46,54.8376,74.9622,15.6235,2730.98,480.225,122.867,37651.6,4034.18,6115.47,162.168,12.2063,1.5985,14.4539,261.431,35.4124,5.46074,0.191963
setup,0,2007-06-06 23:00:00,0,0.0999345,11.6256,5.52499e-05,0,0.0190015,0.00489803,0.0145553,0.0234976,0.102271,1.27337e-06,0,0,0,1.33925,0.371334,0.0480532,0.0192847,0.0136263,-2.6834e-14,2.52615,3.14037,0.748683,0.0125961,8881.6,227891,47043.9,63548,797.985,399.358,54.7068,75.3815,15.6789,2731.66,480.208,122.845,37651.5,4034.22,6115.58,162.131,12.193,1.59722,14.5439,262.272,35.4257,5.4606,0.191332
setup,0,2007-06-07 23:00:00,0,0.0925188,11.4061,5.60221e-05,0,0.0190852,0.00488084,0.0143754,0.0228087,0.101274,1.27628e-06,0,0,0,1.33359,0.370238,0.050567,0.0193196,0.0136258,0.00264647,2.49053,3.10438,0.741395,0.0124767,8881.11,227881,47039.2,63542.7,796.917,398.269,54.601,75.8473,15.7351,2732.33,480.191,122.819,37651.4,4034.27,6115.69,162.087,12.1829,1.59664,14.6424,263.101,35.4389,5.46047,0.190188
setup,0,2007-06-08 23:00:00,0,0.091252,11.1208,5.66589e-05,0,0.0191701,0.00486667,0.0137209,0.0213674,0.100291,1.283e-06,0,0,0,1.32736,0.369148,0.047549,0.0192076,0.0136288,0.00170156,2.43994,3.05021,0.733918,0.0123182,8880.59,227871,47034.8,63537.6,795.882,397.2,54.5287,76.305,15.7689,2733.01,480.176,122.797,37651.3,4034.33,6115.81,162.043,12.1705,1.597,14.742,263.916,35.4522,5.46036,0.189458
setup,0,2007-06-09 23:00:00,0,0.0899016,11.1103,5.72814e-05,0,0.0192561,0.00486032,0.0136142,0.0209922,0.0995057,1.28826e-06,0,0,0,1.32057,0.368064,0.0480772,0.019192,0.0136268,0.000693101,2.43379,3.03556,0.728193,0.0122086,8880.07,227862,47030.3,63532.5,794.859,396.139,54.4217,76.8166,15.7969,2733.69,480.161,122.772,37651.3,4034.39,6115.93,161.997,12.1589,1.59637,14.8501,264.725,35.4654,5.46025,0.188914
setup,0,2007-06-10 23:00:00,0,0.0878402,11.1276,5.79899e-05,0,0.0193435,0.00484433,0.0130909,0.0199468,0.0988233,1.29918e-06,0,0,0,1.31321,0.366986,0.0486257,0.0191785,0.0136288,0.00163558,2.43872,3.03178,0.724113,0.0121493,8879.54,227852,47025.8,63527.6,793.827,395.077,54.2953,77.3589,15.827,2734.37,480.146,122.748,37651.2,4034.44,6116.07,161.945,12.1479,1.59519,14.9648,265.534,35.4786,5.46014,0.189076
setup,0,2007-06-11 23:00:00,0,0.0823746,11.0528,5.86757e-05,0,0.0194324,0.00482632,0.0124972,0.0188278,0.0983524,1.30612e-06,0,0,0,1.30529,0.365913,0.0471968,0.0191117,0.0136311,0.000376103,2.4232,3.01134,0.721372,0.0120607,8878.94,227843,47021.4,63523,792.896,394.016,54.1875,77.7778,15.828,2735.04,480.131,122.724,37651.1,4034.49,6116.25,161.906,12.1357,1.59454,15.0651,266.338,35.4918,5.46004,0.189193
setup,0,2007-06-12 23:00:00,0,0.0796686,10.8881,5.92531e-05,0,0.0195224,0.00484064,0.0130984,0.0196932,0.0977063,1.30589e-06,0,0,0,1.29681,0.364845,0.0479288,0.0191063,0.013626,0.0016154,2.38928,2.98207,0.716275,0.0119194,8878.35,227834,47017,63518.3,792.033,392.965,54.0955,78.1307,15.838,2735.72,480.118,122.699,37651,4034.55,6116.4,161.881,12.1248,1.59433,15.151,267.134,35.505,5.45994,0.188443
setup,0,2007-06-13 23:00:00,0,0.0804707,10.731,5.98891e-05,0,0.0196123,0.00488536,0.0129627,0.0193437,0.0969687,1.30998e-06,0,0,0,1.28776,0.363784,0.0461399,0.019031,0.0136264,0.000334861,2.36313,2.95489,0.711049,0.0118026,8877.75,227825,47012.8,63513.5,791.154,391.921,54.0152,78.5123,15.863,2736.4,480.105,122.676,37651,4034.61,6116.53,161.853,12.1126,1.59445,15.2372,267.927,35.5183,5.45986,0.187826
setup,0,2007-06-14 23:00:00,0,0.0756431,10.5466,6.07117e-05,0,0.0197027,0.00492572,0.0127255,0.0187979,0.0961544,1.30916e-06,0,0,0,1.27816,0.362728,0.046813,0.0190272,0.0136263,0.00146966,2.33389,2.92489,0.705343,0.0116829,8877.12,227816,47008.7,63508.8,790.25,390.883,53.953,78.9323,15.8964,2737.08,480.093,122.651,37650.9,4034.66,6116.65,161.818,12.1015,1.59509,15.328,268.714,35.5315,5.45978,0.187033
setup,0,2007-06-15 23:00:00,0,0.0734522,10.5042,6.15619e-05,0,0.0197939,0.00495382,0.0127718,0.0186986,0.0953798,1.30534e-06,0,0,0,1.268,0.361677,0.0450598,0.0189542,0.0136256,0.00125382,2.32005,2.90726,0.700047,0.011563,8876.46,227807,47004.6,63504.8,789.384,389.845,53.8776,79.384,15.8686,2737.76,480.081,122.627,37650.8,4034.72,6116.85,161.784,12.0888,1.59534,15.4286,269.487,35.5448,5.45971,0.185681
setup,0,2007-06-16 23:00:00,0,0.0720198,10.7348,6.23156e-05,0,0.0198863,0.00497041,0.0127415,0.0184527,0.0949903,1.30197e-06,0,0,0,1.25729,0.360631,0.0446069,0.0189203,0.0136256,0.000287765,2.36051,2.93528,0.697767,0.0114629,8875.79,227798,47000.3,63500.7,788.655,388.77,53.8126,79.6111,15.8535,2738.46,480.068,122.603,37650.8,4034.77,6117.06,161.77,12.075,1.5959,15.4976,270.282,35.5582,5.45963,0.184774
setup,0,2007-06-17 23:00:00,0,0.0660273,10.5869,6.29608e-05,0,0.01998,0.00497843,0.0123658,0.0178097,0.0944701,1.30332e-06,0,0,0,1.24603,0.359592,0.0448599,0.0189093,0.0136264,0.00104537,2.33988,2.91363,0.693476,0.0113478,8875.09,227789,46996.1,63496.2,787.923,387.693,53.7907,79.8007,15.8487,2739.15,480.056,122.578,37650.7,4034.78,6117.21,161.763,12.0616,1.5977,15.5523,271.073,35.5717,5.45955,0.183794
setup,0,2007-06-18 23:00:00,0,0.0663269,10.5485,6.35134e-05,0,0.0200747,0.0049863,0.012126,0.0174479,0.0939605,1.31589e-06,0,0,0,1.23424,0.358557,0.0433801,0.0188466,0.0136289,0.000254957,2.3296,2.89928,0.689995,0.0112279,8874.39,227780,46991.8,63491.8,787.26,386.615,53.7605,79.9404,15.8157,2739.85,480.045,122.554,37650.6,4034.78,6117.37,161.765,12.047,1.59926,15.5994,271.857,35.5851,5.45948,0.183604
setup,0,2007-06-19 23:00:00,0,0.0620792,10.3907,6.41405e-05,0,0.0201703,0.00499825,0.0120561,0.0172537,0.0932683,1.3382e-06,0,0,0,1.22193,0.357528,0.0433877,0.0188316,0.0136261,0.000883173,2.30933,2.87794,0.685563,0.0111384,8873.66,227771,46987.7,63487.2,786.525,385.532,53.758,80.1158,15.838,2740.55,480.033,122.529,37650.6,4034.79,6117.48,161.762,12.0327,1.60161,15.6426,272.644,35.5986,5.45941,0.182997
setup,0,2007-06-20 23:00:00,0,0.0585537,10.2595,6.48514e-05,0,0.0202671,0.00500083,0.0117812,0.0167681,0.092649,1.3816e-06,0,0,0,1.20909,0.356504,0.0419693,0.0187722,0.0136267,8.71209e-05,2.28016,2.84504,0.680669,0.0110079,8872.9,227762,46983.7,63482.9,785.926,384.455,53.7635,80.1655,15.8164,2741.25,480.023,122.505,37650.5,4034.81,6117.63,161.773,12.0175,1.60418,15.6718,273.421,35.6121,5.45936,0.182216
setup,0,2007-06-21 23:00:00,0,0.0583398,10.5249,6.56046e-05,0,0.0203649,0.00501666,0.0117528,0.0168666,0.0923779,1.43155e-06,0,0,0,1.19574,0.355486,0.0419149,0.0187589,0.013626,0.000864735,2.31674,2.86797,0.679689,0.0109285,8872.15,227753,46979.4,63478.6,785.404,383.364,53.6808,80.193,15.7861,2741.94,480.012,122.48,37650.4,4034.81,6117.79,161.799,12.0019,1.60421,15.6949,274.2,35.6256,5.4593,0.182705
setup,0,2007-06-22 23:00:00,0,0.059691,10.7134,6.65058e-05,0,0.0204636,0.00503762,0.0118796,0.0170908,0.0919896,1.4814e-06,0,0,0,1.1819,0.354473,0.0402861,0.0186937,0.0136259,3.96969e-05,2.36088,2.90899,0.678768,0.0109301,8871.39,227744,46975,63473.9,784.774,382.248,53.5662,80.3076,15.8133,2742.63,480,122.457,37650.4,4034.81,6117.93,161.809,11.9841,1.60331,15.7257,275.002,35.6389,5.45922,0.182759
setup,0,2007-06-23 23:00:00,0,0.0554646,11.111,6.73419e-05,0,0.0205633,0.00505511,0.0118077,0.0171236,0.0920295,1.53449e-06,0,0,0,1.16757,0.353466,0.0401952,0.0186832,0.0136426,0.00069147,2.4262,2.96418,0.680037,0.0109223,8870.58,227735,46970.1,63469.6,784.338,381.111,53.3786,80.243,15.7673,2743.32,479.986,122.432,37650.3,4034.77,6118.16,161.84,11.9657,1.60028,15.742,275.814,35.6523,5.45912,0.182824
setup,0,2007-06-24 23:00:00,0,0.0548346,11.1137,6.79017e-05,0,0.020663,0.00511603,0.0120219,0.0175319,0.0918429,1.57289e-06,0,0,0,1.15276,0.352463,0.0386297,0.0186212,0.0136332,-2.59531e-14,2.43578,2.97654,0.680069,0.0109081,8869.76,227725,46965.2,63464.7,783.869,379.959,53.2111,80.1498,15.7662,2744.01,479.972,122.408,37650.2,4034.71,6118.32,161.875,11.9456,1.59784,15.7439,276.639,35.6656,5.45902,0.182787
setup,0,2007-06-25 23:00:00,0,0.0541307,11.0782,6.82409e-05,0,0.0207612,0.00521559,0.0121674,0.0177422,0.0914897,1.62045e-06,0,0,0,1.13749,0.351465,0.0383474,0.0186081,0.0136269,0.000623823,2.442,2.98608,0.680123,0.0109308,8868.94,227716,46960.4,63459.6,783.254,378.792,53.0605,80.1939,15.7947,2744.69,479.957,122.383,37650.1,4034.66,6118.42,161.893,11.9251,1.59587,15.7603,277.466,35.6789,5.45892,0.183001
setup,0,2007-06-26 23:00:00,0,0.0539642,11.2604,6.84958e-05,0,0.0208573,0.00532379,0.0121818,0.0177533,0.0913826,1.67834e-06,0,0,0,1.12177,0.350473,0.0367528,0.0185457,0.0136298,-1.36203e-14,2.47852,3.01775,0.681563,0.0109906,8868.1,227706,46955.5,63454.6,782.626,377.607,52.8743,80.2702,15.8069,2745.38,479.942,122.359,37650.1,4034.63,6118.55,161.905,11.9027,1.59285,15.7869,278.301,35.6922,5.45881,0.183274
setup,0,2007-06-27 23:00:00,0,0.0504741,11.4331,6.85683e-05,0,0.0209515,0.00542431,0.0110665,0.0163817,0.091774,1.74028e-06,0,0,0,1.10562,0.349485,0.036347,0.0185321,0.0136299,0.000419435,2.49952,3.02864,0.685851,0.0110312,8867.23,227696,46950.5,63449.3,782.221,376.432,52.6,80.1491,15.8026,2746.04,479.927,122.334,37650,4034.62,6118.68,161.944,11.8804,1.58723,15.7933,279.133,35.7053,5.45869,0.185356
setup,0,2007-06-28 23:00:00,0,0.0480032,11.1291,6.84878e-05,0,0.0210436,0.00554296,0.0115814,0.0172741,0.0917553,1.79211e-06,0,0,0,1.08906,0.348503,0.0349006,0.0184766,0.013628,3.51349e-14,2.44807,2.99252,0.686375,0.0110113,8866.35,227687,46945.7,63444.4,781.765,375.258,52.3867,80.0444,15.826,2746.71,479.912,122.309,37649.9,4034.62,6118.82,161.985,11.8572,1.58336,15.7923,279.956,35.7184,5.45859,0.185745
setup,0,2007-06-29 23:00:00,0,0.0449823,10.7333,6.83637e-05,0,0.0211335,0.00565281,0.0120159,0.0178702,0.0913557,1.85086e-06,0,0,0,1.0721,0.347526,0.034241,0.0184567,0.0136257,0.000250506,2.37988,2.94041,0.683433,0.0109264,8865.46,227678,46941.3,63439.6,781.283,374.092,52.246,79.9673,15.8455,2747.39,479.9,122.285,37649.8,4034.64,6118.94,162.022,11.8343,1.58158,15.792,280.764,35.7316,5.45851,0.184883
setup,0,2007-06-30 23:00:00,0,0.0439855,10.61,6.84157e-05,0,0.0212221,0.00571667,0.011899,0.0176669,0.0910818,1.89189e-06,0,0,0,1.05477,0.346554,0.0329124,0.0184077,0.0136256,1.3146e-14,2.35572,2.91191,0.681338,0.0108698,8864.58,227668,46937.1,63434.8,780.765,372.925,52.103,79.969,15.8655,2748.06,479.888,122.26,37649.8,4034.68,6119.05,162.052,11.8105,1.5797,15.8024,281.561,35.7447,5.45844,0.184385
setup,0,2007-07-01 23:00:00,0,0.0417487,10.4821,6.87079e-05,0,0.0213114,0.00569252,0.0116096,0.0171941,0.090727,1.90803e-06,0,0,0,1.03708,0.345587,0.0320385,0.0183819,0.0136262,9.22291e-05,2.33335,2.88819,0.678813,0.0108152,8863.69,227660,46932.9,63430.1,780.219,371.753,51.9667,80.0215,15.8874,2748.74,479.877,122.236,37649.7,4034.74,6119.18,162.074,11.7863,1.57798,15.8225,282.351,35.7579,5.45837,0.184394
setup,0,2007-07-02 23:00:00,0,0.0418515,10.4973,6.90074e-05,0,0.0214031,0.00560625,0.011673,0.01729,0.0904171,1.89924e-06,0,0,0,1.01905,0.344625,0.030817,0.01834,0.0136259,-3.59142e-15,2.33768,2.88804,0.676939,0.0107886,8862.78,227651,46928.7,63425.5,779.623,370.571,51.8076,80.155,15.9206,2749.41,479.865,122.211,37649.6,4034.79,6119.31,162.085,11.7609,1.57557,15.8562,283.141,35.771,5.45831,0.18429
setup,0,2007-07-03 23:00:00,0,0.0404698,10.4324,6.91366e-05,0,0.0214972,0.00547747,0.0116881,0.017233,0.0899846,1.87691e-06,0,0,0,1.0007,0.343668,0.0297491,0.0183077,0.0136258,-3.59142e-15,2.33108,2.88127,0.674351,0.0107618,8861.87,227642,46924.5,63420.8,778.97,369.378,51.6535,80.3582,15.9637,2750.08,479.854,122.187,37649.5,4034.85,6119.43,162.082,11.7346,1.57328,15.9031,283.93,35.7841,5.45824,0.18402
setup,0,2007-07-04 23:00:00,0,0.0407881,10.3822,6.91817e-05,0,0.0215934,0.00533117,0.0116999,0.0171536,0.0894944,1.84837e-06,0,0,0,0.982044,0.342717,0.0285752,0.0182708,0.0136257,-3.59142e-15,2.32527,2.87577,0.671638,0.0107341,8860.94,227633,46920.4,63416.2,778.264,368.176,51.4942,80.6446,16.0064,2750.75,479.843,122.162,37649.5,4034.9,6119.55,162.066,11.7073,1.5708,15.966,284.717,35.7972,5.45817,0.183829
setup,0,2007-07-05 23:00:00,0,0.0402977,10.5392,6.93162e-05,0,0.021691,0.00520221,0.0120822,0.0175215,0.0892241,1.81246e-06,0,0,0,0.963115,0.34177,0.0273835,0.0182341,0.013626,-3.59142e-15,2.35136,2.89645,0.670663,0.0106992,8859.99,227624,46916,63412.6,777.667,366.939,51.3537,80.8076,15.9594,2751.43,479.831,122.138,37649.4,4034.96,6119.83,162.059,11.6784,1.56886,16.021,285.507,35.8104,5.4581,0.182627
setup,0,2007-07-06 23:00:00,0,0.039811,10.3294,6.95941e-05,0,0.021789,0.00510526,0.0117246,0.0168489,0.0888456,1.78383e-06,0,0,0,0.94393,0.340827,0.0261756,0.0181975,0.0136259,-3.59142e-15,2.32537,2.87682,0.668404,0.0106307,8859.03,227615,46911.9,63408.1,777.017,365.683,51.2947,80.9268,15.9741,2752.12,479.82,122.113,37649.3,4034.97,6119.96,162.053,11.6485,1.56929,16.0549,286.303,35.8238,5.45804,0.181944
setup,0,2007-07-07 23:00:00,0,0.0396728,10.1589,7.00884e-05,0,0.0218865,0.00504457,0.0114836,0.016381,0.0883773,1.762e-06,0,0,0,0.924514,0.33989,0.0249528,0.018161,0.0136258,-3.59142e-15,2.29994,2.85124,0.665778,0.0105764,8858.08,227606,46907.9,63403.5,776.304,364.418,51.2658,81.1154,15.9889,2752.81,479.809,122.089,37649.3,4034.98,6120.07,162.038,11.6178,1.57057,16.0983,287.091,35.8372,5.45797,0.181619
setup,0,2007-07-08 23:00:00,0,0.0402476,10.0987,7.08409e-05,0,0.0219837,0.00500104,0.0113424,0.0160586,0.087931,1.75917e-06,0,0,0,0.90489,0.338958,0.0237167,0.0181247,0.0136257,-3.59142e-15,2.29329,2.84179,0.66365,0.0105553,8857.12,227598,46903.9,63398.9,775.507,363.14,51.2349,81.4036,16.0221,2753.5,479.799,122.064,37649.2,4035.03,6120.16,162.01,11.5859,1.57177,16.1561,287.875,35.8506,5.45791,0.181714
setup,0,2007-07-09 23:00:00,0,0.0397292,9.93528,7.1713e-05,0,0.022081,0.00496965,0.0111816,0.015636,0.0874111,1.77175e-06,0,0,0,0.88508,0.338031,0.0224687,0.0180885,0.0136256,-3.59142e-15,2.27013,2.82117,0.660674,0.0105163,8856.14,227589,46900.2,63394.4,774.668,361.853,51.2307,81.7344,16.0615,2754.2,479.788,122.04,37649.1,4035.08,6120.25,161.97,11.5531,1.57372,16.2223,288.658,35.864,5.45786,0.181518
setup,0,2007-07-10 23:00:00,0,0.0392948,9.81265,7.25055e-05,0,0.0221783,0.00496721,0.0109933,0.0152445,0.0869943,1.80276e-06,0,0,0,0.865106,0.337109,0.0212104,0.0180524,0.0136264,-3.59142e-15,2.2446,2.79249,0.657874,0.0104471,8855.17,227581,46896.5,63390.1,773.878,360.56,51.2291,82.0454,16.0721,2754.89,479.779,122.016,37649.1,4035.14,6120.35,161.931,11.5196,1.5757,16.2898,289.429,35.8774,5.45781,0.1809
setup,0,2007-07-11 23:00:00,0,0.0394968,9.70325,7.32543e-05,0,0.0222752,0.00499644,0.0108722,0.0149644,0.0865765,1.84607e-06,0,0,0,0.844997,0.336191,0.0199433,0.0180165,0.0136258,-3.59142e-15,2.22611,2.77145,0.655041,0.0104014,8854.19,227573,46892.9,63385.8,773.06,359.259,51.2318,82.3922,16.0987,2755.59,479.77,121.991,37649,4035.2,6120.44,161.887,11.4852,1.57777,16.3611,290.197,35.8908,5.45777,0.180796
setup,0,2007-07-12 23:00:00,0,0.0405021,9.84041,7.39739e-05,0,0.0223719,0.00501523,0.0107402,0.0147514,0.086401,1.89956e-06,0,0,0,0.824776,0.335279,0.018669,0.0179807,0.0136259,-3.59142e-15,2.24293,2.78311,0.654386,0.010364,8853.21,227565,46889.1,63381.8,772.37,357.945,51.179,82.651,16.0768,2756.28,479.761,121.967,37648.9,4035.26,6120.59,161.854,11.4495,1.57816,16.4274,290.962,35.9042,5.45773,0.180986
setup,0,2007-07-13 23:00:00,0,0.0426886,9.89232,7.46095e-05,0,0.0224689,0.00503197,0.0107258,0.0147269,0.0862423,1.94523e-06,0,0,0,0.804466,0.334373,0.0173891,0.017945,0.0136261,-3.59142e-15,2.25096,2.78605,0.65334,0.0103362,8852.23,227556,46885.3,63377.7,771.714,356.615,51.1062,82.8592,16.0803,2756.97,479.751,121.943,37648.9,4035.31,6120.73,161.83,11.4127,1.57793,16.4828,291.733,35.9176,5.45768,0.180591
setup,0,2007-07-14 23:00:00,0,0.0456804,9.80216,7.513e-05,0,0.0225661,0.0050514,0.0106863,0.0146196,0.0859461,1.98889e-06,0,0,0,0.784093,0.333471,0.0161052,0.0179095,0.0136258,-3.59142e-15,2.23738,2.77445,0.651008,0.0102989,8851.25,227548,46881.6,63373.5,771.035,355.273,51.0488,83.0829,16.0999,2757.66,479.742,121.919,37648.8,4035.37,6120.85,161.804,11.3748,1.5781,16.5378,292.502,35.931,5.45764,0.180228
setup,0,2007-07-15 23:00:00,0,0.0503856,9.75856,7.55012e-05,0,0.0226636,0.00506255,0.0106511,0.0145128,0.0856496,2.0285e-06,0,0,0,0.763683,0.332575,0.0148188,0.0178741,0.0136258,-3.59142e-15,2.233,2.76686,0.649117,0.0102737,8850.27,227540,46877.9,63369.3,770.309,353.916,50.9904,83.3665,16.1297,2758.36,479.733,121.895,37648.7,4035.42,6120.97,161.77,11.3358,1.57822,16.6013,293.27,35.9443,5.4576,0.180135
setup,0,2007-07-16 23:00:00,0,0.0565607,9.64242,7.57545e-05,0,0.0227613,0.00506664,0.0105961,0.0143401,0.0852575,2.06648e-06,0,0,0,0.753271,0.331683,0.0141721,0.0178389,0.013626,-3.59142e-15,2.2182,2.7534,0.646942,0.0102543,8849.28,227532,46874.3,63365.1,769.496,352.557,50.9486,83.747,16.1743,2759.05,479.724,121.871,37648.7,4035.48,6121.06,161.72,11.2964,1.57878,16.6785,294.035,35.9577,5.45756,0.180502
setup,0,2007-07-17 23:00:00,0,0.0655493,9.60094,7.59481e-05,0,0.0228592,0.00507918,0.0105242,0.0141307,0.0849307,2.10135e-06,0,0,0,0.752871,0.330796,0.0141658,0.0178038,0.0136257,-3.59142e-15,2.21521,2.74827,0.645355,0.0102469,8848.3,227523,46870.7,63360.9,768.639,351.205,50.9028,84.1993,16.2129,2759.74,479.715,121.847,37648.6,4035.54,6121.16,161.656,11.2572,1.57918,16.7701,294.8,35.9711,5.45752,0.179987
setup,0,2007-07-18 23:00:00,0,0.076374,9.46144,7.61363e-05,0,0.0229567,0.00510893,0.0104164,0.0138516,0.084559,2.13632e-06,0,0,0,0.752471,0.329915,0.0141595,0.0177688,0.0136257,-3.59142e-15,2.1931,2.72691,0.642716,0.0102228,8847.32,227515,46867.2,63356.8,767.758,349.863,50.8771,84.6852,16.2469,2760.44,479.707,121.823,37648.5,4035.59,6121.25,161.584,11.2184,1.58014,16.869,295.56,35.9845,5.45748,0.179799
setup,0,2007-07-19 23:00:00,0,0.0904452,9.48813,7.62638e-05,0,0.0230535,0.00514203,0.0103234,0.0136516,0.0843534,2.17419e-06,0,0,0,0.75207,0.329038,0.0141533,0.0177339,0.0136264,-3.59142e-15,2.19469,2.72395,0.641394,0.0102062,8846.34,227507,46863.7,63352.9,766.929,348.53,50.8231,85.1541,16.2557,2761.13,479.699,121.799,37648.5,4035.65,6121.37,161.514,11.1798,1.58022,16.9705,296.315,35.9979,5.45745,0.17965
setup,0,2007-07-20 23:00:00,0,0.105611,9.57546,7.63226e-05,0,0.0231497,0.00516774,0.010232,0.0135375,0.0843384,2.2151e-06,0,0,0,0.751671,0.328165,0.014147,0.0176992,0.0136295,-3.59142e-15,2.20072,2.72634,0.640881,0.0101664,8845.35,227499,46860.1,63349.2,766.286,347.209,50.7325,85.4472,16.2182,2761.82,479.691,121.775,37648.4,4035.71,6121.54,161.468,11.1415,1.57916,17.0516,297.068,36.0112,5.45742,0.179372
setup,0,2007-07-21 23:00:00,0,0.123462,10.1072,7.63238e-05,0,0.0232456,0.00518689,0.0102957,0.013923,0.0848798,2.25991e-06,0,0,0,0.751271,0.327293,0.0141408,0.0176646,0.0136403,-3.59142e-15,2.27663,2.78933,0.644831,0.0101639,8844.39,227491,46856,63345.9,765.949,345.885,50.5055,85.4455,16.1354,2762.5,479.681,121.751,37648.3,4035.75,6121.8,161.471,11.1027,1.57401,17.0914,297.834,36.0245,5.45738,0.180155
setup,0,2007-07-22 23:00:00,0,0.149977,10.4371,7.63683e-05,0,0.0233413,0.00519999,0.00935369,0.0131271,0.0857042,2.29566e-06,0,0,0,0.750874,0.326428,0.0141345,0.0176301,0.0136552,-3.59142e-15,2.32543,2.82726,0.650988,0.0102032,8843.41,227482,46851.5,63341.7,765.826,344.579,50.1557,85.2039,16.112,2763.16,479.671,121.727,37648.3,4035.77,6121.99,161.516,11.064,1.56516,17.0895,298.612,36.0374,5.45732,0.182527
setup,0,2007-07-23 23:00:00,0,0.187219,11.2129,7.63751e-05,0,0.0234372,0.00520965,0.00790163,0.0119211,0.0880665,2.32264e-06,0,0,0,0.750475,0.325565,0.0141282,0.0173559,0.0136457,0.0118204,2.45656,2.96658,0.671026,0.0102287,8842.42,227472,46846.1,63337.9,766.182,343.249,49.6823,84.4294,15.9221,2763.82,479.659,121.703,37648.2,4035.67,6122.32,161.619,11.024,1.55263,17.0121,299.414,36.0503,5.45725,0.187376
setup,0,2007-07-24 23:00:00,0,0.246176,12.7838,7.63102e-05,0,0.0235322,0.00524295,0.0114014,0.0188016,0.0916677,2.33079e-06,0,0,0,0.750076,0.324699,0.014122,0.0145463,0.0136281,0.0173045,2.8294,3.32129,0.694512,0.0103368,8841.45,227461,46838.3,63336.9,767.249,341.851,49.1633,82.6812,15.4406,2764.47,479.641,121.68,37648,4034.69,6123.14,161.703,10.9783,1.53877,16.7368,300.474,36.0632,5.4571,0.187521
setup,0,2007-07-25 23:00:00,0,0.305344,13.0762,7.64806e-05,0,0.0236263,0.00529008,0.00983004,0.0176347,0.0955407,2.32083e-06,0,0,0,0.749679,0.323846,0.0141158,0.0145165,0.0136279,0.0181953,2.85982,3.35116,0.732381,0.0106249,8840.46,227449,46830.6,63331.6,768.779,340.432,48.7301,79.8219,15.2528,2765.13,479.621,121.657,37647.9,4033.58,6123.15,162.033,10.9318,1.52746,16.1986,301.522,36.0761,5.45693,0.194118
setup,0,2007-07-26 23:00:00,0,0.358265,12.894,7.69064e-05,0,0.0237192,0.00536132,0.0133525,0.0251654,0.0972003,2.28279e-06,0,0,0,0.749279,0.322989,0.0141095,0.0144868,0.0136287,0.0231241,2.83462,3.349,0.74395,0.0108745,8839.48,227437,46823.5,63325,770.139,339.02,48.3551,77.0348,15.17,2765.79,479.6,121.634,37647.7,4032.72,6122.82,162.377,10.8856,1.5178,15.6326,302.572,36.089,5.45676,0.194526
setup,0,2007-07-27 23:00:00,0,0.42093,12.6051,7.7364e-05,0,0.02381,0.00544934,0.0142089,0.0272511,0.0978073,2.23526e-06,0,0,0,0.748881,0.32213,0.0141033,0.0144572,0.0136279,0.0223215,2.78971,3.33351,0.749138,0.0110799,8838.48,227426,46817,63318.5,771.079,337.618,48.0263,74.6904,15.1912,2766.45,479.579,121.611,37647.5,4032.13,6122.46,162.672,10.8397,1.50944,15.1396,303.6,36.102,5.45659,0.194196
setup,0,2007-07-28 23:00:00,0,0.474301,12.3175,7.78357e-05,0,0.0238985,0.00551808,0.0144731,0.0279308,0.0977953,2.17822e-06,0,0,0,0.748485,0.321257,0.014097,0.0144278,0.0136299,0.0280522,2.74531,3.30789,0.75056,0.0112017,8837.49,227415,46810.8,63312.3,771.589,336.23,47.7216,72.8869,15.2577,2767.1,479.559,121.588,37647.4,4031.72,6122.14,162.887,10.7943,1.50172,14.7567,304.591,36.1149,5.45642,0.193753
setup,0,2007-07-29 23:00:00,0,0.548765,12.1568,7.80916e-05,0,0.0239852,0.00552701,0.0136336,0.0264583,0.0982634,2.12032e-06,0,0,0,0.748089,0.320381,0.0140908,0.0143987,0.0136336,0.0323358,2.72599,3.29755,0.756192,0.01131,8836.49,227405,46804.9,63306.7,771.768,334.85,47.4284,71.4924,15.3418,2767.76,479.539,121.565,37647.2,4031.39,6121.95,163.032,10.7492,1.49427,14.4611,305.559,36.1278,5.45625,0.194911
setup,0,2007-07-30 23:00:00,0,0.625642,12.0315,7.80481e-05,0,0.0240712,0.00546053,0.0137258,0.0269448,0.0988,2.05852e-06,0,0,0,0.747694,0.319499,0.0140846,0.0143697,0.0136304,0.0372039,2.71476,3.29809,0.761002,0.0113871,8835.48,227394,46798.9,63301.3,771.705,333.477,47.1524,70.3986,15.4246,2768.42,479.519,121.543,37647.1,4031.06,6121.81,163.116,10.7044,1.48728,14.2303,306.517,36.1407,5.45608,0.195788
setup,0,2007-07-31 23:00:00,0,0.709752,11.95,7.7737e-05,0,0.0241575,0.00533087,0.0139545,0.0276472,0.0992423,1.99863e-06,0,0,0,0.747299,0.318609,0.0140784,0.0143409,0.0136274,0.0432217,2.70846,3.29778,0.764641,0.0114412,8834.47,227384,46793,63296,771.469,332.112,46.8876,69.5301,15.4938,2769.08,479.499,121.52,37646.9,4030.73,6121.68,163.156,10.6598,1.48056,14.0486,307.46,36.1536,5.45591,0.196419
setup,0,2007-08-01 23:00:00,0,0.795838,11.7858,7.74159e-05,0,0.0242446,0.00516755,0.0143699,0.0285732,0.0992302,1.93917e-06,0,0,0,0.746905,0.31771,0.0140721,0.0143122,0.0136268,0.0473347,2.68477,3.28053,0.764472,0.0114644,8833.44,227373,46787.2,63290.7,771.088,330.758,46.6493,68.8447,15.5656,2769.74,479.479,121.498,37646.7,4030.4,6121.53,163.165,10.6157,1.47457,13.9054,308.39,36.1665,5.45575,0.196314
setup,0,2007-08-02 23:00:00,0,0.882767,11.7959,7.72093e-05,0,0.0243326,0.00498799,0.0130595,0.0262441,0.100109,1.88194e-06,0,0,0,0.746511,0.316793,0.0140659,0.0142837,0.013629,0.0529391,2.69135,3.29809,0.773682,0.0114929,8832.4,227363,46781.3,63285.9,770.655,329.409,46.4111,68.2275,15.598,2770.4,479.459,121.476,37646.6,4030.05,6121.46,163.15,10.5717,1.46854,13.7788,309.315,36.1794,5.45558,0.198493
setup,0,2007-08-03 23:00:00,0,0.939926,11.4647,7.73029e-05,0,0.0244212,0.00482113,0.0132877,0.027026,0.1004,1.82461e-06,0,0,0,0.746118,0.315862,0.0140597,0.0142553,0.0136378,0.0449528,2.6409,3.26114,0.776421,0.01146,8831.32,227353,46775.6,63281.3,770.189,328.074,46.2453,67.5944,15.6405,2771.06,479.44,121.454,37646.4,4029.62,6121.36,163.116,10.5284,1.46464,13.645,310.256,36.1924,5.45543,0.1995
setup,0,2007-08-04 23:00:00,0,1.00995,11.6463,7.77556e-05,0,0.0245105,0.00468378,0.0150848,0.0309783,0.100307,1.76535e-06,0,0,0,0.745726,0.314873,0.0140535,0.0142271,0.0136405,0.0664904,2.66453,3.26617,0.773367,0.0114409,8830.28,227342,46769.7,63275.8,769.692,326.747,46.0184,67.1305,15.6186,2771.72,479.421,121.432,37646.2,4029.2,6121.13,163.075,10.4852,1.45882,13.5519,311.152,36.2053,5.45528,0.198136
setup,0,2007-08-05 23:00:00,0,1.12942,11.5222,7.8656e-05,0,0.0245999,0.00457915,0.0150821,0.0307312,0.0998213,1.7098e-06,0,0,0,0.745337,0.313918,0.0140473,0.0141993,0.0136445,0.0676371,2.64714,3.25223,0.769582,0.0114788,8829.2,227332,46764,63270.2,769.068,325.425,45.8174,66.7512,15.6901,2772.38,479.402,121.41,37646,4028.88,6120.88,163.026,10.4421,1.45373,13.4716,312.042,36.2183,5.45512,0.197192
setup,0,2007-08-06 23:00:00,0,1.19306,11.1706,7.96674e-05,0,0.0246897,0.0044915,0.0151842,0.0304531,0.0983733,1.65173e-06,0,0,0,0.744946,0.312936,0.0140411,0.0141711,0.0136326,0.0708435,2.58043,3.19784,0.759449,0.0114071,8828.1,227323,46758.7,63264.8,768.317,324.122,45.6582,66.5551,15.7874,2773.04,479.384,121.389,37645.9,4028.66,6120.66,162.959,10.3999,1.44983,13.4282,312.905,36.2312,5.45498,0.195521
setup,0,2007-08-07 23:00:00,0,1.30456,11.1364,8.04315e-05,0,0.0247797,0.00441543,0.015032,0.0295704,0.0971698,1.59937e-06,0,0,0,0.744555,0.311924,0.0140349,0.0141432,0.013627,0.0965475,2.56777,3.17769,0.751628,0.0113498,8827.05,227313,46753.5,63259.2,767.442,322.831,45.467,66.6104,15.869,2773.69,479.366,121.367,37645.7,4028.5,6120.47,162.87,10.3581,1.44491,13.4396,313.715,36.2441,5.45484,0.194399
setup,0,2007-08-08 23:00:00,0,1.43899,10.911,8.11776e-05,0,0.0248699,0.00435377,0.0147929,0.028342,0.0957622,1.55228e-06,0,0,0,0.744167,0.310963,0.0140287,0.0141154,0.0136273,0.0988104,2.53122,3.14027,0.741872,0.0113119,8825.96,227303,46748.5,63253.9,766.393,321.552,45.2973,66.8627,16.0309,2774.35,479.349,121.345,37645.5,4028.43,6120.34,162.755,10.3167,1.44059,13.4863,314.516,36.257,5.4547,0.193326
setup,0,2007-08-09 23:00:00,0,1.52802,10.614,8.17444e-05,0,0.0249608,0.00429137,0.0141643,0.0262787,0.0941613,1.5138e-06,0,0,0,0.743778,0.309978,0.0140225,0.0140869,0.0136267,0.111019,2.47346,3.08167,0.730118,0.0112117,8824.88,227294,46743.8,63248.8,765.202,320.293,45.1431,67.3578,16.2022,2775.01,479.333,121.324,37645.3,4028.41,6120.28,162.61,10.276,1.4367,13.5826,315.278,36.2699,5.45458,0.192357
setup,0,2007-08-10 23:00:00,0,1.67197,10.5324,8.21801e-05,0,0.0250523,0.00424037,0.0138232,0.0249024,0.0928429,1.48166e-06,0,0,0,0.743389,0.308997,0.0140163,0.0140587,0.0136265,0.131425,2.45645,3.05508,0.720458,0.011153,8823.85,227285,46739.1,63243.8,763.852,319.047,44.9588,68.13,16.3888,2775.66,479.318,121.302,37645.1,4028.43,6120.27,162.431,10.2358,1.43186,13.7339,316.004,36.2827,5.45447,0.191851
setup,0,2007-08-11 23:00:00,0,1.83122,10.3817,8.27482e-05,0,0.0251442,0.00423938,0.0135672,0.0236081,0.0914746,1.45623e-06,0,0,0,0.743001,0.308069,0.0140101,0.0140302,0.0136261,0.144048,2.43615,3.02808,0.710215,0.0111387,8822.82,227276,46734.5,63239,762.292,317.815,44.7638,69.1887,16.6476,2776.31,479.302,121.279,37644.8,4028.46,6120.32,162.205,10.1959,1.42666,13.9365,316.719,36.2954,5.45436,0.19154
setup,0,2007-08-12 23:00:00,0,1.95353,10.2211,8.32199e-05,0,0.025236,0.00425297,0.0123268,0.0207137,0.0904822,1.4448e-06,0,0,0,0.742611,0.30864,0.0140039,0.0140009,0.0136271,0.151359,2.4068,2.98635,0.70255,0.0111211,8821.79,227267,46730,63234.8,760.62,316.599,44.5589,70.4575,16.9019,2776.95,479.288,121.256,37644.6,4028.49,6120.46,161.941,10.1565,1.42114,14.1834,317.416,36.3082,5.45425,0.19231
setup,0,2007-08-13 23:00:00,0,1.99587,10.0671,8.32942e-05,0,0.0253269,0.00431286,0.0114172,0.0187575,0.0900646,1.43493e-06,0,0,0,0.74222,0.306285,0.0139977,0.0139711,0.0136268,0.149121,2.36874,2.95286,0.699607,0.0110342,8820.73,227258,46725.6,63231.3,759.05,315.396,44.3735,71.6721,17.0684,2777.6,479.274,121.233,37644.4,4028.52,6120.69,161.676,10.1178,1.41619,14.4326,318.102,36.321,5.45416,0.193452
setup,0,2007-08-14 23:00:00,0,2.07223,9.79322,8.30124e-05,0,0.0254157,0.00445156,0.0119043,0.0192226,0.0894411,1.42804e-06,0,0,0,0.741829,0.347342,0.0139916,0.0139411,0.0136283,0.166552,2.30553,2.89262,0.692233,0.0108771,8819.83,227250,46721.3,63227.7,757.54,314.211,44.2241,72.8628,17.2601,2778.25,479.262,121.211,37644.1,4028.55,6120.87,161.422,10.0799,1.41229,14.676,318.751,36.3338,5.45408,0.192631
setup,0,2007-08-15 23:00:00,0,2.11159,9.63402,8.28462e-05,0,0.0255018,0.00462929,0.0116146,0.018473,0.0889639,1.4239e-06,0,0,0,0.741441,0.341186,0.0139854,0.013911,0.013626,0.153247,2.26571,2.84702,0.686178,0.0107488,8818.91,227242,46717.1,63224.2,756.048,313.043,44.0816,74.1184,17.3975,2778.91,479.252,121.188,37643.9,4028.56,6121.05,161.167,10.0426,1.40858,14.9309,319.393,36.3466,5.45403,0.192035
setup,0,2007-08-16 23:00:00,0,2.14822,9.35802,8.28621e-05,0,0.0255869,0.00479468,0.0118397,0.0184988,0.0880851,1.41246e-06,0,0,0,0.741054,0.369146,0.0139792,0.0138811,0.0136286,0.157713,2.20851,2.79019,0.676549,0.0106139,8818.08,227234,46713.1,63220.6,754.507,311.893,43.9615,75.4811,17.5785,2779.56,479.243,121.165,37643.7,4028.56,6121.19,160.905,10.006,1.40551,15.2022,320.013,36.3594,5.45398,0.190635
setup,0,2007-08-17 23:00:00,0,2.3175,9.09606,8.28715e-05,0,0.0256722,0.00492704,0.0116894,0.0178539,0.0870705,1.39668e-06,0,0,0,0.740668,0.452927,0.0139731,0.0138507,0.0136283,0.18186,2.15441,2.72764,0.665912,0.0105003,8817.52,227226,46709.3,63217,752.862,310.764,43.8464,77.0399,17.8661,2780.21,479.235,121.143,37643.4,4028.59,6121.29,160.626,9.9702,1.40256,15.5038,320.589,36.3722,5.45396,0.189085
setup,0,2007-08-18 23:00:00,0,2.41887,8.75959,8.27458e-05,0,0.0257585,0.00501644,0.0113678,0.0168802,0.0859359,1.37941e-06,0,0,0,0.740283,0.473364,0.0139669,0.0138187,0.0136271,0.176445,2.08895,2.65847,0.654548,0.0103907,8817,227219,46705.8,63213.6,751.106,309.658,43.7492,78.8217,18.1651,2780.85,479.229,121.12,37643.2,4028.62,6121.37,160.32,9.93522,1.40012,15.8406,321.151,36.3849,5.45395,0.187765
setup,0,2007-08-19 23:00:00,0,2.37105,8.66335,8.22644e-05,0,0.0258468,0.00507584,0.0115221,0.0165018,0.084911,1.36134e-06,0,0,0,0.796216,0.445311,0.014747,0.0137875,0.0136256,0.15451,2.06435,2.62752,0.64485,0.0102705,8816.4,227212,46702.3,63211.4,749.364,308.606,43.6655,80.6899,18.3227,2781.52,479.223,121.097,37643,4028.65,6121.61,159.993,9.90127,1.39806,16.2013,321.726,36.3979,5.45395,0.185217
setup,0,2007-08-20 23:00:00,0,2.3379,8.20288,8.1231e-05,0,0.0259374,0.00510908,0.0108265,0.0149458,0.0838189,1.35528e-06,0,0,0,0.800947,0.455106,0.0148123,0.0137587,0.0136258,0.145181,1.98965,2.551,0.634086,0.0101326,8815.83,227205,46699.2,63208.5,747.491,307.56,43.6978,82.5855,18.6055,2782.19,479.219,121.075,37642.8,4028.69,6121.72,159.655,9.86784,1.39948,16.5513,322.311,36.411,5.45396,0.183178
setup,0,2007-08-21 23:00:00,0,2.32791,7.74285,8.00516e-05,0,0.0260297,0.00515155,0.0102606,0.0137386,0.0826986,1.3585e-06,0,0,0,0.806085,0.461382,0.0148836,0.0137275,0.0136261,0.136502,1.90273,2.45588,0.622821,0.0099984,8815.29,227199,46696.5,63205.7,745.504,306.538,43.7891,84.6495,18.9005,2782.88,479.217,121.052,37642.6,4028.73,6121.79,159.3,9.83537,1.40265,16.9254,322.874,36.4242,5.454,0.18182
setup,0,2007-08-22 23:00:00,0,2.31684,7.22438,7.90051e-05,0,0.0261232,0.0052136,0.00982257,0.0127871,0.0815696,1.39291e-06,0,0,0,0.811657,0.469664,0.0149612,0.0136969,0.0136257,0.129804,1.80379,2.35171,0.611205,0.00985788,8814.79,227193,46694.2,63203.3,743.451,305.544,43.9401,86.8154,19.2243,2783.57,479.218,121.03,37642.4,4028.78,6121.85,158.929,9.80403,1.4076,17.3133,323.419,36.4375,5.45407,0.180777
setup,0,2007-08-23 23:00:00,0,2.33288,7.17801,7.79404e-05,0,0.0262179,0.00528328,0.0094665,0.0121292,0.0807504,1.46887e-06,0,0,0,0.81769,0.481799,0.0150455,0.0136646,0.0136275,0.123513,1.77751,2.31152,0.60321,0.00973965,8814.32,227187,46691.9,63201.4,741.527,304.577,44.0321,89.0006,19.4628,2784.25,479.22,121.008,37642.3,4028.82,6121.98,158.557,9.77344,1.41075,17.7141,323.954,36.4508,5.45415,0.180287
setup,0,2007-08-24 23:00:00,0,2.39128,6.92863,7.70403e-05,0,0.0263137,0.00538961,0.00926748,0.0117155,0.0798948,1.55978e-06,0,0,0,0.824213,0.530931,0.0151369,0.0136338,0.0136271,0.129251,1.72492,2.25219,0.595042,0.00962275,8814.01,227182,46689.9,63199.6,739.635,303.632,44.1405,91.1582,19.7843,2784.94,479.223,120.986,37642.1,4028.86,6122.1,158.187,9.74358,1.41439,18.1062,324.476,36.464,5.45425,0.179417
setup,0,2007-08-25 23:00:00,0,2.32415,6.46637,7.62699e-05,0,0.0264098,0.00555676,0.00908636,0.0113643,0.078973,1.66744e-06,0,0,0,0.831254,0.476706,0.0152358,0.0136015,0.0136266,0.107127,1.63672,2.16172,0.586177,0.00949383,8813.53,227177,46688.1,63197.9,737.688,302.711,44.3242,93.3568,20.0783,2785.63,479.228,120.964,37641.9,4028.91,6122.17,157.814,9.71465,1.42027,18.4955,324.999,36.4774,5.45437,0.178798
setup,0,2007-08-26 23:00:00,0,2.25918,6.03558,7.54618e-05,0,0.0265059,0.00577324,0.00888922,0.0110381,0.0780717,1.78494e-06,0,0,0,0.838846,0.465365,0.0153425,0.0135741,0.0136282,0.0980138,1.55234,2.07207,0.577308,0.00936508,8813.02,227172,46686.8,63196.2,735.73,301.815,44.5655,95.5603,20.3898,2786.33,479.235,120.943,37641.8,4028.96,6122.21,157.44,9.68672,1.42788,18.8825,325.511,36.4908,5.45451,0.177797
setup,0,2007-08-27 23:00:00,0,2.27329,5.66729,7.46582e-05,0,0.0266017,0.00601535,0.00872888,0.0108271,0.0772013,1.90622e-06,0,0,0,0.84702,0.483874,0.015458,0.0135468,0.0136276,0.0970123,1.47733,1.99001,0.568916,0.00924324,8812.57,227168,46685.7,63194.8,733.782,300.946,44.8468,97.7522,20.7415,2787.04,479.244,120.921,37641.7,4029.01,6122.25,157.065,9.65973,1.43668,19.2645,326.005,36.5043,5.45467,0.177178
setup,0,2007-08-28 23:00:00,0,2.18585,5.34553,7.37808e-05,0,0.0266974,0.00624523,0.00860736,0.0106997,0.0763431,2.02861e-06,0,0,0,0.855811,0.409595,0.0155826,0.0135156,0.013627,0.0738342,1.41093,1.91725,0.561076,0.00913185,8811.89,227164,46684.8,63193.6,731.856,300.103,45.1626,99.9244,21.0303,2787.74,479.255,120.9,37641.5,4029.07,6122.29,156.691,9.63362,1.4465,19.6405,326.509,36.5178,5.45486,0.17667
setup,0,2007-08-29 23:00:00,0,2.1329,5.05369,7.24368e-05,0,0.0267941,0.00643032,0.00848303,0.010593,0.0754719,2.14253e-06,0,0,0,0.86525,0.41438,0.0157166,0.0134987,0.013626,0.0721847,1.35067,1.85217,0.553801,0.00900098,8811.22,227160,46684.2,63192.5,729.982,299.286,45.5096,102.036,21.342,2788.45,479.268,120.879,37641.4,4029.12,6122.32,156.323,9.60837,1.45725,20.0067,326.999,36.5314,5.45506,0.175793
setup,0,2007-08-30 23:00:00,0,2.08617,4.81679,7.06383e-05,0,0.0268921,0.00662738,0.00837649,0.0105759,0.0745914,2.2619e-06,0,0,0,0.875373,0.39521,0.015861,0.0134672,0.0136258,0.0653531,1.29746,1.79309,0.547027,0.0088543,8810.51,227157,46683.7,63191.6,728.176,298.493,45.8804,104.092,21.6166,2789.17,479.282,120.858,37641.3,4029.17,6122.34,155.964,9.58393,1.46869,20.3639,327.479,36.545,5.45529,0.17491
setup,0,2007-08-31 23:00:00,0,2.0008,4.62393,6.88097e-05,0,0.0269909,0.00683845,0.00831095,0.010631,0.0736481,2.3873e-06,0,0,0,0.886219,0.336647,0.016016,0.0134457,0.0136259,0.0487482,1.25285,1.74126,0.540109,0.0087208,8809.63,227153,46683.4,63190.8,726.423,297.725,46.2684,106.093,21.8328,2789.88,479.297,120.836,37641.2,4029.23,6122.36,155.613,9.5602,1.48064,20.7123,327.961,36.5586,5.45552,0.173882
setup,0,2007-09-01 23:00:00,0,2.00589,4.46906,6.67417e-05,0,0.0270912,0.00699607,0.00826319,0.0106928,0.0725915,2.50356e-06,0,0,0,0.897823,0.354546,0.0161822,0.0134382,0.013626,0.0501052,1.21791,1.69988,0.532827,0.00859513,8808.79,227150,46683.1,63190,724.713,296.978,46.6699,108.043,22.081,2790.6,479.313,120.816,37641.1,4029.28,6122.38,155.27,9.53709,1.49299,21.0533,328.433,36.5722,5.45577,0.173151
setup,0,2007-09-02 23:00:00,0,1.96981,4.35184,6.45316e-05,0,0.0271934,0.00717823,0.00822574,0.0107711,0.0715015,2.61122e-06,0,0,0,0.910222,0.312609,0.0163605,0.0134067,0.0136256,0.0391051,1.18951,1.66404,0.526034,0.00847231,8807.83,227147,46683,63189.3,723.045,296.253,47.0776,109.962,22.2783,2791.31,479.331,120.795,37641.1,4029.33,6122.4,154.932,9.51456,1.5055,21.3887,328.907,36.5859,5.45603,0.17277
setup,0,2007-09-03 23:00:00,0,1.97794,4.29246,6.21981e-05,0,0.0272965,0.00738058,0.00817823,0.0108311,0.0704148,2.70823e-06,0,0,0,0.923453,0.3317,0.0165511,0.013402,0.0136262,0.0418578,1.17115,1.63803,0.519771,0.00835225,8806.92,227144,46682.8,63188.9,721.429,295.551,47.4663,111.864,22.4844,2792.03,479.349,120.774,37641,4029.39,6122.44,154.601,9.49258,1.51742,21.7211,329.371,36.5995,5.45629,0.171449
setup,0,2007-09-04 23:00:00,0,1.9875,4.9163,5.94502e-05,0,0.0274001,0.0075824,0.00802819,0.0107469,0.0693951,2.81186e-06,0,0,0,0.937558,0.347355,0.0167551,0.0133667,0.0136334,0.0443591,1.2595,1.71304,0.51653,0.00822478,8806.07,227141,46682.1,63189.5,720.136,294.879,47.5519,113.807,22.4909,2792.72,479.366,120.753,37640.9,4029.43,6122.7,154.277,9.47079,1.52018,22.0755,329.84,36.6128,5.45655,0.170534
setup,0,2007-09-05 23:00:00,0,1.98083,5.10079,5.58936e-05,0,0.0275014,0.00782019,0.00805507,0.0109252,0.0682466,2.90529e-06,0,0,0,0.952576,0.361383,0.0169727,0.0133348,0.0136285,0.0461651,1.28776,1.73272,0.511278,0.00808062,8805.29,227137,46681.1,63189.8,719.023,294.222,47.5818,115.543,22.548,2793.42,479.384,120.733,37640.8,4029.47,6122.93,153.971,9.44912,1.52126,22.396,330.333,36.6262,5.45681,0.169396
setup,0,2007-09-06 23:00:00,0,2.00229,5.13463,5.18223e-05,0,0.0276009,0.00810977,0.00809329,0.0111381,0.0669729,2.98835e-06,0,0,0,0.968548,0.369482,0.0172046,0.0132974,0.0136265,0.0458059,1.2857,1.7269,0.504821,0.00794395,8804.55,227133,46680.1,63189.8,717.937,293.581,47.6127,117.238,22.6207,2794.11,479.401,120.712,37640.7,4029.51,6123.12,153.682,9.42765,1.52235,22.7037,330.824,36.6395,5.45707,0.168539
setup,0,2007-09-07 23:00:00,0,2.02231,5.33334,4.76097e-05,0,0.0276997,0.00838534,0.00808892,0.0112561,0.0656688,3.03923e-06,0,0,0,0.985514,0.366118,0.0174512,0.0132792,0.0136283,0.0424345,1.30609,1.73903,0.498584,0.00782787,8803.79,227129,46678.9,63189.7,716.969,292.959,47.577,118.869,22.6532,2794.8,479.418,120.691,37640.6,4029.55,6123.33,153.419,9.40635,1.52143,23.0033,331.312,36.6527,5.45733,0.167984
setup,0,2007-09-08 23:00:00,0,1.96199,5.96592,4.26613e-05,0,0.0277994,0.0085925,0.00799517,0.0112659,0.0645269,3.05684e-06,0,0,0,1.00351,0.352456,0.0177133,0.0132544,0.0136312,0.038787,1.38864,1.81045,0.49505,0.0076814,8802.99,227124,46677,63189.8,716.511,292.354,47.3611,120.08,22.5374,2795.48,479.434,120.671,37640.6,4029.59,6123.65,153.22,9.38492,1.51507,23.2586,331.815,36.6659,5.45757,0.16644
setup,0,2007-09-09 23:00:00,0,2.01806,6.46879,0.000856261,0,0.0279003,0.0087962,0.00798403,0.0114888,0.0633924,3.04721e-06,0,0,0,1.02258,0.429566,0.0179918,0.0132214,0.013646,0.0537828,1.45322,1.86916,0.49183,0.0075216,8802.46,227119,46674.6,63189.6,716.444,291.765,47.037,120.881,22.4606,2796.14,479.449,120.65,37640.5,4029.62,6123.98,153.092,9.36333,1.50545,23.4565,332.314,36.6789,5.4578,0.165685
setup,0,2007-09-10 23:00:00,0,2.02832,6.33625,0.00419368,0,0.0279986,0.00904686,0.00812307,0.0118028,0.061849,3.0332e-06,0,0,0,1.04277,0.415492,0.0182874,0.0131799,0.0136277,0.0486172,1.44126,1.85651,0.485818,0.00737587,8801.9,227114,46672.4,63188.7,716.106,291.187,46.8077,121.873,22.4491,2796.82,479.464,120.63,37640.4,4029.65,6124.2,152.958,9.34179,1.49869,23.6633,332.81,36.692,5.45803,0.165292
setup,0,2007-09-11 23:00:00,0,2.02238,6.28136,0.00563177,0,0.0280909,0.00927765,0.00809686,0.0118859,0.0603013,3.00483e-06,0,0,0,1.06411,0.407562,0.0185997,0.0131641,0.0136329,0.0442785,1.42902,1.84208,0.478902,0.00724705,8801.31,227109,46670.2,63187.7,715.641,290.629,46.6116,122.998,22.4328,2797.5,479.478,120.609,37640.3,4029.69,6124.41,152.83,9.32056,1.49291,23.8844,333.29,36.7051,5.45826,0.164536
setup,0,2007-09-12 23:00:00,0,2.0604,6.13721,0.00737083,0,0.0281798,0.00938887,0.00806403,0.0119327,0.0587012,2.95951e-06,0,0,0,1.08664,0.426223,0.0189302,0.0131379,0.0136313,0.0454923,1.40736,1.81826,0.471389,0.00713173,8800.78,227104,46668.2,63186.5,715.035,290.096,46.4649,124.247,22.4648,2798.18,479.493,120.589,37640.2,4029.73,6124.59,152.694,9.29978,1.48861,24.1177,333.761,36.7182,5.45849,0.164498
setup,0,2007-09-13 23:00:00,0,2.04324,5.55121,0.00890714,0,0.0282653,0.0095083,0.00800859,0.011913,0.057031,2.90445e-06,0,0,0,1.1104,0.403461,0.0192797,0.0131101,0.0136256,0.0396463,1.32611,1.74063,0.462037,0.00701736,8800.17,227100,46666.8,63185.2,714.086,289.589,46.5119,125.72,22.56,2798.87,479.51,120.568,37640.1,4029.77,6124.67,152.518,9.27986,1.4901,24.3745,334.226,36.7315,5.45874,0.163639
setup,0,2007-09-14 23:00:00,0,1.94218,5.11916,0.010726,0,0.0283472,0.00949914,0.00785543,0.0117833,0.0554412,2.8676e-06,0,0,0,1.13543,0.339584,0.0196486,0.0130956,0.0136256,0.0266653,1.25432,1.66665,0.45219,0.0068954,8799.35,227096,46665.7,63184,713.001,289.118,46.6689,127.311,22.5874,2799.57,479.527,120.548,37640.1,4029.82,6124.74,152.324,9.261,1.49487,24.65,334.682,36.7449,5.459,0.162767
setup,0,2007-09-15 23:00:00,0,1.96307,4.8473,0.012837,0,0.0284275,0.00938992,0.0077004,0.0116743,0.0538628,2.8466e-06,0,0,0,1.16175,0.379757,0.020038,0.0131032,0.0136258,0.0332512,1.20644,1.61293,0.442742,0.00677496,8798.68,227093,46664.9,63183,711.875,288.684,46.8769,128.947,22.6526,2800.27,479.546,120.528,37640,4029.87,6124.8,152.12,9.2431,1.50114,24.9363,335.117,36.7584,5.45928,0.162298
setup,0,2007-09-16 23:00:00,0,1.91264,4.59234,0.0142406,0,0.0285054,0.00931202,0.00757948,0.0116319,0.0523412,2.85048e-06,0,0,0,1.18941,0.325622,0.0204487,0.0130608,0.0136256,0.0226678,1.16244,1.56174,0.434331,0.00665999,8797.84,227089,46664.3,63182.1,710.719,288.287,47.1405,130.597,22.6624,2800.98,479.566,120.507,37639.9,4029.93,6124.84,151.907,9.22608,1.50905,25.2272,335.552,36.7718,5.45957,0.161989
setup,0,2007-09-17 23:00:00,0,1.8477,4.38621,0.0153612,0,0.0285801,0.00929994,0.00746155,0.0116035,0.0508923,2.87735e-06,0,0,0,1.21845,0.291175,0.02088,0.0130644,0.0136256,0.0142588,1.12506,1.5174,0.426258,0.00654974,8796.87,227086,46663.9,63181.2,709.564,287.926,47.4456,132.225,22.6481,2801.68,479.587,120.487,37639.9,4029.98,6124.88,151.691,9.20996,1.51817,25.5183,335.986,36.7854,5.45986,0.161057
setup,0,2007-09-18 23:00:00,0,1.83542,4.2224,0.0168153,0,0.0286527,0.00921501,0.00736306,0.0116146,0.0494381,2.92551e-06,0,0,0,1.24887,0.29039,0.0260657,0.0150597,0.0136256,0.00887521,1.09498,1.48011,0.418031,0.00644591,8795.87,227083,46663.6,63180.5,708.419,287.603,47.7821,133.818,22.6467,2802.39,479.609,120.467,37639.9,4030.04,6124.91,151.475,9.2014,1.5282,25.8074,336.417,36.7989,5.46017,0.161008
setup,0,2007-09-19 23:00:00,0,1.8418,4.10101,0.0181459,0,0.028724,0.00917482,0.00728047,0.0116397,0.0480138,2.9773e-06,0,0,0,1.28073,0.289558,0.0289332,0.0158755,0.0136261,0.00277041,1.07253,1.4491,0.410202,0.00635635,8794.85,227080,46663.5,63179.8,707.281,287.317,48.1404,135.387,22.6603,2803.11,479.631,120.446,37639.9,4030.09,6124.95,151.258,9.19681,1.53888,26.094,336.852,36.8125,5.46049,0.16013
setup,0,2007-09-20 23:00:00,0,1.83914,4.00411,0.0198273,0,0.0287939,0.00912024,0.00719744,0.0116593,0.0465754,3.04376e-06,0,0,0,1.31403,0.288725,0.0298651,0.0158489,0.0136299,-3.78116e-14,1.05476,1.42258,0.401955,0.00626752,8793.8,227077,46663.4,63179.2,706.155,287.068,48.5166,136.933,22.6781,2803.82,479.654,120.424,37639.8,4030.15,6124.97,151.041,9.19336,1.55009,26.3785,337.287,36.826,5.46081,0.159744
setup,0,2007-09-21 23:00:00,0,1.82479,3.91106,0.021277,0,0.0288615,0.00912803,0.00710665,0.011669,0.0451842,3.12188e-06,0,0,0,1.3488,0.28785,0.030829,0.0158277,0.0136256,-3.78116e-14,1.03735,1.3981,0.394627,0.00617161,8792.76,227074,46663.4,63178.7,705.051,286.859,48.9097,138.45,22.6951,2804.53,479.677,120.402,37639.8,4030.21,6125,150.825,9.1911,1.56181,26.6599,337.717,36.8396,5.46113,0.159042
setup,0,2007-09-22 23:00:00,0,1.80347,3.82852,0.0222158,0,0.0289254,0.00928058,0.0070135,0.0116979,0.0438555,3.21994e-06,0,0,0,1.38507,0.286992,0.0318296,0.0157987,0.0136256,-3.78116e-14,1.02095,1.37465,0.387635,0.0060682,8791.74,227072,46663.5,63178.2,703.977,286.691,49.3168,139.937,22.7061,2805.25,479.701,120.38,37639.8,4030.26,6125.02,150.613,9.19003,1.57395,26.9379,338.142,36.8532,5.46146,0.157882
setup,0,2007-09-23 23:00:00,0,1.77731,4.08016,0.0239784,0,0.0289882,0.00931741,0.00684807,0.0115756,0.0424963,3.32782e-06,0,0,0,1.42285,0.286155,0.0328715,0.0157697,0.0136321,-3.78116e-14,1.04463,1.39437,0.380842,0.00595553,8790.76,227069,46663.3,63178.4,703.04,286.57,49.5423,141.531,22.6136,2805.95,479.724,120.359,37639.8,4030.31,6125.17,150.42,9.19006,1.58065,27.2308,338.555,36.8666,5.4618,0.157013
setup,0,2007-09-24 23:00:00,0,1.76381,4.30079,0.0255936,0,0.0290525,0.00939169,0.00676929,0.011595,0.0410779,3.42725e-06,0,0,0,1.46215,0.285354,0.0339552,0.0157398,0.0136269,2.784e-06,1.08311,1.41376,0.373496,0.00583933,8789.82,227066,46662.9,63178.8,702.249,286.49,49.6498,143.067,22.5068,2806.65,479.748,120.337,37639.8,4030.36,6125.34,150.219,9.19103,1.58382,27.5182,338.993,36.88,5.46213,0.156539
setup,0,2007-09-25 23:00:00,0,1.75633,4.07261,0.0267214,0,0.0291166,0.00954259,0.00675615,0.0117424,0.0395914,3.50306e-06,0,0,0,1.50297,0.284591,0.0350808,0.0157061,0.0136256,2.63318e-06,1.0604,1.38717,0.364766,0.00571919,8788.87,227063,46662.7,63178.5,701.359,286.445,49.8949,144.522,22.4896,2807.35,479.772,120.315,37639.7,4030.41,6125.41,150.004,9.19313,1.59112,27.7916,339.445,36.8935,5.46246,0.15583
setup,0,2007-09-26 23:00:00,0,1.75453,3.94064,0.0277298,0,0.0291781,0.00969165,0.00667413,0.0117637,0.0381543,3.54414e-06,0,0,0,1.54533,0.283812,0.0362483,0.0156825,0.0136256,-1.61275e-14,1.03567,1.35929,0.356312,0.00560368,8787.9,227060,46662.7,63178.1,700.445,286.442,50.2061,145.948,22.4713,2808.06,479.796,120.293,37639.7,4030.46,6125.46,149.798,9.1965,1.6004,28.0602,339.884,36.907,5.46279,0.155138
setup,0,2007-09-27 23:00:00,0,1.75982,3.88821,0.0292585,0,0.0292385,0.00973648,0.00657763,0.0117491,0.0367259,3.54834e-06,0,0,0,1.58921,0.283021,0.0374578,0.0156603,0.0136258,-1.61275e-14,1.01947,1.33719,0.347751,0.00549543,8786.92,227057,46662.7,63177.7,699.543,286.485,50.5297,147.363,22.4418,2808.77,479.82,120.272,37639.7,4030.51,6125.5,149.605,9.20117,1.61005,28.3263,340.31,36.9205,5.46314,0.154632
setup,0,2007-09-28 23:00:00,0,1.77109,4.03926,0.0307826,0,0.0292984,0.00978392,0.00646024,0.0116623,0.0353251,3.53439e-06,0,0,0,1.63461,0.28222,0.0387091,0.0156319,0.0136442,-1.61275e-14,1.03082,1.34013,0.339742,0.00539888,8785.95,227054,46662.5,63177.8,698.733,286.577,50.7432,148.817,22.3651,2809.48,479.845,120.25,37639.7,4030.56,6125.62,149.429,9.20708,1.6164,28.5955,340.729,36.9339,5.46347,0.15369
setup,0,2007-09-29 23:00:00,0,1.77837,3.94948,0.0324861,0,0.0293573,0.00979557,0.00641456,0.0117139,0.0338959,3.52064e-06,0,0,0,1.68151,0.281426,0.0400016,0.0156038,0.0136434,-1.61275e-14,1.02456,1.32388,0.331195,0.00530473,8784.95,227052,46662.4,63177.5,697.9,286.713,51.0133,150.21,22.3336,2810.18,479.869,120.228,37639.7,4030.61,6125.69,149.243,9.21425,1.62445,28.8581,341.159,36.9474,5.46382,0.153429
setup,0,2007-09-30 23:00:00,0,1.77658,4.052,0.0335122,0,0.0294133,0.00988478,0.00630552,0.0116283,0.0325391,3.51822e-06,0,0,0,1.7299,0.280612,0.041335,0.0155783,0.0136385,-1.61275e-14,1.03279,1.32542,0.323433,0.00521512,8783.96,227049,46662.2,63177.5,697.141,286.901,51.211,151.617,22.2672,2810.88,479.894,120.207,37639.7,4030.66,6125.8,149.07,9.22274,1.63034,29.1205,341.586,36.9608,5.46416,0.152413
setup,0,2007-10-01 23:00:00,0,1.77062,4.28553,0.0350917,0,0.0294671,0.00985187,0.00620222,0.0115462,0.0312142,3.51967e-06,0,0,0,1.77976,0.279806,0.0427086,0.0155501,0.0136289,-1.61275e-14,1.06189,1.34463,0.316163,0.00512563,8782.99,227045,46661.8,63177.7,696.538,287.139,51.2753,152.989,22.161,2811.58,479.918,120.185,37639.7,4030.71,6125.96,148.91,9.23245,1.63223,29.3794,342.019,36.9742,5.46449,0.151983
setup,0,2007-10-02 23:00:00,0,1.75071,4.24008,0.0359472,0,0.0295188,0.00991087,0.00613531,0.0115404,0.029904,3.52122e-06,0,0,0,1.83104,0.279012,0.0441214,0.0155213,0.0136312,-1.61275e-14,1.06328,1.33854,0.30841,0.00502852,8782.03,227042,46661.5,63177.6,695.924,287.424,51.3811,154.305,22.0967,2812.28,479.943,120.164,37639.6,4030.76,6126.09,148.743,9.24347,1.63537,29.6301,342.465,36.9875,5.46483,0.151068
setup,0,2007-10-03 23:00:00,0,1.73516,4.24403,0.0369793,0,0.0295685,0.00989596,0.00604272,0.0115015,0.0286297,3.52628e-06,0,0,0,1.88372,0.278228,0.0455725,0.0154919,0.0136297,2.8983e-06,1.06149,1.33186,0.300828,0.0049287,8781.1,227039,46661.1,63177.5,695.336,287.761,51.4908,155.596,22.0221,2812.98,479.967,120.142,37639.6,4030.81,6126.21,148.584,9.25589,1.63864,29.8766,342.908,37.0009,5.46517,0.150402
setup,0,2007-10-04 23:00:00,0,1.73846,4.42288,0.0377329,0,0.029617,0.00987651,0.00594467,0.0114223,0.0274129,3.52203e-06,0,0,0,1.93774,0.277463,0.0470606,0.0154619,0.0136307,-1.93801e-14,1.0788,1.34173,0.293733,0.00484229,8780.14,227036,46660.5,63177.5,694.881,288.151,51.507,156.832,21.9149,2813.67,479.991,120.121,37639.6,4030.85,6126.36,148.446,9.26964,1.63911,30.1167,343.349,37.0142,5.46551,0.150368
setup,0,2007-10-05 23:00:00,0,1.74357,5.66919,0.0389118,0,0.0296676,0.00978787,0.00577149,0.0111998,0.0265139,3.49453e-06,0,0,0,1.99306,0.276684,0.0485842,0.0154424,0.0136607,3.7178e-06,1.20378,1.44479,0.289518,0.0047686,8779.23,227031,46658.7,63177.5,695.668,288.617,50.9101,157.171,21.6468,2814.32,480.014,120.099,37639.6,4030.89,6126.68,148.456,9.28454,1.62131,30.2725,343.796,37.0269,5.46583,0.149702
setup,0,2007-10-06 23:00:00,0,1.72303,5.76963,0.0400296,0,0.0297193,0.0097061,0.00589227,0.011397,0.025316,3.46736e-06,0,0,0,2.04962,0.275941,0.0501418,0.0154028,0.0136283,6.01511e-06,1.26112,1.49311,0.283138,0.00468198,8778.35,227027,46656.9,63177.2,696.198,289.104,50.4159,157.589,21.4976,2814.99,480.035,120.078,37639.6,4030.93,6126.96,148.418,9.2999,1.60663,30.4082,344.317,37.0399,5.46613,0.149104
setup,0,2007-10-07 23:00:00,0,1.70884,5.09673,0.0399823,0,0.0297675,0.00975079,0.00582725,0.0113666,0.0240417,3.42021e-06,0,0,0,2.10735,0.275222,0.0517314,0.0153631,0.013627,0.00322401,1.1936,1.43515,0.275445,0.00459075,8777.51,227023,46655.7,63176.4,696.031,289.637,50.2753,158.481,21.4749,2815.68,480.057,120.056,37639.6,4030.98,6127.09,148.316,9.31689,1.6025,30.5928,344.816,37.0531,5.46644,0.148456
setup,0,2007-10-08 23:00:00,0,1.71049,4.74047,0.040092,0,0.0298118,0.00967613,0.00569345,0.0112051,0.0229442,3.37008e-06,0,0,0,2.16617,0.274531,0.0533509,0.0153311,0.0136272,0.0168854,1.13684,1.37999,0.268186,0.00450357,8776.68,227019,46654.8,63175.5,695.621,290.227,50.3056,159.534,21.4521,2816.37,480.08,120.035,37639.6,4031.02,6127.17,148.214,9.33571,1.60345,30.7988,345.259,37.0663,5.46676,0.147841
setup,0,2007-10-09 23:00:00,0,1.72917,4.54104,0.0404747,0,0.0298543,0.00950155,0.00556572,0.011049,0.0219312,3.31123e-06,0,0,0,2.226,0.273845,0.0486701,0.0144065,0.0136262,0.0132303,1.10132,1.34154,0.261168,0.0044226,8775.83,227016,46654.1,63174.8,695.127,290.877,50.414,160.642,21.4243,2817.06,480.103,120.016,37639.5,4031.07,6127.25,148.115,9.34912,1.60671,31.0123,345.684,37.0796,5.46709,0.147577
setup,0,2007-10-10 23:00:00,0,1.73248,4.46049,0.0399408,0,0.0298946,0.00941503,0.00545353,0.010901,0.0210133,3.25898e-06,0,0,0,2.28675,0.27314,0.0560016,0.0151913,0.0136297,0.0108845,1.08333,1.31813,0.254968,0.00435514,8774.94,227013,46653.6,63174.2,694.626,291.589,50.5375,161.768,21.3877,2817.76,480.127,119.996,37639.5,4031.11,6127.33,148.019,9.37078,1.61039,31.2283,346.102,37.093,5.46742,0.147203
setup,0,2007-10-11 23:00:00,0,1.7309,4.44939,0.0412023,0,0.0299353,0.0090504,0.00534505,0.0107289,0.0201045,3.21277e-06,0,0,0,2.34831,0.272412,0.058517,0.0152766,0.0136309,0.00708838,1.07762,1.30568,0.248307,0.00429068,8774.06,227009,46653,63173.7,694.155,292.363,50.6449,162.894,21.3424,2818.45,480.151,119.975,37639.5,4031.16,6127.43,147.925,9.39507,1.61357,31.4446,346.524,37.1062,5.46775,0.146971
setup,0,2007-10-12 23:00:00,0,1.7232,4.25803,0.0409589,0,0.0299745,0.00895976,0.00527097,0.0106507,0.0192207,3.18094e-06,0,0,0,2.41058,0.271682,0.060289,0.0152513,0.0136277,2.75145e-06,1.056,1.27984,0.242196,0.00422845,8773.13,227006,46652.6,63173,693.607,293.194,50.8503,163.999,21.3383,2819.15,480.175,119.955,37639.5,4031.21,6127.49,147.817,9.42117,1.61966,31.6584,346.956,37.1196,5.46809,0.146922
setup,0,2007-10-13 23:00:00,0,1.71564,4.31433,0.0399985,0,0.0300088,0.00896534,0.00516283,0.0104723,0.0184498,3.16936e-06,0,0,0,2.47344,0.270919,0.0620627,0.0152356,0.0136326,2.99331e-06,1.05436,1.27229,0.237134,0.00417621,8772.21,227003,46652.2,63172.6,693.122,294.09,50.9967,165.128,21.2971,2819.84,480.199,119.934,37639.5,4031.26,6127.59,147.72,9.44904,1.62398,31.8738,347.38,37.1329,5.46843,0.146309
setup,0,2007-10-14 23:00:00,0,1.71372,4.12141,0.0408493,0,0.0300429,0.00875151,0.00509986,0.0104025,0.0176624,3.16257e-06,0,0,0,2.53678,0.270166,0.0638154,0.0152065,0.0136261,7.28448e-15,1.03495,1.24784,0.231252,0.00412231,8771.28,227000,46651.9,63172.1,692.554,295.043,51.2523,166.22,21.3052,2820.54,480.224,119.912,37639.5,4031.31,6127.64,147.607,9.47866,1.63154,32.086,347.812,37.1463,5.46877,0.146259
setup,0,2007-10-15 23:00:00,0,1.70955,4.01059,0.0400672,0,0.0300739,0.0087902,0.00501497,0.0102858,0.0169446,3.17772e-06,0,0,0,2.60045,0.269399,0.0655775,0.0151848,0.0136324,7.28448e-15,1.01668,1.2262,0.226099,0.00407096,8770.33,226997,46651.8,63171.5,691.962,296.058,51.5557,167.313,21.3099,2821.24,480.249,119.891,37639.5,4031.36,6127.68,147.492,9.51009,1.6405,32.298,348.237,37.1597,5.46912,0.14563
setup,0,2007-10-16 23:00:00,0,1.70221,4.94402,0.041571,0,0.0301074,0.00856152,0.00486119,0.00993065,0.0163331,3.20467e-06,0,0,0,2.66431,0.268621,0.0673449,0.0151594,0.0136916,7.28448e-15,1.11003,1.30448,0.222826,0.00402545,8769.39,226993,46650.8,63171.7,692.046,297.143,51.3281,168.228,21.1078,2821.92,480.273,119.87,37639.5,4031.41,6127.93,147.453,9.54275,1.63371,32.5002,348.656,37.1727,5.46945,0.14536
setup,0,2007-10-17 23:00:00,0,1.69527,4.5452,0.0408237,0,0.030142,0.00872791,0.00488601,0.0100177,0.0155811,3.22522e-06,0,0,0,2.72823,0.267853,0.0691138,0.0151329,0.0136275,2.98035e-06,1.09259,1.28401,0.217394,0.0039749,8768.47,226990,46650.1,63171.2,691.774,298.276,51.3573,169.187,21.1051,2822.61,480.297,119.849,37639.5,4031.45,6128.04,147.353,9.57696,1.63455,32.6919,349.122,37.1859,5.46979,0.145121
setup,0,2007-10-18 23:00:00,0,1.69264,4.39766,0.0419252,0,0.0301736,0.00848853,0.0048231,0.00991595,0.0149411,3.2605e-06,0,0,0,2.79204,0.26709,0.0708796,0.0151012,0.013642,2.9416e-06,1.07081,1.26242,0.212624,0.00393041,8767.55,226987,46649.6,63170.6,691.402,299.468,51.4767,170.198,21.0908,2823.3,480.321,119.828,37639.5,4031.5,6128.12,147.253,9.61288,1.63805,32.8881,349.574,37.1992,5.47013,0.144974
setup,0,2007-10-19 23:00:00,0,1.68607,5.8527,0.0428569,0,0.0302105,0.00841873,0.00429489,0.00906625,0.0150306,3.2762e-06,0,0,0,2.85557,0.266327,0.072638,0.0150789,0.013728,3.2156e-06,1.18033,1.34248,0.21256,0.00389488,8766.65,226982,46647.7,63169.3,692.885,300.789,50.7601,169.847,20.8751,2823.92,480.345,119.807,37639.5,4031.54,6128.3,147.363,9.65109,1.61677,32.9731,350.007,37.2114,5.47046,0.146316
setup,0,2007-10-20 23:00:00,0,1.66982,7.75051,0.0437633,0,0.0302512,0.00838196,0.00376197,0.00816345,0.0161039,3.28533e-06,0,0,0,2.91867,0.265573,0.0743841,0.0150512,0.013773,6.61755e-06,1.37569,1.51625,0.216165,0.00386218,8765.85,226975,46643.8,63167.5,696.029,302.132,49.1993,168.175,20.5259,2824.53,480.366,119.786,37639.5,4031.57,6128.63,147.699,9.68926,1.57055,32.9096,350.466,37.2237,5.47075,0.149066
setup,0,2007-10-21 23:00:00,0,1.64374,9.95245,0.0441141,0,0.0302959,0.0085443,0.00367978,0.0079784,0.0173758,3.28286e-06,0,0,0,2.98117,0.264867,0.0761132,0.0149999,0.0145857,1.20934e-05,1.86422,1.97132,0.241253,0.00386162,8765.18,226967,46637.7,63166.4,699.848,303.404,47.8674,164.949,19.8891,2825.15,480.377,119.765,37639.5,4031.35,6129.28,148.074,9.72301,1.53158,32.5359,351.234,37.236,5.47094,0.153665
setup,0,2007-10-22 23:00:00,0,1.71233,10.9824,0.0436324,0,0.0303393,0.00874479,0.00565816,0.0127179,0.0201581,3.2456e-06,0,0,0,3.04287,0.33926,0.0778202,0.0149342,0.0139354,1.69705e-05,2.10974,2.205,0.274337,0.00394165,8764.95,226957,46629.6,63162.5,703.552,304.656,46.7221,161.139,19.4671,2825.77,480.382,119.744,37639.4,4029.17,6129.61,148.583,9.75489,1.49836,31.9771,352.063,37.2483,5.47105,0.155416
setup,0,2007-10-23 23:00:00,0,1.79893,10.3755,0.0429322,0,0.0303798,0.008799,0.00680577,0.0157158,0.0202449,3.1581e-06,0,0,0,3.10359,0.379728,0.0794998,0.0148719,0.0136392,0.0572532,2.02724,2.17193,0.280542,0.00412944,8764.89,226948,46622.6,63156.9,706.181,305.969,45.6963,158.542,19.3231,2826.39,480.386,119.723,37639.2,4027.32,6129.31,149.025,9.78853,1.46866,31.6626,352.665,37.2606,5.47117,0.156325
setup,0,2007-10-24 23:00:00,0,1.79371,9.57813,0.0425149,0,0.0304186,0.008655,0.00759799,0.0172518,0.018701,3.05879e-06,0,0,0,3.16313,0.302544,0.0493817,0.0121312,0.0136291,0.0337873,1.89851,2.08212,0.270655,0.00426498,8764.58,226940,46616.9,63151.9,707.901,307.361,44.756,157.185,19.2287,2827.01,480.393,119.705,37639.2,4026.33,6128.87,149.342,9.79036,1.44139,31.5283,353.245,37.2729,5.4713,0.154972
setup,0,2007-10-25 23:00:00,0,1.76749,9.09879,0.0427068,0,0.0304574,0.00848946,0.00777883,0.0170178,0.0171351,2.94912e-06,0,0,0,3.22129,0.303087,0.0503494,0.01212,0.0136313,0.0330486,1.82463,2.0227,0.260619,0.00433654,8764.3,226932,46611.8,63148.3,708.933,308.818,43.9652,156.706,19.1453,2827.63,480.399,119.688,37639.1,4025.77,6128.59,149.558,9.79352,1.41837,31.5081,353.813,37.2852,5.47144,0.152663
setup,0,2007-10-26 23:00:00,0,1.82637,8.65372,0.0429548,0,0.0304953,0.00828919,0.00715116,0.0150692,0.0160424,2.83746e-06,0,0,0,3.27786,0.331604,0.0511046,0.0120931,0.0136358,0.0427406,1.7878,1.98869,0.254078,0.0043733,8764.15,226924,46607.3,63144.4,709.491,310.335,43.3602,156.636,19.1894,2828.24,480.407,119.67,37639.1,4025.27,6128.28,149.679,9.79799,1.40066,31.5292,354.413,37.2972,5.47159,0.151842
setup,0,2007-10-27 23:00:00,0,1.75634,7.99061,0.0433368,0,0.0305313,0.00809273,0.00698562,0.0142388,0.0146611,2.72506e-06,0,0,0,3.33264,0.262958,0.0514582,0.0120493,0.0136323,0.0248701,1.68294,1.89421,0.24321,0.00434996,8763.75,226918,46603.4,63140.9,709.706,311.926,42.904,156.947,19.2352,2828.86,480.416,119.653,37639,4024.95,6128,149.747,9.80456,1.38715,31.602,355.012,37.3086,5.47175,0.150445
setup,0,2007-10-28 23:00:00,0,1.71893,7.65889,0.0438292,0,0.0305665,0.00795792,0.0069608,0.0136438,0.0135008,2.62388e-06,0,0,0,3.38541,0.262428,0.066699,0.0131532,0.0136345,0.0256533,1.61684,1.83261,0.233137,0.00428363,8763.35,226911,46599.9,63138.3,709.744,313.563,42.5341,157.53,19.2255,2829.48,480.427,119.635,37639,4024.81,6127.87,149.791,9.82787,1.37599,31.7222,355.576,37.3202,5.47194,0.147939
setup,0,2007-10-29 23:00:00,0,1.70936,7.07087,0.0442099,0,0.0306008,0.00793021,0.00642966,0.0121719,0.012567,2.53942e-06,0,0,0,3.43597,0.261877,0.070623,0.0133305,0.0136261,0.019872,1.55963,1.77662,0.225098,0.00419637,8762.92,226905,46597,63135.6,709.386,315.229,42.4211,158.25,19.3555,2830.14,480.439,119.616,37639,4024.67,6127.7,149.767,9.8554,1.37228,31.8482,356.174,37.3322,5.47213,0.146204
setup,0,2007-10-30 23:00:00,0,1.694,6.41956,0.0438825,0,0.0306332,0.00806195,0.00589276,0.0109027,0.0116336,2.47319e-06,0,0,0,3.48408,0.261303,0.0812891,0.0140169,0.0136288,0.0147635,1.46065,1.67921,0.216352,0.00410887,8762.42,226900,46594.7,63133.1,708.746,316.949,42.478,159.209,19.5145,2830.8,480.453,119.598,37639,4024.61,6127.54,149.708,9.89514,1.37345,32.0024,356.75,37.3444,5.47235,0.145546
setup,0,2007-10-31 23:00:00,0,1.689,6.03936,0.0447898,0,0.0306646,0.00803978,0.0054849,0.00995753,0.0109133,2.43785e-06,0,0,0,3.52955,0.26069,0.0922201,0.0147061,0.0136662,0.0159242,1.39071,1.60201,0.208214,0.0040303,8761.94,226895,46592.9,63131.1,708.02,318.722,42.5991,160.317,19.6412,2831.47,480.468,119.579,37639,4024.62,6127.41,149.629,9.9471,1.37644,32.1833,357.296,37.3566,5.47259,0.145097
setup,0,2007-11-01 23:00:00,0,1.69478,5.77216,0.0449186,0,0.0306959,0.00820334,0.0051935,0.0092957,0.0103286,2.44164e-06,0,0,0,3.57216,0.260071,0.0934824,0.0146821,0.0136689,0.00864895,1.34124,1.54532,0.201395,0.00396479,8761.39,226891,46591.2,63129.3,707.271,320.542,42.7567,161.495,19.7504,2832.14,480.485,119.56,37639,4024.65,6127.33,149.536,10.0008,1.38049,32.379,357.834,37.3688,5.47284,0.144913
setup,0,2007-11-02 23:00:00,0,1.67885,6.18409,0.0457745,0,0.0307269,0.00822971,0.00496144,0.00877711,0.010061,2.4826e-06,0,0,0,3.6117,0.259419,0.0947755,0.0146745,0.0136979,0.00478666,1.37489,1.56028,0.198038,0.00390324,8760.91,226886,46589.2,63127.9,706.891,322.404,42.7309,162.567,19.6876,2832.8,480.502,119.54,37639,4024.69,6127.38,149.468,10.0555,1.37921,32.5811,358.364,37.3809,5.47309,0.14414
setup,0,2007-11-03 23:00:00,0,1.66483,6.00174,0.0464514,0,0.0307593,0.00834037,0.00486124,0.00856019,0.00971381,2.53854e-06,0,0,0,3.64796,0.258777,0.0956946,0.0146345,0.0136399,0.00366534,1.3521,1.53579,0.194231,0.00384089,8760.37,226881,46587.3,63126.3,706.46,324.295,42.7766,163.563,19.7217,2833.46,480.519,119.52,37639,4024.72,6127.41,149.398,10.1112,1.38003,32.766,358.903,37.3929,5.47335,0.144193
setup,0,2007-11-04 23:00:00,0,1.66426,6.12744,0.047522,0,0.0307916,0.00834582,0.00475544,0.00833293,0.00946613,2.61458e-06,0,0,0,3.68072,0.258113,0.0967091,0.014624,0.0136654,0.00376596,1.35888,1.53372,0.191242,0.0037988,8759.82,226876,46585.3,63124.9,706.158,326.214,42.7758,164.488,19.7058,2834.11,480.536,119.499,37639,4024.76,6127.48,149.344,10.1676,1.37953,32.9442,359.435,37.4049,5.4736,0.144238
setup,0,2007-11-05 23:00:00,0,1.66242,6.6269,0.0480661,0,0.0308248,0.00845893,0.00469803,0.00820914,0.0093907,2.68706e-06,0,0,0,3.7098,0.257442,0.0975121,0.0146016,0.0137525,0.0065301,1.41578,1.57737,0.19041,0.00376273,8759.35,226871,46582.8,63123.4,706.227,328.151,42.6383,165.126,19.6005,2834.76,480.552,119.479,37639,4024.8,6127.63,149.333,10.2242,1.3751,33.0958,359.971,37.4168,5.47384,0.14423
setup,0,2007-11-06 23:00:00,0,1.65562,7.12573,0.0482613,0,0.0308591,0.00858833,0.00393456,0.00710545,0.0095739,2.74373e-06,0,0,0,3.73499,0.256785,0.0979617,0.0143247,0.0138064,0.00951099,1.46041,1.60732,0.191819,0.00372864,8758.94,226865,46579.7,63121.3,706.879,330.14,42.287,165.267,19.4885,2835.37,480.567,119.459,37639,4024.8,6127.75,149.393,10.2813,1.36452,33.1967,360.508,37.4279,5.47408,0.146357
setup,0,2007-11-07 23:00:00,0,1.64539,8.14694,0.049383,0,0.0308957,0.00861263,0.00390259,0.00740975,0.0105937,2.79111e-06,0,0,0,3.7561,0.256142,0.0983803,0.0142878,0.0142081,0.0109824,1.57678,1.71796,0.198725,0.00370976,8758.55,226858,46575.6,63118.6,708.349,332.122,41.6131,164.707,19.2824,2835.98,480.581,119.439,37639,4024.69,6127.93,149.56,10.3378,1.34467,33.2228,361.064,37.4389,5.4743,0.148958
setup,0,2007-11-08 23:00:00,0,1.63323,7.8237,0.0492069,0,0.0309321,0.00876836,0.00451581,0.00864066,0.0105237,2.81691e-06,0,0,0,3.77295,0.255504,0.0987653,0.0142586,0.0136833,0.0126759,1.5566,1.69329,0.196881,0.00369534,8758.2,226852,46571.7,63115.7,709.356,334.115,41.021,164.539,19.2807,2836.59,480.596,119.42,37639,4024.46,6128.02,149.685,10.3947,1.32723,33.2582,361.639,37.4497,5.47453,0.150221
setup,0,2007-11-09 23:00:00,0,1.63137,7.58487,0.0490174,0,0.0309676,0.00883683,0.0049627,0.00948448,0.0102025,2.80649e-06,0,0,0,3.78536,0.254878,0.0990094,0.0142229,0.0137158,0.0123489,1.52113,1.66496,0.194191,0.00369105,8757.81,226845,46568.2,63112.9,710.085,336.122,40.4663,164.75,19.2874,2837.2,480.611,119.4,37639,4024.29,6128.08,149.788,10.4522,1.31089,33.3374,362.189,37.4604,5.47476,0.15019
setup,0,2007-11-10 23:00:00,0,1.6256,7.68803,0.0490918,0,0.0310042,0.00885417,0.00327251,0.00643686,0.0103626,2.76398e-06,0,0,0,3.79315,0.25423,0.0992813,0.014213,0.0139832,0.0146184,1.53628,1.69866,0.198872,0.00369159,8757.45,226839,46564.6,63110.5,710.727,338.119,39.9856,165.065,19.1581,2837.81,480.625,119.38,37638.9,4024.18,6128.2,149.889,10.5092,1.29678,33.4375,362.716,37.4712,5.47498,0.155018
setup,0,2007-11-11 23:00:00,0,1.62091,8.20117,0.0488059,0,0.031042,0.00887062,0.00365763,0.00722622,0.0111112,2.69622e-06,0,0,0,3.79617,0.25359,0.09921,0.0141765,0.0138373,0.0173978,1.65056,1.79359,0.210154,0.00370813,8757.15,226832,46560.3,63107.7,711.516,340.081,39.5717,165.008,18.9528,2838.42,480.637,119.361,37638.9,4023.89,6128.32,149.983,10.5645,1.28472,33.4828,363.305,37.4818,5.47517,0.158992
setup,0,2007-11-12 23:00:00,0,1.60156,8.21191,0.0485575,0,0.0310797,0.00886384,0.00569732,0.0110832,0.0112199,2.61481e-06,0,0,0,3.79428,0.252965,0.0989769,0.0141438,0.0136651,0.0186427,1.68633,1.8308,0.214274,0.00372145,8756.86,226825,46555.9,63104.4,712.226,342.021,39.2426,164.809,18.8609,2839.04,480.648,119.341,37638.9,4023.33,6128.34,150.065,10.6192,1.27514,33.4857,363.942,37.4923,5.47536,0.157038
setup,0,2007-11-13 23:00:00,0,1.60124,8.21846,0.0485707,0,0.0311176,0.00878435,0.00515364,0.0101209,0.0112527,2.52591e-06,0,0,0,3.78734,0.252347,0.0987089,0.0141205,0.0137092,0.0210411,1.68044,1.83018,0.216589,0.00376592,8756.6,226818,46551.5,63101.1,712.83,343.95,38.9088,164.769,18.7617,2839.65,480.659,119.322,37638.8,4022.79,6128.3,150.156,10.6735,1.26544,33.5133,364.546,37.5027,5.47554,0.157489
setup,0,2007-11-14 23:00:00,0,1.60335,8.27118,0.048142,0,0.0311553,0.00868941,0.00465904,0.00920664,0.0114874,2.42957e-06,0,0,0,3.77522,0.251727,0.0982304,0.014087,0.0139426,0.0235507,1.69254,1.8497,0.221248,0.00381649,8756.38,226811,46547.2,63097.8,713.397,345.852,38.6237,164.714,18.6362,2840.26,480.669,119.302,37638.8,4022.31,6128.25,150.249,10.7269,1.25719,33.5468,365.138,37.5129,5.47572,0.159532
setup,0,2007-11-15 23:00:00,0,1.60498,8.29068,0.0476983,0,0.031192,0.00863564,0.00604943,0.0118611,0.0113278,2.3301e-06,0,0,0,3.75781,0.251125,0.0975544,0.0140467,0.0136836,0.0254365,1.7054,1.86557,0.221231,0.0038601,8756.16,226804,46542.8,63094.3,713.923,347.729,38.3446,164.663,18.5792,2840.87,480.679,119.283,37638.8,4021.83,6128.13,150.335,10.7795,1.24911,33.5788,365.745,37.5229,5.4759,0.157485
setup,0,2007-11-16 23:00:00,0,1.61239,8.10602,0.0477,0,0.0312276,0.00858381,0.00630498,0.0121489,0.0108074,2.23442e-06,0,0,0,3.73502,0.25051,0.0968253,0.0140236,0.013655,0.0260186,1.67108,1.83701,0.216807,0.00389774,8755.93,226798,46538.7,63090.8,714.331,349.586,38.069,164.778,18.5896,2841.47,480.69,119.264,37638.7,4021.44,6127.98,150.416,10.8318,1.24111,33.6337,366.335,37.5328,5.47608,0.155105
setup,0,2007-11-17 23:00:00,0,1.61166,7.8479,0.0480302,0,0.0312626,0.00851915,0.00581519,0.0109856,0.0102914,2.1471e-06,0,0,0,3.70676,0.249882,0.0959909,0.0140083,0.0136763,0.0266954,1.61998,1.78863,0.211402,0.0039122,8755.66,226791,46535,63087.6,714.641,351.423,37.8104,165.063,18.6286,2842.08,480.702,119.245,37638.7,4021.21,6127.84,150.491,10.8837,1.23359,33.7161,366.899,37.5427,5.47628,0.154007
setup,0,2007-11-18 23:00:00,0,1.61182,7.70739,0.048421,0,0.0312977,0.00853342,0.00496237,0.00928157,0.0100279,2.0672e-06,0,0,0,3.67297,0.249231,0.0950659,0.013997,0.0136437,0.030289,1.588,1.75787,0.208346,0.00391258,8755.43,226785,46531.5,63084.7,714.9,353.226,37.5721,165.464,18.6436,2842.69,480.715,119.226,37638.7,4021.09,6127.74,150.562,10.9349,1.22665,33.8185,367.438,37.5525,5.47648,0.154868
setup,0,2007-11-19 23:00:00,0,1.6132,7.6809,0.0485727,0,0.0313321,0.00861532,0.00517874,0.00957597,0.00982634,1.99312e-06,0,0,0,3.63361,0.248587,0.093739,0.0139512,0.0137154,0.0311039,1.584,1.75113,0.206239,0.00390479,8755.18,226779,46528.1,63081.8,715.144,354.984,37.3515,165.898,18.6441,2843.29,480.727,119.207,37638.6,4021,6127.68,150.623,10.9847,1.22023,33.9279,367.979,37.5622,5.47669,0.154942
setup,0,2007-11-20 23:00:00,0,1.60902,7.70617,0.0488109,0,0.0313661,0.00868496,0.00483684,0.00890196,0.0097789,1.92913e-06,0,0,0,3.58863,0.247933,0.0924615,0.0139346,0.0137724,0.0328292,1.58937,1.75523,0.206195,0.00389588,8754.93,226772,46524.6,63079.1,715.392,356.689,37.1546,166.317,18.6225,2843.9,480.74,119.188,37638.6,4020.91,6127.66,150.68,11.0331,1.21452,34.0339,368.523,37.5718,5.4769,0.155928
setup,0,2007-11-21 23:00:00,0,1.60704,7.77832,0.0490745,0,0.0313999,0.00873452,0.00514114,0.00941169,0.00975015,1.86824e-06,0,0,0,3.53803,0.247273,0.0909599,0.0139092,0.0137292,0.0336822,1.60675,1.76902,0.206654,0.00389425,8754.63,226766,46521,63076.3,715.657,358.334,36.9717,166.684,18.5969,2844.5,480.753,119.169,37638.6,4020.78,6127.65,150.734,11.0796,1.20923,34.1305,369.079,37.5813,5.4771,0.156148
setup,0,2007-11-22 23:00:00,0,1.60661,8.08432,0.0494253,0,0.031434,0.00877427,0.00412523,0.00771501,0.0102012,1.81057e-06,0,0,0,3.48181,0.246578,0.0893548,0.01389,0.0141409,0.037337,1.65878,1.82381,0.213139,0.00391344,8754.37,226759,46517,63073.6,716.013,359.902,36.8018,166.912,18.4833,2845.1,480.764,119.15,37638.5,4020.58,6127.69,150.799,11.1236,1.20437,34.2078,369.646,37.5908,5.47728,0.159469
setup,0,2007-11-23 23:00:00,0,1.59656,8.40864,0.0495822,0,0.0314682,0.00879847,0.00460753,0.00866181,0.010928,1.7569e-06,0,0,0,3.41999,0.245885,0.0873925,0.0138561,0.013936,0.042505,1.73512,1.89244,0.22283,0.00393511,8754.19,226752,46512.6,63070.5,716.494,361.38,36.6782,166.811,18.3548,2845.71,480.773,119.131,37638.5,4020.18,6127.71,150.869,11.1647,1.2009,34.2305,370.255,37.6001,5.47745,0.161681
setup,0,2007-11-24 23:00:00,0,1.58089,8.74132,0.0496777,0,0.0315029,0.00879199,0.00441347,0.00855338,0.0120947,1.70293e-06,0,0,0,3.35262,0.245233,0.0851842,0.0138144,0.0136476,0.0439467,1.80951,1.97439,0.237068,0.00397018,8754,226745,46507.8,63067.2,717.102,362.764,36.6013,166.374,18.1821,2846.31,480.78,119.112,37638.4,4019.57,6127.69,150.961,11.2027,1.19883,34.1952,370.897,37.6092,5.47759,0.164966
setup,0,2007-11-25 23:00:00,0,1.56804,8.93768,0.0494369,0,0.031538,0.00876451,0.00624554,0.0121887,0.0127287,1.65137e-06,0,0,0,3.27975,0.244585,0.083055,0.0137914,0.013648,0.0450339,1.8612,2.02364,0.243627,0.00404073,8753.81,226737,46502.7,63063.3,717.724,364.058,36.5284,165.794,18.0655,2846.92,480.787,119.094,37638.3,4018.79,6127.53,151.066,11.238,1.19687,34.1269,371.564,37.6181,5.47773,0.163125
setup,0,2007-11-26 23:00:00,0,1.5579,8.89756,0.0493332,0,0.0315734,0.00871731,0.00625006,0.0122756,0.0127532,1.60044e-06,0,0,0,3.20147,0.243938,0.0807738,0.0137728,0.0137568,0.0483194,1.85594,2.02843,0.245749,0.00411869,8753.59,226730,46497.8,63059.3,718.277,365.269,36.464,165.269,17.9773,2847.53,480.793,119.075,37638.3,4018.09,6127.28,151.183,11.2709,1.19515,34.0694,372.207,37.627,5.47786,0.162179
setup,0,2007-11-27 23:00:00,0,1.55168,8.77963,0.0492266,0,0.0316089,0.00868484,0.006775,0.0131924,0.0123661,1.54672e-06,0,0,0,3.11786,0.243257,0.0783068,0.0137455,0.0137131,0.0508221,1.83652,2.0186,0.24357,0.00418273,8753.36,226722,46493.1,63055.3,718.751,366.396,36.4027,164.849,17.9314,2848.13,480.8,119.057,37638.2,4017.51,6126.98,151.3,11.3016,1.19349,34.0282,372.836,37.6358,5.478,0.160161
setup,0,2007-11-28 23:00:00,0,1.54307,8.63934,0.0491973,0,0.0316445,0.0086936,0.00610941,0.0117443,0.0120231,1.49985e-06,0,0,0,3.02905,0.242557,0.0757025,0.0137227,0.013711,0.0557183,1.80893,1.99454,0.241615,0.00422513,8753.14,226715,46488.6,63051.5,719.153,367.435,36.3489,164.549,17.8914,2848.74,480.807,119.038,37638.1,4017.07,6126.67,151.413,11.33,1.19202,34.0057,373.443,37.6445,5.47814,0.15984
setup,0,2007-11-29 23:00:00,0,1.54402,8.63919,0.049218,0,0.0316801,0.00877439,0.00603307,0.0114886,0.0118365,1.455e-06,0,0,0,2.93516,0.241855,0.0728244,0.0136864,0.0137584,0.0596433,1.80657,1.99351,0.240481,0.00426268,8752.89,226708,46484.3,63047.8,719.528,368.379,36.2825,164.32,17.8467,2849.34,480.814,119.02,37638.1,4016.69,6126.4,151.52,11.3556,1.1902,33.995,374.045,37.6529,5.47828,0.159798
setup,0,2007-11-30 23:00:00,0,1.54693,8.58915,0.0492658,0,0.0317154,0.00886468,0.00690941,0.0128975,0.0113687,1.41129e-06,0,0,0,2.83636,0.241121,0.0699043,0.0136618,0.01367,0.063906,1.79922,1.98921,0.236189,0.00429102,8752.57,226701,46480,63043.9,719.852,369.226,36.1966,164.172,17.8528,2849.94,480.821,119.002,37638,4016.36,6126.14,151.617,11.3785,1.1878,33.9945,374.65,37.6612,5.47842,0.157743
setup,0,2007-12-01 23:00:00,0,1.54771,8.34415,0.0497307,0,0.0317504,0.00890206,0.00644521,0.0117219,0.0108193,1.3797e-06,0,0,0,2.73281,0.240341,0.0670021,0.0136459,0.0136453,0.0602791,1.75549,1.94514,0.230699,0.0042846,8752.3,226694,46476,63040.3,720.087,369.976,36.1292,164.149,17.8892,2850.55,480.83,118.984,37638,4016.11,6125.89,151.706,11.3989,1.1859,34.0126,375.24,37.6695,5.47858,0.15657
setup,0,2007-12-02 23:00:00,0,1.52958,8.08574,0.0503375,0,0.0317856,0.008927,0.00579911,0.0103312,0.0104495,1.35144e-06,0,0,0,2.62469,0.239551,0.0638159,0.0136182,0.0136587,0.0421653,1.70865,1.9,0.226587,0.0042368,8752.25,226687,46472.3,63037,720.262,370.621,36.1059,164.221,17.906,2851.15,480.839,118.968,37637.9,4015.95,6125.7,151.787,11.4167,1.18525,34.0477,375.827,37.6777,5.47874,0.156312
setup,0,2007-12-03 23:00:00,0,1.48084,8.15512,0.0506008,0,0.0318212,0.0089845,0.00541406,0.00964194,0.0103534,1.32828e-06,0,0,0,2.51223,0.238788,0.0605568,0.0135896,0.0136429,0.0404388,1.71365,1.90127,0.22551,0.00420497,8752.2,226681,46468.6,63033.9,720.47,371.154,36.055,164.329,17.871,2851.76,480.849,118.951,37637.9,4015.8,6125.56,151.865,11.4312,1.18381,34.0945,376.409,37.6858,5.47891,0.157077
setup,0,2007-12-04 23:00:00,0,1.45778,8.22934,0.0503464,0,0.0318564,0.00907441,0.00539025,0.00955785,0.0104254,1.30931e-06,0,0,0,2.39563,0.237988,0.0572613,0.0135771,0.0136927,0.0416624,1.731,1.9153,0.226677,0.00419088,8752.18,226674,46464.8,63030.8,720.712,371.562,36.0209,164.359,17.8202,2852.36,480.858,118.935,37637.8,4015.62,6125.47,151.94,11.4421,1.18287,34.1297,377.004,37.6939,5.47907,0.157928
setup,0,2007-12-05 23:00:00,0,1.41847,8.23401,0.0501961,0,0.0318911,0.00911678,0.00547148,0.00966554,0.0105796,1.29014e-06,0,0,0,2.27514,0.237178,0.0537586,0.0135503,0.0136747,0.0422664,1.74028,1.92368,0.22863,0.00415409,8752.18,226667,46460.8,63027.6,720.995,371.841,36.0292,164.261,17.7607,2852.97,480.866,118.918,37637.8,4015.37,6125.37,152.017,11.4494,1.18315,34.142,377.61,37.7019,5.47923,0.158353
setup,0,2007-12-06 23:00:00,0,1.3839,8.23107,0.0501633,0,0.0319256,0.00910299,0.00633003,0.0111483,0.010475,1.26627e-06,0,0,0,2.15101,0.236387,0.0501903,0.0135233,0.0136416,0.0433647,1.74477,1.92931,0.227486,0.00411698,8752.22,226660,46456.9,63024.2,721.292,371.995,36.0352,164.115,17.7252,2853.57,480.875,118.902,37637.7,4015.06,6125.23,152.097,11.4531,1.18335,34.1432,378.224,37.7099,5.47939,0.156637
setup,0,2007-12-07 23:00:00,0,1.36606,9.94971,0.0501586,0,0.0319611,0.00908863,0.00742706,0.0135757,0.0129465,1.24362e-06,0,0,0,2.02351,0.235593,0.0464848,0.0134996,0.0137221,0.0439667,2.0846,2.2576,0.250344,0.00414422,8752.29,226652,46450.7,63023.4,722.359,371.951,36.0376,162.937,17.2123,2854.18,480.877,118.886,37637.7,4014.12,6125.58,152.209,11.4497,1.18353,33.9959,378.993,37.7178,5.47947,0.153352
setup,0,2007-12-08 23:00:00,0,1.33565,11.403,0.0502166,0,0.0319979,0.00910431,0.00553856,0.0112246,0.018384,1.24994e-06,0,0,0,1.89291,0.234792,0.0427001,0.0134783,0.0137692,0.0449543,2.38291,2.51491,0.293913,0.00432596,8752.41,226642,46442.4,63019.9,724.824,371.725,36.0383,159.392,16.743,2854.78,480.874,118.87,37637.6,4011.96,6125.44,152.607,11.4399,1.18378,33.4169,379.904,37.7255,5.47949,0.158679
setup,0,2007-12-09 23:00:00,0,1.3024,11.7658,0.0496462,0,0.0320333,0.00917257,0.00548026,0.0126702,0.0227767,1.20088e-06,0,0,0,1.75952,0.234017,0.0387742,0.0134445,0.0136843,0.0466832,2.42065,2.58353,0.332708,0.00470513,8752.61,226632,46434.5,63013.3,728.191,371.351,36.0591,154.256,16.5327,2855.39,480.868,118.854,37637.4,4010.29,6124.42,153.343,11.4257,1.18471,32.4524,380.842,37.7331,5.47949,0.166478
setup,0,2007-12-10 23:00:00,0,1.25841,11.6185,0.0483255,0,0.0320672,0.00913896,0.00809038,0.0195971,0.0243349,1.18555e-06,0,0,0,1.62363,0.233255,0.034725,0.0134196,0.0136408,0.0459147,2.40627,2.60202,0.34149,0.00501113,8752.8,226621,46427.4,63006.6,731.396,370.838,36.1038,149.229,16.3993,2856,480.862,118.839,37637.3,4009.01,6123.16,154.09,11.4077,1.18629,31.4419,381.82,37.7406,5.47948,0.168076
setup,0,2007-12-11 23:00:00,0,1.20862,11.3519,0.048098,0,0.0321009,0.00902006,0.00963391,0.023504,0.0236385,1.16762e-06,0,0,0,1.48554,0.201101,0.0310638,0.0127491,0.0136415,0.0460026,2.36954,2.59468,0.338796,0.005197,8753.04,226611,46420.8,63000,734.114,370.162,36.1435,144.838,16.3231,2856.61,480.856,118.824,37637.2,4008.06,6121.91,154.755,11.3853,1.18768,30.5388,382.787,37.7482,5.47947,0.166952
setup,0,2007-12-12 23:00:00,0,1.14618,10.9197,0.0480619,0,0.0321339,0.00879863,0.0105724,0.0251998,0.0216228,1.14464e-06,0,0,0,1.34559,0.200509,0.0271881,0.0127356,0.013628,0.0434211,2.30501,2.55366,0.328548,0.00527065,8753.17,226602,46414.9,62993.7,736.211,369.358,36.1854,141.287,16.3214,2857.22,480.851,118.809,37637.1,4007.38,6120.77,155.298,11.3596,1.18906,29.8015,383.723,37.756,5.47947,0.164101
setup,0,2007-12-13 23:00:00,0,1.10409,10.5989,0.0478126,0,0.0321663,0.00858772,0.010326,0.0236397,0.0196279,1.12472e-06,0,0,0,1.20409,0.199962,0.0236487,0.0127338,0.0136437,0.0480151,2.25411,2.50256,0.317447,0.00530816,8753.51,226593,46409.5,62987.7,737.717,368.426,36.1904,138.592,16.3738,2857.82,480.847,118.795,37637,4006.9,6119.79,155.717,11.3305,1.18936,29.2394,384.614,37.7642,5.47948,0.161942
setup,0,2007-12-14 23:00:00,0,1.06149,10.3393,0.0473778,0,0.0321978,0.00847752,0.00873052,0.0192545,0.0183418,1.11052e-06,0,0,0,1.06141,0.199422,0.0189101,0.0126961,0.0137046,0.0485413,2.21174,2.45518,0.311574,0.00535333,8753.88,226584,46404.3,62982.3,738.732,367.364,36.1642,136.604,16.4566,2858.43,480.843,118.781,37637,4006.56,6119.01,156.028,11.2978,1.18876,28.8244,385.467,37.7717,5.47949,0.16291
setup,0,2007-12-15 23:00:00,0,0.998174,11.1157,0.0471256,0,0.032229,0.00850057,0.0103019,0.0224757,0.0203895,1.11488e-06,0,0,0,0.91787,0.230404,0.0147755,0.0132607,0.0136877,0.0489551,2.38275,2.61524,0.320606,0.00536108,8754.24,226574,46397.7,62979.2,739.861,366.162,36.1557,134.51,16.2024,2859.03,480.835,118.766,37636.9,4005.73,6118.68,156.276,11.26,1.18867,28.4122,386.398,37.779,5.47947,0.160034
setup,0,2007-12-16 23:00:00,0,0.91722,11.0121,0.0473077,0,0.0322596,0.00852594,0.010221,0.0224717,0.0210797,1.09009e-06,0,0,0,0.773815,0.198364,0.0105966,0.0126586,0.0136583,0.047739,2.37804,2.61437,0.326513,0.00539242,8754.6,226565,46391.2,62973.3,741.151,364.789,36.1887,131.92,16.1825,2859.64,480.828,118.751,37636.8,4004.86,6117.83,156.597,11.2178,1.18973,27.8951,387.348,37.7863,5.47944,0.159363
setup,0,2007-12-17 23:00:00,0,0.848547,10.9643,0.0474681,0,0.0322899,0.00859166,0.010297,0.0224889,0.0204031,1.08419e-06,0,0,0,0.701596,0.197881,0.0088077,0.0126504,0.0136336,0.0489686,2.36746,2.60798,0.323657,0.0054611,8755.05,226555,46385.2,62967.5,742.263,363.354,36.189,129.586,16.2016,2860.24,480.82,118.737,37636.7,4004.22,6116.97,156.905,11.1738,1.18985,27.4116,388.285,37.7938,5.47941,0.158927
setup,0,2007-12-18 23:00:00,0,0.792358,10.7657,0.0474775,0,0.0323196,0.00867206,0.0107864,0.0229675,0.0190154,1.07809e-06,0,0,0,0.7014,0.197437,0.00862787,0.0126292,0.0136291,0.0511407,2.34253,2.59042,0.314925,0.0055198,8755.64,226546,46379.4,62961.7,743.03,361.93,36.1859,127.694,16.2893,2860.84,480.812,118.723,37636.6,4003.73,6116.15,157.152,11.1302,1.18985,27.0078,389.211,37.8011,5.47938,0.157507
setup,0,2007-12-19 23:00:00,0,0.716241,10.2752,0.0478744,0,0.0323488,0.00870363,0.010474,0.0213645,0.017041,1.07671e-06,0,0,0,0.701212,0.196983,0.00838677,0.0126061,0.01363,0.0494999,2.26419,2.52009,0.301632,0.00547453,8756.24,226537,46374.3,62956.3,743.43,360.524,36.224,126.293,16.4333,2861.44,480.806,118.709,37636.6,4003.38,6115.43,157.328,11.0874,1.19097,26.7007,390.109,37.8082,5.47937,0.155858
setup,0,2007-12-20 23:00:00,0,0.637538,9.89925,0.0484981,0,0.0323777,0.00870725,0.00998245,0.0193985,0.015158,1.0779e-06,0,0,0,0.701015,0.196594,0.00875886,0.0126017,0.0136277,0.0506123,2.19827,2.45368,0.287992,0.00540574,8756.92,226528,46369.5,62951.2,743.487,359.138,36.2604,125.423,16.6075,2862.04,480.801,118.696,37636.5,4003.15,6114.84,157.432,11.0455,1.19202,26.4982,390.971,37.8156,5.47937,0.15435
setup,0,2007-12-21 23:00:00,0,0.568026,9.57558,0.0490306,0,0.0324065,0.0087216,0.00934572,0.017228,0.0135449,1.08588e-06,0,0,0,0.700828,0.196237,0.00849922,0.0125781,0.0136409,0.0512627,2.14081,2.38795,0.275039,0.00534648,8757.66,226520,46365.1,62946.5,743.25,357.772,36.289,125.021,16.8055,2862.64,480.797,118.682,37636.5,4003.01,6114.37,157.472,11.0044,1.19282,26.3893,391.802,37.8227,5.47939,0.153227
setup,0,2007-12-22 23:00:00,0,0.49122,9.81696,0.0495427,0,0.0324356,0.008762,0.00681744,0.012351,0.0136031,1.10053e-06,0,0,0,0.700647,0.195882,0.00835751,0.0125582,0.0141361,0.0501221,2.15684,2.41481,0.279511,0.0052164,8758.38,226512,46360.3,62943.2,743.269,356.406,36.2735,124.486,16.7701,2863.24,480.793,118.669,37636.4,4002.83,6114.21,157.519,10.9633,1.19241,26.3002,392.611,37.8298,5.4794,0.156263
setup,0,2007-12-23 23:00:00,0,0.423127,9.93073,0.0494995,0,0.0324646,0.00884494,0.00737023,0.013569,0.0144309,1.12054e-06,0,0,0,0.70046,0.195562,0.00860581,0.0125501,0.0141439,0.0498639,2.18466,2.4224,0.285052,0.00506442,8759.15,226503,46355,62939.5,743.437,355.038,36.2761,123.704,16.6975,2863.84,480.789,118.655,37636.4,4002.42,6114.03,157.575,10.9221,1.19252,26.166,393.443,37.8371,5.47941,0.157412
setup,0,2007-12-24 23:00:00,0,0.375947,9.93054,0.0491581,0,0.0324934,0.00888234,0.0083698,0.0155935,0.0147438,1.14132e-06,0,0,0,0.700273,0.195291,0.00872696,0.0125382,0.0137959,0.050649,2.1967,2.4214,0.285078,0.00498243,8760.02,226495,46349.6,62935.2,743.608,353.676,36.2894,122.882,16.6134,2864.45,480.785,118.642,37636.3,4001.87,6113.71,157.631,10.8812,1.19291,26.0185,394.278,37.8446,5.47942,0.156553
setup,0,2007-12-25 23:00:00,0,0.342662,10.0174,0.0488305,0,0.0325225,0.00889245,0.00840532,0.0157612,0.0148626,1.15135e-06,0,0,0,0.700091,0.195051,0.00865142,0.0125203,0.0139497,0.0509723,2.21415,2.43445,0.284898,0.00498894,8760.96,226486,46344.2,62930.7,743.772,352.318,36.2772,122.052,16.5512,2865.06,480.78,118.628,37636.2,4001.34,6113.31,157.695,10.8402,1.19257,25.8608,395.118,37.852,5.47942,0.156213
setup,0,2007-12-26 23:00:00,0,0.3132,9.95056,0.0486112,0,0.0325516,0.00891898,0.0089378,0.0166329,0.014453,1.14756e-06,0,0,0,0.699916,0.194817,0.00857678,0.0125024,0.0136666,0.0502947,2.20852,2.42836,0.279739,0.00501156,8761.9,226477,46338.9,62925.9,743.824,350.968,36.2603,121.323,16.5664,2865.66,480.775,118.615,37636.1,4000.87,6112.86,157.75,10.7995,1.19208,25.7076,395.968,37.8593,5.47943,0.154926
setup,0,2007-12-27 23:00:00,0,0.295858,9.71196,0.0487378,0,0.0325806,0.00888421,0.00917308,0.0166512,0.0134127,1.13366e-06,0,0,0,0.699739,0.194614,0.00865776,0.0124893,0.0136353,0.0510326,2.17045,2.39569,0.27046,0.00500229,8762.93,226469,46334,62921,743.678,349.633,36.2502,120.847,16.6539,2866.26,480.771,118.602,37636.1,4000.52,6112.4,157.779,10.7592,1.19175,25.5911,396.808,37.8667,5.47944,0.15327
setup,0,2007-12-28 23:00:00,0,0.285671,9.32089,0.0490908,0,0.0326097,0.00883911,0.00883691,0.0154029,0.0121151,1.12175e-06,0,0,0,0.699569,0.225905,0.00856302,0.0132046,0.0136571,0.0506713,2.09784,2.33042,0.259056,0.00494687,8763.97,226461,46329.6,62916.7,743.332,348.346,36.2695,120.667,16.7723,2866.86,480.768,118.589,37636,4000.3,6112.02,157.781,10.7206,1.19223,25.525,397.619,37.8739,5.47946,0.151456
setup,0,2007-12-29 23:00:00,0,0.276278,9.19417,0.0494984,0,0.0326383,0.00879978,0.00868088,0.0144194,0.0111967,1.11367e-06,0,0,0,0.699398,0.194196,0.00869005,0.0124592,0.0136351,0.0498047,2.08439,2.30923,0.249934,0.00486965,8765.07,226453,46325.3,62912.8,742.849,347.017,36.3381,120.643,16.889,2867.48,480.766,118.576,37636,4000.1,6111.77,157.74,10.6811,1.19408,25.4955,398.435,37.8815,5.47949,0.149269
setup,0,2007-12-30 23:00:00,0,0.270458,8.74372,0.0499179,0,0.0326663,0.00877818,0.00807868,0.0128101,0.010204,1.11788e-06,0,0,0,0.699223,0.194019,0.00886182,0.0124489,0.0136399,0.0500047,2.01869,2.24327,0.24002,0.00479911,8766.21,226446,46321.4,62908.7,742.067,345.695,36.482,120.913,17.0932,2868.11,480.764,118.563,37635.9,3999.93,6111.49,157.657,10.6423,1.19804,25.507,399.237,37.8894,5.47953,0.148023
setup,0,2007-12-31 23:00:00,0,0.269245,8.35345,0.0503912,0,0.0326935,0.0087761,0.00757098,0.0114429,0.00922034,1.14012e-06,0,0,0,0.699055,0.193859,0.00879763,0.0124315,0.0136416,0.0504819,1.95287,2.16975,0.229799,0.00474356,8767.42,226439,46317.9,62905,741.056,344.387,36.6593,121.495,17.3312,2868.74,480.764,118.551,37635.9,3999.84,6111.25,157.532,10.6042,1.20294,25.5732,400.012,37.8973,5.47959,0.147271
setup,0,2008-01-01 23:00:00,0,0.267538,7.80456,0.0508218,0,0.0327199,0.00879944,0.00706337,0.0101598,0.00827353,1.19846e-06,0,0,0,0.698894,0.193641,0.00865931,0.0124119,0.0136257,0.0485881,1.85724,2.07456,0.219088,0.00463623,8768.6,226432,46315,62901.5,739.885,343.095,36.9079,122.288,17.5983,2869.38,480.766,118.539,37635.9,3999.84,6111.06,157.376,10.5671,1.20983,25.6779,400.758,37.9052,5.47967,0.146765
setup,0,2008-01-02 23:00:00,0,0.264663,7.27046,0.0510398,0,0.032745,0.0088497,0.00655503,0.00903668,0.00747614,1.29676e-06,0,0,0,0.698721,0.193402,0.00906377,0.0124086,0.0136256,0.0306127,1.75858,1.97518,0.209715,0.00448645,8769.74,226426,46312.6,62898.5,738.632,341.821,37.2179,123.226,17.867,2870.02,480.771,118.526,37635.9,3999.87,6110.93,157.199,10.5311,1.21844,25.811,401.488,37.9136,5.47977,0.145715
setup,0,2008-01-03 23:00:00,0,0.220243,6.84016,0.0521038,0,0.0327711,0.00870673,0.0061184,0.00814832,0.00684699,1.42723e-06,0,0,0,0.698531,0.193176,0.00956506,0.0124082,0.0136257,0.0268712,1.67871,1.88858,0.201307,0.00436404,8770.72,226421,46310.5,62895.8,737.308,340.564,37.5664,124.305,18.1345,2870.67,480.777,118.513,37635.9,3999.93,6110.84,157.002,10.496,1.22812,25.9696,402.195,37.9225,5.47991,0.145682
setup,0,2008-01-04 23:00:00,0,0.234493,6.47224,0.0520924,0,0.0327975,0.00877348,0.00575677,0.00743274,0.00635362,1.57374e-06,0,0,0,0.698329,0.193032,0.0099336,0.0124037,0.0136259,0.0303392,1.61085,1.81328,0.193784,0.0042638,8771.92,226416,46308.7,62893.5,735.931,339.323,37.9471,125.499,18.3934,2871.32,480.785,118.5,37635.8,3999.98,6110.79,156.785,10.4618,1.23871,26.1496,402.877,37.9318,5.48006,0.145219
setup,0,2008-01-05 23:00:00,0,0.255113,6.12923,0.0519225,0,0.0328233,0.00890388,0.00545189,0.00686735,0.00596933,1.7257e-06,0,0,0,0.698143,0.192888,0.00963184,0.0123793,0.0136256,0.0328613,1.54636,1.74036,0.187388,0.00416672,8773.29,226411,46307.2,62891.3,734.529,338.096,38.358,126.769,18.6429,2871.98,480.795,118.488,37635.8,4000.04,6110.75,156.555,10.4284,1.25013,26.3445,403.533,37.9409,5.48023,0.144427
setup,0,2008-01-06 23:00:00,0,0.26297,6.07769,0.0530534,0,0.0328495,0.0088332,0.00516789,0.00642138,0.00573617,1.88642e-06,0,0,0,0.697971,0.192716,0.00940452,0.0123571,0.0136259,0.0332605,1.51596,1.69953,0.182253,0.00405874,8774.71,226406,46305.8,62889.7,733.281,336.889,38.6963,128.054,18.7941,2872.63,480.807,118.476,37635.8,4000.1,6110.79,156.333,10.3957,1.2595,26.5526,404.163,37.9497,5.48041,0.143959
setup,0,2008-01-07 23:00:00,0,0.262225,6.09329,0.0532586,0,0.0328764,0.00893248,0.0049704,0.006161,0.00558874,2.03944e-06,0,0,0,0.697802,0.192525,0.00942159,0.0123423,0.0136261,0.0337816,1.5007,1.67504,0.178467,0.00396646,8776.11,226401,46304.2,62888.2,732.184,335.695,38.9702,129.269,18.913,2873.28,480.819,118.465,37635.8,4000.16,6110.89,156.125,10.3634,1.26704,26.7587,404.778,37.9585,5.48061,0.1439
setup,0,2008-01-08 23:00:00,0,0.2392,5.96846,0.0528226,0,0.0329029,0.00907635,0.0048479,0.00599688,0.0054428,2.18087e-06,0,0,0,0.69763,0.192305,0.00957161,0.0123314,0.0136259,0.0411158,1.47391,1.64356,0.175213,0.00390893,8777.23,226397,46302.7,62886.8,731.091,334.509,39.2472,130.469,19.0667,2873.93,480.831,118.453,37635.8,4000.22,6110.97,155.918,10.3315,1.27468,26.9597,405.381,37.9674,5.48081,0.143793
setup,0,2008-01-09 23:00:00,0,0.268607,6.59103,0.0537422,0,0.0329307,0.00909947,0.00434711,0.00572544,0.00573251,2.30041e-06,0,0,0,0.697445,0.192158,0.00990309,0.0123259,0.0136297,0.0444924,1.5176,1.66535,0.17479,0.00385975,8778.54,226391,46300.5,62884.7,730.854,333.388,39.1618,131.039,19.1087,2874.53,480.844,118.442,37635.7,4000.27,6111.07,155.809,10.3006,1.27209,27.1075,405.963,37.976,5.48101,0.144743
setup,0,2008-01-10 23:00:00,0,0.271593,6.80844,0.052784,0,0.032959,0.00926432,0.00402394,0.00548501,0.00588633,2.38928e-06,0,0,0,0.697272,0.191966,0.00969856,0.0123045,0.013632,0.0424468,1.53362,1.68182,0.175017,0.00381095,8779.83,226386,46298.1,62883.7,730.63,332.267,38.9707,131.74,19.1108,2875.12,480.857,118.43,37635.7,4000.32,6111.34,155.72,10.2696,1.26653,27.2563,406.54,37.9843,5.48121,0.146867
setup,0,2008-01-11 23:00:00,0,0.260417,7.23809,0.0540572,0,0.0329876,0.00925122,0.00414576,0.00570624,0.00615397,2.45827e-06,0,0,0,0.697097,0.191783,0.00983656,0.0122933,0.013731,0.0410701,1.60024,1.7441,0.17991,0.00376266,8781.06,226380,46295.3,62882.6,730.638,331.132,38.7391,132.185,19.0225,2875.72,480.868,118.418,37635.7,4000.37,6111.64,155.651,10.238,1.25987,27.3796,407.135,37.9929,5.4814,0.147921
setup,0,2008-01-12 23:00:00,0,0.278365,7.93815,0.0543051,0,0.033018,0.00917619,0.00426898,0.00611921,0.00667319,2.48687e-06,0,0,0,0.696921,0.191647,0.0099031,0.0122799,0.0137424,0.0434564,1.70449,1.84439,0.187514,0.00373998,8782.5,226373,46291.7,62881,730.975,329.984,38.419,132.206,18.8856,2876.32,480.877,118.406,37635.6,4000.38,6111.98,155.643,10.2053,1.25076,27.4411,407.755,38.0015,5.48156,0.149152
setup,0,2008-01-13 23:00:00,0,0.277187,8.00817,0.0534966,0,0.0330477,0.00931015,0.00503606,0.00731023,0.00699601,2.47617e-06,0,0,0,0.696762,0.191469,0.00967595,0.012258,0.0136439,0.041504,1.74347,1.8769,0.190435,0.00373642,8783.91,226366,46287.7,62878.5,731.155,328.829,38.1611,132.216,18.8501,2876.92,480.885,118.395,37635.5,4000.15,6112.2,155.623,10.1723,1.24342,27.4732,408.415,38.0099,5.4817,0.148695
setup,0,2008-01-14 23:00:00,0,0.28364,8.2635,0.0532384,0,0.0330771,0.00934284,0.004845,0.00727917,0.00740841,2.43094e-06,0,0,0,0.696601,0.191305,0.00976219,0.0122453,0.0137003,0.0418971,1.78917,1.92669,0.194514,0.00374196,8785.42,226359,46283.4,62876,731.319,327.671,37.883,132.271,18.7177,2877.52,480.891,118.383,37635.5,3999.8,6112.39,155.603,10.1389,1.23553,27.5113,409.078,38.0183,5.48183,0.14951
setup,0,2008-01-15 23:00:00,0,0.2628,8.70851,0.0529574,0,0.0331072,0.00938052,0.00356333,0.00576027,0.00876925,2.38641e-06,0,0,0,0.696445,0.191038,0.009737,0.0122293,0.0137537,0.0365366,1.86837,1.99857,0.205784,0.00373482,8786.65,226352,46278.5,62872.8,731.812,326.497,37.5824,131.914,18.428,2878.13,480.897,118.371,37635.4,3999.29,6112.48,155.613,10.1048,1.22705,27.5105,409.757,38.0269,5.48195,0.154269
setup,0,2008-01-16 23:00:00,0,0.279298,8.8206,0.0522559,0,0.0331368,0.00936065,0.00568621,0.00949266,0.00925693,2.28171e-06,0,0,0,0.696261,0.190944,0.0103427,0.0122319,0.0136449,0.0408578,1.90028,2.03989,0.209658,0.00375465,8788.2,226344,46273.5,62868.8,732.158,325.326,37.2528,131.659,18.2201,2878.73,480.901,118.36,37635.4,3998.63,6112.4,155.617,10.0707,1.21776,27.5158,410.442,38.036,5.48206,0.15307
setup,0,2008-01-17 23:00:00,0,0.295503,8.73769,0.0514504,0,0.033166,0.00927281,0.00598362,0.010048,0.00908998,2.19912e-06,0,0,0,0.702763,0.190803,0.0101886,0.0122028,0.0136411,0.0406084,1.88484,2.02901,0.208322,0.00382846,8789.85,226337,46268.7,62864.7,732.256,324.171,36.8885,131.704,18.1147,2879.33,480.906,118.349,37635.3,3998.13,6112.23,155.61,10.0371,1.20749,27.5682,411.101,38.0446,5.48216,0.152443
setup,0,2008-01-18 23:00:00,0,0.301621,8.6089,0.0512593,0,0.033194,0.009183,0.00570116,0.00956587,0.00879214,2.1162e-06,0,0,0,0.703017,0.190636,0.010105,0.0121847,0.013651,0.0398677,1.85667,2.00637,0.205741,0.00390374,8791.54,226329,46264.2,62860.9,732.183,323.031,36.4931,131.996,18.0856,2879.92,480.911,118.338,37635.2,3997.8,6112.06,155.589,10.0039,1.19634,27.6528,411.749,38.053,5.48228,0.152901
setup,0,2008-01-19 23:00:00,0,0.298552,8.26111,0.0513332,0,0.0332205,0.00904166,0.00617183,0.0100946,0.00826026,2.02912e-06,0,0,0,0.703293,0.190436,0.0101582,0.0121705,0.013629,0.0379974,1.79839,1.95709,0.200438,0.0039248,8793.19,226322,46260.2,62857.3,731.965,321.903,36.1508,132.437,18.1369,2880.52,480.917,118.327,37635.2,3997.62,6111.92,155.55,9.9714,1.18667,27.751,412.395,38.0615,5.4824,0.151704
setup,0,2008-01-20 23:00:00,0,0.27473,7.98984,0.0518235,0,0.0332455,0.0088803,0.0061333,0.00979621,0.00773733,1.95314e-06,0,0,0,0.70358,0.19018,0.0103977,0.0121615,0.0136272,0.0330906,1.74216,1.90371,0.19438,0.00391702,8794.57,226316,46256.6,62853.9,731.676,320.795,35.8059,133.023,18.2386,2881.11,480.925,118.316,37635.2,3997.54,6111.82,155.506,9.93976,1.1769,27.8657,413.031,38.0701,5.48254,0.150575
setup,0,2008-01-21 23:00:00,0,0.284833,7.8243,0.0520672,0,0.0332696,0.00871899,0.00634807,0.00963972,0.0071217,1.8853e-06,0,0,0,0.703867,0.190041,0.010913,0.01216,0.013631,0.0355646,1.73069,1.90004,0.190758,0.00390175,8796.14,226309,46253.1,62852,731.142,319.686,35.6441,133.802,18.2787,2881.7,480.931,118.305,37635.1,3997.5,6111.95,155.425,9.90791,1.17229,27.999,413.673,38.0792,5.48268,0.148225
setup,0,2008-01-22 23:00:00,0,0.287294,7.44447,0.0524241,0,0.0332933,0.00863155,0.00575109,0.00840659,0.00671808,1.83123e-06,0,0,0,0.704191,0.189915,0.0107473,0.0121396,0.0136296,0.0351164,1.69267,1.85785,0.186846,0.00386923,8797.77,226303,46249.9,62849.1,730.433,318.588,35.5992,134.63,18.4104,2882.29,480.939,118.294,37635.1,3997.39,6111.93,155.305,9.8766,1.17095,28.132,414.333,38.0882,5.48282,0.147055
setup,0,2008-01-23 23:00:00,0,0.289767,7.28465,0.052916,0,0.0333165,0.00864519,0.0058249,0.00823703,0.00631547,1.78228e-06,0,0,0,0.704554,0.189695,0.010551,0.0121184,0.0136264,0.0333553,1.65164,1.81947,0.181803,0.00382575,8799.36,226297,46246.9,62847,729.697,317.493,35.5742,135.582,18.451,2882.9,480.948,118.284,37635.1,3997.34,6112.01,155.189,9.84567,1.17016,28.2889,414.961,38.097,5.48298,0.145351
setup,0,2008-01-24 23:00:00,0,0.278694,6.9466,0.0531387,0,0.0333391,0.0087503,0.00552748,0.00743745,0.0059107,1.75074e-06,0,0,0,0.704929,0.189493,0.0108916,0.0121119,0.0136263,0.0309231,1.62042,1.78953,0.177938,0.00378711,8800.86,226291,46244.2,62844.6,728.762,316.375,35.7112,136.51,18.6214,2883.53,480.957,118.273,37635.1,3997.28,6112.04,155.04,9.81458,1.17393,28.4362,415.614,38.1066,5.48314,0.144325
setup,0,2008-01-25 23:00:00,0,0.23898,6.43227,0.0525845,0,0.0333606,0.00894756,0.00518653,0.00677255,0.00549526,1.73695e-06,0,0,0,0.70532,0.189847,0.0110998,0.0121017,0.0136257,0.0244253,1.54268,1.71461,0.173238,0.00376044,8801.93,226286,46242,62842.2,727.596,315.263,35.959,137.626,18.8283,2884.17,480.968,118.261,37635,3997.25,6112.03,154.864,9.78419,1.1808,28.6032,416.251,38.1164,5.48332,0.144144
setup,0,2008-01-26 23:00:00,0,0.248697,6.02415,0.0540944,0,0.0333825,0.00886857,0.00493564,0.0062439,0.00513389,1.74746e-06,0,0,0,0.705709,0.193022,0.0116398,0.0121007,0.0136256,0.0254697,1.47344,1.64228,0.167876,0.0037458,8803.01,226281,46240.2,62840.1,726.309,314.161,36.2735,138.873,19.0434,2884.82,480.98,118.249,37635,3997.29,6112.01,154.671,9.75455,1.18953,28.7911,416.863,38.1269,5.48351,0.144014
setup,0,2008-01-27 23:00:00,0,0.240601,5.64655,0.0534249,0,0.0334049,0.00902158,0.00471587,0.00580632,0.00483757,1.79796e-06,0,0,0,0.706126,0.193574,0.0117014,0.0120872,0.0136256,0.022929,1.40847,1.57504,0.163158,0.00370482,8803.94,226277,46238.8,62838.2,724.985,313.071,36.6447,140.176,19.246,2885.47,480.994,118.238,37635,3997.35,6112.01,154.462,9.72569,1.19985,28.9906,417.46,38.1374,5.48372,0.143643
setup,0,2008-01-28 23:00:00,0,0.199561,5.31791,0.0561452,0,0.033427,0.00895735,0.0045195,0.00547763,0.00462694,1.89695e-06,0,0,0,0.70656,0.192579,0.0119315,0.0120786,0.0136256,0.0175871,1.34878,1.51273,0.159718,0.00364741,8804.52,226272,46237.7,62836.5,723.667,311.992,37.0601,141.489,19.4252,2886.13,481.01,118.226,37635,3997.41,6112.02,154.246,9.69759,1.2114,29.1952,418.042,38.1482,5.48396,0.143559
setup,0,2008-01-29 23:00:00,0,0.196243,5.04363,0.0563571,0,0.0334511,0.00885237,0.00433287,0.00520433,0.00445881,2.03125e-06,0,0,0,0.707001,0.191788,0.0123893,0.012076,0.0136256,0.0189222,1.2973,1.46043,0.155777,0.0035714,8805.2,226269,46236.9,62835.1,722.388,310.926,37.5137,142.786,19.5699,2886.79,481.027,118.213,37635,3997.47,6112.03,154.03,9.67022,1.22401,29.4018,418.604,38.1594,5.48421,0.142723
setup,0,2008-01-30 23:00:00,0,0.151568,4.84506,0.0559797,0,0.0334751,0.0090487,0.00419918,0.00505008,0.00433209,2.18666e-06,0,0,0,0.707477,0.191885,0.0123808,0.0120605,0.0136256,0.0103685,1.25827,1.4162,0.152733,0.0035187,8805.35,226265,46236.2,62833.7,721.133,309.869,37.987,144.07,19.7022,2887.46,481.045,118.199,37635,3997.53,6112.05,153.813,9.64339,1.23717,29.6094,419.16,38.1706,5.48447,0.14256
setup,0,2008-01-31 23:00:00,0,0.144939,5.09188,0.0565182,0,0.0335011,0.00919973,0.00410324,0.00491625,0.00427886,2.34102e-06,0,0,0,0.707951,0.190173,0.0130284,0.0120627,0.0136307,0.0134,1.28009,1.42729,0.15105,0.00350981,8805.67,226261,46235.2,62832.9,720.022,308.828,38.3038,145.438,19.7153,2888.11,481.063,118.184,37635,3997.59,6112.16,153.603,9.61686,1.24593,29.8361,419.701,38.1822,5.48473,0.142854
setup,0,2008-02-01 23:00:00,0,0.170967,5.64632,0.0554884,0,0.0335274,0.00945959,0.0040707,0.00487447,0.00434994,2.4785e-06,0,0,0,0.708475,0.191012,0.0128379,0.0120419,0.0136274,0.0156374,1.34976,1.48235,0.152556,0.00350348,8806.22,226256,46233.7,62832.2,719.269,307.799,38.4025,146.628,19.626,2888.75,481.08,118.17,37635,3997.64,6112.36,153.419,9.59017,1.24856,30.0571,420.246,38.1935,5.48497,0.142455
setup,0,2008-02-02 23:00:00,0,0.250941,6.33283,0.0577619,0,0.0335559,0.00934086,0.00398731,0.00501582,0.00463807,2.59743e-06,0,0,0,0.709054,0.190428,0.0126346,0.0120209,0.0136299,0.0269741,1.41559,1.53421,0.154197,0.00346736,8807.63,226251,46231.5,62831.3,719.269,306.804,38.2252,147.165,19.4564,2889.36,481.096,118.157,37635,3997.68,6112.62,153.334,9.56376,1.24343,30.2114,420.778,38.204,5.48521,0.141951
setup,0,2008-02-03 23:00:00,0,0.286122,6.95897,0.0582517,0,0.0335846,0.00942138,0.00335287,0.00450045,0.00503471,2.70404e-06,0,0,0,0.709727,0.190904,0.011845,0.0119844,0.0136311,0.0290673,1.501,1.61115,0.158339,0.00342561,8809.21,226246,46228.6,62830,719.646,305.81,37.9034,147.291,19.2921,2889.96,481.11,118.148,37634.9,3997.72,6112.9,153.306,9.53672,1.23429,30.3046,421.339,38.2136,5.48543,0.144582
setup,0,2008-02-04 23:00:00,0,0.226956,7.0727,0.0562823,0,0.0336129,0.00966194,0.00396788,0.00547173,0.0052315,2.77123e-06,0,0,0,0.710451,0.189723,0.0117229,0.0119659,0.013626,0.0204331,1.52273,1.63858,0.162083,0.00343145,8810.17,226240,46225.6,62828.3,719.876,304.818,37.5727,147.483,19.2423,2890.55,481.124,118.137,37634.9,3997.76,6113.15,153.296,9.50944,1.22493,30.3837,421.913,38.2231,5.48564,0.146009
setup,0,2008-02-05 23:00:00,0,0.229979,7.00427,0.0576289,0,0.0336419,0.00956248,0.00429051,0.00590655,0.00528893,2.79793e-06,0,0,0,0.711176,0.188434,0.0124201,0.0119684,0.0136265,0.0234009,1.52664,1.64566,0.162534,0.00344743,8811.36,226234,46222.6,62826.3,719.901,303.827,37.2959,147.819,19.2459,2891.14,481.137,118.125,37634.9,3997.7,6113.35,153.268,9.48222,1.21709,30.4679,422.492,38.2331,5.48585,0.145731
setup,0,2008-02-06 23:00:00,0,0.242085,7.14878,0.0572315,0,0.0336709,0.00968372,0.00420199,0.0058642,0.00541107,2.77806e-06,0,0,0,0.719783,0.189313,0.0125261,0.011948,0.0136277,0.0235139,1.54981,1.66979,0.163531,0.00345777,8812.57,226228,46219.4,62824.4,719.923,302.847,36.9986,148.189,19.2059,2891.72,481.15,118.114,37634.8,3997.59,6113.56,153.24,9.45519,1.2087,30.5552,423.077,38.2428,5.48605,0.146122
setup,0,2008-02-07 23:00:00,0,0.245909,7.70848,0.0572129,0,0.0336997,0.00971221,0.00397301,0.00573708,0.00583783,2.72111e-06,0,0,0,0.721138,0.188753,0.0125778,0.0119329,0.0136263,0.0240605,1.63199,1.7556,0.169407,0.0034773,8813.85,226221,46215.6,62822.5,720.245,301.859,36.6243,148.244,19.0532,2892.31,481.161,118.102,37634.8,3997.39,6113.83,153.244,9.42752,1.19818,30.6105,423.683,38.2526,5.48623,0.147771
setup,0,2008-02-08 23:00:00,0,0.247847,7.77293,0.0571001,0,0.0337281,0.00967782,0.00471711,0.00683154,0.00604051,2.6467e-06,0,0,0,0.722573,0.188637,0.0126156,0.0119174,0.0136257,0.0240223,1.66573,1.78288,0.171911,0.00351163,8815.12,226215,46211.5,62820,720.435,300.87,36.2909,148.31,18.9928,2892.9,481.171,118.091,37634.8,3997.04,6113.99,153.233,9.39962,1.18884,30.652,424.321,38.2623,5.4864,0.147606
setup,0,2008-02-09 23:00:00,0,0.266512,7.73606,0.0573636,0,0.0337561,0.00956429,0.00485925,0.00706376,0.00608454,2.56152e-06,0,0,0,0.724088,0.188459,0.0127103,0.0119033,0.0136259,0.0265632,1.66879,1.7903,0.172626,0.00356417,8816.61,226208,46207.5,62817.2,720.44,299.887,35.9832,148.567,18.9455,2893.48,481.181,118.08,37634.7,3996.67,6114.08,153.204,9.37183,1.18021,30.7202,424.949,38.272,5.48656,0.147524
setup,0,2008-02-10 23:00:00,0,0.262873,7.32519,0.0577641,0,0.0337832,0.00944084,0.00529712,0.00750897,0.00578661,2.46519e-06,0,0,0,0.725698,0.188519,0.012585,0.0118834,0.0136256,0.0252085,1.61693,1.7478,0.169186,0.00360155,8817.99,226202,46204,62814.3,720.132,298.918,35.7751,149.097,18.9969,2894.07,481.192,118.07,37634.7,3996.38,6114.06,153.141,9.34465,1.17437,30.8256,425.563,38.2815,5.48674,0.14604
setup,0,2008-02-11 23:00:00,0,0.257756,7.15771,0.0583455,0,0.0338094,0.0093015,0.0053737,0.0072495,0.00545693,2.37551e-06,0,0,0,0.727387,0.187997,0.0127954,0.011872,0.0136258,0.0248963,1.58287,1.72278,0.165888,0.00360401,8819.36,226196,46200.8,62812.3,719.703,297.932,35.6386,149.784,18.9723,2894.67,481.203,118.059,37634.7,3996.22,6114.13,153.067,9.31748,1.17053,30.9633,426.148,38.2914,5.48692,0.144028
setup,0,2008-02-12 23:00:00,0,0.253625,6.58318,0.0586356,0,0.0338352,0.00918919,0.00499245,0.00644292,0.00507198,2.29993e-06,0,0,0,0.729161,0.18789,0.0129327,0.0118586,0.0136256,0.0242795,1.52297,1.6712,0.162199,0.00358299,8820.69,226190,46198.2,62809.9,718.927,296.935,35.7143,150.601,19.0824,2895.3,481.215,118.048,37634.6,3996.06,6114.09,152.942,9.2906,1.17263,31.108,426.75,38.3017,5.48711,0.14308
setup,0,2008-02-13 23:00:00,0,0.261687,6.04272,0.0583211,0,0.0338605,0.00926152,0.00469686,0.00589397,0.00471839,2.24316e-06,0,0,0,0.731023,0.187708,0.0130992,0.0118458,0.0136259,0.0255065,1.43847,1.59124,0.157716,0.00354638,8822.12,226185,46196.2,62807.6,717.943,295.947,35.9125,151.602,19.2017,2895.95,481.229,118.037,37634.6,3996,6114.03,152.795,9.26457,1.17815,31.2763,427.32,38.3121,5.48732,0.142551
setup,0,2008-02-14 23:00:00,0,0.252537,5.61808,0.0584327,0,0.0338847,0.00931304,0.00448309,0.00549736,0.00442803,2.22493e-06,0,0,0,0.732986,0.187691,0.0131217,0.0118294,0.0136256,0.0237821,1.36568,1.51845,0.15333,0.00351302,8823.43,226181,46194.6,62805.7,716.855,294.97,36.1855,152.704,19.336,2896.6,481.244,118.026,37634.6,3996.02,6113.98,152.635,9.23933,1.18576,31.4595,427.867,38.3226,5.48755,0.1421
setup,0,2008-02-15 23:00:00,0,0.235636,5.26333,0.0575166,0,0.0339087,0.00941237,0.00430338,0.00517069,0.00419483,2.24843e-06,0,0,0,0.735037,0.187208,0.0133643,0.0118182,0.0136269,0.0219376,1.30453,1.45584,0.149403,0.00347164,8824.6,226177,46193.3,62804,715.73,294.005,36.5117,153.859,19.4675,2897.25,481.262,118.015,37634.6,3996.07,6113.95,152.462,9.21489,1.19485,31.651,428.4,38.3333,5.4878,0.141962
setup,0,2008-02-16 23:00:00,0,0.174519,4.95401,0.0598612,0,0.0339327,0.00925982,0.00415463,0.0049352,0.00401568,2.31338e-06,0,0,0,0.737177,0.186847,0.0136278,0.0118073,0.013626,0.0137455,1.2503,1.39951,0.145559,0.00342805,8825.14,226173,46192.4,62802.5,714.595,293.051,36.8857,155.023,19.5973,2897.91,481.28,118.003,37634.6,3996.12,6113.93,152.281,9.19121,1.20527,31.8447,428.93,38.3442,5.48807,0.141776
setup,0,2008-02-17 23:00:00,0,0.138116,4.71573,0.0592556,0,0.0339577,0.00947043,0.00401965,0.00473175,0.0038662,2.39647e-06,0,0,0,0.739378,0.185958,0.0143938,0.011808,0.0136258,0.010848,1.20779,1.35455,0.141677,0.00337472,8825.47,226169,46191.6,62801.2,713.471,292.109,37.295,156.191,19.7104,2898.57,481.3,117.988,37634.6,3996.17,6113.92,152.095,9.16828,1.21666,32.0396,429.451,38.3557,5.48835,0.141016
setup,0,2008-02-18 23:00:00,0,0.0852333,4.53827,0.0586999,0,0.0339824,0.00965687,0.00390693,0.0046023,0.00375825,2.50043e-06,0,0,0,0.741666,0.186023,0.0147565,0.0117989,0.0136256,0.00347006,1.17433,1.3179,0.138999,0.00331877,8825.22,226166,46191.1,62800,712.374,291.176,37.7287,157.345,19.7993,2899.23,481.321,117.973,37634.6,3996.22,6113.91,151.908,9.14596,1.22874,32.2345,429.967,38.3674,5.48864,0.141011
setup,0,2008-02-19 23:00:00,0,0.0840998,4.42045,0.0580671,0,0.0340086,0.00975027,0.00382268,0.0045024,0.00368225,2.6053e-06,0,0,0,0.744024,0.185461,0.0155338,0.0117992,0.0136258,0.00525412,1.15174,1.29213,0.137235,0.00328117,8825.12,226163,46190.6,62798.8,711.295,290.253,38.1758,158.492,19.8668,2899.9,481.342,117.956,37634.6,3996.28,6113.9,151.72,9.1242,1.2412,32.4297,430.471,38.3797,5.48893,0.141065
setup,0,2008-02-20 23:00:00,0,0.0989733,4.33545,0.0602325,0,0.034036,0.00960625,0.00376818,0.00443588,0.0036257,2.70698e-06,0,0,0,0.746505,0.186137,0.0155205,0.0117808,0.0136257,0.00644894,1.13539,1.26977,0.135553,0.00326388,8825.11,226159,46190.2,62797.7,710.23,289.337,38.6294,159.632,19.9217,2900.57,481.364,117.94,37634.6,3996.33,6113.89,151.532,9.10281,1.25384,32.6248,430.968,38.3918,5.48923,0.141024
setup,0,2008-02-21 23:00:00,0,0.103479,4.24963,0.0597374,0,0.0340628,0.00972583,0.00372762,0.00437417,0.00356114,2.80018e-06,0,0,0,0.749112,0.185966,0.015561,0.0117637,0.0136262,0.00678307,1.11925,1.24919,0.133322,0.00325333,8825.12,226156,46189.8,62796.7,709.179,288.43,39.0899,160.759,19.975,2901.24,481.386,117.925,37634.6,3996.38,6113.88,151.343,9.08178,1.26667,32.8185,431.461,38.4039,5.48954,0.140793
setup,0,2008-02-22 23:00:00,0,0.0816793,4.16652,0.060203,0,0.034088,0.00963735,0.00369897,0.00433487,0.00350852,2.89622e-06,0,0,0,0.751841,0.185637,0.0156785,0.0117484,0.0136256,0.00351785,1.10324,1.2291,0.131433,0.00324908,8824.89,226153,46189.6,62795.7,708.144,287.531,39.5578,161.87,20.0263,2901.91,481.408,117.909,37634.6,3996.44,6113.87,151.154,9.06115,1.27972,33.01,431.952,38.416,5.48985,0.141023
setup,0,2008-02-23 23:00:00,0,0.0593656,4.08978,0.0601561,0,0.0341134,0.00964794,0.00366712,0.00428324,0.00347494,2.9906e-06,0,0,0,0.754675,0.185013,0.0161139,0.0117401,0.0136256,0.00130961,1.08856,1.21376,0.130562,0.00323951,8824.48,226150,46189.4,62794.8,707.128,286.64,40.0333,162.963,20.0693,2902.58,481.431,117.893,37634.6,3996.49,6113.87,150.967,9.04097,1.29298,33.1992,432.441,38.4283,5.49017,0.14055
setup,0,2008-02-24 23:00:00,0,0.053076,4.03057,0.0619908,0,0.0341403,0.00942344,0.00363397,0.00424466,0.00343758,3.08658e-06,0,0,0,0.757623,0.184849,0.0167981,0.0118177,0.0136256,0.0012348,1.07714,1.19927,0.128954,0.00322789,8824.04,226147,46189.2,62793.9,706.13,285.758,40.5133,164.042,20.1029,2903.25,481.455,117.876,37634.6,3996.54,6113.86,150.781,9.02159,1.30637,33.3871,432.926,38.4408,5.49048,0.140838
setup,0,2008-02-25 23:00:00,0,0.0532441,3.982,0.0617355,0,0.0341669,0.00953596,0.0035973,0.00420388,0.00340177,3.18516e-06,0,0,0,0.7607,0.184851,0.0169876,0.0117928,0.0136278,0.00112581,1.06717,1.18744,0.127482,0.00320812,8823.59,226144,46189.1,62793.1,705.155,284.884,40.9963,165.105,20.1259,2903.92,481.478,117.859,37634.6,3996.59,6113.84,150.597,9.00255,1.31985,33.5737,433.406,38.4533,5.49081,0.140174
setup,0,2008-02-26 23:00:00,0,0.0522246,4.00565,0.0617374,0,0.0341932,0.00963995,0.00356895,0.00418338,0.00337807,3.29149e-06,0,0,0,0.763913,0.184627,0.0172615,0.0117969,0.0136328,0.00112822,1.06548,1.18298,0.126693,0.00319914,8823.14,226141,46189,62792.4,704.215,284.02,41.4376,166.19,20.123,2904.59,481.502,117.842,37634.6,3996.64,6113.86,150.418,8.98396,1.33217,33.7635,433.879,38.4658,5.49113,0.140161
setup,0,2008-02-27 23:00:00,0,0.0519006,4.09774,0.0612027,0,0.0342202,0.00972781,0.00355491,0.00415577,0.0033654,3.38978e-06,0,0,0,0.767264,0.184411,0.0174783,0.0117846,0.0136641,0.00110626,1.07407,1.18848,0.126461,0.00320382,8822.7,226138,46188.8,62791.9,703.325,283.167,41.8035,167.31,20.0905,2905.25,481.526,117.825,37634.6,3996.69,6113.9,150.243,8.96568,1.34238,33.9589,434.348,38.4783,5.49146,0.140269
setup,0,2008-02-28 23:00:00,0,0.0590629,4.24859,0.063868,0,0.034248,0.00956039,0.00354222,0.00412257,0.00336623,3.47517e-06,0,0,0,0.770758,0.184202,0.0177295,0.011779,0.0136927,0.0023024,1.09274,1.20213,0.126182,0.00320379,8822.34,226135,46188.4,62791.6,702.518,282.324,42.072,168.441,20.0266,2905.91,481.55,117.808,37634.6,3996.74,6113.98,150.072,8.94768,1.34986,34.1583,434.818,38.4907,5.49178,0.139828
setup,0,2008-02-29 23:00:00,0,0.0623429,4.21116,0.0634881,0,0.0457347,0.00978633,0.00355097,0.00413245,0.00333824,3.54457e-06,0,0,0,0.774405,0.184086,0.0173574,0.0116557,0.0136666,0.00182139,1.09269,1.20007,0.125111,0.00320277,8821.99,226132,46188.1,62791,701.71,281.485,42.3666,169.512,20.004,2906.58,481.573,117.792,37634.6,3996.78,6114.03,149.896,8.92936,1.35809,34.3496,435.287,38.503,5.4921,0.140256
setup,0,2008-03-01 23:00:00,0,0.0670183,4.13768,0.0636398,0,0.0469041,0.00988574,0.00354808,0.00412118,0.00331215,3.59892e-06,0,0,0,0.778203,0.183741,0.0179384,0.0117227,0.013635,0.00320728,1.08319,1.19136,0.12403,0.00319687,8821.73,226129,46187.8,62790.3,700.887,280.652,42.7019,170.546,19.9969,2907.24,481.597,117.775,37634.6,3996.83,6114.06,149.72,8.91179,1.36748,34.5345,435.754,38.5153,5.49242,0.13957
setup,0,2008-03-02 23:00:00,0,0.0814578,4.14067,0.0631419,0,0.036878,0.0100277,0.00352167,0.00408905,0.00330478,3.6357e-06,0,0,0,0.782161,0.183706,0.0176743,0.0116245,0.0136817,0.00448339,1.07834,1.18812,0.124112,0.00317503,8821.61,226126,46187.5,62789.7,700.096,279.828,43.0164,171.575,19.9697,2907.9,481.621,117.759,37634.6,3996.87,6114.1,149.553,8.8941,1.37628,34.7179,436.222,38.5276,5.49275,0.139466
setup,0,2008-03-03 23:00:00,0,0.0868475,4.2669,0.0647011,0,0.049626,0.00990539,0.00348866,0.00406587,0.0033083,3.66616e-06,0,0,0,0.786287,0.183482,0.0177088,0.0116062,0.0136727,0.00500726,1.08867,1.19565,0.12377,0.00314884,8821.54,226122,46187.1,62789.2,699.404,279.017,43.2371,172.598,19.9024,2908.56,481.645,117.743,37634.5,3996.92,6114.17,149.398,8.87668,1.38246,34.9023,436.671,38.5396,5.49307,0.139475
setup,0,2008-03-04 23:00:00,0,0.0711816,4.24969,0.0644871,0,0.0483098,0.00997872,0.00348608,0.00408291,0.00329276,3.6863e-06,0,0,0,0.790575,0.183142,0.0178851,0.0115907,0.0136792,0.00253923,1.08734,1.19313,0.122907,0.00313427,8821.28,226119,46186.7,62788.7,698.725,278.211,43.4657,173.569,19.8666,2909.22,481.669,117.727,37634.5,3996.96,6114.23,149.244,8.85952,1.38888,35.0798,437.129,38.5516,5.4934,0.139623
setup,0,2008-03-05 23:00:00,0,0.0664543,4.15447,0.0642459,0,0.0453837,0.0101676,0.00347875,0.00407124,0.00325561,3.68876e-06,0,0,0,0.795012,0.182621,0.0186663,0.0116341,0.0136429,0.00299091,1.0757,1.18285,0.121511,0.0031165,8821.04,226116,46186.4,62788,698.013,277.411,43.7482,174.506,19.8565,2909.89,481.693,117.711,37634.5,3997.01,6114.27,149.088,8.8431,1.39682,35.2515,437.59,38.5639,5.49373,0.13932
setup,0,2008-03-06 23:00:00,0,0.0525572,4.0932,0.0637418,0,0.0404883,0.0102845,0.00347033,0.00407444,0.00321982,3.68353e-06,0,0,0,0.799614,0.182539,0.0186292,0.0115715,0.0136275,0.00102668,1.06433,1.17213,0.120411,0.00310221,8820.61,226113,46186.1,62787.3,697.29,276.619,44.0568,175.428,19.8488,2910.55,481.717,117.694,37634.5,3997.05,6114.29,148.935,8.82673,1.40551,35.4199,438.053,38.5761,5.49406,0.139628
setup,0,2008-03-07 23:00:00,0,0.0496868,4.53429,0.0641181,0,0.0400874,0.0102336,0.00345146,0.00403972,0.00323662,3.66995e-06,0,0,0,0.804371,0.182179,0.020019,0.0117004,0.0136358,0.00143227,1.10856,1.21038,0.12076,0.00310971,8820.19,226110,46185.4,62787,696.833,275.844,44.0859,176.347,19.7345,2911.2,481.74,117.678,37634.5,3997.1,6114.42,148.813,8.81165,1.40635,35.5927,438.509,38.5884,5.49438,0.13952
setup,0,2008-03-08 23:00:00,0,0.115335,5.7777,0.0634966,0,0.0370654,0.0102957,0.00315137,0.00415208,0.00380351,3.6395e-06,0,0,0,0.809302,0.182165,0.0200408,0.0116441,0.0136923,0.0106147,1.22486,1.30107,0.125193,0.00309692,8820.52,226105,46183.4,62785.7,697.95,275.145,43.4266,175.922,19.5343,2911.78,481.763,117.661,37634.5,3997.13,6114.57,148.864,8.79726,1.38783,35.6406,438.968,38.5996,5.49469,0.14052
setup,0,2008-03-09 23:00:00,0,0.165043,5.53524,0.065534,0,0.0481889,0.0100213,0.00342003,0.0045993,0.00395205,3.62165e-06,0,0,0,0.814466,0.18274,0.0187026,0.01151,0.0136307,0.0142398,1.20024,1.2875,0.123814,0.0030627,8821.22,226100,46181.7,62784.8,698.561,274.451,42.8435,176.004,19.4843,2912.36,481.786,117.648,37634.4,3997.17,6114.74,148.889,8.78207,1.3715,35.7118,439.416,38.6103,5.495,0.140563
setup,0,2008-03-10 23:00:00,0,0.127467,5.44952,0.0645372,0,0.0440545,0.0101303,0.0037408,0.0050694,0.00396172,3.60183e-06,0,0,0,0.819832,0.182223,0.018569,0.0114881,0.0136288,0.00817748,1.19941,1.2872,0.122741,0.00305243,8821.45,226096,46180,62783.7,698.93,273.769,42.3064,176.355,19.453,2912.93,481.809,117.635,37634.4,3997.2,6114.88,148.881,8.76711,1.35648,35.8138,439.874,38.6206,5.49531,0.140595
setup,0,2008-03-11 23:00:00,0,0.100796,5.32861,0.0632625,0,0.0379269,0.0102239,0.00376042,0.00508591,0.00391042,3.55202e-06,0,0,0,0.825345,0.181573,0.0193729,0.0114835,0.0136267,0.0058293,1.18723,1.27902,0.121599,0.00304785,8821.51,226092,46178.5,62782.5,699.132,273.098,41.85,176.847,19.4388,2913.51,481.832,117.62,37634.4,3997.24,6114.99,148.859,8.75273,1.34374,35.9289,440.338,38.6312,5.49563,0.140907
setup,0,2008-03-12 23:00:00,0,0.0844505,5.26268,0.0621814,0,0.0352743,0.0101729,0.003729,0.00505286,0.0038891,3.46848e-06,0,0,0,0.831026,0.181344,0.0198991,0.0114734,0.0136336,0.00390984,1.17853,1.2727,0.121794,0.00304351,8821.42,226087,46177,62781.3,699.247,272.437,41.4477,177.406,19.423,2914.08,481.855,117.605,37634.4,3997.28,6115.11,148.833,8.73885,1.33254,36.05,440.8,38.642,5.49594,0.140975
setup,0,2008-03-13 23:00:00,0,0.0866691,5.20024,0.0637987,0,0.0352964,0.00995178,0.00378852,0.00510451,0.00384787,3.35855e-06,0,0,0,0.83688,0.181165,0.0205222,0.011478,0.0136278,0.00474567,1.17155,1.26531,0.120827,0.00304646,8821.39,226083,46175.6,62780,699.299,271.788,41.1016,177.995,19.415,2914.65,481.878,117.589,37634.4,3997.32,6115.21,148.804,8.72562,1.32293,36.1736,441.259,38.6529,5.49626,0.140648
setup,0,2008-03-14 23:00:00,0,0.0844804,5.2029,0.0636225,0,0.0401164,0.00994924,0.00363443,0.00493212,0.00382178,3.24784e-06,0,0,0,0.842925,0.180965,0.0206254,0.0114466,0.0136328,0.00401176,1.17005,1.26358,0.119958,0.00305027,8821.32,226079,46174.2,62778.9,699.33,271.149,40.7732,178.606,19.3969,2915.22,481.901,117.573,37634.3,3997.36,6115.34,148.776,8.71261,1.31383,36.299,441.712,38.6637,5.49658,0.140838
setup,0,2008-03-15 23:00:00,0,0.0933352,5.35539,0.0636173,0,0.0439556,0.00991633,0.00345327,0.00470395,0.0038001,3.13227e-06,0,0,0,0.849157,0.180799,0.0212706,0.0114627,0.0136331,0.00570596,1.18712,1.27877,0.119803,0.00305237,8821.36,226075,46172.6,62778.2,699.424,270.515,40.3944,179.213,19.3361,2915.79,481.924,117.558,37634.3,3997.4,6115.52,148.757,8.7001,1.30334,36.4237,442.16,38.6745,5.49689,0.14122
setup,0,2008-03-16 23:00:00,0,0.129963,7.13785,0.0637054,0,0.0460644,0.00988894,0.00322826,0.00496971,0.00503481,3.05608e-06,0,0,0,0.855588,0.180692,0.0211776,0.0114162,0.0136642,0.0100579,1.35566,1.41157,0.125654,0.00304888,8821.79,226068,46169.2,62776.2,701.633,269.876,39.1279,177.923,19.1018,2916.36,481.945,117.543,37634.3,3997.43,6115.77,148.952,8.68694,1.26788,36.3996,442.614,38.6853,5.49718,0.143316
setup,0,2008-03-17 23:00:00,0,0.191319,6.89413,0.0633184,0,0.0416515,0.0098719,0.00275235,0.00442296,0.00521383,2.91198e-06,0,0,0,0.86224,0.180632,0.0210655,0.0113943,0.0136709,0.0173811,1.34785,1.42648,0.126999,0.00303477,8822.82,226063,46166.1,62774.6,703.076,269.235,38.055,177.36,18.9987,2916.94,481.966,117.53,37634.2,3997.46,6116.03,149.103,8.67341,1.23795,36.3973,443.086,38.6959,5.49747,0.146585
setup,0,2008-03-18 23:00:00,0,0.21114,6.9161,0.0624261,0,0.035618,0.00984144,0.0041713,0.00637755,0.00509881,2.80386e-06,0,0,0,0.869126,0.180476,0.0207412,0.0113691,0.0136534,0.0183049,1.38681,1.45578,0.129097,0.00303678,8823.94,226057,46162.9,62772.6,704.166,268.598,37.0626,177.138,18.926,2917.51,481.985,117.518,37634.2,3997.49,6116.24,149.195,8.65959,1.21033,36.4255,443.595,38.706,5.49774,0.145985
setup,0,2008-03-19 23:00:00,0,0.230127,6.84906,0.0618056,0,0.035615,0.00980806,0.00302495,0.00473697,0.00515297,2.70082e-06,0,0,0,0.876213,0.180331,0.0209966,0.0113534,0.0137341,0.020482,1.38571,1.47363,0.133499,0.00302648,8825.25,226051,46159.8,62770.8,705.03,267.958,36.262,176.996,18.8282,2918.1,482.004,117.507,37634.2,3997.52,6116.47,149.29,8.64565,1.18816,36.4534,444.088,38.7162,5.49801,0.148872
setup,0,2008-03-20 23:00:00,0,0.210915,8.82284,0.061013,0,0.0356337,0.0098053,0.00471054,0.00745642,0.00634093,2.61559e-06,0,0,0,0.883503,0.180118,0.0212101,0.011337,0.0136752,0.0171751,1.74148,1.79374,0.15381,0.00307937,8826.31,226043,46154.5,62769.2,706.935,267.273,35.434,175.357,18.4237,2918.67,482.015,117.497,37634.1,3997.16,6116.96,149.477,8.62829,1.16546,36.2668,444.759,38.7261,5.49819,0.148214
setup,0,2008-03-21 23:00:00,0,0.248727,9.64079,0.0603097,0,0.0356532,0.00981493,0.00397956,0.00676119,0.00843751,2.51692e-06,0,0,0,0.890977,0.18007,0.021803,0.0113266,0.0137305,0.0233987,1.93864,1.99247,0.182564,0.00318588,8827.88,226034,46147.6,62766.4,709.061,266.553,34.7889,172.788,18.0816,2919.25,482.021,117.485,37634,3995.51,6117.28,149.748,8.60908,1.14807,35.8829,445.537,38.7363,5.49831,0.151429
setup,0,2008-03-22 23:00:00,0,0.261267,9.42098,0.0597827,0,0.0356717,0.00977727,0.00506642,0.00902079,0.00928451,2.3827e-06,0,0,0,0.898685,0.179916,0.0214833,0.0113017,0.0136349,0.0237346,1.92322,2.00606,0.193877,0.00335385,8829.5,226026,46141.1,62761.4,710.654,265.843,34.1963,170.684,17.9121,2919.83,482.026,117.476,37633.9,3993.88,6117.04,150.011,8.58995,1.13214,35.5865,446.235,38.7461,5.49842,0.152155
setup,0,2008-03-23 23:00:00,0,0.26583,10.543,0.0591105,0,0.0356905,0.00971654,0.00472783,0.00911238,0.0128281,2.30771e-06,0,0,0,0.906594,0.179767,0.0217843,0.0112866,0.0137804,0.0239676,2.13684,2.21924,0.222784,0.00358526,8831.17,226016,46133.4,62757.8,712.728,265.11,33.6172,167.813,17.4877,2920.4,482.027,117.466,37633.8,3991.97,6116.86,150.363,8.56901,1.11673,35.1676,446.991,38.7558,5.49848,0.155722
setup,0,2008-03-24 23:00:00,0,0.266649,11.8523,0.0581508,0,0.0357092,0.00966503,0.00436003,0.0095916,0.019645,2.21044e-06,0,0,0,0.914702,0.179598,0.0220972,0.0112716,0.0137578,0.0236552,2.4062,2.49825,0.27672,0.00395808,8832.83,226006,46124,62753.3,716.414,264.353,33.1086,162.309,17.0574,2920.98,482.022,117.457,37633.7,3989.19,6116.3,151.076,8.54637,1.10344,34.2079,447.917,38.7654,5.49848,0.162731
setup,0,2008-03-25 23:00:00,0,0.269703,13.3988,0.0572613,0,0.0357271,0.00958306,0.00854002,0.0209753,0.0275021,2.10341e-06,0,0,0,0.923001,0.179438,0.0225418,0.0112584,0.0137591,0.023837,2.70215,2.80572,0.326058,0.00451529,8834.52,225993,46113.4,62746.6,722.895,263.578,32.6374,152.769,16.6412,2921.55,482.013,117.447,37633.5,3985.99,6114.79,152.437,8.52242,1.09124,32.3005,449.148,38.7751,5.49843,0.163698
setup,0,2008-03-26 23:00:00,0,0.270314,13.0397,0.0568582,0,0.035744,0.00939503,0.0082721,0.0220424,0.0297387,2.01073e-06,0,0,0,0.931495,0.179268,0.0229185,0.0112441,0.0137276,0.0236522,2.63104,2.76885,0.346508,0.00508994,8836.22,225981,46104.8,62737.9,728.406,262.808,32.2247,144.163,16.4575,2922.13,482.002,117.438,37633.4,3984.34,6112.53,153.721,8.49859,1.08073,30.5266,450.315,38.7847,5.49835,0.168929
setup,0,2008-03-27 23:00:00,0,0.268764,12.3955,0.0562102,0,0.03576,0.00916783,0.0110418,0.0298717,0.0284843,1.92326e-06,0,0,0,0.940177,0.179098,0.0233701,0.0112309,0.0136275,0.0232954,2.55447,2.74395,0.341827,0.00543511,8837.9,225970,46097.1,62729.9,732.152,262.051,31.8364,137.817,16.3899,2922.7,481.991,117.429,37633.3,3983.24,6110.57,154.635,8.47532,1.0708,29.1963,451.437,38.7944,5.49828,0.167633
setup,0,2008-03-28 23:00:00,0,0.268048,11.8106,0.056076,0,0.0357752,0.00891858,0.0119463,0.0312229,0.0257584,1.84652e-06,0,0,0,0.949047,0.178931,0.0238264,0.0112175,0.0136269,0.0230726,2.48026,2.69812,0.331898,0.00563419,8839.59,225959,46090.1,62722.5,734.555,261.312,31.465,133.244,16.4251,2923.28,481.98,117.419,37633.2,3982.49,6108.97,155.26,8.45291,1.06125,28.2299,452.506,38.8041,5.4982,0.165447
setup,0,2008-03-29 23:00:00,0,0.26701,11.1509,0.055958,0,0.0357898,0.00874,0.0121127,0.0299935,0.0222623,1.77671e-06,0,0,0,0.958102,0.178758,0.0242759,0.011204,0.0136303,0.0227793,2.38365,2.61756,0.316194,0.00569105,8841.26,225949,46083.8,62715.8,735.931,260.596,31.1266,130.075,16.5498,2923.85,481.971,117.41,37633.1,3981.99,6107.69,155.661,8.43174,1.05253,27.5558,453.517,38.8138,5.49815,0.162699
setup,0,2008-03-30 23:00:00,0,0.264226,10.4932,0.0557983,0,0.0358039,0.0087036,0.0114642,0.0265839,0.0188181,1.72025e-06,0,0,0,0.967338,0.178581,0.0247679,0.0111909,0.0136431,0.022315,2.27686,2.51844,0.298195,0.00563284,8842.91,225939,46078.1,62709.8,736.57,259.908,30.8236,127.978,16.7307,2924.42,481.963,117.401,37633,3981.66,6106.69,155.899,8.41207,1.0447,27.1074,454.469,38.8236,5.49811,0.160356
setup,0,2008-03-31 23:00:00,0,0.257844,10.0083,0.0557625,0,0.0358179,0.0087745,0.0115043,0.0248768,0.0159592,1.67201e-06,0,0,0,0.976751,0.178391,0.0252804,0.011178,0.0136309,0.0212853,2.19931,2.45166,0.281111,0.00549427,8844.48,225930,46072.8,62705.1,736.661,259.24,30.6067,126.68,16.8727,2925,481.957,117.391,37633,3981.39,6106,156.017,8.39349,1.03923,26.8266,455.376,38.8334,5.49809,0.156725
setup,0,2008-04-01 23:00:00,0,0.25965,9.69303,0.0561103,0,0.0358325,0.00901697,0.0109065,0.0218935,0.0139501,1.63879e-06,0,0,0,0.986332,0.178237,0.0258877,0.0111663,0.0136287,0.0216912,2.15679,2.40047,0.267107,0.00537394,8846.11,225922,46067.6,62700.2,736.372,258.592,30.4322,125.921,17.0192,2925.58,481.951,117.382,37633,3981.11,6105.41,156.048,8.37592,1.03488,26.6556,456.259,38.8433,5.49808,0.153662
setup,0,2008-04-02 23:00:00,0,0.262275,9.42812,0.0566333,0,0.0358471,0.00928181,0.0103803,0.0193224,0.0123705,1.61406e-06,0,0,0,0.996092,0.178067,0.0262471,0.0111511,0.0136344,0.0217163,2.12299,2.36,0.253972,0.00523739,8847.76,225913,46062.6,62695.6,735.821,257.945,30.3245,125.478,17.1736,2926.17,481.947,117.372,37632.9,3980.82,6104.9,156.016,8.35889,1.03237,26.5568,457.128,38.8533,5.49808,0.150719
setup,0,2008-04-03 23:00:00,0,0.258122,8.90316,0.0573451,0,0.0358617,0.00950789,0.0094944,0.0164754,0.0107143,1.60325e-06,0,0,0,1.00602,0.177883,0.0267337,0.0111376,0.0136329,0.0209317,2.04054,2.27546,0.240111,0.00507548,8849.35,225905,46058,62691.1,734.988,257.316,30.2924,125.396,17.3603,2926.76,481.944,117.363,37632.9,3980.58,6104.41,155.934,8.34312,1.03195,26.5225,457.967,38.8634,5.49809,0.148719
setup,0,2008-04-04 23:00:00,0,0.250074,9.09153,0.057877,0,0.0358768,0.00972751,0.00686103,0.0115033,0.0102684,1.61789e-06,0,0,0,1.0161,0.177694,0.027322,0.0111253,0.0143703,0.0198827,2.03179,2.24185,0.237184,0.00492254,8850.87,225897,46053.3,62687.2,734.498,256.728,30.1509,125.215,17.3625,2927.34,481.942,117.353,37632.9,3980.38,6104.1,155.875,8.32859,1.02844,26.5112,458.763,38.8734,5.49812,0.151135
setup,0,2008-04-05 23:00:00,0,0.246459,9.4134,0.0576387,0,0.0358919,0.00991809,0.00565704,0.00970849,0.0112603,1.66877e-06,0,0,0,1.02633,0.177511,0.0279358,0.0111132,0.0151476,0.019411,2.06751,2.26265,0.243536,0.00477961,8852.37,225889,46048,62683,734.336,256.148,29.9487,124.725,17.2695,2927.92,481.939,117.344,37632.8,3980.05,6103.82,155.855,8.31443,1.02325,26.4622,459.56,38.8834,5.49814,0.155276
setup,0,2008-04-06 23:00:00,0,0.246937,10.3878,0.0570041,0,0.0359068,0.00997357,0.00884503,0.0160557,0.0140387,1.7048e-06,0,0,0,1.03671,0.177342,0.0285054,0.0111004,0.0138512,0.0193662,2.28206,2.47063,0.258878,0.00473374,8853.89,225879,46040.9,62680,734.5,255.552,29.766,123.746,16.8532,2928.5,481.932,117.334,37632.8,3978.96,6103.73,155.834,8.29912,1.01862,26.3207,460.465,38.8935,5.49812,0.152112
setup,0,2008-04-07 23:00:00,0,0.24394,10.502,0.0569101,0,0.0359216,0.00982722,0.00893008,0.0167827,0.0151465,1.72423e-06,0,0,0,1.04724,0.177163,0.0289722,0.0110863,0.0137211,0.0188013,2.31931,2.49394,0.268992,0.00485201,8855.38,225870,46034,62674.1,734.829,254.968,29.6086,122.235,16.6583,2929.08,481.925,117.324,37632.7,3977.92,6102.97,155.908,8.28408,1.0147,26.0521,461.393,38.9035,5.49808,0.152777
setup,0,2008-04-08 23:00:00,0,0.243633,10.348,0.0566447,0,0.0359364,0.00967041,0.00892554,0.0168887,0.0147324,1.72802e-06,0,0,0,1.0579,0.17699,0.0295307,0.0110732,0.0136891,0.0186594,2.2881,2.477,0.267432,0.00498192,8856.88,225860,46027.7,62668.5,735.005,254.399,29.4593,120.834,16.6109,2929.65,481.917,117.314,37632.6,3977.23,6102.14,156,8.26974,1.011,25.7637,462.327,38.9135,5.49804,0.153236
setup,0,2008-04-09 23:00:00,0,0.234011,10.0906,0.0562514,0,0.0359506,0.00948477,0.00927272,0.017228,0.0136469,1.71696e-06,0,0,0,1.06869,0.176796,0.0300337,0.0110594,0.0136485,0.0171619,2.24659,2.44612,0.260068,0.0050462,8858.26,225851,46022,62663,734.934,253.85,29.3263,119.746,16.6496,2930.22,481.91,117.305,37632.6,3976.73,6101.39,156.057,8.25625,1.00773,25.5203,463.259,38.9235,5.49801,0.152706
setup,0,2008-04-10 23:00:00,0,0.242323,9.79481,0.0561832,0,0.0359644,0.00929406,0.00920361,0.0164893,0.0123085,1.69765e-06,0,0,0,1.07959,0.176638,0.0307167,0.0110477,0.0136304,0.0183551,2.19686,2.40245,0.250862,0.00506453,8859.77,225843,46016.6,62657.7,734.598,253.323,29.2079,119.031,16.7512,2930.79,481.903,117.295,37632.5,3976.36,6100.74,156.067,8.24383,1.00484,25.3434,464.174,38.9335,5.49798,0.152122
setup,0,2008-04-11 23:00:00,0,0.24334,9.54958,0.0562211,0,0.0359775,0.00914391,0.00828793,0.0142915,0.0112732,1.67823e-06,0,0,0,1.09061,0.176457,0.0310778,0.0110322,0.0136309,0.0180073,2.14721,2.35307,0.244236,0.00503127,8861.26,225834,46011.5,62653.1,734.126,252.815,29.1003,118.568,16.8485,2931.36,481.897,117.285,37632.5,3976.09,6100.26,156.044,8.23232,1.00225,25.2229,465.062,38.9435,5.49797,0.152331
setup,0,2008-04-12 23:00:00,0,0.239877,9.27987,0.0562068,0,0.0359898,0.0090437,0.00839378,0.013984,0.0103087,1.65112e-06,0,0,0,1.10174,0.176274,0.0316546,0.0110192,0.0136307,0.017436,2.09898,2.30556,0.236122,0.00495939,8862.73,225826,46006.7,62648.5,733.511,252.328,29.0097,118.335,16.9809,2931.93,481.893,117.275,37632.5,3975.86,6099.85,155.988,8.22187,1.00012,25.1486,465.934,38.9535,5.49796,0.151714
setup,0,2008-04-13 23:00:00,0,0.233627,9.17803,0.05622,0,0.036002,0.00899205,0.0070883,0.0115499,0.00997433,1.63124e-06,0,0,0,1.11295,0.176079,0.0322393,0.0110062,0.0136354,0.0165143,2.06725,2.27788,0.235048,0.00482922,8864.12,225818,46001.9,62644.7,732.985,251.855,28.9335,118.087,17.0116,2932.51,481.889,117.265,37632.4,3975.62,6099.6,155.932,8.2123,0.998395,25.0915,466.782,38.9636,5.49797,0.152799
setup,0,2008-04-14 23:00:00,0,0.236685,9.67372,0.0558947,0,0.0360146,0.00902558,0.00627513,0.0105597,0.0108955,1.62797e-06,0,0,0,1.12424,0.175908,0.032942,0.0109944,0.0136806,0.0168746,2.13659,2.32374,0.24219,0.00475955,8865.57,225809,45996.4,62640.2,732.747,251.392,28.7604,117.629,16.9287,2933.08,481.884,117.256,37632.4,3975.24,6099.33,155.9,8.20297,0.993945,25.0176,467.634,38.9738,5.49796,0.15589
setup,0,2008-04-15 23:00:00,0,0.2281,9.80423,0.0551368,0,0.0360275,0.00911932,0.00470841,0.008418,0.0124675,1.58444e-06,0,0,0,1.13561,0.175715,0.0333747,0.0109797,0.0137122,0.015462,2.17236,2.37753,0.258868,0.00477837,8866.92,225800,45990.6,62635.7,732.524,250.934,28.6224,116.982,16.8423,2933.66,481.878,117.246,37632.3,3974.71,6099.06,155.875,8.19372,0.990566,24.9033,468.509,38.9839,5.49795,0.162713
setup,0,2008-04-16 23:00:00,0,0.224216,11.9208,0.0547278,0,0.0360417,0.00922848,0.00838499,0.0160082,0.0178229,1.57083e-06,0,0,0,1.14703,0.175524,0.034093,0.010968,0.0139682,0.0149636,2.8609,3.07669,0.297732,0.00478531,8868.24,225789,45980.1,62633.9,734.285,250.446,28.5314,113.657,15.8805,2934.23,481.866,117.236,37632.3,3971.53,6098.74,155.624,8.18265,0.988493,24.2251,470.198,38.9941,5.49785,0.159456
setup,0,2008-04-17 23:00:00,0,0.226058,12.0724,0.054898,0,0.0360562,0.00919524,0.00724843,0.0159922,0.0224068,1.52693e-06,0,0,0,1.15849,0.17535,0.0347263,0.0109554,0.0137558,0.0151598,2.61749,2.76318,0.340192,0.00526713,8869.61,225778,45972,62626.3,736.516,249.964,28.4255,109.014,15.6954,2934.81,481.851,117.226,37632.1,3970.08,6096.86,156.141,8.17153,0.986099,23.2224,471.388,39.0043,5.49773,0.166099
setup,0,2008-04-18 23:00:00,0,0.223013,12.194,0.053764,0,0.036071,0.00920701,0.0100636,0.0239003,0.0260979,1.49923e-06,0,0,0,1.16999,0.175162,0.0351656,0.0109408,0.0139418,0.0144387,2.6833,2.88584,0.354842,0.00563921,8870.92,225767,45963.5,62620.6,738.438,249.484,28.3323,104.643,15.57,2935.38,481.834,117.216,37632,3968.31,6095.23,156.573,8.16027,0.984023,22.2315,472.675,39.0146,5.49759,0.164977
setup,0,2008-04-19 23:00:00,0,0.213571,11.9497,0.0535039,0,0.0360858,0.0091508,0.00820071,0.0204432,0.0285453,1.45243e-06,0,0,0,1.18151,0.174967,0.0358111,0.0109283,0.0137965,0.0131739,2.63856,2.85085,0.379878,0.00594622,8872.15,225756,45956.1,62613.4,740.064,249.016,28.2646,100.46,15.5747,2935.96,481.817,117.205,37631.9,3967.24,6093.4,156.988,8.14968,0.982743,21.2919,473.903,39.0248,5.49744,0.171894
setup,0,2008-04-20 23:00:00,0,0.214791,11.6329,0.0526839,0,0.0361007,0.00907722,0.0080965,0.0213707,0.0306543,1.41105e-06,0,0,0,1.19304,0.174784,0.0365069,0.0109163,0.0136632,0.0133888,2.59402,2.84847,0.400252,0.00616727,8873.41,225745,45949.2,62606.9,741.159,248.563,28.2146,96.9025,15.6222,2936.54,481.799,117.195,37631.8,3966.32,6091.9,157.297,8.13987,0.982012,20.4804,475.102,39.0352,5.49729,0.177527
setup,0,2008-04-21 23:00:00,0,0.214233,11.5487,0.0517282,0,0.0361154,0.00898302,0.0103464,0.028451,0.0318215,1.37266e-06,0,0,0,1.20456,0.1746,0.0370249,0.0109025,0.0136791,0.0130827,2.59406,2.86039,0.407684,0.00634794,8874.67,225735,45942.3,62600.5,741.82,248.123,28.1539,93.9475,15.6571,2937.11,481.781,117.185,37631.7,3965.45,6090.54,157.502,8.13055,0.98094,19.7972,476.288,39.0455,5.49713,0.178275
setup,0,2008-04-22 23:00:00,0,0.213779,11.52,0.0513239,0,0.03613,0.00882625,0.0126928,0.0352292,0.0310811,1.33024e-06,0,0,0,1.21606,0.174415,0.0375663,0.010889,0.0136408,0.0128559,2.5979,2.87583,0.40335,0.00649154,8875.92,225724,45935.5,62593.8,742.116,247.697,28.0772,91.5131,15.7158,2937.69,481.763,117.175,37631.6,3964.74,6089.3,157.633,8.12168,0.979328,19.2339,477.45,39.0558,5.49697,0.17563
setup,0,2008-04-23 23:00:00,0,0.212665,11.3502,0.0513041,0,0.0361444,0.00865737,0.0132222,0.0358351,0.0291435,1.28917e-06,0,0,0,1.22753,0.174227,0.0381361,0.0108763,0.0136402,0.0125496,2.57228,2.8562,0.394834,0.00655888,8877.17,225714,45929.2,62587.3,742.087,247.286,27.9999,89.5457,15.8147,2938.26,481.744,117.164,37631.5,3964.22,6088.22,157.704,8.11355,0.97764,18.783,478.573,39.0661,5.4968,0.173215
setup,0,2008-04-24 23:00:00,0,0.210185,11.2784,0.0511911,0,0.0361584,0.00857156,0.0129264,0.0339607,0.0273964,1.25096e-06,0,0,0,1.23895,0.17404,0.0391076,0.0108729,0.0136585,0.0124864,2.56152,2.84406,0.387892,0.00663931,8878.39,225703,45923,62580.9,741.757,246.892,27.9043,88.0229,15.9518,2938.83,481.725,117.154,37631.4,3963.83,6087.34,157.718,8.10646,0.975391,18.436,479.663,39.0763,5.49664,0.171816
setup,0,2008-04-25 23:00:00,0,0.203138,11.0738,0.0510643,0,0.0361721,0.00858336,0.0129007,0.0327808,0.0253209,1.21552e-06,0,0,0,1.2503,0.173846,0.0398459,0.0108639,0.0136572,0.0115402,2.52951,2.81974,0.377422,0.00665521,8879.53,225693,45917.1,62574.7,741.156,246.515,27.8126,86.9035,16.1248,2939.4,481.706,117.144,37631.3,3963.52,6086.64,157.676,8.1004,0.973221,18.1815,480.729,39.0866,5.49647,0.170148
setup,0,2008-04-26 23:00:00,0,0.204816,10.7599,0.0513303,0,0.0361861,0.00866329,0.0125995,0.0307598,0.0229988,1.18725e-06,0,0,0,1.26157,0.173657,0.041325,0.0108702,0.0136389,0.012527,2.4747,2.77082,0.364275,0.00656684,8880.7,225683,45911.4,62568.7,740.354,246.158,27.7382,86.1273,16.3099,2939.97,481.689,117.133,37631.2,3963.28,6086.06,157.591,8.09632,0.97152,18.0054,481.762,39.0969,5.49632,0.16851
setup,0,2008-04-27 23:00:00,0,0.204659,10.5194,0.0517087,0,0.0362002,0.00880815,0.0116939,0.0273957,0.0210932,1.16704e-06,0,0,0,1.27275,0.173482,0.0410698,0.0108385,0.0136895,0.0113737,2.42826,2.72089,0.35338,0.00645401,8881.86,225674,45906,62563.1,739.415,245.821,27.6698,85.6281,16.4882,2940.54,481.673,117.123,37631.2,3963.09,6085.61,157.475,8.09244,0.969984,17.8918,482.766,39.1073,5.49619,0.167712
setup,0,2008-04-28 23:00:00,0,0.204068,10.1586,0.0519219,0,0.0362142,0.00896909,0.0117267,0.0264675,0.0190706,1.14834e-06,0,0,0,1.28381,0.173308,0.0428836,0.010853,0.0136661,0.00600687,2.36175,2.66262,0.339456,0.00626519,8883.02,225665,45900.9,62557.8,738.384,245.504,27.6301,85.334,16.6638,2941.12,481.658,117.112,37631.2,3962.92,6085.24,157.335,8.09105,0.969249,17.8246,483.749,39.1177,5.49607,0.165857
setup,0,2008-04-29 23:00:00,0,0.188045,9.91285,0.0521809,0,0.0362284,0.00910804,0.0114891,0.0248983,0.0171677,1.13448e-06,0,0,0,1.29473,0.173133,0.0488014,0.0109537,0.0136358,0.0165701,2.30987,2.60384,0.325137,0.00605614,8884.09,225656,45895.9,62552.6,737.295,245.208,27.5903,85.2456,16.8256,2941.69,481.646,117.098,37631.1,3962.79,6084.93,157.181,8.09616,0.968495,17.8018,484.692,39.1282,5.49597,0.163733
setup,0,2008-04-30 23:00:00,0,0.209247,9.80686,0.0523626,0,0.0362424,0.00924224,0.0110737,0.0229895,0.0156137,1.12359e-06,0,0,0,1.30549,0.172958,0.0421307,0.010785,0.013694,0.00422133,2.28418,2.56508,0.312222,0.00591885,8885.22,225647,45891.1,62547.5,736.124,244.932,27.5278,85.3705,17.0024,2942.27,481.633,117.092,37631.1,3962.7,6084.69,157.009,8.09479,0.967101,17.8223,485.628,39.1387,5.49588,0.161777
setup,0,2008-05-01 23:00:00,0,0.191986,9.74496,0.0525473,0,0.0362567,0.0093529,0.0108428,0.0215236,0.0142001,1.11285e-06,0,0,0,1.31609,0.172784,0.0519084,0.0109636,0.0136376,0.0126029,2.26805,2.53731,0.299607,0.00583093,8886.36,225638,45886.3,62542.5,734.853,244.675,27.4361,85.7247,17.2047,2942.83,481.621,117.076,37631.1,3962.66,6084.51,156.816,8.10357,0.964847,17.8879,486.541,39.1491,5.49579,0.159889
setup,0,2008-05-02 23:00:00,0,0.203133,9.55181,0.0529659,0,0.0362707,0.00939871,0.0101571,0.0191737,0.0128758,1.1081e-06,0,0,0,1.3265,0.172611,0.0441923,0.0107807,0.0136636,0.0040913,2.23065,2.48998,0.286792,0.00573059,8887.48,225630,45881.8,62537.7,733.493,244.437,27.3413,86.2721,17.4291,2943.4,481.61,117.071,37631.1,3962.66,6084.4,156.604,8.1049,0.962529,17.9919,487.444,39.1594,5.49571,0.158604
setup,0,2008-05-03 23:00:00,0,0.183774,9.28226,0.0535699,0,0.0362849,0.0093774,0.00940964,0.0169473,0.0117357,1.10623e-06,0,0,0,1.3367,0.172436,0.0532824,0.0109368,0.0136426,0.011819,2.17848,2.42881,0.275024,0.00559461,8888.52,225621,45877.4,62533.2,732.08,244.218,27.2572,86.9742,17.65,2943.97,481.601,117.055,37631,3962.68,6084.34,156.377,8.11594,0.960526,18.1266,488.315,39.1699,5.49565,0.157555
setup,0,2008-05-04 23:00:00,0,0.18925,8.97588,0.0541353,0,0.0362987,0.00931727,0.00912468,0.0157741,0.0106599,1.10651e-06,0,0,0,1.34667,0.172262,0.0460741,0.0107697,0.0136345,0.00957707,2.11679,2.36455,0.263342,0.00541018,8889.5,225613,45873.3,62528.9,730.664,244.019,27.1906,87.7871,17.838,2944.54,481.593,117.05,37631,3962.71,6084.33,156.143,8.12024,0.95906,18.2855,489.161,39.1803,5.49561,0.156166
setup,0,2008-05-05 23:00:00,0,0.188393,8.7657,0.0544707,0,0.0363125,0.00926986,0.00852676,0.0142064,0.009816,1.11556e-06,0,0,0,1.35639,0.172088,0.0488845,0.0108002,0.0136373,0.00574007,2.07063,2.30882,0.253558,0.00525466,8890.5,225606,45869.4,62524.9,729.257,243.839,27.1223,88.6928,18.0046,2945.11,481.587,117.038,37631,3962.75,6084.36,155.906,8.1279,0.957549,18.4637,489.987,39.1908,5.49559,0.15518
setup,0,2008-05-06 23:00:00,0,0.182552,8.57748,0.0545321,0,0.036326,0.00926184,0.00830576,0.0133832,0.00907348,1.12278e-06,0,0,0,1.36584,0.171914,0.0533067,0.0108596,0.0136376,0.00940102,2.03016,2.26106,0.244347,0.00512481,8891.5,225598,45865.6,62521,727.854,243.679,27.051,89.6815,18.1635,2945.67,481.582,117.025,37631,3962.79,6084.41,155.665,8.14045,0.955966,18.6578,490.793,39.2012,5.49558,0.154079
setup,0,2008-05-07 23:00:00,0,0.186091,8.63654,0.0546418,0,0.0363393,0.00926489,0.00866881,0.0133785,0.00846212,1.13102e-06,0,0,0,1.375,0.171741,0.0501851,0.0107781,0.0136472,0.00544659,2.04471,2.27303,0.238471,0.00500911,8892.47,225590,45861.7,62518.1,726.42,243.522,27.0677,90.7078,18.2016,2946.24,481.576,117.016,37631,3962.83,6084.62,155.414,8.14933,0.956968,18.8596,491.602,39.2117,5.49556,0.151503
setup,0,2008-05-08 23:00:00,0,0.174852,8.78921,0.0550206,0,0.0483208,0.0092884,0.00836626,0.0124835,0.00839808,1.14234e-06,0,0,0,1.38386,0.171567,0.0546487,0.0108361,0.0136877,0.00883362,2.0726,2.28801,0.234484,0.00489701,8893.38,225582,45857.5,62514.9,725.083,243.353,27.1254,91.5365,18.225,2946.82,481.57,117.003,37631,3962.76,6084.82,155.182,8.16209,0.959173,19.0335,492.406,39.2224,5.49553,0.149189
setup,0,2008-05-09 23:00:00,0,0.171179,8.52921,0.0555572,0,0.0563863,0.00933029,0.0078545,0.0114565,0.00808995,1.15757e-06,0,0,0,1.39238,0.171392,0.0517302,0.0107609,0.0136492,0.00986016,2.04104,2.25397,0.22851,0.00477888,8894.2,225575,45853.4,62511.1,723.654,243.189,27.2358,92.4078,18.2714,2947.42,481.564,116.994,37630.9,3962.61,6084.89,154.937,8.17203,0.962952,19.2075,493.198,39.2333,5.49551,0.14764
setup,0,2008-05-10 23:00:00,0,0.176928,8.27367,0.0558767,0,0.0599408,0.00940637,0.00746319,0.0106489,0.00762526,1.18369e-06,0,0,0,1.40056,0.171218,0.0511309,0.0107283,0.0136328,0.0036699,1.99433,2.20434,0.221862,0.00466486,8895.07,225567,45849.7,62507.3,722.182,243.036,27.3731,93.3503,18.3033,2948.01,481.559,116.983,37630.9,3962.5,6084.92,154.69,8.18166,0.967546,19.3952,493.967,39.2442,5.49551,0.146569
setup,0,2008-05-11 23:00:00,0,0.161534,8.36401,0.0559405,0,0.059524,0.00950472,0.007107,0.00999306,0.00740133,1.23743e-06,0,0,0,1.40837,0.171044,0.0578086,0.0108224,0.0136397,0.00924658,1.99416,2.19359,0.217498,0.00457115,8895.86,225560,45845.9,62503.9,720.882,242.897,27.4733,94.197,18.267,2948.61,481.555,116.968,37630.8,3962.42,6085.01,154.464,8.19814,0.971079,19.5766,494.72,39.2552,5.49551,0.145832
setup,0,2008-05-12 23:00:00,0,0.161468,8.1507,0.0559432,0,0.0574395,0.00957774,0.0069435,0.00961654,0.00707805,1.30104e-06,0,0,0,1.41579,0.17087,0.052607,0.0107118,0.0136367,0.00275512,1.96012,2.15561,0.212191,0.00448725,8896.56,225553,45842.3,62500.3,719.535,242.766,27.6001,95.0465,18.3015,2949.21,481.551,116.96,37630.8,3962.33,6085.05,154.239,8.20947,0.975443,19.7481,495.48,39.2662,5.49551,0.145196
setup,0,2008-05-13 23:00:00,0,0.151725,8.00799,0.0560006,0,0.0554996,0.00961432,0.00670594,0.00914848,0.00675372,1.38791e-06,0,0,0,1.42279,0.170695,0.0594035,0.0108046,0.013637,0.00890478,1.92945,2.12346,0.207278,0.00440106,8897.26,225546,45838.8,62496.8,718.211,242.646,27.7327,95.9092,18.3158,2949.81,481.549,116.945,37630.8,3962.27,6085.11,154.019,8.22784,0.980011,19.9205,496.222,39.2773,5.49553,0.144484
setup,0,2008-05-14 23:00:00,0,0.161027,7.90157,0.0559806,0,0.0528519,0.0096192,0.00650743,0.00874835,0.00646766,1.47447e-06,0,0,0,1.42938,0.170521,0.0536634,0.0106892,0.0136303,0.00277209,1.90596,2.09424,0.202765,0.00432521,8897.97,225539,45835.5,62493.5,716.918,242.535,27.8653,96.7603,18.3341,2950.41,481.547,116.937,37630.8,3962.24,6085.17,153.804,8.24054,0.984633,20.0895,496.965,39.2883,5.49556,0.143972
setup,0,2008-05-15 23:00:00,0,0.145753,7.70355,0.0559505,0,0.0508185,0.00958222,0.00633617,0.00838942,0.00614111,1.55876e-06,0,0,0,1.43551,0.170347,0.0602027,0.010777,0.0136297,0.0129851,1.87071,2.05691,0.19798,0.00425678,8898.6,225532,45832.3,62490.1,715.581,242.432,28.0152,97.655,18.3893,2951.01,481.546,116.921,37630.7,3962.22,6085.23,153.586,8.26003,0.989799,20.2593,497.693,39.2995,5.49559,0.14366
setup,0,2008-05-16 23:00:00,0,0.166042,7.42642,0.0558473,0,0.0488024,0.00951982,0.00614996,0.00797523,0.00575895,1.6399e-06,0,0,0,1.44118,0.170173,0.050291,0.0105976,0.013626,0.00243137,1.82413,2.00932,0.192623,0.0041938,8899.28,225526,45829.4,62486.8,714.157,242.336,28.1958,98.6348,18.4835,2951.62,481.546,116.916,37630.7,3962.25,6085.28,153.358,8.26971,0.995933,20.4368,498.423,39.3107,5.49564,0.143276
setup,0,2008-05-17 23:00:00,0,0.143213,7.15094,0.0557791,0,0.0480305,0.0094306,0.00592815,0.00751335,0.00537457,1.71633e-06,0,0,0,1.44637,0.169999,0.0611657,0.0107535,0.013626,0.00827141,1.77392,1.95684,0.186976,0.00411592,8899.88,225519,45826.8,62483.8,712.696,242.248,28.4002,99.6833,18.5835,2952.23,481.547,116.9,37630.7,3962.3,6085.35,153.121,8.29071,1.0028,20.6238,499.134,39.322,5.4957,0.142658
setup,0,2008-05-18 23:00:00,0,0.146863,7.05251,0.055775,0,0.0486801,0.0093345,0.00568797,0.00708397,0.00509535,1.79169e-06,0,0,0,1.45104,0.169825,0.0555386,0.0106457,0.0136292,0.0020655,1.74434,1.9216,0.182359,0.00402118,8900.44,225513,45824.3,62481,711.338,242.172,28.5874,100.715,18.623,2952.84,481.55,116.892,37630.7,3962.35,6085.46,152.891,8.30627,1.00921,20.8149,499.832,39.3333,5.49578,0.141985
setup,0,2008-05-19 23:00:00,0,0.134704,7.24707,0.0556675,0,0.0488586,0.00926872,0.00551651,0.00685898,0.00503019,1.86642e-06,0,0,0,1.4552,0.16965,0.0619285,0.010728,0.0136279,0.00763988,1.75746,1.92348,0.180286,0.00394741,8900.96,225507,45821.5,62478.4,710.213,242.107,28.7075,101.599,18.5946,2953.45,481.552,116.876,37630.7,3962.4,6085.62,152.688,8.32827,1.01365,20.9939,500.517,39.3445,5.49585,0.141864
setup,0,2008-05-20 23:00:00,0,0.139928,7.03903,0.0543717,0,0.0413259,0.00927395,0.00545781,0.00673241,0.00485574,1.92766e-06,0,0,0,1.45881,0.169476,0.0565705,0.0106277,0.0136257,0.00606329,1.7277,1.89494,0.177532,0.00390402,8901.45,225501,45818.9,62475.6,708.977,242.043,28.8662,102.51,18.6776,2954.06,481.555,116.868,37630.6,3962.45,6085.72,152.481,8.34483,1.01931,21.1644,501.213,39.3558,5.49593,0.142159
setup,0,2008-05-21 23:00:00,0,0.135774,7.59376,0.0549489,0,0.0392553,0.00911335,0.00451652,0.00582235,0.0051543,1.9863e-06,0,0,0,1.46187,0.169302,0.0583119,0.0106384,0.013638,0.0030453,1.77889,1.92611,0.180149,0.00387258,8901.91,225494,45815.7,62472.9,708.332,242.022,28.8233,103.037,18.5861,2954.63,481.558,116.855,37630.6,3962.49,6085.91,152.34,8.36352,1.01898,21.3052,501.899,39.3666,5.49601,0.144446
setup,0,2008-05-22 23:00:00,0,0.133165,7.47761,0.0546862,0,0.0415491,0.0090813,0.00521896,0.00680373,0.00519128,2.02425e-06,0,0,0,1.46435,0.169128,0.0614132,0.0106695,0.0136272,0.00598726,1.76064,1.91199,0.178714,0.00383903,8902.39,225488,45812.6,62470.1,707.605,242.005,28.7925,103.584,18.6272,2955.2,481.561,116.841,37630.6,3962.52,6086.07,152.207,8.38531,1.01905,21.4291,502.587,39.3774,5.49609,0.144444
setup,0,2008-05-23 23:00:00,0,0.127765,8.13822,0.0543291,0,0.0398531,0.00905139,0.00394126,0.00553279,0.00601105,2.07586e-06,0,0,0,1.46624,0.168954,0.058606,0.0106118,0.0136643,0.00225647,1.8409,1.98032,0.185786,0.00380776,8902.77,225481,45808.8,62467,707.422,241.981,28.6218,103.692,18.4609,2955.77,481.563,116.83,37630.6,3962.5,6086.27,152.138,8.40374,1.01497,21.5127,503.278,39.3882,5.49616,0.148258
setup,0,2008-05-24 23:00:00,0,0.12131,8.27814,0.0536231,0,0.0381115,0.00898975,0.00422756,0.00623673,0.00670306,2.05988e-06,0,0,0,1.46752,0.168779,0.0622748,0.0106515,0.0136287,0.00563289,1.87745,2.0217,0.193247,0.00380061,8903.14,225473,45804.7,62463.8,707.206,241.954,28.4653,103.726,18.3514,2956.35,481.564,116.815,37630.5,3962.32,6086.47,152.071,8.42538,1.01138,21.5619,503.999,39.3991,5.49621,0.151463
setup,0,2008-05-25 23:00:00,0,0.121424,8.5106,0.0529431,0,0.0377673,0.00895153,0.00457955,0.00700443,0.00743442,2.03756e-06,0,0,0,1.46818,0.168605,0.0589523,0.0105877,0.0136293,0.0018396,1.9323,2.07795,0.202511,0.0038251,8903.46,225466,45800.2,62460.3,706.997,241.921,28.3242,103.686,18.1952,2956.92,481.563,116.804,37630.5,3962,6086.64,152.002,8.44309,1.00831,21.5927,504.746,39.41,5.49625,0.154072
setup,0,2008-05-26 23:00:00,0,0.113131,8.6058,0.0525925,0,0.0377667,0.00885519,0.00635036,0.00984657,0.00770955,1.98983e-06,0,0,0,1.4682,0.168431,0.062672,0.0106293,0.0136263,0.00862257,1.96042,2.11053,0.205219,0.00386176,8903.75,225458,45795.6,62456.3,706.748,241.885,28.1872,103.626,18.0797,2957.49,481.562,116.789,37630.5,3961.59,6086.68,151.934,8.46426,1.00536,21.6149,505.501,39.4209,5.49628,0.152361
setup,0,2008-05-27 23:00:00,0,0.127409,8.56834,0.0526805,0,0.0377658,0.00870866,0.00647671,0.0100744,0.00763548,1.93415e-06,0,0,0,1.46757,0.168257,0.0558393,0.0105147,0.0136275,0.00135821,1.95248,2.10549,0.204533,0.00391446,8904.08,225450,45791.2,62452.2,706.401,241.853,28.0403,103.67,18.0199,2958.06,481.561,116.781,37630.5,3961.25,6086.66,151.873,8.47852,1.00212,21.6497,506.248,39.4317,5.49632,0.151264
setup,0,2008-05-28 23:00:00,0,0.113656,8.46898,0.0526188,0,0.0377645,0.00859983,0.00635472,0.0098118,0.00742506,1.87182e-06,0,0,0,1.46628,0.168083,0.063071,0.0106103,0.0136284,0.00569109,1.9333,2.09007,0.20259,0.00397065,8904.37,225443,45787,62448.2,705.949,241.824,27.8888,103.841,18.0128,2958.62,481.56,116.765,37630.4,3961.03,6086.61,151.808,8.50019,0.998742,21.6996,506.982,39.4425,5.49635,0.150733
setup,0,2008-05-29 23:00:00,0,0.117641,8.37638,0.0525825,0,0.0377627,0.00856102,0.00629513,0.00958641,0.00718555,1.80808e-06,0,0,0,1.46432,0.167909,0.0585133,0.0105305,0.0136259,0.00116075,1.91497,2.07378,0.200025,0.0040203,8904.64,225436,45783,62444.3,705.406,241.797,27.7303,104.143,18.0479,2959.19,481.559,116.755,37630.4,3960.92,6086.59,151.735,8.51733,0.995166,21.7665,507.715,39.4533,5.49639,0.150273
setup,0,2008-05-30 23:00:00,0,0.104944,8.22791,0.0528305,0,0.0377608,0.00855051,0.00614635,0.00919048,0.00692372,1.74978e-06,0,0,0,1.46167,0.167735,0.0628926,0.0105844,0.0136256,0.00494188,1.88729,2.04855,0.197131,0.00404212,8904.83,225428,45779.2,62440.6,704.79,241.772,27.5823,104.547,18.1084,2959.75,481.559,116.739,37630.4,3960.87,6086.61,151.652,8.53905,0.991913,21.8489,508.436,39.4641,5.49644,0.14994
setup,0,2008-05-31 23:00:00,0,0.107874,8.03977,0.0533054,0,0.0377589,0.00855754,0.00620826,0.00909383,0.00660773,1.69584e-06,0,0,0,1.45831,0.167561,0.0587627,0.0105121,0.0136256,0.00372249,1.85174,2.01732,0.193601,0.00402528,8904.99,225421,45775.6,62437,704.133,241.748,27.4547,105.021,18.1767,2960.31,481.56,116.728,37630.4,3960.89,6086.66,151.564,8.5568,0.989304,21.9444,509.146,39.4749,5.4965,0.149202
setup,0,2008-06-01 23:00:00,0,0.103655,7.91976,0.0537103,0,0.0397115,0.00857555,0.00626369,0.00893572,0.00628965,1.65156e-06,0,0,0,1.45425,0.167387,0.0596698,0.0105155,0.0136257,0.00160006,1.82863,1.99782,0.190615,0.00398625,8905.13,225414,45772.2,62434.6,703.447,241.72,27.3745,105.56,18.1856,2960.88,481.561,116.715,37630.4,3960.92,6086.88,151.469,8.57545,0.988148,22.0523,509.843,39.4858,5.49656,0.14773
setup,0,2008-06-02 23:00:00,0,0.0959765,7.93836,0.0540695,0,0.0510971,0.00865285,0.00633812,0.00869668,0.00604095,1.61276e-06,0,0,0,1.44948,0.167213,0.061489,0.0105334,0.0136262,0.00330009,1.85932,2.02864,0.190414,0.0039505,8905.22,225407,45768.6,62431.5,702.72,241.682,27.389,106.043,18.1661,2961.44,481.562,116.7,37630.3,3960.85,6087.02,151.342,8.59546,0.989908,22.1486,510.567,39.4967,5.49661,0.146247
setup,0,2008-06-03 23:00:00,0,0.0935707,8.0694,0.0544091,0,0.0553606,0.00877536,0.00635818,0.00851629,0.00605036,1.58012e-06,0,0,0,1.44398,0.167039,0.0593799,0.0104933,0.0136257,0.00104206,1.89199,2.05671,0.190791,0.00393643,8905.26,225400,45764.7,62428.4,702.019,241.614,27.4535,106.39,18.1265,2962.03,481.561,116.687,37630.3,3960.65,6087.17,151.222,8.61263,0.993224,22.2256,511.3,39.5078,5.49665,0.144639
setup,0,2008-06-04 23:00:00,0,0.0838087,7.70476,0.0547211,0,0.0583044,0.00891381,0.00603632,0.00791071,0.00580517,1.55584e-06,0,0,0,1.43775,0.166865,0.0611679,0.010512,0.0136258,0.00256782,1.84174,2.01274,0.187874,0.00388428,8905.23,225393,45761.2,62424.9,701.226,241.532,27.6039,106.724,18.1295,2962.63,481.562,116.672,37630.3,3960.42,6087.18,151.1,8.63172,0.999211,22.296,512.018,39.5192,5.4967,0.143257
setup,0,2008-06-05 23:00:00,0,0.0897474,7.44364,0.0550157,0,0.059898,0.00904758,0.0057958,0.00747473,0.00549382,1.54642e-06,0,0,0,1.43078,0.166691,0.0590706,0.0104728,0.0136258,0.00108195,1.79227,1.96486,0.184304,0.00382499,8905.24,225387,45758.1,62421.5,700.388,241.445,27.7863,107.106,18.1298,2963.23,481.563,116.659,37630.2,3960.26,6087.15,150.982,8.64891,1.00622,22.3752,512.707,39.5307,5.49676,0.142647
setup,0,2008-06-06 23:00:00,0,0.0865467,7.24806,0.053064,0,0.0484899,0.00926811,0.0056143,0.00708946,0.00518714,1.55889e-06,0,0,0,1.42307,0.166517,0.0601182,0.0104829,0.0136257,0.0025239,1.75672,1.92969,0.181201,0.00379182,8905.24,225381,45755.2,62418.1,699.49,241.352,27.9846,107.557,18.1525,2963.83,481.566,116.644,37630.2,3960.18,6087.12,150.861,8.66731,1.01375,22.4629,513.393,39.5422,5.49684,0.142676
setup,0,2008-06-07 23:00:00,0,0.0778941,7.02437,0.0551396,0,0.0435286,0.00907801,0.00542857,0.00669289,0.00490539,1.58738e-06,0,0,0,1.41463,0.166343,0.0581147,0.0104469,0.0136264,0.00217817,1.71488,1.88514,0.177909,0.00373911,8905.13,225374,45752.6,62415,698.575,241.251,28.2028,108.046,18.1717,2964.44,481.569,116.632,37630.2,3960.17,6087.1,150.736,8.6839,1.02194,22.5553,514.071,39.5537,5.49692,0.142166
setup,0,2008-06-08 23:00:00,0,0.078466,6.79482,0.0544496,0,0.0457193,0.00916291,0.00523389,0.00634571,0.00463231,1.63383e-06,0,0,0,1.40544,0.166169,0.057777,0.0104365,0.0136257,0.000491788,1.66803,1.83873,0.174106,0.00366267,8905.03,225369,45750.2,62412,697.669,241.145,28.4387,108.542,18.1915,2965.06,481.574,116.617,37630.2,3960.2,6087.1,150.614,8.70041,1.03071,22.6481,514.731,39.5653,5.49702,0.141926
setup,0,2008-06-09 23:00:00,0,0.0711518,6.87859,0.0499249,0,0.0427154,0.00935157,0.00506657,0.00610395,0.00454972,1.68709e-06,0,0,0,1.39551,0.165994,0.0588289,0.0104492,0.0136298,0.00193247,1.66785,1.83193,0.172777,0.0035947,8904.9,225363,45747.8,62409.4,696.925,241.036,28.6257,108.965,18.1363,2965.66,481.579,116.602,37630.2,3960.25,6087.18,150.508,8.71809,1.03798,22.7376,515.382,39.5769,5.49713,0.141574
setup,0,2008-06-10 23:00:00,0,0.0723695,7.06325,0.0569203,0,0.0383997,0.0087382,0.00500683,0.00608437,0.0046223,1.73846e-06,0,0,0,1.38483,0.165821,0.0567259,0.0104134,0.0136309,0.000423008,1.68959,1.84519,0.173738,0.00355679,8904.75,225357,45745,62406.9,696.328,240.92,28.7588,109.251,18.0708,2966.26,481.584,116.589,37630.2,3960.27,6087.3,150.421,8.7335,1.04359,22.8076,516.045,39.5884,5.49723,0.141895
setup,0,2008-06-11 23:00:00,0,0.0674823,7.30586,0.0527405,0,0.0383949,0.0090702,0.00502729,0.00617814,0.00475874,1.78165e-06,0,0,0,1.37342,0.165647,0.0575052,0.0104239,0.0136275,0.00175342,1.72922,1.87834,0.174269,0.00355596,8904.58,225350,45742,62404.2,695.847,240.794,28.8422,109.414,18.0152,2966.86,481.588,116.573,37630.2,3960.23,6087.45,150.346,8.7494,1.04766,22.8574,516.725,39.5998,5.49732,0.141857
setup,0,2008-06-12 23:00:00,0,0.0693918,7.13542,0.0523336,0,0.0383879,0.00896602,0.00506873,0.00619124,0.00466692,1.80782e-06,0,0,0,1.36126,0.165473,0.0554125,0.0103893,0.0136263,0.000408301,1.71358,1.86529,0.172696,0.00355815,8904.39,225344,45739.1,62401.1,695.2,240.651,28.9696,109.665,18.0552,2967.46,481.592,116.56,37630.2,3960.15,6087.51,150.255,8.76307,1.05314,22.9082,517.415,39.6113,5.49741,0.141956
setup,0,2008-06-13 23:00:00,0,0.0650793,6.98503,0.0516646,0,0.0383812,0.00884875,0.00502706,0.0060583,0.00451797,1.83127e-06,0,0,0,1.34838,0.1653,0.0559384,0.0103979,0.0136261,0.00161169,1.69168,1.84532,0.171226,0.00355892,8904.17,225338,45736.4,62398.1,694.439,240.494,29.12,110.039,18.1028,2968.07,481.596,116.544,37630.2,3960.11,6087.55,150.151,8.77729,1.05938,22.9768,518.093,39.6228,5.49751,0.141591
setup,0,2008-06-14 23:00:00,0,0.0596038,6.97747,0.0504194,0,0.038375,0.00873424,0.00495306,0.00590446,0.00442569,1.8509e-06,0,0,0,1.33476,0.165126,0.0538799,0.0103647,0.0136259,0.0012459,1.68472,1.83534,0.169306,0.00354182,8903.87,225332,45733.8,62395.3,693.724,240.327,29.2529,110.424,18.1054,2968.67,481.601,116.531,37630.1,3960.11,6087.62,150.048,8.7895,1.06508,23.0544,518.76,39.6343,5.4976,0.141511
setup,0,2008-06-15 23:00:00,0,0.0567287,6.912,0.054781,0,0.038368,0.00840451,0.00486804,0.00578005,0.00439034,1.86927e-06,0,0,0,1.32042,0.164952,0.0533395,0.0103574,0.0136256,0.000324059,1.66646,1.81723,0.169167,0.00348556,8903.55,225326,45731.2,62392.6,693.118,240.149,29.3879,110.711,18.0644,2969.28,481.606,116.516,37630.1,3960.11,6087.71,149.959,8.80133,1.07087,23.1218,519.417,39.6458,5.49771,0.14101
setup,0,2008-06-16 23:00:00,0,0.0558929,6.78034,0.0528952,0,0.0454725,0.00848389,0.00481054,0.00572466,0.00428739,1.89183e-06,0,0,0,1.30536,0.164778,0.0533051,0.01036,0.0136259,0.00126597,1.64233,1.79505,0.167187,0.00344443,8903.26,225320,45728.7,62389.7,692.48,239.956,29.5394,111.001,18.0726,2969.88,481.612,116.5,37630.1,3960.11,6087.78,149.875,8.81321,1.0772,23.1838,520.061,39.6574,5.49782,0.141007
setup,0,2008-06-17 23:00:00,0,0.0563014,6.67651,0.0516546,0,0.0403734,0.00856204,0.00476526,0.00561253,0.00415153,1.91426e-06,0,0,0,1.28961,0.164605,0.0513753,0.0103303,0.013626,0.000247943,1.62802,1.77937,0.165186,0.00344096,8902.94,225314,45726.3,62386.9,691.748,239.748,29.7026,111.381,18.1166,2970.49,481.618,116.486,37630.1,3960.14,6087.83,149.778,8.82313,1.08394,23.2557,520.709,39.6689,5.49794,0.141181
setup,0,2008-06-18 23:00:00,0,0.0520866,6.65826,0.0506148,0,0.0384015,0.00859237,0.00470668,0.0054789,0.0040626,1.92916e-06,0,0,0,1.27316,0.164432,0.0513414,0.0103351,0.0136268,0.00111616,1.62253,1.77151,0.164077,0.00343079,8902.59,225309,45723.9,62384.2,691.018,239.526,29.8512,111.802,18.1371,2971.1,481.624,116.471,37630.1,3960.18,6087.91,149.678,8.83304,1.09021,23.3368,521.353,39.6805,5.49805,0.140647
setup,0,2008-06-19 23:00:00,0,0.0510511,6.55994,0.0521676,0,0.044387,0.00854263,0.00466069,0.00537027,0.00394167,1.93789e-06,0,0,0,1.25604,0.164258,0.0493984,0.0103061,0.0136258,0.000109117,1.60731,1.75512,0.161915,0.00341959,8902.21,225303,45721.6,62381.4,690.243,239.287,30.0106,112.262,18.183,2971.71,481.631,116.457,37630.1,3960.24,6087.98,149.57,8.84103,1.09686,23.4226,521.99,39.6921,5.49817,0.140702
setup,0,2008-06-20 23:00:00,0,0.0493378,6.45022,0.0497491,0,0.0401273,0.00867835,0.00460868,0.0052348,0.0038189,1.94974e-06,0,0,0,1.23824,0.164085,0.0492662,0.0103117,0.0136256,0.00108972,1.59028,1.7392,0.161138,0.00341429,8901.82,225298,45719.5,62378.7,689.413,239.03,30.1824,112.785,18.2381,2972.32,481.638,116.441,37630.1,3960.29,6088.05,149.451,8.84895,1.10392,23.5169,522.627,39.7037,5.4983,0.140959
setup,0,2008-06-21 23:00:00,0,0.0477861,6.32669,0.0538079,0,0.0514251,0.00823024,0.00453843,0.00507006,0.00368343,1.96214e-06,0,0,0,1.21979,0.163912,0.0471287,0.0102796,0.0136256,1.28749e-14,1.57004,1.71849,0.159019,0.00340028,8901.4,225292,45717.4,62376.1,688.558,238.757,30.3679,113.347,18.2836,2972.93,481.645,116.427,37630.1,3960.35,6088.11,149.324,8.85483,1.11144,23.6193,523.249,39.7153,5.49843,0.140556
setup,0,2008-06-22 23:00:00,0,0.0443256,6.22587,0.0522377,0,0.0535648,0.0085287,0.00446794,0.00492091,0.00354745,1.97623e-06,0,0,0,1.20071,0.163739,0.0469942,0.0102879,0.0136266,0.000944084,1.55281,1.69885,0.156378,0.00337998,8900.95,225287,45715.4,62373.5,687.689,238.468,30.5597,113.944,18.3279,2973.55,481.653,116.411,37630.1,3960.4,6088.17,149.191,8.8607,1.11917,23.7289,523.861,39.7269,5.49856,0.140464
setup,0,2008-06-23 23:00:00,0,0.0426592,6.14616,0.051781,0,0.0492186,0.00854353,0.00441338,0.00480309,0.00343091,1.99857e-06,0,0,0,1.181,0.163566,0.0448165,0.0102555,0.0136261,0.000551796,1.53907,1.68333,0.15471,0.00337632,8900.47,225282,45713.5,62371,686.794,238.16,30.7539,114.577,18.3794,2974.16,481.661,116.397,37630.1,3960.46,6088.23,149.051,8.86444,1.12699,23.8448,524.475,39.7386,5.4987,0.140355
setup,0,2008-06-24 23:00:00,0,0.038049,6.05918,0.0513553,0,0.0461876,0.00860087,0.00436634,0.00466999,0.00331834,2.02383e-06,0,0,0,1.16069,0.163393,0.0439137,0.0102503,0.0136257,-1.6263e-14,1.52577,1.67079,0.153371,0.00338014,8899.94,225277,45711.7,62368.6,685.87,237.833,30.9559,115.247,18.4317,2974.78,481.669,116.381,37630,3960.51,6088.29,148.902,8.86735,1.13508,23.9673,525.09,39.7502,5.49884,0.14057
setup,0,2008-06-25 23:00:00,0,0.0374234,5.98585,0.0538963,0,0.0637959,0.0083888,0.00432387,0.00454815,0.00322268,2.04941e-06,0,0,0,1.1398,0.16322,0.0431304,0.0102493,0.0136257,0.000516929,1.51469,1.65609,0.15193,0.00338602,8899.41,225271,45709.9,62366.2,684.923,237.487,31.1623,115.956,18.4809,2975.4,481.678,116.366,37630,3960.57,6088.34,148.746,8.86955,1.14332,24.0966,525.685,39.7619,5.49899,0.14034
setup,0,2008-06-26 23:00:00,0,0.0372076,5.91224,0.0496348,0,0.057597,0.00868826,0.00428018,0.00443118,0.00313844,2.07638e-06,0,0,0,1.11834,0.163047,0.041263,0.0102245,0.0136257,4.5401e-15,1.50258,1.64226,0.150791,0.00338411,8898.87,225266,45708.2,62363.9,683.967,237.122,31.3731,116.692,18.5239,2976.02,481.687,116.351,37630,3960.63,6088.39,148.584,8.86995,1.15172,24.2317,526.282,39.7736,5.49914,0.140809
setup,0,2008-06-27 23:00:00,0,0.0337224,5.84384,0.0572878,0,0.0618901,0.0081771,0.00422397,0.00432668,0.0030851,2.11358e-06,0,0,0,1.09635,0.162874,0.0403729,0.0102237,0.0136262,0.00033652,1.48721,1.62675,0.150558,0.00336539,8898.3,225262,45706.6,62361.7,683.044,236.738,31.5847,117.417,18.533,2976.64,481.697,116.335,37630,3960.68,6088.45,148.426,8.86962,1.16014,24.3682,526.864,39.7853,5.49929,0.140195
setup,0,2008-06-28 23:00:00,0,0.0336907,5.85107,0.0547055,0,0.0732513,0.00844222,0.00417619,0.00425223,0.00303999,2.15515e-06,0,0,0,1.07384,0.162701,0.0386168,0.0102024,0.0136262,2.88669e-14,1.48263,1.61916,0.149065,0.00335061,8897.73,225257,45705,62359.6,682.184,236.336,31.7729,118.112,18.5241,2977.25,481.707,116.32,37629.9,3960.74,6088.52,148.276,8.86763,1.16781,24.5043,527.428,39.797,5.49945,0.140172
setup,0,2008-06-29 23:00:00,0,0.0328478,6.41492,0.0540394,0,0.0647805,0.00866279,0.00418773,0.00434239,0.00320275,2.20242e-06,0,0,0,1.05084,0.162529,0.037483,0.0101981,0.0136259,0.000280074,1.5557,1.67944,0.151323,0.00336468,8897.16,225251,45702.8,62357.9,681.701,235.924,31.7787,118.564,18.3974,2977.85,481.715,116.305,37629.9,3960.78,6088.71,148.166,8.86433,1.16949,24.6218,528.004,39.8084,5.49959,0.140041
setup,0,2008-06-30 23:00:00,0,0.0315628,6.43999,0.0546092,0,0.0679253,0.00877618,0.00426114,0.00442163,0.00325244,2.23238e-06,0,0,0,1.02736,0.162357,0.0357217,0.0101775,0.0136264,6.84403e-15,1.56683,1.69182,0.151312,0.00338287,8896.56,225246,45700.6,62355.8,681.206,235.485,31.8027,118.925,18.3769,2978.46,481.723,116.289,37629.9,3960.83,6088.85,148.065,8.85907,1.17177,24.7135,528.598,39.8199,5.49973,0.140194
setup,0,2008-07-01 23:00:00,0,0.0291881,6.57448,0.0542761,0,0.0518746,0.00889567,0.00429826,0.00450198,0.00335879,2.26125e-06,0,0,0,1.00345,0.162185,0.0344733,0.0101726,0.0136264,9.11991e-05,1.58427,1.71013,0.153051,0.00338187,8895.95,225240,45698.2,62353.6,680.803,235.025,31.8001,119.192,18.3333,2979.06,481.731,116.274,37629.8,3960.88,6089,147.984,8.85248,1.17315,24.7896,529.208,39.8313,5.49986,0.140019
setup,0,2008-07-02 23:00:00,0,0.0278583,6.35409,0.0561889,0,0.0730179,0.00878901,0.00431011,0.00450343,0.00331813,2.27645e-06,0,0,0,0.979116,0.162013,0.0328403,0.010157,0.0136257,-3.25261e-15,1.55529,1.68771,0.152099,0.00336736,8895.33,225235,45696,62351.2,680.261,234.536,31.8767,119.515,18.356,2979.66,481.739,116.259,37629.8,3960.93,6089.08,147.897,8.84431,1.17714,24.8636,529.795,39.8429,5.5,0.139843
setup,0,2008-07-03 23:00:00,0,0.0266882,6.18604,0.0552234,0,0.057655,0.00896416,0.00426749,0.00444158,0.00325674,2.29038e-06,0,0,0,0.954394,0.161841,0.0313569,0.0101472,0.0136256,-3.25261e-15,1.52668,1.66399,0.150988,0.003333,8894.68,225229,45694,62348.7,679.667,234.024,31.9941,119.888,18.3665,2980.27,481.748,116.243,37629.8,3960.98,6089.15,147.809,8.83483,1.18247,24.9436,530.385,39.8545,5.50015,0.139923
setup,0,2008-07-04 23:00:00,0,0.0264642,6.05678,0.0558075,0,0.0602373,0.00894877,0.00421411,0.0043804,0.0031918,2.30105e-06,0,0,0,0.929311,0.16167,0.0297632,0.0101345,0.0136257,-3.25261e-15,1.50276,1.64186,0.15005,0.00329721,8894.03,225224,45692.2,62346.3,679.052,233.49,32.1325,120.287,18.3682,2980.89,481.757,116.228,37629.7,3961.03,6089.21,147.719,8.82396,1.18848,25.0279,530.961,39.8661,5.5003,0.13989
setup,0,2008-07-05 23:00:00,0,0.0266934,6.02616,0.0556933,0,0.0571304,0.00900707,0.00419157,0.00433659,0.00314346,2.30322e-06,0,0,0,0.903896,0.161498,0.0281482,0.0101218,0.0136262,-3.25261e-15,1.49849,1.63239,0.149012,0.00329468,8893.38,225219,45690.3,62344,678.4,232.933,32.2617,120.747,18.3782,2981.5,481.767,116.212,37629.7,3961.08,6089.27,147.622,8.81154,1.19417,25.121,531.538,39.8777,5.50046,0.139745
setup,0,2008-07-06 23:00:00,0,0.0271972,5.9681,0.0553419,0,0.0513942,0.0090493,0.00418283,0.00429476,0.00307925,2.30989e-06,0,0,0,0.87818,0.161327,0.0265139,0.0101092,0.0136256,-3.25261e-15,1.49072,1.62415,0.14793,0.00330752,8892.71,225214,45688.5,62341.6,677.7,232.352,32.3941,121.255,18.4044,2982.11,481.776,116.197,37629.7,3961.14,6089.32,147.514,8.79756,1.19995,25.2211,532.122,39.8893,5.50061,0.139706
setup,0,2008-07-07 23:00:00,0,0.0268806,5.897,0.0540054,0,0.0444043,0.00907602,0.00415772,0.00420439,0.00302786,2.31084e-06,0,0,0,0.85219,0.161156,0.0248621,0.0100965,0.013626,-3.25261e-15,1.48002,1.61552,0.148023,0.00330529,8892.02,225209,45686.8,62339.4,676.986,231.748,32.5343,121.797,18.4147,2982.73,481.786,116.181,37629.7,3961.19,6089.38,147.4,8.78206,1.20597,25.3271,532.71,39.9009,5.50077,0.139811
setup,0,2008-07-08 23:00:00,0,0.0262922,5.85892,0.0575134,0,0.0583537,0.00867149,0.00411197,0.0041317,0.00299447,2.31252e-06,0,0,0,0.825957,0.160985,0.0231948,0.0100839,0.0136258,-3.25261e-15,1.46959,1.60236,0.147097,0.00327918,8891.32,225204,45685.1,62337.2,676.318,231.123,32.6671,122.32,18.3925,2983.34,481.797,116.166,37629.7,3961.24,6089.45,147.29,8.76508,1.21173,25.4339,533.276,39.9125,5.50093,0.139213
setup,0,2008-07-09 23:00:00,0,0.0253378,5.7671,0.0562992,0,0.0601602,0.00890265,0.00404764,0.00406096,0.00294475,2.31946e-06,0,0,0,0.799514,0.160814,0.0215141,0.0100713,0.0136262,-3.25261e-15,1.44901,1.58288,0.145316,0.00322535,8890.63,225199,45683.4,62335.1,675.712,230.475,32.8125,122.785,18.3527,2983.96,481.808,116.151,37629.6,3961.29,6089.51,147.19,8.74667,1.21788,25.5346,533.829,39.9242,5.5011,0.138903
setup,0,2008-07-10 23:00:00,0,0.0255587,5.83686,0.0547962,0,0.0437232,0.00903133,0.00400816,0.0040659,0.00294642,2.33416e-06,0,0,0,0.772894,0.160643,0.0198219,0.0100587,0.0136266,-3.25261e-15,1.45136,1.58349,0.145426,0.00319366,8889.95,225194,45681.7,62333.1,675.206,229.807,32.9135,123.175,18.2952,2984.57,481.819,116.135,37629.6,3961.34,6089.6,147.106,8.72672,1.22253,25.6259,534.393,39.9358,5.50128,0.139203
setup,0,2008-07-11 23:00:00,0,0.0259236,5.89216,0.0552591,0,0.0490622,0.00900555,0.00401406,0.00407205,0.00294359,2.3373e-06,0,0,0,0.746129,0.160473,0.0181203,0.0100461,0.0136258,-3.25261e-15,1.46117,1.59096,0.145053,0.00319944,8889.25,225189,45679.9,62331.1,674.72,229.116,32.991,123.532,18.2674,2985.18,481.83,116.12,37629.6,3961.4,6089.69,147.024,8.70506,1.22637,25.7092,534.962,39.9473,5.50144,0.139257
setup,0,2008-07-12 23:00:00,0,0.0260972,5.99181,0.0536689,0,0.0417302,0.00909945,0.00403081,0.00408702,0.00296371,2.3296e-06,0,0,0,0.719248,0.160303,0.0164114,0.0100336,0.0136261,-3.25261e-15,1.47697,1.60363,0.14528,0.00320948,8888.54,225184,45678.1,62329.1,674.279,228.401,33.0327,123.857,18.2404,2985.79,481.84,116.105,37629.6,3961.44,6089.8,146.946,8.68169,1.22898,25.786,535.545,39.9588,5.50161,0.139436
setup,0,2008-07-13 23:00:00,0,0.0258316,6.10727,0.0551481,0,0.0405026,0.00891602,0.00404422,0.00411743,0.00302366,2.31623e-06,0,0,0,0.692285,0.160133,0.0146972,0.010021,0.0136261,-3.25261e-15,1.49285,1.61853,0.146325,0.00320376,8887.83,225179,45676.1,62327.2,673.935,227.664,33.04,124.094,18.1919,2986.39,481.85,116.089,37629.6,3961.49,6089.92,146.881,8.65662,1.2304,25.8505,536.134,39.9703,5.50177,0.13913
setup,0,2008-07-14 23:00:00,0,0.0252605,6.12288,0.0557532,0,0.0532225,0.00880468,0.00404648,0.00414339,0.00305847,2.29911e-06,0,0,0,0.665272,0.159963,0.0129799,0.0100085,0.013626,-3.25261e-15,1.49409,1.62018,0.146014,0.0031802,8887.12,225174,45674,62325.2,673.64,226.903,33.0499,124.257,18.1481,2986.99,481.861,116.074,37629.6,3961.54,6090.04,146.828,8.62993,1.23188,25.902,536.712,39.9818,5.50193,0.138514
setup,0,2008-07-15 23:00:00,0,0.0257277,6.32675,0.0536995,0,0.0425995,0.00880532,0.00408368,0.0042639,0.00317949,2.2892e-06,0,0,0,0.651589,0.159794,0.012118,0.00999598,0.0136295,-3.25261e-15,1.52163,1.64496,0.148702,0.00318345,8886.41,225168,45671.8,62323.1,673.451,226.133,32.997,124.326,18.0952,2987.59,481.87,116.059,37629.6,3961.58,6090.18,146.793,8.60233,1.23121,25.9388,537.304,39.9932,5.50209,0.139544
setup,0,2008-07-16 23:00:00,0,0.0254992,6.57786,0.0558453,0,0.0511,0.00859682,0.00414811,0.00441053,0.0033579,2.27684e-06,0,0,0,0.651255,0.159625,0.0121127,0.00998348,0.0136265,-3.25261e-15,1.56057,1.68094,0.150315,0.00319513,8885.7,225162,45669.3,62321.1,673.417,225.367,32.8867,124.23,18.0274,2988.19,481.879,116.044,37629.5,3961.63,6090.35,146.779,8.57463,1.22858,25.9524,537.902,40.0046,5.50223,0.13913
setup,0,2008-07-17 23:00:00,0,0.0253513,6.73347,0.0547414,0,0.0527173,0.00876729,0.00422096,0.00459284,0.00352149,2.26151e-06,0,0,0,0.650919,0.159456,0.0121074,0.009971,0.0136263,-3.25261e-15,1.58795,1.70894,0.151529,0.00319155,8884.99,225157,45666.6,62318.9,673.467,224.603,32.7558,124.013,17.971,2988.78,481.887,116.028,37629.5,3961.62,6090.52,146.78,8.54684,1.22522,25.9433,538.514,40.0159,5.50237,0.138971
setup,0,2008-07-18 23:00:00,0,0.0242013,7.02431,0.053134,0,0.0427272,0.0088633,0.00428728,0.00485281,0.00386741,2.2467e-06,0,0,0,0.650584,0.159287,0.0121021,0.00995854,0.013629,-3.25261e-15,1.63265,1.75294,0.155261,0.00316093,8884.29,225150,45663.6,62316.9,673.808,223.843,32.5816,123.485,17.8307,2989.37,481.895,116.013,37629.5,3961.51,6090.74,146.814,8.51898,1.22036,25.8928,539.15,40.0271,5.50251,0.138895
setup,0,2008-07-19 23:00:00,0,0.024209,6.92906,0.054981,0,0.0500123,0.00867223,0.00438131,0.00506296,0.00395562,2.22412e-06,0,0,0,0.65025,0.159119,0.0120968,0.00994609,0.013628,-3.25261e-15,1.62725,1.75226,0.156573,0.00314558,8883.6,225144,45660.6,62314.2,674.008,223.082,32.4549,123.014,17.775,2989.96,481.902,115.998,37629.5,3961.3,6090.88,146.846,8.49113,1.21708,25.8353,539.784,40.0384,5.50264,0.139385
setup,0,2008-07-20 23:00:00,0,0.0246326,6.78705,0.0534929,0,0.0440667,0.008844,0.00442515,0.0051057,0.00389356,2.20467e-06,0,0,0,0.649919,0.158951,0.0120915,0.00993366,0.0136261,-3.25261e-15,1.61351,1.74473,0.156527,0.00316748,8882.91,225139,45657.7,62311.4,673.984,222.319,32.3774,122.738,17.7745,2990.55,481.91,115.983,37629.4,3961.11,6090.97,146.859,8.46329,1.21542,25.8008,540.416,40.0498,5.50277,0.139639
setup,0,2008-07-21 23:00:00,0,0.0248159,6.72746,0.0529819,0,0.0406839,0.00878084,0.00444004,0.00507115,0.00383347,2.17996e-06,0,0,0,0.649587,0.158783,0.0120862,0.00992125,0.0136278,-3.25261e-15,1.60781,1.74052,0.156354,0.00319576,8882.22,225133,45655,62308.5,673.845,221.558,32.3157,122.593,17.7764,2991.15,481.917,115.967,37629.4,3960.97,6091.03,146.858,8.43552,1.21426,25.787,541.045,40.0611,5.50289,0.13949
setup,0,2008-07-22 23:00:00,0,0.0242773,6.6221,0.0536554,0,0.0419083,0.00870965,0.00441939,0.00498904,0.00375671,2.15027e-06,0,0,0,0.649254,0.158616,0.0120809,0.00990885,0.0136265,-3.25261e-15,1.5911,1.72556,0.155112,0.00319173,8881.52,225127,45652.4,62305.7,673.667,220.799,32.2805,122.492,17.7664,2991.74,481.924,115.952,37629.4,3960.89,6091.08,146.852,8.40793,1.21397,25.7811,541.666,40.0725,5.50303,0.138866
setup,0,2008-07-23 23:00:00,0,0.0246438,6.61758,0.0523237,0,0.0412915,0.00865054,0.00441371,0.00497589,0.00373278,2.13133e-06,0,0,0,0.648921,0.158448,0.0120756,0.00989647,0.0136257,-3.25261e-15,1.58796,1.72357,0.156295,0.00319724,8880.83,225121,45649.9,62303,673.466,220.044,32.2348,122.424,17.7617,2992.34,481.932,115.937,37629.4,3960.84,6091.13,146.845,8.38046,1.21328,25.7779,542.284,40.0839,5.50316,0.139561
setup,0,2008-07-24 23:00:00,0,0.0247183,6.88213,0.0544312,0,0.046121,0.00839748,0.00445191,0.00506101,0.00387323,2.12135e-06,0,0,0,0.64859,0.158281,0.0120703,0.00988411,0.0136261,-3.25261e-15,1.62718,1.75672,0.157496,0.00322324,8880.13,225115,45647.1,62300.5,673.416,219.295,32.1113,122.251,17.7046,2992.93,481.939,115.922,37629.4,3960.8,6091.26,146.851,8.35295,1.20994,25.765,542.908,40.0952,5.50328,0.139455
setup,0,2008-07-25 23:00:00,0,0.0240094,7.13435,0.0534053,0,0.0503474,0.00853804,0.00451669,0.00526213,0.0041388,2.11255e-06,0,0,0,0.648258,0.158115,0.012065,0.00987176,0.0136325,-3.25261e-15,1.66627,1.79272,0.159262,0.00321437,8879.43,225109,45644,62298,673.613,218.551,31.9432,121.805,17.6083,2993.51,481.945,115.907,37629.4,3960.7,6091.42,146.884,8.32539,1.20505,25.713,543.548,40.1064,5.5034,0.139018
setup,0,2008-07-26 23:00:00,0,0.0241553,7.25674,0.0532087,0,0.0513197,0.00857715,0.00461692,0.00551761,0.00433387,2.10591e-06,0,0,0,0.647926,0.157948,0.0120597,0.00985943,0.0136301,-3.25261e-15,1.69043,1.81876,0.161138,0.00321427,8878.75,225102,45640.7,62295.3,673.858,217.809,31.766,121.248,17.5508,2994.09,481.951,115.892,37629.3,3960.51,6091.55,146.932,8.29776,1.19983,25.6328,544.205,40.1175,5.50351,0.139523
setup,0,2008-07-27 23:00:00,0,0.0239415,7.21958,0.0527617,0,0.046543,0.00858992,0.00468915,0.00563164,0.00438909,2.09831e-06,0,0,0,0.647596,0.157782,0.0120544,0.00984711,0.0136303,-3.25261e-15,1.69315,1.82526,0.162138,0.00322777,8878.06,225096,45637.5,62292.4,674.036,217.066,31.6228,120.706,17.5255,2994.68,481.956,115.877,37629.3,3960.28,6091.61,146.978,8.27012,1.19574,25.5474,544.872,40.1288,5.50361,0.139349
setup,0,2008-07-28 23:00:00,0,0.0234677,7.30733,0.0531168,0,0.0512273,0.0085547,0.00472313,0.00575221,0.00453182,2.09132e-06,0,0,0,0.647265,0.157616,0.0120491,0.00983482,0.0136307,-3.25261e-15,1.70607,1.83883,0.16342,0.00322153,8877.37,225090,45634.2,62289.5,674.31,216.327,31.4716,120.063,17.455,2995.26,481.961,115.861,37629.3,3960.05,6091.68,147.04,8.24254,1.19134,25.4484,545.536,40.1399,5.50372,0.139065
setup,0,2008-07-29 23:00:00,0,0.0239505,7.3127,0.0516701,0,0.043172,0.00860855,0.00480723,0.00589384,0.00457051,2.07712e-06,0,0,0,0.646936,0.157451,0.0120439,0.00982254,0.0136269,-3.25261e-15,1.71387,1.84884,0.165178,0.00324634,8876.69,225083,45630.8,62286.4,674.493,215.588,31.3305,119.47,17.4418,2995.84,481.966,115.846,37629.2,3959.8,6091.69,147.099,8.21492,1.18727,25.3459,546.214,40.1511,5.50382,0.139892
setup,0,2008-07-30 23:00:00,0,0.0244448,7.2266,0.0534003,0,0.0447966,0.00839542,0.00486233,0.00588594,0.0044755,2.06307e-06,0,0,0,0.646607,0.157285,0.0120386,0.00981027,0.0136257,-3.25261e-15,1.71058,1.84824,0.165343,0.00330504,8876,225077,45627.7,62283,674.488,214.847,31.224,119.036,17.4785,2996.43,481.97,115.831,37629.2,3959.6,6091.65,147.137,8.18726,1.18434,25.2601,546.894,40.1623,5.50391,0.140047
setup,0,2008-07-31 23:00:00,0,0.0246441,7.12542,0.0528741,0,0.0500872,0.0084414,0.00486345,0.0057669,0.00432382,2.05114e-06,0,0,0,0.646277,0.15712,0.0120333,0.00979802,0.0136257,-3.25261e-15,1.69919,1.84021,0.16431,0.00335093,8875.31,225070,45624.7,62279.7,674.355,214.107,31.1459,118.739,17.5238,2997.02,481.974,115.816,37629.2,3959.46,6091.61,147.158,8.15968,1.18235,25.1944,547.565,40.1736,5.50401,0.140082
setup,0,2008-08-01 23:00:00,0,0.0246915,7.0356,0.0530869,0,0.0541732,0.00842529,0.00484089,0.00562061,0.00417392,2.04265e-06,0,0,0,0.645946,0.156955,0.012028,0.00978579,0.0136258,-3.25261e-15,1.6866,1.82871,0.163135,0.00338009,8874.61,225064,45621.8,62276.5,674.14,213.369,31.0869,118.538,17.5691,2997.61,481.979,115.801,37629.2,3959.38,6091.58,147.165,8.13225,1.18098,25.1452,548.228,40.1849,5.5041,0.140063
setup,0,2008-08-02 23:00:00,0,0.0249332,6.94021,0.0536867,0,0.0597962,0.00841477,0.00481511,0.00547793,0.00402132,2.04722e-06,0,0,0,0.645616,0.15679,0.0120228,0.00977358,0.0136258,-3.25261e-15,1.67298,1.81609,0.161939,0.0034101,8873.92,225058,45619.1,62273.3,673.834,212.633,31.0459,118.433,17.6303,2998.2,481.983,115.786,37629.1,3959.36,6091.56,147.158,8.10496,1.18019,25.1117,548.881,40.1961,5.5042,0.140177
setup,0,2008-08-03 23:00:00,0,0.0250904,6.85611,0.0542261,0,0.0641442,0.00838834,0.00478833,0.00532362,0.0038783,2.06363e-06,0,0,0,0.645285,0.156626,0.0120175,0.00976138,0.0136268,-3.25261e-15,1.66152,1.80433,0.160722,0.00344151,8873.22,225052,45616.4,62270.1,673.445,211.9,31.0189,118.427,17.6992,2998.79,481.988,115.771,37629.1,3959.37,6091.57,147.135,8.07781,1.17986,25.096,549.526,40.2074,5.5043,0.140222
setup,0,2008-08-04 23:00:00,0,0.0252303,6.75898,0.0548353,0,0.0687483,0.00837905,0.00475151,0.00516927,0.00373713,2.09336e-06,0,0,0,0.644954,0.156462,0.0120122,0.00974919,0.0136258,-3.25261e-15,1.64737,1.79124,0.159532,0.0034646,8872.52,225046,45613.9,62267.1,672.988,211.168,31.0084,118.501,17.7719,2999.38,481.993,115.756,37629.1,3959.42,6091.59,147.098,8.05084,1.18006,25.0957,550.163,40.2188,5.5044,0.140381
setup,0,2008-08-05 23:00:00,0,0.0251622,6.80753,0.0554293,0,0.0725139,0.0083971,0.00472413,0.00506021,0.00368445,2.13169e-06,0,0,0,0.644623,0.156298,0.012007,0.00973702,0.0136341,-3.25261e-15,1.65317,1.79319,0.159234,0.00348217,8871.81,225040,45611.3,62264.2,672.558,210.443,30.9699,118.601,17.8064,2999.97,481.998,115.741,37629,3959.46,6091.66,147.056,8.02401,1.17928,25.107,550.792,40.23,5.5045,0.140277
setup,0,2008-08-06 23:00:00,0,0.0247146,6.6649,0.0561251,0,0.0765685,0.00844033,0.00467499,0.00493252,0.00358102,2.17586e-06,0,0,0,0.644292,0.156134,0.0120017,0.00972487,0.0136263,-3.25261e-15,1.62982,1.772,0.158009,0.00346419,8871.12,225034,45608.9,62261.3,672.105,209.719,30.9656,118.704,17.8528,3000.56,482.003,115.726,37629,3959.51,6091.72,147.011,7.99741,1.17965,25.1212,551.41,40.2413,5.50461,0.13998
setup,0,2008-08-07 23:00:00,0,0.0241234,6.50861,0.0566335,0,0.0785874,0.00851411,0.00458803,0.00478867,0.00346987,2.23147e-06,0,0,0,0.643962,0.15597,0.0119965,0.00971274,0.0136265,-3.25261e-15,1.59981,1.7447,0.156527,0.00341905,8870.43,225029,45606.5,62258.5,671.659,208.999,30.99,118.806,17.8822,3001.16,482.01,115.711,37628.9,3959.57,6091.79,146.967,7.97114,1.18097,25.1384,552.012,40.2527,5.50473,0.139606
setup,0,2008-08-08 23:00:00,0,0.0239693,6.51332,0.0566946,0,0.075972,0.00863206,0.00451957,0.00471192,0.00342807,2.28894e-06,0,0,0,0.643634,0.155807,0.0119912,0.00970062,0.0136267,-3.25261e-15,1.59352,1.73668,0.155972,0.00338705,8869.74,225023,45604.2,62255.8,671.279,208.285,30.9927,118.874,17.8801,3001.75,482.016,115.696,37628.9,3959.62,6091.88,146.93,7.9451,1.18153,25.156,552.609,40.264,5.50485,0.139528
setup,0,2008-08-09 23:00:00,0,0.0237692,6.41733,0.0564937,0,0.0696597,0.00878664,0.00447636,0.00462827,0.00335256,2.33246e-06,0,0,0,0.643307,0.155644,0.011986,0.00968852,0.013626,-3.25261e-15,1.57841,1.7208,0.154791,0.0033663,8869.06,225017,45602,62253.1,670.872,207.573,31.0135,118.953,17.9022,3002.35,482.023,115.681,37628.8,3959.67,6091.96,146.89,7.91924,1.18268,25.174,553.209,40.2754,5.50497,0.139302
setup,0,2008-08-10 23:00:00,0,0.0239561,6.34024,0.0565425,0,0.0645433,0.00895704,0.00443946,0.00455348,0.00327155,2.36792e-06,0,0,0,0.642981,0.155482,0.0119807,0.00967643,0.0136257,-3.25261e-15,1.56566,1.70653,0.153609,0.00336017,8868.39,225012,45599.8,62250.5,670.418,206.863,31.0429,119.082,17.9381,3002.95,482.03,115.666,37628.8,3959.72,6092.03,146.843,7.89353,1.18411,25.1982,553.811,40.2867,5.5051,0.139359
setup,0,2008-08-11 23:00:00,0,0.0241735,6.40333,0.0566548,0,0.0602491,0.00908217,0.0044234,0.00450677,0.00324629,2.3939e-06,0,0,0,0.642655,0.15532,0.0119755,0.00966436,0.013626,-3.25261e-15,1.57442,1.71217,0.153294,0.0033719,8867.71,225006,45597.5,62247.9,669.988,206.159,31.0391,119.229,17.9499,3003.54,482.037,115.652,37628.8,3959.77,6092.12,146.793,7.86791,1.18439,25.2285,554.418,40.298,5.50523,0.139503
setup,0,2008-08-12 23:00:00,0,0.0237807,6.47339,0.0569318,0,0.0584273,0.009132,0.00441386,0.00448012,0.00326507,2.40703e-06,0,0,0,0.642328,0.155157,0.0119702,0.00965231,0.0136259,-3.25261e-15,1.58436,1.71869,0.153201,0.00336298,8867.02,225001,45595.2,62245.5,669.634,205.46,31.0092,119.323,17.9341,3004.13,482.044,115.637,37628.8,3959.82,6092.24,146.747,7.8424,1.18376,25.2549,555.029,40.3093,5.50535,0.13921
setup,0,2008-08-13 23:00:00,0,0.0236894,6.34065,0.0574214,0,0.0598729,0.00911183,0.00439317,0.00444405,0.00320684,2.41592e-06,0,0,0,0.642002,0.154996,0.011965,0.00964027,0.0136259,-3.25261e-15,1.56377,1.70051,0.152235,0.00334366,8866.35,224995,45593,62242.9,669.225,204.761,31.0167,119.43,17.9577,3004.72,482.052,115.622,37628.7,3959.87,6092.32,146.699,7.81704,1.1844,25.2784,555.636,40.3206,5.50548,0.139241
setup,0,2008-08-14 23:00:00,0,0.0236197,6.2388,0.0575458,0,0.0585811,0.00908674,0.00435908,0.00437065,0.0031346,2.4267e-06,0,0,0,0.641677,0.154834,0.0119598,0.00962825,0.0136256,-3.25261e-15,1.54675,1.68398,0.151085,0.00333439,8865.67,224990,45590.9,62240.3,668.767,204.063,31.0433,119.589,17.9869,3005.32,482.06,115.607,37628.7,3959.92,6092.38,146.647,7.79185,1.18566,25.3085,556.239,40.332,5.50562,0.139125
setup,0,2008-08-15 23:00:00,0,0.0236558,6.15398,0.0575361,0,0.057345,0.00905485,0.00432343,0.00429338,0.00305858,2.43427e-06,0,0,0,0.641352,0.154673,0.0119545,0.00961624,0.0136257,3.80837e-07,1.53276,1.66968,0.149952,0.00332894,8865,224984,45588.8,62237.7,668.272,203.369,31.0808,119.795,18.0178,3005.92,482.068,115.592,37628.7,3959.97,6092.45,146.587,7.76683,1.18729,25.3463,556.837,40.3433,5.50575,0.139251
setup,0,2008-08-16 23:00:00,0,0.0235675,6.06676,0.0572094,0,0.0535519,0.0090316,0.00428432,0.00420497,0.00298231,2.43914e-06,0,0,0,0.641028,0.154512,0.0119493,0.00960425,0.0136257,3.93692e-06,1.51897,1.65619,0.1489,0.00332133,8864.33,224979,45586.8,62235.3,667.748,202.677,31.13,120.04,18.0458,3006.52,482.076,115.577,37628.6,3960.02,6092.51,146.519,7.742,1.1893,25.391,557.437,40.3547,5.50589,0.139452
setup,0,2008-08-17 23:00:00,0,0.0235262,5.98755,0.0571807,0,0.0472627,0.00897739,0.00424526,0.00412301,0.00291655,2.44265e-06,0,0,0,0.640704,0.154351,0.0119441,0.00959228,0.0136258,4.97708e-06,1.50587,1.64246,0.148359,0.00331303,8863.66,224974,45584.9,62232.8,667.202,201.988,31.1884,120.317,18.0707,3007.12,482.085,115.562,37628.6,3960.08,6092.57,146.445,7.71734,1.19161,25.4413,558.038,40.3661,5.50604,0.139403
setup,0,2008-08-18 23:00:00,0,0.023577,5.91437,0.057792,0,0.0589129,0.0088825,0.0042097,0.00404814,0.0028525,2.44931e-06,0,0,0,0.64038,0.154191,0.0119388,0.00958032,0.0136256,6.0013e-06,1.49375,1.62944,0.147323,0.00331136,8862.99,224969,45583.1,62230.5,666.634,201.302,31.255,120.621,18.0978,3007.72,482.094,115.548,37628.6,3960.13,6092.63,146.364,7.69285,1.19419,25.4966,558.626,40.3775,5.50619,0.139293
setup,0,2008-08-19 23:00:00,0,0.0235745,6.11779,0.0575611,0,0.058604,0.0088901,0.00419444,0.00404265,0.00289557,2.46086e-06,0,0,0,0.640057,0.15403,0.0119336,0.00956838,0.0136264,7.89926e-06,1.51924,1.65008,0.147901,0.00331549,8862.32,224963,45581.1,62228.4,666.203,200.624,31.2391,120.867,18.0585,3008.31,482.102,115.533,37628.6,3960.18,6092.75,146.296,7.66846,1.19393,25.5516,559.212,40.3888,5.50633,0.139283
setup,0,2008-08-20 23:00:00,0,0.0234524,6.4973,0.0575161,0,0.0590655,0.00892169,0.00423964,0.00418387,0.00308652,2.47072e-06,0,0,0,0.639734,0.15387,0.0119284,0.00955646,0.0136285,9.92061e-06,1.57567,1.69922,0.150244,0.00331883,8861.65,224958,45578.6,62226.5,666.046,199.956,31.1178,120.863,17.9699,3008.89,482.11,115.518,37628.5,3960.22,6092.94,146.255,7.64399,1.19004,25.5775,559.815,40.4,5.50646,0.139361
setup,0,2008-08-21 23:00:00,0,0.0235524,6.49676,0.057584,0,0.059561,0.00894206,0.00430351,0.00428555,0.00314931,2.47576e-06,0,0,0,0.639411,0.153711,0.0119232,0.00954455,0.0136268,1.18881e-05,1.58115,1.70753,0.1509,0.00332924,8860.99,224952,45576.2,62224.2,665.842,199.286,31.0192,120.824,17.9643,3009.47,482.117,115.503,37628.5,3960.26,6093.08,146.219,7.61944,1.18694,25.5854,560.431,40.4111,5.50659,0.139443
setup,0,2008-08-22 23:00:00,0,0.0237518,6.34571,0.0576981,0,0.0596291,0.00896317,0.00433151,0.00428428,0.00310529,2.48133e-06,0,0,0,0.639089,0.153551,0.011918,0.00953265,0.0136257,1.52312e-05,1.56297,1.69318,0.150487,0.00335116,8860.32,224946,45573.9,62221.7,665.475,198.612,30.9771,120.902,18.0178,3010.06,482.125,115.488,37628.5,3960.31,6093.16,146.172,7.59492,1.18575,25.6018,561.045,40.4224,5.50672,0.139689
setup,0,2008-08-23 23:00:00,0,0.0235021,6.24971,0.0579353,0,0.0602866,0.00897122,0.00431601,0.00422908,0.00306213,2.48474e-06,0,0,0,0.638766,0.153392,0.0119128,0.00952077,0.013626,1.79681e-05,1.54764,1.6808,0.149819,0.00335005,8859.65,224941,45571.7,62219.1,665.048,197.941,30.9588,121.056,18.0556,3010.66,482.132,115.474,37628.4,3960.36,6093.24,146.118,7.57056,1.18536,25.6308,561.649,40.4337,5.50686,0.139489
setup,0,2008-08-24 23:00:00,0,0.0233386,6.21483,0.0583318,0,0.0629035,0.00896606,0.00429175,0.00419738,0.00303994,2.49024e-06,0,0,0,0.638444,0.153233,0.0119076,0.00950891,0.0136269,2.07085e-05,1.54001,1.67287,0.149468,0.00333813,8858.99,224935,45569.5,62216.7,664.621,197.273,30.9398,121.235,18.073,3011.25,482.14,115.459,37628.4,3960.4,6093.33,146.062,7.54637,1.18494,25.6673,562.244,40.4449,5.50699,0.139412
setup,0,2008-08-25 23:00:00,0,0.0233631,6.1651,0.0584796,0,0.0634601,0.00896755,0.00427735,0.0041705,0.00300862,2.50178e-06,0,0,0,0.638123,0.153074,0.0119024,0.00949706,0.0136309,2.40516e-05,1.5321,1.66493,0.149058,0.00333705,8858.33,224930,45567.4,62214.3,664.169,196.608,30.9274,121.441,18.0961,3011.84,482.148,115.444,37628.4,3960.45,6093.41,146.001,7.52231,1.18474,25.7091,562.834,40.4562,5.50713,0.139535
setup,0,2008-08-26 23:00:00,0,0.0235876,6.1202,0.0584675,0,0.0621091,0.00898867,0.0042755,0.00414009,0.00296907,2.51712e-06,0,0,0,0.637802,0.152916,0.0118972,0.00948523,0.0136292,5.82973e-05,1.52637,1.65862,0.148635,0.00335548,8857.67,224925,45565.3,62211.8,663.669,195.944,30.9205,121.698,18.1315,3012.43,482.156,115.43,37628.3,3960.5,6093.49,145.932,7.49835,1.18471,25.7587,563.426,40.4675,5.50727,0.139677
setup,0,2008-08-27 23:00:00,0,0.0242809,6.22679,0.0586313,0,0.0622183,0.0090183,0.00429299,0.00414467,0.00298749,2.53894e-06,0,0,0,0.637482,0.152758,0.011892,0.00947342,0.0136302,0.000107752,1.54289,1.67267,0.149107,0.00338843,8857.01,224919,45563.1,62209.6,663.209,195.287,30.8715,121.957,18.1401,3013.02,482.164,115.415,37628.3,3960.54,6093.6,145.861,7.47444,1.18323,25.8129,564.02,40.4787,5.5074,0.139949
setup,0,2008-08-28 23:00:00,0,0.0247085,6.19169,0.0590216,0,0.0636864,0.00904156,0.00431115,0.00412192,0.00296948,2.55474e-06,0,0,0,0.637162,0.1526,0.0118868,0.00946162,0.0136264,0.0001107,1.54102,1.67148,0.149021,0.00341126,8856.35,224914,45560.9,62207.2,662.718,194.63,30.8354,122.232,18.1688,3013.61,482.172,115.401,37628.2,3960.59,6093.69,145.783,7.4506,1.18218,25.8684,564.618,40.49,5.50754,0.139984
setup,0,2008-08-29 23:00:00,0,0.024598,6.05835,0.0596459,0,0.0673071,0.00904556,0.00428386,0.00405307,0.00291828,2.57628e-06,0,0,0,0.636841,0.152442,0.0118816,0.00944984,0.0136259,0.000106295,1.51956,1.65242,0.148239,0.00339575,8855.69,224908,45558.9,62204.8,662.187,193.974,30.8368,122.536,18.1982,3014.2,482.18,115.386,37628.2,3960.64,6093.76,145.703,7.42694,1.1824,25.9278,565.204,40.5013,5.50768,0.139646
setup,0,2008-08-30 23:00:00,0,0.0248269,6.08033,0.0600616,0,0.0696847,0.00904981,0.00425348,0.00403871,0.00291988,2.61226e-06,0,0,0,0.636521,0.183786,0.0118764,0.0100626,0.0136277,3.09102e-05,1.51759,1.64975,0.148438,0.00338175,8855.01,224903,45556.9,62202.6,661.711,193.355,30.8168,122.82,18.1918,3014.79,482.189,115.371,37628.2,3960.69,6093.86,145.629,7.40408,1.18189,25.9885,565.78,40.5125,5.50782,0.14008
setup,0,2008-08-31 23:00:00,0,0.0231912,6.00091,0.0599106,0,0.0653056,0.009084,0.00424143,0.00400439,0.00288661,2.64458e-06,0,0,0,0.636202,0.152127,0.0118712,0.00942633,0.0136263,3.06434e-05,1.50627,1.63922,0.148071,0.0033815,8854.35,224898,45554.9,62200.3,661.2,192.705,30.8168,123.119,18.2099,3015.38,482.197,115.356,37628.1,3960.73,6093.93,145.552,7.38072,1.18204,26.05,566.361,40.5238,5.50796,0.13979
setup,0,2008-09-01 23:00:00,0,0.0231801,5.88829,0.0600588,0,0.0659345,0.00913547,0.00421263,0.00395166,0.00282921,2.68297e-06,0,0,0,0.635884,0.15197,0.011866,0.0094146,0.0136256,5.04806e-05,1.48648,1.62243,0.147266,0.00337596,8853.7,224893,45553,62197.9,660.658,192.057,30.8417,123.441,18.2343,3015.98,482.206,115.342,37628.1,3960.78,6094,145.471,7.35754,1.18304,26.1145,566.934,40.5351,5.50811,0.139976
setup,0,2008-09-02 23:00:00,0,0.0231787,5.81302,0.0599433,0,0.0627194,0.00921002,0.0041886,0.00388589,0.0027748,2.70903e-06,0,0,0,0.635566,0.151813,0.0118608,0.00940289,0.0136256,0.000110728,1.47457,1.60904,0.146393,0.00337876,8853.05,224888,45551.2,62195.7,660.08,191.411,30.8767,123.809,18.263,3016.57,482.216,115.327,37628.1,3960.83,6094.06,145.384,7.33451,1.18438,26.1859,567.508,40.5464,5.50826,0.139796
setup,0,2008-09-03 23:00:00,0,0.0232436,6.14009,0.060174,0,0.0627411,0.00927719,0.00419493,0.00394174,0.00288763,2.73759e-06,0,0,0,0.635248,0.151657,0.0118557,0.00939119,0.0136289,0.00013221,1.52068,1.64602,0.148082,0.00338697,8852.41,224882,45549,62193.8,659.71,190.777,30.7935,124.068,18.1977,3017.16,482.224,115.313,37628,3960.87,6094.21,145.312,7.31153,1.18165,26.252,568.086,40.5576,5.50841,0.139757
setup,0,2008-09-04 23:00:00,0,0.0231766,6.37813,0.0604614,0,0.0632301,0.009323,0.00425753,0.00407989,0.00304209,2.76146e-06,0,0,0,0.634932,0.151501,0.0118505,0.00937951,0.0136273,0.000153458,1.55956,1.68124,0.150003,0.00339807,8851.78,224877,45546.6,62191.9,659.499,190.147,30.6549,124.145,18.1364,3017.74,482.232,115.298,37628,3960.91,6094.38,145.257,7.28847,1.17702,26.291,568.683,40.5687,5.50854,0.139743
setup,0,2008-09-05 23:00:00,0,0.0233781,6.71213,0.0606791,0,0.0631202,0.00935374,0.00433997,0.00431672,0.00332103,2.78532e-06,0,0,0,0.634616,0.151345,0.0118453,0.00936785,0.0136266,0.00016331,1.61021,1.72876,0.153146,0.00339141,8851.15,224871,45543.9,62190,659.535,189.522,30.4505,123.952,18.0399,3018.31,482.24,115.284,37627.9,3960.95,6094.6,145.238,7.26527,1.17012,26.2897,569.296,40.5797,5.50867,0.139648
setup,0,2008-09-06 23:00:00,0,0.0240379,7.34293,0.0607407,0,0.0619465,0.00937488,0.00452166,0.00485649,0.00390223,2.80523e-06,0,0,0,0.634302,0.15119,0.0118402,0.00935619,0.0136293,0.000171179,1.71088,1.82257,0.159548,0.0034033,8850.53,224864,45540.5,62188.1,659.973,188.903,30.1317,123.3,17.8925,3018.87,482.245,115.269,37627.9,3960.92,6094.88,145.276,7.24166,1.15931,26.2172,569.95,40.5905,5.50878,0.140146
setup,0,2008-09-07 23:00:00,0,0.0243677,7.59967,0.0604975,0,0.0573493,0.00940663,0.0047443,0.00535486,0.00437348,2.80864e-06,0,0,0,0.633989,0.182545,0.011835,0.00984413,0.0136289,2.52859e-05,1.76756,1.88212,0.164649,0.00342651,8849.88,224857,45536.7,62185.7,660.471,188.313,29.8092,122.484,17.7916,3019.43,482.249,115.255,37627.8,3960.67,6095.13,145.33,7.2182,1.14837,26.1031,570.644,40.6013,5.50887,0.140214
setup,0,2008-09-08 23:00:00,0,0.0223807,7.27973,0.0603699,0,0.0547123,0.0094091,0.00487031,0.00549082,0.0043178,2.79318e-06,0,0,0,0.633676,0.15088,0.0118298,0.00933294,0.0136258,2.5218e-05,1.73307,1.86174,0.165369,0.00345352,8849.27,224851,45533.3,62182.5,660.575,187.685,29.602,121.995,17.7975,3019.99,482.253,115.24,37627.8,3960.33,6095.24,145.353,7.19423,1.14138,26.0229,571.328,40.6123,5.50896,0.140394
setup,0,2008-09-09 23:00:00,0,0.0225147,7.08619,0.0601724,0,0.0518129,0.00940895,0.00489302,0.005443,0.0042009,2.77807e-06,0,0,0,0.633365,0.150725,0.0118247,0.00932134,0.0136257,6.71714e-05,1.70565,1.84225,0.165122,0.00349579,8848.66,224844,45530.1,62179.3,660.46,187.054,29.4509,121.742,17.8111,3020.56,482.257,115.226,37627.7,3960.07,6095.31,145.355,7.17036,1.13631,25.9827,571.992,40.6233,5.50905,0.140604
setup,0,2008-09-10 23:00:00,0,0.0227981,6.95988,0.0600729,0,0.0506453,0.00938044,0.00486925,0.00533703,0.00410887,2.75385e-06,0,0,0,0.633053,0.150571,0.0118195,0.00930975,0.0136271,0.000166954,1.6838,1.82328,0.164395,0.00350213,8848.05,224838,45527.1,62176.3,660.285,186.427,29.3288,121.576,17.7994,3021.14,482.261,115.211,37627.7,3959.9,6095.36,145.349,7.14671,1.13222,25.9611,572.642,40.6343,5.50914,0.140266
setup,0,2008-09-11 23:00:00,0,0.0238047,6.82911,0.06023,0,0.0530008,0.00933575,0.00484447,0.0052648,0.00399225,2.73982e-06,0,0,0,0.632742,0.150417,0.0118144,0.00929817,0.0136264,0.00017234,1.66107,1.80473,0.163628,0.0035115,8847.45,224832,45524.2,62173.2,660.029,185.8,29.2338,121.484,17.8116,3021.72,482.266,115.197,37627.7,3959.8,6095.39,145.338,7.12323,1.12904,25.9479,573.282,40.6454,5.50924,0.140455
setup,0,2008-09-12 23:00:00,0,0.0245683,6.71565,0.0600062,0,0.0517468,0.0093096,0.00482582,0.00514276,0.00385689,2.7347e-06,0,0,0,0.632433,0.150263,0.0118092,0.00928662,0.0136256,0.000153537,1.64446,1.78952,0.162565,0.00354236,8846.85,224826,45521.6,62170.2,659.675,185.175,29.1622,121.494,17.844,3022.29,482.271,115.183,37627.7,3959.76,6095.42,145.312,7.09987,1.12667,25.948,573.922,40.6564,5.50935,0.140583
setup,0,2008-09-13 23:00:00,0,0.0252234,6.6735,0.0599191,0,0.0520958,0.00927168,0.00480965,0.00503902,0.0037603,2.7361e-06,0,0,0,0.632123,0.150109,0.0118041,0.00927507,0.0136259,0.00013024,1.6375,1.78119,0.161831,0.00357458,8846.25,224820,45518.9,62167.3,659.271,184.553,29.091,121.579,17.8756,3022.87,482.276,115.168,37627.6,3959.77,6095.47,145.276,7.07664,1.12429,25.9603,574.559,40.6675,5.50945,0.14074
setup,0,2008-09-14 23:00:00,0,0.0257534,6.55607,0.0601598,0,0.0551057,0.00923191,0.00478765,0.00491688,0.0036342,2.74761e-06,0,0,0,0.631815,0.181479,0.0117989,0.00983937,0.0136257,1.52138e-05,1.61972,1.76557,0.160729,0.00360126,8845.61,224814,45516.4,62164.4,658.794,183.963,29.0443,121.732,17.9278,3023.45,482.281,115.154,37627.6,3959.81,6095.53,145.228,7.05413,1.12275,25.982,575.192,40.6786,5.50956,0.140923
setup,0,2008-09-15 23:00:00,0,0.0227872,6.45023,0.0605119,0,0.0590235,0.00918561,0.00475544,0.00477936,0.00350729,2.7701e-06,0,0,0,0.631505,0.149803,0.0117938,0.00925203,0.0136256,1.49904e-05,1.60377,1.7499,0.159555,0.00362409,8845.01,224808,45514,62161.6,658.26,183.343,29.0154,121.954,17.984,3024.03,482.287,115.139,37627.6,3959.86,6095.6,145.167,7.03121,1.12181,26.0153,575.819,40.6898,5.50967,0.141032
setup,0,2008-09-16 23:00:00,0,0.0229737,6.36795,0.0609152,0,0.0633855,0.00914413,0.00473337,0.00465802,0.00339707,2.80171e-06,0,0,0,0.631196,0.14965,0.0117886,0.00924054,0.0136256,1.67652e-05,1.59265,1.73646,0.158638,0.00365984,8844.41,224803,45511.7,62158.8,657.666,182.726,28.9976,122.25,18.0457,3024.62,482.293,115.125,37627.5,3959.91,6095.67,145.091,7.00845,1.12123,26.0614,576.44,40.7009,5.50978,0.141203
setup,0,2008-09-17 23:00:00,0,0.0236835,6.40825,0.0613836,0,0.0679763,0.00912073,0.00471648,0.00457033,0.00335445,2.84809e-06,0,0,0,0.630889,0.149497,0.0117835,0.00922906,0.0136294,0.000163273,1.59687,1.73742,0.158508,0.00369091,8843.82,224797,45509.4,62156.2,657.102,182.114,28.9531,122.567,18.0724,3025.2,482.298,115.11,37627.5,3959.95,6095.76,145.012,6.98582,1.11973,26.1168,577.053,40.712,5.50989,0.141252
setup,0,2008-09-18 23:00:00,0,0.0244449,6.26984,0.0619606,0,0.0730653,0.00911654,0.00468474,0.0044643,0.00326523,2.90294e-06,0,0,0,0.630582,0.149345,0.0117784,0.00921759,0.0136275,0.000170139,1.57457,1.71743,0.157493,0.00369313,8843.23,224791,45507.1,62153.6,656.505,181.503,28.9417,122.894,18.1197,3025.78,482.305,115.096,37627.4,3960,6095.83,144.928,6.96338,1.11936,26.1746,577.656,40.7231,5.51001,0.141115
setup,0,2008-09-19 23:00:00,0,0.0246365,6.13005,0.0623995,0,0.0766139,0.00914384,0.00461279,0.00433929,0.0031733,2.97288e-06,0,0,0,0.630275,0.149193,0.0117732,0.00920614,0.0136269,0.000139859,1.54817,1.6944,0.156273,0.00366216,8842.65,224786,45505,62151,655.91,180.894,28.9549,123.227,18.1524,3026.36,482.312,115.082,37627.4,3960.05,6095.9,144.844,6.94122,1.11982,26.2362,578.246,40.7343,5.51013,0.140788
setup,0,2008-09-20 23:00:00,0,0.0248481,6.02779,0.062481,0,0.0762443,0.00922048,0.00455101,0.00424287,0.00309685,3.04125e-06,0,0,0,0.629969,0.149041,0.0117681,0.00919471,0.0136257,0.000105454,1.52906,1.67306,0.155174,0.00364202,8842.07,224781,45503,62148.6,655.305,180.288,28.98,123.581,18.1823,3026.95,482.319,115.068,37627.3,3960.1,6095.96,144.756,6.91929,1.12068,26.3025,578.828,40.7455,5.51026,0.14063
setup,0,2008-09-21 23:00:00,0,0.0251198,5.93376,0.0623652,0,0.0728308,0.009346,0.00450159,0.0041588,0.0030264,3.1089e-06,0,0,0,0.629665,0.180392,0.011763,0.00979965,0.0136257,1.119e-05,1.51177,1.65539,0.154096,0.00363342,8841.46,224775,45501.1,62146.2,654.689,179.717,29.0164,123.954,18.211,3027.54,482.327,115.053,37627.3,3960.15,6096.02,144.665,6.89817,1.12192,26.3733,579.409,40.7567,5.5104,0.140634
setup,0,2008-09-22 23:00:00,0,0.0222796,5.97151,0.0622959,0,0.0684479,0.0094896,0.004474,0.00410821,0.00300321,3.16577e-06,0,0,0,0.629362,0.148739,0.0117579,0.00917188,0.0136273,1.33659e-05,1.51385,1.65395,0.153703,0.00363947,8840.9,224770,45499.1,62143.9,654.112,179.119,29.0232,124.329,18.2135,3028.13,482.336,115.039,37627.2,3960.2,6096.11,144.575,6.87659,1.12214,26.4479,579.989,40.7679,5.51054,0.140586
setup,0,2008-09-23 23:00:00,0,0.0222659,6.03832,0.0625234,0,0.0661649,0.00961605,0.00446909,0.00409423,0.00301035,3.21158e-06,0,0,0,0.629061,0.148588,0.0117527,0.00916049,0.0136261,5.91854e-05,1.52253,1.65945,0.153721,0.00364727,8840.35,224765,45497.1,62141.8,653.595,178.527,29.0002,124.664,18.2034,3028.71,482.344,115.024,37627.2,3960.24,6096.22,144.49,6.8551,1.12133,26.5192,580.574,40.779,5.51068,0.140613
setup,0,2008-09-24 23:00:00,0,0.0228585,6.0379,0.0628667,0,0.0651277,0.00969561,0.0044601,0.00408135,0.00301105,3.24843e-06,0,0,0,0.62876,0.148437,0.0117476,0.00914912,0.0136256,0.000158591,1.5211,1.65929,0.153611,0.0036385,8839.78,224759,45495.1,62139.7,653.116,177.937,28.9749,124.952,18.1941,3029.29,482.352,115.01,37627.2,3960.29,6096.32,144.409,6.83371,1.12043,26.5831,581.161,40.7901,5.51081,0.140544
setup,0,2008-09-25 23:00:00,0,0.0236314,6.42914,0.0631244,0,0.0639025,0.00973879,0.00449798,0.00422154,0.00319359,3.28235e-06,0,0,0,0.628459,0.148287,0.0117425,0.00913776,0.0136262,0.000136762,1.58002,1.70983,0.156236,0.00364753,8839.23,224754,45492.6,62137.9,652.892,177.357,28.8411,125.035,18.1106,3029.86,482.359,114.996,37627.1,3960.33,6096.52,144.351,6.81227,1.11581,26.6236,581.767,40.801,5.51094,0.140827
setup,0,2008-09-26 23:00:00,0,0.0242294,6.56042,0.0632373,0,0.0617762,0.00975252,0.00458818,0.00436985,0.00331987,3.30203e-06,0,0,0,0.628158,0.148137,0.0117374,0.00912642,0.0136261,0.00011971,1.60604,1.7353,0.157973,0.00367894,8838.68,224748,45490,62135.7,652.697,176.778,28.6947,125.027,18.0825,3030.43,482.366,114.982,37627.1,3960.37,6096.69,144.303,6.79069,1.11075,26.6416,582.393,40.812,5.51106,0.141037
setup,0,2008-09-27 23:00:00,0,0.0245535,6.41975,0.063454,0,0.0613732,0.00973927,0.00462878,0.00439173,0.00331254,3.31297e-06,0,0,0,0.62786,0.147987,0.0117323,0.00911509,0.0136312,0.000106602,1.58839,1.72346,0.157998,0.00369368,8838.14,224742,45487.6,62133.3,652.367,176.195,28.6048,125.103,18.1115,3031,482.372,114.968,37627,3960.41,6096.8,144.251,6.76912,1.10763,26.6628,583.017,40.823,5.51118,0.141044
setup,0,2008-09-28 23:00:00,0,0.0249133,6.95753,0.0637397,0,0.0628441,0.00970848,0.00471607,0.00466278,0.00365059,3.33142e-06,0,0,0,0.627562,0.147838,0.0117272,0.00910377,0.0137005,9.53229e-05,1.66883,1.79297,0.162211,0.00371923,8837.61,224736,45484.6,62131.3,652.359,175.624,28.383,124.923,18.0235,3031.56,482.377,114.954,37627,3960.44,6097.03,144.232,6.7474,1.09999,26.6573,583.654,40.8338,5.51129,0.141264
setup,0,2008-09-29 23:00:00,0,0.0249548,7.3982,0.0638766,0,0.063228,0.00968223,0.00436722,0.00487502,0.00427333,3.33841e-06,0,0,0,0.627267,0.179189,0.0117221,0.0097147,0.013671,1.06147e-05,1.71599,1.83245,0.167379,0.00373585,8837.07,224729,45481.2,62128.4,652.835,175.129,27.996,124.268,17.9599,3032.07,482.382,114.939,37626.9,3960.44,6097.2,144.294,6.72682,1.08669,26.5886,584.294,40.844,5.51139,0.14303
setup,0,2008-09-30 23:00:00,0,0.0214456,7.90427,0.0637101,0,0.0590781,0.0096656,0.00416624,0.00514938,0.0051832,3.34073e-06,0,0,0,0.626974,0.147541,0.011717,0.00908119,0.0136332,1.17636e-05,1.8132,1.93779,0.178603,0.00373981,8836.57,224722,45477.1,62126.6,653.485,174.592,27.5636,123.403,17.7878,3032.59,482.385,114.925,37626.9,3960.31,6097.57,144.369,6.70502,1.07185,26.4776,584.982,40.8542,5.51147,0.145727
setup,0,2008-10-01 23:00:00,0,0.0215161,8.28267,0.0630747,0,0.0488326,0.00965281,0.00489446,0.00642322,0.00615039,3.34134e-06,0,0,0,0.626683,0.147392,0.0117119,0.00906992,0.0136415,9.56883e-05,1.90822,2.03087,0.190022,0.00375998,8836.09,224714,45472.6,62124.1,654.238,174.046,27.153,122.266,17.6392,3033.11,482.386,114.911,37626.8,3959.86,6097.88,144.451,6.68259,1.05778,26.3005,585.748,40.8645,5.51152,0.147073
setup,0,2008-10-02 23:00:00,0,0.0222385,8.52564,0.0624232,0,0.0464234,0.00964124,0.00543397,0.00751646,0.00700473,3.31043e-06,0,0,0,0.626395,0.147245,0.0117068,0.00905867,0.013635,0.000180714,1.96952,2.09756,0.199776,0.00381143,8835.63,224706,45467.7,62121,654.979,173.495,26.7705,121.039,17.4955,3033.63,482.385,114.897,37626.8,3959.12,6098.08,144.544,6.65972,1.04468,26.0967,586.537,40.8748,5.51156,0.147887
setup,0,2008-10-03 23:00:00,0,0.0230869,8.46772,0.0617879,0,0.0463906,0.00962837,0.006329,0.00886737,0.00723029,3.24002e-06,0,0,0,0.62611,0.147097,0.0117017,0.00904743,0.0136271,0.000182374,1.96983,2.10896,0.202546,0.00388528,8835.17,224699,45463,62117,655.556,172.945,26.4395,119.914,17.4277,3034.15,482.384,114.883,37626.7,3958.31,6098.05,144.645,6.6368,1.03333,25.9012,587.314,40.8851,5.51159,0.14705
setup,0,2008-10-04 23:00:00,0,0.02387,8.34188,0.0613467,0,0.0463582,0.00961215,0.00648213,0.00903147,0.00712722,3.14869e-06,0,0,0,0.625825,0.14695,0.0116966,0.00903621,0.0136271,0.000147414,1.94853,2.09852,0.202616,0.00397554,8834.73,224691,45458.5,62112.9,655.956,172.399,26.1439,118.973,17.4013,3034.67,482.382,114.869,37626.7,3957.66,6097.88,144.745,6.61403,1.02318,25.7298,588.07,40.8953,5.51162,0.146517
setup,0,2008-10-05 23:00:00,0,0.0246345,8.34156,0.0610434,0,0.0463262,0.00963665,0.00623462,0.00863573,0.00709281,3.04794e-06,0,0,0,0.625542,0.146803,0.0116915,0.009025,0.0136267,0.000128185,1.94897,2.10138,0.203532,0.00408698,8834.29,224683,45454.1,62108.9,656.241,171.858,25.8535,118.182,17.3756,3035.18,482.38,114.855,37626.6,3957.18,6097.72,144.836,6.5913,1.0132,25.579,588.821,40.9055,5.51164,0.146945
setup,0,2008-10-06 23:00:00,0,0.0250742,8.31749,0.0609087,0,0.0462942,0.00960828,0.00629987,0.00864459,0.0070616,2.93984e-06,0,0,0,0.625261,0.178176,0.0116864,0.00958276,0.0136284,9.14581e-06,1.94825,2.10544,0.204194,0.00416709,8833.83,224676,45449.9,62105.1,656.465,171.351,25.5825,117.45,17.3567,3035.69,482.378,114.84,37626.6,3956.8,6097.58,144.916,6.56921,1.00387,25.4346,589.578,40.9156,5.51166,0.147111
setup,0,2008-10-07 23:00:00,0,0.0244817,8.3379,0.0611086,0,0.0462627,0.00953525,0.0062243,0.00852261,0.00712742,2.84045e-06,0,0,0,0.624981,0.146511,0.0116813,0.00900263,0.0136314,1.09339e-05,1.95346,2.11475,0.205988,0.0042081,8833.41,224668,45445.6,62101.4,656.698,170.813,25.3271,116.694,17.3213,3036.21,482.376,114.826,37626.5,3956.47,6097.5,144.996,6.54659,0.995073,25.2858,590.341,40.9258,5.51168,0.147491
setup,0,2008-10-08 23:00:00,0,0.0247334,8.32602,0.0612513,0,0.0462314,0.00945862,0.00639213,0.00874414,0.00716553,2.74782e-06,0,0,0,0.624703,0.146365,0.0116762,0.00899146,0.0136269,7.00737e-05,1.95482,2.11996,0.207309,0.00423182,8833,224660,45441.4,62097.6,656.931,170.276,25.0937,115.9,17.3009,3036.72,482.373,114.812,37626.5,3956.14,6097.42,145.076,6.52404,0.987011,25.1275,591.114,40.936,5.5117,0.14755
setup,0,2008-10-09 23:00:00,0,0.0251295,8.22263,0.061132,0,0.0462002,0.00939313,0.00660433,0.00895084,0.00704486,2.66117e-06,0,0,0,0.624425,0.14622,0.0116712,0.00898032,0.0136285,0.000101719,1.9399,2.1105,0.206837,0.00424967,8832.6,224653,45437.2,62093.7,657.1,169.741,24.89,115.147,17.3152,3037.24,482.371,114.798,37626.5,3955.83,6097.32,145.151,6.50165,0.979952,24.972,591.886,40.9462,5.51172,0.147177
setup,0,2008-10-10 23:00:00,0,0.025559,8.10383,0.0608931,0,0.0461692,0.00936014,0.00661344,0.00883396,0.0068287,2.58217e-06,0,0,0,0.624148,0.146074,0.0116661,0.00896918,0.0136277,8.18299e-05,1.92,2.09396,0.205426,0.00427385,8832.19,224645,45433.3,62089.8,657.168,169.211,24.7072,114.506,17.3528,3037.75,482.369,114.784,37626.4,3955.58,6097.2,145.216,6.47947,0.973594,24.8347,592.649,40.9563,5.51174,0.146859
setup,0,2008-10-11 23:00:00,0,0.0258295,9.00414,0.0606036,0,0.0461395,0.00938959,0.00512525,0.00745317,0.00819654,2.50732e-06,0,0,0,0.623871,0.14593,0.011661,0.00895806,0.0136614,6.22331e-05,2.08481,2.27067,0.224323,0.0043294,8831.82,224637,45428.4,62087.1,657.688,168.673,24.4353,113.398,17.1315,3038.26,482.364,114.77,37626.4,3955.22,6097.36,145.299,6.45642,0.964206,24.6418,593.476,40.9665,5.51172,0.150418
setup,0,2008-10-12 23:00:00,0,0.0257331,9.41928,0.0600814,0,0.0461099,0.00942996,0.00632408,0.00981546,0.0100568,2.4376e-06,0,0,0,0.623599,0.145785,0.0116559,0.00894696,0.0136496,7.34248e-05,2.19032,2.34913,0.239728,0.00439038,8831.46,224628,45422.8,62083.4,658.466,168.124,24.1878,111.725,16.9996,3038.77,482.357,114.756,37626.3,3954.35,6097.37,145.421,6.43272,0.955666,24.3205,594.393,40.9766,5.51168,0.152181
setup,0,2008-10-13 23:00:00,0,0.0258088,9.92202,0.0600049,0,0.0460813,0.00942235,0.00601813,0.0102279,0.0123999,2.39463e-06,0,0,0,0.623329,0.145641,0.0116509,0.00893587,0.0136392,7.66737e-05,2.29778,2.45088,0.259663,0.00449313,8831.11,224619,45416.7,62078.7,659.603,167.569,23.9283,109.5,16.8252,3039.29,482.347,114.742,37626.2,3953.11,6097.12,145.611,6.40848,0.94672,23.8852,595.353,40.9868,5.51162,0.155849
setup,0,2008-10-14 23:00:00,0,0.0259658,10.1469,0.0595035,0,0.0460532,0.00937892,0.00590395,0.010956,0.0148179,2.3087e-06,0,0,0,0.623061,0.145498,0.0116458,0.00892479,0.0137207,6.64727e-05,2.34355,2.51316,0.282365,0.0046838,8830.78,224610,45410.5,62073.5,660.959,167.01,23.6941,106.798,16.7072,3039.8,482.336,114.728,37626.1,3951.78,6096.61,145.885,6.38395,0.938661,23.325,596.348,40.997,5.51154,0.160861
setup,0,2008-10-15 23:00:00,0,0.0263329,10.3709,0.058672,0,0.0460253,0.00933432,0.0080042,0.0155439,0.0163478,2.23763e-06,0,0,0,0.622795,0.145355,0.0116407,0.00891373,0.0136553,6.39678e-05,2.39248,2.57408,0.295485,0.00491845,8830.47,224600,45404.2,62067.9,662.398,166.451,23.4656,103.892,16.6149,3040.31,482.323,114.714,37626.1,3950.49,6095.87,146.2,6.35915,0.930775,22.6975,597.378,41.0071,5.51143,0.161787
setup,0,2008-10-16 23:00:00,0,0.0260407,10.3166,0.0582453,0,0.0459982,0.00925041,0.00684079,0.0139022,0.0180348,2.16463e-06,0,0,0,0.622531,0.145212,0.0116357,0.00890269,0.0136375,5.14749e-05,2.39651,2.60739,0.314667,0.00509859,8830.15,224590,45398,62062.6,663.818,165.888,23.2835,100.871,16.537,3040.83,482.309,114.7,37626,3949.28,6095.05,146.518,6.33431,0.924487,22.0313,598.431,41.0173,5.51133,0.166281
setup,0,2008-10-17 23:00:00,0,0.026408,10.479,0.0575888,0,0.0459716,0.00916379,0.00792741,0.016952,0.0200056,2.0909e-06,0,0,0,0.622267,0.145069,0.0116306,0.00889166,0.0137058,0.000840169,2.44025,2.66039,0.332011,0.00527246,8829.87,224580,45391.7,62057.1,665.249,165.325,23.1067,97.7666,16.4402,3041.34,482.295,114.686,37625.9,3948.01,6094.1,146.832,6.30931,0.918367,21.3407,599.512,41.0275,5.5112,0.168552
setup,0,2008-10-18 23:00:00,0,0.027382,10.8923,0.0569373,0,0.0459459,0.0090854,0.0110438,0.0244497,0.022613,2.0341e-06,0,0,0,0.622006,0.176433,0.011447,0.00960729,0.0137229,0.00150345,2.5897,2.82399,0.340846,0.00539327,8829.54,224570,45384.6,62053.3,667.089,164.785,22.9692,94.0573,16.2379,3041.86,482.278,114.672,37625.8,3945.78,6093.15,147.11,6.28458,0.913514,20.4992,600.791,41.0376,5.51106,0.164303
setup,0,2008-10-19 23:00:00,0,0.0284692,11.1152,0.0568604,0,0.0459199,0.00898732,0.011442,0.0261214,0.0241004,1.94777e-06,0,0,0,0.621744,0.144785,0.011301,0.00886365,0.0136499,0.00177202,2.58221,2.80203,0.353227,0.00563278,8829.28,224560,45377.7,62046.7,669.04,164.215,22.8181,90.0706,16.1583,3042.38,482.26,114.658,37625.7,3944.2,6091.34,147.548,6.25892,0.908152,19.6067,601.958,41.0474,5.5109,0.163667
setup,0,2008-10-20 23:00:00,0,0.0297502,11.212,0.0561028,0,0.0458942,0.00898183,0.0120966,0.0278716,0.0246617,1.87942e-06,0,0,0,0.621487,0.144644,0.0112374,0.00885158,0.0137028,0.00200316,2.61333,2.84723,0.359812,0.00597145,8829.04,224549,45371.1,62040.2,670.453,163.647,22.6524,86.685,16.1767,3042.88,482.24,114.644,37625.6,3943.11,6089.58,147.903,6.23291,0.90226,18.8433,603.1,41.0571,5.51071,0.16327
setup,0,2008-10-21 23:00:00,0,0.0304347,11.1127,0.0557133,0,0.0458688,0.00906371,0.0120119,0.0275942,0.0250516,1.82092e-06,0,0,0,0.621233,0.144503,0.0111829,0.0088397,0.0137079,0.00222598,2.61941,2.86836,0.365742,0.00623289,8828.82,224539,45364.7,62034.1,671.325,163.078,22.4975,83.9187,16.2669,3043.39,482.218,114.63,37625.5,3942.23,6088.05,148.144,6.20678,0.896712,18.2155,604.23,41.0668,5.5105,0.163525
setup,0,2008-10-22 23:00:00,0,0.0307992,10.7837,0.0560889,0,0.0458433,0.00910301,0.0132239,0.0300178,0.0239329,1.76084e-06,0,0,0,0.620981,0.144363,0.0111379,0.00882802,0.0136304,0.00236639,2.57086,2.83972,0.359093,0.00627906,8828.61,224529,45358.6,62027.9,671.756,162.512,22.3698,81.7465,16.3763,3043.9,482.197,114.617,37625.4,3941.51,6086.63,148.292,6.18101,0.89205,17.7226,605.326,41.0764,5.51031,0.161824
setup,0,2008-10-23 23:00:00,0,0.0312409,10.5889,0.0566196,0,0.0458184,0.0090786,0.0128638,0.0284865,0.0228926,1.7201e-06,0,0,0,0.62073,0.144223,0.011106,0.00881659,0.0136472,0.00261388,2.5399,2.80948,0.354799,0.0063148,8828.43,224519,45352.7,62021.9,671.848,161.95,22.2509,80.051,16.4908,3044.41,482.176,114.603,37625.3,3940.95,6085.39,148.373,6.1555,0.887659,17.3375,606.384,41.086,5.51011,0.160882
setup,0,2008-10-24 23:00:00,0,0.0320651,10.4693,0.0567942,0,0.0457942,0.00908452,0.013103,0.0283594,0.0216771,1.68137e-06,0,0,0,0.620483,0.144102,0.0110443,0.00880463,0.013629,0.00257633,2.5239,2.80037,0.34911,0.00634945,8828.26,224509,45347,62016,671.645,161.394,22.1341,78.7794,16.607,3044.92,482.155,114.589,37625.2,3940.51,6084.3,148.393,6.13019,0.883306,17.0483,607.417,41.0955,5.50992,0.15965
setup,0,2008-10-25 23:00:00,0,0.0324561,10.3777,0.0569081,0,0.0457704,0.0091512,0.0130838,0.0274189,0.0203926,1.65343e-06,0,0,0,0.620235,0.143985,0.0110485,0.00879391,0.0136276,0.0026715,2.51422,2.79077,0.342883,0.00641156,8828.09,224499,45341.4,62010.2,671.175,160.843,22.0195,77.8741,16.7448,3045.42,482.133,114.576,37625.1,3940.16,6083.37,148.36,6.10503,0.879002,16.8393,608.433,41.105,5.50972,0.15863
setup,0,2008-10-26 23:00:00,0,0.0329316,10.0956,0.0572087,0,0.0457469,0.00920677,0.0127767,0.0257353,0.0187153,1.63321e-06,0,0,0,0.619988,0.143873,0.0110179,0.00878256,0.0136278,0.00296552,2.46524,2.747,0.332732,0.00635888,8827.95,224490,45336,62004.5,670.508,160.296,21.9273,77.261,16.8946,3045.93,482.113,114.562,37625.1,3939.91,6082.59,148.287,6.08029,0.875442,16.6953,609.424,41.1145,5.50953,0.157223
setup,0,2008-10-27 23:00:00,0,0.0343507,10.0879,0.0576591,0,0.0457244,0.00926017,0.0111646,0.0219172,0.0181235,1.63063e-06,0,0,0,0.619744,0.143714,0.0109498,0.00877053,0.0137099,0.00396293,2.46146,2.73039,0.331209,0.00631818,8827.83,224480,45330.7,61999.5,669.791,159.754,21.8267,76.7923,16.9807,3046.43,482.093,114.549,37625,3939.67,6082,148.19,6.05575,0.871591,16.59,610.398,41.1239,5.50935,0.157966
setup,0,2008-10-28 23:00:00,0,0.0372316,10.1356,0.0576673,0,0.0457024,0.00934351,0.0109373,0.0213761,0.0181217,1.63132e-06,0,0,0,0.619505,0.14353,0.0107965,0.00860887,0.0136311,0.00535121,2.47526,2.74556,0.332077,0.00627737,8827.73,224471,45325.2,61994.6,669.086,159.213,21.7259,76.3434,17.0204,3046.94,482.073,114.535,37624.9,3939.35,6081.51,148.073,6.03115,0.867728,16.4931,611.383,41.1332,5.50916,0.158661
setup,0,2008-10-29 23:00:00,0,0.0412385,10.1002,0.0576143,0,0.0456805,0.00939382,0.0118143,0.0228701,0.0177244,1.63357e-06,0,0,0,0.61927,0.143393,0.0107259,0.00859705,0.0136434,0.0063274,2.47123,2.73771,0.32717,0.00623701,8827.64,224461,45319.6,61989.3,668.334,158.676,21.6322,75.9686,17.0633,3047.44,482.052,114.522,37624.9,3938.97,6080.98,147.948,6.00673,0.864078,16.4094,612.365,41.1423,5.50897,0.157814
setup,0,2008-10-30 23:00:00,0,0.0451817,10.0163,0.0578253,0,0.0456594,0.00938897,0.0117644,0.0223274,0.0170006,1.6351e-06,0,0,0,0.619036,0.143256,0.0106746,0.0085856,0.0136819,0.00702661,2.45465,2.72126,0.32159,0.0062088,8827.55,224452,45314.2,61983.9,667.512,158.144,21.5452,75.7005,17.1181,3047.95,482.032,114.508,37624.8,3938.64,6080.45,147.818,5.98252,0.860634,16.3458,613.334,41.1515,5.50879,0.15714
setup,0,2008-10-31 23:00:00,0,0.0485389,10.1557,0.0579269,0,0.0456402,0.00941545,0.00828241,0.0158383,0.0180638,1.66523e-06,0,0,0,0.618803,0.14312,0.0106626,0.00857489,0.0140711,0.00780121,2.485,2.74463,0.333323,0.00613474,8827.46,224442,45308.6,61979.1,666.895,157.608,21.4484,75.2215,17.06,3048.46,482.012,114.495,37624.7,3938.21,6080.03,147.69,5.95835,0.85689,16.2477,614.323,41.1606,5.5086,0.162005
setup,0,2008-11-01 23:00:00,0,0.051914,11.4468,0.0576488,0,0.0456231,0.00950279,0.00931535,0.0187011,0.0213963,1.65864e-06,0,0,0,0.618571,0.142983,0.0106091,0.00856343,0.0141237,0.00874922,3.2618,3.57297,0.338809,0.00590726,8827.38,224432,45299.7,61978.2,667.392,157.059,21.378,73.3529,16.3177,3048.97,481.988,114.482,37624.7,3934.63,6079.22,146.628,5.93326,0.853989,15.7742,616.673,41.1698,5.50837,0.163049
setup,0,2008-11-02 23:00:00,0,0.0549626,11.2411,0.0571472,0,0.0456061,0.00953349,0.00750486,0.0168965,0.0269115,1.63829e-06,0,0,0,0.618339,0.142847,0.010587,0.00855256,0.0137386,0.00956841,2.74644,2.99894,0.385103,0.00606723,8827.28,224421,45291.3,61973.3,668.38,156.507,21.3448,70.317,16.1018,3049.49,481.963,114.468,37624.6,3931.07,6075.77,146.708,5.90826,0.85242,15.0634,618.018,41.179,5.50813,0.169636
setup,0,2008-11-03 23:00:00,0,0.0596481,11.4162,0.0557113,0,0.0455894,0.00958895,0.00997193,0.0240825,0.0283347,1.6058e-06,0,0,0,0.618106,0.14271,0.0105875,0.00854213,0.0137851,0.010683,2.88416,3.17537,0.394648,0.00617334,8827.21,224410,45282.8,61968.1,669.27,155.956,21.2935,67.378,15.9242,3050,481.937,114.455,37624.4,3927.85,6070.92,146.556,5.88309,0.850185,14.341,619.639,41.1882,5.50788,0.170719
setup,0,2008-11-04 23:00:00,0,0.0667892,11.1958,0.0544076,0,0.0455727,0.00956862,0.00919373,0.0239251,0.0317743,1.57966e-06,0,0,0,0.617878,0.142575,0.0105059,0.0085302,0.013766,0.012442,2.67836,2.94325,0.427874,0.00653197,8827.16,224400,45276.3,61961.7,669.66,155.405,21.2461,64.846,15.9935,3050.51,481.91,114.442,37624.3,3926.77,6068.16,146.683,5.85783,0.848125,13.7451,620.804,41.1973,5.50761,0.176593
setup,0,2008-11-05 23:00:00,0,0.076568,11.2095,0.0534254,0,0.0455565,0.00947948,0.0122317,0.0328558,0.0322803,1.5443e-06,0,0,0,0.617654,0.14244,0.0103947,0.00851776,0.0138021,0.0138816,2.84399,3.16377,0.421947,0.00659674,8827.12,224389,45267.9,61956.5,669.594,154.855,21.1947,63.006,15.9888,3051.03,481.881,114.429,37624.2,3924.11,6063.7,146.392,5.83249,0.845842,13.2712,622.316,41.2063,5.50732,0.174125
setup,0,2008-11-06 23:00:00,0,0.086076,10.8526,0.0531426,0,0.0455403,0.00926618,0.00934456,0.0254606,0.0348053,1.50326e-06,0,0,0,0.617433,0.142305,0.0103168,0.00850594,0.0140476,0.0141455,2.63106,2.93183,0.452851,0.00680028,8827.06,224379,45262,61950.5,669.244,154.305,21.1683,61.3875,16.0741,3051.54,481.853,114.416,37624,3923.48,6061.69,146.359,5.80744,0.84447,12.8943,623.414,41.2152,5.50704,0.181412
setup,0,2008-11-07 23:00:00,0,0.0969609,10.8945,0.0519462,0,0.0455233,0.0090714,0.0121343,0.0353151,0.0359336,1.45814e-06,0,0,0,0.617208,0.14217,0.0103536,0.00849623,0.0136556,0.0173993,2.63576,2.93519,0.460471,0.00696583,8827.07,224369,45256,61944.3,668.574,153.762,21.1139,60.2953,16.1337,3052.05,481.823,114.402,37623.9,3922.99,6060.08,146.26,5.78244,0.842104,12.64,624.465,41.2242,5.50675,0.181904
setup,0,2008-11-08 23:00:00,0,0.117958,11.0361,0.0509609,0,0.0455058,0.00887502,0.0129573,0.0379661,0.0369916,1.41629e-06,0,0,0,0.616995,0.142036,0.0101235,0.00848169,0.0137352,0.0191035,2.67109,2.97558,0.469908,0.00724337,8827.09,224358,45250,61938,667.691,153.221,21.0459,59.4814,16.2014,3052.56,481.793,114.389,37623.7,3922.6,6058.81,146.121,5.75726,0.839234,12.4564,625.498,41.2328,5.50645,0.182476
setup,0,2008-11-09 23:00:00,0,0.14225,11.0962,0.0503752,0,0.0454879,0.00868481,0.0129189,0.037892,0.0380827,1.37501e-06,0,0,0,0.616786,0.141911,0.0100128,0.00846933,0.0137569,0.0208216,2.69571,3.01879,0.482203,0.00749906,8827.12,224348,45243.9,61931.8,666.673,152.681,20.976,58.809,16.2869,3053.07,481.76,114.377,37623.6,3922.19,6057.73,145.948,5.73203,0.836285,12.3072,626.535,41.2413,5.50612,0.184088
setup,0,2008-11-10 23:00:00,0,0.169101,11.0247,0.0499561,0,0.0454695,0.00853154,0.0130515,0.0385254,0.0386458,1.33336e-06,0,0,0,0.616579,0.141796,0.00994563,0.00845777,0.0137233,0.0224313,2.69153,3.03565,0.490645,0.00765769,8827.14,224337,45237.9,61925.6,665.566,152.142,20.9135,58.24,16.3823,3053.57,481.728,114.364,37623.4,3921.77,6056.78,145.75,5.70696,0.833572,12.1811,627.577,41.2498,5.5058,0.185517
setup,0,2008-11-11 23:00:00,0,0.197737,11.0005,0.0495799,0,0.0454509,0.00842053,0.0137093,0.040724,0.0385756,1.2943e-06,0,0,0,0.616372,0.141682,0.00989018,0.00844647,0.0136866,0.0242285,2.68909,3.04466,0.493252,0.00774406,8827.18,224327,45231.8,61919.5,664.406,151.608,20.8498,57.7867,16.4574,3054.08,481.696,114.351,37623.3,3921.34,6055.92,145.535,5.68207,0.830792,12.0826,628.614,41.2581,5.50548,0.185796
setup,0,2008-11-12 23:00:00,0,0.231042,10.9579,0.0491192,0,0.0454323,0.00836366,0.013762,0.0407382,0.0383689,1.25987e-06,0,0,0,0.616168,0.141567,0.00979928,0.00843453,0.0136899,0.0258712,2.68313,3.04895,0.496201,0.00781373,8827.22,224317,45225.8,61913.5,663.219,151.077,20.7896,57.3876,16.5313,3054.58,481.664,114.339,37623.1,3920.92,6055.13,145.314,5.65737,0.828111,11.9973,629.647,41.2664,5.50515,0.186282
setup,0,2008-11-13 23:00:00,0,0.265824,10.7837,0.0486578,0,0.0454139,0.00836357,0.0140821,0.0414815,0.0374067,1.22732e-06,0,0,0,0.615965,0.14145,0.0097305,0.00842302,0.0137815,0.0277428,2.65049,3.02815,0.49336,0.00779529,8827.25,224307,45219.9,61907.5,662.02,150.549,20.742,57.0364,16.608,3055.09,481.633,114.326,37623,3920.53,6054.4,145.088,5.63303,0.825838,11.9228,630.672,41.2747,5.50484,0.185977
setup,0,2008-11-14 23:00:00,0,0.302714,10.636,0.0482636,0,0.045396,0.00840291,0.0150458,0.0439224,0.0356206,1.19523e-06,0,0,0,0.615764,0.141331,0.00967003,0.00841167,0.0136657,0.0296402,2.61704,3.00336,0.483591,0.00770374,8827.29,224297,45214.3,61901.6,660.824,150.025,20.6996,56.756,16.6804,3055.6,481.602,114.314,37622.8,3920.17,6053.73,144.867,5.60906,0.82371,11.8649,631.681,41.283,5.50454,0.183782
setup,0,2008-11-15 23:00:00,0,0.342083,10.4804,0.0479679,0,0.0453786,0.00846945,0.0155048,0.0442382,0.0332044,1.16635e-06,0,0,0,0.615564,0.141212,0.00960882,0.00840033,0.0136354,0.0324965,2.57869,2.96846,0.470581,0.00755763,8827.33,224287,45208.8,61895.8,659.645,149.506,20.6609,56.5444,16.7437,3056.11,481.573,114.302,37622.7,3919.9,6053.14,144.657,5.5855,0.821673,11.8253,632.665,41.2912,5.50425,0.180951
setup,0,2008-11-16 23:00:00,0,0.391371,10.4186,0.0477091,0,0.0453619,0.00856595,0.0153579,0.0424927,0.0310703,1.14353e-06,0,0,0,0.615367,0.141086,0.00950421,0.00838823,0.0136388,0.0346288,2.55889,2.94209,0.45963,0.00744768,8827.37,224277,45203.4,61889.9,658.477,148.992,20.6175,56.3937,16.8056,3056.62,481.545,114.289,37622.6,3919.71,6052.64,144.459,5.56221,0.819449,11.8012,633.626,41.2993,5.50397,0.178592
setup,0,2008-11-17 23:00:00,0,0.45181,10.4873,0.0476523,0,0.0453459,0.00871092,0.0147414,0.0395544,0.02974,1.12579e-06,0,0,0,0.61517,0.140965,0.00946412,0.0083773,0.0136321,0.0369871,2.56801,2.93768,0.45399,0.00743543,8827.41,224267,45198.1,61884.1,657.296,148.484,20.5601,56.3024,16.8799,3057.13,481.516,114.277,37622.5,3919.58,6052.26,144.267,5.53903,0.816732,11.79,634.573,41.3073,5.50368,0.177534
setup,0,2008-11-18 23:00:00,0,0.516811,10.4382,0.0477003,0,0.0453301,0.00886734,0.0138493,0.0361536,0.0286779,1.1126e-06,0,0,0,0.614975,0.140853,0.00936872,0.0083654,0.0136954,0.0395296,2.56028,2.92429,0.449999,0.00744504,8827.46,224257,45192.8,61878.5,656.084,147.979,20.5019,56.2577,16.984,3057.64,481.487,114.264,37622.3,3919.48,6051.98,144.072,5.51602,0.813991,11.7865,635.514,41.3152,5.50339,0.177572
setup,0,2008-11-19 23:00:00,0,0.583087,10.3823,0.0478418,0,0.0453145,0.0089588,0.0146645,0.0375303,0.0270213,1.09835e-06,0,0,0,0.614786,0.140726,0.00917313,0.00835173,0.0136361,0.0421732,2.54804,2.92105,0.439438,0.00739011,8827.5,224248,45187.6,61872.8,654.833,147.479,20.4382,56.3287,17.0919,3058.14,481.458,114.252,37622.2,3919.41,6051.78,143.868,5.49326,0.811043,11.8072,636.453,41.3228,5.50311,0.175547
setup,0,2008-11-20 23:00:00,0,0.654069,10.3116,0.0482088,0,0.045299,0.00896106,0.0146233,0.0360949,0.0250728,1.09313e-06,0,0,0,0.614599,0.140592,0.00906487,0.00833963,0.0136311,0.0458263,2.53176,2.89975,0.426833,0.00731996,8827.54,224238,45182.4,61867.3,653.533,146.985,20.3684,56.5273,17.2157,3058.64,481.43,114.24,37622.1,3919.39,6051.66,143.658,5.47077,0.807873,11.8548,637.378,41.3304,5.50283,0.173573
setup,0,2008-11-21 23:00:00,0,0.733267,10.2836,0.048653,0,0.0452835,0.00892377,0.0143658,0.0340266,0.0232025,1.09054e-06,0,0,0,0.614415,0.140461,0.00892636,0.00832703,0.0136476,0.048929,2.52517,2.88392,0.414142,0.00728296,8827.58,224228,45177.3,61861.7,652.162,146.498,20.2853,56.8844,17.3651,3059.14,481.402,114.227,37622,3919.39,6051.6,143.434,5.4485,0.804233,11.9347,638.293,41.3378,5.50256,0.171632
setup,0,2008-11-22 23:00:00,0,0.808974,10.064,0.0490367,0,0.0452681,0.00889199,0.0123963,0.0280624,0.0216825,1.10103e-06,0,0,0,0.614236,0.140315,0.00876029,0.00831395,0.0137954,0.0496082,2.48472,2.82807,0.404775,0.00723515,8827.6,224219,45172.3,61856.5,650.727,146.016,20.2081,57.3522,17.5418,3059.64,481.376,114.215,37621.9,3919.41,6051.62,143.194,5.42663,0.800816,12.0353,639.194,41.345,5.5023,0.172506
setup,0,2008-11-23 23:00:00,0,0.920432,9.7814,0.0491892,0,0.0452526,0.00887903,0.010936,0.0240557,0.0205262,1.11074e-06,0,0,0,0.614056,0.140156,0.00870365,0.00830284,0.0136375,0.0687769,2.42553,2.77547,0.39906,0.00710101,8827.81,224210,45167.6,61851.7,649.292,145.539,20.1467,57.8743,17.6872,3060.14,481.351,114.204,37621.8,3919.43,6051.7,142.945,5.40523,0.797972,12.1476,640.06,41.3522,5.50206,0.17452
setup,0,2008-11-24 23:00:00,0,1.04432,9.58712,0.049008,0,0.0452367,0.00889927,0.0110433,0.023862,0.0196508,1.12524e-06,0,0,0,0.613878,0.13998,0.00866157,0.0066644,0.0136505,0.120616,2.38242,2.7326,0.39183,0.0069237,8828.02,224201,45162.9,61847.1,647.893,145.065,20.0955,58.4093,17.8106,3060.65,481.327,114.193,37621.6,3919.45,6051.82,142.691,5.3826,0.795495,12.2632,640.869,41.3593,5.50183,0.174802
setup,0,2008-11-25 23:00:00,0,1.17233,9.3752,0.048769,0,0.0452202,0.00887801,0.0121278,0.0256869,0.0182586,1.13426e-06,0,0,0,0.6137,0.139801,0.00864654,0.0066564,0.0136622,0.1283,2.33126,2.6859,0.377141,0.00669131,8828.26,224192,45158.4,61842.5,646.503,144.597,20.0484,59.0179,17.9365,3061.16,481.306,114.182,37621.4,3919.46,6051.95,142.438,5.36044,0.793125,12.394,641.656,41.3665,5.50163,0.171965
setup,0,2008-11-26 23:00:00,0,1.23441,9.15417,0.0485963,0,0.0452044,0.00885313,0.0116667,0.0238855,0.0167509,1.14156e-06,0,0,0,0.613523,0.139624,0.00855368,0.0066472,0.0136769,0.137981,2.27794,2.62046,0.362455,0.00648498,8828.53,224183,45154,61838,645.089,144.136,19.9978,59.744,18.0787,3061.66,481.286,114.172,37621.2,3919.48,6052.07,142.186,5.33877,0.790618,12.5487,642.404,41.3736,5.50145,0.17004
setup,0,2008-11-27 23:00:00,0,1.33077,8.93284,0.0484285,0,0.0451889,0.0088606,0.0114991,0.0226904,0.0151479,1.13979e-06,0,0,0,0.613358,0.147727,0.00844364,0.00663782,0.0136331,0.155761,2.22938,2.56104,0.346633,0.0063265,8828.9,224175,45149.7,61833.6,643.607,143.684,19.9356,60.6346,18.285,3062.16,481.268,114.162,37621.1,3919.51,6052.19,141.918,5.31758,0.787708,12.7333,643.12,41.3806,5.50128,0.167809
setup,0,2008-11-28 23:00:00,0,1.41944,8.58507,0.0484374,0,0.0451734,0.00893326,0.010261,0.0192946,0.0136672,1.14306e-06,0,0,0,0.613193,0.161346,0.00819262,0.00662589,0.0137033,0.165576,2.1614,2.47814,0.331138,0.00617511,8829.32,224167,45145.7,61829.6,642.038,143.24,19.8754,61.6958,18.555,3062.67,481.251,114.151,37620.9,3919.53,6052.31,141.626,5.29696,0.784866,12.948,643.81,41.3873,5.50114,0.166711
setup,0,2008-11-29 23:00:00,0,1.49816,8.22671,0.0486144,0,0.0451579,0.00900228,0.00960275,0.0173086,0.0123569,1.1421e-06,0,0,0,0.613027,0.182275,0.00814486,0.00661743,0.0137071,0.177391,2.08551,2.39483,0.31614,0.00599355,8829.82,224159,45142,61825.9,640.422,142.803,19.8166,62.9168,18.85,3063.17,481.238,114.141,37620.7,3919.56,6052.42,141.315,5.27695,0.782084,13.1924,644.465,41.3939,5.50103,0.16557
setup,0,2008-11-30 23:00:00,0,1.5608,7.85475,0.0488555,0,0.0451422,0.00905,0.00920329,0.0159243,0.0111678,1.14473e-06,0,0,0,0.612863,0.200592,0.00807018,0.00660852,0.0136389,0.184306,2.00405,2.307,0.301066,0.00578045,8830.38,224152,45138.6,61822.4,638.798,142.374,19.7638,64.2559,19.1434,3063.68,481.227,114.131,37620.5,3919.59,6052.54,140.994,5.25759,0.779517,13.46,645.085,41.4006,5.50094,0.164112
setup,0,2008-12-01 23:00:00,0,1.6339,7.60006,0.0490756,0,0.0451263,0.00908083,0.00927958,0.0154509,0.010127,1.14751e-06,0,0,0,0.6127,0.226769,0.00800634,0.00659978,0.0136313,0.192518,1.94099,2.24477,0.28667,0.00558003,8831.07,224145,45135.3,61820.1,637.176,141.954,19.7108,65.7183,19.4208,3064.18,481.218,114.121,37620.3,3919.63,6052.77,140.668,5.23876,0.77695,13.7505,645.674,41.4071,5.50089,0.161483
setup,0,2008-12-02 23:00:00,0,1.64633,7.65922,0.0493401,0,0.0451099,0.00910428,0.00947919,0.0149399,0.00935125,1.15263e-06,0,0,0,0.612541,0.221523,0.00784934,0.00658945,0.013626,0.178872,1.98185,2.25841,0.277183,0.00540874,8831.75,224138,45131.9,61817.8,635.499,141.514,19.726,67.2076,19.6093,3064.7,481.208,114.111,37620.1,3919.65,6053.01,140.278,5.21943,0.776657,14.0428,646.327,41.4137,5.50082,0.157593
setup,0,2008-12-03 23:00:00,0,1.67356,7.39912,0.0499153,0,0.0450937,0.00912136,0.00845066,0.0127612,0.00880817,1.16851e-06,0,0,0,0.612381,0.250882,0.00784854,0.00658158,0.0136568,0.183621,1.92381,2.19013,0.265802,0.00526041,8832.56,224132,45128.6,61815,633.754,141.069,19.7695,68.6942,19.9461,3065.23,481.199,114.101,37619.9,3919.67,6053.16,139.913,5.20029,0.777318,14.3258,646.949,41.4205,5.50076,0.155223
setup,0,2008-12-04 23:00:00,0,1.74097,7.20087,0.0505124,0,0.045077,0.00915851,0.00785672,0.0114904,0.00824821,1.19078e-06,0,0,0,0.612227,0.287097,0.00764151,0.0065703,0.0136567,0.190603,1.87417,2.12846,0.254879,0.00512056,8833.54,224125,45125.5,61812.4,631.995,140.629,19.8146,70.2717,20.2987,3065.76,481.192,114.091,37619.6,3919.7,6053.3,139.549,5.1815,0.778043,14.6227,647.537,41.427,5.50072,0.153711
setup,0,2008-12-05 23:00:00,0,1.66967,6.73774,0.0510346,0,0.0450596,0.00919696,0.00738581,0.0104513,0.00754644,1.23556e-06,0,0,0,0.612077,0.24799,0.00748754,0.00655997,0.0136372,0.161722,1.78109,2.03339,0.242605,0.00494947,8834.35,224119,45122.8,61809.9,630.165,140.188,19.8918,71.9489,20.6265,3066.31,481.187,114.082,37619.5,3919.73,6053.42,139.18,5.16321,0.779874,14.9338,648.124,41.4336,5.50071,0.152066
setup,0,2008-12-06 23:00:00,0,1.55587,6.23106,0.0515283,0,0.0615931,0.00923587,0.00691337,0.00949588,0.0068416,1.3186e-06,0,0,0,0.611922,0.213858,0.00761164,0.00655447,0.0136302,0.138017,1.67869,1.92565,0.230029,0.00477069,8835.11,224113,45120.5,61807.6,628.281,139.747,20.0004,73.7047,20.9446,3066.86,481.186,114.072,37619.3,3919.76,6053.51,138.804,5.14548,0.782796,15.2574,648.683,41.4404,5.50074,0.150741
setup,0,2008-12-07 23:00:00,0,1.44026,5.72883,0.0517853,0,0.0705264,0.00928177,0.00647384,0.00865414,0.00620269,1.42924e-06,0,0,0,0.611764,0.174593,0.00767336,0.0065481,0.0136257,0.113158,1.57743,1.81489,0.217505,0.00460564,8835.66,224108,45118.6,61805.5,626.363,139.307,20.1357,75.504,21.2707,3067.42,481.187,114.063,37619.2,3919.8,6053.58,138.422,5.12832,0.786654,15.5862,649.232,41.4474,5.5008,0.149519
setup,0,2008-12-08 23:00:00,0,1.39669,5.28696,0.0519063,0,0.0721491,0.00930579,0.00608594,0.00796172,0.0056781,1.55454e-06,0,0,0,0.611594,0.175258,0.0079679,0.00654586,0.0136256,0.110111,1.48633,1.71303,0.205982,0.00445899,8836.21,224104,45117,61803.8,624.439,138.869,20.2907,77.3112,21.6463,3067.99,481.192,114.054,37619,3919.85,6053.65,138.036,5.11172,0.791206,15.9138,649.761,41.4548,5.50089,0.148711
setup,0,2008-12-09 23:00:00,0,1.46415,4.90452,0.0520139,0,0.0724414,0.00929557,0.00578125,0.00743737,0.00526432,1.68458e-06,0,0,0,0.611427,0.207436,0.00789293,0.00653728,0.0136257,0.122667,1.4074,1.61902,0.195585,0.00435216,8837,224099,45115.7,61802.3,622.508,138.435,20.4602,79.1198,22.1133,3068.56,481.199,114.045,37618.9,3919.89,6053.71,137.644,5.09562,0.796276,16.2366,650.265,41.4621,5.50101,0.148257
setup,0,2008-12-10 23:00:00,0,1.51177,4.54453,0.0523454,0,0.075026,0.00922364,0.00551399,0.007003,0.00494297,1.8206e-06,0,0,0,0.611274,0.219251,0.00744542,0.00652227,0.0136258,0.125034,1.33114,1.531,0.186345,0.00424814,8837.88,224095,45114.7,61801.1,620.601,138.003,20.6459,80.9043,22.6199,3069.14,481.208,114.036,37618.7,3919.93,6053.76,137.25,5.07999,0.801919,16.5507,650.748,41.4691,5.50116,0.147574
setup,0,2008-12-11 23:00:00,0,1.47643,4.22591,0.0529897,0,0.0813079,0.00909166,0.00527075,0.00666798,0.0046984,1.96797e-06,0,0,0,0.611124,0.197908,0.00732277,0.00651287,0.0136258,0.111971,1.25963,1.44954,0.178277,0.00413331,8838.61,224092,45113.9,61800.1,618.749,137.575,20.8462,82.6358,23.1126,3069.72,481.22,114.028,37618.5,3919.97,6053.81,136.862,5.06483,0.808085,16.8536,651.22,41.4761,5.50134,0.146913
setup,0,2008-12-12 23:00:00,0,1.35292,3.96339,0.0536218,0,0.0878449,0.00895767,0.00505326,0.00641182,0.00450791,2.13497e-06,0,0,0,0.610964,0.151571,0.00755608,0.00650966,0.0136326,0.084696,1.19738,1.37957,0.17133,0.00402032,8838.84,224088,45113.3,61799.2,616.963,137.15,21.0584,84.3015,23.5562,3070.31,481.234,114.018,37618.4,3920.01,6053.85,136.483,5.05009,0.814681,17.1453,651.691,41.4833,5.50154,0.146411
setup,0,2008-12-13 23:00:00,0,1.31245,3.80067,0.0540476,0,0.0923288,0.00887655,0.00484929,0.00617998,0.00435369,2.3058e-06,0,0,0,0.610771,0.156134,0.00848696,0.00651848,0.0136463,0.0870173,1.15272,1.32709,0.165429,0.00391474,8839.15,224085,45112.7,61798.6,615.247,136.731,21.2653,85.9288,23.9924,3070.9,481.25,114.008,37618.3,3920.04,6053.91,136.116,5.03574,0.821113,17.43,652.138,41.4915,5.50176,0.145558
setup,0,2008-12-14 23:00:00,0,1.32108,3.63346,0.0543559,0,0.0949443,0.00885528,0.00466915,0.00599208,0.00421621,2.47365e-06,0,0,0,0.610583,0.16519,0.00829863,0.0065081,0.0136294,0.091211,1.11128,1.27816,0.160058,0.00379959,8839.58,224082,45112.3,61798,613.593,136.315,21.4798,87.5056,24.4186,3071.49,481.267,113.999,37618.1,3920.08,6053.96,135.757,5.02168,0.827819,17.7071,652.56,41.4995,5.502,0.144491
setup,0,2008-12-15 23:00:00,0,1.22331,3.46029,0.0546086,0,0.0951219,0.00887041,0.00450375,0.00585429,0.00408602,2.65133e-06,0,0,0,0.610398,0.140081,0.00811733,0.00649782,0.0136262,0.0653125,1.06689,1.22809,0.154941,0.00367696,8839.34,224079,45111.9,61797.4,612.005,135.9,21.7057,89.021,24.794,3072.08,481.286,113.988,37618,3920.12,6054,135.41,5.00791,0.834935,17.9751,652.988,41.5073,5.50226,0.144074
setup,0,2008-12-16 23:00:00,0,1.14135,3.32451,0.0545174,0,0.0900768,0.00898338,0.00434045,0.00570567,0.00395902,2.80901e-06,0,0,0,0.610162,0.139731,0.00957463,0.00651561,0.0136256,0.0538153,1.02949,1.18728,0.150138,0.00355661,8838.92,224076,45111.6,61796.9,610.476,135.488,21.9379,90.4916,25.1402,3072.67,481.306,113.977,37617.9,3920.15,6054.04,135.076,4.99444,0.842276,18.2371,653.411,41.5167,5.50254,0.142965
setup,0,2008-12-17 23:00:00,0,1.11566,3.23574,0.0543978,0,0.0836206,0.00914937,0.00421335,0.0056162,0.00383176,2.95229e-06,0,0,0,0.609906,0.139444,0.0100935,0.00651735,0.0136256,0.0429597,1.00101,1.15323,0.145819,0.0034605,8838.45,224074,45111.4,61796.3,608.994,135.078,22.1727,91.9366,25.4459,3073.27,481.327,113.965,37617.8,3920.19,6054.07,134.752,4.98117,0.849723,18.4962,653.832,41.5266,5.50282,0.143259
setup,0,2008-12-18 23:00:00,0,1.11554,3.26599,0.054082,0,0.0731054,0.00932609,0.00409573,0.00547359,0.00371279,3.06316e-06,0,0,0,0.609642,0.139338,0.0103439,0.00651449,0.0136389,0.0567717,0.993257,1.14153,0.142217,0.00339848,8838.06,224071,45111.1,61796.2,607.553,134.676,22.3752,93.4251,25.7019,3073.86,481.349,113.954,37617.7,3920.23,6054.15,134.437,4.96809,0.856077,18.7606,654.236,41.5367,5.50311,0.142725
setup,0,2008-12-19 23:00:00,0,1.14345,3.28843,0.0546671,0,0.0745847,0.00935417,0.00401312,0.00536235,0.00359993,3.14783e-06,0,0,0,0.609392,0.139114,0.00983978,0.00649877,0.0136323,0.0539924,0.992916,1.12849,0.138841,0.00334752,8837.65,224068,45110.8,61796.1,606.149,134.279,22.5564,94.9331,25.9186,3074.44,481.371,113.942,37617.6,3920.26,6054.24,134.116,4.95512,0.861713,19.027,654.641,41.5462,5.50341,0.14249
setup,0,2008-12-20 23:00:00,0,1.1391,3.19772,0.0553051,0,0.0768753,0.00928638,0.0039608,0.00529444,0.00348884,3.22073e-06,0,0,0,0.609139,0.138853,0.00990356,0.00649271,0.0136346,0.0456764,0.975814,1.10538,0.135419,0.00330344,8837.21,224065,45110.5,61795.8,604.756,133.879,22.758,96.3978,26.134,3075.04,481.394,113.931,37617.5,3920.29,6054.3,133.793,4.94224,0.868051,19.2887,655.05,41.5559,5.50371,0.142167
setup,0,2008-12-21 23:00:00,0,1.11798,3.24829,0.0559384,0,0.0808003,0.00915787,0.00386214,0.00515108,0.00339549,3.28865e-06,0,0,0,0.608881,0.138674,0.0100742,0.00648851,0.0137512,0.0493463,0.972515,1.10278,0.132774,0.00325147,8836.78,224063,45110.2,61795.7,603.42,133.488,22.9231,97.8972,26.2936,3075.62,481.417,113.919,37617.4,3920.32,6054.4,133.481,4.92953,0.873157,19.5538,655.439,41.5656,5.50401,0.141846
setup,0,2008-12-22 23:00:00,0,1.12899,3.26129,0.0563673,0,0.0839191,0.00901469,0.00379105,0.00506816,0.00330893,3.34421e-06,0,0,0,0.608627,0.13964,0.00987327,0.00647804,0.0137791,0.0576649,0.970613,1.09425,0.130279,0.00319942,8836.43,224060,45109.8,61795.7,602.125,133.099,23.0745,99.3928,26.4213,3076.21,481.44,113.908,37617.2,3920.35,6054.51,133.169,4.91691,0.8778,19.8188,655.814,41.5752,5.50432,0.14133
setup,0,2008-12-23 23:00:00,0,1.16305,3.1771,0.0565145,0,0.0846597,0.00891691,0.00374352,0.00501646,0.00321764,3.39826e-06,0,0,0,0.60838,0.142748,0.00968813,0.00646819,0.0136654,0.0456949,0.954126,1.07466,0.127605,0.00315562,8836.08,224057,45109.6,61795.5,600.835,132.708,23.2479,100.852,26.549,3076.8,481.464,113.898,37617.1,3920.38,6054.58,132.857,4.90436,0.883199,20.0808,656.194,41.5846,5.50464,0.141495
setup,0,2008-12-24 23:00:00,0,1.14396,3.12846,0.0562501,0,0.0804763,0.00884967,0.00368756,0.00494112,0.00313166,3.44219e-06,0,0,0,0.608124,0.142635,0.00997059,0.00646711,0.0137106,0.039004,0.936868,1.05714,0.125057,0.0031188,8835.71,224055,45109.3,61795.2,599.562,132.319,23.4261,102.298,26.6572,3077.39,481.488,113.888,37617,3920.41,6054.64,132.556,4.89193,0.888766,20.3417,656.571,41.5943,5.50495,0.141091
setup,0,2008-12-25 23:00:00,0,1.12952,3.09826,0.0564989,0,0.0835882,0.00877534,0.00363516,0.00486287,0.00304823,3.47107e-06,0,0,0,0.607863,0.141991,0.0100958,0.00646344,0.0136514,0.032877,0.923608,1.04176,0.122528,0.00308626,8835.3,224052,45109,61795,598.308,131.932,23.6022,103.738,26.7458,3077.98,481.512,113.877,37616.9,3920.44,6054.71,132.264,4.8796,0.894271,20.6023,656.938,41.6042,5.50528,0.140892
setup,0,2008-12-26 23:00:00,0,1.10613,3.03263,0.0566343,0,0.0842636,0.0087358,0.00358832,0.00478863,0.00296581,3.49645e-06,0,0,0,0.607597,0.140789,0.0102343,0.00775828,0.0136576,0.0261637,0.908162,1.02315,0.120047,0.00305023,8834.83,224050,45108.8,61794.6,597.064,131.544,23.7916,105.155,26.8232,3078.57,481.538,113.867,37616.8,3920.48,6054.76,131.975,4.86866,0.900229,20.8618,657.303,41.6142,5.50561,0.140782
setup,0,2008-12-27 23:00:00,0,1.07145,2.96125,0.056745,0,0.0832659,0.00867331,0.00353561,0.0047163,0.00288913,3.53773e-06,0,0,0,0.607325,0.13897,0.0104474,0.00802997,0.0136387,0.0156302,0.890174,1.00424,0.117711,0.0030076,8834.29,224047,45108.7,61794.2,595.836,131.157,23.9936,106.547,26.8857,3079.16,481.563,113.855,37616.8,3920.51,6054.8,131.693,4.85811,0.90663,21.1196,657.666,41.6245,5.50594,0.14077
setup,0,2008-12-28 23:00:00,0,1.03674,2.90896,0.0568811,0,0.0827573,0.00860866,0.00348526,0.0046518,0.00281789,3.58826e-06,0,0,0,0.607044,0.137345,0.0107354,0.00807983,0.0136291,0.00733645,0.874136,0.987094,0.11551,0.00297039,8833.64,224045,45108.6,61793.8,594.623,130.771,24.2017,107.922,26.9329,3079.76,481.589,113.843,37616.7,3920.55,6054.83,131.418,4.84771,0.913251,21.3768,658.025,41.6351,5.50628,0.140581
setup,0,2008-12-29 23:00:00,0,1.01767,2.86576,0.0570927,0,0.0841239,0.00856851,0.00343665,0.00457798,0.00274704,3.64677e-06,0,0,0,0.606755,0.137058,0.0110236,0.00816262,0.0136256,0.000942539,0.860598,0.971706,0.113359,0.0029356,8832.92,224042,45108.5,61793.4,593.424,130.386,24.4134,109.286,26.9677,3080.36,481.616,113.83,37616.6,3920.58,6054.86,131.149,4.8375,0.919999,21.6343,658.379,41.646,5.50663,0.140336
setup,0,2008-12-30 23:00:00,0,1.00365,2.82691,0.0569552,0,0.0802678,0.00856364,0.00339133,0.00450921,0.00267747,3.72171e-06,0,0,0,0.606461,0.136813,0.0111953,0.00815589,0.0136296,0.000318448,0.848525,0.957619,0.111444,0.00290155,8832.18,224040,45108.4,61792.9,592.239,130.002,24.6269,110.642,26.9893,3080.95,481.642,113.817,37616.6,3920.62,6054.88,130.885,4.82737,0.926823,21.8925,658.727,41.657,5.50697,0.140671
setup,0,2008-12-31 23:00:00,0,0.997334,2.79204,0.0570502,0,0.0771504,0.00849815,0.00334695,0.00443721,0.00261538,3.8121e-06,0,0,0,0.606167,0.136569,0.0112147,0.00814629,0.0136258,0.000274632,0.837787,0.944687,0.109836,0.00286837,8831.45,224038,45108.3,61792.5,591.067,129.621,24.8413,111.992,26.9982,3081.55,481.669,113.804,37616.5,3920.65,6054.91,130.625,4.81733,0.933686,22.1515,659.07,41.6681,5.50733,0.140166
setup,0,2009-01-01 23:00:00,0,0.987865,2.75895,0.0574911,0,0.0842909,0.0083872,0.00330068,0.0043637,0.00255214,3.91497e-06,0,0,0,0.605872,0.136326,0.0112187,0.0081364,0.0136256,0.000255979,0.827868,0.932802,0.108002,0.0028323,8830.7,224035,45108.3,61792.1,589.911,129.24,25.0559,113.336,26.9941,3082.15,481.697,113.791,37616.5,3920.68,6054.93,130.367,4.80737,0.940566,22.4119,659.397,41.6792,5.50768,0.140083
setup,0,2009-01-02 23:00:00,0,0.980344,2.7306,0.0573548,0,0.082085,0.00836692,0.00325757,0.00429859,0.00248688,4.02535e-06,0,0,0,0.605578,0.136085,0.0112176,0.00812644,0.013626,0.000449808,0.818736,0.921608,0.106099,0.00279585,8829.98,224033,45108.3,61791.6,588.768,128.862,25.2699,114.676,26.978,3082.74,481.724,113.778,37616.4,3920.72,6054.95,130.113,4.79748,0.947435,22.6738,659.718,41.6903,5.50804,0.139661
setup,0,2009-01-03 23:00:00,0,0.980214,2.70745,0.0569472,0,0.0759257,0.00839986,0.00322386,0.00424483,0.0024199,4.1426e-06,0,0,0,0.605285,0.135848,0.0111729,0.00811577,0.0136257,0.000154695,0.810696,0.91137,0.104268,0.00276569,8829.23,224031,45108.2,61791.2,587.636,128.484,25.4828,116.013,26.9518,3083.34,481.752,113.765,37616.4,3920.75,6054.97,129.86,4.78766,0.954275,22.9373,660.038,41.7014,5.5084,0.139953
setup,0,2009-01-04 23:00:00,0,0.975169,2.68387,0.056985,0,0.0758729,0.00828258,0.003189,0.00417318,0.00235803,4.25452e-06,0,0,0,0.604991,0.135612,0.0112285,0.00810678,0.0136256,-2.46656e-14,0.803069,0.901544,0.102571,0.00273728,8828.45,224029,45108.2,61790.7,586.516,128.109,25.6944,117.344,26.9186,3083.94,481.78,113.752,37616.3,3920.79,6054.99,129.61,4.7779,0.961081,23.2021,660.352,41.7125,5.50876,0.139668
setup,0,2009-01-05 23:00:00,0,0.970746,2.66182,0.057143,0,0.0780853,0.00819768,0.00315589,0.00411037,0.00229359,4.35966e-06,0,0,0,0.604696,0.135373,0.0112484,0.00809721,0.0136256,-2.46656e-14,0.795789,0.892346,0.100693,0.00270871,8827.68,224027,45108.2,61790.3,585.405,127.735,25.9044,118.671,26.8811,3084.54,481.808,113.739,37616.3,3920.82,6055.01,129.361,4.76821,0.967838,23.4679,660.658,41.7237,5.50913,0.139627
setup,0,2009-01-06 23:00:00,0,0.970703,2.64245,0.0567957,0,0.0744438,0.00810177,0.00312922,0.00405626,0.00222918,4.46737e-06,0,0,0,0.6044,0.135136,0.0112436,0.00808724,0.0136256,-2.46656e-14,0.789092,0.883404,0.0989057,0.00268564,8826.86,224024,45108.2,61789.9,584.301,127.362,26.1124,119.993,26.842,3085.13,481.837,113.727,37616.2,3920.85,6055.03,129.113,4.75857,0.974534,23.7346,660.962,41.7348,5.50949,0.139897
setup,0,2009-01-07 23:00:00,0,0.968156,2.62319,0.0565877,0,0.073433,0.00792778,0.00310075,0.00398644,0.00216867,4.56548e-06,0,0,0,0.604102,0.134895,0.0112389,0.00807729,0.0136256,-2.46656e-14,0.782902,0.875118,0.0972347,0.00266382,8826.05,224022,45108.2,61789.4,583.204,126.991,26.3181,121.31,26.8046,3085.73,481.865,113.714,37616.2,3920.89,6055.05,128.867,4.74899,0.981164,24.0021,661.264,41.7459,5.50986,0.13948
setup,0,2009-01-08 23:00:00,0,0.960151,2.62963,0.0564042,0,0.0737536,0.00779797,0.00306014,0.00390841,0.00210974,4.67515e-06,0,0,0,0.603804,0.134657,0.0112341,0.00806736,0.0136262,-2.46656e-14,0.774947,0.870673,0.0957052,0.00263528,8825.25,224020,45108.2,61789.2,582.123,126.624,26.5042,122.641,26.7635,3086.32,481.894,113.701,37616.1,3920.92,6055.1,128.633,4.73948,0.987129,24.2721,661.55,41.757,5.51023,0.139497
setup,0,2009-01-09 23:00:00,0,0.955355,2.64975,0.0564238,0,0.0779695,0.00764201,0.00302628,0.00384376,0.00205515,4.78926e-06,0,0,0,0.603507,0.134421,0.0112294,0.00805744,0.013627,-2.46656e-14,0.778684,0.870196,0.0943191,0.00260902,8824.46,224018,45108.1,61789,581.059,126.26,26.668,123.989,26.7139,3086.92,481.922,113.688,37616.1,3920.95,6055.17,128.393,4.73003,0.992345,24.544,661.838,41.7681,5.5106,0.13917
setup,0,2009-01-10 23:00:00,0,0.943476,2.75054,0.0554326,0,0.07226,0.00775057,0.00297893,0.00373886,0.00200123,4.88437e-06,0,0,0,0.603213,0.134189,0.0112247,0.00804754,0.0136709,-2.46656e-14,0.794435,0.887121,0.0931972,0.00257862,8823.72,224016,45107.9,61789.3,580.043,125.903,26.7666,125.39,26.6332,3087.5,481.951,113.675,37616,3920.98,6055.3,128.147,4.72064,0.995353,24.8205,662.141,41.7791,5.51097,0.139128
setup,0,2009-01-11 23:00:00,0,0.927797,2.97796,0.0559845,0,0.0739323,0.00774269,0.00292651,0.00363969,0.00196812,4.95102e-06,0,0,0,0.602922,0.133976,0.01122,0.00803765,0.0136942,0.000493597,0.822104,0.908217,0.0929156,0.00254231,8823.05,224013,45107.5,61789.7,579.152,125.556,26.7567,126.825,26.483,3088.08,481.979,113.662,37616,3921.02,6055.47,127.913,4.7113,0.994678,25.0976,662.445,41.7899,5.51133,0.138266
setup,0,2009-01-12 23:00:00,0,0.921833,3.18384,0.0553287,0,0.0675676,0.00812712,0.00289651,0.0035679,0.00193256,4.9655e-06,0,0,0,0.602636,0.134513,0.0111207,0.00802622,0.0136464,0.00204077,0.860038,0.935611,0.0922818,0.00250939,8822.51,224010,45106.9,61789.9,578.401,125.215,26.6735,128.187,26.3144,3088.64,482.006,113.649,37615.9,3921.04,6055.65,127.671,4.70191,0.991527,25.3654,662.78,41.8006,5.51169,0.138132
setup,0,2009-01-13 23:00:00,0,0.929981,3.35872,0.0544569,0,0.0590906,0.00821657,0.00289133,0.00353395,0.00190741,4.91738e-06,0,0,0,0.602359,0.134555,0.0108108,0.00795558,0.0136819,0.00215204,0.889006,0.963056,0.0922015,0.00249608,8821.99,224008,45106.1,61790,577.76,124.877,26.5441,129.465,26.1362,3089.21,482.033,113.636,37615.9,3921.07,6055.83,127.431,4.69238,0.986817,25.6225,663.141,41.8108,5.51204,0.13862
setup,0,2009-01-14 23:00:00,0,0.941157,3.38324,0.0545741,0,0.0558339,0.00812079,0.00289891,0.00347891,0.00188034,4.80219e-06,0,0,0,0.602084,0.134618,0.0107796,0.00795856,0.0136537,0.00258497,0.897686,0.973827,0.092517,0.00250002,8821.48,224005,45105.3,61789.9,577.111,124.539,26.4274,130.72,25.973,3089.77,482.06,113.624,37615.8,3921.09,6055.98,127.185,4.68279,0.982549,25.8758,663.516,41.8211,5.51238,0.139003
setup,0,2009-01-15 23:00:00,0,0.946312,3.21581,0.0567925,0,0.0695624,0.00810802,0.00290433,0.00342557,0.00182193,4.64232e-06,0,0,0,0.60181,0.134042,0.0106931,0.00791045,0.0136536,0.00210683,0.869468,0.951088,0.0910952,0.00250414,8820.95,224002,45104.7,61789.5,576.333,124.194,26.3927,132.005,25.8498,3090.34,482.086,113.612,37615.8,3921.12,6056.09,126.946,4.67315,0.98107,26.133,663.855,41.8314,5.51273,0.138855
setup,0,2009-01-16 23:00:00,0,0.944217,2.99737,0.0554854,0,0.0621932,0.0080585,0.00289102,0.00335314,0.00175979,4.47031e-06,0,0,0,0.608241,0.133939,0.0111883,0.00798324,0.0136265,0.00236344,0.830193,0.914497,0.0891987,0.00249595,8820.41,223999,45104.3,61789.1,575.45,123.849,26.4532,133.283,25.7547,3090.92,482.114,113.599,37615.7,3921.15,6056.16,126.72,4.66406,0.982823,26.3921,664.174,41.8419,5.51309,0.13875
setup,0,2009-01-17 23:00:00,0,0.929567,2.87307,0.0523082,0,0.0638594,0.00781881,0.00285913,0.00328178,0.00171843,4.32705e-06,0,0,0,0.608367,0.132902,0.0111758,0.00788449,0.0136282,0.00124506,0.80405,0.890047,0.08796,0.00248074,8819.81,223997,45104,61788.6,574.547,123.502,26.5566,134.539,25.658,3091.51,482.142,113.587,37615.7,3921.19,6056.21,126.506,4.65502,0.986034,26.6495,664.472,41.8524,5.51345,0.138825
setup,0,2009-01-18 23:00:00,0,0.924283,2.79351,0.058588,0,0.0617963,0.00710989,0.00283219,0.00322121,0.00169619,4.21431e-06,0,0,0,0.60851,0.132679,0.0114154,0.00796697,0.0136277,0.000937687,0.784445,0.872724,0.0878724,0.00246848,8819.17,223995,45103.8,61788.1,573.644,123.157,26.6807,135.769,25.5543,3092.1,482.17,113.574,37615.6,3921.22,6056.25,126.303,4.64619,0.989954,26.9037,664.759,41.8632,5.51381,0.138629
setup,0,2009-01-19 23:00:00,0,0.921578,2.73033,0.0553957,0,0.074808,0.00704551,0.00281072,0.00316738,0.00165802,4.1495e-06,0,0,0,0.608673,0.132447,0.0115044,0.00795821,0.0136263,0.000445928,0.770901,0.85694,0.0860774,0.00245809,8818.47,223992,45103.6,61787.6,572.744,122.812,26.8208,136.972,25.4629,3092.69,482.198,113.561,37615.6,3921.25,6056.29,126.105,4.63748,0.99442,27.1549,665.028,41.874,5.51418,0.138466
setup,0,2009-01-20 23:00:00,0,0.917629,2.67839,0.0542074,0,0.069407,0.0069127,0.00279127,0.00311168,0.00161957,4.12141e-06,0,0,0,0.608856,0.132228,0.0116345,0.00795006,0.0136275,-1.15196e-14,0.759821,0.844101,0.084414,0.00244602,8817.71,223990,45103.4,61787.2,571.85,122.469,26.9712,138.152,25.3826,3093.28,482.227,113.549,37615.6,3921.28,6056.32,125.91,4.62889,0.999244,27.4032,665.298,41.885,5.51455,0.138366
setup,0,2009-01-21 23:00:00,0,0.904545,3.13584,0.0526628,0,0.0568394,0.00689078,0.00272226,0.00298227,0.00161826,4.12011e-06,0,0,0,0.60906,0.132014,0.0117496,0.00794165,0.0136451,9.65217e-05,0.812618,0.899173,0.0849042,0.00243156,8816.99,223987,45102.8,61787.4,571.241,122.148,26.8798,139.384,25.1845,3093.84,482.255,113.536,37615.5,3921.32,6056.51,125.738,4.62044,0.995881,27.6522,665.591,41.8957,5.51492,0.138155
setup,0,2009-01-22 23:00:00,0,0.894548,3.7151,0.0534583,0,0.0687602,0.00711675,0.002708,0.00296531,0.00165886,4.13598e-06,0,0,0,0.609291,0.131868,0.0117644,0.00793169,0.0136471,0.00144932,0.883999,0.953059,0.0857545,0.00241606,8816.42,223984,45101.7,61787.5,571.136,121.845,26.5888,140.234,24.9548,3094.39,482.282,113.523,37615.5,3921.34,6056.74,125.614,4.61192,0.985774,27.8578,665.9,41.9061,5.51526,0.13807
setup,0,2009-01-23 23:00:00,0,0.939678,4.50213,0.0525214,0,0.0588373,0.00727913,0.00222892,0.0027053,0.00191503,4.1672e-06,0,0,0,0.609559,0.137697,0.0115033,0.00791753,0.0136793,0.0300182,0.980635,1.0319,0.0886694,0.00241608,8816.09,223980,45099.7,61786.8,571.896,121.595,26.0044,140.38,24.6807,3094.88,482.307,113.51,37615.4,3921.36,6056.95,125.554,4.60383,0.96578,27.9901,666.24,41.9155,5.51559,0.140737
setup,0,2009-01-24 23:00:00,0,1.02633,4.62977,0.053983,0,0.0692442,0.0076496,0.00256733,0.00313519,0.00203461,4.14793e-06,0,0,0,0.609873,0.149595,0.0108468,0.00680151,0.0136375,0.0509513,1.01283,1.07549,0.0900746,0.00242697,8815.88,223976,45097.6,61786,572.47,121.345,25.4187,140.727,24.4941,3095.36,482.33,113.502,37615.3,3921.37,6057.17,125.485,4.59434,0.945788,28.1319,666.564,41.9241,5.5159,0.141771
setup,0,2009-01-25 23:00:00,0,1.05985,4.47077,0.0530242,0,0.0537264,0.00784202,0.00292141,0.00348351,0.00201948,4.08179e-06,0,0,0,0.610225,0.149955,0.0105868,0.00623535,0.0136259,0.050347,1.00088,1.06645,0.090323,0.00243082,8815.69,223972,45095.7,61785,572.722,121.093,24.934,141.343,24.3515,3095.85,482.354,113.493,37615.2,3921.39,6057.34,125.398,4.58425,0.929237,28.3031,666.886,41.9326,5.51622,0.141507
setup,0,2009-01-26 23:00:00,0,1.05308,4.30348,0.0535401,0,0.0565005,0.00777887,0.00310402,0.00363418,0.00197643,3.97119e-06,0,0,0,0.610605,0.149317,0.0106464,0.00623122,0.0136256,0.0479891,0.975782,1.05021,0.0899517,0.00243241,8815.48,223968,45094,61783.9,572.768,120.843,24.5289,142.156,24.1882,3096.34,482.378,113.484,37615.1,3921.41,6057.48,125.309,4.57433,0.915386,28.4964,667.177,41.9411,5.51653,0.1403
setup,0,2009-01-27 23:00:00,0,1.12967,4.64729,0.0523996,0,0.0562736,0.0077572,0.00319032,0.0034333,0.00186157,3.83809e-06,0,0,0,0.611016,0.180199,0.0107513,0.00622746,0.0136256,0.0771703,1.02308,1.09376,0.0911065,0.00242974,8815.62,223964,45091.9,61783.2,572.983,120.546,24.1741,142.623,24.0548,3096.87,482.4,113.477,37615,3921.43,6057.7,125.27,4.56333,0.903225,28.6441,667.45,41.9501,5.51683,0.139162
setup,0,2009-01-28 23:00:00,0,1.21876,4.45546,0.0552421,0,0.060404,0.00743934,0.00299652,0.00313362,0.00179779,3.68917e-06,0,0,0,0.611483,0.19463,0.0099651,0.00621182,0.0136256,0.0891231,1.01809,1.09422,0.0916287,0.00242245,8815.94,223960,45090,61782.1,572.912,120.244,23.9152,143.31,23.939,3097.41,482.422,113.472,37614.8,3921.44,6057.84,125.188,4.55225,0.894303,28.8102,667.718,41.9586,5.51712,0.138624
setup,0,2009-01-29 23:00:00,0,1.2038,3.95919,0.0531047,0,0.0528979,0.00744999,0.00293023,0.00298584,0.00167282,3.53431e-06,0,0,0,0.611994,0.184221,0.00970447,0.00620576,0.0136256,0.0743087,0.951662,1.03722,0.089931,0.00241296,8816.11,223957,45088.6,61781,572.48,119.932,23.8013,144.2,23.9074,3097.96,482.445,113.467,37614.7,3921.46,6057.93,125.081,4.54137,0.89026,28.998,667.984,41.967,5.51743,0.138668
setup,0,2009-01-30 23:00:00,0,1.15536,3.84261,0.051869,0,0.0542327,0.00729177,0.0028581,0.00286573,0.0016265,3.40008e-06,0,0,0,0.612528,0.179279,0.0101286,0.00620924,0.0136312,0.0641297,0.920808,1.00828,0.0888336,0.00240278,8816.18,223953,45087.4,61780.1,572.018,119.625,23.6944,145.186,23.8227,3098.51,482.469,113.46,37614.6,3921.49,6058.04,124.982,4.5308,0.886455,29.1975,668.234,41.9757,5.51775,0.138704
setup,0,2009-01-31 23:00:00,0,1.07006,3.43054,0.0534682,0,0.0542962,0.00706929,0.00282044,0.00278483,0.00154156,3.27933e-06,0,0,0,0.613089,0.158616,0.0104383,0.00621003,0.0136258,0.0425907,0.868999,0.959169,0.0866889,0.00238366,8815.98,223950,45086.5,61779.2,571.378,119.31,23.7051,146.187,23.7893,3099.08,482.495,113.451,37614.6,3921.51,6058.1,124.855,4.52052,0.886595,29.4005,668.504,41.9849,5.51808,0.138883
setup,0,2009-02-01 23:00:00,0,1.03902,3.21451,0.0522285,0,0.0566909,0.00698484,0.00275311,0.00268476,0.00148588,3.18865e-06,0,0,0,0.613668,0.167883,0.0111286,0.00621479,0.0136262,0.0473652,0.830098,0.920465,0.0843726,0.00235406,8815.85,223947,45085.8,61778.4,570.7,118.997,23.7547,147.217,23.7541,3099.65,482.521,113.442,37614.5,3921.54,6058.16,124.727,4.51061,0.888039,29.6081,668.749,41.9947,5.51842,0.13761
setup,0,2009-02-02 23:00:00,0,0.980729,3.07242,0.0504486,0,0.055901,0.00692733,0.00272288,0.00266979,0.00144069,3.13202e-06,0,0,0,0.614288,0.139352,0.0110374,0.006208,0.013626,0.0217572,0.804259,0.892145,0.0825535,0.00234508,8815.41,223945,45085.3,61777.8,570.002,118.685,23.8282,148.251,23.6916,3100.23,482.548,113.431,37614.4,3921.57,6058.22,124.596,4.50092,0.890285,29.8177,669.013,42.0044,5.51878,0.138505
setup,0,2009-02-03 23:00:00,0,0.922597,2.91564,0.0518975,0,0.0523415,0.00655134,0.0027007,0.00260718,0.00140626,3.09154e-06,0,0,0,0.614929,0.133503,0.0117225,0.00621088,0.0136256,0.0149808,0.780901,0.866557,0.0810554,0.00234146,8814.83,223942,45084.9,61777.2,569.281,118.372,23.9394,149.255,23.6387,3100.81,482.576,113.419,37614.4,3921.6,6058.26,124.457,4.4915,0.893797,30.0253,669.285,42.0148,5.51914,0.138066
setup,0,2009-02-04 23:00:00,0,0.903841,2.83044,0.0510018,0,0.0606656,0.00639969,0.00266263,0.00255586,0.00137529,3.07734e-06,0,0,0,0.6156,0.133311,0.0120773,0.00786604,0.0136258,0.0131942,0.763341,0.847971,0.0793961,0.00232299,8814.25,223940,45084.6,61776.6,568.572,118.061,24.0591,150.248,23.584,3101.39,482.604,113.407,37614.4,3921.63,6058.31,124.321,4.48399,0.897592,30.2322,669.543,42.0255,5.5195,0.137681
setup,0,2009-02-05 23:00:00,0,0.893764,2.76911,0.0497369,0,0.0564841,0.00619105,0.00262999,0.0025161,0.00134855,3.08288e-06,0,0,0,0.624354,0.133114,0.01267,0.00785743,0.013626,0.0128922,0.751344,0.833343,0.0780909,0.00230272,8813.65,223938,45084.3,61776.2,567.874,117.762,24.1836,151.228,23.5316,3101.97,482.633,113.395,37614.3,3921.67,6058.36,124.186,4.47715,0.901554,30.4377,669.802,42.0362,5.51987,0.137605
setup,0,2009-02-06 23:00:00,0,0.89093,2.69598,0.0501662,0,0.0595351,0.00584127,0.00261165,0.00250515,0.0013272,3.12605e-06,0,0,0,0.625652,0.132899,0.0128058,0.00784896,0.0136256,0.0104322,0.740549,0.819357,0.0771247,0.00228717,8812.98,223935,45084.1,61775.6,567.177,117.463,24.3268,152.178,23.4818,3102.55,482.662,113.383,37614.3,3921.69,6058.4,124.046,4.4705,0.906153,30.6402,670.06,42.0469,5.52024,0.137655
setup,0,2009-02-07 23:00:00,0,0.885847,2.63618,0.0486386,0,0.0546557,0.00559764,0.00259614,0.00247594,0.00130391,3.17546e-06,0,0,0,0.627023,0.132695,0.0130264,0.00784159,0.0136256,0.00567162,0.73071,0.808084,0.0759044,0.00227826,8812.26,223933,45083.9,61775.1,566.481,117.166,24.481,153.106,23.4438,3103.14,482.691,113.371,37614.2,3921.72,6058.43,123.903,4.46404,0.911126,30.8404,670.327,42.0578,5.52062,0.137816
setup,0,2009-02-08 23:00:00,0,0.868649,2.58446,0.0480169,0,0.054724,0.00521612,0.00257218,0.00244346,0.00128309,3.24109e-06,0,0,0,0.628471,0.132504,0.0132032,0.00783343,0.0136256,0.00146963,0.720872,0.79699,0.074842,0.00225908,8811.53,223931,45083.8,61774.7,565.79,116.872,24.6423,154.017,23.4109,3103.72,482.72,113.358,37614.2,3921.75,6058.46,123.761,4.45777,0.916345,31.0385,670.596,42.0687,5.521,0.137516
setup,0,2009-02-09 23:00:00,0,0.85609,2.54285,0.0470425,0,0.0552955,0.00485188,0.00255144,0.0024242,0.00126058,3.31989e-06,0,0,0,0.63,0.13231,0.0133184,0.00782413,0.0136256,-1.09098e-14,0.712559,0.787182,0.0735851,0.0022406,8810.77,223929,45083.7,61774.2,565.103,116.58,24.8079,154.913,23.3861,3104.31,482.75,113.346,37614.2,3921.78,6058.49,123.618,4.45168,0.921717,31.235,670.865,42.0797,5.52138,0.137578
setup,0,2009-02-10 23:00:00,0,0.856259,2.50871,0.0455368,0,0.0485809,0.00443112,0.0025399,0.00241239,0.00123621,3.41604e-06,0,0,0,0.631615,0.132118,0.0134355,0.0078146,0.0136258,-1.09098e-14,0.705657,0.778341,0.0723039,0.00222967,8810.01,223927,45083.6,61773.7,564.413,116.292,24.9759,155.799,23.3748,3104.9,482.779,113.333,37614.2,3921.81,6058.51,123.473,4.44576,0.927177,31.4303,671.14,42.0907,5.52176,0.137822
setup,0,2009-02-11 23:00:00,0,0.851316,2.49496,0.0441214,0,0.0458967,0.00405355,0.00251742,0.00236848,0.00121207,3.50231e-06,0,0,0,0.633317,0.131927,0.0135584,0.00780502,0.0136271,-1.09098e-14,0.695174,0.769525,0.0711216,0.00221322,8809.25,223925,45083.5,61773.3,563.728,116.007,25.1334,156.694,23.3773,3105.48,482.809,113.32,37614.1,3921.84,6058.55,123.34,4.44001,0.932289,31.6256,671.406,42.1016,5.52214,0.137389
setup,0,2009-02-12 23:00:00,0,0.850295,2.50041,0.0432815,0,0.048932,0.00374113,0.00250051,0.00235765,0.00118799,3.62447e-06,0,0,0,0.635111,0.131737,0.0136872,0.00779544,0.0136291,-1.09098e-14,0.696227,0.767801,0.0699787,0.00219737,8808.46,223923,45083.4,61772.9,563.049,115.728,25.2761,157.601,23.381,3106.07,482.839,113.308,37614.1,3921.87,6058.6,123.202,4.43444,0.936914,31.8217,671.674,42.1125,5.52252,0.13757
setup,0,2009-02-13 23:00:00,0,0.845622,2.49802,0.0419573,0,0.046028,0.00351316,0.00248439,0.00232149,0.00116421,3.74955e-06,0,0,0,0.637001,0.131544,0.013822,0.00778588,0.0136264,-1.09098e-14,0.693622,0.763718,0.0689091,0.00218212,8807.69,223921,45083.3,61772.6,562.374,115.451,25.4115,158.515,23.3871,3106.65,482.869,113.295,37614.1,3921.9,6058.65,123.064,4.42903,0.9413,32.018,671.944,42.1234,5.52291,0.137323
setup,0,2009-02-14 23:00:00,0,0.844458,2.46356,0.0400804,0,0.04489,0.00308194,0.00247641,0.0023104,0.00115021,3.8682e-06,0,0,0,0.638989,0.131352,0.0139633,0.00777633,0.0136273,-1.09098e-14,0.689054,0.756302,0.0688784,0.0021697,8806.9,223919,45083.2,61772.2,561.692,115.176,25.561,159.412,23.3925,3107.23,482.899,113.283,37614.1,3921.92,6058.69,122.921,4.42377,0.946173,32.2124,672.215,42.1344,5.52329,0.138036
setup,0,2009-02-15 23:00:00,0,0.841039,2.49373,0.0397611,0,0.0444753,0.0027964,0.00245375,0.00226568,0.00113002,3.95894e-06,0,0,0,0.641079,0.13116,0.014111,0.0077668,0.0136307,-1.09098e-14,0.689124,0.759563,0.0678295,0.00216193,8806.11,223917,45083,61771.9,561.029,114.908,25.68,160.335,23.3965,3107.82,482.928,113.27,37614.1,3921.95,6058.75,122.782,4.41871,0.950023,32.4085,672.486,42.1453,5.52367,0.137912
setup,0,2009-02-16 23:00:00,0,0.836372,2.48838,0.0382519,0,0.0441401,0.00253473,0.00244037,0.00223653,0.00110704,4.01992e-06,0,0,0,0.643274,0.130969,0.0142655,0.00775728,0.0136309,-1.09098e-14,0.684164,0.752853,0.0667103,0.00214872,8805.33,223914,45082.9,61771.6,560.369,114.643,25.796,161.256,23.4049,3108.4,482.958,113.257,37614.1,3921.98,6058.81,122.648,4.41382,0.953785,32.6034,672.752,42.1561,5.52405,0.137751
setup,0,2009-02-17 23:00:00,0,0.835147,2.78219,0.0375823,0,0.0438639,0.00253663,0.00240716,0.00218865,0.00109672,4.07538e-06,0,0,0,0.645579,0.130781,0.014427,0.00774777,0.0136433,-1.09098e-14,0.719816,0.785988,0.0663333,0.00214486,8804.54,223912,45082.4,61771.7,559.863,114.396,25.7577,162.277,23.3277,3108.96,482.987,113.245,37614,3922,6058.94,122.517,4.40914,0.952361,32.8038,673.035,42.1668,5.52443,0.137739
setup,0,2009-02-18 23:00:00,0,0.833049,3.25419,0.0357124,0,0.0436759,0.00290963,0.00240209,0.00215046,0.00111366,4.11382e-06,0,0,0,0.647996,0.13059,0.0145956,0.00773827,0.0136622,-1.09098e-14,0.775103,0.833508,0.067107,0.00214974,8803.79,223909,45081.5,61771.6,559.682,114.163,25.5434,163.165,23.1978,3109.51,483.015,113.232,37614,3922.02,6059.12,122.414,4.40446,0.945028,32.9893,673.335,42.1772,5.52479,0.137899
setup,0,2009-02-19 23:00:00,0,0.830835,3.01177,0.0343654,0,0.0439577,0.00310293,0.0024343,0.00214281,0.00108842,4.12365e-06,0,0,0,0.650533,0.130451,0.0147717,0.00772878,0.01363,0.000402202,0.766747,0.815468,0.0671595,0.00215095,8803.17,223907,45080.9,61771.2,559.279,113.922,25.4577,164.061,23.1844,3110.07,483.043,113.22,37614,3922.04,6059.22,122.271,4.39985,0.942043,33.1724,673.656,42.1878,5.52515,0.138041
setup,0,2009-02-20 23:00:00,0,0.825296,3.00927,0.0412632,0,0.0500755,0.00294086,0.00242534,0.00210183,0.00108404,4.10672e-06,0,0,0,0.653198,0.130283,0.0148633,0.00771817,0.0136354,0.000879059,0.766206,0.827051,0.0676497,0.00215145,8802.57,223904,45080.2,61770.8,558.873,113.684,25.3827,164.973,23.1215,3110.63,483.071,113.207,37614,3922.07,6059.32,122.129,4.39543,0.939425,33.3554,673.969,42.1983,5.52551,0.137652
setup,0,2009-02-21 23:00:00,0,0.824445,2.86263,0.0379534,0,0.0525962,0.00338861,0.00242775,0.00208554,0.00105948,4.04926e-06,0,0,0,0.655987,0.130102,0.0149378,0.00770729,0.0136272,0.000730896,0.745613,0.810031,0.0667817,0.00214956,8801.96,223902,45079.7,61770.3,558.378,113.444,25.3799,165.875,23.0829,3111.2,483.099,113.195,37613.9,3922.09,6059.4,121.989,4.39119,0.939247,33.5394,674.266,42.2089,5.52588,0.137817
setup,0,2009-02-22 23:00:00,0,0.825221,2.85548,0.0377162,0,0.0489891,0.00350147,0.00241856,0.00205135,0.00104488,3.97823e-06,0,0,0,0.658901,0.129913,0.0151728,0.0076983,0.013626,0.000431718,0.733791,0.800512,0.0661431,0.00215377,8801.3,223899,45079.2,61769.9,557.896,113.209,25.3744,166.781,23.0242,3111.76,483.128,113.182,37613.9,3922.11,6059.48,121.869,4.38722,0.938986,33.723,674.548,42.2194,5.52625,0.137657
setup,0,2009-02-23 23:00:00,0,0.822299,2.73635,0.0371311,0,0.0457593,0.00352761,0.00242077,0.00202596,0.00102572,3.90459e-06,0,0,0,0.661943,0.129728,0.0154545,0.00768977,0.0136291,0.00024872,0.719034,0.785182,0.0654841,0.00215275,8800.62,223897,45078.8,61769.4,557.364,112.972,25.4228,167.659,22.9825,3112.33,483.156,113.17,37613.9,3922.14,6059.54,121.745,4.38351,0.940548,33.9051,674.829,42.2301,5.52662,0.137829
setup,0,2009-02-24 23:00:00,0,0.818113,2.73352,0.0384858,0,0.047465,0.00335216,0.00240608,0.00199352,0.00101536,3.8564e-06,0,0,0,0.665118,0.129541,0.0157166,0.0076809,0.0136548,0.000112474,0.709835,0.778014,0.0651116,0.00215002,8799.9,223895,45078.4,61769,556.858,112.743,25.4594,168.536,22.9235,3112.91,483.185,113.158,37613.9,3922.17,6059.61,121.636,4.38009,0.94172,34.0856,675.096,42.2408,5.52699,0.137689
setup,0,2009-02-25 23:00:00,0,0.816285,2.70268,0.038047,0,0.0492401,0.00328763,0.002403,0.0019711,0.00100015,3.8192e-06,0,0,0,0.668429,0.129364,0.0159762,0.0076719,0.0136391,0.000101433,0.704112,0.770178,0.0643875,0.00214917,8799.18,223892,45078.1,61768.6,556.355,112.517,25.5038,169.397,22.8722,3113.48,483.214,113.145,37613.8,3922.19,6059.68,121.527,4.37695,0.94316,34.2638,675.36,42.2515,5.52737,0.13762
setup,0,2009-02-26 23:00:00,0,0.813614,2.61512,0.0377549,0,0.0472253,0.0031164,0.00240514,0.00195542,0.000982082,3.80964e-06,0,0,0,0.671881,0.129188,0.0162133,0.00766253,0.0136437,-3.18484e-15,0.695177,0.759401,0.0635798,0.0021456,8798.44,223890,45077.8,61768.1,555.82,112.292,25.5869,170.229,22.835,3114.05,483.244,113.133,37613.8,3922.22,6059.73,121.412,4.37407,0.945916,34.4397,675.628,42.2623,5.52774,0.137574
setup,0,2009-02-27 23:00:00,0,0.810494,2.57158,0.0372445,0,0.0434505,0.00283638,0.00239877,0.00193127,0.000965699,3.81534e-06,0,0,0,0.675477,0.12901,0.0164756,0.00765336,0.0136564,-3.18484e-15,0.685998,0.751195,0.0628104,0.00214226,8797.67,223888,45077.6,61767.7,555.282,112.071,25.6801,171.05,22.8019,3114.63,483.273,113.12,37613.8,3922.24,6059.79,121.3,4.3715,0.949017,34.6141,675.895,42.2731,5.52812,0.13756
setup,0,2009-02-28 23:00:00,0,0.805901,2.50494,0.0366851,0,0.041806,0.00242421,0.00239505,0.00191452,0.00094831,3.84223e-06,0,0,0,0.679219,0.128831,0.0167289,0.00764399,0.0136385,-3.18484e-15,0.677687,0.741056,0.0619836,0.00213456,8796.89,223886,45077.4,61767.2,554.729,111.853,25.7986,171.847,22.7761,3115.21,483.303,113.108,37613.8,3922.27,6059.82,121.183,4.36921,0.952981,34.7865,676.164,42.284,5.5285,0.137675
setup,0,2009-03-01 23:00:00,0,0.797806,2.46405,0.03554,0,0.0414083,0.00186346,0.00238013,0.00188254,0.000930565,3.87851e-06,0,0,0,0.683112,0.12865,0.0169919,0.00763463,0.0136363,-3.18484e-15,0.667852,0.732389,0.0611057,0.00212096,8796.12,223884,45077.3,61766.7,554.175,111.64,25.923,172.633,22.7597,3115.79,483.332,113.095,37613.8,3922.3,6059.86,121.071,4.36724,0.957156,34.9574,676.428,42.2948,5.52888,0.137477
setup,0,2009-03-02 23:00:00,0,0.789054,2.42397,0.0341127,0,0.0410247,0.00123104,0.00236374,0.00186419,0.000911346,3.94338e-06,0,0,0,0.68716,0.128472,0.0172648,0.00762529,0.0136505,-3.18484e-15,0.661522,0.724401,0.0601097,0.00210096,8795.34,223882,45077.1,61766.2,553.618,111.431,26.0556,173.408,22.7522,3116.37,483.362,113.083,37613.8,3922.32,6059.89,120.956,4.36557,0.961614,35.127,676.692,42.3057,5.52927,0.137483
setup,0,2009-03-03 23:00:00,0,0.784944,2.38928,0.0320929,0,0.0405874,0.000480291,0.00235232,0.00185176,0.00088976,4.04247e-06,0,0,0,0.691365,0.128295,0.0175479,0.00761595,0.0136287,-3.18484e-15,0.655856,0.717676,0.0590027,0.00208533,8794.56,223880,45077,61765.7,553.057,111.227,26.1939,174.171,22.7564,3116.95,483.392,113.071,37613.8,3922.35,6059.91,120.837,4.36421,0.966282,35.2958,676.958,42.3166,5.52966,0.137808
setup,0,2009-03-04 23:00:00,0,0.785912,2.36042,0.0294477,0,0.0400784,3.93056e-05,0.00234903,0.00183914,0.000865323,4.1525e-06,0,0,0,0.695733,0.128119,0.0178414,0.00760663,0.0136337,-3.18484e-15,0.65039,0.711134,0.0578311,0.00207875,8793.75,223878,45076.9,61765.2,552.486,111.028,26.3347,174.93,22.7791,3117.53,483.423,113.058,37613.8,3922.37,6059.94,120.716,4.36316,0.971045,35.4639,677.225,42.3274,5.53004,0.138278
setup,0,2009-03-05 23:00:00,0,0.786256,2.34659,0.0267529,0,0.0395391,3.98473e-05,0.00234435,0.0018143,0.000839173,4.25468e-06,0,0,0,0.700266,0.127938,0.0181454,0.00759732,0.0136469,-3.18484e-15,0.642686,0.703991,0.05668,0.00207363,8792.93,223876,45076.8,61764.7,551.911,110.835,26.4685,175.693,22.8195,3118.11,483.453,113.046,37613.7,3922.4,6059.96,120.601,4.36243,0.975586,35.6322,677.486,42.3383,5.53043,0.138551
setup,0,2009-03-06 23:00:00,0,0.782564,2.35955,0.0244857,0,0.0390243,4.20315e-05,0.00233191,0.00178085,0.000813713,4.37438e-06,0,0,0,0.704967,0.127758,0.0184603,0.00758802,0.0136307,-3.18484e-15,0.639298,0.700215,0.0556446,0.00206361,8792.12,223874,45076.7,61764.3,551.345,110.65,26.5805,176.474,22.8664,3118.69,483.483,113.034,37613.7,3922.42,6060.01,120.49,4.36202,0.979403,35.8012,677.744,42.3491,5.53081,0.138478
setup,0,2009-03-07 23:00:00,0,0.773015,2.32794,0.0224292,0,0.0385292,4.41449e-05,0.00231868,0.00174464,0.000788754,4.51619e-06,0,0,0,0.70984,0.127579,0.0187861,0.00757874,0.0136269,-3.18484e-15,0.637202,0.693764,0.0545612,0.00204323,8791.32,223872,45076.5,61763.8,550.769,110.469,26.7051,177.249,22.9177,3119.27,483.513,113.021,37613.7,3922.45,6060.04,120.371,4.36194,0.983662,35.9694,678.006,42.36,5.5312,0.138055
setup,0,2009-03-08 23:00:00,0,0.758993,2.36492,0.0203856,0,0.0380663,4.61326e-05,0.00228158,0.0016976,0.000764864,4.67155e-06,0,0,0,0.714888,0.127403,0.0191232,0.00756946,0.0136393,-3.18484e-15,0.636544,0.696086,0.0535148,0.00201185,8790.55,223870,45076.4,61763.4,550.225,110.298,26.7933,178.05,22.9581,3119.84,483.543,113.009,37613.7,3922.47,6060.09,120.258,4.36223,0.986707,36.1399,678.264,42.3707,5.53159,0.13739
setup,0,2009-03-09 23:00:00,0,0.753267,2.4053,0.0184356,0,0.0376884,4.74729e-05,0.00225906,0.00167627,0.00074222,4.79997e-06,0,0,0,0.720115,0.127231,0.0194716,0.0075602,0.0136294,-3.18484e-15,0.635524,0.69525,0.0524988,0.00198682,8789.78,223868,45076.2,61763.1,549.71,110.134,26.8551,178.864,22.9829,3120.42,483.573,112.997,37613.7,3922.5,6060.16,120.155,4.36287,0.988877,36.3111,678.516,42.3815,5.53197,0.137428
setup,0,2009-03-10 23:00:00,0,0.748706,2.35737,0.0162071,0,0.0373224,4.80513e-05,0.0022491,0.0016386,0.000719509,4.87873e-06,0,0,0,0.725524,0.127061,0.0198315,0.00755096,0.0136272,-3.18484e-15,0.629636,0.684038,0.0514781,0.00196885,8789.01,223866,45076,61762.7,549.175,109.974,26.9489,179.653,23.0122,3120.99,483.603,112.984,37613.7,3922.52,6060.2,120.05,4.36385,0.992143,36.4808,678.765,42.3923,5.53236,0.137143
setup,0,2009-03-11 23:00:00,0,0.745546,2.3377,0.0143485,0,0.0369172,4.98047e-05,0.00223284,0.00160527,0.00070353,4.9121e-06,0,0,0,0.731116,0.126893,0.0202031,0.00754172,0.0136263,-3.18484e-15,0.627779,0.682766,0.051501,0.00195557,8788.24,223864,45075.8,61762.3,548.641,109.819,27.0487,180.435,23.0321,3121.57,483.633,112.972,37613.7,3922.54,6060.24,119.939,4.3652,0.995627,36.6496,679.016,42.4031,5.53275,0.137726
setup,0,2009-03-12 23:00:00,0,0.743713,2.30642,0.0115412,0,0.0364626,4.91304e-05,0.00222248,0.00157191,0.000679615,4.90446e-06,0,0,0,0.736893,0.126724,0.0205867,0.0075325,0.0136279,-3.18484e-15,0.623298,0.676195,0.0501559,0.00194652,8787.46,223863,45075.7,61761.8,548.1,109.67,27.1634,181.203,23.0558,3122.15,483.663,112.96,37613.7,3922.57,6060.27,119.826,4.36693,0.999631,36.8171,679.267,42.4139,5.53313,0.137849
setup,0,2009-03-13 23:00:00,0,0.74039,2.27783,0.00939763,0,0.0359052,4.98543e-05,0.00221056,0.00153135,0.000654047,4.87881e-06,0,0,0,0.742858,0.126552,0.0209822,0.00752329,0.0136258,-3.18484e-15,0.619507,0.670112,0.0487495,0.00193961,8786.67,223861,45075.6,61761.3,547.553,109.527,27.2863,181.961,23.0883,3122.72,483.693,112.947,37613.7,3922.59,6060.29,119.709,4.36906,1.00393,36.9833,679.521,42.4247,5.53352,0.137929
setup,0,2009-03-14 23:00:00,0,0.735043,2.25335,0.0071639,0,0.0352722,5.15094e-05,0.00219497,0.00149115,0.000624737,4.85756e-06,0,0,0,0.749013,0.126381,0.0213899,0.00751409,0.0136262,-3.18484e-15,0.614693,0.664213,0.0472741,0.00192574,8785.9,223859,45075.5,61760.7,547.002,109.39,27.4121,182.711,23.1318,3123.3,483.724,112.935,37613.7,3922.61,6060.31,119.59,4.37159,1.00835,37.1485,679.776,42.4355,5.53391,0.13793
setup,0,2009-03-15 23:00:00,0,0.728277,2.23139,0.00485941,0,0.0345985,5.34969e-05,0.00217575,0.00145032,0.000592169,4.86643e-06,0,0,0,0.75536,0.126212,0.0218098,0.0075049,0.0136256,-3.18484e-15,0.609485,0.657833,0.0456771,0.00190385,8785.13,223857,45075.3,61760.2,546.45,109.26,27.5382,183.457,23.1866,3123.88,483.754,112.923,37613.7,3922.63,6060.33,119.47,4.37454,1.01279,37.3129,680.031,42.4464,5.5343,0.137834
setup,0,2009-03-16 23:00:00,0,0.720579,2.21069,0.00246344,0,0.0338925,5.56528e-05,0.00215329,0.00141121,0.000557272,4.9308e-06,0,0,0,0.761901,0.126046,0.0222421,0.00749573,0.0136256,-3.18484e-15,0.603968,0.651183,0.0439506,0.0018756,8784.37,223855,45075.2,61759.6,545.897,109.138,27.6634,184.199,23.2508,3124.46,483.784,112.911,37613.7,3922.66,6060.35,119.35,4.37792,1.01722,37.4769,680.285,42.4572,5.53469,0.13782
setup,0,2009-03-17 23:00:00,0,0.719751,2.19416,0.00013355,0,0.0331548,5.78719e-05,0.0021408,0.001383,0.000520759,5.02837e-06,0,0,0,0.768637,0.125878,0.0226869,0.00748656,0.0136267,-3.18484e-15,0.598998,0.644505,0.0421228,0.00185786,8783.59,223854,45075.1,61759,545.341,109.023,27.7871,184.938,23.3264,3125.04,483.815,112.898,37613.7,3922.68,6060.37,119.229,4.38173,1.02162,37.6405,680.539,42.468,5.53508,0.13823
setup,0,2009-03-18 23:00:00,0,0.716651,2.17937,8.30402e-05,0,0.0324219,6.01091e-05,0.00212624,0.00132874,0.000484426,5.12143e-06,0,0,0,0.775569,0.125709,0.0231442,0.00747741,0.0136335,-3.18484e-15,0.593341,0.637775,0.0402947,0.00184055,8782.81,223852,45075,61758.5,544.781,108.916,27.9073,185.678,23.4122,3125.62,483.845,112.886,37613.7,3922.7,6060.39,119.109,4.38598,1.02593,37.804,680.79,42.4788,5.53547,0.138198
setup,0,2009-03-19 23:00:00,0,0.706222,2.1578,8.47173e-05,0,0.0316403,6.22984e-05,0.00209779,0.00126541,0.000447554,5.23318e-06,0,0,0,0.782698,0.125541,0.0236142,0.00746828,0.0136258,-3.18484e-15,0.588757,0.63081,0.0383585,0.0018074,8782.04,223850,45074.9,61757.9,544.22,108.816,28.0274,186.416,23.5031,3126.19,483.876,112.874,37613.7,3922.73,6060.41,118.987,4.39069,1.03025,37.9668,681.042,42.4896,5.53586,0.137787
setup,0,2009-03-20 23:00:00,0,0.69635,2.13878,8.66144e-05,0,0.0308415,6.45393e-05,0.00206395,0.00121261,0.000410212,5.35878e-06,0,0,0,0.790025,0.125375,0.0240968,0.00745915,0.0136257,-3.18484e-15,0.583068,0.623576,0.036307,0.0017681,8781.29,223848,45074.8,61757.3,543.661,108.724,28.1464,187.152,23.5967,3126.77,483.906,112.862,37613.7,3922.75,6060.43,118.865,4.39588,1.03455,38.1292,681.293,42.5004,5.53625,0.137524
setup,0,2009-03-21 23:00:00,0,0.691366,2.12106,9.13003e-05,0,0.0300345,6.67814e-05,0.0020333,0.00115962,0.000374206,5.4832e-06,0,0,0,0.797551,0.125214,0.024592,0.00745004,0.013626,-3.18484e-15,0.577611,0.616421,0.0344249,0.00173319,8780.54,223847,45074.6,61756.8,543.102,108.641,28.2637,187.884,23.6943,3127.35,483.937,112.85,37613.7,3922.77,6060.44,118.743,4.40155,1.03882,38.2913,681.543,42.5112,5.53664,0.137899
setup,0,2009-03-22 23:00:00,0,0.688713,2.11978,9.29175e-05,0,0.0292949,6.92157e-05,0.00200287,0.0011032,0.000341746,5.59704e-06,0,0,0,0.805276,0.125056,0.0250999,0.00744094,0.0136293,-3.18484e-15,0.568418,0.609092,0.0327565,0.00170194,8779.77,223845,45074.5,61756.2,542.551,108.567,28.3683,188.623,23.7941,3127.92,483.967,112.837,37613.7,3922.8,6060.47,118.633,4.40772,1.04269,38.4538,681.78,42.522,5.53703,0.137735
setup,0,2009-03-23 23:00:00,0,0.676151,2.65654,9.81046e-05,0,0.0288711,7.11026e-05,0.00193516,0.0010076,0.000340031,5.66934e-06,0,0,0,0.813198,0.124895,0.0256205,0.00743185,0.0137043,-3.18484e-15,0.61649,0.656164,0.0329238,0.00167068,8779.02,223843,45073.8,61756.1,542.376,108.523,28.1465,189.427,23.7524,3128.47,483.997,112.825,37613.7,3922.82,6060.62,118.564,4.41437,1.0355,38.6175,682.019,42.5324,5.53741,0.136767
setup,0,2009-03-24 23:00:00,0,0.677586,2.38633,0.000102324,0,0.0287343,7.24462e-05,0.00193335,0.000977312,0.000317532,5.72495e-06,0,0,0,0.821319,0.131053,0.0261538,0.00742277,0.0136323,-3.18484e-15,0.587598,0.626776,0.0323928,0.00163927,8778.35,223841,45073.5,61755.7,541.988,108.474,28.1039,190.171,23.8414,3129.03,484.026,112.813,37613.7,3922.84,6060.69,118.491,4.42143,1.03442,38.7729,682.248,42.543,5.5378,0.137051
setup,0,2009-03-25 23:00:00,0,0.676735,3.61751,0.000105212,0,0.0286345,7.2034e-05,0.00176226,0.00127197,0.000612819,5.7411e-06,0,0,0,0.829641,0.133819,0.0266996,0.0074137,0.0137524,-3.18484e-15,0.695446,0.705521,0.0352092,0.00163981,8777.69,223838,45071.9,61754.7,543.16,108.527,27.4236,189.888,23.6862,3129.5,484.055,112.801,37613.7,3922.86,6060.83,118.551,4.43001,1.01171,38.8428,682.497,42.5523,5.53817,0.138163
setup,0,2009-03-26 23:00:00,0,0.692834,3.68918,0.000109023,0,0.0285696,7.01082e-05,0.00197221,0.00141222,0.000752041,5.6681e-06,0,0,0,0.838159,0.158143,0.0272578,0.00740465,0.0137552,0.000333056,0.709518,0.736936,0.0350577,0.00162869,8777.25,223834,45070.2,61754.1,544.07,108.579,26.7236,189.965,23.6456,3129.97,484.083,112.789,37613.7,3922.87,6061.04,118.603,4.43866,0.988401,38.9259,682.764,42.5616,5.53853,0.138204
setup,0,2009-03-27 23:00:00,0,0.698783,3.69665,0.000111132,0,0.0285024,6.88912e-05,0.00208868,0.00111428,0.000511111,5.53023e-06,0,0,0,0.84688,0.162853,0.0277208,0.0073948,0.0136356,0.00180708,0.762408,0.782302,0.0360302,0.00162795,8776.92,223831,45068.6,61753.5,544.68,108.583,26.1997,190.143,23.6546,3130.49,484.109,112.777,37613.7,3922.89,6061.23,118.572,4.44653,0.971142,39.0161,683.102,42.5716,5.53887,0.137209
setup,0,2009-03-28 23:00:00,0,0.711657,3.0828,0.000113485,0,0.0284215,6.58067e-05,0.00196703,0.000890905,0.000379411,5.34517e-06,0,0,0,0.855799,0.168156,0.0278034,0.0073821,0.0136273,0.00217651,0.723015,0.755264,0.035659,0.00163022,8776.67,223829,45067.5,61752.6,544.577,108.575,25.9852,190.792,23.6906,3131.04,484.136,112.765,37613.7,3922.91,6061.32,118.455,4.45469,0.964393,39.149,683.437,42.5817,5.53922,0.13676
setup,0,2009-03-29 23:00:00,0,0.708137,2.74847,0.000117205,0,0.0283223,6.38352e-05,0.00191773,0.000813285,0.000334905,5.13003e-06,0,0,0,0.864911,0.164328,0.0282661,0.0073722,0.0136278,0.0145985,0.664527,0.709292,0.0352142,0.00162206,8776.33,223826,45066.9,61751.8,544.253,108.568,25.9198,191.535,23.7014,3131.59,484.164,112.753,37613.7,3922.93,6061.38,118.359,4.46354,0.962705,39.2967,683.7,42.5918,5.53958,0.13661
setup,0,2009-03-30 23:00:00,0,0.721774,2.56713,0.00011625,0,0.0282041,6.01805e-05,0.00189102,0.000785021,0.000312981,4.9075e-06,0,0,0,0.874203,0.152655,0.0290769,0.00596577,0.0136354,0.0195994,0.628486,0.675318,0.0341007,0.00162146,8775.84,223824,45066.4,61751.1,543.861,108.568,25.923,192.292,23.6827,3132.16,484.193,112.741,37613.6,3922.95,6061.42,118.278,4.47184,0.963354,39.4495,683.926,42.6021,5.53995,0.137388
setup,0,2009-03-31 23:00:00,0,0.723433,2.59585,0.000119038,0,0.0280756,5.77797e-05,0.00186779,0.000756581,0.00031112,4.70507e-06,0,0,0,0.883672,0.143346,0.0299478,0.00596064,0.0136784,0.0156435,0.616799,0.665041,0.0340408,0.00162893,8775.27,223822,45065.8,61750.6,543.525,108.585,25.8805,193.095,23.61,3132.71,484.222,112.73,37613.6,3922.98,6061.5,118.219,4.48101,0.962462,39.6065,684.135,42.6125,5.54033,0.13691
setup,0,2009-04-01 23:00:00,0,0.721266,2.74663,0.000113436,0,0.0279501,5.4377e-05,0.00184073,0.000717343,0.000315047,4.52603e-06,0,0,0,0.893318,0.154334,0.0306746,0.0059544,0.013652,0.0188968,0.627147,0.669502,0.0333351,0.00161867,8774.78,223820,45065.2,61750.2,543.323,108.618,25.7574,193.896,23.5017,3133.26,484.25,112.718,37613.6,3923,6061.6,118.176,4.49084,0.95885,39.763,684.338,42.6228,5.5407,0.136003
setup,0,2009-04-02 23:00:00,0,0.732059,3.12694,0.000112503,0,0.0278455,5.21714e-05,0.00180827,0.000712749,0.000348732,4.39498e-06,0,0,0,0.903142,0.172507,0.0312175,0.00594685,0.0137319,0.0255263,0.667044,0.702047,0.0340859,0.00159391,8774.45,223817,45064.1,61749.6,543.454,108.671,25.4911,194.529,23.338,3133.8,484.278,112.707,37613.6,3923.01,6061.73,118.157,4.50108,0.950405,39.9058,684.547,42.6329,5.54106,0.135826
setup,0,2009-04-03 23:00:00,0,0.761091,3.39127,0.000107105,0,0.0277579,4.92165e-05,0.0018114,0.00074826,0.000379744,4.28476e-06,0,0,0,0.913143,0.186221,0.0316138,0.00593826,0.0137108,0.0303846,0.709164,0.738205,0.0348748,0.0015826,8774.29,223814,45062.8,61748.9,543.791,108.735,25.1659,194.961,23.1952,3134.33,484.305,112.695,37613.6,3923.03,6061.87,118.141,4.51155,0.940002,40.0268,684.784,42.6428,5.54141,0.136137
setup,0,2009-04-04 23:00:00,0,0.782468,3.0856,0.000103718,0,0.0276675,4.6365e-05,0.00183514,0.000733169,0.000345172,4.1666e-06,0,0,0,0.923317,0.185763,0.031954,0.00592934,0.013749,0.0295611,0.694464,0.72931,0.0349683,0.00159085,8774.19,223812,45061.9,61748.1,543.791,108.798,24.9904,195.53,23.1502,3134.87,484.333,112.684,37613.5,3923.04,6061.95,118.084,4.52239,0.934709,40.1552,685.035,42.6527,5.54177,0.136265
setup,0,2009-04-05 23:00:00,0,0.768149,2.91497,9.9877e-05,0,0.0275669,4.42811e-05,0.00184163,0.000715337,0.000325195,4.03681e-06,0,0,0,0.933655,0.171521,0.0324226,0.005921,0.0138248,0.0235355,0.667555,0.709041,0.0346928,0.00160314,8773.91,223809,45061,61747.4,543.654,108.867,24.8869,196.171,23.09,3135.42,484.36,112.673,37613.5,3923.06,6062.03,118.032,4.53382,0.931884,40.2911,685.268,42.6627,5.54213,0.136431
setup,0,2009-04-06 23:00:00,0,0.757416,3.29239,9.37541e-05,0,0.0274686,4.19862e-05,0.00183142,0.000718101,0.000357521,3.89702e-06,0,0,0,0.944139,0.170397,0.0334098,0.00591626,0.0137631,0.0222673,0.688446,0.726816,0.0350502,0.00161034,8773.62,223806,45059.9,61746.7,543.849,108.96,24.6318,196.697,22.9266,3135.95,484.387,112.661,37613.5,3923.08,6062.16,118.035,4.54601,0.923916,40.418,685.483,42.6725,5.54248,0.136276
setup,0,2009-04-07 23:00:00,0,0.764973,3.89991,8.81917e-05,0,0.0273848,3.98297e-05,0.00176987,0.000965551,0.000528046,3.753e-06,0,0,0,0.954769,0.177297,0.0341401,0.00590994,0.0138563,0.0244511,0.73837,0.767817,0.0365573,0.00161572,8773.42,223803,45058.1,61745.6,544.821,109.122,24.1345,196.634,22.6912,3136.42,484.414,112.65,37613.5,3923.09,6062.31,118.109,4.55953,0.907713,40.5027,685.703,42.6815,5.54283,0.136945
setup,0,2009-04-08 23:00:00,0,0.799346,3.90591,8.27317e-05,0,0.0273049,3.81193e-05,0.0019637,0.000867293,0.000482094,3.63606e-06,0,0,0,0.965543,0.192872,0.034516,0.00589792,0.0137112,0.0300738,0.7652,0.791177,0.0371038,0.00162855,8773.44,223800,45056.3,61744.6,545.497,109.242,23.7423,196.682,22.6328,3136.94,484.439,112.639,37613.4,3923.11,6062.48,118.164,4.57221,0.895163,40.5764,685.95,42.6911,5.54315,0.136408
setup,0,2009-04-09 23:00:00,0,0.809095,3.64814,7.88963e-05,0,0.0272221,3.73277e-05,0.00193021,0.000793736,0.000432512,3.53182e-06,0,0,0,0.97646,0.190588,0.0343315,0.00587924,0.0136752,0.0304332,0.759178,0.794208,0.0377954,0.00163905,8773.43,223796,45054.8,61743.5,545.781,109.363,23.4779,197.028,22.5608,3137.46,484.464,112.629,37613.4,3923.12,6062.59,118.167,4.58481,0.886989,40.6736,686.207,42.7005,5.54348,0.136534
setup,0,2009-04-10 23:00:00,0,0.810492,3.44838,7.2122e-05,0,0.0271352,3.57379e-05,0.00191417,0.00075364,0.000399556,3.42309e-06,0,0,0,0.9875,0.192587,0.0335287,0.00583248,0.0136378,0.0306129,0.732988,0.77288,0.037497,0.00163774,8773.43,223794,45053.4,61742.5,545.886,109.491,23.2895,197.483,22.5001,3138,484.489,112.619,37613.4,3923.14,6062.69,118.168,4.59661,0.881418,40.7824,686.442,42.7101,5.54382,0.136007
setup,0,2009-04-11 23:00:00,0,0.813259,4.00827,6.82287e-05,0,0.0270546,3.44905e-05,0.00183033,0.000980482,0.00055321,3.31652e-06,0,0,0,0.998652,0.193362,0.0339636,0.00581991,0.0136393,0.0305413,0.761503,0.797674,0.0387833,0.00164174,8773.43,223790,45051.6,61741.2,546.664,109.689,22.8677,197.589,22.2702,3138.47,484.515,112.61,37613.3,3923.15,6062.84,118.252,4.60952,0.867865,40.8748,686.648,42.7189,5.54415,0.136835
setup,0,2009-04-12 23:00:00,0,0.848853,4.25394,6.28757e-05,0,0.0269805,3.36673e-05,0.00193222,0.00106292,0.000648597,3.22347e-06,0,0,0,1.00991,0.214834,0.0344986,0.00581216,0.0136448,0.0421413,0.795002,0.82058,0.0394938,0.00164494,8773.7,223786,45049.5,61740,547.556,109.892,22.4131,197.565,22.1411,3138.94,484.539,112.601,37613.3,3923.16,6063.01,118.355,4.62245,0.853226,40.9416,686.865,42.7277,5.54446,0.136731
setup,0,2009-04-13 23:00:00,0,0.890468,4.77687,0.00386122,0,0.0269139,3.29257e-05,0.00169412,0.00112315,0.00081651,3.14022e-06,0,0,0,1.02128,0.223308,0.0310577,0.00572017,0.0136447,0.0467157,0.871991,0.893454,0.0428233,0.00166083,8774.09,223782,45046.8,61738.4,548.737,110.107,21.8989,197.263,21.967,3139.4,484.561,112.594,37613.2,3923.17,6063.19,118.48,4.63151,0.836612,40.9777,687.113,42.736,5.54476,0.139378
setup,0,2009-04-14 23:00:00,0,0.953997,5.48176,0.00586688,0,0.0268513,3.22151e-05,0.00176109,0.00157155,0.0013343,3.06724e-06,0,0,0,1.03275,0.247693,0.0312978,0.00571322,0.0136851,0.0612506,0.94068,0.952826,0.0474247,0.00168726,8774.88,223777,45043.5,61736,550.602,110.329,21.1764,196.341,21.8049,3139.86,484.581,112.588,37613.2,3923.17,6063.35,118.694,4.64051,0.812871,40.9588,687.353,42.7442,5.54504,0.14224
setup,0,2009-04-15 23:00:00,0,1.06905,5.45557,0.006776,0,0.0267896,3.14974e-05,0.00139615,0.00145507,0.00151822,2.95302e-06,0,0,0,1.04431,0.29287,0.0307903,0.00570285,0.0137136,0.0890346,0.952852,0.988779,0.0530417,0.00170092,8776.37,223772,45040.2,61733.8,552.084,110.554,20.5625,195.712,21.7184,3140.33,484.601,112.583,37613.1,3923.17,6063.52,118.91,4.64888,0.792902,40.9415,687.558,42.752,5.5453,0.147467
setup,0,2009-04-16 23:00:00,0,1.13978,5.66792,0.00749652,0,0.0267263,3.0753e-05,0.00178792,0.00186754,0.00185827,2.84626e-06,0,0,0,1.05596,0.305805,0.0298466,0.00569164,0.0137199,0.0917672,1.0141,1.04093,0.0606886,0.00172325,8777.94,223767,45036.7,61731.3,553.475,110.782,20.0167,195.054,21.6245,3140.8,484.619,112.579,37612.9,3922.96,6063.67,119.116,4.65622,0.775308,40.8939,687.802,42.7593,5.54555,0.1505
setup,0,2009-04-17 23:00:00,0,1.14181,5.62152,0.00843598,0,0.0266612,3.00048e-05,0.00232464,0.00240267,0.00201362,2.73623e-06,0,0,0,1.06767,0.303716,0.0303878,0.00568878,0.0137104,0.0865996,1.03412,1.0646,0.0656703,0.0017706,8779.45,223762,45033.1,61728.7,554.652,111.022,19.519,194.544,21.5868,3141.26,484.636,112.574,37612.8,3922.5,6063.77,119.292,4.66399,0.759337,40.8447,688.081,42.7666,5.54579,0.150769
setup,0,2009-04-18 23:00:00,0,1.15464,5.38118,0.00953557,0,0.0265951,2.92912e-05,0.00250563,0.00254501,0.00193798,2.62153e-06,0,0,0,1.07942,0.316608,0.0312035,0.0056871,0.0137694,0.0907522,1.00555,1.04609,0.0665553,0.00181648,8781.11,223758,45029.8,61726.2,555.564,111.276,19.0734,194.318,21.5887,3141.73,484.655,112.57,37612.7,3922.09,6063.82,119.442,4.67272,0.745097,40.83,688.339,42.774,5.54604,0.150244
setup,0,2009-04-19 23:00:00,0,1.13684,5.10129,0.0107433,0,0.0265273,2.86451e-05,0.00272945,0.00265281,0.00175454,2.50504e-06,0,0,0,1.09119,0.302955,0.0315565,0.00568305,0.013685,0.0813711,0.963162,1.01149,0.0645056,0.00184603,8782.58,223753,45026.9,61723.8,556.274,111.547,18.6659,194.352,21.5956,3142.19,484.674,112.565,37612.7,3921.88,6063.84,119.569,4.6823,0.732093,40.8556,688.584,42.7814,5.54631,0.148511
setup,0,2009-04-20 23:00:00,0,1.11167,5.04409,0.011472,0,0.0264626,2.80403e-05,0.00206267,0.00211877,0.00173943,2.39167e-06,0,0,0,1.10296,0.297164,0.0325865,0.00568208,0.0136691,0.0759063,0.941536,0.998844,0.0646105,0.00187186,8783.97,223749,45024,61721.8,556.915,111.833,18.285,194.538,21.544,3142.66,484.694,112.56,37612.6,3921.83,6063.9,119.696,4.69279,0.71998,40.9091,688.807,42.7889,5.54658,0.151003
setup,0,2009-04-21 23:00:00,0,1.08618,5.06256,0.0122226,0,0.026397,2.74168e-05,0.00249764,0.00246574,0.00172358,2.28546e-06,0,0,0,1.11473,0.288558,0.0333091,0.00567914,0.013691,0.0673797,0.953562,1.00413,0.0644865,0.00189443,8785.15,223744,45021.1,61719.6,557.52,112.132,17.9287,194.764,21.4828,3143.12,484.714,112.555,37612.5,3921.81,6063.97,119.803,4.70385,0.708683,40.9712,689.052,42.7964,5.54684,0.150754
setup,0,2009-04-22 23:00:00,0,1.09568,6.40556,0.0139702,0,0.026337,2.69002e-05,0.00365817,0.00364474,0.00252059,2.19823e-06,0,0,0,1.12646,0.301714,0.0343137,0.0056771,0.0137812,0.0730904,1.19928,1.23383,0.0775987,0.00193531,8786.54,223738,45016.7,61717.8,558.736,112.403,17.6555,194.115,21.086,3143.59,484.726,112.551,37612.4,3921.08,6064.24,119.944,4.71304,0.700359,40.9169,689.405,42.8043,5.54703,0.145483
setup,0,2009-04-23 23:00:00,0,1.24969,6.10056,0.0156108,0,0.0262737,2.662e-05,0.00361894,0.00359013,0.00265912,2.09209e-06,0,0,0,1.13818,0.401055,0.034471,0.00567078,0.0136598,0.110832,1.21435,1.25939,0.0828458,0.00201268,8788.8,223733,45012.5,61714.7,559.494,112.671,17.4775,193.475,21.1571,3144.07,484.738,112.546,37612.3,3919.56,6064.2,120.054,4.7223,0.695269,40.8202,689.776,42.8122,5.5472,0.143063
setup,0,2009-04-24 23:00:00,0,1.2689,5.36165,0.0165371,0,0.0262047,2.64051e-05,0.00343319,0.00311136,0.00210751,2.00736e-06,0,0,0,1.14988,0.363408,0.0335879,0.00565987,0.0136557,0.0957991,1.09977,1.16459,0.0777313,0.00207661,8790.73,223728,45009.2,61712.1,559.683,112.947,17.3841,193.452,21.2434,3144.57,484.752,112.542,37612.2,3918.65,6064.01,120.123,4.73181,0.693014,40.8169,690.086,42.8198,5.54741,0.141557
setup,0,2009-04-25 23:00:00,0,1.12213,4.71592,0.0173591,0,0.0261303,0.000184982,0.00315366,0.00243117,0.00150075,1.94601e-06,0,0,0,1.1615,0.296166,0.0347833,0.00565875,0.0136807,0.0647443,0.986322,1.06328,0.0697645,0.00207698,8791.93,223724,45006.8,61710,559.568,113.235,17.3452,193.834,21.269,3145.08,484.77,112.537,37612.1,3918.33,6063.83,120.157,4.74306,0.692572,40.8849,690.367,42.8278,5.54765,0.139886
setup,0,2009-04-26 23:00:00,0,1.01313,4.15438,0.0182028,0,0.0260533,0.000324148,0.00290419,0.00189746,0.00106009,1.91097e-06,0,0,0,1.17301,0.271878,0.0367713,0.00566028,0.0136433,0.0489815,0.894733,0.976597,0.0626183,0.00203832,8792.7,223721,45004.9,61708.3,559.26,113.534,17.3589,194.413,21.3211,3145.6,484.79,112.531,37612.1,3918.27,6063.7,120.161,4.75644,0.693893,40.9896,690.633,42.8365,5.54792,0.138581
setup,0,2009-04-27 23:00:00,0,0.989836,3.91591,0.0185725,0,0.0259763,0.000446266,0.00269717,0.00152561,0.000798104,1.90866e-06,0,0,0,1.1844,0.274654,0.038251,0.0056587,0.0137047,0.0506798,0.848611,0.925853,0.0573381,0.00200097,8793.52,223717,45003.3,61706.9,558.929,113.848,17.3788,195.122,21.3387,3146.12,484.811,112.526,37612.1,3918.25,6063.65,120.147,4.77138,0.695392,41.1185,690.881,42.8454,5.54821,0.13767
setup,0,2009-04-28 23:00:00,0,0.977396,3.79582,0.0190082,0,0.0258995,0.000511148,0.00254282,0.00129359,0.00065359,1.93215e-06,0,0,0,1.19569,0.262732,0.0385995,0.00565167,0.0137492,0.0432079,0.822565,0.894527,0.053578,0.00195694,8794.12,223714,45001.7,61705.8,558.638,114.177,17.3984,195.862,21.3088,3146.64,484.833,112.52,37612,3918.26,6063.66,120.126,4.78694,0.696863,41.2584,691.127,42.8544,5.5485,0.136971
setup,0,2009-04-29 23:00:00,0,0.950176,3.39916,0.0187404,0,0.0258193,0.000545544,0.00243511,0.00111541,0.000516545,1.96704e-06,0,0,0,1.20682,0.252255,0.039582,0.00564766,0.0136396,0.0337727,0.771569,0.842616,0.0497344,0.00191227,8794.47,223711,45000.6,61704.6,558.224,114.509,17.4785,196.592,21.3518,3147.17,484.857,112.515,37612,3918.28,6063.66,120.082,4.8036,0.700422,41.3977,691.38,42.8637,5.54882,0.136796
setup,0,2009-04-30 23:00:00,0,0.917343,3.19027,0.0196197,0,0.0257359,0.000505882,0.00231326,0.000969634,0.000427075,2.02184e-06,0,0,0,1.21779,0.241226,0.0416195,0.00565983,0.0137863,0.0268398,0.732093,0.800433,0.0463738,0.00186425,8794.63,223709,44999.6,61703.7,557.814,114.852,17.5743,197.342,21.3592,3147.71,484.883,112.509,37612,3918.3,6063.68,120.039,4.82236,0.70452,41.5398,691.623,42.8732,5.54915,0.136561
setup,0,2009-05-01 23:00:00,0,0.895739,3.0948,0.0192818,0,0.0256506,0.00048111,0.00221543,0.000879499,0.000374252,2.07921e-06,0,0,0,1.22857,0.232867,0.0452736,0.00570224,0.0137217,0.0226105,0.710113,0.773578,0.0438049,0.00182485,8794.68,223706,44998.7,61703,557.443,115.208,17.6686,198.099,21.3355,3148.25,484.908,112.502,37612,3918.33,6063.73,119.997,4.84482,0.708559,41.6839,691.861,42.8829,5.54949,0.136401
setup,0,2009-05-02 23:00:00,0,0.876168,2.98431,0.0188462,0,0.0255646,0.000704925,0.00214434,0.000813171,0.000338366,2.14216e-06,0,0,0,1.23916,0.221912,0.047586,0.00572311,0.0137053,0.0160808,0.69229,0.751665,0.0417257,0.00179208,8794.59,223704,44997.9,61702.3,557.083,115.574,17.7741,198.838,21.3043,3148.79,484.935,112.493,37612,3918.35,6063.79,119.951,4.86961,0.713006,41.8267,692.101,42.8928,5.54983,0.13645
setup,0,2009-05-03 23:00:00,0,0.857348,2.85669,0.0220092,0,0.0254776,0.000112146,0.00208201,0.000757102,0.000311479,2.20714e-06,0,0,0,1.24952,0.217858,0.0512243,0.00576372,0.0136457,0.0131101,0.67304,0.730045,0.0400902,0.00175542,8794.45,223701,44997.3,61701.7,556.722,115.947,17.8972,199.548,21.2732,3149.33,484.962,112.484,37612,3918.38,6063.85,119.903,4.898,0.718098,41.9664,692.342,42.9028,5.55018,0.135955
setup,0,2009-05-04 23:00:00,0,0.839099,2.87006,0.0199547,0,0.0253874,0.000428674,0.00201656,0.000721241,0.000299044,2.27951e-06,0,0,0,1.25965,0.210121,0.052961,0.00596951,0.0136663,0.00980686,0.6665,0.719102,0.0384165,0.00172006,8794.22,223699,44996.6,61701.2,556.425,116.334,18.0038,200.259,21.202,3149.87,484.99,112.473,37612,3918.41,6063.93,119.863,4.9283,0.722644,42.1063,692.577,42.9128,5.55054,0.135874
setup,0,2009-05-05 23:00:00,0,0.832467,3.0921,0.0199605,0,0.0253032,0.000287783,0.00195931,0.000701209,0.000309263,2.34883e-06,0,0,0,1.26953,0.214953,0.054867,0.00712767,0.0136754,0.0110757,0.687044,0.7332,0.0380866,0.00169133,8794.03,223696,44995.7,61700.8,556.3,116.738,18.0558,200.945,21.0655,3150.4,485.016,112.462,37612,3918.43,6064.06,119.839,4.96144,0.725297,42.2463,692.809,42.9227,5.55089,0.135652
setup,0,2009-05-06 23:00:00,0,0.845769,3.59052,0.019717,0,0.0252327,0.000320164,0.00185177,0.000822886,0.000383683,2.40737e-06,0,0,0,1.27914,0.228133,0.0554005,0.00647328,0.0137865,0.0196403,0.728755,0.772525,0.0387773,0.00166897,8793.95,223693,44994.3,61700.1,556.75,117.2,17.9807,201.225,20.8553,3150.87,485.043,112.451,37612,3918.46,6064.21,119.874,4.99488,0.72346,42.3585,693.033,42.9319,5.55123,0.136055
setup,0,2009-05-07 23:00:00,0,0.879032,3.76222,0.0191637,0,0.0251708,0.000316178,0.00176673,0.000866598,0.00046051,2.45837e-06,0,0,0,1.28846,0.246135,0.0512492,0.00570086,0.0142239,0.0312256,0.768974,0.792772,0.0396983,0.00165312,8794.01,223690,44992.7,61699,557.221,117.677,17.8845,201.476,20.7411,3151.34,485.068,112.443,37611.9,3918.47,6064.32,119.892,5.02319,0.720919,42.4594,693.284,42.9408,5.55156,0.137312
setup,0,2009-05-08 23:00:00,0,0.90815,3.79228,0.0203245,0,0.0251101,0.000278512,0.00174767,0.000927044,0.000489721,2.48276e-06,0,0,0,1.29749,0.252299,0.0450465,0.00559714,0.0138706,0.0345412,0.772621,0.80875,0.0406955,0.00164693,8794.1,223687,44991.1,61698,557.59,118.162,17.7885,201.842,20.6341,3151.8,485.093,112.438,37611.9,3918.49,6064.46,119.917,5.04518,0.718409,42.5669,693.522,42.9495,5.55189,0.13848
setup,0,2009-05-09 23:00:00,0,0.901689,3.69377,0.0193984,0,0.0250459,0.000368678,0.00206202,0.00104849,0.00048902,2.47596e-06,0,0,0,1.30618,0.240556,0.0453726,0.00559065,0.0136636,0.0255379,0.76994,0.807432,0.0405837,0.00164679,8794.08,223684,44989.7,61697,557.827,118.654,17.7215,202.293,20.5387,3152.27,485.118,112.434,37611.9,3918.51,6064.57,119.927,5.06749,0.716919,42.6801,693.77,42.9582,5.55222,0.13741
setup,0,2009-05-10 23:00:00,0,0.895615,3.79585,0.0171733,0,0.0249799,0.000691448,0.00213222,0.00088081,0.000433383,2.4413e-06,0,0,0,1.31452,0.246493,0.0494854,0.00563611,0.0136432,0.0260423,0.779052,0.817429,0.0407836,0.00164314,8794.12,223681,44988.1,61696.2,558.036,119.102,17.7002,202.65,20.4721,3152.78,485.142,112.427,37611.9,3918.53,6064.73,119.962,5.09264,0.717095,42.7812,694.009,42.9677,5.55253,0.136662
setup,0,2009-05-11 23:00:00,0,0.909057,3.41824,0.0223986,0,0.024912,0.000174401,0.00201757,0.000767634,0.000381289,2.3829e-06,0,0,0,1.32248,0.250538,0.0501686,0.00563443,0.0136312,0.0235153,0.757063,0.800139,0.0405422,0.00163169,8794.23,223678,44986.9,61695.1,557.91,119.542,17.7674,203.148,20.4697,3153.3,485.167,112.421,37611.8,3918.55,6064.81,119.941,5.11846,0.720455,42.8879,694.27,42.9773,5.55285,0.135939
setup,0,2009-05-12 23:00:00,0,0.894784,3.27326,0.0192741,0,0.0248387,0.000578836,0.00196053,0.000729707,0.000356241,2.32115e-06,0,0,0,1.33005,0.24644,0.0541525,0.00568037,0.0136487,0.0217848,0.728991,0.774022,0.0393513,0.00162091,8794.25,223675,44985.8,61694.2,557.726,119.987,17.8523,203.702,20.4483,3153.83,485.192,112.412,37611.8,3918.58,6064.89,119.929,5.14841,0.724462,42.9976,694.513,42.987,5.55319,0.135864
setup,0,2009-05-13 23:00:00,0,0.865574,2.96433,0.0179561,0,0.0247587,0.000602709,0.00193566,0.000696346,0.000314865,2.26508e-06,0,0,0,1.33721,0.22869,0.0551895,0.00568054,0.0136273,0.0159192,0.690081,0.737166,0.0377898,0.001616,8794.11,223673,44985,61693.2,557.432,120.431,17.9953,204.232,20.4685,3154.38,485.219,112.404,37611.8,3918.61,6064.94,119.904,5.17942,0.730591,43.104,694.757,42.997,5.55353,0.136029
setup,0,2009-05-14 23:00:00,0,0.851063,3.25957,0.0214417,0,0.0246819,0.000423838,0.00188397,0.000680461,0.000326668,2.23999e-06,0,0,0,1.34393,0.2264,0.0565213,0.00568346,0.013644,0.0131676,0.705613,0.74905,0.0375664,0.00161446,8793.94,223670,44984,61692.6,557.363,120.897,18.0498,204.829,20.3355,3154.9,485.245,112.395,37611.8,3918.63,6065.06,119.912,5.21162,0.733543,43.2186,694.986,43.0068,5.55387,0.135675
setup,0,2009-05-15 23:00:00,0,0.847758,3.12953,0.0193874,0,0.0246074,0.00054577,0.00187847,0.000655129,0.000309604,2.21993e-06,0,0,0,1.35019,0.230875,0.0577851,0.00585877,0.0136385,0.0166154,0.700716,0.741963,0.0369239,0.00160514,8793.81,223668,44983.1,61691.8,557.244,121.361,18.1376,205.351,20.2955,3155.43,485.271,112.385,37611.8,3918.66,6065.15,119.9,5.24511,0.73774,43.3242,695.23,43.0167,5.55422,0.135617
setup,0,2009-05-16 23:00:00,0,0.848028,2.8984,0.0204233,0,0.0245301,0.000446533,0.0018597,0.000628041,0.000286906,2.22185e-06,0,0,0,1.35598,0.232452,0.055999,0.00565433,0.0136271,0.015902,0.675552,0.718943,0.0361347,0.00158739,8793.67,223665,44982.4,61691,557.026,121.822,18.2767,205.852,20.2957,3155.97,485.298,112.377,37611.8,3918.68,6065.21,119.876,5.27665,0.743846,43.4262,695.474,43.0267,5.55457,0.135236
setup,0,2009-05-17 23:00:00,0,0.82228,2.69268,0.0196962,0,0.024443,0.000437988,0.00183077,0.000610297,0.000266363,2.23928e-06,0,0,0,1.36128,0.218828,0.057528,0.00566358,0.0136258,0.00914776,0.644852,0.690758,0.0350761,0.00156426,8793.42,223663,44981.9,61690.3,556.766,122.283,18.454,206.327,20.2899,3156.52,485.327,112.368,37611.8,3918.71,6065.26,119.85,5.30977,0.751375,43.5252,695.713,43.0369,5.55493,0.135088
setup,0,2009-05-18 23:00:00,0,0.803404,2.55239,0.020012,0,0.0243471,0.000446136,0.00180835,0.000602801,0.000250106,2.25738e-06,0,0,0,1.36606,0.21197,0.061477,0.00686696,0.0136263,0.00771416,0.621955,0.667442,0.033961,0.00155328,8793.11,223661,44981.5,61689.6,556.498,122.746,18.6519,206.777,20.2847,3157.07,485.355,112.357,37611.8,3918.74,6065.3,119.825,5.34797,0.759703,43.6213,695.947,43.0472,5.5553,0.135144
setup,0,2009-05-19 23:00:00,0,0.790818,2.4801,0.020313,0,0.0242419,0.000507626,0.00178968,0.000592579,0.000239807,2.28075e-06,0,0,0,1.37031,0.198985,0.0618568,0.00701905,0.0136264,0.00378112,0.604923,0.650858,0.033282,0.00154946,8792.71,223659,44981.2,61689.1,556.246,123.214,18.8521,207.223,20.2644,3157.63,485.385,112.346,37611.8,3918.77,6065.34,119.807,5.38669,0.768172,43.7157,696.174,43.0575,5.55568,0.135323
setup,0,2009-05-20 23:00:00,0,0.778105,2.47913,0.0197418,0,0.0241306,0.00049131,0.00177003,0.000574001,0.000233527,2.3074e-06,0,0,0,1.374,0.194869,0.0622436,0.00701163,0.0136259,7.25958e-05,0.599552,0.643716,0.032351,0.00154417,8792.28,223657,44980.9,61688.7,556.03,123.687,19.0363,207.684,20.2328,3158.18,485.414,112.334,37611.8,3918.8,6065.41,119.794,5.4257,0.77611,43.8101,696.403,43.0678,5.55606,0.134808
setup,0,2009-05-21 23:00:00,0,0.770736,2.91306,0.0184006,0,0.0240361,0.000512509,0.0017241,0.000560283,0.000253929,2.35093e-06,0,0,0,1.37713,0.206226,0.0624818,0.00700349,0.0136351,0.000185679,0.634971,0.674351,0.0325643,0.0015291,8791.91,223655,44980.2,61688.5,556.096,124.181,19.0932,208.197,20.0704,3158.7,485.442,112.323,37611.8,3918.83,6065.56,119.82,5.46472,0.779404,43.9107,696.62,43.0779,5.55642,0.134696
setup,0,2009-05-22 23:00:00,0,0.781736,3.28577,0.0208951,0,0.0239668,0.00026697,0.00172438,0.000597827,0.000286869,2.40232e-06,0,0,0,1.37968,0.218569,0.0626452,0.00699493,0.0136345,0.00524258,0.692602,0.714169,0.0335535,0.00152255,8791.64,223652,44979.1,61688,556.426,124.68,19.0853,208.502,19.916,3159.22,485.469,112.311,37611.8,3918.85,6065.71,119.842,5.50342,0.780352,43.9916,696.875,43.0877,5.55677,0.134942
setup,0,2009-05-23 23:00:00,0,0.811864,3.56839,0.0190306,0,0.0239059,0.000303158,0.00174889,0.000622966,0.00032146,2.44796e-06,0,0,0,1.38163,0.235599,0.0625924,0.00698568,0.0136445,0.0116381,0.739449,0.763253,0.0346971,0.00152886,8791.53,223649,44977.7,61687.3,556.899,125.179,19.0471,208.654,19.7865,3159.73,485.495,112.3,37611.8,3918.87,6065.85,119.866,5.54159,0.780225,44.0542,697.158,43.0975,5.55711,0.135009
setup,0,2009-05-24 23:00:00,0,0.846597,3.8444,0.0203043,0,0.0238495,0.000214502,0.00168698,0.000756029,0.000389449,2.46069e-06,0,0,0,1.38297,0.252547,0.0623943,0.0056622,0.0136299,0.0209731,0.760192,0.788003,0.0361533,0.00153277,8791.53,223646,44976.1,61686.2,557.643,125.719,18.9309,208.594,19.6414,3160.2,485.52,112.289,37611.8,3918.89,6065.99,119.934,5.57869,0.7772,44.1015,697.418,43.1066,5.55744,0.135925
setup,0,2009-05-25 23:00:00,0,0.888184,4.09325,0.0195456,0,0.023795,0.000368159,0.00186905,0.000759704,0.0004278,2.44716e-06,0,0,0,1.38369,0.267421,0.0583035,0.0056057,0.0136287,0.0280388,0.80366,0.825076,0.0382458,0.00154762,8791.63,223642,44974.2,61685.1,558.333,126.217,18.8433,208.469,19.5795,3160.7,485.543,112.28,37611.8,3918.91,6066.14,120.014,5.6104,0.775319,44.1308,697.69,43.116,5.55774,0.135851
setup,0,2009-05-26 23:00:00,0,0.917163,4.09011,0.0190216,0,0.0237379,0.000333803,0.00187912,0.000760128,0.000444839,2.41086e-06,0,0,0,1.38376,0.274042,0.0545199,0.00555312,0.0136332,0.0310194,0.818235,0.845796,0.0395998,0.00156758,8791.75,223639,44972.4,61683.7,558.811,126.707,18.7889,208.469,19.5342,3161.2,485.566,112.274,37611.8,3918.92,6066.26,120.083,5.638,0.7747,44.1674,697.959,43.1254,5.55805,0.135885
setup,0,2009-05-27 23:00:00,0,0.935321,4.09663,0.0190603,0,0.0236792,0.000269793,0.00190261,0.000779726,0.000467545,2.35794e-06,0,0,0,1.38318,0.279945,0.0524631,0.00552262,0.0136372,0.033933,0.82067,0.850975,0.040492,0.0015853,8791.91,223635,44970.5,61682.3,559.2,127.193,18.7494,208.5,19.5123,3161.7,485.589,112.269,37611.7,3918.94,6066.38,120.16,5.66336,0.774632,44.2027,698.218,43.1347,5.55834,0.135872
setup,0,2009-05-28 23:00:00,0,0.947255,4.35274,0.0192363,0,0.0236219,0.000194347,0.00192026,0.000835258,0.000538438,2.30517e-06,0,0,0,1.38192,0.286373,0.0503103,0.00549124,0.013643,0.0398522,0.84749,0.877052,0.0418656,0.00159369,8792.12,223632,44968.4,61680.8,559.752,127.679,18.6817,208.403,19.4369,3162.2,485.61,112.265,37611.7,3918.95,6066.51,120.264,5.68626,0.773496,44.2225,698.472,43.1439,5.55863,0.13575
setup,0,2009-05-29 23:00:00,0,0.961865,4.15985,0.0194266,0,0.023564,0.000121836,0.00195439,0.000854506,0.000543019,2.25077e-06,0,0,0,1.37998,0.287252,0.0485323,0.00546589,0.0136268,0.034159,0.837775,0.872669,0.0423347,0.00159587,8792.32,223628,44966.5,61679.2,560.09,128.155,18.6639,208.372,19.4619,3162.71,485.632,112.261,37611.7,3918.97,6066.62,120.347,5.70735,0.774216,44.24,698.743,43.1532,5.55892,0.13568
setup,0,2009-05-30 23:00:00,0,0.924653,3.67961,0.0193685,0,0.0235026,8.79785e-05,0.0019562,0.000810838,0.000479565,2.20683e-06,0,0,0,1.37734,0.268199,0.0509994,0.00549096,0.0136256,0.0221077,0.788249,0.831541,0.041048,0.00158998,8792.36,223625,44965.1,61677.8,560.079,128.615,18.7387,208.531,19.5524,3163.23,485.655,112.257,37611.7,3919,6066.68,120.39,5.73105,0.778415,44.2726,699.022,43.1628,5.55923,0.135427
setup,0,2009-05-31 23:00:00,0,0.899378,3.32947,0.0192487,0,0.0234368,9.46506e-05,0.00192263,0.000745004,0.000403966,2.1723e-06,0,0,0,1.37398,0.266872,0.0577451,0.00556744,0.0136256,0.0216645,0.739506,0.786258,0.0388506,0.00158131,8792.38,223623,44964,61676.6,559.906,129.069,18.8613,208.838,19.6464,3163.76,485.68,112.248,37611.7,3919.02,6066.73,120.41,5.76169,0.784412,44.3231,699.288,43.1726,5.55956,0.135109
setup,0,2009-06-01 23:00:00,0,0.875797,3.07529,0.0189878,0,0.023367,0.0001284,0.0018767,0.000677759,0.000340235,2.15031e-06,0,0,0,1.36991,0.255029,0.0570916,0.00555602,0.0136257,0.0177962,0.699573,0.748396,0.0367922,0.00156512,8792.29,223620,44963.2,61675.6,559.679,129.517,19.0122,209.226,19.7066,3164.3,485.706,112.24,37611.6,3919.05,6066.79,120.417,5.7919,0.791499,44.3873,699.543,43.1825,5.5599,0.135071
setup,0,2009-06-02 23:00:00,0,0.836696,2.87456,0.0178591,0,0.023293,0.000203533,0.0018371,0.000627363,0.000293197,2.1394e-06,0,0,0,1.3651,0.230845,0.0578172,0.00556005,0.0136267,0.00778548,0.668256,0.716958,0.0351107,0.00155027,8792.1,223618,44962.5,61674.7,559.431,129.958,19.1865,209.641,19.7354,3164.84,485.734,112.232,37611.7,3919.08,6066.83,120.414,5.82291,0.799506,44.4585,699.798,43.1926,5.56025,0.135076
setup,0,2009-06-03 23:00:00,0,0.815519,2.78097,0.020749,0,0.0232168,8.19656e-05,0.00179512,0.000585029,0.000266409,2.14425e-06,0,0,0,1.35955,0.234687,0.0613063,0.00690038,0.0136263,0.00842166,0.648565,0.696266,0.0340843,0.00153207,8791.88,223616,44962,61673.9,559.213,130.396,19.3592,210.078,19.7431,3165.38,485.761,112.221,37611.7,3919.11,6066.89,120.413,5.85878,0.807474,44.5346,700.043,43.2027,5.56061,0.134653
setup,0,2009-06-04 23:00:00,0,0.802396,2.63259,0.0193258,0,0.0231361,0.000240441,0.00176513,0.000559271,0.000244387,2.15904e-06,0,0,0,1.35325,0.228523,0.0609993,0.00628458,0.0136265,0.00715533,0.629044,0.674595,0.0328174,0.00150901,8791.63,223614,44961.6,61673.2,558.988,130.824,19.5599,210.482,19.7532,3165.93,485.79,112.21,37611.7,3919.15,6066.94,120.403,5.89372,0.816566,44.6094,700.287,43.2129,5.56098,0.134283
setup,0,2009-06-05 23:00:00,0,0.785525,2.50838,0.0193339,0,0.0230476,0.000455317,0.00173849,0.000544834,0.000228953,2.18644e-06,0,0,0,1.34621,0.219639,0.0606396,0.00688565,0.013626,0.005127,0.610769,0.655392,0.0320323,0.00149038,8791.31,223612,44961.3,61672.6,558.764,131.242,19.7808,210.857,19.7572,3166.48,485.819,112.199,37611.7,3919.18,6066.97,120.39,5.9289,0.82649,44.6823,700.528,43.2232,5.56135,0.134652
setup,0,2009-06-06 23:00:00,0,0.772863,2.41013,0.0190814,0,0.0229447,0.000354201,0.00171741,0.000535374,0.000216949,2.21929e-06,0,0,0,1.33842,0.212343,0.0602451,0.00687829,0.0136258,0.00259597,0.5948,0.637659,0.0309293,0.00147718,8790.95,223610,44961.1,61672,558.551,131.651,20.0158,211.204,19.7593,3167.03,485.849,112.188,37611.7,3919.21,6067.01,120.377,5.96365,0.837008,44.7527,700.767,43.2336,5.56173,0.134255
setup,0,2009-06-07 23:00:00,0,0.759598,2.38868,0.0185616,0,0.0228278,0.000489512,0.00169326,0.00052594,0.000210442,2.25959e-06,0,0,0,1.32987,0.204055,0.059722,0.00687045,0.013631,3.998e-15,0.583965,0.626849,0.0299824,0.00146828,8790.55,223608,44960.9,61671.6,558.372,132.054,20.2376,211.56,19.7484,3167.58,485.879,112.176,37611.7,3919.24,6067.06,120.373,5.99787,0.84706,44.8235,700.999,43.2439,5.56212,0.134405
setup,0,2009-06-08 23:00:00,0,0.752754,2.35991,0.0183369,0,0.0227032,0.000450461,0.00167859,0.000514121,0.000205623,2.29814e-06,0,0,0,1.32057,0.202845,0.0591354,0.00686234,0.0136292,3.998e-15,0.578666,0.617891,0.0292396,0.00146148,8790.14,223606,44960.7,61671.2,558.207,132.447,20.4577,211.91,19.7417,3168.13,485.909,112.165,37611.7,3919.27,6067.12,120.369,6.03142,0.857099,44.8927,701.232,43.2542,5.5625,0.134321
setup,0,2009-06-09 23:00:00,0,0.750005,2.42157,0.0201651,0,0.0225817,0.000296047,0.00165603,0.000503753,0.000205507,2.35088e-06,0,0,0,1.3105,0.204103,0.0585,0.00685402,0.0136322,3.998e-15,0.580457,0.619912,0.0288432,0.00145161,8789.73,223604,44960.5,61671,558.094,132.834,20.6435,212.293,19.7127,3168.67,485.939,112.154,37611.8,3919.3,6067.19,120.373,6.06425,0.865838,44.9636,701.46,43.2645,5.56289,0.134034
setup,0,2009-06-10 23:00:00,0,0.742227,2.32372,0.0190946,0,0.0224579,0.000250115,0.00165145,0.000499709,0.000198653,2.406e-06,0,0,0,1.29969,0.200064,0.0578162,0.0068457,0.0136269,3.998e-15,0.574134,0.604817,0.0281183,0.00143884,8789.32,223603,44960.4,61670.5,557.944,133.203,20.8682,212.62,19.7087,3169.22,485.969,112.142,37611.8,3919.33,6067.24,120.365,6.09625,0.876151,45.0288,701.696,43.2748,5.56327,0.134112
setup,0,2009-06-11 23:00:00,0,0.740792,2.32102,0.0193731,0,0.022319,9.62464e-05,0.00163708,0.000490924,0.000195809,2.46079e-06,0,0,0,1.28811,0.201546,0.0570838,0.0068374,0.0136268,3.998e-15,0.571784,0.606762,0.0275173,0.00143164,8788.91,223601,44960.2,61670.2,557.809,133.561,21.0835,212.952,19.7041,3169.77,485.999,112.131,37611.8,3919.36,6067.3,120.358,6.12745,0.886139,45.0932,701.932,43.2851,5.56366,0.133651
setup,0,2009-06-12 23:00:00,0,0.736888,2.30067,0.0193172,0,0.0221745,0.000359784,0.0016226,0.000483268,0.00019271,2.50461e-06,0,0,0,1.27579,0.202263,0.0563032,0.00682911,0.0136288,3.998e-15,0.567519,0.601337,0.0271853,0.00141734,8788.51,223599,44960.1,61669.9,557.678,133.906,21.3008,213.276,19.6992,3170.32,486.03,112.119,37611.8,3919.39,6067.35,120.353,6.15777,0.896248,45.1562,702.165,43.2954,5.56405,0.133865
setup,0,2009-06-13 23:00:00,0,0.734303,2.2518,0.0186265,0,0.0220191,2.6266e-05,0.00161197,0.00047699,0.000187925,2.54273e-06,0,0,0,1.26272,0.204014,0.0554746,0.00682083,0.0136272,3.998e-15,0.563253,0.594299,0.0264902,0.00140302,8788.11,223598,44960,61669.5,557.534,134.234,21.5348,213.577,19.703,3170.87,486.06,112.108,37611.8,3919.42,6067.39,120.341,6.18716,0.907061,45.2169,702.402,43.3057,5.56444,0.133787
setup,0,2009-06-14 23:00:00,0,0.72882,2.20257,0.0164964,0,0.0218201,2.60889e-05,0.00160196,0.000473053,0.000183097,2.57919e-06,0,0,0,1.24892,0.200334,0.0545983,0.00681256,0.0136257,3.998e-15,0.557661,0.58801,0.0256922,0.00139188,8787.7,223596,44960,61669.1,557.379,134.546,21.7842,213.858,19.7107,3171.42,486.091,112.097,37611.8,3919.44,6067.42,120.325,6.21558,0.918529,45.2757,702.639,43.3161,5.56484,0.133842
setup,0,2009-06-15 23:00:00,0,0.72062,2.15942,0.020085,0,0.0215387,2.62656e-05,0.00159107,0.000468955,0.000177971,2.62009e-06,0,0,0,1.23437,0.193259,0.053675,0.0068043,0.0136256,3.998e-15,0.552202,0.581762,0.0248824,0.00138107,8787.26,223594,44960,61668.6,557.213,134.841,22.0441,214.123,19.7158,3171.98,486.122,112.085,37611.9,3919.47,6067.45,120.306,6.24299,0.930461,45.3332,702.877,43.3265,5.56523,0.133831
setup,0,2009-06-16 23:00:00,0,0.719227,2.12703,0.017786,0,0.0211415,2.62728e-05,0.00157839,0.000457925,0.000170648,2.65926e-06,0,0,0,1.21911,0.19441,0.052705,0.00679605,0.0136258,3.998e-15,0.547268,0.575306,0.0236347,0.00136834,8786.83,223593,44960,61668.2,557.036,135.12,22.3084,214.382,19.7416,3172.53,486.153,112.074,37611.9,3919.5,6067.47,120.283,6.26934,0.942609,45.3901,703.116,43.3369,5.56563,0.133694
setup,0,2009-06-17 23:00:00,0,0.71479,2.10327,0.0339271,0,0.175249,0.000444111,0.00156501,0.0004517,0.000161602,2.71899e-06,0,0,0,1.20312,0.190411,0.051689,0.00678781,0.0136265,3.998e-15,0.542797,0.569919,0.0224555,0.00135196,8786.39,223591,44960,61667.7,556.847,135.382,22.573,214.643,19.7624,3173.09,486.184,112.063,37611.7,3919.53,6067.49,120.257,6.29457,0.954807,45.4473,703.201,43.3473,5.56602,0.134141
setup,0,2009-06-18 23:00:00,0,0.711781,2.08899,0.00781851,0,0.0204947,0.00019636,0.00155562,0.000446921,0.000151735,2.80391e-06,0,0,0,1.18643,0.183495,0.0506277,0.00677958,0.0136266,3.998e-15,0.537814,0.564406,0.021294,0.00133567,8785.92,223590,44960,61667.2,556.645,135.627,22.8334,214.91,19.8213,3173.64,486.215,112.051,37611.8,3919.56,6067.51,120.232,6.31865,0.966878,45.505,703.438,43.3577,5.56642,0.134318
setup,0,2009-06-19 23:00:00,0,0.714006,2.07355,0.0164977,0,0.0199607,2.65075e-05,0.0015519,0.000437008,0.000143944,2.90656e-06,0,0,0,1.16905,0.177241,0.0495219,0.00677137,0.0136259,3.998e-15,0.535836,0.558999,0.0200029,0.0013315,8785.43,223588,44960,61666.8,556.426,135.854,23.0931,215.185,19.8837,3174.2,486.246,112.04,37611.8,3919.58,6067.53,120.201,6.34151,0.97896,45.5633,703.679,43.3681,5.56681,0.135048
setup,0,2009-06-20 23:00:00,0,0.712515,2.04636,0.02456,0,0.0811369,0.000291654,0.0015428,0.000412177,0.000134648,3.02354e-06,0,0,0,1.151,0.177861,0.0483724,0.00676316,0.0136256,3.998e-15,0.533505,0.55529,0.0187861,0.0013184,8784.94,223587,44960.1,61666.3,556.19,136.061,23.3552,215.464,19.9568,3174.75,486.277,112.029,37611.7,3919.61,6067.54,120.162,6.36312,0.99117,45.6218,703.864,43.3784,5.56721,0.134738
setup,0,2009-06-21 23:00:00,0,0.707271,2.02236,0.0170294,0,0.018754,2.59372e-05,0.0015216,0.000384388,0.000126668,3.1414e-06,0,0,0,1.13227,0.182138,0.0471803,0.00675497,0.0136256,3.998e-15,0.528987,0.548193,0.0171648,0.00129413,8784.48,223585,44960.1,61665.8,555.941,136.249,23.6165,215.75,20.0559,3175.31,486.308,112.017,37611.8,3919.64,6067.56,120.119,6.38346,1.00338,45.681,704.112,43.3888,5.5676,0.134232
setup,0,2009-06-22 23:00:00,0,0.703322,2.00167,0.0285282,0,0.0335931,0.000814326,0.00149973,0.000372982,0.00011836,3.27681e-06,0,0,0,1.1129,0.180613,0.0459465,0.00674679,0.0136258,3.998e-15,0.524349,0.542266,0.0156662,0.00126863,8784.01,223584,44960.1,61665.2,555.68,136.417,23.8762,216.042,20.1525,3175.86,486.339,112.006,37611.8,3919.67,6067.57,120.073,6.4025,1.01556,45.7415,704.344,43.3992,5.568,0.134445
setup,0,2009-06-23 23:00:00,0,0.7,1.98121,0.0306414,0,0.0172683,0.00101993,0.00147505,0.000345184,0.000110945,3.42247e-06,0,0,0,1.0929,0.183146,0.0446722,0.00673861,0.0136258,3.998e-15,0.519445,0.535978,0.0142085,0.00123892,8783.55,223583,44960.1,61664.7,555.411,136.565,24.1342,216.338,20.259,3176.42,486.37,111.995,37611.8,3919.69,6067.58,120.025,6.42019,1.0277,45.8029,704.591,43.4096,5.5684,0.134292
setup,0,2009-06-24 23:00:00,0,0.698711,1.96619,0.0271969,0,0.0165121,0.00136367,0.0014534,0.000330721,0.000104556,3.55701e-06,0,0,0,1.07229,0.181258,0.0433585,0.00673045,0.0136263,3.998e-15,0.515294,0.529892,0.0128681,0.00121504,8783.1,223581,44960.1,61664.2,555.134,136.692,24.3902,216.64,20.3747,3176.97,486.401,111.983,37611.8,3919.72,6067.6,119.975,6.4365,1.03978,45.8652,704.837,43.4199,5.56879,0.134449
setup,0,2009-06-25 23:00:00,0,0.694571,1.95129,0.0234975,0,0.0158014,0.00211207,0.00141968,0.000286343,9.94493e-05,3.66816e-06,0,0,0,1.05108,0.189758,0.0420068,0.0067223,0.0136272,3.998e-15,0.507586,0.52341,0.0116882,0.00118007,8782.66,223580,44960.1,61663.8,554.856,136.799,24.6406,216.95,20.5067,3177.52,486.432,111.972,37611.8,3919.75,6067.62,119.931,6.45142,1.05166,45.9288,705.073,43.4303,5.56919,0.133488
setup,0,2009-06-26 23:00:00,0,0.686326,1.93084,0.0114209,0,0.0150438,0.00186056,0.00137906,0.000266415,9.50789e-05,3.78101e-06,0,0,0,1.02931,0.194841,0.0406183,0.00671416,0.0136257,3.998e-15,0.504543,0.515839,0.010489,0.00113729,8782.26,223578,44960.2,61663.3,554.581,136.883,24.8928,217.257,20.6461,3178.08,486.463,111.961,37611.9,3919.78,6067.63,119.882,6.4649,1.06363,45.9923,705.312,43.4407,5.56959,0.13317
setup,0,2009-06-27 23:00:00,0,0.679842,1.91029,0.0418859,0,0.0141781,0.0036609,0.00133922,0.00024177,9.10967e-05,3.8667e-06,0,0,0,1.00698,0.199352,0.0391945,0.00670603,0.0136256,3.998e-15,0.498776,0.509671,0.00930081,0.00109746,8781.88,223577,44960.2,61662.8,554.31,136.945,25.1433,217.561,20.7572,3178.63,486.494,111.95,37611.9,3919.81,6067.65,119.834,6.47694,1.07556,46.056,705.547,43.451,5.56999,0.132972
setup,0,2009-06-28 23:00:00,0,0.679315,1.89485,0.0158223,0,0.0132213,0.00422017,0.00130556,0.000232279,8.76305e-05,3.92513e-06,0,0,0,0.98413,0.200489,0.0377369,0.00669792,0.0136256,3.998e-15,0.493196,0.501788,0.00808169,0.00106416,8781.52,223576,44960.2,61662.3,554.04,136.985,25.3916,217.859,20.8958,3179.18,486.526,111.938,37611.9,3919.83,6067.66,119.786,6.48748,1.08742,46.1192,705.779,43.4614,5.57039,0.133342
setup,0,2009-06-29 23:00:00,0,0.676251,1.88047,0.0334296,0,0.0122389,0.00529193,0.0012762,0.000206992,8.47502e-05,3.94178e-06,0,0,0,0.960777,0.198583,0.036247,0.00668981,0.0136256,3.998e-15,0.488917,0.495189,0.00691209,0.00103741,8781.14,223574,44960.2,61661.8,553.769,137.001,25.6376,218.155,21.0196,3179.74,486.557,111.927,37611.9,3919.86,6067.67,119.739,6.49649,1.09919,46.1819,706.01,43.4717,5.57079,0.133202
setup,0,2009-06-30 23:00:00,0,0.674413,1.86906,0.0277008,0,0.0112352,0.00666623,0.00124571,0.000189359,8.24718e-05,3.94198e-06,0,0,0,0.936946,0.199298,0.0347264,0.00668171,0.0136257,3.998e-15,0.484479,0.488872,0.00588199,0.00101048,8780.76,223573,44960.3,61661.3,553.5,136.995,25.8814,218.447,21.1472,3180.29,486.588,111.916,37611.9,3919.89,6067.69,119.691,6.50395,1.11089,46.2439,706.237,43.482,5.57119,0.132793
setup,0,2009-07-01 23:00:00,0,0.674899,1.8581,0.0205484,0,0.0101149,0.00720096,0.00121846,0.000170851,8.06912e-05,3.92565e-06,0,0,0,0.912664,0.199622,0.0331767,0.00667363,0.0136256,3.998e-15,0.480426,0.482622,0.00487017,0.000988746,8780.39,223572,44960.3,61660.8,553.233,136.964,26.1227,218.736,21.2817,3180.84,486.62,111.905,37612,3919.92,6067.7,119.644,6.50984,1.1225,46.305,706.463,43.4924,5.57159,0.132936
setup,0,2009-07-02 23:00:00,0,0.670612,1.8478,0.0396729,0,0.00890683,0.00850211,0.0011902,0.000147606,7.92706e-05,3.89906e-06,0,0,0,0.887958,0.198572,0.0315999,0.00666555,0.0136257,3.998e-15,0.476429,0.477098,0.00398661,0.000966071,8780.02,223571,44960.3,61660.3,552.969,136.909,26.3616,219.021,21.3924,3181.39,486.651,111.894,37612,3919.94,6067.72,119.598,6.51413,1.13401,46.3651,706.686,43.5027,5.57199,0.132378
setup,0,2009-07-03 23:00:00,0,0.667107,1.8423,0.0153374,0,0.00784046,0.00866649,0.00115931,0.000130289,7.82926e-05,3.87689e-06,0,0,0,0.862856,0.200568,0.0299975,0.00665749,0.013626,3.998e-15,0.470678,0.471416,0.00332941,0.000941483,8779.65,223569,44960.3,61659.8,552.712,136.83,26.5966,219.304,21.5198,3181.94,486.683,111.882,37612,3919.97,6067.73,119.558,6.51681,1.14537,46.4248,706.904,43.513,5.57239,0.132311
setup,0,2009-07-04 23:00:00,0,0.667114,1.84073,0.0352783,0,0.00684869,0.00963529,0.00113329,0.000119541,7.7459e-05,3.85692e-06,0,0,0,0.837387,0.201075,0.0283715,0.00664943,0.0136265,3.998e-15,0.46816,0.467346,0.00281922,0.000924635,8779.29,223568,44960.4,61659.3,552.46,136.726,26.8292,219.583,21.6179,3182.5,486.714,111.871,37612,3920,6067.75,119.519,6.51786,1.15664,46.4839,707.119,43.5234,5.57279,0.132231
setup,0,2009-07-05 23:00:00,0,0.66466,1.8424,0.0291343,0,0.00604478,0.00945896,0.00110821,9.90675e-05,7.69668e-05,3.82991e-06,0,0,0,0.811579,0.202677,0.0267238,0.00664139,0.0136271,3.998e-15,0.465628,0.465033,0.00248659,0.000909241,8778.93,223567,44960.4,61658.9,552.215,136.598,27.0557,219.865,21.7145,3183.05,486.745,111.86,37612.1,3920.03,6067.77,119.483,6.51727,1.16765,46.5435,707.33,43.5337,5.57319,0.131495
setup,0,2009-07-06 23:00:00,0,0.666695,1.84683,0.0281483,0,0.00543713,0.0101957,0.00108927,0.000100544,7.64448e-05,3.80755e-06,0,0,0,0.785464,0.201715,0.0250562,0.00663336,0.0136267,3.998e-15,0.464661,0.462824,0.00225348,0.000901688,8778.58,223566,44960.4,61658.4,551.973,136.444,27.2807,220.147,21.799,3183.6,486.777,111.849,37612.1,3920.06,6067.78,119.447,6.51502,1.17861,46.603,707.539,43.544,5.57359,0.131845
setup,0,2009-07-07 23:00:00,0,0.665797,1.84936,0.0205698,0,0.00427734,0.00964958,0.00108142,9.50928e-05,7.59609e-05,3.78425e-06,0,0,0,0.759071,0.193067,0.0233708,0.00662534,0.0136259,3.998e-15,0.46463,0.461955,0.00188237,0.000905082,8778.19,223564,44960.4,61657.9,551.728,136.264,27.5061,220.426,21.8745,3184.15,486.808,111.838,37612.1,3920.08,6067.8,119.41,6.51107,1.18957,46.6618,707.752,43.5543,5.57399,0.131679
setup,0,2009-07-08 23:00:00,0,0.664529,1.85243,0.0311183,0,0.00346356,0.0104185,0.00107432,8.1475e-05,7.57389e-05,3.75581e-06,0,0,0,0.732432,0.190474,0.0216696,0.00661733,0.0136256,3.998e-15,0.46417,0.461891,0.00163836,0.000906648,8777.79,223563,44960.4,61657.4,551.485,136.059,27.7287,220.707,21.9306,3184.7,486.84,111.827,37612.1,3920.11,6067.81,119.372,6.50543,1.20041,46.7205,707.964,43.5646,5.57439,0.131493
setup,0,2009-07-09 23:00:00,0,0.664001,1.86143,0.0335653,0,0.00347132,0.00995403,0.00106791,7.45961e-05,7.5468e-05,3.73051e-06,0,0,0,0.705578,0.189265,0.0199546,0.00660933,0.0136257,3.998e-15,0.465938,0.462746,0.00163634,0.000910042,8777.38,223562,44960.4,61656.9,551.241,135.827,27.9483,220.993,21.9767,3185.25,486.871,111.815,37612.2,3920.14,6067.83,119.332,6.49809,1.21112,46.7798,708.178,43.5749,5.57479,0.131335
setup,0,2009-07-10 23:00:00,0,0.665839,1.87068,0.0183756,0,0.00348211,0.0106163,0.00106679,7.25605e-05,7.52377e-05,3.72336e-06,0,0,0,0.678542,0.187412,0.0182279,0.00660134,0.0136259,3.998e-15,0.468437,0.464993,0.00163313,0.000918702,8776.98,223560,44960.4,61656.4,550.995,135.57,28.1645,221.283,22.0326,3185.8,486.902,111.804,37612.2,3920.16,6067.84,119.289,6.48905,1.22168,46.8401,708.392,43.5852,5.57519,0.130697
setup,0,2009-07-11 23:00:00,0,0.665206,1.87451,0.0208637,0,0.00349291,0.00985122,0.00106178,5.59522e-05,7.51412e-05,3.72837e-06,0,0,0,0.651357,0.191095,0.0164916,0.00659336,0.0136256,3.998e-15,0.468973,0.465941,0.00162605,0.000919914,8776.57,223559,44960.4,61655.8,550.75,135.287,28.3777,221.578,22.0842,3186.35,486.933,111.793,37612.2,3920.19,6067.86,119.246,6.47831,1.2321,46.9015,708.606,43.5955,5.57559,0.130188
setup,0,2009-07-12 23:00:00,0,0.659016,1.87951,0.0408229,0,0.00350369,0.00967466,0.00104987,5.1886e-05,7.49352e-05,3.76446e-06,0,0,0,0.624055,0.193503,0.0147478,0.00658539,0.0136256,3.998e-15,0.468229,0.465769,0.00161797,0.000911153,8776.19,223558,44960.4,61655.3,550.512,134.979,28.5879,221.874,22.1038,3186.9,486.965,111.782,37612.2,3920.22,6067.87,119.205,6.46588,1.24238,46.964,708.818,43.6058,5.57599,0.129831
setup,0,2009-07-13 23:00:00,0,0.6596,1.88235,0.0221456,0,0.00351439,0.0105393,0.00103998,4.96192e-05,7.48261e-05,3.80758e-06,0,0,0,0.59667,0.199925,0.0129986,0.00657743,0.0136256,3.998e-15,0.467634,0.465682,0.00161224,0.000903997,8775.82,223556,44960.4,61654.8,550.28,134.644,28.795,222.169,22.1389,3187.45,486.996,111.771,37612.3,3920.25,6067.89,119.165,6.45178,1.25251,47.0275,709.026,43.6161,5.57639,0.129195
setup,0,2009-07-14 23:00:00,0,0.659975,1.88887,0.023812,0,0.003525,0.0101054,0.00103511,5.41452e-05,7.46574e-05,3.84821e-06,0,0,0,0.569235,0.200113,0.0112462,0.00656949,0.0136256,3.998e-15,0.46761,0.46567,0.00160701,0.000902056,8775.47,223555,44960.4,61654.3,550.052,134.284,28.9985,222.465,22.1642,3187.99,487.027,111.76,37612.3,3920.27,6067.9,119.127,6.43597,1.26248,47.0918,709.233,43.6263,5.57679,0.129165
setup,0,2009-07-15 23:00:00,0,0.65299,1.892,0.0252363,0,0.0035355,0.00993651,0.00102984,4.58235e-05,7.45226e-05,3.875e-06,0,0,0,0.555383,0.198093,0.0103672,0.00656155,0.0136257,3.998e-15,0.467392,0.465866,0.00159912,0.000897889,8775.1,223554,44960.4,61653.8,549.828,133.912,29.1987,222.762,22.1786,3188.54,487.058,111.749,37612.3,3920.3,6067.92,119.089,6.41937,1.27229,47.1569,709.439,43.6366,5.57718,0.128692
setup,0,2009-07-16 23:00:00,0,0.649963,1.89627,0.0284736,0,0.00354589,0.00995308,0.0010254,4.92725e-05,7.44353e-05,3.89012e-06,0,0,0,0.555131,0.198198,0.0103628,0.00655362,0.0136256,3.998e-15,0.46721,0.465584,0.0015959,0.000894469,8774.74,223553,44960.4,61653.3,549.609,133.542,29.3955,223.057,22.183,3189.09,487.09,111.738,37612.3,3920.33,6067.93,119.052,6.40283,1.28193,47.2227,709.643,43.6469,5.57758,0.128395
setup,0,2009-07-17 23:00:00,0,0.641109,1.90183,0.0270525,0,0.00355626,0.0100107,0.00102099,4.62955e-05,7.43148e-05,3.89668e-06,0,0,0,0.554878,0.193081,0.0103583,0.00654571,0.0136258,3.998e-15,0.464618,0.464629,0.00159517,0.000890862,8774.36,223551,44960.4,61652.8,549.396,133.174,29.5865,223.354,22.1789,3189.64,487.121,111.727,37612.4,3920.35,6067.95,119.022,6.38635,1.29131,47.2893,709.843,43.6571,5.57798,0.127789
setup,0,2009-07-18 23:00:00,0,0.6425,1.91711,0.0278601,0,0.00356684,0.0100471,0.00102296,5.77144e-05,7.44032e-05,3.89881e-06,0,0,0,0.554626,0.191052,0.0103539,0.0065378,0.0136268,3.998e-15,0.464759,0.464214,0.00162403,0.000895684,8773.97,223550,44960.4,61652.4,549.186,132.808,29.766,223.655,22.1688,3190.19,487.152,111.716,37612.4,3920.38,6067.97,118.996,6.36995,1.30018,47.3579,710.037,43.6674,5.57838,0.128403
setup,0,2009-07-19 23:00:00,0,0.651577,1.92337,0.0302903,0,0.0035773,0.00991937,0.00103154,5.65986e-05,7.42605e-05,3.89131e-06,0,0,0,0.554375,0.193592,0.0103494,0.00652991,0.0136282,3.998e-15,0.466096,0.464642,0.00161538,0.000907162,8773.59,223548,44960.4,61651.9,548.974,132.443,29.9432,223.958,22.1606,3190.73,487.184,111.705,37612.4,3920.41,6068,118.968,6.35359,1.30893,47.4265,710.233,43.6776,5.57878,0.127786
setup,0,2009-07-20 23:00:00,0,0.6519,1.91958,0.0294231,0,0.00358637,0.00986237,0.00103633,4.92193e-05,7.40321e-05,3.87713e-06,0,0,0,0.554123,0.193634,0.010345,0.00652202,0.0136258,3.998e-15,0.466718,0.464818,0.00158007,0.000912356,8773.21,223547,44960.4,61651.4,548.759,132.078,30.1262,224.256,22.1489,3191.28,487.215,111.694,37612.4,3920.43,6068.01,118.939,6.33728,1.31791,47.4941,710.433,43.6879,5.57918,0.127637
setup,0,2009-07-21 23:00:00,0,0.648959,1.923,0.0341532,0,0.00359605,0.00972192,0.00103525,4.54994e-05,7.39901e-05,3.86634e-06,0,0,0,0.553871,0.195379,0.0103405,0.00651415,0.0136257,3.998e-15,0.466706,0.465379,0.00157521,0.000910976,8772.83,223546,44960.3,61650.8,548.547,131.716,30.3063,224.556,22.127,3191.83,487.246,111.683,37612.5,3920.46,6068.03,118.91,6.32103,1.32675,47.5614,710.632,43.6981,5.57958,0.127274
setup,0,2009-07-22 23:00:00,0,0.64018,1.92332,0.0356358,0,0.00360576,0.00964491,0.00102922,4.09428e-05,7.39589e-05,3.86764e-06,0,0,0,0.55362,0.194924,0.0103361,0.00650629,0.0136256,3.998e-15,0.46681,0.465477,0.00157107,0.000903386,8772.46,223544,44960.3,61650.3,548.343,131.355,30.4835,224.853,22.0944,3192.37,487.277,111.672,37612.5,3920.49,6068.04,118.881,6.30487,1.33545,47.6284,710.831,43.7084,5.57998,0.127082
setup,0,2009-07-23 23:00:00,0,0.638223,1.92763,0.0211633,0,0.00361538,0.0097018,0.00102675,4.90461e-05,7.38625e-05,3.87716e-06,0,0,0,0.553369,0.195254,0.0103317,0.00649843,0.0136256,3.998e-15,0.466707,0.465651,0.00156678,0.000900854,8772.09,223543,44960.3,61649.8,548.144,130.995,30.6576,225.147,22.0718,3192.92,487.309,111.661,37612.5,3920.51,6068.06,118.853,6.28877,1.34399,47.695,711.03,43.7186,5.58038,0.126701
setup,0,2009-07-24 23:00:00,0,0.640058,1.9334,0.0308982,0,0.00362492,0.00970635,0.00103182,5.51878e-05,7.37857e-05,3.88825e-06,0,0,0,0.553119,0.192428,0.0103272,0.00649059,0.0136256,3.998e-15,0.467856,0.466145,0.00156586,0.000907802,8771.72,223542,44960.3,61649.3,547.945,130.637,30.8282,225.439,22.0377,3193.47,487.34,111.65,37612.5,3920.54,6068.08,118.825,6.27273,1.35237,47.7611,711.229,43.7288,5.58077,0.126955
setup,0,2009-07-25 23:00:00,0,0.640303,1.93875,0.0345854,0,0.00363436,0.00963443,0.00104008,5.26028e-05,7.37291e-05,3.8905e-06,0,0,0,0.552868,0.189649,0.0103228,0.00648276,0.0136257,3.998e-15,0.471723,0.468734,0.00156244,0.000917312,8771.33,223540,44960.2,61648.8,547.746,130.281,30.9955,225.733,21.9991,3194.01,487.371,111.639,37612.6,3920.56,6068.09,118.791,6.25673,1.3606,47.8271,711.432,43.7391,5.58117,0.126563
setup,0,2009-07-26 23:00:00,0,0.638679,1.94015,0.0325291,0,0.00364371,0.00951691,0.00104339,4.65133e-05,7.37606e-05,3.89161e-06,0,0,0,0.552618,0.190554,0.0103184,0.00647494,0.013626,3.998e-15,0.471843,0.469594,0.0015576,0.000920237,8770.94,223539,44960.2,61648.2,547.547,129.926,31.1597,226.027,21.9635,3194.56,487.402,111.628,37612.6,3920.59,6068.11,118.758,6.24079,1.36867,47.8931,711.636,43.7493,5.58157,0.126312
setup,0,2009-07-27 23:00:00,0,0.637468,1.94523,0.033225,0,0.00365299,0.00936675,0.00104285,4.77559e-05,7.36737e-05,3.91249e-06,0,0,0,0.552368,0.192553,0.010314,0.00646713,0.013626,3.998e-15,0.471789,0.469697,0.00155246,0.000919046,8770.56,223537,44960.2,61647.7,547.353,129.572,31.3209,226.319,21.923,3195.1,487.433,111.617,37612.6,3920.62,6068.12,118.726,6.22493,1.3766,47.959,711.838,43.7595,5.58197,0.126305
setup,0,2009-07-28 23:00:00,0,0.63695,1.94622,0.0260652,0,0.0036622,0.00950629,0.00104284,4.66217e-05,7.36945e-05,3.93886e-06,0,0,0,0.552118,0.194293,0.0103095,0.00645933,0.0136259,3.998e-15,0.471802,0.469966,0.00155005,0.000918739,8770.19,223536,44960.1,61647.2,547.163,129.22,31.479,226.611,21.8896,3195.65,487.464,111.606,37612.6,3920.64,6068.14,118.695,6.20912,1.38438,48.0247,712.04,43.7697,5.58237,0.12596
setup,0,2009-07-29 23:00:00,0,0.631556,1.9507,0.0299567,0,0.00367136,0.00914802,0.00104318,4.87484e-05,7.36307e-05,3.97024e-06,0,0,0,0.551869,0.190651,0.0103051,0.00645154,0.013626,3.998e-15,0.471914,0.470144,0.00154663,0.000918825,8769.8,223535,44960.1,61646.7,546.976,128.87,31.6342,226.901,21.8447,3196.19,487.496,111.595,37612.7,3920.67,6068.16,118.665,6.19338,1.39202,48.0902,712.243,43.7799,5.58276,0.126071
setup,0,2009-07-30 23:00:00,0,0.631763,1.95219,0.0348073,0,0.00368064,0.00937516,0.00103981,4.16944e-05,7.37165e-05,3.99632e-06,0,0,0,0.55162,0.19676,0.0103007,0.00644376,0.013626,3.998e-15,0.468565,0.468972,0.001556,0.00091429,8769.44,223533,44960.1,61646.2,546.795,128.521,31.7823,227.191,21.8013,3196.74,487.527,111.584,37612.7,3920.69,6068.18,118.643,6.1777,1.39934,48.156,712.439,43.7901,5.58316,0.125372
setup,0,2009-07-31 23:00:00,0,0.627931,1.95211,0.0413083,0,0.0036895,0.00900645,0.00103589,4.6509e-05,7.36072e-05,4.02449e-06,0,0,0,0.551371,0.19599,0.0102963,0.00643599,0.0136257,3.998e-15,0.468725,0.467552,0.00153811,0.000909049,8769.08,223532,44960,61645.6,546.618,128.174,31.9317,227.475,21.7433,3197.28,487.558,111.573,37612.7,3920.72,6068.19,118.621,6.16209,1.4067,48.2207,712.637,43.8004,5.58356,0.12543
setup,0,2009-08-01 23:00:00,0,0.624875,1.95417,0.0226788,0,0.00369847,0.00941346,0.00103567,4.80763e-05,7.35722e-05,4.04242e-06,0,0,0,0.551123,0.194345,0.0102919,0.00642823,0.0136257,3.998e-15,0.470894,0.468549,0.00153584,0.000908857,8768.71,223530,44960,61645.1,546.446,127.828,32.0782,227.756,21.7013,3197.83,487.589,111.562,37612.7,3920.75,6068.21,118.595,6.14654,1.41392,48.2845,712.837,43.8106,5.58396,0.125189
setup,0,2009-08-02 23:00:00,0,0.626812,1.95337,0.0428064,0,0.00370739,0.00871568,0.0010329,4.13317e-05,7.35715e-05,4.04516e-06,0,0,0,0.550874,0.201017,0.0102875,0.00642048,0.0136258,3.998e-15,0.471475,0.470156,0.00153059,0.000904653,8768.37,223529,44960,61644.6,546.278,127.484,32.222,228.034,21.6446,3198.37,487.62,111.551,37612.8,3920.77,6068.23,118.568,6.13106,1.42101,48.3476,713.038,43.8207,5.58436,0.124929
setup,0,2009-08-03 23:00:00,0,0.623486,1.95565,0.0206743,0,0.00371627,0.00949468,0.00102993,4.921e-05,7.35315e-05,4.04869e-06,0,0,0,0.550626,0.198717,0.010283,0.00641274,0.0136259,3.998e-15,0.47108,0.469838,0.00153065,0.000901338,8768.02,223527,44959.9,61644.1,546.116,127.141,32.363,228.308,21.6029,3198.91,487.652,111.54,37612.8,3920.8,6068.24,118.544,6.11565,1.42796,48.4102,713.237,43.8309,5.58475,0.125057
setup,0,2009-08-04 23:00:00,0,0.623093,1.95512,0.03716,0,0.00372509,0.00889744,0.00103021,4.81172e-05,7.35484e-05,4.04447e-06,0,0,0,0.550379,0.19906,0.0102786,0.00640501,0.0136264,3.998e-15,0.471146,0.470213,0.00153041,0.000902117,8767.67,223526,44959.9,61643.6,545.956,126.8,32.5012,228.579,21.5469,3199.46,487.683,111.53,37612.8,3920.82,6068.26,118.519,6.10029,1.43479,48.4718,713.437,43.8411,5.58515,0.125033
setup,0,2009-08-05 23:00:00,0,0.621282,1.95945,0.0269431,0,0.00373388,0.0090173,0.00103104,4.85527e-05,7.34969e-05,4.03411e-06,0,0,0,0.550131,0.197634,0.0102742,0.0063973,0.0136259,3.998e-15,0.471435,0.470388,0.00152658,0.000903161,8767.32,223525,44959.8,61643,545.799,126.46,32.6365,228.848,21.4985,3200,487.714,111.519,37612.8,3920.85,6068.28,118.496,6.08499,1.44147,48.5326,713.637,43.8513,5.58555,0.124761
setup,0,2009-08-06 23:00:00,0,0.622152,1.95961,0.0372249,0,0.00374263,0.00887809,0.00103116,4.72825e-05,7.35011e-05,4.02398e-06,0,0,0,0.549884,0.199731,0.0102698,0.00638959,0.0136256,3.998e-15,0.471575,0.470479,0.00152358,0.000903421,8766.97,223523,44959.8,61642.5,545.644,126.122,32.7691,229.115,21.4429,3200.54,487.745,111.508,37612.8,3920.87,6068.3,118.473,6.06974,1.44802,48.5927,713.838,43.8615,5.58595,0.124551
setup,0,2009-08-07 23:00:00,0,0.622134,1.96249,0.0289692,0,0.00375132,0.00869481,0.00103204,4.89876e-05,7.35077e-05,4.01695e-06,0,0,0,0.549637,0.199448,0.0102654,0.00638189,0.013626,3.998e-15,0.47186,0.470448,0.00152239,0.000904811,8766.63,223522,44959.7,61642,545.492,125.785,32.8988,229.381,21.3947,3201.09,487.776,111.497,37612.9,3920.9,6068.31,118.451,6.05456,1.45444,48.652,714.04,43.8716,5.58635,0.124491
setup,0,2009-08-08 23:00:00,0,0.625611,1.96466,0.0353272,0,0.00376004,0.00881524,0.0010327,4.82019e-05,7.35568e-05,4.01346e-06,0,0,0,0.54939,0.202831,0.010261,0.0063742,0.0136262,3.998e-15,0.469342,0.469207,0.00152864,0.000906193,8766.29,223520,44959.7,61641.5,545.342,125.45,33.0234,229.647,21.3457,3201.63,487.808,111.486,37612.9,3920.92,6068.33,118.435,6.03943,1.46062,48.7111,714.238,43.8818,5.58675,0.124307
setup,0,2009-08-09 23:00:00,0,0.615719,1.96961,0.0289212,0,0.00376867,0.00859683,0.00103581,5.40335e-05,7.35256e-05,4.02031e-06,0,0,0,0.549144,0.191403,0.0102566,0.00636653,0.0136262,3.998e-15,0.469855,0.468589,0.00152778,0.000910608,8765.92,223519,44959.6,61640.9,545.192,125.116,33.1457,229.912,21.2892,3202.17,487.839,111.475,37612.9,3920.95,6068.35,118.42,6.02435,1.46668,48.7695,714.437,43.892,5.58714,0.124492
setup,0,2009-08-10 23:00:00,0,0.615452,1.97008,0.0286085,0,0.00377726,0.00864752,0.00104015,5.00356e-05,7.35416e-05,4.02453e-06,0,0,0,0.548898,0.193194,0.0102522,0.00635886,0.0136256,3.998e-15,0.471631,0.469488,0.0015222,0.00091566,8765.55,223517,44959.5,61640.4,545.044,124.783,33.2673,230.174,21.2364,3202.71,487.87,111.464,37612.9,3920.97,6068.37,118.401,6.00933,1.4727,48.8266,714.639,43.9021,5.58754,0.124416
setup,0,2009-08-11 23:00:00,0,0.611549,1.96639,0.0351639,0,0.00378581,0.00866016,0.00103755,3.8122e-05,7.36199e-05,4.0173e-06,0,0,0,0.548652,0.196447,0.0102479,0.0063512,0.0136256,3.998e-15,0.473361,0.4717,0.00151551,0.000910851,8765.19,223516,44959.5,61639.9,544.901,124.452,33.3865,230.433,21.181,3203.26,487.901,111.454,37613,3921,6068.39,118.38,5.99438,1.47861,48.8828,714.843,43.9123,5.58794,0.12397
setup,0,2009-08-12 23:00:00,0,0.612746,1.96719,0.0309073,0,0.00379433,0.00826819,0.00103033,4.40789e-05,7.36329e-05,4.02032e-06,0,0,0,0.548406,0.202463,0.0102435,0.00634355,0.0136257,3.998e-15,0.470817,0.469928,0.00151455,0.000902224,8764.86,223514,44959.4,61639.4,544.764,124.123,33.5024,230.687,21.1315,3203.8,487.932,111.443,37613,3921.02,6068.4,118.364,5.97949,1.48437,48.9384,715.044,43.9224,5.58834,0.123816
setup,0,2009-08-13 23:00:00,0,0.608093,1.96861,0.0288598,0,0.00380286,0.00844864,0.00102708,4.67963e-05,7.36372e-05,4.02752e-06,0,0,0,0.548161,0.199301,0.0102391,0.00633592,0.0136259,3.998e-15,0.470439,0.469488,0.00151535,0.000898984,8764.52,223513,44959.4,61638.8,544.632,123.795,33.6156,230.938,21.0785,3204.34,487.963,111.432,37613,3921.05,6068.42,118.35,5.96467,1.48999,48.9933,715.245,43.9326,5.58873,0.123926
setup,0,2009-08-14 23:00:00,0,0.612321,1.97189,0.0357683,0,0.00381139,0.0084415,0.00102988,5.40745e-05,7.36813e-05,4.03478e-06,0,0,0,0.547916,0.201266,0.0102347,0.00632829,0.0136257,3.998e-15,0.472185,0.4716,0.00152839,0.0009029,8764.18,223512,44959.3,61638.3,544.503,123.469,33.7236,231.187,21.0234,3204.88,487.995,111.421,37613,3921.07,6068.44,118.334,5.9499,1.49537,49.048,715.448,43.9427,5.58913,0.124087
setup,0,2009-08-15 23:00:00,0,0.610416,1.98401,0.0292189,0,0.00382011,0.00815753,0.0010381,5.61469e-05,7.38264e-05,4.02876e-06,0,0,0,0.547671,0.194804,0.0102303,0.00632068,0.0136278,3.998e-15,0.476928,0.475789,0.00156052,0.000912802,8763.82,223510,44959.2,61637.8,544.376,123.144,33.821,231.442,20.9703,3205.42,488.026,111.41,37613.1,3921.1,6068.46,118.311,5.93518,1.50029,49.1044,715.657,43.9528,5.58953,0.124118
setup,0,2009-08-16 23:00:00,0,0.608758,1.97993,0.0292405,0,0.00382841,0.0082128,0.00103993,4.28044e-05,7.38706e-05,4.00478e-06,0,0,0,0.547426,0.197531,0.0102259,0.00631307,0.0136281,3.998e-15,0.47499,0.474536,0.00154247,0.000913752,8763.47,223509,44959.1,61637.3,544.249,122.821,33.9193,231.692,20.9237,3205.96,488.057,111.4,37613.1,3921.12,6068.49,118.293,5.92051,1.50522,49.1604,715.862,43.963,5.58993,0.123659
setup,0,2009-08-17 23:00:00,0,0.603005,1.97306,0.0355502,0,0.00383654,0.00823173,0.00103468,4.51247e-05,7.37814e-05,3.99459e-06,0,0,0,0.547182,0.19691,0.0102215,0.00630547,0.0136261,3.998e-15,0.46957,0.469576,0.00151198,0.000907283,8763.12,223507,44959.1,61636.8,544.124,122.499,34.0236,231.934,20.8654,3206.5,488.088,111.389,37613.1,3921.15,6068.51,118.284,5.90591,1.51041,49.2141,716.061,43.9731,5.59032,0.123716
setup,0,2009-08-18 23:00:00,0,0.606241,1.97345,0.0273009,0,0.00384487,0.00818566,0.00103154,4.67932e-05,7.37875e-05,3.99968e-06,0,0,0,0.546937,0.202698,0.0102172,0.00629789,0.0136256,3.998e-15,0.470155,0.469244,0.0015113,0.000904054,8762.8,223506,44959,61636.2,544.005,122.178,34.1258,232.171,20.8193,3207.04,488.119,111.378,37613.1,3921.17,6068.52,118.275,5.89137,1.5155,49.2661,716.261,43.9832,5.59072,0.123758
setup,0,2009-08-19 23:00:00,0,0.603108,1.97489,0.0301269,0,0.00385325,0.00775634,0.001032,4.75177e-05,7.38931e-05,3.99848e-06,0,0,0,0.546694,0.199572,0.0102128,0.00629031,0.0136258,3.998e-15,0.471808,0.470843,0.00151911,0.000904819,8762.46,223504,44958.9,61635.7,543.887,121.858,34.2228,232.407,20.7706,3207.58,488.15,111.367,37613.2,3921.19,6068.54,118.263,5.87688,1.52035,49.3172,716.464,43.9933,5.59112,0.123623
setup,0,2009-08-20 23:00:00,0,0.604438,1.97492,0.0288713,0,0.0038616,0.00792365,0.00102916,4.29366e-05,7.39799e-05,3.99444e-06,0,0,0,0.54645,0.204941,0.0102084,0.00628275,0.0136262,3.998e-15,0.472362,0.471704,0.00152281,0.000900922,8762.14,223503,44958.8,61635.2,543.775,121.541,34.3161,232.642,20.7276,3208.12,488.182,111.356,37613.2,3921.22,6068.56,118.252,5.86245,1.52504,49.3679,716.668,44.0034,5.59152,0.123529
setup,0,2009-08-21 23:00:00,0,0.5997,1.97262,0.0352671,0,0.00386977,0.00794726,0.00102599,4.67761e-05,7.39397e-05,3.9865e-06,0,0,0,0.546207,0.202053,0.0102041,0.00627519,0.0136258,3.998e-15,0.470011,0.469483,0.00150821,0.000897271,8761.81,223501,44958.8,61634.7,543.666,121.224,34.4113,232.87,20.672,3208.66,488.213,111.346,37613.2,3921.24,6068.58,118.244,5.84809,1.52979,49.4169,716.87,44.0135,5.59191,0.123442
setup,0,2009-08-22 23:00:00,0,0.600034,1.97465,0.0272836,0,0.003878,0.00779369,0.00102655,5.17204e-05,7.39215e-05,3.98438e-06,0,0,0,0.545964,0.202052,0.0101997,0.00626765,0.0136258,3.998e-15,0.471507,0.469759,0.00150997,0.000898659,8761.49,223500,44958.7,61634.1,543.559,120.909,34.5043,233.095,20.6244,3209.2,488.244,111.335,37613.2,3921.27,6068.6,118.234,5.83378,1.53443,49.4646,717.073,44.0237,5.59231,0.123551
setup,0,2009-08-23 23:00:00,0,0.601968,1.97597,0.0281423,0,0.00388621,0.00761035,0.00103226,5.18585e-05,7.397e-05,3.96892e-06,0,0,0,0.545721,0.20147,0.0101953,0.00626011,0.0136258,3.998e-15,0.474983,0.473358,0.00151129,0.000905458,8761.16,223498,44958.6,61633.6,543.452,120.595,34.5948,233.318,20.5797,3209.74,488.275,111.324,37613.2,3921.29,6068.62,118.219,5.81951,1.53896,49.5114,717.281,44.0338,5.59271,0.12357
setup,0,2009-08-24 23:00:00,0,0.598506,1.97711,0.0271741,0,0.00389441,0.00770512,0.00103397,4.82943e-05,7.4006e-05,3.95593e-06,0,0,0,0.545478,0.199517,0.010191,0.00625258,0.0136258,3.998e-15,0.474907,0.473993,0.00151209,0.000907165,8760.82,223497,44958.5,61633.1,543.347,120.282,34.6834,233.54,20.5336,3210.27,488.306,111.314,37613.3,3921.32,6068.64,118.204,5.8053,1.5434,49.5575,717.489,44.0439,5.59311,0.123578
setup,0,2009-08-25 23:00:00,0,0.599064,1.98018,0.0279405,0,0.00390257,0.00757796,0.00104037,5.66568e-05,7.4059e-05,3.94851e-06,0,0,0,0.545236,0.196842,0.0101866,0.00624507,0.0136277,3.998e-15,0.475634,0.474456,0.00151564,0.00091537,8760.48,223495,44958.4,61632.5,543.241,119.971,34.7694,233.76,20.4881,3210.81,488.337,111.303,37613.3,3921.34,6068.66,118.19,5.79113,1.54771,49.6028,717.698,44.0539,5.5935,0.123781
setup,0,2009-08-26 23:00:00,0,0.600749,1.98271,0.0344972,0,0.00391069,0.00757383,0.00104928,5.49067e-05,7.41193e-05,3.95125e-06,0,0,0,0.544994,0.195224,0.0101822,0.00623756,0.0136279,3.998e-15,0.476621,0.475217,0.00151763,0.000926204,8760.13,223494,44958.3,61632,543.132,119.661,34.853,233.98,20.4398,3211.35,488.368,111.292,37613.3,3921.36,6068.68,118.175,5.77701,1.5519,49.6476,717.91,44.064,5.5939,0.123887
setup,0,2009-08-27 23:00:00,0,0.6011,1.9848,0.0270085,0,0.00391881,0.00745154,0.00105369,4.90266e-05,7.42421e-05,3.96526e-06,0,0,0,0.544752,0.196793,0.0101779,0.00623007,0.0136274,3.998e-15,0.475058,0.475113,0.00152507,0.00093081,8759.78,223492,44958.2,61631.4,543.024,119.352,34.9322,234.201,20.4038,3211.89,488.399,111.281,37613.3,3921.39,6068.7,118.164,5.76294,1.55589,49.6923,718.121,44.0741,5.59429,0.123601
setup,0,2009-08-28 23:00:00,0,0.600567,1.98341,0.0277044,0,0.00392689,0.00721252,0.00104851,3.69132e-05,7.43568e-05,3.99002e-06,0,0,0,0.54451,0.203993,0.0101735,0.00622258,0.0136262,3.998e-15,0.47494,0.474455,0.00152075,0.000922923,8759.46,223491,44958.1,61630.9,542.921,119.045,35.0087,234.422,20.3712,3212.43,488.43,111.271,37613.4,3921.41,6068.72,118.154,5.74894,1.55976,49.737,718.331,44.0842,5.59469,0.123096
setup,0,2009-08-29 23:00:00,0,0.588981,1.98706,0.0276919,0,0.00393524,0.00731162,0.00103685,3.5739e-05,7.4643e-05,4.0322e-06,0,0,0,0.544269,0.202678,0.0101692,0.00621511,0.0136267,2.02794e-06,0.477293,0.476983,0.00155,0.000907831,8759.13,223489,44958,61630.4,542.832,118.74,35.075,234.644,20.3286,3212.96,488.461,111.26,37613.4,3921.44,6068.74,118.14,5.73501,1.56317,49.7835,718.543,44.0943,5.59509,0.122844
setup,0,2009-08-30 23:00:00,0,0.586795,1.98571,0.0270199,0,0.00394318,0.00723956,0.00102957,5.00601e-05,7.45886e-05,4.08338e-06,0,0,0,0.544028,0.203579,0.0101648,0.00620764,0.0136277,2.98339e-06,0.474449,0.474705,0.00154227,0.000899854,8758.82,223488,44957.9,61629.9,542.748,118.437,35.1423,234.855,20.2827,3213.5,488.493,111.249,37613.4,3921.46,6068.76,118.132,5.72115,1.56661,49.8298,718.749,44.1043,5.59549,0.12328
setup,0,2009-08-31 23:00:00,0,0.591225,1.98495,0.0268032,0,0.0039511,0.00716322,0.00103242,5.11918e-05,7.45566e-05,4.10122e-06,0,0,0,0.543787,0.204622,0.0101605,0.00620018,0.0136268,2.98703e-06,0.473734,0.474122,0.00153479,0.000903941,8758.51,223487,44957.8,61629.4,542.664,118.135,35.2092,235.062,20.2443,3214.04,488.524,111.239,37613.4,3921.48,6068.79,118.126,5.70733,1.57003,49.875,718.954,44.1144,5.59588,0.123259
setup,0,2009-09-01 23:00:00,0,0.590765,1.98093,0.0322577,0,0.00395889,0.00720346,0.00103621,5.30411e-05,7.45168e-05,4.0951e-06,0,0,0,0.543546,0.201429,0.0101561,0.00619274,0.0136256,2.79166e-06,0.470584,0.471168,0.00151556,0.00090879,8758.19,223485,44957.7,61628.8,542.577,117.833,35.2806,235.264,20.1997,3214.57,488.555,111.228,37613.5,3921.51,6068.81,118.125,5.69356,1.57363,49.9181,719.156,44.1244,5.59628,0.123643
setup,0,2009-09-02 23:00:00,0,0.58979,1.98204,0.0258369,0,0.00396681,0.00703755,0.00104206,5.31047e-05,7.46142e-05,4.07673e-06,0,0,0,0.543306,0.198717,0.0101518,0.0061853,0.0136258,2.99081e-06,0.472494,0.471748,0.00151984,0.000916,8757.86,223484,44957.6,61628.3,542.489,117.533,35.3499,235.465,20.1625,3215.11,488.586,111.218,37613.5,3921.53,6068.83,118.122,5.67983,1.57714,49.9594,719.363,44.1345,5.59668,0.123546
setup,0,2009-09-03 23:00:00,0,0.590042,1.9854,0.0253953,0,0.00397472,0.00695886,0.00104583,4.87098e-05,7.46408e-05,4.05807e-06,0,0,0,0.543066,0.19989,0.0101474,0.00617787,0.0136262,3.12987e-06,0.4737,0.473279,0.00152182,0.000919839,8757.53,223482,44957.5,61627.7,542.401,117.233,35.4158,235.666,20.1287,3215.64,488.617,111.207,37613.5,3921.55,6068.85,118.117,5.66615,1.58049,49.9997,719.572,44.1445,5.59707,0.123277
setup,0,2009-09-04 23:00:00,0,0.5891,1.9884,0.0258046,0,0.00398258,0.00681755,0.00105158,5.64384e-05,7.47094e-05,4.05387e-06,0,0,0,0.542826,0.196398,0.0101431,0.00617046,0.0136259,3.17328e-06,0.474452,0.473758,0.00152669,0.000927162,8757.19,223481,44957.4,61627.2,542.313,116.936,35.4793,235.867,20.0924,3216.18,488.648,111.196,37613.5,3921.58,6068.87,118.112,5.65251,1.58372,50.0395,719.783,44.1546,5.59747,0.123604
setup,0,2009-09-05 23:00:00,0,0.590417,1.9905,0.0253352,0,0.00399042,0.0068609,0.0010605,5.44742e-05,7.4751e-05,4.05852e-06,0,0,0,0.542587,0.195921,0.0101388,0.00616305,0.0136256,3.17595e-06,0.479203,0.476469,0.00152387,0.000937532,8756.84,223479,44957.3,61626.6,542.223,116.639,35.5426,236.067,20.058,3216.72,488.679,111.186,37613.5,3921.6,6068.88,118.099,5.63892,1.58695,50.0784,719.998,44.1646,5.59786,0.123579
setup,0,2009-09-06 23:00:00,0,0.587388,1.99171,0.0252323,0,0.00399822,0.00676687,0.00106464,4.92785e-05,7.48012e-05,4.07554e-06,0,0,0,0.542347,0.195052,0.0101344,0.00615565,0.0136256,3.52835e-06,0.479035,0.478152,0.00152291,0.000941191,8756.49,223478,44957.2,61626.1,542.133,116.343,35.6044,236.266,20.0228,3217.25,488.71,111.175,37613.6,3921.62,6068.9,118.086,5.62538,1.59008,50.1171,720.213,44.1747,5.59826,0.123374
setup,0,2009-09-07 23:00:00,0,0.586274,1.9922,0.0249672,0,0.00400597,0.00669914,0.00106638,4.90477e-05,7.48878e-05,4.09992e-06,0,0,0,0.542108,0.196549,0.0101301,0.00614827,0.0136257,3.5754e-06,0.479075,0.478439,0.00152263,0.000942344,8756.15,223476,44957.1,61625.5,542.046,116.049,35.6642,236.463,19.9901,3217.79,488.741,111.165,37613.6,3921.65,6068.92,118.074,5.61189,1.59313,50.1555,720.429,44.1847,5.59865,0.123444
setup,0,2009-09-08 23:00:00,0,0.583182,1.99427,0.0261223,0,0.00401369,0.00659256,0.00107138,5.56134e-05,7.49664e-05,4.14256e-06,0,0,0,0.541869,0.192143,0.0101258,0.00614089,0.0136256,3.96078e-06,0.479424,0.478698,0.00152654,0.000948382,8755.8,223475,44957,61625,541.959,115.756,35.7219,236.659,19.9534,3218.32,488.772,111.154,37613.6,3921.67,6068.94,118.062,5.59845,1.59608,50.1936,720.645,44.1947,5.59905,0.123554
setup,0,2009-09-09 23:00:00,0,0.585512,1.99486,0.0253696,0,0.00402137,0.00653727,0.00107576,4.86311e-05,7.50523e-05,4.18844e-06,0,0,0,0.541631,0.196248,0.0101214,0.00613352,0.0136256,3.33249e-06,0.479802,0.479232,0.00152563,0.000952449,8755.46,223473,44956.8,61624.4,541.872,115.465,35.7778,236.854,19.9247,3218.86,488.803,111.144,37613.6,3921.69,6068.96,118.051,5.58506,1.59894,50.2314,720.862,44.2048,5.59944,0.123331
setup,0,2009-09-10 23:00:00,0,0.585672,1.99791,0.025518,0,0.00402903,0.00647018,0.00108103,5.69714e-05,7.50918e-05,4.2499e-06,0,0,0,0.541392,0.194727,0.0101171,0.00612617,0.0136258,3.67673e-06,0.480106,0.479443,0.0015289,0.000958279,8755.11,223471,44956.7,61623.9,541.785,115.174,35.8318,237.048,19.8937,3219.39,488.833,111.133,37613.7,3921.72,6068.98,118.039,5.57172,1.60171,50.269,721.08,44.2148,5.59983,0.123713
setup,0,2009-09-11 23:00:00,0,0.58297,1.99896,0.0257734,0,0.00403665,0.00638846,0.00108907,5.55855e-05,7.5195e-05,4.31611e-06,0,0,0,0.541154,0.191081,0.0101128,0.00611882,0.0136256,3.26488e-06,0.480588,0.480311,0.00153446,0.000967292,8754.75,223470,44956.6,61623.3,541.698,114.885,35.8841,237.241,19.8612,3219.93,488.864,111.123,37613.7,3921.74,6069,118.028,5.55842,1.6044,50.3062,721.298,44.2248,5.60023,0.123796
setup,0,2009-09-12 23:00:00,0,0.585789,2.0029,0.0254413,0,0.00404423,0.00633011,0.00110119,5.92578e-05,7.52983e-05,4.37014e-06,0,0,0,0.540916,0.1914,0.0101085,0.00611148,0.0136256,3.16511e-06,0.481616,0.480978,0.00153856,0.0009809,8754.4,223468,44956.5,61622.7,541.608,114.596,35.9343,237.434,19.8341,3220.46,488.895,111.112,37613.7,3921.76,6069.02,118.015,5.54516,1.60698,50.343,721.518,44.2348,5.60062,0.123981
setup,0,2009-09-13 23:00:00,0,0.583012,2.01312,0.0256692,0,0.00405204,0.00625095,0.0011079,5.03121e-05,7.55413e-05,4.4356e-06,0,0,0,0.540678,0.190166,0.0101041,0.00610415,0.0136261,3.53148e-06,0.483925,0.484834,0.00158235,0.000986778,8754.03,223467,44956.3,61622.2,541.523,114.31,35.9712,237.634,19.8075,3220.99,488.926,111.102,37613.7,3921.79,6069.05,118.002,5.53196,1.60898,50.3823,721.741,44.2448,5.60101,0.123739
setup,0,2009-09-14 23:00:00,0,0.582511,2.00854,0.0257495,0,0.00405933,0.00617403,0.00111207,5.69365e-05,7.55039e-05,4.51617e-06,0,0,0,0.54044,0.190817,0.0100998,0.00609683,0.0136258,3.13498e-06,0.47921,0.479491,0.0015481,0.000990989,8753.67,223465,44956.2,61621.6,541.434,114.024,36.0155,237.828,19.7811,3221.53,488.956,111.091,37613.8,3921.81,6069.07,117.997,5.5188,1.61129,50.4204,721.957,44.2548,5.60141,0.123877
setup,0,2009-09-15 23:00:00,0,0.577935,2.01452,0.0257507,0,0.00406699,0.00610537,0.00111587,4.7734e-05,7.57306e-05,4.59563e-06,0,0,0,0.540202,0.189292,0.0100955,0.00608952,0.0136262,3.38181e-06,0.48295,0.483066,0.00157462,0.000993542,8753.3,223464,44956.1,61621.1,541.35,113.74,36.051,238.025,19.7537,3222.06,488.987,111.081,37613.8,3921.83,6069.1,117.987,5.50569,1.6132,50.4596,722.177,44.2648,5.6018,0.123602
setup,0,2009-09-16 23:00:00,0,0.57611,2.00694,0.0256203,0,0.00407424,0.00603774,0.00111192,4.75489e-05,7.57154e-05,4.6779e-06,0,0,0,0.539965,0.193464,0.0100912,0.00608222,0.0136257,3.39023e-06,0.47786,0.47839,0.00153811,0.000987089,8752.95,223462,44955.9,61620.5,541.266,113.457,36.0946,238.215,19.7269,3222.59,489.018,111.07,37613.8,3921.86,6069.12,117.984,5.49264,1.61547,50.4971,722.391,44.2748,5.60219,0.123437
setup,0,2009-09-17 23:00:00,0,0.574923,2.00929,0.0251697,0,0.00408165,0.00598688,0.00111546,5.6299e-05,7.57637e-05,4.75135e-06,0,0,0,0.539727,0.191346,0.0100869,0.00607494,0.013626,3.33988e-06,0.478544,0.478603,0.00154041,0.000991081,8752.59,223461,44955.8,61620,541.183,113.175,36.1364,238.402,19.6988,3223.12,489.049,111.06,37613.8,3921.88,6069.14,117.981,5.47963,1.61765,50.5335,722.607,44.2848,5.60258,0.123629
setup,0,2009-09-18 23:00:00,0,0.574988,2.0402,0.0247977,0,0.00408999,0.0059372,0.0011231,5.38959e-05,7.6462e-05,4.8108e-06,0,0,0,0.53949,0.19199,0.0100826,0.00606766,0.013644,3.30108e-06,0.490658,0.490755,0.00166749,0.000997993,8752.24,223459,44955.6,61619.5,541.118,112.895,36.1442,238.604,19.6689,3223.65,489.079,111.05,37613.8,3921.9,6069.17,117.964,5.46669,1.61831,50.5745,722.834,44.2948,5.60298,0.123642
setup,0,2009-09-19 23:00:00,0,0.573801,2.01162,0.0245238,0,0.00409636,0.00587923,0.00112562,5.49722e-05,7.59221e-05,4.85867e-06,0,0,0,0.539253,0.191481,0.0100783,0.00606039,0.0136277,2.73927e-06,0.477546,0.478723,0.00154486,0.00100036,8751.88,223458,44955.5,61618.9,541.037,112.616,36.1827,238.786,19.6463,3224.19,489.11,111.039,37613.9,3921.93,6069.19,117.964,5.45378,1.62034,50.6117,723.046,44.3047,5.60337,0.123708
setup,0,2009-09-20 23:00:00,0,0.572728,2.01059,0.0242836,0,0.00410364,0.00582225,0.00112549,4.67246e-05,7.60535e-05,4.88868e-06,0,0,0,0.539016,0.194344,0.010074,0.00605312,0.0136259,2.99313e-06,0.477682,0.478733,0.00154393,0.000998902,8751.53,223456,44955.4,61618.4,540.957,112.337,36.2201,238.968,19.6257,3224.72,489.141,111.029,37613.9,3921.95,6069.21,117.965,5.44092,1.6223,50.6475,723.259,44.3147,5.60376,0.123476
setup,0,2009-09-21 23:00:00,0,0.570438,2.01118,0.0239445,0,0.00411089,0.0057684,0.00112354,5.1108e-05,7.61243e-05,4.92278e-06,0,0,0,0.538779,0.194783,0.0100697,0.00604587,0.0136256,2.98217e-06,0.477855,0.478566,0.00154503,0.000995687,8751.19,223455,44955.2,61617.8,540.881,112.06,36.256,239.147,19.6028,3225.25,489.172,111.018,37613.9,3921.97,6069.24,117.966,5.42811,1.6242,50.6822,723.473,44.3247,5.60415,0.123555
setup,0,2009-09-22 23:00:00,0,0.570922,2.01296,0.0234127,0,0.00411809,0.00572671,0.00112982,5.73822e-05,7.62116e-05,4.95433e-06,0,0,0,0.538542,0.193888,0.0100654,0.00603863,0.0136259,2.83391e-06,0.484287,0.482279,0.00154989,0.00100286,8750.84,223453,44955.1,61617.2,540.805,111.783,36.2901,239.326,19.5814,3225.78,489.202,111.008,37613.9,3921.99,6069.26,117.955,5.41535,1.62601,50.7164,723.694,44.3347,5.60454,0.123953
setup,0,2009-09-23 23:00:00,0,0.57012,2.01237,0.0234858,0,0.00412524,0.00566324,0.00113223,4.94688e-05,7.63092e-05,4.98083e-06,0,0,0,0.538305,0.18607,0.0100611,0.00592629,0.0136256,2.61178e-06,0.484015,0.484007,0.00155097,0.0010043,8750.51,223451,44954.9,61616.7,540.73,111.499,36.3228,239.503,19.5615,3226.31,489.233,110.998,37614,3922.02,6069.28,117.944,5.40253,1.62775,50.7503,723.915,44.3446,5.60494,0.123655
setup,0,2009-09-24 23:00:00,0,0.56729,2.01331,0.0228795,0,0.00413235,0.00561885,0.00113309,5.21223e-05,7.6411e-05,4.99823e-06,0,0,0,0.538069,0.185194,0.0100568,0.00591929,0.0136256,2.853e-06,0.483942,0.484169,0.00155229,0.00100435,8750.17,223450,44954.8,61616.1,540.657,111.216,36.3539,239.679,19.5406,3226.84,489.264,110.987,37614,3922.04,6069.3,117.934,5.38977,1.62941,50.7841,724.136,44.3546,5.60533,0.123843
setup,0,2009-09-25 23:00:00,0,0.563589,2.01318,0.022674,0,0.00413942,0.0055625,0.00113264,4.8932e-05,7.65075e-05,5.01734e-06,0,0,0,0.537832,0.184491,0.0100525,0.0059123,0.0136256,2.84544e-06,0.483871,0.484209,0.00155182,0.00100302,8749.84,223448,44954.6,61615.5,540.586,110.934,36.3834,239.853,19.5195,3227.38,489.294,110.977,37614,3922.06,6069.32,117.925,5.37705,1.631,50.8176,724.357,44.3645,5.60572,0.123525
setup,0,2009-09-26 23:00:00,0,0.561312,2.01394,0.0213648,0,0.00414644,0.00545348,0.00113175,5.14829e-05,7.65691e-05,5.04471e-06,0,0,0,0.537596,0.18465,0.0100482,0.00590532,0.0136257,2.74738e-06,0.483766,0.484008,0.00155148,0.00100158,8749.5,223447,44954.5,61615,540.517,110.653,36.4113,240.024,19.4991,3227.91,489.325,110.967,37614,3922.08,6069.34,117.916,5.36439,1.63252,50.8511,724.577,44.3745,5.60611,0.123665
setup,0,2009-09-27 23:00:00,0,0.560956,2.03631,0.0229826,0,0.00415415,0.00547195,0.00113261,5.117e-05,7.71301e-05,5.07454e-06,0,0,0,0.53736,0.186174,0.0100439,0.00589834,0.0136413,8.49803e-08,0.489641,0.491655,0.00165509,0.00100191,8749.17,223445,44954.3,61614.4,540.465,110.375,36.4118,240.205,19.4768,3228.43,489.356,110.957,37614.1,3922.11,6069.37,117.903,5.35178,1.63281,50.8888,724.803,44.3844,5.6065,0.123603
setup,0,2009-09-28 23:00:00,0,0.557173,2.03723,0.0215286,0,0.00416103,0.0054602,0.00113576,5.786e-05,7.71504e-05,5.10038e-06,0,0,0,0.537124,0.181816,0.0100396,0.00589138,0.013663,2.7417e-06,0.487453,0.488461,0.00164143,0.00100573,8748.82,223444,44954.1,61613.9,540.412,110.098,36.4132,240.381,19.4534,3228.96,489.386,110.946,37614.1,3922.13,6069.4,117.894,5.33922,1.63314,50.9268,725.023,44.3943,5.6069,0.123763
setup,0,2009-09-29 23:00:00,0,0.557356,2.04197,0.0210279,0,0.00416809,0.00539766,0.00113838,5.13873e-05,7.73748e-05,5.11331e-06,0,0,0,0.536888,0.184427,0.0100353,0.00588442,0.0136387,2.59364e-06,0.487495,0.488799,0.0016514,0.00100808,8748.48,223442,44953.9,61613.4,540.364,109.823,36.4089,240.556,19.4338,3229.49,489.417,110.936,37614.1,3922.15,6069.44,117.887,5.32671,1.63321,50.9645,725.242,44.4043,5.60729,0.123585
setup,0,2009-09-30 23:00:00,0,0.556848,2.01713,0.0256165,0,0.00417414,0.00542559,0.00114035,5.83877e-05,7.68952e-05,5.12496e-06,0,0,0,0.536653,0.183496,0.010031,0.00587747,0.0136258,7.15605e-08,0.478113,0.479669,0.00156341,0.00101122,8748.14,223440,44953.8,61612.9,540.3,109.547,36.4312,240.718,19.4122,3230.02,489.448,110.926,37614.1,3922.17,6069.46,117.892,5.31423,1.63446,50.999,725.453,44.4142,5.60768,0.124271
setup,0,2009-10-01 23:00:00,0,0.55742,2.0165,0.020683,0,0.00418092,0.00525228,0.00114485,5.26888e-05,7.70733e-05,5.11933e-06,0,0,0,0.536417,0.184764,0.0100267,0.00587054,0.0136264,2.60962e-06,0.478452,0.480167,0.00156786,0.00101675,8747.8,223439,44953.6,61612.3,540.236,109.272,36.4524,240.88,19.3984,3230.55,489.478,110.916,37614.1,3922.2,6069.48,117.897,5.3018,1.63565,51.0315,725.666,44.4241,5.60807,0.124056
setup,0,2009-10-02 23:00:00,0,0.55447,2.0241,0.0203738,0,0.00418776,0.00520028,0.00114899,5.56846e-05,7.71586e-05,5.12013e-06,0,0,0,0.536182,0.182449,0.0100225,0.00586361,0.0136271,1.75553e-05,0.481401,0.482346,0.00158626,0.00102119,8747.46,223437,44953.5,61611.7,540.174,108.999,36.4662,241.044,19.3823,3231.08,489.509,110.905,37614.2,3922.22,6069.51,117.898,5.28941,1.63651,51.0634,725.883,44.434,5.60846,0.124021
setup,0,2009-10-03 23:00:00,0,0.554003,2.02599,0.0200972,0,0.00419448,0.00515473,0.00115099,5.19945e-05,7.7221e-05,5.1307e-06,0,0,0,0.535947,0.184522,0.0100148,0.00585669,0.0136269,8.68957e-05,0.482033,0.483271,0.00158771,0.00102267,8747.12,223436,44953.3,61611.2,540.115,108.727,36.4781,241.207,19.3673,3231.61,489.539,110.895,37614.2,3922.24,6069.53,117.898,5.27708,1.63728,51.0949,726.101,44.444,5.60885,0.123838
setup,0,2009-10-04 23:00:00,0,0.551342,2.05145,0.0198649,0,0.004202,0.00511068,0.0011494,4.68307e-05,7.79411e-05,5.13798e-06,0,0,0,0.535712,0.186065,0.00999676,0.00584978,0.013636,8.56786e-05,0.488777,0.490476,0.00167522,0.00101869,8746.79,223434,44953.1,61610.7,540.075,108.458,36.4624,241.38,19.3463,3232.13,489.57,110.885,37614.2,3922.26,6069.57,117.893,5.2648,1.63682,51.1282,726.323,44.4538,5.60924,0.123506
setup,0,2009-10-05 23:00:00,0,0.548276,2.09388,0.0195207,0,0.00421019,0.0050729,0.00114108,4.53181e-05,7.98899e-05,5.15402e-06,0,0,0,0.535477,0.190143,0.00999231,0.00584288,0.0136286,8.75955e-05,0.49368,0.495383,0.00181626,0.00100502,8746.47,223432,44952.9,61610.3,540.079,108.192,36.4094,241.554,19.3055,3232.66,489.601,110.875,37614.2,3922.28,6069.62,117.89,5.2526,1.6347,51.161,726.545,44.4637,5.60963,0.123264
setup,0,2009-10-06 23:00:00,0,0.546096,2.01163,0.0188564,0,0.00421436,0.0050594,0.00112752,4.38074e-05,7.74873e-05,5.16201e-06,0,0,0,0.535242,0.192739,0.00998765,0.00583598,0.0136262,9.49098e-05,0.474967,0.477732,0.00156621,0.000990851,8746.17,223431,44952.7,61609.7,540.035,107.923,36.4243,241.693,19.3027,3233.19,489.631,110.865,37614.3,3922.31,6069.65,117.903,5.24043,1.63559,51.1898,726.753,44.4736,5.61003,0.12373
setup,0,2009-10-07 23:00:00,0,0.5418,2.01166,0.0188739,0,0.00422073,0.0050024,0.00112041,5.032e-05,7.74953e-05,5.15769e-06,0,0,0,0.535007,0.190438,0.0099819,0.0058291,0.0136261,0.000103671,0.475761,0.477562,0.00156601,0.000984156,8745.86,223429,44952.5,61609.2,539.994,107.656,36.4393,241.832,19.2889,3233.71,489.662,110.855,37614.3,3922.33,6069.67,117.914,5.22832,1.63649,51.2175,726.963,44.4834,5.61042,0.12343
setup,0,2009-10-08 23:00:00,0,0.544215,2.01989,0.0173983,0,0.00422728,0.00501097,0.00112513,5.85088e-05,7.75407e-05,5.12425e-06,0,0,0,0.534773,0.189749,0.00997639,0.00582222,0.013626,0.000103383,0.480486,0.480327,0.00158091,0.000991042,8745.55,223428,44952.4,61608.6,539.953,107.391,36.4471,241.973,19.2778,3234.24,489.693,110.844,37614.3,3922.35,6069.69,117.917,5.21624,1.63706,51.2448,727.178,44.4933,5.61081,0.123736
setup,0,2009-10-09 23:00:00,0,0.546163,2.3372,0.017614,0,0.00424057,0.00494771,0.00114372,0.000114483,0.0001091,5.04288e-06,0,0,0,0.534539,0.19282,0.00997222,0.00581536,0.0136674,0.000109058,0.524969,0.522153,0.00312191,0.000998435,8745.24,223426,44951.9,61608.2,540.286,107.141,36.2306,241.942,19.1534,3234.75,489.723,110.834,37614.3,3922.37,6069.78,117.935,5.20433,1.62764,51.2636,727.394,44.503,5.6112,0.123623
setup,0,2009-10-10 23:00:00,0,0.545647,2.14476,0.0233577,0,0.00425073,0.00496025,0.0011366,5.63896e-05,8.90632e-05,5.00902e-06,0,0,0,0.534305,0.197323,0.0099663,0.0058085,0.0136504,0.000121345,0.50929,0.50988,0.00190514,0.000986532,8744.95,223424,44951.6,61608,540.395,106.883,36.1208,242.004,19.1666,3235.27,489.754,110.824,37614.3,3922.39,6069.86,117.925,5.19237,1.62298,51.273,727.629,44.5127,5.61159,0.12331
setup,0,2009-10-11 23:00:00,0,0.546023,2.32084,0.0147084,0,0.00425963,0.00493603,0.00112744,0.000110014,0.000125626,4.94567e-06,0,0,0,0.534071,0.20534,0.00995955,0.00580165,0.0136728,0.000117781,0.520992,0.519725,0.00240373,0.000969132,8744.69,223422,44951.1,61607.7,540.764,106.637,35.897,241.889,19.133,3235.78,489.784,110.814,37614.4,3922.41,6069.96,117.952,5.18057,1.61324,51.2563,727.859,44.5224,5.61198,0.122777
setup,0,2009-10-12 23:00:00,0,0.544727,2.16909,0.0157142,0,0.00426791,0.00476592,0.00111348,8.31824e-05,9.92785e-05,4.89435e-06,0,0,0,0.533837,0.204851,0.00995605,0.00579482,0.0136604,0.000132842,0.502667,0.503725,0.00190222,0.000955975,8744.44,223421,44950.8,61607.4,540.939,106.385,35.7705,241.897,19.1415,3236.3,489.815,110.804,37614.4,3922.44,6070.04,117.964,5.16877,1.60782,51.2578,728.081,44.5321,5.61237,0.12312
setup,0,2009-10-13 23:00:00,0,0.547347,2.03771,0.0146255,0,0.00426653,0.00488177,0.00110068,5.52554e-05,8.01545e-05,4.84465e-06,0,0,0,0.533603,0.204464,0.00994929,0.00578799,0.0136299,0.000139718,0.480929,0.484425,0.00162469,0.00095611,8744.17,223419,44950.6,61607.1,540.958,106.128,35.7387,241.981,19.1847,3236.82,489.846,110.794,37614.4,3922.46,6070.09,117.978,5.15697,1.60661,51.2733,728.293,44.5419,5.61277,0.123234
setup,0,2009-10-14 23:00:00,0,0.546757,2.04099,0.018953,0,0.00426718,0.00490093,0.00109712,5.19671e-05,7.98782e-05,4.76404e-06,0,0,0,0.53337,0.203598,0.00994315,0.00578116,0.0136714,0.000146356,0.480718,0.484232,0.00162972,0.00095593,8743.91,223417,44950.4,61606.7,540.968,105.872,35.7075,242.094,19.196,3237.35,489.877,110.784,37614.4,3922.48,6070.14,117.99,5.14521,1.60542,51.2906,728.505,44.5517,5.61316,0.123196
setup,0,2009-10-15 23:00:00,0,0.544676,2.02242,0.0124545,0,0.00427204,0.0048028,0.00109414,5.20353e-05,7.84127e-05,4.67919e-06,0,0,0,0.533137,0.201524,0.00993757,0.00577435,0.0136442,0.000151652,0.475334,0.479137,0.00159677,0.000955374,8743.63,223416,44950.2,61606.2,540.956,105.617,35.6974,242.215,19.2027,3237.87,489.908,110.774,37614.5,3922.5,6070.17,118.007,5.13349,1.60517,51.3102,728.713,44.5615,5.61355,0.123466
setup,0,2009-10-16 23:00:00,0,0.539409,2.01771,0.0150156,0,0.00427779,0.00465767,0.00109204,5.17599e-05,7.82027e-05,4.61055e-06,0,0,0,0.532903,0.197653,0.00993228,0.00576755,0.0136283,0.000160414,0.47699,0.479013,0.00159599,0.000955275,8743.34,223414,44950,61605.7,540.94,105.362,35.6921,242.341,19.1943,3238.4,489.938,110.764,37614.5,3922.53,6070.2,118.019,5.12181,1.60512,51.3308,728.925,44.5713,5.61394,0.123381
setup,0,2009-10-17 23:00:00,0,0.540547,2.08136,0.0121209,0,0.00428596,0.00467634,0.00109794,5.55162e-05,8.08979e-05,4.53405e-06,0,0,0,0.53267,0.197852,0.00992629,0.00576075,0.0137034,0.000172014,0.488831,0.490691,0.00171003,0.000961593,8743.06,223413,44949.8,61605.3,540.969,105.111,35.635,242.482,19.1639,3238.92,489.969,110.754,37614.5,3922.55,6070.26,118.024,5.11018,1.60277,51.3495,729.142,44.5811,5.61434,0.123489
setup,0,2009-10-18 23:00:00,0,0.543198,2.04211,0.0143608,0,0.00429129,0.00457556,0.00109523,4.79271e-05,7.91006e-05,4.47848e-06,0,0,0,0.532438,0.201486,0.00992025,0.00575397,0.0136559,0.000181568,0.482101,0.483649,0.00163289,0.000959929,8742.78,223411,44949.6,61604.9,540.972,104.859,35.6057,242.607,19.1614,3239.44,490,110.744,37614.5,3922.57,6070.3,118.033,5.0986,1.60165,51.3689,729.357,44.5909,5.61473,0.123157
setup,0,2009-10-19 23:00:00,0,0.544944,2.01976,0.0178301,0,0.0042959,0.0047009,0.00108982,4.77789e-05,7.81521e-05,4.43794e-06,0,0,0,0.532205,0.204731,0.0099136,0.00574719,0.0136395,0.000192064,0.477224,0.479479,0.00159314,0.000954902,8742.52,223410,44949.4,61604.3,540.959,104.608,35.5978,242.729,19.1565,3239.96,490.031,110.733,37614.5,3922.59,6070.33,118.045,5.08705,1.60148,51.3894,729.569,44.6007,5.61512,0.123139
setup,0,2009-10-20 23:00:00,0,0.53836,2.0161,0.0125078,0,0.00430151,0.0045575,0.00108871,5.43637e-05,7.79542e-05,4.40981e-06,0,0,0,0.531973,0.197926,0.00990728,0.00574042,0.0136669,0.000191223,0.476195,0.478664,0.00158885,0.000955482,8742.23,223408,44949.2,61603.8,540.942,104.357,35.5953,242.852,19.1442,3240.49,490.061,110.723,37614.6,3922.61,6070.36,118.057,5.07555,1.60155,51.4106,729.78,44.6105,5.61552,0.123425
setup,0,2009-10-21 23:00:00,0,0.541083,2.03175,0.0125462,0,0.00430789,0.00448424,0.00109065,4.81989e-05,7.84809e-05,4.36635e-06,0,0,0,0.53174,0.201524,0.00990326,0.00573366,0.0136761,0.000211548,0.479286,0.481433,0.00161591,0.000958377,8741.95,223406,44949,61603.3,540.935,104.109,35.5768,242.98,19.1336,3241.01,490.092,110.713,37614.6,3922.63,6070.4,118.068,5.06409,1.60089,51.4319,729.992,44.6203,5.61591,0.123054
setup,0,2009-10-22 23:00:00,0,0.543167,2.03448,0.0119129,0,0.00431384,0.00435911,0.00108669,4.60274e-05,7.8629e-05,4.3345e-06,0,0,0,0.531508,0.205616,0.00989493,0.00572691,0.0136484,0.000219354,0.479834,0.481789,0.00162025,0.000953189,8741.69,223405,44948.8,61602.9,540.933,103.862,35.5544,243.108,19.1234,3241.53,490.123,110.703,37614.6,3922.66,6070.44,118.079,5.05269,1.60006,51.4533,730.205,44.6301,5.6163,0.123165
setup,0,2009-10-23 23:00:00,0,0.540243,2.43124,0.0127795,0,0.00432219,0.00443842,0.00108773,6.814e-05,9.63856e-05,4.3017e-06,0,0,0,0.531276,0.202436,0.0098892,0.00572017,0.013724,0.000229975,0.52529,0.528518,0.00242635,0.000959303,8741.42,223403,44948.2,61602.8,541.254,103.629,35.2182,243.226,19.0233,3242.04,490.153,110.693,37614.6,3922.68,6070.58,118.108,5.04127,1.58528,51.4621,730.434,44.6396,5.61669,0.123184
setup,0,2009-10-24 23:00:00,0,0.549599,2.26895,0.0119833,0,0.00432864,0.00441081,0.00109288,5.6689e-05,8.81524e-05,4.26485e-06,0,0,0,0.531045,0.210843,0.00988278,0.00571344,0.013634,0.000296323,0.489321,0.493768,0.0022036,0.00095723,8741.17,223401,44947.8,61602.5,541.431,103.39,35.013,243.313,19.0371,3242.55,490.183,110.683,37614.7,3922.7,6070.67,118.169,5.02982,1.57632,51.4719,730.635,44.6492,5.61707,0.12328
setup,0,2009-10-25 23:00:00,0,0.556055,2.74007,0.0163683,0,0.00433713,0.00438375,0.00110121,8.57688e-05,0.000123214,4.22248e-06,0,0,0,0.530813,0.215347,0.00986588,0.00570672,0.0136505,0.000310138,0.534099,0.530991,0.00312472,0.000963599,8740.95,223399,44946.9,61602.3,542.059,103.165,34.5025,243.217,18.9563,3243.05,490.213,110.673,37614.7,3922.72,6070.83,118.275,5.01827,1.55379,51.4528,730.854,44.6586,5.61745,0.123506
setup,0,2009-10-26 23:00:00,0,0.569644,3.9486,0.0116948,0,0.00434874,0.00429965,0.00100733,0.000608873,0.000541184,4.13637e-06,0,0,0,0.530582,0.230298,0.00985896,0.0057,0.0137032,0.000414215,0.616731,0.599724,0.00606145,0.000964877,8740.78,223395,44944.8,61601.4,544.4,103.006,33.3102,241.656,18.8018,3243.47,490.241,110.663,37614.7,3922.73,6071.04,118.603,5.00724,1.50097,51.2942,731.062,44.6669,5.61781,0.124769
setup,0,2009-10-27 23:00:00,0,0.593256,3.94422,0.0115929,0,0.00435706,0.00425306,0.00118271,0.000808468,0.000696122,4.0199e-06,0,0,0,0.530352,0.249238,0.00983377,0.00569329,0.0137408,0.000674798,0.648586,0.624804,0.00717035,0.000967365,8740.69,223392,44942.7,61600.5,546.343,102.843,32.1345,240.563,18.7688,3243.89,490.268,110.654,37614.7,3922.74,6071.26,118.86,4.99581,1.449,51.1662,731.32,44.6753,5.61816,0.125291
setup,0,2009-10-28 23:00:00,0,0.613136,4.02729,0.0111858,0,0.00436509,0.00422963,0.00128349,0.000893604,0.000750417,3.8864e-06,0,0,0,0.530124,0.260158,0.00977835,0.0056866,0.0136328,0.000977985,0.711793,0.684971,0.00867471,0.000985294,8740.66,223388,44940.5,61599.5,548.076,102.676,31.0062,239.719,18.7291,3244.31,490.294,110.644,37614.7,3922.75,6071.47,119.015,4.984,1.39921,51.064,731.661,44.6835,5.61851,0.125702
setup,0,2009-10-29 23:00:00,0,0.639179,3.82274,0.0110395,0,0.00437103,0.00419424,0.00151727,0.000918847,0.000682603,3.73093e-06,0,0,0,0.529898,0.275648,0.00971449,0.00567991,0.0136374,0.00131794,0.701584,0.69111,0.00912997,0.000998638,8740.7,223385,44938.6,61598.3,549.388,102.509,30.0553,239.227,18.7075,3244.73,490.321,110.634,37614.7,3922.76,6071.64,119.133,4.97221,1.35733,51.0004,731.988,44.6917,5.61885,0.124687
setup,0,2009-10-30 23:00:00,0,0.642499,3.68598,0.0108974,0,0.00437701,0.00415511,0.00142925,0.000412428,0.000349193,3.56897e-06,0,0,0,0.529675,0.2686,0.00964352,0.00567323,0.0136778,0.00133058,0.686984,0.681887,0.00908349,0.00101904,8740.72,223382,44936.7,61597.4,550.439,102.286,29.3562,238.68,18.8024,3245.2,490.346,110.624,37614.7,3922.78,6071.81,119.256,4.95923,1.32663,50.9333,732.304,44.7006,5.61917,0.124466
setup,0,2009-10-31 23:00:00,0,0.65158,4.05589,0.010762,0,0.00438626,0.00412658,0.00135922,0.000821222,0.000674038,3.41337e-06,0,0,0,0.529452,0.27154,0.00963752,0.00566656,0.0139201,0.00153417,0.732461,0.722667,0.0114631,0.00104257,8740.74,223378,44934.5,61595.9,551.71,102.121,28.4739,238.236,18.6505,3245.61,490.371,110.614,37614.7,3922.79,6071.96,119.391,4.94708,1.28786,50.8856,732.607,44.7086,5.6195,0.124937
setup,0,2009-11-01 23:00:00,0,0.679662,4.407,0.0110321,0,0.00439346,0.00406939,0.00150894,0.000611294,0.000558885,3.25559e-06,0,0,0,0.52923,0.28777,0.00959076,0.00565989,0.0136885,0.0241391,0.764556,0.756017,0.0128178,0.00106077,8740.86,223374,44932,61594.7,553.266,101.9,27.6466,237.212,18.6713,3246.07,490.393,110.604,37614.7,3922.8,6072.19,119.6,4.93329,1.25157,50.7733,732.898,44.7171,5.6198,0.124532
setup,0,2009-11-02 23:00:00,0,0.721198,3.75282,0.011178,0,0.0043992,0.00400848,0.00141397,0.000372884,0.000366032,3.1143e-06,0,0,0,0.529011,0.285646,0.00949141,0.00458534,0.013632,0.0257781,0.728137,0.732209,0.0131348,0.00107554,8740.97,223371,44930.1,61593.2,553.943,101.664,27.1558,236.815,18.7719,3246.54,490.417,110.595,37614.7,3922.82,6072.3,119.702,4.91858,1.23014,50.7087,733.201,44.7259,5.62011,0.124578
setup,0,2009-11-03 23:00:00,0,0.714815,3.34775,0.0113041,0,0.00440486,0.00395506,0.00137299,0.000283902,0.000283129,2.99383e-06,0,0,0,0.528792,0.275408,0.00947722,0.00458017,0.013636,0.0222336,0.675575,0.687202,0.012085,0.00108338,8741.03,223368,44928.6,61592,554.26,101.425,26.8281,236.682,18.8711,3247.03,490.442,110.585,37614.7,3922.83,6072.38,119.78,4.90432,1.21588,50.673,733.476,44.7348,5.62043,0.124454
setup,0,2009-11-04 23:00:00,0,0.691438,2.97742,0.0115716,0,0.00441027,0.00389366,0.00133447,0.000215842,0.000214873,2.89442e-06,0,0,0,0.528572,0.261808,0.00951404,0.00457503,0.0136351,0.018094,0.626335,0.642212,0.0102497,0.00107853,8741,223366,44927.5,61590.8,554.357,101.185,26.6305,236.7,18.9654,3247.53,490.468,110.576,37614.7,3922.85,6072.44,119.832,4.89056,1.20732,50.6587,733.736,44.7439,5.62077,0.124267
setup,0,2009-11-05 23:00:00,0,0.66951,2.74572,0.0116963,0,0.00441582,0.00383965,0.00129961,0.00017071,0.000167534,2.82756e-06,0,0,0,0.528349,0.249835,0.00957774,0.00456994,0.0136384,0.0143014,0.590438,0.607663,0.0085046,0.00107273,8740.92,223364,44926.6,61589.9,554.363,100.948,26.4917,236.817,19.031,3248.03,490.495,110.566,37614.7,3922.88,6072.51,119.868,4.87727,1.20134,50.6619,733.984,44.7532,5.62112,0.124158
setup,0,2009-11-06 23:00:00,0,0.649477,2.55399,0.0117442,0,0.00442132,0.00379003,0.00127019,0.000132423,0.00013263,2.79197e-06,0,0,0,0.528125,0.248735,0.00962943,0.00466722,0.0136571,0.0108992,0.561906,0.579115,0.00701123,0.00106493,8740.77,223362,44926,61589.1,554.316,100.723,26.4048,236.981,19.0796,3248.54,490.523,110.557,37614.8,3922.9,6072.57,119.892,4.86445,1.19762,50.6759,734.225,44.7625,5.62148,0.124007
setup,0,2009-11-07 23:00:00,0,0.631888,2.5004,0.0117437,0,0.00442733,0.00374407,0.00124134,0.00010893,0.0001169,2.78767e-06,0,0,0,0.527899,0.232168,0.00966732,0.00455995,0.0136524,0.00849615,0.547193,0.563777,0.00603346,0.00105308,8740.59,223359,44925.3,61588.5,554.295,100.495,26.3043,237.189,19.0893,3249.04,490.551,110.547,37614.8,3922.93,6072.64,119.917,4.85183,1.19328,50.6994,734.457,44.7718,5.62185,0.12376
setup,0,2009-11-08 23:00:00,0,0.619639,2.3216,0.0114742,0,0.00443265,0.00371295,0.0012231,9.0611e-05,9.73681e-05,2.79696e-06,0,0,0,0.527672,0.226995,0.00969222,0.00455503,0.0136314,0.00715504,0.526829,0.540472,0.00499821,0.00104227,8740.39,223358,44924.8,61587.8,554.223,100.264,26.2756,237.368,19.1192,3249.55,490.58,110.538,37614.8,3922.95,6072.7,119.927,4.83944,1.1921,50.723,734.69,44.7813,5.62222,0.123861
setup,0,2009-11-09 23:00:00,0,0.605232,2.19841,0.0119513,0,0.00443798,0.00364945,0.00120363,7.77194e-05,8.61813e-05,2.83506e-06,0,0,0,0.527445,0.218152,0.00969883,0.00455015,0.0136291,0.00476908,0.508162,0.522428,0.00410825,0.001031,8740.15,223356,44924.5,61587.3,554.136,100.035,26.2852,237.54,19.1358,3250.07,490.61,110.529,37614.8,3922.98,6072.74,119.933,4.82731,1.19259,50.7478,734.919,44.7908,5.6226,0.123736
setup,0,2009-11-10 23:00:00,0,0.593812,2.10427,0.0113579,0,0.00444337,0.00362554,0.00118553,6.70386e-05,7.94281e-05,2.8782e-06,0,0,0,0.527217,0.215027,0.00971772,0.00560373,0.013631,0.00392581,0.493326,0.506323,0.0032953,0.00101913,8739.89,223354,44924.2,61586.7,554.046,99.8074,26.3213,237.698,19.146,3250.58,490.64,110.519,37614.8,3923,6072.79,119.938,4.81647,1.19423,50.7731,735.142,44.8004,5.62298,0.123528
setup,0,2009-11-11 23:00:00,0,0.58334,2.068,0.0110583,0,0.00444926,0.00359173,0.00117089,7.06074e-05,7.71154e-05,2.94187e-06,0,0,0,0.526989,0.206328,0.00972376,0.00559767,0.0136478,0.0016866,0.485601,0.497268,0.00261716,0.00101355,8739.6,223353,44924,61586.3,553.971,99.5833,26.3559,237.859,19.1404,3251.1,490.67,110.51,37614.9,3923.02,6072.84,119.943,4.8058,1.1958,50.7998,735.364,44.8099,5.62337,0.123591
setup,0,2009-11-12 23:00:00,0,0.576826,2.45166,0.0107452,0,0.00445791,0.00356363,0.00115956,8.43762e-05,9.75847e-05,3.01465e-06,0,0,0,0.526761,0.20667,0.00972126,0.00559151,0.0137614,0.000596294,0.525326,0.537084,0.00299868,0.00101613,8739.3,223351,44923.3,61586.4,554.15,99.3773,26.1687,238.089,19.0342,3251.59,490.7,110.5,37614.9,3923.05,6073,119.967,4.79512,1.18758,50.8365,735.592,44.8192,5.62375,0.12336
setup,0,2009-11-13 23:00:00,0,0.587868,3.20552,0.0106484,0,0.00446723,0.00346106,0.00115762,0.000357245,0.000255129,3.09411e-06,0,0,0,0.526533,0.224712,0.00972764,0.00558508,0.0141208,0.00303714,0.57811,0.574695,0.00483979,0.00100936,8739.08,223348,44922,61585.9,555.24,99.2307,25.6548,237.631,18.8802,3252.02,490.728,110.49,37614.9,3923.06,6073.18,120.117,4.78495,1.16495,50.8147,735.797,44.8276,5.62412,0.123469
setup,0,2009-11-14 23:00:00,0,0.610957,3.27672,0.0105379,0,0.00447459,0.00353481,0.00123819,0.000219252,0.00022395,3.19149e-06,0,0,0,0.526305,0.238891,0.00968781,0.00557853,0.0137902,0.0100838,0.618257,0.602278,0.00524285,0.00101454,8738.93,223345,44920.6,61585.5,556.097,99.0348,25.1921,237.338,18.8578,3252.49,490.755,110.481,37614.9,3923.08,6073.37,120.212,4.77343,1.1446,50.7893,736.064,44.8365,5.62446,0.123596
setup,0,2009-11-15 23:00:00,0,0.641895,3.04853,0.00984193,0,0.00448083,0.00350735,0.00122267,0.000152204,0.00017258,3.24266e-06,0,0,0,0.52608,0.252717,0.00959946,0.00452005,0.0137017,0.0138652,0.630853,0.621836,0.00583994,0.00102364,8738.85,223342,44919.4,61584.8,556.577,98.8286,24.8708,237.304,18.8597,3252.97,490.782,110.472,37614.9,3923.09,6073.5,120.221,4.76076,1.1305,50.7825,736.372,44.8454,5.62481,0.123722
setup,0,2009-11-16 23:00:00,0,0.642353,2.88248,0.0140022,0,0.00448672,0.00354911,0.00121184,0.000124854,0.000145559,3.24086e-06,0,0,0,0.525857,0.246293,0.00950136,0.00451517,0.0136794,0.0127223,0.60538,0.609117,0.00618981,0.00102323,8738.74,223340,44918.3,61584.1,556.865,98.6179,24.6383,237.364,18.8541,3253.46,490.809,110.462,37614.9,3923.1,6073.6,120.239,4.74818,1.1203,50.7861,736.651,44.8544,5.62516,0.123953
setup,0,2009-11-17 23:00:00,0,0.644216,2.66604,0.00909665,0,0.00449205,0.00339962,0.00120728,0.000106867,0.000119972,3.19395e-06,0,0,0,0.525634,0.247586,0.00951578,0.00451024,0.0136306,0.0127538,0.575797,0.583534,0.00602729,0.00102757,8738.64,223338,44917.5,61583.4,556.975,98.4025,24.4999,237.485,18.8862,3253.95,490.837,110.453,37614.9,3923.12,6073.68,120.256,4.73577,1.11424,50.7976,736.906,44.8635,5.62552,0.123967
setup,0,2009-11-18 23:00:00,0,0.641207,2.85245,0.00898679,0,0.0044988,0.00337479,0.00120448,0.000118789,0.000136064,3.13866e-06,0,0,0,0.525411,0.243284,0.00948211,0.00450533,0.0137457,0.0111802,0.581126,0.588343,0.00623518,0.00103194,8738.52,223335,44916.5,61582.8,557.241,98.1971,24.277,237.592,18.8386,3254.44,490.864,110.444,37614.9,3923.14,6073.8,120.308,4.72343,1.10445,50.8104,737.141,44.8724,5.62587,0.123809
setup,0,2009-11-19 23:00:00,0,0.643327,2.86168,0.00842773,0,0.00450508,0.00337876,0.00120879,0.000117368,0.000135906,3.0754e-06,0,0,0,0.525188,0.247978,0.00950116,0.00450041,0.0137334,0.0120348,0.585222,0.590122,0.00631497,0.00103433,8738.42,223333,44915.5,61582.2,557.517,97.9915,24.0625,237.658,18.821,3254.92,490.892,110.434,37614.9,3923.15,6073.92,120.358,4.71108,1.09502,50.8197,737.382,44.8814,5.62623,0.12386
setup,0,2009-11-20 23:00:00,0,0.652297,2.74387,0.00931896,0,0.00451078,0.00327035,0.00120882,0.000105935,0.000124255,3.02092e-06,0,0,0,0.524966,0.253646,0.00943817,0.00449555,0.0136882,0.0135017,0.576771,0.583069,0.00619945,0.0010344,8738.34,223331,44914.6,61581.5,557.698,97.783,23.9028,237.745,18.8351,3255.41,490.919,110.425,37614.9,3923.17,6074.01,120.393,4.6988,1.088,50.8304,737.625,44.8903,5.62658,0.12379
setup,0,2009-11-21 23:00:00,0,0.648696,2.73138,0.0086414,0,0.0045167,0.00328567,0.00120828,0.000109289,0.000121733,2.97619e-06,0,0,0,0.524744,0.245737,0.00938592,0.00449068,0.0138069,0.0113917,0.571719,0.579083,0.0061179,0.00103777,8738.23,223329,44913.7,61580.9,557.876,97.5766,23.747,237.845,18.8272,3255.9,490.947,110.416,37615,3923.19,6074.11,120.433,4.68663,1.08114,50.8425,737.863,44.8992,5.62694,0.12381
setup,0,2009-11-22 23:00:00,0,0.642227,2.8288,0.0084379,0,0.00452307,0.00325433,0.00121214,0.00011546,0.000129213,2.93283e-06,0,0,0,0.524522,0.242822,0.00942971,0.00448579,0.0138086,0.00992203,0.578177,0.584442,0.00621296,0.00104394,8738.09,223326,44912.7,61580.3,558.143,97.3747,23.555,237.909,18.794,3256.39,490.974,110.407,37615,3923.2,6074.22,120.485,4.67447,1.07268,50.8522,738.1,44.9081,5.6273,0.123781
setup,0,2009-11-23 23:00:00,0,0.647299,3.52941,0.00835174,0,0.00453209,0.00322597,0.00117534,0.000435055,0.000298439,2.88577e-06,0,0,0,0.524299,0.250019,0.0094224,0.00448095,0.0136519,0.0114818,0.638874,0.633642,0.00791704,0.00105142,8738,223323,44911,61579.3,559.288,97.2455,23.1003,237.344,18.6386,3256.8,491.001,110.398,37615,3923.21,6074.37,120.62,4.66316,1.05264,50.8146,738.342,44.916,5.62764,0.124162
setup,0,2009-11-24 23:00:00,0,0.667745,3.43885,0.00833476,0,0.00453774,0.00319141,0.00132986,0.000247627,0.000234328,2.84734e-06,0,0,0,0.524078,0.263227,0.00933454,0.00447614,0.0136428,0.0156355,0.6386,0.638231,0.00790179,0.00105891,8738,223320,44909.4,61578.6,560.06,97.0535,22.7415,236.99,18.6774,3257.26,491.026,110.389,37615,3923.23,6074.54,120.744,4.65043,1.03683,50.7803,738.589,44.9245,5.62797,0.124195
setup,0,2009-11-25 23:00:00,0,0.681276,3.04241,0.00873621,0,0.00454282,0.00313344,0.00128274,0.0001575,0.000167935,2.81254e-06,0,0,0,0.523861,0.265167,0.00915794,0.0044713,0.0136718,0.016242,0.626413,0.630658,0.00797728,0.00106673,8738.02,223318,44908.3,61577.6,560.334,96.8477,22.5524,236.971,18.7271,3257.74,491.053,110.38,37615,3923.24,6074.64,120.784,4.63778,1.02849,50.7728,738.861,44.933,5.62831,0.124126
setup,0,2009-11-26 23:00:00,0,0.683898,3.28354,0.0083989,0,0.00454964,0.00310816,0.00127659,0.000182565,0.000197608,2.77211e-06,0,0,0,0.523644,0.266004,0.0090947,0.00446642,0.0138435,0.0161791,0.637405,0.642301,0.00858343,0.00107054,8738.04,223315,44906.8,61576.8,560.792,96.6513,22.288,236.91,18.6738,3258.21,491.078,110.37,37615,3923.25,6074.77,120.864,4.62513,1.01684,50.7652,739.108,44.9414,5.62864,0.124027
setup,0,2009-11-27 23:00:00,0,0.693973,3.52771,0.00831869,0,0.00455668,0.00307411,0.00129177,0.00022046,0.000234459,2.72178e-06,0,0,0,0.523427,0.274417,0.00908342,0.00446153,0.0137526,0.0187321,0.664513,0.665865,0.00951194,0.00107513,8738.12,223312,44905.2,61575.8,561.437,96.4573,21.9797,236.681,18.6132,3258.68,491.103,110.361,37615,3923.27,6074.92,120.967,4.61223,1.00325,50.7433,739.358,44.9497,5.62897,0.123944
setup,0,2009-11-28 23:00:00,0,0.700276,3.97231,0.0081114,0,0.00456645,0.0030549,0.00110029,0.00045374,0.000381415,2.67406e-06,0,0,0,0.523223,0.278835,0.00892194,0.00445665,0.0140543,0.021932,0.708595,0.704136,0.0117041,0.0010698,8738.29,223308,44903.1,61574.4,562.558,96.3136,21.5458,236.085,18.492,3259.09,491.127,110.352,37615,3923.27,6075.06,121.119,4.59987,0.984133,50.6922,739.612,44.9571,5.62928,0.125077
setup,0,2009-11-29 23:00:00,0,0.739854,3.84618,0.0079692,0,0.00457103,0.00301995,0.00144376,0.000526115,0.000393391,2.62436e-06,0,0,0,0.523018,0.337748,0.00840347,0.00515816,0.0136478,0.0351328,0.697451,0.70237,0.0121222,0.00106752,8738.55,223305,44901.1,61573.3,563.441,96.1927,21.162,235.638,18.5064,3259.51,491.151,110.343,37614.9,3923.28,6075.22,121.272,4.58808,0.967217,50.6432,739.846,44.964,5.6296,0.12438
setup,0,2009-11-30 23:00:00,0,0.775881,4.16494,0.0135325,0,0.00457821,0.00306302,0.00141316,0.000532984,0.000466467,2.58985e-06,0,0,0,0.522815,0.313004,0.00820346,0.00432223,0.0136796,0.0381428,0.741109,0.737662,0.0136096,0.00107769,8738.88,223301,44898.8,61571.9,564.474,96.0261,20.7558,235.068,18.46,3259.94,491.174,110.334,37614.9,3923.29,6075.38,121.437,4.57474,0.949325,50.5821,740.09,44.9709,5.6299,0.12461
setup,0,2009-12-01 23:00:00,0,0.811515,4.61293,0.00503533,0,0.0045877,0.00301731,0.00122883,0.000701666,0.000643856,2.52941e-06,0,0,0,0.522613,0.331649,0.00810401,0.00431736,0.013738,0.0473762,0.80468,0.798798,0.0173125,0.00109747,8739.35,223297,44896.1,61570.1,565.734,95.8687,20.3085,234.25,18.4027,3260.34,491.194,110.325,37614.9,3923.29,6075.54,121.632,4.56092,0.929643,50.4902,740.35,44.9774,5.63018,0.126447
setup,0,2009-12-02 23:00:00,0,0.846771,4.56622,0.00675858,0,0.00459396,0.00294399,0.00143176,0.000837543,0.000702736,2.45473e-06,0,0,0,0.522418,0.339983,0.00769874,0.00431247,0.0136433,0.0530386,0.814112,0.814062,0.0196588,0.00111937,8739.87,223293,44893.4,61568.2,566.762,95.7122,19.9107,233.524,18.4514,3260.75,491.215,110.316,37614.8,3923.29,6075.69,121.822,4.54703,0.912137,50.3916,740.611,44.9835,5.63045,0.127066
setup,0,2009-12-03 23:00:00,0,0.841847,4.35427,0.0069047,0,0.00459937,0.00291395,0.00157381,0.000915543,0.000711657,2.37903e-06,0,0,0,0.522227,0.332163,0.00744834,0.00438633,0.0136675,0.04368,0.798744,0.803967,0.0200046,0.00114116,8740.26,223290,44890.9,61566.3,567.496,95.572,19.575,233.031,18.5356,3261.15,491.236,110.308,37614.8,3923.29,6075.8,121.984,4.53354,0.89734,50.3107,740.881,44.9893,5.63073,0.127146
setup,0,2009-12-04 23:00:00,0,0.847381,4.35369,0.00704923,0,0.00460619,0.00288346,0.0014718,0.000893016,0.000729449,2.29996e-06,0,0,0,0.52203,0.33983,0.00778286,0.00430271,0.0136907,0.0516516,0.793253,0.80223,0.0201371,0.00115036,8740.78,223286,44888.5,61564.6,568.19,95.4221,19.2476,232.65,18.578,3261.55,491.257,110.299,37614.8,3923.3,6075.94,122.141,4.52001,0.882893,50.245,741.134,44.9954,5.63101,0.127614
setup,0,2009-12-05 23:00:00,0,0.852189,4.37995,0.00730859,0,0.0046126,0.00284193,0.00154404,0.000960403,0.00075236,2.21606e-06,0,0,0,0.52184,0.32829,0.00732889,0.00429785,0.0136705,0.0469039,0.800821,0.809898,0.0205372,0.00115957,8741.22,223282,44886,61562.9,568.856,95.2739,18.934,232.312,18.5961,3261.95,491.277,110.291,37614.7,3923.3,6076.08,122.287,4.50648,0.869045,50.1886,741.397,45.0011,5.63128,0.127937
setup,0,2009-12-06 23:00:00,0,0.87401,4.37538,0.00740819,0,0.0046191,0.0028053,0.00155317,0.000956692,0.000764017,2.13337e-06,0,0,0,0.521647,0.353283,0.0075214,0.00429298,0.0136644,0.0592544,0.804254,0.815028,0.0210269,0.00116072,8741.83,223278,44883.5,61561.2,569.485,95.1232,18.6451,231.991,18.6305,3262.36,491.298,110.283,37614.7,3923.3,6076.22,122.425,4.4929,0.856263,50.1369,741.649,45.007,5.63156,0.127981
setup,0,2009-12-07 23:00:00,0,0.904998,5.16455,0.0073976,0,0.0046302,0.00277795,0.00127724,0.00124513,0.00127443,2.07279e-06,0,0,0,0.521463,0.387406,0.00701244,0.00489228,0.0137136,0.0627214,0.883746,0.8811,0.0259408,0.00117006,8742.44,223274,44880.2,61558.8,570.886,94.9956,18.1814,231.063,18.5129,3262.76,491.317,110.273,37614.6,3923.21,6076.36,122.64,4.4793,0.835822,50.0444,741.904,45.0124,5.63182,0.130375
setup,0,2009-12-08 23:00:00,0,0.954052,5.14329,0.00729132,0,0.00463702,0.00275365,0.00150372,0.00151318,0.0014466,1.97368e-06,0,0,0,0.52128,0.397015,0.00692029,0.00435602,0.0136677,0.0775397,0.906137,0.909969,0.0296559,0.0012015,8743.28,223269,44876.9,61556.4,572.028,94.8447,17.7559,230.308,18.5493,3263.16,491.335,110.265,37614.6,3922.87,6076.49,122.829,4.46496,0.817053,49.945,742.179,45.0177,5.63206,0.131748
setup,0,2009-12-09 23:00:00,0,1.01501,5.3079,0.00738582,0,0.00464533,0.00272798,0.00137951,0.0015397,0.00162319,1.89492e-06,0,0,0,0.521106,0.408627,0.006436,0.00427843,0.0136683,0.0881414,0.939819,0.95843,0.0354838,0.00124346,8744.25,223264,44873.4,61554,573.082,94.6767,17.3767,229.631,18.5262,3263.57,491.352,110.256,37614.5,3922.39,6076.59,123.01,4.45001,0.800317,49.8494,742.451,45.0225,5.6323,0.133987
setup,0,2009-12-10 23:00:00,0,1.05355,5.59913,0.00755389,0,0.00465339,0.0026982,0.00155957,0.00180868,0.00198287,1.82034e-06,0,0,0,0.520936,0.41828,0.00620257,0.0042736,0.0137079,0.0921318,1.00458,1.01683,0.0429268,0.00130178,8745.29,223260,44869.6,61551.3,574.168,94.4998,17.0337,228.814,18.4743,3263.97,491.367,110.248,37614.4,3921.57,6076.64,123.186,4.43435,0.785162,49.7266,742.759,45.027,5.63251,0.135862
setup,0,2009-12-11 23:00:00,0,1.09208,6.95611,0.00789,0,0.0046621,0.0026591,0.00318514,0.00385733,0.00356923,1.75901e-06,0,0,0,0.52077,0.447485,0.00614132,0.00433247,0.0137304,0.0985444,1.27074,1.25923,0.0620177,0.00139508,8746.42,223253,44864,61548.5,575.955,94.2861,16.7606,226.784,18.1742,3264.38,491.375,110.24,37614.3,3919.03,6076.74,123.428,4.41582,0.77304,49.4102,743.204,45.0316,5.63264,0.131951
setup,0,2009-12-12 23:00:00,0,1.1582,6.56496,0.0076931,0,0.00466604,0.00260945,0.00351807,0.00442992,0.00391512,1.67544e-06,0,0,0,0.520607,0.478826,0.00598682,0.00426394,0.0136326,0.113321,1.26349,1.2777,0.0689817,0.00153799,8747.79,223247,44858.9,61544.5,577.272,94.0531,16.574,224.764,18.2719,3264.8,491.383,110.232,37614.2,3916.25,6076.35,123.685,4.39744,0.764641,49.0492,743.642,45.0363,5.63277,0.130321
setup,0,2009-12-13 23:00:00,0,1.16397,5.68241,0.00726703,0,0.00466993,0.00258698,0.00337155,0.00386044,0.00298836,1.6113e-06,0,0,0,0.52045,0.497283,0.00572782,0.00482198,0.0136268,0.108257,1.12635,1.16549,0.061176,0.00165138,8749.01,223242,44855,61541.1,577.833,93.8665,16.4546,223.652,18.4556,3265.24,491.394,110.223,37614.1,3914.83,6075.73,123.87,4.38081,0.759136,48.8153,744.011,45.0409,5.63294,0.129282
setup,0,2009-12-14 23:00:00,0,1.12131,4.78806,0.00682104,0,0.00467384,0.00257012,0.00303249,0.00281306,0.00192612,1.5612e-06,0,0,0,0.520292,0.432883,0.00590622,0.0042543,0.0136259,0.0971433,0.982515,1.03519,0.0498618,0.00169364,8750.15,223238,44852.3,61538.4,577.794,93.6468,16.3932,223.327,18.6785,3265.7,491.409,110.214,37614,3914.29,6075.16,123.96,4.36497,0.756138,48.7046,744.336,45.0459,5.63314,0.128237
setup,0,2009-12-15 23:00:00,0,1.04194,4.03433,0.00653743,0,0.00467778,0.00254363,0.00267255,0.00188159,0.00114918,1.53806e-06,0,0,0,0.520132,0.396218,0.00613823,0.00431325,0.0136271,0.0745502,0.855619,0.914591,0.0396371,0.00167099,8751,223235,44850.3,61536.4,577.432,93.445,16.3797,223.458,18.8858,3266.17,491.427,110.206,37613.9,3914.18,6074.76,123.986,4.35047,0.755225,48.6728,744.64,45.0513,5.63339,0.12736
setup,0,2009-12-16 23:00:00,0,0.951471,3.43992,0.00635182,0,0.00468177,0.00251369,0.00235879,0.00120088,0.000643576,1.5488e-06,0,0,0,0.519962,0.35046,0.00667662,0.00424469,0.0136258,0.048812,0.754904,0.814068,0.0311993,0.00161391,8751.56,223232,44848.9,61534.8,576.954,93.2415,16.4036,223.786,19.073,3266.65,491.448,110.198,37613.9,3914.17,6074.5,123.974,4.33702,0.755942,48.6806,744.943,45.0575,5.63367,0.126634
setup,0,2009-12-17 23:00:00,0,0.878956,3.65044,0.0062034,0,0.00468856,0.00248783,0.00211443,0.000858714,0.000470958,1.60389e-06,0,0,0,0.519778,0.330199,0.00742048,0.0042399,0.0136536,0.033491,0.751409,0.798734,0.0273673,0.00155883,8751.95,223229,44847.2,61533.7,576.719,93.0619,16.3529,224.292,19.0201,3267.1,491.469,110.189,37613.9,3914.17,6074.42,123.975,4.32395,0.753386,48.7286,745.228,45.064,5.63396,0.12609
setup,0,2009-12-18 23:00:00,0,0.899656,4.55922,0.00599557,0,0.00470068,0.00247574,0.00157135,0.0010518,0.000804496,1.68263e-06,0,0,0,0.519588,0.386258,0.00785416,0.00431913,0.0137458,0.0646215,0.831841,0.855359,0.0298127,0.00149318,8752.74,223225,44844.7,61531.7,577.522,92.9389,16.1086,224.071,18.8265,3267.51,491.49,110.181,37613.9,3914.18,6074.37,124.075,4.31143,0.742363,48.736,745.476,45.0703,5.63423,0.127728
setup,0,2009-12-19 23:00:00,0,0.970194,6.21622,0.00583902,0,0.00471687,0.0024653,0.001503,0.0015081,0.00189844,1.77259e-06,0,0,0,0.519418,0.386636,0.0067786,0.00423035,0.0137139,0.076398,1.12603,1.13968,0.0476453,0.00146162,8753.63,223219,44840.2,61530,578.816,92.7518,15.9012,223.186,18.1748,3267.92,491.501,110.172,37613.8,3913.4,6074.56,124.177,4.295,0.732917,48.667,745.828,45.0756,5.6344,0.130385
setup,0,2009-12-20 23:00:00,0,1.21482,7.38404,0.00520788,0,0.00473067,0.00247179,0.00169923,0.00231542,0.00441203,1.8536e-06,0,0,0,0.519254,0.558317,0.00664127,0.00422558,0.0139254,0.126616,1.39827,1.39141,0.0808097,0.0015554,8755.37,223213,44833.6,61526.6,580.7,92.5303,15.7308,220.635,17.9272,3268.33,491.507,110.164,37613.6,3909.98,6074.44,124.415,4.27634,0.725046,48.2665,746.32,45.0807,5.6345,0.134169
setup,0,2009-12-21 23:00:00,0,1.45974,8.51776,0.0049618,0,0.00473938,0.00246848,0.00390854,0.00664977,0.00840312,1.89496e-06,0,0,0,0.51911,0.691664,0.00568489,0.00485394,0.0141627,0.15106,1.60972,1.60393,0.116143,0.00182218,8757.43,223205,44825.8,61522,583.981,92.3315,15.5813,215.796,17.7726,3268.74,491.508,110.155,37613.4,3905.87,6073.55,125.059,4.25702,0.717998,47.3603,746.882,45.0849,5.63455,0.133323
setup,0,2009-12-22 23:00:00,0,1.59289,9.34843,0.0048598,0,0.00475071,0.00246221,0.00462891,0.00925226,0.0125818,1.89879e-06,0,0,0,0.518968,0.707718,0.00574017,0.00427531,0.0147706,0.159993,1.75083,1.76874,0.147408,0.00220201,8759.71,223197,44817.5,61516.1,588.725,92.0913,15.4502,208.808,17.6281,3269.15,491.505,110.147,37613.2,3902.43,6071.57,126.112,4.23649,0.71166,45.8885,747.59,45.0891,5.63457,0.135141
setup,0,2009-12-23 23:00:00,0,1.72337,9.39049,0.00468368,0,0.00475818,0.00245131,0.00529211,0.0117238,0.0145928,1.86439e-06,0,0,0,0.518828,0.767157,0.00577152,0.00421128,0.0139645,0.170341,1.77398,1.81551,0.161936,0.00260648,8762.31,223188,44810.1,61509.6,593.252,91.844,15.326,201.955,17.6346,3269.56,491.501,110.138,37613,3900.31,6068.79,127.163,4.21578,0.705574,44.3868,748.328,45.0934,5.63456,0.13847
setup,0,2009-12-24 23:00:00,0,1.80034,8.93183,0.00491961,0,0.00476417,0.00243117,0.00599217,0.0134948,0.0140353,1.81617e-06,0,0,0,0.518693,0.788073,0.00571605,0.00426571,0.0140685,0.1924,1.72044,1.80053,0.16028,0.00285985,8764.96,223180,44803.5,61503.6,596.538,91.6111,15.214,196.691,17.6947,3269.96,491.497,110.147,37612.8,3898.88,6066.06,127.952,4.19534,0.699975,43.2085,748.999,45.0975,5.63455,0.1399
setup,0,2009-12-25 23:00:00,0,1.94431,8.56577,0.00530108,0,0.0047706,0.00239917,0.00611399,0.0135597,0.0130271,1.75843e-06,0,0,0,0.518559,0.833767,0.00577707,0.00427353,0.0137623,0.22388,1.67722,1.77762,0.157065,0.00299294,8767.84,223173,44797.4,61498.1,598.803,91.3848,15.1074,192.803,17.7995,3270.37,491.492,110.179,37612.5,3897.75,6063.59,128.506,4.17514,0.694577,42.3233,749.593,45.1017,5.63453,0.141066
setup,0,2009-12-26 23:00:00,0,2.06273,8.30428,0.00560669,0,0.00477673,0.00236166,0.00636437,0.0137271,0.0120273,1.6965e-06,0,0,0,0.518429,0.849307,0.00573107,0.00429573,0.0139171,0.225351,1.64874,1.75452,0.152801,0.00308056,8770.8,223166,44791.5,61492.9,600.315,91.1653,15.0054,189.946,17.9097,3270.77,491.488,110.225,37612.3,3896.78,6061.39,128.884,4.15516,0.689339,41.6602,750.15,45.1059,5.63452,0.141603
setup,0,2009-12-27 23:00:00,0,2.10138,8.19666,0.00583418,0,0.00478575,0.00232461,0.00538714,0.0113353,0.0117284,1.64739e-06,0,0,0,0.518301,0.838882,0.00577318,0.00426947,0.0151811,0.221399,1.63518,1.73777,0.153737,0.00311529,8773.79,223159,44785.5,61487.8,601.435,90.94,14.9018,187.691,17.9518,3271.17,491.483,110.274,37612,3895.84,6059.39,129.158,4.13529,0.684007,41.1383,750.676,45.11,5.6345,0.144389
setup,0,2009-12-28 23:00:00,0,2.0007,7.83037,0.00605403,0,0.0047932,0.00228581,0.00477706,0.0101003,0.011414,1.57094e-06,0,0,0,0.518174,0.764028,0.00587535,0.00436583,0.0141227,0.199178,1.58263,1.69895,0.15492,0.00309536,8776.44,223152,44779.9,61483,602.248,90.7312,14.8188,185.782,17.959,3271.58,491.479,110.322,37611.8,3894.99,6057.53,129.361,4.11609,0.679583,40.6965,751.2,45.1144,5.6345,0.14803
setup,0,2009-12-29 23:00:00,0,2.04174,7.65443,0.0064317,0,0.00479902,0.00224358,0.00558429,0.0117918,0.0106165,1.51235e-06,0,0,0,0.518043,0.846495,0.00615071,0.00506267,0.0139391,0.200556,1.55483,1.67192,0.149464,0.00306161,8779.28,223145,44774.5,61478.3,602.805,90.5632,14.734,184.267,18.064,3271.98,491.476,110.367,37611.6,3894.22,6055.81,129.505,4.09792,0.675046,40.3357,751.708,45.119,5.6345,0.148475
setup,0,2009-12-30 23:00:00,0,2.04426,8.00196,0.00664789,0,0.00480813,0.00220816,0.00699587,0.0146222,0.0116835,1.46909e-06,0,0,0,0.517915,0.784054,0.00613649,0.0044362,0.0141001,0.194833,1.62873,1.73491,0.151398,0.00301503,8782.04,223138,44768,61474.1,603.432,90.3556,14.6641,182.741,17.8724,3272.39,491.472,110.414,37611.4,3892.95,6054.22,129.629,4.07864,0.671075,39.9837,752.234,45.1236,5.63449,0.145311
setup,0,2009-12-31 23:00:00,0,2.12269,7.75379,0.00632287,0,0.00481282,0.00217459,0.00667691,0.0140402,0.0110005,1.40311e-06,0,0,0,0.517785,0.825384,0.00626988,0.00447149,0.0136321,0.202643,1.59597,1.70304,0.14908,0.00303877,8785.04,223132,44762.3,61469.1,604.028,90.16,14.5954,181.093,17.9681,3272.8,491.468,110.462,37611.2,3892.04,6052.31,129.769,4.06003,0.667137,39.6035,752.758,45.1283,5.63448,0.14514
