timestamp,precipitation (mm),temperature AVG (degrees Celsius),temperature MAX (degrees Celsius),temperature MIN (degrees Celsius)
2019-06-05,,,,
2019-06-06,8.828999999999999,17.17673611111111,21.9,14.4
2019-06-07,0.0,17.87743055555556,21.9,14.9
2019-06-08,0.0,18.729861111111113,23.5,15.3
2019-06-09,0.136,16.653472222222224,18.8,15.3
2019-06-10,0.0,15.947222222222223,18.7,13.6
2019-06-11,0.0,17.30173611111111,21.0,13.7
2019-06-12,0.0,17.62569444444445,20.7,14.6
2019-06-13,0.0,18.248611111111114,23.2,14.5
2019-06-14,,,,
2019-06-15,0.0,16.672241992882565,20.9,14.0
2019-06-16,0.0,17.543055555555554,23.5,12.8
2019-06-17,0.0,17.58159722222222,23.8,11.6
2019-06-18,0.0,16.685416666666665,21.6,12.5
2019-06-19,0.0,18.089930555555554,25.1,12.5
2019-06-20,0.0,17.636805555555554,23.7,12.7
2019-06-21,0.0,16.11423611111111,19.1,13.5
2019-06-22,0.0,18.042657342657343,23.4,13.3
2019-06-23,0.11900000000000001,18.281944444444445,25.4,13.0
2019-06-24,0.0,18.363888888888887,24.3,14.0
2019-06-25,0.0,16.836458333333333,20.9,13.3
2019-06-26,0.0,17.49583333333333,23.7,14.4
2019-06-27,0.0,17.462152777777774,22.8,12.9
2019-06-28,0.0,16.55798611111111,21.6,11.9
2019-06-29,0.0,17.422569444444445,24.8,11.2
2019-06-30,0.0,17.836458333333333,25.1,10.8
2019-07-01,0.0,18.271180555555556,25.4,13.0
2019-07-02,0.0,18.459375,24.8,12.3
2019-07-03,0.0,17.647222222222222,22.1,12.7
2019-07-04,0.0,17.383680555555557,24.0,11.3
2019-07-05,0.0,18.475,25.0,12.3
2019-07-06,0.0,17.46909722222222,23.1,12.4
2019-07-07,0.0,17.604861111111113,24.2,12.7
2019-07-08,0.0,18.123611111111114,24.8,11.7
2019-07-09,0.0,18.707291666666666,25.8,12.5
2019-07-10,0.0,18.21701388888889,24.9,12.0
2019-07-11,0.0,18.745833333333337,25.1,13.9
2019-07-12,0.0,18.605208333333334,25.7,12.2
2019-07-13,0.0,16.748958333333334,23.2,11.7
2019-07-14,0.034,17.60486111111111,24.5,11.1
2019-07-15,0.0,16.935416666666665,23.1,12.1
2019-07-16,0.0,16.428472222222222,20.8,11.8
2019-07-17,0.0,16.251041666666666,20.5,13.7
2019-07-18,0.544,17.313194444444445,24.0,13.0
2019-07-19,0.0,16.865972222222222,22.9,12.7
2019-07-20,0.0,16.931944444444444,23.5,13.2
2019-07-21,0.0,18.300694444444442,26.5,10.7
2019-07-22,0.0,16.502083333333335,23.6,11.3
2019-07-23,0.0,17.311111111111114,25.9,9.9
2019-07-24,0.0,17.351388888888888,25.2,10.0
2019-07-25,0.0,17.70277777777778,26.1,9.3
2019-07-26,0.0,16.82013888888889,24.8,11.3
2019-07-27,0.0,16.00173611111111,23.7,9.6
2019-07-28,0.085,16.888194444444444,23.3,10.7
2019-07-29,0.085,17.987499999999997,23.5,11.3
2019-07-30,0.034,16.92638888888889,21.2,12.5
2019-07-31,15.075,17.507986111111116,22.8,14.8
2019-08-01,0.0,18.701041666666665,25.6,12.7
2019-08-02,0.085,17.576736111111114,24.0,11.0
2019-08-03,0.731,17.01354166666667,23.7,11.0
2019-08-04,0.15300000000000002,17.60451388888889,24.7,8.8
2019-08-05,0.10200000000000001,17.80763888888889,26.0,10.5
2019-08-06,0.034,19.31840277777778,27.4,10.0
2019-08-07,0.0,18.862152777777776,24.9,15.3
2019-08-08,0.0,17.691319444444446,23.5,13.1
2019-08-09,0.136,16.613194444444442,23.2,10.9
2019-08-10,0.0,17.089930555555558,23.3,10.8
2019-08-11,0.0,15.81840277777778,21.2,10.9
2019-08-12,0.0,16.554513888888888,23.0,11.3
2019-08-13,0.0,17.43402777777778,24.6,12.5
2019-08-14,0.0,16.15972222222222,21.0,10.0
2019-08-15,0.0,16.46597222222222,21.9,9.5
2019-08-16,0.0,16.433680555555554,20.1,10.5
2019-08-17,0.017,16.76388888888889,22.5,10.5
2019-08-18,0.0,17.29201388888889,22.7,12.9
2019-08-19,0.0,15.119097222222223,19.1,11.5
2019-08-20,0.0,16.545833333333334,23.4,10.7
2019-08-21,0.0,17.627083333333335,24.0,11.8
2019-08-22,0.0,17.840972222222224,24.9,12.6
2019-08-23,0.0,19.05173611111111,25.7,13.7
2019-08-24,0.885,18.253819444444446,25.2,13.5
2019-08-25,0.068,18.210763888888888,24.2,12.8
2019-08-26,0.0,18.534374999999997,24.8,13.2
2019-08-27,0.0,18.867708333333333,25.5,13.6
2019-08-28,0.0,18.583333333333332,26.2,11.4
2019-08-29,0.0,18.930208333333333,24.3,13.5
2019-08-30,0.0,18.16701388888889,23.6,15.1
2019-08-31,11.981,18.521875,25.8,14.2
2019-09-01,38.307,17.469097222222224,28.0,14.0
2019-09-02,0.10200000000000001,17.43402777777778,23.2,12.9
2019-09-03,0.0,17.564583333333335,22.7,13.0
2019-09-04,0.0,17.581944444444446,22.9,12.9
2019-09-05,0.0,17.377777777777776,22.6,13.0
2019-09-06,0.051000000000000004,18.745833333333334,24.8,12.7
2019-09-07,0.0,17.115972222222222,22.2,12.5
2019-09-08,0.0,16.466319444444444,20.2,12.6
2019-09-09,0.0,18.298263888888886,24.3,12.2
2019-09-10,0.42500000000000004,18.142013888888886,23.8,14.1
2019-09-11,0.40800000000000003,18.295486111111114,24.3,13.3
2019-09-12,0.0,19.02881944444444,25.9,12.0
2019-09-13,0.0,18.87986111111111,26.0,11.8
2019-09-14,0.11900000000000001,19.083333333333332,26.3,12.8
2019-09-15,0.017,19.13472222222222,26.3,13.4
2019-09-16,0.068,18.428472222222226,25.2,12.6
2019-09-17,0.068,18.48159722222222,25.6,11.0
2019-09-18,0.0,19.31597222222222,27.2,11.6
2019-09-19,0.0,18.273958333333333,25.5,10.9
2019-09-20,0.034,18.25972222222222,25.5,9.9
2019-09-21,0.017,18.587847222222223,25.9,11.7
2019-09-22,0.034,18.53125,26.4,11.2
2019-09-23,0.0,18.74583333333333,26.2,12.2
2019-09-24,0.0,17.670833333333334,22.9,13.7
2019-09-25,0.136,19.563194444444445,26.5,12.7
2019-09-26,0.0,19.33125,25.4,15.9
2019-09-27,0.0,18.015625,23.6,14.2
2019-09-28,0.017,19.819791666666667,27.7,12.9
2019-09-29,0.051000000000000004,20.015625,27.6,12.3
2019-09-30,0.15300000000000002,21.242013888888888,28.9,13.1
2019-10-01,1.3450000000000002,18.560069444444444,27.5,13.6
2019-10-02,0.085,18.661458333333332,24.8,13.4
2019-10-03,0.0,19.515277777777776,25.6,15.5
2019-10-04,1.004,18.994097222222223,23.5,14.3
2019-10-05,3.2830000000000004,18.014583333333334,23.9,14.8
2019-10-06,1.615,17.052083333333332,22.4,14.1
2019-10-07,0.0,18.53611111111111,24.3,13.1
2019-10-08,3.2809999999999997,19.67465277777778,26.1,12.8
2019-10-09,2.4670000000000005,19.241319444444443,24.8,14.8
2019-10-10,21.591,17.767013888888886,23.0,14.3
2019-10-11,6.228000000000001,17.335416666666664,22.3,14.8
2019-10-12,19.889,17.402430555555554,21.8,14.7
2019-10-13,1.0370000000000001,17.26875,22.2,14.9
2019-10-14,0.051000000000000004,17.84652777777778,21.9,15.3
2019-10-15,0.068,19.108333333333334,24.4,15.0
2019-10-16,2.075,19.26631944444445,25.4,13.6
2019-10-17,27.356,17.27048611111111,21.1,15.1
2019-10-18,6.276,17.209027777777774,20.9,15.6
2019-10-19,4.423,17.881597222222222,21.8,15.7
2019-10-20,0.255,18.892708333333335,24.0,15.0
2019-10-21,0.051000000000000004,19.197569444444444,24.4,15.5
2019-10-22,1.9040000000000001,19.6125,25.1,14.8
2019-10-23,0.901,19.285763888888887,24.1,15.9
2019-10-24,29.691,17.616666666666667,22.9,15.3
2019-10-25,7.469999999999999,18.011805555555554,23.1,15.3
2019-10-26,4.236,18.702777777777776,23.0,15.6
2019-10-27,0.034,19.34548611111111,24.1,15.0
2019-10-28,0.068,19.33888888888889,24.3,15.3
2019-10-29,1.2750000000000001,19.293055555555554,25.0,16.1
2019-10-30,3.3160000000000003,18.558333333333334,23.5,15.3
2019-10-31,4.727,18.29340277777778,23.6,15.3
2019-11-01,0.136,18.089583333333334,23.6,13.8
2019-11-02,0.10200000000000001,18.173958333333335,23.7,13.6
2019-11-03,8.5,17.759027777777778,24.8,13.6
2019-11-04,0.15300000000000002,18.29756944444445,23.7,14.3
2019-11-05,0.15300000000000002,18.541319444444447,24.5,13.6
2019-11-06,0.017,19.665972222222223,25.3,14.7
2019-11-07,0.085,19.44201388888889,25.1,15.7
2019-11-08,1.225,18.744444444444444,23.9,15.0
2019-11-09,0.11900000000000001,18.94236111111111,24.2,13.7
2019-11-10,0.833,19.139236111111114,24.0,15.8
2019-11-11,4.32,18.928819444444443,23.7,16.1
2019-11-12,0.39100000000000007,18.726041666666667,23.2,16.0
2019-11-13,2.705,18.08090277777778,22.8,15.9
2019-11-14,5.5120000000000005,17.87152777777778,23.2,16.0
2019-11-15,0.085,18.99513888888889,23.8,16.1
2019-11-16,0.051000000000000004,19.36284722222222,24.1,14.9
2019-11-17,0.085,18.796527777777776,24.2,13.8
2019-11-18,0.15300000000000002,19.334722222222222,24.2,15.2
2019-11-19,3.196,18.932291666666668,24.5,14.7
2019-11-20,0.459,18.78298611111111,25.1,14.5
2019-11-21,39.92,19.721180555555556,25.2,15.9
2019-11-22,2.091,19.53125,24.7,14.9
2019-11-23,25.637,16.853819444444444,20.8,14.5
2019-11-24,29.696,18.08298611111111,23.9,14.8
2019-11-25,10.540000000000001,17.316319444444442,22.8,14.7
2019-11-26,4.573,18.064583333333335,22.6,15.5
2019-11-27,0.0,18.788541666666667,23.6,14.9
2019-11-28,0.187,18.525000000000002,23.3,14.2
2019-11-29,8.860000000000001,18.709027777777777,24.7,14.2
2019-11-30,34.644,17.91840277777778,22.4,15.5
2019-12-01,6.273000000000001,18.037500000000005,22.4,15.7
2019-12-02,5.218999999999999,18.273611111111112,23.0,15.8
2019-12-03,4.010999999999999,18.32638888888889,23.3,15.8
2019-12-04,12.6,19.245486111111113,24.8,15.7
2019-12-05,30.593999999999998,17.821180555555557,22.7,15.1
2019-12-06,14.931999999999999,18.92361111111111,23.7,14.8
2019-12-07,3.196,18.74409722222222,22.5,16.4
2019-12-08,32.917,18.369444444444444,23.7,15.0
2019-12-09,15.478,18.429861111111112,23.0,15.8
2019-12-10,178.8,,,
2019-12-11,28.438,,,
2019-12-12,0.22100000000000003,18.155555555555555,23.9,13.6
2019-12-13,0.11900000000000001,19.06319444444445,24.4,14.7
2019-12-14,0.272,18.028472222222224,22.8,15.1
2019-12-15,4.558999999999999,18.32361111111111,23.2,15.5
2019-12-16,0.23800000000000002,18.657291666666666,23.9,14.9
2019-12-17,0.17,18.78298611111111,23.5,15.4
2019-12-18,0.136,19.00763888888889,23.9,15.4
2019-12-19,0.17,17.95798611111111,23.5,13.5
2019-12-20,0.136,18.56451612903226,24.0,12.6
2019-12-21,2.737,18.355673758865247,23.6,15.0
2019-12-22,0.034,18.20886524822695,22.6,15.3
2019-12-23,10.577,18.80851063829787,23.9,15.2
2019-12-24,9.272,19.07894736842105,23.5,15.9
2019-12-25,5.098000000000001,19.314487632508833,24.3,15.4
2019-12-26,17.317999999999998,18.725357142857145,24.8,13.6
2019-12-27,22.747,20.07259786476868,26.1,17.1
2019-12-28,12.866,18.870774647887323,24.9,16.4
2019-12-29,0.068,19.703886925795054,24.4,15.9
2019-12-30,0.187,18.390459363957596,23.4,14.2
2019-12-31,0.22100000000000003,18.6220640569395,23.8,14.8
2020-01-01,0.17,18.91276595744681,24.3,15.1
2020-01-02,0.136,18.8576512455516,24.7,15.3
2020-01-03,0.8500000000000001,18.818661971830984,23.5,15.5
2020-01-04,0.10200000000000001,18.28833922261484,23.2,14.6
2020-01-05,0.20400000000000001,19.320212765957443,24.8,13.4
2020-01-06,12.41,19.46725352112676,25.7,15.0
2020-01-07,8.945,18.358865248226948,22.6,15.2
2020-01-08,4.029,17.661071428571425,21.6,14.9
2020-01-09,2.312,18.468661971830986,24.1,14.6
2020-01-10,0.187,19.50388692579505,25.0,15.0
2020-01-11,0.187,19.808771929824562,25.8,15.1
2020-01-12,10.923,19.85122807017544,26.5,15.8
2020-01-13,12.431000000000001,17.975352112676056,23.4,15.7
2020-01-14,0.136,19.350352112676056,23.7,15.5
2020-01-15,0.11900000000000001,19.658362989323845,24.4,16.3
2020-01-16,0.357,19.370212765957447,23.9,16.0
2020-01-17,0.0,19.300706713780915,24.9,15.2
2020-01-18,0.017,19.804225352112674,25.3,15.8
2020-01-19,0.11900000000000001,19.576241134751772,25.9,14.2
2020-01-20,0.136,19.802112676056336,25.8,14.9
2020-01-21,0.97,20.16808510638298,25.5,15.1
2020-01-22,0.0,19.65795053003534,23.8,15.8
2020-01-23,0.22100000000000003,19.189122807017544,23.5,17.0
2020-01-24,0.017,18.933101045296166,22.5,16.9
2020-01-25,0.051000000000000004,18.828472222222224,23.5,16.3
2020-01-26,16.419999999999998,17.800694444444446,22.3,15.5
2020-01-27,4.0489999999999995,17.975347222222222,21.9,15.5
2020-01-28,9.267000000000001,17.163541666666664,21.0,15.3
2020-01-29,0.11900000000000001,19.027430555555558,24.0,15.7
2020-01-30,0.28900000000000003,19.119097222222223,24.0,16.2
2020-01-31,12.174999999999999,19.654166666666665,25.2,15.2
2020-02-01,18.077999999999996,18.293055555555558,24.2,15.2
2020-02-02,12.298000000000002,18.60763888888889,25.2,15.3
2020-02-03,0.37400000000000005,18.689583333333335,24.7,15.1
2020-02-04,0.20400000000000001,18.897569444444443,23.9,14.0
2020-02-05,0.323,18.60520833333333,24.1,12.8
2020-02-06,0.187,18.342361111111114,24.5,13.3
2020-02-07,0.35700000000000004,19.234027777777776,25.6,12.6
2020-02-08,0.272,18.710069444444443,24.4,14.2
2020-02-09,0.187,18.25,24.3,13.2
2020-02-10,0.11900000000000001,18.861805555555552,26.0,9.9
2020-02-11,0.051000000000000004,19.901041666666668,27.8,11.3
2020-02-12,0.11900000000000001,20.16423611111111,26.3,13.6
2020-02-13,0.35700000000000004,19.543205574912893,24.9,15.2
2020-02-14,0.187,19.173958333333335,24.1,15.4
2020-02-15,2.6550000000000002,17.98680555555556,23.5,14.9
2020-02-16,4.352,17.95069444444444,23.0,15.6
2020-02-17,0.255,19.32881944444445,25.4,14.8
2020-02-18,0.187,19.444097222222222,24.8,14.7
2020-02-19,0.136,19.828472222222224,24.9,16.2
2020-02-20,0.255,20.26076388888889,26.5,14.1
2020-02-21,0.23800000000000002,20.09652777777778,26.2,15.8
2020-02-22,0.136,19.66111111111111,25.4,15.6
2020-02-23,0.068,19.566319444444446,24.9,15.9
2020-02-24,0.068,19.494444444444444,25.2,14.5
2020-02-25,2.416,20.31701388888889,26.9,13.5
2020-02-26,1.496,19.79513888888889,26.5,16.2
2020-02-27,0.136,19.48090277777778,25.5,15.9
2020-02-28,0.136,19.679166666666667,25.0,15.6
2020-02-29,0.136,20.329166666666666,26.7,13.9
2020-03-01,16.237,19.662152777777777,27.6,16.0
2020-03-02,1.9050000000000002,18.701041666666665,24.7,15.8
2020-03-03,0.646,20.458333333333332,25.8,16.0
2020-03-04,0.9530000000000001,20.184375,26.3,15.4
2020-03-05,5.256,19.726736111111112,27.1,15.1
2020-03-06,0.0,20.31076388888889,26.8,14.4
2020-03-07,0.0,20.188541666666666,27.0,14.9
2020-03-08,0.5270000000000001,19.70138888888889,25.1,16.0
2020-03-09,0.11900000000000001,19.693750000000005,25.5,16.4
2020-03-10,0.187,19.991666666666664,25.8,16.0
2020-03-11,0.136,19.890277777777776,26.1,15.6
2020-03-12,0.034,19.722916666666666,25.2,16.0
2020-03-13,0.11900000000000001,20.106250000000003,25.5,16.4
2020-03-14,0.15300000000000002,19.913194444444443,26.7,14.3
2020-03-15,0.255,20.309722222222224,26.7,15.1
2020-03-16,0.187,20.938888888888886,27.7,15.2
2020-03-17,0.11900000000000001,20.640277777777776,26.6,16.4
2020-03-18,1.19,19.660763888888887,25.8,15.6
2020-03-19,1.0030000000000001,19.357986111111114,25.1,15.7
2020-03-20,0.10200000000000001,20.008680555555557,25.8,15.8
2020-03-21,1.9900000000000002,19.154861111111114,24.8,15.0
2020-03-22,0.11900000000000001,19.052083333333332,24.8,14.7
2020-03-23,0.10200000000000001,19.663541666666667,26.6,13.7
2020-03-24,0.085,19.880902777777777,26.3,15.4
2020-03-25,0.051000000000000004,20.077777777777776,26.1,15.6
2020-03-26,39.639,19.403472222222224,26.6,14.5
2020-03-27,0.23800000000000004,19.122916666666665,24.8,15.8
2020-03-28,22.794999999999998,19.153125000000003,24.9,14.8
2020-03-29,11.413,18.729166666666668,25.5,13.9
2020-03-30,0.136,19.37152777777778,25.8,15.2
2020-03-31,0.18700000000000003,19.897916666666664,25.3,16.2
2020-04-01,0.22100000000000003,19.606944444444444,25.4,15.2
2020-04-02,0.28900000000000003,19.246180555555554,25.0,13.9
2020-04-03,0.30600000000000005,19.382291666666667,25.1,15.1
2020-04-04,0.068,19.36111111111111,24.8,14.5
2020-04-05,3.3520000000000003,19.659027777777776,25.5,15.0
2020-04-06,0.085,19.90451388888889,25.5,16.0
2020-04-07,2.5520000000000005,19.210069444444443,24.9,16.3
2020-04-08,0.17000000000000004,19.669791666666665,25.0,15.7
2020-04-09,0.272,19.12569444444445,25.0,14.6
2020-04-10,0.17,19.047569444444445,25.1,14.8
2020-04-11,0.22100000000000003,19.44826388888889,26.5,13.2
2020-04-12,0.10200000000000001,19.831249999999997,26.3,12.9
2020-04-13,0.051000000000000004,19.645138888888887,25.4,15.1
2020-04-14,3.1470000000000002,19.624305555555555,25.9,15.5
2020-04-15,1.496,19.08229166666667,25.9,14.7
2020-04-16,0.17,18.153819444444444,25.8,14.8
2020-04-17,0.11900000000000001,19.615972222222222,24.8,13.8
2020-04-18,38.254000000000005,18.593055555555555,25.5,15.5
2020-04-19,8.16,18.48263888888889,23.3,15.1
2020-04-20,7.123000000000001,18.458680555555556,23.9,15.6
2020-04-21,14.909000000000002,18.403819444444444,23.6,15.1
2020-04-22,10.098,17.766666666666666,23.2,15.3
2020-04-23,1.3769999999999998,16.669444444444444,19.2,14.9
2020-04-24,2.261,18.217708333333334,25.4,14.5
2020-04-25,0.7650000000000001,18.226736111111112,22.5,15.1
2020-04-26,0.561,18.541666666666668,24.6,15.4
2020-04-27,0.40800000000000003,17.975694444444443,23.2,13.6
2020-04-28,0.32300000000000006,18.74722222222222,25.1,12.8
2020-04-29,0.35700000000000004,19.29618055555555,24.9,15.9
2020-04-30,0.23800000000000004,19.08958333333333,24.8,15.1
2020-05-01,0.22100000000000003,18.758680555555557,24.4,14.9
2020-05-02,0.20400000000000001,19.187847222222224,24.5,16.5
2020-05-03,0.136,19.035416666666666,24.8,15.2
2020-05-04,0.10200000000000001,19.359375,25.8,14.5
2020-05-05,0.017,19.535069444444446,25.6,14.8
2020-05-06,0.714,19.13888888888889,25.2,16.1
2020-05-07,0.255,18.401041666666668,24.1,15.0
2020-05-08,0.017,18.21527777777778,23.7,14.5
2020-05-09,0.017,18.57881944444445,24.0,14.0
2020-05-10,7.82,17.043055555555554,21.5,13.6
2020-05-11,0.136,17.37743055555556,22.8,13.7
2020-05-12,0.085,18.57013888888889,24.4,14.6
2020-05-13,0.20400000000000001,19.142708333333335,26.2,13.8
2020-05-14,0.17,19.437847222222224,26.5,14.1
2020-05-15,3.914,18.146875,23.5,15.9
2020-05-16,5.42,18.546527777777776,24.2,14.6
2020-05-17,0.051000000000000004,17.44826388888889,23.8,13.3
2020-05-18,0.10200000000000001,17.293750000000003,23.3,11.2
2020-05-19,0.10200000000000001,18.149652777777774,24.9,11.2
2020-05-20,0.034,17.884375,24.5,13.9
2020-05-21,0.0,18.023958333333336,22.0,14.4
2020-05-22,0.0,17.613888888888887,23.8,12.3
2020-05-23,0.085,16.652083333333334,22.5,11.8
2020-05-24,0.051000000000000004,17.179166666666664,23.3,12.9
2020-05-25,0.187,17.632986111111112,24.2,12.8
2020-05-26,0.051000000000000004,18.47673611111111,24.9,14.5
2020-05-27,0.068,18.771180555555553,25.7,13.8
2020-05-28,0.0,18.819444444444443,25.3,14.9
2020-05-29,0.085,17.77951388888889,24.3,12.8
2020-05-30,0.136,16.883680555555557,24.4,10.2
2020-05-31,0.11900000000000001,16.994444444444444,24.4,10.2
2020-06-01,0.017,17.684722222222224,24.1,11.3
2020-06-02,0.068,17.18576388888889,24.6,10.7
2020-06-03,10.780000000000001,16.395833333333332,22.9,10.5
2020-06-04,4.019,17.64131944444445,24.6,11.2
2020-06-05,0.0,17.322916666666668,24.6,10.3
2020-06-06,2.707,17.889236111111114,25.5,10.9
2020-06-07,0.0,18.345833333333335,24.2,12.3
2020-06-08,0.0,16.247569444444444,19.6,12.5
2020-06-09,6.873,17.489930555555556,23.2,12.1
2020-06-10,9.461,15.820138888888888,20.8,13.3
2020-06-11,0.017,17.283333333333335,23.4,11.5
2020-06-12,11.112,17.371180555555554,23.7,13.8
2020-06-13,2.653,17.24826388888889,21.9,14.2
2020-06-14,0.068,16.416319444444444,21.0,14.5
2020-06-15,0.0,16.003125,18.9,13.3
2020-06-16,0.0,15.50902777777778,19.3,12.6
2020-06-17,0.0,16.160069444444446,22.0,12.3
2020-06-18,0.0,15.668750000000001,21.8,10.8
2020-06-19,0.034,16.78576388888889,23.5,10.0
2020-06-20,4.051,17.668055555555558,25.1,12.3
2020-06-21,0.034,17.78472222222222,24.1,11.6
2020-06-22,0.0,17.724305555555553,24.5,12.8
2020-06-23,0.0,17.451041666666665,24.2,11.8
2020-06-24,0.0,17.30902777777778,23.7,11.7
2020-06-25,0.0,16.204513888888886,23.6,10.9
2020-06-26,0.0,16.548263888888886,23.7,10.4
2020-06-27,0.0,17.62152777777778,24.6,13.7
2020-06-28,0.0,17.37777777777778,24.7,11.9
2020-06-29,0.051000000000000004,16.543750000000003,24.2,10.6
2020-06-30,0.0,16.444791666666667,24.5,6.9
2020-07-01,0.0,15.369791666666666,21.8,9.6
2020-07-02,0.0,16.042361111111113,21.2,12.1
2020-07-03,0.0,15.79201388888889,22.4,10.7
2020-07-04,0.0,16.159374999999997,23.9,9.0
2020-07-05,0.0,16.09583333333333,20.7,12.7
2020-07-06,0.0,16.975347222222226,22.4,12.0
2020-07-07,0.0,16.238194444444446,22.2,11.3
2020-07-08,0.0,17.25243055555556,22.6,13.1
2020-07-09,0.0,16.872916666666665,22.8,11.5
2020-07-10,0.0,14.997916666666665,21.5,10.0
2020-07-11,0.034,15.68159722222222,23.4,9.7
2020-07-12,0.0,17.51145833333333,25.6,11.0
2020-07-13,0.0,17.03368055555556,22.5,11.3
2020-07-14,0.0,16.77708333333333,22.8,11.4
2020-07-15,0.0,16.589930555555554,21.5,11.6
2020-07-16,0.0,16.07222222222222,21.5,11.9
2020-07-17,0.0,15.123958333333336,20.8,9.3
2020-07-18,0.0,14.746527777777779,19.7,10.1
2020-07-19,0.0,15.40138888888889,21.6,9.4
2020-07-20,0.0,15.208680555555556,19.0,10.1
2020-07-21,0.0,16.552430555555556,21.7,10.0
2020-07-22,0.0,16.803819444444443,23.2,12.0
2020-07-23,0.0,16.72048611111111,24.8,12.7
2020-07-24,0.0,15.819444444444445,21.9,11.6
2020-07-25,0.0,16.180902777777778,23.9,10.3
2020-07-26,0.0,15.744097222222226,22.9,10.3
2020-07-27,0.0,16.59861111111111,21.7,11.8
2020-07-28,0.0,16.484027777777776,20.8,13.1
2020-07-29,0.0,17.115625000000005,24.6,11.5
2020-07-30,0.0,16.096180555555556,23.8,10.2
2020-07-31,0.0,16.454513888888886,23.7,10.8
2020-08-01,0.0,17.277430555555554,25.0,10.4
2020-08-02,0.0,14.940972222222221,22.2,8.6
2020-08-03,0.0,15.475694444444445,22.9,9.7
2020-08-04,0.0,16.45798611111111,24.9,9.7
2020-08-05,0.0,15.966319444444444,21.8,9.6
2020-08-06,0.0,17.14861111111111,26.0,10.3
2020-08-07,0.0,18.163541666666667,27.5,10.4
2020-08-08,0.0,16.864583333333332,23.6,10.9
2020-08-09,0.0,16.315624999999997,23.5,10.9
2020-08-10,0.0,17.23715277777778,26.2,11.3
2020-08-11,1.4300000000000002,17.700694444444444,27.0,9.4
2020-08-12,0.017,16.359722222222224,21.8,13.7
2020-08-13,0.0,17.45069444444444,22.9,13.6
2020-08-14,0.0,17.81423611111111,23.4,13.0
2020-08-15,0.0,17.654861111111114,26.2,10.4
2020-08-16,0.0,15.764930555555553,22.5,10.8
2020-08-17,0.0,16.32881944444445,23.1,12.1
2020-08-18,0.0,17.53298611111111,24.9,11.3
2020-08-19,0.0,16.839930555555554,21.4,14.0
2020-08-20,0.0,17.91840277777778,24.8,13.7
2020-08-21,0.0,16.944444444444443,21.3,12.4
2020-08-22,0.0,15.987152777777775,20.4,13.3
2020-08-23,0.0,16.552083333333332,21.4,13.6
2020-08-24,0.0,16.333333333333332,21.8,13.5
2020-08-25,0.0,17.597916666666666,24.1,12.5
2020-08-26,0.0,18.016666666666666,24.3,14.2
2020-08-27,0.0,16.539583333333333,23.8,11.3
2020-08-28,0.0,17.724305555555556,25.7,11.8
2020-08-29,0.0,17.84722222222222,25.7,12.0
2020-08-30,0.0,18.099652777777777,27.4,9.3
2020-08-31,0.0,18.214583333333334,27.2,10.2
2020-09-01,0.0,17.934375000000003,25.9,11.8
2020-09-02,0.0,17.353125000000002,25.1,10.8
2020-09-03,0.0,16.978819444444444,23.2,10.9
2020-09-04,0.034,17.349652777777777,25.7,9.3
2020-09-05,22.837000000000003,16.740625000000005,22.2,13.1
2020-09-06,16.401,15.427430555555556,17.5,14.3
2020-09-07,2.023,14.881944444444445,16.8,13.3
2020-09-08,0.0,15.515625,19.8,12.0
2020-09-09,0.0,16.04479166666667,23.4,10.5
2020-09-10,0.0,17.08958333333333,22.1,10.7
2020-09-11,0.0,16.852777777777774,22.6,12.1
2020-09-12,0.0,17.552083333333332,24.7,10.7
2020-09-13,0.0,18.628819444444446,26.4,10.4
2020-09-14,0.0,18.309722222222224,26.5,10.5
2020-09-15,0.0,18.489930555555556,26.6,12.5
2020-09-16,0.0,19.709027777777777,28.9,10.9
2020-09-17,0.0,18.21423611111111,27.6,10.8
2020-09-18,0.0,18.468402777777776,26.0,13.4
2020-09-19,0.051000000000000004,17.62777777777778,24.7,12.3
2020-09-20,0.017,16.45590277777778,21.5,12.2
2020-09-21,0.085,17.896180555555556,26.2,11.7
2020-09-22,0.017,18.74513888888889,26.5,11.8
2020-09-23,0.0,19.146180555555556,27.3,10.7
2020-09-24,0.442,17.52847222222222,23.2,13.8
2020-09-25,0.0,18.59201388888889,25.3,14.5
2020-09-26,13.062999999999999,17.693055555555556,25.7,13.2
2020-09-27,0.017,19.287152777777777,27.9,13.4
2020-09-28,0.017,18.877777777777776,26.3,13.8
2020-09-29,0.11900000000000001,19.64548611111111,27.9,12.4
2020-09-30,2.332,19.33611111111111,27.0,14.1
2020-10-01,0.0,20.087152777777778,27.2,14.8
2020-10-02,0.0,19.539236111111112,27.0,12.5
2020-10-03,0.068,19.624305555555555,28.0,11.6
2020-10-04,0.10200000000000001,19.708333333333332,28.1,10.6
2020-10-05,0.085,19.707291666666666,28.4,11.2
2020-10-06,0.11900000000000001,20.352083333333333,29.3,11.2
2020-10-07,0.0,19.911458333333332,28.0,9.8
2020-10-08,0.034,19.794444444444444,28.0,11.5
2020-10-09,0.034,20.134722222222223,28.1,13.4
2020-10-10,0.187,19.609375,29.3,15.1
2020-10-11,0.0,20.500347222222224,28.7,14.0
2020-10-12,0.017,20.00416666666667,27.8,13.8
2020-10-13,0.085,20.535069444444446,27.9,12.5
2020-10-14,0.0,19.681597222222223,27.2,14.0
2020-10-15,0.017,20.040277777777778,27.8,13.0
2020-10-16,0.0,19.615625,26.8,12.5
2020-10-17,0.0,19.527083333333334,26.9,12.4
2020-10-18,0.0,19.478472222222223,24.7,15.3
2020-10-19,3.4680000000000004,18.007291666666667,25.5,13.3
2020-10-20,2.5860000000000003,18.543750000000003,22.5,15.0
2020-10-21,0.357,19.860416666666666,27.2,13.4
2020-10-22,0.017,18.967708333333334,26.3,11.9
2020-10-23,0.068,19.821527777777778,27.9,12.2
2020-10-24,0.0,20.234375,27.4,14.0
2020-10-25,0.0,19.56527777777778,24.9,13.9
2020-10-26,0.0,17.84861111111111,21.0,15.6
2020-10-27,3.026,18.470138888888886,22.2,16.1
2020-10-28,0.28900000000000003,18.948611111111113,24.8,15.7
2020-10-29,7.828,17.66840277777778,22.5,15.1
2020-10-30,3.247,15.975694444444445,21.4,11.3
2020-10-31,0.034,18.227777777777778,24.4,14.2
2020-11-01,0.10200000000000001,17.908333333333335,25.2,12.3
2020-11-02,0.136,18.496180555555554,25.1,12.8
2020-11-03,2.074,18.67638888888889,23.7,15.6
2020-11-04,4.115,18.365972222222222,24.8,15.5
2020-11-05,0.272,18.811458333333334,24.8,16.0
2020-11-06,2.941,18.9125,25.1,15.3
2020-11-07,0.0,19.150000000000002,25.8,14.2
2020-11-08,5.764,19.320833333333336,25.9,13.8
2020-11-09,1.513,18.654166666666665,24.2,15.6
2020-11-10,0.51,19.170833333333334,24.9,15.6
2020-11-11,9.027000000000001,18.18159722222222,23.4,15.1
2020-11-12,2.431,19.473958333333332,25.9,14.6
2020-11-13,19.382,18.90451388888889,24.6,15.7
2020-11-14,5.491,18.148611111111112,23.2,14.7
2020-11-15,0.425,19.057291666666668,25.1,13.8
2020-11-16,0.034,18.84375,24.4,14.5
2020-11-17,0.068,19.038888888888888,25.4,14.1
2020-11-18,0.0,19.719791666666666,26.2,14.1
2020-11-19,0.017,19.904166666666665,27.0,14.1
2020-11-20,9.452000000000002,18.630208333333332,25.1,14.9
2020-11-21,0.017,19.592361111111114,25.9,13.7
2020-11-22,2.023,19.430902777777778,25.2,15.5
2020-11-23,0.11900000000000001,19.44340277777778,25.8,15.0
2020-11-24,2.023,19.389930555555555,26.4,14.4
2020-11-25,0.11900000000000001,19.546527777777776,27.8,13.7
2020-11-26,0.11900000000000001,19.341666666666665,27.2,13.1
2020-11-27,9.440000000000001,19.11180555555556,25.0,15.7
2020-11-28,17.826,17.599999999999998,22.7,15.6
2020-11-29,6.037000000000001,17.30798611111111,21.9,14.1
2020-11-30,0.20400000000000001,19.40173611111111,25.9,13.2
2020-12-01,0.11900000000000001,19.45243055555555,25.6,13.6
2020-12-02,0.085,18.944444444444443,24.9,14.5
2020-12-03,0.187,18.213194444444444,24.3,12.8
2020-12-04,0.20400000000000001,17.383333333333333,24.3,11.1
2020-12-05,0.28900000000000003,18.20555555555556,24.9,11.1
2020-12-06,0.23800000000000002,18.93993055555556,26.1,11.4
2020-12-07,0.068,19.79513888888889,26.0,15.2
2020-12-08,0.544,18.955902777777776,25.2,14.9
2020-12-09,0.10200000000000001,18.557291666666668,23.3,14.4
2020-12-10,0.20400000000000001,18.728819444444444,24.8,13.2
2020-12-11,0.20400000000000001,19.005208333333332,25.8,11.8
2020-12-12,0.10200000000000001,19.00347222222222,25.0,11.6
2020-12-13,0.11900000000000001,18.922222222222224,25.5,14.1
2020-12-14,0.136,18.76215277777778,26.0,12.2
2020-12-15,0.085,19.132291666666667,26.6,12.1
2020-12-16,0.136,18.928124999999998,25.4,12.2
2020-12-17,0.10200000000000001,18.986458333333335,25.8,13.8
2020-12-18,0.017,18.37743055555556,24.8,13.1
2020-12-19,0.068,19.363541666666666,25.7,13.9
2020-12-20,0.17,18.56736111111111,26.3,12.5
2020-12-21,0.22100000000000003,19.32743055555555,26.2,12.5
2020-12-22,0.15300000000000002,19.51527777777778,26.4,12.6
2020-12-23,0.23800000000000002,19.139236111111114,26.2,11.5
2020-12-24,0.0,20.211805555555557,26.9,14.9
2020-12-25,0.085,20.345138888888886,27.8,12.5
2020-12-26,0.034,19.880208333333332,26.8,13.2
2020-12-27,0.034,18.48923611111111,25.3,10.9
2020-12-28,0.0,18.794791666666665,26.3,10.2
2020-12-29,0.0,18.98611111111111,26.2,11.8
2020-12-30,0.9690000000000001,20.200347222222224,26.4,12.1
2020-12-31,17.745,17.136458333333334,24.1,14.1
2021-01-01,0.42500000000000004,17.421527777777776,23.0,14.2
2021-01-02,0.20400000000000001,18.71701388888889,24.6,12.1
2021-01-03,0.11900000000000001,19.227083333333333,25.9,13.1
2021-01-04,0.10200000000000001,19.108333333333334,26.1,13.4
2021-01-05,0.17,18.60659722222222,25.2,12.6
2021-01-06,0.15300000000000002,19.284027777777776,26.0,12.8
2021-01-07,0.034,19.48159722222222,26.3,13.2
2021-01-08,0.629,19.51909722222222,27.2,12.7
2021-01-09,3.0599999999999996,18.67534722222222,27.0,15.9
2021-01-10,6.579000000000001,17.153125000000003,21.4,15.8
2021-01-11,2.6010000000000004,18.040625,22.1,15.7
2021-01-12,0.306,18.331944444444446,22.5,15.0
2021-01-13,0.034,18.552430555555556,24.1,13.8
2021-01-14,0.136,18.728125,24.9,12.9
2021-01-15,0.20400000000000001,18.82916666666667,25.2,12.5
2021-01-16,0.15300000000000002,19.49722222222222,26.5,13.0
2021-01-17,0.17,20.26284722222222,26.8,13.2
2021-01-18,0.0,20.7875,27.7,13.9
2021-01-19,0.0,20.01145833333333,27.0,14.0
2021-01-20,0.0,20.08958333333333,27.5,12.6
2021-01-21,0.0,19.352777777777778,25.2,12.2
2021-01-22,0.068,18.957291666666666,25.3,14.1
2021-01-23,0.0,18.959722222222226,25.5,14.2
2021-01-24,2.3489999999999998,19.78125,27.0,13.0
2021-01-25,0.017,19.171527777777776,26.3,13.3
2021-01-26,2.01,18.921875,26.8,11.0
2021-01-27,0.068,19.13715277777778,27.2,10.0
2021-01-28,0.0,19.57986111111111,27.3,11.3
2021-01-29,2.946,19.96701388888889,27.6,12.3
2021-01-30,0.034,19.80104166666667,26.9,13.7
2021-01-31,0.0,18.95138888888889,26.7,11.5
2021-02-01,0.0,19.196527777777778,26.6,9.6
2021-02-02,0.0,20.84722222222222,28.3,10.4
2021-02-03,0.0,20.586111111111112,27.5,14.6
2021-02-04,2.8950000000000005,20.571875,28.5,11.1
2021-02-05,0.0,20.993402777777774,28.6,12.8
2021-02-06,0.051000000000000004,19.450000000000003,27.4,13.1
2021-02-07,29.270000000000003,18.522569444444443,25.9,15.4
2021-02-08,0.0,17.22291666666667,20.6,15.6
2021-02-09,0.20400000000000001,18.330555555555556,22.8,15.1
2021-02-10,22.551000000000002,19.158333333333335,23.7,16.0
2021-02-11,0.23800000000000002,19.151041666666668,22.4,15.9
2021-02-12,1.09,19.897569444444443,25.9,14.5
2021-02-13,17.64,18.632986111111112,22.6,15.1
2021-02-14,10.964,18.381249999999998,25.7,14.5
2021-02-15,0.10200000000000001,20.383680555555554,25.6,15.9
2021-02-16,0.051000000000000004,19.31076388888889,25.7,14.3
2021-02-17,0.034,19.205208333333335,25.7,12.8
2021-02-18,0.0,19.004166666666666,26.0,12.8
2021-02-19,0.0,20.10451388888889,27.3,11.2
2021-02-20,0.0,19.57326388888889,26.6,12.7
2021-02-21,0.255,19.587152777777778,26.2,14.9
2021-02-22,4.099,17.201041666666665,21.3,14.8
2021-02-23,7.951,19.63645833333333,25.9,14.0
2021-02-24,0.034,18.837152777777778,25.2,12.5
2021-02-25,0.017,19.368402777777778,26.0,13.0
2021-02-26,0.0,19.546875,26.5,12.4
2021-02-27,0.0,20.21805555555555,27.8,11.0
2021-02-28,0.0,21.059722222222224,28.4,12.6
2021-03-01,0.0,20.65451388888889,27.6,12.5
2021-03-02,0.0,19.632291666666667,26.7,14.5
2021-03-03,0.0,20.255555555555556,27.4,12.5
2021-03-04,0.0,19.565624999999997,25.8,13.2
2021-03-05,0.0,21.256249999999998,26.8,14.0
2021-03-06,0.0,20.786805555555556,27.1,15.4
2021-03-07,0.0,20.94895833333333,28.5,13.4
2021-03-08,0.0,20.57638888888889,27.5,14.3
2021-03-09,0.0,19.936111111111114,27.3,12.9
2021-03-10,0.0,19.720138888888886,27.2,13.0
2021-03-11,0.0,21.091666666666665,28.7,12.3
2021-03-12,0.0,19.69166666666667,27.3,12.2
2021-03-13,0.034,20.120486111111113,27.7,12.2
2021-03-14,0.0,20.556250000000002,28.4,12.5
2021-03-15,0.0,20.916319444444444,28.5,13.3
2021-03-16,0.0,20.582291666666666,27.6,12.8
2021-03-17,0.0,20.45798611111111,27.9,13.0
2021-03-18,0.0,20.560416666666665,27.6,14.7
2021-03-19,0.0,21.036805555555556,28.1,14.9
2021-03-20,0.0,20.963541666666668,27.8,15.7
2021-03-21,0.0,20.50590277777778,26.9,15.0
2021-03-22,0.017,20.42777777777778,28.0,12.8
2021-03-23,0.3400000000000001,20.664930555555557,27.1,14.6
2021-03-24,0.0,20.48090277777778,27.6,14.8
2021-03-25,0.0,21.576736111111114,29.2,14.1
2021-03-26,0.0,21.32361111111111,28.0,14.0
2021-03-27,3.6720000000000006,21.111458333333335,28.2,15.9
2021-03-28,5.747,19.28715277777778,27.3,15.3
2021-03-29,3.692,21.045833333333334,27.7,15.1
2021-03-30,17.267,19.84722222222222,26.1,15.3
2021-03-31,0.051000000000000004,19.913888888888888,27.0,15.1
2021-04-01,0.034,20.147916666666667,26.5,14.9
2021-04-02,0.0,20.84375,27.1,15.1
2021-04-03,5.118,20.512847222222224,27.6,15.3
2021-04-04,3.7399999999999998,19.970138888888886,26.8,15.2
2021-04-05,1.343,19.438888888888886,25.1,15.4
2021-04-06,10.972,19.788194444444443,25.5,16.6
2021-04-07,0.017,19.826041666666665,25.4,15.4
2021-04-08,0.817,19.661805555555556,24.9,16.7
2021-04-09,9.018,17.833333333333332,23.9,14.8
2021-04-10,1.991,19.672916666666666,25.5,15.2
2021-04-11,0.017,18.959374999999998,25.1,13.6
2021-04-12,0.0,19.136458333333334,25.6,14.3
2021-04-13,1.702,19.352777777777778,25.7,15.1
2021-04-14,0.37400000000000005,18.78888888888889,24.8,15.4
2021-04-15,0.136,19.487152777777776,25.9,14.7
2021-04-16,0.068,19.513194444444444,26.5,14.6
2021-04-17,0.10200000000000001,19.671875,26.7,14.4
2021-04-18,0.0,19.505902777777777,25.2,15.7
2021-04-19,0.0,19.34027777777778,25.9,15.0
2021-04-20,0.0,19.565625,26.7,14.9
2021-04-21,12.793,19.655555555555555,26.3,15.2
2021-04-22,11.623000000000001,19.627083333333335,25.9,15.1
2021-04-23,5.425999999999999,19.23298611111111,24.8,15.7
2021-04-24,1.088,19.692708333333332,25.4,16.3
2021-04-25,9.831999999999999,19.130555555555556,24.8,15.6
2021-04-26,0.136,19.337847222222223,25.3,14.9
2021-04-27,0.051000000000000004,19.9625,25.1,16.3
2021-04-28,1.241,19.60486111111111,24.5,16.7
2021-04-29,0.255,19.421527777777776,25.1,15.4
2021-04-30,0.051000000000000004,19.513011152416357,26.2,15.3
2021-05-01,0.085,19.681944444444444,26.5,14.9
2021-05-02,1.974,19.246875000000003,25.3,15.3
2021-05-03,0.068,19.249652777777776,24.8,16.1
2021-05-04,0.20400000000000001,19.17777777777778,25.1,14.2
2021-05-05,1.2599999999999998,18.73680555555556,25.7,14.8
2021-05-06,0.0,18.74513888888889,25.0,13.9
2021-05-07,0.068,18.904861111111114,24.3,14.1
2021-05-08,0.0,19.327430555555555,24.4,15.7
2021-05-09,12.945000000000002,18.224652777777777,22.7,15.6
2021-05-10,21.529000000000003,17.636805555555554,23.2,15.6
2021-05-11,30.882000000000005,17.07326388888889,22.0,15.1
2021-05-12,38.477999999999994,17.431597222222223,22.8,15.2
2021-05-13,0.0,17.969097222222224,23.7,14.8
2021-05-14,0.085,17.76076388888889,23.1,13.2
2021-05-15,0.10200000000000001,17.794097222222224,24.0,12.5
2021-05-16,0.11900000000000001,17.95729166666667,23.6,13.5
2021-05-17,0.085,18.452777777777776,24.1,14.0
2021-05-18,0.085,18.30659722222222,23.8,14.6
2021-05-19,0.034,17.855555555555558,23.9,13.6
2021-05-20,0.051000000000000004,18.010416666666668,24.0,13.5
2021-05-21,0.068,17.375347222222224,23.6,13.3
2021-05-22,0.017,17.559722222222224,23.0,13.5
2021-05-23,0.051000000000000004,17.149305555555557,22.7,13.2
2021-05-24,0.0,17.086458333333333,21.4,13.3
2021-05-25,0.051000000000000004,17.074305555555554,23.6,11.5
2021-05-26,0.0,16.14548611111111,21.8,11.9
2021-05-27,0.15300000000000002,16.78194444444445,22.8,10.8
2021-05-28,0.085,17.02152777777778,23.2,12.7
2021-05-29,0.085,17.887152777777782,23.0,14.5
2021-05-30,0.0,17.212847222222223,21.0,14.4
2021-05-31,0.11900000000000001,16.247916666666665,22.2,12.6
2021-06-01,0.11900000000000001,16.546527777777776,22.2,11.8
2021-06-02,0.051000000000000004,16.239930555555556,22.6,10.4
2021-06-03,0.11900000000000001,17.10694444444444,23.6,10.6
2021-06-04,0.051000000000000004,16.79618055555555,22.0,12.8
2021-06-05,0.034,16.808680555555554,22.6,13.3
2021-06-06,0.0,17.212847222222223,23.3,13.2
2021-06-07,0.034,17.107291666666665,23.4,11.8
2021-06-08,0.10200000000000001,15.750694444444447,21.7,10.4
2021-06-09,0.068,16.602777777777778,20.7,13.4
2021-06-10,0.017,16.24027777777778,21.9,10.9
2021-06-11,0.068,15.967361111111112,21.3,11.2
2021-06-12,0.0,15.211111111111112,18.0,11.1
2021-06-13,0.0,15.68576388888889,21.7,10.4
2021-06-14,0.017,16.545486111111114,23.9,9.6
2021-06-15,0.017,16.804861111111112,23.7,10.7
2021-06-16,0.0,16.005208333333332,20.7,12.0
2021-06-17,0.0,16.034374999999997,20.5,12.8
2021-06-18,0.017,17.016319444444445,22.7,11.2
2021-06-19,0.051000000000000004,16.429166666666667,21.8,12.4
2021-06-20,0.0,15.448611111111111,20.1,10.3
2021-06-21,0.0,16.53125,23.0,10.4
2021-06-22,0.051000000000000004,15.47777777777778,21.4,11.5
2021-06-23,0.017,15.091319444444444,19.9,11.2
2021-06-24,0.017,16.099652777777777,22.8,10.9
2021-06-25,0.0,14.801388888888889,19.5,10.1
2021-06-26,0.085,15.29027777777778,21.9,10.6
2021-06-27,0.034,14.625347222222224,17.0,11.0
2021-06-28,0.0,16.705208333333335,22.4,13.0
2021-06-29,0.0,16.113888888888887,22.0,12.0
2021-06-30,0.0,15.980555555555554,21.9,11.8
2021-07-01,0.085,16.500347222222224,24.0,8.8
2021-07-02,0.0,14.891666666666667,19.9,11.0
2021-07-03,0.10200000000000001,15.035763888888887,20.1,10.2
2021-07-04,0.0,15.270138888888889,20.1,10.5
2021-07-05,0.034,14.960763888888891,19.0,11.1
2021-07-06,0.0,15.17847222222222,19.9,13.0
2021-07-07,0.0,16.00972222222222,20.3,11.7
2021-07-08,0.0,16.02048611111111,19.5,12.6
2021-07-09,0.0,15.491666666666667,19.6,12.2
2021-07-10,0.0,15.586458333333333,20.0,12.7
2021-07-11,0.0,16.543750000000003,20.7,12.0
2021-07-12,2.755,15.466666666666665,20.2,12.4
2021-07-13,0.0,17.480208333333334,23.4,10.7
2021-07-14,0.0,17.333680555555553,23.1,13.6
2021-07-15,0.0,16.613194444444446,20.5,13.8
2021-07-16,0.0,16.578472222222224,23.1,11.1
2021-07-17,0.0,15.26145833333333,19.3,10.9
2021-07-18,0.0,15.966666666666665,20.5,11.7
2021-07-19,0.0,16.13090277777778,21.7,10.9
2021-07-20,0.0,16.53472222222222,22.9,10.9
2021-07-21,0.0,16.94097222222222,22.8,13.2
2021-07-22,0.0,17.592361111111114,24.1,11.7
2021-07-23,0.0,17.40173611111111,22.3,14.4
2021-07-24,0.0,17.834027777777777,24.4,13.2
2021-07-25,0.0,15.813888888888888,21.1,9.8
2021-07-26,0.0,16.25277777777778,22.5,11.9
2021-07-27,0.0,16.33784722222222,21.9,10.4
2021-07-28,0.0,14.886458333333334,18.6,11.3
2021-07-29,0.0,14.774305555555555,17.6,12.0
2021-07-30,0.0,14.969791666666664,20.9,9.7
2021-07-31,0.068,16.004166666666666,23.5,7.4
2021-08-01,0.0,16.22951388888889,22.2,9.0
2021-08-02,0.0,16.509027777777778,22.4,10.9
2021-08-03,0.0,15.86076388888889,21.8,9.8
2021-08-04,0.0,15.369791666666666,19.5,10.1
2021-08-05,0.0,17.261111111111113,24.3,11.0
2021-08-06,0.0,15.705555555555556,19.7,10.9
2021-08-07,0.0,16.915972222222223,23.7,11.8
2021-08-08,0.0,16.712152777777774,21.7,12.9
2021-08-09,0.085,17.115972222222222,25.7,11.1
2021-08-10,0.595,16.880208333333332,26.4,9.4
2021-08-11,0.0,15.221527777777775,17.9,13.7
2021-08-12,0.0,15.650000000000002,19.9,10.8
2021-08-13,0.085,15.970138888888888,22.4,10.0
2021-08-14,0.0,16.506597222222222,20.7,11.9
2021-08-15,0.0,16.642708333333335,22.4,11.8
2021-08-16,0.0,16.099305555555556,20.3,12.6
2021-08-17,0.0,17.244791666666668,23.9,12.4
2021-08-18,0.0,15.945486111111112,21.5,11.4
2021-08-19,0.085,17.797916666666666,24.6,11.2
2021-08-20,0.0,17.85451388888889,24.0,13.1
2021-08-21,0.0,19.19027777777778,27.0,13.8
2021-08-22,0.0,19.311458333333334,26.3,12.4
2021-08-23,0.0,18.172222222222224,25.3,11.3
2021-08-24,0.068,17.68993055555556,25.0,9.2
2021-08-25,0.0,17.722569444444446,24.6,11.6
2021-08-26,0.0,17.361458333333335,25.2,10.4
2021-08-27,0.0,18.103819444444444,27.0,8.6
2021-08-28,0.0,18.851736111111112,27.8,9.6
2021-08-29,0.0,20.125347222222224,30.0,9.7
2021-08-30,0.0,19.164583333333333,26.8,11.2
2021-08-31,0.0,18.728472222222223,25.1,13.4
2021-09-01,0.0,18.427430555555556,23.9,12.9
2021-09-02,0.0,17.77777777777778,22.9,13.5
2021-09-03,0.0,16.916319444444444,20.8,14.3
2021-09-04,0.0,16.369791666666668,21.5,11.5
2021-09-05,0.0,16.96840277777778,22.8,12.8
2021-09-06,0.0,17.097569444444446,22.3,12.8
2021-09-07,0.0,16.974652777777777,23.6,12.9
2021-09-08,0.0,18.738888888888887,25.4,13.2
2021-09-09,0.0,17.851388888888888,23.2,14.6
2021-09-10,0.0,16.95729166666667,23.5,10.5
2021-09-11,0.0,16.490972222222222,22.2,10.0
2021-09-12,0.0,18.015972222222224,25.8,13.5
2021-09-13,0.034,17.572222222222223,24.5,12.3
2021-09-14,0.0,17.569444444444443,25.2,12.6
2021-09-15,0.0,19.02951388888889,26.4,13.3
2021-09-16,0.034,18.073958333333334,25.3,13.3
2021-09-17,0.11900000000000001,19.46458333333333,28.2,11.2
2021-09-18,0.0,19.468055555555555,26.4,12.0
2021-09-19,0.017,19.35,27.4,10.8
2021-09-20,0.0,18.330555555555556,26.0,11.7
2021-09-21,0.085,17.825347222222224,24.0,11.5
2021-09-22,0.0,19.03611111111111,25.9,14.1
2021-09-23,0.051000000000000004,18.424305555555556,24.5,14.2
2021-09-24,0.0,18.345138888888886,25.0,13.8
2021-09-25,0.0,18.92951388888889,24.9,13.2
2021-09-26,0.0,18.547222222222224,25.0,12.3
2021-09-27,0.068,19.12777777777778,27.7,10.8
2021-09-28,0.0,19.441319444444446,28.0,11.6
2021-09-29,0.068,20.19236111111111,28.9,11.3
2021-09-30,0.0,19.949305555555554,26.4,15.8
2021-10-01,0.0,19.27152777777778,26.0,13.2
2021-10-02,0.034,19.55625,27.5,12.4
2021-10-03,8.348,19.008333333333333,27.7,11.7
2021-10-04,4.285,19.103819444444444,29.1,12.7
2021-10-05,0.0,19.557291666666668,27.5,12.7
2021-10-06,0.0,19.575694444444448,27.8,12.1
2021-10-07,0.017,20.144444444444446,29.0,11.2
2021-10-08,0.0,20.250694444444445,27.0,15.0
2021-10-09,0.0,18.28298611111111,22.6,14.9
2021-10-10,0.0,19.10694444444444,26.4,13.5
2021-10-11,0.0,17.830208333333335,23.5,12.3
2021-10-12,0.017,18.910069444444446,26.6,11.3
2021-10-13,0.017,17.890625,22.5,12.2
2021-10-14,0.0,20.03125,26.7,12.6
2021-10-15,0.0,20.27152777777778,26.9,14.0
2021-10-16,0.10200000000000001,19.931597222222223,27.2,14.1
2021-10-17,0.221,19.931944444444444,27.8,12.4
2021-10-18,0.017,20.381249999999998,27.4,13.4
2021-10-19,0.0,20.13819444444444,25.6,14.6
2021-10-20,0.0,19.37361111111111,25.1,14.9
2021-10-21,0.0,19.30902777777778,25.0,13.6
2021-10-22,0.0,19.924652777777776,27.8,12.7
2021-10-23,0.0,21.341666666666665,28.5,13.1
2021-10-24,0.0,21.415277777777778,29.0,14.3
2021-10-25,0.051000000000000004,20.959027777777777,28.2,14.6
2021-10-26,0.034,20.65347222222222,27.4,14.7
2021-10-27,0.0,19.177083333333332,26.6,12.8
2021-10-28,0.068,19.896180555555553,27.2,11.1
2021-10-29,0.0,20.54201388888889,28.1,12.7
2021-10-30,1.4620000000000002,20.114583333333332,26.1,15.6
2021-10-31,0.0,21.174999999999997,28.0,14.7
2021-11-01,0.0,21.267013888888886,27.8,15.8
2021-11-02,0.0,20.485416666666666,27.5,14.3
2021-11-03,0.034,20.488541666666666,28.1,15.0
2021-11-04,0.051000000000000004,21.085069444444443,27.9,14.4
2021-11-05,0.0,20.52951388888889,27.6,15.6
2021-11-06,0.034,20.73680555555556,27.6,14.7
2021-11-07,0.051000000000000004,21.160069444444446,28.8,13.6
2021-11-08,0.085,20.336805555555557,28.1,12.4
2021-11-09,0.068,21.40138888888889,28.6,12.9
2021-11-10,0.017,19.58888888888889,27.9,15.7
2021-11-11,0.0,20.160069444444446,26.9,14.1
2021-11-12,0.034,20.400000000000002,27.4,12.6
2021-11-13,0.017,20.330208333333335,26.7,15.3
2021-11-14,0.017,19.805555555555557,27.0,14.2
2021-11-15,0.051000000000000004,20.072916666666668,26.2,14.0
2021-11-16,0.034,20.389236111111114,26.6,14.9
2021-11-17,0.051000000000000004,20.267708333333335,27.1,13.8
2021-11-18,0.017,20.65625,27.6,14.6
2021-11-19,0.0,21.359722222222224,28.0,16.1
2021-11-20,0.357,20.42395833333333,28.1,15.5
2021-11-21,6.141,19.993750000000002,27.0,16.2
2021-11-22,1.4449999999999998,19.951041666666665,26.3,15.4
2021-11-23,0.051000000000000004,20.960416666666667,28.1,14.6
2021-11-24,0.0,21.712499999999995,28.6,15.0
2021-11-25,0.068,21.372222222222224,28.9,15.9
2021-11-26,14.819,20.525000000000002,27.2,15.6
2021-11-27,16.016000000000002,18.502430555555556,23.6,14.6
2021-11-28,13.046,18.775347222222223,24.1,13.0
2021-11-29,6.189,18.593055555555555,24.0,15.5
2021-11-30,50.943000000000005,17.13888888888889,22.1,13.3
2021-12-01,5.5760000000000005,18.640625,23.9,14.6
2021-12-02,12.112,17.140625,21.2,14.9
2021-12-03,9.523000000000001,17.58229166666667,21.6,14.6
2021-12-04,5.274,17.48715277777778,22.2,14.5
2021-12-05,1.8880000000000003,17.720833333333335,22.7,14.8
2021-12-06,0.28900000000000003,18.384027777777778,23.2,15.2
2021-12-07,0.11900000000000001,18.796527777777776,23.8,15.0
2021-12-08,0.051000000000000004,19.297222222222224,24.5,15.7
2021-12-09,0.748,18.904166666666665,24.1,15.6
2021-12-10,0.085,18.71388888888889,23.3,15.1
2021-12-11,0.15300000000000002,18.40138888888889,23.6,14.0
2021-12-12,0.068,18.178472222222222,22.2,13.9
2021-12-13,0.11900000000000001,18.29895833333333,22.9,15.9
2021-12-14,0.051000000000000004,17.984722222222224,22.8,15.7
2021-12-15,0.663,18.140972222222224,23.1,15.4
2021-12-16,8.891,17.727777777777778,23.4,14.6
2021-12-17,3.2489999999999997,17.686111111111114,22.4,15.0
2021-12-18,7.8629999999999995,19.02326388888889,24.0,14.7
2021-12-19,4.438,18.849305555555556,23.9,15.6
2021-12-20,12.748000000000001,18.701041666666665,23.2,16.2
2021-12-21,15.921000000000001,17.835763888888888,21.8,14.9
2021-12-22,10.432,17.49513888888889,21.4,14.3
2021-12-23,3.42,18.50486111111111,22.5,15.7
2021-12-24,0.697,19.097569444444446,23.8,14.3
2021-12-25,22.689,18.064583333333335,23.1,15.6
2021-12-26,2.738,18.143055555555556,22.9,15.3
2021-12-27,0.51,18.365624999999998,22.8,14.7
2021-12-28,1.7009999999999998,17.984027777777776,23.6,14.4
2021-12-29,0.17,19.05104166666667,24.0,15.0
2021-12-30,0.17000000000000004,18.957291666666666,23.9,14.1
2021-12-31,0.255,18.033680555555556,23.3,13.4
2022-01-01,0.17000000000000004,18.521180555555556,23.8,12.8
2022-01-02,0.085,18.905555555555555,23.8,13.6
2022-01-03,0.30600000000000005,18.234375,23.8,12.2
2022-01-04,0.20400000000000001,18.616666666666667,24.9,11.3
2022-01-05,0.22100000000000003,18.368402777777778,23.9,13.2
2022-01-06,0.085,18.482291666666665,23.8,14.2
2022-01-07,0.11900000000000001,19.174999999999997,24.2,15.1
2022-01-08,0.23800000000000002,18.50625,24.1,12.6
2022-01-09,0.20400000000000001,18.204166666666666,24.2,12.0
2022-01-10,0.20400000000000001,18.590625,25.5,10.8
2022-01-11,0.187,18.289930555555557,23.9,13.4
2022-01-12,0.068,18.342361111111114,23.7,13.4
2022-01-13,0.0,19.156597222222224,25.8,11.9
2022-01-14,0.0,19.57986111111111,26.5,11.9
2022-01-15,0.034,18.72951388888889,25.9,13.5
2022-01-16,0.085,19.848958333333332,25.9,13.0
2022-01-17,3.876,17.7625,23.3,15.1
2022-01-18,0.0,18.596180555555556,24.8,15.2
2022-01-19,0.0,19.007291666666667,24.5,15.1
2022-01-20,0.0,19.98020833333333,26.5,13.6
2022-01-21,2.5519999999999996,18.780555555555555,23.8,15.9
2022-01-22,0.0,19.28923611111111,25.4,14.2
2022-01-23,0.0,19.048263888888886,25.0,13.1
2022-01-24,0.0,20.131597222222222,24.9,14.7
2022-01-25,0.0,19.708680555555556,25.1,14.8
2022-01-26,0.0,18.521527777777777,25.8,12.5
2022-01-27,0.0,19.0125,25.3,13.8
2022-01-28,0.051000000000000004,20.453125,27.3,12.0
2022-01-29,0.0,19.539236111111112,26.6,14.0
2022-01-30,0.068,19.704166666666666,25.7,12.8
2022-01-31,0.0,20.337152777777778,25.9,15.4
2022-02-01,0.0,20.74583333333333,25.8,16.3
2022-02-02,0.0,20.831944444444446,26.4,15.6
2022-02-03,0.0,19.156597222222224,24.5,14.5
2022-02-04,0.085,19.906597222222224,26.6,13.6
2022-02-05,7.1419999999999995,20.303819444444443,28.5,13.2
2022-02-06,3.6759999999999997,21.248611111111114,28.2,16.3
2022-02-07,23.108000000000004,19.311111111111114,25.8,15.4
2022-02-08,0.068,19.188541666666666,25.5,14.2
2022-02-09,0.0,19.128819444444446,25.5,13.1
2022-02-10,0.0,20.196527777777778,26.7,11.9
2022-02-11,0.0,20.303819444444443,26.6,13.2
2022-02-12,0.0,20.506597222222222,26.5,14.4
2022-02-13,0.0,21.149652777777778,27.9,14.5
2022-02-14,0.0,20.96736111111111,28.1,13.8
2022-02-15,0.0,20.09548611111111,27.2,14.8
2022-02-16,0.0,21.37951388888889,28.6,14.6
2022-02-17,0.0,21.964930555555554,29.8,13.9
2022-02-18,13.535,20.712152777777774,27.2,14.9
2022-02-19,0.085,20.88993055555555,27.8,15.6
2022-02-20,0.391,20.897222222222226,28.6,15.1
2022-02-21,0.017,19.932291666666668,27.2,14.4
2022-02-22,37.406000000000006,18.130555555555556,25.7,15.4
2022-02-23,13.065,18.72222222222222,25.7,15.2
2022-02-24,0.068,18.735763888888886,22.4,15.2
2022-02-25,0.051000000000000004,19.057291666666668,24.0,14.8
2022-02-26,0.10200000000000001,19.876041666666666,27.1,13.4
2022-02-27,0.068,20.774305555555557,27.7,14.0
2022-02-28,0.068,20.830555555555556,27.1,13.7
2022-03-01,0.034,20.472569444444442,26.2,14.7
2022-03-02,0.034,19.498958333333334,25.9,13.7
2022-03-03,0.0,20.986458333333335,26.8,13.0
2022-03-04,0.0,20.547916666666666,27.0,13.1
2022-03-05,0.0,20.360763888888886,27.6,13.1
2022-03-06,0.034,20.31840277777778,27.5,13.4
2022-03-07,0.0,20.460763888888888,27.3,13.4
2022-03-08,0.017,20.961805555555557,27.7,14.4
2022-03-09,0.034,20.805902777777778,28.2,13.8
2022-03-10,0.017,20.766666666666666,27.9,14.3
2022-03-11,0.0,21.27847222222222,28.0,13.9
2022-03-12,0.068,21.068055555555556,28.4,13.4
2022-03-13,0.0,21.948958333333334,29.9,13.3
2022-03-14,0.0,21.702083333333334,29.6,13.7
2022-03-15,0.0,22.195833333333333,29.5,13.6
2022-03-16,0.0,22.428124999999998,29.6,15.3
2022-03-17,0.034,21.614930555555556,29.7,15.5
2022-03-18,0.10200000000000001,20.51284722222222,27.9,13.4
2022-03-19,0.085,21.510416666666668,28.9,13.9
2022-03-20,0.0,22.02986111111111,29.1,13.5
2022-03-21,0.034,21.688541666666666,28.1,15.7
2022-03-22,0.0,21.182291666666668,27.9,15.3
2022-03-23,0.068,21.620486111111113,29.0,13.9
2022-03-24,0.017,21.691319444444442,28.1,15.4
2022-03-25,3.708,21.507986111111112,29.9,15.3
2022-03-26,0.884,20.828125,26.8,15.2
2022-03-27,19.268,20.401736111111113,26.5,15.8
2022-03-28,22.182000000000002,19.911458333333332,25.9,15.1
2022-03-29,8.212,20.193055555555556,25.7,16.1
2022-03-30,0.068,19.202083333333334,24.1,14.9
2022-03-31,0.0,19.907638888888886,25.0,16.0
2022-04-01,0.17,18.671527777777776,22.8,15.9
2022-04-02,1.4969999999999999,19.33958333333333,24.7,16.1
2022-04-03,0.034,19.289236111111112,24.8,15.6
2022-04-04,0.085,20.221874999999997,26.0,14.8
2022-04-05,0.034,20.782291666666666,26.5,15.8
2022-04-06,0.051000000000000004,20.643749999999997,26.5,16.1
2022-04-07,0.034,20.299652777777776,25.9,15.6
2022-04-08,0.051000000000000004,19.959375,25.9,15.1
2022-04-09,0.051000000000000004,19.98263888888889,26.2,14.6
2022-04-10,0.10200000000000001,19.968402777777776,25.3,14.5
2022-04-11,0.068,20.231250000000003,25.9,14.5
2022-04-12,0.085,20.627430555555556,27.4,13.8
2022-04-13,0.068,21.07743055555555,27.9,16.1
2022-04-14,0.085,21.141666666666666,27.0,16.1
2022-04-15,0.034,20.65868055555556,26.3,15.7
2022-04-16,0.051000000000000004,21.268749999999997,27.6,14.8
2022-04-17,2.0410000000000004,20.15277777777778,27.3,13.7
2022-04-18,0.0,21.066319444444446,27.4,16.3
2022-04-19,2.2800000000000002,20.712152777777778,27.8,15.1
2022-04-20,29.252999999999997,18.64375,24.3,13.9
2022-04-21,0.017,19.92118055555555,25.5,16.4
2022-04-22,8.823,18.642708333333335,24.5,16.5
2022-04-23,0.6630000000000001,18.877083333333335,23.9,16.1
2022-04-24,1.02,18.928819444444443,23.9,15.7
2022-04-25,0.017,19.313888888888886,25.0,15.9
2022-04-26,0.017,19.97951388888889,25.5,15.7
2022-04-27,0.034,19.994791666666668,25.5,16.3
2022-04-28,15.873999999999999,18.33125,22.8,15.7
2022-04-29,0.8670000000000001,18.881597222222222,23.9,15.5
2022-04-30,0.136,19.147916666666667,24.7,15.0
2022-05-01,3.3859999999999997,18.84027777777778,24.3,15.4
2022-05-02,0.0,19.512500000000003,24.9,16.0
2022-05-03,2.586,17.993055555555557,23.0,14.5
2022-05-04,0.187,18.196875,23.4,13.0
2022-05-05,0.306,18.38576388888889,21.3,15.3
2022-05-06,0.0,18.462847222222223,23.5,14.5
2022-05-07,0.017,18.896875,23.8,14.9
2022-05-08,0.0,19.45659722222222,26.0,14.8
2022-05-09,0.017,19.807291666666668,26.3,14.9
2022-05-10,0.085,19.26284722222222,26.9,14.3
2022-05-11,0.0,19.835069444444443,26.3,15.0
2022-05-12,0.0,19.109722222222224,26.4,13.9
2022-05-13,0.10200000000000001,19.068055555555556,26.4,12.2
2022-05-14,0.0,19.70381944444445,26.9,14.6
2022-05-15,0.0,19.05972222222222,26.5,13.4
2022-05-16,0.0,18.031597222222224,24.0,13.2
2022-05-17,0.034,17.85763888888889,24.5,12.6
2022-05-18,0.017,17.634375,24.1,12.6
2022-05-19,0.034,17.692708333333332,24.6,11.8
2022-05-20,0.0,19.278819444444444,26.7,14.3
2022-05-21,0.034,19.364583333333332,26.3,14.5
2022-05-22,0.034,20.160069444444446,27.6,14.8
2022-05-23,0.0,21.04340277777778,29.0,13.8
2022-05-24,0.0,19.788541666666667,26.4,12.7
2022-05-25,0.10200000000000001,20.097916666666666,26.3,14.1
2022-05-26,0.017,19.337847222222223,25.9,15.3
2022-05-27,4.695,19.015972222222224,24.5,15.5
2022-05-28,0.017,18.731597222222224,25.0,15.2
2022-05-29,0.051000000000000004,18.59027777777778,24.7,14.7
2022-05-30,0.0,18.48263888888889,23.1,14.9
2022-05-31,0.0,18.188888888888886,23.9,14.4
2022-06-01,0.0,18.70902777777778,24.9,14.8
2022-06-02,0.0,17.598958333333332,23.8,12.1
2022-06-03,0.0,16.944791666666667,23.3,11.6
2022-06-04,0.085,17.55902777777778,24.7,11.4
2022-06-05,0.10200000000000001,18.15451388888889,26.0,9.6
2022-06-06,0.0,17.515972222222224,23.7,14.4
2022-06-07,0.0,17.779861111111114,22.9,14.2
2022-06-08,0.0,18.09027777777778,24.8,12.9
2022-06-09,0.034,16.91840277777778,23.3,11.8
2022-06-10,0.0,17.99895833333333,23.9,12.9
2022-06-11,0.0,18.38715277777778,23.1,14.7
2022-06-12,0.0,17.570833333333333,22.7,14.0
2022-06-13,0.0,17.475,21.1,14.4
2022-06-14,0.0,18.439583333333335,26.0,12.5
2022-06-15,0.0,17.993402777777778,24.1,13.0
2022-06-16,0.10200000000000001,18.32638888888889,25.5,11.4
2022-06-17,0.0,17.732291666666665,23.6,12.9
2022-06-18,0.0,17.765625,24.3,12.5
2022-06-19,0.0,17.29861111111111,21.2,13.7
2022-06-20,0.0,16.839930555555554,23.1,11.4
2022-06-21,0.0,17.371875,24.5,10.9
2022-06-22,0.0,17.235069444444445,22.2,13.2
2022-06-23,0.0,17.314930555555556,21.6,14.3
2022-06-24,0.30600000000000005,16.18506944444444,18.9,13.4
2022-06-25,0.0,17.55798611111111,22.2,14.3
2022-06-26,0.0,16.993402777777778,21.2,14.2
2022-06-27,0.0,16.387847222222224,20.7,11.5
2022-06-28,0.0,15.455555555555557,19.3,10.4
2022-06-29,0.0,15.077430555555557,19.9,10.0
2022-06-30,0.0,16.693749999999998,23.5,11.2
2022-07-01,0.0,15.33958333333333,19.5,11.3
2022-07-02,0.0,17.08298611111111,23.7,12.5
2022-07-03,0.0,17.345833333333335,23.9,11.2
2022-07-04,0.017,16.937152777777776,23.6,10.7
2022-07-05,0.0,16.287847222222222,21.7,11.9
2022-07-06,0.0,17.29513888888889,23.2,11.7
2022-07-07,0.017,15.617361111111109,19.8,11.2
2022-07-08,0.0,15.403472222222225,18.0,13.1
2022-07-09,0.0,15.901041666666664,19.6,13.1
2022-07-10,0.0,16.404166666666665,20.9,13.2
2022-07-11,0.17,17.078819444444445,23.8,12.8
2022-07-12,0.051000000000000004,15.247569444444443,18.1,13.1
2022-07-13,0.017,17.24722222222222,23.8,10.2
2022-07-14,0.0,17.603819444444447,23.1,12.0
2022-07-15,0.0,17.55625,22.9,12.9
2022-07-16,0.0,16.632291666666667,21.8,12.2
2022-07-17,0.017,15.928819444444445,19.0,11.6
2022-07-18,0.0,16.856250000000003,21.0,13.2
2022-07-19,0.0,15.891319444444447,21.9,12.5
2022-07-20,0.987,15.664236111111112,22.0,11.8
2022-07-21,0.0,16.676388888888887,21.9,12.0
2022-07-22,0.0,15.510069444444447,21.7,12.8
2022-07-23,0.0,15.981944444444444,23.1,11.2
2022-07-24,0.0,16.805902777777778,22.9,11.4
2022-07-25,0.0,16.765972222222224,23.1,11.2
2022-07-26,0.0,16.771875,23.0,10.4
2022-07-27,0.0,16.851041666666667,23.3,10.8
2022-07-28,0.0,16.945138888888888,22.0,14.1
2022-07-29,0.306,17.15902777777778,22.7,13.7
2022-07-30,0.0,16.19236111111111,20.0,13.4
2022-07-31,0.0,17.17361111111111,22.5,14.1
2022-08-01,0.0,15.757986111111112,18.0,14.3
2022-08-02,0.0,15.182291666666666,17.9,13.0
2022-08-03,0.0,16.336805555555557,20.2,12.5
2022-08-04,0.17,15.432291666666666,19.5,13.2
2022-08-05,0.0,15.098263888888887,20.1,9.5
2022-08-06,0.0,15.586805555555555,22.4,9.3
2022-08-07,0.034,14.728124999999999,19.6,9.1
2022-08-08,0.0,15.331250000000002,20.8,10.6
2022-08-09,0.0,16.464583333333334,22.3,11.7
2022-08-10,0.0,17.20798611111111,23.3,13.2
2022-08-11,0.0,16.319097222222222,21.3,13.0
2022-08-12,0.0,16.25486111111111,20.4,13.0
2022-08-13,0.0,15.662499999999998,20.6,11.9
2022-08-14,0.017,16.103125000000002,20.0,11.9
2022-08-15,0.0,17.645138888888887,22.7,14.7
2022-08-16,0.0,18.219097222222224,24.1,13.4
2022-08-17,0.0,16.15451388888889,22.0,10.5
2022-08-18,0.051000000000000004,16.46875,24.7,7.9
2022-08-19,0.085,17.930555555555557,26.1,9.0
2022-08-20,0.0,19.132986111111112,27.3,9.5
2022-08-21,0.0,18.647569444444443,27.0,10.1
2022-08-22,0.017,16.863194444444442,23.8,10.4
2022-08-23,0.0,15.786805555555556,20.8,10.4
2022-08-24,0.0,16.136458333333334,21.6,9.3
2022-08-25,0.0,16.371180555555554,19.9,11.9
2022-08-26,0.0,17.013541666666665,22.6,13.9
2022-08-27,0.085,15.782291666666667,19.0,13.7
2022-08-28,0.0,16.45034722222222,19.8,12.3
2022-08-29,0.0,17.994444444444447,25.2,10.2
2022-08-30,0.0,18.343402777777776,26.6,10.8
2022-08-31,0.0,16.196874999999995,20.6,11.4
2022-09-01,0.0,17.447222222222223,24.4,11.7
2022-09-02,0.0,15.19652777777778,18.6,11.8
2022-09-03,0.0,16.331249999999997,22.5,11.5
2022-09-04,0.068,17.15277777777778,24.8,10.5
2022-09-05,0.0,18.697222222222223,26.2,11.9
2022-09-06,3.164,17.698958333333334,25.2,13.8
2022-09-07,0.612,15.952430555555557,18.7,13.4
2022-09-08,0.0,16.098958333333332,19.7,11.6
2022-09-09,0.0,16.273958333333333,20.7,11.7
2022-09-10,0.0,17.415972222222223,25.0,10.8
2022-09-11,0.0,18.334375,25.4,13.6
2022-09-12,0.0,17.999305555555555,24.1,12.9
2022-09-13,0.034,17.030902777777776,22.2,12.5
2022-09-14,0.0,17.074305555555554,22.7,11.8
2022-09-15,0.0,16.79826388888889,22.0,12.8
2022-09-16,0.0,17.922569444444445,24.0,13.8
2022-09-17,0.0,17.381944444444443,22.4,12.2
2022-09-18,0.0,17.224305555555553,23.5,12.1
2022-09-19,0.0,19.539583333333333,26.8,14.2
2022-09-20,0.0,18.48784722222222,25.6,12.8
2022-09-21,0.0,18.923958333333335,26.1,12.8
2022-09-22,0.017,18.566319444444446,25.4,12.6
2022-09-23,0.034,18.66736111111111,26.3,11.2
2022-09-24,0.034,18.61145833333333,26.6,10.6
2022-09-25,0.034,18.706944444444446,25.0,12.2
2022-09-26,0.0,18.85451388888889,25.3,13.0
2022-09-27,0.0,18.164236111111112,25.5,11.1
2022-09-28,0.017,18.70763888888889,26.2,11.8
2022-09-29,0.0,18.900694444444444,26.5,11.3
2022-09-30,0.0,18.483680555555555,25.1,14.5
2022-10-01,0.272,18.633680555555557,27.1,13.7
2022-10-02,0.0,19.48611111111111,27.2,12.7
2022-10-03,0.0,19.087152777777778,27.1,12.3
2022-10-04,0.034,18.848958333333332,27.1,11.9
2022-10-05,0.0,19.060416666666665,26.6,13.7
2022-10-06,0.0,18.341666666666665,25.3,13.9
2022-10-07,0.0,18.804513888888888,25.0,12.6
2022-10-08,0.0,18.388541666666665,26.1,11.4
2022-10-09,0.0,18.463194444444444,25.2,13.0
2022-10-10,0.0,18.850000000000005,25.0,12.1
2022-10-11,0.0,18.195833333333333,25.2,10.8
2022-10-12,0.0,18.622569444444444,27.2,10.1
2022-10-13,0.0,18.772569444444443,26.6,11.7
2022-10-14,0.0,18.470138888888886,26.5,11.1
2022-10-15,0.0,18.731597222222224,26.5,10.4
2022-10-16,0.0,19.85798611111111,26.6,12.8
2022-10-17,0.0,20.408333333333335,26.8,14.2
2022-10-18,0.0,19.64513888888889,25.7,15.4
2022-10-19,0.0,19.417361111111113,26.1,13.8
2022-10-20,0.0,18.77361111111111,26.1,12.5
2022-10-21,0.0,19.460069444444443,26.8,13.4
2022-10-22,0.0,19.70659722222222,27.4,12.5
2022-10-23,0.017,20.12777777777778,26.6,13.5
2022-10-24,0.10200000000000001,20.997916666666665,27.9,14.1
2022-10-25,0.034,21.078472222222224,27.6,14.7
2022-10-26,0.0,20.570833333333333,26.6,14.8
2022-10-27,0.068,20.264583333333334,26.7,14.3
2022-10-28,0.11900000000000001,20.708333333333332,27.7,14.5
2022-10-29,0.0,20.74409722222222,27.3,15.3
2022-10-30,0.0,19.87986111111111,25.9,14.8
2022-10-31,0.0,20.00625,26.2,15.5
2022-11-01,11.595,18.94722222222222,24.6,16.4
2022-11-02,10.292,19.081249999999997,24.1,16.1
2022-11-03,1.8530000000000002,18.087500000000002,22.8,14.9
2022-11-04,0.0,19.730555555555554,26.1,14.9
2022-11-05,0.0,20.10173611111111,26.2,14.4
2022-11-06,0.0,19.57569444444444,25.6,15.5
2022-11-07,0.085,19.62673611111111,25.3,15.9
2022-11-08,0.0,19.76736111111111,25.9,15.3
2022-11-09,0.0,20.072916666666664,26.1,15.2
2022-11-10,0.0,20.33263888888889,26.2,15.9
2022-11-11,0.0,19.741319444444443,25.4,16.3
2022-11-12,0.28900000000000003,18.43402777777778,23.0,15.3
2022-11-13,0.0,19.32048611111111,24.5,14.8
2022-11-14,1.1900000000000002,18.75451388888889,23.6,16.3
2022-11-15,1.649,18.241319444444443,23.6,16.1
2022-11-16,3.4850000000000003,17.39826388888889,21.9,14.8
2022-11-17,1.496,17.279861111111114,21.2,14.4
2022-11-18,0.0,18.88611111111111,25.5,14.8
2022-11-19,0.0,18.836458333333333,24.0,15.4
2022-11-20,0.034,19.041666666666668,25.0,14.4
2022-11-21,6.328,19.249652777777776,25.3,13.9
2022-11-22,0.255,18.894444444444446,25.2,15.7
2022-11-23,21.509,18.224305555555556,24.3,13.9
2022-11-24,1.8889999999999998,17.803472222222222,22.4,14.0
2022-11-25,0.051000000000000004,18.02048611111111,22.8,14.8
2022-11-26,0.136,18.29201388888889,23.8,14.4
2022-11-27,0.11900000000000001,18.970138888888886,24.7,14.1
2022-11-28,0.017,18.526041666666668,24.2,15.0
2022-11-29,5.039,17.437152777777776,23.1,14.9
2022-11-30,4.082000000000001,17.44965277777778,23.0,15.0
2022-12-01,0.10200000000000001,18.16736111111111,23.9,14.6
2022-12-02,0.15300000000000002,18.774305555555557,24.8,13.1
2022-12-03,0.663,18.63715277777778,24.3,15.3
2022-12-04,11.003,18.01145833333333,22.0,14.7
2022-12-05,0.0,18.702083333333334,23.7,15.7
2022-12-06,0.10200000000000001,19.541666666666668,24.7,15.7
2022-12-07,1.191,19.531597222222224,24.6,16.2
2022-12-08,0.0,19.595833333333335,24.6,16.1
2022-12-09,0.085,18.630208333333332,25.7,14.9
2022-12-10,0.051000000000000004,18.79236111111111,24.5,15.2
2022-12-11,0.085,19.497916666666665,25.5,15.0
2022-12-12,3.369,17.421180555555555,21.1,15.3
2022-12-13,1.343,17.182986111111113,23.0,13.7
2022-12-14,0.17,18.465625000000003,23.9,13.1
2022-12-15,0.15300000000000002,18.757638888888888,24.7,13.8
2022-12-16,0.085,19.440624999999997,25.2,14.3
2022-12-17,0.187,19.58263888888889,25.9,14.3
2022-12-18,0.068,19.653819444444448,25.5,14.6
2022-12-19,0.10200000000000001,19.766666666666666,26.6,13.7
2022-12-20,0.0,20.132291666666667,26.2,15.0
2022-12-21,0.0,20.209027777777777,26.3,14.5
2022-12-22,0.0,19.914930555555557,25.4,15.4
2022-12-23,0.10200000000000001,19.373958333333334,26.0,14.6
2022-12-24,17.526,19.91840277777778,26.0,13.6
2022-12-25,0.068,19.94236111111111,26.1,14.9
2022-12-26,0.017,20.22048611111111,26.2,14.0
2022-12-27,0.0,18.64236111111111,23.7,15.6
2022-12-28,0.017,19.271527777777777,24.7,14.5
2022-12-29,0.0,18.877777777777776,24.6,14.1
2022-12-30,0.0,18.59791666666667,24.4,13.3
2022-12-31,0.0,18.67118055555555,25.2,12.3
2023-01-01,0.0,19.143402777777776,25.4,13.6
2023-01-02,0.28900000000000003,18.136805555555554,23.6,13.7
2023-01-03,10.751999999999999,16.839583333333334,21.2,15.1
2023-01-04,4.5089999999999995,16.712847222222223,19.6,14.4
2023-01-05,0.068,17.647569444444443,22.7,13.1
2023-01-06,0.0,19.685069444444444,25.3,12.7
2023-01-07,0.0,19.654861111111114,25.4,13.4
2023-01-08,0.068,19.05173611111111,25.5,13.2
2023-01-09,0.051000000000000004,19.506597222222226,25.1,15.7
2023-01-10,0.017,19.211111111111116,24.5,14.9
2023-01-11,0.034,19.270138888888887,25.0,13.2
2023-01-12,0.068,19.749652777777776,26.1,13.4
2023-01-13,0.0,19.483680555555555,25.9,12.5
2023-01-14,0.0,19.421180555555555,25.4,13.2
2023-01-15,0.0,19.928125,25.9,13.1
2023-01-16,0.0,19.581944444444446,25.6,12.7
2023-01-17,0.0,19.57013888888889,25.8,13.4
2023-01-18,0.0,21.50836236933798,28.2,12.2
2023-01-19,0.0,21.378124999999997,28.1,14.2
2023-01-20,0.0,21.22048611111111,27.5,14.3
2023-01-21,0.0,21.18923611111111,27.4,13.9
2023-01-22,0.0,20.40277777777778,25.5,15.4
2023-01-23,0.0,19.992013888888888,25.6,15.9
2023-01-24,0.0,20.12951388888889,26.2,14.6
2023-01-25,0.0,20.920833333333334,27.3,14.5
2023-01-26,0.0,21.852083333333333,28.6,14.9
2023-01-27,0.0,19.97361111111111,26.4,14.2
2023-01-28,0.017,20.288194444444443,27.1,12.2
2023-01-29,0.0,20.66979166666667,27.5,12.8
2023-01-30,0.0,20.248611111111114,27.2,12.2
2023-01-31,0.0,20.561458333333334,27.8,12.7
2023-02-01,0.0,21.933333333333337,29.1,14.6
2023-02-02,0.0,21.889930555555555,28.8,14.7
2023-02-03,0.017,22.287499999999998,29.3,14.2
2023-02-04,0.0,22.19826388888889,29.6,14.0
2023-02-05,0.0,22.48090277777778,28.9,14.6
2023-02-06,0.0,22.15347222222222,29.9,14.2
2023-02-07,0.0,21.739583333333332,29.1,13.6
2023-02-08,0.0,21.069444444444443,27.4,15.0
2023-02-09,0.0,20.98888888888889,27.9,13.9
2023-02-10,0.0,22.419791666666665,29.4,14.2
2023-02-11,0.0,21.640625,28.4,14.9
2023-02-12,0.0,21.25486111111111,27.6,15.1
2023-02-13,0.0,20.962847222222223,28.1,12.4
2023-02-14,0.0,20.91076388888889,27.5,13.9
2023-02-15,0.0,21.657638888888886,28.3,14.2
2023-02-16,0.0,21.764583333333334,28.1,14.1
2023-02-17,0.0,20.916666666666668,27.8,14.0
2023-02-18,0.0,20.627777777777776,26.2,14.7
2023-02-19,0.0,21.43263888888889,27.6,16.1
2023-02-20,0.0,21.16979166666667,27.5,14.7
2023-02-21,0.0,21.02708333333333,27.5,13.7
2023-02-22,0.0,21.158333333333335,27.9,13.9
2023-02-23,0.0,20.93472222222222,28.6,14.6
2023-02-24,0.0,22.16840277777778,28.4,16.4
2023-02-25,0.0,21.51493055555555,27.7,15.3
2023-02-26,0.0,21.48090277777778,27.7,14.9
2023-02-27,0.0,19.936111111111114,25.6,14.7
2023-02-28,0.0,20.612499999999997,26.9,14.8
2023-03-01,0.0,21.825000000000003,28.5,14.4
2023-03-02,0.0,21.90763888888889,28.7,14.6
2023-03-03,0.0,22.364583333333332,28.6,16.3
2023-03-04,0.0,21.726388888888888,28.1,16.2
2023-03-05,0.0,21.312847222222224,28.2,14.8
2023-03-06,0.0,21.58159722222222,28.4,14.6
2023-03-07,0.0,21.120486111111113,28.6,14.3
2023-03-08,0.0,21.644444444444446,28.6,15.0
2023-03-09,0.0,22.506597222222222,29.3,15.9
2023-03-10,0.0,21.64305555555556,28.5,14.7
2023-03-11,0.0,21.168750000000003,26.6,16.9
2023-03-12,0.0,21.146527777777777,27.4,15.3
2023-03-13,0.0,21.27777777777778,27.9,15.6
2023-03-14,0.0,21.26215277777778,27.5,16.1
2023-03-15,4.069,21.25173611111111,27.0,15.5
2023-03-16,9.168,18.744444444444444,23.1,14.7
2023-03-17,0.017,20.17777777777778,25.8,15.5
2023-03-18,0.0,20.56597222222222,27.1,13.8
2023-03-19,0.221,21.121180555555554,27.0,15.9
2023-03-20,0.0,20.54861111111111,26.9,15.3
2023-03-21,24.468,18.647222222222226,25.3,15.8
2023-03-22,0.20400000000000001,20.09965277777778,25.0,16.5
2023-03-23,7.6739999999999995,19.894444444444446,27.1,14.4
2023-03-24,4.527,20.611458333333335,25.5,16.4
2023-03-25,10.787,18.609027777777776,21.2,15.5
2023-03-26,11.971,18.44722222222222,22.4,14.4
2023-03-27,0.085,20.361458333333335,25.6,14.7
2023-03-28,0.17000000000000004,20.65034722222222,27.2,17.1
2023-03-29,0.0,20.326736111111114,25.7,16.4
2023-03-30,0.0,20.49930555555555,25.0,16.6
2023-03-31,0.051000000000000004,19.701736111111114,25.5,16.3
2023-04-01,0.0,21.073958333333334,27.4,15.5
2023-04-02,0.0,21.063541666666666,27.0,15.0
2023-04-03,6.552,20.141319444444445,25.7,14.1
2023-04-04,0.10200000000000001,19.090972222222224,24.6,14.2
2023-04-05,10.796000000000001,19.559375000000003,24.3,15.9
2023-04-06,0.272,18.613194444444446,23.0,15.9
2023-04-07,3.675,19.890277777777776,24.9,15.9
2023-04-08,11.196,17.219097222222224,20.9,14.9
2023-04-09,1.106,18.478819444444444,23.1,15.2
2023-04-10,0.11900000000000001,19.529861111111114,24.4,15.3
2023-04-11,0.22100000000000003,18.76284722222222,22.7,16.0
2023-04-12,3.949,18.641666666666666,22.6,15.5
2023-04-13,16.741999999999997,18.85451388888889,23.0,15.3
2023-04-14,25.605000000000004,17.241666666666664,21.7,15.5
2023-04-15,1.5310000000000001,18.45034722222222,23.0,16.1
2023-04-16,0.8330000000000001,18.617013888888888,23.2,15.2
2023-04-17,1.462,19.234375,23.5,15.6
2023-04-18,0.23800000000000004,19.266319444444445,24.0,16.0
2023-04-19,0.22100000000000003,18.825000000000003,24.2,14.9
2023-04-20,0.17,19.109375,24.8,14.4
2023-04-21,1.071,19.960416666666667,25.7,16.9
2023-04-22,19.735,17.50347222222222,19.8,15.1
2023-04-23,0.068,19.26215277777778,24.2,14.6
2023-04-24,0.527,19.88888888888889,24.7,16.3
2023-04-25,1.9040000000000001,18.71284722222222,23.2,15.5
2023-04-26,34.566,18.04861111111111,22.9,16.0
2023-04-27,2.5330000000000004,19.057291666666668,23.6,14.9
2023-04-28,10.020999999999999,17.277430555555554,20.1,15.5
2023-04-29,0.11900000000000001,18.03125,22.2,14.7
2023-04-30,24.397000000000002,18.242708333333333,23.6,16.4
2023-05-01,3.0610000000000004,17.78125,20.7,15.6
2023-05-02,3.3869999999999996,18.271180555555553,22.5,13.9
2023-05-03,0.306,18.19236111111111,22.4,16.1
2023-05-04,14.197999999999999,18.47048611111111,24.0,14.6
2023-05-05,7.431000000000001,18.52048611111111,24.1,14.4
2023-05-06,2.025,18.640972222222224,23.9,14.6
2023-05-07,2.4139999999999997,18.664930555555557,24.0,14.7
2023-05-08,0.11900000000000001,18.98888888888889,24.2,15.8
2023-05-09,0.44200000000000006,18.0,21.8,15.7
2023-05-10,0.0,18.257291666666667,23.5,15.3
2023-05-11,0.034,17.73854166666667,23.1,13.8
2023-05-12,5.015,17.758333333333333,23.9,12.4
2023-05-13,4.715999999999999,19.27638888888889,24.7,14.8
2023-05-14,0.0,18.66388888888889,24.6,14.0
2023-05-15,0.136,18.284027777777776,23.9,13.7
2023-05-16,0.0,18.29270833333333,24.3,12.9
2023-05-17,0.017,18.78055555555555,24.0,14.0
2023-05-18,2.1260000000000003,17.91909722222222,23.8,13.1
2023-05-19,14.146,17.891319444444445,24.6,13.8
2023-05-20,9.686,18.889583333333334,26.9,11.9
2023-05-21,4.849,18.56423611111111,25.3,11.6
2023-05-22,9.340000000000002,19.51979166666667,26.2,15.7
2023-05-23,2.958,19.697222222222223,25.3,15.2
2023-05-24,0.085,18.535416666666666,24.4,14.4
2023-05-25,0.0,18.50277777777778,24.5,13.4
2023-05-26,1.5980000000000003,17.785416666666663,23.1,13.2
2023-05-27,2.8910000000000005,16.52951388888889,21.7,12.5
2023-05-28,10.353000000000002,17.549999999999997,23.3,13.2
2023-05-29,6.375,16.430555555555557,19.6,13.8
2023-05-30,0.0,17.220138888888886,21.5,13.2
2023-05-31,0.0,17.855555555555558,23.5,14.0
2023-06-01,0.085,19.25625,25.1,15.4
2023-06-02,2.6529999999999996,19.134027777777778,24.9,15.5
2023-06-03,0.017,17.531597222222224,23.0,12.9
2023-06-04,6.825,17.376388888888886,23.8,12.9
2023-06-05,1.021,19.20729166666667,25.5,12.9
2023-06-06,0.20400000000000001,18.082638888888887,24.8,13.2
2023-06-07,0.051,18.360763888888886,25.8,12.7
2023-06-08,0.068,19.08055555555556,26.6,10.2
2023-06-09,0.0,18.242708333333333,25.0,13.2
2023-06-10,0.561,18.228125000000002,25.0,12.5
2023-06-11,0.0,19.53472222222222,25.3,14.5
2023-06-12,0.0,19.135069444444444,25.0,14.4
2023-06-13,0.0,17.723263888888894,22.5,12.4
2023-06-14,0.272,18.257986111111112,25.5,13.9
2023-06-15,0.0,17.485416666666666,22.1,14.1
2023-06-16,0.0,18.140625,24.4,13.8
2023-06-17,0.0,16.564583333333335,19.6,13.3
2023-06-18,0.068,16.925694444444446,23.1,12.4
2023-06-19,2.312,17.822569444444444,24.0,12.0
2023-06-20,0.0,18.22222222222222,23.3,14.2
2023-06-21,0.0,17.553819444444443,22.1,14.0
2023-06-22,0.0,16.987152777777776,20.8,14.0
2023-06-23,0.0,16.636805555555554,19.8,14.5
2023-06-24,0.0,17.29409722222222,24.6,12.0
2023-06-25,0.0,17.729166666666668,24.9,11.8
2023-06-26,0.0,16.308333333333334,21.9,11.7
2023-06-27,0.0,16.145138888888887,21.0,12.6
2023-06-28,2.636,16.87326388888889,23.8,10.8
2023-06-29,0.0,16.248611111111114,21.0,12.5
2023-06-30,0.0,17.37326388888889,21.5,14.2
2023-07-01,0.017,16.90138888888889,20.4,14.5
2023-07-02,0.0,16.50173611111111,20.2,12.7
2023-07-03,0.0,17.213194444444444,21.7,12.7
2023-07-04,0.0,15.833680555555553,21.3,11.2
2023-07-05,0.0,15.552777777777777,19.2,11.8
2023-07-06,0.0,16.269444444444446,20.5,12.6
2023-07-07,0.0,15.975694444444445,18.7,11.5
2023-07-08,0.0,15.977083333333333,21.5,10.0
2023-07-09,5.8500000000000005,16.511805555555554,24.5,9.6
2023-07-10,2.791,18.37048611111111,27.3,9.1
2023-07-11,3.3179999999999996,18.46527777777778,26.5,11.5
2023-07-12,0.017,16.0875,20.7,11.1
2023-07-13,0.0,17.06076388888889,21.7,13.3
2023-07-14,0.0,17.679166666666667,24.5,11.8
2023-07-15,0.0,16.521875,23.2,11.5
2023-07-16,0.0,16.106597222222224,22.0,10.9
2023-07-17,0.051000000000000004,15.102083333333333,20.1,10.6
2023-07-18,0.0,15.971180555555556,22.4,10.8
2023-07-19,0.017,16.005208333333332,22.1,11.0
2023-07-20,0.034,18.686805555555555,26.7,10.6
2023-07-21,0.0,18.093402777777776,25.2,11.6
2023-07-22,0.0,17.599305555555556,23.0,13.3
2023-07-23,0.0,17.115625,22.2,12.4
2023-07-24,0.0,17.735416666666666,22.0,13.5
2023-07-25,0.0,17.42673611111111,22.8,13.1
2023-07-26,0.017,15.781944444444443,22.7,11.0
2023-07-27,0.051000000000000004,17.15625,22.4,10.9
2023-07-28,0.0,16.536805555555556,21.0,12.5
2023-07-29,0.034,16.140277777777776,22.3,12.3
2023-07-30,0.10200000000000001,17.74201388888889,25.2,11.9
2023-07-31,0.068,18.302083333333332,26.3,11.9
2023-08-01,0.0,17.224305555555556,22.1,13.1
2023-08-02,0.0,16.994791666666668,20.8,14.0
2023-08-03,0.0,16.872222222222224,19.7,14.9
2023-08-04,0.051000000000000004,16.99583333333333,21.4,13.1
2023-08-05,0.0,16.924999999999997,22.3,12.7
2023-08-06,0.561,16.77638888888889,22.0,13.6
2023-08-07,0.0,17.071527777777778,23.2,11.3
2023-08-08,0.0,17.92013888888889,23.5,12.7
2023-08-09,1.139,16.131597222222222,19.9,14.1
2023-08-10,0.0,17.354166666666668,22.5,12.8
2023-08-11,0.0,16.978472222222223,22.6,11.9
2023-08-12,0.0,16.606597222222224,22.6,10.9
2023-08-13,0.0,17.5625,24.6,10.8
2023-08-14,0.017,18.302430555555553,25.9,11.2
2023-08-15,0.0,19.314583333333335,26.2,13.8
2023-08-16,0.0,18.524305555555557,23.4,14.6
2023-08-17,0.0,18.05277777777778,23.8,14.1
2023-08-18,0.0,17.850694444444443,24.3,12.7
2023-08-19,0.0,18.817708333333332,26.1,12.7
2023-08-20,0.085,18.930902777777774,26.9,10.0
2023-08-21,0.0,19.102430555555557,25.8,11.0
2023-08-22,0.0,19.894791666666666,26.6,12.9
2023-08-23,0.7140000000000001,18.488194444444446,27.0,11.7
2023-08-24,0.068,18.181597222222223,24.8,12.6
2023-08-25,1.327,18.463541666666668,25.7,11.5
2023-08-26,0.0,19.74652777777778,27.2,13.8
2023-08-27,0.0,19.386458333333334,27.3,11.8
2023-08-28,0.0,18.49513888888889,23.5,13.2
2023-08-29,0.0,17.92673611111111,23.5,12.8
2023-08-30,0.017,17.954166666666666,23.7,14.4
2023-08-31,0.0,18.203819444444445,24.0,15.2
2023-09-01,0.0,18.849305555555556,24.6,15.1
2023-09-02,0.0,18.334722222222226,23.8,12.8
2023-09-03,0.034,18.74826388888889,26.8,11.6
2023-09-04,0.0,18.928472222222222,25.5,14.6
2023-09-05,0.0,19.43715277777778,26.2,12.7
2023-09-06,0.0,20.202083333333334,28.0,12.4
2023-09-07,36.481,18.12673611111111,25.6,14.8
2023-09-08,0.068,17.637500000000003,21.4,14.9
2023-09-09,0.0,17.453472222222224,20.7,13.9
2023-09-10,0.017,18.70763888888889,25.1,12.5
2023-09-11,0.0,19.484722222222224,26.2,14.5
2023-09-12,0.068,20.103125,27.4,14.4
2023-09-13,0.20400000000000001,18.45659722222222,23.9,14.9
2023-09-14,0.0,19.301041666666666,25.4,14.6
2023-09-15,0.0,17.94375,23.6,13.4
2023-09-16,0.0,19.138541666666665,26.4,12.8
2023-09-17,0.40800000000000003,20.394444444444446,28.7,15.1
2023-09-18,0.0,19.5,25.8,14.7
2023-09-19,0.0,19.53611111111111,25.9,13.5
2023-09-20,1.259,19.64548611111111,28.0,14.1
2023-09-21,0.017,20.103472222222223,27.8,13.7
2023-09-22,0.0,20.329166666666666,26.9,15.6
2023-09-23,0.0,19.558680555555554,25.9,15.3
2023-09-24,0.0,18.685416666666665,24.7,14.8
2023-09-25,0.0,20.48090277777778,27.9,13.6
2023-09-26,0.034,20.398958333333333,28.1,13.0
2023-09-27,0.0,20.297222222222224,27.2,14.6
2023-09-28,0.0,18.630902777777777,23.0,13.8
2023-09-29,0.23800000000000004,19.84722222222222,27.5,12.9
2023-09-30,0.0,19.860069444444445,27.1,14.8
2023-10-01,0.0,20.52048611111111,27.9,14.5
2023-10-02,0.034,20.67534722222222,28.5,13.3
2023-10-03,0.051000000000000004,19.12013888888889,26.1,11.9
2023-10-04,0.068,17.969097222222224,21.7,16.2
2023-10-05,0.323,18.441319444444446,23.9,15.0
2023-10-06,0.051000000000000004,20.176388888888887,27.3,15.5
2023-10-07,0.0,19.996875,27.3,14.0
2023-10-08,0.0,20.719791666666666,29.0,11.4
2023-10-09,0.017,21.295833333333334,28.9,12.8
2023-10-10,0.0,20.993055555555557,27.9,16.2
2023-10-11,0.0,20.83923611111111,27.9,13.8
2023-10-12,0.0,21.422916666666666,29.1,13.7
2023-10-13,0.034,22.280208333333334,30.0,13.7
2023-10-14,0.034,22.386111111111113,29.3,15.6
2023-10-15,0.11900000000000001,22.071875,28.4,17.6
2023-10-16,0.8160000000000001,20.660069444444446,26.6,16.4
2023-10-17,0.136,20.84097222222222,28.1,16.7
2023-10-18,0.544,21.239930555555556,26.9,17.1
2023-10-19,0.901,19.37986111111111,25.4,15.1
2023-10-20,0.051000000000000004,19.914583333333333,25.2,14.5
2023-10-21,0.0,20.329513888888886,26.7,15.6
2023-10-22,0.0,21.293055555555554,27.2,15.3
2023-10-23,0.0,21.164236111111112,27.6,15.2
2023-10-24,0.034,21.50972222222222,27.9,14.3
2023-10-25,0.0,21.733680555555555,27.5,17.1
2023-10-26,6.974,19.50486111111111,24.5,16.5
2023-10-27,0.051000000000000004,20.013194444444444,25.1,15.5
2023-10-28,0.051000000000000004,20.565624999999997,26.8,14.8
2023-10-29,0.0,20.468402777777776,25.8,15.7
2023-10-30,0.051000000000000004,20.044444444444444,26.1,15.3
2023-10-31,3.0789999999999997,19.529166666666665,24.8,16.6
2023-11-01,0.34,20.443402777777777,25.8,15.8
2023-11-02,41.888000000000005,18.50173611111111,22.9,15.9
2023-11-03,23.701,18.02638888888889,22.8,15.3
2023-11-04,0.32300000000000006,18.268749999999997,21.7,15.3
2023-11-05,8.184,18.90798611111111,23.9,16.0
2023-11-06,76.92099999999999,18.981597222222224,24.7,15.2
2023-11-07,,,,
2023-11-08,,,,
2023-11-09,5.154,19.218055555555555,23.4,15.2
2023-11-10,12.931999999999999,18.66701388888889,23.2,15.0
2023-11-11,11.248000000000001,17.947222222222223,22.2,14.7
2023-11-12,4.7620000000000005,18.80104166666667,23.4,16.4
2023-11-13,3.4530000000000003,19.081944444444446,23.2,16.2
2023-11-14,23.621000000000002,18.287152777777777,23.6,15.6
2023-11-15,4.151,18.26736111111111,22.8,16.4
2023-11-16,8.353,18.392013888888886,22.7,16.1
2023-11-17,3.555,18.636458333333337,22.5,16.1
2023-11-18,0.085,19.013194444444444,23.3,15.9
2023-11-19,1.94,19.185416666666665,23.7,16.0
2023-11-20,10.431000000000001,18.880555555555556,23.7,15.7
2023-11-21,2.108,18.840625000000003,22.8,16.6
2023-11-22,11.565,18.091666666666665,22.9,16.0
2023-11-23,4.506,18.32881944444445,22.7,15.5
2023-11-24,15.673,18.552083333333332,23.2,15.7
2023-11-25,12.874,18.429513888888888,22.5,15.7
2023-11-26,6.36,18.13611111111111,22.5,14.7
2023-11-27,0.11900000000000001,19.372222222222224,24.3,15.2
2023-11-28,0.068,19.115972222222222,24.0,16.2
2023-11-29,0.017,19.496875,24.1,16.0
2023-11-30,0.17,19.049652777777776,23.8,14.8
2023-12-01,0.10200000000000001,18.87222222222222,24.3,14.4
2023-12-02,0.17,19.54340277777778,24.9,13.7
2023-12-03,0.085,19.1875,23.7,16.6
2023-12-04,0.0,18.87743055555556,23.9,15.3
2023-12-05,0.10200000000000001,19.226041666666667,24.3,15.7
2023-12-06,0.272,18.841666666666665,24.2,14.1
2023-12-07,0.23800000000000004,18.920833333333334,25.0,12.3
2023-12-08,0.22100000000000003,19.03402777777778,24.9,13.4
2023-12-09,0.11900000000000001,18.83263888888889,24.4,12.9
2023-12-10,1.242,19.238541666666666,24.5,15.8
2023-12-11,0.17,19.04340277777778,24.3,14.7
2023-12-12,0.136,19.322569444444444,24.8,14.5
2023-12-13,0.15300000000000002,19.635069444444444,25.6,15.0
2023-12-14,5.191,19.599652777777777,24.6,16.6
2023-12-15,2.6180000000000003,18.916319444444444,24.2,15.2
2023-12-16,0.034,18.214236111111113,22.3,15.8
2023-12-17,0.136,18.971874999999997,23.8,15.3
2023-12-18,0.272,18.864930555555556,24.0,15.0
2023-12-19,0.085,18.96701388888889,24.4,14.2
2023-12-20,0.23800000000000002,18.623958333333334,24.7,13.0
2023-12-21,0.11900000000000001,19.738541666666666,24.8,14.7
2023-12-22,10.394,19.089930555555554,24.7,15.3
2023-12-23,0.9870000000000001,18.591666666666665,23.4,16.1
2023-12-24,0.068,20.37013888888889,25.5,16.7
2023-12-25,0.42500000000000004,20.23090277777778,25.3,16.7
2023-12-26,0.42500000000000004,18.510069444444447,23.0,15.8
2023-12-27,0.136,18.359027777777776,23.5,14.0
2023-12-28,0.085,19.794791666666665,25.1,13.7
2023-12-29,0.085,19.96701388888889,25.8,14.6
2023-12-30,0.255,19.964930555555554,25.9,16.0
2023-12-31,0.136,20.538541666666664,26.0,15.5
2024-01-01,27.056000000000004,20.26909722222222,25.6,16.0
2024-01-02,0.11900000000000001,19.890972222222224,25.1,15.7
2024-01-03,0.017,19.92534722222222,25.4,15.9
2024-01-04,0.051000000000000004,19.978472222222223,25.1,15.5
2024-01-05,4.438,18.890277777777776,25.8,16.3
2024-01-06,19.453999999999997,19.06597222222222,24.1,16.3
2024-01-07,9.189,18.755555555555556,23.2,16.1
2024-01-08,0.5780000000000001,19.217708333333334,24.2,15.6
2024-01-09,0.034,18.89479166666667,24.0,15.5
2024-01-10,4.998000000000001,18.715625000000003,23.7,13.7
2024-01-11,1.326,19.239930555555556,24.7,15.9
2024-01-12,5.646,19.277430555555558,24.4,16.6
2024-01-13,15.598000000000003,18.517013888888886,21.8,16.2
2024-01-14,2.1250000000000004,19.983333333333334,25.2,17.4
2024-01-15,4.0809999999999995,20.039583333333333,25.0,16.2
2024-01-16,0.391,20.09027777777778,25.6,15.9
2024-01-17,0.11900000000000001,19.663888888888888,25.2,15.9
2024-01-18,0.136,18.971527777777776,23.2,16.0
2024-01-19,0.0,20.755902777777777,27.0,15.7
2024-01-20,0.23800000000000004,18.983680555555555,24.6,16.9
2024-01-21,0.0,20.07569444444444,25.2,15.2
2024-01-22,0.034,19.15173611111111,24.9,14.3
2024-01-23,0.136,19.380208333333332,25.3,13.0
2024-01-24,0.0,19.679513888888888,26.5,12.2
2024-01-25,0.15300000000000002,20.119444444444444,26.5,12.9
2024-01-26,0.17,20.393055555555556,26.6,15.3
2024-01-27,0.22100000000000003,20.085763888888888,26.2,14.7
2024-01-28,0.44200000000000006,19.96701388888889,26.1,14.1
2024-01-29,0.10200000000000001,20.50347222222222,26.3,15.0
2024-01-30,0.034,20.53125,26.7,15.5
2024-01-31,1.975,19.994097222222226,26.4,13.6
2024-02-01,0.15300000000000002,18.941319444444446,25.9,13.3
2024-02-02,0.10200000000000001,19.487152777777776,26.8,12.7
2024-02-03,0.10200000000000001,20.538541666666664,28.0,13.3
2024-02-04,0.017,20.171875,27.0,15.3
2024-02-05,0.0,20.689583333333335,27.4,15.5
2024-02-06,0.136,20.87986111111111,27.8,15.0
2024-02-07,0.0,20.036458333333332,27.2,14.1
2024-02-08,0.034,19.825000000000003,26.5,14.9
2024-02-09,0.15300000000000002,20.905208333333334,28.1,14.2
2024-02-10,0.22100000000000003,20.27638888888889,27.0,14.6
2024-02-11,0.136,19.935416666666665,27.0,13.3
2024-02-12,0.11900000000000001,20.497222222222224,27.2,13.5
2024-02-13,0.051000000000000004,21.085069444444443,28.0,14.2
2024-02-14,0.068,21.341319444444444,28.4,14.0
2024-02-15,0.034,21.125347222222224,28.5,12.8
2024-02-16,0.051000000000000004,20.704166666666666,28.0,13.7
2024-02-17,0.085,20.94722222222222,29.2,14.4
2024-02-18,0.10200000000000001,22.535069444444442,30.9,12.3
2024-02-19,0.017,22.877083333333335,30.7,14.2
2024-02-20,2.825,21.728819444444447,29.9,15.0
2024-02-21,0.11900000000000001,21.88715277777778,29.6,15.8
2024-02-22,0.034,21.05798611111111,27.6,15.7
2024-02-23,1.684,20.384375000000002,26.2,16.5
2024-02-24,13.061,18.51076388888889,25.3,15.1
2024-02-25,0.085,20.587847222222223,27.2,15.5
2024-02-26,0.204,21.149652777777778,29.4,16.3
2024-02-27,10.593,20.554166666666667,29.3,16.0
2024-02-28,1.0370000000000001,20.237499999999997,27.1,15.2
2024-02-29,4.0809999999999995,21.289236111111112,27.7,16.2
2024-03-01,0.136,20.854166666666668,26.9,15.1
2024-03-02,0.11900000000000001,20.921875,27.5,15.6
2024-03-03,0.085,21.293055555555558,28.2,16.1
2024-03-04,0.017,21.409027777777776,29.3,14.1
2024-03-05,0.051000000000000004,20.747222222222224,26.9,16.5
2024-03-06,0.051000000000000004,20.285069444444446,27.1,15.4
2024-03-07,0.136,20.990972222222222,28.6,13.7
2024-03-08,0.306,21.670833333333334,29.7,13.6
2024-03-09,0.085,21.258333333333336,28.6,15.7
2024-03-10,0.11900000000000001,21.59722222222222,29.3,15.2
2024-03-11,0.11900000000000001,21.578819444444445,28.9,15.5
2024-03-12,0.11900000000000001,20.83923611111111,29.2,13.3
2024-03-13,0.051000000000000004,21.524305555555557,29.2,13.1
2024-03-14,0.221,20.444791666666664,27.8,15.0
2024-03-15,0.10200000000000001,20.349652777777777,27.2,15.1
2024-03-16,0.10200000000000001,20.26840277777778,28.0,13.3
2024-03-17,0.051000000000000004,22.13888888888889,30.5,13.2
2024-03-18,0.10200000000000001,21.945138888888888,28.9,16.0
2024-03-19,0.11900000000000001,21.637847222222224,29.9,15.6
2024-03-20,0.9520000000000001,21.383333333333333,29.0,16.2
2024-03-21,0.17000000000000004,21.732291666666665,29.8,15.9
2024-03-22,0.11900000000000001,22.403125000000003,30.0,15.2
2024-03-23,50.059,20.651041666666668,30.4,15.6
2024-03-24,0.15300000000000002,20.675694444444446,28.4,16.1
2024-03-25,11.084999999999999,20.319097222222222,28.7,15.1
2024-03-26,0.085,21.079166666666666,27.1,17.4
2024-03-27,0.9019999999999999,20.224652777777777,27.3,16.4
2024-03-28,0.255,20.168750000000003,26.4,15.3
2024-03-29,6.926999999999999,20.496875000000003,26.8,15.1
2024-03-30,3.2489999999999997,19.510416666666668,25.3,17.2
2024-03-31,4.798,18.885416666666668,24.3,16.0
2024-04-01,0.799,19.674999999999997,25.4,16.3
2024-04-02,5.14,19.94513888888889,25.6,16.7
2024-04-03,0.10200000000000001,20.28125,26.4,14.6
2024-04-04,1.6849999999999998,19.869791666666668,25.9,15.6
2024-04-05,15.951,20.679166666666667,26.3,16.6
2024-04-06,35.861,18.935069444444444,24.8,15.6
2024-04-07,16.72,20.39236111111111,26.3,16.1
2024-04-08,21.528,19.425694444444446,25.3,16.8
2024-04-09,18.049,18.76875,25.2,14.9
2024-04-10,3.216,20.458680555555556,27.1,15.0
2024-04-11,4.901,20.477430555555557,26.6,15.6
2024-04-12,6.3100000000000005,19.970138888888886,25.8,15.8
2024-04-13,29.476000000000003,19.51284722222222,25.0,16.6
2024-04-14,1.514,19.989583333333336,25.4,16.3
2024-04-15,23.315,18.998611111111114,25.4,16.5
2024-04-16,0.22100000000000003,19.788194444444443,25.2,16.5
2024-04-17,0.136,20.335763888888888,26.0,16.5
2024-04-18,0.0,20.341052631578947,25.6,16.7
2024-04-19,0.37400000000000005,19.738194444444446,25.3,15.8
2024-04-20,54.220000000000006,19.41770833333333,25.5,14.9
2024-04-21,31.837999999999997,18.740625,24.9,16.2
2024-04-22,0.9860000000000002,19.93402777777778,26.2,16.1
2024-04-23,11.658000000000001,20.07534722222222,25.1,17.0
2024-04-24,13.496999999999998,19.720833333333335,25.9,17.0
2024-04-25,46.836000000000006,18.423958333333335,24.6,15.7
2024-04-26,15.89,18.20659722222222,23.5,15.9
2024-04-27,0.017,19.669791666666665,25.1,16.2
2024-04-28,1.0199999999999998,19.30833333333333,23.6,17.0
2024-04-29,56.226000000000006,18.63645833333333,25.2,15.9
2024-04-30,42.077000000000005,20.345138888888886,26.8,16.5
2024-05-01,17.075000000000003,19.556944444444444,25.0,17.0
2024-05-02,6.906,19.131249999999998,25.4,17.0
2024-05-03,24.799,19.50347222222222,24.1,16.7
2024-05-04,31.088,18.448611111111113,22.9,16.4
2024-05-05,19.741000000000003,19.381944444444443,26.3,15.6
2024-05-06,16.917,18.25243055555556,22.3,15.6
2024-05-07,0.357,18.825347222222224,23.7,16.0
2024-05-08,1.4449999999999998,18.35694444444444,23.7,15.6
2024-05-09,0.0,18.34027777777778,22.3,15.3
2024-05-10,0.017,18.24756944444444,23.5,14.9
2024-05-11,0.23800000000000002,18.708333333333332,25.8,13.9
2024-05-12,0.34,18.056250000000002,24.6,12.8
2024-05-13,0.28900000000000003,18.165277777777778,25.2,12.8
2024-05-14,0.272,18.617708333333333,24.9,13.9
2024-05-15,0.17,18.978819444444447,25.3,14.4
2024-05-16,3.096,18.726041666666667,25.0,12.5
2024-05-17,0.221,19.672222222222224,25.7,15.3
2024-05-18,0.136,19.632986111111116,26.3,13.6
2024-05-19,0.15300000000000002,19.592708333333334,25.8,13.2
2024-05-20,0.63,20.163541666666664,26.2,15.8
2024-05-21,0.0,19.827777777777776,24.8,15.9
2024-05-22,0.16999999999999998,18.870486111111113,24.2,14.5
2024-05-23,0.374,17.580555555555556,21.5,14.4
2024-05-24,0.0,18.413888888888884,23.9,14.8
2024-05-25,0.0,18.67673611111111,24.8,15.6
2024-05-26,0.034,18.430555555555557,24.8,13.4
2024-05-27,0.20400000000000001,18.177083333333332,26.6,11.0
2024-05-28,0.051000000000000004,17.821527777777778,23.9,14.3
2024-05-29,1.242,17.228819444444444,23.7,12.4
2024-05-30,0.11900000000000001,17.608680555555555,24.7,11.2
2024-05-31,0.10200000000000001,18.10451388888889,25.0,11.9
2024-06-01,1.498,18.595138888888886,25.1,12.4
2024-06-02,0.051000000000000004,18.148263888888888,24.7,14.1
2024-06-03,4.918,18.443749999999998,24.8,13.2
2024-06-04,1.022,18.64826388888889,25.2,13.0
2024-06-05,0.425,17.26909722222222,23.1,13.4
2024-06-06,0.527,17.26713780918728,23.8,13.5
2024-06-07,0.085,17.94027777777778,25.2,13.1
2024-06-08,0.612,17.037847222222222,22.8,12.5
2024-06-09,0.0,16.544444444444444,20.0,13.9
2024-06-10,0.0,17.23090277777778,23.7,12.3
2024-06-11,0.0,16.42118055555555,23.8,10.2
2024-06-12,0.034,16.33958333333333,23.5,10.1
2024-06-13,2.1100000000000003,16.670833333333334,24.8,10.2
2024-06-14,0.0,17.128819444444446,24.8,9.5
2024-06-15,0.0,16.603124999999995,22.6,10.9
2024-06-16,0.0,16.639583333333334,23.6,9.4
2024-06-17,0.0,16.746180555555554,24.8,10.7
2024-06-18,0.34,16.92326388888889,24.3,8.4
2024-06-19,16.567,16.971527777777776,24.5,10.9
2024-06-20,1.9560000000000002,16.568749999999998,20.3,13.8
2024-06-21,0.085,16.04236111111111,22.0,11.5
2024-06-22,0.068,15.324305555555554,22.2,9.9
2024-06-23,0.11900000000000001,15.399305555555555,23.2,8.8
2024-06-24,0.0,15.419097222222222,22.4,9.5
2024-06-25,0.051000000000000004,15.186111111111112,23.1,8.3
2024-06-26,0.017,16.382986111111112,23.1,10.4
2024-06-27,0.37400000000000005,14.815972222222221,22.1,9.3
2024-06-28,0.051000000000000004,15.321874999999999,21.7,8.8
2024-06-29,0.051000000000000004,15.963194444444447,22.5,10.7
2024-06-30,3.8930000000000002,15.503819444444442,22.2,11.0
2024-07-01,0.11900000000000001,16.29861111111111,24.2,9.8
2024-07-02,0.051000000000000004,16.415972222222223,24.2,8.6
2024-07-03,0.017,16.62048611111111,24.3,9.4
2024-07-04,0.0,16.542708333333334,24.3,10.1
2024-07-05,0.0,16.98090277777778,24.5,11.3
2024-07-06,0.034,17.566319444444446,24.3,12.7
2024-07-07,9.321,17.162847222222222,23.1,13.6
2024-07-08,6.755,18.04861111111111,26.6,13.2
2024-07-09,0.0,17.92673611111111,23.9,12.6
2024-07-10,0.034,15.928819444444445,22.6,10.6
2024-07-11,0.136,15.011458333333334,22.1,8.3
2024-07-12,0.0,17.03055555555555,24.9,10.0
2024-07-13,0.255,16.358333333333334,22.6,11.4
2024-07-14,0.051000000000000004,16.38888888888889,23.5,10.7
2024-07-15,1.907,17.08888888888889,23.8,9.6
2024-07-16,0.0,15.97951388888889,19.9,12.6
2024-07-17,0.0,16.405208333333334,21.9,13.8
2024-07-18,2.926,14.947222222222223,20.8,10.5
2024-07-19,0.0,16.179166666666667,21.2,12.4
2024-07-20,0.0,16.659374999999997,21.3,12.0
2024-07-21,7.091,16.122916666666665,23.8,11.7
2024-07-22,3.9509999999999996,16.264583333333334,24.6,9.4
2024-07-23,0.5609999999999999,15.60520833333333,24.7,8.7
2024-07-24,1.873,15.585069444444445,21.9,10.1
2024-07-25,0.493,16.897222222222222,24.5,11.4
2024-07-26,0.6799999999999999,17.946527777777778,24.8,13.9
2024-07-27,1.309,15.625694444444443,20.2,11.5
2024-07-28,7.115,16.39513888888889,24.0,12.1
2024-07-29,3.508,17.510416666666668,24.4,10.7
2024-07-30,0.0,17.04618055555555,23.7,11.8
2024-07-31,2.197,15.410416666666666,21.9,9.9
2024-08-01,3.9500000000000006,15.471527777777778,22.8,9.5
2024-08-02,0.15300000000000002,16.279861111111114,21.5,12.7
2024-08-03,0.0,15.907638888888888,20.2,11.6
2024-08-04,0.0,16.891666666666666,24.6,10.4
2024-08-05,3.25,16.916319444444444,26.7,7.6
2024-08-06,2.501,17.384027777777778,26.9,8.4
2024-08-07,0.051000000000000004,17.28298611111111,23.2,9.7
2024-08-08,0.10200000000000001,17.08125,21.6,13.3
2024-08-09,0.0,16.233680555555555,20.4,12.0
2024-08-10,0.0,15.950347222222225,22.8,11.4
2024-08-11,0.0,16.38125,20.8,13.4
2024-08-12,0.0,16.759375,22.5,11.9
2024-08-13,0.0,16.94513888888889,24.2,11.1
2024-08-14,0.017,17.35520833333333,24.6,12.6
2024-08-15,0.034,17.193055555555556,23.5,13.0
2024-08-16,0.034,16.502491103202846,24.9,9.4
2024-08-17,0.068,16.622222222222224,24.9,8.5
2024-08-18,0.0,16.098958333333332,22.4,10.8
2024-08-19,2.7739999999999996,15.561672473867599,23.8,9.3
2024-08-20,0.085,16.860763888888886,23.4,9.3
2024-08-21,0.0,15.91597222222222,20.0,12.7
2024-08-22,0.0,16.30034722222222,21.3,12.6
2024-08-23,0.0,16.369444444444444,21.1,13.6
2024-08-24,0.0,16.54826388888889,20.6,13.9
2024-08-25,0.0,16.931944444444444,22.0,11.2
2024-08-26,0.18700000000000003,17.43263888888889,25.0,9.1
2024-08-27,0.0,18.470138888888886,24.3,14.9
2024-08-28,0.0,18.771180555555556,25.3,14.4
2024-08-29,0.0,18.994444444444444,26.6,13.4
2024-08-30,0.18700000000000006,17.99409722222222,25.5,10.5
2024-08-31,6.635000000000001,16.738194444444446,24.4,10.1
2024-09-01,0.034,17.562847222222224,25.2,11.6
2024-09-02,0.0,17.153125000000003,21.5,12.7
2024-09-03,0.0,17.457291666666666,21.4,13.0
2024-09-04,0.0,17.35138888888889,22.6,12.0
2024-09-05,1.65,17.58159722222222,24.8,11.2
2024-09-06,2.093,16.641319444444445,22.8,12.6
2024-09-07,0.051000000000000004,17.790972222222223,25.3,11.5
2024-09-08,0.0,18.977777777777778,27.6,12.3
2024-09-09,0.10200000000000001,19.233333333333334,28.4,11.5
2024-09-10,0.051000000000000004,19.299999999999997,27.7,12.8
2024-09-11,0.11900000000000001,18.455555555555556,26.8,10.8
2024-09-12,0.0,18.920833333333334,26.5,12.5
2024-09-13,0.0,18.92013888888889,27.3,11.7
2024-09-14,1.19,18.20243055555555,25.6,9.9
2024-09-15,4.457,18.09201388888889,27.5,7.7
2024-09-16,2.0420000000000003,17.28576388888889,24.8,11.7
2024-09-17,0.0,18.12777777777778,25.5,12.1
2024-09-18,0.034,18.569097222222222,26.9,12.1
2024-09-19,0.578,19.023958333333336,28.1,12.3
2024-09-20,0.0,19.294791666666665,28.3,12.7
2024-09-21,2.295,18.988194444444446,27.7,13.7
2024-09-22,0.97,18.872569444444444,26.3,12.8
2024-09-23,0.0,18.038194444444443,25.0,11.2
2024-09-24,0.068,18.128819444444446,26.0,10.3
2024-09-25,0.0,18.469791666666666,26.2,12.4
2024-09-26,0.9690000000000001,19.500347222222224,28.8,11.4
2024-09-27,2.1270000000000002,19.157291666666666,27.1,12.4
2024-09-28,14.683000000000002,17.437847222222224,28.9,12.4
2024-09-29,4.8790000000000004,19.107291666666665,28.5,11.0
2024-09-30,0.051000000000000004,19.636458333333334,27.7,13.4
2024-10-01,0.068,20.427430555555553,28.5,13.7
2024-10-02,0.0,18.920486111111114,25.1,14.5
2024-10-03,0.051000000000000004,18.11388888888889,25.5,11.8
2024-10-04,0.11900000000000001,19.089930555555554,27.4,9.4
2024-10-05,0.0,18.481597222222224,25.0,15.1
2024-10-06,0.0,18.759027777777778,25.7,13.8
2024-10-07,0.0,17.884722222222223,24.5,13.5
2024-10-08,0.0,19.51076388888889,27.6,12.7
2024-10-09,0.0,19.040625000000002,27.3,12.5
2024-10-10,0.136,17.856250000000003,26.8,11.3
2024-10-11,0.0,19.61284722222222,26.5,13.3
2024-10-12,0.0,19.45555555555556,27.4,13.3
2024-10-13,0.0,17.696875,25.3,11.4
2024-10-14,0.6970000000000001,19.270833333333332,27.5,10.6
2024-10-15,4.301,18.734027777777776,29.2,11.3
2024-10-16,4.71,19.183680555555558,27.8,14.0
2024-10-17,0.0,20.63888888888889,28.4,14.2
2024-10-18,6.021999999999999,18.357986111111114,27.1,12.2
2024-10-19,21.407,17.95659722222222,23.7,15.1
2024-10-20,0.561,19.78298611111111,26.6,14.5
2024-10-21,0.068,19.512847222222224,26.9,13.3
2024-10-22,0.10200000000000001,19.978125,28.1,12.5
2024-10-23,0.10200000000000001,19.237152777777776,27.2,11.6
2024-10-24,0.11900000000000001,19.365972222222222,28.3,12.5
2024-10-25,0.11900000000000001,19.427083333333332,27.8,13.1
2024-10-26,0.085,20.287499999999998,28.2,14.1
2024-10-27,1.0030000000000001,21.069097222222222,29.2,15.1
2024-10-28,0.085,20.641319444444445,28.7,14.8
2024-10-29,1.1560000000000001,19.72638888888889,28.6,13.3
2024-10-30,0.017,20.717708333333334,29.5,12.8
2024-10-31,0.17,20.870833333333334,29.5,12.5
2024-11-01,0.017,20.405208333333334,28.4,14.7
2024-11-02,0.0,19.648958333333333,27.4,14.4
2024-11-03,0.15300000000000002,20.0,27.7,13.5
2024-11-04,0.085,20.755902777777777,28.8,13.3
2024-11-05,2.2289999999999996,20.83888888888889,28.5,14.3
2024-11-06,1.054,19.086458333333333,26.5,15.5
2024-11-07,1.4120000000000001,18.311111111111114,25.7,15.2
2024-11-08,5.358,18.617361111111112,25.5,13.8
2024-11-09,0.323,19.839930555555558,26.0,14.3
2024-11-10,0.085,19.188541666666666,24.9,15.2
2024-11-11,10.051,17.155555555555555,23.2,13.0
2024-11-12,2.024,19.61701388888889,26.6,13.2
2024-11-13,12.947999999999999,18.702430555555555,25.0,15.1
2024-11-14,16.914,20.037499999999998,26.8,16.2
2024-11-15,11.752999999999998,17.80034722222222,23.3,15.5
2024-11-16,6.82,15.975694444444445,19.4,12.3
2024-11-17,0.0,18.748611111111114,24.9,12.2
2024-11-18,0.051000000000000004,19.415972222222223,26.5,13.9
2024-11-19,0.11900000000000001,20.208333333333332,26.5,14.6
2024-11-20,3.5060000000000002,18.982291666666665,25.3,15.4
2024-11-21,0.28900000000000003,18.16701388888889,24.0,13.3
2024-11-22,0.6970000000000001,18.975347222222222,25.5,14.8
2024-11-23,0.255,20.093055555555555,26.0,16.2
2024-11-24,0.15300000000000002,19.105208333333334,25.0,15.6
2024-11-25,35.083,17.10347222222222,22.1,15.0
2024-11-26,5.207999999999999,19.146875,25.5,14.6
2024-11-27,1.309,19.246180555555554,24.7,14.5
2024-11-28,1.173,19.524652777777774,26.6,15.1
2024-11-29,1.7,19.26388888888889,26.5,13.5
2024-11-30,0.136,19.07534722222222,26.4,13.5
2024-12-01,1.685,18.631944444444443,24.9,14.5
2024-12-02,0.051000000000000004,18.951041666666665,24.7,15.9
2024-12-03,0.0,19.140277777777776,24.8,14.8
2024-12-04,0.017,19.159375,25.1,13.8
2024-12-05,0.0,19.278124999999996,25.9,12.9
2024-12-06,0.068,19.18298611111111,25.6,13.5
2024-12-07,0.15300000000000002,19.11284722222222,26.3,11.3
2024-12-08,0.22100000000000003,19.177777777777777,26.1,12.1
2024-12-09,0.20400000000000001,18.88090277777778,25.8,13.1
2024-12-10,0.187,18.98020833333333,25.1,14.7
2024-12-11,1.5310000000000004,19.196527777777778,25.9,14.3
2024-12-12,0.187,18.79201388888889,25.2,12.2
2024-12-13,0.136,19.655555555555555,26.4,12.7
2024-12-14,0.136,20.38715277777778,27.7,13.3
2024-12-15,0.22100000000000003,19.92361111111111,26.5,13.5
2024-12-16,0.255,18.546875,25.5,12.6
2024-12-17,0.17000000000000004,18.239583333333332,25.2,13.3
2024-12-18,0.153,19.813888888888886,26.8,14.6
2024-12-19,16.221,17.755902777777777,22.8,14.9
2024-12-20,13.890000000000002,18.57951388888889,25.1,14.2
2024-12-21,4.029,18.726388888888888,24.6,15.4
2024-12-22,2.3289999999999997,18.583333333333332,24.9,13.5
2024-12-23,1.2750000000000001,19.375694444444445,25.4,14.9
2024-12-24,0.34,18.892013888888886,25.3,14.7
2024-12-25,0.255,18.914930555555557,25.2,14.1
2024-12-26,0.255,18.607291666666665,25.3,12.8
2024-12-27,0.22100000000000003,18.47951388888889,24.5,13.3
2024-12-28,0.17,18.493402777777778,25.2,12.5
2024-12-29,0.10200000000000001,18.909027777777776,26.4,11.3
2024-12-30,0.068,19.00348432055749,25.8,12.2
2024-12-31,0.17,19.498611111111114,25.7,12.6
2025-01-01,0.17,19.31597222222222,25.2,12.5
2025-01-02,0.10200000000000001,18.64270833333333,25.4,11.7
2025-01-03,0.068,18.793055555555554,25.2,12.5
2025-01-04,0.051000000000000004,19.35347222222222,25.6,14.0
2025-01-05,0.10200000000000001,18.501041666666666,25.0,13.1
2025-01-06,0.10200000000000001,17.886805555555554,24.7,11.7
2025-01-07,0.17,18.09861111111111,26.3,9.1
2025-01-08,0.11900000000000001,18.90842490842491,27.8,9.3
2025-01-09,0.136,19.726041666666667,26.6,12.4
2025-01-10,0.068,19.68819444444445,27.2,14.8
2025-01-11,0.10200000000000001,19.661805555555556,26.6,12.3
2025-01-12,0.085,20.293055555555554,27.6,13.2
2025-01-13,0.068,20.43888888888889,26.8,15.0
2025-01-14,0.0,19.541666666666668,25.8,13.7
2025-01-15,0.0,17.746180555555554,24.2,11.7
2025-01-16,0.0,18.249305555555555,25.8,10.3
2025-01-17,0.10200000000000001,18.877777777777776,26.6,12.3
2025-01-18,0.10200000000000001,20.146180555555556,28.3,10.9
2025-01-19,0.068,20.267013888888886,28.5,12.4
2025-01-20,0.051000000000000004,20.76284722222222,29.2,12.1
2025-01-21,0.051000000000000004,20.557291666666668,28.1,11.6
2025-01-22,0.068,20.47951388888889,29.4,11.9
2025-01-23,0.0,20.408333333333335,28.0,13.0
2025-01-24,0.017,20.15138888888889,27.8,12.5
2025-01-25,0.051000000000000004,20.288194444444443,28.5,12.6
2025-01-26,6.87,18.683680555555554,26.0,14.4
2025-01-27,3.043,18.359722222222224,24.5,14.8
2025-01-28,7.258,17.571527777777774,25.0,13.4
2025-01-29,0.20400000000000001,19.467708333333334,26.2,13.9
2025-01-30,13.516000000000004,15.943055555555556,21.6,12.9
2025-01-31,0.11900000000000001,19.403819444444444,27.0,11.3
2025-02-01,0.085,19.75069444444445,26.6,13.1
2025-02-02,0.034,19.375,25.6,13.1
2025-02-03,0.0,19.887500000000003,26.3,13.9
2025-02-04,0.017,18.43819444444444,25.0,13.0
2025-02-05,0.017,19.08784722222222,26.3,11.0
2025-02-06,0.017,19.484375,26.5,13.1
2025-02-07,0.0,19.534374999999997,26.6,13.9
2025-02-08,0.7650000000000001,20.23854166666667,28.5,12.2
2025-02-09,0.068,20.928125,29.1,13.4
2025-02-10,0.0,21.32326388888889,28.1,14.0
2025-02-11,0.23800000000000002,19.99930555555555,27.3,13.9
2025-02-12,0.34,19.98159722222222,26.8,13.9
2025-02-13,0.238,19.568749999999998,26.0,14.9
2025-02-14,2.414,19.925694444444442,27.9,12.9
2025-02-15,0.0,21.714930555555558,29.6,12.9
2025-02-16,0.17000000000000004,21.294444444444444,29.5,14.1
2025-02-17,0.0,20.60520833333333,28.5,13.5
2025-02-18,0.952,20.357291666666665,28.5,11.5
2025-02-19,0.0,20.8125,29.4,12.0
2025-02-20,0.0,21.58090277777778,30.1,12.4
2025-02-21,0.0,21.170833333333334,29.8,12.2
2025-02-22,0.272,20.518402777777776,28.7,11.7
2025-02-23,0.136,20.465625000000003,29.4,12.4
2025-02-24,3.7570000000000006,20.797222222222224,28.6,11.4
2025-02-25,0.119,20.50486111111111,28.6,12.4
2025-02-26,0.0,20.577083333333334,28.6,12.5
2025-02-27,0.0,21.38576388888889,30.5,11.5
2025-02-28,0.0,22.31076388888889,31.2,12.0
2025-03-01,0.136,22.071180555555557,30.6,12.4
2025-03-02,0.08499999999999999,21.22222222222222,29.1,14.2
2025-03-03,4.437,20.75069444444445,29.8,12.7
2025-03-04,0.08499999999999999,20.67361111111111,28.7,14.2
2025-03-05,0.187,20.291666666666668,28.8,13.6
2025-03-06,0.08499999999999999,20.969444444444445,29.4,13.9
2025-03-07,0.255,22.733333333333334,30.7,15.2
2025-03-08,0.0,22.446527777777778,29.8,17.0
2025-03-09,33.654,20.148263888888888,28.7,15.4
2025-03-10,14.524000000000001,19.412847222222222,27.0,15.7
2025-03-11,0.017,21.233333333333334,28.7,16.2
2025-03-12,2.1420000000000003,19.54270833333333,26.6,14.9
2025-03-13,0.323,20.217361111111114,27.6,15.0
2025-03-14,0.11900000000000001,22.307291666666668,29.5,14.4
2025-03-15,0.0,21.402430555555554,29.3,14.0
2025-03-16,0.936,21.547916666666666,28.8,14.7
2025-03-17,0.9860000000000001,20.83958333333333,28.5,15.8
2025-03-18,0.136,19.507986111111112,26.1,15.7
2025-03-19,1.6510000000000002,19.616666666666667,26.1,16.1
2025-03-20,0.11900000000000001,19.210763888888884,25.3,15.5
2025-03-21,0.017,20.60451388888889,27.4,15.6
2025-03-22,1.054,20.83958333333333,27.2,16.0
2025-03-23,12.706000000000001,20.897222222222222,27.8,16.0
2025-03-24,2.023,19.79201388888889,26.6,15.3
2025-03-25,1.275,20.056944444444444,27.8,15.6
2025-03-26,6.482,18.95243055555555,25.8,15.2
2025-03-27,,,,
2025-03-28,,,,
2025-03-29,,,,
2025-03-30,,,,
2025-03-31,,,,
2025-04-01,,,,
2025-04-02,,,,
2025-04-03,,,,
2025-04-04,,,,
2025-04-05,,,,
2025-04-06,3.231,17.734027777777776,24.3,14.9
2025-04-07,0.23800000000000002,18.838541666666668,25.0,14.9
2025-04-08,2.587,19.20138888888889,26.9,14.6
2025-04-09,0.136,20.588541666666668,27.9,14.3
2025-04-10,2.756,18.662847222222222,24.0,13.7
2025-04-11,32.202,17.753125,26.8,11.6
2025-04-12,0.051000000000000004,19.04756944444445,25.4,14.4
2025-04-13,0.17,19.460069444444443,26.1,15.1
2025-04-14,0.255,19.720833333333335,26.4,15.2
2025-04-15,0.221,19.281944444444445,26.1,14.4
2025-04-16,0.30600000000000005,18.958680555555553,25.3,13.4
2025-04-17,0.22100000000000003,19.653125,27.0,14.0
2025-04-18,0.187,19.715625000000003,26.9,14.3
2025-04-19,0.15300000000000002,19.11006944444445,26.5,15.4
2025-04-20,50.169,17.863194444444446,25.5,14.6
2025-04-21,1.173,19.430902777777778,26.2,15.4
2025-04-22,0.357,19.13611111111111,24.5,15.9
2025-04-23,15.917000000000002,17.400347222222223,20.6,13.8
2025-04-24,0.42499999999999993,18.366666666666667,23.7,13.9
2025-04-25,0.28900000000000003,18.364930555555553,24.3,13.8
2025-04-26,0.28900000000000003,18.043055555555554,25.4,12.2
2025-04-27,0.28900000000000003,18.81597222222222,25.8,13.4
2025-04-28,0.17,19.283333333333335,25.9,13.8
2025-04-29,0.22100000000000003,19.48159722222222,26.0,14.5
2025-04-30,0.23800000000000002,18.28923611111111,24.8,14.5
2025-05-01,0.17,19.131944444444443,25.2,13.9
2025-05-02,0.272,18.626388888888886,25.5,12.1
2025-05-03,0.68,19.752083333333335,27.4,14.6
2025-05-04,6.585000000000001,19.413194444444443,26.0,15.0
2025-05-05,1.326,18.781944444444445,25.0,15.3
2025-05-06,0.15300000000000002,17.952777777777776,24.0,14.0
2025-05-07,0.272,18.029166666666665,23.9,13.3
2025-05-08,0.255,17.296180555555555,23.7,12.1
2025-05-09,0.051000000000000004,18.713541666666668,25.1,12.4
2025-05-10,8.232,18.76597222222222,25.7,14.7
2025-05-11,5.731000000000001,18.170833333333334,24.4,14.3
2025-05-12,16.2,18.35138888888889,25.4,14.5
2025-05-13,0.187,18.63645833333333,24.7,14.2
2025-05-14,0.561,18.048263888888886,24.3,12.5
2025-05-15,0.11900000000000001,18.225694444444443,24.1,14.0
2025-05-16,0.187,18.04722222222222,24.8,13.4
2025-05-17,0.17,18.172222222222224,24.7,13.2
2025-05-18,0.476,18.535416666666666,24.6,14.6
2025-05-19,1.123,18.53298611111111,24.6,14.8
2025-05-20,0.42500000000000004,19.00347222222222,25.1,15.4
2025-05-21,0.10200000000000001,18.820138888888888,24.9,14.5
2025-05-22,0.11900000000000001,18.991319444444443,25.8,14.2
2025-05-23,0.068,18.04861111111111,24.5,12.4
2025-05-24,0.0,18.003125,24.6,11.5
2025-05-25,0.0,17.022222222222226,22.2,13.5
2025-05-26,0.0,18.55798611111111,25.5,13.5
2025-05-27,0.034,17.571875,23.4,14.2
2025-05-28,0.085,17.880555555555556,24.6,12.4
2025-05-29,0.0,17.850347222222222,23.3,13.1
2025-05-30,0.0,17.17430555555556,24.8,10.3
2025-05-31,0.187,16.96527777777778,24.8,10.5
2025-06-01,0.136,17.55902777777778,24.6,10.7
2025-06-02,0.017,17.921527777777776,24.6,13.0
2025-06-03,0.085,17.05104166666667,24.0,12.2
2025-06-04,0.136,17.87986111111111,25.0,11.5
2025-06-05,0.11900000000000001,18.227777777777778,24.9,12.1
2025-06-06,0.0,17.386111111111113,23.0,12.4
2025-06-07,0.051000000000000004,17.216666666666665,23.9,11.7
2025-06-08,0.17,17.631944444444443,24.1,12.3
2025-06-09,0.15300000000000002,16.977777777777778,23.6,10.8
2025-06-10,0.085,17.51909722222222,25.0,11.5
2025-06-11,0.085,18.044791666666665,24.5,12.6
2025-06-12,0.0,17.297222222222224,24.6,11.8
2025-06-13,0.034,16.984027777777776,24.9,11.1
2025-06-14,0.136,16.51840277777778,23.9,8.9
2025-06-15,0.0,16.734375,22.3,11.5
2025-06-16,0.0,17.240624999999998,21.4,12.4
2025-06-17,0.0,17.6875,24.3,13.0
2025-06-18,0.017,18.08159722222222,24.9,11.9
2025-06-19,0.0,18.11388888888889,24.7,12.9
2025-06-20,2.6870000000000003,16.456944444444446,25.9,11.0
2025-06-21,0.11900000000000001,17.63888888888889,26.8,10.2
2025-06-22,1.1389999999999998,17.521874999999998,24.6,13.4
2025-06-23,0.136,16.011805555555554,23.4,10.9
2025-06-24,9.767,17.148263888888888,25.5,9.0
2025-06-25,0.595,17.49375,24.2,10.9
2025-06-26,8.681000000000001,16.97222222222222,23.3,12.4
2025-06-27,2.177,18.27534722222222,26.4,13.1
2025-06-28,0.0,16.78194444444445,21.0,14.1
2025-06-29,0.0,16.01284722222222,21.1,10.9
2025-06-30,0.0,16.28576388888889,21.0,11.4
2025-07-01,0.0,17.279861111111114,23.3,12.5
2025-07-02,0.0,17.400694444444444,23.9,12.9
2025-07-03,1.479,17.432291666666668,23.3,12.4
2025-07-04,0.017,17.624652777777776,24.0,13.4
2025-07-05,3.06,16.546527777777776,21.5,14.0
2025-07-06,0.0,17.34791666666667,22.5,14.0
2025-07-07,8.535000000000002,15.964583333333334,23.1,11.4
2025-07-08,0.0,16.18298611111111,20.2,13.9
2025-07-09,0.0,15.842708333333333,19.7,11.4
2025-07-10,0.0,17.43159722222222,23.5,11.4
2025-07-11,0.0,17.434375000000003,22.0,13.0
2025-07-12,0.0,17.960416666666664,23.8,14.3
2025-07-13,0.0,16.84097222222222,23.0,11.2
2025-07-14,0.017,16.929513888888888,24.3,10.9
2025-07-15,0.0,16.630208333333332,22.7,11.5
2025-07-16,0.0,16.886805555555558,22.7,11.7
2025-07-17,0.0,17.06076388888889,24.8,12.4
2025-07-18,0.0,17.160069444444446,22.7,13.5
2025-07-19,0.0,16.461111111111112,24.0,9.9
2025-07-20,0.017,15.143402777777778,23.1,10.4
2025-07-21,0.15300000000000002,15.596180555555557,23.7,8.6
2025-07-22,0.017,15.323611111111111,19.5,11.0
2025-07-23,0.0,15.762152777777779,19.4,10.3
2025-07-24,0.034,16.24236111111111,24.5,8.8
2025-07-25,0.085,16.49513888888889,25.2,8.7
2025-07-26,0.085,16.935416666666665,25.9,9.4
2025-07-27,0.11900000000000001,15.87986111111111,24.6,8.5
2025-07-28,0.017,15.947569444444444,24.4,9.5
2025-07-29,0.0,15.856250000000001,21.5,9.8
2025-07-30,0.051000000000000004,15.92673611111111,24.6,8.9
2025-07-31,0.17000000000000004,16.630555555555556,25.0,7.3
2025-08-01,0.017,16.050694444444446,19.6,13.3
2025-08-02,0.0,16.524305555555557,21.6,14.0
2025-08-03,0.017,15.909027777777778,22.4,10.6
2025-08-04,0.30600000000000005,15.712499999999999,23.2,10.3
2025-08-05,0.0,16.121875000000003,23.1,9.4
2025-08-06,0.085,17.062152777777776,26.3,8.9
2025-08-07,0.0,18.16701388888889,25.0,13.7
2025-08-08,0.0,17.350694444444443,24.0,13.5
2025-08-09,0.0,16.311111111111114,19.4,12.1
2025-08-10,0.0,16.913541666666667,24.9,10.4
2025-08-11,0.085,16.13611111111111,20.8,10.7
2025-08-12,0.0,15.853472222222226,21.1,10.6
2025-08-13,,,,
