source,id,datetime,dC_ch4_emis[kgCha-1],dC_co2_emis_auto[kgCha-1],dC_co2_emis_hetero[kgCha-1],dC_doc_leach[kgCha-1],dN_don_leach[kgNha-1],dN_no3_leach[kgNha-1],dN_nh4_leach[kgNha-1],dN_no_emis[kgNha-1],dN_n2o_emis[kgNha-1],dN_n2_emis[kgNha-1],dN_nh3_emis[kgNha-1],dN_n2_fix[kgNha-1],dC_co2_fix[kgCha-1],dS_so4_leach[kgSha-1],dC_litter_above[kgCha-1],dC_litter_below[kgCha-1],dN_litter_above[kgNha-1],dN_litter_below[kgNha-1],dN_deposition[kgNha-1],dN_plant_uptake[kgNha-1],dN_mineral[kgNha-1],dN_nitrify[kgNha-1],dN_denitrify[kgNha-1],dN_chemodenitrify[kgNha-1],C_plants[kgCha-1],C_soil[kgCha-1],C_soil_20cm[kgCha-1],C_soil_30cm[kgCha-1],C_aorg[kgCha-1],C_litter_raw[kgCha-1],C_litter[kgCha-1],C_mic[kgCha-1],C_sol[kgCha-1],C_wood_above[kgCha-1],C_wood_below[kgCha-1],N_plants[kgNha-1],N_soil[kgNha-1],N_soil_20cm[kgNha-1],N_soil_30cm[kgNha-1],N_aorg[kgNha-1],N_litter_raw[kgNha-1],N_litter[kgNha-1],N_mic[kgNha-1],N_sol[kgNha-1],N_wood_above[kgNha-1],N_wood_below[kgNha-1],anvf_mean[-]
setup,0,2023-04-25 23:00:00,1.05509e-07,0,2.52672,1.82862e-06,0,1.81481e-07,4.2494e-05,0.000103323,-0.000716699,0.000409449,1.56561e-06,0,0,0,0,0,0,0,0,0,8.09054,0.728639,0.0038826,0.000182087,0,446551,52741.8,77074.7,729.067,49.8412,443.981,95.4587,12.5483,0,0,0,78786.8,4280.22,7302.33,77.5196,1.89689,16.9263,10.9884,14.8813,0,0,0.729452
setup,0,2023-04-26 23:00:00,2.42477e-07,0,2.31365,1.20268e-08,0,2.443e-07,6.30516e-08,0.000165638,6.67104e-05,0.00117219,1.00017e-06,0,0,0,0,0,0,0,0,0,0.79452,0.530782,0.0175819,0.00022676,0,446548,52741,77074.4,730.57,49.7227,438.661,90.8983,22.2705,0,0,0,78786.5,4280.21,7302.4,78.1076,1.89238,16.7482,9.88062,15.4812,0,0,0.720934
setup,0,2023-04-27 23:00:00,1.24178e-07,0,2.39132,6.05148e-08,0,2.37071e-07,9.54345e-08,0.000146609,0.000253795,0.00215216,2.9773e-07,0,0,0,0,0,0,0,0,0,0.71705,0.460137,0.0338244,0.000282846,0,446544,52739.6,77075.3,730.919,49.6068,433.568,88.4742,29.8822,0,0,0,78786.4,4280.16,7302.67,78.4615,1.88797,16.5765,9.3013,15.8879,0,0,0.723982
setup,0,2023-04-28 23:00:00,2.16972e-07,0,2.38793,1.34278e-07,0,2.26787e-07,1.03322e-07,0.000205293,0.000655465,0.00322092,2.34183e-07,0,0,0,0,0,0,0,0,0,0.683963,0.413498,0.0441511,0.000344167,0,446540,52738.2,77074.6,730.543,49.4946,428.628,87.6858,35.8457,0,0,0,78786.3,4280.13,7302.74,78.6757,1.8837,16.4093,9.03475,16.1539,0,0,0.718352
setup,0,2023-04-29 23:00:00,3.26436e-07,0,2.54203,2.11155e-07,0,2.14931e-07,1.02861e-07,0.000249943,0.000932025,0.00434611,1.7359e-07,0,0,0,0,0,0,0,0,0,0.662445,0.3849,0.0533333,0.000405521,0,446535,52736.8,77073.5,729.695,49.3857,423.827,88.3049,40.0741,0,0,0,78786.3,4280.11,7302.8,78.8051,1.87955,16.2462,8.97325,16.3022,0,0,0.716124
setup,0,2023-04-30 23:00:00,4.72077e-07,0,2.72579,2.70594e-07,0,2.02509e-07,1.02868e-08,0.000290328,0.0011864,0.0055453,1.51071e-07,0,0,0,0,0,0,0,0,0,1.41939,0.387622,0.0618177,0.000469508,0,446530,52735.3,77072.1,728.579,49.28,419.213,90.0576,40.0185,0,0,0,78786.1,4280.1,7302.82,77.1462,1.87553,16.0883,8.86529,13.1876,0,0,0.710337
setup,0,2023-05-01 23:00:00,6.20112e-07,0,2.93933,2.7313e-07,0,1.90017e-07,8.18248e-09,0.000325593,0.00140772,0.00682136,1.0492e-07,0,0,0,0,0,0,0,0,0,0.561976,0.349419,0.0693718,0.000525344,0,446524,52733.8,77070.4,727.314,49.1773,414.715,92.6991,38.7006,0,0,0,78786.1,4280.09,7302.82,77.1373,1.87162,15.9337,8.90351,13.2312,0,0,0.708405
setup,0,2023-05-02 23:00:00,6.96206e-07,0,3.16573,1.86016e-07,0,1.77565e-07,1.65829e-08,0.000363564,0.00163931,0.00816124,9.26448e-08,0,0,0,0,0,0,0,0,0,0.599014,0.367565,0.0758369,0.000580694,0,446518,52732.2,77068.6,725.988,49.0776,410.322,96.0023,36.321,0,0,0,78786,4280.08,7302.81,77.0044,1.86783,15.7822,9.05942,13.2932,0,0,0.704349
setup,0,2023-05-03 23:00:00,4.40735e-07,0,3.34927,7.7209e-05,0,1.65511e-07,2.63846e-08,0.000400849,0.00187337,0.00954512,8.76856e-08,0,0,0,0,0,0,0,0,0,0.61007,0.381754,0.0811323,0.000633428,0,446512,52730.5,77066.7,724.679,48.9806,406.026,99.617,33.2308,0,0,0,78786,4280.07,7302.8,76.8185,1.86414,15.6336,9.29338,13.3346,0,0,0.699427
setup,0,2023-05-04 23:00:00,4.34212e-07,0,3.45809,0.000277167,0,1.54064e-07,3.55006e-08,0.000433509,0.0020902,0.0109083,8.29689e-08,0,0,0,0,0,0,0,0,0,0.611261,0.387492,0.0855498,0.00068084,0,446506,52728.9,77064.8,723.467,48.8864,401.822,103.128,29.8589,0,0,0,78785.9,4280.07,7302.79,76.6131,1.86055,15.4878,9.56423,13.3552,0,0,0.698126
setup,0,2023-05-05 23:00:00,3.30079e-07,0,3.55763,0.000434505,0,1.43356e-07,3.94192e-08,0.000355157,0.00147603,0.0124148,6.51369e-08,0,0,0,0,0,0,0,0,0,0.609993,0.406996,0.0935921,0.000725822,0,446499,52726.4,77064.3,722.412,48.7945,397.719,106.207,26.4546,0,0,0,78785.9,4279.93,7302.95,76.4012,1.85705,15.345,9.84816,13.3651,0,0,0.698802
setup,0,2023-05-06 23:00:00,3.77664e-07,0,3.42499,0.000332801,0,1.33349e-07,4.11592e-08,0.000410573,0.0020835,0.0140562,4.96308e-08,0,0,0,0,0,0,0,0,0,0.591687,0.362253,0.0968085,0.000778536,0,446493,52724.8,77062.6,721.535,48.705,393.705,108.703,23.567,0,0,0,78785.8,4279.91,7302.93,76.2232,1.85365,15.2049,10.0946,13.3691,0,0,0.693799
setup,0,2023-05-07 23:00:00,4.17589e-07,0,3.28514,3.48346e-06,0,1.24217e-07,4.18609e-08,0.000457875,0.00240622,0.0154913,4.87497e-08,0,0,0,0,0,0,0,0,0,0.573124,0.365655,0.099437,0.000821683,0,446488,52723.4,77061,720.803,48.618,389.777,110.463,22.4784,0,0,0,78785.7,4279.89,7302.93,76.0771,1.85034,15.0674,10.304,13.3783,0,0,0.691565
setup,0,2023-05-08 23:00:00,4.53611e-07,0,3.2415,4.25533e-06,0,1.15989e-07,4.20098e-08,0.000492906,0.00265322,0.0167997,4.67655e-08,0,0,0,0,0,0,0,0,0,0.554621,0.360891,0.102076,0.000856998,0,446483,52722,77059.5,720.169,48.5334,385.931,111.896,21.8178,0,0,0,78785.7,4279.87,7302.93,75.9594,1.84711,14.9324,10.4764,13.3932,0,0,0.689905
setup,0,2023-05-09 23:00:00,4.78121e-07,0,3.20682,5.02332e-06,0,1.08545e-07,4.18599e-08,0.00051874,0.00284357,0.0180067,4.43819e-08,0,0,0,0,0,0,0,0,0,0.538532,0.356748,0.104906,0.000886138,0,446478,52720.7,77058.1,719.602,48.451,382.168,113.138,21.3089,0,0,0,78785.6,4279.86,7302.94,75.8625,1.84398,14.8,10.6211,13.4117,0,0,0.687602
setup,0,2023-05-10 23:00:00,5.09068e-07,0,3.18004,5.76722e-06,0,1.01793e-07,4.15372e-08,0.000540025,0.00299563,0.0191375,4.19339e-08,0,0,0,0,0,0,0,0,0,0.524729,0.351762,0.107494,0.000911759,0,446474,52719.4,77056.8,719.086,48.3707,378.484,114.23,20.9334,0,0,0,78785.6,4279.85,7302.94,75.7807,1.84092,14.6699,10.7452,13.4317,0,0,0.688956
setup,0,2023-05-11 23:00:00,2.26764e-07,0,3.57189,6.47582e-06,0,9.57979e-08,4.11782e-08,0.000286403,-1.80832e-05,0.0207557,2.82409e-08,0,0,0,0,0,0,0,0,0,0.889659,0.659731,0.122607,0.00090001,0,446469,52707.3,77057.1,718.654,48.2925,374.906,115.081,20.2576,0,0,0,78785.5,4277.98,7302.29,74.9551,1.83795,14.5426,10.8383,14.213,0,0,0.706065
setup,0,2023-05-12 23:00:00,1.02433e-07,0,3.16523,7.14098e-06,0,9.02356e-08,4.07148e-08,0.000418324,0.000957335,0.0247544,1.53385e-08,0,0,0,0,0,0,0,0,0,0.46373,0.343063,0.149178,0.00100324,0,446465,52705.7,77055.8,718.277,48.2162,371.441,115.698,19.9764,0,0,0,78785.4,4277.93,7302.3,74.9613,1.83504,14.4189,10.9134,14.136,0,0,0.688797
setup,0,2023-05-13 23:00:00,4.72194e-08,0,3.12874,7.7593e-06,0,8.51585e-08,4.02351e-08,0.000457097,0.00167919,0.0270237,1.62389e-08,0,0,0,0,0,0,0,0,0,0.460177,0.329382,0.147476,0.00109066,0,446460,52704.6,77054.7,717.896,48.1419,367.99,116.286,19.8651,0,0,0,78785.4,4277.94,7302.34,74.966,1.83221,14.296,10.9737,14.0941,0,0,0.68189
setup,0,2023-05-14 23:00:00,5.55196e-08,0,3.08641,8.32974e-06,0,8.05422e-08,3.97823e-08,0.0004834,0.00209391,0.0290001,1.65591e-08,0,0,0,0,0,0,0,0,0,0.456709,0.323692,0.148409,0.00114961,0,446456,52703.5,77053.6,717.514,48.0694,364.602,116.874,19.7811,0,0,0,78785.3,4277.93,7302.36,74.9617,1.82946,14.1751,11.0302,14.0659,0,0,0.678496
setup,0,2023-05-15 23:00:00,6.3589e-08,0,3.04862,8.8542e-06,0,7.63425e-08,3.93521e-08,0.00051111,0.00238563,0.0307003,1.66411e-08,0,0,0,0,0,0,0,0,0,0.450341,0.322045,0.148746,0.00119089,0,446452,52702.4,77052.4,717.143,47.9987,361.279,117.433,19.7071,0,0,0,78785.2,4277.93,7302.38,74.9549,1.82676,14.0565,11.0838,14.0427,0,0,0.67784
setup,0,2023-05-16 23:00:00,7.20385e-08,0,3.01268,9.33448e-06,0,7.25192e-08,3.8944e-08,0.000539396,0.00261547,0.0321445,1.65288e-08,0,0,0,0,0,0,0,0,0,0.445352,0.321492,0.149042,0.00121888,0,446448,52701.4,77051.3,716.785,47.9297,358.022,117.954,19.6451,0,0,0,78785.2,4277.93,7302.4,74.9437,1.82414,13.9399,11.1348,14.0265,0,0,0.675177
setup,0,2023-05-17 23:00:00,7.91891e-08,0,2.97674,9.77218e-06,0,6.90354e-08,3.85588e-08,0.000566594,0.00280738,0.033387,1.62428e-08,0,0,0,0,0,0,0,0,0,0.43876,0.320067,0.149703,0.00123747,0,446444,52700.4,77050.2,716.441,47.8624,354.831,118.435,19.5927,0,0,0,78785.1,4277.93,7302.41,74.9312,1.82158,13.8256,11.1833,14.0119,0,0,0.673267
setup,0,2023-05-18 23:00:00,6.03768e-08,0,2.96238,1.01696e-05,0,6.58813e-08,3.82124e-08,0.000461827,0.00143961,0.0350388,1.15001e-08,0,0,0,0,0,0,0,0,0,0.458614,0.351491,0.156215,0.00124238,0,446440,52697.4,77049.2,716.114,47.7967,351.72,118.864,19.5004,0,0,0,78785,4277.59,7302.33,74.8636,1.81908,13.7137,11.2288,14.0484,0,0,0.676887
setup,0,2023-05-19 23:00:00,7.0081e-08,0,2.90931,1.05285e-05,0,6.29767e-08,3.78762e-08,0.000594884,0.0026499,0.0364287,1.237e-08,0,0,0,0,0,0,0,0,0,0.419306,0.314682,0.156108,0.00126342,0,446436,52696.1,77048.1,715.799,47.7325,348.658,119.246,19.4745,0,0,0,78785,4277.56,7302.34,74.8628,1.81663,13.6034,11.268,14.0364,0,0,0.6723
setup,0,2023-05-20 23:00:00,7.47991e-08,0,2.86729,1.0852e-05,0,6.03195e-08,3.75628e-08,0.00062921,0.00305161,0.0373295,1.29701e-08,0,0,0,0,0,0,0,0,0,0.410071,0.308406,0.155164,0.00127552,0,446433,52695.2,77047.1,715.485,47.6698,345.649,119.619,19.4585,0,0,0,78784.9,4277.56,7302.36,74.867,1.81425,13.495,11.3058,14.0424,0,0,0.672253
setup,0,2023-05-21 23:00:00,8.00519e-08,0,2.82854,1.11431e-05,0,5.78855e-08,3.72696e-08,0.000645833,0.00322472,0.0380675,1.33135e-08,0,0,0,0,0,0,0,0,0,0.399889,0.308257,0.154662,0.00128183,0,446429,52694.3,77046.2,715.177,47.6085,342.697,119.982,19.4408,0,0,0,78784.8,4277.56,7302.37,74.8778,1.81191,13.3885,11.344,14.0602,0,0,0.669784
setup,0,2023-05-22 23:00:00,8.51975e-08,0,2.79421,1.14044e-05,0,5.56524e-08,3.69929e-08,0.00065832,0.00331827,0.0386361,1.33159e-08,0,0,0,0,0,0,0,0,0,0.392869,0.305313,0.153437,0.00128315,0,446425,52693.3,77045.2,714.873,47.5485,339.797,120.333,19.4246,0,0,0,78784.8,4277.55,7302.39,74.8898,1.80963,13.2838,11.3822,14.0837,0,0,0.668136
setup,0,2023-05-23 23:00:00,9.02786e-08,0,2.76041,1.16382e-05,0,5.36002e-08,3.67285e-08,0.000670359,0.00338295,0.0390777,1.31763e-08,0,0,0,0,0,0,0,0,0,0.385107,0.303214,0.152634,0.00128088,0,446422,52692.4,77044.3,714.576,47.4899,336.949,120.672,19.4051,0,0,0,78784.7,4277.55,7302.4,74.9047,1.8074,13.1808,11.4207,14.1151,0,0,0.666132
setup,0,2023-05-24 23:00:00,9.67675e-08,0,2.75055,1.18469e-05,0,5.17228e-08,3.64799e-08,0.000729742,0.00297703,0.0400574,2.13702e-08,0,0,0,0,0,0,0,0,0,0.407578,0.335374,0.157627,0.00127341,0,446418,52689.7,77043.2,714.287,47.4325,334.16,120.99,19.3506,0,0,0,78784.6,4277.26,7302.32,74.8612,1.80522,13.0798,11.46,14.1983,0,0,0.665047
setup,0,2023-05-25 23:00:00,9.19518e-08,0,2.70207,1.20316e-05,0,4.99802e-08,3.62256e-08,0.000717858,0.00348024,0.0406136,1.57207e-08,0,0,0,0,0,0,0,0,0,0.367748,0.298473,0.156223,0.00127456,0,446415,52688.8,77042.2,714.003,47.3763,331.413,121.297,19.3282,0,0,0,78784.6,4277.26,7302.33,74.8867,1.80308,12.9802,11.4965,14.2251,0,0,0.663078
setup,0,2023-05-26 23:00:00,9.18374e-08,0,2.66684,1.21715e-05,0,4.83711e-08,3.57758e-08,0.000721896,0.00357269,0.040892,1.48386e-08,0,0,0,0,0,0,0,0,0,0.369172,0.294583,0.155038,0.00127368,0,446411,52687.9,77041.3,713.724,47.321,328.714,121.599,19.3001,0,0,0,78784.5,4277.26,7302.34,74.8974,1.80097,12.8822,11.5329,14.2675,0,0,0.664678
setup,0,2023-05-27 23:00:00,9.31308e-08,0,2.65643,1.20342e-05,0,4.68713e-08,3.1809e-08,0.000723858,0.00360514,0.0411109,1.45591e-08,0,0,0,0,0,0,0,0,0,0.36408,0.295514,0.153842,0.0012711,0,446408,52687.1,77040.4,713.462,47.2648,326.047,121.896,19.2685,0,0,0,78784.5,4277.25,7302.35,74.912,1.79883,12.7856,11.5698,14.315,0,0,0.658854
setup,0,2023-05-28 23:00:00,9.36764e-08,0,2.65398,1.185e-05,0,4.54576e-08,2.68271e-08,0.00072884,0.00362213,0.0413842,1.4442e-08,0,0,0,0,0,0,0,0,0,0.36095,0.295476,0.153762,0.00126818,0,446405,52686.2,77039.5,713.219,47.2082,323.407,122.188,19.2288,0,0,0,78784.4,4277.25,7302.37,74.9284,1.79668,12.69,11.6072,14.3627,0,0,0.659568
setup,0,2023-05-29 23:00:00,9.3546e-08,0,2.6389,1.19172e-05,0,4.41421e-08,2.56225e-08,0.00073387,0.00362672,0.0416096,1.42781e-08,0,0,0,0,0,0,0,0,0,0.357224,0.295537,0.15334,0.00126447,0,446401,52685.4,77038.6,712.99,47.1521,320.8,122.473,19.1859,0,0,0,78784.3,4277.25,7302.38,74.946,1.79454,12.5957,11.6448,14.4143,0,0,0.657437
setup,0,2023-05-30 23:00:00,9.38028e-08,0,2.65372,1.20254e-05,0,4.29327e-08,2.55366e-08,0.000742301,0.00365534,0.041855,1.46344e-08,0,0,0,0,0,0,0,0,0,0.360789,0.297179,0.153427,0.00126091,0,446398,52684.5,77037.7,712.79,47.0929,318.206,122.752,19.1371,0,0,0,78784.3,4277.25,7302.39,74.9571,1.79229,12.5021,11.6825,14.473,0,0,0.65735
setup,0,2023-05-31 23:00:00,9.13012e-08,0,2.65881,1.06948e-05,0,4.1817e-08,2.52576e-08,0.000759686,0.00371166,0.0422823,2.65731e-08,0,0,0,0,0,0,0,0,0,0.515844,0.394131,0.154855,0.00127137,0,446395,52683.7,77036.8,712.66,47.0311,315.616,122.89,18.6702,0,0,0,78784.2,4277.25,7302.4,74.6195,1.78994,12.4091,11.6982,14.2777,0,0,0.654692
setup,0,2023-06-01 23:00:00,7.29937e-08,0,2.6408,1.07023e-05,0,4.07866e-08,2.49067e-08,0.00076817,0.00374294,0.0427334,1.80212e-08,0,0,0,0,0,0,0,0,0,0.34028,0.312146,0.156759,0.00126794,0,446392,52682.8,77035.8,712.595,46.9682,313.038,122.874,18.3417,0,0,0,78784.2,4277.25,7302.41,74.6373,1.78755,12.3166,11.7105,14.3314,0,0,0.653259
setup,0,2023-06-02 23:00:00,6.05823e-08,0,2.62411,1.07482e-05,0,3.98308e-08,2.45392e-08,0.000776902,0.0037786,0.0432132,1.66332e-08,0,0,0,0,0,0,0,0,0,0.338327,0.306251,0.158025,0.00126991,0,446389,52682,77034.9,712.565,46.9049,310.478,122.776,18.0926,0,0,0,78784.1,4277.25,7302.42,74.6596,1.78514,12.2249,11.7196,14.3847,0,0,0.652787
setup,0,2023-06-03 23:00:00,5.71408e-08,0,2.60484,1.07673e-05,0,3.89408e-08,2.41816e-08,0.000784676,0.00381275,0.0436688,1.57599e-08,0,0,0,0,0,0,0,0,0,0.335516,0.304585,0.159003,0.00127154,0,446386,52681.1,77034,712.551,46.8416,307.941,122.637,17.8909,0,0,0,78784,4277.25,7302.43,74.6852,1.78273,12.1341,11.7263,14.438,0,0,0.651544
setup,0,2023-06-04 23:00:00,5.48941e-08,0,2.60573,1.07547e-05,0,3.81096e-08,2.3845e-08,0.000792745,0.00385525,0.0440992,1.54452e-08,0,0,0,0,0,0,0,0,0,0.334087,0.303599,0.159727,0.0012726,0,446382,52680.2,77033,712.558,46.7761,305.418,122.472,17.7198,0,0,0,78784,4277.25,7302.44,74.7144,1.78024,12.0439,11.7305,14.4909,0,0,0.650836
setup,0,2023-06-05 23:00:00,5.37151e-08,0,2.61866,1.07054e-05,0,3.73313e-08,2.35331e-08,0.000801331,0.00389858,0.0445927,1.54303e-08,0,0,0,0,0,0,0,0,0,0.333848,0.304342,0.160661,0.00127517,0,446379,52679.4,77032.1,712.585,46.7088,302.9,122.29,17.5704,0,0,0,78783.9,4277.24,7302.45,74.7471,1.77767,11.9541,11.7328,14.5437,0,0,0.65026
setup,0,2023-06-06 23:00:00,5.21932e-08,0,2.62294,1.06166e-05,0,3.66011e-08,2.32463e-08,0.000808631,0.00393535,0.0451351,1.54428e-08,0,0,0,0,0,0,0,0,0,0.332986,0.304666,0.161908,0.00127815,0,446376,52678.5,77031.2,712.623,46.6404,300.394,122.102,17.4361,0,0,0,78783.9,4277.24,7302.47,74.7821,1.77507,11.8649,11.7338,14.5962,0,0,0.64967
setup,0,2023-06-07 23:00:00,5.08934e-08,0,2.62126,1.0489e-05,0,3.59146e-08,2.29833e-08,0.000815152,0.00396878,0.0456587,1.55004e-08,0,0,0,0,0,0,0,0,0,0.332003,0.305487,0.16245,0.00128116,0,446373,52677.6,77030.2,712.667,46.5715,297.904,121.913,17.3153,0,0,0,78783.8,4277.24,7302.48,74.8184,1.77245,11.7763,11.7339,14.6496,0,0,0.647877
setup,0,2023-06-08 23:00:00,5.01104e-08,0,2.61586,1.03261e-05,0,3.5268e-08,2.27421e-08,0.000819731,0.00399756,0.0461344,1.55629e-08,0,0,0,0,0,0,0,0,0,0.33129,0.305787,0.162893,0.00128258,0,446370,52676.7,77029.3,712.712,46.5023,295.433,121.726,17.2049,0,0,0,78783.7,4277.24,7302.49,74.8545,1.76981,11.6884,11.7334,14.7039,0,0,0.646956
setup,0,2023-06-09 23:00:00,4.97992e-08,0,2.60905,1.01321e-05,6.53604e-11,3.46581e-08,2.25404e-08,0.00082372,0.00402072,0.0465758,1.55905e-08,0,0,0,0,0,0,0,0,0,0.329829,0.305401,0.163215,0.00128263,0,446367,52675.8,77028.3,712.758,46.4329,292.983,121.545,17.1018,0,0,0,78783.7,4277.24,7302.5,74.891,1.76717,11.6012,11.7327,14.758,0,0,0.645465
setup,0,2023-06-10 23:00:00,4.93107e-08,0,2.59944,9.98744e-06,7.37522e-09,3.40822e-08,2.45473e-08,0.000826458,0.00403882,0.0469697,1.5627e-08,0,0,0,0,0,0,0,0,0,0.328289,0.30463,0.163537,0.00128162,0,446364,52674.9,77027.4,712.801,46.3634,290.555,121.369,17.0051,0,0,0,78783.6,4277.23,7302.51,74.9277,1.76453,11.5148,11.732,14.8117,0,0,0.646785
setup,0,2023-06-11 23:00:00,4.86679e-08,0,2.59248,1.03503e-05,6.44199e-08,3.35411e-08,4.17717e-08,0.000828756,0.00405539,0.0473209,1.57457e-08,0,0,0,0,0,0,0,0,0,0.326979,0.305801,0.163753,0.00128005,0,446361,52674,77026.4,712.845,46.2935,288.148,121.197,16.9196,0,0,0,78783.6,4277.23,7302.52,74.9648,1.76187,11.4292,11.7312,14.8668,0,0,0.644485
setup,0,2023-06-12 23:00:00,4.80349e-08,0,2.58769,1.17192e-05,2.1742e-07,3.30361e-08,8.88282e-08,0.000830504,0.00406865,0.0475982,1.58801e-08,0,0,0,0,0,0,0,0,0,0.325904,0.305176,0.163473,0.00127695,0,446358,52673.2,77025.5,712.889,46.2233,285.76,121.031,16.8402,0,0,0,78783.5,4277.23,7302.53,75.0023,1.75919,11.3442,11.7303,14.9216,0,0,0.642931
setup,0,2023-06-13 23:00:00,4.75927e-08,0,2.57953,1.41215e-05,4.68523e-07,3.25657e-08,1.67171e-07,0.000831392,0.00407789,0.0479203,1.59944e-08,0,0,0,0,0,0,0,0,0,0.324579,0.305104,0.164124,0.0012745,0,446355,52672.3,77024.5,712.932,46.1529,283.395,120.871,16.7606,0,0,0,78783.5,4277.23,7302.54,75.0397,1.75652,11.26,11.7295,14.9763,0,0,0.642544
setup,0,2023-06-14 23:00:00,4.71477e-08,0,2.57064,1.72958e-05,7.92865e-07,3.21261e-08,2.69825e-07,0.000831524,0.00408289,0.0480544,1.60609e-08,0,0,0,0,0,0,0,0,0,0.323261,0.304916,0.162939,0.00126949,0,446352,52671.4,77023.6,712.972,46.0826,281.051,120.718,16.6901,0,0,0,78783.4,4277.23,7302.55,75.0778,1.75384,11.1764,11.7288,15.032,0,0,0.640726
setup,0,2023-06-15 23:00:00,4.74159e-08,0,2.55931,2.09442e-05,1.16216e-06,3.17135e-08,3.88454e-07,0.000830351,0.00408344,0.0482459,1.60985e-08,0,0,0,0,0,0,0,0,0,0.321816,0.304221,0.163058,0.00126466,0,446350,52670.5,77022.7,713.009,46.0123,278.73,120.571,16.6198,0,0,0,78783.3,4277.22,7302.56,75.1157,1.75117,11.0937,11.7282,15.0873,0,0,0.640929
setup,0,2023-06-16 23:00:00,4.73291e-08,0,2.54875,2.48273e-05,1.55365e-06,3.13248e-08,5.1617e-07,0.000828983,0.00407931,0.0483675,1.61204e-08,0,0,0,0,0,0,0,0,0,0.32045,0.303879,0.16265,0.00125895,0,446347,52669.7,77021.7,713.044,45.9422,276.433,120.43,16.5522,0,0,0,78783.3,4277.22,7302.57,75.1535,1.7485,11.0118,11.7279,15.1435,0,0,0.640011
setup,0,2023-06-17 23:00:00,4.41143e-08,0,2.5367,2.87758e-05,1.95121e-06,3.09571e-08,6.47952e-07,0.000827225,0.00407242,0.048417,1.61554e-08,0,0,0,0,0,0,0,0,0,0.318816,0.302731,0.161792,0.00125203,0,446344,52668.8,77020.8,713.075,45.8723,274.159,120.296,16.4888,0,0,0,78783.2,4277.22,7302.58,75.1917,1.74584,10.9306,11.7278,15.1999,0,0,0.638129
setup,0,2023-06-18 23:00:00,3.75589e-08,0,2.52447,3.26767e-05,2.34401e-06,3.06082e-08,7.80332e-07,0.000824769,0.00406252,0.048468,1.61673e-08,0,0,0,0,0,0,0,0,0,0.317295,0.302444,0.161629,0.00124491,0,446341,52668,77019.9,713.103,45.8026,271.909,120.168,16.4243,0,0,0,78783.2,4277.22,7302.6,75.2298,1.74319,10.8502,11.7279,15.2565,0,0,0.6378
setup,0,2023-06-19 23:00:00,3.54696e-08,0,2.51181,3.64574e-05,2.72509e-06,3.02764e-08,9.10975e-07,0.000821873,0.00404966,0.0484402,1.61764e-08,0,0,0,0,0,0,0,0,0,0.31585,0.30095,0.160859,0.00123687,0,446338,52667.1,77019,713.127,45.7332,269.684,120.046,16.3617,0,0,0,78783.1,4277.21,7302.61,75.2677,1.74054,10.7706,11.7283,15.3127,0,0,0.638308
setup,0,2023-06-20 23:00:00,3.51894e-08,0,2.51075,4.00733e-05,3.09008e-06,2.99601e-08,1.03834e-06,0.000819118,0.00404234,0.048411,1.63453e-08,0,0,0,0,0,0,0,0,0,0.315259,0.301594,0.160547,0.00122971,0,446335,52666.2,77018.1,713.155,45.6626,267.476,119.927,16.2997,0,0,0,78783,4277.21,7302.62,75.3061,1.73786,10.6917,11.7286,15.3697,0,0,0.636735
setup,0,2023-06-21 23:00:00,3.51508e-08,0,2.51665,4.34986e-05,3.43642e-06,2.96579e-08,1.16142e-06,0.000816971,0.00403503,0.0484088,1.65763e-08,0,0,0,0,0,0,0,0,0,0.315253,0.301971,0.160142,0.00122323,0,446333,52665.4,77017.2,713.188,45.591,265.281,119.809,16.2405,0,0,0,78783,4277.21,7302.63,75.3458,1.73513,10.6133,11.7287,15.4267,0,0,0.636063
setup,0,2023-06-22 23:00:00,3.49809e-08,0,2.52555,4.67195e-05,3.76272e-06,2.93688e-08,1.2796e-06,0.000815693,0.00403065,0.0484434,1.69029e-08,0,0,0,0,0,0,0,0,0,0.315649,0.302651,0.160129,0.00121765,0,446330,52664.5,77016.2,713.228,45.518,263.098,119.693,16.182,0,0,0,78782.9,4277.21,7302.64,75.3865,1.73235,10.5354,11.7287,15.4837,0,0,0.63485
setup,0,2023-06-23 23:00:00,3.4489e-08,0,2.53621,4.97306e-05,4.06839e-06,2.90917e-08,1.3925e-06,0.00081474,0.00402762,0.0485203,1.72712e-08,0,0,0,0,0,0,0,0,0,0.316304,0.303583,0.160407,0.00121336,0,446327,52663.6,77015.3,713.275,45.4438,260.925,119.579,16.1238,0,0,0,78782.9,4277.21,7302.65,75.4283,1.72953,10.458,11.7285,15.5405,0,0,0.6335
setup,0,2023-06-24 23:00:00,3.4158e-08,0,2.546,5.25314e-05,4.35338e-06,2.88257e-08,1.49993e-06,0.000813318,0.00402588,0.0486301,1.75931e-08,0,0,0,0,0,0,0,0,0,0.316802,0.305518,0.160497,0.00121013,0,446324,52662.8,77014.4,713.327,45.3685,258.763,119.467,16.0676,0,0,0,78782.8,4277.2,7302.66,75.4714,1.72666,10.3809,11.7282,15.598,0,0,0.631751
setup,0,2023-06-25 23:00:00,3.36854e-08,0,2.55483,5.5124e-05,4.618e-06,2.85699e-08,1.60183e-06,0.000812211,0.00402367,0.0487726,1.7872e-08,0,0,0,0,0,0,0,0,0,0.317258,0.306043,0.160769,0.00120724,0,446321,52661.9,77013.4,713.385,45.2923,256.613,119.356,16.0116,0,0,0,78782.8,4277.2,7302.67,75.5158,1.72376,10.3044,11.7277,15.6551,0,0,0.632163
setup,0,2023-06-26 23:00:00,3.31671e-08,0,2.56039,5.75119e-05,4.86278e-06,2.83238e-08,1.6982e-06,0.000810793,0.00402116,0.0489413,1.81681e-08,0,0,0,0,0,0,0,0,0,0.317532,0.307304,0.161186,0.00120444,0,446319,52661,77012.5,713.446,45.2155,254.477,119.247,15.9547,0,0,0,78782.7,4277.2,7302.68,75.5609,1.72084,10.2283,11.727,15.7122,0,0,0.631835
setup,0,2023-06-27 23:00:00,3.23506e-08,0,2.56352,5.96995e-05,5.08843e-06,2.80866e-08,1.78914e-06,0.000808845,0.00401742,0.0490576,1.84519e-08,0,0,0,0,0,0,0,0,0,0.31756,0.30824,0.161224,0.00120103,0,446316,52660.1,77011.5,713.51,45.1381,252.356,119.14,15.9003,0,0,0,78782.6,4277.2,7302.7,75.6073,1.71789,10.1528,11.7263,15.77,0,0,0.631593
setup,0,2023-06-28 23:00:00,3.18875e-08,0,2.56712,6.16925e-05,5.29572e-06,2.78578e-08,1.87475e-06,0.000805993,0.00401142,0.0491215,1.86823e-08,0,0,0,0,0,0,0,0,0,0.317302,0.309132,0.160621,0.00119735,0,446313,52659.2,77010.5,713.576,45.0602,250.249,119.034,15.8523,0,0,0,78782.6,4277.2,7302.71,75.6554,1.71493,10.0777,11.7254,15.829,0,0,0.629318
setup,0,2023-06-29 23:00:00,3.20734e-08,0,2.57354,6.3498e-05,5.4855e-06,2.76368e-08,1.95519e-06,0.000804262,0.00400588,0.0491884,1.88757e-08,0,0,0,0,0,0,0,0,0,0.317636,0.309336,0.16033,0.00119335,0,446310,52658.3,77009.6,713.644,44.9816,248.156,118.93,15.8053,0,0,0,78782.5,4277.19,7302.72,75.7045,1.71194,10.0031,11.7247,15.8879,0,0,0.629198
setup,0,2023-06-30 23:00:00,3.20119e-08,0,2.56108,6.44451e-05,5.65671e-06,2.74235e-08,2.03021e-06,0.000805449,0.00401049,0.049299,2.39123e-08,0,0,0,0,0,0,0,0,0,0.364463,0.343381,0.160594,0.00119434,0,446307,52657.4,77008.7,713.74,44.9021,246.077,118.733,15.4593,0,0,0,78782.5,4277.19,7302.73,75.6207,1.70891,9.92904,11.7145,15.8497,0,0,0.627643
setup,0,2023-07-01 23:00:00,3.17389e-08,0,2.54264,6.58728e-05,5.81361e-06,2.72184e-08,2.10009e-06,0.000801673,0.00400215,0.0493445,2.0403e-08,0,0,0,0,0,0,0,0,0,0.303544,0.311946,0.160803,0.00118728,0,446305,52656.5,77007.7,713.865,44.8218,244.012,118.434,15.2144,0,0,0,78782.4,4277.19,7302.74,75.6626,1.70586,9.85544,11.7,15.8962,0,0,0.627728
setup,0,2023-07-02 23:00:00,3.00941e-08,0,2.52877,6.71699e-05,5.95563e-06,2.70209e-08,2.1654e-06,0.000797969,0.00399198,0.0493486,1.99034e-08,0,0,0,0,0,0,0,0,0,0.302532,0.309353,0.160429,0.00118274,0,446302,52655.7,77006.8,713.999,44.7408,241.96,118.088,15.032,0,0,0,78782.4,4277.19,7302.75,75.7088,1.70278,9.7823,11.6817,15.9451,0,0,0.625704
setup,0,2023-07-03 23:00:00,2.5791e-08,0,2.51833,6.83168e-05,6.08361e-06,2.683e-08,2.22628e-06,0.000794358,0.00398029,0.0493235,1.96214e-08,0,0,0,0,0,0,0,0,0,0.30172,0.306771,0.159929,0.00117772,0,446299,52654.8,77005.8,714.131,44.6594,239.921,117.722,14.8899,0,0,0,78782.3,4277.19,7302.77,75.7575,1.69968,9.70961,11.6608,15.9949,0,0,0.624548
setup,0,2023-07-04 23:00:00,2.44864e-08,0,2.50964,6.93234e-05,6.19835e-06,2.6645e-08,2.28292e-06,0.000791065,0.00396679,0.0492905,1.94221e-08,0,0,0,0,0,0,0,0,0,0.300851,0.305559,0.159137,0.00117264,0,446297,52654,77004.9,714.256,44.5776,237.897,117.352,14.7757,0,0,0,78782.2,4277.19,7302.78,75.8083,1.69656,9.63739,11.6384,16.046,0,0,0.623418
setup,0,2023-07-05 23:00:00,2.43007e-08,0,2.5015,7.0199e-05,6.30064e-06,2.64656e-08,2.33548e-06,0.000787321,0.00395105,0.0493247,1.93258e-08,0,0,0,0,0,0,0,0,0,0.300137,0.303964,0.159342,0.00116757,0,446294,52653.1,77004,714.372,44.4953,235.891,116.984,14.6768,0,0,0,78782.2,4277.19,7302.79,75.8598,1.69343,9.56575,11.6151,16.0971,0,0,0.623355
setup,0,2023-07-06 23:00:00,2.39822e-08,0,2.49413,7.09519e-05,6.39123e-06,2.62912e-08,2.38417e-06,0.000783363,0.00393383,0.0492141,1.933e-08,0,0,0,0,0,0,0,0,0,0.299457,0.303291,0.158213,0.00116172,0,446292,52652.3,77003.1,714.477,44.4128,233.898,116.624,14.5961,0,0,0,78782.1,4277.18,7302.8,75.9122,1.69029,9.49457,11.5915,16.1496,0,0,0.622378
setup,0,2023-07-07 23:00:00,2.40805e-08,0,2.48739,7.15905e-05,6.47084e-06,2.61216e-08,2.42916e-06,0.000779796,0.00391555,0.0491404,1.93546e-08,0,0,0,0,0,0,0,0,0,0.298962,0.301799,0.157501,0.00115607,0,446289,52651.4,77002.2,714.569,44.33,231.922,116.273,14.5266,0,0,0,78782.1,4277.18,7302.81,75.9649,1.68714,9.42391,11.568,16.2024,0,0,0.62291
setup,0,2023-07-08 23:00:00,2.40979e-08,0,2.48068,7.21226e-05,6.54017e-06,2.59564e-08,2.47063e-06,0.000775478,0.0038966,0.0490049,1.94352e-08,0,0,0,0,0,0,0,0,0,0.298504,0.301656,0.156875,0.00114989,0,446286,52650.6,77001.3,714.65,44.2469,229.963,115.933,14.4671,0,0,0,78782,4277.18,7302.83,76.0176,1.68398,9.35376,11.5449,16.2562,0,0,0.620932
setup,0,2023-07-09 23:00:00,2.42926e-08,0,2.47582,7.25559e-05,6.59985e-06,2.57954e-08,2.50874e-06,0.000771509,0.00387598,0.0488656,1.95273e-08,0,0,0,0,0,0,0,0,0,0.298075,0.301167,0.156039,0.00114325,0,446284,52649.7,77000.4,714.719,44.1636,228.019,115.604,14.4163,0,0,0,78782,4277.18,7302.84,76.0706,1.6808,9.28413,11.5222,16.3112,0,0,0.619496
setup,0,2023-07-10 23:00:00,2.44063e-08,0,2.47057,7.28975e-05,6.65052e-06,2.56383e-08,2.54368e-06,0.000767467,0.0038546,0.0487468,1.96624e-08,0,0,0,0,0,0,0,0,0,0.297698,0.299834,0.155479,0.00113689,0,446281,52648.9,76999.5,714.777,44.0799,226.091,115.286,14.3711,0,0,0,78781.9,4277.18,7302.85,76.1234,1.67762,9.21503,11.5003,16.3663,0,0,0.620223
setup,0,2023-07-11 23:00:00,2.43573e-08,0,2.46566,7.31544e-05,6.69275e-06,2.5485e-08,2.57558e-06,0.000762711,0.0038312,0.0485817,1.97999e-08,0,0,0,0,0,0,0,0,0,0.297476,0.299953,0.15468,0.00113076,0,446279,52648.1,76998.6,714.824,43.9961,224.18,114.978,14.3324,0,0,0,78781.8,4277.18,7302.86,76.1759,1.67443,9.14645,11.4791,16.4228,0,0,0.618122
setup,0,2023-07-12 23:00:00,2.43304e-08,0,2.46157,7.33331e-05,6.72711e-06,2.53352e-08,2.60462e-06,0.00075847,0.00380759,0.0483909,1.99332e-08,0,0,0,0,0,0,0,0,0,0.297292,0.29977,0.154029,0.00112429,0,446276,52647.2,76997.7,714.861,43.9119,222.285,114.681,14.2987,0,0,0,78781.8,4277.18,7302.87,76.2282,1.67123,9.07839,11.4587,16.4798,0,0,0.618153
setup,0,2023-07-13 23:00:00,2.42542e-08,0,2.46634,7.34395e-05,6.7541e-06,2.51888e-08,2.63094e-06,0.000754222,0.0037835,0.0482184,2.00958e-08,0,0,0,0,0,0,0,0,0,0.297191,0.299124,0.153487,0.00111797,0,446274,52646.4,76996.8,714.888,43.8275,220.407,114.386,14.2686,0,0,0,78781.7,4277.17,7302.89,76.2806,1.66802,9.01086,11.4384,16.5382,0,0,0.617499
setup,0,2023-07-14 23:00:00,2.43062e-08,0,2.48576,7.34791e-05,6.77422e-06,2.50455e-08,2.65467e-06,0.000749275,0.00375839,0.0479867,2.0241e-08,0,0,0,0,0,0,0,0,0,0.297458,0.298654,0.152424,0.00111145,0,446271,52645.6,76996,714.905,43.743,218.544,114.074,14.2471,0,0,0,78781.7,4277.17,7302.9,76.3336,1.6648,8.94382,11.4172,16.5981,0,0,0.618788
setup,0,2023-07-15 23:00:00,2.43726e-08,0,2.4897,7.3457e-05,6.78794e-06,2.49053e-08,2.67596e-06,0.00074478,0.00373135,0.0478298,2.03924e-08,0,0,0,0,0,0,0,0,0,0.29748,0.298431,0.152074,0.00110572,0,446268,52644.7,76995.1,714.911,43.6583,216.699,113.762,14.2298,0,0,0,78781.6,4277.17,7302.91,76.3861,1.66157,8.87734,11.3962,16.6589,0,0,0.615775
setup,0,2023-07-16 23:00:00,2.41284e-08,0,2.50444,7.33778e-05,6.79569e-06,2.47679e-08,2.69492e-06,0.000740154,0.00370389,0.0475384,2.05401e-08,0,0,0,0,0,0,0,0,0,0.297742,0.297854,0.150885,0.00109868,0,446266,52643.9,76994.2,714.905,43.5734,214.869,113.436,14.2234,0,0,0,78781.6,4277.17,7302.92,76.439,1.65834,8.81134,11.3746,16.7214,0,0,0.614472
setup,0,2023-07-17 23:00:00,2.19048e-08,0,2.52478,7.32456e-05,6.79787e-06,2.46333e-08,2.71169e-06,0.000735301,0.00367535,0.0472978,2.06511e-08,0,0,0,0,0,0,0,0,0,0.298116,0.296514,0.149956,0.00109256,0,446263,52643.1,76993.3,714.887,43.4885,213.055,113.09,14.2241,0,0,0,78781.5,4277.17,7302.93,76.4921,1.65511,8.74585,11.3519,16.7844,0,0,0.614458
setup,0,2023-07-18 23:00:00,2.00222e-08,0,2.53314,7.30645e-05,6.79488e-06,2.45013e-08,2.72638e-06,0.000730958,0.00364707,0.0471033,2.0761e-08,0,0,0,0,0,0,0,0,0,0.298063,0.295736,0.149491,0.00108709,0,446261,52642.3,76992.4,714.856,43.4034,211.259,112.736,14.2317,0,0,0,78781.5,4277.17,7302.95,76.5448,1.65188,8.68094,11.329,16.8478,0,0,0.614217
setup,0,2023-07-19 23:00:00,1.92795e-08,0,2.51868,7.2838e-05,6.78707e-06,2.43718e-08,2.7391e-06,0.000725992,0.00361856,0.0467904,2.09075e-08,0,0,0,0,0,0,0,0,0,0.296952,0.295816,0.148321,0.00108123,0,446258,52641.5,76991.6,714.812,43.3183,209.479,112.396,14.2507,0,0,0,78781.4,4277.17,7302.96,76.5985,1.64864,8.61652,11.3073,16.9142,0,0,0.611768
setup,0,2023-07-20 23:00:00,1.93435e-08,0,2.50845,7.25696e-05,6.77478e-06,2.42446e-08,2.74995e-06,0.000721419,0.00359007,0.0464398,2.105e-08,0,0,0,0,0,0,0,0,0,0.296419,0.294911,0.147214,0.00107421,0,446255,52640.6,76990.7,714.758,43.233,207.714,112.069,14.2784,0,0,0,78781.4,4277.17,7302.97,76.6525,1.64539,8.55258,11.2868,16.9804,0,0,0.611198
setup,0,2023-07-21 23:00:00,1.98549e-08,0,2.5009,7.22626e-05,6.75833e-06,2.41197e-08,2.75903e-06,0.000717213,0.00356177,0.0461233,2.12081e-08,0,0,0,0,0,0,0,0,0,0.296199,0.294479,0.146773,0.00106815,0,446253,52639.8,76989.8,714.694,43.1473,205.964,111.755,14.3096,0,0,0,78781.3,4277.17,7302.98,76.7062,1.64213,8.48914,11.2673,17.0465,0,0,0.612391
setup,0,2023-07-22 23:00:00,1.99908e-08,0,2.49329,7.19199e-05,6.73803e-06,2.39969e-08,2.76644e-06,0.00071286,0.00353395,0.0457931,2.13641e-08,0,0,0,0,0,0,0,0,0,0.295887,0.294599,0.145726,0.00106271,0,446250,52639,76989,714.621,43.0614,204.23,111.452,14.3474,0,0,0,78781.3,4277.16,7302.99,76.76,1.63886,8.42617,11.2487,17.1135,0,0,0.609453
setup,0,2023-07-23 23:00:00,2.02959e-08,0,2.48725,7.15445e-05,6.71414e-06,2.38763e-08,2.77227e-06,0.000708535,0.00350583,0.0454902,2.15321e-08,0,0,0,0,0,0,0,0,0,0.295599,0.294394,0.145122,0.00105721,0,446248,52638.2,76988.1,714.539,42.9754,202.511,111.16,14.388,0,0,0,78781.2,4277.16,7303.01,76.8137,1.63559,8.3637,11.2309,17.1805,0,0,0.608659
setup,0,2023-07-24 23:00:00,2.04334e-08,0,2.48229,7.1139e-05,6.68693e-06,2.37576e-08,2.77661e-06,0.000704235,0.00347724,0.0451533,2.1671e-08,0,0,0,0,0,0,0,0,0,0.295399,0.294204,0.144353,0.00105173,0,446245,52637.4,76987.2,714.449,42.8892,200.807,110.877,14.4329,0,0,0,78781.2,4277.16,7303.02,76.8677,1.6323,8.3017,11.2138,17.2476,0,0,0.608145
setup,0,2023-07-25 23:00:00,2.06401e-08,0,2.47731,7.07192e-05,6.65666e-06,2.36408e-08,2.77953e-06,0.000699954,0.00344873,0.0448498,2.17855e-08,0,0,0,0,0,0,0,0,0,0.295349,0.294256,0.143718,0.00104692,0,446243,52636.6,76986.4,714.351,42.8029,199.118,110.603,14.4793,0,0,0,78781.1,4277.16,7303.03,76.9213,1.62902,8.2402,11.1974,17.3153,0,0,0.60757
setup,0,2023-07-26 23:00:00,2.08628e-08,0,2.47322,7.03418e-05,6.62354e-06,2.35258e-08,2.78111e-06,0.000695858,0.00341992,0.0445651,2.18902e-08,0,0,0,0,0,0,0,0,0,0.295314,0.294003,0.143119,0.00104245,0,446240,52635.8,76985.5,714.246,42.7165,197.445,110.338,14.5275,0,0,0,78781,4277.16,7303.04,76.9747,1.62573,8.17919,11.1815,17.3833,0,0,0.606227
setup,0,2023-07-27 23:00:00,2.10192e-08,0,2.46909,6.99468e-05,6.58781e-06,2.34126e-08,2.78143e-06,0.000691649,0.00339112,0.0442887,2.20288e-08,0,0,0,0,0,0,0,0,0,0.295161,0.294241,0.142601,0.00103816,0,446238,52635,76984.7,714.134,42.63,195.788,110.081,14.5762,0,0,0,78781,4277.16,7303.05,77.0279,1.62244,8.11867,11.1661,17.4518,0,0,0.605011
setup,0,2023-07-28 23:00:00,2.1094e-08,0,2.46525,6.95263e-05,6.54966e-06,2.3301e-08,2.78056e-06,0.000687634,0.00336228,0.0440323,2.21388e-08,0,0,0,0,0,0,0,0,0,0.29501,0.294053,0.142259,0.00103419,0,446235,52634.2,76983.8,714.016,42.5435,194.146,109.832,14.6247,0,0,0,78780.9,4277.16,7303.07,77.081,1.61915,8.05867,11.1512,17.5203,0,0,0.60515
setup,0,2023-07-29 23:00:00,2.118e-08,0,2.45803,6.90824e-05,6.50929e-06,2.31911e-08,2.77855e-06,0.000683664,0.00333358,0.0437497,2.22391e-08,0,0,0,0,0,0,0,0,0,0.294966,0.293785,0.141549,0.00103019,0,446233,52633.4,76982.9,713.89,42.457,192.52,109.59,14.6749,0,0,0,78780.9,4277.16,7303.08,77.134,1.61585,7.99913,11.1368,17.5889,0,0,0.605706
setup,0,2023-07-30 23:00:00,2.14232e-08,0,2.45287,6.86169e-05,6.46687e-06,2.30827e-08,2.77548e-06,0.000680007,0.00330521,0.0435038,2.23473e-08,0,0,0,0,0,0,0,0,0,0.296245,0.293963,0.140902,0.00102708,0,446230,52632.6,76982.1,713.757,42.3704,190.909,109.354,14.7255,0,0,0,78780.8,4277.16,7303.09,77.1845,1.61256,7.94008,11.1229,17.6596,0,0,0.604039
setup,0,2023-07-31 23:00:00,2.00922e-08,0,2.43501,6.81268e-05,6.42107e-06,2.2976e-08,2.77096e-06,0.000677245,0.00327962,0.0432331,2.46125e-08,0,0,0,0,0,0,0,0,0,0.317671,0.307823,0.140551,0.0010258,0,446228,52631.8,76981.2,713.633,42.2838,189.314,109.059,14.5062,0,0,0,78780.8,4277.16,7303.1,77.1488,1.60926,7.88153,11.1036,17.647,0,0,0.603748
setup,0,2023-08-01 23:00:00,1.82178e-08,0,2.41327,6.76136e-05,6.37468e-06,2.28716e-08,2.76517e-06,0.000672473,0.00324841,0.042945,2.28179e-08,0,0,0,0,0,0,0,0,0,0.282465,0.293665,0.139794,0.00102022,0,446225,52631,76980.4,713.521,42.1972,187.733,108.698,14.3609,0,0,0,78780.7,4277.16,7303.11,77.185,1.60597,7.82343,11.0809,17.7036,0,0,0.60378
setup,0,2023-08-02 23:00:00,1.79949e-08,0,2.39475,6.70842e-05,6.32678e-06,2.27693e-08,2.75859e-06,0.000667975,0.0032169,0.042729,2.25081e-08,0,0,0,0,0,0,0,0,0,0.281358,0.290414,0.139523,0.00101693,0,446223,52630.3,76979.6,713.408,42.1106,186.168,108.306,14.2619,0,0,0,78780.7,4277.16,7303.12,77.2233,1.60267,7.76585,11.0554,17.7613,0,0,0.601962
setup,0,2023-08-03 23:00:00,1.79613e-08,0,2.3782,6.654e-05,6.27747e-06,2.26687e-08,2.75121e-06,0.000663584,0.00318405,0.0424938,2.22916e-08,0,0,0,0,0,0,0,0,0,0.280135,0.28824,0.139041,0.00101356,0,446221,52629.5,76978.8,713.289,42.024,184.619,107.901,14.1947,0,0,0,78780.6,4277.16,7303.13,77.2635,1.59938,7.70876,11.0279,17.8199,0,0,0.601976
setup,0,2023-08-04 23:00:00,1.80193e-08,0,2.36371,6.59824e-05,6.22687e-06,2.25696e-08,2.74306e-06,0.000657793,0.00314327,0.0421886,2.20091e-08,0,0,0,0,0,0,0,0,0,0.279063,0.286808,0.137877,0.00100963,0,446218,52628.8,76978,713.159,41.9375,183.083,107.493,14.1555,0,0,0,78780.6,4277.16,7303.15,77.3054,1.59608,7.65209,10.9992,17.88,0,0,0.599832
setup,0,2023-08-05 23:00:00,1.82688e-08,0,2.35141,6.54122e-05,6.17506e-06,2.24719e-08,2.73417e-06,0.000649668,0.0030834,0.0419825,2.13945e-08,0,0,0,0,0,0,0,0,0,0.278329,0.284887,0.13752,0.00100603,0,446216,52628,76977.2,713.017,41.851,181.563,107.089,14.1318,0,0,0,78780.5,4277.16,7303.16,77.3473,1.59279,7.59592,10.9699,17.9404,0,0,0.600289
setup,0,2023-08-06 23:00:00,1.80788e-08,0,2.33971,6.483e-05,6.1221e-06,2.23756e-08,2.72453e-06,0.000636046,0.00298547,0.041725,2.00708e-08,0,0,0,0,0,0,0,0,0,0.277816,0.283852,0.136687,0.0010024,0,446214,52627.3,76976.4,712.862,41.7645,180.057,106.692,14.122,0,0,0,78780.5,4277.15,7303.17,77.3891,1.5895,7.54021,10.9406,18.002,0,0,0.599748
setup,0,2023-08-07 23:00:00,1.76401e-08,0,2.32837,6.4237e-05,6.06808e-06,2.22807e-08,2.7142e-06,0.00061734,0.00285644,0.0415053,1.81981e-08,0,0,0,0,0,0,0,0,0,0.277455,0.28263,0.136303,0.000999309,0,446211,52626.6,76975.7,712.693,41.6781,178.567,106.304,14.1224,0,0,0,78780.5,4277.15,7303.18,77.4303,1.58621,7.48498,10.9114,18.0641,0,0,0.598462
setup,0,2023-08-08 23:00:00,1.64453e-08,0,2.32286,6.35985e-05,6.00972e-06,2.21909e-08,2.7017e-06,0.000601796,0.00258699,0.0413248,2.88706e-08,0,0,0,0,0,0,0,0,0,0.278493,0.292296,0.137351,0.000995335,0,446209,52624.6,76975.5,712.514,41.5916,177.094,105.912,14.1263,0,0,0,78780.4,4276.98,7303.25,77.4683,1.58292,7.43025,10.8819,18.127,0,0,0.600162
setup,0,2023-08-09 23:00:00,9.61416e-09,0,2.29862,6.29667e-05,5.95197e-06,2.21005e-08,2.68921e-06,0.000388753,0.00150466,0.0412529,8.02928e-09,0,0,0,0,0,0,0,0,0,0.278178,0.276291,0.1376,0.000998135,0,446207,52623.8,76974.8,712.321,41.5053,175.639,105.532,14.1402,0,0,0,78780.4,4276.98,7303.27,77.5049,1.57964,7.37608,10.8508,18.1905,0,0,0.603796
setup,0,2023-08-10 23:00:00,6.73789e-09,0,2.39039,6.22624e-05,5.88731e-06,2.20186e-08,2.67336e-06,0.000339433,0.000584405,0.0413553,8.55674e-09,0,0,0,0,0,0,0,0,0,0.377527,0.380654,0.141622,0.000992924,0,446205,52619.5,76974.2,712.124,41.4191,174.209,105.124,14.0565,0,0,0,78780.3,4276.27,7303.07,77.3395,1.57636,7.32263,10.8243,18.4307,0,0,0.615116
setup,0,2023-08-11 23:00:00,7.83573e-09,0,2.28155,6.16345e-05,5.82985e-06,2.19284e-08,2.66048e-06,0.000512006,0.00169776,0.0418207,1.07467e-08,0,0,0,0,0,0,0,0,0,0.251582,0.277457,0.14579,0.00100561,0,446202,52618.3,76973.4,711.915,41.333,172.797,104.712,14.082,0,0,0,78780.2,4276.19,7303.07,77.4228,1.57308,7.26976,10.7903,18.4429,0,0,0.608829
setup,0,2023-08-12 23:00:00,6.85779e-09,0,2.27119,6.10021e-05,5.77193e-06,2.18392e-08,2.64713e-06,0.000522786,0.00202973,0.0420683,1.06101e-08,0,0,0,0,0,0,0,0,0,0.262172,0.271802,0.144736,0.00101865,0,446200,52617.1,76972.6,711.684,41.247,171.392,104.324,14.1328,0,0,0,78780.2,4276.13,7303.05,77.4834,1.5698,7.21715,10.7549,18.4805,0,0,0.605303
setup,0,2023-08-13 23:00:00,6.22281e-09,0,2.2634,6.03641e-05,5.71344e-06,2.17511e-08,2.63328e-06,0.00050727,0.00201995,0.0423201,9.78839e-09,0,0,0,0,0,0,0,0,0,0.266492,0.271807,0.143868,0.00102641,0,446198,52615.9,76971.8,711.432,41.161,169.997,103.965,14.1885,0,0,0,78780.1,4276.07,7303.04,77.5333,1.56653,7.1649,10.7214,18.5291,0,0,0.602004
setup,0,2023-08-14 23:00:00,5.6329e-09,0,2.25714,5.97214e-05,5.65447e-06,2.1664e-08,2.61894e-06,0.000496058,0.00195516,0.0425244,9.12421e-09,0,0,0,0,0,0,0,0,0,0.267849,0.275329,0.143352,0.00102964,0,446196,52614.7,76971.1,711.163,41.0752,168.615,103.632,14.2416,0,0,0,78780.1,4276,7303.04,77.5786,1.56327,7.11306,10.6906,18.5823,0,0,0.600547
setup,0,2023-08-15 23:00:00,4.52005e-09,0,2.2504,5.90745e-05,5.59507e-06,2.1578e-08,2.60415e-06,0.000487537,0.00188413,0.0427442,8.5338e-09,0,0,0,0,0,0,0,0,0,0.275631,0.278746,0.143629,0.00103256,0,446193,52613.5,76970.3,710.88,40.9895,167.247,103.317,14.2896,0,0,0,78780,4275.93,7303.02,77.6065,1.56,7.06167,10.6623,18.6464,0,0,0.601816
setup,0,2023-08-16 23:00:00,3.69231e-09,0,2.24257,5.84243e-05,5.53531e-06,2.1493e-08,2.58894e-06,0.000481891,0.00182222,0.043075,8.04907e-09,0,0,0,0,0,0,0,0,0,0.277924,0.282776,0.144683,0.00103645,0,446191,52612.3,76969.5,710.585,40.9039,165.895,103.017,14.3304,0,0,0,78780,4275.86,7303.01,77.6275,1.55675,7.01079,10.6362,18.7143,0,0,0.60209
setup,0,2023-08-17 23:00:00,4.86196e-09,0,2.28054,5.77422e-05,5.4725e-06,2.14125e-08,2.57205e-06,0.00070487,0.0021607,0.0439923,2.59889e-08,0,0,0,0,0,0,0,0,0,0.310412,0.329129,0.150649,0.00103413,0,446189,52609.3,76968.9,710.281,40.8184,164.556,102.716,14.331,0,0,0,78779.9,4275.49,7302.92,77.5814,1.55349,6.96037,10.6128,18.8329,0,0,0.602435
setup,0,2023-08-18 23:00:00,3.02533e-09,0,2.22873,5.70893e-05,5.41242e-06,2.13295e-08,2.55616e-06,0.00046882,0.00172047,0.0448022,9.30569e-09,0,0,0,0,0,0,0,0,0,0.267608,0.276821,0.149572,0.00104386,0,446187,52608.3,76968.1,709.964,40.733,163.229,102.434,14.3729,0,0,0,78779.9,4275.45,7302.91,77.6197,1.55024,6.91034,10.5893,18.88,0,0,0.600301
setup,0,2023-08-19 23:00:00,2.25943e-09,0,2.22183,5.64402e-05,5.35266e-06,2.12475e-08,2.54016e-06,0.000434559,0.00151256,0.0451361,7.125e-09,0,0,0,0,0,0,0,0,0,0.274556,0.279544,0.148746,0.00105021,0,446185,52606.9,76967.3,709.637,40.6478,161.919,102.16,14.4098,0,0,0,78779.8,4275.35,7302.88,77.6428,1.547,6.86078,10.5665,18.9405,0,0,0.601638
setup,0,2023-08-20 23:00:00,1.96232e-09,0,2.21305,5.58011e-05,5.29381e-06,2.11666e-08,2.52433e-06,0.000435984,0.00147487,0.0456137,6.4209e-09,0,0,0,0,0,0,0,0,0,0.281888,0.285857,0.149869,0.00105613,0,446182,52605.3,76966.4,709.303,40.5627,160.624,101.889,14.4419,0,0,0,78779.8,4275.22,7302.83,77.6492,1.54376,6.81173,10.5441,19.0119,0,0,0.603644
setup,0,2023-08-21 23:00:00,1.80866e-09,0,2.20372,5.51815e-05,5.23679e-06,2.10867e-08,2.50912e-06,0.000438807,0.00145073,0.0460825,5.97281e-09,0,0,0,0,0,0,0,0,0,0.27692,0.287389,0.151024,0.00106013,0,446180,52603.9,76965.6,708.96,40.4778,159.345,101.622,14.4741,0,0,0,78779.7,4275.13,7302.81,77.6635,1.54053,6.76316,10.5221,19.0791,0,0,0.603933
setup,0,2023-08-22 23:00:00,1.62262e-09,0,2.1924,5.45967e-05,5.18302e-06,2.1008e-08,2.49521e-06,0.00043877,0.00141366,0.0464414,5.5725e-09,0,0,0,0,0,0,0,0,0,0.279325,0.288416,0.151999,0.00106223,0,446178,52602.3,76964.7,708.607,40.393,158.081,101.359,14.5056,0,0,0,78779.7,4275,7302.77,77.6709,1.5373,6.71508,10.5004,19.15,0,0,0.606603
setup,0,2023-08-23 23:00:00,1.43266e-09,0,2.26967,5.40706e-05,5.1348e-06,2.09305e-08,2.48373e-06,0.000434899,0.00136455,0.0469247,5.4698e-09,0,0,0,0,0,0,0,0,0,0.283316,0.289859,0.153382,0.00106622,0,446176,52600.4,76963.8,708.243,40.3084,156.831,101.013,14.5393,0,0,0,78779.6,4274.85,7302.72,77.6738,1.53408,6.66747,10.4731,19.2266,0,0,0.60904
setup,0,2023-08-24 23:00:00,1.27751e-09,0,2.25533,5.36387e-05,5.09551e-06,2.08546e-08,2.47635e-06,0.000429517,0.00130954,0.0473304,5.34967e-09,0,0,0,0,0,0,0,0,0,0.279197,0.291827,0.15473,0.00107022,0,446174,52598.6,76962.9,707.864,40.2239,155.596,100.675,14.5799,0,0,0,78779.5,4274.69,7302.68,77.6823,1.53087,6.6203,10.4466,19.2991,0,0,0.609346
setup,0,2023-08-25 23:00:00,1.15388e-09,0,2.23062,5.33468e-05,5.06949e-06,2.07805e-08,2.47524e-06,0.000423492,0.00125164,0.0477068,5.16469e-09,0,0,0,0,0,0,0,0,0,0.281073,0.292461,0.155905,0.00107419,0,446171,52596.7,76962,707.468,40.1395,154.375,100.356,14.6249,0,0,0,78779.5,4274.54,7302.64,77.684,1.52766,6.57358,10.4214,19.3753,0,0,0.609943
setup,0,2023-08-26 23:00:00,1.06248e-09,0,2.20965,5.32475e-05,5.06177e-06,2.07086e-08,2.48292e-06,0.000416395,0.00119069,0.0480993,4.96278e-09,0,0,0,0,0,0,0,0,0,0.280562,0.293802,0.15784,0.00107915,0,446169,52594.9,76961.1,707.057,40.0553,153.168,100.056,14.6672,0,0,0,78779.4,4274.39,7302.59,77.6831,1.52445,6.52732,10.3973,19.4516,0,0,0.61198
setup,0,2023-08-27 23:00:00,9.43099e-10,0,2.19031,5.33973e-05,5.07774e-06,2.06392e-08,2.50215e-06,0.000408575,0.00112904,0.0484765,4.74065e-09,0,0,0,0,0,0,0,0,0,0.280183,0.293682,0.158934,0.00108552,0,446167,52592.9,76960.2,706.633,39.9713,151.975,99.7711,14.7094,0,0,0,78779.4,4274.21,7302.53,77.6798,1.52125,6.48152,10.3744,19.5266,0,0,0.614189
setup,0,2023-08-28 23:00:00,1.55399e-09,0,3.07697,5.35958e-05,5.09836e-06,2.0603e-08,2.52378e-06,0.00078966,0.000150716,0.0487837,2.41289e-08,0,0,0,0,0,0,0,0,0,0.748541,0.608334,0.156561,0.00106277,0,446164,52582,76957.2,706.226,39.8874,150.792,99.401,13.9401,0,0,0,78779.3,4272.74,7301.53,76.7406,1.51806,6.4361,10.362,20.428,0,0,0.62094
setup,0,2023-08-29 23:00:00,3.25747e-10,0,2.21967,5.44049e-05,5.1771e-06,2.05428e-08,2.57416e-06,0.000392036,0.00029503,0.0510704,5.09671e-09,0,0,0,0,0,0,0,0,0,0.223568,0.326937,0.183444,0.0011107,0,446162,52580,76956.1,705.816,39.8036,149.642,99.0057,13.9459,0,0,0,78779.2,4272.6,7301.51,76.843,1.51487,6.39189,10.3431,20.3662,0,0,0.63449
setup,0,2023-08-30 23:00:00,1.05674e-10,0,2.11617,5.57224e-05,5.30429e-06,2.04854e-08,2.64892e-06,0.000335573,0.000388486,0.0531964,3.8869e-09,0,0,0,0,0,0,0,0,0,0.237677,0.288085,0.1914,0.0011894,0,446160,52577.8,76955,705.384,39.7199,148.516,98.6207,13.989,0,0,0,78779.1,4272.41,7301.46,76.9115,1.51168,6.34841,10.3147,20.3386,0,0,0.640969
setup,0,2023-08-31 23:00:00,5.81154e-11,0,2.00697,5.8616e-05,5.58073e-06,2.04393e-08,2.7989e-06,0.000325438,0.000461791,0.0545199,3.61331e-09,0,0,0,0,0,0,0,0,0,0.248992,0.288775,0.190578,0.0012501,0,446158,52575.6,76953.9,704.919,39.6362,147.403,98.2267,13.9,0,0,0,78779,4272.22,7301.41,76.9228,1.5085,6.30534,10.2804,20.275,0,0,0.640382
setup,0,2023-09-01 23:00:00,4.9669e-11,0,1.95843,7.42917e-05,7.07638e-06,2.04658e-08,3.55937e-06,0.000317432,0.000492266,0.0548035,3.21348e-09,0,0,0,0,0,0,0,0,0,0.239628,0.287134,0.185581,0.00127055,0,446156,52573.4,76952.8,704.43,39.5527,146.295,97.8298,13.8863,0,0,0,78779,4272.03,7301.34,76.9533,1.50532,6.26234,10.2445,20.2836,0,0,0.640108
setup,0,2023-09-02 23:00:00,1.81289e-10,0,2.97841,0.000133485,1.27204e-05,2.07535e-08,6.41046e-06,0.000803559,0.000471819,0.0545407,1.27097e-08,0,0,0,0,0,0,0,0,0,0.481859,0.440748,0.174723,0.00125717,0,446153,52568,76950.4,703.947,39.469,145.185,97.3646,12.9689,0,0,0,78778.9,4271.33,7300.78,76.5055,1.50214,6.21929,10.2152,20.7631,0,0,0.630508
setup,0,2023-09-03 23:00:00,7.24222e-11,0,2.00233,0.000342784,3.26811e-05,2.18591e-08,1.65109e-05,0.000297304,0.000261889,0.055153,3.10409e-09,0,0,0,0,0,0,0,0,0,0.218508,0.302936,0.183958,0.00125451,0,446150,52565.8,76949.2,703.453,39.3853,144.091,96.8697,13.0234,0,0,0,78778.9,4271.15,7300.73,76.5819,1.49895,6.17679,10.1832,20.7242,0,0,0.63433
setup,0,2023-09-04 23:00:00,1.68854e-10,0,2.63148,0.000987157,9.41631e-05,2.54371e-08,4.77452e-05,0.000617843,0.000182047,0.0551583,7.17536e-09,0,0,0,0,0,0,0,0,0,0.34674,0.363801,0.182947,0.00125122,0,446148,52560.1,76946.6,702.957,39.3012,143.001,96.3231,12.5164,0,0,0,78778.8,4270.5,7300.35,76.4046,1.49575,6.13444,10.1506,20.9372,0,0,0.633246
setup,0,2023-09-05 23:00:00,2.23737e-10,0,2.12972,0.00653225,0.000623574,5.62662e-08,0.000317456,0.000888398,0.000107498,0.0560128,1.48075e-08,0,0,0,0,0,0,0,0,0,0.244334,0.317172,0.194346,0.00126357,0,446146,52555.9,76944.7,702.446,39.2166,141.913,95.768,12.5436,0,0,0,78778.7,4270.06,7300.16,76.4314,1.49253,6.09228,10.1183,20.9436,0,0,0.62149
setup,0,2023-09-06 23:00:00,4.50494e-11,0,1.93355,0.0307215,0.00293778,2.02276e-07,0.00149786,0.000234697,0.00012614,0.0571856,2.37e-09,0,0,0,0,0,0,0,0,0,0.227979,0.275187,0.199572,0.00130625,0,446143,52553.6,76943.3,701.87,39.1307,140.84,95.2859,12.7073,0,0,0,78778.6,4269.88,7300.09,76.4843,1.48926,6.05062,10.0849,20.9096,0,0,0.627373
setup,0,2023-09-07 23:00:00,2.41364e-11,0,1.90034,0.192419,0.0184168,1.15718e-06,0.00940654,0.000174871,0.000119309,0.0578678,1.81486e-09,0,0,0,0,0,0,0,0,0,0.241226,0.272662,0.197948,0.00133058,0,446141,52551.1,76941.9,701.123,39.0422,139.778,94.8515,12.8818,0,0,0,78778.5,4269.65,7300,76.4941,1.48589,6.00919,10.0497,20.8999,0,0,0.634095
setup,0,2023-09-08 23:00:00,1.68051e-10,0,2.36412,0.340036,0.032559,2.10384e-06,0.0166991,0.00098342,0.000361279,0.0584352,1.45984e-08,0,0,0,0,0,0,0,0,0,0.308573,0.335282,0.200283,0.00134082,0,446139,52546.4,76939.4,700.24,38.9486,138.701,94.4014,12.7112,0,0,0,78778.4,4269.14,7299.66,76.362,1.48233,5.96757,10.0174,21.0154,0,0,0.619765
setup,0,2023-09-09 23:00:00,5.05406e-11,0,2.60174,0.339747,0.032545,2.21187e-06,0.0167637,0.000351537,-1.79533e-06,0.059654,3.40063e-09,0,0,0,0,0,0,0,0,0,0.309533,0.333191,0.206533,0.0013676,0,446136,52540.3,76936,699.337,38.8475,137.627,93.9405,12.3533,0,0,0,78778.3,4268.5,7299.3,76.2371,1.47848,5.92612,9.98766,21.1147,0,0,0.633308
setup,0,2023-09-10 23:00:00,1.36927e-10,0,2.98526,0.385575,0.0369504,2.63638e-06,0.0191175,0.000941519,-0.00113446,0.0641768,2.7117e-08,0,0,0,0,0,0,0,0,0,0.869129,0.604855,0.363936,0.00132081,0,446132,52492.5,76903.8,698.43,38.7443,136.536,93.4973,11.7628,0,0,0,78778.1,4263.36,7295.85,75.0123,1.47456,5.88382,10.0269,22.2156,0,0,0.606056
setup,0,2023-09-11 23:00:00,1.53508e-10,0,2.25503,0.593852,0.0569681,5.18429e-06,0.0295403,0.000688059,-0.000338111,0.0873038,2.75369e-08,0,0,0,0,0,0,0,0,0,0.292927,0.38941,0.496271,0.00185375,0,446130,52491.6,76903,697.311,38.6387,135.465,93.0905,11.8747,0,0,0,78777.6,4263.34,7295.86,74.9432,1.47054,5.84296,10.1026,21.7796,0,0,0.606846
setup,0,2023-09-12 23:00:00,9.27058e-11,0,2.16888,0.593148,0.0569868,5.92427e-06,0.0296035,0.00076095,-1.66767e-05,0.11218,2.93525e-08,0,0,0,0,0,0,0,0,0,0.260137,0.313904,0.481978,0.00257448,0,446127,52490.9,76902.4,696.13,38.5305,134.395,92.7595,12.0763,0,0,0,78777.1,4263.34,7295.89,74.962,1.46642,5.80239,10.1126,21.339,0,0,0.59854
setup,0,2023-09-13 23:00:00,2.1777e-11,0,2.2181,0.414359,0.0398264,4.60172e-06,0.0207818,0.000754557,7.77755e-05,0.133465,2.61967e-08,0,0,0,0,0,0,0,0,0,0.289916,0.314444,0.439961,0.00310077,0,446124,52488.4,76899.7,695.04,38.4197,133.324,92.4495,12.2781,0,0,0,78776.8,4263.14,7295.7,74.9568,1.4622,5.76169,10.0814,21.0456,0,0,0.597654
setup,0,2023-09-14 23:00:00,1.84972e-11,0,2.1744,0.413871,0.039797,5.23455e-06,0.0208541,0.000858044,0.000297962,0.150572,2.92538e-08,0,0,0,0,0,0,0,0,0,0.291304,0.315057,0.397295,0.00343911,0,446122,52487.7,76899,693.897,38.3062,132.245,92.2176,12.5455,0,0,0,78776.4,4263.14,7295.72,74.9584,1.45788,5.72069,10.0379,20.8079,0,0,0.590592
setup,0,2023-09-15 23:00:00,2.79096e-11,0,2.17268,0.413437,0.039773,6.091e-06,0.0209298,0.00086182,0.000458872,0.16325,3.23707e-08,0,0,0,0,0,0,0,0,0,0.307784,0.32461,0.357512,0.00360875,0,446119,52486.9,76898.3,692.705,38.1901,131.159,92.0693,12.8167,0,0,0,78776.2,4263.14,7295.74,74.9329,1.45346,5.67943,9.99364,20.6442,0,0,0.585874
setup,0,2023-09-16 23:00:00,1.71812e-11,0,2.35033,0.413164,0.0397647,7.2488e-06,0.0210139,0.000521081,0.000243517,0.171533,1.38278e-08,0,0,0,0,0,0,0,0,0,0.319824,0.33704,0.331543,0.00364889,0,446117,52484.6,76896.2,691.478,38.0712,130.079,91.93,12.9442,0,0,0,78775.9,4262.98,7295.63,74.8884,1.44894,5.63818,9.95043,20.5354,0,0,0.591963
setup,0,2023-09-17 23:00:00,3.17808e-11,0,2.38837,0.413086,0.0397751,8.79049e-06,0.0211081,0.000989207,4.55662e-05,0.176286,4.52785e-08,0,0,0,0,0,0,0,0,0,0.34356,0.367978,0.317441,0.00361733,0,446114,52480.1,76892.1,690.235,37.9497,128.995,91.8027,13.0944,0,0,0,78775.7,4262.49,7295.19,74.7974,1.44431,5.59688,9.912,20.4934,0,0,0.595769
setup,0,2023-09-18 23:00:00,2.31279e-11,0,2.31527,0.413146,0.039799,1.07925e-05,0.0212107,0.000751252,0.000418487,0.179011,2.91409e-08,0,0,0,0,0,0,0,0,0,0.320233,0.337248,0.312379,0.00357782,0,446111,52477.6,76889.2,688.968,37.8253,127.922,91.719,13.2744,0,0,0,78775.5,4262.31,7294.98,74.7484,1.43958,5.5559,9.8802,20.4054,0,0,0.599275
setup,0,2023-09-19 23:00:00,2.88661e-11,0,2.69062,0.413202,0.0398232,1.33099e-05,0.0213158,0.000918412,0.000156704,0.179281,4.56151e-08,0,0,0,0,0,0,0,0,0,0.404024,0.396691,0.304702,0.00353363,0,446108,52473.8,76885.4,687.697,37.6982,126.842,91.6149,13.1828,0,0,0,78775.2,4261.94,7294.5,74.5337,1.43474,5.51472,9.85514,20.4907,0,0,0.588937
setup,0,2023-09-20 23:00:00,2.65526e-11,0,2.31734,0.41307,0.0398297,1.63623e-05,0.0214138,0.000908459,0.000672805,0.178171,4.74411e-08,0,0,0,0,0,0,0,0,0,0.316051,0.344638,0.291113,0.00346659,0,446105,52473,76884.5,686.406,37.5682,125.76,91.5545,13.4717,0,0,0,78775,4261.94,7294.52,74.4948,1.4298,5.47345,9.83387,20.4082,0,0,0.582062
setup,0,2023-09-21 23:00:00,2.5959e-11,0,2.35822,0.412208,0.0397654,1.98481e-05,0.0214761,0.000956393,0.00101448,0.175745,5.05945e-08,0,0,0,0,0,0,0,0,0,0.314868,0.336876,0.277951,0.00338057,0,446102,52472.2,76883.6,685.099,37.4355,124.677,91.5354,13.7227,0,0,0,78774.8,4261.94,7294.54,74.4569,1.42474,5.43216,9.81518,20.3439,0,0,0.580738
setup,0,2023-09-22 23:00:00,2.45321e-11,0,2.39442,0.338225,0.0326185,1.78191e-05,0.0177461,0.00100714,0.00124875,0.171607,5.41805e-08,0,0,0,0,0,0,0,0,0,0.315253,0.338777,0.265701,0.00327541,0,446100,52471.3,76882.7,683.842,37.2998,123.596,91.5481,13.9418,0,0,0,78774.7,4261.95,7294.57,74.4232,1.41958,5.39089,9.79939,20.3054,0,0,0.579762
setup,0,2023-09-23 23:00:00,1.44982e-11,0,2.51195,0.0292919,0.00282214,2.03844e-06,0.00155205,0.000678816,0.000770031,0.166533,1.80908e-08,0,0,0,0,0,0,0,0,0,0.318093,0.340738,0.256526,0.00316065,0,446097,52470.2,76881.4,682.829,37.1609,122.519,91.5796,14.0376,0,0,0,78774.5,4261.92,7294.56,74.4108,1.41429,5.34975,9.78658,20.303,0,0,0.584409
setup,0,2023-09-24 23:00:00,1.96199e-11,0,2.49433,4.97127e-05,4.79074e-06,6.21475e-07,2.69319e-06,0.00104486,0.00139021,0.160888,3.21736e-08,0,0,0,0,0,0,0,0,0,0.314662,0.345025,0.250699,0.00304692,0,446094,52469.2,76880.4,681.838,37.019,121.446,91.6163,14.1624,0,0,0,78774.4,4261.92,7294.58,74.4063,1.40889,5.30873,9.77623,20.3083,0,0,0.581365
setup,0,2023-09-25 23:00:00,1.70934e-11,0,2.66293,0.346135,0.0333761,1.84427e-05,0.0184899,0.00111094,0.000630386,0.154842,3.86277e-08,0,0,0,0,0,0,0,0,0,0.333336,0.383288,0.251908,0.00292615,0,446091,52465,76876.1,680.571,36.8741,120.38,91.6365,14.1504,0,0,0,78774.3,4261.47,7294.13,74.3306,1.40338,5.26791,9.76446,20.3575,0,0,0.592217
setup,0,2023-09-26 23:00:00,1.04822e-11,0,2.62975,0.0864701,0.00834115,5.45532e-06,0.0046386,0.000815878,0.000862742,0.149194,2.09485e-08,0,0,0,0,0,0,0,0,0,0.305368,0.352415,0.255234,0.00285553,0,446089,52463.6,76874.6,679.519,36.7262,119.324,91.6457,14.1592,0,0,0,78774.1,4261.43,7294.11,74.3369,1.39775,5.22741,9.75412,20.3528,0,0,0.591205
setup,0,2023-09-27 23:00:00,8.50615e-12,0,2.73232,0.0863538,0.00833411,5.55577e-06,0.00465789,0.000714331,0.000809856,0.143291,1.43304e-08,0,0,0,0,0,0,0,0,0,0.32852,0.361275,0.250001,0.00277973,0,446086,52461.8,76872.7,678.47,36.5753,118.274,91.6187,14.1076,0,0,0,78774,4261.35,7294.03,74.3057,1.392,5.18694,9.74396,20.392,0,0,0.595549
setup,0,2023-09-28 23:00:00,1.42391e-11,0,2.65346,2.35553e-05,2.27427e-06,6.54903e-07,1.30116e-06,0.00132092,0.00187852,0.137786,3.24299e-08,0,0,0,0,0,0,0,0,0,0.331344,0.369871,0.244951,0.00270749,0,446083,52460.8,76871.7,677.492,36.4212,117.22,91.5811,14.2096,0,0,0,78773.9,4261.35,7294.06,74.2912,1.38614,5.14638,9.73547,20.4336,0,0,0.584832
setup,0,2023-09-29 23:00:00,1.20645e-11,0,2.67772,0.0287375,0.00277542,2.2799e-06,0.00156212,0.00122832,0.00185743,0.132702,3.20921e-08,0,0,0,0,0,0,0,0,0,0.345377,0.376095,0.241181,0.00263035,0,446080,52459.6,76870.4,676.485,36.2641,116.166,91.5885,14.2955,0,0,0,78773.8,4261.32,7294.05,74.2615,1.38016,5.10583,9.73101,20.4884,0,0,0.582255
setup,0,2023-09-30 23:00:00,1.26918e-11,0,2.69798,1.75315e-05,1.69386e-06,6.25697e-07,9.72173e-07,0.00135718,0.00223902,0.127509,4.14091e-08,0,0,0,0,0,0,0,0,0,0.354297,0.38094,0.236062,0.00255314,0,446077,52458.7,76869.3,675.51,36.1039,115.112,91.5579,14.1297,0,0,0,78773.7,4261.33,7294.08,74.2071,1.37407,5.06527,9.72601,20.514,0,0,0.579139
setup,0,2023-10-01 23:00:00,1.2458e-11,0,2.68207,1.6289e-05,1.57462e-06,6.08561e-07,9.03047e-07,0.00137945,0.00238916,0.122527,4.58533e-08,0,0,0,0,0,0,0,0,0,0.354858,0.381622,0.23223,0.00247809,0,446075,52457.7,76868.3,674.548,35.9406,114.06,91.5271,14.0007,0,0,0,78773.6,4261.33,7294.1,74.1696,1.36785,5.02478,9.72308,20.5613,0,0,0.579394
setup,0,2023-10-02 23:00:00,1.20015e-11,0,2.7,1.43058e-05,1.38361e-06,5.91067e-07,7.92818e-07,0.00139461,0.00250292,0.118181,4.82531e-08,0,0,0,0,0,0,0,0,0,0.362137,0.384947,0.229813,0.00241403,0,446072,52456.9,76867.3,673.597,35.7743,113.013,91.494,13.8722,0,0,0,78773.5,4261.33,7294.12,74.1364,1.36152,4.9844,9.72071,20.6137,0,0,0.575742
setup,0,2023-10-03 23:00:00,1.13492e-11,0,2.74593,1.1951e-05,1.15645e-06,5.73349e-07,1.05553e-06,0.00141234,0.00261549,0.113704,5.0628e-08,0,0,0,0,0,0,0,0,0,0.370622,0.39151,0.226429,0.00234561,0,446069,52456,76866.2,672.653,35.6048,111.969,91.4367,13.7448,0,0,0,78773.4,4261.33,7294.14,74.1074,1.35507,4.94407,9.71738,20.6684,0,0,0.576086
setup,0,2023-10-04 23:00:00,1.11063e-11,0,2.69909,9.70121e-06,9.39231e-07,5.5554e-07,1.03792e-06,0.00143178,0.00272961,0.109717,4.98286e-08,0,0,0,0,0,0,0,0,0,0.376838,0.395714,0.224482,0.00228204,0,446066,52455.2,76865.1,671.719,35.4323,110.929,91.451,13.6432,0,0,0,78773.4,4261.33,7294.15,74.0802,1.3485,4.90385,9.71929,20.7188,0,0,0.575914
setup,0,2023-10-05 23:00:00,1.07934e-11,0,2.75549,7.75796e-06,7.51475e-07,5.37751e-07,9.34705e-07,0.00145112,0.00284441,0.106244,4.90294e-08,0,0,0,0,0,0,0,0,0,0.385608,0.399587,0.223478,0.00222495,0,446063,52454.4,76864.1,670.8,35.2567,109.896,91.4422,13.5256,0,0,0,78773.3,4261.33,7294.16,74.0558,1.34182,4.86377,9.71931,20.7692,0,0,0.573909
setup,0,2023-10-06 23:00:00,9.99631e-12,0,2.80217,6.15678e-06,5.96676e-07,5.20068e-07,8.42751e-07,0.00147239,0.00296488,0.103064,5.00528e-08,0,0,0,0,0,0,0,0,0,0.393864,0.404187,0.22285,0.00217361,0,446060,52453.5,76863,669.896,35.0782,108.868,91.3926,13.4106,0,0,0,78773.2,4261.34,7294.17,74.0343,1.33503,4.82385,9.71658,20.8204,0,0,0.573711
setup,0,2023-10-07 23:00:00,9.10254e-12,0,2.85483,4.86713e-06,4.71928e-07,5.02566e-07,7.61438e-07,0.00149299,0.0030955,0.10008,5.42959e-08,0,0,0,0,0,0,0,0,0,0.401355,0.409241,0.221815,0.00212655,0,446058,52452.7,76861.9,669.007,34.8968,107.846,91.2914,13.3143,0,0,0,78773.1,4261.34,7294.18,74.0167,1.32813,4.78406,9.7103,20.874,0,0,0.572566
setup,0,2023-10-08 23:00:00,8.29247e-12,0,2.89812,3.84004e-06,3.72522e-07,4.85302e-07,6.88885e-07,0.00149929,0.00317803,0.0973564,5.69518e-08,0,0,0,0,0,0,0,0,0,0.408645,0.413572,0.221186,0.00208404,0,446055,52451.8,76860.7,668.127,34.7127,106.83,91.1419,13.2473,0,0,0,78773,4261.34,7294.19,74.002,1.32112,4.74442,9.70042,20.9305,0,0,0.572224
setup,0,2023-10-09 23:00:00,7.69221e-12,0,2.94215,3.02665e-06,2.93759e-07,4.68323e-07,6.22042e-07,0.00151021,0.0032761,0.0947044,6.02403e-08,0,0,0,0,0,0,0,0,0,0.415192,0.419242,0.220063,0.0020459,0,446052,52451,76859.6,667.251,34.5256,105.821,90.9539,13.2062,0,0,0,78772.9,4261.34,7294.21,73.9905,1.314,4.70492,9.68746,20.9912,0,0,0.571456
setup,0,2023-10-10 23:00:00,6.01996e-12,0,2.99816,2.37395e-06,2.3052e-07,4.51668e-07,5.59372e-07,0.00127113,0.00261881,0.0925129,3.38759e-08,0,0,0,0,0,0,0,0,0,0.420948,0.42268,0.220503,0.0020123,0,446049,52450.1,76858.5,666.373,34.335,104.819,90.7349,13.1692,0,0,0,78772.9,4261.34,7294.22,73.9824,1.30674,4.66563,9.67163,21.053,0,0,0.572085
setup,0,2023-10-11 23:00:00,6.65749e-12,0,3.03309,1.86968e-06,1.81638e-07,4.35349e-07,5.03019e-07,0.00147421,0.00325773,0.0904106,4.49603e-08,0,0,0,0,0,0,0,0,0,0.427443,0.428119,0.220424,0.00198432,0,446045,52449.2,76857.4,665.487,34.1414,103.824,90.4956,13.1571,0,0,0,78772.8,4261.34,7294.24,73.9751,1.29937,4.62651,9.65397,21.1193,0,0,0.571554
setup,0,2023-10-12 23:00:00,7.4478e-12,0,3.07681,1.47235e-06,1.43102e-07,4.19405e-07,4.52049e-07,0.00149609,0.00340602,0.0884367,5.12727e-08,0,0,0,0,0,0,0,0,0,0.433104,0.433644,0.219874,0.00195955,0,446042,52448.4,76856.2,664.59,33.9449,102.836,90.2425,13.1594,0,0,0,78772.7,4261.34,7294.26,73.9694,1.2919,4.58753,9.63521,21.1895,0,0,0.570785
setup,0,2023-10-13 23:00:00,7.84754e-12,0,3.12274,1.1594e-06,1.12734e-07,4.03859e-07,4.05308e-07,0.00150981,0.00352345,0.0867435,5.64334e-08,0,0,0,0,0,0,0,0,0,0.43856,0.439899,0.219899,0.00193689,0,446039,52447.5,76855.1,663.678,33.7455,101.854,89.9821,13.1692,0,0,0,78772.6,4261.34,7294.27,73.9653,1.28431,4.54873,9.61595,21.2636,0,0,0.571089
setup,0,2023-10-14 23:00:00,5.50667e-12,0,3.19969,0.140088,0.0136379,7.22357e-06,0.00818014,0.0011289,0.00225793,0.0857871,3.35978e-08,0,0,0,0,0,0,0,0,0,0.442913,0.452353,0.226376,0.00192422,0,446036,52445.5,76853,662.646,33.5434,100.886,89.6836,13.1444,0,0,0,78772.5,4261.2,7294.16,73.9476,1.27662,4.51026,9.59064,21.3288,0,0,0.574341
setup,0,2023-10-15 23:00:00,6.2557e-12,0,3.20494,1.92738e-06,1.877e-07,3.7411e-07,3.70831e-07,0.00138898,0.00316518,0.0848479,4.18416e-08,0,0,0,0,0,0,0,0,0,0.447118,0.447768,0.226288,0.00192016,0,446033,52444.6,76851.9,661.704,33.3386,99.9229,89.3861,13.1779,0,0,0,78772.4,4261.2,7294.18,73.9445,1.26882,4.47192,9.56662,21.4086,0,0,0.573781
setup,0,2023-10-16 23:00:00,6.56597e-12,0,3.24757,2.53735e-06,2.47282e-07,3.59563e-07,3.67646e-07,0.00145486,0.00346655,0.0839034,4.94705e-08,0,0,0,0,0,0,0,0,0,0.451617,0.455097,0.224379,0.00191432,0,446029,52443.7,76850.7,660.735,33.131,98.9657,89.1025,13.2238,0,0,0,78772.4,4261.2,7294.2,73.9428,1.26092,4.43371,9.54468,21.4936,0,0,0.570812
setup,0,2023-10-17 23:00:00,5.65509e-12,0,3.31623,0.167163,0.0163053,8.47829e-06,0.0099075,0.00134438,0.00284683,0.0838773,5.09163e-08,0,0,0,0,0,0,0,0,0,0.453389,0.473446,0.233434,0.00191177,0,446026,52441.5,76848.2,659.618,32.9208,98.0209,88.7885,13.2368,0,0,0,78772.2,4261.01,7294.02,73.9281,1.25292,4.39584,9.51909,21.5626,0,0,0.576282
setup,0,2023-10-18 23:00:00,5.60421e-12,0,3.32327,1.97501e-06,1.92702e-07,3.29668e-07,2.73434e-07,0.00144452,0.00353186,0.0835917,5.26991e-08,0,0,0,0,0,0,0,0,0,0.458305,0.464002,0.232399,0.0019195,0,446023,52440.6,76847,658.604,32.708,97.0819,88.4953,13.2996,0,0,0,78772.2,4261.01,7294.04,73.9284,1.24482,4.35808,9.49475,21.6514,0,0,0.573155
setup,0,2023-10-19 23:00:00,5.84996e-12,0,3.52149,0.13879,0.0135555,7.12359e-06,0.00830559,0.00151342,0.00361276,0.0838848,7.68739e-08,0,0,0,0,0,0,0,0,0,0.471978,0.489207,0.23684,0.00192671,0,446019,52438.3,76844.5,657.45,32.4931,96.1514,88.0737,13.3467,0,0,0,78772,4260.83,7293.88,73.9038,1.23664,4.32054,9.46228,21.7473,0,0,0.572401
setup,0,2023-10-20 23:00:00,5.38084e-12,0,3.46431,1.15753e-06,1.13059e-07,3.00549e-07,1.7627e-07,0.001538,0.00397917,0.0837384,8.37377e-08,0,0,0,0,0,0,0,0,0,0.469797,0.480635,0.233738,0.00193258,0,446015,52437.3,76843.3,656.351,32.2761,95.2249,87.7713,13.4479,0,0,0,78772,4260.83,7293.9,73.9007,1.22839,4.28307,9.44141,21.8491,0,0,0.568893
setup,0,2023-10-21 23:00:00,4.52432e-12,0,3.63139,0.124433,0.0121702,6.39294e-06,0.0075206,0.00133381,0.00318512,0.0839252,6.73944e-08,0,0,0,0,0,0,0,0,0,0.48143,0.498743,0.238045,0.00193986,0,446012,52435.2,76841.1,655.122,32.056,94.3089,87.3999,13.4956,0,0,0,78771.8,4260.68,7293.79,73.8762,1.22001,4.24586,9.41516,21.9536,0,0,0.570259
setup,0,2023-10-22 23:00:00,5.11907e-12,0,3.60792,2.70252e-06,2.64475e-07,2.72798e-07,2.2989e-07,0.00145855,0.00381389,0.0838411,7.59866e-08,0,0,0,0,0,0,0,0,0,0.48212,0.493965,0.237271,0.00194864,0,446008,52434.1,76839.8,653.95,31.8336,93.3992,87.0935,13.588,0,0,0,78771.8,4260.68,7293.82,73.8694,1.21154,4.20881,9.39583,22.0639,0,0,0.568997
setup,0,2023-10-23 23:00:00,5.44668e-12,0,3.53592,2.29262e-06,2.24515e-07,2.60871e-07,1.85623e-07,0.00149268,0.00402973,0.0832767,7.96393e-08,0,0,0,0,0,0,0,0,0,0.48526,0.500044,0.234605,0.00195037,0,446004,52433.2,76838.6,652.754,31.6089,92.4962,86.96,13.6426,0,0,0,78771.7,4260.68,7293.84,73.8611,1.20299,4.17191,9.38852,22.1725,0,0,0.568894
setup,0,2023-10-24 23:00:00,5.66063e-12,0,3.6031,1.73665e-06,1.70177e-07,2.49375e-07,1.32911e-07,0.00153424,0.00427316,0.0827239,8.74739e-08,0,0,0,0,0,0,0,0,0,0.492255,0.508359,0.234135,0.00194926,0,446001,52432.2,76837.2,651.554,31.3822,91.6016,86.8391,13.6502,0,0,0,78771.6,4260.68,7293.86,73.854,1.19436,4.13522,9.38283,22.284,0,0,0.568074
setup,0,2023-10-25 23:00:00,3.71956e-12,0,3.71708,0.0411384,0.00403611,2.17964e-06,0.00253836,0.00101427,0.00245892,0.0822567,5.9186e-08,0,0,0,0,0,0,0,0,0,0.499102,0.517404,0.237945,0.00195013,0,445997,52430.7,76835.5,650.334,31.1535,90.7187,86.6671,13.5885,0,0,0,78771.5,4260.62,7293.82,73.8435,1.18566,4.09885,9.37243,22.3934,0,0,0.572325
setup,0,2023-10-26 23:00:00,5.05922e-12,0,3.914,0.164171,0.0161216,7.98893e-06,0.0101887,0.00144988,0.00339132,0.0820237,7.53908e-08,0,0,0,0,0,0,0,0,0,0.508097,0.544359,0.246613,0.00195795,0,445993,52428.2,76832.8,649.009,30.9226,89.8449,86.2229,13.6412,0,0,0,78771.4,4260.35,7293.64,73.8278,1.17687,4.06272,9.34355,22.5032,0,0,0.575188
setup,0,2023-10-27 23:00:00,2.88014e-12,0,3.94472,0.218395,0.0214662,1.06897e-05,0.0136328,0.000917518,0.00188293,0.0829383,3.29802e-08,0,0,0,0,0,0,0,0,0,0.519201,0.552365,0.259042,0.00199127,0,445989,52425.3,76829.9,647.598,30.6899,88.9837,85.7846,13.6906,0,0,0,78771.2,4260.05,7293.4,73.7861,1.16802,4.02692,9.31255,22.6128,0,0,0.585193
setup,0,2023-10-28 23:00:00,3.83623e-12,0,3.8601,2.44949e-07,2.39809e-08,1.95748e-07,8.68423e-08,0.0014556,0.00387002,0.0838469,6.03564e-08,0,0,0,0,0,0,0,0,0,0.514746,0.528547,0.259807,0.00205124,0,445985,52424.2,76828.5,646.304,30.4554,88.128,85.4069,13.8608,0,0,0,78771.1,4260.05,7293.43,73.7793,1.15909,3.99123,9.28449,22.7395,0,0,0.577802
setup,0,2023-10-29 23:00:00,3.22593e-12,0,3.81045,6.97197e-08,6.74607e-09,1.86359e-07,9.11408e-08,0.00153052,0.00442207,0.083963,7.57843e-08,0,0,0,0,0,0,0,0,0,0.519298,0.543217,0.254083,0.0020791,0,445981,52423.1,76827.2,644.959,30.2191,87.2761,85.2171,14.0249,0,0,0,78771,4260.05,7293.45,73.7694,1.1501,3.95562,9.27213,22.8715,0,0,0.571994
setup,0,2023-10-30 23:00:00,2.89328e-12,0,3.86954,2.2254e-08,2.07169e-09,1.77387e-07,1.02985e-07,0.00156099,0.00468209,0.0836351,8.30137e-08,0,0,0,0,0,0,0,0,0,0.526928,0.552063,0.251318,0.00208384,0,445977,52422.1,76825.8,643.597,29.9812,86.4309,85.1349,14.0993,0,0,0,78770.9,4260.05,7293.47,73.7585,1.14104,3.92019,9.26957,23.0034,0,0,0.570007
setup,0,2023-10-31 23:00:00,2.77285e-12,0,3.91617,7.7863e-09,6.40361e-10,1.68819e-07,1.21083e-07,0.00158773,0.00488808,0.0827112,8.73867e-08,0,0,0,0,0,0,0,0,0,0.528844,0.558919,0.248438,0.00208103,0,445973,52421.2,76824.5,642.271,29.7417,85.5922,84.9297,13.7779,0,0,0,78770.8,4260.06,7293.49,73.7145,1.13193,3.88492,9.26123,23.0857,0,0,0.568303
setup,0,2023-11-01 23:00:00,1.64799e-12,0,3.99009,0.1754,0.0173204,8.23293e-06,0.0112515,0.000945543,0.00227982,0.082588,2.92701e-08,0,0,0,0,0,0,0,0,0,0.527994,0.577058,0.260351,0.00209155,0,445969,52418.9,76821.8,640.847,29.5009,84.7678,84.4827,13.5475,0,0,0,78770.7,4259.86,7293.28,73.6688,1.12276,3.85005,9.23154,23.1957,0,0,0.580288
setup,0,2023-11-02 23:00:00,2.6722e-12,0,3.90455,1.36708e-09,0,1.47975e-07,1.58007e-07,0.00154908,0.004568,0.0825848,5.22049e-08,0,0,0,0,0,0,0,0,0,0.525704,0.56167,0.261926,0.0021242,0,445966,52417.8,76820.4,639.525,29.2586,83.9496,83.977,13.5363,0,0,0,78770.6,4259.84,7293.27,73.6542,1.11354,3.81534,9.19408,23.3209,0,0,0.573797
setup,0,2023-11-03 23:00:00,2.72938e-12,0,3.92335,1.39138e-09,0,1.40579e-07,1.69731e-07,0.00162235,0.00511966,0.0820861,6.81863e-08,0,0,0,0,0,0,0,0,0,0.530276,0.564424,0.257932,0.0021424,0,445962,52416.9,76819.1,638.136,29.0151,83.1368,83.5125,13.596,0,0,0,78770.5,4259.84,7293.29,73.6404,1.10428,3.78078,9.15926,23.4547,0,0,0.571286
setup,0,2023-11-04 23:00:00,2.71451e-12,0,3.96464,1.41586e-09,0,1.33539e-07,1.80722e-07,0.00164924,0.0053517,0.0813833,8.09356e-08,0,0,0,0,0,0,0,0,0,0.537233,0.571552,0.255666,0.00214902,0,445958,52416,76817.8,636.687,28.7705,82.3305,83.1031,13.6688,0,0,0,78770.4,4259.84,7293.31,73.6231,1.09496,3.74639,9.12959,23.5947,0,0,0.568539
setup,0,2023-11-05 23:00:00,2.72299e-12,0,4.01629,1.44048e-09,0,1.2684e-07,1.91947e-07,0.0016754,0.00553804,0.0804935,9.21071e-08,0,0,0,0,0,0,0,0,0,0.544933,0.577866,0.254419,0.00215102,0,445954,52415.1,76816.5,635.193,28.5247,81.5312,82.738,13.7364,0,0,0,78770.3,4259.84,7293.33,73.6031,1.08561,3.71219,9.10444,23.7384,0,0,0.567121
setup,0,2023-11-06 23:00:00,2.76847e-12,0,4.06971,1.46528e-09,0,1.20469e-07,2.03143e-07,0.00170335,0.00572043,0.0793807,1.02923e-07,0,0,0,0,0,0,0,0,0,0.553043,0.584501,0.253502,0.00215283,0,445950,52414.2,76815.2,633.667,28.2781,80.7385,82.4015,13.7957,0,0,0,78770.2,4259.84,7293.35,73.5811,1.07623,3.67817,9.08227,23.8857,0,0,0.566009
setup,0,2023-11-07 23:00:00,2.86725e-12,0,4.12542,1.49023e-09,0,1.14411e-07,2.14165e-07,0.00174195,0.00594641,0.0785152,1.16726e-07,0,0,0,0,0,0,0,0,0,0.560767,0.591649,0.253882,0.00215794,0,445946,52413.2,76813.9,632.118,28.0311,79.9531,82.0803,13.8445,0,0,0,78770.2,4259.84,7293.37,73.5589,1.06683,3.64434,9.06158,24.0356,0,0,0.565219
setup,0,2023-11-08 23:00:00,2.96152e-12,0,4.1854,1.51536e-09,0,1.08654e-07,2.24929e-07,0.00176101,0.00608998,0.0776489,1.34155e-07,0,0,0,0,0,0,0,0,0,0.569165,0.597696,0.253983,0.00216402,0,445942,52412.3,76812.6,630.551,27.7842,79.1746,81.7674,13.8823,0,0,0,78770.1,4259.84,7293.39,73.5356,1.05743,3.61071,9.04163,24.1891,0,0,0.564343
setup,0,2023-11-09 23:00:00,3.01083e-12,0,4.24403,1.54066e-09,0,1.03184e-07,2.35388e-07,0.00177854,0.00620753,0.0767446,1.46091e-07,0,0,0,0,0,0,0,0,0,0.577278,0.604717,0.253417,0.00217183,0,445938,52411.4,76811.2,628.971,27.5371,78.4027,81.4562,13.9163,0,0,0,78770,4259.85,7293.41,73.5132,1.04803,3.57725,9.02187,24.3466,0,0,0.56331
setup,0,2023-11-10 23:00:00,2.34475e-12,0,4.32755,1.5661e-09,0,9.79897e-08,2.45513e-07,0.00138164,0.00444053,0.07634,6.71688e-08,0,0,0,0,0,0,0,0,0,0.584503,0.609278,0.256223,0.00218494,0,445934,52410.4,76809.8,627.385,27.2875,77.6397,81.1313,13.9131,0,0,0,78769.9,4259.85,7293.43,73.4921,1.03853,3.54406,9.00063,24.5034,0,0,0.565695
setup,0,2023-11-11 23:00:00,2.65916e-12,0,4.37416,1.59168e-09,0,9.30554e-08,2.55285e-07,0.00156406,0.00520207,0.0756859,7.53946e-08,0,0,0,0,0,0,0,0,0,0.592373,0.61592,0.256221,0.00220266,0,445929,52409.4,76808.5,625.787,27.0374,76.8827,80.7949,13.9278,0,0,0,78769.8,4259.84,7293.45,73.4725,1.02901,3.51102,8.9779,24.6654,0,0,0.565027
setup,0,2023-11-12 23:00:00,2.80315e-12,0,4.43379,0.143787,0.0144157,5.87997e-06,0.00986515,0.00166211,0.00524833,0.076121,1.25629e-07,0,0,0,0,0,0,0,0,0,0.597259,0.638256,0.26807,0.00223153,0,445925,52407.4,76806.2,624.068,26.7869,76.134,80.4099,13.9304,0,0,0,78769.7,4259.65,7293.3,73.4414,1.01947,3.47824,8.94851,24.8121,0,0,0.568331
setup,0,2023-11-13 23:00:00,2.80142e-12,0,4.44016,1.63911e-09,0,8.09701e-08,2.71689e-07,0.00172299,0.00595949,0.0766488,1.22858e-07,0,0,0,0,0,0,0,0,0,0.606793,0.627479,0.268334,0.00227513,0,445921,52406.4,76804.8,622.438,26.5361,75.3913,80.0469,13.9863,0,0,0,78769.6,4259.65,7293.31,73.4174,1.00993,3.44563,8.92069,24.9818,0,0,0.565805
setup,0,2023-11-14 23:00:00,2.6164e-12,0,4.85729,0.207708,0.0208991,8.31899e-06,0.0144539,0.00162309,0.00298504,0.0777253,1.63351e-07,0,0,0,0,0,0,0,0,0,0.787537,0.846126,0.282286,0.00226398,0,445916,52403,76801.3,620.632,26.2851,74.6578,79.4894,13.8119,0,0,0,78769.4,4258.86,7292.28,73.0306,1.00038,3.41333,8.89108,25.4489,0,0,0.574055
setup,0,2023-11-15 23:00:00,2.52439e-12,0,5.36136,0.284555,0.0286878,1.13791e-05,0.0199523,0.00159965,0.00231082,0.0800844,1.42616e-07,0,0,0,0,0,0,0,0,0,1.0465,1.02747,0.280192,0.00231828,0,445910,52399.6,76797,618.727,26.0341,73.9313,78.7451,13.3468,0,0,0,78769.3,4258.42,7291.26,72.1277,0.990821,3.38123,8.84225,26.461,0,0,0.579451
setup,0,2023-11-16 23:00:00,1.63872e-12,0,4.64156,1.70646e-09,0,6.02353e-08,2.9042e-07,0.00112297,0.0026005,0.08372,6.18592e-08,0,0,0,0,0,0,0,0,0,0.55226,0.607489,0.297764,0.00236271,0,445906,52398.5,76795.6,616.949,25.783,73.2119,78.0987,13.5901,0,0,0,78769.2,4258.42,7291.31,72.2295,0.981266,3.34934,8.79045,26.5246,0,0,0.578637
setup,0,2023-11-17 23:00:00,2.1818e-12,0,4.60412,1.73259e-09,0,5.68063e-08,2.97193e-07,0.00153903,0.00461381,0.0853642,1.03964e-07,0,0,0,0,0,0,0,0,0,0.565969,0.611918,0.294492,0.00244875,0,445901,52397.4,76794.2,615.073,25.532,72.4956,77.5923,13.9044,0,0,0,78769.1,4258.43,7291.34,72.3059,0.971714,3.31753,8.7462,26.6223,0,0,0.573465
setup,0,2023-11-18 23:00:00,2.21101e-12,0,4.64275,1.75894e-09,0,5.35699e-08,3.05187e-07,0.00163031,0.0053689,0.0857297,1.29735e-07,0,0,0,0,0,0,0,0,0,0.578339,0.623241,0.291723,0.00249515,0,445897,52396.3,76792.8,613.122,25.2812,71.7826,77.2259,14.1766,0,0,0,78769,4258.43,7291.37,72.3668,0.962168,3.2858,8.71521,26.7364,0,0,0.569443
setup,0,2023-11-19 23:00:00,2.13445e-12,0,4.7453,0.165899,0.016848,6.40927e-06,0.0119494,0.00162411,0.00472024,0.0865925,1.4678e-07,0,0,0,0,0,0,0,0,0,0.567595,0.646514,0.305978,0.00253044,0,445892,52394.1,76790.2,611.012,25.0306,71.0767,76.9209,14.3254,0,0,0,78768.8,4258.21,7291.21,72.4431,0.95263,3.2543,8.68978,26.7919,0,0,0.573334
setup,0,2023-11-20 23:00:00,2.14412e-12,0,4.76934,1.80705e-09,0,4.52203e-08,3.19648e-07,0.00172075,0.00582715,0.0872645,1.5259e-07,0,0,0,0,0,0,0,0,0,0.596175,0.632383,0.30678,0.00259496,0,445887,52393,76788.7,609.022,24.7804,70.3752,76.6867,14.4415,0,0,0,78768.7,4258.21,7291.24,72.4926,0.943107,3.22293,8.67208,26.9057,0,0,0.568524
setup,0,2023-11-21 23:00:00,2.10683e-12,0,4.77194,1.83373e-09,0,4.25421e-08,3.26877e-07,0.00180663,0.00631155,0.0872656,1.6323e-07,0,0,0,0,0,0,0,0,0,0.608733,0.648451,0.302034,0.00263111,0,445883,52392,76787.2,607.041,24.5306,69.6775,76.5972,14.475,0,0,0,78768.6,4258.22,7291.26,72.5326,0.933601,3.19168,8.66777,27.03,0,0,0.565211
setup,0,2023-11-22 23:00:00,2.03978e-12,0,4.83569,1.86048e-09,0,4.00196e-08,3.34094e-07,0.00190179,0.00678713,0.0867326,1.74668e-07,0,0,0,0,0,0,0,0,0,0.619521,0.659222,0.299759,0.00264507,0,445878,52391,76785.7,605.115,24.2817,68.985,76.5726,14.3873,0,0,0,78768.5,4258.22,7291.27,72.5744,0.92413,3.1606,8.67013,27.1594,0,0,0.562904
setup,0,2023-11-23 23:00:00,2.01727e-12,0,4.92479,1.88728e-09,0,3.7644e-08,3.40995e-07,0.00195343,0.00704878,0.0860285,1.93987e-07,0,0,0,0,0,0,0,0,0,0.63537,0.669353,0.299411,0.00265753,0,445873,52389.9,76784.1,603.267,24.0348,68.2974,76.4516,14.2804,0,0,0,78768.4,4258.22,7291.28,72.6127,0.914733,3.12967,8.66707,27.2971,0,0,0.562139
setup,0,2023-11-24 23:00:00,1.96453e-12,0,4.98849,1.91413e-09,0,3.54068e-08,3.47463e-07,0.00200925,0.00732259,0.085416,2.0778e-07,0,0,0,0,0,0,0,0,0,0.659523,0.688667,0.300363,0.00267631,0,445868,52388.9,76782.5,601.483,23.7893,67.6152,76.2166,14.1984,0,0,0,78768.3,4258.22,7291.3,72.6283,0.905389,3.09893,8.65518,27.4546,0,0,0.561824
setup,0,2023-11-25 23:00:00,8.85166e-13,0,5.10982,0.0498539,0.00513162,1.81498e-06,0.00375896,0.000934583,0.00266482,0.0853509,5.94562e-08,0,0,0,0,0,0,0,0,0,0.659806,0.699342,0.308482,0.00270752,0,445863,52387.3,76780.6,599.705,23.5421,66.9408,75.8689,14.0517,0,0,0,78768.2,4258.14,7291.25,72.6571,0.895981,3.06845,8.63014,27.6067,0,0,0.569913
setup,0,2023-11-26 23:00:00,1.76041e-12,0,5.06848,1.9649e-09,0,3.07752e-08,3.58498e-07,0.00194736,0.00656953,0.0855421,1.04469e-07,0,0,0,0,0,0,0,0,0,0.697915,0.714339,0.311466,0.002762,0,445859,52386.3,76779.1,597.976,23.2957,66.2707,75.4593,14.0291,0,0,0,78768,4258.14,7291.27,72.6319,0.886602,3.03811,8.59981,27.8028,0,0,0.567797
setup,0,2023-11-27 23:00:00,1.78937e-12,0,5.10021,1.9917e-09,0,2.89162e-08,3.63514e-07,0.00206378,0.00735235,0.0853736,1.31331e-07,0,0,0,0,0,0,0,0,0,0.7107,0.737985,0.311327,0.00280478,0,445854,52385.2,76777.5,596.235,23.0501,65.6049,75.0402,14.0467,0,0,0,78767.9,4258.14,7291.29,72.5977,0.877256,3.00791,8.56854,28.0122,0,0,0.565446
setup,0,2023-11-28 23:00:00,1.78921e-12,0,5.14087,2.0185e-09,0,2.71665e-08,3.68213e-07,0.002127,0.00773068,0.0854687,1.50986e-07,0,0,0,0,0,0,0,0,0,0.71827,0.748555,0.312105,0.00283307,0,445849,52384.2,76776,594.482,22.8055,64.944,74.6321,14.0657,0,0,0,78767.8,4258.14,7291.31,72.5638,0.867948,2.9779,8.53838,28.2253,0,0,0.564458
setup,0,2023-11-29 23:00:00,1.79937e-12,0,5.18523,2.04527e-09,0,2.55197e-08,3.72536e-07,0.00218973,0.00806823,0.0849173,1.68333e-07,0,0,0,0,0,0,0,0,0,0.726164,0.759494,0.310415,0.00285251,0,445844,52383.1,76774.4,592.724,22.5621,64.2869,74.2338,14.0854,0,0,0,78767.7,4258.14,7291.33,72.5316,0.858682,2.94801,8.50953,28.4451,0,0,0.563131
setup,0,2023-11-30 23:00:00,1.83708e-12,0,5.18557,2.07785e-09,0,2.397e-08,3.75094e-07,0.0022585,0.0084143,0.0847849,1.83711e-07,0,0,0,0,0,0,0,0,0,0.717475,0.761702,0.312201,0.00286743,0,445839,52382.1,76772.9,590.994,22.3202,63.6348,73.7041,13.7632,0,0,0,78767.6,4258.14,7291.35,72.4769,0.849476,2.91831,8.47015,28.63,0,0,0.562445
setup,0,2023-12-01 23:00:00,1.88395e-12,0,5.15917,2.1049e-09,0,2.25126e-08,3.78475e-07,0.0023152,0.0087323,0.0843081,2.14321e-07,0,0,0,0,0,0,0,0,0,0.713813,0.759164,0.312253,0.00288332,0,445834,52381.1,76771.4,589.265,22.0808,62.9869,73.0542,13.617,0,0,0,78767.5,4258.15,7291.37,72.4439,0.840364,2.88876,8.41671,28.8469,0,0,0.561836
setup,0,2023-12-02 23:00:00,1.89795e-12,0,5.14539,2.13168e-09,0,2.11414e-08,3.81518e-07,0.00234125,0.00886833,0.0838322,2.32449e-07,0,0,0,0,0,0,0,0,0,0.717442,0.759709,0.311958,0.00289669,0,445829,52380.2,76770,587.5,21.8433,62.3433,72.3831,13.5704,0,0,0,78767.4,4258.15,7291.39,72.4126,0.831327,2.85936,8.35893,29.0723,0,0,0.560819
setup,0,2023-12-03 23:00:00,1.89948e-12,0,5.14479,2.15899e-09,0,1.9851e-08,3.84201e-07,0.00237739,0.00904965,0.0836352,2.51855e-07,0,0,0,0,0,0,0,0,0,0.722031,0.763794,0.314626,0.00291545,0,445824,52379.2,76768.5,585.693,21.608,61.7044,71.7277,13.5686,0,0,0,78767.3,4258.15,7291.41,72.3784,0.82237,2.83013,8.30146,29.3033,0,0,0.559808
setup,0,2023-12-04 23:00:00,1.89934e-12,0,5.15204,2.18703e-09,0,1.86364e-08,3.86544e-07,0.00241159,0.00921521,0.0832675,2.72449e-07,0,0,0,0,0,0,0,0,0,0.727901,0.766709,0.314152,0.00293338,0,445819,52378.3,76767.1,583.851,21.3748,61.0698,71.0983,13.5943,0,0,0,78767.2,4258.15,7291.43,72.3411,0.813498,2.80107,8.24626,29.5394,0,0,0.559367
setup,0,2023-12-05 23:00:00,1.91281e-12,0,5.16808,2.2151e-09,0,1.74933e-08,3.88564e-07,0.00244336,0.00936282,0.0832692,2.94045e-07,0,0,0,0,0,0,0,0,0,0.733947,0.772237,0.317053,0.00295451,0,445814,52377.3,76765.6,581.984,21.1441,60.4397,70.4916,13.6206,0,0,0,78767.1,4258.15,7291.45,72.3001,0.804717,2.77217,8.19305,29.7781,0,0,0.5588
setup,0,2023-12-06 23:00:00,1.22412e-12,0,5.2338,2.24317e-09,0,1.64177e-08,3.90274e-07,0.00154085,0.00515315,0.0828992,7.2221e-08,0,0,0,0,0,0,0,0,0,0.739243,0.775281,0.317901,0.00297586,0,445809,52376.3,76764.2,580.111,20.9096,59.8152,69.8748,13.6152,0,0,0,78767,4258.15,7291.48,72.261,0.79579,2.74348,8.13942,30.0185,0,0,0.56215
setup,0,2023-12-07 23:00:00,1.90476e-12,0,5.21352,2.27122e-09,0,1.54051e-08,3.9169e-07,0.00240695,0.00885063,0.0829079,1.49125e-07,0,0,0,0,0,0,0,0,0,0.747192,0.778938,0.318916,0.00301044,0,445804,52375.3,76762.7,578.222,20.6765,59.1938,69.2779,13.6499,0,0,0,78766.8,4258.14,7291.5,72.2181,0.786919,2.71491,8.08647,30.265,0,0,0.561025
setup,0,2023-12-08 23:00:00,1.94912e-12,0,5.23661,2.29926e-09,0,1.4452e-08,3.92825e-07,0.00245939,0.00918405,0.0828573,1.8536e-07,0,0,0,0,0,0,0,0,0,0.754545,0.787011,0.319706,0.00303817,0,445799,52374.4,76761.3,576.328,20.445,58.5762,68.6913,13.682,0,0,0,78766.7,4258.14,7291.52,72.1732,0.778107,2.68649,8.03454,30.5168,0,0,0.560162
setup,0,2023-12-09 23:00:00,1.97747e-12,0,5.2566,2.32727e-09,0,1.35551e-08,3.93689e-07,0.00250659,0.00943294,0.0827664,2.11908e-07,0,0,0,0,0,0,0,0,0,0.761234,0.794667,0.321023,0.00306002,0,445794,52373.4,76759.8,574.436,20.2151,57.9629,68.104,13.7079,0,0,0,78766.6,4258.14,7291.53,72.1281,0.769358,2.65824,7.98262,30.7726,0,0,0.558242
setup,0,2023-12-10 23:00:00,2.03055e-12,0,5.27726,2.35522e-09,0,1.27111e-08,3.94289e-07,0.00257344,0.00976077,0.0828858,2.49178e-07,0,0,0,0,0,0,0,0,0,0.767627,0.799689,0.322623,0.00308206,0,445789,52372.4,76758.3,572.55,19.988,57.3535,67.5109,13.7279,0,0,0,78766.5,4258.14,7291.56,72.0833,0.760716,2.63014,7.92991,31.0306,0,0,0.558742
setup,0,2023-12-11 23:00:00,1.30452e-12,0,5.33534,2.38311e-09,0,1.1917e-08,3.94609e-07,0.00164519,0.00547339,0.0826873,1.50725e-07,0,0,0,0,0,0,0,0,0,0.771379,0.801572,0.324109,0.00310717,0,445783,52371.4,76756.9,570.676,19.7618,56.749,66.8891,13.7101,0,0,0,78766.4,4258.13,7291.58,72.0447,0.752107,2.60224,7.87295,31.2892,0,0,0.561446
setup,0,2023-12-12 23:00:00,1.95499e-12,0,5.31426,2.41097e-09,0,1.11697e-08,3.94678e-07,0.00248757,0.00903646,0.0830817,1.98525e-07,0,0,0,0,0,0,0,0,0,0.779834,0.807632,0.327105,0.00314761,0,445778,52370.3,76755.4,568.805,19.5378,56.1485,66.2558,13.7283,0,0,0,78766.3,4258.11,7291.6,72.0012,0.743582,2.57449,7.81524,31.5531,0,0,0.560447
setup,0,2023-12-13 23:00:00,1.80317e-12,0,5.41303,0.136715,0.0149,4.0472e-06,0.0121107,0.00228405,0.00594821,0.0838041,2.92007e-07,0,0,0,0,0,0,0,0,0,0.840711,0.919006,0.346376,0.00312791,0,445773,52367.7,76752.9,566.833,19.3148,55.5534,65.5434,13.681,0,0,0,78766.2,4257.3,7291.09,71.8356,0.735095,2.54697,7.75519,31.8957,0,0,0.566959
setup,0,2023-12-14 23:00:00,1.77232e-12,0,5.26308,2.4548e-09,0,9.22725e-09,3.92424e-07,0.00227958,0.0081407,0.085723,2.3961e-07,0,0,0,0,0,0,0,0,0,0.740066,0.772562,0.352554,0.00326488,0,445767,52366.7,76751.4,564.951,19.0936,54.9622,64.858,13.7747,0,0,0,78766,4257.31,7291.11,71.8871,0.726678,2.5196,7.68437,32.0647,0,0,0.563327
setup,0,2023-12-15 23:00:00,1.84159e-12,0,5.29086,2.47866e-09,0,8.61356e-09,3.91186e-07,0.00241436,0.00886362,0.0869321,2.5449e-07,0,0,0,0,0,0,0,0,0,0.778378,0.804685,0.348898,0.00336367,0,445762,52365.7,76749.9,563.047,18.8751,54.3744,64.2174,13.8519,0,0,0,78765.9,4257.31,7291.13,71.8692,0.718361,2.49238,7.62083,32.3065,0,0,0.560868
setup,0,2023-12-16 23:00:00,1.7009e-12,0,5.47263,0.179219,0.0197591,5.16794e-06,0.01636,0.00225733,0.00493806,0.087669,2.93078e-07,0,0,0,0,0,0,0,0,0,0.888715,0.991701,0.366698,0.00329148,0,445757,52363.1,76747,560.999,18.6577,53.7919,63.546,13.74,0,0,0,78765.8,4256.72,7290.19,71.6184,0.710087,2.46537,7.55757,32.7612,0,0,0.567876
setup,0,2023-12-17 23:00:00,1.71475e-12,0,5.28325,3.79401e-07,4.17333e-08,6.87576e-09,4.23902e-07,0.00238118,0.00776734,0.0903517,2.59055e-07,0,0,0,0,0,0,0,0,0,0.763486,0.7898,0.373864,0.00345253,0,445751,52362.2,76745.5,559.092,18.4433,53.2125,62.881,13.8143,0,0,0,78765.6,4256.73,7290.21,71.6402,0.701929,2.43849,7.4912,32.9503,0,0,0.564885
setup,0,2023-12-18 23:00:00,1.75944e-12,0,5.30735,2.21469e-07,2.43341e-08,6.37315e-09,4.08142e-07,0.00248326,0.00889763,0.091591,2.68985e-07,0,0,0,0,0,0,0,0,0,0.802808,0.828893,0.36597,0.00356096,0,445746,52361.2,76744,557.17,18.2317,52.6364,62.2483,13.891,0,0,0,78765.5,4256.73,7290.23,71.594,0.693872,2.41175,7.42996,33.221,0,0,0.561589
setup,0,2023-12-19 23:00:00,1.78301e-12,0,5.34134,1.1437e-07,1.24748e-08,5.9033e-09,3.96911e-07,0.00260091,0.0095379,0.0923196,2.83523e-07,0,0,0,0,0,0,0,0,0,0.815044,0.8512,0.363586,0.00360312,0,445741,52360.2,76742.5,555.246,18.0227,52.064,61.6454,13.9338,0,0,0,78765.4,4256.73,7290.25,71.5346,0.685918,2.38518,7.37377,33.5088,0,0,0.560525
setup,0,2023-12-20 23:00:00,1.81582e-12,0,5.3659,5.87111e-08,6.28555e-09,5.46431e-09,3.9026e-07,0.00270517,0.0100174,0.092003,2.9974e-07,0,0,0,0,0,0,0,0,0,0.821441,0.86162,0.360581,0.00362151,0,445735,52359.2,76740.9,553.328,17.8164,51.4948,61.053,13.9522,0,0,0,78765.2,4256.74,7290.27,71.4765,0.67807,2.35874,7.31951,33.8026,0,0,0.559195
setup,0,2023-12-21 23:00:00,1.57589e-12,0,5.45392,0.141564,0.0159123,3.91897e-06,0.0135892,0.00230132,0.00669667,0.0929956,2.87326e-07,0,0,0,0,0,0,0,0,0,0.838516,0.926146,0.381085,0.00358807,0,445730,52357.1,76738.7,551.322,17.6097,50.9316,60.3926,13.883,0,0,0,78765.1,4256.4,7289.95,71.3789,0.670202,2.33256,7.25623,34.1112,0,0,0.566167
setup,0,2023-12-22 23:00:00,1.78547e-12,0,5.3472,6.78386e-09,4.69454e-10,4.29946e-09,3.81133e-07,0.0025343,0.00897921,0.0943629,2.58476e-07,0,0,0,0,0,0,0,0,0,0.828685,0.859091,0.38306,0.00370508,0,445724,52356.2,76737.2,549.428,17.4057,50.371,59.7379,13.9139,0,0,0,78764.9,4256.4,7289.97,71.323,0.662436,2.30649,7.19229,34.3978,0,0,0.562489
setup,0,2023-12-23 23:00:00,1.88512e-12,0,5.37106,3.06504e-09,4.49596e-11,3.94531e-09,3.78634e-07,0.00269917,0.0098168,0.0949455,2.7045e-07,0,0,0,0,0,0,0,0,0,0.83667,0.876967,0.378859,0.00376903,0,445719,52355.2,76735.7,547.527,17.2044,49.8137,59.1073,13.9419,0,0,0,78764.8,4256.4,7289.98,71.2616,0.654775,2.28057,7.13232,34.6979,0,0,0.560302
setup,0,2023-12-24 23:00:00,1.91866e-12,0,5.39405,2.73559e-09,4.30848e-12,3.61438e-09,3.76464e-07,0.00282641,0.010394,0.0946499,2.87244e-07,0,0,0,0,0,0,0,0,0,0.842013,0.886328,0.373951,0.0037908,0,445713,52354.2,76734.1,545.627,17.0059,49.2598,58.4929,13.9642,0,0,0,78764.7,4256.41,7290,71.2019,0.64722,2.2548,7.07485,35.0055,0,0,0.558743
setup,0,2023-12-25 23:00:00,1.98697e-12,0,5.41104,2.72762e-09,4.1281e-13,3.30509e-09,3.74203e-07,0.00292722,0.0108371,0.094536,3.05715e-07,0,0,0,0,0,0,0,0,0,0.847576,0.892139,0.373305,0.00379878,0,445708,52353.2,76732.6,543.737,16.8103,48.7096,57.882,13.9721,0,0,0,78764.6,4256.41,7290.02,71.1425,0.639776,2.22919,7.01798,35.3162,0,0,0.558387
setup,0,2023-12-26 23:00:00,2.07814e-12,0,5.43034,2.75009e-09,3.75405e-14,3.01612e-09,3.71795e-07,0.00300711,0.0111811,0.0941436,3.25396e-07,0,0,0,0,0,0,0,0,0,0.852971,0.897179,0.372632,0.00380169,0,445702,52352.2,76731.1,541.861,16.6177,48.1626,57.2644,13.9727,0,0,0,78764.4,4256.41,7290.04,71.0846,0.632447,2.20374,6.96027,35.6304,0,0,0.558417
setup,0,2023-12-27 23:00:00,2.24145e-12,0,5.44158,2.7751e-09,0,2.74624e-09,3.69232e-07,0.00307094,0.0114495,0.0939979,3.45904e-07,0,0,0,0,0,0,0,0,0,0.858153,0.901879,0.374265,0.00381333,0,445696,52351.3,76729.6,539.997,16.4282,47.6195,56.6339,13.9697,0,0,0,78764.3,4256.41,7290.06,71.0267,0.625235,2.17846,6.90068,35.9482,0,0,0.555277
setup,0,2023-12-28 23:00:00,2.39121e-12,0,5.44733,2.80011e-09,0,2.49427e-09,3.66516e-07,0.00312282,0.0116578,0.0933264,3.67076e-07,0,0,0,0,0,0,0,0,0,0.862667,0.906464,0.372491,0.00381367,0,445691,52350.3,76728,538.142,16.2419,47.0801,55.9913,13.9812,0,0,0,78764.2,4256.42,7290.08,70.971,0.618144,2.15334,6.83955,36.2708,0,0,0.554828
setup,0,2023-12-29 23:00:00,2.43997e-12,0,5.44837,2.82469e-09,0,2.25907e-09,3.6365e-07,0.00316534,0.0118168,0.0930395,3.88889e-07,0,0,0,0,0,0,0,0,0,0.867335,0.908875,0.371578,0.0038145,0,445685,52349.3,76726.5,536.292,16.0589,46.5446,55.3404,14.0052,0,0,0,78764.1,4256.42,7290.1,70.9157,0.611178,2.12841,6.77713,36.5978,0,0,0.554176
setup,0,2023-12-30 23:00:00,2.24499e-12,0,5.46638,2.8489e-09,0,2.03966e-09,3.6064e-07,0.00290422,0.0104935,0.0925816,2.55135e-07,0,0,0,0,0,0,0,0,0,0.872638,0.910439,0.370742,0.00381825,0,445680,52348.4,76725,534.451,15.8701,46.0126,54.6857,14.0283,0,0,0,78763.9,4256.42,7290.12,70.8607,0.603995,2.10362,6.71408,36.9289,0,0,0.554021
setup,0,2023-12-31 23:00:00,2.45405e-12,0,5.41811,2.95584e-09,0,1.83506e-09,3.55472e-07,0.00315443,0.0115997,0.0922028,2.80493e-07,0,0,0,0,0,0,0,0,0,0.85702,0.906132,0.372791,0.00382583,0,445674,52347.5,76723.6,532.637,15.6836,45.4839,53.8885,13.7344,0,0,0,78763.8,4256.42,7290.14,70.7799,0.596896,2.07899,6.63567,37.211,0,0,0.554162
setup,0,2024-01-01 23:00:00,2.57099e-12,0,5.33563,2.98444e-09,0,1.64439e-09,3.51939e-07,0.00326453,0.0120897,0.0915344,3.3366e-07,0,0,0,0,0,0,0,0,0,0.85074,0.90003,0.369906,0.00382574,0,445669,52346.5,76722.1,530.81,15.5017,44.9595,52.9796,13.6552,0,0,0,78763.7,4256.43,7290.16,70.7147,0.589975,2.05456,6.54079,37.5307,0,0,0.55324
setup,0,2024-01-02 23:00:00,2.51304e-12,0,5.27204,3.0088e-09,0,1.46679e-09,3.48355e-07,0.00326204,0.0120596,0.090881,3.86925e-07,0,0,0,0,0,0,0,0,0,0.849973,0.895431,0.368812,0.00381409,0,445663,52345.6,76720.7,528.925,15.3256,44.4388,52.0784,13.6944,0,0,0,78763.6,4256.43,7290.18,70.6457,0.58327,2.0303,6.4447,37.8585,0,0,0.553828
setup,0,2024-01-03 23:00:00,2.4883e-12,0,5.22672,3.03258e-09,0,1.30133e-09,3.44665e-07,0.00327106,0.012063,0.090356,4.11944e-07,0,0,0,0,0,0,0,0,0,0.851232,0.893502,0.368437,0.00381399,0,445658,52344.7,76719.3,526.98,15.1526,43.9219,51.2263,13.7916,0,0,0,78763.4,4256.43,7290.2,70.5681,0.576688,2.00622,6.35375,38.1919,0,0,0.552136
setup,0,2024-01-04 23:00:00,2.17482e-12,0,5.21469,3.05543e-09,0,1.14838e-09,2.01466e-07,0.00289239,0.0102342,0.0894004,2.5051e-07,0,0,0,0,0,0,0,0,0,0.853893,0.892289,0.367036,0.00380584,0,445652,52343.8,76718,524.993,14.9747,43.4084,50.4309,13.9083,0,0,0,78763.3,4256.43,7290.22,70.4841,0.569917,1.98229,6.26977,38.5303,0,0,0.552865
setup,0,2024-01-05 23:00:00,2.36974e-12,0,5.18348,3.07701e-09,0,1.01201e-09,1.31761e-07,0.00321036,0.0115906,0.0887797,2.85425e-07,0,0,0,0,0,0,0,0,0,0.856938,0.892348,0.366512,0.0038071,0,445647,52342.9,76716.6,522.972,14.799,42.8989,49.6819,14.0514,0,0,0,78763.2,4256.43,7290.24,70.3932,0.56323,1.95855,6.19159,38.8715,0,0,0.552246
setup,0,2024-01-06 23:00:00,2.40104e-12,0,5.16743,3.09796e-09,0,8.8806e-10,1.02851e-07,0.00326987,0.0118459,0.0886817,3.12946e-07,0,0,0,0,0,0,0,0,0,0.859535,0.893987,0.367643,0.00381233,0,445642,52342,76715.2,520.929,14.6255,42.3933,48.97,14.1949,0,0,0,78763.1,4256.43,7290.26,70.2971,0.556627,1.93499,6.11767,39.214,0,0,0.551637
setup,0,2024-01-07 23:00:00,1.82059e-12,0,5.18643,3.1182e-09,0,7.73282e-10,6.99209e-08,0.00246981,0.00823157,0.0884314,1.45469e-07,0,0,0,0,0,0,0,0,0,0.862444,0.892824,0.367968,0.00382881,0,445636,52341.1,76713.9,518.877,14.4543,41.8925,48.2713,14.3132,0,0,0,78763,4256.43,7290.28,70.1978,0.55011,1.91164,6.0454,39.5585,0,0,0.553038
setup,0,2024-01-08 23:00:00,2.46519e-12,0,5.15469,3.13768e-09,0,6.66628e-10,3.55542e-08,0.00334524,0.0118594,0.0878471,2.36603e-07,0,0,0,0,0,0,0,0,0,0.865092,0.896641,0.367091,0.00383758,0,445631,52340.2,76712.5,516.81,14.2852,41.3946,47.5962,14.4726,0,0,0,78762.8,4256.43,7290.3,70.097,0.543676,1.88844,5.97549,39.9074,0,0,0.553804
setup,0,2024-01-09 23:00:00,2.45015e-12,0,5.13934,3.15638e-09,0,5.6741e-10,4.72323e-09,0.00334424,0.0119522,0.0881054,2.75118e-07,0,0,0,0,0,0,0,0,0,0.868003,0.897573,0.370345,0.00385239,0,445626,52339.4,76711.2,514.735,14.1184,40.9009,46.9463,14.6299,0,0,0,78762.7,4256.44,7290.32,69.9909,0.537326,1.86543,5.90813,40.2561,0,0,0.552451
setup,0,2024-01-10 23:00:00,2.43494e-12,0,5.12921,3.17423e-09,0,4.75099e-10,1.60176e-10,0.00334469,0.011967,0.0871826,3.02938e-07,0,0,0,0,0,0,0,0,0,0.870162,0.902309,0.365719,0.00385295,0,445620,52338.5,76709.8,512.651,13.9537,40.4106,46.3144,14.8084,0,0,0,78762.6,4256.44,7290.34,69.8851,0.531061,1.84259,5.84311,40.6145,0,0,0.551123
setup,0,2024-01-11 23:00:00,2.49898e-12,0,5.11754,3.19125e-09,0,3.89172e-10,5.95648e-10,0.00342784,0.0123163,0.0866334,3.84943e-07,0,0,0,0,0,0,0,0,0,0.871921,0.904404,0.365246,0.00384015,0,445615,52337.6,76708.5,510.562,13.7953,39.9246,45.6976,14.9981,0,0,0,78762.5,4256.44,7290.36,69.7782,0.525032,1.81994,5.77948,40.9759,0,0,0.55115
setup,0,2024-01-12 23:00:00,2.48049e-12,0,5.10334,3.20733e-09,0,3.09222e-10,1.27604e-09,0.00337441,0.0120717,0.0862157,4.39718e-07,0,0,0,0,0,0,0,0,0,0.873886,0.903925,0.364899,0.003837,0,445610,52336.7,76707.1,508.466,13.6418,39.4426,45.0982,15.1991,0,0,0,78762.4,4256.44,7290.38,69.6694,0.519187,1.79749,5.71767,41.3446,0,0,0.550415
setup,0,2024-01-13 23:00:00,2.48269e-12,0,5.0915,3.22247e-09,0,2.34783e-10,2.16819e-09,0.00335489,0.0119424,0.0856378,4.61963e-07,0,0,0,0,0,0,0,0,0,0.875709,0.905696,0.363673,0.00382712,0,445604,52335.9,76705.8,506.365,13.4914,38.9647,44.517,15.4092,0,0,0,78762.2,4256.44,7290.4,69.5592,0.513463,1.77524,5.65805,41.7174,0,0,0.549426
setup,0,2024-01-14 23:00:00,2.47977e-12,0,5.07384,3.23667e-09,0,1.65447e-10,3.24281e-09,0.00334914,0.0118703,0.0854775,4.84172e-07,0,0,0,0,0,0,0,0,0,0.877465,0.904841,0.363218,0.00382351,0,445599,52335,76704.4,504.262,13.3442,38.4913,43.9514,15.6278,0,0,0,78762.1,4256.44,7290.41,69.4465,0.507862,1.75319,5.60009,42.0935,0,0,0.547857
setup,0,2024-01-15 23:00:00,2.4804e-12,0,5.0618,3.24986e-09,0,1.00842e-10,4.47401e-09,0.00334533,0.0118017,0.0855605,5.0641e-07,0,0,0,0,0,0,0,0,0,0.878317,0.904503,0.364869,0.00382191,0,445594,52334.2,76703.1,502.155,13.2003,38.022,43.4003,15.8465,0,0,0,78762,4256.44,7290.43,69.3319,0.502384,1.73134,5.54366,42.4723,0,0,0.547747
setup,0,2024-01-16 23:00:00,2.51196e-12,0,5.04814,3.26217e-09,0,6.08095e-09,5.57671e-09,0.00334028,0.0117272,0.0847477,5.28559e-07,0,0,0,0,0,0,0,0,0,0.879575,0.904204,0.360005,0.00381609,0,445588,52333.3,76701.8,500.045,13.0596,37.5567,42.8628,16.0926,0,0,0,78761.9,4256.44,7290.45,69.2172,0.497031,1.70967,5.48904,42.8602,0,0,0.546728
setup,0,2024-01-17 23:00:00,2.53957e-12,0,5.03375,0.0013101,0,7.43903e-09,6.23505e-09,0.0033346,0.0116474,0.0840542,5.50416e-07,0,0,0,0,0,0,0,0,0,0.880633,0.905265,0.359194,0.00380141,0,445583,52332.5,76700.5,497.931,12.9223,37.0953,42.3382,16.3643,0,0,0,78761.8,4256.45,7290.47,69.101,0.491805,1.68819,5.43588,43.2515,0,0,0.545828
setup,0,2024-01-18 23:00:00,2.5705e-12,0,5.01225,0.00207464,0,8.11917e-09,6.36261e-09,0.00332656,0.0115616,0.0841532,5.72136e-07,0,0,0,0,0,0,0,0,0,0.881362,0.904083,0.361649,0.00379907,0,445578,52331.7,76699.1,495.815,12.7883,36.6385,41.8238,16.6605,0,0,0,78761.7,4256.45,7290.48,68.9813,0.486706,1.66693,5.38353,43.6417,0,0,0.544914
setup,0,2024-01-19 23:00:00,2.57988e-12,0,4.9901,0.00222846,0,8.17363e-09,5.86816e-09,0.00331721,0.0114696,0.0832776,5.94022e-07,0,0,0,0,0,0,0,0,0,0.882124,0.902664,0.357094,0.00378938,0,445573,52330.9,76697.8,493.693,12.6577,36.1857,41.3232,16.9986,0,0,0,78761.5,4256.45,7290.5,68.8608,0.481737,1.64586,5.33274,44.0387,0,0,0.544669
setup,0,2024-01-20 23:00:00,1.88432e-12,0,5.0643,0.00237888,0,7.91417e-09,5.42179e-09,0.00236368,0.0072424,0.0829705,3.14914e-07,0,0,0,0,0,0,0,0,0,0.885818,0.906979,0.357778,0.00377995,0,445567,52329.9,76696.8,491.596,12.515,35.7384,40.8044,17.3096,0,0,0,78761.4,4256.43,7290.55,68.7474,0.476303,1.62503,5.27888,44.4341,0,0,0.547161
setup,0,2024-01-21 23:00:00,2.35515e-12,0,5.00179,0.0025249,0,7.63895e-09,4.98254e-09,0.00294054,0.00948697,0.0833164,3.25293e-07,0,0,0,0,0,0,0,0,0,0.888774,0.892995,0.359993,0.00380196,0,445562,52329,76695.5,489.488,12.3758,35.2953,40.3048,17.6671,0,0,0,78761.3,4256.41,7290.57,68.6266,0.471005,1.6044,5.22701,44.8285,0,0,0.547163
setup,0,2024-01-22 23:00:00,1.51027e-12,0,5.01496,0.0026665,0,7.38762e-09,4.53188e-09,0.00188162,0.00538981,0.0835129,8.54216e-08,0,0,0,0,0,0,0,0,0,0.887428,0.898497,0.363644,0.00383892,0,445557,52328,76694.2,487.377,12.2363,34.8566,39.7932,18.0074,0,0,0,78761.2,4256.38,7290.6,68.5057,0.465697,1.58398,5.17442,45.2227,0,0,0.551216
setup,0,2024-01-23 23:00:00,2.43577e-12,0,4.95567,0.0028039,0,7.16322e-09,4.06354e-09,0.00306339,0.00965194,0.082779,1.75048e-07,0,0,0,0,0,0,0,0,0,0.889239,0.900041,0.359883,0.00385454,0,445552,52327.1,76693,485.246,12.0989,34.4216,39.3024,18.4196,0,0,0,78761.1,4256.36,7290.62,68.3806,0.460468,1.56373,5.1229,45.6288,0,0,0.550745
setup,0,2024-01-24 23:00:00,2.47259e-12,0,4.93265,0.00293749,0,6.96431e-09,3.57582e-09,0.00314733,0.0101442,0.0826546,2.11855e-07,0,0,0,0,0,0,0,0,0,0.889977,0.903075,0.361225,0.00386265,0,445547,52326.3,76691.7,483.096,11.9636,33.9906,38.8487,18.837,0,0,0,78760.9,4256.35,7290.63,68.249,0.45532,1.54368,5.07562,46.0387,0,0,0.549155
setup,0,2024-01-25 23:00:00,1.88889e-12,0,4.95592,0.0030678,0,6.78903e-09,3.06843e-09,0.00240984,0.00706488,0.0820423,1.56658e-07,0,0,0,0,0,0,0,0,0,0.885043,0.904653,0.359091,0.00384156,0,445541,52325.1,76690.5,480.938,11.8305,33.5645,38.416,19.2334,0,0,0,78760.8,4256.23,7290.66,68.1292,0.450252,1.52386,5.03079,46.443,0,0,0.550394
setup,0,2024-01-26 23:00:00,2.21888e-12,0,4.90278,0.00319544,0,6.63488e-09,2.54119e-09,0.00281652,0.00874988,0.0816747,1.70196e-07,0,0,0,0,0,0,0,0,0,0.892402,0.90161,0.361065,0.00385924,0,445536,52324.2,76689.2,478.769,11.6994,33.1423,38.0173,19.6398,0,0,0,78760.7,4256.23,7290.67,67.9897,0.445264,1.50421,4.99014,46.8578,0,0,0.551374
setup,0,2024-01-27 23:00:00,2.39145e-12,0,4.8769,0.00332108,0,6.50031e-09,1.99428e-09,0.00298985,0.00945729,0.0819002,1.87649e-07,0,0,0,0,0,0,0,0,0,0.89144,0.901617,0.364222,0.00388545,0,445531,52323.4,76687.9,476.593,11.5704,32.7244,37.6442,20.0309,0,0,0,78760.6,4256.23,7290.68,67.8458,0.440355,1.48478,4.95255,47.2712,0,0,0.551594
setup,0,2024-01-28 23:00:00,2.29374e-12,0,4.86367,0.0034454,0,6.38329e-09,1.42771e-09,0.00285392,0.00892555,0.0818946,1.57676e-07,0,0,0,0,0,0,0,0,0,0.890513,0.902521,0.363264,0.00390051,0,445526,52322.6,76686.7,474.41,11.4435,32.3106,37.2977,20.4061,0,0,0,78760.4,4256.23,7290.7,67.6994,0.435526,1.46555,4.91862,47.6876,0,0,0.5518
setup,0,2024-01-29 23:00:00,2.48661e-12,0,4.84687,0.00356907,0,6.28223e-09,8.414e-10,0.00310251,0.00993295,0.0815847,1.79447e-07,0,0,0,0,0,0,0,0,0,0.889695,0.904176,0.361686,0.00390448,0,445521,52321.7,76685.4,472.225,11.3187,31.9009,36.9768,20.773,0,0,0,78760.3,4256.24,7290.71,67.5511,0.430774,1.44651,4.88828,48.1078,0,0,0.55077
setup,0,2024-01-30 23:00:00,2.53251e-12,0,4.83643,0.0036927,0,6.19563e-09,6.3814e-09,0.00319895,0.0103578,0.0809587,1.95935e-07,0,0,0,0,0,0,0,0,0,0.889108,0.904893,0.359636,0.00389075,0,445516,52320.9,76684.2,470.04,11.1959,31.495,36.6838,21.1265,0,0,0,78760.2,4256.24,7290.73,67.4015,0.4261,1.42765,4.86177,48.5307,0,0,0.549327
setup,0,2024-01-31 23:00:00,1.90502e-12,0,4.84243,0.0214943,0.00229711,3.99181e-07,0.00256367,0.0024191,0.00694006,0.0810777,1.41301e-07,0,0,0,0,0,0,0,0,0,0.877848,0.906091,0.363982,0.00385931,0,445511,52319.8,76683,467.874,11.0751,31.0947,36.291,21.0199,0,0,0,78760.1,4256.06,7290.65,67.2055,0.421504,1.40905,4.81963,48.7781,0,0,0.552104
setup,0,2024-02-01 23:00:00,2.27541e-12,0,4.72229,0.00384163,0,5.71016e-09,2.07935e-09,0.00289551,0.00896701,0.0804916,1.53125e-07,0,0,0,0,0,0,0,0,0,0.85725,0.878681,0.361975,0.00387509,0,445506,52319,76681.8,465.72,10.9564,30.6981,35.817,21.1177,0,0,0,78760,4256.07,7290.67,67.045,0.416984,1.39064,4.76625,49.1715,0,0,0.552022
setup,0,2024-02-02 23:00:00,2.35633e-12,0,4.65211,0.00393909,0,5.74779e-09,2.3648e-09,0.00305097,0.00960278,0.0801188,1.70122e-07,0,0,0,0,0,0,0,0,0,0.851955,0.872459,0.360381,0.00387795,0,445501,52318.2,76680.7,463.53,10.8396,30.3056,35.3497,21.3212,0,0,0,78759.9,4256.07,7290.68,66.8803,0.41254,1.37241,4.71251,49.5728,0,0,0.551334
setup,0,2024-02-03 23:00:00,2.40495e-12,0,4.59671,0.00403609,0,5.73458e-09,2.62949e-09,0.00313769,0.0099703,0.079595,1.83432e-07,0,0,0,0,0,0,0,0,0,0.847765,0.868825,0.357955,0.0038695,0,445496,52317.4,76679.5,461.3,10.7248,29.9172,34.9282,21.5828,0,0,0,78759.7,4256.07,7290.7,66.7087,0.408172,1.35439,4.66485,49.98,0,0,0.55006
setup,0,2024-02-04 23:00:00,1.35166e-12,0,4.5831,0.00413343,0,5.72245e-09,2.86228e-09,0.00172513,0.00471356,0.0788148,5.07878e-08,0,0,0,0,0,0,0,0,0,0.843075,0.863248,0.356683,0.00384895,0,445491,52316.6,76678.4,459.042,10.6121,29.5333,34.5423,21.842,0,0,0,78759.6,4256.07,7290.72,66.5327,0.403882,1.33658,4.62329,50.3865,0,0,0.554415
setup,0,2024-02-05 23:00:00,2.61887e-12,0,4.53296,0.108402,0.0136306,2.29349e-06,0.0157891,0.00328797,0.00853158,0.0798201,2.42226e-07,0,0,0,0,0,0,0,0,0,0.859478,0.909849,0.376204,0.00383489,0,445486,52314.9,76676.8,456.671,10.5012,29.1551,34.1827,22.092,0,0,0,78759.5,4255.4,7290.31,66.2963,0.399662,1.31903,4.58321,50.8101,0,0,0.557067
setup,0,2024-02-06 23:00:00,2.41445e-12,0,4.44119,0.00431609,3.51549e-08,5.64824e-09,4.42297e-08,0.00303575,0.00948305,0.0800664,1.82967e-07,0,0,0,0,0,0,0,0,0,0.824673,0.840605,0.371087,0.00389747,0,445481,52314.2,76675.6,454.369,10.3923,28.7806,33.8818,22.4103,0,0,0,78759.4,4255.4,7290.32,66.1309,0.395517,1.30166,4.55078,51.1867,0,0,0.553941
setup,0,2024-02-07 23:00:00,2.49226e-12,0,4.43051,0.00442033,1.0992e-07,5.70499e-09,1.32696e-07,0.00309259,0.00969943,0.0796832,1.81174e-07,0,0,0,0,0,0,0,0,0,0.836236,0.851675,0.363985,0.00391346,0,445476,52313.4,76674.5,452.057,10.2853,28.41,33.6387,22.7213,0,0,0,78759.3,4255.41,7290.33,65.9353,0.391446,1.28447,4.52726,51.5951,0,0,0.551421
setup,0,2024-02-08 23:00:00,1.87056e-12,0,4.4524,0.0901561,0.0112745,1.87869e-06,0.0133638,0.00220392,0.00582974,0.0801078,9.56505e-08,0,0,0,0,0,0,0,0,0,0.849955,0.881017,0.37604,0.00392816,0,445472,52312,76673,449.681,10.1802,28.0446,33.4109,22.9414,0,0,0,78759.1,4255.15,7289.99,65.6915,0.387446,1.26753,4.5053,52.0136,0,0,0.557856
setup,0,2024-02-09 23:00:00,2.5183e-12,0,4.37795,0.00462186,1.03721e-07,5.8697e-09,1.27262e-07,0.00292416,0.00864481,0.0804448,1.19441e-07,0,0,0,0,0,0,0,0,0,0.829415,0.85245,0.375757,0.00396385,0,445467,52311.3,76671.9,447.389,10.0771,27.683,33.2046,23.212,0,0,0,78759,4255.16,7290,65.4924,0.383519,1.25077,4.48707,52.4126,0,0,0.556331
setup,0,2024-02-10 23:00:00,2.72327e-12,0,4.36055,0.00473328,6.81305e-08,5.85879e-09,8.53152e-08,0.0030511,0.00922689,0.0808192,1.3212e-07,0,0,0,0,0,0,0,0,0,0.827024,0.850944,0.371322,0.00397705,0,445462,52310.6,76670.8,445.106,9.97575,27.3256,33.0244,23.4726,0,0,0,78758.9,4255.16,7290.02,65.2922,0.379664,1.23422,4.47213,52.8149,0,0,0.553925
setup,0,2024-02-11 23:00:00,2.80841e-12,0,4.35226,0.0048471,4.35889e-08,5.86726e-09,5.60859e-08,0.00314464,0.00963667,0.0801816,1.44351e-07,0,0,0,0,0,0,0,0,0,0.824431,0.851456,0.365204,0.00395202,0,445457,52309.8,76669.8,442.838,9.8763,26.972,32.8685,23.721,0,0,0,78758.8,4255.17,7290.03,65.0938,0.375878,1.21785,4.46066,53.2213,0,0,0.552377
setup,0,2024-02-12 23:00:00,2.68996e-12,0,4.61917,0.130818,0.0167257,2.74981e-06,0.0204832,0.00298578,0.00529737,0.0795726,2.39046e-07,0,0,0,0,0,0,0,0,0,1.09869,1.17358,0.375001,0.00377551,0,445452,52307.6,76667.5,440.494,9.77867,26.6236,32.6694,23.6891,0,0,0,78758.6,4253.94,7287.69,64.3277,0.372163,1.20171,4.43532,54.1854,0,0,0.557824
setup,0,2024-02-13 23:00:00,2.45043e-12,0,4.30508,0.00506526,1.4941e-08,5.9893e-09,2.11448e-08,0.00291286,0.00786247,0.0805379,1.83083e-07,0,0,0,0,0,0,0,0,0,0.737904,0.779922,0.381585,0.00385203,0,445448,52306.9,76666.4,438.273,9.68287,26.279,32.4703,23.9395,0,0,0,78758.5,4253.95,7287.72,64.2863,0.368517,1.18576,4.41628,54.4261,0,0,0.554572
setup,0,2024-02-14 23:00:00,2.18912e-12,0,4.33148,0.121482,0.0155233,2.5402e-06,0.0193098,0.00252095,0.0066568,0.0814192,1.2683e-07,0,0,0,0,0,0,0,0,0,0.802001,0.839759,0.388996,0.00394968,0,445443,52305.5,76664.6,435.956,9.58885,25.9391,32.2739,24.1181,0,0,0,78758.3,4253.79,7287.26,64.0902,0.364939,1.17003,4.39472,54.7826,0,0,0.559074
setup,0,2024-02-15 23:00:00,2.51864e-12,0,4.23797,0.00529953,5.37118e-10,6.06651e-09,2.81627e-09,0.00292015,0.0085212,0.0823168,1.29801e-07,0,0,0,0,0,0,0,0,0,0.804325,0.820985,0.386491,0.0040093,0,445438,52304.8,76663.6,433.745,9.49665,25.603,32.1033,24.3787,0,0,0,78758.2,4253.79,7287.29,63.8935,0.361429,1.15449,4.37938,55.1761,0,0,0.55491
setup,0,2024-02-16 23:00:00,2.61778e-12,0,4.21997,0.0054298,5.13534e-11,6.08322e-09,1.93797e-09,0.00299986,0.00895607,0.0826206,1.36287e-07,0,0,0,0,0,0,0,0,0,0.800405,0.826482,0.377363,0.00401677,0,445434,52304.1,76662.6,431.538,9.40621,25.271,31.9775,24.6356,0,0,0,78758.1,4253.8,7287.31,63.6975,0.357987,1.13913,4.37003,55.5746,0,0,0.551745
setup,0,2024-02-17 23:00:00,2.67173e-12,0,4.2157,0.00556178,4.91374e-12,6.12715e-09,1.55586e-09,0.00305952,0.00920345,0.0820127,1.42581e-07,0,0,0,0,0,0,0,0,0,0.797526,0.82727,0.368911,0.00397686,0,445429,52303.4,76661.5,429.347,9.31752,24.9427,31.8899,24.8673,0,0,0,78758,4253.8,7287.33,63.5027,0.354612,1.12397,4.36621,55.9763,0,0,0.551256
setup,0,2024-02-18 23:00:00,2.74794e-12,0,4.20904,0.00569553,4.70137e-13,6.17711e-09,1.27474e-09,0.00313717,0.00949174,0.0819836,1.53727e-07,0,0,0,0,0,0,0,0,0,0.79469,0.822643,0.367094,0.0039403,0,445425,52302.7,76660.5,427.184,9.2307,24.6188,31.8249,25.0521,0,0,0,78757.9,4253.81,7287.36,63.3072,0.351308,1.109,4.36553,56.3737,0,0,0.548387
setup,0,2024-02-19 23:00:00,2.76323e-12,0,4.20404,0.00583109,4.41812e-14,6.23555e-09,1.29092e-09,0.00315375,0.00956974,0.0805171,1.75415e-07,0,0,0,0,0,0,0,0,0,0.791891,0.820655,0.35844,0.00388564,0,445420,52302.1,76659.5,425.053,9.14613,24.2988,31.7702,25.2179,0,0,0,78757.8,4253.81,7287.38,63.1157,0.348089,1.09423,4.36656,56.7758,0,0,0.54693
setup,0,2024-02-20 23:00:00,2.80378e-12,0,4.20237,0.00596846,0,6.29163e-09,1.51606e-09,0.00315158,0.00952812,0.0789981,1.80504e-07,0,0,0,0,0,0,0,0,0,0.788903,0.816705,0.353612,0.00382289,0,445416,52301.4,76658.5,422.958,9.06344,23.9826,31.7189,25.3561,0,0,0,78757.7,4253.82,7287.4,62.9276,0.344942,1.07964,4.36805,57.1778,0,0,0.546201
setup,0,2024-02-21 23:00:00,2.84485e-12,0,4.19634,0.00610762,0,6.34485e-09,1.88798e-09,0.00315539,0.00952059,0.0781044,1.85902e-07,0,0,0,0,0,0,0,0,0,0.785231,0.810497,0.353735,0.00377219,0,445411,52300.7,76657.5,420.903,8.98259,23.6705,31.6641,25.4607,0,0,0,78757.5,4253.82,7287.42,62.7416,0.341865,1.06524,4.36869,57.5744,0,0,0.546281
setup,0,2024-02-22 23:00:00,2.87172e-12,0,4.18344,0.00624853,0,6.39588e-09,2.35898e-09,0.00315316,0.00949065,0.0763747,1.91319e-07,0,0,0,0,0,0,0,0,0,0.781566,0.807136,0.346594,0.00372426,0,445407,52300.1,76656.5,418.884,8.90357,23.3624,31.5997,25.5618,0,0,0,78757.4,4253.82,7287.43,62.5602,0.338858,1.05104,4.36812,57.9764,0,0,0.544733
setup,0,2024-02-23 23:00:00,1.88399e-12,0,4.20615,0.00639114,0,6.44533e-09,2.89066e-09,0.00209026,0.00547052,0.0748113,5.73746e-08,0,0,0,0,0,0,0,0,0,0.776473,0.800047,0.34365,0.00366514,0,445402,52299.4,76655.6,416.904,8.825,23.0586,31.5122,25.6199,0,0,0,78757.3,4253.83,7287.46,62.3844,0.335868,1.03703,4.36505,58.3749,0,0,0.547858
setup,0,2024-02-24 23:00:00,1.79565e-12,0,4.16994,0.00653538,0,6.49361e-09,3.45113e-09,0.00199796,0.00510994,0.0737526,4.14733e-08,0,0,0,0,0,0,0,0,0,0.771374,0.790933,0.343535,0.00363054,0,445397,52298.7,76654.7,414.954,8.74805,22.7591,31.4035,25.6774,0,0,0,78757.2,4253.82,7287.49,62.2103,0.332939,1.02323,4.3583,58.7714,0,0,0.550885
setup,0,2024-02-25 23:00:00,2.5955e-12,0,4.11564,0.00668115,0,6.54095e-09,4.01371e-09,0.0029173,0.00806147,0.0728311,7.46957e-08,0,0,0,0,0,0,0,0,0,0.766218,0.784736,0.342867,0.00360644,0,445393,52298,76653.7,413.027,8.67268,22.4632,31.2889,25.7629,0,0,0,78757.1,4253.82,7287.51,62.0376,0.33007,1.0096,4.34962,59.1673,0,0,0.549718
setup,0,2024-02-26 23:00:00,2.66581e-12,0,4.08667,0.00682838,0,6.58891e-09,4.55595e-09,0.00302034,0.00860322,0.071735,9.19404e-08,0,0,0,0,0,0,0,0,0,0.761184,0.782114,0.340462,0.00357353,0,445389,52297.4,76652.8,411.118,8.59888,22.1711,31.179,25.8536,0,0,0,78757,4253.82,7287.53,61.866,0.327262,0.996157,4.3414,59.565,0,0,0.549308
setup,0,2024-02-27 23:00:00,2.66501e-12,0,4.05737,0.00697698,0,6.63648e-09,5.06536e-09,0.00301967,0.00869555,0.0706394,1.01911e-07,0,0,0,0,0,0,0,0,0,0.756428,0.777505,0.336446,0.0035369,0,445384,52296.7,76651.9,409.228,8.52665,21.883,31.078,25.9448,0,0,0,78756.9,4253.82,7287.55,61.6949,0.324513,0.982898,4.33453,59.9646,0,0,0.547931
setup,0,2024-02-28 23:00:00,2.67953e-12,0,4.03018,0.00712684,0,6.6818e-09,5.5854e-09,0.00301049,0.00871015,0.0692422,1.0873e-07,0,0,0,0,0,0,0,0,0,0.751617,0.772118,0.330842,0.00348648,0,445380,52296.1,76651,407.358,8.45596,21.5987,30.9877,26.0355,0,0,0,78756.9,4253.83,7287.56,61.5255,0.321822,0.969822,4.32939,60.3656,0,0,0.546766
setup,0,2024-02-29 23:00:00,2.70749e-12,0,3.99129,0.00722377,0,6.45664e-09,7.12336e-09,0.0030017,0.00870685,0.0682394,1.14876e-07,0,0,0,0,0,0,0,0,0,0.735395,0.761966,0.328451,0.0034386,0,445376,52295.6,76650.2,405.524,8.38682,21.3183,30.8567,25.7633,0,0,0,78756.8,4253.83,7287.58,61.3229,0.319191,0.956931,4.3176,60.5927,0,0,0.546013
setup,0,2024-03-01 23:00:00,2.24463e-12,0,3.94276,0.00732682,0,6.78143e-09,8.68264e-09,0.00240058,0.0064868,0.0667501,6.53459e-08,0,0,0,0,0,0,0,0,0,0.71588,0.747654,0.32314,0.00338601,0,445371,52295,76649.3,403.717,8.31917,21.0419,30.6689,25.5741,0,0,0,78756.7,4253.84,7287.6,61.151,0.316616,0.944228,4.29834,60.9575,0,0,0.547448
setup,0,2024-03-02 23:00:00,2.73177e-12,0,3.87421,0.00742739,0,6.83128e-09,9.6671e-09,0.00283579,0.00797499,0.0657112,8.2756e-08,0,0,0,0,0,0,0,0,0,0.708796,0.735761,0.320442,0.0033394,0,445367,52294.4,76648.4,401.925,8.25301,20.7694,30.4573,25.4606,0,0,0,78756.6,4253.84,7287.62,60.9802,0.314098,0.931711,4.27494,61.3244,0,0,0.546559
setup,0,2024-03-03 23:00:00,2.82681e-12,0,3.81595,0.00752509,0,6.84017e-09,1.03462e-08,0.00289965,0.00826354,0.0645398,9.2591e-08,0,0,0,0,0,0,0,0,0,0.702273,0.726532,0.315063,0.00329081,0,445363,52293.8,76647.6,400.138,8.1883,20.5006,30.2445,25.4068,0,0,0,78756.5,4253.85,7287.63,60.8097,0.311636,0.91937,4.25107,61.6952,0,0,0.545854
setup,0,2024-03-04 23:00:00,2.36578e-12,0,3.76986,0.00762086,0,6.84734e-09,1.07438e-08,0.0023504,0.00629703,0.0635883,5.91535e-08,0,0,0,0,0,0,0,0,0,0.695538,0.716766,0.31265,0.00324537,0,445359,52293.2,76646.8,398.356,8.12506,20.2359,30.0407,25.3786,0,0,0,78756.4,4253.85,7287.65,60.6381,0.309229,0.907217,4.22811,62.065,0,0,0.546955
setup,0,2024-03-05 23:00:00,2.90373e-12,0,3.71696,0.00771554,0,6.85499e-09,1.0878e-08,0.00278799,0.00777018,0.0623386,7.71915e-08,0,0,0,0,0,0,0,0,0,0.689168,0.708172,0.309013,0.00320032,0,445355,52292.7,76646,396.581,8.06323,19.9747,29.8508,25.3849,0,0,0,78756.3,4253.85,7287.67,60.4662,0.306876,0.895236,4.207,62.4343,0,0,0.546735
setup,0,2024-03-06 23:00:00,2.48585e-12,0,3.70369,0.0442102,0.00519371,8.23777e-07,0.00761926,0.00224699,0.00549724,0.0615896,8.47749e-08,0,0,0,0,0,0,0,0,0,0.694246,0.720211,0.312554,0.00316526,0,445351,52291.6,76645.1,394.787,8.00281,19.7182,29.6578,25.3691,0,0,0,78756.2,4253.66,7287.49,60.2665,0.304576,0.883465,4.18442,62.8148,0,0,0.55018
setup,0,2024-03-07 23:00:00,2.86188e-12,0,3.60874,0.00789862,0,6.88527e-09,1.03577e-08,0.00251796,0.00676481,0.0608319,7.86128e-08,0,0,0,0,0,0,0,0,0,0.674567,0.692651,0.309473,0.00315057,0,445347,52291.1,76644.4,393.033,7.94378,19.4652,29.4834,25.421,0,0,0,78756.1,4253.67,7287.5,60.0968,0.302329,0.871861,4.16493,63.1772,0,0,0.549215
setup,0,2024-03-08 23:00:00,2.93188e-12,0,3.56734,0.00799483,0,6.89003e-09,9.81861e-09,0.00250842,0.00672489,0.0600368,7.4396e-08,0,0,0,0,0,0,0,0,0,0.670289,0.685432,0.304218,0.00312547,0,445343,52290.6,76643.6,391.29,7.88611,19.2158,29.3293,25.4874,0,0,0,78756.1,4253.67,7287.52,59.9235,0.300135,0.860428,4.14869,63.5425,0,0,0.547273
setup,0,2024-03-09 23:00:00,2.39954e-12,0,3.55297,0.0865267,0.0113263,1.78097e-06,0.0169834,0.00198085,0.00437779,0.0596298,6.76643e-08,0,0,0,0,0,0,0,0,0,0.685162,0.715012,0.313782,0.00309831,0,445340,52289.5,76642.4,389.497,7.8298,18.9707,29.1757,25.4997,0,0,0,78755.9,4253.39,7287.11,59.6968,0.297991,0.849194,4.13183,63.9236,0,0,0.553564
setup,0,2024-03-10 23:00:00,1.99856e-12,0,3.49101,0.0294265,0.00307972,4.88774e-07,0.00465171,0.00162252,0.00363144,0.0595782,3.19481e-08,0,0,0,0,0,0,0,0,0,0.662798,0.684288,0.316107,0.00311288,0,445336,52288.7,76641.4,387.77,7.77483,18.7294,29.0247,25.5265,0,0,0,78755.8,4253.28,7286.94,59.5071,0.295899,0.838134,4.11546,64.2835,0,0,0.556711
setup,0,2024-03-11 23:00:00,3.1339e-12,0,3.41365,0.015301,0.00102325,1.66734e-07,0.00155879,0.00261733,0.0066135,0.0597355,5.79722e-08,0,0,0,0,0,0,0,0,0,0.652526,0.672865,0.311978,0.00312026,0,445332,52288.1,76640.7,386.068,7.72115,18.4914,28.8852,25.6081,0,0,0,78755.7,4253.25,7286.91,59.3278,0.293856,0.827235,4.10109,64.6389,0,0,0.552354
setup,0,2024-03-12 23:00:00,3.09311e-12,0,3.37154,0.0083788,0,6.96284e-09,5.64496e-09,0.00261989,0.0068884,0.0595084,6.63706e-08,0,0,0,0,0,0,0,0,0,0.643914,0.665664,0.305853,0.00309828,0,445328,52287.6,76640,384.385,7.66875,18.2568,28.7666,25.7083,0,0,0,78755.7,4253.26,7286.93,59.1558,0.291862,0.816496,4.08985,64.9927,0,0,0.549687
setup,0,2024-03-13 23:00:00,3.12977e-12,0,3.34365,0.00848388,0,6.97676e-09,4.1789e-09,0.00257603,0.00682463,0.0589155,7.06977e-08,0,0,0,0,0,0,0,0,0,0.638131,0.658663,0.298853,0.00305978,0,445325,52287.1,76639.3,382.72,7.61762,18.0256,28.6672,25.8081,0,0,0,78755.6,4253.26,7286.95,58.9853,0.289916,0.80592,4.08142,65.3475,0,0,0.546903
setup,0,2024-03-14 23:00:00,1.95425e-12,0,3.37579,0.111937,0.0152349,2.37537e-06,0.0236751,0.00152955,0.00303578,0.0584763,3.64421e-08,0,0,0,0,0,0,0,0,0,0.661005,0.687088,0.308857,0.00302791,0,445321,52285.9,76637.9,380.993,7.56775,17.7986,28.5607,25.7984,0,0,0,78755.5,4252.9,7286.38,58.7431,0.288018,0.795535,4.07154,65.7207,0,0,0.558926
setup,0,2024-03-15 23:00:00,3.08018e-12,0,3.25537,0.00868105,0,7.05546e-09,2.37517e-09,0.00243259,0.00586917,0.0587058,5.41701e-08,0,0,0,0,0,0,0,0,0,0.625875,0.655457,0.309834,0.0030444,0,445318,52285.4,76637.2,379.376,7.51909,17.5749,28.4574,25.8723,0,0,0,78755.4,4252.91,7286.39,58.5718,0.286166,0.785303,4.06196,66.0632,0,0,0.553923
setup,0,2024-03-16 23:00:00,3.11096e-12,0,3.21776,0.00879378,0,7.0497e-09,1.87784e-07,0.00249173,0.0063248,0.0587839,6.04281e-08,0,0,0,0,0,0,0,0,0,0.618328,0.640266,0.302614,0.00303536,0,445314,52284.9,76636.6,377.777,7.47163,17.3544,28.3663,25.964,0,0,0,78755.3,4252.91,7286.41,58.4053,0.28436,0.775228,4.05408,66.4041,0,0,0.549226
setup,0,2024-03-17 23:00:00,3.08338e-12,0,3.19205,0.00890728,0,7.06987e-09,2.15637e-07,0.00247188,0.00634943,0.0579102,6.40239e-08,0,0,0,0,0,0,0,0,0,0.612619,0.634488,0.292544,0.00299025,0,445311,52284.4,76635.9,376.199,7.42535,17.1372,28.2889,26.0632,0,0,0,78755.2,4252.91,7286.43,58.2418,0.282599,0.765305,4.04836,66.7488,0,0,0.546951
setup,0,2024-03-18 23:00:00,3.32294e-12,0,3.6139,0.149882,0.0211137,3.26915e-06,0.0337217,0.00252453,0.0035755,0.0578886,1.28328e-07,0,0,0,0,0,0,0,0,0,1.19124,1.08826,0.297308,0.00292682,0,445307,52282.7,76633.8,374.537,7.38031,16.924,28.1734,25.6852,0,0,0,78755.1,4252.22,7283.71,56.892,0.280885,0.755566,4.01097,68.2262,0,0,0.556227
setup,0,2024-03-19 23:00:00,2.97873e-12,0,3.16125,0.00911272,0,7.17264e-09,2.78958e-07,0.00233864,0.00475737,0.0585969,1.01294e-07,0,0,0,0,0,0,0,0,0,0.538082,0.66398,0.305474,0.0029174,0,445303,52282.3,76633.1,373.018,7.33645,16.714,28.0299,25.7313,0,0,0,78755,4252.23,7283.73,56.8485,0.279215,0.745977,3.99369,68.4487,0,0,0.551689
setup,0,2024-03-20 23:00:00,2.98926e-12,0,3.10842,0.00923415,0,7.14497e-09,2.99366e-07,0.00228264,0.0055201,0.0585235,9.07518e-08,0,0,0,0,0,0,0,0,0,0.53892,0.592533,0.293063,0.0029112,0,445300,52281.8,76632.5,371.511,7.29374,16.5071,27.8879,25.8408,0,0,0,78754.9,4252.24,7283.75,56.7918,0.27759,0.736536,3.97722,68.6921,0,0,0.547489
setup,0,2024-03-21 23:00:00,3.09183e-12,0,3.07205,0.00935554,0,7.16446e-09,3.28721e-07,0.00225554,0.00573316,0.0583145,8.68374e-08,0,0,0,0,0,0,0,0,0,0.547658,0.575626,0.285084,0.002875,0,445296,52281.4,76631.9,370.016,7.25216,16.3035,27.7643,25.9667,0,0,0,78754.8,4252.24,7283.77,56.7049,0.276007,0.727246,3.96333,68.9648,0,0,0.545186
setup,0,2024-03-22 23:00:00,3.1694e-12,0,3.04142,0.00947715,0,7.18572e-09,3.58437e-07,0.00223692,0.00575759,0.0576947,8.49906e-08,0,0,0,0,0,0,0,0,0,0.544043,0.566402,0.278417,0.00283005,0,445293,52280.9,76631.2,368.534,7.21168,16.1029,27.662,26.0915,0,0,0,78754.8,4252.24,7283.78,56.6134,0.274467,0.718103,3.95238,69.2404,0,0,0.543
setup,0,2024-03-23 23:00:00,3.33126e-12,0,3.01425,0.00959918,0,7.20634e-09,3.88573e-07,0.00222144,0.00572293,0.0566171,8.40423e-08,0,0,0,0,0,0,0,0,0,0.539264,0.55741,0.271572,0.00277014,0,445290,52280.5,76630.6,367.071,7.17229,15.9055,27.5791,26.2097,0,0,0,78754.7,4252.25,7283.8,56.5208,0.272968,0.709108,3.9443,69.5166,0,0,0.542214
setup,0,2024-03-24 23:00:00,3.53126e-12,0,2.98894,0.00972173,0,7.22629e-09,4.19148e-07,0.00220624,0.00566734,0.0554619,8.35586e-08,0,0,0,0,0,0,0,0,0,0.543549,0.550459,0.266172,0.00271312,0,445287,52280.1,76630,365.629,7.13396,15.7112,27.5113,26.3136,0,0,0,78754.6,4252.25,7283.81,56.4093,0.271509,0.700257,3.93834,69.8096,0,0,0.54136
setup,0,2024-03-25 23:00:00,3.60774e-12,0,2.96607,0.00984488,0,7.24568e-09,4.50163e-07,0.00219009,0.00560236,0.0545375,8.33129e-08,0,0,0,0,0,0,0,0,0,0.552296,0.552773,0.264082,0.00266155,0,445284,52279.7,76629.4,364.212,7.09667,15.52,27.4552,26.3915,0,0,0,78754.5,4252.25,7283.82,56.2686,0.27009,0.691552,3.93395,70.124,0,0,0.542537
setup,0,2024-03-26 23:00:00,3.63661e-12,0,2.94189,0.00996863,0,7.26451e-09,4.8162e-07,0.00217297,0.00553286,0.053614,8.32113e-08,0,0,0,0,0,0,0,0,0,0.546537,0.549475,0.259746,0.00262511,0,445280,52279.3,76628.9,362.821,7.0604,15.3319,27.405,26.4524,0,0,0,78754.5,4252.25,7283.83,56.129,0.268709,0.68299,3.93049,70.4372,0,0,0.541571
setup,0,2024-03-27 23:00:00,3.77854e-12,0,2.9168,0.010093,0,7.28285e-09,5.13514e-07,0.00215385,0.00546006,0.0519096,8.31801e-08,0,0,0,0,0,0,0,0,0,0.540387,0.547367,0.252583,0.00256561,0,445277,52278.9,76628.3,361.457,7.02512,15.1467,27.3581,26.5089,0,0,0,78754.4,4252.26,7283.85,55.9926,0.267367,0.674566,3.92773,70.7531,0,0,0.540626
setup,0,2024-03-28 23:00:00,4.16157e-12,0,2.89267,0.0102179,0,7.30072e-09,5.45845e-07,0.00213285,0.0053837,0.0505715,8.3169e-08,0,0,0,0,0,0,0,0,0,0.534529,0.53889,0.248662,0.00250541,0,445274,52278.5,76627.7,360.12,6.99082,14.9645,27.3136,26.5504,0,0,0,78754.3,4252.26,7283.86,55.858,0.266061,0.666283,3.9254,71.0644,0,0,0.540399
setup,0,2024-03-29 23:00:00,3.48475e-12,0,2.91376,0.0854173,0.0118163,1.79738e-06,0.0201207,0.00170581,0.003537,0.0495887,8.33246e-08,0,0,0,0,0,0,0,0,0,0.544127,0.554989,0.256322,0.00247159,0,445271,52277.5,76626.7,358.751,6.95718,14.786,27.253,26.5031,0,0,0,78754.2,4252.06,7283.65,55.6829,0.264781,0.658165,3.92112,71.3731,0,0,0.544921
setup,0,2024-03-30 23:00:00,3.89287e-12,0,2.81277,0.0104543,9.03509e-09,7.25665e-09,6.2406e-07,0.00190976,0.00444059,0.048741,6.87965e-08,0,0,0,0,0,0,0,0,0,0.520261,0.532115,0.251255,0.00245424,0,445268,52277.1,76626.2,357.468,6.92446,14.6101,27.1936,26.5334,0,0,0,78754.2,4252.06,7283.66,55.5549,0.263536,0.650171,3.91651,71.6742,0,0,0.542426
setup,0,2024-03-31 23:00:00,4.0123e-12,0,2.77857,0.0104997,6.73206e-08,7.12651e-09,6.39763e-07,0.00193916,0.00456811,0.0480855,6.28612e-08,0,0,0,0,0,0,0,0,0,0.505622,0.518274,0.245741,0.00242412,0,445265,52276.8,76625.8,356.214,6.89266,14.4371,27.1209,26.2885,0,0,0,78754.1,4252.06,7283.67,55.4008,0.262325,0.64231,3.90903,71.8118,0,0,0.541529
setup,0,2024-04-01 23:00:00,3.65618e-12,0,2.75132,0.0718825,0.00974216,1.48395e-06,0.0169485,0.00170085,0.00356322,0.0474626,4.97148e-08,0,0,0,0,0,0,0,0,0,0.503974,0.525558,0.249302,0.00240019,0,445262,52275.9,76624.8,354.935,6.86166,14.2671,27.0238,26.0433,0,0,0,78754,4251.88,7283.47,55.2315,0.261145,0.634588,3.89904,72.0795,0,0,0.543655
setup,0,2024-04-02 23:00:00,4.04736e-12,0,2.68291,0.0105681,6.50477e-08,7.38904e-09,8.12277e-07,0.00185576,0.00419077,0.0469995,4.72055e-08,0,0,0,0,0,0,0,0,0,0.482602,0.505852,0.243924,0.00238049,0,445259,52275.6,76624.3,353.732,6.83152,14.0997,26.9103,25.8716,0,0,0,78754,4251.89,7283.48,55.1022,0.259998,0.626994,3.88663,72.3423,0,0,0.542272
setup,0,2024-04-03 23:00:00,4.23844e-12,0,2.63943,0.0106033,4.03106e-08,7.34546e-09,8.01945e-07,0.00186966,0.00428372,0.0465038,4.53352e-08,0,0,0,0,0,0,0,0,0,0.476178,0.49148,0.237603,0.00235123,0,445256,52275.2,76623.8,352.548,6.80222,13.9352,26.7882,25.7377,0,0,0,78753.9,4251.89,7283.49,54.9746,0.258883,0.619527,3.87258,72.606,0,0,0.540874
setup,0,2024-04-04 23:00:00,3.63013e-12,0,2.63157,0.0826345,0.011605,1.76108e-06,0.0205508,0.00155928,0.0030413,0.0459878,3.84461e-08,0,0,0,0,0,0,0,0,0,0.488437,0.503242,0.243233,0.00232936,0,445254,52274.3,76622.8,351.32,6.77373,13.7736,26.648,25.5774,0,0,0,78753.8,4251.68,7283.23,54.8011,0.257799,0.612197,3.85676,72.8733,0,0,0.546898
setup,0,2024-04-05 23:00:00,4.22087e-12,0,2.5753,0.0106489,1.14393e-08,7.30006e-09,8.16944e-07,0.00177837,0.00387452,0.0456542,3.98635e-08,0,0,0,0,0,0,0,0,0,0.463337,0.485487,0.23865,0.00232093,0,445251,52273.9,76622.4,350.167,6.74605,13.6145,26.4781,25.4961,0,0,0,78753.7,4251.69,7283.25,54.6765,0.256745,0.604985,3.83822,73.1334,0,0,0.544112
setup,0,2024-04-06 23:00:00,4.79231e-12,0,2.52402,0.01068,3.55064e-09,7.25214e-09,8.35898e-07,0.00180156,0.00401218,0.0454569,4.09081e-08,0,0,0,0,0,0,0,0,0,0.45649,0.469752,0.233284,0.00229793,0,445248,52273.5,76621.9,349.024,6.71914,13.4581,26.3176,25.4451,0,0,0,78753.7,4251.69,7283.26,54.5527,0.255721,0.597896,3.82024,73.3915,0,0,0.540884
setup,0,2024-04-07 23:00:00,5.3553e-12,0,2.724,0.110582,0.0163246,2.46684e-06,0.029415,0.00178231,0.00180614,0.0448591,8.008e-08,0,0,0,0,0,0,0,0,0,0.672051,0.618733,0.237601,0.00225785,0,445245,52272,76620.3,347.811,6.69302,13.3045,26.1556,25.1482,0,0,0,78753.6,4251.02,7281.79,53.9717,0.254727,0.590935,3.79332,74.0548,0,0,0.547707
setup,0,2024-04-08 23:00:00,4.47735e-12,0,2.45607,0.0107189,0,7.21221e-09,8.95229e-07,0.00169165,0.00276124,0.0449731,7.07996e-08,0,0,0,0,0,0,0,0,0,0.414127,0.488938,0.23784,0.00226373,0,445243,52271.7,76619.9,346.695,6.66764,13.1533,25.9914,25.1,0,0,0,78753.5,4251.03,7281.81,53.9049,0.253761,0.584092,3.77242,74.2524,0,0,0.544522
setup,0,2024-04-09 23:00:00,4.79696e-12,0,2.40055,0.0107544,0,7.16315e-09,9.253e-07,0.00167346,0.00340265,0.0450118,6.36548e-08,0,0,0,0,0,0,0,0,0,0.423381,0.447485,0.229687,0.00225722,0,445240,52271.3,76619.4,345.591,6.643,13.0047,25.8294,25.0996,0,0,0,78753.4,4251.03,7281.82,53.808,0.252823,0.577365,3.75299,74.4817,0,0,0.542037
setup,0,2024-04-10 23:00:00,5.09436e-12,0,2.35895,0.0107905,0,7.14085e-09,9.59496e-07,0.00166084,0.0036226,0.0448203,6.05591e-08,0,0,0,0,0,0,0,0,0,0.426696,0.438312,0.223003,0.00223436,0,445238,52271,76619,344.499,6.61906,12.8586,25.6751,25.1244,0,0,0,78753.4,4251.04,7281.84,53.6933,0.251912,0.570753,3.73487,74.7284,0,0,0.53904
setup,0,2024-04-11 23:00:00,5.39517e-12,0,2.32212,0.0108277,0,7.11962e-09,9.94057e-07,0.00164922,0.00367784,0.0441679,5.91613e-08,0,0,0,0,0,0,0,0,0,0.420975,0.430191,0.215966,0.0021935,0,445235,52270.7,76618.6,343.419,6.59581,12.7148,25.5303,25.167,0,0,0,78753.3,4251.04,7281.85,53.5794,0.251027,0.564254,3.71793,74.975,0,0,0.538528
setup,0,2024-04-12 23:00:00,6.21903e-12,0,2.28699,0.0108666,0,7.09838e-09,1.02878e-06,0.00163744,0.00367374,0.0433958,5.85736e-08,0,0,0,0,0,0,0,0,0,0.415237,0.422493,0.210381,0.00214847,0,445233,52270.4,76618.2,342.353,6.57323,12.5735,25.395,25.2182,0,0,0,78753.3,4251.04,7281.87,53.4661,0.250168,0.557867,3.70196,75.2206,0,0,0.538153
setup,0,2024-04-13 23:00:00,5.52954e-12,0,2.27007,0.0109073,0,7.07707e-09,1.06361e-06,0.00123033,0.00243291,0.0426172,2.43246e-08,0,0,0,0,0,0,0,0,0,0.408873,0.41474,0.206904,0.00210183,0,445230,52270.1,76617.8,341.302,6.55125,12.4347,25.2691,25.2531,0,0,0,78753.2,4251.05,7281.88,53.3538,0.249332,0.551593,3.68678,75.4625,0,0,0.539488
setup,0,2024-04-14 23:00:00,7.33545e-12,0,2.22726,0.0109501,0,7.05579e-09,1.0985e-06,0.00149921,0.00318062,0.0415985,3.29247e-08,0,0,0,0,0,0,0,0,0,0.403173,0.407052,0.201387,0.00205429,0,445228,52269.8,76617.5,340.266,6.52991,12.2982,25.1505,25.3037,0,0,0,78753.2,4251.05,7281.89,53.2422,0.248519,0.545428,3.67246,75.7035,0,0,0.53871
setup,0,2024-04-15 23:00:00,8.44969e-12,0,2.19612,0.0109951,0,7.03472e-09,1.13346e-06,0.00152875,0.00328894,0.0406244,3.6212e-08,0,0,0,0,0,0,0,0,0,0.397284,0.400164,0.197637,0.00200722,0,445226,52269.5,76617.1,339.247,6.50917,12.164,25.0394,25.3525,0,0,0,78753.1,4251.05,7281.9,53.1314,0.24773,0.53937,3.65895,75.9417,0,0,0.538985
setup,0,2024-04-16 23:00:00,9.49462e-12,0,2.16649,0.0110423,0,7.01378e-09,1.1685e-06,0.00153286,0.00331376,0.0394808,3.8161e-08,0,0,0,0,0,0,0,0,0,0.391631,0.393678,0.192272,0.00196007,0,445224,52269.2,76616.7,338.243,6.48903,12.032,24.9347,25.4035,0,0,0,78753.1,4251.05,7281.91,53.022,0.246964,0.533417,3.64632,76.1791,0,0,0.538189
setup,0,2024-04-17 23:00:00,1.04096e-11,0,2.13815,0.0110918,0,6.99323e-09,1.20362e-06,0.00152611,0.0033017,0.0384496,3.93716e-08,0,0,0,0,0,0,0,0,0,0.385871,0.38624,0.188728,0.00191249,0,445221,52268.9,76616.4,337.257,6.46947,11.9024,24.8367,25.4491,0,0,0,78753,4251.06,7281.93,52.9136,0.246219,0.527569,3.63451,76.4127,0,0,0.538047
setup,0,2024-04-18 23:00:00,1.0975e-11,0,2.10923,0.0111436,0,6.97303e-09,1.23882e-06,0.00151467,0.00327425,0.0373804,4.01436e-08,0,0,0,0,0,0,0,0,0,0.380088,0.380025,0.185151,0.00186756,0,445219,52268.6,76616,336.289,6.45047,11.7749,24.7445,25.4898,0,0,0,78753,4251.06,7281.94,52.8065,0.245496,0.521824,3.62333,76.6437,0,0,0.537681
setup,0,2024-04-19 23:00:00,1.13889e-11,0,2.08231,0.0111974,0,6.95315e-09,1.27412e-06,0.00150077,0.00323942,0.0362299,4.06467e-08,0,0,0,0,0,0,0,0,0,0.374524,0.373909,0.1802,0.00182242,0,445217,52268.3,76615.7,335.337,6.43202,11.6497,24.6571,25.5288,0,0,0,78752.9,4251.06,7281.95,52.701,0.244794,0.516178,3.6129,76.8734,0,0,0.537291
setup,0,2024-04-20 23:00:00,1.20698e-11,0,2.05478,0.0112533,0,6.93366e-09,1.30952e-06,0.0014853,0.0032002,0.0352408,4.09834e-08,0,0,0,0,0,0,0,0,0,0.368961,0.366575,0.17685,0.00177917,0,445215,52268.1,76615.4,334.404,6.4141,11.5266,24.5746,25.5606,0,0,0,78752.9,4251.07,7281.96,52.5967,0.244112,0.510634,3.60306,77.0994,0,0,0.536615
setup,0,2024-04-21 23:00:00,1.26571e-11,0,2.02766,0.0113112,0,6.91453e-09,1.34502e-06,0.00146847,0.00315773,0.0342229,4.12085e-08,0,0,0,0,0,0,0,0,0,0.363404,0.360668,0.173372,0.00173661,0,445213,52267.8,76615.1,333.489,6.3967,11.4056,24.4964,25.5864,0,0,0,78752.8,4251.07,7281.97,52.4941,0.24345,0.505187,3.59376,77.3227,0,0,0.536545
setup,0,2024-04-22 23:00:00,1.33253e-11,0,2.00116,0.0113708,0,6.89581e-09,1.38064e-06,0.00145038,0.00311247,0.0332111,4.13616e-08,0,0,0,0,0,0,0,0,0,0.357843,0.354038,0.169728,0.00169505,0,445211,52267.5,76614.7,332.592,6.37979,11.2867,24.4221,25.6064,0,0,0,78752.8,4251.07,7281.98,52.3931,0.242806,0.499836,3.58492,77.5427,0,0,0.536848
setup,0,2024-04-23 23:00:00,1.38666e-11,0,1.97346,0.0114322,0,6.87753e-09,1.41637e-06,0.00143125,0.00306496,0.0322536,4.14573e-08,0,0,0,0,0,0,0,0,0,0.352594,0.347571,0.165512,0.00165778,0,445209,52267.3,76614.4,331.712,6.36337,11.1699,24.3507,25.6228,0,0,0,78752.8,4251.08,7281.98,52.2935,0.242181,0.494581,3.57659,77.7609,0,0,0.535667
setup,0,2024-04-24 23:00:00,1.48121e-11,0,1.94807,0.0114951,0,6.85958e-09,1.45224e-06,0.00142353,0.00305352,0.0314391,4.36312e-08,0,0,0,0,0,0,0,0,0,0.346872,0.341042,0.163663,0.00162105,0,445207,52267,76614.1,330.851,6.34743,11.0551,24.2831,25.6281,0,0,0,78752.7,4251.08,7282,52.1957,0.241574,0.489419,3.56856,77.9737,0,0,0.536328
setup,0,2024-04-25 23:00:00,1.53857e-11,0,1.91662,0.0115595,0,6.84203e-09,1.48823e-06,0.00139355,0.00297862,0.0304711,4.48093e-08,0,0,0,0,0,0,0,0,0,0.341681,0.335397,0.158815,0.00158356,0,445205,52266.8,76613.8,330.007,6.33194,10.9423,24.2224,25.6327,0,0,0,78752.7,4251.08,7282,52.0995,0.240985,0.484349,3.56125,78.1857,0,0,0.534509
setup,0,2024-04-26 23:00:00,1.70239e-11,0,1.88681,0.0116252,0,6.82492e-09,1.52435e-06,0.00136968,0.00291594,0.0296058,4.40656e-08,0,0,0,0,0,0,0,0,0,0.336409,0.329071,0.155732,0.00154648,0,445203,52266.5,76613.5,329.181,6.3169,10.8314,24.1675,25.6304,0,0,0,78752.6,4251.09,7282.01,52.0048,0.240412,0.479369,3.55449,78.394,0,0,0.53532
setup,0,2024-04-27 23:00:00,1.84651e-11,0,1.86195,0.011692,0,6.80817e-09,1.56062e-06,0.00134742,0.0028605,0.0287815,4.31943e-08,0,0,0,0,0,0,0,0,0,0.331312,0.323609,0.15225,0.00151185,0,445201,52266.3,76613.2,328.373,6.30228,10.7225,24.1151,25.6224,0,0,0,78752.6,4251.09,7282.02,51.9119,0.239856,0.474478,3.54804,78.6001,0,0,0.534155
setup,0,2024-04-28 23:00:00,1.99344e-11,0,1.83625,0.01176,0,6.79173e-09,1.59703e-06,0.00132507,0.00280595,0.0279999,4.22761e-08,0,0,0,0,0,0,0,0,0,0.325266,0.316704,0.14892,0.00147728,0,445200,52266,76613,327.582,6.28807,10.6156,24.0648,25.6084,0,0,0,78752.6,4251.09,7282.03,51.8225,0.239315,0.469676,3.54193,78.8044,0,0,0.534177
setup,0,2024-04-29 23:00:00,2.15314e-11,0,1.81127,0.0118288,0,6.77569e-09,1.63358e-06,0.00130244,0.00275149,0.0272239,4.13335e-08,0,0,0,0,0,0,0,0,0,0.319054,0.310858,0.146259,0.00144395,0,445198,52265.8,76612.7,326.809,6.27427,10.5104,24.0167,25.5876,0,0,0,78752.5,4251.1,7282.04,51.7371,0.23879,0.464958,3.53602,79.0075,0,0,0.534279
setup,0,2024-04-30 23:00:00,2.33852e-11,0,1.78493,0.0117813,0,6.61524e-09,1.55365e-06,0.00127966,0.00269708,0.0265505,4.08523e-08,0,0,0,0,0,0,0,0,0,0.308927,0.304351,0.143297,0.00141396,0,445196,52265.7,76612.6,326.054,6.26085,10.4072,23.9657,25.3942,0,0,0,78752.5,4251.1,7282.05,51.6357,0.238279,0.460326,3.52891,79.0688,0,0,0.533106
setup,0,2024-05-01 23:00:00,2.53332e-11,0,1.75645,0.0117717,0,6.70733e-09,1.69513e-06,0.0012568,0.00264279,0.025843,3.98647e-08,0,0,0,0,0,0,0,0,0,0.296625,0.297599,0.140726,0.00138408,0,445194,52265.5,76612.3,325.318,6.2478,10.3057,23.9089,25.2114,0,0,0,78752.5,4251.11,7282.06,51.5511,0.237783,0.455776,3.52162,79.2424,0,0,0.534443
setup,0,2024-05-02 23:00:00,2.93155e-11,0,1.72849,0.011762,0,6.69178e-09,1.72902e-06,0.00123384,0.00258859,0.0251713,3.88508e-08,0,0,0,0,0,0,0,0,0,0.291716,0.291463,0.137298,0.00135717,0,445192,52265.3,76612.1,324.599,6.23512,10.206,23.8475,25.0422,0,0,0,78752.4,4251.11,7282.07,51.4686,0.2373,0.451308,3.51377,79.4153,0,0,0.533314
setup,0,2024-05-03 23:00:00,3.31391e-11,0,1.70018,0.0117497,0,6.654e-09,1.76462e-06,0.00121096,0.00253468,0.0244887,3.79059e-08,0,0,0,0,0,0,0,0,0,0.286973,0.285387,0.133708,0.00132703,0,445191,52265,76611.8,323.896,6.22278,10.1081,23.7823,24.8858,0,0,0,78752.4,4251.11,7282.08,51.3881,0.236831,0.44692,3.50554,79.5869,0,0,0.53223
setup,0,2024-05-04 23:00:00,3.70584e-11,0,1.6728,0.0117354,0,6.61389e-09,1.80086e-06,0.00118823,0.00248109,0.0238674,3.70183e-08,0,0,0,0,0,0,0,0,0,0.282102,0.279454,0.131762,0.00129869,0,445189,52264.8,76611.6,323.21,6.21078,10.0118,23.7146,24.7373,0,0,0,78752.4,4251.12,7282.09,51.3093,0.236374,0.442611,3.49675,79.7553,0,0,0.531924
