source	id	datetime	species	day_emergence	gdd[oC]	dvs_flush[-]	dvs_mort[-]	dN_don_upt[kgNm-2]	dN_nh4_upt[kgNm-2]	dN_no3_upt[kgNm-2]	dN_nh3_upt[kgNm-2]	dN_nox_upt[kgNm-2]	dN_n2_fix[kgNm-2]	N2_fix[kgNm-2]	dC_fol_grow[kgCm-2]	dC_fru_grow[kgCm-2]	dC_frt_grow[kgCm-2]	dC_lst_grow[kgCm-2]	dC_fac_grow[kgCm-2]	dC_fol_resp[kgCm-2]	dC_fru_resp[kgCm-2]	dC_frt_resp[kgCm-2]	dC_lst_resp[kgCm-2]	dC_maintenance_resp[kgCm-2]	dC_transport_resp[kgCm-2]	dC_growth_resp[kgCm-2]	dC_co2_upt[kgCm-2]	f_fac	DW_fol[kgDWm-2]	DW_dfol[kgDWm-2]	DW_fru[kgDWm-2]	DW_stemfru[kgDWm-2]	DW_frt[kgDWm-2]	DW_lst[kgDWm-2]	DW_dst[kgDWm-2]	DW_below[kgDWm-2]	DW_above[kgDWm-2]	lai	specific_leaf_area[m2kg-1]	N_ret[kgNm-2]	NC_fol[gNgDW-1]	NC_fru[gNgDW-1]	NC_frt[gNgDW-1]	NC_lst[gNgDW-1]	NC_dst[gNgDW-1]	N_total[kgNm-2]	dDW_fol_sen[kgDWm-2]	dDW_fru_sen[kgDWm-2]	dDW_frt_sen[kgDWm-2]	dDW_lst_sen_below[kgDWm-2]	dDW_lst_sen_above[kgDWm-2]	dC_exsudates[kgCm-2]	dN_lit_fol[kgNm-2]	dN_lit_fru[kgNm-2]	dN_lit_frt[kgNm-2]	dN_lit_ldst_below[kgNm-2]	dN_lit_ldst_above[kgNm-2]	drought_rel[-]	conduct_rel[-]	vc_act_25[umol:m-2:s-1]	iso_act[nmol:m-2:s-1]	mono_act[nmol:m-2:s-1]	d_iso_emis[umol:m-2]	d_mono_emis[umol:m-2]	d_mono_storage_emis[umol:m-2]	d_ovoc_emis[umol:m-2]	dN_nh4_throughf[kgN:L-1]	dN_no3_throughf[kgN:L-1]
setup	0	2023-04-25 23:00:00	ANGA	19	2253.61	1	0.0374913	0	8.26403e-05	5.70697e-05	0	0	3.12382e-05	0	0	0	0	0	0	0.000247482	0	0.000277022	0	0.000524505	0.000156191	0	0	0.5	0.0994889	0	0	0	0.0943772	0	0	0.0943772	0.0994889	1.05458	10.6	3.58298e-06	0.0128	0	0.00883796	0	0	0.00210756	0.000511115	0	0.00012285	0	0	0	3.4674e-06	0	5.72972e-07	0	0	0.982619	0	23.8664	0	0	0	0	0	0	0	0
setup	0	2023-04-26 23:00:00	ANGA	19	2272.21	1	0.0144111	0	2.55603e-05	3.33003e-05	0	0	1.12851e-05	0	0	0.00424595	0.00169864	0	-0.000239699	0.000250471	0	0.000332207	0	0.000582678	0.000304904	0.00198153	0.00958221	0.497509	0.0992961	0	0.00943545	0.00943545	0.0974966	0	0	0.0974966	0.108732	1.05254	10.6	1.66972e-06	0.0128	0	0.0103146	0	0	0.00227662	0.000192833	0	0.00012269	0	0	0.000566214	1.30818e-06	0	5.74696e-07	0	0	0.982383	0.521691	23.895	0	0	0	0	0	0	0	0
setup	0	2023-04-27 23:00:00	ANGA	19	2291.97	1	0.0165792	0	5.65736e-05	5.86793e-05	0	0	2.51316e-05	0	0	0.00715817	0	0	-0.00040522	0.000263468	7.02247e-06	0.000368098	0	0.000638588	0.000269668	0.0025748	0.0104859	0.494117	0.0990776	0	0.025263	0.025263	0.0965488	0	0	0.0965488	0.124341	1.05022	10.6	1.9285e-06	0.0128	0.00183668	0.0106682	0	0	0.0023446	0.000218427	0	0.000126746	0	0	0	1.48181e-06	0	6.92883e-07	0	0	0.965361	0.574135	23.8934	0	0	0	0	0	0	0	0
setup	0	2023-04-28 23:00:00	ANGA	19	2309.93	1	0.0190285	0	4.74507e-05	1.97199e-05	0	0	3.51445e-05	0	0	0.00653248	3.48695e-07	0	-0.000260859	0.000247459	4.18581e-05	0.000367237	0	0.000656555	0.000324414	0.00217761	0.00977459	0.492579	0.0988309	0	0.0396595	0.0396595	0.0959646	0	0	0.0959646	0.13849	1.04761	10.6	2.11388e-06	0.0128	0.00439043	0.0108732	0	0	0.0024826	0.000246767	0	0.000125513	0	0	1.16232e-07	1.67407e-06	0	7.09672e-07	0	0	0.991525	0.533177	23.8913	0	0	0	0	0	0	0	0
setup	0	2023-04-29 23:00:00	ANGA	19	2328.11	1	0.0217883	0	4.43596e-05	2.55969e-05	0	0	4.94861e-05	0	0	0.00670781	5.85852e-05	0	-0.000242135	0.000246735	7.62616e-05	0.000365802	0	0.000688798	0.000336223	0.0022555	0.0102255	0.491497	0.0985528	0	0.0544083	0.0544083	0.0955893	0	0	0.0955893	0.152961	1.04466	10.6	2.31027e-06	0.0128	0.00504789	0.0109446	0	0	0.00258231	0.000278047	0	0.000124754	0	0	1.95284e-05	1.88627e-06	0	7.1893e-07	0	0	0.989886	0.559574	23.8887	0	0	0	0	0	0	0	0
setup	0	2023-04-30 23:00:00	ANGA	19	2346.74	1	0.0248897	0	4.9291e-05	1.39497e-05	0	0	6.31277e-05	0	0	0.00660537	0.000147762	0	-0.000237766	0.000251689	0.000120719	0.00037007	0	0.000742478	0.000420027	0.00225755	0.0102834	0.490632	0.0982403	0	0.0688953	0.0688953	0.0954567	0	0	0.0954567	0.167136	1.04135	10.6	2.51898e-06	0.0128	0.00572007	0.010972	0	0	0.00269891	0.000312461	0	0.000124266	0	0	4.92541e-05	2.11974e-06	0	7.2082e-07	0	0	0.990422	0.56512	23.8852	0	0	0	0	0	0	0	0
setup	0	2023-05-01 23:00:00	ANGA	19	2365.19	1	0.0283657	0	3.71565e-05	1.60216e-05	0	0	7.1713e-05	0	0	0.00603483	0.000195429	0	-0.000238924	0.000248893	0.00016845	0.000371509	0	0.000788852	0.000446192	0.00209317	0.00975079	0.489833	0.0978902	0	0.0820835	0.0820835	0.0954585	0	0	0.0954585	0.179974	1.03764	10.6	2.74672e-06	0.0128	0.00635033	0.0109778	0	0	0.00282218	0.000350198	0	0.000124094	0	0	6.51431e-05	2.37575e-06	0	7.21622e-07	0	0	0.99304	0.537312	23.8808	0	0	0	0	0	0	0	0
setup	0	2023-05-02 23:00:00	ANGA	19	2384.96	1	0.0322511	0	3.6297e-05	1.0645e-05	0	0	8.95609e-05	0	0	0.00687913	0.000330093	0	-0.000228177	0.000257836	0.000221133	0.000379952	0	0.00085892	0.000552406	0.00242479	0.011256	0.48933	0.0974987	0	0.097136	0.097136	0.0957953	0	0	0.0957953	0.194635	1.03349	10.6	2.99521e-06	0.0128	0.00665799	0.0109502	0	0	0.00294369	0.000391443	0	0.000124096	0	0	0.000110031	2.65555e-06	0	7.22023e-07	0	0	0.98441	0.625295	23.8751	0	0	0	0	0	0	0	0
setup	0	2023-05-03 23:00:00	ANGA	19	2405.12	1	0.0365824	0	3.9007e-05	1.99272e-05	0	0	0.000104055	0	0	0.00690611	0.000445466	0	-0.000228186	0.000260787	0.00027794	0.000388897	0	0.000927624	0.000626845	0.0024872	0.0117489	0.488918	0.0970623	0	0.112228	0.112228	0.0964089	0	0	0.0964089	0.20929	1.02886	10.6	3.26612e-06	0.0128	0.00697622	0.0109035	0	0	0.00307651	0.000436369	0	0.000124534	0	0	0.000148489	2.96033e-06	0	7.22747e-07	0	0	0.977343	0.656258	23.868	0	0	0	0	0	0	0	0
setup	0	2023-05-04 23:00:00	ANGA	19	2424.46	1	0.0413978	0	3.74584e-05	2.00545e-05	0	0	0.00010304	0	0	0.0061455	0.000480759	0	-0.000224272	0.000253115	0.000336208	0.000389746	0	0.000979069	0.000637181	0.00225825	0.0108267	0.4885	0.0965772	0	0.125616	0.125616	0.0971216	0	0	0.0971216	0.222193	1.02372	10.6	3.56087e-06	0.0128	0.00751715	0.0108629	0	0	0.00323549	0.000485138	0	0.000125332	0	0	0.000160253	3.29117e-06	0	7.2427e-07	0	0	0.952704	0.605609	23.859	0	0	0	0	0	0	0	0
setup	0	2023-05-05 23:00:00	ANGA	19	2443.14	1	0.0467368	0	2.82537e-05	1.37883e-05	0	0	9.94848e-05	0	0	0.00530795	0.000457554	0	-0.000211543	0.000244865	0.000392598	0.000386426	0	0.00102389	0.000613004	0.00197525	0.00966441	0.488098	0.0960393	0	0.137146	0.137146	0.0978072	0	0	0.0978072	0.233186	1.01802	10.6	3.88058e-06	0.0128	0.00804143	0.0108326	0	0	0.00339166	0.000537893	0	0.000126258	0	0	0.000152518	3.64907e-06	0	7.26911e-07	0	0	0.99579	0.542116	23.8478	0	0	0	0	0	0	0	0
setup	0	2023-05-06 23:00:00	ANGA	19	2461.25	1	0.0526402	0	2.92568e-05	5.86387e-06	0	0	9.73764e-05	0	0	0.00507117	0.000481264	0	-0.00019475	0.000240236	0.000436743	0.000381523	0	0.0010585	0.000590185	0.00190165	0.00947341	0.487789	0.0954446	0	0.148163	0.148163	0.0985694	0	0	0.0985694	0.243608	1.01171	10.6	4.22542e-06	0.0128	0.00838658	0.010796	0	0	0.00352843	0.000594758	0	0.000127149	0	0	0.000160421	4.03484e-06	0	7.3e-07	0	0	0.978912	0.533384	23.8338	0	0	0	0	0	0	0	0
setup	0	2023-05-07 23:00:00	ANGA	19	2477.86	1	0.0591498	0	3.51132e-05	1.06787e-05	0	0	8.61658e-05	0	0	0.00423432	0.000425098	0	-0.00018786	0.000222277	0.000458745	0.000371225	0	0.00105225	0.00051261	0.00160661	0.00821286	0.487442	0.0947887	0	0.157322	0.157322	0.0992191	0	0	0.0992191	0.252111	1.00476	10.6	4.59567e-06	0.0128	0.00873091	0.0107729	0	0	0.00365574	0.00065583	0	0.00012814	0	0	0.000141699	4.44915e-06	0	7.33201e-07	0	0	0.974218	0.463169	23.8164	0	0	0	0	0	0	0	0
setup	0	2023-05-08 23:00:00	ANGA	19	2494.1	1	0.066308	0	3.77897e-05	1.12662e-05	0	0	8.19371e-05	0	0	0.00393639	0.000419658	0	-0.000164134	0.000215887	0.000496662	0.00036223	0	0.00107478	0.000496701	0.00149925	0.00769723	0.48719	0.0940675	0	0.165846	0.165846	0.0998816	0	0	0.0998816	0.259913	0.997116	10.6	4.99169e-06	0.0128	0.00906771	0.0107544	0	0	0.00378207	0.000721177	0	0.000128985	0	0	0.000139886	4.89247e-06	0	7.36458e-07	0	0	0.973558	0.436603	23.7949	0	0	0	0	0	0	0	0
setup	0	2023-05-09 23:00:00	ANGA	19	2510.36	1	0.0741577	0	3.93529e-05	1.613e-05	0	0	7.97835e-05	0	0	0.00379099	0.00042785	0	-0.000149664	0.000215199	0.000542354	0.000360774	0	0.00111833	0.0004868	0.00145291	0.007603	0.487	0.0932767	0	0.174063	0.174063	0.100578	0	0	0.100578	0.267339	0.988733	10.6	5.41398e-06	0.0128	0.00938139	0.0107386	0	0	0.00390696	0.000790835	0	0.000129846	0	0	0.000142617	5.36502e-06	0	7.40098e-07	0	0	0.94584	0.434661	23.7686	0	0	0	0	0	0	0	0
setup	0	2023-05-10 23:00:00	ANGA	19	2527.16	1	0.0827414	0	4.00248e-05	1.87424e-05	0	0	8.0202e-05	0	0	0.00384408	0.000458494	0	-0.000136478	0.00021781	0.000603292	0.000365719	0	0.00118682	0.000499653	0.00148173	0.00775139	0.486884	0.0924119	0	0.182413	0.182413	0.101355	0	0	0.101355	0.274825	0.979566	10.6	5.86254e-06	0.0128	0.00967976	0.010725	0	0	0.00403561	0.000864797	0	0.000130751	0	0	0.000152831	5.86678e-06	0	7.44165e-07	0	0	0.918707	0.44763	23.7364	0	0	0	0	0	0	0	0
setup	0	2023-05-11 23:00:00	ANGA	19	2545.26	1	0.0921016	0	3.48028e-05	4.98064e-06	0	0	8.80688e-05	0	0	0.00456948	0.000592369	0	-0.000109516	0.000233146	0.000684837	0.000379726	0	0.00129771	0.000557795	0.00177156	0.00909221	0.486965	0.0914689	0	0.192411	0.192411	0.102452	0	0	0.102452	0.28388	0.96957	10.6	6.33736e-06	0.0128	0.00987967	0.0106945	0	0	0.00416744	0.000943016	0	0.000131761	0	0	0.000197456	6.39742e-06	0	7.48961e-07	0	0	0.989642	0.532048	23.6973	0	0	0	0	0	0	0	0
setup	0	2023-05-12 23:00:00	ANGA	19	2563.57	1	0.102279	0	3.61184e-05	6.52494e-06	0	0	9.05857e-05	0	0	0.00454847	0.000627642	0	-0.000102908	0.000230745	0.000737972	0.000389085	0	0.0013578	0.000552281	0.00179119	0.00935852	0.487066	0.0904435	0	0.202369	0.202369	0.103634	0	0	0.103634	0.292813	0.958701	10.6	6.83823e-06	0.0128	0.0100081	0.0106584	0	0	0.00428758	0.00102539	0	0.000133188	0	0	0.000209214	6.95628e-06	0	7.54922e-07	0	0	0.987137	0.55372	23.65	0	0	0	0	0	0	0	0
setup	0	2023-05-13 23:00:00	ANGA	19	2582.4	1	0.113315	0	3.45433e-05	7.35458e-06	0	0	9.45065e-05	0	0	0.00460024	0.000679425	0	-7.35304e-05	0.000219969	0.000803427	0.000401835	0	0.00142523	0.000579203	0.00182963	0.00956777	0.487274	0.0893317	0	0.212484	0.212484	0.104954	0	0	0.104954	0.301816	0.946916	10.6	7.3634e-06	0.0128	0.0101375	0.0106236	0	0	0.0044125	0.00111179	0	0.000134725	0	0	0.000226475	7.54235e-06	0	7.61053e-07	0	0	0.991486	0.573558	23.5931	0	0	0	0	0	0	0	0
setup	0	2023-05-14 23:00:00	ANGA	19	2598.64	1	0.125245	0	3.57147e-05	1.49561e-05	0	0	0	0	0	0	0	0	-0.506495	0.000154013	0.000798191	0.000396354	0	0.00134856	3.29403e-05	7.54917e-05	-0.514673	0	0.0881297	0	0	0	0	0	0	0	0.0881297	0.934175	10.6	7.9124e-06	0.0128	0	0	0	0	0.00112806	0.00120198	0	0.00013644	0	0	0	8.15426e-06	0	7.68229e-07	0	0	1	0	23.5251	0	0	0	0	0	0	0	0
setup	0	2023-05-15 23:00:00	ANGA	19	2612.87	1	0.138106	0	0	0	0	0	0	0	0	0.00102067	0.000738751	0	-0.000152173	0	0	0	0	0	8.6467e-05	0.000586473	0.0040467	0.413509	0.086834	0	0.00226815	0.00226815	0.00164167	0	0	0.00164167	0.0891022	0.92044	10.6	0	0.0131756	0	0.011	0	0	0.00116215	0.00129573	0	0	0	0	0.00024625	1.65853e-05	0	0	0	0	0.97985	0.248353	23.4441	0	0	0	0	0	0	0	0
setup	0	2023-05-16 23:00:00	ANGA	19	2627.2	1	0.15193	0	1.14593e-05	1.23882e-05	0	0	2.91021e-06	0	0	0.00252987	1.08953e-05	0	2.17245e-08	0.000153627	7.4623e-07	5.45214e-06	0	0.000159825	4.85599e-05	0.000929006	0.0036097	0.464607	0.0854413	0	0.00789012	0.00789012	0.00166377	0	0	0.00166377	0.0933314	0.905678	10.6	8.63526e-06	0.0131756	0.00108449	0.010887	0	0	0.00115241	0.00139268	0	2.13417e-06	0	0	3.63176e-06	9.72519e-06	0	1.24422e-08	0	0	0.984012	0.231761	23.3483	0	0	0	0	0	0	0	0
setup	0	2023-05-17 23:00:00	ANGA	19	2641.64	1	0.166744	0	1.12065e-05	1.28036e-05	0	0	8.33033e-06	0	0	0.00250964	3.17525e-05	0	-0.000153473	0.000155891	8.09766e-06	5.49032e-06	0	0.000169479	8.28514e-05	0.000848343	0.00358798	0.465765	0.0839489	0	0.0131854	0.0131854	0.00167277	0	0	0.00167277	0.0971343	0.889858	10.6	9.2532e-06	0.0131756	0.00335187	0.0110365	0	0	0.00116873	0.00149247	0	2.1629e-06	0	0	1.05842e-05	1.0422e-05	0	1.24801e-08	0	0	0.951016	0.23307	23.2355	0	0	0	0	0	0	0	0
setup	0	2023-05-18 23:00:00	ANGA	19	2656.19	1	0.182571	0	1.10625e-05	1.37263e-05	0	0	1.20798e-05	0	0	0.0024375	4.57417e-05	0	-0.000155571	0.000154343	1.9217e-05	5.47728e-06	0	0.000179037	0.000103147	0.000831277	0.00355795	0.465973	0.0823542	0	0.0182953	0.0182953	0.00173332	0	0	0.00173332	0.10065	0.872955	10.6	9.88595e-06	0.0131756	0.00470431	0.0108421	0	0	0.00118992	0.00159461	0	2.1746e-06	0	0	1.52472e-05	1.11353e-05	0	1.272e-08	0	0	0.927313	0.234226	23.1034	0	0	0	0	0	0	0	0
setup	0	2023-05-19 23:00:00	ANGA	19	2670.86	1	0.199431	0	1.04984e-05	1.41966e-05	0	0	1.488e-05	0	0	0.0023699	5.78678e-05	0	-0.000153814	0.0001525	3.27352e-05	5.55614e-06	0	0.000190791	0.000119294	0.000814338	0.00352004	0.466011	0.0806556	0	0.0232495	0.0232495	0.00183009	0	0	0.00183009	0.103905	0.85495	10.6	1.05301e-05	0.0131756	0.0057176	0.0105474	0	0	0.00121492	0.0016986	0	2.25332e-06	0	0	1.92893e-05	1.18614e-05	0	1.29483e-08	0	0	0.903342	0.235238	22.9494	0	0	0	0	0	0	0	0
setup	0	2023-05-20 23:00:00	ANGA	19	2685.63	1	0.217336	0	9.72604e-06	1.43069e-05	0	0	1.70066e-05	0	0	0.00230001	6.80013e-05	0	-0.000151725	0.000150397	4.78728e-05	5.73206e-06	0	0.000204002	0.000131075	0.000795768	0.00347358	0.465969	0.0788518	0	0.0280481	0.0280481	0.00195422	0	0	0.00195422	0.1069	0.835829	10.6	1.1182e-05	0.0131756	0.00652209	0.0102516	0	0	0.00124188	0.00180382	0	2.37911e-06	0	0	2.26671e-05	1.25962e-05	0	1.32995e-08	0	0	0.879085	0.236066	22.7711	0	0	0	0	0	0	0	0
setup	0	2023-05-21 23:00:00	ANGA	19	2700.51	1	0.23629	0	8.90821e-06	1.39661e-05	0	0	1.86125e-05	0	0	0.00222747	7.63558e-05	0	-0.000149343	0.000148028	6.41255e-05	5.99841e-06	0	0.000218151	0.000139452	0.000775498	0.00341747	0.46588	0.0769422	0	0.0326878	0.0326878	0.00209974	0	0	0.00209974	0.10963	0.815587	10.6	1.18376e-05	0.0131756	0.00718397	0.00999596	0	0	0.00126957	0.00190962	0	2.54048e-06	0	0	2.54519e-05	1.3335e-05	0	1.38033e-08	0	0	0.854649	0.236645	22.5656	0	0	0	0	0	0	0	0
setup	0	2023-05-22 23:00:00	ANGA	19	2715.5	1	0.256293	0	7.98284e-06	1.37981e-05	0	0	1.98115e-05	0	0	0.00215183	8.30246e-05	0	-0.000146669	0.000145401	8.11069e-05	6.34618e-06	0	0.000232854	0.000144879	0.000753437	0.00335174	0.46576	0.0749269	0	0.0371634	0.0371634	0.00226184	0	0	0.00226184	0.11209	0.794225	10.6	1.24925e-05	0.0131756	0.00773927	0.00979358	0	0	0.00129697	0.00201528	0	2.72966e-06	0	0	2.76749e-05	1.40728e-05	0	1.44614e-08	0	0	0.845427	0.236959	22.3301	0	0	0	0	0	0	0	0
setup	0	2023-05-23 23:00:00	ANGA	19	2730.59	1	0.277336	0	7.0999e-06	1.3161e-05	0	0	2.06406e-05	0	0	0.00207315	8.80784e-05	0	-0.000143719	0.00014249	9.86509e-05	6.76833e-06	0	0.000247909	0.000148554	0.000729633	0.00327656	0.465617	0.0728069	0	0.0414693	0.0414693	0.0024363	0	0	0.0024363	0.114276	0.771754	10.6	1.31416e-05	0.0131756	0.00822215	0.00964882	0	0	0.00132375	0.00211999	0	2.94039e-06	0	0	2.93595e-05	1.4804e-05	0	1.52624e-08	0	0	0.822877	0.236991	22.0617	0	0	0	0	0	0	0	0
setup	0	2023-05-24 23:00:00	ANGA	19	2745.78	1	0.2994	0	6.51539e-06	1.23757e-05	0	0	2.11888e-05	0	0	0.00199058	9.14807e-05	0	-0.000140475	0.000139266	0.000116475	7.25443e-06	0	0.000262995	0.000149897	0.000703807	0.00319174	0.465455	0.070584	0	0.045598	0.045598	0.0026191	0	0	0.0026191	0.116182	0.748191	10.6	1.37798e-05	0.0131756	0.00864294	0.00955446	0	0	0.00134911	0.00222291	0	3.16719e-06	0	0	3.04936e-05	1.55227e-05	0	1.61966e-08	0	0	0.823452	0.236701	21.7576	0	0	0	0	0	0	0	0
setup	0	2023-05-25 23:00:00	ANGA	19	2761.07	1	0.322459	0	6.30249e-06	1.1052e-05	0	0	2.14473e-05	0	0	0.00190374	9.3269e-05	0	-0.000136918	0.000135842	0.000134521	7.79921e-06	0	0.000278162	0.000149428	0.000675834	0.0030961	0.465274	0.0682609	0	0.0495408	0.0495408	0.00280644	0	0	0.00280644	0.117802	0.723565	10.6	1.44015e-05	0.0131756	0.00902071	0.00950707	0	0	0.00137295	0.00232315	0	3.40483e-06	0	0	3.10897e-05	1.62227e-05	0	1.72416e-08	0	0	0.830645	0.235975	21.4149	0	0	0	0	0	0	0	0
setup	0	2023-05-26 23:00:00	ANGA	19	2776.47	1	0.346477	0	5.87257e-06	1.0556e-05	0	0	2.1451e-05	0	0	0.00181413	9.35278e-05	0	-0.000133168	0.000132142	0.00015259	8.39103e-06	0	0.000293123	0.000146716	0.000646248	0.00299218	0.465076	0.0658411	0	0.0532921	0.0532921	0.00299476	0	0	0.00299476	0.119133	0.697916	10.6	1.50007e-05	0.0131756	0.00936155	0.00949827	0	0	0.00139484	0.00241976	0	3.64837e-06	0	0	3.11759e-05	1.68973e-05	0	1.83832e-08	0	0	0.822921	0.234975	21.0309	0	0	0	0	0	0	0	0
setup	0	2023-05-27 23:00:00	ANGA	19	2791.96	1	0.371408	0	5.45755e-06	1.0305e-05	0	0	2.11576e-05	0	0	0.00172225	9.23682e-05	0	-0.000129157	0.000128147	0.000170752	9.02666e-06	0	0.000307926	0.000143684	0.000615264	0.00288011	0.464862	0.0633294	0	0.0568476	0.0568476	0.00318086	0	0	0.00318086	0.120177	0.671291	10.6	1.55714e-05	0.0131756	0.00968286	0.00952839	0	0	0.00141516	0.00251175	0	3.89319e-06	0	0	3.07894e-05	1.75397e-05	0	1.95986e-08	0	0	0.815381	0.233652	20.6031	0	0	0	0	0	0	0	0
setup	0	2023-05-28 23:00:00	ANGA	19	2807.54	1	0.397196	0	5.21494e-06	9.8334e-06	0	0	2.05565e-05	0	0	0.00162557	8.97066e-05	0	-0.000124879	0.000123924	0.000189002	9.70051e-06	0	0.000322627	0.000139352	0.000582023	0.00275845	0.46463	0.0607312	0	0.0601972	0.0601972	0.00336137	0	0	0.00336137	0.120928	0.643751	10.6	1.61074e-05	0.0131756	0.00999208	0.00959409	0	0	0.00143391	0.00259812	0	4.13512e-06	0	0	2.99022e-05	1.81428e-05	0	2.08825e-08	0	0	0.817785	0.231834	20.1294	0	0	0	0	0	0	0	0
setup	0	2023-05-29 23:00:00	ANGA	19	2823.21	1	0.423776	0	4.9324e-06	9.56233e-06	0	0	1.96688e-05	0	0	0.00152643	8.57655e-05	0	-0.000120407	0.000119467	0.000207185	1.0401e-05	0	0.000337052	0.000133122	0.000547367	0.00262972	0.464381	0.0580534	0	0.0633358	0.0633358	0.00353344	0	0	0.00353344	0.121389	0.615366	10.6	1.66022e-05	0.0131756	0.0102892	0.00968823	0	0	0.0014508	0.00267784	0	4.36978e-06	0	0	2.85885e-05	1.86995e-05	0	2.22197e-08	0	0	0.810856	0.22967	19.6079	0	0	0	0	0	0	0	0
setup	0	2023-05-30 23:00:00	ANGA	19	2838.98	1	0.45107	0	4.16952e-06	7.05222e-06	0	0	1.85684e-05	0	0	0.00142541	8.07355e-05	0	-0.000115739	0.000114798	0.000225239	1.11222e-05	0	0.000351159	0.000126034	0.000511578	0.00249427	0.464113	0.0553035	0	0.0662598	0.0662598	0.00369467	0	0	0.00369467	0.121563	0.586218	10.6	1.70495e-05	0.0131756	0.0105772	0.00980647	0	0	0.00146573	0.00274986	0	4.59347e-06	0	0	2.69118e-05	1.92024e-05	0	2.35864e-08	0	0	0.990526	0.22712	19.0372	0	0	0	0	0	0	0	0
setup	0	2023-05-31 23:00:00	ANGA	19	2854.83	1	0.478993	0	4.12878e-06	7.68874e-06	0	0	1.74667e-05	0	0	0.00132015	7.46499e-05	0	-0.000110913	0.00010988	0.000242221	1.18052e-05	0	0.000363907	0.000115091	0.000473905	0.00234995	0.463825	0.0524904	0	0.06896	0.06896	0.00384273	0	0	0.00384273	0.12145	0.556398	10.6	1.74428e-05	0.0131756	0.0108202	0.00991553	0	0	0.00147585	0.00281318	0	4.80307e-06	0	0	2.48833e-05	1.96446e-05	0	2.49636e-08	0	0	0.977448	0.22388	18.4165	0	0	0	0	0	0	0	0
setup	0	2023-06-01 23:00:00	ANGA	19	2870.77	1	0.507448	0	3.85262e-06	7.59974e-06	0	0	1.59738e-05	0	0	0.00121634	6.81047e-05	0	-0.000105884	0.000104763	0.00025925	1.25083e-05	0	0.000376522	0.000107392	0.000436443	0.00220149	0.463519	0.0496236	0	0.0714401	0.0714401	0.00397666	0	0	0.00397666	0.121064	0.52601	10.6	1.77757e-05	0.0131756	0.0110763	0.0100539	0	0	0.00148509	0.00286676	0	4.99555e-06	0	0	2.27016e-05	2.00187e-05	0	2.62528e-08	0	0	0.966241	0.220273	17.7457	0	0	0	0	0	0	0	0
setup	0	2023-06-02 23:00:00	ANGA	19	2886.78	1	0.536328	0	3.67056e-06	7.61641e-06	0	0	1.42413e-05	0	0	0.00110789	6.07749e-05	0	-0.000100722	9.94694e-05	0.000275951	1.31966e-05	0	0.000388617	9.71811e-05	0.000397123	0.00204844	0.46319	0.046714	0	0.0736901	0.0736901	0.00409475	0	0	0.00409475	0.120404	0.495168	10.6	1.80424e-05	0.0131756	0.0113299	0.0102052	0	0	0.00149217	0.00290964	0	5.16966e-06	0	0	2.02583e-05	2.03182e-05	0	2.7547e-08	0	0	0.953424	0.216126	17.0252	0	0	0	0	0	0	0	0
setup	0	2023-06-03 23:00:00	ANGA	19	2902.88	1	0.565519	0	3.6948e-06	7.63667e-06	0	0	1.22766e-05	0	0	0.00099889	5.31251e-05	0	-9.54409e-05	9.40469e-05	0.000292251	1.3863e-05	0	0.000400161	8.59543e-05	0.000357425	0.00189102	0.46284	0.0437731	0	0.0757089	0.0757089	0.00419631	0	0	0.00419631	0.119482	0.463995	10.6	1.8237e-05	0.0131756	0.0115826	0.0103659	0	0	0.00149714	0.00294088	0	5.32317e-06	0	0	1.77084e-05	2.05363e-05	0	2.87917e-08	0	0	0.946262	0.211297	16.2565	0	0	0	0	0	0	0	0
setup	0	2023-06-04 23:00:00	ANGA	19	2919.06	1	0.594895	0	3.71702e-06	7.89519e-06	0	0	1.00891e-05	0	0	0.00089007	4.53768e-05	0	-9.00887e-05	8.8483e-05	0.000308068	1.44944e-05	0	0.000411046	7.36416e-05	0.000317718	0.00173193	0.462467	0.0408135	0	0.0774972	0.0774972	0.00428118	0	0	0.00428118	0.118311	0.432623	10.6	1.8354e-05	0.0131756	0.0118355	0.0105324	0	0	0.00150005	0.0029596	0	5.45521e-06	0	0	1.51256e-05	2.06671e-05	0	2.99705e-08	0	0	0.933939	0.205894	15.4418	0	0	0	0	0	0	0	0
setup	0	2023-06-05 23:00:00	ANGA	19	2935.31	1	0.624325	0	3.69762e-06	8.12395e-06	0	0	7.68938e-06	0	0	0.000781935	3.77299e-05	0	-8.46508e-05	8.28136e-05	0.000323386	1.50829e-05	0	0.000421282	6.06648e-05	0.000278264	0.00157184	0.462072	0.0378485	0	0.0790565	0.0790565	0.00434961	0	0	0.00434961	0.116905	0.401194	10.6	1.83884e-05	0.0131756	0.01209	0.0107002	0	0	0.00150101	0.00296501	0	5.56554e-06	0	0	1.25766e-05	2.07048e-05	0	3.10677e-08	0	0	0.921701	0.199786	14.5842	0	0	0	0	0	0	0	0
setup	0	2023-06-06 23:00:00	ANGA	19	2951.63	1	0.65367	0	3.65379e-06	8.63025e-06	0	0	5.13022e-06	0	0	0.000674166	3.0329e-05	0	-7.91626e-05	7.70997e-05	0.00033811	1.56204e-05	0	0.00043083	4.68562e-05	0.000239024	0.00141111	0.461654	0.0348921	0	0.0803879	0.0803879	0.00440218	0	0	0.00440218	0.11528	0.369856	10.6	1.83359e-05	0.0131756	0.0123441	0.010861	0	0	0.00149985	0.00295639	0	5.6545e-06	0	0	1.01097e-05	2.06446e-05	0	3.20672e-08	0	0	0.963682	0.192803	13.6879	0	0	0	0	0	0	0	0
setup	0	2023-06-07 23:00:00	ANGA	19	2968.03	1	0.682783	0	3.58234e-06	8.59764e-06	0	0	2.41238e-06	0	0	0.000568709	2.33951e-05	0	-7.36744e-05	7.13258e-05	0.000352153	1.60767e-05	0	0.000439556	3.27538e-05	0.000200738	0.00125245	0.461213	0.031959	0	0.0814965	0.0814965	0.00443995	0	0	0.00443995	0.113455	0.338765	10.6	1.81927e-05	0.0131756	0.0125994	0.0110055	0	0	0.00149675	0.00293313	0	5.72284e-06	0	0	7.79836e-06	2.04822e-05	0	3.29424e-08	0	0	0.944888	0.185042	12.758	0	0	0	0	0	0	0	0
setup	0	2023-06-08 23:00:00	ANGA	19	2984.49	1	0.711515	0	8.34365e-07	2.03934e-06	0	0	4.44232e-07	0	0	0.000464956	1.72165e-05	0	-6.81693e-05	6.61558e-05	0.000363408	1.64453e-05	0	0.000446009	2.15902e-05	0.000163324	0.00109647	0.460749	0.0290642	0	0.0823861	0.0823861	0.00446461	0	0	0.00446461	0.11145	0.308081	10.6	1.63499e-05	0.0133087	0.0127815	0.0111227	0	0	0.00148949	0.00289472	0	5.77193e-06	0	0	5.73883e-06	2.18169e-05	0	3.6337e-08	0	0	0.930993	0.176343	11.8005	0	0	0	0	0	0	0	0
setup	0	2023-06-09 23:00:00	ANGA	19	3001.01	1	0.739712	0	1.86376e-06	4.98645e-06	0	0	1.06568e-06	0	0	0.000364386	1.167e-05	0	-6.33054e-05	6.05435e-05	0.000366907	1.65614e-05	0	0.000444012	1.23791e-05	0.000127265	0.000946286	0.460254	0.0262234	0	0.0830624	0.0830624	0.00447751	0	0	0.00447751	0.109286	0.277968	10.6	1.52115e-06	0.0133406	0.0127243	0.0111009	0	0	0.00145645	0.00284079	0	5.80399e-06	0	0	3.89001e-06	3.62886e-05	0	6.19633e-08	0	0	0.91747	0.166898	10.8225	0	0	0	0	0	0	0	0
setup	0	2023-06-10 23:00:00	ANGA	19	3017.6	1	0.767218	0	4.39918e-07	1.23557e-06	0	0	2.62262e-07	0	0	0.000272943	6.87807e-06	0	-5.80225e-05	5.50881e-05	0.000373115	1.67218e-05	0	0.000444925	1.22811e-05	9.45704e-05	0.000804003	0.459742	0.0234523	0	0.0835466	0.0835466	0.00448038	0	0	0.00448038	0.106999	0.248595	10.6	6.28556e-06	0.0134188	0.0127954	0.0111395	0	0	0.00143362	0.00277109	0	5.82076e-06	0	0	2.29269e-06	3.06934e-05	0	5.36486e-08	0	0	0.910248	0.156775	9.83191	0	0	0	0	0	0	0	0
setup	0	2023-06-11 23:00:00	ANGA	19	3034.25	1	0.793873	0	7.88836e-07	2.30973e-06	0	0	4.87883e-07	0	0	0.000178028	2.58056e-06	0	-5.29346e-05	4.95117e-05	0.000375768	1.68112e-05	0	0.00044209	6.03682e-06	6.0967e-05	0.000670358	0.459203	0.0207668	0	0.0838306	0.0838306	0.0044743	0	0	0.0044743	0.104597	0.220128	10.6	3.85896e-07	0.0134386	0.0127741	0.0111552	0	0	0.00139984	0.00268552	0	5.82449e-06	0	0	8.60187e-07	3.56513e-05	0	6.41883e-08	0	0	0.906167	0.145852	8.83738	0	0	0	0	0	0	0	0
setup	0	2023-06-12 23:00:00	ANGA	19	3050.96	1	0.819523	0	0	0	0	0	0	0	0	9.72419e-05	0	0	-4.91417e-05	4.40928e-05	0.000379315	1.69036e-05	0	0.000440312	4.59881e-06	3.27007e-05	0.000547975	0.458632	0.0181827	0	0.083943	0.083943	0.00446295	0	0	0.00446295	0.102126	0.192737	10.6	2.17437e-06	0.0134763	0.0128159	0.0111975	0	0	0.00137081	0.00258412	0	5.81659e-06	0	0	0	3.25565e-05	0	6.08299e-08	0	0	0.918666	0.134399	7.84834	0	0	0	0	0	0	0	0
setup	0	2023-06-13 23:00:00	ANGA	19	3067.72	1	0.844011	0	0	0	0	0	0	0	0	1.98987e-05	0	0	-4.89804e-05	3.87099e-05	0.000380976	1.69223e-05	0	0.000436609	1.32658e-07	6.6329e-06	0.000437601	0.457983	0.0157156	0	0.0838838	0.0838838	0.00445165	0	0	0.00445165	0.0995995	0.166586	10.6	0	0.0134763	0.0128249	0.0112113	0	0	0.0013375	0.00246709	0	5.80183e-06	0	0	0	3.32473e-05	0	6.4966e-08	0	0	0.925134	0.122397	6.87474	0	0	0	0	0	0	0	0
setup	0	2023-06-14 23:00:00	ANGA	19	3084.53	1	0.867185	0	0	0	0	0	0	0	0	0	0	0	-0.000108269	3.35385e-05	0.000382061	1.69496e-05	0	0.00043255	0	0	0.00034001	0.456499	0.0133808	0	0.0836554	0.0836554	0.00443374	0	0	0.00443374	0.0970362	0.141837	10.6	0	0.0134763	0.0128599	0.011242	0	0	0.00130597	0.00233478	0	5.78715e-06	0	0	0	3.14642e-05	0	6.48815e-08	0	0	0.916953	0.109906	5.92696	0	0	0	0	0	0	0	0
setup	0	2023-06-15 23:00:00	ANGA	19	3101.39	1	0.8889	0	0	0	0	0	0	0	0	0	0	0	-0.000184585	2.86137e-05	0.00038275	1.69677e-05	0	0.000428331	0	0	0.000256488	0.453954	0.0111931	0	0.0832658	0.0832658	0.00440733	0	0	0.00440733	0.094459	0.118647	10.6	0	0.0134763	0.0129201	0.0112946	0	0	0.00127643	0.0021877	0	5.76386e-06	0	0	0	2.94821e-05	0	6.47972e-08	0	0	0.956431	0.097291	5.0156	0	0	0	0	0	0	0	0
setup	0	2023-06-16 23:00:00	ANGA	19	3118.3	1	0.909014	0	0	0	0	0	0	0	0	0	0	0	-0.000247571	2.39598e-05	0.000383174	1.69691e-05	0	0.000424103	0	0	0.000186827	0.450502	0.00916663	0	0.0827433	0.0827433	0.00437394	0	0	0.00437394	0.09191	0.0971663	10.6	0	0.0134763	0.0130017	0.0113661	0	0	0.00124905	0.00202651	0	5.72953e-06	0	0	0	2.73099e-05	0	6.4713e-08	0	0	0.942939	0.0846709	4.15127	0	0	0	0	0	0	0	0
setup	0	2023-06-17 23:00:00	ANGA	19	3135.26	1	0.927397	0	0	0	0	0	0	0	0	0	0	0	-0.000298154	1.96404e-05	0.000383446	1.69682e-05	0	0.000420055	0	0	0.000130088	0.446288	0.00731459	0	0.082114	0.082114	0.00433499	0	0	0.00433499	0.0894286	0.0775347	10.6	0	0.0134763	0.0131013	0.0114533	0	0	0.00122403	0.00185203	0	5.68613e-06	0	0	0	2.49586e-05	0	6.46288e-08	0	0	0.941464	0.0719735	3.34444	0	0	0	0	0	0	0	0
setup	0	2023-06-18 23:00:00	ANGA	19	3152.25	1	0.943926	0	0	0	0	0	0	0	0	0	0	0	-0.000337027	1.56757e-05	0.000383481	1.69584e-05	0	0.000416115	0	0	8.57054e-05	0.441445	0.00564937	0	0.0814026	0.0814026	0.0042918	0	0	0.0042918	0.087052	0.0598833	10.6	0	0.0134763	0.0132158	0.0115535	0	0	0.00120152	0.00166523	0	5.63549e-06	0	0	0	2.24411e-05	0	6.45448e-08	0	0	0.969545	0.0593735	2.6052	0	0	0	0	0	0	0	0
setup	0	2023-06-19 23:00:00	ANGA	19	3169.29	1	0.958489	0	0	0	0	0	0	0	0	0	0	0	-0.000364901	1.21041e-05	0.000383356	1.69389e-05	0	0.000412399	0	0	5.28341e-05	0.436105	0.00418218	0	0.0806324	0.0806324	0.00424561	0	0	0.00424561	0.0848145	0.0443312	10.6	0	0.0134763	0.0133421	0.011664	0	0	0.00118168	0.00146718	0	5.57934e-06	0	0	0	1.97723e-05	0	6.44609e-08	0	0	0.955316	0.0473014	1.94306	0	0	0	0	0	0	0	0
setup	0	2023-06-20 23:00:00	ANGA	19	3186.36	1	0.970986	0	0	0	0	0	0	0	0	0	0	0	-0.000383375	8.95327e-06	0.000383054	1.69091e-05	0	0.000408917	0	0	2.99229e-05	0.430383	0.00292305	0	0.079823	0.079823	0.00419748	0	0	0.00419748	0.0827461	0.0309844	10.6	0	0.0134763	0.0134774	0.0117824	0	0	0.00116465	0.00125913	0	5.51929e-06	0	0	0	1.69684e-05	0	6.43771e-08	0	0	0.948822	0.0361305	1.36673	0	0	0	0	0	0	0	0
setup	0	2023-06-21 23:00:00	ANGA	19	3203.47	1	0.981333	0	0	0	0	0	0	0	0	0	0	0	-0.000394264	6.25221e-06	0.000382645	1.68781e-05	0	0.000405776	0	0	1.50967e-05	0.424375	0.00188066	0	0.0789907	0.0789907	0.00414825	0	0	0.00414825	0.0808713	0.0199349	10.6	0	0.0134763	0.0136194	0.0119068	0	0	0.00115054	0.0010424	0	5.45672e-06	0	0	0	1.40477e-05	0	6.42934e-08	0	0	0.956037	0.0260495	0.883952	0	0	0	0	0	0	0	0
setup	0	2023-06-22 23:00:00	ANGA	19	3220.6	1	0.989457	0	0	0	0	0	0	0	0	0	0	0	-0.000399566	4.01714e-06	0.000382084	1.68395e-05	0	0.00040294	0	0	6.39547e-06	0.418156	0.00106223	0	0.078147	0.078147	0.00409855	0	0	0.00409855	0.0792093	0.0112596	10.6	0	0.0134763	0.0137664	0.0120355	0	0	0.00113945	0.000818428	0	5.39272e-06	0	0	0	1.10294e-05	0	6.42098e-08	0	0	0.958186	0.0171242	0.501318	0	0	0	0	0	0	0	0
setup	0	2023-06-23 23:00:00	ANGA	19	3237.77	1	0.9953	0	0	0	0	0	0	0	0	0	0	0	-0.000400926	2.26498e-06	0.000381404	1.67983e-05	0	0.000400467	0	0	2.07416e-06	0.411778	0.000473491	0	0.0773005	0.0773005	0.00404883	0	0	0.00404883	0.077774	0.00501901	10.6	0	0.0134763	0.0139172	0.0121674	0	0	0.00113145	0.000588736	0	5.32812e-06	0	0	0	7.934e-06	0	6.41264e-08	0	0	0.973936	0.00981523	0.224121	0	0	0	0	0	0	0	0
setup	0	2023-06-24 23:00:00	ANGA	19	3254.95	1	0.998823	0	0	0	0	0	0	0	0	0	0	0	-0.000400065	1.00902e-06	0.000380539	1.67549e-05	0	0.000398303	0	0	4.14541e-07	0.405272	0.000118582	0	0.0764557	0.0764557	0.00399932	0	0	0.00399932	0.0765743	0.00125697	10.6	0	0.0134763	0.0140709	0.0123021	0	0	0.0011266	0.000354909	0	5.26347e-06	0	0	0	4.78288e-06	0	6.4043e-08	0	0	0.958717	0.0043967	0.0562283	0	0	0	0	0	0	0	0
setup	0	2023-06-25 23:00:00	ANGA	19	3272.16	1	1	0	0	0	0	0	0	0	0	0	0	0	-0.000398277	2.52092e-07	0.00037963	1.66976e-05	0	0.00039658	0	0	2.62314e-08	0.398651	0	0	0.0756146	0.0756146	0.00395012	0	0	0.00395012	0.0756146	0	0	0	0	0.0142275	0.0124391	0	0	0.00112494	0.000118582	0	5.19911e-06	0	0	0	1.59805e-06	0	6.39597e-08	0	0	0.950468	0	0	0	0	0	0	0	0	0	0
setup	0	2023-06-26 23:00:00	ANGA	19	3289.39	1	1	0	0	0	0	0	0	0	0	0	0	0	-0.00039658	0	0.000378725	1.66401e-05	0	0.000395365	0	0	0	0.391908	0	0	0.0747771	0.0747771	0.00390123	0	0	0.00390123	0.0747771	0	0	0	0	0.0143868	0.0125786	0	0	0.00112488	0	0	5.13516e-06	0	0	0	0	0	6.38766e-08	0	0	0.942807	0	0	0	0	0	0	0	0	0	0
setup	0	2023-06-27 23:00:00	ANGA	19	3306.64	1	1	0	0	0	0	0	0	0	0	0	0	0	-0.000395365	0	0.000377603	1.65777e-05	0	0.000394181	0	0	0	0.385034	0	0	0.0739421	0.0739421	0.0038526	0	0	0.0038526	0.0739421	0	0	0	0	0.0145493	0.0127208	0	0	0.00112481	0	0	5.0716e-06	0	0	0	0	0	6.37935e-08	0	0	0.934919	0	0	0	0	0	0	0	0	0	0
setup	0	2023-06-28 23:00:00	ANGA	19	3323.9	1	1	0	0	0	0	0	0	0	0	0	0	0	-0.000394181	0	0.000376365	1.65105e-05	0	0.000392875	0	0	0	0.378022	0	0	0.0731095	0.0731095	0.00380421	0	0	0.00380421	0.0731095	0	0	0	0	0.014715	0.0128659	0	0	0.00112475	0	0	5.00838e-06	0	0	0	0	0	6.37106e-08	0	0	0.926613	0	0	0	0	0	0	0	0	0	0
setup	0	2023-06-29 23:00:00	ANGA	19	3341.18	1	1	0	0	0	0	0	0	0	0	0	0	0	-0.000392875	0	0.000375008	1.64397e-05	0	0.000391448	0	0	0	0.370873	0	0	0.0722796	0.0722796	0.00375608	0	0	0.00375608	0.0722796	0	0	0	0	0.0148839	0.0130138	0	0	0.00112468	0	0	4.94547e-06	0	0	0	0	0	6.36278e-08	0	0	0.92495	0	0	0	0	0	0	0	0	0	0
setup	0	2023-06-30 23:00:00	ANGA	19	3358.46	1	1	0	0	0	0	0	0	0	0	0	0	0	-0.000391448	0	0.000373499	1.63594e-05	0	0.000389859	0	0	0	0.363583	0	0	0.0714527	0.0714527	0.00370823	0	0	0.00370823	0.0714527	0	0	0	0	0.0150562	0.0131646	0	0	0.00112462	0	0	4.88291e-06	0	0	0	0	0	6.35451e-08	0	0	0.928526	0	0	0	0	0	0	0	0	0	0
setup	0	2023-07-01 23:00:00	ANGA	-1	17.2912	0	1	0	0	0	0	0	0	0	0	0	0	0	-0.000389859	0	0.000371911	1.62802e-05	0	0.000388191	0	0	0	0.356152	0	0	0.0706291	0.0706291	0.00366066	0	0	0.00366066	0.0706291	0	0	0	0	0.0152317	0.0133183	0	0	0.00112456	0	0	4.82069e-06	0	0	0	0	0	6.34625e-08	0	0	0.987424	0	0	0	0	0	0	0	0	0	0
setup	0	2023-07-02 23:00:00	ANGA	-1	34.5858	0	1	0	0	0	0	0	0	0	0	0	0	0	-0.000388191	0	0.000370155	1.61929e-05	0	0.000386348	0	0	0	0.348578	0	0	0.069809	0.069809	0.0036134	0	0	0.0036134	0.069809	0	0	0	0	0.0154107	0.013475	0	0	0.00112449	0	0	4.75886e-06	0	0	0	0	0	6.338e-08	0	0	0.982539	0	0	0	0	0	0	0	0	0	0
setup	0	2023-07-03 23:00:00	ANGA	-1	51.8804	0	1	0	0	0	0	0	0	0	0	0	0	0	-0.000386348	0	0.000368244	1.6097e-05	0	0.000384341	0	0	0	0.340861	0	0	0.0689927	0.0689927	0.00356645	0	0	0.00356645	0.0689927	0	0	0	0	0.015593	0.0136346	0	0	0.00112443	0	0	4.69742e-06	0	0	0	0	0	6.32976e-08	0	0	0.981788	0	0	0	0	0	0	0	0	0	0
setup	0	2023-07-04 23:00:00	ANGA	-1	69.1728	0	1	0	0	0	0	0	0	0	0	0	0	0	-0.000384341	0	0.000366194	1.59951e-05	0	0.000382189	0	0	0	0.332999	0	0	0.0681805	0.0681805	0.00351983	0	0	0.00351983	0.0681805	0	0	0	0	0.0157787	0.0137972	0	0	0.00112437	0	0	4.63638e-06	0	0	0	0	0	6.32153e-08	0	0	0.975583	0	0	0	0	0	0	0	0	0	0
setup	0	2023-07-05 23:00:00	ANGA	-1	86.4602	0	1	0	0	0	0	0	0	0	0	0	0	0	-0.000382189	0	0.00036399	1.58871e-05	0	0.000379877	0	0	0	0.324992	0	0	0.0673729	0.0673729	0.00347356	0	0	0.00347356	0.0673729	0	0	0	0	0.0159679	0.0139628	0	0	0.0011243	0	0	4.57578e-06	0	0	0	0	0	6.31331e-08	0	0	0.967696	0	0	0	0	0	0	0	0	0	0
setup	0	2023-07-06 23:00:00	ANGA	-1	103.74	0	1	0	0	0	0	0	0	0	0	0	0	0	-0.000379877	0	0.000361622	1.57723e-05	0	0.000377394	0	0	0	0.31684	0	0	0.0665701	0.0665701	0.00342766	0	0	0.00342766	0.0665701	0	0	0	0	0.0161604	0.0141314	0	0	0.00112424	0	0	4.51563e-06	0	0	0	0	0	6.3051e-08	0	0	0.95952	0	0	0	0	0	0	0	0	0	0
setup	0	2023-07-07 23:00:00	ANGA	-1	121.009	0	1	0	0	0	0	0	0	0	0	0	0	0	-0.000377394	0	0.000359085	1.56507e-05	0	0.000374736	0	0	0	0.308544	0	0	0.0657726	0.0657726	0.00338213	0	0	0.00338213	0.0657726	0	0	0	0	0.0163564	0.014303	0	0	0.00112418	0	0	4.45595e-06	0	0	0	0	0	6.29691e-08	0	0	0.953309	0	0	0	0	0	0	0	0	0	0
setup	0	2023-07-08 23:00:00	ANGA	-1	138.265	0	1	0	0	0	0	0	0	0	0	0	0	0	-0.000374736	0	0.000356364	1.55207e-05	0	0.000371885	0	0	0	0.300103	0	0	0.0649805	0.0649805	0.00333701	0	0	0.00333701	0.0649805	0	0	0	0	0.0165558	0.0144776	0	0	0.00112412	0	0	4.39677e-06	0	0	0	0	0	6.28872e-08	0	0	0.945638	0	0	0	0	0	0	0	0	0	0
setup	0	2023-07-09 23:00:00	ANGA	-1	155.506	0	1	0	0	0	0	0	0	0	0	0	0	0	-0.000371885	0	0.000353468	1.53834e-05	0	0.000368851	0	0	0	0.291519	0	0	0.0641945	0.0641945	0.0032923	0	0	0.0032923	0.0641945	0	0	0	0	0.0167585	0.0146551	0	0	0.00112405	0	0	4.33811e-06	0	0	0	0	0	6.28055e-08	0	0	0.950082	0	0	0	0	0	0	0	0	0	0
setup	0	2023-07-10 23:00:00	ANGA	-1	172.727	0	1	0	0	0	0	0	0	0	0	0	0	0	-0.000368851	0	0.000350342	1.52355e-05	0	0.000365578	0	0	0	0.282795	0	0	0.0634148	0.0634148	0.00324804	0	0	0.00324804	0.0634148	0	0	0	0	0.0169645	0.0148355	0	0	0.00112399	0	0	4.28e-06	0	0	0	0	0	6.27238e-08	0	0	0.961431	0	0	0	0	0	0	0	0	0	0
setup	0	2023-07-11 23:00:00	ANGA	-1	189.927	0	1	0	0	0	0	0	0	0	0	0	0	0	-0.000365578	0	0.000347036	1.50857e-05	0	0.000362121	0	0	0	0.273932	0	0	0.062642	0.062642	0.00320423	0	0	0.00320423	0.062642	0	0	0	0	0.0171738	0.0150188	0	0	0.00112393	0	0	4.22245e-06	0	0	0	0	0	6.26423e-08	0	0	0.976969	0	0	0	0	0	0	0	0	0	0
setup	0	2023-07-12 23:00:00	ANGA	-1	207.103	0	1	0	0	0	0	0	0	0	0	0	0	0	-0.000362121	0	0.000343511	1.49256e-05	0	0.000358437	0	0	0	0.264934	0	0	0.0618764	0.0618764	0.00316091	0	0	0.00316091	0.0618764	0	0	0	0	0.0173863	0.0152049	0	0	0.00112386	0	0	4.1655e-06	0	0	0	0	0	6.25608e-08	0	0	0.963452	0	0	0	0	0	0	0	0	0	0
setup	0	2023-07-13 23:00:00	ANGA	-1	224.253	0	1	0	0	0	0	0	0	0	0	0	0	0	-0.000358437	0	0.000339739	1.47505e-05	0	0.00035449	0	0	0	0.255804	0	0	0.0611186	0.0611186	0.00311809	0	0	0.00311809	0.0611186	0	0	0	0	0.0176019	0.0153936	0	0	0.0011238	0	0	4.10918e-06	0	0	0	0	0	6.24795e-08	0	0	0.9782	0	0	0	0	0	0	0	0	0	0
setup	0	2023-07-14 23:00:00	ANGA	-1	241.372	0	1	0	0	0	0	0	0	0	0	0	0	0	-0.00035449	0	0.000335702	1.4565e-05	0	0.000350267	0	0	0	0.246548	0	0	0.0603691	0.0603691	0.00307579	0	0	0.00307579	0.0603691	0	0	0	0	0.0178204	0.015585	0	0	0.00112374	0	0	4.05351e-06	0	0	0	0	0	6.23983e-08	0	0	0.953083	0	0	0	0	0	0	0	0	0	0
setup	0	2023-07-15 23:00:00	ANGA	-1	258.459	0	1	0	0	0	0	0	0	0	0	0	0	0	-0.000350267	0	0.000331408	1.43681e-05	0	0.000345776	0	0	0	0.237173	0	0	0.0596285	0.0596285	0.00303406	0	0	0.00303406	0.0596285	0	0	0	0	0.0180418	0.0157788	0	0	0.00112368	0	0	3.99853e-06	0	0	0	0	0	6.23172e-08	0	0	0.943543	0	0	0	0	0	0	0	0	0	0
setup	0	2023-07-16 23:00:00	ANGA	-1	275.511	0	1	0	0	0	0	0	0	0	0	0	0	0	-0.000345776	0	0.000326831	1.41603e-05	0	0.000340991	0	0	0	0.227685	0	0	0.0588973	0.0588973	0.00299291	0	0	0.00299291	0.0588973	0	0	0	0	0.0182658	0.015975	0	0	0.00112362	0	0	3.94428e-06	0	0	0	0	0	6.22361e-08	0	0	0.934143	0	0	0	0	0	0	0	0	0	0
setup	0	2023-07-17 23:00:00	ANGA	-1	292.524	0	1	0	0	0	0	0	0	0	0	0	0	0	-0.000340991	0	0.000321951	1.394e-05	0	0.000335891	0	0	0	0.218094	0	0	0.0581762	0.0581762	0.00295238	0	0	0.00295238	0.0581762	0	0	0	0	0.0184922	0.0161733	0	0	0.00112355	0	0	3.89078e-06	0	0	0	0	0	6.21552e-08	0	0	0.92487	0	0	0	0	0	0	0	0	0	0
setup	0	2023-07-18 23:00:00	ANGA	-1	309.498	0	1	0	0	0	0	0	0	0	0	0	0	0	-0.000335891	0	0.000316755	1.37059e-05	0	0.000330461	0	0	0	0.20841	0	0	0.0574658	0.0574658	0.00291249	0	0	0.00291249	0.0574658	0	0	0	0	0.0187208	0.0163735	0	0	0.00112349	0	0	3.83809e-06	0	0	0	0	0	6.20744e-08	0	0	0.93955	0	0	0	0	0	0	0	0	0	0
setup	0	2023-07-19 23:00:00	ANGA	-1	326.427	0	1	0	0	0	0	0	0	0	0	0	0	0	-0.000330461	0	0.00031119	1.34567e-05	0	0.000324647	0	0	0	0.198645	0	0	0.0567669	0.0567669	0.00287328	0	0	0.00287328	0.0567669	0	0	0	0	0.0189513	0.0165753	0	0	0.00112343	0	0	3.78623e-06	0	0	0	0	0	6.19937e-08	0	0	0.974755	0	0	0	0	0	0	0	0	0	0
setup	0	2023-07-20 23:00:00	ANGA	-1	343.31	0	1	0	0	0	0	0	0	0	0	0	0	0	-0.000324647	0	0.000305271	1.31957e-05	0	0.000318467	0	0	0	0.188813	0	0	0.0560802	0.0560802	0.00283479	0	0	0.00283479	0.0560802	0	0	0	0	0.0191833	0.0167785	0	0	0.00112337	0	0	3.73526e-06	0	0	0	0	0	6.19132e-08	0	0	0.967022	0	0	0	0	0	0	0	0	0	0
setup	0	2023-07-21 23:00:00	ANGA	-1	360.146	0	1	0	0	0	0	0	0	0	0	0	0	0	-0.000318467	0	0.000298974	1.29136e-05	0	0.000311887	0	0	0	0.17893	0	0	0.0554065	0.0554065	0.00279705	0	0	0.00279705	0.0554065	0	0	0	0	0.0194165	0.0169828	0	0	0.00112331	0	0	3.68522e-06	0	0	0	0	0	6.18327e-08	0	0	0.969715	0	0	0	0	0	0	0	0	0	0
setup	0	2023-07-22 23:00:00	ANGA	-1	376.93	0	1	0	0	0	0	0	0	0	0	0	0	0	-0.000311887	0	0.000292232	1.26157e-05	0	0.000304847	0	0	0	0.169014	0	0	0.0547468	0.0547468	0.00276011	0	0	0.00276011	0.0547468	0	0	0	0	0.0196505	0.0171877	0	0	0.00112324	0	0	3.63616e-06	0	0	0	0	0	6.17523e-08	0	0	0.967986	0	0	0	0	0	0	0	0	0	0
setup	0	2023-07-23 23:00:00	ANGA	204	393.66	0.00246906	1	0	0	0	0	0	0	0	0	0	0	0	-0.000304847	0	0.000285044	1.22988e-05	0	0.000297343	0	0	0	0.159582	0.000176421	0	0.0539254	0.0539254	0.002724	0	0	0.002724	0.0541018	0.00187006	10.6	0	0.0196505	0.0198856	0.0173929	0	0	0.00112318	0	0	3.58814e-06	0	0	0	0	0	6.1672e-08	0	0	0.961784	0	0	0	0	0	0	0	0	0	0
setup	0	2023-07-24 23:00:00	ANGA	204	410.331	0.00311732	0	0	0	0	0	0	0	0	0	0	0	0	-0.000297343	3.98895e-07	0.000276797	1.19762e-05	0	0.000289172	0	0	0	0.149765	0.000222741	0	0.0532501	0.0532501	0.00268869	0	0	0.00268869	0.0534729	0.00236106	10.6	0	0.0196994	0.0201204	0.0175984	0	0	0.00112312	0	0	3.5412e-06	0	0	0	0	0	6.15918e-08	0	0	0.955445	0	0.000232253	0	0	0	0	0	0	0	0
setup	0	2023-07-25 23:00:00	ANGA	204	426.944	0.00391767	0	0	0	0	0	0	0	0	0	0	0	0	-0.000289172	4.90852e-07	0.000268524	1.16221e-05	0	0.000280637	0	0	1.86082e-10	0.140007	0.000279928	0	0.0525812	0.0525812	0.00265431	0	0	0.00265431	0.0528611	0.00296724	10.6	0	0.0197854	0.0203545	0.0178032	0	0	0.00112306	0	0	3.4953e-06	0	0	0	0	0	6.15118e-08	0	0	0.956999	4.29324e-06	0.000366821	0	0	0	0	0	0	0	0
setup	0	2023-07-26 23:00:00	ANGA	204	443.494	0.00490083	0	0	0	0	0	0	0	0	0	0	0	0	-0.000280637	6.00426e-07	0.000259692	1.12448e-05	0	0.000271537	0	0	3.65967e-10	0.13033	0.000350177	0	0.0519173	0.0519173	0.00262089	0	0	0.00262089	0.0522675	0.00371188	10.6	0	0.0198996	0.0205873	0.0180068	0	0	0.001123	0	0	3.4506e-06	0	0	0	0	0	6.14318e-08	0	0	0.959664	6.73493e-06	0.000574033	0	0	0	0	0	0	0	0
setup	0	2023-07-27 23:00:00	ANGA	204	459.98	0.00610247	0	0	0	0	0	0	0	0	0	0	0	0	-0.000271536	7.29204e-07	0.000250268	1.08462e-05	0	0.000261844	0	0	7.09759e-10	0.120769	0.000436038	0	0.051257	0.051257	0.00258848	0	0	0.00258848	0.0516931	0.004622	10.6	0	0.020035	0.020818	0.0182085	0	0	0.00112294	0	0	3.40715e-06	0	0	0	0	0	6.13519e-08	0	0	0.95583	1.04675e-05	0.00089004	0	0	0	0	0	0	0	0
setup	0	2023-07-28 23:00:00	ANGA	204	476.4	0.00756375	0	0	0	0	0	0	0	0	0	0	0	0	-0.000261843	8.79449e-07	0.000240264	1.04256e-05	0	0.000251569	0	0	1.35701e-09	0.111357	0.00054045	0	0.0505987	0.0505987	0.00255715	0	0	0.00255715	0.0511392	0.00572877	10.6	0	0.0201863	0.0210459	0.0184077	0	0	0.00112287	0	0	3.36503e-06	0	0	0	0	0	6.12722e-08	0	0	0.989556	1.61146e-05	0.00136733	0	0	0	0	0	0	0	0
setup	0	2023-07-29 23:00:00	ANGA	204	492.75	0.00933176	0	0	0	0	0	0	0	0	0	0	0	0	-0.000251566	1.05169e-06	0.000229621	9.98145e-06	0	0.000240654	0	0	2.55855e-09	0.102133	0.000666779	0	0.0499402	0.0499402	0.00252693	0	0	0.00252693	0.050607	0.00706786	10.6	0	0.0203491	0.0212701	0.0186036	0	0	0.00112281	0	0	3.32429e-06	0	0	0	0	0	6.11925e-08	0	0	0.972797	2.45805e-05	0.00208125	0	0	0	0	0	0	0	0
setup	0	2023-07-30 23:00:00	ANGA	204	509.029	0.01146	0	0	0	0	0	0	0	0	0	0	0	0	-0.00024065	1.24658e-06	0.000218348	9.50922e-06	0	0.000229104	0	0	4.75523e-09	0.0931336	0.000818848	0	0.0492791	0.0492791	0.00249789	0	0	0.00249789	0.050098	0.00867979	10.6	0	0.0205202	0.0214898	0.0187954	0	0	0.00112275	0	0	3.28501e-06	0	0	0	0	0	6.1113e-08	0	0	0.96434	3.71322e-05	0.00313883	0	0	0	0	0	0	0	0
setup	0	2023-07-31 23:00:00	ANGA	204	525.234	0.0140088	0	0	0	0	0	0	0	0	0	0	0	0	-0.000229095	1.46389e-06	0.000206457	9.01383e-06	0	0.000216935	0	0	8.71239e-09	0.0844018	0.00100097	0	0.0486125	0.0486125	0.00247008	0	0	0.00247008	0.0496134	0.0106103	10.6	0	0.0206966	0.021704	0.0189823	0	0	0.00112269	0	0	3.24725e-06	0	0	0	0	0	6.10335e-08	0	0	0.9564	5.55591e-05	0.0046903	0	0	0	0	0	0	0	0
setup	0	2023-08-01 23:00:00	ANGA	204	541.361	0.0170456	0	0	0	0	0	0	0	0	0	0	0	0	-0.00021692	1.6982e-06	0.00019394	8.49315e-06	0	0.000204132	0	0	1.58339e-08	0.0759783	0.00121796	0	0.0479368	0.0479368	0.00244356	0	0	0.00244356	0.0491547	0.0129103	10.6	0	0.0208761	0.0219117	0.0191634	0	0	0.00112263	0	0	3.2111e-06	0	0	0	0	0	6.09542e-08	0	0	0.963126	8.27948e-05	0.00694421	0	0	0	0	0	0	0	0
setup	0	2023-08-02 23:00:00	ANGA	204	557.41	0.0206452	0	0	0	0	0	0	0	0	0	0	0	0	-0.000204104	1.95154e-06	0.000180883	7.95459e-06	0	0.000190789	0	0	2.82046e-08	0.0679062	0.00147516	0	0.047248	0.047248	0.00241838	0	0	0.00241838	0.0487231	0.0156366	10.6	0	0.0210566	0.0221119	0.0193377	0	0	0.00112257	0	0	3.17663e-06	0	0	0	0	0	6.08749e-08	0	0	0.962077	0.00012158	0.0101868	0	0	0	0	0	0	0	0
setup	0	2023-08-03 23:00:00	ANGA	204	573.378	0.0248897	0	0	0	0	0	0	0	0	0	0	0	0	-0.000190741	2.21569e-06	0.000167317	7.39498e-06	0	0.000176928	0	0	4.95155e-08	0.0602258	0.00177844	0	0.0465415	0.0465415	0.0023946	0	0	0.0023946	0.0483199	0.0188515	10.6	0	0.0212366	0.0223035	0.0195044	0	0	0.00112251	0	0	3.1439e-06	0	0	0	0	0	6.07958e-08	0	0	0.956908	0.000176796	0.014806	0	0	0	0	0	0	0	0
setup	0	2023-08-04 23:00:00	ANGA	204	589.26	0.0298687	0	0	0	0	0	0	0	0	0	0	0	0	-0.000176845	2.48333e-06	0.000153355	6.81917e-06	0	0.000162657	0	0	8.57041e-08	0.0529773	0.0021342	0	0.045812	0.045812	0.00237226	0	0	0.00237226	0.0479462	0.0226225	10.6	0	0.0214144	0.0224854	0.0196625	0	0	0.00112245	0	0	3.11298e-06	0	0	0	0	0	6.07168e-08	0	0	0.950018	0.000254661	0.0213222	0	0	0	0	0	0	0	0
setup	0	2023-08-05 23:00:00	ANGA	204	605.056	0.0356787	0	0	0	0	0	0	0	0	0	0	0	0	-0.000162515	2.74504e-06	0.000139126	6.23192e-06	0	0.000148103	0	0	1.46245e-07	0.0461975	0.00254934	0	0.0450535	0.0450535	0.00235139	0	0	0.00235139	0.0476028	0.027023	10.6	0	0.0215888	0.0226568	0.0198112	0	0	0.00112239	0	0	3.08393e-06	0	0	0	0	0	6.06378e-08	0	0	0.942318	0.000363344	0.0304239	0	0	0	0	0	0	0	0
setup	0	2023-08-06 23:00:00	ANGA	204	620.763	0.0424224	0	0	0	0	0	0	0	0	0	0	0	0	-0.000147864	2.98979e-06	0.000124796	5.63922e-06	0	0.000133425	0	0	2.46023e-07	0.0399187	0.00303119	0	0.0442593	0.0442593	0.00233204	0	0	0.00233204	0.0472905	0.0321307	10.6	0	0.0217586	0.0228166	0.0199496	0	0	0.00112233	0	0	3.05681e-06	0	0	0	0	0	6.0559e-08	0	0	0.936619	0.000513497	0.0430118	0	0	0	0	0	0	0	0
setup	0	2023-08-07 23:00:00	ANGA	204	636.379	0.0502084	0	0	0	0	0	0	0	0	0	0	0	0	-0.000133029	3.20569e-06	0.000110558	5.04809e-06	0	0.000118812	0	0	4.08009e-07	0.0341683	0.00358753	0	0.0434222	0.0434222	0.00231421	0	0	0.00231421	0.0470097	0.0380278	10.6	0	0.0219227	0.0229642	0.0200772	0	0	0.00112227	0	0	3.03165e-06	0	0	0	0	0	6.04803e-08	0	0	0.929873	0.000718801	0.0602492	0	0	0	0	0	0	0	0
setup	0	2023-08-08 23:00:00	ANGA	204	651.901	0.0591498	0	0	0	0	0	0	0	0	0	0	0	0	-0.000118164	3.38117e-06	9.66409e-05	4.46793e-06	0	0.00010449	0	0	6.67005e-07	0.0289669	0.00422641	0	0.042534	0.042534	0.00229791	0	0	0.00229791	0.0467604	0.0448	10.6	0	0.0220801	0.0230988	0.0201933	0	0	0.00112221	0	0	3.00847e-06	0	0	0	0	0	6.04017e-08	0	0	0.999609	0.000996521	0.0836189	0	0	0	0	0	0	0	0
setup	0	2023-08-09 23:00:00	ANGA	204	667.326	0.0693625	0	0	0	0	0	0	0	0	0	0	0	0	-0.000103465	3.50523e-06	8.32694e-05	3.90521e-06	0	9.06798e-05	0	0	1.05637e-06	0.0243274	0.00495614	0	0.0415861	0.0415861	0.00228314	0	0	0.00228314	0.0465422	0.0525351	10.6	0	0.0222301	0.02322	0.0202975	0	0	0.00112215	0	0	2.98729e-06	0	0	0	0	0	6.03231e-08	0	0	0.987292	0.00134338	0.114987	0	0	0	0	0	0	0	0
setup	0	2023-08-10 23:00:00	ANGA	204	682.653	0.0809639	0	0	0	0	0	0	0	0	0	0	0	0	-8.91001e-05	3.57106e-06	7.06934e-05	3.37292e-06	0	7.76373e-05	0	0	1.62927e-06	0.0202557	0.00578509	0	0.0405695	0.0405695	0.00226987	0	0	0.00226987	0.0463545	0.061322	10.6	0	0.0223719	0.0233274	0.0203897	0	0	0.00112209	0	0	2.96808e-06	0	0	0	0	0	6.02447e-08	0	0	0.980548	0.0017607	0.156668	0	0	0	0	0	0	0	0
setup	0	2023-08-11 23:00:00	ANGA	204	697.88	0.0940704	0	0	0	0	0	0	0	0	0	0	0	0	-7.52326e-05	3.57786e-06	5.9139e-05	2.87876e-06	0	6.55956e-05	0	0	2.48268e-06	0.0167514	0.00672159	0	0.0394746	0.0394746	0.00225806	0	0	0.00225806	0.0461962	0.0712488	10.6	0	0.0225051	0.023421	0.0204696	0	0	0.00112203	0	0	2.95083e-06	0	0	0	0	0	6.01664e-08	0	0	0.99271	0.0022852	0.211497	0	0	0	0	0	0	0	0
setup	0	2023-08-12 23:00:00	ANGA	204	713.003	0.108795	0	0	0	0	0	0	0	0	0	0	0	0	-6.19473e-05	3.52873e-06	4.87986e-05	2.43161e-06	0	5.47589e-05	0	0	3.76915e-06	0.0138124	0.00777371	0	0.0382923	0.0382923	0.00224768	0	0	0.00224768	0.046066	0.0824014	10.6	0	0.022629	0.0235006	0.0205375	0	0	0.00112197	0	0	2.93548e-06	0	0	0	0	0	6.00882e-08	0	0	0.972961	0.0029805	0.28289	0	0	0	0	0	0	0	0
setup	0	2023-08-13 23:00:00	ANGA	204	728.022	0.125245	0	0	0	0	0	0	0	0	0	0	0	0	-4.92476e-05	3.43899e-06	3.9842e-05	2.0388e-06	0	4.53198e-05	0	0	5.69594e-06	0.0114402	0.00894912	0	0.0370135	0.0370135	0.00223869	0	0	0.00223869	0.0459626	0.0948606	10.6	0	0.0227435	0.0235662	0.0205931	0	0	0.00112191	0	0	2.92198e-06	0	0	0	0	0	6.00101e-08	0	0	0.964323	0.00392938	0.374905	0	0	0	0	0	0	0	0
setup	0	2023-08-14 23:00:00	ANGA	204	742.933	0.143519	0	0	0	0	0	0	0	0	0	0	0	0	-3.70666e-05	3.33518e-06	3.24012e-05	1.71016e-06	0	3.74465e-05	0	0	8.53127e-06	0.0096465	0.0102548	0	0.0356302	0.0356302	0.00223108	0	0	0.00223108	0.045885	0.108701	10.6	0	0.0228483	0.0236176	0.0206365	0	0	0.00112185	0	0	2.91029e-06	0	0	0	0	0	5.99321e-08	0	0	0.957953	0.00514186	0.492283	0	0	0	0	0	0	0	0
setup	0	2023-08-15 23:00:00	ANGA	204	757.735	0.163701	0	0	0	0	0	0	0	0	0	0	0	0	-2.52501e-05	3.26154e-06	2.65768e-05	1.4538e-06	0	3.12922e-05	0	0	1.26097e-05	0.00846165	0.0116968	0	0.0341353	0.0341353	0.00222487	0	0	0.00222487	0.0458322	0.123987	10.6	0	0.0229431	0.0236541	0.0206672	0	0	0.00112179	0	0	2.9004e-06	0	0	0	0	0	5.98541e-08	0	0	0.950983	0.00666368	0.640469	0	0	0	0	0	0	0	0
setup	0	2023-08-16 23:00:00	ANGA	204	772.425	0.18586	0	0	0	0	0	0	0	0	0	0	0	0	-1.35269e-05	3.28444e-06	2.24407e-05	1.27917e-06	0	2.70043e-05	0	0	1.83706e-05	0.00794849	0.0132802	0	0.0325237	0.0325237	0.00222014	0	0	0.00222014	0.0458039	0.14077	10.6	0	0.0230279	0.0236747	0.0206843	0	0	0.00112173	0	0	2.89233e-06	0	0	0	0	0	5.97763e-08	0	0	0.943404	0.00855218	0.825604	0	0	0	0	0	0	0	0
setup	0	2023-08-17 23:00:00	ANGA	204	787.001	0.210048	0	0	0	0	0	0	0	0	0	2.07915e-06	0	0	-4.27202e-06	3.50314e-06	2.00473e-05	1.19835e-06	0	2.47488e-05	1.3861e-08	6.93049e-07	2.63782e-05	0.0081052	0.0150085	0	0.0307912	0.0307912	0.00221665	0	0	0.00221665	0.0457997	0.15909	10.6	0	0.0231024	0.0236779	0.02069	0	0	0.00112167	0	0	2.88618e-06	0	0	0	0	0	5.96986e-08	0	0	0.943566	0.010869	1.05447	0	0	0	0	0	0	0	0
setup	0	2023-08-18 23:00:00	ANGA	204	801.463	0.23629	0	0	0	0	0	0	0	0	0	1.17034e-05	0	0	-4.29065e-06	4.01396e-06	1.91828e-05	1.21173e-06	0	2.44085e-05	7.80225e-08	3.90112e-06	3.73217e-05	0.00865472	0.0168836	0	0.0289332	0.0289332	0.00221313	0	0	0.00221313	0.0458168	0.178966	10.6	0	0.0231663	0.0236639	0.0206959	0	0	0.00112161	0	0	2.88164e-06	0	0	0	0	0	5.9621e-08	0	0	0.943582	0.013676	1.33441	0	0	0	0	0	0	0	0
setup	0	2023-08-19 23:00:00	ANGA	204	815.806	0.264586	0	0	0	0	0	0	0	0	0	2.28551e-05	0	0	-4.65923e-06	4.77389e-06	1.89918e-05	1.2786e-06	0	2.50443e-05	1.52367e-07	7.61836e-06	5.20497e-05	0.00971005	0.0189054	0	0.0269526	0.0269526	0.00220951	0	0	0.00220951	0.045858	0.200397	10.6	0	0.0232195	0.0236278	0.0207028	0	0	0.00112155	0	0	2.87706e-06	0	0	0	0	0	5.95435e-08	0	0	0.941529	0.0170431	1.67314	0	0	0	0	0	0	0	0
setup	0	2023-08-20 23:00:00	ANGA	204	830.03	0.294906	0	0	0	0	0	0	0	0	0	3.6898e-05	0	0	-5.2887e-06	5.90947e-06	1.94749e-05	1.41145e-06	0	2.67959e-05	2.45987e-07	1.22993e-05	7.15274e-05	0.0114908	0.0210719	0	0.0248572	0.0248572	0.00220575	0	0	0.00220575	0.0459291	0.223362	10.6	0	0.0232615	0.0235602	0.0207112	0	0	0.00112149	0	0	2.87237e-06	0	0	0	0	0	5.94661e-08	0	0	0.936514	0.0210275	2.07858	0	0	0	0	0	0	0	0
setup	0	2023-08-21 23:00:00	ANGA	204	844.131	0.327187	0	0	0	0	0	0	0	0	0	5.46094e-05	0	0	-6.31584e-06	7.62872e-06	2.06886e-05	1.63347e-06	0	2.99508e-05	3.64063e-07	1.82031e-05	9.6844e-05	0.014327	0.0233784	0	0.0226592	0.0226592	0.00220174	0	0	0.00220174	0.0460376	0.247811	10.6	0	0.023291	0.0234474	0.0207219	0	0	0.00112143	0	0	2.86747e-06	0	0	0	0	0	5.93888e-08	0	0	0.931957	0.025682	2.55853	0	0	0	0	0	0	0	0
setup	0	2023-08-22 23:00:00	ANGA	204	858.11	0.361329	0	0	0	0	0	0	0	0	0	7.61549e-05	0	0	-7.9831e-06	1.02377e-05	2.26359e-05	1.97512e-06	0	3.48487e-05	5.077e-07	2.5385e-05	0.000128323	0.0186809	0.025818	0	0.0203727	0.0203727	0.0021973	0	0	0.0021973	0.0461906	0.27367	10.6	0	0.0233057	0.0232712	0.0207368	0	0	0.00112137	0	0	2.86226e-06	0	0	0	0	0	5.93116e-08	0	0	0.936924	0.0308465	3.12036	0	0	0	0	0	0	0	0
setup	0	2023-08-23 23:00:00	ANGA	204	871.962	0.397196	0	0	0	0	0	0	0	0	0	0.000102407	0	0	-1.06348e-05	1.41259e-05	2.51564e-05	2.46897e-06	0	4.17513e-05	6.82713e-07	3.41357e-05	0.000167172	0.0252546	0.0283807	0	0.0180161	0.0180161	0.00219215	0	0	0.00219215	0.0463969	0.300836	10.6	0	0.0233026	0.0230048	0.0207585	0	0	0.00112131	0	0	2.8565e-06	0	0	0	0	0	5.92345e-08	0	0	0.946566	0.0366026	3.77058	0	0	0	0	0	0	0	0
setup	0	2023-08-24 23:00:00	ANGA	204	885.687	0.434612	0	0	0	0	0	0	0	0	0	0.000134421	0	0	-1.47084e-05	1.97887e-05	2.79146e-05	3.15052e-06	0	5.08538e-05	8.96139e-07	4.48069e-05	0.000214688	0.03515	0.0310542	0	0.0156122	0.0156122	0.00218575	0	0	0.00218575	0.0466664	0.329175	10.6	0	0.023277	0.0226076	0.0207922	0	0	0.00112125	0	0	2.84979e-06	0	0	0	0	0	5.91575e-08	0	0	0.954654	0.0430197	4.51442	0	0	0	0	0	0	0	0
setup	0	2023-08-25 23:00:00	ANGA	204	899.284	0.473363	0	0	0	0	0	0	0	0	0	0.000173306	0	0	-2.07604e-05	2.77915e-05	3.03472e-05	4.05457e-06	0	6.21933e-05	1.15537e-06	5.77687e-05	0.000272055	0.0501524	0.0338231	0	0.013188	0.013188	0.00217724	0	0	0.00217724	0.0470111	0.358524	10.6	0	0.0232222	0.0220168	0.0208463	0	0	0.00112119	0	0	2.84148e-06	0	0	0	0	0	5.90806e-08	0	0	0.960868	0.0501293	5.35533	0	0	0	0	0	0	0	0
setup	0	2023-08-26 23:00:00	ANGA	204	912.75	0.513194	0	0	0	0	0	0	0	0	0	0.000220128	0	0	-2.94282e-05	3.86677e-05	3.16444e-05	5.20379e-06	0	7.5516e-05	1.46752e-06	7.33761e-05	0.000339993	0.0732895	0.0366691	0	0.0107751	0.0107751	0.00216515	0	0	0.00216515	0.0474441	0.388692	10.6	0	0.0231286	0.0211319	0.0209355	0	0	0.00112113	0	0	2.83042e-06	0	0	0	0	0	5.90038e-08	0	0	0.986573	0.0578684	6.29449	0	0	0	0	0	0	0	0
setup	0	2023-08-27 23:00:00	ANGA	204	926.083	0.553813	0	0	0	0	0	0	0	0	0	0.000276132	0	0	-4.13123e-05	5.27394e-05	3.08416e-05	6.59408e-06	0	9.0175e-05	1.84088e-06	9.20441e-05	0.000418221	0.110069	0.0395714	0	0.00840987	0.00840987	0.00214697	0	0	0.00214697	0.0479813	0.419457	10.6	0	0.0229822	0.0197821	0.0210853	0	0	0.00112107	0	0	2.81469e-06	0	0	0	0	0	5.89271e-08	0	0	0.972639	0.0659562	7.33035	0	0	0	0	0	0	0	0
setup	0	2023-08-28 23:00:00	ANGA	204	939.282	0.594895	0	0	0	0	0	0	0	0	0	0.000342017	0	0	-5.67848e-05	6.99364e-05	2.7102e-05	8.18167e-06	0	0.00010522	2.28011e-06	0.000114006	0.000507141	0.171393	0.0425069	0	0.00613397	0.00613397	0.00211852	0	0	0.00211852	0.0486408	0.450573	10.6	0	0.0227612	0.0176552	0.0213407	0	0	0.00112101	0	0	2.79106e-06	0	0	0	0	0	5.88505e-08	0	0	0.989472	0.0744383	8.45821	0	0	0	0	0	0	0	0
setup	0	2023-08-29 23:00:00	ANGA	204	952.345	0.636081	0	0	0	0	0	0	0	0	0	0.000417137	0	0	-7.57877e-05	8.93956e-05	2.01841e-05	9.88886e-06	0	0.000119469	2.78091e-06	0.000139046	0.000605115	0.281614	0.0454497	0	0.0039929	0.0039929	0.00207253	0	0	0.00207253	0.0494426	0.481767	10.6	0	0.0224306	0.01411	0.0217859	0	0	0.00112096	0	0	2.75407e-06	0	0	0	0	0	5.8774e-08	0	0	0.979247	0.0830941	9.66992	0	0	0	0	0	0	0	0
setup	0	2023-08-30 23:00:00	ANGA	204	965.271	0.676986	0	0	4.5212e-07	5.95302e-06	0	0	6.50441e-07	0	0	0.000501114	0	0	-9.7414e-05	0.000109374	1.1065e-05	1.15827e-05	0	0.000132022	6.59297e-06	0.000167038	0.000711135	0.507069	0.0483725	0	0.00204122	0.00204122	0.00199587	0	0	0.00199587	0.0504137	0.512748	10.6	0	0.0219278	0.00739736	0.0225933	0	0	0.0011209	0	0	2.69429e-06	0	0	0	0	0	5.86975e-08	0	0	0.958916	0.0917958	10.9536	0	0	0	0	0	0	0	0
setup	0	2023-08-31 23:00:00	ANGA	204	978.058	0.717203	0	0	7.97083e-07	1.06841e-05	0	0	1.14328e-06	0	0	0.000590426	0	0	-0.000119799	0.000128301	3.84175e-06	1.31193e-05	0	0.000145262	1.9418e-05	0.000196809	0.000824419	0.801416	0.0504137	0	0.00117745	0.00117745	0.00186166	0	0	0.00186166	0.0515912	0.534385	10.6	2.7552e-08	0.0213395	0.00601564	0.0241906	0	0	0.00112792	0	0	2.59463e-06	0	0	0	0	0	3.10693e-08	0	0	0.949323	0.1005	12.2937	0	0	0	0	0	0	0	0
setup	0	2023-09-01 23:00:00	ANGA	204	990.704	0.756309	0	0	5.27762e-07	7.07127e-06	0	0	7.4162e-07	0	0	0.000664715	0	0	-0.000140643	0.000139965	2.02985e-06	1.39539e-05	0	0.000155949	2.56634e-05	0.000221572	0.000928147	0.945953	0.0515912	0	0.00135606	0.00135606	0.00166778	0	0	0.00166778	0.0529472	0.546866	10.6	2.75162e-08	0.0210755	0.00596693	0.0270517	0	0	0.00114051	0	0	2.42015e-06	0	0	0	0	0	3.10289e-08	0	0	0.939094	0.109146	13.6709	0	0	0	0	0	0	0	0
setup	0	2023-09-02 23:00:00	ANGA	204	1003.21	0.793873	0	0	6.15912e-07	8.38455e-06	0	0	8.60406e-07	0	0	0.000729591	0	0	-0.000152912	0.000141792	2.2802e-06	1.40789e-05	0	0.000158151	2.07642e-05	0.000243197	0.00101813	1.12998	0.0529472	0	0.00146893	0.00146893	0.0014782	0	0	0.0014782	0.0544161	0.56124	10.6	2.75661e-08	0.0206885	0.00569683	0.0304815	0	0	0.00114882	0	0	2.16812e-06	0	0	0	0	0	3.10852e-08	0	0	0.928314	0.117645	15.0626	0	0	0	0	0	0	0	0
setup	0	2023-09-03 23:00:00	ANGA	204	1015.57	0.829466	0	0	6.52731e-07	9.00521e-06	0	0	9.03825e-07	0	0	0.000803452	0	0	-0.000154633	0.000143632	2.5235e-06	1.4182e-05	0	0.000160337	2.3626e-05	0.000267817	0.00111084	1.32906	0.0544161	0	0.00161418	0.00161418	0.00130392	0	0	0.00130392	0.0560303	0.576811	10.6	2.75303e-08	0.0202838	0.00612597	0.0345106	0	0	0.00115865	0	0	1.92166e-06	0	0	0	0	0	3.10448e-08	0	0	0.92429	0.1258	16.4435	0	0	0	0	0	0	0	0
setup	0	2023-09-04 23:00:00	ANGA	204	1027.78	0.862662	0	0	6.99933e-07	9.69949e-06	0	0	9.52166e-07	0	0	0.000871341	0	0	-0.000156293	0.000145018	2.85894e-06	1.42277e-05	0	0.000162105	2.53367e-05	0.000290447	0.00120322	1.55585	0.0560303	0	0.00174419	0.00174419	0.00114703	0	0	0.00114703	0.0577745	0.593921	10.6	2.74945e-08	0.0198759	0.00607116	0.03918	0	0	0.00116918	0	0	1.6951e-06	0	0	0	0	0	3.10044e-08	0	0	0.91271	0.133409	17.7861	0	0	0	0	0	0	0	0
setup	0	2023-09-05 23:00:00	ANGA	204	1039.85	0.893055	0	0	7.51678e-07	1.05598e-05	0	0	1.01295e-06	0	0	0.000939173	0	0	-0.000157417	0.000146163	3.07221e-06	1.42392e-05	0	0.000163474	2.72308e-05	0.000313058	0.00129439	1.80079	0.0577745	0	0.00187602	0.00187602	0.00100676	0	0	0.00100676	0.0596505	0.61241	10.6	2.74587e-08	0.0194592	0.00606554	0.044581	0	0	0.00118051	0	0	1.49114e-06	0	0	0	0	0	3.09641e-08	0	0	0.914807	0.140285	19.0614	0	0	0	0	0	0	0	0
setup	0	2023-09-06 23:00:00	ANGA	204	1051.77	0.92026	0	0	8.12229e-07	1.13001e-05	0	0	1.0601e-06	0	0	0.00100383	0	0	-0.000158222	0.000147127	3.32317e-06	1.4215e-05	0	0.000164665	2.93066e-05	0.00033461	0.00138134	2.06421	0.0596505	0	0.00200192	0.00200192	0.000882657	0	0	0.000882657	0.0616524	0.632295	10.6	2.7423e-08	0.0190379	0.00617002	0.0507829	0	0	0.0011928	0	0	1.30878e-06	0	0	0	0	0	3.09238e-08	0	0	0.916371	0.146199	20.2404	0	0	0	0	0	0	0	0
setup	0	2023-09-07 23:00:00	ANGA	204	1063.54	0.943926	0	0	8.70215e-07	1.19647e-05	0	0	1.09704e-06	0	0	0.00106566	0	0	-0.000158753	0.000148425	3.57014e-06	1.41679e-05	0	0.000166163	3.11186e-05	0.000355221	0.00146474	2.11461	0.0613415	0	0.00243423	0.00243423	0.000774708	0	0	0.000774708	0.0637757	0.65022	10.6	0	0.0186832	0.00619943	0.0578591	0	0	0.00120597	0	0	0	0	0	0	0	0	0	0	0	0.906935	0.15126	21.2948	0	0	0	0	0	0	0	0
setup	0	2023-09-08 23:00:00	ANGA	204	1075.16	0.963741	0	0	1.05934e-06	1.44405e-05	0	0	1.29299e-06	0	0	0.00111768	0	0	-0.000159143	0.000148691	4.34051e-06	1.40479e-05	0	0.000167079	3.35366e-05	0.000372561	0.00153518	1.95603	0.0627573	0	0.00323387	0.00323387	0.000689329	0	0	0.000689329	0.0659912	0.665228	10.6	0	0.0184016	0.00626043	0.0650254	0	0	0.0012199	0	0	0	0	0	0	0	0	0	0	0	0.899433	0.155288	22.1982	0	0	0	0	0	0	0	0
setup	0	2023-09-09 23:00:00	ANGA	204	1086.63	0.97944	0	0	1.33739e-06	1.78472e-05	0	0	1.5608e-06	0	0	0.00115515	0	0	-0.000157828	0.000147924	6.14012e-06	1.38524e-05	0	0.000167917	3.91871e-05	0.000385052	0.00158778	1.71524	0.0638791	0	0.00439005	0.00439005	0.000627703	0	0	0.000627703	0.0682691	0.677118	10.6	0	0.0181884	0.00683723	0.0714093	0	0	0.0012367	0	0	0	0	0	0	0	0	0	0	0	0.891921	0.15811	22.9273	0	0	0	0	0	0	0	0
setup	0	2023-09-10 23:00:00	ANGA	204	1097.95	0.990809	0	0	1.62146e-06	2.09488e-05	0	0	1.78945e-06	0	0	0.00117467	0	0	-0.000154939	0.000146418	9.2817e-06	1.36103e-05	0	0.00016931	4.60521e-05	0.000391557	0.00162099	1.47843	0.0646915	0	0.0058868	0.0058868	0.000584632	0	0	0.000584632	0.0705783	0.68573	10.6	0	0.0180458	0.00767933	0.0766703	0	0	0.00125744	0	0	0	0	0	0	0	0	0	0	0	0.88039	0.159742	23.4627	0	0	0	0	0	0	0	0
setup	0	2023-09-11 23:00:00	ANGA	204	1109.12	0.997694	0	0	1.88513e-06	2.33476e-05	0	0	1.94806e-06	0	0	0.00117665	0	0	-0.000150867	0.000144356	1.37381e-05	1.33404e-05	0	0.000171435	5.19544e-05	0.000392218	0.00163404	1.27614	0.0651834	0	0.00770465	0.00770465	0.000554344	0	0	0.000554344	0.0728881	0.690944	10.6	0	0.0179676	0.00853879	0.0808593	0	0	0.0012818	0	0	0	0	0	0	0	0	0	0	0	0.867728	0.160227	23.7899	0	0	0	0	0	0	0	0
setup	0	2023-09-12 23:00:00	ANGA	204	1120.12	1	0	0	2.10497e-06	2.48623e-05	0	0	2.02573e-06	0	0	0.00116236	0	0	-0.000145649	0.000141817	1.93925e-05	1.30559e-05	0	0.000174266	5.61965e-05	0.000387455	0.00162678	1.11145	0.0653482	0	0.009821	0.009821	0.00053262	0	0	0.00053262	0.0751692	0.692691	10.6	0	0.0179438	0.00932313	0.0841574	0	0	0.00130898	0	0	0	0	0	0	0	0	0	0	0	0.854698	0.159536	23.9	0	0	0	0	0	0	0	0
setup	0	2023-09-13 23:00:00	ANGA	204	1130.98	1	0	0	2.26802e-06	2.54545e-05	0	0	2.02453e-06	0	0	0.00113265	1.16868e-06	0	-0.000141777	0.000138668	2.60749e-05	1.27028e-05	0	0.000177446	5.85728e-05	0.000377939	0.00159881	0.991568	0.0653482	0	0.0120391	0.0120391	0.000519009	0	0	0.000519009	0.0773873	0.692691	10.6	0	0.0179438	0.0100136	0.0863643	0	0	0.00133798	0	0	0	0	0	3.8956e-07	0	0	0	0	0	0.84164	0.157592	23.9	0	0	0	0	0	0	0	0
setup	0	2023-09-14 23:00:00	ANGA	204	1141.67	1	0	0	2.31656e-06	2.48491e-05	0	0	1.92701e-06	0	0	0.0010962	3.08326e-06	0	-0.00013862	0.000135352	3.31589e-05	1.23258e-05	0	0.000180836	5.89873e-05	0.000366557	0.00156102	0.909663	0.0653482	0	0.0141798	0.0141798	0.00051313	0	0	0.00051313	0.079528	0.692691	10.6	0	0.0179438	0.0105997	0.0873538	0	0	0.00136772	0	0	0	0	0	1.02775e-06	0	0	0	0	0	0.833256	0.155073	23.9	0	0	0	0	0	0	0	0
setup	0	2023-09-15 23:00:00	ANGA	204	1152.21	1	0	0	2.30666e-06	2.35977e-05	0	0	1.78364e-06	0	0	0.00106124	4.88198e-06	0	-0.000135298	0.000132309	3.98922e-05	1.19839e-05	0	0.000184185	5.72228e-05	0.000355716	0.00152381	0.850139	0.0653482	0	0.016248	0.016248	0.000513479	0	0	0.000513479	0.0815961	0.692691	10.6	0	0.0179438	0.0110411	0.0872945	0	0	0.00139681	0	0	0	0	0	1.62733e-06	0	0	0	0	0	0.827871	0.1526	23.9	0	0	0	0	0	0	0	0
setup	0	2023-09-16 23:00:00	ANGA	204	1162.59	1	0	0	4.66455e-06	2.01094e-05	0	0	1.65902e-06	0	0	0.00102871	6.55058e-06	0	-0.00013225	0.000129563	4.60959e-05	1.16795e-05	0	0.000187338	5.44958e-05	0.00034563	0.00148727	0.804872	0.0653482	0	0.0182491	0.0182491	0.000519032	0	0	0.000519032	0.0835973	0.692691	10.6	0	0.0179438	0.0113476	0.0863605	0	0	0.0014245	0	0	0	0	0	2.18353e-06	0	0	0	0	0	0.990372	0.15014	23.9	0	0	0	0	0	0	0	0
setup	0	2023-09-17 23:00:00	ANGA	204	1172.81	1	0	0	3.73058e-06	2.00829e-05	0	0	1.54457e-06	0	0	0.000997199	8.08179e-06	0	-0.000129499	0.000126918	5.17988e-05	1.13947e-05	0	0.000190112	4.85762e-05	0.000335822	0.00145053	0.769282	0.0653482	0	0.0201853	0.0201853	0.000529033	0	0	0.000529033	0.0855335	0.692691	10.6	0	0.0179438	0.0115686	0.0847279	0	0	0.00145094	0	0	0	0	0	2.69393e-06	0	0	0	0	0	0.972275	0.147615	23.9	0	0	0	0	0	0	0	0
setup	0	2023-09-18 23:00:00	ANGA	204	1182.87	1	0	0	3.28477e-06	2.0063e-05	0	0	1.46534e-06	0	0	0.000969599	9.53727e-06	0	-0.00012685	0.000124473	5.69613e-05	1.11428e-05	0	0.000192577	4.79252e-05	0.000327277	0.00141533	0.740489	0.0653482	0	0.0220653	0.0220653	0.000543028	0	0	0.000543028	0.0874134	0.692691	10.6	0	0.0179497	0.0117148	0.0825492	0	0	0.00147629	0	0	0	0	0	3.17909e-06	0	0	0	0	0	0.959609	0.145181	23.9	0	0	0	0	0	0	0	0
setup	0	2023-09-19 23:00:00	ANGA	204	1192.77	1	0	0	3.149e-06	1.96691e-05	0	0	1.3842e-06	0	0	0.000938979	1.08132e-05	0	-0.000124401	0.00012217	6.1772e-05	1.09134e-05	0	0.000194855	4.73246e-05	0.000317657	0.0013807	0.716788	0.0653482	0	0.0238821	0.0238821	0.000560418	0	0	0.000560418	0.0892303	0.692691	10.6	0	0.0179595	0.0118354	0.0799959	0	0	0.00150111	0	0	0	0	0	3.60441e-06	0	0	0	0	0	0.949177	0.142746	23.9	0	0	0	0	0	0	0	0
setup	0	2023-09-20 23:00:00	ANGA	204	1202.51	1	0	0	3.11269e-06	1.91395e-05	0	0	1.30317e-06	0	0	0.000909067	1.19675e-05	0	-0.000122095	0.000119966	6.62155e-05	1.07024e-05	0	0.000196884	4.61611e-05	0.000308213	0.00134667	0.696933	0.0653482	0	0.0256371	0.0256371	0.000580791	0	0	0.000580791	0.0909853	0.692691	10.6	0	0.0179725	0.0119358	0.0772005	0	0	0.00152531	0	0	0	0	0	3.98916e-06	0	0	0	0	0	0.937388	0.140316	23.9	0	0	0	0	0	0	0	0
setup	0	2023-09-21 23:00:00	ANGA	204	1212.09	1	0	0	3.06995e-06	1.8608e-05	0	0	1.22447e-06	0	0	0.000880409	1.30175e-05	0	-0.000119889	0.000117878	7.03096e-05	1.05078e-05	0	0.000198696	4.48042e-05	0.000299139	0.00131336	0.680047	0.0653482	0	0.0273331	0.0273331	0.000603817	0	0	0.000603817	0.0926812	0.692691	10.6	0	0.0179878	0.0120202	0.0742692	0	0	0.00154886	0	0	0	0	0	4.33917e-06	0	0	0	0	0	0.944659	0.137902	23.9	0	0	0	0	0	0	0	0
setup	0	2023-09-22 23:00:00	ANGA	204	1221.5	1	0	0	3.05844e-06	1.8025e-05	0	0	1.14701e-06	0	0	0.000852041	1.39513e-05	0	-0.000117799	0.000115805	7.4057e-05	1.03211e-05	0	0.000200183	4.34411e-05	0.00029011	0.0012798	0.665512	0.0653482	0	0.0289704	0.0289704	0.000629162	0	0	0.000629162	0.0943186	0.692691	10.6	0	0.0180049	0.0120927	0.0712915	0	0	0.00157177	0	0	0	0	0	4.65043e-06	0	0	0	0	0	0.9524	0.135412	23.9	0	0	0	0	0	0	0	0
setup	0	2023-09-23 23:00:00	ANGA	204	1230.75	1	0	0	3.08961e-06	1.74146e-05	0	0	1.07306e-06	0	0	0.000825262	1.48056e-05	0	-0.000115724	0.000113834	7.74902e-05	1.01535e-05	0	0.000201478	4.20198e-05	0.000281573	0.00124788	0.652855	0.0653482	0	0.0305526	0.0305526	0.000656597	0	0	0.000656597	0.0959008	0.692691	10.6	0	0.0180232	0.0121545	0.0683277	0	0	0.001594	0	0	0	0	0	4.93521e-06	0	0	0	0	0	0.972295	0.133044	23.9	0	0	0	0	0	0	0	0
setup	0	2023-09-24 23:00:00	ANGA	204	1239.83	1	0	0	3.09035e-06	1.68388e-05	0	0	1.00134e-06	0	0	0.000799278	1.55648e-05	0	-0.000113752	0.000111872	8.06146e-05	9.99443e-06	0	0.000202481	4.05694e-05	0.000273259	0.00121649	0.64173	0.0653482	0	0.0320813	0.0320813	0.000685867	0	0	0.000685867	0.0974295	0.692691	10.6	0	0.0180424	0.0122084	0.0654276	0	0	0.00161557	0	0	0	0	0	5.18828e-06	0	0	0	0	0	0.962234	0.130697	23.9	0	0	0	0	0	0	0	0
setup	0	2023-09-25 23:00:00	ANGA	204	1248.75	1	0	0	3.13172e-06	1.62095e-05	0	0	9.31607e-07	0	0	0.000773344	1.62203e-05	0	-0.000111789	0.000109995	8.34493e-05	9.83469e-06	0	0.000203279	3.91714e-05	0.000264918	0.00118466	0.631878	0.0653482	0	0.0335566	0.0335566	0.000716713	0	0	0.000716713	0.0989048	0.692691	10.6	0	0.0180623	0.0122563	0.0626281	0	0	0.00163651	0	0	0	0	0	5.40677e-06	0	0	0	0	0	0.962466	0.128269	23.9	0	0	0	0	0	0	0	0
setup	0	2023-09-26 23:00:00	ANGA	204	1257.51	1	0	0	3.14285e-06	1.56286e-05	0	0	8.65201e-07	0	0	0.000748605	1.68097e-05	0	-0.000109911	0.000108133	8.6004e-05	9.68668e-06	0	0.000203824	3.77112e-05	0.00025694	0.00115406	0.623083	0.0653482	0	0.0349811	0.0349811	0.00074896	0	0	0.00074896	0.100329	0.692691	10.6	0	0.0180827	0.0122983	0.0599483	0	0	0.00165678	0	0	0	0	0	5.60323e-06	0	0	0	0	0	0.95966	0.125936	23.9	0	0	0	0	0	0	0	0
setup	0	2023-09-27 23:00:00	ANGA	204	1266.1	1	0	0	3.10134e-06	1.51087e-05	0	0	8.01603e-07	0	0	0.000724569	1.73191e-05	0	-0.00010805	0.000106277	8.82881e-05	9.54276e-06	0	0.000204108	3.63364e-05	0.000249164	0.00112392	0.615182	0.0653482	0	0.0363561	0.0363561	0.000782414	0	0	0.000782414	0.101704	0.692691	10.6	0	0.0181034	0.0123358	0.0574021	0	0	0.00167641	0	0	0	0	0	5.77303e-06	0	0	0	0	0	0.952991	0.123613	23.9	0	0	0	0	0	0	0	0
setup	0	2023-09-28 23:00:00	ANGA	204	1274.52	1	0	0	3.36561e-06	1.42809e-05	0	0	7.40739e-07	0	0	0.000700756	1.7743e-05	0	-0.000106194	0.000104483	9.03183e-05	9.40139e-06	0	0.000204203	3.50598e-05	0.000241424	0.00109375	0.608047	0.0653482	0	0.0376824	0.0376824	0.000816871	0	0	0.000816871	0.103031	0.692691	10.6	0	0.0181242	0.0123696	0.054998	0	0	0.00169543	0	0	0	0	0	5.91432e-06	0	0	0	0	0	0.981078	0.12125	23.9	0	0	0	0	0	0	0	0
setup	0	2023-09-29 23:00:00	ANGA	204	1282.78	1	0	0	5.59578e-06	1.15105e-05	0	0	6.83071e-07	0	0	0.000678122	1.81143e-05	0	-0.000104401	0.000102718	9.21147e-05	9.27089e-06	0	0.000204103	3.33524e-05	0.00023405	0.0010649	0.601564	0.0653482	0	0.0389622	0.0389622	0.000852202	0	0	0.000852202	0.10431	0.692691	10.6	0	0.0181451	0.0123998	0.052735	0	0	0.00171381	0	0	0	0	0	6.0381e-06	0	0	0	0	0	1	0.118989	23.9	0	0	0	0	0	0	0	0
setup	0	2023-09-30 23:00:00	ANGA	204	1290.88	1	0	0	6.145e-06	1.04294e-05	0	0	6.27664e-07	0	0	0.000656012	1.84144e-05	0	-0.000102635	0.000100945	9.36805e-05	9.13911e-06	0	0.000203764	2.88265e-05	0.000226822	0.00103597	0.595647	0.0653482	0	0.0401968	0.0401968	0.000888241	0	0	0.000888241	0.105545	0.692691	10.6	0	0.018166	0.0124271	0.0506126	0	0	0.0017316	0	0	0	0	0	6.13813e-06	0	0	0	0	0	0.978261	0.116683	23.9	0	0	0	0	0	0	0	0
setup	0	2023-10-01 23:00:00	ANGA	204	1298.8	1	0	0	5.08275e-06	1.10159e-05	0	0	5.76719e-07	0	0	0.000636287	1.87162e-05	0	-0.000100863	9.91934e-05	9.49921e-05	9.00089e-06	0	0.000203186	2.68009e-05	0.00022038	0.00100717	0.590216	0.0653482	0	0.0413915	0.0413915	0.000924987	0	0	0.000924987	0.10674	0.692691	10.6	0	0.0181868	0.0124508	0.0486192	0	0	0.0017488	0	0	0	0	0	6.23875e-06	0	0	0	0	0	0.9796	0.114351	23.9	0	0	0	0	0	0	0	0
setup	0	2023-10-02 23:00:00	ANGA	204	1306.57	1	0	0	4.67182e-06	1.09262e-05	0	0	5.27058e-07	0	0	0.000615681	1.89207e-05	0	-9.91127e-05	9.74646e-05	9.61259e-05	8.87001e-06	0	0.000202461	2.72096e-05	0.000213614	0.000979266	0.585217	0.0653482	0	0.0425442	0.0425442	0.000962219	0	0	0.000962219	0.107892	0.692691	10.6	0	0.0182075	0.0124733	0.046755	0	0	0.00176548	0	0	0	0	0	6.3069e-06	0	0	0	0	0	0.98874	0.112078	23.9	0	0	0	0	0	0	0	0
setup	0	2023-10-03 23:00:00	ANGA	204	1314.16	1	0	0	4.48277e-06	1.05822e-05	0	0	4.78356e-07	0	0	0.000594002	1.90113e-05	0	-9.73852e-05	9.5755e-05	9.70742e-05	8.74514e-06	0	0.000201574	2.66162e-05	0.00020644	0.000951988	0.580607	0.0653482	0	0.0436526	0.0436526	0.00099968	0	0	0.00099968	0.109001	0.692691	10.6	0	0.0182279	0.0124949	0.0450199	0	0	0.00178161	0	0	0	0	0	6.33709e-06	0	0	0	0	0	0.971466	0.109835	23.9	0	0	0	0	0	0	0	0
setup	0	2023-10-04 23:00:00	ANGA	204	1321.59	1	0	0	4.32072e-06	1.02356e-05	0	0	4.3276e-07	0	0	0.000573446	1.90658e-05	0	-9.5677e-05	9.40454e-05	9.78162e-05	8.61408e-06	0	0.000200476	2.56648e-05	0.000199616	0.000924961	0.576338	0.0653482	0	0.0447191	0.0447191	0.00103729	0	0	0.00103729	0.110067	0.692691	10.6	0	0.0182482	0.0125145	0.0434044	0	0	0.00179715	0	0	0	0	0	6.35528e-06	0	0	0	0	0	0.966222	0.107583	23.9	0	0	0	0	0	0	0	0
setup	0	2023-10-05 23:00:00	ANGA	204	1328.85	1	0	0	4.05127e-06	1.00045e-05	0	0	3.89673e-07	0	0	0.000553707	1.90853e-05	0	-9.39689e-05	9.23756e-05	9.83784e-05	8.48612e-06	0	0.00019924	2.47287e-05	0.000193049	0.000898389	0.572376	0.0653482	0	0.0457455	0.0457455	0.00107362	0	0	0.00107362	0.111094	0.692691	10.6	2.7509e-08	0.0182685	0.0125326	0.041898	0	0	0.00181211	0	0	1.34847e-06	0	0	6.36176e-06	0	0	3.10207e-08	0	0	0.977964	0.105346	23.9	0	0	0	0	0	0	0	0
setup	0	2023-10-06 23:00:00	ANGA	204	1335.95	1	0	0	3.99602e-06	9.58396e-06	0	0	3.49283e-07	0	0	0.000534612	1.90632e-05	0	-9.23007e-05	9.07035e-05	9.87672e-05	8.35073e-06	0	0.000197821	2.39765e-05	0.000186679	0.000872439	0.568683	0.0653482	0	0.0467331	0.0467331	0.00110988	0	0	0.00110988	0.112081	0.692691	10.6	2.74842e-08	0.0182885	0.0125491	0.040493	0	0	0.00182652	0	0	1.3957e-06	0	0	6.3544e-06	0	0	3.09929e-08	0	0	0.974166	0.103143	23.9	0	0	0	0	0	0	0	0
setup	0	2023-10-07 23:00:00	ANGA	204	1342.88	1	0	0	3.91926e-06	9.19296e-06	0	0	3.11162e-07	0	0	0.00051592	1.89995e-05	0	-9.06304e-05	8.90548e-05	9.89907e-05	8.21165e-06	0	0.000196257	2.29628e-05	0.000180425	0.000846955	0.565234	0.0653482	0	0.0476828	0.0476828	0.00114599	0	0	0.00114599	0.113031	0.692691	10.6	2.74598e-08	0.0183083	0.0125644	0.0391826	0	0	0.00184042	0	0	1.44285e-06	0	0	6.33318e-06	0	0	3.09653e-08	0	0	0.980784	0.100957	23.9	0	0	0	0	0	0	0	0
setup	0	2023-10-08 23:00:00	ANGA	204	1349.64	1	0	0	3.84038e-06	8.82539e-06	0	0	2.75485e-07	0	0	0.000498113	1.89149e-05	0	-8.89835e-05	8.74151e-05	9.90636e-05	8.0751e-06	0	0.000194554	2.20092e-05	0.000174454	0.000822183	0.562003	0.0653482	0	0.0485967	0.0485967	0.00118189	0	0	0.00118189	0.113945	0.692691	10.6	2.74356e-08	0.0183277	0.0125784	0.0379592	0	0	0.00185381	0	0	1.48978e-06	0	0	6.30496e-06	0	0	3.0938e-08	0	0	0.979278	0.0988169	23.9	0	0	0	0	0	0	0	0
setup	0	2023-10-09 23:00:00	ANGA	204	1356.24	1	0	0	3.86466e-06	8.364e-06	0	0	2.41848e-07	0	0	0.000480729	1.87913e-05	0	-8.73457e-05	8.57799e-05	9.89843e-05	7.93647e-06	0	0.000192701	2.11034e-05	0.000168608	0.000797818	0.55897	0.0653482	0	0.0494755	0.0494755	0.0012175	0	0	0.0012175	0.114824	0.692691	10.6	2.74116e-08	0.0183468	0.0125914	0.0368169	0	0	0.00186672	0	0	1.53646e-06	0	0	6.26377e-06	0	0	3.0911e-08	0	0	0.95961	0.0966878	23.9	0	0	0	0	0	0	0	0
setup	0	2023-10-10 23:00:00	ANGA	204	1362.68	1	0	0	3.74502e-06	8.06028e-06	0	0	2.10368e-07	0	0	0.000463935	1.86411e-05	0	-8.57124e-05	8.4156e-05	9.87706e-05	7.79835e-06	0	0.000190725	2.00745e-05	0.000162946	0.000774084	0.556117	0.0653482	0	0.0503205	0.0503205	0.00125277	0	0	0.00125277	0.115669	0.692691	10.6	2.73879e-08	0.0183656	0.0126035	0.0357496	0	0	0.00187916	0	0	1.58275e-06	0	0	6.21371e-06	0	0	3.08842e-08	0	0	0.957027	0.0945979	23.9	0	0	0	0	0	0	0	0
setup	0	2023-10-11 23:00:00	ANGA	204	1368.94	1	0	0	3.61985e-06	7.77429e-06	0	0	1.80893e-07	0	0	0.000447657	1.84635e-05	0	-8.40904e-05	8.25594e-05	9.84307e-05	7.66105e-06	0	0.000188651	1.92887e-05	0.000157445	0.000750731	0.553428	0.0653482	0	0.051133	0.051133	0.00128763	0	0	0.00128763	0.116481	0.692691	10.6	2.73643e-08	0.0183841	0.0126148	0.0347519	0	0	0.00189115	0	0	1.6286e-06	0	0	6.15448e-06	0	0	3.08576e-08	0	0	0.960427	0.0925199	23.9	0	0	0	0	0	0	0	0
setup	0	2023-10-12 23:00:00	ANGA	204	1375.05	1	0	0	3.53245e-06	7.46012e-06	0	0	1.53325e-07	0	0	0.000431799	1.82569e-05	0	-8.2496e-05	8.09859e-05	9.79746e-05	7.52593e-06	0	0.000186486	1.85407e-05	0.00015207	0.000728004	0.550888	0.0653482	0	0.0519137	0.0519137	0.00132203	0	0	0.00132203	0.117262	0.692691	10.6	2.73409e-08	0.0184022	0.0126254	0.033819	0	0	0.00190269	0	0	1.67392e-06	0	0	6.08564e-06	0	0	3.08312e-08	0	0	0.979501	0.0904857	23.9	0	0	0	0	0	0	0	0
setup	0	2023-10-13 23:00:00	ANGA	204	1380.99	1	0	0	3.38851e-06	7.22308e-06	0	0	1.27622e-07	0	0	0.000416766	1.80418e-05	0	-8.09244e-05	7.94236e-05	9.7419e-05	7.39762e-06	0	0.00018424	1.77669e-05	0.000146965	0.000706284	0.548484	0.0653482	0	0.0526645	0.0526645	0.00135594	0	0	0.00135594	0.118013	0.692691	10.6	2.73176e-08	0.01842	0.0126351	0.0329453	0	0	0.00191381	0	0	1.71863e-06	0	0	6.01395e-06	0	0	3.08049e-08	0	0	0.968153	0.0885398	23.9	0	0	0	0	0	0	0	0
setup	0	2023-10-14 23:00:00	ANGA	204	1386.76	1	0	0	3.24244e-06	6.9965e-06	0	0	1.03651e-07	0	0	0.000402096	1.77986e-05	0	-7.93642e-05	7.78674e-05	9.67526e-05	7.26423e-06	0	0.000181884	1.7118e-05	0.000141969	0.000684879	0.546206	0.0653482	0	0.0533861	0.0533861	0.0013893	0	0	0.0013893	0.118734	0.692691	10.6	2.72944e-08	0.0184375	0.0126442	0.032127	0	0	0.00192451	0	0	1.76272e-06	0	0	5.93288e-06	0	0	3.07788e-08	0	0	0.976612	0.0866033	23.9	0	0	0	0	0	0	0	0
setup	0	2023-10-15 23:00:00	ANGA	204	1392.38	1	0	0	3.20551e-06	6.67035e-06	0	0	8.12887e-08	0	0	0.00038783	1.75376e-05	0	-7.781e-05	7.6311e-05	9.59818e-05	7.13142e-06	0	0.000179424	1.64947e-05	0.0001371	0.000663991	0.544044	0.0653482	0	0.0540794	0.0540794	0.00142208	0	0	0.00142208	0.119428	0.692691	10.6	2.72714e-08	0.0184546	0.0126528	0.03136	0	0	0.00193483	0	0	1.80609e-06	0	0	5.84587e-06	0	0	3.07528e-08	0	0	0.964349	0.0846976	23.9	0	0	0	0	0	0	0	0
setup	0	2023-10-16 23:00:00	ANGA	204	1397.83	1	0	0	3.13852e-06	6.3854e-06	0	0	6.05388e-08	0	0	0.000374021	1.72605e-05	0	-7.62555e-05	7.47998e-05	9.51244e-05	6.99669e-06	0	0.000176921	1.57375e-05	0.000132376	0.000643603	0.541989	0.0653482	0	0.0547455	0.0547455	0.00145424	0	0	0.00145424	0.120094	0.692691	10.6	2.72484e-08	0.0184714	0.0126608	0.0306406	0	0	0.00194475	0	0	1.8487e-06	0	0	5.75349e-06	0	0	3.07269e-08	0	0	0.980477	0.0828224	23.9	0	0	0	0	0	0	0	0
setup	0	2023-10-17 23:00:00	ANGA	204	1403.12	1	0	0	3.02064e-06	6.17221e-06	0	0	4.13139e-08	0	0	0.000361014	1.69881e-05	0	-7.47464e-05	7.32993e-05	9.42043e-05	6.87199e-06	0	0.000174376	1.50552e-05	0.000127918	0.000624069	0.540032	0.0653482	0	0.0553859	0.0553859	0.00148581	0	0	0.00148581	0.120734	0.692691	10.6	2.72255e-08	0.0184878	0.0126682	0.0299645	0	0	0.00195431	0	0	1.89052e-06	0	0	5.66271e-06	0	0	3.07011e-08	0	0	0.971313	0.0810322	23.9	0	0	0	0	0	0	0	0
setup	0	2023-10-18 23:00:00	ANGA	204	1408.24	1	0	0	2.91516e-06	5.95115e-06	0	0	2.34812e-08	0	0	0.000348226	1.66894e-05	0	-7.32479e-05	7.17916e-05	9.31947e-05	6.74151e-06	0	0.000171728	1.44878e-05	0.000123526	0.000604804	0.538168	0.0653482	0	0.0560012	0.0560012	0.00151671	0	0	0.00151671	0.121349	0.692691	10.6	2.72027e-08	0.0185039	0.0126753	0.0293294	0	0	0.00196351	0	0	1.93155e-06	0	0	5.56314e-06	0	0	3.06753e-08	0	0	0.970181	0.0792732	23.9	0	0	0	0	0	0	0	0
setup	0	2023-10-19 23:00:00	ANGA	204	1413.21	1	0	0	2.79854e-06	5.75028e-06	0	0	6.99615e-09	0	0	0.000335811	1.63813e-05	0	-7.17421e-05	7.03275e-05	9.21171e-05	6.61079e-06	0	0.000169055	1.39178e-05	0.000119252	0.000586038	0.536389	0.0653482	0	0.0565923	0.0565923	0.00154694	0	0	0.00154694	0.12194	0.692691	10.6	2.71798e-08	0.0185196	0.0126819	0.0287322	0	0	0.00197237	0	0	1.97172e-06	0	0	5.46042e-06	0	0	3.06496e-08	0	0	0.973598	0.0775803	23.9	0	0	0	0	0	0	0	0
setup	0	2023-10-20 23:00:00	ANGA	204	1418.02	1	0	0	2.93424e-06	6.04454e-06	0	0	0	0	0	0.000350673	0	0	-7.68827e-05	6.88701e-05	9.08887e-05	6.63331e-06	0	0.000166392	1.25362e-05	0.000118711	0.000568391	0.534559	0.0653482	0	0.0572052	0.0572052	0.00154038	0	0	0.00154038	0.122553	0.692691	10.6	2.71571e-08	0.018535	0.0126781	0.0288303	0	0	0.00198089	0	0	2.01102e-06	0	0	0	0	0	3.06239e-08	0	0	0.973987	0.0760017	23.9	0	0	0	0	0	0	0	0
setup	0	2023-10-21 23:00:00	ANGA	204	1422.67	1	0	0	2.81787e-06	5.79343e-06	0	0	0	0	0	0.000339729	0	0	-7.54496e-05	6.74317e-05	8.97756e-05	6.49913e-06	0	0.000163706	1.26012e-05	0.000113243	0.000551229	0.532805	0.0653482	0	0.0577969	0.0577969	0.00153398	0	0	0.00153398	0.123145	0.692691	10.6	2.71343e-08	0.0185515	0.0126852	0.0289271	0	0	0.00198984	0	0	2.0025e-06	0	0	0	0	0	3.05982e-08	0	0	0.971522	0.0744798	23.9	0	0	0	0	0	0	0	0
setup	0	2023-10-22 23:00:00	ANGA	204	1427.16	1	0	0	2.71413e-06	5.58477e-06	0	0	0	0	0	0.000328144	0	0	-7.38792e-05	6.60106e-05	8.86042e-05	6.36647e-06	0	0.000160981	1.20955e-05	0.000109381	0.000534775	0.531126	0.0653482	0	0.0583662	0.0583662	0.00152774	0	0	0.00152774	0.123714	0.692691	10.6	2.71123e-08	0.0185675	0.0126911	0.0290213	0	0	0.00199842	0	0	1.99418e-06	0	0	0	0	0	3.05734e-08	0	0	0.967896	0.0730621	23.9	0	0	0	0	0	0	0	0
setup	0	2023-10-23 23:00:00	ANGA	204	1431.49	1	0	0	2.61766e-06	5.4003e-06	0	0	0	0	0	0.000317614	0	0	-7.23274e-05	6.46073e-05	8.73805e-05	6.23532e-06	0	0.000158223	1.1668e-05	0.000105871	0.000519097	0.529517	0.0653482	0	0.0589154	0.0589154	0.00152166	0	0	0.00152166	0.124264	0.692691	10.6	2.709e-08	0.0185833	0.0126963	0.0291131	0	0	0.00200669	0	0	1.98607e-06	0	0	0	0	0	3.05483e-08	0	0	0.963822	0.0717137	23.9	0	0	0	0	0	0	0	0
setup	0	2023-10-24 23:00:00	ANGA	204	1435.67	1	0	0	2.52393e-06	5.22314e-06	0	0	0	0	0	0.000307432	0	0	-7.07948e-05	6.32222e-05	8.61146e-05	6.10571e-06	0	0.000155443	1.12835e-05	0.000102477	0.000503909	0.527973	0.0653482	0	0.0594452	0.0594452	0.00151572	0	0	0.00151572	0.124793	0.692691	10.6	2.70674e-08	0.0185987	0.0127012	0.0292025	0	0	0.00201468	0	0	1.97815e-06	0	0	0	0	0	3.05228e-08	0	0	0.959587	0.0703905	23.9	0	0	0	0	0	0	0	0
setup	0	2023-10-25 23:00:00	ANGA	204	1439.7	1	0	0	2.43263e-06	5.05699e-06	0	0	0	0	0	0.000297731	0	0	-6.9282e-05	6.18557e-05	8.48109e-05	5.97769e-06	0	0.000152644	1.09146e-05	9.92437e-05	0.000489362	0.52649	0.0653482	0	0.0599567	0.0599567	0.00150992	0	0	0.00150992	0.125305	0.692691	10.6	2.70445e-08	0.0186138	0.0127057	0.0292895	0	0	0.0020224	0	0	1.97043e-06	0	0	0	0	0	3.0497e-08	0	0	0.955281	0.0691454	23.9	0	0	0	0	0	0	0	0
setup	0	2023-10-26 23:00:00	ANGA	204	1443.57	1	0	0	2.34606e-06	4.90085e-06	0	0	0	0	0	0.000288556	0	0	-6.77892e-05	6.05081e-05	8.34745e-05	5.85131e-06	0	0.000149834	1.05675e-05	9.61852e-05	0.000475493	0.525066	0.0653482	0	0.060451	0.060451	0.00150426	0	0	0.00150426	0.125799	0.692691	10.6	2.70214e-08	0.0186285	0.01271	0.0293743	0	0	0.00202985	0	0	1.9629e-06	0	0	0	0	0	3.04709e-08	0	0	0.950966	0.0679464	23.9	0	0	0	0	0	0	0	0
setup	0	2023-10-27 23:00:00	ANGA	204	1447.28	1	0	0	2.26514e-06	4.7512e-06	0	0	0	0	0	0.000279813	0	0	-6.6317e-05	5.91799e-05	8.21105e-05	5.72661e-06	0	0.000147017	1.02404e-05	9.32709e-05	0.000462189	0.523696	0.0653482	0	0.060929	0.060929	0.00149872	0	0	0.00149872	0.126277	0.692691	10.6	2.69979e-08	0.0186429	0.0127139	0.0294568	0	0	0.00203707	0	0	1.95553e-06	0	0	0	0	0	3.04445e-08	0	0	0.946691	0.0667693	23.9	0	0	0	0	0	0	0	0
setup	0	2023-10-28 23:00:00	ANGA	204	1450.85	1	0	0	2.18936e-06	4.6084e-06	0	0	0	0	0	0.000271497	0	0	-6.48657e-05	5.78713e-05	8.07234e-05	5.60363e-06	0	0.000144198	9.92764e-06	9.04991e-05	0.000449446	0.522377	0.0653482	0	0.0613916	0.0613916	0.00149331	0	0	0.00149331	0.12674	0.692691	10.6	2.69742e-08	0.018657	0.0127175	0.0295372	0	0	0.00204406	0	0	1.94834e-06	0	0	0	0	0	3.04177e-08	0	0	0.942488	0.0656149	23.9	0	0	0	0	0	0	0	0
setup	0	2023-10-29 23:00:00	ANGA	204	1454.26	1	0	0	2.11543e-06	4.47568e-06	0	0	0	0	0	0.000263608	0	0	-6.34358e-05	5.6571e-05	7.93143e-05	5.48201e-06	0	0.000141367	9.62975e-06	8.78693e-05	0.000437264	0.521108	0.0653482	0	0.0618398	0.0618398	0.00148803	0	0	0.00148803	0.127188	0.692691	10.6	2.69502e-08	0.0186707	0.0127209	0.0296155	0	0	0.00205082	0	0	1.94131e-06	0	0	0	0	0	3.03907e-08	0	0	0.941695	0.0644832	23.9	0	0	0	0	0	0	0	0
setup	0	2023-10-30 23:00:00	ANGA	204	1457.53	1	0	0	2.02342e-06	4.36987e-06	0	0	0	0	0	0.000256034	0	0	-6.20154e-05	5.53118e-05	7.78887e-05	5.3597e-06	0	0.00013856	9.35069e-06	8.53447e-05	0.000425493	0.519885	0.0653482	0	0.0622742	0.0622742	0.00148285	0	0	0.00148285	0.127622	0.692691	10.6	2.69259e-08	0.0186842	0.0127241	0.0296918	0	0	0.00205739	0	0	1.93443e-06	0	0	0	0	0	3.03633e-08	0	0	0.955054	0.0633569	23.9	0	0	0	0	0	0	0	0
setup	0	2023-10-31 23:00:00	ANGA	204	1460.65	1	0	0	2.00894e-06	4.20125e-06	0	0	0	0	0	0.000248983	0	0	-6.06354e-05	5.4066e-05	7.64606e-05	5.24207e-06	0	0.000135769	9.11582e-06	8.29942e-05	0.000414421	0.518706	0.0653482	0	0.0626959	0.0626959	0.00147779	0	0	0.00147779	0.128044	0.692691	10.6	2.69014e-08	0.0186973	0.0127269	0.0297661	0	0	0.00206375	0	0	1.92771e-06	0	0	0	0	0	3.03357e-08	0	0	0.959024	0.0622732	23.9	0	0	0	0	0	0	0	0
setup	0	2023-11-01 23:00:00	ANGA	204	1463.62	1	0	0	1.91573e-06	4.11806e-06	0	0	0	0	0	0.000242178	0	0	-5.92733e-05	5.28401e-05	7.50232e-05	5.12656e-06	0	0.00013299	8.79358e-06	8.07261e-05	0.000403719	0.517569	0.0653482	0	0.0631054	0.0631054	0.00147284	0	0	0.00147284	0.128454	0.692691	10.6	2.68767e-08	0.0187101	0.0127297	0.0298384	0	0	0.00206993	0	0	1.92113e-06	0	0	0	0	0	3.03077e-08	0	0	0.958722	0.061207	23.9	0	0	0	0	0	0	0	0
setup	0	2023-11-02 23:00:00	ANGA	204	1466.45	1	0	0	1.85412e-06	4.01033e-06	0	0	0	0	0	0.000235627	0	0	-5.79333e-05	5.16361e-05	7.3581e-05	5.01325e-06	0	0.00013023	8.59867e-06	7.85424e-05	0.000393258	0.516472	0.0653482	0	0.0635032	0.0635032	0.00146799	0	0	0.00146799	0.128851	0.692691	10.6	2.68517e-08	0.0187226	0.0127322	0.0299089	0	0	0.00207593	0	0	1.91469e-06	0	0	0	0	0	3.02796e-08	0	0	0.974805	0.0601528	23.9	0	0	0	0	0	0	0	0
setup	0	2023-11-03 23:00:00	ANGA	204	1469.13	1	0	0	1.7968e-06	3.90264e-06	0	0	0	0	0	0.000229234	0	0	-5.66174e-05	5.0452e-05	7.21389e-05	4.90257e-06	0	0.000127494	8.37024e-06	7.64113e-05	0.000383129	0.515413	0.0653482	0	0.0638896	0.0638896	0.00146323	0	0	0.00146323	0.129238	0.692691	10.6	2.68264e-08	0.0187348	0.0127347	0.0299775	0	0	0.00208177	0	0	1.90838e-06	0	0	0	0	0	3.02511e-08	0	0	0.969553	0.0591228	23.9	0	0	0	0	0	0	0	0
setup	0	2023-11-04 23:00:00	ANGA	204	1471.67	1	0	0	1.7375e-06	3.80182e-06	0	0	0	0	0	0.00022302	0	0	-5.53239e-05	4.92889e-05	7.06952e-05	4.79153e-06	0	0.000124776	8.1438e-06	7.434e-05	0.000373206	0.514391	0.0653482	0	0.064265	0.064265	0.00145858	0	0	0.00145858	0.129613	0.692691	10.6	2.6801e-08	0.0187467	0.0127371	0.0300444	0	0	0.00208743	0	0	1.9022e-06	0	0	0	0	0	3.02224e-08	0	0	0.965598	0.0581015	23.9	0	0	0	0	0	0	0	0
setup	0	2023-11-05 23:00:00	ANGA	204	1474.08	1	0	0	1.69376e-06	3.69069e-06	0	0	0	0	0	0.000216998	0	0	-5.40509e-05	4.81528e-05	6.92576e-05	4.68331e-06	0	0.000122094	7.92948e-06	7.23325e-05	0.000363538	0.513404	0.0653482	0	0.0646298	0.0646298	0.00145402	0	0	0.00145402	0.129978	0.692691	10.6	2.67753e-08	0.0187584	0.0127393	0.0301095	0	0	0.00209294	0	0	1.89615e-06	0	0	0	0	0	3.01934e-08	0	0	0.977268	0.057096	23.9	0	0	0	0	0	0	0	0
setup	0	2023-11-06 23:00:00	ANGA	204	1476.34	1	0	0	1.68848e-06	3.54642e-06	0	0	0	0	0	0.000211169	0	0	-5.28078e-05	4.70305e-05	6.78248e-05	4.57782e-06	0	0.000119433	7.70233e-06	7.03896e-05	0.000354146	0.51245	0.0653482	0	0.0649843	0.0649843	0.00144955	0	0	0.00144955	0.130332	0.692691	10.6	2.67494e-08	0.0187697	0.0127415	0.0301729	0	0	0.0020983	0	0	1.89022e-06	0	0	0	0	0	3.01642e-08	0	0	0.958222	0.0561092	23.9	0	0	0	0	0	0	0	0
setup	0	2023-11-07 23:00:00	ANGA	204	1478.46	1	0	0	1.63067e-06	3.45865e-06	0	0	0	0	0	0.00020549	0	0	-5.15813e-05	4.59221e-05	6.63962e-05	4.47248e-06	0	0.000116791	7.42878e-06	6.84966e-05	0.000344945	0.511528	0.0653482	0	0.0653288	0.0653288	0.00144516	0	0	0.00144516	0.130677	0.692691	10.6	2.67233e-08	0.0187808	0.0127435	0.0302346	0	0	0.0021035	0	0	1.88441e-06	0	0	0	0	0	3.01348e-08	0	0	0.959911	0.0551306	23.9	0	0	0	0	0	0	0	0
setup	0	2023-11-08 23:00:00	ANGA	204	1480.45	1	0	0	1.57895e-06	3.36827e-06	0	0	0	0	0	0.000199937	0	0	-5.03687e-05	4.48534e-05	6.49741e-05	4.36659e-06	0	0.000114194	7.23908e-06	6.66458e-05	0.000335869	0.510637	0.0653482	0	0.0656636	0.0656636	0.00144086	0	0	0.00144086	0.131012	0.692691	10.6	2.6697e-08	0.0187916	0.0127455	0.0302948	0	0	0.00210856	0	0	1.87871e-06	0	0	0	0	0	3.01051e-08	0	0	0.97003	0.0541527	23.9	0	0	0	0	0	0	0	0
setup	0	2023-11-09 23:00:00	ANGA	204	1482.31	1	0	0	1.6063e-06	3.20385e-06	0	0	0	0	0	0.000194566	0	0	-4.91952e-05	4.3804e-05	6.35757e-05	4.26613e-06	0	0.000111646	7.04739e-06	6.48553e-05	0.000327125	0.509776	0.0653482	0	0.065989	0.065989	0.00143664	0	0	0.00143664	0.131337	0.692691	10.6	2.66705e-08	0.0188021	0.0127474	0.0303534	0	0	0.00211348	0	0	1.87312e-06	0	0	0	0	0	3.00752e-08	0	0	0.981774	0.0532031	23.9	0	0	0	0	0	0	0	0
setup	0	2023-11-10 23:00:00	ANGA	204	1484.03	1	0	0	1.55508e-06	3.12114e-06	0	0	0	0	0	0.00018932	0	0	-4.80464e-05	4.27773e-05	6.21913e-05	4.16957e-06	0	0.000109138	6.74947e-06	6.31068e-05	0.000318569	0.508943	0.0653482	0	0.0663052	0.0663052	0.0014325	0	0	0.0014325	0.131653	0.692691	10.6	2.66438e-08	0.0188124	0.0127492	0.0304105	0	0	0.00211826	0	0	1.86763e-06	0	0	0	0	0	3.00451e-08	0	0	0.981092	0.0522632	23.9	0	0	0	0	0	0	0	0
setup	0	2023-11-11 23:00:00	ANGA	204	1485.63	1	0	0	1.49237e-06	3.0551e-06	0	0	0	0	0	0.000184266	0	0	-4.69241e-05	4.177e-05	6.08177e-05	4.07255e-06	0	0.00010666	6.57246e-06	6.1422e-05	0.000310176	0.508137	0.0653482	0	0.0666126	0.0666126	0.00142843	0	0	0.00142843	0.131961	0.692691	10.6	2.66169e-08	0.0188225	0.0127509	0.0304661	0	0	0.00212291	0	0	1.86224e-06	0	0	0	0	0	3.00148e-08	0	0	0.980245	0.0513303	23.9	0	0	0	0	0	0	0	0
setup	0	2023-11-12 23:00:00	ANGA	204	1487.09	1	0	0	1.43898e-06	2.98185e-06	0	0	0	0	0	0.000179295	0	0	-4.58208e-05	4.07854e-05	5.94606e-05	3.97769e-06	0	0.000104224	6.42118e-06	5.97652e-05	0.000302026	0.507356	0.0653482	0	0.0669114	0.0669114	0.00142443	0	0	0.00142443	0.13226	0.692691	10.6	2.65899e-08	0.0188323	0.0127526	0.0305202	0	0	0.00212742	0	0	1.85696e-06	0	0	0	0	0	2.99843e-08	0	0	0.978007	0.050416	23.9	0	0	0	0	0	0	0	0
setup	0	2023-11-13 23:00:00	ANGA	204	1488.43	1	0	0	1.3887e-06	2.90907e-06	0	0	0	0	0	0.000174458	0	0	-4.47423e-05	3.98138e-05	5.81189e-05	3.88451e-06	0	0.000101817	6.26064e-06	5.81526e-05	0.000294095	0.506601	0.0653482	0	0.0672017	0.0672017	0.00142051	0	0	0.00142051	0.13255	0.692691	10.6	2.65626e-08	0.0188418	0.0127542	0.030573	0	0	0.00213181	0	0	1.85176e-06	0	0	0	0	0	2.99536e-08	0	0	0.980011	0.0495178	23.9	0	0	0	0	0	0	0	0
setup	0	2023-11-14 23:00:00	ANGA	204	1489.64	1	0	0	1.48143e-06	2.69689e-06	0	0	0	0	0	0.000169756	0	0	-4.36784e-05	3.88806e-05	5.67932e-05	3.79111e-06	0	9.94649e-05	6.1023e-06	5.65852e-05	0.00028635	0.50587	0.0653482	0	0.0674839	0.0674839	0.00141665	0	0	0.00141665	0.132832	0.692691	10.6	2.65353e-08	0.0188512	0.0127558	0.0306244	0	0	0.00213608	0	0	1.84666e-06	0	0	0	0	0	2.99227e-08	0	0	0.982781	0.0486321	23.9	0	0	0	0	0	0	0	0
setup	0	2023-11-15 23:00:00	ANGA	204	1490.73	1	0	0	1.44732e-06	2.61872e-06	0	0	0	0	0	0.000165312	0	0	-4.26527e-05	3.79667e-05	5.55032e-05	3.70464e-06	0	9.71746e-05	5.74311e-06	5.51041e-05	0.000278968	0.505162	0.0653482	0	0.0677584	0.0677584	0.00141286	0	0	0.00141286	0.133107	0.692691	10.6	2.65077e-08	0.0188603	0.0127572	0.0306745	0	0	0.00214023	0	0	1.84165e-06	0	0	0	0	0	2.98917e-08	0	0	0.986361	0.0477841	23.9	0	0	0	0	0	0	0	0
setup	0	2023-11-16 23:00:00	ANGA	204	1491.7	1	0	0	1.43533e-06	2.5249e-06	0	0	0	0	0	0.000161113	0	0	-4.16531e-05	3.70716e-05	5.42241e-05	3.61763e-06	0	9.49133e-05	5.58209e-06	5.37044e-05	0.000271746	0.504476	0.0653482	0	0.0680258	0.0680258	0.00140914	0	0	0.00140914	0.133374	0.692691	10.6	2.648e-08	0.0188691	0.0127585	0.0307233	0	0	0.00214427	0	0	1.83672e-06	0	0	0	0	0	2.98605e-08	0	0	0.965217	0.0469455	23.9	0	0	0	0	0	0	0	0
setup	0	2023-11-17 23:00:00	ANGA	204	1492.56	1	0	0	1.37216e-06	2.48264e-06	0	0	0	0	0	0.000156937	0	0	-4.06717e-05	3.62013e-05	5.29714e-05	3.53226e-06	0	9.2705e-05	5.39952e-06	5.23123e-05	0.000264762	0.503811	0.0653482	0	0.068286	0.068286	0.00140547	0	0	0.00140547	0.133634	0.692691	10.6	2.64522e-08	0.0188778	0.0127599	0.0307708	0	0	0.0021482	0	0	1.83188e-06	0	0	0	0	0	2.98291e-08	0	0	0.965434	0.0461286	23.9	0	0	0	0	0	0	0	0
setup	0	2023-11-18 23:00:00	ANGA	204	1493.29	1	0	0	1.31782e-06	2.43601e-06	0	0	0	0	0	0.000152925	0	0	-3.97169e-05	3.53536e-05	5.17432e-05	3.44932e-06	0	9.05461e-05	5.29326e-06	5.09749e-05	0.000258002	0.503166	0.0653482	0	0.0685393	0.0685393	0.00140186	0	0	0.00140186	0.133887	0.692691	10.6	2.64242e-08	0.0188863	0.0127611	0.0308172	0	0	0.00215202	0	0	1.82711e-06	0	0	0	0	0	2.97975e-08	0	0	0.965423	0.0453315	23.9	0	0	0	0	0	0	0	0
setup	0	2023-11-19 23:00:00	ANGA	204	1493.91	1	0	0	1.2694e-06	2.38606e-06	0	0	0	0	0	0.000149015	0	0	-3.8787e-05	3.45285e-05	5.05399e-05	3.36838e-06	0	8.84368e-05	5.18206e-06	4.96716e-05	0.000251478	0.502541	0.0653482	0	0.068786	0.068786	0.00139831	0	0	0.00139831	0.134134	0.692691	10.6	2.63961e-08	0.0188945	0.0127623	0.0308624	0	0	0.00215575	0	0	1.82242e-06	0	0	0	0	0	2.97658e-08	0	0	0.965473	0.0445568	23.9	0	0	0	0	0	0	0	0
setup	0	2023-11-20 23:00:00	ANGA	204	1494.42	1	0	0	1.24089e-06	2.32009e-06	0	0	0	0	0	0.000145252	0	0	-3.78816e-05	3.37252e-05	4.93622e-05	3.28948e-06	0	8.63769e-05	5.06746e-06	4.84175e-05	0.000245171	0.501935	0.0653482	0	0.0690263	0.0690263	0.00139482	0	0	0.00139482	0.134374	0.692691	10.6	2.63679e-08	0.0189026	0.0127635	0.0309064	0	0	0.00215937	0	0	1.81781e-06	0	0	0	0	0	2.9734e-08	0	0	0.981364	0.0438021	23.9	0	0	0	0	0	0	0	0
setup	0	2023-11-21 23:00:00	ANGA	204	1494.81	1	0	0	1.22859e-06	2.24163e-06	0	0	0	0	0	0.000141632	0	0	-3.70001e-05	3.29444e-05	4.82093e-05	3.2122e-06	0	8.43659e-05	4.93111e-06	4.72106e-05	0.000239073	0.501347	0.0653482	0	0.0692604	0.0692604	0.00139138	0	0	0.00139138	0.134609	0.692691	10.6	2.63395e-08	0.0189104	0.0127646	0.0309494	0	0	0.0021629	0	0	1.81326e-06	0	0	0	0	0	2.9702e-08	0	0	0.965756	0.0430671	23.9	0	0	0	0	0	0	0	0
setup	0	2023-11-22 23:00:00	ANGA	204	1495.1	1	0	0	1.18609e-06	2.19713e-06	0	0	0	0	0	0.000138153	0	0	-3.61426e-05	3.21871e-05	4.70859e-05	3.13695e-06	0	8.241e-05	4.77813e-06	4.6051e-05	0.000233168	0.500776	0.0653482	0	0.0694887	0.0694887	0.00138799	0	0	0.00138799	0.134837	0.692691	10.6	2.6311e-08	0.0189181	0.0127656	0.0309913	0	0	0.00216634	0	0	1.80879e-06	0	0	0	0	0	2.96699e-08	0	0	0.967066	0.0423499	23.9	0	0	0	0	0	0	0	0
setup	0	2023-11-23 23:00:00	ANGA	204	1495.28	1	0	0	1.14891e-06	2.15014e-06	0	0	0	0	0	0.000134784	0	0	-3.53107e-05	3.1452e-05	4.59903e-05	3.06383e-06	0	8.05061e-05	4.67602e-06	4.4928e-05	0.000227422	0.500222	0.0653482	0	0.0697113	0.0697113	0.00138464	0	0	0.00138464	0.135059	0.692691	10.6	2.62824e-08	0.0189256	0.0127666	0.0310321	0	0	0.0021697	0	0	1.80438e-06	0	0	0	0	0	2.96376e-08	0	0	0.968366	0.041646	23.9	0	0	0	0	0	0	0	0
setup	0	2023-11-24 23:00:00	ANGA	204	1495.36	1	0	0	1.11413e-06	2.10306e-06	0	0	0	0	0	0.000131508	0	0	-3.4503e-05	3.05721e-05	4.48658e-05	2.99209e-06	0	7.843e-05	4.57139e-06	4.38359e-05	0.000221887	0.499684	0.0653482	0	0.0699283	0.0699283	0.00138135	0	0	0.00138135	0.135277	0.692691	10.6	2.62537e-08	0.0189329	0.0127676	0.031072	0	0	0.00217297	0	0	1.80004e-06	0	0	0	0	0	2.96052e-08	0	0	0.969439	0.0409564	23.9	0	0	0	0	0	0	0	0
setup	0	2023-11-25 23:00:00	ANGA	204	1495.36	1	0	0	1.08595e-06	2.06535e-06	0	0	0	0	0	0.000128807	0	0	-3.35482e-05	2.95346e-05	4.37538e-05	2.92189e-06	0	7.62103e-05	4.47085e-06	4.29357e-05	0.000217107	0.499163	0.0653482	0	0.0701415	0.0701415	0.00137811	0	0	0.00137811	0.13549	0.692691	10.6	2.62249e-08	0.0189401	0.0127682	0.0311107	0	0	0.00217615	0	0	1.79576e-06	0	0	0	0	0	2.95728e-08	0	0	0.970197	0.0402114	23.9	0	0	0	0	0	0	0	0
setup	0	2023-11-26 23:00:00	ANGA	204	1495.36	1	0	0	1.06615e-06	2.04071e-06	0	0	0	0	0	0.000126788	0	0	-3.24351e-05	2.86565e-05	4.2795e-05	2.85539e-06	0	7.43069e-05	4.39123e-06	4.22626e-05	0.000213252	0.498663	0.0653482	0	0.0703525	0.0703525	0.00137493	0	0	0.00137493	0.135701	0.692691	10.6	2.6196e-08	0.018947	0.0127685	0.0311481	0	0	0.00217928	0	0	1.79154e-06	0	0	0	0	0	2.95402e-08	0	0	0.970787	0.0393738	23.9	0	0	0	0	0	0	0	0
setup	0	2023-11-27 23:00:00	ANGA	204	1495.36	1	0	0	1.0477e-06	2.01659e-06	0	0	0	0	0	0.00012475	0	0	-3.14853e-05	2.78086e-05	4.1869e-05	2.79275e-06	0	7.24704e-05	4.33417e-06	4.15833e-05	0.000209545	0.498181	0.0653482	0	0.0705611	0.0705611	0.0013718	0	0	0.0013718	0.135909	0.692691	10.6	2.6167e-08	0.0189537	0.0127689	0.0311843	0	0	0.00218235	0	0	1.78741e-06	0	0	0	0	0	2.95074e-08	0	0	0.970627	0.0385713	23.9	0	0	0	0	0	0	0	0
setup	0	2023-11-28 23:00:00	ANGA	204	1495.36	1	0	0	1.0294e-06	1.99133e-06	0	0	0	0	0	0.000122758	0	0	-3.05699e-05	2.69938e-05	4.0974e-05	2.73412e-06	0	7.07019e-05	4.27849e-06	4.09192e-05	0.000205952	0.497715	0.0653482	0	0.0707673	0.0707673	0.00136872	0	0	0.00136872	0.136115	0.692691	10.6	2.61378e-08	0.0189602	0.0127692	0.0312194	0	0	0.00218539	0	0	1.78334e-06	0	0	0	0	0	2.94745e-08	0	0	0.969684	0.0377988	23.9	0	0	0	0	0	0	0	0
setup	0	2023-11-29 23:00:00	ANGA	204	1495.36	1	0	0	1.01265e-06	1.96737e-06	0	0	0	0	0	0.000120882	0	0	-2.96919e-05	2.60356e-05	4.00447e-05	2.67996e-06	0	6.87602e-05	4.22176e-06	4.0294e-05	0.000202556	0.497265	0.0653482	0	0.0709712	0.0709712	0.00136569	0	0	0.00136569	0.136319	0.692691	10.6	2.61085e-08	0.0189665	0.0127695	0.0312535	0	0	0.00218838	0	0	1.77934e-06	0	0	0	0	0	2.94415e-08	0	0	0.968126	0.0370591	23.9	0	0	0	0	0	0	0	0
setup	0	2023-11-30 23:00:00	ANGA	204	1495.36	1	0	0	1.03094e-06	1.89941e-06	0	0	0	0	0	0.000118707	0	0	-2.86754e-05	2.53502e-05	3.90648e-05	2.64569e-06	0	6.70607e-05	4.16542e-06	3.95689e-05	0.000198706	0.496834	0.0653482	0	0.0711725	0.0711725	0.00136271	0	0	0.00136271	0.136521	0.692691	10.6	2.60791e-08	0.0189727	0.0127699	0.0312864	0	0	0.00219133	0	0	1.7754e-06	0	0	0	0	0	2.94083e-08	0	0	0.968607	0.0362697	23.9	0	0	0	0	0	0	0	0
setup	0	2023-12-01 23:00:00	ANGA	204	1495.36	1	0	0	1.01014e-06	1.89241e-06	0	0	0	0	0	0.000117234	0	0	-2.79516e-05	2.48148e-05	3.84839e-05	2.66875e-06	0	6.59674e-05	4.04811e-06	3.90781e-05	0.000195738	0.496415	0.0653482	0	0.071372	0.071372	0.00135978	0	0	0.00135978	0.13672	0.692691	10.6	2.60496e-08	0.0189786	0.0127701	0.0313183	0	0	0.00219423	0	0	1.77153e-06	0	0	0	0	0	2.93751e-08	0	0	0.972433	0.0356419	23.9	0	0	0	0	0	0	0	0
setup	0	2023-12-02 23:00:00	ANGA	204	1495.36	1	0	0	9.91559e-07	1.8795e-06	0	0	0	0	0	0.000115776	0	0	-2.74351e-05	2.43111e-05	3.80194e-05	2.75625e-06	0	6.50868e-05	4.02347e-06	3.8592e-05	0.000193127	0.496007	0.0653482	0	0.0715695	0.0715695	0.00135687	0	0	0.00135687	0.136918	0.692691	10.6	2.602e-08	0.0189844	0.0127704	0.0313496	0	0	0.0021971	0	0	1.76771e-06	0	0	0	0	0	2.93417e-08	0	0	0.972632	0.0350802	23.9	0	0	0	0	0	0	0	0
setup	0	2023-12-03 23:00:00	ANGA	204	1495.36	1	0	0	9.72626e-07	1.86094e-06	0	0	0	0	0	0.00011421	0	0	-2.7015e-05	2.37869e-05	3.74238e-05	2.81072e-06	0	6.40214e-05	3.98886e-06	3.80699e-05	0.000190581	0.495607	0.0653482	0	0.0717644	0.0717644	0.00135399	0	0	0.00135399	0.137113	0.692691	10.6	2.59903e-08	0.01899	0.0127709	0.0313803	0	0	0.00219995	0	0	1.76393e-06	0	0	0	0	0	2.93082e-08	0	0	0.972805	0.0345247	23.9	0	0	0	0	0	0	0	0
setup	0	2023-12-04 23:00:00	ANGA	204	1495.36	1	0	0	8.55058e-07	1.64799e-06	0	0	0	0	0	0.000102327	0	0	-2.65456e-05	2.34147e-05	3.70169e-05	2.91262e-06	0	6.33441e-05	3.8762e-06	3.41089e-05	0.000174125	0.495214	0.0653482	0	0.0719339	0.0719339	0.00135113	0	0	0.00135113	0.137282	0.692691	10.6	2.59605e-08	0.0189956	0.0127754	0.0314105	0	0	0.00220275	0	0	1.76018e-06	0	0	0	0	0	2.92746e-08	0	0	0.972958	0.0323156	23.9	0	0	0	0	0	0	0	0
setup	0	2023-12-05 23:00:00	ANGA	204	1495.36	1	0	0	8.42165e-07	1.63258e-06	0	0	0	0	0	0.000101141	0	0	-2.62718e-05	2.30806e-05	3.66425e-05	3.05486e-06	0	6.27779e-05	3.50174e-06	3.37136e-05	0.000172044	0.494827	0.0653482	0	0.0721013	0.0721013	0.0013483	0	0	0.0013483	0.137449	0.692691	10.6	2.59307e-08	0.0190011	0.0127757	0.0314403	0	0	0.00220522	0	0	1.75647e-06	0	0	0	0	0	2.9241e-08	0	0	0.973092	0.0318664	23.9	0	0	0	0	0	0	0	0
setup	0	2023-12-06 23:00:00	ANGA	204	1495.36	1	0	0	7.34721e-07	1.4295e-06	0	0	0	0	0	9.00433e-05	0	0	-2.60812e-05	2.26811e-05	3.61597e-05	3.24159e-06	0	6.20823e-05	3.40048e-06	3.00144e-05	0.000156516	0.494444	0.0653482	0	0.0722445	0.0722445	0.00134548	0	0	0.00134548	0.137593	0.692691	10.6	2.59009e-08	0.0190065	0.01278	0.0314698	0	0	0.00220767	0	0	1.75279e-06	0	0	0	0	0	2.92074e-08	0	0	0.973212	0.029806	23.9	0	0	0	0	0	0	0	0
setup	0	2023-12-07 23:00:00	ANGA	204	1495.36	1	0	0	7.26242e-07	1.41679e-06	0	0	0	0	0	8.92421e-05	0	0	-2.58653e-05	2.23583e-05	3.58289e-05	3.41874e-06	0	6.16059e-05	3.04636e-06	2.97474e-05	0.000154885	0.494064	0.0653482	0	0.0723864	0.0723864	0.00134268	0	0	0.00134268	0.137735	0.692691	10.6	2.58711e-08	0.0190119	0.0127803	0.0314991	0	0	0.0022098	0	0	1.74913e-06	0	0	0	0	0	2.91737e-08	0	0	0.973318	0.0294408	23.9	0	0	0	0	0	0	0	0
setup	0	2023-12-08 23:00:00	ANGA	204	1495.36	1	0	0	7.20295e-07	1.4074e-06	0	0	0	0	0	8.86051e-05	0	0	-2.57165e-05	2.20457e-05	3.5506e-05	3.56446e-06	0	6.11161e-05	3.01999e-06	2.9535e-05	0.000153371	0.493688	0.0653482	0	0.0725272	0.0725272	0.0013399	0	0	0.0013399	0.137875	0.692691	10.6	2.58412e-08	0.0190172	0.0127805	0.0315282	0	0	0.00221192	0	0	1.74549e-06	0	0	0	0	0	2.91401e-08	0	0	0.973414	0.0290991	23.9	0	0	0	0	0	0	0	0
setup	0	2023-12-09 23:00:00	ANGA	204	1495.36	1	0	0	7.12378e-07	1.39293e-06	0	0	0	0	0	8.77522e-05	0	0	-2.55466e-05	2.17105e-05	3.51567e-05	3.69417e-06	0	6.05615e-05	2.99801e-06	2.92507e-05	0.000151906	0.493317	0.0653482	0	0.0726665	0.0726665	0.00133713	0	0	0.00133713	0.138015	0.692691	10.6	2.58114e-08	0.0190225	0.0127808	0.031557	0	0	0.00221402	0	0	1.74187e-06	0	0	0	0	0	2.91065e-08	0	0	0.973501	0.0287685	23.9	0	0	0	0	0	0	0	0
setup	0	2023-12-10 23:00:00	ANGA	204	1495.36	1	0	0	7.05277e-07	1.37932e-06	0	0	0	0	0	8.69486e-05	0	0	-2.53382e-05	2.13856e-05	3.48084e-05	3.80787e-06	0	6.0002e-05	2.96775e-06	2.89829e-05	0.000150485	0.492949	0.0653482	0	0.0728044	0.0728044	0.00133437	0	0	0.00133437	0.138153	0.692691	10.6	2.57816e-08	0.0190278	0.012781	0.0315856	0	0	0.00221609	0	0	1.73826e-06	0	0	0	0	0	2.90729e-08	0	0	0.973579	0.0284503	23.9	0	0	0	0	0	0	0	0
setup	0	2023-12-11 23:00:00	ANGA	204	1495.36	1	0	0	6.9914e-07	1.36736e-06	0	0	0	0	0	8.62166e-05	0	0	-2.51241e-05	2.107e-05	3.44677e-05	3.90715e-06	0	5.94448e-05	2.93953e-06	2.87389e-05	0.000149151	0.492586	0.0653482	0	0.0729412	0.0729412	0.00133163	0	0	0.00133163	0.138289	0.692691	10.6	2.57518e-08	0.019033	0.0127812	0.031614	0	0	0.00221815	0	0	1.73468e-06	0	0	0	0	0	2.90392e-08	0	0	0.97365	0.0281504	23.9	0	0	0	0	0	0	0	0
setup	0	2023-12-12 23:00:00	ANGA	204	1495.36	1	0	0	6.93659e-07	1.35631e-06	0	0	0	0	0	8.55367e-05	0	0	-2.49049e-05	2.07653e-05	3.41331e-05	3.99499e-06	0	5.88934e-05	2.91448e-06	2.85122e-05	0.000147895	0.492227	0.0653482	0	0.0730769	0.0730769	0.00132891	0	0	0.00132891	0.138425	0.692691	10.6	2.5722e-08	0.0190382	0.0127814	0.031642	0	0	0.00222019	0	0	1.73112e-06	0	0	0	0	0	2.90056e-08	0	0	0.973716	0.0278672	23.9	0	0	0	0	0	0	0	0
setup	0	2023-12-13 23:00:00	ANGA	204	1495.36	1	0	0	6.88673e-07	1.34636e-06	0	0	0	0	0	8.49096e-05	0	0	-2.46852e-05	2.04683e-05	3.38042e-05	4.07442e-06	0	5.83469e-05	2.89139e-06	2.83032e-05	0.000146718	0.491873	0.0653482	0	0.0732117	0.0732117	0.0013262	0	0	0.0013262	0.13856	0.692691	10.6	2.56921e-08	0.0190433	0.0127816	0.0316698	0	0	0.00222221	0	0	1.72758e-06	0	0	0	0	0	2.8972e-08	0	0	0.973776	0.0276004	23.9	0	0	0	0	0	0	0	0
setup	0	2023-12-14 23:00:00	ANGA	204	1495.36	1	0	0	6.84126e-07	1.3375e-06	0	0	0	0	0	8.43364e-05	0	0	-2.44648e-05	2.01952e-05	3.34888e-05	4.14661e-06	0	5.78307e-05	2.87051e-06	2.81121e-05	0.000145619	0.491523	0.0653482	0	0.0733457	0.0733457	0.00132351	0	0	0.00132351	0.138694	0.692691	10.6	2.56623e-08	0.0190484	0.0127817	0.0316973	0	0	0.00222421	0	0	1.72406e-06	0	0	0	0	0	2.89384e-08	0	0	0.973831	0.0273504	23.9	0	0	0	0	0	0	0	0
setup	0	2023-12-15 23:00:00	ANGA	204	1495.36	1	0	0	5.907e-07	1.15504e-06	0	0	0	0	0	7.44935e-05	0	0	-2.4268e-05	1.99264e-05	3.31906e-05	4.21762e-06	0	5.73346e-05	2.78971e-06	2.48312e-05	0.000132169	0.491175	0.0653482	0	0.0734583	0.0734583	0.00132083	0	0	0.00132083	0.138806	0.692691	10.6	2.56325e-08	0.0190535	0.0127854	0.0317246	0	0	0.00222621	0	0	1.72056e-06	0	0	0	0	0	2.89047e-08	0	0	0.973882	0.0256774	23.9	0	0	0	0	0	0	0	0
setup	0	2023-12-16 23:00:00	ANGA	204	1495.36	1	0	0	5.87201e-07	1.14966e-06	0	0	0	0	0	7.41111e-05	0	0	-2.40677e-05	1.96729e-05	3.28914e-05	4.28595e-06	0	5.68503e-05	2.47431e-06	2.47037e-05	0.000131296	0.490831	0.0653482	0	0.0735704	0.0735704	0.00131817	0	0	0.00131817	0.138919	0.692691	10.6	2.56027e-08	0.0190585	0.0127855	0.0317517	0	0	0.00222792	0	0	1.71708e-06	0	0	0	0	0	2.88711e-08	0	0	0.97393	0.0254722	23.9	0	0	0	0	0	0	0	0
setup	0	2023-12-17 23:00:00	ANGA	204	1495.36	1	0	0	5.86126e-07	1.14947e-06	0	0	0	0	0	7.39735e-05	0	0	-2.38799e-05	1.94378e-05	3.26145e-05	4.34963e-06	0	5.6402e-05	2.46405e-06	2.46578e-05	0.000130514	0.490491	0.0653482	0	0.0736827	0.0736827	0.00131552	0	0	0.00131552	0.139031	0.692691	10.6	2.55729e-08	0.0190634	0.0127854	0.0317785	0	0	0.00222963	0	0	1.71362e-06	0	0	0	0	0	2.88375e-08	0	0	0.973974	0.0252852	23.9	0	0	0	0	0	0	0	0
setup	0	2023-12-18 23:00:00	ANGA	204	1495.36	1	0	0	5.83172e-07	1.14608e-06	0	0	0	0	0	7.3662e-05	0	0	-2.37059e-05	1.92165e-05	3.23591e-05	4.40924e-06	0	5.59849e-05	2.46149e-06	2.4554e-05	0.000129826	0.490154	0.0653482	0	0.0737946	0.0737946	0.00131289	0	0	0.00131289	0.139143	0.692691	10.6	2.5543e-08	0.0190683	0.0127855	0.0318051	0	0	0.00223134	0	0	1.71018e-06	0	0	0	0	0	2.88039e-08	0	0	0.974015	0.0251165	23.9	0	0	0	0	0	0	0	0
setup	0	2023-12-19 23:00:00	ANGA	204	1495.36	1	0	0	5.80331e-07	1.1435e-06	0	0	0	0	0	7.33909e-05	0	0	-2.35417e-05	1.90119e-05	3.21268e-05	4.46341e-06	0	5.56021e-05	2.45365e-06	2.44636e-05	0.00012922	0.48982	0.0653482	0	0.0739063	0.0739063	0.00131027	0	0	0.00131027	0.139254	0.692691	10.6	2.55132e-08	0.0190732	0.0127855	0.0318315	0	0	0.00223304	0	0	1.70676e-06	0	0	0	0	0	2.87702e-08	0	0	0.974053	0.0249648	23.9	0	0	0	0	0	0	0	0
setup	0	2023-12-20 23:00:00	ANGA	204	1495.36	1	0	0	5.77753e-07	1.14214e-06	0	0	0	0	0	7.31765e-05	0	0	-2.33886e-05	1.88239e-05	3.19176e-05	4.51225e-06	0	5.52538e-05	2.44755e-06	2.43922e-05	0.000128707	0.48949	0.0653482	0	0.0740179	0.0740179	0.00130766	0	0	0.00130766	0.139366	0.692691	10.6	2.54834e-08	0.0190781	0.0127855	0.0318577	0	0	0.00223473	0	0	1.70335e-06	0	0	0	0	0	2.87366e-08	0	0	0.974089	0.0248311	23.9	0	0	0	0	0	0	0	0
setup	0	2023-12-21 23:00:00	ANGA	204	1495.36	1	0	0	5.75402e-07	1.14176e-06	0	0	0	0	0	7.30106e-05	0	0	-2.32469e-05	1.86518e-05	3.17301e-05	4.55659e-06	0	5.49385e-05	2.44378e-06	2.43369e-05	0.000128282	0.489163	0.0653482	0	0.0741293	0.0741293	0.00130506	0	0	0.00130506	0.139478	0.692691	10.6	2.54536e-08	0.0190829	0.0127856	0.0318837	0	0	0.00223642	0	0	1.69996e-06	0	0	0	0	0	2.8703e-08	0	0	0.974123	0.0247148	23.9	0	0	0	0	0	0	0	0
setup	0	2023-12-22 23:00:00	ANGA	204	1495.36	1	0	0	5.73246e-07	1.14242e-06	0	0	0	0	0	7.28935e-05	0	0	-2.31165e-05	1.84948e-05	3.15636e-05	4.59697e-06	0	5.46554e-05	2.442e-06	2.42978e-05	0.000127945	0.488838	0.0653482	0	0.0742408	0.0742408	0.00130248	0	0	0.00130248	0.139589	0.692691	10.6	2.54238e-08	0.0190876	0.0127855	0.0319096	0	0	0.00223811	0	0	1.69658e-06	0	0	0	0	0	2.86694e-08	0	0	0.974155	0.0246156	23.9	0	0	0	0	0	0	0	0
setup	0	2023-12-23 23:00:00	ANGA	204	1495.36	1	0	0	5.71294e-07	1.14406e-06	0	0	0	0	0	7.28241e-05	0	0	-2.29972e-05	1.83526e-05	3.14184e-05	4.63379e-06	0	5.44047e-05	2.44223e-06	2.42747e-05	0.000127695	0.488517	0.0653482	0	0.0743525	0.0743525	0.0012999	0	0	0.0012999	0.139701	0.692691	10.6	2.53941e-08	0.0190924	0.0127855	0.0319353	0	0	0.0022398	0	0	1.69322e-06	0	0	0	0	0	2.86359e-08	0	0	0.974185	0.0245333	23.9	0	0	0	0	0	0	0	0
setup	0	2023-12-24 23:00:00	ANGA	204	1495.36	1	0	0	5.69526e-07	1.14674e-06	0	0	0	0	0	7.28036e-05	0	0	-2.2889e-05	1.82248e-05	3.12946e-05	4.66739e-06	0	5.41868e-05	2.44443e-06	2.42679e-05	0.000127532	0.488198	0.0653482	0	0.0744643	0.0744643	0.00129734	0	0	0.00129734	0.139812	0.692691	10.6	2.53643e-08	0.0190971	0.0127855	0.0319609	0	0	0.00224149	0	0	1.68987e-06	0	0	0	0	0	2.86023e-08	0	0	0.974214	0.0244679	23.9	0	0	0	0	0	0	0	0
setup	0	2023-12-25 23:00:00	ANGA	204	1495.36	1	0	0	5.67955e-07	1.15043e-06	0	0	0	0	0	7.28309e-05	0	0	-2.2792e-05	1.81112e-05	3.1195e-05	4.69816e-06	0	5.40043e-05	2.44868e-06	2.4277e-05	0.000127454	0.487881	0.0653482	0	0.0745763	0.0745763	0.00129479	0	0	0.00129479	0.139924	0.692691	10.6	2.53345e-08	0.0191018	0.0127855	0.0319863	0	0	0.00224317	0	0	1.68654e-06	0	0	0	0	0	2.85687e-08	0	0	0.974241	0.0244195	23.9	0	0	0	0	0	0	0	0
setup	0	2023-12-26 23:00:00	ANGA	204	1495.36	1	0	0	5.66707e-07	1.15534e-06	0	0	0	0	0	7.29187e-05	0	0	-2.27064e-05	1.80256e-05	3.11135e-05	4.73013e-06	0	5.38692e-05	2.455e-06	2.43062e-05	0.000127483	0.487566	0.0653482	0	0.0746888	0.0746888	0.00129224	0	0	0.00129224	0.140037	0.692691	10.6	2.53048e-08	0.0191065	0.0127854	0.0320116	0	0	0.00224486	0	0	1.68322e-06	0	0	0	0	0	2.85352e-08	0	0	0.974266	0.0243899	23.9	0	0	0	0	0	0	0	0
setup	0	2023-12-27 23:00:00	ANGA	204	1495.36	1	0	0	5.65539e-07	1.16109e-06	0	0	0	0	0	7.30443e-05	0	0	-2.26498e-05	1.79447e-05	3.10565e-05	4.76022e-06	0	5.37614e-05	2.46362e-06	2.43481e-05	0.000127582	0.487254	0.0653482	0	0.0748016	0.0748016	0.0012897	0	0	0.0012897	0.14015	0.692691	10.6	2.52751e-08	0.0191111	0.0127853	0.0320369	0	0	0.00224656	0	0	1.67991e-06	0	0	0	0	0	2.85017e-08	0	0	0.974291	0.0243752	23.9	0	0	0	0	0	0	0	0
setup	0	2023-12-28 23:00:00	ANGA	204	1495.36	1	0	0	5.6464e-07	1.16776e-06	0	0	0	0	0	7.32273e-05	0	0	-2.25959e-05	1.78877e-05	3.10241e-05	4.78849e-06	0	5.37003e-05	2.47399e-06	2.44091e-05	0.000127783	0.486943	0.0653482	0	0.074915	0.074915	0.00128718	0	0	0.00128718	0.140263	0.692691	10.6	2.52454e-08	0.0191158	0.0127853	0.0320621	0	0	0.00224826	0	0	1.67662e-06	0	0	0	0	0	2.84682e-08	0	0	0.974314	0.0243793	23.9	0	0	0	0	0	0	0	0
setup	0	2023-12-29 23:00:00	ANGA	204	1495.36	1	0	0	5.63946e-07	1.1755e-06	0	0	0	0	0	7.34563e-05	0	0	-2.25641e-05	1.7845e-05	3.10168e-05	4.81431e-06	0	5.36762e-05	2.48623e-06	2.44854e-05	0.000128071	0.486633	0.0653482	0	0.0750289	0.0750289	0.00128466	0	0	0.00128466	0.140377	0.692691	10.6	2.52157e-08	0.0191204	0.0127852	0.0320872	0	0	0.00224996	0	0	1.67333e-06	0	0	0	0	0	2.84347e-08	0	0	0.974336	0.0244003	23.9	0	0	0	0	0	0	0	0
setup	0	2023-12-30 23:00:00	ANGA	204	1495.36	1	0	0	5.63464e-07	1.18415e-06	0	0	0	0	0	7.37365e-05	0	0	-2.25439e-05	1.78216e-05	3.10369e-05	4.83756e-06	0	5.36961e-05	2.50057e-06	2.45788e-05	0.000128453	0.486325	0.0653482	0	0.0751435	0.0751435	0.00128214	0	0	0.00128214	0.140492	0.692691	10.6	2.51861e-08	0.019125	0.0127851	0.0321123	0	0	0.00225167	0	0	1.67005e-06	0	0	0	0	0	2.84013e-08	0	0	0.974357	0.0244394	23.9	0	0	0	0	0	0	0	0
setup	0	2023-12-31 23:00:00	ANGA	204	1495.36	1	0	0	5.74191e-07	1.18321e-06	0	0	0	0	0	7.40798e-05	0	0	-2.25404e-05	1.78269e-05	3.10782e-05	4.86174e-06	0	5.37668e-05	2.51686e-06	2.46933e-05	0.000128949	0.486018	0.0653482	0	0.0752589	0.0752589	0.00127964	0	0	0.00127964	0.140607	0.692691	10.6	2.51564e-08	0.0191296	0.012785	0.0321373	0	0	0.00225339	0	0	1.66679e-06	0	0	0	0	0	2.83679e-08	0	0	0.974377	0.0244982	23.9	0	0	0	0	0	0	0	0
setup	0	2024-01-01 23:00:00	ANGA	204	1495.36	1	0	0	5.70703e-07	1.19741e-06	0	0	0	0	0	7.44644e-05	0	0	-2.25664e-05	1.78389e-05	3.11461e-05	4.88445e-06	0	5.38694e-05	2.51972e-06	2.48215e-05	0.00012952	0.485712	0.0653482	0	0.0753751	0.0753751	0.00127713	0	0	0.00127713	0.140723	0.692691	10.6	2.51268e-08	0.0191342	0.0127849	0.0321624	0	0	0.00225512	0	0	1.66353e-06	0	0	0	0	0	2.83345e-08	0	0	0.974396	0.024573	23.9	0	0	0	0	0	0	0	0
setup	0	2024-01-02 23:00:00	ANGA	204	1495.36	1	0	0	4.87585e-07	1.03874e-06	0	0	0	0	0	6.59537e-05	0	0	-2.26089e-05	1.78828e-05	3.12444e-05	4.90835e-06	0	5.40355e-05	2.4855e-06	2.19846e-05	0.000118233	0.485402	0.0653482	0	0.0754722	0.0754722	0.00127464	0	0	0.00127464	0.14082	0.692691	10.6	2.50972e-08	0.0191388	0.0127881	0.0321875	0	0	0.00225686	0	0	1.66027e-06	0	0	0	0	0	2.83011e-08	0	0	0.974414	0.0233119	23.9	0	0	0	0	0	0	0	0
setup	0	2024-01-03 23:00:00	ANGA	204	1495.36	1	0	0	4.86781e-07	1.05226e-06	0	0	0	0	0	6.64491e-05	0	0	-2.26732e-05	1.79313e-05	3.13519e-05	4.9307e-06	0	5.42139e-05	2.21644e-06	2.21497e-05	0.000118958	0.485092	0.0653482	0	0.0755703	0.0755703	0.00127214	0	0	0.00127214	0.140918	0.692691	10.6	2.50677e-08	0.0191434	0.012788	0.0322126	0	0	0.00225836	0	0	1.65703e-06	0	0	0	0	0	2.82678e-08	0	0	0.974432	0.0234177	23.9	0	0	0	0	0	0	0	0
setup	0	2024-01-04 23:00:00	ANGA	204	1495.36	1	0	0	4.88488e-07	1.07035e-06	0	0	0	0	0	6.71882e-05	0	0	-2.27402e-05	1.80005e-05	3.14894e-05	4.95034e-06	0	5.44402e-05	2.24322e-06	2.23961e-05	0.000119781	0.484783	0.0653482	0	0.0756699	0.0756699	0.00126965	0	0	0.00126965	0.141018	0.692691	10.6	2.50382e-08	0.019148	0.0127878	0.0322378	0	0	0.00225987	0	0	1.65379e-06	0	0	0	0	0	2.82346e-08	0	0	0.974449	0.0235427	23.9	0	0	0	0	0	0	0	0
setup	0	2024-01-05 23:00:00	ANGA	204	1495.36	1	0	0	4.88998e-07	1.0852e-06	0	0	0	0	0	6.77717e-05	0	0	-2.28253e-05	1.81002e-05	3.16502e-05	4.97095e-06	0	5.47214e-05	2.27685e-06	2.25906e-05	0.000120722	0.484473	0.0653482	0	0.0757707	0.0757707	0.00126717	0	0	0.00126717	0.141119	0.692691	10.6	2.50087e-08	0.0191527	0.0127876	0.0322631	0	0	0.0022614	0	0	1.65055e-06	0	0	0	0	0	2.82013e-08	0	0	0.974465	0.0236885	23.9	0	0	0	0	0	0	0	0
setup	0	2024-01-06 23:00:00	ANGA	204	1495.36	1	0	0	4.89845e-07	1.10042e-06	0	0	0	0	0	6.83901e-05	0	0	-2.29417e-05	1.82061e-05	3.18366e-05	4.99017e-06	0	5.50329e-05	2.30522e-06	2.27967e-05	0.000121739	0.484162	0.0653482	0	0.0758725	0.0758725	0.00126468	0	0	0.00126468	0.141221	0.692691	10.6	2.49793e-08	0.0191573	0.0127875	0.0322885	0	0	0.00226294	0	0	1.64731e-06	0	0	0	0	0	2.81682e-08	0	0	0.974481	0.0238508	23.9	0	0	0	0	0	0	0	0
setup	0	2024-01-07 23:00:00	ANGA	204	1495.36	1	0	0	4.91092e-07	1.11624e-06	0	0	0	0	0	6.90602e-05	0	0	-2.30628e-05	1.8333e-05	3.2052e-05	5.00704e-06	0	5.5392e-05	2.33461e-06	2.30201e-05	0.000122844	0.483851	0.0653482	0	0.0759755	0.0759755	0.00126219	0	0	0.00126219	0.141324	0.692691	10.6	2.49499e-08	0.019162	0.0127873	0.032314	0	0	0.00226451	0	0	1.64408e-06	0	0	0	0	0	2.8135e-08	0	0	0.974496	0.0240312	23.9	0	0	0	0	0	0	0	0
setup	0	2024-01-08 23:00:00	ANGA	204	1495.36	1	0	0	4.92764e-07	1.13288e-06	0	0	0	0	0	6.97769e-05	0	0	-2.32023e-05	1.84805e-05	3.22958e-05	5.022e-06	0	5.57983e-05	2.36534e-06	2.3259e-05	0.00012404	0.483539	0.0653482	0	0.0760799	0.0760799	0.00125971	0	0	0.00125971	0.141428	0.692691	10.6	2.49206e-08	0.0191666	0.0127871	0.0323396	0	0	0.00226609	0	0	1.64085e-06	0	0	0	0	0	2.81019e-08	0	0	0.974511	0.0242295	23.9	0	0	0	0	0	0	0	0
setup	0	2024-01-09 23:00:00	ANGA	204	1495.36	1	0	0	4.94753e-07	1.1503e-06	0	0	0	0	0	7.05422e-05	0	0	-2.33603e-05	1.86484e-05	3.257e-05	5.03542e-06	0	5.62538e-05	2.39781e-06	2.35141e-05	0.000125329	0.483226	0.0653482	0	0.0761856	0.0761856	0.00125723	0	0	0.00125723	0.141534	0.692691	10.6	2.48913e-08	0.0191713	0.0127869	0.0323654	0	0	0.00226768	0	0	1.63762e-06	0	0	0	0	0	2.80689e-08	0	0	0.974525	0.0244465	23.9	0	0	0	0	0	0	0	0
setup	0	2024-01-10 23:00:00	ANGA	204	1495.36	1	0	0	3.50779e-07	8.24616e-07	0	0	0	0	0	5.40669e-05	0	0	-2.35635e-05	1.88524e-05	3.28426e-05	5.05815e-06	0	5.67532e-05	2.31667e-06	1.80223e-05	0.000103637	0.482902	0.0653482	0	0.0762542	0.0762542	0.00125474	0	0	0.00125474	0.141602	0.692691	10.6	2.4862e-08	0.0191761	0.0127932	0.0323914	0	0	0.0022693	0	0	1.6344e-06	0	0	0	0	0	2.80359e-08	0	0	0.974538	0.0220341	23.9	0	0	0	0	0	0	0	0
setup	0	2024-01-11 23:00:00	ANGA	204	1495.36	1	0	0	3.48429e-07	8.29653e-07	0	0	0	0	0	5.43031e-05	0	0	-2.3787e-05	1.905e-05	3.31355e-05	5.0841e-06	0	5.72696e-05	1.76372e-06	1.8101e-05	0.000104136	0.482576	0.0653482	0	0.0763229	0.0763229	0.00125226	0	0	0.00125226	0.141671	0.692691	10.6	2.48329e-08	0.0191809	0.0127933	0.0324177	0	0	0.00227045	0	0	1.63117e-06	0	0	0	0	0	2.8003e-08	0	0	0.974552	0.022168	23.9	0	0	0	0	0	0	0	0
setup	0	2024-01-12 23:00:00	ANGA	204	1495.36	1	0	0	3.54442e-07	8.5456e-07	0	0	0	0	0	5.55162e-05	0	0	-2.40056e-05	1.92634e-05	3.34516e-05	5.10545e-06	0	5.78204e-05	1.7796e-06	1.85054e-05	0.000105486	0.482248	0.0653482	0	0.0763938	0.0763938	0.00124977	0	0	0.00124977	0.141742	0.692691	10.6	2.48037e-08	0.0191857	0.0127929	0.0324442	0	0	0.0022716	0	0	1.62793e-06	0	0	0	0	0	2.79702e-08	0	0	0.974564	0.0224054	23.9	0	0	0	0	0	0	0	0
setup	0	2024-01-13 23:00:00	ANGA	204	1495.36	1	0	0	3.5716e-07	8.71737e-07	0	0	0	0	0	5.6337e-05	0	0	-2.42361e-05	1.94977e-05	3.37981e-05	5.12376e-06	0	5.84195e-05	1.82663e-06	1.8779e-05	0.000106904	0.481918	0.0653482	0	0.076466	0.076466	0.00124728	0	0	0.00124728	0.141814	0.692691	10.6	2.47746e-08	0.0191906	0.0127928	0.0324709	0	0	0.00227278	0	0	1.6247e-06	0	0	0	0	0	2.79374e-08	0	0	0.974577	0.0226577	23.9	0	0	0	0	0	0	0	0
setup	0	2024-01-14 23:00:00	ANGA	204	1495.36	1	0	0	3.59823e-07	8.88872e-07	0	0	0	0	0	5.71613e-05	0	0	-2.44841e-05	1.97548e-05	3.41751e-05	5.14001e-06	0	5.90699e-05	1.86054e-06	1.90538e-05	0.000108387	0.481584	0.0653482	0	0.0765395	0.0765395	0.00124478	0	0	0.00124478	0.141888	0.692691	10.6	2.47456e-08	0.0191955	0.0127926	0.0324979	0	0	0.00227398	0	0	1.62146e-06	0	0	0	0	0	2.79047e-08	0	0	0.974589	0.0229247	23.9	0	0	0	0	0	0	0	0
setup	0	2024-01-15 23:00:00	ANGA	204	1495.36	1	0	0	3.62597e-07	9.06423e-07	0	0	0	0	0	5.80137e-05	0	0	-2.47528e-05	2.00332e-05	3.45832e-05	5.15442e-06	0	5.97708e-05	1.89457e-06	1.93379e-05	0.000109924	0.481248	0.0653482	0	0.0766143	0.0766143	0.00124228	0	0	0.00124228	0.141962	0.692691	10.6	2.47167e-08	0.0192004	0.0127925	0.0325252	0	0	0.0022752	0	0	1.61822e-06	0	0	0	0	0	2.7872e-08	0	0	0.974601	0.023205	23.9	0	0	0	0	0	0	0	0
setup	0	2024-01-16 23:00:00	ANGA	204	1495.36	1	0	0	3.65337e-07	9.24165e-07	0	0	0	0	0	5.88828e-05	0	0	-2.50407e-05	2.03347e-05	3.50231e-05	5.1672e-06	0	6.0525e-05	1.9294e-06	1.96276e-05	0.000111513	0.480909	0.0653482	0	0.0766904	0.0766904	0.00123978	0	0	0.00123978	0.142039	0.692691	10.6	2.46878e-08	0.0192054	0.0127923	0.0325528	0	0	0.00227644	0	0	1.61497e-06	0	0	0	0	0	2.78394e-08	0	0	0.974612	0.0234987	23.9	0	0	0	0	0	0	0	0
setup	0	2024-01-17 23:00:00	ANGA	204	1495.36	1	0	0	3.68045e-07	9.41929e-07	0	0	0	0	0	5.9762e-05	0	0	-2.53499e-05	2.06594e-05	3.54948e-05	5.17861e-06	0	6.13329e-05	1.9646e-06	1.99207e-05	0.000113148	0.480566	0.0653482	0	0.0767677	0.0767677	0.00123727	0	0	0.00123727	0.142116	0.692691	10.6	2.4659e-08	0.0192105	0.0127921	0.0325808	0	0	0.0022777	0	0	1.61171e-06	0	0	0	0	0	2.78069e-08	0	0	0.974623	0.0238048	23.9	0	0	0	0	0	0	0	0
setup	0	2024-01-18 23:00:00	ANGA	204	1495.36	1	0	0	3.7074e-07	9.59931e-07	0	0	0	0	0	6.06606e-05	0	0	-2.56807e-05	2.10073e-05	3.59978e-05	5.18896e-06	0	6.21941e-05	1.99996e-06	2.02202e-05	0.000114839	0.48022	0.0653482	0	0.0768464	0.0768464	0.00123476	0	0	0.00123476	0.142195	0.692691	10.6	2.46302e-08	0.0192156	0.012792	0.032609	0	0	0.00227899	0	0	1.60845e-06	0	0	0	0	0	2.77745e-08	0	0	0.974634	0.0241251	23.9	0	0	0	0	0	0	0	0
setup	0	2024-01-19 23:00:00	ANGA	204	1495.36	1	0	0	3.73523e-07	9.78365e-07	0	0	0	0	0	6.15892e-05	0	0	-2.60333e-05	2.13784e-05	3.65302e-05	5.19869e-06	0	6.31073e-05	2.03591e-06	2.05297e-05	0.000116602	0.479869	0.0653482	0	0.0769263	0.0769263	0.00123224	0	0	0.00123224	0.142274	0.692691	10.6	2.46015e-08	0.0192208	0.0127919	0.0326377	0	0	0.00228029	0	0	1.60519e-06	0	0	0	0	0	2.77421e-08	0	0	0.974645	0.0244617	23.9	0	0	0	0	0	0	0	0
setup	0	2024-01-20 23:00:00	ANGA	204	1495.36	1	0	0	3.76339e-07	9.97151e-07	0	0	0	0	0	6.25432e-05	0	0	-2.64084e-05	2.17702e-05	3.70916e-05	5.20781e-06	0	6.40696e-05	2.07274e-06	2.08477e-05	0.000118427	0.479514	0.0653482	0	0.0770075	0.0770075	0.00122971	0	0	0.00122971	0.142356	0.692691	10.6	2.45729e-08	0.019226	0.0127917	0.0326668	0	0	0.00228161	0	0	1.60191e-06	0	0	0	0	0	2.77098e-08	0	0	0.974655	0.0248136	23.9	0	0	0	0	0	0	0	0
setup	0	2024-01-21 23:00:00	ANGA	204	1495.36	1	0	0	3.79181e-07	1.01624e-06	0	0	0	0	0	6.35209e-05	0	0	-2.68032e-05	2.21834e-05	3.76839e-05	5.21604e-06	0	6.50834e-05	2.11031e-06	2.11736e-05	0.000120313	0.479155	0.0653482	0	0.07709	0.07709	0.00122718	0	0	0.00122718	0.142438	0.692691	10.6	2.45443e-08	0.0192313	0.0127916	0.0326963	0	0	0.00228296	0	0	1.59863e-06	0	0	0	0	0	2.76776e-08	0	0	0.974665	0.0251809	23.9	0	0	0	0	0	0	0	0
setup	0	2024-01-22 23:00:00	ANGA	204	1495.36	1	0	0	3.8206e-07	1.0356e-06	0	0	0	0	0	6.45203e-05	0	0	-2.72184e-05	2.26198e-05	3.83092e-05	5.22325e-06	0	6.61522e-05	2.14852e-06	2.15068e-05	0.000122259	0.478791	0.0653482	0	0.0771739	0.0771739	0.00122463	0	0	0.00122463	0.142522	0.692691	10.6	2.45158e-08	0.0192367	0.0127915	0.0327262	0	0	0.00228433	0	0	1.59533e-06	0	0	0	0	0	2.76455e-08	0	0	0.974675	0.0255639	23.9	0	0	0	0	0	0	0	0
setup	0	2024-01-23 23:00:00	ANGA	204	1495.36	1	0	0	3.84912e-07	1.0552e-06	0	0	0	0	0	6.55385e-05	0	0	-2.76554e-05	2.30807e-05	3.89682e-05	5.22952e-06	0	6.72784e-05	2.18731e-06	2.18462e-05	0.000124263	0.478422	0.0653482	0	0.077259	0.077259	0.00122208	0	0	0.00122208	0.142607	0.692691	10.6	2.44874e-08	0.0192421	0.0127913	0.0327566	0	0	0.00228572	0	0	1.59202e-06	0	0	0	0	0	2.76135e-08	0	0	0.974684	0.0259624	23.9	0	0	0	0	0	0	0	0
setup	0	2024-01-24 23:00:00	ANGA	204	1495.36	1	0	0	3.8776e-07	1.07497e-06	0	0	0	0	0	6.65742e-05	0	0	-2.81157e-05	2.35666e-05	3.96583e-05	5.23538e-06	0	6.84603e-05	2.2266e-06	2.21914e-05	0.000126323	0.478047	0.0653482	0	0.0773455	0.0773455	0.00121952	0	0	0.00121952	0.142694	0.692691	10.6	2.44591e-08	0.0192477	0.0127912	0.0327875	0	0	0.00228713	0	0	1.58871e-06	0	0	0	0	0	2.75815e-08	0	0	0.974694	0.0263764	23.9	0	0	0	0	0	0	0	0
setup	0	2024-01-25 23:00:00	ANGA	204	1495.36	1	0	0	3.90492e-07	1.09478e-06	0	0	0	0	0	6.76205e-05	0	0	-2.86004e-05	2.40742e-05	4.03814e-05	5.24052e-06	0	6.96961e-05	2.26623e-06	2.25402e-05	0.000128428	0.477667	0.0653482	0	0.0774332	0.0774332	0.00121695	0	0	0.00121695	0.142781	0.692691	10.6	2.44309e-08	0.0192533	0.0127911	0.0328189	0	0	0.00228856	0	0	1.58538e-06	0	0	0	0	0	2.75497e-08	0	0	0.974703	0.0268046	23.9	0	0	0	0	0	0	0	0
setup	0	2024-01-26 23:00:00	ANGA	204	1495.36	1	0	0	3.93179e-07	1.11465e-06	0	0	0	0	0	6.86802e-05	0	0	-2.91057e-05	2.46073e-05	4.11397e-05	5.24486e-06	0	7.09919e-05	2.30601e-06	2.28934e-05	0.000130583	0.47728	0.0653482	0	0.0775221	0.0775221	0.00121437	0	0	0.00121437	0.14287	0.692691	10.6	2.44027e-08	0.019259	0.012791	0.0328509	0	0	0.00229002	0	0	1.58203e-06	0	0	0	0	0	2.75179e-08	0	0	0.974712	0.0272482	23.9	0	0	0	0	0	0	0	0
setup	0	2024-01-27 23:00:00	ANGA	204	1495.36	1	0	0	3.22397e-07	9.24211e-07	0	0	0	0	0	5.97422e-05	0	0	-2.9657e-05	2.51661e-05	4.19419e-05	5.24892e-06	0	7.23569e-05	2.27922e-06	1.99141e-05	0.000119422	0.476881	0.0653482	0	0.07759	0.07759	0.00121177	0	0	0.00121177	0.142938	0.692691	10.6	2.43746e-08	0.0192648	0.0127946	0.0328835	0	0	0.0022915	0	0	1.57867e-06	0	0	0	0	0	2.74863e-08	0	0	0.974721	0.0260814	23.9	0	0	0	0	0	0	0	0
setup	0	2024-01-28 23:00:00	ANGA	204	1495.36	1	0	0	3.47318e-07	1.00772e-06	0	0	0	0	0	6.38815e-05	0	0	-3.02056e-05	2.57472e-05	4.27504e-05	5.25236e-06	0	7.375e-05	1.98484e-06	2.12938e-05	0.0001257	0.476477	0.0653482	0	0.0776658	0.0776658	0.00120916	0	0	0.00120916	0.143014	0.692691	10.6	2.43467e-08	0.0192708	0.0127934	0.0329167	0	0	0.00229272	0	0	1.5753e-06	0	0	0	0	0	2.74547e-08	0	0	0.974731	0.0270268	23.9	0	0	0	0	0	0	0	0
setup	0	2024-01-29 23:00:00	ANGA	204	1495.36	1	0	0	4.01209e-07	1.17762e-06	0	0	0	0	0	7.20689e-05	0	0	-3.07664e-05	2.63551e-05	4.35937e-05	5.25507e-06	0	7.52039e-05	2.17956e-06	2.4023e-05	0.000137123	0.476071	0.0653482	0	0.0777587	0.0777587	0.00120654	0	0	0.00120654	0.143107	0.692691	10.6	2.43188e-08	0.0192768	0.0127907	0.0329504	0	0	0.00229405	0	0	1.57191e-06	0	0	0	0	0	2.74233e-08	0	0	0.974744	0.0286403	23.9	0	0	0	0	0	0	0	0
setup	0	2024-01-30 23:00:00	ANGA	204	1495.36	1	0	0	4.02036e-07	1.19276e-06	0	0	0	0	0	7.29253e-05	0	0	-3.13688e-05	2.69897e-05	4.44918e-05	5.25713e-06	0	7.67387e-05	2.47095e-06	2.43084e-05	0.000139279	0.475658	0.0653482	0	0.0778521	0.0778521	0.00120391	0	0	0.00120391	0.1432	0.692691	10.6	2.4291e-08	0.0192829	0.0127908	0.0329849	0	0	0.0022956	0	0	1.56851e-06	0	0	0	0	0	2.7392e-08	0	0	0.974766	0.029119	23.9	0	0	0	0	0	0	0	0
setup	0	2024-01-31 23:00:00	ANGA	204	1495.36	1	0	0	3.30796e-07	9.78626e-07	0	0	0	0	0	6.31877e-05	0	0	-3.20218e-05	2.76513e-05	4.544e-05	5.25862e-06	0	7.835e-05	2.43081e-06	2.10626e-05	0.000127435	0.475229	0.0653482	0	0.0779224	0.0779224	0.00120126	0	0	0.00120126	0.143271	0.692691	10.6	2.42633e-08	0.0192892	0.0127947	0.03302	0	0	0.00229717	0	0	1.56508e-06	0	0	0	0	0	2.73607e-08	0	0	0.974821	0.0278711	23.9	0	0	0	0	0	0	0	0
setup	0	2024-02-01 23:00:00	ANGA	204	1495.36	1	0	0	3.29232e-07	9.91912e-07	0	0	0	0	0	6.39746e-05	0	0	-3.26768e-05	2.83395e-05	4.63979e-05	5.25949e-06	0	7.9997e-05	2.07545e-06	2.13249e-05	0.000129365	0.474792	0.0653482	0	0.0779931	0.0779931	0.0011986	0	0	0.0011986	0.143341	0.692691	10.6	2.42357e-08	0.0192955	0.0127948	0.0330558	0	0	0.00229845	0	0	1.56164e-06	0	0	0	0	0	2.73296e-08	0	0	0.97501	0.0283312	23.9	0	0	0	0	0	0	0	0
setup	0	2024-02-02 23:00:00	ANGA	204	1495.36	1	0	0	3.4516e-07	1.05518e-06	0	0	0	0	0	6.71236e-05	0	0	-3.33519e-05	2.90555e-05	4.739e-05	5.25973e-06	0	8.17052e-05	2.1178e-06	2.23745e-05	0.000134144	0.474347	0.0653482	0	0.0780693	0.0780693	0.00119592	0	0	0.00119592	0.143417	0.692691	10.6	2.42082e-08	0.019302	0.012794	0.0330924	0	0	0.00229974	0	0	1.55818e-06	0	0	0	0	0	2.72986e-08	0	0	0.975679	0.0291501	23.9	0	0	0	0	0	0	0	0
setup	0	2024-02-03 23:00:00	ANGA	204	1495.36	1	0	0	4.03201e-07	1.24908e-06	0	0	0	0	0	7.6376e-05	0	0	-3.40385e-05	2.97995e-05	4.84147e-05	5.2594e-06	0	8.34736e-05	2.28515e-06	2.54587e-05	0.000147507	0.473901	0.0653482	0	0.0781645	0.0781645	0.00119322	0	0	0.00119322	0.143513	0.692691	10.6	2.41808e-08	0.0193086	0.012791	0.0331298	0	0	0.00230112	0	0	1.55469e-06	0	0	0	0	0	2.72677e-08	0	0	0.977504	0.0310767	23.9	0	0	0	0	0	0	0	0
setup	0	2024-02-04 23:00:00	ANGA	204	1495.4	1	0	0	4.00887e-07	1.2569e-06	0	0	0	0	0	7.69299e-05	0	0	-3.47732e-05	3.0572e-05	4.95016e-05	5.25856e-06	0	8.53321e-05	2.61429e-06	2.56433e-05	0.000149407	0.473445	0.0653482	0	0.0782593	0.0782593	0.00119051	0	0	0.00119051	0.143607	0.692691	10.6	2.41535e-08	0.0193154	0.0127912	0.0331679	0	0	0.00230274	0	0	1.55119e-06	0	0	0	0	0	2.7237e-08	0	0	0.981107	0.0315699	23.9	0	0	0	0	0	0	0	0
setup	0	2024-02-05 23:00:00	ANGA	204	1495.53	1	0	0	4.0165e-07	1.25481e-06	0	0	0	0	0	7.72855e-05	0	0	-3.5536e-05	3.13732e-05	5.06275e-05	5.25728e-06	0	8.7258e-05	2.629e-06	2.57618e-05	0.000151265	0.472979	0.0653482	0	0.0783533	0.0783533	0.00118778	0	0	0.00118778	0.143701	0.692691	10.6	2.41263e-08	0.0193222	0.0127915	0.0332069	0	0	0.00230437	0	0	1.54766e-06	0	0	0	0	0	2.72063e-08	0	0	0.975648	0.0320678	23.9	0	0	0	0	0	0	0	0
setup	0	2024-02-06 23:00:00	ANGA	204	1495.74	1	0	0	4.01474e-07	1.25889e-06	0	0	0	0	0	7.78416e-05	0	0	-3.63261e-05	3.2273e-05	5.17925e-05	5.25557e-06	0	8.93211e-05	2.62943e-06	2.59472e-05	0.000153115	0.472503	0.0653482	0	0.0784467	0.0784467	0.00118503	0	0	0.00118503	0.143795	0.692691	10.6	2.40993e-08	0.0193293	0.0127918	0.0332467	0	0	0.002306	0	0	1.54411e-06	0	0	0	0	0	2.71758e-08	0	0	0.972343	0.0325754	23.9	0	0	0	0	0	0	0	0
setup	0	2024-02-07 23:00:00	ANGA	204	1496.03	1	0	0	4.01847e-07	1.26245e-06	0	0	0	0	0	7.84132e-05	0	0	-3.72142e-05	3.32084e-05	5.29247e-05	5.25344e-06	0	9.13865e-05	2.63985e-06	2.61377e-05	0.000155021	0.472015	0.0653482	0	0.0785395	0.0785395	0.00118226	0	0	0.00118226	0.143888	0.692691	10.6	2.40723e-08	0.0193364	0.012792	0.0332875	0	0	0.00230764	0	0	1.54053e-06	0	0	0	0	0	2.71454e-08	0	0	0.971158	0.0330939	23.9	0	0	0	0	0	0	0	0
setup	0	2024-02-08 23:00:00	ANGA	204	1496.41	1	0	0	4.78187e-07	1.20046e-06	0	0	0	0	0	7.94056e-05	0	0	-3.81358e-05	3.39535e-05	5.41134e-05	5.25093e-06	0	9.33177e-05	2.65231e-06	2.64685e-05	0.000157476	0.471516	0.0653482	0	0.0786325	0.0786325	0.00117946	0	0	0.00117946	0.143981	0.692691	10.6	2.40455e-08	0.0193438	0.0127922	0.0333293	0	0	0.00230927	0	0	1.53693e-06	0	0	0	0	0	2.71151e-08	0	0	0.982897	0.0335306	23.9	0	0	0	0	0	0	0	0
setup	0	2024-02-09 23:00:00	ANGA	204	1496.88	1	0	0	4.58371e-07	1.24407e-06	0	0	0	0	0	8.07489e-05	0	0	-3.88654e-05	3.45712e-05	5.54276e-05	5.24806e-06	0	9.52468e-05	2.57336e-06	2.69163e-05	0.000160458	0.471008	0.0653482	0	0.0787268	0.0787268	0.00117665	0	0	0.00117665	0.144075	0.692691	10.6	2.40188e-08	0.0193513	0.0127922	0.0333719	0	0	0.00231092	0	0	1.5333e-06	0	0	0	0	0	2.7085e-08	0	0	0.986911	0.0338877	23.9	0	0	0	0	0	0	0	0
setup	0	2024-02-10 23:00:00	ANGA	204	1497.45	1	0	0	5.56107e-07	1.1748e-06	0	0	0	0	0	8.21545e-05	0	0	-3.94665e-05	3.53136e-05	5.67871e-05	5.2448e-06	0	9.73455e-05	2.65034e-06	2.73848e-05	0.000163558	0.470494	0.0653482	0	0.078823	0.078823	0.00117383	0	0	0.00117383	0.144171	0.692691	10.6	2.39922e-08	0.0193589	0.012792	0.0334152	0	0	0.0023126	0	0	1.52965e-06	0	0	0	0	0	2.70551e-08	0	0	0.982983	0.0342564	23.9	0	0	0	0	0	0	0	0
setup	0	2024-02-11 23:00:00	ANGA	204	1498.12	1	0	0	5.28958e-07	1.23068e-06	0	0	0	0	0	8.35009e-05	0	0	-4.01915e-05	3.60835e-05	5.81927e-05	5.24186e-06	0	9.95181e-05	2.5632e-06	2.78336e-05	0.000166779	0.469971	0.0653482	0	0.0789206	0.0789206	0.00117099	0	0	0.00117099	0.144269	0.692691	10.6	2.39658e-08	0.0193667	0.0127919	0.0334593	0	0	0.0023143	0	0	1.52598e-06	0	0	0	0	0	2.70252e-08	0	0	0.982401	0.0346371	23.9	0	0	0	0	0	0	0	0
setup	0	2024-02-12 23:00:00	ANGA	204	1498.88	1	0	0	5.13366e-07	1.27825e-06	0	0	0	0	0	8.5029e-05	0	0	-4.09433e-05	3.68794e-05	5.96444e-05	5.238e-06	0	0.000101762	2.65972e-06	2.8343e-05	0.000170126	0.46944	0.0653482	0	0.0790199	0.0790199	0.00116814	0	0	0.00116814	0.144368	0.692691	10.6	2.39394e-08	0.0193746	0.0127918	0.0335042	0	0	0.00231604	0	0	1.52229e-06	0	0	0	0	0	2.69955e-08	0	0	0.980231	0.03503	23.9	0	0	0	0	0	0	0	0
setup	0	2024-02-13 23:00:00	ANGA	204	1499.75	1	0	0	6.10206e-07	1.21086e-06	0	0	0	0	0	8.64828e-05	0	0	-4.17197e-05	3.77016e-05	6.11436e-05	5.23362e-06	0	0.000104079	2.74418e-06	2.88276e-05	0.000173602	0.4689	0.0653482	0	0.0791207	0.0791207	0.00116527	0	0	0.00116527	0.144469	0.692691	10.6	2.39131e-08	0.0193826	0.0127917	0.03355	0	0	0.0023178	0	0	1.51858e-06	0	0	0	0	0	2.69659e-08	0	0	0.983088	0.0354352	23.9	0	0	0	0	0	0	0	0
setup	0	2024-02-14 23:00:00	ANGA	204	1500.72	1	0	0	5.91621e-07	1.26266e-06	0	0	0	0	0	8.80835e-05	0	0	-4.25208e-05	3.85505e-05	6.26901e-05	5.22966e-06	0	0.00010647	2.66164e-06	2.93612e-05	0.00017731	0.468351	0.0653482	0	0.0792233	0.0792233	0.00116239	0	0	0.00116239	0.144571	0.692691	10.6	2.3887e-08	0.0193908	0.0127916	0.0335966	0	0	0.0023196	0	0	1.51485e-06	0	0	0	0	0	2.69363e-08	0	0	0.983276	0.0358528	23.9	0	0	0	0	0	0	0	0
setup	0	2024-02-15 23:00:00	ANGA	204	1501.8	1	0	0	6.1489e-07	1.28107e-06	0	0	0	0	0	8.99969e-05	0	0	-4.33475e-05	3.94265e-05	6.42848e-05	5.22475e-06	0	0.000108936	2.75553e-06	2.9999e-05	0.000181317	0.467792	0.0653482	0	0.0793284	0.0793284	0.00115948	0	0	0.00115948	0.144677	0.692691	10.6	2.38609e-08	0.0193991	0.0127914	0.0336441	0	0	0.00232142	0	0	1.5111e-06	0	0	0	0	0	2.6907e-08	0	0	0.982933	0.036283	23.9	0	0	0	0	0	0	0	0
setup	0	2024-02-16 23:00:00	ANGA	204	1502.99	1	0	0	6.22437e-07	1.31653e-06	0	0	0	0	0	9.19713e-05	0	0	-4.41993e-05	4.033e-05	6.59291e-05	5.22013e-06	0	0.000111479	2.80261e-06	3.06571e-05	0.000185629	0.467225	0.0653482	0	0.0794359	0.0794359	0.00115656	0	0	0.00115656	0.144784	0.692691	10.6	2.3835e-08	0.0194076	0.0127911	0.0336926	0	0	0.00232329	0	0	1.50733e-06	0	0	0	0	0	2.68777e-08	0	0	0.986533	0.0367264	23.9	0	0	0	0	0	0	0	0
setup	0	2024-02-17 23:00:00	ANGA	204	1504.29	1	0	0	6.2796e-07	1.36008e-06	0	0	0	0	0	9.41744e-05	0	0	-4.50775e-05	4.12615e-05	6.76235e-05	5.21514e-06	0	0.0001141	2.8763e-06	3.13915e-05	0.00019025	0.466648	0.0653482	0	0.0795465	0.0795465	0.00115362	0	0	0.00115362	0.144895	0.692691	10.6	2.38091e-08	0.0194162	0.0127908	0.033742	0	0	0.0023252	0	0	1.50353e-06	0	0	0	0	0	2.68486e-08	0	0	0.976419	0.0371828	23.9	0	0	0	0	0	0	0	0
setup	0	2024-02-18 23:00:00	ANGA	204	1505.7	1	0	0	6.44972e-07	1.39674e-06	0	0	0	0	0	9.65546e-05	0	0	-4.59818e-05	4.22213e-05	6.93694e-05	5.20836e-06	0	0.000116799	2.96399e-06	3.21849e-05	0.000195185	0.466061	0.0653482	0	0.0796603	0.0796603	0.00115066	0	0	0.00115066	0.145008	0.692691	10.6	2.37834e-08	0.019425	0.0127905	0.0337924	0	0	0.00232716	0	0	1.4997e-06	0	0	0	0	0	2.68196e-08	0	0	0.975112	0.0376527	23.9	0	0	0	0	0	0	0	0
setup	0	2024-02-19 23:00:00	ANGA	204	1507.23	1	0	0	8.28962e-07	1.27247e-06	0	0	0	0	0	9.91632e-05	0	0	-4.6911e-05	4.32099e-05	7.11675e-05	5.20196e-06	0	0.000119579	3.04393e-06	3.30544e-05	0.000200491	0.465465	0.0653482	0	0.0797779	0.0797779	0.00114768	0	0	0.00114768	0.145126	0.692691	10.6	2.37578e-08	0.0194339	0.0127901	0.0338438	0	0	0.00232918	0	0	1.49586e-06	0	0	0	0	0	2.67907e-08	0	0	0.982998	0.0381484	23.9	0	0	0	0	0	0	0	0
setup	0	2024-02-20 23:00:00	ANGA	204	1508.88	1	0	0	9.54224e-07	1.62029e-06	0	0	0	0	0	0.000116397	0	0	-4.78172e-05	4.42277e-05	7.29898e-05	5.19622e-06	0	0.000122414	2.98784e-06	3.87989e-05	0.000225392	0.464874	0.0653482	0	0.0799318	0.0799318	0.00114468	0	0	0.00114468	0.14528	0.692691	10.6	2.37323e-08	0.0194431	0.0127845	0.0338962	0	0	0.00233125	0	0	1.49198e-06	0	0	0	0	0	2.6762e-08	0	0	0.987653	0.0410179	23.9	0	0	0	0	0	0	0	0
setup	0	2024-02-21 23:00:00	ANGA	204	1510.64	1	0	0	9.52104e-07	1.70589e-06	0	0	0	0	0	0.000119813	0	0	-4.87992e-05	4.52751e-05	7.4925e-05	5.1894e-06	0	0.000125389	3.598e-06	3.99375e-05	0.000231711	0.464274	0.0653482	0	0.0800912	0.0800912	0.00114166	0	0	0.00114166	0.145439	0.692691	10.6	2.3707e-08	0.0194523	0.0127838	0.0339497	0	0	0.0023338	0	0	1.48808e-06	0	0	0	0	0	2.67334e-08	0	0	0.980162	0.0416063	23.9	0	0	0	0	0	0	0	0
setup	0	2024-02-22 23:00:00	ANGA	204	1512.52	1	0	0	9.63908e-07	1.77045e-06	0	0	0	0	0	0.000123059	0	0	-4.9809e-05	4.63495e-05	7.69192e-05	5.18213e-06	0	0.000128451	3.75859e-06	4.10197e-05	0.000238584	0.463665	0.0653482	0	0.0802555	0.0802555	0.00113862	0	0	0.00113862	0.145604	0.692691	10.6	2.36818e-08	0.0194618	0.0127832	0.0340042	0	0	0.00233643	0	0	1.48416e-06	0	0	0	0	0	2.6705e-08	0	0	0.972788	0.0422639	23.9	0	0	0	0	0	0	0	0
setup	0	2024-02-23 23:00:00	ANGA	204	1514.53	1	0	0	1.14309e-06	1.68482e-06	0	0	0	0	0	0.000126932	0	0	-5.08415e-05	4.74447e-05	7.89711e-05	5.17461e-06	0	0.00013159	3.89148e-06	4.23105e-05	0.000245903	0.463047	0.0653482	0	0.0804262	0.0804262	0.00113556	0	0	0.00113556	0.145774	0.692691	10.6	2.36566e-08	0.0194714	0.0127824	0.0340598	0	0	0.00233914	0	0	1.48021e-06	0	0	0	0	0	2.66766e-08	0	0	0.983098	0.0430132	23.9	0	0	0	0	0	0	0	0
setup	0	2024-02-24 23:00:00	ANGA	204	1516.66	1	0	0	1.32714e-06	1.60337e-06	0	0	0	0	0	0.000131137	0	0	-5.18921e-05	4.85614e-05	8.10834e-05	5.16788e-06	0	0.000134813	3.81062e-06	4.37122e-05	0.000253698	0.462421	0.0653482	0	0.0806039	0.0806039	0.00113248	0	0	0.00113248	0.145952	0.692691	10.6	2.36316e-08	0.0194812	0.0127816	0.0341166	0	0	0.00234194	0	0	1.47623e-06	0	0	0	0	0	2.66484e-08	0	0	0.982945	0.0438607	23.9	0	0	0	0	0	0	0	0
setup	0	2024-02-25 23:00:00	ANGA	204	1518.92	1	0	0	1.31827e-06	1.72125e-06	0	0	0	0	0	0.00013558	0	0	-5.29623e-05	4.97004e-05	8.32578e-05	5.16072e-06	0	0.000138119	3.73896e-06	4.51933e-05	0.000261659	0.461786	0.0653482	0	0.0807891	0.0807891	0.00112938	0	0	0.00112938	0.146137	0.692691	10.6	2.36068e-08	0.0194912	0.0127806	0.0341744	0	0	0.00234485	0	0	1.47222e-06	0	0	0	0	0	2.66204e-08	0	0	0.978749	0.0447531	23.9	0	0	0	0	0	0	0	0
setup	0	2024-02-26 23:00:00	ANGA	204	1521.31	1	0	0	1.31883e-06	1.83336e-06	0	0	0	0	0	0.000140165	0	0	-5.40521e-05	5.0862e-05	8.54966e-05	5.15209e-06	0	0.000141511	3.95988e-06	4.67218e-05	0.000269882	0.461143	0.0653482	0	0.0809821	0.0809821	0.00112625	0	0	0.00112625	0.14633	0.692691	10.6	2.3582e-08	0.0195014	0.0127796	0.0342335	0	0	0.00234786	0	0	1.46819e-06	0	0	0	0	0	2.65925e-08	0	0	0.977269	0.0456717	23.9	0	0	0	0	0	0	0	0
setup	0	2024-02-27 23:00:00	ANGA	204	1523.83	1	0	0	1.8266e-06	1.71062e-06	0	0	0	0	0	0.00015441	0	0	-5.51218e-05	5.20469e-05	8.77783e-05	5.14307e-06	0	0.000144968	4.2374e-06	5.14699e-05	0.000291381	0.460502	0.0653482	0	0.0812044	0.0812044	0.00112311	0	0	0.00112311	0.146553	0.692691	10.6	2.35574e-08	0.0195118	0.0127753	0.0342936	0	0	0.00235098	0	0	1.46413e-06	0	0	0	0	0	2.65647e-08	0	0	0.983135	0.0480864	23.9	0	0	0	0	0	0	0	0
setup	0	2024-02-28 23:00:00	ANGA	204	1526.48	1	0	0	1.92091e-06	1.96287e-06	0	0	0	0	0	0.000167256	0	0	-5.62163e-05	5.32551e-05	9.01528e-05	5.13471e-06	0	0.000148543	4.20959e-06	5.57521e-05	0.000311113	0.459863	0.0653482	0	0.0814529	0.0814529	0.00111994	0	0	0.00111994	0.146801	0.692691	10.6	2.35329e-08	0.0195223	0.0127715	0.0343549	0	0	0.0023545	0	0	1.46004e-06	0	0	0	0	0	2.65371e-08	0	0	0.98126	0.050361	23.9	0	0	0	0	0	0	0	0
setup	0	2024-02-29 23:00:00	ANGA	204	1529.26	1	0	0	1.97899e-06	2.04625e-06	0	0	0	0	0	0.000172857	0	0	-5.73616e-05	5.44858e-05	9.26339e-05	5.12494e-06	0	0.000152245	4.6735e-06	5.76189e-05	0.000320944	0.459218	0.0653482	0	0.0817113	0.0817113	0.00111676	0	0	0.00111676	0.147059	0.692691	10.6	2.35085e-08	0.019533	0.0127702	0.0344173	0	0	0.00235835	0	0	1.45593e-06	0	0	0	0	0	2.65096e-08	0	0	0.983079	0.0514399	23.9	0	0	0	0	0	0	0	0
setup	0	2024-03-01 23:00:00	ANGA	204	1532.19	1	0	0	1.95394e-06	2.2052e-06	0	0	0	0	0	0.000178252	0	0	-5.85265e-05	5.57387e-05	9.51877e-05	5.11606e-06	0	0.000156042	4.85505e-06	5.94173e-05	0.0003311	0.458565	0.0653482	0	0.0819791	0.0819791	0.00111355	0	0	0.00111355	0.147327	0.692691	10.6	2.34843e-08	0.0195439	0.0127691	0.0344809	0	0	0.00236235	0	0	1.45179e-06	0	0	0	0	0	2.64823e-08	0	0	0.978398	0.052547	23.9	0	0	0	0	0	0	0	0
setup	0	2024-03-02 23:00:00	ANGA	204	1535.24	1	0	0	2.2904e-06	2.01379e-06	0	0	0	0	0	0.000184058	0	0	-5.97099e-05	5.70124e-05	9.7813e-05	5.10556e-06	0	0.000159931	5.14818e-06	6.13527e-05	0.000341598	0.457906	0.0653482	0	0.0822572	0.0822572	0.00111033	0	0	0.00111033	0.147605	0.692691	10.6	2.34601e-08	0.019555	0.0127678	0.0345457	0	0	0.00236648	0	0	1.44762e-06	0	0	0	0	0	2.6455e-08	0	0	0.983376	0.0536832	23.9	0	0	0	0	0	0	0	0
setup	0	2024-03-03 23:00:00	ANGA	204	1538.44	1	0	0	2.30737e-06	2.14445e-06	0	0	0	0	0	0.000189969	0	0	-6.09094e-05	5.83055e-05	0.000100511	5.09511e-06	0	0.000163912	4.93326e-06	6.33229e-05	0.000352422	0.45724	0.0653482	0	0.0825458	0.0825458	0.00110708	0	0	0.00110708	0.147894	0.692691	10.6	2.34361e-08	0.0195663	0.0127665	0.0346117	0	0	0.00237076	0	0	1.44342e-06	0	0	0	0	0	2.6428e-08	0	0	0.976028	0.0548455	23.9	0	0	0	0	0	0	0	0
setup	0	2024-03-04 23:00:00	ANGA	204	1541.78	1	0	0	2.83185e-06	2.36116e-06	0	0	0	0	0	0.000216973	0	0	-6.20263e-05	5.9616e-05	0.000103225	5.08357e-06	0	0.000167925	5.32883e-06	7.23244e-05	0.000391036	0.456594	0.0653482	0	0.0828919	0.0828919	0.00110382	0	0	0.00110382	0.14824	0.692691	10.6	2.34122e-08	0.0195778	0.012758	0.0346788	0	0	0.00237519	0	0	1.4392e-06	0	0	0	0	0	2.6401e-08	0	0	0.982927	0.0591398	23.9	0	0	0	0	0	0	0	0
setup	0	2024-03-05 23:00:00	ANGA	204	1545.27	1	0	0	2.83384e-06	2.53426e-06	0	0	0	0	0	0.000223725	0	0	-6.32483e-05	6.09436e-05	0.000106127	5.07289e-06	0	0.000172144	5.8157e-06	7.45751e-05	0.000403185	0.455944	0.0653482	0	0.0832504	0.0832504	0.00110054	0	0	0.00110054	0.148599	0.692691	10.6	2.33885e-08	0.0195894	0.0127565	0.034747	0	0	0.00238035	0	0	1.43496e-06	0	0	0	0	0	2.63742e-08	0	0	0.982686	0.0604129	23.9	0	0	0	0	0	0	0	0
setup	0	2024-03-06 23:00:00	ANGA	204	1548.89	1	0	0	2.82296e-06	2.71657e-06	0	0	0	0	0	0.000230522	0	0	-6.4484e-05	6.22843e-05	0.000109107	5.06003e-06	0	0.000176452	6.14307e-06	7.68406e-05	0.000415677	0.455289	0.0653482	0	0.0836213	0.0836213	0.00109723	0	0	0.00109723	0.148969	0.692691	10.6	2.33648e-08	0.0196012	0.012755	0.0348164	0	0	0.0023857	0	0	1.4307e-06	0	0	0	0	0	2.63476e-08	0	0	0.970523	0.0617101	23.9	0	0	0	0	0	0	0	0
setup	0	2024-03-07 23:00:00	ANGA	204	1552.66	1	0	0	2.85162e-06	2.86717e-06	0	0	0	0	0	0.00023761	0	0	-6.57254e-05	6.36322e-05	0.000112162	5.04627e-06	0	0.00018084	6.48519e-06	7.92033e-05	0.000428481	0.454631	0.0653482	0	0.0840051	0.0840051	0.00109392	0	0	0.00109392	0.149353	0.692691	10.6	2.33413e-08	0.0196132	0.0127535	0.0348869	0	0	0.00239121	0	0	1.42641e-06	0	0	0	0	0	2.6321e-08	0	0	0.96833	0.0630261	23.9	0	0	0	0	0	0	0	0
setup	0	2024-03-08 23:00:00	ANGA	204	1556.58	1	0	0	3.21229e-06	3.3407e-06	0	0	0	0	0	0.000268021	0	0	-6.68478e-05	6.49807e-05	0.000115217	5.03169e-06	0	0.00018523	6.93791e-06	8.93404e-05	0.000472598	0.453999	0.0653482	0	0.0844541	0.0844541	0.00109059	0	0	0.00109059	0.149802	0.692691	10.6	2.33178e-08	0.0196254	0.0127441	0.0349585	0	0	0.0023969	0	0	1.42209e-06	0	0	0	0	0	2.62946e-08	0	0	0.963861	0.067799	23.9	0	0	0	0	0	0	0	0
setup	0	2024-03-09 23:00:00	ANGA	204	1560.64	1	0	0	3.28147e-06	3.48017e-06	0	0	0	0	0	0.000275955	0	0	-6.80781e-05	6.63219e-05	0.000118482	5.01606e-06	0	0.00018982	7.82277e-06	9.19849e-05	0.00048675	0.453366	0.0653482	0	0.0849179	0.0849179	0.00108724	0	0	0.00108724	0.150266	0.692691	10.6	2.32945e-08	0.0196377	0.0127423	0.0350311	0	0	0.00240343	0	0	1.41776e-06	0	0	0	0	0	2.62683e-08	0	0	0.962312	0.0692091	23.9	0	0	0	0	0	0	0	0
setup	0	2024-03-10 23:00:00	ANGA	204	1564.85	1	0	0	3.45525e-06	3.50246e-06	0	0	0	0	0	0.00028366	0	0	-6.92958e-05	6.76447e-05	0.000121819	4.99908e-06	0	0.000194463	8.11289e-06	9.45532e-05	0.000501245	0.452732	0.0653482	0	0.0853963	0.0853963	0.00108388	0	0	0.00108388	0.150744	0.692691	10.6	2.32713e-08	0.0196502	0.0127407	0.0351048	0	0	0.00241016	0	0	1.41341e-06	0	0	0	0	0	2.62421e-08	0	0	0.982698	0.0706348	23.9	0	0	0	0	0	0	0	0
setup	0	2024-03-11 23:00:00	ANGA	204	1569.2	1	0	0	3.47632e-06	3.69628e-06	0	0	0	0	0	0.000292037	0	0	-7.04849e-05	6.8937e-05	0.000125218	4.9821e-06	0	0.000199138	8.23455e-06	9.73458e-05	0.000516126	0.452098	0.0653482	0	0.0858906	0.0858906	0.00108051	0	0	0.00108051	0.151239	0.692691	10.6	2.32482e-08	0.0196629	0.0127389	0.0351795	0	0	0.0024171	0	0	1.40904e-06	0	0	0	0	0	2.6216e-08	0	0	0.972983	0.0720786	23.9	0	0	0	0	0	0	0	0
setup	0	2024-03-12 23:00:00	ANGA	204	1573.7	1	0	0	3.93378e-06	4.19983e-06	0	0	0	0	0	0.000327032	0	0	-7.1484e-05	7.01722e-05	0.000128587	4.96033e-06	0	0.000203719	8.78688e-06	0.000109011	0.000566554	0.451501	0.0653482	0	0.0864604	0.0864604	0.00107713	0	0	0.00107713	0.151809	0.692691	10.6	2.32251e-08	0.0196757	0.0127284	0.035255	0	0	0.00242424	0	0	1.40466e-06	0	0	0	0	0	2.619e-08	0	0	0.965947	0.0773612	23.9	0	0	0	0	0	0	0	0
setup	0	2024-03-13 23:00:00	ANGA	204	1578.34	1	0	0	4.86581e-06	3.53178e-06	0	0	0	0	0	0.000336839	0	0	-7.25548e-05	7.13284e-05	0.000132165	4.93536e-06	0	0.000208428	9.74956e-06	0.00011228	0.000583671	0.450908	0.0653482	0	0.0870497	0.0870497	0.00107374	0	0	0.00107374	0.152398	0.692691	10.6	2.32022e-08	0.0196885	0.0127261	0.0353312	0	0	0.00243235	0	0	1.40027e-06	0	0	0	0	0	2.61642e-08	0	0	0.982974	0.0789752	23.9	0	0	0	0	0	0	0	0
setup	0	2024-03-14 23:00:00	ANGA	204	1583.13	1	0	0	5.06422e-06	3.60756e-06	0	0	0	0	0	0.000347268	0	0	-7.35321e-05	7.24224e-05	0.000135793	4.91055e-06	0	0.000213126	8.89029e-06	0.000115756	0.000602255	0.450323	0.0653482	0	0.08766	0.08766	0.00107036	0	0	0.00107036	0.153008	0.692691	10.6	2.31793e-08	0.0197015	0.0127238	0.0354081	0	0	0.00244072	0	0	1.39587e-06	0	0	0	0	0	2.61384e-08	0	0	0.982893	0.080722	23.9	0	0	0	0	0	0	0	0
setup	0	2024-03-15 23:00:00	ANGA	204	1588.05	1	0	0	5.37102e-06	4.1198e-06	0	0	4.2744e-09	0	0	0.000377295	0	0	-7.43166e-05	7.32994e-05	0.000139391	4.87976e-06	0	0.00021757	9.26889e-06	0.000125765	0.000645341	0.449773	0.0653482	0	0.0883353	0.0883353	0.00106697	0	0	0.00106697	0.153683	0.692691	10.6	2.31565e-08	0.0197146	0.0127151	0.0354855	0	0	0.00244937	0	0	1.39146e-06	0	0	0	0	0	2.61126e-08	0	0	0.973141	0.0849333	23.9	0	0	0	0	0	0	0	0
setup	0	2024-03-16 23:00:00	ANGA	204	1593.14	1	0	0	5.62653e-06	4.65563e-06	0	0	2.33622e-08	0	0	0.0004066	0	0	-7.48663e-05	7.5044e-05	0.000143659	4.86105e-06	0	0.000223564	1.04455e-05	0.000135533	0.000688652	0.44926	0.0653482	0	0.0890744	0.0890744	0.0010636	0	0	0.0010636	0.154423	0.692691	10.6	2.31337e-08	0.0197276	0.0127067	0.035563	0	0	0.00245884	0	0	1.38707e-06	0	0	0	0	0	2.6087e-08	0	0	0.966689	0.089407	23.9	0	0	0	0	0	0	0	0
setup	0	2024-03-17 23:00:00	ANGA	204	1598.39	1	0	0	5.52359e-06	5.01371e-06	0	0	4.33075e-08	0	0	0.000416599	0	0	-7.64022e-05	7.65649e-05	0.000148173	4.91317e-06	0	0.000229651	1.15274e-05	0.000138866	0.00070757	0.448747	0.0653482	0	0.0898324	0.0898324	0.00106021	0	0	0.00106021	0.155181	0.692691	10.6	2.3111e-08	0.0197406	0.0127049	0.0356414	0	0	0.00246911	0	0	1.38268e-06	0	0	0	0	0	2.60613e-08	0	0	0.97441	0.0911257	23.9	0	0	0	0	0	0	0	0
setup	0	2024-03-18 23:00:00	ANGA	204	1603.8	1	0	0	5.43772e-06	5.3624e-06	0	0	6.44027e-08	0	0	0.00042769	0	0	-7.77671e-05	7.81774e-05	0.000152697	4.97886e-06	0	0.000235853	1.22721e-05	0.000142563	0.000728112	0.448239	0.0653482	0	0.0906121	0.0906121	0.00105682	0	0	0.00105682	0.15596	0.692691	10.6	2.30882e-08	0.0197538	0.012703	0.0357208	0	0	0.00247967	0	0	1.37828e-06	0	0	0	0	0	2.60356e-08	0	0	0.977293	0.0929839	23.9	0	0	0	0	0	0	0	0
setup	0	2024-03-19 23:00:00	ANGA	204	1609.37	1	0	0	5.39833e-06	5.68048e-06	0	0	8.67583e-08	0	0	0.0004393	0	0	-7.92228e-05	7.98075e-05	0.000157338	5.04808e-06	0	0.000242194	1.30142e-05	0.000146433	0.000749033	0.447734	0.0653482	0	0.0914143	0.0914143	0.00105342	0	0	0.00105342	0.156762	0.692691	10.6	2.30655e-08	0.0197672	0.0127009	0.0358011	0	0	0.00249051	0	0	1.37387e-06	0	0	0	0	0	2.60101e-08	0	0	0.974522	0.0948548	23.9	0	0	0	0	0	0	0	0
setup	0	2024-03-20 23:00:00	ANGA	204	1615.11	1	0	0	5.37168e-06	5.9906e-06	0	0	1.10364e-07	0	0	0.00045118	0	0	-8.06854e-05	8.14482e-05	0.000162106	5.12146e-06	0	0.000248675	1.37224e-05	0.000150393	0.000770442	0.447234	0.0653482	0	0.0922396	0.0922396	0.00105001	0	0	0.00105001	0.157588	0.692691	10.6	2.3043e-08	0.0197807	0.0126989	0.0358824	0	0	0.00250165	0	0	1.36944e-06	0	0	0	0	0	2.59846e-08	0	0	0.968566	0.0967501	23.9	0	0	0	0	0	0	0	0
setup	0	2024-03-21 23:00:00	ANGA	204	1621	1	0	0	5.38555e-06	6.26375e-06	0	0	1.35241e-07	0	0	0.000463243	0	0	-8.21485e-05	8.31234e-05	0.000167009	5.19839e-06	0	0.000255331	1.44274e-05	0.000154414	0.000792202	0.446738	0.0653482	0	0.0930886	0.0930886	0.00104659	0	0	0.00104659	0.158437	0.692691	10.6	2.30205e-08	0.0197944	0.0126968	0.0359646	0	0	0.00251309	0	0	1.36501e-06	0	0	0	0	0	2.59593e-08	0	0	0.966052	0.0986539	23.9	0	0	0	0	0	0	0	0
setup	0	2024-03-22 23:00:00	ANGA	204	1627.06	1	0	0	5.38255e-06	6.56342e-06	0	0	1.61506e-07	0	0	0.000475712	0	0	-8.36326e-05	8.48055e-05	0.000172043	5.27865e-06	0	0.000262128	1.50887e-05	0.000158571	0.000814663	0.446247	0.0653482	0	0.0939619	0.0939619	0.00104316	0	0	0.00104316	0.15931	0.692691	10.6	2.29981e-08	0.0198082	0.0126947	0.0360478	0	0	0.00252485	0	0	1.36056e-06	0	0	0	0	0	2.5934e-08	0	0	0.965853	0.100604	23.9	0	0	0	0	0	0	0	0
setup	0	2024-03-23 23:00:00	ANGA	204	1633.28	1	0	0	5.41539e-06	6.83024e-06	0	0	1.89111e-07	0	0	0.000488352	0	0	-8.51104e-05	8.65077e-05	0.000177215	5.36041e-06	0	0.000269083	1.57982e-05	0.000162784	0.000837589	0.445763	0.0653482	0	0.0948601	0.0948601	0.00103973	0	0	0.00103973	0.160208	0.692691	10.6	2.29758e-08	0.0198222	0.0126926	0.0361318	0	0	0.00253693	0	0	1.35611e-06	0	0	0	0	0	2.59089e-08	0	0	0.966626	0.102555	23.9	0	0	0	0	0	0	0	0
setup	0	2024-03-24 23:00:00	ANGA	204	1639.66	1	0	0	4.55394e-06	5.95196e-06	0	0	1.82579e-07	0	0	0.000426589	5.32981e-05	0	-8.1863e-05	8.82404e-05	0.000182843	4.8874e-06	0	0.00027597	1.93469e-05	0.000159962	0.000861155	0.445318	0.0653482	0	0.0956281	0.0956281	0.00115484	0	0	0.00115484	0.160976	0.692691	10.6	2.29536e-08	0.0198363	0.0127112	0.0324988	0	0	0.00254934	0	0	1.35164e-06	0	0	1.7766e-05	0	0	2.58838e-08	0	0	0.96249	0.104518	23.9	0	0	0	0	0	0	0	0
setup	0	2024-03-25 23:00:00	ANGA	204	1646.21	1	0	0	4.53839e-06	6.2086e-06	0	0	2.07759e-07	0	0	0.000435089	5.54486e-05	0	-8.33493e-05	8.9981e-05	0.000188014	4.99806e-06	0	0.000282993	1.92814e-05	0.000169435	0.000885673	0.444876	0.0653482	0	0.096412	0.096412	0.00127435	0	0	0.00127435	0.16176	0.692691	10.6	2.29314e-08	0.01985	0.0127095	0.0294235	0	0	0.00256001	0	0	1.50129e-06	0	0	1.84829e-05	0	0	2.58588e-08	0	0	0.979599	0.106526	23.9	0	0	0	0	0	0	0	0
setup	0	2024-03-26 23:00:00	ANGA	204	1652.92	1	0	0	4.68499e-06	6.33424e-06	0	0	2.34574e-07	0	0	0.000446641	5.75918e-05	0	-8.48082e-05	9.17409e-05	0.000193293	5.10729e-06	0	0.000290141	2.00981e-05	0.000174239	0.000910948	0.44444	0.0653482	0	0.0972185	0.0972185	0.00139822	0	0	0.00139822	0.162567	0.692691	10.6	2.29099e-08	0.0198638	0.0127075	0.0267929	0	0	0.00257093	0	0	1.65665e-06	0	0	1.91973e-05	0	0	2.58346e-08	0	0	0.966136	0.108555	23.9	0	0	0	0	0	0	0	0
setup	0	2024-03-27 23:00:00	ANGA	204	1659.79	1	0	0	4.81911e-06	6.45978e-06	0	0	2.62337e-07	0	0	0.00045774	5.97526e-05	0	-8.62758e-05	9.35047e-05	0.000198698	5.21276e-06	0	0.000297416	2.0732e-05	0.000178896	0.000936799	0.444011	0.0653482	0	0.0980467	0.0980467	0.00152646	0	0	0.00152646	0.163395	0.692691	10.6	2.28894e-08	0.0198778	0.0127057	0.0245209	0	0	0.00258216	0	0	1.81768e-06	0	0	1.99175e-05	0	0	2.58115e-08	0	0	0.963749	0.110587	23.9	0	0	0	0	0	0	0	0
setup	0	2024-03-28 23:00:00	ANGA	204	1666.83	1	0	0	4.80204e-06	6.74063e-06	0	0	2.91444e-07	0	0	0.000469048	6.20029e-05	0	-8.773e-05	9.53082e-05	0.000204242	5.31908e-06	0	0.000304869	2.13781e-05	0.000183656	0.000963205	0.443589	0.0653482	0	0.0988971	0.0988971	0.00165928	0	0	0.00165928	0.164245	0.692691	10.6	2.28699e-08	0.0198919	0.0127039	0.02254	0	0	0.00259368	0	0	1.9844e-06	0	0	2.06676e-05	0	0	2.57895e-08	0	0	0.98162	0.112623	23.9	0	0	0	0	0	0	0	0
setup	0	2024-03-29 23:00:00	ANGA	204	1674.04	1	0	0	4.84298e-06	6.75422e-06	0	0	3.21857e-07	0	0	0.000480774	6.43669e-05	0	-8.92036e-05	9.71025e-05	0.0002099	5.42406e-06	0	0.000312427	2.22701e-05	0.000188603	0.000990922	0.443175	0.0653482	0	0.0997705	0.0997705	0.00179688	0	0	0.00179688	0.165119	0.692691	10.6	2.28515e-08	0.0199061	0.012702	0.0207981	0	0	0.00260549	0	0	2.15706e-06	0	0	2.14556e-05	0	0	2.57687e-08	0	0	0.968729	0.114781	23.9	0	0	0	0	0	0	0	0
setup	0	2024-03-30 23:00:00	ANGA	204	1681.41	1	0	0	4.48934e-06	6.20397e-06	0	0	3.57015e-07	0	0	0.00049227	6.67788e-05	0	-9.06528e-05	9.89286e-05	0.000215681	5.52702e-06	0	0.000320136	2.2765e-05	0.000193501	0.00101876	0.442768	0.0653482	0	0.100667	0.100667	0.00193938	0	0	0.00193938	0.166015	0.692691	10.6	2.28341e-08	0.0199191	0.012699	0.0192552	0	0	0.00261738	0	0	2.33595e-06	0	0	2.22596e-05	0	0	2.57491e-08	0	0	0.968322	0.116931	23.9	0	0	0	0	0	0	0	0
setup	0	2024-03-31 23:00:00	ANGA	204	1688.94	1	0	0	4.21402e-06	5.81544e-06	0	0	4.13847e-07	0	0	0.000504484	6.93439e-05	0	-9.21083e-05	0.000100721	0.000221476	5.62863e-06	0	0.000327825	2.23995e-05	0.000198696	0.00104768	0.442371	0.0653482	0	0.101587	0.101587	0.00208709	0	0	0.00208709	0.166935	0.692691	10.6	2.28167e-08	0.0199245	0.0126894	0.0178735	0	0	0.0026284	0	0	2.5212e-06	0	0	2.31146e-05	0	0	2.57295e-08	0	0	0.967905	0.119149	23.9	0	0	0	0	0	0	0	0
setup	0	2024-04-01 23:00:00	ANGA	204	1696.64	1	0	0	4.02289e-06	5.51771e-06	0	0	4.93248e-07	0	0	0.000517517	7.20713e-05	0	-9.35022e-05	0.000102495	0.000227305	5.72711e-06	0	0.000335527	2.24431e-05	0.000204234	0.00107766	0.441984	0.0653482	0	0.102533	0.102533	0.00224035	0	0	0.00224035	0.167881	0.692691	10.6	2.27925e-08	0.0199245	0.0126743	0.0166292	0	0	0.00263882	0	0	2.71322e-06	0	0	2.40238e-05	0	0	2.57022e-08	0	0	0.962252	0.12147	23.9	0	0	0	0	0	0	0	0
setup	0	2024-04-02 23:00:00	ANGA	204	1704.5	1	0	0	3.96171e-06	5.72314e-06	0	0	6.04156e-07	0	0	0.000530532	7.48778e-05	0	-9.48583e-05	0.000104282	0.000233139	5.82655e-06	0	0.000343247	2.28151e-05	0.000209811	0.00110833	0.441609	0.0653482	0	0.103506	0.103506	0.00239933	0	0	0.00239933	0.168854	0.692691	10.6	2.27629e-08	0.0199245	0.0126524	0.0155072	0	0	0.00264883	0	0	2.91246e-06	0	0	2.49593e-05	0	0	2.56688e-08	0	0	0.975011	0.123874	23.9	0	0	0	0	0	0	0	0
setup	0	2024-04-03 23:00:00	ANGA	204	1712.53	1	0	0	3.76238e-06	5.24766e-06	0	0	7.26867e-07	0	0	0.000543669	7.77776e-05	0	-9.62034e-05	0.000106078	0.0002391	5.92647e-06	0	0.000351104	2.40958e-05	0.000215469	0.00113966	0.441245	0.0653482	0	0.104505	0.104505	0.0025642	0	0	0.0025642	0.169853	0.692691	10.6	2.27333e-08	0.0199245	0.0126301	0.0144912	0	0	0.00265909	0	0	3.11913e-06	0	0	2.59259e-05	0	0	2.56354e-08	0	0	0.956354	0.126331	23.9	0	0	0	0	0	0	0	0
setup	0	2024-04-04 23:00:00	ANGA	204	1720.72	1	0	0	3.6908e-06	5.01658e-06	0	0	8.91812e-07	0	0	0.00055628	8.07109e-05	0	-9.75404e-05	0.000107879	0.000245021	6.02278e-06	0	0.000358923	2.44569e-05	0.000220972	0.00117139	0.440893	0.0653482	0	0.10553	0.10553	0.00273504	0	0	0.00273504	0.170878	0.692691	10.6	2.27038e-08	0.0199245	0.0125999	0.0135684	0	0	0.0026688	0	0	3.33346e-06	0	0	2.69036e-05	0	0	2.56021e-08	0	0	0.946986	0.128792	23.9	0	0	0	0	0	0	0	0
setup	0	2024-04-05 23:00:00	ANGA	204	1729.08	1	0	0	3.61584e-06	4.8603e-06	0	0	1.0885e-06	0	0	0.0005698	8.38315e-05	0	-9.8849e-05	0.000109682	0.000250984	6.11991e-06	0	0.000366785	2.54155e-05	0.000226845	0.00120384	0.440553	0.0653482	0	0.106582	0.106582	0.00291222	0	0	0.00291222	0.17193	0.692691	10.6	2.26743e-08	0.0199245	0.0125658	0.0127263	0	0	0.00267838	0	0	3.55555e-06	0	0	2.79438e-05	0	0	2.55688e-08	0	0	0.937343	0.131289	23.9	0	0	0	0	0	0	0	0
setup	0	2024-04-06 23:00:00	ANGA	204	1737.6	1	0	0	3.7706e-06	4.1713e-06	0	0	1.31683e-06	0	0	0.000583348	8.705e-05	0	-0.000100132	0.000111494	0.000257012	6.21813e-06	0	0.000374725	2.66642e-05	0.00023278	0.00123724	0.440227	0.0653482	0	0.107662	0.107662	0.00309596	0	0	0.00309596	0.17301	0.692691	10.6	2.26448e-08	0.0199245	0.0125289	0.0119555	0	0	0.00268792	0	0	3.78589e-06	0	0	2.90167e-05	0	0	2.55356e-08	0	0	1	0.133851	23.9	0	0	0	0	0	0	0	0
setup	0	2024-04-07 23:00:00	ANGA	204	1746.29	1	0	0	3.95042e-06	3.19402e-06	0	0	1.5882e-06	0	0	0.000597043	9.03864e-05	0	-0.000101396	0.000113275	0.000263026	6.31263e-06	0	0.000382613	2.73113e-05	0.000238815	0.00127151	0.439914	0.0653482	0	0.108769	0.108769	0.0032865	0	0	0.0032865	0.174117	0.692691	10.6	2.26153e-08	0.0199245	0.0124866	0.0112477	0	0	0.00269715	0	0	4.02475e-06	0	0	3.01288e-05	0	0	2.55024e-08	0	0	0.976951	0.136494	23.9	0	0	0	0	0	0	0	0
setup	0	2024-04-08 23:00:00	ANGA	204	1755.13	1	0	0	3.63288e-06	3.31697e-06	0	0	1.98227e-06	0	0	0.0006114	9.39028e-05	0	-0.000102591	0.000115067	0.000268936	6.47212e-06	0	0.000390475	2.8126e-05	0.000245144	0.00130647	0.439616	0.0653482	0	0.109907	0.109907	0.00348421	0	0	0.00348421	0.175255	0.692691	10.6	2.25859e-08	0.0199245	0.0124337	0.0107003	0	0	0.00270586	0	0	4.27245e-06	0	0	3.13009e-05	0	0	2.54693e-08	0	0	0.964773	0.139196	23.9	0	0	0	0	0	0	0	0
setup	0	2024-04-09 23:00:00	ANGA	204	1764.15	1	0	0	3.48624e-06	3.41078e-06	0	0	2.44953e-06	0	0	0.0006259	9.74983e-05	0	-0.000103765	0.000116847	0.000274863	6.69349e-06	0	0.000398403	3.10229e-05	0.000251566	0.00134197	0.439334	0.0653482	0	0.111074	0.111074	0.00368926	0	0	0.00368926	0.176422	0.692691	10.6	2.27794e-08	0.0199245	0.0123773	0.0102829	0	0	0.00271476	0	0	4.52948e-06	0	0	3.24994e-05	0	0	2.56874e-08	0	0	0.954392	0.141938	23.9	0	0	0	0	0	0	0	0
setup	0	2024-04-10 23:00:00	ANGA	204	1773.32	1	0	0	3.38036e-06	3.47055e-06	0	0	2.94815e-06	0	0	0.000639094	0.000101011	0	-0.000104913	0.00011861	0.000280883	6.95802e-06	0	0.000406451	3.40458e-05	0.000257535	0.00137781	0.439065	0.0653482	0	0.112269	0.112269	0.00390144	0	0	0.00390144	0.177617	0.692691	10.6	2.3179e-08	0.0199245	0.0123209	0.00994695	0	0	0.00272408	0	0	4.79604e-06	0	0	3.36703e-05	0	0	2.61381e-08	0	0	0.946313	0.144685	23.9	0	0	0	0	0	0	0	0
setup	0	2024-04-11 23:00:00	ANGA	204	1782.66	1	0	0	3.28817e-06	3.53986e-06	0	0	3.47628e-06	0	0	0.000652258	0.000104612	0	-0.000106011	0.00012039	0.000287027	7.25811e-06	0	0.000414675	3.71716e-05	0.000263513	0.00141411	0.43881	0.0653482	0	0.11349	0.11349	0.00412093	0	0	0.00412093	0.178839	0.692691	10.6	2.37113e-08	0.0199245	0.0122653	0.00966773	0	0	0.00273386	0	0	5.07187e-06	0	0	3.48707e-05	0	0	2.67383e-08	0	0	0.944675	0.147443	23.9	0	0	0	0	0	0	0	0
setup	0	2024-04-12 23:00:00	ANGA	204	1792.16	1	0	0	3.20534e-06	3.60086e-06	0	0	4.03088e-06	0	0	0.000665498	0.000108326	0	-0.00010709	0.000122163	0.000293279	7.58861e-06	0	0.000423031	4.04576e-05	0.000269565	0.00145103	0.43857	0.0653482	0	0.11474	0.11474	0.00434796	0	0	0.00434796	0.180088	0.692691	10.6	2.43422e-08	0.0199245	0.0122111	0.0094319	0	0	0.00274413	0	0	5.35721e-06	0	0	3.61088e-05	0	0	2.74498e-08	0	0	0.941116	0.150232	23.9	0	0	0	0	0	0	0	0
setup	0	2024-04-13 23:00:00	ANGA	204	1801.82	1	0	0	3.13469e-06	3.64415e-06	0	0	4.61008e-06	0	0	0.000678859	0.000112166	0	-0.000108121	0.000123929	0.000299667	7.94856e-06	0	0.000431545	4.38664e-05	0.000275711	0.00148871	0.438344	0.0653482	0	0.116017	0.116017	0.00458279	0	0	0.00458279	0.181365	0.692691	10.6	2.50568e-08	0.0199245	0.0121587	0.00923072	0	0	0.00275494	0	0	5.65234e-06	0	0	3.73886e-05	0	0	2.82555e-08	0	0	0.933186	0.153062	23.9	0	0	0	0	0	0	0	0
setup	0	2024-04-14 23:00:00	ANGA	204	1811.64	1	0	0	3.06896e-06	3.6821e-06	0	0	5.21236e-06	0	0	0.000692244	0.000116127	0	-0.000109107	0.000125695	0.000306199	8.33792e-06	0	0.000440232	4.73749e-05	0.00028192	0.00152698	0.438132	0.0653482	0	0.117322	0.117322	0.00482568	0	0	0.00482568	0.18267	0.692691	10.6	2.58468e-08	0.0199245	0.0121083	0.00905811	0	0	0.0027663	0	0	5.95763e-06	0	0	3.8709e-05	0	0	2.91464e-08	0	0	0.922908	0.155917	23.9	0	0	0	0	0	0	0	0
setup	0	2024-04-15 23:00:00	ANGA	204	1821.62	1	0.00311732	0	3.0023e-06	3.71988e-06	0	0	5.83611e-06	0	0	0.000705614	0.00012021	0	-0.000110049	0.000127448	0.000312877	8.75674e-06	0	0.000449081	5.09936e-05	0.000288178	0.00156578	0.437936	0.0653482	0	0.118655	0.118655	0.00507688	0	0	0.00507688	0.184003	0.692691	10.6	2.67078e-08	0.0199245	0.01206	0.00890977	0	0	0.00277824	0	0	6.27338e-06	0	0	4.00701e-05	0	0	3.01173e-08	0	0	0.914415	0.158792	23.8998	0	0	0	0	0	0	0	0
setup	0	2024-04-16 23:00:00	ANGA	204	1831.76	1	0.00367178	0	3.01896e-06	3.89235e-06	0	0	6.45895e-06	0	0	0.000718665	0.000124379	0	-0.000110939	0.000129224	0.000319797	9.21686e-06	0	0.000458237	5.46136e-05	0.000294371	0.00160464	0.437755	0.0653118	0	0.120016	0.120016	0.00533656	0	0	0.00533656	0.185327	0.692305	10.6	3.68e-07	0.0199245	0.0120164	0.00879111	0	0	0.00279038	3.6346e-05	0	6.59994e-06	0	0	4.14598e-05	3.83813e-07	0	3.11661e-08	0	0	0.911017	0.161638	23.8997	0	0	0	0	0	0	0	0
setup	0	2024-04-17 23:00:00	ANGA	204	1842.06	1	0.00431468	0	3.22045e-06	4.76128e-06	0	0	7.08642e-06	0	0	0.000731317	0.00012855	0	-0.000111813	0.000130917	0.000326914	9.71719e-06	0	0.000467548	5.84895e-05	0.000300442	0.00164328	0.437588	0.0652697	0	0.121403	0.121403	0.00560471	0	0	0.00560471	0.186673	0.691859	10.6	4.23319e-07	0.0199245	0.0119772	0.00869683	0	0	0.00280327	4.21436e-05	0	6.93753e-06	0	0	4.28499e-05	4.45036e-07	0	3.2324e-08	0	0	0.958449	0.164521	23.8996	0	0	0	0	0	0	0	0
setup	0	2024-04-18 23:00:00	ANGA	204	1852.51	1	0.00505822	0	3.376e-06	5.03605e-06	0	0	7.64851e-06	0	0	0.000743701	0.000132797	0	-0.00011256	0.000132575	0.000334424	1.02785e-05	0	0.000477277	6.32068e-05	0.000306449	0.00168223	0.437436	0.0652209	0	0.122816	0.122816	0.00588149	0	0	0.00588149	0.188037	0.691342	10.6	4.86215e-07	0.0199245	0.0119484	0.00864495	0	0	0.00281779	4.87407e-05	0	7.28612e-06	0	0	4.42657e-05	5.14701e-07	0	3.35841e-08	0	0	0.937124	0.167419	23.8994	0	0	0	0	0	0	0	0
setup	0	2024-04-19 23:00:00	ANGA	204	1863.13	1	0.00591593	0	3.58531e-06	5.37536e-06	0	0	8.18804e-06	0	0	0.000755117	0.000137031	0	-0.000113236	0.000134207	0.0003422	1.08891e-05	0	0.000487296	6.68308e-05	0.000312138	0.00172118	0.437298	0.0651647	0	0.124254	0.124254	0.00616686	0	0	0.00616686	0.189419	0.690746	10.6	5.57591e-07	0.0199245	0.0119249	0.00861476	0	0	0.00283322	5.62256e-05	0	7.64594e-06	0	0	4.56769e-05	5.9374e-07	0	3.50323e-08	0	0	0.925908	0.170303	23.8992	0	0	0	0	0	0	0	0
setup	0	2024-04-20 23:00:00	ANGA	204	1873.89	1	0.00690282	0	3.7547e-06	6.21088e-06	0	0	8.69873e-06	0	0	0.000766791	0.000141412	0	-0.000113829	0.000135856	0.000350296	1.15586e-05	0	0.00049771	7.04361e-05	0.00031796	0.00176001	0.437175	0.0651	0	0.125717	0.125717	0.00646113	0	0	0.00646113	0.190817	0.69006	10.6	6.38274e-07	0.0199245	0.0119074	0.00860581	0	0	0.00284965	6.46926e-05	0	8.01692e-06	0	0	4.71374e-05	6.83152e-07	0	3.66038e-08	0	0	0.960618	0.173167	23.8989	0	0	0	0	0	0	0	0
setup	0	2024-04-21 23:00:00	ANGA	204	1884.82	1	0.00803538	0	3.8843e-06	6.40999e-06	0	0	9.13689e-06	0	0	0.000778323	0.000145887	0	-0.000114385	0.000137435	0.000358729	1.22903e-05	0	0.000508454	7.44881e-05	0.000323782	0.0017992	0.437066	0.0650258	0	0.127205	0.127205	0.0067645	0	0	0.0067645	0.192231	0.689273	10.6	7.29216e-07	0.0199245	0.0118985	0.00862498	0	0	0.00286749	7.42423e-05	0	8.39947e-06	0	0	4.86289e-05	7.83997e-07	0	3.83107e-08	0	0	0.93912	0.17607	23.8985	0	0	0	0	0	0	0	0
setup	0	2024-04-22 23:00:00	ANGA	204	1895.9	1	0.00933176	0	4.05376e-06	6.73097e-06	0	0	9.55299e-06	0	0	0.000789106	0.000150364	0	-0.000114828	0.000138987	0.000367426	1.30713e-05	0	0.000519484	7.73844e-05	0.000329366	0.00183827	0.436972	0.0649408	0	0.128716	0.128716	0.00707696	0	0	0.00707696	0.193657	0.688372	10.6	8.31452e-07	0.0199245	0.0118931	0.00865394	0	0	0.00288599	8.49809e-05	0	8.79385e-06	0	0	5.01213e-05	8.97396e-07	0	4.01988e-08	0	0	0.928174	0.178955	23.8979	0	0	0	0	0	0	0	0
setup	0	2024-04-23 23:00:00	ANGA	204	1907.13	1	0.0108118	0	4.19247e-06	7.56606e-06	0	0	9.93877e-06	0	0	0.000800189	0.000154992	0	-0.000115176	0.000140545	0.000376428	1.39129e-05	0	0.000530885	8.03465e-05	0.000335101	0.0018772	0.436893	0.0648438	0	0.130252	0.130252	0.00739885	0	0	0.00739885	0.195096	0.687344	10.6	9.45962e-07	0.0199245	0.011892	0.00869446	0	0	0.00290526	9.70198e-05	0	9.20005e-06	0	0	5.16641e-05	1.02453e-06	0	4.21968e-08	0	0	0.958557	0.181836	23.8972	0	0	0	0	0	0	0	0
setup	0	2024-04-24 23:00:00	ANGA	204	1918.51	1	0.0124971	0	4.28756e-06	7.73003e-06	0	0	1.02429e-05	0	0	0.000810523	0.000159611	0	-0.000115483	0.000142008	0.000385761	1.48221e-05	0	0.000542591	8.37294e-05	0.000340599	0.00191556	0.436828	0.0647333	0	0.13181	0.13181	0.00773013	0	0	0.00773013	0.196544	0.686173	10.6	1.07385e-06	0.0199245	0.0118981	0.00875448	0	0	0.00292575	0.000110475	0	9.6185e-06	0	0	5.32037e-05	1.16662e-06	0	4.43227e-08	0	0	0.936017	0.18468	23.8963	0	0	0	0	0	0	0	0
setup	0	2024-04-25 23:00:00	ANGA	204	1930.04	1	0.0144111	0	4.43177e-06	8.01354e-06	0	0	1.05247e-05	0	0	0.000820207	0.000164225	0	-0.000115644	0.000143448	0.000395339	1.57839e-05	0	0.000554571	8.58965e-05	0.000345878	0.00195387	0.436777	0.0646078	0	0.13339	0.13339	0.00807079	0	0	0.00807079	0.197998	0.684843	10.6	1.2163e-06	0.0199245	0.0119064	0.00881735	0	0	0.00294663	0.000125468	0	1.00492e-05	0	0	5.47415e-05	1.32494e-06	0	4.66269e-08	0	0	0.921013	0.187539	23.895	0	0	0	0	0	0	0	0
setup	0	2024-04-26 23:00:00	ANGA	204	1941.73	1	0.0165792	0	4.50459e-06	8.48463e-06	0	0	1.07743e-05	0	0	0.000830039	0.000168946	0	-0.000115711	0.000144864	0.000405186	1.68039e-05	0	0.000566854	8.8113e-05	0.000351242	0.00199167	0.436741	0.0644657	0	0.134992	0.134992	0.00842106	0	0	0.00842106	0.199458	0.683337	10.6	1.37438e-06	0.0199245	0.0119176	0.00888562	0	0	0.00296805	0.000142121	0	1.0492e-05	0	0	5.63154e-05	1.5008e-06	0	4.90312e-08	0	0	0.930788	0.190378	23.8934	0	0	0	0	0	0	0	0
setup	0	2024-04-27 23:00:00	ANGA	204	1953.56	1	0.0190285	0	4.58679e-06	8.87971e-06	0	0	1.0973e-05	0	0	0.000838196	0.00017348	0	-0.000115726	0.000146165	0.000415266	1.78819e-05	0	0.000579314	9.0347e-05	0.000355997	0.00202726	0.436718	0.0643051	0	0.136613	0.136613	0.00878052	0	0	0.00878052	0.200918	0.681635	10.6	1.54929e-06	0.0199245	0.0119326	0.00896099	0	0	0.00299007	0.000160561	0	1.09474e-05	0	0	5.78265e-05	1.69552e-06	0	5.15553e-08	0	0	0.939588	0.193048	23.8913	0	0	0	0	0	0	0	0
setup	0	2024-04-28 23:00:00	ANGA	204	1965.54	1	0.0217883	0	4.68879e-06	9.17778e-06	0	0	1.11252e-05	0	0	0.000846433	0.00017808	0	-0.000115555	0.000147459	0.000425667	1.90324e-05	0	0.000592159	9.22277e-05	0.00036078	0.00206339	0.43671	0.0641242	0	0.138253	0.138253	0.00914933	0	0	0.00914933	0.202377	0.679717	10.6	1.74224e-06	0.0199245	0.0119505	0.00904106	0	0	0.00301255	0.000180914	0	1.14147e-05	0	0	5.93601e-05	1.91045e-06	0	5.4212e-08	0	0	0.939356	0.195818	23.8887	0	0	0	0	0	0	0	0
setup	0	2024-04-29 23:00:00	ANGA	204	1977.66	1	0.0248897	0	4.77349e-06	9.46005e-06	0	0	1.12353e-05	0	0	0.00085407	0.000182631	0	-0.000115318	0.000148668	0.00043628	2.02415e-05	0	0.00060519	9.37369e-05	0.000365353	0.00209864	0.436714	0.0639209	0	0.13991	0.13991	0.00952738	0	0	0.00952738	0.203831	0.677562	10.6	1.9544e-06	0.0199245	0.0119707	0.00912383	0	0	0.00303533	0.000203305	0	1.18941e-05	0	0	6.08769e-05	2.1469e-06	0	5.69939e-08	0	0	0.929662	0.198568	23.8852	0	0	0	0	0	0	0	0
setup	0	2024-04-30 23:00:00	ANGA	204	1989.93	1	0.0283657	0	4.80418e-06	9.70313e-06	0	0	1.13055e-05	0	0	0.000861047	0.000187099	0	-0.000114941	0.000149789	0.000447117	2.15086e-05	0	0.000618414	9.50072e-05	0.000369674	0.00213275	0.436733	0.0636931	0	0.141584	0.141584	0.00991448	0	0	0.00991448	0.205278	0.675147	10.6	2.1869e-06	0.0199245	0.0119928	0.00920837	0	0	0.00305834	0.00022786	0	1.23856e-05	0	0	6.23663e-05	2.40619e-06	0	5.98921e-08	0	0	0.919255	0.201274	23.8808	0	0	0	0	0	0	0	0
setup	0	2024-05-01 23:00:00	ANGA	204	2002.34	1	0.0322511	0	4.84258e-06	9.98851e-06	0	0	1.1342e-05	0	0	0.000867126	0.000191426	0	-0.000114426	0.000150863	0.000458185	2.28373e-05	0	0.000631885	9.60187e-05	0.000373639	0.00216543	0.436764	0.0634384	0	0.143274	0.143274	0.0103103	0	0	0.0103103	0.206712	0.672447	10.6	2.44088e-06	0.0199245	0.0120162	0.00929308	0	0	0.0030814	0.000254696	0	1.28888e-05	0	0	6.38086e-05	2.68958e-06	0	6.29031e-08	0	0	0.91349	0.203914	23.8751	0	0	0	0	0	0	0	0
setup	0	2024-05-02 23:00:00	ANGA	204	2014.9	1	0.0365824	0	4.85282e-06	1.03683e-05	0	0	1.13393e-05	0	0	0.000873033	0.00019571	0	-0.000113793	0.000151807	0.000469417	2.42216e-05	0	0.000645445	9.68975e-05	0.000377517	0.0021978	0.436808	0.0631544	0	0.144978	0.144978	0.0107149	0	0	0.0107149	0.208132	0.669437	10.6	2.71738e-06	0.0199245	0.0120411	0.00937871	0	0	0.00310451	0.000283927	0	1.34034e-05	0	0	6.52368e-05	2.99827e-06	0	6.60165e-08	0	0	0.90874	0.2066	23.868	0	0	0	0	0	0	0	0
setup	0	2024-05-03 23:00:00	ANGA	204	2027.59	1	0.0413978	0	4.88918e-06	1.07586e-05	0	0	1.12889e-05	0	0	0.000877422	0.000199695	0	-0.000113001	0.000152708	0.000480919	2.56772e-05	0	0.000659304	9.76558e-05	0.000380784	0.00222766	0.436865	0.0628388	0	0.146694	0.146694	0.0111274	0	0	0.0111274	0.209533	0.666091	10.6	3.01739e-06	0.0199245	0.012068	0.00946643	0	0	0.00312766	0.000315659	0	1.39293e-05	0	0	6.6565e-05	3.33335e-06	0	6.92388e-08	0	0	0.915944	0.209148	23.859	0	0	0	0	0	0	0	0
setup	0	2024-05-04 23:00:00	ANGA	204	2040.43	1	0.0467368	0	4.93719e-06	1.11665e-05	0	0	1.11834e-05	0	0	0.000881663	0.000203589	0	-0.000112092	0.000153471	0.00049261	2.71948e-05	0	0.000673275	9.81458e-05	0.000383939	0.00225735	0.436934	0.0624888	0	0.148422	0.148422	0.0115478	0	0	0.0115478	0.21091	0.662381	10.6	3.34179e-06	0.0199245	0.0120967	0.00955648	0	0	0.00315083	0.000349985	0	1.44657e-05	0	0	6.78631e-05	3.69583e-06	0	7.25772e-08	0	0	0.906444	0.211789	23.8478	0	0	0	0	0	0	0	0
setup	0	2024-05-05 23:00:00	ANGA	204	2053.4	1	0.0526402	0	4.95632e-06	1.15757e-05	0	0	1.1019e-05	0	0	0.000884859	0.000207205	0	-0.000111002	0.000154124	0.000504543	2.8783e-05	0	0.000687449	9.83445e-05	0.000386642	0.00228507	0.437015	0.0621018	0	0.150159	0.150159	0.0119755	0	0	0.0119755	0.212261	0.658279	10.6	3.69134e-06	0.0199245	0.0121275	0.00964906	0	0	0.00317396	0.000386984	0	1.50122e-05	0	0	6.90684e-05	4.08654e-06	0	7.60356e-08	0	0	0.891727	0.21437	23.8338	0	0	0	0	0	0	0	0
setup	0	2024-05-06 23:00:00	ANGA	204	2066.51	1	0.0591498	0	4.97924e-06	1.19862e-05	0	0	1.07952e-05	0	0	0.000886503	0.00021042	0	-0.000109776	0.000154653	0.000516691	3.04396e-05	0	0.000701784	9.82004e-05	0.000388664	0.00230994	0.437108	0.0616751	0	0.151903	0.151903	0.0124095	0	0	0.0124095	0.213578	0.653756	10.6	4.06663e-06	0.0199245	0.0121601	0.00974367	0	0	0.00319692	0.000426721	0	1.55681e-05	0	0	7.014e-05	4.50616e-06	0	7.96153e-08	0	0	0.875292	0.216836	23.8164	0	0	0	0	0	0	0	0
setup	0	2024-05-07 23:00:00	ANGA	204	2079.75	1	0.066308	0	4.98532e-06	1.23795e-05	0	0	1.05092e-05	0	0	0.000887023	0.000213266	0	-0.000108393	0.000155049	0.000529044	3.21643e-05	0	0.000716258	9.77074e-05	0.000390143	0.00233252	0.437211	0.0612059	0	0.153652	0.153652	0.0128491	0	0	0.0128491	0.214858	0.648782	10.6	4.46808e-06	0.0199245	0.0121945	0.00984029	0	0	0.00321964	0.00046924	0	1.61323e-05	0	0	7.10886e-05	4.95516e-06	0	8.33097e-08	0	0	0.857988	0.219247	23.7949	0	0	0	0	0	0	0	0
setup	0	2024-05-08 23:00:00	ANGA	204	2093.12	1	0.0741577	0	4.97944e-06	1.27784e-05	0	0	1.01623e-05	0	0	0.000886252	0.000215671	0	-0.00010685	0.000155283	0.000541576	3.39538e-05	0	0.000730813	9.68322e-05	0.000391004	0.00235238	0.437324	0.0606913	0	0.155402	0.155402	0.0132933	0	0	0.0132933	0.216093	0.643328	10.6	4.89589e-06	0.0199245	0.0122305	0.00993837	0	0	0.003242	0.000514563	0	1.67038e-05	0	0	7.18904e-05	5.43378e-06	0	8.71162e-08	0	0	0.843167	0.221586	23.7686	0	0	0	0	0	0	0	0
setup	0	2024-05-09 23:00:00	ANGA	204	2106.63	1	0.0827414	0	4.984e-06	1.32034e-05	0	0	9.75082e-06	0	0	0.000883647	0.000217492	0	-0.000105147	0.000155406	0.000554337	3.58176e-05	0	0.000745561	9.55806e-05	0.00039101	0.00236853	0.437446	0.0601286	0	0.15715	0.15715	0.0137409	0	0	0.0137409	0.217279	0.637363	10.6	5.35001e-06	0.0199245	0.012268	0.010038	0	0	0.00326388	0.000562688	0	1.72813e-05	0	0	7.24974e-05	5.94196e-06	0	9.10264e-08	0	0	0.834633	0.223779	23.7364	0	0	0	0	0	0	0	0
setup	0	2024-05-10 23:00:00	ANGA	204	2120.26	1	0.0921016	0	4.97489e-06	1.35432e-05	0	0	9.26798e-06	0	0	0.000879986	0.000218826	0	-0.000103309	0.000155339	0.000567218	3.77381e-05	0	0.000760295	9.39638e-05	0.000390437	0.00238221	0.437576	0.059515	0	0.158895	0.158895	0.0141909	0	0	0.0141909	0.21841	0.630859	10.6	5.83016e-06	0.0199245	0.0123072	0.0101395	0	0	0.00328525	0.000613581	0	1.78632e-05	0	0	7.29419e-05	6.4794e-06	0	9.50345e-08	0	0	0.821635	0.225969	23.6973	0	0	0	0	0	0	0	0
setup	0	2024-05-11 23:00:00	ANGA	204	2134.02	1	0.102279	0	4.99911e-06	1.38607e-05	0	0	8.72141e-06	0	0	0.000874916	0.000219559	0	-0.000101279	0.000155099	0.000580259	3.97178e-05	0	0.000775075	9.18271e-05	0.000389139	0.00239262	0.437713	0.0588478	0	0.160633	0.160633	0.0146419	0	0	0.0146419	0.21948	0.623787	10.6	6.33574e-06	0.0199245	0.0123476	0.0102417	0	0	0.00330589	0.000667182	0	1.84482e-05	0	0	7.31862e-05	7.04542e-06	0	9.91393e-08	0	0	0.805734	0.228123	23.65	0	0	0	0	0	0	0	0
