source	id	datetime	dC_ch4_emis[kgCha-1]	dC_co2_emis_auto[kgCha-1]	dC_co2_emis_hetero[kgCha-1]	dC_doc_leach[kgCha-1]	dN_don_leach[kgNha-1]	dN_no3_leach[kgNha-1]	dN_nh4_leach[kgNha-1]	dN_no_emis[kgNha-1]	dN_n2o_emis[kgNha-1]	dN_n2_emis[kgNha-1]	dN_nh3_emis[kgNha-1]	dN_n2_fix[kgNha-1]	dC_co2_fix[kgCha-1]	dS_so4_leach[kgSha-1]	dC_litter_above[kgCha-1]	dC_litter_below[kgCha-1]	dN_litter_above[kgNha-1]	dN_litter_below[kgNha-1]	dN_deposition[kgNha-1]	dN_plant_uptake[kgNha-1]	dN_mineral[kgNha-1]	dN_nitrify[kgNha-1]	dN_denitrify[kgNha-1]	dN_chemodenitrify[kgNha-1]	C_plants[kgCha-1]	C_soil[kgCha-1]	C_soil_20cm[kgCha-1]	C_soil_30cm[kgCha-1]	C_aorg[kgCha-1]	C_litter_raw[kgCha-1]	C_litter[kgCha-1]	C_mic[kgCha-1]	C_sol[kgCha-1]	C_wood_above[kgCha-1]	C_wood_below[kgCha-1]	N_plants[kgNha-1]	N_soil[kgNha-1]	N_soil_20cm[kgNha-1]	N_soil_30cm[kgNha-1]	N_aorg[kgNha-1]	N_litter_raw[kgNha-1]	N_litter[kgNha-1]	N_mic[kgNha-1]	N_sol[kgNha-1]	N_wood_above[kgNha-1]	N_wood_below[kgNha-1]	anvf_mean[-]
setup	0	2023-04-20 23:00:00	7.09601e-08	6.10668	0.819516	0.000230843	0	1.91122e-06	1.77265e-05	8.60229e-05	-0.000670069	0.00049408	1.38445e-07	0	0	0	1.16381	1.38206	0.017545	0.0143243	0	0.547523	0.795336	0.335234	0.00291845	0.00010123	1061.74	40369.5	18825	28552.6	45.2425	5.52661	26.1407	18.2717	2.26161	0	0	20.7912	4319.85	1431.03	2299.9	4.43105	0.09621	0.564669	2.10807	0.880149	0	0	0.419572
setup	0	2023-04-21 23:00:00	1.83111e-07	13.2934	1.62519	9.85293e-06	0	2.57838e-06	0	0.000110676	8.2635e-05	0.00123455	5.23824e-08	0	0	0	1.11569	6.55635	0.0168197	0.0143252	0	0.227107	0.197119	0.133224	0.00258151	9.1586e-05	1074.19	40374.4	18828.9	28557.4	46.0431	7.98934	25.2492	17.7416	8.58879	0	0	21.6861	4319.65	1430.92	2299.76	4.45237	0.126766	0.545605	1.88778	0.990561	0	0	0.400022
setup	0	2023-04-22 23:00:00	1.19584e-07	7.68102	4.82214	5.7053e-05	0	0	0	6.15968e-05	0.000225849	0.00188454	1.20645e-08	0	0	0	1.28039	1.39645	0.0193026	0.0149418	0	0.160579	0.164595	0.0920126	0.00310257	8.75567e-05	1065.84	40370.9	18826.4	28554.3	46.5889	10.619	24.4574	18.4845	5.28057	0	0	22.1675	4319.51	1430.85	2299.68	4.49098	0.160251	0.528239	1.78134	1.02699	0	0	0.427067
setup	0	2023-04-23 23:00:00	2.14744e-07	7.70256	3.60575	5.87091e-05	0	0	0	0.0001026	0.000440914	0.00175239	1.59923e-08	0	0	0	1.46559	1.38559	0.0220945	0.0152734	0	0.158051	0.168905	0.0974548	0.00335546	8.89501e-05	1059.86	40368.7	18825	28552.6	47.3337	13.4082	23.6283	18.0872	4.48604	0	0	22.4987	4319.37	1430.77	2299.61	4.55684	0.196675	0.509958	1.69179	1.03578	0	0	0.400153
setup	0	2023-04-24 23:00:00	1.20056e-07	8.28729	3.22194	6.43678e-05	0	0	0	0.000116474	0.000514059	0.00169565	2.02487e-08	0	0	0	1.67321	1.51908	0.0252246	0.0155016	0	0.155082	0.168164	0.0969729	0.0036854	8.99109e-05	1055.7	40367	18824	28551.4	48.1013	16.3814	22.809	17.4981	4.51469	0	0	22.784	4319.24	1430.7	2299.53	4.62241	0.236258	0.491723	1.61693	1.03984	0	0	0.385546
setup	0	2023-04-25 23:00:00	2.9602e-08	9.0982	3.14389	6.61442e-05	0	0	0	0.000122068	0.000547928	0.00162157	2.35946e-08	0	0	0	1.90527	1.86317	0.028723	0.0156982	0	0.152828	0.167496	0.0951192	0.00380599	9.04194e-05	1052.7	40365.8	18823.4	28550.6	48.8113	19.5646	22.0138	16.98	5.05307	0	0	23.0348	4319.1	1430.62	2299.46	4.68344	0.279321	0.473823	1.55386	1.04485	0	0	0.371198
setup	0	2023-04-26 23:00:00	6.7641e-11	9.84669	3.35206	5.81099e-05	0	0	0	0.000124505	0.000564044	0.00151918	2.71967e-08	0	0	0	2.16383	2.17067	0.032621	0.015871	0	0.153114	0.169625	0.0937944	0.00378592	9.07572e-05	1050.72	40364.6	18822.9	28549.9	49.4189	22.9849	21.2493	16.5458	5.7909	0	0	23.2592	4318.96	1430.55	2299.39	4.73789	0.326224	0.456415	1.4982	1.05388	0	0	0.353959
setup	0	2023-04-27 23:00:00	1.0638e-11	10.5218	3.65079	4.28164e-05	0	0	0	0.000130324	0.000586801	0.00139894	3.56612e-08	0	0	0	2.45104	2.44879	0.0369508	0.0160256	0	0.156278	0.175867	0.095562	0.00367003	9.15988e-05	1049.68	40363.5	18822.4	28549.4	49.9407	26.6711	20.5155	16.1425	6.65337	0	0	23.4625	4318.82	1430.47	2299.31	4.78738	0.377366	0.43951	1.44647	1.0665	0	0	0.332944
setup	0	2023-04-28 23:00:00	5.09085e-12	11.1401	4.00816	0.00235098	0	0	0	0.000127634	0.000564856	0.00124886	4.40335e-08	0	0	0	2.76905	2.70414	0.041745	0.0161656	0	0.160682	0.180469	0.0958552	0.00356544	9.19089e-05	1049.49	40362.2	18822.1	28548.7	50.3347	30.6542	19.8132	15.7645	7.60588	0	0	23.6486	4318.68	1430.39	2299.23	4.82841	0.433176	0.423131	1.3989	1.08639	0	0	0.319299
setup	0	2023-04-29 23:00:00	2.43298e-12	11.6934	4.0262	0.00447961	0	0	0	0.000123622	0.000529047	0.00107922	5.03564e-08	0	0	0	3.12006	2.9394	0.0470366	0.0162939	0	0.160463	0.177933	0.0914071	0.00334421	9.04827e-05	1050.09	40361.2	18821.9	28548.2	50.5807	34.9668	19.1478	15.6154	8.76688	0	0	23.8206	4318.53	1430.32	2299.15	4.85621	0.494121	0.407387	1.36758	1.1097	0	0	0.303833
setup	0	2023-04-30 23:00:00	7.76285e-13	12.3334	4.82452	0.0122043	0	0	0	8.97605e-05	0.000352939	0.00104819	2.11128e-08	0	0	0	3.50622	3.15909	0.0528583	0.0164124	0	0.155309	0.173268	0.102737	0.00326122	9.5265e-05	1051.43	40359.6	18823.8	28550.8	50.9089	39.6427	18.5557	15.3841	7.48827	0	0	23.9794	4318.39	1430.5	2299.39	4.79401	0.560679	0.392993	1.31889	0.963435	0	0	0.306497
setup	0	2023-05-01 23:00:00	5.21203e-13	12.8894	4.57809	0.019538	0	0	0	0.000106199	0.000430319	0.000980998	1.65866e-08	0	0	0	3.92969	3.3618	0.0592422	0.0165218	0	0.130069	0.138764	0.0827335	0.00303923	8.82376e-05	1053.44	40358.4	18823.4	28550.1	51.3254	44.7188	17.9998	14.742	7.00022	0	0	24.1326	4318.29	1430.44	2299.33	4.81167	0.633387	0.379262	1.26136	0.953448	0	0	0.296144
setup	0	2023-05-02 23:00:00	3.37234e-13	13.321	4.04822	0.0174245	0	0	0	0.0001213	0.00049553	0.000830714	2.31518e-08	0	0	0	4.39251	3.54885	0.0662195	0.0166274	0	0.121149	0.129346	0.0729801	0.00275254	8.28786e-05	1056.09	40358	18823.6	28550.1	51.6488	50.234	17.4736	14.1079	7.36698	0	0	24.2757	4318.19	1430.39	2299.27	4.83074	0.712813	0.366064	1.20766	0.949909	0	0	0.286468
setup	0	2023-05-03 23:00:00	1.45156e-13	13.7977	4.16103	0.02282	0	0	0	9.85627e-05	0.000377844	0.000732868	1.85063e-08	0	0	0	4.89664	3.73205	0.0738195	0.016726	0	0.11602	0.126443	0.0675956	0.00251488	8.00681e-05	1059.35	40357.7	18823.8	28550.2	51.9068	56.2283	16.9975	13.6002	7.72408	0	0	24.4124	4318.09	1430.34	2299.21	4.84659	0.79954	0.35379	1.15977	0.947815	0	0	0.276406
setup	0	2023-05-04 23:00:00	7.7108e-14	14.254	4.37993	0.0271814	0	0	0	9.72612e-05	0.00035974	0.000667359	1.76203e-08	0	0	0	5.44388	3.90356	0.0820696	0.0168202	0	0.114101	0.126223	0.0658349	0.00232055	7.9051e-05	1063.2	40357.4	18824	28550.2	52.1362	62.7433	16.5694	13.1704	7.97327	0	0	24.5472	4317.99	1430.29	2299.16	4.86021	0.89418	0.34241	1.11648	0.945194	0	0	0.271973
setup	0	2023-05-05 23:00:00	4.77066e-14	14.6119	4.10995	0.0207715	0	0	0	0.000109767	0.000397037	0.000561157	2.53632e-08	0	0	0	6.03587	4.06094	0.090994	0.016913	0	0.111442	0.121513	0.0612174	0.0021049	7.64201e-05	1067.57	40357.5	18824.6	28550.7	52.2552	69.8227	16.1786	12.8892	8.65206	0	0	24.6822	4317.9	1430.25	2299.1	4.8656	0.997379	0.331716	1.08212	0.9476	0	0	0.264049
setup	0	2023-05-06 23:00:00	1.39115e-14	15.3453	5.54345	0.070307	0.00338231	0.00299605	0.000386328	7.41404e-05	-4.9213e-06	0.000804951	1.17056e-08	0	0	0	6.67396	4.2063	0.100614	0.017006	0	0.121979	0.147312	0.0775841	0.00245975	8.29844e-05	1072.45	40356.2	18823.5	28550.2	52.6866	77.5078	15.8285	12.3656	7.95633	0	0	24.8163	4317.79	1430.13	2299.09	4.88685	1.10976	0.321731	1.03417	0.920426	0	0	0.283578
setup	0	2023-05-07 23:00:00	9.97268e-15	15.6783	5.30634	0.0261746	0	0	0	9.71381e-05	0.000393843	0.000959453	1.33558e-08	0	0	0	7.35927	4.31864	0.110945	0.0170984	0	0.121117	0.142667	0.0768557	0.00234819	8.55956e-05	1077.71	40355.4	18823.4	28549.8	53.172	85.8459	15.5484	11.6045	7.75241	0	0	24.9663	4317.69	1430.08	2299.02	4.9175	1.23201	0.313108	0.97189	0.912665	0	0	0.276188
setup	0	2023-05-08 23:00:00	6.93526e-15	15.9453	4.88405	0.0247733	0	0	0	0.000108656	0.000474607	0.000857488	1.6251e-08	0	0	0	8.09256	4.41291	0.122	0.0172018	0	0.11858	0.1374	0.0735149	0.00214091	8.44026e-05	1083.33	40355.2	18823.8	28549.8	53.5772	94.8832	15.3071	10.8948	8.13461	0	0	25.1186	4317.59	1430.03	2298.95	4.94547	1.36485	0.305187	0.91053	0.912867	0	0	0.263095
setup	0	2023-05-09 23:00:00	3.94081e-15	16.1816	4.95295	0.0256826	0	0	0	9.88856e-05	0.000419176	0.000788059	1.35722e-08	0	0	0	8.87421	4.49548	0.133784	0.0173067	0	0.115683	0.133471	0.0692379	0.00198047	8.29538e-05	1089.26	40355	18824.1	28549.9	53.8961	104.666	15.1177	10.3389	8.45629	0	0	25.2735	4317.5	1429.99	2298.88	4.9676	1.50894	0.298202	0.856036	0.915611	0	0	0.262898
setup	0	2023-05-10 23:00:00	2.81219e-15	16.3777	4.98552	0.0256027	0	0	0	0.00011195	0.000477954	0.000700152	1.63658e-08	0	0	0	9.70416	4.56278	0.146296	0.0174135	0	0.11359	0.130784	0.066667	0.0018209	8.18148e-05	1095.45	40354.9	18824.6	28550.1	54.1394	115.239	14.9753	9.93825	8.75021	0	0	25.4317	4317.4	1429.95	2298.81	4.98366	1.66498	0.292072	0.810479	0.919124	0	0	0.267162
setup	0	2023-05-11 23:00:00	1.77214e-15	16.5363	4.91395	0.0265066	0	0	0	0.000115181	0.000477472	0.000606925	1.89704e-08	0	0	0	10.5819	4.61397	0.159528	0.0175224	0	0.111939	0.128677	0.0645383	0.00165684	8.09506e-05	1101.87	40354.9	18825.1	28550.4	54.3176	126.647	14.8819	9.67412	9.11023	0	0	25.5934	4317.31	1429.91	2298.74	4.99417	1.83364	0.286826	0.773042	0.923243	0	0	0.26001
setup	0	2023-05-12 23:00:00	9.0336e-16	16.6635	5.06489	0.0244064	0	0	0	9.86951e-05	0.000382574	0.000540322	1.50452e-08	0	0	0	11.5063	4.64578	0.173463	0.0176338	0	0.110507	0.127271	0.0625185	0.00150026	8.0459e-05	1108.47	40354.8	18825.6	28550.6	54.4565	138.935	14.8441	9.49402	9.30435	0	0	25.7587	4317.23	1429.88	2298.67	5.00109	2.01557	0.282563	0.74102	0.927445	0	0	0.259685
setup	0	2023-05-13 23:00:00	2.8815e-16	16.7694	6.01123	0.0264633	0	0	0	5.52977e-05	0.000193993	0.00062144	7.10286e-09	0	0	0	12.4757	4.6549	0.188078	0.0177477	0	0.107336	0.124951	0.057982	0.00150017	8.10189e-05	1115.17	40353.9	18825.4	28550	54.6265	152.143	14.8995	9.22453	8.4559	0	0	25.928	4317.14	1429.84	2298.61	5.00867	2.21139	0.279955	0.706275	0.929043	0	0	0.304515
setup	0	2023-05-14 23:00:00	3.99469e-16	16.812	5.36246	0.0219281	0	0	0	0.000106987	0.000417383	0.000587916	1.28777e-08	0	0	0	13.4878	4.6379	0.203337	0.0178644	0	0.107286	0.123834	0.0591113	0.00137893	8.13192e-05	1121.92	40353.6	18825.8	28550	54.8088	166.31	14.9868	8.78371	8.48543	0	0	26.1015	4317.06	1429.81	2298.54	5.01923	2.42169	0.277942	0.670133	0.933544	0	0	0.272798
setup	0	2023-05-15 23:00:00	2.73379e-16	16.7957	4.92822	0.0197334	0	0	0	0.00011717	0.000447041	0.000476278	1.73666e-08	0	0	0	14.5398	4.59208	0.219195	0.0179839	0	0.107456	0.122956	0.0583827	0.00125097	7.99615e-05	1128.63	40353.8	18826.5	28550.4	54.9094	181.472	15.1085	8.48716	8.95	0	0	26.2787	4316.98	1429.78	2298.47	5.02596	2.64703	0.276499	0.638911	0.942547	0	0	0.263595
setup	0	2023-05-16 23:00:00	1.63228e-16	16.7138	4.88506	0.0229666	0	0	0	0.000116577	0.000418175	0.000389477	2.08953e-08	0	0	0	15.6278	4.51398	0.235597	0.018106	0	0.106829	0.121521	0.0565285	0.00111655	7.87306e-05	1135.21	40354	18827.3	28550.8	54.9244	197.663	15.2809	8.36868	9.32914	0	0	26.4584	4316.9	1429.75	2298.4	5.02637	2.88788	0.275917	0.615138	0.953515	0	0	0.258544
setup	0	2023-05-17 23:00:00	7.99019e-17	16.5781	4.96839	0.0222744	0	0	0	9.91263e-05	0.000325385	0.000336559	1.75668e-08	0	0	0	16.7474	4.39864	0.252477	0.0182298	0	0.105972	0.12032	0.0546104	0.00102698	7.79787e-05	1141.58	40354	18828	28551	54.8879	214.908	15.5136	8.35341	9.47033	0	0	26.639	4316.82	1429.73	2298.33	5.02251	3.14468	0.276366	0.596786	0.964799	0	0	0.257037
setup	0	2023-05-18 23:00:00	4.93069e-17	16.3594	4.75825	0.00929884	0	0	0	0.000106901	0.000329443	0.000274736	2.17091e-08	0	0	0	17.8937	4.24094	0.269757	0.0183543	0	0.105462	0.118569	0.0523531	0.000911748	7.65948e-05	1147.62	40354.2	18828.8	28551.4	54.7859	233.231	15.7998	8.40572	9.71789	0	0	26.8196	4316.74	1429.7	2298.25	5.01441	3.41775	0.277721	0.58308	0.978527	0	0	0.249864
setup	0	2023-05-19 23:00:00	1.6289e-17	16.0964	5.33331	0.0268463	0	0	0	6.6667e-05	0.000182093	0.000266424	1.14923e-08	0	0	0	19.0605	4.03147	0.287347	0.0184787	0	0.103111	0.11681	0.0495026	0.000837516	7.65292e-05	1153.19	40353.7	18828.9	28551	54.6864	252.647	16.1714	8.43332	9.10806	0	0	26.9979	4316.67	1429.68	2298.18	5.0052	3.70733	0.280504	0.570258	0.990694	0	0	0.261971
setup	0	2023-05-20 23:00:00	1.58883e-17	15.7143	4.76905	0.0184198	0	0	0	0.000103957	0.000274608	0.000225551	1.80106e-08	0	0	0	20.2412	3.75868	0.305148	0.0186016	0	0.103885	0.116791	0.049922	0.000754509	7.59704e-05	1158.15	40353.5	18829.4	28551	54.5775	273.164	16.5783	8.39408	8.99092	0	0	27.1726	4316.59	1429.66	2298.1	4.99725	4.01356	0.283898	0.558613	1.00688	0	0	0.250399
setup	0	2023-05-21 23:00:00	9.23676e-18	15.2081	4.31463	0.0182294	0	0	0	0.000107757	0.000265004	0.000179768	2.49357e-08	0	0	0	21.4285	3.4083	0.323046	0.0187219	0	0.10382	0.115088	0.0470339	0.000674604	7.36324e-05	1162.28	40353.5	18830.1	28551.2	54.3904	294.784	17.0362	8.40871	9.08038	0	0	27.3405	4316.52	1429.64	2298.03	4.9854	4.33649	0.288144	0.549655	1.02774	0	0	0.243838
setup	0	2023-05-22 23:00:00	2.5662e-18	14.6244	4.81856	0.0248051	0	0	0	5.93783e-05	0.000131521	0.000177522	1.1795e-08	0	0	0	22.614	2.95643	0.340919	0.0188376	0	0.101218	0.113372	0.0441867	0.000623417	7.32226e-05	1165.34	40352.6	18830.1	28550.5	54.2132	317.5	17.587	8.37053	8.17556	0	0	27.4969	4316.46	1429.62	2297.95	4.97302	4.676	0.293908	0.540887	1.04691	0	0	0.25775
setup	0	2023-05-23 23:00:00	1.82044e-18	13.872	4.76287	0.0240806	0	0	0	6.8744e-05	0.0001429	0.000192562	1.04999e-08	0	0	0	23.7891	2.36596	0.358633	0.0189454	0	0.101181	0.114858	0.0458005	0.00057777	7.48394e-05	1166.98	40351.3	18829.7	28549.4	54.1381	341.292	18.2007	8.08074	6.91518	0	0	27.6389	4316.39	1429.6	2297.87	4.96765	5.03184	0.300717	0.528278	1.06327	0	0	0.265534
setup	0	2023-05-24 23:00:00	1.9051e-18	12.8251	3.82989	0.0163592	0	0	0	0.000110224	0.000226818	0.000160645	1.95293e-08	0	0	0	24.944	1.56983	0.376045	0.0190432	0	0.10358	0.115369	0.0462738	0.000514379	7.42322e-05	1166.71	40350.2	18829.6	28548.5	54.0342	366.138	18.8407	7.67648	6.11416	0	0	27.7599	4316.32	1429.58	2297.79	4.96366	5.40365	0.30799	0.513442	1.08541	0	0	0.248869
setup	0	2023-05-25 23:00:00	9.89773e-19	12.8447	3.90792	0.0178959	0	0	0	0.000111072	0.000209338	0.000202418	2.60173e-08	0	0	0	26.0688	1.51672	0.393002	0.0191266	0	0.106666	0.124172	0.0536768	0.000515626	7.78963e-05	1164	40349.1	18829.3	28547.7	54.1725	391.995	19.5307	6.79158	5.54215	0	0	27.861	4316.25	1429.56	2297.73	4.97848	5.79085	0.316084	0.484769	1.10163	0	0	0.235564
setup	0	2023-05-26 23:00:00	5.7153e-19	12.7182	3.15209	0.0196155	0	0	0	0.000115247	0.000233264	0.000163825	3.70587e-08	0	0	0	27.1529	1.5132	0.409345	0.0191962	0	0.109931	0.121892	0.0510384	0.000450684	7.72093e-05	1161.21	40348.8	18829.9	28547.5	54.1362	418.82	20.2778	6.14986	5.75318	0	0	27.9389	4316.18	1429.54	2297.63	4.98481	6.1928	0.325121	0.455366	1.12869	0	0	0.228633
setup	0	2023-05-27 23:00:00	2.39107e-19	12.5755	3.02778	0.0222368	0	0	0	9.11412e-05	0.000175553	0.000137137	2.69452e-08	0	0	0	28.1852	1.50957	0.424907	0.0192499	0	0.108867	0.119892	0.0463086	0.000387036	7.45616e-05	1159.24	40348.8	18830.7	28547.4	53.9711	446.558	21.0951	5.7891	5.9844	0	0	27.9916	4316.12	1429.52	2297.53	4.98217	6.60864	0.335297	0.432837	1.15987	0	0	0.227915
setup	0	2023-05-28 23:00:00	1.3726e-19	12.3707	2.84455	0.0138472	0	0	0	9.59395e-05	0.000169683	0.000109063	3.19018e-08	0	0	0	29.1543	1.50701	0.439518	0.0192862	0	0.10803	0.118021	0.0420841	0.000337096	7.11655e-05	1158.16	40349	18831.6	28547.6	53.7162	475.144	21.9714	5.5952	6.41532	0	0	28.0269	4316.05	1429.51	2297.43	4.97356	7.03737	0.346442	0.416898	1.19396	0	0	0.22039
setup	0	2023-05-29 23:00:00	7.25076e-20	12.1202	2.70696	0.0217855	0	0	0	9.65772e-05	0.0001519	8.07854e-05	4.5477e-08	0	0	0	30.0488	1.50561	0.453003	0.0193105	0	0.106798	0.115973	0.0375123	0.000282841	6.68438e-05	1158.04	40349.5	18832.8	28548	53.3792	504.501	22.9067	5.54283	7.00497	0	0	28.0515	4315.99	1429.5	2297.32	4.95928	7.47779	0.358558	0.407499	1.23095	0	0	0.21296
setup	0	2023-05-30 23:00:00	2.0938e-20	11.9782	3.39964	0.0193517	0	0	0	6.35592e-05	0.000108426	9.20911e-05	2.13623e-08	0	0	0	30.8571	1.50546	0.465188	0.0193275	0	0.10625	0.119534	0.0401906	0.000267521	6.87743e-05	1158.97	40349.4	18833.4	28547.8	53.111	534.537	23.9345	5.51304	6.8031	0	0	28.0719	4315.93	1429.49	2297.21	4.94693	7.92851	0.37214	0.400168	1.26162	0	0	0.217394
setup	0	2023-05-31 23:00:00	1.84823e-20	11.7217	2.83085	0	0	0	0	9.48482e-05	0.000135821	7.07859e-05	3.55484e-08	0	0	0	31.5675	1.50666	0.475898	0.0193415	0	0.100305	0.104594	0.0383642	0.00022943	6.71672e-05	1161.01	40350	18836.5	28550.9	52.8057	565.157	24.9971	5.39687	6.51509	0	0	28.0962	4315.88	1429.65	2297.33	4.90704	8.38805	0.386328	0.388868	1.25495	0	0	0.208386
setup	0	2023-06-01 23:00:00	8.5303e-21	11.4598	2.51781	0	0	0	0	8.41074e-05	0.000108701	5.36119e-05	3.9999e-08	0	0	0	32.1688	1.50931	0.484963	0.0193583	0	0.091361	0.0928923	0.0301838	0.000194188	6.02582e-05	1164.3	40351.1	18838.1	28551.7	52.4359	596.252	26.119	5.33868	6.62922	0	0	28.1291	4315.84	1429.65	2297.22	4.88058	8.85475	0.401483	0.381049	1.27823	0	0	0.200549
setup	0	2023-06-02 23:00:00	4.1359e-21	11.1352	2.1818	0	0	0	0	7.92358e-05	8.4043e-05	3.89663e-05	5.88411e-08	0	0	0	32.65	1.51359	0.492216	0.0193809	0	0.0886797	0.0900901	0.0259629	0.00016651	5.52999e-05	1168.56	40352.6	18840	28552.8	51.9871	627.702	27.3054	5.3958	7.12006	0	0	28.1767	4315.8	1429.66	2297.11	4.85116	9.32679	0.417687	0.377438	1.30412	0	0	0.19302
setup	0	2023-06-03 23:00:00	1.68021e-21	10.7961	1.83882	0	0	0	0	6.56193e-05	6.1396e-05	2.59153e-05	8.01571e-08	0	0	0	33.0005	1.51913	0.497501	0.0194138	0	0.0869543	0.0862753	0.0196575	0.000141591	4.86242e-05	1172.95	40354.5	18842.3	28554.4	51.4519	659.378	28.5634	5.4955	8.06132	0	0	28.2438	4315.77	1429.67	2297	4.81734	9.80221	0.435043	0.376226	1.33492	0	0	0.187774
setup	0	2023-06-04 23:00:00	0	10.531	1.69843	0	0	0	0.0016923	5.42871e-05	4.37753e-05	1.81899e-05	9.97301e-08	0	0	0	33.2106	1.52484	0.500668	0.01946	0	0.0851183	0.0839362	0.0144619	0.000120072	4.17577e-05	1173.04	40356.8	18844.9	28556.3	50.8749	691.142	29.8926	5.6056	9.23364	0	0	28.3319	4315.74	1429.68	2296.89	4.78132	10.2789	0.453544	0.376367	1.36707	0	0	0.182275
setup	0	2023-06-05 23:00:00	0	10.23	1.64793	0	0	0	0.00100603	4.50903e-05	3.22445e-05	1.36108e-05	1.16059e-07	0	0	0	33.2713	1.52495	0.501584	0.0195206	0	0.0836529	0.0826803	0.0109012	0.000101299	3.59786e-05	1169.52	40359.2	18847.6	28558.2	50.2815	722.836	31.2903	5.70828	10.5411	0	0	28.4181	4315.72	1429.69	2296.77	4.74456	10.7546	0.473143	0.377143	1.40198	0	0	0.173905
setup	0	2023-06-06 23:00:00	0	9.97218	2.83889	0	0	0	0	4.20206e-05	5.65442e-05	2.09681e-05	6.21114e-08	0	0	0	33.1746	1.52038	0.500125	0.0195801	0	0.0808131	0.0906446	0.0186202	9.12746e-05	3.81449e-05	1163.9	40360.5	18849.2	28558.7	49.7863	754.291	32.6996	6.62435	9.87252	0	0	28.475	4315.7	1429.7	2296.6	4.70884	11.2269	0.492967	0.392055	1.42651	0	0	0.17295
setup	0	2023-06-07 23:00:00	0	9.71414	4.95874	0.01011	0	0	0	5.94904e-05	-3.31542e-05	5.59986e-05	2.7767e-08	0	0	0	32.9136	1.51307	0.626201	0.0247599	0	-5.75982e-16	0.112295	0.0443658	9.87475e-05	6.30355e-05	1158.62	40359.9	18848.7	28557.6	49.9236	785.315	34.092	6.8715	7.34617	0	0	28.4859	4315.76	1429.73	2296.55	4.7198	11.8281	0.512574	0.401587	1.48612	0	0	0.172108
setup	0	2023-06-08 23:00:00	0	9.73105	3.99326	0	0	0	0.000814718	8.89814e-05	0.000164447	6.62294e-05	4.13222e-08	0	0	0	32.4826	1.50621	0.925647	0.0370317	0	-5.75982e-16	0.104248	0.062083	0.000226727	8.36536e-05	1158.23	40360.3	18849.5	28557.7	50.1663	815.765	35.5094	6.17548	6.74598	0	0	28.4489	4315.83	1429.8	2296.54	4.76017	12.7383	0.533218	0.384167	1.5463	0	0	0.172931
setup	0	2023-06-09 23:00:00	0	9.75777	3.33841	0.00762701	0	0.00201208	2.17159e-05	0.000106814	0.00016224	6.45586e-05	5.81882e-08	0	0	0	31.8774	1.50569	0.908402	0.0369835	0	-5.75982e-16	0.100843	0.0637871	0.000355044	8.78162e-05	1156.22	40361.5	18851.1	28558.4	50.1924	845.481	36.9617	5.85252	6.73244	0	0	28.4119	4315.9	1429.87	2296.5	4.79232	13.6274	0.55627	0.368596	1.61407	0	0	0.171222
setup	0	2023-06-10 23:00:00	0	9.77762	2.93721	0.00541387	0	8.98811e-05	3.72115e-05	0.000115532	0.000156909	5.90175e-05	7.74144e-08	0	0	0	31.0953	1.50309	0.886114	0.0369355	0	-5.75982e-16	0.099269	0.0638526	0.000456712	8.95965e-05	1152.65	40363.2	18853.1	28559.5	50.0573	874.287	38.4428	5.91439	6.99444	0	0	28.375	4315.98	1429.95	2296.45	4.81334	14.4904	0.58148	0.363306	1.68665	0	0	0.169006
setup	0	2023-06-11 23:00:00	0	9.79245	2.75526	0.00608753	0	1.07616e-05	5.98411e-05	0.000119876	0.000151208	5.33324e-05	9.85703e-08	0	0	0	30.1351	1.49845	0.858751	0.0368874	0	-5.75982e-16	0.0995188	0.0647445	0.000529788	9.11519e-05	1147.58	40365.1	18855.4	28560.8	49.8238	902.008	39.9448	6.2401	7.37089	0	0	28.3381	4316.07	1430.03	2296.39	4.8251	15.3224	0.608566	0.367742	1.76088	0	0	0.167823
setup	0	2023-06-12 23:00:00	0	9.80246	2.71454	0.00472007	0	2.05184e-05	8.35585e-05	0.000122321	0.000147036	4.96042e-05	1.1811e-07	0	0	0	28.9972	1.49185	0.826326	0.0368395	0	-5.75982e-16	0.100681	0.0665266	0.000586746	9.27776e-05	1141.12	40367.3	18857.9	28562.2	49.5451	928.468	41.4583	6.77412	7.73151	0	0	28.3012	4316.15	1430.11	2296.32	4.83126	16.1184	0.637228	0.381122	1.83381	0	0	0.167273
setup	0	2023-06-13 23:00:00	0	9.80893	2.65389	0.00510138	0	3.20762e-05	0.000105313	0.000124022	0.000142496	4.4563e-05	1.40609e-07	0	0	0	27.684	1.48345	0.788902	0.0367916	0	-5.75982e-16	0.101658	0.0675379	0.000606299	9.38638e-05	1133.41	40369.6	18860.5	28563.7	49.2241	953.496	42.9802	7.43116	8.17332	0	0	28.2644	4316.24	1430.2	2296.25	4.83294	16.8736	0.66726	0.400435	1.90744	0	0	0.163103
setup	0	2023-06-14 23:00:00	0	9.81123	2.65635	0.00490078	0	4.43693e-05	0.000126664	0.000125277	0.000138759	4.04887e-05	1.63458e-07	0	0	0	26.1993	1.47344	0.746593	0.0367438	0	-5.75982e-16	0.103231	0.068961	0.00060998	9.49064e-05	1124.62	40371.9	18863.2	28565.3	48.8736	976.923	44.5035	8.21166	8.62266	0	0	28.2277	4316.34	1430.29	2296.18	4.83078	17.5832	0.698404	0.42538	1.9808	0	0	0.161604
setup	0	2023-06-15 23:00:00	0	9.80603	4.85179	0.00903432	0	5.66925e-05	0.000144047	9.6885e-05	0.000164385	0.0001071	5.27439e-08	0	0	0	24.5488	1.46201	0.699561	0.036696	0	-5.75982e-16	0.121277	0.0884691	0.001442	0.000106834	1114.88	40372.2	18863.7	28564.9	49.1446	998.581	46.0187	8.23546	7.09586	0	0	28.191	4316.43	1430.38	2296.13	4.86391	18.2426	0.730318	0.441311	2.0264	0	0	0.17439
setup	0	2023-06-16 23:00:00	0	9.80541	3.94989	0.00706691	0	7.06205e-05	0.000164348	0.000157158	0.000235484	0.000114109	7.96615e-08	0	0	0	22.7401	1.44935	0.648019	0.0366483	0	-5.75982e-16	0.11719	0.0905116	0.00147464	0.000111446	1104.42	40373.4	18865.3	28565.7	49.3824	1018.32	47.4804	7.76289	7.1662	0	0	28.1544	4316.53	1430.48	2296.13	4.90503	18.8475	0.762177	0.438338	2.09015	0	0	0.165425
setup	0	2023-06-17 23:00:00	0	9.78756	4.392	0.0105595	0	8.40673e-05	0.000182018	0.000118094	0.000213654	0.000204976	4.05088e-08	0	0	0	20.7823	1.43574	0.592226	0.0366007	0	-5.75982e-16	0.128543	0.103468	0.00284804	0.00012139	1093.35	40374.2	18866.5	28566.2	49.6999	1036	48.9186	7.49165	6.60067	0	0	28.1178	4316.63	1430.57	2296.13	4.94882	19.394	0.794265	0.445476	2.14085	0	0	0.182405
setup	0	2023-06-18 23:00:00	0	9.78579	4.03809	0.0088905	0	9.75011e-05	0.000198244	0.000184059	0.000351528	0.000226015	5.86713e-08	0	0	0	18.686	1.42136	0.53249	0.0365531	0	-5.75982e-16	0.131276	0.106532	0.00320284	0.00012726	1081.85	40375.5	18868.2	28566.9	49.9907	1051.49	50.3158	7.53938	6.22368	0	0	28.0812	4316.74	1430.67	2296.11	4.98964	19.8782	0.826204	0.462383	2.18951	0	0	0.176802
setup	0	2023-06-19 23:00:00	0	9.76691	3.90506	0.00630118	0	0.00011312	0.000219262	0.000209051	0.000389282	0.000258958	7.24878e-08	0	0	0	16.4637	1.40641	0.469162	0.0365056	0	-5.75982e-16	0.138995	0.114128	0.00392927	0.000133667	1070.03	40376.9	18869.9	28567.9	50.4497	1064.67	51.6597	7.77651	5.77911	0	0	28.0447	4316.84	1430.75	2296.12	5.04104	20.2968	0.857655	0.484994	2.22476	0	0	0.168205
setup	0	2023-06-20 23:00:00	0	9.75455	3.93881	0.00570854	0	0.000128018	0.000237651	0.000216442	0.000434007	0.000252347	8.21221e-08	0	0	0	14.1291	1.39104	0.402633	0.0364581	0	-5.75982e-16	0.142464	0.115762	0.0040808	0.000137155	1058.02	40378.3	18871.7	28568.8	51.0009	1075.44	52.969	7.84874	5.46521	0	0	28.0082	4316.95	1430.85	2296.09	5.10176	20.6469	0.88878	0.493687	2.26728	0	0	0.166947
setup	0	2023-06-21 23:00:00	0	9.73544	3.89401	0.00549437	0	0.000142742	0.000254362	0.000219295	0.000441873	0.00024124	9.07277e-08	0	0	0	11.6971	1.37543	0.333329	0.0364107	0	-5.75982e-16	0.142699	0.114845	0.00400415	0.000137612	1045.91	40379.8	18873.6	28569.7	51.5636	1083.71	54.2359	7.80776	5.38416	0	0	27.9718	4317.06	1430.95	2296.06	5.16877	20.9262	0.919323	0.490258	2.31739	0	0	0.165057
setup	0	2023-06-22 23:00:00	0	9.71335	3.90017	0.0045346	0	0.000157589	0.000272686	0.000219616	0.000445549	0.000236395	9.92171e-08	0	0	0	9.18384	1.35968	0.261709	0.0363634	0	-5.75982e-16	0.143394	0.114455	0.00404899	0.000137776	1033.76	40381.3	18875.4	28570.7	52.0902	1089.42	55.4543	7.74969	5.43092	0	0	27.9355	4317.17	1431.06	2296.04	5.2355	21.1324	0.949061	0.483628	2.37201	0	0	0.165056
setup	0	2023-06-23 23:00:00	0	9.68857	3.931	0.00535422	0	0.000172837	0.000290984	0.00021997	0.000449429	0.000235382	1.07309e-07	0	0	0	6.60639	1.34389	0.188261	0.0363161	0	-5.75982e-16	0.144938	0.115174	0.00414586	0.000138407	1021.63	40382.8	18877.3	28571.6	52.5692	1092.5	56.618	7.7227	5.5377	0	0	27.8991	4317.28	1431.17	2296.02	5.29907	21.2642	0.977777	0.479242	2.42867	0	0	0.16451
setup	0	2023-06-24 23:00:00	0	9.65874	4.35663	0.0084344	0	0.000197339	0.000299292	0.000123204	0.000317504	0.000400548	2.77135e-08	0	0	0	3.98255	1.32812	0.11349	0.0362689	0	-5.75982e-16	0.148798	0.117599	0.00682441	0.000146451	1009.54	40383.8	18878.7	28572.3	53.1078	1092.93	57.7995	7.45478	5.34304	0	0	27.8629	4317.39	1431.27	2296.02	5.36432	21.3204	1.0066	0.473078	2.47975	0	0	0.192543
setup	0	2023-06-25 23:00:00	0	9.63572	4.05196	0.00521501	1.86181e-06	0.000205834	0.000307439	0.000267385	0.000581333	0.0003728	7.54681e-08	0	0	0	1.33065	1.31241	0.037919	0.0362217	0	-5.75982e-16	0.153749	0.125468	0.00549538	0.00015065	997.516	40385.2	18880.2	28573.4	53.6017	1090.67	58.82	7.33241	5.5644	0	0	27.8267	4317.5	1431.32	2296.05	5.42518	21.3005	1.03235	0.461923	2.54509	0	0	0.170557
setup	0	2023-06-26 23:00:00	0	9.59923	4.33561	0.0117848	0.000291849	0.000562115	0.000458793	0.000160358	0.000438272	0.000509988	2.9486e-08	0	0	0	0	1.29677	0	0.0361747	0	-5.75982e-16	0.152491	0.122736	0.00841115	0.000156604	985.544	40386.2	18881.7	28574.1	54.0603	1087.08	59.8645	7.22262	5.438	0	0	27.7905	4317.6	1431.42	2296.04	5.48445	21.2426	1.05816	0.458922	2.59894	0	0	0.194939
setup	0	2023-06-27 23:00:00	0	9.56693	4.26743	0.0115648	0.000288755	0.000565802	0.00047071	0.000244284	0.000687613	0.000526997	4.91297e-08	0	0	0	0	1.28121	0	0.0361276	0	-5.75982e-16	0.15417	0.127144	0.00863883	0.000162138	973.627	40387.2	18883.2	28574.8	54.4787	1083.48	60.7855	7.20748	5.43177	0	0	27.7544	4317.71	1431.52	2296.04	5.54238	21.1846	1.08142	0.457558	2.65573	0	0	0.194168
setup	0	2023-06-28 23:00:00	0	9.52843	4.28738	0.00661825	1.78999e-07	0.000248326	0.000333701	0.000264783	0.000748872	0.00051132	6.42088e-08	0	0	0	0	1.26571	0	0.0360807	0	-5.75982e-16	0.156559	0.129274	0.00830846	0.00016311	961.763	40388.3	18884.6	28575.5	54.8822	1079.87	61.6191	7.23327	5.46604	0	0	27.7183	4317.82	1431.62	2296.05	5.60033	21.1267	1.1028	0.45993	2.71333	0	0	0.189266
setup	0	2023-06-29 23:00:00	0	9.48823	4.31988	0.0066538	1.50182e-08	0.000261254	0.000351357	0.000274481	0.000776015	0.000495911	7.52721e-08	0	0	0	0	1.25029	0	0.0360338	0	-5.75982e-16	0.160089	0.13221	0.00806612	0.000163777	949.957	40389.2	18886	28576.1	55.2784	1076.26	62.3832	7.2681	5.52694	0	0	27.6822	4317.93	1431.73	2296.06	5.65699	21.0687	1.12265	0.465021	2.77073	0	0	0.184895
setup	0	2023-06-30 23:00:00	0	9.44446	4.36393	0.00774366	4.64979e-10	0.000273271	0.000361416	0.000231667	0.000674708	0.000548167	5.16131e-08	0	0	0	0	1.23494	0	0.0359869	0	-5.75982e-16	0.15489	0.134071	0.00893826	0.000166706	938.213	40390.1	18888.4	28578.1	55.6861	1072.64	63.1315	7.22133	5.21564	0	0	27.6463	4318.03	1431.93	2296.2	5.7079	21.0108	1.14195	0.468101	2.80794	0	0	0.191665
setup	0	2023-07-01 23:00:00	0	9.39865	4.32686	0.0117847	0.00055882	0.000973406	0.000704396	0.000216863	0.000673351	0.000648387	3.97361e-08	0	0	0	0	1.21968	0	0.0359401	0	-5.75982e-16	0.154313	0.134167	0.0104843	0.00017113	926.532	40390.9	18889.6	28578.7	56.082	1069.02	63.8763	7.11448	4.97548	0	0	27.6103	4318.14	1432.01	2296.21	5.76026	20.9529	1.16093	0.467984	2.856	0	0	0.205855
setup	0	2023-07-02 23:00:00	0	9.35209	4.21705	0.00850335	0.000279039	0.000621557	0.000544588	0.000287726	0.000908893	0.000603703	6.19582e-08	0	0	0	0	1.20449	0	0.0358934	0	-5.75982e-16	0.155339	0.136222	0.00973077	0.000171392	914.918	40391.9	18890.8	28579.4	56.4474	1065.4	64.5147	7.10573	4.87911	0	0	27.5744	4318.25	1432.11	2296.23	5.81386	20.895	1.17776	0.469577	2.90656	0	0	0.199484
setup	0	2023-07-03 23:00:00	0	9.29829	4.27383	0.0141555	0.000837026	0.0013771	0.000918678	0.000206421	0.000685385	0.000746575	3.43426e-08	0	0	0	0	1.18939	0	0.0358467	0	-5.75982e-16	0.15889	0.13735	0.011744	0.000176082	903.373	40392.7	18892	28580.1	56.7988	1061.77	65.2014	7.01659	4.72452	0	0	27.5386	4318.35	1432.18	2296.24	5.86084	20.8371	1.19529	0.470709	2.95562	0	0	0.220271
setup	0	2023-07-04 23:00:00	0	9.24251	4.21555	0.0191953	0.00141255	0.00217433	0.00129757	0.000185302	0.000678634	0.000982335	2.22432e-08	0	0	0	0	1.17438	0	0.0358001	0	-5.75982e-16	0.161264	0.141114	0.0145731	0.000187036	891.902	40393.6	18893.1	28580.7	57.1182	1058.14	65.9286	6.87512	4.61117	0	0	27.5028	4318.45	1432.25	2296.25	5.90014	20.7793	1.21338	0.468014	3.0054	0	0	0.249803
setup	0	2023-07-05 23:00:00	0	9.18702	4.12208	0.00758867	0.000285361	0.000587228	0.000573384	0.000319076	0.00116843	0.000855976	5.09895e-08	0	0	0	0	1.15947	0	0.0357536	0	-5.75982e-16	0.158938	0.143369	0.0129651	0.000187129	880.509	40394.6	18894.3	28581.5	57.3973	1054.51	66.4861	6.90722	4.64252	0	0	27.467	4318.56	1432.35	2296.28	5.94718	20.7215	1.22818	0.468342	3.05789	0	0	0.229777
setup	0	2023-07-06 23:00:00	0	9.12494	4.17006	0.00741868	4.84863e-07	0.000182073	0.000411879	0.000340074	0.00120079	0.000726352	7.26726e-08	0	0	0	0	1.14466	0	0.0357071	0	-5.75982e-16	0.162524	0.14387	0.0111598	0.000180099	869.193	40395.4	18895.5	28582.1	57.6711	1050.88	66.9513	6.99138	4.68204	0	0	27.4313	4318.67	1432.45	2296.31	5.99406	20.6638	1.24115	0.474964	3.10927	0	0	0.210724
setup	0	2023-07-07 23:00:00	0	9.06665	4.12629	0.0465076	0.00341197	0.00525198	0.00279314	0.000372313	0.00112262	0.000574344	1.14041e-07	0	0	0	0	1.12995	0	0.0356607	0	-5.75982e-16	0.175255	0.151761	0.00798379	0.000175703	857.962	40396.3	18896.3	28582.9	57.9061	1047.24	67.358	7.08188	4.82736	0	0	27.3956	4318.76	1432.44	2296.33	6.01518	20.606	1.25292	0.477732	3.17555	0	0	0.200944
setup	0	2023-07-08 23:00:00	0	8.9941	4.23814	0.0102689	0	0.000112041	0.000459394	0.000303087	0.000991635	0.000554973	8.97643e-08	0	0	0	0	1.11535	0	0.0356143	0	-5.75982e-16	0.167171	0.145524	0.0087116	0.000169848	846.815	40397	18897.4	28583.4	58.2009	1043.6	67.7493	7.1542	4.84916	0	0	27.36	4318.87	1432.54	2296.36	6.06306	20.5484	1.26429	0.487935	3.22492	0	0	0.18998
setup	0	2023-07-09 23:00:00	0	8.92055	4.2313	0.00949676	0	0.000117709	0.00048357	0.000314098	0.00101564	0.000513063	9.97583e-08	0	0	0	0	1.10086	0	0.035568	0	-5.75982e-16	0.17073	0.148172	0.00821532	0.000167355	835.761	40397.8	18898.3	28583.8	58.5092	1039.96	68.103	7.21408	4.90532	0	0	27.3245	4318.97	1432.65	2296.4	6.11148	20.4908	1.27484	0.498268	3.27429	0	0	0.182461
setup	0	2023-07-10 23:00:00	0	8.84373	4.23267	0.0088596	0	0.00012219	0.000505207	0.000312678	0.000983578	0.000482397	1.09089e-07	0	0	0	0	1.08649	0	0.0355218	0	-5.75982e-16	0.174015	0.150498	0.00781069	0.000165863	824.803	40398.4	18899.3	28584.3	58.8277	1036.32	68.4294	7.28161	4.95604	0	0	27.2889	4319.08	1432.75	2296.44	6.16023	20.4333	1.28479	0.509097	3.32209	0	0	0.17818
setup	0	2023-07-11 23:00:00	0	8.76299	4.24161	0.00852503	0	0.000125771	0.000525687	0.000311004	0.000953787	0.000461142	1.17031e-07	0	0	0	0	1.07224	0	0.0354756	0	-5.75982e-16	0.176998	0.153089	0.00751692	0.000165053	813.944	40399.1	18900.2	28584.7	59.1584	1032.68	68.7334	7.34713	4.99349	0	0	27.2535	4319.19	1432.85	2296.49	6.20977	20.3759	1.29422	0.519829	3.36874	0	0	0.175209
setup	0	2023-07-12 23:00:00	0	8.67804	4.25153	0.00783121	0	0.000128711	0.000545005	0.000309305	0.000927981	0.000444722	1.23713e-07	0	0	0	0	1.05813	0	0.0354295	0	-5.75982e-16	0.17963	0.155576	0.00733118	0.000164505	803.19	40399.7	18901.1	28585.1	59.5011	1029.05	69.0187	7.40229	5.02017	0	0	27.218	4319.29	1432.95	2296.53	6.26042	20.3185	1.30322	0.52984	3.41452	0	0	0.174144
setup	0	2023-07-13 23:00:00	0	8.5886	4.25774	0.00796678	0	0.000131202	0.000563326	0.000308124	0.000906072	0.00043285	1.29989e-07	0	0	0	0	1.04415	0	0.0353835	0	-5.75982e-16	0.181947	0.157801	0.00719254	0.000164176	792.545	40400.3	18901.9	28585.4	59.8524	1025.41	69.2878	7.44708	5.03811	0	0	27.1827	4319.39	1433.06	2296.57	6.31205	20.2613	1.31183	0.538929	3.45978	0	0	0.173664
setup	0	2023-07-14 23:00:00	0	8.4944	4.25526	0.00749981	0	0.000133384	0.00058202	0.000307467	0.000886892	0.000421162	1.35849e-07	0	0	0	0	1.03031	0	0.0353375	0	-5.75982e-16	0.184039	0.159804	0.00701821	0.000163852	782.013	40400.8	18902.8	28585.8	60.2087	1021.77	69.5422	7.48335	5.05687	0	0	27.1473	4319.5	1433.16	2296.62	6.36443	20.2041	1.32009	0.547167	3.50454	0	0	0.175582
setup	0	2023-07-15 23:00:00	0	8.39588	4.75065	0.0980084	0.00958042	0.127818	0.00824181	0.000178856	0.000200599	0.000572453	4.08204e-08	0	0	0	0	1.01662	0	0.0352915	0	-5.75982e-16	0.317398	0.244782	0.00320709	0.000180125	771.601	40400.8	18902.4	28586.2	60.5362	1018.14	69.9579	7.16345	4.66079	0	0	27.112	4319.45	1432.75	2296.05	6.13313	20.147	1.33137	0.50757	3.69528	0	0	0.205691
setup	0	2023-07-16 23:00:00	0	8.29276	4.21469	0.00884973	0.00088561	0.00844734	0.00129738	0.000266709	0.000720657	0.000465866	6.10217e-08	0	0	0	0	1.00308	0	0.0352456	0	-5.75982e-16	0.167561	0.162682	0.00392733	0.000152853	761.312	40401.3	18903.2	28586.6	60.8537	1014.51	70.2638	7.12202	4.70748	0	0	27.0768	4319.54	1432.84	2296.1	6.19611	20.0899	1.34049	0.498893	3.73478	0	0	0.20371
setup	0	2023-07-17 23:00:00	0	8.181	4.20624	0.00299438	0.000291832	0.00425862	0.000842965	0.000251176	0.000747874	0.000475769	6.16746e-08	0	0	0	0	0.989705	0	0.0351998	0	-5.75982e-16	0.170125	0.152778	0.00487927	0.000147186	751.152	40401.8	18904	28586.8	61.1533	1010.87	70.5561	7.0812	4.77728	0	0	27.0416	4319.65	1432.94	2296.15	6.25285	20.033	1.34931	0.496071	3.7782	0	0	0.200568
setup	0	2023-07-18 23:00:00	0	8.06869	4.07757	0.0350906	0.00356166	0.0311304	0.00352848	0.000321969	0.000784807	0.000370885	1.19523e-07	0	0	0	0	0.976498	0	0.0351541	0	-5.75982e-16	0.179384	0.158047	0.00333806	0.000143862	741.13	40402.4	18904.6	28587.5	61.3904	1007.25	70.7831	7.0823	5.03535	0	0	27.0064	4319.71	1432.96	2296.22	6.28458	19.9762	1.35683	0.489003	3.81472	0	0	0.190412
setup	0	2023-07-19 23:00:00	0	7.94426	4.13643	5.73777e-05	0	0.00216136	0.00064909	0.000280363	0.000794235	0.0003403	1.32744e-07	0	0	0	0	0.963469	0	0.0351084	0	-5.75982e-16	0.170136	0.148199	0.00396125	0.000140708	731.248	40403	18905.4	28587.8	61.6409	1003.62	70.9959	7.16054	5.17105	0	0	26.9713	4319.82	1433.06	2296.26	6.33763	19.9195	1.36403	0.495125	3.85716	0	0	0.178729
setup	0	2023-07-20 23:00:00	0	7.81361	4.15244	3.2043e-05	0	0.00216186	0.000677005	0.000273424	0.000760044	0.000325903	1.39389e-07	0	0	0	0	0.950623	0	0.0350627	0	-5.75982e-16	0.172954	0.149679	0.00403862	0.000140606	721.517	40403.5	18906.2	28588.1	61.8978	1000	71.1954	7.22365	5.29738	0	0	26.9363	4319.92	1433.16	2296.3	6.38942	19.8629	1.37094	0.503112	3.89905	0	0	0.17298
setup	0	2023-07-21 23:00:00	0	7.67636	4.19788	1.74585e-05	0	0.00215945	0.000693454	0.00026052	0.000728918	0.000342251	1.1834e-07	0	0	0	0	0.937972	0	0.0350171	0	-5.75982e-16	0.176521	0.151978	0.00428806	0.000141519	711.943	40403.9	18906.9	28588.3	62.1744	996.384	71.3853	7.25328	5.38086	0	0	26.9012	4320.02	1433.26	2296.35	6.44077	19.8065	1.37763	0.511037	3.94072	0	0	0.171805
setup	0	2023-07-22 23:00:00	0	7.53161	4.18855	1.34095e-05	0	0.00215441	0.000706061	0.000268272	0.000747989	0.000346053	1.22883e-07	0	0	0	0	0.925525	0	0.0349716	0	-5.75982e-16	0.178936	0.153829	0.00442785	0.000142486	702.533	40404.3	18907.5	28588.5	62.454	992.772	71.5661	7.28745	5.45276	0	0	26.8663	4320.12	1433.36	2296.4	6.49078	19.7502	1.38411	0.519028	3.98305	0	0	0.171545
setup	0	2023-07-23 23:00:00	0	7.37876	4.17842	1.15219e-05	0	0.00214706	0.0007251	0.00027121	0.000745624	0.000345947	1.28497e-07	0	0	0	0	0.913293	0	0.0349261	0	-5.75982e-16	0.180988	0.155811	0.0044881	0.000143271	693.297	40404.7	18908.2	28588.8	62.737	989.166	71.7389	7.33468	5.50441	0	0	26.8313	4320.22	1433.46	2296.45	6.54007	19.6941	1.3904	0.527784	4.02487	0	0	0.170692
setup	0	2023-07-24 23:00:00	0	7.22053	4.24645	2.39157e-05	0	0.00213766	0.000732334	0.000199748	0.000616962	0.000470808	5.60972e-08	0	0	0	0	0.901286	0	0.0348807	0	-5.75982e-16	0.18336	0.158961	0.00611215	0.000147296	684.228	40405	18908.8	28588.9	63.0434	985.565	71.9707	7.29079	5.454	0	0	26.7965	4320.32	1433.55	2296.5	6.58853	19.638	1.39782	0.533719	4.06634	0	0	0.182829
setup	0	2023-07-25 23:00:00	0	7.0519	4.16062	2.70514e-05	0	0.00212646	0.000747203	0.000265306	0.000803826	0.000441185	7.99058e-08	0	0	0	0	0.889497	0	0.0348354	0	-5.75982e-16	0.183955	0.159242	0.00576398	0.000148736	675.353	40405.3	18909.5	28589.1	63.3362	981.969	72.1533	7.30121	5.48012	0	0	26.7616	4320.41	1433.65	2296.56	6.63746	19.5821	1.40426	0.538208	4.11	0	0	0.178973
setup	0	2023-07-26 23:00:00	0	6.87339	4.14268	2.41063e-05	0	0.00211372	0.000766508	0.000282048	0.000821799	0.000422397	9.69761e-08	0	0	0	0	0.877959	0	0.0347901	0	-5.75982e-16	0.185569	0.1607	0.00552372	0.000148602	666.675	40405.6	18910.1	28589.3	63.6253	978.38	72.3147	7.33151	5.5118	0	0	26.7268	4320.51	1433.75	2296.61	6.68549	19.5264	1.41025	0.544147	4.15338	0	0	0.174453
setup	0	2023-07-27 23:00:00	0	6.6844	4.12957	1.72673e-05	0	0.00209965	0.000786533	0.000288328	0.000818403	0.000406844	1.07952e-07	0	0	0	0	0.866677	0	0.0347449	0	-5.75982e-16	0.186973	0.16202	0.00535127	0.000148063	658.202	40406	18910.8	28589.5	63.914	974.797	72.4635	7.35893	5.55316	0	0	26.6921	4320.61	1433.84	2296.66	6.73346	19.4708	1.41598	0.550462	4.19648	0	0	0.175032
setup	0	2023-07-28 23:00:00	0	6.48339	3.88534	0.00280807	0.000224834	0.00470751	0.00107521	0.000233757	0.000695079	0.000488114	6.37151e-08	0	0	0	0	0.855663	0	0.0346997	0	-5.75982e-16	0.185478	0.161901	0.00651116	0.000150025	649.947	40406.5	18911.6	28589.8	64.2315	971.222	72.6575	7.62544	5.48564	0	0	26.6574	4320.7	1433.93	2296.68	6.76729	19.4154	1.42257	0.572627	4.23116	0	0	0.180793
setup	0	2023-07-29 23:00:00	0	6.27329	3.69893	0.00555969	0.000444438	0.0073942	0.00137695	0.000250842	0.000757373	0.000496174	6.21625e-08	0	0	0	0	0.844932	0	0.0346546	0	-5.75982e-16	0.1823	0.1595	0.00658824	0.000150949	641.922	40407.2	18912.6	28590.1	64.6612	967.655	72.8502	7.93916	5.41703	0	0	26.6227	4320.79	1434.01	2296.69	6.80482	19.3602	1.42913	0.594975	4.25816	0	0	0.184792
setup	0	2023-07-30 23:00:00	0	6.04946	3.82806	0.00829486	0.000660989	0.0102243	0.00167259	0.000214872	0.000684317	0.00058985	4.24364e-08	0	0	0	0	0.834499	0	0.0346096	0	-5.75982e-16	0.184006	0.162114	0.00776285	0.000153668	634.137	40407.8	18913.4	28590.5	65.1629	964.096	73.0928	7.94074	5.36492	0	0	26.5881	4320.88	1434.09	2296.71	6.85015	19.3051	1.43666	0.596787	4.28982	0	0	0.196902
setup	0	2023-07-31 23:00:00	0	5.81433	3.99258	0.0109906	0.000879637	0.0132712	0.00197388	0.00022514	0.000741285	0.000660891	3.9129e-08	0	0	0	0	0.824378	0	0.0345646	0	-5.75982e-16	0.180269	0.160822	0.0084992	0.000156243	626.604	40408.1	18914.6	28591.5	65.6195	960.546	73.3489	7.77683	5.28737	0	0	26.5536	4320.96	1434.21	2296.81	6.91066	19.2503	1.44445	0.587017	4.32514	0	0	0.207757
setup	0	2023-08-01 23:00:00	0	5.56779	4.06719	0.0027824	0.000224865	0.00473111	0.00110861	0.000316254	0.000995335	0.000539933	7.11866e-08	0	0	0	0	0.814585	0	0.0345196	0	-5.75982e-16	0.1809	0.162105	0.0071313	0.000153726	619.336	40408.4	18915.2	28591.7	65.9942	957.004	73.5232	7.60793	5.30282	0	0	26.519	4321.05	1434.3	2296.87	6.97502	19.1956	1.4506	0.576034	4.3697	0	0	0.192412
setup	0	2023-08-02 23:00:00	0	5.31021	4.08173	0.0269016	0.00228373	0.0320854	0.00382345	0.000356607	0.000910217	0.000436699	1.16831e-07	0	0	0	0	0.805137	0	0.0344748	0	-5.75982e-16	0.196345	0.174596	0.00490829	0.000149558	612.346	40408.6	18915.5	28592.2	66.262	953.471	73.6508	7.46351	5.40728	0	0	26.4846	4321.12	1434.29	2296.94	7.00381	19.141	1.45579	0.56206	4.41704	0	0	0.182948
setup	0	2023-08-03 23:00:00	0	5.03511	4.09276	0.00533507	0.000473344	0.00788672	0.00145812	0.00021109	0.000665344	0.000559472	4.32854e-08	0	0	0	0	0.796049	0	0.0344299	0	-5.75982e-16	0.18383	0.164858	0.00729593	0.000148095	605.644	40408.8	18915.9	28592.3	66.5109	949.95	73.8576	7.35786	5.37685	0	0	26.4501	4321.2	1434.36	2296.99	7.05018	19.0867	1.46255	0.561507	4.4572	0	0	0.190386
setup	0	2023-08-04 23:00:00	0	4.74804	3.57097	0.0131851	0.00119592	0.0176773	0.00237611	0.000195557	0.000666609	0.000704705	2.5051e-08	0	0	0	0	0.787338	0	0.0343852	0	-5.75982e-16	0.181651	0.164405	0.00893752	0.000151881	599.248	40409.5	18916.7	28592.7	66.7751	946.439	74.1033	7.73195	5.28647	0	0	26.4158	4321.28	1434.42	2296.99	7.06679	19.0326	1.47008	0.589653	4.48094	0	0	0.205001
setup	0	2023-08-05 23:00:00	0	4.45574	4.08459	0.0366553	0.00357033	0.0490781	0.00519439	0.000376757	0.000844496	0.000463048	8.42569e-08	0	0	0	0	0.779022	0	0.0343405	0	-5.75982e-16	0.215614	0.189507	0.00436207	0.000150989	593.169	40409.6	18916.8	28593.2	67.0411	942.939	74.2448	7.47687	5.39765	0	0	26.3814	4321.32	1434.33	2297.01	7.05361	18.9787	1.47551	0.561769	4.55385	0	0	0.190393
setup	0	2023-08-06 23:00:00	0	4.14597	3.96239	0.00211888	1.53497e-08	0.00101455	0.000874835	0.000308947	0.000952266	0.000400124	9.70095e-08	0	0	0	0	0.77112	0	0.0342958	0	-5.75982e-16	0.17612	0.158532	0.00474141	0.000139453	587.418	40409.9	18917.3	28593.4	67.265	939.451	74.3759	7.43625	5.47899	0	0	26.3471	4321.42	1434.42	2297.06	7.10886	18.925	1.4807	0.55909	4.59728	0	0	0.175742
setup	0	2023-08-07 23:00:00	0	3.82832	3.92511	0.00555177	2.58188e-08	0.000987854	0.000902208	0.000295999	0.000886263	0.000381604	1.05015e-07	0	0	0	0	0.763643	0	0.0342513	0	-5.75982e-16	0.179165	0.158573	0.00470472	0.000136796	582.009	40410.1	18917.9	28593.5	67.4732	935.976	74.4998	7.45604	5.53741	0	0	26.3129	4321.52	1434.52	2297.12	7.1559	18.8715	1.48573	0.563911	4.63885	0	0	0.173547
setup	0	2023-08-08 23:00:00	0	3.50437	3.89446	0.00366382	1.07532e-09	0.00096194	0.000909753	0.000289596	0.000845451	0.000373984	1.11597e-07	0	0	0	0	0.756612	0	0.0342067	0	-5.75982e-16	0.180794	0.159232	0.00465358	0.000135787	576.953	40410.4	18918.4	28593.7	67.6801	932.514	74.6212	7.49987	5.58463	0	0	26.2787	4321.61	1434.61	2297.17	7.20024	18.8183	1.49069	0.571451	4.67905	0	0	0.170746
setup	0	2023-08-09 23:00:00	0	3.17685	3.60723	0.00676242	1.39035e-12	0.000937651	0.00092134	0.000285332	0.000813862	0.00036994	1.16419e-07	0	0	0	0	0.750039	0	0.0341623	0	-5.75982e-16	0.178689	0.158197	0.00462928	0.000135011	572.259	40411	18919.2	28593.9	67.9145	929.065	74.7438	7.84368	5.56332	0	0	26.2445	4321.71	1434.7	2297.2	7.23289	18.7653	1.49565	0.598375	4.71084	0	0	0.169556
setup	0	2023-08-10 23:00:00	0	2.84927	3.36	0.00272421	0	0.00091463	0.000925051	0.000279886	0.000778559	0.000356007	1.19706e-07	0	0	0	0	0.743937	0	0.0341178	0	-5.75982e-16	0.178166	0.156926	0.00448823	0.00013416	567.935	40411.7	18920.3	28594.3	68.2736	925.631	74.8714	8.32799	5.49875	0	0	26.2104	4321.8	1434.8	2297.2	7.26007	18.7126	1.50069	0.633784	4.73883	0	0	0.166681
setup	0	2023-08-11 23:00:00	0	2.52592	3.60102	0.00446907	0	0.000892807	0.000941884	0.000275673	0.000750852	0.000345913	1.2337e-07	0	0	0	0	0.738315	0	0.0340735	0	-5.75982e-16	0.178706	0.157851	0.00433694	0.000133391	563.985	40412.3	18921.1	28594.6	68.7215	922.211	75.0047	8.39517	5.48817	0	0	26.1763	4321.9	1434.89	2297.24	7.31053	18.6601	1.50582	0.640988	4.77135	0	0	0.165905
setup	0	2023-08-12 23:00:00	0	2.21103	3.34482	0.00220405	0	0.000872321	0.000945585	0.000188802	0.000539696	0.000412237	4.62326e-08	0	0	0	0	0.733181	0	0.0340292	0	-5.75982e-16	0.175068	0.157503	0.00515696	0.000133533	560.414	40413	18922.1	28595	69.2234	918.806	75.1859	8.65907	5.40211	0	0	26.1423	4321.99	1434.98	2297.25	7.35268	18.6078	1.51191	0.661037	4.79663	0	0	0.169541
setup	0	2023-08-13 23:00:00	0	1.91235	3.85132	0.00585227	0.000218318	0.0044066	0.00128933	0.000260178	0.000736109	0.000382397	7.02509e-08	0	0	0	0	0.728539	0	0.033985	0	-5.75982e-16	0.180524	0.159707	0.00466972	0.000134167	557.225	40413.2	18922.5	28595.2	69.7081	915.416	75.3473	8.31347	5.42985	0	0	26.1083	4322.08	1435.07	2297.31	7.42034	18.5557	1.51758	0.63931	4.83336	0	0	0.167864
setup	0	2023-08-14 23:00:00	0	1.63319	3.81895	0.00273394	1.55927e-07	0.000824628	0.000963022	0.000272677	0.000742661	0.000365874	8.66941e-08	0	0	0	0	0.724392	0	0.0339408	0	-5.75982e-16	0.178044	0.158587	0.0043949	0.000132498	554.417	40413.5	18923	28595.4	70.0807	912.042	75.5005	8.0619	5.49492	0	0	26.0743	4322.18	1435.16	2297.37	7.48479	18.504	1.52306	0.623923	4.87208	0	0	0.164557
setup	0	2023-08-15 23:00:00	0	1.38091	3.71493	0.00245982	1.22041e-08	0.000805145	0.000969637	0.000249658	0.000668023	0.000379027	7.16829e-08	0	0	0	0	0.720742	0	0.0338967	0	-5.75982e-16	0.176635	0.157892	0.00448771	0.000131636	551.993	40413.8	18923.6	28595.6	70.3822	908.685	75.662	7.9819	5.52854	0	0	26.0405	4322.27	1435.25	2297.43	7.5397	18.4524	1.52869	0.620436	4.90714	0	0	0.164254
setup	0	2023-08-16 23:00:00	0	1.16194	3.52332	0.00363071	3.33442e-11	0.000788583	0.000975624	0.00026983	0.000718165	0.000366585	8.44448e-08	0	0	0	0	0.717592	0	0.0338526	0	-5.75982e-16	0.176473	0.158119	0.00437418	0.000130817	549.959	40414.3	18924.3	28595.9	70.6697	905.344	75.8211	8.11875	5.52781	0	0	26.0066	4322.36	1435.34	2297.47	7.58139	18.4011	1.53425	0.631626	4.94011	0	0	0.163066
setup	0	2023-08-17 23:00:00	0	0.982555	3.16226	0.00413034	0	0.000773136	0.000984167	0.000271759	0.000705464	0.000352602	9.31255e-08	0	0	0	0	0.714946	0	0.0338086	0	-5.75982e-16	0.173066	0.155691	0.00428339	0.000129431	548.322	40415.2	18925.4	28596.4	71.0206	902.021	75.9845	8.60194	5.44859	0	0	25.9728	4322.46	1435.43	2297.48	7.60913	18.3501	1.53987	0.665155	4.96426	0	0	0.161456
setup	0	2023-08-18 23:00:00	0	0.849782	3.08313	0.00364398	0	0.000758547	0.000992373	0.000268534	0.000682288	0.000334924	9.81727e-08	0	0	0	0	0.712819	0	0.0337646	0	-5.75982e-16	0.171649	0.154496	0.00410316	0.000127914	547.067	40416.1	18926.6	28596.8	71.4981	898.717	76.1549	8.99818	5.37662	0	0	25.939	4322.55	1435.52	2297.47	7.64326	18.2994	1.54561	0.692545	4.98772	0	0	0.158655
setup	0	2023-08-19 23:00:00	0	0.770346	3.34189	0.00234898	0	0.000744771	0.000998556	0.000264164	0.000660246	0.000321826	1.0169e-07	0	0	0	0	0.711187	0	0.0337207	0	-5.75982e-16	0.171079	0.154238	0.00392618	0.000126332	545.896	40416.7	18927.5	28597.2	72.036	895.432	76.3321	8.97351	5.37402	0	0	25.9053	4322.64	1435.61	2297.5	7.70075	18.249	1.55146	0.691189	5.01737	0	0	0.156683
setup	0	2023-08-20 23:00:00	0	0.720575	3.59629	0.00199069	0	0.000731771	0.00100238	0.000261343	0.000646852	0.000317329	1.04462e-07	0	0	0	0	0.709665	0	0.0336769	0	-5.75982e-16	0.171511	0.155444	0.00385502	0.000125065	544.782	40417.1	18928.1	28597.4	72.5148	892.166	76.5146	8.67857	5.4136	0	0	25.8716	4322.74	1435.7	2297.55	7.77018	18.1988	1.55739	0.672453	5.05173	0	0	0.156543
setup	0	2023-08-21 23:00:00	0	0.7024	3.58614	0.00410798	0	0.000719511	0.00101228	0.000259078	0.000634612	0.000314231	1.06261e-07	0	0	0	0	0.708216	0	0.0336331	0	-5.75982e-16	0.17268	0.155737	0.0037994	0.000123734	543.707	40417.5	18928.7	28597.6	72.9028	888.919	76.7012	8.44509	5.45951	0	0	25.838	4322.83	1435.79	2297.6	7.83021	18.1489	1.56338	0.658124	5.08881	0	0	0.153824
setup	0	2023-08-22 23:00:00	0	0.721229	3.51721	0.00141087	0	0.000707973	0.00101332	0.000239181	0.000584585	0.00032436	8.31836e-08	0	0	0	0	0.706819	0	0.0335894	0	-5.75982e-16	0.170104	0.154642	0.00386447	0.000122465	542.648	40417.9	18929.4	28597.9	73.224	885.691	76.8974	8.32632	5.49165	0	0	25.8044	4322.92	1435.88	2297.64	7.88519	18.0994	1.56953	0.651643	5.12243	0	0	0.153698
setup	0	2023-08-23 23:00:00	0	0.783341	3.97228	0.0980398	0.0105741	0.380625	0.0177116	0.000255644	-6.63853e-06	0.000355904	8.9368e-08	0	0	0	0	0.705442	0	0.0335457	0	-5.75982e-16	0.369635	0.279024	0.000653531	0.000144686	541.572	40417.8	18928.5	28599.3	73.4898	882.481	77.1592	7.94038	5.19882	0	0	25.7709	4322.59	1435.31	2296.97	7.52149	18.0501	1.57706	0.600278	5.14758	0	0	0.155962
setup	0	2023-08-24 23:00:00	0	0.894048	3.40666	3.09348e-05	0	0.00314553	0.00102295	0.000233041	0.000460446	0.000218258	9.09714e-08	0	0	0	0	0.704043	0	0.0335021	0	-5.75982e-16	0.152262	0.163178	0.00103303	0.000113841	540.471	40418.3	18929.2	28599.6	73.6979	879.291	77.3837	7.83429	5.36601	0	0	25.7374	4322.69	1435.4	2297.02	7.58357	18.0011	1.58376	0.58383	5.18669	0	0	0.148977
setup	0	2023-08-25 23:00:00	0	1.06279	3.37887	7.49806e-05	0	0.00314563	0.00103045	0.00021889	0.000505866	0.000201936	9.90206e-08	0	0	0	0	0.702612	0	0.0334586	0	-5.75982e-16	0.154239	0.147191	0.00140239	0.00010505	539.29	40418.8	18930	28599.9	73.8695	876.121	77.6112	7.8243	5.47294	0	0	25.7039	4322.78	1435.5	2297.07	7.63295	17.9524	1.59049	0.581391	5.22139	0	0	0.148863
setup	0	2023-08-26 23:00:00	0	1.29339	3.33462	1.93918e-05	0	0.00314164	0.00103696	0.000211929	0.000507948	0.000200787	1.07344e-07	0	0	0	0	0.701077	0	0.0334151	0	-5.75982e-16	0.154424	0.143064	0.00161014	0.000102107	537.943	40419.4	18930.7	28600.2	74.0238	872.969	77.8452	7.85117	5.5721	0	0	25.6705	4322.87	1435.59	2297.11	7.67713	17.9041	1.59732	0.58391	5.25375	0	0	0.146239
setup	0	2023-08-27 23:00:00	0	1.58561	3.30586	2.0676e-05	0	0.00313395	0.00103935	0.000207539	0.000499303	0.00020113	1.12518e-07	0	0	0	0	0.699326	0	0.0333716	0	-5.75982e-16	0.154041	0.141214	0.00175293	0.000100605	536.314	40419.9	18931.5	28600.6	74.1661	869.837	78.0869	7.90437	5.6517	0	0	25.6371	4322.97	1435.67	2297.15	7.71827	17.8561	1.60427	0.589187	5.28444	0	0	0.145648
setup	0	2023-08-28 23:00:00	0	1.93368	3.40064	2.20798e-05	0	0.00312283	0.00103769	0.00014634	0.000378736	0.000278435	3.58346e-08	0	0	0	0	0.697208	0	0.0333282	0	-5.75982e-16	0.156503	0.146208	0.00265408	0.000100657	534.25	40420.4	18932.1	28600.9	74.3391	866.723	78.3487	7.87378	5.63866	0	0	25.6038	4323.06	1435.76	2297.2	7.75956	17.8083	1.61162	0.594748	5.31301	0	0	0.15016
setup	0	2023-08-29 23:00:00	0	2.32851	2.77089	2.87537e-05	0	0.0031087	0.00103892	0.000195552	0.000508629	0.000276943	4.76569e-08	0	0	0	0	0.694525	0	0.0332849	0	-5.75982e-16	0.149815	0.136573	0.00248921	9.96954e-05	531.569	40421.5	18933.4	28601.5	74.5579	863.627	78.6083	8.43541	5.59502	0	0	25.5705	4323.15	1435.85	2297.2	7.77746	17.761	1.6189	0.632419	5.33155	0	0	0.147782
setup	0	2023-08-30 23:00:00	0	2.92987	3.49996	0.0193685	0.00206944	0.0629592	0.00460787	0.000230669	0.000517852	0.000247182	8.3769e-08	0	0	0	0	0.69104	0	0.0176181	0	0.350342	0.183552	0.150279	0.00193719	9.96918e-05	528.074	40421.8	18933.7	28602.1	74.8016	860.546	78.8739	8.17155	5.57386	0	0	25.5373	4322.8	1435.76	2297.11	7.77171	17.6982	1.62627	0.611431	5.00597	0	0	0.153379
setup	0	2023-08-31 23:00:00	0	3.74723	3.26794	4.13248e-05	0	0.00264793	0.000960738	0.000158375	0.000405201	0.000282626	3.3826e-08	0	0	0	0	0.686497	0	0.0175952	0	0.338981	0.187609	0.146407	0.00206054	0.000100714	523.574	40422.3	18934.7	28602.7	75.0179	857.482	79.1765	8.21863	5.51629	0	0	25.5041	4322.55	1435.74	2296.97	7.73955	17.636	1.63426	0.611084	4.80854	0	0	0.155227
setup	0	2023-09-01 23:00:00	0	4.05498	3.34054	4.0908e-05	0	0.00237033	0.000879941	0.000196845	0.000511195	0.000256002	4.07604e-08	0	0	0	0	0.680646	0	0.0175723	0	0.275839	0.186467	0.147147	0.00154347	9.80001e-05	518.299	40422.8	18935.4	28603	75.2297	854.433	79.475	8.18558	5.44913	0	0	25.5465	4322.37	1435.73	2296.86	7.71154	17.5743	1.64205	0.60401	4.66702	0	0	0.153458
setup	0	2023-09-02 23:00:00	0	4.31048	3.35059	3.48868e-05	0	0.00209969	0.000807675	0.000198157	0.000500352	0.000235833	4.60757e-08	0	0	0	0	0.673789	0	0.0176015	0	0.364343	0.18847	0.14278	0.00127651	9.30124e-05	512.53	40423.2	18936	28603.2	75.4159	851.399	79.7773	8.09742	5.42302	0	0	25.5133	4322.09	1435.68	2296.71	7.67608	17.5131	1.64978	0.592905	4.44122	0	0	0.150921
setup	0	2023-09-03 23:00:00	0	4.65907	3.34387	1.56471e-05	0	0.00173142	0.000694741	0.00013739	0.000357459	0.000264488	2.03782e-08	0	0	0	0	0.666289	0	0.0175787	0	0.330249	0.187377	0.139236	0.00116234	8.91918e-05	506.406	40423.6	18936.7	28603.5	75.5858	848.378	80.1223	8.00461	5.34768	0	0	25.4936	4321.86	1435.64	2296.6	7.63214	17.4524	1.65828	0.580334	4.26052	0	0	0.157083
setup	0	2023-09-04 23:00:00	0	4.88316	3.20744	0.0146558	0.00157339	0.0460828	0.00329217	0.000201283	0.000438276	0.000223382	3.54531e-08	0	0	0	0	0.658327	0	0.0175651	0	0.355002	0.186169	0.13279	0.00054254	8.251e-05	499.958	40424.1	18937.2	28604.4	75.7272	845.367	80.4449	7.96849	5.37288	0	0	25.4621	4321.55	1435.56	2296.55	7.58035	17.3921	1.6662	0.565613	4.0098	0	0	0.152619
setup	0	2023-09-05 23:00:00	0	5.14452	3.95388	0.171645	0.027657	0.698475	0.0323503	0.00014313	-0.000524246	0.000260655	2.67801e-08	0	0	0	0	0.649945	0	0.0175434	0	0.217446	0.200168	0.134965	0.000192181	7.93044e-05	493.207	40423.7	18935.3	28606.2	75.8304	842.368	80.885	7.50617	4.80428	0	0	25.429	4320.68	1435.21	2296.86	7.47357	17.3323	1.67644	0.521094	3.26962	0	0	0.154213
setup	0	2023-09-06 23:00:00	0	5.187	2.95485	0	0	0.00589322	0.000276279	0.000149411	0.000120416	0.000153654	2.64046e-08	0	0	0	0	0.641169	0	0.0175206	0	0.186548	0.14755	0.0989023	0.000184252	6.78047e-05	486.2	40424.4	18936.2	28606.7	75.9089	839.381	81.2415	7.55962	4.98368	0	0	25.396	4320.58	1435.2	2296.78	7.46317	17.2729	1.68485	0.503324	3.19798	0	0	0.149708
setup	0	2023-09-07 23:00:00	0	5.40266	2.9559	0	0	0.00562689	0.00329758	0.000134254	0.000224157	0.000129019	2.68844e-08	0	0	0	0	0.63206	0	0.0174978	0	0.169203	0.144547	0.0939871	0.00015695	6.3548e-05	479.047	40425.1	18937.1	28607.1	75.965	836.406	81.6099	7.70253	5.05706	0	0	25.3629	4320.5	1435.2	2296.69	7.44695	17.2141	1.69339	0.495445	3.13013	0	0	0.146519
setup	0	2023-09-08 23:00:00	0	5.58223	3.11028	0	0	0.0052216	0.00412644	9.46039e-05	0.000204721	0.000149623	1.22027e-08	0	0	0	0	0.622762	0	0.0174751	0	0.156101	0.141237	0.089601	0.00021498	6.09014e-05	471.922	40425.7	18937.9	28607.5	76.0623	833.443	82.0111	7.71904	4.99602	0	0	25.33	4320.43	1435.2	2296.63	7.43443	17.1557	1.70254	0.48617	3.06775	0	0	0.150802
setup	0	2023-09-09 23:00:00	0	5.76234	3.0186	0	0	0.00470538	0.00445167	0.000115278	0.000261625	0.000131223	1.59659e-08	0	0	0	0	0.613499	0	0.0174524	0	0.14535	0.136314	0.0853515	0.0001583	5.84817e-05	465.1	40426.3	18938.7	28607.9	76.1545	830.49	82.4041	7.71898	5.03312	0	0	25.297	4320.36	1435.21	2296.56	7.42395	17.0977	1.71144	0.476186	3.01263	0	0	0.148613
setup	0	2023-09-10 23:00:00	0	5.93322	2.97634	0	0	0.00435808	0.00467163	0.000106023	0.000235513	0.000119401	1.60076e-08	0	0	0	0	0.604631	0	0.0174297	0	0.136316	0.132504	0.0816836	0.000143034	5.6343e-05	458.832	40426.9	18939.5	28608.3	76.2374	827.549	82.8043	7.74258	5.0652	0	0	25.2642	4320.3	1435.21	2296.49	7.41301	17.0403	1.72042	0.467639	2.96327	0	0	0.146833
setup	0	2023-09-11 23:00:00	0	6.0925	3.0998	1.11174e-07	0	0.00410948	0.00489712	6.10665e-05	0.000146124	0.000141357	5.77395e-09	0	0	0	0	0.596482	0	0.017407	0	0.128737	0.128495	0.0773134	0.000256756	5.48343e-05	453.309	40427.4	18940.2	28608.6	76.3359	824.621	83.2547	7.67522	4.96163	0	0	25.2313	4320.25	1435.22	2296.44	7.40323	16.9833	1.73038	0.457524	2.91788	0	0	0.159685
setup	0	2023-09-12 23:00:00	0	6.25158	2.97322	0.0172105	0.00333244	0.0244485	0.00798562	0.000109666	0.000144982	0.000124048	1.23051e-08	0	0	0	0	0.589302	0	0.0173844	0	0.122092	0.125228	0.0749876	0.000128964	5.27997e-05	448.642	40428	18940.8	28609.3	76.4042	821.705	83.6734	7.62395	4.99773	0	0	25.1985	4320.18	1435.19	2296.44	7.39433	16.9267	1.73963	0.444017	2.85465	0	0	0.158073
setup	0	2023-09-13 23:00:00	0	6.381	3.16173	0.00187864	0.000374989	0.00547153	0.0050636	6.145e-05	0.000149836	0.000139995	5.41769e-09	0	0	0	0	0.583234	0	0.0173618	0	0.115295	0.120677	0.0703387	0.000229067	5.17747e-05	444.835	40428.4	18941.4	28609.5	76.4756	818.803	84.1548	7.50819	4.81684	0	0	25.1658	4320.14	1435.2	2296.38	7.38738	16.8705	1.75014	0.429533	2.81764	0	0	0.170728
setup	0	2023-09-14 23:00:00	0	6.49502	2.97016	0.0203872	0.00419631	0.0210202	0.00831636	0.000104422	9.43525e-05	0.000117153	1.17814e-08	0	0	0	0	0.578285	0	0.0173392	0	0.109522	0.116873	0.067931	0.00011467	4.96341e-05	441.816	40428.9	18941.9	28610.1	76.5118	815.916	84.5966	7.4576	4.8059	0	0	25.133	4320.08	1435.17	2296.38	7.37878	16.8148	1.75976	0.41622	2.76476	0	0	0.166581
setup	0	2023-09-15 23:00:00	0	6.67355	2.88781	0	0	0.00273466	0.00435069	9.23377e-05	0.00022332	0.00010881	1.3019e-08	0	0	0	0	0.666179	0	0.0173167	0	0.103211	0.113237	0.0647004	0.000113019	4.8028e-05	439.374	40429.6	18942.9	28610.6	76.5434	813.045	85.047	7.49369	4.86999	0	0	25.1004	4320.05	1435.18	2296.31	7.37028	16.7596	1.76951	0.407271	2.73811	0	0	0.160043
setup	0	2023-09-16 23:00:00	0	6.8461	2.912	0	0	0.00234221	0.00435219	7.58659e-05	0.00017398	0.000106543	9.42424e-09	0	0	0	0	0.772736	0	0.0172942	0	0.0988066	0.11011	0.0616682	0.000112873	4.63645e-05	437.415	40430.4	18943.8	28611	76.5738	810.193	85.5161	7.5004	5.00429	0	0	25.0677	4320.02	1435.2	2296.24	7.36313	16.7048	1.77959	0.397999	2.71334	0	0	0.159224
setup	0	2023-09-17 23:00:00	0	6.97891	2.95406	0	0	0.00188553	0.00421733	6.82924e-05	0.000152955	0.000106477	7.34391e-09	0	0	0	0	0.865804	0	0.0172717	0	0.0949207	0.106833	0.0587464	0.00011098	4.48382e-05	435.878	40431.2	18944.8	28611.6	76.5984	807.357	86.0045	7.48843	5.16872	0	0	25.0351	4320	1435.22	2296.18	7.3567	16.6505	1.79002	0.388531	2.6905	0	0	0.161604
setup	0	2023-09-18 23:00:00	0	7.07256	3.15183	0.00348172	0.00074708	0.00390596	0.00474306	5.25727e-05	0.000117735	0.000118804	4.50156e-09	0	0	0	0	0.946821	0	0.0172492	0	0.0916539	0.103511	0.0552946	0.000147439	4.35615e-05	434.71	40431.9	18945.6	28612	76.6192	804.54	86.538	7.39697	5.21729	0	0	25.0026	4319.98	1435.23	2296.14	7.35074	16.5966	1.80138	0.376856	2.66629	0	0	0.175961
setup	0	2023-09-19 23:00:00	0	7.13549	2.99407	0	0	0	0.00379032	7.66533e-05	0.000168855	0.000104286	7.76221e-09	0	0	0	0	1.01798	0	0.0172268	0	0.0880586	0.100582	0.0534811	9.75885e-05	4.20401e-05	433.87	40432.9	18946.7	28612.6	76.619	801.741	87.047	7.40491	5.42452	0	0	24.9701	4319.97	1435.25	2296.08	7.34395	16.5432	1.81219	0.368262	2.64889	0	0	0.170506
setup	0	2023-09-20 23:00:00	0	7.17396	3.06155	0.0186059	0.00414655	0.00846144	0.00686524	8.39792e-05	3.78784e-05	9.18909e-05	1.22128e-08	0	0	0	0	1.07996	0	0.0172044	0	0.0861909	0.0977297	0.0516368	7.64862e-05	4.02655e-05	433.317	40433.7	18947.4	28613.6	76.6066	798.96	87.5506	7.38524	5.63746	0	0	24.9376	4319.94	1435.23	2296.09	7.33601	16.4901	1.8228	0.360032	2.61801	0	0	0.167502
setup	0	2023-09-21 23:00:00	0	7.18069	3.00595	0	0	0	0.00371172	5.93834e-05	0.000133094	9.47073e-05	7.25066e-09	0	0	0	0	1.13316	0	0.017182	0	0.0818167	0.0958835	0.049054	9.09997e-05	3.94255e-05	433.014	40434.7	18948.5	28614.2	76.5904	796.198	88.0796	7.44694	5.84274	0	0	24.9052	4319.93	1435.25	2296.03	7.32803	16.4376	1.83392	0.353345	2.60317	0	0	0.16766
setup	0	2023-09-22 23:00:00	0	7.16343	3.20475	0.00328725	0.000762339	0.00142822	0.00419502	4.63284e-05	0.000100313	0.000105508	4.02231e-09	0	0	0	0	1.18062	0	0.0171597	0	0.0790302	0.0924523	0.0465576	0.000117775	3.84548e-05	432.935	40435.6	18949.4	28614.7	76.5819	793.455	88.6526	7.45967	5.85662	0	0	24.8728	4319.93	1435.27	2295.97	7.31993	16.3854	1.84594	0.347385	2.58672	0	0	0.179844
setup	0	2023-09-23 23:00:00	0	7.13425	3.01922	0	0	0	0.00337528	6.55666e-05	0.00013966	9.196e-05	6.47436e-09	0	0	0	0	1.22226	0	0.0171374	0	0.0762053	0.0900364	0.0455213	7.61486e-05	3.73025e-05	433.055	40436.6	18950.6	28615.4	76.5667	790.732	89.199	7.54405	6.04304	0	0	24.8405	4319.92	1435.29	2295.92	7.3126	16.3337	1.85737	0.343576	2.57599	0	0	0.173079
setup	0	2023-09-24 23:00:00	0	7.08737	3.10264	0.00160503	0.000375341	0.000675146	0.00362074	5.11547e-05	0.000100803	9.48193e-05	4.57236e-09	0	0	0	0	1.2574	0	0.0171151	0	0.0739576	0.0878059	0.0436718	8.65473e-05	3.63534e-05	433.347	40437.6	18951.7	28616.1	76.5563	788.028	89.7736	7.63075	6.11601	0	0	24.8082	4319.92	1435.31	2295.86	7.30458	16.2824	1.86935	0.340692	2.56294	0	0	0.176867
setup	0	2023-09-25 23:00:00	0	7.02693	2.99898	0	0	0	0.00321486	6.30661e-05	0.000123485	8.45929e-05	6.33371e-09	0	0	0	0	1.28783	0	0.0170929	0	0.0717432	0.0859647	0.0428785	6.80129e-05	3.54263e-05	433.79	40438.7	18952.9	28616.8	76.5487	785.344	90.334	7.75191	6.28081	0	0	24.776	4319.92	1435.34	2295.8	7.29696	16.2316	1.88098	0.339259	2.55236	0	0	0.170816
setup	0	2023-09-26 23:00:00	0	6.95348	2.99369	0	0	0	0.00316237	6.28318e-05	0.000117013	7.8239e-05	7.43996e-09	0	0	0	0	1.31347	0	0.0170706	0	0.0701975	0.0849327	0.042072	6.36968e-05	3.46407e-05	434.364	40439.9	18954.1	28617.5	76.545	782.679	90.8956	7.8695	6.45235	0	0	24.7438	4319.93	1435.36	2295.74	7.28986	16.1811	1.8926	0.337173	2.54261	0	0	0.166162
setup	0	2023-09-27 23:00:00	0	6.86866	2.96495	0	0	0	0.00310277	6.06678e-05	0.000107591	7.34045e-05	7.98417e-09	0	0	0	0	1.33488	0	0.0170484	0	0.0684245	0.0831962	0.0410707	5.81066e-05	3.38608e-05	435.052	40441	18955.3	28618.2	76.5473	780.034	91.4629	7.9975	6.62818	0	0	24.7116	4319.93	1435.39	2295.68	7.28262	16.1311	1.90429	0.336063	2.53295	0	0	0.161941
setup	0	2023-09-28 23:00:00	0	6.77406	2.91728	0	0	0	0.00303201	5.82154e-05	9.80785e-05	6.90913e-05	8.29731e-09	0	0	0	0	1.35258	0	0.0170263	0	0.066687	0.0814682	0.0400323	5.27022e-05	3.30829e-05	435.838	40442.3	18956.6	28619	76.5561	777.41	92.0374	8.13509	6.82194	0	0	24.6795	4319.93	1435.42	2295.61	7.27533	16.0815	1.91608	0.335779	2.52329	0	0	0.158199
setup	0	2023-09-29 23:00:00	0	6.67111	2.88921	0	0	0	0.0029608	5.58537e-05	8.94109e-05	6.5392e-05	8.51726e-09	0	0	0	0	1.36689	0	0.0170042	0	0.0650431	0.0797657	0.0390285	4.81264e-05	3.23548e-05	436.708	40443.5	18957.8	28619.8	76.5714	774.805	92.6203	8.28164	7.00942	0	0	24.6474	4319.94	1435.45	2295.55	7.26805	16.0324	1.92801	0.336205	2.51355	0	0	0.1551
setup	0	2023-09-30 23:00:00	0	6.56093	2.89865	0	0	0	0.00281713	5.34544e-05	8.08566e-05	6.22171e-05	8.48234e-09	0	0	0	0	1.37814	0	0.016982	0	0.0627656	0.0748884	0.036879	4.40841e-05	3.14048e-05	437.649	40444.8	18959.1	28620.6	76.5888	772.22	93.2117	8.46491	7.21168	0	0	24.6153	4319.95	1435.48	2295.49	7.27346	15.9836	1.94009	0.342458	2.51038	0	0	0.153053
setup	0	2023-10-01 23:00:00	0	6.4437	2.87756	0	0	0	0.00273534	5.1825e-05	7.26208e-05	5.63655e-05	8.96521e-09	0	0	0	0	1.38654	0	0.01696	0	0.0628468	0.0777247	0.0371095	3.55419e-05	3.10336e-05	438.649	40446	18960.4	28621.4	76.6105	769.655	93.8129	8.67084	7.37946	0	0	24.5833	4319.96	1435.5	2295.43	7.27129	15.9353	1.95233	0.350971	2.50329	0	0	0.15113
setup	0	2023-10-02 23:00:00	0	6.32364	2.79602	0	0	0	0.00266105	4.96034e-05	6.17392e-05	4.44266e-05	1.10227e-08	0	0	0	0	1.39266	0	0.0169379	0	0.0640204	0.0802401	0.0397299	2.81822e-05	3.12589e-05	439.699	40447.4	18961.8	28622.3	76.6215	767.109	94.4277	8.91341	7.56882	0	0	24.5514	4319.96	1435.53	2295.36	7.26141	15.8873	1.96481	0.358074	2.49258	0	0	0.147967
setup	0	2023-10-03 23:00:00	0	6.19932	2.80419	0	0	0	0.00231787	4.73731e-05	5.40653e-05	4.07437e-05	1.16621e-08	0	0	0	0	1.3961	0	0.0169159	0	0.063516	0.0793518	0.039703	2.58219e-05	3.0979e-05	440.787	40448.7	18963.1	28623.2	76.6253	764.583	95.0547	9.18302	7.69421	0	0	24.5195	4319.97	1435.55	2295.29	7.25123	15.8398	1.97752	0.363096	2.48367	0	0	0.147427
setup	0	2023-10-04 23:00:00	0	6.06823	2.72541	0	0	0	0.00265404	4.5424e-05	4.69332e-05	3.74868e-05	1.18807e-08	0	0	0	0	1.3974	0	0.0168939	0	0.06239	0.0774953	0.0387897	2.2274e-05	3.04272e-05	441.905	40450.1	18964.5	28624	76.6243	762.077	95.6933	9.48461	7.83406	0	0	24.4876	4319.98	1435.58	2295.22	7.24082	15.7927	1.99043	0.368207	2.47456	0	0	0.144755
setup	0	2023-10-05 23:00:00	0	5.94006	2.91232	0	0	0	0.00120863	3.86327e-05	4.2378e-05	4.72472e-05	6.54004e-09	0	0	0	0	1.39684	0	0.0168719	0	0.0605304	0.0765428	0.0384988	3.06762e-05	3.00833e-05	443.045	40451.3	18965.8	28624.8	76.6759	759.589	96.3476	9.72468	7.75163	0	0	24.4558	4319.99	1435.61	2295.15	7.23307	15.7459	2.00365	0.372265	2.46557	0	0	0.145308
setup	0	2023-10-06 23:00:00	0	5.80325	2.84355	0	0	0	0.00238063	4.40994e-05	4.6977e-05	4.52867e-05	7.08332e-09	0	0	0	0	1.3947	0	0.01685	0	0.0593632	0.0745522	0.0374216	2.68514e-05	2.95521e-05	444.201	40452.6	18967	28625.6	76.7437	757.121	97.0079	9.89226	7.76093	0	0	24.424	4320	1435.63	2295.09	7.22683	15.6996	2.01696	0.374968	2.45553	0	0	0.144549
setup	0	2023-10-07 23:00:00	0	5.66426	2.76795	0	0	0	0.00233428	4.37434e-05	4.35745e-05	4.26804e-05	7.64463e-09	0	0	0	0	1.39125	0	0.0168281	0	0.0581928	0.0725692	0.0363213	2.41623e-05	2.89287e-05	445.367	40453.9	18968.4	28626.4	76.807	754.672	97.6776	10.0715	7.80004	0	0	24.3922	4320.01	1435.66	2295.02	7.22075	15.6536	2.03044	0.377431	2.44566	0	0	0.143401
setup	0	2023-10-08 23:00:00	0	5.52308	2.7023	0	0	0	0.00223537	4.258e-05	3.90337e-05	4.0092e-05	7.94779e-09	0	0	0	0	1.38661	0	0.0168062	0	0.0569729	0.0706321	0.0352156	2.13129e-05	2.8245e-05	446.537	40455.3	18969.7	28627.2	76.8623	752.242	98.3572	10.2768	7.84623	0	0	24.3605	4320.02	1435.69	2294.95	7.21445	15.6081	2.04411	0.380126	2.43595	0	0	0.143349
setup	0	2023-10-09 23:00:00	0	5.3857	2.94125	0	0	0	0.00207644	2.97395e-05	3.18215e-05	4.87962e-05	3.10097e-09	0	0	0	0	1.38065	0	0.0167844	0	0.0554426	0.069606	0.0348984	3.85215e-05	2.80079e-05	447.706	40456.4	18970.9	28628	76.9698	749.831	99.0675	10.3868	7.63009	0	0	24.3288	4320.04	1435.72	2294.91	7.21112	15.5629	2.05839	0.381359	2.42418	0	0	0.14681
setup	0	2023-10-10 23:00:00	0	5.24501	2.76734	0	0	0	0.00177698	4.36285e-05	4.12735e-05	4.68158e-05	4.86513e-09	0	0	0	0	1.37411	0	0.0167626	0	0.0548405	0.0688823	0.0344873	2.44629e-05	2.77049e-05	448.872	40457.6	18972.1	28628.8	77.0803	747.437	99.7709	10.4849	7.57593	0	0	24.2972	4320.05	1435.75	2294.85	7.20738	15.518	2.0725	0.381953	2.41377	0	0	0.143434
setup	0	2023-10-11 23:00:00	0	5.10084	2.68385	0	0	0	0.00175792	4.26879e-05	3.85392e-05	4.32632e-05	5.67422e-09	0	0	0	0	1.36627	0	0.0167408	0	0.0538221	0.0672203	0.0335751	2.15198e-05	2.71665e-05	450.029	40459	18973.5	28629.7	77.1811	745.062	100.481	10.6194	7.54001	0	0	24.2656	4320.06	1435.77	2294.79	7.20339	15.4736	2.08673	0.382437	2.40373	0	0	0.142882
setup	0	2023-10-12 23:00:00	0	4.95676	2.79525	0	0	0	0	2.94689e-05	2.88305e-05	4.86369e-05	2.44291e-09	0	0	0	0	1.35796	0	0.016719	0	0.0524596	0.0652427	0.0324005	3.41521e-05	2.66684e-05	451.174	40460.2	18974.7	28630.5	77.3061	742.706	101.219	10.6845	7.37347	0	0	24.2341	4320.08	1435.8	2294.75	7.2014	15.4294	2.10151	0.38159	2.39424	0	0	0.14582
setup	0	2023-10-13 23:00:00	0	4.81318	2.64325	0	0	0	0	4.21158e-05	3.69279e-05	4.63972e-05	3.95053e-09	0	0	0	0	1.34992	0	0.0166973	0	0.0516123	0.0641182	0.0317856	2.22376e-05	2.619e-05	452.309	40461.5	18976	28631.4	77.4267	740.366	101.951	10.7749	7.31476	0	0	24.2026	4320.1	1435.83	2294.69	7.19922	15.3857	2.11615	0.380428	2.38515	0	0	0.14428
setup	0	2023-10-14 23:00:00	0	3.75942	2.69239	0	0	0	0	2.82867e-05	2.71401e-05	5.04689e-05	1.94608e-09	0	0	0	0	0.588002	0	0.0166756	0	0.0502659	0.0621447	0.0303385	3.03486e-05	2.5611e-05	450.051	40462	18976.7	28631.5	77.5548	738.045	102.708	10.8309	6.41994	0	0	24.1711	4320.12	1435.86	2294.63	7.19764	15.3423	2.13128	0.378395	2.37607	0	0	0.148493
setup	0	2023-10-15 23:00:00	0	3.57304	2.40356	0	0	0	0	3.85624e-05	3.30276e-05	4.83929e-05	2.75577e-09	0	0	0	0	0.585066	0	0.0166539	0	0.0489675	0.0602386	0.0294517	2.1796e-05	2.49105e-05	447.87	40462.8	18977.7	28631.9	77.6948	735.737	103.458	10.811	5.86777	0	0	24.1397	4320.14	1435.89	2294.57	7.19804	15.2993	2.14626	0.374608	2.3679	0	0	0.144778
setup	0	2023-10-16 23:00:00	0	3.43294	2.37987	0	0	0	0	2.42437e-05	2.0524e-05	4.81904e-05	1.26712e-09	0	0	0	0	0.582231	0	0.0166322	0	0.0472901	0.0575927	0.0276384	2.98001e-05	2.40175e-05	445.767	40463.6	18978.6	28632.3	77.8455	733.443	104.231	10.7014	5.37303	0	0	24.1083	4320.16	1435.92	2294.52	7.20053	15.2566	2.16167	0.368307	2.36024	0	0	0.148492
setup	0	2023-10-17 23:00:00	0	3.2935	2.15822	0	0	0	0	3.75837e-05	2.93621e-05	4.63953e-05	2.18207e-09	0	0	0	0	0.579497	0	0.0166106	0	0.0458572	0.0554923	0.026575	1.94074e-05	2.3118e-05	443.738	40464.6	18979.7	28632.9	77.989	731.161	105	10.6004	5.08546	0	0	24.077	4320.18	1435.95	2294.47	7.20447	15.2142	2.17698	0.360568	2.3539	0	0	0.145297
setup	0	2023-10-18 23:00:00	0	3.15126	2.06544	0	0	0	0	3.81745e-05	3.04388e-05	4.37156e-05	2.76267e-09	0	0	0	0	0.57686	0	0.016589	0	0.0442257	0.053585	0.0252251	1.77898e-05	2.21195e-05	441.779	40465.7	18980.9	28633.5	78.1223	728.893	105.773	10.5193	4.85655	0	0	24.0457	4320.21	1435.98	2294.4	7.20865	15.1722	2.19235	0.35184	2.34925	0	0	0.145342
setup	0	2023-10-19 23:00:00	0	3.04815	1.97208	0	0	0	0	3.62637e-05	2.80257e-05	4.11481e-05	3.02164e-09	0	0	0	0	0.574313	0	0.0165675	0	0.0425692	0.0516079	0.0238323	1.59119e-05	2.10911e-05	439.886	40466.9	18982.2	28634.2	78.2464	726.637	106.553	10.4504	4.69059	0	0	24.0144	4320.23	1436.01	2294.34	7.21297	15.1305	2.20785	0.34252	2.34598	0	0	0.144397
setup	0	2023-10-20 23:00:00	0	2.97694	1.98795	0.00135074	0.000384578	0.000359491	0.0001025	2.29038e-05	1.56357e-05	4.06823e-05	1.33817e-09	0	0	0	0	0.571852	0	0.0165459	0	0.0408717	0.0495946	0.0220246	1.83094e-05	2.0019e-05	438.056	40468	18983.4	28634.8	78.366	724.395	107.356	10.3542	4.49348	0	0	23.9832	4320.26	1436.05	2294.28	7.21688	15.0892	2.2238	0.332517	2.34218	0	0	0.148959
setup	0	2023-10-21 23:00:00	0	2.9131	1.8681	0.0107604	0.00315599	0.00261086	0.000806901	3.73707e-05	-8.78434e-05	3.66781e-05	3.1737e-09	0	0	0	0	0.569473	0	0.0165244	0	0.0404109	0.0488196	0.0209118	1.26432e-05	1.88633e-05	436.285	40469.3	18984.4	28636	78.4716	722.166	108.15	10.2546	4.41604	0	0	23.952	4320.28	1436.05	2294.29	7.21849	15.0482	2.23955	0.322153	2.32818	0	0	0.146477
setup	0	2023-10-22 23:00:00	0	2.84286	1.90463	0.00265952	0.000813926	0.000588876	0.000203266	1.83164e-05	1.67788e-05	3.74544e-05	1.07852e-09	0	0	0	0	0.56717	0	0.0165029	0	0.0381602	0.0461782	0.0192657	1.9765e-05	1.79948e-05	434.567	40470.5	18985.7	28636.7	78.5732	719.95	108.971	10.1587	4.25778	0	0	23.9209	4320.31	1436.08	2294.23	7.22132	15.0075	2.25586	0.311818	2.32435	0	0	0.15145
setup	0	2023-10-23 23:00:00	0	2.77754	1.73582	0.00132682	0.000411523	0.000280881	0.000100587	2.81231e-05	2.25727e-05	3.64587e-05	1.66495e-09	0	0	0	0	0.564937	0	0.0164815	0	0.0366904	0.0444858	0.0185248	1.13655e-05	1.71939e-05	432.904	40471.8	18987.1	28637.5	78.6632	717.746	109.791	10.1021	4.22504	0	0	23.8898	4320.34	1436.12	2294.18	7.22399	14.9672	2.27212	0.30233	2.32283	0	0	0.146782
setup	0	2023-10-24 23:00:00	0	2.71336	1.66001	7.50754e-07	2.35432e-07	1.53629e-07	5.76906e-08	2.79636e-05	2.39625e-05	3.44017e-05	2.03167e-09	0	0	0	0	0.562775	0	0.0164601	0	0.0352002	0.0428227	0.017529	9.89514e-06	1.63325e-05	431.291	40473.2	18988.5	28638.4	78.7421	715.556	110.613	10.0863	4.21826	0	0	23.8587	4320.37	1436.16	2294.11	7.22678	14.9271	2.28841	0.29364	2.32369	0	0	0.143302
setup	0	2023-10-25 23:00:00	0	2.65008	1.62398	0	0	0	0	2.64757e-05	2.1171e-05	3.25257e-05	2.18334e-09	0	0	0	0	0.560678	0	0.0164387	0	0.034029	0.0414351	0.016615	9.00782e-06	1.55398e-05	429.725	40474.7	18990	28639.3	78.8133	713.378	111.441	10.0929	4.20761	0	0	23.8277	4320.4	1436.2	2294.05	7.22925	14.8874	2.30481	0.285687	2.32493	0	0	0.142564
setup	0	2023-10-26 23:00:00	0	2.58789	1.58804	0	0	0	0	2.49051e-05	1.84365e-05	3.08749e-05	2.25034e-09	0	0	0	0	0.558643	0	0.0164173	0	0.0330365	0.0403593	0.0159623	8.33152e-06	1.48512e-05	428.205	40476.1	18991.5	28640.2	78.8792	711.213	112.276	10.1114	4.19998	0	0	23.7967	4320.44	1436.24	2293.98	7.23097	14.848	2.32132	0.27863	2.32655	0	0	0.141575
setup	0	2023-10-27 23:00:00	0	2.52454	1.70587	0.00386562	0.0012679	0.000747891	0.000307809	1.40621e-05	4.21996e-06	2.98768e-05	7.91963e-10	0	0	0	0	0.556667	0	0.0163959	0	0.032377	0.0392774	0.0149324	1.45609e-05	1.41498e-05	426.729	40477.5	18992.8	28641	78.9457	709.06	113.133	10.0835	4.07216	0	0	23.7658	4320.47	1436.27	2293.93	7.23136	14.8089	2.33828	0.272045	2.32308	0	0	0.147642
setup	0	2023-10-28 23:00:00	0	2.46535	1.56199	0.00385259	0.00129219	0.000695401	0.000306033	2.22199e-05	3.61002e-06	2.98521e-05	1.35332e-09	0	0	0	0	0.554748	0	0.0163746	0	0.0315999	0.0384642	0.0145767	8.36043e-06	1.35903e-05	425.296	40478.9	18994.2	28641.9	79.0059	706.92	113.989	10.0716	4.06023	0	0	23.7349	4320.5	1436.3	2293.87	7.23106	14.7701	2.35523	0.266152	2.32079	0	0	0.145637
setup	0	2023-10-29 23:00:00	0	2.40716	1.47823	1.49163e-06	5.0796e-07	2.55859e-07	1.19765e-07	2.2326e-05	8.63403e-06	2.85127e-05	1.67817e-09	0	0	0	0	0.552885	0	0.0163533	0	0.0303739	0.0372388	0.0141888	7.36947e-06	1.30409e-05	423.902	40480.5	18995.8	28642.9	79.0608	704.793	114.846	10.092	4.0899	0	0	23.704	4320.53	1436.34	2293.8	7.23117	14.7317	2.37218	0.261161	2.32284	0	0	0.141664
setup	0	2023-10-30 23:00:00	0	2.34996	1.45335	3.04014e-08	1.04197e-08	5.12279e-09	2.44186e-09	2.12278e-05	8.79331e-06	2.72916e-05	1.81383e-09	0	0	0	0	0.551073	0	0.0163321	0	0.0295577	0.0363635	0.0137573	6.86473e-06	1.25182e-05	422.547	40482	18997.4	28643.9	79.1106	702.678	115.708	10.1327	4.10592	0	0	23.6732	4320.57	1436.38	2293.74	7.23085	14.6935	2.38922	0.256854	2.32496	0	0	0.140731
setup	0	2023-10-31 23:00:00	0	2.29372	1.43361	0	0	0	0	2.04833e-05	9.07818e-06	2.63806e-05	1.97478e-09	0	0	0	0	0.549311	0	0.0163108	0	0.0297591	0.037528	0.0151895	7.57009e-06	1.23734e-05	421.228	40483.6	18999	28644.9	79.1535	700.575	116.575	10.2095	4.17847	0	0	23.6424	4320.61	1436.42	2293.67	7.23356	14.6556	2.40633	0.260147	2.33646	0	0	0.140404
setup	0	2023-11-01 23:00:00	0	2.24025	1.42442	0	0	0	0	1.96261e-05	8.72403e-06	2.58318e-05	2.00741e-09	0	0	0	0	0.547597	0	0.0162896	0	0.0296497	0.0375058	0.0150244	7.85741e-06	1.19503e-05	419.945	40485.2	19000.5	28645.8	79.1918	698.484	117.446	10.316	4.20948	0	0	23.6117	4320.64	1436.46	2293.6	7.23532	14.618	2.42353	0.267979	2.34072	0	0	0.139669
setup	0	2023-11-02 23:00:00	0	2.18634	1.40978	0	0	0	0	1.88096e-05	7.9064e-06	2.52713e-05	2.06532e-09	0	0	0	0	0.545928	0	0.0162685	0	0.0293632	0.0369909	0.014687	7.66738e-06	1.15814e-05	418.694	40486.7	19002.1	28646.8	79.2293	696.405	118.322	10.4302	4.22258	0	0	23.581	4320.68	1436.5	2293.53	7.23735	14.5806	2.44083	0.275748	2.34348	0	0	0.139162
setup	0	2023-11-03 23:00:00	0	2.13344	1.38736	0	0	0	0	1.80772e-05	6.95337e-06	2.46716e-05	2.06899e-09	0	0	0	0	0.544303	0	0.0162473	0	0.0288896	0.0362101	0.0143493	7.3612e-06	1.12301e-05	417.476	40488.3	19003.7	28647.7	79.2677	694.339	119.203	10.543	4.23369	0	0	23.5504	4320.71	1436.54	2293.46	7.24011	14.5436	2.45821	0.282622	2.34598	0	0	0.13789
setup	0	2023-11-04 23:00:00	0	2.08157	1.37147	0	0	0	0	1.7395e-05	5.97683e-06	2.40965e-05	2.05044e-09	0	0	0	0	0.542719	0	0.0162262	0	0.0283631	0.0354156	0.0140016	7.17937e-06	1.08785e-05	416.288	40489.9	19005.3	28648.7	79.3071	692.284	120.088	10.6515	4.23922	0	0	23.5197	4320.75	1436.58	2293.39	7.24353	14.5068	2.47569	0.288539	2.3484	0	0	0.137345
setup	0	2023-11-05 23:00:00	0	2.02929	1.38165	0	0	0	0	1.28782e-05	1.93133e-06	2.41588e-05	1.00134e-09	0	0	0	0	0.541175	0	0.0162051	0	0.0276244	0.0342815	0.0134163	7.81463e-06	1.04992e-05	415.129	40491.4	19006.8	28649.7	79.3495	690.241	120.985	10.7404	4.21908	0	0	23.4892	4320.78	1436.63	2293.33	7.24795	14.4704	2.49339	0.293383	2.35051	0	0	0.137713
setup	0	2023-11-06 23:00:00	0	1.97849	1.46857	0.00483203	0.0018019	0.000726611	0.000413837	1.171e-05	-3.22441e-06	2.42392e-05	6.56361e-10	0	0	0	0	0.539668	0	0.016184	0	0.0274421	0.0337405	0.0129074	1.04092e-05	1.01404e-05	413.999	40492.9	19008.2	28650.6	79.3936	688.21	121.893	10.7912	4.11207	0	0	23.4586	4320.82	1436.66	2293.28	7.25178	14.4341	2.5113	0.297131	2.34707	0	0	0.14401
setup	0	2023-11-07 23:00:00	0	1.93229	1.42314	0.0144048	0.00561777	0.00184516	0.00122757	1.91397e-05	-0.000226045	2.22824e-05	1.76546e-09	0	0	0	0	0.538199	0	0.016163	0	0.0277527	0.0336326	0.0128619	6.32708e-06	9.79261e-06	412.896	40494.4	19009.4	28652	79.4342	686.19	122.793	10.8166	4.06135	0	0	23.4281	4320.84	1436.66	2293.29	7.25444	14.3982	2.52906	0.299784	2.33184	0	0	0.147902
setup	0	2023-11-08 23:00:00	0	1.88498	1.28203	0	0	0	0	1.62536e-05	2.76669e-05	2.15525e-05	1.96488e-09	0	0	0	0	0.536764	0	0.016142	0	0.0262751	0.0325261	0.0125777	5.97087e-06	9.48928e-06	411.817	40496	19011	28653	79.476	684.181	123.696	10.8848	4.09944	0	0	23.3977	4320.88	1436.7	2293.23	7.25891	14.3625	2.54687	0.302555	2.33437	0	0	0.139694
setup	0	2023-11-09 23:00:00	0	1.83859	1.37916	0.0153103	0.00644074	0.00152555	0.00131488	1.52238e-05	-6.26367e-05	2.14411e-05	1.8217e-09	0	0	0	0	0.535362	0	0.016121	0	0.0270757	0.0326077	0.012217	5.96958e-06	9.20378e-06	410.762	40497.5	19012.3	28654.2	79.51	682.184	124.605	10.9325	4.0306	0	0	23.3673	4320.91	1436.71	2293.21	7.26094	14.3271	2.56478	0.304428	2.31914	0	0	0.149229
setup	0	2023-11-10 23:00:00	0	1.79366	1.35706	0.0128193	0.00571441	0.00100973	0.00109409	1.44444e-05	-6.92903e-05	2.12126e-05	1.66476e-09	0	0	0	0	0.533991	0	0.0161	0	0.0264214	0.0322887	0.0118475	5.96847e-06	8.87777e-06	409.731	40499	19013.5	28655.3	79.5469	680.198	125.518	10.9634	3.97626	0	0	23.3369	4320.94	1436.72	2293.2	7.2624	14.2919	2.58279	0.305732	2.30671	0	0	0.148696
setup	0	2023-11-11 23:00:00	0	1.74834	1.73197	0.0588257	0.0301211	0.00336381	0.00470473	1.19664e-05	-0.000764124	2.09995e-05	1.54116e-09	0	0	0	0	0.53265	0	0.0160791	0	0.02814	0.0337494	0.0111624	4.16645e-06	8.56575e-06	408.721	40500.1	19013.2	28656.7	79.5731	678.224	126.458	10.8522	3.60685	0	0	23.3065	4320.93	1436.6	2293.35	7.25566	14.257	2.60134	0.301718	2.25518	0	0	0.144147
setup	0	2023-11-12 23:00:00	0	1.70445	1.1332	0	0	0	0	1.34595e-05	-0.000173149	1.96431e-05	1.56478e-09	0	0	0	0	0.531338	0	0.0160582	0	0.0236396	0.0292071	0.011258	4.92896e-06	8.28074e-06	407.734	40501.8	19014.9	28657.9	79.6162	676.26	127.374	10.8536	3.77559	0	0	23.2762	4320.97	1436.64	2293.29	7.26114	14.2224	2.6194	0.294458	2.24981	0	0	0.136352
setup	0	2023-11-13 23:00:00	0	1.66168	1.12579	0	0	0	0	1.2186e-05	-5.42699e-05	2.01443e-05	1.19829e-09	0	0	0	0	0.530054	0	0.0160373	0	0.0235259	0.0291046	0.0109639	5.0028e-06	8.04269e-06	406.766	40503.6	19016.6	28658.9	79.6474	674.307	128.292	10.9225	3.87556	0	0	23.246	4321.01	1436.68	2293.22	7.26485	14.188	2.6375	0.287654	2.24771	0	0	0.13293
setup	0	2023-11-14 23:00:00	0	1.62115	1.1904	0.0163876	0.00902086	0.000340718	0.00132199	1.28821e-05	-0.000108022	1.86808e-05	1.43626e-09	0	0	0	0	0.528796	0	0.0160165	0	0.0239597	0.0297418	0.0107497	4.22946e-06	7.81546e-06	405.818	40505.2	19017.9	28660.1	79.665	672.366	129.212	11.004	3.87745	0	0	23.2158	4321.04	1436.69	2293.18	7.2643	14.1538	2.65562	0.28143	2.23744	0	0	0.147152
setup	0	2023-11-15 23:00:00	0	1.58084	1.11763	0	0	0	0	1.20928e-05	-2.24395e-06	1.82473e-05	1.5908e-09	0	0	0	0	0.527563	0	0.0159957	0	0.0229497	0.0286523	0.0105603	4.23242e-06	7.66065e-06	404.888	40506.9	19019.6	28661.2	79.6905	670.435	130.134	11.1082	3.91647	0	0	23.1856	4321.08	1436.73	2293.11	7.2654	14.1199	2.6738	0.276064	2.2359	0	0	0.137395
setup	0	2023-11-16 23:00:00	0	1.54131	1.09612	0	0	0	0	1.17357e-05	3.16123e-06	1.77569e-05	1.57115e-09	0	0	0	0	0.526354	0	0.0159749	0	0.0227266	0.0283258	0.0103872	4.07451e-06	7.50849e-06	403.976	40508.6	19021.3	28662.2	79.7152	668.515	131.057	11.2217	3.95232	0	0	23.1554	4321.12	1436.77	2293.03	7.26578	14.0862	2.69198	0.271292	2.23437	0	0	0.13217
setup	0	2023-11-17 23:00:00	0	1.50325	1.08414	0	0	0	0	1.13989e-05	5.38002e-06	1.73287e-05	1.53139e-09	0	0	0	0	0.525169	0	0.0159541	0	0.0219549	0.0273702	0.0102021	3.88116e-06	7.3412e-06	403.081	40510.4	19023	28663.3	79.7402	666.605	131.98	11.3381	3.98034	0	0	23.1253	4321.16	1436.81	2292.96	7.26677	14.0527	2.71015	0.26703	2.23605	0	0	0.130224
setup	0	2023-11-18 23:00:00	0	1.46597	1.07205	0	0	0	0	1.09717e-05	4.86321e-06	1.75529e-05	1.36343e-09	0	0	0	0	0.524005	0	0.0159334	0	0.0214247	0.0267616	0.0100007	3.87979e-06	7.16775e-06	402.202	40512.1	19024.7	28664.3	79.766	664.706	132.904	11.4542	4.00314	0	0	23.0953	4321.2	1436.85	2292.89	7.2677	14.0195	2.72834	0.263202	2.23838	0	0	0.128954
setup	0	2023-11-19 23:00:00	0	1.42965	1.06299	0	0	0	0	1.05636e-05	3.78892e-06	1.73412e-05	1.19405e-09	0	0	0	0	0.522862	0	0.0159126	0	0.0210073	0.0262637	0.00979864	3.75965e-06	6.99549e-06	401.339	40513.8	19026.4	28665.4	79.7929	662.817	133.828	11.5676	4.01996	0	0	23.0653	4321.24	1436.9	2292.81	7.26843	13.9865	2.74654	0.259746	2.24063	0	0	0.128512
setup	0	2023-11-20 23:00:00	0	1.39499	1.14286	0.0126999	0.00738048	0.000235278	0.00103181	1.05852e-05	-5.65348e-05	1.71443e-05	1.16095e-09	0	0	0	0	0.52174	0	0.015892	0	0.0219964	0.0269758	0.00958068	3.882e-06	6.80534e-06	400.491	40515.4	19027.7	28666.5	79.8147	660.938	134.753	11.6589	3.95424	0	0	23.0353	4321.27	1436.9	2292.78	7.26559	13.9537	2.76477	0.256441	2.22688	0	0	0.139839
setup	0	2023-11-21 23:00:00	0	1.36011	1.0816	0	0	0	0	8.19051e-06	-9.05403e-07	1.76777e-05	6.00461e-10	0	0	0	0	0.520638	0	0.0158713	0	0.0203532	0.0254768	0.00924091	4.15952e-06	6.61956e-06	399.657	40517.1	19029.3	28667.6	79.8454	659.07	135.683	11.7463	3.93546	0	0	23.0053	4321.31	1436.94	2292.71	7.26539	13.9212	2.78309	0.253478	2.22914	0	0	0.135937
setup	0	2023-11-22 23:00:00	0	1.32599	1.10188	0.00229391	0.00136626	3.97434e-05	0.000187026	8.2903e-06	-5.23734e-06	1.77157e-05	4.80689e-10	0	0	0	0	0.519554	0	0.0158507	0	0.0200901	0.0250013	0.00902879	4.49516e-06	6.46183e-06	398.837	40518.8	19030.9	28668.6	79.8758	657.212	136.614	11.8248	3.88787	0	0	22.9754	4321.35	1436.98	2292.65	7.26495	13.8889	2.80141	0.250716	2.22795	0	0	0.135896
setup	0	2023-11-23 23:00:00	0	1.29369	1.12377	0.00458205	0.00275575	7.6647e-05	0.000372467	8.19739e-06	-8.99002e-06	1.76537e-05	4.29752e-10	0	0	0	0	0.518488	0	0.0158301	0	0.0199619	0.0247687	0.00883351	4.88034e-06	6.31183e-06	398.031	40520.4	19032.4	28669.6	79.9062	655.364	137.544	11.89	3.81365	0	0	22.9456	4321.38	1437.01	2292.59	7.26379	13.8568	2.81975	0.24814	2.22432	0	0	0.138969
setup	0	2023-11-24 23:00:00	0	1.26286	1.03049	0.0022878	0.00138924	3.67386e-05	0.000184713	1.04162e-05	-6.65204e-06	1.74633e-05	6.84694e-10	0	0	0	0	0.51744	0	0.0158095	0	0.0195023	0.0244292	0.0088176	3.65307e-06	6.19212e-06	397.239	40522.1	19034	28670.7	79.9374	653.526	138.469	11.9604	3.82066	0	0	22.9157	4321.42	1437.05	2292.52	7.26271	13.8249	2.83797	0.2458	2.22427	0	0	0.135728
setup	0	2023-11-25 23:00:00	0	1.2337	1.01152	0.00114044	0.000698547	1.84687e-05	9.31115e-05	1.04262e-05	-3.82934e-06	1.71898e-05	8.22564e-10	0	0	0	0	0.51641	0	0.0157889	0	0.0191717	0.0240796	0.00875313	3.67246e-06	6.07668e-06	396.462	40523.8	19035.6	28671.8	79.9679	651.698	139.388	12.0432	3.82859	0	0	22.8859	4321.46	1437.08	2292.45	7.26172	13.7932	2.85606	0.243698	2.22494	0	0	0.13235
setup	0	2023-11-26 23:00:00	0	1.20753	0.983512	0	0	0	0	1.01726e-05	1.2604e-06	1.67817e-05	8.98571e-10	0	0	0	0	0.515401	0	0.0157684	0	0.0188106	0.0236886	0.00870582	3.34749e-06	5.97835e-06	395.703	40525.6	19037.3	28672.8	79.9988	649.879	140.298	12.1348	3.85218	0	0	22.8562	4321.5	1437.13	2292.38	7.26106	13.7617	2.87397	0.241801	2.22713	0	0	0.130001
setup	0	2023-11-27 23:00:00	0	1.18324	0.976547	0	0	0	0	9.83431e-06	3.3998e-06	1.62006e-05	9.34788e-10	0	0	0	0	0.514414	0	0.0157479	0	0.0185758	0.0234505	0.00864291	3.15972e-06	5.88237e-06	394.959	40527.3	19039	28673.9	80.0295	648.069	141.2	12.2334	3.87041	0	0	22.8265	4321.54	1437.17	2292.31	7.26032	13.7305	2.89173	0.240088	2.22929	0	0	0.12876
setup	0	2023-11-28 23:00:00	0	1.16113	0.989701	0.00113363	0.000703708	1.91505e-05	9.36196e-05	9.45925e-06	2.73802e-06	1.51226e-05	9.78453e-10	0	0	0	0	0.513447	0	0.0157274	0	0.0185445	0.0233829	0.00854755	3.07109e-06	5.78272e-06	394.23	40529	19040.6	28675	80.0591	646.268	142.098	12.3355	3.86299	0	0	22.7968	4321.58	1437.21	2292.24	7.259	13.6994	2.9094	0.238534	2.22986	0	0	0.130376
setup	0	2023-11-29 23:00:00	0	1.1404	0.960122	0	0	0	0	9.0258e-06	4.41519e-06	1.36798e-05	1.02068e-09	0	0	0	0	0.512499	0	0.015707	0	0.0182056	0.0229627	0.00843899	2.55751e-06	5.68411e-06	393.514	40530.7	19042.3	28676	80.0889	644.477	142.992	12.4389	3.87515	0	0	22.7672	4321.62	1437.25	2292.17	7.25795	13.6685	2.927	0.237114	2.23202	0	0	0.128057
setup	0	2023-11-30 23:00:00	0	1.12097	0.955586	0	0	0	0	9.23219e-06	6.90669e-06	1.23006e-05	1.34145e-09	0	0	0	0	0.511568	0	0.0156866	0	0.0210347	0.0280749	0.0117895	2.92066e-06	6.18261e-06	392.811	40532.5	19044	28677.1	80.1144	642.694	143.882	12.5633	3.95937	0	0	22.7376	4321.66	1437.29	2292.1	7.25941	13.6377	2.94452	0.240356	2.24189	0	0	0.127355
setup	0	2023-12-01 23:00:00	0	1.11048	0.959711	0	0	0	0	9.21812e-06	6.65913e-06	1.16534e-05	1.37409e-09	0	0	0	0	0.510654	0	0.0156662	0	0.021062	0.0279238	0.0123607	3.11148e-06	6.23323e-06	392.119	40534.2	19045.7	28678.2	80.1356	640.92	144.762	12.7153	4.014	0	0	22.708	4321.7	1437.33	2292.03	7.26094	13.6072	2.96184	0.246884	2.24775	0	0	0.127719
setup	0	2023-12-02 23:00:00	0	1.09784	0.95023	0	0	0	0	9.03249e-06	5.93802e-06	1.1057e-05	1.38711e-09	0	0	0	0	0.509755	0	0.0156458	0	0.0210229	0.0277933	0.0122881	2.75295e-06	6.16163e-06	391.44	40535.9	19047.4	28679.3	80.1537	639.154	145.634	12.8829	4.06036	0	0	22.6785	4321.73	1437.36	2291.96	7.26251	13.5768	2.979	0.254318	2.25177	0	0	0.126493
setup	0	2023-12-03 23:00:00	0	1.08955	0.963025	0	0	0	0	8.91657e-06	5.39e-06	1.08339e-05	1.40266e-09	0	0	0	0	0.508872	0	0.0156255	0	0.0210765	0.0280283	0.0123072	2.70222e-06	6.12675e-06	390.771	40537.6	19049	28680.3	80.1712	637.396	146.489	13.0635	4.08836	0	0	22.649	4321.77	1437.4	2291.89	7.26387	13.5466	2.99582	0.261967	2.25497	0	0	0.126194
setup	0	2023-12-04 23:00:00	0	1.08113	0.965969	0	0	0	0	8.81534e-06	4.44586e-06	1.05854e-05	1.43135e-09	0	0	0	0	0.508002	0	0.0156052	0	0.021244	0.0281509	0.0122973	2.59105e-06	6.08578e-06	390.109	40539.3	19050.6	28681.4	80.1882	635.646	147.332	13.2509	4.10739	0	0	22.6196	4321.81	1437.44	2291.82	7.26503	13.5165	3.01243	0.269429	2.25747	0	0	0.126249
setup	0	2023-12-05 23:00:00	0	1.07113	0.95336	0	0	0	0	8.65524e-06	4.87903e-06	1.01181e-05	1.47986e-09	0	0	0	0	0.507142	0	0.0155849	0	0.0213586	0.0281833	0.0122099	2.33821e-06	6.03599e-06	389.456	40540.9	19052.3	28682.4	80.204	633.904	148.166	13.4416	4.13469	0	0	22.5901	4321.84	1437.48	2291.75	7.26599	13.4865	3.02884	0.276506	2.25994	0	0	0.125849
setup	0	2023-12-06 23:00:00	0	1.07465	0.986045	0	0	0	0	8.70224e-06	5.04368e-06	1.02773e-05	1.51976e-09	0	0	0	0	0.506292	0	0.0155646	0	0.0214534	0.0285305	0.0124481	2.44896e-06	6.09493e-06	388.81	40542.6	19053.9	28683.4	80.2219	632.168	148.963	13.6444	4.14608	0	0	22.5608	4321.88	1437.51	2291.68	7.26739	13.4567	3.04455	0.283644	2.26245	0	0	0.126205
setup	0	2023-12-07 23:00:00	0	1.0891	1.00784	0	0	0	0	8.82471e-06	3.73471e-06	1.05092e-05	1.54598e-09	0	0	0	0	0.505453	0	0.0155444	0	0.0216117	0.0288245	0.0127182	2.49593e-06	6.15872e-06	388.168	40544.2	19055.4	28684.4	80.2416	630.439	149.732	13.8551	4.15013	0	0	22.5315	4321.91	1437.55	2291.61	7.26922	13.427	3.0597	0.290838	2.26489	0	0	0.127199
setup	0	2023-12-08 23:00:00	0	1.12032	1.10509	0	0	0	0	9.11291e-06	-2.44517e-06	1.24914e-05	1.55038e-09	0	0	0	0	0.504619	0	0.0155242	0	0.0217092	0.0296584	0.0132686	4.40688e-06	6.32522e-06	387.505	40545.7	19056.9	28685.3	80.2671	628.713	150.445	14.0786	4.09564	0	0	22.5022	4321.95	1437.59	2291.54	7.27173	13.3973	3.07377	0.298466	2.26746	0	0	0.128971
setup	0	2023-12-09 23:00:00	0	1.16231	1.14823	0	0	0	0	1.14028e-05	-1.27758e-05	2.14689e-05	1.28831e-09	0	0	0	0	0.503757	0	0.015504	0	0.0217081	0.0304868	0.0139906	6.21492e-06	6.5101e-06	386.837	40547.1	19058.3	28686.2	80.3136	626.99	151.108	14.2976	4.0363	0	0	22.4729	4321.98	1437.62	2291.48	7.27581	13.3677	3.08685	0.30651	2.2696	0	0	0.126333
setup	0	2023-12-10 23:00:00	0	1.18414	1.1496	0	0	0	0	1.15395e-05	7.25483e-06	2.20174e-05	1.29948e-09	0	0	0	0	0.502889	0	0.0154838	0	0.0218418	0.0308796	0.0141768	6.29374e-06	6.56372e-06	386.161	40548.6	19059.7	28687	80.3677	625.272	151.742	14.4868	4.02312	0	0	22.4437	4322.02	1437.66	2291.42	7.28048	13.3381	3.09938	0.313964	2.27217	0	0	0.125978
setup	0	2023-12-11 23:00:00	0	1.22088	1.19112	0	0	0	0	1.19289e-05	1.17973e-05	2.30221e-05	1.32517e-09	0	0	0	0	0.502009	0	0.0154637	0	0.0220786	0.0317821	0.0146894	6.66962e-06	6.72425e-06	385.482	40550	19061	28687.9	80.4308	623.557	152.32	14.6635	4.03116	0	0	22.4145	4322.05	1437.69	2291.37	7.286	13.3085	3.11082	0.321445	2.27509	0	0	0.12536
setup	0	2023-12-12 23:00:00	0	1.26601	1.23559	0	0	0	0	1.23855e-05	1.32864e-05	2.40796e-05	1.35948e-09	0	0	0	0	0.501126	0	0.0154436	0	0.022413	0.0326943	0.0152438	7.08295e-06	6.89795e-06	384.797	40551.3	19062.3	28688.7	80.5012	621.844	152.846	14.8336	4.05114	0	0	22.3854	4322.09	1437.73	2291.31	7.29235	13.2789	3.12124	0.329099	2.27816	0	0	0.125566
setup	0	2023-12-13 23:00:00	0	1.29959	1.26954	0	0	0	0	1.2749e-05	1.41132e-05	2.49568e-05	1.38335e-09	0	0	0	0	0.500236	0	0.0154235	0	0.0226676	0.0333502	0.0156135	7.41724e-06	7.02163e-06	384.102	40552.6	19063.6	28689.5	80.577	620.135	153.332	14.9978	4.07763	0	0	22.3563	4322.12	1437.76	2291.27	7.2994	13.2493	3.13089	0.336727	2.28132	0	0	0.125625
setup	0	2023-12-14 23:00:00	0	1.32592	1.29699	0	0	0	0	1.30662e-05	1.46497e-05	2.57375e-05	1.40129e-09	0	0	0	0	0.499333	0	0.0154035	0	0.0228715	0.0338637	0.0159026	7.72346e-06	7.12056e-06	383.402	40553.9	19064.8	28690.3	80.6578	618.43	153.785	15.1566	4.10939	0	0	22.3272	4322.15	1437.8	2291.22	7.30712	13.2198	3.1399	0.344211	2.28454	0	0	0.12547
setup	0	2023-12-15 23:00:00	0	1.34635	1.32476	0	0	0	0	1.33402e-05	1.49359e-05	2.64524e-05	1.41455e-09	0	0	0	0	0.498423	0	0.0153835	0	0.0230315	0.0342626	0.0161299	7.97435e-06	7.19904e-06	382.699	40555.1	19066	28691.1	80.743	616.729	154.21	15.3099	4.14062	0	0	22.2982	4322.19	1437.83	2291.18	7.31547	13.1903	3.14836	0.35147	2.28782	0	0	0.125248
setup	0	2023-12-16 23:00:00	0	1.40251	1.40621	0	0	0	0	1.40744e-05	2.11309e-05	2.84186e-05	1.46239e-09	0	0	0	0	0.497509	0	0.0153635	0	0.0233756	0.0359114	0.0170816	8.7494e-06	7.5057e-06	381.973	40556.2	19067.1	28691.8	80.8405	615.029	154.541	15.4692	4.1788	0	0	22.2692	4322.22	1437.87	2291.14	7.32525	13.1608	3.155	0.359297	2.29149	0	0	0.125022
setup	0	2023-12-17 23:00:00	0	1.49877	1.50689	0	0	0	0	1.51693e-05	2.40565e-05	3.0927e-05	1.546e-09	0	0	0	0	0.496565	0	0.0153435	0	0.0240516	0.038089	0.0184144	9.79114e-06	7.93024e-06	381.235	40557.2	19068	28692.4	80.9509	613.325	154.763	15.6358	4.22765	0	0	22.2403	4322.25	1437.9	2291.11	7.33674	13.1311	3.15952	0.368139	2.29541	0	0	0.125123
setup	0	2023-12-18 23:00:00	0	1.57923	1.5914	0	0	0	0	1.61183e-05	2.60123e-05	3.31485e-05	1.61555e-09	0	0	0	0	0.495605	0	0.0153235	0	0.0246421	0.0398527	0.0194021	1.0665e-05	8.27162e-06	380.473	40558.1	19068.9	28693	81.072	611.619	154.902	15.8027	4.28168	0	0	22.2113	4322.28	1437.93	2291.08	7.34971	13.1012	3.16241	0.377511	2.29951	0	0	0.125152
setup	0	2023-12-19 23:00:00	0	1.65325	1.66916	0	0	0	0	1.70524e-05	2.80419e-05	3.53583e-05	1.68088e-09	0	0	0	0	0.494615	0	0.0153036	0	0.025203	0.0414991	0.02031	1.15079e-05	8.59688e-06	379.691	40559	19069.7	28693.6	81.2042	609.911	154.963	15.9659	4.34375	0	0	22.1825	4322.31	1437.96	2291.06	7.36421	13.0713	3.16379	0.387174	2.30383	0	0	0.125105
setup	0	2023-12-20 23:00:00	0	1.72271	1.75496	0	0	0	0	1.79767e-05	2.98759e-05	3.75939e-05	1.74473e-09	0	0	0	0	0.493599	0	0.0152837	0	0.0257367	0.0430622	0.0211687	1.24073e-05	8.91288e-06	378.893	40559.7	19070.5	28694	81.3476	608.202	154.95	16.1222	4.40345	0	0	22.1536	4322.34	1437.99	2291.05	7.38028	13.0412	3.16376	0.39696	2.30834	0	0	0.125646
setup	0	2023-12-21 23:00:00	0	1.78802	1.82448	0	0	0	0	1.88997e-05	3.15467e-05	3.97631e-05	1.80727e-09	0	0	0	0	0.492561	0	0.0152638	0	0.0262539	0.0445624	0.0219909	1.32258e-05	9.21981e-06	378.079	40560.4	19071.1	28694.5	81.5026	606.491	154.868	16.2691	4.47535	0	0	22.1248	4322.37	1438.03	2291.04	7.39799	13.011	3.16236	0.406739	2.31306	0	0	0.125487
setup	0	2023-12-22 23:00:00	0	1.84934	1.90076	0	0	0	0	1.98012e-05	3.30287e-05	4.19234e-05	1.86914e-09	0	0	0	0	0.491503	0	0.015244	0	0.0267477	0.0459876	0.0227689	1.40973e-05	9.51614e-06	377.251	40561	19071.6	28694.9	81.6689	604.779	154.719	16.4052	4.5495	0	0	22.0961	4322.39	1438.06	2291.04	7.41735	12.9807	3.15969	0.416393	2.31798	0	0	0.125846
setup	0	2023-12-23 23:00:00	0	1.9068	1.97416	0	0	0	0	2.06798e-05	3.44036e-05	4.40575e-05	1.93044e-09	0	0	0	0	0.490426	0	0.0152242	0	0.0272228	0.0473382	0.0235018	1.48556e-05	9.80131e-06	376.409	40561.5	19072.1	28695.2	81.8466	603.065	154.509	16.529	4.62572	0	0	22.0673	4322.42	1438.09	2291.04	7.43837	12.9503	3.15581	0.42582	2.32308	0	0	0.126152
setup	0	2023-12-24 23:00:00	0	1.96056	2.04215	0	0	0	0	2.15306e-05	3.56598e-05	4.60888e-05	1.99128e-09	0	0	0	0	0.489332	0	0.0152044	0	0.027677	0.0486141	0.0241906	1.55934e-05	1.00748e-05	375.556	40561.9	19072.5	28695.5	82.0353	601.352	154.24	16.6393	4.70605	0	0	22.0387	4322.45	1438.11	2291.04	7.46105	12.9198	3.15081	0.434931	2.32835	0	0	0.12627
setup	0	2023-12-25 23:00:00	0	2.01078	2.11198	0	0	0	0	2.23501e-05	3.67535e-05	4.80903e-05	2.05144e-09	0	0	0	0	0.488223	0	0.0151846	0	0.028112	0.0498152	0.0248373	1.65541e-05	1.03369e-05	374.692	40562.2	19072.9	28695.7	82.2345	599.637	153.917	16.7361	4.78462	0	0	22.01	4322.47	1438.14	2291.05	7.48534	12.8893	3.14475	0.443664	2.33379	0	0	0.126724
setup	0	2023-12-26 23:00:00	0	2.05761	2.17163	0	0	0	0	2.31491e-05	3.77923e-05	5.00339e-05	2.11116e-09	0	0	0	0	0.487099	0	0.0151649	0	0.0285306	0.0509441	0.0254417	1.74655e-05	1.05881e-05	373.819	40562.5	19073.1	28695.9	82.4437	597.923	153.544	16.8189	4.86806	0	0	21.9814	4322.5	1438.17	2291.07	7.51122	12.8586	3.13772	0.451965	2.33939	0	0	0.126668
setup	0	2023-12-27 23:00:00	0	2.10122	2.23386	0	0	0	0	2.3917e-05	3.87754e-05	5.19103e-05	2.17049e-09	0	0	0	0	0.485964	0	0.0151452	0	0.0289346	0.0520011	0.0260034	1.82883e-05	1.08283e-05	372.937	40562.7	19073.3	28696.1	82.6621	596.209	153.124	16.8879	4.94952	0	0	21.9528	4322.52	1438.2	2291.08	7.53861	12.828	3.12978	0.459799	2.34514	0	0	0.127194
setup	0	2023-12-28 23:00:00	0	2.14177	2.28806	0	0	0	0	2.46474e-05	3.96611e-05	5.37239e-05	2.22956e-09	0	0	0	0	0.484818	0	0.0151255	0	0.0293207	0.0529871	0.026523	1.92196e-05	1.10577e-05	372.048	40562.8	19073.4	28696.2	82.8892	594.495	152.661	16.9438	5.03273	0	0	21.9243	4322.54	1438.23	2291.11	7.56746	12.7972	3.12101	0.467139	2.35101	0	0	0.127304
setup	0	2023-12-29 23:00:00	0	2.17942	2.33993	0	0	0	0	2.53517e-05	4.04729e-05	5.54391e-05	2.28822e-09	0	0	0	0	0.483663	0	0.0151058	0	0.0296947	0.0539074	0.0270048	1.99922e-05	1.12776e-05	371.153	40562.9	19073.5	28696.3	83.1242	592.782	152.158	16.9869	5.11616	0	0	21.8958	4322.57	1438.25	2291.13	7.59769	12.7664	3.11147	0.473976	2.35702	0	0	0.127556
setup	0	2023-12-30 23:00:00	0	2.21434	2.38854	0	0	0	0	2.60131e-05	4.12029e-05	5.70457e-05	2.34663e-09	0	0	0	0	0.482499	0	0.0150862	0	0.0300588	0.0548088	0.027446	2.07055e-05	1.14876e-05	370.252	40562.9	19073.5	28696.4	83.3662	591.07	151.62	17.0182	5.19871	0	0	21.8673	4322.59	1438.28	2291.16	7.62912	12.7356	3.10124	0.480306	2.36322	0	0	0.127818
setup	0	2023-12-31 23:00:00	0	2.24667	2.44089	0	0	0	0	2.66963e-05	4.20626e-05	5.86651e-05	2.3772e-09	0	0	0	0	0.481328	0	0.0150666	0	0.0301294	0.0553894	0.0281273	2.17179e-05	1.17189e-05	369.347	40562.9	19073.5	28696.4	83.6128	589.358	151.049	17.05	5.29055	0	0	21.8389	4322.61	1438.31	2291.19	7.66327	12.7048	3.09038	0.485346	2.37082	0	0	0.128025
setup	0	2024-01-01 23:00:00	0	2.27666	2.4859	0	0	0	0	2.73239e-05	4.27778e-05	6.02129e-05	2.4279e-09	0	0	0	0	0.480151	0	0.015047	0	0.0308014	0.0572087	0.0285257	2.25194e-05	1.19074e-05	368.439	40562.8	19073.4	28696.4	83.8644	587.649	150.448	17.0773	5.37231	0	0	21.8105	4322.63	1438.33	2291.23	7.69626	12.6739	3.07895	0.489936	2.37804	0	0	0.128153
setup	0	2024-01-02 23:00:00	0	2.3064	2.5324	0	0	0	0	2.7957e-05	4.36873e-05	6.17329e-05	2.51722e-09	0	0	0	0	0.47897	0	0.0150274	0	0.0312738	0.0578776	0.0289287	2.32909e-05	1.21188e-05	367.527	40562.6	19073.3	28696.3	84.1225	585.94	149.817	17.0935	5.4496	0	0	21.7821	4322.65	1438.36	2291.26	7.7305	12.643	3.06692	0.494221	2.38495	0	0	0.128678
setup	0	2024-01-03 23:00:00	0	2.33539	2.57404	0	0	0	0	2.85622e-05	4.4402e-05	6.31826e-05	2.58906e-09	0	0	0	0	0.477785	0	0.0150079	0	0.0317072	0.0586976	0.0293064	2.40047e-05	1.23285e-05	366.613	40562.4	19073.1	28696.2	84.3862	584.233	149.157	17.0953	5.52822	0	0	21.7538	4322.67	1438.38	2291.3	7.76573	12.6121	3.05435	0.497992	2.39201	0	0	0.128544
setup	0	2024-01-04 23:00:00	0	2.3617	2.61571	0	0	0	0	2.91209e-05	4.49759e-05	6.44878e-05	2.65335e-09	0	0	0	0	0.476597	0	0.0149884	0	0.0320736	0.0593631	0.0296337	2.46661e-05	1.25206e-05	365.697	40562.2	19072.9	28696.1	84.6546	582.528	148.474	17.0865	5.60026	0	0	21.7255	4322.69	1438.41	2291.34	7.80179	12.5812	3.04131	0.50145	2.39914	0	0	0.128715
setup	0	2024-01-05 23:00:00	0	2.3859	2.6491	0	0	0	0	2.96356e-05	4.5531e-05	6.57017e-05	2.7131e-09	0	0	0	0	0.475406	0	0.0149689	0	0.0324105	0.0599585	0.0299273	2.54514e-05	1.26991e-05	364.779	40561.9	19072.6	28695.9	84.9267	580.824	147.77	17.0686	5.6701	0	0	21.6973	4322.71	1438.43	2291.39	7.83863	12.5502	3.02787	0.504594	2.40632	0	0	0.128853
setup	0	2024-01-06 23:00:00	0	2.40852	2.6811	0	0	0	0	3.0127e-05	4.60596e-05	6.68491e-05	2.77073e-09	0	0	0	0	0.474213	0	0.0149494	0	0.0327263	0.060524	0.0301992	2.61e-05	1.28707e-05	363.861	40561.5	19072.3	28695.8	85.202	579.122	147.046	17.0425	5.73637	0	0	21.6691	4322.73	1438.46	2291.43	7.87617	12.5193	3.01405	0.507441	2.41357	0	0	0.129155
setup	0	2024-01-07 23:00:00	0	2.42959	2.71164	0	0	0	0	3.06285e-05	4.66734e-05	6.79355e-05	2.83833e-09	0	0	0	0	0.473019	0	0.01493	0	0.0330612	0.061748	0.0307371	2.69267e-05	1.30741e-05	362.942	40561.2	19071.9	28695.6	85.4798	577.423	146.306	17.0092	5.79748	0	0	21.6409	4322.75	1438.48	2291.48	7.91298	12.4884	2.99991	0.510455	2.42156	0	0	0.129622
setup	0	2024-01-08 23:00:00	0	2.44897	2.73276	0	0	0	0	3.13962e-05	4.82056e-05	6.92115e-05	2.97241e-09	0	0	0	0	0.471825	0	0.0149106	0	0.0335014	0.0644803	0.0323428	2.95494e-05	1.3401e-05	362.024	40560.8	19071.6	28695.4	85.7592	575.726	145.55	16.9699	5.85985	0	0	21.6128	4322.77	1438.5	2291.53	7.94621	12.4575	2.98548	0.515718	2.43079	0	0	0.130027
setup	0	2024-01-09 23:00:00	0	2.46695	2.75252	0	0	0	0	3.2178e-05	4.97591e-05	7.07029e-05	3.08278e-09	0	0	0	0	0.470632	0	0.0148912	0	0.03414	0.0651031	0.0331648	3.1626e-05	1.36376e-05	361.107	40560.3	19071.2	28695.1	86.0399	574.031	144.782	16.9252	5.92193	0	0	21.5847	4322.78	1438.52	2291.58	7.98013	12.4266	2.9708	0.521611	2.43894	0	0	0.129788
setup	0	2024-01-10 23:00:00	0	2.48375	2.77165	0	0	0	0	3.2884e-05	5.10122e-05	7.21258e-05	3.17618e-09	0	0	0	0	0.46944	0	0.0148719	0	0.0346633	0.0659812	0.0338208	3.31842e-05	1.38548e-05	360.192	40559.9	19070.8	28694.9	86.3212	572.339	144.003	16.8762	5.98157	0	0	21.5566	4322.8	1438.55	2291.63	8.0142	12.3957	2.95592	0.527649	2.44684	0	0	0.129743
setup	0	2024-01-11 23:00:00	0	2.49923	2.80079	0	0	0	0	3.3548e-05	5.22489e-05	7.35575e-05	3.26796e-09	0	0	0	0	0.46825	0	0.0148525	0	0.0351518	0.0668591	0.0344198	3.49941e-05	1.40651e-05	359.279	40559.4	19070.3	28694.6	86.6027	570.65	143.215	16.8227	6.02695	0	0	21.5286	4322.82	1438.57	2291.68	8.04835	12.3648	2.94086	0.533572	2.45473	0	0	0.130345
setup	0	2024-01-12 23:00:00	0	2.51353	2.80911	0	0	0	0	3.41732e-05	5.3307e-05	7.48016e-05	3.35933e-09	0	0	0	0	0.467063	0	0.0148332	0	0.0356295	0.0676675	0.0349677	3.63184e-05	1.42671e-05	358.368	40558.9	19069.8	28694.3	86.8841	568.964	142.419	16.7657	6.0768	0	0	21.5006	4322.83	1438.59	2291.73	8.08262	12.334	2.92565	0.539274	2.46262	0	0	0.130157
setup	0	2024-01-13 23:00:00	0	2.5266	2.8244	0	0	0	0	3.47472e-05	5.42923e-05	7.5989e-05	3.45077e-09	0	0	0	0	0.465879	0	0.0148139	0	0.0360988	0.0684214	0.0354783	3.77473e-05	1.44633e-05	357.461	40558.3	19069.3	28694	87.1648	567.282	141.618	16.7059	6.12183	0	0	21.4727	4322.84	1438.61	2291.79	8.117	12.3032	2.91033	0.544709	2.47054	0	0	0.130323
setup	0	2024-01-14 23:00:00	0	2.53859	2.84051	0	0	0	0	3.52838e-05	5.51378e-05	7.70347e-05	3.54282e-09	0	0	0	0	0.464699	0	0.0147947	0	0.0365565	0.0691313	0.0359666	3.94672e-05	1.46557e-05	356.557	40557.8	19068.8	28693.7	87.4447	565.602	140.812	16.6434	6.15927	0	0	21.4448	4322.86	1438.63	2291.84	8.15148	12.2724	2.89492	0.549859	2.47846	0	0	0.130444
setup	0	2024-01-15 23:00:00	0	2.55118	2.85198	0	0	0	0	3.58982e-05	5.64737e-05	7.82941e-05	3.63997e-09	0	0	0	0	0.463524	0	0.0147754	0	0.0370291	0.0699437	0.0365254	4.11317e-05	1.48737e-05	355.631	40557.2	19068.3	28693.3	87.7243	563.925	139.997	16.5787	6.19878	0	0	21.4169	4322.87	1438.65	2291.89	8.18613	12.2417	2.87934	0.554776	2.48641	0	0	0.130518
setup	0	2024-01-16 23:00:00	0	2.56594	2.86869	0	0	0	0	3.64961e-05	5.7534e-05	7.94641e-05	3.74264e-09	0	0	0	0	0.462321	0	0.0147562	0	0.0375195	0.0707488	0.0370733	4.28591e-05	1.50943e-05	354.709	40556.6	19067.7	28693	88.0032	562.251	139.174	16.5124	6.23385	0	0	21.389	4322.88	1438.66	2291.95	8.22094	12.211	2.86361	0.559469	2.49438	0	0	0.130806
setup	0	2024-01-17 23:00:00	0	2.58065	2.88796	0	0	0	0	3.71161e-05	5.88327e-05	8.0717e-05	3.84783e-09	0	0	0	0	0.461122	0	0.014737	0	0.038013	0.0715772	0.0376437	4.51171e-05	1.53262e-05	353.79	40555.9	19067.2	28692.6	88.2816	560.58	138.343	16.4441	6.26281	0	0	21.3612	4322.89	1438.68	2292	8.2559	12.1803	2.84771	0.563946	2.50237	0	0	0.131361
setup	0	2024-01-18 23:00:00	0	2.59542	2.89929	0	0	0	0	3.7754e-05	6.00867e-05	8.19684e-05	3.95603e-09	0	0	0	0	0.459927	0	0.0147179	0	0.0385211	0.0723781	0.0381912	4.68156e-05	1.55602e-05	352.874	40555.3	19066.6	28692.2	88.5591	558.911	137.506	16.3737	6.29237	0	0	21.3335	4322.91	1438.7	2292.06	8.29097	12.1497	2.83169	0.568202	2.51037	0	0	0.130862
setup	0	2024-01-19 23:00:00	0	2.6086	2.90903	0	0	0	0	3.83507e-05	6.11523e-05	8.30346e-05	4.05906e-09	0	0	0	0	0.458736	0	0.0146988	0	0.0389708	0.0731366	0.0387014	4.84798e-05	1.57864e-05	351.961	40554.6	19065.9	28691.8	88.8352	557.246	136.664	16.3019	6.32093	0	0	21.3057	4322.92	1438.72	2292.12	8.32589	12.119	2.81559	0.568671	2.51616	0	0	0.130913
setup	0	2024-01-20 23:00:00	0	2.62228	2.92568	0	0	0	0	3.96016e-05	6.46548e-05	8.47313e-05	4.27797e-09	0	0	0	0	0.457549	0	0.0146796	0	0.0402117	0.0781417	0.0422761	5.4014e-05	1.63767e-05	351.052	40553.9	19065.3	28691.4	89.1101	555.583	135.816	16.229	6.34342	0	0	21.278	4322.92	1438.73	2292.17	8.3521	12.0884	2.79936	0.570175	2.52301	0	0	0.131417
setup	0	2024-01-21 23:00:00	0	2.63719	2.93397	0	0	0	0	4.07188e-05	6.76044e-05	8.68291e-05	4.4709e-09	0	0	0	0	0.456367	0	0.0146606	0	0.0407042	0.0794628	0.0434426	5.82383e-05	1.67034e-05	350.146	40553.2	19064.7	28691	89.3837	553.922	134.964	16.1544	6.36726	0	0	21.2504	4322.93	1438.74	2292.23	8.37678	12.0578	2.78306	0.569561	2.52997	0	0	0.130999
setup	0	2024-01-22 23:00:00	0	2.65043	2.95446	0	0	0	0	4.15106e-05	6.9168e-05	8.86975e-05	4.552e-09	0	0	0	0	0.45519	0	0.0146415	0	0.0409077	0.0794002	0.0433461	5.92983e-05	1.68938e-05	349.244	40552.4	19064	28690.6	89.6557	552.265	134.108	16.0782	6.37969	0	0	21.2227	4322.94	1438.76	2292.28	8.40244	12.0272	2.76668	0.567938	2.53729	0	0	0.131462
setup	0	2024-01-23 23:00:00	0	2.66367	2.95673	0	0	0	0	4.21179e-05	7.01958e-05	8.99798e-05	4.62445e-09	0	0	0	0	0.454017	0	0.0146225	0	0.0411561	0.0796125	0.0433966	6.00765e-05	1.7097e-05	348.346	40551.7	19063.3	28690.1	89.9262	550.61	133.247	16.001	6.39923	0	0	21.1952	4322.95	1438.77	2292.34	8.42848	11.9967	2.75021	0.566041	2.54474	0	0	0.131391
setup	0	2024-01-24 23:00:00	0	2.67699	2.97151	0	0	0	0	4.26294e-05	7.09682e-05	9.10646e-05	4.69282e-09	0	0	0	0	0.452849	0	0.0146035	0	0.0414421	0.0799605	0.0435543	6.13245e-05	1.7313e-05	347.451	40550.9	19062.6	28689.6	90.195	548.957	132.382	15.9228	6.41286	0	0	21.1676	4322.96	1438.79	2292.4	8.45462	11.9662	2.73366	0.564199	2.55224	0	0	0.131707
setup	0	2024-01-25 23:00:00	0	2.68951	2.97752	0	0	0	0	4.30604e-05	7.15887e-05	9.19665e-05	4.74337e-09	0	0	0	0	0.451687	0	0.0145845	0	0.0417447	0.0803495	0.0437481	6.21833e-05	1.75318e-05	346.561	40550.1	19061.9	28689.2	90.462	547.308	131.516	15.8433	6.42768	0	0	21.1401	4322.96	1438.8	2292.46	8.48069	11.9357	2.71708	0.562532	2.55975	0	0	0.131557
setup	0	2024-01-26 23:00:00	0	2.702	2.99144	0	0	0	0	4.3427e-05	7.219e-05	9.28405e-05	4.76497e-09	0	0	0	0	0.450529	0	0.0145655	0	0.0420606	0.0808014	0.0439954	6.30423e-05	1.77616e-05	345.675	40549.3	19061.1	28688.7	90.7272	545.661	130.647	15.7627	6.43609	0	0	21.1126	4322.97	1438.81	2292.52	8.50667	11.9052	2.70045	0.561088	2.56726	0	0	0.132211
setup	0	2024-01-27 23:00:00	0	2.71425	2.99832	0	0	0	0	4.3713e-05	7.26564e-05	9.36989e-05	4.7475e-09	0	0	0	0	0.449377	0	0.0145466	0	0.0423924	0.0812582	0.0442481	6.41276e-05	1.79942e-05	344.792	40548.5	19060.4	28688.2	90.9904	544.016	129.777	15.6807	6.44391	0	0	21.0852	4322.97	1438.82	2292.58	8.53251	11.8747	2.6838	0.559868	2.57474	0	0	0.131755
setup	0	2024-01-28 23:00:00	0	2.72514	3.00594	0	0	0	0	4.39029e-05	7.28679e-05	9.44294e-05	4.68213e-09	0	0	0	0	0.44823	0	0.0145277	0	0.0427255	0.0816972	0.0444916	6.48805e-05	1.82214e-05	343.914	40547.6	19059.6	28687.7	91.2512	542.375	128.907	15.5976	6.44816	0	0	21.0577	4322.98	1438.84	2292.63	8.55817	11.8443	2.66716	0.558854	2.5822	0	0	0.131803
setup	0	2024-01-29 23:00:00	0	2.735	3.01316	0	0	0	0	4.39942e-05	7.30404e-05	9.5377e-05	4.55599e-09	0	0	0	0	0.447089	0	0.0145088	0	0.043056	0.0821118	0.0447294	6.65332e-05	1.84478e-05	343.041	40546.8	19058.8	28687.1	91.5096	540.737	128.04	15.5131	6.44733	0	0	21.0304	4322.98	1438.85	2292.69	8.58362	11.8139	2.65057	0.558023	2.58962	0	0	0.132048
setup	0	2024-01-30 23:00:00	0	2.74332	3.0196	0	0	0	0	4.39922e-05	7.31182e-05	9.65611e-05	4.35301e-09	0	0	0	0	0.445954	0	0.0144899	0	0.0433898	0.0825464	0.0449825	6.787e-05	1.86793e-05	342.142	40545.9	19058	28686.6	91.7655	539.102	127.175	15.4269	6.4432	0	0	21.003	4322.99	1438.86	2292.75	8.60892	11.7835	2.63402	0.557356	2.59698	0	0	0.132255
setup	0	2024-01-31 23:00:00	0	2.75323	3.01133	0	0	0	0	4.51971e-05	7.89522e-05	9.84934e-05	4.77665e-09	0	0	0	0	0.444785	0	0.0144711	0	0.0455933	0.0963995	0.0531431	8.44996e-05	1.97454e-05	341.248	40545	19057.2	28686.1	92.0248	537.47	126.314	15.3022	6.40264	0	0	20.9757	4322.99	1438.87	2292.81	8.59984	11.7532	2.61754	0.539504	2.5897	0	0	0.132633
setup	0	2024-02-01 23:00:00	0	2.76408	3.0004	0	0	0	0	4.53409e-05	7.75912e-05	0.00010255	4.1159e-09	0	0	0	0	0.443622	0	0.0144523	0	0.0431251	0.0823776	0.0461314	7.85121e-05	1.92667e-05	340.358	40544.2	19056.5	28685.6	92.2811	535.84	125.456	15.1642	6.38532	0	0	20.9485	4322.99	1438.88	2292.87	8.61593	11.7229	2.60114	0.520319	2.59469	0	0	0.13287
setup	0	2024-02-02 23:00:00	0	2.76898	3.0354	0.000824111	0.000766474	2.56984e-05	8.75373e-05	4.44796e-05	7.23038e-05	0.000103285	3.6764e-09	0	0	0	0	0.442465	0	0.0144335	0	0.0422204	0.0795682	0.0431471	7.33934e-05	1.90779e-05	339.472	40543.3	19055.6	28685	92.5303	534.214	124.606	15.0298	6.32761	0	0	20.9212	4323	1438.89	2292.94	8.63421	11.6926	2.58489	0.501762	2.59841	0	0	0.134048
setup	0	2024-02-03 23:00:00	0	2.77514	3.0261	0.000817502	0.000769335	2.54615e-05	8.8016e-05	4.34294e-05	6.97062e-05	0.00010222	3.293e-09	0	0	0	0	0.441313	0	0.0144147	0	0.0415034	0.0781487	0.0414349	6.54131e-05	1.90014e-05	338.591	40542.3	19054.8	28684.5	92.7729	532.592	123.76	14.9054	6.2719	0	0	20.894	4323	1438.9	2293.01	8.65232	11.6624	2.56872	0.485118	2.60224	0	0	0.137272
setup	0	2024-02-04 23:00:00	0	2.78155	3.0222	0.00162987	0.00154406	4.85333e-05	0.000172237	4.2277e-05	6.44996e-05	0.000100768	3.03437e-09	0	0	0	0	0.440168	0	0.014396	0	0.0408798	0.0768252	0.0399869	6.04782e-05	1.8978e-05	337.715	40541.4	19053.9	28683.9	93.0096	530.972	122.921	14.785	6.21266	0	0	20.8669	4323.01	1438.9	2293.08	8.6702	11.6323	2.55269	0.470336	2.60531	0	0	0.139276
setup	0	2024-02-05 23:00:00	0	2.78753	3.02276	0.001616	0.00155244	4.7603e-05	0.000174614	4.14466e-05	6.04885e-05	9.9529e-05	2.80976e-09	0	0	0	0	0.439029	0	0.0143773	0	0.0406414	0.0754764	0.0388507	5.92252e-05	1.90134e-05	336.844	40540.5	19053.1	28683.4	93.2412	529.356	122.088	14.6675	6.1483	0	0	20.8397	4323.01	1438.91	2293.15	8.68845	11.6021	2.53678	0.457353	2.60862	0	0	0.140518
setup	0	2024-02-06 23:00:00	0	2.94811	3.01072	0.000804581	0.000779014	2.30091e-05	8.65923e-05	4.07461e-05	5.76458e-05	9.84271e-05	2.6098e-09	0	0	0	0	0.580322	0	0.0143586	0	0.0406231	0.0742864	0.0379763	5.71791e-05	1.90743e-05	336.838	40539.7	19052.3	28683.1	93.468	527.744	121.262	14.5532	6.23241	0	0	20.8126	4323.02	1438.92	2293.23	8.70704	11.572	2.52102	0.445891	2.61202	0	0	0.13984
setup	0	2024-02-07 23:00:00	0	2.99301	3.1884	0.0112835	0.0110657	0.000277915	0.00119215	4.29301e-05	-0.000162216	9.26115e-05	2.65753e-09	0	0	0	0	0.59096	0	0.0143399	0	0.0416233	0.0726524	0.0372168	5.03895e-05	1.89404e-05	336.862	40538.8	19051.2	28683.4	93.6878	526.136	120.444	14.4089	6.16822	0	0	20.7856	4323.01	1438.89	2293.45	8.72627	11.542	2.5054	0.435056	2.59014	0	0	0.152612
setup	0	2024-02-08 23:00:00	0	3.01737	3.05434	0.000797941	0.00080183	1.73219e-05	8.46293e-05	3.89273e-05	6.45937e-05	9.66679e-05	2.23326e-09	0	0	0	0	0.603902	0	0.0143213	0	0.0400707	0.0727214	0.0355867	5.04777e-05	1.89161e-05	336.925	40538	19050.4	28683	93.8998	524.533	119.64	14.3194	6.19405	0	0	20.7586	4323.02	1438.9	2293.52	8.74366	11.512	2.49009	0.425384	2.59451	0	0	0.14844
setup	0	2024-02-09 23:00:00	0	3.0416	3.20304	0.0128026	0.0130392	0.00023679	0.00133191	4.63902e-05	-0.000210616	8.83942e-05	3.38368e-09	0	0	0	0	0.618321	0	0.0143027	0	0.0414273	0.0731781	0.035887	4.46597e-05	1.90563e-05	337.031	40537	19049.2	28683.3	94.106	522.935	118.834	14.1902	6.12492	0	0	20.7316	4323.01	1438.87	2293.74	8.75826	11.4821	2.47471	0.416805	2.57178	0	0	0.157566
setup	0	2024-02-10 23:00:00	0	3.06869	3.00031	0	0	0	0	3.80308e-05	8.81446e-05	9.18102e-05	2.49979e-09	0	0	0	0	0.633495	0	0.0142841	0	0.0401704	0.071071	0.0342617	4.09545e-05	1.9141e-05	337.183	40536.2	19048.6	28682.9	94.3057	521.342	118.043	14.1264	6.20532	0	0	20.7046	4323.01	1438.88	2293.81	8.77588	11.4522	2.45967	0.409138	2.57746	0	0	0.150051
setup	0	2024-02-11 23:00:00	0	3.09279	3.08046	0.00236266	0.00248959	3.84571e-05	0.0002477	3.55887e-05	7.96451e-05	9.25219e-05	1.90351e-09	0	0	0	0	0.649132	0	0.0142655	0	0.0404264	0.0708661	0.0341067	4.52792e-05	1.94067e-05	337.383	40535.4	19047.8	28682.4	94.5021	519.755	117.268	14.0569	6.2091	0	0	20.6777	4323.02	1438.89	2293.88	8.79229	11.4225	2.44491	0.40318	2.57899	0	0	0.150926
setup	0	2024-02-12 23:00:00	0	3.11916	3.07862	0.00157091	0.00166783	2.47647e-05	0.000163995	3.4872e-05	6.9968e-05	9.30066e-05	1.64144e-09	0	0	0	0	0.665845	0	0.0142469	0	0.0407112	0.0697586	0.033197	4.37289e-05	1.95104e-05	337.632	40534.6	19047	28682.1	94.6973	518.173	116.504	13.979	6.22448	0	0	20.6508	4323.02	1438.89	2293.96	8.81039	11.3927	2.4304	0.403874	2.58172	0	0	0.149719
setup	0	2024-02-13 23:00:00	0	3.20428	3.12787	0.00313424	0.00335444	4.74774e-05	0.00032544	3.47046e-05	6.35398e-05	9.3497e-05	1.52286e-09	0	0	0	0	0.731267	0	0.0142284	0	0.0411253	0.0698924	0.0331045	4.45721e-05	1.97182e-05	338.095	40533.8	19046.1	28681.7	94.8882	516.597	115.755	13.8985	6.24213	0	0	20.624	4323.02	1438.89	2294.04	8.82823	11.3631	2.41618	0.405601	2.57985	0	0	0.152248
setup	0	2024-02-14 23:00:00	0	3.24723	3.12307	0.00312515	0.003379	4.50729e-05	0.00032369	3.45981e-05	5.85842e-05	9.40815e-05	1.42555e-09	0	0	0	0	0.754038	0	0.0142099	0	0.0413963	0.0698	0.0330169	4.5246e-05	1.99081e-05	338.628	40533.1	19045.3	28681.4	95.0741	515.028	115.02	13.8254	6.26502	0	0	20.5972	4323.02	1438.89	2294.13	8.84631	11.3335	2.40223	0.407026	2.5776	0	0	0.154598
setup	0	2024-02-15 23:00:00	0	3.27737	3.27963	0.00545587	0.00597414	7.35319e-05	0.000564007	2.81106e-05	3.96569e-05	0.000102285	8.97647e-10	0	0	0	0	0.775051	0	0.0141915	0	0.0416857	0.0694452	0.0323273	5.67592e-05	2.00704e-05	339.222	40532.2	19044.4	28681	95.2593	513.464	114.321	13.7189	6.13586	0	0	20.5704	4323.02	1438.88	2294.22	8.86389	11.304	2.38902	0.407589	2.57022	0	0	0.166803
setup	0	2024-02-16 23:00:00	0	3.30873	3.20831	0.00389052	0.00431329	4.82034e-05	0.000399201	3.42997e-05	5.00524e-05	0.000101758	1.14118e-09	0	0	0	0	0.797815	0	0.014173	0	0.0420387	0.0695759	0.0325688	5.07814e-05	2.0285e-05	339.884	40531.3	19043.5	28680.7	95.4371	511.908	113.627	13.6301	6.08099	0	0	20.5437	4323.02	1438.88	2294.31	8.88124	11.2747	2.37592	0.408283	2.56554	0	0	0.168746
setup	0	2024-02-17 23:00:00	0	3.34162	3.19901	0.00387528	0.00435091	4.53225e-05	0.000396441	3.48631e-05	4.95038e-05	0.000101665	1.16135e-09	0	0	0	0	0.821873	0	0.0141546	0	0.0421914	0.0696239	0.0326884	5.22312e-05	2.0467e-05	340.618	40530.5	19042.7	28680.4	95.6077	510.358	112.945	13.5575	6.03365	0	0	20.5169	4323.01	1438.87	2294.4	8.89832	11.2454	2.36304	0.409186	2.56065	0	0	0.17041
setup	0	2024-02-18 23:00:00	0	3.37682	3.16786	0.0124455	0.014151	0.000125045	0.00125155	5.43611e-05	-0.000220636	8.73247e-05	2.77839e-09	0	0	0	0	0.847217	0	0.0141362	0	0.0435625	0.0721707	0.0345504	4.17541e-05	2.06283e-05	341.426	40529.8	19041.6	28681	95.7703	508.815	112.243	13.4716	6.08219	0	0	20.4903	4323	1438.83	2294.62	8.9113	11.2162	2.34972	0.411631	2.53612	0	0	0.170083
setup	0	2024-02-19 23:00:00	0	3.41398	3.03751	0.00860939	0.0099159	7.04408e-05	0.000843264	4.73488e-05	-2.23223e-05	8.611e-05	2.77595e-09	0	0	0	0	0.873692	0	0.0141178	0	0.0430654	0.0712195	0.0341571	4.11937e-05	2.06423e-05	342.314	40529.2	19040.8	28681.3	95.9236	507.279	111.549	13.4426	6.23197	0	0	20.4636	4322.99	1438.8	2294.79	8.92659	11.187	2.33653	0.413911	2.52425	0	0	0.164454
setup	0	2024-02-20 23:00:00	0	3.44919	3.06999	0.00234692	0.0027374	1.84944e-05	0.000230457	3.2372e-05	6.55259e-05	9.27496e-05	1.36584e-09	0	0	0	0	0.901606	0	0.0140994	0	0.042767	0.0711481	0.0337187	4.72925e-05	2.09373e-05	343.284	40528.6	19040.2	28681.1	96.0758	505.75	110.886	13.4469	6.30463	0	0	20.437	4322.99	1438.81	2294.86	8.94161	11.158	2.32399	0.416567	2.52118	0	0	0.164321
setup	0	2024-02-21 23:00:00	0	3.48594	3.22156	0.00470643	0.00551362	3.57259e-05	0.000456838	2.95926e-05	4.8939e-05	9.90772e-05	9.72067e-10	0	0	0	0	0.931868	0	0.0140811	0	0.0433746	0.0717569	0.0339413	5.45996e-05	2.12764e-05	344.344	40527.8	19039.3	28680.7	96.2314	504.23	110.255	13.4161	6.23998	0	0	20.4105	4322.98	1438.79	2294.94	8.95442	11.1291	2.3121	0.419605	2.51497	0	0	0.171284
setup	0	2024-02-22 23:00:00	0	3.52524	3.25942	0.0055082	0.00649703	3.96042e-05	0.000527752	2.94358e-05	4.44306e-05	0.000103988	8.72709e-10	0	0	0	0	0.963876	0	0.0140628	0	0.0436203	0.0717861	0.0338649	5.75839e-05	2.15129e-05	345.499	40527.1	19038.5	28680.5	96.3872	502.717	109.648	13.366	6.1504	0	0	20.3839	4322.98	1438.78	2295.02	8.96647	11.1003	2.3007	0.422505	2.5077	0	0	0.179841
setup	0	2024-02-23 23:00:00	0	3.61852	3.28602	0.00551769	0.00656493	3.76813e-05	0.000525247	2.94985e-05	4.20522e-05	0.000108884	8.22982e-10	0	0	0	0	1.04177	0	0.0140445	0	0.043704	0.0716282	0.0337418	6.14198e-05	2.17059e-05	346.904	40526.4	19037.7	28680.2	96.5405	501.213	109.066	13.3086	6.08352	0	0	20.3574	4322.97	1438.77	2295.1	8.97799	11.0717	2.28981	0.425192	2.5003	0	0	0.187995
setup	0	2024-02-24 23:00:00	0	3.69551	3.31571	0.00552221	0.00662952	3.58057e-05	0.000519575	2.9328e-05	3.94113e-05	0.00011449	7.74506e-10	0	0	0	0	1.09787	0	0.0140263	0	0.044103	0.0710621	0.0336448	6.52131e-05	2.18765e-05	348.485	40525.7	19036.9	28680	96.6893	499.718	108.51	13.2516	6.00678	0	0	20.331	4322.96	1438.75	2295.19	8.98962	11.0432	2.27944	0.427735	2.49159	0	0	0.19645
setup	0	2024-02-25 23:00:00	0	3.74598	3.08001	0.0111291	0.0134352	6.44064e-05	0.00102551	5.8924e-05	-0.000122817	9.19416e-05	2.48212e-09	0	0	0	0	1.13601	0	0.014008	0	0.0449311	0.0722406	0.0356052	4.92308e-05	2.1958e-05	350.178	40525.3	19036.2	28680.7	96.8294	498.232	107.918	13.1987	6.24922	0	0	20.3045	4322.95	1438.71	2295.39	9.0006	11.0148	2.26825	0.431021	2.47543	0	0	0.182305
setup	0	2024-02-26 23:00:00	0	3.79196	3.20243	0.00398386	0.00485545	2.18105e-05	0.000362633	2.97896e-05	4.55856e-05	0.000105362	9.08187e-10	0	0	0	0	1.17614	0	0.0139898	0	0.0443799	0.0715848	0.0342351	6.25879e-05	2.20137e-05	351.99	40524.8	19035.6	28680.6	96.9606	496.756	107.374	13.2234	6.27571	0	0	20.2781	4322.94	1438.7	2295.45	9.01123	10.9865	2.25805	0.433989	2.46851	0	0	0.186396
setup	0	2024-02-27 23:00:00	0	3.83419	3.50083	0.00801258	0.009799	4.16275e-05	0.000719529	2.00698e-05	2.13172e-05	0.000139235	3.40844e-10	0	0	0	0	1.21827	0	0.0139716	0	0.0446619	0.0701556	0.0326202	0.000120518	2.22335e-05	353.927	40524	19034.7	28680.3	97.1038	495.291	106.911	13.1264	6.03378	0	0	20.2518	4322.93	1438.68	2295.54	9.02059	10.9584	2.24953	0.435617	2.45576	0	0	0.207965
setup	0	2024-02-28 23:00:00	0	3.88116	3.15885	0.0137748	0.016746	7.23112e-05	0.00115962	5.86383e-05	-0.000254422	9.93488e-05	2.32702e-09	0	0	0	0	1.26269	0	0.0139535	0	0.0458444	0.0721613	0.0352133	4.95472e-05	2.23385e-05	355.997	40523.6	19033.8	28680.9	97.2341	493.837	106.39	13.0527	6.23419	0	0	20.2255	4322.91	1438.62	2295.72	9.02801	10.9305	2.23977	0.437856	2.43674	0	0	0.175851
setup	0	2024-02-29 23:00:00	0	2.79599	3.12696	0.00584722	0.00714042	2.67125e-05	0.000495797	2.80627e-05	1.8092e-05	0.000109925	7.61531e-10	0	0	0	0	0.462796	0	0.0139353	0	0.0448951	0.0717371	0.0348765	7.14393e-05	2.22562e-05	355.564	40522.4	19032.6	28680.1	97.3562	492.394	105.915	13.0466	5.46308	0	0	20.1992	4322.9	1438.61	2295.77	9.02761	10.9028	2.2309	0.431465	2.41955	0	0	0.186844
setup	0	2024-03-01 23:00:00	0	2.72233	2.89421	0.0161168	0.0195066	0.000107816	0.00127656	5.19785e-05	-0.000273242	9.0751e-05	2.02665e-09	0	0	0	0	0.462233	0	0.0139172	0	0.0442973	0.0677701	0.0325493	4.44411e-05	2.17514e-05	355.251	40521.5	19031.3	28680.1	97.4942	490.961	105.441	12.8794	5.05642	0	0	20.1729	4322.88	1438.54	2295.96	9.03276	10.8753	2.22199	0.422419	2.39843	0	0	0.1693
setup	0	2024-03-02 23:00:00	0	2.69066	2.75032	0.00693185	0.00839592	3.99713e-05	0.000549644	2.38681e-05	6.15254e-06	9.86441e-05	5.30819e-10	0	0	0	0	0.461826	0	0.0138991	0	0.0430743	0.064047	0.0299754	5.56458e-05	2.11561e-05	354.999	40520.7	19030.4	28679.6	97.6228	489.538	105.018	12.7565	4.69597	0	0	20.1467	4322.87	1438.52	2296.01	9.04147	10.848	2.21407	0.413502	2.38619	0	0	0.180335
setup	0	2024-03-03 23:00:00	0	2.65485	2.61503	0.013185	0.0158927	8.33359e-05	0.00101409	5.15129e-05	-0.000222406	8.14644e-05	1.80913e-09	0	0	0	0	0.461498	0	0.0138811	0	0.0432535	0.0640258	0.029415	3.76604e-05	2.05788e-05	354.808	40520	19029.4	28679.8	97.7466	488.127	104.606	12.5821	4.50091	0	0	20.1205	4322.86	1438.47	2296.15	9.04669	10.8211	2.20629	0.4043	2.36933	0	0	0.175094
setup	0	2024-03-04 23:00:00	0	2.60768	2.50869	0.0177871	0.0211437	0.000182378	0.00127203	3.98536e-05	-0.000268871	7.52297e-05	1.52061e-09	0	0	0	0	0.46125	0	0.013863	0	0.0419485	0.0607796	0.0275249	3.0577e-05	1.97967e-05	354.684	40519.4	19028.3	28679.9	97.8527	486.73	104.242	12.4249	4.33456	0	0	20.0943	4322.84	1438.41	2296.28	9.05277	10.7945	2.19947	0.394763	2.34708	0	0	0.166279
setup	0	2024-03-05 23:00:00	0	2.54205	2.34459	0.015017	0.0177104	0.000130045	0.00105467	3.92909e-05	-0.000299644	6.78373e-05	1.5386e-09	0	0	0	0	0.461089	0	0.013845	0	0.0412794	0.0590686	0.0259373	2.80841e-05	1.88376e-05	354.632	40519	19027.5	28680.1	97.9474	485.35	103.93	12.2791	4.25704	0	0	20.0682	4322.82	1438.35	2296.39	9.05706	10.7683	2.1936	0.385663	2.32966	0	0	0.167032
setup	0	2024-03-06 23:00:00	0	2.44811	2.29704	0.00827275	0.00987381	7.74663e-05	0.000577307	1.62658e-05	-6.85906e-06	7.34885e-05	3.11389e-10	0	0	0	0	0.461022	0	0.013827	0	0.0393907	0.0546833	0.0233397	3.8307e-05	1.77507e-05	354.688	40518.6	19026.9	28679.9	98.0266	483.991	103.726	12.1735	4.04706	0	0	20.0421	4322.81	1438.33	2296.42	9.06157	10.7426	2.18989	0.3775	2.31819	0	0	0.180851
setup	0	2024-03-07 23:00:00	0	2.32875	2.19977	0.00933807	0.0110675	9.03718e-05	0.000638282	1.37714e-05	-5.62221e-06	7.68346e-05	1.95692e-10	0	0	0	0	0.461095	0	0.013809	0	0.0378639	0.0512548	0.0208016	3.77734e-05	1.6531e-05	354.894	40518.4	19026.5	28679.7	98.0976	482.659	103.638	12.0315	3.80431	0	0	20.0161	4322.81	1438.31	2296.45	9.06328	10.7177	2.18844	0.369538	2.30622	0	0	0.194774
setup	0	2024-03-08 23:00:00	0	2.22275	2.11731	0.0104292	0.0122846	0.000102354	0.000695657	1.3536e-05	-4.06457e-06	7.75783e-05	1.71671e-10	0	0	0	0	0.461363	0	0.0137911	0	0.0363011	0.0485883	0.0190509	3.78744e-05	1.54906e-05	355.22	40518.2	19026.1	28679.7	98.1616	481.349	103.616	11.8749	3.55316	0	0	19.99	4322.8	1438.28	2296.48	9.06328	10.6934	2.18832	0.361891	2.29359	0	0	0.209999
setup	0	2024-03-09 23:00:00	0	2.19151	1.89154	0.0165173	0.0190779	0.000197511	0.0010282	5.9417e-05	-0.000298639	5.46128e-05	2.35866e-09	0	0	0	0	0.461786	0	0.0137731	0	0.0358644	0.0489477	0.0204421	1.68599e-05	1.5114e-05	355.656	40518.2	19025.5	28680.2	98.225	480.05	103.515	11.7044	3.63004	0	0	19.9641	4322.79	1438.22	2296.59	9.06388	10.6693	2.18654	0.354607	2.2746	0	0	0.166298
setup	0	2024-03-10 23:00:00	0	2.21412	1.74987	0	0	0	0	4.2804e-05	0.000119904	5.40059e-05	2.76125e-09	0	0	0	0	0.462353	0	0.0137552	0	0.0352501	0.0495534	0.0210864	1.84915e-05	1.50065e-05	356.19	40518.3	19025.7	28680.4	98.2787	478.753	103.363	11.6696	3.80254	0	0	19.9381	4322.79	1438.23	2296.59	9.06653	10.6452	2.18368	0.349117	2.27406	0	0	0.155647
setup	0	2024-03-11 23:00:00	0	2.24583	1.78895	0	0	0	0	3.75744e-05	0.000165579	5.24546e-05	2.925e-09	0	0	0	0	0.463047	0	0.0137374	0	0.0352508	0.050473	0.0214555	1.71474e-05	1.50349e-05	356.816	40518.4	19025.8	28680.5	98.3276	477.457	103.172	11.6804	3.94237	0	0	19.9122	4322.8	1438.24	2296.6	9.06883	10.621	2.18007	0.344428	2.27377	0	0	0.149828
setup	0	2024-03-12 23:00:00	0	2.28506	1.82071	0	0	0	0	3.42936e-05	0.000165249	5.11142e-05	3.09708e-09	0	0	0	0	0.463861	0	0.0137195	0	0.0354063	0.0514799	0.0218864	1.63068e-05	1.5148e-05	357.54	40518.5	19025.9	28680.5	98.3778	476.162	102.944	11.7011	4.08808	0	0	19.8863	4322.81	1438.26	2296.6	9.07101	10.5967	2.17572	0.340361	2.27369	0	0	0.144988
setup	0	2024-03-13 23:00:00	0	2.32955	2.66456	0.0797078	0.085942	0.00170926	0.00428568	1.5982e-05	-0.000425828	5.76207e-05	9.73106e-10	0	0	0	0	0.464802	0	0.0137017	0	0.0371976	0.0538859	0.020168	2.53023e-05	1.50798e-05	358.369	40517.7	19022.4	28681	98.4238	474.865	102.761	11.3623	3.6182	0	0	19.8604	4322.72	1437.95	2296.89	9.05869	10.5723	2.17241	0.331349	2.19656	0	0	0.165884
setup	0	2024-03-14 23:00:00	0	2.4077	1.9188	0.00466187	0.00482375	6.77209e-05	0.000232719	2.80449e-05	-0.000200089	5.61878e-05	1.32913e-09	0	0	0	0	0.46588	0	0.0136838	0	0.0354189	0.0516359	0.021755	2.00885e-05	1.51965e-05	359.311	40517.6	19022.2	28681.1	98.4803	473.568	102.481	11.2428	3.86434	0	0	19.8346	4322.72	1437.94	2296.91	9.06216	10.5478	2.16712	0.32742	2.19051	0	0	0.156758
setup	0	2024-03-15 23:00:00	0	2.60027	1.90832	0.00233956	0.00241634	3.44291e-05	0.000117578	3.18396e-05	-8.85318e-05	5.54798e-05	2.15401e-09	0	0	0	0	0.467105	0	0.0136661	0	0.036513	0.0543779	0.0227463	1.83207e-05	1.5495e-05	360.374	40517.6	19022.2	28681.1	98.515	472.269	102.15	11.2595	4.07664	0	0	19.8088	4322.72	1437.95	2296.93	9.06292	10.5231	2.16082	0.324617	2.1883	0	0	0.151059
setup	0	2024-03-16 23:00:00	0	2.79715	1.95492	0	0	0	0	3.192e-05	-1.92696e-05	5.44937e-05	2.66551e-09	0	0	0	0	0.468487	0	0.0136483	0	0.0370665	0.0557985	0.0235	1.71842e-05	1.58428e-05	361.557	40517.5	19022.2	28681.1	98.5486	470.968	101.779	11.3161	4.26147	0	0	19.7831	4322.73	1437.96	2296.94	9.06357	10.4982	2.15372	0.322567	2.18874	0	0	0.145859
setup	0	2024-03-17 23:00:00	0	2.99963	2.0317	0	0	0	0	2.89803e-05	1.23515e-05	5.46987e-05	2.32397e-09	0	0	0	0	0.470024	0	0.0136306	0	0.0376575	0.0569869	0.0240481	1.7515e-05	1.61665e-05	362.87	40517.4	19022	28681.1	98.5875	469.666	101.373	11.3667	4.42014	0	0	19.7574	4322.73	1437.97	2296.96	9.06469	10.4732	2.14594	0.325363	2.1915	0	0	0.143554
setup	0	2024-03-18 23:00:00	0	3.20749	2.09312	0	0	0	0	3.04783e-05	2.84858e-05	5.46535e-05	2.59761e-09	0	0	0	0	0.471732	0	0.0136128	0	0.0382782	0.0585164	0.0247465	1.78701e-05	1.65168e-05	364.33	40517.2	19021.8	28681	98.633	468.363	100.929	11.4014	4.57961	0	0	19.7317	4322.73	1437.98	2296.99	9.06654	10.4479	2.13742	0.330013	2.19246	0	0	0.141451
setup	0	2024-03-19 23:00:00	0	3.41915	2.16471	0	0	0	0	3.14659e-05	3.92143e-05	5.48686e-05	3.01404e-09	0	0	0	0	0.473629	0	0.0135951	0	0.0389362	0.0599988	0.02544	1.79229e-05	1.68952e-05	365.951	40516.9	19021.6	28680.8	98.6846	467.057	100.45	11.4199	4.72837	0	0	19.706	4322.74	1437.99	2297.01	9.06926	10.4225	2.12823	0.334369	2.19351	0	0	0.141151
setup	0	2024-03-20 23:00:00	0	3.63363	2.22584	0	0	0	0	3.21742e-05	4.569e-05	5.5142e-05	3.41421e-09	0	0	0	0	0.475737	0	0.0135775	0	0.0396238	0.0613981	0.0261463	1.82933e-05	1.73014e-05	367.755	40516.5	19021.3	28680.6	98.7414	465.75	99.9357	11.4236	4.87637	0	0	19.6804	4322.74	1438	2297.04	9.073	10.397	2.11836	0.338254	2.19469	0	0	0.140731
setup	0	2024-03-21 23:00:00	0	3.8502	2.29794	0	0	0	0	3.28146e-05	4.9491e-05	5.57079e-05	3.78504e-09	0	0	0	0	0.478082	0	0.0135598	0	0.0403248	0.0627884	0.0268506	1.88465e-05	1.77342e-05	369.766	40516.1	19020.9	28680.4	98.8027	464.441	99.3883	11.4143	5.01066	0	0	19.6548	4322.74	1438.01	2297.07	9.07774	10.3712	2.10784	0.341683	2.196	0	0	0.140718
setup	0	2024-03-22 23:00:00	0	7.12058	2.38088	0	0	0	0	2.97886e-05	4.46684e-05	5.80266e-05	2.91536e-09	0	0	0	0	3.09625	0	0.0135422	0	0.0410189	0.0639093	0.0273468	1.98137e-05	1.81709e-05	377.871	40518.2	19022.4	28682.5	98.8661	463.13	98.8134	11.3997	7.72265	0	0	19.6293	4322.74	1438.01	2297.1	9.08372	10.3452	2.09681	0.344608	2.19704	0	0	0.140601
setup	0	2024-03-23 23:00:00	0	8.26674	2.96564	0	0	0	0	3.32085e-05	5.35514e-05	6.04607e-05	3.39154e-09	0	0	0	0	3.1237	0	0.0135246	0	0.041824	0.0657996	0.0281631	2.11596e-05	1.87891e-05	386.026	40519.7	19023.4	28684.1	98.904	461.825	98.2167	11.5651	9.73789	0	0	19.6038	4322.73	1438.02	2297.13	9.08843	10.319	2.08542	0.34878	2.19847	0	0	0.145127
setup	0	2024-03-24 23:00:00	0	8.52265	3.93674	0.00352777	0.00364158	5.11489e-05	0.000183946	2.2355e-05	3.63225e-05	7.43796e-05	1.40044e-09	0	0	0	0	3.18256	0	0.013507	0	0.042972	0.0669494	0.0280614	4.68033e-05	1.96704e-05	394.347	40520.3	19023.5	28684.8	98.9587	460.527	97.64	11.6308	10.8809	0	0	19.5783	4322.73	1438.01	2297.17	9.09345	10.2926	2.07458	0.351318	2.19494	0	0	0.168502
setup	0	2024-03-25 23:00:00	0	8.81314	4.09202	1.57534e-08	0	0	0	3.65706e-05	6.19383e-05	7.47586e-05	2.68356e-09	0	0	0	0	3.26562	0	0.0134894	0	0.0445078	0.0699269	0.0301933	2.72488e-05	2.09232e-05	402.916	40520.9	19023.8	28685.6	99.0133	459.234	97.013	11.7472	11.9625	0	0	19.5528	4322.72	1438.01	2297.22	9.09845	10.266	2.06277	0.354816	2.19719	0	0	0.168512
setup	0	2024-03-26 23:00:00	0	9.10785	4.44389	0.00117281	0.00121553	1.67581e-05	6.12773e-05	3.61037e-05	5.97972e-05	7.815e-05	2.7865e-09	0	0	0	0	3.35093	0	0.0134719	0	0.0462781	0.0729303	0.0318376	3.17895e-05	2.22675e-05	411.741	40521.1	19023.8	28686.1	99.0701	457.947	96.3612	11.9122	12.7527	0	0	19.5274	4322.71	1438.01	2297.26	9.10146	10.2392	2.0505	0.359672	2.19681	0	0	0.171189
setup	0	2024-03-27 23:00:00	0	9.3986	5.38678	0.00587202	0.00608686	8.15987e-05	0.000304217	2.76547e-05	4.88433e-05	9.86157e-05	1.54181e-09	0	0	0	0	3.43957	0	0.0134544	0	0.0480511	0.0744067	0.0323498	6.2194e-05	2.37478e-05	420.835	40520.5	19022.9	28685.8	99.1443	456.666	95.7361	12.0056	12.6948	0	0	19.502	4322.7	1437.99	2297.31	9.10283	10.2121	2.03887	0.364629	2.18688	0	0	0.198389
setup	0	2024-03-28 23:00:00	0	9.68994	5.13332	1.31256e-07	0	0	0	4.47246e-05	8.12004e-05	9.30477e-05	3.02673e-09	0	0	0	0	3.53272	0	0.0134369	0	0.0498213	0.078309	0.0357478	3.7123e-05	2.55355e-05	430.213	40520.3	19022.6	28685.9	99.214	455.392	95.0427	12.2272	12.9534	0	0	19.4767	4322.69	1437.98	2297.36	9.10336	10.1848	2.02587	0.374511	2.18891	0	0	0.191631
setup	0	2024-03-29 23:00:00	0	9.97981	5.16408	5.54027e-08	0	0	0	4.78614e-05	8.49616e-05	9.17935e-05	3.74875e-09	0	0	0	0	3.62996	0	0.0134194	0	0.0517762	0.0815834	0.0388021	3.97196e-05	2.73355e-05	439.891	40520.1	19022.4	28686	99.287	454.124	94.3093	12.561	13.2164	0	0	19.4514	4322.67	1437.98	2297.4	9.10455	10.1573	2.01205	0.390083	2.18777	0	0	0.186056
setup	0	2024-03-30 23:00:00	0	10.2669	6.05842	0.00346307	0.00366107	4.70617e-05	0.00018214	3.25414e-05	6.22585e-05	0.000122692	1.79341e-09	0	0	0	0	3.73292	0	0.013402	0	0.0539836	0.0835398	0.0395811	8.45012e-05	2.9225e-05	449.877	40519.1	19021.3	28685.3	99.3915	452.862	93.6225	12.8079	12.6729	0	0	19.4261	4322.66	1437.96	2297.45	9.1052	10.1296	1.99927	0.404007	2.17774	0	0	0.209449
setup	0	2024-03-31 23:00:00	0	10.5511	5.78208	0.00115234	0.0012215	1.52865e-05	6.02318e-05	5.25624e-05	0.000100082	0.000113871	3.05237e-09	0	0	0	0	3.84162	0	0.0133846	0	0.0536133	0.0829503	0.0409685	4.78118e-05	3.05919e-05	460.185	40518.5	19020.7	28685.1	99.5066	451.607	92.8642	13.1178	12.4911	0	0	19.4008	4322.64	1437.95	2297.5	9.11099	10.1016	1.98502	0.401351	2.16871	0	0	0.204096
setup	0	2024-04-01 23:00:00	0	10.8298	5.70539	3.50586e-08	0	0	0	5.72437e-05	0.000106537	0.000109404	4.03891e-09	0	0	0	0	3.95472	0	0.0133672	0	0.0566651	0.089824	0.0447348	4.83913e-05	3.26106e-05	470.831	40518.1	19020.2	28685	99.6355	450.359	92.0662	13.501	12.468	0	0	19.3756	4322.62	1437.94	2297.54	9.10738	10.0733	1.96993	0.403202	2.1648	0	0	0.19706
setup	0	2024-04-02 23:00:00	0	11.1114	5.91644	0.0125823	0.0134785	0.000157339	0.000658407	6.36135e-05	4.37268e-05	0.000109629	5.09828e-09	0	0	0	0	4.07295	0	0.0133498	0	0.0598075	0.0923823	0.0468961	4.81439e-05	3.41894e-05	481.829	40517.5	19019.3	28685.2	99.7903	449.118	91.2419	13.7994	12.4373	0	0	19.3504	4322.59	1437.89	2297.64	9.1022	10.0448	1.95426	0.405933	2.13716	0	0	0.196558
setup	0	2024-04-03 23:00:00	0	11.3851	5.95453	9.00168e-05	0	0	0	5.6903e-05	0.000109595	0.000113739	4.18994e-09	0	0	0	0	4.19399	0	0.0133324	0	0.0607271	0.0969658	0.050662	5.06251e-05	3.65016e-05	493.19	40517.1	19018.8	28685.1	99.9643	447.885	90.4012	14.2299	12.3718	0	0	19.3252	4322.56	1437.88	2297.69	9.09378	10.0161	1.93828	0.412566	2.13155	0	0	0.190482
setup	0	2024-04-04 23:00:00	0	11.6523	6.06469	0.000181152	0	0	0	6.3571e-05	0.000120826	0.000112255	4.75109e-09	0	0	0	0	4.32008	0	0.0133151	0	0.0624689	0.100547	0.0541376	5.13069e-05	3.85375e-05	504.929	40516.7	19018.3	28685	100.168	446.66	89.5349	14.6753	12.3129	0	0	19.3001	4322.54	1437.87	2297.73	9.08448	9.98707	1.92175	0.421516	2.12454	0	0	0.186782
setup	0	2024-04-05 23:00:00	0	11.9149	6.16325	0.000166946	0	0	0	6.6624e-05	0.000123058	0.000111228	5.30584e-09	0	0	0	0	4.44995	0	0.0132978	0	0.0641684	0.103948	0.0572735	5.1708e-05	4.04927e-05	517.059	40516.2	19017.8	28684.9	100.406	445.443	88.6488	15.11	12.2904	0	0	19.275	4322.51	1437.86	2297.76	9.07493	9.95784	1.90481	0.431812	2.11623	0	0	0.182994
setup	0	2024-04-06 23:00:00	0	12.1768	6.47208	0.00016256	0	0	0	6.219e-05	0.000116121	0.000123384	4.18351e-09	0	0	0	0	4.58347	0	0.0132805	0	0.0656514	0.106478	0.0593871	5.96745e-05	4.23435e-05	529.592	40515.7	19017.2	28684.7	100.692	444.235	87.7647	15.45	12.1364	0	0	19.25	4322.48	1437.85	2297.81	9.06708	9.92835	1.88791	0.444519	2.1089	0	0	0.185282
setup	0	2024-04-07 23:00:00	0	12.4288	6.49184	0.000115218	0	0	0	7.12641e-05	0.000134635	0.000122808	5.03399e-09	0	0	0	0	4.72054	0	0.0132632	0	0.0674317	0.109737	0.062445	6.06292e-05	4.41667e-05	542.532	40515.2	19016.6	28684.6	101.004	443.035	86.8558	15.7777	12.1205	0	0	19.225	4322.45	1437.83	2297.85	9.06221	9.8986	1.87049	0.462742	2.0991	0	0	0.183473
setup	0	2024-04-08 23:00:00	0	12.6704	7.09184	0.000282319	0	0	0	5.47719e-05	0.000117685	0.000165739	2.94308e-09	0	0	0	0	4.86013	0	0.013246	0	0.0684297	0.110514	0.0625537	9.44399e-05	4.58993e-05	555.846	40514.2	19015.8	28684.2	101.376	441.845	85.9966	15.912	11.7069	0	0	19.2	4322.42	1437.82	2297.91	9.06211	9.8686	1.85417	0.476233	2.08708	0	0	0.200586
setup	0	2024-04-09 23:00:00	0	12.9017	6.97324	0.000537582	0	0	0	7.41136e-05	0.000156347	0.000160599	4.06257e-09	0	0	0	0	5.00323	0	0.0132288	0	0.0698398	0.113196	0.0655993	8.38088e-05	4.74236e-05	569.541	40513.6	19015.1	28683.9	101.751	440.664	85.0867	16.0766	11.5889	0	0	19.175	4322.39	1437.81	2297.95	9.0662	9.83834	1.83679	0.491513	2.07748	0	0	0.198781
setup	0	2024-04-10 23:00:00	0	13.1294	6.97174	0.000468648	0	0	0	8.0451e-05	0.00016557	0.000158923	4.93216e-09	0	0	0	0	5.1504	0	0.0132116	0	0.0708929	0.11513	0.0676373	8.66873e-05	4.87722e-05	583.626	40513	19014.6	28683.8	102.13	439.494	84.1565	16.2827	11.6029	0	0	19.1501	4322.36	1437.79	2298	9.07537	9.80783	1.81896	0.507291	2.06579	0	0	0.195243
setup	0	2024-04-11 23:00:00	0	13.3514	7.10188	0.000491233	0	0	0	8.43668e-05	0.00017141	0.000158713	5.65381e-09	0	0	0	0	5.30097	0	0.0131944	0	0.0715856	0.11643	0.0690387	8.82377e-05	5.0039e-05	598.111	40512.5	19014.1	28683.7	102.519	438.334	83.2154	16.4973	11.636	0	0	19.1252	4322.33	1437.78	2298.04	9.08942	9.77707	1.80088	0.519517	2.05384	0	0	0.195334
setup	0	2024-04-12 23:00:00	0	13.5675	7.09298	0.000317337	0	0	0	8.71688e-05	0.000174005	0.000156222	6.34375e-09	0	0	0	0	5.45423	0	0.0131772	0	0.0720644	0.117421	0.0699804	8.65691e-05	5.11586e-05	612.998	40512.1	19013.7	28683.8	102.907	437.185	82.2658	16.7395	11.8172	0	0	19.1003	4322.29	1437.76	2298.08	9.10701	9.74608	1.78258	0.529076	2.04219	0	0	0.192353
setup	0	2024-04-13 23:00:00	0	13.7784	7.12606	0.00027657	0	0	0	8.93606e-05	0.000174275	0.000152357	7.07642e-09	0	0	0	0	5.61051	0	0.0131601	0	0.0723896	0.118101	0.0705895	8.55878e-05	5.21824e-05	628.295	40511.9	19013.3	28684	103.282	436.048	81.3102	17.0395	12.0873	0	0	19.0755	4322.26	1437.75	2298.13	9.12687	9.71486	1.76413	0.537319	2.03079	0	0	0.189134
setup	0	2024-04-14 23:00:00	0	13.9835	7.3994	0.000232042	0	0	0	7.54004e-05	0.000151146	0.000167784	5.12707e-09	0	0	0	0	5.75967	0	0.013143	0	0.0725198	0.118411	0.0702746	9.67875e-05	5.33657e-05	644.004	40511.5	19012.9	28684	103.668	434.923	80.3821	17.3233	12.1985	0	0	19.0507	4322.22	1437.73	2298.17	9.14871	9.6834	1.74625	0.543877	2.01858	0	0	0.191319
setup	0	2024-04-15 23:00:00	0	14.1726	7.51968	0.000275374	0	0	0	8.83492e-05	0.000176942	0.000164858	6.10833e-09	0	0	0	0	5.90702	0	0.0131259	0	0.0727544	0.118978	0.070994	9.27744e-05	5.444e-05	660.129	40511.1	19012.5	28684.1	104.042	433.811	79.442	17.6596	12.3131	0	0	19.0259	4322.19	1437.72	2298.22	9.17217	9.6517	1.72809	0.55069	2.00611	0	0	0.192964
setup	0	2024-04-16 23:00:00	0	14.3542	7.44286	0.000293775	0	0	0	9.3319e-05	0.00018173	0.000159338	7.24739e-09	0	0	0	0.57373	6.05673	0.0121635	0.0131089	0	0.0729552	0.119047	0.0711712	9.13593e-05	5.52958e-05	676.677	40511	19012.3	28684.4	104.381	433.285	78.4968	18.0859	12.6077	0	0	19.0012	4322.15	1437.71	2298.27	9.19633	9.63193	1.70979	0.55814	1.99374	0	0	0.189933
setup	0	2024-04-17 23:00:00	0	14.5273	7.41122	0.000272264	0	0	0	9.67249e-05	0.00018202	0.000151098	8.50062e-09	0	0	0	0.665874	6.20443	0.0141038	0.0130918	0	0.0731629	0.118963	0.0711416	8.55139e-05	5.6043e-05	693.641	40511	19012.2	28685	104.669	432.863	77.5521	18.6442	13.0036	0	0	18.9765	4322.11	1437.69	2298.33	9.22033	9.61385	1.69144	0.56687	1.98137	0	0	0.18616
setup	0	2024-04-18 23:00:00	0	14.6886	7.50337	0.00012863	0	0	0	9.73453e-05	0.000158233	0.000115913	1.16381e-08	0	0	0	0.770868	6.35257	0.0163115	0.0130748	0	0.0750994	0.121939	0.0748286	6.03625e-05	5.78652e-05	711.024	40511.1	19012.2	28685.6	104.925	432.556	76.6206	19.5138	13.1707	0	0	18.9518	4322.08	1437.68	2298.39	9.23795	9.59766	1.67327	0.581952	1.96841	0	0	0.178766
setup	0	2024-04-19 23:00:00	0	14.848	7.07632	7.95036e-05	0	0	0	9.20271e-05	0.000136967	9.35033e-05	1.40804e-08	0	0	0	0.89016	6.50096	0.0188164	0.0130578	0	0.0771623	0.121059	0.0746849	4.75684e-05	5.85509e-05	728.826	40511.8	19012.7	28686.5	105.009	432.38	75.7012	20.7136	13.7443	0	0	18.9272	4322.04	1437.67	2298.41	9.24848	9.58371	1.65526	0.602902	1.95629	0	0	0.17418
setup	0	2024-04-20 23:00:00	0	14.9972	6.65691	3.22459e-05	0	0	0	8.87374e-05	0.00012069	7.44137e-05	1.69965e-08	0	0	0	1.0253	6.64809	0.02165	0.0130408	0	0.0789903	0.120178	0.0736314	3.48775e-05	5.87269e-05	747.045	40513	19013.6	28687.9	104.917	432.352	74.7988	22.2802	14.6778	0	0	18.9026	4321.99	1437.65	2298.42	9.25015	9.57234	1.63754	0.629518	1.94642	0	0	0.169977
setup	0	2024-04-21 23:00:00	0	15.1861	7.66294	3.73665e-09	0	0	0	8.64186e-05	0.000131937	0.000105613	1.24474e-08	0	0	0	1.17796	6.79436	0.0248459	0.0130239	0	0.0756094	0.129191	0.0774802	5.75977e-05	6.00161e-05	765.678	40513.4	19013.7	28688.6	105.081	432.487	73.9042	23.5587	14.7763	0	0	18.878	4321.96	1437.64	2298.44	9.25668	9.56386	1.61999	0.656125	1.93477	0	0	0.170763
setup	0	2024-04-22 23:00:00	0	15.4107	7.67276	1.12517e-08	0	0	0	9.60843e-05	0.000134639	9.59304e-05	1.5119e-08	0	0	0	1.34989	6.93386	0.0284397	0.0130069	0	0.0741238	0.123583	0.0751721	5.04308e-05	6.03198e-05	784.703	40513.9	19013.9	28689.5	105.23	432.805	73.0227	24.7944	15.0535	0	0	18.876	4321.92	1437.63	2298.49	9.27378	9.55865	1.60265	0.676717	1.92248	0	0	0.168985
setup	0	2024-04-23 23:00:00	0	15.661	6.8913	1.63842e-08	0	0	0	9.11163e-05	0.00011039	6.58369e-05	2.05012e-08	0	0	0	1.54295	7.03851	0.0324686	0.0130056	0	0.0800155	0.12116	0.0744443	2.89921e-05	6.06361e-05	803.993	40515.3	19015	28691.2	105.095	433.328	72.1651	26.4248	16.0812	0	0	18.9112	4321.88	1437.61	2298.52	9.27402	9.55721	1.5857	0.703989	1.91575	0	0	0.165104
setup	0	2024-04-24 23:00:00	0	15.6468	6.2628	2.65428e-08	0	0	0	8.69321e-05	9.56566e-05	4.66007e-05	2.68028e-08	0	0	0	1.75904	6.93001	0.0369717	0.0130298	0	0.0846502	0.121334	0.0717288	1.79488e-05	6.00195e-05	822.745	40517.2	19016.7	28693.3	104.703	434.079	71.3382	28.3961	17.51	0	0	18.9817	4321.83	1437.59	2298.52	9.25796	9.56005	1.56933	0.735689	1.91579	0	0	0.162377
setup	0	2024-04-25 23:00:00	0	15.3669	6.7351	3.5274e-08	0	0	0	8.66131e-05	9.22941e-05	4.87945e-05	2.68707e-08	0	0	0	1.99989	6.63454	0.0419891	0.0130784	0	0.0828592	0.126624	0.0745701	1.9096e-05	6.09184e-05	840.253	40518.3	19017.6	28694.5	104.306	435.081	70.5284	30.8762	17.6557	0	0	19.083	4321.78	1437.57	2298.5	9.23625	9.56765	1.55326	0.775833	1.91492	0	0	0.160771
setup	0	2024-04-26 23:00:00	0	15.3648	8.3263	4.17307e-08	0	0	0	9.62216e-05	0.000135516	0.00010018	2.19165e-08	0	0	0	2.2672	6.61122	0.0475623	0.0131482	0	0.0747212	0.145795	0.0857048	6.27277e-05	6.31649e-05	857.562	40517.9	19017	28694.4	104.488	436.354	69.715	32.3755	16.6063	0	0	19.2129	4321.74	1437.55	2298.52	9.22884	9.58051	1.53708	0.816442	1.90738	0	0	0.160444
setup	0	2024-04-27 23:00:00	0	15.9274	8.57246	4.32488e-08	0	0	0	9.99318e-05	0.000146275	0.000120102	1.72005e-08	0	0	0	2.56328	6.99996	0.0537333	0.0132377	0	0.0762447	0.139059	0.0845628	7.97295e-05	6.46314e-05	876.261	40517.6	19016.4	28694.7	104.866	437.926	68.9173	32.9452	16.4302	0	0	19.372	4321.71	1437.54	2298.61	9.24909	9.59922	1.52115	0.831155	1.90132	0	0	0.163178
setup	0	2024-04-28 23:00:00	0	16.1702	7.96283	4.43949e-08	0	0	0	0.000104139	0.000126601	8.3895e-05	2.42121e-08	0	0	0	2.89094	7.03915	0.0605446	0.0133473	0	0.0791134	0.1323	0.0823588	4.26932e-05	6.46082e-05	895.01	40517.9	19016.5	28695.6	104.949	439.831	68.1504	34.0546	16.6343	0	0	19.5626	4321.67	1437.53	2298.68	9.25498	9.62449	1.50573	0.858028	1.8959	0	0	0.161359
setup	0	2024-04-29 23:00:00	0	15.8975	6.33838	4.77537e-08	0	0	0	9.35187e-05	9.55965e-05	4.62625e-05	3.50907e-08	0	0	0	3.25173	6.76513	0.0680381	0.0134786	0	0.0874501	0.123272	0.0740037	1.92959e-05	6.26353e-05	912.606	40519.6	19018.1	28697.7	104.52	442.104	67.4265	35.7279	18.0916	0	0	19.7751	4321.62	1437.5	2298.7	9.24021	9.65708	1.49109	0.889448	1.89848	0	0	0.159435
setup	0	2024-04-30 23:00:00	0	14.8134	5.68926	4.69591e-08	0	0	0	9.04205e-05	8.73433e-05	3.17535e-05	5.30402e-08	0	0	0	3.64695	5.88079	0.0762554	0.013625	0	0.0950843	0.144605	0.0800717	1.30427e-05	6.24534e-05	926.676	40521	19019.6	28699.4	103.885	444.777	66.755	37.6365	19.008	0	0	20.0042	4321.56	1437.47	2298.67	9.15114	9.69771	1.47746	0.908096	1.88653	0	0	0.158092
setup	0	2024-05-01 23:00:00	0	13.5491	4.91803	4.58949e-08	0	0	0	8.46552e-05	7.3631e-05	2.11096e-05	6.59842e-08	0	0	0	4.07676	5.17544	0.0852364	0.0137829	0	0.0978374	0.120258	0.0688956	6.38938e-06	5.93654e-05	937.692	40522.6	19021.2	28701.2	103.122	447.88	66.1316	39.3385	20.2822	0	0	20.2455	4321.5	1437.44	2298.65	9.09648	9.74716	1.46473	0.925664	1.89009	0	0	0.154924
setup	0	2024-05-02 23:00:00	0	12.0955	4.43005	4.27258e-08	0	0	0	7.72281e-05	5.95401e-05	1.42481e-05	7.61832e-08	0	0	0	4.54465	4.30811	0.095019	0.0139491	0	0.0970986	0.11532	0.0576602	2.21433e-06	5.56207e-05	944.927	40523.7	19022.5	28702.6	102.283	451.444	65.554	40.8093	21.4491	0	0	20.4839	4321.45	1437.4	2298.63	9.04213	9.80622	1.45286	0.943452	1.90555	0	0	0.152089
setup	0	2024-05-03 23:00:00	0	11.1644	8.02663	3.71152e-08	0	0	0	7.73737e-05	0.00010835	0.00010419	2.74811e-08	0	0	0	5.05256	3.61845	0.105638	0.0141134	0	0.0777787	0.132102	0.0650589	4.32736e-05	5.71091e-05	949.149	40520.6	19019.8	28699.6	102.4	455.495	64.9523	42.3072	17.4114	0	0	20.7102	4321.41	1437.38	2298.58	9.03654	9.87543	1.44052	0.957612	1.91033	0	0	0.156265
setup	0	2024-05-04 23:00:00	0	12.2324	11.0182	3.42466e-08	0	0	0	9.25652e-05	0.000152755	0.000291917	1.21658e-08	0	0	0	5.60199	4.59066	0.117126	0.0142693	0	0.0633375	0.129653	0.0646031	0.000148893	5.93259e-05	957.542	40515.5	19014.8	28696	104.466	460.061	64.3293	39.1059	14.1776	0	0	20.9601	4321.38	1437.38	2298.81	9.13939	9.95547	1.4277	0.897927	1.89983	0	0	0.174606
setup	0	2024-05-05 23:00:00	0	14.9179	8.30183	3.45183e-08	0	0	0	0.000118031	0.000172562	0.000194758	1.55774e-08	0	0	0	6.19421	6.53381	0.129508	0.0144415	0	0.0663785	0.114864	0.059642	5.77747e-05	5.92179e-05	974.247	40515.1	19014.1	28696.8	105.496	465.199	63.7145	36.9101	15.6627	0	0	21.2396	4321.36	1437.38	2299	9.21556	10.0474	1.41486	0.850275	1.90279	0	0	0.16377
setup	0	2024-05-06 23:00:00	0	15.8115	10.66	3.34897e-08	0	0	0	7.93321e-05	0.00015446	0.00025546	7.54382e-09	0	0	0	6.8314	6.39421	0.142806	0.0146341	0	0.0629055	0.120089	0.0668607	0.000134917	6.41752e-05	990.4	40512.2	19011.3	28694.9	106.895	470.952	63.2354	34.7381	14.0974	0	0	21.5285	4321.34	1437.37	2299.14	9.2784	10.152	1.40486	0.826072	1.89368	0	0	0.191815
setup	0	2024-05-07 23:00:00	0	17.1165	8.09251	0.000100394	0	0	0	0.000121298	0.00018603	0.000158232	1.38839e-08	0	0	0	7.51213	7.50015	0.157036	0.0148331	0	0.0717524	0.11862	0.0675004	7.49491e-05	6.52291e-05	1011.12	40513	19011.9	28696.2	107.168	477.372	62.7289	34.4714	15.5046	0	0	21.8584	4321.31	1437.37	2299.19	9.30801	10.2704	1.39409	0.823055	1.89346	0	0	0.174715
setup	0	2024-05-08 23:00:00	0	16.5377	7.12082	5.08008e-05	0	0	0	0.000111518	0.00012531	8.91839e-05	2.72788e-08	0	0	0	8.24253	6.55436	0.172204	0.0150604	0	0.0785098	0.113805	0.0644452	2.97057e-05	6.49197e-05	1027.99	40513.8	19012.7	28697.4	106.857	484.514	62.2668	35.6584	16.0464	0	0	22.2085	4321.27	1437.36	2299.22	9.31616	10.4034	1.38411	0.834306	1.89449	0	0	0.167503
setup	0	2024-05-09 23:00:00	0	15.0742	5.30892	2.57442e-08	0	0	0	9.50102e-05	8.685e-05	3.91712e-05	5.28743e-08	0	0	0	9.0134	5.66392	0.188309	0.0153017	0	0.0895583	0.115289	0.0591529	9.39689e-06	6.33299e-05	1040.94	40515.6	19014.6	28699.4	106.112	492.415	61.8705	37.0129	17.7264	0	0	22.5688	4321.23	1437.33	2299.22	9.28998	10.5523	1.37539	0.854024	1.90869	0	0	0.163361
setup	0	2024-05-10 23:00:00	0	13.0818	4.39459	4.59699e-08	0	0	0	8.36144e-05	6.57786e-05	2.05983e-05	7.88236e-08	0	0	0	9.82864	4.37294	0.205341	0.0155499	0	0.0936883	0.110594	0.0496486	2.8007e-06	5.92579e-05	1048.14	40517	19016.3	28701.2	105.194	501.113	61.5456	38.2241	19.2944	0	0	22.9296	4321.18	1437.31	2299.22	9.25728	10.7178	1.36806	0.87313	1.92531	0	0	0.158208
setup	0	2024-05-11 23:00:00	0	11.2667	3.89715	4.26373e-08	0	0	0	7.46387e-05	5.16063e-05	1.23912e-05	1.0378e-07	0	0	0	10.6872	3.4204	0.223279	0.0157985	0	0.0957968	0.108059	0.0418452	7.39076e-07	5.49213e-05	1051.09	40518.1	19017.7	28702.6	104.206	510.641	61.286	39.2042	20.6744	0	0	23.2766	4321.13	1437.28	2299.22	9.22113	10.9008	1.362	0.890712	1.94422	0	0	0.154853
